,GSE296027_GSM8963607_plate_4_Pool_1_1_12_S3,GSE296027_GSM8963608_plate_4_Pool_2_13_24_S4,GSE296027_GSM8963618_plate_10_Pool_1_1_12_S14,GSE296027_GSM8963605_plate_1_Pool_1_1_12_S1,GSE296027_GSM8963617_plate_9_Pool_1_1_12_S13,GSE296027_GSM8963606_plate_1_Pool_2_13_24_S2,GSE296027_GSM8963619_plate_10_Pool_2_13_24_S15
-0.7320793812334205,0,1,0,0,0,0,0
-0.495914906198064,0,0,0,0,0,0,0
-0.4900512704588402,0,0,0,0,0,0,4
-0.4692532650401103,0,0,0,0,0,0,0
-0.4681268631945738,0,0,0,0,0,0,0
-0.45342948430455615,0,3,0,0,0,0,0
-0.4422469041347319,0,0,0,0,0,0,0
-0.4118447377514682,0,0,0,0,0,0,2
-0.38926810289093405,0,0,0,0,0,0,0
-0.3889521795473757,0,2,0,0,0,0,0
-0.3845818450506686,0,0,2,0,0,0,0
-0.3671401443080748,0,1,0,0,0,0,0
-0.3573946741689695,0,0,0,0,0,0,0
-0.3471294975657827,0,0,0,0,0,0,0
-0.3161238266714187,0,0,1,0,0,0,0
-0.29669137825760794,0,0,0,0,0,0,0
-0.2949059516396739,0,0,0,0,0,0,0
-0.24818720445640413,0,0,0,0,0,0,0
-0.24599215484811057,0,0,0,0,0,0,0
-0.2437301791307923,0,0,0,0,0,0,0
-0.22705592389407153,0,1,0,0,0,0,0
-0.22362336000333152,0,0,0,0,0,0,0
-0.21983696937600145,0,0,0,0,0,0,0
-0.2181712709286985,0,7,0,0,0,0,0
-0.1987688883908222,0,0,0,0,0,0,0
-0.18863493373632628,0,2,0,0,0,0,0
-0.1821549009395348,0,0,0,0,0,0,2
-0.168983104750439,0,0,0,4,0,0,0
-0.16228881949323806,0,0,0,0,0,0,0
-0.1604168059424553,0,1,0,0,0,0,0
-0.15108881025428952,0,0,0,0,0,0,0
-0.14349330551401251,0,0,0,0,0,0,0
-0.14228047884706616,0,2,0,0,0,0,0
-0.12742529261185043,0,0,0,0,0,0,0
-0.12555002319426173,0,0,0,0,0,0,0
-0.12301382620685179,0,0,0,0,0,0,2
-0.11243538997013673,0,0,0,0,0,0,0
-0.10913863896859968,0,0,0,0,0,0,1
-0.10696920726883984,0,0,0,0,0,0,0
-0.10327839396858224,0,0,0,0,0,0,0
-0.09993588799806682,0,0,0,0,0,0,0
-0.09794320137281697,0,0,0,0,0,0,4
-0.09767104703330574,0,0,2,0,0,0,0
-0.09694516904266982,0,0,0,0,0,0,3
-0.09298967131268639,0,3,0,0,0,0,0
-0.08837704708979045,0,0,0,0,0,0,0
-0.08194860096650547,0,2,0,0,0,0,0
-0.08093471536703754,0,0,0,4,0,0,0
-0.07214274819044886,0,3,0,0,0,0,0
-0.04411266117026862,0,2,0,0,0,0,0
-0.040085730964164415,0,0,0,0,0,0,0
-0.03816246223103976,0,0,0,0,0,0,0
-0.03527069031155797,0,3,0,0,0,0,0
-0.03459463044894558,0,0,0,0,0,0,0
-0.033047853363344086,0,0,0,0,0,0,0
-0.032467145306968495,0,0,0,0,0,0,0
-0.03149721317933482,0,0,0,0,0,0,0
-0.029331152393624257,0,0,0,0,0,0,0
-0.02862686716275752,0,0,0,0,0,0,0
-0.023521208837032372,0,0,0,0,0,0,0
-0.022348418198507598,0,0,0,0,0,0,1
-0.022055076914350817,0,0,0,0,0,0,0
-0.01725030633994467,0,1,0,0,0,0,0
-0.01377024387312206,0,0,0,0,0,0,0
-0.013310974333171827,0,0,0,0,0,0,3
-0.013022492237159474,0,0,0,0,0,0,0
-0.01168018115879653,0,2,0,0,0,0,0
-0.011162816367209283,0,0,1,0,0,0,0
-0.009851317836987311,0,0,0,0,0,0,0
-0.00806740730723787,0,0,0,0,0,0,0
-0.006920842763054087,0,0,0,0,0,0,0
-0.0039920093066175945,0,1,0,0,0,0,0
-0.0010994310951782352,0,0,0,0,0,0,0
0.0018016219122819013,0,0,0,0,0,0,0
0.0030045679724115468,0,0,0,0,0,0,0
0.009141674660852417,0,0,0,0,0,0,0
0.011060864134458085,0,0,0,0,0,0,6
0.012578779259612071,0,0,0,0,0,0,0
0.014403244147450351,0,0,1,0,0,0,0
0.015300113462240885,0,0,0,0,0,0,0
0.018571478091969743,0,0,0,0,0,0,4
0.020100675343089895,0,0,0,0,0,0,0
0.020709722412412354,0,0,0,0,0,0,0
0.021427881175828056,0,0,0,0,0,0,0
0.022552436240419967,0,0,0,0,0,0,0
0.02347334090439568,0,1,0,0,0,0,0
0.024371498443140998,0,0,0,0,0,0,0
0.02531772952365182,0,0,0,0,0,0,0
0.025522976285052082,0,2,0,0,0,0,0
0.02984082432039016,0,1,0,0,0,0,0
0.034177419161787584,0,0,0,0,0,0,0
0.035730769566872725,0,0,0,0,0,0,0
0.03739041767990346,0,0,0,0,0,0,0
0.03926071465221793,0,0,0,0,0,0,0
0.04167555457336666,0,0,0,0,0,0,0
0.04256035110083687,0,0,0,0,0,0,1
0.04332510995437602,0,0,0,0,0,0,0
0.0439518585646542,0,1,0,0,0,0,0
0.04401023325827373,0,1,0,1,0,0,0
0.04405641226864704,0,1,0,0,0,0,0
0.05015260739692961,0,0,0,0,0,0,0
0.05646457176921957,0,0,0,0,0,0,0
0.05881374474202043,0,0,0,0,0,0,0
0.058908146337143134,0,2,0,0,0,0,0
0.06017474504362603,0,0,0,0,0,0,0
0.061070230462927866,0,0,0,0,0,0,0
0.06347235772175731,0,2,0,0,0,0,0
0.06413872170373659,0,0,0,0,0,0,0
0.06929553583703328,0,2,0,0,0,0,0
0.07063706142978578,0,1,0,0,0,0,0
0.07396958341975705,0,1,0,0,0,0,0
0.07417295016392639,0,0,0,0,0,0,0
0.07839409802561145,0,2,0,0,0,0,0
0.07926515094461742,0,0,0,0,0,0,0
0.07985908332076216,0,0,0,0,0,0,0
0.07988013098410743,0,0,0,0,0,0,0
0.08055958480509859,0,0,0,0,0,0,0
0.08121004993942722,0,0,0,0,0,0,0
0.08167835958736286,0,0,0,0,0,0,0
0.08197998934828643,0,0,0,0,0,0,0
0.08459983712936797,0,0,1,0,0,0,0
0.08872193767985874,0,0,0,0,0,0,0
0.08970585315590902,0,0,0,0,0,0,3
0.08981530648268257,0,0,0,0,0,0,0
0.09036241377489354,0,0,0,0,0,0,0
0.09090985957217931,0,1,0,0,0,0,0
0.0926635932021312,0,2,0,0,0,0,0
0.09279593484690149,0,0,0,0,0,0,0
0.09377525872262754,0,1,0,0,0,0,0
0.09581394863885626,0,0,0,0,0,0,3
0.09598148538832191,0,1,0,0,0,0,0
0.09651089605206338,0,0,1,0,0,0,0
0.09943380557726597,0,2,0,0,0,0,0
0.09946731361581838,0,1,0,0,0,0,0
0.09970985683104422,0,0,0,0,0,0,0
0.10011297152755984,0,0,0,0,0,0,0
0.10015440420772426,0,0,0,0,0,0,1
0.10025526323327486,0,0,0,0,0,0,0
0.10048355422054976,0,0,1,0,0,0,0
0.10203272814453357,0,0,0,0,0,0,0
0.10369520478516014,0,0,0,0,0,0,0
0.10540083917884055,0,3,0,0,0,0,0
0.10692987754191623,0,3,0,0,0,0,0
0.11049824773863377,0,0,0,0,0,0,0
0.11104319497400114,0,0,1,0,0,0,0
0.11126687103593738,0,3,0,0,0,0,0
0.11137009718550593,0,0,0,0,0,0,2
0.11153286360481336,0,0,0,0,0,0,2
0.11272088630437115,0,0,0,0,0,0,0
0.1157006325667751,0,0,0,0,0,0,2
0.11844575711201874,0,0,3,0,0,0,0
0.1192504350033357,0,4,0,0,0,0,0
0.11957213617304768,0,1,0,0,0,0,0
0.11996974931570609,0,0,0,0,0,0,1
0.12357867265074932,0,2,0,0,0,0,0
0.12409040941661022,0,0,0,0,0,0,0
0.12431696653476049,0,0,0,0,0,0,0
0.12544986440955735,0,0,0,0,0,0,0
0.12669752459451947,0,0,0,0,0,0,0
0.1289657222264555,0,4,0,0,0,0,0
0.12976706321610532,0,0,0,0,0,0,4
0.13067828624137448,0,0,0,0,0,0,0
0.1319326399887864,0,0,0,0,0,0,0
0.1320116023915495,0,2,0,0,0,0,0
0.13247511818125546,0,0,0,0,0,0,0
0.1330743793398421,0,0,0,0,0,0,0
0.13316133220001788,0,0,0,0,0,0,0
0.13708819663104962,0,1,0,0,0,0,0
0.1380015251205921,0,2,0,0,0,0,0
0.13880229962083074,0,0,0,0,0,0,0
0.13891732646292895,0,0,0,0,0,0,0
0.13898155877828616,0,2,0,0,0,0,0
0.1390321600104577,0,0,0,0,0,0,0
0.13965491161044563,0,1,0,0,0,0,0
0.13983094148274913,0,0,0,0,0,0,0
0.13996486079501053,0,0,0,0,0,0,0
0.14075731518509402,0,0,0,0,0,0,0
0.1431679614398474,0,0,0,0,0,0,0
0.14330018541215475,0,0,0,2,0,0,0
0.143520883581863,0,0,0,0,0,0,3
0.1499608060955664,0,1,0,0,0,0,1
0.15055883286325614,0,3,0,0,0,0,0
0.15059038559241883,0,0,0,0,0,0,0
0.15230786368369995,0,0,0,0,0,0,0
0.1535234842281143,0,0,0,0,0,0,3
0.15373414081895295,0,0,0,0,0,0,0
0.1538506629271054,0,0,0,0,0,0,2
0.15556202127807642,0,5,0,0,0,0,0
0.15668726570790556,0,4,0,0,0,0,0
0.15817547017296296,0,0,0,0,0,0,4
0.15849051441606296,0,0,0,0,0,0,2
0.15902874488901658,0,3,0,0,0,0,0
0.15991277490607061,0,3,0,0,0,0,0
0.16066031520288038,0,0,0,0,0,0,0
0.1607414985030273,0,0,0,1,0,0,0
0.16141864116474486,0,0,0,0,0,0,3
0.16499257595913958,0,0,0,0,0,0,2
0.16652697461736954,0,0,0,0,0,0,0
0.16664503336231465,0,0,0,0,0,0,0
0.16858864579082775,0,1,0,0,0,0,0
0.1689830164091268,0,2,0,0,0,0,0
0.16960274211553433,0,1,0,0,0,0,0
0.1705224284747593,0,2,0,0,0,0,0
0.1708363936786624,0,2,0,0,0,0,0
0.17169117325723415,0,0,0,0,0,0,0
0.17272412328808776,0,0,0,0,0,0,0
0.17316359495997607,0,0,0,0,0,0,3
0.17399633198968814,0,0,0,0,0,0,0
0.17485279683200416,0,0,0,0,0,0,2
0.17661778374009804,0,0,0,0,0,0,1
0.17757286396566405,0,0,0,0,0,0,2
0.17828966435993474,0,0,1,0,0,0,0
0.17831785041514872,0,0,0,0,0,0,0
0.17929434530263727,0,0,0,0,0,0,2
0.17953828490328938,0,0,0,0,0,0,0
0.18016710415162956,0,0,0,0,0,0,0
0.181268768495964,0,3,0,0,0,0,0
0.18317952325517634,0,4,0,0,0,0,0
0.18399509456535015,0,3,0,0,0,0,0
0.18420879859616127,0,0,0,0,0,0,0
0.18500519251518988,0,0,0,0,0,0,1
0.1852383866649565,0,0,0,0,0,0,2
0.18572737161378064,0,0,0,0,0,0,0
0.1868116423968954,0,0,0,0,0,0,0
0.1869924766348036,0,0,0,0,0,0,0
0.18982967163977885,0,0,0,0,0,0,0
0.18995187737895522,0,4,0,0,0,0,0
0.19114003148872893,0,0,0,0,0,0,0
0.1912815719441728,0,1,0,0,0,0,0
0.1944318598294113,0,0,0,0,0,0,0
0.19664558122454462,0,2,0,0,0,0,0
0.19979337707749928,0,0,0,0,0,0,1
0.19999233492306642,0,0,0,0,0,0,4
0.2019749853870883,0,2,0,0,0,0,1
0.20252610715149788,0,0,0,0,0,0,0
0.20334081350538005,0,0,0,0,0,0,0
0.20370869369264694,0,0,0,0,0,0,0
0.204252504650655,0,2,0,0,0,0,0
0.20472744568749177,0,0,0,0,0,0,0
0.2055198430743799,0,0,0,0,0,0,0
0.20554927760783234,0,0,0,0,0,0,0
0.20697940768707557,0,0,0,0,0,0,2
0.2074457679849054,0,1,0,0,0,0,0
0.208457348911608,0,0,0,0,0,0,0
0.20883043163083717,0,0,0,0,0,0,2
0.2089589970391511,0,0,0,0,0,0,0
0.20959302437629515,0,2,0,0,0,0,0
0.21524327380508637,0,0,0,0,0,0,0
0.21622146222442268,0,0,0,0,0,0,2
0.21666460064767967,0,0,0,2,0,0,0
0.21748303263720975,0,0,0,0,0,0,4
0.21803180354958474,0,0,0,0,0,0,0
0.21867685012347732,0,2,0,0,0,0,0
0.21868576085089814,0,0,0,0,0,0,2
0.21915152023880347,0,0,0,0,0,0,0
0.2202548264500705,0,0,0,0,0,0,0
0.22056628678806994,0,0,0,0,0,0,0
0.22138180945012828,0,0,0,0,0,0,2
0.22164474803611778,0,0,0,0,0,0,0
0.2227973990632617,0,0,0,0,0,0,0
0.22319871694630802,0,0,0,0,0,0,0
0.2247920255419712,0,0,0,0,0,0,7
0.2251456243481888,0,0,0,0,0,0,1
0.22614809099656463,0,0,0,0,0,0,0
0.22675741514734699,0,2,0,0,0,0,0
0.22702614834842508,0,0,0,0,0,0,1
0.22740256060722178,0,0,0,0,0,0,0
0.22754543669050586,0,0,0,0,0,0,0
0.22765366178354624,0,0,0,0,0,0,0
0.22848832123686888,0,0,0,0,0,0,2
0.22979373146080942,0,1,0,0,0,0,0
0.23131793805593034,0,1,1,0,0,0,0
0.23205813083963095,0,0,0,0,0,0,0
0.23243661088617587,0,0,1,0,0,0,0
0.2353987115271163,0,0,0,0,0,0,2
0.23565633400331812,0,0,0,0,0,0,0
0.23597174234079812,0,0,0,0,0,0,2
0.23648209496700778,0,0,0,0,0,0,0
0.236872712880205,0,0,0,0,0,0,4
0.23745330370907747,0,0,0,0,0,0,0
0.237496039524602,0,2,0,0,0,0,0
0.23825725113114707,0,0,0,0,0,0,2
0.2389444949040159,0,3,0,0,0,0,0
0.23905181410300677,0,0,2,0,0,0,0
0.23994675307671132,0,0,0,0,0,0,0
0.2400354453837536,0,0,0,0,0,0,0
0.24128890694818295,0,0,0,0,0,0,0
0.24197255157280753,0,0,1,0,0,0,0
0.24334460384188983,0,0,0,0,0,0,0
0.24343897324050012,0,0,0,0,0,0,0
0.2442924438957656,0,0,0,0,0,0,0
0.24436716080457893,0,0,0,0,0,0,0
0.24497528023101237,0,0,0,0,0,0,3
0.2449768213346465,0,3,0,0,0,0,0
0.2450057224546187,0,0,0,0,0,0,0
0.24526127121247096,0,0,0,0,0,0,0
0.24560517935560144,0,2,0,0,0,0,0
0.24574035478664102,0,0,0,0,0,0,1
0.24628411926020727,0,0,0,0,0,0,0
0.2471514607142513,0,0,0,0,0,0,0
0.2485216485405676,0,0,0,0,0,0,0
0.24858951020448677,0,0,0,0,0,0,0
0.24894325029975392,0,0,0,0,0,0,0
0.24910255911416407,0,0,0,0,0,0,0
0.249459091318621,0,0,0,0,0,0,0
0.2498725306362349,0,0,0,0,0,0,0
0.2515429727495478,0,0,0,0,0,0,0
0.2523748131957391,0,0,0,0,0,0,0
0.2527010797714627,0,2,0,0,0,0,0
0.25387736696717406,0,0,0,0,0,0,0
0.2540317549148113,0,0,0,0,0,0,0
0.25489221267162565,0,3,0,0,0,0,0
0.25666152654953206,0,0,0,0,0,0,2
0.25689031481369373,0,2,0,1,0,0,0
0.25776086735484127,0,0,0,0,0,0,0
0.2581234122584869,0,0,0,0,0,0,0
0.2590160191984955,0,0,0,0,0,0,0
0.2590298950008797,0,0,0,0,0,0,0
0.2592889372759967,0,1,0,0,0,0,0
0.25941110048384897,0,3,0,0,0,0,0
0.25995871929929915,0,0,0,0,0,0,0
0.260975287102523,0,0,0,0,0,0,0
0.26123485158398535,0,0,0,0,0,0,0
0.2619318762647174,0,0,0,0,0,0,2
0.2622598044321918,0,10,0,0,0,0,0
0.2626643463385877,0,0,0,0,0,0,0
0.26279448746081957,0,0,0,0,0,0,4
0.26414003041474116,0,0,0,0,0,0,1
0.2641766545486992,0,0,0,0,0,0,0
0.2643693846846281,0,6,3,0,0,0,0
0.26515215663630853,0,0,0,0,0,0,0
0.2658769293471109,0,0,4,0,0,0,0
0.26691217498808395,0,0,0,0,0,0,0
0.2672231855262417,0,0,0,0,0,0,0
0.26741248640817683,0,0,0,0,0,0,2
0.2676843603386024,0,2,0,0,0,0,0
0.26814089244428985,0,0,0,0,0,0,2
0.2685332557651287,0,0,0,0,0,0,0
0.2685434449969002,0,2,1,0,0,0,0
0.27003388091932456,0,0,0,0,0,0,2
0.27028646133453094,0,12,0,0,0,0,0
0.27071032930730365,0,0,0,0,0,0,0
0.2711874283163188,0,0,0,0,0,0,0
0.27167752197551676,0,0,0,0,0,0,0
0.2720712497766089,0,0,0,0,0,0,0
0.2733003985187576,0,0,0,0,0,0,0
0.27363176005930606,0,0,0,0,0,0,3
0.27535832612331296,0,2,0,1,0,0,0
0.27562588556840095,0,0,0,0,0,0,1
0.27667617095593083,0,0,0,0,0,0,0
0.2768080962053214,0,0,0,0,0,0,0
0.27733580421608417,0,0,0,0,0,0,0
0.27784455169310235,0,0,0,0,0,0,3
0.27835265912811297,0,0,0,0,0,0,0
0.27837794536863025,0,3,0,0,0,0,0
0.27882608678894993,0,0,3,0,0,0,0
0.2790927196546284,0,2,0,0,0,0,0
0.27941685668959304,0,0,0,0,0,0,0
0.27974536995578064,0,0,0,0,0,0,0
0.280110813451448,0,0,0,0,0,0,0
0.280272081097441,0,0,0,0,0,0,0
0.2807726428432143,0,0,0,0,0,0,0
0.2810534057919195,0,6,0,0,0,0,0
0.2838228996349782,0,0,0,0,0,0,0
0.2846200691474554,0,0,0,0,0,0,0
0.2847691493817615,0,0,0,0,0,0,0
0.2855378906237642,0,2,0,0,0,0,0
0.28581710857489995,0,0,0,0,0,0,0
0.2860500904442538,0,0,0,0,0,0,0
0.28608331226271966,0,0,0,0,0,0,0
0.28629681592077993,0,0,0,0,0,0,2
0.2864828024955264,0,0,0,0,0,0,0
0.28660263798068497,0,0,1,0,0,0,0
0.28728220589405157,0,0,0,0,0,0,0
0.2880705056187687,0,0,0,0,0,0,0
0.2888827223411405,0,0,0,0,0,0,0
0.289226763052527,0,0,0,0,0,0,0
0.290803163771205,0,0,0,0,0,0,0
0.29102099578051055,0,1,0,0,0,0,0
0.2922562692513659,0,0,0,0,0,0,2
0.2931471679635134,0,0,0,0,0,0,0
0.2941026912134192,0,0,0,0,0,0,0
0.29472694093231055,0,0,0,0,0,0,4
0.29490511658905866,0,0,0,0,0,0,0
0.2950787428620253,0,0,0,0,0,0,0
0.29557990874451723,0,0,0,0,0,0,0
0.29584438218942927,0,0,0,0,0,0,0
0.2967245405590269,0,0,4,0,0,0,0
0.298271270152917,0,0,0,0,0,0,0
0.29882555300249997,0,0,3,0,0,0,0
0.29901864866022415,0,0,0,0,0,0,0
0.29943850034246833,0,0,0,0,0,0,0
0.2995783012795427,0,0,0,0,0,0,0
0.3001006946071276,0,0,0,0,0,0,3
0.3002396141171192,0,0,0,0,0,0,0
0.3010386857875175,0,0,0,0,0,0,3
0.30121400905939183,0,0,2,0,0,0,0
0.30169339791684047,0,0,2,0,0,0,0
0.30286348635702287,0,2,0,0,0,0,0
0.303334045374925,0,2,0,0,0,0,0
0.30435356242770617,0,0,0,0,0,0,0
0.3046859322446467,0,0,0,0,0,0,0
0.30503168403754083,0,0,0,0,0,0,0
0.30507029549351705,0,0,0,0,0,0,2
0.305639796527771,0,0,0,0,0,0,3
0.3057640458761105,0,0,0,0,0,0,0
0.3059451044682136,0,0,3,0,0,0,0
0.30654119403618557,0,0,0,0,0,0,0
0.3066778399106995,0,0,0,0,0,0,0
0.3077487684775603,0,0,0,0,0,0,2
0.30790933280350063,0,0,0,0,0,0,0
0.3096907493840907,0,0,0,0,0,0,0
0.30985417000330623,0,1,0,0,0,0,1
0.30992769836019146,0,0,0,0,0,0,4
0.310336381937708,0,0,0,0,0,0,3
0.3113667331750649,0,0,0,0,0,0,0
0.31152558355935306,0,0,0,2,0,0,0
0.31170149929854646,0,0,0,0,0,0,1
0.31288550393717685,0,0,0,0,0,0,0
0.31306819107157235,0,0,0,0,0,0,3
0.3132597668750775,0,0,0,0,0,0,0
0.3136153827181425,0,0,0,0,0,0,1
0.31377708403374754,0,0,0,0,0,0,2
0.31388927988314236,0,0,0,0,0,0,0
0.31402610396376684,0,0,0,0,0,0,0
0.3145737550148878,0,0,0,0,0,0,0
0.3146510469866608,0,0,0,0,0,0,2
0.3152033417281743,0,0,0,0,0,0,0
0.31535269899417717,0,4,0,0,0,0,0
0.3159167976346274,0,0,0,0,0,0,0
0.3165114566536932,0,0,0,0,0,0,3
0.3165833613751471,0,0,0,0,0,0,1
0.31886487241075157,0,0,0,0,0,0,0
0.3200675114993694,0,1,0,0,0,0,0
0.3204808307337053,0,0,0,0,0,0,2
0.32213504846930585,0,0,0,0,0,0,0
0.32215525950879303,0,0,0,0,0,0,0
0.32257349277492686,0,0,0,0,0,0,2
0.3225803821817605,0,0,0,0,0,0,2
0.32313568107540896,0,0,0,0,0,0,0
0.3239098025252456,0,0,0,0,0,0,0
0.32398854797209725,0,0,0,0,0,0,2
0.3246227377471906,0,0,0,0,0,0,0
0.32499569947141016,0,2,0,0,0,0,0
0.3255916166531713,0,0,0,0,0,0,0
0.32576056050838087,0,0,0,0,0,0,0
0.32586861733072586,0,1,0,0,0,0,0
0.3264229881199149,0,0,0,0,0,0,0
0.3265337464689565,0,0,0,0,0,0,2
0.32725490400818397,0,2,0,0,0,0,0
0.3274736261199454,0,0,0,0,0,0,0
0.32791618400736244,0,0,0,0,0,0,0
0.32836524297944936,0,0,0,0,0,0,0
0.3285113936453351,0,0,0,0,0,0,0
0.3285534040972239,0,2,0,0,0,0,0
0.33036903288415,0,5,0,0,0,0,0
0.33086678225848976,0,0,0,0,0,0,0
0.3312857231206994,0,0,0,0,0,0,0
0.3315641813618446,0,0,1,0,0,0,0
0.33170364995607876,0,0,0,0,0,0,3
0.33259674124021665,0,0,0,0,0,0,0
0.3333110672915873,0,0,0,0,0,0,0
0.3337541025747807,0,0,0,0,0,0,4
0.3346892562190927,0,1,0,0,0,0,0
0.3348103120556205,0,0,3,0,0,0,0
0.33583127848854993,0,0,0,0,0,0,0
0.33603230742200496,0,0,0,0,0,0,0
0.3365704181965133,0,0,0,0,0,0,1
0.33659221500223435,0,0,0,0,0,0,0
0.3367322060879506,0,0,0,0,0,0,0
0.33701225499487086,0,0,0,0,0,0,0
0.3375942838459465,0,1,0,0,0,0,4
0.33855434307400184,0,0,1,0,0,0,0
0.3390078390587132,0,0,0,0,0,0,0
0.3392561413959574,0,0,0,0,0,0,4
0.33998463893571923,0,0,0,0,0,0,0
0.3433492754881916,0,0,5,0,0,0,0
0.3438998328287073,0,0,0,0,0,0,0
0.34404086343623186,0,0,1,0,0,0,0
0.3444640869885452,0,0,0,0,0,0,2
0.34464030865159617,0,0,0,0,0,0,4
0.34469829913808747,0,9,0,0,0,0,0
0.34481153787541474,0,0,0,0,0,0,0
0.3454708439326018,0,4,0,0,0,0,1
0.34548898037063236,0,2,0,0,0,0,0
0.3454927275058257,0,0,2,0,0,0,0
0.3457349851398108,0,0,0,0,0,0,0
0.34621331458183235,0,0,0,0,0,0,0
0.3464418202670806,0,0,0,0,0,0,0
0.34704210207837016,0,1,1,0,0,0,0
0.3471488418053978,0,1,0,0,0,0,0
0.34850613548192255,0,1,0,0,0,0,3
0.34852284973178327,0,9,0,0,0,0,0
0.3485980245726862,0,0,0,0,0,0,2
0.3486936711198759,0,0,0,0,0,0,0
0.349162666502087,0,0,0,0,0,0,0
0.35069282399832935,0,0,1,0,0,0,0
0.35097684492811226,0,0,0,0,0,0,5
0.3514249669419177,0,0,2,0,0,0,0
0.35239835514967377,0,0,0,0,0,0,0
0.3524266222885673,0,0,0,0,0,0,0
0.3529104158708677,0,4,0,0,0,0,0
0.3531285670706049,0,0,0,0,0,0,0
0.35373478650475,0,2,0,0,0,0,0
0.3546270202746127,0,3,0,0,0,0,0
0.3555013851525405,0,0,0,0,0,0,3
0.3560237265963888,0,0,0,0,0,0,2
0.35636188616033876,0,4,0,0,0,0,0
0.35723028895854714,0,0,0,0,0,0,0
0.3573180673865779,0,0,0,0,0,0,0
0.3573895143953193,0,0,0,0,0,0,0
0.35753984875562017,0,0,2,0,0,0,0
0.3576403606654688,0,0,0,0,0,0,0
0.35999982599908287,0,0,0,0,0,0,0
0.36041861110799644,0,0,0,0,0,0,0
0.3615881556654137,0,2,1,1,0,0,0
0.3618613436117353,0,0,0,0,0,0,0
0.3621275398712541,0,3,0,0,0,0,3
0.3622618762232077,0,0,0,0,0,0,0
0.3623104376678669,0,0,0,0,0,0,0
0.36263168264299617,0,0,0,0,0,0,6
0.3637354862960292,0,0,0,0,0,0,2
0.36377449093094255,0,0,0,0,0,0,0
0.36389271085776226,0,4,0,0,0,0,0
0.3641565717515467,0,0,0,0,0,0,0
0.3642392071036244,0,0,0,0,0,0,0
0.3643460214803976,0,2,0,0,0,0,0
0.3644649233487717,0,0,0,0,0,0,0
0.3662925366975919,0,0,0,0,0,0,0
0.36703993606859575,0,12,0,0,0,0,0
0.3678931448596964,0,0,0,0,0,0,0
0.36798003150732145,0,0,0,0,0,0,4
0.36802491908778323,0,0,0,0,0,0,0
0.3680776550274887,0,0,0,0,0,0,3
0.36816935570923726,0,0,0,0,0,0,0
0.3683268997239444,0,3,0,0,0,0,0
0.36902834124052025,0,0,0,0,0,0,0
0.36930427474136945,0,0,0,0,0,0,0
0.3700329279068913,0,0,0,0,0,0,3
0.370840349754539,0,0,0,0,0,0,0
0.3715996444405972,0,0,0,0,0,0,0
0.37163424671419104,0,0,0,0,0,0,0
0.3716562127853557,0,0,0,0,0,0,0
0.3717886003307166,0,0,1,0,0,0,0
0.3719358688588143,0,0,1,0,0,0,0
0.37203309421987035,0,15,0,0,0,0,0
0.3722574843293267,0,2,0,0,0,0,0
0.3727382932731497,0,0,1,0,0,0,0
0.37362288572606844,0,0,0,0,0,0,0
0.37365427717035543,0,1,0,0,0,0,0
0.37369282329143233,0,0,0,0,0,0,0
0.37378885574296816,0,0,0,0,0,0,0
0.3743367212248872,0,0,0,0,0,0,0
0.37522047857450397,0,1,0,0,0,0,0
0.3757114812578928,0,0,0,0,0,0,0
0.37585777637668555,0,0,0,0,0,0,0
0.3759345047855691,0,1,0,0,0,0,0
0.3760291911559108,0,0,0,0,0,0,0
0.37629478579947573,0,1,0,0,0,0,0
0.37654406748954034,0,0,0,0,0,0,0
0.37673176314202206,0,0,0,0,0,0,0
0.37716913543128167,0,0,1,0,0,0,0
0.3774609135274049,0,0,0,0,0,0,0
0.3776642554001075,0,0,0,0,0,0,0
0.3780148685797285,0,10,0,0,0,0,0
0.3780417140633858,0,0,0,0,0,0,0
0.3780559335008192,0,0,0,0,0,0,0
0.37833652564735426,0,1,0,0,0,0,0
0.37931279745682817,0,0,0,2,0,0,0
0.379358801312632,0,0,0,0,0,0,0
0.3800129680582407,0,0,0,0,0,0,5
0.3800898490007569,0,0,0,0,0,0,3
0.3802736244876796,0,0,0,0,0,0,0
0.38052376388986103,0,0,3,0,0,0,0
0.38184624427077624,0,0,0,0,0,0,0
0.3819021180691301,0,13,0,0,0,0,0
0.38272560942063144,0,0,0,0,0,0,6
0.38301888854144867,0,0,0,0,0,0,0
0.3846335751579676,0,0,0,0,0,0,2
0.3851739610369619,0,6,0,0,0,0,0
0.38638688939052357,0,0,0,0,0,0,3
0.3865084362380517,0,0,0,0,0,0,0
0.38655310838710516,0,0,0,0,0,0,0
0.38713416050246446,0,0,0,0,0,0,2
0.38745124915217877,0,0,0,2,0,0,0
0.38801460523602777,0,0,0,0,0,0,0
0.38822910853498127,0,0,0,0,0,0,0
0.39067508586842525,0,0,0,0,0,0,0
0.39226714402350094,0,0,0,0,0,0,4
0.39240780651676144,0,0,0,0,0,0,7
0.39251436121562167,0,0,0,0,0,0,0
0.3927612417762245,0,0,0,0,0,0,0
0.39289444093398923,0,0,0,0,0,0,3
0.3932066861851455,0,0,1,0,0,0,0
0.3935445762653092,0,0,0,0,0,0,3
0.39393188503210946,0,0,0,2,0,0,0
0.3943520104918721,0,0,0,0,0,0,3
0.3952911643944223,0,0,0,0,0,0,0
0.39555878373225456,0,0,0,0,0,0,0
0.3958569165908883,0,0,1,0,0,0,0
0.39694063812411884,0,0,0,0,0,0,0
0.3970006242555354,0,0,0,0,0,0,0
0.39728938262094976,0,0,0,0,0,0,0
0.39742349618319506,0,0,0,0,0,0,3
0.3974545415255183,0,0,0,0,0,0,0
0.39760103902686456,0,0,0,0,0,0,0
0.3980924306472318,0,0,0,0,0,0,2
0.40006245619776704,0,0,0,0,0,0,0
0.4016722884177115,0,0,0,0,0,0,1
0.40247582592191083,0,0,3,0,0,0,0
0.4028683311088427,0,0,0,0,0,0,0
0.4030181282891652,0,0,0,0,0,0,0
0.40346727555279793,0,1,0,0,0,0,0
0.4062276584191678,0,0,0,0,0,0,0
0.4067186790334052,0,0,0,0,0,0,2
0.4067660278138839,0,0,0,3,0,0,0
0.40716776798854615,0,0,2,0,0,0,0
0.40891191879920413,0,4,0,0,0,0,0
0.40891974490666205,0,0,0,0,0,0,5
0.4090683679617912,0,0,0,0,0,0,0
0.4091719791872487,0,0,0,0,0,0,0
0.4094491234512284,0,0,0,0,0,0,3
0.4096052640010128,0,0,0,0,0,0,0
0.41004060589334446,0,0,0,0,0,0,0
0.41007569992369,0,1,0,0,0,0,0
0.4106604062223581,0,0,3,0,0,0,0
0.4109577002150902,0,0,0,0,0,0,0
0.41174214908618123,0,0,3,0,0,0,0
0.4120366700789507,0,0,0,0,0,0,0
0.4126799241411712,0,1,0,0,0,0,0
0.41402574594864067,0,1,0,0,0,0,0
0.4153276614493655,0,0,0,0,0,0,0
0.4153439813051698,0,0,0,0,0,0,0
0.4154330162849065,0,0,0,0,0,0,0
0.4155154471128394,0,0,0,0,0,0,0
0.4156669278677033,0,0,0,0,0,0,0
0.4158184436056627,0,0,0,0,0,0,0
0.4165659835151767,0,0,0,0,0,0,0
0.41683641212786976,0,0,0,0,0,0,0
0.4171422145436367,0,0,5,0,0,0,0
0.41718341477983123,0,0,0,0,0,0,0
0.4179427228079371,0,0,0,0,0,0,2
0.418179026418279,0,0,0,0,0,0,0
0.4185504537005046,0,0,0,0,0,0,0
0.41906908125329057,0,2,0,0,0,0,0
0.4192646262338655,0,0,0,3,0,0,0
0.4207159516515288,0,0,0,2,0,0,0
0.4208289147406601,0,0,0,2,0,0,0
0.4208308448410158,0,0,0,0,0,0,0
0.4213911507094004,0,0,0,0,0,0,1
0.4218844717901275,0,0,0,0,0,0,3
0.4222789978980265,0,0,0,0,0,0,0
0.42250952523698543,0,0,0,0,0,0,2
0.42296362994871733,0,0,0,0,0,0,0
0.42357820685515685,0,0,0,0,0,0,2
0.4239241845937206,0,5,0,0,0,0,2
0.4243421257251044,0,0,1,0,0,0,0
0.42460956183064125,0,0,0,0,0,0,3
0.42475575965594903,0,0,0,0,0,0,1
0.4249536783541207,0,0,0,0,0,0,0
0.42510671788937016,0,0,0,0,0,0,1
0.4255658224217904,0,0,0,0,0,0,0
0.42582073108089114,0,0,0,0,0,0,5
0.4260820415189515,0,0,0,0,0,0,2
0.42623461743524055,0,0,0,0,0,0,4
0.4263313360718254,0,0,0,0,0,0,0
0.42692534665946524,0,2,0,0,0,0,0
0.4272505929079884,0,0,1,0,0,0,0
0.4276929313242428,0,0,0,0,0,0,8
0.4280819634769288,0,3,0,0,0,0,0
0.42833647782994716,0,0,0,0,0,0,0
0.4284850850100466,0,2,0,0,0,0,0
0.4285831911310942,0,0,0,1,0,0,0
0.42862390001683753,0,0,0,0,0,0,0
0.4290657315986456,0,0,0,0,0,0,0
0.4290959539825166,0,0,0,1,0,0,0
0.4298603157485616,0,0,0,0,0,0,0
0.43054078999847334,0,0,0,0,0,0,0
0.43133796363191573,0,0,0,0,0,0,3
0.4317065553857514,0,0,0,0,0,0,0
0.43199702242271487,0,0,0,0,0,0,0
0.43207608871940073,0,0,2,0,0,0,0
0.43263078027751434,0,0,0,3,0,0,0
0.43294655988431835,0,0,1,0,0,0,0
0.43309319257500944,0,0,0,0,0,0,0
0.4335995884149274,0,0,0,0,0,0,0
0.4341732095608797,0,0,0,0,0,0,1
0.43461386477802344,0,0,0,0,0,0,2
0.4346365413666844,0,0,0,0,0,0,0
0.4356561390321986,0,0,0,0,0,0,0
0.4360596779434225,0,0,0,0,0,0,0
0.4365276225154296,0,0,0,0,0,0,3
0.4365473649854328,0,6,0,0,0,0,0
0.4365854267923803,0,0,1,0,0,0,1
0.43682287112985296,0,0,0,0,0,0,0
0.43695573453307873,0,0,0,0,0,0,0
0.4371240402574836,0,0,0,0,0,0,0
0.43735091158336076,0,0,0,0,0,0,0
0.43742020542855964,0,0,0,0,0,0,0
0.43778909535410926,0,0,0,0,0,0,3
0.4380972083550392,0,0,0,0,0,0,0
0.4382713181135346,0,1,0,0,0,0,0
0.43935270668926285,0,0,0,0,0,0,0
0.44002928270376773,0,0,0,0,0,0,2
0.44047605926873146,0,0,0,0,0,0,5
0.440555446983315,0,0,0,0,0,0,2
0.4406522266572738,0,1,0,0,0,0,0
0.4409312365202438,0,0,0,0,0,0,0
0.4411441587972581,0,0,0,0,0,0,0
0.44122899309555713,0,0,0,0,0,0,0
0.4414254418330563,0,0,0,0,0,0,0
0.44189463046520433,0,0,0,0,0,0,0
0.4420263116875766,0,3,0,0,0,0,0
0.4422712050126337,0,0,1,0,0,0,0
0.44272691503245937,0,0,0,0,0,0,0
0.442763286346148,0,0,0,0,0,0,0
0.4431508205606431,0,0,0,0,0,0,0
0.44332269725574325,0,0,0,1,0,0,0
0.4435714259092771,0,0,0,0,0,0,0
0.44427175258691887,0,0,0,0,0,0,0
0.4444155000203765,0,0,0,0,0,0,0
0.44498784041686124,0,0,0,0,0,0,1
0.44500629403079545,0,0,0,0,0,0,0
0.44512502379906527,0,3,0,0,0,0,0
0.44520495124119425,0,0,2,0,0,0,0
0.44566232917865883,0,0,0,0,0,0,0
0.44581847804592517,0,0,0,0,0,0,0
0.44621721611743376,0,4,0,0,0,0,0
0.44659967274443774,0,0,0,0,0,0,0
0.4471152926990393,0,0,0,0,0,0,0
0.4471920192369217,0,1,1,0,0,0,0
0.4473814472531259,0,0,0,0,0,0,0
0.4480073191634759,0,0,0,0,0,0,0
0.44829106413170244,0,0,0,2,0,0,0
0.44910045182540775,0,0,0,0,0,0,0
0.4491675736929033,0,0,0,0,0,0,0
0.4493819323761976,0,0,0,0,0,0,0
0.4498637592084309,0,0,0,0,0,0,1
0.45004425391264297,0,0,0,0,0,0,0
0.45086760088939093,0,0,0,0,0,0,3
0.45126219154464153,0,0,0,0,0,0,0
0.45145681301764,0,0,0,0,0,0,0
0.4521986175711294,0,0,0,0,0,0,3
0.45227193256475534,0,0,0,0,0,0,0
0.4529760248892387,0,0,0,0,0,0,0
0.4538152946569987,0,0,0,2,0,0,0
0.45402172175239447,0,0,0,0,0,0,0
0.45430670427946956,0,6,0,0,0,0,0
0.45481123236936116,0,0,0,0,0,0,0
0.4550215100659505,0,0,0,0,0,0,0
0.45854944355469657,0,0,0,1,0,0,0
0.4587076761238436,0,0,0,0,0,0,1
0.459364986598592,0,0,0,0,0,0,0
0.4595981733917344,0,5,0,0,0,0,0
0.46007643192714015,0,0,0,0,0,0,0
0.46013242937943233,0,0,1,0,0,0,0
0.46019716183173487,0,0,0,0,0,0,2
0.46048811727047784,0,1,1,0,0,0,2
0.4607092288988446,0,0,0,0,0,0,0
0.46092504520266436,0,0,0,0,0,0,0
0.46105142664318116,0,0,0,0,0,0,2
0.4613830878094102,0,1,0,0,0,0,0
0.4621942937057187,0,0,0,0,0,0,0
0.46239955800663374,0,0,0,0,0,0,3
0.4626785732808749,0,0,0,0,0,0,0
0.4638067791032481,0,0,0,0,0,0,5
0.4640240531257761,0,0,0,0,0,0,1
0.4640386758774452,0,3,0,1,0,0,1
0.4644553284674156,0,5,0,0,0,0,0
0.4648791719235484,0,0,0,0,0,0,0
0.4650484313696967,0,0,0,0,0,0,0
0.46507107583524804,0,0,0,0,0,0,0
0.4655403500570435,0,0,0,0,0,0,0
0.4656929956452901,0,0,0,0,0,0,0
0.4658521763512747,0,0,0,0,0,0,2
0.46701588786837955,0,1,0,0,0,0,0
0.4679149251592589,0,0,0,0,0,0,0
0.46795534279772544,0,0,0,0,0,0,0
0.4696178234422095,0,0,1,0,0,0,0
0.4696837714069733,0,0,0,0,0,0,0
0.4705712268508246,0,0,0,0,0,0,0
0.470861055382114,0,0,0,0,0,0,0
0.47096411440767666,0,0,2,0,0,0,0
0.4711242112054902,0,0,0,0,0,0,0
0.4711493299958258,0,0,1,0,0,0,0
0.47232390630927557,0,0,0,0,0,0,0
0.4725328576301191,0,0,0,2,0,0,0
0.4725670346047356,0,0,0,0,0,0,0
0.4728755226760933,0,2,0,0,0,0,1
0.47293290893891976,0,1,0,0,0,0,0
0.4730034838350201,0,1,0,2,0,0,0
0.4733444905111508,0,0,0,0,0,0,1
0.47370480979704943,0,0,0,0,0,0,0
0.47376362832230856,0,0,0,0,0,0,0
0.4739644662220808,0,4,0,0,0,0,0
0.4742548332683388,0,0,3,0,0,0,0
0.4752338962173394,0,0,0,0,0,0,0
0.47635423323141196,0,2,0,0,0,0,0
0.47669978020041226,0,0,0,0,0,0,0
0.47715047878344014,0,5,0,0,0,0,0
0.4771583947948024,0,0,0,0,0,0,2
0.4775520624990223,0,0,0,1,0,0,0
0.47839609894365626,0,0,0,0,0,0,4
0.47950557865151405,0,2,0,0,0,0,0
0.47975761625335284,0,0,0,0,0,0,0
0.4803564432547459,0,0,0,0,0,0,4
0.48040229300635173,0,2,0,0,0,0,0
0.4805813131047043,0,3,0,0,0,0,0
0.48062034208337473,0,4,0,0,0,0,0
0.4808536109657317,0,0,0,0,0,0,0
0.48144770184621133,0,0,0,0,0,0,0
0.4815905703614504,0,0,0,1,0,0,0
0.481753907311222,0,3,0,0,0,0,0
0.4818907672191275,0,0,0,0,0,0,5
0.4836284727788054,0,0,4,0,0,0,0
0.48365906329849995,0,0,0,4,0,0,0
0.48418732618857185,0,5,0,0,0,0,0
0.4842630463329451,0,0,0,0,0,0,0
0.4850716942226234,0,0,2,0,0,0,0
0.48645188522091526,0,1,0,0,0,0,4
0.4864730716357082,0,0,0,0,0,0,0
0.48688278808951424,0,0,0,0,0,0,0
0.4870805067137695,0,0,0,0,0,0,0
0.487390809558672,0,0,0,0,0,0,0
0.4874346477776974,0,0,0,0,0,0,0
0.48770338771846133,0,0,0,4,0,0,0
0.48780112428995004,0,0,0,0,0,0,0
0.4879232036643626,0,0,1,0,0,0,0
0.4880861749967753,0,0,0,0,0,0,0
0.4887380484508475,0,0,0,0,0,0,0
0.48893509750406217,0,0,3,0,0,0,0
0.489059722131015,0,0,0,0,0,0,0
0.48906535331408413,0,0,0,0,0,0,0
0.4895535141642358,0,0,0,0,0,0,0
0.48971670076965373,0,0,0,0,0,0,0
0.49004301339358447,0,0,0,0,0,0,0
0.4905167540841017,0,0,0,0,0,0,1
0.490870306115403,0,0,0,0,0,0,0
0.4909980021345754,0,0,0,0,0,0,0
0.49134982539386557,0,0,0,0,0,0,0
0.49151333542301084,0,0,0,0,0,0,0
0.49160899187733215,0,0,0,2,0,0,0
0.4917601325714163,0,9,0,1,0,0,1
0.4918867962089335,0,4,0,0,0,0,0
0.4924676654246628,0,0,0,0,0,0,5
0.4925696628701065,0,0,0,0,0,0,0
0.49263894878403564,0,0,0,0,0,0,0
0.49446015079477357,0,0,0,0,0,0,1
0.49469045720379395,0,0,0,0,0,0,0
0.4954439294615301,0,0,0,0,0,0,0
0.49580933152604956,0,0,2,0,0,0,0
0.4962655703190992,0,0,0,0,0,0,0
0.4965053410067662,0,1,0,0,0,0,0
0.49650819668480967,0,2,0,0,0,0,0
0.49725152693846897,0,0,0,0,0,0,0
0.49750345954206304,0,0,0,0,0,0,0
0.49774495097397864,0,0,0,0,0,0,0
0.4979093808872144,0,0,1,0,0,0,0
0.4980740562802058,0,0,0,0,0,0,0
0.4984031164502433,0,1,0,0,0,0,0
0.49848604559264553,0,4,0,0,0,0,0
0.49873247282931293,0,0,1,0,0,0,0
0.49877544884949077,0,5,0,0,0,0,0
0.4988236711813825,0,0,0,0,0,0,0
0.498908855935682,0,0,0,0,0,0,12
0.4996592920302522,0,0,0,0,0,0,4
0.500290302927597,0,0,0,0,0,0,5
0.5004479528925283,0,1,0,2,0,0,0
0.5008174643102112,0,0,0,0,0,0,0
0.5010124269140124,0,3,1,0,0,0,0
0.5013162148907785,0,2,0,0,0,0,1
0.5015356016900944,0,0,1,0,0,0,0
0.5015652760059662,0,0,0,0,0,0,0
0.5018872054592489,0,0,0,0,0,0,0
0.502673327230009,0,0,0,0,0,0,2
0.5030698513299314,0,0,0,0,0,0,0
0.5031467528432382,0,0,0,0,0,0,1
0.5035190980383403,0,0,0,0,0,0,0
0.5037250518011686,0,0,0,0,0,0,9
0.5039268743712015,0,0,0,0,0,0,0
0.5048435547848812,0,0,1,0,0,0,0
0.5052524133512813,0,0,0,0,0,0,0
0.5053903643641643,0,2,0,0,0,0,0
0.505662156004137,0,0,0,0,0,0,0
0.5059547297992543,0,3,0,0,0,0,0
0.5060037870289583,0,0,1,0,0,0,0
0.5060053028650641,0,0,0,0,0,0,0
0.5062437533812657,0,0,0,0,0,0,0
0.5073104681603114,0,0,0,0,0,0,0
0.5077245098966147,0,0,0,0,0,0,0
0.5082816920938257,0,0,0,0,0,0,2
0.5089236785632547,0,0,0,0,0,0,0
0.5090295925861704,0,0,0,0,0,0,0
0.5091602733621278,0,0,0,0,0,0,0
0.51007518644596,0,0,3,1,0,0,0
0.5101619662572943,0,0,7,0,0,0,0
0.5107354274376743,0,0,0,0,0,0,5
0.5119928924621329,0,0,0,0,0,0,0
0.5122557326609094,0,0,1,0,0,0,0
0.5123269082968226,0,0,0,0,0,0,0
0.5128275546061628,0,0,0,0,0,0,0
0.5128392959472713,0,0,0,0,0,0,0
0.5141803998724734,0,0,0,0,0,0,0
0.514775833828058,0,2,0,0,0,0,0
0.5157343884893468,0,0,0,0,0,0,4
0.5158381799628187,0,0,0,0,0,0,0
0.5158791516534532,0,0,0,0,0,0,0
0.5169075941119746,0,0,0,0,0,0,0
0.5170901047151913,0,4,0,0,0,0,0
0.5186897224609348,0,0,0,0,0,0,0
0.518840696252334,0,2,0,0,0,0,0
0.5188734799808725,0,0,0,0,0,0,0
0.5195400401131438,0,0,0,2,0,0,0
0.5196699107320979,0,0,0,0,0,0,5
0.5200346338694326,0,0,0,0,0,0,0
0.5200733296223091,0,0,0,0,0,0,3
0.5204755162813639,0,0,0,0,0,0,0
0.5206578923057914,0,0,0,0,0,0,0
0.5208295998259433,0,0,0,0,0,0,5
0.5211157376777835,0,0,0,0,0,0,0
0.5213811727724608,0,0,0,0,0,0,0
0.5217634394816885,0,0,0,0,0,0,8
0.5222396428758602,0,0,0,0,0,0,0
0.5224883265507321,0,0,0,0,0,0,0
0.52272949628045,0,0,0,0,0,0,0
0.5235425985276053,0,0,0,0,0,0,3
0.5240796623033139,0,0,0,0,0,0,0
0.5242011866437296,0,3,0,0,0,0,0
0.5242485644889195,0,0,1,0,0,0,0
0.5244517233486904,0,0,1,0,0,0,0
0.5250073394618319,0,0,0,0,0,0,6
0.5251715272520846,0,5,0,0,0,0,0
0.5256010487317463,0,0,1,0,0,0,0
0.5260082128159894,0,4,0,0,0,0,0
0.526395712782746,0,0,0,0,0,0,0
0.5265405000376537,0,0,0,0,0,0,0
0.5266694588471721,0,0,0,0,0,0,0
0.5275886993523196,0,0,0,0,0,0,2
0.5282882604785475,0,0,0,0,0,0,1
0.5284816906296305,0,0,0,0,0,0,0
0.528795584799066,0,1,0,0,0,0,0
0.5302227737701837,0,2,0,0,0,0,0
0.5308583610667073,0,1,0,0,0,0,0
0.5309076838857292,0,0,0,0,0,0,0
0.5316703626188685,0,1,0,0,0,0,0
0.532050057136562,0,0,0,0,0,0,0
0.532655545888632,0,0,0,0,0,0,9
0.5331493510515724,0,0,0,0,0,0,0
0.5332004951634411,0,0,0,0,0,0,0
0.5339362823004316,0,0,0,0,0,0,0
0.534094232999437,0,0,0,0,0,0,0
0.5356306465716932,0,0,0,0,0,0,0
0.5356686229365805,0,0,0,0,0,0,0
0.5364853574903441,0,0,0,0,0,0,0
0.5366564473015971,0,1,0,0,0,0,0
0.5372340227044289,0,0,2,0,0,0,0
0.5377809378641827,0,0,6,0,0,0,0
0.5381968083524772,0,0,0,0,0,0,0
0.5384727830758412,0,17,0,0,0,0,0
0.5385950478011315,0,0,0,0,0,0,0
0.5390839035091505,0,0,0,0,0,0,0
0.5392210564615719,0,0,0,0,0,0,0
0.5395912245534459,0,0,0,0,0,0,0
0.5397185020720007,0,0,0,2,0,0,0
0.5400780009484584,0,0,0,1,0,0,0
0.5403835833951203,0,0,0,0,0,0,3
0.5407791334623485,0,0,0,0,0,0,6
0.5411847035454472,0,1,0,0,0,0,0
0.5417705043130358,0,0,0,0,0,0,0
0.54228327368593,0,0,0,0,0,0,7
0.5423636625888971,0,0,0,0,0,0,3
0.5423674436633221,0,0,0,0,0,0,0
0.5424216265526393,0,0,0,0,0,0,4
0.5425990058483766,0,0,0,0,0,0,0
0.5432174446243038,0,0,0,1,0,0,1
0.5434140721197056,0,0,0,0,0,0,0
0.5437508694654152,0,1,0,0,0,0,0
0.5439371545443078,0,5,0,1,0,0,0
0.5440345848543469,0,0,0,0,0,0,0
0.5441262059943628,0,0,0,0,0,0,0
0.5448774262122268,0,0,0,2,0,0,0
0.5453803209541852,0,5,0,0,0,0,0
0.5457653276794183,0,0,0,0,0,0,3
0.5458158915242605,0,0,0,0,0,0,0
0.546171777853495,0,0,0,0,0,0,0
0.5463304498283854,0,0,0,0,0,0,0
0.5478874651421756,0,0,0,0,0,0,0
0.5480084311106609,0,0,0,0,0,0,0
0.5480851575884135,0,0,0,0,0,0,0
0.5488943229760024,0,0,0,0,0,0,4
0.5492439885144536,0,0,1,0,0,0,0
0.5494677741685665,0,5,0,0,0,0,0
0.5510411630364986,0,0,0,0,0,0,0
0.5525415251116472,0,0,0,0,0,0,0
0.5525862460036357,0,13,0,0,0,0,0
0.5527866724642677,0,0,0,0,0,0,7
0.5530374359387981,0,0,0,0,0,0,0
0.5533117388292786,0,10,0,0,0,0,0
0.5533854095476204,0,0,0,0,0,0,0
0.5538313998064209,0,0,4,0,0,0,0
0.5544250138097299,0,0,0,1,0,0,0
0.5556587906483565,0,0,0,0,0,0,0
0.5558666409386742,0,0,0,0,0,0,1
0.5561430846485268,0,0,0,0,0,0,0
0.5562644361274984,0,0,0,0,0,0,3
0.5568818132260939,0,0,0,0,0,0,1
0.5570441336153995,0,0,0,0,0,0,0
0.557218688126619,0,0,0,0,0,0,3
0.5575192271331051,0,0,0,0,0,0,2
0.5575677675403944,0,0,0,0,0,0,0
0.5581114425889977,0,0,0,0,0,0,6
0.5592130394112759,0,0,0,0,0,0,3
0.5592527664877285,0,0,3,0,0,0,0
0.5596657353245934,0,0,0,0,0,0,0
0.5599075492114873,0,0,0,0,0,0,3
0.5601906521254338,0,0,0,0,0,0,0
0.561056579126738,0,0,0,1,0,0,0
0.5612308570261372,0,0,0,0,0,0,2
0.5621114158300708,0,0,0,2,0,0,6
0.562529713793142,0,0,0,1,0,0,0
0.5626453960135028,0,0,0,0,0,0,0
0.5631048053197684,0,0,0,0,0,0,2
0.5636990595794714,0,2,0,0,0,0,0
0.5641643686577842,0,0,0,0,0,0,0
0.5642265246097553,0,0,0,2,0,0,0
0.5642863290431179,0,0,0,2,0,0,0
0.564929189439834,0,5,0,0,0,0,0
0.5650667048692721,0,0,2,0,0,0,0
0.5651443369624408,0,0,0,0,0,0,0
0.5654627480421539,0,0,0,0,0,0,4
0.5663383966455912,0,0,1,0,0,0,0
0.5669481235721365,0,0,0,0,0,0,3
0.5673965207001984,0,0,0,0,0,0,0
0.5675940996916846,0,1,0,0,0,0,3
0.5680740646548748,0,0,0,0,0,0,0
0.5684548211860946,0,0,0,0,0,0,1
0.5687896508044074,0,8,0,0,0,0,0
0.5691624140714072,0,0,0,0,0,0,0
0.5693377332205263,0,0,1,0,0,0,0
0.569516569808226,0,0,0,0,0,0,3
0.5696163104994406,0,0,0,0,0,0,0
0.569765919896045,0,0,0,0,0,0,0
0.5700449346121128,0,0,0,0,0,0,1
0.5702765984526625,0,0,3,0,0,0,0
0.570398830488314,0,0,0,1,0,0,0
0.5704336808549781,0,0,0,1,0,0,0
0.5709778064781706,0,0,0,0,0,0,0
0.5710130841492814,0,0,1,0,0,0,4
0.5710320870456179,0,2,0,0,0,0,0
0.5711066230042896,0,0,0,0,0,0,0
0.571637829945211,0,0,0,0,0,0,0
0.5720505391592026,0,0,0,0,0,0,4
0.5722792113442197,0,0,0,0,0,0,0
0.5728782926480807,0,0,0,0,0,0,0
0.5732802324493359,0,0,0,0,0,0,3
0.5735967306946878,0,0,0,0,0,0,0
0.5736201024703184,0,0,0,2,0,0,0
0.5738337958244519,0,0,0,0,0,0,0
0.5738366865897235,0,0,0,0,0,0,1
0.5742981412351652,0,0,0,3,0,0,0
0.5744144697718537,0,0,0,0,0,0,0
0.5746304897613479,0,0,0,0,0,0,0
0.5748309718803107,0,0,0,0,0,0,0
0.5755248098803047,0,0,0,0,0,0,2
0.5756294332291412,0,0,0,0,0,0,14
0.5765444641493552,0,0,0,0,0,0,0
0.5767857735194549,0,0,0,0,0,0,0
0.5769654033414627,0,0,0,0,0,0,2
0.5771382741557897,0,0,3,0,0,0,0
0.5771435607639674,0,0,0,0,0,0,0
0.5772258923656466,0,0,0,0,0,0,0
0.5772388442609824,0,0,0,2,0,0,0
0.5777530603141069,0,0,0,0,0,0,1
0.577962894700913,0,0,0,0,0,0,0
0.5783021216379892,0,0,4,0,0,0,0
0.5790349863937271,0,0,0,0,0,0,0
0.5790485378144602,0,0,1,0,0,0,0
0.5790696096699083,0,0,1,1,0,0,0
0.5795759648180925,0,0,0,0,0,0,0
0.5796406474359889,0,0,0,0,0,0,0
0.5797974922860046,0,4,0,0,0,0,0
0.5802522322043313,0,0,0,0,0,0,0
0.5803296880979838,0,0,0,2,0,0,0
0.5803314210570049,0,0,0,1,0,0,0
0.5804952473981896,0,0,0,0,0,0,1
0.58106917397514,0,0,0,0,0,0,0
0.5817649737283621,0,0,2,0,0,0,0
0.5817991137624228,0,0,0,0,0,0,0
0.5824939865248875,0,16,16,0,0,0,1
0.5829591092392873,0,0,0,0,0,0,0
0.582997524817992,0,0,0,0,0,0,0
0.5832171503962224,0,0,0,2,0,0,0
0.5832295745711634,0,4,0,0,0,0,0
0.5832366022471926,0,0,0,0,0,0,0
0.5837547763021226,0,0,0,0,0,0,0
0.5843249107039475,0,0,0,0,0,0,0
0.58451897322922,0,0,0,0,0,0,0
0.5850105335316943,0,0,0,0,0,0,0
0.5850337265880277,0,0,0,0,0,0,0
0.5850673822668551,0,0,0,0,0,0,4
0.5851901650901356,0,0,0,0,0,0,0
0.5857265656829458,0,0,0,1,0,0,5
0.5862904115673293,0,0,0,0,0,0,0
0.5863311608750374,0,0,0,0,0,0,0
0.586769577651022,0,1,0,0,0,0,0
0.5871315726447116,0,0,0,2,0,0,0
0.5875238603242349,0,0,0,0,0,0,0
0.5875246889674124,0,12,0,0,0,0,5
0.5878201874339628,0,0,0,3,0,0,0
0.5882209293236959,0,0,0,0,0,0,0
0.5883351221976912,0,0,0,0,0,0,0
0.589122100652721,0,0,0,0,0,0,0
0.5891474766256043,0,0,0,0,0,0,0
0.5891698718789499,0,0,0,0,0,0,0
0.5893278368365862,0,0,0,0,0,0,1
0.5894410019456492,0,5,0,0,0,0,0
0.5901474903497088,0,1,0,0,0,0,0
0.590482655736394,0,5,0,0,0,0,0
0.5912840853608409,0,0,0,0,0,0,0
0.5913128349716475,0,0,0,0,0,0,0
0.5913781216110076,0,2,0,0,0,0,0
0.5914914438364341,0,0,0,0,0,0,2
0.591923135059823,0,7,0,0,0,0,0
0.5922164393948586,0,0,0,0,0,0,0
0.5923528637214022,0,0,0,0,0,0,0
0.5927590354114737,0,0,0,0,0,0,0
0.5927737766989659,0,5,0,0,0,0,0
0.5928765834574099,0,0,0,0,0,0,0
0.5930130890952615,0,0,0,0,0,0,6
0.5931412941201091,0,0,0,0,0,0,0
0.5931961432674211,0,0,0,0,0,0,0
0.5933991461240641,0,0,0,0,0,0,0
0.5934174298254109,0,1,0,0,0,0,2
0.5934521442026974,0,0,3,0,0,0,0
0.5946211854141044,0,0,0,0,0,0,0
0.5947592441493753,0,0,0,0,0,0,0
0.5950763124142844,0,0,3,0,0,0,0
0.5951091113694111,0,12,0,0,0,0,0
0.5951561342827217,0,7,7,0,0,0,0
0.5954762919469083,0,0,0,0,0,0,0
0.5955781256666621,0,0,2,0,0,0,0
0.595874584335324,0,0,0,0,0,0,0
0.5959663403157279,0,0,1,0,0,0,1
0.5960307204277144,0,0,0,0,0,0,7
0.5966456981836664,0,0,0,0,0,0,0
0.5967104398643064,0,1,0,0,0,0,0
0.5976551850224812,0,1,0,0,0,0,0
0.5980188353271035,0,0,0,0,0,0,2
0.5982924346436019,0,0,0,0,0,0,0
0.5986421124268815,0,0,0,0,0,0,0
0.5986632410319697,0,0,0,0,0,0,0
0.5987467629433441,0,0,0,0,0,0,0
0.5989249851906179,0,0,0,0,0,0,0
0.5995573965898902,0,0,0,0,0,0,0
0.5999420012231254,0,2,0,0,0,0,0
0.60148165755307,0,2,0,2,0,0,1
0.6020277064996461,0,0,0,0,0,0,0
0.6024021202429886,0,0,0,0,0,0,0
0.6026389285012905,0,0,0,0,0,0,0
0.6027582522979233,0,0,0,2,0,0,0
0.6033882686879575,0,3,3,0,0,0,0
0.6033909076474238,0,0,0,3,0,0,0
0.6034913350506222,0,0,0,0,0,0,0
0.6036846004077182,0,0,0,0,0,0,2
0.6037275213647317,0,0,0,2,0,0,0
0.6038551572243236,0,0,0,0,0,0,0
0.6040487328488141,0,0,0,0,0,0,4
0.6045870090902633,0,0,0,0,0,0,0
0.6046005473669656,0,0,0,0,0,0,0
0.6048274399769761,0,2,2,0,0,0,4
0.605009954766934,0,0,0,1,0,0,0
0.6052401763742962,0,0,0,0,0,0,0
0.6054119698979891,0,0,0,0,0,0,0
0.6060258098298705,0,0,0,0,0,0,0
0.6060849586724724,0,0,0,0,0,0,0
0.6061094940945191,0,0,0,0,0,0,0
0.6061635016992353,0,0,0,0,0,0,0
0.6063579361908373,0,0,0,0,0,0,1
0.6066025209789863,0,0,0,0,0,0,0
0.6073439872699116,0,0,0,0,0,0,5
0.6075054854181664,0,0,0,1,0,0,1
0.6077036527981354,0,0,0,0,0,0,0
0.6078504219839889,0,5,0,0,0,0,0
0.6079562480692158,0,0,0,0,0,0,0
0.6079843687872758,0,0,0,0,0,0,0
0.6080786122381047,0,0,0,0,0,0,0
0.6084384078334862,0,0,0,0,0,0,0
0.6084393196890922,0,0,0,0,0,0,0
0.608496974419582,0,0,0,0,0,0,1
0.60875217858211,0,0,0,0,0,0,0
0.6087826841473332,0,0,0,0,0,0,0
0.6088200919546821,0,15,0,0,0,0,0
0.609021105131564,0,3,0,0,0,0,0
0.6091096792682942,0,0,0,2,0,0,0
0.6091485919448579,0,0,0,0,0,0,0
0.6093576133264627,0,0,0,0,0,0,1
0.6095300007548261,0,0,0,0,0,0,12
0.6095423806845127,0,0,0,0,0,0,0
0.609685257146916,0,2,0,0,0,0,0
0.6100903888123608,0,0,0,0,0,0,8
0.6100935906355228,0,0,0,0,0,0,3
0.6104618887219709,0,0,0,0,0,0,0
0.6106855384637474,0,0,0,0,0,0,0
0.6108301427080078,0,1,0,0,0,0,0
0.6110036488036084,0,3,0,0,0,0,0
0.6111175852045129,0,0,0,0,0,0,0
0.6112076620311029,0,0,0,0,0,0,0
0.6117009420004857,0,0,0,0,0,0,0
0.6118866325146315,0,0,0,0,0,0,0
0.6119359171802131,0,0,1,0,0,0,0
0.612072814862728,0,0,0,0,0,0,0
0.6121203098330545,0,0,0,0,0,0,0
0.6131213866783913,0,0,0,3,0,0,0
0.6132275130576581,0,0,0,0,0,0,0
0.6139621342832632,0,0,0,0,0,0,0
0.613985857307948,0,0,0,0,0,0,10
0.6141249725494993,0,0,0,0,0,0,0
0.6147888647743395,0,0,0,0,0,0,0
0.6150757237647149,0,0,0,0,0,0,0
0.6151596700644267,0,0,0,0,0,0,6
0.615634600386325,0,1,0,0,0,0,0
0.6158157657004593,0,0,0,0,0,0,0
0.6158268456408593,0,0,0,0,0,0,0
0.6159046168198583,0,0,0,0,0,0,0
0.6159338931647905,0,0,0,0,0,0,0
0.6161825199917303,0,0,0,0,0,0,0
0.6165567116517617,0,0,0,0,0,0,0
0.6168882747257523,0,5,1,0,0,0,0
0.6170627065651287,0,0,0,3,0,0,0
0.6181333939769695,0,0,0,0,0,0,8
0.6185427849013515,0,0,0,0,0,0,4
0.6186874139792389,0,0,0,3,0,0,0
0.6187053833915134,0,0,0,0,0,0,3
0.619286750640799,0,2,0,0,0,0,0
0.6193621954256373,0,8,0,0,0,0,0
0.6194886416475738,0,0,0,0,0,0,0
0.6201955759022892,0,0,0,0,0,0,7
0.6208263283486397,0,0,0,0,0,0,0
0.6210102513947997,0,0,0,0,0,0,15
0.6213669252526174,0,0,5,0,0,0,0
0.6214771451575313,0,5,0,0,0,0,0
0.6215070370125301,0,0,0,0,0,0,2
0.6217573365804213,0,0,1,0,0,0,0
0.62224925289608,0,0,0,0,0,0,0
0.6222884450863252,0,0,0,0,0,0,4
0.6224822286764287,0,0,0,0,0,0,0
0.6233338761000817,0,0,0,0,0,0,0
0.623598223849443,0,0,0,0,0,0,0
0.6236211541967692,0,0,0,0,0,0,0
0.6245999473930279,0,0,1,0,0,0,0
0.6249278668362729,0,0,0,0,0,0,1
0.6249338198725303,0,1,0,0,0,0,0
0.625110996329701,0,0,0,0,0,0,7
0.6251148109067461,0,0,0,0,0,0,0
0.6254884530002666,0,0,0,0,0,0,0
0.6255626358486224,0,0,0,0,0,0,0
0.6256367053963131,0,0,0,0,0,0,0
0.626184519358896,0,0,0,0,0,0,0
0.6261983127677002,0,0,0,0,0,0,0
0.6262366789609854,0,0,0,0,0,0,0
0.6263435263869166,0,0,0,0,0,0,4
0.6264651010543815,0,1,0,0,0,0,0
0.6271090255986415,0,0,0,0,0,0,0
0.6273594191506747,0,0,0,0,0,0,0
0.6287754430153936,0,0,0,0,0,0,0
0.6290462146011979,0,0,0,1,0,0,0
0.6294287899802316,0,0,7,0,0,0,0
0.6310221687230306,0,0,0,0,0,0,0
0.6313045070442345,0,0,0,0,0,0,0
0.6313224662312912,0,0,0,0,0,0,1
0.6313680254705458,0,0,0,2,0,0,0
0.6314879442228833,0,0,0,3,0,0,0
0.6316048723406683,0,0,0,0,0,0,0
0.6320521922154608,0,1,0,0,0,0,0
0.6322418761927469,0,0,0,0,0,0,0
0.6322584582382563,0,0,0,0,0,0,20
0.6328000558818053,0,2,0,0,0,0,0
0.632804965796347,0,0,0,0,0,0,1
0.6329719835836225,0,0,1,0,0,0,0
0.6331176210236162,0,1,0,0,0,0,0
0.6331548515248959,0,0,0,0,0,0,0
0.6331585928758859,0,0,0,0,0,0,0
0.6331720904653251,0,0,0,0,0,0,0
0.6333566369130603,0,1,0,0,0,0,1
0.6333699753009386,0,0,0,0,0,0,1
0.6338764553913949,0,0,2,0,0,0,3
0.6339352708392327,0,0,0,0,0,0,0
0.6341275478777961,0,0,0,0,0,0,0
0.6347341325742417,0,0,4,0,0,0,2
0.635078384116565,0,0,0,2,0,0,5
0.6350930203178254,0,0,0,0,0,0,0
0.6353194012870361,0,0,0,0,0,0,2
0.6356051402590878,0,0,0,0,0,0,2
0.6363888865543168,0,0,0,0,0,0,0
0.6366255096927289,0,0,0,0,0,0,0
0.6367669717341159,0,0,0,0,0,0,0
0.6373739304332385,0,7,0,0,0,0,0
0.637615332698384,0,0,0,0,0,0,5
0.6379015935658823,0,0,0,0,0,0,0
0.6380772955532531,0,0,0,0,0,0,0
0.6381789691492571,0,9,0,1,0,0,0
0.6385885374005258,0,0,0,0,0,0,3
0.638828632908299,0,0,0,0,0,0,0
0.6390701612830624,0,0,0,0,0,0,0
0.6391334691207503,0,0,4,0,0,0,0
0.6398717501608184,0,0,0,0,0,0,0
0.6399018162629049,0,0,0,0,0,0,0
0.6399909068584194,0,0,0,0,0,0,0
0.6400023355275083,0,0,0,0,0,0,0
0.6401752632169676,0,2,0,0,0,0,0
0.6402803970361374,0,0,0,0,0,0,0
0.6406141803882088,0,2,0,0,0,0,0
0.6412526565700252,0,0,0,0,0,0,1
0.6413879929816486,0,0,0,0,0,0,0
0.641693909204794,0,3,0,0,0,0,0
0.6427810794613357,0,0,0,0,0,0,0
0.6429871570552989,0,0,0,0,0,0,0
0.6433335031660062,0,1,0,0,0,0,0
0.6437857968944006,0,0,0,0,0,0,1
0.6438703622429427,0,0,0,0,0,0,2
0.643976098130489,0,0,0,0,0,0,0
0.644264737851033,0,1,0,0,0,0,0
0.6447380343480558,0,0,0,0,0,0,0
0.6447571280065557,0,0,0,0,0,0,0
0.6448273155846631,0,1,0,0,0,0,1
0.6449493222362427,0,0,0,0,0,0,1
0.6454134811517767,0,0,0,0,0,0,0
0.6457530741710859,0,0,0,0,0,0,0
0.6458818753405953,0,0,0,0,0,0,0
0.646272796390236,0,0,0,0,0,0,0
0.647054325358533,0,0,0,0,0,0,0
0.6473251644027034,0,0,0,0,0,0,3
0.64740918660855,0,0,0,0,0,0,0
0.648123999000442,0,0,0,0,0,0,3
0.6482900305954618,0,13,0,0,0,0,0
0.6489628225997445,0,0,0,0,0,0,0
0.6490639949201252,0,0,0,0,0,0,0
0.6492178046951903,0,0,0,0,0,0,0
0.6493217557281673,0,0,0,0,0,0,0
0.64951324204886,0,0,0,0,0,0,2
0.6497019196257349,0,0,0,0,0,0,0
0.6501676796280713,0,0,0,0,0,0,0
0.6506626365633383,0,0,0,0,0,0,1
0.6509272055831772,0,11,0,0,0,0,0
0.6510355206383768,0,0,0,0,0,0,0
0.6510476198943733,0,0,0,0,0,0,0
0.6510481976247601,0,0,0,0,0,0,0
0.6512676294200741,0,0,0,0,0,0,3
0.6514545856788587,0,0,0,0,0,0,2
0.6515002233439575,0,0,0,0,0,0,0
0.6520357312397743,0,0,0,0,0,0,0
0.6520590534095203,0,0,0,0,0,0,0
0.6525997286227952,0,0,7,0,0,0,0
0.6527879857881157,0,0,0,0,0,0,0
0.6529193615579957,0,0,0,0,0,0,1
0.6532390016089251,0,2,0,0,0,0,0
0.6535506460221924,0,0,0,0,0,0,0
0.6537340903176502,0,0,0,0,0,0,0
0.6540816123967486,0,0,0,0,0,0,0
0.6541494887359587,0,0,0,0,0,0,4
0.6541697184197328,0,0,0,0,0,0,0
0.654311181086504,0,0,0,0,0,0,3
0.6551010893995064,0,0,0,0,0,0,1
0.6555469914707189,0,0,0,0,0,0,2
0.6556586644975106,0,1,0,0,0,0,0
0.65647604589646,0,0,0,0,0,0,3
0.6566223864068932,0,0,0,0,0,0,0
0.6570752988153201,0,0,0,0,0,0,0
0.6572283219093675,0,0,0,0,0,0,2
0.6573922531418501,0,2,0,0,0,0,0
0.657586974720003,0,0,0,0,0,0,0
0.6577681535962822,0,0,0,0,0,0,2
0.6579986690082001,0,0,0,0,0,0,0
0.6582392339604266,0,0,0,0,0,0,1
0.658246158478109,0,1,2,0,0,0,0
0.6582676803326372,0,0,6,0,0,0,0
0.6586311466654416,0,24,0,0,0,0,0
0.6587457445965015,0,0,0,0,0,0,0
0.6591322551773883,0,0,0,0,0,0,0
0.6592774182496729,0,0,0,0,0,0,0
0.6596307194730345,0,0,0,0,0,0,0
0.6597581578442447,0,0,0,0,0,0,2
0.6598252912405131,0,0,0,0,0,0,1
0.6599361837003226,0,0,0,0,0,0,0
0.6599729987660057,0,0,0,0,0,0,0
0.6600564629216817,0,14,0,0,0,0,0
0.6600740912374709,0,0,0,0,0,0,1
0.6601906312635494,0,0,0,0,0,0,6
0.6604863402058669,0,0,0,0,0,0,0
0.6606799696163576,0,0,0,1,0,0,0
0.6610862625681706,0,0,0,0,0,0,8
0.6621087392281426,0,0,0,0,0,0,0
0.6622301238894376,0,0,0,0,0,0,0
0.662253381698608,0,0,0,2,0,0,0
0.6622884464115766,0,0,0,1,0,0,0
0.6634778192270652,0,0,0,0,0,0,0
0.6635883813933956,0,0,0,0,0,0,0
0.6637825261751599,0,0,0,0,0,0,0
0.6640695280603136,0,0,0,2,0,0,0
0.664619217782708,0,7,0,4,0,0,0
0.6649485440999066,0,0,0,0,0,0,0
0.6650533979928459,0,0,3,5,0,0,0
0.6650794666178554,0,0,0,0,0,0,0
0.6655501074499454,0,0,0,0,0,0,0
0.6656058984460952,0,0,0,0,0,0,0
0.6659246685002266,0,0,4,0,0,0,0
0.6659520821644718,0,0,0,0,0,0,3
0.6661951478685776,0,0,4,0,0,0,0
0.6662886603961071,0,0,0,0,0,0,0
0.6663105712813109,0,1,0,0,0,0,0
0.6666023665313242,0,0,0,0,0,0,0
0.6668118632255787,0,0,0,0,0,0,2
0.6673614732274404,0,0,0,0,0,0,0
0.6676884952933301,0,0,0,0,0,0,11
0.6677730162304029,0,0,5,2,0,0,8
0.6682593787462722,0,0,0,0,0,0,1
0.6683048054143329,0,6,0,0,0,0,0
0.6685553785668121,0,0,0,0,0,0,0
0.6696258438651441,0,0,0,3,0,0,0
0.669671476533674,0,1,0,0,0,0,0
0.6698756453609114,0,0,0,0,0,0,0
0.6699943887497184,0,0,0,0,0,0,12
0.6700311455745296,0,0,0,0,0,0,4
0.6701393304985181,0,2,0,0,0,0,0
0.6701828432903497,0,0,0,0,0,0,0
0.6702120616797135,0,0,0,0,0,0,0
0.6702609994893199,0,1,0,0,0,0,0
0.6703188217382899,0,0,0,0,0,0,0
0.6704795198287326,0,0,0,0,0,0,0
0.6707987623614378,0,0,0,0,0,0,0
0.6714013212583594,0,0,0,0,0,0,0
0.67208855563407,0,0,0,0,0,0,0
0.6722185750545304,0,0,0,0,0,0,0
0.673148315376036,0,0,0,0,0,0,0
0.673164821542254,0,0,5,0,0,0,0
0.6734958023605337,0,0,0,0,0,0,0
0.6735407668190315,0,0,0,0,0,0,0
0.6735895948549377,0,0,0,1,0,0,0
0.6738920230224614,0,0,3,2,0,0,0
0.6741291353597142,0,0,1,0,0,0,0
0.6744515805663499,0,0,0,0,0,0,0
0.6745295348470846,0,0,0,0,0,0,0
0.6745984191847705,0,1,2,0,0,0,0
0.674764663732103,0,7,0,0,0,0,0
0.6751911828784887,0,0,0,0,0,0,0
0.6754753663891692,0,0,0,0,0,0,5
0.6755038291357761,0,0,1,0,0,0,0
0.6756136619408873,0,0,0,0,0,0,0
0.6757164623724256,0,0,0,0,0,0,0
0.6758968742200007,0,0,0,0,0,0,1
0.6772916149181879,0,1,2,0,0,0,0
0.6778904525356065,0,4,0,0,0,0,0
0.6779889533252671,0,0,0,0,0,0,11
0.6781373527333348,0,0,0,0,0,0,7
0.6788497835704144,0,0,0,1,0,0,0
0.6790673787657485,0,0,0,0,0,0,2
0.6790851833924472,0,0,0,0,0,0,0
0.6792441470141193,0,0,0,0,0,0,0
0.6801314447263018,0,0,0,0,0,0,5
0.6801873887577718,0,0,0,0,0,0,2
0.6804620813851934,0,0,0,0,0,0,0
0.6807380462225767,0,29,0,0,0,0,0
0.6810208602909791,0,0,0,0,0,0,0
0.6812212845120282,0,0,14,0,0,0,3
0.6813856645703088,0,0,0,0,0,0,0
0.6815429208270264,0,0,0,5,0,0,0
0.6825475138913544,0,0,0,0,0,0,3
0.6825839117078185,0,0,0,0,0,0,0
0.682723487013171,0,8,0,0,0,0,0
0.6829493717854274,0,0,0,0,0,0,0
0.6831968731915892,0,0,0,0,0,0,2
0.6835451471213363,0,3,0,0,0,0,0
0.683620731244829,0,0,0,0,0,0,3
0.683764191426447,0,0,0,0,0,0,0
0.6838126569762853,0,6,0,0,0,0,0
0.6842447107470218,0,0,4,0,0,0,0
0.6845839511542297,0,0,0,0,0,0,0
0.6848427058463294,0,0,0,0,0,0,6
0.6852411776119448,0,0,2,0,0,0,0
0.6857725499240858,0,0,0,0,0,0,0
0.6860862241688789,0,0,0,0,0,0,0
0.686319227793364,0,0,0,0,0,0,0
0.6866267767164826,0,0,7,0,0,0,0
0.6868177564292399,0,0,2,0,0,0,0
0.6868311868256207,0,0,0,0,0,0,0
0.6869764018613158,0,0,0,0,0,0,0
0.6871537110192084,0,0,0,0,0,0,3
0.6872133400186011,0,7,0,0,0,0,0
0.6878599004373528,0,0,0,0,0,0,0
0.687974511518902,0,0,0,0,0,0,0
0.6882434371486538,0,2,0,0,0,0,0
0.6882866602601431,0,0,0,0,0,0,4
0.6883277292829697,0,0,0,0,0,0,1
0.6883586682387316,0,0,0,0,0,0,0
0.6892003724319026,0,2,0,0,0,0,0
0.6892505781369684,0,0,0,1,0,0,0
0.689386433344082,0,0,0,0,0,0,0
0.6895002770021299,0,0,0,0,0,0,0
0.6895374461484786,0,0,0,0,0,0,0
0.6901017875947694,0,0,0,0,0,0,3
0.6911492148096798,0,0,0,0,0,0,0
0.6913488924349471,0,0,0,3,0,0,0
0.6924248773202557,0,0,0,0,0,0,8
0.6925473760654383,0,0,0,0,0,0,2
0.6929080842204287,0,0,0,0,0,0,2
0.6931471805599453,0,0,0,0,0,0,0
0.6937464134706421,0,0,0,0,0,0,1
0.6938153940311782,0,0,0,0,0,0,0
0.6938175984822559,0,0,0,0,0,0,0
0.6939054491088249,0,4,4,0,0,0,0
0.6939444311962459,0,0,0,0,0,0,0
0.6940362830436516,0,0,2,0,0,0,0
0.6941476320512003,0,0,0,0,0,0,0
0.6943478378843883,0,0,0,0,0,0,0
0.6944274987766387,0,0,0,0,0,0,0
0.6945564605002512,0,0,0,0,0,0,4
0.6945632385035639,0,0,0,0,0,0,0
0.6946545785249062,0,2,0,0,0,0,0
0.6950492496611691,0,0,0,0,0,0,9
0.6953497927018181,0,0,0,0,0,0,0
0.6957983805199178,0,0,0,0,0,0,0
0.6961570566306325,0,0,0,0,0,0,0
0.6962630328819484,0,0,0,2,0,0,0
0.6962734422037778,0,0,0,0,0,0,3
0.6963095747664668,0,9,5,0,0,0,0
0.6975273605766451,0,3,0,0,0,0,0
0.6977577851143006,0,0,0,0,0,0,0
0.6978131993336483,0,0,0,0,0,0,6
0.6979267914704934,0,0,0,0,0,0,0
0.6981194252954572,0,0,0,0,0,0,15
0.6981770845049622,0,0,0,0,0,0,0
0.6983608670952686,0,0,0,0,0,0,0
0.6985035349859184,0,0,0,0,0,0,0
0.6987179128263922,0,0,0,0,0,0,8
0.6989640350244429,0,0,0,0,0,0,0
0.6992235304933214,0,0,0,0,0,0,0
0.6994569477197587,0,0,0,0,0,0,0
0.6995678723031454,0,0,0,0,0,0,0
0.6995992705700114,0,2,0,0,0,0,0
0.6997690651003747,0,0,0,0,0,0,0
0.6999179091651915,0,0,0,0,0,0,2
0.7003059293411474,0,0,0,0,0,0,0
0.7005744957925402,0,0,0,0,0,0,0
0.7006579937701619,0,0,0,0,0,0,9
0.700797456445835,0,21,0,0,0,0,0
0.700900583690001,0,0,0,0,0,0,8
0.7009088918143874,0,1,0,0,0,0,0
0.7011639916372457,0,1,0,0,0,0,0
0.7011950499885812,0,0,0,0,0,0,0
0.7014485200259963,0,0,0,0,0,0,0
0.7017132867978145,0,0,2,0,0,0,0
0.7018223465916109,0,2,0,0,0,0,0
0.7022369442515021,0,0,0,0,0,0,0
0.7025954184109038,0,0,0,0,0,0,2
0.7036230703625566,0,0,0,0,0,0,0
0.7036656541875239,0,1,0,0,0,0,0
0.7038090306410952,0,0,0,0,0,0,0
0.7043047879126155,0,0,0,2,0,0,0
0.7047274542234376,0,0,0,0,0,0,0
0.7049111288566513,0,4,0,0,0,0,0
0.7049832690340984,0,0,1,0,0,0,0
0.7051538458827218,0,0,0,0,0,0,0
0.7054222590707993,0,0,0,0,0,0,0
0.7055597369962802,0,0,1,0,0,0,2
0.7056132865961011,0,0,0,0,0,0,0
0.7058597136058687,0,0,0,0,0,0,2
0.7059051828490885,0,1,0,2,0,0,0
0.706346697582068,0,0,0,0,0,0,3
0.7064305279191496,0,0,0,0,0,0,2
0.7071550599783613,0,0,0,0,0,0,0
0.7075290093366314,0,0,0,0,0,0,1
0.707734726237659,0,0,0,1,0,0,0
0.7082396388226998,0,1,0,0,0,0,7
0.7086092769092361,0,0,0,0,0,0,1
0.7087484816344408,0,0,0,0,0,0,4
0.7092571034622769,0,10,2,0,0,0,0
0.7099367974109212,0,0,0,1,0,0,0
0.7099685093571827,0,0,0,2,0,0,0
0.7100900285205599,0,0,0,0,0,0,1
0.7103467318809125,0,0,0,0,0,0,0
0.7110337922984874,0,0,8,0,0,0,0
0.7112339583665211,0,4,0,0,0,0,0
0.7113693379774327,0,2,0,0,0,0,0
0.7120073443429749,0,5,3,0,0,0,0
0.7124648106752328,0,0,0,0,0,0,0
0.7125339155130443,0,0,0,0,0,0,0
0.712818010988904,0,1,4,0,0,0,7
0.7138937175401462,0,12,0,0,0,0,0
0.7139657883498495,0,0,0,0,0,0,0
0.714281529432342,0,0,0,0,0,0,0
0.7143861176871613,0,0,0,0,0,0,0
0.7145368083797331,0,0,2,0,0,0,0
0.7146768756936326,0,1,0,0,0,0,4
0.7156043461829487,0,34,0,0,0,0,0
0.7160109957894982,0,0,0,0,0,0,0
0.7166052122316677,0,0,0,0,0,0,0
0.7166401324063352,0,0,0,0,0,0,0
0.7168646929808956,0,0,0,0,0,0,6
0.7170667460864045,0,1,1,0,0,0,0
0.7187723274461855,0,5,0,0,0,0,6
0.7189220280231753,0,0,0,0,0,0,0
0.7189474709860622,0,1,0,0,0,0,6
0.7193449427736447,0,0,0,0,0,0,0
0.7194043280657707,0,0,1,1,0,0,1
0.7199655506940428,0,0,0,0,0,0,0
0.7202003477418808,0,3,0,0,0,0,0
0.7203598030477846,0,0,0,0,0,0,0
0.7207239442429493,0,0,0,0,0,0,3
0.7210412557095363,0,0,5,0,0,0,0
0.7211787481856895,0,0,0,0,0,0,6
0.7212126877146922,0,1,0,0,0,0,0
0.7213634282924355,0,0,0,0,0,0,3
0.7215465266974068,0,0,0,0,0,0,0
0.7216148657339353,0,20,0,0,0,0,0
0.7219190221219229,0,0,0,0,0,0,0
0.7221333188586575,0,0,3,0,0,0,0
0.7222030904298374,0,0,0,0,0,0,2
0.7225193199841284,0,0,0,0,0,0,0
0.7225950482349774,0,0,0,3,0,0,0
0.7234003519197352,0,0,0,0,0,0,0
0.7234215219467482,0,0,0,0,0,0,3
0.7235084932940531,0,6,0,0,0,0,0
0.7235661864664341,0,0,0,0,0,0,13
0.7236982314327471,0,0,0,0,0,0,0
0.723995215420217,0,0,0,0,0,0,11
0.7240188085288558,0,0,0,0,0,0,0
0.724098980854806,0,0,0,0,0,0,0
0.7245848060002618,0,14,0,1,0,0,0
0.7249317023585522,0,2,0,0,0,0,5
0.7251289661413506,0,0,0,0,0,0,0
0.7251593200561889,0,0,0,0,0,0,0
0.7254637242024715,0,0,0,1,0,0,0
0.7256465522674627,0,0,0,0,0,0,0
0.7261153564378553,0,0,0,0,0,0,0
0.7264545753796169,0,0,0,0,0,0,7
0.726497107747691,0,0,0,0,0,0,1
0.7272841385480242,0,0,0,0,0,0,0
0.7273247071814081,0,0,0,0,0,0,0
0.7275129875014023,0,0,0,0,0,0,0
0.7275184764730437,0,7,2,0,0,0,3
0.7275317802907312,0,0,0,3,0,0,0
0.7276046855879063,0,0,1,0,0,0,0
0.7278418433497302,0,0,0,0,0,0,0
0.7279457594003822,0,3,0,0,0,0,0
0.7280095720662217,0,0,0,0,0,0,2
0.7288320424328141,0,6,0,0,0,0,0
0.729063006358441,0,0,0,0,0,0,0
0.7295588663474372,0,7,0,0,0,0,0
0.7295764352401,0,13,0,0,0,0,6
0.7295997323708135,0,0,0,0,0,0,6
0.7296962361750161,0,0,0,2,0,0,0
0.7300186225212695,0,0,0,0,0,0,1
0.7303867927220823,0,9,0,1,0,0,0
0.7306440795167467,0,4,0,0,0,0,0
0.7309430533721883,0,0,0,0,0,0,3
0.731097232518662,0,0,0,0,0,0,0
0.7315953725123411,0,0,0,0,0,0,0
0.732011023925062,0,0,0,3,0,0,0
0.7321784759361606,0,0,0,0,0,0,0
0.7325120907932224,0,0,0,0,0,0,0
0.7326675451279117,0,0,0,1,0,0,1
0.7327844807851422,0,0,0,2,0,0,0
0.7328692166245031,0,0,0,0,0,0,1
0.7329200632453993,0,9,0,0,0,0,0
0.7331775387497769,0,0,0,0,0,0,10
0.7335721021850231,0,0,0,2,0,0,0
0.7335836603457284,0,0,0,0,0,0,0
0.7337045544752748,0,0,0,0,0,0,0
0.7338112300955328,0,0,0,0,0,0,0
0.733978037418785,0,0,0,0,0,0,0
0.7340825279420347,0,1,0,0,0,0,1
0.7341775480699991,0,0,0,0,0,0,0
0.734479153160913,0,0,0,0,0,0,0
0.7345672670149072,0,3,0,0,0,0,0
0.7346295286807962,0,0,0,0,0,0,0
0.7347063826973916,0,0,0,0,0,0,3
0.7351330525541393,0,0,1,0,0,0,4
0.7351738952100364,0,0,0,0,0,0,0
0.7353562894843353,0,0,0,0,0,0,4
0.735652362969212,0,0,0,0,0,0,0
0.7361093578197744,0,0,0,0,0,0,8
0.7362634322601496,0,0,0,0,0,0,0
0.7366072952494473,0,4,0,0,0,0,5
0.7367644870166657,0,0,0,0,0,0,0
0.7373176659771916,0,0,0,2,0,0,0
0.7376377566660866,0,0,0,0,0,0,14
0.7378756220141304,0,0,0,0,0,0,2
0.7381353927688008,0,0,0,0,0,0,5
0.7381744412316696,0,0,2,0,0,0,0
0.7383539033963877,0,0,0,0,0,0,1
0.7385062989572908,0,0,0,0,0,0,0
0.7388276334311799,0,0,0,0,0,0,0
0.7389032333919242,0,0,0,1,0,0,0
0.7404471750370796,0,2,0,0,0,0,0
0.7405461793897885,0,0,0,0,0,0,0
0.7408563182968217,0,0,0,0,0,0,23
0.741465712165626,0,0,0,0,0,0,0
0.7418554792076094,0,0,0,0,0,0,0
0.7419770437709076,0,0,0,0,0,0,2
0.7421736445400959,0,0,0,0,0,0,0
0.7426053790265873,0,0,2,0,0,0,0
0.7429781582161851,0,1,0,0,0,0,0
0.7431958548841995,0,1,0,0,0,0,0
0.7432399766601161,0,0,0,0,0,0,3
0.7433021189539006,0,0,0,0,0,0,2
0.7435197832431671,0,0,0,0,0,0,1
0.7439922540396059,0,0,0,3,0,0,0
0.7441509937821922,0,0,0,0,0,0,9
0.7441575309311049,0,0,0,0,0,0,7
0.7449353967398606,0,3,0,0,0,0,0
0.7458340473339174,0,0,0,0,0,0,0
0.7461015448671727,0,2,0,0,0,0,11
0.7465489813029191,0,4,0,0,0,0,0
0.7468875434709699,0,0,2,0,0,0,2
0.7469122281329372,0,0,0,0,0,0,0
0.7470151767730928,0,4,0,0,0,0,0
0.7471541735248585,0,0,0,0,0,0,0
0.7473921737335257,0,0,0,0,0,0,0
0.7476033136402144,0,0,0,1,0,0,0
0.7478383499103244,0,0,0,0,0,0,0
0.7478817800532754,0,0,0,0,0,0,0
0.7480808139021933,0,0,0,0,0,0,13
0.748506994008049,0,0,0,0,0,0,0
0.7486600132006923,0,0,0,0,0,0,0
0.7487285631725277,0,0,0,0,0,0,6
0.7489519511352988,0,0,0,0,0,0,3
0.7491757800606296,0,0,0,0,0,0,2
0.7494592406242625,0,0,0,0,0,0,0
0.7495101228956422,0,0,0,0,0,0,0
0.7505353591196736,0,4,0,0,0,0,0
0.7515047780722297,0,0,0,0,0,0,1
0.7515263814896804,0,8,0,0,0,0,10
0.7516109855838224,0,16,0,0,0,0,0
0.7519682317483618,0,0,0,1,0,0,0
0.7520986155579816,0,1,0,0,0,0,2
0.7524112252263078,0,2,0,0,0,0,0
0.7524725662814978,0,0,1,0,0,0,0
0.7526849287490174,0,0,0,2,0,0,0
0.7527715955490122,0,4,0,0,0,0,0
0.7541669668834078,0,0,6,0,0,0,3
0.7542209840414841,0,0,0,0,0,0,0
0.754367910729229,0,0,0,0,0,0,0
0.7545970843913715,0,0,0,1,0,0,0
0.7548178590430175,0,0,0,0,0,0,0
0.7552957133539355,0,0,0,0,0,0,0
0.7553632040818243,0,0,0,1,0,0,0
0.7554556885238292,0,0,0,0,0,0,0
0.7558400287460195,0,0,7,0,0,0,0
0.7560658739142864,0,0,0,0,0,0,6
0.7560807048728788,0,0,0,0,0,0,8
0.7565766442495083,0,0,8,0,0,0,0
0.7565848184200243,0,0,0,0,0,0,1
0.7568809764320189,0,0,0,0,0,0,0
0.7571661185411145,0,1,0,0,0,0,9
0.7573657366537737,0,0,0,1,0,0,0
0.7580059181775678,0,1,0,0,0,0,0
0.7582190484068511,0,0,0,0,0,0,0
0.7586460986206496,0,0,0,0,0,0,2
0.7588793051189368,0,0,8,0,0,0,0
0.759149457757771,0,0,0,1,0,0,0
0.7591952992593545,0,0,0,0,0,0,0
0.7592788234678564,0,0,0,0,0,0,0
0.7592869643143022,0,0,0,0,0,0,2
0.7594816510672198,0,3,0,0,0,0,0
0.7601419339591063,0,0,0,0,0,0,0
0.7601570231660633,0,1,6,0,0,0,0
0.7604652253912765,0,0,0,1,0,0,4
0.7605661184797217,0,0,0,0,0,0,0
0.761695707092728,0,0,1,0,0,0,3
0.7617563243487209,0,0,0,0,0,0,0
0.7617969239841051,0,0,2,0,0,0,0
0.7618543645895438,0,0,0,4,0,0,0
0.7619365958523059,0,0,0,0,0,0,2
0.7620305098914416,0,3,3,0,0,0,0
0.7622399738040135,0,0,0,2,0,0,0
0.7625036008649854,0,0,0,0,0,0,0
0.7626140042790278,0,0,0,0,0,0,2
0.7627671693239794,0,1,1,0,0,0,2
0.7628604162142488,0,3,0,1,0,0,6
0.7628979316478991,0,0,0,0,0,0,0
0.7629260513262035,0,0,0,0,0,0,0
0.7629943373537064,0,4,0,0,0,0,0
0.7630238801971644,0,0,6,0,0,0,0
0.7630268626802299,0,0,0,0,0,0,0
0.7634285952321805,0,0,6,0,0,0,0
0.7634755700556115,0,0,2,0,0,0,0
0.7634784864877303,0,0,0,0,0,0,0
0.764268952135491,0,0,0,0,0,0,0
0.76463405391234,0,0,0,0,0,0,9
0.7647753266949346,0,0,0,0,0,0,2
0.7651066636272458,0,0,6,0,0,0,0
0.7651204511843733,0,0,0,0,0,0,0
0.7652879081202181,0,0,0,0,0,0,0
0.7654000714958049,0,0,0,0,0,0,0
0.7654162595460428,0,0,0,0,0,0,0
0.7656706985051104,0,0,0,2,0,0,0
0.7657074299940375,0,0,4,6,0,0,0
0.7657178390370777,0,0,0,0,0,0,0
0.7658973020859786,0,0,0,0,0,0,0
0.7660669787847563,0,0,0,0,0,0,0
0.7665793325401443,0,2,0,0,0,0,0
0.7666021983939258,0,0,0,0,0,0,0
0.7666147564741114,0,0,0,0,0,0,0
0.7667920876500871,0,0,0,0,0,0,0
0.7670090595274827,0,0,2,0,0,0,0
0.7670464213608567,0,0,0,0,0,0,2
0.7673631437880386,0,0,0,0,0,0,1
0.7681559101221271,0,0,0,0,0,0,0
0.7682598920981902,0,0,0,0,0,0,3
0.7683933741830561,0,0,0,0,0,0,0
0.768922217053876,0,0,0,0,0,0,0
0.7693805127681037,0,0,0,0,0,0,0
0.7695206415406811,0,0,0,0,0,0,2
0.7698053700271916,0,0,7,6,0,0,0
0.7698896876456268,0,1,0,0,0,0,0
0.7699937383269054,0,5,0,0,0,0,0
0.7701648041507101,0,0,0,0,0,0,2
0.7702443892857325,0,0,0,0,0,0,0
0.770325169895477,0,0,0,0,0,0,0
0.7706083252781823,0,0,0,0,0,0,0
0.7709622182091619,0,0,0,0,0,0,7
0.7714114341969387,0,0,0,0,0,0,0
0.7720302782288527,0,11,0,0,0,0,0
0.7720503378210655,0,1,0,0,0,0,1
0.772434975992765,0,0,0,0,0,0,0
0.7726941730502283,0,0,0,0,0,0,0
0.7730426600383145,0,0,0,0,0,0,0
0.7734876200898668,0,0,0,0,0,0,7
0.773592253680352,0,0,0,0,0,0,0
0.7740111129504361,0,6,0,0,0,0,0
0.7741916820230178,0,0,0,0,0,0,2
0.7747910801420842,0,0,0,1,0,0,0
0.7749184328776918,0,0,0,0,0,0,0
0.7752994953134988,0,4,0,0,0,0,0
0.7754049176208415,0,0,0,0,0,0,1
0.7754424382235247,0,0,0,0,0,0,0
0.775467418888176,0,1,0,0,0,0,0
0.7760455491959134,0,0,0,0,0,0,0
0.7760940887993991,0,0,0,0,0,0,0
0.7762657065338826,0,0,0,0,0,0,0
0.7763005096453276,0,13,0,0,0,0,0
0.7764313511809664,0,0,0,0,0,0,0
0.7765656310274253,0,0,0,0,0,0,0
0.7769437281606468,0,0,0,0,0,0,0
0.7769980501631888,0,0,0,0,0,0,0
0.7772074226207664,0,0,1,0,0,0,0
0.7774913281729026,0,0,0,9,0,0,0
0.7779994003504789,0,0,0,0,0,0,0
0.7780424401350402,0,2,0,0,0,0,5
0.7780600602895129,0,0,0,1,0,0,0
0.7787274329670371,0,0,0,5,0,0,0
0.7787982646947698,0,0,0,0,0,0,0
0.7788355663717891,0,0,0,0,0,0,0
0.7791442424374875,0,0,0,0,0,0,0
0.7794127844645925,0,4,0,0,0,0,0
0.7794703805670895,0,0,0,0,0,0,0
0.7797802147111392,0,0,17,0,0,0,16
0.7799444601348545,0,0,0,0,0,0,3
0.779994414708584,0,2,0,0,0,0,0
0.7805014207347089,0,0,8,0,0,0,0
0.7805104789219809,0,0,0,0,0,0,0
0.780623747357388,0,0,0,0,0,0,0
0.7811045662401296,0,0,0,0,0,0,0
0.7812545449362611,0,11,0,0,0,0,6
0.7812737435407832,0,0,0,0,0,0,0
0.7813491425676308,0,0,0,0,0,0,0
0.7813976926649716,0,0,0,0,0,0,6
0.7814157616509216,0,0,0,0,0,0,18
0.7819236422512552,0,0,0,0,0,0,18
0.7821243169042711,0,0,0,0,0,0,13
0.7821520783088187,0,0,0,0,0,0,0
0.7825845037079431,0,0,0,0,0,0,0
0.7830331251985081,0,0,0,0,0,0,0
0.783071904440091,0,0,0,0,0,0,0
0.7830950195376244,0,0,0,0,0,0,0
0.7831482693487829,0,0,0,0,0,0,0
0.7833614122467726,0,0,0,0,0,0,0
0.7835056893395085,0,0,0,0,0,0,0
0.7835786182663294,0,1,0,0,0,0,0
0.7838310564028997,0,0,0,0,0,0,3
0.7839476569825892,0,0,0,0,0,0,0
0.7841331549115497,0,0,2,0,0,0,17
0.7846710836147028,0,0,0,0,0,0,0
0.7847356828268504,0,1,0,0,0,0,0
0.7851762894697111,0,0,2,0,0,0,0
0.7857821249628649,0,0,0,0,0,0,30
0.7859268353064619,0,1,0,0,0,0,0
0.7861400984219271,0,0,0,0,0,0,0
0.7861511019651155,0,0,0,0,0,0,0
0.7865365620727167,0,0,0,0,0,0,0
0.7867965879523304,0,0,0,0,0,0,2
0.7868303704900049,0,0,0,2,0,0,0
0.7869871678350935,0,0,0,0,0,0,0
0.7873093651707735,0,0,0,0,0,0,0
0.7874622818801943,0,0,3,4,0,0,0
0.7874652467168785,0,0,0,0,0,0,0
0.7874863553156283,0,0,4,0,0,0,0
0.7877881085849467,0,0,0,0,0,0,0
0.7878372373767066,0,0,0,0,0,0,0
0.7884112944796154,0,6,0,0,0,0,0
0.7885757878823826,0,0,0,0,0,0,0
0.7887773772614565,0,1,0,0,0,0,0
0.7889844961006588,0,0,0,3,0,0,0
0.7893088479476802,0,0,0,0,0,0,0
0.7897514647638822,0,0,0,2,0,0,0
0.790241150443488,0,0,0,0,0,0,0
0.7902921189487059,0,0,1,0,0,0,0
0.7904197665816141,0,0,0,0,0,0,0
0.7905538350031883,0,0,0,0,0,0,0
0.7905546242022098,0,0,0,0,0,0,0
0.7908674549285211,0,61,0,0,0,0,0
0.7914612621394601,0,0,0,0,0,0,0
0.7916424707632899,0,0,0,0,0,0,0
0.7917548659906648,0,0,0,0,0,0,16
0.791863016116937,0,0,0,0,0,0,0
0.7922827314675359,0,9,0,0,0,0,1
0.7923436717128047,0,0,0,0,0,0,16
0.7930104140277684,0,0,0,0,0,0,5
0.7931808574906625,0,17,0,0,0,0,0
0.7931876981891959,0,0,0,0,0,0,0
0.7933693781384378,0,0,0,0,0,0,0
0.7934260135936602,0,0,0,3,0,0,0
0.7936307347804951,0,1,0,0,0,0,1
0.7937933571364315,0,0,1,0,0,0,0
0.7937984389212596,0,0,0,0,0,0,0
0.7938022068504366,0,11,0,0,0,0,0
0.7938617479768091,0,0,0,0,0,0,7
0.7938860161978019,0,3,0,0,0,0,0
0.7939513811807566,0,0,0,0,0,0,4
0.7940359005543309,0,0,0,2,0,0,0
0.7940731362201794,0,0,0,0,0,0,0
0.7942462738321094,0,0,0,0,0,0,0
0.7947110830248159,0,0,0,0,0,0,0
0.7948567408661431,0,0,0,2,0,0,0
0.7949687112357059,0,0,2,0,0,0,0
0.7950829739606348,0,0,0,0,0,0,3
0.7956452541424613,0,0,0,0,0,0,0
0.7961518621661231,0,0,0,0,0,0,0
0.796355934130294,0,0,4,0,0,0,0
0.7966494222931872,0,6,0,0,0,0,0
0.7970080819795399,0,5,0,0,0,0,0
0.797039399889564,0,0,0,0,0,0,0
0.7975151931632185,0,0,0,0,0,0,0
0.7975764417447699,0,0,0,0,0,0,0
0.7976192382445993,0,0,0,0,0,0,0
0.7981038870670727,0,0,23,0,0,0,3
0.7981290237635299,0,0,0,0,0,0,0
0.7985077283993312,0,0,0,0,0,0,0
0.7989575841592607,0,0,0,0,0,0,0
0.7991601747141049,0,6,0,0,0,0,2
0.7993181555920724,0,0,0,0,0,0,5
0.799453036188394,0,0,0,0,0,0,5
0.7997044683828616,0,0,0,0,0,0,0
0.7997564091387085,0,0,0,6,0,0,4
0.7997873575942978,0,2,0,0,0,0,0
0.7998005209338309,0,0,1,0,0,0,0
0.7998419540759419,0,0,1,0,0,0,0
0.7999108400471312,0,0,0,0,0,0,0
0.8000945661788283,0,0,0,0,0,0,0
0.8001421416779803,0,0,0,0,0,0,0
0.8011532855024771,0,0,0,0,0,0,0
0.801177906578014,0,9,0,0,0,0,0
0.8012840634442717,0,0,2,0,0,0,0
0.8013158753340304,0,3,0,1,0,0,1
0.8017702311059832,0,0,0,0,0,0,0
0.8017934951088057,0,0,0,0,0,0,0
0.8023384385366743,0,15,0,0,0,0,0
0.8024241144395731,0,0,0,0,0,0,0
0.8027124876183167,0,0,0,0,0,0,0
0.8027388571176636,0,0,0,0,0,0,0
0.80282529370973,0,0,0,0,0,0,0
0.8029631478246386,0,0,0,0,0,0,0
0.803099234739634,0,0,0,0,0,0,0
0.8031244339720757,0,0,0,8,0,0,0
0.8031775163539651,0,0,0,0,0,0,2
0.8036317823407095,0,0,0,0,0,0,0
0.8036668709671391,0,0,0,0,0,0,2
0.8037238776777144,0,1,0,0,0,0,0
0.8040458763330609,0,0,0,0,0,0,0
0.804408745634261,0,0,0,0,0,0,0
0.8044934165003865,0,0,0,0,0,0,0
0.8045258389872965,0,0,0,0,0,0,0
0.8045643504237748,0,0,0,0,0,0,0
0.804608792335452,0,0,0,0,0,0,2
0.8047809870089249,0,0,0,0,0,0,0
0.8047917688974687,0,0,0,0,0,0,0
0.8049730680290768,0,0,0,0,0,0,0
0.8050053269994852,0,0,0,0,0,0,0
0.805258632210751,0,0,0,3,0,0,0
0.8053200268757139,0,0,0,0,0,0,0
0.8054998639761713,0,0,0,0,0,0,2
0.8059914620133108,0,0,0,0,0,0,0
0.8066425734113144,0,0,0,0,0,0,0
0.8067310741375976,0,0,0,0,0,0,5
0.8068258417818068,0,0,0,0,0,0,0
0.8069293159324994,0,0,2,0,0,0,0
0.8072120137627908,0,0,0,0,0,0,0
0.8073210226590111,0,0,0,5,0,0,0
0.8073234140247373,0,0,0,3,0,0,0
0.8074056870967705,0,0,0,0,0,0,2
0.8075321906755898,0,23,0,0,0,0,34
0.8078628598497752,0,0,0,0,0,0,0
0.8080890056980403,0,1,0,0,0,0,2
0.8083512919469428,0,0,0,0,0,0,0
0.8083805423842454,0,0,0,0,0,0,1
0.8084098769703862,0,0,0,0,0,0,4
0.8088827803943528,0,0,0,0,0,0,4
0.8089840393929865,0,0,6,0,0,0,3
0.8090070140319132,0,0,0,0,0,0,0
0.8092489321882236,0,0,0,0,0,0,3
0.8094818770325126,0,0,0,0,0,0,0
0.8098763852378326,0,2,0,0,0,0,0
0.8108052378986706,0,0,0,1,0,0,0
0.810847460737719,0,0,0,0,0,0,11
0.8111992340954656,0,0,0,0,0,0,0
0.8112312127352759,0,0,0,0,0,0,0
0.8114802912135021,0,0,0,0,0,0,0
0.8115060972265313,0,0,0,0,0,0,0
0.8115623260289917,0,0,0,0,0,0,4
0.8116018334543385,0,1,0,3,0,0,0
0.811751121932203,0,0,0,0,0,0,5
0.8121214649160572,0,0,0,1,0,0,0
0.812285089424828,0,3,0,0,0,0,5
0.8126981219007959,0,0,0,0,0,0,0
0.81280211405049,0,0,0,0,0,0,4
0.812903215307609,0,0,9,0,0,0,0
0.8132049849626645,0,0,0,0,0,0,4
0.8132667774194954,0,0,0,0,0,0,0
0.8135487636424461,0,0,0,2,0,0,0
0.8139597677242928,0,0,0,0,0,0,0
0.8140772777338741,0,0,0,0,0,0,3
0.8144112801647907,0,0,0,0,0,0,0
0.8144367851237334,0,0,0,0,0,0,0
0.8147561290444,0,0,0,0,0,0,0
0.8149663535791789,0,0,0,0,0,0,0
0.8155156975779798,0,0,0,0,0,0,0
0.8155406335096493,0,0,0,0,0,0,0
0.8156294053101335,0,0,0,0,0,0,12
0.816445549074909,0,0,0,0,0,0,1
0.8164876842934266,0,0,2,0,0,0,0
0.816528472604726,0,0,12,0,0,0,0
0.8165947663749262,0,0,0,0,0,0,0
0.8166717749627915,0,0,0,0,0,0,0
0.8167464401385787,0,0,0,0,0,0,5
0.8171243001677524,0,0,2,0,0,0,0
0.8172771292897317,0,0,0,0,0,0,0
0.8172965867480094,0,1,0,0,0,0,0
0.8173507605967371,0,0,0,1,0,0,0
0.8180577421302071,0,0,0,0,0,0,0
0.8181986405201948,0,0,0,0,0,0,0
0.8184851543215219,0,0,0,0,0,0,0
0.8196678789602143,0,0,0,0,0,0,0
0.8197353541939001,0,0,0,0,0,0,0
0.8197926347334791,0,0,16,0,0,0,0
0.8198105016829985,0,7,0,0,0,0,0
0.8200719354408864,0,0,0,2,0,0,0
0.8203756381668569,0,0,0,0,0,0,0
0.8204252657920778,0,0,0,0,0,0,0
0.8204586002351271,0,0,0,0,0,0,0
0.8205020357527063,0,0,0,0,0,0,0
0.820610076015028,0,0,0,0,0,0,0
0.8207531849581359,0,0,0,0,0,0,0
0.8214351987223907,0,0,0,0,0,0,0
0.8214569910733336,0,0,0,0,0,0,0
0.8215890010825854,0,0,0,0,0,0,0
0.8218065360612298,0,16,0,0,0,0,0
0.8218589723846162,0,0,0,0,0,0,0
0.8219654402741676,0,0,7,0,0,0,0
0.82261386144782,0,0,0,0,0,0,0
0.8227327486031848,0,0,1,1,0,0,0
0.8227555588082899,0,0,0,1,0,0,1
0.8230362691350059,0,12,0,0,0,0,0
0.8235229878040994,0,0,3,0,0,0,0
0.8235550972605653,0,0,0,0,0,0,7
0.823634178043711,0,0,0,0,0,0,7
0.8236518463239806,0,3,7,0,0,0,0
0.8243343581401283,0,0,0,0,0,0,0
0.8245831516719183,0,0,0,0,0,0,5
0.8248734049917182,0,0,3,0,0,0,0
0.8249812679807413,0,0,11,0,0,0,0
0.8253080051332597,0,0,0,0,0,0,0
0.8253257345620351,0,0,4,0,0,0,0
0.8256372245049395,0,0,0,0,0,0,0
0.8256735580616165,0,0,0,0,0,0,0
0.8256755674988775,0,0,0,0,0,0,0
0.8259282235314415,0,0,0,0,0,0,21
0.8259396869004936,0,1,4,0,0,0,0
0.826109271343274,0,0,0,0,0,0,8
0.826574329090663,0,0,0,0,0,0,0
0.8266405564762261,0,0,0,0,0,0,2
0.8267603240265406,0,0,11,0,0,0,4
0.8268302121678245,0,0,0,0,0,0,0
0.8270984786846935,0,3,0,0,0,0,0
0.8271191747772373,0,0,0,0,0,0,0
0.8283347441567103,0,0,0,0,0,0,1
0.8285108855685985,0,0,0,0,0,0,3
0.8290089939279375,0,0,0,0,0,0,0
0.8294251793729861,0,0,0,0,0,0,0
0.829541180538613,0,0,0,0,0,0,1
0.8296273865999028,0,0,0,3,0,0,6
0.8296544041336027,0,0,0,0,0,0,1
0.8299533853976111,0,0,0,0,0,0,0
0.8299695223419832,0,0,0,0,0,0,3
0.8300026423127113,0,0,0,0,0,0,0
0.8300951249307146,0,0,0,0,0,0,0
0.8301049802637452,0,0,0,0,0,0,0
0.8301131437529818,0,0,0,0,0,0,2
0.8301626841028809,0,0,0,0,0,0,0
0.8303964841720077,0,0,6,0,0,0,0
0.8304150561718194,0,12,2,0,0,0,0
0.8311493207508376,0,0,0,0,0,0,0
0.8312394003900426,0,0,0,0,0,0,0
0.8312467051720422,0,0,0,0,0,0,0
0.8316096871025329,0,0,4,0,0,0,0
0.8316491212409004,0,0,0,0,0,0,0
0.8321076973231428,0,0,0,0,0,0,0
0.8321097018929282,0,2,0,0,0,0,0
0.8323899481858126,0,0,0,0,0,0,0
0.8325601115080761,0,0,3,0,0,0,0
0.8327680273328723,0,0,0,0,0,0,0
0.832869179792822,0,0,0,0,0,0,0
0.833078959034795,0,0,0,0,0,0,10
0.83308217384214,0,0,0,0,0,0,0
0.8333430985162428,0,1,0,0,0,0,8
0.8333451202136393,0,0,0,0,0,0,0
0.8338505210319327,0,0,0,0,0,0,0
0.8341712668446312,0,0,0,0,0,0,0
0.834292580037396,0,0,0,0,0,0,0
0.834575824341175,0,0,0,0,0,0,0
0.8347517714037479,0,0,0,0,0,0,0
0.8348407368387423,0,2,0,0,0,0,0
0.8349411234337631,0,0,0,3,0,0,0
0.8362850405406351,0,0,0,0,0,0,7
0.8365169728386371,0,1,0,2,0,0,0
0.8365557806403171,0,0,0,0,0,0,2
0.836565071617891,0,3,13,0,0,0,0
0.8366722480171276,0,0,0,1,0,0,6
0.8368290517233621,0,0,1,0,0,0,0
0.8369325290445896,0,0,0,2,0,0,0
0.8372390577164122,0,4,1,1,0,0,0
0.8372485021278351,0,0,0,0,0,0,0
0.8373819040443585,0,0,0,0,0,0,0
0.8378181726585432,0,0,0,0,0,0,0
0.837991932746681,0,0,0,0,0,0,0
0.8383355692941272,0,0,1,0,0,0,0
0.8383680965362478,0,0,0,0,0,0,0
0.8384162505632774,0,0,0,0,0,0,0
0.838635409725374,0,0,0,0,0,0,0
0.8387505042988218,0,0,0,3,0,0,12
0.8388667933961046,0,0,0,0,0,0,0
0.839099627967858,0,0,0,0,0,0,4
0.8391646859495817,0,0,23,0,0,0,0
0.839249481961347,0,0,5,0,0,0,0
0.8396990311588859,0,1,0,0,0,0,0
0.8400565754190515,0,1,0,0,0,0,0
0.8403454393758135,0,0,0,1,0,0,13
0.8403495948879769,0,1,0,0,0,0,0
0.8403893815951965,0,0,0,0,0,0,0
0.8407194886637852,0,0,0,0,0,0,3
0.8410312209535751,0,0,0,0,0,0,0
0.8410990319876125,0,4,0,0,0,0,0
0.8411832730474003,0,0,1,0,0,0,0
0.842343434398892,0,0,0,0,0,0,1
0.8425478968512055,0,0,0,0,0,0,0
0.8425487853588712,0,0,0,0,0,0,0
0.8427379412688972,0,0,0,0,0,0,0
0.8428452669681277,0,0,0,0,0,0,4
0.8435025948579823,0,0,0,0,0,0,0
0.8435852302832471,0,2,0,0,0,0,0
0.8440836367869684,0,0,5,0,0,0,0
0.8441049754915643,0,2,0,0,0,0,0
0.8441737895142297,0,0,0,0,0,0,0
0.8443272005987045,0,0,0,0,0,0,0
0.8443577367811377,0,0,0,0,0,0,2
0.8444155920371681,0,0,9,0,0,0,0
0.8445762844632126,0,0,1,0,0,0,0
0.8446484520576623,0,0,0,0,0,0,8
0.8451334588074119,0,1,0,0,0,0,0
0.8454233618670834,0,0,0,0,0,0,1
0.8455338257106874,0,0,0,0,0,0,0
0.8455992579905103,0,2,0,0,0,0,0
0.8456839617101986,0,1,0,0,0,0,0
0.8457795491307412,0,23,0,0,0,0,0
0.8458286302324793,0,0,0,0,0,0,0
0.8458323238946126,0,3,0,0,0,0,0
0.8460695978524791,0,3,0,2,0,0,0
0.8461997713135846,0,0,0,0,0,0,0
0.8462076023897097,0,0,0,3,0,0,0
0.846298464804309,0,0,0,0,0,0,0
0.8464228189684961,0,3,10,0,0,0,31
0.8464886479876047,0,2,0,0,0,0,0
0.8469772372710898,0,7,0,0,0,0,14
0.8470224615149807,0,0,1,4,0,0,0
0.8470325062521942,0,0,0,3,0,0,0
0.8470553907410824,0,0,0,0,0,0,21
0.8471874923813705,0,8,0,0,0,0,0
0.8473731950314789,0,0,0,3,0,0,0
0.8474645608633031,0,0,0,0,0,0,0
0.8475008367929232,0,0,3,0,0,0,7
0.8478452073925692,0,0,2,0,0,0,0
0.8479360671687732,0,0,0,0,0,0,0
0.8481649209884047,0,0,0,0,0,0,0
0.8483495504633225,0,0,0,0,0,0,1
0.8484772485888754,0,0,0,0,0,0,7
0.8486513357417794,0,0,0,4,0,0,0
0.8486846842629917,0,0,0,0,0,0,9
0.8487473136043138,0,4,1,5,0,0,6
0.8487580549806102,0,2,0,0,0,0,0
0.8490337488103525,0,0,1,1,0,0,0
0.8493332245354132,0,0,0,0,0,0,0
0.849434830688993,0,0,22,0,0,0,34
0.8495785224602641,0,9,0,2,0,0,3
0.8498398568247826,0,0,0,0,0,0,0
0.8498650901000371,0,0,6,0,0,0,0
0.8499506295174788,0,0,0,0,0,0,0
0.8500507846273488,0,0,0,0,0,0,0
0.8504253491644075,0,0,0,0,0,0,0
0.8505030190274203,0,0,0,0,0,0,0
0.8506350448503844,0,0,0,0,0,0,0
0.8507185004166865,0,0,0,0,0,0,0
0.8507630775169128,0,0,2,0,0,0,11
0.8508766964805828,0,0,0,0,0,0,0
0.8512500993018055,0,1,0,0,0,0,0
0.8513128032437324,0,0,0,0,0,0,0
0.8514233749749813,0,0,0,0,0,0,0
0.851987782825034,0,0,0,0,0,0,0
0.8520628509015703,0,3,0,0,0,0,0
0.8522896820550179,0,0,0,0,0,0,0
0.852321492589886,0,17,0,0,0,0,0
0.8525321578234374,0,0,0,0,0,0,0
0.8527937291979952,0,0,0,0,0,0,0
0.8531332945984261,0,2,14,0,0,0,2
0.8535506940829236,0,0,0,0,0,0,0
0.8537978297826849,0,0,0,0,0,0,0
0.8539183501734765,0,0,2,0,0,0,0
0.8542723435778463,0,0,0,0,0,0,0
0.8544804016001529,0,0,0,0,0,0,0
0.8546005384323124,0,0,0,0,0,0,0
0.854758759280978,0,0,0,0,0,0,10
0.8549603288530128,0,0,0,0,0,0,0
0.8550126717574511,0,1,1,0,0,0,30
0.8551676159491316,0,0,0,0,0,0,0
0.8553520911587648,0,0,0,0,0,0,1
0.8554227033566054,0,0,0,2,0,0,0
0.8556157228871258,0,0,0,0,0,0,0
0.8559288863710205,0,0,0,0,0,0,14
0.8560511466806219,0,0,0,0,0,0,0
0.8560855832303186,0,0,0,0,0,0,1
0.8561501152518137,0,0,0,2,0,0,0
0.856203703259464,0,0,0,0,0,0,0
0.8565766699465325,0,0,0,0,0,0,0
0.8572255667544743,0,0,0,0,0,0,0
0.8572481287771049,0,0,0,0,0,0,7
0.857370302139825,0,0,0,0,0,0,0
0.8575502637455331,0,0,0,0,0,0,1
0.8577692894237489,0,0,0,0,0,0,4
0.8577714342407576,0,4,0,0,0,0,0
0.8578634187731768,0,0,0,0,0,0,0
0.8579380431444764,0,0,0,0,0,0,0
0.858218450299018,0,0,0,0,0,0,0
0.8592574870976841,0,1,0,0,0,0,6
0.8594378421459906,0,0,0,0,0,0,0
0.8596302605136479,0,0,0,0,0,0,4
0.859691919847662,0,0,25,0,0,0,0
0.8597700685928394,0,0,1,0,0,0,0
0.8598301856964107,0,0,0,0,0,0,0
0.860406310264334,0,0,0,0,0,0,0
0.8604841355780851,0,0,0,0,0,0,0
0.8607422978320651,0,10,0,0,0,0,0
0.8608561485296573,0,0,0,1,0,0,0
0.8613292938550206,0,0,0,0,0,0,1
0.8616329598158985,0,0,0,0,0,0,0
0.8617157478172228,0,0,0,6,0,0,0
0.8618402600557238,0,0,0,0,0,0,3
0.8618940667087179,0,0,0,0,0,0,0
0.8624030580365192,0,0,16,0,0,0,30
0.8625130289422652,0,0,0,0,0,0,1
0.8625153212266851,0,1,0,0,0,0,13
0.8626759692632543,0,0,0,4,0,0,0
0.8628498666180922,0,2,0,0,0,0,5
0.8630502317898032,0,0,0,3,0,0,0
0.8633944618764631,0,0,0,0,0,0,0
0.8653717517600916,0,0,0,0,0,0,0
0.8654972753786659,0,0,0,6,0,0,0
0.8657608030859578,0,0,0,0,0,0,0
0.8658942019132235,0,2,4,0,0,0,5
0.8659308129069032,0,0,0,0,0,0,5
0.8660977371345874,0,0,0,0,0,0,0
0.8664271854823029,0,0,4,0,0,0,3
0.8664433007704592,0,2,0,0,0,0,4
0.8664715273131056,0,0,0,0,0,0,0
0.8666797728677943,0,0,0,0,0,0,0
0.8670569423185498,0,0,0,0,0,0,0
0.8678614634830083,0,0,0,3,0,0,0
0.8679051722703377,0,0,0,0,0,0,0
0.8679978047732042,0,0,0,0,0,0,8
0.8680479345860196,0,0,0,0,0,0,0
0.8680605821971324,0,0,0,0,0,0,0
0.8681279006218168,0,0,0,0,0,0,4
0.8683006355362328,0,0,0,0,0,0,0
0.8690945193710159,0,0,0,0,0,0,0
0.8691695657008343,0,0,0,0,0,0,0
0.869336456884218,0,0,0,0,0,0,0
0.8693833424131483,0,1,0,0,0,0,0
0.8693841086485325,0,4,0,0,0,0,0
0.8695832544268232,0,0,0,0,0,0,0
0.870302736549282,0,0,0,3,0,0,0
0.870323379416142,0,0,0,8,0,0,0
0.8709763462108279,0,0,7,0,0,0,0
0.8710096990780222,0,0,0,0,0,0,3
0.8710654039883015,0,0,0,0,0,0,0
0.871159086014492,0,1,0,0,0,0,0
0.8712494515052226,0,0,0,0,0,0,0
0.8713174519406626,0,0,0,0,0,0,0
0.8715526056281114,0,0,0,0,0,0,4
0.8715565634433039,0,0,1,0,0,0,0
0.8715623438564383,0,5,0,0,0,0,0
0.871730222819893,0,0,0,0,0,0,2
0.8717335904275855,0,0,0,0,0,0,0
0.8718256371745436,0,0,0,0,0,0,0
0.8721331325530033,0,0,0,0,0,0,0
0.8721688393564015,0,0,0,0,0,0,10
0.8724022929797323,0,0,0,0,0,0,4
0.8724326088622709,0,5,6,0,0,0,1
0.8728105313493018,0,0,0,2,0,0,0
0.8732487716037327,0,1,0,0,0,0,0
0.8735727955111688,0,0,0,0,0,0,7
0.8741619702919505,0,0,4,0,0,0,0
0.8742233488309759,0,13,0,0,0,0,0
0.8744292353782814,0,0,0,0,0,0,0
0.8745913002342609,0,0,0,0,0,0,0
0.8746786197190222,0,0,0,0,0,0,0
0.8747091833350826,0,0,0,0,0,0,21
0.875286576857613,0,2,0,0,0,0,0
0.8753939677911317,0,0,0,0,0,0,4
0.8755030492697538,0,0,0,0,0,0,4
0.8757920461168616,0,0,0,0,0,0,5
0.8758688747815874,0,0,0,1,0,0,0
0.8761887464231908,0,0,0,0,0,0,1
0.8765081657570724,0,4,0,0,0,0,0
0.8765893069912842,0,0,0,0,0,0,1
0.8767140865248435,0,0,0,3,0,0,0
0.8770302844689454,0,0,0,0,0,0,0
0.8770706858012656,0,0,0,0,0,0,2
0.8773095966224745,0,0,0,0,0,0,0
0.8773104589682259,0,0,0,0,0,0,1
0.8773656089171039,0,0,1,0,0,0,0
0.8776210379404458,0,0,0,0,0,0,11
0.8777628395310403,0,0,0,0,0,0,30
0.8777914532790545,0,0,0,0,0,0,0
0.8780043157670335,0,0,0,0,0,0,12
0.8780725363116412,0,0,0,0,0,0,0
0.8782289486764857,0,3,0,0,0,0,0
0.8783669151935081,0,0,0,0,0,0,0
0.8785416592466351,0,0,0,0,0,0,0
0.8787979692063485,0,4,0,0,0,0,0
0.8790257818163766,0,0,0,0,0,0,1
0.8792384552395356,0,0,0,0,0,0,4
0.8799992371981084,0,0,0,0,0,0,0
0.8801998827114732,0,0,0,0,0,0,0
0.8803189117919608,0,0,3,0,0,0,0
0.8803230836198598,0,0,0,0,0,0,0
0.8804411443037876,0,1,0,0,0,0,0
0.8808292734441369,0,0,0,0,0,0,0
0.880846303570594,0,0,0,0,0,0,2
0.8811241338692946,0,9,0,0,0,0,0
0.8816026053489401,0,10,0,0,0,0,0
0.8816264357255623,0,0,0,0,0,0,0
0.8816346973567691,0,0,0,0,0,0,0
0.8816971507278537,0,1,0,0,0,0,0
0.8818431894856286,0,0,0,0,0,0,0
0.8819153377475835,0,0,0,0,0,0,0
0.882406671828496,0,0,5,0,0,0,0
0.8826033287576386,0,0,0,0,0,0,0
0.88261400593315,0,0,0,0,0,0,1
0.8826263601841576,0,0,0,0,0,0,0
0.8826392962520748,0,0,0,0,0,0,24
0.8827060759064008,0,0,0,0,0,0,0
0.8827179858900085,0,0,0,0,0,0,0
0.8827207467649902,0,0,0,0,0,0,0
0.8830582548075688,0,0,0,0,0,0,2
0.8834803776099827,0,0,0,0,0,0,1
0.8835486982480525,0,0,0,0,0,0,3
0.8835816770602126,0,1,0,0,0,0,0
0.8836225888297392,0,0,0,0,0,0,0
0.8838274414033688,0,0,0,2,0,0,0
0.8838684643231077,0,5,0,0,0,0,0
0.8844289379850208,0,20,0,0,0,0,10
0.8846282745805583,0,0,17,0,0,0,0
0.884644407235316,0,4,0,0,0,0,1
0.8847810099539308,0,5,0,0,0,0,0
0.884908449436585,0,0,0,0,0,0,6
0.8849103432230341,0,0,0,0,0,0,13
0.8849155456706163,0,0,0,0,0,0,0
0.8850338991377348,0,0,0,0,0,0,0
0.8851673558614417,0,0,0,0,0,0,0
0.8852443257876482,0,0,0,0,0,0,0
0.8853657064073773,0,0,13,0,0,0,0
0.8853758472903406,0,0,0,2,0,0,0
0.885551140650121,0,0,0,0,0,0,0
0.8857616086478414,0,1,0,0,0,0,0
0.8858774252214152,0,0,0,0,0,0,0
0.8859692070374401,0,0,0,2,0,0,0
0.8864574933602735,0,0,0,0,0,0,0
0.8867318911308966,0,0,0,0,0,0,0
0.8867621268208097,0,5,0,0,0,0,0
0.8868071671726492,0,35,0,0,0,0,0
0.8870754531381319,0,0,0,0,0,0,0
0.8871955862380512,0,0,0,0,0,0,4
0.8873684949799607,0,0,0,0,0,0,13
0.8874938923540168,0,0,0,0,0,0,0
0.8876403137245011,0,0,0,0,0,0,0
0.8876506127921111,0,0,0,0,0,0,5
0.8877077417162604,0,0,0,0,0,0,0
0.887943208472486,0,0,12,0,0,0,0
0.8879463423613124,0,0,0,0,0,0,1
0.8881892521440409,0,0,0,0,0,0,2
0.8882456601280209,0,0,0,0,0,0,0
0.8884857099068102,0,0,0,1,0,0,2
0.888675611275461,0,0,0,0,0,0,0
0.8887928706198953,0,6,0,0,0,0,0
0.8893824956019747,0,0,0,0,0,0,3
0.8894854177823619,0,0,0,0,0,0,4
0.8896690852974617,0,0,0,0,0,0,0
0.8897089888948817,0,1,0,0,0,0,1
0.8901356492756661,0,0,0,0,0,0,2
0.890154974412478,0,12,0,3,0,0,11
0.8903794549218267,0,0,1,0,0,0,0
0.8909224820432378,0,0,0,1,0,0,0
0.8910630184448265,0,0,0,2,0,0,0
0.8910890164101588,0,0,0,2,0,0,0
0.891230175297724,0,1,0,0,0,0,0
0.8912663007791096,0,0,0,0,0,0,0
0.8912826364669368,0,0,0,9,0,0,0
0.891354315807524,0,0,0,0,0,0,0
0.8918069445711208,0,0,0,0,0,0,0
0.8919273892710615,0,0,0,0,0,0,0
0.8919495444420035,0,0,0,0,0,0,19
0.8920078993637294,0,2,0,0,0,0,0
0.8920288675285051,0,0,0,0,0,0,2
0.8921002789475891,0,0,0,0,0,0,5
0.8923668931231916,0,0,0,0,0,0,0
0.8925221034199922,0,0,0,0,0,0,0
0.893140014994549,0,0,0,0,0,0,0
0.8932899318713353,0,0,0,0,0,0,2
0.8934164915697458,0,0,6,0,0,0,0
0.8935833975928353,0,0,0,0,0,0,0
0.8935855409298498,0,0,0,0,0,0,0
0.8936005830595019,0,0,0,0,0,0,0
0.893792898832165,0,10,0,0,0,0,0
0.8941441637064663,0,0,0,0,0,0,0
0.8944445915456585,0,0,22,0,0,0,2
0.8945218790212087,0,0,0,0,0,0,0
0.8948676711750101,0,0,11,0,0,0,0
0.8949524745127582,0,0,0,0,0,0,0
0.8954367742117758,0,0,0,0,0,0,10
0.8956170815618896,0,0,0,7,0,0,0
0.8956315751045448,0,0,0,1,0,0,0
0.8959404562173796,0,0,0,0,0,0,8
0.8962232294499066,0,0,0,0,0,0,0
0.8962347848383593,0,0,0,3,0,0,12
0.8963124087904424,0,0,0,0,0,0,0
0.8964552361168278,0,0,0,0,0,0,0
0.8967326912807255,0,0,6,0,0,0,0
0.8967332192571015,0,0,0,0,0,0,0
0.8969042911111144,0,0,0,0,0,0,0
0.8971411910563948,0,0,0,4,0,0,0
0.8971438776937598,0,0,0,0,0,0,5
0.89745503842836,0,0,0,0,0,0,0
0.897546308002092,0,0,0,0,0,0,0
0.89787890578396,0,0,0,0,0,0,0
0.8979389777325297,0,0,0,1,0,0,13
0.8986458606362101,0,3,0,0,0,0,0
0.8987289724564511,0,5,0,0,0,0,0
0.8988044790360882,0,0,0,0,0,0,0
0.8990127716669455,0,0,0,0,0,0,0
0.8990393352061739,0,0,1,0,0,0,0
0.8992724474061838,0,0,0,0,0,0,0
0.8993182304777853,0,0,0,0,0,0,0
0.8994217347238388,0,0,8,0,0,0,4
0.8997656789011619,0,0,0,0,0,0,0
0.8999210033611822,0,0,0,0,0,0,4
0.9001065989654213,0,0,0,3,0,0,0
0.9001981160574578,0,0,1,0,0,0,1
0.9003036095232725,0,0,0,0,0,0,0
0.9003303963705954,0,0,0,0,0,0,0
0.9003771580702462,0,1,2,0,0,0,0
0.9004824764718842,0,0,0,0,0,0,0
0.9006633803227446,0,0,0,0,0,0,0
0.9009097132883548,0,0,0,0,0,0,0
0.9010611174646976,0,0,0,1,0,0,16
0.9010696718613411,0,0,0,0,0,0,0
0.9014021480426536,0,0,0,0,0,0,0
0.9015152455575053,0,2,8,0,0,0,0
0.9016185325991939,0,0,3,0,0,0,0
0.9020584521089063,0,0,3,0,0,0,0
0.9020970722668125,0,0,0,0,0,0,5
0.9021873299136463,0,0,0,0,0,0,0
0.9021876681739083,0,0,1,0,0,0,0
0.9022447002398387,0,0,0,0,0,0,0
0.9022499673405546,0,0,3,0,0,0,0
0.9022860588624463,0,0,0,0,0,0,0
0.9025350786372744,0,0,0,0,0,0,0
0.9025857373707504,0,2,3,0,0,0,0
0.90272178139955,0,0,0,0,0,0,0
0.9033744889953788,0,0,0,1,0,0,0
0.9035871670136103,0,0,0,0,0,0,0
0.9038682147786351,0,0,0,1,0,0,0
0.9039560394295441,0,0,0,0,0,0,9
0.9040610371208374,0,0,0,0,0,0,6
0.9041133337420564,0,0,0,3,0,0,3
0.904364040565394,0,0,0,0,0,0,0
0.9043656289567416,0,0,0,0,0,0,0
0.9049002315449302,0,0,0,0,0,0,0
0.905103376890088,0,0,0,0,0,0,0
0.9052368843433627,0,0,1,0,0,0,7
0.9054435139383393,0,0,0,0,0,0,0
0.905471106286742,0,0,4,0,0,0,0
0.9057507228524295,0,0,0,0,0,0,0
0.9057674616431014,0,0,0,0,0,0,0
0.9058477919616578,0,0,0,0,0,0,0
0.9059378178695516,0,0,0,0,0,0,0
0.9059934106979529,0,0,0,0,0,0,0
0.9063945653179055,0,0,0,0,0,0,0
0.9066565780705748,0,0,0,0,0,0,0
0.9068355212751872,0,0,0,0,0,0,0
0.9070252661989656,0,0,0,0,0,0,0
0.9071397926486474,0,0,0,0,0,0,0
0.9074874201181885,0,0,0,0,0,0,0
0.9081161969009846,0,21,17,4,0,0,9
0.9082643104359426,0,0,0,0,0,0,3
0.9083226243737392,0,0,0,0,0,0,2
0.9086688642319346,0,0,0,1,0,0,0
0.9088846011317547,0,0,0,0,0,0,1
0.9088933678588582,0,0,0,4,0,0,1
0.9089883477034439,0,0,0,0,0,0,0
0.9089990475137517,0,0,0,0,0,0,0
0.9091377814286785,0,4,0,0,0,0,5
0.9096785009571101,0,0,0,0,0,0,3
0.9104690150407885,0,0,0,4,0,0,0
0.9104984253344398,0,0,0,0,0,0,0
0.9105393659648854,0,0,0,0,0,0,0
0.9107719493996587,0,0,0,0,0,0,7
0.910872833878433,0,0,0,0,0,0,0
0.9108798734299732,0,1,0,2,0,0,38
0.9111779283277971,0,0,0,0,0,0,0
0.9114270095796654,0,0,0,0,0,0,0
0.9116605029357906,0,1,0,0,0,0,6
0.9117487518266709,0,0,0,0,0,0,0
0.9119277284401439,0,0,0,0,0,0,0
0.9131058281107212,0,1,5,0,0,0,4
0.9132913627802773,0,0,0,0,0,0,0
0.913544611390057,0,0,2,0,0,0,0
0.9136839079386747,0,0,0,0,0,0,11
0.9138016984793452,0,0,0,0,0,0,0
0.9139067845290667,0,0,0,0,0,0,0
0.9139674415666691,0,0,0,3,0,0,4
0.914037569772385,0,0,0,0,0,0,0
0.9145672965866039,0,0,0,0,0,0,64
0.9149524020830452,0,0,0,0,0,0,0
0.9150535600747306,0,0,0,0,0,0,0
0.9151042541943795,0,1,5,3,0,0,0
0.9152416420809907,0,0,0,3,0,0,0
0.9152911569253193,0,0,0,0,0,0,1
0.9153915632367564,0,0,0,0,0,0,4
0.9165084151771226,0,0,12,0,0,0,0
0.9167908258088351,0,0,1,0,0,0,0
0.916901948265963,0,9,0,0,0,0,0
0.9169666971007713,0,0,0,0,0,0,0
0.9173020370077617,0,26,0,0,0,0,2
0.917400317813687,0,0,0,0,0,0,0
0.9178458891864832,0,0,0,0,0,0,0
0.918287948529535,0,0,3,0,0,0,0
0.9183833155611684,0,0,0,0,0,0,0
0.9184647618223459,0,1,1,0,0,0,5
0.918712276688518,0,0,0,0,0,0,0
0.9188400180882237,0,0,0,0,0,0,4
0.919115880484175,0,0,0,0,0,0,4
0.9192826292058806,0,0,0,0,0,0,0
0.9193350879983068,0,0,0,0,0,0,0
0.9193869996944303,0,0,0,0,0,0,0
0.9194635882307836,0,0,5,0,0,0,0
0.9195160063869462,0,2,0,0,0,0,1
0.9195706033646909,0,0,0,0,0,0,0
0.9195943080086555,0,0,0,0,0,0,0
0.9196581561405284,0,0,0,2,0,0,0
0.9197398290539106,0,0,0,0,0,0,0
0.920154009317072,0,0,0,3,0,0,0
0.920634252246907,0,0,0,0,0,0,0
0.9207995962273846,0,0,0,1,0,0,0
0.9209159674660009,0,0,0,4,0,0,0
0.9210337493964442,0,0,0,0,0,0,0
0.9212649088370886,0,0,0,0,0,0,6
0.9219100533620768,0,0,0,0,0,0,0
0.9222181391563427,0,4,0,0,0,0,0
0.9226110751195508,0,0,0,0,0,0,23
0.9228306156680361,0,2,0,0,0,0,0
0.9229549168976557,0,1,0,0,0,0,0
0.9234074665124891,0,0,0,0,0,0,9
0.9234128477421272,0,0,0,0,0,0,3
0.9235215034273112,0,0,0,0,0,0,0
0.9236406958668181,0,1,0,0,0,0,0
0.9237982420572984,0,0,0,0,0,0,0
0.92402156347122,0,1,0,2,0,0,0
0.9245739068892325,0,0,0,0,0,0,0
0.9247237986115774,0,0,0,0,0,0,0
0.9249285025795082,0,0,0,0,0,0,0
0.9252654005877999,0,0,0,0,0,0,4
0.9253975998886582,0,0,0,0,0,0,0
0.9259718746176798,0,0,0,0,0,0,2
0.9263446535264616,0,0,18,0,0,0,0
0.9264722128987922,0,0,0,0,0,0,0
0.9267571162312502,0,0,0,0,0,0,0
0.9268008478091865,0,0,0,0,0,0,0
0.9268445041079004,0,1,0,0,0,0,0
0.9271587718781266,0,0,0,1,0,0,0
0.9273147901039697,0,0,0,0,0,0,0
0.9276791957526197,0,0,0,0,0,0,0
0.9277454925863434,0,5,0,0,0,0,0
0.9279397903718871,0,0,0,0,0,0,1
0.9282193726688699,0,0,0,0,0,0,0
0.9286967373942822,0,0,0,0,0,0,0
0.9287204930217435,0,0,0,0,0,0,6
0.929050222180648,0,0,20,0,0,0,0
0.9292543473717272,0,0,8,0,0,0,0
0.93013116787342,0,0,0,0,0,0,0
0.9303690649001936,0,0,0,0,0,0,0
0.9306416913274813,0,0,0,0,0,0,0
0.9309219261189481,0,0,6,0,0,0,0
0.9311241731538056,0,0,0,0,0,0,2
0.9316086683776613,0,0,0,0,0,0,1
0.9316581623591209,0,0,0,0,0,0,0
0.9319732971835438,0,0,0,0,0,0,0
0.932150253157427,0,0,0,0,0,0,0
0.9324201935321779,0,0,0,0,0,0,0
0.9327270147197229,0,51,7,0,0,0,36
0.9328865109475368,0,0,0,0,0,0,19
0.9334369438903164,0,0,0,0,0,0,0
0.9338626292625376,0,0,5,0,0,0,0
0.9339390436337701,0,0,0,0,0,0,0
0.9339455273078092,0,0,0,0,0,0,0
0.934455401351749,0,0,0,0,0,0,0
0.9345022585479972,0,0,0,0,0,0,0
0.9347945097068296,0,0,0,0,0,0,0
0.9350250998459996,0,0,0,0,0,0,0
0.9361562924350927,0,0,0,0,0,0,0
0.9362294854223857,0,2,0,0,0,0,0
0.9363816159996556,0,4,0,0,0,0,0
0.9366396968640007,0,0,0,0,0,0,0
0.9368086925699091,0,0,4,0,0,0,0
0.9374274692069936,0,0,0,0,0,0,0
0.9375427416979235,0,0,0,7,0,0,0
0.9377991145501833,0,0,0,0,0,0,0
0.9378718366630935,0,8,0,0,0,0,0
0.9382534994111311,0,0,1,2,0,0,3
0.9385242648298825,0,0,0,0,0,0,0
0.9385570484415876,0,3,0,0,0,0,0
0.9387256049956367,0,0,0,5,0,0,0
0.9387920823257261,0,0,0,1,0,0,0
0.9393230592224686,0,16,2,0,0,0,27
0.939369802273496,0,0,0,0,0,0,0
0.939629883284413,0,0,0,0,0,0,0
0.940006503269902,0,2,0,0,0,0,2
0.9401563944512235,0,0,0,0,0,0,0
0.9401887891908144,0,0,0,11,0,0,0
0.9404395669645411,0,6,0,0,0,0,8
0.9407000407227575,0,0,0,0,0,0,3
0.9411069189539804,0,0,5,0,0,0,0
0.9412238899215015,0,0,2,0,0,0,0
0.9414069020077991,0,0,1,0,0,0,0
0.9415655174508081,0,0,0,0,0,0,0
0.9415978986756874,0,0,0,1,0,0,0
0.9420082594358693,0,0,0,0,0,0,3
0.9423763613560178,0,0,0,0,0,0,10
0.942412868832773,0,1,1,0,0,0,2
0.9429060750712545,0,0,0,0,0,0,0
0.9430804948362946,0,0,0,0,0,0,4
0.9442142399912505,0,0,0,5,0,0,0
0.9446571341268971,0,0,0,0,0,0,0
0.9454615160923441,0,0,0,0,0,0,0
0.9461084489404964,0,0,0,0,0,0,8
0.9461865268744593,0,0,0,0,0,0,0
0.9464921990249393,0,0,0,0,0,0,0
0.946689205037195,0,0,0,0,0,0,0
0.9467916702648002,0,0,0,0,0,0,11
0.9472487630180839,0,0,0,0,0,0,0
0.9475234642524585,0,0,0,0,0,0,0
0.9477128602934531,0,0,0,0,0,0,0
0.9484344697128603,0,0,0,0,0,0,0
0.9487616177098851,0,0,0,0,0,0,0
0.9487990317982964,0,0,9,0,0,0,0
0.9495343666250586,0,0,0,0,0,0,0
0.9496686284376085,0,0,0,0,0,0,0
0.9498911228509225,0,1,0,0,0,0,0
0.9499691398602825,0,0,0,3,0,0,1
0.9500912213536169,0,3,2,3,0,0,0
0.9501312614094313,0,0,1,0,0,0,2
0.9503354019725009,0,0,0,0,0,0,0
0.9504359808342442,0,0,0,0,0,0,0
0.9506634182673283,0,0,0,0,0,0,0
0.9508539725772254,0,0,0,0,0,0,0
0.9509508069826711,0,0,0,5,0,0,0
0.951240404595073,0,0,0,0,0,0,0
0.9512964426152247,0,0,1,0,0,0,0
0.9513998141948244,0,0,0,0,0,0,0
0.951451163220936,0,0,0,0,0,0,0
0.95147506578315,0,0,0,0,0,0,0
0.9514888178642215,0,0,12,0,0,0,0
0.9517050490670451,0,0,0,1,0,0,0
0.9519178528248197,0,0,0,0,0,0,0
0.9519283836603029,0,0,0,0,0,0,0
0.9520698290179226,0,0,0,0,0,0,25
0.9521477608674298,0,5,0,0,0,0,0
0.9522220301700978,0,0,0,0,0,0,0
0.9524414618525929,0,0,0,6,0,0,0
0.952477303465105,0,1,0,3,0,0,0
0.9525965625485594,0,0,0,0,0,0,1
0.952725569445682,0,18,0,0,0,0,0
0.9527744139864914,0,0,0,0,0,0,0
0.9528446010661614,0,0,15,0,0,0,0
0.9528974004536432,0,0,0,0,0,0,0
0.9529143701706947,0,0,0,0,0,0,0
0.9529546072547768,0,0,0,2,0,0,0
0.9541527498649293,0,0,0,0,0,0,0
0.9541980876608623,0,0,1,7,0,0,0
0.9544788547570472,0,0,0,0,0,0,20
0.9545683810435427,0,0,0,0,0,0,1
0.9547673825442139,0,0,0,0,0,0,0
0.9550316033434995,0,0,0,0,0,0,0
0.9553519534031054,0,5,0,0,0,0,0
0.9559719308392872,0,0,0,0,0,0,0
0.9561194388830321,0,0,0,0,0,0,0
0.9563370071626086,0,0,0,0,0,0,0
0.9568370617357286,0,0,0,0,0,0,0
0.9569106294477516,0,0,0,0,0,0,1
0.9569553611924786,0,1,1,0,0,0,1
0.9569792225886511,0,0,0,0,0,0,0
0.9570290635107647,0,0,0,0,0,0,0
0.9570326285230883,0,0,0,0,0,0,3
0.9571326229717642,0,0,7,0,0,0,0
0.9579497135963074,0,0,0,0,0,0,1
0.9580647413906475,0,0,0,0,0,0,0
0.9581588393167318,0,0,0,1,0,0,0
0.9582125655725228,0,0,0,0,0,0,0
0.958312472177507,0,0,0,0,0,0,0
0.9586862881525122,0,0,0,0,0,0,0
0.958765173209343,0,0,0,0,0,0,0
0.9590358089550425,0,111,0,0,0,0,0
0.9590505621568384,0,0,0,0,0,0,0
0.9591884001430429,0,0,0,0,0,0,0
0.9592567989232595,0,1,2,0,0,0,0
0.9603395824639229,0,0,0,0,0,0,2
0.9605411539595492,0,0,1,0,0,0,0
0.9614760051028987,0,0,2,0,0,0,0
0.9615496855420357,0,0,0,0,0,0,1
0.9619367618378591,0,0,0,0,0,0,0
0.9619855996300398,0,0,1,2,0,0,0
0.9622621949723921,0,0,0,0,0,0,0
0.9629046796552371,0,0,2,0,0,0,0
0.9630041124094124,0,0,2,0,0,0,0
0.9630349811063073,0,0,19,0,0,0,0
0.9630692184837528,0,0,0,1,0,0,7
0.9631202402641484,0,0,0,0,0,0,1
0.9633824512023125,0,0,0,0,0,0,1
0.9637044200444054,0,0,5,0,0,0,0
0.963717920131033,0,0,0,0,0,0,0
0.9638511214973625,0,2,0,0,0,0,0
0.9638751548945843,0,0,0,0,0,0,0
0.9641687493856105,0,0,0,0,0,0,0
0.9643249111333572,0,0,0,0,0,0,0
0.9645119040177988,0,0,0,0,0,0,0
0.9645156874792696,0,0,0,0,0,0,0
0.9646008974017333,0,0,4,0,0,0,0
0.9647005361479049,0,0,0,0,0,0,0
0.9649787302736522,0,0,0,0,0,0,1
0.9651266157943912,0,0,0,0,0,0,0
0.9655095544305832,0,4,10,0,0,0,15
0.9655212597580327,0,0,0,1,0,0,57
0.9656985083993371,0,0,0,0,0,0,0
0.9657072751935671,0,1,0,7,0,0,4
0.9657379466938101,0,0,0,0,0,0,0
0.9658373675649216,0,0,0,0,0,0,0
0.9663461088114835,0,0,0,0,0,0,0
0.9664748786067296,0,0,0,0,0,0,0
0.9667791607265058,0,0,4,0,0,0,0
0.9669873504797776,0,0,0,1,0,0,0
0.9672227998781386,0,0,0,0,0,0,0
0.9672959088854006,0,0,0,0,0,0,0
0.9673390037589188,0,0,1,0,0,0,2
0.967391027761379,0,0,0,0,0,0,0
0.967584015389392,0,0,0,0,0,0,0
0.9677429409884162,0,0,0,0,0,0,0
0.9678430524235451,0,0,0,0,0,0,0
0.9678604972907648,0,0,11,0,0,0,0
0.9682180466652508,0,2,0,0,0,0,0
0.9684790684560373,0,0,0,0,0,0,0
0.9687832390459936,0,9,1,0,0,0,9
0.9689006652344079,0,0,1,0,0,0,0
0.969111410713298,0,0,0,0,0,0,0
0.9693143936004405,0,0,0,0,0,0,35
0.9693304426360274,0,0,0,0,0,0,0
0.9698526349213641,0,0,0,0,0,0,0
0.9698814158187384,0,0,0,0,0,0,2
0.9699624809128291,0,4,0,5,0,0,8
0.9705071738630452,0,0,0,1,0,0,4
0.9707869887688895,0,0,0,2,0,0,0
0.971008934263408,0,0,0,0,0,0,0
0.9710446142629299,0,0,0,0,0,0,6
0.9710966209351636,0,0,0,0,0,0,0
0.9714702615382681,0,0,2,0,0,0,0
0.9716552918552404,0,0,0,0,0,0,0
0.9718573066318299,0,0,0,1,0,0,0
0.9720783982726807,0,0,0,0,0,0,14
0.9723476583937579,0,0,0,0,0,0,1
0.9724504915784465,0,0,0,0,0,0,0
0.9728248157637286,0,0,3,3,0,0,0
0.9728252487120401,0,2,29,0,0,0,5
0.9738778145219799,0,0,1,6,0,0,1
0.9741208771330075,0,0,0,0,0,0,1
0.974199740283598,0,0,0,0,0,0,13
0.9742750871528151,0,0,2,0,0,0,0
0.9743302693380046,0,0,0,0,0,0,14
0.9743380461055972,0,2,4,0,0,0,0
0.9748557502305695,0,0,0,0,0,0,0
0.974979588669802,0,0,0,0,0,0,1
0.9750883577438827,0,0,0,7,0,0,0
0.9752056494374279,0,0,3,0,0,0,1
0.9752769956020089,0,0,0,0,0,0,0
0.9753371800736779,0,0,9,0,0,0,0
0.975404184504983,0,0,0,8,0,0,6
0.9755158814692917,0,0,0,0,0,0,7
0.9758969555950013,0,0,0,0,0,0,0
0.9759439770439655,0,0,2,0,0,0,0
0.976009683292179,0,0,0,0,0,0,0
0.9760307803224398,0,2,0,0,0,0,0
0.9763804712662882,0,0,42,0,0,0,1
0.9768305180365983,0,0,0,0,0,0,0
0.9769282216321501,0,0,3,3,0,0,0
0.9770051000564064,0,0,0,12,0,0,3
0.9771491621343544,0,0,0,0,0,0,39
0.9773047530011446,0,4,0,2,0,0,0
0.9773448548439834,0,0,0,0,0,0,0
0.9775870598241188,0,1,10,1,0,0,0
0.9776746873147361,0,3,0,2,0,0,0
0.9777034512905527,0,0,0,0,0,0,0
0.9781559596189819,0,0,0,0,0,0,8
0.978303774106538,0,0,0,0,0,0,1
0.9783925077511579,0,0,0,0,0,0,0
0.9787110343116098,0,0,0,5,0,0,0
0.9788379419636338,0,0,0,0,0,0,0
0.9791534797190314,0,0,0,0,0,0,0
0.9792258723201213,0,3,0,0,0,0,0
0.9796295262911794,0,0,0,0,0,0,0
0.9797031804427624,0,0,0,4,0,0,0
0.9798838575581432,0,0,0,0,0,0,5
0.9810665263455592,0,69,0,0,0,0,1
0.9811642369959253,0,0,0,0,0,0,11
0.9813487998622865,0,32,0,16,0,0,4
0.9817900990412323,0,0,4,0,0,0,0
0.9818965595901055,0,0,1,0,0,0,0
0.981989461819384,0,0,0,0,0,0,2
0.9821767204140535,0,0,0,0,0,0,0
0.9824265902685578,0,0,0,0,0,0,0
0.982472163087057,0,0,0,0,0,0,0
0.9824865641538748,0,0,0,0,0,0,0
0.982717014593413,0,1,0,0,0,0,0
0.9827849318219798,0,5,6,0,0,0,0
0.9831068289479333,0,18,0,0,0,0,0
0.983127481065388,0,0,0,5,0,0,0
0.9831381894487989,0,0,0,0,0,0,2
0.9831408666548431,0,0,0,12,0,0,0
0.9836792507206631,0,0,0,0,0,0,16
0.9836987550390331,0,0,0,1,0,0,0
0.9837162352782399,0,0,0,0,0,0,0
0.9838963357102066,0,0,3,0,0,0,0
0.9840344005413351,0,0,0,1,0,0,0
0.9843984271106542,0,0,0,0,0,0,0
0.985097204879178,0,0,4,0,0,0,1
0.9853355706574652,0,0,2,0,0,0,0
0.9857423183291463,0,3,0,0,0,0,0
0.9861102280700542,0,0,0,0,0,0,0
0.9867133237315235,0,0,0,0,0,0,0
0.9868557355265422,0,47,0,0,0,0,0
0.9874737276007032,0,0,0,3,0,0,0
0.987656259275595,0,0,0,0,0,0,0
0.9878265403659586,0,0,0,0,0,0,0
0.9887835478577154,0,0,0,0,0,0,0
0.9890076702818443,0,0,0,0,0,0,0
0.9892272816922417,0,5,0,1,0,0,0
0.9896091637450661,0,10,0,0,0,0,1
0.9898150739118468,0,0,0,0,0,0,0
0.9898569757889826,0,0,0,0,0,0,0
0.9899373245641495,0,1,0,0,0,0,0
0.9901189721714374,0,0,0,0,0,0,2
0.990206407285724,0,0,0,0,0,0,0
0.9904313230828778,0,0,0,0,0,0,0
0.9905810025543648,0,0,0,0,0,0,0
0.9909345831142321,0,0,0,0,0,0,0
0.991120129167928,0,0,0,0,0,0,0
0.9911469265261204,0,0,0,0,0,0,2
0.9912042529317772,0,0,0,0,0,0,0
0.9915453082958379,0,0,0,0,0,0,0
0.9915737531095475,0,0,0,0,0,0,16
0.9916922991673935,0,12,10,0,0,0,19
0.9917613742829116,0,0,0,0,0,0,0
0.9918356872952644,0,0,0,0,0,0,0
0.9918504205417246,0,1,0,0,0,0,31
0.9919599626751348,0,1,0,8,0,0,0
0.9924640839450132,0,0,0,1,0,0,2
0.9924655492324338,0,0,0,0,0,0,0
0.9926689201091526,0,0,0,0,0,0,8
0.9928973513536707,0,0,0,0,0,0,0
0.9930167870900095,0,0,0,12,0,0,0
0.99327361918508,0,0,0,5,0,0,0
0.9937233113354914,0,0,0,0,0,0,0
0.9939276481956911,0,0,6,0,0,0,4
0.9940743775730873,0,0,0,5,0,0,0
0.9941166776654029,0,1,4,0,0,0,10
0.9941519442553919,0,0,0,0,0,0,0
0.9944623364880747,0,0,0,0,0,0,0
0.994522634009904,0,0,0,1,0,0,0
0.9946975744781414,0,0,0,0,0,0,0
0.9947314348978745,0,0,0,2,0,0,0
0.9947931085463226,0,0,0,0,0,0,0
0.9953202680790345,0,0,0,0,0,0,0
0.9954247104714179,0,0,0,8,0,0,6
0.9957914509434194,0,0,1,0,0,0,1
0.9963614981422833,0,0,0,10,0,0,0
0.9964750996822953,0,0,0,0,0,0,0
0.9965602522507171,0,2,0,5,0,0,0
0.9966494184541103,0,0,6,0,0,0,0
0.9967001309642021,0,0,15,0,0,0,0
0.9974480475672097,0,0,0,0,0,0,0
0.997511831127046,0,0,0,0,0,0,0
0.9978213561338773,0,0,0,0,0,0,0
0.9979325035492921,0,0,0,0,0,0,0
0.9979547235116747,0,0,0,11,0,0,0
0.9981407345687782,0,0,0,0,0,0,0
0.9982225795912281,0,0,4,4,0,0,0
0.9987148254608221,0,0,0,0,0,0,0
0.9990075243823096,0,1,0,0,0,0,0
0.9991745520443618,0,0,7,0,0,0,0
0.9994215307770713,0,0,0,0,0,0,0
0.9994676671149735,0,0,0,0,0,0,17
0.9998087004500353,0,0,0,0,0,0,12
0.9998437399358192,0,0,0,3,0,0,4
1.0000957758996336,0,0,0,0,0,0,0
1.0001753250539216,0,0,0,0,0,0,3
1.000514990835643,0,2,0,0,0,0,0
1.0007598484626068,0,1,1,0,0,0,0
1.0009672639222322,0,0,0,0,0,0,0
1.0010443716350075,0,0,0,0,0,0,0
1.0013922362341618,0,0,0,0,0,0,0
1.0020308826817932,0,0,0,2,0,0,7
1.0022985585867823,0,0,0,0,0,0,0
1.0024341846162275,0,32,10,0,0,0,0
1.0026905490367033,0,0,0,0,0,0,0
1.0027867061217293,0,0,16,0,0,0,0
1.0029301463294942,0,0,0,0,0,0,0
1.00295730642869,0,0,0,0,0,0,0
1.0030617404545314,0,0,0,0,0,0,0
1.0031892383935077,0,0,0,0,0,0,5
1.003211179507243,0,0,0,0,0,0,1
1.0033454103853634,0,0,0,3,0,0,0
1.0033907770646422,0,0,0,5,0,0,0
1.0035129261911166,0,0,0,0,0,0,0
1.0041910746502938,0,4,0,0,0,0,0
1.0043003326306694,0,0,0,1,0,0,0
1.0049643080704174,0,0,2,0,0,0,0
1.0049845094113137,0,0,5,1,0,0,0
1.0056686011527023,0,0,0,0,0,0,0
1.0057583985147345,0,0,0,0,0,0,0
1.0067352351467043,0,0,0,0,0,0,0
1.0069231953532176,0,29,0,0,0,0,25
1.0069692142966729,0,0,0,8,0,0,0
1.007012009646686,0,0,0,0,0,0,0
1.007061759635281,0,0,0,0,0,0,0
1.0072048699557605,0,0,0,6,0,0,0
1.0081333833028772,0,0,0,0,0,0,0
1.0084782812268231,0,2,0,0,0,0,2
1.008489114970487,0,0,0,0,0,0,0
1.0089544322794797,0,0,0,0,0,0,0
1.0090767368711704,0,0,0,0,0,0,0
1.0090998031270488,0,0,1,0,0,0,0
1.00957516684662,0,0,0,3,0,0,0
1.0096596641263116,0,0,0,3,0,0,0
1.0100521291147577,0,1,0,0,0,0,0
1.0105223528510734,0,1,0,0,0,0,0
1.0111226032234448,0,0,0,5,0,0,0
1.011137525847851,0,0,0,0,0,0,15
1.0111744663771993,0,0,0,6,0,0,0
1.011368018192214,0,0,0,0,0,0,50
1.0114259414011597,0,0,0,0,0,0,0
1.0115979382916611,0,0,0,0,0,0,0
1.0118400324948296,0,4,0,0,0,0,0
1.011980756510227,0,0,82,0,0,0,0
1.0120140825445934,0,1,0,0,0,0,47
1.0122202424314304,0,0,0,0,0,0,4
1.0126201913969293,0,2,0,0,0,0,0
1.0127340446754434,0,32,1,0,0,0,0
1.0128242677964745,0,0,0,0,0,0,2
1.0128358746394006,0,0,0,0,0,0,5
1.012900667766081,0,1,0,0,0,0,0
1.0130625716387993,0,0,0,5,0,0,0
1.013077071967414,0,0,0,0,0,0,0
1.013263501660951,0,0,0,0,0,0,0
1.013773188991832,0,0,1,0,0,0,0
1.0139221400898835,0,0,0,0,0,0,0
1.0141406975186817,0,0,0,0,0,0,0
1.0144551104150497,0,0,0,0,0,0,1
1.014472863400863,0,0,0,0,0,0,0
1.014547741019366,0,0,0,0,0,0,0
1.0150068561990444,0,0,0,0,0,0,1
1.0151494355621258,0,0,0,0,0,0,2
1.015245190318315,0,0,0,0,0,0,3
1.0152468882526862,0,0,0,8,0,0,0
1.0165258921605822,0,0,0,0,0,0,0
1.016553592632617,0,0,0,4,0,0,1
1.0169401088354169,0,2,0,0,0,0,0
1.0173785032035407,0,2,0,0,0,0,1
1.0174160867823017,0,0,0,0,0,0,62
1.0177699183071358,0,0,0,0,0,0,0
1.0180309331460458,0,25,0,0,0,0,0
1.0180666900063933,0,0,0,9,0,0,0
1.0180730177497734,0,0,0,12,0,0,0
1.018452648276166,0,3,3,4,0,0,0
1.018459868300012,0,3,0,0,0,0,0
1.0188773454351008,0,0,0,0,0,0,1
1.0190299342536644,0,0,0,0,0,0,0
1.0194436033789263,0,0,6,0,0,0,6
1.0194726111288532,0,0,0,0,0,0,0
1.0197087580583963,0,0,0,0,0,0,0
1.0198912651211243,0,0,0,4,0,0,0
1.020263297500037,0,0,0,0,0,0,0
1.0203551502042325,0,0,0,0,0,0,3
1.020540775924026,0,0,0,2,0,0,0
1.020965200588383,0,3,0,0,0,0,0
1.0210450623105667,0,0,0,0,0,0,0
1.0210611675034038,0,0,0,0,0,0,7
1.0213734523596152,0,0,0,0,0,0,0
1.0213817609641402,0,0,0,0,0,0,0
1.0215076201510356,0,0,0,0,0,0,0
1.021639081175871,0,4,0,0,0,0,0
1.0219438683735298,0,0,3,0,0,0,0
1.0226705743627225,0,0,0,3,0,0,6
1.0227826279433216,0,5,0,0,0,0,0
1.0228791463857796,0,0,0,0,0,0,5
1.0231256119497893,0,0,0,0,0,0,0
1.0231874779997077,0,0,0,0,0,0,0
1.0235113628571952,0,0,0,0,0,0,0
1.0235341430452372,0,0,0,0,0,0,0
1.0241673363580082,0,10,0,0,0,0,0
1.024354269165577,0,0,0,0,0,0,0
1.0245175863564875,1,0,5,0,0,0,0
1.0246956990159735,0,0,0,0,0,0,0
1.0247115593194323,0,0,0,0,0,0,0
1.0253999472911774,0,0,0,0,0,0,0
1.0255898419193936,0,0,55,0,0,0,0
1.0256650599957648,0,0,0,0,0,0,4
1.0262212776761552,0,0,1,8,0,0,0
1.0263908570186835,0,0,0,1,0,0,6
1.0265883535955593,0,0,0,0,0,0,0
1.026713530042596,0,0,0,0,0,0,0
1.0270471329148512,0,0,0,0,0,0,0
1.0273581374357164,0,0,0,0,0,0,0
1.0274849766431002,0,0,0,2,0,0,0
1.0277236768391562,0,0,0,0,0,0,0
1.0277241380102813,0,0,0,7,0,0,7
1.0277726099430862,0,0,0,1,0,0,6
1.0279901651022767,0,0,0,7,0,0,0
1.0283571977423607,0,0,0,0,0,0,0
1.0284278455934834,0,27,0,0,0,0,2
1.0286665593537938,0,0,7,1,0,0,6
1.0289200114483017,0,0,0,0,0,0,0
1.0291064209243102,0,0,0,0,0,0,7
1.0299663937647923,0,0,0,0,0,0,7
1.0300490646057212,1,2,0,0,0,0,3
1.0304841821177653,0,1,0,0,0,0,19
1.0305632766060127,0,0,1,0,0,0,6
1.0314176443635965,0,0,0,0,0,0,0
1.0314537935671837,0,19,0,0,0,0,0
1.0315697046919778,0,22,0,0,0,0,0
1.0318022298005378,0,0,0,0,0,0,7
1.0319822461145056,0,0,0,2,0,0,0
1.0319934348068576,0,0,0,0,0,0,0
1.0319944490062885,0,0,0,0,0,0,0
1.032035100474325,0,0,0,0,0,0,0
1.0322629499110199,0,0,0,0,0,0,0
1.0323458151286147,0,0,0,0,0,0,3
1.0323872642893668,0,0,0,0,0,0,0
1.032687534581548,0,0,0,0,0,0,0
1.032783946200481,0,0,0,0,0,0,0
1.0328976856103491,0,0,0,0,0,0,5
1.0330024265131252,0,1,0,0,0,0,0
1.0331972686490032,0,0,0,1,0,0,0
1.0333865269872975,0,0,0,0,0,0,1
1.0347950163441735,0,16,0,0,0,0,0
1.0349002552579762,0,0,0,0,0,0,0
1.035047396689281,0,0,0,4,0,0,0
1.035699739839976,0,0,0,0,0,0,0
1.0358964947050113,0,0,0,0,0,0,0
1.0359066149756226,0,0,0,0,0,0,0
1.035926432626767,0,0,0,0,0,0,2
1.0359378783071675,0,0,0,0,0,0,5
1.0360202524386053,0,0,0,21,0,0,0
1.0360392726861007,0,0,0,0,0,0,0
1.0360560495449949,0,0,3,1,0,0,0
1.036078262230112,0,0,0,7,0,0,0
1.036107405612935,0,0,0,0,0,0,0
1.036284606313787,0,0,4,0,0,0,0
1.0364415969236667,0,6,0,0,0,0,0
1.0367649283232618,0,0,0,0,0,0,0
1.0370637412679953,0,0,0,0,0,0,0
1.0375044506396975,0,0,54,0,0,0,0
1.0376657724524112,0,0,0,2,0,0,0
1.0379810923810142,0,0,0,5,0,0,6
1.0379913573592388,0,2,0,0,0,0,0
1.0382254531836514,0,0,0,0,0,0,0
1.0383226309357707,0,0,15,0,0,0,0
1.0387003192086592,0,0,0,0,0,0,0
1.039042097567972,0,0,0,0,0,0,0
1.0391895051098243,0,6,36,7,0,0,7
1.0393148914261454,0,0,0,0,0,0,0
1.0393822043453909,0,0,4,0,0,0,0
1.0398719298591519,0,0,0,0,0,0,0
1.0402025814124454,0,0,0,0,0,0,0
1.0403128945206692,0,24,0,6,0,0,0
1.040826992490092,0,0,0,0,0,0,10
1.0412872355195524,0,0,0,0,0,0,0
1.0414023401248171,0,0,0,0,0,0,0
1.0417613841380744,0,0,0,0,0,0,0
1.0418968358318412,0,0,0,0,0,0,0
1.042153920575031,0,0,0,1,0,0,3
1.0424857466860002,0,0,0,0,0,0,2
1.0426144514577562,0,0,0,0,0,0,0
1.0426390230845501,0,0,0,4,0,0,0
1.0428112657074342,0,0,0,0,0,0,0
1.042909975235558,0,0,0,0,0,0,0
1.0430155520147812,0,9,8,0,0,0,0
1.0438098667385627,0,0,0,0,0,0,2
1.0438297541153951,0,0,0,0,0,0,4
1.0442536054250229,0,0,0,0,0,0,0
1.044435519287085,0,2,1,0,0,0,0
1.0445457652428742,0,6,0,1,0,0,0
1.0446053938098645,0,0,0,0,0,0,0
1.044667859450885,0,0,0,0,0,0,0
1.0446925254653892,0,0,0,0,0,0,1
1.0447884041689783,0,0,0,0,0,0,0
1.0448266589084898,0,0,0,0,0,0,4
1.0450246736348172,0,0,0,0,0,0,0
1.045087207367374,0,24,0,0,0,0,0
1.0452744592712406,0,0,0,0,0,0,0
1.0452997616521318,0,0,0,0,0,0,7
1.0454243595350525,0,0,0,0,0,0,0
1.0455840326012793,0,0,0,0,0,0,0
1.0460575915783556,0,0,0,0,0,0,0
1.04616365716832,0,0,0,0,0,0,0
1.0461923943775342,0,0,0,0,0,0,0
1.0462948604297504,0,0,0,0,0,0,0
1.046296250280264,0,0,7,0,0,0,0
1.0464034533397595,0,0,0,0,0,0,3
1.0464585210281894,0,2,0,5,0,0,1
1.0466556603843244,0,0,0,0,0,0,9
1.046732806738113,0,0,0,0,0,0,0
1.0467730623362488,0,0,7,0,0,0,9
1.0471673911518915,0,0,0,0,0,0,0
1.0472168103876334,0,0,0,0,0,0,0
1.0472659202009815,0,4,0,17,0,0,0
1.0473965912279821,0,0,0,1,0,0,0
1.0475672531872524,0,1,0,0,0,0,0
1.048100731933181,0,0,4,0,0,0,0
1.04810265925592,0,0,0,0,0,0,0
1.0483639993528375,0,0,0,0,0,0,5
1.048369642055661,0,0,0,0,0,0,20
1.048860182713908,0,0,0,4,0,0,0
1.049051909772209,0,0,0,0,0,0,0
1.049311377122791,0,0,0,0,0,0,0
1.0493782496278599,0,0,0,0,0,0,0
1.04964331545407,0,0,0,0,0,0,0
1.0498220911018132,0,0,0,2,0,0,0
1.049940058016985,0,0,0,3,0,0,0
1.0502111678351227,0,5,0,0,0,0,1
1.0502507658588383,0,3,9,0,0,0,5
1.0506796685814352,0,0,0,0,0,0,0
1.0508361794998125,0,4,0,0,0,0,0
1.051268828882892,0,0,1,2,0,0,2
1.051282353888659,0,0,0,7,0,0,6
1.0515024781359414,0,0,0,3,0,0,0
1.0515547176133193,0,0,0,0,0,0,0
1.0516071489542471,0,0,0,0,0,0,0
1.0518241097802457,0,0,0,0,0,0,0
1.052009890993969,0,1,0,5,0,0,4
1.0520642897842332,0,1,0,0,0,0,0
1.052376643592437,0,0,5,0,0,0,15
1.0523945640999819,0,0,0,0,0,0,0
1.05240130649621,0,0,0,1,0,0,0
1.0526178507427142,0,0,0,0,0,0,43
1.0526637397466065,0,1,2,11,0,0,8
1.0527391491010434,0,0,0,8,0,0,0
1.0531897307143552,0,0,0,9,0,0,0
1.053400375331561,0,5,0,0,0,0,0
1.0538735085109667,0,5,0,0,0,0,2
1.0539461962033037,0,27,1,0,0,0,0
1.0543956372280903,0,0,0,0,0,0,2
1.054906094685154,0,0,0,0,0,0,0
1.055032458826135,0,0,0,0,0,0,0
1.0551915795793896,0,0,0,4,0,0,0
1.055236241843487,0,0,0,0,0,0,0
1.0558362020481709,0,0,0,0,0,0,0
1.0559126116570037,0,0,0,3,0,0,0
1.0560099398370562,0,0,2,0,0,0,0
1.0561049487024363,0,0,15,0,0,0,0
1.0561800687673282,0,0,0,0,0,0,3
1.0563660659083594,0,0,0,5,0,0,0
1.056385348989442,0,0,10,13,0,0,12
1.0567515957313942,0,0,0,0,0,0,0
1.0567690210902112,0,0,0,1,0,0,0
1.0571080600209868,0,0,22,0,0,0,0
1.0571570174163978,0,5,0,0,0,0,0
1.0572148166996345,0,0,0,0,0,0,0
1.0572715304589069,0,9,0,19,0,0,0
1.0573337907407128,0,0,0,0,0,0,0
1.057363239267926,0,0,6,0,0,0,1
1.0574855024124283,0,0,2,0,0,0,0
1.0578927355311227,0,0,0,3,0,0,0
1.057980914508652,0,0,0,0,0,0,0
1.0581006781672266,0,0,0,0,0,0,0
1.0582766446768197,0,0,0,0,0,0,0
1.0582955485450452,0,0,0,0,0,0,3
1.0583108293636174,0,0,0,3,0,0,0
1.058324576094968,0,0,0,0,0,0,1
1.0583539278649121,0,1,0,0,0,0,0
1.0583863671147085,0,0,0,0,0,0,0
1.0586006861588406,0,0,0,0,0,0,0
1.0590030480219337,0,0,0,0,0,0,0
1.0590070185974996,0,0,0,0,0,0,0
1.059093422356013,0,1,4,0,0,0,4
1.0591391284496137,0,0,0,0,0,0,0
1.0592264043308224,0,0,0,0,0,0,1
1.0592657512950878,0,0,0,1,0,0,0
1.0597652906733248,0,6,0,0,0,0,0
1.0601610938314476,0,0,0,0,0,0,1
1.0607386742829845,0,0,0,0,0,0,0
1.0610548229009065,0,0,0,0,0,0,0
1.0611551298172235,1,0,0,3,0,0,0
1.0613217558280899,0,0,0,0,0,0,0
1.0616998292054995,0,0,0,0,0,0,0
1.0617365493665105,0,0,3,0,0,0,0
1.0625583361082342,0,0,0,11,0,0,0
1.0626423847162112,0,2,0,0,0,0,0
1.062777976930926,0,0,0,0,0,0,0
1.062800579774244,0,0,0,0,0,0,0
1.0632252952217829,0,27,0,0,0,0,0
1.0642266996313159,0,2,0,0,0,0,0
1.064494646655208,0,2,10,2,0,0,1
1.0645570494457464,0,0,0,0,0,0,106
1.0653956157184856,0,0,0,0,0,0,0
1.0654816659135884,0,2,17,1,0,0,0
1.0654857730941387,0,0,0,0,0,0,0
1.0656008809612845,0,0,0,0,0,0,39
1.0656903794564476,0,0,0,0,0,0,0
1.0659094829913973,1,2,8,3,0,0,12
1.0660253846593004,0,0,3,0,0,0,0
1.066241970892888,0,0,0,0,0,0,0
1.0664462253109015,0,1,0,0,0,0,24
1.0664466561005437,0,0,0,4,0,0,5
1.066503811522619,0,0,0,0,0,0,0
1.0665325622346813,0,0,0,0,0,0,1
1.0668230133453702,0,0,0,0,0,0,0
1.0678498010835415,0,0,1,0,0,0,0
1.0681412561486614,0,0,0,0,0,0,0
1.068568204087172,0,0,0,7,0,0,1
1.068736510122365,0,0,0,0,0,0,0
1.0691142249221732,0,4,8,2,0,0,0
1.0698112042325307,0,0,0,0,0,0,0
1.0698504934854334,0,0,0,0,0,0,0
1.0702334367496864,0,0,0,0,0,0,47
1.0703376031965615,0,0,0,0,0,0,0
1.0708998409529633,0,0,0,0,0,0,0
1.0709001740782709,0,0,7,0,0,0,7
1.0711280911666798,1,28,5,11,0,0,15
1.0711738077496733,0,3,1,1,0,0,3
1.0713003789460316,0,0,0,0,0,0,0
1.0714837062072995,0,0,0,0,0,0,0
1.0715107261685404,0,0,0,1,0,0,2
1.0715501888713617,0,0,0,0,0,0,0
1.0717103231909284,0,0,12,0,0,0,0
1.0717692791724718,0,0,0,0,0,0,0
1.0726477781357941,0,0,0,0,0,0,0
1.0726523034125695,0,0,0,0,0,0,2
1.0728228454736464,0,0,1,0,0,0,0
1.0729445823702284,0,0,0,0,0,0,0
1.0734657817026643,0,0,0,0,0,0,0
1.0738221138346389,0,0,0,0,0,0,0
1.0741512853387445,0,0,0,0,0,0,0
1.0744074933272094,0,0,0,0,0,0,0
1.0746395131875457,0,0,0,0,0,0,0
1.0749532404889022,0,0,0,13,0,0,6
1.0750041849664753,0,0,0,0,0,0,0
1.075167346934414,0,0,0,2,0,0,0
1.075217167215434,0,0,0,0,0,0,0
1.075237684050284,0,0,0,1,0,0,0
1.0754689566931614,0,2,0,1,0,0,0
1.0755719754809456,0,0,0,0,0,0,2
1.0757219328702965,0,0,0,0,0,0,0
1.0764105641340747,0,0,0,0,0,0,0
1.0764307444739962,0,0,0,1,0,0,0
1.0767181389286646,0,0,0,1,0,0,6
1.0769279094826618,0,0,0,0,0,0,4
1.077340271752089,0,2,0,0,0,0,0
1.0779142121764889,0,3,0,0,0,0,0
1.078158523921237,0,0,0,0,0,0,2
1.078221635691727,0,0,0,0,0,0,1
1.0783957892565286,0,0,0,9,0,0,0
1.0783971069991674,0,1,0,0,0,0,0
1.0785533410105321,0,0,0,0,0,0,0
1.0786216666132926,0,0,8,7,0,0,0
1.0787498828469,0,0,12,4,0,0,0
1.0789723690784652,0,0,1,0,0,0,0
1.0789857977311605,0,0,0,0,0,0,5
1.079240300373602,0,0,0,0,0,0,0
1.0798665972616224,0,0,0,0,0,0,13
1.0802292267508007,0,4,16,0,0,0,0
1.0802450420586238,0,0,0,0,0,0,0
1.080400073737641,0,0,0,2,0,0,0
1.0804656194096331,0,1,0,0,0,0,0
1.0804752754744351,0,2,0,3,0,0,0
1.0806382136972246,0,0,0,0,0,0,3
1.0806391110247582,0,0,0,0,0,0,0
1.0806790403416597,0,0,2,0,0,0,0
1.0808614381824198,0,0,0,0,0,0,4
1.0810863765501562,0,0,0,3,0,0,0
1.0811346164382687,0,0,0,0,0,0,7
1.0812856235039343,0,0,0,1,0,0,0
1.081750550570371,0,0,0,0,0,0,7
1.0821837594093644,0,0,0,2,0,0,0
1.0823083042031167,0,0,0,0,0,0,0
1.082383352249649,0,3,0,0,0,0,0
1.0823864714239626,0,0,0,1,0,0,0
1.0823932442860944,0,0,0,0,0,0,0
1.0826099880055016,0,0,0,0,0,0,0
1.0826137780387868,0,0,0,0,0,0,0
1.0834898967230253,0,0,0,15,0,0,0
1.0837030967821824,0,0,0,11,0,0,0
1.0838750496123961,0,0,0,0,0,0,0
1.084063262954606,0,8,0,0,0,0,0
1.084331308680747,0,0,1,1,0,0,1
1.0843903805964092,0,0,0,0,0,0,0
1.0844136912701887,0,0,0,0,0,0,2
1.0844697228413858,0,0,0,0,0,0,8
1.0847094344307828,0,0,0,0,0,0,0
1.0847464599879582,0,0,0,0,0,0,0
1.0847528632790082,0,0,0,0,0,0,0
1.0848180191036272,0,0,0,0,0,0,0
1.0850700198194052,0,0,0,8,0,0,0
1.085327377171623,0,0,0,1,0,0,0
1.0856589458360997,0,0,0,1,0,0,0
1.0859505415900943,0,0,0,0,0,0,0
1.085951677056083,0,4,0,0,0,0,0
1.0861498963342384,0,0,0,0,0,0,0
1.08646640748956,0,0,0,0,0,0,0
1.0871736182536762,0,0,0,0,0,0,0
1.0872719641895692,0,0,0,0,0,0,0
1.0876925852064077,0,0,0,2,0,0,0
1.0877176646614684,0,0,3,2,0,0,0
1.087748881294181,0,0,0,8,0,0,0
1.0884158134964605,0,2,0,0,0,0,0
1.0888253541347181,0,0,0,0,0,0,0
1.0892913825639459,0,17,1,5,0,0,8
1.089650226785856,0,0,68,0,0,0,0
1.0897517551735028,0,0,0,0,0,0,0
1.0902157501498124,0,0,0,0,0,0,0
1.0902747538344153,0,0,0,0,0,0,4
1.0902814334930688,0,0,0,0,0,0,0
1.0903842034406652,0,0,2,0,0,0,0
1.0907572037822673,0,0,0,0,0,0,0
1.0907763703724818,0,0,0,0,0,0,0
1.0909881365503837,0,0,0,0,0,0,0
1.0914808630555488,0,6,0,0,0,0,1
1.0921157899582197,0,0,0,0,0,0,1
1.092273287262088,0,0,11,0,0,0,0
1.0923756594392406,0,0,0,0,0,0,7
1.0924582127806788,0,0,0,0,0,0,0
1.0926897120194716,0,0,0,3,0,0,0
1.092894492185356,0,0,0,0,0,0,0
1.0930279659917481,0,0,0,0,0,0,0
1.0934974216902336,0,0,0,0,0,0,0
1.0939234334043393,0,0,0,0,0,0,0
1.0945455848530252,0,0,0,0,0,0,0
1.0945696006843832,0,0,0,0,0,0,0
1.0947611176698417,0,0,0,0,0,0,6
1.094819468977657,0,1,0,0,0,0,0
1.0949700685578487,0,0,26,0,0,0,0
1.095384181184943,0,0,0,0,0,0,0
1.0955897343814576,0,0,2,0,0,0,0
1.0955953747685387,0,0,0,0,0,0,0
1.0956883898146572,0,0,0,0,0,0,0
1.0958049486875778,0,0,0,0,0,0,0
1.0959559239766805,0,0,0,0,0,0,0
1.0961827828663104,0,17,0,0,0,0,0
1.09622280281556,0,0,0,1,0,0,0
1.09628291120522,0,0,0,0,0,0,0
1.096493951998085,0,0,0,2,0,0,0
1.0966471347368143,0,12,0,0,0,0,0
1.0967502644787825,0,0,0,0,0,0,0
1.0968281862154787,0,0,0,0,0,0,0
1.0971735905020978,0,0,1,0,0,0,1
1.097241750266152,0,6,0,0,0,0,0
1.097265489838043,0,0,0,0,0,0,0
1.0974151680384996,0,0,0,0,0,0,0
1.0977344814996224,0,0,0,0,0,0,0
1.0979816373555744,0,0,0,15,0,0,0
1.0980626669988294,0,3,0,0,0,0,0
1.098872467100862,0,0,0,0,0,0,0
1.0993550713359665,0,23,0,0,0,0,0
1.0993674444370045,0,3,0,0,0,0,0
1.0996089771592985,0,0,0,0,0,0,0
1.099630580656474,0,0,3,0,0,0,0
1.0998355630502423,0,0,42,0,0,0,0
1.0999045856720606,0,0,0,0,0,0,0
1.1001670742229037,0,0,0,0,0,0,0
1.1002134720193544,0,0,0,0,0,0,0
1.1003429357736332,0,0,0,0,0,0,0
1.10081479537817,0,0,0,2,0,0,0
1.1011153800325257,0,0,0,0,0,0,0
1.1017254237137994,0,0,0,4,0,0,0
1.1023485484326154,0,0,0,0,0,0,0
1.1024291626941956,0,0,0,0,0,0,1
1.1024464259182298,0,0,0,3,0,0,0
1.1024738433753418,0,0,0,0,0,0,0
1.1027739015060671,0,0,0,3,0,0,0
1.1028099428077993,0,0,0,0,0,0,0
1.103825805616953,0,0,0,0,0,0,0
1.1039268483346283,0,0,0,0,0,0,0
1.1046239999651972,0,0,0,0,0,0,0
1.1048274965907827,0,0,0,0,0,0,0
1.1049610476312257,0,0,0,2,0,0,0
1.1050328245049952,0,0,0,0,0,0,0
1.1051078060666224,0,0,0,0,0,0,0
1.1052771910540553,0,0,0,0,0,0,3
1.1056369623199152,0,1,0,0,0,0,0
1.1062432827790416,0,0,1,0,0,0,0
1.1062734812268273,0,1,0,0,0,0,0
1.1064080803797627,0,0,0,0,0,0,0
1.106553305076919,0,0,8,0,0,0,9
1.10710540182841,0,0,0,0,0,0,0
1.1075023737797003,0,0,38,0,0,0,0
1.1077389971196656,0,0,0,0,0,0,0
1.1077711315566314,0,0,1,0,0,0,11
1.108056816009492,0,0,0,0,0,0,0
1.108077038840342,0,0,13,0,0,0,1
1.1083880836490618,0,0,0,0,0,0,0
1.1085928501310514,0,0,0,8,0,0,0
1.1088144944145795,0,0,19,0,0,0,0
1.1091257225358762,0,0,0,0,0,0,2
1.1092382975669333,0,0,0,0,0,0,0
1.1093338065730036,0,0,0,0,0,0,0
1.1093563685942702,0,0,0,0,0,0,0
1.1095721827625966,0,0,0,0,0,0,0
1.1095950445165608,0,0,0,0,0,0,0
1.109919872520789,0,0,0,0,0,0,0
1.1102009037639449,0,0,1,0,0,0,1
1.1102563187047618,0,0,0,1,0,0,0
1.1108565483985002,0,0,0,0,0,0,0
1.1110883974279389,0,0,0,0,0,0,0
1.1111593770111445,0,0,0,0,0,0,4
1.1111699751270432,0,0,1,2,0,0,0
1.1111959030768348,0,0,0,0,0,0,0
1.1115718988375076,0,0,0,0,0,0,0
1.1116138468122083,1,34,3,0,0,0,18
1.1116322975252981,0,0,0,0,0,0,0
1.1117226865938363,0,0,0,0,0,0,0
1.1118525476113004,0,0,1,0,0,0,0
1.1119137736469469,0,0,0,4,0,0,0
1.112082463714828,0,1,0,0,0,0,0
1.1121812520984669,0,0,1,0,0,0,0
1.1123030595507497,0,0,0,0,0,0,0
1.1127228483704077,0,0,0,6,0,0,0
1.113046091694131,0,0,0,0,0,0,5
1.1131295872283506,0,0,0,0,0,0,0
1.1133386099253795,0,6,0,0,0,0,1
1.1134417677660993,0,0,0,4,0,0,0
1.113827480312553,0,0,0,0,0,0,3
1.11390068219008,0,0,0,0,0,0,0
1.1141320297714055,0,0,0,0,0,0,0
1.1145252693881942,0,0,0,0,0,0,0
1.1149729913804394,0,0,0,0,0,0,0
1.1156567057969307,0,1,0,0,0,0,0
1.116267289494641,0,0,0,0,0,0,0
1.116275851078485,0,0,0,0,0,0,0
1.11632849365063,0,2,12,0,0,0,0
1.1164004145336275,0,0,0,0,0,0,0
1.1168038748690692,0,0,2,0,0,0,0
1.1171946087668325,0,0,0,0,0,0,0
1.1173747327190708,0,0,0,0,0,0,9
1.1173986335372985,0,0,0,18,0,0,0
1.1176616662227727,0,0,2,0,0,0,0
1.1177950968729855,0,0,0,0,0,0,0
1.1181859011313537,0,0,0,0,0,0,0
1.1185302320048907,1,1,7,7,0,0,10
1.1187959387051005,0,0,0,0,0,0,0
1.1190413475759815,0,0,0,0,0,0,3
1.1196873447920113,0,2,0,0,0,0,0
1.12014263776911,0,0,0,4,0,0,0
1.1204990697253194,0,0,0,0,0,0,0
1.1205698956213854,0,0,3,0,0,0,0
1.120584005734151,0,0,0,0,0,0,0
1.1209026667727973,0,0,0,3,0,0,0
1.121426940037843,0,0,0,0,0,0,0
1.121785040228177,0,0,0,0,0,0,0
1.1221358735090554,0,0,0,0,0,0,0
1.1225875731525778,0,0,0,0,0,0,0
1.122831416324145,0,0,0,0,0,0,0
1.1234183460169689,0,0,1,0,0,0,0
1.1235989037405534,0,0,0,0,0,0,0
1.1238104309968164,0,0,0,3,0,0,0
1.1238552925329448,0,0,0,0,0,0,2
1.123930104397769,0,1,0,0,0,0,0
1.1239975219225375,0,0,0,0,0,0,0
1.124055019725755,0,0,0,0,0,0,0
1.1241617355672486,0,19,0,14,0,0,1
1.1242170123349278,0,4,6,0,0,0,0
1.124235577588531,0,0,0,0,0,0,0
1.1244113283564545,0,0,0,5,0,0,0
1.1245455808507154,0,0,0,0,0,0,0
1.1248709686031715,0,0,0,0,0,0,0
1.1257779608374596,0,0,0,0,0,0,0
1.126178227626579,0,0,0,0,0,0,0
1.1263279928628973,0,1,0,0,0,0,2
1.1263945093909977,0,0,0,0,0,0,0
1.1266295241389488,0,0,0,0,0,0,0
1.1267030834183052,0,0,0,0,0,0,0
1.1267835040302228,0,0,0,5,0,0,0
1.1269949223875515,0,0,2,0,0,0,0
1.1270116952078537,0,0,0,1,0,0,0
1.12701489038756,0,0,0,0,0,0,0
1.1273160510228506,0,18,0,12,0,0,0
1.1275419761528631,0,0,0,0,0,0,0
1.127965060106305,0,0,0,0,0,0,48
1.1279734485296107,0,0,0,0,0,0,0
1.1288654124638247,0,0,0,0,0,0,1
1.1291745827328152,0,0,0,0,0,0,0
1.1294599659293656,0,0,0,0,0,0,0
1.1295260873198962,0,0,0,0,0,0,0
1.1297400869342347,0,0,0,0,0,0,0
1.1299100867489364,0,53,0,23,0,0,0
1.1307197296740936,0,2,0,0,0,0,2
1.130722320188024,0,0,0,0,0,0,0
1.131406380263267,0,0,0,0,0,0,2
1.131610913372134,0,4,0,1,0,0,0
1.1316704061308738,0,0,0,0,0,0,2
1.1317690885689717,0,0,0,0,0,0,8
1.132151891898397,1,0,1,3,0,0,0
1.132178048341828,0,0,0,0,0,0,46
1.1326111016471763,0,0,4,0,0,0,0
1.1330341521641512,0,0,0,0,0,0,0
1.1348962337252062,1,6,11,0,0,0,21
1.1356052337614466,0,0,0,2,0,0,0
1.1363141276939075,0,0,0,0,0,0,0
1.136533643107755,0,0,0,4,0,0,0
1.136654719997505,0,0,0,0,0,0,2
1.137103462719273,0,0,0,0,0,0,2
1.1378036294737073,0,0,0,0,0,0,0
1.1378210403161,0,0,0,0,0,0,0
1.1381133255326383,0,0,0,0,0,0,0
1.1382352144617633,0,0,0,0,0,0,2
1.1384514081213102,0,0,0,0,0,0,0
1.1384979077383828,0,0,0,0,0,0,0
1.138760929184553,0,0,0,0,0,0,0
1.139304212369839,0,1,0,0,0,0,0
1.139386922370409,0,0,0,0,0,0,0
1.1395640990567135,0,0,0,9,0,0,0
1.1396529047286963,0,0,0,0,0,0,0
1.14012450258924,0,0,0,0,0,0,9
1.1409981122773016,0,0,0,1,0,0,0
1.141240601766343,0,0,0,0,0,0,0
1.1419128288258606,0,2,0,0,0,0,0
1.1419500020272042,0,0,0,5,0,0,0
1.142861764727054,0,0,0,0,0,0,2
1.1431234355504742,0,0,0,0,0,0,0
1.1433048963413348,0,0,0,0,0,0,0
1.143649327998402,0,0,0,0,0,0,0
1.1437344842871744,0,0,0,0,0,0,0
1.1443164624819184,0,0,0,5,0,0,5
1.1448779774879256,0,0,7,7,0,0,2
1.145183660174802,0,0,0,0,0,0,0
1.1453135431127688,1,5,0,0,0,0,8
1.1466839193414275,0,0,0,3,0,0,0
1.1467730599556134,0,0,0,0,0,0,5
1.1468363869995277,0,2,0,14,0,0,0
1.1470390252383327,0,0,0,0,0,0,0
1.1471805883148998,0,3,1,0,0,0,0
1.1472774137089405,0,0,0,0,0,0,0
1.1475327680167953,0,0,0,0,0,0,0
1.147580350504018,0,0,0,0,0,0,0
1.147592500366584,0,0,0,1,0,0,0
1.1480477441081722,0,0,1,0,0,0,2
1.148114611585142,0,0,0,3,0,0,0
1.1481291885496112,0,0,0,0,0,0,7
1.1481840935102463,0,0,0,0,0,0,0
1.148422606689093,1,0,4,6,0,0,31
1.148538158074121,0,1,0,0,0,0,0
1.1486117857799047,0,9,3,0,0,0,0
1.149077937608766,0,3,1,0,0,0,0
1.1492273013418917,0,0,0,0,0,0,3
1.1494660384896989,0,3,0,9,0,0,0
1.1495177069422065,0,0,5,0,0,0,0
1.1495912344808445,0,0,0,0,0,0,1
1.1497919586316176,0,0,0,0,0,0,2
1.150846385687682,0,0,0,15,0,0,0
1.1509402739727328,0,0,0,13,0,0,0
1.1510414046077682,0,0,0,0,0,0,0
1.151244497764751,0,0,0,0,0,0,0
1.1513048884737607,0,0,0,0,0,0,0
1.1513991745094154,0,0,7,0,0,0,0
1.1516136824826877,0,0,0,0,0,0,0
1.1516462554759093,0,0,0,0,0,0,0
1.151661115680083,0,0,0,8,0,0,0
1.1518359278288741,0,0,0,0,0,0,0
1.1521275716741244,0,0,0,0,0,0,7
1.1526461587218693,0,0,0,1,0,0,0
1.1527245207344379,0,9,0,0,0,0,0
1.1528929948207505,0,0,0,0,0,0,0
1.1529042430459258,0,0,0,0,0,0,0
1.1529628526915878,0,0,0,0,0,0,0
1.153014405864431,0,6,0,0,0,0,4
1.1531571715634437,0,16,0,0,0,0,0
1.153245082154472,0,0,0,0,0,0,0
1.1535726463893514,0,0,0,1,0,0,0
1.153612825229502,0,0,0,14,0,0,0
1.1537642190119914,0,2,0,0,0,0,0
1.1537953355687307,0,0,44,0,0,0,0
1.1539538501768505,0,1,0,0,0,0,0
1.154104006885562,0,0,0,0,0,0,0
1.1542533677604137,0,0,0,0,0,0,0
1.154290489915915,0,0,0,0,0,0,2
1.1546139516240583,0,0,0,0,0,0,0
1.1548652423347474,0,0,0,1,0,0,0
1.1548885170866336,0,0,0,0,0,0,0
1.1551826852270501,0,0,1,0,0,0,0
1.1551866915664606,0,8,10,6,0,0,0
1.1552718138437237,0,0,0,1,0,0,0
1.1561519681093482,0,0,0,20,0,0,0
1.1566608652277504,1,0,35,1,0,0,51
1.1577950707104527,0,0,2,0,0,0,0
1.157988314940307,0,0,0,5,0,0,0
1.1581978445096175,0,0,0,4,0,0,0
1.1582293611124417,0,0,0,0,0,0,2
1.1583105745133153,0,3,0,0,0,0,0
1.1583654802000953,0,0,0,1,0,0,0
1.1592474447465713,0,0,0,0,0,0,0
1.159485722134856,0,1,1,0,0,0,0
1.1607372131823535,0,46,0,0,0,0,1
1.1609058855475458,0,10,0,14,0,0,0
1.160913373528573,0,0,0,0,0,0,0
1.1611835200313674,0,3,0,0,0,0,0
1.1612326980073382,0,0,0,0,0,0,0
1.1613736657488274,0,0,0,0,0,0,0
1.16141482988047,0,0,0,2,0,0,0
1.1614926906651852,0,0,0,0,0,0,1
1.161733225016673,0,0,0,2,0,0,0
1.1621913038339333,0,0,0,1,0,0,0
1.1622883619528055,0,0,0,0,0,0,0
1.1624109158074243,0,0,0,4,0,0,0
1.1624694210395106,0,0,0,0,0,0,0
1.1625111040853262,0,0,0,0,0,0,1
1.1630551703929737,0,0,0,0,0,0,16
1.1631717877967593,0,0,0,0,0,0,0
1.1633250484759112,0,0,0,19,0,0,0
1.1634425040820255,0,11,1,0,0,0,17
1.1634560644936007,0,0,0,0,0,0,0
1.163510828250547,0,0,0,1,0,0,3
1.1637255151553176,0,2,1,0,0,0,0
1.163782929938093,0,0,3,3,1,0,14
1.1637908889672317,0,0,0,0,0,0,0
1.1638879945265879,0,0,1,6,0,0,25
1.1645307301381296,0,26,1,0,0,0,0
1.1647565037609293,0,0,0,12,0,0,0
1.1648579932556251,0,9,4,0,1,0,0
1.1648601952894162,0,0,0,0,0,0,13
1.1648801936736102,0,0,0,0,0,0,7
1.1653502015687653,0,0,0,3,0,0,0
1.1654526342388738,0,0,0,0,0,0,0
1.1655036294559922,0,0,0,0,0,0,0
1.1661224257294442,0,0,0,0,0,0,0
1.16623328739821,0,3,0,0,0,0,0
1.1662714114949666,0,3,1,0,0,0,0
1.1663123731027623,0,1,1,13,0,0,0
1.1669181334789542,0,0,0,0,0,0,0
1.1670623758432932,0,6,3,0,1,0,6
1.1671205875532096,0,0,0,0,0,0,0
1.168283990981814,0,0,0,0,0,0,0
1.1683877582586035,1,1,0,0,0,0,0
1.1685001007112756,0,0,2,0,0,0,0
1.1686713845945305,0,0,0,0,0,0,0
1.1689486138287277,0,0,0,0,0,0,0
1.1690274580071336,0,0,0,6,0,0,0
1.1691299367642596,0,1,1,5,0,0,0
1.169517475479516,0,0,0,4,0,0,0
1.1695714322462516,0,0,0,0,0,0,0
1.1696822676289134,0,13,0,0,0,0,0
1.169692211214493,0,0,0,0,0,0,0
1.1697822738742658,0,0,1,0,0,0,0
1.1699807633948152,0,0,0,0,0,0,0
1.170842404720562,0,0,0,0,0,0,0
1.1712139143380718,0,0,3,0,0,0,0
1.1714933931138642,0,0,0,0,0,0,0
1.1719628025120732,0,2,0,1,0,0,0
1.1720872156859232,0,0,0,0,0,0,0
1.1721550100207576,0,0,6,0,0,0,0
1.172284862393336,1,4,0,0,0,0,18
1.1723797011616137,0,0,2,5,0,0,0
1.1724741474158302,0,0,0,0,0,0,0
1.1733032736475393,1,3,4,0,0,0,0
1.173431791419526,0,0,2,0,0,0,0
1.1734435607127447,0,0,0,0,0,0,0
1.1735620054641607,0,0,0,0,0,0,0
1.1739605335674466,0,0,0,15,0,0,2
1.174090459153649,0,1,0,0,0,0,0
1.1743151367613776,0,0,4,0,0,0,0
1.1745414939579124,0,0,0,0,0,0,0
1.174609614045439,0,0,0,0,0,0,0
1.174760749576209,0,0,0,0,0,0,0
1.1753522066868167,0,0,0,0,0,0,0
1.1756208300241646,0,0,0,7,0,0,0
1.1757026014940979,0,0,0,0,0,0,0
1.175728800011903,0,0,0,0,0,0,0
1.1757705030470276,0,0,0,0,0,0,0
1.176195197636667,0,2,0,0,0,0,6
1.1765388737795754,0,0,0,8,0,0,0
1.1766198231738407,0,0,0,1,0,0,0
1.1766555539835486,0,0,0,0,0,0,0
1.1768455099770425,0,0,0,0,0,0,1
1.177277718088894,0,4,0,0,0,0,0
1.1778595450159117,0,0,0,3,0,0,0
1.1779614163515735,0,15,0,0,0,0,0
1.178338345963396,0,0,1,1,0,0,0
1.1786421621509715,0,0,0,8,0,0,0
1.178648044972025,0,0,0,0,0,0,0
1.1788092237444114,0,0,0,0,0,0,2
1.1792509502585238,0,0,0,2,0,0,0
1.1792946251095888,0,0,9,7,0,0,0
1.1794449017524267,0,3,0,0,0,0,9
1.1796803397553455,0,0,0,0,0,0,0
1.1804173046705324,0,0,0,0,0,0,0
1.180477635560351,0,0,0,0,0,0,0
1.180699242515947,0,13,7,11,0,0,26
1.1807655913601045,0,26,0,0,0,0,0
1.1807747183589863,0,0,0,0,0,0,3
1.181083477468788,0,0,0,0,0,0,0
1.1810870568598113,0,0,1,4,0,0,0
1.1815591324855783,0,0,0,0,0,0,0
1.1826252731829632,0,0,0,6,0,0,0
1.1828786489285867,0,1,0,0,0,0,0
1.1832970059848185,0,0,0,0,0,0,0
1.184283724086634,0,0,0,2,0,0,0
1.1852009623986037,1,9,0,0,0,0,0
1.1852472771013525,0,0,0,0,0,0,0
1.185414831254194,0,0,0,0,0,0,0
1.1854177449734902,0,4,0,0,0,0,0
1.185492579840948,0,2,0,0,0,0,0
1.1855009399747605,0,0,0,0,0,0,0
1.1855251879663824,0,0,0,0,0,0,6
1.1856469108970829,0,0,5,0,0,0,0
1.1861006483144172,0,0,0,0,0,0,0
1.1864604895458255,0,0,1,0,0,0,0
1.1864912327360906,0,0,0,0,0,0,0
1.1864975650557574,0,0,0,2,0,0,0
1.1866356618236786,0,0,5,0,0,0,0
1.1870151886528217,0,0,0,0,0,0,0
1.1871401393677008,0,0,0,0,0,0,0
1.1874434732875054,0,0,0,0,0,0,3
1.187577482361631,0,0,2,0,0,0,22
1.1877714227695453,0,0,0,0,0,0,0
1.1878894642356947,0,0,0,0,0,0,0
1.1885293577472045,0,0,3,0,0,0,22
1.1888472181271152,0,0,0,0,0,0,0
1.189151995135648,1,0,0,0,0,0,7
1.1891590538372425,0,0,0,0,0,0,0
1.1892548732755683,0,0,0,0,0,0,0
1.1893251896203145,0,2,54,0,0,0,0
1.1894542066102787,0,0,4,2,0,0,2
1.189863983791656,0,0,0,0,0,0,0
1.1904138908057076,0,0,1,6,0,0,9
1.1904967712097387,0,13,0,0,0,0,0
1.1907657618916454,0,0,3,9,0,0,0
1.1914562071055461,0,0,2,0,0,0,0
1.1915074094480917,0,0,0,0,0,0,0
1.1915672057634816,0,0,0,0,0,0,0
1.1922814469668868,0,1,0,5,0,0,3
1.1927443878007369,0,0,0,0,0,0,0
1.1927540253849613,0,0,0,0,0,0,0
1.192797665829363,0,0,0,0,0,0,0
1.1931989584703337,0,0,0,3,0,0,0
1.19334456898599,0,0,6,0,0,0,0
1.1933626651175555,0,0,2,0,0,0,0
1.1934277713396955,0,0,0,0,0,0,0
1.1938394135753352,0,0,0,0,0,0,0
1.1940223353378268,0,0,0,0,0,0,0
1.1940841809737601,0,0,0,0,0,0,0
1.19423521662989,0,0,0,0,0,0,4
1.1942952999266774,0,0,0,0,0,0,0
1.1945247812706796,0,0,0,0,0,0,25
1.1953434564543552,0,0,0,0,0,0,0
1.1955781929040028,0,1,0,9,0,0,0
1.1961264552497988,0,0,0,0,0,0,0
1.1961772954096785,0,0,0,4,0,0,0
1.1965050244398623,0,0,0,0,0,0,0
1.1965997137638873,0,0,0,0,0,0,0
1.1966160782207191,0,3,0,0,0,0,0
1.1966661764504691,0,0,0,0,0,0,0
1.1971402993968738,0,0,0,0,1,0,17
1.1973959274163815,0,0,0,0,0,0,40
1.1978819665303464,0,0,0,0,0,0,5
1.1979906186717122,0,0,0,0,0,0,0
1.1980838055044862,0,0,0,0,0,0,1
1.1985465184935569,0,0,0,0,0,0,0
1.1985816037951271,0,0,0,2,0,0,0
1.1987595461213698,0,0,0,16,0,0,0
1.199435901003573,0,0,0,6,0,0,0
1.1995947217036937,0,0,43,4,0,0,0
1.1996489718683017,0,0,0,0,0,0,0
1.1997616365725383,0,0,0,0,0,0,0
1.2001662271809603,0,0,1,7,0,0,0
1.200352372931605,0,0,0,8,0,0,0
1.2004859653238347,0,0,10,0,0,0,0
1.2005580402100278,0,0,0,2,0,0,0
1.2007206450122867,0,0,0,0,0,0,0
1.2014988716184098,0,0,0,0,0,0,0
1.2016659934523164,0,0,41,1,0,0,0
1.2016952800108593,0,0,0,5,0,0,0
1.201974747239563,0,0,0,0,0,0,0
1.202201525457613,0,9,4,0,0,0,0
1.202259953634199,0,0,0,2,0,0,0
1.2029036623143992,0,0,0,1,0,0,0
1.2030926819461965,0,0,0,0,0,0,3
1.2036981636109145,0,0,15,0,0,0,0
1.2037723286913866,0,0,0,9,0,0,0
1.2041874512207955,1,6,28,4,0,0,0
1.2043689669647222,0,1,0,3,0,0,0
1.204639570818003,0,0,0,0,0,0,2
1.2048364669787828,0,14,0,5,0,0,0
1.204893884335725,0,0,0,0,0,0,0
1.2048947893818518,0,0,0,0,0,0,0
1.2050467713013788,0,0,9,0,0,0,0
1.2051054162480297,0,0,16,5,0,0,0
1.205268017695664,0,0,0,0,0,0,0
1.2053815678065607,1,0,0,0,0,0,0
1.2061617206840327,0,1,0,0,0,0,0
1.2067543904852691,0,0,0,0,0,0,0
1.206941486885388,0,1,0,0,0,0,0
1.2070585303798063,0,0,0,2,0,0,0
1.2072583894632887,0,0,0,0,0,0,1
1.207363112751658,0,0,0,0,0,0,0
1.2074682400125056,0,0,0,0,0,0,2
1.2076530291454919,0,0,0,0,0,0,0
1.2078257849477028,0,0,2,1,0,0,0
1.2078317138651486,1,0,0,2,0,0,49
1.2079532025444994,0,0,5,0,0,0,0
1.2082382723392961,0,0,0,0,0,0,12
1.208515439681627,0,0,0,0,0,0,0
1.2086081088859746,0,22,0,1,0,0,0
1.2089159284476227,0,0,0,3,0,0,0
1.209111656536971,1,12,0,0,0,0,0
1.209923551237521,0,0,0,0,0,0,0
1.2100125519379572,0,0,0,0,0,0,0
1.2106715550300413,0,0,0,0,0,0,0
1.210890149261222,0,0,0,14,0,0,0
1.2109974503380245,0,0,1,0,0,0,0
1.2111011880985851,0,0,0,0,0,0,0
1.2116690943250616,0,0,0,0,0,0,0
1.2118222550943987,0,0,4,3,0,0,0
1.2119192471606408,0,0,0,0,0,0,61
1.2121835571818111,0,0,0,13,0,0,0
1.212314162780247,0,0,0,17,0,0,0
1.2124279598618772,0,0,0,0,0,0,0
1.2130134519795504,0,0,0,0,0,0,0
1.2131549486052156,0,0,0,0,0,0,0
1.2132941307335081,0,0,0,5,0,0,0
1.213629518372774,0,0,0,0,0,0,3
1.213792711386267,0,0,0,0,0,0,1
1.2140421038060925,1,1,0,3,0,0,1
1.2140876264358458,0,0,0,0,0,0,0
1.2144199937294284,0,1,0,7,0,0,0
1.2146582653955902,0,3,0,0,0,0,0
1.2147361175576792,0,4,4,0,0,0,2
1.2150338342837117,0,0,0,0,0,0,0
1.2155816958913583,1,17,0,0,0,0,0
1.2157407935610847,0,0,0,0,0,0,0
1.21581253257627,0,0,0,0,0,0,0
1.215828456462092,0,0,0,0,0,0,2
1.216170261005375,0,0,5,0,0,0,0
1.216216333051187,0,0,0,0,0,0,0
1.216286233822208,0,0,0,0,0,0,0
1.2167564319175972,0,0,0,2,0,0,0
1.2170355112973819,0,0,0,0,0,0,0
1.2171876840218445,0,0,40,0,0,0,0
1.2172808845936711,0,0,0,0,0,0,0
1.2179688237770259,0,0,0,0,0,0,2
1.218246880258741,0,0,10,4,0,0,3
1.2183836404842094,0,0,0,9,0,0,0
1.2185428077094713,0,0,0,5,0,0,0
1.2186518432142635,0,0,5,0,0,0,0
1.2190883716517542,0,0,3,0,0,0,0
1.2195281808688094,0,0,5,5,0,0,0
1.2198877293944563,0,0,0,0,0,0,14
1.2201139967836656,0,0,0,0,0,0,0
1.2202702985508247,1,24,0,0,0,0,0
1.2205305679205032,0,0,0,0,0,0,0
1.2209171101265104,0,0,0,0,0,0,0
1.220923867305712,0,0,0,0,0,0,0
1.2217135784379358,0,0,0,0,0,0,0
1.2217974709504118,0,0,0,0,0,0,0
1.2223847850940825,0,0,38,0,0,0,0
1.2226622324506196,0,6,2,17,0,0,0
1.2227875721453796,0,0,0,0,0,0,0
1.2228990503076893,0,0,0,0,0,0,0
1.2237722570416423,0,0,11,4,0,0,1
1.2241754706979158,0,0,0,0,0,0,1
1.2242708493026646,0,0,0,8,0,0,0
1.2245156002773592,0,0,0,0,0,0,1
1.2247471591141164,0,1,0,0,0,0,2
1.2248192978713393,0,0,0,0,0,0,0
1.2248995894225565,0,0,0,10,0,0,0
1.225199449891907,0,0,0,0,0,0,5
1.2252466054213693,0,0,0,0,0,0,0
1.2257524615720259,0,1,0,7,0,0,3
1.2260935124994672,0,0,2,1,0,0,0
1.2265895293844626,0,0,0,12,0,0,0
1.2270152409163682,0,0,0,0,0,0,0
1.2275219878387995,0,0,0,2,0,0,0
1.2279891814826884,0,0,1,0,0,0,6
1.2286897850609273,0,0,0,0,0,0,0
1.2287679026523286,0,0,0,0,0,0,0
1.2287989616584964,0,3,0,0,0,0,0
1.2293928213846712,0,0,0,0,0,0,0
1.2304771303438466,0,0,0,2,0,0,0
1.2306344010977153,0,33,24,1,0,0,0
1.2313092449497967,0,0,2,17,0,0,0
1.231968266241496,0,0,0,7,0,0,0
1.231995713035636,0,0,2,0,0,0,0
1.2320039421070177,0,1,0,12,0,0,9
1.232144242995309,0,0,0,2,0,0,0
1.232682205254837,0,0,0,2,0,0,0
1.2329202155898424,1,0,18,0,0,0,17
1.2330508510760574,0,1,0,0,0,0,0
1.2338236517427983,0,0,0,0,0,0,0
1.2338692677027903,0,0,0,0,0,0,2
1.2338882266493287,0,0,5,14,0,0,23
1.2338966338035584,0,0,0,0,0,0,0
1.234055447970872,0,0,0,0,0,0,0
1.2351003586335438,0,0,0,0,0,0,0
1.235103807140129,0,0,0,2,0,0,0
1.2351784762831182,0,0,0,0,0,1,0
1.235386139092959,0,0,0,0,0,0,0
1.2360373676450471,0,0,0,0,0,0,2
1.2366784537504043,0,0,0,0,0,0,1
1.2367504327010719,0,0,0,0,0,0,0
1.2368760682143307,0,0,0,0,0,0,0
1.2369298888655234,0,0,0,3,0,0,0
1.2371442352498476,0,25,0,0,0,1,0
1.237687402871799,0,0,0,0,0,0,0
1.2378744223817884,0,0,0,0,0,0,0
1.238219201382543,0,0,0,0,0,0,0
1.238609924823073,0,0,0,0,0,0,0
1.2386371313317825,0,0,0,0,0,0,4
1.2388310887188738,0,0,0,28,0,0,0
1.2390275562799107,0,0,0,1,0,0,1
1.239686952311968,0,0,0,0,0,0,0
1.2398126797321602,0,0,0,0,0,0,0
1.2398884520533493,0,0,0,0,0,0,0
1.2402667618531558,0,0,0,0,0,0,0
1.2402909955071564,0,0,0,0,0,0,0
1.2403100838456003,0,0,0,14,0,0,0
1.240776407973459,1,0,0,0,0,0,0
1.2409025258141977,0,0,0,0,0,0,0
1.2417448756295861,0,0,0,0,0,0,2
1.2419044303819944,0,0,0,1,0,0,0
1.242213712455406,0,0,0,0,0,0,0
1.2425672627078534,0,0,0,2,0,0,0
1.242740471223453,0,0,0,0,0,0,0
1.243001924791231,0,0,7,0,0,0,7
1.2433016761859739,0,0,0,0,0,0,0
1.2433745729595054,0,0,0,0,0,0,32
1.2435455966140867,0,0,0,0,0,0,2
1.2437537657083533,0,0,0,0,0,0,0
1.2441730509597246,0,0,0,0,0,0,0
1.24440280838133,0,0,0,0,0,0,0
1.2444219816294915,0,0,0,0,0,0,0
1.2457808173231473,0,4,0,0,0,0,0
1.2457863196372014,0,2,4,2,0,0,0
1.2460007210810278,0,0,0,0,0,0,1
1.2461082860973753,0,0,0,5,0,0,0
1.2462810448757096,0,0,1,0,0,0,0
1.2463354606702504,0,0,0,0,0,0,0
1.2467784133860509,0,0,0,0,0,0,0
1.2469233072331365,0,1,0,3,0,0,0
1.2470912253193414,0,0,6,0,0,0,0
1.2472253264386384,0,1,0,0,0,0,0
1.2473024221707043,0,0,0,0,0,0,1
1.2476865910137767,1,7,0,0,0,0,0
1.2483059819027913,0,2,0,0,0,0,0
1.248351257181505,0,0,0,14,0,0,0
1.2489960214881863,0,0,0,0,0,0,0
1.249026628231391,0,0,0,0,0,0,0
1.2493098617811311,0,0,0,0,0,0,0
1.2493824236924458,0,0,4,3,0,0,5
1.2494416833619895,0,0,0,4,0,0,0
1.249605963057288,0,0,0,7,0,0,0
1.2500633382006,0,0,0,0,0,0,0
1.2501034520843126,0,0,0,7,0,0,0
1.2507039281876386,0,0,0,0,0,0,14
1.2507404067024424,0,0,0,0,0,0,0
1.2511642527168154,0,3,0,2,0,0,0
1.2521583623486725,0,0,0,0,0,0,0
1.2530349409840769,0,0,0,4,0,0,0
1.2535778159860838,0,0,0,9,0,0,1
1.253774748427056,0,0,0,0,0,0,0
1.254189813017346,0,0,0,1,0,0,0
1.2543114143147847,0,0,0,19,0,0,0
1.254695037513047,1,7,7,0,0,0,0
1.2547319287805936,0,0,0,0,0,0,0
1.2550712866834546,0,0,0,0,0,0,0
1.2551760004004424,0,0,0,5,0,0,0
1.255378057083623,0,0,0,0,0,0,0
1.255529347977773,0,0,0,0,0,0,0
1.2561241337341846,0,0,0,0,0,0,0
1.2566705731354377,0,0,0,0,0,0,2
1.2567289677994113,1,14,0,2,0,0,3
1.2567316685710919,1,0,1,0,0,0,0
1.256939518453082,0,0,1,0,0,0,2
1.2569678211764506,0,0,0,0,0,0,0
1.2573747137996794,0,0,0,0,0,0,0
1.2574047700322555,1,3,0,1,0,0,0
1.2576896307901386,0,0,0,0,0,0,0
1.2577148484954488,0,0,0,0,0,0,0
1.2580127650930215,0,0,0,9,0,0,0
1.2581546086039948,0,1,0,28,0,0,26
1.2581911196053834,0,0,0,0,0,0,0
1.2584592251371531,0,0,0,5,0,0,0
1.259041404481951,0,0,0,0,0,0,41
1.2595271940285253,0,0,0,0,0,0,0
1.259813070261541,0,9,30,15,0,0,0
1.2602624074647408,0,0,0,2,0,0,0
1.2606182368988208,0,0,0,12,0,0,0
1.2609417060245618,1,1,1,2,0,0,2
1.260951559974694,0,0,0,2,0,0,0
1.2610373853091918,1,0,4,0,0,0,0
1.2610850579095048,0,5,0,0,0,0,0
1.2611733223219364,0,0,0,6,0,0,0
1.2612582285919647,0,0,0,0,0,0,0
1.2614048235680173,0,0,0,0,0,0,0
1.2619632792945494,0,0,0,0,0,0,0
1.2622263725388088,0,0,0,0,0,0,0
1.2625455095733393,0,0,0,0,0,0,0
1.2629203228983696,0,0,0,0,0,0,0
1.2630092687565646,0,0,0,0,0,0,0
1.2634231833676384,1,2,8,44,0,0,51
1.2636450724348098,2,1,4,2,0,0,0
1.2637228093799542,0,0,0,0,0,0,0
1.2638335986818539,0,1,0,1,0,0,0
1.2640157664325178,0,0,0,39,0,0,0
1.2642795757360614,0,0,0,6,0,0,0
1.2643032073028024,0,0,0,0,0,0,0
1.2644095940532318,0,0,0,0,0,0,0
1.2644722334336616,0,1,0,0,0,0,1
1.264768893516459,0,0,0,0,0,0,0
1.265131923210287,0,0,0,0,0,0,0
1.2655184860026822,0,0,0,0,0,0,0
1.2658140391222854,0,0,0,0,0,0,2
1.2662029165663509,0,0,0,0,0,0,0
1.266408892667187,0,0,0,1,0,0,0
1.266557578736936,0,0,0,0,0,0,0
1.2671506416721776,0,0,0,2,0,0,0
1.2671973595402448,0,29,21,32,0,0,48
1.2672515468787018,0,35,4,6,0,0,0
1.2676645844917198,0,0,9,0,0,0,3
1.2681239572575658,0,0,0,0,0,0,0
1.2690023382306153,0,0,0,0,0,0,0
1.2690773547608851,0,0,0,7,0,0,0
1.270059787877364,0,0,0,0,0,0,0
1.2710222738095667,0,0,0,0,0,0,0
1.2721808368349559,0,40,0,0,0,0,0
1.2723128751697357,0,0,0,0,0,1,6
1.2728402725947836,1,0,0,5,0,0,0
1.2728932627906242,0,0,0,0,0,0,0
1.272966160353477,0,2,0,0,0,0,0
1.2731145811954445,0,3,0,0,0,0,0
1.2732405329270928,0,6,0,0,0,0,0
1.2733544761740367,0,0,0,0,0,0,19
1.273494699614569,1,8,0,0,0,0,0
1.2738382870798781,0,0,0,15,0,0,0
1.2743155314823378,0,0,0,0,0,0,0
1.2743236659845698,0,0,0,0,0,0,0
1.2749643939003419,0,0,0,0,0,0,0
1.2751923097276046,0,0,0,0,0,0,0
1.2753084281976432,0,0,0,0,0,0,0
1.275353284384537,0,0,0,0,0,0,0
1.2757817067201718,0,0,0,0,0,0,0
1.2760821654736745,1,8,0,3,0,0,0
1.2763557623883894,0,0,2,3,0,0,0
1.27647017243412,0,0,0,0,0,0,0
1.2765434199885781,0,0,1,0,0,0,0
1.2765977797860335,0,0,0,0,0,0,0
1.2767730163223252,0,0,0,0,0,0,0
1.2769712876882986,0,0,0,0,0,0,2
1.276996365085797,0,4,0,0,0,0,0
1.2770680783136068,0,2,1,1,0,0,2
1.2773979262910533,0,0,0,0,0,0,0
1.277549402090752,0,0,0,5,0,0,0
1.2778587960388643,0,0,0,0,0,0,7
1.27833718256308,0,0,0,0,0,0,0
1.2784362716770632,0,0,0,0,0,0,0
1.2790555773564922,0,1,0,0,0,0,0
1.279210771983672,1,0,0,0,0,0,56
1.2801022347780302,0,46,0,0,0,0,0
1.280979665277132,1,23,29,0,0,1,56
1.2811567276153548,0,0,0,0,0,0,0
1.28179376983753,0,0,0,0,0,0,0
1.2818041411252885,0,26,33,3,1,1,29
1.281934355723179,0,0,0,0,0,0,0
1.282218514264595,0,0,0,2,0,0,0
1.2822583961858407,0,0,0,0,0,0,0
1.282648919881348,0,1,0,0,0,0,0
1.282843429267514,0,14,0,31,0,0,73
1.2830159671513084,0,0,0,0,0,0,0
1.2831715561533885,1,0,0,0,0,0,13
1.2832452895460251,0,0,0,0,0,0,0
1.2833520259008675,1,0,0,0,0,0,30
1.283469935834983,0,0,0,0,0,0,0
1.28365504999286,0,0,0,0,0,0,0
1.283700256493185,0,0,0,0,0,0,0
1.283878781581241,0,1,0,0,0,0,2
1.284066572826214,0,0,0,5,0,0,0
1.2842949427903434,0,0,0,0,0,0,4
1.2843211762217328,0,0,0,1,0,0,0
1.2850529561343642,0,0,0,0,0,0,0
1.285272538111833,0,0,1,11,0,0,0
1.2854613863077655,0,0,0,5,0,0,1
1.2856226931579589,0,0,0,10,0,0,0
1.2857446376452732,0,0,5,0,0,0,0
1.2860867365626276,0,78,69,0,1,0,0
1.28627858723507,0,2,1,0,0,0,0
1.2863540949907906,0,0,0,1,0,0,0
1.2869895494248604,0,0,0,0,0,0,0
1.2876231988322266,0,0,1,0,0,0,0
1.287716808385757,0,1,0,0,0,0,0
1.2880794041582124,0,0,0,0,0,0,0
1.2880812676835351,0,0,0,2,0,0,0
1.2883134595418284,1,1,0,0,0,0,4
1.2886925578566748,0,0,0,1,0,0,0
1.2887837580854962,0,0,0,0,0,0,0
1.2889341580020788,0,0,0,0,0,0,0
1.2892154323270288,0,0,0,0,0,0,10
1.290396723326663,0,0,0,0,0,0,0
1.2909841616511688,0,0,0,0,0,0,0
1.2916541658700489,0,0,0,5,0,0,0
1.291779354305093,0,0,0,0,0,0,0
1.291846480804434,1,0,104,0,0,0,41
1.2921347286871885,0,0,14,13,0,0,0
1.293168480267316,0,0,0,0,0,0,0
1.2935327892042878,0,0,0,0,0,0,0
1.2937739263628345,1,0,0,0,0,0,3
1.294159270020045,0,0,0,0,0,0,0
1.294262359147504,0,0,0,2,0,0,0
1.2943793895959324,0,0,0,16,0,0,0
1.2944089835493349,0,0,0,20,0,0,0
1.2946271375851324,0,0,0,0,0,0,1
1.2948211277126116,0,0,0,0,0,0,4
1.2954864724627326,0,0,1,0,0,0,0
1.2957226258155803,0,0,0,0,0,0,0
1.2957388763529123,0,0,0,0,0,0,0
1.2962440072118269,1,7,0,0,0,0,10
1.2965431323377545,0,0,0,3,0,0,0
1.2967467835372761,0,0,0,26,0,0,0
1.296986332060283,0,0,0,3,0,0,0
1.2970163471907128,0,0,0,0,0,0,0
1.29735895155755,0,0,4,0,0,0,0
1.2975709838927576,0,3,0,0,0,0,0
1.297836855635796,0,0,0,0,0,0,20
1.2985329789103186,0,0,0,4,0,0,0
1.2985553113581783,0,0,1,6,0,0,6
1.2986812259351994,0,0,0,7,0,0,0
1.2995293126201364,0,0,0,4,0,0,0
1.3000580604185676,0,0,0,0,0,0,0
1.3006059678343869,0,0,0,0,0,0,0
1.300963037748765,0,0,0,0,0,0,0
1.3011714426771193,0,0,0,0,0,0,44
1.301332346682719,0,0,0,0,0,0,0
1.3015855883934315,0,0,0,0,0,0,0
1.3016007003334398,0,0,0,11,0,0,0
1.3021162998784612,0,0,0,9,0,0,0
1.3024979532310068,0,3,0,0,0,0,0
1.302610877365322,0,0,0,22,0,0,0
1.3029476346271238,0,0,0,3,0,0,0
1.3041715950038175,1,0,0,0,0,0,0
1.304730107371055,0,0,0,0,0,0,0
1.3051124871903723,0,0,0,0,0,0,0
1.305636406407745,0,0,0,0,0,0,0
1.305848936484516,0,0,0,14,0,0,0
1.3063267007230266,0,18,15,15,0,0,9
1.3065752260942693,0,0,0,0,0,0,0
1.306756414621778,0,0,0,0,0,0,0
1.3068303333978224,0,6,6,4,1,0,4
1.3070644559893976,0,0,0,0,0,0,0
1.3075962685200522,0,0,0,0,0,0,0
1.3078338677533845,0,0,0,0,0,0,3
1.3078378060210372,0,0,0,0,0,0,21
1.308497606983988,0,0,0,0,0,0,0
1.308783382955144,0,0,0,5,0,0,0
1.30898794910936,0,13,0,0,0,0,6
1.3090405032978571,0,0,0,0,0,0,0
1.3090426810946192,0,0,0,0,0,0,0
1.309241256840365,0,0,0,0,0,0,10
1.309326058367697,0,0,0,56,0,0,0
1.3094501411983959,0,0,0,0,0,0,0
1.3095467281225215,0,1,0,8,0,0,0
1.309565197340335,0,0,0,3,0,0,0
1.3100102540774998,0,0,2,8,0,0,7
1.3100515309425587,0,0,0,7,0,0,0
1.3101061691003844,0,0,0,0,0,0,0
1.3103083236496744,0,0,0,0,0,0,0
1.3104452072841843,0,0,0,1,0,0,0
1.3104780077854332,0,0,0,0,0,0,0
1.3105737197395724,0,0,0,0,0,0,4
1.310678934942893,0,0,0,0,0,0,0
1.310800100543812,0,0,2,0,0,0,0
1.3109160021915032,0,0,0,0,0,0,0
1.3109910702758096,1,2,16,4,0,0,0
1.311743424645395,0,0,0,12,0,0,0
1.3118041758232875,1,3,0,3,0,0,0
1.312019228660597,0,0,0,0,0,0,0
1.3129269402590806,1,0,6,0,0,0,0
1.3133320299478526,0,0,0,0,0,0,2
1.3134462143280454,0,0,0,28,0,0,0
1.3134875292327408,0,0,0,4,0,0,0
1.3136819852638872,0,4,3,6,1,0,0
1.313730524494,0,0,0,8,0,0,0
1.3137492892071163,1,0,0,0,0,0,0
1.314465633897237,0,0,0,0,0,0,0
1.314768198383349,0,3,6,3,0,0,4
1.3151463040075195,0,2,0,5,0,0,3
1.3152175432422546,0,2,0,8,0,0,0
1.3152768697895487,0,0,0,0,0,0,0
1.3159229369916994,0,12,0,0,0,0,4
1.3160206202398739,2,1,16,5,0,0,43
1.3162303936879682,0,0,0,0,0,0,0
1.3163002025150536,1,6,5,1,1,0,11
1.3165003512482865,0,2,0,0,0,0,0
1.3167581646947681,0,0,0,0,0,0,10
1.3175412677687244,0,0,1,0,0,0,0
1.3178789914125282,0,0,0,2,0,0,0
1.3178883537595916,0,0,0,0,0,0,1
1.318850941854748,0,0,0,0,0,0,105
1.3190063486127415,0,0,0,4,0,0,0
1.3195419163609892,0,9,0,0,0,0,0
1.3197498727003205,0,0,0,2,0,0,0
1.3198580352755809,0,0,0,0,0,0,0
1.3199659886413815,1,18,6,0,0,0,4
1.3204666620987373,0,21,0,0,0,0,0
1.32050659971062,0,0,0,0,0,0,0
1.320934055006186,0,3,0,1,0,0,0
1.321273643166925,0,1,0,0,0,0,0
1.3213009563542315,0,0,0,0,0,0,5
1.3213070958638398,0,0,0,0,0,0,0
1.3215970761705835,0,0,0,0,0,0,0
1.3218928202796798,0,0,0,0,0,0,0
1.3223809825063968,0,0,0,0,0,0,0
1.322856817578452,0,23,1,0,0,0,0
1.3231317475354074,0,0,0,0,0,0,0
1.3232726464914866,0,0,0,0,0,0,0
1.3233501098382514,0,0,0,0,0,0,4
1.3236317748611417,0,0,0,6,0,0,0
1.323731460533095,0,0,0,0,0,0,0
1.3239097567034839,0,7,5,13,0,0,6
1.3241289121759157,0,0,0,0,0,0,0
1.32457206148053,0,0,0,2,0,0,0
1.3246067220651974,0,0,0,1,0,0,0
1.3246946688547683,0,0,0,0,0,0,11
1.3247389900363848,0,0,0,0,0,0,0
1.324757400230958,0,1,27,8,1,0,4
1.324850214980694,0,0,0,0,0,0,1
1.3248502255063566,0,0,0,0,0,0,1
1.3255948527541963,0,2,7,14,0,0,0
1.3257092642162205,1,6,21,2,0,0,0
1.32597418388949,0,0,0,4,0,0,0
1.3263145117629105,0,2,0,0,0,0,0
1.3266262817357877,0,0,245,58,0,1,31
1.3268041060257476,0,0,0,3,0,0,0
1.3268438902324475,0,0,0,0,0,0,4
1.3275669583059517,0,0,0,0,0,0,0
1.3278108285158514,0,0,0,0,0,0,0
1.3279043360919722,0,0,0,0,0,0,0
1.3279329796467223,0,0,0,0,0,0,59
1.3280613118183093,0,0,0,3,0,0,0
1.3282563725430443,0,0,0,2,0,0,0
1.328485260992636,0,8,20,0,0,0,19
1.3284882248424994,0,0,0,0,0,0,0
1.3285082866474593,0,0,0,0,0,0,0
1.328633724740554,0,0,0,0,0,0,0
1.329158102136127,0,0,0,0,0,0,1
1.3292585324000825,0,0,0,0,0,0,0
1.3296445994025374,1,4,22,2,0,0,23
1.3297851239050171,0,0,0,0,0,0,0
1.3301047841430633,0,0,0,0,0,0,0
1.3307528060248066,1,0,5,1,0,0,3
1.3316997208950774,0,0,0,8,0,0,3
1.332185021911902,0,0,0,0,0,0,0
1.3323883889863677,0,0,3,0,0,0,2
1.3325639640148135,0,0,0,0,0,0,0
1.3325640036733866,0,0,0,0,0,0,0
1.332855654485191,1,103,40,0,1,0,23
1.3332581061734456,0,0,0,0,0,0,0
1.3336858809003522,0,0,0,0,0,0,0
1.3336938340183542,0,0,0,2,0,0,1
1.3337689869456186,0,0,0,0,0,0,0
1.3353820186601169,0,13,0,1,0,0,3
1.3363896482102593,0,0,0,0,0,0,0
1.3364147899276224,0,0,0,0,0,0,0
1.3366722725302975,1,0,0,0,0,0,0
1.3367427054812187,0,0,0,1,0,0,0
1.3371165416015027,0,0,4,0,0,0,8
1.3375042313621976,0,0,0,0,0,0,0
1.3376479273395274,0,32,40,0,0,0,3
1.3379038136874795,0,0,0,0,0,0,5
1.338251893815025,0,16,0,0,0,0,89
1.338455010582586,0,0,0,0,0,0,0
1.3385557198876366,0,0,0,0,0,0,0
1.3392378561450675,0,0,0,12,0,0,1
1.3400220780017875,0,0,0,0,0,0,0
1.340580936547273,0,0,7,0,0,0,0
1.3409579310921689,0,0,0,0,0,0,0
1.3409928692836584,0,0,0,0,0,0,0
1.3418420592776092,0,0,0,0,0,0,0
1.3420168047682632,1,0,0,0,0,0,0
1.342239883532811,0,0,0,0,0,0,1
1.342884098673128,0,0,1,3,0,0,0
1.3429145721178204,0,0,0,0,0,0,9
1.343336611838801,0,0,33,0,0,0,1
1.344153908837601,0,0,0,0,0,0,0
1.344303018360117,0,0,0,0,0,0,0
1.344364039287932,0,0,0,0,0,0,0
1.344620674592459,0,0,11,0,1,0,0
1.3447071807803916,0,1,10,8,0,0,2
1.3452468331494272,0,0,0,2,0,0,0
1.3460594489179596,0,0,0,0,0,0,0
1.3466477635216405,0,0,0,5,0,0,0
1.347080903737589,0,0,0,0,0,0,0
1.3474273216948076,0,0,0,0,0,0,0
1.3477126051184303,0,0,0,8,0,0,0
1.3479405361251098,0,0,0,0,0,0,0
1.3480388990469998,0,0,1,0,0,0,0
1.3481056001180303,0,0,0,3,0,0,1
1.3481560133354276,0,0,1,0,0,0,1
1.3481838781245767,0,6,0,0,0,0,0
1.3482195864149011,0,0,0,0,0,0,2
1.3482282045561143,0,0,0,1,0,0,0
1.3487640019214,2,0,21,5,0,0,11
1.3489492555740668,0,0,0,6,0,0,0
1.3489984985429497,0,0,1,0,0,0,0
1.3490224381603992,0,0,0,0,0,0,0
1.3493616068819263,0,0,0,0,0,0,0
1.3493839278845419,0,0,0,0,0,0,0
1.3497695669668384,0,0,0,0,0,0,0
1.3501552133481123,0,0,0,1,0,0,0
1.3503808179190124,0,0,0,0,0,0,0
1.350402709271586,0,0,0,6,0,0,0
1.3505711175491788,0,0,2,0,0,0,1
1.3507866724949593,1,0,0,2,0,0,0
1.3510116650181259,0,1,14,4,1,0,8
1.3514244051841457,1,0,1,18,0,0,0
1.3515241942701135,0,0,0,4,0,0,0
1.3515843805306584,0,0,0,0,0,0,0
1.3516775686990847,0,0,0,5,0,0,0
1.3516997967189228,0,0,0,0,0,0,0
1.3525420175352092,0,0,9,1,1,0,15
1.3525683083911666,0,0,0,0,0,0,0
1.3531435120005986,1,10,9,1,0,0,0
1.3533433818575606,0,14,0,0,0,0,0
1.3535855764662341,0,0,0,7,0,0,0
1.3540194697354058,0,0,0,56,0,0,0
1.3540207983466512,0,0,0,0,0,0,0
1.3540238140956853,0,0,0,0,0,0,0
1.3543963084673831,0,12,1,0,0,0,0
1.3548771000499653,0,0,0,0,0,0,0
1.3559503066458827,0,0,25,0,0,0,0
1.3563401118646523,0,0,0,45,0,0,1
1.3565137596752301,0,4,1,52,1,0,0
1.3565392666829112,0,0,0,4,0,0,0
1.3568177874303695,0,0,0,0,0,0,0
1.357031229701883,0,0,0,0,0,0,77
1.3570674211086728,0,0,0,0,0,0,0
1.3573712667233628,0,0,0,0,0,0,0
1.3576387678673936,0,0,14,5,1,0,8
1.3577002157962925,0,0,0,0,0,0,0
1.3582137054255883,1,4,45,0,0,0,6
1.3582876578777896,0,0,0,0,0,0,78
1.3584101492374052,0,0,0,6,0,0,0
1.3586508830692343,1,267,0,0,0,0,0
1.3589136966707935,0,0,0,5,0,0,0
1.359068329321913,0,0,0,1,0,0,0
1.3595729708233433,0,0,0,0,0,0,0
1.3603154030638267,0,0,7,0,0,0,0
1.3607386890835393,0,0,0,0,0,0,0
1.3607696946859436,0,0,0,3,0,0,0
1.3609549640924476,1,0,0,0,0,0,0
1.3611872906390172,0,0,0,0,0,0,0
1.3612900727476374,0,0,0,0,0,0,0
1.3615400494547214,0,3,9,13,0,0,16
1.3620346387735385,0,0,0,0,0,0,0
1.362556731959538,0,18,0,11,0,0,34
1.3626968817917617,0,0,0,22,0,0,0
1.3629686112212467,0,0,0,1,0,0,0
1.3632682009108428,0,2,0,0,0,0,0
1.3637150038961903,0,0,2,1,0,0,0
1.3640923474339879,3,24,19,0,0,0,12
1.364269867573684,4,8,69,0,0,0,89
1.3654499665095154,0,0,0,16,0,0,0
1.3655460752471171,0,0,4,0,0,0,0
1.366759631455751,0,0,0,0,0,0,75
1.366918445280443,0,0,0,5,0,0,2
1.3674480830703077,0,0,0,0,0,0,0
1.367738626642265,0,0,0,0,0,0,0
1.367919684064456,0,1,0,0,0,0,0
1.3686644769231633,0,0,0,0,0,0,11
1.3687159550274215,0,1,0,0,0,0,12
1.368950398356315,0,0,0,0,0,0,0
1.3696338729047397,0,0,0,0,0,0,0
1.3697435613928048,0,18,1,6,0,0,25
1.3704210347383607,0,0,0,0,0,0,0
1.370550386684089,0,0,0,0,0,0,0
1.372224742562474,0,0,1,0,0,0,0
1.3732972875641467,0,0,0,10,0,0,0
1.3733071705135285,0,0,0,34,0,0,1
1.3739546655672608,0,0,19,13,1,0,80
1.3741568152812331,0,0,0,0,0,0,0
1.3760388187558639,0,6,13,8,1,0,18
1.3761599812571668,0,0,0,0,0,0,0
1.376364892908054,0,0,0,0,0,0,2
1.3766259100624423,0,0,0,0,0,0,0
1.37713971182419,0,0,0,0,0,0,0
1.3778388126003467,1,10,19,1,0,0,7
1.3779390602557195,1,0,0,0,0,0,0
1.3783699944456778,0,0,0,0,0,0,0
1.378605399778069,0,10,13,0,0,0,0
1.378977101854446,0,0,7,0,0,0,1
1.379241350862456,0,3,0,0,0,0,0
1.3799146860021678,0,0,0,0,0,0,0
1.3803632700637627,0,0,0,0,0,0,0
1.3806110364781972,0,19,1,0,0,0,0
1.3807567881444842,0,0,0,0,0,0,0
1.3811787378149394,1,9,0,0,0,0,10
1.3816947035590432,0,3,0,0,1,0,0
1.3819907385826429,0,0,0,0,1,0,1
1.3822261576174728,0,0,0,0,0,0,2
1.3824748231224473,0,0,0,0,0,0,0
1.3828170312824175,0,0,0,4,0,0,0
1.3829319704304694,0,0,1,4,0,0,0
1.3838971007698497,0,0,0,1,0,0,0
1.3839714369993081,0,0,0,0,0,0,0
1.384217148388476,0,26,0,38,0,0,0
1.3845949134358735,0,0,1,0,0,0,0
1.385101332308635,0,0,0,0,0,0,0
1.385717226873948,0,0,0,0,0,0,0
1.3859035383959553,0,7,19,7,2,0,18
1.3859331958528585,1,2,3,0,0,0,1
1.3859696203295122,0,0,0,0,0,0,0
1.3859866047332785,0,0,0,2,0,0,0
1.3865086352857987,0,0,2,15,0,0,5
1.3869374398912855,0,0,0,0,0,0,0
1.3869919768518382,0,0,0,0,0,0,0
1.3870259021774967,0,0,0,2,0,0,0
1.3874951372247215,0,0,0,0,0,0,0
1.3883560426768982,0,0,0,0,0,0,0
1.388399760925456,0,0,0,0,0,0,0
1.3887360194677376,0,0,0,0,0,0,0
1.3888706942965932,0,0,0,0,0,0,0
1.3890119255943134,1,12,6,4,0,1,36
1.3899878465232776,0,0,0,0,0,0,0
1.3903023250397304,0,0,0,0,0,0,2
1.3904658125971128,0,0,0,5,0,0,0
1.3906489818689407,0,0,0,0,0,0,2
1.3906986904353744,0,0,0,0,0,0,0
1.3907826996658914,1,0,0,0,0,0,0
1.391700565817063,0,0,3,3,0,0,0
1.3917732264364011,0,0,0,0,0,0,0
1.3919281916575494,0,5,2,0,1,0,0
1.3926909005757413,0,0,0,0,0,0,1
1.3930341677563642,0,12,0,0,0,0,0
1.3933643382592993,0,0,0,0,0,0,0
1.3934185573237816,0,3,3,3,0,0,2
1.3938453955964631,0,0,10,1,0,0,1
1.3940092948736424,1,0,1,4,0,0,0
1.3942380745037222,0,0,0,1,0,0,0
1.394326576351546,0,0,0,0,0,0,0
1.394648421200259,0,0,0,0,0,0,0
1.3947125907010736,1,0,3,32,0,0,4
1.3960753169549924,0,0,0,0,0,0,0
1.3960888342834683,2,24,3,7,0,0,17
1.3962933759026686,0,0,0,1,0,0,0
1.3963066988525483,1,0,0,10,0,0,0
1.3967487199116617,0,0,0,1,0,0,0
1.3973130778870262,0,0,0,5,0,0,0
1.397794688036679,0,0,0,22,0,0,5
1.3986991980317902,0,0,1,6,0,0,0
1.3987233128080345,1,8,19,5,2,0,17
1.3992602824107305,0,0,0,0,0,0,0
1.3999042972773836,0,0,0,5,0,0,0
1.4003932608089509,0,0,0,0,0,0,0
1.400469057858068,0,1,0,0,0,0,10
1.4010356527025425,1,5,7,0,0,0,0
1.4014743591587169,0,0,0,0,0,0,0
1.4016111495541774,0,0,0,0,0,0,0
1.402018203839676,0,4,1,0,0,0,1
1.4020453636925774,0,0,0,6,0,0,0
1.4024490899319886,0,0,7,0,0,0,0
1.4029826131992555,0,0,0,0,0,0,0
1.4030076782557472,0,1,0,0,0,0,0
1.4031573523586676,0,0,0,0,0,0,21
1.403485033415473,0,4,0,0,0,0,0
1.4039388366759724,0,0,0,6,0,0,0
1.4040070697685547,0,0,0,0,0,0,0
1.4041941335273525,0,0,0,1,0,0,0
1.4042258227031665,0,0,6,0,0,0,1
1.4053806035575835,1,2,136,53,2,0,67
1.4055955292371167,1,59,24,0,0,0,15
1.4060015206000906,0,5,0,0,0,0,0
1.406113493136688,0,0,0,0,0,0,36
1.407080880141248,0,0,0,0,0,0,0
1.4071810924391883,0,2,0,0,1,0,0
1.4072621402023393,0,12,0,19,1,0,0
1.4074489698338712,0,0,9,0,0,0,7
1.4075047156175593,0,0,0,0,0,0,0
1.407832267162742,0,0,0,0,0,0,0
1.4086579859289643,0,0,0,20,0,0,0
1.408802615470353,0,0,0,4,0,0,0
1.4089487150210371,0,0,0,1,1,0,24
1.4091977665925914,0,0,0,2,0,0,0
1.40947786857834,2,0,1,0,0,0,10
1.4096920930914003,0,2,19,0,1,0,0
1.4100371570383674,0,0,0,0,1,0,6
1.4103637621669711,0,0,0,0,0,0,13
1.4118145724774291,0,33,0,0,0,0,0
1.4119675186009883,0,0,0,0,0,0,0
1.412290220122131,0,0,0,0,0,0,19
1.4125076827820517,2,25,15,8,0,0,6
1.412638184339662,0,0,0,0,0,0,0
1.4129447621118711,0,0,0,1,0,0,0
1.412945544408895,1,0,40,4,0,0,6
1.4132770916080069,0,25,0,0,0,0,0
1.4155053609168027,0,4,0,4,0,0,7
1.4157567664511732,0,0,0,0,0,0,0
1.4163246705947026,0,0,6,0,0,0,1
1.4164505480808367,1,0,26,10,1,0,6
1.417115126932863,3,51,187,3,4,0,80
1.4171575539918968,0,0,1,26,1,0,36
1.4171660976442886,0,0,0,0,0,0,0
1.4175096163344347,0,0,0,8,0,0,0
1.4183442710028655,0,0,0,2,0,0,0
1.4185486869363628,0,0,0,13,0,0,0
1.4187882764519215,1,0,1,0,0,0,16
1.4188174863500345,0,0,0,0,0,0,0
1.4195270347123234,0,2,0,12,0,0,4
1.4201122988760166,0,15,40,0,0,0,158
1.4202750221291554,0,0,0,8,0,0,0
1.4204718877413534,0,0,0,0,0,0,1
1.421041066869985,0,0,0,9,0,0,0
1.4211977869916887,0,15,0,0,0,0,0
1.4212287349078252,1,0,6,21,0,0,2
1.4224349835776706,0,0,0,26,0,0,0
1.4226297773396417,0,0,0,0,0,0,1
1.4227989074876097,0,0,0,3,0,0,0
1.4233553360006974,0,6,1,0,0,0,0
1.423732024078743,1,0,0,8,0,0,0
1.4246564368978925,0,0,0,0,0,0,0
1.4246649250818337,0,0,0,1,0,0,0
1.4251023295679188,1,1,14,1,0,0,4
1.4251212857677331,0,0,0,3,0,0,0
1.4257076964285138,0,0,0,0,0,0,0
1.42605750587915,0,0,0,0,0,0,0
1.426170446251323,1,0,0,0,0,0,0
1.426237153850738,0,0,0,0,0,0,0
1.4264786284513427,0,0,0,0,0,0,0
1.426542037148583,2,16,23,30,0,0,18
1.4269891947701487,0,0,0,18,0,0,0
1.427376302525835,1,7,0,0,0,0,4
1.427918575555127,0,0,0,0,0,0,5
1.4280900805342183,0,0,0,0,0,0,0
1.4283111872743415,0,0,0,5,0,0,0
1.4283421011989839,0,0,0,0,0,0,0
1.4283671529420443,0,0,0,0,0,0,0
1.4288867998484631,0,0,0,0,0,0,0
1.429012290765362,0,0,0,0,0,0,5
1.42917298923647,0,9,0,0,0,0,0
1.4296159725863848,0,0,14,0,0,0,2
1.4299450538897671,0,0,0,0,0,0,0
1.430627536585412,1,8,11,3,0,0,0
1.4312436866936924,0,1,0,0,0,0,0
1.431291808202963,0,0,0,0,0,0,1
1.4317102334299925,0,1,0,0,0,0,0
1.4322270669514925,0,0,0,0,0,0,0
1.4324746892491704,0,0,5,0,0,0,0
1.4330661294814029,0,0,8,0,0,0,0
1.4333006809569393,0,0,0,24,0,0,0
1.4337340474526243,0,0,0,0,0,0,0
1.43419514269273,0,0,0,10,0,0,0
1.434409487875923,0,0,0,4,0,0,0
1.4346858412378503,0,0,0,7,0,0,0
1.4348902552059437,0,0,0,2,0,0,5
1.4349061677393296,0,7,0,0,1,0,18
1.4352396143237685,0,1,0,9,0,0,1
1.4354791213837677,1,0,0,3,0,0,1
1.4357393698324312,0,0,5,0,0,0,0
1.4363424233862743,0,0,0,6,0,0,0
1.4364035809425182,0,0,14,1,0,0,0
1.4372377242976941,0,0,0,4,0,0,0
1.4376292453115083,0,0,12,1,0,0,0
1.4380777814271861,0,34,0,8,0,0,0
1.4384392904756826,0,0,0,0,0,0,0
1.4389610336482594,0,0,0,0,0,0,0
1.4392186574962142,0,0,0,21,0,0,5
1.439241091977006,0,0,0,0,0,0,0
1.4392797381787723,0,0,0,3,0,0,0
1.4394830234788492,0,0,0,2,0,0,0
1.4395572641206156,0,3,0,0,0,0,1
1.4395587823814442,0,2,0,0,0,0,2
1.440961809014632,0,0,0,0,0,0,0
1.441243622062213,0,19,24,23,0,0,0
1.441384351343498,0,0,0,0,0,0,0
1.441772276278864,0,0,0,0,0,0,0
1.4422112116208534,0,3,0,1,0,0,4
1.442422814505085,0,0,0,11,0,0,0
1.442522752591603,0,0,0,0,0,0,0
1.4425880112538645,0,17,44,0,1,0,16
1.4429113688190618,0,1,0,0,0,0,0
1.4432794979121832,0,0,0,0,0,0,0
1.4434866267404753,0,6,0,0,0,0,56
1.4440041962154533,0,0,0,2,0,0,0
1.4448747784225078,1,1,0,0,0,0,0
1.4449134794294132,1,1,7,0,0,0,8
1.444971505514783,1,0,19,0,0,0,48
1.4450224712480706,0,12,0,0,0,0,0
1.4455708669896776,1,0,1,1,0,0,1
1.4464234247429375,0,0,14,0,1,0,26
1.4468355027085713,0,0,0,0,0,0,0
1.4474520506315462,1,2,3,6,0,0,10
1.4477469090195656,0,4,63,43,0,1,13
1.4481697356962107,0,0,0,0,0,0,0
1.4483866036884654,0,0,25,0,0,0,0
1.448527474563821,0,1,0,0,0,0,0
1.4488451484009706,0,0,0,0,0,0,2
1.4491509099458897,0,0,0,0,0,0,0
1.4492877524018992,0,0,0,0,0,0,0
1.4500393747476856,0,0,0,0,0,0,7
1.4500642777325132,0,1,2,0,0,0,0
1.4500748433387585,0,0,0,1,0,0,0
1.450237395329782,0,0,0,0,0,0,0
1.4504385240075075,1,0,17,0,0,0,0
1.450691854541402,2,57,27,0,3,0,27
1.451817856647369,0,0,0,0,0,0,0
1.4520258670860735,0,0,0,0,0,0,0
1.452084638494889,0,0,0,37,0,0,37
1.4521967742399944,0,0,0,6,0,0,0
1.452861747303384,0,0,0,0,0,0,0
1.4529769897346543,1,0,0,17,0,0,0
1.4536706524857037,0,0,0,0,0,0,0
1.4540354235812845,0,0,0,0,0,0,1
1.4541243730209248,0,1,0,2,0,0,0
1.4541917025673083,0,0,0,0,0,0,0
1.454573152645076,0,0,0,0,0,0,0
1.4558791956607475,0,0,0,0,0,0,0
1.4559311980500915,0,0,0,0,1,0,0
1.4559416837195045,0,0,0,0,0,0,0
1.4568597153961573,0,8,7,28,0,0,21
1.457122435511837,1,29,22,0,1,0,0
1.4572565288777481,1,1,5,4,0,0,4
1.4572958081925604,0,54,0,46,0,0,0
1.4573218560253496,0,0,0,0,0,0,3
1.4573734928997284,0,0,13,0,0,0,0
1.4575755668516417,0,0,0,0,0,0,0
1.4577674969302419,0,0,0,0,0,0,0
1.4589810787603374,0,0,0,4,0,0,0
1.4592952846828247,0,0,0,1,0,0,0
1.4593662973039516,0,0,0,0,0,0,4
1.4606898308296863,3,36,9,32,0,0,73
1.460829912396177,0,0,0,0,0,0,0
1.4614133684017132,0,0,12,0,0,0,0
1.461600984300246,0,0,0,4,0,0,0
1.4618801201906886,0,0,0,0,0,0,0
1.462014713277937,0,0,0,7,0,0,0
1.4622973695647739,1,1,6,11,0,0,0
1.4627435991928048,0,0,0,1,0,0,0
1.4629116364481036,0,0,9,0,1,0,21
1.4629556062748064,0,4,2,5,0,0,3
1.4636075132213242,0,0,0,0,0,0,0
1.4637765965707954,0,0,5,0,0,0,0
1.4638037047841543,0,0,1,0,0,0,0
1.463866495083433,0,0,0,0,0,0,0
1.4639713422416343,0,0,7,0,0,0,0
1.4639766110467887,1,0,28,0,2,0,35
1.464261258227593,0,0,0,10,0,0,0
1.4645224960987957,2,9,13,0,1,0,12
1.4654544230824136,0,25,37,22,1,0,70
1.4660732598644788,0,0,0,0,0,0,0
1.4661057975694822,0,0,0,0,0,0,0
1.466513033483678,0,0,0,7,0,0,0
1.4672165825949979,0,0,0,0,0,0,0
1.4681249032124617,3,16,56,11,0,1,31
1.4683140867522988,0,0,0,0,0,0,0
1.4686590493896787,0,0,0,0,0,0,0
1.4689059330712073,0,0,0,0,0,0,0
1.468988999793526,2,0,0,19,0,0,14
1.4693773931531728,1,8,0,8,0,0,1
1.4696172601640205,0,0,0,0,0,0,0
1.4699566479968946,0,5,1,20,0,1,19
1.4707443499879385,1,1,0,1,0,0,3
1.4707803718645343,1,4,0,0,0,0,0
1.470861536215351,1,2,0,0,0,0,3
1.4710537272182025,0,0,0,0,0,0,0
1.4714871866863315,0,0,0,6,0,0,3
1.471852345786747,0,0,0,0,0,0,1
1.47221754729479,1,43,61,42,3,0,54
1.4739582740133061,0,5,0,0,0,0,0
1.4740333173722804,0,0,0,0,0,0,0
1.4742411718566633,0,2,2,0,0,0,3
1.4744943175220282,0,0,1,0,0,0,0
1.4745397483186087,0,21,18,0,0,1,0
1.4751838651836133,0,12,2,0,0,0,0
1.4763432636948208,0,0,0,0,0,0,0
1.4770946481406433,0,0,0,0,0,0,0
1.4776128616923976,0,9,11,0,0,0,0
1.4779061001928107,0,1,3,0,0,0,5
1.47879047243306,0,0,0,0,0,0,0
1.478847317246787,0,0,0,20,0,0,0
1.4791698000243128,0,8,0,0,0,0,0
1.479188406973144,0,0,0,23,0,0,0
1.4792673176645281,0,1,0,0,0,0,0
1.4796564388810054,0,0,4,2,0,0,1
1.4798513324451368,0,4,5,11,0,1,0
1.4801152186866684,0,18,75,21,3,0,142
1.4804644796138204,2,47,81,22,4,0,129
1.4806731442998737,1,0,36,48,0,2,171
1.4813222310653524,0,4,0,0,0,0,0
1.4814064899813475,1,9,0,10,0,0,0
1.4818996550736423,0,0,0,0,0,0,0
1.4819245578214018,0,0,0,0,0,0,0
1.4827751371163391,0,0,0,0,0,0,0
1.4831422239814898,1,114,27,10,0,0,41
1.483265859080816,0,1,0,0,0,0,0
1.4835884983349825,0,0,0,3,0,0,0
1.4837471415553913,0,1,0,23,0,0,0
1.48380210703845,0,11,30,25,2,0,7
1.4842942718038163,0,30,0,0,0,0,0
1.4845462173544828,0,0,0,0,0,0,2
1.4850668244646084,0,0,0,4,0,0,0
1.4855147513520954,0,0,0,1,0,0,2
1.4856456024926987,0,0,0,5,0,0,0
1.4858288611308985,1,0,0,0,0,0,0
1.48621714361429,1,0,0,0,0,0,2
1.4862482313698284,1,6,40,0,0,0,0
1.4863679632583702,0,0,0,0,0,0,0
1.4871642748222587,0,0,0,0,0,0,0
1.4871994205583958,1,7,22,0,1,0,0
1.4876750153730287,0,0,0,3,0,0,0
1.4877561661886063,0,0,1,0,0,0,1
1.488082925602295,1,0,0,2,0,0,1
1.4884561605706326,1,2,6,2,0,0,0
1.4885486347274515,0,0,0,0,0,0,0
1.4886049785046167,0,1,0,0,0,0,0
1.488806063795553,0,5,0,0,0,1,0
1.4890637260479618,2,42,26,30,0,1,4
1.4891375016095623,1,0,0,5,0,0,0
1.4893786325356688,0,0,0,0,1,0,0
1.4899615196926874,0,4,0,0,1,0,14
1.490324353160615,0,0,0,2,0,0,0
1.4904526531265516,1,0,0,5,0,0,0
1.4905057744801247,0,0,0,9,0,0,9
1.4906581235974317,0,28,15,1,2,0,0
1.4910886808480794,1,5,13,0,0,0,0
1.4912104604497036,0,1,0,0,0,0,0
1.4914435267673012,3,25,15,0,0,0,9
1.491461113857859,0,2,1,23,0,0,0
1.491861569005022,0,20,2,27,0,0,0
1.4920820661222651,0,1,0,3,0,0,0
1.492282988931285,1,5,0,0,0,0,5
1.4932349091704749,2,11,0,0,0,0,0
1.4933602698801,0,0,0,0,0,0,5
1.4936247669201423,0,0,0,0,0,0,1
1.4949578523668345,1,5,0,0,0,0,0
1.49496622121803,1,20,0,0,1,0,0
1.4950267801884327,1,0,0,0,0,0,0
1.4952166189169867,0,0,0,0,0,0,0
1.4952725790625772,0,0,3,38,0,0,0
1.4955922267437942,0,0,0,0,0,0,0
1.4956539875282588,0,2,0,0,0,0,0
1.4956628595222063,0,0,0,0,0,0,0
1.4959631229452548,0,0,3,0,0,0,14
1.4961279154631748,0,5,2,1,0,0,0
1.496695324265566,0,6,0,55,0,0,10
1.4977916008179675,1,34,12,0,0,0,0
1.498007633949357,0,0,0,0,0,0,0
1.4980079927983483,1,3,0,2,0,0,2
1.4982882941040676,0,0,0,0,0,0,4
1.4987347705354634,0,0,0,0,0,0,0
1.4991452845552438,0,0,8,0,0,0,0
1.4992834217950273,2,16,13,0,0,0,16
1.4993837006797355,0,0,0,0,0,0,1
1.5000421310335492,0,0,6,10,1,0,0
1.500189437920072,0,0,0,0,0,0,0
1.500426334938307,0,6,0,0,0,0,0
1.5006257619605847,0,0,0,7,0,0,0
1.5011903885846964,1,9,0,0,0,0,0
1.5017672230686858,0,0,1,0,0,0,25
1.5020773873775521,0,0,0,9,0,0,0
1.5022771178625884,0,0,0,0,0,0,0
1.5033533105287642,1,0,0,0,0,0,0
1.503415587518023,0,0,15,3,0,0,0
1.5036781971102928,0,0,0,11,0,0,10
1.5039788272445942,0,6,1,14,0,0,7
1.5043142385706265,0,0,0,57,0,0,0
1.5044675823662257,1,0,0,12,0,0,17
1.5047547241082397,0,14,34,20,3,1,116
1.5054525861955887,0,0,14,0,0,0,15
1.5062717252143933,2,0,33,0,0,0,2
1.5063765512947938,0,0,0,0,0,0,0
1.5075628110623527,0,0,0,0,0,0,0
1.507762885083948,0,26,0,0,1,0,0
1.5084141889540303,2,282,84,74,0,2,145
1.5085725932648972,0,0,0,0,0,0,0
1.508592698281112,0,2,0,2,0,0,2
1.508774082792455,0,0,0,7,0,0,6
1.5091402708794304,0,0,0,0,0,0,0
1.5096509648254386,0,0,0,0,0,0,7
1.5098274744070668,2,27,38,4,2,0,11
1.509993890432569,0,9,3,0,0,0,0
1.5105673649167157,4,5,14,11,1,0,12
1.5109509459479051,0,0,0,0,0,0,0
1.5123229036884749,0,2,0,43,0,0,2
1.512895260533298,0,0,0,0,0,0,0
1.5130816651469383,0,0,0,17,0,0,0
1.5132149083608915,0,6,8,24,1,0,8
1.5135293421630578,0,3,25,0,1,1,3
1.5136733222006717,0,0,0,0,0,0,0
1.5139570561694593,0,0,0,53,0,0,0
1.5143526680926498,0,1,25,0,0,0,0
1.5144449740122032,0,20,25,10,2,0,0
1.514810871250192,0,0,0,17,0,0,0
1.5149704935762054,1,4,4,10,1,1,65
1.515260785207686,0,0,0,0,0,1,0
1.5155570710480026,0,0,0,2,0,0,0
1.5159475368498923,0,0,0,0,0,0,0
1.516403050034521,0,0,0,1,0,0,0
1.5165974484281084,0,0,0,1,0,0,0
1.5182270011086771,0,0,0,0,0,0,0
1.5182831553890859,0,0,0,5,0,0,0
1.518553287622614,0,6,6,0,0,0,0
1.5195650290653429,0,4,5,1,0,0,13
1.5195972536791762,0,0,0,0,0,0,1
1.5196220293473262,0,0,0,0,0,0,0
1.5211648016982655,0,3,1,0,0,0,2
1.5224663993970962,0,0,3,0,0,0,0
1.5227400014975563,0,0,0,0,0,0,0
1.5228900275579957,0,0,0,0,0,0,2
1.5232383327799954,0,4,7,0,0,0,3
1.5232765904268992,0,1,1,2,0,0,5
1.5234670506194514,1,0,0,0,0,0,0
1.5237165699356818,3,55,87,19,1,0,25
1.524224594443913,1,2,1,0,1,0,7
1.5246372873991851,0,0,0,0,0,0,0
1.5247283944377945,0,1,3,3,0,0,0
1.524752960799023,3,14,35,0,0,0,27
1.5251125035322575,0,10,0,6,3,0,41
1.5252849359781002,2,4,2,27,1,0,5
1.5256597576661028,0,0,0,0,0,0,0
1.5264765295691018,0,0,1,0,0,0,0
1.5271589312169254,1,1,0,8,0,0,4
1.527226038563774,0,0,0,0,0,0,0
1.5280067848182153,0,24,0,0,1,0,0
1.52808374580077,0,0,0,0,0,0,0
1.5285725349281474,1,0,0,0,0,0,0
1.5286975205235775,0,13,6,15,2,0,17
1.5287276989920269,0,0,0,0,0,0,0
1.5288250990342174,0,0,0,2,0,0,0
1.5289036712808277,1,0,6,30,0,0,1
1.5291321736632226,0,0,0,7,0,0,0
1.529482781625265,0,0,0,0,0,0,0
1.529554358124639,0,0,0,0,0,0,2
1.5303443484268238,3,92,20,26,2,0,44
1.5304957711219778,1,2,0,0,0,0,0
1.5310941260537683,0,0,0,15,0,0,1
1.531141382526419,1,0,0,0,0,0,0
1.531928729599722,0,0,0,0,0,0,0
1.531955081798822,0,0,0,3,0,0,0
1.5327875214635467,3,28,2,0,0,0,0
1.532850446771732,0,27,34,0,1,1,0
1.5330004094903482,1,1,11,1,1,0,31
1.5331829498883363,1,0,0,0,0,0,8
1.5339759415494032,1,15,2,2,0,0,1
1.5340285504656885,0,0,0,8,0,0,20
1.5340819200091331,0,1,0,0,0,0,0
1.5348100377878966,4,31,10,14,1,1,36
1.5349859842413702,0,0,0,0,0,0,0
1.5357558636911655,0,0,8,3,2,1,0
1.5358755415423901,0,0,0,34,0,0,0
1.5362411258391278,0,2,11,32,0,0,2
1.5362841386111878,0,0,0,0,0,0,4
1.5366504701564012,0,0,5,2,1,0,0
1.536677715383727,0,1,0,0,0,0,0
1.537020796564463,0,0,0,0,0,0,0
1.5371520424342995,1,62,19,9,4,0,18
1.5372125619541428,0,0,0,1,0,0,0
1.5376314229189039,0,0,0,0,0,0,0
1.5380479802633742,0,0,0,0,0,0,0
1.5389412233355346,0,0,0,0,0,0,0
1.539280745831344,0,0,0,49,0,0,0
1.539384829216111,0,11,4,0,0,0,25
1.539451281563347,0,7,0,0,0,0,9
1.5396452050247522,1,0,3,0,0,0,0
1.5405130210792641,3,4,0,0,0,0,0
1.5412769609076982,0,17,42,14,1,0,7
1.5416370464440323,0,0,0,0,0,0,0
1.5420680315320359,0,0,4,0,0,0,0
1.542094641204241,1,3,2,0,0,0,6
1.5422599735929068,1,36,10,0,3,0,2
1.5431297208797894,0,2,0,0,0,0,0
1.5437694088611145,0,0,0,0,0,0,0
1.5441185116603027,0,0,0,0,0,0,0
1.5441427845802316,1,0,0,0,0,0,0
1.5441606381909452,4,0,34,13,1,0,26
1.5442738320022873,1,8,22,0,0,0,6
1.5444157406121748,0,0,0,2,0,0,0
1.544679372392798,0,2,0,0,0,0,0
1.5452496139501295,1,2,0,5,0,0,0
1.5452529666103847,0,1,0,0,0,0,0
1.5456199874932637,0,1,0,0,0,0,0
1.5464336876033964,0,0,0,0,0,0,0
1.5464757281793975,0,0,0,2,0,0,0
1.5469328302810281,0,0,0,1,0,0,0
1.5470504401699632,0,0,0,11,0,0,0
1.547402590686166,0,0,0,0,0,0,0
1.5476498488002877,2,1,6,1,0,0,2
1.5477920006160764,0,0,0,0,0,0,0
1.5484938731191291,0,0,0,0,0,0,0
1.5492218994360905,1,2,0,0,0,0,0
1.5492841124534278,0,0,0,0,0,0,0
1.5493743248596932,0,10,74,20,0,1,8
1.5495097786840109,0,0,0,1,0,0,14
1.5498267101891938,1,0,0,1,0,0,0
1.5499329713492804,0,0,0,0,0,0,0
1.5504158404751298,0,4,0,7,0,0,12
1.550539615013116,0,1,0,1,0,0,0
1.5514234891395278,1,25,23,37,3,2,50
1.5515275521363359,0,6,0,0,0,0,0
1.551552380816389,0,0,0,0,0,0,1
1.5517306682830767,0,10,3,19,2,0,11
1.5519457376417145,0,0,0,23,0,0,7
1.5521272464043698,0,0,0,2,0,0,0
1.552337271038355,0,7,1,8,0,0,0
1.5523970084594239,0,0,2,0,0,0,0
1.552575608805915,1,8,0,0,0,0,2
1.552831621195924,0,0,0,3,0,0,0
1.553066276185297,0,0,0,0,0,0,0
1.5531234932867781,0,3,0,0,0,0,1
1.5535837117818134,0,0,1,0,1,0,0
1.5536006517692125,0,29,3,5,1,1,31
1.5536383551825856,0,0,0,15,0,0,0
1.5549254600294233,0,1,4,0,0,0,3
1.55500660384296,3,23,0,1,1,0,32
1.5559087546603072,1,17,9,32,0,0,0
1.5560381278608402,0,0,2,0,0,0,15
1.5562329294913375,0,0,0,0,0,0,0
1.556371118124786,0,0,0,1,0,0,0
1.5570397339442075,0,0,0,0,0,0,1
1.557359968143849,1,0,0,0,0,0,0
1.5581803895985,2,17,0,0,2,0,79
1.5585110728613059,0,3,27,12,2,0,5
1.5586897138606106,0,8,0,0,0,0,0
1.560314763247934,1,0,0,0,0,0,1
1.5609045044556618,0,0,0,22,0,0,0
1.56108236152563,0,0,0,0,0,0,0
1.5614428935165103,2,0,0,0,0,0,0
1.5616937329499516,0,0,2,2,0,0,1
1.5627249781237627,0,0,0,5,0,0,0
1.5627390968305979,0,4,0,0,0,0,0
1.5630002569466062,1,22,34,0,0,0,28
1.5630214137800504,1,0,9,0,0,0,0
1.563165072771069,0,10,0,0,0,0,0
1.5637777401079587,1,2,9,0,0,0,0
1.5642247698585334,0,9,1,13,1,0,22
1.564544735820085,1,1,4,5,0,0,10
1.5648700021530537,3,36,87,27,1,0,92
1.5649427674772276,0,0,0,0,0,0,0
1.5649909854176338,0,0,0,0,0,0,0
1.565902004161755,0,0,0,0,0,0,0
1.5659730798927958,0,0,0,2,0,1,14
1.5661624299487857,0,0,0,0,0,0,0
1.5663782961740051,0,0,0,2,0,0,0
1.5667331898237513,1,80,70,78,1,1,2
1.5667636450967104,1,0,0,0,0,0,0
1.5670297228493182,2,13,10,0,3,0,3
1.5671913836612634,3,28,46,28,4,1,117
1.567346176915758,0,0,0,1,0,0,0
1.5675994425471305,0,0,2,1,0,0,3
1.5676269444161968,0,0,0,3,0,0,5
1.5679457968115245,1,16,6,2,0,0,0
1.5687555167826783,0,0,0,2,0,0,0
1.568769812968526,0,0,0,2,0,0,0
1.5689625830275171,0,0,0,0,0,0,0
1.5693532771505947,0,0,1,7,0,0,0
1.5698239675963568,8,75,338,49,2,1,111
1.5699093595422278,0,0,0,22,0,0,0
1.5701000796280344,1,70,21,14,1,1,103
1.5713116825435807,0,10,22,3,1,0,47
1.571682722499342,6,155,1,100,2,3,1
1.5717735495981355,0,0,0,9,0,0,0
1.5724263873443556,1,4,1,14,0,0,1
1.5730349438522286,1,30,1,0,0,0,7
1.5730838452950013,0,0,0,60,0,0,0
1.5731059383352795,0,0,0,0,0,0,0
1.5731746621643,0,0,0,4,0,0,0
1.5735792471191719,0,5,10,54,0,1,19
1.5735925995442541,0,0,0,5,0,0,0
1.5736105717771107,3,229,86,56,1,2,159
1.5738716294183293,0,44,1,6,0,0,1
1.5757834460024416,0,44,10,9,1,0,15
1.5759803907764136,1,0,0,0,0,0,0
1.5764570764790247,0,0,0,19,0,0,2
1.5764765656321171,1,0,11,12,0,0,2
1.5766248822512978,1,0,0,18,0,0,10
1.5768669284641688,1,0,16,0,1,0,28
1.57688565114466,0,0,0,0,0,0,0
1.57725654024499,0,0,0,7,0,0,0
1.5777969561232479,0,2,0,6,0,0,5
1.57874297280247,1,0,0,0,0,0,0
1.5788649801790007,0,0,0,2,0,0,0
1.5789166502406748,0,0,2,3,0,0,3
1.5789925638318802,0,1,0,15,0,0,2
1.5794204185350762,0,0,0,5,0,0,0
1.5797721850665507,1,4,0,8,0,0,8
1.579802356096044,1,3,16,5,0,0,2
1.58005061011738,1,6,7,1,0,0,19
1.5807602116645878,1,0,0,0,0,0,1
1.5811462895032262,0,2,0,0,0,0,0
1.5812111463136047,1,9,12,2,0,0,5
1.5815914001954732,0,0,0,0,0,0,0
1.5822430011160717,4,138,124,6,3,1,82
1.5823111630976932,1,0,0,0,0,0,0
1.5826130515623138,0,0,0,1,0,0,0
1.5832276136125345,0,8,0,0,0,0,54
1.5832828298356114,0,0,0,0,0,0,0
1.5834819745614517,1,13,44,0,0,0,36
1.5839028732811227,0,7,7,2,1,0,4
1.5839638410800283,0,0,0,15,0,1,0
1.5844035549774191,1,6,0,0,0,0,10
1.584707574792336,0,0,0,2,0,0,2
1.5847453037474315,0,0,0,0,0,0,0
1.5854841711250294,1,0,0,0,0,0,3
1.5857213858167842,0,0,0,0,0,0,0
1.5860891207646715,0,0,0,0,0,0,4
1.5863827821729297,0,4,0,0,0,0,1
1.5866107500306903,1,2,0,0,0,0,0
1.5867838627549986,0,1,0,0,0,0,0
1.5869840771182429,0,0,0,7,0,0,14
1.5889150788511464,7,267,71,13,3,0,113
1.5890723917010088,5,207,5,66,1,0,194
1.589497952609549,0,0,0,0,0,0,0
1.5895257477803888,1,120,0,0,0,0,0
1.5902155677419463,3,6,9,26,0,1,92
1.590223826206611,0,0,0,0,0,0,0
1.5907578774271875,1,0,0,0,0,0,0
1.5907794851370636,0,0,0,0,0,0,0
1.5914106485660413,0,0,0,0,0,0,0
1.5914307996932602,0,0,0,6,0,0,0
1.5914344740965334,0,0,0,0,0,0,0
1.591782372683875,0,0,0,23,0,0,0
1.592202527690886,0,2,0,0,0,0,0
1.593249731697082,2,21,28,0,0,1,0
1.5937661669916017,0,0,0,0,0,0,0
1.5937905452406178,0,0,0,0,0,0,0
1.5938411350027708,0,0,0,0,0,0,0
1.593979848622171,0,5,0,0,0,0,12
1.5941420167095908,0,0,0,0,1,0,3
1.5943545659350282,0,0,0,0,0,0,0
1.5945083870809282,0,0,0,0,0,0,0
1.594643434456624,0,71,4,21,2,0,0
1.5953807975861005,0,1,0,0,0,0,0
1.595535022438879,0,0,0,0,0,0,0
1.5963063403764721,0,3,1,0,1,0,0
1.596423560895435,0,1,0,7,0,0,0
1.5966231164951554,0,0,0,2,0,0,0
1.5972863814438873,0,5,0,0,0,0,0
1.5974285174765224,0,0,0,0,0,0,0
1.5974312876437384,1,3,8,25,1,0,0
1.5976615429640995,0,1,0,0,0,0,1
1.599019828443358,0,0,0,2,0,0,0
1.599064061416774,0,0,0,0,0,0,0
1.5999827018351325,0,0,0,1,0,0,0
1.6000090388653103,0,0,0,0,0,0,0
1.6001329188045368,1,0,1,1,0,0,13
1.6002154778184976,1,2,4,0,0,0,2
1.6002194825802063,0,0,0,0,0,0,0
1.6003708077862118,1,6,15,0,1,0,25
1.6006294813040238,0,0,6,29,0,0,0
1.6008852260420159,0,2,6,2,0,0,5
1.60100867055231,0,0,12,5,0,0,0
1.6013117530697834,0,0,2,1,0,0,0
1.6013947957305437,0,0,0,2,0,0,0
1.6015370571076102,0,5,0,12,0,0,6
1.601785906583836,2,8,33,16,3,1,92
1.6018473758691447,0,0,0,0,0,0,0
1.6019825179464071,4,40,39,23,3,1,61
1.6021956759267726,3,27,0,0,0,0,0
1.6023439014482002,0,0,0,0,0,0,0
1.6029744601072127,1,9,3,2,0,0,2
1.6031375764120772,2,20,33,5,1,0,25
1.6033541122875798,3,9,0,15,1,0,0
1.603525104936251,0,1,4,0,0,0,0
1.603804998695123,1,0,0,0,0,0,0
1.603913242960352,0,9,10,4,1,1,4
1.604250260943858,0,7,0,0,1,0,24
1.6044503341083314,0,0,0,0,0,0,0
1.6044653286551769,2,8,0,0,0,0,3
1.604752497088065,3,13,31,30,0,0,31
1.605360815572107,2,3,38,29,4,0,55
1.6057719772787633,0,0,0,1,0,0,1
1.6058592770762312,2,0,0,0,0,0,49
1.6060481456867266,0,0,0,7,0,1,4
1.606451499584874,2,4,4,0,1,0,13
1.6064957903228043,1,0,0,1,0,0,0
1.6065891978051863,0,9,5,5,1,0,3
1.6069946711381438,0,0,0,2,0,0,0
1.6073843489964186,1,0,0,0,0,0,0
1.6074400522625636,0,0,0,0,0,0,0
1.6079467364264337,0,0,0,0,0,0,1
1.608455476239914,0,0,0,6,0,0,0
1.608477925327005,1,0,0,12,0,0,0
1.6088940406991024,1,6,5,0,0,0,13
1.6093526786279833,0,0,0,14,0,0,0
1.6095999963147205,0,0,0,2,0,0,2
1.6101344555156503,1,0,0,0,0,0,0
1.6102948791705014,2,60,18,2,1,0,24
1.6103356629845151,0,0,0,42,1,0,0
1.6111604385184846,0,8,0,9,0,1,3
1.6113966509503628,0,2,11,23,0,1,6
1.611436873039092,0,0,0,0,0,0,0
1.6115218884852713,1,0,19,8,0,0,29
1.6121496081786335,0,0,0,0,1,0,3
1.6128885802435327,0,3,11,7,1,0,7
1.612960359602126,0,0,0,0,0,0,0
1.6132343372602869,1,22,0,0,1,0,1
1.6134458953837791,0,0,0,0,0,0,0
1.6134566708496718,0,0,0,0,0,0,1
1.6139504394041178,1,46,5,4,3,0,12
1.614595775702157,0,1,0,1,0,0,0
1.6148173365845195,0,11,5,0,0,0,3
1.6150037732300841,0,0,0,15,1,0,0
1.615034200143931,0,3,11,4,1,0,18
1.6151553671937662,1,1,0,0,0,0,0
1.615513556499269,0,10,8,1,0,0,3
1.616492999821477,3,154,42,189,3,0,75
1.6166351764817224,2,0,0,0,0,0,0
1.6167649108837965,0,0,0,0,0,0,4
1.616768225022577,0,0,0,0,0,0,0
1.617051659421201,0,0,0,1,1,0,0
1.617129735265997,0,0,0,9,0,0,0
1.617142105712637,2,146,197,0,1,0,3
1.6179743090332708,0,0,0,0,0,0,0
1.6181428546577503,0,0,0,5,0,0,0
1.618146634000961,1,6,1,6,1,0,0
1.6183857588724613,0,0,0,0,0,0,0
1.6185912001965514,1,76,1,0,1,0,13
1.6187442074980498,0,2,0,0,1,0,0
1.618917528554971,0,0,0,0,0,0,0
1.6189612279377157,0,37,63,1,2,1,219
1.6196073272556233,6,54,42,17,0,0,48
1.619726666915398,0,12,0,4,1,0,2
1.620106785223205,0,0,0,0,0,0,0
1.6204257989588056,0,1,12,0,0,0,0
1.620478079444969,5,40,217,50,0,1,42
1.6206762312064051,1,0,0,0,0,0,0
1.6207860326878503,1,0,18,4,0,0,7
1.6208879545315804,0,0,0,5,0,0,0
1.621536864994641,0,0,0,2,0,0,0
1.6222130576486817,0,9,0,0,0,0,0
1.6223150286942989,0,0,0,8,0,0,0
1.6224057975975998,1,0,0,0,0,0,0
1.6226123753550459,0,0,0,0,0,0,0
1.623120422223254,0,6,0,0,0,0,0
1.6237962883151347,0,60,38,20,1,1,33
1.6242683023908204,0,0,3,0,0,0,0
1.624469260652344,1,12,31,15,0,0,14
1.6245416987897083,0,0,1,31,0,0,3
1.624957997820981,0,7,0,2,0,0,0
1.6250081056882222,0,0,0,0,0,0,218
1.6254783707626002,1,29,24,0,0,0,15
1.6259872288526787,0,1,0,9,0,0,3
1.6261563201437441,1,14,97,73,3,2,186
1.6265764585035603,0,0,0,0,0,0,0
1.6267520325978635,0,1,1,0,0,0,3
1.6268268371150825,0,3,16,15,0,0,1
1.6269989828896432,0,6,1,11,0,0,0
1.6274416551610862,0,0,0,0,0,0,0
1.627771971708914,1,0,0,0,0,0,2
1.6281112983052424,0,0,0,0,0,0,0
1.6285598319805836,0,0,0,0,0,0,0
1.6286477967927562,0,31,13,32,1,1,51
1.6292071789129368,0,0,0,0,0,0,0
1.6293362673612466,0,0,0,4,0,0,0
1.6293610129864424,1,47,100,26,3,1,68
1.629382679724404,0,0,0,0,0,1,2
1.6294798123348004,1,2,10,0,0,0,0
1.6296406960125935,0,0,0,1,0,0,0
1.63003582759563,3,13,0,4,0,0,3
1.6301643942168722,0,0,0,0,0,0,0
1.6301691801316063,0,1,0,0,0,0,0
1.630238134341838,0,0,0,7,0,0,6
1.6306235297750686,0,3,0,0,0,0,3
1.6307897854824431,0,4,0,0,0,0,0
1.6311741824553467,0,0,12,1,1,0,10
1.631407693464623,0,8,24,10,1,1,32
1.6320170140497638,0,0,0,0,0,1,0
1.6321833851735454,0,0,8,0,1,0,2
1.6324218071443697,7,152,218,40,6,5,216
1.6326222806110875,1,5,1,7,2,0,5
1.63270403968387,0,115,81,2,0,1,24
1.6332184846065,0,0,0,0,0,0,0
1.6338826023031183,0,0,0,0,0,0,0
1.6344359049656527,1,0,25,0,0,1,0
1.6346270849412625,0,2,0,0,0,1,0
1.6349118585766944,1,5,0,14,0,0,0
1.6352901291791893,0,2,2,14,0,0,5
1.6354361690718553,0,0,0,0,0,0,0
1.635542913474904,0,0,0,2,0,0,0
1.635630805824844,0,0,4,0,1,0,2
1.635901264727708,2,192,0,7,2,1,12
1.6359316220327982,0,4,0,0,0,0,3
1.6359708692134833,0,116,0,17,1,0,0
1.6367529783635795,0,0,0,0,0,0,0
1.6383110080268624,4,118,1,4,0,1,0
1.6384356808993414,1,0,0,0,0,0,3
1.6385130839226985,1,0,3,5,0,0,18
1.6386305216712933,2,33,93,16,1,1,119
1.638833983214374,1,0,63,60,0,0,0
1.6394579175334256,0,0,0,0,0,0,0
1.6395065250943504,0,1,0,0,0,0,79
1.639749403767879,4,17,81,18,1,0,0
1.6408104635801737,1,8,20,0,0,0,24
1.641761779134436,1,6,22,0,2,0,10
1.641894101195955,0,4,16,26,0,0,0
1.6419726232980187,1,2,0,4,0,0,4
1.6423524051068594,1,5,0,4,0,0,0
1.6428431397732828,0,0,0,0,0,0,0
1.6433229848242055,1,0,0,3,0,0,8
1.6436516331375997,1,13,18,0,1,0,4
1.643765458968994,0,0,0,0,0,0,0
1.6443567525230562,0,37,111,18,0,0,53
1.6445470449050943,0,0,0,1,0,0,0
1.6450406371220905,1,0,44,32,0,0,27
1.6452947855076785,0,51,0,0,0,0,10
1.6455387434405644,0,0,0,9,0,0,6
1.6456768620439979,2,0,9,0,0,0,2
1.6457143106574785,0,0,0,5,0,0,0
1.6460848057711688,1,29,25,20,2,1,36
1.646127486236059,0,0,1,0,0,0,0
1.6462633492216043,0,1,2,5,0,0,12
1.6464220548766293,1,0,0,0,0,0,0
1.6467260823402106,4,25,152,74,3,1,220
1.6468008243676702,0,4,7,0,0,0,0
1.6477541098204032,1,0,3,0,0,0,12
1.6479060087896078,0,0,0,83,0,0,0
1.6482677627679987,0,0,0,0,0,0,0
1.6484050729789332,1,35,0,1,1,2,16
1.6486790199079946,1,12,17,1,0,0,13
1.6487049986331441,0,0,0,0,0,0,0
1.6487384308979207,0,0,0,5,0,0,9
1.6493160280941845,0,0,0,0,0,0,0
1.6497051527029025,0,5,0,0,0,0,0
1.6515966215816928,0,0,9,18,0,0,2
1.6517625442778987,0,0,0,0,0,0,0
1.6520671817140098,1,20,13,8,0,0,14
1.6521063946260488,0,0,0,0,0,0,3
1.6531497547705825,0,18,59,7,1,1,19
1.6532353830542093,3,5,6,2,0,1,4
1.6544352535641804,0,0,0,0,0,0,0
1.6548310926244225,0,0,2,0,0,0,2
1.6550354281076936,0,0,0,0,0,0,0
1.6554643079067999,0,0,0,8,0,0,0
1.655622019581413,0,0,1,1,2,0,1
1.6556937384578987,0,0,0,2,0,0,0
1.655716250471913,0,17,2,4,0,0,2
1.6563950386883155,0,0,0,0,0,0,0
1.6564238161351155,2,29,10,0,3,0,5
1.6565673994400305,2,0,0,0,0,0,0
1.6570425427550577,0,2,1,27,0,1,0
1.657535938901899,0,27,92,100,2,0,1
1.6576946227350393,4,8,1,0,0,0,5
1.6577924206806594,0,0,0,3,0,0,0
1.6577998060813892,4,385,243,33,4,4,217
1.6578658091426357,2,5,0,0,0,0,0
1.6579723416658472,1,4,0,0,0,0,0
1.6581317014991377,0,0,0,0,0,0,0
1.6590298221068527,0,0,0,0,0,0,0
1.6596573039649798,0,8,5,5,0,0,23
1.6596580814483073,0,2,7,0,0,0,1
1.6603568928728838,0,1,0,0,0,0,0
1.6620907692857405,2,75,0,1,0,0,0
1.6625485406056277,0,1,0,5,0,0,0
1.6626020807425885,0,0,0,0,0,0,3
1.6635185330288833,0,0,0,0,0,0,0
1.6635190198162517,1,0,0,11,0,0,0
1.6637432305927782,1,3,1,2,0,0,2
1.663920960083169,1,17,0,0,0,0,0
1.6642663921796272,0,0,0,0,0,0,0
1.6652180993338437,0,1,0,2,1,0,0
1.6653941568045743,0,0,0,0,0,0,0
1.6657786766287572,0,0,3,0,1,0,13
1.6659881966525585,3,6,0,0,0,0,0
1.6662000244863,3,26,25,25,0,0,15
1.6665582804145866,0,0,0,0,0,0,1
1.666651425450369,0,4,4,5,0,0,11
1.6670670039631048,0,0,0,0,0,0,0
1.6672207263317542,0,0,0,2,0,0,0
1.6672918748386585,0,0,0,6,0,0,0
1.6674298822697375,0,0,0,0,0,0,5
1.6675514687280697,0,11,1,3,0,0,11
1.667861966323723,0,0,38,0,0,0,0
1.6683294228396597,0,43,1,34,0,1,33
1.66855164192481,0,0,1,0,0,0,0
1.6686815954822547,0,0,1,0,0,0,0
1.6687643108046666,2,7,0,5,0,0,6
1.6688004398323506,0,1,0,0,0,0,6
1.6693583010966113,0,0,0,0,0,0,8
1.6694428863399173,3,2,0,0,0,0,0
1.6697406797674357,1,78,80,3,0,0,57
1.669874020244007,0,10,24,3,0,1,12
1.6701368190823942,0,3,0,5,0,1,0
1.6703317170748018,2,7,4,2,0,0,7
1.670651308507456,0,0,0,0,0,0,2
1.671320494058999,1,0,0,0,0,0,2
1.671376869759411,0,2,0,39,0,0,0
1.6718453004108345,0,0,0,0,0,0,0
1.6718718309901277,0,0,0,4,0,0,0
1.672095046291079,1,0,0,1,0,0,0
1.672720653828994,1,58,0,0,0,0,35
1.6732933191312789,1,0,1,0,0,0,0
1.6737218871190194,0,0,0,18,0,0,0
1.674780080135015,2,0,0,8,0,0,0
1.6748653464013386,0,3,0,0,1,0,1
1.674902685303032,4,316,180,60,3,0,370
1.6750582508612697,1,0,0,0,0,0,0
1.6751610640887304,0,0,0,0,0,0,0
1.675186502103557,0,0,0,1,0,0,0
1.6753973306917092,0,0,0,0,0,0,0
1.6756882477789385,1,6,0,0,0,0,3
1.6757740643486632,0,0,0,0,0,0,29
1.6758543010320885,0,0,0,0,0,0,0
1.6758726607088013,1,1,0,1,0,0,2
1.6760334284892096,1,0,0,3,0,0,17
1.6761057120928065,4,64,15,19,3,0,44
1.6761161345309228,0,2,1,2,0,0,0
1.6761861992822429,0,1,0,27,0,0,10
1.6762679571991552,3,17,6,30,0,1,38
1.6767891636988628,1,253,151,77,5,3,55
1.6768850510540183,0,8,1,0,0,0,0
1.6769537686375722,0,1,2,0,0,0,0
1.6771743237049306,1,0,1,0,0,0,0
1.677204226234996,0,0,0,2,0,0,0
1.6778167727830093,0,0,0,0,0,0,1
1.6779092728554321,0,0,12,0,0,0,22
1.6784508627470731,0,0,0,0,0,0,0
1.6789951214272185,0,2,38,6,2,0,24
1.6800044879557967,10,198,217,75,2,3,119
1.6802742675277205,5,77,212,49,3,1,114
1.6806098153948277,2,186,123,11,6,0,109
1.6807150222196974,0,0,8,0,0,0,0
1.6810120385853164,8,117,58,43,1,1,61
1.6810124807571072,0,5,0,4,0,0,10
1.681615773601433,2,14,16,0,0,1,30
1.6818883717044235,0,0,0,0,0,0,0
1.6819606343387767,2,27,2,9,0,0,0
1.682008517279974,0,0,0,0,0,0,0
1.6828482760115042,4,140,141,6,4,0,192
1.6829918244586262,0,2,6,0,1,0,11
1.6831090090964895,0,0,0,0,0,0,0
1.6836232245078468,6,220,76,68,3,2,101
1.6845215073335398,3,2,1,0,0,0,2
1.6845502263168537,0,14,0,7,0,0,4
1.684584616341194,4,7,2,10,0,0,2
1.6847320947519673,0,0,0,0,0,0,0
1.6849158844273917,0,7,32,27,0,1,25
1.6852396445123858,0,0,0,0,0,0,0
1.6853167218592002,5,453,275,60,9,2,363
1.685726579351364,0,9,0,16,2,0,0
1.6858745165054247,3,15,3,0,0,0,3
1.6864484808557132,1,0,3,12,0,1,17
1.6868790540333083,0,1,0,0,2,0,59
1.6869509498403183,1,85,112,8,4,2,17
1.68707064579268,0,2,0,0,0,0,9
1.6874016763322222,0,0,0,5,0,0,0
1.6875707282673378,0,42,131,16,1,1,65
1.688039558947214,0,0,0,0,0,0,0
1.6883707869777826,0,0,0,0,0,0,0
1.6885385528315182,1,5,0,0,0,0,0
1.688859282907133,0,0,0,4,0,0,0
1.6889403720554705,0,0,0,0,0,0,0
1.6890222814051536,0,0,0,0,0,0,0
1.6890786464970515,0,0,0,0,0,0,2
1.6897987065154705,0,1,0,35,0,0,0
1.6903312315872119,0,0,0,0,0,0,13
1.6909042545095918,0,0,0,7,0,0,0
1.6912972772796533,0,0,0,0,0,0,0
1.6913226141631639,1,3,11,7,1,0,17
1.6913934565839008,0,0,0,0,0,0,0
1.6917057688696207,1,3,3,0,0,0,13
1.6919000207513903,0,14,25,0,2,1,34
1.6920594794021206,3,316,616,231,8,5,492
1.692079343716884,2,6,11,0,0,0,10
1.6923583099334156,0,0,0,4,0,0,2
1.6927551244695627,0,0,0,3,0,0,0
1.6928780565427293,0,0,0,0,0,0,0
1.6929794114023131,0,10,0,0,0,0,15
1.693154941791655,2,6,11,0,0,0,5
1.6932733018433654,0,1,0,3,0,1,13
1.6934871360696273,0,0,0,0,0,0,1
1.6936107006477916,2,25,26,24,3,1,35
1.693948726422765,2,11,27,51,1,1,25
1.6948634714586153,0,0,0,25,0,0,0
1.6950318149505372,1,0,0,2,0,0,3
1.695136016527912,0,0,0,1,0,0,0
1.695604390645227,0,0,0,0,0,0,0
1.6957500513082813,0,9,3,0,0,0,0
1.695859726699378,3,165,121,44,5,2,56
1.6964184236950282,1,0,6,0,0,0,0
1.6966075918744299,0,1,0,6,0,1,0
1.6966712275733389,1,17,0,0,1,0,7
1.6969652949594702,1,0,0,0,0,0,0
1.6972309645122525,1,12,49,3,1,0,0
1.6975445680145058,6,490,174,124,8,1,401
1.6976075316456665,0,0,12,0,1,0,1
1.697671815853422,4,8,0,2,0,1,1
1.6980795015418593,1,25,0,29,1,0,8
1.6983769663263835,1,84,0,2,0,0,0
1.6986884855722126,1,0,0,0,0,0,0
1.6990770252977356,3,4,22,6,0,0,15
1.699309829183878,2,0,13,103,1,3,137
1.6996666854437437,0,0,0,0,1,0,3
1.6998439413996065,0,0,0,0,0,0,0
1.7000068173852323,2,24,8,0,1,0,48
1.7001376909368364,0,0,0,18,0,0,0
1.7002038830335187,5,60,56,0,0,2,23
1.7004572330100447,0,0,0,0,0,0,0
1.7004959028688054,0,0,0,0,0,0,2
1.7006667032234195,2,0,9,0,0,0,0
1.7011026247861392,0,0,0,0,0,0,0
1.7018282602666082,0,0,0,0,0,0,0
1.7019055971248824,2,6,3,3,0,0,2
1.7021017160796077,0,0,0,0,0,0,0
1.702253824265934,2,20,34,18,1,0,43
1.7025743365046326,0,34,0,0,0,0,0
1.7027952224342795,0,5,0,7,0,0,15
1.7029475338378366,0,0,0,0,1,0,8
1.7030684834348992,0,30,0,0,0,0,0
1.7030813383708003,0,0,0,0,0,0,0
1.705124510486639,0,0,0,9,0,0,0
1.7053159510171607,0,0,0,0,0,0,0
1.7053668694796686,3,102,14,7,3,2,146
1.7055649187417161,2,3,5,0,0,0,27
1.7055818064731025,0,0,0,10,0,0,0
1.705734606082528,1,0,0,8,0,0,0
1.7059898912140283,0,0,0,0,0,0,0
1.706185705430026,0,5,1,12,0,0,0
1.7065610401007572,0,2,2,0,0,0,0
1.7068236202986622,4,112,77,28,2,0,60
1.7071056874403865,0,0,0,0,0,0,0
1.707275642336167,0,14,16,4,1,2,15
1.7079990644624248,0,0,1,1,0,0,0
1.7080188260376217,3,0,0,20,0,0,0
1.7080856959250963,1,0,0,0,0,0,0
1.7082113128952783,9,148,126,103,2,4,62
1.7082517916144393,0,0,0,3,0,0,0
1.7084030548504212,3,1,17,2,0,0,24
1.7086167369526544,0,1,0,0,0,0,0
1.7087753675535522,1,37,16,12,1,0,25
1.708886736306289,1,4,0,0,0,0,1
1.709222202085873,1,4,0,2,0,0,0
1.7093591928597327,1,13,2,9,0,0,2
1.7093911779568305,7,164,9,73,3,0,0
1.7094531553135197,11,216,51,0,5,0,56
1.7107451930639064,0,0,0,0,0,0,0
1.7108721710076786,0,22,57,36,2,1,37
1.7109081842462834,0,3,0,0,0,0,0
1.711158856846249,1,153,120,146,1,2,143
1.7115872999443489,5,15,33,5,0,0,2
1.7127089706500278,3,7,11,0,0,0,25
1.712729118558544,6,75,99,67,4,0,220
1.7135124702902165,0,1,0,0,0,1,0
1.7142831700235266,0,0,3,3,0,0,0
1.7146718200504472,9,322,378,23,5,5,86
1.714823225007903,0,0,0,1,0,0,0
1.7152560047017518,0,0,0,0,0,0,0
1.7152919175673813,2,70,59,15,2,1,52
1.7156328497512943,1,1,7,38,0,1,3
1.716105487941284,0,1,1,0,1,0,0
1.7165031110765019,0,69,5,0,0,0,132
1.7166158672013385,0,3,0,0,0,1,2
1.716900439264919,2,168,1,0,1,0,0
1.7169954478682712,0,3,24,5,0,0,0
1.7174592880345485,0,0,21,6,1,0,0
1.7180950132431023,0,0,0,0,0,0,0
1.718211218738966,0,0,0,2,0,0,0
1.718416747153941,0,11,84,13,1,1,19
1.718609749017032,0,26,9,7,2,0,38
1.7188916327247754,1,0,42,4,2,2,8
1.7191540980736737,1,24,6,17,1,0,28
1.7198596625951876,1,4,31,7,1,1,4
1.7198802404952773,0,11,0,0,0,0,0
1.7205048200936537,2,0,11,5,0,0,2
1.7205509150777991,0,3,3,5,0,1,12
1.720928279485855,0,0,0,0,0,0,0
1.7210658077576864,0,0,0,0,0,0,2
1.7218544987077598,0,0,0,0,0,0,0
1.7220242738519915,4,25,21,34,2,0,52
1.72212725923063,5,5,17,23,0,0,26
1.7231668154878355,0,0,0,1,0,0,0
1.7235048214933681,0,12,164,9,3,3,19
1.7235477054090855,0,9,13,3,0,0,0
1.7236059876551888,2,0,0,0,0,0,0
1.7236097319913737,0,0,0,0,0,0,0
1.7236917020605944,0,0,67,21,0,0,0
1.723727207196166,0,0,0,0,0,0,0
1.724185746998611,0,0,3,9,0,0,0
1.724657224144955,0,0,0,0,1,0,6
1.7249143485647502,0,0,0,0,0,0,0
1.7253731545270257,1,17,46,21,4,0,37
1.7255744795987653,0,10,1,0,0,0,0
1.725792437810905,1,0,0,0,0,0,0
1.7257982999430992,0,0,0,0,0,0,0
1.7258727584317866,3,15,28,44,1,0,37
1.7271108935630048,0,18,0,8,1,0,0
1.7273170457708185,1,0,0,0,0,0,0
1.7276322899904106,5,130,136,78,4,1,99
1.7276420107931594,0,0,0,0,1,0,0
1.7281165531471896,0,13,0,0,0,0,0
1.7281210746935656,2,26,3,90,4,0,1
1.7282455194533215,1,0,0,0,0,0,0
1.7283488210486067,2,8,1,8,1,1,9
1.72842542229629,0,1,28,12,0,1,25
1.728582275619133,0,1,0,1,0,0,0
1.7294421243761717,1,0,29,11,1,1,8
1.7296283365714662,1,0,1,0,0,0,0
1.7307039030602094,0,0,63,15,1,0,39
1.7308236696053285,0,12,0,0,0,0,6
1.7310284519673191,2,2,11,6,0,0,2
1.7312225209165741,0,2,3,1,0,0,3
1.731247757887672,0,1,0,0,1,0,3
1.7316056051529864,0,0,0,1,0,0,0
1.731906071391604,0,0,10,0,1,0,8
1.7325148245719815,3,14,0,2,1,0,55
1.7326619748548897,0,0,0,3,1,0,0
1.7327129417893177,4,5,77,1,2,1,43
1.7328697586350426,1,0,0,7,1,0,0
1.7329150479060111,0,0,0,0,0,0,0
1.7334581100869855,5,40,44,17,3,0,40
1.7334965832939224,1,1,0,4,1,0,15
1.7337322769466899,1,2,0,6,0,0,0
1.7340498001164588,1,0,0,0,0,0,0
1.734488061164939,1,0,0,0,0,0,3
1.7347430580485914,0,6,0,17,0,2,0
1.7348008134848474,2,59,141,1,3,3,118
1.7348163956419451,2,6,7,9,1,0,0
1.734998998448116,0,0,0,0,0,0,0
1.7350010417310466,0,0,0,0,0,0,0
1.735413173318636,0,0,0,5,0,0,0
1.735726129379383,0,23,13,2,1,1,11
1.735927324741978,0,0,0,0,1,0,0
1.7359436044071004,0,6,0,7,0,0,4
1.7359483288021875,0,0,0,0,0,0,3
1.7359768980398362,0,9,0,0,0,0,0
1.7360891122791946,1,0,51,0,3,2,41
1.7362871255468608,0,16,16,0,2,0,5
1.7364913473912027,1,0,0,1,0,0,0
1.7365895814560381,1,2,0,0,0,0,0
1.7368944558390653,0,10,6,20,0,0,7
1.7370566375864238,0,0,0,0,0,0,2
1.7373202085776986,3,65,1,55,1,3,0
1.7375132040513857,1,3,56,8,0,0,11
1.737665274000879,2,3,7,31,1,1,4
1.737676589859578,0,1,0,0,1,0,7
1.7378608503284612,0,0,0,0,0,0,0
1.7379743377472443,0,8,0,0,0,0,2
1.738383017169271,0,0,12,0,0,0,7
1.7385550717653575,3,74,67,0,3,0,139
1.738709015706755,2,19,22,0,0,1,43
1.7387650514465673,0,20,2,0,0,1,0
1.7393891016194236,0,9,0,3,0,0,0
1.7396162334342125,1,0,4,62,1,0,26
1.7399024730452644,1,0,0,0,0,0,0
1.7401162695620866,0,0,0,0,0,0,0
1.7401167641817972,0,0,0,0,0,0,0
1.7406385507366413,1,0,0,0,0,0,4
1.7407251785019813,1,0,0,0,0,0,4
1.7409192634763844,0,0,0,0,0,0,0
1.7410448278788702,0,61,115,60,5,0,107
1.7411535200001014,0,0,0,12,0,0,0
1.741417967726803,1,12,0,0,0,0,0
1.7414492681669935,0,1,5,0,0,1,0
1.7415030405826928,9,162,175,112,5,2,174
1.7415701361397322,0,0,0,0,0,0,23
1.7416929317528338,0,0,0,16,0,0,0
1.742032803827335,0,0,0,0,0,0,4
1.742194982732667,2,73,44,48,5,2,25
1.7427782025201934,2,23,7,25,1,0,10
1.7429585012375484,2,19,6,11,0,1,0
1.7430553713271197,3,28,20,12,0,1,26
1.7433006282296457,2,46,23,2,0,0,2
1.7440256769097298,0,1,0,5,0,0,12
1.74411534172653,0,0,0,0,0,0,0
1.7443562037359701,0,0,0,19,0,0,0
1.7444429198332354,0,8,67,9,1,0,24
1.7445038880512929,1,0,0,0,0,0,1
1.7445172464683631,0,18,0,3,0,1,44
1.7445718307869176,2,0,54,8,0,0,6
1.7449073921651859,0,0,0,0,0,0,8
1.7451854316671018,0,22,7,0,1,1,0
1.7454914832080202,1,0,2,0,1,0,0
1.746009359364756,1,15,0,20,0,0,16
1.7466380579484462,3,32,6,16,0,1,67
1.7467770111138676,10,218,237,20,3,3,214
1.7471551668510867,1,0,0,2,0,0,0
1.7472154195678449,1,5,15,15,0,0,36
1.7477248661157796,3,0,0,7,0,0,0
1.7478020938408791,0,18,1,2,0,0,39
1.747939897894611,2,1,0,0,0,0,0
1.7479775255960954,0,2,0,0,0,0,0
1.7481371563078663,0,0,3,9,0,1,15
1.7484520030401962,0,0,0,0,0,0,6
1.749846557764805,0,2,0,0,0,0,2
1.7500218138276578,0,0,0,26,0,0,0
1.7501887644064393,1,0,0,1,0,0,8
1.7502737193149185,1,0,4,7,1,0,3
1.7505944406610552,4,133,48,21,6,0,44
1.7515467156914437,2,23,239,0,2,0,31
1.7516007847651336,3,72,109,70,4,2,52
1.7516926867660245,9,31,172,4,3,1,293
1.752064220272046,1,0,0,0,0,0,0
1.7525309960470876,0,96,14,0,2,0,0
1.7525569632086662,0,0,0,0,0,0,1
1.752710682773137,1,93,183,19,5,2,99
1.752731124888331,0,0,0,0,0,0,0
1.7539030089495424,9,35,91,58,2,3,44
1.7540260792996245,0,0,0,4,1,0,10
1.754161706449305,0,0,18,4,0,0,32
1.7543852984230957,0,1,8,2,3,0,23
1.7544349129520822,0,27,32,21,1,0,81
1.754463716829128,0,0,0,0,0,0,0
1.7545430267393525,3,217,0,74,1,2,2
1.7547766595525338,1,5,24,13,3,1,21
1.7550609333234979,0,5,1,24,2,1,59
1.7555472998828934,1,46,60,14,3,0,43
1.7556037382985135,5,159,344,106,7,4,204
1.7558100651837338,8,416,195,141,6,5,348
1.7558546221963942,1,11,18,0,3,1,7
1.7560510380358312,0,17,20,10,1,0,4
1.7563577928971683,2,1,0,8,0,0,27
1.756426795149307,3,91,171,7,6,2,206
1.7565746201744048,0,1,0,0,0,0,2
1.756623253984587,3,28,13,54,0,0,59
1.7572920963010936,0,1,10,32,2,0,7
1.7579091211196713,0,0,0,2,0,0,0
1.7579379808748932,0,0,0,0,0,0,0
1.7586493972799933,0,0,0,14,0,0,0
1.7586922398889975,6,221,251,104,3,5,104
1.7587283595881218,0,0,0,0,0,0,0
1.7589117809303039,15,546,461,71,3,5,130
1.7594016964076582,1,0,6,2,2,0,10
1.7596041276509362,1,2,0,20,0,0,0
1.7598223961057893,1,112,107,222,7,5,99
1.7601145455598974,7,91,69,42,4,6,81
1.7601148696443634,0,1,0,0,0,1,2
1.7605547002550443,0,4,0,0,1,0,30
1.7605743520827963,0,12,7,5,1,0,2
1.7606914398049562,0,56,55,66,0,0,0
1.761446997047977,0,0,0,2,0,0,0
1.7615574987423528,1,0,0,0,0,0,0
1.7619000904277402,0,40,9,7,0,0,0
1.7620201763401027,3,78,25,153,7,0,69
1.7620953056766269,2,4,1,0,0,0,0
1.7622660040699838,1,17,5,13,0,0,0
1.7625941782179666,4,112,146,73,3,0,24
1.76285452773134,0,0,0,0,0,0,0
1.7631379579900124,0,2,8,11,0,1,3
1.7631720941679392,0,0,0,0,0,0,0
1.763303119138003,0,0,0,0,1,0,18
1.7633689628905613,1,0,0,0,0,0,1
1.7640414825891293,1,0,0,14,0,0,0
1.7640425048236823,0,6,7,1,1,0,18
1.7648343032520741,0,0,0,0,1,0,0
1.7648428728217493,3,7,11,17,3,0,6
1.7649930328836767,0,71,0,0,0,1,0
1.7652464575591702,11,207,148,41,8,3,292
1.765320892662561,9,82,12,31,0,0,1
1.7660063493080556,4,13,15,11,2,0,3
1.766106164367509,1,1,0,0,0,0,0
1.7661498124895372,0,0,0,0,0,0,0
1.766676824934518,0,0,0,0,0,0,0
1.766734071900713,1,1,0,13,0,0,0
1.7667710092173794,1,0,0,0,0,0,0
1.7669092435839049,0,29,2,3,3,0,2
1.7673170195252959,0,37,0,0,1,1,6
1.7673888465967917,5,20,17,36,1,1,8
1.7674187654370903,0,0,0,0,0,0,0
1.7674921555564893,1,42,19,0,1,0,85
1.767738403122667,2,6,14,0,1,1,10
1.7678478130282926,0,0,0,1,0,0,0
1.7682169135357155,3,116,38,11,4,1,63
1.768433703552478,0,0,0,0,0,0,0
1.7685114629771665,0,2,0,0,1,0,0
1.7686101626129782,0,0,0,1,1,0,6
1.7693861428234987,0,0,0,1,0,0,0
1.7694814487370247,0,3,0,0,1,0,0
1.7700245837187736,2,39,70,44,2,2,55
1.7703359865658999,0,7,0,0,0,0,3
1.770814294561046,1,0,1,23,0,0,0
1.771240641716759,1,16,28,0,6,0,117
1.7714342416673554,1,2,17,2,2,1,35
1.7715342931261593,1,14,48,1,2,1,47
1.7715347708703797,0,0,0,11,0,0,1
1.7719795985166693,1,0,7,1,0,0,47
1.772258731616881,1,0,2,19,0,0,0
1.7724783368954544,19,508,475,175,10,8,459
1.7730687607196483,2,18,13,7,1,0,21
1.7734042673835342,1,0,2,10,1,0,35
1.7735121073224827,0,0,0,12,0,0,0
1.773624275975423,1,44,0,0,0,0,0
1.7737051719640957,4,13,5,16,1,0,1
1.7739746912853294,1,1,2,5,1,0,17
1.774096348874655,1,3,0,0,0,0,3
1.7740983749143104,4,216,173,30,3,4,366
1.774327461728789,2,25,2,0,1,0,0
1.7744470763832798,7,254,107,8,5,3,166
1.7751679973588081,0,41,49,8,1,1,10
1.7752383545032444,5,665,242,70,7,3,689
1.775560418625148,0,6,12,0,0,0,11
1.7757392781611132,0,0,0,17,1,0,0
1.7758976878942718,8,192,476,59,4,3,264
1.7759111755089765,0,3,3,11,1,0,0
1.7762213840789185,0,2,3,29,0,0,0
1.7765765334288182,1,0,0,0,0,0,2
1.7767255941596087,14,447,65,70,3,3,119
1.7767699826471692,0,0,17,0,1,0,8
1.7769795908765775,0,0,5,8,3,0,20
1.778800559561569,1,16,9,3,1,1,19
1.77927472763884,1,1,0,0,0,0,0
1.7792837258384253,0,0,1,1,0,0,0
1.779322321114514,0,0,0,0,0,0,1
1.7793751340331374,0,0,41,7,1,0,38
1.7793981100560992,2,0,0,0,0,0,2
1.7794940526217118,0,37,3,44,1,0,5
1.7796591937231139,2,1,25,3,1,0,8
1.779740307455897,0,0,1,0,0,0,0
1.7800396558357912,0,10,27,2,1,0,18
1.780264533767814,0,3,12,2,1,0,4
1.7804603649930948,1,7,0,0,0,0,0
1.780477818862167,1,19,11,7,1,1,14
1.7807562034441602,0,8,17,37,0,2,26
1.7809805100043195,0,5,0,0,1,0,2
1.781387191796113,0,0,16,18,1,1,4
1.781500626591938,0,6,0,0,0,0,0
1.7815662390976161,2,22,8,0,0,0,23
1.7815814028343673,1,0,6,5,1,0,20
1.7816793390040702,3,15,3,32,1,1,62
1.7819421441528263,21,497,248,118,3,6,298
1.781967539522456,9,80,88,30,3,0,123
1.7819880608825203,2,3,0,0,0,0,1
1.7820350497452428,0,0,0,15,0,0,0
1.7821992751517088,0,1,0,0,0,0,0
1.7824563016910413,2,46,38,9,0,1,54
1.782529436153849,3,46,35,1,0,0,21
1.7825456619861249,0,18,0,0,0,0,0
1.782750837793482,3,10,14,22,2,0,27
1.782843385979751,3,51,36,32,2,1,20
1.7831035885177962,0,17,5,11,1,0,4
1.7840474932335182,0,0,0,0,0,0,0
1.784313090590817,1,0,0,0,0,0,0
1.7846387282143528,1,3,2,2,0,0,0
1.7847833613363009,1,10,0,0,0,0,0
1.7847945368010016,0,16,11,0,1,0,7
1.785067364538626,1,2,114,26,1,0,190
1.7851140022647467,1,2,0,0,0,0,0
1.7851423822267498,0,12,6,1,0,0,4
1.785688547957529,11,66,112,70,4,3,174
1.7857394797703061,3,0,0,0,0,0,1
1.7857729510132208,16,351,86,106,9,1,354
1.7858270251100372,2,0,0,2,1,0,17
1.7859461322309202,1,2,3,4,1,0,0
1.785976346059404,0,3,4,8,1,0,0
1.7864620557177429,1,0,0,0,0,0,0
1.7865866795539762,5,25,14,34,1,0,46
1.7866008893389589,0,2,1,2,0,0,1
1.7868886039578338,1,16,0,0,0,0,25
1.7869209268596198,7,46,142,3,1,0,3
1.7873691316513345,0,0,0,0,0,0,0
1.7877027880051544,0,87,40,31,9,4,124
1.7879654075566322,1,9,32,15,0,0,0
1.788221446634166,1,40,35,140,2,0,2
1.7882837837862104,0,13,87,15,2,0,69
1.788316183878949,17,382,236,100,3,3,160
1.7883792636149725,1,0,4,0,2,0,20
1.788601712738061,2,9,2,0,0,0,4
1.7895165563576054,0,0,0,0,0,0,0
1.789703843427993,0,0,0,0,0,0,6
1.7897275016324692,0,0,0,1,0,0,0
1.7897616366726885,0,0,0,0,0,0,0
1.7898043634326015,7,404,264,137,16,2,656
1.7900658211528748,1,3,0,0,0,0,2
1.7901642593210592,0,1,0,0,0,0,0
1.7902943260511288,0,0,0,0,0,0,0
1.7905253736190574,0,0,4,0,0,0,3
1.7905500754359167,1,7,9,23,1,0,0
1.7911982845245624,1,0,2,0,0,0,0
1.7919754655553708,1,20,3,5,2,0,17
1.7921364712667147,0,6,80,5,5,0,3
1.7922225591975407,0,1,0,0,0,0,0
1.7926915272656205,0,0,0,0,0,0,0
1.7927545943098806,13,560,167,334,4,10,157
1.792759960336586,0,0,0,0,0,0,0
1.793048985368519,1,2,1,0,0,0,0
1.793074864465065,0,1,1,0,0,0,20
1.793102762681195,3,55,57,1,3,1,43
1.7932891409441818,6,74,34,61,4,1,296
1.793299798630849,0,0,0,0,0,0,0
1.7937771870057035,1,0,0,0,0,0,0
1.7940125814283665,29,392,226,91,8,5,238
1.7940181907364363,0,0,0,4,0,0,0
1.794765129783968,1,0,0,0,0,0,4
1.7949656273247678,1,71,23,14,4,0,44
1.79506484342981,0,0,1,0,0,0,0
1.795141933000665,0,63,387,7,6,1,367
1.7952288648901513,0,0,0,0,0,0,1
1.795327783677609,0,0,0,0,0,0,0
1.795479936893946,0,4,0,2,1,0,6
1.7956277848298159,2,18,2,9,4,2,7
1.795727314665625,1,0,0,0,0,0,0
1.796430716561335,2,21,21,5,1,2,127
1.7964781747562455,4,56,1,8,0,0,0
1.7967134222153414,7,3,2,18,0,0,34
1.7967634372959882,0,4,0,0,1,0,1
1.7970089565430905,0,2,0,2,0,0,2
1.7974268650824377,1,0,27,5,0,0,0
1.7978317899136862,0,10,32,21,1,1,33
1.7981554761579002,5,73,86,26,1,2,29
1.7984748571063836,0,8,0,0,0,0,7
1.798784012809065,0,0,0,0,0,0,0
1.799201014771527,2,0,0,25,1,0,37
1.7995564468057355,0,0,1,0,0,0,45
1.7999542591876998,0,11,1,8,0,1,8
1.8001308800003248,5,50,47,137,2,1,94
1.8002417556813468,0,8,0,0,0,2,1
1.8003145227294768,1,3,0,0,0,2,0
1.8005567033850554,0,2,0,0,0,0,0
1.8005657059867406,3,18,0,0,0,0,1
1.8014218436925975,6,65,20,5,2,1,2
1.8014856221193605,2,28,33,17,3,2,79
1.801580523959,2,0,0,0,0,0,0
1.8017399410855208,1,14,5,0,2,0,10
1.801756183482044,4,35,35,50,1,0,12
1.802045250942515,0,0,8,0,0,0,0
1.802075932310784,0,43,52,36,4,1,89
1.8021709818024647,1,0,5,0,1,0,0
1.802354861696097,0,0,9,6,1,1,12
1.8028886976364047,0,6,16,31,2,1,31
1.8029304502721784,3,80,2,4,1,1,65
1.8030227703980206,8,0,0,0,0,0,0
1.803213651652141,18,304,84,128,10,8,286
1.8034556517532156,1,4,30,9,0,0,60
1.803462250435586,11,296,36,23,0,3,0
1.8037864975941393,1,19,0,14,2,0,25
1.8039823803946526,0,0,2,0,0,0,0
1.8039878942991703,1,26,0,1,3,1,117
1.8041011718964275,1,0,1,0,0,0,1
1.804308702173188,1,0,0,1,0,0,0
1.8045704977006902,1,9,6,5,0,0,5
1.8045856192984266,1,45,8,0,1,0,4
1.8045898847953201,4,35,12,37,1,1,31
1.8048446620211538,0,0,0,1,0,0,0
1.8050414831923116,1,26,82,19,4,2,211
1.8050453351218574,2,31,22,29,0,0,46
1.8054158932620075,4,39,47,23,2,0,35
1.8054372427595957,1,0,0,0,0,0,0
1.805616083503421,2,16,0,59,0,0,3
1.8058737450377993,8,254,267,56,4,7,275
1.806312374519713,2,3,21,6,1,1,15
1.806368031523821,0,9,5,4,0,0,2
1.8065489796959526,6,133,8,233,6,3,163
1.806670087719851,0,0,0,0,0,0,0
1.8067855976649003,0,0,0,1,0,0,0
1.806841524472547,0,0,0,1,0,0,0
1.8071408858320632,0,15,24,8,0,1,39
1.8073876758782736,0,3,35,20,4,1,47
1.807429974417853,3,45,0,0,0,0,0
1.807610455306269,7,124,33,40,1,2,4
1.8077044247678213,2,27,50,14,3,2,93
1.8077732744467565,1,0,1,0,0,0,0
1.808020984600752,1,12,0,0,0,0,0
1.8081182011924244,6,46,119,129,1,1,121
1.808314806290908,1,18,31,0,2,0,0
1.808482817830107,0,0,0,0,0,0,2
1.8088177950097286,15,374,689,204,9,1,597
1.8088862358479798,2,45,18,1,0,2,51
1.8092081759238132,0,0,0,0,0,0,0
1.8094482883238063,0,7,5,25,0,1,26
1.8101455675335245,4,13,23,26,1,0,24
1.8102703106198774,1,16,52,42,3,1,56
1.810294945483548,8,64,0,0,0,0,0
1.810624547755559,1,23,15,2,1,2,0
1.8109390139949595,1,22,38,75,1,1,69
1.8110165440560366,0,3,0,8,0,1,13
1.811271545668558,0,0,0,1,0,1,2
1.811304689585602,0,0,0,0,0,0,0
1.8116143435278937,0,0,0,8,0,0,0
1.8116320259708247,2,1,41,49,1,2,158
1.8119247168421813,1,44,97,14,6,1,118
1.8122626856349224,1,1,4,2,1,0,1
1.8126296928820202,0,3,2,1,0,0,1
1.8128239225077183,0,41,132,0,0,0,11
1.8130438445471644,2,5,1,10,0,0,17
1.8133482051984606,5,19,27,1,0,0,23
1.8134033113424246,0,0,0,1,0,0,2
1.8139474850091029,2,4,50,12,3,0,15
1.8140607337435137,2,183,9,61,1,1,231
1.8141771512132159,0,0,0,13,0,0,0
1.8142291977986655,0,0,0,3,0,0,0
1.8144607150841852,0,0,2,0,1,0,3
1.8150737722908576,11,90,88,100,7,2,199
1.8151336766579347,0,5,22,5,1,2,88
1.8151435358561399,1,29,30,31,2,0,66
1.815185823403154,15,228,422,101,3,6,366
1.815265231206095,7,145,253,54,5,7,136
1.8155492134922306,0,25,64,6,1,2,8
1.8157472220712492,8,272,228,120,8,4,401
1.8159955663104528,1,9,2,0,1,0,8
1.8160090042275399,1,9,39,11,3,0,27
1.8160188072558334,2,17,0,9,0,0,0
1.8161128243062215,8,131,105,19,4,1,81
1.8166138242433876,0,1,0,3,0,0,0
1.8169538549594022,0,0,0,0,0,0,1
1.8170396184690487,1,5,28,5,2,0,0
1.8170844829809218,0,0,0,0,0,0,2
1.818122689003186,1,29,4,0,2,0,0
1.8181547737360377,2,34,5,12,3,0,52
1.8184407612267586,0,0,1,15,1,1,0
1.8186885119559035,0,0,14,0,1,0,0
1.8190362398123885,1,40,16,14,2,2,32
1.8191833172013878,0,3,7,0,0,0,0
1.8195749443436005,0,41,0,1,0,0,6
1.819746179532562,9,85,128,36,5,2,208
1.8200630104831552,5,156,99,13,7,0,135
1.8201460513936059,16,172,249,67,3,10,463
1.8201589987606095,0,0,0,0,0,0,0
1.820424099300439,1,1,5,0,1,0,9
1.8204720134510302,15,380,547,184,10,5,495
1.8207095332012446,1,25,135,23,1,0,67
1.820945091822942,0,0,0,0,0,0,0
1.821029890018404,4,37,0,18,0,0,0
1.821318487544333,0,3,0,0,0,1,7
1.8215887170905134,0,2,0,9,0,0,0
1.8216161369115662,1,0,0,2,0,0,0
1.8217941493024041,9,101,239,20,5,1,120
1.8227214319494527,5,0,105,1,2,2,85
1.8230135986739533,2,23,20,12,1,0,3
1.82307678592413,4,279,154,52,4,4,169
1.8234624022724946,0,0,4,0,1,0,4
1.8234709301907237,0,1,0,0,0,0,9
1.823905970184426,1,6,4,4,0,0,3
1.8239519722826807,0,0,1,0,1,0,1
1.8239710931735142,4,78,155,27,7,1,86
1.8242767000345625,0,84,1,2,0,0,42
1.8244223595792044,2,97,46,34,0,0,52
1.8248307265849635,1,10,13,10,4,0,19
1.8249405240199421,12,351,31,20,0,2,28
1.8249737224245908,0,0,0,0,0,0,0
1.8251783517072167,13,155,151,47,6,4,275
1.8252739713557764,6,110,144,36,4,5,111
1.8252864584430317,0,0,0,3,1,0,0
1.8254805844115303,0,30,1,1,1,0,5
1.8257405543765417,3,161,174,222,7,0,125
1.826143812573856,0,3,1,0,0,0,10
1.8262300550924186,1,3,7,10,1,0,5
1.8262347553068907,0,0,0,0,0,0,24
1.8262719390770932,0,3,0,33,1,1,4
1.826449642472163,0,5,23,33,5,0,8
1.8266554383143854,1,0,22,9,1,1,3
1.8268927274912823,7,59,20,21,5,4,131
1.8269817498464644,0,20,1,6,1,1,8
1.8270621433881213,3,25,20,20,3,1,18
1.8271992784565014,1,16,0,0,0,0,1
1.8273788707147949,0,20,13,5,2,0,24
1.8274662578311278,1,3,1,2,0,0,6
1.8278558289020832,0,11,2,18,1,1,0
1.8281183949777857,0,9,0,0,0,0,8
1.8285029155896964,2,9,19,45,6,1,51
1.8285834537542396,2,2,0,0,0,0,0
1.8286346708938916,1,20,3,0,0,0,14
1.8289765657961221,0,6,0,0,1,0,5
1.8295228167294575,2,13,27,15,3,1,112
1.8297746602784573,0,0,0,0,0,0,0
1.830672019479557,0,3,9,0,2,0,23
1.8309486076209824,0,0,0,3,0,0,0
1.830970522928314,0,0,1,0,1,1,2
1.8310058426469031,0,0,0,59,0,0,0
1.8311238162985215,1,2,0,0,0,0,0
1.8313323083998132,0,0,0,0,0,0,0
1.8313430366543209,0,0,0,0,0,0,0
1.831362787802166,0,2,4,10,0,0,2
1.8322737524402148,0,40,46,18,6,1,103
1.832630264161834,1,0,1,0,0,0,0
1.8328100973041446,0,2,2,0,1,0,0
1.833271006069516,0,9,2,16,2,1,0
1.8333085129246536,0,0,0,3,0,0,0
1.8341890922425488,2,8,3,0,0,0,0
1.8344192380266193,2,0,1,1,0,0,0
1.8344942202399515,0,0,6,2,0,0,1
1.834515831490059,1,33,1,105,2,2,54
1.834527129070648,3,19,1,50,5,0,15
1.8345359835730028,0,10,0,12,2,0,0
1.8346363328037112,0,6,0,0,0,0,0
1.8348703061681253,1,6,3,2,1,0,8
1.8350081908811329,4,82,15,18,4,0,3
1.835066431231597,0,1,0,0,0,0,0
1.8353659928028399,1,35,39,32,3,1,52
1.8354985957937708,0,0,0,0,0,0,0
1.8356132704081327,2,98,99,228,4,0,89
1.8357885019932783,7,178,105,175,4,0,157
1.8358155813420785,6,271,160,9,7,1,188
1.8360183401792791,1,3,0,10,0,0,0
1.836020481743071,0,0,0,0,0,0,0
1.8362323621815764,1,37,26,12,1,0,35
1.8362572826979309,1,1,1,0,0,0,0
1.8363369123498787,2,0,0,0,0,0,0
1.8363542168320128,4,18,4,6,0,0,12
1.8364297785393184,3,10,19,18,1,0,48
1.836515200694344,0,48,72,22,3,1,73
1.8366222010408104,0,9,0,0,0,0,0
1.8368863884703919,0,0,1,0,1,1,0
1.8368878456054498,2,7,65,26,1,2,44
1.836896355835304,2,5,24,0,0,0,10
1.8370824910609105,4,21,2,13,1,1,37
1.837234407175627,1,1,3,1,0,0,6
1.837450164268547,5,34,54,24,2,1,58
1.8376832187916117,1,46,45,28,2,0,3
1.8378299612145341,7,203,115,98,2,5,153
1.837854940784558,0,0,0,3,1,0,5
1.8379999775274012,3,2,73,8,4,0,84
1.8382479107132412,6,69,116,29,9,3,107
1.8383475650958123,1,3,7,2,0,0,1
1.8384325142784517,0,17,12,0,2,1,25
1.838502632313624,0,0,0,1,0,0,0
1.838715915047986,4,39,8,20,2,1,131
1.8390378048835692,0,0,11,0,0,0,8
1.8390514103236701,1,0,0,0,0,0,0
1.8394661587166108,2,41,218,30,5,0,126
1.8395781773700732,1,0,0,0,0,0,0
1.839820268432565,0,0,3,0,1,0,0
1.8399975460167766,0,0,0,0,1,0,1
1.8403432082800557,11,220,308,114,18,5,195
1.840567375568295,0,0,0,0,0,0,0
1.840637606366667,9,97,281,207,9,5,106
1.8406378471992646,3,33,4,11,4,0,3
1.8411942247061635,1,0,0,0,0,0,0
1.8412967553151873,13,190,111,21,5,2,126
1.8418116350928224,4,28,60,95,3,0,5
1.8420432688399035,4,2,41,11,1,1,44
1.8421517661973341,0,0,0,0,0,1,0
1.8426228375227052,1,78,39,1,5,1,67
1.8427068315050443,3,33,64,58,1,0,25
1.8428741969814664,2,6,15,0,1,0,4
1.8431909718126431,0,0,0,0,0,0,0
1.8433880335234432,2,0,0,0,0,0,0
1.8435319250916267,0,3,0,2,2,0,68
1.8435521319476318,0,0,7,1,0,0,8
1.8437448066468212,1,82,131,75,2,4,9
1.843767598209431,0,1,0,0,0,0,9
1.844061044016418,1,19,28,0,0,1,32
1.8441563844130762,11,550,40,237,7,5,279
1.8443385293507806,1,19,5,10,1,0,0
1.844728663612283,1,0,0,0,0,0,17
1.8447518687724787,1,36,14,13,2,1,13
1.844869648704467,9,414,361,327,12,8,576
1.8453533026447304,0,0,0,1,0,0,0
1.8454125833500448,1,0,0,0,0,0,3
1.8454449580340002,0,0,0,0,0,0,0
1.845652032106011,0,6,0,0,0,0,0
1.8457701391053591,1,7,4,0,1,0,6
1.8459864999876718,4,60,24,8,1,0,22
1.8463982757654434,6,17,37,8,1,0,24
1.8465721517468465,5,12,159,110,5,1,173
1.8467645385969231,2,18,45,1,2,3,91
1.8468660785091586,2,33,29,18,3,2,23
1.8469001320285092,0,6,0,0,0,0,0
1.846951031599216,0,18,11,0,1,0,2
1.8469906283790687,0,0,0,0,0,0,0
1.8470748892609965,1,4,22,11,2,0,3
1.847081031560866,4,2,0,0,0,0,2
1.8472421864805655,1,6,0,0,0,0,0
1.847341839619291,1,1,1,0,0,0,0
1.8476577493086077,1,94,87,1,3,1,82
1.8476857776895865,0,0,0,0,1,1,1
1.847957965735603,1,10,8,9,1,1,0
1.8480425258955655,6,23,84,13,3,0,267
1.8481638350934027,0,5,6,4,1,0,8
1.848243889739743,0,0,0,0,0,0,0
1.8483474870390149,3,2,0,6,2,0,0
1.8486573265392725,2,7,41,1,1,1,11
1.8486575542264934,0,2,7,18,1,1,19
1.8487636710580295,2,5,3,10,1,1,0
1.848893157496513,2,5,1,1,0,0,4
1.849189169098012,0,10,0,9,0,0,0
1.8492097540272188,8,38,3,5,2,0,16
1.849672292905397,5,7,0,1,0,0,0
1.8499636465216285,2,121,95,95,3,3,95
1.849995250278136,18,457,568,310,12,4,718
1.8502178811123886,1,0,0,10,0,0,0
1.8504284714111725,5,22,60,16,0,2,44
1.8504929464151096,4,28,76,5,3,2,97
1.850562422489559,1,0,0,0,0,0,0
1.8510378134892724,7,204,216,4,12,5,146
1.8512231758370445,0,0,6,0,0,0,0
1.8513602834727225,1,38,1,6,0,1,1
1.8514732163013334,7,127,116,32,2,5,106
1.8515308913911839,0,0,0,43,0,0,0
1.8515551997083137,1,6,0,0,1,1,8
1.8516997904555286,2,13,5,14,2,0,15
1.8517236407623807,2,1,3,0,1,0,9
1.8518601550219926,7,232,83,61,9,2,300
1.8518853972162643,0,1,0,0,0,0,0
1.8520091787791217,1,0,0,0,0,0,0
1.8521126953153595,12,387,688,285,14,5,153
1.852212444009103,2,1,4,0,0,0,0
1.8525261144150835,1,0,0,2,0,0,8
1.8525991749515265,1,1,0,0,0,0,0
1.852865264373084,4,57,342,386,9,2,521
1.8529353792101184,0,19,0,30,0,0,2
1.8530631495165537,1,0,0,0,0,0,0
1.8530887558346147,2,50,31,34,3,1,44
1.8532569484878405,0,55,55,0,3,0,0
1.853354694826688,1,4,20,33,2,1,37
1.853721314514184,0,4,3,8,1,0,6
1.853875146724598,2,8,192,0,10,2,30
1.853978189515847,1,9,7,14,1,1,40
1.8545838736332656,19,267,185,220,10,5,122
1.8546155224908611,3,15,8,17,0,0,5
1.8546884203608844,0,0,0,0,0,1,0
1.854705344255411,3,72,135,98,7,1,339
1.8551095206292498,1,2,0,1,0,1,0
1.8553573122105484,2,0,0,3,0,0,0
1.8554971609997755,0,0,7,5,0,0,18
1.855503701390388,2,10,32,119,0,0,9
1.85593208034547,0,0,0,0,2,0,10
1.8560108249816896,0,34,5,5,4,0,5
1.8564664533475213,5,95,40,46,5,0,96
1.8564887572048052,2,4,6,0,2,0,9
1.8565261946961982,3,93,41,42,3,0,91
1.8566589055716203,14,340,411,116,10,8,361
1.8566766021687513,4,23,16,19,1,0,16
1.856739353689529,11,151,108,46,3,5,65
1.8571925458230427,2,104,2,68,3,0,56
1.857674109589886,0,0,5,0,0,1,2
1.8580272865823217,1,7,10,0,2,0,9
1.858909089110716,3,8,6,126,0,0,12
1.859000803331201,0,0,0,0,0,0,0
1.8591937719750002,0,30,2,0,1,0,3
1.859308678628186,5,36,42,41,5,1,24
1.859709206062836,0,0,0,0,0,0,0
1.8599461557845285,0,1,0,0,0,0,3
1.8600868372059327,6,212,725,101,5,4,105
1.8601021019376298,23,416,375,118,17,4,258
1.86029186767591,1,25,0,6,1,0,53
1.8603179163322605,2,29,26,16,0,0,52
1.8604221966898344,2,7,1,8,0,0,20
1.8604297428036507,1,9,3,0,2,0,58
1.8606451190141218,2,41,17,0,0,1,7
1.8606955735767936,3,20,10,22,1,1,8
1.8609213986437423,1,0,3,0,0,0,1
1.8611277364149412,0,0,0,0,0,0,0
1.8619646493669355,5,273,175,5,8,4,15
1.8619828835933312,6,27,8,31,4,1,73
1.8620152895291173,10,122,229,94,6,5,190
1.8622653144249015,1,0,0,0,0,0,0
1.8623197828081604,0,0,0,16,0,1,2
1.8624658598309816,18,212,78,29,3,3,125
1.862541872650935,3,31,20,80,9,1,78
1.8631119317472813,5,124,79,22,2,1,98
1.8636028839831664,1,0,8,0,1,0,0
1.8643330516171885,0,0,3,8,1,0,7
1.8644262631031303,0,5,9,7,2,0,7
1.8646479936006357,0,0,0,0,0,0,1
1.864667633955983,3,0,3,10,2,0,4
1.8647347518232094,1,46,48,58,6,1,69
1.8647394703015898,3,10,79,32,3,1,45
1.8647517665202558,0,0,0,0,0,0,1
1.8648829993830225,5,79,27,36,3,0,139
1.8649240817586177,0,18,35,4,2,1,10
1.865180152190978,0,1,0,13,1,0,10
1.8652219399609948,6,211,222,74,9,1,198
1.8654050399403883,1,6,0,0,0,0,0
1.8654346497116392,0,0,0,0,0,0,0
1.8656808946488836,0,0,0,2,0,0,0
1.8657479045172027,6,123,9,14,4,0,46
1.8658810172384572,0,19,0,0,0,1,2
1.8660855182334317,0,4,0,6,1,0,8
1.8662699385443784,1,0,0,0,0,0,47
1.8668099088967247,0,0,0,0,2,0,4
1.8668749342395063,9,136,110,33,5,0,17
1.8668874399048963,19,739,694,240,24,3,608
1.8671780366381485,0,0,0,1,1,0,1
1.8671954418678691,0,0,0,7,0,0,0
1.8673024976055703,0,8,13,0,0,0,0
1.8673086189376442,2,42,33,73,3,3,29
1.867443139664055,0,0,0,0,0,0,0
1.8677502771137828,8,60,113,60,9,2,140
1.868042611762511,0,0,0,2,0,0,0
1.86816893060468,1,0,0,1,0,0,0
1.8682085676422915,0,0,0,0,0,0,0
1.86821988278955,4,40,48,21,9,0,180
1.8685860135750918,0,62,4,0,1,1,2
1.8689803983196869,9,30,15,34,6,3,56
1.8690132171982285,0,4,18,10,0,0,15
1.8692969645565574,0,2,1,0,1,0,2
1.8695382214978882,0,1,13,9,0,0,5
1.8696721733878703,0,6,0,2,0,0,0
1.8696962279743368,2,16,21,44,1,0,47
1.8698367050985758,6,16,57,39,2,1,123
1.8702330207161733,1,5,0,52,1,0,2
1.87041615654694,2,23,44,25,4,1,45
1.870416256413801,17,143,180,112,11,4,241
1.870723424759566,0,0,0,0,0,0,0
1.8707719812671064,0,43,42,28,1,0,19
1.8708051566606763,3,10,0,0,0,0,27
1.871229138858112,0,13,0,0,2,2,22
1.871260536901056,0,7,0,0,0,0,0
1.8712684040400362,3,1,9,9,1,0,1
1.8715891079641924,4,91,74,41,3,1,22
1.8717589185170944,7,73,40,47,2,1,46
1.8720119179056016,2,4,39,62,2,0,30
1.8733720831678375,10,251,40,79,10,4,98
1.8738744972475452,1,1,9,0,0,0,0
1.8739463518646826,7,69,195,69,6,4,112
1.8742162565045732,0,1,6,0,0,0,0
1.8743258189467809,1,63,64,20,9,2,72
1.8745809972040346,1,17,25,0,1,1,10
1.8747064360417895,0,0,0,0,0,0,0
1.8751023457244225,8,109,154,81,6,3,97
1.8752645051485595,0,0,0,4,0,0,4
1.8753640883467975,8,81,49,63,5,2,108
1.875475295535749,9,218,319,94,14,7,231
1.8755107418899508,0,0,1,5,0,1,0
1.8755612811263964,0,0,0,3,0,0,0
1.8756392335253549,1,0,0,19,0,2,12
1.8758643757361775,0,0,0,1,0,0,0
1.8758783743210812,0,1,0,0,1,0,0
1.87592766572132,3,384,508,330,16,3,409
1.8765033443673054,5,62,42,2,1,1,48
1.876594734953705,0,2,3,2,1,0,11
1.8766078348290958,0,9,15,16,3,0,30
1.8770323414084822,10,185,43,68,6,1,88
1.8770352268819066,3,54,0,0,0,1,4
1.8773173319199858,0,0,0,0,0,0,0
1.8776272292806342,1,205,278,178,5,7,41
1.8776822688110226,0,0,1,0,0,0,0
1.8779249913702616,6,256,194,132,11,1,38
1.8780329934762365,13,163,270,374,14,11,276
1.8781720314057913,1,0,0,8,0,0,0
1.8781941870562848,0,0,0,0,0,0,0
1.8784323717969087,22,469,517,143,19,4,306
1.8784381836864696,3,3,38,19,1,0,5
1.8786239775076792,10,142,249,183,13,5,228
1.8786598380729702,0,59,95,1,2,1,0
1.8787989298624441,1,2,7,12,0,0,12
1.8791012528548787,37,390,280,129,14,13,274
1.879208914524512,2,82,1,3,2,2,99
1.8792131461653931,0,0,10,7,1,3,23
1.879280067977623,0,0,0,0,0,0,0
1.8793751835622488,1,0,3,0,1,0,1
1.8797330739153908,4,22,24,22,3,1,38
1.8797471329854432,0,2,8,0,0,1,5
1.880305880628681,7,25,86,42,5,1,62
1.8805574918285861,1,26,37,5,1,0,88
1.8808593902554385,0,5,0,0,0,0,0
1.880942206704022,0,13,14,11,0,0,0
1.8811683915261204,5,3,6,29,0,0,12
1.881212125438757,0,5,11,9,2,0,26
1.8813104453739378,2,5,7,25,1,0,0
1.8816444911839476,0,16,4,5,1,0,10
1.8817637436501031,1,0,9,12,0,0,7
1.8819583186128948,13,290,0,0,2,0,7
1.8819935060559834,1,5,12,6,1,2,8
1.8821205217305819,1,22,7,24,1,1,3
1.882689704023385,0,0,0,2,0,0,0
1.8827732459432942,1,1,0,0,0,0,2
1.8828117126570392,2,0,34,10,1,1,30
1.882830480290071,4,12,31,52,1,0,6
1.8829288414841916,0,10,7,1,1,0,20
1.8830392619677865,0,0,1,0,0,0,1
1.8831978259524833,0,0,28,21,0,0,0
1.8832170504203383,0,0,0,0,0,0,0
1.8832425371169403,0,0,0,0,0,0,0
1.8832673550934287,1,18,10,16,1,1,3
1.8836232082042887,0,181,236,294,2,2,6
1.8837554774280787,0,10,5,17,1,1,7
1.883952069777314,15,133,104,142,3,5,166
1.8840229229734298,11,96,148,44,7,2,171
1.8840573246800565,9,242,152,101,6,4,171
1.8841024955498793,23,537,413,232,8,11,459
1.8843093120737846,4,79,71,64,1,1,38
1.8846820086625857,18,332,184,93,7,4,146
1.8849870691044897,0,0,7,1,0,0,0
1.885118442878219,16,520,711,115,15,3,435
1.8851914703142603,0,0,0,0,0,0,0
1.8852293323699232,1,0,3,0,0,0,0
1.8852603230366582,1,0,7,1,3,0,6
1.8853949170492628,3,20,9,27,0,0,34
1.8855663294118288,1,0,0,0,0,0,11
1.8862005304833507,8,151,89,16,7,0,42
1.8865259426102916,4,11,0,0,2,0,1
1.886581167814951,17,472,682,189,13,8,558
1.886717229069066,1,257,0,244,3,1,177
1.8867756983035184,2,6,0,16,1,0,13
1.8868022120962815,1,21,19,5,0,1,2
1.8870017858713424,0,0,0,14,0,1,2
1.887097326397814,0,0,0,0,0,0,2
1.887169500600871,3,0,0,0,0,0,0
1.8872326857991213,7,90,74,40,5,1,115
1.88729170421874,23,417,312,329,15,4,489
1.88756737701646,3,21,26,7,0,0,36
1.887779811795661,3,11,10,52,3,0,46
1.8878669634464877,3,42,2,1,0,1,50
1.8878714166054653,9,326,195,67,10,2,84
1.8882179484871036,7,236,211,40,17,5,159
1.8883003697579874,9,146,59,78,2,4,37
1.8884114560639789,1,1,0,0,0,0,0
1.8886924887345167,1,2,0,0,0,0,0
1.889051298753493,5,211,117,50,7,3,258
1.8891201503439674,1,1,1,13,0,0,0
1.8895997613786921,0,0,0,42,0,0,0
1.8898235279334354,0,1,0,0,0,0,0
1.890138837820748,7,39,0,3,0,0,26
1.8902548256550527,1,4,7,11,0,1,10
1.8904333784026643,5,186,78,19,1,2,1
1.8904753482883947,0,0,0,0,0,0,0
1.8905893797599314,2,15,39,20,2,0,25
1.8906728909276613,0,0,1,0,0,0,1
1.8907648626268005,0,0,0,0,0,0,1
1.8913227512432769,0,0,0,3,0,0,0
1.891513212064429,0,0,0,0,0,0,0
1.8915183758440888,0,10,32,14,1,0,20
1.8917345097128357,2,50,140,71,9,2,328
1.8919477244836074,9,82,96,35,2,1,170
1.8923945067341847,17,128,170,83,4,6,275
1.8924085165014206,2,98,55,19,8,3,116
1.8924640583186894,0,0,0,1,0,0,0
1.8925074383578324,2,5,0,7,0,0,3
1.8925393775304507,13,176,157,102,8,1,128
1.8925965502145479,2,47,0,20,0,0,3
1.8929670468776587,2,0,23,16,0,0,50
1.8930493559012331,22,441,306,168,8,7,269
1.893246396827682,8,107,43,18,3,1,75
1.8935124485792463,0,0,0,0,0,0,0
1.893546190465717,1,16,18,10,0,1,75
1.8936785308781536,2,10,13,10,4,0,14
1.8938161107595313,10,182,131,61,9,5,240
1.8939129016053484,1,0,0,0,1,0,0
1.8940888842383827,2,11,9,9,1,0,5
1.8941594363643726,2,9,2,9,2,0,35
1.8941607489221992,2,10,17,17,2,1,24
1.8942005738896812,0,0,0,0,0,0,0
1.8946853789293492,5,86,27,24,4,1,33
1.8947615169518366,2,66,47,19,6,2,29
1.8951220479298185,0,0,0,0,0,0,0
1.8952331803552322,11,95,128,53,11,5,95
1.8954336799959846,6,124,102,62,9,1,137
1.8956465640450884,3,8,25,31,2,0,3
1.8956825030136648,0,13,43,16,0,1,23
1.895729044655706,1,2,4,0,0,0,0
1.8958456597136957,11,261,284,82,12,5,308
1.8959227789498723,1,30,4,29,4,0,29
1.8961009635793815,2,0,17,0,0,0,4
1.896119031490268,0,0,0,0,0,0,0
1.8964486347559408,1,1,0,6,1,0,0
1.8967143469685186,29,454,289,164,14,5,266
1.8968024733491617,0,0,0,0,0,0,0
1.8968744263330637,1,0,2,0,0,0,11
1.8969912668445323,0,21,19,3,3,0,24
1.8969936505858822,3,23,26,4,0,0,17
1.8971098817260668,0,32,0,0,2,2,46
1.8971470903685204,7,49,47,22,4,2,76
1.897257960979925,1,2,8,9,2,0,14
1.8973626374652104,5,9,7,34,1,1,12
1.897619150043967,1,1,12,3,2,0,0
1.8976531719786154,5,13,29,7,1,0,20
1.8977218323491538,4,69,146,45,5,3,71
1.8982099042685567,6,200,84,257,15,3,185
1.8982641826677689,1,28,29,4,2,2,9
1.8983679119402779,0,0,0,4,0,0,1
1.8983914991549429,1,1,2,0,0,0,7
1.8984029050577738,5,49,56,82,1,2,22
1.8988684058944036,0,0,0,0,0,0,0
1.8988735705074578,0,15,22,0,1,0,0
1.89887656888239,8,144,85,39,7,4,126
1.8989275638655254,3,0,22,52,0,1,30
1.899233101111695,24,590,868,257,21,6,619
1.8996861706587482,0,0,87,6,4,2,29
1.8997119575816837,2,18,1,5,1,0,5
1.9001094552278948,1,7,0,0,1,1,9
1.9006362813434827,2,13,23,29,5,0,37
1.9007659660117335,2,6,3,0,1,0,2
1.9012446495336728,0,34,24,0,0,0,2
1.9012825470141543,10,254,161,67,9,3,148
1.9013080644654616,13,202,81,44,3,3,190
1.9013152403019695,0,3,0,0,1,0,1
1.9015570409285896,1,7,1,0,1,1,6
1.9016452984679015,6,21,32,21,1,2,66
1.9017759774460055,1,5,8,32,2,0,7
1.9018510975388012,3,125,43,30,4,2,131
1.902192061460852,9,82,268,201,11,3,253
1.9023096404976492,7,158,117,49,6,2,90
1.902411653574542,3,38,0,27,1,0,28
1.9025970235457157,4,19,32,20,2,1,9
1.902637571861087,11,331,39,88,12,1,90
1.9026705411289173,13,237,134,50,7,6,104
1.9028756111977034,3,171,57,50,2,1,46
1.9029233587108343,1,0,18,0,0,0,0
1.902998897258887,1,0,1,6,0,0,1
1.9034470618067836,0,0,0,0,1,0,25
1.9034812512135144,2,4,20,15,2,0,0
1.9034859053429105,1,7,15,0,2,0,23
1.9035191488897538,5,115,98,29,6,1,151
1.9035799293357747,1,17,2,0,0,1,6
1.9035802301785376,2,11,13,0,4,1,6
1.9038089974770247,0,0,0,2,0,0,0
1.903847381159722,0,3,1,83,0,1,0
1.9038853094844974,0,6,0,0,1,0,0
1.904345906243022,2,7,6,10,0,1,1
1.9043952040663485,5,83,92,32,5,5,29
1.904722980276103,1,10,8,0,0,0,16
1.9048900286411365,0,5,1,0,1,0,1
1.9049754015644746,0,0,6,0,0,0,0
1.9049984940708806,1,0,1,1,0,0,6
1.9051897418356971,3,6,3,172,0,3,48
1.9052852441390529,1,13,10,23,3,1,85
1.905354986912458,20,374,308,192,7,7,250
1.905534060893964,7,179,32,45,8,5,81
1.906093322383244,0,4,0,4,0,0,0
1.9060942528782845,1,1,0,6,2,1,47
1.9060947190419002,0,0,4,1,0,1,2
1.90614599696609,7,195,115,91,10,3,150
1.9063579387448564,1,19,0,67,4,0,13
1.9065270324982049,0,0,0,2,0,0,0
1.9065604078038008,0,0,2,31,0,1,31
1.906590513882841,3,0,0,0,0,0,1
1.907284473954471,15,551,541,264,16,9,642
1.9074034938653608,7,26,39,9,3,0,38
1.9074484787474582,16,146,60,42,9,3,118
1.9074959490985468,0,20,5,5,2,0,10
1.90782316366233,0,1,0,0,0,0,0
1.9079034404968271,6,14,0,4,0,0,0
1.9081007945981876,1,4,0,0,0,1,13
1.908207005182078,1,0,3,0,1,0,6
1.9083100796962167,0,4,1,0,1,1,0
1.9086012486605726,22,307,291,114,11,5,149
1.9086480692861065,0,0,0,0,0,0,0
1.90866614935691,8,322,51,47,10,4,141
1.9090124882423696,2,51,39,8,1,0,0
1.9090451619063402,1,1,11,0,1,1,13
1.9091561405702704,0,3,4,0,1,0,0
1.909208789500161,0,1,0,0,1,0,0
1.909220562468933,3,41,22,9,3,2,23
1.9092603405874071,1,10,14,17,0,2,0
1.9093551192767226,0,0,0,6,1,0,1
1.909447700014654,2,32,78,25,5,0,172
1.9099091258053673,0,0,0,13,0,1,0
1.9100186849947893,38,654,424,304,23,15,518
1.9100856992458841,5,0,0,20,1,0,24
1.9101029979451578,2,11,25,2,0,0,19
1.9102449902649257,7,306,180,199,15,7,459
1.9103866368145541,2,34,22,14,3,2,82
1.9104308562309102,22,459,329,219,18,13,289
1.910438879047327,2,0,0,3,0,0,0
1.910603768719784,0,6,12,0,1,0,0
1.9108686208754246,10,162,8,11,1,1,7
1.9110196633666037,0,0,0,0,0,0,0
1.911144343921961,0,0,0,0,0,0,0
1.9115370163520915,1,0,1,0,0,0,0
1.9117108154370586,5,73,32,33,3,2,104
1.9117907819115476,0,8,4,4,0,0,22
1.9118122012983552,33,336,113,136,14,7,218
1.9120005707530736,0,27,18,7,1,0,32
1.9120085981169357,0,0,0,0,1,0,0
1.9123459602394608,3,34,0,0,0,3,0
1.9123545355484515,2,3,11,13,1,0,0
1.9123787623735113,18,1246,356,452,14,4,570
1.9123833787949942,5,18,6,7,1,0,15
1.9123997305203242,4,25,30,6,2,1,19
1.912582387746323,0,5,5,4,1,1,46
1.912607854077311,0,43,217,21,5,0,24
1.9126607893244132,5,96,269,132,10,1,239
1.9128066800319503,0,0,0,0,1,0,0
1.9130354076894704,0,7,18,31,2,0,37
1.9131000577000985,0,0,0,0,0,0,0
1.9138946197202973,1,48,12,1,2,0,0
1.9139216037091538,3,20,0,1,0,0,0
1.9140361887200525,0,0,1,0,0,0,0
1.9140718911699943,0,0,1,0,0,0,0
1.9142917813285463,1,1,9,0,1,0,4
1.9143155667988212,10,129,95,61,11,4,252
1.9143180841372784,1,0,0,0,0,0,0
1.9143982254350405,0,4,0,5,0,0,0
1.9145465865328286,0,3,31,0,1,1,15
1.9145818286662326,0,0,0,1,0,0,0
1.9149416450650392,0,0,4,2,1,0,0
1.9149432158993445,1,0,0,0,0,0,1
1.915273255032871,1,33,15,1,0,0,0
1.9154013837553578,16,157,78,72,3,3,138
1.9154822595503032,0,10,0,0,0,0,8
1.9155117548285654,0,0,61,0,0,1,0
1.915566848177989,3,33,71,33,1,1,60
1.9161968126821136,0,0,0,0,0,0,0
1.916279809768849,0,14,11,6,1,0,4
1.9163549945390301,2,2,89,1,4,0,71
1.916789678578826,3,26,17,17,3,0,10
1.9168914876453331,6,167,100,84,6,3,130
1.916959982100251,2,9,19,34,4,0,14
1.9170377178692337,21,211,262,141,23,3,145
1.9171271985792702,8,119,93,24,2,1,103
1.9175570444481038,0,0,0,3,0,0,0
1.9177373171760588,2,16,34,6,2,0,13
1.917763550829301,13,239,168,71,16,9,273
1.9178273303616729,8,267,67,96,10,4,173
1.9178405232205742,4,13,31,11,1,0,19
1.9180799801872068,1,21,30,21,2,0,3
1.9180886889377349,1,38,45,0,1,1,50
1.918209445673004,3,9,16,33,1,0,10
1.9182648502413906,0,0,0,0,0,0,0
1.9183021013487351,3,62,89,102,7,0,62
1.91830291088181,1,138,67,5,2,1,0
1.9184395091611244,7,83,124,70,12,3,282
1.918557941981463,5,186,177,76,8,5,146
1.9185790771718998,1,14,21,34,4,0,26
1.9186838580182481,1,0,6,2,1,2,14
1.9187232529815534,4,42,27,40,4,1,74
1.9188913259456288,3,17,10,23,2,1,39
1.9189053818796566,2,3,3,3,0,0,2
1.9189940080837382,2,45,17,72,5,0,42
1.9191573561329396,15,671,510,108,13,10,530
1.9193259751048974,3,46,43,43,4,3,19
1.9193998005188315,0,0,12,0,0,0,0
1.9197368093257614,6,115,129,34,4,3,76
1.9197877206829406,1,103,0,2,0,0,0
1.9198408330394512,3,77,92,28,4,5,30
1.9198662765671644,1,0,6,0,0,0,0
1.9198690815579253,0,9,0,17,0,0,0
1.9199192109761019,1,0,0,0,0,0,2
1.9200484925820593,18,531,1069,196,15,10,316
1.9207514794800327,12,114,149,16,4,4,27
1.9207808301365923,6,89,156,28,10,1,46
1.9208034485623338,0,0,0,0,0,0,2
1.9208678145704428,6,81,38,14,2,0,1
1.9209710045219024,2,87,33,16,5,0,75
1.9210272357908216,1,19,0,1,0,0,25
1.9210946607898443,1,78,62,38,2,4,37
1.921139608176775,4,14,13,0,0,1,1
1.9212228132401863,0,5,1,3,0,0,4
1.9212479517294156,3,28,36,7,1,0,13
1.9213721048666363,1,21,29,33,1,0,0
1.921487901967359,0,0,0,6,1,1,17
1.9217711506149866,0,0,0,0,0,0,2
1.9220291967927305,1,0,0,0,0,0,0
1.9220958120087752,0,0,0,0,0,0,0
1.922117046283814,3,16,12,16,1,3,33
1.9221839776314353,3,65,0,43,1,1,28
1.9222112234134936,0,0,45,21,3,0,43
1.9222178396886618,5,17,29,6,1,0,35
1.9226786076211266,4,117,88,13,1,3,72
1.9227200154686244,14,549,578,103,16,11,195
1.9228268575778173,1,0,3,15,4,0,12
1.922949374104702,1,0,0,0,0,0,0
1.923079500576201,0,0,0,0,0,0,0
1.92320528488554,16,442,263,170,8,7,266
1.9233118081041911,3,44,25,8,1,3,10
1.923385256635506,0,1,1,0,1,0,2
1.9235085646102739,4,64,23,47,2,1,46
1.9236310820556566,1,1,11,9,0,0,16
1.9236558054182824,1,16,28,13,1,1,13
1.9236779033560423,15,172,153,70,9,4,105
1.9239622514069898,1,10,0,0,0,0,1
1.9239639841511402,2,5,11,39,3,1,21
1.9239697735620214,3,31,153,26,3,3,28
1.9241567678974851,2,18,10,12,0,0,0
1.9242726958417529,2,5,11,14,0,0,23
1.9244952486843518,2,0,0,0,0,0,0
1.9245221303277191,14,162,266,104,11,8,296
1.9246258465306783,26,708,989,489,28,25,766
1.9246284325688354,11,333,20,8,2,1,214
1.9246852558828835,0,5,0,1,0,1,49
1.9246852861065749,10,120,23,18,4,0,95
1.9247357950680972,2,65,91,13,4,0,137
1.9248008591299512,0,0,0,0,1,0,0
1.9248095637304818,2,0,0,0,0,0,0
1.9248693418189275,1,38,2,91,0,1,87
1.9249997217661432,0,0,0,0,0,0,0
1.9254921800116744,1,1,7,8,0,0,10
1.9257247281068586,2,14,14,25,0,2,28
1.925792115433341,0,0,0,0,0,0,0
1.9258728758584778,1,2,229,30,2,2,26
1.9260394617448742,2,6,0,0,0,0,0
1.9260954863355255,0,11,0,0,0,0,0
1.926129035089569,9,143,99,109,6,1,129
1.9263437829158543,2,8,18,3,1,1,19
1.9264471925721993,1,25,16,11,1,2,21
1.9265753153818235,2,86,93,55,9,1,172
1.9266943797084777,5,28,53,29,3,2,54
1.926702796993121,4,103,140,23,3,3,282
1.9267363524718597,0,13,2,2,0,1,1
1.9268794939026372,0,1,10,17,4,0,2
1.9270739955832539,18,254,348,112,5,2,119
1.927136782261653,4,86,51,14,2,1,45
1.927151461515054,5,49,22,14,6,0,40
1.9272465638393148,13,301,21,55,8,5,147
1.9273381228363977,8,120,171,221,12,5,208
1.9273406062182719,0,0,0,4,0,0,0
1.9274652744661973,4,23,27,27,0,1,12
1.9275178860296505,2,23,40,52,2,1,13
1.9276271062042747,0,0,4,0,0,0,7
1.9277404237926037,0,2,6,4,0,0,14
1.9278777194988588,15,430,474,114,21,3,391
1.9281333900662319,9,255,61,33,6,3,131
1.9282666940140898,1,0,0,0,0,0,0
1.9282749243777366,2,68,92,0,5,1,141
1.928343813806704,2,12,4,28,2,1,12
1.9284507416652945,0,0,0,0,0,0,0
1.9288836757351437,3,9,7,10,2,0,7
1.9289167997562804,6,31,0,6,0,1,0
1.9290038689328313,5,86,98,72,0,0,37
1.9290734015377362,2,26,17,31,3,0,9
1.9291366834812418,0,1,1,0,0,0,0
1.9291876712567608,0,0,0,0,0,0,0
1.9292333393496781,1,53,35,16,1,0,25
1.9293985971901857,0,144,97,3,2,2,184
1.929534620684892,17,370,367,276,17,6,375
1.9295451955912188,2,0,0,0,0,0,2
1.9295495212414113,1,0,0,0,0,0,0
1.9296078358452005,1,8,4,2,0,0,0
1.9296431883287326,0,0,0,0,0,0,0
1.929794430027661,0,0,0,0,0,0,0
1.9299616447082104,5,49,7,24,2,1,47
1.929969020280227,6,71,1,0,3,1,35
1.9300440447013711,12,397,116,53,5,4,153
1.930183832356975,0,0,3,6,0,0,26
1.930327676101701,1,9,2,11,0,1,21
1.930607268300834,0,1,8,4,1,0,7
1.9306146656094472,3,18,1,0,0,0,0
1.9308752083704686,5,28,24,3,4,2,22
1.9310120057505913,0,0,0,0,0,0,0
1.9310300315048021,7,21,95,48,5,2,15
1.9311149689462102,14,298,663,56,12,9,445
1.9313317243199963,7,58,56,7,3,3,98
1.9315438560124065,0,0,0,2,0,0,0
1.931581558318979,25,553,482,279,12,8,474
1.9316193051610393,3,6,0,0,0,0,8
1.9318515752890513,0,17,30,1,3,0,0
1.931881144994243,3,27,38,78,2,2,68
1.9322478006993173,3,79,70,17,2,0,109
1.9322919735189217,4,13,18,3,0,1,0
1.9323219799773552,2,48,131,6,6,2,96
1.9323739228969397,0,0,0,0,0,0,0
1.932405738042212,8,98,163,49,8,7,413
1.9325081222818705,6,348,227,8,5,3,175
1.932620934663094,6,111,72,110,15,6,114
1.9326956456292794,0,0,0,0,0,0,2
1.9326992442975768,1,6,2,5,0,0,15
1.9327793591005884,13,256,259,114,10,7,363
1.9328240340684564,2,11,0,0,3,0,1
1.932826753087683,9,35,74,31,7,4,151
1.9328672276030154,0,0,0,0,0,0,0
1.9329774534204491,5,33,85,7,4,1,68
1.93304186962026,3,55,38,39,2,0,19
1.9331660014011323,19,214,270,302,13,8,227
1.9332570449812936,0,15,9,11,2,0,4
1.933278931014483,2,0,74,1,2,0,25
1.9333254808138052,16,126,137,101,11,2,208
1.933357545168821,0,0,0,0,0,0,0
1.9341158997077947,3,3,4,1,3,1,8
1.934157829409761,0,1,5,0,0,0,1
1.934263102523293,1,63,110,2,8,0,54
1.9343427978872516,5,15,10,1,0,1,41
1.9345950803525318,4,36,138,78,2,1,172
1.9346463167054342,0,0,0,4,0,0,0
1.9346542396746254,0,7,74,30,5,0,20
1.9347510549549651,0,6,6,3,2,0,4
1.9349274295651482,12,367,59,97,3,5,94
1.9351728482567654,0,7,0,7,1,0,1
1.935175134679691,0,0,84,0,0,0,8
1.9353180107214876,0,14,46,0,3,0,0
1.9355285987631934,7,78,210,19,6,0,77
1.9357454751510867,24,807,357,501,30,7,683
1.9357907374235417,17,741,369,41,22,6,419
1.9358075648996602,0,2,0,0,1,0,3
1.9358620732670195,1,1,18,0,2,1,3
1.9358791648070843,12,324,317,64,15,9,550
1.9359109044558778,13,118,116,37,5,7,122
1.9359484201595796,10,249,145,106,13,3,455
1.9361911762949178,3,30,24,21,2,3,21
1.936265076166017,0,1,0,2,1,0,1
1.9363222138886367,2,2,0,2,0,0,0
1.936414782632265,4,6,0,0,1,0,29
1.9364356811467893,0,16,20,24,3,0,12
1.9365540267384544,0,0,0,0,0,0,0
1.9365657886967447,5,57,152,28,3,0,66
1.9367956643564659,12,300,268,135,15,6,343
1.9372477426761288,0,0,0,0,0,0,0
1.9373538180189604,4,34,36,40,0,2,22
1.9373758976899624,4,4,20,13,1,0,22
1.9374077912888215,0,0,0,0,0,0,16
1.9375205588878186,1,0,3,0,0,1,0
1.9376035837247703,0,2,2,10,0,0,1
1.9378499962807076,0,2,5,4,0,0,3
1.9378697152551014,9,580,415,122,7,10,1149
1.9379267578940194,11,210,327,208,8,9,271
1.937936819102725,0,0,4,0,0,0,0
1.9380688937510715,31,869,421,461,26,20,1040
1.9381136868526991,1,4,1,4,2,0,8
1.9381221998971954,0,0,2,1,1,0,7
1.938386545676831,9,229,292,62,10,4,271
1.938470974361966,4,215,133,72,7,2,131
1.938594925000859,6,29,50,54,3,2,52
1.9386046365941076,1,7,0,0,0,0,0
1.9387046312153307,4,138,85,177,7,3,58
1.938956588869797,0,0,0,7,0,0,0
1.9392046650413668,0,3,25,7,1,0,0
1.9392322514426168,7,342,237,51,5,3,355
1.939358476251743,0,0,0,0,0,0,2
1.9394251039309063,0,2,0,0,0,0,0
1.939608061724756,0,10,0,0,0,0,0
1.9397773051106704,0,0,0,27,0,0,3
1.9398546743460532,4,70,120,63,5,3,100
1.9402228554406156,0,62,28,0,3,2,49
1.9402497538874763,0,0,10,24,0,0,23
1.9402866555205673,12,217,213,94,5,11,305
1.9404237514786762,4,16,33,47,4,4,177
1.9404396271275837,7,13,32,14,2,1,16
1.9406529568404496,6,20,256,79,4,6,278
1.9406969107189194,2,23,16,22,5,0,40
1.940779815176871,1,15,31,4,2,0,31
1.9408625579093932,0,0,0,0,0,0,0
1.9409795241562864,1,2,0,0,0,0,0
1.9412156251332089,2,13,9,0,0,0,9
1.941420373256555,0,0,0,0,0,0,0
1.9415913909918094,14,509,520,258,21,15,365
1.9416192533348378,1,5,9,1,1,0,8
1.941664305622983,1,2,0,0,0,0,0
1.9418482116973281,1,3,4,0,0,0,0
1.9420105676760446,0,0,0,12,0,0,0
1.9421481122193442,0,0,0,9,0,0,0
1.9422213808538669,49,694,678,138,26,9,405
1.9424402520023467,1,0,0,1,0,0,0
1.9425528978349988,3,3,1,5,0,0,11
1.9426594584368497,10,111,27,30,3,3,135
1.9426876481147641,2,54,31,7,2,1,69
1.9429131596253673,2,6,66,14,2,1,20
1.9431474661782417,2,5,14,40,1,1,4
1.943221870954604,0,0,0,0,0,0,0
1.9435929223541593,8,39,30,39,1,0,50
1.943678823202873,0,0,0,10,0,0,6
1.9437900193850075,12,270,304,62,10,14,200
1.9439906418186468,2,30,28,2,5,1,115
1.9440415713462205,18,244,343,300,25,8,440
1.9443744568777865,11,358,294,104,10,4,294
1.9444505474595752,35,901,1039,370,18,11,889
1.94452029353144,2,8,10,7,1,1,28
1.9445429223422364,0,0,0,0,0,1,4
1.9446303901863833,6,15,46,16,2,1,25
1.9448883466932574,1,2,0,0,0,0,0
1.944973594428892,0,0,0,7,1,0,0
1.9450591587362474,0,0,0,0,0,1,0
1.945069570555011,0,0,0,0,0,0,0
1.9452758316945078,1,7,5,6,2,0,5
1.9454646846429313,67,1719,990,644,34,32,1017
1.945518031447679,1,0,0,18,0,0,0
1.9456342979349353,0,4,1,0,0,0,0
1.945817369548984,1,9,10,1,2,0,9
1.9458477581038798,0,0,0,0,0,0,0
1.9458626555401992,3,38,10,3,4,1,79
1.945937801927823,2,26,29,33,1,1,35
1.9459419420452093,4,25,56,51,3,6,143
1.9459441562198745,11,602,460,94,9,6,599
1.9461050990333881,2,83,68,15,7,4,113
1.9461952255671267,7,65,44,43,8,3,110
1.946315025563477,19,564,413,263,13,6,332
1.946364903946158,0,0,0,0,1,0,0
1.9463872550541685,28,767,495,187,19,17,288
1.9464471870822557,9,217,338,192,13,9,250
1.946499065218907,8,153,198,82,3,5,327
1.9465889009435093,6,203,135,43,7,3,83
1.9466048812717605,33,697,239,245,13,13,540
1.9467044943866592,4,59,33,6,3,1,9
1.9467382097373969,4,30,44,43,7,0,21
1.9468305882839096,0,0,0,0,0,0,3
1.9468700853241585,14,320,210,107,14,8,251
1.9470319235766362,1,5,5,0,1,0,15
1.947047712150791,7,50,21,37,2,1,29
1.947308093816849,15,119,312,115,18,6,229
1.9473506938854268,12,128,192,214,10,4,141
1.9474256067476257,0,9,0,2,0,0,2
1.9474863476010953,11,38,71,2,4,1,65
1.9475868358364739,1,6,42,0,1,2,9
1.9475986480695135,1,9,1,0,1,0,5
1.947812524668566,2,6,9,22,3,2,25
1.9478364110508994,0,4,3,6,0,0,5
1.9478873755977626,4,24,0,16,1,1,12
1.9479179895261298,7,160,161,71,8,5,252
1.9479985673699698,0,0,0,0,0,0,0
1.9479989296162052,2,16,33,27,2,0,4
1.9480436360232267,0,4,2,1,1,0,1
1.9481796032720482,2,0,0,0,0,0,13
1.948212097117091,0,4,24,50,1,1,0
1.9483076494482585,10,234,326,87,7,3,283
1.9483984980693907,4,26,35,0,5,1,57
1.9484084689575178,2,78,16,37,1,0,19
1.9485043517577694,8,128,133,39,7,2,233
1.9485668252414863,2,3,1,3,0,2,1
1.9486943330129154,7,153,115,27,7,4,90
1.9487147258779678,1,12,20,0,2,0,6
1.9488477517335776,4,27,23,20,0,0,34
1.9489749511263943,2,7,2,8,0,0,9
1.9492237219699624,3,99,0,2,3,2,57
1.9492376058577061,5,4,64,12,2,1,34
1.949382080687131,3,70,133,0,3,1,64
1.9494267466434716,14,245,215,122,14,3,185
1.9496625993563241,2,55,22,4,2,0,27
1.9496843957194945,0,0,28,0,2,0,0
1.9498918832989394,8,132,319,140,12,11,369
1.9500097516342347,0,0,0,0,0,0,0
1.9500874294183943,7,124,103,43,9,2,194
1.9501041673858057,1,71,43,5,4,0,74
1.9501115001439555,6,120,170,246,6,4,123
1.950193763584417,0,0,0,4,0,0,4
1.9502741113658362,0,1,1,0,0,0,0
1.9503344041963266,4,39,29,19,5,2,47
1.9503515282672823,2,24,0,0,2,0,25
1.9503947399494421,1,4,5,2,1,0,4
1.9504723659241754,7,62,40,58,6,0,75
1.9505207992571867,0,0,0,0,0,0,0
1.950522667404288,0,0,0,0,0,0,0
1.9508802258723759,5,113,139,49,8,2,176
1.9509699555480247,3,13,6,21,0,1,35
1.9510588397507045,0,1,20,16,2,0,11
1.95122417026213,0,0,0,0,0,0,0
1.9512553434599862,0,2,10,9,0,0,1
1.9513063485707374,0,2,14,0,1,0,5
1.9514052564784898,5,3,13,0,0,0,3
1.9515250786393608,0,0,23,0,0,0,0
1.9515400963796077,10,48,150,186,5,3,219
1.951609575514743,3,12,60,0,2,1,31
1.9516528069676935,4,22,79,66,6,3,169
1.9516684664693462,0,11,0,0,0,0,3
1.9518007275044658,0,15,0,0,0,0,0
1.9518044998283761,0,3,2,0,0,0,0
1.9518343216100384,3,27,13,19,2,1,18
1.9518565600110998,34,596,681,302,45,11,616
1.9519085655075137,9,133,180,39,17,3,222
1.952027481994788,1,7,7,2,1,2,2
1.9521879621821079,2,53,205,154,11,2,128
1.952314825082725,5,46,53,92,6,3,40
1.9524222587407412,1,9,0,20,0,0,0
1.952474594473563,0,0,0,5,0,0,0
1.9525086714527349,7,57,140,57,6,3,35
1.9525738042145397,4,19,11,2,0,0,10
1.9526672275898729,1,0,2,0,0,0,4
1.9526927065409045,1,42,100,26,2,1,28
1.95275558424952,1,2,18,70,1,1,45
1.9527850401032145,20,384,523,219,29,12,568
1.9528953367474937,2,4,17,3,0,0,27
1.9531691926090224,0,12,2,29,0,0,0
1.9532940524519422,1,6,0,2,0,0,21
1.9533045435713783,2,3,0,8,0,0,2
1.953363944747943,1,18,3,12,1,0,1
1.953478692857559,2,32,34,20,5,2,78
1.9535442085694699,0,0,0,10,0,0,0
1.9535451133399648,2,26,1,23,0,0,9
1.9535552546116777,0,2,2,0,0,0,4
1.9537456037824792,17,600,478,540,20,15,1110
1.9537564197993829,2,0,9,2,0,1,17
1.953763918394883,0,113,113,59,6,3,58
1.953857950496575,4,46,30,43,3,2,75
1.953868709452379,23,114,452,86,11,3,314
1.9538870253177534,0,1,0,0,0,0,0
1.9539167852064838,0,4,9,10,0,1,22
1.9539683324067594,1,0,0,0,1,0,0
1.954013524183815,0,11,11,5,1,0,0
1.954215653662631,0,0,0,0,0,0,0
1.9542159188326416,2,94,42,27,1,1,14
1.9542694682477404,2,1,20,31,5,0,10
1.9546704714850105,1,19,31,6,0,0,0
1.954716448070913,16,172,142,120,6,2,102
1.9548069343475276,3,39,46,12,2,0,15
1.9550860823757017,2,22,143,22,3,3,52
1.9551035729738835,0,12,0,0,1,0,0
1.9551382850923071,6,50,28,33,3,2,72
1.9554557114265432,0,0,0,0,0,0,0
1.9555544276413057,8,279,281,198,19,5,262
1.9558436171785467,2,57,0,41,5,0,34
1.9559293083193507,0,0,0,0,0,0,24
1.9559381787515526,4,45,33,7,5,0,137
1.9560412510492888,1,2,0,0,0,0,0
1.95609230815236,2,17,0,13,2,0,0
1.9561558104940746,0,0,0,0,0,0,0
1.9561653491753777,0,1,0,1,0,0,0
1.9563470673229952,13,120,24,19,2,4,35
1.956516224802206,8,39,244,45,9,3,196
1.9567751653371808,5,27,21,9,4,3,37
1.9568148927858284,1,17,15,12,2,0,11
1.9569114208916583,23,443,720,235,13,7,762
1.9570439999345688,0,0,0,4,0,0,0
1.9575257636422516,1,9,2,11,0,0,3
1.9576364311020205,18,295,135,21,11,6,91
1.9576732561334567,0,1,37,7,4,0,40
1.957694034329527,8,70,57,0,1,3,122
1.9577124139450048,13,172,212,290,11,6,150
1.9577951486815968,3,111,66,26,7,3,101
1.9582557046309204,0,0,0,0,0,0,0
1.95839709596025,22,217,113,167,12,3,238
1.9585182304682038,26,844,628,269,32,8,594
1.9585544974242917,13,195,157,98,11,4,212
1.9586749195265944,2,0,3,0,0,0,8
1.9586931843474278,2,12,9,5,4,0,23
1.9587839676946488,30,1068,797,253,23,10,742
1.9587932084166657,1,0,0,0,0,0,1
1.9589870431228047,1,19,25,33,2,5,26
1.959236326965169,6,179,248,125,12,5,116
1.9595095402158476,3,41,64,85,2,2,0
1.9595561816795408,1,1,2,18,0,0,9
1.9597204850064056,0,4,3,0,1,0,0
1.9600590904352733,2,10,39,35,0,3,94
1.9601633945287167,2,1,0,0,0,0,0
1.9604381887966218,3,25,23,62,3,3,42
1.960658982298246,5,98,97,34,10,2,50
1.960711273527653,3,31,8,14,2,2,30
1.9609182990871143,0,21,8,1,1,1,9
1.961020987618128,4,18,40,28,6,0,45
1.9611763260671498,0,0,15,5,0,0,16
1.9611922426103077,13,283,134,112,7,3,261
1.9611972515681702,7,53,160,42,2,3,103
1.9612054631934508,3,21,2,1,0,1,13
1.9612245151581853,11,303,286,155,9,10,244
1.961444111669043,36,251,343,228,15,9,487
1.9616688674875642,1,12,6,5,0,0,5
1.961741768332314,1,11,12,3,2,1,95
1.9617843375577362,6,104,177,31,8,3,180
1.9617971609745835,6,76,30,26,4,0,76
1.9618776272278147,1,4,14,4,0,0,2
1.9619043788426969,1,13,0,11,2,0,42
1.9621535772009724,1,13,4,30,0,1,27
1.962255312165561,2,18,36,58,2,1,34
1.9623700544152403,0,4,0,8,0,1,3
1.9623894284881047,0,0,0,0,0,0,9
1.962394986145763,1,10,1,4,0,0,3
1.9625525638027919,0,0,0,1,0,0,0
1.9626225346452024,1,42,23,1,3,0,5
1.962790121768347,0,0,0,15,0,0,0
1.963029475067627,2,43,31,25,1,3,54
1.9630489182564959,4,26,38,11,3,0,60
1.9631071473650845,4,57,73,45,4,6,76
1.9633124260743,1,0,4,0,2,0,30
1.963324785946668,0,6,14,18,1,0,17
1.9634191653910669,2,35,33,17,2,1,26
1.9634278807924608,16,54,35,104,3,6,79
1.9635173308135492,8,378,54,255,9,5,261
1.9635175988983702,1,0,0,0,0,0,0
1.9635504113617948,13,211,293,114,12,5,329
1.9636965891365183,1,3,17,12,2,0,3
1.9637147476636543,9,121,123,19,12,4,123
1.9637369711522021,0,10,6,7,1,1,12
1.9639379184616916,1,6,1,0,0,0,0
1.9639546396122618,13,261,243,57,19,3,342
1.9640904441957492,1,26,5,15,1,1,34
1.9641282205723536,7,177,31,168,6,2,42
1.964161235798526,1,0,0,1,0,0,0
1.9644467717843574,14,104,96,19,4,5,126
1.9645588708510524,4,36,13,31,3,2,39
1.964568243712554,1,0,0,0,0,0,0
1.9645762085852543,18,556,476,266,23,15,488
1.9648407836939448,0,0,6,0,0,0,0
1.9649936222247109,11,99,121,89,14,6,183
1.9651090600309242,14,242,99,51,14,2,181
1.965119206115849,1,37,10,6,1,0,6
1.965122783899742,0,3,0,7,0,0,0
1.9653956798270542,1,5,4,13,1,1,70
1.9653986895707045,0,0,0,0,0,0,0
1.9658896559382577,5,147,103,14,4,3,155
1.966050640798666,0,0,0,8,2,0,10
1.966112792289808,0,0,0,0,0,0,0
1.9665670710311973,0,0,0,0,0,0,0
1.9665781201933754,24,425,145,231,22,2,330
1.9667036032405663,0,0,0,0,0,0,0
1.966809065195821,2,17,28,21,0,1,21
1.9669005370624497,38,382,418,178,20,10,335
1.9669093439256387,2,77,124,38,8,5,76
1.9669300874551892,0,0,2,2,2,0,0
1.9671190343924343,9,212,96,73,11,4,198
1.967742621518399,1,3,0,16,0,0,3
1.9679308622140572,9,299,399,146,14,14,388
1.967958218812772,1,0,0,12,0,0,0
1.9680210223411922,11,71,44,47,1,2,21
1.9681665500211538,2,4,6,1,1,0,4
1.9681760666268873,1,14,41,0,1,1,0
1.9682051831918055,3,26,23,3,1,0,34
1.9682580606826823,0,0,0,0,0,0,0
1.9686277365425364,0,0,0,0,0,0,13
1.9686382670462255,2,50,19,57,5,0,4
1.9687918530194342,6,175,70,55,8,6,140
1.9688600910032905,5,22,17,16,6,1,41
1.9688909803853167,10,77,68,23,8,2,38
1.9690678271883175,2,16,8,49,4,1,43
1.969230410953353,0,0,0,0,0,0,0
1.9692326097561026,1,19,0,58,1,2,56
1.9692629948694647,0,0,0,0,0,0,20
1.9692814868633386,5,37,76,43,6,3,76
1.969471839245434,0,62,59,48,1,0,10
1.9695549157564063,0,0,0,0,0,1,0
1.9696811992020695,1,6,0,21,0,0,12
1.969722034223954,2,6,24,17,3,0,24
1.969895778642207,4,84,72,21,4,4,37
1.9700213843661216,1,0,4,0,0,0,0
1.9700707635050145,0,0,0,208,0,0,0
1.970088996002711,0,1,0,0,0,0,0
1.970127438337805,0,44,4,7,1,0,3
1.9701666833599651,9,58,141,82,20,7,303
1.9702304716274208,5,33,33,49,7,1,54
1.970337666399633,15,499,219,576,13,9,393
1.97045793519673,8,57,10,50,0,1,0
1.9704712204561248,0,7,0,4,1,0,0
1.9705188801633262,3,9,1,8,3,0,40
1.9705264191866814,20,239,336,169,17,10,296
1.9705846254193502,11,135,112,116,4,2,90
1.9707388918928403,4,28,31,39,3,1,77
1.97078075924663,1,27,12,4,1,2,41
1.9707976284044737,0,0,2,1,0,0,0
1.970908268406613,0,0,0,0,0,0,1
1.9709512288234905,1,6,0,0,0,0,3
1.9711062943469888,3,6,17,2,0,0,6
1.9711253294830593,1,0,0,0,0,0,0
1.9711420501265569,0,0,4,0,1,0,0
1.9712365224791513,0,27,1,8,1,1,4
1.9712383192962413,1,1,3,2,1,0,3
1.9714561343576904,2,26,36,13,2,0,5
1.9714727692550975,10,234,151,11,7,4,111
1.9715307961145938,0,0,3,0,0,0,0
1.9715763686086132,1,1,0,0,0,0,0
1.9719250942572573,17,149,146,98,15,5,320
1.9721972025488514,1,1,0,3,4,1,42
1.972308946195195,3,32,64,21,5,3,59
1.9723112235190847,6,128,90,91,6,4,76
1.972364704054546,2,19,3,4,0,0,4
1.9725208035454733,1,6,8,5,1,0,6
1.9725318736225976,3,172,48,46,5,4,111
1.9725903743418356,6,28,9,18,0,0,11
1.972662481314969,4,78,0,0,2,0,1
1.9727158958261148,31,658,446,519,34,8,459
1.9727578088899205,6,73,44,19,3,7,104
1.972829346668152,1,5,0,3,0,0,0
1.9730719782733008,6,88,164,147,6,2,106
1.9730924844418538,1,4,12,11,1,0,4
1.9731329542771197,0,0,0,0,0,0,0
1.9732814906002054,0,0,0,0,0,0,0
1.9733891957760459,2,13,15,49,2,2,27
1.9734565027688928,0,0,0,0,1,1,128
1.973810821364641,3,10,1,5,1,0,10
1.9738614333864586,4,14,1,0,3,0,22
1.9739179621338439,6,74,14,10,1,1,0
1.973992741151983,1,8,0,0,0,0,0
1.974491182948163,9,279,239,154,8,6,152
1.9746040116866455,1,0,18,13,0,0,4
1.9747489487424321,1,37,4,16,5,0,6
1.974927594697529,27,690,357,202,25,13,739
1.9749791325685437,0,0,0,0,0,0,0
1.975002516637494,0,11,0,0,1,0,0
1.9750043954062877,14,197,316,60,18,8,421
1.9752590606719667,10,295,313,257,19,7,297
1.9752761478279866,2,10,22,28,1,1,11
1.9753024507012853,25,592,909,476,25,4,791
1.9753835233888608,4,107,191,75,16,3,134
1.9754810281557789,0,12,0,3,3,0,0
1.9756001486944346,1,0,37,9,0,0,0
1.9756236430323793,1,3,8,3,1,1,14
1.9756261312534398,3,2,87,2,1,1,21
1.9757523677531215,6,18,60,9,1,0,36
1.9757875811252148,9,62,12,37,4,2,175
1.9758171940131668,0,9,1,18,0,0,16
1.975878814051101,1,0,0,1,0,0,0
1.9759431601240725,2,19,66,29,2,3,80
1.9760081177129796,0,2,0,0,0,0,0
1.976101072535723,0,2,0,7,0,1,0
1.9764610069557504,3,48,61,33,3,3,96
1.9764944385884111,20,415,276,109,15,10,364
1.9766525770397376,23,500,845,213,12,11,815
1.976701992417428,1,6,11,10,0,1,7
1.9768247606773213,9,42,27,28,6,1,119
1.976827412870979,0,9,16,0,1,0,0
1.9768561508546474,3,12,7,15,5,1,13
1.976907882698196,0,8,0,0,0,0,2
1.9769160156520682,1,11,31,23,2,2,3
1.9769569840225985,8,270,264,152,10,11,197
1.9769984335324227,9,161,307,164,18,4,419
1.9770218179965462,2,56,17,42,2,0,23
1.9771757840296469,41,487,390,333,30,20,827
1.9772061710068956,7,45,46,43,6,1,226
1.9772441822207747,1,10,18,0,2,1,15
1.9777534434908592,1,1,0,2,0,1,9
1.9778571964828895,16,207,158,130,13,5,165
1.9779864444566637,0,0,0,0,1,0,0
1.9783614534640546,17,362,257,109,20,10,312
1.978398313640616,1,50,83,49,7,2,49
1.978531037532944,5,26,109,24,6,3,66
1.9785536096840586,21,488,343,282,34,12,438
1.9786463616391492,11,102,119,45,6,3,111
1.9787437562373131,8,542,413,60,4,6,274
1.9787794292099619,5,33,19,19,1,1,78
1.978817213957742,9,32,29,13,3,0,36
1.9789462294651554,1,3,0,5,2,0,0
1.9789956376433684,1,0,0,0,0,0,0
1.979156797066453,0,31,1,12,1,1,0
1.9794900752840223,3,33,20,2,0,0,3
1.9795936114538848,1,18,21,49,0,2,24
1.9797772975811223,0,0,0,0,0,0,0
1.979785880164684,1,8,4,1,0,1,12
1.9798895990068797,3,70,10,0,4,1,49
1.979945202895896,1,5,9,14,2,0,24
1.9800792998308752,12,125,296,207,15,7,257
1.9802160104299769,0,0,0,101,1,0,0
1.9803296244512345,58,1028,635,426,37,17,480
1.9803613783870055,1,2,2,0,1,0,0
1.980501534332641,0,0,0,0,0,0,0
1.980605603337889,10,171,123,29,9,2,279
1.9807555399043466,5,84,120,58,8,2,86
1.9809398672711913,4,35,32,22,5,1,47
1.981226426053799,0,0,0,0,0,0,0
1.9812912058150904,2,20,13,0,1,0,2
1.9812918616197264,4,19,10,30,2,1,32
1.9813800989864396,4,36,71,11,6,2,61
1.981427430662233,2,32,49,23,3,0,42
1.981778602498973,1,2,2,28,1,0,12
1.9818927533527422,7,161,156,117,5,0,167
1.9819534420616667,10,78,111,45,14,5,296
1.9822164780361056,0,0,10,11,2,0,8
1.9822270513168627,5,74,95,89,6,3,172
1.9822972245634713,9,432,350,104,20,7,277
1.9825579846623824,2,52,136,68,8,3,106
1.9826063526227202,0,0,0,0,0,0,0
1.9826778173608393,0,0,0,0,0,0,0
1.9827721980407162,1,20,0,0,0,0,0
1.9830444764321355,1,8,37,6,2,0,26
1.9832735057790731,29,747,1191,295,38,13,682
1.9833454978781033,0,20,19,35,3,5,40
1.9834290257820884,7,87,75,3,2,6,15
1.9835773170206679,0,28,17,4,2,0,2
1.9836798786225671,4,34,38,0,2,2,26
1.9837816091560514,0,0,0,0,0,0,1
1.983983757156551,1,53,10,4,2,0,74
1.9840378848089448,9,91,103,32,2,0,77
1.984088873924528,8,96,59,62,5,5,134
1.9841312635287838,0,0,0,0,0,0,0
1.9841868909321172,0,11,21,4,1,1,1
1.984219505626867,0,2,1,0,0,0,0
1.98431002597142,0,0,0,0,0,0,1
1.9844895711922326,4,42,45,29,3,2,60
1.9846208694547227,0,0,6,0,0,1,0
1.98477719986251,0,0,0,0,1,0,0
1.9848090879236444,5,53,37,37,4,1,87
1.984858917125025,0,0,0,0,0,0,0
1.9849877507845481,22,232,312,97,11,8,203
1.985172797002847,23,408,727,275,30,12,497
1.9851997330582059,3,7,4,3,2,1,13
1.9852407546769741,6,48,19,12,5,1,62
1.9852548560553867,9,120,24,14,3,5,47
1.9852998064995888,9,54,69,50,2,2,33
1.985533606198349,1,4,6,10,2,1,14
1.9856155624528944,0,18,5,6,2,0,19
1.9857257690522987,0,1,1,8,1,0,21
1.9857648856512355,16,214,172,16,10,4,75
1.9857725718046542,38,809,1071,520,44,11,1346
1.9858276224141858,2,21,111,0,3,2,31
1.9858946654859215,0,0,1,0,0,0,0
1.9861223707049858,12,344,238,235,30,9,400
1.9861280153177225,1,0,2,14,2,1,12
1.9861715694788515,5,298,625,264,28,9,638
1.9862369048049537,5,70,71,8,2,2,72
1.9862599672847316,0,1,8,0,0,0,8
1.9864386863569263,29,627,470,228,27,16,454
1.9864493876288078,0,10,11,78,0,3,14
1.986598239791515,0,0,0,0,1,0,0
1.9866057035492688,34,860,345,146,10,11,179
1.9866668926990616,0,0,54,0,0,2,0
1.9868388604627607,0,0,0,2,0,0,0
1.9870893977722826,15,222,231,63,15,7,190
1.9871872419176533,1,0,0,0,0,0,3
1.9871926068284593,2,1,0,0,1,0,12
1.9872064801994644,10,293,146,97,9,4,164
1.987399498652218,4,5,30,9,4,1,12
1.987401613932051,5,219,49,6,1,4,33
1.9874423434796822,11,127,203,43,10,7,311
1.987453116148156,0,0,0,0,0,0,0
1.987572117484247,2,9,11,14,2,0,13
1.9877208638046628,6,84,77,30,9,2,131
1.9877677177395319,3,8,33,23,5,1,33
1.9878205927736354,0,30,27,0,0,1,0
1.988384040874908,0,26,58,5,0,0,0
1.988542473122883,33,969,676,404,20,21,1140
1.9885799022261983,2,11,10,1,3,0,25
1.9886508932615041,1,35,227,18,7,1,42
1.988914745910612,25,581,254,108,18,5,355
1.988947368592826,22,659,0,22,1,4,38
1.9889874503958633,0,13,25,18,2,2,13
1.989208346721841,11,60,39,19,3,0,15
1.9892196533229967,23,361,74,37,10,4,66
1.9892257614929962,6,44,94,67,16,1,238
1.98927175088101,9,204,366,53,29,6,422
1.9893627156071232,2,10,0,33,3,0,33
1.989563252192307,0,11,24,14,3,2,27
1.9896774067789118,2,24,16,43,1,2,129
1.9897059054147985,0,0,0,7,0,0,0
1.989876994494865,3,45,137,68,7,3,80
1.9900462956203153,12,169,176,67,7,6,132
1.9900957255589364,1,11,0,14,1,1,8
1.9903454173718191,4,77,16,25,1,2,52
1.990463719939261,0,0,1,0,1,0,0
1.9904999623285269,3,24,40,27,2,1,35
1.9905555530111934,13,165,46,69,12,4,72
1.990567187001564,1,10,14,6,1,3,24
1.9905729300989443,1,15,5,0,1,1,19
1.990593305254317,5,40,7,60,2,0,28
1.9907668174015314,5,54,9,32,2,2,29
1.9914326731794498,4,125,43,8,5,1,27
1.991498041787423,0,8,0,0,0,0,4
1.9915154819267125,0,13,9,2,0,1,6
1.9915188635659866,2,23,0,0,2,1,40
1.9916003709153816,2,26,24,24,3,1,37
1.9916619260214872,16,218,632,328,27,10,418
1.9917106752524658,13,82,68,116,4,4,150
1.9918231848137369,0,1,0,0,1,0,0
1.9920343131338065,4,24,14,27,5,1,34
1.9920731499035635,13,105,126,77,10,6,124
1.992127885869079,6,81,95,76,0,2,89
1.9921957497815712,6,73,1,16,1,0,16
1.9922360482394617,3,68,100,4,9,0,51
1.9923430094596468,7,89,47,38,7,1,80
1.9925261109912267,3,15,1,0,0,1,73
1.9931467618141339,4,12,9,18,3,2,23
1.99350372065346,21,218,147,146,12,7,416
1.9936278692750016,3,4,0,4,1,1,10
1.9936308828713514,0,0,0,0,0,0,0
1.9937651125879252,2,4,20,7,1,1,31
1.9937887274886468,1,19,13,20,1,1,35
1.9938132509289481,1,10,9,0,1,2,57
1.9939899994534123,8,125,154,25,9,4,168
1.9940945309377838,12,240,177,59,6,5,231
1.9941030057559221,0,10,2,5,4,1,13
1.9943654879063861,0,0,0,0,0,0,0
1.9945399631069474,0,20,17,63,1,3,13
1.9946567353545228,1,0,0,5,1,0,9
1.9946935779791701,3,14,30,20,2,1,43
1.9947948318808146,0,0,0,0,0,0,0
1.9948227135383487,0,0,0,8,0,0,0
1.9948327279598541,5,26,11,17,1,0,33
1.9948787982641116,3,64,39,53,7,1,98
1.9948918226619083,2,44,45,11,6,4,72
1.9949260554405015,0,0,1,33,0,1,2
1.9949288099762286,0,83,54,0,7,0,102
1.995625196285712,5,104,129,48,5,2,151
1.9956694651078448,11,103,105,102,10,1,171
1.9958135249797175,2,0,0,0,0,0,13
1.9958992186221114,0,8,0,0,1,0,0
1.995912611051587,1,3,4,13,1,1,1
1.9959735956564824,3,53,27,12,3,4,52
1.9961655965724108,6,38,61,32,5,1,88
1.9962642394142422,0,0,0,0,0,0,0
1.996267968140822,2,7,3,6,0,1,6
1.9962794327327176,5,44,32,96,3,5,99
1.9963048414881044,0,0,0,0,0,0,0
1.996313786101486,0,0,0,0,0,0,0
1.9964284305698414,0,0,0,0,0,0,0
1.996512746472012,4,50,88,94,9,4,145
1.9966146833326508,0,44,44,74,9,4,157
1.9968193404157626,2,73,13,0,1,1,2
1.9968199747897206,0,50,0,0,0,1,36
1.996913514145985,1,0,5,2,0,2,8
1.9970342445039193,37,759,649,376,30,7,465
1.9971290745734014,33,546,568,71,21,6,216
1.997203023379908,6,35,97,9,3,3,124
1.9972907123685308,3,11,58,22,5,0,60
1.9973529513304866,3,1,1,0,0,0,3
1.9975534228227885,1,0,0,0,0,0,0
1.9978849951942197,6,80,71,65,5,2,86
1.9979638968018254,20,253,663,288,29,12,791
1.9979644113318482,4,83,32,19,5,0,23
1.9981477088225954,0,0,0,8,0,1,0
1.9983087430540794,18,151,76,27,7,3,119
1.9985499558009545,0,0,0,16,0,0,2
1.9985873840563262,20,147,374,144,16,10,280
1.9986228992161172,23,204,150,95,8,10,214
1.9987835114980526,1,0,0,0,0,0,0
1.999323131947157,2,66,13,18,3,2,35
1.999595638588231,3,40,24,29,2,1,23
1.9996482416055414,2,12,18,3,0,1,36
1.9996967928112346,4,92,152,11,4,2,82
1.9997584496868739,1,14,4,0,1,1,3
1.9997625812474453,5,117,27,20,5,0,36
1.9998439217298294,7,11,42,18,7,0,84
1.9998537798780684,0,0,0,27,0,0,0
1.9998558944138511,4,32,25,64,9,3,83
1.9999571092902375,0,0,0,4,0,0,0
2.0001300639504045,28,358,229,174,19,8,323
2.000133093576034,3,16,2,0,1,0,0
2.000146401011812,0,3,28,0,1,0,5
2.0001480193324506,9,11,12,40,3,0,34
2.000519092652534,2,11,1,30,1,0,0
2.0005271686005135,2,7,2,0,0,0,7
2.000682223910766,2,56,0,11,0,2,0
2.000850681367675,0,6,0,9,0,1,6
2.000859562872156,2,26,73,89,3,2,71
2.000900769745155,7,26,19,17,3,0,25
2.0009084385273717,6,25,34,7,2,2,25
2.000963982919514,28,358,321,271,23,11,520
2.0009679342721736,28,509,464,81,18,9,356
2.0009724168889798,6,59,22,19,3,1,91
2.001000245657355,0,0,0,0,0,0,0
2.0013697234532937,7,150,53,60,3,4,85
2.0015128752827778,22,453,670,190,13,15,320
2.0015918647009494,1,6,18,7,0,0,5
2.001603330011786,2,31,6,2,1,1,51
2.001647275439222,12,130,191,94,7,1,79
2.0016960751807096,13,220,169,73,8,7,264
2.0017906343350647,4,29,185,108,3,4,374
2.0018176400808705,20,107,40,46,3,4,109
2.001844015320148,3,11,12,12,0,1,5
2.002031596158464,4,50,152,27,7,1,185
2.0022324845793715,3,30,15,16,1,0,0
2.002407918953822,17,363,507,274,20,15,580
2.002615629279127,12,72,88,63,11,3,119
2.0026228043276824,1,2,11,11,0,0,26
2.0026341859934704,11,305,296,31,2,2,76
2.002680497378603,0,0,1,0,0,0,62
2.0027280063879074,1,1,1,6,0,0,0
2.002807343834596,9,65,77,64,9,1,108
2.0029091098009,2,17,36,2,2,1,57
2.002938838999203,1,6,3,14,2,0,2
2.0029849334705507,7,76,93,66,1,2,56
2.0029936924612066,0,10,84,82,14,7,165
2.0032130832887107,16,181,162,148,6,7,197
2.0035631927697586,10,82,67,126,9,3,112
2.0037687025500217,4,35,19,1,0,4,16
2.0039600703375893,7,3,8,14,0,1,20
2.003981812662959,10,272,151,61,13,3,140
2.004013271097411,1,2,13,0,0,0,0
2.00408214783102,0,5,1,6,1,1,0
2.004137860914239,16,255,191,132,11,4,298
2.004139954453426,1,0,0,0,0,0,38
2.00416525619383,5,24,44,26,3,0,46
2.004245355500348,19,276,212,206,13,17,385
2.004395370192323,2,20,5,15,4,1,54
2.0046155458406854,1,11,2,7,1,0,0
2.0046878737274203,8,9,34,7,1,0,53
2.004705198139201,0,0,0,1,0,0,0
2.004863449804103,3,6,10,6,2,1,9
2.004871281900775,2,40,18,30,0,3,28
2.0049664761640584,0,1,0,1,1,0,0
2.0051154950676344,1,40,31,11,1,2,56
2.005313180636994,0,3,11,1,1,0,5
2.005415810724885,0,8,15,0,1,1,12
2.005459011751234,5,75,8,45,1,1,129
2.005764404746001,18,772,1102,296,37,15,1131
2.005799327446684,0,3,9,3,0,1,12
2.0058989681098227,3,38,43,6,4,3,78
2.0059507448143314,74,1454,1313,521,37,29,1175
2.0060086968629687,1,22,2,2,0,0,10
2.0060456007487812,0,1,0,0,0,0,0
2.006167377876896,46,730,756,405,50,29,712
2.0062882904081984,0,0,0,4,0,0,5
2.0063967255690978,37,980,610,356,29,6,684
2.0064872759103087,14,89,122,139,3,2,69
2.006495430834929,15,399,105,41,7,4,124
2.006542340292443,4,23,37,41,1,1,21
2.0065921346895634,1,2,4,1,0,0,11
2.0066596424941596,1,0,0,10,0,0,0
2.0066861459749625,19,146,52,43,5,2,143
2.006692567286901,0,1,7,1,2,0,5
2.0068463838486497,2,33,149,60,8,3,1
2.007004775543208,2,1,0,22,3,1,6
2.0070867120420437,18,153,182,266,4,4,174
2.0070923800730456,2,17,1,7,0,0,14
2.0070979570120184,3,1,13,1,0,0,15
2.0072268927686068,2,13,3,4,1,0,13
2.0072713761757,9,145,166,36,5,7,111
2.0073522602084393,2,1,4,4,1,0,1
2.0076416239026984,3,42,11,28,0,1,62
2.007762611392222,1,10,0,1,2,0,0
2.0078989482273464,14,120,191,74,4,1,173
2.007977827665609,1,3,0,1,1,0,6
2.0079954839389416,2,110,57,28,7,4,157
2.008354694313209,14,101,21,30,4,3,73
2.0084607443119977,24,419,219,88,12,9,478
2.0086417591972974,0,2,0,16,0,1,0
2.0089461052349553,0,2,0,0,0,0,0
2.009062173398857,9,241,270,143,23,2,372
2.009170747032639,35,210,454,249,26,5,252
2.009182111922775,0,1,9,0,0,0,0
2.009220538979188,3,62,86,29,5,1,114
2.0092628409937188,45,739,588,283,23,17,535
2.0093995106388407,22,253,409,143,19,11,290
2.0095964961651513,0,2,2,3,0,0,4
2.0096042356517145,2,3,22,18,5,1,18
2.0097016131073655,1,3,47,19,2,4,90
2.0097186124118784,1,0,9,0,2,0,0
2.0097526930074503,6,75,54,35,2,0,73
2.0097557197934126,4,74,41,45,5,0,46
2.009881484415343,3,43,14,0,2,1,30
2.0099044756156212,5,29,42,52,4,1,107
2.0102180387251334,25,346,381,248,28,4,440
2.0103315773614248,9,520,2,27,0,1,121
2.010552563001789,3,7,1,0,0,0,9
2.010620283981551,2,11,3,3,0,0,2
2.010995064526611,0,33,18,27,1,2,59
2.0110262633988416,0,0,2,2,1,0,0
2.0110708912258914,0,3,0,0,1,0,2
2.011079637904742,0,0,0,0,0,0,0
2.0111178155723386,10,120,172,33,0,6,51
2.0112542955142887,0,1,8,7,2,0,22
2.0112939064257063,0,0,0,0,0,2,3
2.0113770876656227,6,10,30,17,1,1,19
2.0113831826173416,10,109,80,71,9,3,226
2.011433133087719,4,21,13,41,2,0,0
2.011484286815706,6,27,73,54,8,4,80
2.011752522880859,3,1,8,13,1,0,0
2.0119044331702893,0,18,5,0,0,0,1
2.011956983578854,1,5,13,3,0,0,0
2.0120726390026564,12,73,281,120,13,4,161
2.0122538326692974,8,65,58,45,15,5,228
2.0123870106358495,5,74,145,26,8,2,113
2.0125105623773125,1,0,0,0,0,0,0
2.0125684384584126,0,10,0,0,0,0,0
2.012681521010533,1,1,0,0,0,0,0
2.012995608174003,0,0,12,1,1,0,3
2.0132587263240973,0,0,0,0,0,0,3
2.0134020734896065,0,0,4,0,0,0,0
2.01341516640022,5,62,272,28,5,5,68
2.0134618297883122,7,72,62,60,7,2,199
2.0135367541723954,15,61,53,91,8,4,127
2.013653780270565,0,1,0,0,0,0,0
2.0138333452650494,3,8,13,2,2,0,16
2.013872860366041,1,0,0,0,0,0,0
2.0142128647214634,1,17,10,14,1,0,11
2.0143211577744644,2,0,3,4,0,0,1
2.0144891175570554,8,47,52,19,4,3,80
2.014499674315863,3,35,62,64,2,3,28
2.0145305973715937,8,107,31,33,6,4,169
2.0145593303346288,3,62,28,36,8,1,59
2.0146434910804993,0,24,21,20,2,0,44
2.0146750830604185,7,64,58,8,4,3,111
2.014786417891559,1,2,1,3,0,0,4
2.0148954722007364,0,12,8,15,1,0,2
2.0149410352821855,1,18,0,6,0,0,0
2.014984352996644,9,102,152,64,12,2,173
2.0150145904506878,4,7,53,12,1,1,33
2.0151866989569944,0,4,2,0,0,0,2
2.0152012482797583,4,0,27,50,0,3,94
2.0152441534452867,10,28,35,19,2,1,26
2.0152460112940145,0,0,0,0,0,0,51
2.0152717963923603,5,17,32,20,1,0,17
2.015338722007329,0,0,0,0,1,0,0
2.0154614957192853,0,11,5,8,1,1,8
2.0155579812633215,5,25,111,23,4,3,73
2.015617711337421,15,184,252,92,11,5,203
2.015708033851239,0,1,0,0,0,0,0
2.015903511734603,2,0,0,0,0,0,0
2.0160492183267307,6,24,9,20,3,0,8
2.016270436348294,4,24,18,5,1,0,2
2.016335296469539,6,135,170,89,6,4,41
2.0164084754840785,0,0,0,0,0,0,2
2.0164313902465407,19,361,246,73,13,6,199
2.0164931297108333,9,23,61,28,5,4,56
2.0165448334835854,6,63,51,7,5,2,73
2.016555138569821,4,29,7,11,2,0,34
2.0165960770998685,3,14,35,17,2,4,69
2.016631510356947,2,0,3,2,1,1,9
2.0166694923422397,0,0,0,0,1,0,3
2.0168621253484433,1,0,5,0,0,0,0
2.0169711797128143,0,3,3,9,1,1,4
2.017004409656719,1,8,1,0,0,0,16
2.017231327635156,9,45,284,78,19,8,351
2.0173846119217163,1,0,3,0,1,0,0
2.0174527465669745,19,225,137,189,16,8,176
2.0174764980655713,2,27,83,1,1,1,12
2.01748853909754,13,262,240,151,24,5,274
2.0175110711443454,0,0,0,0,0,0,0
2.0176693082816124,0,0,0,2,1,0,1
2.017866998226974,0,0,68,1,2,3,67
2.0179531020161994,3,2,16,18,0,0,18
2.0184107936327154,2,10,5,18,1,0,5
2.0184601047241997,1,8,27,7,3,0,17
2.018496356094274,6,19,27,24,2,0,16
2.0187014018495777,11,19,53,24,7,6,43
2.0188580564184515,1,2,4,9,0,0,2
2.019078276907681,5,230,112,24,7,1,80
2.019313529676394,1,49,74,55,2,3,61
2.019483657620077,6,73,48,10,6,2,17
2.019787156000481,8,11,2,2,0,0,5
2.0198009802890904,3,24,10,0,0,1,22
2.0200079780104425,3,12,33,21,3,2,37
2.02004741603358,17,214,173,133,14,9,118
2.020066611322101,0,4,0,0,0,0,0
2.020111662116891,12,57,223,159,9,10,116
2.0201538974644144,2,31,3,8,1,0,11
2.0201860033003203,4,38,35,37,4,1,118
2.0202334273259956,17,60,17,57,4,2,33
2.020411004927493,3,11,0,0,0,3,4
2.020453076322417,7,246,66,50,2,2,238
2.0205198784419496,3,64,82,49,8,4,94
2.020898821630373,8,652,759,321,40,10,1225
2.020939855167214,0,0,0,0,1,0,0
2.020981868098887,9,92,48,83,7,4,93
2.021048752628815,2,9,9,16,1,1,14
2.0211007060636184,1,0,0,0,0,0,0
2.021127225827543,0,0,0,0,0,0,0
2.0213643421795076,6,55,65,39,1,2,69
2.021594891593369,9,185,188,74,8,4,78
2.021628330805032,8,476,1090,527,17,5,640
2.0217313225250755,5,38,18,11,4,0,63
2.021880333131139,0,0,0,1,0,0,0
2.0220128380125977,4,32,49,13,2,2,70
2.022079205209125,26,197,214,130,17,6,182
2.0220801092850613,0,0,0,7,0,0,0
2.022131275870426,3,61,53,11,4,3,46
2.0221996485036966,10,116,202,107,7,1,91
2.0225641368730285,2,15,15,15,0,2,13
2.0227680046078715,39,1159,940,352,52,14,826
2.022885550629781,1,91,9,9,0,1,13
2.023040872274289,5,97,133,29,6,4,87
2.0230979825156354,1,26,4,11,1,0,7
2.023108825702761,7,65,22,10,0,4,44
2.023144533805792,3,110,22,26,3,1,0
2.023389532560782,1,9,2,2,1,0,6
2.023409942014929,10,29,51,41,5,5,13
2.023436267198931,8,40,28,34,3,2,40
2.0236199661874537,28,559,442,324,27,20,602
2.0236244709056943,0,1,0,0,0,0,25
2.023662360331822,3,45,116,25,3,1,68
2.0236657430778977,0,0,8,0,1,0,0
2.0237487370648597,1,4,4,0,0,0,0
2.0238842293135137,0,2,134,23,4,0,9
2.023991325170035,12,185,160,178,6,2,111
2.024054809619989,16,140,186,27,14,4,273
2.0241347454342615,4,20,53,43,9,2,128
2.024134885532264,0,6,0,0,0,0,0
2.0242222661935183,7,222,72,117,7,6,34
2.024263442688746,2,20,5,27,0,0,3
2.024302715463792,2,21,6,6,0,0,9
2.024419969303081,1,0,10,0,3,0,16
2.0246626524795213,6,81,100,64,6,6,70
2.024953408763595,0,0,0,2,0,0,0
2.0250127316320854,6,82,178,36,8,6,40
2.0250332913794633,1,5,0,0,2,0,23
2.0251093730429273,12,112,67,53,2,3,30
2.0251963340197787,0,3,2,6,0,0,0
2.0252183407017927,0,10,1,36,0,0,4
2.025252401093143,0,0,0,0,1,0,0
2.0253332729270723,7,53,90,47,7,4,62
2.0253579912966164,5,26,51,7,7,1,66
2.0254460689157194,0,0,0,0,0,0,0
2.0255179121900477,5,182,173,118,9,8,146
2.025618927299123,8,50,13,27,5,0,21
2.025637375278128,0,133,126,91,15,2,167
2.025683403031367,30,683,572,253,23,3,774
2.02572493551172,0,9,0,7,1,0,0
2.025738625330314,3,4,11,6,1,0,18
2.0258641507347495,2,2,13,1,0,0,26
2.025959981877347,4,44,57,30,2,0,31
2.0259829719382703,4,94,26,7,4,0,126
2.02604410443797,4,16,39,9,2,2,0
2.0266750383053376,3,72,36,10,6,0,94
2.0268288092831535,3,22,20,11,1,1,3
2.0268945135207472,4,44,21,26,1,1,22
2.0268949013800928,1,26,12,1,2,0,18
2.026901664227946,0,6,0,0,2,0,1
2.027058315552448,14,192,117,43,9,4,72
2.027165174407753,13,261,152,57,12,5,89
2.0272288640164,1,0,0,0,0,0,0
2.027237539889707,11,182,122,98,5,5,186
2.027335192664061,6,133,85,67,7,4,145
2.027421506158237,8,181,234,108,21,8,304
2.0275002115414895,7,113,109,66,4,7,103
2.0276187717141605,12,195,128,53,16,5,153
2.0276364025799007,20,443,387,308,26,9,359
2.027747253958814,1,53,8,6,3,1,14
2.028035957302184,3,4,0,6,1,0,0
2.0283913915324723,1,24,14,12,0,0,37
2.0284879924384414,2,1,5,25,3,0,25
2.028606879130805,10,159,87,147,5,5,93
2.0287452116909583,1,0,0,0,2,0,0
2.0288303685267963,11,90,80,33,6,5,69
2.028843222624878,13,224,287,60,15,1,239
2.0288924317581962,0,0,0,19,0,0,0
2.0289402746943863,39,1681,1455,509,28,11,1316
2.0289812226735195,0,0,0,0,0,0,0
2.029188556991365,19,185,176,86,15,6,147
2.0292294548295016,4,2,1,39,0,0,21
2.0292552305473457,1,1,4,8,2,0,22
2.0294734905525345,0,0,0,0,0,0,0
2.0295731767252367,8,102,40,35,0,3,23
2.0296012168868542,0,1,1,0,0,0,0
2.0296292449079614,14,250,196,364,20,8,168
2.0298320619990093,0,0,0,0,0,0,0
2.029871552621164,13,137,114,204,12,6,316
2.0299731897979987,22,461,501,172,22,14,436
2.0302704592503797,0,0,0,0,0,0,0
2.030277193578989,0,1,4,2,1,1,7
2.0303303400181334,1,0,0,0,0,0,0
2.030374974119934,0,0,0,0,0,0,0
2.030610117724537,0,3,0,0,0,0,0
2.0307566702873734,0,11,6,4,1,3,2
2.030795620016348,1,0,0,0,0,0,14
2.0308480212118694,19,100,47,27,7,7,64
2.0308965704873563,1,20,43,2,0,1,13
2.030906132832249,2,13,1,3,1,0,12
2.030923974208124,1,21,52,4,4,0,20
2.030978608662317,6,38,48,22,0,1,0
2.0310825703567765,21,416,467,202,27,10,652
2.0310929149618393,5,42,19,1,1,1,29
2.031512444043326,2,14,24,13,2,0,29
2.0315790416129333,1,8,13,3,3,0,32
2.0316415736777325,1,0,0,0,0,0,0
2.0316842874509593,4,85,45,90,5,4,35
2.0318533721518692,0,0,2,0,0,0,0
2.031956393845751,3,12,26,14,4,0,11
2.0320007802000073,3,5,31,11,3,1,31
2.032007742637629,5,98,78,53,9,3,85
2.0320194860583816,1,18,27,95,4,1,136
2.0321461265619405,8,129,171,41,14,3,181
2.0323008668525384,1,0,1,0,1,0,0
2.032374118079362,1,45,81,14,8,1,131
2.0324116723738035,36,414,236,102,21,10,223
2.032458931249037,19,453,223,220,17,13,351
2.032584815837995,2,11,0,14,0,0,1
2.0326120311667473,2,98,38,79,6,2,19
2.0326384633001857,1,0,0,0,0,0,0
2.032770615100943,3,7,4,1,3,1,38
2.032826718592391,7,67,252,178,19,5,512
2.0328729377350063,7,82,121,39,6,5,121
2.0329777230432042,1,20,0,10,1,2,31
2.0330111388895165,4,50,84,66,4,4,198
2.033079152274207,0,19,92,149,5,3,172
2.033193583882323,0,1,8,1,0,0,8
2.03331478520113,6,137,113,55,5,3,121
2.0334337758063845,4,22,15,7,0,0,40
2.033462962824243,0,1,1,7,0,0,0
2.0335842870031233,1,0,0,0,0,0,1
2.0336024459754833,16,400,163,94,6,2,207
2.0337057923451365,3,18,0,0,0,0,0
2.0337745127558824,6,17,48,32,5,1,48
2.0337950592548757,0,0,0,0,1,0,20
2.033840787474856,5,10,0,18,0,1,9
2.0339578668877047,5,58,34,16,3,2,82
2.034138339654541,1,0,5,1,2,1,18
2.0342449365131556,2,14,0,0,0,0,0
2.0343830033237715,0,2,0,26,1,0,19
2.034454866259873,1,17,0,0,0,0,50
2.0344644615731533,1,1,0,0,0,0,0
2.0345058002966367,2,6,7,8,2,0,4
2.0345923288971113,0,1,4,1,0,1,18
2.0346461154971465,1,5,0,0,0,0,4
2.0346905093417416,0,17,12,6,0,2,5
2.034735006229093,1,0,0,0,0,0,2
2.0349153559170188,4,66,92,27,8,2,148
2.034963966796926,2,33,58,9,2,3,60
2.035024864069953,10,260,218,43,6,11,137
2.03507182483011,5,68,69,79,7,2,93
2.0350875975536447,1,6,7,9,1,0,3
2.0350889959757335,10,75,71,36,3,3,60
2.0350990481466225,0,0,0,2,0,0,0
2.035110574258686,6,163,255,60,6,4,230
2.035306488237663,0,16,0,6,0,0,1
2.0353604385287527,16,203,235,112,15,4,298
2.0355375478018702,0,0,0,0,0,0,0
2.0356397765493925,17,203,199,116,14,13,201
2.0359409071934693,7,80,131,117,15,6,85
2.0360007951729395,5,14,7,7,0,2,0
2.0361312204036497,1,83,41,30,5,2,56
2.036181083358046,1,9,3,5,0,0,8
2.036463838591192,30,672,295,197,20,16,491
2.0365354145929566,1,1,3,18,1,0,10
2.0365558181787735,0,0,0,0,1,0,12
2.036581327897453,1,8,9,6,2,0,12
2.036810558754138,6,67,4,3,1,0,3
2.0368279775456393,6,47,12,77,2,3,53
2.0370240262007266,2,8,37,24,4,2,10
2.037051885543606,1,0,3,1,1,1,2
2.0370826429533273,0,0,3,0,0,0,1
2.0371132346165832,0,38,12,9,0,2,12
2.0372799917580786,1,0,0,18,0,1,0
2.0373622952310635,0,44,3,68,4,1,45
2.037386978886773,0,0,6,0,0,0,0
2.0374575181458043,22,205,121,78,11,7,124
2.037525557933884,20,320,414,389,17,16,372
2.037543248512124,12,233,266,56,13,5,234
2.0376535476465514,19,371,541,253,29,12,723
2.037698967308114,7,98,73,66,12,5,152
2.0376999703629313,0,0,0,0,0,0,0
2.0377572538490076,10,144,152,35,16,0,163
2.03782177795291,5,251,49,48,9,4,89
2.0382890886442238,1,0,0,0,0,0,0
2.0384036352962105,3,19,4,5,4,0,11
2.0386990301522045,0,0,0,3,0,0,0
2.038730119812137,0,3,1,0,1,0,0
2.0388775062580438,1,16,0,0,1,0,0
2.0389611935182628,5,19,33,6,3,2,4
2.038992101496145,6,96,113,97,5,1,68
2.0391287379320335,3,4,6,3,0,0,1
2.0391996320445562,2,6,8,4,1,0,16
2.0393049612331087,0,0,0,2,1,0,3
2.039425740158447,2,5,12,11,0,0,6
2.0394611913666933,9,121,142,74,8,4,146
2.0394928292189505,0,10,17,0,1,0,14
2.039538783778166,6,34,131,142,6,1,37
2.0397260886914306,0,3,25,13,2,0,7
2.0397501869213346,3,3,11,0,2,1,16
2.039770073836218,0,0,0,0,1,0,0
2.0400588508593334,16,148,26,65,6,3,91
2.0401338168998087,1,0,0,1,0,0,0
2.0402981145706813,11,95,103,64,13,3,118
2.040497968535875,3,3,18,0,1,3,1
2.0405312591139273,21,470,1051,278,41,18,1001
2.0405568621369534,10,149,53,102,10,4,102
2.040706165131095,0,0,0,38,0,1,0
2.040778808686065,5,31,19,7,3,0,13
2.040837134529103,8,91,154,40,12,1,213
2.0409291132147556,14,175,88,63,10,1,130
2.041124948492358,49,409,281,337,18,20,415
2.0411405814967796,5,217,43,8,2,0,38
2.0413164441103535,0,0,0,0,0,0,0
2.0413192289586606,35,332,380,119,16,12,236
2.0413756404601786,0,93,109,27,3,2,73
2.041428034348723,0,0,0,0,0,0,0
2.041429979426679,0,15,0,0,0,1,0
2.04152368731445,12,101,89,42,3,1,64
2.041524179066541,6,25,13,20,0,0,61
2.04154597378026,27,372,611,304,26,16,647
2.0415823454375883,18,262,297,221,33,8,379
2.0416094558401654,5,40,53,12,1,1,23
2.041666693041622,1,0,1,0,0,0,0
2.041829559628001,1,1,0,0,0,0,0
2.041863932903516,0,0,0,7,0,0,0
2.0418875484199632,0,1,7,1,0,1,4
2.0419156524166855,9,56,121,31,8,3,69
2.0420471464243883,7,8,77,50,6,1,104
2.0421422284842174,4,4,14,6,0,0,49
2.0421650588413636,6,30,26,33,3,5,12
2.0422602695035814,1,8,8,2,0,0,2
2.042315009001436,4,11,6,5,2,0,3
2.04263758374377,30,272,223,42,16,10,228
2.042816083927819,99,1176,793,471,39,23,844
2.042867182501666,6,73,35,19,4,3,43
2.0430560892340157,1,9,4,4,1,0,37
2.043197222840029,5,24,61,29,0,1,38
2.0432540775530286,10,33,41,3,7,2,79
2.0433217577758334,5,8,2,0,4,0,2
2.0433469942652507,12,84,54,48,10,0,93
2.043395624323048,4,29,26,105,7,0,47
2.0434886508920225,4,17,18,39,4,3,60
2.0436085871014,2,69,22,39,3,1,20
2.043617935982919,4,112,96,18,8,5,233
2.0437668073205013,1,9,4,12,1,1,15
2.043850287501788,7,126,119,58,5,3,83
2.0438834118239853,1,0,0,23,0,0,0
2.044046364678111,9,311,280,141,11,9,412
2.0440668636304737,33,472,1252,600,41,7,950
2.0440743756040827,0,0,0,0,0,0,0
2.044106826974677,3,48,117,23,5,3,99
2.0442652122330722,0,6,29,17,1,1,9
2.044315052617754,8,89,8,3,3,1,23
2.044538060449932,27,413,237,134,18,6,224
2.044979444685777,58,573,302,389,32,18,664
2.044985067675141,39,296,615,281,27,13,360
2.0449989252247827,0,0,1,75,1,1,51
2.045120410779499,5,120,200,20,11,1,48
2.045241219464788,0,0,0,13,0,0,1
2.045252815551661,20,279,136,167,15,12,240
2.045579672453414,1,0,0,0,0,0,0
2.0456870687828888,40,1296,535,167,19,7,1105
2.0458987891816736,2,7,0,0,0,0,0
2.046019710887345,0,0,0,2,0,0,17
2.046082618290832,4,34,36,70,3,3,10
2.0461244202608073,3,2,0,5,0,0,0
2.0463123253329556,0,0,0,0,0,0,0
2.046314742495717,7,136,341,67,8,2,81
2.046468286294708,28,360,885,186,39,18,629
2.0465143521806692,0,0,47,7,4,0,39
2.0465184487552324,1,22,13,16,2,0,9
2.046519479923772,1,43,10,33,3,0,73
2.046768797299032,1,24,23,11,0,0,19
2.046787673984308,43,1117,1221,499,62,18,1267
2.0468619130518424,0,0,40,1,2,0,43
2.04689730704631,14,328,262,150,12,9,202
2.0471752503949205,3,13,19,27,1,1,26
2.0472304430490063,92,1576,869,632,57,39,777
2.0472759139279995,8,166,65,105,10,4,102
2.0473146296650824,7,72,23,53,5,0,21
2.0473891467278107,3,39,25,5,2,2,37
2.047393591602333,27,466,667,105,34,8,590
2.047424574798638,0,5,16,0,1,0,10
2.0475222594879967,12,107,467,75,9,9,167
2.047583797379261,24,773,329,135,18,13,729
2.047594729005722,1,9,10,1,0,0,0
2.047628357411002,0,3,59,2,3,0,0
2.047881337004903,0,0,1,0,0,0,0
2.047892433069609,0,15,31,23,3,2,34
2.047920522660288,3,21,42,9,4,1,25
2.047943351572447,0,0,0,0,1,0,0
2.048034664688837,6,55,112,75,5,4,74
2.0481041986144453,35,352,144,40,20,11,209
2.048235440022633,22,315,202,114,31,5,495
2.0483020024825684,0,0,3,0,0,0,0
2.0485095609932564,1,40,28,4,3,4,72
2.04858440158368,5,15,14,5,1,0,6
2.04870128974323,5,25,60,174,6,1,8
2.0487757663409396,7,11,9,20,4,1,24
2.048778121429644,1,5,4,14,0,2,7
2.0489208966231898,14,172,166,49,13,6,254
2.048948740509896,2,2,15,7,1,2,13
2.048954352487712,6,52,33,12,3,2,45
2.049030167679692,2,6,24,26,1,1,3
2.049049836670559,3,25,17,29,2,4,38
2.049182429551139,28,327,112,146,14,7,193
2.0492045613511327,8,28,10,2,1,0,6
2.049269032759394,1,0,2,0,0,0,0
2.0494354098672476,7,96,111,70,4,3,101
2.049473259050206,13,156,225,64,13,7,224
2.0494944335817284,0,0,0,0,0,0,0
2.0496733433708156,2,75,56,43,2,4,83
2.0497603427624567,6,46,19,6,2,2,13
2.0497875531270253,0,25,40,5,1,1,21
2.049790551187125,5,7,23,1,0,2,9
2.0498176909574464,8,105,125,135,5,2,158
2.0499259862951713,6,201,65,90,2,2,141
2.0499631532425164,0,19,0,6,0,1,8
2.050028874189289,4,56,134,71,7,4,141
2.0500565329754687,0,0,0,0,1,0,0
2.0501143738597567,23,379,851,216,37,15,1243
2.0501279398332737,0,8,13,3,1,0,10
2.050195687776925,5,117,77,26,3,5,131
2.050403081064135,0,5,33,5,1,1,23
2.0504383227885326,3,19,6,6,0,0,116
2.050589698969197,0,6,2,1,0,0,6
2.0507195866595684,1,38,20,9,1,1,11
2.0507348988748353,1,2,8,13,2,0,18
2.0508739813130608,0,2,11,0,1,0,15
2.0510735316994295,0,0,0,0,1,0,0
2.0510987558106253,4,5,29,13,1,0,26
2.051156779317124,18,324,204,81,14,8,217
2.0512951193021247,8,28,42,58,2,3,112
2.051315154811978,8,37,7,4,1,1,67
2.0513330317224043,0,14,0,0,1,0,18
2.0513504641624802,14,247,221,229,24,16,293
2.0514375431795617,6,371,142,125,0,2,106
2.05172953449633,0,0,0,0,0,0,0
2.051744757502627,1,5,17,7,5,0,23
2.0518264367343697,14,404,803,387,23,9,890
2.051874762904359,3,13,62,26,6,1,83
2.0518843293734275,1,7,3,0,2,0,3
2.0520022375094027,0,0,3,0,1,0,0
2.052010320555872,3,54,48,4,5,2,42
2.0520600118766095,0,54,0,44,3,2,0
2.0521796212074683,0,0,0,10,1,1,4
2.0522116437791915,8,108,133,24,5,8,81
2.0522668398891457,3,17,24,5,1,1,55
2.0522930491287683,7,95,14,2,4,1,35
2.052311342782471,8,249,64,149,15,11,203
2.0524380851630832,10,36,53,30,4,1,26
2.0526111186865346,46,537,446,285,31,11,269
2.0526782121477876,0,0,0,0,0,0,0
2.0527457909881597,5,17,29,7,2,1,92
2.05276283116246,12,101,145,48,11,4,147
2.0527691460241475,15,99,168,164,14,11,200
2.0527850934564316,6,109,13,23,2,3,64
2.052912844370529,0,0,0,4,0,1,28
2.052982573633608,26,178,115,129,16,8,254
2.053075629846095,53,921,730,174,28,21,488
2.0531353823177443,3,85,58,43,3,3,27
2.0531521426346826,0,0,0,0,0,0,0
2.053283859235845,5,40,15,7,4,0,24
2.0533600519111737,0,11,25,11,1,0,0
2.0535554577837765,2,5,1,10,0,1,7
2.0538747622151536,2,116,115,27,12,0,166
2.054026388313843,3,11,6,8,1,0,14
2.0541192872840806,14,335,234,10,14,6,327
2.0541394927352683,1,8,12,0,0,0,26
2.0541412812826274,0,3,13,6,3,1,22
2.0541729712604893,16,145,88,69,7,6,141
2.054178505489786,0,0,0,0,0,1,2
2.0541952469957154,2,27,30,16,3,1,26
2.054237269808659,4,51,26,14,4,0,74
2.0542909805902596,1,18,45,16,6,1,32
2.0543450470596776,4,15,138,85,6,2,141
2.0543581897651926,7,21,54,23,4,2,35
2.054467939951179,7,49,20,0,2,0,34
2.0549601555220667,2,3,10,2,1,1,11
2.0550308099174117,1,7,6,0,0,0,6
2.0554573077007765,4,45,33,3,2,1,58
2.055481253126951,2,49,64,42,3,1,75
2.055515411802872,0,27,27,17,3,3,3
2.055561871082354,13,108,60,66,11,2,105
2.0555852136465216,1,8,11,30,5,0,21
2.0557248871309386,2,0,0,0,0,0,0
2.0557909912123806,7,49,37,62,6,3,78
2.055818358892569,4,38,27,17,3,0,24
2.0562131455201555,0,1,3,7,1,0,18
2.0562564575539883,12,110,336,88,12,3,449
2.0563731906316787,15,27,223,90,10,4,239
2.0565063589813772,0,0,0,0,0,0,0
2.056729931763063,3,99,12,4,7,2,110
2.0568600977911355,0,0,0,0,0,0,0
2.0568951343326107,2,4,4,18,0,1,45
2.056896050598002,1,11,13,11,0,1,12
2.0569582934866495,4,1,4,0,1,0,0
2.0571015611305308,9,181,91,98,4,6,181
2.0572165737221098,0,6,0,0,0,0,0
2.05724937774066,0,0,0,0,0,0,6
2.0572708285891057,1,0,2,6,2,0,4
2.057317014503767,1,1,9,0,0,0,0
2.0573245005262573,6,56,51,66,7,0,117
2.0573594683184466,18,297,405,172,12,13,565
2.0575145387653646,2,98,42,21,7,4,118
2.0576730445329283,11,119,46,3,4,1,98
2.057708191501838,6,178,83,17,6,1,95
2.0577156869594733,1,10,0,0,0,0,0
2.058131914498211,36,1007,383,290,33,20,868
2.058247994168368,0,0,0,0,0,0,1
2.0582651788328805,8,120,230,0,20,7,4
2.0583682693827003,1,16,1,0,0,0,5
2.058470852747328,2,18,35,0,2,0,5
2.05848469440974,2,38,96,24,3,1,24
2.058550310693325,7,44,31,26,3,1,37
2.058629948604905,14,113,105,79,10,6,73
2.058711587937543,6,94,233,51,7,1,290
2.0589047457121623,6,29,64,20,4,2,36
2.0589138403065887,16,145,208,62,15,4,192
2.0589452092740395,11,237,329,115,14,5,324
2.0589633109283416,4,95,55,23,3,2,57
2.058964592425952,6,48,28,62,5,2,39
2.0589907582752756,3,41,18,3,0,3,72
2.0590806679929723,26,410,1,7,0,1,0
2.0590943071069137,6,39,40,86,10,2,59
2.0593105982755406,6,53,0,0,0,0,0
2.05939982239173,4,10,13,0,3,1,12
2.059502410973618,4,92,43,27,6,5,90
2.059621670112795,1,7,1,2,2,0,0
2.0596237917258686,1,4,21,9,2,1,15
2.0596388973547555,0,0,0,0,0,0,0
2.0597551927030238,43,311,207,111,23,8,247
2.0598115730035795,4,79,16,22,5,1,3
2.0598620826483836,18,436,550,198,39,20,881
2.060051075186678,12,143,160,34,20,8,162
2.060241019164508,0,34,5,32,2,3,50
2.060422636821205,7,95,167,66,9,5,188
2.0605166930325196,3,34,78,24,6,0,91
2.0609353519660263,6,77,55,42,7,5,34
2.061145883998195,1,3,0,1,0,0,3
2.061200410386383,0,0,0,0,0,0,0
2.061351444960514,0,7,3,6,1,0,3
2.061410390775846,0,3,1,0,2,0,0
2.0614747570694956,15,101,46,42,6,2,44
2.061552913909781,3,8,31,6,1,3,20
2.0616573087656542,10,149,161,79,13,6,104
2.061678275568599,0,12,0,0,1,0,1
2.061877628408043,2,3,1,10,0,0,5
2.0619325240936752,5,62,43,34,3,3,47
2.0619945195833576,0,0,0,0,0,0,0
2.0622406138229916,0,3,18,2,3,0,10
2.0623432151567527,2,43,20,0,5,2,71
2.062452964864208,1,15,16,35,1,1,64
2.0625737934699164,0,0,4,0,0,0,0
2.0627082433535517,0,1,11,3,2,0,2
2.062712955644286,0,2,6,5,1,0,4
2.0627349528729324,1,19,15,0,1,1,8
2.062765359426752,0,0,0,0,1,0,0
2.0628636188574165,20,216,126,36,12,5,123
2.0629069773187134,23,176,253,133,15,12,383
2.062938728251892,6,41,72,22,5,2,62
2.06294048032306,2,106,30,3,0,1,16
2.062955227553195,2,5,2,12,1,0,7
2.0630619334179023,1,1,0,0,1,0,1
2.0631431707048113,1,0,0,0,0,0,0
2.063408648298744,3,64,43,48,0,2,51
2.0634284166483075,0,0,0,0,0,0,0
2.0635193357705712,3,37,182,71,7,0,62
2.0635641465131522,1,2,0,0,0,1,2
2.0635704620240025,8,67,142,38,6,3,200
2.063784158511914,0,5,0,3,1,0,0
2.0638261284007933,3,69,12,33,3,2,21
2.063949454114292,1,1,1,0,0,0,1
2.0639812157335378,108,2273,1282,457,63,33,1008
2.0642098117958882,7,40,62,40,4,1,15
2.064224663209432,7,144,185,18,4,5,30
2.06430480670882,3,8,7,12,2,0,5
2.0643312223285846,6,100,17,3,4,1,48
2.06437689085493,0,16,5,0,2,0,14
2.0644708549003434,4,3,17,10,1,0,0
2.064743213698028,3,7,4,10,1,0,3
2.064799674816065,2,12,25,0,2,2,34
2.0648030975053184,4,58,30,14,2,4,34
2.0648304832568782,60,1012,664,512,55,39,627
2.0648939930799437,24,276,420,216,17,10,347
2.0649902759446617,7,90,0,1,0,1,0
2.065144206895157,0,0,0,0,0,0,0
2.0652048542428916,2,7,13,20,1,0,27
2.065215365816862,7,432,87,60,3,6,149
2.065303741565671,5,0,3,20,0,0,7
2.065458805128052,0,3,0,2,0,0,2
2.065581134844068,0,1,2,0,0,0,0
2.0658753200630424,4,31,15,0,6,2,41
2.0659225860533477,0,0,0,0,0,0,0
2.0659636338317573,1,6,2,6,0,0,4
2.066006627845802,7,69,298,67,11,2,282
2.0660898450912786,5,81,134,7,3,1,68
2.0660923578330173,7,79,152,7,7,4,25
2.066132625600677,2,12,26,26,4,0,2
2.066154365873564,15,104,64,42,11,3,83
2.066266481683682,1,4,2,5,0,0,0
2.0662778966259867,53,1542,1379,704,37,18,1503
2.066294769557128,0,2,0,0,1,0,0
2.0663137198780777,1,34,21,14,2,0,61
2.0663140787252288,3,25,10,12,0,2,14
2.0664171357558154,15,704,1,41,2,0,0
2.066466763230299,5,15,54,9,1,3,16
2.06647718302698,8,72,39,14,1,1,42
2.0664781161354195,0,3,15,2,3,0,44
2.0664968103753534,16,206,187,128,26,8,152
2.0665139083411965,2,46,63,10,8,2,132
2.0665761527564785,2,94,71,10,9,2,127
2.0667708526735593,2,37,21,15,3,0,28
2.066812882390903,1,5,8,1,0,0,12
2.0668373477703197,0,18,1,0,2,0,12
2.066893806112635,4,107,82,81,5,6,77
2.066903409979972,3,23,13,12,4,1,18
2.066934879240977,4,48,24,9,7,2,55
2.0669863119195813,2,9,0,0,1,0,3
2.0670984371797294,1,3,25,0,1,0,9
2.0671132932307636,0,5,5,0,3,0,9
2.06722647301472,12,64,127,22,7,5,66
2.067234440312693,13,187,167,78,6,4,124
2.0672722109502923,7,58,43,42,5,3,71
2.0673425971824555,11,196,219,187,12,6,196
2.067462176758555,7,46,14,76,7,9,190
2.067521888487976,0,1,0,0,0,0,0
2.0676746585546812,1,3,9,7,2,0,6
2.0678645106969027,6,27,68,32,1,3,68
2.0678704562801404,2,17,22,12,1,2,25
2.0679075874964257,54,1184,433,123,20,14,274
2.067917720735849,8,163,311,166,16,9,442
2.067944697960552,6,118,43,51,6,6,110
2.0679934548083754,31,338,282,219,23,18,454
2.0682097805766433,7,87,118,26,4,4,91
2.068305583931873,0,0,0,0,0,0,1
2.068413446818125,5,8,13,12,2,1,27
2.0684740674124305,5,47,0,19,0,0,5
2.0685034464231404,7,7,49,0,2,1,31
2.0687158907092007,26,206,283,164,12,7,305
2.06874434979912,3,9,4,0,2,1,6
2.0687661339778542,0,0,0,2,0,0,0
2.068783130853082,6,86,52,29,3,1,68
2.068805737120027,9,190,61,106,6,3,80
2.0689606789654658,1,61,11,4,2,0,8
2.069016205330693,6,23,34,84,7,0,63
2.0690261332976636,30,105,5,134,9,8,168
2.0690352803068874,6,60,0,1,0,1,10
2.069231609475494,23,167,115,243,18,10,184
2.0692873313742495,6,33,78,47,9,2,93
2.0695731816058784,5,25,30,29,1,3,104
2.0696361822837037,0,2,0,0,0,0,0
2.069821130556568,3,22,19,0,2,2,27
2.0698397869788026,1,1,3,0,1,0,7
2.069887320499812,0,0,0,0,0,0,0
2.069959644831662,2,18,0,0,0,0,0
2.070046266514295,8,50,85,71,7,4,49
2.070067115225627,4,19,49,28,1,2,53
2.070149731386312,7,36,12,10,4,1,31
2.0701568640304147,4,53,53,22,10,2,31
2.0702262509716,0,0,0,8,1,0,11
2.0702780807528574,18,174,294,186,21,12,333
2.0703306663514667,9,40,46,48,7,1,29
2.07050503367377,6,13,25,39,5,2,78
2.070630375651401,1,1,17,1,0,0,0
2.0707862798683188,4,100,36,5,4,4,47
2.070844674607463,0,2,1,1,0,0,2
2.0708803345139004,3,17,4,3,3,1,2
2.0708958856141075,8,64,117,61,2,5,87
2.070928141408034,1,3,6,8,0,0,5
2.070997074575185,11,145,169,64,10,9,169
2.0711791742708754,4,104,75,32,5,3,171
2.0714943469041085,1,0,9,0,1,0,0
2.0715294043848864,41,1367,1032,653,30,14,1236
2.07154462094785,5,36,76,59,4,2,31
2.0716750776450885,3,36,20,10,3,2,47
2.071680369525536,7,92,92,64,8,0,52
2.0716927248291683,7,63,43,10,7,1,86
2.071693389100824,10,193,202,87,10,6,324
2.0717057491127036,0,3,1,1,1,0,1
2.071722474247349,19,139,117,160,8,6,163
2.0717275946677702,0,9,6,6,3,0,17
2.071774634458441,7,67,37,60,5,3,54
2.071799008103733,27,458,137,77,14,7,312
2.0719692781138472,9,41,1,49,1,3,76
2.071990086611707,1,32,11,12,1,0,15
2.0720213171653126,3,24,44,16,7,0,22
2.0720222405257487,0,1,2,1,1,0,0
2.0720454389714003,0,0,2,3,0,1,0
2.0722672833183595,0,0,0,0,0,0,0
2.072501986859874,4,4,43,8,3,0,6
2.0727899781465617,0,0,0,2,0,0,0
2.0728282208965996,5,19,28,13,2,1,33
2.072866090806553,1,4,4,0,0,0,4
2.0728949143996616,1,6,3,26,1,0,0
2.0729309042154744,20,250,180,112,14,8,288
2.072934927244348,1,0,0,0,0,1,58
2.073061866197222,2,0,0,0,0,0,0
2.073099824014463,0,0,0,0,1,0,8
2.073165920079202,0,5,2,4,3,2,1
2.0731732083618,9,59,95,59,5,3,92
2.0734008922036726,1,33,10,44,1,1,26
2.0734675610247275,4,23,0,22,2,0,17
2.0734862560332425,1,10,8,7,1,0,9
2.0737225527326393,6,63,30,19,3,5,32
2.0737231944083203,1,3,3,4,1,0,0
2.073816294515454,4,150,22,28,7,3,49
2.073881311598114,11,137,62,37,6,3,248
2.0740837838074,22,119,109,183,19,7,317
2.0741362748425263,2,23,89,6,1,7,48
2.074194142374189,8,74,71,121,7,4,60
2.074283167531645,0,3,5,0,0,0,0
2.0743681036898622,0,10,3,2,1,0,13
2.074398588321255,1,0,0,6,0,0,0
2.07441597463721,28,338,183,90,11,12,179
2.0744472096891453,1,5,0,2,0,0,0
2.0744916631002397,2,23,56,25,1,4,40
2.074507702182319,7,190,154,45,7,7,103
2.0746810715873916,2,17,147,62,4,4,46
2.074736900747472,22,258,157,155,14,7,223
2.074744677981483,0,8,7,60,2,1,9
2.0749597017114416,2,27,8,25,2,5,26
2.0750733157503154,10,133,80,76,8,1,121
2.075105000722892,2,0,0,0,0,0,0
2.075125033367558,0,1,70,2,0,1,1
2.0751630342658203,6,91,160,44,18,6,119
2.0752296143215783,2,0,0,0,1,0,21
2.075383437185608,20,205,138,66,12,5,136
2.0754108814395256,6,46,112,92,15,6,212
2.0754834817527836,8,44,77,26,4,3,72
2.075497852552473,29,402,245,60,7,5,156
2.0756240638840335,2,15,11,12,0,0,0
2.0756314711139536,1,2,5,9,0,3,11
2.075638431182859,14,76,79,36,5,3,123
2.0759379834324223,3,31,54,11,6,0,102
2.0761090735594463,5,15,7,12,0,0,0
2.0761551897106965,0,0,0,0,0,0,0
2.0764081587002456,10,189,470,101,17,6,678
2.0765000011759085,10,24,45,2,3,2,26
2.0765633066660585,6,47,36,29,6,2,80
2.0766021079453916,10,140,73,53,6,7,114
2.0767310410385,0,9,6,2,0,1,7
2.0768200770115266,16,79,83,44,6,0,42
2.076868221390908,1,15,75,42,3,2,28
2.0769307694785195,7,57,62,36,5,4,105
2.07698763780012,0,0,0,0,0,1,9
2.0769936885798113,0,0,0,0,0,0,0
2.0770488413549186,14,247,261,36,16,6,270
2.0770581182172037,0,0,0,0,0,0,0
2.077216107505816,0,0,0,0,0,0,0
2.077336623307737,7,38,42,20,5,2,34
2.0774135446866238,29,361,391,223,28,18,555
2.0775010437622194,8,36,31,1,1,2,55
2.0776820827524913,14,36,34,22,3,4,44
2.07768338770596,2,35,41,36,3,4,2
2.077690682433324,0,9,0,0,0,0,0
2.0778888549024046,3,57,49,109,4,5,119
2.0779231485042855,18,208,171,120,6,5,146
2.077927099022684,52,612,572,344,44,23,647
2.0779973021879794,12,184,229,91,18,5,351
2.0780632033309976,2,0,0,0,1,0,3
2.078105329878358,2,2,18,22,1,2,1
2.0781800564581783,2,4,0,9,2,0,11
2.0782497078940656,13,160,64,117,8,2,55
2.0782516772285917,1,15,33,2,4,0,10
2.0782760407999605,5,53,125,65,12,2,85
2.0783817623382213,8,102,40,23,1,4,19
2.078582327220569,1,0,0,1,0,0,0
2.0786420003375365,3,0,0,0,0,0,0
2.078649177748037,4,27,73,7,3,4,34
2.078661059286618,4,78,60,7,3,1,65
2.0787635000202513,2,6,22,56,6,3,21
2.0787708194332195,1,71,93,91,6,5,197
2.0789055117667816,2,45,11,7,2,3,11
2.078974623664886,10,88,79,19,11,3,93
2.079121290965067,0,4,20,3,0,0,5
2.0791863201960044,2,4,18,16,4,0,22
2.07930917030273,16,384,374,120,21,2,220
2.0793245082357457,0,4,0,0,0,0,0
2.0793689265782582,25,246,292,318,27,13,245
2.079583755099334,3,199,110,14,10,5,59
2.079906353948076,4,19,42,0,6,1,68
2.0800052351942213,0,5,0,0,0,0,9
2.080007187626774,0,1,0,6,0,0,0
2.08003209148033,5,54,45,7,6,4,86
2.0800550643314226,10,138,128,17,12,1,110
2.0800690013354086,13,74,131,33,8,1,99
2.0801293875191087,7,64,103,120,6,7,159
2.0801380614272285,2,0,0,0,0,0,0
2.08015867760353,0,0,0,0,0,0,6
2.080248400794409,0,5,10,76,4,1,37
2.0802603172321588,20,594,359,113,17,10,236
2.0804240308839326,51,525,261,288,19,23,306
2.080463767065073,0,0,0,0,0,0,0
2.0804914751561436,14,280,102,38,13,3,35
2.0808617823174966,7,63,51,55,8,6,88
2.0808799811296645,3,11,32,4,3,0,11
2.081015706823805,0,22,63,14,6,2,144
2.081136308847606,18,87,35,58,7,2,61
2.0813386700314083,5,5,8,17,0,0,27
2.0815234969640586,5,30,26,31,5,1,70
2.081591576378202,10,139,167,135,20,7,213
2.0816817658052718,92,888,418,248,61,25,746
2.0817300712141074,32,354,152,166,14,6,191
2.081760092044821,22,175,146,150,16,11,161
2.081770530558419,8,69,40,56,6,3,40
2.082386575706629,2,65,29,32,1,1,5
2.0823892968285027,9,164,119,52,8,6,97
2.0825391805278697,1,1,0,1,0,0,1
2.0826095619476432,39,563,1080,505,69,31,885
2.0827135617563517,2,1,1,3,0,0,8
2.082808071492906,3,28,9,31,1,0,54
2.083045494803872,0,2,0,0,0,0,0
2.0830732352259895,0,0,0,0,0,0,0
2.0832550539587014,18,897,1085,428,26,8,807
2.0833270801100308,5,117,24,7,5,5,8
2.0833427039276926,48,444,305,163,27,17,175
2.0834981427202974,7,70,114,30,20,5,146
2.083595202222179,3,7,4,0,0,0,0
2.0837766053393834,1,31,38,0,1,3,39
2.0839006606483954,1,39,2,37,11,0,21
2.0842568239001698,2,20,20,6,2,6,30
2.084541182189491,11,37,42,16,5,2,23
2.0846511924842033,0,2,2,5,0,0,2
2.0847329443878464,9,32,85,68,7,2,237
2.08485099424108,1,0,5,5,0,0,3
2.084940950767901,0,9,0,1,1,0,0
2.0850091780566244,1,6,11,8,2,1,21
2.085018141563052,0,34,38,11,5,2,78
2.0850475797651997,21,286,354,134,21,16,349
2.0852172813756162,1,7,3,0,1,0,0
2.0852586225870953,2,13,20,23,3,1,16
2.0854462114338292,1,0,0,0,0,0,7
2.0854600904649168,4,34,89,79,4,1,37
2.085463410085141,13,31,6,18,2,2,42
2.085682773504405,6,69,44,21,3,1,30
2.085689315111192,5,17,87,44,4,0,59
2.0857740840676082,22,532,587,378,21,16,680
2.0858089176287162,3,83,85,20,5,2,28
2.086009205003359,5,63,90,30,3,0,31
2.0862700849398967,7,104,77,74,2,2,103
2.086319972986344,0,0,0,0,0,1,0
2.086422639031771,1,6,0,30,0,1,5
2.0864601649245205,7,39,77,35,5,2,30
2.0865275581242746,1,4,25,7,1,0,9
2.0865737542591507,0,0,0,19,1,0,34
2.086619127881862,8,41,20,5,4,3,21
2.0866260885713293,2,6,8,0,0,0,0
2.0867539827487964,13,94,67,108,11,5,80
2.086843175101627,0,0,0,0,0,0,0
2.086927626749924,0,5,0,4,1,0,10
2.0869679924705196,1,0,1,0,0,0,0
2.0870250354562776,1,5,2,12,2,0,16
2.087216228250665,0,0,0,8,0,0,0
2.0872326685562967,12,107,88,53,6,4,64
2.0872981102672856,1,2,5,0,0,0,1
2.0873874827766534,4,27,0,6,2,1,39
2.0874118553965877,10,104,46,46,7,7,111
2.0878583289146744,0,60,50,18,1,1,21
2.087888693842019,0,0,0,7,0,0,0
2.0879099676361013,21,892,410,318,26,11,1124
2.0879434098900225,4,53,12,6,2,1,47
2.088210985723302,6,22,195,22,11,2,78
2.0883224304095447,3,43,99,31,2,5,154
2.0883359660346983,6,114,47,76,3,2,67
2.088559899229078,7,139,17,10,2,0,33
2.0885676359695484,1,112,0,22,3,0,38
2.0888151697275306,18,113,173,190,8,13,200
2.0888467804589173,9,89,187,93,18,6,234
2.088944238849936,1,7,10,2,0,0,8
2.0890330378046196,11,42,27,80,5,2,47
2.0890654407462286,2,6,0,0,1,0,7
2.089256012309956,112,1659,729,443,63,47,602
2.0893200221633093,10,252,466,265,27,12,423
2.0893737957815004,6,13,26,32,2,3,9
2.0895535090072235,0,0,0,0,0,0,7
2.089747712952636,9,65,167,64,9,6,210
2.0898957849565947,0,0,0,0,0,0,0
2.0899531049399984,29,166,83,53,12,4,116
2.0901028202064285,16,165,241,75,9,10,172
2.0903926269607154,28,515,478,231,41,18,520
2.0904384275671153,0,2,4,7,0,2,5
2.090472031963317,15,176,120,72,15,6,148
2.0904912127171826,0,0,9,0,1,1,3
2.0906431010579096,1,3,12,7,1,0,6
2.0907540365250705,2,15,10,13,1,0,20
2.0907593762454675,0,0,2,0,1,0,9
2.0908332534107075,3,9,2,123,1,2,16
2.090841340059416,15,270,242,143,14,8,194
2.090868967264759,1,47,25,24,6,2,86
2.090962450319409,21,247,208,231,10,8,255
2.090991689560886,1,0,2,2,1,1,4
2.0910200449104086,44,614,473,251,33,9,576
2.091023749274025,5,46,51,53,4,3,48
2.09124033526391,6,58,94,46,6,1,62
2.0912628205394257,0,2,5,1,1,1,3
2.091446763308359,6,73,21,47,8,2,71
2.0914978059293508,12,183,66,78,10,3,78
2.091575926076428,1,0,10,7,1,0,0
2.091603423541463,2,41,66,22,2,1,31
2.0916567458313575,0,2,0,0,0,0,0
2.0916783937614727,1,14,35,15,6,0,74
2.0917817050095855,2,12,92,15,4,1,10
2.091801258902644,1,0,0,0,0,0,0
2.0919358462004753,1,0,5,3,1,0,3
2.0919554726908154,1,3,1,0,0,1,0
2.0919955175766463,16,256,139,106,8,7,213
2.0920278793769946,4,19,16,4,0,1,21
2.0920928079448258,9,156,233,4,10,2,132
2.092207840779431,2,24,13,7,3,1,33
2.0923240921841533,0,0,0,0,0,0,0
2.092541215553864,13,176,128,115,13,3,241
2.0925627536043976,2,2,0,3,1,0,5
2.0925745520567345,24,477,742,350,28,29,762
2.092595075838113,0,0,29,0,2,0,5
2.092639146032283,5,133,142,63,11,4,78
2.0926625833553762,3,8,34,12,1,0,3
2.0926631845164962,19,184,160,140,7,7,225
2.0927076482607783,6,35,74,66,6,6,76
2.0927922322144665,1,10,11,9,2,2,2
2.0927949884559767,13,125,122,47,5,11,84
2.0928405706301647,3,30,17,4,1,0,7
2.092964129596771,13,152,153,40,10,2,66
2.09298319232171,1,0,17,26,3,2,18
2.0930014680020905,1,53,16,47,7,2,29
2.0932084156498396,4,54,28,9,0,1,29
2.093234094567485,3,62,60,77,4,1,146
2.0932819886874037,39,546,342,183,23,16,200
2.093312372226159,1,12,44,29,6,0,34
2.0934233581031516,2,0,0,6,1,1,11
2.0934457270793163,1,9,8,12,4,1,22
2.0934480092491508,3,66,65,0,0,1,68
2.0935257701907353,16,130,180,114,16,7,302
2.0935551625003943,3,0,26,3,1,3,40
2.093715246056595,12,77,115,67,13,9,93
2.093762187315758,8,27,71,34,2,4,43
2.093779276373106,1,105,16,6,0,0,0
2.0937858018995175,1,4,0,1,0,0,0
2.0937942742162967,0,1,0,7,0,1,4
2.093874996062026,29,355,94,148,13,6,218
2.093978421274968,27,197,153,70,11,11,225
2.0942621425467296,13,219,174,88,11,3,163
2.0944477323374313,1,0,0,7,0,0,0
2.094594254864336,7,91,93,37,8,4,313
2.0946231769508734,27,340,480,314,26,9,426
2.0947614404685178,3,34,11,7,1,1,23
2.0947892755100055,2,5,17,0,0,0,3
2.0949649565352852,3,70,70,15,3,2,21
2.09496619845509,1,6,0,0,1,0,0
2.0951412305748276,12,109,113,44,10,4,75
2.0952814309605743,1,4,10,11,0,0,30
2.0953080550002046,15,241,62,55,6,4,112
2.0955454726510063,7,70,42,25,6,2,92
2.0955600812060617,126,1803,1324,835,85,49,1645
2.0955630357377517,1,33,18,20,1,0,0
2.0955766677049787,3,39,28,25,2,1,28
2.0956331008377145,0,9,0,3,0,0,0
2.0957270769080267,1,1,9,49,0,0,27
2.0957498839208832,9,39,59,79,3,1,9
2.0957681931149037,40,330,271,139,15,11,256
2.0957911627238563,0,0,0,0,0,0,0
2.095891122989528,1,0,0,0,0,0,0
2.095988124895857,0,0,0,0,0,0,0
2.0961555217575776,3,29,71,8,1,4,43
2.0961757114948902,68,842,629,364,59,29,826
2.09621378397663,3,56,37,38,7,2,42
2.0962588607495984,4,16,10,11,1,1,9
2.096267303428943,9,28,33,9,3,0,19
2.096298416798336,2,19,23,27,2,0,18
2.0963169844402807,3,128,45,86,6,5,143
2.0964196370835464,4,0,27,9,3,0,26
2.0965211842948626,3,59,81,105,6,9,29
2.0966040213813657,3,47,112,37,6,7,61
2.0966835288890686,18,229,314,110,9,5,333
2.096715497852667,0,0,0,0,0,0,0
2.0969131215569026,2,5,3,1,1,1,0
2.0969457076621607,3,73,136,47,2,8,199
2.09712213402439,33,176,426,437,33,17,350
2.0971837252264574,12,134,87,64,7,5,100
2.0971982735597843,2,0,0,0,0,0,0
2.097455784091758,4,16,9,28,0,1,20
2.0974664512219188,0,0,0,0,0,0,2
2.097475750908065,21,182,124,143,1,8,120
2.0975982210680044,16,80,113,110,11,8,179
2.0976284989740326,3,1,26,5,0,1,2
2.097828771627482,5,11,4,10,1,2,24
2.097831461517317,13,166,13,81,2,6,19
2.0978662611476877,0,5,18,0,0,0,12
2.0979780798766927,26,305,369,101,26,8,243
2.0980309799498036,0,38,0,25,1,1,47
2.0981602352998574,7,144,495,204,11,14,207
2.098377494188154,0,2,1,4,1,0,1
2.098407731093815,15,166,14,53,2,3,40
2.0984375716466945,5,0,2,0,1,0,12
2.098534882001489,2,15,6,0,0,2,1
2.0986150197595417,30,419,463,407,21,25,694
2.0987713802530426,17,117,126,19,13,1,82
2.098884849895656,7,104,61,10,5,2,34
2.0988956738482583,0,5,21,5,0,2,7
2.09893719891082,53,607,843,362,72,34,695
2.0990722741485768,13,98,48,8,1,3,54
2.0990787943562625,0,0,0,1,1,0,0
2.099086800104381,2,28,12,38,4,2,38
2.099316224878688,1,7,0,23,0,1,0
2.099389332790123,7,50,72,14,2,4,75
2.0994189012404987,0,23,12,5,1,1,0
2.099469609960192,1,8,20,0,1,0,5
2.09954065820015,12,69,150,132,12,9,100
2.0995516301561854,4,27,35,9,4,1,42
2.099599298370036,1,18,11,20,2,0,24
2.0996816395612337,19,358,258,125,26,8,282
2.0997502114562066,26,397,389,222,23,12,353
2.0998243473197955,2,27,13,7,0,0,8
2.099826719425302,10,77,135,31,3,5,156
2.099960423948497,7,394,63,46,3,3,39
2.099991441472988,2,2,29,15,2,1,13
2.0999931636232136,1,6,27,8,3,0,8
2.100081541858546,11,182,134,195,17,6,155
2.1001392339863107,57,1192,1295,658,58,29,1337
2.100189147815924,61,1830,1666,737,66,18,1535
2.1003229750203016,4,100,115,38,5,5,70
2.10033729854161,2,14,54,14,3,3,14
2.1004734128003792,9,92,231,37,10,9,287
2.1006096902984583,1,53,92,32,2,1,11
2.1007235371180992,3,34,24,7,3,3,29
2.100789620833392,10,101,190,60,12,4,117
2.1008412250102335,7,244,430,112,19,11,543
2.100849900657656,4,55,63,41,4,5,33
2.1008504627379607,1,1,14,0,3,0,4
2.1009342687404575,7,31,20,9,1,3,55
2.101095592833377,10,136,28,96,7,4,85
2.1011090749615047,14,60,39,16,3,0,37
2.1012215789789805,2,40,30,15,3,1,40
2.101279207282872,2,98,95,66,10,7,64
2.1013222516817165,0,1,18,9,1,1,83
2.1013306262948475,6,40,50,48,3,3,61
2.101592018443151,39,1044,709,396,29,12,558
2.1016547614936516,1,0,5,4,2,0,29
2.101687936295305,2,24,7,23,5,1,7
2.1016920039941676,17,237,104,130,15,7,72
2.101730589284674,1,0,6,1,0,1,19
2.1017433698753845,0,0,0,0,1,0,0
2.1017750222583835,7,76,107,16,11,6,103
2.1018620798886896,79,998,966,444,38,31,963
2.101938299958304,7,84,23,1,7,2,61
2.1019666279099187,1,6,7,0,1,0,2
2.1019991433303606,3,33,51,14,2,4,60
2.1020252307127683,3,5,19,22,0,1,6
2.102216447336235,1,1,0,0,0,0,0
2.10222100760363,7,74,158,37,7,0,95
2.102222801082062,0,0,2,0,1,0,0
2.1022685350466186,0,2,0,20,0,1,0
2.1024909247958874,2,40,28,11,7,3,26
2.102492964564489,16,332,234,43,11,7,218
2.1025923242230253,6,151,114,132,9,4,124
2.1028110764215087,2,26,19,23,4,1,52
2.1028951680939088,0,4,1,2,0,1,5
2.1029015007833256,10,143,110,47,12,5,115
2.1030601225232917,0,0,0,0,1,0,0
2.1031791088789284,2,2,28,43,2,2,49
2.103340967826652,16,230,129,118,18,9,257
2.1033612493331812,7,71,136,80,12,7,72
2.103408747478496,2,1,3,0,1,0,0
2.1036203080566613,3,15,16,39,0,1,56
2.103705606639461,13,183,219,133,16,13,174
2.1037341625645993,1,0,0,0,0,0,0
2.1037782612307505,9,32,46,98,8,4,201
2.10377890102756,1,6,4,0,0,0,2
2.1038320636366397,3,70,41,15,7,2,23
2.10400579987504,11,91,76,33,6,4,109
2.1040060888812313,5,16,7,32,1,1,4
2.104181362317181,29,545,283,320,17,10,329
2.1042898150265774,16,54,87,71,9,5,110
2.1043331640926897,2,30,24,38,1,2,57
2.1043377525446383,2,0,0,0,0,0,0
2.104397510413548,4,75,28,27,10,2,130
2.104403569989896,1,1,7,3,1,0,2
2.1044242564514826,3,15,16,47,2,2,11
2.104533921213277,1,51,23,5,2,0,0
2.1045477618033153,2,37,16,12,5,2,6
2.1045537589504844,7,65,36,33,7,4,36
2.1045628303671355,1,15,32,36,3,2,25
2.104568428086665,9,41,42,41,7,4,57
2.1045948103439622,7,14,1,10,1,0,6
2.1046592851506287,14,138,155,107,11,8,185
2.104727529428994,1,7,4,1,1,0,4
2.1047866790966,0,1,31,1,2,1,2
2.104853860996627,0,18,0,0,0,0,1
2.1048872296712653,1,7,10,6,1,0,6
2.104964862395157,2,9,3,1,0,1,1
2.105023996429612,5,59,38,30,8,3,115
2.1050494563124316,4,24,57,59,4,3,43
2.105060958455499,12,221,101,47,11,1,158
2.105198460181115,0,0,0,0,0,0,0
2.105224533671496,12,118,55,99,9,3,124
2.1052562253901774,2,7,8,0,2,0,44
2.1052952411339194,15,207,107,167,12,6,184
2.105341199550539,24,608,798,235,49,18,658
2.1054777217052534,6,76,106,22,7,6,108
2.105539863565973,13,234,43,53,9,12,75
2.1056210692641204,14,179,68,57,10,5,180
2.1057402313764406,0,1,0,104,1,2,2
2.105802709008324,4,14,40,14,5,1,65
2.105832901652585,0,0,0,13,1,1,1
2.105865013889288,3,21,4,18,2,3,19
2.1059666308163383,0,0,2,1,0,0,0
2.1060272555084425,6,48,58,16,2,2,10
2.1060561827433757,7,24,31,8,2,0,54
2.106071636571298,7,53,73,67,10,4,87
2.1061325061467624,1,44,39,14,3,0,10
2.1061962574520865,2,0,0,0,0,0,0
2.106216201173675,0,1,1,2,1,0,5
2.1063183521888127,0,19,0,0,1,0,0
2.1063317665080934,5,66,6,12,1,1,12
2.106571049652302,1,20,31,1,1,1,83
2.106626046284299,3,56,15,25,5,2,42
2.106631858889942,4,18,214,3,2,1,38
2.1066911844811247,22,239,393,138,36,14,460
2.106717863272101,4,86,91,45,1,4,38
2.1068347971664547,7,62,35,80,6,2,83
2.106942970236143,2,28,33,42,1,2,25
2.107137587711846,0,14,7,3,2,0,16
2.1071519819132827,7,138,121,76,4,4,110
2.1072603303360204,1,53,4,0,0,2,0
2.1074072179113803,1,0,15,12,0,0,7
2.1074170520200153,2,5,5,4,0,0,0
2.1074974348485216,0,0,0,0,0,0,0
2.1077181232664635,7,36,16,10,0,2,22
2.107733487065179,2,19,12,6,1,0,8
2.1077775527492255,50,644,169,164,18,9,213
2.107839456887428,1,10,0,3,0,2,0
2.1078532595094868,1,11,66,9,6,0,72
2.107910509373143,11,61,182,58,7,2,57
2.1079730658840288,0,0,0,0,0,0,0
2.108014749103456,0,11,34,8,0,0,10
2.1081065969823065,27,370,256,218,22,12,248
2.1081438252595848,1,12,6,3,3,1,6
2.1082575549536826,5,17,8,29,5,2,16
2.1082996535508522,83,831,693,294,56,39,568
2.1084096872407696,1,2,3,3,0,0,5
2.108516858871571,10,134,160,46,12,5,108
2.108641114949472,2,52,23,34,2,2,24
2.108664433528752,0,0,0,0,0,0,0
2.1087331443016946,17,168,305,77,13,6,254
2.10901910304862,16,220,142,104,11,5,148
2.1090603316177283,1,3,0,17,2,0,0
2.109148035422341,0,5,4,7,1,0,5
2.1091731944579397,29,392,690,641,40,20,594
2.109266659098428,0,2,0,0,0,0,0
2.1093365252456566,0,60,17,0,0,3,8
2.109494513698724,6,78,0,4,0,2,1
2.109607771061463,2,6,6,4,3,2,51
2.1096555406507385,0,3,4,0,1,0,0
2.1098000465366304,2,7,4,0,0,0,0
2.10987145265908,13,302,282,98,10,9,234
2.1098749628284783,2,13,27,15,1,1,6
2.110043237997797,18,241,136,108,24,10,262
2.110152649091917,2,4,47,4,3,2,15
2.1101955019224135,4,45,91,70,8,4,60
2.1103080876211022,10,37,32,52,1,2,41
2.1104044744634245,0,0,0,0,0,0,0
2.110637791772462,3,34,23,13,1,0,43
2.1106801290380273,3,26,28,31,4,0,24
2.1108660766753546,34,313,52,51,0,4,15
2.110888509723797,0,8,13,13,3,1,12
2.1109051272133494,2,56,52,24,3,2,3
2.110990921987852,19,241,116,63,28,5,262
2.1111377663313484,6,31,29,11,1,0,21
2.1111750852071447,2,42,35,29,4,4,31
2.111288527244854,67,961,892,363,55,21,857
2.111371225232771,1,0,0,1,0,0,0
2.111405740560383,1,0,0,0,1,0,10
2.1116011237569,25,193,259,247,12,10,172
2.1117292059472925,1,0,0,0,1,0,3
2.111816566608537,7,105,121,66,7,5,98
2.111915672975177,3,28,16,17,0,1,5
2.1119646669099796,0,0,0,0,0,0,0
2.112026719872437,26,235,150,127,15,11,236
2.1120716913577535,2,13,3,0,0,3,0
2.1121883187904684,0,32,0,0,0,1,0
2.1122464532624807,0,3,0,0,0,0,0
2.1122660405914555,7,260,0,25,0,1,0
2.112294164673969,27,274,277,272,34,8,224
2.1124150108546256,6,67,57,83,7,11,60
2.1124358991353818,1,0,0,13,0,0,0
2.112562186779346,2,12,30,0,2,3,42
2.112573689252354,3,6,12,0,2,0,22
2.112596411930109,0,0,0,0,0,0,0
2.1126110149368924,2,24,99,15,5,3,46
2.1126315968864313,9,145,62,17,6,4,94
2.112689601939723,0,3,1,0,0,0,2
2.1127914688675817,0,0,0,0,0,0,0
2.1130403826594937,4,11,13,11,1,2,22
2.1130880862615316,1,10,8,0,1,2,6
2.113133919348394,3,82,40,8,3,5,18
2.113293757719938,7,60,10,16,1,1,1
2.11336929236248,1,57,21,0,0,2,22
2.1134420863494716,1,0,0,0,0,0,0
2.1135147329584854,6,28,37,34,3,2,29
2.1135985113067544,3,34,37,18,3,1,33
2.1136772803584805,58,437,288,201,25,20,324
2.1137306085539898,1,0,3,1,0,0,0
2.1137323883377186,10,166,129,60,12,7,80
2.113770009732379,21,353,414,256,24,11,450
2.113947939033577,10,147,86,25,10,1,45
2.1139582833512636,9,109,191,68,16,8,285
2.1139863208492753,44,604,564,167,26,16,492
2.114097873732679,0,4,7,8,2,1,8
2.1141236030150297,0,0,0,0,0,0,4
2.1141560640597095,14,185,155,106,6,15,130
2.114202234359785,9,64,90,21,3,5,39
2.114263905700084,10,39,56,28,7,2,64
2.114311589109289,1,0,56,0,0,0,0
2.1144054910584282,0,14,19,32,1,2,14
2.114410351959103,5,27,37,17,2,3,35
2.1144472449110325,0,0,0,0,0,0,0
2.1145049765279884,8,133,69,124,12,1,20
2.114590047119164,1,0,2,0,1,0,3
2.1148930534548938,1,1,7,10,2,2,15
2.1150669144110275,4,55,10,28,6,1,89
2.115077398522606,5,18,25,33,8,3,35
2.1152707893759986,0,1,2,0,1,0,2
2.1153022007852194,3,61,23,0,3,2,21
2.1154340575205333,7,86,30,15,10,3,143
2.115460318584664,14,82,73,37,13,3,146
2.1154701266862235,2,93,99,19,5,5,92
2.1156128728984283,3,2,21,5,3,0,18
2.115614180229076,4,107,37,15,6,2,53
2.1157960569035845,2,0,0,0,0,0,8
2.1158843987260236,0,0,0,0,0,0,0
2.115923056154605,23,248,236,365,28,18,393
2.1160303546048507,2,8,13,1,6,0,13
2.116058984440155,25,124,101,69,8,6,103
2.116116274192689,9,108,123,197,6,9,42
2.1161700351536092,1,12,9,0,1,0,4
2.116189367136983,1,17,12,2,2,0,10
2.116247980693891,3,1,0,0,0,0,6
2.1163747015666283,3,120,179,88,15,2,255
2.116598786721462,4,64,24,23,9,2,82
2.1167555982552946,0,5,6,5,0,1,28
2.116804741219967,8,75,81,106,5,5,194
2.1168553827616963,11,89,40,66,10,9,31
2.116874139056058,3,42,20,15,3,1,47
2.1169157051598964,15,92,63,37,1,4,55
2.117146502569957,14,91,3,21,1,1,9
2.1172914450498745,10,162,43,17,10,3,159
2.1173250670334043,16,144,135,141,8,9,95
2.117388243271223,5,162,163,92,8,4,173
2.117434633211873,110,1679,752,758,65,33,851
2.1174944916535927,3,15,81,16,4,4,71
2.1175280106304637,3,24,11,20,0,0,17
2.117762113157924,5,25,18,22,4,0,14
2.117796427771924,3,22,15,5,1,0,11
2.1178651189035094,21,407,226,242,14,3,184
2.117885674023245,1,8,2,8,1,1,5
2.117903979176931,13,93,70,87,17,9,219
2.118016730799324,2,13,37,7,6,2,6
2.1180436916613163,9,5,13,21,2,2,1
2.1181906783977875,3,15,16,9,3,0,12
2.1182145266950227,59,406,421,391,29,29,393
2.118225572600891,7,7,56,37,3,4,92
2.118272361955139,13,268,233,67,22,9,209
2.1183489583820903,1,1,1,6,1,0,23
2.1183950265270663,2,3,5,11,1,0,0
2.1185008926900846,2,3,7,0,0,0,6
2.118532438084645,5,37,37,18,1,0,32
2.11854305316834,0,16,6,2,1,1,31
2.1185496953753318,7,130,88,93,8,3,17
2.118598239818761,4,0,0,0,0,0,0
2.1186767460167206,2,4,6,15,1,4,0
2.1186923782469655,2,11,14,3,4,2,37
2.118722174600248,1,0,0,0,0,0,0
2.118752003874896,0,0,6,0,1,0,1
2.118849893183362,10,78,174,44,12,4,169
2.11895893658438,24,157,906,334,35,13,878
2.1190070224809534,0,4,14,24,0,2,19
2.1192038292101123,6,56,194,67,11,3,129
2.1193752012085354,12,131,142,57,8,9,121
2.1193836742816754,0,5,12,7,0,2,8
2.119548021686969,3,22,250,1,4,1,11
2.11964284911169,16,288,122,42,9,7,31
2.119745548366659,8,69,136,74,4,3,202
2.119848172124641,27,156,321,145,24,15,356
2.1199717521813417,17,228,326,91,13,10,269
2.119980628014247,13,157,137,115,18,9,125
2.1201216929855597,5,14,28,2,2,1,23
2.120129812633839,1,4,19,15,1,1,24
2.1201429539920253,2,26,7,2,1,1,14
2.120211755398684,1,21,11,13,2,1,42
2.12023944415279,8,66,117,56,11,9,125
2.1202636552322662,0,0,0,0,0,0,0
2.1202822833967816,7,69,62,13,8,0,71
2.1203787619988703,0,0,0,1,0,0,0
2.120618117398857,4,29,44,48,4,3,32
2.1206632288434664,3,19,105,17,7,1,76
2.1207446490898327,0,0,0,0,0,0,0
2.1208287605413116,0,0,0,0,0,0,0
2.120853361028988,6,33,61,128,4,5,33
2.1209883242606478,17,70,64,68,12,8,132
2.121007405814984,2,41,0,5,3,2,72
2.121011830971978,5,19,14,20,3,0,60
2.1210138562315444,0,1,0,20,0,1,4
2.1210755357329703,8,66,64,30,11,6,102
2.121087977290399,7,91,127,60,11,7,100
2.1211125448682226,0,2,0,11,1,1,0
2.121231841342246,1,1,3,8,0,0,2
2.1212996318181814,7,56,44,2,5,2,51
2.121310526732743,2,10,2,1,1,1,10
2.1213415576159917,1,1,0,0,0,0,0
2.1213555153025525,6,40,18,63,3,3,29
2.12142476326817,4,77,149,18,6,1,118
2.121490338478192,29,579,354,277,20,5,308
2.1215142249229237,13,89,65,109,4,2,63
2.121681129656895,6,63,142,55,16,7,168
2.1218462967205975,0,0,1,4,1,0,11
2.1218559017626113,2,37,9,29,2,0,3
2.121933951457201,4,19,7,21,2,0,14
2.1221744409464063,0,0,15,0,0,0,28
2.1222316536159864,61,848,319,168,23,10,251
2.1223149556446335,0,2,5,7,1,0,2
2.122319771594424,10,49,114,69,6,4,129
2.122320417844732,3,9,81,22,2,1,19
2.122379831943071,5,75,85,41,0,3,162
2.122548464903214,18,94,114,101,11,5,133
2.122562921924754,0,0,0,0,0,0,0
2.1226947217133825,2,15,19,37,2,2,23
2.122742690247323,10,345,1141,411,29,10,986
2.1227908072326205,5,12,18,7,3,3,3
2.1228887810307673,7,45,68,12,6,0,43
2.1229751442759253,14,256,194,150,15,11,264
2.1229846782386557,0,0,0,11,1,0,0
2.123013356931763,48,1054,1323,434,70,20,975
2.1230346071758226,3,54,71,73,6,6,26
2.1231472869467605,3,151,152,105,8,1,17
2.123273841660634,0,0,0,0,0,0,1
2.1233357787413896,0,10,0,5,2,0,0
2.123373676934038,8,49,51,12,3,1,18
2.1233772145254237,4,6,18,16,4,0,39
2.123428899323565,2,61,1,12,1,2,6
2.1235515702389756,29,459,462,350,34,23,402
2.123633132358908,7,110,281,108,14,12,147
2.1237556372777204,1,8,9,13,1,1,8
2.123777433919305,9,45,49,49,3,6,36
2.1237872499327755,6,92,49,24,5,2,85
2.123819413132739,0,0,0,0,0,2,4
2.123848543875529,5,61,101,94,14,5,132
2.1240155631515654,10,80,55,77,3,1,102
2.124031033636058,2,88,80,23,8,3,50
2.1240315117505104,1,5,0,0,0,0,0
2.1241260230142402,4,15,8,3,3,0,10
2.124176402882474,0,0,0,0,1,0,0
2.124178411282253,38,681,476,257,31,23,893
2.124239754033198,1,5,7,1,1,1,13
2.124387886395261,7,30,61,33,3,1,15
2.1244389887629085,2,0,0,0,0,0,0
2.1244759141005356,0,0,1,1,0,0,3
2.1246157339992067,7,56,37,32,10,2,76
2.1246218926930407,2,12,20,0,0,1,0
2.1246364859663918,9,151,87,26,13,5,228
2.124788287722736,3,3,19,0,2,1,4
2.1247948642651973,1,18,19,24,1,2,27
2.12486529257699,2,15,55,12,2,1,70
2.1250944357079247,0,0,3,0,0,0,0
2.125164189043619,4,37,32,12,1,2,11
2.125202814759035,17,251,270,143,25,22,150
2.1252502479773483,15,192,79,39,13,4,214
2.12527327471002,0,1,8,8,1,0,13
2.12532657026192,1,3,0,3,0,0,0
2.125443598192404,43,799,149,136,10,7,83
2.1254492877928,5,40,21,22,4,3,14
2.1254679167930544,3,4,17,2,1,0,3
2.125476981348756,14,83,60,70,4,6,59
2.1255880700647682,4,25,69,10,2,2,8
2.125599174499937,2,18,32,10,5,0,6
2.12571292219037,0,0,1,0,0,0,0
2.1257496131710236,4,10,86,182,8,1,86
2.125845841954279,28,405,305,81,7,13,214
2.1258516465068027,5,23,25,40,5,1,15
2.125855542936488,0,1,4,4,2,1,4
2.1258691856907874,3,7,21,15,2,1,4
2.125886521222131,8,196,166,63,5,6,162
2.125934825270759,1,14,24,27,2,3,34
2.1259866645958976,1,12,38,0,1,0,6
2.1259992615876735,10,104,80,27,8,4,57
2.12607312621592,23,484,143,95,11,10,162
2.126135479050098,7,136,120,48,7,7,185
2.1261438587357504,6,99,118,8,6,6,201
2.126154557068577,0,0,0,0,0,0,0
2.1262420773971877,0,10,0,0,0,0,13
2.1262491772457492,1,25,3,0,0,0,0
2.126310084780753,12,337,143,171,35,5,238
2.126428582112053,36,481,638,202,37,13,452
2.1264921985905154,3,12,27,25,4,2,16
2.1266426486381373,4,85,38,13,4,5,24
2.1266430147285695,6,35,7,1,2,2,58
2.1267693856948826,4,23,0,0,2,0,0
2.1269008638002975,2,4,1,2,0,2,5
2.126933634111482,2,0,0,0,0,0,12
2.127033235535156,1,7,7,4,2,1,11
2.1271662550816828,0,0,6,0,1,0,0
2.1271977749974953,2,33,46,12,4,3,38
2.127238776694389,43,374,648,240,43,21,473
2.1272809821964054,1,0,1,0,1,0,9
2.1273298470553303,12,189,143,156,9,8,113
2.1273454330322994,27,517,767,425,37,14,749
2.1273501714274827,6,105,140,161,11,8,110
2.1273645832790904,14,66,89,46,5,3,79
2.1274200202526248,38,437,496,428,48,22,459
2.1274244090270273,13,44,37,22,2,1,39
2.1275161293735403,15,298,79,62,13,3,94
2.127650185298784,4,15,11,3,2,1,23
2.1276945235823645,12,111,58,18,4,7,91
2.1277003969739856,13,120,31,91,3,2,48
2.1278115938778166,0,2,0,0,0,0,0
2.1278205871151936,2,6,0,0,0,0,16
2.127885338254738,3,16,16,28,5,1,38
2.127930384074562,4,72,146,61,7,4,128
2.128044961494634,3,5,7,1,3,0,9
2.1280548368801546,3,26,13,0,0,0,7
2.1280793058947016,0,79,1,3,1,0,19
2.1281396030975186,0,6,12,2,2,1,15
2.1281531772662325,0,2,0,0,0,0,1
2.1281884163981357,8,102,31,18,7,2,44
2.1283107374187833,2,5,23,2,3,0,0
2.128394645043839,0,4,1,15,2,3,81
2.1284849906360277,12,94,110,63,7,4,102
2.128502059790519,0,1,0,2,0,0,0
2.1285288395636597,1,0,31,20,5,3,9
2.128561427037792,22,178,264,253,12,16,161
2.128635362628691,4,17,53,26,3,1,28
2.1286624746321507,0,6,7,8,1,1,12
2.128744726761712,0,21,0,0,1,0,2
2.128784832829815,11,96,151,56,10,5,190
2.128884187056632,3,1,3,0,3,1,1
2.129073090551296,4,16,40,39,11,4,22
2.1291036312559037,0,0,0,1,0,0,0
2.129148502802741,1,6,0,0,1,1,16
2.129213461808226,39,389,170,233,19,13,149
2.129319111726029,0,0,20,4,0,0,0
2.129335619279745,2,20,32,5,3,1,17
2.1293866211276815,1,37,17,23,4,1,15
2.1295127955461743,6,54,69,16,3,2,0
2.1296932998272755,4,43,122,43,6,2,33
2.1297189070235096,70,883,359,126,35,16,635
2.129749310751031,2,13,1,2,2,0,0
2.1298533480839485,16,129,162,69,11,10,136
2.1298619259144065,7,105,28,24,1,2,48
2.1298744050944864,2,15,9,10,0,1,8
2.1299280307718154,4,4,5,39,1,1,29
2.129993250261667,1,17,7,17,0,0,10
2.1300973903746376,3,102,116,52,4,2,56
2.1301549355577114,6,29,40,52,7,0,48
2.130177211102797,5,38,41,10,6,3,46
2.1303593068171547,11,167,331,135,27,6,418
2.130472002973592,56,630,570,360,32,21,536
2.1305062703370714,6,20,21,17,5,0,38
2.130684698974047,16,213,31,146,3,6,35
2.130745598757738,17,214,262,99,25,6,317
2.130759353070304,1,0,0,0,0,0,0
2.1309049333353483,6,38,88,72,5,3,69
2.1309072989945523,21,59,112,113,12,8,163
2.1310318621341864,1,0,0,0,0,0,0
2.1310609153436575,3,4,6,12,0,1,6
2.1311143611155403,6,23,116,11,0,0,58
2.131137519054092,1,0,14,0,0,0,0
2.131144840554201,4,15,16,35,5,2,32
2.1311561353915947,7,3,20,6,0,1,17
2.1312369554493364,4,26,25,29,3,3,56
2.1312918645121592,0,9,19,1,1,0,8
2.131424080486711,0,0,0,0,0,0,0
2.131432688631611,1,2,4,15,0,1,0
2.131694439596648,3,24,18,20,4,1,33
2.131759599706082,3,4,14,7,1,1,6
2.1317601641660517,3,51,50,53,4,3,19
2.131786853044591,1,1,18,0,2,1,40
2.131790626489042,0,11,0,0,0,0,6
2.131817738477506,11,64,131,12,7,2,82
2.131984041390849,3,56,47,15,6,2,18
2.1319988760392206,2,0,0,0,0,0,0
2.1319993802762123,30,596,73,173,12,5,10
2.1320014752410645,8,18,71,20,7,2,132
2.132022855929471,18,102,223,276,18,9,220
2.1320274126295153,7,63,112,118,6,1,72
2.132079109765708,46,646,910,411,54,23,927
2.132137191725478,2,14,19,12,2,0,12
2.132177761606483,6,26,37,9,3,1,36
2.132242093574174,2,60,86,38,10,6,64
2.1323086255250527,6,26,16,5,3,0,20
2.1324354880787406,25,259,191,89,15,5,169
2.1325252695592773,10,90,89,47,14,4,198
2.132550084403859,5,87,90,10,1,1,93
2.1325603845462724,8,19,58,37,6,6,171
2.1326139859808304,0,0,0,0,0,0,1
2.1327339550477467,38,380,186,198,13,16,153
2.1327347282373634,0,0,1,0,1,0,5
2.1327596348948656,4,14,8,7,0,2,29
2.132761157257209,4,24,8,17,1,0,55
2.132766240113595,0,4,21,2,2,1,8
2.1327988873252712,2,0,21,22,0,1,51
2.132835819362237,3,40,29,18,4,2,107
2.1328423088971973,0,0,0,0,0,0,0
2.132899998408967,3,6,0,17,0,2,1
2.1329236298457053,4,10,58,18,1,1,8
2.132931828584671,5,97,16,2,0,0,39
2.1331102962941353,13,130,277,99,18,9,235
2.133188810591315,28,459,275,212,23,18,387
2.1332183744148736,2,16,0,42,1,1,18
2.133227531193595,51,870,577,448,63,30,842
2.1333371243176282,0,0,0,0,1,0,0
2.1333438419754613,3,9,83,63,6,0,35
2.1333536804419473,3,11,9,20,1,0,14
2.133429456247659,9,86,348,50,17,9,395
2.1334655389470667,5,20,22,12,3,1,15
2.1335092165458946,4,87,19,5,0,2,35
2.133532776092501,2,10,0,14,0,3,3
2.133544341241731,1,22,29,0,2,0,19
2.1335601920280007,0,0,17,0,0,0,1
2.133564039665192,8,26,272,180,22,5,246
2.133817284005399,18,358,383,44,21,5,515
2.1338813250743986,0,0,12,0,1,1,59
2.1339081361619083,2,0,3,18,1,0,11
2.1339251323251824,3,0,4,17,6,1,21
2.13399660451471,0,0,3,1,0,0,0
2.1340065737098937,0,0,0,0,0,0,0
2.1340291649294327,5,75,162,127,16,7,223
2.1340388348156543,0,0,1,0,1,0,0
2.1341027155659553,2,45,33,18,3,1,29
2.134238768302072,26,249,271,95,20,10,184
2.134248648069882,24,595,612,398,39,23,657
2.1343190655962574,14,346,1172,628,33,12,1360
2.134354654977682,5,34,130,50,11,2,133
2.1345315319034435,0,0,0,0,0,0,0
2.1346427983810177,4,32,12,40,3,2,21
2.1346600251402474,8,103,180,80,5,5,123
2.1346893066160746,11,115,78,25,7,3,30
2.134775218980999,25,151,134,165,16,6,130
2.1347821903274107,4,82,93,92,9,4,142
2.1348036098622054,4,34,24,10,1,2,48
2.134812152881373,2,5,0,0,0,0,0
2.1348387577794723,0,0,2,0,0,0,0
2.1349142970568438,1,3,22,0,5,0,49
2.1350272117199696,14,250,114,248,11,9,134
2.1351014471392378,2,12,54,8,3,1,36
2.1351065369525526,3,15,49,3,1,1,3
2.135125119873822,3,14,11,7,2,2,2
2.1351918924902082,3,17,14,6,3,1,36
2.1352114827273647,34,318,142,49,9,7,170
2.1354413120768223,2,25,16,0,4,0,18
2.1354850291880942,6,38,72,36,7,3,60
2.1357215890268555,1,8,17,0,0,0,1
2.1357573040911855,0,3,0,3,0,1,0
2.1358757822883288,6,58,68,28,4,0,36
2.135876388624932,10,78,22,45,6,3,60
2.135923130244964,1,0,0,0,0,0,2
2.1359718291055816,1,0,3,7,1,1,31
2.13609328682653,68,1012,693,515,52,29,688
2.1360945575236805,31,320,389,144,44,13,465
2.136148688667572,1,27,22,8,4,2,13
2.1361727744341596,76,767,474,229,51,20,664
2.136293906588829,1,8,0,11,0,0,0
2.1363535327141046,6,36,28,34,2,2,44
2.136395621931689,57,1753,1838,1008,58,30,984
2.136462316587161,20,234,89,11,6,4,23
2.1364908232858473,7,28,3,17,3,0,44
2.1366215332340737,88,1858,1439,501,50,17,1331
2.1366525827440292,1,6,12,0,0,0,0
2.1368899705060165,4,66,92,29,9,3,73
2.136958325848102,2,1,2,1,1,1,4
2.1370614395861858,6,48,47,39,9,3,67
2.13719017169565,16,70,111,100,4,8,68
2.1374609914257565,2,8,3,2,4,0,10
2.1374696608413246,26,376,271,66,24,6,243
2.137501563802125,1,1,29,3,2,0,13
2.1377322799977025,2,18,11,8,0,0,10
2.1378534481340217,4,16,12,5,1,1,47
2.1378800580033532,66,2522,1756,956,71,40,1876
2.1379747360766523,10,164,222,69,26,8,144
2.1379994810676433,2,4,55,3,4,1,4
2.1381195169357508,0,0,0,0,0,0,1
2.138178660976514,1,7,6,9,0,0,1
2.138280211767079,4,58,69,17,2,3,66
2.1382830173937477,5,16,12,9,0,0,3
2.1382867114041484,3,31,18,27,2,1,61
2.1382904865996912,5,6,0,2,1,0,4
2.1382983995654112,3,7,2,8,2,0,10
2.138439007994771,6,94,122,71,5,3,92
2.138440667639365,19,124,120,87,20,8,238
2.138574312884597,40,870,88,43,10,9,112
2.138582681365576,0,0,0,0,0,1,0
2.138732861622896,3,159,187,80,8,0,185
2.1388038587087372,2,18,56,4,0,3,49
2.1388487039178075,3,4,13,58,2,0,14
2.1388744359695773,12,81,125,133,11,10,67
2.1389013346814125,3,1,13,23,1,1,3
2.1389420550053804,8,228,350,94,21,6,180
2.138967308775353,3,184,17,68,10,5,203
2.1391875815730708,0,0,1,0,2,0,0
2.1391982126329454,0,9,8,2,0,4,25
2.1392130745578077,12,61,57,21,1,2,68
2.1392885728368984,0,6,1,1,1,0,0
2.139356709314994,2,9,40,22,6,2,16
2.1393633072089204,0,0,0,0,0,0,0
2.1393747592289167,0,0,0,0,0,0,0
2.1394364894041074,14,210,168,325,22,10,130
2.139616286723462,0,0,0,0,0,0,0
2.139680582513064,48,1214,419,240,23,20,505
2.1396809675118837,6,234,253,44,8,4,206
2.1397189535496324,13,65,95,70,9,12,104
2.139756911414794,0,1,0,0,0,1,0
2.139760035715486,0,0,0,0,0,1,0
2.139922443654804,2,15,16,10,0,0,42
2.1399483897863205,1,0,0,0,0,0,0
2.139955479604971,12,188,275,158,12,7,201
2.1399727436151315,6,67,66,39,9,1,67
2.1400463929770703,6,34,11,22,6,3,22
2.140098143578573,1,7,15,13,2,2,9
2.1401186420113176,13,110,157,15,10,3,225
2.1401764554419875,11,99,42,23,3,0,54
2.1402256835706024,14,172,261,145,16,11,162
2.1403573117098467,0,0,0,0,0,0,0
2.140417533233146,1,15,28,6,0,1,1
2.1405131043612062,5,4,22,13,3,1,8
2.140595187417172,0,7,7,0,1,0,20
2.1406578801719736,30,450,402,235,23,15,107
2.1407330837106424,21,325,301,207,24,12,331
2.1408101783624085,5,30,13,47,3,1,29
2.1408386740832204,1,24,3,6,3,0,0
2.140893879076505,2,4,18,18,1,2,30
2.141066328392558,3,25,20,7,4,2,24
2.1410770269233854,9,177,218,204,20,14,169
2.141099670246956,24,144,109,68,10,8,118
2.141241968888846,2,5,24,13,4,1,20
2.141367069767938,4,10,18,7,1,2,12
2.1413711389934247,6,62,63,21,2,1,13
2.1414101021358944,8,35,21,42,9,2,69
2.1414235889084683,1,28,0,2,0,0,1
2.141476540541276,3,0,0,1,2,0,0
2.141500126040072,1,0,0,0,1,0,9
2.141554800813639,1,0,1,0,0,0,0
2.1415885405948463,10,89,81,33,7,2,51
2.1416653865107045,0,4,6,2,2,2,14
2.141666970978443,2,41,72,7,5,3,16
2.1416721901416595,12,34,26,39,7,0,14
2.1416786189632684,51,491,852,331,49,33,1050
2.1416964402631713,1,2,21,12,3,2,1
2.141732257395702,13,73,57,66,4,3,54
2.141774307797189,18,593,1455,269,39,8,594
2.1418626051322702,1,22,27,3,2,2,16
2.1420885806834,0,0,0,2,1,0,0
2.142121443831495,20,320,228,237,26,19,358
2.1421388355268864,1,35,61,8,6,1,70
2.142159138995063,1,7,9,3,2,0,15
2.142172662256358,0,0,0,33,0,3,32
2.142374580080904,10,80,58,59,14,2,41
2.142608589849956,13,66,104,45,2,2,19
2.142703603062098,1,14,47,27,2,1,3
2.1429068253855266,2,21,39,9,2,2,29
2.1430885377276394,36,408,353,350,28,24,450
2.1431484232045577,0,11,79,37,0,1,4
2.143196111744056,0,0,0,0,0,0,0
2.143252737031478,4,29,49,1,0,2,20
2.1432683445661485,6,47,118,51,10,5,184
2.143297299411754,119,2196,1755,870,78,44,1831
2.1433309187443483,11,41,18,40,2,3,24
2.1434152197479572,0,0,0,0,0,1,0
2.1434193741017116,3,4,2,3,3,1,6
2.1434213023583584,1,8,23,3,0,1,6
2.1435302935312204,0,2,2,6,1,2,5
2.1438001806247575,0,10,6,8,1,0,0
2.1438440264572725,10,77,127,35,11,7,163
2.1439128443861235,10,29,47,44,13,5,114
2.1439165362693373,3,34,67,47,5,3,91
2.144103788382431,3,7,42,0,3,0,38
2.1441309726197226,1,1,1,0,0,1,2
2.1441328060021094,9,92,96,40,11,6,92
2.144190172887848,0,0,24,0,1,1,0
2.1442243961644842,13,130,30,22,4,3,21
2.144248164631137,1,4,5,3,0,0,0
2.144614483343766,17,214,454,131,21,6,265
2.1446844938924854,0,5,20,2,2,2,0
2.144727100592219,0,0,0,0,0,0,0
2.1447649355764624,3,16,94,33,2,2,54
2.1448463592706726,23,190,262,90,20,6,340
2.144907886158198,5,80,49,9,0,1,40
2.145090268590516,8,29,67,63,7,8,37
2.145161721860142,5,41,52,4,3,2,48
2.145332421733013,3,26,61,74,3,1,19
2.1454406076421577,14,66,132,23,7,1,189
2.1454875718965316,2,37,16,6,5,1,22
2.14554276235453,1,0,28,12,0,1,0
2.145552741198451,12,168,224,165,21,13,400
2.1455643876685215,3,14,11,4,2,3,16
2.145579252198848,0,3,10,2,1,0,0
2.145702883008104,3,15,12,4,1,0,15
2.1457105953286435,24,154,183,135,29,5,239
2.1457547589275556,13,77,80,18,10,5,64
2.1457927968217168,5,25,21,11,0,0,15
2.1458460052232513,4,30,45,35,2,3,31
2.1459126108448334,3,24,7,7,1,0,4
2.1460604617965577,1,14,0,4,2,0,1
2.146062102852913,1,4,11,1,1,0,9
2.1461478614126306,2,31,0,53,3,2,1
2.1461599064772763,1,0,0,1,0,0,0
2.1461827116570817,7,21,9,0,0,1,0
2.146202604157018,2,88,41,23,6,6,56
2.146230692960473,2,84,53,43,3,9,116
2.146399695888206,22,197,151,90,13,4,125
2.1464444880235805,2,22,20,10,6,6,53
2.146570799444525,6,52,96,44,9,4,47
2.1466497300948695,0,12,0,1,0,0,15
2.1468761847462914,3,1,39,6,1,0,5
2.1469300322365488,29,398,321,80,27,9,342
2.1469318368391126,5,66,94,80,11,2,87
2.147016831706228,0,13,4,6,1,0,0
2.1470257015320677,0,16,21,16,3,1,14
2.147086740718858,2,9,24,19,3,0,68
2.1470934265241257,16,203,211,74,12,5,242
2.1471031095280146,16,174,132,168,15,9,139
2.1471322728795283,5,11,0,0,1,0,0
2.1471946998962546,5,66,24,2,3,0,47
2.1472126352850265,16,235,139,233,30,10,289
2.147235631933088,2,34,11,39,0,0,16
2.147248564167618,0,0,23,0,1,0,0
2.147303837034668,58,568,692,224,52,21,621
2.1473106293610544,0,1,2,0,1,1,0
2.1473683691263075,2,15,27,39,3,3,26
2.1475184137861874,16,151,53,41,8,5,41
2.1479710020937754,5,33,80,7,5,2,21
2.148046745782188,7,25,33,26,3,0,15
2.148091946362391,1,17,9,22,0,0,8
2.1482019401431867,2,9,22,3,3,0,5
2.148231096538651,6,16,35,12,5,1,34
2.148316610895085,9,239,140,134,16,12,309
2.1483739355650564,1,0,0,0,0,1,34
2.148466464415928,3,12,13,41,1,0,27
2.1484681414469278,2,29,25,41,7,1,45
2.1485011946910237,27,330,436,321,38,18,431
2.1486134651426005,0,1,0,14,2,1,2
2.148652157886445,5,8,12,16,1,1,19
2.148751090483088,1,7,40,23,3,1,25
2.148792894914534,4,16,40,47,5,3,41
2.148983450067942,4,20,35,9,2,2,61
2.148984723924153,8,28,14,15,1,2,27
2.149005869132584,3,0,0,0,0,0,0
2.1490569000818946,0,7,14,31,2,3,29
2.1490643695067333,7,11,7,14,1,1,12
2.1491259231057995,3,6,18,12,3,0,10
2.149126806493657,0,1,0,2,2,0,2
2.149158167018824,6,15,44,20,7,2,22
2.1491747798930874,13,135,4,60,4,1,55
2.1492205951689147,0,49,27,30,6,4,44
2.149221635691635,0,4,15,15,1,0,61
2.149340902858875,2,4,8,0,0,1,7
2.1494019551386803,19,564,720,286,43,32,555
2.1494693349496665,0,6,0,0,2,0,0
2.1494885985541536,8,40,35,28,2,1,15
2.149490840445627,2,27,1,72,3,0,36
2.1495641813305277,3,5,25,18,3,1,23
2.1497967679826404,4,7,21,6,2,1,8
2.1498758856330116,2,11,21,20,1,2,18
2.149883868124571,0,2,7,0,2,1,12
2.149932060252224,8,50,6,3,0,1,82
2.1499470038833945,24,286,235,67,19,9,209
2.1499908591908183,40,332,556,183,22,23,411
2.150072348513289,1,6,2,0,2,0,0
2.1501011781809614,8,87,166,69,13,9,123
2.1501132029102403,11,85,78,24,8,2,86
2.1501597957787464,23,562,1207,159,31,12,484
2.150315297481234,0,0,1,0,1,0,0
2.150381778651441,0,0,1,0,2,0,2
2.1504690556107784,83,596,1338,517,52,28,726
2.1504779983136424,16,136,106,39,8,4,100
2.1505403196062924,1,2,1,10,0,1,13
2.150593661041748,10,114,172,61,11,5,80
2.15066011991368,5,11,20,6,3,2,39
2.1506750200604436,6,27,98,100,10,5,131
2.150788266832984,6,106,57,0,9,2,125
2.150795172610982,5,9,23,2,4,1,8
2.1507952159337203,5,93,91,27,6,3,112
2.1508006804264905,2,66,89,37,7,2,88
2.1508060988222275,15,147,89,29,8,3,91
2.150832276916327,2,12,6,16,1,0,9
2.150842129745045,2,23,35,2,1,1,7
2.151140615335056,2,56,38,46,3,3,2
2.1511480537761467,4,33,0,0,1,1,6
2.1512182483774787,23,450,1020,469,58,23,1147
2.15130034986047,3,7,9,26,4,1,15
2.1513391843600087,0,0,0,0,0,0,0
2.1513527963045598,2,14,28,0,3,0,4
2.1513623553840744,12,274,115,23,15,9,203
2.15136336824411,3,44,51,11,4,4,73
2.1513841710602457,55,631,586,179,52,16,436
2.1515010796974896,5,117,132,133,10,6,127
2.1515041529761523,4,29,0,3,0,0,7
2.151522630502004,2,0,32,8,2,0,13
2.151580660805294,0,11,0,0,2,0,10
2.1519354588907604,4,20,5,6,3,1,22
2.151946847959496,2,5,6,16,2,1,22
2.1519516612110894,1,0,0,0,0,0,0
2.1519817398048033,1,36,15,16,1,1,4
2.1520092717563344,16,291,53,109,11,5,131
2.1520201097098752,0,20,0,0,0,0,8
2.1520224880682206,3,14,7,9,2,2,15
2.1520807895706766,4,7,11,8,0,0,14
2.1521181940122447,0,0,1,2,0,2,5
2.1521678569975027,1,3,0,1,0,0,16
2.152173847622967,5,48,64,67,7,0,60
2.1522321247388176,11,73,41,19,7,1,61
2.1523315864726436,16,62,182,66,6,5,126
2.1523621869892033,1,15,10,10,2,0,12
2.152365358170402,4,7,2,36,1,0,19
2.15244246524277,2,0,0,0,0,0,0
2.1524914684493894,0,0,0,3,0,0,1
2.1525473453267017,4,10,9,1,2,0,3
2.152589479299145,3,41,8,3,0,1,30
2.152691867823847,5,70,70,62,10,8,104
2.152702348974223,3,8,3,33,3,0,33
2.152715861638668,1,0,13,24,0,0,8
2.1527364310093398,3,24,28,42,6,4,94
2.152783574604047,1,1,6,0,0,0,4
2.152839879956949,3,11,24,19,3,7,100
2.1528514067980282,4,18,37,13,0,1,30
2.153021325909688,4,35,13,15,5,3,33
2.1530484247591306,2,0,0,0,1,2,3
2.1530903524194955,17,72,338,297,19,13,513
2.1531200482189288,0,0,0,0,0,0,8
2.1531503215518533,35,298,154,123,7,11,179
2.1533161118129134,11,71,107,22,5,1,15
2.1536467991082957,1,1,6,0,1,0,28
2.1537223235882768,2,25,3,47,3,3,21
2.153810171722708,5,32,38,18,1,2,114
2.1538252144006838,3,22,35,10,3,3,18
2.1540132612011367,0,3,0,0,0,1,0
2.154064931008635,3,26,2,19,2,1,16
2.15418310098951,57,365,206,167,22,10,69
2.1542420159426015,0,0,1,3,1,0,3
2.154284821125098,5,41,115,56,10,2,99
2.154371538412759,3,18,28,3,3,1,28
2.1544606867249296,2,70,84,42,6,5,140
2.1545625706219522,2,12,4,40,1,1,21
2.154720954730325,2,15,18,48,2,6,38
2.1547421810468714,1,1,14,5,3,0,7
2.1547486816822863,2,19,8,13,2,0,27
2.1547543373265814,6,41,37,2,2,4,89
2.1548552135568597,11,193,90,40,6,7,65
2.1548584489298874,0,6,11,0,0,0,1
2.1548679896281153,4,61,52,27,5,6,70
2.15492815579811,3,16,8,6,1,0,11
2.15494194277863,1,2,0,0,0,0,0
2.1549977329491328,0,1,3,9,0,0,0
2.155084040358045,15,210,437,161,12,12,421
2.155175944512734,6,41,42,0,5,2,53
2.155223275282258,55,471,216,96,21,17,272
2.15527752634684,2,18,16,14,4,2,26
2.155318928587909,18,181,90,48,9,9,210
2.155596719361919,3,0,1,1,0,0,3
2.1556914827656906,2,24,59,19,2,1,22
2.1557680516343933,12,49,94,88,9,8,63
2.1557699365266267,13,116,152,150,15,7,128
2.1557900057865824,4,30,8,20,3,0,22
2.1558463189909727,0,9,81,21,1,2,55
2.1559261603160844,8,51,48,21,6,1,76
2.155997861140814,0,12,11,21,2,1,45
2.1561069067406478,4,15,51,37,1,2,7
2.1564139692921875,7,6,27,8,3,0,16
2.1569017465122458,42,885,74,460,4,10,65
2.1569495445937634,0,5,0,2,3,1,3
2.1569518500906044,5,6,77,15,2,0,10
2.1570019453084464,1,0,0,0,0,1,8
2.1570101891033535,59,285,264,352,32,16,293
2.1570548825209106,1,30,50,12,2,3,66
2.15714824734847,0,5,1,31,1,0,16
2.1571950531147936,1,36,48,21,1,1,53
2.157445674944709,3,10,30,7,4,1,76
2.157748472890818,5,13,11,9,3,1,13
2.1577709253732666,39,393,303,175,26,17,299
2.157800666609915,10,33,26,18,4,0,51
2.157809025001795,2,34,30,11,2,2,30
2.157919667957784,14,230,164,75,7,9,313
2.1580362972240774,9,53,61,36,6,3,63
2.1580396087297027,20,83,112,110,12,13,115
2.158088908205508,6,54,47,95,11,6,94
2.1581168618507793,12,172,216,101,12,4,135
2.158201024054968,1,5,3,0,1,0,12
2.1582412498620975,2,24,65,20,0,1,18
2.1583286951883274,15,142,160,40,10,8,82
2.158413862115124,0,1,19,26,0,1,77
2.158419424325085,20,184,133,58,12,6,96
2.158492652100113,0,0,1,0,1,0,0
2.158538208183036,4,22,37,6,3,1,19
2.1585536394296745,0,0,0,0,1,0,0
2.1586772656717517,56,784,724,291,71,35,834
2.1588448436880427,20,125,363,144,23,9,373
2.1591898232432802,1,35,19,5,0,0,33
2.1592556773274425,3,65,43,14,3,3,41
2.159285484718854,5,15,22,55,6,1,72
2.1592953615599164,3,30,21,20,4,1,23
2.1592996703407787,5,48,0,11,2,0,39
2.1594167831203754,10,197,64,51,12,4,112
2.1594292470867105,4,33,25,22,6,2,46
2.15958943975808,34,364,686,413,49,13,797
2.159712991931406,5,13,17,6,2,0,1
2.159782816394189,54,692,924,528,73,35,1198
2.159819950345302,7,50,124,9,8,6,274
2.1598786680340383,3,6,3,12,1,2,21
2.1599909230011383,11,63,86,52,7,7,158
2.1601055978779757,15,253,286,231,18,17,176
2.160181250359874,21,167,40,90,3,6,42
2.1602539715312474,1,10,11,3,1,0,13
2.1602722068686613,0,0,14,0,0,0,0
2.1603547402247703,4,57,82,2,4,2,10
2.160466709640334,7,106,54,7,7,4,100
2.1605403718011047,3,28,29,21,3,3,57
2.160593638913553,16,63,65,19,7,7,33
2.160626661234605,12,63,71,140,14,9,181
2.1606744062001195,30,377,132,114,14,12,134
2.160725136453492,1,3,2,5,1,1,4
2.160796824669284,1,10,10,0,1,0,0
2.160831926054994,1,2,45,3,2,2,2
2.1608533398925363,5,88,113,123,10,2,69
2.160972014055616,1,0,6,0,0,0,0
2.161000425713732,4,22,62,100,5,0,19
2.161085441261975,0,0,0,0,0,0,0
2.1610942319530877,3,24,40,0,5,0,83
2.1611410573908763,0,3,0,6,2,0,1
2.1611688996204763,36,366,239,147,27,11,459
2.16121686473825,0,1,0,0,0,0,0
2.161221264250743,5,12,15,11,2,2,7
2.161233312688851,1,5,4,4,0,0,4
2.1612727051091727,93,1710,1007,793,72,38,1223
2.161287570478725,1,0,0,0,0,0,0
2.161407000340236,5,4,10,18,0,0,16
2.161495814921381,11,52,46,45,10,1,78
2.16159693962723,0,0,0,0,0,0,5
2.1617042681272687,3,28,22,8,5,2,44
2.1617571653854633,8,57,116,85,10,6,108
2.161774245464767,7,67,105,20,5,3,70
2.161825421599653,15,124,58,58,9,8,64
2.1618353465054723,4,41,5,22,1,0,11
2.1618739493895256,3,9,32,3,3,0,47
2.1619458614756555,0,0,3,0,1,0,0
2.1619474368886644,4,29,79,32,8,1,99
2.1619853591199143,10,74,36,9,6,3,30
2.1620148373234462,1,12,17,12,2,1,6
2.162124964711117,23,323,200,26,12,6,150
2.1621289642116492,1,0,0,0,0,0,3
2.162129627134673,4,28,21,24,6,1,49
2.162183968435646,2,49,63,10,4,2,44
2.1622773256808925,3,50,58,58,3,7,83
2.162325344182139,6,24,2,13,0,1,3
2.1623875014222462,3,29,31,12,3,2,57
2.162415798854765,3,7,35,21,3,2,21
2.1625046307329074,29,399,175,161,20,8,159
2.1625132220742893,59,588,829,252,67,32,841
2.162530713658538,1,9,3,12,1,0,18
2.1625381788611886,3,38,31,15,6,0,53
2.16259755437662,2,75,61,40,2,3,78
2.1626669433394916,7,16,24,67,8,1,48
2.162669016821749,0,0,0,0,0,0,0
2.162844023199606,0,0,0,0,1,0,0
2.1629343057526427,8,131,97,27,8,5,50
2.1630119241087207,3,45,105,23,5,1,56
2.163014516215722,0,1,0,0,1,0,0
2.163056272631091,12,35,84,54,8,0,134
2.1631227127893102,2,0,0,0,0,0,0
2.1632386263887713,84,1278,711,340,46,28,965
2.1633082070625074,2,15,10,15,0,0,2
2.1633744566852218,8,60,1,2,2,2,5
2.1634132244252258,1,0,3,0,1,0,7
2.1634998257647,3,91,58,24,4,2,89
2.163509593196441,5,65,57,14,2,2,21
2.163617189408749,5,22,10,6,1,1,8
2.163624392364902,39,582,165,112,19,15,345
2.163658140207874,10,87,79,18,4,2,71
2.1636919734804634,12,137,69,79,7,2,65
2.1637030797839993,0,0,0,0,0,0,0
2.163920754085743,12,34,73,29,10,0,55
2.1639245912309604,2,1,0,0,0,1,9
2.1639554169281148,0,13,2,0,1,3,10
2.164065236202458,0,6,19,9,3,1,10
2.16408471308324,0,0,0,0,1,0,0
2.164096050971299,0,0,0,0,0,0,0
2.1642386191239993,2,66,93,159,3,4,129
2.164252768441651,0,19,9,0,3,1,8
2.164274278768583,0,0,12,4,0,1,32
2.1642929227556884,17,238,136,60,11,8,188
2.164330551849044,1,0,2,0,0,0,0
2.164418603559704,6,66,89,141,4,5,239
2.164563613606461,0,0,0,0,0,0,0
2.164618222069469,10,94,123,18,10,5,118
2.1646509445729554,5,110,360,104,28,6,336
2.1648085719268906,2,33,8,7,0,0,0
2.1648150424494372,9,65,96,48,15,4,51
2.1648690594817364,11,165,121,47,11,4,245
2.1648917695558287,13,65,32,45,3,4,12
2.1649000420889717,0,0,0,0,0,0,0
2.1649727787301676,41,391,233,233,24,16,362
2.1649951818932753,1,22,0,2,1,2,4
2.165010220837722,4,65,66,0,0,2,50
2.1651515157408987,6,54,136,46,6,4,95
2.165271209805785,10,202,56,64,3,6,80
2.1652883013606714,19,294,74,45,14,3,71
2.165447176497623,0,0,0,0,1,0,0
2.1654512616264645,101,871,1046,510,83,31,1217
2.1655883038967247,0,41,31,9,0,1,4
2.165667977267402,0,0,6,9,0,0,2
2.1656970887504325,4,12,14,2,3,1,20
2.165732858339762,5,123,122,54,13,4,98
2.1658668125273697,73,1418,370,250,29,16,454
2.165897508331559,1,38,53,2,4,5,14
2.1659491359542513,3,4,11,1,0,0,3
2.165993238559545,0,0,0,0,0,0,0
2.1659944147543992,0,8,50,7,0,3,60
2.1660517086186393,1,0,0,0,0,0,0
2.166065542091419,5,49,27,30,4,0,62
2.166121453282726,7,32,32,18,4,0,23
2.1661604627925,9,33,13,44,3,0,89
2.1662678454425426,11,67,0,1,0,0,0
2.166289452764494,7,88,36,36,2,1,118
2.1662895654296537,29,236,253,153,18,19,172
2.1663179923319205,5,49,6,7,6,1,33
2.1663594714871364,0,11,17,16,2,1,12
2.1665910653254103,1,15,32,19,1,1,15
2.1667016280606117,5,14,12,2,0,0,0
2.16670942196081,10,72,88,41,11,3,112
2.1667372006453145,0,1,0,21,0,0,0
2.1667384927399693,5,95,0,10,6,0,19
2.1669180091074005,1,14,11,0,3,0,3
2.1669457928094906,10,113,329,24,25,7,285
2.1669778478695854,1,1,7,7,0,0,1
2.167137952918441,1,3,56,0,0,0,0
2.167141625521301,1,3,22,3,3,0,6
2.1673690089366975,4,61,22,92,8,3,94
2.1674997711270567,3,17,24,5,1,4,25
2.167509668480595,0,0,0,9,0,0,0
2.1675545532036136,14,111,135,97,11,8,185
2.167599720019409,6,51,26,1,2,3,31
2.167668201132308,30,277,313,208,26,16,322
2.1676828184858703,1,13,32,25,2,1,18
2.16788553493156,4,58,28,4,3,2,21
2.167977571689546,21,209,156,102,16,8,266
2.1680065464561333,2,12,6,12,2,0,15
2.1680315137591246,5,58,131,94,9,9,49
2.168054147306709,0,0,0,0,0,0,0
2.168103169752988,5,8,2,1,1,0,21
2.1681245538822447,1,50,32,45,3,3,13
2.1681394847624915,5,43,230,212,23,11,190
2.1681451789461077,4,40,106,52,6,1,83
2.1681498293165644,3,52,6,16,2,2,69
2.168218260339533,22,205,150,188,20,14,309
2.1682297416282283,24,283,292,235,28,16,297
2.168254112500833,13,168,165,33,10,10,243
2.1683124396664946,2,37,27,9,4,0,82
2.1684326582968065,18,244,166,50,20,12,219
2.168569052933787,14,133,226,187,16,10,117
2.1685716786941662,2,20,2,18,1,2,8
2.168571826272703,5,14,35,35,5,3,55
2.168574179620703,0,0,0,0,0,1,0
2.1685972731480603,3,75,9,39,5,4,74
2.168677351787939,6,21,29,7,3,1,28
2.168705640887146,1,21,11,1,3,0,20
2.168775050492902,32,310,360,185,34,21,322
2.1687869223608423,4,48,79,56,9,2,44
2.168815436584087,6,15,28,8,4,0,40
2.16886885908154,1,2,1,0,0,0,0
2.1688921132791714,3,23,15,13,2,1,10
2.1689287604075926,0,0,0,0,1,0,0
2.169013686848595,3,5,34,2,0,0,3
2.1690882359611394,5,53,64,54,7,5,66
2.1691500150694543,6,31,41,34,2,3,2
2.169180714655634,1,0,1,12,0,1,4
2.169190920866477,4,19,9,1,4,0,17
2.1693277654408525,12,72,219,132,13,5,261
2.169354069763359,6,8,33,24,8,3,56
2.169361410588663,1,2,2,5,1,0,1
2.1693918662648284,0,8,0,0,0,2,4
2.16942821387831,0,0,0,0,0,0,0
2.169435547772435,2,42,134,29,6,1,68
2.169512281412222,1,12,0,9,1,3,27
2.1695138808645997,35,202,370,244,43,23,396
2.169525491158795,4,18,14,9,1,0,5
2.169562794159855,27,284,124,114,25,14,166
2.1696989314374773,1,13,0,11,2,0,10
2.169705645043801,10,13,17,35,7,3,6
2.169862657798224,1,27,24,40,5,0,62
2.1699507598359786,2,5,2,1,0,0,11
2.1701096871956795,4,18,11,16,2,3,20
2.1701164459954403,12,109,32,37,3,0,8
2.1701662593890774,3,60,77,88,8,1,83
2.1701768268751995,12,151,157,104,13,6,129
2.1702129674935198,2,11,4,0,1,0,13
2.1702690762183945,3,35,42,21,9,6,52
2.1702835570026555,7,32,12,21,4,3,32
2.1703033994060057,2,5,0,0,0,0,0
2.1703261463376595,5,72,0,47,2,0,0
2.1703854951152795,5,85,105,62,7,7,183
2.1704385064249165,15,99,136,227,12,10,79
2.170858170354973,41,307,556,462,53,22,562
2.1710269075055915,2,47,48,21,2,3,79
2.171029275575875,0,2,1,0,1,1,4
2.171216067891957,149,1298,678,268,69,48,790
2.171242568327049,7,27,24,12,3,2,46
2.171339390399291,29,227,239,166,28,17,424
2.171386805597599,1,0,0,4,0,0,0
2.1714068243858295,6,57,24,35,4,2,102
2.171497895802697,3,18,11,18,1,2,10
2.171673324585647,0,0,0,0,0,0,0
2.1717469930832816,4,14,21,16,2,1,36
2.17183612720351,13,77,80,28,8,1,63
2.1718572381651073,14,180,148,67,6,5,168
2.17188332013103,7,82,61,9,4,4,87
2.171902696257125,3,14,12,3,3,2,0
2.1719113832389434,1,0,0,0,0,0,0
2.171929285563554,1,0,0,0,0,0,0
2.172074015538134,11,179,26,57,2,8,109
2.172177292533108,3,12,1,0,1,0,6
2.1723012344920685,0,7,11,1,1,0,2
2.1723101956476603,0,0,0,0,0,0,0
2.172415013028728,8,72,147,33,3,3,62
2.172483633881667,42,327,460,169,42,10,359
2.1725110099506497,65,581,203,264,16,11,206
2.1725122019696532,14,105,61,37,10,6,162
2.1725122978066858,2,43,25,14,4,1,71
2.1727035977549853,0,5,0,2,0,0,2
2.1727652239741397,10,173,172,40,21,8,291
2.1727728744417,0,0,0,4,0,0,0
2.1731239068424917,9,68,84,40,9,4,139
2.173316325441878,86,1417,1235,760,43,61,959
2.1733302135103876,29,356,223,110,5,14,248
2.173332977179487,10,108,179,70,14,5,111
2.1734719798707354,19,198,342,146,38,20,172
2.1735716251593415,7,59,106,46,9,3,67
2.173628350983374,2,20,6,7,2,1,23
2.1737791085274494,0,0,1,8,1,0,0
2.1738228033445766,49,581,447,424,48,21,377
2.173933327414905,1,0,3,0,1,0,0
2.1740024088044443,5,45,63,63,10,4,117
2.1741939930173095,8,101,50,43,9,5,67
2.1742087060590123,9,106,60,49,9,3,74
2.1742312626371625,3,18,16,21,1,1,42
2.1742855865991904,6,54,74,41,9,3,79
2.1743128488838526,10,22,16,24,5,4,42
2.1743286133657738,0,0,0,3,0,0,0
2.174335055585492,5,91,86,69,19,6,150
2.1744225091581377,7,49,52,45,5,3,20
2.1744842375976057,2,153,168,29,10,7,48
2.1746109881134776,10,76,19,40,1,5,17
2.1746223032878462,4,11,120,29,2,1,10
2.1746887725442683,4,13,51,59,5,2,41
2.174795645207148,1,4,31,3,1,1,21
2.1748635890330412,8,54,129,21,8,4,88
2.1748901682767885,2,15,6,7,0,0,3
2.1750613350877432,3,26,42,14,2,2,68
2.1750690787564197,13,61,56,29,9,2,99
2.1754534023800773,3,16,39,8,2,0,21
2.175504810585653,24,740,1385,987,52,21,1210
2.1755103514861798,0,0,1,0,0,0,5
2.1755374234726066,2,18,11,4,1,0,14
2.1755595723838437,0,10,6,1,2,1,39
2.175644344345551,6,105,79,2,7,3,8
2.1756850578376,8,114,122,67,8,4,54
2.175698020336105,3,16,6,3,3,2,13
2.1758071575322497,10,21,22,26,4,1,40
2.1758732829856107,4,21,14,0,3,0,69
2.1758968137388472,14,45,58,76,8,1,46
2.1759057918090106,0,6,17,5,0,0,5
2.175947403106459,1,16,123,6,4,3,54
2.175987017388146,1,11,25,45,1,3,26
2.176033675498629,21,95,82,133,15,9,188
2.1760663814334276,55,483,358,389,32,30,468
2.176168208640487,8,57,27,15,4,3,19
2.176186534231951,5,48,34,2,4,1,30
2.1762901712462805,2,21,24,45,3,5,60
2.176359791309682,0,0,13,0,0,1,0
2.176368182486453,6,13,9,15,2,1,8
2.176467686273641,6,4,2,58,4,3,92
2.1765301826682397,6,72,35,59,5,5,34
2.1765622111366807,29,181,17,22,2,1,20
2.1766335754408135,0,0,0,0,0,0,1
2.176815307250867,1,0,0,6,0,0,1
2.1768277492351547,37,428,181,237,16,15,166
2.1768312121133264,2,37,38,3,8,0,68
2.176847846320947,24,163,134,59,13,5,156
2.176959417026534,0,0,0,6,1,0,0
2.177009339278846,2,15,0,29,0,0,0
2.1770572792374505,119,1952,898,472,52,44,776
2.177068929569241,0,2,5,4,3,0,12
2.1771564177231792,13,136,35,54,2,4,98
2.1772056450429225,0,0,0,0,0,0,1
2.1772162958742114,3,43,12,0,4,1,23
2.177217915709274,3,4,9,33,2,1,15
2.1772506924254746,3,13,6,18,2,0,17
2.1772595272250945,10,23,18,20,3,0,26
2.1773225299600165,0,0,5,4,0,0,4
2.17737198339978,13,64,194,49,11,5,211
2.1773970094112003,0,0,0,0,0,0,0
2.1774553873073437,3,28,32,5,3,3,21
2.1774700899868558,11,78,261,138,15,5,44
2.1775563472828794,34,322,37,69,11,2,66
2.1777108624652053,0,0,1,0,3,0,0
2.177711028823185,9,41,31,0,5,2,10
2.1778558748290884,1,3,4,7,2,1,0
2.1779133041302945,1,0,0,4,0,1,0
2.177934304658053,0,2,14,4,3,0,7
2.1779942012288616,53,774,434,250,36,20,665
2.178083759723566,5,15,18,3,0,1,19
2.1781340103275775,20,162,158,99,13,6,239
2.1781467679519277,2,20,6,15,2,1,12
2.178165503863392,0,1,3,0,1,0,0
2.1782472970217874,3,29,8,17,4,2,35
2.1782994892477276,7,51,13,38,2,2,2
2.178301572691259,0,0,3,1,0,0,0
2.1783091756071293,11,170,136,23,13,3,121
2.1783950912797363,10,82,148,49,12,5,128
2.1784381551847263,55,671,438,241,38,15,434
2.178489939488325,25,226,111,42,8,10,127
2.178574705676186,4,0,21,17,5,1,108
2.1785991323876424,0,0,0,0,0,0,0
2.1788926828000386,11,273,124,54,11,6,77
2.1790013704697873,10,118,84,19,10,5,158
2.179012601820175,1,40,25,4,4,1,43
2.1791926559362382,2,0,0,0,0,0,0
2.1792502688361703,4,1,8,11,4,0,1
2.1793477473136673,1,31,27,9,2,0,20
2.1793904138521083,2,15,29,30,0,1,7
2.179407296696271,2,3,79,21,4,3,29
2.1794486402565973,8,71,91,1,7,0,30
2.1794634111128217,41,1142,141,8,6,3,141
2.179495515170345,41,298,278,127,24,8,252
2.1795046091567785,3,43,0,0,1,1,3
2.1795357533136177,2,0,9,9,2,0,13
2.1795751179154284,3,5,5,1,1,1,3
2.1795963209525024,1,13,15,13,2,0,2
2.1796901497563432,1,2,7,0,1,0,3
2.179774640696859,4,8,2,30,0,1,9
2.1797995563094186,0,7,5,2,2,2,25
2.1798287982164006,8,217,70,7,9,1,45
2.1800168642190325,3,6,4,2,1,1,1
2.180026242056375,5,64,188,85,20,4,189
2.1801035405234437,2,7,0,0,1,0,3
2.1801192621403604,58,561,449,170,34,14,534
2.180228680536718,0,0,0,6,0,1,0
2.1802788794906798,0,75,0,2,3,0,56
2.180297556682128,18,388,268,241,15,13,518
2.1805108626442964,1,1,0,13,0,1,0
2.1805232738186935,24,160,169,82,10,6,263
2.1805555912077828,1,14,7,2,1,1,1
2.1805684571712085,15,193,254,101,22,7,217
2.1807131864588194,0,0,9,0,0,1,0
2.1808864174495444,27,213,577,93,31,14,447
2.180991472699102,0,1,0,2,0,0,0
2.1810059771942436,21,272,6,36,1,5,20
2.1810385908340457,6,79,110,21,5,7,73
2.1811046679434267,0,8,7,4,1,1,14
2.18113881529857,20,133,152,75,15,9,154
2.1811864125573672,22,215,187,82,18,6,131
2.1811901450877835,0,9,16,20,3,1,3
2.1812850425443067,1,7,24,5,0,1,13
2.1813354976297488,28,246,214,194,26,20,227
2.181355766101776,0,0,0,0,0,0,0
2.1814075795336834,17,97,170,113,19,5,109
2.1815458188682686,3,45,46,18,3,2,84
2.1815950295399564,2,5,0,0,0,0,0
2.1816316273019742,47,776,1543,940,46,27,1442
2.181649465507062,0,0,2,0,1,0,0
2.181660607465463,8,59,128,8,4,5,5
2.1816666106983202,4,62,59,12,3,1,6
2.181714159580155,2,24,21,39,0,2,101
2.1818835575018682,0,13,3,0,0,2,8
2.1820814715239023,9,209,57,35,4,2,14
2.1821065813330343,37,282,242,212,19,14,138
2.1821583620819927,0,0,1,0,0,0,5
2.1822949519405546,4,9,2,6,1,1,12
2.182345649723299,12,570,304,102,11,19,156
2.1823851484969574,19,71,94,23,9,2,100
2.182396570751992,0,4,17,3,0,2,66
2.182547028825349,3,29,1,0,4,3,65
2.1826010685917883,3,35,14,9,3,0,18
2.1826186074637715,1,20,4,6,2,1,29
2.182676590249087,2,0,0,0,1,0,8
2.1828014021453264,4,17,8,0,3,2,6
2.1828376425916822,8,47,29,32,3,6,47
2.182908516451904,21,165,119,35,6,7,103
2.182950052025909,1,13,18,2,3,1,42
2.1830718610899433,2,2,39,0,0,0,25
2.1831307909048965,2,7,1,13,2,0,3
2.1833215508378276,2,20,12,18,1,2,17
2.183367069770341,41,521,443,180,43,18,536
2.1833859216806526,1,18,40,49,5,2,105
2.1833952228024565,0,13,0,4,0,2,11
2.183474677558651,1,0,4,0,1,1,2
2.183664771762627,1,0,2,0,0,0,0
2.183709469161079,0,0,0,0,0,1,0
2.183733413462011,0,13,6,42,0,0,5
2.1838742068780075,9,56,54,35,8,3,84
2.1840671315352242,22,270,367,171,41,19,856
2.184187736839308,0,2,0,0,1,0,0
2.184575747907621,3,54,61,52,7,5,100
2.184624971646371,3,12,0,2,1,1,8
2.184758896375478,4,1,8,0,1,0,17
2.1847691845417403,16,164,45,79,9,9,86
2.1847700223566644,0,0,0,0,0,1,0
2.1847789749730278,1,1,7,3,0,0,3
2.1848495294294774,4,3,26,39,4,2,32
2.184881628520883,0,0,0,0,0,0,0
2.184903095600505,6,98,173,90,10,7,130
2.1849123438021687,19,126,124,43,19,15,289
2.1849722875469815,8,60,36,53,4,8,81
2.185266500889422,17,143,96,68,5,5,67
2.185295773505193,7,23,79,80,5,4,65
2.1854537358613513,3,24,8,12,3,0,23
2.185485393909649,4,17,3,10,2,0,18
2.18549057354114,3,6,38,9,5,1,64
2.1855031298510954,10,80,253,244,34,18,235
2.1859222339685362,4,22,10,25,4,0,60
2.1859414700026427,29,177,145,65,14,3,207
2.1859974954430608,0,19,16,8,2,3,77
2.1862086149866675,3,28,28,4,4,1,16
2.1862554092423183,8,94,48,42,7,2,141
2.186260305795775,19,190,1,2,3,0,19
2.1863390143767756,32,194,245,278,22,15,203
2.1863537606770467,8,88,50,24,9,2,123
2.1864067990833784,2,16,1,9,3,1,17
2.1864685604900096,2,4,0,7,0,1,4
2.1864926230158654,0,3,6,1,0,1,0
2.1865124247651186,1,3,3,0,0,1,9
2.1865258444952955,0,19,6,10,4,1,19
2.1866052287600204,4,12,3,6,4,1,1
2.186631413720815,4,21,30,17,0,1,48
2.186670266526658,105,1713,1813,1291,132,55,1886
2.186684143588519,12,154,121,138,15,9,124
2.186791792688715,12,119,111,45,5,4,68
2.186876016587811,38,483,931,371,57,22,756
2.186916993167851,28,243,372,201,38,11,350
2.1870301752694568,5,10,33,42,3,2,13
2.1870630446099333,11,50,77,25,5,1,95
2.1870906646554,1,1,4,0,1,0,0
2.1871235618926637,0,6,8,4,5,1,7
2.1872530247917834,4,34,18,0,2,2,26
2.1873645872798178,0,1,0,0,0,0,0
2.1874354195230876,3,14,18,38,4,0,7
2.1877274444352293,5,28,115,35,8,2,81
2.187779905548743,5,30,17,35,1,2,45
2.187788048830961,13,64,78,119,14,11,279
2.1878913724194398,25,118,327,185,24,19,352
2.187900418363383,12,66,90,30,6,2,67
2.187927968780455,4,53,15,29,0,0,9
2.187950921048117,35,1201,185,15,5,5,12
2.18804649390158,11,77,128,19,8,7,59
2.1880785844101904,6,33,45,39,5,1,21
2.188194655259513,6,26,43,20,6,1,11
2.18820508708277,11,78,26,0,0,2,0
2.1883538185404654,0,0,0,0,0,0,1
2.188410310267445,0,26,13,6,3,1,0
2.1885111439325087,11,114,59,43,11,3,100
2.1885563928101806,1,0,0,0,0,0,0
2.1885659368334442,16,127,123,98,28,6,181
2.188610810645282,2,37,14,2,2,0,0
2.188690734759856,1,9,3,10,0,2,16
2.1887757087764177,4,48,25,21,6,0,43
2.1888824290445026,0,0,0,26,0,1,0
2.189015536863214,29,361,379,288,25,15,372
2.1890727870146005,5,80,6,4,1,1,1
2.189076290849827,15,157,224,119,18,8,203
2.1890899748833426,0,9,1,0,1,0,0
2.189326675357803,2,11,0,0,0,0,4
2.189337490275186,4,9,10,12,2,0,5
2.1893539343577078,2,8,2,0,3,1,0
2.189377285474245,1,0,3,0,1,1,4
2.189406255917277,6,60,75,99,7,8,76
2.1894568824561285,108,1282,1621,1140,93,69,1744
2.189469639569885,7,68,58,19,5,6,26
2.189475564606155,87,638,518,195,23,24,338
2.1895047237582395,10,68,117,88,11,8,144
2.189557782008817,5,86,120,77,12,11,148
2.1895742176340764,0,0,0,0,1,0,6
2.1897843735198386,0,0,0,2,0,1,4
2.1898285053750848,66,463,551,384,35,26,524
2.1898484437377954,0,5,6,13,1,0,6
2.1898635058559317,9,73,33,28,4,3,30
2.1899718544440394,1,5,1,3,1,1,1
2.1899854804400123,7,34,35,16,2,1,37
2.1900077329787253,3,29,37,4,6,6,22
2.1900133376933373,1,11,10,3,1,0,5
2.1900572007173693,34,268,262,228,34,14,308
2.1900693228665786,5,15,29,28,5,2,40
2.1900842018417546,1,23,1,14,3,0,4
2.190116501939925,10,82,104,162,12,5,118
2.190193651801531,3,51,38,27,2,1,50
2.190338149496671,2,2,8,9,1,2,8
2.1903607227461035,0,2,0,0,1,2,1
2.1903755412981316,7,19,26,26,3,2,4
2.1904627818884967,9,16,41,35,4,0,36
2.1906006450243694,5,9,5,0,1,6,28
2.190669869207582,7,29,9,12,0,3,10
2.1908347077938157,20,144,100,52,8,5,124
2.1909746617188857,1,0,0,0,2,0,2
2.1910546628323027,7,77,107,44,7,5,29
2.191173892562051,3,157,28,19,3,1,145
2.1911964211206953,5,95,59,87,5,6,43
2.1912214684970395,7,100,77,63,11,5,64
2.191238747685816,1,22,0,9,0,0,19
2.1912516302126432,4,14,149,30,10,1,45
2.1913389797306237,8,18,26,17,3,3,16
2.191372803455416,3,12,21,37,8,1,11
2.1914674668875618,1,19,23,33,3,0,29
2.1914803522691364,9,117,110,103,7,6,165
2.1914862484233675,5,45,8,0,1,1,8
2.191523613511693,4,21,0,0,0,0,63
2.191681614038405,20,166,201,54,10,8,147
2.191735455824537,1,47,18,20,2,1,22
2.191896387933156,8,42,82,34,5,1,50
2.1919135564155567,14,55,56,27,7,6,83
2.1921986505795754,1,12,1,0,0,0,7
2.1922040705866075,0,32,9,2,2,2,3
2.1922159374421164,6,78,214,56,11,4,123
2.19234917226522,8,43,102,34,21,4,159
2.1925759793065636,1,5,5,8,1,1,3
2.1926143782704806,6,37,67,59,5,0,21
2.192638880244681,1,10,111,10,1,1,85
2.1928611113160956,28,238,207,93,16,5,179
2.192912026832428,4,9,22,3,2,1,9
2.192914972120809,29,360,394,166,34,24,433
2.1930301255569993,3,2,3,8,0,0,4
2.1930823181072214,0,7,4,2,3,1,7
2.1930836964995737,6,26,15,69,1,2,36
2.1931746374606793,15,63,96,74,12,8,108
2.1935361563859126,0,21,8,3,1,0,4
2.193589317993136,14,181,90,102,8,7,168
2.1936982707631207,1,17,34,10,3,2,45
2.1937786567219026,2,54,52,27,3,4,11
2.193847364027314,0,0,0,0,0,0,0
2.1939168136523657,0,0,2,7,1,0,6
2.1939474566393944,65,831,200,165,21,15,215
2.19396331422399,0,38,12,40,4,2,2
2.1939882030167337,92,982,1330,809,106,64,1477
2.194149583932079,25,119,511,432,17,22,252
2.19437389695065,4,14,12,3,2,1,19
2.194400394831432,3,80,20,55,2,2,7
2.1944554059526897,3,11,17,12,3,1,36
2.194541789876779,2,27,1,14,0,2,0
2.1946620583357253,0,5,3,11,6,0,2
2.194841264772905,1,31,13,6,2,0,40
2.194907349691707,4,55,36,13,4,2,67
2.1950844218667087,2,8,3,7,2,1,0
2.195087646833967,3,54,1,23,2,1,0
2.1951147381330594,11,112,234,97,17,5,152
2.1951190395073548,2,17,45,13,3,1,66
2.19515257805412,7,45,86,24,6,2,73
2.195357828627019,11,99,79,68,10,3,69
2.1956056611202186,31,134,142,138,22,9,215
2.1956583404105645,1,0,1,0,0,0,4
2.195693621771199,2,2,10,13,1,0,28
2.1956945220534783,6,34,34,11,2,0,26
2.1957477066396445,2,21,9,22,0,1,28
2.1959615171996023,79,1549,1422,733,87,28,1747
2.196055251947944,29,191,162,59,14,12,190
2.196080747345047,61,657,546,560,38,36,588
2.1960826978509593,14,65,69,81,9,4,94
2.1961385782355975,0,11,4,17,3,0,3
2.1962141145963736,2,14,71,57,10,5,31
2.1962395518829836,8,3,6,11,0,4,44
2.196248177500233,2,5,17,4,5,1,9
2.196358583599269,0,0,14,0,0,1,13
2.1963916681864077,7,34,29,28,6,3,36
2.1964427379581095,4,35,5,2,1,1,23
2.1964756021685212,3,39,1,46,4,3,103
2.1964784042102283,1,0,0,0,0,0,0
2.196492635426725,0,0,0,0,0,0,0
2.196555810357241,5,109,106,18,9,1,110
2.196594251226413,3,42,25,10,2,1,64
2.196656257508778,3,39,67,35,9,6,79
2.1967468145691327,3,1,18,3,1,0,6
2.1969309155626617,11,74,78,12,4,6,45
2.1969547376769496,15,92,146,44,7,4,141
2.1969556192425093,15,157,195,44,17,5,134
2.1970041086791903,12,81,401,140,24,9,356
2.197029280214773,19,126,178,110,18,10,124
2.197030502734761,4,86,188,58,12,3,209
2.197104980984826,4,29,135,101,10,3,90
2.197121422953756,15,100,334,132,23,12,258
2.197407673634762,4,32,11,4,4,1,25
2.1974536819103374,7,57,72,21,4,3,76
2.197511234766115,2,11,15,2,3,0,1
2.1975475727794347,48,481,392,276,42,18,508
2.1977074597759776,0,18,4,4,0,0,3
2.1978150175051887,11,97,123,104,16,7,155
2.1978593305498326,102,1485,889,273,53,27,778
2.1978666694763116,12,51,80,36,5,7,73
2.1978833091728194,6,86,91,74,8,7,31
2.197894296317815,3,24,150,105,12,10,111
2.197902207204678,14,173,100,18,6,6,144
2.1979482476225947,0,6,17,9,0,2,20
2.1981518922570977,1,1,1,3,0,0,0
2.1982773768316535,16,123,80,75,11,5,67
2.19827947566307,18,117,114,40,11,3,99
2.19829064383669,7,32,36,114,7,7,84
2.198316029643779,3,19,40,15,1,1,17
2.198366713104594,11,97,77,14,9,4,89
2.198413063328023,6,37,22,24,6,5,74
2.1984388708625513,3,9,0,1,0,1,18
2.1984838001922706,28,221,138,99,15,8,134
2.1985392049029358,6,32,59,3,2,1,6
2.198574264618055,1,4,5,0,1,0,21
2.1986122270783,13,42,64,22,16,4,80
2.198649657209527,3,30,8,4,1,1,1
2.1986621011739835,0,7,24,16,1,0,1
2.198663908736728,17,321,261,125,23,9,234
2.1988053891304524,14,153,23,60,9,5,46
2.198858111045477,27,328,89,112,23,16,431
2.19899241169405,0,5,4,0,0,1,4
2.1990554186674216,12,119,94,98,10,9,161
2.199240292094149,0,4,32,20,4,3,4
2.19926138735449,4,42,34,25,5,2,27
2.199346892758869,0,0,6,1,0,1,3
2.1993840782347487,1,8,23,1,1,1,7
2.1994915979939593,6,13,13,21,2,5,42
2.199499591399972,0,0,0,0,0,0,0
2.1995957961376065,11,28,37,43,3,4,22
2.199608969847788,60,536,320,157,38,26,497
2.1997842947615713,0,2,12,4,2,1,23
2.1998448064757268,14,113,92,61,8,5,167
2.2000550540072084,3,9,21,5,3,1,46
2.200065330879548,4,51,11,38,3,7,45
2.2000755729899777,6,18,18,15,4,1,26
2.2002549143677625,17,178,160,100,19,9,246
2.2003156784818483,14,165,86,119,9,4,57
2.2004708263492923,5,55,125,14,4,3,88
2.200489173303096,5,11,7,1,0,0,4
2.2004897499403344,56,357,400,370,26,34,546
2.200630599154037,12,72,172,173,22,16,208
2.2007069594079782,0,1,4,2,3,0,0
2.2007778681648524,2,10,14,14,0,0,8
2.200787102051327,5,42,21,3,3,0,39
2.200931652362732,0,0,0,0,0,0,0
2.2010149077576138,0,6,4,37,3,3,25
2.2010584459248292,0,2,13,10,1,1,14
2.2010929395141536,5,38,28,52,4,6,57
2.2012277376787943,5,12,15,14,2,5,16
2.201315213737054,14,28,62,20,6,2,62
2.201367992387371,3,0,8,0,0,0,4
2.2014610111465442,4,44,23,9,3,1,17
2.2014952979843203,6,9,14,0,6,2,21
2.201622376470342,4,24,28,16,0,3,5
2.2016636769152895,3,20,8,16,1,0,32
2.2016859245407407,1,14,18,1,0,0,8
2.2017167560968436,4,60,0,0,0,0,0
2.201767551563861,30,805,1048,416,62,13,1149
2.2017905639433755,9,20,18,35,1,1,0
2.20185457371568,29,217,169,89,14,9,109
2.2018592322662576,20,166,64,34,7,5,87
2.2019860242362483,3,121,63,12,5,5,35
2.202042980068999,2,5,2,3,2,0,5
2.2020660157849594,12,47,52,22,8,3,48
2.202066918230217,3,30,48,17,3,1,26
2.2021149167569565,2,1,2,3,2,0,12
2.202134422133425,24,460,505,91,30,23,614
2.202137694659118,0,0,1,0,0,0,0
2.2021697337415613,8,15,31,6,2,1,26
2.202224521075146,3,16,13,0,1,1,13
2.2022643921613287,20,81,34,12,3,2,84
2.2022808502330355,8,12,82,41,12,2,61
2.202423741900808,8,53,53,16,8,2,71
2.2024319923140485,9,83,61,44,10,2,156
2.202522629540663,2,38,24,16,2,3,45
2.2025650816717786,52,363,638,315,65,32,543
2.202572259780857,12,131,423,53,18,9,361
2.2026646481032106,2,8,5,4,1,0,5
2.2027398292700147,0,0,0,0,1,0,0
2.202743254830583,8,69,55,60,11,5,63
2.2027979864280502,3,48,11,40,2,2,6
2.202818616763423,96,1075,1334,619,95,55,1241
2.2029503334116893,4,95,77,148,4,2,154
2.202975323882901,3,23,14,33,3,1,54
2.2029764665723044,3,7,41,27,3,2,55
2.202986964014159,22,298,95,89,21,6,153
2.2030071798125386,18,102,99,22,9,0,41
2.2030745456334784,18,106,182,149,16,6,217
2.2031928496010504,3,20,0,15,2,0,46
2.2033749597796337,1,0,0,1,0,0,1
2.203514498411189,9,22,62,14,6,3,71
2.203633919567959,0,63,66,40,10,5,65
2.203808998077541,3,16,20,5,5,2,29
2.203846922527685,2,0,0,25,0,0,9
2.2038534635914497,2,15,8,3,0,4,25
2.203893110403529,7,65,18,30,6,2,52
2.20392762246161,5,42,53,28,3,4,107
2.20408761938007,31,377,504,528,39,18,599
2.204207596294755,5,124,103,28,8,5,124
2.2042170645279207,8,8,13,48,4,3,25
2.2042559862336515,8,21,21,26,6,1,42
2.204378537682666,6,23,26,21,4,1,13
2.204396191906129,31,447,287,239,25,16,238
2.2044051736058767,3,9,3,3,1,0,2
2.204551463133687,1,0,0,0,0,0,0
2.204568397228797,0,0,0,0,0,0,0
2.2045983449556505,24,145,85,66,3,6,46
2.2048154199194134,6,14,60,71,3,3,66
2.2048515295195505,0,4,0,0,0,0,1
2.205349720067876,12,79,52,49,6,2,22
2.205392636521992,14,122,217,149,17,13,209
2.205424169109931,21,215,227,13,16,3,131
2.205462682573132,3,12,9,24,4,1,17
2.205763498805577,1,0,0,0,0,0,0
2.2058024732284314,1,0,11,0,0,0,0
2.205863765431077,5,49,26,11,3,2,48
2.2060054751100657,0,7,0,31,0,0,0
2.20601098841115,10,61,87,88,3,2,99
2.2060274572962526,3,12,1,26,2,3,16
2.206193939507653,2,14,24,19,1,3,17
2.2062022847088048,1,46,12,0,4,0,0
2.2063466240934027,5,36,52,51,4,3,40
2.2064496428562936,16,49,148,110,7,9,108
2.2064987506123,3,17,12,8,3,0,8
2.2065064585177696,11,54,13,18,3,1,27
2.206549340167379,0,0,0,0,1,0,0
2.206603919917476,3,30,24,21,5,3,46
2.2066223925350026,27,231,277,154,27,14,262
2.206632856941507,2,6,59,21,4,1,1
2.206639195391163,16,81,20,38,4,3,67
2.206753906774572,4,17,23,27,1,0,8
2.2067997294259665,0,0,0,0,0,0,0
2.206844999876486,2,46,37,5,10,1,89
2.2068770500978103,10,30,0,26,1,2,53
2.206922001854911,14,24,27,52,6,4,34
2.207043443025693,20,159,232,200,20,15,319
2.2071219637026815,2,0,0,13,0,2,15
2.2071317733070375,34,470,207,161,35,14,304
2.2071647272135646,16,80,197,127,11,7,275
2.207172667222489,8,25,22,13,2,3,40
2.207178895472068,4,7,69,8,5,0,22
2.20718383508264,18,140,213,46,15,6,231
2.207218270485393,4,18,15,36,7,2,29
2.207273394589091,7,68,57,4,6,1,68
2.2072750306894404,0,0,0,0,0,0,0
2.2073658015804294,0,6,7,2,0,0,12
2.207410096742291,8,15,16,24,3,3,23
2.207417615096588,7,16,21,0,1,0,21
2.2074264109710864,36,244,151,78,12,5,136
2.207475865169845,1,38,8,36,6,0,35
2.20750854932993,11,62,62,70,9,6,53
2.2075163613719337,8,60,66,40,3,3,37
2.2075687154429735,4,61,25,17,3,2,88
2.2077488223363373,3,8,6,10,2,1,5
2.2077984496289282,16,132,102,107,6,8,195
2.207825094774371,1,33,0,36,1,2,0
2.2079276508226466,5,42,34,18,3,1,67
2.207951641097855,0,4,28,11,2,2,0
2.2080195977559955,14,80,96,70,14,7,83
2.2081517425311294,4,21,12,21,6,0,131
2.208276710745944,1,18,15,16,1,0,11
2.208288935413207,5,58,38,39,4,4,48
2.2083191692695605,0,23,8,3,0,0,0
2.2084485510144867,11,46,116,38,12,3,68
2.208471477321334,1,7,13,3,2,0,21
2.208477372734643,9,49,19,28,7,2,23
2.2085004927778886,41,309,411,339,44,18,469
2.2085156386311304,2,11,8,0,2,3,4
2.2085752304891546,1,22,0,0,0,0,1
2.2085859544835276,9,105,110,56,15,8,148
2.208614972436177,179,1929,1272,490,134,67,1363
2.2086623355813266,7,36,53,43,5,3,40
2.2087334386800257,8,63,58,41,11,4,61
2.208797439186425,2,7,30,47,8,0,28
2.208812956822837,7,44,8,3,3,1,22
2.2088251300396244,0,12,7,49,1,2,10
2.2088596043843896,6,62,40,73,5,5,66
2.208931290254623,8,99,33,4,7,1,69
2.2089554501904582,11,73,102,36,6,5,99
2.209070074396448,0,0,0,0,1,0,0
2.2090730423183236,0,28,7,6,3,1,34
2.209094796648839,1,0,0,0,0,0,0
2.2091283413677276,8,132,183,45,17,3,250
2.2091646218026373,46,1923,1227,433,33,26,698
2.2092478853095474,4,10,1,0,4,0,5
2.209352506458191,6,19,9,8,1,2,14
2.209452931277025,0,0,0,0,1,0,0
2.2095332275790223,2,30,12,41,3,2,22
2.209715021627792,5,66,112,32,5,2,37
2.209797961710292,18,271,111,148,21,10,193
2.209812119648932,8,120,174,92,13,8,145
2.209826225779207,0,11,26,10,1,1,45
2.209844918981368,34,95,123,64,14,9,95
2.2100058180483306,0,0,0,0,0,0,0
2.2101196594857844,4,64,26,20,5,3,53
2.2101468015231256,0,3,0,2,1,0,3
2.2101582665210233,2,12,0,0,0,0,7
2.2102051496403843,5,85,78,11,5,6,38
2.2102282949163223,115,1015,1046,442,102,54,1222
2.210245272441721,34,272,340,260,38,13,441
2.2102664830374703,1,5,1,1,1,0,1
2.2102880913285263,5,24,36,62,8,3,31
2.2103806026002726,0,0,0,0,1,0,0
2.2103909516476987,7,74,203,38,9,2,102
2.2104202091354135,1,0,0,4,0,0,0
2.2104701273665257,0,0,0,0,0,0,30
2.2104798947185484,9,136,131,85,16,5,210
2.2104965129658685,1,0,0,6,0,0,2
2.2105303467907054,0,6,0,0,1,0,7
2.210588023295828,5,32,0,0,0,0,0
2.210765104425484,4,17,28,40,1,2,37
2.210770028904551,0,1,0,0,0,0,0
2.2107705331726977,2,5,24,1,0,1,0
2.2108253520625802,2,3,1,4,2,0,15
2.210868748713653,1,11,9,5,1,1,0
2.2108874138392363,2,49,63,20,3,4,55
2.210906755007683,2,4,51,50,3,1,31
2.210958453636833,101,989,1234,761,110,43,1867
2.2110398656916543,1,12,7,1,0,1,11
2.211041955889547,2,32,13,27,1,1,28
2.211376863941686,1,7,10,10,1,2,23
2.211468999903748,3,27,22,17,1,0,22
2.211470255780407,9,184,159,47,13,5,265
2.2115102149098607,2,0,1,3,1,0,9
2.21153979164776,3,0,14,0,1,0,0
2.2116022304936482,13,32,36,110,1,3,44
2.2117761702195433,54,433,660,380,41,15,447
2.2118122215628815,3,3,1,0,2,0,14
2.211832885597975,5,21,14,5,3,1,14
2.2119051438865713,0,4,33,30,0,3,9
2.2119322053031287,1,19,9,17,3,1,32
2.2119674371327362,23,157,160,58,16,12,210
2.2119694662244442,3,112,77,27,4,3,21
2.2119983139969235,38,406,199,124,27,17,254
2.2119988023348314,52,441,724,316,66,39,912
2.212001624607426,0,0,0,0,2,0,0
2.212017011027998,2,17,18,21,8,0,24
2.2121044144429973,1,0,1,2,0,0,0
2.2121201787245086,1,2,26,12,2,3,8
2.2122825852973484,0,0,0,0,1,0,0
2.212367766986046,5,21,127,29,15,3,179
2.212397709900663,3,5,11,7,0,0,12
2.212412796006916,4,37,23,16,7,5,76
2.2124177940405447,4,40,45,33,8,3,63
2.2124317932933413,8,28,21,23,4,3,24
2.212476978743332,5,33,61,30,5,1,69
2.212477370014943,13,108,69,21,7,7,168
2.2127800886079276,6,123,110,37,5,4,33
2.2129278403434904,1,3,0,5,1,0,0
2.212941465464528,2,43,29,5,2,2,2
2.213094088887701,4,13,22,3,3,3,14
2.213114289322972,2,22,36,44,1,3,6
2.213147978997881,8,69,95,86,12,6,56
2.2132050781584156,0,0,0,6,1,0,3
2.2132503503759575,10,149,184,139,16,8,129
2.213295654742736,5,18,0,20,1,1,0
2.213308745536681,13,115,83,166,11,1,107
2.213499506879041,3,4,34,79,8,2,87
2.213634028748566,16,68,45,48,6,3,41
2.213658901567626,0,0,0,0,0,0,0
2.213784262780135,6,162,57,104,2,5,56
2.2138568113941512,26,106,580,252,31,12,482
2.2141656024877494,3,90,85,92,16,10,296
2.2141927818318394,1,17,0,0,0,0,0
2.214260692502749,5,131,42,30,2,4,22
2.214326623214005,0,1,3,5,1,0,0
2.2143780269962017,1,5,7,8,0,2,7
2.214381687085512,1,9,3,0,1,0,11
2.2144358949916945,14,61,72,67,9,2,66
2.2144683797591984,15,56,50,26,5,7,22
2.214560390113311,1,1,0,1,0,0,2
2.214568696030463,5,42,72,94,13,2,111
2.2145742030144304,1,0,0,0,0,0,0
2.214577075448668,25,278,153,110,23,10,156
2.214839337749778,1,0,0,1,0,0,0
2.214849118417406,21,109,153,136,18,19,171
2.2148599127854065,8,49,47,11,7,2,60
2.2148607950102046,3,16,16,27,4,3,34
2.214984614709456,11,89,106,25,13,1,90
2.2151118348231806,0,3,0,7,3,0,4
2.2151659866132167,0,0,0,0,1,0,5
2.215178501016731,0,0,7,24,0,0,0
2.2152482968707603,2,8,5,0,1,1,12
2.2153538842500358,0,2,14,0,1,0,0
2.215371288506608,0,3,6,5,2,3,0
2.215470926543164,1,5,0,0,0,0,0
2.2155113823178323,0,0,0,0,1,0,0
2.2155156775949116,1,0,0,6,0,0,18
2.215569425787931,0,3,6,0,0,1,0
2.215656921901724,8,46,55,9,9,3,173
2.215671202318874,32,272,112,81,20,7,97
2.2156858046306898,1,14,13,22,2,1,3
2.2157280181765233,10,96,33,56,12,4,73
2.2157290486155787,9,46,51,61,4,4,24
2.2159073891477634,18,197,85,126,16,9,111
2.215934226778156,38,204,333,306,23,22,460
2.2159576825504823,7,60,66,46,6,8,25
2.216044548828787,0,0,0,2,0,0,0
2.2161436899483595,13,40,23,49,9,5,104
2.216213150640467,10,49,58,41,5,1,95
2.2163778004740924,1,8,18,3,2,1,29
2.2164075048728726,2,0,0,0,0,0,0
2.2164299211387,5,50,54,33,5,5,51
2.216579255467186,9,67,59,66,10,6,112
2.216800954456807,12,51,66,30,7,5,105
2.216820669854621,1,3,15,19,5,1,5
2.216904904003039,1,6,5,32,1,1,15
2.2169782529626927,8,14,14,9,9,1,59
2.216999848696643,2,31,31,3,1,0,31
2.2170048493404666,16,153,212,160,32,15,225
2.2170220976611628,7,48,82,64,5,2,142
2.2170314941654077,2,20,42,32,4,4,59
2.2171081245128184,8,78,88,27,10,1,10
2.217189000245499,2,5,0,0,0,0,0
2.217414043298572,1,19,17,10,2,0,0
2.2174283440145195,7,58,64,106,13,8,112
2.217439797727498,7,60,56,70,7,3,22
2.217450471683635,9,106,65,111,8,6,135
2.2179107269183405,0,2,0,3,1,0,0
2.21815006252072,12,126,86,95,10,4,124
2.2182094065316216,0,4,0,0,1,0,16
2.218393891864141,2,27,31,56,7,2,55
2.218465352253234,5,19,66,52,3,4,21
2.2184850096977837,80,856,696,260,92,29,860
2.218528595774975,2,3,27,6,0,2,14
2.2185690190286373,0,2,2,1,1,0,0
2.21865461994978,10,34,30,28,6,2,36
2.218656897077271,4,21,2,14,3,2,18
2.218731488777417,6,49,79,8,7,1,29
2.218784573389568,14,101,52,70,5,3,65
2.218819276840295,6,52,16,18,2,9,108
2.21883473025867,38,218,284,151,34,11,325
2.21883749975496,6,65,160,24,5,7,199
2.2188919519511954,13,112,72,46,8,5,123
2.218947004598505,3,10,5,5,3,0,6
2.21899355089097,2,70,114,20,3,0,50
2.2190690910890956,5,57,56,32,4,3,23
2.219335799775012,3,13,12,14,1,2,3
2.2193536318407983,10,40,79,46,14,6,141
2.2194671909925687,7,68,62,53,6,8,40
2.21948710436517,7,21,5,2,1,1,9
2.2195045380730742,97,1253,903,567,66,33,907
2.2195071794387022,0,2,4,0,0,1,0
2.219684656359284,8,70,112,38,16,6,154
2.2197908758058214,4,28,62,34,4,2,45
2.219796406696145,3,3,29,11,4,3,46
2.219902255358341,9,103,21,40,7,9,79
2.2199343591855607,4,41,85,9,6,0,61
2.220032939764299,3,35,34,17,7,1,41
2.2200579613171185,5,2,34,7,4,1,16
2.2201068329480695,13,44,25,41,4,3,34
2.2201865295904772,8,43,100,72,8,9,133
2.2202045650084488,0,11,0,0,2,1,2
2.220428893559447,13,84,144,47,10,1,71
2.2204927215132892,6,42,47,47,5,3,10
2.2205573747351153,12,119,107,42,11,8,91
2.2205931361029787,0,4,0,0,0,0,0
2.2206254140885653,1,5,20,18,1,1,37
2.2206596538795678,3,33,71,14,4,4,171
2.2206895352788636,2,16,80,1,2,2,62
2.220722875488813,26,244,205,136,19,13,318
2.220750187143663,4,21,18,20,1,2,20
2.220861117912903,4,5,29,31,3,4,18
2.2208953957470596,0,0,0,0,0,1,0
2.2209340182682107,0,0,11,0,0,0,0
2.2209649405718928,3,38,32,11,6,3,26
2.2209945147692856,18,189,119,38,10,6,126
2.221004992589017,1,0,0,0,0,0,0
2.221128668377738,4,17,4,21,1,2,37
2.2211388470731017,36,442,244,254,29,17,267
2.221151460501119,6,35,40,25,8,4,37
2.2212302125447305,21,140,154,97,24,6,399
2.2214449793097,3,1,5,0,2,0,1
2.221508514685053,6,36,35,40,1,3,45
2.221532304061997,0,0,1,0,0,2,0
2.221608941680636,16,341,117,154,16,7,385
2.2216263214413505,3,39,15,5,1,1,17
2.221712142563023,12,51,90,39,5,7,54
2.2217342267075018,7,80,25,56,5,5,49
2.2217753779966767,125,3119,972,530,72,56,1270
2.2218123363284135,10,165,272,103,17,4,206
2.221848221239619,2,21,17,29,1,2,1
2.2218545511520826,6,41,31,43,3,4,59
2.22186286772587,0,7,0,0,0,0,1
2.221893189050773,30,258,256,91,23,8,397
2.221894833280748,14,86,45,68,5,6,98
2.221911861063496,3,11,8,1,2,2,16
2.2219270399500464,0,0,0,0,0,0,0
2.222008118723541,4,14,0,0,0,1,0
2.222120513220079,0,0,3,0,0,0,0
2.2221964611242395,3,0,39,0,1,1,0
2.2222090516710287,4,46,33,76,3,1,46
2.2223098292095993,7,96,121,97,7,5,92
2.2224906191207423,9,121,137,152,12,9,255
2.222503909680129,15,116,69,35,2,4,27
2.2225606113688117,9,253,293,272,6,4,69
2.2225622790495763,4,41,27,20,7,1,34
2.2225876929943116,7,15,79,15,4,2,71
2.2227208964084197,5,23,17,77,3,3,35
2.2227813912157552,2,75,58,27,5,2,4
2.2228800268422533,2,7,6,1,1,0,14
2.2228832959761284,0,12,13,1,1,1,9
2.2229261882682056,10,86,38,35,6,6,34
2.2229321529421218,4,11,37,22,5,2,42
2.223077789940131,0,6,12,12,1,2,2
2.223169509955701,2,19,11,25,1,2,20
2.2232103960238927,2,1,7,0,2,1,6
2.223270367480423,4,20,64,55,7,8,56
2.223290628690648,6,43,115,9,4,3,44
2.2233061466994513,15,64,48,48,5,3,60
2.223348901560351,7,49,26,41,2,0,30
2.223374847700006,0,0,5,4,0,1,2
2.2234545545435678,9,125,86,13,5,3,60
2.223536298286231,0,15,17,2,3,2,12
2.2236975017839544,0,2,1,0,2,0,0
2.223713100093275,0,4,18,0,1,0,34
2.2237425207625416,8,43,81,13,6,3,110
2.2238420665322813,3,30,0,0,0,0,0
2.223904843250992,4,20,34,31,5,3,34
2.223910922647913,68,864,1169,724,93,42,1192
2.2241295930638096,6,35,25,7,3,1,20
2.2241413736728104,0,0,0,0,0,1,0
2.2242997652335648,8,52,68,32,10,4,83
2.2243149249017953,23,389,1158,506,34,17,1904
2.2243237666089293,1,0,5,8,0,1,14
2.224344480343964,0,2,0,7,0,0,3
2.224359831765338,10,44,82,33,10,4,57
2.2243772593005002,3,29,22,19,1,2,29
2.224402385792132,4,13,19,7,7,0,33
2.2244543139866644,1,0,17,0,0,1,11
2.2245439815328316,4,24,16,35,6,1,2
2.2246343017782686,11,62,126,86,10,5,69
2.224698480020986,0,0,0,0,0,0,0
2.224729135120635,9,42,39,29,8,4,62
2.22476330610589,4,30,10,11,2,1,16
2.224819464577779,0,5,0,0,0,0,12
2.224915435790735,13,121,111,87,18,10,126
2.2249929362902825,1,14,20,5,1,0,19
2.2250053235243534,25,154,83,61,13,9,110
2.225009514521426,3,12,9,32,1,2,23
2.2250442352408983,3,4,11,6,3,0,6
2.225124559130462,4,16,2,31,3,2,1
2.225153559978594,1,3,26,0,1,3,13
2.225258731329295,1,17,49,95,6,4,152
2.2253546371751813,0,0,4,0,0,1,4
2.225384224608575,9,86,66,23,6,3,70
2.2254142395003367,28,293,202,52,28,8,182
2.2254360198548064,0,18,13,10,2,2,30
2.22548972403604,2,3,6,0,0,0,4
2.225503498278488,2,13,15,13,2,0,61
2.225622819878505,9,48,56,24,4,2,53
2.225656095714954,5,117,46,26,6,3,75
2.225730643662249,0,3,3,2,1,2,26
2.225793285817447,0,0,0,0,0,1,0
2.2258009218348453,2,5,6,14,2,1,11
2.225824015261046,7,58,15,17,7,3,70
2.225853366942411,1,9,14,0,3,0,3
2.225912318653931,0,0,0,0,0,0,0
2.226029432964026,9,216,24,26,8,1,30
2.2260466572980127,0,1,0,0,1,0,0
2.226072537594279,17,114,72,69,10,6,88
2.226105021675937,0,2,3,2,3,0,3
2.2261348261186993,6,6,19,26,2,0,18
2.2261995709973736,1,0,1,0,0,0,0
2.226278640759108,26,234,152,50,19,3,252
2.2262969961844865,7,26,90,28,9,3,46
2.226342068372406,0,0,0,0,0,1,0
2.2264087151483087,84,2462,1374,365,59,20,1462
2.2264580870517827,4,24,24,5,3,4,25
2.2264818011113388,3,7,1,8,1,1,6
2.2265118928162724,0,3,0,0,0,0,0
2.2265492193966696,0,0,3,0,1,0,0
2.226569092609,18,86,68,55,11,7,36
2.2265752147716036,3,13,3,18,2,1,2
2.2265799810259677,8,84,152,40,10,6,108
2.226682513306769,4,45,38,32,6,0,69
2.2267697098580963,4,37,71,18,6,3,46
2.2268565553490545,4,21,9,19,2,1,60
2.226953396918075,5,37,95,94,21,4,157
2.226988663017273,41,343,205,95,26,8,184
2.227009474663004,2,42,53,36,6,3,32
2.2270236763070157,0,0,3,0,1,0,2
2.2271024041350422,10,116,66,89,10,1,129
2.22721357293583,0,0,1,1,1,0,0
2.227227011731778,0,15,25,31,7,2,62
2.227254039725302,1,0,0,0,1,0,4
2.2274030443184465,1,23,8,24,3,1,12
2.227477708672103,0,0,0,0,0,0,0
2.2275022034041374,3,2,0,11,2,1,12
2.227557168814402,2,5,23,1,3,1,48
2.227581569169675,3,21,3,2,2,1,51
2.2276000432659355,2,27,59,5,3,2,44
2.227660659646974,2,35,29,22,7,1,59
2.227752364175998,2,51,47,30,4,3,16
2.2277611397405406,5,23,22,23,2,1,28
2.2277934304782994,1,4,9,10,1,1,5
2.227816566250053,38,843,43,48,7,8,83
2.227835205270737,0,5,1,0,3,0,30
2.2278665735908767,15,184,123,62,9,7,104
2.227998318022009,45,272,136,105,22,12,183
2.2280311786825107,2,50,38,40,9,2,21
2.2280347653098675,2,16,13,16,7,2,26
2.2281249364770184,12,59,122,85,17,8,180
2.2281660048587306,0,0,0,0,0,0,4
2.2283074772828897,0,5,16,0,1,1,7
2.2283097478396345,1,32,8,0,3,1,35
2.2283317541169403,9,28,42,38,8,4,42
2.2283478383967155,27,200,254,262,35,17,290
2.2284103900633956,1,4,5,0,0,0,2
2.228430108861756,0,2,25,13,3,1,4
2.2285348446087894,15,87,103,14,9,4,75
2.2285611245494668,0,1,0,0,0,0,0
2.2286048312607507,1,49,26,18,6,1,11
2.228840113236654,0,1,1,6,2,0,7
2.228917240500763,3,6,2,0,1,1,2
2.2291051203259475,1,64,7,40,1,0,0
2.2292569667104654,3,11,0,2,0,0,0
2.229333915573902,7,43,40,13,3,1,18
2.2293346016954496,0,0,0,0,0,0,0
2.2296520354213487,10,78,19,11,4,4,15
2.229750974096583,2,52,6,24,3,1,17
2.2297593727134215,3,16,62,5,2,0,2
2.229781342568856,0,0,71,17,3,1,47
2.229794523864449,3,16,4,1,0,1,1
2.229849742313478,3,14,13,37,2,2,7
2.2298645131668784,4,7,21,6,0,3,9
2.22987449166973,8,27,25,30,6,4,19
2.229930466283807,4,60,95,27,4,0,54
2.2299308335760064,14,58,1,1,0,3,1
2.229944115574587,4,13,19,28,3,1,27
2.2299817044272108,3,21,56,38,7,7,60
2.2299966440350016,2,6,48,26,2,4,12
2.2300709296651995,1,11,6,3,4,1,7
2.2300728586204457,0,0,0,9,1,0,0
2.230105339794917,2,17,21,16,1,1,0
2.2301321900619326,3,77,131,37,7,8,39
2.2301424707242106,8,89,63,14,5,4,56
2.2301814216116,4,36,35,14,5,2,47
2.2302128247549837,2,2,0,0,0,0,0
2.230219491145131,4,18,3,0,2,1,10
2.2302316585715123,0,0,0,0,0,0,0
2.2303110920698312,5,30,77,7,4,1,22
2.2303432226032034,3,147,42,29,4,3,50
2.2303501514030177,15,191,40,108,2,4,7
2.230412278836,16,213,83,7,3,6,20
2.230533152528988,1,0,46,3,5,1,3
2.2305375942164294,45,497,348,219,32,18,356
2.230539063570001,7,15,10,8,2,2,4
2.230539638457273,1,7,0,4,1,0,1
2.230617821752547,16,100,142,138,11,8,221
2.230691219688475,5,61,0,1,0,1,0
2.230806374095109,1,1,3,3,0,1,3
2.2308133882917445,87,870,553,456,84,37,774
2.230901662387052,65,1139,1919,745,75,41,2286
2.230903206603517,6,20,14,4,3,0,49
2.230906967967474,20,120,178,77,24,4,235
2.2309692382379964,5,16,10,9,1,0,30
2.2310287241377584,1,0,0,0,0,0,0
2.2310350255099216,4,28,82,22,16,4,82
2.2310518035289006,14,55,47,66,7,9,46
2.2310720054885866,18,207,91,84,6,3,89
2.231152203194289,28,153,111,70,17,6,130
2.2312118939138887,1,1,0,1,0,0,6
2.2313143885751137,16,126,228,64,30,6,203
2.231558993553404,161,1531,681,473,65,54,848
2.2315725905431854,0,2,13,24,2,0,10
2.231694054227224,4,10,3,14,0,2,5
2.231714866038366,11,52,26,32,6,0,21
2.2317508109648236,4,17,16,16,3,1,22
2.2317567523577604,47,495,110,131,19,20,247
2.2317887360950373,0,4,1,2,1,0,3
2.231948502425674,0,0,0,0,0,0,1
2.2320613600471164,36,294,197,147,25,15,246
2.2320861573584243,0,12,11,0,0,1,5
2.23211144816381,0,0,0,0,0,0,0
2.232126758354839,3,0,0,0,0,0,0
2.2321439155529728,0,2,0,1,0,1,1
2.2321619005794227,8,50,128,15,8,3,88
2.2321647374815465,0,0,0,0,0,0,0
2.2323076307395335,0,3,0,0,1,0,0
2.2323322834451065,2,20,53,17,4,2,63
2.2324094598680273,8,65,96,68,11,6,127
2.2324993192518634,8,46,189,93,11,11,150
2.2326394338784787,6,43,37,35,5,2,61
2.232661938087847,1,3,10,3,3,1,18
2.232716426964767,2,22,9,4,2,1,4
2.2327188085614553,23,137,112,95,15,10,95
2.23272202370483,211,4271,2614,1253,121,73,2430
2.2327234028839533,0,1,0,0,0,0,0
2.23275559569272,3,22,11,11,3,0,26
2.2329061776790566,2,5,18,3,4,0,12
2.232971471079171,9,89,170,126,14,14,215
2.232978248821564,8,23,8,9,2,1,21
2.23305920734146,0,0,0,0,0,0,0
2.2332990526898815,1,0,0,0,0,0,0
2.2333184003134994,68,515,219,241,26,16,220
2.2333752351153886,0,0,0,0,0,0,1
2.2336268604907574,2,18,17,19,2,2,15
2.2336552663318696,2,20,28,42,8,2,3
2.2336575934047507,1,32,16,12,2,3,35
2.2336775198269314,14,177,227,411,17,10,230
2.2337156490348256,0,0,0,0,0,0,0
2.2337230558331562,6,63,32,17,2,1,28
2.2337446744527054,28,374,287,206,34,20,335
2.233749463754694,0,13,20,18,1,3,20
2.233757890872749,60,994,1937,411,55,20,1496
2.233806667082404,0,23,7,0,1,0,0
2.2338427438400585,2,0,0,0,1,0,0
2.23385952123875,0,5,4,1,1,1,0
2.2339566406105753,1,15,20,1,2,0,23
2.234079530203903,2,2,58,0,0,1,14
2.2341945992265515,5,11,34,12,3,3,15
2.2342861674599317,3,9,16,13,1,2,12
2.234350833802131,3,39,71,26,6,3,22
2.23437135297483,4,14,18,17,1,2,40
2.2345117036756816,10,50,62,54,3,6,111
2.234518126625225,45,245,503,304,48,16,370
2.234710533847343,37,605,184,121,14,12,110
2.2347369460851976,3,11,5,18,4,0,14
2.234756166298995,0,0,0,0,0,0,0
2.2347628766357905,2,24,54,15,4,3,87
2.234886804286842,18,89,160,139,18,8,242
2.2349241122663237,0,0,0,0,0,0,0
2.235188411549298,119,1950,1334,976,105,71,1495
2.2352642321507172,6,21,68,40,4,4,70
2.2353080054932333,7,47,32,22,3,2,13
2.235340833855386,1,1,0,0,0,0,7
2.23538504368673,0,0,0,0,0,0,0
2.2355072036395316,2,1,13,3,0,0,3
2.2355231199405794,0,9,10,3,2,0,6
2.2355562848456687,21,90,73,79,16,10,94
2.235613570978162,2,22,12,19,0,1,11
2.235666619896306,6,36,43,23,4,2,103
2.23569258479409,3,4,9,20,3,0,0
2.2357406541344793,20,138,159,49,17,11,37
2.2357412941290304,0,0,0,0,0,1,0
2.235749814102644,26,132,470,176,31,13,415
2.2357668109169433,6,92,127,61,8,4,113
2.2357704587888696,2,15,0,0,2,0,0
2.2357769313747884,1,1,12,4,1,0,1
2.235845371736684,0,27,44,5,5,2,23
2.235853700253666,1,2,0,0,0,0,1
2.2358763779958597,0,2,0,3,0,1,3
2.2363473518936408,3,56,22,39,8,0,105
2.2364164922522014,32,507,1070,473,74,28,1139
2.2365682539386356,3,8,12,10,4,1,2
2.236601902172355,13,88,48,52,4,4,36
2.2366868832141176,1,1,0,0,0,0,0
2.236770272288069,5,54,0,10,0,4,36
2.236782776314304,0,10,25,20,2,0,14
2.236895404476511,2,6,37,5,0,1,2
2.236971511042227,3,23,50,2,5,3,56
2.237218960117801,4,34,12,21,3,2,18
2.2372234148546486,2,42,16,19,6,1,10
2.237241529008815,4,7,14,19,2,1,57
2.237397657782606,13,39,90,55,13,4,48
2.237443240776763,6,19,61,37,5,6,49
2.237445731667645,2,0,9,45,0,0,11
2.2375278080949004,5,53,42,10,4,0,47
2.2376668958518757,1,1,0,0,0,0,0
2.2377342429509186,0,0,0,0,0,0,0
2.2378320473619477,3,67,48,16,2,7,26
2.237968978800459,2,45,129,52,5,6,153
2.237981390835469,6,39,67,30,5,3,98
2.238030804845158,5,26,42,44,4,2,59
2.2382773605669524,12,91,187,89,21,8,168
2.2383479407359275,9,115,299,70,14,5,201
2.238380816988601,0,0,0,0,0,0,0
2.2383834300915795,23,210,233,39,18,14,230
2.2385605868923553,0,0,0,0,0,0,0
2.238614337083245,9,69,83,223,11,8,59
2.238700098054622,48,320,256,106,19,12,304
2.238735793919776,9,135,76,25,9,8,144
2.238736069104389,0,0,1,10,1,0,6
2.238838265352884,1,0,0,0,0,0,1
2.238840237351149,7,42,0,2,2,0,0
2.238904407543558,1,9,7,3,1,0,0
2.238960577057618,2,2,5,2,0,0,1
2.239007222032866,68,725,347,270,27,18,325
2.2390094445515576,0,6,6,4,1,0,10
2.239217243164163,9,28,81,54,2,0,39
2.2392776647751185,6,53,73,42,9,5,200
2.2393095890377768,26,128,217,252,27,20,191
2.2393646415116555,14,201,134,107,12,2,97
2.2394282009401443,1,0,1,3,0,0,0
2.2395023957661273,11,39,59,35,7,5,63
2.239546782762861,16,113,124,47,10,2,82
2.239610249943221,2,0,0,0,0,0,0
2.2396281579645976,3,9,5,4,3,2,7
2.2396994572875264,1,13,9,14,0,3,20
2.2397216380399265,6,10,8,36,4,1,16
2.23975299859146,28,154,363,67,23,10,497
2.2397893981716877,1,1,44,6,2,3,42
2.2400408439183765,8,29,0,0,0,0,0
2.2400530551241804,1,32,23,16,1,2,18
2.2400941596673327,0,0,4,0,0,0,0
2.2401163745685575,1,15,27,14,1,0,2
2.240302269686617,0,0,0,0,0,0,0
2.240341446981086,6,39,91,50,8,7,57
2.240360082027253,0,1,0,0,0,1,0
2.240455327087498,18,126,104,100,9,5,101
2.2404679109547527,1,13,13,7,0,0,10
2.2404876290555857,3,14,12,31,1,5,16
2.2405253385365174,37,332,556,178,50,22,475
2.240605305486379,41,208,91,78,18,17,131
2.2406316396576966,32,282,398,155,21,16,276
2.240635463194572,14,121,49,44,12,7,88
2.240909295451097,0,0,0,0,1,0,0
2.2410945147079793,5,7,18,22,2,4,11
2.241221135784389,3,18,5,0,1,0,7
2.241253039140253,9,92,92,42,10,1,156
2.241268172524176,7,16,66,4,3,1,30
2.2413775061254397,6,29,0,52,1,1,0
2.2414964211805515,26,160,126,111,10,17,223
2.2415585161424545,5,55,79,48,10,2,81
2.2415708978278084,7,75,123,37,3,5,55
2.2418489732825786,3,58,39,45,8,1,17
2.2419104201805764,19,297,295,164,44,24,327
2.2419478270364412,2,16,13,16,3,1,22
2.241949845372905,7,3,37,12,3,1,8
2.2419621691128095,4,8,3,17,0,0,4
2.242019174115432,0,5,0,7,0,0,0
2.2420429651098286,1,20,31,54,9,2,39
2.2420567211097606,4,79,98,82,5,1,38
2.2420719481152833,0,7,9,8,1,1,0
2.2423288293742374,8,35,65,22,7,0,28
2.2425249611890927,1,9,2,6,3,1,12
2.2425289898549328,2,0,0,0,1,0,0
2.2426462479878233,3,18,2,1,0,0,4
2.242675991474193,5,19,66,31,8,2,94
2.2427107161592694,2,11,6,0,0,1,1
2.2427533286507044,30,197,106,170,14,8,230
2.242796343244517,4,18,21,8,2,5,40
2.2428950479207463,4,40,23,30,7,3,13
2.2429099769454304,4,10,11,4,3,0,20
2.2429893870733073,4,6,12,3,0,0,2
2.243009143835589,12,154,108,166,26,10,136
2.243031811487766,2,5,2,0,0,1,4
2.243044266187629,6,17,10,22,6,1,28
2.2430801899915864,2,16,0,0,0,0,0
2.2431255444409843,20,132,152,76,10,6,161
2.2432729966262137,1,1,1,0,0,0,0
2.2433624975474604,32,318,249,186,27,15,358
2.2433731265066528,2,0,0,0,0,0,0
2.243400399897993,5,18,11,4,2,3,32
2.243473297365669,0,6,0,3,0,0,0
2.2434906870470046,17,115,151,128,22,8,140
2.2435569327220697,5,47,19,0,2,1,4
2.243583727228716,83,760,1183,562,133,46,1013
2.243585035802593,1,1,1,0,0,0,0
2.2436173210426205,0,3,0,0,1,0,2
2.2436389871065496,22,108,77,51,9,2,78
2.243646620075063,44,1174,1240,697,61,28,1790
2.243715746490673,18,84,28,42,2,0,48
2.243728730691892,0,9,21,0,1,1,25
2.243815037710558,1,34,13,6,3,0,9
2.2439229768431956,9,103,135,44,8,4,63
2.243977611187998,14,129,337,71,21,2,354
2.2440273429767346,2,6,13,9,1,3,13
2.2440736242949497,1,0,1,0,1,0,3
2.244108591665154,6,26,57,70,5,0,49
2.2441137531198283,0,1,0,0,0,1,6
2.244167525447431,1,0,14,13,0,1,0
2.244177323101133,0,6,6,0,0,1,7
2.2441790055598534,9,66,21,8,4,1,26
2.244186443305535,174,1091,1694,804,159,84,1798
2.2442263442767367,3,15,9,21,1,1,29
2.2443738212093955,3,39,28,4,3,2,27
2.2443891330036507,10,82,81,65,13,4,161
2.244392991947376,1,8,6,0,1,1,7
2.2444669134956263,0,10,6,0,2,1,2
2.2445223171705986,12,24,33,36,4,5,20
2.2445443148736794,4,33,75,40,6,5,68
2.2445522491479846,0,1,0,0,0,0,0
2.244588456392485,16,112,176,130,21,8,211
2.2446144262867,0,24,44,0,0,1,0
2.244735289593011,4,48,58,53,6,3,58
2.244749785634124,21,271,347,170,50,14,390
2.2447936929770846,48,371,471,172,56,12,434
2.244819884598987,0,6,20,27,3,1,6
2.2449543503409126,3,14,7,23,2,1,15
2.2451069486932456,17,140,181,129,18,14,178
2.2451219428502758,3,11,22,3,4,3,78
2.2451282750087254,6,84,30,92,5,4,134
2.245152980725138,7,43,34,22,6,1,74
2.2452548051560326,8,39,53,26,5,4,29
2.245293420766012,1,11,11,3,1,1,5
2.2454332991133965,8,18,40,9,3,0,23
2.2454515239569344,1,26,0,0,1,0,0
2.2454850264766155,0,1,0,0,0,2,5
2.245534361883322,1,2,5,2,1,1,2
2.2455372952679546,0,4,0,0,0,0,2
2.245594725821747,8,58,35,23,6,0,42
2.245732520467468,3,19,20,0,2,0,7
2.2457581650757814,0,16,26,20,3,0,0
2.2459770160882844,3,79,57,14,8,1,14
2.246052530594101,1,10,14,6,3,0,0
2.2460622730424555,1,0,19,4,1,1,0
2.2462054142601615,2,26,36,19,1,2,38
2.2462316118401007,13,59,51,76,6,2,45
2.246244044901053,2,13,11,10,3,2,13
2.2462655886455707,3,2,34,30,5,3,9
2.246290008625423,1,0,2,0,1,0,0
2.2463300268473616,16,127,302,126,16,9,161
2.2463820383886404,4,5,19,20,0,2,30
2.246541769286847,0,0,0,5,0,0,0
2.24664311470387,3,29,3,2,0,1,32
2.246657514075748,3,21,30,32,7,2,65
2.2467090133694163,1,3,0,1,0,1,0
2.2467384934914367,0,3,0,11,0,0,0
2.246747481925315,0,0,0,0,0,0,20
2.2467791753352078,26,71,93,74,17,12,96
2.2468185470154025,170,2322,3639,1837,182,96,2754
2.2468359347990057,2,68,31,49,9,5,97
2.2469249171925827,4,72,31,23,5,3,79
2.247097482447246,6,76,79,46,11,2,96
2.24710655760346,4,24,19,30,3,2,17
2.2471492544250333,0,44,47,26,8,0,58
2.2471515212472157,9,114,118,41,19,8,99
2.2471574161149483,9,114,54,24,17,6,132
2.2471589267614602,9,27,24,40,10,3,36
2.247283188317362,1,6,9,5,0,0,0
2.2473195728126454,4,23,48,19,3,4,35
2.2473471041662334,1,0,0,0,0,0,1
2.247445602458483,11,49,119,45,7,2,50
2.247532740800277,16,210,164,92,8,5,169
2.2475651350383665,4,22,40,27,1,4,11
2.247607685781541,9,15,20,72,3,2,109
2.2476096378588823,1,9,10,14,0,1,21
2.2476980364645835,5,45,34,11,2,4,48
2.2477846955780407,7,10,9,53,5,2,68
2.247785599380489,0,0,10,0,0,0,0
2.2478439987625842,20,248,171,148,35,8,234
2.247856759519483,3,22,58,47,4,5,78
2.2478575149547733,1,70,25,29,4,1,1
2.247898356796177,1,14,20,16,1,0,21
2.248042292407642,7,20,90,38,7,7,90
2.248081934171165,3,9,7,16,3,1,10
2.248099671351205,2,0,0,1,1,0,3
2.248133921542197,4,15,13,6,4,1,4
2.248171864070538,11,31,55,15,7,7,17
2.248222469463129,1,5,3,1,1,2,8
2.248387482825217,7,17,33,30,2,1,23
2.2484309702971705,0,0,0,0,0,0,4
2.2484387644500567,4,14,2,7,4,1,12
2.2484655213218625,3,0,0,0,0,0,0
2.2485891726649294,13,39,50,34,5,2,50
2.24866480358615,0,8,0,0,0,0,7
2.2488537739706347,20,116,69,86,10,4,125
2.249020705497157,0,0,0,0,1,1,0
2.249122663314962,0,1,0,1,0,0,5
2.2491288697716505,4,2,17,1,1,1,12
2.2491318386679504,4,1,19,12,3,1,17
2.249219834366632,3,44,5,30,1,0,22
2.249427126078561,5,43,29,15,6,1,40
2.24942914412289,19,133,104,110,11,6,109
2.249438855213116,18,132,259,219,29,19,221
2.249480497033522,3,13,34,49,3,0,27
2.2495160810001598,0,0,0,0,1,0,10
2.2496315308565573,24,168,239,156,24,13,227
2.2497281021158204,9,175,215,63,8,5,95
2.2497295372611346,5,61,106,82,11,4,46
2.249743388936468,17,279,260,148,24,20,276
2.249755137492832,12,118,75,41,9,4,58
2.24976741591854,1,4,0,0,0,0,0
2.249948191160696,11,34,44,62,9,4,47
2.249992647537139,0,0,0,0,0,0,0
2.250038468512319,2,0,0,8,0,0,0
2.2500482323284,1,9,97,21,4,2,18
2.250087109313786,5,34,17,31,3,3,36
2.250147317039871,16,110,99,43,7,10,113
2.250180402753669,0,7,0,6,0,1,0
2.250402445291007,35,336,284,282,38,26,337
2.250485154435845,3,54,45,63,6,5,94
2.25049995071666,27,248,154,79,13,5,159
2.250544701971787,1,35,39,45,6,4,38
2.2505827944394023,0,0,0,0,1,0,0
2.2506062604046213,7,16,2,4,4,2,4
2.250630967318698,6,38,22,19,7,1,86
2.250638467312418,0,1,0,2,0,0,0
2.250663386079425,1,6,4,4,0,0,24
2.2507496745366993,3,10,11,28,4,1,8
2.2508923535616385,1,6,1,6,0,0,5
2.2509419944089655,0,0,0,0,0,0,0
2.2509567167595907,2,76,98,13,10,6,81
2.251021895842238,2,42,5,17,3,1,13
2.25102226920531,14,112,109,105,14,8,213
2.2510300826014737,9,13,19,35,6,1,15
2.251035367777169,4,5,10,1,0,3,2
2.2511419622505238,2,26,90,2,2,2,0
2.2511451952630117,2,81,116,75,5,4,52
2.251173470955782,6,28,11,5,4,2,24
2.251199559546407,2,31,5,12,1,1,17
2.2512728567651523,5,35,12,10,3,1,56
2.251286814624187,7,42,18,27,7,3,19
2.2513367786143403,4,14,19,5,2,6,33
2.251452517493226,5,19,9,9,1,1,17
2.2514613504734364,0,0,0,0,1,0,4
2.2514746419751988,5,19,52,45,16,5,95
2.251673734712883,1,0,5,2,2,0,5
2.2517140410810534,6,34,30,0,4,1,32
2.2517509302796235,3,37,0,0,0,1,0
2.251768268143331,2,42,42,10,1,5,57
2.2518644446165994,20,367,156,52,18,9,220
2.251877715644511,0,0,0,0,0,0,0
2.2519728682981874,8,66,25,8,5,2,34
2.2520678936014913,5,21,27,16,8,1,19
2.2521269527134966,2,21,32,55,4,4,43
2.2521598267831386,15,103,77,37,10,6,76
2.252349568088687,1,21,16,5,0,3,14
2.25250254424269,8,132,289,399,16,14,156
2.252525437452557,0,12,17,17,2,2,47
2.2525523548831328,15,106,105,66,11,7,97
2.2525911253158633,30,176,204,139,11,9,163
2.2526699941726607,0,24,2,12,3,0,11
2.2526726509873742,8,3,3,9,1,0,24
2.2526841849106103,16,73,124,78,9,10,68
2.2526844887295407,1,4,1,3,0,0,0
2.25268967441946,10,52,133,62,9,3,67
2.252706126032773,0,12,18,18,2,0,23
2.252748604530658,2,11,17,6,2,1,5
2.2528735440249603,1,5,26,30,2,3,48
2.2528986600954783,1,0,5,11,2,3,19
2.252921594954879,1,6,3,0,0,0,0
2.2529412550990116,0,0,0,0,0,0,0
2.253084340211068,2,9,43,30,10,3,45
2.2531254501084055,23,185,376,240,33,21,508
2.2531587846340453,31,255,390,289,36,8,353
2.253240647157452,12,80,104,80,11,5,109
2.2534285995005754,6,29,30,7,2,2,36
2.253444758189347,17,84,108,128,13,7,128
2.253467987474196,1,2,1,1,0,1,4
2.253528003691363,3,0,19,7,2,0,9
2.2535700438351336,5,24,31,59,2,0,3
2.2535825767806696,233,3397,1638,806,139,69,1386
2.2536202755721164,17,60,86,96,8,7,80
2.2536586435118005,0,0,0,1,0,0,0
2.2537581184090065,4,8,11,8,1,0,11
2.253795024956737,0,0,0,0,0,0,0
2.253911913356694,0,0,0,4,1,0,0
2.253918403973631,1,0,0,0,0,0,0
2.25392054661619,5,13,35,136,3,5,33
2.25396745717735,4,42,35,7,6,0,60
2.2541840105981303,8,47,18,32,4,4,43
2.2542266781699025,0,37,32,17,10,4,32
2.2542437160894955,0,1,0,2,0,0,0
2.2542897234622488,18,94,65,46,5,5,65
2.2543464751896067,5,29,27,4,4,3,27
2.2543951777834983,3,2,2,1,3,1,6
2.25447797219132,32,196,324,209,27,10,478
2.254525032031608,25,122,98,96,16,8,136
2.2545282213609408,5,26,57,33,7,2,50
2.2545294106203984,50,948,484,366,43,26,883
2.2546304382757656,3,28,14,7,3,4,16
2.254750393191042,15,80,68,23,5,4,59
2.2547656332496535,116,1915,894,625,40,32,1425
2.254775888630559,7,56,53,10,9,1,46
2.2547760616791694,14,123,40,15,5,5,79
2.2548158733522206,45,586,1199,320,97,27,1314
2.254905466254214,30,957,2267,607,56,21,2038
2.254949311954342,1,0,0,0,0,1,0
2.255205588896183,6,40,7,12,1,4,52
2.255222533102511,0,0,0,5,0,0,14
2.255278201100812,0,0,0,4,0,0,0
2.255322392427469,2,6,7,2,1,0,1
2.2556550480443383,1,24,30,19,2,0,26
2.255826888261685,18,129,92,62,16,1,104
2.255874859375864,12,187,132,55,9,7,141
2.255899740876989,6,84,31,29,3,3,15
2.2560627572121734,26,177,67,25,6,10,32
2.2560697891501005,4,23,5,17,4,4,26
2.2560839214252866,23,65,111,96,14,8,138
2.2562048565779755,18,143,192,78,15,6,288
2.256227617483254,7,44,64,12,12,2,82
2.2562688320770103,27,318,115,29,11,4,38
2.25657557050512,54,470,307,107,17,21,424
2.2567718908987615,0,0,0,0,0,0,0
2.256829855676967,14,136,130,62,14,4,93
2.2568823060968923,1,16,5,10,1,0,21
2.2569083981787372,13,101,9,34,6,3,13
2.256960161307754,72,839,547,281,65,39,657
2.2570529826082444,43,189,294,201,29,16,289
2.2570618893923737,8,62,1,42,4,4,78
2.2570731663291324,9,25,95,49,10,3,115
2.257131668278586,1,53,32,18,3,2,77
2.257164585532715,3,6,7,2,1,0,14
2.257576113562684,3,22,22,27,2,2,12
2.2576117458764378,0,0,0,1,0,0,0
2.2576511896520945,2,8,22,20,2,2,30
2.257678531057806,11,90,83,31,6,6,119
2.2577874705238,7,22,87,7,8,2,86
2.2578607813674756,7,66,96,31,11,3,36
2.2578946570215774,0,0,3,3,2,1,26
2.257897770869986,3,1,66,0,1,2,2
2.2579182679810947,6,18,26,32,4,0,34
2.2579429780659312,1,37,30,30,6,3,25
2.2579490475472728,4,22,27,16,1,3,78
2.2580056285760888,4,43,35,62,1,4,13
2.258035054994202,1,42,18,10,3,1,36
2.2580415265469562,12,100,120,77,4,7,134
2.25804187152532,15,105,101,57,9,3,95
2.258095405640785,10,28,44,61,8,2,74
2.2581614813365816,4,0,0,14,0,0,0
2.258193851394979,16,60,67,33,7,4,72
2.258242403968408,3,6,33,17,2,4,13
2.258265569312312,0,15,5,40,1,0,15
2.2582719185713604,0,0,5,0,2,0,14
2.258328904405614,12,55,40,78,12,2,76
2.2584751986340788,19,83,21,53,7,7,40
2.2585549101873768,34,186,526,204,40,10,305
2.2586060811731796,5,250,12,4,8,2,70
2.258650606729254,9,118,94,50,18,5,142
2.2587045912973456,6,43,27,27,8,2,41
2.258966457931181,2,38,0,0,0,2,0
2.258987672655635,1,10,0,0,0,1,9
2.2590160533768793,10,103,112,40,16,11,147
2.259091155885203,1,2,0,0,0,0,0
2.259161329958321,2,7,7,8,4,0,35
2.259201267553525,7,21,37,117,9,8,57
2.2592998178583534,8,104,14,33,7,3,41
2.259314866582152,11,95,50,147,14,6,100
2.25933956390973,7,71,120,9,6,1,22
2.2594197951277546,3,9,25,24,10,1,104
2.2595557962433404,4,16,61,21,4,1,23
2.2595609846597204,6,18,10,8,3,1,22
2.2597105038180496,0,0,0,14,1,0,14
2.259720520162158,0,3,3,3,2,0,27
2.2597217235530462,4,27,57,56,4,8,79
2.2597525093136057,7,81,133,38,12,6,145
2.2598324997374575,0,15,4,4,1,2,4
2.2598503952061937,26,206,278,117,27,10,308
2.259918992919287,8,81,86,37,9,6,44
2.2599371181222785,29,105,58,68,10,4,55
2.2599547997397287,2,0,0,0,0,0,0
2.2601045884521174,2,2,10,31,4,0,27
2.2602627940833373,4,23,52,51,4,4,11
2.260317546872107,47,351,462,406,41,21,524
2.2603507742439963,12,32,47,37,2,4,22
2.260359646231723,1,5,23,6,1,3,14
2.2603770208760308,0,6,3,0,2,0,0
2.260437908778425,6,28,7,57,1,4,34
2.260474846784488,22,181,257,134,19,11,256
2.2605620550412415,5,97,145,28,16,3,118
2.260602085482154,2,1,5,0,1,1,15
2.260641016337162,5,56,7,7,2,0,9
2.260674799070186,4,40,128,49,16,4,195
2.260741071417452,23,193,214,73,18,11,247
2.260851336320141,2,7,20,15,2,0,9
2.2609749701314237,0,0,0,0,0,0,0
2.2610307182162286,0,3,0,9,0,0,0
2.2612464522979363,4,19,44,0,4,2,59
2.2614940355612303,22,78,50,75,6,10,97
2.261534326282856,5,95,182,82,14,7,229
2.261567931150622,6,49,42,50,7,6,57
2.26158174507326,16,77,258,85,14,15,241
2.261622426892641,1,21,36,39,7,2,32
2.2616260704736932,2,16,28,5,2,0,42
2.2616280123831594,1,13,10,8,4,1,60
2.2617715428058243,1,4,4,38,4,0,26
2.261820528900817,8,114,59,18,8,3,28
2.2618310849245526,0,0,0,0,0,0,6
2.2618474172491787,69,649,683,368,108,28,799
2.261878521529865,0,0,1,9,1,2,1
2.261907433346071,1,16,24,5,3,0,26
2.2620802359788024,1,11,29,17,2,9,32
2.2621188651619426,4,3,11,1,1,0,10
2.2623508344918797,1,35,37,2,4,2,52
2.26240407091199,3,6,40,19,4,2,35
2.2624228672338003,3,26,44,20,3,1,16
2.262488948693657,1,15,1,3,0,0,10
2.2625743968319183,43,410,736,242,65,25,694
2.2626073569899923,5,32,18,22,1,3,23
2.262615491176984,11,39,68,74,6,5,57
2.262642775842023,9,26,53,44,2,3,55
2.262792289249075,10,20,20,16,1,2,7
2.262903375799524,21,131,37,28,8,3,50
2.262915636949305,0,0,0,0,0,0,0
2.263089378507869,2,59,91,59,11,2,48
2.2630988290507688,2,2,18,26,2,1,9
2.263129974255714,16,65,83,27,11,5,71
2.263165721691758,8,54,36,87,8,9,35
2.2632640372282062,10,18,14,18,2,1,31
2.2633477939165125,0,1,11,0,3,0,21
2.263391890826898,5,23,20,40,2,2,23
2.2634223994413287,0,8,3,16,1,3,34
2.263438319458778,3,20,41,19,2,1,67
2.263476435597942,1,0,0,0,1,0,0
2.2635212488091114,1,23,18,21,7,0,26
2.2636295879495307,54,171,181,259,20,29,155
2.2636318611574437,10,70,55,51,6,5,41
2.2637097980444127,6,53,219,98,23,11,148
2.2637557098008503,0,1,0,0,1,0,0
2.263827993844591,7,93,96,25,6,5,69
2.263921529644219,33,292,124,159,23,8,213
2.2641356114765268,2,18,8,14,3,0,17
2.2642597811834553,23,279,586,275,43,18,469
2.2643019167561205,1,52,40,37,1,0,23
2.2643413908913197,7,59,1,30,2,2,54
2.2643482248566644,4,47,28,37,4,6,63
2.264385850815766,12,49,10,11,2,3,12
2.2644649977014857,8,53,123,26,6,3,98
2.2644781434719228,81,689,400,525,52,39,283
2.2644967942109147,13,86,66,39,8,1,84
2.2645590047777318,9,120,151,39,14,9,158
2.2645790629576235,20,125,250,80,32,4,266
2.264611505760435,0,0,0,0,0,0,1
2.264703600496905,0,1,5,3,1,0,14
2.264815428453112,11,87,115,45,16,5,171
2.264835057907139,4,0,26,0,2,1,0
2.2648729759386828,3,14,5,17,2,1,10
2.264896191893449,2,34,23,24,3,2,48
2.264896208649229,29,178,220,130,31,14,229
2.2649076051519175,8,50,81,101,17,7,98
2.2649083858354686,2,2,1,5,1,0,0
2.264926846668935,1,16,0,0,0,1,0
2.264963500971952,5,4,16,20,2,1,39
2.2650069968017412,9,14,73,53,11,3,66
2.26503920696323,1,14,10,4,6,2,24
2.265087675128129,4,17,32,29,2,3,17
2.2651015269245223,12,86,127,84,19,7,187
2.265125991025653,10,117,104,70,18,5,115
2.265137529859103,3,26,58,6,6,1,19
2.2651635531933145,28,273,138,110,16,13,90
2.2652805124123163,5,1,48,16,5,1,56
2.2652892502702753,6,0,0,0,0,0,0
2.26532370683569,19,219,222,195,36,22,313
2.2654299109993503,4,44,26,59,4,1,17
2.2654622390080448,24,110,115,25,9,10,187
2.2655436690232587,8,17,65,4,3,4,55
2.26557527935388,0,16,0,0,0,0,0
2.265599598552191,0,14,0,29,0,1,18
2.2656243931369557,5,10,12,10,2,3,20
2.265683396690823,1,0,9,0,0,0,0
2.2657577650345484,1,0,5,0,3,1,41
2.2657735846902,19,246,199,94,22,12,249
2.265777340912179,1,3,9,7,3,0,7
2.2657913148229625,0,5,10,0,1,0,1
2.2658649932245223,0,0,1,18,1,1,6
2.2658763626017655,0,3,0,0,1,0,0
2.265924761336618,14,71,46,47,7,4,134
2.2659348919805327,2,6,6,10,1,1,20
2.265947696930032,4,3,4,0,0,0,1
2.2659763992299067,12,45,42,29,8,2,46
2.265986335213228,3,34,37,7,3,2,32
2.2660053146215184,6,16,39,38,5,1,23
2.2660235045294943,4,49,39,14,4,0,23
2.2661276879857497,3,7,5,1,2,2,3
2.2662193230757812,0,3,5,1,1,1,18
2.266252879787971,5,41,167,31,7,7,69
2.2662531840767315,2,0,0,0,0,0,0
2.2662726252617387,20,105,59,79,10,6,49
2.2663260760908814,29,275,165,154,20,15,276
2.26633320986539,0,4,0,3,0,0,0
2.2664556462769916,2,25,32,48,6,3,47
2.2665306296976957,10,48,49,25,8,4,107
2.2665860971830676,0,57,2,14,3,1,5
2.2666545908566578,6,28,24,54,6,1,43
2.2667260584071824,4,22,9,1,2,1,58
2.266733868669909,0,1,2,0,1,1,1
2.266818047413634,31,211,65,27,16,12,83
2.2669022806477357,1,19,6,4,4,0,10
2.267002446619201,0,1,0,0,1,0,2
2.2671346396589165,8,49,56,39,7,4,17
2.267164641647578,2,1,0,1,0,0,1
2.2672130010100804,2,32,47,30,4,2,16
2.2672898852645007,9,49,42,10,3,3,49
2.2673464923927917,9,104,145,52,3,4,54
2.2673895268276434,1,0,0,1,0,0,0
2.2675628833068484,19,204,211,113,18,17,283
2.2676403967411596,32,238,134,87,14,5,296
2.267702840323557,2,0,0,3,0,0,0
2.2677123964727035,32,550,684,252,52,24,903
2.2677191020181406,14,50,52,24,12,2,75
2.2677191986294023,1,35,11,11,3,0,0
2.267743050301839,0,5,1,7,0,0,9
2.2678280449253556,8,56,4,17,1,1,6
2.2678704599997115,3,17,36,25,6,3,25
2.2679087587656257,7,37,36,69,7,6,78
2.2679232410778427,0,5,8,0,0,0,2
2.26805936116872,7,40,5,1,3,0,14
2.268066206721081,55,345,480,331,52,34,482
2.2681836374481557,3,0,0,0,0,0,0
2.268190006952621,6,32,24,15,2,4,13
2.268208345806312,1,41,32,8,2,3,54
2.268269862547097,5,19,71,12,8,0,162
2.268302661113738,0,0,0,0,0,0,1
2.2683191156151064,0,0,0,3,2,0,0
2.2683578585582542,5,17,18,33,10,1,27
2.268366561351229,1,44,0,21,0,0,15
2.2684360435097766,1,7,10,9,1,1,2
2.2684964321974013,4,79,42,22,6,5,76
2.268544690914585,3,12,32,6,7,1,33
2.268665141402089,1,1,1,13,5,2,27
2.268707175977312,0,5,15,5,0,2,13
2.2687133629734952,5,21,193,49,12,6,44
2.2687228757536,3,5,14,54,2,3,53
2.268765082763229,10,106,126,100,7,7,95
2.2688582535980717,0,2,0,3,1,0,7
2.26889758864475,8,43,23,36,4,2,80
2.2688976745313534,2,3,59,23,7,4,35
2.269120022782528,17,116,54,14,3,1,63
2.269208623393463,12,87,162,92,8,10,137
2.269326934070929,1,15,14,15,8,0,33
2.269385499188436,0,1,0,0,0,0,0
2.269452664886554,3,20,22,19,2,0,8
2.2694742929940745,0,1,0,0,0,0,1
2.2695911795942703,0,20,39,36,8,5,66
2.269610727094588,11,22,30,23,2,3,121
2.269624947277599,4,4,11,2,1,1,17
2.269689748640852,18,109,112,113,15,1,214
2.2696935443376263,57,733,413,245,38,30,341
2.2697160400031318,0,14,26,24,5,5,27
2.2697185544195935,4,15,10,8,3,0,25
2.2698185529288777,22,137,136,53,16,6,228
2.269892726507749,2,35,10,11,3,1,13
2.269920204867993,4,50,125,57,8,1,108
2.270044927338422,5,16,0,11,0,0,0
2.270059470953866,4,13,17,39,7,3,15
2.270066116846954,0,9,14,36,0,2,9
2.2700686481915544,8,8,3,17,3,0,25
2.270143364247526,3,47,37,34,4,1,121
2.2701935634590567,5,15,0,2,4,1,22
2.2702090532216816,3,26,17,9,4,3,28
2.270236299289643,3,32,12,5,4,4,23
2.2703892348386305,5,35,65,8,5,2,56
2.2704428934654097,45,313,234,182,37,19,201
2.270443330568972,1,11,17,17,3,2,4
2.270492491994814,3,38,35,7,1,2,4
2.2706057836275257,10,33,92,17,6,0,40
2.270645493350104,2,18,29,1,2,1,18
2.2707684950785914,1,6,4,20,2,0,3
2.2707704001002615,8,71,97,95,11,5,69
2.2708697598085745,3,7,1,11,2,1,0
2.2709252168620773,1,49,44,1,7,1,49
2.270941456996906,9,73,128,74,13,15,199
2.2709637056436573,1,2,13,8,0,1,4
2.271023779935595,3,11,28,13,2,1,62
2.271062273570405,7,29,1,13,4,4,35
2.271256736009223,4,27,88,34,6,5,58
2.2712761542476767,1,27,20,35,2,2,32
2.271429719165354,1,7,3,3,0,0,0
2.2716340711399656,14,71,66,92,11,4,77
2.27168698918777,10,157,89,48,8,10,93
2.2718846783958284,7,40,58,76,4,3,80
2.2719606707018185,0,11,0,3,0,0,3
2.271979946532394,5,8,26,17,4,2,42
2.272013941955023,8,70,100,87,12,9,37
2.272188920851709,12,171,238,110,33,9,139
2.2722208220804965,6,80,1,7,1,5,15
2.2722265439422995,8,25,48,17,2,1,10
2.2722291901358154,4,21,17,15,1,1,12
2.272278283295711,5,2,100,83,10,2,51
2.272290798883975,0,0,2,0,0,0,14
2.272298744780805,3,5,12,0,2,0,23
2.2722996082504956,0,4,0,0,0,1,0
2.2724528224089537,0,0,0,0,0,0,0
2.2724600158446218,4,30,31,21,4,4,1
2.272534552525978,1,35,19,16,1,0,22
2.2725983362114395,13,78,45,39,12,4,102
2.2726994297281147,115,980,473,407,48,48,587
2.272743775851501,4,3,30,11,5,2,32
2.2729175595901374,7,45,9,30,2,3,29
2.272921515334707,20,223,158,191,19,11,151
2.272958630270767,2,10,7,6,3,0,8
2.273031887594088,1,13,0,3,1,2,25
2.27307025997134,3,53,4,26,4,0,5
2.273089225920301,5,37,31,12,1,1,16
2.273103795411436,59,340,330,144,40,21,222
2.2732160094698597,32,116,100,109,22,16,180
2.2732177916597442,0,2,8,6,2,1,10
2.273268352944928,0,0,0,0,1,0,0
2.273291768478418,1,15,11,17,2,2,0
2.273301597107959,0,1,6,17,0,0,2
2.2735123838199716,5,69,95,24,3,0,1
2.2736155511323117,1,34,8,0,0,1,5
2.2736313955116425,7,36,98,45,6,3,29
2.2736404281460882,11,39,91,36,10,9,89
2.2737436517261114,6,42,24,35,4,2,32
2.2737535099472836,15,75,52,65,11,11,52
2.2738307644712763,0,0,0,10,0,0,0
2.2738405358046427,8,54,45,14,7,2,85
2.2738583910973946,4,75,37,9,4,5,46
2.2738658231826885,36,380,302,123,24,10,164
2.273978297818199,5,46,4,65,7,0,29
2.274099732517081,1,7,31,20,3,0,17
2.2741089000823176,4,4,11,13,4,1,9
2.2741274764618264,6,33,16,27,2,2,41
2.2741862053651545,2,12,15,7,3,1,20
2.274207554464975,16,63,94,18,6,4,13
2.2742225728249417,17,64,38,54,8,8,44
2.2742503307980053,2,14,38,37,4,3,46
2.2742516890591444,3,11,18,19,2,0,45
2.274266244873426,13,57,44,121,13,9,71
2.2742892805402066,5,37,15,22,3,0,37
2.274344732967021,0,0,0,0,0,0,0
2.2743717156287975,1,14,10,1,3,0,1
2.274412493389745,4,0,17,13,2,1,22
2.2744484607146997,7,65,125,55,14,2,106
2.2744984724607415,6,74,19,24,6,3,41
2.274530214816474,1,17,9,18,1,1,9
2.2745883197233976,43,203,192,227,19,13,193
2.2746949809510912,8,99,39,62,13,2,70
2.2747105148818716,18,185,171,86,17,8,146
2.2748251880281862,1,22,7,16,0,0,2
2.2748893956055114,26,145,184,134,18,4,100
2.274922992408106,10,102,39,45,5,9,60
2.274933716507995,0,1,0,0,0,0,0
2.274960887659987,90,863,335,208,45,25,395
2.275061188848405,4,30,22,0,0,0,4
2.275096255613571,1,10,4,22,4,0,23
2.275130980070451,10,35,28,72,7,6,19
2.275142874075215,120,654,572,512,94,51,728
2.275227676449815,8,33,36,36,5,1,42
2.27531058561904,4,21,6,35,4,2,15
2.275333599905372,4,25,46,32,8,4,19
2.275383566229624,1,3,20,9,5,0,29
2.2754559131518786,6,29,19,45,2,2,37
2.275512511659256,12,36,38,52,1,6,29
2.275541877607052,1,3,9,21,0,0,5
2.2755641143527496,2,4,9,17,2,1,6
2.275610883405729,0,20,0,2,0,1,9
2.2756835490571237,5,22,34,8,2,0,46
2.2757002236189505,1,1,31,3,1,0,13
2.2757542419357217,1,1,0,0,1,0,0
2.275831369118535,1,22,25,22,2,0,7
2.27594123095039,4,4,1,2,0,0,2
2.2761595526026093,8,77,0,0,0,1,0
2.276294563716169,132,1309,1291,800,138,77,1456
2.2765295438855926,1,9,3,36,3,1,10
2.2766947953418515,8,24,49,38,8,4,48
2.2766964739362288,0,1,20,11,5,1,17
2.2767297768269916,36,282,189,256,18,17,230
2.276937793291745,3,35,6,7,1,3,17
2.2769873911677845,34,315,344,453,55,18,302
2.277025094774516,2,14,6,2,3,2,20
2.2770522898135663,4,38,41,4,4,4,47
2.2770812902232955,2,0,0,0,1,0,0
2.2770881378373278,0,15,17,18,3,0,1
2.2772641182773334,2,8,12,14,1,1,6
2.2772705170685223,17,155,298,77,11,6,306
2.2773061525555787,5,42,84,98,10,5,93
2.2774259503674132,5,1,0,8,0,0,1
2.277607707789127,21,178,139,102,9,11,171
2.2776195616199164,3,25,33,21,1,1,15
2.27767366556492,0,4,6,0,3,0,2
2.2777312697817806,7,110,38,26,5,7,60
2.2777733651854053,4,19,28,8,5,1,45
2.2778282330776527,10,70,44,48,9,4,71
2.2778554205160604,0,7,6,4,2,0,4
2.2778883175076037,36,249,171,242,19,19,132
2.2779758312918537,15,135,114,41,13,7,130
2.2779778769821744,1,21,35,7,5,1,26
2.2780245764689497,17,238,124,97,17,9,127
2.278259802730593,5,12,2,0,0,0,51
2.2782811788147304,7,53,93,77,15,8,165
2.278300459531728,7,64,25,61,7,3,21
2.2784143124696685,9,131,70,19,14,7,62
2.2784623996252944,2,8,12,8,0,2,2
2.278500445485446,1,0,0,0,0,0,0
2.278568117694558,4,40,28,97,3,2,70
2.278814177266322,11,23,6,5,5,1,16
2.278930254608261,1,32,22,7,3,2,8
2.2790517686812137,0,7,0,0,1,0,5
2.279057547319792,4,26,14,6,4,2,3
2.279058043963337,16,86,204,76,14,11,220
2.279062522148823,2,13,12,2,1,0,12
2.2790801189668466,1,86,48,14,2,3,27
2.2792193055537053,8,119,118,72,20,7,181
2.2792319806757733,0,0,1,0,0,0,0
2.27923798958152,2,10,8,2,1,2,7
2.279354172015213,17,68,76,67,16,3,58
2.279411362469931,2,9,31,9,5,2,25
2.2795366021924566,7,53,45,26,7,2,57
2.2795680814245247,4,5,16,21,6,3,14
2.27960468143185,1,0,2,0,0,0,0
2.2796196339341326,3,14,13,44,3,0,12
2.2796762202119467,14,67,115,96,14,5,148
2.27968047904263,25,97,42,46,10,7,37
2.279755853142535,76,1254,1426,1063,109,50,1327
2.2798311923073196,2,19,14,22,2,4,37
2.2798334048790383,1,0,2,0,1,2,6
2.279841723250026,0,4,27,8,1,0,24
2.2799160293409857,0,1,0,0,0,0,0
2.279951343607058,9,120,148,108,24,14,107
2.280004142218131,35,259,289,229,53,18,455
2.28006383943784,7,27,41,36,6,2,15
2.2801507186638625,2,15,3,23,0,0,3
2.280175443359152,4,13,24,19,2,1,40
2.2802164299795633,1,4,10,41,0,1,17
2.280218761242394,13,134,179,125,15,12,188
2.280226831181685,1,2,0,54,0,0,0
2.2803034923817815,0,0,8,11,1,0,18
2.280353705235117,32,224,188,95,26,13,154
2.2804258101138397,10,22,35,22,5,3,51
2.2806116829223093,19,62,141,86,20,21,216
2.2806184844859247,30,120,149,79,13,10,119
2.2807624892729077,45,1459,77,51,15,7,129
2.2807925004718,3,38,27,30,6,3,24
2.2808237125658746,0,0,0,0,0,0,0
2.2808387645577857,1,1,1,0,0,0,1
2.2808557063514225,0,0,0,0,1,0,0
2.280858768149969,6,62,66,86,2,8,23
2.2809550934726404,5,50,18,26,2,0,15
2.280988565693794,36,180,90,62,15,10,161
2.2811231238699965,1,0,0,0,0,0,0
2.2811667509558324,2,23,17,48,3,2,36
2.281218309793506,32,301,227,122,36,21,274
2.281263642925513,5,34,3,20,4,2,3
2.2813279159349746,5,33,21,30,8,1,7
2.281462782891918,1,20,1,5,1,0,15
2.2814633900800474,2,3,0,23,0,0,6
2.2814797567099023,1,35,15,11,5,3,54
2.281531985259123,2,69,93,30,3,2,15
2.2816489797738333,13,133,81,82,4,12,90
2.281693882219117,0,0,0,0,0,0,0
2.2817712332127122,17,83,79,73,10,6,142
2.281779530308897,0,1,0,0,0,1,0
2.28182493730462,25,270,79,112,21,7,114
2.281870471977711,3,4,15,0,0,1,5
2.2819321256336433,18,189,236,96,16,9,218
2.2819755849654078,29,263,164,169,22,17,165
2.28198275750857,0,7,11,0,4,1,24
2.2820547488755434,30,142,308,199,44,26,442
2.2820899595461697,0,17,13,0,1,2,5
2.28211922367124,5,46,2,8,0,0,0
2.2821716567216006,34,301,196,162,35,21,248
2.2822366224439894,9,78,140,63,8,12,173
2.2822472530794973,5,13,36,58,12,5,69
2.2823345410950173,1,2,0,0,2,0,4
2.282351824942601,2,14,12,7,1,3,9
2.2824238185063934,10,60,103,86,13,7,99
2.2825080070300596,2,10,9,0,2,1,8
2.282578090380271,4,64,29,25,5,3,17
2.28257875150324,149,1024,462,259,65,48,600
2.2826119511593004,0,7,22,20,3,1,11
2.2826692566244184,2,7,13,22,4,0,7
2.28268082556656,9,40,120,62,8,6,227
2.2827598594868395,1,1,3,12,0,1,35
2.2827855540943296,4,22,28,17,6,4,10
2.282875903594718,3,16,18,1,2,5,11
2.2829283570173007,8,31,0,6,2,0,16
2.282998267349598,40,330,348,309,41,36,389
2.283011221232885,2,53,31,33,4,2,32
2.283013075994825,2,31,51,70,9,1,94
2.2830794983573415,0,0,2,0,1,0,3
2.283198479296924,3,40,125,18,14,5,76
2.283222572249996,15,111,28,10,7,2,43
2.283244263915551,10,84,97,48,8,2,93
2.283250690664484,19,113,54,19,10,5,57
2.2833204311408775,2,145,7,14,2,3,13
2.2833409389126795,3,1,1,0,5,1,45
2.283363459441599,2,3,36,12,4,2,30
2.2833654711085014,83,361,148,135,26,16,138
2.283413937705981,1,11,0,6,2,0,0
2.283515918160354,1,0,0,0,0,0,3
2.283565268231579,11,37,139,36,16,4,159
2.2835656665631894,5,20,27,17,4,2,15
2.2836800468088083,13,57,21,28,5,5,52
2.2836939950758444,27,163,109,158,21,21,240
2.2837186938288108,9,19,63,65,5,1,39
2.283756117823285,37,218,232,296,23,19,180
2.2837570168119634,4,16,56,36,1,2,15
2.283851518047994,2,7,4,0,3,0,24
2.28392698606182,2,2,4,3,2,0,20
2.28395463973992,4,65,94,23,4,4,59
2.2839656770098418,3,6,12,17,0,2,7
2.2839807505053558,13,46,17,19,2,3,33
2.2840051875223297,20,167,187,59,16,6,135
2.2840852690329854,11,84,35,16,9,1,14
2.284173989076378,1,0,0,5,0,0,1
2.284182618598086,1,16,25,15,5,5,45
2.2842069733374157,1,30,12,16,4,1,69
2.2842255444794146,13,107,90,31,6,3,65
2.2843965365165415,0,1,1,0,2,0,1
2.2843977415146686,0,0,0,0,0,1,1
2.2844037959492387,9,20,63,46,5,4,54
2.284436940544215,2,37,27,42,4,4,100
2.284503029923399,9,52,67,42,14,7,52
2.2845256277551567,4,59,34,17,5,6,76
2.2845662057019784,3,30,52,18,6,1,29
2.2845925896590003,19,139,91,31,15,8,83
2.2846902504717543,0,1,0,0,2,1,1
2.284702212733418,2,50,30,18,4,2,31
2.2847530051654354,21,196,28,47,8,7,85
2.2847935273208155,18,145,240,149,25,7,287
2.2848449683742174,7,70,30,23,11,4,135
2.284908858548945,2,37,83,74,5,5,89
2.2849513528005234,6,3,2,2,6,0,23
2.2850789532680498,5,27,20,17,2,1,0
2.2851720225853227,1,0,0,0,0,0,0
2.285217331591179,3,10,5,10,1,0,22
2.2852195747748683,0,3,0,1,0,0,0
2.285241668871135,5,54,71,52,6,2,52
2.2853096459465334,5,93,83,41,4,3,138
2.285380138480867,26,135,170,58,18,9,240
2.285480302325523,22,135,139,142,14,14,102
2.2856308330784647,4,25,21,21,2,3,26
2.2856894269836006,2,2,38,11,3,2,30
2.2857279634255887,1,0,0,0,0,0,0
2.285971193137082,5,9,20,14,1,1,7
2.2859728568960938,43,264,298,250,31,31,384
2.2860170632390537,16,127,50,25,12,5,75
2.2860791240322054,8,64,51,52,7,3,41
2.286081719074839,6,113,76,7,9,4,107
2.286108854015919,6,0,7,53,2,2,0
2.286142603262817,2,35,29,12,3,0,39
2.2861704135372105,209,1990,1735,766,142,73,1809
2.2862867645258773,3,2,2,5,0,1,4
2.2862992974844087,7,18,106,33,6,0,20
2.28637979457033,20,68,134,62,9,3,58
2.286399804539826,1,8,13,18,3,0,4
2.2864938696581025,0,20,3,11,3,0,40
2.286499098566897,4,6,24,0,4,1,19
2.286539856450891,1,0,0,0,1,1,0
2.2865546459681276,13,53,72,88,15,8,57
2.286626075515366,5,17,29,11,6,1,10
2.286695806614805,0,0,1,0,0,0,2
2.2867169856605805,0,0,0,0,0,1,0
2.2867688718077264,0,0,0,0,0,0,0
2.2867791745935877,0,0,1,0,0,0,2
2.2867888634869034,1,9,4,3,1,0,1
2.286814056704254,2,1,6,11,2,0,6
2.286814599746832,1,26,45,18,7,4,43
2.2868367378804653,3,52,7,40,2,2,17
2.2869528526056877,2,0,5,4,1,0,7
2.2870378190013816,13,451,64,4,10,10,174
2.287132414050887,7,60,228,41,10,9,68
2.287137634919062,0,4,1,0,0,0,7
2.2872169929432236,0,3,0,0,0,0,0
2.2872739505139084,1,0,16,0,0,0,0
2.2872865357885455,2,4,21,0,2,0,28
2.2873279970347773,10,23,130,27,6,4,62
2.2873571521645384,17,116,52,25,7,3,34
2.2873710531799043,16,89,132,64,14,6,129
2.2874107962086803,5,22,30,20,9,3,81
2.287490825822035,2,7,3,2,3,1,3
2.2875070725185114,14,96,50,33,8,3,92
2.287526419058167,27,85,48,27,9,5,64
2.287550977909851,3,38,38,41,7,4,27
2.287555289655517,0,1,6,3,4,0,9
2.2875669228499933,8,4,47,18,4,1,35
2.287624335538365,0,0,0,0,1,0,0
2.2876676061647006,9,136,126,120,8,5,218
2.2878254823373037,3,14,14,11,5,2,74
2.287833050623122,8,123,88,12,8,4,70
2.2879419146079076,5,35,298,25,5,2,170
2.2880413232975356,4,27,13,12,3,4,7
2.2881604506983813,5,8,8,22,1,2,6
2.288171096597936,8,32,46,7,5,3,18
2.2881793970069046,0,7,0,9,0,0,0
2.2882091749859303,2,6,6,8,0,1,0
2.2882986455914445,9,161,206,144,26,8,309
2.288319797996707,1,1,0,0,0,0,2
2.288338212605244,2,11,29,32,9,1,36
2.2884026846390397,3,12,2,26,2,2,11
2.288570187432304,17,48,30,94,11,5,80
2.288655850421861,5,34,56,7,2,2,46
2.2886627626177183,1,15,1,8,0,1,0
2.2887018404664485,36,228,303,195,29,18,290
2.288752191856648,0,0,2,0,2,0,0
2.288763379952433,5,49,9,40,1,3,31
2.2888627174445997,9,133,271,73,14,7,186
2.288898916075077,0,11,13,0,3,0,25
2.2889070474165756,0,42,14,0,2,3,7
2.2889344971728636,4,101,49,61,11,4,84
2.2889600368565763,1,4,14,14,2,1,6
2.288963786595185,0,6,18,14,2,0,4
2.2890405441497403,10,42,72,69,8,4,33
2.2890464506532244,2,1,11,34,2,0,37
2.289092545830322,20,132,90,100,12,6,107
2.2892400719551684,0,9,17,1,4,1,11
2.2895090406099343,2,7,5,5,2,1,15
2.289649109501449,18,117,96,73,14,3,97
2.289649667521123,10,48,0,3,0,2,0
2.2896688501152695,0,0,0,0,0,0,0
2.2898254531650784,5,43,38,86,4,3,55
2.2898584172624235,5,50,49,39,3,4,12
2.2898684845809543,7,30,0,15,1,3,0
2.289931765073644,4,63,28,73,4,2,40
2.290023440788888,20,249,168,79,25,15,203
2.2900740915366558,7,6,9,35,6,0,22
2.2900990520646354,5,97,20,42,11,1,29
2.290230180069628,4,21,56,41,8,2,63
2.290245328887717,6,22,15,10,7,1,14
2.2902906803033454,4,19,10,6,4,1,21
2.290350718382324,5,41,15,59,5,0,23
2.290365848504272,0,0,0,0,0,0,0
2.290396984857427,1,1,0,0,0,0,0
2.2904664425163332,4,19,27,35,5,4,39
2.290479981066838,9,51,76,33,5,5,36
2.2904831566247075,3,91,28,16,6,0,57
2.2904845111035272,0,18,30,0,3,0,41
2.2905001454410034,6,19,3,3,1,1,6
2.2905787030043183,2,13,15,23,2,1,20
2.2906881555348213,7,22,0,6,1,0,0
2.2907401162193466,21,204,45,49,9,6,118
2.290775787785038,2,15,16,4,0,0,14
2.2908126124455133,2,5,2,22,0,2,10
2.2908319364442384,5,118,33,25,4,6,28
2.2908389256572557,8,98,68,26,8,4,34
2.2908631822186436,5,47,43,32,6,2,51
2.2908777768342303,3,6,7,1,1,1,2
2.290927850468335,3,21,12,7,4,1,5
2.290951141506043,1,18,0,0,0,0,0
2.290954573989472,2,16,12,21,1,2,27
2.291022984674972,4,12,3,5,1,1,13
2.29109266248115,0,27,10,1,2,0,30
2.2911357378389328,0,7,9,4,2,1,1
2.2911534201255876,1,2,20,4,2,1,9
2.291222396386279,11,76,159,193,19,9,144
2.2913348410204155,7,81,119,74,12,4,81
2.2913399426896355,11,63,55,21,4,6,44
2.291381676235389,2,8,34,6,1,1,0
2.2914788490774427,0,0,0,0,1,0,0
2.291493558800988,0,3,0,0,0,0,0
2.291493756066582,6,12,19,21,3,0,55
2.291770307829274,4,10,1,6,2,0,19
2.2918552626439834,1,0,0,0,0,0,0
2.2918732397083694,28,193,85,58,4,12,19
2.291874925852802,7,189,434,44,18,5,317
2.291876661266923,37,445,71,30,5,14,63
2.291966324607277,0,10,66,2,2,2,169
2.291981877605712,5,16,36,24,4,4,44
2.292059940207953,0,0,0,0,0,0,0
2.292121760443551,27,158,106,98,19,7,159
2.2921493019470023,7,49,51,45,8,1,71
2.2921524028153124,9,64,0,11,3,1,90
2.2921754218804113,17,179,126,73,28,8,329
2.292187111435795,0,0,0,3,2,0,0
2.2922725902207497,30,217,412,199,42,17,310
2.2922755221435405,0,1,0,26,2,0,0
2.2922835551291167,0,0,0,0,1,0,0
2.292310941559646,1,1,18,17,1,1,13
2.292338387340735,2,3,17,1,0,1,9
2.2923476219265013,8,1,36,2,3,6,9
2.2924283413148903,8,147,135,70,19,9,144
2.292432865635417,6,15,50,63,9,4,11
2.29245060937347,11,99,41,38,8,10,46
2.292508721133289,3,16,58,10,1,6,32
2.292658715275458,2,34,30,10,3,0,47
2.292664593550092,5,24,17,5,2,6,43
2.2927421406160486,4,19,52,52,6,4,51
2.2927632162191864,4,3,2,6,1,2,2
2.292772899629117,6,49,1,1,1,1,15
2.292854899596951,2,25,0,0,0,1,4
2.2928940651806697,1,32,88,12,11,1,78
2.2929314713257845,9,107,51,29,2,2,33
2.2929583031902476,0,0,0,0,0,0,0
2.2930002878243974,17,89,53,6,3,6,77
2.2930571686980623,66,565,73,58,7,15,73
2.293066947281645,1,3,12,0,0,0,0
2.293161525562884,3,17,26,32,3,3,69
2.2932755400528313,17,1350,1354,356,32,6,913
2.293307494147016,46,263,652,328,55,40,660
2.2933377589062323,88,984,586,462,81,48,855
2.293487270225594,0,0,0,0,0,0,0
2.2935052104729787,2,7,14,18,2,1,7
2.293652613822151,14,121,124,37,10,6,150
2.2938294245404003,13,79,59,5,3,3,11
2.293969120076175,1,0,0,0,0,0,0
2.29399038396835,3,33,11,1,2,2,28
2.294046038831647,4,15,8,8,1,1,10
2.2940541175165374,1,31,37,10,1,4,14
2.2940751137999906,47,446,28,103,3,21,18
2.294081277725035,7,19,25,21,4,5,40
2.294250573011783,1,0,0,0,0,0,0
2.294369120216872,1,11,1,9,0,1,44
2.2943852188260454,5,62,136,36,4,4,101
2.2944159916424787,2,2,0,0,1,0,0
2.2944511352710952,8,35,70,35,8,4,32
2.294454661315132,5,7,46,40,3,6,30
2.2944828139108693,10,35,109,35,10,6,79
2.29461698549363,0,0,0,0,0,0,0
2.294753524489852,19,217,257,135,25,17,319
2.2947821921864153,37,195,299,386,27,21,238
2.294905542333739,0,0,1,0,1,0,0
2.295014194407088,2,0,1,0,0,0,4
2.295184956759808,0,0,4,0,1,0,1
2.295188139832659,0,1,4,5,3,0,0
2.2953442356876312,8,8,31,18,2,0,22
2.2953511321057034,1,0,34,14,1,0,0
2.29536288255367,2,1,0,4,0,0,0
2.2954517216514216,18,116,197,247,26,12,193
2.295564473774201,1,7,22,7,1,1,19
2.295603489761298,0,0,0,0,0,1,0
2.2956645113186522,1,1,1,1,0,1,6
2.2956946387824235,5,88,36,52,8,7,128
2.2957114264032312,2,29,28,20,4,2,28
2.2957152497310096,2,0,2,0,0,0,0
2.2957313084465776,9,15,39,10,6,1,33
2.2958275060515065,4,74,13,13,2,1,53
2.2958341602273546,85,570,173,218,32,21,219
2.295966075232991,8,70,77,29,4,2,7
2.2959974268976593,0,1,8,17,0,0,1
2.296160560615246,6,21,19,15,2,1,8
2.296216101464785,8,72,36,22,7,3,40
2.296248174818006,10,72,44,23,5,3,79
2.29625314438241,4,50,0,33,0,3,14
2.296282694113822,1,2,0,1,0,0,0
2.2962883836853276,6,54,31,27,12,5,35
2.2962996652497583,1,43,41,0,2,1,8
2.2963651073899607,0,15,30,0,0,1,30
2.296376719756756,0,1,0,0,1,0,1
2.2966523028307515,21,60,26,26,9,2,22
2.296657109757384,2,40,4,6,3,1,21
2.2966882291759467,3,32,69,62,7,2,59
2.2967689213596048,4,3,5,18,1,1,6
2.2967887693111044,0,0,0,0,0,0,0
2.2968021886626624,7,34,14,9,5,1,8
2.296873173420155,3,49,42,64,4,7,58
2.2969897195296154,4,25,30,24,2,4,59
2.2970338527273193,12,66,29,44,8,3,49
2.2970526846577477,10,42,72,38,8,7,114
2.297198476865209,17,64,47,51,2,2,74
2.2972511279096315,59,327,377,189,46,23,365
2.2973886007869946,29,266,293,164,25,7,337
2.297401843021789,0,0,0,3,0,0,0
2.2974170743658195,14,97,35,10,7,4,21
2.2974377949752443,4,28,14,23,3,4,30
2.297500233781149,3,4,1,0,3,1,8
2.297518711872895,14,108,119,53,10,3,107
2.297574470773453,47,395,477,258,69,25,517
2.2978810234889164,1,11,13,10,3,3,6
2.297911926787449,17,76,140,66,13,6,181
2.2980027702959127,12,132,154,52,11,8,108
2.298121291094508,4,26,27,36,3,3,25
2.2981630577897905,24,163,165,161,29,7,221
2.298185238142204,2,12,15,16,4,0,16
2.298208222730199,10,23,30,22,2,2,26
2.298227760212089,6,33,6,6,0,0,7
2.2982880890838184,0,0,0,0,1,0,0
2.2983151623537874,19,191,165,79,23,9,206
2.298385947801055,2,4,0,1,0,0,0
2.298399752003774,0,19,0,8,0,1,3
2.29844704863547,1,1,5,5,0,0,3
2.298564869087074,7,18,45,9,6,0,42
2.2985770563181123,1,18,8,16,0,1,16
2.298624966051162,2,11,16,14,0,3,8
2.298721574542832,12,57,111,32,12,2,35
2.2987563532945754,6,23,17,26,4,1,22
2.298881244365489,7,25,94,17,5,2,41
2.2989397571550647,48,293,225,197,30,18,208
2.2989667399099587,29,133,142,118,20,9,158
2.2989740057946464,6,30,24,80,2,1,37
2.2989790290136045,41,251,395,250,51,25,247
2.2990228473903804,25,110,125,32,12,7,87
2.2990270128463153,0,0,0,27,1,1,0
2.299043303222903,24,148,147,70,11,11,126
2.2990556073043678,1,22,28,22,5,3,52
2.2991781864911225,4,44,27,6,2,1,31
2.299190801251303,9,74,70,56,17,6,91
2.2992144438398756,36,147,139,70,20,11,193
2.299244033611273,27,167,99,79,13,8,138
2.2993117021661793,0,6,0,0,0,1,0
2.2993640263753448,0,1,0,0,0,0,8
2.2993705657408463,1,8,25,7,2,0,12
2.2994641957406823,1,11,42,37,2,0,61
2.2994668291535083,18,132,158,58,11,4,155
2.299519639538517,3,11,13,4,5,0,35
2.299631322551626,4,31,46,57,5,8,58
2.2997370355623294,56,255,83,136,26,18,98
2.299747945973709,0,4,4,0,0,0,0
2.2997653617366542,8,53,36,3,8,3,20
2.2997912514819925,2,67,0,10,0,0,33
2.2999320694688614,21,733,1,1,3,3,1
2.2999561501464236,8,117,87,55,10,3,81
2.2999903949559055,6,14,21,5,1,5,64
2.3000561871710707,2,36,14,5,0,1,5
2.3001314036705627,3,9,9,0,0,0,4
2.3002013723143913,0,4,11,2,0,0,2
2.300201933267171,2,0,0,7,0,1,7
2.300204961401432,0,0,0,0,0,0,0
2.300265353392283,2,0,34,7,0,0,12
2.3002658467983843,14,56,129,68,21,9,147
2.3002917098800397,6,51,70,38,4,2,55
2.3003141753501812,11,60,51,26,6,4,26
2.300353537790712,2,15,62,136,11,8,101
2.300404377538385,3,43,8,7,3,2,39
2.300537894754189,1,8,11,16,1,1,18
2.300587040941496,2,0,0,0,0,0,0
2.3006579698918057,24,259,268,187,27,12,319
2.300692524071792,1,18,14,21,3,0,18
2.3007884336255113,1,14,2,4,1,1,2
2.300814895939014,1,1,1,0,1,0,0
2.300834036383601,4,1,78,60,10,5,64
2.3008731096265898,5,55,38,25,9,6,32
2.3008927995439117,2,6,0,2,0,1,3
2.300978031701996,18,72,42,55,4,7,60
2.301025477767593,6,30,2,9,1,3,4
2.3011924837466706,8,94,113,113,17,7,89
2.301210750832335,10,200,180,68,22,4,141
2.3012672595404657,16,97,33,8,6,4,76
2.3013056900474216,8,11,0,0,1,1,0
2.3013912280242477,7,35,112,38,9,4,60
2.301425941691061,0,0,20,4,1,0,4
2.3014622848131934,20,83,122,64,11,9,141
2.3015046819699037,1,14,1,0,2,1,3
2.301585326737542,0,0,0,0,0,0,0
2.301590663926594,76,483,477,268,45,50,439
2.3016434738364495,1,2,5,8,1,1,10
2.3016586782491504,7,31,25,17,8,2,35
2.301805619604917,1,0,0,0,0,0,2
2.3018116648416114,5,4,20,37,6,5,30
2.3018189815743977,12,51,65,26,5,5,75
2.3018218052275294,20,187,234,129,25,8,171
2.301835816848861,0,0,0,0,0,0,0
2.301895604961252,67,678,866,472,80,45,714
2.3019038944213954,2,29,5,6,1,3,51
2.301931676534074,3,23,19,5,3,1,38
2.3020781669282653,1,5,7,16,6,0,5
2.3022335583925133,3,23,34,6,5,3,55
2.302242396667393,4,15,32,31,0,1,16
2.3023579025851313,0,17,24,2,1,0,30
2.302359957046344,11,60,109,65,3,5,48
2.302521493280959,2,2,1,18,2,1,9
2.302545373575804,0,0,2,3,0,0,13
2.302557679126047,0,0,0,0,0,0,0
2.302585226520604,0,0,0,0,0,0,0
2.302590781651013,10,74,44,60,6,6,67
2.3026331173588876,1,18,12,5,3,3,16
2.30263399189978,37,373,238,97,32,14,305
2.3026845016331925,2,10,15,12,2,1,9
2.3027134067512596,2,10,0,0,1,0,6
2.302731935869835,4,2,60,12,3,2,48
2.3027452552530008,0,3,1,7,0,0,2
2.3027493104240966,24,214,212,90,27,14,281
2.3027844981958854,7,147,48,19,6,4,71
2.302870175113414,16,90,104,51,15,2,47
2.302902626685883,5,19,43,23,2,1,18
2.303010837010332,10,111,52,21,5,5,71
2.3030120492902095,0,0,0,0,0,0,0
2.3030368370511693,15,111,129,18,7,4,107
2.3031912131889327,12,197,123,31,14,4,51
2.303249130588935,5,11,13,8,0,1,9
2.303418076447943,11,9,90,41,6,3,107
2.3034266231955387,8,53,35,33,8,3,27
2.3034518856947175,6,31,34,12,7,3,35
2.3034659058260485,6,33,12,37,7,0,13
2.3035558087110033,7,18,21,13,4,1,13
2.3038745617230645,5,34,52,75,11,4,80
2.303890187055535,5,51,44,55,10,5,121
2.303924347990196,1,0,0,0,0,0,0
2.304366882726813,3,13,8,3,1,1,24
2.304416641785091,17,354,591,158,37,12,419
2.304548704616657,5,70,52,11,3,2,81
2.3045870332254923,0,0,0,0,0,0,0
2.304625675163276,4,33,22,25,4,4,38
2.3046281918361844,5,180,1,102,4,1,119
2.3046414023285906,6,131,72,15,11,2,82
2.3048430814115797,1,7,1,0,0,0,4
2.3049223430910137,25,86,60,50,5,13,39
2.3049487806570625,7,35,71,2,3,3,76
2.3049596356910915,6,1,2,18,3,1,20
2.3049930348157757,0,1,18,22,3,2,31
2.3050013463016494,4,24,56,38,1,1,34
2.3051223511344396,0,0,0,0,0,0,0
2.3051376836623216,1,16,41,35,3,2,16
2.305144248067625,16,62,74,70,14,6,99
2.3051497459642953,7,26,35,18,1,2,5
2.3052239673129145,0,0,2,19,1,1,3
2.305263275888634,10,90,123,82,9,8,156
2.3052820502016687,8,57,62,74,15,6,110
2.305339902313154,4,19,21,4,3,2,17
2.3055328482596282,7,62,130,67,7,7,156
2.305589689256511,0,0,0,0,0,0,0
2.3056586373875727,2,12,33,7,4,1,25
2.305685256658631,18,92,74,10,15,5,105
2.3057154169346115,2,6,21,10,3,0,14
2.305753939575309,0,0,0,0,1,0,0
2.3057724222223,18,110,134,64,16,6,147
2.3057946103181,4,33,15,87,0,10,5
2.305825683386794,1,0,15,0,3,1,22
2.3060468662149973,1,3,0,5,0,1,0
2.3061414353948915,6,23,68,22,8,1,73
2.306156103258014,2,0,71,58,1,0,0
2.3063594472563347,15,100,23,24,8,5,184
2.3063617139255177,4,8,1,0,2,0,3
2.3063850250423643,7,25,32,23,8,5,55
2.306433332808293,1,0,0,7,1,1,4
2.30643955802793,11,168,62,70,7,3,70
2.3064575144270085,2,11,8,0,1,3,18
2.306537800865821,7,11,59,26,2,0,0
2.3065918044750546,5,29,8,13,2,1,4
2.3066866413500864,7,25,5,2,1,4,1
2.3067016642261615,1,23,33,18,3,0,21
2.3067067288570913,2,7,15,14,2,1,7
2.306738817518639,6,27,119,86,16,14,107
2.306791955238445,5,6,56,31,3,3,37
2.3070092971215805,9,31,38,14,3,3,26
2.307089553879261,13,70,43,38,4,3,64
2.3071744358247592,2,1,0,11,0,0,5
2.307187609974893,5,3,4,19,1,2,8
2.307267854209785,4,7,22,2,3,0,36
2.3073086693691285,21,69,75,97,12,8,72
2.3073270429065675,9,21,33,11,7,2,51
2.3073282258870464,2,2,7,0,0,1,5
2.307373975115248,2,15,28,2,6,2,57
2.3073832956947324,0,18,3,12,0,3,0
2.3074321165185965,1,1,11,8,1,1,4
2.307442869900046,3,4,20,10,1,1,25
2.3075394313325734,7,111,166,110,16,4,161
2.307701789402749,8,56,68,79,7,10,77
2.3077276709178833,1,39,0,0,2,0,0
2.3077731018883645,18,168,116,74,12,10,76
2.307802517452187,0,6,11,1,2,1,9
2.307868429965528,3,3,19,24,1,1,7
2.3078954339539615,7,26,42,57,1,7,75
2.3078990178636194,5,22,15,1,1,0,18
2.307907944620706,0,33,6,21,4,1,46
2.3079324848404577,0,1,4,3,3,0,6
2.3079745550541215,23,67,202,199,24,14,236
2.3079762038147957,11,50,115,75,7,2,112
2.308037548372602,3,1,0,3,1,0,6
2.3080460949596247,2,3,25,30,4,4,14
2.308082194836384,11,37,21,16,4,7,58
2.308114588105734,1,8,12,0,2,2,12
2.3081155931563777,31,190,210,99,33,14,239
2.308191218620016,0,2,5,0,0,0,3
2.3084282212679708,9,64,109,59,22,5,103
2.3085121825117696,1,4,2,21,3,0,1
2.308582741581945,16,114,71,111,10,12,175
2.3086309388982182,9,58,84,38,6,9,58
2.308663502351297,19,192,281,116,28,21,353
2.3086745182909385,1,2,4,7,1,2,7
2.308718802542112,1,0,25,22,0,1,15
2.308770510807816,5,96,87,59,8,5,96
2.3087729785920996,15,138,49,58,5,4,41
2.3088603249005812,0,6,2,0,0,0,11
2.3089027297853244,3,19,12,17,2,1,19
2.308992533450078,5,79,5,30,4,4,25
2.3090930337969096,29,141,108,105,23,15,69
2.3091096793071832,12,137,105,23,13,1,151
2.3092595624324876,16,48,34,30,7,4,30
2.3093141610612515,3,5,40,3,1,2,13
2.3094930367601223,2,13,8,10,5,0,34
2.309597976061502,2,24,65,8,2,0,21
2.3096096505091745,0,0,0,0,0,0,0
2.3096606804621582,2,3,0,3,2,0,0
2.309664865842046,3,46,7,17,5,5,28
2.309671017764611,1,13,16,0,1,1,15
2.309735078207122,6,59,36,81,10,4,77
2.309971577176547,1,5,5,13,0,0,9
2.310064611300834,5,85,83,18,10,3,41
2.3101262883980977,7,45,55,48,5,2,42
2.3101350236841056,5,17,0,0,0,0,0
2.3102452284461843,9,52,29,24,6,1,62
2.310335547856323,1,16,27,13,2,1,9
2.310353140065611,8,33,17,47,4,3,13
2.3103773541876,2,13,6,7,2,0,14
2.310485235878807,1,6,12,7,0,1,6
2.310499462222846,2,4,19,8,1,0,46
2.310513261019724,1,3,3,2,0,0,3
2.31052675281546,0,26,0,12,0,1,0
2.3105395029079685,17,33,98,84,9,1,80
2.310606102342677,3,31,9,11,3,2,18
2.310617121651359,0,0,0,0,1,0,0
2.3106266149692773,1,4,8,0,1,0,4
2.310687029266204,15,75,40,75,11,3,73
2.310764803002554,2,5,2,14,2,0,2
2.310825823315841,6,14,24,69,4,5,45
2.3109297379537956,1,9,0,0,1,0,22
2.311126127444529,13,110,48,27,9,8,29
2.311147279537869,1,0,0,5,0,0,0
2.311157211690237,4,33,10,13,1,0,6
2.3111760105186723,4,32,27,26,5,3,58
2.3111915258134417,5,64,93,13,7,3,158
2.3113509715305396,4,55,94,74,14,3,88
2.311373466756886,0,1,2,6,2,1,5
2.311558040334965,13,50,103,94,16,6,38
2.3116992695355614,2,4,0,10,1,0,6
2.3117076979717743,2,4,3,13,0,2,2
2.311718726825187,8,115,86,4,9,1,62
2.311755441687006,0,0,0,12,0,0,1
2.311799373932344,21,123,96,54,8,7,72
2.3118120099874293,7,44,39,69,12,3,61
2.311822178814249,28,309,5,22,7,4,34
2.311842019848708,0,0,0,1,1,0,0
2.311871641684541,1,5,18,13,4,0,12
2.3119733535640106,6,54,9,18,6,4,41
2.3119760903989337,7,171,122,145,18,5,131
2.3120434642405145,3,13,2,31,5,0,17
2.3121100165595823,4,15,3,0,2,2,40
2.312141567665552,27,103,36,9,4,11,73
2.3122671234825356,5,79,115,55,14,4,78
2.3123037013131253,8,41,119,59,16,7,156
2.3124144802401045,1,0,0,1,0,0,0
2.3125027916875087,2,4,18,17,3,3,31
2.312633644599143,2,16,12,0,0,0,0
2.312681748815887,1,23,5,8,4,1,16
2.3127121360040634,87,514,594,577,88,49,603
2.31287162422847,3,29,43,16,4,0,10
2.312941355665489,5,21,14,23,4,1,34
2.313031219828151,21,139,61,30,11,10,112
2.313289333671143,11,49,13,43,4,5,35
2.313423004329734,5,31,16,17,6,4,11
2.3134260960446653,2,2,27,16,2,0,18
2.3134722435104025,17,63,94,140,13,1,105
2.3134783301363906,7,58,54,59,7,3,48
2.31347861799264,2,8,8,0,0,0,3
2.313594856913501,13,96,36,19,11,3,51
2.3137085652562943,0,5,5,0,1,0,33
2.313938444208718,4,41,9,6,4,1,8
2.313984890263721,4,4,35,33,3,1,23
2.3143111354050316,24,81,100,77,10,11,92
2.314375031939437,8,25,12,12,2,3,23
2.3144062121548763,0,4,7,31,1,0,13
2.314433715773494,0,34,18,9,2,2,26
2.3146642920404923,5,27,29,18,6,4,23
2.3146882435275984,4,24,21,4,5,4,28
2.3147525425124615,3,2,24,12,0,1,1
2.3147770408755868,5,24,60,57,7,3,55
2.314792589958913,4,57,19,8,5,2,54
2.3148495497444874,2,3,3,2,0,0,7
2.3149156956551686,1,0,0,10,3,0,3
2.3149228474166588,1,0,14,13,1,0,0
2.3149678279454022,4,18,36,14,5,2,24
2.3150337011837716,1,0,0,0,0,0,0
2.3150436511007313,4,13,16,10,2,0,4
2.315131042997425,11,51,43,105,13,6,121
2.315138309552846,2,3,12,5,5,0,13
2.3151799136236937,0,0,5,7,1,3,7
2.3152028937970597,5,109,39,2,3,2,12
2.315304745753947,0,5,10,6,4,1,1
2.31535979728439,0,0,0,0,1,0,0
2.315444187504235,4,2,0,3,2,0,0
2.3154447820009056,16,69,169,101,14,6,74
2.31555208315481,7,46,43,0,6,3,13
2.3155861728577865,0,9,0,4,0,0,6
2.315632525596492,10,122,101,147,8,6,83
2.3156514564123976,11,147,94,85,16,6,123
2.3156958720336442,48,172,122,153,23,19,110
2.315720817241738,17,81,195,132,17,11,180
2.3158112706995846,3,27,26,15,2,2,13
2.315852683350621,2,24,37,18,7,4,26
2.3158591522208267,1,6,11,18,1,1,15
2.3160753445352964,3,23,0,1,1,0,0
2.31610316100916,0,50,22,17,1,0,23
2.316198756022493,46,406,49,109,3,18,32
2.316210226578878,24,86,253,155,34,11,318
2.316221134706548,12,33,58,41,15,3,112
2.31622140752985,0,1,0,0,0,0,0
2.316286847336233,3,3,10,12,7,2,55
2.316314065796547,1,11,2,12,1,1,27
2.316399107422655,3,28,9,8,3,1,38
2.3164207672029016,4,0,1,0,3,1,8
2.31644659013495,10,67,62,26,9,0,46
2.316483462547148,12,65,82,149,6,6,128
2.3164914019149245,7,25,15,13,4,2,21
2.3164935705939094,1,14,38,3,4,2,12
2.316498034996799,1,1,1,0,0,1,0
2.3165195248509742,0,5,3,38,0,2,2
2.3165744628096987,0,13,21,4,3,2,29
2.3166767982992313,0,0,0,0,0,0,0
2.316749519907945,1,4,8,0,0,0,0
2.316783172614624,8,69,39,3,6,7,72
2.3167916126619033,3,18,2,18,3,2,51
2.316845881959185,3,30,25,10,6,1,13
2.3169970335218495,4,93,52,41,6,3,73
2.317036437825401,5,19,31,5,3,1,29
2.317183466049428,19,282,218,145,26,15,148
2.3171849514096277,10,75,80,108,13,9,56
2.3173242433258365,11,55,39,58,5,5,110
2.3173254878527354,11,24,54,11,9,2,48
2.3173457704892653,2,2,0,0,1,0,6
2.317434216222246,4,21,20,21,2,4,40
2.317437424317246,2,16,1,25,1,0,10
2.3174671273472285,41,229,644,491,50,13,588
2.3175295319476876,1,4,5,7,0,0,1
2.3175919904803086,10,84,51,9,3,6,111
2.317680527306675,6,33,56,103,7,5,46
2.3176816307173937,1,0,0,0,0,0,0
2.3177039684125873,12,100,1,4,2,1,5
2.3178252301862705,1,1,4,11,2,1,29
2.3179013160329274,6,59,3,8,0,2,11
2.3179157827860863,1,2,0,0,0,0,1
2.3179921579397584,1,0,1,0,0,0,0
2.3179963157468677,0,0,5,26,0,0,0
2.318011652261951,6,42,24,19,5,3,21
2.318107859871929,1,14,0,3,1,0,0
2.3182079831465727,1,13,33,14,4,0,28
2.3183413553213157,2,18,21,27,1,2,37
2.318412043090157,2,28,40,0,3,1,19
2.3184258972922738,0,3,9,24,2,1,15
2.3186209470374113,20,38,55,47,5,4,41
2.318631781560833,10,66,119,48,14,10,96
2.3187320621151146,6,65,26,49,4,3,39
2.318838801705661,0,0,0,0,0,1,32
2.3189642667026806,7,38,15,28,4,5,17
2.3190562336149227,2,13,59,23,2,3,13
2.3190785031728347,4,6,15,15,4,1,25
2.319093150989173,1,3,18,0,1,0,7
2.3190945991655525,2,11,32,7,2,1,10
2.3191018026061294,0,7,1,5,1,0,26
2.319175666778147,2,51,30,18,9,4,103
2.319263493856281,2,19,28,21,3,2,2
2.3192963207750994,14,110,97,58,16,4,140
2.3193392387739435,2,15,27,0,2,4,32
2.3195704261037124,11,131,45,49,3,4,32
2.3195922129177573,4,20,16,10,3,1,17
2.319695443089166,7,272,40,72,9,7,201
2.319715826501244,6,35,39,1,6,2,35
2.31981367520753,1,42,13,6,1,1,14
2.319886113198299,0,0,8,5,0,0,0
2.319916680409771,12,95,56,24,6,11,76
2.319982284687713,5,19,22,2,3,0,16
2.320174437891344,0,7,0,0,1,0,4
2.3202374254845437,1,11,6,2,1,0,3
2.32026417260009,55,529,245,70,19,22,197
2.320286596783981,10,27,43,8,6,3,38
2.32040893778105,1,6,4,11,3,2,18
2.3204897179800485,4,46,28,1,4,2,75
2.3205191256828264,23,124,145,64,23,9,114
2.320528998454652,0,0,0,1,0,0,0
2.320531953386636,15,109,29,47,5,7,78
2.3206900157396806,23,68,124,54,12,7,176
2.3207435849709435,1,25,16,8,2,2,10
2.3207837265651476,0,0,0,0,0,0,0
2.320814668611502,2,1,0,0,0,0,0
2.3208466236996763,52,309,200,118,23,19,387
2.3208700815354857,8,42,28,53,9,1,54
2.3209395659429557,2,28,17,14,5,4,10
2.320949598894407,2,28,15,9,3,0,12
2.320999729199015,11,50,41,17,7,2,72
2.3210431284496917,7,26,16,11,4,3,31
2.3210530062112302,0,1,0,0,0,1,0
2.3210605180296007,5,6,27,17,7,2,65
2.3211376399924326,11,168,120,100,12,3,73
2.32137964489208,5,109,41,23,5,9,69
2.321442086073676,6,11,23,27,3,4,22
2.3215230838039878,14,134,375,172,43,18,545
2.3215579010767615,4,6,10,23,3,2,14
2.321604170422693,3,56,0,2,0,0,0
2.3216099863465494,32,122,108,94,13,10,126
2.321615350772578,5,138,0,0,2,2,11
2.321684870154918,0,3,0,0,0,0,0
2.3217347455232433,1,0,0,0,0,0,0
2.3217612700986954,5,58,17,10,2,2,32
2.3218258220463106,4,21,16,3,2,2,21
2.3219953054575324,117,1296,853,395,62,51,886
2.322012027288536,19,110,81,37,12,5,49
2.3220534112922837,11,103,65,90,9,15,82
2.322117847876404,11,70,91,69,17,5,89
2.3221223090554313,1,9,0,1,0,1,2
2.322152536368569,6,56,47,45,10,8,67
2.32220040995055,1,8,1,2,1,0,0
2.322240189009595,6,58,25,10,2,1,47
2.3223268705889075,3,0,0,0,0,4,25
2.322391451722772,4,35,96,23,7,2,45
2.3224086305488276,2,2,8,1,1,0,1
2.322457529260901,2,5,69,1,7,3,58
2.322524266074903,6,22,53,20,7,4,17
2.322553701016543,1,18,0,0,0,0,0
2.3226194691040454,19,80,28,34,4,5,34
2.322667013816812,9,35,27,31,6,6,20
2.3226808555620306,10,51,70,122,10,5,95
2.322706145431668,3,17,0,0,2,0,10
2.322870432586592,10,15,37,20,7,2,43
2.3228884652059345,5,47,54,6,12,4,62
2.322938981650989,1,9,0,5,2,3,18
2.322974680348112,12,47,31,30,3,4,16
2.32301050174495,1,3,14,0,0,0,0
2.323169226159332,12,31,55,69,9,6,28
2.323204717574344,11,113,106,126,13,11,171
2.3232144824712897,3,33,26,12,1,3,29
2.3233118773513146,72,349,362,204,48,28,362
2.323315516816863,2,8,1,7,0,0,14
2.323341983601002,3,19,5,18,2,0,1
2.323349540993369,9,55,54,54,9,6,91
2.3233525051525876,25,163,45,34,4,8,81
2.3233688626479014,16,87,207,101,25,8,218
2.3234507498742154,4,47,42,4,12,0,97
2.323450799805259,43,454,182,64,18,12,214
2.3235246136726198,10,50,89,17,6,0,27
2.3235505354496806,34,386,323,382,45,16,433
2.3236576308766725,8,38,18,35,4,2,47
2.323704088563314,2,1,7,1,0,0,1
2.3238104033136606,2,7,5,12,2,0,13
2.323828948880111,1,8,16,6,2,0,13
2.323974178549262,6,10,5,22,1,5,35
2.323990136186408,22,79,101,84,27,3,118
2.3240416669827133,11,65,7,26,7,1,9
2.3240579436183046,18,154,157,142,18,11,185
2.324063264574637,4,6,4,28,2,3,25
2.3240989913085452,10,76,129,76,16,3,108
2.324108793540616,3,5,23,14,1,0,7
2.324300398227686,2,16,0,0,0,0,0
2.3243328308610924,3,23,26,31,1,3,8
2.324367163948354,10,50,61,25,16,9,49
2.3244251230967485,9,94,61,55,10,4,111
2.3244276291948123,7,60,10,0,2,1,6
2.3245243824535926,0,3,0,6,1,1,7
2.3245747962724272,32,170,279,209,30,17,260
2.32465566883113,1,39,23,28,3,0,30
2.3247077340191677,0,0,0,3,1,0,0
2.3248316154046575,1,0,0,2,1,0,0
2.3250245942942334,12,53,18,16,4,3,26
2.3250260334697104,0,0,0,0,0,0,0
2.3250597771557366,12,75,71,60,6,4,110
2.325137291690576,0,1,4,3,1,1,1
2.325257605529038,1,4,14,23,2,0,16
2.325381365547514,2,16,0,4,2,1,3
2.3254288868656605,3,23,32,36,4,3,27
2.3254630915640844,48,343,300,203,27,22,236
2.3254756263641787,6,41,21,4,3,4,54
2.3255095862219304,22,39,129,68,14,14,122
2.3256111610877666,8,21,20,3,4,1,14
2.3256261553629503,5,19,38,7,5,2,16
2.325700083266682,3,28,31,16,1,2,1
2.325724618118464,6,6,16,18,5,0,60
2.3258726055867136,268,2640,2004,1505,156,96,1135
2.3259455255175068,0,0,10,0,1,0,0
2.325946612099356,241,1744,2123,1116,227,130,2187
2.3260020047798964,23,134,141,111,18,9,145
2.3260520624490844,8,43,36,19,4,4,34
2.3260551064203225,1,12,5,0,0,2,6
2.3260958549524906,27,253,193,91,25,18,218
2.326136252567539,2,61,36,9,5,2,22
2.326169406796306,1,2,4,19,1,1,8
2.3262845921417092,58,1087,1781,1343,83,54,1551
2.3263098733745915,10,40,114,33,8,6,123
2.3263319819700636,4,32,42,39,12,2,48
2.3263953738189027,1,0,0,0,0,0,0
2.326410694228654,1,1,0,14,0,1,3
2.326435106118237,1,0,0,9,1,1,27
2.32648600083083,7,37,55,39,8,2,44
2.3265047284668223,0,0,0,0,1,0,0
2.326534555274152,21,82,104,50,14,7,83
2.326539488497651,7,35,53,13,3,3,64
2.3265807066570976,0,0,1,4,1,0,0
2.3265887417623814,2,9,21,19,1,0,12
2.3266543588695603,2,8,3,3,0,1,2
2.326726470702983,19,101,166,102,16,11,79
2.326872717113557,1,0,0,0,0,0,1
2.3269337572498667,6,38,37,25,0,0,37
2.327054628339559,1,8,0,8,0,2,0
2.327134933570428,18,104,128,104,27,12,172
2.3271359299094962,1,5,5,5,1,0,4
2.3271563157265565,2,103,82,11,10,4,14
2.327245390476976,2,8,9,7,1,0,3
2.3272776764579324,3,0,1,11,0,2,5
2.327278214969594,2,0,2,0,0,0,4
2.3273478446447347,4,30,14,19,8,6,24
2.327378629939265,9,70,84,48,5,4,124
2.3274367347363674,19,111,114,72,8,9,116
2.327441829765893,0,0,5,0,2,1,8
2.327528866252592,17,59,19,25,5,3,41
2.3276207645322127,29,115,67,80,24,8,129
2.3277959149374685,7,42,33,18,3,4,46
2.327821022257128,5,29,72,2,7,6,24
2.327822031316758,32,474,276,105,22,18,187
2.327888480559182,0,0,0,0,0,0,0
2.327912227669247,13,50,135,138,6,6,78
2.3280096727419264,9,124,95,44,14,6,128
2.3280809718127657,4,20,19,14,5,2,13
2.3282390720984147,5,71,99,39,13,7,65
2.3282471925003247,19,75,61,20,11,9,55
2.328261530700485,6,73,29,34,5,4,64
2.328436373192141,6,33,0,7,0,0,20
2.328483356564542,3,10,26,5,5,3,17
2.3285105100940746,4,30,9,18,3,0,15
2.3286621432337515,6,149,25,80,8,2,69
2.328668592162279,3,33,6,2,1,2,2
2.328713272233656,1,38,32,63,11,4,71
2.3287717017087175,5,11,30,16,4,4,22
2.3288860199879187,8,25,64,37,6,2,65
2.328925872435247,0,0,31,2,2,0,18
2.3290833791239773,17,53,13,29,5,3,2
2.329088007004958,0,13,18,3,5,1,20
2.32915223708928,6,41,73,17,5,5,74
2.329230671359056,4,7,2,0,2,1,0
2.329304019938454,2,0,0,0,0,0,0
2.3293527468291293,12,41,58,38,3,4,33
2.3293566610757064,9,47,26,20,10,3,53
2.329483367111982,2,23,11,0,3,0,40
2.329560954544779,0,21,26,8,3,2,39
2.329562681495932,2,5,0,3,0,0,2
2.329579750758533,4,29,6,42,4,2,7
2.3296030516383457,2,6,2,15,0,2,5
2.329726479559307,0,0,33,9,0,1,8
2.329766022036484,0,7,3,1,0,0,0
2.329802086178092,3,75,135,95,24,10,138
2.329872240317693,17,294,610,161,39,10,550
2.3299563253524322,0,0,0,0,0,0,0
2.329969813616913,0,0,1,2,0,1,11
2.3299882544732284,2,12,0,16,3,0,4
2.329992143445076,3,9,2,3,1,3,44
2.3300386501500943,6,69,87,53,19,3,101
2.3300484491396714,7,25,98,10,4,4,5
2.3300853511266855,14,128,104,54,14,12,95
2.330089147415439,24,94,53,41,18,3,47
2.3301186503317113,6,9,11,22,3,1,37
2.330206289468169,4,32,52,31,7,4,31
2.3303200959607167,13,68,49,37,12,4,48
2.330372661998787,3,15,12,3,2,1,7
2.330438092243536,0,0,1,0,2,0,0
2.3304695109297,5,14,3,41,2,1,43
2.3304972034938993,7,31,24,8,7,4,22
2.3305678463371016,2,8,0,0,1,0,4
2.3306019040736263,6,39,44,29,3,4,52
2.330627640742154,7,42,38,28,8,1,24
2.330650512315105,3,34,149,97,14,7,97
2.3306830054296235,8,17,38,20,5,0,25
2.3307344648037795,0,0,1,2,1,0,0
2.330909451685765,993,9077,5172,4082,469,418,4564
2.3309095506663797,6,70,45,12,5,4,29
2.330981792902697,5,25,2,55,2,3,2
2.331045372177473,9,40,11,38,6,2,36
2.331052976923858,1,1,0,0,0,0,0
2.3311277340130676,6,15,26,14,1,2,11
2.331257468832828,16,44,20,18,3,2,26
2.3312712499786543,4,25,5,16,3,1,49
2.331412509694706,3,152,33,25,12,10,64
2.3314475573702436,11,99,94,15,9,5,78
2.331506802107991,0,0,19,4,1,1,6
2.3315068930457774,3,8,12,6,5,1,5
2.3315417113266297,4,12,93,94,10,6,142
2.331656102854929,1,31,1,0,1,0,0
2.3317019193536104,150,865,520,325,58,45,473
2.3317621862332554,7,48,12,61,2,2,46
2.3317935658229727,4,11,17,0,0,0,0
2.3318954512850323,1,11,10,6,5,0,32
2.3319034691987075,118,561,495,455,79,60,642
2.331922283359877,15,53,64,61,15,8,97
2.3319457184001378,2,5,9,2,2,1,10
2.3320099108852306,10,97,63,68,9,7,94
2.332119123717306,4,53,22,22,1,1,11
2.3321927059231498,0,0,0,0,0,0,0
2.332277804203996,0,3,0,3,1,1,3
2.332287427721152,2,33,44,49,8,4,40
2.332331607829157,9,56,94,27,11,1,72
2.332430720307089,1,3,5,4,2,0,6
2.332484579530041,1,5,3,3,0,1,10
2.332486643444146,50,204,407,431,67,33,425
2.3324872222508364,7,10,15,7,3,0,2
2.3325642890606955,10,9,32,12,3,4,7
2.3325835307579066,16,103,59,58,5,6,80
2.3327189823880605,7,23,51,37,5,0,8
2.3327500477605683,34,117,221,169,25,21,182
2.332795524867462,2,44,43,29,2,2,49
2.3328283287256864,6,52,35,75,8,4,49
2.3328496607645213,17,87,78,52,11,6,68
2.3328501905483394,22,147,120,216,26,11,151
2.3328734071488775,53,179,445,276,49,35,341
2.332958260908572,7,13,15,22,7,1,22
2.3329932458717306,4,4,10,4,1,0,1
2.3330442301767005,2,0,0,0,0,0,0
2.333054276984517,3,26,14,1,3,1,26
2.3331049588690203,2,58,42,21,5,4,50
2.3331095474095225,3,29,58,82,7,5,72
2.333110505272407,1,0,0,0,3,0,16
2.333417303026503,3,4,3,9,0,0,4
2.333481156449471,26,128,97,78,12,9,154
2.333498039158559,4,31,25,6,6,3,36
2.333587148405167,7,10,34,18,7,4,11
2.3336598026776425,0,0,0,6,0,1,0
2.3337179904997,5,13,1,26,1,1,9
2.3337215003319343,1,3,1,9,2,1,6
2.3337598489524423,18,147,93,91,15,8,74
2.3337673464215416,92,519,610,413,79,36,592
2.333806595779301,0,0,0,0,0,0,1
2.3338245117288925,0,0,4,0,1,1,0
2.333846017109167,3,69,38,69,8,1,23
2.3338528801847014,1,4,0,5,2,0,0
2.3339140772777967,1,6,7,2,0,3,10
2.3339508401647335,27,121,35,59,6,4,33
2.333967614677222,9,60,65,37,7,4,75
2.3340661483703067,2,5,0,1,1,1,3
2.334102444391888,8,86,89,5,3,4,84
2.3342854928963646,8,61,91,20,3,5,72
2.3343563027333634,12,55,40,39,9,3,44
2.334356308758685,8,74,69,36,11,2,105
2.334358863447371,9,22,38,28,4,0,29
2.3344194332726462,2,3,3,2,4,0,27
2.3344673458424627,13,56,48,83,16,9,79
2.3346101765146243,0,0,0,0,1,0,0
2.334617759472745,16,194,112,113,7,8,146
2.3346846184904355,0,5,2,0,1,0,0
2.3346857433828054,5,55,40,13,3,2,50
2.3347915277627127,42,194,109,53,27,10,344
2.3348613694855924,2,10,15,3,3,0,22
2.334947653999506,2,26,27,17,6,1,41
2.335000696054894,3,11,25,23,4,3,13
2.335014924328169,8,59,40,30,5,4,50
2.3351053995179436,3,35,34,17,3,1,22
2.335228689306091,10,106,126,57,16,8,80
2.3353778374909777,618,4801,5385,3471,677,370,5867
2.3355324236771775,4,0,4,0,2,1,23
2.33559256668765,0,0,0,0,0,0,0
2.335594872692773,4,26,1,1,0,0,0
2.3356354941568336,0,0,0,0,0,0,0
2.335794150055982,0,0,7,0,0,0,2
2.3359774939566864,5,5,20,41,7,3,38
2.335983295996928,0,0,0,0,0,0,0
2.335996076934085,7,13,17,45,2,4,41
2.3361880112762803,2,20,0,8,0,1,27
2.3361942682929953,9,44,28,46,3,2,30
2.3362053036416763,12,48,33,51,2,3,79
2.3362446421916867,11,61,101,59,12,2,178
2.336322193787582,4,46,64,33,8,5,25
2.3363285601897803,89,990,1490,843,125,60,1709
2.3363659531113616,7,15,35,42,3,2,3
2.33640483900611,6,48,38,20,2,7,19
2.336427900684774,4,15,15,9,6,1,22
2.336623929883979,0,12,7,35,5,1,17
2.3366497597393856,38,155,237,128,34,16,213
2.336734172422391,3,19,2,3,0,0,0
2.3368196702513395,67,272,104,103,17,16,140
2.336858578862463,9,69,167,89,20,8,118
2.336879618837478,1,5,9,1,1,0,28
2.336893169393359,4,6,7,2,3,2,8
2.3369671504839884,1,10,4,12,3,1,52
2.337013542247621,5,26,12,17,0,0,17
2.3370620090147596,2,53,7,0,1,0,5
2.3370961659638194,2,32,7,15,4,0,15
2.3373969253612517,8,43,15,8,3,5,85
2.337420017885276,4,20,44,49,8,4,40
2.3374275071419586,1,6,1,1,1,0,1
2.3374370550517707,7,26,2,19,0,1,4
2.3374953883896703,0,1,4,2,3,1,9
2.337562004019115,1,1,0,0,0,0,1
2.337574427527587,8,26,15,2,4,3,60
2.337691781139395,18,112,143,65,14,8,133
2.337762073690524,4,17,1,7,3,3,9
2.337833544113815,1,1,22,0,1,2,21
2.3378447393199986,7,39,12,18,4,0,26
2.3378776599117077,0,0,17,0,0,1,6
2.3378935263844354,16,105,57,33,10,10,34
2.338008209547634,0,4,9,12,0,1,0
2.3380714330557923,0,7,0,0,0,0,1
2.338108497562233,5,40,36,42,5,2,49
2.338116312387448,1,0,0,4,0,0,0
2.338121775393777,89,510,316,162,27,27,230
2.338207958617819,5,0,2,0,0,1,12
2.3382086875738706,2,28,21,20,4,2,30
2.3382474118334247,2,0,0,0,0,0,0
2.3383848339761166,25,85,69,77,24,12,137
2.338403822876618,35,123,355,123,23,20,203
2.3384856426480716,18,119,174,109,26,18,231
2.338486522481646,1,10,14,19,2,3,3
2.338583318045203,10,50,4,21,5,3,47
2.3386107186505254,2,16,22,13,3,2,20
2.3386183131142313,11,72,87,36,11,7,90
2.338732640762619,0,12,13,3,1,1,4
2.338743372528878,1,7,0,0,0,0,0
2.3387699229666254,21,147,143,87,25,10,127
2.338803166379412,1,1,0,0,0,0,0
2.3389391793309904,42,283,359,221,45,19,394
2.3389769222591585,28,170,148,75,28,11,201
2.339105830738264,4,31,34,22,3,5,45
2.3391598675427177,13,29,39,15,6,1,68
2.3391905479715653,0,0,2,0,0,0,2
2.339329942249218,1,3,10,13,0,1,3
2.339356541383367,6,49,66,21,5,7,45
2.3394201705435345,3,42,0,0,0,0,0
2.339427128946386,24,90,101,92,14,13,106
2.3395423029051567,4,6,27,3,0,2,6
2.3395481202975574,1,1,0,13,1,0,15
2.339630848085344,1,14,27,1,2,3,9
2.339654625512326,11,33,20,25,5,1,20
2.3397428835921144,1,1,1,0,1,0,0
2.3397728848635633,4,37,24,4,3,0,39
2.339891224088865,0,4,0,0,0,0,0
2.339995764693114,3,33,17,22,4,2,18
2.3400689229819585,16,182,99,45,13,9,221
2.3401284584871167,13,55,110,73,19,10,90
2.3401717430303393,2,49,59,57,6,5,49
2.340189969944147,3,38,0,11,0,0,0
2.3402045249754453,4,37,11,8,4,1,76
2.3402513778547216,15,76,51,37,17,5,91
2.3402777541742634,3,46,5,38,2,1,100
2.3403057399497316,8,38,14,11,5,3,11
2.3403363356421942,14,88,35,36,7,8,35
2.340471223404444,0,2,5,4,1,0,8
2.3405435931306875,4,34,49,4,5,2,2
2.3405570567786,0,71,27,28,4,5,0
2.3405579105538354,7,77,57,58,11,6,44
2.3405838940807318,16,70,5,25,2,5,32
2.340647042346366,0,2,0,0,1,0,0
2.340726325551254,2,4,0,0,0,1,0
2.3407673055658758,12,68,61,64,13,2,84
2.3408413616664703,0,0,0,0,1,0,0
2.3409875431783282,2,12,3,2,0,2,3
2.3410520085818876,3,40,4,0,11,1,67
2.3411065164259015,5,9,4,10,2,1,14
2.3411424327532595,8,58,187,47,19,8,155
2.3411566773988377,61,317,222,120,39,24,162
2.3411795025239543,1,0,2,1,1,2,5
2.34129180947056,1,0,0,3,0,0,0
2.341325915008808,0,0,0,0,0,0,0
2.3413523262841167,13,26,168,29,10,4,53
2.3413852538568114,3,0,4,18,0,0,24
2.3414680628698332,2,8,18,1,2,0,9
2.3414945630057757,6,13,7,18,3,5,30
2.3415103340227152,6,21,97,21,4,3,38
2.3415261518254415,10,63,51,26,5,2,28
2.3415617318252098,17,117,65,42,9,4,92
2.3415902839068288,0,1,1,0,1,1,1
2.3416140612884253,10,125,44,48,11,7,69
2.341665526469767,64,311,217,123,36,15,257
2.341825754539798,34,100,60,82,14,8,88
2.3419671496411874,66,759,1203,667,103,62,1062
2.342019310388602,0,1,0,1,0,0,9
2.3420299280533134,58,414,168,53,26,15,135
2.342093447436984,10,40,50,66,9,1,70
2.3422998622010964,1,1,0,0,1,0,0
2.34238565174059,2,18,23,16,7,1,18
2.342460269191308,1,4,0,0,1,1,0
2.3425093026679256,0,3,0,0,1,0,3
2.3425113578492383,2,9,2,9,0,1,7
2.3425249622294477,9,33,12,5,4,0,21
2.342640986589593,3,25,22,57,10,3,31
2.3428245856877545,4,24,8,7,2,4,11
2.3428963718763045,3,24,11,15,2,1,10
2.3430050377015657,13,38,113,47,9,9,47
2.3430189987319343,2,11,12,18,3,3,14
2.3430266376087046,21,147,107,73,13,10,100
2.3433940020258897,3,84,0,1,1,1,11
2.343407231075818,3,0,0,0,0,0,0
2.3434444257369935,7,22,6,2,3,2,24
2.343454445029488,4,35,18,29,4,7,40
2.343530906216349,0,0,0,0,1,0,9
2.343775398026366,12,85,82,90,10,6,119
2.3438709330807055,5,22,50,8,4,3,27
2.343971601864318,3,38,12,1,0,2,31
2.3439984134713607,2,0,0,0,0,0,0
2.3440225579964364,27,158,289,230,46,28,377
2.344068620127193,9,28,46,5,10,3,42
2.3440940933496983,1,8,4,0,1,0,1
2.3441147870913137,3,7,12,10,3,1,5
2.3442087742566815,10,53,22,36,1,5,17
2.3442763833887317,14,147,71,44,13,8,116
2.344437083793804,10,57,61,12,4,6,85
2.344525240531345,1,1,10,3,0,0,2
2.344535605274332,1,10,8,0,1,0,6
2.344550798208134,13,174,95,34,7,4,68
2.3447097532887353,1,3,0,3,0,0,0
2.344722723306164,9,32,49,19,4,5,48
2.34472281621052,0,4,12,9,3,0,15
2.3447945712755027,0,4,0,0,0,0,2
2.344842275475788,5,26,51,5,6,3,23
2.344990298512393,136,560,422,385,75,68,512
2.345058263623667,3,18,28,78,2,5,7
2.345098156857559,1,1,7,13,1,0,13
2.345265806384785,3,20,11,2,0,0,0
2.345300897783936,2,12,14,3,5,3,26
2.345300976676329,36,157,314,206,76,22,251
2.345337635390393,8,30,22,57,0,2,23
2.345341905065915,0,4,22,15,3,1,28
2.3454171126195416,11,76,58,97,12,10,56
2.345466494479621,5,10,19,13,3,1,3
2.3454927451657537,0,0,0,0,0,0,0
2.3455013954487223,1,2,0,0,0,2,0
2.345549713329257,1,0,0,0,0,0,0
2.3455595353010485,4,43,42,36,4,3,46
2.345604713259851,19,76,0,24,0,1,0
2.345612448369348,4,10,13,24,0,2,19
2.345625228996686,0,0,0,0,0,0,0
2.3456451857437473,5,71,7,11,4,3,23
2.345693993294033,1,0,0,0,0,0,0
2.345735267733765,2,3,4,0,1,1,11
2.345773721035745,0,4,0,1,0,0,0
2.3457851544926753,4,3,21,11,2,2,16
2.345810508312242,2,6,4,14,2,3,10
2.3458327237463403,7,39,14,8,3,4,41
2.345837199291338,7,21,10,47,2,2,21
2.346036493776855,0,0,0,0,0,1,3
2.3461420045020387,4,55,14,24,4,7,50
2.34618211594093,163,2751,2029,1956,90,90,1362
2.346183574657363,0,0,27,0,1,0,2
2.346203867423116,38,207,212,72,31,11,222
2.3463389077228336,9,118,47,15,6,5,54
2.3463464758811456,0,0,0,0,0,0,0
2.346407872190041,2,17,9,25,3,1,9
2.346467940623529,3,12,33,34,7,1,21
2.346536895756874,1,0,0,0,0,0,0
2.346556780163844,8,99,67,20,10,2,118
2.346580017536233,11,97,100,72,28,10,148
2.3466544493406913,6,15,16,12,3,2,59
2.3467249866567874,4,53,44,24,9,4,50
2.3467743815582893,2,0,6,0,2,0,2
2.3469629373837235,7,57,39,41,0,1,44
2.3469629742575315,16,54,127,127,12,8,169
2.3470277863628692,2,51,12,0,5,2,1
2.347051593436162,1,0,0,3,0,0,0
2.3470599589168417,5,6,24,26,1,3,14
2.3470815883345666,0,4,0,0,2,0,0
2.347106797464662,9,49,32,44,9,3,95
2.347129997594472,8,25,12,4,1,2,14
2.3471905468634318,19,33,34,29,7,4,56
2.3472291524526434,8,11,41,18,2,6,29
2.3472484877470174,3,11,19,28,4,3,30
2.3473476506292594,9,105,49,61,7,5,90
2.3473874401608903,1,2,5,2,0,2,13
2.347451280824469,58,290,14,16,1,8,20
2.3474810136354427,3,6,0,0,0,0,1
2.3475275760745116,0,0,0,2,0,1,12
2.3475327322286517,3,6,0,1,1,0,7
2.347583515930237,0,5,9,8,0,1,16
2.347656085452667,15,63,86,40,11,8,102
2.3476914019914394,8,23,22,19,3,1,32
2.347739079754101,0,1,0,0,0,0,0
2.3477530206596233,88,534,994,1351,80,52,699
2.347804843123221,3,6,16,5,3,2,10
2.3478755964224187,4,54,23,14,3,1,8
2.3479360120053068,1,5,2,11,0,0,2
2.3480932647462387,6,30,87,49,4,2,33
2.348108474433509,1,20,35,19,4,2,231
2.348152695254188,0,14,32,0,0,0,4
2.348174252389471,64,593,1105,713,120,49,1329
2.348186477050077,19,60,213,71,20,9,127
2.3482944304074107,0,0,0,0,2,1,0
2.3482962849368882,2,0,4,13,4,0,7
2.3483572288618664,21,123,121,86,31,9,130
2.3483620975251718,4,16,7,4,1,1,11
2.3483877452204265,1,9,7,4,0,1,0
2.3484773620224466,2,9,2,2,2,0,3
2.3484974614499072,9,39,108,64,13,4,64
2.3485228523393844,3,6,5,7,0,0,10
2.348623347256253,1,0,1,1,0,1,1
2.348628890141305,0,0,0,0,0,0,0
2.348636323306969,2,15,0,0,2,1,13
2.348639788342802,2,1,0,2,1,1,0
2.348685794857807,20,111,164,138,13,21,96
2.3488518646572336,30,98,95,143,26,15,179
2.348871292077881,2,21,20,7,5,2,26
2.348958657330596,24,164,137,107,19,9,105
2.348973692698788,1,4,5,6,0,3,45
2.3491729855766157,5,13,46,16,3,4,48
2.3492823577337214,0,0,0,0,0,0,0
2.3493547724821053,7,15,26,18,3,1,30
2.3493918586093456,13,51,71,72,6,9,60
2.3494358986803348,30,139,26,49,15,8,121
2.349456997569726,21,86,86,150,18,3,72
2.349481916772336,5,56,118,83,13,5,114
2.349616774804168,0,2,28,0,2,1,1
2.3496318185348657,1,2,7,6,2,3,14
2.349792217374856,4,26,50,36,7,3,27
2.3497946603223556,22,121,118,110,19,11,154
2.3498522109842352,1,12,21,0,2,0,15
2.3499178844853565,0,2,12,5,4,0,18
2.350115688136286,23,43,85,57,11,14,164
2.350149203056468,4,7,19,15,5,2,10
2.3501928345104544,0,6,8,8,0,3,5
2.350236167677535,4,32,1,3,2,0,10
2.3503790200669847,0,1,0,0,0,0,0
2.3503791287158173,0,0,0,0,0,0,10
2.350595632251455,1,32,14,21,1,1,27
2.3506794088354157,1,16,7,11,2,0,5
2.3507290123357394,22,77,146,66,19,8,212
2.35095391308808,4,13,38,44,6,4,34
2.350958571898821,4,23,3,1,1,0,0
2.351046662859927,9,54,41,15,6,4,37
2.3510999128846812,0,0,13,8,1,1,2
2.351119457111449,1,3,12,20,5,0,10
2.3511936185527276,4,25,11,23,0,0,23
2.3512197434874134,0,23,3,25,4,4,33
2.351237891148698,4,4,35,29,5,4,35
2.351354704631266,3,42,19,17,2,1,44
2.351365875147996,8,37,30,1,3,2,42
2.351517944114962,18,224,124,50,18,11,181
2.3515495020857564,1,8,5,0,1,1,4
2.351696182535366,19,161,131,108,22,16,203
2.351805509088268,10,38,18,12,2,2,19
2.3518505720059246,6,17,74,34,5,2,40
2.3519368425857445,22,103,182,133,29,19,195
2.3520039039479905,44,314,387,233,65,35,403
2.3520056227429516,4,25,32,25,5,5,33
2.3520743554531,0,1,1,0,0,1,11
2.3520845817210145,2,16,5,0,3,1,16
2.352099678496041,3,6,5,1,1,0,0
2.3521919367303687,62,234,433,391,74,47,505
2.3522110857949237,4,10,3,5,2,0,5
2.3523869558924235,2,6,26,7,1,3,10
2.352387389706733,3,15,72,8,3,0,93
2.35242953476594,2,4,7,0,0,1,6
2.3524499165569,3,0,0,7,2,3,1
2.352499977635354,10,31,44,42,10,9,30
2.3525415037839013,0,0,17,0,1,0,0
2.3526639305912584,0,0,0,5,0,1,0
2.3527432119254454,6,28,18,6,0,2,18
2.352743599612327,2,75,24,9,6,1,26
2.3527606601830944,1,11,3,5,2,1,0
2.3528166457721413,1,4,8,1,2,1,9
2.352996285787529,3,25,20,31,3,3,18
2.3530477897917064,0,4,9,8,0,3,13
2.353173259404636,3,16,0,0,1,1,0
2.353175753176718,3,12,19,7,3,1,14
2.353179311100342,0,15,4,10,0,2,35
2.3531924591229827,1,27,2,0,0,1,9
2.353265359921501,8,42,34,57,3,5,17
2.3532797015106786,1,16,1,13,1,3,16
2.353420948419499,1,12,6,2,5,1,7
2.353439750966751,3,3,7,1,0,2,3
2.353640836844795,16,84,126,68,14,14,83
2.353644288257955,9,69,13,34,4,0,20
2.3537308872927993,0,1,0,0,1,0,0
2.3538158720199043,0,0,2,0,0,0,0
2.353831027589723,6,1,16,0,2,1,11
2.3538783765092828,0,0,0,0,0,0,0
2.3539077712940686,2,0,5,12,1,1,2
2.353963176057955,1,9,30,4,3,2,14
2.354010517238557,0,4,1,0,1,0,5
2.354035958876721,144,797,471,342,93,44,484
2.3541476032140753,3,15,16,2,5,2,47
2.3542683311292474,7,12,39,12,6,0,42
2.3542783386289865,6,53,34,51,8,5,66
2.3543086963236393,5,20,15,3,2,4,13
2.354319289323356,3,28,20,3,3,2,46
2.354396726118857,0,2,0,0,2,1,24
2.3545963188323213,0,0,6,2,0,0,11
2.3546118645277465,6,18,17,18,1,1,29
2.3547164407174805,3,36,44,22,3,3,42
2.3548052066845213,32,176,218,216,30,16,253
2.3549683500533414,4,14,12,5,4,1,20
2.3549974697766443,24,150,71,86,14,9,98
2.355092956239326,2,12,3,2,2,1,23
2.355160494261559,6,21,14,13,3,1,14
2.355171798483213,7,46,32,43,6,2,54
2.355284176195101,0,3,24,21,0,0,9
2.3552915562729404,7,26,10,14,4,1,44
2.355339316213647,89,893,981,706,116,83,1013
2.3553432049019056,1,21,18,6,1,4,31
2.3553478301723927,3,0,25,0,1,3,18
2.3553517421767367,9,57,46,25,6,3,112
2.3554447262427325,4,41,30,0,7,3,64
2.3555009671174774,3,45,38,27,4,4,48
2.3555340930375457,2,15,3,7,0,2,3
2.3555401621054703,0,0,0,0,0,0,0
2.3556955737504914,10,132,138,170,17,14,180
2.3557238879402447,0,0,3,10,1,2,6
2.355739206321352,10,39,87,77,8,8,96
2.355793624122373,1,19,5,5,6,1,26
2.355827511658066,1,9,4,11,2,1,4
2.35603450359455,9,63,41,5,6,3,54
2.356044054825727,1,0,2,10,0,0,1
2.3560731039929346,2,26,9,3,6,2,27
2.3561766264926773,2,12,25,1,3,2,24
2.3562474559108475,1,5,13,3,3,1,36
2.35642393553917,4,25,55,7,4,0,63
2.35655111375919,1,15,23,3,3,2,12
2.356662642116112,6,1,13,20,0,1,8
2.3567747841705855,4,36,12,16,6,4,20
2.356806746360195,19,79,65,92,13,11,64
2.3568400098028697,18,68,84,53,10,9,82
2.35688664479342,1,1,7,0,0,1,15
2.3569246419129657,1,4,28,20,3,0,13
2.3569782797643737,14,76,46,42,17,6,48
2.357002240393317,10,20,35,19,2,3,42
2.3570413343463565,0,0,0,0,0,0,0
2.3571000109665805,3,0,2,0,1,0,1
2.357181368866956,7,61,28,11,4,4,26
2.357247561376748,1,8,2,2,0,0,11
2.3572764184665704,0,0,0,2,0,1,4
2.357298019599362,9,87,107,77,12,9,96
2.3575856072158508,1,7,22,26,4,0,12
2.3576051069362776,4,17,8,31,3,1,27
2.357643094603964,4,28,18,16,2,4,42
2.357649109067462,107,581,189,167,51,35,203
2.3577194390585947,4,30,16,14,3,3,13
2.3577245204667787,173,1774,867,464,82,64,940
2.3580969035660635,6,21,35,13,2,3,15
2.3580978055204174,0,0,0,0,0,2,0
2.358111655551271,1,11,14,18,2,1,20
2.3582029607667407,0,0,0,0,2,0,0
2.35835783617847,1,21,15,12,4,1,76
2.3584169081738695,3,23,35,10,3,5,16
2.358555330086756,1,0,0,0,2,0,0
2.358559649644869,8,54,20,12,0,2,1
2.3586450072786023,194,1392,575,347,63,45,568
2.3586809057895524,9,45,72,64,12,9,85
2.358719269866396,1,8,4,25,1,3,10
2.3587596480598108,5,19,18,14,3,5,6
2.3587690666541863,7,34,26,9,3,4,42
2.358819479278206,10,21,52,13,3,0,19
2.3588318525293843,9,58,93,141,8,6,117
2.358940081600823,15,88,135,110,29,13,127
2.359000400746985,4,6,0,15,1,1,13
2.3590541347492273,3,1,8,2,0,0,11
2.359147012954012,0,0,0,0,0,1,0
2.3591912349011253,12,35,47,47,7,5,44
2.3591951795049755,10,33,43,41,4,6,28
2.3593299330400614,3,10,11,26,2,2,23
2.3593396176884034,31,140,276,123,48,17,451
2.3595352389178337,3,16,18,14,3,2,22
2.359629392138223,1,2,0,7,0,2,2
2.3596548427007242,2,0,1,5,1,0,5
2.3597318156772933,31,202,324,243,16,14,289
2.3598100760781,0,0,0,0,2,0,0
2.359889392946433,11,51,69,84,16,5,131
2.36009031839536,9,20,12,0,5,0,8
2.360250037614752,1,0,0,3,0,0,0
2.360346081884719,8,20,0,4,0,1,0
2.360490909486779,0,0,0,0,0,1,4
2.360504995712719,3,16,20,4,2,2,6
2.3605246352614757,0,1,15,12,1,3,8
2.3607023644615563,7,34,9,0,0,1,4
2.360770125361461,0,2,0,1,1,0,0
2.3608603474949827,3,3,17,17,3,2,26
2.360894537835634,3,2,18,13,3,0,14
2.3609147900211678,20,79,74,37,11,8,73
2.3609485877955554,2,4,7,15,1,0,0
2.360972372110046,7,24,127,82,11,8,93
2.3610513019417185,2,3,1,10,1,1,26
2.36110938083359,6,34,34,36,3,1,24
2.361114458100543,4,5,12,23,2,0,8
2.361137391571365,1,2,1,6,0,2,5
2.361245194363544,2,5,17,3,4,1,10
2.3613367995582344,4,45,20,20,3,6,32
2.3613947874597456,12,70,118,87,25,9,156
2.361397468268364,0,0,0,0,0,0,0
2.3614116079194454,8,38,75,75,16,4,83
2.361418533393442,0,3,23,1,1,2,22
2.3615009781013874,3,2,4,1,0,0,10
2.3615298044480175,5,11,14,18,5,1,26
2.361534449529075,0,1,0,0,1,0,1
2.361600994824848,20,136,68,65,15,6,50
2.3616364438783983,10,33,75,21,5,4,45
2.3616592450555918,5,6,7,12,1,1,6
2.3618541859550644,12,46,62,32,13,4,93
2.3618804011434227,9,44,50,35,3,8,21
2.361904340516707,7,86,255,218,34,8,231
2.3619093753325386,4,3,25,9,4,2,19
2.361939957185923,6,74,74,20,10,7,74
2.3620172622696907,2,42,24,8,8,2,47
2.3620176877471337,2,0,0,2,0,0,0
2.362037831677079,20,89,112,63,19,8,126
2.362049710554354,19,98,0,0,0,0,1
2.3620588344488196,18,105,149,74,17,8,212
2.362061390533039,257,2087,1172,1017,110,92,1139
2.3621266986491722,11,22,59,17,7,3,47
2.362175410827314,1,16,14,28,3,1,13
2.3622028083391178,0,0,0,28,0,1,0
2.3622220422145785,2,14,17,70,1,10,28
2.362261366956725,28,101,124,97,18,11,199
2.3623352907326742,1,0,0,0,0,0,0
2.362354289899149,5,71,0,2,3,3,5
2.3623718401841463,48,302,337,227,52,30,441
2.362421771338848,3,20,2,6,4,2,0
2.3624660052256137,7,91,138,48,15,4,87
2.3624877942069005,21,75,97,87,17,16,108
2.3625510381575108,3,13,5,2,1,0,19
2.3626022827617783,1,7,0,0,0,0,12
2.362642266961785,7,16,5,10,0,3,11
2.362657927291944,3,30,23,26,6,0,26
2.362842728473437,15,58,49,23,11,5,92
2.3629311929480115,0,1,33,11,8,1,38
2.362951192386105,0,10,0,1,0,1,0
2.362988128577492,13,47,86,71,14,4,123
2.363102752499334,39,360,0,8,2,1,0
2.3633690940778043,0,0,0,0,0,0,0
2.3633971720040248,0,0,0,0,1,0,0
2.363411030014639,0,0,0,6,0,0,0
2.363504630898716,1,4,1,3,1,0,1
2.363687204438973,14,76,75,26,10,4,44
2.3637200900775412,13,48,71,58,9,4,47
2.3638991598165893,0,0,0,0,1,0,4
2.3640689184911143,16,72,36,40,13,1,34
2.3641199255756997,4,19,20,19,2,2,23
2.3641538743402264,2,0,15,0,4,0,9
2.3641679984048642,0,6,21,0,3,0,16
2.364215278945692,45,418,981,477,70,64,657
2.364237961346873,5,39,18,17,7,3,26
2.3642451061498666,0,0,1,0,2,0,1
2.3642996145018573,0,14,2,19,1,2,6
2.3644515851958334,2,3,23,43,2,1,29
2.3645946579744455,2,0,139,62,6,0,76
2.364621832792953,1,0,0,1,0,0,1
2.3646346423264184,0,0,0,0,0,0,0
2.364675064661734,3,12,6,24,2,0,13
2.364679110008356,8,41,65,24,8,0,70
2.364754026058163,4,55,28,33,12,1,39
2.3649997624025048,10,53,159,71,24,9,173
2.3650973951493133,10,58,51,86,5,9,52
2.3651051818208857,2,26,8,6,1,2,24
2.3652055007383375,1,0,3,0,1,1,7
2.365210960637669,1,4,1,0,0,0,0
2.365280526764023,2,11,34,14,4,1,14
2.365345184608466,11,45,86,72,11,5,151
2.3653616619147084,0,0,0,6,0,0,0
2.3653625970746943,7,23,28,21,8,1,32
2.3653856940272715,0,4,6,6,3,0,14
2.3654074732792107,1,16,1,5,2,1,7
2.365472433067633,17,109,140,129,29,14,165
2.3654934781127253,10,16,18,33,4,6,27
2.365524741675374,0,0,0,0,0,7,0
2.3656518271086138,6,38,8,7,2,2,59
2.3656947094401852,4,27,30,20,0,1,28
2.365760209283854,5,14,68,9,9,3,40
2.365868157837255,21,215,0,38,1,1,0
2.3658719301725766,5,11,17,35,14,1,19
2.365885439220738,10,43,76,19,7,2,62
2.3660500737279837,3,56,20,20,2,2,7
2.3660596555813664,2,43,45,48,6,3,38
2.3660935529739557,2,7,4,2,1,0,25
2.36614857277038,1,14,20,32,4,3,7
2.366296829469683,3,8,0,0,1,0,3
2.366302974712321,3,26,35,39,8,1,37
2.3663139691823942,11,41,26,17,4,2,36
2.366462492204242,0,21,27,4,4,1,27
2.366560302958135,9,50,69,33,7,5,100
2.3665689987292615,6,35,47,35,6,3,60
2.3665873141769436,6,8,20,16,2,2,25
2.366651396238947,3,19,26,18,9,3,15
2.3667307079008233,12,53,64,24,10,4,62
2.366748748231503,8,59,45,17,1,5,50
2.366815038417685,11,55,31,9,5,3,106
2.36684186169782,13,74,70,41,12,2,101
2.366927180888915,4,11,21,6,1,0,49
2.366944857445606,68,467,365,163,22,37,379
2.366949772397366,3,40,26,32,8,4,20
2.366954171722733,11,22,69,95,7,5,65
2.367005868470448,12,24,5,0,4,0,46
2.3670795954679567,1,0,12,0,1,0,0
2.3671553695054426,0,0,0,0,1,0,0
2.3671867868473173,26,144,92,54,13,4,101
2.3672423376972276,0,7,6,0,0,0,5
2.367259197607999,22,220,129,120,31,11,212
2.367267753066739,4,19,23,14,1,3,10
2.3674216612104804,3,17,22,40,3,5,20
2.367439106117508,0,0,0,0,2,0,0
2.367483733618895,0,4,0,1,0,0,0
2.367486802611847,0,0,0,0,0,0,0
2.3675146711356256,1,5,35,16,3,2,45
2.367516222053947,0,15,1,6,0,1,3
2.367696237723277,10,38,54,30,6,4,17
2.3677366562295785,9,64,43,74,10,7,64
2.3677565537764447,8,92,54,8,3,4,41
2.3679188934290147,2,24,67,11,1,3,23
2.367938223796944,53,227,204,175,44,20,208
2.3679534571736847,39,686,1799,803,48,27,1194
2.367982809298347,1,0,0,0,0,0,0
2.367985060327961,0,2,0,0,0,1,26
2.368038860049698,1,1,0,1,0,0,0
2.368056729095588,0,9,18,10,3,1,8
2.36806729208584,0,0,0,0,0,0,0
2.368135108866928,30,209,182,76,28,16,100
2.3681362916356963,4,32,21,10,2,2,28
2.3681419311018526,12,107,150,91,12,8,147
2.36816501965276,23,128,222,135,31,21,164
2.3683128848274646,0,66,99,25,2,4,12
2.368315554518996,8,49,85,154,11,5,91
2.3683805486109546,4,12,0,0,0,0,7
2.3685003939539526,1,35,22,3,2,1,10
2.3685092725929047,6,22,8,7,3,2,1
2.3685834203576306,0,0,0,0,0,0,0
2.368806575791741,6,123,0,0,0,2,2
2.368846979460365,3,15,21,1,6,2,35
2.368877171789503,9,52,60,87,18,7,102
2.3689065042812767,5,38,36,11,5,2,7
2.36893172750189,18,129,146,115,21,12,224
2.369021864392096,9,36,9,20,7,3,39
2.3690765639950206,49,319,321,199,44,28,316
2.3691179126279898,4,5,9,7,1,3,5
2.369290199750025,7,38,37,70,8,4,82
2.369326606286675,0,0,2,0,1,0,2
2.369341577144974,28,106,93,66,13,9,66
2.369385573030161,1,0,1,15,1,0,9
2.369470614734611,5,36,17,49,10,3,36
2.369521934194704,1,88,53,7,4,3,31
2.3695306000982943,6,9,34,38,5,3,40
2.3695622327659884,6,31,28,8,3,2,17
2.369630182766769,2,9,48,41,4,2,36
2.3696376069594605,24,42,124,174,18,7,81
2.3696766058838894,25,103,139,124,32,13,126
2.369699098809835,9,61,61,54,16,12,106
2.369719421459935,20,84,0,0,2,4,16
2.3697713127167117,19,23,56,34,6,4,112
2.3697750428837723,2,3,15,22,0,2,24
2.3697939425476444,0,0,0,0,0,0,0
2.3698469075012625,3,26,0,8,0,3,45
2.369905447877879,4,23,34,23,2,4,27
2.3699932256051732,1,3,0,2,1,0,0
2.3700247959546825,1,3,0,1,0,0,0
2.3700341443241286,2,20,22,0,2,3,10
2.3700573886701806,7,24,34,15,8,7,30
2.370256499959995,14,70,64,56,13,0,123
2.3703380136442194,4,66,8,2,4,4,5
2.370400871487311,7,6,13,13,2,2,14
2.3704313147038873,1,24,27,24,4,2,31
2.370454308230045,1,11,6,8,1,0,0
2.370462450415604,2,10,5,0,0,1,25
2.370598821897707,16,65,15,17,7,3,36
2.3706330694408986,3,3,11,8,1,0,7
2.370643217226531,65,239,284,281,67,26,414
2.370646565431966,4,68,43,49,11,3,86
2.370704223855202,5,6,3,24,1,2,3
2.370888540530444,10,67,86,33,7,10,27
2.370985379358111,7,36,65,20,10,4,81
2.3710250095999115,4,33,35,21,10,1,48
2.3710299984871903,112,492,353,166,70,26,479
2.3710319465555103,5,37,11,2,4,2,24
2.37103960941294,20,90,27,16,2,10,34
2.3710413593272803,2,5,5,1,3,0,27
2.371090311777877,2,14,18,5,1,1,4
2.371139763184366,9,59,51,69,9,9,79
2.371141852864793,5,8,3,0,0,1,2
2.371305003663985,1,1,0,0,0,0,0
2.3713314222208592,32,126,73,48,6,19,21
2.3713828162415904,2,1,1,10,1,0,0
2.371395637504496,3,9,13,5,6,0,30
2.3714159466122267,10,40,50,64,12,1,67
2.3714440323038803,5,40,9,0,0,2,1
2.3714979335784134,0,0,0,0,0,0,0
2.3715272885654946,3,9,4,1,3,2,11
2.3715298644511664,17,40,52,42,8,3,88
2.3716079448406058,16,41,83,36,11,6,44
2.371647923899883,9,55,76,22,16,4,95
2.3717849104730995,7,49,66,85,3,9,42
2.3717928206618817,3,23,7,0,2,0,0
2.371928687680712,8,42,24,35,11,5,71
2.3719992302544433,14,168,133,35,14,14,102
2.3720587292323327,10,36,30,13,8,8,33
2.372193791535825,0,4,41,22,3,0,35
2.3722358542014614,62,505,379,219,71,25,445
2.372265337312491,15,64,44,23,6,4,53
2.3727019663207796,15,40,59,83,9,4,66
2.372728929016178,5,19,31,11,3,1,27
2.372746883974747,2,20,6,6,5,1,18
2.372752981168229,13,79,50,49,5,4,23
2.372769139164839,27,102,218,269,33,27,296
2.3727876293783976,2,0,0,0,0,0,0
2.3727972362858525,1,0,0,7,0,0,0
2.3730065131752633,11,39,45,23,13,3,75
2.3730294581039417,14,103,120,124,30,8,224
2.3730332568413086,4,18,8,1,0,0,4
2.3730932135171408,2,15,26,1,0,2,44
2.3731733914014623,16,104,110,106,11,8,81
2.3733050367053767,24,89,76,25,15,8,126
2.3734494855840076,0,12,64,20,2,3,41
2.3735623011959355,1,59,37,23,3,5,24
2.373572628192849,0,2,4,5,2,2,11
2.373578402426294,1,1,5,8,1,1,4
2.373592614159261,11,99,88,30,16,7,85
2.373593710437588,14,216,229,59,37,16,261
2.3737129169377114,1,0,0,0,0,0,2
2.373762269488579,1,3,15,0,1,1,6
2.3738264532817177,28,175,154,171,19,21,181
2.3739732974717294,1,3,0,7,1,0,6
2.374016164138792,4,29,30,14,3,2,64
2.3740810823390532,0,0,0,0,0,0,0
2.3741063931947126,5,35,14,11,3,3,57
2.3741330781116656,0,0,0,0,0,0,0
2.3742019021477523,0,9,0,0,0,0,0
2.3742258605372912,3,2,26,7,1,2,23
2.3743006640967006,0,0,1,9,1,0,6
2.374388022672141,0,7,0,0,0,1,0
2.3744245667577006,12,34,49,58,10,9,56
2.3744278683646454,1,4,0,0,0,0,1
2.374431901906675,1,5,1,2,1,0,5
2.374482859629287,11,51,29,17,2,0,7
2.3744903808554936,1,1,0,1,0,0,1
2.3745099731151433,4,25,49,15,7,2,18
2.3746856472377784,3,24,0,6,0,3,23
2.3747047751883876,0,5,0,3,1,0,1
2.3747507115212736,8,20,67,52,13,2,98
2.374797464188476,0,0,0,0,0,0,6
2.3748000728213206,2,8,0,0,0,0,0
2.3748134180204885,1,7,8,5,2,0,0
2.374846498145893,7,104,26,52,6,7,56
2.3748754362567612,6,32,44,26,10,4,36
2.375018141986547,0,8,2,0,2,1,9
2.37504812636443,7,20,22,5,4,2,54
2.375148049456945,5,44,49,26,5,1,41
2.3751994524019984,6,41,44,119,5,7,50
2.3752887763002275,9,94,18,30,3,10,34
2.3753619908883588,0,0,0,0,0,0,0
2.3753674067595525,4,4,10,0,1,0,6
2.375481854629507,12,46,62,69,7,3,101
2.375586245986673,3,3,9,3,2,0,6
2.3756422352904076,7,17,40,3,1,3,26
2.375819172614872,4,18,10,13,3,2,0
2.3758634877459546,1,1,2,7,1,0,27
2.375885844852328,4,2,17,6,6,0,5
2.3759690275618865,7,43,39,38,2,1,46
2.3760531013796573,0,1,0,0,0,0,0
2.376171263596873,13,171,94,87,22,10,153
2.3761821837824377,25,94,108,101,17,11,109
2.3762069142719193,1,2,6,0,0,0,6
2.3762151529746522,38,258,272,161,44,13,286
2.37623168568404,0,0,0,0,0,0,0
2.3763242679229566,10,93,44,35,3,6,35
2.376345526708643,7,29,11,6,3,5,7
2.3764502917813703,12,40,36,34,7,5,54
2.376507428614327,7,14,36,10,5,0,37
2.376565440954982,0,22,1,0,1,5,0
2.3766771854976305,109,504,727,637,101,52,958
2.376690802448211,3,26,5,7,0,1,10
2.376750301143219,10,52,50,26,5,3,75
2.3769592120396332,57,352,344,213,68,35,328
2.376965968772548,0,1,1,9,0,1,8
2.3770545804277714,3,5,6,10,1,2,26
2.3770913235795406,5,5,4,2,4,0,6
2.377125654575826,1,94,0,0,1,1,0
2.3771713736050057,190,1320,768,634,146,80,1031
2.3772114129996917,1,0,0,0,0,0,12
2.3772550459171486,5,14,7,0,2,0,25
2.3774271096505877,12,97,63,100,10,4,91
2.3774695679190705,6,84,99,41,11,2,67
2.3775619884796053,7,16,19,5,6,1,17
2.377635108218381,6,33,45,28,12,8,37
2.3778297947863587,2,9,7,15,2,0,5
2.3778301938627093,17,62,47,99,5,7,67
2.377886118444351,1,4,0,0,0,0,3
2.377893819101579,2,3,7,0,0,1,8
2.3779041863464045,29,84,46,25,16,8,56
2.3779551569704602,11,74,80,41,16,5,156
2.3779558012879023,14,81,35,34,11,2,40
2.3780718396374283,7,13,18,10,3,2,27
2.3780858000916147,8,2,0,9,2,2,7
2.37818748147823,9,115,75,117,16,5,69
2.378274599844864,9,90,67,14,11,6,76
2.378306217228164,23,70,55,41,10,6,50
2.378313716633762,2,0,8,10,2,1,13
2.378324477330904,16,58,59,45,6,6,120
2.3784785286882273,89,2236,2154,655,98,32,1639
2.3785109101867423,4,23,14,19,9,7,29
2.378588694339602,5,58,21,54,9,1,46
2.378591150182808,2,4,1,39,1,1,18
2.378617814719843,1,0,0,0,0,0,0
2.378671503571912,7,21,29,35,12,3,32
2.3787839444337893,9,20,35,60,10,7,38
2.3789266389339088,2,14,25,36,8,3,39
2.3790736676828863,4,18,18,5,3,2,22
2.3791286206478657,3,26,21,19,4,7,13
2.3792304670045787,4,64,22,26,5,6,43
2.379245070373213,4,44,13,16,3,1,2
2.3792959589921066,0,15,8,6,0,0,6
2.379347647276384,1,32,22,6,2,2,19
2.379380034023466,1,17,4,13,0,1,16
2.3793904355077866,4,18,69,34,4,6,42
2.3794617385924686,4,10,15,20,2,2,3
2.3794686565160763,8,42,39,47,3,6,16
2.3795540887578026,19,124,57,21,4,7,87
2.3795617952670467,5,17,2,0,0,0,1
2.3796327798432366,3,11,0,0,0,0,0
2.3798699411455173,5,38,52,61,5,2,128
2.3798705995312925,3,11,18,8,3,2,41
2.379903435993713,1,8,1,2,2,1,1
2.379997160554458,2,15,9,13,2,2,13
2.3800237833075077,7,25,25,11,1,1,20
2.380046724228806,0,2,12,0,2,0,21
2.3800864437300775,12,36,22,8,2,3,14
2.380129051265384,29,179,233,112,35,18,312
2.3802864018782284,0,1,2,0,0,0,0
2.380384738437162,5,32,20,17,0,2,27
2.3804935277083117,37,157,235,195,42,18,273
2.3804955599362496,26,109,14,22,7,3,24
2.380594119619497,11,81,99,69,19,6,199
2.3806137379789574,0,0,2,0,0,0,0
2.380737295954908,9,65,24,41,9,6,39
2.380859004965635,2,9,10,2,1,0,4
2.380890630795046,4,11,62,34,10,6,90
2.3809139559771952,4,6,4,1,2,2,17
2.38097612621606,15,46,60,88,3,10,154
2.381039438027424,2,23,94,41,13,4,127
2.381105715744513,2,8,9,3,2,0,9
2.3811628219556344,8,18,0,0,0,0,10
2.381172025331805,9,28,25,66,15,1,70
2.3812678098066695,3,8,21,4,2,4,18
2.381283933792749,2,8,10,9,3,2,8
2.3812982458416942,1,6,1,2,1,0,1
2.381301312530359,8,63,107,75,8,2,89
2.381332706044253,5,48,80,64,14,6,64
2.3814159841669564,3,8,5,0,0,0,1
2.3814680702890274,2,12,3,1,2,1,10
2.381477638520164,7,29,33,54,3,2,45
2.3815615741244422,8,29,41,16,6,3,37
2.38179744633291,0,0,0,0,0,0,3
2.3818267209407864,4,34,5,16,4,2,35
2.381958228298919,0,0,1,0,0,1,0
2.382006842924983,1,4,10,1,2,1,4
2.3820292891443353,9,2,35,26,1,1,30
2.3820321789119316,9,14,10,7,3,2,21
2.382103753920983,3,17,39,16,8,7,20
2.382108421114574,1,22,34,17,3,0,36
2.3822500467630547,4,60,78,41,8,2,34
2.38225725879473,5,135,93,43,5,7,20
2.3822756002041188,0,0,0,0,1,0,7
2.382289431642984,3,36,46,21,8,3,61
2.382361438677146,2,25,15,10,5,3,43
2.382418888331249,7,32,50,19,9,3,23
2.3825516554063224,10,35,28,33,6,0,44
2.3826268161667223,16,111,85,40,13,10,132
2.3828054411200066,0,4,1,13,0,2,8
2.3828934708134413,9,67,13,9,4,4,19
2.3830175153841187,9,20,34,47,4,4,28
2.383061770343691,3,10,48,0,3,1,5
2.383168497379079,1,0,0,0,0,0,0
2.383177146864563,5,94,2,75,5,1,17
2.3831935649858664,0,0,0,0,0,0,0
2.383285003072237,5,41,17,9,4,1,29
2.3834150804713365,0,12,4,0,2,0,1
2.383441632943429,7,6,13,15,2,1,9
2.383507696838941,12,29,74,51,5,5,75
2.3835135994398815,5,19,31,9,1,1,36
2.3835475983805154,3,18,1,8,0,1,5
2.3835558636344722,23,79,28,30,0,4,26
2.383615284073614,5,21,61,6,6,2,65
2.383615536219174,13,62,66,55,3,6,62
2.383743350043393,50,443,364,225,46,25,446
2.3837457960868687,5,39,34,66,8,5,32
2.3837616728442486,7,40,31,9,3,2,23
2.3837859490080873,5,6,7,8,2,0,19
2.3839630019340485,9,66,80,9,9,3,68
2.384020991936546,11,82,154,41,13,5,127
2.3840482343350073,2,13,38,40,5,2,50
2.3840560068379437,14,21,0,0,2,0,0
2.3840730163291974,0,2,0,0,2,0,2
2.3840987777573996,1,24,13,6,1,0,4
2.3841234509581044,22,95,119,118,21,10,185
2.3842224969253776,1,4,17,3,2,1,25
2.38431181664135,0,0,0,0,1,0,0
2.384357009430917,0,2,1,0,0,0,15
2.384401473677207,0,4,8,3,1,0,3
2.3844035036512174,2,37,15,16,11,2,47
2.3844321016720107,16,156,78,68,13,10,109
2.3844322360043346,9,15,96,29,7,7,32
2.3844350084413555,1,6,0,0,1,0,1
2.3844374868018647,21,151,126,120,20,7,191
2.3844711136539547,10,37,1,59,0,2,71
2.384514943135991,0,4,3,0,4,0,2
2.3845336630597433,6,21,62,28,3,1,26
2.3845432984356827,9,20,29,26,7,2,116
2.384710621585599,7,31,20,39,8,7,33
2.3847658700524437,9,9,25,11,4,2,23
2.384768510832223,17,74,48,27,4,3,50
2.3847795864613732,3,114,6,5,3,2,15
2.384808515937973,11,37,41,27,8,3,30
2.3848271398549112,14,85,90,63,12,6,66
2.3848688794858255,12,25,48,28,8,2,87
2.3848775317097433,5,53,40,14,10,5,41
2.3848804246089106,1,0,0,0,0,0,0
2.3849976566439386,5,25,20,3,7,0,4
2.3850372214406064,8,62,77,43,6,5,91
2.3851470228687304,1,2,0,0,1,0,0
2.3852025335296423,22,120,234,192,40,18,322
2.385251774020867,10,63,69,13,6,6,80
2.3854237257587187,4,1,0,1,0,0,3
2.3854815588978306,6,32,41,50,4,3,22
2.385530860634076,0,0,1,0,1,0,0
2.385587589717444,3,38,41,28,4,3,36
2.385607656117504,0,4,0,0,0,0,0
2.3857237435535015,8,35,67,49,9,7,62
2.3857408484012157,13,81,15,28,6,3,26
2.3857924260956387,3,11,8,1,0,1,2
2.3859274273804556,7,29,36,11,3,2,25
2.3860326824862366,1,2,0,0,0,0,0
2.3860784491091804,4,31,54,22,9,0,48
2.386089648755091,1,14,39,22,5,2,12
2.386098818903232,1,1,5,0,1,0,0
2.3861458795146397,11,63,148,23,10,6,58
2.3862207437726193,52,371,286,133,44,25,301
2.386367185919864,0,10,13,0,4,2,15
2.3864305081578308,38,253,10,31,7,6,47
2.386458248966883,1,0,0,0,0,0,0
2.3864700122885782,0,9,3,9,6,0,42
2.3864865906899007,14,57,40,57,13,6,63
2.3865146396275896,4,69,32,8,4,3,25
2.3865205807552163,1,5,13,3,1,1,9
2.386537067522698,6,59,41,12,3,6,45
2.3866115327329944,2,5,22,13,2,2,6
2.386817835061122,0,1,12,2,5,0,32
2.386906318196845,2,3,10,21,1,1,9
2.3869742041147566,0,4,9,5,1,1,22
2.38708750286642,5,40,14,32,7,4,54
2.3870985990114835,2,4,40,4,6,1,23
2.3871654918232563,0,13,9,8,3,3,4
2.3872125735148813,0,34,2,0,2,2,32
2.3872132529984316,4,68,6,7,2,1,17
2.387224496421141,9,16,45,39,8,4,36
2.3873240738160426,4,10,7,0,2,2,5
2.3873729864215076,11,85,40,84,11,3,68
2.3875005867372194,1,14,47,22,2,2,22
2.3875958283037613,13,52,74,73,4,1,42
2.3875977624815916,2,13,9,9,1,1,18
2.387621611165825,5,27,14,21,4,0,2
2.3876505836362245,21,78,206,84,23,13,119
2.387723425973466,0,0,1,0,0,1,0
2.3878368731101607,164,1131,724,489,130,80,990
2.3878425608593794,13,115,33,23,5,8,36
2.387861197893008,1,0,0,0,0,0,0
2.3878820100726053,5,26,36,47,9,1,35
2.387923337248678,4,22,18,7,2,3,22
2.387944542456986,5,35,55,90,16,3,93
2.387957122614698,3,10,84,5,2,6,2
2.387985784406989,0,45,6,27,1,2,31
2.388142992831988,0,0,0,0,1,0,0
2.388161760151985,5,13,33,32,5,6,45
2.3881731805061897,3,13,38,10,3,1,16
2.3881737008160733,53,245,165,116,29,21,170
2.388219998649465,4,62,3,14,1,2,11
2.388266173794319,23,204,65,91,14,20,69
2.3884419765269977,1,0,1,0,0,0,0
2.3886376249291983,2,13,13,26,3,1,43
2.388677893100942,8,30,22,45,8,4,26
2.3886778932163826,7,43,67,24,9,2,67
2.388683924281361,10,53,42,23,5,6,50
2.3888204605029433,0,8,1,7,3,2,6
2.3888868859025805,0,18,16,16,4,0,19
2.388917314975805,5,53,185,22,7,5,66
2.3889211272126025,8,93,136,26,10,7,42
2.3889953621554585,17,76,109,122,17,7,60
2.389115199209694,0,0,11,0,1,0,23
2.389126598917549,12,49,37,45,10,7,88
2.389232842844614,0,0,0,0,0,0,0
2.3892540790899344,15,58,57,10,5,4,53
2.389256624471367,8,59,90,45,16,7,149
2.389262816702713,1,21,6,25,4,1,14
2.389292050195453,0,0,7,0,0,0,0
2.389341619898626,2,22,29,18,7,0,15
2.3893467948798204,2,0,11,0,1,1,0
2.3893651350767082,10,65,78,93,9,11,102
2.389438706776418,4,2,3,4,2,1,6
2.3895058255654393,21,87,95,77,17,11,120
2.389556500783772,5,38,1,9,2,1,13
2.389680637125915,1,2,3,1,0,0,2
2.389765332082026,0,0,0,0,0,0,0
2.389803154763936,4,34,5,3,3,0,53
2.3898362401864497,0,0,0,4,2,1,0
2.3898546658418156,0,2,17,0,0,1,5
2.3899465598883416,24,158,144,133,21,17,250
2.390050541601093,3,28,50,39,6,3,22
2.390123636971435,8,52,17,51,6,3,41
2.39015697347765,0,9,0,15,1,0,0
2.3905900409323557,0,0,0,21,0,0,0
2.3906930514375846,2,1,2,7,1,0,2
2.390743297604714,9,27,80,37,10,1,111
2.3908105529944366,7,123,54,33,10,4,58
2.3909171069453197,1,2,0,0,0,1,3
2.3909416474068466,9,98,10,1,1,2,17
2.3910780709437804,6,114,63,67,10,2,48
2.3911062114841286,3,106,17,19,7,1,106
2.3911689616978014,1,7,14,2,1,1,3
2.3913385813060293,0,8,0,9,1,3,1
2.391401545399111,2,4,0,11,0,1,0
2.3914162222325483,1,0,0,0,0,0,0
2.3914407883793514,5,28,5,39,2,3,24
2.3915154734916046,0,0,0,1,1,0,1
2.391540717797177,0,1,1,0,0,0,2
2.391577252621698,5,8,25,12,8,2,9
2.391705602417342,5,11,23,10,10,4,40
2.391895876929253,0,0,0,0,0,0,1
2.3919224456835204,47,222,289,191,53,24,308
2.3920482002736163,41,207,304,185,49,19,547
2.3920741794721136,0,0,4,0,1,0,0
2.392079643928657,9,44,18,3,8,2,12
2.3921743304540173,4,4,28,38,11,0,51
2.3923363195785607,1,0,0,0,0,0,0
2.3924406866764194,7,84,44,14,6,6,108
2.392500195465122,5,14,4,2,0,0,8
2.3925097327514084,0,0,0,0,0,0,0
2.3926109952053083,0,8,1,1,4,0,18
2.392697007844349,2,26,0,13,4,0,154
2.392737616841505,0,0,0,0,0,0,0
2.3927526050324333,79,447,697,524,107,35,849
2.3928711216816185,0,7,5,1,1,0,0
2.392875744272031,2,8,1,0,0,0,1
2.392944877412637,16,38,54,38,3,9,52
2.392957941896284,0,1,0,0,1,0,0
2.3930932974623302,7,16,47,21,6,0,23
2.393119068290745,2,5,6,2,0,0,12
2.393120693129768,2,5,5,6,0,2,1
2.3931746291521168,0,1,16,12,1,1,13
2.3932180987428415,1,1,0,4,0,1,0
2.3932537992670238,1,17,23,3,3,0,8
2.393262095534145,277,1874,430,414,57,48,626
2.3932986547264514,9,86,98,26,15,6,107
2.393327593140275,6,69,87,89,5,5,16
2.3933406251465565,8,75,66,159,19,11,180
2.3933886575984618,5,16,13,41,3,1,44
2.393431170057042,0,0,5,0,1,1,3
2.3935209131755437,18,61,120,96,22,16,127
2.3936046210172783,2,0,0,0,0,0,0
2.3936462280883415,5,15,16,15,3,3,15
2.393688892660802,25,63,35,22,1,11,1
2.3937283644984615,5,26,27,15,4,6,12
2.3937362587739153,51,212,312,371,52,36,270
2.39374837422334,9,71,45,57,11,3,73
2.3937922640916707,2,16,7,1,3,0,8
2.3938720636718815,1,8,3,4,3,0,8
2.3939521192328908,20,82,33,7,10,6,47
2.393985714755657,11,74,58,21,5,7,76
2.394099596255782,8,55,38,6,2,3,34
2.394114404556131,6,34,32,51,9,5,20
2.3941870553582465,10,41,116,29,2,3,77
2.394246205760761,9,17,35,29,10,3,50
2.3942874042754276,1,1,0,0,0,0,0
2.394334965889095,4,33,6,30,5,3,37
2.394501788829338,5,55,30,18,6,4,15
2.3946286384925606,1,9,15,18,1,0,5
2.394659893818835,1,6,6,6,0,0,2
2.3948140373985445,6,50,12,21,6,2,30
2.39498370032532,5,2,1,2,2,1,1
2.3951474265179704,7,12,9,14,9,2,24
2.3951671132736516,9,31,80,42,6,4,28
2.39517455331951,46,334,1101,962,144,49,1067
2.3951944426870937,3,9,8,42,3,1,23
2.395356611892858,1,4,2,0,0,0,6
2.3953836558453547,5,56,49,44,3,5,18
2.3954669547721648,9,31,30,34,14,3,55
2.395508963893157,12,99,53,76,16,5,129
2.3955285977411616,6,17,28,18,2,4,24
2.395543689299905,2,4,1,0,1,1,7
2.395545157215312,0,0,0,0,0,0,0
2.3955851370633456,26,157,99,57,27,9,208
2.3956158872358566,12,62,101,30,2,2,15
2.3956171128321184,4,24,43,34,2,2,34
2.395639893839306,4,3,5,6,1,0,32
2.395648806323845,11,52,50,33,10,3,43
2.395679349625239,9,73,113,73,21,7,90
2.395688448649691,5,13,28,9,6,2,10
2.3957902509535383,3,11,26,13,2,1,9
2.3958298668770794,19,91,89,132,16,14,150
2.395853890058165,2,3,0,0,0,0,0
2.39604800137249,18,89,61,30,12,7,57
2.396147225736871,9,54,46,30,5,4,47
2.3961943252756064,1,2,0,0,0,0,0
2.3962566210245315,8,106,174,80,15,6,169
2.3965634879398854,37,187,139,77,23,16,273
2.3965667063123552,5,11,13,1,6,1,35
2.3966155366469764,6,60,68,40,9,6,63
2.3966356570487455,3,10,20,3,0,2,21
2.3967687629690073,1,0,0,30,3,0,0
2.3967961798583213,2,29,22,1,2,2,18
2.396896464194389,15,29,67,126,6,7,89
2.3969295580173333,4,32,48,10,2,5,26
2.396960515080565,20,205,127,163,17,15,139
2.396969157659044,0,2,7,12,0,1,4
2.396989068299862,1,15,1,0,0,0,10
2.3971417241755293,5,65,31,46,3,7,44
2.3971980077605926,7,43,12,26,4,2,49
2.397319846370365,2,9,22,21,6,3,9
2.397411481223991,0,0,0,0,1,0,0
2.397498523295482,41,234,238,307,40,21,284
2.397537148627363,63,685,0,83,5,28,66
2.397627785384951,2,4,24,13,1,1,16
2.3977187533314526,23,107,67,60,13,10,72
2.3978948493751573,2,16,18,34,1,1,24
2.3979060131930447,1,3,0,0,0,1,5
2.3979108764510073,1,10,7,28,2,0,26
2.3979575360730294,6,27,11,62,5,6,40
2.398105964328386,23,27,74,83,18,4,43
2.3981127394426585,64,448,391,491,49,37,438
2.3981364451191065,1293,8220,6582,3959,964,496,6141
2.3981571991790025,15,21,44,38,1,3,80
2.3982840193494623,7,79,8,25,11,3,76
2.398317806964742,90,561,195,176,27,27,203
2.39833645022604,0,5,4,0,2,0,1
2.398361247275451,1,17,16,8,2,2,1
2.3985364894894645,2,8,3,4,1,1,42
2.3985378169099616,8,24,20,3,2,1,12
2.398603787700027,45,335,88,38,5,16,87
2.398604984994395,17,94,86,52,21,8,88
2.39865933189358,8,29,33,25,10,7,24
2.398679208271422,14,71,60,115,12,5,92
2.398742427347026,7,61,21,8,8,0,45
2.3987858160650473,2,0,22,2,2,0,2
2.3987916093069384,14,95,131,56,21,16,221
2.398891430129147,31,130,313,206,30,21,276
2.3990078775105377,4,35,29,51,7,7,53
2.399083200791803,0,8,9,2,4,0,9
2.39909608523045,0,0,0,1,0,0,0
2.399156340722937,4,8,23,17,4,3,27
2.3992095378301794,10,43,2,0,0,0,5
2.3992434745830353,8,62,26,26,7,6,25
2.399304966578851,3,50,157,10,5,2,87
2.3993077586930034,29,92,148,79,22,9,163
2.3993227716733174,10,86,128,93,16,8,122
2.3993961180780343,0,31,35,39,4,0,34
2.3995540000656344,7,40,0,1,2,1,17
2.399636734808729,8,111,5,53,2,4,19
2.399731842930125,5,51,2,4,0,0,0
2.3999450607571315,0,0,0,0,1,0,0
2.3999844878873713,2,9,3,5,5,1,15
2.399991005088905,4,56,44,25,9,4,44
2.399994485329781,3,20,11,0,3,2,9
2.4000132612555394,8,37,70,101,11,9,39
2.400095877956773,5,5,29,36,4,4,65
2.400165671757346,5,27,30,23,2,1,13
2.400170395399194,0,9,9,1,1,0,14
2.400197924148921,0,0,0,0,0,0,0
2.400327708232547,7,93,1,0,5,1,43
2.4003289665633494,1,2,3,9,4,1,11
2.400392908765136,5,40,26,4,3,3,14
2.400410464251583,17,99,108,39,14,5,170
2.4004447327608025,164,1174,346,218,56,42,462
2.4006399654360493,1,0,0,0,0,0,0
2.4007729364083623,2,1,0,0,0,0,0
2.400789642861293,3,39,10,10,2,1,13
2.4008015035184966,2,7,2,13,0,1,2
2.400803360613757,0,0,0,0,0,1,1
2.400803735123224,0,10,13,8,1,2,22
2.4008182139969665,3,15,32,12,1,4,12
2.400823649337391,1,0,12,3,2,1,54
2.4009258690718682,2,3,2,0,0,1,10
2.4009338826935265,47,2152,24,115,23,4,279
2.4009703146090247,20,142,108,75,27,11,172
2.4010544917872685,22,98,66,57,13,6,99
2.4010669811398775,1,8,7,1,3,0,0
2.4011497332999974,0,6,10,12,3,0,10
2.401210856821432,15,124,198,40,10,11,97
2.401260082962515,9,75,21,12,5,1,32
2.401391912026346,13,70,46,57,8,5,28
2.40142163270818,1,0,0,0,0,0,0
2.4014242999262776,13,55,42,24,15,5,39
2.4014852964297275,0,4,0,0,0,1,0
2.401500684136707,16,71,113,70,11,9,92
2.4016982327551935,4,22,1,2,2,1,6
2.4017046173069327,34,121,118,225,26,26,176
2.4017821393215524,1,9,16,0,3,0,16
2.4018575249038157,51,703,1,103,14,13,78
2.4018663094346797,0,0,0,0,0,0,0
2.4018802790354807,0,0,1,0,0,1,0
2.401928982836625,73,376,1163,690,110,79,1039
2.4019647269009843,0,0,0,0,0,0,1
2.4020262878285754,0,11,0,12,0,0,0
2.4020363265311007,15,75,117,48,13,8,94
2.402083205373912,0,12,10,14,2,1,5
2.40208791541918,0,0,0,0,0,0,0
2.402149698283601,3,14,18,2,1,2,12
2.4022170491417283,18,102,255,261,38,16,309
2.4023473027842543,1,2,3,6,1,1,4
2.402443120221372,1,1,2,2,0,1,0
2.402482941811081,8,61,60,54,7,6,123
2.402507303436012,0,4,8,3,0,1,0
2.4025460482417613,3,22,27,25,5,1,9
2.4026017829732167,6,16,3,12,1,2,3
2.402623647562604,0,0,2,0,0,1,7
2.402703328779,20,175,128,83,19,9,220
2.4028247201538435,16,46,1,4,0,2,0
2.4028339661563463,28,222,136,167,7,8,95
2.402986862742658,133,854,1067,340,110,39,1048
2.403000540721154,14,119,61,94,6,12,66
2.403021580260973,10,78,18,14,8,3,20
2.403154234998757,9,29,34,15,6,2,56
2.40317776233179,10,58,137,66,9,6,195
2.4034184279400206,10,82,84,71,16,11,87
2.403453081404782,1,1,0,2,0,0,0
2.403468200390787,36,139,16,77,1,5,19
2.403482020825497,8,89,136,111,22,12,239
2.403492789262281,5,13,3,20,0,3,9
2.403639668428192,4,39,140,15,10,5,58
2.403687079702055,3,6,11,10,4,2,19
2.4038451561616,4,9,8,11,6,1,5
2.403869652808009,1,19,2,4,2,0,16
2.40392769470347,4,19,50,18,3,2,32
2.4039354371665356,13,65,95,51,18,11,156
2.4040755251992922,11,47,38,23,10,6,42
2.404121952288737,2,1,0,2,0,0,3
2.4041367920276144,10,13,22,5,2,4,0
2.4041407591664807,6,29,29,26,6,8,44
2.4041976777425016,1,0,4,1,0,1,4
2.4042102840529935,0,0,0,0,0,0,0
2.4042106920348933,2,5,1,0,1,0,3
2.404364267242944,0,4,0,22,0,0,0
2.40440443860407,5,31,4,18,2,3,23
2.40443269627386,1,6,0,0,1,1,0
2.4044951152682925,7,24,23,16,2,4,39
2.404568968525836,6,19,63,30,6,3,54
2.4046777224349394,1,0,0,7,0,0,0
2.404692729368542,4,26,4,4,5,1,8
2.4046929011495397,10,60,110,63,9,6,102
2.404766366748532,19,63,91,121,14,6,103
2.4048043414992555,18,76,61,64,11,6,142
2.404853379696383,7,26,37,37,7,3,31
2.4048722870086237,0,3,1,3,2,0,9
2.404941762813115,16,126,113,41,14,7,75
2.4049876658294584,5,24,41,34,4,4,54
2.4051640883500314,14,44,50,68,11,10,80
2.405179459737254,2,0,21,0,1,1,5
2.4051848192714864,3,34,23,14,2,0,12
2.405193259254169,0,0,2,0,1,0,0
2.4052413967472632,2,13,26,20,9,1,25
2.4052484122372952,0,2,3,5,0,1,7
2.4054339836365135,8,30,44,9,6,1,39
2.4054985175474166,0,0,2,0,1,0,5
2.4054995109990296,3,0,1,1,1,1,3
2.4056215964692877,3,31,5,15,3,1,1
2.4056508714803226,3,18,85,23,3,3,31
2.4056833581178365,2,7,1,7,2,0,5
2.4057894100911903,5,34,19,10,3,3,37
2.40579341943648,8,18,59,29,9,4,80
2.406033478932431,0,14,5,9,5,1,9
2.4060995884676655,12,17,44,15,11,1,36
2.406229393591612,23,51,113,93,18,8,60
2.4062999445853768,3,8,5,3,1,2,47
2.4063226217894664,9,49,71,58,13,7,66
2.406491890309452,11,47,47,23,7,8,36
2.4065086872182553,0,0,0,0,1,0,31
2.4065329334293515,1,23,15,17,1,4,16
2.406559444622427,13,54,122,85,14,3,85
2.406564143936743,2,0,4,10,0,2,0
2.406608521521511,0,0,0,0,0,0,6
2.40666974065914,14,45,87,1,4,3,8
2.4066920218075003,0,17,5,6,1,1,10
2.406745504821491,5,23,19,14,3,1,14
2.40674992086118,0,2,0,0,0,0,0
2.4067585301742924,2,1,4,5,0,1,0
2.4068273906710176,82,544,696,472,104,59,748
2.40693445150187,3,17,28,21,3,4,11
2.4071219350493887,14,21,43,31,10,6,90
2.407142934066413,1,3,4,10,2,0,4
2.40715906099392,0,0,1,2,1,1,0
2.4071861170512165,4,18,21,18,3,4,7
2.4072193969173163,1,4,5,1,1,1,7
2.407342944831395,7,45,30,24,4,3,65
2.4073481563663894,1,0,0,1,0,0,0
2.4074207355837873,3,21,14,5,4,1,3
2.4074618016016753,2,11,16,3,1,3,3
2.4076080274049354,38,244,148,90,27,17,195
2.407758070086059,2,5,0,3,1,0,13
2.4077898263680506,4,2,10,20,3,2,5
2.4078443124158078,0,1,1,0,0,1,0
2.408028618030088,293,5980,4681,1884,245,121,5658
2.408049044339516,13,66,71,55,19,7,57
2.408061339990586,2,48,100,50,17,4,95
2.408097128861589,5,30,42,23,10,1,32
2.408168344305569,0,285,1,85,2,2,60
2.40818689670548,3,11,27,2,5,1,30
2.408238708558687,12,116,63,35,14,3,82
2.408281961951955,12,56,22,9,3,0,55
2.4083490737124746,22,113,202,152,33,20,185
2.408380153134641,12,14,20,42,5,5,62
2.4083887252833707,25,76,88,105,14,10,79
2.4085108950887864,4,31,23,18,2,1,2
2.408587282773691,92,1784,2621,1850,131,65,2401
2.4086973360103334,1,3,0,1,1,0,7
2.408770633643522,2,0,1,3,1,1,0
2.4088776907055474,1,3,13,8,2,0,14
2.408879960863998,2,11,86,3,2,0,7
2.4089676008704077,0,0,0,3,0,0,0
2.409046702661615,2,5,3,2,2,1,3
2.4090501967046816,1,5,0,0,0,0,2
2.40908625303688,9,55,40,25,10,5,73
2.409170811254839,12,35,68,26,8,3,23
2.4092723603699935,6,50,45,12,6,2,65
2.4094969628523786,2,1,0,1,1,0,1
2.4096077349392853,1,0,6,8,2,1,8
2.409678633131533,16,61,86,97,8,4,116
2.409685683285149,3,14,2,3,1,0,9
2.4097382857396776,3,34,27,19,4,2,37
2.4098244441927097,11,38,40,53,6,4,76
2.409863114159965,1,0,0,0,0,0,0
2.409978141956471,5,36,10,11,1,1,36
2.4100879933140393,59,435,279,197,49,32,307
2.410175695056101,3,6,8,3,2,1,14
2.4103062520498826,14,130,111,46,18,8,99
2.410381249553972,2,8,5,13,2,0,2
2.4103937164307263,0,5,0,13,1,0,10
2.4104060149140616,4,30,22,4,2,0,22
2.41055299037812,4,14,30,18,4,3,2
2.41083158952091,4,10,0,0,1,1,15
2.4108722558069693,1,5,3,0,0,1,8
2.410968242214481,0,0,0,0,0,0,0
2.4110135708415266,2,13,6,3,3,1,38
2.411060865768933,0,23,18,12,2,3,77
2.4110903239258423,0,7,5,0,3,1,6
2.4111051168337414,18,109,47,31,4,13,67
2.4113614834973185,0,6,2,3,2,1,1
2.4114721350402575,20,269,194,43,16,14,199
2.4114764461545986,1,15,0,0,0,0,0
2.4115003625431135,3,24,18,14,2,0,56
2.4115475220461313,9,13,25,37,7,3,31
2.411603792946736,2,5,18,0,0,0,0
2.411621008322938,4,3,3,0,1,0,1
2.411630679892409,1,7,35,12,2,2,9
2.411741170703182,17,41,43,14,10,6,51
2.4118565665295164,1,28,31,17,5,0,24
2.411883882722189,8,30,16,6,4,3,26
2.4118868804016835,2,0,2,4,0,0,5
2.4119398979589626,10,16,15,27,5,2,60
2.412036986589481,0,0,1,0,0,0,0
2.4120473539836893,5,0,0,0,0,0,0
2.412191708409762,9,16,22,19,6,3,11
2.41226728031556,2,11,5,16,2,2,9
2.4123499583893353,3,20,5,14,0,2,19
2.4123844963793073,3,17,17,8,4,4,28
2.4124978642211796,10,144,126,77,22,8,97
2.412605316946434,9,81,89,20,14,2,55
2.412710689088501,20,214,121,95,13,8,156
2.412786220820947,1,26,18,9,4,1,12
2.4128166672314553,21,81,22,37,4,6,24
2.41286681786804,0,0,0,0,0,0,0
2.4128855442635193,0,0,0,0,4,0,0
2.4129322023218807,17,35,127,30,17,13,124
2.4129939709793176,1,1,0,0,1,0,0
2.4130048935671056,0,9,16,21,4,3,6
2.413089464721301,1,15,17,4,1,1,23
2.4131732302645843,1,2,0,0,1,0,1
2.413258454424254,1,0,0,2,0,0,3
2.413271100105638,5,60,48,21,9,4,68
2.4134245629925295,3,36,45,10,1,2,17
2.4134354371195554,17,34,72,19,7,6,41
2.4135078964874777,19,127,98,126,23,13,120
2.4135874268861035,6,49,119,43,16,5,54
2.413634173325921,0,0,1,0,1,0,2
2.4138791173715672,0,7,3,4,1,2,1
2.4139249460873273,3,9,12,16,1,0,12
2.413995464235218,6,14,36,21,2,5,74
2.4139969559879706,13,61,20,29,7,4,96
2.414015348475888,9,34,65,27,6,4,28
2.414044405650212,5,44,18,16,5,4,21
2.4140568602172054,3,40,52,23,11,6,35
2.4140688541027053,2,11,7,3,2,2,3
2.4140694443449795,6,11,0,12,0,2,8
2.4141675800740434,3,2,6,3,2,1,110
2.4141895903861705,1,14,3,10,0,2,0
2.414210132626885,1,0,7,0,1,0,2
2.4142499441620133,9,27,71,125,8,3,86
2.4142642253947986,2,0,14,16,2,1,3
2.4142874700662853,10,43,32,13,11,6,38
2.4142979651243213,3,2,2,2,0,1,5
2.414355444150486,9,23,2,20,5,4,4
2.4143779777863568,59,249,168,385,33,30,251
2.4145208905105253,36,179,108,45,18,6,129
2.414524221149762,11,69,354,345,33,7,438
2.4145284435339156,5,16,14,1,2,1,18
2.41471312399761,0,0,2,0,1,0,0
2.4147274847456996,7,41,28,3,1,0,0
2.4147807166276043,0,0,4,1,0,0,10
2.414821031503919,2,10,4,28,4,0,1
2.414864410382053,0,6,8,13,4,2,2
2.414917186782284,1,58,0,0,1,0,6
2.4149218133009316,6,34,13,2,1,2,28
2.4149368912599036,2,42,0,0,0,3,0
2.4151462897474367,7,60,11,38,6,5,44
2.415170452349855,2,5,1,9,1,0,1
2.4151858067602845,143,1237,241,221,37,33,352
2.4152265176267913,5,37,9,22,2,2,13
2.415298113083941,2,9,69,16,8,1,90
2.4153490539921307,2,1,12,0,1,0,0
2.415369987324349,24,160,109,52,13,6,91
2.4153717324153816,3,12,25,16,7,5,71
2.415401647579619,2,0,0,0,0,0,1
2.4154891420965647,0,12,7,17,1,0,15
2.415501041939857,8,37,19,39,1,2,40
2.4155519104608447,8,39,77,19,6,6,50
2.415657753666704,1,3,2,0,2,0,19
2.4156583043476267,1,13,6,2,1,0,1
2.4157078831569168,3,18,17,14,5,1,12
2.4157143095477487,0,0,0,0,1,0,0
2.4157538291818983,0,0,0,0,0,0,0
2.4157589726976227,11,23,2,0,0,1,0
2.4158465582686794,101,829,790,510,103,48,721
2.41592296397188,5,20,21,10,3,1,24
2.4159458172985375,0,0,0,6,0,1,0
2.4160459836871517,1,4,8,0,3,0,0
2.4160865516124646,2,9,18,9,6,0,24
2.4161030183514787,3,1,60,0,1,4,59
2.416105199596941,5,15,28,12,2,2,8
2.416414489377697,0,0,1,0,1,0,4
2.4165377760328846,1,17,13,9,5,3,31
2.416548897679669,0,0,0,0,1,0,1
2.41661077463199,15,98,154,86,21,11,135
2.4166160934927126,1,0,2,1,2,0,0
2.4166366778887056,3,70,19,9,4,1,18
2.416732143139573,2,19,9,0,3,1,17
2.4167501936301727,4,20,11,14,1,2,10
2.416755840886202,4,24,20,30,7,6,13
2.4168268693547725,6,56,110,40,13,12,75
2.4168744848051684,0,0,0,0,0,0,0
2.416929010552346,8,34,23,18,9,2,46
2.417001221277098,31,110,109,111,27,8,181
2.417003774613759,33,199,119,56,22,13,162
2.4170577564139846,29,159,133,43,19,13,117
2.4171478459659115,9,52,68,32,9,3,89
2.417213619417354,0,0,29,0,1,0,8
2.417229669335981,6,26,6,0,0,1,33
2.4172659155388785,0,2,7,4,2,0,10
2.4172906557358886,1,8,15,0,3,1,4
2.4173501660766332,9,74,61,33,14,7,50
2.417380220875659,4,7,10,18,4,1,2
2.4174486820479153,3,35,36,8,8,1,64
2.4174940719539464,6,93,1,1,1,1,7
2.4175325590111405,0,5,0,2,0,0,0
2.4175900293700057,2,2,9,10,4,2,13
2.417622074134209,0,0,1,0,1,0,0
2.417704938010952,0,4,0,0,0,0,0
2.4177080747227495,6,42,63,33,12,3,14
2.4177981085908344,3,8,5,1,3,1,11
2.417802662936793,5,18,10,0,2,2,9
2.417885995569027,1,7,6,10,4,0,2
2.417888554541464,21,150,220,122,35,19,172
2.4180160250842695,3,27,49,28,3,3,30
2.418222390663632,11,15,43,5,4,5,29
2.4182615313380085,1,4,3,0,0,0,4
2.4182661895732864,19,51,95,20,14,8,182
2.418269390978964,1,0,0,0,0,0,1
2.4183540108693458,3,11,37,14,5,1,43
2.4184850198619263,0,1,1,0,1,0,3
2.418535573893769,6,61,44,58,6,14,84
2.418777985563458,19,79,35,51,10,5,71
2.4188524606430177,4,16,22,39,11,5,37
2.4188582053655345,10,49,12,5,11,5,16
2.4190064076965023,6,47,58,34,5,1,48
2.419052778396404,3,10,7,25,0,0,11
2.4190865490024067,3,21,23,17,5,2,16
2.419104756056546,11,45,93,67,14,7,106
2.419149567957546,15,150,9,45,12,3,12
2.4192021305256506,2,47,79,86,10,9,73
2.4192238618378896,9,93,87,33,9,3,81
2.419229763767569,7,26,8,44,1,4,27
2.419236892160536,2,13,4,49,1,1,19
2.4192491584490874,1,0,0,17,2,3,25
2.4192734101991604,4,5,22,5,5,4,26
2.419279698423179,5,10,19,14,2,3,12
2.4192970605525868,18,28,7,3,3,4,1
2.419362263676608,1,21,7,48,4,3,30
2.41941472130099,29,232,360,128,30,16,302
2.4194820993215314,9,86,77,55,9,8,92
2.419484298214141,8,18,26,19,4,1,23
2.4195169128548857,4,41,42,28,7,2,22
2.419553854850183,3,8,1,3,1,1,21
2.4195606789824122,2,25,21,21,4,2,9
2.4196249692462786,7,21,48,15,8,5,32
2.419956314669288,1,2,13,2,0,0,0
2.420243190390446,3,0,0,0,0,0,0
2.4203495988920474,14,96,190,56,27,9,152
2.420505835622908,6,9,12,13,1,2,14
2.4205059837782548,0,15,19,1,3,0,13
2.4205189899078343,0,4,8,0,2,0,11
2.4205680430600736,3,15,14,0,4,1,14
2.4206995643792415,2,6,11,12,1,1,8
2.420843539377873,0,1,0,1,1,0,4
2.420985362785645,7,61,22,5,1,2,24
2.42109072307678,3,16,20,10,2,5,38
2.4211878693030684,94,383,167,95,33,21,200
2.421241562518043,0,0,12,8,3,0,2
2.42140142029945,7,56,77,30,14,10,120
2.4214792232067106,0,0,2,0,0,2,1
2.421482705894964,1,0,7,26,0,0,35
2.421818654508713,9,60,87,30,11,5,34
2.4218327159037654,404,3691,3433,2266,356,252,3707
2.421858629091567,12,14,41,58,5,6,31
2.421928583421664,6,8,3,37,3,2,14
2.4220005319371425,15,57,87,31,15,5,64
2.4220777998158907,25,61,46,37,3,6,50
2.4221362334112424,12,68,21,64,9,5,94
2.42217043879514,2,84,0,0,0,0,0
2.422193139517472,1,0,0,0,0,0,0
2.42222925048316,8,24,9,27,3,1,47
2.4222883101592982,2,20,5,3,4,1,13
2.4222905724618933,1,0,1,0,1,0,47
2.4223852650927546,42,157,92,43,14,8,56
2.422571130276623,1,8,0,0,0,1,0
2.4225848151486007,8,25,22,5,7,6,13
2.422614463554632,1,1,6,0,0,0,6
2.4226474534872655,4,12,7,12,3,0,8
2.422651672850755,0,11,7,6,2,0,8
2.422738633984312,7,73,68,47,15,8,77
2.422779944231906,0,2,9,1,0,1,2
2.422820072694661,6,53,10,13,2,0,25
2.4228343342764918,8,33,29,50,7,3,43
2.4228580531697403,7,20,29,9,4,1,48
2.422888991832695,3,17,9,19,7,1,28
2.4228963502549985,6,52,18,33,2,2,24
2.422901563332239,0,0,0,0,0,0,0
2.4230320223783908,4,23,28,35,6,3,89
2.4231299939183075,8,90,78,41,10,5,22
2.423171551144302,0,0,0,0,1,0,0
2.4233049744330737,5,69,73,14,13,7,78
2.4236234006952704,0,0,0,0,1,0,0
2.423630864302424,6,39,35,35,5,5,36
2.4236580418361546,1,22,24,7,1,1,8
2.423724889742125,1,5,0,0,0,0,0
2.423876896260037,4,32,28,11,2,2,38
2.4238827019353453,12,37,56,24,7,7,55
2.4239541012906334,44,333,286,161,32,14,389
2.4240281797219048,1,0,13,0,2,2,33
2.424075815226816,2,2,8,0,0,0,5
2.4241926935027687,0,0,3,2,0,2,6
2.4242585162731394,1,0,0,0,0,0,2
2.42429824804123,5,21,49,11,7,5,62
2.424405242766454,0,0,5,14,0,0,0
2.424411405073345,6,41,17,60,16,2,46
2.4244534312736294,7,35,58,11,5,4,26
2.4248403512381236,21,140,74,27,9,7,95
2.4248795969139865,2,8,16,4,3,1,7
2.4249141540022325,8,52,16,7,4,2,18
2.424987278442737,7,66,14,27,1,3,16
2.4250611447013304,1,52,33,5,8,2,10
2.425101914502985,1,4,5,9,0,1,5
2.4251100630092695,4,5,23,18,2,0,11
2.425153365129766,8,16,27,12,5,3,15
2.425209070386143,1,0,0,0,2,0,15
2.425271074761245,0,0,0,0,0,0,5
2.4252983248917577,1,38,23,26,3,3,41
2.4253101532786006,3,7,5,2,4,0,1
2.4253249107321424,1,1,0,0,0,0,2
2.4254208635827346,0,0,0,0,0,0,0
2.425523457140993,0,2,1,17,3,1,17
2.425534484844681,3,30,54,19,7,4,53
2.4255408922395554,21,71,31,20,13,9,56
2.4255810398252686,3,10,3,6,3,1,2
2.425650307080176,34,105,77,78,24,13,122
2.425665984633805,0,12,0,5,2,1,10
2.4258832673873716,1,0,0,0,0,0,0
2.42589260907234,1,3,0,0,0,0,0
2.4258964816909723,1,0,5,0,0,2,22
2.426017726597032,5,7,15,29,6,2,27
2.426029621279363,2,17,29,10,3,2,14
2.426083122028391,0,0,0,0,0,0,0
2.4261238461284758,5,43,11,17,2,3,19
2.426137744097703,4,10,2,6,2,1,8
2.4261382590094738,7,44,20,20,2,1,17
2.426288793379851,2,18,14,16,1,1,8
2.426331389769298,8,40,72,40,4,10,50
2.426400916592182,9,56,39,13,3,4,12
2.4267334419859616,33,168,357,137,41,15,462
2.4267464057335077,5,20,17,5,4,4,26
2.4268848482743297,4,11,6,16,5,0,14
2.4269179351172254,26,130,67,67,13,11,75
2.427015047804541,0,0,0,0,0,0,0
2.4270175207031377,22,64,125,41,13,6,96
2.427020551819775,12,30,74,74,13,7,88
2.427021242518744,10,11,23,0,5,3,31
2.4270630575383088,10,30,26,16,11,3,29
2.4271673712544835,3,0,0,2,1,0,13
2.427240527067829,2,3,0,0,4,1,0
2.427258778805369,15,131,413,188,47,19,367
2.4273756111837743,0,3,0,3,0,0,3
2.4274394898258973,2,8,13,7,3,1,17
2.42747047144594,0,3,8,12,1,0,10
2.4274798278296217,57,178,65,92,19,12,90
2.4275036065190845,2,69,51,0,7,4,15
2.427611443314192,4,14,7,0,2,0,8
2.4276701457787566,5,21,21,13,4,4,26
2.4277473014786852,10,11,17,18,5,0,22
2.42787214030015,3,28,37,71,1,6,12
2.4279005156668743,4,9,3,7,0,1,7
2.4279931546393105,2,28,43,23,7,6,93
2.4280222853739617,2,50,44,17,5,8,15
2.4281832254868534,6,53,37,10,6,0,40
2.428270858868623,29,261,200,156,58,22,331
2.4282870069175497,57,223,64,16,13,10,100
2.428353456733212,0,0,1,0,0,1,7
2.4283996755395645,5,5,22,0,4,0,15
2.428539155269233,10,20,55,7,2,3,30
2.428724470817857,89,321,123,224,36,34,369
2.428784591416332,0,3,0,0,1,1,3
2.4288635149720377,3,9,10,16,4,1,10
2.4288734518829513,5,16,8,33,3,2,1
2.428946711906929,82,297,581,500,64,46,574
2.4289523430572575,17,88,70,70,13,7,84
2.4290573246944267,3,12,51,17,12,4,77
2.4291049031924445,14,91,51,24,15,7,66
2.429165198014521,0,0,1,22,0,0,0
2.4291922419647642,3,5,7,10,2,1,8
2.4292214399636305,4,10,14,17,1,1,17
2.429282613886359,0,0,0,0,0,0,0
2.429329283409397,0,7,11,0,1,0,24
2.429370353811132,4,3,0,1,1,2,0
2.4293904003126214,16,262,159,49,23,19,117
2.4293983117828786,10,78,10,28,4,5,9
2.4295520526499765,0,0,0,0,1,1,1
2.429569143781493,6,23,35,14,9,4,45
2.4295791068697765,3,19,20,10,2,1,19
2.429610742426093,2,5,18,18,7,0,40
2.429664176774053,5,18,29,10,3,1,63
2.4296881600919664,4,40,30,4,2,5,14
2.4297134535888016,3,8,16,22,1,1,5
2.429730205689992,13,23,27,12,7,3,15
2.4297908937043147,10,28,123,12,7,5,25
2.4298182286563073,12,68,1,18,5,3,36
2.4299188078852163,2,10,1,0,0,1,0
2.4300110912733404,0,0,0,3,0,0,0
2.4300163963576873,9,41,38,20,10,4,40
2.4300378661884507,2,15,14,0,5,1,22
2.430050941556255,3,8,8,13,2,0,5
2.430305759828419,0,19,34,21,2,1,20
2.4303529794068184,6,23,73,30,6,3,36
2.430420536392214,8,25,36,37,0,5,37
2.4304282926756327,6,49,42,37,10,2,30
2.430438329633011,11,44,76,58,12,12,55
2.4304612827660574,11,12,5,6,5,0,8
2.43049155826702,23,109,154,136,31,15,141
2.4305134229279144,1,4,15,22,1,1,4
2.4305703516247728,41,187,114,144,22,27,166
2.4306856116816564,7,19,12,13,5,1,11
2.430712932655876,15,107,26,59,8,3,50
2.4307496830708777,8,14,30,12,5,1,89
2.4308405504100197,14,106,156,141,25,18,127
2.4308438848792884,15,38,51,89,16,3,60
2.430886991381787,2,11,5,8,0,0,9
2.4308892301295417,1,13,3,0,1,1,0
2.4308916733827743,0,0,0,0,0,0,1
2.4309349789725574,7,9,22,11,1,2,18
2.4310403255883486,1,8,2,1,4,2,1
2.4311732431143462,31,169,25,8,7,3,8
2.4311775904560347,3,28,15,11,4,3,17
2.4312526108145933,1,0,0,0,0,0,2
2.431390533202529,10,48,44,10,4,6,44
2.431412064038435,8,66,87,48,8,11,91
2.431447708725808,25,61,75,59,11,14,108
2.4314726760561514,0,8,0,0,1,0,0
2.431519022892805,14,37,97,122,18,9,93
2.4316685426832634,1,11,11,14,5,1,24
2.4316756048008488,2,7,8,0,1,1,1
2.4316907025769394,0,0,0,0,0,1,6
2.431902093869733,1,3,6,0,1,1,3
2.431922954742128,2,3,4,4,1,0,5
2.431945825412287,8,58,54,39,12,9,75
2.431948924520946,4,32,17,22,2,3,7
2.4319951017755805,95,361,411,275,56,57,485
2.4320262847138325,5,32,21,2,4,1,4
2.4320729984209484,8,17,30,46,9,3,30
2.4322361839267472,18,92,259,124,36,14,300
2.43226953343883,1,27,12,9,1,1,2
2.4323405056703744,10,14,38,34,4,2,17
2.4323468068235643,9,46,25,22,12,7,42
2.4325375685915485,3,29,10,2,2,2,8
2.4326699311619606,16,56,84,81,17,12,58
2.4326938426426556,6,0,0,0,0,0,0
2.43283309178025,2,6,3,1,3,1,10
2.432858643185522,11,66,62,50,20,5,82
2.432863043122541,1,8,1,11,0,1,13
2.4328635357594512,3,2,4,25,1,1,10
2.433022202556379,5,31,29,15,4,2,25
2.4330507213089994,4,1,8,11,0,0,2
2.433066621061855,13,136,74,93,13,7,97
2.4330837248856962,1,0,1,2,0,1,3
2.433168243239405,3,11,3,7,1,0,3
2.4332061371734404,0,0,0,0,1,0,0
2.4332201676362875,0,0,0,0,0,0,0
2.4332461335606133,0,0,0,2,0,0,13
2.433334580654304,2,12,5,6,2,1,24
2.4333468537077456,25,131,191,132,43,22,222
2.433527468409382,1,0,0,0,0,0,0
2.4335956481118193,15,114,83,125,18,7,94
2.433659869019842,8,39,34,26,10,6,38
2.433793609749049,32,207,207,198,15,22,155
2.4339522465920105,7,23,7,6,6,0,40
2.434403310304574,10,80,133,59,16,5,138
2.434734897317796,2,4,30,1,5,4,7
2.4348209416783915,5,2,16,14,2,0,5
2.434879246915006,0,0,0,0,0,0,0
2.435043956478284,1,7,2,9,1,3,8
2.4350489065014873,2,1,8,4,3,2,17
2.4350601953777073,7,136,163,147,8,7,183
2.435067700278044,33,178,52,35,6,8,23
2.4350694686911654,4,5,3,1,7,0,13
2.4351665707739634,1,21,22,13,1,2,15
2.4352431829980885,6,39,45,48,8,3,63
2.4352456971912386,1,26,17,16,2,1,9
2.4353025057957995,7,20,50,17,16,2,88
2.4353351366407083,8,14,17,14,3,5,24
2.4354492508504464,7,23,16,10,3,3,22
2.435474067611757,1,8,0,0,1,1,0
2.435476103334571,0,12,6,0,1,0,28
2.435553910587467,0,0,2,3,1,0,2
2.43565245252363,654,4960,5086,3206,811,341,5427
2.435693484908376,10,85,80,113,13,9,154
2.4356957842749196,1,12,12,0,3,2,8
2.435709587261186,0,2,0,0,0,0,0
2.4357367714830325,12,92,42,41,8,2,20
2.435802119428149,4,42,26,0,2,3,9
2.435830330862614,1,18,11,0,5,2,21
2.435856015326945,2,0,9,1,0,0,0
2.4360141244221594,12,27,43,34,9,5,80
2.436200850825509,3,18,4,0,2,1,1
2.4362193042850593,6,90,124,46,19,9,148
2.4362462523956427,3,8,4,2,0,1,8
2.436341294915075,0,0,0,0,0,0,6
2.4363741238479677,0,4,5,19,3,3,6
2.4363898571010316,18,109,83,136,27,17,157
2.4364447593788556,2,0,0,0,0,0,0
2.436575113576293,7,25,19,12,7,1,32
2.436578930599612,1,0,0,0,0,0,0
2.436579470274604,37,257,231,125,31,17,254
2.43663393181021,3,11,11,6,0,1,1
2.436634938769017,0,1,0,0,1,0,1
2.4366790912007996,0,1,2,1,2,0,0
2.4366998731935205,3,14,30,7,1,4,34
2.4367921752423722,7,16,22,12,5,2,29
2.4368673430140775,17,46,7,32,8,2,9
2.4370206713876534,9,23,0,8,2,1,4
2.437022405275549,17,41,17,24,5,5,15
2.4372166913768947,66,580,1629,981,136,62,1505
2.437371702780949,0,0,4,1,0,0,10
2.4374208953628087,0,2,0,0,0,1,1
2.437485769320707,27,70,143,73,20,16,55
2.4378628883348186,4,5,0,12,2,0,5
2.4379404160536002,1,3,10,19,2,1,8
2.437946653168351,0,11,11,1,2,0,9
2.4379616364280747,3,0,18,8,2,0,1
2.4379704010185876,70,387,161,139,35,27,174
2.438062451274461,3,17,54,3,4,3,36
2.4380714113943625,2,18,7,48,5,2,32
2.438198486806153,0,17,31,27,9,2,51
2.4382659509318185,3,36,36,96,12,2,52
2.4383079810485855,13,39,66,19,9,4,43
2.438365434703197,1,17,20,3,4,2,11
2.4385610955741694,0,0,0,0,0,1,0
2.438796074109592,9,45,50,43,7,5,53
2.4389123497737346,3,1,2,4,0,1,8
2.43891318186191,18,35,94,52,24,4,164
2.4390736917889426,5,7,11,27,1,4,9
2.439080753084022,1,1,6,0,1,0,1
2.4391628436207378,0,0,0,0,0,0,3
2.439220742720368,0,4,18,9,6,4,15
2.4392485082731556,5,35,16,5,0,1,37
2.439292977926057,5,6,26,24,3,7,20
2.4392954968690335,1,1,0,2,0,0,0
2.439319057985632,1,12,21,4,4,0,12
2.4394055183839107,3,2,7,17,0,2,2
2.439411925062964,21,150,19,17,6,1,19
2.439492332262031,4,11,13,0,6,1,43
2.4395249292668133,3,18,18,5,0,2,5
2.439551125305497,0,0,0,0,0,0,0
2.439681890964648,1,3,3,0,1,1,0
2.439726009072085,9,30,44,38,8,4,56
2.4397724624060184,3,14,39,23,11,2,50
2.4398052840096844,0,7,7,1,0,2,10
2.439806860604021,35,148,134,148,41,24,155
2.4398493501336023,2,0,1,6,0,1,44
2.4399287272376973,0,0,40,0,0,0,0
2.440021541315071,68,298,146,165,36,31,96
2.440026318604225,1,5,3,5,0,1,0
2.440043442878942,0,0,0,10,1,0,0
2.4400553314615316,0,0,1,0,0,0,0
2.440184708682927,2,0,0,0,0,0,0
2.4402581114250204,1,4,0,5,1,0,3
2.440363706864445,15,62,6,62,1,6,5
2.4403854956910402,0,1,0,0,1,0,0
2.4404201073664775,1,6,0,0,1,0,0
2.4404779509118106,36,166,84,60,31,13,107
2.4405658904279846,3,24,33,3,3,1,53
2.440714500052466,2,10,13,0,7,0,4
2.440770560334125,4,8,36,6,4,1,15
2.44091690451322,2,1,2,0,0,0,10
2.441063988475829,7,22,25,24,5,1,11
2.4411398321455526,5,81,128,27,8,4,126
2.4411628798775467,2,12,10,11,4,2,12
2.4412874364836687,5,34,20,23,8,6,14
2.441421239386516,14,20,24,27,7,3,56
2.4414480943577757,0,19,26,7,4,0,5
2.441495588539382,4,16,20,6,2,0,22
2.4415818768205173,11,37,31,40,6,5,34
2.4416505270893314,3,15,4,24,5,2,27
2.441668109553184,2,5,9,1,1,1,5
2.44168577860841,6,7,18,8,5,2,33
2.4417301226732704,1,0,0,2,0,0,0
2.441764086534842,0,0,0,0,0,0,0
2.4417665309060164,19,87,79,39,18,8,40
2.4417837376157125,22,159,123,152,23,27,140
2.441847209453356,1,0,0,0,0,0,0
2.4418777324077032,2,3,2,1,5,0,3
2.4420417569791337,5,6,23,9,3,3,11
2.442052182964634,20,164,163,177,29,20,175
2.4420995166185913,5,28,17,34,3,4,47
2.442127322183594,4,13,5,6,3,0,8
2.4421528010404545,19,47,57,44,11,8,43
2.4422535003286545,0,0,2,0,0,0,13
2.442254817429216,2,22,27,1,2,3,39
2.4422820197029202,11,59,32,16,6,4,23
2.442371016876609,5,11,38,21,2,3,32
2.442487429717308,2,17,16,3,0,0,0
2.442620599066088,1,6,5,12,3,3,7
2.442644290108773,11,25,27,7,3,0,19
2.4426759328729726,15,25,82,62,16,7,86
2.4429056897576222,9,27,43,17,6,8,63
2.4429558541928746,6,24,5,4,0,2,12
2.4429764734609263,7,8,8,1,1,0,2
2.443108984268262,17,64,57,64,15,4,95
2.443289096234567,2,16,59,12,8,1,143
2.4432977350649194,0,0,0,2,0,0,0
2.443300414366068,0,21,7,0,2,0,1
2.443363254788449,12,31,80,15,7,2,40
2.443378592995416,3,7,5,10,3,1,14
2.4434009616454344,8,30,41,19,2,6,40
2.4434166088458706,0,0,0,2,0,0,0
2.443460847030479,53,181,186,242,33,41,202
2.4436321370961918,15,65,39,56,9,5,42
2.4437346476661705,1,0,3,0,0,0,0
2.4438787634459085,17,91,19,17,4,4,33
2.4440761861076976,3,6,42,13,3,2,20
2.444086711106373,4,21,25,0,8,3,51
2.4440881475969682,3,12,14,0,2,0,12
2.4441485815499004,0,0,0,0,0,0,0
2.444169934236391,14,40,63,38,15,4,52
2.4442507189946148,13,46,23,6,1,7,11
2.444276569532074,12,23,12,6,5,5,32
2.4443320931021555,1,1,10,6,1,1,4
2.4443717371189013,14,32,38,32,8,1,33
2.444393597687531,2,8,25,10,0,3,8
2.4444316649770306,3,14,7,1,4,0,24
2.4444858331712513,1,10,2,0,3,1,6
2.444634444543969,1,2,11,0,3,3,9
2.4446892214645963,14,32,121,64,14,10,92
2.444961163522812,51,341,176,92,32,32,245
2.4449614031760802,3,3,9,19,0,0,4
2.4450661540437055,0,0,6,0,0,0,23
2.4450877786922236,10,58,63,79,4,2,81
2.445219970940466,13,95,85,44,18,3,86
2.445327228420294,5,10,43,5,5,2,39
2.4453677434927745,3,7,5,37,3,0,6
2.4453915964238675,4,18,16,5,6,1,36
2.445461721506516,1,0,0,0,0,0,0
2.4454988449377955,4,20,28,7,4,2,20
2.445605981326385,22,54,56,11,15,4,46
2.445713621332782,1,13,4,5,1,2,6
2.445716023877432,52,111,70,151,21,16,74
2.4457355921424146,0,4,0,0,0,0,0
2.4457880064283324,32,134,27,29,10,4,15
2.445848545138191,24,85,149,80,19,14,125
2.4458783054482764,0,0,0,0,0,0,0
2.4458990912642946,2,16,16,1,6,2,25
2.4459144514823157,2,16,18,0,1,2,11
2.4459412971715704,3,10,38,20,4,3,39
2.445947536352363,41,219,107,117,17,18,245
2.4460567695179596,19,74,198,73,37,8,170
2.4460946448299477,1,0,0,0,1,0,0
2.4461105503973255,29,153,287,254,43,30,307
2.446238053860212,6,31,31,9,3,6,20
2.4463431928377037,0,0,0,0,1,0,0
2.446454150886707,5,63,20,87,3,5,51
2.446465858876938,1,0,15,16,2,1,3
2.446476947882442,3,20,17,14,3,1,25
2.4465946444207334,6,28,24,19,5,0,14
2.4466643000722974,0,0,0,0,0,0,0
2.4467771751100686,0,1,0,0,0,0,0
2.446781062240424,5,29,30,4,1,0,42
2.4467926045393122,1,0,0,0,0,1,0
2.4468059218687026,5,8,28,11,1,2,6
2.4468177930550876,0,0,0,0,2,0,0
2.446898681418139,1,1,1,0,2,0,0
2.4469657041252693,7,2,8,6,2,2,17
2.4469842956220162,1,0,0,0,1,1,8
2.447073471147075,14,42,15,7,5,6,38
2.4470769973418616,3,11,23,18,5,3,16
2.44709564131834,6,12,8,19,5,2,23
2.4471394728921223,1,7,5,3,2,0,4
2.447160011268472,43,126,214,107,44,15,220
2.4471616162803684,5,9,30,19,5,3,31
2.4471644377447133,0,3,25,3,0,2,17
2.4473637645388933,15,56,88,50,21,4,132
2.447396195109009,3,22,25,6,1,3,13
2.447415855048061,2,0,8,10,1,1,28
2.4475591930926597,2,0,11,0,2,1,2
2.4476810887810583,5,40,42,16,4,2,49
2.447702695658978,7,23,53,12,6,3,46
2.4477662186350377,2,9,18,6,2,2,7
2.447902698631824,14,40,14,10,5,4,76
2.4479284658539604,0,0,0,3,0,0,0
2.4480013513450056,20,135,129,51,22,12,70
2.4480211578395594,8,17,37,37,9,4,105
2.448066405763968,1,0,5,7,1,1,8
2.4480999004299395,11,90,27,30,10,3,64
2.4481314593602272,0,0,0,0,0,0,0
2.448185202429157,5,27,15,13,4,2,27
2.4481885355617172,4,8,30,40,7,4,34
2.448223640260832,1,2,1,1,0,0,1
2.448240551022312,8,21,43,10,5,8,38
2.4482464819464798,18,99,101,65,23,11,140
2.4483541229625754,9,40,37,30,6,3,53
2.4483951752169437,0,0,0,0,1,0,0
2.448425252266377,11,36,36,12,8,6,31
2.4485594927575973,57,820,2,1,6,1,0
2.448584290819279,0,10,51,41,8,2,31
2.448704141389258,7,17,35,11,3,3,46
2.448764960481924,0,2,9,0,0,1,8
2.4487854376331026,4,9,17,14,1,6,31
2.4488524173621316,5,47,6,60,3,2,19
2.4489591410404437,19,169,154,32,4,12,52
2.4489987704634713,2,8,33,3,1,2,5
2.4490104917774818,0,5,1,6,1,1,3
2.449098203609559,16,74,43,33,6,8,31
2.44915604847824,16,87,11,14,10,6,11
2.4491846214047017,2,13,3,9,5,0,11
2.449195023449874,1,0,0,0,0,1,0
2.449355898346435,3,10,2,0,4,1,7
2.4494343283545708,4,4,1,1,2,0,2
2.4494635172675956,11,26,23,11,2,2,46
2.4494828919436404,7,13,12,10,0,3,2
2.4494863926316777,28,102,84,44,19,16,99
2.4496412030180252,0,3,0,0,0,0,0
2.4497620943204477,12,79,90,62,13,2,136
2.449855467350797,16,58,50,47,14,11,54
2.4498936169324654,0,0,6,0,0,0,0
2.4499152006570664,1,13,0,0,1,0,0
2.4500429740888303,4,16,12,31,5,3,18
2.4500698765969413,8,16,22,9,2,1,24
2.4501530144750188,5,5,0,0,0,1,0
2.450162874299135,17,55,81,45,13,10,57
2.450179986737403,0,0,0,0,0,1,0
2.4501965671075614,4,0,4,4,1,2,2
2.4502257016602598,50,280,291,118,28,15,260
2.4502879908772925,4,67,78,21,5,2,25
2.4503404045520285,1,3,5,13,3,0,10
2.4504437858540427,0,2,3,0,0,0,8
2.4505120025850418,3,7,10,16,2,1,20
2.4506209033375415,1,38,37,2,4,4,23
2.4506434028404307,24,144,77,66,22,14,99
2.450654294907302,0,0,0,0,0,0,28
2.4506851761663957,1,6,5,20,0,1,11
2.4507393131622717,9,43,94,30,18,13,180
2.450930880367545,0,3,0,0,0,0,3
2.4510723722750365,3,6,28,9,0,0,19
2.4510725451437287,19,86,68,78,14,14,72
2.451085192591329,0,0,0,0,1,0,0
2.4511174001398524,9,25,104,55,18,5,94
2.4511798936459654,3,36,12,3,5,1,29
2.451203850249559,2,10,23,20,1,3,17
2.451304013095684,1,0,0,0,3,0,11
2.4513367018104875,9,25,7,15,1,1,0
2.4513967196607327,1,16,8,1,3,2,28
2.4514107790483353,1,10,5,3,6,1,6
2.4514600099035033,10,16,35,29,10,5,58
2.4516818421054105,5,8,16,11,5,1,15
2.4517491094585293,3,26,33,56,8,3,31
2.4517638979231364,1,2,3,0,0,0,4
2.451850734521261,8,16,15,18,3,0,20
2.4518906693326694,43,114,73,49,27,11,122
2.451951704185828,4,36,15,5,6,1,17
2.4520789545954633,0,4,4,0,3,1,0
2.4521744801001653,45,155,190,132,41,20,130
2.4521834298688354,3,14,3,0,1,0,3
2.4522458885767953,0,0,0,0,1,0,0
2.452316978386163,0,3,16,0,0,2,6
2.4523349505556844,82,457,778,503,121,55,881
2.452381928738495,1,16,9,3,2,0,1
2.4524604913253527,4,22,46,38,6,7,45
2.4525507944032054,2,22,11,17,4,1,8
2.4525581588189853,0,0,0,3,1,0,10
2.4525600662476617,3,2,10,1,4,2,21
2.4526684456782144,8,37,48,14,1,4,19
2.4527151934677485,6,17,28,31,4,4,20
2.4527230401097886,4,29,0,0,0,0,1
2.4527433154366363,8,20,45,7,9,2,32
2.4527596782210233,1,9,18,8,3,2,8
2.4528032218793774,1,9,8,0,2,1,11
2.452816986192863,5,8,1,10,3,2,16
2.4529695922042833,8,35,35,87,6,3,58
2.4530948978613063,0,4,0,5,0,1,0
2.453130566177614,7,37,15,15,14,3,18
2.453215405349396,0,0,0,0,0,0,0
2.4532791596164336,4,18,39,25,4,6,49
2.453331416741949,1,12,9,23,5,2,20
2.4533636942431603,1,23,10,3,3,3,15
2.453370544592714,0,0,1,0,0,0,0
2.4534080037362953,0,0,0,0,0,0,0
2.453564011522561,13,45,44,26,6,0,50
2.453574386694218,11,59,11,43,3,6,45
2.453584056989996,6,37,37,31,6,2,22
2.45368911390769,19,144,124,96,31,9,158
2.453770579349727,2,3,4,3,1,0,2
2.453874135477188,2,11,11,13,2,1,10
2.454000505310925,34,332,701,409,69,43,766
2.45405582363519,7,12,15,22,4,4,10
2.454201932294768,4,17,15,28,4,0,13
2.454296225917804,26,120,75,38,12,11,88
2.454307250044962,14,102,78,98,19,13,93
2.454435063872313,15,71,66,22,23,2,106
2.454509576306195,22,141,76,85,13,8,28
2.454571182102191,4,16,11,21,3,2,6
2.4545715122531737,0,0,0,0,2,0,0
2.4546267055736157,3,9,2,3,2,3,13
2.454846655551452,2,21,10,25,3,2,20
2.4550540616533003,1,9,0,0,0,1,3
2.4554542786172235,23,103,90,86,25,9,105
2.45548095847401,2,0,0,0,0,0,0
2.4554946379570297,26,248,175,62,34,12,100
2.45554043824747,10,41,82,45,22,8,99
2.4556108873103573,9,41,68,40,11,5,64
2.455622462130361,8,12,47,25,4,1,44
2.4557468974429546,0,16,32,33,6,4,16
2.455760142820147,17,60,103,78,22,11,117
2.4557852945965113,5,8,117,42,25,1,76
2.455939579841946,2,11,5,0,0,2,8
2.4560146311719246,9,61,77,29,16,4,94
2.4560167392646295,1,0,2,2,0,1,8
2.4560844460625746,3,25,31,10,4,3,28
2.4563735533546476,3,18,10,33,3,6,29
2.4565676257670166,0,16,8,9,0,0,25
2.4567413107935137,5,16,3,30,6,0,47
2.456745088846737,2,7,14,22,0,0,7
2.456807001657708,0,4,3,4,2,0,16
2.456843756539548,59,285,325,229,32,21,228
2.4569168021165595,2,5,7,5,2,1,10
2.4570505761221795,30,51,7,24,12,8,10
2.457149517998554,3,9,18,15,8,4,39
2.4572177621165214,2,3,4,3,2,0,11
2.457350414692314,19,96,105,77,16,16,125
2.457406661781591,16,48,8,9,6,3,16
2.457416371310876,1,15,13,4,0,3,3
2.4574230101383887,6,24,1,25,1,1,18
2.4574495611463982,35,166,200,122,40,21,190
2.457523291125136,5,1,12,0,5,2,6
2.4576143440718585,0,0,0,0,0,0,0
2.4576193791030896,3,15,6,5,3,2,7
2.457649623746098,2,3,32,9,4,4,29
2.4577042893026286,0,0,0,0,0,0,0
2.4577417894594613,0,0,0,0,0,0,0
2.4578596656816427,6,24,14,0,1,1,6
2.457860199513695,19,42,43,17,10,3,57
2.4580700125487858,0,0,0,0,0,0,0
2.458165908161658,2,4,11,0,2,2,3
2.4581748893456825,0,1,3,1,1,2,13
2.458226015023423,6,26,20,7,6,1,19
2.458277234222865,11,50,8,25,8,3,17
2.4584850573511337,212,1137,1243,886,230,122,1242
2.458527429898683,18,87,125,128,13,14,81
2.458545725897064,20,64,72,65,9,9,81
2.4587844528669334,7,20,11,4,2,3,3
2.4587974824983054,2,19,0,1,1,1,13
2.4588165384518477,10,16,20,25,5,2,12
2.458828010645162,1,11,8,7,2,4,24
2.458866635721288,1,7,0,3,0,1,0
2.4589010322428244,4,7,13,0,0,2,3
2.4589764772969422,11,36,6,9,6,9,52
2.4589858480285076,4,6,35,32,7,4,23
2.459030778932881,33,71,129,76,19,11,89
2.459282189446889,6,12,57,36,7,6,23
2.4593251034066608,0,0,0,6,0,0,0
2.459435513849477,0,20,19,0,3,3,17
2.4594631331578145,7,17,27,101,3,4,31
2.459472963556878,2,2,12,3,1,0,31
2.459542634182431,11,21,53,4,10,2,53
2.4595804747171894,8,13,14,36,3,4,20
2.4596285531133413,5,15,73,16,4,4,32
2.4600123256838233,18,65,40,26,4,9,45
2.4600624034477803,6,80,92,22,12,2,85
2.460134946288568,10,66,148,71,28,8,204
2.4601397364879936,2,13,17,9,4,5,40
2.460203743035591,4,46,17,19,5,5,51
2.4602444084464583,6,17,28,11,4,2,12
2.4603563798272257,4,47,15,29,1,3,49
2.4604525044018897,15,33,5,14,5,9,24
2.4604599277586288,9,30,15,20,8,4,36
2.460520037210999,7,13,6,51,4,7,61
2.4605829413373965,2,5,2,0,1,1,6
2.4606108827685422,3,6,2,0,0,2,2
2.4606506502601113,1,7,15,8,2,1,5
2.4607039872184324,0,1,2,0,1,1,22
2.4608465169730684,2,8,33,5,3,1,20
2.460870866198898,14,33,44,12,11,3,63
2.460874092708656,0,0,0,0,0,0,0
2.46091194025531,57,354,174,93,30,16,146
2.4609269036463988,27,101,260,157,35,20,281
2.46097521618837,3,4,0,12,4,1,46
2.461017941403646,0,0,0,0,0,1,4
2.4610752849525315,1,16,64,35,9,3,14
2.4611303920047836,0,0,0,0,0,0,0
2.4611583732455244,5,9,29,53,5,1,14
2.4612924537955836,8,211,238,129,22,4,174
2.4613073746731713,54,134,156,98,26,26,162
2.4614020848606866,39,202,49,50,12,12,78
2.461671153403461,1,0,0,0,0,0,0
2.461809396425347,2,2,0,0,0,0,1
2.461863426314885,2,0,0,3,0,1,2
2.4619184233791667,0,0,3,0,1,0,0
2.4620032227804893,6,29,39,40,7,4,38
2.462013291020965,4,11,11,11,1,3,28
2.4621319995784354,2,28,10,22,4,0,5
2.4622500411981534,3,10,18,1,7,0,7
2.4622510013608014,10,56,40,24,8,12,37
2.4623132803731904,7,31,2,0,2,2,0
2.4623285335641314,2,1,6,1,1,1,4
2.462364868341309,0,0,0,0,0,0,0
2.4624051221568424,8,66,35,8,7,4,41
2.4624225351414615,0,4,8,0,1,1,4
2.462440308135375,2,3,10,26,2,3,15
2.4624702013163846,9,12,10,9,5,2,4
2.4625012850943215,4,16,21,3,2,1,18
2.4625467739250335,5,37,14,33,3,5,50
2.462558794570016,1,24,13,2,5,2,21
2.462610090923904,0,2,0,0,0,0,1
2.462791860421551,0,6,5,0,0,0,0
2.4629039672226383,0,0,0,1,0,0,0
2.4629627392424998,6,22,7,4,5,3,30
2.462966305487848,2,33,51,9,1,1,33
2.462990161412595,15,45,53,13,14,7,43
2.4631806576004136,1,0,24,21,1,0,12
2.4632483468391477,18,85,149,116,13,14,130
2.4633042918995365,1,11,33,21,3,2,13
2.463319732121665,38,123,145,119,26,30,144
2.463329780637657,14,77,88,55,17,10,122
2.4634558063278393,4,1,6,12,1,0,9
2.4635139771226324,20,100,141,101,29,13,184
2.463518210451128,11,131,125,73,10,2,81
2.463578043389783,0,0,0,2,0,0,1
2.4640990709410366,16,62,29,9,4,5,13
2.4641809265927064,12,23,18,40,13,3,89
2.4642943251005267,3,4,0,9,1,0,0
2.464443927576516,3,8,5,8,2,1,22
2.4644974903529104,2,0,0,2,1,0,4
2.4645154559284395,0,0,0,0,0,1,2
2.464623811773108,1,9,9,2,2,2,13
2.464706158862371,2,12,6,3,3,1,41
2.464728794886763,0,0,6,2,0,1,0
2.4647379651202788,1,4,7,0,1,1,3
2.4647589701961996,29,128,65,102,15,13,86
2.464803424368163,13,20,14,17,1,4,8
2.464831517854821,12,55,124,79,20,13,138
2.464839092694043,0,0,0,0,0,0,0
2.4649337094419597,25,118,88,11,2,8,27
2.464977147629443,3,16,16,19,3,3,13
2.4651041074239073,6,59,44,4,4,3,38
2.4651433651150128,27,50,51,44,6,4,93
2.4651953421712918,10,86,61,27,10,2,73
2.4652316243502717,5,13,29,11,7,3,24
2.4654088420953957,5,3,0,3,0,0,2
2.465429712548739,1,3,14,13,9,1,12
2.4654503149493228,5,44,141,30,8,3,50
2.4655429742779535,1047,8832,7385,3249,673,429,6468
2.4656787054294953,0,19,33,7,2,0,18
2.465682456118356,4,53,9,16,5,2,39
2.46570404113815,5,13,24,20,6,1,25
2.4657328637312745,10,81,27,19,8,4,45
2.4658014707272535,11,23,44,13,7,0,25
2.4660786380465263,1,3,21,30,2,1,23
2.466168204175206,5,36,35,26,3,4,32
2.4662315802443966,0,0,0,0,0,0,0
2.4662411461529103,4,0,0,0,0,0,0
2.4663200913658074,27,84,114,75,19,11,115
2.466563685484172,13,61,56,101,18,3,42
2.466604498896715,0,0,0,0,0,1,0
2.4666244433733624,6,17,21,46,7,2,35
2.466701296857624,3,4,5,1,0,3,5
2.4667856166772366,3,10,29,0,1,2,17
2.466788192816921,3,54,106,17,12,4,45
2.4668279342473864,1,1,9,1,1,0,13
2.4668520644280094,0,0,0,0,0,1,0
2.466867438176165,7,44,45,55,19,6,75
2.4670555175472075,0,2,2,2,0,1,0
2.4671188376853364,1,11,14,0,2,1,6
2.4671618085734432,20,53,5,26,4,2,1
2.467340871118672,7,46,82,53,9,5,61
2.467444317276486,14,79,65,38,8,5,60
2.46753337859454,0,2,0,2,0,0,3
2.467587573121839,0,17,27,14,5,0,51
2.467740464791937,1,11,17,1,3,1,17
2.467778529808949,15,42,76,35,3,11,63
2.467787398540986,9,44,37,35,4,4,44
2.467791952159348,2,19,18,15,2,0,14
2.467807332907705,16,28,22,16,4,2,19
2.4679362878471713,1,4,0,6,3,1,8
2.4679400681109818,8,15,29,23,7,3,22
2.4679460972712435,0,0,0,0,1,0,2
2.4680588340657734,9,25,67,45,15,5,93
2.468098857699827,1,6,27,5,3,3,1
2.4681854876074896,0,0,0,0,0,0,0
2.468203240024933,0,6,0,0,2,1,13
2.4682964387337885,122,734,336,161,44,22,352
2.468319106140924,0,0,0,0,0,0,0
2.468337260880854,0,0,0,0,1,0,0
2.468347005730525,8,52,44,10,4,4,58
2.4685844531066983,23,110,131,106,16,13,119
2.4686395184849648,0,0,0,0,1,0,0
2.4686440876768705,1,6,0,1,1,2,0
2.4687230149696826,93,318,132,85,36,23,185
2.468803741773695,10,113,33,26,5,7,41
2.4691144388231185,7,9,25,3,1,1,8
2.469218153536465,0,0,3,0,0,0,0
2.469334790404529,31,58,12,34,8,9,13
2.469462851289094,46,254,87,137,31,14,98
2.4694761772235503,4,7,14,12,5,2,3
2.4695007855288207,1,1,4,8,1,1,14
2.469518730914072,5,42,27,6,8,1,18
2.4695559565388794,1,1,1,0,0,0,0
2.469597492804333,4,14,17,21,1,1,9
2.4696419104689014,89,721,23,34,5,7,5
2.46975293203453,3,6,0,12,1,2,3
2.4698201471175567,0,0,0,0,2,0,0
2.4698285139031175,12,45,62,65,10,13,56
2.469858217679348,2,23,5,7,3,3,5
2.4700519278738207,6,30,35,28,7,5,63
2.47016708734124,6,7,7,31,6,2,9
2.470197722594266,0,5,1,4,3,0,1
2.470209203107111,1,0,0,0,1,0,0
2.470289131386676,6,31,10,54,1,0,7
2.4703506638804935,3,4,0,0,1,0,1
2.470420264870991,10,48,83,29,9,4,43
2.47053991118653,2,8,12,0,1,1,15
2.4705930948041215,6,29,26,7,4,4,3
2.4706760151382476,5,31,23,5,5,4,94
2.4707013394626482,17,98,70,66,14,8,109
2.4707780588461414,3,11,10,3,4,1,8
2.4708367692625406,5,14,3,10,3,0,20
2.4708434070512504,4,10,28,22,6,1,27
2.470874790029273,17,60,108,93,15,7,113
2.470952915987204,2,13,14,41,6,5,13
2.4710037955506734,0,0,0,0,1,0,0
2.471025696874685,4,25,11,0,3,0,27
2.471029942298138,3,0,0,1,1,0,0
2.4710322401172338,19,134,117,104,18,8,152
2.4710511136108275,2,26,16,13,2,0,13
2.4711151397079583,3,41,0,16,1,0,5
2.471168368222709,7,10,14,31,3,0,11
2.4711968262832,3,24,24,6,1,2,24
2.4712211288056376,4,4,9,6,1,3,13
2.4712537752458887,0,46,20,26,4,4,21
2.4712602595911655,3,24,30,13,5,1,27
2.4713229061747017,4,28,18,9,9,3,31
2.4713547156888236,0,28,0,2,0,1,0
2.4713960730589473,6,31,19,30,5,2,7
2.471453042432858,6,40,32,5,3,2,28
2.4715133965447906,4,25,11,30,1,2,16
2.4718219468276637,0,6,1,0,0,0,28
2.4719223629867497,14,56,41,36,15,4,53
2.47194288739008,1,0,0,2,0,0,0
2.4719705762836774,164,738,256,179,48,46,226
2.4719727524099104,2,6,18,25,3,1,15
2.4719975169884414,6,23,9,5,6,1,33
2.4721879547850985,0,0,0,0,0,0,0
2.4723162058516293,1,0,0,0,0,0,0
2.4723211589818006,3,9,6,7,0,1,9
2.4725361380692648,21,60,130,100,39,8,158
2.4726007580283107,0,7,12,2,6,1,13
2.4726019705504667,3,16,1,3,5,2,10
2.472633584752148,4,18,6,21,2,0,127
2.4727918209244986,2,9,5,45,3,1,26
2.4728143970367626,34,149,345,213,55,21,239
2.472859468902881,0,2,21,5,1,0,0
2.4728660541942014,1,6,0,4,1,1,7
2.4728750144976748,5,12,5,9,6,1,11
2.472924118315647,0,4,0,0,0,1,0
2.47303804610689,1,7,4,0,1,0,0
2.4730654302300503,11,32,29,21,7,8,40
2.4731055062449276,15,59,82,17,6,6,74
2.473222288950325,12,47,25,27,6,5,29
2.4732468655640507,0,0,0,3,0,0,0
2.4733371464966205,10,85,35,13,10,1,60
2.4733384478161966,1,0,3,11,3,0,3
2.4733436779306843,2,0,0,0,0,0,0
2.473414414320141,0,0,0,0,1,0,2
2.4734433520747072,0,3,0,0,2,0,1
2.473476466064624,40,395,485,606,66,61,428
2.473577647317224,0,2,3,1,1,1,11
2.473636934979764,8,22,22,60,8,4,66
2.4736812371184786,0,10,13,0,2,0,1
2.473708188975279,5,10,12,9,2,0,9
2.473727057512266,4,12,7,22,1,2,66
2.4737621836623145,6,20,24,32,8,5,18
2.4737830439981736,5,16,13,4,2,1,7
2.4738656577349487,0,10,52,8,6,3,66
2.47387768679414,1,6,12,3,2,0,8
2.4739495521330017,29,139,170,79,17,15,187
2.473997712033353,0,3,1,1,1,2,2
2.4740607314685246,11,35,90,39,10,7,54
2.474192137261116,211,4948,2739,940,117,73,3687
2.4742590411732226,2,3,1,7,0,1,1
2.4742801594891284,8,51,53,84,13,6,46
2.474282279449272,4,12,22,14,6,2,26
2.4742826680512273,0,0,1,0,0,0,0
2.474340684223436,2,8,3,1,2,1,0
2.474354680896813,25,89,108,145,24,15,103
2.474410294699582,5,21,23,1,4,2,18
2.474469034539243,4,15,17,18,3,4,33
2.4744929148403942,22,93,89,74,27,9,149
2.4745491861295537,7,8,0,8,2,3,13
2.4745603496287547,0,0,0,0,1,0,0
2.4746794011258006,8,25,20,37,11,3,24
2.4746953211714913,0,0,0,0,0,1,4
2.4747419403210986,1,29,24,5,2,1,0
2.4747608268379064,1,10,9,7,2,0,23
2.4749376568211634,20,70,123,48,23,4,251
2.4751731975891706,0,0,1,0,1,0,0
2.475217658181977,2,12,5,23,2,1,18
2.4753104672622115,89,959,1811,716,112,63,2024
2.475489993437378,1,0,2,0,0,0,0
2.475653231118572,0,0,0,0,1,0,0
2.4756709984912013,0,0,0,0,1,0,0
2.475749253005047,0,16,4,0,0,2,24
2.4757740510492017,47,128,69,128,18,15,52
2.4758687147510585,16,121,170,182,29,15,219
2.4760504945252677,0,0,20,0,1,1,0
2.476080173546073,1,12,21,3,3,2,18
2.4761397683151953,3,32,22,14,2,1,29
2.4761465774783815,13,141,85,25,3,2,159
2.476250890592145,2,1,9,2,2,1,16
2.476272000249282,10,108,68,22,9,7,114
2.4763021888965833,1,0,0,0,0,0,0
2.4763072450458514,1,4,13,0,3,2,27
2.4763460703702114,9,12,39,50,5,5,19
2.476579379505552,7,31,13,9,5,2,43
2.476616588409538,0,0,1,0,1,0,5
2.476642632477239,7,8,8,6,3,0,18
2.476762986549116,0,4,3,8,0,0,23
2.4769384647433146,0,0,0,0,0,0,0
2.476963612331084,1,0,0,4,0,0,9
2.4769644818261036,5,8,24,16,1,2,15
2.477069030418963,7,12,21,22,3,3,7
2.47707580064399,9,25,33,49,11,5,23
2.477229189033905,0,0,1,0,0,1,0
2.4772884486529425,5,16,15,18,1,1,5
2.477341778302915,86,336,183,185,42,29,218
2.4773971813668396,2,2,16,14,1,1,2
2.477464504539787,2,0,0,0,0,0,0
2.477513140105551,2,30,53,6,3,2,24
2.477516006032806,5,23,20,3,3,3,82
2.477526307184964,6,8,5,22,5,2,7
2.4775471655278327,3,12,3,2,1,2,1
2.4776051007720783,2,0,7,11,0,1,6
2.477628685570044,5,15,16,30,4,2,12
2.4777358071747604,4,13,23,14,5,0,22
2.477913504941229,7,2,5,35,3,2,55
2.478067255787332,1,0,3,0,2,0,4
2.4781222422720424,2,8,7,17,2,1,13
2.4781587361101396,5,12,12,31,2,3,24
2.4781814830106623,8,31,32,18,3,6,38
2.4782257116621746,0,2,0,6,0,0,0
2.47828328674135,6,49,23,13,1,4,5
2.4783665332390252,2,3,15,0,0,0,0
2.478386058269515,4,39,32,29,11,2,16
2.478401524508539,8,65,33,27,4,6,12
2.4786376408734645,1,10,0,1,3,0,3
2.4787798726404575,4,7,18,10,3,1,36
2.4787823107726,1,0,0,5,0,0,0
2.4787927437233663,15,43,38,29,14,7,60
2.4790244668994017,14,57,45,36,13,9,58
2.4790625529925094,1,26,0,0,0,0,0
2.4792331664804195,7,18,31,3,5,3,53
2.4792521218609367,0,0,1,2,0,0,2
2.4792672982022923,19,55,122,34,12,7,44
2.4792934721797737,2,4,5,7,2,0,8
2.479322299892436,0,0,0,0,0,0,0
2.479363938913794,15,31,45,30,2,2,75
2.4795152119968793,0,3,4,0,0,2,1
2.479537500348028,0,0,2,7,0,1,0
2.479542282700628,11,39,70,34,15,6,91
2.4796543583028745,1,34,34,1,6,0,25
2.4797924445300117,2,7,31,13,1,1,58
2.4798450800158593,8,16,10,7,5,4,14
2.47991470520199,3,9,8,2,2,1,13
2.4800149411526697,10,59,90,34,13,5,92
2.480156990870356,16,76,48,29,9,5,51
2.480228702598548,9,15,18,16,2,5,16
2.4803156088859617,0,10,21,13,2,1,19
2.48038893767084,8,19,35,63,9,2,22
2.4805218462434713,5,40,23,7,5,1,25
2.4806067878523823,4,9,0,9,3,2,0
2.480618263042375,2,12,9,4,1,1,1
2.4806526484266502,1,1,0,16,2,1,1
2.48066087894345,5,18,49,8,13,1,37
2.4806648818290724,1,2,2,0,1,0,0
2.4807029936418505,5,10,6,22,2,0,5
2.4807709914053504,6,20,33,27,4,6,36
2.4808217725305486,1,7,6,4,0,0,27
2.4808998151360373,1,4,19,17,4,4,61
2.480908475643197,12,47,16,17,7,6,10
2.480949417353659,4,10,1,16,2,1,51
2.4810828124598787,6,26,69,27,8,3,41
2.481123104071929,0,0,0,2,0,0,0
2.4811234928063097,1,12,23,9,0,1,28
2.481160114718953,7,43,20,10,10,1,10
2.4811630128688056,1,7,12,15,1,2,2
2.481210583741446,1,12,8,1,6,2,6
2.4812141871875704,2,3,27,13,6,0,10
2.4812456039400446,8,62,0,20,0,1,0
2.48133600595537,3,10,25,11,4,1,27
2.4813441301861414,1,1,1,2,1,0,0
2.48137389831604,2,10,7,0,4,0,8
2.4813979564173003,11,54,42,34,5,7,33
2.481425083696428,2,2,16,0,3,1,3
2.481468079807036,13,32,47,26,12,0,46
2.481503907684179,1,4,3,1,0,0,7
2.4815601370538047,1,10,0,0,0,0,0
2.4816044939340687,1,13,3,8,4,4,14
2.481671259629114,0,8,4,14,3,4,20
2.4816992469651846,2,5,6,9,2,0,9
2.481711666789733,0,0,0,0,0,0,0
2.481840183712881,431,6266,3051,1719,187,143,2761
2.4818934552618486,2,0,0,8,3,0,0
2.481915325234863,3,2,4,21,2,3,27
2.4820353300407643,10,44,82,84,17,8,36
2.48212366554489,5,39,56,26,9,3,83
2.482170162666817,16,28,22,33,5,10,24
2.482181167768043,5,51,21,26,4,2,31
2.4824553667442686,93,339,113,46,22,11,99
2.4825174827532868,11,6,18,12,10,2,48
2.4826321051158993,1,11,9,6,0,1,0
2.4827098526037843,23,163,64,60,11,8,49
2.4827550668586293,6,29,36,59,6,3,11
2.482767623514846,4,2,27,8,3,0,22
2.482774405846661,0,14,10,0,5,1,3
2.4828093235483695,4,40,48,33,9,5,49
2.482834102155355,0,3,8,5,1,0,0
2.4828961576329744,7,34,54,102,10,4,48
2.4829705411217926,11,49,28,21,5,4,13
2.4829709811570133,54,305,147,136,32,20,204
2.48305094370829,3,18,0,11,3,0,11
2.483114322409397,1,0,0,0,0,0,0
2.4831550649304917,3,13,0,5,3,1,3
2.4832186148929307,5,8,0,46,0,0,0
2.4833403302124544,3,4,3,11,1,1,3
2.483380490173222,21,79,141,47,27,9,154
2.4834453971254984,12,99,215,92,28,10,316
2.4834685907411327,3,0,0,0,1,0,13
2.4834698231296053,1,10,13,0,3,1,22
2.4835277681349734,9,10,12,15,0,3,5
2.4835342452329843,9,22,23,75,1,8,75
2.4835352410938616,8,46,45,13,9,10,49
2.483580053969193,4,4,3,4,1,1,1
2.4836047228045777,2,3,2,3,2,1,6
2.483644709112755,29,45,61,47,8,9,65
2.4836920665615625,5,40,29,15,3,2,24
2.4837228145381456,0,0,0,0,0,0,0
2.483768522137531,0,7,5,1,1,0,4
2.4838212865738343,1,3,10,1,6,1,7
2.4838906477175193,3,11,23,9,2,0,8
2.483942213289599,4,26,86,112,19,7,164
2.4839434476509297,15,32,36,41,1,7,52
2.48395369268371,1,9,22,13,1,1,4
2.4840160374658695,13,67,42,17,3,3,24
2.4841174993611492,0,3,2,4,1,0,4
2.484120189603112,11,67,27,15,7,2,38
2.484134309762068,17,51,74,65,14,7,83
2.484209314906288,5,34,9,5,1,1,58
2.48436619235705,9,22,49,46,14,9,77
2.4845290783606484,4,17,27,16,1,6,20
2.484626884277765,5,20,0,23,0,3,22
2.4846454690057898,0,0,0,1,2,0,8
2.484656001417663,1,3,4,1,1,0,0
2.4846992063947337,1,3,7,6,0,0,0
2.484737111804377,3,15,0,1,0,0,3
2.484740473302029,1,28,13,13,2,2,29
2.48486862323062,26,137,147,170,23,13,123
2.4848793524891413,6,23,10,30,3,5,13
2.484915371321109,1,17,9,0,2,2,13
2.4849753285596035,3,33,38,42,4,10,22
2.485081518271082,18,62,86,30,8,11,42
2.485319611738808,6,28,40,19,8,2,45
2.4853358604778983,10,29,22,42,8,3,8
2.485443029542333,29,88,40,70,12,4,81
2.4854802666463143,1,0,0,0,0,0,0
2.485480952241525,1,4,0,0,0,0,0
2.4856220697038043,6,11,9,14,0,4,9
2.4856454387196925,2,0,1,4,1,0,12
2.486019674004883,2,45,53,5,5,1,2
2.48603207187379,4,2,20,16,7,1,24
2.4860535040006413,24,92,56,28,8,6,34
2.4860864603407697,2,6,4,0,0,1,4
2.4861963748464513,3,11,11,12,5,2,15
2.4863026157647803,1,0,0,0,0,0,0
2.486451631419754,3,12,6,1,2,1,9
2.486507833139245,0,0,0,0,0,0,0
2.486541145972609,9,50,33,70,6,8,70
2.486547130197315,20,75,70,51,12,8,64
2.486556765098022,7,11,7,7,0,1,0
2.486585178172578,2,4,10,13,6,7,25
2.4866029341303837,13,84,56,26,9,4,59
2.4866147007056703,0,0,0,0,1,0,1
2.4866334582911978,37,158,52,37,14,16,56
2.486877086530694,13,48,180,169,25,11,88
2.487035947561431,2,11,5,15,0,0,36
2.4870902721991794,0,0,2,4,0,0,0
2.487174458219182,1,9,0,0,2,0,0
2.4872068423346136,2,7,37,33,7,3,92
2.48722085921114,0,4,4,11,1,1,8
2.4874923145480565,17,44,27,21,9,5,27
2.48750602484511,1,1,0,0,0,0,0
2.48753332128183,2,2,14,13,2,0,19
2.4876376570992256,1,14,2,0,4,1,32
2.4877339804051304,15,57,27,47,9,5,12
2.4877609675837498,4,23,13,11,5,1,13
2.4879077183355314,104,574,140,62,34,18,192
2.4881136404434097,0,2,0,6,1,0,0
2.4882039345580567,7,19,5,14,1,4,10
2.4883006576915596,14,30,58,98,9,8,35
2.488350218732684,4,35,8,18,8,5,57
2.488359801406332,1,7,6,12,0,0,0
2.488360801587576,69,343,415,316,75,70,530
2.4884274070600583,2,16,21,1,2,1,14
2.4884345850180942,0,3,0,0,0,0,0
2.4884606957755526,6,32,40,65,4,6,22
2.488484625567587,3,0,9,16,1,0,15
2.4884898372663082,14,48,17,3,7,0,11
2.488515546368721,1,0,1,4,0,0,2
2.488583195420736,5,19,53,27,7,4,21
2.488679687865135,2,2,0,5,0,0,0
2.488789285497444,0,2,20,0,0,2,2
2.4887917958958585,4,16,2,2,2,1,10
2.489053934414351,8,91,87,8,16,5,111
2.489070650840811,4,142,65,1,3,3,68
2.489107405641473,18,147,121,111,19,19,140
2.4891789584451254,9,17,28,7,4,2,35
2.489473351455046,2,14,26,15,2,3,1
2.4895300237021245,1,15,32,16,2,4,36
2.4895395182746225,3,3,13,12,4,2,12
2.489561620117227,20,84,41,36,6,6,44
2.4897187130068312,1,0,0,0,0,0,0
2.4897353574823473,2,5,24,10,0,2,3
2.4897555248039605,0,19,35,0,4,2,12
2.489776078304728,0,5,1,19,1,2,5
2.4897964606908913,2,0,7,9,0,0,0
2.489818749997009,21,128,86,97,16,14,96
2.489846189127939,0,0,0,0,0,0,1
2.4899970112854217,4,20,17,17,2,0,10
2.490119895945436,3,8,5,21,3,2,29
2.4901779291230848,2,3,4,0,2,1,1
2.490290495085311,5,14,8,11,0,0,10
2.4904149698325195,0,0,11,0,0,1,1
2.4905107504808894,1,8,48,15,4,2,54
2.4905223460830315,2,18,44,12,7,2,26
2.490522891926767,6,29,18,9,8,5,13
2.4910069986449432,12,69,15,12,9,6,15
2.4910462344055473,4,6,7,16,1,1,6
2.4911706981522252,1,4,35,18,1,4,23
2.491365680655912,10,45,35,16,4,5,35
2.4914376054838256,0,7,21,7,2,1,2
2.4914608228782824,4,5,8,11,3,2,6
2.491503136905681,0,0,0,9,0,0,2
2.4915582030639443,3,10,12,9,2,1,17
2.491604493452262,1,8,14,0,2,0,0
2.491821395818848,2,21,33,45,13,3,51
2.4918422627407595,4,5,26,11,4,4,11
2.4918809467803884,4,7,24,55,9,7,23
2.49195620099186,7,41,36,69,12,9,121
2.4919778615038584,1,0,0,11,0,0,0
2.4920031234575513,0,0,0,0,0,0,0
2.492056657767488,13,35,34,8,17,3,41
2.4920616627578576,5,25,56,14,8,3,41
2.4920704264814715,0,0,0,0,0,0,0
2.492077422691141,6,29,19,15,3,3,23
2.492092280435497,4,17,7,11,2,4,41
2.4921103563225975,7,16,30,4,7,2,31
2.4921835209941294,88,159,36,68,23,20,60
2.4922620077623376,0,4,6,5,1,0,0
2.49227041099466,32,84,168,61,17,12,96
2.4922785617079013,2,12,15,0,5,1,11
2.492284150670861,47,277,313,124,38,18,287
2.492376752387077,1,0,2,0,0,2,3
2.492413532515435,3,11,10,5,1,0,11
2.4924162308633,8,21,31,5,3,1,5
2.4924709370320905,0,6,4,0,4,0,15
2.492545184742092,3,11,6,3,1,2,4
2.4925454599905574,0,0,0,1,0,0,0
2.4927084966041972,3,12,12,5,2,1,7
2.4927385590537785,19,49,21,3,3,2,5
2.4927666807160263,5,12,49,7,3,5,43
2.492792392951875,14,44,43,32,6,3,62
2.4927990506748015,3,7,3,0,1,0,0
2.4928635585302987,14,117,241,105,43,17,201
2.492893557001004,1,0,0,0,0,0,0
2.4929352267357108,1,13,18,3,2,0,8
2.4929791111843835,3,23,18,17,3,1,40
2.493037516616435,0,0,0,0,2,0,0
2.4930633209324995,6,9,10,9,0,1,7
2.493170705214581,92,1097,27,73,8,10,2
2.4931740329060834,7,4,2,5,3,0,6
2.493247461687182,22,65,46,87,18,10,54
2.4933623068885744,4,18,15,14,5,3,20
2.493371469009711,4,10,4,14,3,0,9
2.4933867945827535,1,0,0,0,0,0,0
2.493490241480941,0,0,0,0,0,0,1
2.4934922883910966,0,0,0,0,0,0,0
2.493524546962879,2,2,14,7,2,0,8
2.4935535907340634,38,162,78,30,13,10,85
2.493696297456304,43,127,62,47,18,17,100
2.493720536649813,2,22,20,37,8,4,24
2.4937356852073007,23,141,98,150,21,13,91
2.4937455601450758,0,0,0,0,0,0,0
2.493779661842629,2,18,31,13,7,5,41
2.49393674869262,6,36,39,8,3,3,50
2.494054016038073,1,1,10,2,0,0,0
2.4940640408613164,7,12,6,8,3,5,0
2.4941104978950652,9,24,56,4,1,2,15
2.494387587045819,21,65,108,68,11,8,143
2.494489817306753,2,12,2,36,3,3,3
2.4945137473011005,2,10,0,8,0,1,0
2.4946866058283157,150,710,148,100,40,30,179
2.49472957165787,6,27,34,34,10,6,58
2.4947747938246003,29,132,247,158,30,27,240
2.494813397752269,5,31,19,15,2,2,23
2.4949071255340405,12,39,56,53,8,2,33
2.4949088658622047,5,14,6,10,1,0,4
2.4949563142763673,2,30,49,26,5,2,38
2.4949569887926755,5,0,0,0,0,0,0
2.4951894674909685,4,22,23,78,9,0,35
2.495222512713433,12,62,22,16,10,2,44
2.4952804521909004,0,5,4,8,3,0,6
2.4953242369541866,0,13,43,5,4,3,30
2.4954141435372663,1,2,0,0,1,0,0
2.4954591199260734,3,16,31,50,6,2,43
2.495527752639212,3,14,34,23,7,6,25
2.4955840419993245,6,3,5,2,0,0,5
2.4955942628683676,1,0,0,0,0,0,0
2.495616503267916,1,0,8,0,0,0,0
2.49562147953343,1,1,1,1,1,0,1
2.4957163455151976,7,16,42,37,6,4,23
2.4958242902908068,26,64,57,53,9,13,75
2.495869037819883,11,34,16,40,6,3,19
2.4959839190658992,1,9,17,0,1,0,25
2.496131402636329,28,171,176,91,23,14,145
2.496159478664254,14,52,18,11,7,5,17
2.496169950957966,3,0,0,0,0,0,0
2.4963284954976985,6,34,27,30,4,5,67
2.496336768588838,1,4,0,22,1,0,2
2.4964101709287516,3,16,16,41,4,2,23
2.496411373574812,0,10,5,1,1,0,4
2.4964419536792173,10,20,65,45,14,3,47
2.4964628802341853,5,37,38,41,15,4,107
2.496625469765169,31,116,108,87,13,11,98
2.496675000752712,2,6,12,15,0,4,3
2.4967106600304665,0,0,0,6,0,0,0
2.49702977079343,0,0,0,0,0,0,0
2.497048898281501,19,61,54,13,11,3,36
2.497131867946036,6,32,14,10,7,8,4
2.4971830052710238,6,34,36,44,6,5,58
2.49719731936671,0,0,2,2,0,0,0
2.497200047038416,2,3,5,20,0,0,0
2.4972056500303754,2,11,3,2,1,0,1
2.4972164495799807,4,8,6,8,5,3,29
2.4972945310269585,33,115,112,59,21,13,119
2.497394394340215,0,1,2,0,0,1,9
2.497441428793146,7,20,9,3,1,4,8
2.497441820303635,0,15,20,0,1,2,15
2.4974619547329535,1,0,0,0,0,2,0
2.497545373290927,12,16,67,41,12,10,65
2.497948219478727,3,30,27,15,0,3,19
2.4979943377769995,16,56,103,92,28,7,118
2.498041608427695,32,117,272,234,52,25,314
2.4980696654547887,7,30,34,21,3,3,30
2.4982528905636525,8,2,55,8,3,1,16
2.498304039266648,14,18,5,27,3,0,9
2.498577937810143,3,0,18,6,2,1,27
2.4986254558193637,4,2,3,0,1,0,1
2.4987081479848325,38,90,97,65,32,17,116
2.4987535117531645,15,35,36,57,7,15,29
2.4988933960183557,4,7,0,0,1,0,0
2.4989053556793377,6,13,13,3,5,3,41
2.499008215778349,10,28,36,16,5,3,28
2.4990493561751963,3,33,27,28,2,1,43
2.4991034030563695,0,0,2,2,2,0,5
2.499124212658045,1,23,18,10,8,4,29
2.4991756533311054,15,55,47,77,17,4,65
2.499237583784724,1,8,25,18,4,2,8
2.499248334751511,1,2,0,2,1,0,5
2.4992751911497137,168,1034,411,273,54,36,368
2.499398402354332,4,18,13,13,4,4,23
2.49941009379262,5,34,35,24,11,7,53
2.499476697191709,13,41,101,65,16,10,109
2.499558743740571,3,25,50,22,1,3,6
2.4995820572699894,1,4,17,27,3,4,13
2.4995976163230424,6,38,44,29,13,6,120
2.499680367721039,34,201,444,353,74,20,582
2.4997586477378273,1,11,18,17,3,3,33
2.499838849898441,1,23,4,34,5,0,0
2.500014313288107,0,27,18,15,4,2,19
2.5000321365664333,4,12,0,4,2,3,7
2.500143490847531,9,40,54,8,5,3,40
2.500258200217388,5,26,20,15,5,4,44
2.5002774435483595,1,5,2,5,2,0,10
2.5002956447068527,0,0,0,0,1,0,0
2.500309096021637,0,0,0,0,1,0,0
2.50037022105556,37,112,215,117,19,24,110
2.5003853078486546,0,0,0,0,0,0,0
2.500621684221677,3,32,15,23,9,0,67
2.5007603924229715,1,0,1,0,0,1,0
2.500786589832068,24,129,39,38,14,12,93
2.5008441988082906,1,27,0,4,2,0,4
2.50097534976695,12,21,4,11,5,5,4
2.501053435550328,3,2,0,8,0,0,0
2.5012451816766172,2,11,1,7,2,1,6
2.5012831648708573,42,255,86,147,30,19,135
2.501325025223445,20,57,64,40,19,11,19
2.501496209846176,47,290,151,117,16,14,84
2.501712543270254,1,0,0,0,0,0,3
2.5017555853970497,10,16,26,14,1,3,25
2.5017604021091455,31,101,375,248,50,21,392
2.5020183419918016,2,24,17,4,3,0,30
2.5020741046026287,3,7,6,11,3,2,11
2.5020836712207224,2,2,30,9,3,1,9
2.502084598084214,6,14,3,1,0,0,6
2.5022711617547686,24,105,26,24,5,4,19
2.5023785084335928,3,13,19,22,0,6,13
2.502390460150782,0,0,0,0,0,0,0
2.5024275667265554,24,41,9,15,7,5,20
2.50246107828179,0,0,4,1,1,0,0
2.5024625998400145,4,20,6,6,3,0,1
2.5025548608908252,6,0,1,0,0,0,1
2.5025841376959033,2,36,44,31,8,2,60
2.5025986840247856,4,31,43,14,4,1,45
2.502658292431593,6,8,8,9,2,1,9
2.5027146736541073,16,71,67,64,17,10,188
2.5027679285032924,4,14,18,4,5,0,17
2.502784171846731,3,3,0,0,0,0,0
2.502914216131029,2,4,1,0,2,2,54
2.502941947747782,1,0,0,2,0,0,1
2.5030768995559636,3,21,4,14,1,2,11
2.5031256675760316,1,0,26,14,3,3,51
2.503249451830989,2,16,16,13,4,1,26
2.5032596579949327,3,8,27,6,2,1,5
2.5033385135865704,6,44,15,13,6,4,41
2.5033765881566925,5,26,25,18,6,1,24
2.503417655168639,2,12,19,4,4,2,8
2.5035584697512894,10,20,27,16,5,3,20
2.503574240087729,7,33,23,42,6,7,45
2.5036922540299393,0,10,2,5,0,0,8
2.503694685953146,6,11,0,0,0,0,4
2.5037611872971373,15,65,90,50,12,10,91
2.5037648322627777,1,0,0,0,0,0,0
2.5038291767176895,1,11,11,7,2,1,25
2.503871332440489,6,45,46,20,8,1,27
2.5040133991162907,2,3,0,0,0,0,0
2.5040624337169812,2,5,0,6,0,0,0
2.504111631431322,1,12,12,0,0,1,19
2.5042056795035847,0,0,3,0,1,0,1
2.504209577076829,11,37,12,13,3,2,28
2.50431650721434,15,98,92,75,29,7,132
2.5044761426516398,2,0,1,3,2,0,0
2.5046014765555658,4,9,12,2,2,0,6
2.5046368791157425,0,16,7,5,0,0,0
2.504804449150807,2,17,12,25,4,3,11
2.5048511242852283,2,6,2,4,0,0,19
2.505191799656673,6,32,30,5,4,2,56
2.505230737420503,13,48,48,40,8,5,51
2.505297604360104,3,26,39,16,6,2,11
2.5054760120189816,0,18,1,0,5,2,21
2.5055231641409095,6,15,23,1,6,3,47
2.5055470968078586,97,324,325,200,57,36,343
2.5055964662095715,10,14,61,21,8,5,86
2.5057011429589755,6,18,93,85,16,6,104
2.5057737847553336,0,1,0,0,0,0,0
2.505911263138762,3,8,8,27,5,2,2
2.5059261160075845,2,0,0,0,0,0,0
2.5062265936392176,17,69,68,77,16,14,139
2.5064208903535965,0,0,0,0,0,0,0
2.506552225125342,6,29,27,21,4,5,31
2.506639949947262,4,23,26,23,2,0,38
2.506714477020033,7,150,19,28,14,2,61
2.506748528604144,10,35,19,6,4,1,36
2.5067822328578657,23,84,100,75,17,8,53
2.5069826712330854,3,9,25,15,5,1,17
2.5070618846532686,25,196,166,130,41,20,194
2.5071146719173565,52,206,609,416,81,36,521
2.5072092847982517,2,0,0,5,0,0,0
2.507316444996353,0,11,10,7,3,0,8
2.5073435450800226,8,28,13,12,7,9,18
2.507365019509635,13,61,91,39,16,3,44
2.5073666336999354,5,2,5,19,0,5,7
2.507423723992693,17,104,74,25,11,5,108
2.50743012687754,2,1,0,0,1,0,0
2.5074567473490847,2,5,4,13,5,0,6
2.5074966745380896,1,0,0,1,0,0,0
2.5075148444239073,11,54,34,31,13,10,38
2.5075220200760757,1,0,0,0,0,0,0
2.5075353769804813,7,56,53,30,12,5,42
2.5075426186507923,40,173,111,145,24,19,136
2.5076971624788356,7,32,30,14,7,4,70
2.5077562193821152,0,0,0,5,2,0,6
2.507984951173861,1,2,0,1,0,0,0
2.5080144928657284,0,0,3,0,0,0,1
2.5082344710884237,13,34,27,32,5,2,18
2.508426333959859,1,3,0,0,0,0,0
2.508491683274639,4,7,17,5,1,0,0
2.508500709499446,2,5,4,5,1,0,3
2.508546546092848,18,44,9,16,4,6,23
2.508672730486924,6,25,52,36,9,4,91
2.5087057269005055,28,93,19,43,9,14,41
2.5087342044241856,1,2,0,0,0,1,0
2.508810063593472,9,36,64,32,7,2,68
2.5088118385924254,2,5,1,4,0,1,1
2.5088964996610796,8,7,48,54,10,3,27
2.5091007652772745,4,11,10,42,3,4,3
2.509129306193368,18,62,19,10,7,13,50
2.5091525925642912,5,9,11,20,0,1,16
2.5094168895337337,5,10,12,6,1,1,1
2.5094475569708474,35,140,277,273,62,32,323
2.5096092711093805,0,0,0,0,0,0,0
2.5096520733829606,3,16,34,28,3,5,3
2.5097308966936174,166,1551,48,160,9,25,62
2.5097557369793524,5,7,23,10,1,1,11
2.509790620172612,0,0,0,1,0,1,0
2.509837371480244,2,8,0,0,1,1,0
2.5098612076732167,23,65,89,41,11,9,95
2.509867416616626,11,33,54,17,11,10,39
2.509920227402262,8,25,12,14,2,0,13
2.5099548863729453,7,17,26,39,6,3,42
2.510015978985065,0,1,4,0,0,0,3
2.510164897780549,0,2,0,0,1,0,0
2.510429995977987,4,13,14,9,3,2,14
2.5104617883362708,5,11,18,24,1,5,1
2.5104921472454556,5,12,20,4,7,2,13
2.5105268354120627,13,76,54,84,21,9,87
2.5105926970100403,1,0,1,0,0,0,0
2.5106214265785955,3,0,1,10,0,0,0
2.510779848624935,319,1377,544,593,117,104,560
2.5108272366725792,7,22,47,18,8,5,56
2.510978931300821,0,5,21,0,0,1,0
2.5110120044301407,10,25,56,15,7,3,77
2.5112036224664434,2,0,0,0,0,0,0
2.511275557835385,19,129,157,89,26,17,235
2.511553742808672,4,5,2,3,3,0,6
2.511646075011359,1,7,51,0,1,2,11
2.511741951488271,0,0,9,2,0,1,0
2.511812254326436,3,3,13,9,1,2,2
2.5118564652489996,3,2,0,4,0,0,0
2.512002378107761,1,1,7,28,3,0,13
2.512025629033449,11,37,39,52,10,6,67
2.5120748632074106,2,0,0,20,0,1,0
2.5121863289648134,3,16,11,44,5,1,19
2.512186614104863,0,0,0,7,1,0,0
2.51219051373768,3,29,22,10,3,7,27
2.5122097372742473,5,63,78,42,7,2,118
2.5124009064109267,9,52,24,22,8,1,62
2.512468933658695,3,11,34,21,8,4,26
2.512501550983214,5,16,104,56,10,8,37
2.5125100884605067,0,2,61,19,3,4,22
2.5125133785128266,1,5,0,0,3,1,4
2.5125778290959193,3,0,1,0,0,0,0
2.512608775586699,2,2,7,0,1,0,1
2.5128203719374502,1,2,4,0,0,0,10
2.5128205160395383,10,22,20,13,2,6,38
2.513115416493474,0,3,0,4,2,0,9
2.513122563963619,1,14,0,6,1,1,14
2.513214863590219,11,25,7,14,4,1,26
2.513288548245189,1,12,22,10,9,1,43
2.513306202168484,1,0,0,0,0,0,0
2.5133533839813835,1,21,20,7,6,2,32
2.5135608862990084,1,0,0,9,0,0,0
2.513641810347961,0,1,17,15,3,0,17
2.513904469036999,6,11,26,15,5,1,24
2.513908942764248,9,15,6,4,2,2,2
2.5139352193643547,8,17,51,58,8,10,58
2.5140125741727792,3,5,7,6,0,0,11
2.5142021071922556,11,65,28,40,7,5,43
2.514340215026494,9,38,19,17,3,2,30
2.5143974847726027,1,14,12,3,3,1,2
2.514410616119734,2,25,6,3,1,3,7
2.514433995421892,20,30,19,39,9,7,53
2.5144627478774186,23,167,269,256,37,28,249
2.5145389680404984,0,0,15,1,2,1,0
2.5145824951038938,1,0,4,0,0,0,4
2.514636783760872,6,6,25,11,7,0,18
2.514848334260551,6,33,3,16,1,3,2
2.5148553615118807,48,221,45,74,15,6,67
2.5149217784218516,5,6,15,10,3,2,9
2.5150899919485075,3,6,13,16,0,2,14
2.5152269934042395,4,21,5,9,7,4,8
2.5152440137284775,3,16,2,0,6,1,11
2.5153602988019435,8,25,16,12,3,0,7
2.515682843369155,1,1,0,4,0,0,0
2.5157303275411533,0,0,2,0,0,0,2
2.515983305440855,9,18,4,11,1,3,0
2.515983579546901,8,17,20,11,3,2,5
2.5161342041238064,1,6,15,4,7,2,20
2.5162419288324904,1,0,7,17,5,1,2
2.5163185559857646,3,11,14,14,4,0,10
2.516419478995861,3,3,12,9,1,0,11
2.5167976331722675,16,43,57,97,7,10,18
2.5168630021248055,6,45,26,23,7,7,39
2.516913464953625,3,12,15,13,0,2,6
2.516935716963568,0,0,0,0,1,0,2
2.516983516675288,4,21,19,5,11,5,19
2.517010067208125,1,4,3,5,1,0,2
2.517027599881999,12,35,29,24,8,6,48
2.5170843930257303,2,30,68,2,4,5,42
2.5171141093470304,0,1,27,9,0,1,14
2.517144085414818,7,30,70,25,6,6,51
2.5173640779009565,3,7,8,1,3,1,14
2.517366405799603,0,2,12,21,1,0,2
2.517521475054354,0,0,0,0,1,0,0
2.517563987327062,0,0,0,0,0,1,0
2.5175731084462507,9,21,34,12,7,0,30
2.5176433065712054,11,39,53,54,8,13,81
2.5178823471100014,2,11,8,16,6,2,25
2.517913909070832,2,10,11,12,2,1,3
2.5179812578173517,13,24,24,11,4,7,47
2.5181140378642013,1,9,12,0,0,1,0
2.518142212464187,0,1,0,0,0,0,0
2.5182410520988063,0,4,2,11,1,0,8
2.5182606041252185,0,17,11,9,2,1,12
2.518286329833512,2,13,5,7,0,1,5
2.5183272621111423,16,28,42,49,10,5,36
2.518688983103227,8,31,11,24,4,5,13
2.518690102090108,3,10,25,6,4,3,23
2.5186976218368344,17,67,59,42,7,14,80
2.5190092149866192,12,61,34,32,10,4,109
2.5192185947280983,13,38,50,12,6,7,63
2.51922108124541,1,10,8,14,2,1,8
2.5193473801479715,13,37,7,16,6,2,21
2.5193636745684773,9,39,14,11,6,1,36
2.519396147867641,5,36,56,28,6,6,40
2.519425739413329,1,1,3,19,6,2,0
2.5194874317791736,2,13,13,13,1,0,11
2.5195265477505435,18,58,52,2,2,5,8
2.5195938001677196,6,22,12,25,3,2,29
2.519625198313738,9,24,14,14,4,4,14
2.5196549512607316,12,43,61,50,11,11,52
2.519687402585322,20,68,31,37,15,5,51
2.5197307573036976,32,116,86,49,14,12,90
2.5197747617240025,26,74,24,22,6,2,26
2.5197801815889975,2,0,8,23,2,1,2
2.51980299042518,1,10,9,19,7,3,9
2.5198040238398405,5,194,64,86,13,13,121
2.519891018561054,5,23,14,6,1,4,22
2.5199058378257178,7,20,15,7,2,2,24
2.5199204643537163,1,5,6,15,2,1,11
2.5199764931854203,0,0,0,0,1,0,0
2.519985824812555,1,8,7,1,3,0,6
2.520041742096689,0,0,0,0,1,0,0
2.5200517178207646,0,3,0,0,0,1,0
2.5201346946752876,2,17,2,15,0,2,9
2.5201730282014836,28,179,156,147,42,16,237
2.5202186540442835,1,5,27,0,2,3,53
2.520261939780651,4,15,17,8,5,3,5
2.5203130014764468,0,0,0,0,0,0,3
2.520395622044666,3,16,8,6,3,2,2
2.5204436186781582,50,240,321,150,34,24,334
2.520450166865013,5,8,1,16,5,0,37
2.5205404877049236,0,16,9,7,2,0,18
2.5205744929366687,19,21,43,33,12,5,59
2.520602335512401,15,45,89,45,17,8,106
2.520641362388889,7,1,13,3,2,2,23
2.520668065194748,2,46,45,18,8,2,54
2.5208062785007845,2,51,55,51,7,2,54
2.5208282138707414,2,11,0,0,0,2,6
2.520988240088021,0,0,4,3,0,0,3
2.5210060981607656,12,67,123,69,28,9,149
2.5210751788449257,2,5,3,0,0,1,0
2.521232466474352,21,32,2,6,0,9,5
2.52139408591265,1,0,0,12,2,0,0
2.521579905243113,0,4,8,0,0,1,2
2.5216094792564356,11,46,77,33,16,5,75
2.5218407730298154,5,25,27,34,4,8,32
2.5219164856906615,5,43,42,28,10,4,57
2.521923213570211,3,17,14,5,2,0,4
2.521967493694673,12,56,73,49,18,7,78
2.521975531690115,1,1,0,1,0,0,0
2.5220934739787104,2,2,2,1,1,2,9
2.5221139083280675,6,8,32,58,7,5,35
2.522136453088048,3,2,4,0,1,1,4
2.5226734980463226,0,0,0,0,0,0,0
2.522841506072595,4,10,26,12,5,1,9
2.5228855544990068,0,24,11,3,4,2,13
2.52296889604386,7,47,43,11,7,2,42
2.5229866051087146,3,3,14,12,2,3,12
2.5229880347719016,4,5,7,3,2,2,9
2.5230182010731,5,55,58,38,11,8,73
2.5230251043096277,3,48,19,48,6,2,93
2.5230625449286674,0,7,0,0,0,0,0
2.5231749304560043,0,0,0,0,0,1,0
2.523223876442362,5,24,24,14,3,1,33
2.5233480781893873,0,1,2,1,5,0,3
2.52344723666513,42,145,146,102,35,11,160
2.523537725336737,4,58,44,1,7,1,22
2.523582304068683,10,30,0,0,0,2,0
2.5236259186161556,0,5,29,0,1,0,5
2.523655557342863,4,9,2,10,1,1,5
2.5239320854163574,7,17,50,27,14,7,47
2.524020044834784,20,61,29,34,7,9,29
2.5240505414651064,0,0,0,0,0,0,0
2.524085575925784,147,2513,2752,2351,168,86,2036
2.5241107640876925,4,7,10,34,7,4,21
2.5241569877446617,6,41,40,3,4,2,16
2.5242178088202603,4,12,11,3,3,5,16
2.524252905178015,1,0,0,0,0,0,1
2.5243392657503017,11,31,55,17,8,4,31
2.524436163444057,12,51,35,27,13,7,57
2.524463289299394,1,25,3,7,4,2,12
2.5244726908683894,3,33,28,17,6,3,12
2.524477901636238,5,47,33,10,8,4,24
2.5245502353799427,1,17,28,14,0,3,11
2.5245846784923422,7,17,9,11,7,0,16
2.524628284207806,14,25,73,40,11,8,81
2.5246943483812667,0,0,1,0,0,0,0
2.5249547103232324,3,13,12,16,3,1,0
2.525101485333323,0,8,5,5,2,1,12
2.525112114740045,2,14,36,11,2,2,8
2.5251209845689906,1,9,3,7,3,0,15
2.5251313593305516,3,36,4,9,5,4,15
2.5251925940477684,1,3,43,12,3,6,38
2.5252250498648436,1,4,5,11,3,1,46
2.5252692394334657,6,15,10,34,2,3,19
2.525309113262401,375,1857,821,636,112,122,925
2.5253290337883976,5,27,10,1,1,3,12
2.5253296114169186,5,12,12,8,4,2,32
2.525340878325273,33,190,143,123,32,17,133
2.525451432248667,0,3,6,18,0,0,12
2.5254678757357802,1,0,2,3,0,1,5
2.52552067315925,7,19,62,48,9,7,53
2.5255592657611747,1,1,6,0,0,0,0
2.5255661979603654,116,354,120,49,33,25,83
2.52572109198148,3,6,3,2,2,2,4
2.525728763340431,1,0,0,0,4,0,0
2.5258253282060896,4,23,150,49,5,3,9
2.525915816974414,5,37,18,22,12,2,24
2.525930322826667,0,0,4,0,1,0,5
2.5259368405130553,1,2,0,0,0,0,0
2.525991479475331,5,10,11,3,0,2,29
2.526091817757164,0,0,0,0,0,0,0
2.5261326458326816,0,12,3,0,2,0,13
2.5263194200226033,67,180,86,77,35,24,98
2.526359397852978,1,4,0,1,1,0,0
2.526375097378754,3,29,2,0,5,2,26
2.5264762076225837,2,19,15,4,2,1,7
2.5265012411932464,4,2,9,7,3,0,31
2.5265588991490238,19,44,10,24,4,6,18
2.52659516022114,2,7,19,14,10,3,46
2.5266154584450145,0,17,7,2,4,0,4
2.5266730277568943,3,0,2,2,1,1,3
2.526723254612043,79,324,512,475,145,50,568
2.5267257217782997,26,52,22,20,11,8,33
2.52675703678837,0,0,0,0,0,0,0
2.5269009937275984,18,34,54,46,7,9,70
2.5269794993475356,0,0,0,0,0,0,0
2.5270050435213913,3,15,11,3,4,1,21
2.5270215036357015,1,0,0,0,0,0,0
2.5271380077583854,10,34,121,88,20,11,116
2.5271610965038263,2,0,1,0,1,1,2
2.527182042171258,10,49,5,5,1,3,0
2.527295612412223,7,10,8,2,2,4,12
2.527406084715993,0,0,1,0,2,0,0
2.5274282941344524,47,193,266,232,70,43,392
2.5274969433507652,5,20,8,20,6,1,34
2.527509551134484,0,9,13,7,4,4,5
2.52752826204342,2,1,0,0,0,1,21
2.527874678999639,1,0,0,0,0,0,0
2.528078414909692,5,42,9,21,5,1,47
2.5280977843913357,2,9,3,6,3,2,9
2.5281044397007464,34,101,53,88,13,17,39
2.5281075885412285,10,30,51,34,6,4,44
2.528118322346345,0,5,19,23,5,3,18
2.528307666604208,6,14,0,1,1,1,5
2.5283735323387457,1,12,0,2,0,0,1
2.5283789339588303,2,4,9,3,4,2,13
2.5284296791341654,20,67,173,162,34,24,165
2.5285435293015657,5,45,48,29,7,5,25
2.5285935706410494,438,5180,2257,672,154,93,2025
2.5286037842513935,0,1,2,1,0,1,0
2.5287396828834177,16,43,25,26,7,6,45
2.5287469903151925,3,1,17,10,3,3,10
2.5289532956180385,15,34,27,7,7,2,9
2.5290011367706144,3,0,0,0,0,1,0
2.5291600971612636,5,17,13,4,1,2,28
2.529519755450259,20,31,14,32,11,5,9
2.529519877161244,0,0,7,8,2,0,0
2.5295691422912743,2,13,3,1,2,1,6
2.5296917274820867,5,22,32,18,2,4,26
2.5296974645022448,7,16,7,0,5,1,14
2.5297052575926315,5,7,28,28,4,4,14
2.529710890873018,1,16,2,7,4,0,0
2.5297648927987857,2,8,2,8,3,0,5
2.5298290762535816,11,10,2,1,0,2,3
2.529893084346551,3,14,9,0,1,0,4
2.529897401766469,71,202,67,38,33,11,82
2.5300973426179176,14,73,52,87,22,5,141
2.5301217994437293,4,7,20,7,4,1,20
2.5302789828257124,3,9,23,1,2,1,12
2.5303735084389003,1,6,10,12,4,0,11
2.5304616265124995,0,0,0,0,1,0,0
2.5306602137519945,23,108,59,92,12,16,90
2.5307277657769953,2,14,9,8,2,2,20
2.530811191568047,1,3,48,4,3,2,51
2.530815879517313,0,6,4,1,2,1,1
2.5308454871348784,7,28,29,14,5,4,26
2.5309002768416637,3,17,53,11,1,0,3
2.5309163710177223,70,196,143,127,44,18,177
2.5309631527800094,116,596,446,239,93,54,631
2.5309728999283565,2,2,0,12,0,0,2
2.5314392321030663,1,19,0,7,0,0,0
2.5314702282184407,8,21,41,41,6,8,43
2.5314885054799663,1,4,3,4,0,1,0
2.5315325102790207,27,67,16,5,17,3,10
2.5315572131422424,1,1,0,0,0,0,0
2.531667551139877,2,11,37,42,10,2,53
2.5317230951935277,24,82,95,30,16,12,31
2.5317320483537706,6,24,21,12,6,4,22
2.5317661801689066,0,6,1,0,0,3,6
2.5318523663931205,8,17,35,13,3,2,24
2.531998266428135,0,0,0,0,0,0,0
2.5320295383431093,1,16,25,22,4,2,20
2.532192129963065,0,5,8,3,1,2,7
2.5323014340341325,0,0,0,0,0,0,0
2.532582965778821,0,1,0,0,1,0,0
2.5326118894815384,0,1,0,0,0,1,0
2.5327343921097714,6,9,5,6,0,2,3
2.5327995719454615,0,0,0,3,1,0,0
2.532879549778358,3,14,23,11,3,4,12
2.532891759735648,0,1,0,0,0,0,0
2.5329582534703987,3,14,22,11,4,1,23
2.533108225287909,3,11,14,9,3,2,25
2.533185404761916,13,24,10,3,7,1,13
2.5332403795325926,5,28,22,66,5,3,38
2.533273937260736,1,10,3,0,0,0,6
2.533283691560832,0,0,0,0,0,0,0
2.5333437181948613,6,26,57,28,8,6,33
2.5336300024063783,14,81,74,59,10,6,32
2.5336629885991884,0,1,0,4,0,1,0
2.5337277330444334,238,6688,4246,2031,137,81,4318
2.5338135879965114,17,59,37,23,6,14,38
2.5338200495947993,0,7,0,1,1,0,14
2.533868815139639,0,17,0,0,0,0,0
2.5339940410788833,2,12,9,22,2,3,13
2.5340030644249776,5,13,9,13,1,2,7
2.534217823096578,2,0,0,0,0,0,6
2.5343774199063653,2,11,0,15,1,4,19
2.5344090883518002,0,4,14,14,8,2,29
2.534472936595735,5,32,99,12,3,3,25
2.5345035278842016,1,12,17,10,1,5,4
2.5345396381763825,4,34,47,72,13,5,54
2.53454647199117,0,7,1,0,0,1,1
2.5345504651752258,3,3,8,1,5,1,22
2.5346351053934937,12,84,41,29,6,4,47
2.5346571619252125,4,31,8,1,8,1,16
2.5347552877104125,7,22,32,28,5,2,40
2.5348039900369166,1,6,34,18,3,1,10
2.534812035902554,5,33,22,27,2,3,17
2.534857497549251,6,28,21,9,7,4,9
2.5349106687587337,4,12,25,33,4,4,47
2.5349406765068783,1,0,27,0,1,1,1
2.5352899659509474,0,1,0,0,0,0,2
2.5353176670649162,92,608,2527,698,253,98,2257
2.535420570339181,6,34,32,46,11,4,43
2.535574232342214,8,41,40,59,4,4,31
2.5355968423077826,4,10,3,17,3,1,3
2.535701161453568,5,27,0,0,0,1,1
2.535846419243099,8,67,64,21,21,3,30
2.536052398851159,1,0,0,0,0,0,0
2.5361541442485223,45,149,195,177,45,26,254
2.5362094863527367,5,23,24,43,7,4,23
2.536332733492171,0,0,0,0,0,0,1
2.5364175759261975,0,0,1,0,1,0,0
2.536427072400263,4,0,0,0,0,0,0
2.5364598752210066,14,50,33,27,10,7,35
2.5365379461228548,7,39,54,36,11,8,52
2.5366029856778916,6,33,8,10,2,2,33
2.5366515031212784,2,35,52,30,7,2,33
2.5366518028161886,1,5,4,0,0,1,3
2.536706442603554,3,0,1,0,0,0,13
2.5368311529963754,3,9,7,8,0,0,0
2.536839766497083,0,4,4,0,3,2,6
2.5370422357039204,0,0,0,0,3,0,0
2.537155027854996,0,3,0,5,0,0,0
2.5372301642117208,6,9,12,30,3,5,29
2.537254456921244,1,11,3,4,0,1,4
2.537309994492593,4,2,8,12,3,5,4
2.5374368081172363,1,1,2,1,0,1,0
2.5374885145576176,3,10,7,0,5,2,5
2.537490749013896,1,6,0,0,0,0,0
2.537626920436767,2,4,6,0,0,2,3
2.5378333954141565,6,26,11,2,2,2,18
2.5378703805216465,2,6,23,22,5,1,25
2.5379146711835934,2,5,22,16,3,1,9
2.5381392526226443,2,23,8,9,7,1,10
2.5383072601569308,0,0,0,0,0,0,0
2.5383541724352896,1,4,4,1,0,0,6
2.538421778574469,6,17,20,4,5,3,38
2.538514209948608,1,13,0,0,0,0,1
2.5385572498297617,6,45,1,0,0,0,6
2.538574861092804,16,25,33,31,10,6,44
2.538639418610303,15,86,103,64,12,10,56
2.53870659192221,3,13,20,7,3,2,27
2.5387700071420163,25,49,63,33,11,5,79
2.53891718274522,11,76,127,81,25,10,164
2.539257243854526,0,13,6,0,2,1,4
2.5392619239570062,0,0,0,6,1,1,0
2.539294618568531,7,18,19,38,5,1,26
2.53937546441515,16,55,67,38,14,10,49
2.5395739513327102,0,0,0,0,1,0,0
2.539634306947662,0,7,5,2,1,1,8
2.5396994968775397,162,815,947,657,170,89,1095
2.539760375934893,0,0,0,0,0,0,0
2.539995620920355,4,9,0,5,0,0,14
2.5400463262153963,6,39,39,23,10,1,62
2.5400756035188654,7,27,37,30,4,1,12
2.5401099600278134,1,4,2,7,2,1,3
2.540113052044129,10,36,20,19,7,6,18
2.5401800732408026,5,11,12,13,9,2,31
2.5401923998352913,0,0,4,0,0,1,0
2.5404547665340362,1,10,25,19,1,2,32
2.5407141842137957,31,115,118,110,36,22,207
2.540719709022036,2,4,2,5,7,0,10
2.5407351843921333,3,19,26,12,7,2,13
2.5409521905728805,4,17,4,2,5,1,15
2.540960673888389,0,0,2,18,2,1,6
2.5409722803937433,2,9,12,0,1,1,0
2.5411076922014635,23,129,22,44,15,9,13
2.5412996788554483,8,20,19,37,16,4,34
2.541428417623263,1,22,18,39,5,4,23
2.541490906509749,9,31,36,18,5,6,45
2.541516309817833,387,1638,539,775,107,82,490
2.541566902423503,3,0,3,0,0,1,0
2.5415824779728076,1,14,20,1,1,1,6
2.541675721821828,0,0,4,0,0,0,17
2.5417611282702963,4,36,14,23,2,4,16
2.5418866064121097,2,13,9,2,1,2,14
2.541951150783573,60,248,439,399,83,48,389
2.54211088632273,1,6,2,0,2,0,10
2.5421497672620443,1,14,10,14,1,3,12
2.542209007253825,16,64,87,19,8,6,98
2.5422166131002575,5,15,13,2,2,1,9
2.5426600552355665,1,0,0,0,0,0,1
2.542671105694125,21,72,139,65,27,19,166
2.5426987411466206,1,9,20,9,0,2,3
2.542938108535886,3,11,9,0,1,1,0
2.54310508321964,11,29,32,12,8,5,48
2.543110879494636,7,41,37,26,6,3,62
2.543181299892188,1,7,13,0,3,2,13
2.5432768582461036,7,28,41,58,4,1,42
2.543305542579165,4,5,8,5,1,2,4
2.5433084666360912,0,1,0,0,0,0,0
2.5433531932527047,0,2,0,4,0,0,2
2.543408106301055,0,0,8,0,2,0,5
2.5435083671144865,0,0,0,0,1,0,0
2.5436180540538476,0,3,14,0,1,0,2
2.543628740295203,2,22,0,7,4,1,16
2.543629977551438,30,212,170,115,19,23,225
2.5436631717653713,4,104,43,14,7,4,52
2.543720522625842,1,0,0,0,0,0,0
2.5437788414496016,5,34,23,6,8,6,75
2.5437801953218027,11,35,27,26,4,7,25
2.5438130790385354,1,5,24,9,2,1,1
2.5438248632519467,13,35,57,41,21,9,65
2.5438269372556355,23,69,51,17,10,10,70
2.5438530799651313,5,12,64,31,6,1,8
2.5438774132540853,16,55,74,51,9,6,44
2.5439182482573375,2,3,5,6,1,2,40
2.544010223401629,2,0,8,2,1,1,9
2.5440972684083443,6,25,21,6,7,1,24
2.5442073419028386,3,21,31,6,4,4,24
2.544314012629381,0,10,32,17,2,2,13
2.5445445703364262,2,0,7,5,0,0,10
2.544552258042335,0,3,3,0,3,0,0
2.544656613456284,0,0,0,0,1,0,0
2.5447863002476576,0,0,1,0,2,2,0
2.544862694754913,4,17,28,24,7,5,14
2.5449150727189744,4,0,13,7,5,1,10
2.5450012659020946,5,10,4,11,1,1,16
2.5450270660550447,5,9,39,3,3,2,0
2.5450422477587065,2,1,0,2,1,1,1
2.5451040244354095,5,19,32,39,6,2,23
2.5454235550813507,3,0,0,0,0,0,0
2.5454477902912824,31,114,145,162,16,14,152
2.545466570708156,1,6,0,0,0,1,0
2.5455941182235637,2,17,48,11,4,0,23
2.545631608345104,29,65,28,38,12,12,32
2.545662078151429,5,16,12,8,3,4,7
2.5458509864883423,7,15,13,12,6,0,8
2.5460140139384033,3,2,3,8,2,0,8
2.546076799038273,1,8,9,3,1,1,10
2.5462937047029266,1,9,3,4,0,3,11
2.5464090699755624,4,18,40,40,12,5,69
2.546518927933775,5,13,16,12,12,1,34
2.5465414745865997,25,70,43,31,14,2,51
2.5465597911155267,15,131,116,98,25,13,155
2.5465942465693563,12,39,58,17,4,2,43
2.546612883654602,4,13,5,1,3,1,4
2.5468483129834474,60,159,45,29,14,14,43
2.546879932741868,0,7,1,4,0,0,1
2.546962941799639,2,26,2,13,1,3,12
2.547008001861486,3,1,0,9,0,0,3
2.5470269411834785,1,6,25,26,2,1,17
2.54707787631763,3,4,7,12,2,1,11
2.5471540101823447,23,44,6,9,7,3,17
2.547190187335021,69,205,98,45,36,14,79
2.5472076222092004,0,0,0,0,2,0,0
2.5472417308676087,2,1,32,15,4,0,13
2.5475201387471658,203,988,1334,845,226,127,1384
2.547637466189805,0,0,0,0,0,0,9
2.5477293079620553,2,22,30,25,9,2,15
2.547885236306726,5,15,9,5,0,2,5
2.5480367860237627,3,6,10,2,1,1,1
2.5480595865076983,1,10,2,0,1,3,8
2.5480898555302582,6,23,39,29,8,2,37
2.5481482462409746,9,29,42,41,6,4,34
2.548225285308016,1,5,1,1,3,1,4
2.5482684448742208,1,2,25,3,2,1,2
2.5484196769562804,0,1,7,0,2,1,1
2.548485646237825,0,0,0,0,0,0,0
2.5485687756405957,6,9,17,21,3,4,30
2.5485759684315226,9,18,16,35,8,3,33
2.548577265473929,10,31,5,0,0,2,0
2.5486592480498227,7,18,25,22,5,3,30
2.5487557109911134,18,115,174,141,40,20,173
2.5488444091313998,2,16,0,0,1,0,6
2.549301427931093,5,12,27,12,1,4,17
2.549392835237998,4,8,6,9,3,2,1
2.5494891891844014,20,46,96,104,51,15,186
2.5495469571448273,1,7,15,9,3,1,10
2.54957826410824,9,14,25,25,3,0,3
2.549668249655639,6,21,14,113,10,5,27
2.550039804355211,4,10,1,4,3,1,13
2.550158549914693,4,14,1,7,0,1,1
2.550272703992211,2,9,3,2,2,0,0
2.550359044459457,25,98,50,47,20,6,123
2.5505472613322606,3,2,11,3,4,2,11
2.550623226510277,2,6,16,28,2,1,3
2.5506376051004187,1,0,0,0,0,0,1
2.5506463807749813,13,58,55,54,18,6,37
2.5507656748349574,6,11,10,14,7,4,2
2.550816927178425,4,12,5,5,5,1,38
2.5508480757253262,0,0,0,0,0,1,0
2.550945538389542,2,6,0,10,3,0,2
2.551046491582422,0,0,0,0,0,0,0
2.551126353795378,2,6,3,2,1,2,2
2.551143864789678,0,6,6,6,5,3,22
2.5511661992721915,1,17,3,2,0,1,21
2.5512436568236354,7,18,8,17,1,2,14
2.5512536729312054,4,6,30,14,4,2,7
2.5513473837405445,3,8,16,27,2,2,7
2.551536540415767,18,22,6,4,6,2,2
2.551712231514223,4,25,1,29,1,0,0
2.5517477204421573,90,224,137,110,20,21,97
2.551753412349895,0,0,0,0,0,0,1
2.551968750292687,28,53,72,101,23,15,98
2.5520489249287976,0,1,0,0,0,0,5
2.5521890523127837,0,0,0,0,0,0,2
2.5521913324380576,7,29,22,17,5,7,48
2.55225783338547,0,5,7,6,1,1,13
2.5523071996282063,0,0,6,0,1,0,3
2.552329357594877,0,0,0,0,0,0,0
2.5525101105501027,2,17,20,16,4,1,6
2.5526063256063596,7,105,123,148,24,13,154
2.552667973254416,122,363,131,167,41,33,134
2.5527689074551074,79,167,46,48,16,15,40
2.552800095807062,0,8,5,7,1,0,6
2.5528025398132526,19,50,50,58,13,6,35
2.553022813586544,6,23,45,33,6,5,13
2.553033868709269,0,0,1,5,1,0,0
2.553461321974951,4,14,14,2,9,4,31
2.5535039165515343,946,5077,3961,3639,573,387,3764
2.553796125364433,13,54,25,86,8,12,93
2.5538513906228983,9,23,6,16,5,1,19
2.553939402657264,30,115,39,62,16,12,56
2.5542927405365874,0,0,0,5,3,0,9
2.554377787942902,6,32,25,31,8,5,46
2.5544525323908536,4,46,44,2,9,2,31
2.554520189010306,97,357,122,105,40,31,132
2.5546676715582555,1,0,0,0,0,0,0
2.5546806878450696,10,40,15,12,2,2,19
2.554712563651751,0,0,0,0,1,0,0
2.554781724884581,7,13,8,2,1,3,9
2.5548289627447627,25,104,79,110,17,14,40
2.5549001411231855,0,0,0,0,2,0,0
2.5550325104895943,4,23,0,4,1,2,6
2.5550539718349974,3,25,12,4,7,0,2
2.5552308978485714,1,9,4,4,1,1,12
2.555315187815864,3,19,21,10,3,2,3
2.5553910842154006,0,0,0,0,0,0,4
2.555550216772429,4,17,43,29,9,4,29
2.5556519390132135,0,11,0,0,1,0,7
2.5556693860309534,8,22,4,8,2,4,10
2.5556767862793297,4,1,12,13,2,1,21
2.555983982553318,0,5,82,1,2,1,0
2.5562324715672036,0,0,0,0,1,0,0
2.556259886036232,11,27,42,40,13,3,41
2.556313466675309,4,45,26,12,13,3,47
2.5563832710313,21,35,12,17,12,9,23
2.556487011558488,2,13,10,4,0,1,5
2.5565435159305236,2,8,19,6,2,1,5
2.556618502991396,4,24,36,30,4,4,36
2.55662745349649,0,1,0,4,0,0,0
2.556719384278078,2,7,1,0,0,1,13
2.556777590591316,3,10,0,0,0,0,0
2.556788570277838,8,5,12,19,4,3,20
2.556927256405932,3,14,6,3,0,1,3
2.557016492169348,48,208,64,51,11,8,33
2.5571129401358204,0,1,0,0,0,0,0
2.557158953347296,1,0,0,9,0,1,4
2.55718859308639,6,78,26,22,6,6,36
2.5572019480666954,80,180,54,49,28,19,51
2.557342337601322,6,7,19,35,2,3,24
2.55739139846168,5,24,24,1,5,3,23
2.557477250966779,0,0,0,0,0,0,0
2.5575760320720833,6,14,13,14,7,5,13
2.55771990368595,52,235,368,171,70,48,395
2.557773741598791,9,43,31,59,6,4,45
2.557801404411697,19,54,137,92,33,12,126
2.5578389449902628,6,11,15,19,4,3,10
2.557841232645369,4,1,10,0,1,1,5
2.5578689001954484,0,0,0,3,0,0,0
2.5579495876427476,1,1,1,7,1,1,3
2.5580598127839758,14,86,91,52,6,8,76
2.558068199728197,4,2,0,8,3,0,8
2.5581104890391644,2,3,9,12,4,1,23
2.5581313518146906,14,30,29,23,15,8,43
2.5581698161934154,3,14,27,7,3,5,68
2.5582913230009057,6,10,16,20,6,0,40
2.5584446854662835,7,62,22,12,9,7,35
2.558524553225824,2,0,0,0,0,0,8
2.558768635135422,0,0,0,0,0,3,0
2.558821572219198,58,71,31,29,22,16,51
2.5588567578899823,3,1,5,1,2,0,7
2.5588622952725713,1,9,105,45,33,17,92
2.5589824937284638,1,0,0,0,0,0,0
2.5589977615381714,0,14,9,10,2,3,19
2.559055098899754,10,13,12,5,4,1,9
2.559152984867593,3,19,78,15,7,3,17
2.5592179188764654,5,12,17,13,4,3,12
2.559260539365605,3,8,11,7,2,1,8
2.5592849964065527,1,0,0,0,0,1,0
2.559527916585822,2,5,49,19,2,4,50
2.559689946077505,10,49,98,68,20,8,134
2.559746345052997,3,4,47,14,11,5,124
2.560013116146662,2,6,6,12,9,2,52
2.5600613999254853,0,0,0,0,0,0,0
2.560068748320627,6,3,0,0,1,0,6
2.560143344011324,0,42,7,8,2,2,31
2.560162969871812,0,0,0,0,0,1,0
2.5601777042637943,50,188,131,216,43,23,196
2.5604849947840647,1,9,2,22,4,2,6
2.560748572763003,7,1,17,5,7,4,8
2.5607985174685877,55,192,136,166,47,25,137
2.560979206189594,14,46,95,42,7,6,44
2.5610202986071653,0,0,0,0,1,0,0
2.561112092595059,2,2,12,18,2,0,5
2.5612067731652597,1,9,0,12,2,4,6
2.561214913862995,1,10,6,2,3,1,14
2.561359553754433,6,15,15,9,5,3,19
2.5615775039719035,270,1435,444,419,72,88,517
2.561586200930331,0,0,2,2,1,0,9
2.561587249732981,0,0,9,4,2,0,12
2.5617258878547733,0,6,6,22,2,1,6
2.5617311206807343,0,1,0,0,0,0,2
2.5618508335938217,0,0,0,1,1,0,2
2.561945105214062,0,1,1,0,0,0,0
2.5619809776071185,0,0,0,0,0,2,17
2.5620797138574907,6,59,23,6,8,3,47
2.5621624341672846,6,6,19,2,6,0,24
2.5622202663698004,0,0,0,0,0,1,4
2.562249625930787,0,2,2,1,1,0,1
2.5622607630504692,17,63,80,62,10,11,132
2.5622696169785315,0,0,0,0,1,0,14
2.5623071232209993,18,69,10,13,3,3,14
2.5623850443958855,0,0,1,4,1,0,0
2.5629607306231375,5,5,2,7,3,0,14
2.563091305583281,13,38,13,75,4,10,18
2.5631125508645476,2,4,0,4,0,1,0
2.5632550716677613,1,5,0,1,2,2,4
2.563323416117741,0,0,1,0,1,1,0
2.56332799922195,30,82,112,173,26,14,173
2.563358874542321,50,93,54,47,9,10,50
2.5633905924045854,4,5,14,6,0,0,9
2.5634966270085986,0,0,2,0,0,1,0
2.563562383276369,5,10,7,1,0,1,0
2.5636288934611833,12,24,6,16,5,3,7
2.563668497999383,6,17,23,10,3,2,24
2.563700745524041,5,23,6,7,3,0,10
2.5637747238038004,8,12,5,8,5,2,38
2.5641430266111875,34,148,26,52,3,15,24
2.564333815184886,15,34,29,56,5,12,25
2.5645781168885087,4,34,7,12,2,4,17
2.5646775350573874,0,1,3,2,0,1,0
2.564701775933903,1,0,0,0,0,0,0
2.5647835706160076,3,16,11,2,2,3,6
2.5648479046505464,0,0,17,14,0,0,0
2.564867742570556,4,8,6,11,2,3,7
2.565133276460734,1,17,25,4,4,2,11
2.5651936862709372,3,1,20,9,1,0,6
2.565285599963434,8,24,38,31,10,10,56
2.565630839087928,0,1,7,3,0,1,0
2.5656496698678493,0,0,0,0,0,1,0
2.565650741558379,1,2,19,2,3,2,10
2.56565321379435,7,15,29,30,13,3,29
2.5656806550470925,2,11,13,3,0,1,11
2.565726200611874,1,6,8,7,1,0,5
2.56595222062957,3,7,15,3,1,0,1
2.5659920704852492,4,28,17,25,3,2,9
2.5664320656937996,4,24,9,8,4,0,24
2.5664382266380033,0,0,0,0,0,1,20
2.566552650044436,5,3,11,9,4,1,32
2.566602960065468,0,24,0,13,3,2,41
2.566703530208099,1,29,35,18,3,4,19
2.5667618880611576,3,1,0,7,0,0,4
2.567054191371761,1,2,21,7,2,0,9
2.5674392000429034,6,16,67,56,9,7,33
2.567676096119713,5,26,60,22,11,1,55
2.567847898521082,1,13,1,2,3,0,12
2.567945094534384,0,1,12,8,1,1,1
2.567998885976273,3,20,53,41,10,2,48
2.5680088641123686,7,23,49,50,7,6,49
2.5680440808569025,1,1,0,0,0,0,0
2.56814178461732,4,2,2,1,1,1,3
2.568215248368593,39,132,220,200,54,17,293
2.5683172545875057,9,38,6,17,4,3,30
2.568354937415202,0,0,0,4,0,1,0
2.5683668674993902,1,4,7,7,3,1,0
2.5684616602918844,7,60,37,35,11,4,46
2.568501892189251,22,67,69,48,15,7,39
2.56859838109832,1,19,0,0,0,1,2
2.5685987444590954,1,8,14,2,6,1,19
2.5686163738163095,18,91,88,30,13,10,112
2.5687170085127717,0,13,0,0,2,1,38
2.568941235428571,2,0,9,2,0,1,21
2.56895141014233,4,12,10,33,5,1,9
2.5689966406195834,4,5,6,6,1,3,13
2.5690124764046622,3,12,16,14,3,6,29
2.5692695508579124,45,109,151,159,40,33,164
2.569321609830177,9,34,11,27,6,2,12
2.5693488825393467,2,14,3,14,4,2,34
2.5694018773747085,0,0,0,0,0,0,0
2.5696369594319237,3,65,53,37,8,3,39
2.569718801127702,181,614,612,385,116,69,496
2.569861261161604,18,56,187,18,15,7,34
2.5698742083420894,0,0,8,10,2,1,7
2.5699327096571896,1,9,9,7,3,0,7
2.5699376220891557,3,0,3,23,0,0,5
2.5700023639034413,8,38,63,62,8,4,72
2.570005851980453,3,24,5,18,1,0,3
2.570065607325409,2,11,4,5,2,0,0
2.570071876111217,4,14,47,5,5,2,36
2.570113609486893,1,0,0,0,0,0,0
2.570204621896683,3,9,1,2,1,1,8
2.5702633742914007,10,38,23,15,3,2,25
2.5704645288040258,0,0,0,0,0,0,0
2.5706030816001926,4,40,12,33,5,1,21
2.5706652224116624,1,0,0,8,0,0,4
2.570708854591954,48,171,284,187,81,39,374
2.5710427863251053,105,318,133,114,27,31,128
2.5711097893798565,9,46,53,10,10,5,47
2.571157235562155,4,5,0,2,0,1,0
2.571224398675292,5,86,6,6,2,5,3
2.5713109453046004,10,12,9,15,3,2,5
2.571520694153045,1,1,17,30,4,5,21
2.5715393716758235,5,5,1,0,2,1,5
2.5717050348455883,2,12,0,13,1,0,0
2.571859806220664,10,27,21,28,9,3,25
2.571965856530782,666,5665,2195,1712,268,219,2386
2.572008865279394,0,3,3,14,1,0,3
2.572176100501006,6,26,18,7,3,3,32
2.5721913357905937,4,79,6,66,2,1,19
2.572320062702561,1,1,0,0,1,0,0
2.572330465556455,1,12,0,1,0,0,1
2.572697317487623,137,528,277,143,35,37,205
2.5727859137814324,7,17,16,22,5,5,34
2.5728144292480906,222,841,283,232,67,59,320
2.5728469198209933,1,2,2,0,1,0,1
2.5731140274144653,4,1,5,4,1,0,3
2.5731183818559176,2,4,8,0,2,0,3
2.573143543433307,6,22,15,31,8,2,30
2.5732757655041083,4,23,80,17,16,3,46
2.5733795514225357,2,24,38,32,6,6,35
2.5734312976961293,3,3,0,0,0,0,2
2.573431927969573,0,0,13,8,0,1,0
2.5735010664936713,2,1,11,7,1,0,9
2.573556240110605,7,2,0,0,0,1,11
2.573564835984098,1,0,0,0,0,0,0
2.5738713677380574,0,3,1,2,0,0,0
2.573951931844271,1,0,0,0,1,0,0
2.5739620154085134,11,51,38,21,9,3,47
2.574002168862918,3,0,0,1,2,0,2
2.574152277978603,1,2,1,0,1,1,5
2.574190316088414,0,0,0,4,0,1,0
2.5743148453613105,0,0,0,0,0,1,2
2.5743620340018465,2,3,1,1,0,0,2
2.5743691074108064,0,8,0,5,1,2,18
2.5743940062897086,3,0,0,0,1,0,0
2.574571037818855,3,8,10,3,1,1,1
2.5747948734833708,0,0,0,0,0,0,20
2.5748820337968557,15,57,26,16,4,3,45
2.575348879693587,0,8,1,4,2,0,33
2.5754355131019766,1,5,16,5,1,1,2
2.5754523213855105,1,23,2,23,2,2,21
2.5755370093610845,0,0,0,0,0,0,0
2.575593042470214,2,8,10,4,5,0,21
2.5756659893104676,13,32,43,21,5,5,33
2.575707111998935,0,0,0,0,0,0,0
2.575720991978553,1,8,0,2,1,1,4
2.5757953842571255,51,190,177,144,33,21,133
2.575981613818858,1,10,4,16,2,2,6
2.5761349637073865,1,0,0,0,0,1,0
2.576182053499026,409,3792,852,925,37,174,758
2.5764398080836703,2,30,25,13,5,1,40
2.5764458196618687,5,28,27,17,10,2,28
2.5764472482128356,0,0,0,4,0,0,0
2.5764570906506994,1,0,0,0,0,0,0
2.576459397120808,0,0,0,0,0,0,0
2.5769411249131826,0,4,1,1,1,1,1
2.5769948078683713,4,21,6,6,7,1,19
2.577021862147895,1,0,0,0,1,0,0
2.577224155575468,12,78,91,62,11,5,62
2.577285306234962,7,51,23,21,1,3,18
2.577324011384856,2,9,2,3,1,0,3
2.577391417856084,0,1,0,0,0,2,0
2.5774192534986198,5,10,12,2,1,2,36
2.577441073913256,6,10,12,8,0,2,0
2.57755766139432,2,5,5,0,2,2,8
2.5776326666550977,105,328,80,80,37,26,73
2.577636309013365,1,25,16,3,0,0,5
2.577664295653351,7,9,22,18,1,3,9
2.5777163039918305,6,15,19,14,1,2,20
2.5777438531712504,1,1,5,1,0,0,2
2.577792846727838,1,10,22,7,0,3,18
2.577809223987321,2,11,2,17,1,2,1
2.5778125312875733,0,0,0,0,0,0,2
2.5782424599614813,1,0,0,0,0,0,0
2.5782478614978195,5,42,28,11,4,1,36
2.57830115340194,1,11,35,0,5,0,44
2.5783321807407154,0,0,0,0,0,0,0
2.5783386508742057,0,0,0,0,0,0,0
2.578402897595797,194,1463,334,220,42,30,218
2.5784371396192363,4,0,0,0,0,0,0
2.578714423204798,0,0,0,0,1,0,0
2.5788910359448867,3,2,9,4,1,1,7
2.579038611453896,0,8,0,0,1,0,0
2.579092237707963,1,0,1,5,0,0,4
2.5791065405900677,0,0,0,1,1,1,0
2.5794512259736635,2,13,7,2,1,1,6
2.579765784354618,0,2,1,2,2,1,0
2.579812682647258,2,5,28,7,2,2,15
2.579855047487449,4,10,22,24,4,2,15
2.5799062735357055,5,7,5,3,6,1,6
2.579965207726201,57,176,132,122,31,34,180
2.5799679503361133,0,4,2,0,0,0,3
2.5801414968272733,1,0,0,0,1,0,13
2.580277778634583,3,8,7,11,1,3,11
2.580333890430587,18,44,52,8,8,3,74
2.5805363220234994,0,0,0,6,1,0,0
2.580575087880198,1,0,3,4,0,3,0
2.580583127084679,0,4,0,3,0,1,0
2.5806137222422767,0,0,24,3,1,0,14
2.5808678895897383,2,11,3,30,7,7,24
2.580898527115557,17,98,71,16,11,4,32
2.5809001932759585,0,0,0,1,0,0,0
2.581002852465248,0,0,0,1,1,0,0
2.5811885936479797,0,0,0,0,0,0,0
2.5814737877120684,31,137,47,32,13,10,49
2.5816098771880975,5,50,36,16,7,4,8
2.5816278255344467,30,60,28,36,12,14,27
2.5816754667118107,3,9,0,3,2,0,0
2.581691435770395,6,28,39,20,8,11,62
2.5818160367051037,8,19,35,68,15,5,58
2.5818239032706964,4,32,0,10,2,1,0
2.5818898245233415,1,0,0,1,0,0,3
2.5819169304323704,11,35,27,15,5,6,22
2.582086319094086,3,33,8,19,4,2,24
2.582090391342455,0,8,3,0,1,0,8
2.582092045270322,1,6,5,15,7,0,6
2.582093604442997,5,26,9,26,3,2,20
2.582292813196069,2,24,11,2,3,1,8
2.5823020965650416,3,1,0,0,0,0,0
2.582321636632698,3,47,126,25,3,2,40
2.5823295126859422,11,27,20,18,9,5,33
2.5824151975537477,1,1,4,0,0,0,0
2.582501416553056,4,15,20,14,4,3,14
2.5825182529095203,2,0,0,0,0,2,0
2.5826899153589586,0,0,0,0,0,0,0
2.5829580681811737,35,162,159,91,30,15,154
2.58295856078016,2,6,6,9,1,0,19
2.5830223985649767,2,19,37,30,4,3,49
2.583151518974586,10,9,2,8,1,3,3
2.58329962081079,1,0,0,0,0,0,1
2.5833390358492334,4,10,14,22,3,0,8
2.5835315320765875,1,15,0,7,0,0,0
2.583708921694011,1,8,8,22,2,3,10
2.5837471205872893,15,46,20,51,4,7,26
2.583758771476681,0,0,0,3,0,0,0
2.5837759870795542,3,5,1,5,0,0,0
2.5839061302315476,1,5,0,4,3,2,3
2.583978032505972,1,4,9,13,4,1,14
2.583997217059896,103,296,258,237,72,44,300
2.5839980158674085,1,1,0,9,2,2,1
2.5842017230713132,5,19,33,15,7,11,29
2.584283647315793,6,48,2,5,3,4,4
2.584439959161003,2,20,23,14,2,2,10
2.584538244060035,3,4,31,26,6,2,27
2.584543645172793,5,13,14,8,3,3,11
2.5845908642861253,1,0,0,0,0,0,0
2.584740374775237,9,86,73,18,17,8,68
2.584760741336259,2,2,2,0,2,1,2
2.5847837008087016,8,31,49,42,18,10,65
2.5847897111179696,9,25,44,24,8,5,48
2.5849323367736954,14,60,25,53,6,9,25
2.5849473851926756,3,11,14,14,2,1,13
2.5849507619478547,5,15,8,10,2,2,6
2.5852960121851245,0,0,0,0,0,0,0
2.5853776548933944,8,7,6,44,3,2,5
2.585442404763366,1,1,0,0,0,0,0
2.5854616272715414,3,11,7,3,7,3,14
2.5854875480633366,1,2,1,0,0,1,1
2.5857441415447515,1,8,2,22,2,0,19
2.5857706904768127,3,1,9,5,2,2,24
2.5857870340191225,3,3,10,6,4,0,5
2.5857958199938498,4,7,0,0,2,1,2
2.585801666030767,7,6,24,9,5,2,25
2.5858753672480854,2,12,8,0,2,1,1
2.5860473100801022,0,20,6,2,1,1,9
2.5861224174393573,6,27,25,21,9,2,16
2.5862750523677978,1,0,0,0,0,0,0
2.5864031122541467,1,0,0,0,0,0,0
2.586524775467636,1,10,2,4,0,1,0
2.586748413042832,48,83,38,24,18,5,18
2.5869237082819216,4,10,6,2,0,1,9
2.587035491916375,0,1,5,6,3,1,0
2.587087311102156,0,0,1,0,1,0,0
2.5873534932957094,0,18,8,3,1,0,2
2.5873551385685105,0,0,0,0,0,1,0
2.5876039942112636,0,0,0,0,0,0,0
2.587615175908047,0,2,0,0,1,0,0
2.5877915403708864,0,0,0,0,0,0,1
2.587837851254299,0,1,5,6,0,1,15
2.5878464176659346,91,191,70,39,29,17,63
2.5878616509424885,3,15,20,29,8,4,57
2.5879691020312903,15,92,60,80,22,7,56
2.5880276976891787,1,0,0,0,2,0,0
2.588035130048131,4,13,18,15,11,2,15
2.588056902849701,0,0,0,1,2,0,0
2.5881335570576196,1,0,0,1,0,0,0
2.588221875572534,8,34,16,17,3,1,15
2.5882261197260887,0,2,0,0,2,0,0
2.588245179082918,55,103,33,20,13,12,42
2.5883079877510697,0,0,0,0,0,1,0
2.5883468046673013,0,3,0,0,0,0,0
2.5883816539647064,10,9,12,7,3,1,13
2.588606989524719,14,56,183,127,33,26,149
2.58868438530271,1,1,0,0,0,1,0
2.588918926654964,7,16,12,4,11,8,7
2.5889346441160517,0,0,0,0,0,0,0
2.589001394338315,4,19,3,8,2,0,6
2.5891540312726433,0,1,0,2,0,0,0
2.5892307015007088,0,7,3,2,0,1,6
2.5892486483263033,0,0,2,2,0,1,13
2.5893535553068827,2,5,0,1,1,2,0
2.5893545480991915,4,0,0,0,0,0,0
2.5893889759653623,2,10,6,9,0,1,8
2.589413861831494,2,10,3,0,0,0,1
2.589439492150925,2,7,5,10,1,3,7
2.589477017069226,2,0,0,1,0,1,0
2.5894843375578476,5,8,30,6,5,3,13
2.589619260748441,11,41,25,53,8,9,71
2.5896543301787838,121,651,197,183,43,48,237
2.5896626898993804,0,0,8,12,3,1,6
2.589791367181945,0,1,0,0,0,0,0
2.5897973965846144,3,11,16,13,4,2,15
2.589896251123406,2,3,2,2,2,0,9
2.5902454103658177,4,8,0,7,3,0,0
2.5904408142013664,6,18,0,2,1,0,0
2.590540593177484,12,85,43,45,5,9,63
2.5906786349124236,2,15,5,1,3,0,10
2.5907557309562192,2,29,31,9,1,1,14
2.5907642417031247,1,0,0,0,0,0,0
2.590812942622738,0,0,14,3,1,0,1
2.5908191990404514,0,0,0,0,0,0,17
2.5915635784469133,6,25,34,13,17,8,51
2.591601391193018,0,0,0,0,0,0,0
2.5916326883456002,6,6,18,22,2,2,6
2.5919214812640208,1,0,0,0,0,0,0
2.592088085710418,0,1,5,0,3,0,3
2.5922251484566,4,9,27,23,12,3,29
2.592282460632372,202,996,2253,1485,353,147,2438
2.592531427966484,8,24,40,23,9,6,62
2.5925341208918846,4,10,15,11,1,2,8
2.5925892168855293,1,2,9,1,1,0,5
2.592649891387766,248,1010,567,463,161,97,732
2.5930001247732104,5,15,8,12,5,1,38
2.5930858204222162,0,3,2,0,0,0,10
2.5933956152824926,0,1,5,9,0,0,5
2.5934716786482164,106,393,109,140,21,23,149
2.593606397515191,5,14,28,39,6,2,13
2.5936321269083207,4,62,83,18,11,2,17
2.593774746593098,1,22,2,3,1,2,5
2.5938362726841975,2,3,0,1,2,1,2
2.593902341163744,12,36,5,2,1,2,0
2.593908273503149,0,11,21,4,2,0,13
2.593935471140692,3,10,5,20,6,0,26
2.5940142270801054,14,49,17,19,5,2,13
2.5942321937589057,8,51,40,38,8,8,22
2.594275148190316,1,0,0,0,0,0,0
2.5943126259814404,1,4,14,1,4,1,1
2.594353682434084,0,0,0,0,1,0,2
2.594468335356885,0,3,5,0,0,2,7
2.5944904703217992,7,7,0,18,0,0,0
2.5945352902562893,0,4,0,0,0,0,0
2.5945578974448895,0,49,31,19,8,1,68
2.594623925352205,1,4,6,12,3,1,17
2.5946962047725086,1,0,0,0,0,1,0
2.5952383782502557,5,17,13,19,5,7,54
2.5952751361441067,0,0,0,0,0,0,0
2.5952815971172716,0,0,14,5,3,2,3
2.595486202940272,79,229,75,53,21,14,108
2.595613495360304,4,21,29,22,12,3,45
2.5956147736068336,2,0,0,0,0,0,0
2.5956381949162517,2,13,11,9,2,2,14
2.59564858289049,76,244,0,4,0,2,0
2.5956501632687012,12,97,107,39,11,7,166
2.5959307756728616,80,234,113,85,42,26,122
2.5961170191403973,1,25,3,5,0,2,5
2.5962527273129736,1,0,0,0,0,1,0
2.5962625880369843,1,12,5,15,1,2,15
2.596266950902548,16,47,44,25,4,8,46
2.5966258374782054,0,0,4,0,0,0,0
2.5969247075882076,2,7,17,9,0,0,6
2.596956079696805,2,0,0,0,0,0,0
2.597068183473964,1,2,0,0,0,0,0
2.597169394275569,0,0,0,0,0,0,1
2.5972879981109425,3,9,20,18,1,0,23
2.597371809791244,2,8,0,3,0,0,9
2.5974302724353477,0,0,0,0,0,0,1
2.597569150226107,14,46,53,15,11,7,35
2.5976255257729917,2,5,7,11,1,2,8
2.5978355872446826,3,15,30,6,0,3,25
2.5978926312410917,0,0,0,5,0,0,0
2.5981603158356354,0,0,0,0,0,0,0
2.5982326273170164,1,9,0,1,2,1,13
2.5982992688116138,0,0,0,1,0,0,0
2.598493603956882,3,9,27,23,4,2,2
2.5985016685355165,1,0,1,9,0,0,1
2.5985308415481017,2,0,0,11,0,0,11
2.598584900366395,4,16,3,3,1,3,10
2.5985916755341743,5,10,11,2,5,0,5
2.598857348450859,0,10,0,2,0,0,5
2.59892744196784,5,1,0,0,0,1,4
2.5989469426364895,59,180,52,59,9,29,32
2.599227935669211,0,0,0,0,0,1,0
2.5992931799604624,5,20,18,22,3,3,3
2.5994533929011396,0,3,5,5,2,1,0
2.599644244382833,0,0,0,0,0,0,0
2.5997656828793017,8,63,105,65,20,15,96
2.5998545118431986,4,9,9,1,4,0,14
2.5999533998317172,0,0,0,0,0,0,1
2.600031481868693,18,65,57,35,13,4,64
2.6002384762181303,9,24,25,55,6,3,55
2.6003389980634233,1,5,20,9,5,1,11
2.6003557194638303,9,12,9,0,4,3,3
2.6003766762808818,4,29,27,29,3,1,11
2.600477157581437,3,5,6,1,0,3,2
2.6005394177854946,0,2,1,2,1,1,1
2.600549817701404,0,1,0,0,0,1,3
2.60064545961563,7,19,4,7,2,1,16
2.600653382434559,0,9,6,4,1,3,13
2.6009451065765568,0,2,0,3,0,1,0
2.6009778139643376,7,9,50,18,5,5,40
2.6010653349403685,131,1702,468,349,34,29,333
2.601079275781485,1,13,9,19,4,1,59
2.6012536955472343,0,0,0,0,0,0,0
2.6014971142623744,0,0,0,0,1,1,0
2.60157036034753,0,1,4,10,3,0,3
2.6020404187910424,0,2,0,6,2,0,6
2.6020459349400222,8,8,9,19,5,7,10
2.60216641340819,4,18,21,5,6,6,35
2.6025223086291454,0,30,12,2,1,2,10
2.602581996336108,4,1,8,4,4,0,14
2.602655640510978,0,1,5,0,0,0,0
2.6029559700663105,1,0,1,0,1,0,0
2.6029930485500117,2,19,16,18,2,2,12
2.6030092341163953,8,21,10,5,3,3,0
2.603030434823668,0,0,0,16,1,1,1
2.603050119797201,0,3,1,0,0,1,15
2.6030821758028817,11,37,88,29,13,5,108
2.6031003347323853,20,32,24,20,13,3,18
2.6031375859663144,8,45,26,11,7,3,19
2.6031743158945972,3,0,0,0,0,0,0
2.603280351558524,4,6,6,6,3,2,6
2.6034034209865533,3,1,27,9,5,1,0
2.6037051758346403,5,11,22,16,2,2,19
2.6037844888898927,4,20,11,11,5,4,16
2.6039044994101355,0,0,0,0,0,0,0
2.603907540214179,0,4,0,0,2,1,0
2.6040793138963103,2,16,5,0,1,1,3
2.604081468521036,0,0,0,0,0,1,0
2.6041857864314006,0,0,1,1,0,0,0
2.6046738160061427,16,30,50,48,18,8,58
2.604728049698999,8,17,52,24,9,6,53
2.604729761986489,29,75,105,50,28,5,94
2.60474192401658,0,0,0,0,0,0,0
2.604751495198059,7,13,15,19,9,3,15
2.604807079395895,2,0,0,0,0,0,0
2.6048851763273064,7,2,2,1,1,0,3
2.6049293867903582,2,23,7,0,3,0,13
2.605042494217028,0,0,0,0,0,0,0
2.605096160454799,10,29,28,52,2,4,29
2.6051556870944257,1,0,0,0,2,0,1
2.605241018503161,2,9,13,2,3,4,16
2.6055096762451155,5,17,11,14,6,3,12
2.605635812200831,6,21,21,7,6,3,25
2.6063705121024245,0,1,4,7,0,0,5
2.606508031691197,3,3,3,3,0,0,5
2.6065836156494298,85,183,53,77,29,29,84
2.6066615287056503,2,0,1,0,0,0,0
2.606754877672118,0,0,0,5,0,0,0
2.60693029553023,2,16,8,14,3,1,12
2.606931831948709,5,3,1,11,3,3,9
2.607108503251347,0,1,0,0,1,0,0
2.607279135670368,1,0,5,7,0,2,22
2.607325133696499,1,0,7,6,2,1,23
2.607371074438683,6,16,15,31,3,5,18
2.607395642033974,1,8,4,2,1,1,3
2.6075024234020057,1,19,34,9,2,4,18
2.6076029199776074,1,4,4,11,2,1,7
2.607677425287661,16,25,30,18,10,4,16
2.607687044336688,4,30,14,7,5,5,33
2.6077524536998444,3,0,0,0,0,0,0
2.6078881502934217,203,2063,394,298,48,46,356
2.6079765180757715,0,24,11,0,2,1,12
2.6081939615752487,6,27,74,31,8,1,28
2.608254995871741,13,17,44,7,10,9,59
2.608336977692488,38,155,202,156,44,24,238
2.6083757365697946,3,4,0,0,2,1,0
2.608630571642665,1,0,0,0,0,0,0
2.60870134453597,0,0,0,0,0,1,0
2.608732672970998,0,0,2,0,1,1,3
2.609032255641482,1,26,5,5,1,3,12
2.609085143463524,1,7,7,0,1,2,4
2.609110138806377,1,0,0,0,0,0,0
2.609231889819581,0,3,0,7,1,1,7
2.609302794936392,1,1,0,2,1,0,1
2.6094135656780817,0,10,15,9,5,3,7
2.609483315088754,10,48,96,50,23,10,111
2.6095548512455675,10,43,20,23,9,5,11
2.60959737456179,0,0,0,0,1,0,0
2.60968442562686,2,11,11,2,2,2,11
2.6096876070016335,2,9,13,8,5,1,30
2.609708578440651,4,7,11,29,11,2,14
2.6097257860864316,0,0,11,0,0,0,18
2.609924184157324,2,7,5,3,1,0,2
2.609947566865511,7,24,13,35,7,4,4
2.609952621132902,4,11,11,8,3,1,19
2.6100079323255687,7,29,10,27,4,3,28
2.6104697247230795,1,0,0,0,0,0,0
2.6105840794053807,1,1,8,8,1,2,17
2.610677085775129,6,11,10,0,6,5,32
2.6111177181886744,7,12,5,9,5,3,1
2.611141229736572,6,10,12,0,6,2,37
2.6111759357218634,11,30,24,15,8,4,15
2.6112262811217075,8,24,31,44,6,6,52
2.61126850111589,5,40,27,32,4,5,28
2.6113321949333117,0,0,1,0,0,0,0
2.6113357784083906,3,0,0,1,1,0,0
2.611415587386688,2,6,12,12,1,1,14
2.611446128885067,0,17,26,13,2,2,37
2.6115130428370956,1,5,1,23,3,0,0
2.6116670072123713,10,13,34,28,8,6,58
2.611727457706454,1,0,0,0,0,0,0
2.6118104195211904,17,51,36,38,7,12,90
2.611831277497592,2,0,0,0,0,0,0
2.6120266004759958,291,6958,6571,2605,248,112,6079
2.6120493557462834,2,13,19,7,5,10,26
2.612078045753261,1,1,3,5,6,0,2
2.6121109945559593,3,7,12,6,6,1,3
2.612116408078689,0,23,13,0,0,0,0
2.612540721110041,6,20,11,17,5,2,18
2.612858958582283,0,0,0,0,1,0,3
2.612901259651596,7,20,25,14,9,1,29
2.612932049593132,3,3,4,5,1,1,5
2.6131064747816066,0,0,0,0,1,0,0
2.6131792064976245,1,0,0,0,0,0,0
2.6133780917020406,0,3,12,0,0,2,4
2.6133914819259636,4,42,60,76,11,9,140
2.613434666392636,3,5,2,2,1,1,3
2.613712067716159,0,0,0,0,0,0,0
2.614083678130744,5,27,36,55,12,1,30
2.6142465092760134,0,0,0,0,0,0,0
2.6143648448474934,10,12,28,13,6,3,12
2.6144880640598793,0,3,14,13,4,1,11
2.614798172751503,145,409,108,79,33,25,120
2.6148321181090832,4,24,62,32,16,1,98
2.6148328992590018,0,0,0,0,1,0,0
2.614833809276627,2,0,0,1,2,1,3
2.614953130487122,2,6,12,4,1,0,10
2.615099412147496,101,195,69,64,23,19,77
2.615231689081176,1,4,0,19,0,3,1
2.615304947418356,2,0,3,1,0,0,3
2.615781544741036,2,11,28,12,5,3,16
2.615941466859039,5,23,25,1,4,1,14
2.615962171484561,0,4,13,7,7,6,60
2.616209527221404,5,3,24,4,2,1,12
2.6162339874858445,0,0,11,0,1,1,0
2.6163148858947043,5,10,34,15,3,5,25
2.6163627766859627,3,8,12,7,4,2,38
2.616369457792811,2,0,0,0,0,0,0
2.61661670335401,1,4,0,2,0,2,0
2.616838179935084,3,10,15,13,4,2,12
2.6168456726362974,6,34,46,38,10,4,35
2.6168693194440698,1,2,5,2,0,1,0
2.616893161541824,11,38,32,9,4,5,17
2.616898055566164,0,1,0,0,0,0,0
2.6169050394514106,1,4,0,0,0,1,6
2.6169085562360213,21,125,383,287,62,27,504
2.6169839814362503,5,18,22,29,2,2,26
2.6171105400314136,1,3,6,0,0,0,4
2.6172321614575114,7,8,17,7,3,1,6
2.617244755630599,1,16,10,5,1,1,2
2.6172959068902735,0,0,0,0,0,0,0
2.617365225709266,13,46,54,54,15,5,24
2.6174344166787513,2,6,0,0,0,0,0
2.617601951850278,21,53,190,199,44,22,166
2.617621866594527,3,0,1,16,3,0,3
2.617701619854227,3,12,21,8,9,3,12
2.6178164275845957,5,16,16,13,9,6,12
2.6178587357473333,5,13,12,12,1,1,15
2.6179767503121973,17,76,43,62,20,9,109
2.6181280701485234,1,1,0,14,3,1,2
2.6181337345237754,0,0,0,0,0,0,0
2.6185657404855442,2,6,14,2,6,5,12
2.618632300903335,2,0,13,0,3,0,3
2.6186666306333937,0,0,0,0,0,0,0
2.618748063607624,7,15,16,5,5,7,20
2.6188475523075683,1,27,6,20,2,0,17
2.618864491281856,14,19,53,53,14,11,24
2.6193562108508743,5,0,5,11,2,4,18
2.6194064392053247,2,12,4,36,4,2,3
2.6195523567806966,6,3,9,2,4,2,3
2.61956506656276,1,0,4,10,0,1,31
2.6196023130949606,12,39,72,95,14,7,36
2.61961256860197,28,69,74,81,14,17,64
2.6197920407919226,0,0,3,0,1,0,1
2.619794677467688,1,6,13,0,4,1,6
2.6198043546765617,1,11,5,19,5,1,3
2.6198221024439743,12,42,61,50,15,6,43
2.6198455077805916,12,33,0,5,2,0,28
2.6199912370916554,2,27,0,0,3,0,0
2.6200365418163347,8,20,36,17,10,9,15
2.620039342769475,0,0,0,0,1,0,0
2.620164544093535,0,12,11,10,3,3,9
2.62062385353902,2,7,1,4,0,1,0
2.620700419035009,7,56,30,11,8,5,52
2.6207926738969842,0,0,0,0,0,1,0
2.6210336435160975,1,24,18,36,8,2,54
2.6211781337953877,3,27,0,0,1,0,0
2.621673239595826,1,1,2,0,1,0,12
2.621961819805698,80,114,44,42,23,14,49
2.622005728683169,1,12,1,17,7,2,3
2.622061995880287,8,13,4,8,3,2,15
2.6222628427044548,0,11,0,3,0,1,1
2.622298173053932,3,28,29,44,12,3,30
2.6223600799356115,31,68,33,35,7,10,11
2.622379175240633,1,12,10,16,1,2,9
2.622401235775388,0,2,1,2,1,2,20
2.622680567729912,147,412,162,124,59,58,187
2.6227295208797283,37,81,33,21,20,8,37
2.6231227653695854,10,45,18,70,8,6,13
2.623259079798041,2,8,0,11,2,1,1
2.623260066399447,0,6,2,0,0,0,0
2.6236472847673764,1,26,6,8,2,3,9
2.6239420983257733,0,0,0,18,1,1,0
2.624146210866174,1,1,2,1,0,1,5
2.624168874775347,0,0,0,0,0,0,0
2.624355470106419,3,0,0,5,0,0,9
2.624365277080401,9,15,18,20,9,4,14
2.624422164798902,2,3,26,7,1,3,9
2.624427354400356,2,24,21,0,2,2,15
2.6246058198458875,3,2,4,23,2,1,2
2.624659696611391,101,315,148,74,48,27,130
2.62472589907802,0,2,0,0,1,0,4
2.6248111343491622,2,13,16,20,3,3,37
2.625173703578761,161,743,80,66,22,27,62
2.625205760084995,98,202,58,157,34,37,88
2.625307301728852,7,6,9,28,6,1,17
2.625549076483012,0,0,0,0,0,0,0
2.6255662320149042,3,0,0,0,0,0,0
2.62562221167427,8,7,59,15,7,5,71
2.625636281349697,1,16,12,12,2,4,7
2.6259251605325096,2,1,1,5,0,0,1
2.625928503604663,4,9,4,2,5,2,4
2.6260740528080064,8,30,30,28,5,9,40
2.6263429114439316,0,4,0,0,0,1,0
2.626391550225093,1,5,18,2,3,1,17
2.626406244777101,6,14,14,9,6,10,31
2.6264656102225685,2,14,9,17,4,6,37
2.6267063406897506,0,0,0,0,0,0,0
2.6271202155496476,1,11,9,0,1,2,1
2.627156937957359,1,2,0,1,0,1,0
2.6272239272344473,5,2,2,1,2,0,6
2.6272321310572204,1,0,0,0,0,1,0
2.627349749798762,0,0,0,0,0,0,0
2.627394086702258,2,2,10,0,3,0,0
2.627686857560673,0,0,0,0,0,0,1
2.6277708154134594,6,35,17,2,6,2,20
2.627918849129624,0,2,2,0,0,1,1
2.628165603082429,2,24,17,11,3,4,0
2.6282226365606447,0,10,3,0,1,0,0
2.6283065346197176,5,29,27,33,2,4,15
2.628419212918673,2,0,0,0,0,0,0
2.6285082788890994,0,0,1,18,1,1,5
2.628656071823896,0,1,0,3,1,0,2
2.6288612183608846,3,30,10,14,6,1,13
2.6290250758154605,1,8,11,8,1,4,9
2.629029646415631,0,0,0,11,1,0,0
2.6291728980022193,2,4,10,6,1,1,1
2.6294971832413463,11,40,11,7,3,4,12
2.6295085157433227,4,12,16,11,4,3,23
2.629674900287097,2,17,23,3,5,1,7
2.6297311069866223,1,1,4,8,2,2,4
2.6298952958893786,3,8,12,16,3,2,14
2.629963704803227,4,15,25,5,5,2,30
2.6300485987332234,0,18,6,14,0,0,4
2.630640086825571,2,8,4,2,0,1,6
2.630751001761829,4,8,14,38,7,6,34
2.630808015620662,3,6,9,8,2,0,6
2.6310285897087407,5,5,5,10,4,1,10
2.631082788356587,0,16,0,6,1,0,5
2.6310890945887357,0,0,0,0,1,0,0
2.6311433469460974,0,0,0,0,1,0,0
2.6311918767580784,1,11,4,5,2,2,2
2.631482764802552,0,0,0,0,0,0,0
2.631809708527545,4,8,14,1,3,1,17
2.6318485627486607,0,0,3,3,3,0,12
2.6318752456676,0,3,5,14,1,2,25
2.6319382676723007,19,97,103,102,33,17,100
2.6319541307520646,6,19,24,24,9,4,23
2.63196007070122,0,0,0,0,0,0,0
2.631999171481018,62,82,45,20,18,23,39
2.6321803310035587,1,0,1,0,3,0,0
2.6322319686578144,1,1,8,3,2,1,11
2.632330212579794,0,0,0,8,1,1,5
2.6324788884172357,0,0,0,0,0,0,0
2.6324914498615937,193,1141,2263,1488,397,116,2370
2.632508280151768,22,35,85,81,23,10,86
2.632516566721497,0,0,0,0,0,0,32
2.6326127872764915,9,47,39,28,4,1,23
2.6326643575063557,0,0,5,18,1,1,5
2.632697339664697,0,0,6,2,0,0,3
2.6327260756901234,0,2,5,5,0,0,7
2.6327572376488924,0,23,9,7,3,3,21
2.632802790270964,102,418,186,41,42,16,166
2.6331811155463156,6,0,9,6,4,0,35
2.633262145383947,1,3,1,5,1,1,12
2.6333975216318932,70,180,54,50,21,22,49
2.633608046800288,10,25,17,17,6,7,18
2.6336529190638256,2,4,17,5,2,0,11
2.633782419936926,2,2,1,0,0,0,1
2.633870922352977,1,0,0,0,0,0,0
2.633906726217832,0,0,0,0,0,0,0
2.634081109918023,0,0,0,0,0,1,0
2.6342207567315543,63,112,54,52,33,22,63
2.6343990429370723,5,7,14,12,5,2,30
2.6346979056344573,8,8,23,40,12,4,45
2.6347480328634285,10,28,0,0,0,1,0
2.634936401189808,1,1,0,0,0,0,0
2.635103885395858,1,0,12,0,2,1,8
2.6354456210407746,3,7,8,2,1,3,0
2.6355551137728037,1,0,0,0,1,0,0
2.6360024738487096,0,3,1,1,0,2,1
2.6361186760655273,0,0,0,0,0,0,0
2.6361238838371714,1,7,19,7,9,4,15
2.6361442422671355,4,5,4,7,3,0,5
2.6362526723455577,1,0,1,4,0,1,3
2.636270678131667,1,0,0,1,1,0,0
2.6362728730502307,5,10,7,14,2,2,1
2.636410093811103,0,5,13,20,1,1,23
2.636870227788585,0,0,4,18,3,1,0
2.6369279862646815,1,6,9,3,2,0,0
2.6369344904620227,3,10,18,17,2,3,6
2.6371134304263943,1,1,10,1,5,2,44
2.637313525193645,1,0,0,0,0,0,0
2.6374223095393967,6,17,18,11,5,6,8
2.6374291689198834,0,4,1,7,1,1,11
2.637684531170957,0,0,4,0,0,0,1
2.6377032529896915,3,3,29,0,4,1,4
2.637735167195377,9,24,14,40,11,3,31
2.637759568250992,35,47,21,13,16,9,17
2.637782314285637,3,7,18,8,4,1,6
2.6379283070601582,0,2,1,0,2,0,0
2.637969274799382,5,10,27,17,8,5,20
2.6381381915393813,11,17,14,2,3,5,17
2.6381531875728736,12,23,48,37,13,5,39
2.63829464776344,0,0,0,0,0,0,0
2.6383861574361758,4,10,0,8,4,0,3
2.638421240915083,5,9,1,9,5,4,16
2.6386327228196556,5,15,32,17,9,2,31
2.638776830117278,0,7,3,0,0,0,3
2.6389555792299615,17,57,70,3,0,11,16
2.639046924460964,7,30,22,25,7,3,45
2.6391872833777907,1,5,15,42,7,0,87
2.6394574185813235,1,0,0,0,0,0,0
2.6394664920117434,2,5,27,15,2,3,13
2.6394744548452036,0,0,0,0,0,0,0
2.6395668214311074,9,4,6,15,7,3,16
2.63957562974775,9,28,15,11,4,2,16
2.6396906185410316,46,127,79,118,17,14,58
2.6400807773464803,94,352,96,52,25,21,99
2.64010878670876,15,36,18,41,6,8,29
2.6403119068248824,3,2,14,3,2,3,9
2.640376643449844,12,26,5,9,2,0,1
2.6405123968463835,8,40,27,13,4,3,42
2.640541496007939,3,6,3,12,4,1,11
2.6408589855116977,1,0,0,0,0,0,0
2.641024224328494,0,9,21,9,3,0,7
2.6413158378541404,0,36,3,5,2,0,0
2.6413347569338677,178,648,103,73,46,20,97
2.641627122163379,0,0,0,2,1,1,0
2.641713636193115,0,0,0,0,1,0,0
2.6419182255416294,0,3,2,1,4,0,4
2.6421958069552187,0,5,0,6,0,1,0
2.6422167316873377,4,14,2,42,6,7,16
2.6424024133936745,0,0,1,0,1,0,1
2.6426151206515516,11,18,16,33,7,9,23
2.642800515410762,1,2,0,0,1,0,2
2.6428078038155363,7,46,51,35,9,6,64
2.642810095721676,0,7,0,0,2,0,1
2.642978727035252,1,0,0,0,0,0,2
2.6431226785132735,12,22,19,16,8,7,16
2.6432532172709307,0,0,0,0,1,0,0
2.6433192926337585,3,17,7,0,4,2,0
2.6433559002848224,2,1,3,13,0,1,9
2.6436014696220997,0,1,3,9,1,0,10
2.643617536484767,3,19,6,11,3,4,21
2.643618725346317,2,4,1,0,2,1,4
2.643623164187956,1,11,10,0,2,0,6
2.643668066289591,0,0,0,0,0,0,0
2.6437666619667732,6,4,16,19,0,3,2
2.6442025008852927,2,2,0,0,1,0,0
2.6442574808728496,0,3,6,0,1,0,6
2.644290213684409,3,7,4,0,1,1,2
2.6443627014990083,0,0,0,0,0,0,5
2.6444145376667088,3,1,1,5,2,0,2
2.644557572957089,4,4,31,53,6,2,17
2.6445990107973683,3,3,2,0,0,1,6
2.644614517114532,861,4102,2331,1782,387,348,2368
2.644653839257316,2,0,0,0,0,0,0
2.6450683488138136,3,2,0,3,1,2,1
2.645075310389316,0,0,0,0,0,0,0
2.6451187115947477,0,14,4,2,2,2,15
2.6454500295035617,2,0,0,0,0,0,0
2.6454710468711804,0,0,0,0,0,0,2
2.6454732121604008,7,23,26,15,12,3,35
2.6455862357993407,9,32,39,23,7,8,19
2.6455864344791378,8,24,8,5,10,5,9
2.64588682002631,1,1,9,10,1,1,12
2.6460764241460413,3,3,5,10,4,1,11
2.6460972524672277,13,40,23,15,5,8,9
2.646104741471241,0,0,0,1,0,0,0
2.6463664938048814,1,0,2,12,0,1,4
2.6466449816099753,1,5,6,10,3,2,2
2.6468495156949423,107,290,237,271,85,39,269
2.646935045719642,5,20,28,7,7,4,40
2.6473885713364385,4,13,5,1,2,0,6
2.647457696187424,6,34,29,28,7,4,23
2.647475465840428,26,33,9,5,6,3,8
2.647581845030973,0,9,9,7,3,1,2
2.647649436387928,3,12,9,17,7,1,22
2.6477568025193694,11,23,23,9,4,5,14
2.6477730016050756,4,27,12,7,5,4,34
2.6477923494455196,4,10,11,4,0,2,2
2.6477993698262794,0,0,0,0,0,0,0
2.647863991860497,1,1,0,1,0,0,0
2.6478963628659304,1,0,0,0,0,0,0
2.64791067349425,11,48,0,7,0,1,0
2.6479171968955484,2,5,2,4,1,0,3
2.648035438089842,1,9,6,4,2,0,3
2.648151762402167,0,0,0,0,1,0,0
2.648176644835621,2,17,21,12,3,3,32
2.6483716839038247,3,9,0,0,0,1,0
2.648489810249403,10,49,57,24,5,8,35
2.648671307569744,8,3,6,13,3,0,36
2.6488912337020087,2,11,4,30,8,1,11
2.6489635292250187,3,10,21,0,1,1,8
2.6490467787456424,0,0,0,0,0,0,1
2.6491332928703932,52,134,53,19,23,13,51
2.649169594405586,3,5,10,7,4,0,0
2.649273246982703,0,3,3,0,1,0,3
2.649279429533691,22,89,76,139,17,14,111
2.649309633900279,0,0,0,0,0,5,0
2.6495302301200705,2,11,4,2,2,1,2
2.6495833816808063,1,0,1,1,2,0,0
2.649930274896798,12,15,16,15,7,2,3
2.6500117065701105,0,0,0,0,1,0,3
2.650132460296212,3,15,17,10,7,2,5
2.6501567937546464,2,0,0,0,1,0,0
2.650311228097289,0,0,0,4,1,0,2
2.65044925101911,18,28,21,24,11,6,14
2.650601201126804,1,4,0,7,0,1,6
2.6506454089119718,3,12,0,19,0,0,0
2.650718751147254,2,5,8,1,0,3,28
2.650725070500036,1,0,0,0,0,0,0
2.6507444343710054,2,1,10,14,0,5,9
2.6507961348318685,2,7,4,6,8,2,8
2.65085184134359,1,2,2,4,0,0,6
2.6508669584331157,3,1,11,1,2,0,3
2.650918202794226,2,18,6,0,1,0,17
2.6510790584939703,286,1530,574,339,141,58,500
2.651114961569714,16,62,45,34,12,8,60
2.65137691893845,2,11,12,7,5,0,41
2.6515263912003633,8,32,30,7,4,2,18
2.651634744574749,1,0,0,0,0,0,0
2.6518092812016105,3,0,0,4,0,1,0
2.651918444499783,2,25,19,35,4,4,25
2.651980871460038,5,16,0,0,1,1,0
2.6521423809008238,0,0,0,0,1,0,0
2.652239140231743,1,20,1,0,1,0,0
2.652297678770932,6,26,25,26,3,3,17
2.652412583923552,0,9,0,9,2,3,32
2.6524507357914517,0,2,0,0,0,0,2
2.652643447651399,4,14,17,5,3,0,13
2.6528099308838287,43,120,86,42,27,21,65
2.652933236886049,41,59,17,42,6,20,15
2.6529613916304284,78,149,57,52,22,18,108
2.653143530761635,0,0,0,0,0,0,9
2.653394445628074,2,32,3,15,4,3,22
2.6542748743274602,1,17,7,1,6,1,11
2.6543933637970816,1,8,10,7,5,1,11
2.654574682126149,2,17,6,0,1,1,14
2.654637842562653,0,0,0,0,0,0,1
2.6546870389481705,0,24,0,3,0,0,0
2.654788030967197,1,5,4,1,0,0,0
2.65482108881613,0,0,8,0,1,0,0
2.6549835785323364,0,0,0,0,0,0,0
2.655330741633946,6,8,6,1,5,1,7
2.6556563461097706,9,19,14,5,0,4,4
2.6558458775365077,7,47,23,40,4,7,19
2.65596676059558,2,20,17,45,4,7,21
2.6562444225224437,3,9,6,5,1,1,3
2.656307731102028,0,0,0,0,1,0,0
2.656431425432629,17,78,30,51,6,7,38
2.656517692559739,11,25,11,11,4,4,34
2.656569870524845,3,21,4,18,4,0,0
2.656735024225838,2,7,5,0,1,3,8
2.6568690046930206,1,2,8,7,2,1,3
2.656944594938247,0,0,0,0,0,0,2
2.657054446235114,2,1,11,2,4,0,7
2.6571933576688105,24,44,28,15,3,3,30
2.657253263749245,1,4,3,24,3,0,3
2.657281016996647,2,0,10,4,0,0,0
2.6573815743220037,1,0,0,0,0,0,0
2.6574125947601113,0,0,0,0,0,0,0
2.657413143262946,3,2,1,0,2,0,0
2.657499210409949,1,1,0,0,0,0,0
2.6576525294637947,0,0,8,1,0,0,2
2.6577189027729697,2,9,3,8,3,1,19
2.65785395006123,49,95,144,79,32,12,137
2.6580188493335024,0,0,0,0,0,0,0
2.6581115457031492,3,2,11,7,4,2,15
2.658224176977959,6,12,6,3,0,3,6
2.6582977888455637,0,0,0,0,0,0,0
2.658326097697377,3,19,8,15,6,2,14
2.658499949409431,2,4,1,10,1,1,0
2.6585212233626363,4,22,5,12,1,4,12
2.6589430231603632,0,0,0,0,0,0,0
2.659108982398453,8,31,33,42,8,2,17
2.659193452180474,1,8,4,4,3,1,1
2.6592600556338044,0,0,0,0,0,0,0
2.659460253512461,5,31,9,7,4,3,12
2.659517506105336,1,9,5,4,2,2,3
2.659655593264303,1,3,4,0,4,1,2
2.6599363725616985,0,0,0,0,1,0,0
2.659978329902145,12,11,3,10,1,3,0
2.659986234692626,0,1,9,0,1,1,11
2.6602449942830644,10,7,3,10,1,2,34
2.6605190831669296,1,6,4,3,2,1,2
2.660663061480487,11,31,39,47,8,8,62
2.660874171266776,15,23,9,11,5,4,9
2.6609792093047915,7,22,19,34,17,8,23
2.661466027124827,0,0,0,0,0,0,0
2.661481293401534,0,7,0,0,1,0,0
2.6614954517777973,2,24,12,39,2,1,35
2.6617733373343784,13,22,12,12,2,4,1
2.6619406501508083,85,175,61,56,47,38,67
2.661966870139199,0,0,0,0,0,0,0
2.661968702092738,3,23,17,49,1,6,6
2.6620013706208416,0,0,0,0,0,0,0
2.662102662342822,0,0,0,4,0,0,0
2.662155471120372,149,420,218,124,40,45,234
2.6625025436893437,6,28,34,11,6,7,49
2.66250972956861,10,7,0,5,1,1,0
2.662535970192481,97,289,154,64,35,26,104
2.662582987083974,0,0,0,0,2,0,0
2.6626253607488346,2,13,8,0,2,0,6
2.662899154886619,0,0,0,0,0,1,0
2.6629768158149187,5,14,1,7,3,1,11
2.6631720832603047,1,6,10,2,1,0,5
2.663450329958705,3,4,10,9,1,3,4
2.6635014674505855,2,1,1,8,0,0,0
2.663554937278303,0,0,0,0,3,0,0
2.6636027677033347,4,3,1,7,4,0,9
2.663729784963579,8,27,59,1,4,2,7
2.663746063744477,1,9,3,0,1,0,1
2.6637683239980703,0,0,0,0,0,0,0
2.6638449318289283,1,3,0,0,1,0,0
2.663942601704936,1,1,5,0,1,3,6
2.663952105116164,0,0,0,3,0,0,0
2.6641107829252673,2,31,17,10,7,1,14
2.664115198950787,131,391,182,230,67,32,190
2.6642260388814907,24,64,49,7,10,9,14
2.6642564874090793,4,5,9,7,5,2,11
2.664631271697108,0,1,0,0,0,0,0
2.66466302866414,2,7,12,26,3,1,8
2.664763845833685,1,41,21,39,6,3,23
2.6648199146241094,0,0,1,4,0,0,0
2.6648683220846254,1,0,0,0,0,0,0
2.6649793376795468,3,4,8,11,5,1,4
2.6649907460434155,0,0,0,0,2,0,0
2.66537174966599,2,15,6,10,1,0,1
2.6654486660618173,1,6,5,1,1,2,1
2.6654854067124174,3,9,21,9,4,5,28
2.6655675242248433,0,1,3,0,0,0,0
2.6655966379016824,1,0,0,0,0,0,0
2.665626466251912,0,0,0,0,2,0,0
2.6656753801249407,0,1,0,0,2,1,2
2.665727218700215,3,14,5,5,6,0,13
2.665771612107263,0,0,13,9,2,0,9
2.6659915840974615,3,11,13,27,6,6,14
2.666204107540191,986,9655,6507,6871,541,546,5806
2.666356356625139,0,0,0,0,2,0,0
2.666642568544837,0,0,1,1,0,0,0
2.666697481605295,0,0,0,0,1,0,0
2.6668257497183947,2,6,6,6,0,1,4
2.667116328266912,0,1,0,0,0,0,0
2.667135535221403,8,9,11,19,3,0,8
2.66732570646781,0,13,12,0,2,2,6
2.66772390309773,1,0,0,0,0,1,0
2.6677413208418628,1,6,0,5,0,0,0
2.6678517360271776,0,0,10,3,2,0,3
2.6678647050229576,2,4,0,1,2,3,16
2.667868495752834,1,0,0,0,0,0,0
2.6680245302639842,49,119,56,40,25,19,56
2.668038555605095,0,2,0,2,0,2,1
2.668145589823833,128,321,123,67,45,47,111
2.6682622824667224,26,61,55,62,10,13,35
2.6682799130576957,1,0,2,4,1,1,1
2.6683368314854423,0,0,0,0,0,0,0
2.6683531195623185,1,21,36,39,5,7,29
2.6686566819735593,1,2,1,6,0,1,4
2.6689775397680155,0,0,2,0,0,0,9
2.669037842929294,0,2,1,1,1,0,2
2.669094534036471,1,3,5,3,2,0,2
2.669122670651419,4,6,25,16,5,2,16
2.669127730753651,1,0,0,0,0,0,2
2.669310328271199,0,0,0,0,0,0,0
2.6693867051263895,2,0,1,1,0,2,2
2.66943152055223,3,5,6,3,4,1,8
2.6695023984370687,4,6,6,7,4,1,0
2.669613692407032,0,0,0,8,0,0,1
2.669625583058183,3,3,10,2,2,1,0
2.669805871802809,1,0,7,25,2,2,18
2.6698550789894013,5,7,8,21,1,1,7
2.6699109627543978,1,2,11,5,6,1,7
2.670518986426709,3,9,17,10,3,2,12
2.6706930923429795,212,539,291,279,74,51,249
2.67074750542524,4,3,4,9,2,1,44
2.6708906360947138,5,15,26,5,4,2,13
2.6709961055905174,4,6,2,6,1,1,0
2.6710480141264537,2,5,3,18,5,0,26
2.671268811987906,2,64,43,15,4,3,53
2.671494704342654,4,3,7,1,2,4,10
2.6716094814841083,1,0,13,0,2,0,0
2.671760629353433,69,128,62,25,21,12,66
2.6718233680285364,49,99,129,154,38,37,100
2.6721179972902154,10,18,131,49,25,7,119
2.6722005701512006,0,0,0,0,0,2,0
2.672420704050359,0,0,8,5,0,0,1
2.6724409233994004,0,32,0,0,1,0,0
2.672681564358561,2,15,30,22,7,5,15
2.6726994184640134,0,1,0,10,0,0,0
2.672749019510735,0,0,0,0,0,0,0
2.673222981181617,1,6,2,3,0,1,3
2.67331755824311,0,0,0,1,0,0,1
2.6733689740775306,3,9,6,6,0,2,4
2.673393579639826,28,94,99,125,16,7,97
2.673725452440279,4,7,7,11,5,1,8
2.6739215965434866,2,7,15,13,1,1,12
2.674197909933755,4,3,3,1,3,1,12
2.674277111935218,9,46,44,29,7,4,16
2.6744404147009826,4,2,5,0,3,3,9
2.6745078554195563,0,0,0,0,0,0,0
2.6745648971246507,3,9,24,0,4,2,14
2.674768439399613,118,239,78,141,38,38,82
2.6750991463707843,1,0,0,0,0,0,0
2.6751991132263013,0,0,1,4,1,0,0
2.6752072644733853,5,19,5,0,2,0,10
2.6753520749733988,0,0,0,0,0,0,1
2.6754724412229467,2,9,9,4,4,1,19
2.6757887766995463,1,2,19,0,0,2,0
2.675795330504247,1,0,0,0,0,0,2
2.675858757857618,11,29,16,11,13,3,32
2.675862957557432,128,507,634,343,161,66,793
2.6759659076379965,3,4,0,0,0,0,0
2.6760476837976594,2,0,0,0,0,0,0
2.676419253201487,3,7,8,6,4,1,3
2.6764994873296892,3,4,12,2,5,1,6
2.676507707332316,0,0,0,0,1,0,1
2.676547554717865,0,1,0,0,0,1,0
2.6765514852371477,0,0,0,0,0,0,0
2.6766388466417084,4,15,9,13,3,3,16
2.6767933191274222,0,0,0,0,1,0,0
2.676802414381648,75,154,38,71,29,18,72
2.676919590364802,1,0,3,6,1,0,8
2.676939696751734,4,16,10,15,1,1,17
2.6770022316882853,3,13,14,4,8,2,3
2.6770202407895223,4,0,0,0,0,0,0
2.677052260233403,12,17,20,27,2,2,41
2.6771089791802276,8,42,18,13,9,3,6
2.6771541700595582,1,1,1,0,0,0,1
2.677400408530981,2,7,7,4,0,3,24
2.6775130641959044,1,18,10,10,9,0,3
2.6775559132082214,4,10,0,5,3,0,4
2.677765381793059,1,0,0,2,0,0,0
2.6780061826856745,0,0,0,0,1,0,0
2.6780235168228224,10,27,21,41,12,5,27
2.6780559169657514,0,36,0,0,0,0,0
2.678279197981421,0,0,20,0,0,1,4
2.678291059657644,1,0,4,10,2,0,1
2.6783267473227323,1,0,0,0,0,0,0
2.6784744052197773,2,0,2,0,1,1,5
2.6784892883565954,1,17,17,1,0,3,8
2.6785423735209783,0,6,10,14,4,0,6
2.678595983889738,0,17,8,1,1,1,25
2.6790893439574734,3,78,36,21,9,1,53
2.6791503731765385,10,22,54,22,11,3,58
2.679970765110956,1,0,0,0,1,0,3
2.680020636089401,4,15,20,18,5,2,10
2.680040614577128,0,0,0,0,0,0,0
2.6802324919612506,4,21,20,7,3,5,15
2.68033473929911,0,1,9,3,2,2,5
2.6804729251075057,2,3,8,7,2,0,10
2.6805940552393213,0,5,6,5,3,1,0
2.680705669838709,0,3,2,0,1,0,0
2.6809215765784433,1,0,0,0,0,0,0
2.6809729841350234,0,0,0,0,0,0,0
2.6810868725967674,0,13,0,0,0,0,0
2.681188124700716,1,4,6,3,0,2,0
2.68123057778844,2,16,0,4,4,1,14
2.6812559286561726,0,0,0,0,0,0,0
2.681284597000596,7,15,5,15,1,1,0
2.681479888876872,4,26,15,6,10,5,11
2.681538482513026,7,4,1,23,2,1,2
2.6818601689279324,0,2,6,0,1,0,1
2.681861498183798,3,8,44,0,2,0,7
2.681867091989702,111,222,85,70,30,31,97
2.6819536964677617,25,78,18,41,7,11,41
2.6822609473569723,7,7,1,0,4,2,0
2.6824323914335007,1,1,0,0,0,0,0
2.6824706548707775,0,6,2,5,2,0,3
2.682760879849817,0,0,0,1,0,0,0
2.6829739462582087,99,211,75,38,32,21,75
2.6830646088011134,2,12,18,10,2,1,8
2.683153382855619,0,0,10,0,0,1,0
2.6832255820631215,0,0,0,0,0,1,0
2.68323186365564,5,12,23,4,3,7,12
2.683561320382376,1,23,8,6,6,1,19
2.683576347813453,1,10,1,2,1,3,1
2.683658212567771,1,4,0,17,2,0,2
2.6838186462711797,0,0,0,0,0,1,0
2.6838555563254456,2,2,7,9,1,0,5
2.6839666060193568,747,5607,2275,1019,287,229,2051
2.6842236050681105,2,5,9,8,2,4,3
2.684433190485885,1,7,0,1,1,0,2
2.684443948865531,3,7,9,5,4,2,6
2.6846756232293196,1,4,10,1,0,5,3
2.684792390350176,5,8,13,17,5,7,25
2.684905222326191,15,16,52,80,10,5,39
2.6849433144175867,1,3,3,2,2,0,1
2.6849562890550502,1,0,0,0,0,0,3
2.6849898215547383,9,15,29,6,4,3,7
2.685412137471929,4,34,20,6,3,2,17
2.6858319789712315,0,0,4,0,2,0,1
2.6859286320376956,7,44,28,19,8,6,29
2.685996652820646,4,14,7,14,5,4,8
2.686162854991589,13,20,36,24,14,8,58
2.6866483829802377,1,4,13,12,4,1,12
2.6868843578508543,76,201,55,44,20,17,28
2.687015792739325,30,44,35,60,18,13,24
2.6873683853536674,3,11,1,1,0,1,5
2.687513077229856,0,0,12,13,2,1,2
2.687564718803597,0,3,9,1,3,1,6
2.6877028492337796,0,0,0,0,0,0,0
2.6882512418090942,0,0,0,0,0,0,0
2.6882931865585844,1,2,6,9,1,0,0
2.6883567496914993,0,0,11,0,0,1,0
2.6884197894834014,18,16,7,2,6,5,13
2.6892683915347315,0,0,0,0,0,0,0
2.689830546578787,0,7,0,0,0,1,0
2.6898731632456703,1,1,9,12,4,0,2
2.6900920146074205,0,3,0,0,0,1,21
2.6901562566758956,347,1880,645,333,94,76,462
2.6903785767119373,3,4,6,20,4,1,16
2.690542159057809,6,11,11,8,10,1,18
2.6905481512648044,6,22,32,31,7,3,26
2.690659850697723,3,18,15,7,8,3,27
2.6906685818033096,4,2,4,18,4,2,8
2.6907089739511063,0,0,0,0,0,0,0
2.6909831466835197,6,20,52,35,8,2,43
2.6910582828953817,23,35,23,27,7,5,19
2.6910607404197022,97,195,71,58,31,28,64
2.69119303975782,0,0,0,0,0,0,0
2.691416818282158,6,21,33,5,7,2,25
2.691431218229801,1,7,4,0,1,0,0
2.6915385648035937,0,9,8,0,1,0,1
2.6917661292218313,0,4,2,4,4,0,10
2.6920022163701813,0,1,0,0,0,1,0
2.6921133035267313,3,10,5,16,1,3,9
2.6921371662059537,0,1,6,5,1,1,5
2.6922198299543396,1,2,5,2,3,1,16
2.692430873171099,0,1,8,0,1,2,0
2.6927141857612518,1,3,19,18,1,1,26
2.69271993828337,0,10,5,8,2,0,0
2.6927814126070633,0,0,0,0,0,1,1
2.6929443706234935,5,16,15,10,8,3,54
2.6930429812869976,5,5,5,6,1,1,5
2.6931262758356715,1,0,1,1,1,0,21
2.693145715122822,2,0,10,0,0,0,0
2.693150011255743,2,12,3,13,4,2,16
2.693205679766955,0,0,0,0,1,0,1
2.6932681199371307,0,0,0,1,0,1,0
2.693368976743618,0,0,0,0,0,1,0
2.6937486502428976,3,9,4,1,4,0,1
2.6937659031248535,4,9,17,7,7,4,17
2.6937949902281324,0,3,4,0,0,1,0
2.6937984532773322,2,16,0,0,1,0,8
2.6940122585646007,2,2,30,32,9,3,15
2.694147501210248,0,0,0,0,0,0,0
2.6943403150110967,5,12,0,6,2,5,4
2.6943826153531614,2,3,2,1,2,0,2
2.6946193226872004,0,0,16,1,0,2,0
2.694652074038117,1,5,1,0,2,0,9
2.694779004531877,113,450,545,493,93,88,694
2.694967593603928,2,12,10,12,1,3,5
2.6950964985968993,0,0,0,3,0,0,0
2.69530787396788,1,0,3,1,2,0,0
2.6953514241631935,0,2,6,0,0,1,0
2.695397484419455,10,26,25,2,0,0,0
2.695414946577895,1,3,2,6,2,0,10
2.695436111941172,1,2,2,0,1,0,0
2.695627807279248,0,0,0,0,0,2,0
2.695695967593379,5,8,0,3,2,0,1
2.695795454261138,150,487,427,358,153,98,410
2.695840876672756,1,11,3,9,2,3,71
2.6963473741658905,0,0,0,0,1,0,0
2.69634917037797,2,9,24,14,1,4,9
2.69655758431804,3,0,0,20,3,0,0
2.6968547116942267,0,1,3,0,2,1,0
2.696866217695928,1,8,7,8,2,2,16
2.6969326131689266,99,171,43,49,36,23,72
2.69695155960758,1,0,0,0,0,0,0
2.697051044001442,3,14,3,1,2,1,5
2.6971102177612134,0,0,0,0,0,0,0
2.6971595537896618,103,404,163,187,32,35,229
2.697181893514558,4,0,8,0,1,1,0
2.6972439315400325,0,0,0,0,0,0,0
2.6972813871815413,186,1928,6,127,20,22,28
2.697423624504934,0,18,2,4,1,1,9
2.6982586237586017,2,0,0,0,0,0,0
2.698302664789141,2,6,0,5,1,1,9
2.6983725692080553,7,54,18,40,4,6,28
2.6984698988204205,23,21,22,26,7,9,20
2.699250715288984,2,0,4,0,2,0,1
2.699393559816601,1,3,4,5,1,1,1
2.699419723421411,0,1,0,0,1,0,5
2.6994998485666692,0,1,0,0,0,0,4
2.6996398707254015,0,1,4,0,0,0,0
2.69983877905428,0,27,15,0,1,3,18
2.6998926720194847,108,170,120,118,45,37,68
2.7000820984022083,0,0,0,0,0,0,0
2.7002668932793035,2,7,0,0,0,1,2
2.7006019220400304,2,4,0,0,1,0,0
2.700793143357886,1,6,6,0,0,1,6
2.700881580595363,1,4,1,8,0,5,1
2.701145427022208,5,31,14,23,4,5,20
2.7011870981371664,510,3761,998,800,98,109,910
2.7012397269618313,6,12,16,6,4,2,26
2.7015239136268536,3,6,1,4,1,0,1
2.7017018154886396,17,84,43,26,5,13,19
2.7017493903353227,1,1,9,0,1,0,3
2.701884274697837,0,0,2,0,0,0,0
2.7019385237993885,0,5,3,0,1,1,0
2.701989084987312,5,3,8,2,0,3,5
2.7023647250407783,1,22,16,7,2,0,0
2.702724271662374,0,0,0,0,3,0,5
2.70306261819484,0,0,0,0,0,0,0
2.7033040282109284,3,3,1,8,6,3,7
2.703304722423017,2,5,2,0,1,0,0
2.7034665898122276,0,0,0,0,1,1,0
2.7036843525350154,22,71,193,143,58,25,250
2.704073143094979,0,0,0,0,0,0,0
2.7041469558902613,0,15,0,7,2,2,0
2.7041958510365527,2,0,13,0,2,1,16
2.704287227897439,1,2,5,0,0,0,4
2.704363990664007,14,19,8,9,1,6,4
2.704392393781718,1,19,0,0,0,0,0
2.704556352586582,0,0,0,0,0,0,0
2.7046484079055597,0,1,0,5,2,0,7
2.7047687449687965,0,1,8,1,1,1,0
2.7054879898624145,1,0,0,0,2,0,0
2.7057117091375216,316,1374,320,490,87,100,358
2.7057458983668266,1,10,15,2,5,3,7
2.7058655300201173,2,16,6,12,1,1,1
2.7058976421786722,0,0,0,0,1,0,22
2.705985192193695,8,41,15,27,11,9,18
2.7060478643134402,1,1,10,1,2,1,2
2.706052230037537,2,0,0,0,0,0,0
2.7062312804193978,2,8,9,8,3,1,31
2.706574908391247,0,0,0,0,0,0,0
2.706650321787306,0,0,0,0,0,0,0
2.706690676377515,0,2,0,0,0,0,0
2.7068287928076806,1,0,0,4,0,0,0
2.7069835309097825,4,7,2,3,1,0,12
2.7071844624331556,7,0,15,8,4,2,13
2.707258188670017,2,19,29,16,2,2,20
2.707279514313061,2,13,0,6,5,2,11
2.707511517454972,4,5,1,0,1,0,10
2.707991709185376,0,3,3,3,2,0,2
2.7082052725662398,0,0,0,3,0,2,4
2.7084509600581805,115,202,49,73,39,26,70
2.7084548784331965,0,1,7,5,0,4,4
2.708537602109036,0,0,11,2,2,0,5
2.7086419436073688,1,0,0,0,0,0,2
2.7087795052242827,79,111,81,121,27,40,52
2.7088222784759766,2,2,2,6,1,0,9
2.708872919777155,1,1,2,1,0,0,1
2.7088748881145244,1,0,15,0,3,0,0
2.7090799959910083,105,240,73,63,37,28,80
2.7091676980080437,1,2,1,0,2,0,1
2.709457284230657,1,0,10,1,1,3,9
2.7096234758007545,5,16,40,3,8,3,65
2.7098019871120673,0,3,6,9,2,2,27
2.70999148084643,2,22,8,5,8,4,16
2.71038281300418,4,17,3,6,1,1,1
2.7105000247015543,115,1470,124,113,16,17,86
2.7105005375210136,8,19,9,3,7,2,19
2.7105531704810364,1,0,0,0,0,0,0
2.710577598302573,0,0,0,1,1,0,0
2.7106087166692707,0,2,9,0,2,1,12
2.710614149217832,4,9,24,5,3,0,0
2.710923618545907,278,1439,634,346,100,65,516
2.71098368094402,4,0,1,4,0,1,0
2.71113864667933,12,20,4,8,8,4,14
2.7112550475705364,1,0,0,0,0,0,0
2.7113670807354437,1,0,0,0,0,0,0
2.711599345332665,9,23,38,11,3,4,29
2.7118467741570056,32,22,5,5,5,2,8
2.712058211254448,0,0,0,0,0,0,0
2.7122007326598183,0,5,9,3,8,1,17
2.712248309218902,1,0,0,14,0,1,0
2.7122636336566917,1,11,5,13,3,1,26
2.7123389836996714,3,12,1,0,2,0,1
2.7125520162653696,100,160,47,47,26,23,68
2.7126346452896763,14,19,4,9,1,6,4
2.712773679775975,3,0,0,0,0,1,0
2.712888196554648,0,4,0,1,1,0,2
2.7129978820161558,0,3,3,3,0,1,2
2.713420976107219,0,0,0,6,0,1,18
2.7134332861593915,0,0,0,1,0,0,0
2.7134534141878266,1,0,0,10,1,1,0
2.713465904548648,0,10,3,5,1,0,11
2.7135655476933946,2,0,0,0,0,0,0
2.7135843603118706,4,6,7,13,3,2,35
2.7141390750802423,1,0,7,12,1,0,6
2.7143611126976457,815,10035,5012,2681,310,285,3599
2.714433373359228,4,7,10,17,4,0,2
2.7146681115311315,4,18,9,24,2,2,7
2.7146936426987684,1,2,0,0,0,0,0
2.7148093331150864,1,0,0,0,0,0,0
2.7151106166627903,1,24,10,0,1,1,3
2.7151367693179536,4,31,38,16,2,3,17
2.7153602148831237,5,10,15,35,3,4,6
2.715399361321142,1,1,10,0,2,0,26
2.71568590791601,2,3,18,1,3,1,0
2.7157413403650157,1,3,6,0,2,0,0
2.715951917317554,2,11,19,2,2,2,19
2.7159904291282215,5,24,9,9,4,3,3
2.7160908167567337,4,2,7,2,2,3,8
2.7161260824477327,2,0,0,0,0,0,15
2.7163846731492045,0,1,10,8,2,0,0
2.716390784649076,1,0,0,0,0,0,0
2.7164807235281416,0,0,7,2,1,0,2
2.7165754660121437,10,56,35,47,7,10,19
2.7176131934127636,2,8,3,16,5,3,13
2.7177815684917785,1,2,12,4,0,2,2
2.7181005893235404,0,0,0,0,0,0,0
2.718164842163753,564,2227,1742,1973,216,267,1928
2.7181757511160094,36,30,18,4,10,10,11
2.7181910064002737,2,5,15,9,4,1,47
2.7182624377653566,1,2,2,0,1,0,9
2.7184935240282533,1,9,14,14,4,1,14
2.71853784728767,0,1,0,0,3,0,0
2.718558732706116,11,23,94,81,26,14,145
2.7187892020100275,6,5,0,0,0,0,0
2.719611422099989,0,12,1,16,1,2,7
2.7197456286429063,0,1,0,2,0,0,5
2.719801817123203,0,1,0,0,0,1,0
2.7201260297648178,4,10,19,3,5,2,34
2.7202082752287904,1,0,0,0,1,0,0
2.720261351892832,0,0,0,0,0,0,1
2.720554771895832,0,6,5,0,1,4,10
2.7205926789786212,6,5,2,0,2,0,0
2.720650941652427,1,0,0,0,0,1,0
2.720657544036225,0,1,10,2,1,0,4
2.7206676621029033,4,2,57,16,14,0,41
2.7207538233158055,4,3,11,19,0,0,3
2.7210554868340266,0,2,2,5,0,0,0
2.721135381504155,1,0,0,0,0,0,0
2.7212744383844014,1,3,5,5,1,1,0
2.7215009122662908,2,0,0,0,0,1,3
2.72171228177229,0,0,0,0,0,0,1
2.7217796781749253,2,4,4,2,3,3,9
2.722136769299629,0,5,5,0,0,0,2
2.7223775812106794,0,0,0,5,0,0,2
2.722515231772826,3,7,0,1,0,0,2
2.7225548480974764,2,4,2,1,1,0,0
2.722643934105077,0,5,1,1,4,1,8
2.7226563941838164,0,0,0,0,0,0,0
2.722685194872389,0,7,2,2,1,0,1
2.722825173314335,1,6,0,0,0,0,4
2.7228300339971936,1,0,5,2,0,0,0
2.723115415709893,0,1,6,7,1,0,0
2.723265131539286,3,7,2,0,1,0,0
2.7235198898363158,0,3,2,2,1,1,3
2.723521144140879,2,3,6,7,2,1,7
2.7236914692411593,3,7,7,5,1,2,7
2.7237345245476297,2,18,8,6,2,1,32
2.723739904803574,2,15,15,3,0,1,13
2.724423391134834,0,0,0,0,0,0,0
2.7244471697282204,1,17,12,11,4,1,15
2.724551832190267,0,1,0,0,1,0,0
2.724870832610789,1,4,1,3,1,0,0
2.7249517957643876,2,0,3,0,0,0,8
2.7251460480280354,9,15,23,37,5,3,34
2.725358842527444,5,29,20,11,4,3,11
2.725525049542343,2,4,3,0,3,1,1
2.725642476258797,0,7,2,1,0,0,8
2.7257050813714003,3,0,0,0,0,0,0
2.725722281236447,0,0,0,1,1,1,0
2.725776988949551,0,2,1,11,1,1,0
2.725851118624589,5,6,1,5,1,1,4
2.7262213406014,1,4,11,10,3,3,12
2.726318601247624,0,0,22,0,1,3,1
2.72633725081232,1,6,4,7,2,1,4
2.7265804469305692,4,11,9,3,1,1,1
2.726775596574876,1,0,0,0,0,0,0
2.726837377748568,3,0,15,3,1,4,0
2.7268529648619464,0,0,0,0,0,0,0
2.7268686777835685,0,0,1,2,1,1,9
2.7269409801171456,2,0,0,0,0,0,0
2.7271052256941672,0,4,0,0,0,1,3
2.727399116116721,2,4,0,0,1,0,0
2.7275633800989305,1,8,1,0,2,0,4
2.7278310233347027,2,3,0,0,0,0,0
2.7279711327315947,0,0,0,0,0,1,6
2.7281076249380884,1,0,0,0,0,0,5
2.728161107652177,0,0,0,0,0,0,0
2.7282508690605844,3,15,1,0,0,0,0
2.728460567375405,1,7,0,0,0,0,0
2.7284906990582978,7,18,12,15,8,7,43
2.728588441104029,1,0,0,0,0,0,1
2.7286426442025706,5,4,5,26,5,2,5
2.728665622802552,0,3,0,0,0,1,3
2.7287631616949004,0,0,0,0,0,0,0
2.728837557426804,6,14,3,15,3,3,9
2.7288665784904924,157,403,112,97,40,40,65
2.7288829193851756,0,0,0,0,0,1,0
2.728922665132377,10,15,4,6,0,4,2
2.7289768166797206,1,1,3,6,1,3,18
2.729008438557835,0,0,0,0,0,0,0
2.7290685773592407,0,1,0,0,1,0,0
2.7293053263830824,12,19,36,19,6,12,50
2.7297334790013794,1,7,7,1,2,0,2
2.7303851777497505,2,0,6,0,4,0,6
2.730419517779837,1,0,0,11,0,1,0
2.7313262890745293,1,11,13,3,0,0,4
2.7314469136756867,0,2,4,2,2,0,0
2.7315837379199093,179,497,167,129,57,42,152
2.731690077862139,0,0,7,0,1,0,2
2.7318307732746097,0,0,0,0,0,2,0
2.7320468062605214,0,1,0,0,0,0,0
2.732294649182142,0,0,0,0,1,0,9
2.7324879732423932,0,8,3,0,0,1,0
2.732543091454058,0,1,2,14,1,0,1
2.7331010416497503,0,4,2,10,3,2,7
2.7332821172748654,1,2,0,0,1,0,1
2.7333680214775686,0,0,0,0,0,0,0
2.733438987319239,2,18,0,0,2,0,0
2.7335103633269124,0,0,6,0,1,1,3
2.733543469633573,1,10,11,8,2,0,1
2.7338481542431587,5,13,7,13,3,2,8
2.734204645249888,9,19,5,12,2,7,26
2.7342069834178186,0,4,1,1,1,0,1
2.7345076071869587,12,47,7,8,12,6,18
2.7345420571049717,0,0,3,0,1,1,3
2.734576395400375,3,7,9,1,1,1,3
2.734595995756844,1,2,9,1,2,2,6
2.734821343650672,6,4,0,0,0,1,6
2.734907441261521,0,0,0,0,0,0,0
2.7350849497759033,0,0,0,0,0,0,0
2.7352452717217868,27,111,38,26,1,17,3
2.7352467055759306,0,2,0,1,1,1,0
2.7355488942330983,0,1,0,0,0,0,0
2.735663819369955,0,0,12,4,0,0,0
2.735813105238056,2,2,0,0,0,0,0
2.7358365187694202,0,3,30,2,2,1,35
2.735965081762019,0,0,0,2,1,0,0
2.736262460706417,1,0,0,2,0,0,0
2.736449508120091,0,0,0,0,0,0,0
2.73717201102583,0,3,18,3,0,0,19
2.7373634523602255,5,4,3,3,1,6,6
2.7380707022221635,6,7,0,4,2,1,1
2.7381979536294914,0,0,0,0,2,0,0
2.738317779858218,0,0,0,0,0,0,0
2.738329499686245,5,41,31,3,1,3,16
2.7383622226701982,1,7,10,4,1,0,2
2.7384556038140984,6,17,21,11,5,5,18
2.738842884777456,206,411,108,152,50,45,107
2.738950140140726,1,0,0,3,3,1,0
2.7391611959396003,14,46,67,140,26,11,76
2.7393761513551915,2,11,16,13,7,1,31
2.7395408031277353,3,0,0,0,0,0,0
2.7396856324715695,1,4,1,0,3,1,10
2.7399739984272014,2,2,1,0,0,0,2
2.7400567318277442,0,0,0,4,0,1,0
2.740254987239732,0,0,0,0,0,1,0
2.7402922299609234,1,1,9,0,2,0,2
2.7409838328640705,1,0,0,13,1,0,0
2.741090106359957,0,0,0,0,0,0,0
2.741156264408332,1,6,0,0,0,0,3
2.74132726501072,0,0,0,1,1,0,3
2.741439882468311,2,24,1,0,0,1,1
2.741528539215158,0,0,0,0,0,0,0
2.741963838405424,0,0,0,0,1,1,0
2.7420805467654765,0,0,0,0,0,1,8
2.74208695873272,372,1879,333,306,36,101,241
2.7426724620417087,1,0,0,0,0,0,1
2.7426847058149333,3,14,17,3,4,2,20
2.7429641411465,2,4,11,24,4,2,1
2.743129779945704,1,3,13,2,5,0,1
2.7432968798004618,0,0,0,0,0,0,20
2.7436703355351666,9,26,29,11,8,8,16
2.7436838152612384,1,3,8,5,1,2,8
2.7437720331052247,1,5,20,10,3,2,13
2.7438553733982087,1,10,6,11,2,1,1
2.743860988812213,2,3,6,3,2,1,3
2.743934687792674,0,0,0,0,1,0,1
2.7443127803791256,5,19,26,0,4,3,11
2.7443647677605965,4,5,21,3,6,3,13
2.7445368465417954,0,7,1,0,1,0,15
2.744564845932414,7,9,13,23,4,3,17
2.744573388529604,2,4,3,11,0,0,0
2.7451128126523825,0,0,0,0,0,2,0
2.7452891815164664,3,3,4,6,2,2,5
2.7453430491878095,1,0,0,0,1,0,1
2.7457522420763927,0,0,0,0,0,0,0
2.745893716186511,13,6,8,16,9,9,7
2.746169046892233,4,6,3,19,2,5,4
2.7462310442176263,0,0,3,1,1,1,0
2.7463983005548345,7,28,26,37,8,4,63
2.7467021283941757,2,7,12,2,2,0,15
2.7472342180721268,4,9,8,16,4,3,1
2.7473004394951706,0,6,9,1,1,0,0
2.74749558268374,0,0,5,0,0,1,12
2.7476526115828754,0,0,0,1,0,1,0
2.747965737104776,4,21,14,5,8,0,21
2.748640834575978,0,3,1,6,1,0,7
2.74865832287063,4,30,8,2,7,2,18
2.748690784798467,1,0,0,3,0,0,1
2.748872195622465,0,0,0,0,0,1,0
2.7490059883837334,0,0,0,0,0,0,0
2.7491125272211465,0,1,0,11,0,2,1
2.7491929868387035,0,0,1,0,0,0,0
2.7492706297609524,1,1,7,0,0,0,0
2.7499724712421454,90,183,109,82,34,34,113
2.7501462316499876,0,0,7,1,1,0,7
2.750247204912746,3,1,1,7,1,1,0
2.750435767142566,0,0,0,0,3,0,0
2.7505807710205907,3,1,2,0,0,0,1
2.75137325113485,0,0,2,1,0,0,16
2.7514316135844377,1,7,6,4,1,2,1
2.751566486519283,0,0,0,1,0,0,1
2.751597707128086,0,1,0,0,0,0,0
2.751890181011235,2,4,2,2,1,0,0
2.7521496246389914,0,0,27,7,1,1,28
2.752400310882139,2,1,0,0,0,0,0
2.7526872642600804,3,11,25,0,2,1,28
2.753028743597901,5,18,3,13,3,7,24
2.7530595911268767,0,6,2,10,1,1,8
2.7532100746176633,1,3,39,23,8,2,27
2.7533067158586384,0,4,10,9,1,0,1
2.753436261463209,1,7,3,9,0,0,4
2.754163933500245,2,0,0,0,0,0,2
2.754210235133325,2,2,3,9,2,0,12
2.7544094519656337,0,7,9,12,2,0,4
2.754825003240177,1,3,5,0,0,1,0
2.7549024293042166,0,0,4,1,0,0,2
2.7551093896886476,0,0,0,0,0,0,0
2.755141700143303,2,0,0,0,0,0,0
2.755171461747861,1,0,1,0,0,1,2
2.7556377846751254,4,3,3,12,1,1,8
2.755709992094103,0,2,1,12,1,0,0
2.755798240538864,3,0,2,6,0,1,6
2.755836969742911,0,10,0,3,0,1,0
2.7559082920786624,0,12,0,0,1,0,0
2.7562523898966105,3,15,17,21,2,2,6
2.756436018945699,1,0,9,0,0,2,1
2.756482581868635,8,7,15,20,2,0,4
2.7565114187304505,3,6,13,7,1,0,6
2.7570511678929863,1,3,13,0,2,0,10
2.7573977373000425,0,5,1,0,0,1,2
2.757560631847839,0,2,5,9,2,2,7
2.757620052852258,0,11,0,0,3,0,0
2.7580550268817094,4,1,1,3,5,3,8
2.7582913874551025,0,0,0,0,0,1,0
2.7583707110577516,0,0,25,0,2,3,12
2.75895365081589,5,11,2,6,0,5,13
2.759128390638921,1,11,3,7,0,0,3
2.759337754582293,4,8,5,18,0,1,9
2.759394007169715,89,399,223,129,25,49,92
2.759472525936806,1,0,0,0,0,0,0
2.7595694691756467,3,5,6,6,2,2,1
2.7595860079869614,0,0,0,0,0,0,0
2.7597938680759206,3,0,6,3,3,1,5
2.760210877743978,0,0,3,0,0,0,0
2.760378282940332,3,7,11,2,2,5,0
2.760602230629416,3,5,0,11,0,0,10
2.7606998203751236,6,4,4,34,0,4,0
2.7609552985375383,0,0,0,0,0,0,0
2.761011401145452,0,0,0,2,2,0,0
2.761090808196812,4,10,23,14,3,6,23
2.7615632685971025,2,11,2,4,1,4,5
2.761908904297879,5,26,9,29,1,2,9
2.7624220238384294,7,13,13,15,9,4,23
2.7628683988591205,238,589,233,188,68,75,242
2.7628704910054904,4,21,16,2,4,0,2
2.7629245269100995,0,1,0,0,0,0,0
2.7630450884154683,61,62,22,58,24,21,25
2.7630547351606443,3,3,9,1,2,4,8
2.7631813934463416,0,1,1,1,3,0,0
2.763309258466278,2,0,0,0,0,0,0
2.7633221586328753,3,14,9,6,4,2,3
2.76360836961161,2,0,0,0,0,0,0
2.7638298954347715,0,0,0,1,2,0,0
2.76394260352692,3,7,1,7,1,1,6
2.7640186607991497,0,0,0,0,0,1,0
2.764168612072571,3,2,3,0,0,2,1
2.7644628258192,3,6,7,0,1,1,10
2.764612549611734,2,6,27,10,2,1,25
2.7646509112931597,2,4,2,5,1,0,5
2.764842150500999,0,0,0,0,0,0,0
2.7649766912024933,1,0,0,0,1,0,1
2.7650169838506287,1,0,0,0,0,0,0
2.765446504562442,28,10,1,0,4,7,1
2.7659074096245764,2,6,11,12,4,2,16
2.7659507200071807,10,8,33,39,12,8,40
2.7660218309438176,2,23,13,9,6,5,14
2.766209168630421,2,0,0,0,0,0,0
2.7665266470160983,1,41,57,17,5,4,47
2.7665574610289063,0,0,0,0,1,0,0
2.76721697148519,0,0,0,0,0,0,6
2.767236082669894,1,0,0,0,1,0,0
2.76839313297015,2,6,7,0,2,1,16
2.768710067939995,0,0,0,0,2,0,5
2.769204173304115,0,0,0,1,1,1,0
2.769731640277184,1,3,5,8,0,1,0
2.769836174903429,0,0,4,5,5,1,4
2.770017888678096,0,0,0,3,0,0,0
2.7700804320686325,3,5,4,0,0,2,4
2.7705768206216397,2,1,0,14,3,2,0
2.7707019035030607,0,0,0,0,0,1,0
2.7707767432222385,6,44,4,13,3,3,23
2.7707929358430876,1,3,7,0,0,0,2
2.7708108057324945,1,10,29,24,1,0,9
2.770901517626953,4,11,22,1,1,1,27
2.770944082028234,14,9,21,35,4,9,18
2.770989932105158,0,0,0,0,1,0,0
2.7710428657706294,3,6,0,0,0,0,0
2.771394189651348,0,4,1,2,0,0,0
2.7714110208398135,0,11,0,8,0,3,8
2.7719971211390297,1,5,0,1,0,1,4
2.772311016344486,1,22,11,13,2,0,11
2.772588722239781,1,0,0,0,0,0,0
2.7728279023883085,0,1,1,0,0,1,0
2.772865108397645,18,9,2,0,8,3,6
2.7731386568155307,201,553,287,205,73,50,299
2.7735918085150333,0,3,3,0,1,0,0
2.7736535206209028,3,48,12,1,3,3,8
2.7736886585520253,3,17,23,28,6,6,29
2.77380989872305,5,10,12,3,8,5,28
2.7738281615035247,12,128,10,167,10,30,2
2.7740550624394844,0,0,0,0,1,0,0
2.7745799488289387,17,26,14,4,6,4,13
2.7746144413165585,0,10,2,9,3,0,5
2.775306877737803,3,2,9,0,2,0,3
2.775793832638136,0,0,0,0,0,0,0
2.7759083977378727,0,0,0,0,0,0,0
2.7760071269838242,1,0,0,0,0,0,0
2.7762186216883786,0,0,0,0,1,0,0
2.7762663737565796,2,5,0,9,2,0,0
2.776580695865424,0,1,0,0,2,1,3
2.7770972710348865,0,0,0,0,1,0,8
2.7771897529805387,58,72,31,62,16,50,58
2.777203753586979,0,4,0,6,1,0,4
2.7774003183342444,0,0,0,0,0,2,0
2.777513308066023,5,12,6,0,3,4,4
2.7777687818691152,2,5,6,0,5,1,5
2.777844725232368,0,0,0,1,0,0,0
2.777932281986177,0,1,0,0,0,1,0
2.778157851859413,5,7,30,1,9,4,19
2.778408859921918,1,4,0,3,5,0,10
2.77858513098052,2,8,16,1,2,1,15
2.7786460109598408,0,0,0,2,0,1,2
2.778653216204332,0,0,0,5,0,0,0
2.778793573121119,0,5,9,3,0,0,4
2.7790094139829815,0,0,0,0,0,0,0
2.7793318003460574,2,0,0,3,1,0,0
2.7796501990625906,0,1,4,9,2,0,3
2.779660073829711,0,1,0,0,0,0,0
2.7797448039733736,0,2,5,3,4,1,2
2.7797946399247495,3,0,11,25,3,5,2
2.7800106821937116,0,9,1,0,0,2,0
2.780620937471437,0,0,0,0,0,0,0
2.781455518544063,1,3,15,9,2,1,6
2.7816732973108516,0,3,0,0,2,0,1
2.7816821429944993,1,0,0,0,0,1,0
2.7821788574272066,2,3,7,2,1,1,11
2.7822720956469236,1,4,0,0,0,0,0
2.782430176446859,2,5,0,0,0,2,7
2.7826092819956654,0,2,0,0,0,1,0
2.782662410091744,562,1820,649,918,169,187,821
2.782743162399992,0,8,2,6,3,1,12
2.783022323405881,1,4,0,1,0,1,0
2.7832928828196493,1,1,0,2,1,1,1
2.7833563948174853,1,0,0,2,0,1,0
2.7833633711307844,286,932,1578,1541,294,184,1645
2.783391719667497,1,1,1,0,0,0,0
2.784096820882329,0,8,0,5,2,0,0
2.784204814347379,0,0,7,0,0,2,1
2.784690062209479,0,0,0,0,1,0,0
2.785039134276976,1,10,1,15,3,3,4
2.785349038831611,1,6,4,9,2,2,15
2.7855485799011253,2,0,0,0,0,0,0
2.7855794751508713,0,1,13,12,3,1,13
2.786019532827734,1,3,1,0,0,1,0
2.786120952335352,0,10,2,2,2,2,0
2.786344705789722,0,4,0,0,2,0,10
2.7864939602460095,0,0,0,0,0,0,0
2.786510754065783,1,0,0,0,0,0,1
2.7865543943859596,1,15,11,13,2,2,4
2.787093466919345,0,0,0,0,0,0,0
2.7871337292581133,5,25,9,26,5,6,14
2.7871443970658696,0,0,1,0,0,2,0
2.7871844356561666,0,3,7,3,1,3,0
2.787226422289617,2,2,2,4,0,0,11
2.787419312662328,0,0,0,0,1,0,0
2.7882441868370855,11,18,6,13,4,3,20
2.7883643055616267,0,2,4,5,0,1,0
2.788377577771061,2,4,10,1,4,0,31
2.7885597646004796,0,0,2,0,0,0,0
2.788843726579282,0,0,9,2,1,2,11
2.789142971611302,2,6,0,0,2,1,4
2.789656734445411,2,11,4,3,2,0,10
2.7898130840821693,1,2,1,3,1,0,1
2.7904682558310214,1,0,1,0,0,0,4
2.7905393392723226,0,0,0,6,2,0,0
2.7905806106432887,0,0,0,0,1,0,0
2.7908669477529124,1,1,8,7,0,3,11
2.7911838522643673,0,0,0,0,0,0,0
2.791263841277413,1,18,8,0,4,3,13
2.7913899820631634,1,0,0,0,0,0,0
2.7915590739729312,0,0,0,0,0,0,0
2.7918560346387085,3,9,6,3,5,1,11
2.7919754571928803,1,0,0,0,0,0,0
2.7920201803294957,0,3,0,0,1,0,0
2.792247981529798,0,0,1,0,0,0,0
2.792322046743462,1,0,1,2,1,2,2
2.79266455260447,7,23,10,15,3,2,19
2.7927854982062787,0,0,0,2,1,1,6
2.793628544742959,2,7,6,17,1,2,10
2.794182560644258,4,0,0,0,0,1,0
2.7947982140823413,0,0,0,0,1,0,0
2.795209909910923,2,0,0,1,1,1,0
2.7953097888781717,2,21,4,0,3,1,10
2.7954084503940924,1,0,1,0,0,0,0
2.7954368946957984,0,0,0,0,0,1,0
2.79556533627498,0,0,0,0,0,1,0
2.7959907027185085,6,11,0,7,0,2,26
2.796080628387977,0,0,4,0,2,1,2
2.796242795078649,0,0,1,0,0,0,1
2.796881232362739,0,0,0,0,0,0,0
2.79690706213533,0,1,0,0,1,0,0
2.7969358999200833,0,5,8,0,3,0,3
2.7973053093696065,1,0,0,0,0,0,0
2.7973653751858705,0,0,1,0,0,0,1
2.7979277730152177,0,0,0,0,0,1,0
2.7979308220858266,1,9,1,0,0,1,0
2.7980229513471153,0,0,4,0,2,1,7
2.7982855838515297,3,6,12,0,7,1,17
2.7983778565204194,1,0,0,0,0,0,0
2.7985221497907635,0,0,0,0,0,0,0
2.798555887248747,1,0,0,0,1,0,0
2.7997753648997796,2,1,0,0,0,0,0
2.8003255940792537,0,2,0,0,0,0,0
2.800515642516476,1,1,2,0,2,1,0
2.8009887841610825,2,4,0,0,2,0,0
2.801008276520268,0,1,1,1,0,1,3
2.8012028803584137,0,0,3,0,1,0,0
2.8013001767010057,0,0,0,0,0,0,0
2.8014729910907965,1,0,0,0,0,0,0
2.8015916226525754,0,1,8,0,0,0,0
2.8018116140886975,0,0,0,0,0,0,0
2.8024100805901027,0,0,0,0,0,0,0
2.802450417672231,1,6,18,0,1,0,7
2.8025226627817608,1,1,3,12,0,1,0
2.8030681754101345,0,0,0,0,1,0,0
2.8030958531952552,315,2345,136,205,31,63,203
2.803260513144462,0,0,0,0,0,0,0
2.8034603502086917,0,0,0,0,0,1,0
2.804163668813751,1,0,0,3,1,0,0
2.8041774184772135,1,0,0,0,2,0,0
2.804394517494072,0,0,1,0,2,0,7
2.8044241378321675,3,0,5,14,2,2,2
2.8045839720976407,1,19,1,0,1,0,4
2.805092628524145,1,1,0,0,0,0,0
2.805111739462906,0,0,0,0,0,0,0
2.805185106990799,0,0,0,0,0,0,0
2.8053243016797715,2,0,10,2,3,1,9
2.80534997770496,0,0,0,0,1,0,0
2.8053783957595666,12,2,0,0,6,2,3
2.8054213837207245,0,0,3,0,1,0,0
2.805485535022382,0,0,2,1,3,0,0
2.805585424501068,3,4,5,0,2,4,15
2.806148666332097,1,9,3,3,2,2,3
2.806766248861244,0,0,0,0,1,0,0
2.8070679544445016,0,1,0,0,0,0,0
2.8072671414897425,0,0,0,0,1,0,0
2.8073218251734002,0,4,4,2,1,1,8
2.807441802723049,0,0,0,0,0,1,0
2.8078895559459514,2,5,1,1,0,1,1
2.808018949405273,3,5,8,4,2,1,5
2.8085159945150786,4,6,7,9,0,1,5
2.8093810799685963,2,2,3,0,1,1,3
2.8097541278868716,1,1,2,1,0,1,4
2.8098263515656714,0,0,4,0,0,1,3
2.810082947065961,0,0,0,0,0,0,0
2.8101084126946643,0,0,3,0,0,0,5
2.8101198138068386,2,19,3,9,2,6,9
2.8103641509089305,1,0,0,0,0,0,2
2.810527758600409,4,25,67,31,0,3,48
2.8109430771670376,1,1,2,3,0,1,0
2.810970780806441,90,1457,783,164,44,22,701
2.8112335283731906,1,11,0,0,0,1,0
2.811320458569296,2,1,0,1,2,1,0
2.8114859161328205,1,1,7,6,1,0,0
2.8118951979016513,4,7,7,0,1,8,0
2.812088576864641,1,0,0,6,1,0,0
2.812332620092319,0,0,0,0,0,1,0
2.8124850312692997,1,3,3,1,3,0,1
2.8128420698004803,0,0,0,0,0,0,2
2.8130433766513487,1,6,0,0,0,0,0
2.81305119358413,2,1,6,0,1,2,2
2.81312376344187,1,3,0,0,1,0,0
2.8131700575073855,0,2,10,0,2,0,1
2.813410941074882,2,0,0,0,0,0,0
2.813527162669415,1,3,2,0,1,1,7
2.8135277269173713,0,0,0,0,3,0,0
2.8147950746395023,6,6,5,6,4,1,39
2.8150090227580598,0,2,2,4,0,0,0
2.815078798736875,1,0,0,0,0,0,0
2.8162693546081843,0,0,4,7,2,0,2
2.817020862527182,1,2,0,0,0,1,1
2.817468272998214,8,14,0,0,0,1,15
2.817541071902981,1,9,10,4,0,1,0
2.8178490303251604,0,0,0,0,0,0,0
2.8179981752921788,2,1,0,0,0,0,0
2.8181215568154436,0,7,0,1,0,1,0
2.8184232462107386,0,0,0,0,0,1,0
2.818528284123159,5,3,6,1,1,3,5
2.8185400352409076,0,0,0,0,0,2,0
2.819526383578541,2,1,2,0,1,0,12
2.8195422933256657,3,12,0,2,0,1,5
2.81968065380325,0,0,7,0,0,1,0
2.8200804450343635,2,7,0,10,0,2,13
2.820400647341595,0,13,0,0,0,0,0
2.8207707303802203,0,0,1,0,1,0,3
2.82100288852311,1,0,0,0,0,1,0
2.8214797377141694,3,2,7,14,4,1,4
2.8216344940102305,0,0,0,0,0,1,0
2.821673040288264,0,1,4,3,3,3,6
2.8218045715449995,34,129,142,204,19,14,193
2.822225086409355,1,9,1,2,8,2,9
2.8225970921549823,2,20,16,10,4,1,9
2.8232452601737252,1,3,1,3,2,2,5
2.8233336513648175,3,6,7,3,5,0,4
2.8233744055922276,1,6,10,9,3,0,3
2.8234040252644466,1,0,0,0,0,0,0
2.823461167553101,0,0,0,0,0,0,0
2.8235408054057887,3,0,1,6,1,1,0
2.8238705928567303,0,0,0,0,2,0,4
2.823947110802289,3,0,10,0,1,1,6
2.8244832665925594,1,5,0,0,0,0,4
2.825006706297638,0,0,0,0,1,0,5
2.825146056599166,0,0,0,0,0,0,0
2.82514825500169,1,1,1,6,0,0,4
2.8255048655141946,4,3,1,0,0,0,8
2.825753272364503,0,0,0,0,0,2,0
2.825775940523773,2,4,1,17,0,2,7
2.825874566599862,6,6,3,1,4,6,4
2.8261989845240127,0,0,0,0,0,1,0
2.826655927025561,1,0,2,0,0,0,0
2.8268338164007574,1,0,0,0,0,0,0
2.8273850479772977,15,29,5,16,14,5,13
2.827835385140488,1,0,1,7,1,0,10
2.8281970907280924,289,729,246,244,86,99,229
2.8282212139724496,0,0,7,0,0,0,0
2.829168414807804,0,0,0,1,1,0,0
2.8303120582349006,0,2,0,0,0,0,0
2.8308730214927715,0,0,0,0,0,0,0
2.831052996269344,0,0,8,2,0,0,5
2.831285600204337,0,0,0,0,0,0,0
2.8312886029672963,0,12,0,6,1,1,0
2.8315528807914885,7,6,4,8,0,2,0
2.8316136583566007,0,0,3,0,1,2,5
2.8318901752474877,0,3,0,0,1,0,0
2.8319233347608734,0,0,0,8,0,1,0
2.8319485489951015,0,0,0,0,1,0,0
2.8320108798123176,1,6,2,0,2,1,1
2.8321019865002097,1,1,1,0,2,1,8
2.8324378198270947,0,0,0,0,0,0,0
2.8327633875512173,1,0,0,0,2,3,0
2.8329203752523826,0,0,0,0,0,1,0
2.832972676981666,1,5,4,6,5,2,8
2.8331174832264594,0,20,0,0,0,0,0
2.8332778228052153,172,3947,5795,2798,330,103,6210
2.8335268870229195,0,0,0,1,1,0,0
2.8335585098714455,1624,17120,12153,7918,977,595,11363
2.8336132315300615,0,0,0,0,0,2,0
2.833727362360926,1,0,0,1,1,0,0
2.8339206101728442,0,1,1,20,5,0,5
2.8348817620340307,6,9,8,6,11,3,5
2.8349023628049674,1,3,0,4,0,1,0
2.8351174096309655,0,0,0,7,0,0,0
2.835177623268683,0,0,0,0,0,1,3
2.835315657137623,0,0,0,0,2,0,0
2.835591986972296,96,119,52,51,36,27,49
2.8356862486056866,0,0,0,0,1,0,0
2.835872478988852,1,0,5,11,0,0,1
2.8359673687487263,1,1,0,0,4,2,8
2.836499185229685,4,4,16,16,13,4,41
2.8367260408102437,1,1,0,0,0,1,0
2.8367634955105627,0,3,0,8,1,1,5
2.837020608524185,0,0,0,0,0,0,0
2.8371529985191577,1,15,0,3,0,2,3
2.8372420792265847,1,2,3,7,0,1,0
2.837319910402334,0,0,0,0,0,0,0
2.837986662381788,0,0,0,5,2,0,0
2.838059802131851,5,2,3,7,1,1,1
2.8381094144580525,0,0,0,0,0,1,3
2.838519684320652,0,0,0,1,1,0,0
2.8386464400789624,0,0,0,0,0,0,0
2.8387284087010083,0,0,0,0,1,0,0
2.8390360939918295,2,8,7,0,2,1,4
2.8394141413560767,0,4,2,0,2,0,3
2.8394558918541977,0,2,4,1,0,0,2
2.8400298467171883,1,0,0,7,0,0,4
2.84013940522601,0,0,0,0,1,0,0
2.8404393809558632,2,0,0,0,0,2,0
2.8404713745435584,1,9,1,0,2,0,0
2.840629403315789,1,1,0,0,0,0,0
2.841137024661406,0,0,1,0,1,0,0
2.841233946810347,0,8,4,0,2,0,1
2.8412524469463327,0,0,0,0,1,0,2
2.8413467884794996,1,15,12,5,6,2,3
2.8416579962171253,0,0,0,0,0,0,0
2.842121012244948,1,0,0,0,0,0,2
2.8424476477193172,0,5,0,7,1,0,0
2.842813398182671,12,22,21,11,7,2,20
2.8438213517480566,1,2,10,0,1,1,0
2.8438699279715323,0,0,0,0,0,0,0
2.8440698914244535,1,0,1,0,2,0,3
2.8447544061059595,3,0,16,0,1,0,0
2.845075990044673,5,5,0,1,0,3,6
2.845127879509978,0,0,0,0,0,1,1
2.8458589605204923,0,0,0,0,2,0,0
2.8462765246463406,1,11,6,4,4,1,9
2.8466545490451574,1,0,0,0,0,0,0
2.8468076288574444,0,0,1,0,1,0,0
2.8468670156260774,6,10,10,10,6,3,20
2.8473443449003075,3,13,0,16,2,3,9
2.847811944785101,4,12,0,1,0,0,0
2.847892750501603,2,24,6,0,3,1,11
2.848750991830639,5,30,27,11,4,4,3
2.8491553029390664,0,0,0,0,1,0,0
2.850717296512853,1,11,0,6,0,0,0
2.850766496409796,0,0,0,0,0,0,0
2.851061896902133,0,1,0,0,0,1,2
2.8512449441641565,2,9,5,4,2,3,10
2.8514666117724095,1,1,4,5,2,0,2
2.852498043999234,0,0,0,0,1,2,0
2.853061769313289,1,0,2,4,0,3,5
2.853196230595622,0,1,8,4,1,0,6
2.8533213927676493,1,5,0,2,1,5,6
2.8538571380769593,28,16,4,6,8,6,12
2.854204065867046,1,4,7,8,4,1,4
2.8542327144531567,0,0,0,0,0,1,0
2.8549596331304845,1,0,0,1,0,0,0
2.8549638235003836,4,2,0,0,1,0,0
2.855262422243996,1,13,4,3,4,3,15
2.8553278136041786,2,4,6,15,1,3,5
2.8556141393904233,3,15,16,11,7,2,25
2.85576994322509,1,0,0,0,0,0,0
2.856089807045058,0,10,2,0,0,2,2
2.856090740377962,1,1,0,0,0,0,0
2.856499169369262,5,15,18,1,2,1,11
2.8566056847954022,0,0,2,0,1,0,0
2.8577107941664064,0,0,0,0,4,0,0
2.8578173867500736,10,16,35,16,5,7,14
2.858384981420177,3,10,6,7,0,2,0
2.8585229320053918,4,5,6,43,4,6,9
2.858584537656781,1,1,4,6,1,1,7
2.85868328312169,19,10,7,18,2,19,2
2.859055819404543,0,0,0,0,0,0,1
2.859454522000372,0,0,0,0,1,0,0
2.8595708140955396,1,0,0,0,0,1,0
2.859911430434104,0,3,0,0,0,1,0
2.8602004900169087,2,2,8,1,3,0,7
2.860819573328554,0,0,0,0,0,0,0
2.8610544066801076,0,1,0,0,1,0,0
2.861128234581912,2,4,5,0,1,2,7
2.8612013278666546,0,0,0,0,1,0,0
2.8615104281812296,0,0,1,0,0,0,0
2.8623324410048925,1,3,1,4,3,0,5
2.862551388687244,6,10,4,1,0,0,0
2.8625857351451565,1,2,8,3,1,3,19
2.8628738334460917,0,0,3,1,1,1,0
2.862951136014675,0,0,0,0,0,0,0
2.863273318670473,0,0,0,0,0,0,0
2.8642067316938653,0,0,0,0,0,1,0
2.864704131179855,0,0,0,0,0,2,0
2.864980117708408,47,33,33,53,24,23,40
2.865154938253644,1,1,0,1,2,0,2
2.8652823672314804,0,1,3,11,2,2,2
2.8653419347710654,2,5,2,4,1,1,2
2.8659833644582506,0,0,9,2,3,1,1
2.8660777316663726,2,4,0,3,1,1,1
2.866479125466663,292,1922,394,176,101,50,507
2.867005856232556,0,0,0,0,1,0,0
2.867268552720287,0,1,1,1,1,1,7
2.8673150702896333,0,1,1,0,3,1,4
2.8675997286168773,0,0,0,0,0,0,0
2.868032694525549,0,1,0,0,0,1,0
2.8681088927543943,4,10,13,9,2,2,16
2.868218830370914,0,0,0,0,0,2,0
2.8685158340047696,1,8,3,3,0,4,15
2.8686381059309043,0,0,0,0,0,1,6
2.8691755669764047,2,0,5,3,2,0,17
2.8694886450727353,1,4,7,0,6,1,17
2.8696368818341322,1,0,4,2,0,0,0
2.8698134799982125,1,3,1,0,2,0,3
2.869968024338554,1,0,0,0,0,0,3
2.8699810045837886,0,0,0,0,0,3,0
2.8706606309912934,1,1,0,0,0,0,0
2.871273811052381,0,0,2,2,0,2,6
2.871666560789048,3,1,2,0,1,0,0
2.8717464005149163,0,0,0,0,0,3,0
2.871862752668373,1,0,0,0,0,1,0
2.872032959457314,0,0,0,2,0,1,0
2.872118351977966,0,0,0,3,3,0,0
2.8727377907833205,0,0,0,0,0,0,0
2.8732383494096547,0,0,3,1,1,0,3
2.8734150006004064,3,7,1,7,1,3,10
2.873647330522317,0,0,0,0,0,1,0
2.873728712164649,1,0,0,0,0,0,0
2.8745359107988286,2,8,1,0,4,1,8
2.8748810093835506,0,0,3,0,0,0,0
2.875204240506949,0,0,0,1,1,0,0
2.87521110385952,2,0,0,0,0,0,0
2.875285926145895,1,0,0,0,0,0,0
2.876284739189516,0,0,0,0,1,0,0
2.8763430184955077,0,0,0,0,1,0,0
2.8764222985799375,0,0,0,0,0,0,0
2.876797516705106,2,2,31,0,2,0,9
2.877419055834306,0,2,2,0,2,1,7
2.8777849010224545,1,0,0,0,2,0,0
2.8780326212946865,0,0,1,0,1,0,0
2.8780411924461875,0,2,0,3,1,1,0
2.8786393330668387,0,1,0,0,0,0,0
2.878940562678407,0,0,0,2,0,0,0
2.8793293179200194,0,0,0,0,2,0,0
2.879396494511228,0,9,0,2,0,0,0
2.8802496921756795,0,3,0,0,0,0,0
2.88034340093572,0,2,0,0,0,1,0
2.880676602713505,1,2,3,0,1,1,3
2.8816654905349974,1,0,0,2,0,1,0
2.881757191370803,0,0,0,0,0,0,0
2.8818379998631847,15,21,13,3,2,3,0
2.881933790555722,0,0,0,0,1,0,0
2.8823922606617196,0,0,0,0,0,0,0
2.882411915544077,0,0,0,0,0,1,3
2.8826974126030445,676,4159,828,1042,90,298,1026
2.8827210854031353,1,0,2,0,0,1,3
2.883207074909653,0,2,0,0,0,0,0
2.8833713762368034,1,0,0,0,0,0,0
2.8835720723315377,1,0,0,0,0,0,0
2.8837236877370036,3,4,2,5,1,1,3
2.884117788494435,0,0,0,0,0,0,5
2.884124317181633,0,0,0,0,0,0,0
2.8841909384109865,1,0,0,0,0,0,0
2.884365722853304,0,2,1,3,0,0,0
2.8846128858286795,1,0,4,2,1,1,0
2.885075342827999,0,0,0,0,0,0,0
2.8853755614805126,0,0,0,0,1,0,10
2.885681615006673,0,4,0,0,0,0,3
2.8857386953342488,2,2,14,0,1,3,3
2.8857774795834605,5,2,2,0,1,1,2
2.8859362659583185,1,0,2,0,0,0,0
2.886528810750267,0,0,0,0,0,0,4
2.8870039716415747,0,8,25,23,3,2,19
2.8875108338572497,0,0,0,0,1,0,0
2.8877751232053224,0,0,0,0,0,1,0
2.887950370513801,4,6,14,6,3,2,15
2.887954501349852,1,0,0,5,0,0,0
2.8884494648610533,2,1,0,0,0,0,10
2.889408226709955,0,0,0,0,0,1,2
2.8898276446244315,10,7,0,0,6,2,2
2.889953383455576,0,4,0,0,3,0,0
2.8900327031981323,0,0,0,0,0,1,0
2.8904523751947195,4,8,8,8,4,1,6
2.890780554002932,0,0,0,0,0,1,0
2.89088046769778,0,0,0,0,0,1,0
2.8910235418495596,0,0,0,0,1,0,1
2.891372260758667,0,0,0,0,0,0,0
2.8913769543293357,0,0,0,0,0,0,0
2.8920177950401977,0,1,0,0,2,0,0
2.8921666067776997,0,1,0,0,0,1,0
2.892262834996648,0,0,0,0,1,0,0
2.8922829213418417,1,0,0,0,0,0,0
2.892317130050416,1,0,1,0,2,1,1
2.8931677594864387,1,7,26,2,2,1,9
2.893225762937879,0,3,2,0,0,0,0
2.8935873357600617,0,1,0,17,0,4,0
2.894152629857175,0,0,19,0,0,0,0
2.8941542944797076,0,1,0,0,0,0,0
2.8943739389597654,0,0,0,0,0,0,0
2.8947521622535786,1,0,0,0,0,0,0
2.894770567746828,0,0,0,0,3,1,0
2.894812317627453,0,0,0,0,0,0,0
2.894982430878553,2,0,0,0,0,0,0
2.896399392130398,0,0,0,0,0,0,0
2.896792302276573,0,0,0,0,0,1,0
2.896892869019067,0,0,5,0,0,1,0
2.897419812622595,1,2,18,11,2,2,6
2.897689063534313,0,0,1,0,0,1,1
2.8986053415221398,0,0,0,0,0,0,0
2.899041135770452,2,0,0,3,1,1,0
2.899444943453974,0,0,5,0,1,0,0
2.89950929212329,0,2,0,2,0,2,0
2.8995181577021354,4,0,3,4,0,0,19
2.8995394666824352,0,0,1,0,0,0,1
2.899724292089712,1,1,0,13,1,1,0
2.899815994944435,0,0,0,19,0,3,0
2.9001191352999736,185,469,749,809,255,138,926
2.9001222850882207,1,0,0,0,0,0,0
2.900235769320503,4,11,31,11,10,6,34
2.900265812868203,1,0,4,0,1,0,0
2.9003833226406113,1,0,0,0,1,0,0
2.9004219594659664,0,0,0,0,0,1,0
2.900633504614069,2,3,0,0,0,1,0
2.9007115574758426,0,0,4,10,1,0,0
2.9009913694889877,2,10,0,3,2,4,2
2.9016898195238015,0,0,0,3,0,2,2
2.901765155644959,0,3,0,0,1,0,0
2.9032753127598236,0,8,1,0,1,0,1
2.9040646795875333,0,3,24,14,9,2,8
2.9040651398748336,0,0,0,0,2,0,0
2.9040732207078945,1,2,0,0,0,0,0
2.904250899860181,1,6,0,2,2,0,0
2.9048144578838015,0,1,15,0,1,3,0
2.905022690859298,2235,20042,14436,11262,1459,819,13604
2.905583192123731,2,0,5,11,4,2,0
2.9057528375613884,1,4,1,0,0,0,2
2.9058916147990668,0,0,0,0,0,0,0
2.9065598391504586,0,0,0,3,0,0,2
2.9069801464608536,0,0,0,0,2,1,0
2.907425098230136,0,0,0,0,1,0,0
2.907479654062009,1806,8337,4728,3809,799,778,4519
2.90811151555359,0,0,0,0,1,0,0
2.9085631262396916,0,1,0,0,0,0,1
2.9086244601906603,0,0,1,0,1,0,0
2.9089356397727992,0,0,0,0,0,0,0
2.909090796605687,0,0,0,0,0,1,0
2.9092309431810697,0,0,0,0,0,1,1
2.90955476276346,0,0,0,0,0,0,0
2.9098212574707474,1,1,0,0,1,1,1
2.9103071010399755,1,1,0,0,0,0,1
2.9112206310527604,409,1235,370,310,91,131,331
2.9115255536511633,0,4,0,2,2,0,0
2.911549077491384,0,0,0,0,3,2,2
2.911890830439698,0,0,6,0,2,1,0
2.912364881610877,0,0,4,4,3,0,4
2.9130312192353873,0,0,0,0,3,0,0
2.913135247947538,2,5,11,0,1,2,0
2.9132310280048577,0,0,0,0,0,0,0
2.914007051891672,0,0,0,0,1,0,0
2.9140608716441174,0,0,4,0,1,0,0
2.914124139515838,0,0,0,4,0,0,4
2.914207462183172,6,39,14,20,4,8,51
2.9142139602835266,0,1,0,0,0,1,0
2.9142660015956565,0,0,0,0,0,1,1
2.914373074206423,1,0,0,0,0,1,0
2.914395974266489,0,1,0,4,0,1,0
2.914571519738832,0,0,0,13,0,0,0
2.9146459863101577,3,8,0,0,0,1,0
2.914672066695462,1,1,0,0,1,0,3
2.915181544206442,2,0,0,0,0,0,0
2.9152931217180287,1,0,5,0,0,0,0
2.915808798469581,0,0,0,8,1,0,1
2.915876798376462,2,1,1,0,0,0,0
2.916204175343293,1,3,3,5,2,1,0
2.9167377689746794,3,16,12,14,4,1,3
2.9168578551937814,4,1,3,2,2,2,0
2.9173264586901624,1,4,8,12,4,5,6
2.917544528642623,0,0,0,12,1,0,1
2.9176451887114645,0,0,0,4,0,1,7
2.918230231983156,1,10,6,2,6,2,2
2.9184593132285928,21,6,2,0,0,4,0
2.918783806059399,0,0,0,0,0,0,0
2.9188880124485626,0,0,0,0,3,0,1
2.919072775785664,1,1,3,0,3,1,4
2.9193336656900226,4,6,6,1,5,1,35
2.919773259908271,0,0,0,0,0,1,0
2.919816178935586,0,0,0,1,0,1,7
2.919881827143818,0,0,0,0,2,0,0
2.9199683770528004,188,543,1642,1097,425,151,1758
2.9202072070093723,0,0,0,0,0,1,0
2.9203562238785663,0,1,0,0,0,0,0
2.9204586969687214,2,0,0,0,1,3,9
2.9206344593612505,0,0,1,0,0,1,0
2.920779354177873,1,6,3,0,1,0,7
2.921007029703953,2,0,0,0,0,1,1
2.9213527904689793,6,12,1,0,2,2,1
2.9214936672670584,3,7,1,10,2,1,7
2.9219017250409376,0,1,0,0,0,1,11
2.9222716666795603,194,409,155,135,80,61,187
2.9224817822553946,0,0,0,0,1,0,0
2.9228266048263354,0,0,0,3,0,0,0
2.923033405949609,5,0,0,0,0,1,0
2.9230774619407733,0,0,0,0,1,0,0
2.924249968237728,0,7,0,0,3,0,0
2.925545990651041,0,0,12,0,0,1,0
2.925747549820864,0,0,0,0,3,0,0
2.925863005029583,0,0,0,0,2,0,0
2.9258684322850184,1,0,0,0,1,1,0
2.9260169412567665,0,2,1,0,0,0,0
2.927156433232816,0,4,8,4,2,1,2
2.9271942970384055,1,3,0,4,4,0,1
2.927687644403461,0,9,0,1,0,1,0
2.928062649407043,0,0,0,0,0,0,0
2.928073745895497,0,0,0,0,2,0,0
2.928937479439815,0,0,0,0,0,1,0
2.9299447199412167,0,0,0,0,1,0,0
2.9303603918403125,0,0,0,0,1,0,0
2.931352960299028,1,6,0,0,2,0,0
2.9314113796106898,1,2,4,0,0,0,3
2.9314905798640702,3,0,0,0,0,0,0
2.9325059750714275,0,0,0,0,0,0,0
2.9325713452606834,0,0,0,12,2,2,4
2.932607736766281,0,1,1,0,0,0,0
2.933051333262855,1,20,3,22,4,3,19
2.9334259381280146,0,1,0,0,1,0,0
2.9334598970820314,1,0,0,0,0,1,0
2.9336970230695867,0,0,0,0,0,0,0
2.933778292297426,1,2,1,0,0,1,0
2.934202261106257,1,6,0,22,1,1,14
2.9343362061194656,0,0,0,0,0,0,0
2.934689929617005,0,0,0,0,0,1,0
2.9349580127618773,0,0,1,0,0,0,0
2.9355784735733184,0,0,0,0,1,0,0
2.936178629350068,3,0,9,9,3,1,6
2.9365645058436676,0,0,0,0,0,0,0
2.937091660754861,0,0,0,0,1,0,2
2.9376174785261226,0,0,0,0,0,0,0
2.9381398923423934,0,4,0,0,0,0,0
2.9386091368435565,0,0,0,0,0,1,0
2.9390954448863,0,0,0,0,1,0,4
2.9393519977463183,0,0,0,0,1,2,0
2.9399866192449333,0,1,1,0,0,0,0
2.940095826107824,2,0,0,1,1,1,0
2.9401784290081525,1,0,8,5,1,0,8
2.9422573443143265,0,3,1,0,1,0,0
2.943532386009127,1,0,0,0,1,0,0
2.944983272492239,0,0,0,3,0,1,0
2.9455375182564194,0,7,0,3,0,0,0
2.9457337745182617,0,0,0,1,0,0,0
2.9457354397013544,1,1,0,3,0,1,0
2.946035027651544,0,0,0,5,0,1,0
2.946444235842117,0,0,0,0,0,1,0
2.946605261071898,0,0,0,0,0,0,0
2.9466618682393912,1,1,12,0,0,3,3
2.9469044538449483,0,0,0,1,1,0,0
2.946941985211515,0,0,0,0,0,1,0
2.9472679422759622,8,10,0,24,2,8,0
2.9474632442480257,3,8,17,13,1,5,8
2.9481581685565845,0,9,0,0,0,0,0
2.9487808932178834,0,0,0,0,0,0,2
2.9488487335385036,0,0,0,0,0,0,0
2.9488877450326645,1,0,0,0,0,0,1
2.9492042521783417,1,2,11,6,2,1,2
2.949352245263244,0,0,5,0,0,0,0
2.9508166746265037,0,1,2,1,3,1,3
2.9510205266966474,0,0,1,0,0,1,0
2.9516781511909334,1,0,2,0,2,0,19
2.9517456376973925,0,0,0,0,0,0,0
2.9524052040154687,2,0,0,0,0,0,0
2.952672873949896,0,0,0,0,1,0,0
2.952781168697053,0,0,0,0,0,0,0
2.9530790505212052,1,0,0,0,0,0,0
2.9532472590847187,0,3,0,12,0,1,0
2.9535730674833913,1,0,0,0,1,0,0
2.9538104924290964,1,2,1,0,0,0,0
2.954126014618963,1,1,0,0,0,1,0
2.954171551540253,0,1,0,0,0,1,0
2.9541825811892104,0,0,0,0,1,1,0
2.954590263753872,0,0,0,0,0,1,0
2.95496608993986,2,1,1,2,1,3,3
2.9553424295153707,0,1,0,0,1,0,0
2.9561435014218653,2,2,8,11,2,0,0
2.9562864390515324,1,1,7,0,2,4,2
2.9564195866324257,0,2,0,0,0,1,0
2.956511366784054,0,0,0,0,0,1,0
2.956962690344474,0,0,0,0,0,1,0
2.957058156643436,1,22,0,0,0,0,0
2.960365143314792,0,0,0,0,0,2,0
2.960741738107524,0,0,0,0,0,0,0
2.9611106748306235,208,2736,155,236,7,28,169
2.9611501674935656,0,8,1,0,1,0,8
2.9618458391969864,0,0,3,2,0,0,0
2.9618976721533032,0,0,0,0,1,0,0
2.9626803651132625,0,1,0,0,0,0,0
2.9632724148822023,0,0,0,1,0,1,0
2.963511643482491,1,13,24,12,6,3,19
2.96423356428387,1,0,0,0,0,2,0
2.965008432650607,0,0,3,0,0,1,0
2.9654172416801776,0,0,0,0,1,0,0
2.965502137906535,0,3,0,0,1,0,0
2.9660664060279265,0,0,0,0,0,1,0
2.9661090184690586,1,4,6,0,2,0,2
2.966404909447388,0,0,0,0,0,0,0
2.968385248214606,0,0,1,0,0,1,0
2.968403709467193,1,1,0,0,0,0,0
2.9687575197768394,2,0,2,4,1,2,0
2.96886701898015,0,0,0,0,1,0,6
2.9694870422037796,1,0,6,0,2,0,0
2.9695663837187185,4,9,13,6,2,0,2
2.9696687511634585,0,0,0,0,0,1,3
2.969690830562541,0,2,3,0,0,0,0
2.9699136164525903,2,13,13,0,3,2,0
2.9699399050226143,2,2,4,0,1,2,7
2.969944373696174,0,5,12,0,0,3,3
2.9700645612581185,0,0,0,0,0,1,0
2.970165707281519,0,0,0,0,0,1,1
2.970402011039266,0,0,0,0,1,0,4
2.971095057812079,0,2,0,0,1,0,3
2.971412593306823,163,193,78,70,58,33,89
2.971446332756224,0,3,8,2,0,1,0
2.9717305045314344,5,6,5,12,2,2,6
2.971916396706985,0,2,0,9,0,1,0
2.972015746936675,3,0,0,0,0,0,0
2.9725103016801464,0,0,0,0,2,0,0
2.9728392236557295,0,6,3,0,0,0,0
2.972842145314217,0,0,0,0,1,0,2
2.9729546516528336,1,0,3,3,0,2,0
2.9737403955064616,0,0,0,0,0,1,0
2.973746032725538,0,0,0,0,0,0,4
2.9739395448281973,0,0,0,1,0,0,0
2.9739707515138476,3,0,0,0,0,0,0
2.9741388885259004,0,1,0,2,1,0,0
2.9744511152349444,0,1,5,0,1,0,0
2.974581977024699,3,0,0,1,3,0,1
2.9747181865945103,3,4,4,9,1,3,5
2.9747205668194607,0,1,0,0,0,0,1
2.9748575911763653,5,6,4,13,3,10,3
2.9751143534639835,0,0,0,0,0,0,0
2.975370348555445,1,3,5,0,0,0,9
2.9756796279976587,1,0,0,0,0,0,1
2.9759296766129677,0,0,0,0,0,2,0
2.976403117863307,0,5,0,2,0,0,0
2.9766706165357637,1,4,6,13,3,3,5
2.9767634605714703,0,0,0,0,0,0,0
2.976774484434849,4,11,0,4,1,3,16
2.977265153651641,1,0,0,0,0,2,0
2.977417579848,0,0,0,0,0,0,1
2.977892261437962,0,0,0,0,1,0,0
2.978508972913036,0,0,1,0,1,0,0
2.9785506491083873,309,987,2,60,5,14,2
2.979464240938752,3,2,0,7,0,0,0
2.979855437923471,0,1,0,1,0,0,0
2.979859164395286,0,0,0,0,0,1,0
2.979981510338983,0,0,6,4,0,0,4
2.980398722391235,1,2,4,16,5,1,17
2.9809571010595803,1,0,0,0,1,0,1
2.980965342301465,0,0,0,0,0,1,0
2.9812801911228957,2,0,0,0,0,0,0
2.981329643460491,1,0,0,1,1,0,0
2.981804548065037,1,0,0,0,0,1,0
2.9818293835587695,0,0,0,0,0,0,0
2.9818914792436817,0,3,0,0,0,0,0
2.983271425629336,0,0,0,0,0,0,1
2.9838038135637728,0,0,0,0,0,0,0
2.9839539480577613,1,2,1,0,2,0,1
2.985203309186295,1,2,0,1,0,1,4
2.985735363458816,1,1,0,1,1,0,0
2.985781755441788,0,0,0,0,1,0,0
2.986172829352221,0,16,6,26,1,2,3
2.987592393700314,0,13,1,0,1,0,0
2.9881214913695993,0,7,0,3,3,1,0
2.9885609585864996,0,0,0,0,0,0,1
2.9887077217656466,0,0,0,0,0,0,3
2.9893607902980386,0,0,0,5,0,0,3
2.989750117136201,0,0,0,0,0,0,0
2.9903041144122895,1,3,0,0,0,0,1
2.9912261421205453,0,0,14,7,0,0,0
2.9913428101514663,1,0,1,0,1,0,0
2.9914836296909626,0,12,9,0,3,0,4
2.991740377458735,0,0,0,0,0,0,0
2.992018588668761,0,0,0,0,0,1,0
2.9920622903326275,1,0,3,0,2,2,0
2.992121006191762,0,7,14,8,2,0,0
2.9922739518810815,2,6,2,1,1,1,0
2.9927673168698345,0,6,4,0,1,0,3
2.9928327743671512,1,0,0,0,0,0,1
2.993620503474205,0,0,0,0,0,0,0
2.9937343557538942,0,0,0,0,0,0,0
2.994118530495439,66,26,0,0,0,3,0
2.9945712320861406,2,1,0,2,0,1,0
2.9946195876937804,0,0,0,0,0,0,0
2.9946890310112537,0,0,0,0,0,0,0
2.994698015561455,0,0,0,0,0,0,1
2.994960491226555,0,7,0,4,2,2,8
2.9949747306354886,1,2,3,4,1,2,8
2.99553617628776,1,5,3,10,3,0,7
2.9957324070805496,2,0,0,0,0,0,0
2.9957667576489397,0,0,8,0,2,0,0
2.9959659077007967,4,5,0,1,0,2,0
2.998855885577929,2,3,5,8,2,1,6
2.9997401244233166,0,0,0,0,1,0,0
3.0017504035130487,1,0,0,0,0,0,0
3.002050575354016,0,0,3,0,0,0,1
3.0024239742966015,2,0,2,0,0,0,0
3.003102553659879,0,0,0,1,1,1,0
3.0034818206139042,1,1,0,0,1,0,0
3.0037644883920076,0,0,0,0,0,1,0
3.0046864100927135,1,5,15,3,0,3,2
3.0052368059782086,0,4,3,0,0,0,8
3.0055128163078098,1,1,0,2,1,0,0
3.0056342086170114,0,0,0,0,1,0,0
3.005782643400291,0,0,0,0,0,1,0
3.0060455665519457,2,0,0,0,0,0,0
3.0066318510892462,0,2,0,0,3,0,0
3.006815467196962,0,0,0,0,0,1,15
3.007857719977275,1,0,2,0,0,0,3
3.0080681869529697,2,0,2,0,0,3,16
3.0080950757237144,0,0,0,0,1,0,0
3.009156580423772,2,2,1,0,0,0,1
3.009292915100703,0,0,1,0,1,1,0
3.0104355429066914,0,0,3,0,3,0,8
3.010502872480853,1,4,0,0,1,1,0
3.012636216103556,1,0,0,0,0,0,0
3.012829651411151,0,1,0,0,0,0,0
3.0129561192601977,1,2,0,0,0,0,0
3.01315313476771,0,0,0,3,1,0,0
3.013353185662778,0,0,0,0,0,1,0
3.0134725501118007,0,0,0,0,2,0,0
3.0135208274305083,0,0,0,0,0,1,0
3.0136850027457527,1,1,0,9,1,0,7
3.0138961881332893,0,0,0,0,1,0,0
3.0141577363239556,0,0,0,0,0,0,0
3.0145215212236938,0,0,0,0,0,0,0
3.0151265361616213,4,0,0,0,0,0,1
3.0152757548680342,0,0,0,0,0,0,0
3.016360104923514,3,0,0,0,0,0,0
3.017977919372878,0,0,0,0,0,1,0
3.0179840411105614,1,2,3,0,7,1,7
3.018353310541987,0,0,0,0,1,2,1
3.0190572037224195,1,0,0,0,0,2,0
3.0199998429652335,0,1,1,0,0,1,1
3.020123279676975,0,0,0,0,0,0,0
3.0203414864454494,0,0,0,0,0,1,0
3.0215876333260843,0,0,0,0,0,0,0
3.021693258649785,0,1,0,11,0,0,0
3.0218629066588965,2,0,0,0,0,0,6
3.021870345314417,0,0,0,0,0,0,0
3.0219189992574136,0,0,0,0,1,0,0
3.0220761944914964,0,0,0,0,1,0,0
3.0220890065868637,2,0,0,0,0,0,0
3.0223675225211237,0,0,8,0,1,0,0
3.0234346685463547,0,0,0,0,0,0,2
3.0239720543246524,0,1,0,1,0,2,0
3.024037762089638,2,5,0,0,2,0,1
3.024402061567237,0,0,0,0,1,0,1
3.02579278860869,0,0,3,0,0,1,3
3.025945254668211,0,0,0,0,0,2,0
3.0261915846451424,0,0,0,0,0,2,0
3.0262693740228404,0,0,0,0,1,0,0
3.026316395674208,0,0,0,0,1,0,0
3.027295484961041,1267,12744,8722,4971,860,611,9062
3.028515089633997,1,1,18,0,2,2,6
3.029348246107484,0,1,0,0,0,0,2
3.029976706982191,0,0,0,0,1,0,0
3.030323646104487,0,0,0,0,0,0,0
3.030355854776303,0,0,0,1,1,0,0
3.0309561905043103,0,0,0,0,0,1,0
3.0311135237139784,0,0,0,0,0,1,0
3.0315791319272334,0,0,0,0,0,0,0
3.0317923991009685,1,0,0,7,0,0,0
3.0326110239424233,4,7,1,0,3,1,8
3.034363647907768,0,0,0,0,1,0,0
3.034798937269618,0,0,0,0,1,0,0
3.035081820149672,1,0,1,0,3,1,0
3.0352957084696652,0,3,9,6,2,0,15
3.0365544116357635,0,0,0,0,1,0,0
3.037115420497206,1,0,0,0,0,0,0
3.037492721237687,0,0,2,0,0,1,1
3.0385945747874787,0,1,10,0,1,0,5
3.038769838530033,36,263,12,308,26,67,8
3.0395815316095,0,0,0,0,0,0,0
3.040408704216305,0,3,0,2,2,2,0
3.040559077627251,0,5,3,0,1,3,7
3.040729614684071,0,0,0,0,0,1,0
3.040933007754097,0,0,2,0,1,0,0
3.0427278721694133,3,1,1,9,0,3,3
3.043095515578326,1,0,0,0,0,0,0
3.044488710404226,0,5,1,3,1,0,4
3.0449226497962534,0,0,0,0,0,0,0
3.046954331631853,0,0,0,0,0,0,0
3.047005229427399,0,0,0,0,2,0,0
3.047025557069228,0,0,0,0,0,2,0
3.0470850362172475,0,0,3,0,0,0,0
3.0483612681154657,0,0,0,0,1,0,4
3.048673121132021,1,2,5,0,3,0,2
3.049014683350238,0,0,0,0,0,0,0
3.0491907749571934,0,3,2,0,0,0,0
3.0497866624166945,0,0,0,0,0,0,0
3.050114144659831,0,0,0,1,0,0,0
3.050416921216192,0,0,0,0,1,1,2
3.0506903059896486,0,0,0,0,0,1,0
3.0507033381370285,2,6,5,0,4,0,0
3.0512451007005574,0,0,0,0,1,0,0
3.0515441787992046,0,0,0,0,2,0,0
3.052210390254843,0,0,0,0,0,0,0
3.0545450616106016,0,0,0,0,0,0,12
3.054644859617476,0,0,16,0,5,0,0
3.0549345643021937,0,0,9,0,0,1,6
3.0552984116756283,0,3,0,0,1,0,0
3.055482244746954,0,0,0,0,0,2,0
3.056621420783868,1,0,0,2,1,0,1
3.057281463395363,0,0,0,0,0,0,1
3.0573008964943758,0,0,0,0,0,0,0
3.0576076973541833,0,0,0,0,0,0,0
3.057726474938277,0,0,0,0,0,1,1
3.059006854316482,0,1,1,1,0,1,1
3.059420598348,6,9,1,0,0,4,0
3.0597376146863873,0,0,0,0,0,0,0
3.0606491885775062,0,0,0,0,1,0,0
3.060704738633936,1,1,0,0,0,0,0
3.060788936061321,1,0,0,0,0,0,0
3.061866622478462,1,2,0,0,1,3,2
3.061872044771693,0,0,0,0,0,1,0
3.062535169909584,1,0,5,0,0,1,5
3.0626056139944295,0,0,0,0,0,1,1
3.063339670982323,1,0,0,0,0,0,0
3.064908506605778,0,0,0,0,0,0,0
3.065097084355554,1,7,0,0,0,1,0
3.065554622274011,0,4,0,0,2,0,0
3.066154711830233,0,0,0,0,2,1,0
3.067113559763868,2,3,0,0,0,0,0
3.067464135694987,0,1,0,0,0,1,18
3.0677845986131156,0,0,1,0,0,0,0
3.068028482064993,0,0,2,0,0,1,7
3.0682144773054394,0,0,4,0,0,0,0
3.0685875430275917,0,2,0,0,0,0,6
3.0698819568421842,0,0,0,0,1,0,3
3.0704558787981138,1,0,0,0,1,0,0
3.0709717985932263,0,1,3,7,0,1,0
3.071140150013665,0,1,0,0,2,0,13
3.0719833809450257,1,0,0,12,0,1,0
3.072009886605266,1,0,1,1,2,1,3
3.0721136021855546,0,0,0,0,0,1,1
3.07261335802819,0,0,0,0,0,0,0
3.0738250727259,1,0,0,0,0,0,0
3.073918908585871,0,0,0,0,0,0,0
3.073978564241258,0,1,1,1,0,0,0
3.0747754818847413,0,0,0,0,1,0,0
3.0754527271506924,0,1,0,6,0,0,0
3.075724005220956,0,0,0,0,0,0,0
3.0760351589459116,0,1,0,1,0,1,0
3.0769421780214707,0,0,0,0,1,0,0
3.0778182497119158,0,1,1,6,1,2,5
3.0793998428354996,2,2,3,2,2,2,0
3.080867494548031,0,1,1,0,2,0,1
3.0815130282734455,0,0,0,0,0,2,0
3.081543418411986,4,0,1,0,0,2,0
3.081680608806907,0,0,0,0,0,1,2
3.0816942765532285,1,2,4,0,2,0,5
3.084080548776365,0,0,0,0,0,0,2
3.0844384703501753,0,0,0,0,0,0,0
3.0846096121291917,0,1,0,0,0,1,2
3.0852479923214955,0,0,0,0,0,1,0
3.0854126692491053,1,0,0,0,1,0,0
3.0856093201025723,0,0,0,0,0,0,0
3.0856569133113534,0,0,0,0,0,0,0
3.0861554408793483,1,1,0,0,0,0,0
3.087120167693614,1,4,0,0,0,0,0
3.0878475513215347,0,0,0,0,0,0,0
3.089945336398637,0,0,0,0,0,0,2
3.0901765060208377,1,3,4,3,3,0,9
3.0910068015266923,0,2,0,1,0,0,1
3.0915678394456605,0,1,0,0,0,0,0
3.091647005900172,0,0,3,0,1,0,2
3.0922896298128246,1,3,3,3,4,1,0
3.092492326819758,1,0,1,4,0,3,1
3.09444829640254,0,0,0,0,0,0,0
3.0952823838375116,0,0,0,0,0,0,0
3.0955425146407047,0,0,0,0,0,1,0
3.0964491227654225,0,0,0,0,0,0,0
3.0965026106100084,12,26,2,80,9,37,7
3.096658291327518,1,0,0,0,0,0,0
3.0973552905312074,0,0,0,0,0,0,5
3.0976381773260644,0,0,0,0,0,0,0
3.0988730012229246,0,0,0,0,1,0,0
3.0996332953693577,0,1,0,0,0,0,0
3.10003844390856,1,0,1,5,0,0,0
3.100129671039793,0,0,0,0,0,0,1
3.101092741143463,3,0,0,0,0,0,0
3.10286698723828,0,0,0,0,0,0,0
3.1029465516937536,1,0,0,0,0,0,0
3.103317595090845,0,0,0,0,0,0,0
3.10369502579589,0,1,0,9,4,0,0
3.104315929043506,0,0,0,0,0,1,0
3.1044385095817595,0,0,8,0,1,0,2
3.105380333085546,0,0,0,0,0,0,0
3.105547015959149,0,0,0,0,1,3,0
3.1069130718149935,0,3,0,0,1,0,0
3.1072073780883773,1,1,0,0,0,0,0
3.1074583143447563,0,0,0,0,1,0,0
3.107809552489134,0,0,0,0,0,0,0
3.107895447032088,1,0,0,0,0,0,0
3.1082225494348545,1,5,0,6,0,3,0
3.10824248410692,0,0,0,0,1,1,4
3.109099452762962,1,0,0,0,0,0,1
3.109705894300136,0,0,0,0,0,0,1
3.1105510832128735,1,0,0,0,0,0,0
3.110556959594077,1,0,0,0,0,0,0
3.112251369680164,0,0,0,0,0,0,0
3.1128292506111017,1,4,13,2,0,2,1
3.113098237585141,0,0,0,0,0,1,0
3.1134200292998995,1,0,0,0,1,0,0
3.1145159393462234,1,0,0,0,1,0,0
3.1147504660880916,0,0,0,3,0,0,0
3.1158261977473938,0,0,1,8,0,0,0
3.1165327955274256,1,4,7,0,1,0,7
3.116770616524848,1,0,0,0,0,0,0
3.117572690925115,0,1,0,0,1,0,0
3.117756330220741,0,1,0,0,0,0,0
3.1179973366604976,0,0,0,3,0,0,0
3.1182278303575073,0,0,0,0,0,0,0
3.1186267026174335,0,0,0,0,0,1,1
3.118714787480588,0,0,0,0,0,0,0
3.118749603847877,1,5,1,6,3,1,0
3.119030447947317,1,0,0,0,1,0,0
3.119468691540112,0,0,3,3,0,1,0
3.1197658824256154,2,0,0,4,1,1,0
3.120273628055009,0,0,4,0,0,0,0
3.120933130793486,0,0,0,4,0,0,0
3.1212453973022543,0,0,0,2,1,0,0
3.121949633909404,1,1,0,0,2,0,4
3.1236496153556765,0,0,0,0,0,0,2
3.1241564724655064,0,0,0,7,0,2,3
3.124567699392423,2,10,2,2,3,4,5
3.1258409893235566,0,0,0,0,0,1,0
3.126324970797807,0,0,0,6,1,0,0
3.1275502539948747,1,0,0,1,1,0,0
3.1281216990056713,0,0,0,0,0,0,0
3.1284847637639848,0,0,0,0,0,0,0
3.130020774880207,0,1,0,1,2,1,1
3.1300611263056206,1,0,0,0,2,0,2
3.131543265106641,0,0,1,0,0,0,3
3.1321749102201695,0,0,0,0,2,0,4
3.132200305219994,0,1,0,0,0,0,6
3.132673027592402,0,0,1,0,1,0,0
3.1326983058654423,0,0,0,0,0,0,0
3.1360888648567307,0,5,0,0,0,1,0
3.1384828314798776,1,0,0,0,0,1,0
3.138770602661607,0,0,0,0,0,0,0
3.138930631196311,2,0,0,0,2,0,0
3.1391911636266276,0,1,0,1,1,0,0
3.1405198382428248,11,27,0,50,6,22,0
3.1405550451588464,5,1,0,0,0,0,0
3.141113798910633,0,0,1,0,0,1,0
3.141914748924067,0,0,0,0,0,0,0
3.142682229526549,0,0,4,0,0,0,0
3.1447278653732234,1,0,0,0,0,0,0
3.1458156214995063,0,1,1,0,1,2,0
3.146132372871097,0,0,1,1,0,1,0
3.1461723132863457,1,0,0,0,0,0,0
3.1465551842962403,0,0,0,0,0,0,0
3.1477885211813468,0,0,5,0,1,0,0
3.148804920618021,0,0,0,0,0,0,0
3.1488115188176606,2,0,0,0,0,0,0
3.1488835385273215,2,0,0,0,0,2,0
3.149248230231836,0,0,1,0,0,1,0
3.150402287520904,0,0,5,0,2,1,6
3.151446952599136,0,3,1,0,2,0,0
3.1515053891868647,0,0,0,0,0,0,0
3.153704504162912,0,24,0,0,0,0,0
3.1549363758036417,0,2,0,0,0,3,0
3.156268987617103,1,0,0,16,0,0,0
3.15669321692336,618,859,406,339,202,171,309
3.1582513197730773,2,0,0,0,0,0,0
3.1595211507747134,0,0,0,0,1,0,6
3.16023260986256,0,0,0,0,1,0,0
3.1604261257298942,1,2,6,13,3,1,3
3.1615184022186895,1,0,1,1,2,0,4
3.1623179775326395,1,0,1,0,0,0,1
3.1623457725404025,0,0,0,0,0,1,0
3.162367752588385,0,0,0,0,0,1,0
3.1629681268502376,1,0,0,0,0,1,0
3.1635073711265114,0,0,0,0,2,0,0
3.163697318481372,2,0,0,0,0,0,0
3.1637883812936716,0,0,2,0,0,1,0
3.1652089731061723,0,0,0,0,1,1,4
3.165227974081295,1,0,0,0,1,0,0
3.165334998429461,0,0,0,0,0,1,0
3.165580637974649,61,516,31,544,36,134,56
3.16620057113893,0,0,0,0,0,1,0
3.1677073383851493,0,0,0,0,0,0,0
3.168100927303676,0,0,0,0,0,0,1
3.169863797360497,0,0,0,0,2,1,1
3.1699928388490686,1,0,1,2,2,1,20
3.170156323552088,1,2,0,0,0,1,0
3.17115359723688,0,2,0,0,0,1,0
3.1724693188258026,0,0,0,0,0,2,0
3.174298143580203,1,0,0,0,0,0,1
3.1743100848536066,1,0,0,0,1,0,0
3.1748588473496784,0,0,0,0,1,0,0
3.1769504544973977,1,1,3,0,1,1,0
3.1772541695196326,0,0,0,0,0,0,0
3.1807761956488267,0,0,0,1,0,1,0
3.1823779470040057,1,0,0,0,0,0,0
3.183378808597127,0,0,0,2,0,1,0
3.1835606894600406,0,5,0,0,0,0,0
3.1844744964605947,0,0,0,0,0,2,0
3.185007648762847,2,0,0,0,0,0,1
3.1866447874541195,0,0,0,0,0,1,0
3.186892740705021,0,0,0,0,0,1,0
3.1869543716465074,0,0,0,0,0,1,0
3.1872824599859286,1,3,0,0,0,0,0
3.1891666406572248,0,0,0,0,1,0,3
3.189247806753413,0,6,6,0,1,0,0
3.189317131517911,0,0,0,0,2,6,0
3.1907687074028694,1,0,2,0,0,0,0
3.192990300097029,0,0,0,0,0,0,4
3.193434538916852,0,0,0,0,1,0,0
3.1934566796083086,0,1,0,0,0,1,0
3.1936437935843345,0,0,0,0,0,0,0
3.1937168874765804,0,0,0,0,1,0,1
3.1939754908692595,1303,8122,1675,1830,292,270,2367
3.194183184747057,0,0,0,0,0,1,0
3.1943065061021345,1,0,5,0,1,1,0
3.1972682756029482,1,0,2,0,1,0,0
3.197845768757428,1,2,2,1,1,0,0
3.1990573319935613,1,3,1,0,0,0,0
3.1990731474045635,0,0,0,0,0,1,0
3.199992692016908,0,0,0,0,1,1,0
3.200054025404858,0,0,0,0,0,0,0
3.201384052256447,1,0,0,0,0,0,1
3.20179959640835,0,0,0,0,1,1,0
3.2032302484960287,0,0,0,1,0,1,0
3.2043920280738196,0,0,0,0,1,1,0
3.205475982595339,86,968,79,956,52,181,121
3.2056641028464177,1,0,0,0,1,0,0
3.20603914930983,0,1,0,0,0,0,5
3.2064533827284296,0,0,0,0,0,1,0
3.208025170447995,0,0,0,0,0,0,0
3.2087558461918633,0,0,0,0,0,0,0
3.2091243916055916,0,0,0,0,1,1,0
3.2099881095105336,0,0,1,0,0,0,0
3.211403783598523,0,0,0,0,0,1,0
3.211535796508257,1,0,0,0,0,1,0
3.211680800621549,0,0,0,0,1,0,0
3.2125191425503665,1,0,3,0,1,1,0
3.2126248542492255,0,0,0,0,0,0,1
3.212821766657304,0,0,0,0,0,0,0
3.212841408990501,0,0,0,0,0,0,0
3.2138884384272517,0,0,0,0,0,0,0
3.2163772098308896,1,0,4,2,2,2,0
3.216378985549131,0,0,0,0,3,1,0
3.2178541469405624,0,2,0,0,1,0,0
3.21894214725392,161,245,425,301,150,113,505
3.220777935737073,1,0,0,0,0,0,0
3.2213789022264243,1,0,0,0,0,0,0
3.2222059427087877,0,1,0,0,0,0,0
3.2238883975361046,0,0,0,0,0,0,0
3.2250655087626856,2075,9070,4658,3993,1014,759,4848
3.2252651771517984,0,0,0,0,1,0,0
3.2289262076253418,0,0,0,0,2,0,0
3.2291048360086863,0,0,0,0,1,0,1
3.2291393869607914,0,0,0,0,0,0,0
3.2291677133743875,0,0,0,2,0,1,0
3.2308927379549783,1,0,0,0,0,1,0
3.2312939945352612,1,0,0,0,1,0,0
3.2324917902577335,1,0,4,0,0,0,0
3.2331250022368336,0,7,0,0,0,1,0
3.2336001386742828,0,1,0,0,1,2,0
3.2336289749922043,2,0,0,0,0,0,0
3.233691377393204,291,7276,20,799,11,35,116
3.23398947639063,0,0,0,0,0,1,0
3.2344260492524466,1,0,0,0,1,0,0
3.234626981611152,1,5,0,1,0,3,2
3.2363437692260537,0,0,0,0,0,0,0
3.2365212792601055,1,0,0,0,0,1,0
3.236530896241498,1,0,0,0,0,0,0
3.2366777619525577,2,0,0,0,0,0,0
3.239540612170024,0,0,0,0,0,0,0
3.2404896569072634,0,0,0,0,0,1,1
3.2411177530313195,0,0,0,0,0,0,9
3.2421176448451736,0,0,0,0,0,0,0
3.2425100136402176,1,3,1,0,0,1,0
3.2441936721423668,0,0,0,0,0,1,0
3.2478361940984373,0,0,0,0,0,3,0
3.249334969702523,0,0,0,0,0,0,0
3.25011881396094,0,2,0,0,2,0,0
3.2516227233133796,0,15,12,8,0,3,1
3.2536227769528328,96,318,135,455,30,227,116
3.254506334802359,0,0,3,0,0,1,0
3.2561899018911884,0,0,0,0,0,0,0
3.257097045918555,2,0,0,0,0,0,0
3.2572728879971358,0,0,0,0,0,1,0
3.257623770317099,0,3,1,0,3,1,3
3.2582866429122586,0,0,0,0,0,1,0
3.2596650631951496,0,5,0,0,1,0,1
3.2623053005242832,0,0,0,0,0,1,0
3.262783268467098,2,0,0,0,0,0,0
3.2649197991644914,0,0,0,0,1,0,0
3.265770781853451,0,0,1,0,1,0,1
3.266039951069397,1,0,0,0,0,1,0
3.2675409618612044,0,0,0,0,0,2,0
3.269874031239685,0,0,0,0,0,0,0
3.270529291444113,0,0,1,0,1,1,2
3.2707544129360113,0,0,1,0,1,0,0
3.272583193482091,0,0,0,0,0,1,0
3.274205154050036,0,0,0,0,0,0,0
3.2751453935471933,0,0,0,0,1,0,0
3.2754462485676887,0,0,0,0,1,0,0
3.277708679951071,0,0,0,0,0,1,0
3.278095137929039,0,0,0,0,2,0,0
3.280751174771209,0,0,0,0,0,0,0
3.2818853414146756,1,0,0,0,0,0,0
3.2864692052840234,1,0,0,0,2,0,0
3.288558641560627,0,0,0,0,0,0,0
3.288761967921965,0,0,0,0,0,1,0
3.2901794823858777,0,0,0,0,1,0,0
3.291446449371559,0,0,0,0,0,1,0
3.292177913411111,0,0,0,0,0,0,0
3.2946187867205325,835,4026,9339,9046,1448,738,7866
3.296837286728701,0,0,0,0,0,0,0
3.3018207639010173,0,0,0,0,0,0,0
3.3043028810787747,1,0,0,0,0,0,0
3.3049784580575374,0,0,0,0,0,0,0
3.3050226034956256,0,0,0,0,0,1,0
3.305720038149322,0,0,0,0,0,0,0
3.3066216134642676,0,5,0,2,0,0,0
3.3077070384573637,0,0,0,0,0,1,0
3.3080262708777712,1,0,0,0,1,0,0
3.309074981182586,0,0,1,0,1,0,1
3.3108422108372184,0,0,0,0,0,1,0
3.31098312352616,0,0,0,1,0,1,0
3.313186431011321,0,0,0,0,0,0,0
3.3142747041247844,0,0,0,0,0,1,0
3.314755036985436,0,0,0,0,1,0,0
3.318597976219878,0,0,0,0,1,0,1
3.318695973344227,1,0,0,0,0,1,0
3.3199231321865783,0,0,0,0,0,0,0
3.3214622904641264,0,0,0,0,0,0,0
3.3227392076000903,0,0,0,0,0,0,0
3.324192748961138,20,175,7,113,16,69,20
3.3242362647302484,1,0,0,0,0,0,0
3.3299771906224325,40,149,18,368,19,117,21
3.3302048999270126,1,0,0,0,0,0,0
3.331895581649215,1211,15147,12517,12156,811,818,10758
3.336457316073166,0,0,0,0,1,0,0
3.337986871427728,468,6178,9,392,19,48,231
3.3398019595940234,0,1,0,0,0,0,8
3.343872429340674,0,0,0,0,1,1,0
3.3439314625105307,0,0,0,0,1,1,0
3.3444417228447185,0,0,0,1,0,1,0
3.3467091894031755,0,0,0,0,1,1,0
3.3468456680742844,0,0,0,0,1,1,0
3.3478293442289337,0,0,0,0,0,1,0
3.3480195257954297,0,0,0,2,1,0,0
3.351177504497848,0,0,0,0,2,0,3
3.3513389600541257,0,0,0,0,0,0,1
3.355809472044496,0,3,0,0,0,1,0
3.358137926603361,0,0,0,0,0,0,0
3.358587504367692,0,0,0,0,0,0,1
3.3610155074181316,0,0,0,0,0,0,0
3.3633338245622504,0,0,0,0,0,0,0
3.3639017175073076,2,0,0,0,0,0,0
3.3641754745306236,0,0,0,0,0,0,1
3.3644819688144745,0,0,0,0,1,0,0
3.364545860158275,0,0,0,1,0,0,0
3.365252664682978,0,0,0,0,0,1,0
3.3667104118214106,1,0,1,0,0,0,0
3.3707584998901203,0,0,1,0,0,1,0
3.371200584704586,0,1,1,4,2,0,4
3.372610021947152,0,0,0,0,0,0,0
3.3740956580942143,0,0,1,0,0,1,0
3.3743909531670275,116,1312,92,1288,71,229,78
3.3779903620409644,0,0,0,0,0,0,0
3.378458013128591,0,0,0,0,0,1,0
3.3813947465875973,0,0,0,0,0,2,0
3.3836504609276967,0,0,0,0,0,0,0
3.387197908195312,0,0,0,0,0,0,1
3.389499877387856,0,0,0,1,0,1,0
3.392501851682929,55,452,88,558,32,158,68
3.3940953186619023,0,0,0,0,0,0,0
3.396209725654601,0,0,0,0,0,1,0
3.3980939371630305,0,0,0,0,1,0,0
3.3991994830715804,0,0,0,0,0,0,0
3.406409895710151,0,0,0,0,0,0,0
3.408158847019699,0,1,0,0,0,0,0
3.409397982654864,0,0,0,0,0,1,0
3.4124257589441607,0,0,0,0,0,1,0
3.4136896733850257,0,0,0,0,1,0,0
3.4173266878187576,1,0,0,0,0,0,0
3.420380372021653,0,0,0,0,0,0,0
3.421183587621529,0,0,0,0,0,0,0
3.423442868041421,0,0,0,0,0,0,0
3.4249139743982893,0,1,0,0,0,1,0
3.4292636506899012,1,0,1,0,0,0,0
3.429596821375848,0,0,0,0,0,1,0
3.430536055809013,0,0,0,0,0,1,0
3.4310771257967363,0,0,0,0,0,0,0
3.435788729549656,0,0,0,0,0,2,0
3.435929500952475,1,0,0,0,0,0,2
3.4388991644057976,0,0,0,0,0,2,0
3.4389737089613672,0,0,0,0,0,0,0
3.441142937725727,0,0,0,0,0,2,0
3.4422291514827315,0,1,0,2,0,1,1
3.44243291320138,0,1,0,0,1,0,2
3.4449177684039496,0,0,0,0,0,0,0
3.445149318943933,1,0,0,0,0,0,0
3.448288943492641,0,0,0,0,0,0,0
3.4500258632246172,0,1,0,0,0,0,0
3.4542574521622496,0,0,0,0,1,1,0
3.455538627645896,0,0,0,0,0,0,0
3.458967483957259,0,0,0,0,0,1,0
3.4599169030734767,0,0,1,0,1,0,0
3.4621890370633874,0,0,1,0,0,1,2
3.4651553334430227,1,0,0,0,0,0,0
3.467337323578428,0,0,0,0,2,1,0
3.47054749889419,0,0,0,0,0,1,0
3.4724382566357854,1,0,0,0,0,0,1
3.4737681180313817,0,0,0,0,0,1,0
3.4870763326851826,0,0,0,0,0,0,0
3.489659588191653,0,0,0,0,0,0,0
3.49002852368449,0,0,0,0,0,0,0
3.492836207257707,0,0,0,0,0,0,0
3.493312556826523,2,0,0,0,1,0,0
3.4987132166211463,0,0,0,0,0,1,0
3.501944567315055,0,0,0,0,0,1,0
3.5032301276259066,0,0,0,0,0,0,0
3.504200597308159,0,0,0,0,0,2,0
3.5065581216348276,0,0,0,0,0,0,0
3.510187898708229,532,3403,58,241,12,56,97
3.5166083481130466,0,0,0,0,0,0,0
3.519359533401209,0,0,0,0,1,0,0
3.543913583311081,0,0,0,0,0,0,0
3.5454477282576513,1,0,0,0,0,0,0
3.54906771583559,0,0,0,0,0,0,0
3.5557708608183822,0,0,0,0,1,0,0
3.5613660995012375,0,0,0,0,0,0,0
3.5648934059401776,0,0,0,0,0,0,0
3.5687780388848003,1517,5061,5280,3839,1457,1012,5631
3.5693812646763794,1,0,0,0,2,0,0
3.5719856177517166,0,0,0,0,0,0,0
3.5791286189187,1,0,0,0,0,0,0
3.5809223037652678,0,0,0,0,0,2,0
3.581928907899357,0,0,0,0,0,1,0
3.616190146303513,0,0,0,0,0,0,0
3.619815929209217,0,3,4,0,2,0,2
3.626844132366002,0,0,0,0,0,2,0
3.632234146773773,0,4,0,0,0,1,0
3.6343912944571866,0,0,0,0,0,0,0
3.638186312515986,0,0,0,0,0,1,0
3.65738068076418,0,0,0,0,0,2,0
3.6627863749084426,0,0,0,18,0,0,6
3.664937334195118,149,1480,145,2193,99,397,158
3.673006144965535,0,0,0,0,0,0,0
3.6781878987227947,1766,5123,1443,1699,325,842,1315
3.685401677725893,0,0,0,0,0,0,1
3.6928874934349625,0,0,0,0,0,0,0
3.700951938272169,0,0,0,0,0,0,0
3.705008915771959,0,0,0,0,0,0,0
3.7090821846199984,0,0,0,0,0,0,0
3.7338767952440164,0,0,0,0,0,0,0
3.7419027066420276,789,1699,763,652,258,228,775
3.8911299266284867,649,1672,1564,1341,514,244,1630
4.05468823324697,16,7,11,2,3,6,3
4.584385067675898,871,12677,2546,13777,491,1490,2458
4.646611872259099,1708,15472,817,1778,193,267,833
