,GSE208683_WT_1,GSE208683_WT_2,GSE208683_AD_1,GSE208683_AD_2
0610005C13Rik,121,115,157,122
0610006L08Rik,5,9,12,7
0610009B22Rik,15,430,181,93
0610009E02Rik,864,1014,927,1025
0610009L18Rik,127,165,137,137
0610010F05Rik,5377,6546,5733,5555
0610010K14Rik,128,237,147,139
0610012D04Rik,10,1,5,6
0610012G03Rik,91,1050,213,89
0610025J13Rik,3,11,8,3
0610030E20Rik,1594,2038,1550,1647
0610031O16Rik,0,0,0,0
0610033M10Rik,1,1,2,5
0610038B21Rik,21,48,31,52
0610039K10Rik,0,5,0,3
0610040B10Rik,286,337,327,315
0610040F04Rik,642,792,618,555
0610040J01Rik,1049,892,1239,973
0610043K17Rik,2070,2357,1807,1980
0710001A04Rik,81,44,86,65
1010001B22Rik,1,1,2,0
1010001N08Rik,6,5,10,2
1100001I12Rik,2,3,6,3
1110002E22Rik,115,108,106,74
1110002J07Rik,84,34,22,46
1110002L01Rik,906,875,913,843
1110002O04Rik,49,62,42,70
1110004F10Rik,1713,2123,1795,1642
1110006O24Rik,18,36,20,12
1110008E08Rik,2,2,0,1
1110008P14Rik,416,1050,544,307
1110012L19Rik,22,15,10,16
1110013H19Rik,17,37,26,25
1110015O18Rik,62,82,33,47
1110017D15Rik,581,544,544,477
1110018N20Rik,280,301,176,229
1110019B22Rik,0,1,0,0
1110019D14Rik,1799,1856,1737,1818
1110020A21Rik,108,149,106,81
1110025L11Rik,0,0,0,0
1110028F11Rik,2,1,1,3
1110028F18Rik,0,0,1,0
1110032A03Rik,1194,1772,1253,1620
1110032F04Rik,8,26,0,5
1110035H17Rik,132,198,119,155
1110038B12Rik,132,302,229,181
1110038F14Rik,910,1134,829,806
1110046J04Rik,945,1143,866,1107
1110051M20Rik,13756,13047,13539,11762
1110057P08Rik,0,0,0,0
1110059E24Rik,1750,1704,1589,1634
1110059G10Rik,72,355,214,100
1110065P20Rik,163,403,343,166
1190001M18Rik,0,0,0,0
1190005I06Rik,778,681,872,622
1190007I07Rik,95,418,270,131
1190028D05Rik,2,2,1,1
1200007C13Rik,0,1,1,0
1300002E11Rik,327,366,302,281
1300014J16Rik,30,54,22,9
1300017J02Rik,257,273,309,298
1500002C15Rik,58,71,30,44
1500002F19Rik,7,11,2,2
1500004A13Rik,10149,10651,10145,8629
1500009C09Rik,72,119,124,23
1500009L16Rik,406,591,521,529
1500011B03Rik,378,1669,760,259
1500012K07Rik,22,35,45,27
1500015A07Rik,344,665,323,249
1500015L24Rik,259,264,390,200
1500026H17Rik,623,633,511,540
1500032F14Rik,49,70,32,30
1500035N22Rik,812,905,933,903
1520401A03Rik,31,29,22,26
1600002D24Rik,54,49,36,66
1600002K03Rik,297,291,266,230
1600010M07Rik,2844,2867,2580,2768
1600012H06Rik,273,503,302,199
1600012P17Rik,0,0,0,0
1600014C10Rik,389,533,433,425
1600014C23Rik,0,0,0,0
1600019K03Rik,0,1,0,0
1600020E01Rik,2817,2461,2555,2304
1600022D10Rik,14,19,25,49
1600025M17Rik,3,3,1,0
1600027J07Rik,0,1,0,0
1700001C02Rik,1,2,0,2
1700001C19Rik,11,7,28,26
1700001D01Rik,43,31,33,35
1700001F09Rik,0,0,0,0
1700001G01Rik,7,7,2,6
1700001G11Rik,104,115,110,130
1700001J03Rik,17,10,8,7
1700001J04Rik,0,1,2,1
1700001K19Rik,176,111,136,146
1700001K23Rik,45,27,31,42
1700001L05Rik,78,62,77,107
1700001L19Rik,205,260,197,206
1700001N15Rik,1,5,4,8
1700001O22Rik,163,119,106,108
1700001P01Rik,18,29,35,22
1700003C15Rik,0,0,0,2
1700003D09Rik,208,116,110,534
1700003E16Rik,220,274,249,292
1700003E24Rik,0,0,0,0
1700003F12Rik,920,712,823,728
1700003G18Rik,46,54,65,57
1700003H04Rik,0,0,0,1
1700003I16Rik,1,2,0,3
1700003I22Rik,0,0,0,0
1700003L19Rik,88,125,127,155
1700003M07Rik,23,36,37,41
1700003O11Rik,2,1,1,5
1700003P14Rik,2,1,0,1
1700006A11Rik,0,1,0,1
1700006F04Rik,43,58,41,44
1700006H21Rik,0,0,0,0
1700006J14Rik,5,4,13,3
1700007F19Rik,159,213,166,222
1700007H22Rik,1,0,0,1
1700007J10Rik,252,215,188,214
1700007K13Rik,27,35,33,27
1700007L15Rik,30,45,25,48
1700007M16Rik,0,0,0,0
1700007P06Rik,10,24,18,26
1700008B11Rik,1,0,1,0
1700008C04Rik,7,5,7,9
1700008J07Rik,71,80,74,57
1700008K24Rik,2,1,4,3
1700008N11Rik,0,0,0,0
1700008O03Rik,380,651,391,480
1700008P02Rik,0,2,0,0
1700009C05Rik,5,6,8,10
1700009J07Rik,1,0,2,0
1700009N14Rik,0,0,0,0
1700010B08Rik,0,0,0,0
1700010B13Rik,3,7,3,4
1700010D01Rik,0,0,0,0
1700010G06Rik,6,3,6,1
1700010H22Rik,1,2,2,8
1700010I02Rik,2,2,3,1
1700010I14Rik,164,125,130,134
1700010J16Rik,16,23,15,14
1700010K23Rik,18,24,18,21
1700010K24Rik,506,615,437,496
1700010L04Rik,12,9,11,13
1700011B04Rik,0,1,0,0
1700011C11Rik,11,10,12,11
1700011D18Rik,1,1,0,4
1700011L03Rik,0,0,0,1
1700011L22Rik,25,21,21,26
1700011M02Rik,0,0,1,0
1700012A03Rik,2,3,3,2
1700012B07Rik,3,2,3,3
1700012B09Rik,10,12,2,8
1700012C08Rik,0,0,0,0
1700012C14Rik,3,5,6,3
1700012D14Rik,2065,2097,2126,2059
1700012D16Rik,5,2,0,2
1700012E03Rik,0,0,0,0
1700012I11Rik,20,17,21,15
1700012J15Rik,1,0,0,1
1700012P22Rik,2,4,6,2
1700013D24Rik,0,1,1,0
1700013F07Rik,382,398,322,349
1700013G24Rik,0,0,0,0
1700013H16Rik,2,1,4,6
1700013M08Rik,7,15,5,3
1700013N06Rik,0,0,2,0
1700014D04Rik,14,16,5,16
1700014F14Rik,1,0,0,0
1700014L14Rik,0,0,0,0
1700015C15Rik,4,7,1,1
1700015C17Rik,0,0,0,1
1700015F17Rik,70,87,65,85
1700015G11Rik,0,0,0,0
1700015H07Rik,106,90,95,109
1700015I17Rik,4,5,6,7
1700015O11Rik,2,1,4,4
1700016B01Rik,1,0,0,0
1700016C15Rik,17,17,9,13
1700016D06Rik,30,21,28,13
1700016F12Rik,0,0,0,0
1700016G22Rik,2,0,1,0
1700016H03Rik,1,2,0,1
1700016H13Rik,0,2,0,1
1700016J18Rik,18,52,16,56
1700016K05Rik,479,366,315,402
1700016K19Rik,6,20,14,16
1700016L21Rik,1,2,4,3
1700016P03Rik,2074,2135,1208,1021
1700016P04Rik,2,1,0,0
1700017B05Rik,201,161,265,203
1700017D01Rik,14,25,10,16
1700017G19Rik,1,2,0,0
1700017I07Rik,1,0,1,0
1700017J07Rik,0,0,0,1
1700017L05Rik,0,0,0,0
1700017M07Rik,13,9,15,3
1700017N19Rik,0,2,0,0
1700018A04Rik,161,80,162,138
1700018A23Rik,12,7,7,11
1700018B08Rik,1,1,1,2
1700018B24Rik,0,1,2,1
1700018F24Rik,0,0,0,0
1700018G05Rik,3,1,2,0
1700018L02Rik,91,122,93,129
1700018P08Rik,0,0,0,0
1700019A02Rik,158,181,134,170
1700019C18Rik,0,1,0,0
1700019D03Rik,1159,1329,962,1379
1700019E08Rik,0,0,0,0
1700019F05Rik,1,4,0,3
1700019G24Rik,137,105,82,124
1700019J19Rik,19,19,17,22
1700019L13Rik,17,18,21,18
1700019N19Rik,6,4,11,14
1700019P21Rik,0,0,1,1
1700020A23Rik,2,3,0,1
1700020D05Rik,97,75,97,81
1700020D12Rik,2,3,4,4
1700020G17Rik,6,2,5,1
1700020L24Rik,3,7,6,7
1700020M21Rik,0,1,0,0
1700020N01Rik,0,2,1,3
1700020N15Rik,0,0,0,0
1700020N18Rik,0,1,0,1
1700021A07Rik,1,0,0,0
1700021F02Rik,0,0,0,0
1700021F05Rik,645,739,629,687
1700021F07Rik,0,1,0,0
1700021F13Rik,0,0,0,0
1700021G15Rik,0,0,1,0
1700021J08Rik,1,1,2,2
1700021L23Rik,1,2,1,0
1700021N21Rik,2,3,4,3
1700021P04Rik,0,0,0,0
1700022A22Rik,33,27,16,18
1700022E09Rik,0,0,2,0
1700022H01Rik,38,40,41,29
1700022H16Rik,0,2,3,1
1700022I11Rik,313,263,264,278
1700022N22Rik,110,114,87,104
1700023C21Rik,0,0,3,0
1700023F02Rik,101,146,165,155
1700023F06Rik,206,404,222,255
1700023G09Rik,0,0,0,0
1700023H06Rik,18,27,31,24
1700024B05Rik,3,5,3,3
1700024B18Rik,2481,3030,2020,2849
1700024G13Rik,0,7,0,2
1700024I08Rik,27,21,15,29
1700024P04Rik,0,0,0,0
1700025B11Rik,1,0,1,0
1700025C18Rik,1,0,2,0
1700025D23Rik,0,1,0,0
1700025F22Rik,1,5,3,4
1700025F24Rik,13,24,27,24
1700025G04Rik,8434,8977,8288,6567
1700025H01Rik,0,0,1,0
1700025J12Rik,6,5,5,1
1700025K04Rik,0,0,0,0
1700025K24Rik,4,12,4,4
1700025L06Rik,0,1,1,0
1700025M24Rik,2,1,0,0
1700025N21Rik,24,14,18,15
1700025N23Rik,6,2,6,3
1700025O08Rik,1,0,0,2
1700026D11Rik,5,11,3,5
1700026F02Rik,136,193,161,153
1700026J12Rik,17,10,14,8
1700026J14Rik,17,43,14,20
1700026N04Rik,7,15,19,19
1700027A07Rik,54,64,52,53
1700027A15Rik,59,44,51,57
1700027F06Rik,0,0,0,0
1700027F09Rik,0,1,1,1
1700027H10Rik,353,347,269,368
1700027I24Rik,13,10,19,13
1700027J07Rik,1,4,0,3
1700028D13Rik,0,0,0,0
1700028E10Rik,621,508,614,596
1700028I16Rik,1,2,1,1
1700028J19Rik,54,88,76,66
1700028K03Rik,489,535,410,439
1700028M03Rik,1,5,2,3
1700028N14Rik,0,1,1,2
1700028P14Rik,47,59,25,40
1700028P15Rik,0,0,0,0
1700029B22Rik,0,0,0,0
1700029E06Rik,0,0,0,0
1700029F12Rik,0,1,0,0
1700029H14Rik,74,24,34,41
1700029I15Rik,111,97,84,78
1700029J03Rik,12,7,4,3
1700029J07Rik,685,866,687,743
1700029M03Rik,0,1,0,0
1700029M20Rik,0,0,0,0
1700029N11Rik,1,1,0,0
1700029P11Rik,0,0,0,1
1700030A11Rik,2,1,0,1
1700030C12Rik,14,10,12,13
1700030C14Rik,0,1,1,2
1700030E10Rik,2,1,4,3
1700030F04Rik,203,231,314,282
1700030J22Rik,218,281,261,270
1700030K09Rik,1387,1289,1124,1106
1700030L20Rik,0,3,1,0
1700030L22Rik,75,42,62,43
1700030M09Rik,9,10,16,14
1700030N03Rik,8,13,11,3
1700030O20Rik,0,0,0,1
1700031A10Rik,9,17,10,9
1700031F05Rik,1,1,0,0
1700031F10Rik,0,0,0,0
1700031L13Rik,0,0,0,0
1700031P21Rik,1,1,1,2
1700034B16Rik,0,0,0,0
1700034E13Rik,1,0,1,0
1700034G24Rik,3,1,2,5
1700034H15Rik,299,327,312,306
1700034I23Rik,57,45,46,49
1700034J05Rik,19,16,16,9
1700034K08Rik,4,0,1,2
1700034P13Rik,81,90,89,80
1700036A12Rik,74,71,76,63
1700036G14Rik,4,3,2,1
1700036O09Rik,0,0,0,0
1700037C06Rik,0,0,0,0
1700037C18Rik,980,854,775,968
1700037F03Rik,183,159,162,114
1700037H04Rik,223,319,246,336
1700039E22Rik,3,6,2,2
1700039M10Rik,25,34,13,23
1700039M15Rik,0,0,0,1
1700040D17Rik,14,50,19,14
1700040E09Rik,0,1,0,0
1700040F15Rik,0,0,0,0
1700040F17Rik,0,1,0,0
1700040L08Rik,4,17,8,3
1700041B01Rik,38,24,32,13
1700041C23Rik,1,3,0,1
1700041G16Rik,69,67,72,89
1700041I07Rik,3,5,1,8
1700041M05Rik,4,3,8,5
1700041M19Rik,22,20,16,18
1700042D02Rik,1,2,2,3
1700042G07Rik,0,0,0,0
1700042G15Rik,7,6,3,2
1700042O05Rik,0,0,0,0
1700042O10Rik,223,162,164,301
1700044C05Rik,0,0,1,0
1700044K03Rik,0,0,0,0
1700045H11Rik,7,6,12,8
1700046C09Rik,3,4,4,4
1700047A11Rik,93,77,80,70
1700047E10Rik,0,0,0,0
1700047F07Rik,180,305,174,171
1700047G03Rik,7,4,3,1
1700047G07Rik,0,0,1,2
1700047I17Rik2,3,1,3,1
1700047K16Rik,76,89,61,74
1700047L14Rik,0,0,0,0
1700047M11Rik,698,925,1222,814
1700048F04Rik,3,6,5,9
1700048M11Rik,15,11,19,8
1700048O14Rik,0,0,0,0
1700048O20Rik,116,245,158,139
1700048P04Rik,0,0,0,0
1700049E15Rik,2,1,3,2
1700049E17Rik1,0,0,0,0
1700049E17Rik2,0,0,0,0
1700049E22Rik,1,0,0,0
1700051A21Rik,0,0,0,1
1700052H01Rik,8,3,2,6
1700052I22Rik,0,0,0,0
1700052K11Rik,229,281,220,282
1700054A03Rik,267,193,210,246
1700054K02Rik,0,0,0,0
1700054K19Rik,0,0,0,0
1700054M17Rik,7,15,7,10
1700054O05Rik,0,0,0,0
1700055C04Rik,0,0,0,0
1700055D18Rik,30,49,31,38
1700056E22Rik,4,8,0,1
1700056N10Rik,211,151,170,137
1700057G04Rik,2,2,0,2
1700057H15Rik,14,30,28,46
1700057H21Rik,9,5,7,5
1700058P15Rik,32,21,21,23
1700060C16Rik,24,22,25,27
1700060C20Rik,11,3,5,2
1700060J05Rik,3,0,4,5
1700060O08Rik,20,24,42,24
1700061E17Rik,0,1,1,1
1700061E18Rik,8,9,4,5
1700061F12Rik,1,0,0,0
1700061G19Rik,248,219,264,227
1700061H18Rik,7,3,6,8
1700061I17Rik,10,18,15,8
1700061J23Rik,4,6,4,5
1700061N14Rik,2,3,4,2
1700062C10Rik,3,5,5,5
1700063A18Rik,1,0,0,0
1700063D05Rik,156,189,228,157
1700063H04Rik,0,0,0,0
1700063H06Rik,3,8,8,2
1700063J08Rik,22,72,37,47
1700063O14Rik,0,1,0,1
1700064H15Rik,150,142,124,176
1700064J06Rik,0,0,1,0
1700064M15Rik,4,11,7,9
1700065D16Rik,2,11,8,7
1700065J11Rik,1,1,0,1
1700065J18Rik,4,5,5,2
1700065L07Rik,7,3,3,1
1700065O20Rik,0,0,0,0
1700066B17Rik,9,14,21,16
1700066B19Rik,102,128,125,106
1700066C05Rik,0,0,0,0
1700066J03Rik,5,1,2,2
1700066M21Rik,89,286,124,100
1700066N21Rik,1,1,1,0
1700066O22Rik,1,0,0,0
1700067G17Rik,1,1,0,1
1700067K01Rik,21,19,16,24
1700067P10Rik,8,2,4,9
1700069B07Rik,1,3,6,1
1700069L16Rik,7,18,7,17
1700069P05Rik,0,0,0,0
1700071G01Rik,4,5,6,1
1700071M16Rik,42,24,17,13
1700072B07Rik,0,0,0,0
1700072G22Rik,2,2,0,0
1700072O05Rik,0,1,1,0
1700074H08Rik,21,34,22,28
1700074P13Rik,0,0,0,0
1700080C20Rik,0,0,0,0
1700080G11Rik,3,8,17,14
1700080N15Rik,614,616,602,504
1700080O16Rik,0,0,0,0
1700081B01Rik,47,61,61,54
1700081H04Rik,0,2,0,1
1700081N11Rik,38,118,56,53
1700082M22Rik,21,14,23,17
1700083H02Rik,0,0,0,0
1700084C06Rik,3435,3643,3408,3306
1700084D21Rik,0,1,0,0
1700084E18Rik,9,22,14,9
1700084F23Rik,13,12,10,10
1700084M14Rik,0,0,0,0
1700085C21Rik,19,30,23,26
1700085D07Rik,1672,1589,1413,1525
1700086D15Rik,51,64,31,37
1700086O06Rik,484,558,483,588
1700086P04Rik,61,90,79,72
1700087I21Rik,580,642,638,724
1700087M22Rik,443,464,336,311
1700088E04Rik,717,873,833,853
1700092C02Rik,0,0,0,0
1700092C10Rik,0,0,0,0
1700092C17Rik,0,1,2,0
1700092E19Rik,1,0,0,0
1700092K14Rik,17,37,12,37
1700092M07Rik,3,2,10,3
1700093J21Rik,301,305,283,232
1700093K21Rik,55,60,47,62
1700094D03Rik,251,422,328,264
1700094J05Rik,130,123,113,116
1700094M23Rik,420,279,413,269
1700094M24Rik,0,0,0,0
1700095A13Rik,21,9,15,19
1700095A21Rik,18,11,11,14
1700095B10Rik,1,2,5,1
1700095J03Rik,7,7,9,2
1700095J07Rik,3,5,5,8
1700095J12Rik,13,14,27,12
1700095K22Rik,0,0,0,1
1700096J18Rik,9,12,17,7
1700096K18Rik,100,184,133,150
1700097N02Rik,0,0,2,0
1700099I09Rik,27,14,40,15
1700100I10Rik,0,0,0,0
1700100L14Rik,2,0,2,5
1700101I11Rik,21,41,11,28
1700101I19Rik,0,1,1,1
1700101O22Rik,2,9,7,9
1700102H20Rik,52,37,49,53
1700102P08Rik,126,111,134,98
1700104B16Rik,8,12,8,5
1700104L18Rik,0,0,1,0
1700105G05Rik,1,1,0,0
1700105P06Rik,84,141,81,102
1700106O07Rik,0,0,0,0
1700108F19Rik,16,16,11,16
1700108J01Rik,130,118,113,126
1700108N06Rik,0,0,0,0
1700108N11Rik,9,8,16,11
1700109G14Rik,17,39,33,23
1700109G15Rik,0,2,0,0
1700109H08Rik,1070,1081,991,890
1700109I08Rik,2,1,2,1
1700109K24Rik,1996,1990,1887,1875
1700110C19Rik,89,54,81,64
1700110I01Rik,24,37,20,20
1700110I07Rik,1,1,0,0
1700110K17Rik,661,608,521,434
1700111E14Rik,3784,3856,3246,3824
1700111N16Rik,18,34,33,27
1700112D23Rik,610,662,578,540
1700112H15Rik,6,4,4,11
1700112J05Rik,16,8,16,9
1700112J16Rik,80,114,77,71
1700112K13Rik,0,0,0,0
1700112M02Rik,53,60,57,57
1700113A16Rik,303,226,237,289
1700113B09Rik,3,1,5,2
1700113H08Rik,47,66,24,33
1700116B05Rik,0,1,0,0
1700116H05Rik,2,19,2,1
1700119H24Rik,3,2,1,1
1700119I11Rik,6,20,10,19
1700120B22Rik,36,53,34,58
1700120C14Rik,376,312,329,353
1700120C18Rik,2,7,7,2
1700120E14Rik,4,6,11,11
1700120G07Rik,8,9,7,7
1700120G11Rik,5,8,1,5
1700120K04Rik,0,0,0,1
1700120O09Rik,11,37,7,0
1700121C08Rik,161,228,192,183
1700121L03Rik,1,2,1,4
1700121L16Rik,19,20,38,18
1700121N20Rik,0,1,0,0
1700122C19Rik,0,0,0,1
1700122D07Rik,0,1,0,1
1700122E12Rik,8,19,13,15
1700122H20Rik,3,7,5,7
1700122O11Rik,0,0,0,0
1700123J17Rik,11,27,22,19
1700123K08Rik,5,6,4,5
1700123L14Rik,12,17,8,8
1700123M08Rik,620,647,566,550
1700123O12Rik,37,21,17,26
1700123O20Rik,56,174,145,80
1700123O21Rik,16,15,23,8
1700124L16Rik,82,98,53,48
1700124M09Rik,0,0,0,0
1700125G02Rik,133,117,100,110
1700125G22Rik,8,16,11,14
1700125H03Rik,49,25,27,35
1700125H20Rik,35,38,32,31
1700126A01Rik,0,0,0,0
1700126G02Rik,781,786,628,702
1700126H18Rik,6,5,5,3
1700127F24Rik,0,0,0,0
1700128A07Rik,1,0,0,0
1700128E19Rik,0,0,0,0
1700128I11Rik,0,0,0,0
1700129C05Rik,0,0,0,0
1700129L04Rik,3,6,0,3
1810006J02Rik,2,2,1,3
1810007C17Rik,2,2,2,4
1810007D17Rik,25,55,61,49
1810008B01Rik,7,7,3,3
1810008I18Rik,0,0,0,0
1810009A15Rik,22,35,19,28
1810009J06Rik,0,0,1,0
1810010H24Rik,26,15,19,17
1810010K12Rik,4,1,1,2
1810012K08Rik,12,13,6,7
1810012K16Rik,26,39,26,42
1810013D15Rik,16,12,14,15
1810013L24Rik,2419,2495,2495,2232
1810014P07Rik,0,2,4,4
1810019D21Rik,4,2,2,4
1810019N24Rik,144,124,144,132
1810020O05Rik,69,87,70,148
1810021B22Rik,197,259,213,189
1810024B03Rik,298,349,298,349
1810026B05Rik,3248,3283,2800,3156
1810028F09Rik,2,0,1,0
1810030O07Rik,922,1022,932,849
1810034E14Rik,2598,2842,2092,2209
1810035K13Rik,0,0,0,0
1810037I17Rik,171,421,280,260
1810041H14Rik,11,16,10,14
1810044D09Rik,34,73,45,33
1810044K17Rik,0,0,0,0
1810046K07Rik,3,11,6,13
1810049I09Rik,0,0,0,0
1810049J17Rik,0,3,2,1
1810053B23Rik,1,1,2,1
1810055G02Rik,356,423,315,281
1810058I24Rik,117,276,241,161
1810058N15Rik,0,0,0,0
1810059C17Rik,15,24,14,24
1810059H22Rik,50,42,41,54
1810062G17Rik,11,4,10,5
1810062O18Rik,1107,1113,1083,1085
1810063I02Rik,0,0,0,0
1810064F22Rik,1,5,4,4
1810065E05Rik,0,0,0,0
1810073O08Rik,2,1,4,2
2010001A14Rik,76,86,91,70
2010001K21Rik,12,12,12,10
2010001M07Rik,6,8,0,6
2010003K11Rik,0,0,0,0
2010007H06Rik,72,57,58,46
2010009K17Rik,251,257,241,277
2010013B24Rik,59,67,82,49
2010016I18Rik,2,3,6,2
2010103J01Rik,17,19,11,8
2010106C02Rik,12,11,13,9
2010106E10Rik,13,17,12,10
2010106G04Rik,5,5,2,2
2010109A12Rik,183,210,200,241
2010110E17Rik,6,2,3,4
2010110G14Rik,6,6,7,10
2010110K18Rik,3,1,3,1
2010203P06Rik,1,0,0,1
2010204K13Rik,37,156,59,59
2010300C02Rik,10718,9599,8097,9674
2010308F09Rik,104,111,101,95
2010309G21Rik,9,26,9,6
2010310C07Rik,21,17,16,14
2010315B03Rik,1241,1450,1120,1316
2010320M18Rik,32,52,29,21
2010320O07Rik,198,236,248,180
2200002D01Rik,10,1,10,5
2200002J24Rik,0,1,0,0
2210010C04Rik,0,0,0,0
2210011C24Rik,6,13,5,6
2210011K15Rik,9,12,5,8
2210016F16Rik,225,278,229,212
2210016L21Rik,1840,2359,1682,1698
2210017I01Rik,0,0,0,0
2210020O09Rik,2,1,0,1
2210039B01Rik,0,3,0,0
2210404E10Rik,0,2,1,0
2210406O10Rik,135,200,139,173
2210407C18Rik,0,0,0,0
2210408F21Rik,9430,11170,11319,9051
2210408I21Rik,12146,13127,11097,10645
2210409D07Rik,8,11,7,4
2210411M09Rik,37,12,46,33
2210414B05Rik,12,11,8,13
2210414F02Rik,0,0,0,0
2210417A02Rik,0,0,0,0
2210418O10Rik,2,0,3,1
2210420H20Rik,6,6,5,6
2300002M23Rik,0,0,0,2
2300003K06Rik,0,0,0,0
2300009A05Rik,248,922,339,91
2310001H17Rik,51,34,51,67
2310001K24Rik,2,3,3,1
2310002D06Rik,100,113,102,72
2310002F09Rik,177,440,481,328
2310002L09Rik,2,2,2,1
2310003L06Rik,1,1,1,0
2310003N18Rik,1,3,2,3
2310005A03Rik,0,0,2,2
2310005E17Rik,1,0,0,1
2310008N11Rik,12,12,33,16
2310009A05Rik,49,195,89,85
2310009B15Rik,138,359,212,185
2310010J17Rik,27,57,40,42
2310011J03Rik,558,639,480,634
2310014F06Rik,176,150,165,154
2310015A10Rik,289,258,336,228
2310015A16Rik,1,0,0,0
2310015D24Rik,3,7,13,4
2310015K22Rik,0,1,0,0
2310016D03Rik,55,7,3,8
2310016D23Rik,3,1,5,2
2310016G11Rik,50,19,49,34
2310020H05Rik,7,8,3,8
2310022A10Rik,991,957,841,798
2310022B05Rik,525,427,590,404
2310026I22Rik,233,329,294,293
2310026L22Rik,10,11,17,11
2310030A07Rik,9,11,5,8
2310030G06Rik,59,131,93,164
2310033P09Rik,1003,1125,963,990
2310034C09Rik,0,0,0,0
2310034G01Rik,35,49,22,46
2310034O05Rik,5,5,1,8
2310039H08Rik,24,197,52,37
2310039L15Rik,55,67,69,87
2310040G24Rik,44,69,47,53
2310043L19Rik,1,2,1,1
2310043M15Rik,134,133,132,134
2310043O21Rik,16,29,33,28
2310044K18Rik,2,3,3,5
2310046K23Rik,0,0,0,0
2310047D07Rik,34,27,29,32
2310050C09Rik,0,0,0,0
2310057J18Rik,0,1,1,0
2310057M21Rik,599,740,592,610
2310057N15Rik,0,0,0,0
2310058D17Rik,585,587,569,550
2310061I04Rik,1279,1453,1168,1020
2310061N02Rik,0,0,0,0
2310065F04Rik,6,6,6,10
2310067P03Rik,85,82,71,68
2310068J16Rik,57,88,61,103
2310069B03Rik,0,0,0,0
2310074N15Rik,31,82,42,4
2310075C17Rik,97,116,70,123
2310079G19Rik,0,0,0,0
2310081O03Rik,4,1,0,3
2400006E01Rik,3,2,2,0
2410002F23Rik,694,911,803,628
2410003I16Rik,0,0,0,0
2410003L11Rik,8,12,15,21
2410004B18Rik,621,843,535,699
2410004I01Rik,5,2,3,2
2410004P03Rik,9,12,6,10
2410006H16Rik,112,797,470,356
2410012E07Rik,1,3,0,2
2410017I17Rik,0,3,1,1
2410018L13Rik,107,117,75,79
2410021H03Rik,411,322,276,273
2410022M11Rik,97,128,115,114
2410080I02Rik,71,124,82,89
2410124H12Rik,3,0,0,2
2410131K14Rik,346,443,367,410
2410137M14Rik,34,67,37,49
2410141K09Rik,0,2,1,3
2410152P15Rik,6,4,7,6
2500002B13Rik,52,60,63,60
2500004C02Rik,169,179,150,180
2510002D24Rik,1059,1453,1065,1290
2510009E07Rik,1948,1842,1702,1718
2510017J16Rik,255,255,218,184
2510039O18Rik,991,983,929,784
2510046G10Rik,39,129,79,77
2600002D14Rik,46,35,48,47
2600006K01Rik,8,14,8,14
2600014E21Rik,831,998,506,353
2610001J05Rik,97,159,127,96
2610002M06Rik,575,635,489,597
2610008E11Rik,3222,2893,2388,2651
2610016A17Rik,1,4,3,3
2610020C07Rik,4536,4353,4030,3994
2610021A01Rik,1286,1401,1011,1212
2610027F03Rik,17,34,1,3
2610027K06Rik,1064,1014,918,965
2610028E06Rik,57,40,25,57
2610028H24Rik,8,10,11,3
2610035D17Rik,6050,5832,6871,5177
2610035F20Rik,47,64,28,37
2610037D02Rik,5842,5130,4930,4814
2610042L04Rik,27,20,30,36
2610044O15Rik8,1174,1347,935,1185
2610203C22Rik,620,571,813,612
2610204G07Rik,313,296,267,311
2610206C17Rik,31,64,55,44
2610300M13Rik,3,11,1,9
2610301B20Rik,1331,1294,1126,1343
2610303G11Rik,0,0,0,0
2610306M01Rik,101,260,100,55
2610307P16Rik,926,308,349,449
2610316D01Rik,3627,3169,3387,3321
2610318M16Rik,6,1,7,5
2610318N02Rik,37,31,26,28
2610507B11Rik,4532,3983,3818,3033
2610507I01Rik,90,156,116,97
2610528A11Rik,10,11,9,9
2610528J11Rik,1,0,1,0
2700033N17Rik,209,109,58,111
2700038G22Rik,402,215,203,171
2700046A07Rik,18,21,14,10
2700046G09Rik,216,376,278,321
2700049A03Rik,2418,2343,2339,1946
2700054A10Rik,3097,2942,2924,2217
2700062C07Rik,601,839,480,655
2700068H02Rik,20,18,25,19
2700069I18Rik,525,889,299,321
2700081O15Rik,1119,955,919,960
2700089I24Rik,16,24,45,32
2700097O09Rik,2345,2189,2014,1917
2810001G20Rik,375,628,356,397
2810002D19Rik,64,159,96,45
2810004N23Rik,1546,1849,1521,1563
2810006K23Rik,375,326,317,280
2810013P06Rik,819,1370,891,965
2810021J22Rik,369,448,400,414
2810029C07Rik,420,604,391,400
2810030D12Rik,5,7,0,16
2810032G03Rik,715,971,804,888
2810049E08Rik,1774,2009,2069,1850
2810402E24Rik,249,354,235,315
2810403D21Rik,976,927,1018,1021
2810403G07Rik,0,0,0,2
2810404F17Rik,0,0,0,1
2810404M03Rik,178,291,255,208
2810405F17Rik,357,495,317,512
2810407A14Rik,92,66,77,73
2810408A11Rik,8,7,10,6
2810408I11Rik,27,23,30,46
2810410L24Rik,367,443,363,344
2810414N06Rik,21,28,24,24
2810429I04Rik,403,439,279,364
2810430I11Rik,1,3,3,2
2810432F15Rik,803,457,481,502
2810433D01Rik,14,8,6,2
2810442N19Rik,18,17,15,13
2810454H06Rik,228,300,267,294
2810455O05Rik,369,394,242,258
2810457G06Rik,33,65,35,48
2810459M11Rik,342,259,315,349
2810468N07Rik,305,331,426,331
2810471M01Rik,1,2,3,2
2900005J15Rik,419,610,583,592
2900009J06Rik,245,351,333,387
2900026A02Rik,2237,2328,2593,1714
2900040C04Rik,0,0,0,0
2900041M22Rik,98,162,120,166
2900042K21Rik,81,69,91,90
2900045O20Rik,71,83,74,91
2900052L18Rik,966,959,826,1069
2900052N01Rik,152,123,169,142
2900057B20Rik,7,6,4,4
2900060B14Rik,466,462,402,410
2900060N12Rik,992,1054,1118,1049
2900072N19Rik,13,15,17,15
2900076A07Rik,1234,1273,1173,1202
2900079G21Rik,1646,411,306,308
2900089D17Rik,510,452,612,441
2900092C05Rik,54,74,51,56
2900093K20Rik,571,1220,692,682
2900097C17Rik,134,63,96,98
3010001F23Rik,1298,1436,1231,1271
3010003L21Rik,18,11,11,21
3100003L05Rik,53,66,58,81
3110001I22Rik,29,15,30,7
3110004A20Rik,2,4,1,2
3110006O06Rik,31,40,44,49
3110009E18Rik,390,371,318,381
3110009F21Rik,16,10,13,12
3110015C05Rik,5,8,3,4
3110018I06Rik,0,0,0,0
3110021N24Rik,5663,6582,4463,4872
3110039M20Rik,2162,2403,2384,2628
3110040M04Rik,0,0,0,0
3110040N11Rik,459,467,501,444
3110045C21Rik,44,61,64,83
3110056K07Rik,1952,2387,1889,2085
3110070M22Rik,6,6,2,8
3110082I17Rik,2828,2831,3213,2759
3110082J24Rik,49,34,38,15
3110083C13Rik,170,201,185,201
3110099E03Rik,26,29,8,11
3200001D21Rik,241,244,233,246
3222401L13Rik,523,500,426,488
3300002A11Rik,193,154,137,123
3300002I08Rik,1279,1281,1084,1078
3300002P13Rik,6,3,6,3
3300005D01Rik,1,4,4,0
3425401B19Rik,1,5,5,5
3632454L22Rik,114,208,146,127
3830403N18Rik,1,3,11,4
3830406C13Rik,2017,2283,2167,2393
3830408C21Rik,852,692,712,617
3830417A13Rik,1,0,0,0
3830432H09Rik,11,3,4,3
3930402G23Rik,6,6,12,4
4430402I18Rik,4330,4547,3995,3876
4631405J19Rik,91,95,86,63
4632404H12Rik,291,451,281,321
4632404M16Rik,15,9,1,10
4632411P08Rik,22,35,24,19
4632427E13Rik,5562,5968,4791,5194
4632428C04Rik,61,46,34,52
4632433K11Rik,0,0,0,0
4731419I09Rik,77,86,75,49
4732414G09Rik,52,60,57,65
4732419C18Rik,134,87,91,81
4732440D04Rik,736,994,602,737
4732463B04Rik,716,1041,829,887
4732465J04Rik,9,1,3,3
4732471J01Rik,8151,8585,9282,7734
4732487G21Rik,51,49,45,55
4732490B19Rik,0,2,1,4
4732491K20Rik,354,500,347,386
4732496C06Rik,103,104,96,66
4831440D22Rik,701,746,612,711
4833403J16Rik,3,4,1,3
4833405L11Rik,17,8,21,18
4833407H14Rik,0,0,0,0
4833408A19Rik,9,7,3,9
4833411C07Rik,46,89,65,82
4833412C05Rik,18,27,26,26
4833413E03Rik,2,0,1,2
4833413G10Rik,50,46,44,26
4833415N18Rik,3,36,19,18
4833417C18Rik,17,41,25,9
4833418N02Rik,78,98,69,72
4833419F23Rik,19,19,9,9
4833419O12Rik,0,0,0,0
4833420G17Rik,3629,3871,3205,3452
4833422C13Rik,1606,1567,1411,1694
4833422M21Rik,53,32,36,45
4833423E24Rik,3,8,1,4
4833427F10Rik,6,3,3,8
4833427G06Rik,9,17,8,11
4833428L15Rik,20,18,16,13
4833438C02Rik,72,63,56,62
4833439L19Rik,1372,1301,1310,1071
4833445I07Rik,45,72,43,49
4921501I09Rik,23,18,20,24
4921504A21Rik,573,796,547,578
4921504E06Rik,26,35,21,31
4921507G05Rik,9,24,8,14
4921507P07Rik,528,521,424,592
4921508D12Rik,1,0,2,1
4921509A06Rik,0,0,0,0
4921509C19Rik,1,0,0,0
4921509O07Rik,47,45,50,66
4921511C10Rik,2615,2553,2373,2647
4921511C20Rik,0,0,0,0
4921511I17Rik,907,937,866,1085
4921511M17Rik,0,0,0,0
4921513I03Rik,29,28,19,25
4921513I08Rik,6,11,4,1
4921514A10Rik,38,21,40,23
4921515E04Rik,37,49,26,30
4921515L22Rik,0,0,0,1
4921516A02Rik,58,56,53,53
4921517D16Rik,32,27,20,42
4921517D22Rik,1,3,0,0
4921518K17Rik,11,18,13,9
4921520N01Rik,0,0,0,0
4921521D15Rik,0,0,0,0
4921522A10Rik,0,0,0,1
4921522P10Rik,12,16,11,18
4921523L03Rik,13,10,9,9
4921524J17Rik,889,871,722,814
4921524L21Rik,2,1,1,2
4921525O09Rik,0,1,1,9
4921528I07Rik,1,7,9,0
4921529L05Rik,6,1,1,5
4921531C22Rik,324,334,281,311
4921531P14Rik,3,3,3,9
4921534H16Rik,1747,2146,1862,1701
4921536K21Rik,8,10,4,0
4921539E11Rik,27,47,49,47
4921539H07Rik,688,1064,886,670
4922502D21Rik,0,0,2,2
4922502N22Rik,2,1,1,3
4930401A07Rik,1,0,0,0
4930401C15Rik,43,109,59,47
4930401G09Rik,6,1,6,0
4930401O10Rik,1,0,0,0
4930401O12Rik,1,1,1,0
4930402C01Rik,0,0,0,0
4930402D18Rik,26,2,4,2
4930402F06Rik,2,2,2,0
4930402F11Rik,2,3,6,3
4930402H24Rik,29623,26674,28784,23593
4930402K13Rik,0,0,0,0
4930403D09Rik,4,1,5,2
4930403P22Rik,216,205,185,247
4930404A05Rik,0,0,0,0
4930404A12Rik,8,9,6,9
4930404H11Rik,21,22,21,22
4930404H24Rik,2,3,7,3
4930404I05Rik,94,108,60,75
4930404I20Rik,0,0,0,0
4930404K13Rik,4,15,4,8
4930404N11Rik,177,215,137,216
4930404O17Rik,0,0,0,0
4930405A10Rik,57,36,37,64
4930405A21Rik,763,778,664,781
4930405D01Rik,5,5,7,0
4930405D11Rik,4,24,19,13
4930405H06Rik,11,8,11,12
4930405J17Rik,27,18,11,22
4930405L22Rik,0,1,0,3
4930405O22Rik,4,7,4,4
4930406D18Rik,5,1,0,1
4930407G08Rik,6,4,4,3
4930407I10Rik,2,0,0,0
4930407I19Rik,69,125,102,157
4930408K08Rik,0,1,0,0
4930408O17Rik,45,56,67,77
4930412B13Rik,22,20,19,18
4930412C18Rik,209,345,167,176
4930412E21Rik,2,5,5,4
4930412F09Rik,33,19,18,29
4930412L05Rik,9,15,19,6
4930412M03Rik,12,8,12,6
4930412O13Rik,5,4,1,0
4930413E15Rik,1,0,2,1
4930413F20Rik,75,92,45,102
4930414F18Rik,149,178,135,167
4930414N06Rik,1009,1030,855,877
4930415C11Rik,2314,3686,2485,2690
4930415L06Rik,0,2,0,0
4930415O20Rik,149,121,159,144
4930417H01Rik,44,65,37,69
4930417O13Rik,72,86,39,108
4930417O22Rik,1,0,0,0
4930419G24Rik,4922,6291,5628,4596
4930420G21Rik,851,600,1282,780
4930422C21Rik,0,0,0,0
4930422I22Rik,6,5,3,1
4930422M22Rik,270,270,242,269
4930423D22Rik,12,29,16,27
4930423D24Rik,0,0,0,0
4930423M02Rik,0,1,2,0
4930425K10Rik,0,0,0,0
4930425L21Rik,29,44,36,38
4930425O10Rik,7,7,2,11
4930425P05Rik,0,2,2,0
4930426D05Rik,178,213,43,70
4930426I24Rik,218,242,190,287
4930426L09Rik,4,12,6,15
4930428D20Rik,2,0,0,0
4930428E07Rik,1003,689,656,821
4930428N03Rik,144,165,53,81
4930428O21Rik,1,0,0,1
4930429C20Rik,0,1,0,0
4930429D17Rik,11,15,2,0
4930429F24Rik,62,85,51,76
4930429H19Rik,3,1,1,3
4930429P21Rik,0,1,1,0
4930430A15Rik,6,13,3,10
4930430E12Rik,2,1,1,0
4930430F08Rik,837,1174,901,922
4930430F21Rik,15,10,10,21
4930430O22Rik,0,1,3,1
4930431F10Rik,5,2,10,6
4930431F12Rik,3,0,1,1
4930431L21Rik,4,2,2,2
4930431P03Rik,3,9,1,4
4930431P22Rik,2,5,9,3
4930432B10Rik,682,745,657,742
4930432H08Rik,0,0,0,0
4930432J09Rik,13,4,4,7
4930432K21Rik,817,811,643,638
4930432L08Rik,24,20,13,14
4930432M17Rik,0,0,0,0
4930432O09Rik,0,0,0,0
4930433B08Rik,2,1,2,4
4930433E05Rik,4,4,3,4
4930433I11Rik,0,0,0,0
4930433J02Rik,0,0,1,0
4930433N12Rik,6,12,5,6
4930434B07Rik,0,0,0,0
4930434F21Rik,0,2,5,0
4930434J06Rik,37,47,58,55
4930434O05Rik,0,0,0,0
4930435F18Rik,6,8,6,6
4930435M08Rik,0,0,0,0
4930437M23Rik,0,0,0,0
4930438A08Rik,2,2,0,0
4930438E09Rik,31,174,22,1
4930439A04Rik,34,31,26,24
4930439D14Rik,4,12,5,12
4930440C22Rik,0,2,0,0
4930440I19Rik,40,24,39,25
4930441H08Rik,3,4,6,3
4930441J16Rik,0,2,2,4
4930442G10Rik,3,3,0,5
4930442G15Rik,0,0,1,0
4930442J19Rik,0,0,0,0
4930442L01Rik,0,0,0,0
4930443O20Rik,61,57,59,47
4930444A19Rik,738,729,706,682
4930444E06Rik,1,1,2,2
4930444F02Rik,90,96,104,94
4930444G20Rik,2,1,0,0
4930444P10Rik,580,475,544,569
4930445B16Rik,2349,2982,2380,2868
4930445E18Rik,163,171,180,169
4930445N06Rik,5,0,1,2
4930445N08Rik,1,2,6,2
4930445N18Rik,3,2,3,3
4930447A16Rik,204,221,239,183
4930447C04Rik,1932,3436,2557,3151
4930447F04Rik,6,3,2,0
4930447F24Rik,91,102,106,79
4930447J18Rik,10,6,3,2
4930447K03Rik,44,35,63,65
4930447M23Rik,44,60,37,65
4930447N08Rik,585,560,468,368
4930448A20Rik,0,1,0,0
4930448C13Rik,4,8,14,12
4930448D08Rik,0,0,0,1
4930448E22Rik,20,28,26,25
4930448F12Rik,7,3,2,6
4930448H16Rik,1,0,0,1
4930448I06Rik,0,0,0,1
4930448I18Rik,2,0,0,0
4930449C09Rik,1,2,0,0
4930449E01Rik,4,6,1,5
4930449E18Rik,85,64,56,54
4930449I24Rik,0,0,0,0
4930451E10Rik,15,3,8,13
4930451I11Rik,1,3,2,3
4930452A19Rik,9,4,12,6
4930452B06Rik,1030,1115,1193,1392
4930452G13Rik,12,12,10,6
4930452L12Rik,1,0,0,0
4930452N14Rik,5,11,9,8
4930453C13Rik,67,62,49,46
4930453H23Rik,10,0,0,2
4930453L07Rik,0,0,2,0
4930453N24Rik,1126,1254,923,1202
4930453O03Rik,0,0,0,0
4930455B14Rik,2,2,1,7
4930455C13Rik,1374,1346,1149,1236
4930455G09Rik,12,22,33,24
4930455H04Rik,10,18,16,11
4930455J16Rik,3,1,1,1
4930455M05Rik,6,2,0,2
4930456L15Rik,4,5,6,4
4930458A03Rik,0,0,3,4
4930458B22Rik,0,0,0,2
4930458D05Rik,68,127,60,97
4930458K08Rik,1,1,0,4
4930459C07Rik,2,4,2,3
4930459L07Rik,0,0,0,1
4930461C15Rik,21,43,36,45
4930461G14Rik,3,2,2,3
4930463O16Rik,32,31,30,28
4930465I24Rik,0,0,1,1
4930465K09Rik,4,10,9,9
4930465M20Rik,3,1,0,1
4930466I24Rik,0,0,0,0
4930467D21Rik,229,592,696,488
4930467E23Rik,18,14,11,6
4930467J12Rik,3,0,1,1
4930467K11Rik,4,13,6,7
4930469B13Rik,7,4,3,6
4930469K13Rik,45,23,57,62
4930470G03Rik,58,77,55,72
4930470H14Rik,12,22,16,19
4930470O06Rik,65,100,123,99
4930470P17Rik,2,3,4,16
4930471C04Rik,39,48,57,31
4930471C06Rik,0,0,0,0
4930471D02Rik,0,1,0,0
4930471E15Rik,0,0,0,0
4930471E19Rik,10,12,10,8
4930471G03Rik,169,164,151,132
4930471G24Rik,0,0,0,1
4930471L23Rik,9,8,23,7
4930473A02Rik,1277,1094,1162,1199
4930473D10Rik,885,822,484,546
4930473H19Rik,121,141,118,141
4930473O22Rik,10,10,12,28
4930474H06Rik,31,72,19,51
4930474H20Rik,12,10,7,8
4930474M22Rik,55,91,105,140
4930474N05Rik,3,0,0,0
4930474N09Rik,11,16,12,9
4930477E14Rik,0,0,0,1
4930477G07Rik,46,19,14,14
4930477N07Rik,6,2,1,6
4930478E11Rik,0,0,1,0
4930478K11Rik,161,148,155,145
4930478L05Rik,28,28,24,22
4930478M13Rik,181,192,162,162
4930478P22Rik,0,0,0,1
4930479D17Rik,123,116,139,120
4930479H17Rik,2,0,0,0
4930480E11Rik,0,0,0,0
4930480G23Rik,1,0,3,0
4930480K15Rik,1052,1386,1054,1098
4930480M12Rik,2,3,2,1
4930481A15Rik,313,225,270,295
4930481B07Rik,42,55,32,34
4930483J18Rik,2,8,4,2
4930483K19Rik,12,14,19,18
4930483O08Rik,17,34,19,22
4930483P17Rik,110,134,90,102
4930484H19Rik,59,49,63,49
4930484I04Rik,1194,1102,930,1015
4930486F22Rik,215,196,164,173
4930486I03Rik,27,44,42,36
4930486L24Rik,4,4,8,5
4930487D11Rik,1,1,1,3
4930488B22Rik,0,0,0,0
4930488L21Rik,2003,1600,2009,1748
4930488N15Rik,133,198,154,117
4930500A05Rik,134,113,100,87
4930500F04Rik,1,0,0,0
4930500F10Rik,11,19,17,10
4930500H12Rik,50,46,43,62
4930500L23Rik,6,22,10,10
4930500M09Rik,1,4,3,5
4930502A04Rik,4,2,0,0
4930502E09Rik,46,66,49,52
4930502E18Rik,13,15,6,24
4930503B20Rik,0,0,0,0
4930503E14Rik,2,6,3,7
4930503F20Rik,0,0,0,0
4930503L19Rik,980,1219,884,972
4930503O07Rik,1,5,10,7
4930504C09Rik,1,1,0,0
4930504D19Rik,0,0,0,0
4930505A04Rik,285,276,258,304
4930505G20Rik,126,92,97,80
4930505K13Rik,7,7,18,9
4930505K14Rik,1,0,1,0
4930505M18Rik,20,16,13,7
4930505N22Rik,116,142,127,110
4930505O20Rik,0,0,0,0
4930506C21Rik,358,407,366,398
4930507D05Rik,20,18,2,11
4930507D10Rik,7,10,11,3
4930509E16Rik,18,18,16,28
4930509G22Rik,53,85,84,64
4930509H03Rik,915,1126,910,1066
4930509J09Rik,4265,4525,3978,3972
4930509K18Rik,0,1,1,1
4930510E17Rik,3,2,1,0
4930511A02Rik,1,1,2,1
4930511E03Rik,0,0,0,0
4930511J24Rik,0,0,0,0
4930511M06Rik,616,549,570,481
4930511M18Rik,3,4,1,0
4930511O05Rik,2,1,1,1
4930512B01Rik,1151,1116,1025,1058
4930512H18Rik,4,3,5,2
4930512J16Rik,2,2,4,2
4930512M02Rik,1,4,2,3
4930512P04Rik,3,4,1,3
4930513D17Rik,143,141,120,113
4930513L16Rik,12,11,13,19
4930513N10Rik,24,36,17,35
4930513O06Rik,0,0,1,0
4930515B02Rik,2,1,2,0
4930515G01Rik,2,18,8,14
4930515L19Rik,7,7,4,13
4930516B21Rik,26,22,19,17
4930516K23Rik,1,2,3,0
4930517E11Rik,6,13,6,5
4930517E14Rik,10,39,17,39
4930517L18Rik,0,1,0,1
4930517M08Rik,0,0,2,1
4930517O19Rik,4147,3909,3213,3324
4930518C09Rik,15,20,21,15
4930518I17Rik,0,0,0,0
4930518J20Rik,0,5,6,2
4930518J21Rik,2,3,4,2
4930518P08Rik,0,0,0,0
4930519A11Rik,0,4,0,2
4930519D14Rik,1,0,1,0
4930519F24Rik,0,0,3,1
4930519G04Rik,5,0,3,0
4930519H02Rik,25,15,11,10
4930519K11Rik,109,135,125,91
4930519L02Rik,2,2,3,2
4930519P11Rik,1,6,1,0
4930520K02Rik,1,1,0,2
4930520M14Rik,6,10,6,7
4930520O04Rik,97,180,149,142
4930520P13Rik,1,2,0,0
4930521E06Rik,10,5,2,4
4930521O17Rik,0,1,0,0
4930522H14Rik,1,2,0,0
4930522L14Rik,539,565,488,511
4930522N08Rik,1,0,0,1
4930522O17Rik,0,0,0,2
4930523C07Rik,138,117,104,124
4930523O13Rik,4,1,1,1
4930524B15Rik,9,16,11,2
4930524B17Rik,2,3,2,2
4930524C18Rik,3,4,2,3
4930524N10Rik,0,0,0,0
4930524O05Rik,3,1,2,0
4930524O07Rik,46,65,33,43
4930524O08Rik,8,9,9,15
4930525C09Rik,154,157,151,352
4930525G20Rik,230,244,233,243
4930526F13Rik,2,4,7,6
4930526H09Rik,2,4,7,5
4930526L06Rik,3,6,12,5
4930527A07Rik,1,0,1,0
4930527B05Rik,507,550,477,442
4930527E20Rik,2,6,10,3
4930527F14Rik,165,156,181,196
4930527G23Rik,4,2,1,6
4930527J03Rik,0,1,2,3
4930528D03Rik,6,10,0,14
4930528G23Rik,11,12,10,16
4930528H21Rik,2,3,3,3
4930528P14Rik,3,0,0,0
4930529I22Rik,0,0,0,0
4930529K09Rik,19,21,14,35
4930529N20Rik,0,0,0,0
4930532G15Rik,265,267,262,306
4930532I03Rik,2069,1541,1046,1264
4930532M18Rik,3,7,6,6
4930533B01Rik,272,345,359,323
4930533D04Rik,0,0,0,1
4930533I22Rik,0,6,7,3
4930533K18Rik,104,132,111,154
4930533N22Rik,11,6,11,18
4930533P14Rik,4,7,3,0
4930534D22Rik,75,79,60,69
4930534H03Rik,4,6,2,2
4930534H18Rik,1,3,3,3
4930535E02Rik,0,0,0,0
4930535G08Rik,0,0,0,0
4930535L15Rik,5,8,4,9
4930535O05Rik,0,0,0,0
4930537H20Rik,25,40,41,41
4930538E20Rik,205,181,148,169
4930538L07Rik,0,1,1,0
4930539C22Rik,5,7,1,0
4930539E08Rik,73,107,52,88
4930539J05Rik,115,182,83,143
4930539M17Rik,7,4,8,9
4930540M03Rik,6,6,4,3
4930540M05Rik,1,16,3,7
4930541O19Rik,0,0,0,0
4930542C12Rik,0,0,0,0
4930542C16Rik,4,1,1,3
4930542D17Rik,18,16,10,17
4930542M03Rik,0,0,0,0
4930543E12Rik,7,6,2,7
4930543I03Rik,12,10,10,11
4930543K20Rik,0,0,0,0
4930543N07Rik,1,0,0,0
4930544D05Rik,1,1,4,0
4930544F09Rik,34,39,21,24
4930544G11Rik,0,0,0,0
4930544I03Rik,379,229,333,289
4930544M13Rik,5,6,3,7
4930545E07Rik,0,0,0,0
4930545H06Rik,1,3,1,0
4930545L08Rik,3,9,4,8
4930545L23Rik,3259,2505,2172,2690
4930546C10Rik,17,17,12,13
4930546K05Rik,4,8,8,6
4930547E08Rik,10,4,13,8
4930547E14Rik,840,790,637,755
4930547H16Rik,0,0,0,0
4930547M16Rik,62,85,65,63
4930548G14Rik,0,0,0,1
4930548H24Rik,9,6,10,8
4930548J01Rik,0,0,0,0
4930548K13Rik,22,13,36,14
4930549C15Rik,663,624,636,597
4930549G23Rik,1359,1250,1366,1169
4930549P19Rik,1,2,1,1
4930550C14Rik,58,54,50,61
4930550C17Rik,2,2,0,1
4930550L24Rik,5,0,1,2
4930551I15Rik,1,1,1,2
4930551I23Rik,0,2,0,0
4930551L18Rik,1,0,2,2
4930551O13Rik,113,156,139,128
4930553E22Rik,0,0,0,0
4930553J12Rik,0,2,0,1
4930553M12Rik,2,1,1,1
4930553P18Rik,32,35,30,24
4930554C24Rik,8,7,6,4
4930554G24Rik,11,12,14,5
4930554H23Rik,6,12,13,14
4930554I06Rik,1,0,1,0
4930555A03Rik,1,0,2,2
4930555B11Rik,2,8,2,6
4930555B12Rik,0,0,0,0
4930555F03Rik,6869,4781,2380,3952
4930555G01Rik,0,0,0,0
4930555G07Rik,6,26,8,2
4930555G21Rik,0,0,0,0
4930555M17Rik,0,0,0,0
4930555O08Rik,0,0,0,0
4930556C24Rik,0,0,0,1
4930556G01Rik,24,15,23,28
4930556G22Rik,1,7,5,6
4930556I23Rik,28,14,26,11
4930556J02Rik,7,4,5,6
4930556J24Rik,1099,1156,1069,1091
4930556L07Rik,0,1,0,0
4930556M19Rik,38,25,42,44
4930556N09Rik,11,0,2,8
4930556N13Rik,1246,1248,1103,1292
4930557F08Rik,3,15,6,3
4930557F10Rik,5,3,2,8
4930557J02Rik,174,221,226,254
4930557K07Rik,982,967,879,882
4930558C23Rik,2,0,0,0
4930558F17Rik,0,0,0,0
4930558G05Rik,0,0,0,0
4930558J18Rik,5,5,4,4
4930558J22Rik,1,2,1,0
4930558K02Rik,140,141,155,211
4930558N11Rik,8,12,11,5
4930559C10Rik,0,1,0,1
4930562A09Rik,0,0,0,0
4930562C15Rik,67,29,33,32
4930562D21Rik,2,3,1,2
4930562F07Rik,0,0,1,0
4930562F17Rik,1,4,5,0
4930563E18Rik,3,19,10,7
4930563E22Rik,177,257,179,213
4930563F08Rik,310,193,188,198
4930563H07Rik,2,3,0,3
4930563I02Rik,35,44,46,41
4930563J15Rik,6,10,3,7
4930563M21Rik,60,57,57,61
4930563N14Rik,0,0,0,0
4930564D02Rik,0,2,1,0
4930565D16Rik,1,7,3,0
4930565N06Rik,370,377,295,390
4930566F21Rik,3,14,6,7
4930567H12Rik,1,3,7,3
4930567H17Rik,0,0,0,0
4930567J20Rik,0,0,0,0
4930567K12Rik,1263,1099,1102,1140
4930567K20Rik,1263,1340,978,1164
4930568A12Rik,2,4,4,3
4930568A13Rik,0,2,0,2
4930568D16Rik,1,0,1,0
4930568E12Rik,0,1,0,1
4930568G15Rik,116,112,105,107
4930570B17Rik,4752,4912,3892,4342
4930570D08Rik,0,0,0,0
4930570E03Rik,1,3,0,0
4930570G19Rik,1334,1428,930,1071
4930570N18Rik,1,4,1,1
4930571K23Rik,0,0,0,0
4930571N24Rik,2,3,1,2
4930572G02Rik,47,40,33,34
4930572K03Rik,0,0,0,1
4930572O03Rik,0,0,0,0
4930572O13Rik,7,4,11,7
4930573C15Rik,0,0,0,0
4930573H18Rik,12,4,3,7
4930573I07Rik,0,0,0,0
4930577H14Rik,0,0,0,0
4930578E11Rik,44,41,50,39
4930578G10Rik,403,394,434,297
4930578I06Rik,0,2,0,0
4930578M01Rik,632,968,773,965
4930578M07Rik,47,59,46,40
4930578N18Rik,5,1,2,1
4930579C12Rik,4,7,4,9
4930579D07Rik,4,6,8,11
4930579D09Rik,0,0,0,0
4930579F01Rik,1,1,0,0
4930579G18Rik,385,325,283,274
4930579G24Rik,6,15,29,36
4930579H20Rik,77,40,49,34
4930579J19Rik,5,5,0,3
4930579K19Rik,124,224,129,232
4930579M01Rik,1,3,6,6
4930579O11Rik,11,16,6,13
4930579P08Rik,0,0,0,0
4930580E04Rik,1,1,0,1
4930581F22Rik,593,642,582,462
4930583I09Rik,1,0,3,1
4930583K01Rik,4,4,6,7
4930583P06Rik,32,26,31,30
4930584F24Rik,1,3,3,1
4930586N03Rik,436,512,397,503
4930587A21Rik,2,0,1,0
4930587E11Rik,3297,2894,2736,3432
4930588A03Rik,72,69,75,78
4930588G17Rik,6,8,9,16
4930588J15Rik,374,441,356,487
4930588K23Rik,8,13,14,6
4930589L23Rik,14,10,15,10
4930589P08Rik,46,37,36,39
4930590J08Rik,318,411,269,256
4930590L14Rik,0,2,0,0
4930590L20Rik,1602,1991,1965,1965
4930591A17Rik,0,0,0,0
4930591E09Rik,1,0,0,0
4930592A05Rik,97,150,138,117
4930592C13Rik,8,7,3,10
4930592I03Rik,20,5,12,10
4930593A02Rik,475,588,764,572
4930593C16Rik,16,16,5,3
4930594M17Rik,1,0,0,1
4930594M22Rik,750,875,621,576
4930594M22Rik.1,37,85,53,51
4930594O21Rik,0,1,0,0
4930595D18Rik,625,578,583,502
4930595L18Rik,0,0,0,0
4930595M18Rik,0,3,1,4
4930596D02Rik,1,0,1,0
4930596I21Rik,5,3,3,7
4930597A21Rik,4,3,1,2
4930597G03Rik,2,0,0,3
4930597O21Rik,0,15,10,4
4930598F16Rik,1,0,1,4
4930598N05Rik,734,1060,674,714
4930599A14Rik,2,0,1,2
4930599N23Rik,751,701,702,723
4931400O07Rik,0,0,0,0
4931403E22Rik,529,724,521,623
4931406B18Rik,3,4,2,2
4931406C07Rik,1342,1354,1456,1414
4931406G06Rik,48,50,56,52
4931406P16Rik,4516,4117,3995,3377
4931407E12Rik,18,11,11,8
4931408C20Rik,1,1,1,2
4931413I07Rik,1,0,0,0
4931413K12Rik,170,129,155,104
4931414P19Rik,375,310,322,342
4931415C17Rik,203,292,193,296
4931417E11Rik,0,0,0,0
4931419H13Rik,45,65,67,68
4931420L22Rik,0,0,0,0
4931422A03Rik,149,140,196,231
4931423N10Rik,309,354,299,278
4931428F04Rik,739,850,601,559
4931428L18Rik,22,36,22,25
4931429L15Rik,38,29,27,48
4931429P17Rik,17,24,10,14
4931431B13Rik,4,9,6,8
4931431C16Rik,4,11,6,6
4931439C15Rik,5,4,0,4
4931440F15Rik,201,147,147,151
4932411K12Rik,16,21,23,20
4932411N23Rik,0,0,0,1
4932412D23Rik,46,69,57,72
4932413F04Rik,159,186,146,121
4932414J04Rik,1,3,0,2
4932414N04Rik,12,22,13,13
4932415D10Rik,0,0,1,2
4932416K20Rik,21,19,17,12
4932422M17Rik,209,305,161,228
4932429P05Rik,0,0,0,0
4932435O22Rik,83,57,64,76
4932438A13Rik,9458,11637,9777,9429
4932438H23Rik,263,163,233,207
4932441J04Rik,767,979,714,631
4932443L11Rik,2071,1733,1804,1803
4932702P03Rik,32,20,23,22
4933400A11Rik,0,0,0,1
4933400B14Rik,0,0,1,1
4933400C23Rik,46,32,25,14
4933400F21Rik,512,539,464,492
4933400L20Rik,4,8,4,13
4933401D09Rik,4,13,11,10
4933401H06Rik,4,2,1,2
4933401L05Rik,0,0,0,0
4933402C05Rik,0,0,0,0
4933402C06Rik,11,13,16,7
4933402D24Rik,90,92,92,111
4933402E13Rik,0,0,0,0
4933402J07Rik,7,14,7,10
4933402J10Rik,1,3,2,0
4933402J15Rik,17,14,28,16
4933402N03Rik,0,0,0,0
4933402N22Rik,0,0,0,0
4933403O08Rik,2,0,0,0
4933404G15Rik,1,2,2,1
4933404I11Rik,4,3,8,6
4933404K08Rik,5,2,4,7
4933404K13Rik,0,0,0,1
4933404O12Rik,381,367,444,418
4933405D12Rik,102,136,161,132
4933405E24Rik,13,7,11,9
4933405L10Rik,15,20,16,19
4933405O20Rik,9,7,8,8
4933406B15Rik,103,85,96,76
4933406B17Rik,4,11,4,10
4933406C10Rik,567,796,682,690
4933406D12Rik,1,0,0,0
4933406F09Rik,6,9,5,6
4933406G16Rik,4,4,2,0
4933406I18Rik,7271,8441,7910,6986
4933406J09Rik,47,65,151,135
4933406J10Rik,63,45,42,44
4933406K04Rik,8,7,6,4
4933406M09Rik,1,0,1,2
4933406P04Rik,8,37,25,31
4933407E24Rik,45,61,80,50
4933407I05Rik,13,19,13,18
4933407I08Rik,178,202,197,165
4933407K13Rik,626,646,638,690
4933407L21Rik,122,103,81,107
4933408A14Rik,0,0,0,0
4933408B17Rik,472,405,424,371
4933408J17Rik,21,21,17,22
4933408N05Rik,67,63,49,55
4933409D19Rik,0,0,0,0
4933409F18Rik,2,2,1,1
4933409G03Rik,1,1,1,0
4933409K07Rik,50,57,45,49
4933411E02Rik,167,91,48,63
4933411E06Rik,29,33,21,29
4933411E08Rik,4,4,8,0
4933411G06Rik,0,0,0,0
4933411K16Rik,1,0,1,1
4933411O13Rik,943,997,760,834
4933412E12Rik,109,149,151,148
4933412E24Rik,0,0,0,0
4933412O06Rik,1072,1472,1318,1427
4933413C19Rik,5,5,6,8
4933413J09Rik,27,28,13,17
4933413L06Rik,2228,2576,1977,1990
4933414I15Rik,0,0,0,0
4933415A04Rik,35,19,27,15
4933415F23Rik,0,0,0,0
4933416E03Rik,5,3,7,3
4933416M07Rik,0,1,0,3
4933416O17Rik,0,1,0,0
4933417A18Rik,1,1,0,1
4933417D19Rik,90,85,85,91
4933417E11Rik,1,7,1,5
4933417O13Rik,86,70,98,85
4933421A08Rik,6,5,8,8
4933421D24Rik,270,217,212,287
4933421I07Rik,0,0,0,0
4933421O10Rik,401,725,466,601
4933422A05Rik,3,5,6,3
4933423P22Rik,416,498,422,352
4933424G05Rik,3272,3312,2634,2936
4933424G06Rik,477,585,653,551
4933424H11Rik,0,0,0,0
4933424L21Rik,67,69,62,57
4933424M12Rik,3,1,0,0
4933425B07Rik,1,2,3,1
4933425D22Rik,2,1,3,3
4933425L06Rik,7,7,12,4
4933426B08Rik,260,277,239,244
4933426K07Rik,17,19,15,18
4933427D06Rik,118,147,116,104
4933427D14Rik,192,233,157,172
4933427E11Rik,1,1,3,0
4933427E13Rik,17,25,10,25
4933427I04Rik,4,7,5,5
4933427I22Rik,36,27,42,42
4933427J07Rik,9,1,0,4
4933428C19Rik,40,36,30,27
4933428G20Rik,192,174,256,117
4933428M09Rik,0,0,0,0
4933428P19Rik,14,21,10,13
4933429H19Rik,3,17,4,3
4933429O19Rik,18,11,4,3
4933430A20Rik,1,0,0,4
4933430H16Rik,1,0,5,3
4933430I17Rik,43,38,29,30
4933430L12Rik,0,0,0,0
4933430M04Rik,30,23,17,42
4933430N04Rik,0,0,0,0
4933431E20Rik,541,744,541,439
4933431G14Rik,18,7,18,18
4933431J24Rik,0,0,0,0
4933431K23Rik,79,70,89,92
4933431M02Rik,37,41,54,50
4933432G23Rik,2,0,0,0
4933432I03Rik,78,76,100,84
4933432I09Rik,67,81,67,58
4933432K03Rik,717,622,549,557
4933433F19Rik,0,3,1,1
4933433G08Rik,0,0,0,0
4933433G15Rik,156,201,146,193
4933433G19Rik,1039,1117,912,1142
4933433H22Rik,3,0,2,0
4933433N18Rik,1,0,0,0
4933434E20Rik,2374,2187,2098,1959
4933434M16Rik,9,9,14,15
4933434P08Rik,0,0,0,0
4933435E02Rik,13,11,12,7
4933435F18Rik,0,1,0,1
4933435G04Rik,1,0,1,1
4933436E23Rik,1,1,3,1
4933436H12Rik,0,1,0,0
4933436I01Rik,0,0,0,0
4933436I20Rik,310,301,277,272
4933438A12Rik,0,0,0,1
4933438B17Rik,2,10,4,1
4933438K21Rik,1,1,3,0
4933439C10Rik,1769,1866,1386,1135
4933439J24Rik,0,0,1,0
4933439K11Rik,76,98,72,90
4933439N14Rik,4,0,0,7
4933440J02Rik,1,0,2,1
4933440M02Rik,3,15,10,7
5031410I06Rik,5,5,1,2
5031415H12Rik,2564,2258,2351,1770
5031425E22Rik,7319,7521,6553,6537
5031425F14Rik,6,7,13,9
5031434C07Rik,9,3,3,6
5031434O11Rik,481,458,467,382
5031439G07Rik,5885,6163,6331,4851
5033403F01Rik,43,85,64,73
5033403H07Rik,19,10,24,31
5033406O09Rik,14,29,17,10
5033417F24Rik,74,183,121,132
5033421B08Rik,314,379,471,295
5033426E14Rik,0,0,1,0
5033426O07Rik,2,5,5,1
5033428I22Rik,2,5,0,2
5033430I15Rik,48,91,39,57
5330411J11Rik,3,6,3,6
5330411O13Rik,8,10,8,13
5330413D20Rik,0,0,0,0
5330413P13Rik,115,190,182,255
5330416C01Rik,68,99,85,101
5330417C22Rik,8403,8494,7148,7132
5330426L24Rik,1,0,4,2
5330429C05Rik,35,30,32,28
5330434G04Rik,11691,15927,10019,10067
5330438D12Rik,10649,11291,8702,9990
5330438I03Rik,24,16,12,9
5330439A09Rik,225,287,292,220
5330439B14Rik,1,0,4,1
5330439K02Rik,1322,1380,1297,1376
5330439M10Rik,11,6,4,2
5430400D12Rik,535,701,509,655
5430401F13Rik,3,3,1,2
5430401H09Rik,2,1,3,6
5430402E10Rik,0,0,0,0
5430402O13Rik,757,729,690,724
5430402P08Rik,3,22,16,10
5430403G16Rik,366,395,331,330
5430403N17Rik,7,11,5,8
5430405H02Rik,2027,2263,1934,1974
5430414B19Rik,15,45,25,29
5430416N02Rik,362,480,339,364
5430419D17Rik,13,12,16,3
5430421F17Rik,3,5,2,2
5430425K12Rik,2,3,0,4
5430427M07Rik,181,194,164,217
5430427N15Rik,4,1,0,0
5430427O19Rik,28,16,64,49
5430431A17Rik,523,400,457,346
5430434I15Rik,0,0,0,1
5430435K18Rik,0,0,2,2
5430440P10Rik,14,19,12,28
5530400C23Rik,0,0,0,0
5530401A14Rik,1298,1305,1201,1228
5530601H04Rik,2016,2323,1920,2214
5730403I07Rik,10,9,8,9
5730405O15Rik,209,233,185,239
5730409E04Rik,179,256,181,54
5730412P04Rik,16,10,25,30
5730414N17Rik,53,71,80,60
5730419F03Rik,8,11,5,15
5730420D15Rik,20,34,30,36
5730435O14Rik,9,1,11,1
5730437C11Rik,2,5,5,7
5730455P16Rik,1537,1617,1550,1610
5730460C07Rik,0,0,0,0
5730480H06Rik,1264,1425,1131,1259
5730507C01Rik,10,14,13,17
5730522E02Rik,29754,30091,23460,23471
5830405F06Rik,1,0,0,0
5830408C22Rik,184,96,97,110
5830411N06Rik,1,0,5,3
5830416I19Rik,1,0,1,4
5830418P13Rik,422,345,456,402
5830428M24Rik,2,3,4,5
5830432E09Rik,120,122,136,142
5830444B04Rik,379,362,393,428
5830448L01Rik,246,353,198,232
5830454E08Rik,56,157,46,36
5830468F06Rik,17,7,19,11
5830487J09Rik,105,93,100,84
5930403N24Rik,13,10,11,5
5930430L01Rik,524,519,492,512
5930435M05Rik,9,12,7,4
5930438M14Rik,7,8,12,10
6030407O03Rik,273,155,376,240
6030440G07Rik,5,6,6,0
6030442E23Rik,0,1,0,0
6030442K20Rik,686,705,639,668
6030443J06Rik,2539,2507,2903,2650
6030445D17Rik,12,17,9,12
6030452D12Rik,1,0,0,0
6030458C11Rik,1664,1694,1504,1526
6030466F02Rik,2,2,2,3
6030468B19Rik,17,11,34,35
6030469F06Rik,1,0,1,1
6030471H07Rik,0,0,0,0
6030498E09Rik,43,45,37,29
6230400D17Rik,632,612,556,582
6330403K07Rik,153,658,167,138
6330403L08Rik,119,162,137,171
6330408M09Rik,54,73,60,77
6330409D20Rik,41,46,36,21
6330410L21Rik,4,3,4,9
6330411D24Rik,4251,5535,2524,1573
6330415G19Rik,189,210,203,214
6330418K02Rik,187,251,182,217
6330420H09Rik,8,6,10,2
6330562C20Rik,435,363,484,342
6330576A10Rik,604,624,557,425
6430503K07Rik,26,30,31,30
6430531B16Rik,65,68,71,71
6430548M08Rik,3168,3144,2359,2322
6430550D23Rik,396,367,406,384
6430553K19Rik,59,26,21,33
6430562O15Rik,110,181,124,136
6430571L13Rik,310,147,49,76
6430573P05Rik,16,33,5,18
6430584L05Rik,136,181,129,166
6430590A07Rik,2484,2652,1974,2658
6430628N08Rik,25,8,15,35
6430710C18Rik,40,10,8,22
6530401F13Rik,630,692,624,582
6530402F18Rik,359,409,369,385
6530403H02Rik,8803,8658,9007,12744
6530409C15Rik,1977,2150,1714,1990
6530411M01Rik,84,80,86,67
6530413G14Rik,14,20,20,25
6530437J22Rik,235,216,212,195
6720427I07Rik,2221,2493,2083,2274
6720468P15Rik,16,23,14,23
6720483E21Rik,25,52,29,22
6720489N17Rik,279,302,262,202
6820408C15Rik,338,368,342,395
6820426E19Rik,5,4,5,3
7330404K18Rik,1,0,1,0
7420426K07Rik,0,1,1,0
7420700N18Rik,3,2,2,0
7420701I03Rik,17,64,55,43
7530414M10Rik,2,1,2,2
7530416G11Rik,6,3,6,4
7630403G23Rik,183,88,181,189
8030423F21Rik,24,9,10,7
8030423J24Rik,0,4,2,2
8030442B05Rik,226,95,250,203
8030443G20Rik,14,9,14,13
8030451A03Rik,222,145,181,121
8030451O07Rik,667,538,495,903
8030453O22Rik,352,497,504,403
8030455M16Rik,8,5,9,7
8030456M14Rik,124,146,92,143
8030462N17Rik,4734,4763,3886,3998
8030474K03Rik,0,2,2,1
8430419K02Rik,202,164,43,35
8430422H06Rik,3,0,0,3
8430423G03Rik,2,0,1,0
8430426J06Rik,77,54,72,95
8430429K09Rik,1130,1090,1093,1059
8430430B14Rik,5,0,2,1
8430432A02Rik,35,77,36,40
8430436N08Rik,5,0,12,14
8430437L04Rik,2,1,1,1
9030025P20Rik,414,458,370,399
9030204H09Rik,15,19,14,11
9030404E10Rik,12,20,14,15
9030407P20Rik,165,229,161,273
9030612E09Rik,86,95,99,93
9030616G12Rik,1,0,1,0
9030622O22Rik,3,5,5,8
9030624G23Rik,129,159,111,108
9030625G05Rik,0,1,0,2
9130008F23Rik,54,24,13,23
9130015A21Rik,8,4,1,5
9130015G15Rik,790,343,447,394
9130015L21Rik,1,0,0,3
9130016M20Rik,0,4,1,0
9130017K11Rik,133,167,190,210
9130019O22Rik,38,50,48,38
9130019P16Rik,669,812,555,669
9130023H24Rik,6,21,13,14
9130024F11Rik,2106,3689,3338,2930
9130204K15Rik,17,15,17,22
9130204L05Rik,0,0,0,0
9130209A04Rik,2,2,4,0
9130213A22Rik,8,10,8,7
9130221F21Rik,8,6,6,7
9130221H12Rik,49,48,54,17
9130227L01Rik,37,50,40,31
9130230L23Rik,5,4,3,1
9130230N09Rik,31,45,21,34
9130401M01Rik,434,506,418,399
9130409I23Rik,19,19,12,14
9130410C08Rik,20,26,3,12
9130604C24Rik,25,39,10,19
9230009I02Rik,5,3,4,10
9230019H11Rik,0,0,0,1
9230020A06Rik,5,1,2,5
9230102K24Rik,11,12,26,15
9230102O04Rik,4,6,2,0
9230104M06Rik,10,11,11,15
9230105E05Rik,1,0,1,1
9230106D20Rik,0,1,0,1
9230109A22Rik,35,41,51,45
9230110F11Rik,1,1,0,0
9230111E07Rik,7,7,13,6
9230112D13Rik,5,4,3,3
9230112E08Rik,72,83,77,62
9230112J17Rik,304,336,279,270
9230114J08Rik,0,0,0,1
9230114K14Rik,386,350,353,351
9230116L04Rik,33,46,27,36
9230116N13Rik,31,51,46,60
9230117E06Rik,82,87,100,82
9330020H09Rik,86,246,44,35
9330102E08Rik,123,119,137,145
9330104G04Rik,132,245,155,184
9330111N05Rik,1038,1042,1574,949
9330117O12Rik,327,314,435,258
9330118I20Rik,32,79,25,39
9330121J05Rik,12,5,10,4
9330136K24Rik,185,199,159,167
9330151L19Rik,689,800,678,785
9330154J02Rik,245,319,131,228
9330154K18Rik,3,5,6,2
9330158H04Rik,1027,520,271,175
9330159F19Rik,8620,9593,8254,6552
9330159M07Rik,511,707,546,463
9330160F10Rik,230,285,258,230
9330162012Rik,703,679,566,630
9330162B11Rik,0,7,3,1
9330171B17Rik,5,11,6,9
9330175E14Rik,1,0,10,6
9330175M20Rik,866,912,796,826
9330178D15Rik,0,0,4,2
9330179D12Rik,743,896,891,667
9330182L06Rik,4230,5194,4486,4644
9330182O14Rik,1,0,0,0
9330185C12Rik,257,600,577,783
9330188P03Rik,319,358,367,328
9330198I05Rik,26,44,28,27
9330198N18Rik,262,276,238,295
9330199G10Rik,207,305,402,228
9430002A10Rik,7,10,18,7
9430007A20Rik,0,0,0,1
9430014N10Rik,93,98,126,98
9430015G10Rik,1269,1373,1235,1125
9430018G01Rik,21,31,20,27
9430021M05Rik,124,190,128,158
9430024E24Rik,3,2,6,4
9430037G07Rik,98,201,129,137
9430038I01Rik,439,419,467,520
9430041J12Rik,1457,1334,1269,1112
9430060I03Rik,569,594,556,599
9430065F17Rik,254,339,287,358
9430069I07Rik,79,99,111,99
9430073C21Rik,1,6,0,3
9430078K24Rik,2,8,8,6
9430085M18Rik,85,84,84,70
9430091E24Rik,1068,1180,974,1057
9430093N23Rik,0,2,1,0
9430097D07Rik,16,29,17,19
9530002B09Rik,0,0,1,0
9530003J23Rik,0,2,0,2
9530014B07Rik,0,0,0,0
9530018F02Rik,71,136,106,122
9530020I12Rik,1,6,3,4
9530026F06Rik,7,13,9,15
9530026P05Rik,4501,3142,4471,3711
9530034A14Rik,0,0,0,4
9530034E10Rik,305,288,286,227
9530036M11Rik,16,30,4,19
9530036O11Rik,1065,1114,1041,891
9530046B11Rik,73,90,90,62
9530051G07Rik,323,370,303,336
9530052C20Rik,4,13,10,6
9530052E02Rik,1346,1569,1510,1556
9530053A07Rik,6,4,5,5
9530059O14Rik,20113,18602,19077,17998
9530062K07Rik,915,996,889,1138
9530068E07Rik,543,787,567,678
9530077C05Rik,1327,1557,1068,1135
9530080O11Rik,85,162,99,97
9530082P21Rik,285,335,270,249
9530097N15Rik,116,141,130,116
9630001P10Rik,121,111,106,85
9630002D21Rik,470,850,730,811
9630009A06Rik,51,72,57,43
9630013A20Rik,373,243,381,294
9630013D21Rik,29,28,31,27
9630013K17Rik,11,12,11,7
9630014M24Rik,3367,4499,2958,2166
9630015K15Rik,188,192,188,147
9630028B13Rik,24,16,21,12
9630028H03Rik,7224,6253,5030,7249
9630028I04Rik,10,3,10,6
9630041A04Rik,183,166,135,161
9830004L10Rik,3,3,1,1
9830107B12Rik,0,0,0,0
9830132P13Rik,14,11,9,15
9830144P21Rik,52,42,42,43
9830166K06Rik,430,603,510,483
9930004E17Rik,6,9,9,21
9930012K11Rik,65,112,96,59
9930014A18Rik,6,10,14,11
9930021J03Rik,9690,9122,8412,7882
9930022D16Rik,2,5,4,8
9930038B18Rik,6,2,6,7
9930104L06Rik,797,851,666,756
9930111H07Rik,3,2,2,0
9930111J21Rik1,2,2,3,1
9930111J21Rik2,108,64,187,139
A030001D20Rik,244,335,244,240
A030003K21Rik,0,0,1,0
A030005K14Rik,0,0,1,0
A030005L19Rik,38,28,32,23
A030014E15Rik,6,2,6,3
A130010J15Rik,60,83,99,63
A130014A01Rik,337,497,316,456
A130023I24Rik,1,4,0,0
A130030D18Rik,19,25,18,35
A130051J06Rik,41,30,20,24
A130077B15Rik,25,38,33,28
A1bg,22,1,0,0
A1cf,1,9,3,5
A230001M10Rik,970,937,1577,894
A230004M16Rik,1745,2023,1323,1626
A230005M16Rik,28,25,21,31
A230006K03Rik,19031,24617,20354,20933
A230009B12Rik,650,553,711,609
A230020J21Rik,13,12,6,7
A230028O05Rik,12,11,13,10
A230051N06Rik,236,521,309,356
A230056P14Rik,722,761,638,631
A230057D06Rik,26236,30612,25649,24289
A230059L01Rik,59,65,50,79
A230060F14Rik,7,13,3,11
A230065N10Rik,18,34,15,5
A230072C01Rik,620,645,556,576
A230072E10Rik,580,668,496,575
A230072I06Rik,1,0,4,7
A230077H06Rik,912,995,1053,851
A230083G16Rik,275,421,345,274
A230083N12Rik,35,71,51,72
A230087F16Rik,178,306,269,289
A230098N10Rik,1,2,1,0
A230103J11Rik,151,186,151,190
A230103O09Rik,21,31,13,15
A230107N01Rik,100,216,126,167
A230108P19Rik,52,59,55,47
A26c2,18,25,20,20
A2m,84,180,54,31
A2ml1,23,47,54,7
A330008L17Rik,4301,6858,5133,4615
A330009N23Rik,64,69,36,54
A330015K06Rik,4303,4981,4923,5787
A330023F24Rik,12435,16341,11702,10977
A330032B11Rik,1306,1294,1048,1119
A330033J07Rik,172,168,105,83
A330035P11Rik,14,35,22,22
A330040F15Rik,856,1241,1135,986
A330041J22Rik,142,246,183,158
A330043C09Rik,5,9,1,0
A330048O09Rik,10,13,9,10
A330049N07Rik,831,983,1471,883
A330069K06Rik,73,110,92,107
A330070K13Rik,27,95,32,43
A330072L02Rik,116,111,170,104
A330074K22Rik,389,467,306,230
A330076C08Rik,184,210,92,83
A330076H08Rik,13628,17619,12979,12904
A330084C13Rik,37,70,63,51
A330087D11Rik,4,25,8,0
A330093E20Rik,1156,928,933,772
A330094K24Rik,3,3,2,7
A330102I10Rik,4831,5567,4266,5230
A3galt2,56,48,43,43
A430005L14Rik,258,418,305,263
A430010J10Rik,627,783,657,458
A430018G15Rik,89,138,105,110
A430027H14Rik,121,198,119,120
A430033K04Rik,1085,1105,915,977
A430034D21Rik,10,5,4,9
A430035B10Rik,173,244,177,221
A430048G15Rik,4,3,0,1
A430057M04Rik,12,28,27,18
A430072P03Rik,0,0,0,0
A430073D23Rik,229,169,163,171
A430078I02Rik,13,13,13,18
A430088P11Rik,5,5,2,0
A430089I19Rik,0,0,0,0
A430090L17Rik,868,1113,809,954
A430093F15Rik,26,44,63,52
A430105J06Rik,167,234,193,205
A430106G13Rik,756,723,758,577
A430108G06Rik,122,220,136,154
A430110L20Rik,91,96,120,98
A4galt,134,127,178,133
A4gnt,1,10,3,3
A530001N23Rik,40,23,25,25
A530006G24Rik,1,0,0,0
A530010F05Rik,0,0,0,0
A530010L16Rik,3,3,1,1
A530013C23Rik,68,120,125,106
A530016L24Rik,95,116,97,120
A530017D24Rik,594,578,549,525
A530020G20Rik,0,1,2,0
A530021J07Rik,26,21,30,35
A530032D15Rik,3,5,3,7
A530040E14Rik,0,2,1,1
A530041M06Rik,471,479,481,432
A530046M15Rik,1077,1396,1093,1418
A530053G22Rik,130,316,540,79
A530053M12Rik,1,0,6,3
A530058N18Rik,951,1279,870,676
A530064D06Rik,0,1,2,0
A530065N20Rik,117,78,82,58
A530072M11Rik,335,278,348,334
A530076I17Rik,21,11,19,16
A530083I20Rik,146,139,114,114
A530084C06Rik,10,7,11,7
A530088E08Rik,46,31,43,50
A530095I07Rik,3,4,2,2
A630001G21Rik,96,49,159,116
A630001O12Rik,20,16,45,37
A630009H07Rik,0,3,0,0
A630010A05Rik,3,0,0,4
A630012P03Rik,190,103,146,124
A630014C17Rik,32,8,16,19
A630019I02Rik,7,5,5,5
A630023A22Rik,1,2,0,3
A630023P12Rik,71,153,138,146
A630031M04Rik,2,8,16,16
A630035G10Rik,0,1,0,0
A630050E04Rik,0,0,0,0
A630052C17Rik,71,161,102,62
A630072L19Rik,16,14,5,14
A630072M18Rik,354,365,349,387
A630073D07Rik,1,1,2,0
A630076J17Rik,0,0,2,0
A630089N07Rik,3789,3501,2837,2897
A630091E08Rik,1,0,1,0
A630095N17Rik,3,6,2,8
A730004F24Rik,12,4,8,9
A730006G06Rik,22,35,32,33
A730009L09Rik,13,37,11,5
A730011C13Rik,101,111,85,55
A730017L22Rik,418,469,404,348
A730018C14Rik,23,24,15,39
A730020E08Rik,160,258,150,153
A730020M07Rik,9,32,3,4
A730032A03Rik,3,5,4,4
A730035I17Rik,15,27,25,23
A730036I17Rik,51,16,26,30
A730043L09Rik,41,16,9,7
A730045E13Rik,78,82,87,55
A730046J19Rik,1,4,1,1
A730049H05Rik,82,43,72,60
A730049N16Rik,2,2,1,2
A730056A06Rik,340,361,394,323
A730060N03Rik,620,858,687,560
A730061H03Rik,42,61,63,70
A730063M14Rik,103,107,58,105
A730065G17Rik,7,10,17,12
A730071L15Rik,39,45,21,36
A730081D07Rik,1767,1635,1550,1374
A730082K24Rik,5,4,3,1
A730085E03Rik,0,0,0,2
A730085K08Rik,99,76,56,107
A730090N16Rik,391,383,409,491
A730098A19Rik,53,84,58,59
A830005F24Rik,35,73,48,53
A830008E24Rik,183,133,247,202
A830009L08Rik,353,463,275,225
A830011K09Rik,112,129,88,119
A830012C17Rik,305,197,104,175
A830018L16Rik,20415,21928,21701,20981
A830019L24Rik,27,73,38,47
A830019P07Rik,1003,772,850,615
A830021F12Rik,16,13,34,27
A830029E22Rik,17,24,9,37
A830031A19Rik,1141,1136,996,1126
A830035A12Rik,16,35,24,17
A830035O19Rik,30,12,22,31
A830036E02Rik,4581,3299,2450,2898
A830052D11Rik,118,145,128,132
A830082K12Rik,5207,6139,5310,4089
A830082N09Rik,639,655,518,526
A830092H15Rik,271,355,232,332
A930001A20Rik,16,19,11,10
A930001C03Rik,26,28,20,19
A930001M01Rik,607,530,637,543
A930002C04Rik,320,469,378,449
A930002H24Rik,1,1,1,1
A930002I21Rik,0,1,0,1
A930003A15Rik,5,3,2,4
A930003O13Rik,44,50,43,49
A930004D18Rik,73,85,73,88
A930005H10Rik,547,812,584,641
A930006I01Rik,2,2,1,1
A930006K02Rik,205,238,176,192
A930006L05Rik,72,86,44,73
A930007I19Rik,628,728,609,759
A930009A15Rik,872,233,181,120
A930012L18Rik,186,349,212,206
A930012O16Rik,20,33,11,21
A930014D07Rik,4,1,13,2
A930014E10Rik,6,0,6,5
A930015D03Rik,4872,4674,4145,4391
A930016O22Rik,169,292,241,238
A930017K11Rik,17,43,33,21
A930018P22Rik,1,3,3,1
A930019D19Rik,60,65,45,51
A930023M06Rik,13,19,19,21
A930024E05Rik,285,414,310,288
A930027H12Rik,0,3,1,1
A930028N01Rik,252,276,243,287
A930029G22Rik,387,604,391,379
A930031H19Rik,0,0,1,4
A930033H14Rik,129,209,188,113
A930033M14Rik,5,3,2,2
A930037H05Rik,781,634,780,747
A930038B10Rik,2,6,4,1
A930041C12Rik,30,13,27,17
A930104D05Rik,11,14,14,16
AA386476,283,276,250,250
AA387200,0,1,2,4
AA387883,281,206,242,212
AA388235,16,29,16,16
AA465934,28,34,28,4
AA467197,2,5,1,11
AA545190,0,0,0,0
AA645442,2,1,4,0
AA672651,2,2,4,1
AA792892,0,2,0,0
AA986860,202,185,198,198
AB041806,161,197,153,142
AB124611,141,82,150,113
AC087559.2,0,0,0,0
AC087559.3,0,0,0,0
AC102264.1,0,0,0,0
AC103362.1,28,33,30,26
AC106834.1,14,17,15,7
AC109619.1,138,161,122,152
AC113595.1,17,8,15,13
AC121792.1,2,1,0,0
AC123873.1,0,0,0,0
AC123873.2,0,0,0,0
AC123873.3,0,0,0,0
AC124606.1,0,0,0,0
AC124606.2,0,0,0,0
AC124742.1,0,0,0,0
AC124764.1,0,0,0,0
AC125149.1,0,0,0,0
AC125149.2,0,0,0,0
AC125149.3,3,1,2,0
AC125149.4,0,0,0,0
AC125149.5,0,0,0,0
AC125178.1,0,0,0,0
AC125178.2,0,0,0,0
AC125178.3,0,0,0,0
AC126035.1,0,0,0,0
AC132307.1,219,194,221,197
AC132407.1,0,0,0,0
AC132444.1,0,0,0,1
AC132444.2,0,0,0,0
AC132444.3,0,0,0,0
AC132444.4,0,0,0,0
AC132444.5,5,1,4,5
AC132444.6,3,10,10,3
AC133095.1,0,0,0,0
AC133095.2,0,0,0,0
AC133103.1,1,0,0,5
AC133103.3,0,0,0,0
AC133103.4,0,0,0,0
AC133103.5,0,0,0,0
AC133103.6,0,0,0,0
AC133103.7,0,0,0,0
AC135859.1,273,352,209,211
AC137513.1,13,15,12,9
AC139579.1,0,0,0,0
AC140267.1,0,0,0,0
AC140325.1,0,0,0,0
AC140325.2,0,0,0,0
AC140325.3,0,0,0,0
AC140325.4,0,0,0,0
AC140365.1,0,0,0,0
AC141477.1,0,0,1,1
AC142100.1,116,121,136,148
AC149090.1,43220,16085,10350,81628
AC149091.1,2,0,2,0
AC150683.1,26,38,25,55
AC151602.1,1,0,1,0
AC154200.1,312,264,294,287
AC156546.1,443,543,379,369
AC159140.1,89,112,68,93
AC160336.1,103,113,102,80
AC160966.1,1,7,2,2
AC163347.1,115,67,95,51
AC163611.1,0,0,0,0
AC163611.2,0,0,0,0
AC163638.2,578,528,568,476
AC163685.1,190,329,280,260
AC164084.1,0,0,0,0
AC164084.2,0,0,0,0
AC164084.3,0,0,0,0
AC165294.1,0,0,0,0
AC165294.2,0,0,0,0
AC165294.3,0,0,0,0
AC166172.1,199,374,254,300
AC166256.1,0,0,0,0
AC168977.1,7,7,8,3
AC168977.2,0,0,0,0
AC169382.1,0,0,0,0
AC171003.1,105,137,155,145
AC192334.1,2,1,0,0
AC234645.1,0,0,0,0
AC241534.1,65,88,63,89
AF067061,0,0,0,0
AF067063,0,0,0,1
AF366264,0,1,1,3
AI115009,157,224,239,175
AI182371,45,33,55,39
AI197445,43,43,38,62
AI314278,4,3,4,3
AI413582,150,197,178,178
AI427809,0,0,2,1
AI429214,20,41,23,20
AI463170,0,3,1,2
AI463229,3,2,2,4
AI467606,30,23,50,32
AI480526,2665,2707,2350,2316
AI504432,257,498,418,252
AI506816,35,44,32,16
AI507597,4,3,3,2
AI593442,298,648,539,316
AI597479,509,617,441,530
AI606473,4,0,0,12
AI646519,3,0,0,2
AI661453,14,12,20,15
AI662270,45,53,32,60
AI837181,49,157,138,39
AI838599,13,6,10,5
AI839979,33,34,17,27
AI847159,13,13,13,18
AI849053,88,101,98,100
AI854703,139,325,149,62
AI987944,241,183,257,246
AK157302,3,1,0,0
AL607088.1,0,0,0,0
AL607142.1,0,0,0,0
AL731706.1,0,0,0,0
AL731706.2,0,0,0,0
AL845275.1,0,0,1,0
AU015336,30,24,29,18
AU015791,0,0,0,0
AU015836,0,0,0,0
AU016765,3,2,1,6
AU017674,21,26,19,42
AU018091,2,1,1,1
AU019990,28,22,38,61
AU020206,145,92,388,214
AU021063,1,2,1,0
AU021092,72,67,72,91
AU022252,853,834,842,1034
AU022751,24,11,19,18
AU022754,116,140,179,127
AU022793,9,8,30,21
AU023070,0,0,1,0
AU023762,384,482,410,379
AU040320,4326,3875,3985,3740
AU040972,20,22,27,18
AU041133,1074,1186,819,979
AV039307,295,387,315,388
AV064505,0,1,0,3
AV099323,143,168,162,145
AV205837,0,0,0,0
AV320801,0,0,0,0
AV356131,58,290,99,59
AW011738,339,215,214,268
AW046200,272,335,280,219
AW047730,201,199,170,161
AW112010,30,38,17,31
AW146154,622,641,676,594
AW209491,523,678,484,516
AW495222,103,150,112,112
AW549877,1028,1484,1061,865
AW551984,112,238,114,168
AW554918,7342,7229,6897,6700
AW822073,0,0,0,0
AY036118,5242,7198,6922,5090
AY074887,30,58,58,60
AY358078,11,6,1,3
AY512915,11,11,37,28
AY512931,2,3,5,2
AY702103,0,0,1,0
AY761184,0,0,0,0
AY761185,0,0,0,0
Aaas,554,634,608,567
Aacs,2104,2200,2729,1911
Aadac,0,1,0,0
Aadacl2,0,0,0,0
Aadacl3,0,0,0,0
Aadacl4,0,0,0,0
Aadat,24,21,19,11
Aagab,2436,2947,2650,2424
Aak1,18322,20827,18518,15470
Aamdc,1165,1147,1167,1135
Aamp,949,1051,988,918
Aanat,184,194,219,169
Aar2,813,852,781,834
Aard,173,267,141,118
Aars,1495,1665,1480,1481
Aars2,731,834,657,609
Aarsd1,2040,2109,1698,2087
Aasdh,1062,1141,1091,1109
Aasdhppt,682,821,529,680
Aass,187,144,144,100
Aatf,3978,4402,4392,3852
Aatk,5431,5195,5741,3927
Abat,5190,3467,3267,3843
Abca1,2132,1129,1851,1590
Abca12,92,118,186,189
Abca13,28,39,40,28
Abca14,17,9,17,17
Abca15,3,6,3,7
Abca16,7,7,0,6
Abca17,308,413,521,409
Abca2,3135,3742,3138,2333
Abca3,3813,4146,3990,3253
Abca4,438,321,409,434
Abca5,4402,5660,4434,4220
Abca6,285,302,356,265
Abca7,1306,1595,1525,1014
Abca8a,841,765,1344,725
Abca8b,3796,4756,4555,4340
Abca9,346,272,533,324
Abcb10,1285,1284,1208,1218
Abcb11,2,10,8,11
Abcb1a,825,669,836,878
Abcb1b,670,893,1102,1038
Abcb4,923,970,1078,1254
Abcb5,272,59,39,60
Abcb6,397,463,475,401
Abcb7,2877,2613,2134,1880
Abcb8,1351,1237,1240,1181
Abcb9,1984,2077,1827,1746
Abcc1,2693,2601,2388,2085
Abcc10,716,743,691,717
Abcc12,73,97,26,53
Abcc2,33,40,41,51
Abcc3,125,46,191,111
Abcc4,1681,1798,2158,1938
Abcc5,12221,13563,12506,11552
Abcc6,106,49,74,78
Abcc8,1638,2219,1817,1645
Abcc9,278,261,285,236
Abcd1,553,595,631,579
Abcd2,1138,1179,1266,1102
Abcd3,2932,2727,2368,2257
Abcd4,1521,1522,1687,1558
Abce1,2253,2513,2149,2114
Abcf1,2817,2603,2620,2227
Abcf2,748,779,652,608
Abcf3,1076,1155,973,891
Abcg1,2170,2113,1954,2031
Abcg2,1484,1683,1594,1393
Abcg3,52,28,61,48
Abcg4,1351,1342,1219,973
Abcg5,7,1,4,3
Abcg8,7,3,2,4
Abhd10,886,1196,836,1030
Abhd11,479,527,434,467
Abhd12,5287,5803,5892,5046
Abhd12b,13,14,21,10
Abhd13,194,102,175,136
Abhd14a,580,961,789,540
Abhd14b,1522,1845,1600,1535
Abhd15,185,168,169,139
Abhd16a,2370,2834,2297,2029
Abhd16b,0,0,0,0
Abhd17a,426,749,528,398
Abhd17b,4844,4856,4588,4603
Abhd17c,837,785,859,776
Abhd18,8760,9146,8215,8027
Abhd2,6490,5645,5885,5754
Abhd3,1317,1433,1393,1387
Abhd4,475,516,507,475
Abhd5,726,668,609,727
Abhd6,4143,4260,4207,3464
Abhd8,951,1195,923,893
Abi1,7209,7171,6951,6389
Abi2,10800,10887,9228,9755
Abi3,152,94,315,227
Abi3bp,9367,8016,1197,3871
Abitram,488,631,529,664
Abl1,4705,4157,4931,3642
Abl2,10780,7052,7678,6895
Ablim1,15806,18926,16119,13515
Ablim2,10776,12548,13874,12464
Ablim3,7770,4147,2941,2717
Abo,4,5,0,2
Abr,16652,13715,15823,12385
Abra,177,208,207,199
Abracl,286,443,305,293
Abraxas1,638,789,630,729
Abraxas2,1475,1482,1414,1330
Abt1,31,88,82,21
Abtb1,777,925,732,729
Abtb2,1869,1422,2177,1248
Acaa1a,1436,1526,1382,1275
Acaa1b,16,25,21,21
Acaa2,274,272,272,324
Acaca,10361,10936,13275,10303
Acacb,237,196,192,161
Acad10,1249,1481,1363,1377
Acad11,979,1214,1178,1256
Acad12,367,368,414,384
Acad8,1087,1129,1022,989
Acad9,671,710,602,634
Acadl,459,429,486,432
Acadm,1083,905,898,942
Acads,203,206,231,212
Acadsb,4272,4938,4664,4153
Acadvl,509,584,510,403
Acan,118,112,88,62
Acap1,7,4,4,7
Acap2,15304,16867,16036,14565
Acap3,1846,2042,2048,1691
Acat1,6503,6467,6058,5663
Acat2,941,881,1056,1112
Acat3,226,135,188,151
Acbd3,2157,2291,2066,2035
Acbd4,1113,1084,933,907
Acbd5,4267,4315,3845,3565
Acbd6,6956,7376,6653,6427
Acbd7,15,11,14,13
Accs,303,328,344,342
Accsl,21,19,14,10
Acd,583,687,536,489
Ace,88,175,130,110
Ace2,43,38,32,30
Acer1,2,5,2,0
Acer2,348,361,293,312
Acer3,5132,5196,5075,4862
Ache,869,1027,790,630
Acin1,9768,9866,8605,7722
Ackr1,598,787,482,507
Ackr2,5,21,10,14
Ackr3,487,533,526,602
Ackr4,668,745,705,821
Acly,1678,1510,1798,1307
Acmsd,55,49,50,57
Acnat1,12,22,15,15
Acnat2,7,7,4,6
Aco1,1562,1568,1705,1567
Aco2,6513,6179,6177,5287
Acod1,0,4,6,0
Acot1,45,60,63,75
Acot10,14,17,5,16
Acot11,571,432,471,324
Acot12,64,78,66,95
Acot13,1035,1372,1131,1238
Acot2,122,95,134,94
Acot3,30,31,34,41
Acot4,64,79,54,52
Acot5,15,30,29,27
Acot6,149,125,144,146
Acot7,4148,4268,4392,3023
Acot8,1019,1006,867,842
Acot9,770,895,801,799
Acox1,3566,3498,3479,3194
Acox2,105,108,151,108
Acox3,655,695,781,665
Acoxl,20,23,18,23
Acp1,7874,8829,7215,7894
Acp2,973,1080,889,935
Acp4,10,11,8,9
Acp5,10,13,17,15
Acp6,884,984,910,841
Acp7,134,98,110,91
Acpp,16,16,11,10
Acr,335,331,309,337
Acrbp,1044,938,900,788
Acrv1,6,10,15,16
Acsbg1,1538,956,1181,783
Acsbg2,18,6,13,8
Acsf2,220,92,181,155
Acsf3,336,415,357,358
Acsl1,3553,3858,3890,4006
Acsl3,3484,3630,3952,3325
Acsl4,2953,3499,2869,2458
Acsl5,1082,1220,1093,995
Acsl6,4180,4894,3864,3550
Acsm1,1,2,0,0
Acsm2,0,1,1,1
Acsm3,25,37,33,38
Acsm4,2,5,5,1
Acsm5,29,37,18,27
Acss1,2159,1354,2225,1619
Acss2,3702,4174,4158,2989
Acss2os,179,168,167,148
Acss3,402,290,217,228
Acta1,39,211,57,1
Acta2,8,23,42,24
Actb,1464,1851,1677,1510
Actbl2,1,2,0,2
Actc1,1,2,0,0
Acte1,4,1,3,2
Actg1,362,432,651,465
Actg2,35,69,66,62
Actl10,3,11,4,6
Actl11,0,0,0,0
Actl6a,1909,1934,1761,1954
Actl6b,2610,2684,2425,2210
Actl7a,1,2,2,1
Actl7b,0,2,1,3
Actl9,6,6,4,7
Actn1,4717,5060,4951,4905
Actn2,2408,1137,1192,2059
Actn3,37,43,31,56
Actn4,6027,5239,5255,4262
Actr10,2725,2667,2412,2540
Actr1a,3125,2991,3096,2740
Actr1b,3995,4532,3861,3534
Actr2,5716,6179,5797,5701
Actr3,3536,3524,3202,3577
Actr3b,5270,5839,5448,5421
Actr5,747,733,668,713
Actr6,767,885,753,835
Actr8,1620,1901,1469,1637
Actrt1,0,0,0,0
Actrt2,0,0,0,0
Actrt3,8,29,12,21
Acvr1,6537,5310,5271,4611
Acvr1b,1695,1930,1546,1446
Acvr1c,1490,1115,936,1335
Acvr2a,5189,6029,5078,5513
Acvr2b,1160,995,976,890
Acvrl1,199,159,254,235
Acy1,171,147,173,139
Acy3,17,25,18,13
Acyp1,98,261,189,156
Acyp2,8495,8089,8180,7312
Ada,91,57,37,42
Adad1,5,6,6,6
Adad2,21,29,16,11
Adal,962,974,814,809
Adam10,5572,5742,5649,4580
Adam11,2742,3435,2694,2026
Adam12,2126,1466,1856,2093
Adam15,2250,2429,2463,1912
Adam17,1916,1631,1655,1497
Adam18,260,376,588,441
Adam19,1542,1825,1701,1269
Adam1a,371,322,293,234
Adam1b,17,13,12,16
Adam2,62,146,51,70
Adam20,0,0,0,0
Adam21,143,153,156,129
Adam22,14923,18721,14918,14150
Adam23,12184,13437,12606,12263
Adam24,1,0,0,0
Adam25,2,3,1,2
Adam26a,2,2,0,0
Adam26b,1,2,0,0
Adam28,44,28,29,42
Adam29,2,3,3,2
Adam3,15,18,30,16
Adam30,1,0,0,0
Adam32,610,563,587,500
Adam33,1240,930,705,847
Adam34,10,15,15,8
Adam39,0,2,0,1
Adam4,73,80,85,66
Adam5,29,21,23,38
Adam6a,0,0,0,0
Adam6b,0,0,0,0
Adam7,11,13,1,29
Adam8,233,211,234,138
Adam9,2119,2057,1894,1792
Adamdec1,2,0,2,11
Adamts1,119,127,177,137
Adamts10,1550,1892,1513,1139
Adamts12,201,178,200,110
Adamts13,8,12,14,13
Adamts14,27,34,58,31
Adamts15,120,155,119,102
Adamts16,1044,1579,1445,1336
Adamts17,4119,4989,5582,4265
Adamts18,585,1403,1012,1056
Adamts19,3159,317,133,236
Adamts2,897,1705,1525,1124
Adamts20,1545,1688,1571,1304
Adamts3,4371,3078,2447,4806
Adamts4,203,150,281,152
Adamts5,241,148,113,66
Adamts6,2222,1968,1773,2056
Adamts7,13,13,16,12
Adamts8,111,108,93,91
Adamts9,1131,531,1048,763
Adamtsl1,5210,4730,6352,4267
Adamtsl2,68,60,59,74
Adamtsl3,314,194,328,271
Adamtsl4,404,321,508,283
Adamtsl5,244,355,265,188
Adap1,3707,4400,4410,3908
Adap2,749,436,1119,616
Adap2os,351,209,477,320
Adar,6845,6735,6494,5465
Adarb1,7584,7212,5768,5972
Adarb2,50367,35968,40974,29324
Adat1,1819,1836,1792,1657
Adat2,72,100,65,130
Adat3,0,0,0,0
Adck1,2720,2623,2761,2579
Adck2,666,701,573,623
Adck5,1669,1379,1468,1323
Adcy1,4538,7262,7071,5032
Adcy10,1303,1400,1364,1346
Adcy2,22988,21930,21983,18367
Adcy3,2669,2657,2594,2162
Adcy4,56,45,54,68
Adcy5,3545,2464,2399,5307
Adcy6,1325,1213,1213,1067
Adcy7,283,362,439,330
Adcy8,11477,10983,9111,6690
Adcy9,10377,10662,11456,8681
Adcyap1,153,155,107,91
Adcyap1r1,3027,2490,2223,2075
Add1,7128,7022,7470,6184
Add2,10752,11868,10529,10461
Add3,6773,5777,6179,6026
Adgb,128,122,158,135
Adgra1,2937,3571,3768,2704
Adgra2,640,440,442,408
Adgra3,769,706,722,697
Adgrb1,10984,10653,10256,7672
Adgrb2,5113,5130,5345,4222
Adgrb3,104045,128692,108519,101079
Adgrd1,302,360,297,240
Adgre1,170,98,206,165
Adgre4,27,37,21,26
Adgre5,375,339,289,340
Adgrf1,5,8,6,3
Adgrf2,483,357,350,290
Adgrf3,8,3,3,2
Adgrf4,276,286,202,174
Adgrf5,653,465,574,617
Adgrg1,618,589,375,382
Adgrg2,149,153,125,116
Adgrg3,44,25,52,44
Adgrg4,13,5,5,10
Adgrg5,1,1,0,2
Adgrg6,436,882,632,660
Adgrg7,4,10,5,4
Adgrl1,7191,6552,6039,5114
Adgrl2,5633,7955,7333,6373
Adgrl3,57862,67389,54404,54362
Adgrl4,1446,1047,1302,1540
Adgrv1,554,509,515,527
Adh1,0,1,2,4
Adh4,1,2,1,0
Adh5,213,405,343,415
Adh6a,0,0,2,1
Adh6b,0,0,1,0
Adh7,1,0,2,0
Adhfe1,793,547,656,560
Adi1,240,360,287,318
Adig,22,20,18,20
Adipoq,1,2,1,0
Adipor1,1272,1344,1174,1198
Adipor2,3254,4211,4379,2545
Adk,11042,9101,9371,8636
Adm,35,45,41,22
Adm2,0,0,0,0
Adnp,4633,4631,4422,3827
Adnp2,714,758,700,794
Ado,39,121,95,54
Adora1,1187,1426,1284,1001
Adora2a,158,50,40,449
Adora2b,56,60,78,56
Adora3,18,6,15,15
Adpgk,816,866,736,782
Adprh,226,311,392,367
Adprhl1,13,15,15,19
Adprhl2,1023,1226,1124,1280
Adprm,726,882,728,694
Adra1a,4714,2468,2737,2284
Adra1b,727,940,990,549
Adra1d,83,92,86,56
Adra2a,22,50,10,12
Adra2b,4,1,1,5
Adra2c,81,92,77,112
Adrb1,1046,1385,1221,1060
Adrb2,26,56,37,25
Adrb3,107,119,89,105
Adrm1,558,610,560,507
Adsl,1175,1028,1082,1020
Adss,2788,3564,3208,3206
Adssl1,338,375,390,232
Adtrp,22,15,24,26
Aebp1,231,137,162,82
Aebp2,3145,3042,3034,2819
Aen,211,298,209,255
Afap1,1680,1802,1744,1420
Afap1l1,1120,1061,1311,849
Afap1l2,681,565,724,496
Afdn,12437,13734,12131,12196
Aff1,1780,1620,1439,1289
Aff2,6412,8288,7785,6821
Aff3,16575,18818,17393,15042
Aff4,10694,9594,9409,8765
Afg1l,3725,3600,3743,3150
Afg3l1,2773,2777,2612,2703
Afg3l2,2943,3326,2933,2831
Afm,57,59,37,34
Afmid,307,322,477,283
Afp,0,0,2,3
Aftph,6306,5812,5728,4864
Aga,170,214,148,167
Agap1,13380,13791,13809,10792
Agap2,2915,2361,2333,2147
Agap3,3728,3982,3593,2941
Agbl1,539,584,676,537
Agbl2,80,90,62,116
Agbl3,625,665,705,600
Agbl4,34598,47824,39007,35689
Agbl5,1035,986,875,931
Ager,32,24,17,20
Agfg1,4392,5133,4467,4748
Agfg2,2782,2627,3531,3094
Aggf1,1717,1766,1519,1646
Agk,3551,3927,3464,3958
Agl,2308,2325,2305,2185
Agmat,79,139,99,106
Agmo,1790,1093,1893,1318
Ago1,2548,2488,2503,2498
Ago2,4504,3836,3614,3395
Ago3,10502,10544,9181,8469
Ago4,2447,2271,2262,2036
Agpat1,422,517,349,346
Agpat2,51,28,32,31
Agpat3,3825,3858,3363,3125
Agpat4,4602,4852,4929,4361
Agpat5,2669,2881,2287,2297
Agps,3531,3642,3488,3339
Agr2,8,18,6,10
Agr3,30,52,39,36
Agrn,4558,4239,4092,3390
Agrp,1850,1740,1592,1552
Agt,112,391,78,43
Agtpbp1,7642,8696,8049,7083
Agtr1a,16,43,38,21
Agtr1b,41,28,16,23
Agtr2,24,31,11,11
Agtrap,102,99,92,71
Agxt,0,0,1,0
Agxt2,10,6,7,8
Ahctf1,4263,4488,4035,3862
Ahcy,55,61,56,82
Ahcyl1,7204,7664,6312,6492
Ahcyl2,14976,14326,13381,12172
Ahdc1,2746,2548,3023,2072
Ahi1,43486,53022,36474,43998
Ahnak,317,287,386,428
Ahnak2,45,36,33,36
Ahr,809,1012,895,1294
Ahrr,40,61,92,60
Ahsa1,1044,1204,886,854
Ahsa2,1326,1537,1359,1253
Ahsg,2,3,1,1
Aicda,0,3,0,4
Aida,1310,1209,1140,1142
Aif1,60,47,58,71
Aif1l,132,81,121,88
Aifm1,2417,2469,2118,2037
Aifm2,222,222,215,214
Aifm3,4304,5799,4768,3814
Aig1,13066,12894,11256,9600
Aim2,772,683,802,877
Aimp1,1811,2198,1658,1995
Aimp2,209,359,278,186
Aip,347,403,469,466
Aipl1,3,3,5,2
Aire,4,13,16,10
Airn,7352,5639,3872,3416
Ajap1,3754,3463,3203,2703
Ajm1,866,1311,782,687
Ajuba,35,20,25,19
Ak1,438,468,401,427
Ak2,1731,1717,1687,1524
Ak3,1281,1419,1323,1165
Ak4,912,992,979,692
Ak5,15099,15489,17807,13781
Ak6,1056,967,944,881
Ak7,100,96,108,116
Ak8,172,246,253,218
Ak9,44,64,76,152
Akain1,782,925,711,572
Akap1,1335,1428,1344,1204
Akap10,6088,5242,5611,4984
Akap11,5387,5997,4683,5409
Akap12,1496,1641,1414,1272
Akap13,4520,3979,5009,3831
Akap14,273,211,203,215
Akap17b,2378,2432,2072,2248
Akap3,11,10,10,6
Akap4,0,2,0,0
Akap5,505,780,563,850
Akap6,30172,30772,25737,24332
Akap7,3093,4444,4022,3437
Akap8,6094,6064,5549,5385
Akap8l,17494,17955,17870,15759
Akap9,10392,9885,8755,9500
Akip1,38,65,67,59
Akirin1,1514,1498,1421,1321
Akirin2,1868,1985,1624,1752
Akna,108,43,103,76
Aknad1,2,2,8,6
Aknaos,7,4,9,12
Akp3,0,0,0,0
Akr1a1,2219,2266,2139,2013
Akr1b10,745,837,802,727
Akr1b3,1004,1063,987,1077
Akr1b7,0,3,0,0
Akr1b8,8,7,9,7
Akr1c12,0,2,1,1
Akr1c13,7,2,4,12
Akr1c14,42,28,22,25
Akr1c18,53,23,21,20
Akr1c19,5,0,0,1
Akr1c20,3,2,2,2
Akr1c21,17,12,9,9
Akr1c6,3,4,1,1
Akr1cl,8,8,12,8
Akr1d1,8,9,11,13
Akr1e1,797,1091,790,882
Akr7a5,272,330,313,259
Akt1,944,912,893,737
Akt1s1,479,641,524,426
Akt2,1622,1458,1606,1404
Akt3,20306,23452,18994,17699
Aktip,1619,1755,1507,1545
Alad,339,367,303,315
Alas1,1310,1514,1297,1364
Alas2,524,559,449,523
Alb,1,2,1,1
Albfm1,8,13,5,17
Alcam,17100,16863,14737,19098
Aldh16a1,224,203,212,196
Aldh18a1,718,747,728,596
Aldh1a1,869,1155,700,466
Aldh1a2,55,43,6,11
Aldh1a3,47,35,39,23
Aldh1a7,11,4,5,9
Aldh1b1,44,30,14,48
Aldh1l1,777,481,622,527
Aldh1l2,372,466,409,378
Aldh2,943,804,830,851
Aldh3a1,7,4,6,5
Aldh3a2,1165,1253,1094,1050
Aldh3b1,118,83,145,121
Aldh3b2,4,11,5,2
Aldh3b3,9,1,2,2
Aldh4a1,1257,1195,1232,1126
Aldh5a1,1241,1208,914,1152
Aldh6a1,1125,1163,1162,1074
Aldh7a1,2344,2486,2377,2072
Aldh8a1,13,21,17,16
Aldh9a1,747,757,761,787
Aldoa,501,768,753,450
Aldoa.1,39,42,47,53
Aldoart1,1,0,0,2
Aldoart2,0,0,1,0
Aldob,156,196,158,119
Aldoc,864,1141,801,548
Alg1,577,585,548,463
Alg10b,20,13,69,36
Alg11,501,746,522,697
Alg12,445,524,442,428
Alg13,1586,1753,1558,1455
Alg14,545,613,603,592
Alg2,290,367,458,267
Alg3,231,295,172,209
Alg5,833,974,902,939
Alg6,1520,1716,1618,1748
Alg8,1086,1140,1097,1187
Alg9,1585,1642,1579,1392
Alk,4519,5220,5000,4655
Alkal1,20,6,68,61
Alkal2,171,215,153,198
Alkbh1,2760,2866,2609,2912
Alkbh2,320,509,300,312
Alkbh3,1838,1860,1785,1781
Alkbh3os1,16,12,11,11
Alkbh4,173,176,132,159
Alkbh5,1266,1219,1172,1073
Alkbh6,825,1091,750,820
Alkbh7,247,228,207,254
Alkbh8,2870,2985,2644,2628
Allc,24,58,47,41
Alms1,3531,3939,2910,2636
Alox12,63,65,60,56
Alox12b,23,64,30,23
Alox12e,6,7,13,14
Alox15,2,2,2,0
Alox5,55,41,52,50
Alox5ap,29,47,44,34
Alox8,52,92,72,59
Aloxe3,280,415,386,328
Alpi,0,0,0,0
Alpk1,677,499,842,611
Alpk2,48,71,57,68
Alpk3,69,62,56,58
Alpl,184,109,162,106
Alppl2,0,0,0,0
Als2,2323,3350,2386,1977
Als2cl,374,263,302,208
Alx1,8,2,10,5
Alx3,43,10,15,11
Alx4,21,20,19,13
Alyref,125,232,176,135
Alyref2,76,96,68,68
Amacr,197,198,174,191
Ambn,0,1,1,3
Ambp,0,1,1,2
Ambra1,17115,15491,15401,13347
Amd1,1504,1478,1487,1489
Amd2,34,35,20,22
Amdhd1,8,17,14,14
Amdhd2,767,727,792,749
Amelx,113,90,73,110
Amer1,496,519,429,394
Amer2,1201,1294,1072,1023
Amer3,145,261,172,161
Amfr,2321,2487,2135,2082
Amh,35,25,21,17
Amhr2,82,100,85,62
Amigo1,248,307,161,81
Amigo2,74,54,23,15
Amigo3,17,23,13,13
Ammecr1,3138,3552,2815,3592
Ammecr1l,2193,2190,2179,2087
Amn,71,155,99,155
Amn1,2976,2889,2707,2803
Amot,957,645,641,596
Amotl1,1073,675,685,746
Amotl2,282,258,305,281
Ampd1,17,5,9,8
Ampd2,1893,1404,1153,987
Ampd3,1592,1240,1409,1374
Amph,14280,16172,13322,11838
Amt,1375,1401,1077,1009
Amtn,0,0,1,0
Amy1,4502,4838,3869,3797
Amy2a1,0,0,1,1
Amy2a2,0,0,0,0
Amy2a3,0,0,0,0
Amy2a4,0,0,0,0
Amy2a5,0,0,0,0
Amz1,584,469,867,783
Amz2,1711,1632,1583,1686
Anapc1,3710,4065,3917,3558
Anapc10,3165,3333,3047,2814
Anapc11,751,805,728,747
Anapc13,104,71,143,100
Anapc15,374,385,504,459
Anapc15-ps,0,0,0,0
Anapc16,2201,1960,1898,1874
Anapc2,1106,1124,1076,893
Anapc4,3666,4180,3692,3745
Anapc5,5628,5941,5698,5077
Anapc7,794,826,832,822
Ancv1r,4,3,5,2
Ang,11,27,25,29
Ang2,2,1,3,3
Ang4,0,1,1,0
Ang5,0,0,0,0
Ang6,0,0,0,0
Angel1,198,221,222,213
Angel2,3775,3861,3196,3416
Angpt1,1567,3000,2429,2418
Angpt2,1228,1125,1012,1172
Angpt4,14,14,14,18
Angptl1,491,418,384,298
Angptl2,1753,1770,1746,1551
Angptl3,372,511,368,403
Angptl4,44,26,22,40
Angptl6,47,167,128,121
Angptl7,126,103,71,85
Angptl8,4,3,6,3
Ank,11574,12297,13327,9650
Ank1,5064,6233,3498,3111
Ank2,91294,102439,90215,79432
Ank3,82481,77013,70634,68105
Ankar,28,36,23,29
Ankdd1a,239,191,179,278
Ankdd1b,26,38,35,35
Ankef1,591,676,500,578
Ankfn1,3917,2310,1581,2525
Ankfy1,4350,4382,4669,4390
Ankhd1,11755,10465,10640,8997
Ankib1,7138,7326,7356,5909
Ankk1,4,4,0,13
Ankle1,17,18,21,19
Ankle2,1847,1813,1706,1569
Ankmy1,126,150,115,119
Ankmy2,1964,2000,1999,1910
Ankra2,1368,1740,1262,1453
Ankrd1,2,8,2,2
Ankrd10,3645,4326,3498,3373
Ankrd11,14567,13550,13871,12028
Ankrd12,15615,16231,15505,13402
Ankrd13a,2584,2479,2741,2104
Ankrd13b,2330,2550,2420,2064
Ankrd13c,4443,4485,3911,3788
Ankrd13d,1941,2355,2053,1741
Ankrd16,2081,2026,1901,1817
Ankrd17,13862,15628,13205,12004
Ankrd2,10,13,18,15
Ankrd22,7,15,5,10
Ankrd23,225,235,207,175
Ankrd24,3080,4178,3441,3158
Ankrd26,2319,2457,2145,1921
Ankrd27,2668,2995,3504,2691
Ankrd28,10468,10650,10914,9973
Ankrd29,1612,1107,1016,789
Ankrd31,50,56,79,67
Ankrd33,2,1,0,0
Ankrd33b,8244,9132,8475,6745
Ankrd34a,95,196,138,149
Ankrd34b,245,329,214,309
Ankrd34c,74,145,84,96
Ankrd35,246,355,299,331
Ankrd36,5,11,3,12
Ankrd37,122,202,142,185
Ankrd39,501,549,544,482
Ankrd40,1564,1643,1510,1438
Ankrd42,1903,2220,2183,1980
Ankrd44,3531,3424,3763,2939
Ankrd45,2230,2185,1720,1889
Ankrd46,847,1121,911,871
Ankrd49,394,590,400,436
Ankrd50,653,678,506,686
Ankrd52,2016,1926,2015,1760
Ankrd53,14,18,14,4
Ankrd54,743,685,559,490
Ankrd55,1127,1690,1051,950
Ankrd6,7158,3281,3665,3362
Ankrd60,1,2,0,0
Ankrd61,433,439,437,433
Ankrd63,64,53,39,76
Ankrd65,3,6,11,4
Ankrd66,8,5,4,7
Ankrd7,25,18,27,16
Ankrd9,207,384,189,225
Anks1,4653,4529,4622,3438
Anks1b,95450,102459,96459,86906
Anks3,3939,4039,4206,3504
Anks4b,14,15,21,24
Anks6,1165,1353,1470,1044
Ankub1,303,279,420,259
Ankzf1,960,1070,943,848
Anln,768,1014,1442,648
Ano1,431,281,474,540
Ano10,1729,1795,1817,1535
Ano2,808,510,891,1395
Ano3,24282,19583,16630,17175
Ano4,16497,13619,14605,12614
Ano5,616,656,430,542
Ano6,7948,6590,6673,6566
Ano7,11,11,11,17
Ano8,1331,1433,1434,1191
Ano9,2,0,0,0
Anp32a,3579,3493,3063,2889
Anp32b,873,826,760,814
Anp32e,808,679,683,644
Anpep,49,38,31,31
Antxr1,3345,3255,3004,2885
Antxr2,316,423,513,370
Antxrl,1,4,2,4
Anxa1,8,10,11,12
Anxa10,147,156,109,117
Anxa11,904,1195,1093,808
Anxa11os,85,100,85,66
Anxa13,128,102,89,120
Anxa2,119,95,139,125
Anxa3,403,281,749,676
Anxa4,145,197,271,193
Anxa5,576,733,539,485
Anxa6,2379,2543,2821,2227
Anxa7,1496,1941,2034,1674
Anxa8,0,1,0,1
Anxa9,75,65,107,59
Aoah,140,176,228,163
Aoc1,0,6,3,0
Aoc2,148,156,101,106
Aoc3,5,3,1,6
Aopep,18822,20256,17985,15565
Aox1,525,371,480,440
Aox2,99,111,90,124
Aox3,231,100,52,77
Aox4,187,254,225,260
Ap1ar,2246,2615,2093,2253
Ap1b1,3672,3990,3905,3295
Ap1g1,4503,4644,4046,3882
Ap1g2,408,401,389,332
Ap1m1,1421,1498,1312,1215
Ap1m2,66,112,83,77
Ap1s1,1692,1732,1586,1698
Ap1s2,1089,761,536,696
Ap1s3,548,711,524,536
Ap2a1,3088,3217,3244,2675
Ap2a2,5338,5139,4940,4472
Ap2b1,8899,9275,9189,7513
Ap2m1,1034,1177,954,980
Ap2s1,405,286,646,485
Ap3b1,6459,5876,6522,5507
Ap3b2,4408,4536,4449,3614
Ap3d1,3849,3369,3843,2870
Ap3m1,3099,3271,2988,3226
Ap3m2,1691,2004,1739,1744
Ap3s1,3489,3498,3028,3103
Ap3s2,2720,2621,2749,2261
Ap4b1,256,335,193,259
Ap4e1,2215,2250,2362,2154
Ap4m1,1400,1166,1163,1130
Ap4s1,4034,3636,3396,2983
Ap5b1,11,15,7,6
Ap5m1,1451,1586,1254,1351
Ap5s1,128,192,106,96
Ap5z1,896,1045,1110,817
Apaf1,1475,1426,1675,1532
Apba1,17086,19923,19319,14370
Apba2,14915,17493,17282,13714
Apba3,786,899,692,612
Apbb1,1950,2380,2091,1724
Apbb1ip,914,571,2079,1389
Apbb2,12454,14242,14565,12866
Apbb3,1026,1182,1047,942
Apc,30707,21483,19140,17672
Apc2,1764,2022,1822,1641
Apcdd1,698,441,727,668
Apcs,0,0,0,0
Apeh,401,410,366,418
Apela,6,7,9,3
Apex1,62,208,170,144
Apex2,5867,6033,5749,5568
Aph1a,1149,1278,1072,994
Aph1b,664,784,645,764
Aph1c,498,477,476,515
Api5,1715,1877,1567,1529
Apip,1043,1352,939,1168
Aplf,411,488,407,466
Apln,37,26,17,24
Aplnr,3,5,3,7
Aplp1,5005,5027,4554,4502
Aplp2,7272,7720,6527,6898
Apmap,838,1026,718,776
Apoa1,18,162,35,13
Apoa2,0,6,6,5
Apoa4,0,0,0,0
Apoa5,2,1,2,0
Apob,11,12,7,13
Apobec1,174,104,365,209
Apobec2,16,15,11,14
Apobec3,323,162,395,275
Apobec4,2055,1679,1545,1839
Apobr,5,4,15,4
Apoc1,6,16,10,7
Apoc2,0,0,1,1
Apoc3,0,1,0,1
Apoc4,2,8,4,4
Apod,1025,1999,1369,727
Apoe,8003,11925,5253,6502
Apof,0,1,1,1
Apoh,39,61,33,32
Apol10a,1,0,1,0
Apol10b,11,7,8,11
Apol11a,0,0,0,0
Apol11b,0,0,0,1
Apol6,3,2,4,3
Apol7a,26,45,48,39
Apol7b,3,7,1,7
Apol7c,0,1,0,0
Apol7d,20,23,20,38
Apol7e,5,1,2,4
Apol8,113,221,126,126
Apol9a,1,0,0,2
Apol9b,1,3,1,7
Apold1,104,104,87,57
Apom,11,13,15,19
Apon,0,0,0,0
Apoo,2199,2473,1913,2177
Apool,566,412,389,786
Apopt1,2946,2591,2562,2318
App,20509,23299,21629,19060
Appbp2,3985,3683,3683,3067
Appbp2os,181,171,193,203
Appl1,6762,6989,6011,6172
Appl2,3717,3346,3406,2530
Aprt,90,410,323,261
Aptx,688,784,631,678
Aqp1,12,8,8,9
Aqp11,437,465,430,410
Aqp12,4,3,3,3
Aqp2,0,1,1,0
Aqp3,1,0,0,1
Aqp4,922,825,751,638
Aqp5,2,2,1,3
Aqp6,2,22,4,0
Aqp7,7,9,7,6
Aqp8,0,1,0,0
Aqp9,163,104,107,112
Aqr,3040,3364,3060,2882
Ar,1683,2299,1719,1571
Araf,6869,5914,5328,5105
Arap1,584,389,638,393
Arap2,7361,8532,8471,7245
Arap3,279,181,348,275
Arc,245,382,494,438
Arcn1,2437,2404,2254,2078
Areg,21,6,4,3
Arel1,3076,2864,2478,2977
Arf1,911,741,1210,620
Arf2,528,625,499,550
Arf3,4202,3607,3831,3336
Arf4,2761,2589,2507,2558
Arf4os,274,299,213,219
Arf5,1983,2597,2064,1936
Arf6,50,32,43,31
Arfgap1,3591,3579,3497,3045
Arfgap2,1883,1836,1587,1693
Arfgap3,1590,1516,1642,1313
Arfgef1,8831,9020,8058,7981
Arfgef2,6359,6106,6712,5217
Arfgef3,8724,11077,9673,9149
Arfip1,85,84,70,67
Arfip2,1380,1374,1300,1177
Arfrp1,1055,1142,932,978
Arg1,36,44,37,33
Arg2,374,272,220,338
Arglu1,14619,18442,13605,13806
Arhgap1,1545,1573,1469,1256
Arhgap10,6187,6489,5846,6815
Arhgap11a,25,37,37,39
Arhgap12,3905,3223,3541,2946
Arhgap15,2943,3514,3507,2288
Arhgap15os,1,1,5,5
Arhgap17,4162,4373,5012,4068
Arhgap18,3427,3778,3224,3893
Arhgap19,179,122,157,147
Arhgap20,6887,7203,5674,6204
Arhgap20os,605,693,503,598
Arhgap21,10746,14016,11703,9597
Arhgap22,2043,1257,1494,1076
Arhgap23,6464,5841,8602,4706
Arhgap24,1506,2041,1956,1531
Arhgap25,369,454,908,554
Arhgap26,15012,19267,16896,15841
Arhgap27,361,271,300,285
Arhgap27os1,7,8,7,4
Arhgap27os2,135,236,132,79
Arhgap27os3,21,12,16,12
Arhgap28,122,105,56,65
Arhgap29,1611,1344,1301,1711
Arhgap30,101,62,231,127
Arhgap31,4774,2693,4233,2674
Arhgap32,13407,15306,12458,13150
Arhgap33,3020,2668,2701,2416
Arhgap33os,2,3,2,3
Arhgap35,7264,6507,7053,5698
Arhgap36,11,27,9,15
Arhgap39,9545,9515,11456,7524
Arhgap4,454,388,473,389
Arhgap40,48,21,16,24
Arhgap42,3225,2803,2939,2642
Arhgap44,6979,8775,7917,7336
Arhgap45,627,290,994,693
Arhgap5,8699,8181,7620,7494
Arhgap6,3516,2738,2697,3762
Arhgap8,6,10,8,13
Arhgap9,13,5,23,14
Arhgdia,411,740,678,540
Arhgdib,217,206,293,326
Arhgdig,399,725,474,476
Arhgef1,3313,3040,3075,2731
Arhgef10,2143,2022,3204,2193
Arhgef10l,2551,2471,2819,2368
Arhgef11,7684,7947,7597,5899
Arhgef12,13727,12146,12010,10439
Arhgef15,489,585,480,611
Arhgef16,23,13,11,13
Arhgef17,2754,2295,2247,2023
Arhgef18,3106,3033,3214,2658
Arhgef19,593,329,486,393
Arhgef2,5163,4642,4576,4047
Arhgef25,3428,4128,3760,3075
Arhgef26,2453,1908,2161,1774
Arhgef28,4639,5209,6426,5100
Arhgef3,4367,4293,3947,3323
Arhgef33,568,800,704,803
Arhgef37,436,1109,467,393
Arhgef38,12,28,10,13
Arhgef39,8,9,8,8
Arhgef4,3844,3597,3895,3346
Arhgef4.1,0,0,0,0
Arhgef40,1308,1010,1114,898
Arhgef5,68,44,50,75
Arhgef6,1405,851,953,710
Arhgef7,7070,7499,6470,5921
Arhgef9,9541,9742,8062,8861
Arid1a,6053,4732,5167,4237
Arid1b,18089,15453,15396,14026
Arid2,5763,4920,4836,3911
Arid3a,642,687,695,558
Arid3b,1556,1174,1164,1119
Arid3c,1,6,7,6
Arid4a,6824,6648,6700,6026
Arid4b,12051,11818,11166,10063
Arid5a,298,265,260,217
Arid5b,9268,11231,10506,7743
Arih1,14105,12960,12152,10538
Arih2,4435,3831,3829,3049
Arl1,747,863,781,731
Arl10,212,239,285,217
Arl11,6,6,21,12
Arl13a,174,138,118,169
Arl13b,2022,2073,1903,1772
Arl14,1,0,0,0
Arl14ep,988,1055,916,920
Arl14epl,4,0,1,3
Arl15,22589,26578,21207,20151
Arl16,538,632,558,587
Arl2,1048,1153,941,1036
Arl2bp,1542,1707,1676,1719
Arl3,5695,5110,5178,4510
Arl4a,1091,1411,1021,1451
Arl4aos,15,29,29,24
Arl4c,177,422,316,219
Arl4d,24,100,71,69
Arl5a,1640,2072,1579,1500
Arl5b,1328,1271,1001,1246
Arl5c,55,79,45,101
Arl6,796,856,724,852
Arl6ip1,300,605,946,354
Arl6ip4,971,1137,900,1046
Arl6ip5,1773,2170,1765,1846
Arl6ip6,832,890,714,713
Arl8a,2115,2262,2021,1915
Arl8b,2001,2053,1892,1769
Arl9,25,24,24,23
Armc1,1456,1690,1373,1418
Armc10,778,764,820,872
Armc12,3,4,2,1
Armc2,1902,2042,2144,1812
Armc3,29,57,87,54
Armc4,123,140,136,131
Armc5,219,257,242,219
Armc6,739,790,811,696
Armc7,389,308,447,356
Armc8,5172,5368,4948,5122
Armc9,8708,8887,9181,8893
Armcx1,1256,1962,1256,1575
Armcx2,351,513,363,340
Armcx3,697,1125,745,788
Armcx4,362,467,350,424
Armcx5,783,1093,833,1002
Armcx6,123,177,157,141
Armh1,76,48,64,48
Armh2,44,29,57,50
Armh3,6829,6516,6967,5932
Armh4,1780,2623,1873,1656
Armt1,546,518,566,489
Arnt,6864,7297,6812,6237
Arnt2,8611,9330,9717,8644
Arntl,4226,4240,4031,3491
Arntl2,1987,2124,1904,1791
Arpc1a,3115,3102,3163,3117
Arpc1b,874,680,854,770
Arpc2,4887,4942,4771,4260
Arpc3,1983,2250,1896,2084
Arpc4,958,1019,769,914
Arpc5,992,1480,1162,1117
Arpc5l,1046,1392,885,1029
Arpin,356,360,311,376
Arpp19,1982,2968,2011,2430
Arpp21,73971,73884,62878,61768
Arr3,253,242,185,156
Arrb1,3090,3304,2839,2391
Arrb2,1099,1229,1114,877
Arrdc1,626,822,769,613
Arrdc2,212,288,286,223
Arrdc3,1133,1607,1418,1466
Arrdc4,145,154,175,190
Arrdc5,9,13,16,8
Arsa,547,596,511,448
Arsb,8250,7617,7622,6665
Arsg,1031,1025,1321,1005
Arsi,40,21,22,25
Arsj,693,991,1069,944
Arsk,967,1075,990,1044
Art1,10,1,0,1
Art2b,3,1,4,4
Art3,216,300,269,274
Art4,18,32,24,39
Art5,32,5,1,1
Artn,36,23,2,10
Arv1,1295,1514,1182,1312
Arvcf,1639,1865,1680,1416
Arx,696,300,437,421
Arxes1,74,67,26,47
Arxes2,57,73,25,31
As3mt,368,247,283,302
Asah1,3147,3591,3345,3036
Asah2,710,951,795,807
Asap1,21390,25280,23527,20725
Asap2,5448,7007,6220,4759
Asap3,421,313,470,306
Asb1,316,383,338,434
Asb10,5,5,34,25
Asb11,171,179,143,247
Asb12,51,55,30,31
Asb13,1533,2134,1617,2031
Asb14,118,105,120,123
Asb15,55,60,52,103
Asb16,12,9,9,8
Asb17,1,4,2,4
Asb17os,11,12,11,4
Asb18,93,147,98,157
Asb2,152,131,158,132
Asb3,6393,6598,5765,6301
Asb4,31,22,12,28
Asb5,502,484,468,518
Asb6,666,758,624,550
Asb7,1929,1958,1951,1745
Asb8,1129,1281,1126,1207
Asb9,2,0,0,1
Ascc1,1107,948,1051,1026
Ascc2,2786,2989,2875,2632
Ascc3,11126,12275,10449,11557
Ascl1,52,106,84,57
Ascl2,8,9,12,8
Ascl3,8,13,12,11
Ascl4,622,574,472,519
Ascl5,0,0,0,0
Asdurf,0,0,0,0
Asf1a,286,332,242,286
Asf1b,75,63,84,85
Asgr1,7,16,3,1
Asgr2,5,1,3,1
Ash1l,14822,13523,13454,11819
Ash2l,1896,1951,1793,1833
Asic1,1534,1428,1243,1175
Asic2,81604,79736,80049,67717
Asic3,36,32,32,25
Asic4,219,111,126,195
Asic5,2,12,2,3
Asl,404,493,537,443
Asmt,108,168,97,109
Asna1,428,501,374,332
Asns,440,707,512,616
Asnsd1,245,325,233,327
Aspa,2358,1979,2789,1858
Aspdh,66,59,78,61
Aspg,46,57,74,51
Asph,6083,5994,5290,5176
Asphd1,701,920,688,731
Asphd2,1094,1259,1144,1042
Aspm,43,44,40,37
Aspn,106,102,118,70
Asprv1,58,75,77,62
Aspscr1,1263,1103,1331,1106
Asrgl1,1908,1531,1675,1412
Ass1,300,353,321,403
Aste1,1884,1899,1574,1620
Astl,2,2,0,2
Astn1,19275,18482,16449,16095
Astn2,25606,33561,23227,19006
Astx1a,0,0,0,0
Astx1b,0,0,0,0
Astx1c,0,0,0,0
Astx2,0,0,0,0
Astx3,0,0,0,0
Astx4a,0,0,0,0
Astx4b,0,0,0,0
Astx4c,0,0,0,0
Astx4d,0,0,0,0
Astx5,0,0,0,0
Astx6,0,0,0,0
Asxl1,8331,7771,7862,7415
Asxl2,7922,7346,7552,7140
Asxl3,4298,4408,3931,3701
Asz1,2,1,0,4
Atad1,3936,4185,3566,3440
Atad2,1088,1257,1224,1133
Atad2b,9488,9045,8589,7155
Atad3a,2393,2804,2406,2306
Atad3aos,118,129,116,103
Atad5,1269,1180,1164,1266
Atat1,2064,1980,2094,1648
Atcay,5091,4874,4319,4217
Atcayos,279,258,216,246
Ate1,4713,5261,4409,4749
Atf1,2760,2677,2540,2220
Atf2,8364,8733,8113,7887
Atf3,10,12,27,26
Atf4,102,660,192,57
Atf5,138,187,118,175
Atf6,6423,6802,6804,6481
Atf6b,971,998,986,766
Atf7,7888,7142,8074,6514
Atf7ip,6260,6109,5613,5400
Atf7ip2,14,20,20,24
Atg10,4126,3692,4107,4303
Atg101,163,327,218,304
Atg12,955,1477,928,1182
Atg13,2781,2913,2371,2531
Atg14,1361,1528,1280,1314
Atg16l1,5591,5429,5376,5114
Atg16l2,3516,3455,3020,2637
Atg2a,1659,1697,1701,1614
Atg2b,2062,2333,1918,1884
Atg3,3025,3385,2794,3112
Atg4a,1022,1093,994,1090
Atg4a-ps,10,0,4,1
Atg4b,2422,2426,2323,2104
Atg4c,4100,5000,4616,4188
Atg4d,1680,1754,1550,1457
Atg5,2546,2721,2408,2297
Atg7,2679,2569,2946,2412
Atg9a,1925,2000,1742,1516
Atg9b,93,128,74,78
Atic,739,905,830,842
Atl1,4875,5886,5138,4757
Atl2,2973,2915,2314,2459
Atl3,4073,3968,4049,3979
Atm,2768,2937,2788,2666
Atmin,371,445,339,395
Atn1,2285,2112,2210,1976
Atoh1,0,1,1,1
Atoh7,62,209,97,124
Atoh8,103,77,69,77
Atox1,639,695,756,788
Atp10a,2222,2035,2126,1714
Atp10b,225,278,418,211
Atp11a,3075,3092,3204,2800
Atp11b,8236,10309,8208,8138
Atp11c,3689,3345,2799,2448
Atp12a,8,7,7,5
Atp13a1,1615,1591,1627,1315
Atp13a2,1984,2271,2273,1640
Atp13a3,4552,5064,4392,4036
Atp13a4,1015,716,827,577
Atp13a5,1641,1151,1863,1605
Atp1a1,4422,5310,3526,3961
Atp1a2,8541,5816,6487,4492
Atp1a3,10640,11384,9853,8982
Atp1a4,41,54,40,43
Atp1b1,5906,5728,5184,4442
Atp1b2,809,1138,655,535
Atp1b3,3095,4569,3230,2922
Atp1b4,6,5,6,8
Atp23,459,600,539,563
Atp2a1,21,13,14,16
Atp2a2,7554,7165,7311,6091
Atp2a3,99,76,91,61
Atp2b1,24545,25319,20721,21811
Atp2b2,21612,21473,18963,17539
Atp2b3,3819,5053,4547,3594
Atp2b4,5851,5937,5206,4893
Atp2c1,13821,13765,12483,12964
Atp2c2,68,66,89,119
Atp4a,16,26,32,20
Atp4b,0,0,1,0
Atp5a1,5353,6415,4806,6315
Atp5b,2061,1977,2332,2621
Atp5c1,2977,3358,2639,2777
Atp5d,704,986,1045,622
Atp5e,88,140,106,96
Atp5f1,1587,1458,1743,1914
Atp5g1,248,836,630,441
Atp5g2,920,1027,1096,1108
Atp5g3,160,268,188,95
Atp5h,458,678,772,458
Atp5j,215,459,345,271
Atp5j2,1136,1176,1249,1225
Atp5k,127,166,62,48
Atp5l,1724,1657,1645,1432
Atp5md,542,367,804,829
Atp5mpl,96,267,239,131
Atp5o,308,496,424,475
Atp6ap1,2113,2575,1803,1904
Atp6ap1l,782,762,515,785
Atp6ap2,1729,1258,1947,1792
Atp6v0a1,15240,17356,15288,14127
Atp6v0a2,2566,2200,2475,2359
Atp6v0a4,267,329,359,307
Atp6v0b,9741,14016,10510,12388
Atp6v0c,254,1015,257,211
Atp6v0d1,3670,3657,3317,2830
Atp6v0d2,7,1,14,16
Atp6v0e,2137,2226,1925,1989
Atp6v0e2,133,396,364,165
Atp6v1a,3607,3511,3223,3458
Atp6v1b1,38,23,34,32
Atp6v1b2,5290,6294,5247,5858
Atp6v1c1,2309,2705,2483,2396
Atp6v1c2,166,149,164,297
Atp6v1d,1984,2560,1995,1973
Atp6v1e1,2544,2634,2339,2375
Atp6v1e2,0,0,1,2
Atp6v1f,85,224,122,94
Atp6v1fnb,0,3,6,2
Atp6v1g1,127,166,163,116
Atp6v1g2,1173,1882,1156,907
Atp6v1g3,0,0,2,0
Atp6v1h,6010,6846,6148,6238
Atp7a,1688,1514,1484,1343
Atp7b,186,306,228,191
Atp8a1,20845,23888,21886,19760
Atp8a2,13443,17474,14839,13616
Atp8b1,1731,1221,1817,1273
Atp8b2,2687,2795,2365,2220
Atp8b3,2,16,8,15
Atp8b4,14,14,24,16
Atp8b5,128,165,214,167
Atp9a,7467,8949,8680,7220
Atp9b,13727,15111,12907,12813
Atpaf1,3050,2767,2576,2689
Atpaf2,810,959,780,712
Atpif1,2216,2669,2453,2155
Atpsckmt,527,736,528,536
Atr,3386,3497,3316,3402
Atraid,1794,2344,1802,1973
Atrip,1412,1635,1292,1401
Atrn,9180,9193,9463,7931
Atrnl1,22598,25351,23405,19970
Atrx,15281,15499,13516,12834
Atxn1,35525,37457,32407,30030
Atxn10,9136,9461,9186,8670
Atxn1l,706,686,633,644
Atxn2,11681,11440,11589,8895
Atxn2l,7134,7388,6614,5486
Atxn3,3091,2687,2623,2505
Atxn7,6568,6381,5868,5667
Atxn7l1,9518,9201,9176,8292
Atxn7l1os1,497,422,408,365
Atxn7l1os2,297,319,231,277
Atxn7l2,840,681,703,539
Atxn7l3,811,957,768,744
Atxn7l3b,1521,1691,1468,1507
Auh,4816,4631,4205,3556
Aunip,56,39,36,27
Aup1,1222,1323,1245,1019
Aurka,44,43,34,64
Aurkaip1,39,167,91,71
Aurkb,9,7,7,9
Aurkc,14,14,17,10
Auts2,134161,79709,76678,70837
Aven,1413,1463,1443,1384
Avil,112,66,59,54
Avl9,3247,3664,3089,3506
Avp,4,11,5,3
Avpi1,47,97,75,61
Avpr1a,4,5,3,7
Avpr1b,0,0,0,2
Avpr2,4,1,3,1
Awat1,2,0,0,1
Awat2,24,16,27,27
Axdnd1,112,79,117,122
Axin1,3497,2961,3199,2541
Axin2,1109,951,981,914
Axl,298,191,328,265
Aym1,5,2,13,10
Azgp1,2,1,0,0
Azi2,1768,2024,1449,1493
Azin1,2295,2375,1979,1800
Azin2,2070,2110,2053,1912
B020004C17Rik,0,0,0,1
B020004J07Rik,7,2,1,3
B020010K11Rik,20,42,36,19
B020011L13Rik,5,1,1,2
B020014A21Rik,0,0,0,0
B020018J22Rik,11,7,11,6
B020031H02Rik,209,53,19,255
B020031M17Rik,0,0,0,0
B130011K05Rik,1,2,1,1
B130024G19Rik,1417,1447,2156,1146
B130034C11Rik,761,973,704,897
B130046B21Rik,641,562,550,542
B130055M24Rik,1398,1314,1237,1248
B230104I21Rik,14,14,17,14
B230110C06Rik,58,117,82,89
B230110G15Rik,29,28,31,21
B230112J18Rik,54,51,64,57
B230118H07Rik,1017,1063,1045,1076
B230119M05Rik,5,16,8,15
B230206H07Rik,114,117,253,142
B230206L02Rik,256,236,278,273
B230208B08Rik,141,292,150,193
B230208H11Rik,55,44,33,34
B230209E15Rik,5238,6602,5399,6188
B230214G05Rik,14,7,8,5
B230216N24Rik,2277,2868,2020,1848
B230217C12Rik,721,1124,602,841
B230217J21Rik,862,1040,506,738
B230217O12Rik,874,1143,989,1013
B230219D22Rik,935,1999,1312,1348
B230220B15Rik,2,4,2,2
B230303O12Rik,205,178,200,165
B230307C23Rik,4189,4347,3336,3760
B230311B06Rik,9,18,14,13
B230312C02Rik,53,115,57,39
B230317F23Rik,184,277,172,209
B230319C09Rik,33,32,26,21
B230322F03Rik,20,46,32,13
B230323A14Rik,232,197,48,36
B230334C09Rik,6162,5056,5083,5143
B230354K17Rik,479,485,456,502
B230359F08Rik,0,0,0,0
B230364G03Rik,3,2,0,3
B230369F24Rik,439,515,388,487
B230398E01Rik,64,67,48,41
B2m,180,235,366,324
B3galnt1,798,977,721,734
B3galnt2,3122,2902,2330,2496
B3galt1,41318,35856,33787,30751
B3galt2,1511,1906,1400,1457
B3galt4,13,107,28,12
B3galt5,919,776,969,924
B3galt6,76,82,118,70
B3gat1,3095,4303,3522,3065
B3gat2,1363,1374,1195,1139
B3gat3,1366,1691,1367,1226
B3glct,3662,2680,2638,2399
B3gnt2,1565,1611,1529,1851
B3gnt3,10,2,14,15
B3gnt4,10,16,15,11
B3gnt5,28,35,21,30
B3gnt6,33,35,29,42
B3gnt7,3,8,4,6
B3gnt8,22,16,28,31
B3gnt9,91,135,114,108
B3gntl1,1692,1596,1811,1688
B430010I23Rik,937,1044,717,897
B430119L08Rik,0,1,0,0
B430212C06Rik,50,84,89,91
B430218F22Rik,18,23,12,14
B430219N15Rik,9,14,7,23
B430305J03Rik,7,12,9,5
B430306N03Rik,7,7,11,10
B430319H21Rik,3,6,10,10
B4galnt1,989,1152,948,839
B4galnt2,60,71,38,35
B4galnt3,167,228,175,153
B4galnt4,1453,1832,1710,1469
B4galt1,774,674,877,694
B4galt2,737,779,708,651
B4galt3,696,808,694,665
B4galt4,876,1019,895,873
B4galt5,2431,2645,2315,2002
B4galt6,2468,2745,2366,2136
B4galt7,568,573,486,495
B4gat1,64,230,153,112
B530045E10Rik,85,84,77,94
B630019A10Rik,124,95,138,138
B630019K06Rik,26,20,18,10
B830012L14Rik,8231,9876,9512,8744
B830017H08Rik,18,99,22,54
B830042I05Rik,46,84,68,74
B930018H19Rik,89,109,95,94
B930025P03Rik,7,15,3,2
B930036N10Rik,38,44,25,32
B930059L03Rik,53,156,44,44
B930092H01Rik,1,0,1,0
B930094E09Rik,2,4,3,4
B930095G15Rik,2134,1769,1849,1426
B9d1,512,680,602,668
B9d1os,26,24,26,21
B9d2,154,180,115,135
BB014433,0,3,0,1
BB019430,0,0,2,0
BB031773,25,19,11,33
BB123696,3,1,1,0
BB218582,110,172,122,121
BB287469,0,0,0,0
BB365896,137,198,159,169
BB557941,115,234,229,220
BC001981,3,15,1,1
BC002059,1240,1361,1249,1233
BC002189,4,1,3,6
BC003965,651,1136,735,810
BC004004,1411,1369,1375,1376
BC005537,1371,2836,1993,1630
BC005561,5778,6995,4730,5576
BC005624,1808,2092,1614,1726
BC006965,806,888,1016,960
BC016548,2,1,0,2
BC016579,91,120,95,98
BC017158,518,621,538,502
BC018473,53,59,45,50
BC023719,0,2,3,2
BC024063,402,371,334,317
BC024139,8,6,21,9
BC024386,3,2,2,2
BC024978,285,222,215,177
BC025920,143,143,137,175
BC026513,8,6,11,10
BC026762,0,1,0,0
BC028471,4,13,3,1
BC028528,216,256,267,225
BC028777,384,352,308,345
BC029722,56,258,179,70
BC030343,80,169,122,75
BC030500,75,133,57,50
BC030867,23,31,32,41
BC031181,1158,2014,1454,1753
BC034090,439,228,325,329
BC035044,60,37,63,61
BC035947,76,125,39,40
BC037032,24,25,29,25
BC037039,39,28,24,26
BC037156,0,0,0,0
BC037704,12,30,24,10
BC039966,5,22,5,6
BC042761,0,0,0,2
BC043934,8,6,5,7
BC046251,131,84,110,86
BC046401,60,41,61,40
BC048403,165,232,194,206
BC048507,0,3,2,1
BC048559,164,184,130,199
BC048562,1,3,1,0
BC048602,1,1,1,2
BC048644,3,17,8,9
BC048671,0,0,0,0
BC048679,0,0,0,1
BC049352,98,146,123,173
BC049715,117,112,128,169
BC049739,2,1,1,1
BC049762,14,18,13,24
BC049987,12,7,3,2
BC050972,44,40,37,49
BC051019,7,4,2,9
BC051076,0,0,0,0
BC051077,35,24,33,30
BC051142,587,546,437,509
BC051226,134,311,150,52
BC051408,76,59,92,86
BC051537,17,15,20,12
BC051665,0,0,0,0
BC052040,3911,3524,3490,3358
BC053393,17,12,6,13
BC055324,207,189,146,148
BC055402,57,32,34,46
BC061195,0,0,0,0
BC061212,0,0,0,0
BC061237,0,5,0,0
BC065397,1147,1171,1063,1091
BC065403,209,151,85,142
BC067074,120,133,113,112
BC080695,0,2,1,0
BC106179,18,24,18,23
BC107364,12,5,10,11
BC147527,0,1,3,0
BE692007,23,32,47,32
BX088531.1,4,4,2,4
BX119993.1,0,0,0,0
BX470216.1,72,67,73,76
BX571788.1,0,0,0,0
BX571788.2,0,0,0,0
BX571804.1,0,1,1,0
Baalc,841,788,730,526
Baat,12,15,18,12
Babam1,2009,1860,1672,1652
Babam2,8478,7980,8609,7784
Bace1,2293,2068,1883,1738
Bace2,254,210,249,230
Bach1,648,555,575,610
Bach2,9240,10065,9420,6641
Bach2it1,1,2,3,2
Bach2os,78,58,64,44
Bad,373,334,327,301
Bag1,266,246,374,384
Bag2,404,526,483,400
Bag3,195,193,183,157
Bag4,1472,1578,1513,1551
Bag5,64,113,138,98
Bag6,1139,1255,1160,880
Bahcc1,1687,1300,1433,1312
Bahd1,469,484,488,422
Baiap2,9295,8496,8047,8342
Baiap2l1,358,370,351,320
Baiap2l2,155,80,128,121
Baiap3,592,948,329,787
Bak1,363,336,355,314
Bambi,82,27,40,30
Banf1,94,57,49,44
Banf2,309,364,288,311
Banf2os,4,2,10,3
Bank1,294,167,339,159
Banp,4627,4970,4455,3086
Bap1,637,717,581,602
Bard1,75,60,57,55
Barhl1,41,38,9,2
Barhl2,27,70,7,2
Barx1,0,0,0,0
Barx2,165,192,124,156
Basp1,8504,7775,7967,7062
Batf,11,5,28,30
Batf2,37,61,34,44
Batf3,94,113,147,146
Bax,1507,1471,1304,1197
Baz1a,771,371,457,481
Baz1b,6350,6910,5893,5547
Baz2a,4782,4295,4431,3526
Baz2b,16150,16714,14703,12847
Bbc3,209,248,218,245
Bbip1,3419,3734,3007,3052
Bbof1,4016,5036,3559,3920
Bbox1,197,211,199,192
Bbs1,1135,1137,946,941
Bbs10,79,136,73,98
Bbs12,277,325,258,276
Bbs2,1693,1559,1495,1407
Bbs4,2028,2168,1893,1982
Bbs5,2533,3091,2347,2712
Bbs7,2256,2397,2071,2235
Bbs9,5017,5861,6066,5520
Bbx,4532,4542,3766,3870
Bc1,27,48,26,18
Bcam,169,162,153,126
Bcan,3897,3086,3376,2230
Bcap29,1558,1871,1973,1861
Bcap31,1081,1316,997,1025
Bcar1,1335,1495,1585,1300
Bcar3,1413,995,1059,909
Bcas1,2113,1906,3512,2139
Bcas1os1,5,5,6,9
Bcas1os2,373,293,506,369
Bcas2,1690,2198,1528,1659
Bcas3,15906,14814,15301,13282
Bcas3os1,1268,1211,1045,1008
Bcas3os2,107,127,94,121
Bcat1,2110,2008,1537,1385
Bcat2,917,813,974,753
Bccip,971,1000,766,751
Bcdin3d,235,312,220,236
Bche,547,552,499,523
Bckdha,1619,1447,1578,1400
Bckdhb,4986,5469,4659,4048
Bckdk,443,493,432,408
Bcl10,325,413,329,455
Bcl11a,17865,16128,13757,13081
Bcl11b,6848,4592,4956,6534
Bcl2,4587,3957,3798,3045
Bcl2a1a,2,3,15,11
Bcl2a1b,23,10,64,60
Bcl2a1c,0,0,0,1
Bcl2a1d,5,8,5,4
Bcl2l1,3664,3871,4303,3028
Bcl2l10,10,14,10,7
Bcl2l11,298,276,339,320
Bcl2l12,80,61,64,54
Bcl2l13,1923,1924,1837,1784
Bcl2l14,2,2,2,2
Bcl2l15,180,385,202,159
Bcl2l2,647,661,690,537
Bcl3,23,8,29,28
Bcl6,1396,1764,1270,950
Bcl6b,37,20,24,33
Bcl7a,2700,2590,2306,2042
Bcl7b,791,867,655,712
Bcl7c,1377,1429,1372,984
Bcl9,4215,4642,5154,3815
Bcl9l,1239,944,1047,743
Bclaf1,8356,9442,7494,7682
Bclaf3,2519,2463,2257,2049
Bco1,19,32,30,29
Bco2,55,37,70,51
Bcor,2201,1777,1747,1419
Bcorl1,1703,1543,1772,1475
Bcr,4615,4090,4233,4404
Bcs1l,1097,1451,967,1207
Bdh1,2034,2117,2101,2156
Bdh2,48,22,19,22
Bdkrb1,11,17,22,17
Bdkrb2,42,50,92,34
Bdnf,1161,1300,678,656
Bdp1,5300,5678,5314,4997
Bean1,866,1103,879,834
Becn1,2598,3016,2338,2648
Begain,1323,1571,1155,1097
Bend3,294,321,340,340
Bend4,633,671,624,674
Bend5,222,315,227,237
Bend6,5411,7895,6393,5145
Bend7,1495,810,636,714
Best1,32,41,35,56
Best2,2,0,6,6
Best3,45,44,39,51
Bet1,568,633,495,712
Bet1l,919,1149,855,961
Bex1,414,584,480,574
Bex2,209,580,752,222
Bex3,546,834,697,339
Bex4,93,222,148,169
Bex6,2,5,2,1
Bfar,2513,2561,2418,2345
Bfsp1,32,29,22,34
Bfsp2,413,326,676,386
Bglap,3,2,2,1
Bglap2,3,0,0,1
Bglap3,83,192,107,103
Bgn,64,59,44,32
Bhlha15,3,5,9,1
Bhlha9,14,57,17,15
Bhlhb9,2204,2101,1735,1990
Bhlhe22,60,183,94,112
Bhlhe23,0,0,1,0
Bhlhe40,1102,1252,1069,908
Bhlhe41,1650,1894,1345,1254
Bhmt,12,6,1,8
Bhmt2,32,45,43,35
Bicc1,3716,3862,3606,3337
Bicd1,13487,15045,11528,10836
Bicd2,1252,1307,1365,952
Bicdl1,6990,7334,7366,5918
Bicdl2,2,1,3,0
Bicra,4233,3378,4130,2973
Bicral,9172,9031,8981,7227
Bid,251,270,292,273
Bik,3,6,11,10
Bin1,9001,8891,10615,7688
Bin2,162,80,316,236
Bin3,1614,1596,1650,1434
Birc2,2854,3383,2517,3009
Birc3,188,144,218,186
Birc5,45,51,73,48
Birc6,15661,16650,14948,14346
Birc7,10,3,2,2
Bivm,1253,1610,1102,1333
Blcap,1156,1264,1024,1215
Blk,6,3,3,3
Blm,1181,1240,1258,1214
Blmh,3075,2716,2662,2543
Blnk,472,468,980,830
Bloc1s1,47,201,77,32
Bloc1s2,1417,1736,1449,1669
Bloc1s3,7,39,57,51
Bloc1s4,33,275,60,37
Bloc1s5,361,387,333,407
Bloc1s6,138,274,242,224
Bloc1s6os,69,118,71,81
Bloodlinc,0,0,0,0
Blvra,646,763,604,587
Blvrb,325,207,332,284
Blzf1,1199,1390,1223,1434
Bmerb1,7551,7873,7435,6554
Bmf,47,41,79,37
Bmi1,462,494,330,380
Bmp1,1909,2074,1725,1307
Bmp10,0,0,0,0
Bmp15,2,2,0,3
Bmp2,33,61,56,29
Bmp2k,2231,1737,2310,1881
Bmp3,279,384,343,435
Bmp4,47,36,81,47
Bmp5,108,110,78,88
Bmp6,861,400,167,398
Bmp7,215,106,186,151
Bmp8a,20,21,29,28
Bmp8b,157,155,140,119
Bmper,2337,2055,1866,1842
Bmpr1a,5601,4855,4600,4694
Bmpr1b,5781,4382,3367,3698
Bmpr2,7881,7531,7379,6358
Bms1,2335,2729,2154,2513
Bmt2,5335,5108,4398,4625
Bmx,34,50,38,38
Bmyc,1016,2065,1142,1198
Bnc1,1,4,2,0
Bnc2,629,614,381,153
Bnip1,880,923,935,888
Bnip2,1313,1478,1280,1297
Bnip3,612,681,586,571
Bnip3l,1758,1621,1493,1431
Bnipl,120,108,123,124
Boc,1720,1933,1560,1120
Bod1,134,157,215,150
Bod1l,6465,6499,6113,5807
Bok,317,349,276,318
Bola1,36,191,64,51
Bola2,32,89,66,66
Bola3,448,601,426,528
Boll,70,73,65,72
Bop1,1165,1138,1245,1182
Bora,497,550,455,524
Borcs5,1871,2013,1849,1926
Borcs6,32,73,83,26
Borcs7,970,907,827,719
Borcs8,392,610,475,479
Bpgm,603,593,660,613
Bphl,1422,1731,1340,1458
Bpi,4,2,1,1
Bpifa1,1,1,3,0
Bpifa2,0,1,0,1
Bpifa3,1,0,0,1
Bpifa5,1,0,0,1
Bpifa6,0,0,0,0
Bpifb1,13,5,13,21
Bpifb2,1,1,8,1
Bpifb3,0,0,0,1
Bpifb4,0,3,0,0
Bpifb5,41,40,38,42
Bpifb6,0,0,0,0
Bpifb9a,26,15,16,16
Bpifb9b,28,22,19,29
Bpifc,7,10,17,22
Bpnt1,1095,1161,1015,925
Bptf,10301,9984,9728,8618
Braf,14753,14168,12260,11403
Brap,2155,2115,2072,1779
Brat1,1143,1218,1186,1295
Brca1,83,55,82,136
Brca2,723,801,687,767
Brcc3,1594,1624,1368,1461
Brd1,4406,4694,4127,3976
Brd2,1352,1389,1343,1186
Brd3,2665,2582,2534,2186
Brd3os,169,301,191,158
Brd4,9568,8229,8444,7251
Brd7,2979,3224,2711,2623
Brd8,4927,4969,4323,4450
Brd9,6506,9648,7475,7162
Brdt,2566,3305,2934,2852
Brf1,2186,1913,1956,1733
Brf2,335,356,312,330
Bri3,1439,1458,1597,1413
Bri3bp,461,561,667,566
Bricd5,11,6,12,9
Brinp1,27453,30943,20825,22363
Brinp2,10481,10711,8724,7675
Brinp3,30540,34840,23228,22726
Brip1,54,68,85,74
Brip1os,2770,3061,2649,2926
Brix1,926,1022,807,843
Brk1,1420,1898,1411,1319
Brms1,1390,1455,1445,1511
Brms1l,2799,2990,2726,2595
Brox,1849,2013,1866,1831
Brpf1,975,1105,911,883
Brpf3,1711,1612,1541,1588
Brs3,2,0,0,2
Brsk1,2814,2757,2819,2197
Brsk2,2543,3451,2717,2271
Brwd1,9990,10055,9866,8872
Brwd3,3058,3141,2714,2553
Bscl2,2152,2862,2219,2340
Bsdc1,1974,1969,1789,1612
Bsg,3332,3779,2994,3478
Bsn,9566,11136,10000,8340
Bsnd,0,1,0,0
Bsph1,0,7,11,4
Bsph2,0,0,0,0
Bspry,27,43,36,41
Bst1,4,5,4,2
Bst2,32,59,78,62
Bsx,1,1,1,2
Btaf1,8684,7841,7531,6983
Btbd1,6334,4696,4466,4768
Btbd10,5198,6167,4891,5122
Btbd11,2519,4473,3907,2267
Btbd16,56,45,55,49
Btbd17,254,304,154,138
Btbd18,23,25,12,18
Btbd19,131,156,114,163
Btbd2,989,987,924,887
Btbd3,4143,4361,3221,3197
Btbd35f1,0,0,0,0
Btbd35f1.1,0,0,0,0
Btbd35f10,0,0,0,0
Btbd35f11,0,0,0,0
Btbd35f12,0,0,0,0
Btbd35f13,0,0,0,0
Btbd35f14,0,0,0,0
Btbd35f15,0,0,0,0
Btbd35f16,0,0,0,0
Btbd35f17,0,0,0,0
Btbd35f18,0,0,0,0
Btbd35f2,0,0,0,0
Btbd35f20,0,0,0,0
Btbd35f21,0,0,0,0
Btbd35f23,0,0,0,0
Btbd35f24,0,0,0,0
Btbd35f25,0,0,0,0
Btbd35f26,0,0,0,0
Btbd35f27,0,0,0,0
Btbd35f28,0,0,0,0
Btbd35f29,0,0,0,0
Btbd35f3,0,0,0,0
Btbd35f4,0,0,0,0
Btbd35f6,0,0,0,0
Btbd35f7,0,0,0,0
Btbd35f8,0,0,0,0
Btbd6,163,143,145,141
Btbd7,7319,7063,7012,5815
Btbd8,2875,3412,3078,3017
Btbd9,14658,15105,16215,13156
Btc,50,57,39,53
Btd,172,169,185,144
Btf3,612,559,798,670
Btf3l4,1792,1936,1469,1694
Btg1,692,510,338,347
Btg1-ps1,0,1,0,0
Btg1-ps2,0,0,0,0
Btg2,651,790,824,912
Btg3,745,834,638,767
Btg4,21,22,32,30
Btk,144,142,274,169
Btla,201,233,242,264
Btn1a1,4,5,2,0
Btn2a2,25,35,43,33
Btnl1,0,0,0,1
Btnl10,2,2,0,3
Btnl2,0,0,0,0
Btnl4,0,0,0,0
Btnl6,0,0,0,0
Btnl9,2,0,2,0
Btrc,10967,10804,10022,9262
Bub1,11,10,5,2
Bub1b,43,86,182,83
Bub3,1409,1575,1377,1471
Bud13,621,577,539,507
Bud23,1279,1310,1243,1114
Bud31,478,660,522,560
Bves,179,195,211,196
Bvht,30,30,42,48
Bysl,436,453,416,425
Bzw1,1594,1754,1435,1646
Bzw2,3776,4333,3883,3734
C030004G16Rik,223,214,189,188
C030005K06Rik,593,289,441,446
C030005K15Rik,35,38,48,82
C030006K11Rik,126,173,114,188
C030007H22Rik,7,17,5,21
C030010L15Rik,14,10,9,2
C030013C21Rik,76,87,102,73
C030013G03Rik,18,31,15,29
C030014I23Rik,239,332,281,290
C030017B01Rik,1244,1621,1564,1362
C030017D09Rik,15,30,13,19
C030018K13Rik,298,179,249,233
C030029H02Rik,1472,1358,2206,1560
C030032O16Rik,47,47,48,24
C030034I22Rik,349,489,336,411
C030034L19Rik,41,53,71,82
C030037D09Rik,209,183,200,136
C030037F17Rik,24,18,28,22
C030047K22Rik,649,966,679,828
C130013H08Rik,46,70,66,66
C130021I20Rik,1,20,0,0
C130026I21Rik,18,13,17,28
C130026L21Rik,583,881,719,801
C130032M10Rik,0,0,0,0
C130036L24Rik,270,285,231,307
C130040N14Rik,9,8,7,10
C130046K22Rik,224,247,227,203
C130050O18Rik,67,67,83,67
C130060C02Rik,459,471,461,461
C130071C03Rik,14813,15975,13269,14214
C130073E24Rik,12244,8630,4390,6502
C130073F10Rik,3,0,1,0
C130074G19Rik,188,143,149,178
C130079G13Rik,1,0,0,0
C130080G10Rik,26,21,21,7
C130083M11Rik,21,9,23,23
C1d,231,262,286,233
C1galt1,1569,1429,1142,1527
C1galt1c1,89,292,191,132
C1qa,111,217,167,140
C1qb,141,232,206,173
C1qbp,198,384,345,216
C1qc,119,209,202,143
C1ql1,115,112,167,77
C1ql2,11,18,14,3
C1ql3,1274,2265,1854,1792
C1ql4,0,6,1,0
C1qtnf1,50,54,61,55
C1qtnf12,518,736,532,596
C1qtnf2,13,20,20,26
C1qtnf3,26,22,15,35
C1qtnf4,3382,4137,2954,2285
C1qtnf5,0,1,0,0
C1qtnf6,28,39,26,30
C1qtnf7,299,201,228,164
C1qtnf9,7,7,10,21
C1ra,12,11,20,14
C1rb,1,0,1,0
C1rl,13,6,16,14
C1s1,19,33,23,12
C1s2,17,20,19,12
C2,76,115,97,80
C230012O17Rik,42,50,45,20
C230013L11Rik,292,350,294,369
C230014O12Rik,236,234,170,313
C230024C17Rik,6,13,25,22
C230029F24Rik,3,4,2,2
C230034O21Rik,153,211,148,134
C230035I16Rik,98,117,77,51
C230037L18Rik,730,886,950,969
C230038L03Rik,426,378,307,445
C230057A21Rik,1,0,0,0
C230057M02Rik,2652,3247,3130,2710
C230066G23Rik,20,22,32,16
C230072F16Rik,50,6,4,11
C230079O03Rik,3,6,12,9
C230099D08Rik,1,1,1,0
C2cd2,3802,3468,3424,3505
C2cd2l,1129,1219,1004,1139
C2cd3,3185,2802,2771,2391
C2cd4a,1,4,2,1
C2cd4b,35,68,52,45
C2cd4c,65,77,75,58
C2cd4d,4,18,4,18
C2cd5,11413,12282,10978,10494
C2cd6,28,33,46,40
C3,0,8,5,2
C330002G04Rik,266,235,234,171
C330004P14Rik,0,0,0,2
C330007P06Rik,1278,1424,1374,1279
C330008A17Rik,7,8,14,7
C330011F03Rik,0,1,0,3
C330011M18Rik,39,41,23,45
C330013E15Rik,78,136,81,95
C330018A13Rik,5,13,3,5
C330018D20Rik,467,548,452,522
C330019F10Rik,35,51,34,32
C330021F23Rik,18,39,29,34
C330022C24Rik,6,6,3,4
C330024C12Rik,0,0,1,0
C330024D21Rik,0,3,5,5
C3ar1,66,35,94,65
C430002N11Rik,17,16,30,25
C430014B12Rik,23,30,29,31
C430039J16Rik,0,0,0,1
C430042M11Rik,12,17,24,27
C430049B03Rik,148,105,193,138
C4a,73,83,66,64
C4b,277,155,768,405
C4bp,13,23,22,22
C530005A16Rik,172,223,134,199
C530008M17Rik,8710,8338,8195,6690
C530025M09Rik,19,45,27,62
C530043A13Rik,1,0,0,2
C530044C16Rik,79,84,76,64
C5ar1,29,26,54,45
C5ar2,16,8,27,22
C6,7,6,4,3
C630028M04Rik,9,13,14,11
C630031E19Rik,395,422,345,424
C630043F03Rik,195,330,301,228
C7,212,317,272,282
C730002L08Rik,626,1004,801,766
C730027H18Rik,0,0,1,0
C730027H18Rik.1,0,0,0,0
C730034F03Rik,548,701,469,645
C730036E19Rik,0,0,0,1
C77080,431,640,571,439
C78197,74,70,61,53
C78283,1,1,1,1
C78334,141,141,141,159
C78859,3931,3935,3600,3919
C79798,2264,531,279,620
C820005J03Rik,13,8,17,3
C86187,19,16,10,9
C87198,0,0,0,0
C87414,2,2,2,0
C87436,1612,1796,1578,1602
C87487,26,51,59,27
C87499,2,4,2,5
C87977,0,0,0,0
C8a,21,22,12,24
C8b,57,35,33,45
C8g,47,46,33,35
C9,1,3,1,1
C920008G01Rik,0,0,0,0
C920021L13Rik,791,996,839,885
C9orf72,1323,1547,1290,1334
CAAA01066123.1,12,16,10,16
CAAA01077340.1,33,29,41,35
CAAA01118383.1,736,699,631,645
CAAA01147332.1,32,32,33,30
CAAA01165726.1,1,1,0,0
CJ186046Rik,5,3,8,6
CK137956,9,14,9,8
CN725425,17,12,12,10
CR628363.1,0,0,0,0
CR628363.2,0,0,0,0
CR974424.1,0,0,0,0
CR974480.1,0,0,0,0
CR974488.1,0,0,0,0
CR974586.1,0,0,0,0
CR974586.2,0,0,0,0
CR974586.3,0,0,0,0
CR974586.4,0,0,1,1
CR974586.5,0,0,0,0
CT009536.1,313,262,181,220
CT867961.1,0,0,0,0
CT868697.1,0,0,0,0
CT868723.1,2,7,6,5
CU019598.1,0,0,0,0
CU041232.1,0,0,0,0
CU041232.2,0,0,0,0
Caap1,2717,2834,2352,2397
Cab39,4785,4770,4060,4514
Cab39l,3875,4022,3499,3470
Cabcoco1,345,279,300,362
Cabin1,6718,7213,7142,7170
Cables1,2522,2476,2738,2085
Cables2,490,616,549,385
Cabp1,6106,7976,5505,4829
Cabp2,0,1,0,0
Cabp4,52,45,37,55
Cabp5,7,7,4,4
Cabp7,93,99,133,91
Cabs1,0,0,0,0
Cabyr,555,571,436,444
Cacfd1,711,906,681,691
Cachd1,2933,2530,2206,1817
Cacna1a,41930,50793,42767,35965
Cacna1b,11590,13935,14316,12129
Cacna1c,53627,36004,33027,31679
Cacna1d,32421,28650,23434,22347
Cacna1e,27973,31194,27513,29435
Cacna1f,67,81,73,67
Cacna1g,3520,3080,3003,2047
Cacna1h,2013,1448,1249,1466
Cacna1i,3331,2593,2161,2054
Cacna1s,17,12,15,13
Cacna2d1,44755,42473,34985,30664
Cacna2d2,2740,2913,1986,2625
Cacna2d3,29312,37639,33006,44765
Cacna2d4,149,146,151,133
Cacnb1,1992,1782,1838,1445
Cacnb2,25855,26116,22341,25198
Cacnb3,1931,1581,1417,1208
Cacnb4,30158,33484,28999,26279
Cacng1,26,26,30,38
Cacng2,4785,5917,4533,3399
Cacng3,9523,9971,9125,8583
Cacng4,2025,1251,1777,1653
Cacng5,1409,389,218,306
Cacng6,31,23,19,21
Cacng7,3883,3375,3120,2475
Cacng8,4827,3967,4132,3418
Cactin,473,422,435,435
Cacul1,3503,3532,3094,3040
Cacybp,781,775,607,774
Cad,305,289,305,216
Cadm1,38827,41054,42272,36181
Cadm2,152799,151126,120134,115258
Cadm3,3158,4068,2728,2908
Cadm4,1687,1838,1791,1386
Cadps,55141,57716,50660,44128
Cadps2,10684,14627,11335,7569
Cage1,658,950,727,843
Calb1,1450,2208,2004,2062
Calb2,668,382,182,86
Calca,15,47,8,10
Calcb,12,27,22,26
Calcoco1,2066,2319,2092,2165
Calcoco2,2,1,3,0
Calcr,7,49,14,26
Calcrl,584,399,591,496
Cald1,2522,2130,2335,2021
Calhm1,2,2,2,3
Calhm2,414,386,362,326
Calhm3,2,2,0,1
Calhm4,2,1,0,0
Calhm5,73,65,59,76
Calhm6,3,6,6,2
Calm1,1873,2618,2885,2802
Calm2,6744,6636,7144,6984
Calm3,605,388,1275,950
Calm4,0,0,0,0
Calm5,0,0,0,1
Calml3,0,0,0,0
Calml4,20,32,30,21
Caln1,17496,22517,19137,23243
Calr,418,554,848,233
Calr3,163,196,175,159
Calr4,26,13,24,22
Calu,1012,1070,922,969
Caly,1792,2046,1642,1762
Camk1,3621,3728,3383,3386
Camk1d,20504,20491,20778,17880
Camk1g,794,1007,743,527
Camk2a,36649,39607,38046,32982
Camk2b,12370,9920,8803,8866
Camk2d,17812,19570,14598,14890
Camk2g,8134,7906,8097,6497
Camk2n1,2562,2866,2480,1988
Camk2n2,183,378,198,43
Camk4,13413,16238,12466,12766
Camkk1,1514,1904,1494,1157
Camkk2,6666,6870,6019,5442
Camkmt,8349,8771,9076,7705
Camkv,6508,5952,6207,5847
Caml,1840,2803,2137,1920
Camp,67,49,63,58
Camsap1,3502,3546,3391,3045
Camsap2,5346,5636,5102,4514
Camsap3,742,803,759,623
Camta1,24876,24699,21654,17940
Camta2,2619,2796,2720,2016
Cand1,1611,1706,1457,1466
Cand2,290,273,309,303
Cant1,489,537,455,420
Canx,3330,2914,3453,3093
Cap1,2814,2959,2866,3541
Cap2,14004,14363,13071,12233
Capg,20,26,48,49
Capn1,418,410,481,348
Capn10,1423,1417,1451,1255
Capn11,305,132,129,91
Capn12,85,83,66,58
Capn13,5,2,3,3
Capn15,4967,4648,4690,3832
Capn2,2814,2188,2330,1852
Capn3,240,199,395,323
Capn5,491,600,721,427
Capn6,600,342,343,290
Capn7,3359,3654,3234,2964
Capn8,2,3,2,3
Capn9,20,14,9,6
Capns1,1326,1558,1520,1253
Capns2,4,5,10,8
Caprin1,5730,5318,5232,5067
Caprin2,1049,1225,945,877
Caps2,24,29,15,16
Capsl,64,67,37,77
Capza1,3858,3879,3573,3664
Capza2,2304,2304,2087,2318
Capza3,0,0,0,0
Capzb,3112,3134,3637,2905
Car1,4,3,2,2
Car10,40481,54531,40891,32626
Car11,3394,3351,3160,3340
Car12,817,540,681,896
Car13,25,14,23,14
Car14,228,287,357,178
Car15,64,94,76,73
Car2,2302,1990,2746,1855
Car3,15,16,16,11
Car4,1237,1921,1304,1125
Car5a,23,27,33,42
Car5b,224,245,274,253
Car6,1,0,0,2
Car7,1399,1559,1217,1318
Car8,428,353,458,291
Car9,9,6,6,17
Card10,164,106,148,75
Card11,18,16,77,44
Card14,8,11,13,7
Card19,221,237,281,233
Card6,34,51,74,46
Card9,101,68,88,72
Carf,2079,2060,1964,2114
Carhsp1,137,125,158,158
Carlr,4,34,17,11
Carm1,2338,2175,2263,1857
Carmil1,10293,9169,8643,7564
Carmil2,270,407,271,273
Carmil3,2185,2298,2156,1758
Carmn,174,135,206,200
Carnmt1,2289,2173,1827,1938
Carns1,226,222,352,203
Cars,1487,1613,1615,1288
Cars2,1678,1603,1602,1588
Cartpt,99,65,31,115
Casc1,106,106,108,109
Casc3,4212,3974,3857,3304
Casc4,9413,10724,9223,9940
Casd1,2033,1913,1821,1829
Cask,13456,12877,11509,10753
Caskin1,4019,3446,3903,2942
Caskin2,351,205,381,234
Casp1,57,75,101,96
Casp12,29,59,51,37
Casp14,0,0,0,0
Casp2,809,813,705,714
Casp3,330,410,356,297
Casp4,27,27,50,36
Casp6,238,209,230,201
Casp7,328,280,351,421
Casp8,166,93,212,164
Casp8ap2,1239,1171,1076,963
Casp9,490,548,510,608
Casq1,164,191,171,175
Casq2,51,66,49,61
Casr,26,25,14,14
Cass4,45,22,62,55
Cast,867,1004,779,730
Castor1,86,79,109,74
Castor2,3186,3100,2851,1792
Casz1,439,411,307,676
Cat,472,644,619,665
Catip,88,77,122,94
Catsper1,3,6,4,10
Catsper2,1241,1127,1267,1146
Catsper3,277,338,337,265
Catsper4,7,5,11,8
Catsperb,10,12,17,15
Catsperd,326,333,330,277
Catspere1,66,62,56,41
Catspere2,7625,7722,7830,7471
Catsperg1,260,217,245,206
Catsperg2,7,5,4,15
Catsperz,125,202,188,127
Cav1,237,145,227,156
Cav2,118,104,165,141
Cav3,0,3,8,3
Cavin1,141,100,168,143
Cavin2,260,315,290,234
Cavin3,121,190,119,93
Cavin4,481,464,576,400
Cbarp,2280,2318,1656,1523
Cbfa2t2,9053,8540,8273,7672
Cbfa2t3,1467,1692,1731,1094
Cbfb,1499,1319,1422,1198
Cbl,4993,4490,4813,3896
Cblb,4302,5132,4794,4488
Cblc,6,5,5,3
Cblif,18,16,12,17
Cbll1,1075,1251,980,1166
Cbln1,12,274,16,3
Cbln2,183,307,149,54
Cbln3,11,402,17,12
Cbln4,108,247,112,114
Cbr1,283,565,359,287
Cbr2,18,15,17,8
Cbr3,122,110,157,214
Cbr4,286,304,306,336
Cbs,717,444,592,372
Cbwd1,1733,1895,1512,1929
Cbx1,3024,3000,2581,2605
Cbx2,44,64,30,36
Cbx3,3158,3329,2698,3176
Cbx4,854,868,763,938
Cbx5,4462,4104,3324,3364
Cbx6,2738,2760,2442,2368
Cbx7,1395,1454,1190,1102
Cbx8,214,253,184,256
Cby1,1094,1222,1020,1173
Cby3,18,36,20,23
Cc2d1a,817,911,866,718
Cc2d1b,1338,1422,1414,1280
Cc2d2a,3442,3621,3275,3069
Cc2d2b,77,103,105,81
Ccar1,8784,7886,8058,6888
Ccar2,1225,1251,1225,1161
Ccbe1,1527,2093,2136,1921
Cccd201,4,5,3,4
Ccdc102a,51,40,40,35
Ccdc103,16,23,9,26
Ccdc105,33,41,26,32
Ccdc106,1018,1163,995,1247
Ccdc107,1500,1656,1218,1532
Ccdc110,31,35,48,52
Ccdc112,1545,1692,1622,1771
Ccdc113,100,111,105,151
Ccdc114,262,131,187,158
Ccdc115,119,259,151,72
Ccdc116,91,117,112,100
Ccdc117,806,760,657,574
Ccdc12,2391,2392,2153,2335
Ccdc120,440,503,435,329
Ccdc121,4,10,0,6
Ccdc122,342,267,363,381
Ccdc124,113,199,203,208
Ccdc125,186,155,161,139
Ccdc126,320,326,303,346
Ccdc127,686,1160,776,923
Ccdc13,428,504,463,477
Ccdc130,574,647,563,532
Ccdc134,974,632,571,637
Ccdc136,3453,4981,4000,3434
Ccdc137,612,722,519,603
Ccdc138,1838,1806,1950,1762
Ccdc14,277,313,244,317
Ccdc141,3332,1817,2363,1991
Ccdc142,238,233,304,299
Ccdc142os,141,150,137,149
Ccdc144b,11,26,11,11
Ccdc146,127,74,96,100
Ccdc148,5862,6438,6772,6752
Ccdc149,3032,2848,2914,2597
Ccdc15,915,909,1113,1088
Ccdc150,369,409,294,346
Ccdc151,376,338,303,369
Ccdc152,91,92,79,35
Ccdc153,5,20,9,12
Ccdc154,4,0,2,4
Ccdc155,225,279,261,227
Ccdc157,980,1005,1024,795
Ccdc158,43,38,65,50
Ccdc159,678,589,677,615
Ccdc160,174,207,171,215
Ccdc162,464,403,455,500
Ccdc163,309,279,278,169
Ccdc166,27,75,25,9
Ccdc167,882,934,873,851
Ccdc169,91,80,95,79
Ccdc17,88,150,117,127
Ccdc170,21,24,23,35
Ccdc171,1641,2127,2140,2255
Ccdc172,18,51,40,51
Ccdc173,1281,1372,1184,1166
Ccdc174,3302,3439,2654,3017
Ccdc175,19,18,27,34
Ccdc177,317,339,331,302
Ccdc178,19,41,30,29
Ccdc18,475,393,442,371
Ccdc180,9,7,7,10
Ccdc181,282,376,343,417
Ccdc182,0,0,0,0
Ccdc183,24,33,28,33
Ccdc184,33,29,41,15
Ccdc185,0,0,1,0
Ccdc186,2622,3062,2533,2293
Ccdc187,414,195,179,816
Ccdc188,12,3,5,8
Ccdc189,187,249,207,231
Ccdc190,348,188,251,264
Ccdc191,2958,2761,2727,2687
Ccdc192,454,300,198,141
Ccdc194,0,2,0,0
Ccdc22,462,502,484,379
Ccdc24,90,103,90,56
Ccdc25,1174,1276,1193,1141
Ccdc27,31,52,40,25
Ccdc28a,1493,2071,1557,1789
Ccdc28b,1331,1452,1127,1237
Ccdc3,789,1283,1380,1258
Ccdc30,5476,5732,5822,5753
Ccdc32,343,440,324,330
Ccdc33,21,8,30,33
Ccdc34,2228,2528,2168,2340
Ccdc34os,165,171,131,201
Ccdc36,97,87,68,43
Ccdc38,151,198,125,202
Ccdc39,2809,3487,2620,2989
Ccdc40,112,164,124,144
Ccdc42,0,1,3,6
Ccdc42os,0,0,0,1
Ccdc43,312,565,454,294
Ccdc47,2938,3581,2695,3113
Ccdc50,5451,5084,4868,4526
Ccdc51,465,544,422,480
Ccdc54,0,0,0,0
Ccdc57,3806,3345,3673,3440
Ccdc58,2976,3014,2657,2814
Ccdc59,1264,1528,1189,1450
Ccdc6,2583,2723,2570,2218
Ccdc60,373,482,457,473
Ccdc61,708,694,665,664
Ccdc62,1270,1104,1284,1203
Ccdc63,31,45,32,20
Ccdc65,357,518,477,515
Ccdc66,2863,2984,2413,2405
Ccdc68,3,12,5,2
Ccdc69,25,56,27,37
Ccdc70,0,0,0,0
Ccdc71,170,217,136,143
Ccdc71l,107,293,167,238
Ccdc73,994,1015,859,994
Ccdc74a,314,450,356,355
Ccdc77,1423,1403,1299,1300
Ccdc78,298,277,362,328
Ccdc7a,96,106,79,72
Ccdc7b,554,668,484,495
Ccdc8,32,26,24,23
Ccdc80,328,357,250,300
Ccdc81,229,259,184,241
Ccdc82,1450,2385,1389,1477
Ccdc83,10,8,16,5
Ccdc84,1072,1009,999,967
Ccdc85a,11168,12495,10162,9011
Ccdc85b,278,311,335,316
Ccdc85c,754,603,540,488
Ccdc86,399,409,351,431
Ccdc87,1,10,11,11
Ccdc88a,20796,19678,18015,16107
Ccdc88b,63,43,89,69
Ccdc88c,3488,3810,3807,3737
Ccdc89,6,14,1,3
Ccdc9,755,746,691,580
Ccdc90b,1622,1704,1505,1499
Ccdc91,1615,1690,1564,1506
Ccdc92,1336,1550,1151,1230
Ccdc92b,1329,1345,1274,1181
Ccdc93,2689,2864,2792,2330
Ccdc96,24,36,20,38
Ccdc97,274,295,266,157
Ccdc9b,198,122,173,160
Ccer1,4,4,6,8
Ccer2,0,11,6,9
Cchcr1,315,289,255,235
Ccin,1,0,0,0
Cck,202,1395,435,246
Cckar,2,3,0,4
Cckbr,1178,1227,991,953
Ccl1,1,4,3,6
Ccl11,0,0,0,0
Ccl12,7,8,5,14
Ccl17,39,65,38,41
Ccl19,4,3,8,7
Ccl19.1,0,0,0,0
Ccl2,2,0,1,0
Ccl20,0,1,0,0
Ccl21a,2,5,3,2
Ccl21a.1,0,0,0,0
Ccl21b,0,0,0,0
Ccl21b.1,0,0,0,0
Ccl21c,0,0,0,0
Ccl21c.1,0,0,0,0
Ccl22,4,0,3,6
Ccl24,3,4,4,3
Ccl25,3126,3097,2832,2866
Ccl26,4,3,2,5
Ccl27a,532,1069,680,578
Ccl27a.1,0,0,0,0
Ccl27a.2,0,0,0,0
Ccl27b,0,0,0,0
Ccl28,157,79,79,184
Ccl3,1,0,26,27
Ccl4,3,0,68,80
Ccl5,55,49,40,45
Ccl6,6,6,15,19
Ccl7,1,1,1,0
Ccl8,0,0,0,3
Ccl9,2,7,9,3
Ccm2,2404,1927,2223,2226
Ccm2l,134,115,160,136
Ccn1,44,28,72,97
Ccn2,62,206,77,135
Ccn3,403,689,622,715
Ccn4,645,260,252,129
Ccn5,5,1,0,1
Ccn6,42,57,31,26
Ccna1,27,51,44,49
Ccna2,52,70,42,47
Ccnb1,30,82,61,41
Ccnb1ip1,12,32,15,31
Ccnb2,236,262,261,227
Ccnb3,3,3,2,2
Ccnc,3407,3829,3529,3541
Ccnd1,486,405,450,427
Ccnd2,2312,2388,2608,2068
Ccnd3,1400,1097,1771,864
Ccndbp1,764,941,762,782
Ccne1,236,357,201,270
Ccne2,653,742,562,618
Ccnf,357,362,287,281
Ccng1,376,615,494,624
Ccng2,418,508,413,465
Ccnh,3999,3937,3033,3575
Ccni,3350,3032,2490,2783
Ccnj,496,564,452,478
Ccnjl,757,993,830,735
Ccnk,1431,1563,1317,1329
Ccnl1,4796,5146,4312,5185
Ccnl2,8497,7528,6995,6749
Ccno,29,25,23,55
Ccnq,45,172,85,72
Ccnt1,4196,3957,3797,3692
Ccnt2,7995,8811,7370,7147
Ccny,8835,9224,8378,8537
Ccnyl1,1681,1480,1477,1598
Ccp110,1302,1623,1625,1383
Ccpg1,2627,3321,2482,2442
Ccpg1os,165,197,163,192
Ccr1,11,9,12,3
Ccr10,11,16,9,12
Ccr1l1,0,0,1,0
Ccr2,15,8,35,11
Ccr3,0,0,0,1
Ccr4,8,12,6,4
Ccr5,175,102,128,158
Ccr6,4,1,2,5
Ccr7,1,0,2,3
Ccr8,0,0,0,0
Ccr9,352,313,258,319
Ccrl2,22,22,20,20
Ccs,1166,1194,1264,1064
Ccsap,2208,2284,1390,1775
Ccser1,45412,53679,40672,39479
Ccser2,5024,5336,4613,4921
Cct2,998,1103,888,846
Cct3,1739,1617,1434,1362
Cct4,1380,1540,1210,1147
Cct5,840,1124,773,815
Cct6a,1354,1523,1158,1226
Cct6b,60,66,70,74
Cct7,940,883,810,831
Cct8,1225,1300,1175,1149
Cct8l1,6,12,4,5
Ccz1,2923,3064,2835,2629
Cd101,66,51,81,50
Cd109,49,36,43,38
Cd14,7,15,35,13
Cd151,195,324,276,244
Cd160,26,35,30,28
Cd163,73,100,160,67
Cd163l1,187,164,167,166
Cd164,249,455,311,240
Cd164l2,97,138,131,123
Cd177,1,0,0,0
Cd180,177,129,439,338
Cd19,1,0,1,1
Cd1d1,43,34,20,28
Cd2,1,1,2,5
Cd200,1218,1761,1459,1746
Cd200r1,90,74,113,54
Cd200r2,0,1,7,7
Cd200r3,3,7,1,3
Cd200r4,14,30,53,26
Cd207,1,2,4,0
Cd209a,14,9,17,14
Cd209b,13,9,23,11
Cd209c,7,6,10,7
Cd209d,2,1,0,1
Cd209e,0,1,0,0
Cd209f,15,21,42,16
Cd209g,17,11,23,14
Cd22,5,3,10,14
Cd226,277,264,225,250
Cd244a,13,7,21,25
Cd247,122,86,69,134
Cd248,21,32,16,21
Cd24a,14,1,10,7
Cd27,278,217,195,243
Cd274,54,40,115,102
Cd276,1026,706,685,768
Cd28,4,5,10,11
Cd2ap,7610,7249,6454,6845
Cd2bp2,635,694,496,567
Cd300a,83,91,107,66
Cd300c,0,0,0,1
Cd300c2,70,55,125,82
Cd300e,3,1,1,1
Cd300lb,5,2,5,3
Cd300ld,1,0,1,1
Cd300ld2,0,0,0,0
Cd300ld3,0,1,3,2
Cd300ld4,0,0,0,0
Cd300ld5,0,0,0,0
Cd300lf,47,81,111,46
Cd300lg,23,33,49,21
Cd302,578,636,496,486
Cd320,587,601,539,559
Cd33,98,59,178,146
Cd34,621,938,721,627
Cd36,38,34,56,27
Cd37,180,98,335,277
Cd38,132,160,119,99
Cd3d,0,1,1,3
Cd3e,0,2,0,2
Cd3eap,475,464,402,474
Cd3g,1,0,2,2
Cd4,8,13,14,23
Cd40,40,34,36,30
Cd40lg,4,0,1,0
Cd44,166,320,327,316
Cd46,4492,4852,4726,4378
Cd47,4424,4463,4331,3823
Cd48,32,18,101,47
Cd5,12,23,16,30
Cd52,40,75,89,107
Cd53,63,72,104,126
Cd55,100,177,120,129
Cd55b,8,4,6,17
Cd59a,273,496,431,386
Cd59b,108,156,126,145
Cd5l,0,0,0,1
Cd6,38,72,43,35
Cd63,553,625,422,348
Cd68,61,50,73,72
Cd69,2,1,0,0
Cd7,1,3,3,9
Cd70,4,11,6,2
Cd72,80,73,88,126
Cd74,37,34,51,17
Cd79a,15,25,20,7
Cd79b,2,6,0,1
Cd80,117,91,95,87
Cd81,1630,2445,1482,1456
Cd82,174,139,206,148
Cd83,133,166,187,231
Cd84,180,90,440,373
Cd86,160,83,311,177
Cd8a,3,0,1,3
Cd8b1,15,8,7,3
Cd9,656,657,921,779
Cd93,105,122,145,110
Cd96,3,9,6,5
Cd99l2,2200,2495,2128,2102
Cda,306,356,318,269
Cdadc1,3461,4102,3279,3112
Cdan1,1362,1695,1346,1332
Cdc123,2711,2840,2604,2529
Cdc14a,871,920,1259,1066
Cdc14b,4385,4876,4059,3490
Cdc16,1653,1748,1711,1649
Cdc20,16,20,18,11
Cdc20b,17,21,9,11
Cdc23,2438,2565,2312,2300
Cdc25a,207,262,201,177
Cdc25b,1350,1476,1386,1170
Cdc25c,14,20,24,23
Cdc26,1707,1756,1446,1579
Cdc27,4651,4519,4618,4127
Cdc34,142,198,163,149
Cdc34b,0,3,1,0
Cdc37,1107,1147,1054,996
Cdc37l1,8012,9400,8016,7526
Cdc40,5531,6584,5521,5937
Cdc42,6163,6920,5996,5837
Cdc42bpa,20226,23300,20198,18590
Cdc42bpb,4644,4726,4884,4011
Cdc42bpg,83,133,100,108
Cdc42ep1,349,238,413,323
Cdc42ep2,218,202,278,213
Cdc42ep3,1592,1662,1268,1858
Cdc42ep4,193,165,205,166
Cdc42ep5,38,53,43,44
Cdc42se1,411,519,402,322
Cdc42se2,7012,6023,6349,6113
Cdc45,57,64,55,37
Cdc5l,2097,1926,1785,1736
Cdc6,35,44,40,44
Cdc7,1715,2124,1474,1464
Cdc73,5008,5069,4743,4657
Cdca2,13,15,29,27
Cdca3,10,17,9,11
Cdca4,127,168,148,109
Cdca5,2,2,4,2
Cdca7,313,102,150,160
Cdca7l,484,216,204,206
Cdca8,86,78,89,81
Cdcp1,42,55,33,55
Cdcp2,0,3,0,0
Cdh1,12,45,12,8
Cdh10,25388,25945,21441,19271
Cdh11,10098,13109,12904,12138
Cdh12,23110,29255,17821,17788
Cdh13,16850,19478,24150,21851
Cdh15,23,117,11,24
Cdh16,5,1,4,7
Cdh17,6,3,5,0
Cdh18,23716,33295,23764,23008
Cdh19,2229,1818,2464,1696
Cdh2,15533,17514,15208,14115
Cdh20,11340,10904,10359,7347
Cdh22,2984,2893,1903,1731
Cdh23,392,366,875,503
Cdh24,343,448,354,297
Cdh26,7,3,5,7
Cdh3,24,14,7,2
Cdh4,9003,6582,6337,5646
Cdh5,225,161,200,213
Cdh6,5119,5431,3337,2947
Cdh7,2618,5524,3619,4284
Cdh8,12011,17048,11646,13510
Cdh9,6069,7048,7392,9213
Cdhr1,170,87,44,93
Cdhr2,18,20,19,29
Cdhr3,250,239,150,229
Cdhr4,12,13,19,20
Cdhr5,2,0,0,0
Cdip1,5394,5209,4882,4344
Cdipt,690,1005,709,643
Cdiptos,75,67,63,42
Cdk1,8,7,13,2
Cdk10,2505,2886,2733,2658
Cdk11b,4604,4779,4275,4374
Cdk12,9910,9915,9764,10096
Cdk13,9129,10015,8354,7742
Cdk14,26378,27108,23901,21060
Cdk15,136,79,131,80
Cdk16,2267,2473,2136,1834
Cdk17,12502,10716,9365,10269
Cdk18,821,771,885,702
Cdk19,7095,5819,7332,5362
Cdk19os,0,2,7,1
Cdk2,54,33,70,39
Cdk20,238,266,218,222
Cdk2ap1,642,752,676,600
Cdk2ap2,173,390,213,154
Cdk4,547,623,502,507
Cdk5,2241,2601,2352,2027
Cdk5r1,165,380,542,154
Cdk5r2,12,63,33,11
Cdk5rap1,1234,1401,1363,1312
Cdk5rap2,2139,2463,2545,1884
Cdk5rap3,762,746,719,739
Cdk6,386,397,641,470
Cdk7,2819,2945,3109,2884
Cdk8,9685,8007,9674,8195
Cdk9,2688,2682,2568,2014
Cdkal1,8544,8725,8108,7803
Cdkl1,2026,2875,1899,2257
Cdkl2,2234,2957,2649,2973
Cdkl3,2479,2435,2358,2247
Cdkl4,774,1207,1279,1242
Cdkl5,9523,9991,8598,8911
Cdkn1a,156,108,91,92
Cdkn1b,311,216,241,207
Cdkn1c,67,75,88,93
Cdkn2a,6,8,7,14
Cdkn2aip,613,933,697,895
Cdkn2aipnl,317,411,355,325
Cdkn2b,46,21,25,35
Cdkn2c,16,24,17,17
Cdkn2d,28,104,92,32
Cdkn3,46,68,63,77
Cdnf,27,43,27,45
Cdo1,595,499,496,510
Cdon,2826,2780,2728,2895
Cdpf1,188,269,242,258
Cdr1,117,213,68,127
Cdr1os,19130,25487,17749,19029
Cdr2,126,191,155,85
Cdr2l,694,658,595,406
Cdrt4,14,26,23,16
Cdrt4os1,13,6,16,10
Cdrt4os2,0,0,0,0
Cds1,3254,3421,2615,1916
Cds2,3888,4073,3428,3322
Cdsn,4,2,4,3
Cdt1,57,76,81,76
Cdv3,1316,1432,1101,1297
Cdx1,0,0,2,3
Cdx2,0,0,0,0
Cdx4,0,0,1,0
Cdyl,2029,2055,1908,1646
Cdyl2,4041,5240,3784,3081
Ceacam1,115,113,118,136
Ceacam10,0,3,0,1
Ceacam11,0,0,0,0
Ceacam12,0,0,0,0
Ceacam13,0,0,0,0
Ceacam14,0,0,1,1
Ceacam15,0,0,0,1
Ceacam16,5,4,3,8
Ceacam18,1,3,1,7
Ceacam19,1,0,0,0
Ceacam2,1045,1040,1008,1138
Ceacam20,2,0,2,3
Ceacam3,4,5,10,3
Ceacam5,1,2,0,1
Ceacam9,0,1,0,2
Cebpa,19,12,21,26
Cebpb,117,319,220,113
Cebpd,125,202,132,98
Cebpe,0,0,0,1
Cebpg,1416,1611,1451,1481
Cebpz,2912,3222,2373,3026
Cebpzos,94,148,140,152
Cecr2,1328,875,1197,825
Cel,3,1,3,3
Cela1,45,44,62,46
Cela2a,0,0,0,0
Cela3a,2,2,3,1
Cela3b,1,4,0,0
Celf1,15166,14299,12927,12675
Celf2,276211,266316,247408,251175
Celf3,9968,8621,7959,9012
Celf4,42911,39555,40130,38600
Celf5,6506,6414,5871,5414
Celf6,1322,1229,1265,1185
Celrr,781,576,734,599
Celsr1,254,106,160,151
Celsr2,1475,1744,1324,1180
Celsr3,2131,2272,2095,1537
Cemip,2237,4495,4420,3294
Cemip2,2041,2124,1690,1753
Cend1,28,414,300,25
Cenpa,67,126,109,65
Cenpb,172,195,189,172
Cenpc1,4371,4612,4033,3825
Cenpe,163,120,171,143
Cenpf,57,51,49,36
Cenph,116,108,119,140
Cenpi,54,38,37,46
Cenpj,238,247,215,222
Cenpk,129,205,129,180
Cenpl,64,72,48,62
Cenpm,89,133,108,118
Cenpn,150,194,157,156
Cenpo,416,425,364,409
Cenpp,2147,1934,1868,1925
Cenpq,181,193,137,170
Cenps,143,208,132,183
Cenpt,708,685,722,671
Cenpu,368,431,355,371
Cenpv,4420,4664,3880,3853
Cenpw,72,85,78,100
Cenpx,235,287,260,269
Cep104,1912,1887,2004,1728
Cep112,8178,6402,7345,7230
Cep112it,260,206,247,218
Cep112os1,62,33,42,38
Cep120,3855,3960,3723,3571
Cep126,2870,3613,2845,3271
Cep128,1457,1413,1402,1424
Cep131,698,718,827,600
Cep135,1881,1958,1728,1723
Cep152,662,653,695,560
Cep162,2781,2987,2695,2516
Cep164,4290,4756,4217,4145
Cep170,6884,6702,5961,5578
Cep170b,1073,1304,1088,886
Cep19,1447,1942,1387,1610
Cep192,1933,1975,2130,1659
Cep250,2362,2390,2538,1947
Cep290,4003,4642,4097,3875
Cep295,3500,3846,3007,3391
Cep295nl,20,20,25,16
Cep350,7347,7533,7020,6287
Cep41,176,197,202,169
Cep44,1249,1564,1166,1333
Cep55,19,17,22,24
Cep57,1217,1254,1043,1241
Cep57l1,2066,2066,1905,1945
Cep63,1742,1735,1615,1711
Cep68,2502,2404,2268,2343
Cep70,5928,7311,6268,6895
Cep72,80,93,110,106
Cep76,360,341,321,316
Cep78,3267,3747,2926,3389
Cep83,4362,5019,4464,4186
Cep83os,1194,1562,1268,1438
Cep85,1773,1579,1696,1352
Cep85l,4831,4529,4491,3791
Cep89,2212,2149,2235,1989
Cep95,2792,2725,2511,2263
Cep97,1892,1914,2106,1714
Cept1,2648,2957,2555,2506
Cer1,1,0,0,1
Cercam,433,437,460,322
Cerk,3575,3594,3790,2728
Cerkl,689,1123,757,667
Cers1,1360,1257,1276,1174
Cers2,1215,1227,1273,1033
Cers3,70,60,71,58
Cers4,4261,4886,4521,3909
Cers5,5020,4549,4751,4061
Cers6,12425,11771,10769,10050
Ces1a,4,2,3,6
Ces1b,1,0,1,0
Ces1c,0,0,1,0
Ces1d,2,4,2,10
Ces1e,1,1,1,0
Ces1f,4,4,4,10
Ces1g,2,0,1,2
Ces1h,1,0,3,6
Ces2a,0,0,0,0
Ces2b,2,1,6,3
Ces2c,0,0,0,0
Ces2e,0,0,0,0
Ces2f,0,0,1,1
Ces2g,1,2,2,1
Ces2h,1,2,1,1
Ces3a,1,0,1,0
Ces3b,0,0,0,0
Ces4a,17,11,11,15
Ces5a,120,179,147,145
Cetn1,0,0,0,1
Cetn2,143,245,178,242
Cetn3,1626,2373,1614,2015
Cetn4,264,505,260,415
Cfap100,262,303,258,192
Cfap126,30,28,34,17
Cfap157,349,332,260,305
Cfap161,11,23,26,19
Cfap20,2538,2486,2190,2353
Cfap206,149,177,124,180
Cfap221,89,54,83,121
Cfap298,485,550,530,583
Cfap299,404,477,515,468
Cfap300,1154,1372,1267,1232
Cfap36,4852,4724,3891,3960
Cfap410,535,754,608,624
Cfap43,140,148,126,184
Cfap44,736,826,820,1104
Cfap45,203,254,227,265
Cfap46,515,749,601,523
Cfap47,526,650,676,803
Cfap52,91,238,208,198
Cfap53,99,77,61,94
Cfap54,2805,3179,3045,3286
Cfap57,59,95,93,84
Cfap58,13,22,15,16
Cfap61,372,358,453,441
Cfap65,360,560,567,535
Cfap69,3093,3638,2759,3164
Cfap70,237,291,336,351
Cfap73,27,16,23,19
Cfap74,1691,1574,1642,1668
Cfap77,58,59,48,46
Cfap97,1225,1443,1047,1384
Cfap97d1,8,4,3,3
Cfap97d2,311,160,192,211
Cfap99,226,288,268,276
Cfb,43,23,27,32
Cfc1,0,1,0,1
Cfd,0,0,0,0
Cfdp1,4632,4417,4236,3532
Cfh,534,404,830,615
Cfhr1,4,6,1,3
Cfhr2,8,7,4,6
Cfi,25,27,24,28
Cfl1,460,557,848,447
Cfl2,3382,3824,2484,3104
Cflar,883,774,1029,823
Cfp,750,792,645,577
Cftr,302,152,102,234
Cga,2,1,1,1
Cgas,87,78,99,93
Cggbp1,269,550,349,472
Cgn,450,552,490,370
Cgnl1,578,603,521,498
Cgref1,421,548,489,617
Cgrrf1,755,980,681,651
Ch25h,8,6,17,13
Chac1,2,6,11,12
Chac2,1734,1944,1412,1776
Chad,4,3,2,1
Chadl,659,579,568,502
Chaer1,0,0,0,0
Chaf1a,249,247,266,293
Chaf1b,16,23,21,9
Champ1,918,999,878,852
Chat,39,72,40,94
Chchd1,239,567,355,178
Chchd10,91,311,112,83
Chchd2,231,453,280,276
Chchd3,9767,10045,9098,8908
Chchd4,705,754,650,691
Chchd5,38,85,64,66
Chchd6,5257,5811,5508,5126
Chchd7,1240,1765,1075,1086
Chd1,4053,3739,3717,3086
Chd1l,731,770,901,850
Chd2,11934,12860,10823,10590
Chd3,6784,5657,5428,5230
Chd4,8112,7566,7211,6649
Chd5,6347,6533,5821,4463
Chd6,13819,14783,12843,12276
Chd7,2857,3723,3141,2183
Chd8,6056,6267,6283,5441
Chd9,21305,22449,19172,17731
Chdh,640,512,527,370
Chek1,150,179,206,174
Chek2,134,124,179,130
Cherp,2794,2353,2506,2142
Chfr,7338,8063,6661,6491
Chga,1325,1772,1082,1123
Chgb,896,1557,1401,1401
Chia1,56,63,73,140
Chic1,4161,4128,3447,3524
Chic2,3256,2947,2735,2857
Chid1,1859,2048,1792,1792
Chil1,66,75,122,129
Chil3,16,8,20,52
Chil4,2,2,1,3
Chil5,207,186,161,382
Chil6,4,4,6,2
Chit1,7,4,8,14
Chka,9085,10813,9919,8650
Chkb,1404,1448,1474,1159
Chl1,7445,10995,9570,8237
Chm,5234,5937,4694,5127
Chml,152,151,112,71
Chmp1a,572,638,515,566
Chmp1b,137,223,115,147
Chmp2a,652,621,565,564
Chmp2b,571,512,506,498
Chmp3,2430,2710,2335,2431
Chmp4b,2099,2061,1830,1616
Chmp4c,254,267,209,299
Chmp5,857,984,887,804
Chmp6,141,133,108,149
Chmp7,617,711,605,525
Chn1,13301,16549,14251,14827
Chn1os1,43,61,43,59
Chn1os3,189,213,187,186
Chn2,5496,7545,3736,4808
Chodl,16,18,10,27
Chordc1,3080,3477,2793,2733
Chp1,3474,3235,3011,2602
Chp2,9,9,14,11
Chpf,32,211,160,109
Chpf2,2472,2716,2554,2426
Chpt1,4743,4670,4226,4116
Chrac1,236,228,252,173
Chrd,2005,2932,2884,2161
Chrdl1,355,209,280,207
Chrdl2,16,23,15,25
Chrm1,1793,1617,1789,1542
Chrm2,8781,4994,2824,2236
Chrm3,28937,34627,29264,23179
Chrm4,12,22,7,32
Chrm5,3,3,1,0
Chrna1,4,6,9,5
Chrna10,80,12,6,22
Chrna1os,37,63,48,39
Chrna2,12,17,13,11
Chrna3,63,43,15,16
Chrna4,130,309,197,181
Chrna5,48,66,137,84
Chrna6,9,9,1,3
Chrna7,2658,2710,2936,2264
Chrna9,4,13,6,8
Chrnb1,87,48,58,64
Chrnb2,356,457,241,323
Chrnb3,37,31,17,8
Chrnb4,9,11,4,1
Chrnd,0,1,0,1
Chrne,6,8,0,5
Chrng,13,13,20,13
Chst1,1472,2284,1787,1244
Chst10,1841,1819,1488,1692
Chst11,6198,4203,5821,4580
Chst12,333,407,331,366
Chst13,0,0,0,0
Chst14,14,11,20,10
Chst15,372,484,364,465
Chst2,508,368,447,448
Chst3,112,80,151,74
Chst4,3,5,5,4
Chst5,53,76,62,42
Chst7,109,131,117,108
Chst8,1523,2003,2130,1181
Chst9,2061,1934,2390,2355
Chsy1,2187,1390,1461,1369
Chsy3,24181,20236,17764,16590
Chtf18,64,49,56,48
Chtf8,8,9,12,4
Chtop,1030,1615,1189,916
Chuk,5341,5957,5155,5149
Churc1,614,467,394,491
Ciao1,577,712,603,587
Ciao2a,434,466,381,390
Ciao2b,121,247,175,149
Ciao3,1041,1081,931,937
Ciapin1,1722,1753,1556,1548
Ciart,666,971,771,617
Cib1,108,71,108,73
Cib2,233,334,276,272
Cib3,2,1,5,3
Cib4,5,11,7,4
Cic,1730,1509,1452,1314
Cidea,54,108,76,64
Cideb,31,20,24,30
Cidec,1,0,1,1
Ciita,292,215,225,174
Cilp,3,3,1,4
Cilp2,23,17,9,7
Cinp,840,1031,860,831
Cip2a,102,98,105,136
Cipc,3863,4345,4283,4123
Cir1,1831,1900,1652,1639
Cirbp,2167,2089,1807,1920
Cisd1,213,457,498,370
Cisd2,1283,2406,1369,945
Cisd3,148,330,150,216
Cish,77,63,40,42
Cit,14168,15057,12392,11255
Cited1,22,24,9,4
Cited2,290,281,211,184
Cited4,5,89,23,16
Ciz1,1910,1943,2190,1624
Ckap2,28,25,37,37
Ckap2l,19,14,27,29
Ckap4,154,182,207,97
Ckap5,8771,8733,8629,7500
Ckb,7005,5256,4807,4917
Cklf,429,471,477,418
Ckm,8,11,10,6
Ckmt1,1413,1800,1432,1549
Ckmt2,304,391,393,412
Cks1b,8,18,20,5
Cks1brt,1,3,4,2
Cks2,27,63,55,36
Clasp1,11771,11894,10981,9803
Clasp2,21016,21366,21412,18085
Clasrp,4966,4513,5746,4032
Clba1,87,124,121,129
Clca1,1,0,1,1
Clca2,0,0,0,1
Clca3a1,89,75,97,96
Clca3a2,42,66,77,55
Clca3b,5,15,5,2
Clca4a,41,26,14,23
Clca4b,15,18,20,18
Clcc1,1457,1468,1198,1423
Clcf1,36,24,24,24
Clcn1,700,651,537,477
Clcn2,1971,2039,2306,1595
Clcn3,6121,6531,5754,5810
Clcn4,2012,2221,1580,1635
Clcn5,1642,1560,1513,1242
Clcn6,1713,1767,1730,1464
Clcn7,1980,1867,1838,1564
Clcnka,2,3,4,2
Clcnkb,2,3,3,1
Cldn1,24,73,41,68
Cldn10,431,509,425,490
Cldn11,654,793,1103,521
Cldn12,851,953,611,742
Cldn13,0,0,0,0
Cldn14,172,175,339,186
Cldn15,18,5,14,8
Cldn16,0,0,1,1
Cldn17,0,0,0,1
Cldn18,36,47,39,32
Cldn19,14,7,5,12
Cldn2,0,5,0,0
Cldn20,5,3,10,9
Cldn22,7,7,1,4
Cldn23,5,8,2,8
Cldn24,0,0,0,0
Cldn3,4,2,1,0
Cldn34a,0,1,1,2
Cldn34b1,0,0,0,0
Cldn34b2,0,0,0,0
Cldn34b3,0,0,0,0
Cldn34b4,0,0,0,0
Cldn34c1,654,711,517,421
Cldn34c2,2,0,1,1
Cldn34c4,0,4,2,1
Cldn34d,14,12,12,8
Cldn4,0,0,0,0
Cldn5,1389,958,1237,1476
Cldn6,0,0,0,0
Cldn7,3,10,1,1
Cldn8,1,3,2,0
Cldn9,2,4,1,2
Cldnd1,184,369,256,170
Cldnd2,1,1,0,0
Clec10a,12,20,29,9
Clec11a,105,147,109,107
Clec12a,21,4,12,61
Clec12b,6,1,0,6
Clec14a,43,53,64,83
Clec16a,6721,7347,6836,5825
Clec18a,439,616,654,618
Clec1a,131,44,41,35
Clec1b,3,1,1,2
Clec2d,465,331,433,513
Clec2e,3,1,0,2
Clec2f,0,7,3,6
Clec2g,26,2,4,3
Clec2h,5,1,0,1
Clec2i,7,4,3,6
Clec2l,551,683,474,494
Clec3a,2,1,0,0
Clec3b,55,76,54,59
Clec4a1,25,8,18,3
Clec4a2,31,16,33,22
Clec4a3,32,17,28,22
Clec4a4,6,0,1,3
Clec4b1,2,0,4,1
Clec4b2,0,0,2,0
Clec4d,1,0,1,1
Clec4e,0,0,0,0
Clec4f,1,1,0,0
Clec4g,8,9,5,15
Clec4n,4,1,6,4
Clec5a,19,6,30,21
Clec9a,23,15,2,10
Clgn,915,1409,1051,875
Clhc1,81,100,108,107
Clic1,279,210,270,247
Clic3,8,3,5,1
Clic4,2172,1066,1387,1250
Clic5,207,163,206,202
Clic6,328,54,18,524
Clint1,5042,5094,4895,4814
Clip1,10166,11038,10024,8209
Clip2,4322,3745,4139,3149
Clip3,2497,2782,2552,2118
Clip4,3607,2827,2691,3050
Clk1,8575,10296,7850,8462
Clk2,2407,2462,2243,2187
Clk3,1638,1682,1578,1350
Clk4,5794,6773,5535,5283
Clmn,4351,3702,5186,3739
Clmp,3288,4109,2734,2776
Cln3,1157,1171,1130,880
Cln5,152,335,310,304
Cln6,194,216,143,192
Cln8,218,226,219,212
Clnk,191,253,209,232
Clnkos,13,18,13,17
Clns1a,1511,1582,1445,1370
Clock,7705,7839,7560,6923
Clp1,219,300,347,287
Clpb,3276,3024,3279,2790
Clpp,2669,3057,2380,2634
Clps,0,2,2,1
Clpsl2,1,2,1,1
Clptm1,2265,2283,2083,1807
Clptm1l,678,890,678,633
Clpx,3423,3239,3143,2935
Clrn1,105,108,149,133
Clrn2,4,4,5,5
Clrn3,0,0,1,0
Clspn,42,40,48,83
Clstn1,6453,7082,7082,6062
Clstn2,20627,25279,22984,18984
Clstn3,4095,4931,3565,3254
Clta,3359,3398,3191,3213
Cltb,3355,3975,2988,3170
Cltc,6653,6816,6370,6310
Cltrn,1,2,2,1
Clu,1577,2206,1146,1208
Cluap1,4732,4627,4688,4589
Cluh,1682,1812,1590,1447
Clvs1,10281,10484,7894,8322
Clvs2,4585,4860,4245,4083
Clybl,3744,3220,3472,3312
Cma1,0,0,0,0
Cma2,1,0,1,0
Cmah,81,87,92,72
Cmas,1221,1732,1250,1335
Cmbl,113,182,177,160
Cmc1,1052,1165,1108,969
Cmc2,567,840,519,564
Cmc4,393,426,416,354
Cmip,17163,14489,15613,11494
Cmklr1,89,61,158,98
Cmpk1,1358,1332,1135,1206
Cmpk2,138,149,138,171
Cmss1,3521,4403,4574,4106
Cmtm1,7,6,7,4
Cmtm2a,6,3,8,8
Cmtm2b,4,4,3,0
Cmtm3,90,76,110,85
Cmtm4,2468,2505,2407,2046
Cmtm5,710,617,743,542
Cmtm6,287,381,345,315
Cmtm7,281,221,293,258
Cmtm8,153,145,139,134
Cmtr1,2249,2494,2343,2101
Cmtr2,102,108,105,93
Cmya5,825,722,684,781
Cnbd1,27,37,24,34
Cnbd2,1648,1819,1602,1381
Cnbp,1515,1908,1901,1850
Cndp1,139,53,43,37
Cndp2,663,654,675,625
Cnep1r1,1631,1771,1604,1536
Cnfn,1,1,0,1
Cnga1,27,20,28,9
Cnga2,26,28,14,10
Cnga3,53,64,63,57
Cnga4,23,22,24,33
Cngb1,24,21,6,26
Cngb3,21,38,18,16
Cnih1,724,897,651,794
Cnih2,645,684,583,572
Cnih3,3706,3464,3306,2383
Cnih4,1036,1197,883,1005
Cnksr1,7,20,10,8
Cnksr2,28904,36959,29912,32535
Cnksr3,589,1048,574,353
Cnmd,201,218,186,232
Cnn1,10,16,22,15
Cnn2,57,78,91,66
Cnn3,1002,565,676,657
Cnnm1,4140,4570,3955,3376
Cnnm2,5092,4757,4527,3906
Cnnm3,1992,2150,1905,1887
Cnnm4,451,469,421,415
Cnot1,6324,6452,6110,5644
Cnot10,5360,5602,5385,4690
Cnot11,530,567,475,469
Cnot2,7445,7961,6858,6561
Cnot3,3231,3351,2700,2543
Cnot4,12467,12659,11451,10534
Cnot6,1850,1947,1544,1697
Cnot6l,4944,4901,4186,4176
Cnot7,2042,2677,1875,1954
Cnot8,1126,1096,1050,1090
Cnot9,1416,1394,1218,1221
Cnp,1000,740,993,812
Cnppd1,811,830,800,706
Cnpy1,33,1015,11,2
Cnpy2,297,386,449,341
Cnpy3,984,1203,1073,1095
Cnpy4,78,152,133,109
Cnr1,1964,3217,2445,2448
Cnr2,14,7,36,29
Cnrip1,4177,5158,4258,3678
Cnst,1753,1891,1596,1681
Cntd1,151,176,143,124
Cntf,46,44,53,53
Cntfr,1687,2004,1675,1191
Cntln,5699,6525,6019,5797
Cntn1,26044,28219,24568,22697
Cntn2,2020,2841,2385,1635
Cntn3,20765,25712,20062,23507
Cntn4,43654,61410,46358,44390
Cntn5,71963,91621,70624,76486
Cntn6,9095,14164,8916,9909
Cntnap1,1332,2289,1541,1392
Cntnap2,103936,124104,101926,87858
Cntnap3,3473,1792,2361,2989
Cntnap4,11218,8198,7723,6276
Cntnap5a,31773,43173,32466,33624
Cntnap5b,13445,15963,13326,13560
Cntnap5c,8280,8358,9479,7512
Cntrl,2442,2249,2654,2062
Cntrob,1349,1348,1206,1023
Cntrobos,0,0,0,0
Coa3,60,143,64,54
Coa4,24,28,33,5
Coa5,386,438,364,375
Coa6,184,392,172,239
Coa7,610,619,543,639
Coasy,278,379,308,271
Cobl,8451,12073,10806,9028
Cobll1,2361,2027,3059,2212
Coch,514,647,379,425
Cog1,1137,1258,1140,983
Cog2,1602,1792,1862,1499
Cog3,2953,3211,2919,2814
Cog4,3770,3612,3493,3380
Cog5,9258,9348,9567,8725
Cog6,1743,2199,1684,1688
Cog7,1818,1955,1694,1692
Cog8,1152,1283,1017,1140
Coil,1354,1373,1312,1448
Col10a1,8,3,9,12
Col11a1,2301,2370,1098,2240
Col11a2,538,422,536,379
Col12a1,386,567,862,639
Col13a1,106,68,109,68
Col14a1,234,284,396,298
Col15a1,214,240,179,128
Col16a1,814,1019,1125,733
Col17a1,42,48,46,55
Col18a1,198,265,257,167
Col19a1,4742,6990,7179,5105
Col1a1,69,70,67,47
Col1a2,122,85,103,77
Col20a1,400,337,369,273
Col22a1,100,175,152,152
Col23a1,2502,2691,3174,2258
Col24a1,733,556,241,221
Col25a1,4889,4987,5714,5922
Col26a1,2214,2521,2127,1656
Col27a1,555,480,707,375
Col28a1,125,148,154,141
Col2a1,61,59,62,40
Col3a1,19,20,9,8
Col4a1,3219,3255,3241,2723
Col4a2,4027,4114,4426,3495
Col4a3,65,103,104,75
Col4a3bp,5180,5461,4840,4816
Col4a4,141,216,220,149
Col4a5,375,266,222,210
Col4a6,123,122,44,52
Col5a1,602,728,820,549
Col5a2,533,369,412,267
Col5a3,207,256,296,203
Col6a1,3268,2216,1753,2854
Col6a2,333,372,421,394
Col6a3,69,79,92,41
Col6a4,122,99,30,278
Col6a5,61,67,41,48
Col6a6,18,34,28,58
Col7a1,267,209,150,148
Col8a1,398,743,430,401
Col8a2,8,16,8,11
Col9a1,116,132,123,127
Col9a2,139,230,166,139
Col9a3,716,411,521,596
Colca2,27,37,35,34
Colec10,7,15,9,5
Colec11,52,31,35,50
Colec12,1092,876,895,670
Colgalt1,2223,2382,2660,2230
Colgalt2,1013,1051,960,924
Colq,60,63,64,38
Commd1,1482,1320,1328,1158
Commd10,5757,5808,5425,5334
Commd2,255,356,303,282
Commd3,1767,2192,1490,1810
Commd4,1186,1522,1273,1265
Commd5,10,10,10,7
Commd6,312,479,346,458
Commd7,1056,1113,1126,1064
Commd8,206,384,304,396
Commd9,278,355,247,236
Comp,138,158,138,173
Comt,4526,4613,4508,4093
Comtd1,340,565,382,480
Cop1,6728,7049,6555,5572
Copa,5438,5734,5514,5321
Copb1,3017,2892,2711,2423
Copb2,1153,1226,1073,1155
Cope,1688,1856,1599,1452
Copg1,2870,3403,2847,3128
Copg2,6858,7058,6488,7118
Coprs,179,303,223,171
Cops2,2037,2252,1948,1867
Cops3,2553,2205,2185,2255
Cops4,1624,1733,1533,1473
Cops5,2162,2909,2042,2401
Cops6,540,660,402,536
Cops7a,878,1058,742,911
Cops7b,1351,1465,1320,1350
Cops8,1453,1892,1267,1416
Cops9,95,80,163,79
Copz1,1970,1867,1746,1633
Copz2,165,90,168,148
Coq10a,1192,1442,969,1115
Coq10b,2020,1904,1614,2082
Coq2,1516,1931,1597,1693
Coq3,1815,2209,1759,2277
Coq4,974,1051,1027,1066
Coq5,1972,2066,2005,1855
Coq6,470,651,512,500
Coq7,347,381,264,276
Coq8a,422,403,364,381
Coq8b,1887,1952,2057,1670
Coq9,1226,1447,1197,1212
Corin,62,101,132,91
Coro1a,706,939,1027,852
Coro1b,237,275,240,277
Coro1c,2532,2446,2435,2307
Coro2a,1326,1977,2000,1471
Coro2b,4598,4875,4832,3685
Coro6,1538,2784,1923,1435
Coro7,3184,2925,3204,2758
Cort,42,49,24,21
Cotl1,1022,955,1050,904
Cox10,2734,2663,2404,2344
Cox11,1677,1813,1455,1909
Cox14,112,394,112,50
Cox15,342,371,274,357
Cox16,14260,15011,13332,12333
Cox17,439,492,495,482
Cox18,901,1162,962,971
Cox19,1864,2084,2079,1989
Cox20,643,663,442,554
Cox4i1,1070,1614,1871,1603
Cox4i2,50,53,43,38
Cox5a,1414,1316,1541,1748
Cox5b,108,224,144,90
Cox6a1,1178,1640,1416,1395
Cox6a2,23,26,17,14
Cox6b1,278,528,418,263
Cox6b2,140,98,99,97
Cox6c,480,782,731,340
Cox7a1,24,18,21,9
Cox7a2,421,665,503,403
Cox7a2l,781,650,941,785
Cox7b,1607,2689,1629,1930
Cox7b2,460,316,331,250
Cox7c,2429,3144,2255,2923
Cox8a,717,1388,1215,740
Cox8b,1,1,1,3
Cox8c,0,0,0,2
Cp,842,755,899,756
Cpa1,0,0,0,0
Cpa2,44,59,51,46
Cpa3,11,3,7,11
Cpa4,12,12,9,11
Cpa5,3,7,4,2
Cpa6,10140,1686,1413,1383
Cpb1,2,12,6,13
Cpb2,15,10,4,7
Cpd,4406,4018,4263,3493
Cpe,16368,16686,16829,12297
Cpeb1,5632,6640,6912,5278
Cpeb2,4930,6500,5662,4927
Cpeb3,22482,19769,17825,15466
Cpeb4,9712,8815,7294,7449
Cped1,1205,737,727,685
Cphx1,0,0,0,0
Cphx2,0,0,0,0
Cphx3,0,0,0,0
Cplane1,16548,18894,15593,15480
Cplane2,250,260,194,211
Cplx1,1919,1878,1409,1295
Cplx2,2752,2791,2558,2790
Cplx3,20,74,37,30
Cplx4,3,6,2,2
Cpm,444,487,559,317
Cpn1,12,6,6,23
Cpn2,1,1,1,1
Cpne1,3766,3658,3572,3224
Cpne2,1351,854,1229,1257
Cpne3,1530,1699,1511,1496
Cpne4,24970,11485,10583,11344
Cpne5,4053,3011,2827,4350
Cpne6,5585,3615,4070,3240
Cpne7,5589,4841,6741,4226
Cpne8,7133,5368,4668,4380
Cpne9,1780,2083,2272,1491
Cpox,914,1293,1453,1227
Cpped1,2242,2269,2309,2459
Cpq,2023,1712,1932,1471
Cps1,11,10,19,9
Cpsf1,1044,1050,925,834
Cpsf2,878,941,752,753
Cpsf3,1840,1967,1894,1992
Cpsf4,1017,1089,965,1012
Cpsf4l,821,866,822,708
Cpsf6,6583,7583,5463,5301
Cpsf7,4326,3970,3718,3423
Cpt1a,418,269,361,322
Cpt1b,86,95,74,48
Cpt1c,4018,4467,3984,3623
Cpt2,93,74,98,85
Cptp,86,167,104,146
Cpvl,8,6,3,11
Cpxcr1,2,1,3,0
Cpxm1,188,193,188,164
Cpxm2,33,40,43,34
Cpz,1,1,1,2
Cr1l,2405,2539,2512,2333
Cr2,299,259,264,296
Crabp1,3,3,3,0
Crabp2,21,30,7,12
Cracr2a,632,799,751,727
Cracr2b,89,77,97,94
Cradd,2111,1792,2213,1955
Cramp1l,3525,3293,3380,2911
Crat,1710,1792,1664,1548
Crb1,453,368,281,317
Crb2,75,54,62,67
Crb3,15,33,29,25
Crbn,1433,1740,1401,1524
Crcp,1122,1263,1197,1144
Crct1,0,1,1,0
Creb1,4483,4610,4145,3988
Creb3,520,570,453,469
Creb3l1,97,49,70,34
Creb3l2,1103,884,1171,866
Creb3l3,29,38,31,31
Creb3l4,4,13,12,6
Creb5,1536,1733,2409,1436
Crebbp,15522,13693,13655,10911
Crebl2,1563,1606,1500,1392
Crebrf,5703,5797,5785,5102
Crebzf,5955,7582,5594,5946
Creg1,217,334,281,215
Creg2,1305,1778,1630,1527
Creld1,1992,2037,1816,1738
Creld2,197,235,210,198
Crem,1473,1473,1318,1201
Crh,13,25,10,2
Crhbp,188,174,152,94
Crhr1,2290,2165,1677,1193
Crhr2,98,89,86,108
Crim1,4676,5724,6124,4926
Crip1,50,166,100,118
Crip2,532,851,716,789
Crip3,100,111,84,77
Cript,905,956,745,875
Crisp1,1,1,0,1
Crisp2,3,0,0,3
Crisp3,0,0,0,0
Crisp4,2,2,0,0
Crispld1,1036,1580,1256,1291
Crispld2,87,58,73,39
Crk,3379,3151,3107,2526
Crkl,1479,1444,1446,1353
Crlf1,12,35,63,24
Crlf2,647,781,614,677
Crlf3,2327,2074,2092,1911
Crls1,583,727,624,622
Crmp1,4139,4314,3743,3243
Crnde,135,203,95,62
Crnkl1,839,950,838,922
Crnn,0,1,0,0
Crocc,2830,2682,2971,2719
Crocc2,11,13,9,13
Crot,1105,1277,1186,991
Crp,11,11,17,16
Crppa,3244,3678,3733,3070
Crtac1,5453,4923,4026,3775
Crtam,17,304,18,11
Crtap,148,143,146,133
Crtc1,4412,4252,4259,3782
Crtc2,1046,1133,995,850
Crtc3,7461,6277,6260,5604
Crx,0,1,0,1
Crxos,23,29,19,16
Cry1,1026,1034,618,616
Cry2,5068,4865,4390,4147
Cryaa,0,0,0,1
Cryab,221,404,276,149
Cryba1,179,173,144,169
Cryba2,3,6,0,1
Cryba4,9,5,4,10
Crybb1,35,19,43,19
Crybb2,0,0,0,0
Crybb3,158,145,152,130
Crybg1,236,145,158,200
Crybg2,75,107,111,113
Crybg3,922,652,764,986
Cryga,11,15,15,17
Crygb,0,0,0,0
Crygc,0,0,1,0
Crygd,0,0,0,0
Cryge,0,0,1,1
Crygf,0,0,0,0
Crygn,5,4,7,7
Crygs,4,2,2,1
Cryl1,1950,1873,1983,1886
Crym,977,1311,1666,1977
Cryz,170,201,185,312
Cryzl1,5670,5942,5631,5463
Cryzl2,124,114,158,111
Cs,3402,2846,2946,2582
Csad,2783,2598,2759,2372
Csdc2,2470,1391,1125,966
Csde1,4811,4806,4424,4371
Cse1l,2358,2226,2017,1876
Csf1,458,509,730,624
Csf1r,571,295,910,555
Csf2,0,0,0,0
Csf2ra,4719,4083,4302,3867
Csf2rb,24,14,79,57
Csf2rb2,13,15,64,14
Csf3,0,2,2,2
Csf3r,309,146,810,446
Csgalnact1,13242,8416,9025,9325
Csgalnact2,1107,1227,956,1042
Csk,1087,737,867,651
Csl,0,0,0,1
Csmd1,213466,246544,256216,225019
Csmd2,20167,21235,23351,18418
Csmd2os,468,565,555,460
Csmd3,66706,68776,64687,68503
Csn1s1,0,0,1,0
Csn1s2a,1,3,2,2
Csn1s2b,0,0,1,0
Csn2,0,0,0,0
Csn3,1,2,2,0
Csnk1a1,11084,10990,9397,9224
Csnk1d,2586,2593,2527,2320
Csnk1e,2176,2069,2023,1623
Csnk1g1,10745,10139,10693,9583
Csnk1g2,1647,1590,1581,1299
Csnk1g3,7808,7406,6206,6074
Csnk2a1,5377,5500,4700,4339
Csnk2a2,3783,4025,3617,3098
Csnk2b,355,487,368,372
Csnka2ip,52,40,39,55
Cspg4,532,360,848,432
Cspg5,8186,6653,7249,6325
Cspp1,12957,14330,12211,11336
Csprs,1,2,3,0
Csrnp1,27,49,23,42
Csrnp2,970,1091,1085,1027
Csrnp3,14873,16339,11961,13030
Csrp1,1674,1442,1951,1390
Csrp2,284,193,163,323
Csrp3,1,4,2,1
Cst10,4,3,3,4
Cst11,0,0,1,0
Cst12,0,0,1,0
Cst13,0,0,0,0
Cst3,3739,7321,2883,3627
Cst6,20,29,15,12
Cst7,20,16,38,23
Cst8,0,0,0,0
Cst9,0,0,0,0
Csta1,2,4,3,4
Csta2,5,9,8,13
Csta3,0,0,0,0
Cstad,120,155,191,213
Cstb,61,283,156,135
Cstdc1,0,0,0,0
Cstdc2,3,2,3,4
Cstdc4,1,1,2,0
Cstdc5,1,0,0,1
Cstdc6,1,1,0,2
Cstf1,335,419,348,369
Cstf2,3832,4395,3336,3233
Cstf2t,130,118,177,148
Cstf3,8116,8239,6805,6378
Cstl1,11,21,14,11
Ctag2,0,0,0,0
Ctbp1,1130,1197,1046,946
Ctbp2,943,1060,814,773
Ctbs,348,333,325,431
Ctc1,963,897,881,820
Ctcf,4122,4083,3632,3436
Ctcfl,5,3,3,6
Ctcflos,5,0,1,6
Ctdnep1,636,682,612,530
Ctdp1,1072,1124,1124,953
Ctdsp1,220,194,190,135
Ctdsp2,2251,2051,1808,1664
Ctdspl,9602,8498,8920,7425
Ctdspl2,5122,5121,4484,4528
Ctf1,35,68,42,39
Ctf2,75,60,54,54
Cth,219,148,167,205
Cthrc1,662,720,540,430
Ctif,7507,7194,7853,5866
Ctla2a,171,197,206,237
Ctla2b,21,33,30,47
Ctla4,36,51,65,44
Ctnna1,2216,1952,2044,1926
Ctnna2,74244,79600,71896,66966
Ctnna3,25604,28092,22098,23806
Ctnnal1,3778,4702,3982,4008
Ctnnb1,3046,2636,2530,2542
Ctnnbip1,1904,1871,2020,1852
Ctnnbl1,2762,2739,2543,2364
Ctnnd1,6676,6167,5861,5304
Ctnnd2,74999,81584,75489,64097
Ctns,983,1174,1025,952
Ctps,1266,1215,1196,1335
Ctps2,3557,4519,4072,3276
Ctr9,2206,2227,1991,2040
Ctrb1,4,5,3,1
Ctrc,0,2,1,3
Ctrcos,0,0,0,0
Ctrl,38,49,34,25
Cts3,0,0,0,0
Cts6,0,0,0,0
Cts7,1,0,0,0
Cts8,1,1,1,0
Ctsa,1306,1292,1348,1264
Ctsb,1359,1603,2036,1939
Ctsc,224,146,400,223
Ctsd,374,558,621,463
Ctse,1,4,46,24
Ctsf,1248,1350,1046,1002
Ctsg,0,0,0,0
Ctsh,273,188,407,327
Ctsj,0,0,0,0
Ctsk,146,176,147,138
Ctsl,1119,1707,1260,1538
Ctsll3,0,0,0,0
Ctsm,0,0,0,0
Ctso,733,770,715,815
Ctsq,0,0,0,0
Ctsr,0,0,0,0
Ctss,238,153,481,309
Ctsw,15,13,19,9
Ctsz,211,299,280,233
Cttn,2248,2574,2254,1957
Cttnbp2,33115,34214,29207,28836
Cttnbp2nl,2012,1570,2098,1728
Ctu1,54,93,49,46
Ctu2,994,832,912,706
Ctxn1,480,807,521,425
Ctxn2,122,228,145,214
Ctxn3,135,89,27,33
Cubn,134,118,106,64
Cuedc1,3858,3407,3984,2645
Cuedc2,1372,1640,1272,1413
Cul1,8180,8502,7371,7204
Cul2,3546,4023,3347,3534
Cul3,4679,4799,4077,4206
Cul4a,3930,4185,4368,3597
Cul4b,1090,1116,993,1166
Cul5,6490,5982,5697,5559
Cul7,480,481,464,425
Cul9,4665,4412,5213,3924
Cuta,355,469,461,415
Cutal,16,11,16,11
Cutc,374,468,416,506
Cux1,15501,13356,10398,9710
Cux2,8593,10443,9763,7882
Cuzd1,0,7,10,6
Cwc15,1618,1805,1482,1803
Cwc22,2108,2343,2138,2162
Cwc25,1130,1196,1062,968
Cwc27,6921,7956,7192,6983
Cwf19l1,599,645,592,640
Cwf19l2,4648,4416,3923,4201
Cwh43,360,674,787,717
Cx3cl1,3603,4171,2816,3535
Cx3cr1,795,596,1010,796
Cxadr,2087,2311,1853,2448
Cxcl1,1,4,1,3
Cxcl10,5,1,23,21
Cxcl12,1300,1085,1086,1405
Cxcl13,0,1,2,3
Cxcl14,498,441,423,379
Cxcl15,0,3,2,1
Cxcl16,17,14,30,18
Cxcl17,745,750,741,578
Cxcl2,0,0,1,0
Cxcl3,0,0,0,0
Cxcl5,10,9,2,13
Cxcl9,0,0,0,4
Cxcr1,0,0,0,0
Cxcr2,52,29,29,33
Cxcr3,1,0,0,1
Cxcr4,4,8,12,10
Cxcr5,29,18,22,33
Cxcr6,60,51,52,44
Cxxc1,1216,1182,1009,1028
Cxxc4,2369,2409,1596,1829
Cxxc5,2026,1884,1786,1401
Cyb561,507,698,474,435
Cyb561a3,213,241,259,249
Cyb561d1,338,347,235,176
Cyb561d2,71,137,121,119
Cyb5a,2005,2373,2043,2235
Cyb5b,3108,2823,3182,2603
Cyb5d1,106,133,80,92
Cyb5d2,500,551,533,548
Cyb5r1,193,255,242,285
Cyb5r2,24,24,30,18
Cyb5r3,115,214,229,179
Cyb5r4,2911,3018,2704,2399
Cyb5rl,113,95,128,128
Cyba,111,118,129,127
Cybb,34,58,71,44
Cybc1,273,401,282,181
Cybrd1,96,64,94,88
Cyc1,1293,1257,1040,1112
Cycs,117,253,252,139
Cyct,1,2,2,0
Cyfip1,7627,6394,7473,6541
Cyfip2,10104,12857,11105,10154
Cygb,464,438,380,320
Cyhr1,1951,2292,1764,1661
Cylc1,1,0,1,0
Cylc2,3,0,1,0
Cyld,6942,7923,6211,7314
Cym,5,3,5,2
Cyp11a1,288,340,232,224
Cyp11b1,2,0,0,1
Cyp11b2,0,0,0,0
Cyp17a1,3,2,0,0
Cyp19a1,23,10,9,45
Cyp1a1,2,1,0,0
Cyp1a2,0,0,0,0
Cyp1b1,27,13,11,4
Cyp20a1,1025,965,1135,920
Cyp21a1,1,0,1,0
Cyp24a1,6,2,3,2
Cyp26a1,2,1,5,0
Cyp26b1,103,228,56,34
Cyp26c1,13,12,8,9
Cyp27a1,413,463,596,333
Cyp27b1,10,9,13,13
Cyp2a12,0,0,0,0
Cyp2a22,1,0,0,0
Cyp2a4,0,0,0,0
Cyp2a5,0,0,0,4
Cyp2ab1,12,17,12,14
Cyp2b10,0,3,0,0
Cyp2b13,3,5,7,8
Cyp2b19,5,2,5,9
Cyp2b23,0,1,0,0
Cyp2b9,1,0,2,1
Cyp2c23,13,12,14,21
Cyp2c29,2,2,2,1
Cyp2c37,0,0,0,0
Cyp2c38,4,8,3,1
Cyp2c39,2,4,0,3
Cyp2c40,0,2,1,0
Cyp2c50,0,0,1,1
Cyp2c54,0,2,1,1
Cyp2c55,15,22,19,6
Cyp2c65,3,7,2,2
Cyp2c66,16,5,8,9
Cyp2c67,1,0,0,0
Cyp2c68,5,0,1,5
Cyp2c69,2,3,2,0
Cyp2c70,0,1,0,0
Cyp2d10,0,1,0,0
Cyp2d11,1,1,1,0
Cyp2d12,0,0,0,0
Cyp2d22,571,567,468,422
Cyp2d26,5,6,7,9
Cyp2d34,1,0,0,0
Cyp2d40,1,0,0,1
Cyp2d9,0,0,0,2
Cyp2e1,10,1,6,9
Cyp2f2,8,2,6,1
Cyp2g1,0,0,0,0
Cyp2j11,22,40,26,23
Cyp2j12,270,287,404,233
Cyp2j13,24,17,22,18
Cyp2j5,5,3,3,9
Cyp2j6,454,437,548,421
Cyp2j7,1,4,6,3
Cyp2j8,134,87,170,102
Cyp2j9,600,535,467,356
Cyp2r1,98,96,89,91
Cyp2s1,126,146,89,130
Cyp2t4,31,27,28,30
Cyp2u1,702,791,587,658
Cyp2w1,2,0,0,1
Cyp39a1,135,142,128,102
Cyp3a11,1,0,0,0
Cyp3a13,36,71,87,40
Cyp3a16,0,1,0,1
Cyp3a25,1,0,0,0
Cyp3a41a,1,0,0,0
Cyp3a41b,0,0,0,0
Cyp3a44,0,2,0,0
Cyp3a57,10,18,18,20
Cyp3a59,1,5,0,1
Cyp46a1,2597,2871,2302,2291
Cyp4a10,0,0,0,1
Cyp4a12a,1,2,1,0
Cyp4a12b,1,1,3,1
Cyp4a14,0,0,0,0
Cyp4a29,5,0,0,0
Cyp4a30b,1,0,2,0
Cyp4a31,1,1,0,0
Cyp4a32,1,1,1,3
Cyp4b1,14,21,28,24
Cyp4f13,693,594,717,600
Cyp4f14,66,48,68,46
Cyp4f15,476,203,369,280
Cyp4f16,215,267,228,168
Cyp4f17,356,330,250,218
Cyp4f18,207,318,242,281
Cyp4f37,1,0,0,0
Cyp4f39,1,3,0,0
Cyp4f40,0,2,3,0
Cyp4v3,123,97,166,134
Cyp4x1,1310,1447,1322,1102
Cyp4x1os,52,88,50,60
Cyp51,2126,2126,1935,1926
Cyp7a1,0,0,0,0
Cyp7b1,2967,3223,3389,3473
Cyp8b1,0,0,0,0
Cypt1,0,0,0,0
Cypt12,0,0,0,0
Cypt14,0,0,0,0
Cypt15,0,0,0,1
Cypt2,0,0,0,0
Cypt3,0,0,0,0
Cypt4,1,0,0,0
Cyren,295,489,372,258
Cys1,607,874,677,482
Cysltr1,52,28,53,50
Cysltr2,20,24,43,32
Cysrt1,3,6,4,2
Cystm1,2521,2072,1691,1750
Cyth1,5667,5945,6099,4753
Cyth2,547,628,519,511
Cyth3,3218,3488,3644,3032
Cyth4,356,194,605,398
Cytip,11,4,15,17
Cytl1,1,0,1,2
Cyyr1,900,446,668,725
Czib,1377,1503,1224,1371
D030007L05Rik,0,0,0,0
D030018L15Rik,22,15,16,12
D030024E09Rik,20,15,22,7
D030025E07Rik,304,5,4,3
D030025P21Rik,0,2,0,0
D030028A08Rik,572,587,684,669
D030034A15Rik,6,1,3,11
D030040B21Rik,3,2,5,4
D030044L04Rik,0,1,0,0
D030045P18Rik,20,11,22,20
D030046N08Rik,7,9,9,5
D030047H15Rik,116,90,96,76
D030051J21Rik,31,34,29,27
D030055H07Rik,283,123,247,154
D030056L22Rik,35,69,85,16
D030068K23Rik,1657,2135,1089,1349
D10Wsu102e,4298,4209,3598,4035
D11Wsu47e,326,367,368,300
D130009I18Rik,72,87,47,54
D130017N08Rik,455,652,458,552
D130020L05Rik,116,157,99,118
D130040H23Rik,3368,3383,3299,3527
D130043K22Rik,4023,5372,5560,5301
D130052B06Rik,0,3,1,0
D130058E05Rik,1,7,0,7
D130062J10Rik,266,227,229,193
D130079A08Rik,111,111,35,19
D13Ertd608e,0,2,0,0
D14Ertd670e,1,1,0,2
D16Ertd472e,514,488,706,474
D16Ertd519e,3,0,2,2
D17H6S53E,21,31,40,20
D1Ertd622e,1978,1986,1852,1665
D1Pas1,0,0,0,0
D230022J07Rik,360,372,332,466
D230025D16Rik,2074,2096,1796,1713
D230030E09Rik,8,5,4,4
D2hgdh,461,458,447,414
D330023K18Rik,1096,1196,1026,1123
D330037F02Rik,5,1,8,3
D330041H03Rik,504,458,438,465
D330046F09Rik,3,2,4,3
D330050G23Rik,324,361,307,310
D330050I16Rik,78,159,91,34
D3Ertd751e,1797,1974,1615,1897
D430001F17Rik,62,60,41,72
D430018E03Rik,88,76,98,76
D430019H16Rik,621,592,604,719
D430020J02Rik,46,30,37,33
D430036J16Rik,202,385,359,556
D430040D24Rik,53,64,61,51
D430041D05Rik,15639,22710,18629,16250
D430042O09Rik,4984,5257,4992,5249
D530014G21Rik,20,17,18,21
D530033B14Rik,351,439,313,444
D530037P16Rik,3,0,1,1
D530049I02Rik,0,1,0,1
D5Ertd577e,0,0,0,0
D5Ertd579e,6505,6324,5920,5570
D5Ertd605e,6,3,6,3
D5Ertd615e,236,331,349,271
D630003M21Rik,265,222,282,263
D630008O14Rik,69,48,47,40
D630011A20Rik,0,0,0,1
D630014O11Rik,17,16,15,20
D630023F18Rik,509,665,589,780
D630024D03Rik,62,52,40,43
D630029K05Rik,0,6,6,4
D630033O11Rik,73,52,59,49
D630036H23Rik,97,112,70,121
D630039A03Rik,1,3,7,1
D630044L22Rik,24,34,32,22
D630045J12Rik,6379,7722,7534,6097
D6Ertd474e,85,93,90,62
D6Ertd527e,5,8,9,2
D6Wsu163e,714,858,735,791
D730002M21Rik,1,2,0,0
D730003I15Rik,320,404,326,283
D730003K21Rik,0,0,0,1
D730045A05Rik,81,80,63,75
D730045B01Rik,237,221,202,237
D730050B12Rik,0,0,0,0
D7Ertd128e,4,2,1,0
D7Ertd443e,1824,1547,2624,1564
D830005E20Rik,67,10,8,10
D830013O20Rik,19,18,14,18
D830024N08Rik,4694,4154,3993,3667
D830025C05Rik,198,270,227,191
D830026I12Rik,8,22,16,10
D830030K20Rik,93,171,104,91
D830032E09Rik,4,13,3,1
D830035M03Rik,53,61,46,57
D830036C21Rik,433,408,414,483
D830039M14Rik,14,22,8,15
D830044D21Rik,8,3,1,12
D830050J10Rik,30,80,49,76
D8Ertd738e,262,566,567,277
D930007J09Rik,16,15,6,11
D930007P13Rik,61,73,64,56
D930015M05Rik,338,288,256,244
D930016D06Rik,2352,2461,2133,1815
D930019O06Rik,9,23,11,18
D930020B18Rik,139,191,187,173
D930028M14Rik,25,21,22,20
D930030I03Rik,37,103,59,74
D930032P07Rik,21,21,13,25
D930048N14Rik,141,212,200,207
DXBay18,1,2,0,0
Daam1,7961,7783,8925,6723
Daam2,2894,2656,3516,1923
Dab1,84945,84566,77080,71354
Dab2,658,497,832,509
Dab2ip,3381,4809,3764,3276
Dach1,3610,3079,3787,3597
Dach2,321,482,412,299
Dact1,129,125,77,88
Dact2,752,1169,888,1260
Dact3,1246,1161,1147,928
Dad1,304,561,487,201
Dag1,4586,4115,4116,3751
Dagla,3315,3721,4169,3314
Daglb,2386,2544,2532,2480
Dalir,50,76,59,59
Dalrd3,3618,3536,3177,3104
Dancr,378,1071,298,353
Dand5,627,806,635,540
Dao,22,151,33,6
Dap,360,438,372,412
Dap3,2012,2264,1862,1987
Dapk1,14295,11966,12887,11132
Dapk2,175,188,218,119
Dapk3,697,726,646,573
Dapl1,1,3,2,5
Dapp1,547,291,503,451
Dars,2225,2455,2384,2408
Dars2,895,984,1014,881
Daw1,15,16,17,12
Daxx,343,385,372,307
Dazap1,3806,3645,3682,3211
Dazap2,607,806,640,560
Dazl,91,99,75,106
Dbf4,155,151,158,133
Dbh,6,31,1,5
Dbhos,22,7,3,11
Dbi,668,1293,696,516
Dbil5,28,22,17,23
Dbn1,6163,6288,5858,5550
Dbndd1,295,317,272,288
Dbndd2,1560,1907,1840,1685
Dbnl,1466,1565,1577,1432
Dbp,923,1464,1241,1031
Dbpht2,493,619,402,583
Dbr1,158,144,180,168
Dbt,894,796,871,914
Dbx1,0,0,0,0
Dbx2,891,565,894,582
Dcaf1,4110,3794,3652,3311
Dcaf10,2831,2655,2573,2510
Dcaf11,1371,1554,1206,1286
Dcaf12,1559,1510,1649,1400
Dcaf12l1,22,4,38,13
Dcaf12l2,9,12,15,11
Dcaf13,1826,1960,1798,1902
Dcaf15,636,586,567,546
Dcaf17,3616,4022,3432,4027
Dcaf4,804,804,731,874
Dcaf5,6123,5965,6419,5143
Dcaf6,11438,11474,11348,10080
Dcaf7,3461,3293,3059,3369
Dcaf8,5673,5817,5646,5365
Dcakd,2432,2361,2398,2212
Dcbld1,1028,1022,1128,1176
Dcbld2,1948,1897,1651,1628
Dcc,42611,42159,37596,39828
Dcdc2a,488,430,506,460
Dcdc2b,623,542,525,458
Dcdc2c,136,211,223,141
Dchs1,471,444,401,355
Dchs2,1673,1016,936,1994
Dck,270,282,239,323
Dclk1,50598,50377,44380,41796
Dclk2,10123,6786,6297,6085
Dclk3,901,817,732,1474
Dclre1a,508,601,544,595
Dclre1b,161,180,167,108
Dclre1c,2067,2217,2144,1933
Dcn,356,398,422,318
Dcp1a,2739,2488,2381,2293
Dcp1b,3072,2989,2602,2645
Dcp2,934,1109,871,1024
Dcpp1,0,0,0,0
Dcpp2,0,0,1,0
Dcpp3,1,0,0,1
Dcps,1066,1064,1031,820
Dcst1,73,69,65,66
Dcst2,84,102,114,69
Dcstamp,3,9,9,8
Dct,8,18,17,19
Dctd,360,407,385,374
Dctn1,3605,3922,3398,2926
Dctn2,2769,3113,3069,2795
Dctn3,438,506,453,483
Dctn4,6117,5793,5942,5894
Dctn5,1192,1415,1231,1141
Dctn6,1751,1809,1628,1672
Dctpp1,37,34,34,40
Dcun1d1,2831,2874,2553,2269
Dcun1d2,3158,3438,3166,2902
Dcun1d3,2043,1735,1624,1612
Dcun1d4,2889,3017,3005,2971
Dcun1d5,3169,3312,2902,2989
Dcx,7078,4668,4118,4644
Dcxr,37,38,27,25
Dda1,966,1116,839,797
Ddah1,1984,1428,1572,1142
Ddah2,82,98,70,93
Ddb1,1467,1589,1421,1424
Ddb2,3026,3189,2721,2797
Ddc,393,344,353,447
Ddhd1,8257,7752,7417,6885
Ddhd2,8558,9479,7883,8753
Ddi1,18,17,11,22
Ddi2,3677,3693,4009,3329
Ddias,15,14,19,17
Ddit3,181,278,253,190
Ddit3.1,0,0,0,0
Ddit4,147,201,210,120
Ddit4l,359,407,362,334
Ddn,450,561,494,463
Ddo,1094,939,838,831
Ddost,247,378,327,211
Ddr1,2803,2450,2764,2241
Ddr2,236,141,231,156
Ddrgk1,1414,1627,1395,1334
Ddt,82,127,62,61
Ddx1,3566,4255,3161,3819
Ddx10,4571,4517,4415,4141
Ddx11,154,169,159,159
Ddx17,13018,13942,10905,10627
Ddx18,1868,2165,1714,1881
Ddx19a,958,988,794,823
Ddx19b,1754,1881,1639,1604
Ddx20,845,795,701,725
Ddx21,1235,1238,1033,1197
Ddx23,1887,1746,1615,1664
Ddx24,5253,7061,4899,5715
Ddx25,528,685,518,518
Ddx27,1760,1793,1836,1636
Ddx28,9,77,22,5
Ddx31,1393,1300,1509,1334
Ddx39,568,476,454,397
Ddx39b,4522,5103,4109,4135
Ddx3x,1833,1895,2146,2019
Ddx3y,3298,3004,2928,2807
Ddx4,265,263,294,254
Ddx41,1565,1855,1444,1476
Ddx42,4597,4376,4033,3917
Ddx43,65,64,94,88
Ddx46,6725,7250,6050,5732
Ddx47,1409,1545,1335,1406
Ddx49,805,856,810,687
Ddx5,18494,17820,13935,15277
Ddx50,8143,9047,7005,8218
Ddx51,314,325,321,247
Ddx52,1157,1134,1017,1042
Ddx54,667,721,668,693
Ddx55,3931,4117,3742,3756
Ddx56,252,317,256,240
Ddx58,412,337,492,439
Ddx59,272,302,326,332
Ddx6,5264,4308,4426,4438
Ddx60,180,97,325,252
Deaf1,2380,2417,2465,2057
Decr1,294,307,324,325
Decr2,1209,1433,1184,1131
Dedd,731,844,717,599
Dedd2,389,391,368,285
Def6,127,75,138,96
Def8,976,1087,941,922
Defa17,0,0,0,0
Defa2,0,0,0,0
Defa20,0,0,0,0
Defa21,0,0,0,0
Defa22,0,0,0,0
Defa23,0,0,0,0
Defa24,0,0,0,0
Defa25,0,0,0,0
Defa26,0,0,0,0
Defa27,0,0,0,0
Defa28,0,0,0,0
Defa29,0,0,0,0
Defa3,0,0,0,0
Defa30,0,0,0,0
Defa31,0,0,0,0
Defa32,0,0,0,0
Defa33,0,0,0,0
Defa34,0,0,0,0
Defa35,0,0,0,0
Defa36,0,0,0,0
Defa37,0,0,0,0
Defa5,0,0,0,0
Defb1,3,6,16,14
Defb10,0,1,0,0
Defb11,0,0,0,0
Defb12,0,0,0,1
Defb13,0,0,0,0
Defb14,1,0,1,0
Defb15,0,1,1,1
Defb18,0,0,0,0
Defb19,0,0,2,0
Defb2,0,0,0,0
Defb20,3,0,0,0
Defb21,0,0,0,0
Defb22,0,0,0,0
Defb23,1,4,1,12
Defb25,0,0,0,1
Defb26,0,0,1,0
Defb28,0,1,0,1
Defb29,0,0,0,0
Defb3,0,0,0,0
Defb30,7,2,8,7
Defb33,0,0,0,0
Defb34,0,1,0,0
Defb35,1,0,0,0
Defb36,0,1,3,0
Defb37,4,6,5,1
Defb38,1,2,1,0
Defb39,3,4,1,6
Defb4,0,0,0,0
Defb40,9,11,12,15
Defb41,0,2,1,0
Defb42,8,11,9,8
Defb43,1,0,0,3
Defb45,0,0,0,0
Defb46,0,1,0,0
Defb47,1,0,4,0
Defb48,0,1,0,1
Defb5,0,0,1,1
Defb50,0,0,0,0
Defb6,1,6,0,3
Defb7,0,0,0,0
Defb8,0,0,0,0
Defb9,0,0,0,0
Degs1,123,369,238,130
Degs2,569,486,499,520
Dek,1327,1410,1268,1402
Dele1,1273,1399,1202,1056
Dennd1a,25010,24907,24984,22074
Dennd1b,6768,7128,6226,6269
Dennd1c,108,65,153,107
Dennd2a,3857,2858,3486,3014
Dennd2c,101,36,102,76
Dennd2d,25,25,25,25
Dennd3,1328,1223,1471,1107
Dennd4a,11598,11544,11891,11213
Dennd4b,1026,1069,992,799
Dennd4c,5096,4598,4443,4346
Dennd5a,6521,5551,5866,5083
Dennd5b,13082,12127,10878,9034
Dennd6a,5985,5874,5293,5045
Dennd6b,3359,3417,3266,2467
Denr,1005,1174,1211,1070
Depdc1a,39,40,23,42
Depdc1b,53,47,79,61
Depdc5,6934,6264,6323,5202
Depdc7,202,229,205,183
Depp1,16,31,26,11
Deptor,2367,2167,2223,1541
Dera,337,339,441,446
Derl1,1089,1402,1083,1120
Derl2,716,956,786,787
Derl3,34,48,32,35
Des,25,26,31,41
Desi1,4798,4137,3762,3376
Desi2,8686,6983,6921,5971
Det1,570,699,533,695
Deup1,38,49,22,39
Dexi,2850,2949,2532,2021
Dffa,1261,1241,1232,1273
Dffb,1073,1344,1100,1246
Dgat1,2230,2311,2194,1848
Dgat2,695,667,683,879
Dgat2l6,204,110,97,96
Dgcr2,1947,2063,2007,1807
Dgcr6,390,683,464,511
Dgcr8,2623,2619,2453,2216
Dgka,932,936,1010,782
Dgkb,51731,36593,32103,40814
Dgkd,7944,7761,6883,6401
Dgke,2143,2316,2351,2284
Dgkeos,1,3,1,4
Dgkg,12098,12626,14098,11081
Dgkh,11813,12128,10983,10932
Dgki,39049,36183,34574,32513
Dgkk,74,194,51,89
Dgkq,1330,1584,1419,1103
Dgkz,8348,9189,8504,7072
Dglucy,603,595,723,677
Dguok,1882,2012,1815,2065
Dhcr24,974,1138,1097,1163
Dhcr7,816,935,922,993
Dhdds,4985,4973,5029,4407
Dhdh,591,456,548,550
Dhfr,337,435,336,331
Dhh,5,0,2,1
Dhodh,576,593,603,618
Dhps,2072,2521,1927,2281
Dhrs1,679,812,711,717
Dhrs11,216,292,236,216
Dhrs13,351,399,239,313
Dhrs13os,86,93,80,83
Dhrs2,2,3,3,1
Dhrs3,262,240,300,241
Dhrs4,313,265,305,319
Dhrs7,227,390,312,372
Dhrs7b,1075,910,922,784
Dhrs7c,1,0,1,0
Dhrs9,12,1,3,10
Dhtkd1,1782,1720,1817,1726
Dhx15,3457,3998,2922,3317
Dhx16,1214,1310,1096,1104
Dhx29,1591,1686,1514,1493
Dhx30,7927,7400,7506,7438
Dhx32,3002,2720,2680,2826
Dhx33,942,1109,958,862
Dhx34,406,476,445,435
Dhx35,1768,1804,1798,1873
Dhx36,6730,7122,5653,6761
Dhx37,462,498,502,491
Dhx38,502,503,491,435
Dhx40,2287,1841,1875,2224
Dhx57,4863,5033,5202,4615
Dhx58,67,59,65,64
Dhx58os,33,48,30,22
Dhx8,1626,1544,1477,1422
Dhx9,2824,3090,2885,3209
Diablo,989,1077,1032,929
Diaph1,2993,3025,2875,2409
Diaph2,13348,13877,12679,13682
Diaph3,677,484,615,462
Dicer1,4630,4550,4444,3923
Dido1,4614,4589,4128,4226
Dimt1,1459,1740,1377,1464
Dio1,0,1,4,0
Dio2,255,184,197,148
Dio3,2,2,3,4
Dio3os,19,17,16,21
Dip2a,5131,6096,6469,4764
Dip2b,17747,18537,18280,15731
Dip2c,32010,30752,26817,25775
Dipk1a,3686,3810,3410,3487
Dipk1b,1283,2135,1297,1477
Dipk1c,236,142,197,168
Dipk2a,686,951,616,723
Dipk2b,176,96,204,219
Diras1,21,8,65,12
Diras2,1208,2157,1335,1814
Dis3,1067,1223,1039,974
Dis3l,1020,1024,919,970
Dis3l2,11152,10788,10882,9801
Disc1,1036,950,1153,988
Disp1,1703,1443,1310,1461
Disp2,2843,3708,2535,2276
Disp3,1736,1655,1448,1298
Dixdc1,4691,5565,4458,3694
Dkc1,758,915,684,826
Dkk1,0,1,3,3
Dkk2,206,280,425,336
Dkk3,3448,4518,4885,3043
Dkk4,3,3,4,2
Dkkl1,201,312,180,249
Dlat,3192,3458,2819,2826
Dlc1,12947,12708,13188,10509
Dld,1861,2300,1582,1858
Dlec1,92,192,146,135
Dleu2,11785,9218,9176,7929
Dleu7,45,65,44,54
Dlg1,18959,20288,17290,17133
Dlg2,243787,223529,207754,201517
Dlg3,2467,2439,2146,2151
Dlg4,5838,5486,5426,4394
Dlg5,2351,2245,2385,2054
Dlgap1,142648,131574,125660,98390
Dlgap2,69711,67898,65060,56620
Dlgap3,7956,7284,7465,5907
Dlgap4,11912,9560,10093,8458
Dlgap5,15,10,19,26
Dlk1,93,131,68,165
Dlk2,1825,2165,1877,1848
Dll1,140,105,111,87
Dll3,7,20,17,8
Dll4,72,63,33,74
Dlst,3952,3701,3534,3224
Dlx1,848,214,210,209
Dlx1as,1016,852,943,634
Dlx2,199,66,69,67
Dlx3,1,3,0,3
Dlx4,3,0,1,4
Dlx4os,13,8,3,18
Dlx5,260,69,83,164
Dlx6,208,52,63,95
Dlx6os1,6868,2147,2538,3144
Dmac1,18,318,72,34
Dmac2,1274,1648,1164,1393
Dmac2l,942,1087,1051,1062
Dmap1,413,465,378,401
Dmbt1,0,1,0,0
Dmbx1,13,6,2,2
Dmc1,437,363,365,324
Dmd,55948,65155,54923,51835
Dmgdh,82,161,118,95
Dmkn,13,6,2,17
Dmp1,22,32,20,15
Dmpk,631,551,532,425
Dmrt1,2,2,3,3
Dmrt1i,1,1,0,0
Dmrt2,16,39,75,45
Dmrt3,1,3,3,1
Dmrta1,0,4,3,0
Dmrta2,124,106,120,100
Dmrta2os,23,11,17,20
Dmrtb1,1,10,1,9
Dmrtc1a,74,94,75,115
Dmrtc1b,1,0,0,1
Dmrtc1c1,0,0,0,0
Dmrtc1c2,0,0,0,0
Dmrtc2,1,1,2,2
Dmtf1,4230,4432,3701,3711
Dmtn,5769,6217,5558,4646
Dmwd,999,1034,866,772
Dmxl1,12190,13945,11463,11430
Dmxl2,10209,11684,10563,10133
Dna2,411,455,435,379
Dnaaf1,23,42,39,36
Dnaaf2,116,140,114,144
Dnaaf3,21,20,27,27
Dnaaf4,240,251,253,266
Dnaaf5,1068,967,1011,821
Dnah1,272,338,288,352
Dnah10,77,94,79,121
Dnah11,2363,665,99,93
Dnah12,75,107,113,117
Dnah14,356,504,560,433
Dnah17,289,202,172,191
Dnah2,682,373,524,616
Dnah2os,4,4,1,7
Dnah3,235,221,195,245
Dnah5,810,1018,1015,803
Dnah6,102,122,143,157
Dnah7a,270,332,229,259
Dnah7b,1046,1295,936,864
Dnah7c,405,579,598,537
Dnah8,55,49,65,58
Dnah9,1051,1486,1802,1429
Dnaic1,438,376,358,369
Dnaic2,48,53,58,76
Dnaja1,3145,3293,2611,3042
Dnaja2,5468,6991,4911,5793
Dnaja3,1949,1901,1892,1754
Dnaja4,598,635,528,616
Dnajb1,42,174,168,179
Dnajb11,960,1200,916,876
Dnajb12,1466,1405,1358,1284
Dnajb13,3,4,2,3
Dnajb14,2575,2558,2443,2157
Dnajb2,1571,1589,1497,1347
Dnajb3,11,17,14,21
Dnajb4,2602,3211,2462,2604
Dnajb5,1223,1219,761,732
Dnajb6,4339,4484,4014,3709
Dnajb7,12,20,16,9
Dnajb8,10,11,13,6
Dnajb9,44,47,155,82
Dnajc1,15380,15442,13689,12376
Dnajc10,3478,4269,3629,4193
Dnajc11,3023,3109,3185,2690
Dnajc12,492,538,461,457
Dnajc13,6133,6701,6972,5921
Dnajc14,555,531,542,551
Dnajc15,2442,2624,2065,2379
Dnajc16,1195,1359,1282,1228
Dnajc17,1099,1044,1017,932
Dnajc18,3373,3362,3205,3181
Dnajc19,3305,3374,2646,2919
Dnajc2,1868,1675,1726,1808
Dnajc21,3189,3407,2738,2219
Dnajc22,1,2,1,0
Dnajc24,2669,2887,2380,2583
Dnajc25,1031,1294,1094,1224
Dnajc27,2143,2044,1778,2101
Dnajc28,79,98,101,76
Dnajc3,2630,2969,2427,2544
Dnajc30,440,522,371,414
Dnajc4,530,590,472,470
Dnajc5,3980,3689,3475,3249
Dnajc5b,83,80,76,68
Dnajc5g,5,2,3,7
Dnajc6,14799,17640,14394,13525
Dnajc7,6270,5750,6174,5365
Dnajc8,2870,3111,2583,2723
Dnajc9,325,311,238,293
Dnal1,2863,2930,2901,2843
Dnal4,610,686,511,608
Dnali1,11,14,7,5
Dnase1,9,7,8,15
Dnase1l1,120,135,165,120
Dnase1l2,213,237,183,132
Dnase1l3,38,54,30,71
Dnase2a,311,344,320,274
Dnase2b,5,1,4,2
Dnd1,79,59,63,56
Dner,9294,9419,8312,7498
Dnhd1,947,1001,834,789
Dnlz,376,612,338,436
Dnm1,9717,10999,9940,8202
Dnm1l,5636,7143,5087,5649
Dnm2,8676,7018,7980,6398
Dnm3,18573,20795,18817,17147
Dnm3os,199,210,172,172
Dnmbp,2540,2404,2480,2329
Dnmt1,1167,1252,1013,941
Dnmt3a,19320,15571,16980,13866
Dnmt3aos,178,132,169,127
Dnmt3b,168,142,153,135
Dnmt3bos,0,0,0,1
Dnmt3c,4,3,4,0
Dnmt3l,1,6,5,4
Dnpep,468,497,418,363
Dnph1,28,14,7,29
Dntt,7,3,13,14
Dnttip1,2906,2869,2679,2487
Dnttip2,729,865,698,975
Doc2a,286,385,284,249
Doc2b,724,611,672,819
Doc2g,628,582,442,456
Dock1,5009,3100,5478,3731
Dock10,13957,8741,12852,8658
Dock11,2503,1629,2042,1897
Dock2,1007,582,1305,874
Dock3,39851,38076,33415,31898
Dock4,27059,30015,31553,26840
Dock5,1040,811,1162,643
Dock6,834,625,955,720
Dock7,10150,11740,10400,9952
Dock8,760,317,1157,825
Dock9,11143,14978,15959,11697
Dohh,177,246,251,228
Dok1,23,14,29,29
Dok2,76,94,80,86
Dok3,628,543,496,449
Dok4,136,106,133,155
Dok5,3111,3435,3122,2680
Dok6,25281,27099,22564,23358
Dok7,459,692,582,472
Dolk,341,433,329,333
Dolpp1,412,477,431,401
Donson,1013,1307,1025,1075
Dop1a,6983,7400,6438,5899
Dop1b,5444,6272,6689,5645
Dot1l,5560,4920,4289,3647
Doxl1,0,0,0,0
Doxl2,0,0,0,0
Dpagt1,697,704,726,737
Dpep1,0,2,3,2
Dpep2,7,5,5,6
Dpep2.1,18,14,15,13
Dpep2nb,6,9,9,6
Dpep3,0,0,0,0
Dpf1,1870,1617,1579,1349
Dpf2,2238,1952,1734,1599
Dpf3,2885,2801,1865,1131
Dph1,459,535,563,571
Dph2,154,189,121,152
Dph3,178,615,224,256
Dph5,1008,1153,1096,1146
Dph6,3269,3564,3030,3772
Dph7,1669,1655,1544,1647
Dpm1,6426,7974,5681,7398
Dpm2,1262,1822,1358,1370
Dpm3,61,95,74,78
Dpp10,237923,261332,255870,225986
Dpp3,839,922,887,769
Dpp4,324,336,344,321
Dpp6,78773,50517,37739,41871
Dpp7,638,624,651,568
Dpp8,4022,4041,3890,3695
Dpp9,1247,1246,1295,952
Dppa1,5,7,8,2
Dppa2,5,7,6,3
Dppa3,0,0,1,0
Dppa4,1,1,0,0
Dppa5a,2,0,1,5
Dpt,8,6,10,9
Dpy19l1,4222,4591,4156,3957
Dpy19l2,137,196,205,157
Dpy19l3,1661,1781,2009,1904
Dpy19l4,3089,3128,3141,2964
Dpy30,1375,1533,1257,1458
Dpyd,10558,10445,12093,10879
Dpys,61,101,57,75
Dpysl2,9438,10104,10570,8595
Dpysl3,2072,2310,2048,1747
Dpysl4,1587,1975,1658,1427
Dpysl5,1973,1754,1654,1364
Dqx1,25,33,51,41
Dr1,533,671,601,588
Dram1,848,1262,1034,1050
Dram2,1513,1624,1588,1574
Drap1,999,996,911,1008
Draxin,41,26,21,18
Drc1,1124,1189,1177,1332
Drc3,984,994,1009,891
Drc7,42,48,54,49
Drd1,225,153,213,530
Drd2,335,188,83,965
Drd3,515,27,16,1104
Drd4,1,11,4,3
Drd5,2,6,4,1
Dreh,0,0,0,0
Drg1,7218,6747,6413,6240
Drg2,964,972,953,791
Drosha,3137,3513,3388,2976
Drp2,2448,2253,2156,1990
Drr1,6,6,2,5
Dsc1,1,3,0,0
Dsc2,124,237,218,335
Dsc3,30,93,110,122
Dscam,35342,34862,32390,24412
Dscaml1,20897,19174,22504,16412
Dscc1,16,31,25,16
Dse,1095,975,1020,919
Dsel,929,1608,893,1387
Dsg1a,1,0,2,0
Dsg1b,3,2,1,2
Dsg1c,17,3,5,37
Dsg2,372,467,443,595
Dsg3,4,4,3,5
Dsg4,1,0,0,0
Dsn1,104,105,83,105
Dsp,4,7,20,6
Dspp,5,8,2,2
Dst,24203,31676,28192,24646
Dstn,1974,2283,1814,1885
Dstyk,4305,3871,3747,3827
Dtd1,6541,6890,6364,6039
Dtd2,324,403,296,407
Dthd1,7,10,5,10
Dtl,117,188,150,180
Dtna,18104,18952,16403,14972
Dtnb,17244,16818,16688,17340
Dtnbos,4072,4218,3783,4766
Dtnbp1,2804,3120,2972,2660
Dtwd1,441,580,447,579
Dtwd2,862,878,825,838
Dtx1,1614,1488,1599,1368
Dtx2,828,694,869,746
Dtx3,6313,6118,5420,5075
Dtx3l,84,83,136,96
Dtx4,1057,1314,1502,1215
Dtymk,948,1267,893,979
Dubr,89,116,151,89
Duox1,18,21,12,10
Duox2,4,2,0,1
Duoxa1,4,2,2,5
Duoxa2,0,0,0,0
Dupd1,20,15,17,15
Dus1l,549,676,583,482
Dus2,1946,2054,2002,1756
Dus3l,1627,1562,1628,1278
Dus4l,830,979,824,1033
Dusp1,150,237,280,202
Dusp10,557,701,577,395
Dusp11,3874,5083,3576,3741
Dusp12,2252,2552,2302,2486
Dusp13,22,34,33,41
Dusp14,1029,1072,753,1008
Dusp15,980,1426,1246,917
Dusp16,1732,1678,1590,1303
Dusp18,231,273,274,271
Dusp19,169,195,200,214
Dusp2,11,36,8,17
Dusp21,0,0,0,0
Dusp22,2028,2056,2173,2095
Dusp23,235,346,295,316
Dusp26,587,844,658,655
Dusp27,14,12,19,24
Dusp28,23,70,28,11
Dusp3,1756,2235,1602,1852
Dusp4,99,161,106,122
Dusp5,216,287,116,117
Dusp6,151,269,196,210
Dusp7,676,732,729,690
Dusp8,1029,1118,826,908
Dusp9,13,15,17,13
Dut,502,612,499,515
Duxbl1,10,11,13,4
Duxbl2,0,0,0,0
Duxbl3,1,6,3,7
Duxf3,0,2,0,4
Dvl1,2581,2590,2521,1668
Dvl2,1421,1309,1341,1105
Dvl3,1940,1988,1978,1595
Dxo,481,428,317,323
Dydc1,9,10,11,14
Dydc2,42,76,81,52
Dym,7954,8221,8290,7466
Dynap,0,0,0,0
Dync1h1,8242,8989,9375,7387
Dync1i1,30303,24396,18486,17936
Dync1i2,11316,15175,12328,12810
Dync1li1,3934,4052,4107,3335
Dync1li2,6020,6850,6005,6144
Dync2h1,7299,8914,7753,8190
Dync2li1,577,636,579,608
Dynll1,549,761,566,531
Dynll2,206,129,385,282
Dynlrb1,275,406,578,598
Dynlrb2,14,32,9,33
Dynlt1a,2355,2588,1817,1814
Dynlt1b,525,676,396,487
Dynlt1c,190,255,209,247
Dynlt1f,229,269,161,162
Dynlt3,406,566,492,495
Dyrk1a,8275,7414,6953,6100
Dyrk1b,522,592,436,490
Dyrk2,319,570,670,518
Dyrk3,320,540,508,461
Dyrk4,10,7,16,10
Dysf,538,578,831,742
Dytn,20,32,18,22
Dzank1,5838,6964,6073,6769
Dzip1,4103,4355,4461,3765
Dzip1l,2443,2170,2089,2017
Dzip3,8112,9775,7371,8541
E030013I19Rik,22,47,26,39
E030018B13Rik,57,64,42,36
E030025P04Rik,6,0,1,6
E030030I06Rik,24,23,34,30
E030037K01Rik,1,13,3,5
E030042O20Rik,5,8,2,16
E030044B06Rik,20,26,26,23
E130006D01Rik,144,177,204,198
E130008D07Rik,194,141,137,288
E130018N17Rik,7,3,2,1
E130018O15Rik,0,0,0,0
E130101E03Rik,1,3,6,4
E130102H24Rik,2238,3073,1828,2072
E130111B04Rik,10,36,8,12
E130114P18Rik,2537,2122,1177,1458
E130116L18Rik,7,1,5,2
E130119H09Rik,48,62,81,110
E130120K24Rik,1,0,0,0
E130202H07Rik,2,3,3,1
E130208F15Rik,2,10,0,2
E130215H24Rik,33,30,34,26
E130218I03Rik,0,1,1,1
E130304I02Rik,255,315,285,248
E130307A14Rik,10053,9461,8918,7959
E130308A19Rik,4503,3933,3689,3113
E130309D02Rik,297,445,366,340
E130310I04Rik,23,15,18,18
E130311K13Rik,418,410,448,498
E130317F20Rik,121,190,133,174
E230001N04Rik,194,395,251,293
E230013L22Rik,1,0,0,0
E230014E18Rik,13,12,12,15
E230016K23Rik,38,26,27,24
E230016M11Rik,2020,2613,2467,2270
E230025N22Rik,22,34,10,38
E230029C05Rik,2452,2678,3113,2735
E230032D23Rik,50,41,60,60
E230034D01Rik,15,8,14,6
E2f1,137,130,150,176
E2f2,16,17,31,22
E2f3,2700,2878,3313,2675
E2f4,970,955,889,792
E2f5,950,852,707,800
E2f6,1035,1242,898,986
E2f7,46,32,26,42
E2f8,13,8,19,21
E330009J07Rik,2256,2753,2250,2073
E330010L02Rik,3,4,2,0
E330011O21Rik,62,73,117,96
E330012B07Rik,24,34,34,23
E330013P04Rik,146,146,119,109
E330014E10Rik,0,0,0,0
E330016L19Rik,0,0,1,0
E330017A01Rik,0,0,1,0
E330017L17Rik,41,29,28,34
E330018M18Rik,462,407,365,491
E330020D12Rik,265,333,379,221
E330021D16Rik,3,1,3,1
E330023G01Rik,2,0,0,2
E330032C10Rik,3,6,3,1
E330034G19Rik,2,5,1,4
E330035G20Rik,4,5,4,7
E430002N23Rik,0,0,0,1
E430018J23Rik,69,71,76,69
E430024I08Rik,1002,1173,816,930
E430024P14Rik,1177,1184,979,1300
E4f1,1899,1792,1838,1583
E530011L22Rik,1117,1146,863,904
ETV3L,1,3,6,2
EU599041,0,0,2,0
Eaf1,439,437,358,430
Eaf2,2063,2298,1796,1961
Eapp,1390,1463,1134,1259
Ear1,3,9,2,5
Ear10,0,0,0,0
Ear14,0,0,0,0
Ear2,0,0,0,0
Ear6,0,0,0,0
Ears2,457,430,461,363
Ebag9,624,681,547,618
Ebf1,4113,5685,3259,2786
Ebf2,264,901,189,31
Ebf3,500,955,295,77
Ebf4,1570,1497,1427,1238
Ebi3,18,49,26,18
Ebna1bp2,993,1144,861,1023
Ebp,158,246,256,255
Ebpl,607,686,632,608
Ecd,2172,2204,2151,2093
Ece1,3380,3010,2674,1995
Ece2,2285,2652,1981,1714
Ecel1,105,123,81,206
Ech1,473,618,560,513
Echdc1,2375,2480,2117,2381
Echdc2,747,949,1039,838
Echdc3,54,65,51,61
Echs1,993,851,955,800
Eci1,473,443,405,389
Eci2,766,701,725,849
Eci3,2,7,1,1
Ecm1,238,260,185,175
Ecm2,280,237,269,281
Ecpas,13832,15412,13692,13308
Ecrg4,35,16,22,17
Ecscr,64,41,63,55
Ecsit,2020,1942,1745,1768
Ect2,93,66,88,76
Ect2l,58,102,55,76
Eda,4363,3050,3756,3505
Eda2r,16,14,23,25
Edar,64,24,33,41
Edaradd,95,80,107,64
Edc3,1533,1474,1463,1453
Edc4,1559,1757,1566,1478
Eddm3b,0,0,0,0
Edem1,1031,1036,1102,973
Edem2,1220,1280,1262,1054
Edem3,3305,3324,3119,3026
Edf1,626,1290,889,1082
Edil3,20808,27237,24708,18949
Edn1,68,107,64,120
Edn2,2,2,2,3
Edn3,29,23,26,32
Ednra,257,180,332,232
Ednrb,777,503,574,358
Edrf1,2255,2473,2285,2306
Eea1,4480,4913,4685,4059
Eed,1568,1622,1454,1478
Eef1a1,1133,1472,1831,2305
Eef1a2,1902,1911,1605,1555
Eef1akmt1,1585,1643,1344,1481
Eef1akmt2,329,467,243,337
Eef1akmt3,80,101,110,109
Eef1akmt4,153,175,169,147
Eef1aknmt,611,540,594,588
Eef1b2,122,141,206,179
Eef1d,785,1033,694,757
Eef1e1,212,244,220,271
Eef1g,1579,1821,1634,1748
Eef2,1329,1248,1309,1060
Eef2k,3679,4122,4261,3427
Eef2kmt,208,182,199,153
Eefsec,4150,4330,4339,4151
Eepd1,2718,1493,1601,1324
Efcab1,753,1074,879,1182
Efcab10,19,37,30,40
Efcab11,119,135,137,117
Efcab12,537,686,582,592
Efcab14,2846,2840,2845,2333
Efcab2,1425,1493,1263,1290
Efcab3,6,9,19,17
Efcab5,958,867,1031,833
Efcab6,2054,2652,2336,2170
Efcab7,717,785,710,925
Efcab8,24,30,26,36
Efcab9,63,63,88,46
Efcc1,388,498,476,480
Efemp1,541,515,444,327
Efemp2,589,562,484,506
Efhb,75,80,72,85
Efhc1,59,71,56,70
Efhc2,382,428,353,462
Efhd1,282,205,285,162
Efhd1os,0,0,0,0
Efhd2,1411,1479,1495,1175
Efl1,2956,2864,2842,2726
Efna1,93,87,97,126
Efna2,251,245,218,210
Efna3,248,412,356,355
Efna4,15,15,17,6
Efna5,14986,17243,12106,10502
Efnb1,208,215,223,174
Efnb2,2791,2618,2355,3224
Efnb3,1434,982,1536,1134
Efr3a,6421,8416,7179,6284
Efr3b,9170,9052,8425,6741
Efs,354,219,341,211
Eftud2,4262,4441,4140,3905
Egf,575,419,462,475
Egfem1,36110,40908,38729,37969
Egfl6,167,170,118,90
Egfl7,1149,729,1049,1172
Egfl8,146,141,142,118
Egflam,334,269,334,239
Egfr,2379,1861,2346,1661
Egfros,231,162,193,149
Egln1,2403,2478,2258,1886
Egln2,700,811,649,643
Egln3,235,96,165,116
Egr1,182,126,631,413
Egr2,17,31,41,29
Egr3,509,468,308,344
Egr4,133,201,330,285
Ehbp1,16138,16432,13346,12512
Ehbp1l1,527,459,480,461
Ehd1,349,477,414,364
Ehd2,111,75,123,122
Ehd3,880,1044,1049,974
Ehd4,525,482,611,529
Ehf,2,1,4,2
Ehhadh,362,207,257,321
Ehmt1,10372,9318,9155,8148
Ehmt2,2797,2644,3035,2201
Ei24,2858,2977,2633,2826
Eid1,250,1699,714,381
Eid2,29,86,142,44
Eid2b,384,580,263,446
Eid3,29,25,28,28
Eif1,1202,1473,2088,1573
Eif1a,516,711,503,689
Eif1ad,194,357,226,210
Eif1ax,833,785,788,841
Eif1b,380,935,830,488
Eif2a,2592,2640,2312,2198
Eif2ak1,1988,2084,2148,2089
Eif2ak2,369,340,464,471
Eif2ak3,1898,2197,1843,1682
Eif2ak4,3471,3690,3582,3281
Eif2b1,589,638,531,536
Eif2b2,594,622,522,583
Eif2b3,2544,2372,2408,1997
Eif2b4,2186,2354,2066,2418
Eif2b5,1099,1256,1052,1148
Eif2c5,2,2,2,0
Eif2d,1898,2158,1943,1857
Eif2s1,1093,1202,1048,1156
Eif2s2,2814,3385,2314,2697
Eif2s3x,1048,952,950,918
Eif2s3y,7594,5773,7691,8759
Eif3a,3284,3379,3083,3032
Eif3b,1007,1036,993,875
Eif3c,2575,2558,2255,2186
Eif3d,436,520,421,386
Eif3e,1516,1879,1519,1770
Eif3f,235,371,413,381
Eif3g,219,304,383,339
Eif3h,1827,2165,1636,1646
Eif3i,670,582,629,562
Eif3j1,2217,2352,2054,1949
Eif3j2,9,10,7,11
Eif3k,443,649,631,608
Eif3l,536,667,486,582
Eif3m,1520,1821,1357,1632
Eif4a1,2075,1920,1943,1760
Eif4a2,1608,1217,2418,2070
Eif4a3,776,820,758,739
Eif4b,2081,2197,2127,2179
Eif4e,3460,3606,3112,2927
Eif4e1b,0,0,0,0
Eif4e2,1437,1667,1390,1413
Eif4e3,2073,2158,1977,1838
Eif4ebp1,75,107,84,110
Eif4ebp2,1747,1583,1581,1583
Eif4ebp3,581,701,592,597
Eif4enif1,2439,2321,2198,1978
Eif4g1,6524,6259,6656,5459
Eif4g2,2936,3019,2664,2965
Eif4g3,19955,19740,20938,16131
Eif4h,3133,2998,2626,2629
Eif5,2699,2661,2463,2525
Eif5a,283,231,578,275
Eif5a2,119,166,107,135
Eif5b,5348,5635,4749,4828
Eif6,123,293,217,173
Eipr1,3788,4256,4079,3799
Elac1,750,1001,799,976
Elac2,693,768,733,693
Elane,1,1,0,0
Elavl1,4104,3768,3826,3387
Elavl2,6250,10289,8023,7054
Elavl3,15574,14463,16397,11786
Elavl4,5430,8590,6762,6109
Eldr,25,25,24,33
Elf1,1438,852,1464,1161
Elf2,3214,2776,2858,2160
Elf3,2,0,0,1
Elf4,106,52,246,136
Elf5,3,8,2,3
Elfn1,908,699,906,545
Elfn2,1528,1688,1678,1288
Elk1,589,729,469,496
Elk3,1388,988,1291,1258
Elk4,1055,1034,1064,1037
Ell,2250,1971,2211,1946
Ell2,3063,2717,2671,2435
Ell3,5,1,2,1
Elmo1,15326,14226,12629,12495
Elmo2,2923,2785,2590,2328
Elmo3,49,44,43,45
Elmod1,9954,12071,9654,10793
Elmod2,848,916,842,855
Elmod3,889,847,949,788
Elmsan1,1814,1527,1876,1486
Eln,438,397,609,331
Eloa,496,571,478,477
Elob,132,366,295,287
Elobl,0,0,3,1
Eloc,890,1224,990,892
Elof1,82,194,155,78
Elovl1,494,495,491,406
Elovl2,328,421,388,422
Elovl3,0,0,0,2
Elovl4,1011,1238,853,944
Elovl5,1912,1811,1578,1564
Elovl6,5144,5044,5075,3643
Elovl7,1341,1119,1505,978
Elp1,2926,3122,2844,2654
Elp2,3030,3306,2820,2943
Elp3,1716,1876,1735,1590
Elp4,7510,7437,7123,6735
Elp5,1262,1186,1227,1138
Elp6,646,632,525,608
Emb,1424,2409,1864,1788
Emc1,1503,1760,1372,1500
Emc10,2826,3477,2435,2817
Emc2,2783,3227,2786,2774
Emc3,2442,2581,2143,2436
Emc4,340,683,540,535
Emc6,25,93,48,53
Emc7,1389,1741,1526,1639
Emc8,1417,1401,1436,1284
Emc9,983,1328,871,1035
Emcn,644,537,518,504
Emd,337,378,317,344
Eme1,25,15,15,26
Eme2,164,233,222,193
Emg1,584,887,593,739
Emid1,1408,1075,908,796
Emilin1,14,12,22,24
Emilin2,80,86,97,53
Emilin3,6,30,7,10
Eml1,4900,5647,6085,5039
Eml2,5329,5400,5733,4569
Eml3,281,302,287,190
Eml4,7466,7256,7232,5997
Eml5,19518,15645,11969,11931
Eml6,23921,23944,20386,19506
Emp1,18,17,11,10
Emp2,394,222,267,250
Emp3,19,37,29,26
Emsy,6333,6396,5576,4992
Emx1,249,361,310,287
Emx2,176,106,176,112
Emx2os,926,503,725,598
En1,46,79,6,4
En2,55,163,49,19
Enah,16444,14730,13584,12452
Enam,4,2,3,4
Enc1,771,1180,1004,876
Endod1,353,665,707,395
Endog,128,165,175,89
Endou,42,44,31,37
Endov,825,863,794,786
Eng,614,412,498,550
Engase,242,261,270,289
Enho,100,201,125,94
Enkd1,367,354,344,282
Enkur,120,158,101,125
Eno1,2291,2200,2185,2014
Eno1b,14,17,15,12
Eno2,4137,4337,3469,3520
Eno3,195,224,241,172
Eno4,218,241,245,272
Enoph1,713,750,733,673
Enox1,27101,29536,26499,26171
Enox2,2857,2549,2966,2891
Enpep,56,86,82,74
Enpp1,231,168,150,101
Enpp2,6840,8387,9572,6046
Enpp3,58,48,60,44
Enpp4,110,151,150,94
Enpp5,135,879,451,150
Enpp6,272,305,570,344
Enpp7,0,0,1,0
Ensa,2772,3541,2434,2692
Enthd1,27,13,14,13
Entpd1,872,584,1266,898
Entpd2,234,165,128,130
Entpd3,532,565,494,649
Entpd4,0,0,0,0
Entpd4b,0,0,0,0
Entpd5,852,950,836,708
Entpd6,2124,2438,2090,2016
Entpd7,1279,1420,1392,1345
Entpd8,1,0,1,1
Entr1,2870,3687,2793,2557
Eny2,1650,2235,1577,1803
Eogt,1527,1409,1461,1388
Eomes,73,61,7,0
Ep300,6914,6740,6494,5613
Ep400,8188,7812,7802,6637
Epas1,1430,919,1311,1114
Epb41,5525,8003,5788,5706
Epb41l1,9690,9840,9686,8110
Epb41l2,3298,3141,4210,3342
Epb41l3,15126,14711,11751,9667
Epb41l4a,1081,784,729,397
Epb41l4aos,66,250,31,25
Epb41l4b,6093,7581,6392,5713
Epb41l5,1430,1207,1220,1113
Epb42,0,0,2,0
Epc1,9362,8903,7986,8198
Epc2,3650,4113,3285,3278
Epcam,4,9,13,4
Epdr1,1552,2072,1661,1482
Epg5,3215,3353,3405,3097
Epgn,4,3,3,3
Epha1,54,46,29,36
Epha10,7002,7130,6070,4764
Epha2,28,14,19,24
Epha3,8688,9118,7111,7092
Epha4,8697,9587,8850,7442
Epha5,38090,39022,27739,32451
Epha6,54503,45524,49905,46649
Epha7,6824,10114,8127,8710
Epha8,398,527,258,427
Ephb1,8500,9459,7852,7277
Ephb2,2623,4197,3550,2197
Ephb3,419,515,440,366
Ephb4,151,107,126,117
Ephb6,776,1095,1079,748
Ephx1,289,410,303,278
Ephx2,448,402,429,520
Ephx3,11,18,15,11
Ephx4,1914,2506,2021,2069
Epm2a,2325,2411,2367,2652
Epm2aip1,356,478,298,321
Epn1,2161,2410,2098,1980
Epn2,8910,8024,10404,8297
Epn3,8,32,12,7
Epo,223,174,203,184
Epop,22,61,43,22
Epor,112,131,97,97
Epp13,6,6,14,12
Eppin,0,0,0,0
Eppk1,0,4,3,2
Eprn,0,0,0,0
Eprs,4229,4186,3446,3507
Eps15,5254,4707,5258,3935
Eps15l1,8321,7656,7715,6364
Eps8,2624,2279,2770,1833
Eps8l1,386,426,383,279
Eps8l2,104,101,117,114
Eps8l3,35,30,38,40
Epsti1,138,79,212,205
Epx,2,8,2,4
Epyc,91,89,66,219
Eqtn,428,578,452,458
Eral1,804,786,738,765
Erap1,484,410,397,441
Eras,0,1,3,1
Erbb2,42,29,31,20
Erbb3,305,257,407,195
Erbb4,53280,52770,64203,50713
Erbin,5874,4560,5852,4523
Erc1,8927,10746,10208,9467
Erc2,69549,74871,65783,66463
Ercc1,661,691,626,631
Ercc2,944,848,923,635
Ercc3,627,673,586,551
Ercc4,1284,1480,1320,1335
Ercc5,1843,1860,1530,1573
Ercc6,2753,3014,2766,2559
Ercc6l,2,1,5,5
Ercc6l2,2941,3111,2813,3166
Ercc8,1290,1266,1172,1217
Ereg,0,1,0,0
Erf,1102,849,944,986
Erfe,10,12,8,12
Erg,394,325,246,326
Erg28,1598,1885,1656,1574
Ergic1,4574,4537,4246,3369
Ergic2,3332,3462,3041,3074
Ergic3,1384,1677,1461,1156
Erh,905,1081,938,1014
Eri1,532,548,424,431
Eri2,1001,1035,803,977
Eri3,6330,6337,6822,6027
Erich1,914,903,799,836
Erich2,187,102,61,96
Erich2os,0,4,1,9
Erich3,922,1177,901,1140
Erich4,5,6,9,3
Erich5,64,52,55,34
Erich6,356,403,354,279
Erich6b,10,15,9,11
Erlec1,3409,3729,2669,3077
Erlin1,2427,2186,2163,2502
Erlin2,692,835,780,729
Ermap,27,10,9,19
Ermard,1244,1331,1347,1073
Ermn,365,481,520,335
Ermp1,983,1180,900,843
Ern1,2007,1877,1790,1389
Ern2,16,35,25,29
Ero1l,1818,2136,1689,1798
Ero1lb,1841,2322,1731,1829
Erp27,9,10,15,19
Erp29,1368,1790,1455,1415
Erp44,3130,3455,2991,2795
Errfi1,1002,1347,1258,1259
Erv3,0,1,3,0
Esam,269,265,318,298
Esco1,4768,5598,4192,4678
Esco2,13,9,13,12
Esd,779,1016,770,969
Esf1,3535,3925,2983,3470
Esm1,156,135,129,191
Esp1,0,0,0,0
Esp15,0,0,0,0
Esp16,0,0,0,0
Esp18,0,0,0,0
Esp22,0,0,0,0
Esp23,0,0,0,0
Esp24,0,0,0,0
Esp3,0,0,0,0
Esp31,0,0,0,0
Esp34,0,0,0,0
Esp36,0,0,0,0
Esp38,0,0,0,0
Esp4,0,0,0,0
Esp6,0,0,0,0
Esp8,0,0,0,0
Espl1,34,32,59,37
Espn,75,123,102,68
Espnl,2,5,4,5
Esr1,423,465,551,516
Esr2,68,117,143,178
Esrp1,19,16,16,19
Esrp2,2,3,7,4
Esrra,1675,1627,1441,1438
Esrrb,127,191,132,97
Esrrg,16014,16075,11656,11872
Ess2,366,399,376,393
Esx1,2,1,1,1
Esyt1,393,422,387,310
Esyt2,11014,11558,9776,9317
Esyt3,146,148,163,177
Etaa1,414,519,412,461
Etaa1os,138,159,148,184
Etd,2,5,3,4
Etf1,1937,1625,1644,1640
Etfa,2709,2814,2722,2814
Etfb,171,221,163,156
Etfbkmt,187,214,191,233
Etfdh,1402,1499,1365,1335
Etfrf1,319,384,273,314
Ethe1,449,505,447,499
Etl4,55962,64837,60682,50180
Etnk1,8813,10398,8390,7838
Etnk2,574,737,652,513
Etnppl,430,569,287,192
Etohd2,231,261,219,208
Etos1,1,0,1,0
Ets1,857,545,917,790
Ets2,518,712,557,756
Etv1,4544,4411,3344,2665
Etv2,0,0,1,0
Etv3,701,815,684,756
Etv4,1098,626,888,619
Etv5,4904,4665,4254,2467
Etv6,6931,6472,7153,5699
Eva1a,494,420,496,313
Eva1b,94,113,105,143
Eva1c,420,474,367,349
Evc,310,270,245,232
Evc2,963,1102,1092,851
Evi2,93,99,88,98
Evi2a,64,183,161,95
Evi2b,0,0,0,0
Evi5,8213,9281,7936,6935
Evi5l,3982,3717,4227,3367
Evl,7138,6251,6271,5431
Evpl,163,197,155,182
Evx1,0,8,0,0
Evx1os,0,48,11,0
Evx2,1,8,1,0
Ewsr1,10776,11658,10023,10119
Exd1,236,191,252,240
Exd2,3920,4541,3941,3419
Exo1,42,38,48,49
Exo5,348,330,315,325
Exoc1,2809,3211,2812,2868
Exoc2,4386,4798,4370,4201
Exoc3,3477,3954,3249,3743
Exoc3l,9,21,12,15
Exoc3l2,25,36,45,33
Exoc3l4,46,58,31,31
Exoc4,21826,23151,21071,19799
Exoc5,4883,5100,4435,4477
Exoc6,4329,4377,4398,4018
Exoc6b,18341,19140,18613,15554
Exoc7,2316,2367,2145,2110
Exoc8,144,164,112,121
Exog,470,490,484,418
Exosc1,1654,1882,1631,1777
Exosc10,2600,2545,2418,2302
Exosc2,647,671,563,556
Exosc3,584,693,497,667
Exosc4,135,275,247,66
Exosc5,361,422,324,345
Exosc6,0,0,0,0
Exosc7,1989,2298,1815,2033
Exosc8,989,1140,864,964
Exosc9,1055,1107,926,1150
Exph5,1220,2152,1284,1059
Ext1,31717,34403,26299,24316
Ext2,4010,3960,4028,3816
Extl1,759,897,886,719
Extl2,423,830,467,614
Extl3,4041,3805,4059,3363
Eya1,1984,1213,1652,1135
Eya2,473,262,226,132
Eya3,4523,4172,4266,3597
Eya4,1024,976,1424,1111
Ezh1,2791,2884,2653,2333
Ezh2,1600,1350,1171,1136
Ezr,371,212,265,230
F10,4,2,2,3
F11,9,11,13,8
F11r,190,140,301,225
F12,78,77,63,68
F13a1,368,482,665,325
F13b,7,4,1,4
F2,13,13,16,14
F2r,22,33,30,26
F2rl1,0,0,1,1
F2rl2,46,68,77,47
F2rl3,11,7,5,10
F3,1097,1161,1120,825
F420014N23Rik,193,246,186,190
F5,21,16,18,22
F530104D19Rik,37,41,23,27
F630028O10Rik,42,38,96,38
F630040K05Rik,126,88,107,87
F630042J09Rik,4,6,1,1
F630206G17Rik,10,12,109,71
F7,8,9,7,2
F730016J06Rik,28,24,30,25
F730035M05Rik,20,21,20,13
F730035P03Rik,4,8,7,4
F730043M19Rik,2334,2353,1973,1599
F730048M01Rik,0,0,0,0
F730311O21Rik,2,2,2,2
F8,596,773,789,816
F830016B08Rik,14,6,8,11
F830045P16Rik,62,40,74,64
F830208F22Rik,44,91,68,84
F8a,11,84,28,11
F9,2,3,4,1
F930017D23Rik,11,6,4,6
FQ976806.1,0,0,0,0
Fa2h,1747,1408,2478,1409
Faah,3559,4947,4809,3354
Faap100,696,663,654,463
Faap20,628,671,528,576
Faap24,69,80,76,69
Fabp1,0,0,0,0
Fabp12,24,16,23,29
Fabp2,5,3,2,4
Fabp3,383,459,459,584
Fabp4,2,0,0,4
Fabp5,316,328,302,178
Fabp6,3,9,7,8
Fabp7,265,236,112,118
Fabp9,0,0,0,0
Fadd,4,31,26,15
Faddos,1,1,3,0
Fads1,1708,1499,1526,1457
Fads2,1595,1085,1775,1253
Fads3,492,649,608,531
Fads6,369,548,418,366
Faf1,13879,14787,12262,12431
Faf2,3586,3425,3425,3144
Fah,537,607,643,464
Fahd1,293,646,297,351
Fahd2a,535,587,463,533
Faim,754,1042,949,969
Faim2,2798,3284,2563,2364
Faiml,4,1,4,4
Fam102a,1584,1401,1755,1443
Fam102b,1807,890,1035,1356
Fam104a,1342,1660,1174,1389
Fam107a,394,519,494,337
Fam107b,379,411,432,242
Fam110a,52,51,57,37
Fam110b,5617,5922,5068,5755
Fam110c,4,0,1,1
Fam111a,535,686,679,702
Fam114a1,243,169,342,262
Fam114a2,1995,2106,1880,1761
Fam117a,691,360,670,745
Fam117b,5128,4964,4714,4399
Fam118a,1049,900,1025,823
Fam118b,2326,2380,2259,2008
Fam120a,5475,5576,5268,4825
Fam120b,4993,5163,4865,4825
Fam120c,5779,5469,5442,5240
Fam122a,527,706,479,564
Fam122b,95,89,81,130
Fam122c,10,1,1,8
Fam124a,1603,1648,1686,1389
Fam124b,7,1,5,4
Fam126a,3440,1998,2386,2296
Fam126b,5856,6737,5595,5480
Fam129a,260,171,245,192
Fam129b,1062,922,1023,844
Fam129c,106,115,112,118
Fam131a,4339,4986,4222,4283
Fam131b,171,243,227,231
Fam131c,60,102,76,78
Fam133b,4261,4426,3476,3786
Fam135a,7846,7684,6806,6346
Fam135b,14419,20285,16154,16215
Fam136a,242,447,321,365
Fam13a,2632,4015,3112,3276
Fam13b,6653,6896,6750,6003
Fam13c,7980,7317,8495,7545
Fam149a,232,333,290,309
Fam149b,3307,3430,3256,2973
Fam151a,49,35,37,29
Fam151b,600,699,548,549
Fam155a,119479,111687,99044,83300
Fam160a1,53,48,20,16
Fam160a2,2416,2686,2216,2549
Fam160b1,1323,1390,1253,1185
Fam160b2,1787,1793,1564,1632
Fam161a,168,175,173,184
Fam161b,673,754,686,519
Fam162a,1850,1902,1655,1747
Fam162b,0,1,0,0
Fam163a,1182,596,774,447
Fam163b,1406,860,754,798
Fam166a,4,7,13,2
Fam166b,46,44,42,35
Fam167a,76,46,62,44
Fam167b,9,7,14,6
Fam168a,14079,14643,13789,11289
Fam168b,3581,3503,3126,3926
Fam169a,2867,3044,2552,2358
Fam169b,35,36,84,95
Fam170a,1,0,0,1
Fam170b,0,0,2,0
Fam171a1,5859,5467,5013,4588
Fam171a2,1654,1762,1421,1340
Fam171b,9635,7802,6887,6857
Fam172a,14586,15165,13927,12414
Fam173a,1342,3005,1983,1459
Fam174a,466,564,793,743
Fam174b,443,414,413,409
Fam177a,17,47,24,21
Fam178b,14,25,23,21
Fam180a,10,6,0,3
Fam181a,62,48,33,62
Fam181b,140,121,98,94
Fam183b,5,15,6,17
Fam184a,9239,5452,4585,4987
Fam184b,2565,1893,2321,2691
Fam185a,1686,2062,1843,1740
Fam186a,25,22,35,29
Fam186b,129,124,127,110
Fam187a,1,0,0,1
Fam187b,7,9,3,5
Fam189a1,16580,18040,18559,15730
Fam189a2,876,1044,939,818
Fam189b,1696,1635,1775,1402
Fam192a,1014,963,888,928
Fam193a,11186,10310,10492,8762
Fam193b,5003,5012,5087,3836
Fam199x,628,803,681,693
Fam204a,1843,2030,1572,1844
Fam205a1,8,6,5,3
Fam205a2,0,0,0,0
Fam205a3,0,0,0,0
Fam205a4,0,0,0,0
Fam205a4.1,0,0,0,0
Fam205c,274,270,280,220
Fam207a,896,903,860,881
Fam209,9,8,7,5
Fam20a,1551,1238,1364,909
Fam20b,2021,2140,2080,1888
Fam20c,1983,1159,1171,979
Fam210a,1338,1406,1179,1128
Fam210b,347,319,323,450
Fam214a,6882,6385,5629,5644
Fam214b,1189,1219,1219,1052
Fam216a,1563,1713,1311,1476
Fam216b,1,3,1,0
Fam217a,20,13,17,19
Fam217b,103,179,219,123
Fam219a,9536,9039,9420,7699
Fam219aos,8,3,13,9
Fam219b,435,527,425,412
Fam220a,2,3,2,1
Fam220a.1,578,710,736,671
Fam221a,38,63,43,67
Fam221b,42,78,46,56
Fam222a,667,401,499,587
Fam222b,6709,5579,6020,4801
Fam227a,2402,2319,2142,2078
Fam227b,200,238,239,212
Fam228a,982,778,916,787
Fam228b,3266,2619,2884,2730
Fam229a,10,5,1,1
Fam229b,1216,1508,1313,1683
Fam234a,1707,1391,1687,1299
Fam234b,2446,2840,2304,2376
Fam240a,2,9,1,4
Fam240b,24,25,40,23
Fam241a,375,456,458,582
Fam241b,338,597,405,394
Fam243,1,0,0,1
Fam24a,14,5,7,11
Fam24b,6,9,13,11
Fam25c,0,0,0,0
Fam32a,125,208,240,115
Fam3a,533,701,563,521
Fam3b,4,2,4,2
Fam3c,1375,1423,1202,1240
Fam43a,61,67,78,52
Fam43b,32,80,66,61
Fam45a,2313,2199,2078,2022
Fam47c,0,0,0,0
Fam47e,12,40,29,25
Fam49a,7500,7309,7180,7229
Fam49b,12394,13238,11667,10215
Fam50a,1024,1061,927,879
Fam50b,7,1,1,1
Fam53a,1048,951,1032,934
Fam53b,1069,1229,1195,967
Fam53c,992,1144,1040,998
Fam57a,1580,1749,1695,1743
Fam57b,1971,2132,1705,1649
Fam71a,0,0,0,0
Fam71b,5,10,7,8
Fam71d,454,287,248,257
Fam71e1,361,493,416,414
Fam71e2,3,5,6,5
Fam71f1,1,0,0,0
Fam71f2,47,64,48,79
Fam72a,47,59,45,48
Fam76a,3672,3641,3559,3602
Fam76b,3518,3440,2709,3317
Fam78a,115,182,163,136
Fam78b,3139,2994,2648,2567
Fam81a,4023,4244,3507,2960
Fam81b,28,37,22,32
Fam83a,2,3,2,2
Fam83b,33,124,101,99
Fam83c,4,0,3,3
Fam83d,46,42,36,25
Fam83e,11,9,8,8
Fam83f,58,51,34,47
Fam83g,69,63,69,54
Fam83h,46,68,66,35
Fam89a,63,60,48,54
Fam89b,327,418,297,237
Fam8a1,1057,1287,1075,1145
Fam90a1a,0,1,0,0
Fam90a1b,4,2,2,3
Fam90a1b.1,6,9,10,10
Fam91a1,1683,1904,1705,1735
Fam92a,2325,2713,1982,2311
Fam92b,15,12,8,15
Fam98a,1524,1984,1656,1731
Fam98b,985,1160,803,1013
Fam98c,665,854,619,633
Fan1,851,1011,975,931
Fanca,148,183,204,184
Fancb,102,201,156,234
Fancc,2357,2361,2365,2060
Fancd2,256,284,393,355
Fancd2os,8,3,5,4
Fance,1597,1366,1599,1415
Fancf,37,115,54,37
Fancg,333,389,350,305
Fanci,61,26,56,39
Fancl,1944,1578,1801,1648
Fancm,1435,1520,1174,1099
Fank1,527,520,693,639
Fap,430,624,549,522
Far1,4652,6334,4410,4870
Far1os,2644,2601,2436,2712
Far2,3310,4058,3751,3620
Far2os1,528,588,430,601
Far2os2,283,281,299,271
Farp1,20350,17138,19333,14248
Farp2,2451,2282,2324,2107
Fars2,9652,9107,9143,8773
Farsa,2179,2027,2212,1853
Farsb,3444,3827,3776,3561
Fas,107,98,143,90
Fasl,15,20,17,21
Fasn,663,540,665,549
Fastk,1669,1716,1672,1534
Fastkd1,722,858,743,708
Fastkd2,1009,1075,817,975
Fastkd3,241,273,214,256
Fastkd5,11,44,30,32
Fat1,2479,2069,1245,1499
Fat2,11,833,49,13
Fat3,29798,29073,23796,25251
Fat4,1471,1612,1505,1080
Fate1,31,39,29,39
Fau,450,693,495,492
Faxc,2749,2990,2666,2680
Fbf1,1980,2062,2049,1762
Fbh1,2293,2551,2309,2287
Fbl,1996,1644,1617,1626
Fblim1,102,76,160,110
Fbll1,49,81,67,39
Fbln1,109,88,108,81
Fbln2,605,715,836,621
Fbln5,63,95,69,43
Fbln7,21,26,24,22
Fbn1,1188,1574,1682,1486
Fbn2,2379,1258,1720,1273
Fbp1,14,8,18,8
Fbp2,1,0,2,1
Fbrs,1769,1714,1673,1397
Fbrsl1,5440,4818,5092,3994
Fbxl12,1847,1926,1729,1741
Fbxl12os,811,829,666,727
Fbxl13,87,88,94,104
Fbxl14,114,111,79,50
Fbxl15,640,823,636,853
Fbxl16,4031,3963,3631,3642
Fbxl17,22434,23470,20087,18994
Fbxl18,1009,1019,1052,890
Fbxl19,1798,1628,1687,1405
Fbxl2,7070,7854,6917,6665
Fbxl20,8722,8253,8805,6957
Fbxl21,184,246,144,223
Fbxl22,73,106,66,71
Fbxl3,1707,2591,2028,2019
Fbxl4,1457,1651,1634,1671
Fbxl5,4542,6377,4390,4713
Fbxl6,971,972,901,798
Fbxl7,2089,2201,2594,2093
Fbxl8,77,106,99,110
Fbxo10,2809,3295,2853,3382
Fbxo11,10967,9396,9571,8512
Fbxo15,25,21,18,25
Fbxo16,1142,1249,1326,1236
Fbxo17,240,284,244,232
Fbxo2,224,314,305,174
Fbxo21,3191,3310,3189,3038
Fbxo22,881,1111,877,834
Fbxo24,49,58,51,60
Fbxo25,1887,1729,1736,1629
Fbxo27,407,526,331,302
Fbxo28,2530,2475,2227,2222
Fbxo3,2785,3594,2909,2857
Fbxo30,398,343,382,313
Fbxo31,1543,1792,1694,1391
Fbxo32,769,607,717,750
Fbxo33,1808,2019,1725,1960
Fbxo34,4533,4964,4119,4369
Fbxo36,1771,1780,1625,1604
Fbxo38,3243,3816,3224,3486
Fbxo39,1,0,0,0
Fbxo4,695,709,603,698
Fbxo40,2,12,8,6
Fbxo41,3794,4071,3882,3427
Fbxo42,4560,3907,4187,3408
Fbxo43,10,18,20,23
Fbxo44,2062,2198,1972,1815
Fbxo45,918,910,825,876
Fbxo46,661,549,538,505
Fbxo47,152,149,109,130
Fbxo48,8,15,8,6
Fbxo5,92,109,133,79
Fbxo6,205,234,194,153
Fbxo7,1310,1525,1437,1418
Fbxo8,2462,2761,1943,2130
Fbxo9,1576,1757,1462,1355
Fbxw10,152,184,156,123
Fbxw11,5623,5632,5328,4408
Fbxw13,0,2,0,2
Fbxw14,0,1,0,0
Fbxw15,204,129,211,142
Fbxw16,0,0,0,0
Fbxw17,743,891,838,912
Fbxw18,2,2,1,3
Fbxw19,0,0,1,0
Fbxw2,3301,3223,2938,2915
Fbxw20,1,0,0,0
Fbxw21,5,2,0,1
Fbxw22,2,0,3,0
Fbxw24,1,1,3,2
Fbxw25,2,5,3,4
Fbxw26,0,2,2,3
Fbxw27,6,7,17,13
Fbxw28,0,0,0,0
Fbxw4,5336,5456,5629,4812
Fbxw5,1210,1333,1133,1019
Fbxw7,7449,9352,6751,7035
Fbxw8,3459,3314,3687,2882
Fbxw9,798,872,811,720
Fcamr,0,0,1,1
Fcer1a,0,0,0,0
Fcer1g,84,80,159,99
Fcer2a,137,112,139,152
Fcf1,1195,1234,1082,1210
Fcgbp,4,4,5,5
Fcgr1,33,18,49,52
Fcgr2b,49,33,111,64
Fcgr3,56,46,116,84
Fcgr4,9,1,2,5
Fcgrt,235,261,251,285
Fcho1,2507,2549,2444,2234
Fcho2,8540,8308,8634,7368
Fchsd1,183,176,188,205
Fchsd2,11932,9510,10451,9820
Fcmr,1,2,5,0
Fcna,12,7,11,13
Fcnaos,63,90,77,90
Fcnb,5,9,12,7
Fcor,237,349,228,400
Fcrl1,13,4,21,11
Fcrl5,11,4,6,1
Fcrl6,0,2,1,2
Fcrla,6,5,11,21
Fcrlb,10,11,12,9
Fcrls,180,115,227,115
Fcsk,1049,1207,987,922
Fdft1,2468,2528,3040,2374
Fdps,1050,1034,1255,1047
Fdx1,249,468,293,327
Fdx2,537,757,604,616
Fdxacb1,249,272,235,261
Fdxr,1193,1335,1179,1053
Fech,1707,2169,1923,1913
Fem1a,523,484,406,395
Fem1b,1540,1523,1512,1464
Fem1c,1258,1277,1150,1167
Fen1,18,38,53,38
Fendrr,81,52,90,75
Fer,8314,8691,8508,7986
Fer1l4,10,6,5,8
Fer1l5,25,14,20,22
Fer1l6,52,38,39,27
Ferd3l,0,0,0,0
Fermt1,86,378,241,323
Fermt2,6951,5763,5732,5216
Fermt3,358,189,429,288
Fes,94,49,164,120
Fetub,0,2,3,1
Fev,0,1,0,0
Fez1,4266,4389,3776,3849
Fez2,861,1205,1200,1097
Fezf1,0,0,0,1
Fezf2,347,482,518,312
Ffar1,3,0,1,2
Ffar2,3,0,2,1
Ffar3,0,0,1,0
Ffar4,10,10,23,5
Fga,1,0,0,0
Fgb,0,0,0,1
Fgd1,1426,1374,1383,1181
Fgd2,455,238,636,391
Fgd3,428,354,514,376
Fgd4,7054,6790,6352,6073
Fgd5,428,342,435,413
Fgd6,1470,917,1208,921
Fgf1,2212,2262,1898,1458
Fgf10,1270,689,591,750
Fgf11,314,346,276,263
Fgf12,76882,73729,63270,57422
Fgf13,17012,10951,11915,10562
Fgf14,131114,155436,120150,114539
Fgf15,0,0,0,0
Fgf16,84,10,7,9
Fgf17,9,18,8,13
Fgf18,47,79,56,46
Fgf2,205,213,257,214
Fgf20,20,60,27,21
Fgf21,0,0,0,0
Fgf22,280,361,266,280
Fgf23,24,48,29,43
Fgf2os,59,67,58,52
Fgf3,3,6,2,7
Fgf4,1,2,1,0
Fgf5,156,267,255,242
Fgf6,2,0,0,0
Fgf7,80,68,76,50
Fgf8,0,1,2,0
Fgf9,1031,1042,726,818
Fgfbp1,9,4,3,5
Fgfbp3,220,537,346,372
Fgfr1,2537,2237,2015,1588
Fgfr1op,1684,2012,1646,1624
Fgfr1op2,2794,3206,2625,2604
Fgfr2,24728,21689,21099,19183
Fgfr3,1413,894,1214,944
Fgfr4,26,10,14,7
Fgfrl1,145,123,165,114
Fgg,1,1,0,0
Fggy,2741,3336,3733,3180
Fgl1,3,8,6,9
Fgl2,2,6,3,2
Fgr,8,8,59,47
Fh1,565,827,581,658
Fhad1,456,482,521,431
Fhad1os1,0,2,1,0
Fhad1os2,66,72,87,93
Fhdc1,304,333,242,254
Fhit,8302,8184,9374,8948
Fhitos,227,257,237,205
Fhl1,2207,2121,1890,1739
Fhl2,2276,2980,2570,2405
Fhl3,19,14,32,21
Fhl4,17,41,38,46
Fhl5,26,31,40,35
Fhod1,185,135,171,108
Fhod3,9881,12507,10768,8908
Fibcd1,141,72,160,64
Fibin,6,46,30,3
Fibp,1790,1735,1558,1473
Ficd,38,33,75,38
Fig4,1911,2050,2044,1995
Figla,7,7,12,6
Fign,2212,2571,2172,1958
Fignl1,8,3,15,14
Fignl2,74,97,84,67
Filip1,1721,1506,1414,2174
Filip1l,3151,1740,1580,1475
Fip1l1,4598,4910,4739,4174
Firre,4508,4277,4231,3969
Fis1,1294,1527,1265,1225
Fitm1,17,9,5,6
Fitm2,312,354,300,323
Fiz1,843,690,730,666
Fjx1,822,670,424,482
Fkbp10,110,119,129,108
Fkbp11,48,49,45,32
Fkbp14,238,357,286,284
Fkbp15,2795,2710,2870,2532
Fkbp1a,3418,3314,3103,2859
Fkbp1b,80,197,159,100
Fkbp2,1277,1434,1158,1262
Fkbp3,494,774,690,523
Fkbp4,1061,1028,930,823
Fkbp5,2035,2296,2333,1771
Fkbp6,4,7,7,12
Fkbp7,276,290,236,242
Fkbp8,1876,2142,1916,1929
Fkbp9,392,339,481,436
Fkbpl,44,130,56,107
Fkrp,185,433,316,218
Fktn,3392,3730,3033,3520
Flacc1,58,64,50,80
Flad1,817,756,736,806
Flcn,1171,1246,1162,909
Flg,1,0,1,0
Flg2,0,0,0,1
Fli1,1359,669,1732,1329
Flicr,14,11,15,11
Flii,1765,1989,1805,1660
Flna,1277,1378,1217,1249
Flnb,7957,8779,8947,7398
Flnc,15,11,26,20
Flot1,1328,1615,1627,1339
Flot2,2617,2645,2784,2119
Flrt1,2399,2165,1945,1728
Flrt2,7814,11049,8849,9117
Flrt3,3198,3469,2726,3663
Flt1,5343,3199,4518,4561
Flt3,1374,2162,1473,1092
Flt3l,327,342,277,373
Flt4,63,49,65,71
Flvcr1,2160,2368,2117,2038
Flvcr2,176,112,171,209
Flywch1,3206,3743,3366,2943
Flywch2,223,296,209,241
Fmc1,402,590,321,393
Fmn1,5117,7660,8472,6143
Fmn2,16743,16928,15096,13522
Fmnl1,1700,2068,1827,1441
Fmnl2,15485,16018,16673,12176
Fmnl3,989,485,871,759
Fmo1,307,194,250,226
Fmo2,62,51,89,93
Fmo3,5,4,1,2
Fmo4,13,6,11,9
Fmo5,132,124,157,141
Fmo6,0,0,0,1
Fmo9,2,0,0,0
Fmod,24,36,3,8
Fmr1,3223,3293,2783,2818
Fmr1nb,9,11,6,7
Fn1,644,868,921,820
Fn3k,1059,1368,965,1185
Fn3krp,316,317,279,282
Fnbp1,15788,16854,19508,12929
Fnbp1l,9833,11635,8503,9237
Fnbp4,5240,5175,4822,4647
Fnd3c2,6,8,6,4
Fndc1,970,699,862,1048
Fndc10,77,200,141,32
Fndc11,0,3,0,3
Fndc3a,6657,6099,5291,5699
Fndc3b,5519,4527,4699,5204
Fndc3c1,8,6,6,1
Fndc4,1570,1650,1379,1074
Fndc5,761,680,555,551
Fndc7,3,8,1,11
Fndc8,254,257,221,226
Fndc9,6186,7002,5881,5624
Fnip1,7203,7164,6757,6129
Fnip2,3826,3978,4670,3660
Fnta,1748,1978,1765,1710
Fntb,3182,3374,3209,3119
Focad,10097,12013,10267,10795
Folh1,987,755,953,756
Folr1,15,13,6,3
Folr2,21,13,14,13
Fopnl,1221,1397,1086,1116
Fos,121,70,182,244
Fosb,58,31,91,139
Fosl1,16,18,36,24
Fosl2,574,345,290,293
Foxa1,0,0,0,0
Foxa2,0,0,0,0
Foxa3,8,17,6,18
Foxb1,13,5,6,0
Foxb2,0,0,0,0
Foxc1,109,77,96,89
Foxc2,4,6,4,1
Foxd1,142,96,100,80
Foxd2,3,0,3,3
Foxd2os,22,12,9,9
Foxd3,5,0,1,1
Foxd4,0,0,0,0
Foxe1,0,0,0,0
Foxe3,0,0,0,0
Foxf1,18,19,19,24
Foxf2,78,61,74,81
Foxg1,1143,1387,1158,1055
Foxh1,0,1,1,0
Foxi1,0,0,0,1
Foxi2,0,0,0,0
Foxi3,0,0,0,0
Foxj1,24,35,29,7
Foxj2,1243,1169,1032,933
Foxj3,4376,4062,3880,3880
Foxk1,2749,2581,2989,2295
Foxk2,4164,3721,3828,3499
Foxl1,0,1,1,1
Foxl2,22,21,32,37
Foxl2os,0,0,7,2
Foxm1,40,23,35,31
Foxn1,3,4,3,4
Foxn2,1834,1792,1723,1520
Foxn3,15865,13313,13483,10844
Foxn4,0,1,1,0
Foxo1,2220,1542,1871,2301
Foxo3,3878,4141,3590,3103
Foxo4,85,89,96,68
Foxo6,275,228,314,254
Foxo6os,23,17,25,20
Foxp1,24099,25278,23995,27267
Foxp2,7354,5121,3304,10396
Foxp3,24,27,24,27
Foxp4,816,790,725,696
Foxq1,213,109,179,210
Foxr1,3,2,0,2
Foxr2,48,48,53,31
Foxred1,1023,1122,1013,937
Foxred2,715,810,656,577
Foxs1,12,6,7,9
Fpgs,552,564,639,517
Fpgt,378,474,321,391
Fpr-rs3,0,0,0,0
Fpr-rs4,0,0,0,0
Fpr-rs6,0,0,0,0
Fpr-rs7,0,0,0,0
Fpr1,25,23,14,22
Fpr2,5,9,2,11
Fpr3,17,43,22,20
Fra10ac1,1658,1957,1545,1583
Fras1,9713,8088,8045,10460
Frat1,32,37,59,79
Frat2,10,13,54,8
Frem1,514,648,952,594
Frem2,603,244,438,525
Frem3,12,27,22,33
Frg1,2221,2491,1806,2033
Frg2f1,257,265,217,253
Frk,78,54,55,51
Frmd3,6233,4555,3490,3326
Frmd4a,65044,64641,69469,57490
Frmd4b,6521,6273,7790,5797
Frmd5,26971,30346,31100,22196
Frmd6,5985,6044,4834,3955
Frmd7,1906,137,79,65
Frmd8,669,584,809,489
Frmd8os,23,27,22,29
Frmpd1,1331,902,1101,845
Frmpd1os,19,17,20,15
Frmpd2,46,37,55,65
Frmpd3,3169,3124,3081,2247
Frmpd4,41160,50853,52527,43865
Frrs1,152,115,332,237
Frrs1l,2918,3235,3517,2914
Frs2,4984,5181,4664,4732
Frs3,510,591,527,430
Frs3os,6,6,6,6
Fry,28113,27686,25890,24373
Fryl,11221,10767,11778,9667
Frzb,202,137,96,118
Fsbp,61,34,28,52
Fscb,0,0,0,0
Fscn1,1399,1155,1315,1134
Fscn2,23,25,26,26
Fscn3,9,3,4,4
Fsd1,1686,1830,1884,1526
Fsd1l,3782,4621,3820,3584
Fsd2,72,60,72,67
Fshb,0,0,0,0
Fshr,199,214,148,157
Fsip1,122,148,147,149
Fsip2,3,9,7,7
Fst,120,124,60,72
Fstl1,2604,2632,2202,2528
Fstl3,136,136,131,129
Fstl4,15701,17942,13490,14471
Fstl5,7296,6979,5728,5949
Ftcd,27,42,42,60
Fth1,1104,1971,1444,1127
Fthl17a,10,9,7,6
Fthl17b,0,0,0,0
Fthl17c,0,0,0,0
Fthl17d,0,0,0,0
Fthl17e,0,0,0,0
Fthl17f,0,0,0,0
Ftl1,325,558,462,413
Ftl1-ps1,621,496,634,444
Ftmt,0,0,0,0
Fto,14259,13746,13847,12466
Ftsj1,939,933,798,699
Ftsj3,373,361,394,286
Ftx,13292,15072,11050,11541
Fubp1,14921,14635,13417,14068
Fubp3,3933,4104,3986,3470
Fuca1,754,905,759,769
Fuca2,396,584,458,498
Fundc1,546,622,532,504
Fundc2,236,191,188,200
Fuom,666,773,474,664
Furin,1413,1322,1313,1045
Fus,14648,16678,14102,13418
Fut1,9,8,6,9
Fut10,470,404,448,408
Fut11,589,650,506,504
Fut2,176,142,143,200
Fut4,3,1,0,2
Fut7,8,13,11,9
Fut8,9791,10965,8946,8746
Fut9,13877,17163,13261,12011
Fuz,584,435,490,523
Fv1,28,40,20,31
Fxn,587,583,512,556
Fxr1,8015,8623,6918,7295
Fxr2,3438,3174,3270,2688
Fxyd1,373,508,305,264
Fxyd2,31,54,18,42
Fxyd3,14,3,9,4
Fxyd4,1029,1054,999,828
Fxyd5,791,978,1039,783
Fxyd6,749,972,1053,839
Fxyd7,603,1097,764,778
Fyb,490,283,1028,628
Fyb2,702,837,664,794
Fyco1,3522,3852,3368,3580
Fyn,11811,9365,9673,8333
Fyttd1,4105,3998,3565,3592
Fzd1,25,66,31,15
Fzd10,8,10,3,2
Fzd10os,86,78,48,63
Fzd2,167,182,122,102
Fzd3,3080,2880,2280,2339
Fzd4,105,117,106,86
Fzd5,18,13,19,16
Fzd6,495,298,401,476
Fzd7,24,64,38,21
Fzd8,22,57,65,21
Fzd9,30,30,34,20
Fzr1,746,699,640,583
G0s2,77,177,89,85
G2e3,1580,1897,1466,1544
G3bp1,2784,2879,2572,2630
G3bp2,2163,2463,2171,2249
G430095P16Rik,38,40,34,41
G530011O06Rik,12,12,7,22
G530012D18Rik,0,1,2,1
G630016G05Rik,1535,984,741,1014
G630018N14Rik,120,65,160,95
G630030J09Rik,15,24,14,25
G630055G22Rik,23,28,28,16
G630064G18Rik,12,9,6,10
G630093K05Rik,26,13,13,30
G6pc,0,0,1,0
G6pc2,3,1,1,0
G6pc3,421,681,583,405
G6pd2,0,0,0,0
G6pdx,493,545,365,383
G730003C15Rik,35,66,36,39
G730013B05Rik,17,6,17,21
G930009F23Rik,7,8,6,11
G930045G22Rik,12,10,4,1
Gaa,1653,1837,1482,1516
Gab1,3482,2398,4044,2314
Gab2,7664,7266,8396,7078
Gab3,1409,1441,1384,1433
Gabarap,715,646,881,707
Gabarapl1,438,684,859,794
Gabarapl2,2906,2723,2036,2285
Gabbr1,8249,7627,7120,6442
Gabbr2,18536,24717,24114,16927
Gabpa,1139,1139,877,897
Gabpb1,1665,1861,1464,1384
Gabpb2,2957,2665,2437,2322
Gabra1,4279,6356,4998,5177
Gabra2,14191,12608,11489,12211
Gabra3,4024,4413,4367,4396
Gabra4,5726,5869,5446,5500
Gabra5,3932,3138,2818,2394
Gabra6,0,1434,2,1
Gabrb1,39889,42072,42631,37672
Gabrb2,14583,21260,15046,14950
Gabrb3,43589,37614,32453,32799
Gabrd,1723,1915,1160,1633
Gabre,5,12,4,10
Gabrg1,1368,1110,783,1180
Gabrg2,6844,8647,5943,6463
Gabrg3,33335,33358,31616,37012
Gabrp,0,0,3,0
Gabrq,4,38,9,10
Gabrr1,8,12,10,13
Gabrr2,219,128,145,83
Gabrr3,7,10,10,9
Gad1,8870,2852,2374,3131
Gad1os,509,237,168,362
Gad2,5289,3150,2662,4901
Gadd45a,25,73,41,34
Gadd45b,125,276,244,282
Gadd45g,212,324,366,420
Gadd45gip1,79,151,157,40
Gadl1,142,178,156,129
Gak,3894,4003,3909,3270
Gal,5,9,1,0
Gal3st1,786,795,1057,753
Gal3st2,1,4,2,3
Gal3st2b,0,0,1,0
Gal3st2c,3,2,1,0
Gal3st3,821,886,911,895
Gal3st4,368,376,347,352
Galc,2841,2656,2449,2494
Gale,480,450,441,331
Galk1,402,460,395,492
Galk2,2168,2373,2457,2328
Galm,137,147,164,171
Galns,928,1081,1096,879
Galnt1,6301,6779,5625,6261
Galnt10,2064,1923,2050,1650
Galnt11,4309,5287,3766,4429
Galnt12,244,249,236,259
Galnt13,17974,22140,14749,19786
Galnt14,4037,4293,4790,3958
Galnt15,46,114,38,41
Galnt16,5443,4723,5553,4148
Galnt17,11684,15408,15467,11920
Galnt18,12991,13640,14368,13154
Galnt2,3099,3207,3131,2698
Galnt3,483,508,809,524
Galnt4,43,50,25,37
Galnt5,147,163,187,172
Galnt6,328,298,471,288
Galnt6os,11,6,20,9
Galnt7,4147,5033,4597,3414
Galnt9,3786,4808,5065,2666
Galntl5,3,2,4,5
Galntl6,79298,68284,66756,52462
Galp,5,2,0,3
Galr1,33,31,24,24
Galr2,1,1,0,0
Galr3,2,3,3,3
Galt,740,877,873,728
Gamt,59,91,52,56
Gan,1433,1397,1516,1274
Ganab,1805,1872,1658,1663
Ganc,1053,1132,1194,1139
Gap43,4504,6439,4476,4958
Gapdh,479,966,877,868
Gapdhs,836,958,787,969
Gapt,2,0,0,1
Gapvd1,9342,9242,9121,7777
Gar1,357,444,331,342
Garem1,9299,5857,6154,5134
Garem2,87,89,88,56
Garnl3,14062,16505,16448,12439
Gars,2150,2532,2028,2007
Gart,1305,1357,1326,1289
Gas1,99,132,98,84
Gas2,2249,3197,2371,2339
Gas2l1,1179,1402,1052,1039
Gas2l2,18,19,26,27
Gas2l3,177,280,289,274
Gas5,3820,5507,4685,5374
Gas6,2328,3029,2633,2511
Gas7,8378,10350,11951,9578
Gas8,1459,1528,1455,1411
Gask1a,172,154,196,153
Gask1b,215,250,164,183
Gast,0,3,0,1
Gata1,6,5,7,5
Gata2,104,76,108,99
Gata3,107,109,38,1
Gata4,8,14,8,4
Gata5,0,0,0,0
Gata5os,0,0,0,0
Gata6,0,0,0,5
Gatad1,1376,1708,1293,1539
Gatad2a,1415,1336,1296,1111
Gatad2b,9388,8483,8545,7555
Gatb,1137,1174,1218,1384
Gatc,207,265,233,236
Gatd1,321,462,280,365
Gatd3a,351,462,318,315
Gatm,1829,1687,2523,1766
Gba,329,411,377,292
Gba2,1925,2105,1865,1797
Gbe1,1855,1533,1364,1446
Gbf1,11442,10310,10811,9157
Gbgt1,15,15,33,20
Gbp10,2,0,2,1
Gbp2,21,19,29,34
Gbp2b,0,0,0,2
Gbp3,51,37,78,87
Gbp4,36,22,44,57
Gbp5,57,53,80,87
Gbp6,29,18,37,30
Gbp7,136,92,161,133
Gbp8,39,25,50,39
Gbp9,42,37,43,35
Gbx1,38,24,24,79
Gbx2,2,1,0,0
Gc,6,5,3,7
Gca,1205,1353,1137,1226
Gcat,60,45,69,69
Gcc1,123,231,174,193
Gcc2,5385,5988,4632,4954
Gcdh,747,802,806,613
Gcfc2,1560,1798,1647,1776
Gcg,3,1,5,2
Gcgr,4,8,9,4
Gch1,109,76,101,102
Gchfr,10,8,8,11
Gck,43,88,49,93
Gckr,26,32,16,19
Gclc,3309,3250,2953,3006
Gclm,1520,1848,1597,1609
Gcm1,0,3,4,1
Gcm2,2,1,0,0
Gcn1,3264,3086,3436,2764
Gcnt1,367,69,79,49
Gcnt2,1511,1381,1733,1557
Gcnt3,1,5,0,4
Gcnt4,347,250,292,228
Gcnt7,1334,1268,1301,1500
Gcsam,1,2,1,1
Gcsh,147,160,189,163
Gda,6194,5005,4701,5441
Gdap1,2539,3332,2393,2545
Gdap1l1,711,875,756,724
Gdap2,1616,1720,1639,1482
Gde1,1844,2030,1774,1580
Gdf1,0,0,0,0
Gdf10,11,76,23,13
Gdf11,302,184,230,176
Gdf15,5,7,10,2
Gdf2,0,0,0,0
Gdf3,0,0,0,1
Gdf5,0,4,4,1
Gdf6,6,2,3,2
Gdf7,3,2,5,5
Gdf9,62,87,68,75
Gdi1,2105,2449,2052,1930
Gdi2,3833,3886,3658,3665
Gdnf,44,16,9,58
Gdpd1,4227,3864,3588,3186
Gdpd2,236,241,227,188
Gdpd3,670,668,639,583
Gdpd4,44,17,11,22
Gdpd5,3092,1709,1730,1858
Gdpgp1,250,370,373,339
Gem,162,82,73,154
Gemin2,700,801,702,720
Gemin4,10,32,4,9
Gemin5,1398,1324,1306,1251
Gemin6,114,173,125,165
Gemin7,324,519,416,317
Gemin8,616,645,598,687
Gen1,113,132,130,107
Get4,824,872,701,848
Gfap,519,547,602,553
Gfer,511,631,432,532
Gfi1,2,0,2,0
Gfi1b,0,0,0,0
Gfm1,1292,1428,1206,1254
Gfm2,3681,3878,3875,3635
Gfod1,8075,8467,8000,5285
Gfod2,2549,2567,2523,1980
Gfpt1,3357,3387,3080,2869
Gfpt2,815,584,532,767
Gfra1,2242,1727,2146,2401
Gfra2,1897,1830,1628,1409
Gfra3,1,2,10,5
Gfra4,441,584,418,508
Gfral,19,21,21,11
Gfy,9,10,10,11
Gga1,1963,2121,1855,1618
Gga2,1962,2204,2070,2012
Gga3,2389,2543,2153,2124
Ggact,3721,4139,3383,3543
Ggct,308,358,284,344
Ggcx,850,920,807,868
Ggh,360,437,357,435
Ggn,5,5,6,7
Ggnbp1,469,374,436,363
Ggnbp2,7476,7851,7928,7256
Ggps1,3645,4390,3376,3991
Ggt1,43,29,46,31
Ggt5,143,93,164,106
Ggt6,0,2,1,2
Ggt7,4914,5545,4669,4264
Ggta1,334,155,380,310
Gh,0,0,0,0
Ghdc,218,227,193,193
Ghitm,422,345,649,503
Ghr,7263,4812,5242,5585
Ghrh,13,11,4,12
Ghrhr,0,0,0,1
Ghrl,32,31,23,26
Ghsr,1,6,1,3
Gid4,1646,1626,1562,1390
Gid8,437,488,356,410
Gigyf1,3185,2679,2946,2086
Gigyf2,9475,9276,9086,8156
Gimap1,116,75,104,102
Gimap1os,1,3,3,3
Gimap3,1,1,5,1
Gimap4,6,1,4,5
Gimap5,16,9,11,13
Gimap6,97,60,88,72
Gimap7,0,0,1,0
Gimap8,50,25,36,44
Gimap9,14,10,15,18
Gimd1,0,0,1,0
Gin1,1749,1969,1483,1894
Ginm1,955,1069,959,957
Gins1,101,96,162,167
Gins2,171,160,134,120
Gins3,196,145,125,152
Gins4,250,317,225,273
Gip,1,3,1,1
Gipc1,919,945,893,811
Gipc2,476,753,521,734
Gipc3,18,15,21,15
Gipr,319,214,256,162
Git1,974,1068,997,814
Git2,4398,4356,4521,3426
Gja1,1094,1044,806,684
Gja10,1,0,1,3
Gja3,15,9,16,8
Gja4,16,38,23,25
Gja5,45,49,30,49
Gja6,31,36,19,21
Gja8,0,0,1,2
Gjb1,65,89,87,39
Gjb2,29,45,13,10
Gjb3,2,0,2,1
Gjb4,0,0,0,0
Gjb5,0,0,0,0
Gjb6,412,504,357,208
Gjc1,238,207,255,224
Gjc2,84,111,154,82
Gjc3,1333,1643,2050,1271
Gjd2,61,75,46,20
Gjd3,2,5,1,2
Gjd4,3,6,5,1
Gje1,0,5,0,0
Gk,2797,2782,2708,2368
Gk2,0,1,2,3
Gk5,1192,1059,1296,1293
Gkap1,4429,3929,4054,3789
Gkn1,0,0,0,1
Gkn2,0,0,0,0
Gkn3,3,36,21,35
Gla,142,207,179,186
Glb1,2237,2180,2313,1764
Glb1l,675,588,586,633
Glb1l2,48,59,44,70
Glb1l3,14,10,3,8
Glcci1,5295,5441,4536,4799
Glce,2547,2371,2334,2753
Gldc,1331,850,1126,812
Gldn,75,121,112,157
Gldnos,5,18,12,9
Gle1,3410,3114,3053,3081
Glg1,7963,7305,6761,6013
Gli1,121,87,72,65
Gli2,1166,585,869,603
Gli3,3002,1477,2179,2057
Glipr1,117,140,136,115
Glipr1l1,7,9,6,4
Glipr1l2,0,1,0,0
Glipr1l3,10,4,8,6
Glipr2,92,65,57,104
Glis1,823,829,1037,892
Glis2,1283,1163,1091,1051
Glis3,3640,2952,3633,3822
Glmn,4363,4690,3857,4048
Glmp,190,267,196,135
Glo1,702,715,667,624
Glod4,2099,2167,2258,2164
Glod5,51,67,47,50
Glp1r,12,21,25,25
Glp2r,1794,1792,1940,1892
Glra1,272,928,185,98
Glra2,1067,1303,1139,1271
Glra3,1384,1797,1582,1575
Glra4,81,59,46,49
Glrb,6844,7729,6072,6288
Glrp1,27,17,65,54
Glrx,441,593,466,475
Glrx2,1286,1989,1587,1430
Glrx3,1852,2035,1660,1748
Glrx5,303,381,331,347
Gls,14176,18777,14846,14937
Gls2,1956,2131,1665,1231
Glt1d1,3168,3585,3128,3306
Glt28d2,16,20,21,27
Glt6d1,2,4,7,5
Glt8d1,5222,4877,4307,4533
Glt8d2,550,769,795,640
Gltp,185,147,312,219
Gltpd2,0,0,2,0
Glud1,5163,4574,4586,4176
Glul,2793,2519,2468,1844
Glyat,1,6,6,2
Glyatl3,0,0,0,1
Glycam1,11,11,9,13
Glyctk,73,34,57,51
Glyr1,4385,4470,4410,3641
Gm10000,0,0,0,0
Gm10010,258,339,337,359
Gm10024,0,0,0,0
Gm10030,24,6,23,14
Gm10032,8,7,5,5
Gm10037,352,441,308,323
Gm10053,0,2,2,3
Gm10057,0,0,0,0
Gm10058,0,0,0,0
Gm10061,0,0,0,0
Gm10062,26,6,13,3
Gm10067,8,10,3,4
Gm10069,315,338,309,264
Gm10076,11,25,19,35
Gm10096,0,0,0,0
Gm10097,371,270,237,334
Gm10100,0,0,0,0
Gm10101,10,21,19,10
Gm10113,8,7,9,10
Gm10115,3289,2804,2978,2717
Gm10125,4338,4188,3442,3233
Gm10128,0,0,0,0
Gm10130,452,497,361,447
Gm10131,3,2,3,3
Gm10134,30,21,42,32
Gm10135,611,584,586,525
Gm10138,274,368,303,341
Gm10139,0,0,0,0
Gm10142,0,0,0,1
Gm10143,28,39,32,30
Gm10147,0,0,0,0
Gm10153,0,0,0,0
Gm10160,46,37,30,23
Gm10165,47,62,32,55
Gm10181,0,0,0,0
Gm10184,1,2,3,6
Gm10188,1,1,0,0
Gm10190,0,1,0,0
Gm10197,1,0,0,0
Gm10198,0,0,0,0
Gm10203,0,0,1,1
Gm10217,4,1,2,1
Gm10220,12,11,11,4
Gm10226,3,6,3,0
Gm10228,0,0,0,0
Gm10229,0,0,0,0
Gm10230,0,0,0,0
Gm10234,0,0,0,0
Gm10244,45,63,37,35
Gm10248,23,40,41,41
Gm10251,1,0,3,0
Gm10256,0,0,0,0
Gm10260,3,6,6,8
Gm10267,0,0,0,0
Gm10271,22,22,6,20
Gm10272,0,0,0,1
Gm10277,214,172,201,130
Gm10280,60,28,24,20
Gm10282,12,20,11,15
Gm10283,1,6,4,6
Gm10287,68,106,97,86
Gm10300,0,3,2,1
Gm10302,0,0,0,0
Gm10308,155,121,142,86
Gm10309,89,71,71,54
Gm10310,13,1,5,1
Gm10318,0,0,0,0
Gm10320,0,2,0,0
Gm10322,1,2,1,2
Gm10324,0,0,0,2
Gm10334,2,4,7,1
Gm10337,7,4,3,3
Gm10338,0,1,1,1
Gm10339,1,0,0,0
Gm10340,0,1,0,0
Gm10352,0,0,0,0
Gm10353,385,372,317,256
Gm10354,0,0,0,0
Gm10358,0,0,0,1
Gm10360,0,0,0,0
Gm10366,5,6,0,0
Gm10369,11,13,18,7
Gm10371,163,222,160,165
Gm10373,337,399,486,392
Gm10375,0,0,0,0
Gm10376,0,0,0,0
Gm10377,0,0,0,0
Gm10378,0,0,0,0
Gm10382,15,30,20,24
Gm10384,18,12,24,16
Gm10385,9,2,6,8
Gm10389,49,40,41,34
Gm10390,31,14,16,26
Gm10392,3,3,10,3
Gm10398,0,0,3,0
Gm10399,31,43,41,59
Gm10401,15,15,7,8
Gm10406,111,195,126,112
Gm10408,0,0,0,0
Gm10409,0,0,0,0
Gm10413,0,0,0,0
Gm10415,3,3,3,6
Gm10419,3376,3995,3345,3480
Gm10421,157,127,107,174
Gm10424,0,0,0,0
Gm10425,5,5,3,2
Gm10428,0,1,0,0
Gm1043,4719,4884,5191,5138
Gm10432,122,142,149,171
Gm10433,14,18,11,8
Gm10435,0,0,0,1
Gm10436,0,0,0,0
Gm10439,0,0,0,0
Gm10440,19,18,33,27
Gm10441,4,3,2,3
Gm10445,0,5,1,0
Gm10447,0,0,1,1
Gm10451,10,14,3,5
Gm10457,13,23,19,44
Gm10465,1,5,8,0
Gm10466,35,35,22,41
Gm10471,30,22,26,14
Gm10475,231,240,184,206
Gm10479,2,8,1,1
Gm10482,3,4,1,3
Gm10484,295,286,254,218
Gm10486,0,0,0,0
Gm10487,0,2,0,1
Gm10488,0,0,0,0
Gm10490,3,3,4,6
Gm10491,0,0,0,0
Gm10501,424,576,390,478
Gm10503,11,4,7,8
Gm10505,0,1,2,2
Gm10516,1507,1714,1524,1592
Gm10518,2,0,0,2
Gm10521,5,3,9,5
Gm10522,0,0,1,0
Gm10530,11,10,14,12
Gm10532,62,42,53,40
Gm10535,6,1,2,11
Gm10538,55,51,53,32
Gm10542,0,0,0,0
Gm10544,683,718,626,625
Gm10545,121,165,123,132
Gm10549,14,19,8,27
Gm10550,836,862,688,702
Gm10552,11,4,15,9
Gm10553,0,0,0,0
Gm10556,4,2,3,1
Gm10558,534,486,341,429
Gm10561,445,185,352,318
Gm10563,1089,1009,997,1030
Gm10564,15,14,14,11
Gm10570,94,187,135,121
Gm10575,69,62,80,68
Gm10578,14,31,9,1
Gm10584,2,3,1,2
Gm10591,0,0,0,0
Gm10602,27,27,22,38
Gm10603,111,125,104,76
Gm10605,146,157,106,115
Gm10610,3,15,2,7
Gm10612,0,0,0,1
Gm10614,18,19,16,11
Gm10619,2,0,1,1
Gm10629,627,478,664,598
Gm10631,42,38,36,21
Gm10634,57,58,62,77
Gm10635,85,161,532,100
Gm10636,1,7,3,2
Gm10637,5,7,0,4
Gm10638,77,98,85,109
Gm10639,2,0,4,2
Gm10640,7,9,7,9
Gm10642,1,11,22,6
Gm10643,19,18,23,8
Gm10644,396,335,396,440
Gm10646,0,0,2,5
Gm10648,32,28,19,26
Gm10649,2413,2724,2002,2032
Gm10655,0,1,1,0
Gm10658,1352,1375,1229,1243
Gm10660,2,5,3,5
Gm10662,0,0,0,0
Gm10663,0,0,0,1
Gm10665,0,0,0,0
Gm10666,0,0,0,0
Gm10668,0,0,0,0
Gm10670,0,0,0,0
Gm10680,0,0,0,0
Gm10681,614,619,623,600
Gm10684,49,66,48,64
Gm10685,3,2,2,4
Gm10687,56,44,76,48
Gm10688,2,2,2,0
Gm10696,0,0,0,0
Gm10697,0,0,0,0
Gm10701,461,378,450,423
Gm10706,0,1,0,1
Gm10710,17,12,7,23
Gm10714,7,10,7,51
Gm10715,0,0,0,0
Gm10717,2,2,1,1
Gm10718,1,0,0,0
Gm10719,1,1,0,0
Gm10720,0,0,1,0
Gm10721,0,2,1,1
Gm10722,0,0,0,2
Gm10732,4,3,3,2
Gm10734,4,5,2,1
Gm10739,7,11,14,12
Gm10745,1,2,1,0
Gm10747,0,0,1,0
Gm10754,3533,3507,3308,7028
Gm10762,96,147,105,151
Gm10767,223,278,197,248
Gm10770,0,0,0,0
Gm10772,0,0,0,0
Gm10775,11,22,12,20
Gm10778,131,128,141,133
Gm10782,0,0,2,0
Gm10785,3585,3658,3264,3725
Gm10787,0,6,3,5
Gm10790,427,206,631,499
Gm10791,318,331,274,279
Gm10799,0,0,0,0
Gm10800,10,4,8,3
Gm10801,5,1,1,4
Gm10802,0,0,1,3
Gm10804,4,4,6,2
Gm10814,109,151,132,168
Gm10817,6,20,16,19
Gm10823,20,6,7,6
Gm10824,0,2,0,0
Gm10825,1,1,1,0
Gm10827,565,767,641,599
Gm10830,1,0,0,0
Gm10832,2,0,8,6
Gm10837,10,80,16,15
Gm10845,6,6,0,1
Gm10847,41,55,45,32
Gm10848,1234,1067,923,1218
Gm10851,287,272,196,184
Gm10855,362,428,330,354
Gm10856,18,13,18,14
Gm10857,0,4,1,2
Gm10860,0,1,1,0
Gm10862,941,1050,1140,881
Gm10863,526,382,912,506
Gm10865,53,82,62,71
Gm10873,2,5,7,4
Gm10874,18,14,16,13
Gm10876,0,7,4,3
Gm10931,44,45,52,41
Gm10941,29,61,51,50
Gm10944,0,1,0,2
Gm10945,20,12,13,16
Gm10959,0,0,0,0
Gm10961,6,6,12,12
Gm10964,8,13,7,5
Gm10974,55,17,42,33
Gm10985,0,0,0,0
Gm10999,9,8,8,9
Gm11007,0,0,0,0
Gm11008,10,13,13,15
Gm11009,0,0,0,0
Gm11011,1,3,1,1
Gm11020,0,0,0,0
Gm11027,17,9,11,12
Gm11032,2,1,2,2
Gm11033,20,24,37,22
Gm11034,0,0,0,0
Gm11037,0,0,0,0
Gm11042,0,0,0,0
Gm11060,0,0,0,1
Gm11077,16,19,12,9
Gm11084,365,404,337,465
Gm11096,1,0,0,0
Gm11099,2483,2726,2809,3030
Gm1110,3,3,4,7
Gm11100,103,138,85,138
Gm11110,105,152,96,106
Gm11111,0,0,0,0
Gm11114,0,0,0,0
Gm11115,0,0,0,0
Gm11116,0,0,0,0
Gm11127,0,0,0,1
Gm1113,0,4,3,2
Gm11131,7,5,4,4
Gm11146,364,354,369,377
Gm11149,4292,3799,3901,4144
Gm11168,1,0,1,0
Gm11172,0,0,0,0
Gm11175,4,13,2,9
Gm11184,21,31,26,19
Gm11186,41,28,25,23
Gm11190,24,16,8,21
Gm11192,0,0,0,0
Gm11195,0,0,0,0
Gm11201,135,129,133,103
Gm11205,1,1,1,1
Gm11209,16,9,16,12
Gm11210,37,28,22,23
Gm11211,0,0,2,1
Gm11213,0,0,2,3
Gm11214,0,0,0,0
Gm11216,0,0,0,0
Gm11217,1,2,7,5
Gm11228,3,4,5,3
Gm1123,43,36,36,34
Gm11232,0,0,2,6
Gm11234,2,2,2,3
Gm11236,0,0,0,0
Gm11237,0,0,0,0
Gm11238,0,0,0,0
Gm11239,0,0,0,0
Gm11240,0,1,1,1
Gm11250,817,823,669,731
Gm11261,4,13,6,7
Gm11264,5,11,12,5
Gm11266,901,705,643,582
Gm11267,4,15,6,6
Gm11269,0,0,0,0
Gm11273,5,5,1,2
Gm11274,0,3,2,2
Gm11280,2,7,7,3
Gm11290,221,365,171,180
Gm11292,0,1,0,0
Gm11300,0,0,0,0
Gm11309,20,40,9,8
Gm11314,0,0,0,0
Gm11335,9,4,4,7
Gm11337,1,0,3,0
Gm11339,38,2,0,2
Gm11342,18,8,11,8
Gm11351,8,21,14,15
Gm11361,2,15,4,3
Gm11364,0,0,0,0
Gm11365,5,7,9,9
Gm11368,19,10,38,37
Gm11373,0,1,0,2
Gm11376,5,3,13,6
Gm11377,7,5,9,2
Gm11378,1,2,1,3
Gm11379,8,7,6,8
Gm11381,0,0,0,0
Gm11399,4,6,5,4
Gm1140,0,0,0,0
Gm1141,41,61,47,35
Gm11412,1,1,0,2
Gm11413,19,20,16,25
Gm11415,1,0,0,0
Gm11417,1975,1939,1729,1668
Gm11418,3448,3527,3098,3738
Gm11419,7,15,10,10
Gm11423,58,70,56,39
Gm11426,0,0,0,0
Gm11431,0,3,1,0
Gm11437,818,852,891,727
Gm11444,7,6,1,7
Gm11454,14,16,7,2
Gm11455,4,0,1,3
Gm11457,599,532,573,528
Gm11464,33,57,35,37
Gm11465,93,92,87,78
Gm11466,0,0,0,0
Gm11467,0,0,0,0
Gm11468,9,9,8,8
Gm11476,69,33,79,66
Gm11479,3,4,3,0
Gm11482,3,4,3,1
Gm11487,0,0,0,0
Gm11491,95,94,86,99
Gm11493,1,2,3,0
Gm11494,0,0,0,0
Gm11496,4,5,5,5
Gm11497,1,0,0,1
Gm11505,1,0,2,0
Gm11508,1556,1757,1551,1206
Gm11513,16,16,8,15
Gm11515,0,0,0,0
Gm11520,298,356,361,381
Gm11521,15,12,14,15
Gm11523,9,6,5,3
Gm11525,20,33,10,18
Gm11527,1,6,2,2
Gm11528,0,0,0,0
Gm11529,3,10,6,5
Gm11532,20,29,30,29
Gm11534,5,1,0,2
Gm11535,0,0,0,0
Gm11536,0,7,8,1
Gm11537,3,3,3,5
Gm11541,17,25,32,32
Gm11542,84,106,99,85
Gm11548,2,2,0,0
Gm11549,156,332,158,244
Gm11551,2,1,1,0
Gm11554,0,0,0,0
Gm11555,0,0,0,0
Gm11559,0,0,0,0
Gm11562,0,0,0,0
Gm11563,0,0,0,0
Gm11564,0,0,0,0
Gm11565,0,0,0,0
Gm11567,0,0,0,0
Gm11568,0,0,0,0
Gm11569,0,0,0,0
Gm11571,2,1,2,1
Gm11574,40,54,32,58
Gm11579,1,0,1,1
Gm11583,10,7,12,7
Gm11586,0,0,0,0
Gm11587,2,2,2,3
Gm11588,11,20,14,13
Gm11592,90,90,94,77
Gm11595,0,0,0,0
Gm11596,0,0,0,0
Gm11608,4,8,3,8
Gm11611,7,9,8,0
Gm11613,1389,1438,1599,1553
Gm11614,47,19,36,25
Gm11615,2,0,0,1
Gm11626,2,1,2,1
Gm11627,57,42,43,44
Gm11629,79,102,108,98
Gm11630,19,26,31,30
Gm11632,0,0,0,0
Gm11634,16,7,6,19
Gm11635,0,0,1,0
Gm11636,3,2,0,1
Gm11638,365,458,439,441
Gm11639,342,605,1169,808
Gm11640,0,0,1,0
Gm11642,1,2,2,1
Gm11646,7,12,7,12
Gm11650,84,60,83,106
Gm11651,7,23,12,23
Gm11655,610,392,335,371
Gm11656,0,0,0,0
Gm11657,1,0,0,1
Gm11659,2654,2670,2680,2308
Gm11665,0,0,1,2
Gm11670,164,319,249,249
Gm11672,57,43,53,28
Gm11674,0,3,1,1
Gm11680,44,36,52,48
Gm11681,18,11,17,8
Gm11682,3,3,1,1
Gm11683,2,3,3,2
Gm11684,1,0,1,2
Gm11685,23,29,34,22
Gm11690,4,5,0,5
Gm11691,0,0,0,0
Gm11695,0,0,0,0
Gm11696,145,129,165,129
Gm11697,11,20,14,21
Gm11706,2,4,3,8
Gm11707,0,0,1,0
Gm11712,28,19,15,11
Gm11713,1035,688,780,678
Gm11714,610,390,388,429
Gm11715,75,76,61,64
Gm11716,37,23,39,38
Gm11722,7,7,11,10
Gm11723,0,0,0,0
Gm11724,0,0,0,0
Gm11725,58,72,69,77
Gm11728,34,34,41,63
Gm11729,0,0,3,3
Gm11730,4,6,0,3
Gm11731,1,0,2,1
Gm11732,18,24,18,31
Gm11733,5,6,2,0
Gm11734,65,64,64,39
Gm11738,23,28,23,10
Gm11739,144,169,108,122
Gm11747,6,7,6,2
Gm11748,1,3,4,3
Gm11749,13,13,15,4
Gm11750,90,74,75,73
Gm11751,33,14,18,18
Gm11752,1,1,1,2
Gm11753,0,0,1,3
Gm11754,0,3,1,1
Gm11755,2,5,3,6
Gm11756,0,0,0,0
Gm11757,0,0,0,0
Gm11758,0,0,0,0
Gm11762,35,55,34,30
Gm11766,30,31,25,26
Gm11767,244,245,190,307
Gm11769,32,36,30,36
Gm11770,4,2,5,1
Gm11772,34,28,31,13
Gm11773,158,104,112,126
Gm11775,2,2,5,2
Gm11782,0,0,0,0
Gm11788,1,0,2,1
Gm11789,0,0,0,0
Gm11791,0,0,0,1
Gm11795,0,1,3,0
Gm11802,303,274,338,352
Gm11808,5,11,2,4
Gm11815,6,6,3,5
Gm11816,52,48,19,34
Gm11817,1221,1281,883,1157
Gm11820,13,20,14,17
Gm11823,22,19,19,17
Gm11827,1,7,2,1
Gm11831,86,65,52,64
Gm11832,1,4,0,0
Gm11837,125,91,101,114
Gm11840,8,17,8,7
Gm11842,16,26,18,21
Gm11844,639,693,618,833
Gm11846,6,3,3,4
Gm11851,6,2,0,1
Gm11861,23,44,29,25
Gm11867,198,297,191,184
Gm11872,34,33,24,15
Gm11884,19,45,28,36
Gm11899,85,81,66,55
Gm11906,1431,1526,1400,1368
Gm11915,6,5,6,4
Gm11916,0,0,0,0
Gm11917,0,0,1,2
Gm11924,17,6,11,18
Gm11934,9,3,7,4
Gm11937,0,0,0,0
Gm11938,0,0,0,0
Gm11939,0,0,0,0
Gm11940,87,89,87,77
Gm11944,1004,886,915,837
Gm11946,7,3,3,4
Gm11947,0,0,0,0
Gm11948,3,2,0,2
Gm11958,0,0,0,0
Gm11959,0,0,0,0
Gm11961,5,6,3,2
Gm11963,51,52,47,43
Gm11967,0,3,2,0
Gm11973,234,272,259,204
Gm11981,1,0,1,5
Gm11983,0,1,0,0
Gm11986,7,7,9,6
Gm11992,6,10,9,11
Gm11998,7,0,9,8
Gm11999,4,0,9,7
Gm12000,1,1,3,0
Gm12002,965,1222,1132,1132
Gm12018,0,1,0,0
Gm12022,5,11,1,0
Gm12023,31,34,6,9
Gm12027,1596,2091,1367,1623
Gm12031,7,11,11,7
Gm12037,1,0,0,0
Gm12043,8,13,12,21
Gm12050,2,3,1,2
Gm12051,27,25,17,35
Gm12052,0,1,3,2
Gm12055,1,0,0,1
Gm12056,0,0,0,1
Gm12059,65,116,74,68
Gm12061,1,0,2,0
Gm12063,7,15,7,9
Gm12064,2760,2327,1901,2098
Gm12065,1,1,0,0
Gm12066,1,10,8,7
Gm12068,457,351,310,552
Gm12069,2,4,3,6
Gm12081,23,28,18,31
Gm12082,9,36,22,11
Gm12088,7,10,7,6
Gm12089,265,237,239,204
Gm12092,65,67,64,63
Gm12100,1,3,2,4
Gm12107,0,1,1,0
Gm12108,64,22,14,39
Gm12111,17,20,17,23
Gm12114,4,2,0,0
Gm12116,83,169,71,81
Gm12117,2,1,0,3
Gm12119,11,13,4,6
Gm12120,135,100,75,69
Gm12121,0,0,0,0
Gm12122,355,362,419,358
Gm12126,19,16,24,21
Gm12127,18,15,13,18
Gm12128,123,104,67,120
Gm12130,66,39,24,38
Gm12132,28,51,31,39
Gm12144,2,7,3,1
Gm12145,68,76,106,66
Gm12146,108,111,145,99
Gm12147,17,31,17,14
Gm12148,0,0,0,0
Gm12150,1,2,3,2
Gm12153,88,100,210,96
Gm12154,0,0,0,0
Gm12158,50,38,25,21
Gm12159,2,3,4,1
Gm12160,1,2,2,0
Gm12162,1,0,1,7
Gm12166,45,43,46,31
Gm12167,1,1,1,2
Gm12169,0,2,0,3
Gm12171,2,1,2,4
Gm12184,32,20,14,12
Gm12185,46,30,122,66
Gm12195,11,18,11,13
Gm12198,51,171,122,114
Gm12199,0,1,0,2
Gm12200,1,3,5,1
Gm12204,2,10,12,14
Gm12205,0,1,2,2
Gm12207,12,12,9,12
Gm12212,15,29,9,29
Gm12214,2,0,0,0
Gm12216,1174,1010,1447,1115
Gm12223,1,1,1,2
Gm12224,412,339,395,370
Gm12227,346,272,317,238
Gm12236,78,285,84,37
Gm12238,0,1,0,1
Gm12239,1789,2264,1393,1405
Gm12243,17,15,21,15
Gm12246,18,27,20,11
Gm12248,74,47,49,43
Gm12249,0,0,0,0
Gm12253,1,0,0,1
Gm12256,1,0,0,1
Gm12257,6,1,6,1
Gm12258,1177,1467,1137,1235
Gm12259,10,10,7,10
Gm12264,54,51,47,49
Gm12265,1,3,0,1
Gm12272,1,6,1,6
Gm12273,0,0,1,0
Gm12278,20,14,26,25
Gm12279,57,98,49,90
Gm12280,2,2,1,2
Gm12289,22,19,11,18
Gm12290,0,3,2,0
Gm12292,2,0,0,0
Gm12295,53,67,56,81
Gm12296,1112,1325,1552,1252
Gm12298,0,1,3,3
Gm12299,0,2,1,5
Gm12301,20,19,19,32
Gm12305,9,4,5,18
Gm12315,0,1,0,0
Gm12316,10,4,13,8
Gm12319,43,32,32,13
Gm12320,3,3,4,3
Gm12324,178,138,257,142
Gm12325,0,0,0,0
Gm12326,38,55,58,51
Gm12333,17,18,12,11
Gm12336,0,0,0,0
Gm12339,114,96,78,257
Gm12343,0,1,0,0
Gm12347,0,0,0,0
Gm12348,0,3,3,2
Gm12349,0,0,0,0
Gm12352,1,0,0,1
Gm12353,3623,3211,2590,2606
Gm12354,0,0,0,0
Gm12356,2,2,2,0
Gm12359,125,108,126,94
Gm12364,1,1,4,1
Gm12367,267,371,296,330
Gm12371,511,772,497,684
Gm12374,13,11,14,14
Gm12381,30,28,26,29
Gm12394,251,236,257,168
Gm12395,16,14,14,8
Gm12404,174,215,167,206
Gm12405,2,3,5,3
Gm12406,6,6,6,0
Gm12408,8,7,12,12
Gm12409,0,3,2,4
Gm12410,0,0,0,0
Gm12414,0,0,0,0
Gm12415,0,0,0,0
Gm12426,18,15,9,7
Gm12434,2,2,1,6
Gm12436,5,3,3,3
Gm12440,1,1,0,2
Gm12446,131,178,155,191
Gm12454,4,13,2,13
Gm12462,3,9,6,4
Gm12472,51,56,45,60
Gm12473,355,356,314,314
Gm12474,10,9,19,5
Gm12478,0,3,3,3
Gm12480,0,0,0,2
Gm12484,0,0,4,2
Gm12493,2,1,2,0
Gm12496,1,3,4,2
Gm12498,0,1,1,1
Gm12500,13,7,7,0
Gm12503,8,7,12,3
Gm12505,0,0,1,0
Gm12506,8,5,7,4
Gm12510,3,3,7,5
Gm12511,20,12,18,13
Gm12514,17,2,11,9
Gm12519,5,5,7,5
Gm12522,47,63,65,57
Gm12523,9,9,6,7
Gm12524,30,21,17,15
Gm12525,4,6,13,4
Gm12526,317,299,282,264
Gm12530,7,5,17,10
Gm12531,87,118,91,132
Gm12532,23,22,16,12
Gm12534,0,0,0,0
Gm12536,301,491,323,333
Gm12542,22,48,39,29
Gm12569,0,1,1,0
Gm12576,40,61,50,73
Gm12580,1,0,0,0
Gm12589,0,2,0,0
Gm12590,0,1,0,0
Gm12592,1500,1276,1288,1239
Gm12594,0,0,0,0
Gm12596,13,8,27,11
Gm12600,8,3,4,15
Gm12602,3,1,2,1
Gm12606,2,0,0,0
Gm12609,12,10,17,9
Gm12610,21,23,30,15
Gm12629,0,0,0,0
Gm12631,51,66,68,65
Gm12637,1,1,0,0
Gm12648,59,85,62,41
Gm12649,23,25,18,20
Gm12655,411,444,377,354
Gm12660,0,0,0,0
Gm12665,42,27,25,33
Gm12666,0,0,0,0
Gm12668,0,0,1,1
Gm12670,0,0,1,1
Gm12676,8,5,10,7
Gm12678,1,9,2,4
Gm12679,20,10,7,11
Gm12681,26,40,26,35
Gm12682,1,3,5,4
Gm12688,9,2,0,0
Gm12689,206,246,236,183
Gm12690,0,0,0,0
Gm12694,16,7,22,21
Gm12695,10,11,2,8
Gm12701,0,5,1,1
Gm12702,0,0,0,0
Gm12703,9,16,16,11
Gm12705,70,94,79,87
Gm12707,1,1,2,1
Gm12708,22,23,34,30
Gm12709,2192,2510,1766,2458
Gm12711,0,0,0,0
Gm12714,2,7,2,5
Gm12718,18,21,16,12
Gm12720,5,2,3,0
Gm12724,32,23,28,24
Gm12728,0,1,0,0
Gm12729,2,0,1,1
Gm12730,0,0,0,1
Gm12735,3,2,2,5
Gm12737,18,13,9,8
Gm12743,1309,1158,1354,952
Gm12744,0,1,2,2
Gm12746,3,0,1,1
Gm12753,1,1,1,0
Gm12756,30,35,34,23
Gm12758,260,292,245,248
Gm12762,37,36,38,35
Gm12763,0,0,0,0
Gm12764,38,54,23,47
Gm12766,10,13,1,11
Gm12781,53,66,53,57
Gm12784,6,10,13,15
Gm12786,32,51,41,25
Gm12789,0,0,0,0
Gm12790,3,5,3,1
Gm12794,0,0,0,0
Gm12796,53,37,76,49
Gm12798,12,23,11,7
Gm128,53,35,45,40
Gm12800,0,0,0,0
Gm12801,0,0,0,0
Gm12802,90,103,74,86
Gm12811,137,111,85,137
Gm12823,3,3,1,2
Gm12827,0,2,2,0
Gm12828,76,77,108,54
Gm12829,4,4,0,1
Gm12830,8,31,6,29
Gm12840,38,23,31,16
Gm12841,56,61,49,55
Gm12843,4,16,6,7
Gm12845,0,0,0,0
Gm12853,56,67,45,52
Gm12860,25,15,7,51
Gm12861,11,7,29,43
Gm12862,0,1,0,0
Gm12863,0,1,0,0
Gm12865,27,17,82,63
Gm12866,0,5,5,1
Gm12867,9,12,13,9
Gm12868,7,10,8,11
Gm12869,5,1,5,5
Gm12886,0,0,0,0
Gm12887,0,2,0,0
Gm12888,0,1,1,0
Gm12898,73,69,64,88
Gm12905,1184,1261,1155,1160
Gm12907,5,6,1,2
Gm12909,0,0,0,0
Gm12910,0,1,0,0
Gm12911,0,0,1,0
Gm12914,0,0,1,0
Gm12915,271,284,271,276
Gm12916,1,0,0,0
Gm12923,0,0,0,0
Gm12925,412,312,314,201
Gm12927,1,1,3,2
Gm12930,134,116,80,127
Gm12932,25,32,22,18
Gm12940,3655,3035,2830,2141
Gm12945,1,0,2,2
Gm12946,0,0,1,1
Gm12949,3,1,2,2
Gm12951,2,2,0,1
Gm12953,23,20,17,20
Gm12958,0,0,0,0
Gm12962,2,5,7,10
Gm12963,232,312,319,309
Gm12968,15,12,25,15
Gm12970,0,0,0,0
Gm12971,66,47,62,42
Gm12972,1,0,0,0
Gm12973,4,8,4,6
Gm12974,0,0,1,7
Gm12976,36,59,66,41
Gm12977,8,9,6,5
Gm12979,128,108,172,142
Gm12981,21,24,20,10
Gm12984,0,1,0,0
Gm12992,237,209,181,331
Gm12996,26,49,49,54
Gm12999,10,10,11,4
Gm13001,0,0,1,0
Gm13003,4,15,5,16
Gm13008,245,274,219,269
Gm13010,2,0,0,0
Gm13012,15,6,11,7
Gm13016,3,14,4,12
Gm13017,0,0,0,0
Gm13021,6,5,6,4
Gm13023,1,0,0,0
Gm13025,81,92,83,88
Gm13026,35,13,23,18
Gm13027,23,39,12,32
Gm13028,1,1,3,4
Gm13029,19,12,19,10
Gm13030,0,1,0,0
Gm13031,558,270,325,318
Gm13032,1,1,1,0
Gm13040,0,0,0,0
Gm13043,0,0,0,0
Gm13049,0,1,2,1
Gm13052,2302,2438,2236,2903
Gm13053,0,0,0,0
Gm13054,36,47,68,47
Gm13055,0,1,0,0
Gm13056,9,5,7,9
Gm13057,0,0,0,0
Gm13061,0,0,0,0
Gm13062,18,14,18,15
Gm13063,11,8,17,3
Gm13066,18,11,14,10
Gm13067,22,59,40,23
Gm13068,2,1,1,1
Gm13070,2,1,2,2
Gm13073,0,0,0,0
Gm13074,0,0,0,0
Gm13075,41,32,30,28
Gm13078,0,0,0,0
Gm13083,0,0,1,0
Gm13084,0,0,0,0
Gm13088,0,0,0,0
Gm13089,0,0,0,0
Gm13090,6,8,15,9
Gm13091,300,266,264,295
Gm13093,44,32,10,35
Gm13096,0,2,1,0
Gm13101,0,0,0,0
Gm13102,0,0,0,0
Gm13103,0,0,3,0
Gm13110,84,32,65,114
Gm13112,142,141,42,170
Gm13115,1,0,0,0
Gm13119,1,0,1,0
Gm13124,0,0,0,0
Gm13128,0,0,0,0
Gm13133,16,9,6,14
Gm13134,39,15,31,22
Gm13165,2,7,1,5
Gm13166,4,5,5,4
Gm13173,0,0,0,0
Gm13174,0,0,0,0
Gm13175,29,15,20,15
Gm13178,1,0,2,1
Gm13179,32,13,31,27
Gm13180,1,5,0,0
Gm13184,103,114,97,140
Gm13185,1,1,2,0
Gm13187,744,696,686,695
Gm13189,8,11,6,9
Gm13191,0,0,0,0
Gm13199,103,124,79,51
Gm13200,1,0,0,4
Gm13201,15,4,12,6
Gm13203,0,0,0,0
Gm13205,92,170,139,117
Gm13206,36,38,26,36
Gm13209,23,20,12,18
Gm13211,106,167,197,127
Gm13212,5,3,9,10
Gm13218,0,2,0,1
Gm13219,4,4,0,2
Gm13236,0,0,0,0
Gm13256,3,2,0,0
Gm13257,0,0,0,0
Gm13261,58,44,55,51
Gm13262,4,8,4,4
Gm13264,6,20,7,1
Gm13266,120,72,135,139
Gm13267,17,3,6,10
Gm13269,2494,2457,1967,2708
Gm13270,78,83,123,125
Gm13271,0,0,0,0
Gm13272,0,0,0,0
Gm13274,46,44,57,56
Gm13275,0,0,0,0
Gm13276,0,0,0,0
Gm13277,0,0,0,0
Gm13278,0,0,0,0
Gm13279,0,0,0,0
Gm13283,0,0,0,0
Gm13285,0,0,0,0
Gm13287,0,0,0,0
Gm13288,2,0,0,2
Gm13289,0,0,0,0
Gm13290,0,0,0,0
Gm13291,0,1,0,1
Gm13293,49,31,58,47
Gm13299,0,0,0,0
Gm1330,4,2,1,2
Gm13304,0,0,0,0
Gm13305,0,1,0,0
Gm13306,2,3,5,4
Gm13307,5,12,8,5
Gm13322,60,41,43,64
Gm13324,3,1,1,4
Gm13327,161,155,142,141
Gm13330,0,3,1,6
Gm13335,15,19,32,10
Gm13344,5,5,6,6
Gm13346,5,8,3,8
Gm13348,0,0,1,0
Gm13362,143,168,149,163
Gm13371,3,0,1,2
Gm13372,2,0,3,1
Gm13373,13,20,18,17
Gm13375,51,67,50,52
Gm13376,7,14,10,10
Gm13380,3,1,9,3
Gm13381,47,31,49,31
Gm13383,1,0,4,2
Gm13387,63,31,60,53
Gm13388,10,8,10,4
Gm13389,269,194,210,171
Gm13391,19,69,94,100
Gm13393,12,13,14,9
Gm13398,1,0,0,2
Gm13402,1655,1466,1299,1571
Gm13403,22,24,48,20
Gm13404,70,57,68,52
Gm13405,5,7,4,6
Gm13411,0,0,0,0
Gm13412,4,3,1,3
Gm13415,0,6,4,1
Gm13417,16,14,6,10
Gm13420,7,11,7,8
Gm13421,54,85,60,50
Gm13425,0,0,0,1
Gm13427,625,574,568,641
Gm13429,10,12,12,9
Gm13431,4,4,5,7
Gm13441,0,0,3,0
Gm13442,0,0,0,0
Gm13446,113,170,182,145
Gm13448,0,0,1,0
Gm13449,8,7,10,7
Gm13465,2,2,2,0
Gm13467,0,1,0,0
Gm13470,23,23,28,15
Gm13479,15,20,19,24
Gm13480,3,8,7,8
Gm13481,307,364,457,367
Gm13483,1126,1434,1387,1080
Gm13485,5,3,2,0
Gm13490,4,3,2,0
Gm13496,4,4,4,2
Gm13497,10,16,14,12
Gm13499,1,4,2,1
Gm13522,21,30,30,27
Gm13523,4,17,11,6
Gm13524,187,290,213,268
Gm13528,249,269,215,208
Gm13530,20,37,34,37
Gm13536,34,11,24,36
Gm13538,1,2,1,2
Gm13539,0,0,0,0
Gm13544,92,78,53,98
Gm13546,1,1,5,4
Gm13547,24,14,20,15
Gm13553,0,0,0,0
Gm13554,2,0,0,0
Gm13556,11,9,9,9
Gm13558,3,1,2,2
Gm13561,214,271,307,262
Gm13562,509,366,291,271
Gm13563,346,265,325,286
Gm13564,1,1,3,1
Gm13565,7,7,21,10
Gm13568,11,2,5,3
Gm13569,29,41,16,31
Gm13571,18,11,5,10
Gm13572,58,53,45,58
Gm13575,0,0,0,0
Gm13580,0,0,0,0
Gm13582,5,11,6,6
Gm13583,0,2,1,4
Gm13584,240,283,232,247
Gm13587,0,0,0,0
Gm13589,111,129,176,118
Gm13594,9,12,18,16
Gm13595,141,153,76,130
Gm13596,6,7,5,12
Gm13598,4,3,4,2
Gm13599,1,2,8,4
Gm136,4,1,0,13
Gm13601,469,566,400,336
Gm13605,0,0,0,0
Gm13609,2,4,3,3
Gm13610,78,84,85,107
Gm13613,5,6,5,5
Gm13617,129,176,114,151
Gm13618,3,14,4,2
Gm13619,261,214,210,192
Gm13620,30,37,12,21
Gm13625,139,120,93,72
Gm13629,2409,4177,2095,2148
Gm13630,427,645,433,490
Gm13631,0,0,0,0
Gm13632,7,10,5,2
Gm13645,14,4,8,8
Gm13647,12,4,11,5
Gm13648,3,0,1,2
Gm13652,7,8,3,1
Gm13656,0,0,0,0
Gm13657,1,0,2,1
Gm13658,2,0,1,0
Gm13660,1,4,1,3
Gm13661,4,5,3,6
Gm13662,0,0,0,0
Gm13663,14,14,20,3
Gm13667,5,6,4,4
Gm13684,1742,1017,887,981
Gm13686,0,0,0,0
Gm13691,0,0,0,0
Gm13693,0,0,0,0
Gm13694,0,0,0,0
Gm13695,0,0,0,0
Gm13696,0,0,0,0
Gm13697,0,0,0,0
Gm13698,0,0,0,0
Gm13703,205,236,202,280
Gm13707,17,13,9,9
Gm13708,121,96,158,111
Gm13709,21,36,28,31
Gm13710,198,209,274,207
Gm13713,32,37,44,49
Gm13715,4,5,10,5
Gm13716,10,10,5,9
Gm13723,0,1,0,1
Gm13727,3,4,0,1
Gm13746,0,0,0,0
Gm13748,134,128,128,137
Gm13749,18,16,20,21
Gm13752,0,0,0,0
Gm13757,0,0,0,0
Gm13762,2,0,0,0
Gm13773,0,0,0,1
Gm13775,0,2,0,1
Gm13778,89,69,88,84
Gm13780,111,151,97,97
Gm13781,0,0,0,0
Gm13782,26,21,20,33
Gm13783,8,23,15,18
Gm13790,0,0,0,0
Gm13791,151,193,172,126
Gm13793,0,0,1,0
Gm13794,0,0,1,0
Gm13799,0,0,0,1
Gm13802,0,0,0,1
Gm13807,3,3,4,1
Gm13814,28,51,50,46
Gm13816,2,1,6,3
Gm13817,2,3,5,6
Gm13822,1,1,3,3
Gm13830,901,952,880,774
Gm13832,1004,1452,1242,1064
Gm13833,47,88,55,67
Gm13837,4,18,10,10
Gm13838,0,6,2,2
Gm13839,8,9,6,3
Gm13840,1,0,1,0
Gm13842,4,2,7,7
Gm13844,389,554,548,496
Gm13848,2,3,4,4
Gm13849,26,84,67,65
Gm13850,0,1,0,1
Gm13853,15,13,18,15
Gm13855,0,0,2,0
Gm13856,99,143,93,131
Gm13860,1,0,1,0
Gm13861,7,14,8,8
Gm13869,0,2,0,0
Gm13871,0,0,0,0
Gm13872,239,183,209,133
Gm13874,3,2,3,2
Gm13881,1,3,1,0
Gm13883,1243,1812,1452,1578
Gm13889,239,207,190,103
Gm13905,105,73,122,74
Gm13912,100,171,206,94
Gm13919,1072,891,933,778
Gm13920,15,4,4,1
Gm13923,1,0,0,1
Gm13936,298,286,361,274
Gm13938,64,49,66,51
Gm13941,4,6,2,1
Gm13942,3,5,1,1
Gm13943,2,1,3,1
Gm13944,2865,2119,1400,1622
Gm13954,1,5,4,6
Gm13962,0,0,0,0
Gm13963,1555,2347,2302,2160
Gm13964,13,16,16,13
Gm13966,1,2,1,1
Gm13972,25,26,16,34
Gm13974,469,457,284,480
Gm13976,0,0,0,1
Gm13977,5,5,1,11
Gm13982,1,1,0,0
Gm13985,2,0,2,1
Gm13986,443,464,430,396
Gm13990,14,14,11,10
Gm13994,0,0,0,0
Gm13997,1,6,2,2
Gm13999,7,13,6,4
Gm14002,41,61,28,32
Gm14003,0,0,0,0
Gm14004,84,205,185,215
Gm14009,10,10,8,8
Gm14010,1,0,2,6
Gm14011,26,12,31,27
Gm14012,0,0,0,0
Gm14014,1,0,0,0
Gm14015,29,63,60,49
Gm14019,6,23,21,33
Gm14022,46,77,52,58
Gm14023,96,105,105,134
Gm14024,2,2,4,3
Gm14027,89,112,80,118
Gm14029,11,7,8,12
Gm14033,142,192,127,209
Gm14040,0,0,1,1
Gm14041,1,1,1,2
Gm14051,46,71,52,38
Gm14055,1,4,5,1
Gm14061,377,355,363,361
Gm14062,2,1,1,4
Gm14064,17,13,12,18
Gm14066,281,339,243,241
Gm14085,0,1,4,2
Gm14089,4,8,6,7
Gm14091,31,21,21,24
Gm14092,80,79,68,58
Gm14093,1,0,0,0
Gm14095,1,0,1,0
Gm14097,29,31,32,29
Gm14100,0,0,0,0
Gm14102,1,3,4,3
Gm14104,13,22,16,32
Gm14110,16,6,11,7
Gm14114,40,41,26,22
Gm14120,41,58,52,41
Gm14123,1,7,12,6
Gm14124,11,10,5,11
Gm14133,93,103,130,141
Gm14135,0,0,0,0
Gm14137,12,12,9,9
Gm14139,0,0,0,0
Gm14144,0,0,0,0
Gm14145,1,2,0,1
Gm14146,0,4,0,0
Gm14147,0,0,1,1
Gm14149,2,8,4,6
Gm14151,0,0,0,0
Gm14152,2,0,0,0
Gm14154,2,3,1,1
Gm14155,0,1,0,0
Gm14161,0,0,0,0
Gm14164,98,84,86,113
Gm14167,141,207,124,195
Gm14168,65,70,63,39
Gm14169,393,408,366,361
Gm14170,1,0,1,0
Gm14174,6,2,1,2
Gm14180,0,0,0,0
Gm14190,0,0,0,0
Gm14198,33,39,32,36
Gm14199,0,0,0,0
Gm14204,1100,623,476,663
Gm14205,3,2,1,1
Gm14206,1,1,0,1
Gm14207,1,4,5,4
Gm14209,10,4,6,2
Gm14210,1,5,0,2
Gm14211,1024,1090,540,505
Gm14214,0,0,0,0
Gm14216,2,3,4,1
Gm14218,17,13,14,21
Gm14221,19,14,16,12
Gm14222,0,0,0,0
Gm14223,1,1,0,1
Gm14224,11,18,20,10
Gm14225,15,8,11,13
Gm14226,1,3,1,1
Gm14228,0,0,0,0
Gm14230,6,4,3,9
Gm14232,5,6,3,6
Gm14233,1,0,0,2
Gm14235,5,5,6,2
Gm14236,0,1,0,0
Gm14241,0,0,0,0
Gm14242,0,0,0,0
Gm14243,4,4,4,3
Gm14244,0,1,1,0
Gm14246,34,43,30,38
Gm14249,1,1,3,8
Gm14250,2,1,0,1
Gm14252,62,44,42,36
Gm14254,0,1,0,1
Gm14255,3,3,2,0
Gm14257,2,0,2,0
Gm14258,1,0,1,1
Gm14260,1,0,0,0
Gm14261,0,0,0,0
Gm14262,4,9,9,6
Gm14264,7,14,19,16
Gm14266,3,1,2,4
Gm14268,0,2,0,1
Gm14271,0,3,2,0
Gm14272,0,0,0,0
Gm14273,2,2,2,4
Gm14275,0,0,0,0
Gm14280,95,81,80,103
Gm14285,60,62,62,37
Gm14286,218,153,231,157
Gm14288,1,1,1,0
Gm14291,7,8,8,13
Gm14295,112,179,99,135
Gm14296,1331,1834,1275,1296
Gm14302,35,57,40,49
Gm14305,176,244,165,188
Gm14308,14,34,13,23
Gm14317,48,59,71,42
Gm14319,0,0,0,0
Gm14320,367,440,331,407
Gm14321,5,13,2,8
Gm14322,148,200,155,182
Gm14325,552,687,471,672
Gm14326,817,975,728,818
Gm14327,48,78,53,63
Gm14329,338,274,284,326
Gm14330,1247,1519,1086,1265
Gm14339,0,0,0,0
Gm14340,3,6,6,10
Gm14341,24,42,33,27
Gm14342,344,276,237,240
Gm14343,0,0,0,2
Gm14344,31,44,29,25
Gm14372,1104,1051,1073,834
Gm14376,0,0,2,0
Gm14377,201,212,184,184
Gm14379,0,7,10,10
Gm14391,206,238,211,211
Gm14393,202,253,218,172
Gm14396,0,0,0,0
Gm14397,120,111,80,63
Gm14399,1372,1562,1402,1387
Gm14401,304,381,344,361
Gm14403,61,149,88,79
Gm14406,96,115,133,84
Gm14408,3,0,1,1
Gm14409,2,2,1,1
Gm14410,932,1091,897,865
Gm14412,217,300,256,306
Gm14418,152,221,179,156
Gm14419,16,50,24,45
Gm14424,0,0,0,0
Gm14426,0,0,0,0
Gm14434,0,0,0,4
Gm14435,6,8,4,10
Gm14437,5,2,3,2
Gm14440,0,1,0,0
Gm14443,1022,1230,905,1115
Gm14444,75,139,102,93
Gm14453,3,4,2,1
Gm14455,328,259,287,343
Gm14459,0,1,0,0
Gm14461,12,13,16,18
Gm14471,851,832,784,711
Gm14486,25,41,24,23
Gm14487,9,10,9,6
Gm14488,2,4,1,1
Gm14493,12,16,11,14
Gm14496,2,5,3,3
Gm14505,18,20,25,21
Gm14507,137,253,226,189
Gm14508,260,257,189,252
Gm14525,3,3,0,2
Gm14532,560,814,749,683
Gm14540,85,82,62,69
Gm14546,24,59,56,28
Gm14547,6,11,8,9
Gm14548,0,0,0,0
Gm14549,18,16,11,19
Gm14552,0,1,0,0
Gm14553,0,0,0,2
Gm14565,6,5,2,2
Gm14569,9,12,6,3
Gm14573,1,1,1,0
Gm14582,120,55,107,101
Gm14597,16,20,13,4
Gm14616,0,0,1,0
Gm14617,1,0,0,0
Gm14618,2,1,0,1
Gm14632,0,0,0,0
Gm14634,883,934,920,744
Gm14635,0,2,0,1
Gm14636,1384,1522,1581,1936
Gm14637,5,7,4,7
Gm14640,0,0,0,0
Gm14641,0,0,0,0
Gm14642,0,0,0,0
Gm14643,50,56,51,36
Gm14661,23,17,21,19
Gm14662,7,8,5,3
Gm14664,9,2,2,2
Gm14684,0,2,0,1
Gm14685,0,0,1,0
Gm14692,0,0,0,0
Gm14696,5,5,3,7
Gm14697,18,30,14,20
Gm14698,10,27,14,15
Gm14703,1572,1627,1568,1620
Gm14705,1,3,1,1
Gm14707,0,0,0,0
Gm14715,0,2,2,2
Gm14717,4,6,8,6
Gm14718,3,0,1,0
Gm14742,0,0,1,0
Gm14743,0,0,0,0
Gm14744,0,0,0,0
Gm14762,22,9,42,47
Gm14764,228,223,150,191
Gm14773,0,0,0,0
Gm14781,0,0,0,0
Gm14798,938,795,686,735
Gm14808,1,2,1,1
Gm14809,0,0,0,0
Gm14812,1,4,2,2
Gm14817,149,151,146,154
Gm14819,0,0,0,0
Gm14820,195,229,206,136
Gm14827,1021,1137,998,896
Gm14851,0,0,0,0
Gm14858,2061,1641,1442,1473
Gm14862,42,52,27,28
Gm14866,15,6,3,5
Gm14902,5,5,22,12
Gm14929,1,0,0,0
Gm14936,3,4,5,2
Gm14950,0,0,0,0
Gm14951,3,4,0,0
Gm14963,80,106,73,106
Gm14964,841,503,605,726
Gm14965,10,19,9,10
Gm14966,1188,1008,1104,921
Gm14968,0,2,2,0
Gm14974,1,0,0,0
Gm14978,8,9,5,7
Gm15008,0,1,0,2
Gm15013,0,2,0,0
Gm15015,0,0,0,0
Gm15017,0,0,0,0
Gm15020,0,0,0,0
Gm15023,1,0,0,0
Gm15046,59,85,61,62
Gm15050,0,0,0,0
Gm15056,0,0,0,0
Gm15063,5,7,1,3
Gm15080,0,0,0,0
Gm15082,15,19,10,19
Gm15083,728,695,522,483
Gm15085,0,0,0,0
Gm15086,0,0,0,0
Gm15091,4,1,28,1
Gm15092,0,0,0,0
Gm15093,0,0,0,1
Gm15097,0,1,7,0
Gm15099,0,0,1,0
Gm15100,0,0,0,0
Gm15104,37,20,35,14
Gm15107,0,0,0,0
Gm15114,0,0,0,0
Gm15122,8,3,6,4
Gm15123,0,0,0,0
Gm15124,9,23,23,19
Gm15127,0,0,0,0
Gm15128,0,0,0,0
Gm15130,2,2,2,1
Gm15133,8,3,7,9
Gm15138,130,119,108,127
Gm15140,0,0,0,0
Gm15155,5678,6817,5323,5753
Gm15156,1,0,0,0
Gm15169,29,14,23,125
Gm15178,52,59,59,66
Gm15179,17,24,14,13
Gm15199,1,3,1,3
Gm15200,0,1,0,0
Gm15201,33,105,49,52
Gm15202,0,3,0,1
Gm15208,7,3,8,7
Gm15217,1,0,0,0
Gm15218,27,54,34,28
Gm15221,1,0,0,0
Gm15222,9,9,16,16
Gm15226,0,0,0,0
Gm15228,5,1,1,3
Gm15230,0,0,0,1
Gm15232,7,5,16,9
Gm15234,23,37,21,47
Gm15239,4,8,7,4
Gm15241,6,11,2,13
Gm15243,262,359,205,327
Gm15245,3,0,2,1
Gm15246,966,963,831,775
Gm15247,4,8,6,6
Gm15261,1403,879,795,1365
Gm15262,7,6,7,0
Gm15265,325,260,249,258
Gm1527,0,1,0,0
Gm15270,324,294,220,243
Gm15271,4,0,0,2
Gm15283,2269,2381,1933,2357
Gm15286,7,5,5,16
Gm15287,12,5,7,6
Gm15288,0,0,0,0
Gm15290,7,10,6,5
Gm15292,0,0,0,0
Gm15293,0,0,0,0
Gm15294,0,0,0,0
Gm15295,0,0,0,0
Gm15298,5,7,5,6
Gm15318,0,0,0,0
Gm15319,58,71,58,46
Gm15322,9,1,1,2
Gm15323,6,0,0,1
Gm15324,2,0,1,0
Gm15325,0,0,0,0
Gm15326,3,3,5,10
Gm15327,36,26,21,21
Gm15328,207,219,144,162
Gm15334,1,5,5,0
Gm15336,1004,1206,1069,1144
Gm15337,104,100,96,103
Gm15338,34,46,43,23
Gm15339,19,17,15,18
Gm15340,0,0,0,0
Gm15342,94,115,97,120
Gm15343,1,0,0,0
Gm15344,13,12,13,8
Gm15345,457,414,404,408
Gm15346,78,73,71,71
Gm15347,49,52,60,69
Gm15348,1,1,0,1
Gm15350,40,50,29,35
Gm15351,48,58,43,41
Gm15353,27,54,23,28
Gm15354,17,24,18,15
Gm15356,13,15,17,14
Gm15384,1,1,1,0
Gm15389,0,1,1,2
Gm15391,0,0,0,0
Gm15392,6,15,12,14
Gm15395,1,0,1,2
Gm15396,531,793,536,576
Gm15397,148,130,136,108
Gm15398,8803,7971,6728,8805
Gm15401,13,5,13,5
Gm15402,54,25,42,34
Gm15404,0,7,4,0
Gm15406,2,4,1,2
Gm15407,0,0,0,0
Gm15408,33,30,17,30
Gm15409,5,14,19,21
Gm15410,1,3,3,3
Gm15411,410,415,349,393
Gm15412,36,43,37,41
Gm15413,183,210,164,212
Gm15414,1503,1294,1040,1436
Gm15416,23,16,21,21
Gm15417,98,107,79,55
Gm15418,146,196,154,141
Gm15419,48,47,44,39
Gm15420,12,35,34,31
Gm15423,25,49,19,38
Gm15441,10,7,4,7
Gm15444,5,9,2,5
Gm15445,60,73,72,67
Gm15446,249,272,216,277
Gm15448,0,0,0,0
Gm15457,6,1,1,6
Gm15458,129,117,116,86
Gm15461,170,157,184,157
Gm15462,3,3,4,4
Gm15469,3,0,1,5
Gm15471,5,9,7,5
Gm15472,15,46,12,16
Gm15473,11,11,7,9
Gm15475,2,2,5,3
Gm15477,116,202,103,154
Gm15478,3434,3565,3485,3470
Gm15479,12,11,6,13
Gm15482,1,3,1,0
Gm15485,21,24,16,11
Gm15486,6,24,12,12
Gm15489,852,907,777,873
Gm15491,2,3,2,3
Gm15492,192,228,223,262
Gm15494,482,570,517,396
Gm15496,267,438,414,385
Gm15498,0,1,0,3
Gm15499,1,1,0,0
Gm15503,143,60,137,95
Gm15507,0,0,3,0
Gm15509,0,3,4,1
Gm15510,158,206,127,143
Gm15511,350,364,244,240
Gm15512,4,5,4,5
Gm15513,710,769,645,510
Gm15517,0,0,0,2
Gm15518,178,186,164,161
Gm15520,1670,1457,1157,1292
Gm15521,56,50,54,57
Gm15522,14,24,18,16
Gm15523,19,8,15,17
Gm15524,0,0,0,0
Gm15527,112,125,64,133
Gm1553,12,6,13,7
Gm15533,9,12,18,14
Gm15535,182,208,186,189
Gm15537,182,190,231,192
Gm15540,2,2,1,2
Gm15541,19,10,16,13
Gm15543,9,8,4,6
Gm15545,109,126,105,75
Gm15551,18,24,15,10
Gm15555,23,14,22,10
Gm15556,0,0,0,0
Gm15557,0,0,0,0
Gm15558,346,282,310,286
Gm15559,484,534,496,505
Gm15561,135,105,127,113
Gm15562,3,4,1,1
Gm15563,1796,1618,1078,1342
Gm15564,174,121,324,170
Gm15567,71,56,63,71
Gm15569,2,2,3,3
Gm15577,1824,1579,1210,1238
Gm15579,0,2,1,1
Gm15581,155,147,183,119
Gm15582,3,3,4,7
Gm15584,1502,1678,1036,1335
Gm15587,91,88,89,98
Gm15589,0,1,0,2
Gm1559,0,0,0,3
Gm15591,280,290,154,208
Gm15592,11,8,7,7
Gm15594,2247,2250,1776,1959
Gm15597,24,40,23,9
Gm156,1,0,0,0
Gm15600,11,18,15,15
Gm15601,134,141,144,143
Gm15606,13,15,14,11
Gm15608,164,190,182,108
Gm15609,80,102,51,51
Gm15611,8,11,4,13
Gm15612,25,26,18,25
Gm15614,2828,1994,1666,2018
Gm15619,12,20,26,24
Gm15622,0,2,1,0
Gm15624,231,265,260,213
Gm15627,54,57,35,45
Gm15628,0,0,0,1
Gm15629,0,0,0,0
Gm15631,126,282,142,181
Gm15632,295,232,227,232
Gm15634,9,14,7,10
Gm15635,26,8,35,38
Gm15637,13,25,31,25
Gm15638,39,61,31,17
Gm15640,1,0,0,0
Gm15641,0,1,1,1
Gm15642,8,6,2,4
Gm15643,0,0,0,0
Gm15647,0,0,1,3
Gm15650,0,0,0,0
Gm15651,21,20,19,28
Gm15655,45,64,46,29
Gm15656,17,5,12,6
Gm15657,5,4,10,5
Gm15663,45,78,45,31
Gm15668,6,3,6,4
Gm15669,0,1,1,2
Gm15671,0,0,1,0
Gm15672,205,241,242,226
Gm15674,4,9,13,8
Gm15675,39,69,55,37
Gm15677,0,4,1,7
Gm15679,105,167,96,152
Gm15680,1373,2152,1262,1640
Gm15684,2,2,1,1
Gm15687,30,34,22,23
Gm15688,89,199,131,156
Gm15689,44,63,51,40
Gm15690,167,179,169,119
Gm15691,4,6,2,3
Gm15699,14,8,8,6
Gm15700,215,224,217,178
Gm15701,1,3,0,1
Gm15704,60,93,58,66
Gm15706,570,610,515,535
Gm15708,60,64,79,55
Gm15713,33,23,24,25
Gm15716,3,6,4,3
Gm15718,4,1,0,1
Gm15721,42,56,26,27
Gm15722,66,68,87,87
Gm15723,632,608,287,306
Gm15726,42,42,17,113
Gm15728,70,114,77,92
Gm15729,42,38,38,32
Gm15731,12,6,10,16
Gm15734,12,21,11,18
Gm15736,0,0,1,1
Gm15737,44,35,38,20
Gm15738,8116,7744,6651,8347
Gm15742,0,0,0,1
Gm15743,55,105,59,73
Gm15747,83,75,83,75
Gm15749,0,0,0,1
Gm15751,25,21,24,28
Gm15755,8,7,5,11
Gm15756,67,42,37,44
Gm15758,21,40,35,39
Gm15759,20,13,28,22
Gm15762,3,3,8,3
Gm15764,984,884,845,935
Gm15767,0,0,0,2
Gm15774,80,67,74,51
Gm15775,78,55,61,46
Gm15777,22,33,23,45
Gm15787,1028,986,845,877
Gm15788,125,110,123,124
Gm15792,0,0,0,0
Gm15802,10,8,9,13
Gm15809,247,217,221,203
Gm15810,2687,2809,2470,3345
Gm15813,514,356,390,540
Gm15816,52,69,37,45
Gm15818,13,13,13,8
Gm15819,0,0,0,0
Gm15821,8,1,5,4
Gm15825,171,199,45,94
Gm15829,4,1,7,5
Gm15831,1,2,2,1
Gm15832,138,197,136,133
Gm15834,642,835,584,758
Gm15835,16,17,11,15
Gm15839,13,29,6,18
Gm15841,3,7,3,2
Gm15845,2,4,2,1
Gm15848,0,1,0,0
Gm15849,8,11,8,6
Gm15850,18,30,16,20
Gm15851,5,16,8,13
Gm15852,9,10,6,7
Gm15853,5,11,12,9
Gm15856,280,75,54,60
Gm15857,28,22,37,42
Gm15859,24,38,34,29
Gm15860,413,618,483,653
Gm15862,148,136,128,175
Gm15864,4,0,1,3
Gm15866,29,26,24,24
Gm15867,93,110,48,103
Gm15868,12,9,8,11
Gm1587,0,4,5,4
Gm15870,5,2,0,0
Gm15872,1,2,4,11
Gm15873,1,3,0,3
Gm15875,2,2,0,1
Gm15879,267,272,277,232
Gm15880,125,95,106,84
Gm15882,0,0,0,0
Gm15883,5,0,2,1
Gm15884,2,1,0,3
Gm15886,969,990,823,934
Gm15888,0,0,0,0
Gm15889,0,0,0,2
Gm15890,11,9,2,5
Gm15891,0,3,1,5
Gm15892,590,615,629,627
Gm15893,93,71,46,76
Gm15894,20,36,16,14
Gm15895,0,1,0,1
Gm15898,8,8,3,8
Gm15902,466,262,258,203
Gm15903,102,108,82,110
Gm15904,108,140,107,114
Gm15906,0,2,2,1
Gm15907,8,0,1,7
Gm15908,1,2,2,5
Gm15910,118,164,132,118
Gm15911,16,13,8,9
Gm15912,77,206,146,142
Gm15915,31,17,10,9
Gm15917,7,3,0,2
Gm15918,93,176,115,116
Gm15927,49,90,97,92
Gm15929,53,65,64,65
Gm15932,61,33,46,30
Gm15934,7,19,10,11
Gm15935,0,1,0,1
Gm15938,102,116,92,103
Gm15939,67,93,79,105
Gm15940,18,26,23,17
Gm15941,16,16,22,25
Gm15942,175,255,197,167
Gm15943,252,229,250,299
Gm15945,21,8,14,10
Gm15947,0,1,0,0
Gm15948,19,20,14,18
Gm15949,3,1,9,4
Gm15952,2292,2508,2058,2460
Gm15956,76,77,59,49
Gm15958,43,67,64,48
Gm15961,0,2,0,1
Gm15962,4,3,1,2
Gm15963,4,8,2,3
Gm15964,8,11,17,13
Gm15965,1286,1452,1118,1336
Gm15966,11,13,14,7
Gm15969,0,0,0,0
Gm15972,45,73,47,78
Gm15976,20,21,13,15
Gm15978,13,17,10,18
Gm15979,10,4,4,9
Gm15983,39,23,45,29
Gm15984,1,0,0,5
Gm15985,0,0,0,0
Gm15987,47,13,12,14
Gm15990,82,66,58,58
Gm15991,590,784,605,591
Gm15995,4,5,3,3
Gm15996,85,66,58,68
Gm15997,564,728,597,693
Gm15998,118,120,150,140
Gm15999,1,3,1,1
Gm1600,1,1,3,2
Gm16000,825,974,631,761
Gm16001,26,29,17,27
Gm16004,3,1,2,1
Gm16006,6,6,3,0
Gm16008,668,788,631,677
Gm16010,3,2,1,1
Gm16013,3,2,2,3
Gm16014,10,7,4,6
Gm16015,0,0,0,0
Gm16019,7,7,7,6
Gm16023,843,864,686,726
Gm16024,0,0,0,1
Gm16025,0,0,0,0
Gm16028,2,1,4,2
Gm16029,5,7,4,2
Gm16031,1,2,2,4
Gm16033,11,21,11,5
Gm16034,1,0,0,0
Gm16035,9,14,20,10
Gm16036,179,246,176,222
Gm16041,61,37,43,38
Gm16043,477,503,422,463
Gm16045,7,22,17,9
Gm16046,268,290,287,215
Gm16048,1,5,1,6
Gm1604a,3204,2523,2448,3755
Gm1604b,720,488,559,778
Gm16050,37,34,48,41
Gm16054,519,617,416,551
Gm16055,140,152,108,116
Gm16058,21,13,11,16
Gm16059,130,115,100,108
Gm16062,197,249,188,237
Gm16063,6,0,1,6
Gm16064,10,3,13,15
Gm16066,991,953,843,797
Gm16068,367,335,278,310
Gm16069,16,25,25,20
Gm16070,628,1010,770,689
Gm16075,29,23,12,65
Gm16076,16,15,15,10
Gm16079,2,0,1,1
Gm16080,1,2,2,2
Gm16081,1,2,0,0
Gm16083,2084,3250,2858,2223
Gm16084,0,0,1,1
Gm16085,0,0,0,1
Gm16086,7,9,4,7
Gm16087,25,29,22,48
Gm16090,16,21,20,27
Gm16091,965,1209,960,1051
Gm16092,0,0,0,0
Gm16093,964,1250,845,914
Gm16094,1,0,0,0
Gm16095,67,72,43,22
Gm16096,16,14,11,13
Gm16098,2,14,3,5
Gm16099,26,46,34,57
Gm16104,3,1,7,1
Gm16105,2304,2558,1658,2078
Gm16110,11,11,13,13
Gm16116,71,70,58,58
Gm16117,3,5,3,2
Gm16118,16,14,28,27
Gm16120,4,6,0,5
Gm16121,41,20,24,22
Gm16122,95,77,82,92
Gm16124,676,685,716,759
Gm16126,854,990,918,956
Gm16127,1,1,1,0
Gm16130,0,3,0,2
Gm16131,0,0,0,0
Gm16132,14,10,13,13
Gm16133,33,25,35,19
Gm16135,5,17,10,7
Gm16136,0,0,0,0
Gm16137,0,1,0,0
Gm16140,16,4,4,2
Gm16141,184,149,49,41
Gm16142,1,2,0,1
Gm16143,1,7,2,5
Gm16144,0,0,0,0
Gm16145,52,56,80,64
Gm16146,26,16,19,20
Gm16150,168,157,169,164
Gm16151,19,27,22,20
Gm16152,553,663,559,277
Gm16153,765,687,692,629
Gm16155,5,5,5,4
Gm16156,112,115,123,121
Gm16157,6,2,11,8
Gm16158,18,23,44,61
Gm16159,76,44,62,29
Gm16160,0,0,0,0
Gm16161,17,32,18,19
Gm16168,4229,3366,4960,3279
Gm16169,157,114,126,144
Gm16170,13,18,17,17
Gm16172,86,59,75,59
Gm16174,0,0,5,1
Gm16175,10,17,12,20
Gm16178,316,341,289,336
Gm16180,1,4,1,2
Gm16181,11,14,10,9
Gm16183,2372,3374,2252,2174
Gm16185,175,193,151,161
Gm16188,4,3,2,1
Gm16189,1150,1168,990,1171
Gm16191,2,2,1,1
Gm16192,29,46,26,57
Gm16193,101,129,60,72
Gm16195,2,1,0,1
Gm16196,102,141,123,126
Gm16201,105,88,113,124
Gm16206,36,49,29,56
Gm16208,15,16,23,20
Gm16211,1,1,1,0
Gm16212,51,52,73,75
Gm16213,8,5,7,4
Gm16214,137,164,142,121
Gm16217,10,5,8,6
Gm16220,0,0,0,0
Gm16222,8,8,4,14
Gm16223,125,148,120,87
Gm16224,0,0,0,0
Gm16225,0,0,0,0
Gm16226,914,1114,998,1060
Gm16227,5,9,11,13
Gm16229,10,0,8,9
Gm16230,154,151,135,141
Gm16231,7,9,8,5
Gm16233,40,47,16,34
Gm16234,46,35,35,26
Gm16235,64,47,45,49
Gm16237,2,2,4,1
Gm16239,35,36,49,36
Gm16240,47,62,43,51
Gm16243,8,7,3,9
Gm16244,1,18,21,7
Gm16246,29,37,18,16
Gm16248,0,0,0,0
Gm16249,0,0,0,0
Gm16251,135,133,124,141
Gm16252,34,39,43,28
Gm16253,19,41,21,26
Gm16262,32,25,19,22
Gm16263,194,100,91,129
Gm16267,433,349,268,296
Gm16268,38,63,46,63
Gm1627,0,2,1,0
Gm16271,40,65,33,25
Gm16272,286,340,266,366
Gm16275,119,128,130,120
Gm16277,15,21,17,29
Gm16278,592,568,588,595
Gm16279,644,653,585,546
Gm16280,0,0,0,0
Gm16282,26,11,31,24
Gm16283,56,124,100,116
Gm16286,1355,1769,1315,1456
Gm16287,66,66,69,49
Gm16291,18,30,17,18
Gm16294,50,46,42,28
Gm16295,0,2,0,1
Gm16299,112,207,122,112
Gm16302,9,18,13,9
Gm16306,0,0,0,1
Gm16308,22,27,26,28
Gm16310,169,170,177,113
Gm16311,0,0,0,0
Gm16312,0,1,1,1
Gm16315,33,23,16,24
Gm16316,582,515,398,449
Gm16321,0,0,0,0
Gm16322,1,12,10,16
Gm16323,39,47,47,50
Gm16325,3,3,7,4
Gm16333,15,21,14,9
Gm16336,0,0,0,0
Gm16337,592,674,524,544
Gm16339,2,5,2,6
Gm16341,64,51,53,48
Gm16343,16,10,15,7
Gm16344,0,0,0,0
Gm16346,89,87,48,62
Gm16347,112,124,105,127
Gm16348,6,6,6,13
Gm16349,0,1,2,0
Gm16350,9,7,9,6
Gm16351,2701,2675,2177,2660
Gm16364,14,18,27,17
Gm16364.1,266,203,178,147
Gm16367,0,0,0,0
Gm16368,0,0,0,0
Gm16381,0,0,0,0
Gm16401,2,8,3,1
Gm16405,0,0,0,0
Gm16427,0,0,0,2
Gm16429,0,0,0,0
Gm16430,0,0,0,0
Gm16434,0,0,0,0
Gm16440,0,0,0,0
Gm16442,0,0,0,0
Gm16451,0,0,0,0
Gm1647,43,54,51,131
Gm16497,58,72,37,35
Gm16499,137,82,117,108
Gm16499.1,44,39,46,43
Gm16506,0,0,0,0
Gm16508,0,0,0,0
Gm16513,0,0,0,0
Gm16534,4,5,4,1
Gm16536,248,252,202,206
Gm16537,24,32,29,23
Gm16538,4,5,6,6
Gm16540,10,11,13,10
Gm16541,1368,1205,1071,1093
Gm16548,7,2,1,1
Gm16549,83,78,66,59
Gm16551,11,12,9,7
Gm16552,2090,1904,1627,1771
Gm16553,28,33,30,33
Gm16554,1,0,1,1
Gm16555,4,7,8,3
Gm16556,1,1,0,0
Gm16559,1,1,0,3
Gm16564,124,127,95,105
Gm16565,15,5,7,10
Gm16567,0,1,1,0
Gm16568,23,24,5,19
Gm16572,224,224,179,178
Gm16573,73,39,38,46
Gm16575,5,2,2,0
Gm16576,117,69,124,104
Gm16577,3,2,2,3
Gm16578,8,11,8,9
Gm16579,1,2,1,1
Gm16582,103,116,99,105
Gm16587,0,1,0,0
Gm16596,97,101,77,90
Gm16599,7362,6576,4605,5600
Gm16617,15,10,12,14
Gm16618,93,105,88,112
Gm16630,70,100,95,97
Gm16638,699,825,604,786
Gm1667,0,4,0,0
Gm16675,49,51,45,53
Gm16677,5,2,1,1
Gm16685,25,52,26,15
Gm16701,240,228,174,201
Gm16701.1,90,117,68,56
Gm16712,11,28,16,10
Gm16725,226,193,226,184
Gm16726,35,23,24,15
Gm1673,97,141,90,75
Gm16731,9,20,17,16
Gm16740,267,196,261,208
Gm16741,73,88,71,79
Gm16751,70,69,81,69
Gm16754,122,118,143,140
Gm16758,86,104,99,86
Gm16759,2108,2134,2157,1673
Gm16764,2,4,2,1
Gm16793,15,35,21,14
Gm16794,589,721,619,676
Gm16796,22,23,26,20
Gm16833,348,295,289,322
Gm16835,1364,1691,1228,1654
Gm16838,31,31,27,34
Gm16845,793,740,718,707
Gm16853,210,162,218,216
Gm16861,67,78,61,92
Gm16863,11,13,4,8
Gm16867,1,1,0,1
Gm16876,131,29,59,37
Gm16892,112,139,108,108
Gm16894,948,1250,1040,1457
Gm16897,69,126,104,126
Gm16933,11,12,7,6
Gm16938,5,12,10,14
Gm16958,136,165,131,126
Gm16968,0,0,0,0
Gm16973,396,404,381,296
Gm1698,53,17,24,24
Gm16982,219,191,160,174
Gm16984,98,123,115,121
Gm16998,31,61,51,58
Gm17017,1,0,0,0
Gm17018,1094,1328,1158,1329
Gm17019,0,0,0,0
Gm17021,60,54,55,41
Gm17023,47,36,35,26
Gm17024,12,11,15,15
Gm17025,8,8,3,5
Gm17026,0,0,0,0
Gm17027,0,0,1,1
Gm17028,0,0,0,0
Gm17029,118,86,100,88
Gm17032,0,0,0,0
Gm17033,5,3,2,4
Gm17034,2,2,4,3
Gm17035,1,3,1,2
Gm17036,617,601,486,530
Gm17039,5,4,4,8
Gm17041,1,0,0,0
Gm17055,2,12,1,1
Gm17056,233,312,240,318
Gm17057,54,31,49,45
Gm17058,574,546,479,563
Gm17059,2,2,0,2
Gm17066,529,491,455,476
Gm17067,2,2,2,3
Gm17077,28,30,25,17
Gm17078,0,0,0,0
Gm17079,0,0,0,0
Gm17080,37,37,39,42
Gm17087,9,9,5,3
Gm17088,19,20,11,10
Gm17089,88,101,87,85
Gm17090,339,367,316,342
Gm17092,209,353,243,292
Gm17093,0,0,0,0
Gm17094,6,2,0,2
Gm17096,14,8,8,11
Gm17098,0,0,0,0
Gm17099,0,0,0,2
Gm17102,9,16,3,17
Gm17103,85,95,95,86
Gm17105,6,3,2,1
Gm17106,4365,4336,3753,3663
Gm17108,175,213,191,227
Gm17110,34,25,34,27
Gm17111,187,170,210,163
Gm17112,43,49,56,45
Gm17114,405,366,405,376
Gm17115,2,10,3,2
Gm17116,84,100,86,61
Gm17118,4,3,1,3
Gm17120,4,2,2,1
Gm17122,1,0,1,0
Gm17124,1,2,0,0
Gm17130,219,188,211,234
Gm17133,53,52,50,48
Gm17134,0,3,3,3
Gm17135,972,1043,893,911
Gm17139,11,14,8,6
Gm17140,1,0,0,0
Gm17141,14,11,6,12
Gm17146,77,56,61,60
Gm1715,427,646,564,575
Gm17151,38,36,19,23
Gm17160,70,69,72,47
Gm17163,12,17,4,19
Gm17167,28,14,14,12
Gm17168,147,134,116,118
Gm17171,975,1009,879,837
Gm17172,0,0,0,0
Gm17173,27,47,35,44
Gm17174,0,0,0,0
Gm17175,0,0,0,0
Gm17178,864,937,901,848
Gm17180,4,2,5,2
Gm17182,0,0,1,0
Gm17188,26,54,27,31
Gm17189,1,0,0,0
Gm17190,10,11,2,9
Gm17191,36,46,30,36
Gm17193,5,5,6,11
Gm17196,6,4,2,12
Gm17197,10,5,9,5
Gm1720,3,6,15,3
Gm17200,8,10,10,7
Gm17201,69,64,49,40
Gm17202,1105,1212,1005,1220
Gm17203,114,117,103,119
Gm17206,1,2,1,0
Gm17207,3,1,2,2
Gm17210,12,16,3,5
Gm17215,3,0,5,4
Gm17216,88,76,79,88
Gm17218,61,53,59,53
Gm17224,8,25,31,28
Gm17225,13,14,15,26
Gm17226,0,0,0,0
Gm17227,3027,2944,2789,2803
Gm17231,2359,1924,1446,1532
Gm17232,19,38,33,59
Gm17233,29,23,19,21
Gm17234,29,29,27,33
Gm17249,32,47,47,35
Gm17251,45,120,37,65
Gm17259,137,230,172,213
Gm17266,9,6,6,3
Gm17268,7,3,6,14
Gm17276,2468,2631,2194,2288
Gm17300,45,54,50,59
Gm17304,0,0,0,1
Gm17308,5,7,3,2
Gm17322,112,151,86,104
Gm17324,10,20,6,14
Gm17332,0,0,0,0
Gm17333,4,8,5,10
Gm17344,117,121,107,123
Gm17349,15,10,11,15
Gm17354,714,709,690,680
Gm17359,124,115,140,112
Gm17364,0,0,0,0
Gm17374,6,8,13,13
Gm17382,517,628,606,610
Gm17387,214,191,175,149
Gm17396,41,40,24,30
Gm17399,261,260,227,204
Gm17402,5,4,5,3
Gm17412,0,0,0,0
Gm17416,0,0,0,1
Gm17428,14,9,5,19
Gm17435,401,365,335,366
Gm17455,7,4,2,3
Gm17467,0,0,0,0
Gm17472,0,0,0,0
Gm17473,45,87,92,81
Gm17477,633,589,463,429
Gm17482,0,0,0,0
Gm17484,523,632,559,496
Gm17490,0,0,1,0
Gm17491,183,189,149,110
Gm17494,2004,2271,1944,2290
Gm17501,171,192,145,101
Gm17508,13,21,9,11
Gm17509,59,103,79,64
Gm17521,0,0,0,0
Gm17522,0,0,0,0
Gm17529,438,530,450,562
Gm17535,0,0,0,0
Gm17540,0,2,0,0
Gm17542,2,7,4,4
Gm17545,711,1019,619,868
Gm17546,65,39,33,47
Gm17552,40,52,55,34
Gm17555,1,1,2,3
Gm17571,47,23,28,17
Gm17577,0,0,0,0
Gm17581,0,0,0,0
Gm17590,14,18,23,25
Gm17597,107,181,132,142
Gm17604,0,0,0,1
Gm17606,156,127,143,123
Gm17613,1,1,1,0
Gm17617,0,0,0,0
Gm17622,0,1,0,2
Gm17631,0,0,0,1
Gm17634,8,13,4,6
Gm17638,53,49,40,46
Gm17644,0,2,1,3
Gm17651,0,0,0,2
Gm17654,0,1,0,0
Gm17655,304,250,196,213
Gm17657,9,4,11,7
Gm17660,102,107,107,94
Gm17662,7,7,3,6
Gm17690,64,94,55,68
Gm17705,58,63,36,48
Gm17720,45,52,44,51
Gm17728,0,0,0,0
Gm17733,64,77,63,68
Gm17745,13,4,10,11
Gm17746,12,11,27,6
Gm17747,104,112,98,124
Gm17749,6,1,7,3
Gm17750,528,313,288,283
Gm17751,4,15,9,4
Gm17753,414,487,388,480
Gm17767,42,54,79,60
Gm17768,1,1,0,0
Gm17783,1,0,0,0
Gm17830,1,3,6,1
Gm17949,225,283,197,279
Gm18280,15,22,11,12
Gm18336,2,6,3,2
Gm18596,0,0,0,0
Gm18870,5,7,10,6
Gm19261,0,0,0,0
Gm19265,504,532,528,518
Gm19272,9,2,3,19
Gm19276,1,7,7,5
Gm19277,1,0,0,0
Gm19299,37,31,49,40
Gm19301,1,2,2,1
Gm19303,77,114,71,83
Gm19325,129,120,123,136
Gm19331,0,0,0,0
Gm19345,26,30,16,16
Gm19385,2,1,0,1
Gm19391,34,48,43,34
Gm19395,17,12,6,12
Gm19402,0,0,0,0
Gm19409,764,641,662,514
Gm19410,1004,2177,2472,2214
Gm19412,50,114,56,68
Gm19426,21,15,17,16
Gm19434,4,16,9,12
Gm19437,0,0,1,0
Gm19461,861,1289,975,956
Gm19466,271,203,181,196
Gm19500,486,537,805,413
Gm19510,0,0,0,1
Gm19519,49,59,36,51
Gm19522,1161,813,748,836
Gm19531,96,175,121,140
Gm19541,0,1,0,1
Gm19553,2,0,1,0
Gm19554,5,4,1,3
Gm19557,4,3,4,6
Gm19569,3,2,2,6
Gm19582,3,7,4,4
Gm19583,7,4,8,4
Gm19585,115,219,154,150
Gm19589,2,4,3,1
Gm19590,2,2,1,0
Gm19605,352,378,316,342
Gm19610,0,0,0,1
Gm19619,43,52,53,23
Gm1965,1,2,0,1
Gm19656,12,22,15,26
Gm19667,120,94,93,130
Gm19668,0,0,0,0
Gm1968,11,22,13,22
Gm19684,21,13,17,18
Gm19689,22,15,35,27
Gm19696,4,1,3,2
Gm19705,363,352,327,253
Gm19708,8,0,8,7
Gm19710,3458,3474,3029,3260
Gm19719,1,8,3,2
Gm19744,1158,737,435,582
Gm19757,21,7,24,1
Gm1976,6311,6850,5847,5838
Gm19782,13,18,11,11
Gm19784,5,7,2,7
Gm1979,19,8,19,19
Gm19792,19,61,32,23
Gm19866,1,1,0,0
Gm19872,0,0,0,0
Gm1992,3591,4081,3405,4258
Gm1993,0,0,0,0
Gm19935,10,8,5,8
Gm19938,2963,3221,3227,2688
Gm19950,0,0,0,0
Gm19951,21,30,31,19
Gm19956,5,4,9,2
Gm19965,11,17,8,12
Gm19967,444,343,453,347
Gm19990,2,3,4,12
Gm2000,6,17,8,7
Gm20005,9,4,7,6
Gm2001,0,0,0,0
Gm20033,1231,1233,1159,1256
Gm20036,19,52,23,52
Gm2004,0,0,0,0
Gm20043,3,2,3,2
Gm20045,707,748,743,606
Gm20052,2,0,1,0
Gm20063,531,1083,836,779
Gm20069,56,51,37,36
Gm2007,0,0,0,0
Gm20075,35,32,11,30
Gm20083,44,34,27,42
Gm20089,60,45,23,29
Gm20098,78,76,73,70
Gm20109,2,0,3,3
Gm20110,70,37,59,76
Gm2012,3,2,0,0
Gm20125,179,149,135,132
Gm20139,14,15,15,13
Gm20149,238,281,254,259
Gm2016,0,0,0,0
Gm20161,250,228,207,224
Gm20163,15,37,24,24
Gm2018,45,32,39,39
Gm20186,31,24,23,38
Gm20208,353,391,359,298
Gm20219,156,202,119,79
Gm2022,0,0,0,0
Gm20234,12,12,10,23
Gm2026,1,0,0,0
Gm20268,0,1,1,1
Gm20274,450,386,385,364
Gm20275,8531,8923,8052,8908
Gm2030,0,0,0,0
Gm20300,110,214,144,147
Gm20319,387,583,537,534
Gm20324,22,27,16,12
Gm20337,35,37,36,52
Gm20342,1367,1075,1181,1046
Gm2035,0,0,0,0
Gm20356,2,1,2,0
Gm20362,3,0,0,0
Gm20379,26,17,20,24
Gm20383,25,9,17,14
Gm20387,132,222,170,237
Gm20389,6,4,0,4
Gm20394,6,4,1,4
Gm20395,0,8,2,0
Gm20400,2,0,0,0
Gm20402,1,0,0,0
Gm20403,0,1,0,0
Gm20404,1706,1668,1517,1505
Gm20405,2,2,2,5
Gm20406,108,169,101,137
Gm20407,60,38,38,35
Gm20412,0,0,0,0
Gm20416,52,34,31,41
Gm2042,0,0,0,0
Gm20420,6,6,2,4
Gm20421,2,4,0,2
Gm20429,7,3,9,7
Gm2044,6,2,4,3
Gm20442,2,4,1,2
Gm20443,0,0,0,1
Gm20444,1,1,0,1
Gm20455,0,0,0,0
Gm20456,124,151,110,189
Gm20457,208,229,217,172
Gm20461,1,2,2,2
Gm20463,16,20,12,21
Gm20465,1,3,1,3
Gm20467,0,0,0,0
Gm20468,90,99,104,89
Gm20470,795,712,614,630
Gm20471,15,7,6,3
Gm20475,0,1,0,3
Gm20476,9,7,7,9
Gm20478,0,0,0,0
Gm20481,0,0,1,0
Gm20483,43,28,47,34
Gm20484,0,0,0,0
Gm20485,2,0,0,0
Gm20490,0,0,0,0
Gm20492,66,96,73,89
Gm20496,0,1,3,2
Gm20500,1,0,0,0
Gm20501,105,168,121,119
Gm20508,38,55,45,56
Gm20511,17,13,9,11
Gm20512,9,14,17,7
Gm20513,0,1,1,1
Gm20515,254,125,197,172
Gm20522,24,39,28,21
Gm20528,94,47,121,95
Gm20529,7,7,10,6
Gm20531,6,1,2,3
Gm20535,58,58,54,50
Gm20536,401,510,442,544
Gm20539,69,60,42,49
Gm20540,2,3,3,3
Gm20544,20,40,20,16
Gm20546,8,4,3,4
Gm20548,185,166,141,174
Gm20554,23,36,8,1
Gm20556,0,0,0,0
Gm20557,1,0,0,0
Gm20559,191,170,138,175
Gm2056,0,0,0,0
Gm20560,0,2,1,2
Gm20594,0,1,0,1
Gm20597,14,7,12,14
Gm20609,2,3,1,3
Gm2061,59,55,65,64
Gm20610,0,0,0,0
Gm20611,1,0,1,1
Gm20616,931,1210,982,997
Gm20617,23,23,21,18
Gm20618,126,99,114,112
Gm20619,28,28,34,16
Gm20621,36,57,48,42
Gm20625,0,0,0,0
Gm20627,24,21,26,9
Gm20628,21,47,13,30
Gm20629,307,334,192,415
Gm20631,187,196,123,222
Gm20632,11,16,13,16
Gm20633,14,20,18,26
Gm20635,228,263,168,221
Gm20636,9,10,10,4
Gm20638,1,1,0,1
Gm20641,571,616,602,486
Gm20642,15231,19005,15106,16038
Gm20643,0,0,1,1
Gm20644,10,6,10,15
Gm20646,2207,2283,2153,1882
Gm20647,12,28,25,9
Gm20650,169,156,142,138
Gm20652,80,63,51,53
Gm20655,66,51,65,49
Gm20658,749,106,21,29
Gm20659,3,0,4,1
Gm20663,15,20,31,30
Gm20667,1,0,2,0
Gm20670,0,0,0,0
Gm20675,0,0,0,0
Gm20681,19,27,13,9
Gm20682,95,87,115,76
Gm20684,1,2,1,0
Gm20685,5,2,6,5
Gm20686,16,15,10,4
Gm20688,0,0,0,0
Gm20692,40,49,53,41
Gm20700,203,277,169,195
Gm20703,12,20,21,31
Gm20705,41,42,40,57
Gm20707,13,10,27,24
Gm20711,75,65,78,75
Gm20712,62,64,54,37
Gm20713,3833,2648,2971,2844
Gm20714,0,2,2,3
Gm20717,39,42,37,36
Gm20721,789,902,764,653
Gm20730,0,0,0,0
Gm20732,2169,1940,1639,1540
Gm20735,2,8,12,8
Gm20736,0,0,0,0
Gm20737,0,0,0,0
Gm20738,0,0,0,0
Gm20741,0,0,0,0
Gm20742,0,0,1,2
Gm20743,232,255,180,139
Gm20744,0,1,1,1
Gm20745,1,0,0,0
Gm20747,0,0,0,0
Gm2075,0,0,0,0
Gm20750,1,0,1,0
Gm20751,104,104,141,107
Gm20752,372,386,298,257
Gm20753,29,45,39,50
Gm20754,15382,16145,16124,13778
Gm20755,2,9,9,3
Gm20756,19,3,8,5
Gm20757,33,43,35,45
Gm20758,19,17,13,9
Gm20765,0,0,0,0
Gm20767,1,0,0,1
Gm20772,0,0,0,0
Gm20773,0,0,0,0
Gm20777,0,0,0,0
Gm20792,0,0,0,0
Gm20795,0,0,0,0
Gm20806,0,0,0,0
Gm20807,0,0,0,0
Gm20809,0,0,0,0
Gm20812,0,0,0,0
Gm20814,0,0,0,0
Gm20815,0,0,0,0
Gm20816,0,0,0,0
Gm20817,0,0,0,0
Gm20820,0,0,1,0
Gm20821,0,0,0,0
Gm20822,0,0,0,0
Gm20823,0,0,0,0
Gm20824,0,0,0,0
Gm20825,0,0,0,0
Gm20826,0,0,0,0
Gm20828,0,0,0,0
Gm20830,0,0,0,0
Gm20831,1,0,0,2
Gm20834,0,0,0,0
Gm20835,0,0,0,0
Gm20837,0,0,0,0
Gm20838,0,1,0,0
Gm20843,0,0,0,0
Gm20850,0,0,0,0
Gm20852,0,0,0,0
Gm20854,0,0,0,0
Gm20855,0,0,0,0
Gm20865,0,0,0,0
Gm20867,0,0,0,0
Gm20869,0,0,0,0
Gm2087,938,801,760,860
Gm20870,0,0,0,0
Gm20873,0,0,0,0
Gm20877,0,0,0,0
Gm20878,34,52,16,24
Gm20883,0,0,0,0
Gm20888,0,0,0,0
Gm20890,0,0,0,0
Gm20894,0,0,0,0
Gm20896,0,0,0,0
Gm20897,0,0,0,0
Gm20903,0,0,0,0
Gm20905,0,0,0,0
Gm20906,0,1,0,0
Gm20908,0,0,0,0
Gm20909,0,0,0,0
Gm20911,0,0,1,0
Gm20914,0,0,0,0
Gm20916,0,0,0,0
Gm20917,0,0,0,0
Gm20918,0,0,0,0
Gm20920,0,1,0,0
Gm20924,0,0,0,0
Gm20929,0,0,0,0
Gm2093,52,47,57,45
Gm20931,0,0,0,0
Gm20937,0,0,0,0
Gm20939,88,131,105,105
Gm20963,0,0,0,0
Gm20978,0,0,0,0
Gm20987,0,0,0,0
Gm2101,0,0,0,0
Gm21028,0,1,0,1
Gm21057,153,86,104,98
Gm21060,0,0,0,0
Gm21083,0,0,2,0
Gm2109,23,11,9,12
Gm21094,0,0,0,0
Gm21095,0,0,0,0
Gm21103,0,1,0,0
Gm21117,0,0,0,0
Gm21118,0,0,0,0
Gm21119,26,46,26,31
Gm21123,3,0,0,0
Gm21149,0,1,0,0
Gm2115,440,580,809,421
Gm21154,40,53,34,55
Gm2117,1,0,0,0
Gm21173,0,0,0,0
Gm21188,8,4,5,5
Gm21190,0,0,0,0
Gm21209,0,0,0,0
Gm21221,0,0,0,0
Gm21244,0,0,0,0
Gm21256,0,0,0,0
Gm21258,0,0,0,0
Gm21269,31,22,25,20
Gm21284,20,26,25,21
Gm21292,0,0,0,0
Gm21293,0,0,0,0
Gm21294,0,2,0,0
Gm21304,0,0,0,0
Gm21310,0,0,0,0
Gm21312,0,0,0,0
Gm21317,0,0,1,0
Gm21319,0,0,1,1
Gm21366,0,0,0,0
Gm21388,11,14,14,3
Gm21394,0,0,0,0
Gm21409,0,0,0,0
Gm21411,3,2,4,2
Gm21413,0,0,0,0
Gm21419,0,0,0,0
Gm21425,0,0,0,0
Gm21428,0,0,0,0
Gm21440,0,0,0,0
Gm21450,0,0,0,0
Gm21454,2,1,0,2
Gm21477,0,0,0,0
Gm21488,0,0,0,0
Gm21497,0,0,0,0
Gm21518,0,0,0,0
Gm21529,0,0,0,0
Gm21539,0,0,0,0
Gm21541,0,0,0,0
Gm2155,9,23,18,13
Gm21560,0,0,0,0
Gm21562,0,0,0,0
Gm21572,0,0,0,0
Gm21586,0,0,0,0
Gm21588,0,0,0,0
Gm21599,0,0,0,0
Gm21626,0,0,0,0
Gm21627,0,0,0,0
Gm21633,0,0,0,0
Gm21637,0,0,0,0
Gm2164,2617,3681,4621,3267
Gm2165,0,0,0,0
Gm21650,0,0,0,0
Gm21655,0,3,1,2
Gm21663,8,4,12,5
Gm21671,25,22,28,14
Gm21677,0,0,0,0
Gm21680,33,31,48,25
Gm21691,250,325,251,218
Gm21693,0,0,1,1
Gm21698,20,7,9,11
Gm21704,3,1,2,0
Gm21708,0,0,0,0
Gm21718,0,0,0,0
Gm21719,0,0,0,0
Gm21721,0,0,0,0
Gm21723,0,0,0,0
Gm21725,0,0,0,0
Gm21731,0,0,0,0
Gm21738,3,1,1,2
Gm21739,0,0,0,0
Gm2174,0,1,0,0
Gm21748,0,0,0,0
Gm21750,1,2,2,1
Gm21760,0,0,0,0
Gm21761,1,1,0,1
Gm21762,0,0,0,0
Gm21764,0,0,0,0
Gm21767,0,0,0,0
Gm21773,0,0,0,0
Gm21776,0,0,0,0
Gm21778,0,0,0,0
Gm21780,0,0,0,0
Gm21781,459,602,474,424
Gm21797,0,0,0,0
Gm21798,3526,2889,1973,1997
Gm21800,0,0,0,0
Gm21801,0,0,0,0
Gm21809,0,0,0,0
Gm21812,0,0,0,0
Gm21814,333,377,301,391
Gm21817,3,4,5,3
Gm21818,0,0,0,0
Gm21820,0,0,0,0
Gm21821,0,0,0,0
Gm21822,0,0,0,0
Gm21828,0,0,0,0
Gm21830,0,0,0,0
Gm21833,8,11,7,6
Gm21834,0,0,0,0
Gm21836,0,0,0,0
Gm21842,0,0,0,0
Gm21844,27,22,17,22
Gm21847,15,10,4,5
Gm21854,0,1,0,0
Gm21858,0,0,0,0
Gm21859,16,6,16,5
Gm21860,56,31,13,121
Gm21861,0,0,0,0
Gm21863,0,0,0,0
Gm21865,19,24,17,15
Gm21866,0,0,0,0
Gm21874,0,0,0,0
Gm21876,0,0,0,0
Gm21882,0,0,0,0
Gm21885,56,59,52,44
Gm21886,0,0,0,0
Gm21887,339,141,112,490
Gm21891,0,0,0,0
Gm21897,0,1,3,0
Gm21903,0,0,0,0
Gm21904,0,0,0,0
Gm21905,5,3,3,6
Gm21913,0,0,0,0
Gm21914,0,0,0,0
Gm21915,0,0,0,0
Gm21916,0,0,0,0
Gm21917,23,6,10,5
Gm21921,0,0,0,0
Gm21936,0,0,0,0
Gm21943,0,0,0,0
Gm21953,0,0,0,0
Gm21954,480,400,332,413
Gm21958,3,6,4,6
Gm21961,43,50,41,46
Gm21962,3,5,3,5
Gm21976,13,11,14,12
Gm21977,0,0,0,0
Gm21980,0,0,0,0
Gm21994,1,1,0,1
Gm21996,0,0,0,0
Gm2200,0,0,0,0
Gm22000,16,25,17,24
Gm22146,242,275,249,224
Gm22219,0,0,0,0
Gm2233,3,0,0,5
Gm2237,94,147,104,91
Gm2244,5,4,4,5
Gm2245,116,37,191,158
Gm2270,3,8,1,2
Gm2309,0,0,0,0
Gm2310,1,0,0,2
Gm2350,230,264,306,212
Gm2366,36,32,22,38
Gm2379,10,14,17,11
Gm2381,1,1,1,0
Gm23925,0,0,0,0
Gm2396,5,15,9,11
Gm2415,648,717,654,689
Gm24362,74,75,80,54
Gm2447,44,35,48,46
Gm24474,39,50,46,31
Gm2449,132,153,144,138
Gm2453,2,7,3,3
Gm2464,6,44,20,12
Gm2479,8,13,12,14
Gm2511,1,0,0,2
Gm2516,3307,2254,1272,2091
Gm2582,37,51,40,31
Gm2629,301,151,522,363
Gm26510,186,119,244,216
Gm26511,122,124,115,120
Gm26512,813,554,759,594
Gm26513,24,36,18,32
Gm26519,4,5,7,8
Gm26520,111,86,144,121
Gm26531,254,279,237,250
Gm26532,426,355,341,489
Gm26533,310,333,294,380
Gm26535,2,13,4,15
Gm26537,98,95,104,81
Gm26542,2129,1694,1793,1933
Gm26543,212,275,201,200
Gm26544,2,2,1,5
Gm26549,1470,1605,1341,1268
Gm26550,1,0,1,1
Gm26552,0,0,0,0
Gm26553,0,0,0,0
Gm26554,3,7,2,5
Gm26555,106,95,115,102
Gm26558,4,14,7,2
Gm26559,176,286,200,249
Gm26560,2,2,3,1
Gm26562,23,18,17,27
Gm26564,5,9,5,3
Gm26566,5,44,19,13
Gm26568,7,6,10,5
Gm26569,34,40,40,30
Gm26571,28,34,28,29
Gm26574,21,8,9,9
Gm26575,89,92,69,65
Gm26576,5,2,2,1
Gm26577,19,26,13,25
Gm26579,0,0,0,0
Gm26581,0,0,0,2
Gm26583,6,6,2,10
Gm26586,49,53,45,55
Gm26588,24,35,49,33
Gm26590,541,658,517,487
Gm26592,161,150,150,150
Gm26594,242,280,247,232
Gm26597,19,41,18,14
Gm266,206,142,144,100
Gm26600,2,2,4,2
Gm26602,7,6,9,9
Gm26604,116,69,62,120
Gm26608,100,130,176,142
Gm26611,1,2,1,1
Gm26612,16,17,19,20
Gm26614,34,46,31,31
Gm26618,2113,1988,1932,2035
Gm26619,32,47,42,39
Gm26620,61,83,62,93
Gm26621,262,236,134,136
Gm26626,6,5,13,13
Gm26627,5,1,6,4
Gm26628,5,3,2,4
Gm26629,16,27,15,15
Gm2663,0,0,0,0
Gm26630,1,1,1,2
Gm26631,705,723,619,739
Gm26632,73,52,97,84
Gm26633,188,323,148,117
Gm26634,1,0,1,0
Gm26636,35,41,37,47
Gm26638,418,456,476,413
Gm26639,0,0,0,0
Gm26640,4,4,2,5
Gm26642,15,16,5,20
Gm26644,6,0,18,0
Gm26645,7,3,5,6
Gm26646,17,7,18,12
Gm26647,110,95,101,95
Gm26648,104,77,84,67
Gm26650,1,0,0,2
Gm26651,0,0,0,0
Gm26652,958,1091,958,1287
Gm26653,44,38,54,42
Gm26654,0,0,0,0
Gm26655,6,3,6,3
Gm26657,0,0,0,0
Gm26658,397,654,354,615
Gm26660,549,505,623,475
Gm26665,4,19,6,11
Gm26666,12,15,14,6
Gm26670,101,129,113,143
Gm26671,50,20,63,52
Gm26672,2585,2075,1700,1728
Gm26673,554,878,796,552
Gm26674,22,18,19,13
Gm26676,13,31,25,20
Gm26679,90,114,74,84
Gm26680,26,21,17,19
Gm26682,89,85,70,61
Gm26684,12,23,22,28
Gm26685,1,1,1,0
Gm26686,1,1,1,1
Gm26688,15,47,4,8
Gm26691,8805,7621,6295,7648
Gm26692,112,119,105,115
Gm26693,739,807,600,856
Gm2670,8,6,2,6
Gm26703,268,272,268,181
Gm26704,4,9,2,7
Gm26705,7,8,10,6
Gm26707,5,5,3,1
Gm26708,88,145,117,154
Gm26709,5,2,3,1
Gm26713,228,379,332,360
Gm26714,6,7,97,65
Gm26716,7,19,11,11
Gm26717,0,0,2,2
Gm26724,3581,3605,3015,3353
Gm26725,0,2,2,1
Gm26726,5,5,7,10
Gm26728,39,36,47,43
Gm26737,38,37,30,26
Gm26738,7,11,7,5
Gm26739,14,12,13,18
Gm26740,144,77,256,128
Gm26741,0,0,0,0
Gm26743,157,106,112,116
Gm26744,11,7,6,5
Gm26747,22,22,37,17
Gm26748,13,13,15,9
Gm26749,2674,2846,2223,2534
Gm2675,12,4,6,14
Gm26754,4,11,8,5
Gm26756,154,250,166,145
Gm26759,134,119,137,135
Gm26760,402,359,312,343
Gm26761,3,14,7,10
Gm26766,52,44,64,51
Gm26769,0,1,0,0
Gm26770,5,11,8,3
Gm26771,73,93,47,58
Gm26774,2,1,2,1
Gm26777,566,674,548,555
Gm26779,172,156,122,135
Gm26781,152,186,156,153
Gm26782,784,1416,895,839
Gm26783,0,3,2,1
Gm26784,0,0,2,1
Gm26787,602,680,587,724
Gm26788,164,205,204,197
Gm26789,126,96,127,78
Gm26791,0,0,0,0
Gm26793,2,5,8,0
Gm26795,0,0,1,0
Gm26796,9,11,4,5
Gm26797,129,180,159,162
Gm26800,5,2,9,4
Gm26801,44,115,67,53
Gm26802,5,8,4,5
Gm26803,422,352,239,325
Gm26805,40,75,60,86
Gm26806,0,0,0,0
Gm26807,125,137,152,122
Gm26810,24,61,45,41
Gm26811,118,121,120,109
Gm26812,17,7,13,11
Gm26813,0,3,0,1
Gm26815,7,7,4,5
Gm2682,17,47,23,24
Gm26820,118,99,91,113
Gm26822,15,24,20,14
Gm26826,69,87,69,69
Gm26827,1572,937,963,970
Gm26831,10,9,7,4
Gm26832,0,0,0,1
Gm26833,8,2,2,4
Gm26834,46,67,47,42
Gm26838,9,10,1,1
Gm26839,301,262,296,239
Gm26843,661,552,699,609
Gm26844,0,1,1,2
Gm26850,6,9,8,11
Gm26852,126,104,142,76
Gm26854,1346,1659,1481,1374
Gm26861,166,216,132,135
Gm26862,398,224,193,183
Gm26865,12,3,4,4
Gm26868,31,30,25,22
Gm26871,23492,30820,30128,29826
Gm26872,0,4,1,1
Gm26873,861,512,484,570
Gm26876,27,29,32,22
Gm26877,1,7,1,4
Gm26878,0,0,0,0
Gm26879,789,636,622,569
Gm26881,119,124,126,148
Gm26885,111,128,108,77
Gm26886,1,1,2,2
Gm26887,29,25,22,24
Gm26891,28,32,18,24
Gm26893,0,0,0,0
Gm26897,0,1,0,0
Gm26901,1013,964,976,886
Gm26902,43,62,37,34
Gm26903,120,145,104,186
Gm26907,70,78,71,119
Gm26910,314,444,271,393
Gm26911,889,1038,730,687
Gm26912,10,4,3,8
Gm26916,50,45,28,28
Gm26917,5776,6761,6422,4821
Gm26918,347,452,316,435
Gm26930,324,328,322,248
Gm26935,580,618,641,534
Gm26936,1875,1561,1463,1370
Gm2694,363,1352,474,422
Gm26940,0,0,0,0
Gm26944,759,722,653,592
Gm26947,21,27,38,47
Gm26952,173,141,151,112
Gm26953,355,324,418,311
Gm26954,1154,1435,1153,1287
Gm26962,2,0,1,5
Gm26964,212,202,162,149
Gm26967,0,0,0,0
Gm26968,0,0,0,0
Gm26969,0,0,0,0
Gm26971,3,0,2,3
Gm26972,3,8,7,1
Gm26973,7,8,6,29
Gm26974,27,26,32,18
Gm26978,0,2,1,0
Gm26979,203,224,173,188
Gm26981,633,542,562,639
Gm26982,40,49,22,39
Gm26984,19,59,52,50
Gm26994,34,46,39,37
Gm26995,21,17,19,18
Gm27000,13,22,17,27
Gm27002,1,3,3,3
Gm27003,707,685,619,598
Gm27004,11,4,10,3
Gm27007,1,0,2,1
Gm27008,1354,1692,1534,1577
Gm27010,241,167,160,106
Gm27011,6,5,4,4
Gm27016,105,359,108,118
Gm27017,498,398,356,324
Gm27019,18,19,12,15
Gm27022,47,37,34,27
Gm27028,3,8,3,1
Gm27030,14,8,10,9
Gm27032,3669,4012,2559,3058
Gm27033,0,0,0,0
Gm27040,53,83,78,61
Gm27042,21,20,29,21
Gm27045,1,3,1,0
Gm27048,3,3,1,2
Gm27151,423,332,269,286
Gm27153,914,1101,825,997
Gm27159,4,8,6,7
Gm27162,3,2,0,0
Gm27164,9,14,8,5
Gm27166,4,2,5,6
Gm27167,12,18,9,12
Gm27168,0,0,1,1
Gm27169,1,7,2,3
Gm27174,0,0,0,0
Gm27175,0,0,0,0
Gm27176,0,0,0,0
Gm27177,0,0,0,0
Gm27179,0,0,0,0
Gm27184,56,45,22,36
Gm27187,61,64,71,84
Gm27188,912,873,936,801
Gm27191,0,0,0,0
Gm27192,0,0,0,0
Gm27194,0,2,0,1
Gm27195,1,0,1,0
Gm27196,3,2,1,1
Gm27197,11,28,19,14
Gm27198,55,101,113,151
Gm27199,41,104,19,1
Gm27200,698,767,615,761
Gm27201,102,32,112,87
Gm27202,1,0,0,1
Gm27204,0,0,0,0
Gm27206,105,71,66,59
Gm27207,0,1,0,0
Gm27208,0,0,0,0
Gm27209,75,58,74,56
Gm2721,37,21,13,15
Gm27211,9,3,7,4
Gm27216,6,2,1,5
Gm27217,9,1,3,3
Gm27221,0,1,0,0
Gm27222,1,0,0,1
Gm27223,0,0,0,0
Gm27224,6,10,7,7
Gm27226,80,160,116,150
Gm27227,40,38,27,31
Gm27230,4,0,1,6
Gm27231,2,1,1,0
Gm27232,7,8,11,8
Gm27234,1,3,4,1
Gm27239,213,69,103,78
Gm27240,0,1,8,5
Gm27241,1332,1452,1323,1310
Gm27242,9,20,15,36
Gm27243,65,77,14,110
Gm27244,22,9,12,15
Gm27246,5,18,7,6
Gm27252,49,54,31,47
Gm27253,517,639,435,617
Gm27255,0,0,0,0
Gm2762,352,581,639,458
Gm2788,22,10,15,11
Gm2800,0,0,0,0
Gm28040,9,33,19,21
Gm28050,730,1051,834,1002
Gm28054,3,5,6,6
Gm28055,121,130,148,123
Gm28065,0,0,0,0
Gm28068,57,69,52,38
Gm28072,0,0,0,0
Gm28073,0,0,0,0
Gm28074,0,0,0,0
Gm28075,5,7,4,0
Gm28076,0,0,4,1
Gm28077,10,17,10,8
Gm28078,1,0,1,0
Gm28079,0,0,0,0
Gm28081,0,0,0,0
Gm28082,0,0,0,0
Gm28083,0,1,5,1
Gm28085,124,143,139,122
Gm28086,0,0,1,0
Gm28087,19,18,17,11
Gm28088,0,0,0,0
Gm28089,0,0,0,0
Gm28091,0,0,0,0
Gm28092,0,0,0,0
Gm28095,81,106,92,68
Gm28096,0,0,3,1
Gm281,11,18,13,15
Gm28100,3,2,2,4
Gm28102,0,0,0,1
Gm28103,0,0,0,0
Gm28104,0,0,0,0
Gm28108,0,0,0,0
Gm28109,0,0,0,0
Gm28111,36,31,36,43
Gm28112,71,58,53,43
Gm28119,40,58,47,43
Gm28124,0,0,0,0
Gm28126,0,0,0,0
Gm28127,0,0,0,0
Gm28128,0,0,0,0
Gm28129,0,0,0,0
Gm28130,0,0,0,0
Gm28131,0,0,0,0
Gm28132,0,0,0,0
Gm28133,0,0,0,0
Gm28134,0,0,0,0
Gm28135,0,0,0,0
Gm28137,0,0,0,0
Gm28138,0,0,0,0
Gm28139,0,1,1,0
Gm2814,0,9,5,5
Gm28140,40,40,45,52
Gm28147,0,0,0,0
Gm28151,28,129,19,42
Gm28152,0,0,0,0
Gm28153,589,844,606,647
Gm28154,181,254,176,147
Gm28156,1,4,2,5
Gm28157,0,0,0,0
Gm28163,0,0,0,0
Gm28166,0,0,0,0
Gm28167,0,0,0,0
Gm28168,1,0,2,0
Gm28170,0,0,0,0
Gm28171,0,0,0,0
Gm28172,15,19,24,12
Gm28173,0,0,0,0
Gm28174,0,0,0,0
Gm28175,1498,1584,1494,1117
Gm28176,0,0,0,0
Gm28178,7,9,8,9
Gm28180,3,1,2,3
Gm28181,0,0,0,0
Gm28182,2,4,2,1
Gm28183,0,1,0,1
Gm28187,6,5,0,2
Gm28189,0,0,0,1
Gm28192,13,25,19,33
Gm28194,0,0,0,0
Gm28195,0,0,0,0
Gm28196,35,34,29,25
Gm28197,0,0,0,0
Gm28198,3046,3464,2668,3467
Gm28199,0,0,2,0
Gm28201,0,0,0,0
Gm28202,0,0,0,0
Gm28206,0,0,0,0
Gm28207,0,0,0,0
Gm28208,0,0,0,0
Gm28209,11,6,9,7
Gm28210,0,0,0,0
Gm28212,0,0,0,0
Gm28214,0,0,0,0
Gm28215,0,0,0,0
Gm28216,0,0,0,0
Gm28217,0,0,0,0
Gm28218,0,0,0,0
Gm2822,16,13,17,12
Gm28220,0,0,0,0
Gm28221,45,32,48,12
Gm28225,0,0,0,0
Gm28226,0,0,0,0
Gm28228,0,0,1,0
Gm28229,47,84,60,47
Gm28231,0,0,0,0
Gm28233,0,0,0,0
Gm28235,0,0,0,0
Gm28236,0,0,0,0
Gm28237,0,0,0,0
Gm28238,0,0,0,0
Gm2824,2173,3014,2180,1769
Gm28240,2,0,0,0
Gm28242,0,0,0,0
Gm28244,0,0,0,0
Gm28245,0,0,0,0
Gm28246,0,0,0,0
Gm28249,0,0,0,0
Gm28250,0,0,0,0
Gm28252,0,0,0,0
Gm28254,0,0,0,0
Gm28258,111,106,124,103
Gm28259,0,0,0,0
Gm28260,0,0,0,0
Gm28262,0,1,0,1
Gm28264,0,0,0,0
Gm28265,0,0,0,0
Gm28268,2,1,0,0
Gm28269,0,0,1,0
Gm28271,5,11,8,6
Gm28274,0,0,0,0
Gm28276,0,0,0,0
Gm28277,17,13,27,15
Gm28278,0,0,0,0
Gm28279,0,0,0,0
Gm28280,0,0,0,0
Gm28284,0,0,0,0
Gm28286,14,6,15,8
Gm28287,1,0,1,0
Gm28289,9,6,4,6
Gm28291,0,0,0,0
Gm28293,0,0,0,0
Gm28294,358,314,276,242
Gm28295,0,0,0,0
Gm28296,0,0,0,0
Gm28297,0,0,0,0
Gm28298,0,0,0,0
Gm28300,0,0,0,0
Gm28301,0,0,0,0
Gm28306,6,8,5,3
Gm28307,625,753,621,692
Gm28310,0,0,0,0
Gm28311,0,0,0,0
Gm28312,0,0,0,0
Gm28313,0,0,0,0
Gm28315,0,0,0,0
Gm28316,0,0,0,0
Gm28317,0,0,0,0
Gm28318,0,0,0,0
Gm28319,93,80,86,87
Gm2832,4,7,9,5
Gm28320,1006,909,1147,875
Gm28321,0,0,0,0
Gm28322,90,65,81,73
Gm28323,31,21,20,28
Gm28324,0,0,0,0
Gm28325,0,0,0,0
Gm28326,0,0,0,0
Gm28331,0,0,0,0
Gm28332,0,0,0,0
Gm28333,0,0,0,0
Gm28336,0,0,0,0
Gm28338,0,0,0,0
Gm28340,0,0,0,0
Gm28342,7,2,6,4
Gm28345,0,0,0,0
Gm28346,0,0,0,0
Gm28347,0,0,0,0
Gm28348,0,0,0,0
Gm28351,1,1,0,0
Gm28352,0,0,0,0
Gm28355,0,0,0,0
Gm28357,0,0,0,0
Gm28360,0,0,1,0
Gm28363,2,2,2,5
Gm28364,1,1,0,1
Gm28365,0,0,0,0
Gm28367,0,0,0,0
Gm28370,957,1210,757,988
Gm28375,4165,4076,3763,3718
Gm28376,6870,10794,8765,9013
Gm28379,1582,1871,1399,1571
Gm28380,6,9,12,24
Gm28382,0,2,0,0
Gm28386,1,4,2,1
Gm28387,0,1,0,0
Gm28393,0,0,0,0
Gm28394,0,0,0,0
Gm28395,0,0,0,0
Gm28398,0,0,0,0
Gm28401,6,12,2,0
Gm28402,2,3,2,3
Gm28403,779,723,633,614
Gm28404,36,43,31,25
Gm28405,0,0,0,0
Gm28406,0,0,0,0
Gm28407,0,0,0,0
Gm28410,124,240,101,118
Gm28411,191,93,108,174
Gm28415,0,1,0,1
Gm28417,31,20,35,42
Gm28421,0,0,0,0
Gm28422,0,0,0,0
Gm28424,52,101,60,82
Gm28425,0,0,0,0
Gm28426,0,0,0,0
Gm28427,0,0,0,0
Gm28430,0,0,0,0
Gm28431,0,0,0,0
Gm28432,0,0,0,0
Gm28440,0,0,0,0
Gm28441,0,0,1,0
Gm28442,0,0,0,0
Gm28444,0,0,0,0
Gm28445,0,0,0,0
Gm28447,23,21,20,20
Gm28448,19,14,8,23
Gm28449,0,0,0,0
Gm28450,0,0,0,0
Gm28454,0,0,0,0
Gm28456,0,0,0,0
Gm28457,0,0,0,0
Gm28458,0,0,0,0
Gm28460,0,0,0,0
Gm28461,0,0,0,0
Gm28462,0,0,0,0
Gm28463,0,0,0,0
Gm28464,0,0,0,0
Gm28465,0,0,0,0
Gm28469,0,0,0,0
Gm28470,0,0,0,0
Gm28472,0,0,0,0
Gm28475,0,0,0,0
Gm28482,0,2,1,0
Gm28485,0,0,0,0
Gm28486,0,0,0,0
Gm28487,0,0,0,0
Gm28488,0,0,0,0
Gm28490,0,0,0,0
Gm28491,0,0,0,0
Gm28492,4,7,3,7
Gm28493,0,2,0,3
Gm28494,311,264,158,288
Gm28497,0,1,5,1
Gm28499,6,3,3,2
Gm28501,401,326,390,279
Gm28502,1,0,2,0
Gm28505,57,52,48,57
Gm28509,0,0,0,0
Gm28510,1,0,0,1
Gm28511,0,0,0,0
Gm28512,3,2,1,3
Gm28513,34,35,12,23
Gm28514,4,2,4,2
Gm28515,0,0,0,0
Gm28516,1,3,3,1
Gm28517,0,0,0,0
Gm28518,0,0,0,0
Gm28519,0,0,0,0
Gm28520,0,0,0,0
Gm28521,0,0,0,0
Gm28522,0,0,0,0
Gm28523,23,29,11,6
Gm28526,20,31,36,40
Gm28528,2,2,2,8
Gm28529,250,248,185,251
Gm28532,0,0,0,0
Gm28535,97,103,70,81
Gm28536,0,4,4,1
Gm28538,0,0,0,0
Gm28540,0,0,0,0
Gm28541,0,0,0,0
Gm28543,0,0,0,0
Gm28545,0,0,0,0
Gm28547,0,0,0,0
Gm28548,0,0,2,0
Gm28549,0,0,0,0
Gm28550,0,0,0,0
Gm28553,0,0,0,0
Gm28554,0,0,0,0
Gm28556,0,0,0,0
Gm28557,21,28,36,26
Gm28561,0,0,0,0
Gm28563,2,3,3,4
Gm28564,0,1,1,0
Gm28565,0,0,0,0
Gm28566,0,0,0,0
Gm28568,0,0,0,0
Gm28570,0,0,0,0
Gm28571,0,0,0,0
Gm28575,0,0,0,0
Gm28576,0,0,0,0
Gm28578,694,616,518,851
Gm28579,0,0,0,0
Gm28585,0,0,0,0
Gm28586,1,5,0,1
Gm28587,1,3,2,1
Gm28588,1,0,1,0
Gm28590,24,14,20,12
Gm28592,1,3,2,1
Gm28593,0,0,0,0
Gm28595,0,0,0,0
Gm28600,0,0,0,0
Gm28604,0,0,0,0
Gm28606,0,0,0,0
Gm28609,408,323,352,350
Gm2861,7,18,10,13
Gm28610,36,34,27,37
Gm28612,0,0,0,1
Gm28613,0,0,0,0
Gm28616,0,0,0,1
Gm28617,0,0,0,0
Gm28619,0,0,0,0
Gm28620,0,0,0,0
Gm28622,1,2,0,0
Gm28625,0,0,0,0
Gm28626,2,4,7,5
Gm28632,0,0,0,0
Gm28633,0,0,0,0
Gm28634,1,0,0,0
Gm28638,30,34,32,38
Gm28639,0,0,0,0
Gm28640,0,0,0,0
Gm28641,7,16,15,28
Gm28643,6,7,2,7
Gm28644,0,0,0,0
Gm28651,0,2,7,7
Gm28652,27,30,5,23
Gm28653,3,3,0,3
Gm28656,0,0,0,0
Gm28663,0,0,0,0
Gm28664,1,0,1,0
Gm28668,0,0,0,0
Gm28670,0,0,0,0
Gm28672,0,0,0,0
Gm28673,0,0,0,0
Gm28674,0,0,0,0
Gm28675,16,13,15,15
Gm28676,1,2,0,0
Gm28679,0,0,0,0
Gm28681,0,0,0,0
Gm28684,0,0,0,0
Gm28687,0,0,0,0
Gm28689,0,0,0,0
Gm28690,0,0,0,0
Gm28691,0,0,0,0
Gm28692,0,0,0,0
Gm28694,19,22,15,30
Gm28696,0,0,0,0
Gm28697,0,0,0,0
Gm28701,0,0,0,0
Gm28702,0,0,0,0
Gm28703,6,20,0,10
Gm28704,0,0,0,0
Gm28706,0,0,0,0
Gm28707,73,65,71,80
Gm28709,0,0,0,0
Gm28710,7,12,26,6
Gm28710.1,0,0,0,0
Gm28718,0,0,0,0
Gm28721,0,3,1,0
Gm28722,12,5,5,5
Gm28723,25,31,41,37
Gm28725,0,0,0,0
Gm28726,0,0,0,0
Gm28729,25,31,14,20
Gm28730,2,3,4,0
Gm28731,6,2,7,10
Gm28732,0,0,0,0
Gm28733,0,0,0,0
Gm28735,0,0,0,0
Gm28741,0,0,0,0
Gm28743,0,0,0,0
Gm28744,0,0,0,0
Gm28745,0,0,0,0
Gm28746,0,0,2,0
Gm28747,1,0,1,0
Gm28750,825,872,997,836
Gm28753,0,0,0,0
Gm28754,0,0,0,0
Gm28756,790,993,624,786
Gm28758,0,0,0,0
Gm28760,0,3,0,0
Gm28761,0,0,0,0
Gm28762,0,0,0,0
Gm28763,0,0,0,0
Gm28764,0,0,0,0
Gm28765,0,0,0,0
Gm28771,0,0,0,0
Gm28772,0,0,0,0
Gm28774,0,0,0,0
Gm28775,0,0,0,0
Gm28777,5,6,6,5
Gm28782,1,1,6,2
Gm28783,5,10,7,14
Gm28784,54,56,48,32
Gm28786,0,0,0,0
Gm28789,0,0,0,0
Gm28791,759,645,614,590
Gm28792,215,186,201,160
Gm28793,0,0,0,0
Gm28798,0,0,0,0
Gm28799,0,0,0,0
Gm28800,27,32,22,25
Gm28806,2,0,0,0
Gm28807,57,114,95,77
Gm28809,20,15,42,38
Gm28810,0,0,0,0
Gm28811,0,0,0,0
Gm28813,0,0,0,0
Gm28816,0,0,0,0
Gm28817,0,0,0,0
Gm28818,2,1,4,2
Gm28820,0,0,0,0
Gm28821,0,0,0,1
Gm28822,21,22,24,13
Gm28823,0,0,0,0
Gm28824,0,0,0,0
Gm28826,27,68,52,51
Gm28827,0,0,0,0
Gm28832,0,0,0,0
Gm28834,0,0,0,0
Gm28836,137,183,173,178
Gm28839,0,0,0,0
Gm28842,0,0,0,0
Gm28850,0,0,0,0
Gm28851,0,0,0,0
Gm28852,0,0,0,0
Gm28853,0,0,0,0
Gm28856,4,7,9,6
Gm28857,0,1,0,1
Gm28858,0,0,0,0
Gm28863,4,10,1,2
Gm28864,0,0,0,0
Gm28865,0,3,0,1
Gm28866,0,0,0,0
Gm28867,2,1,2,1
Gm28870,0,0,0,0
Gm28872,0,0,0,0
Gm28874,30,20,29,21
Gm28875,49,37,47,29
Gm28876,8,13,10,8
Gm28878,0,0,0,0
Gm2888,0,0,0,2
Gm28880,0,0,0,0
Gm28881,0,0,0,0
Gm28884,10,2,2,9
Gm28886,0,0,0,0
Gm28887,0,2,0,0
Gm28888,1,0,1,2
Gm28889,0,0,0,0
Gm28890,0,0,0,0
Gm28891,0,1,0,0
Gm28892,123,101,66,73
Gm28893,1,2,0,0
Gm28897,0,0,1,0
Gm28898,0,0,0,0
Gm28901,0,0,0,0
Gm28902,8,5,4,4
Gm28905,6300,8365,5690,6404
Gm28908,0,0,0,0
Gm28913,6,10,7,5
Gm28914,0,0,2,1
Gm28919,2,0,0,0
Gm28930,0,0,0,0
Gm28932,4,2,0,0
Gm28935,0,0,1,0
Gm28938,0,0,0,0
Gm28940,62,60,45,52
Gm28941,37,74,63,69
Gm28942,0,0,0,0
Gm28944,0,0,0,0
Gm28945,0,0,0,0
Gm28947,0,0,0,0
Gm28948,0,0,0,0
Gm2895,18,19,23,14
Gm28950,0,0,0,0
Gm28954,0,0,0,0
Gm28955,0,0,0,0
Gm28959,30,41,34,50
Gm28960,607,739,628,630
Gm28961,0,1,0,0
Gm28962,0,0,0,0
Gm28963,0,0,0,0
Gm28964,0,0,0,0
Gm28965,0,0,0,0
Gm28966,0,0,0,0
Gm28967,0,3,0,1
Gm2897,88,133,66,91
Gm28970,0,0,0,0
Gm28971,0,0,0,0
Gm28972,0,0,0,0
Gm28977,0,0,0,0
Gm28979,3,3,2,1
Gm28981,107,102,136,123
Gm28982,31,39,47,58
Gm28984,0,0,0,0
Gm28985,0,0,0,0
Gm28986,0,0,0,0
Gm28987,0,0,0,0
Gm28988,29,29,26,25
Gm28989,153,169,131,149
Gm28991,0,5,3,6
Gm28993,0,0,0,0
Gm28994,0,0,0,0
Gm28998,0,0,0,0
Gm28999,0,0,0,0
Gm29003,0,0,0,0
Gm29005,0,0,0,0
Gm29007,0,0,0,0
Gm29009,0,0,0,1
Gm29010,3,10,9,6
Gm29012,3,1,0,0
Gm29015,0,0,0,0
Gm29016,0,0,0,0
Gm29017,38,72,52,34
Gm29018,29,19,33,37
Gm29019,26,18,19,18
Gm29020,7,2,1,2
Gm29021,0,0,0,0
Gm29023,0,0,0,0
Gm29025,0,0,0,0
Gm29027,0,0,0,0
Gm29028,0,0,0,0
Gm29040,7,1,2,3
Gm29042,0,0,0,0
Gm29043,0,0,0,0
Gm29044,0,0,0,0
Gm29046,0,0,0,0
Gm29049,0,0,0,0
Gm29050,22,25,28,21
Gm29051,4,6,8,8
Gm29052,0,1,0,0
Gm29053,0,2,0,0
Gm29054,61,99,80,83
Gm29055,50,47,53,57
Gm29056,0,0,0,0
Gm29060,0,0,0,0
Gm29061,0,0,0,0
Gm29063,0,0,0,0
Gm29064,0,0,0,0
Gm29065,0,0,0,0
Gm29066,0,0,0,0
Gm29067,0,0,0,0
Gm29069,141,220,205,127
Gm29070,0,0,0,0
Gm29071,0,0,0,0
Gm29074,0,0,0,0
Gm29077,0,0,0,0
Gm29078,0,0,0,0
Gm29080,0,0,0,0
Gm29081,0,0,0,0
Gm29082,0,0,0,0
Gm29083,34,34,24,34
Gm29084,1,0,0,1
Gm29087,4,6,12,4
Gm29088,336,476,465,488
Gm29089,0,0,0,0
Gm29090,0,0,0,0
Gm29091,0,0,0,0
Gm29093,217,159,208,160
Gm29098,0,0,0,0
Gm29099,2,0,0,0
Gm29100,14,5,5,4
Gm29101,27,40,37,29
Gm29106,0,0,3,0
Gm29107,90,105,61,48
Gm29108,0,0,0,0
Gm29110,1,0,0,0
Gm29112,16,17,13,15
Gm29113,10,2,14,12
Gm29114,129,102,133,107
Gm29116,0,0,0,0
Gm29117,0,0,0,0
Gm2912,32,23,12,55
Gm29122,0,0,0,0
Gm29123,70,66,69,60
Gm29125,1,0,2,1
Gm29128,5,1,1,0
Gm29129,20,18,13,14
Gm29130,0,0,0,0
Gm29131,0,0,0,0
Gm29132,0,0,0,0
Gm29133,1,4,4,0
Gm29135,47,10,17,39
Gm29137,2,5,2,2
Gm29139,0,0,0,0
Gm29146,0,0,0,0
Gm29151,3,7,3,1
Gm29152,12,16,8,8
Gm29154,5,6,13,9
Gm29155,25,45,29,24
Gm29156,6,13,4,4
Gm29157,0,3,3,1
Gm29158,0,0,0,0
Gm2916,0,0,0,0
Gm29162,0,0,0,0
Gm29166,0,0,0,0
Gm29168,0,0,0,0
Gm29170,251,419,286,349
Gm29175,2,0,0,3
Gm29182,0,0,0,0
Gm29183,3,0,1,0
Gm29185,13,17,12,12
Gm29186,3,2,0,1
Gm29187,0,0,0,0
Gm29188,1,0,0,1
Gm29190,0,0,0,0
Gm29191,0,0,0,0
Gm29193,0,0,0,0
Gm29194,0,0,0,0
Gm29198,0,0,0,0
Gm29200,9,3,8,3
Gm29202,0,0,0,0
Gm29203,0,0,0,0
Gm29204,0,0,0,0
Gm29206,0,0,0,0
Gm29207,0,0,0,0
Gm29208,4,0,1,2
Gm29209,0,0,0,0
Gm29210,0,0,0,0
Gm29213,0,0,0,0
Gm29215,0,0,0,0
Gm29217,0,0,0,0
Gm29219,0,0,0,0
Gm29220,0,0,0,0
Gm29221,1,0,0,0
Gm29222,0,0,0,0
Gm29225,0,0,0,0
Gm29226,0,0,0,0
Gm29229,0,0,1,0
Gm29230,1,1,2,1
Gm29233,0,0,0,0
Gm29234,0,0,0,2
Gm29235,0,0,0,0
Gm29237,671,585,631,620
Gm29242,23,22,31,25
Gm29243,0,2,4,1
Gm29246,12,14,2,10
Gm29248,0,0,0,0
Gm29250,0,0,0,0
Gm29252,0,0,0,0
Gm29254,17,20,13,15
Gm29255,0,0,0,0
Gm29260,258,64,87,114
Gm29261,1,4,4,1
Gm29264,12,13,16,15
Gm29265,0,0,0,0
Gm29266,141,140,207,162
Gm29270,0,0,0,0
Gm29271,0,0,0,0
Gm29274,0,0,0,0
Gm29275,0,0,0,0
Gm29276,0,0,0,0
Gm29277,0,0,0,0
Gm29278,0,0,0,0
Gm29282,132,193,141,124
Gm29283,5,6,4,2
Gm29285,0,0,0,0
Gm29286,0,0,0,0
Gm29289,0,0,0,0
Gm29290,1,0,2,0
Gm29291,1,2,4,8
Gm29292,7,4,1,0
Gm29295,1,1,3,2
Gm29296,47,55,40,30
Gm29297,0,0,0,0
Gm29301,0,0,0,0
Gm29302,0,0,0,0
Gm29303,0,0,0,0
Gm29305,0,0,0,0
Gm29309,0,0,0,0
Gm29311,0,0,0,0
Gm29313,0,0,0,0
Gm29315,0,0,0,0
Gm29316,0,0,0,0
Gm29318,0,3,1,1
Gm29321,0,0,0,0
Gm29322,20,20,32,20
Gm29323,0,1,0,1
Gm29324,0,0,0,0
Gm29325,155,140,149,132
Gm29326,0,0,0,0
Gm29327,0,1,1,0
Gm29328,6,6,5,3
Gm29329,0,0,0,0
Gm29331,4,0,2,3
Gm29336,0,1,1,2
Gm29337,1,1,0,0
Gm29338,0,0,0,0
Gm29340,37,37,28,36
Gm29341,0,0,0,0
Gm29342,0,0,0,0
Gm29343,0,0,0,0
Gm29345,1,1,0,1
Gm29346,0,2,0,0
Gm29347,0,0,0,0
Gm29348,1,0,1,1
Gm29349,0,0,0,0
Gm29351,0,0,0,0
Gm29353,0,0,0,0
Gm29358,289,273,311,234
Gm29359,1,0,0,0
Gm29360,0,0,0,0
Gm29361,189,197,163,230
Gm29362,1,3,0,2
Gm29363,0,0,0,0
Gm29364,0,0,0,0
Gm29367,115,132,135,116
Gm29368,0,0,0,0
Gm29370,0,0,0,0
Gm29371,1,0,0,0
Gm29373,0,0,0,0
Gm29374,3,0,4,11
Gm29379,0,0,0,0
Gm29380,0,0,0,0
Gm29381,0,0,0,0
Gm29384,0,0,0,0
Gm29386,0,0,0,0
Gm29387,0,0,0,0
Gm29388,1,0,0,0
Gm29392,0,0,0,0
Gm29393,0,0,0,0
Gm29394,721,606,672,618
Gm29395,2,10,4,5
Gm29398,5,12,4,3
Gm29399,0,0,0,0
Gm29404,0,0,0,0
Gm29405,0,0,0,0
Gm29406,0,0,0,0
Gm29408,0,0,0,0
Gm29409,0,0,0,0
Gm29414,0,1,2,0
Gm29416,0,0,0,0
Gm29417,131,106,86,67
Gm29418,18,19,11,10
Gm29421,0,0,0,0
Gm29423,0,0,0,0
Gm29425,0,0,0,0
Gm29426,0,0,0,0
Gm29430,0,0,0,0
Gm29431,2,6,2,4
Gm29433,0,0,0,0
Gm29434,1,1,2,1
Gm29436,0,0,0,0
Gm29439,0,0,0,0
Gm29442,1,0,1,0
Gm29443,184,280,191,176
Gm29444,0,0,0,0
Gm29445,0,0,0,0
Gm29446,0,0,0,0
Gm29447,0,0,0,0
Gm29449,0,0,0,0
Gm29450,0,0,0,0
Gm29453,22,17,22,17
Gm29455,83,99,188,117
Gm29456,1,2,2,1
Gm29457,0,0,0,0
Gm29458,1,3,0,1
Gm29459,0,0,0,0
Gm29461,2,6,0,0
Gm29464,3,1,0,2
Gm29466,0,0,0,0
Gm29467,0,0,0,0
Gm29472,0,0,0,0
Gm29473,0,0,0,0
Gm29477,16,12,10,18
Gm29478,113,168,65,120
Gm29480,125,144,179,120
Gm29481,51,58,51,52
Gm29482,0,0,0,0
Gm29483,3,3,3,2
Gm29488,183,197,165,145
Gm29491,25,40,28,21
Gm29497,0,0,0,0
Gm29498,0,0,0,0
Gm29500,0,0,0,0
Gm29501,0,0,0,0
Gm29502,309,329,325,268
Gm29504,0,0,0,0
Gm29506,20,32,11,23
Gm29507,2,7,3,4
Gm29508,12,6,9,5
Gm29509,0,0,0,0
Gm29511,0,0,0,0
Gm29513,0,0,0,0
Gm29514,2720,3177,2373,2082
Gm29515,0,0,0,0
Gm29520,0,0,0,0
Gm29521,127,121,69,43
Gm29522,0,0,0,0
Gm29527,0,0,0,0
Gm29529,3,3,3,1
Gm29530,395,416,348,320
Gm29531,0,0,0,0
Gm29532,0,0,0,0
Gm29536,90,87,67,69
Gm29537,0,0,0,0
Gm29538,0,2,0,1
Gm29539,1,2,7,1
Gm29540,0,2,1,0
Gm29542,8,11,10,5
Gm29543,2,3,9,8
Gm29547,0,0,0,0
Gm29549,0,0,0,0
Gm29554,0,0,0,0
Gm29555,0,0,0,0
Gm29557,0,0,0,0
Gm2956,1,0,0,1
Gm29561,4,3,3,5
Gm29562,3,4,5,6
Gm29564,0,0,0,0
Gm29565,0,0,0,0
Gm29566,1,0,0,0
Gm29568,0,0,0,0
Gm29569,0,0,0,0
Gm29570,80,92,92,69
Gm29571,100,112,75,81
Gm29578,0,0,0,0
Gm29579,0,0,0,0
Gm29580,0,0,0,0
Gm29581,0,0,0,0
Gm29582,0,0,0,0
Gm29584,0,0,0,0
Gm29585,27,32,18,31
Gm29587,772,980,783,923
Gm29588,0,0,0,0
Gm29590,0,0,0,0
Gm29591,0,0,0,0
Gm29594,0,8,0,4
Gm29601,0,2,0,0
Gm29606,0,0,0,0
Gm29611,2,0,2,0
Gm29612,0,0,0,0
Gm29616,0,0,0,0
Gm29622,0,0,0,0
Gm29625,0,0,0,0
Gm29626,104,85,69,74
Gm29628,0,0,0,0
Gm29629,7,14,7,5
Gm29630,1,0,1,1
Gm29632,0,0,0,0
Gm29636,0,0,0,0
Gm29638,4,7,4,10
Gm29642,318,349,290,357
Gm29645,0,0,0,0
Gm29646,0,0,0,0
Gm29648,0,0,0,0
Gm29650,78,54,99,70
Gm29653,0,0,0,0
Gm29654,0,0,0,0
Gm29655,0,0,0,0
Gm29656,0,0,0,0
Gm29660,0,0,0,0
Gm29662,0,0,0,0
Gm29663,0,0,0,0
Gm29664,0,0,0,1
Gm29665,0,0,0,0
Gm29666,347,325,333,334
Gm29670,20,26,27,22
Gm29671,0,0,0,0
Gm29672,0,0,0,0
Gm29674,208,197,132,123
Gm29675,112,132,117,113
Gm29676,72,91,59,79
Gm29677,0,0,0,0
Gm29678,0,0,0,0
Gm29680,20,18,18,21
Gm29681,9,14,20,24
Gm29682,12,13,11,12
Gm29683,726,487,794,341
Gm29684,14,23,17,19
Gm29685,9,12,9,16
Gm29686,2,1,0,0
Gm29687,6,15,14,16
Gm29695,95,86,70,65
Gm29707,48,57,40,56
Gm29724,485,491,423,454
Gm29735,1,0,1,1
Gm29737,1,1,0,1
Gm2974,24,37,21,28
Gm29771,68,73,66,21
Gm29773,25,35,32,37
Gm29776,4,6,4,3
Gm29797,20,28,18,26
Gm29805,0,1,0,0
Gm29811,54,40,30,41
Gm29823,3,1,4,0
Gm29824,2,0,7,2
Gm29825,2,1,0,2
Gm29839,0,0,0,0
Gm29856,12,18,12,10
Gm29860,1,0,0,1
Gm29863,3,6,2,2
Gm29865,178,198,167,95
Gm29866,0,0,0,0
Gm29880,1,0,4,1
Gm29895,2,2,1,0
Gm2990,8,8,7,16
Gm29904,11,3,12,4
Gm29909,0,0,0,1
Gm29918,0,0,0,0
Gm29926,0,0,0,0
Gm29927,10,14,20,19
Gm29946,3,4,5,6
Gm29961,8,8,5,10
Gm29966,3,3,7,2
Gm29968,5,4,2,2
Gm29992,1,1,0,0
Gm29994,305,246,221,289
Gm29999,1,0,0,0
Gm2a,125,240,164,136
Gm30003,414,451,419,264
Gm30008,0,0,2,2
Gm30015,154,145,96,59
Gm30018,100,88,71,80
Gm3002,39,65,40,50
Gm30025,55,146,97,80
Gm30034,0,0,0,0
Gm30042,5,3,4,7
Gm30043,0,0,0,1
Gm30045,0,0,0,0
Gm3005,1,1,2,1
Gm30052,2,3,2,2
Gm30054,1999,2067,1879,1923
Gm30074,2,0,0,0
Gm30075,95,43,93,111
Gm30082,51,38,47,53
Gm30083,0,0,0,0
Gm30085,70,117,61,84
Gm30091,43,54,34,36
Gm30093,220,156,137,131
Gm30094,125,179,230,151
Gm30097,27,23,21,17
Gm30108,27,41,18,29
Gm30117,33,27,34,37
Gm3012,0,0,0,0
Gm30122,64,67,58,48
Gm30124,44,38,35,41
Gm30127,17,10,14,4
Gm30132,0,0,0,0
Gm30146,1,0,0,0
Gm3015,0,0,0,0
Gm30159,5,4,13,14
Gm30165,0,2,1,5
Gm30173,56,26,64,66
Gm30174,0,0,0,0
Gm30177,26,56,38,26
Gm30190,2,9,1,10
Gm30191,0,0,0,0
Gm30192,3,1,2,2
Gm30198,40,37,28,34
Gm3020,0,0,0,0
Gm30211,4,0,0,0
Gm30214,7,10,3,12
Gm30228,3,4,2,2
Gm30239,3,6,8,2
Gm30246,4,7,7,7
Gm30262,3,2,5,3
Gm30270,7,0,2,7
Gm30275,78,83,62,78
Gm30288,2,2,1,2
Gm3029,0,0,0,0
Gm30292,0,4,2,1
Gm30301,9,7,12,21
Gm30302,3,5,2,5
Gm30313,183,221,128,220
Gm30329,13,14,18,27
Gm3033,0,0,0,1
Gm30332,31,29,17,20
Gm30339,47,6,8,7
Gm30340,86,97,66,50
Gm30353,0,0,0,0
Gm30363,31,19,33,38
Gm30371,307,343,361,292
Gm30373,95,86,109,54
Gm30381,0,0,0,2
Gm30382,3978,6473,6327,5103
Gm30400,223,280,271,259
Gm30409,4,3,0,0
Gm30411,1,6,7,3
Gm30414,9,6,3,2
Gm30420,0,0,0,1
Gm3043,0,0,0,0
Gm3045,0,0,0,2
Gm30454,1,0,1,0
Gm30459,0,4,1,4
Gm30467,12,7,2,3
Gm3047,0,0,0,0
Gm30484,1,2,1,2
Gm30489,20,24,21,22
Gm30498,2,0,0,0
Gm30504,149,188,157,111
Gm30505,4,3,2,5
Gm30524,132,71,48,29
Gm3054,0,0,0,0
Gm30541,520,501,352,360
Gm3055,114,131,121,122
Gm30551,26,16,13,27
Gm30556,0,0,0,0
Gm30557,0,1,0,1
Gm30563,12,27,36,31
Gm30564,22,22,11,19
Gm30567,0,0,2,2
Gm30570,0,0,1,0
Gm30593,3,0,3,0
Gm30600,0,0,0,0
Gm30606,163,128,159,114
Gm30613,11,6,6,6
Gm30624,111,107,142,119
Gm30641,10,0,4,4
Gm30648,705,615,442,628
Gm30655,225,193,167,230
Gm30667,41,35,39,40
Gm30676,0,2,1,1
Gm30684,12,26,11,23
Gm30686,0,0,0,0
Gm30691,4,10,12,7
Gm30692,0,0,0,1
Gm30695,1,4,0,0
Gm30705,0,0,0,0
Gm30709,4,0,0,0
Gm30717,0,0,0,0
Gm3072,1,0,0,0
Gm30725,0,0,1,0
Gm30726,0,0,0,0
Gm30731,48,63,43,29
Gm30735,1,2,0,3
Gm30737,0,0,0,0
Gm30771,23,18,18,28
Gm30781,0,0,0,0
Gm30784,0,0,0,0
Gm30790,6,3,3,4
Gm30794,0,3,2,7
Gm30806,13,3,11,23
Gm30808,1,0,0,0
Gm30835,67,48,50,41
Gm30849,4,6,1,6
Gm30853,5,13,10,1
Gm30873,45,49,45,56
Gm30881,149,160,173,186
Gm30889,2,7,2,6
Gm30893,16,14,8,16
Gm30906,62,70,51,94
Gm30928,3,5,1,2
Gm30929,16,15,25,13
Gm30931,0,0,0,1
Gm30932,0,0,0,0
Gm30933,4,2,3,3
Gm30934,12,31,10,16
Gm30938,26,26,23,27
Gm30948,0,4,0,3
Gm3095,0,0,0,0
Gm30954,29,34,49,29
Gm30961,2,0,0,1
Gm30978,2,4,0,8
Gm30984,7,33,19,8
Gm3099,0,0,0,0
Gm31013,1,0,8,4
Gm31019,57,69,48,50
Gm31025,2,0,0,0
Gm31026,0,1,1,0
Gm31036,76,53,84,60
Gm31045,8,92,57,54
Gm31048,0,0,0,0
Gm3106,0,0,0,0
Gm31063,4,0,0,1
Gm31072,0,0,0,0
Gm31084,14,16,8,14
Gm31086,2,4,1,2
Gm31087,219,251,210,226
Gm31105,6,2,15,13
Gm31107,11,29,2,13
Gm31108,16,12,3,5
Gm31121,6,13,10,19
Gm31126,1,2,4,0
Gm31135,203,240,234,200
Gm31138,0,1,0,0
Gm31143,0,3,0,1
Gm3115,3,0,1,1
Gm31152,457,486,543,559
Gm31172,88,77,63,74
Gm31181,6,4,4,0
Gm31182,48,97,48,42
Gm31205,11,12,15,14
Gm31218,151,291,295,283
Gm31219,4,6,1,5
Gm31224,528,412,487,413
Gm31227,18,14,7,42
Gm31243,172,118,124,104
Gm31251,75,36,39,163
Gm31265,3,1,0,3
Gm31266,8,16,11,7
Gm31267,2,9,0,0
Gm3127,0,0,0,0
Gm31282,859,933,900,836
Gm31294,3,9,4,9
Gm31305,343,313,299,309
Gm31314,0,0,0,0
Gm31323,840,682,689,710
Gm31333,308,391,359,331
Gm31342,0,1,1,1
Gm31343,11,16,14,13
Gm31356,1077,945,915,1404
Gm31363,8,8,3,6
Gm31369,1,1,0,0
Gm3137,1,0,2,3
Gm31371,52,38,28,30
Gm31373,1,0,1,0
Gm31374,76,77,74,83
Gm31378,0,1,1,1
Gm3138,0,0,0,0
Gm3139,0,0,0,0
Gm31392,8,9,3,1
Gm31393,0,1,3,1
Gm31401,1,2,1,2
Gm31406,4,4,2,5
Gm31408,18,28,21,37
Gm31409,34,74,29,30
Gm31410,10,16,14,21
Gm31415,1,0,1,1
Gm31422,0,0,0,0
Gm3143,113,40,49,71
Gm31432,23,32,38,37
Gm31447,6,8,3,5
Gm31450,60,55,33,63
Gm31452,41,30,50,43
Gm31456,39,54,45,68
Gm31458,13,11,20,14
Gm31462,28,19,5,21
Gm31463,0,0,1,0
Gm31466,0,0,0,0
Gm3147,0,1,0,0
Gm31479,18,20,12,13
Gm3149,0,0,0,0
Gm31497,0,2,2,2
Gm31499,2,0,1,0
Gm31503,1,0,0,1
Gm31508,1412,1774,1469,1434
Gm31510,0,1,1,1
Gm31513,40,54,59,54
Gm31517,10,12,13,25
Gm31518,81,94,79,69
Gm31522,63,58,54,60
Gm31545,0,0,3,3
Gm31557,31,38,46,29
Gm31562,0,0,0,0
Gm31571,0,0,0,0
Gm31577,23,26,19,31
Gm31583,1,0,2,4
Gm3159,0,0,0,0
Gm31592,147,123,135,160
Gm31597,49,38,40,49
Gm31600,6,3,4,1
Gm31614,51,31,41,55
Gm31615,156,792,183,174
Gm31621,10,1,1,8
Gm31630,4,2,4,2
Gm3164,42,58,48,61
Gm31641,11,7,13,14
Gm31645,230,281,212,295
Gm31651,3,0,0,1
Gm31659,36,63,67,59
Gm31678,0,1,0,1
Gm31683,95,65,80,71
Gm31693,0,0,0,1
Gm31698,352,400,471,371
Gm31706,52,58,50,28
Gm31717,0,0,0,0
Gm31718,106,85,108,100
Gm31727,2,2,0,0
Gm31728,81,100,103,132
Gm3173,53,105,65,66
Gm31747,2,0,0,0
Gm31749,28,24,30,22
Gm31752,1,0,0,0
Gm31759,1,0,0,0
Gm31763,1680,1747,1540,1374
Gm31774,38,22,33,18
Gm31784,1,1,0,0
Gm31786,1,2,4,0
Gm31793,257,290,254,264
Gm31804,0,2,1,0
Gm31805,33,39,33,42
Gm31812,26,34,28,36
Gm31814,6,6,4,5
Gm31816,295,358,446,311
Gm31818,1,0,0,0
Gm31819,12,1,4,3
Gm3182,0,0,0,0
Gm31822,2,0,0,0
Gm3183,0,0,0,0
Gm31831,19,15,10,15
Gm31834,4,7,2,3
Gm31854,22,12,11,14
Gm3187,0,0,0,0
Gm31881,51,85,49,79
Gm31887,2,2,1,1
Gm31897,1,0,1,0
Gm31898,0,3,0,1
Gm31904,4,2,3,4
Gm31908,3,1,2,4
Gm31912,5,4,1,4
Gm31925,2,2,1,1
Gm31933,0,2,0,0
Gm31938,41,40,49,69
Gm3194,2,3,0,0
Gm31942,0,0,0,0
Gm31946,46,67,40,45
Gm31983,3,1,0,0
Gm31992,1,0,2,4
Gm32004,18,14,11,21
Gm32005,43,41,78,39
Gm32014,1882,2645,2505,2052
Gm32017,12,36,15,16
Gm32023,0,0,0,0
Gm32027,22,32,32,36
Gm32031,42,146,46,23
Gm32036,964,738,595,857
Gm32050,0,0,0,0
Gm32051,1,2,10,2
Gm32052,1,6,4,5
Gm32055,0,0,0,0
Gm32061,28,27,28,16
Gm32063,0,2,0,0
Gm32067,47,71,61,49
Gm32081,20,43,29,33
Gm32089,26,12,9,24
Gm32090,0,2,0,3
Gm32093,1,3,2,1
Gm32098,6,5,9,6
Gm32105,1,1,0,1
Gm3211,0,0,0,0
Gm32114,0,0,0,0
Gm32122,37,77,76,36
Gm32123,0,2,0,0
Gm32126,0,0,0,0
Gm32141,4,2,1,4
Gm32151,45,42,41,49
Gm32171,5,6,9,9
Gm32172,3,5,1,3
Gm32181,0,0,0,0
Gm32184,32,26,24,22
Gm32200,430,441,481,522
Gm32219,6,13,2,7
Gm32224,13,14,11,16
Gm32235,0,0,0,0
Gm32243,6,25,3,2
Gm32250,4146,4474,3987,4254
Gm32255,0,1,1,0
Gm3227,456,465,352,476
Gm32281,16,18,11,16
Gm32282,25,33,29,30
Gm32283,2,2,1,0
Gm32284,4,7,5,8
Gm32296,6,10,9,2
Gm32305,4,5,8,12
Gm32312,0,0,0,0
Gm3233,0,0,0,0
Gm32335,9,12,17,11
Gm32338,3,6,6,2
Gm3234,2,11,5,1
Gm32341,7,17,5,8
Gm3235,587,602,495,535
Gm32351,4,1,1,1
Gm32352,5,0,1,1
Gm32357,0,3,2,0
Gm32364,62,83,59,71
Gm32365,0,0,0,0
Gm32369,6,12,9,9
Gm3238,0,0,0,0
Gm32389,4,1,2,0
Gm3239,0,1,1,0
Gm32391,11,12,12,18
Gm32401,71,66,81,92
Gm32405,38,13,16,10
Gm32431,0,1,0,0
Gm32432,58,43,47,44
Gm32441,0,3,3,0
Gm32442,854,1331,1197,979
Gm32443,0,0,1,0
Gm32455,3,0,3,3
Gm32461,3,1,1,2
Gm32468,5,4,6,7
Gm32479,0,0,0,0
Gm3248,134,194,179,125
Gm32486,2,0,1,2
Gm32492,0,1,3,0
Gm32496,2,1,4,3
Gm3250,0,0,0,0
Gm32507,3,5,4,9
Gm32509,7140,6874,5669,5419
Gm32511,12,4,8,5
Gm32515,0,0,0,0
Gm3252,36,46,52,29
Gm32531,9,11,6,13
Gm32540,0,3,1,1
Gm32548,6,6,3,5
Gm32552,1,2,0,3
Gm32554,0,0,0,0
Gm32567,1,1,0,0
Gm32568,6,3,5,8
Gm32569,135,172,102,123
Gm32585,12,10,5,5
Gm3259,0,0,1,0
Gm32591,17,13,39,25
Gm32592,85,75,54,61
Gm32618,930,895,815,958
Gm32624,31,10,13,11
Gm32629,19,14,20,16
Gm32633,54,33,90,77
Gm32635,1,1,1,0
Gm3264,34,13,41,49
Gm32647,8360,10440,9955,10493
Gm32679,22,26,20,18
Gm32687,76,64,61,64
Gm32688,26,10,18,23
Gm3269,0,0,0,0
Gm32693,3,0,0,0
Gm32710,77,130,85,137
Gm32717,0,0,0,0
Gm32729,0,0,1,2
Gm32736,1,0,0,4
Gm32742,3,2,5,1
Gm32743,317,380,286,232
Gm32750,9,7,2,9
Gm32754,6,6,0,4
Gm32764,3,4,5,6
Gm32772,1,2,3,1
Gm3278,0,1,0,0
Gm32780,5,2,6,3
Gm32786,334,369,374,325
Gm3279,68,85,76,71
Gm32802,0,0,0,0
Gm32815,15,12,13,19
Gm32816,11,24,14,25
Gm32817,61,68,48,73
Gm32828,391,569,310,289
Gm32834,732,672,741,629
Gm32846,0,2,0,1
Gm32849,392,177,247,181
Gm3285,0,0,0,0
Gm32850,2,2,0,0
Gm32856,597,620,570,582
Gm32857,24,21,17,8
Gm3286,0,0,0,1
Gm3286.1,0,0,0,0
Gm32865,0,0,1,0
Gm3287,0,0,0,0
Gm32872,1,2,1,4
Gm32877,0,0,0,0
Gm32884,19,17,7,1
Gm32885,31,40,25,25
Gm3289,2,1,2,2
Gm32913,6,11,16,13
Gm32914,0,0,0,1
Gm32916,36,45,51,29
Gm32921,1,0,1,0
Gm32926,763,1098,994,1010
Gm32932,2,0,3,3
Gm32939,0,3,1,4
Gm3294,2159,1975,1091,1011
Gm32950,66,96,63,77
Gm32975,0,0,0,1
Gm3298,0,0,0,0
Gm33016,0,3,0,2
Gm33023,19,6,5,20
Gm33024,1,0,0,0
Gm33027,10,11,9,15
Gm33035,2,3,2,3
Gm33037,129,135,104,172
Gm33045,158,200,147,159
Gm33050,28,30,20,29
Gm33051,15,6,9,8
Gm33053,6,8,9,2
Gm33054,1,1,1,1
Gm33055,3,1,0,1
Gm33056,7,4,0,7
Gm33086,0,0,0,0
Gm33091,1,2,1,0
Gm33093,0,0,0,0
Gm33103,1,2,2,4
Gm33104,2,2,2,4
Gm33111,5,1,1,1
Gm33115,0,0,0,0
Gm33125,102,73,83,56
Gm33148,33,34,17,24
Gm3317,0,0,0,0
Gm33172,2,3,1,2
Gm33175,4,0,4,2
Gm33180,7,8,13,8
Gm33195,39,42,42,42
Gm33201,0,1,0,0
Gm33203,10,5,2,9
Gm33206,215,286,183,277
Gm33222,0,3,0,2
Gm33228,4515,5185,4884,4525
Gm33246,3,2,0,4
Gm33248,0,0,0,0
Gm33251,8,3,5,6
Gm33255,53,44,86,50
Gm33263,0,0,0,0
Gm3327,0,0,0,0
Gm33280,29,28,22,25
Gm33299,0,0,0,0
Gm33301,0,0,2,0
Gm33308,0,0,0,0
Gm3331,1,2,3,0
Gm33321,3,2,6,5
Gm33326,0,0,0,1
Gm33332,3,2,0,4
Gm33336,0,0,0,0
Gm33337,1,5,1,0
Gm33340,5,4,3,9
Gm33347,1,0,0,1
Gm33351,0,4,0,0
Gm3336,2,4,1,3
Gm33370,5,6,22,23
Gm33373,329,377,251,287
Gm33424,0,0,0,1
Gm33432,0,0,3,1
Gm33447,2,0,0,2
Gm33450,1,1,0,0
Gm33460,5,2,0,0
Gm33466,7,12,3,6
Gm33467,0,1,0,2
Gm33472,1,0,0,0
Gm33474,0,3,0,0
Gm33489,5,13,2,8
Gm33497,4,1,1,5
Gm33501,3,4,3,1
Gm33508,62,79,69,106
Gm33524,426,396,528,395
Gm33525,1,3,2,4
Gm33533,254,453,306,459
Gm33543,1,1,1,3
Gm33570,0,0,0,1
Gm33586,3,0,1,0
Gm33594,43,57,75,47
Gm33609,19,28,23,28
Gm33619,2,0,1,0
Gm33630,5,5,2,6
Gm3364,197,226,275,240
Gm33651,12,15,15,55
Gm33674,1,0,0,0
Gm33677,2,0,0,4
Gm33680,513,600,519,399
Gm33682,1,1,0,0
Gm33684,0,0,0,0
Gm33696,141,217,144,211
Gm33699,31,19,32,24
Gm3371,0,0,0,0
Gm33727,33,36,63,38
Gm33728,4,3,1,2
Gm3373,0,0,0,0
Gm33732,32,31,22,15
Gm33756,7,7,9,2
Gm33758,17,26,26,17
Gm3376,0,0,0,0
Gm33782,21,6,6,3
Gm33785,2,0,1,1
Gm33801,0,1,1,1
Gm33815,0,0,0,0
Gm33819,24,15,16,19
Gm3383,1,2,2,1
Gm33831,0,0,0,2
Gm33838,0,3,0,1
Gm33843,1,7,10,6
Gm33847,0,0,0,1
Gm33858,4,4,6,12
Gm33890,1,1,0,0
Gm33906,245,355,257,226
Gm33912,1,0,0,0
Gm33914,3,2,1,2
Gm33926,9,4,7,6
Gm33929,0,0,0,0
Gm33936,12,5,9,7
Gm33940,24,26,22,29
Gm33948,165,78,125,187
Gm33954,0,0,0,0
Gm33958,0,3,2,0
Gm33968,1,1,0,2
Gm33969,3,1,3,2
Gm33973,0,1,1,0
Gm33979,16,18,21,30
Gm33981,6,2,3,1
Gm33994,1,0,0,0
Gm34004,23,9,7,26
Gm34006,84,135,99,105
Gm34016,7,5,6,5
Gm3402,0,0,0,0
Gm34022,15,27,23,24
Gm34030,0,0,0,0
Gm34035,115,102,97,88
Gm3404,0,0,0,0
Gm34045,70,56,70,59
Gm34047,8,6,7,5
Gm34059,0,0,3,0
Gm34060,0,0,0,0
Gm34066,2,1,0,0
Gm34068,4,7,1,18
Gm34069,6,24,12,17
Gm34078,4,2,3,3
Gm34081,77,57,76,144
Gm34084,4,6,2,5
Gm34086,710,717,634,790
Gm3409,0,0,0,1
Gm34093,19,17,19,18
Gm34095,0,1,0,1
Gm34096,3,2,6,11
Gm34099,3,3,0,1
Gm34105,1,1,1,0
Gm34106,3,1,0,0
Gm3411,21,41,25,32
Gm34113,3,0,2,0
Gm34121,97,110,121,134
Gm3415,0,0,0,0
Gm34150,3,4,2,3
Gm34152,0,1,0,0
Gm34158,0,0,2,2
Gm3417,80,85,86,80
Gm34184,7,19,9,12
Gm34215,0,0,0,2
Gm34217,0,0,0,0
Gm34225,5,2,1,2
Gm34237,759,928,657,530
Gm3424,0,0,0,0
Gm34240,3,1,2,4
Gm34250,3,5,1,1
Gm34256,11,19,10,23
Gm34263,0,1,0,0
Gm34276,0,8,4,2
Gm34278,4,7,13,9
Gm3428,4,4,7,5
Gm34280,21,16,50,37
Gm34284,8,14,6,4
Gm34297,19,23,19,21
Gm34299,837,748,545,607
Gm34304,322,349,311,383
Gm34307,2,0,1,3
Gm34312,0,0,0,1
Gm34322,1,0,0,1
Gm34333,2,5,2,6
Gm3434,0,0,0,0
Gm34342,0,0,2,2
Gm3435,161,179,172,147
Gm34350,9,10,8,8
Gm34354,285,372,296,322
Gm34358,0,0,0,0
Gm34368,3,3,6,1
Gm34370,0,3,0,0
Gm34376,3,4,2,9
Gm34388,11,10,24,9
Gm34397,0,0,1,0
Gm34408,151,72,137,116
Gm34411,2,0,1,2
Gm34418,11,26,13,13
Gm34419,2,1,5,4
Gm34425,7,11,3,7
Gm34455,20,39,29,23
Gm34466,143,216,212,207
Gm34471,374,396,440,400
Gm34474,1,1,0,0
Gm3448,1115,1476,956,1482
Gm34481,0,0,0,0
Gm34510,23,22,12,33
Gm34517,7,5,12,14
Gm3453,0,0,0,0
Gm34533,0,0,0,1
Gm34544,402,1109,554,436
Gm34549,0,3,0,1
Gm3455,27,35,19,19
Gm34550,0,0,0,0
Gm34552,166,241,201,279
Gm34557,28,41,42,90
Gm34558,5,1,2,1
Gm34562,17,25,19,23
Gm34567,134,264,547,380
Gm34574,54,84,63,89
Gm34585,1,2,6,1
Gm34586,32,38,15,19
Gm34589,57,45,102,64
Gm34590,160,195,151,120
Gm34597,0,1,1,2
Gm34599,1,0,2,1
Gm3460,0,0,0,0
Gm34609,27,15,9,5
Gm34611,0,0,0,0
Gm34623,70,47,60,42
Gm34636,3,0,0,2
Gm34639,0,4,6,3
Gm34643,16,36,43,30
Gm34648,17,6,9,7
Gm34653,1,4,3,2
Gm34654,2,3,1,2
Gm34655,244,252,247,258
Gm34662,3,0,0,3
Gm34664,0,4,3,1
Gm34667,54,56,66,125
Gm34672,14,26,21,20
Gm34678,3,4,5,7
Gm3468,81,134,100,84
Gm34680,7,11,12,5
Gm34684,13,6,3,9
Gm34716,0,0,0,0
Gm34719,21,21,26,16
Gm34721,26,39,32,23
Gm34728,5,17,14,11
Gm34730,17,25,17,24
Gm34732,0,0,1,0
Gm34756,0,0,0,0
Gm34759,103,130,137,158
Gm3476,0,0,0,4
Gm34776,20,24,36,20
Gm34777,13,6,7,15
Gm34785,5,0,1,3
Gm34788,73,71,75,70
Gm34794,12,30,10,17
Gm34799,1,0,1,0
Gm34804,57,30,33,26
Gm34808,7,16,7,6
Gm34809,2,4,1,2
Gm34811,0,0,0,0
Gm34816,0,0,0,2
Gm34821,205,334,227,236
Gm34829,28,16,15,19
Gm34838,30,6,28,14
Gm34853,0,0,0,0
Gm3486,1,0,0,0
Gm34866,1,2,1,2
Gm34868,373,360,317,303
Gm3488,8,14,18,10
Gm34882,101,93,77,91
Gm34885,100,82,34,54
Gm34907,416,477,516,474
Gm34908,0,0,0,0
Gm34921,23,16,15,19
Gm34922,3,1,0,2
Gm34923,11,9,4,8
Gm34933,139,151,153,154
Gm34934,90,86,64,63
Gm34939,14,21,22,13
Gm34961,83,132,81,144
Gm34964,1,0,0,0
Gm34973,1,0,1,0
Gm34983,11,13,18,13
Gm3500,0,2,1,0
Gm35019,28,23,50,37
Gm35021,63,95,86,105
Gm35024,0,1,0,0
Gm35025,4,5,3,4
Gm35028,1,0,1,1
Gm35031,28,20,18,9
Gm35035,0,2,1,0
Gm35037,26,37,37,36
Gm35040,459,334,321,309
Gm35041,9,14,16,33
Gm35060,14,12,14,19
Gm35065,5,12,8,8
Gm35066,6,5,4,5
Gm35070,0,0,0,0
Gm35077,31,46,53,43
Gm35082,10,5,12,10
Gm3509,0,0,0,0
Gm35097,3,1,5,1
Gm3510,798,991,640,544
Gm35101,15,3,12,18
Gm35110,26,47,24,14
Gm3512,15,22,14,4
Gm3513,3,4,1,2
Gm35134,0,0,0,0
Gm35135,1,1,2,1
Gm35147,1,3,4,0
Gm35154,72,26,109,75
Gm35161,397,559,471,343
Gm35164,4,4,8,4
Gm35166,400,447,288,406
Gm35167,8,12,10,17
Gm35172,23,25,24,30
Gm35177,3,1,1,3
Gm35188,9019,7512,7049,7094
Gm35189,2,0,1,0
Gm3519,10,9,3,11
Gm35190,2,11,7,7
Gm35191,0,2,0,1
Gm35202,1,1,3,2
Gm35206,6,0,3,5
Gm35208,0,1,0,1
Gm35215,0,1,0,0
Gm35216,0,0,1,0
Gm35217,2,12,5,2
Gm35229,1,2,0,2
Gm35239,7,14,14,16
Gm35240,0,0,1,1
Gm35248,87,81,85,57
Gm35256,268,365,312,257
Gm3526,0,0,0,0
Gm35274,1,0,0,2
Gm35279,7,6,0,2
Gm35281,14,9,15,12
Gm35288,40,53,40,32
Gm35290,2,1,1,1
Gm35298,2,4,1,0
Gm35299,0,5,0,2
Gm35309,0,1,2,1
Gm35315,124,148,109,156
Gm3532,0,0,0,0
Gm35325,0,0,0,1
Gm35326,0,5,4,6
Gm35330,21,50,39,47
Gm35333,0,2,1,0
Gm35339,308,312,289,241
Gm35360,0,1,0,1
Gm35363,13,6,21,13
Gm35368,0,0,0,0
Gm35371,0,0,2,2
Gm35386,0,0,1,1
Gm35392,0,0,0,0
Gm35394,18,20,19,16
Gm35404,0,0,0,0
Gm35406,1,0,0,0
Gm35409,1,0,0,0
Gm35419,4,3,9,8
Gm3542,0,0,0,0
Gm3543,0,0,0,0
Gm35430,18,25,6,19
Gm35438,26,33,32,22
Gm35438.1,836,742,893,645
Gm35439,19,20,21,19
Gm35453,3,0,0,2
Gm35454,0,0,0,0
Gm35455,8,12,8,12
Gm35460,1,5,3,6
Gm35496,0,1,0,1
Gm3550,130,124,69,105
Gm35501,457,474,516,471
Gm35507,19,47,50,45
Gm35514,0,0,0,0
Gm35520,10,14,18,23
Gm35521,3,3,2,2
Gm35533,2,0,0,0
Gm35548,18,22,16,29
Gm35549,139,127,136,121
Gm35550,61,56,48,41
Gm35551,0,0,0,1
Gm35552,836,351,690,627
Gm35554,168,247,191,251
Gm35558,3,6,9,4
Gm35558.1,26,50,46,47
Gm35569,54,42,66,39
Gm35572,39,22,29,38
Gm35576,33,21,45,13
Gm3558,84,160,86,57
Gm35584,0,0,0,0
Gm35585,7,8,2,6
Gm35608,0,3,2,1
Gm35610,0,2,0,0
Gm35611,2,7,7,11
Gm35615,2,5,4,2
Gm35618,28,14,35,26
Gm35625,0,0,0,0
Gm35657,25,27,35,18
Gm35665,0,0,0,0
Gm35667,1,0,0,0
Gm35670,0,0,0,0
Gm35692,2,0,0,1
Gm35696,25,23,19,28
Gm35715,36,28,34,30
Gm35721,140,89,127,98
Gm35722,54,47,20,16
Gm35725,76,90,77,86
Gm3573,0,0,0,0
Gm35732,3,3,0,1
Gm35733,14,5,5,9
Gm35766,0,0,0,0
Gm35769,103,171,92,114
Gm35772,0,0,1,1
Gm35801,0,0,0,0
Gm35818,1,0,0,2
Gm35822,3,0,7,3
Gm35823,191,215,204,198
Gm35835,854,1087,885,839
Gm35842,119,157,190,108
Gm35850,11,16,18,34
Gm35853,19,22,51,39
Gm35865,0,0,0,0
Gm35867,172,225,193,264
Gm3587,51,38,49,27
Gm35883,1,0,1,1
Gm35890,3,6,7,14
Gm35909,0,3,4,5
Gm3591,2,2,4,1
Gm35912,0,0,0,0
Gm35920,2,2,1,1
Gm35933,3,3,1,2
Gm35934,74,73,65,60
Gm3594,0,0,0,0
Gm35940,10,9,4,8
Gm35963,2,1,1,0
Gm35974,2,1,1,3
Gm35986,1,5,3,1
Gm35996,11,10,20,19
Gm35998,1,2,1,1
Gm36001,4,6,4,1
Gm36002,0,0,0,0
Gm36011,4,7,2,2
Gm36017,3,2,5,3
Gm36026,0,0,0,0
Gm36028,7,3,5,7
Gm36033,10,13,18,16
Gm36037,497,312,440,455
Gm3604,202,223,168,199
Gm36041,29,37,22,22
Gm36043,7,10,15,13
Gm36065,2,0,1,5
Gm36070,14,14,6,15
Gm36074,0,0,0,0
Gm36079,0,0,0,0
Gm36099,0,0,0,0
Gm36101,10,17,13,8
Gm36107,1,0,1,1
Gm36120,46,23,20,26
Gm36146,231,254,215,195
Gm36159,2,10,6,3
Gm36161,2,0,0,0
Gm36169,3,7,2,4
Gm36172,0,2,1,6
Gm36173,8,12,16,8
Gm36176,0,0,0,0
Gm36186,0,0,1,0
Gm36198,1991,1801,1688,1867
Gm36199,49,91,61,88
Gm36200,7,4,3,5
Gm36201,9,0,4,6
Gm36208,3,1,9,6
Gm36210,25,30,22,16
Gm36211,8,1,4,13
Gm36229,3,2,4,0
Gm36231,0,1,1,1
Gm36235,4,5,7,5
Gm36236,9,6,5,8
Gm36241,2,0,2,0
Gm36243,37,46,46,25
Gm36245,1,0,0,0
Gm36246,6,3,8,8
Gm36251,399,440,582,594
Gm36252,0,2,2,0
Gm36261,0,0,0,0
Gm36264,10,10,7,4
Gm36266,39,43,32,34
Gm36278,59,108,100,116
Gm36279,823,757,749,728
Gm36283,38,29,36,30
Gm36287,48,89,69,42
Gm3629,0,1,0,1
Gm36307,7,1,1,5
Gm36315,4,11,8,4
Gm36325,4,3,1,2
Gm36328,34,16,27,15
Gm36329,0,0,0,1
Gm3633,0,0,0,0
Gm36330,0,0,0,1
Gm36345,0,0,0,0
Gm36346,3,12,5,5
Gm36355,8,6,9,9
Gm36356,37,59,72,59
Gm3636,46,98,77,52
Gm36363,29,31,32,11
Gm36367,19,28,34,42
Gm36368,186,221,160,166
Gm36371,255,341,232,313
Gm36372,43,24,23,18
Gm36377,0,0,0,0
Gm36380,1,2,2,0
Gm36388,1343,1450,1034,1348
Gm364,1,0,4,3
Gm36406,0,0,1,0
Gm36419,25,36,26,25
Gm3642,0,0,0,0
Gm36423,135,96,89,70
Gm36426,0,2,0,0
Gm36431,71,30,76,39
Gm36435,0,0,0,2
Gm36445,156,170,135,135
Gm36447,21,35,37,40
Gm3646,0,0,0,0
Gm36467,0,0,0,0
Gm36480,2,5,5,3
Gm36485,28,36,52,43
Gm36486,11,11,10,14
Gm36487,28,27,27,15
Gm36495,2,8,3,3
Gm36500,56,45,56,42
Gm36503,10,11,0,7
Gm36520,0,0,0,0
Gm36525,2,2,1,1
Gm36529,23,52,44,38
Gm36535,1,0,1,0
Gm36536,16,19,11,13
Gm36539,103,88,89,86
Gm36543,11,13,10,10
Gm36546,0,1,1,0
Gm36548,1,4,3,4
Gm36550,22,26,23,33
Gm36551,0,0,1,0
Gm36560,242,255,226,228
Gm36569,18,24,11,28
Gm36584,57,75,71,40
Gm36594,22,10,13,6
Gm36595,5,5,4,4
Gm36602,21,17,17,27
Gm36607,12,26,15,13
Gm36608,46,40,44,51
Gm36617,1,3,2,3
Gm36618,7,9,12,16
Gm36633,0,2,1,1
Gm36634,6,4,2,9
Gm36635,0,5,0,1
Gm36640,75,64,61,68
Gm36642,14,32,8,16
Gm36644,0,2,0,0
Gm36660,22,5,17,24
Gm36667,4,2,3,0
Gm36669,1,0,0,0
Gm3667,56,104,64,72
Gm36670,2,7,2,2
Gm36677,13,30,24,21
Gm36684,0,1,1,3
Gm3669,0,0,0,0
Gm36693,75,94,71,72
Gm36694,1,2,4,2
Gm36696,4,1,0,6
Gm36719,5,3,3,2
Gm36723,180,152,131,105
Gm36736,442,453,467,416
Gm36737,2,0,2,17
Gm36738,15,8,24,12
Gm36742,8,4,7,2
Gm36745,19,28,18,16
Gm36752,29,27,42,37
Gm36756,448,444,369,431
Gm36757,4,7,13,8
Gm3676,0,0,0,0
Gm36782,0,0,0,0
Gm36787,21,31,10,19
Gm36793,4,0,1,6
Gm36799,2,1,0,3
Gm36814,11,25,17,29
Gm36816,47,29,58,33
Gm36823,56,36,98,94
Gm36827,1,0,2,0
Gm36831,1,1,2,1
Gm36839,194,332,188,278
Gm36840,8,2,6,3
Gm36843,2,0,1,0
Gm36849,14,14,18,14
Gm3685,1,1,0,0
Gm36855,377,340,629,521
Gm36860,9,3,9,5
Gm36862,1,0,0,5
Gm36864,6,2,9,5
Gm36879,1,0,0,3
Gm36888,0,0,4,2
Gm36899,319,350,344,283
Gm36903,29,18,26,30
Gm36908,39,32,28,33
Gm36913,2,4,8,7
Gm36929,0,0,0,0
Gm3693,315,240,165,200
Gm36937,6,5,8,1
Gm36941,0,0,0,0
Gm36945,11,8,14,9
Gm36950,0,0,0,0
Gm3696,151,222,173,157
Gm36972,1,0,0,0
Gm36975,7934,8233,7302,7705
Gm36988,666,508,708,500
Gm36992,277,250,218,206
Gm37020,31,29,35,38
Gm37021,1,0,0,0
Gm37027,14,28,19,15
Gm37035,22,40,17,39
Gm37041,0,1,0,1
Gm37059,0,0,0,0
Gm37062,8,9,8,4
Gm37065,24,30,14,19
Gm37068,9,1,1,2
Gm37071,0,0,0,0
Gm37073,1,0,1,2
Gm37075,0,0,0,0
Gm37083,6,9,5,7
Gm37107,351,320,356,311
Gm37112,0,0,0,0
Gm37118,1,3,1,0
Gm37126,1,1,0,1
Gm37130,0,0,0,0
Gm37134,3,4,0,3
Gm37146,0,1,0,0
Gm37147,0,0,0,0
Gm37157,0,0,0,0
Gm3716,23,15,18,12
Gm37165,124,116,88,95
Gm37168,94,105,205,168
Gm37170,35,37,39,44
Gm37173,0,0,0,0
Gm37184,100,92,93,79
Gm37190,1,0,1,1
Gm37202,17,14,21,17
Gm37214,16,13,17,8
Gm37218,0,0,0,0
Gm37223,0,1,3,0
Gm37229,423,233,128,169
Gm37231,0,0,0,0
Gm37233,69,92,58,85
Gm37240,9968,9873,7872,8916
Gm37245,207,228,185,195
Gm37252,0,0,0,0
Gm37256,6,10,8,8
Gm37263,0,0,0,0
Gm37267,14,5,12,16
Gm3727,0,0,0,0
Gm37273,2,7,0,0
Gm3728,56,64,44,28
Gm37280,3,12,9,7
Gm37286,0,0,0,0
Gm37294,0,0,0,1
Gm37305,90,131,114,117
Gm37306,57,70,59,62
Gm37323,1,0,1,1
Gm37327,0,0,0,0
Gm37328,12,9,13,10
Gm37335,0,2,1,1
Gm37336,51,77,59,64
Gm3734,10,11,12,8
Gm37344,0,0,0,0
Gm37346,0,0,0,0
Gm37350,7,6,5,1
Gm37359,27,18,24,17
Gm37362,24,31,22,18
Gm37378,0,0,0,0
Gm37381,3,2,5,2
Gm3739,84,104,89,85
Gm37401,7,10,5,7
Gm37406,1,2,1,1
Gm37418,0,0,0,0
Gm37419,1,0,1,0
Gm37422,70,64,78,42
Gm37432,6,7,10,18
Gm37434,0,0,0,0
Gm37440,0,0,0,0
Gm37446,16,11,7,8
Gm37451,0,0,0,0
Gm37454,0,0,0,0
Gm37459,2220,2501,2329,2141
Gm37462,0,0,0,0
Gm37467,0,0,0,0
Gm37468,0,0,0,0
Gm37469,1,0,0,0
Gm37473,0,0,0,0
Gm37494,1542,1660,1627,1305
Gm37502,2,0,1,3
Gm37511,0,0,0,0
Gm3752,3,1,4,2
Gm37525,0,0,0,0
Gm37529,965,944,966,763
Gm37538,0,0,0,0
Gm37544,0,0,0,0
Gm37547,0,0,0,0
Gm3755,0,0,0,0
Gm37552,0,2,1,0
Gm37561,0,0,0,0
Gm37565,1,0,0,0
Gm37571,260,281,242,256
Gm37572,0,0,0,0
Gm37573,65,85,78,74
Gm37574,0,0,0,0
Gm37577,0,0,0,0
Gm37584,54,59,36,54
Gm37587,4,0,7,5
Gm37591,0,0,0,0
Gm37592,15,20,14,8
Gm37596,0,0,0,0
Gm37612,225,150,177,136
Gm37622,0,1,2,0
Gm37623,28,32,36,21
Gm37634,16,5,15,11
Gm37635,0,0,0,0
Gm37637,25,14,11,15
Gm3764,17290,13458,16396,11911
Gm37640,387,304,331,372
Gm37650,2,0,1,0
Gm37654,0,0,0,0
Gm37656,0,0,0,0
Gm37657,0,0,0,0
Gm37662,2,0,0,0
Gm37679,3776,3237,3138,3337
Gm37687,0,0,0,0
Gm37690,0,0,0,0
Gm37696,4,11,2,5
Gm37707,11,13,10,6
Gm37712,0,0,0,0
Gm3772,61,74,49,55
Gm37721,0,0,0,0
Gm37722,0,0,0,0
Gm37724,14,10,14,12
Gm37734,0,0,0,0
Gm37739,0,0,0,0
Gm37740,0,0,0,0
Gm37748,8,20,13,4
Gm37751,25,30,23,25
Gm37753,6,7,1,2
Gm37754,5,1,4,2
Gm37756,26,24,34,31
Gm37759,1,0,1,5
Gm3776,0,0,0,0
Gm37768,1275,1262,1083,1180
Gm37787,0,0,1,0
Gm37797,0,0,0,0
Gm37798,0,0,0,0
Gm37799,3,4,2,5
Gm37800,2,0,3,0
Gm37808,0,0,0,0
Gm37814,384,464,480,401
Gm37821,2,1,2,2
Gm37839,4,2,2,1
Gm37840,0,0,0,0
Gm37850,394,320,306,275
Gm37853,15,14,17,17
Gm37854,2,3,1,2
Gm37855,3,2,0,4
Gm37864,93,100,94,84
Gm37865,0,0,0,0
Gm37867,0,0,0,0
Gm37870,0,0,0,0
Gm37875,0,0,0,0
Gm37876,93,58,87,80
Gm37885,165,105,157,107
Gm37892,6,6,9,13
Gm37896,105,99,80,93
Gm37898,0,0,0,0
Gm37912,0,0,0,0
Gm37915,30,44,42,47
Gm37923,0,0,0,0
Gm37927,0,0,0,0
Gm37933,13,11,8,8
Gm37937,0,0,0,0
Gm37944,0,0,0,0
Gm37948,0,0,0,0
Gm37950,4,2,2,1
Gm37952,0,0,0,0
Gm37958,0,0,0,0
Gm37961,0,0,0,0
Gm37963,26,25,19,31
Gm37971,46,72,78,80
Gm37974,6,9,9,13
Gm37976,0,0,0,0
Gm37982,1062,1044,973,962
Gm37986,99,106,82,55
Gm37998,0,0,0,0
Gm38003,0,0,0,0
Gm38004,3,5,3,2
Gm38013,0,0,0,0
Gm38025,3,10,12,7
Gm38028,0,0,0,0
Gm38033,36,21,16,21
Gm38037,13,40,28,53
Gm38039,178,161,132,168
Gm38054,0,0,0,0
Gm38060,0,0,0,1
Gm38064,1,0,0,1
Gm38072,0,0,0,0
Gm38079,0,0,0,1
Gm38084,0,0,0,0
Gm38085,515,542,576,467
Gm38093,0,0,0,0
Gm38096,10,7,3,16
Gm38097,4,5,2,1
Gm38100,0,0,0,0
Gm38101,10,24,2,6
Gm38102,71,72,50,62
Gm38108,0,0,0,0
Gm38115,428,302,309,294
Gm38119,0,0,0,0
Gm38127,0,0,0,0
Gm38132,0,0,0,0
Gm38134,1944,2039,1621,1758
Gm38136,0,0,0,0
Gm38139,18,12,10,23
Gm38143,3,0,5,11
Gm38150,32,23,29,17
Gm38155,701,674,544,671
Gm38159,0,0,0,0
Gm38161,0,0,0,0
Gm38163,128,87,168,99
Gm38165,4,6,1,15
Gm38168,0,0,0,0
Gm38171,2,0,3,1
Gm38174,0,0,0,0
Gm38182,1,0,0,0
Gm38184,0,0,0,0
Gm38186,30,36,32,40
Gm38188,0,0,0,0
Gm38190,292,300,290,269
Gm382,0,1,0,1
Gm38201,0,0,0,0
Gm38203,0,0,0,0
Gm38204,1,1,2,3
Gm38205,0,0,0,0
Gm38209,0,0,0,0
Gm38225,4,9,2,2
Gm38246,4,1,0,1
Gm38250,666,592,637,467
Gm38251,2014,1801,1663,1749
Gm38258,1,0,3,0
Gm38287,10,5,12,18
Gm38293,31,38,36,28
Gm38296,0,0,0,0
Gm3830,20,6,8,12
Gm38304,404,340,433,418
Gm38324,4,2,2,1
Gm38325,7,5,13,8
Gm38326,0,0,2,0
Gm38335,1,0,1,2
Gm38336,63,51,50,50
Gm38348,389,332,381,305
Gm38353,2,6,9,3
Gm38361,0,0,0,0
Gm38363,0,0,0,0
Gm38370,0,0,0,0
Gm38371,0,0,0,0
Gm38389,1,8,1,4
Gm3839,4,3,3,1
Gm38393,2499,2881,2082,2236
Gm38394,107,162,90,47
Gm38397,1,2,0,2
Gm38398,18,15,17,20
Gm38403,1,2,5,2
Gm38404,5,10,9,9
Gm38405,41,30,38,50
Gm38407,32,51,34,45
Gm38408,0,8,2,1
Gm38409,0,1,0,0
Gm38410,4,0,2,1
Gm38411,1,0,2,0
Gm38412,7,7,3,3
Gm38413,885,1076,1015,1297
Gm38414,2,4,3,3
Gm38416,0,0,0,0
Gm38477,18,14,9,8
Gm3848,472,369,310,380
Gm38505,7532,2490,2897,4928
Gm38509,12,6,4,6
Gm38534,4,5,3,1
Gm3854,235,301,239,272
Gm38551,3,5,5,1
Gm38554,0,0,0,0
Gm38560,80,129,102,121
Gm38562,392,348,370,364
Gm38563,17,13,20,17
Gm38569,29,20,25,37
Gm38575,43,54,55,159
Gm38576,49,21,37,41
Gm38577,4,5,5,2
Gm38584,5,1,3,0
Gm38590,27,27,20,20
Gm38593,85,83,83,66
Gm38604,2167,2218,2016,2070
Gm38619,0,0,0,0
Gm38619.1,0,0,0,0
Gm38642,182,235,289,227
Gm38655,0,0,0,0
Gm38661,16,36,38,27
Gm38695,11,10,9,15
Gm38708,3,2,3,1
Gm3880,0,0,0,0
Gm38804,84,107,63,87
Gm38811,9,9,15,17
Gm38825,169,288,164,148
Gm38832,5,7,7,8
Gm38839,64,82,48,35
Gm38843,7,7,9,11
Gm38901,2,2,0,0
Gm38910,4,3,2,3
Gm3892,7,11,9,12
Gm3893,0,0,0,0
Gm38944,13,23,14,17
Gm38947,27,35,21,32
Gm38948,514,480,505,468
Gm3896,25,25,29,26
Gm38973,44,37,28,22
Gm38979,4,3,7,10
Gm3898,7,0,1,1
Gm38991,0,2,5,1
Gm38997,0,0,0,1
Gm39027,37,76,67,74
Gm39033,2,48,11,4
Gm39038,8,2,2,3
Gm39043,17,10,4,37
Gm39059,5,5,5,3
Gm39075,9,7,4,7
Gm39078,0,2,0,0
Gm39090,1265,1547,1202,1139
Gm39091,0,0,0,0
Gm39094,3,1,0,2
Gm39115,0,1,0,0
Gm39117,126,8,1,0
Gm39119,8,1,2,1
Gm39121,28,46,18,10
Gm39128,0,0,0,1
Gm39129,11,7,6,15
Gm39132,6,0,2,6
Gm39139,24,26,19,24
Gm39149,3,6,10,6
Gm39154,0,3,0,6
Gm39157,0,0,1,0
Gm39158,2,1,5,4
Gm39164,0,0,2,0
Gm39168,17,28,22,26
Gm39185,286,388,370,286
Gm39204,5,0,5,3
Gm39214,1045,978,794,1008
Gm39228,0,0,1,3
Gm39231,1,0,0,0
Gm39232,4,5,4,2
Gm3924,2,5,0,4
Gm39244,63,92,34,39
Gm39271,9,9,17,14
Gm39302,16,17,16,23
Gm39307,23,12,6,6
Gm39312,1,0,4,1
Gm39317,4,7,2,4
Gm39318,18,22,29,16
Gm39321,1,0,0,0
Gm39323,93,55,83,66
Gm39325,0,1,0,0
Gm39326,1418,1509,1194,1388
Gm39327,0,0,1,0
Gm39329,0,3,0,0
Gm39336,0,0,0,0
Gm39348,2,8,4,6
Gm39363,76,64,80,84
Gm39375,1,2,0,0
Gm39377,1,8,13,5
Gm39380,0,0,0,0
Gm39383,34,55,40,42
Gm39384,0,1,1,0
Gm39388,6,10,3,6
Gm39397,3,2,2,7
Gm3942,0,1,1,1
Gm39436,141,168,238,162
Gm39456,162,124,126,245
Gm39458,12,20,15,12
Gm39459,23,24,17,22
Gm39460,0,0,1,0
Gm39463,5,8,6,7
Gm39464,3,9,3,1
Gm39465,6,58,4,2
Gm39469,2614,2585,2278,2595
Gm39473,7,12,3,3
Gm3948,52,58,41,31
Gm3952,0,0,0,0
Gm39526,171,198,172,160
Gm39556,22,33,21,24
Gm39566,0,0,0,0
Gm39653,5,6,1,7
Gm39662,5,20,14,11
Gm3970,56,72,71,52
Gm39822,52,80,56,37
Gm3985,85,142,61,73
Gm39929,47,45,54,35
Gm40038,0,0,0,1
Gm40040,2,2,0,2
Gm40055,51,80,86,93
Gm40117,48,34,56,58
Gm40123,128,116,132,101
Gm4013,95,157,112,155
Gm40153,39,29,42,27
Gm40155,110,114,80,89
Gm40190,13,17,12,19
Gm40193,0,0,0,0
Gm4022,5,3,0,1
Gm40263,0,1,1,0
Gm40264,3,4,9,4
Gm4027,0,0,0,0
Gm40271,0,0,2,0
Gm40289,0,0,0,0
Gm40292,4,4,2,5
Gm40293,27,22,20,30
Gm40304,6,4,13,9
Gm40323,5,6,2,6
Gm40330,0,0,0,0
Gm40331,275,370,387,241
Gm40348,0,0,1,1
Gm4035,10,9,8,7
Gm40375,262,473,411,464
Gm40383,13,9,1,2
Gm40392,2,0,0,0
Gm40394,3,3,0,0
Gm40418,12,20,17,36
Gm40421,3,2,5,6
Gm40437,873,1047,858,723
Gm40438,44,62,45,56
Gm40457,0,1,1,1
Gm40460,0,0,0,0
Gm40477,42,9,8,9
Gm40493,154,182,131,132
Gm40513,13,14,13,4
Gm40518,53,78,135,100
Gm40538,15,6,15,11
Gm40548,1,0,0,1
Gm40552,12,13,10,11
Gm40557,14,29,16,30
Gm40576,17,13,10,26
Gm40578,1244,887,1176,917
Gm40603,24,46,37,35
Gm40604,19,9,6,5
Gm40608,1,0,0,2
Gm40614,1,5,0,3
Gm40617,30,25,28,26
Gm40621,6,7,17,12
Gm40634,0,0,0,2
Gm40638,2,0,6,7
Gm40639,0,0,1,0
Gm4064,0,0,0,0
Gm40645,40,18,87,53
Gm40646,3,0,4,2
Gm40649,19,15,17,14
Gm4065,0,0,0,1
Gm40650,3,5,6,12
Gm40652,8,10,14,14
Gm40653,83,125,149,121
Gm40655,1,2,1,4
Gm40658,6,3,2,3
Gm40660,15,39,30,44
Gm40662,30,18,26,48
Gm40663,49,18,6,162
Gm40685,0,0,0,0
Gm40689,6,3,2,2
Gm4070,11,21,40,34
Gm40709,11,4,7,4
Gm40723,2,1,2,0
Gm40761,4,5,4,4
Gm40765,1,0,0,1
Gm40770,1,2,1,1
Gm40773,1,0,1,0
Gm40787,1,0,1,1
Gm40797,13,12,8,4
Gm40828,11,11,11,7
Gm40841,4836,5670,3042,2802
Gm40849,5,5,4,4
Gm40884,2,3,3,3
Gm40893,30,39,27,26
Gm40909,2,1,2,1
Gm40910,0,3,4,5
Gm40915,1,1,4,3
Gm40916,3,2,9,5
Gm40918,2,0,1,3
Gm40922,12,10,8,9
Gm40923,4,9,4,3
Gm40932,7,12,5,7
Gm40968,8,7,5,4
Gm40975,0,0,0,0
Gm40977,6,7,6,7
Gm40983,0,3,2,3
Gm40987,0,0,0,1
Gm40988,0,1,0,1
Gm40999,59,91,60,10
Gm41002,39,42,37,40
Gm41030,3,5,2,5
Gm41031,10,10,5,5
Gm41043,0,5,0,1
Gm4107,324,334,332,252
Gm41071,4,8,5,8
Gm41077,770,647,511,623
Gm41102,0,0,0,0
Gm41118,4,7,7,11
Gm41138,0,0,0,0
Gm41144,3,2,1,2
Gm41148,5,2,1,4
Gm41162,1,0,1,0
Gm41168,138,89,133,141
Gm4117,976,752,739,885
Gm41177,5,6,3,2
Gm41183,0,1,2,2
Gm41192,22,23,22,16
Gm41206,1,8,8,5
Gm41219,1,0,1,0
Gm41225,21,11,15,14
Gm41230,51,63,51,75
Gm41231,241,316,235,184
Gm4125,0,0,0,0
Gm41253,3,4,0,1
Gm41271,0,2,5,2
Gm41276,0,0,0,0
Gm41277,2,2,0,2
Gm41279,2,0,0,0
Gm4128,477,354,330,309
Gm41289,2,0,3,0
Gm4129,1,1,1,2
Gm41290,6,6,3,4
Gm41293,38,48,32,27
Gm41300,7,9,6,6
Gm41307,7,11,9,7
Gm4131,106,92,74,84
Gm41311,15,6,9,6
Gm41318,0,1,0,1
Gm41322,4,4,8,5
Gm41325,6,7,5,4
Gm4133,0,0,0,0
Gm41333,92,178,186,163
Gm41335,46,52,56,43
Gm41336,0,0,1,0
Gm41349,8,9,13,15
Gm41361,2803,2962,3101,2946
Gm41386,1,0,2,1
Gm41392,0,0,0,0
Gm41392.1,0,0,0,0
Gm41396,70,66,62,54
Gm41409,175,151,165,163
Gm4141,0,0,0,0
Gm41414,1315,1639,1537,1603
Gm41442,35,23,25,53
Gm4146,4,1,2,3
Gm41480,0,0,0,1
Gm41481,1,1,0,1
Gm41492,274,170,256,152
Gm41495,0,0,1,1
Gm41496,123,136,156,119
Gm41505,693,718,580,639
Gm41506,0,0,1,0
Gm41517,2,12,1,4
Gm41541,23,20,31,35
Gm41545,21,21,13,14
Gm41555,167,172,159,119
Gm41556,59,35,40,60
Gm41561,2,0,1,1
Gm41562,6,9,12,24
Gm41584,0,0,0,0
Gm41597,0,0,0,0
Gm41600,6,9,13,13
Gm41609,4368,3676,4238,3085
Gm41611,21,24,9,11
Gm41625,1,0,3,0
Gm41638,0,1,0,0
Gm41639,3,2,4,1
Gm41653,3,9,9,8
Gm41654,3,1,2,2
Gm4166,0,0,1,0
Gm41664,120,159,134,131
Gm41668,2,2,2,0
Gm41669,1,6,4,1
Gm41693,0,0,1,0
Gm41708,13,10,20,6
Gm41715,2,0,4,0
Gm41717,4,0,4,1
Gm41720,0,0,0,0
Gm41724,9,2,8,13
Gm4175,0,0,0,0
Gm41750,2,3,3,3
Gm41757,3,2,1,2
Gm41760,145,219,147,212
Gm41764,701,724,552,590
Gm4177,0,0,0,0
Gm41787,1,1,0,2
Gm41790,3,2,3,4
Gm41792,0,1,0,1
Gm41793,6,3,11,10
Gm41804,1241,1485,1058,995
Gm4181,1,0,0,0
Gm41815,12,13,14,6
Gm41819,4,3,1,2
Gm41821,8,18,12,9
Gm41836,245,224,215,190
Gm4187,0,0,0,0
Gm4189,93,102,81,69
Gm4201,0,0,0,0
Gm42031,12,7,15,9
Gm42047,40,31,49,31
Gm42064,10,9,7,6
Gm42067,196,467,243,248
Gm4208,7,11,5,9
Gm42109,11,5,12,16
Gm4211,43,119,55,29
Gm42133,0,1,1,0
Gm4214,0,0,0,0
Gm4216,0,0,0,0
Gm42161,81,115,148,99
Gm4219,16,32,19,17
Gm42196,36,29,31,28
Gm42205,32,6,18,17
Gm42208,0,0,0,0
Gm4221,1309,910,1076,825
Gm4224,0,0,0,0
Gm4230,11,7,20,7
Gm42303,2694,3149,2438,2692
Gm42372,337,725,309,433
Gm42375,0,0,1,1
Gm42397,45,295,50,53
Gm4241,92,99,69,68
Gm42413,1079,986,1150,1131
Gm42418,21534,43271,29196,22733
Gm42423,13,9,7,11
Gm42425,1,3,1,2
Gm42428,0,0,0,0
Gm42435,1,0,0,3
Gm42439,7435,4463,4109,4325
Gm42450,2,0,1,3
Gm42456,1270,1256,858,1028
Gm42457,3,1,0,1
Gm42463,387,367,293,298
Gm42468,0,4,1,3
Gm42470,1,0,2,1
Gm42476,0,0,0,0
Gm42477,1685,1676,1826,1637
Gm42488,4,5,5,1
Gm42489,0,4,0,2
Gm42493,0,0,0,0
Gm42495,52,42,63,37
Gm42500,10,15,22,6
Gm42504,28,18,25,20
Gm4251,5,2,5,8
Gm42517,24,39,33,2
Gm42518,15,6,0,2
Gm42523,0,0,0,0
Gm42524,9,6,1,5
Gm42529,80,70,48,44
Gm42530,0,0,0,0
Gm42531,56,32,55,37
Gm42538,7,4,4,5
Gm42539,0,0,0,0
Gm42542,0,0,0,0
Gm42543,0,0,0,0
Gm42555,2,1,1,3
Gm42556,893,830,703,665
Gm42557,5,7,4,8
Gm42558,0,0,0,0
Gm42560,246,231,241,259
Gm42564,0,0,0,0
Gm42565,0,0,0,0
Gm42567,338,255,311,274
Gm42575,0,0,0,0
Gm4258,11589,11425,10023,8526
Gm42595,262,305,249,220
Gm42596,2,2,1,2
Gm42601,12,10,23,26
Gm42604,7,7,8,12
Gm42606,0,0,0,0
Gm42609,907,913,685,729
Gm42610,0,1,1,2
Gm42620,99,77,64,87
Gm42626,0,0,0,1
Gm42643,0,0,0,0
Gm4265,12,3,13,7
Gm42650,2,1,0,2
Gm42654,2,5,1,0
Gm42658,60,39,48,37
Gm42659,475,355,368,314
Gm42664,115,122,58,117
Gm42667,0,0,0,0
Gm42670,33,56,42,37
Gm42678,10,18,13,12
Gm42679,39,44,37,34
Gm42681,0,2,0,0
Gm42682,1,2,1,1
Gm42695,160,56,87,107
Gm42696,245,218,287,186
Gm42697,12,5,1,5
Gm42699,225,195,215,129
Gm42700,66,68,79,60
Gm42701,184,150,133,110
Gm42702,473,465,463,393
Gm42704,1,2,6,2
Gm42705,196,256,263,184
Gm42706,2,1,0,3
Gm42707,108,139,120,98
Gm42708,5,5,5,1
Gm42711,12,12,10,6
Gm42716,25,19,26,24
Gm42717,81,77,89,49
Gm42720,0,0,0,0
Gm42721,22,13,21,24
Gm42722,654,529,579,1147
Gm42723,167,150,130,158
Gm42726,1139,1145,911,969
Gm42738,29,32,17,29
Gm42742,23,17,13,14
Gm42743,12,38,36,46
Gm42744,187,227,219,239
Gm42745,10,17,10,9
Gm42750,4,3,1,2
Gm42756,362,314,439,335
Gm42761,4,2,0,0
Gm42764,7,4,7,5
Gm42765,3,2,1,0
Gm42775,54,54,54,65
Gm4278,6,4,9,8
Gm42787,11,13,10,6
Gm42788,169,213,177,158
Gm42789,0,1,2,1
Gm4279,22,9,28,19
Gm42791,23,27,32,30
Gm42794,0,2,0,0
Gm42797,20,16,20,3
Gm428,0,0,0,0
Gm42800,3,2,0,2
Gm42802,0,0,1,0
Gm42808,0,0,0,0
Gm42809,4,6,10,3
Gm42812,5,11,11,7
Gm42813,6,1,3,6
Gm42817,126,128,140,125
Gm42823,0,0,0,0
Gm42825,113,104,52,118
Gm42827,2,0,0,0
Gm42829,158,153,152,142
Gm42836,85,47,49,33
Gm42838,6,1,1,2
Gm42839,9,11,6,11
Gm42846,1,1,3,4
Gm42848,44,61,35,32
Gm42849,23,15,15,15
Gm4285,100,94,105,126
Gm42851,676,550,508,661
Gm42854,9,12,17,8
Gm42864,99,98,109,107
Gm42865,25,16,20,14
Gm42868,2,1,2,2
Gm42869,233,288,262,194
Gm42871,1,0,0,1
Gm42875,130,136,124,130
Gm42880,0,0,0,0
Gm42882,4,6,4,2
Gm42884,87,83,108,71
Gm42889,5,7,0,5
Gm42891,1,4,1,0
Gm42893,36,26,20,21
Gm42901,4,13,4,4
Gm42902,291,382,299,356
Gm42903,19,19,20,23
Gm42912,1,564,1,2
Gm42916,0,0,0,0
Gm42917,1504,1338,1298,1100
Gm42918,17,32,9,10
Gm42920,0,0,0,0
Gm42921,1,4,0,0
Gm42924,0,0,0,0
Gm42925,0,0,0,0
Gm42931,0,0,0,0
Gm42937,205,216,151,168
Gm42938,60,33,20,19
Gm42939,135,60,75,46
Gm42941,243,255,249,244
Gm42945,0,0,0,0
Gm42947,1,0,0,0
Gm42948,368,283,268,289
Gm42949,5,0,1,2
Gm42951,20,13,20,16
Gm42952,0,0,0,0
Gm42953,169,199,191,133
Gm42958,0,0,0,0
Gm42962,39,29,74,47
Gm4297,0,0,1,0
Gm42980,0,0,1,1
Gm42982,289,301,222,260
Gm42984,854,1112,808,918
Gm42990,0,0,0,0
Gm42997,120,150,105,124
Gm43000,102,73,70,81
Gm43001,0,1,0,0
Gm4301,0,0,1,0
Gm43016,123,204,118,164
Gm43017,104,139,98,164
Gm4302,0,0,0,0
Gm43020,0,1,1,2
Gm43021,0,0,0,0
Gm43024,31,38,43,35
Gm4303,0,0,0,0
Gm43031,52,59,46,50
Gm43042,5,4,0,5
Gm43049,3,3,1,2
Gm4305,0,0,0,0
Gm43050,0,0,0,0
Gm43056,1,0,0,0
Gm43057,3,0,1,3
Gm43061,280,210,226,181
Gm43062,36,27,28,14
Gm43063,1,4,0,0
Gm43065,8,31,11,13
Gm43066,580,85,104,254
Gm43067,0,0,0,0
Gm43069,1,2,4,3
Gm4307,0,0,0,0
Gm43077,23,28,13,24
Gm43079,0,0,0,0
Gm43086,0,0,0,0
Gm43091,2,11,2,6
Gm43100,0,0,0,0
Gm43101,0,0,0,1
Gm43109,13,4,9,9
Gm43111,523,510,608,486
Gm43112,454,366,438,312
Gm43113,431,384,414,372
Gm43118,16,19,15,23
Gm4312,0,0,0,0
Gm43120,1,4,1,4
Gm43121,0,0,0,0
Gm43122,19,46,35,20
Gm43126,145,98,139,99
Gm43129,0,0,0,0
Gm43131,0,0,0,0
Gm43132,0,0,0,0
Gm43134,0,0,1,2
Gm43135,0,0,1,2
Gm43136,10,7,6,2
Gm43137,8,13,6,6
Gm43138,317,244,311,246
Gm43140,184,190,192,208
Gm43149,105,104,103,103
Gm43150,70,137,128,90
Gm43151,1,8,1,3
Gm43154,136,348,317,276
Gm43156,0,0,0,1
Gm4316,5,4,0,2
Gm43166,71,92,88,71
Gm43177,3,8,1,2
Gm43179,0,0,0,0
Gm43189,17,6,6,12
Gm4319,0,1,1,0
Gm43190,521,706,568,628
Gm43192,1166,938,783,1041
Gm43218,0,0,0,0
Gm43220,0,0,0,0
Gm43221,205,102,114,203
Gm43236,0,0,0,0
Gm43240,12,22,11,18
Gm43241,0,0,0,0
Gm43242,27,22,25,16
Gm43244,1,6,1,4
Gm43251,23,32,37,22
Gm43254,69,70,62,58
Gm43255,16,23,12,7
Gm43256,78,67,65,59
Gm43258,251,250,244,188
Gm43259,230,224,216,180
Gm43260,182,184,171,179
Gm43262,41,60,57,46
Gm43263,148,128,114,87
Gm43269,0,0,0,0
Gm43284,0,0,0,0
Gm43293,7,8,14,4
Gm43298,3,2,6,6
Gm43301,48,39,44,34
Gm43303,1,1,4,1
Gm43305,217,451,231,155
Gm43328,176,140,153,138
Gm43329,236,152,190,152
Gm43330,64,36,44,37
Gm43331,170,113,143,153
Gm43332,22,34,25,21
Gm43342,0,0,0,0
Gm43346,0,0,1,1
Gm43348,0,0,0,0
Gm43349,0,0,0,0
Gm43351,0,0,3,6
Gm43356,0,0,0,1
Gm43357,1,1,0,1
Gm43358,0,0,0,0
Gm43376,2867,2860,2773,2982
Gm43378,179,130,192,167
Gm43387,108,131,110,79
Gm43388,22,13,15,5
Gm43391,0,0,0,0
Gm43397,0,1,1,0
Gm4340,0,0,0,1
Gm43400,1,15,9,7
Gm43401,8,13,9,7
Gm43403,31,51,34,58
Gm43409,1,3,1,0
Gm43434,49,46,50,47
Gm43445,626,787,919,813
Gm43446,0,0,0,0
Gm43447,5,3,2,10
Gm43449,0,0,0,0
Gm43450,0,0,0,0
Gm43452,0,0,0,0
Gm43458,85,70,80,59
Gm43462,803,800,787,713
Gm43463,58,27,59,33
Gm43464,20,10,36,25
Gm43465,39,30,33,22
Gm43466,331,356,411,305
Gm43468,0,0,1,1
Gm43470,1,2,3,1
Gm43475,0,0,0,0
Gm43476,0,0,0,0
Gm43479,3,2,1,1
Gm43480,12,20,19,15
Gm43492,0,0,0,0
Gm43495,0,0,0,0
Gm43500,1,0,0,0
Gm43507,493,714,656,633
Gm43514,31,66,40,69
Gm43522,9,5,5,11
Gm43525,0,0,0,0
Gm43532,21,28,17,30
Gm43538,0,0,0,0
Gm43539,0,1,4,0
Gm43549,0,0,0,2
Gm4356,217,249,248,196
Gm43560,170,154,168,134
Gm43562,0,0,0,0
Gm43566,137,150,156,172
Gm43567,1,3,4,1
Gm43568,13,14,17,9
Gm43569,392,388,230,347
Gm43570,94,81,75,94
Gm43572,6,13,7,11
Gm43573,86,110,79,83
Gm43574,1,0,1,1
Gm43577,73,100,51,66
Gm43579,1,1,3,2
Gm43581,152,165,201,174
Gm43583,0,0,0,0
Gm43585,12,6,9,7
Gm43586,0,0,1,0
Gm43597,661,771,556,524
Gm43598,204,245,197,169
Gm43599,95,112,95,83
Gm436,0,0,2,0
Gm43604,35,26,26,20
Gm43607,0,0,1,1
Gm43608,11,1,3,4
Gm43612,5,13,4,13
Gm43613,2,5,2,4
Gm43614,3,5,6,2
Gm43616,1,3,1,2
Gm43617,0,0,0,0
Gm43619,1,0,1,1
Gm43623,198,169,167,138
Gm43625,103,93,95,113
Gm43634,0,1,0,0
Gm43635,3,0,0,0
Gm43640,0,0,0,0
Gm43645,0,0,0,0
Gm43646,22,31,19,24
Gm43647,42,28,23,32
Gm43650,3,2,2,1
Gm43653,26,44,41,42
Gm43657,18,7,21,13
Gm43660,651,640,557,714
Gm43661,24,25,25,25
Gm43666,78,79,100,96
Gm43672,101,238,157,198
Gm43674,121,118,138,108
Gm43678,0,0,0,0
Gm43685,1,0,1,1
Gm43688,0,0,0,0
Gm43689,22,112,43,8
Gm43690,3,8,3,1
Gm43691,42,35,36,48
Gm43695,0,0,0,0
Gm43696,616,579,587,566
Gm43698,11,11,12,20
Gm43699,1,0,2,1
Gm43700,4,16,6,5
Gm43701,3,2,1,4
Gm43703,4,4,3,2
Gm43707,260,259,282,233
Gm43713,3468,3409,2720,3979
Gm43714,5,5,6,7
Gm43727,80,64,69,52
Gm43728,74,45,52,33
Gm43729,3,7,5,7
Gm43731,7,11,5,9
Gm43732,12,23,7,19
Gm43735,1,0,0,0
Gm43736,0,0,0,0
Gm43739,0,0,0,0
Gm43755,16,24,22,23
Gm43763,0,0,0,0
Gm43768,142,136,130,116
Gm43773,155,91,113,87
Gm43774,226,207,235,183
Gm43777,0,0,0,1
Gm43782,0,0,0,0
Gm43791,3,6,7,0
Gm438,0,0,0,0
Gm43803,16,16,7,13
Gm43807,22,18,19,22
Gm43813,571,508,527,442
Gm43821,29,7,30,26
Gm43824,18,29,13,10
Gm43825,4,0,5,1
Gm43837,1,2,1,2
Gm43838,2,3,5,1
Gm43846,20,8,14,9
Gm43847,969,735,691,566
Gm43848,232,179,220,156
Gm43851,0,0,0,0
Gm43893,0,0,0,1
Gm43894,0,0,0,0
Gm43904,1,2,1,1
Gm43913,0,1,1,3
Gm43914,0,1,0,3
Gm43915,913,911,832,861
Gm43916,4,3,3,4
Gm43920,173,182,189,182
Gm43936,9,7,4,2
Gm43948,1011,1069,936,843
Gm43950,7,14,4,3
Gm43951,164,211,154,190
Gm43964,10,5,12,6
Gm43971,1,0,3,0
Gm43972,13,19,18,15
Gm43974,0,0,0,0
Gm43994,0,1,0,0
Gm44,0,0,0,0
Gm44000,0,0,0,0
Gm44006,0,2,2,1
Gm44009,0,0,0,0
Gm44012,21,31,29,20
Gm44017,9,2,6,1
Gm4402,1,0,0,0
Gm44020,83,99,72,94
Gm44026,138,176,119,105
Gm44028,0,3,1,0
Gm44036,51,88,68,75
Gm44037,40,79,20,47
Gm44040,565,817,618,829
Gm44053,169,150,160,145
Gm44066,1,2,3,0
Gm44067,11,6,11,10
Gm44071,194,328,180,224
Gm44072,2,4,1,0
Gm44073,57,45,40,50
Gm44077,5,9,6,6
Gm44079,394,374,277,263
Gm44081,2,5,2,7
Gm44085,2,2,3,3
Gm44089,13,9,4,8
Gm4409,244,290,190,288
Gm44091,42,60,48,43
Gm44096,10,6,3,2
Gm44097,20,22,16,18
Gm44105,9,7,6,4
Gm44107,0,0,1,0
Gm44109,3,0,4,4
Gm44110,0,0,0,1
Gm44113,2,1,0,3
Gm44115,12,3,10,21
Gm44117,2,3,2,1
Gm44123,3,9,4,7
Gm44127,22,28,20,28
Gm44129,314,244,200,272
Gm44140,7,4,9,16
Gm44145,2,3,4,7
Gm44148,287,189,296,282
Gm44151,4959,3912,3961,3835
Gm44166,0,0,0,0
Gm44167,443,448,376,300
Gm44169,10,10,17,12
Gm44170,4,2,3,2
Gm44172,4,0,1,2
Gm44174,6,8,4,5
Gm44175,22,12,22,17
Gm44176,0,0,0,0
Gm4419,77,82,67,103
Gm44190,138,125,137,105
Gm44196,15,38,15,19
Gm44199,89,99,68,64
Gm44200,16,20,7,6
Gm44202,2,3,4,6
Gm44204,0,0,0,0
Gm44206,86,109,112,133
Gm44210,7,17,13,12
Gm44214,18,40,31,41
Gm44226,0,0,1,0
Gm44238,2,0,1,0
Gm4425,5,12,1,5
Gm44257,1856,1516,1489,1209
Gm44258,12,3,3,7
Gm44264,40,40,34,28
Gm44265,36,16,36,35
Gm44271,7,7,9,2
Gm44275,6,8,2,4
Gm44278,0,1,0,0
Gm44284,55,35,49,54
Gm44287,9,15,12,11
Gm44296,2,0,0,0
Gm44317,9,12,9,18
Gm44366,3,5,1,7
Gm44386,48,64,61,39
Gm44410,0,0,0,0
Gm44418,16,20,9,13
Gm44421,32,33,37,28
Gm44427,0,0,0,0
Gm44442,1,0,1,0
Gm44448,0,0,0,0
Gm4450,34,41,30,25
Gm44501,0,0,0,1
Gm44506,0,0,0,0
Gm44507,3,4,3,3
Gm44515,6,5,2,4
Gm44516,13,12,15,15
Gm44532,70,96,103,72
Gm44546,3,3,4,4
Gm44549,16,9,12,15
Gm44570,12,6,8,6
Gm44577,121,106,117,111
Gm44581,3,2,0,1
Gm44588,0,0,0,0
Gm44593,1109,760,423,913
Gm44601,15,23,14,15
Gm44613,5,5,2,4
Gm44617,33,40,37,28
Gm44618,400,336,300,232
Gm44621,0,0,0,2
Gm44622,0,0,0,0
Gm44623,13,30,6,11
Gm44626,38,41,26,41
Gm44632,2,2,1,1
Gm44633,59,50,35,53
Gm44643,1725,1959,1663,2099
Gm44644,1315,1524,1418,1496
Gm44646,63,70,45,66
Gm44647,6,11,5,2
Gm44649,587,565,546,552
Gm44658,1,2,2,0
Gm44659,1,0,0,0
Gm44662,49,33,68,49
Gm44672,2,9,6,6
Gm44674,18,10,13,8
Gm44684,34,31,35,28
Gm44686,1634,1373,1194,1485
Gm44689,0,1,0,0
Gm44691,7,5,5,0
Gm44692,0,1,0,0
Gm44693,1,1,0,0
Gm44696,195,282,257,341
Gm44698,84,70,77,71
Gm44699,157,82,134,91
Gm44700,8,6,6,4
Gm44702,1,6,11,5
Gm44706,5,2,2,4
Gm44707,0,0,0,0
Gm44709,13,5,20,9
Gm44710,72,51,61,63
Gm44714,1,1,0,1
Gm44717,1,1,0,0
Gm44718,114,150,119,95
Gm44724,124,119,148,113
Gm44725,1,3,3,4
Gm4473,4,3,5,5
Gm44730,0,0,0,0
Gm44731,5,2,2,2
Gm44732,0,0,1,0
Gm44733,0,0,0,1
Gm44734,67,57,59,85
Gm44736,1,2,0,0
Gm44737,60,54,42,31
Gm44738,7,6,1,3
Gm44739,2,4,10,2
Gm44744,0,0,0,0
Gm44748,8,12,7,3
Gm44751,2,2,11,3
Gm44752,32,15,34,22
Gm44753,0,0,0,0
Gm44756,0,1,1,2
Gm44759,466,446,472,486
Gm44761,6,3,6,6
Gm44763,157,48,66,34
Gm44764,0,1,2,2
Gm44767,142,157,184,171
Gm44773,1,3,3,0
Gm44777,202,244,155,148
Gm44778,1,1,2,3
Gm44780,4,5,2,2
Gm44781,2,0,1,1
Gm44784,0,0,0,0
Gm44785,1,1,2,0
Gm44786,2,1,1,3
Gm44787,1,3,1,2
Gm44788,9,28,19,19
Gm44793,28,43,39,46
Gm44796,0,0,0,0
Gm44808,0,0,0,0
Gm44812,149,190,262,119
Gm44813,13,12,21,9
Gm44818,0,0,0,0
Gm44827,1,3,0,1
Gm44832,42,50,28,34
Gm44836,15,8,16,10
Gm44837,6,5,4,0
Gm44839,0,0,0,0
Gm44850,2,2,5,4
Gm44851,6,2,5,1
Gm44854,40,64,46,58
Gm44864,6,10,8,5
Gm44866,220,240,238,142
Gm44867,2,0,1,1
Gm44876,2,0,0,1
Gm44877,25,19,36,26
Gm44886,0,0,0,0
Gm44889,0,0,1,1
Gm4489,3,1,2,8
Gm44892,0,0,0,0
Gm44893,5,10,5,8
Gm44899,1125,1281,1250,1108
Gm4491,94,94,58,70
Gm44920,15,15,16,13
Gm44924,3,1,4,0
Gm44929,0,2,2,1
Gm44930,0,0,0,0
Gm44933,11,4,7,6
Gm44934,0,0,0,1
Gm44939,1,0,0,1
Gm44941,40,46,51,50
Gm44946,7,9,8,4
Gm44947,10,6,6,5
Gm44948,1,0,1,1
Gm44949,54,53,50,51
Gm44955,0,0,0,0
Gm44956,0,2,4,2
Gm44957,81,91,63,87
Gm44968,0,0,0,0
Gm44969,0,0,0,0
Gm44970,0,0,0,0
Gm4498,0,0,0,0
Gm44982,39,42,52,37
Gm44983,5,13,8,6
Gm44987,197,208,195,226
Gm44991,11,6,0,0
Gm44992,58,63,71,69
Gm44993,25,24,29,33
Gm44995,214,238,206,240
Gm44997,256,239,241,222
Gm45004,0,0,0,0
Gm45012,6,7,8,6
Gm45014,22,16,17,20
Gm45015,0,2,0,0
Gm45016,19,15,14,21
Gm45017,0,1,0,0
Gm45020,0,0,0,0
Gm45022,42,58,40,30
Gm45024,2,3,0,1
Gm45025,405,312,357,325
Gm45027,23,28,41,29
Gm45029,33,63,36,41
Gm45030,10,4,7,4
Gm45037,4,1,8,4
Gm45040,0,0,0,0
Gm45044,2,0,1,4
Gm45045,0,0,1,0
Gm45051,40,126,36,41
Gm45052,4,2,1,0
Gm45054,3,3,1,3
Gm45056,0,0,0,0
Gm45058,4,2,1,2
Gm45060,15,26,21,8
Gm45064,1,0,2,2
Gm45069,166,253,150,236
Gm45075,212,207,186,284
Gm45076,0,2,1,1
Gm45079,17,18,7,12
Gm45081,7,2,5,7
Gm45083,68,60,94,96
Gm45086,0,0,0,1
Gm45090,0,0,0,0
Gm45091,0,1,2,0
Gm45092,8,24,18,23
Gm45095,0,0,0,0
Gm45096,7,10,8,11
Gm45121,3,2,6,2
Gm4513,0,0,0,0
Gm45144,4,8,14,5
Gm45145,0,1,1,0
Gm45148,42,38,40,26
Gm45151,12,13,13,20
Gm45155,0,1,2,0
Gm45159,3604,3366,2953,3669
Gm45163,60,59,47,32
Gm45164,0,0,0,0
Gm45168,29,21,13,19
Gm45169,39,48,29,29
Gm45175,0,0,1,0
Gm45181,3,0,1,2
Gm45184,80,59,64,61
Gm45187,35,56,39,63
Gm45188,50,52,44,48
Gm45194,38,45,18,28
Gm45202,0,0,0,1
Gm45216,119,139,120,161
Gm45218,7,1,9,4
Gm45231,12,12,7,3
Gm45235,154,180,131,134
Gm45237,12,32,12,21
Gm45238,7,9,2,5
Gm4524,14,8,12,24
Gm45241,1,2,0,0
Gm45250,141,233,212,204
Gm45253,0,0,0,1
Gm45261,0,0,0,1
Gm45267,2,5,2,3
Gm45271,0,0,0,0
Gm45272,0,0,1,0
Gm45274,0,0,0,0
Gm45277,1,0,1,0
Gm45278,2,0,0,1
Gm45282,4,3,4,0
Gm45285,55,54,36,44
Gm45301,0,1,0,0
Gm45303,6,10,7,7
Gm45304,132,150,149,147
Gm45305,0,0,1,0
Gm45307,3,2,3,1
Gm45309,13,30,21,16
Gm45311,134,147,137,106
Gm45321,3332,2131,1148,1823
Gm45322,0,0,0,1
Gm45323,3846,2363,1335,2008
Gm45326,2,0,2,1
Gm45330,4,7,5,4
Gm45332,1,0,0,0
Gm45334,0,1,0,0
Gm45335,0,1,1,0
Gm45336,2,2,2,0
Gm45337,1,0,1,0
Gm45338,61,56,64,47
Gm45339,1,0,1,2
Gm45341,1835,1303,791,1094
Gm45345,780,769,753,817
Gm45346,10,22,14,15
Gm45349,0,4,3,4
Gm45350,3,1,4,4
Gm45352,322,429,398,479
Gm45353,28,32,37,25
Gm45355,10,9,6,7
Gm45356,181,234,273,192
Gm45359,10,14,0,4
Gm45368,11,11,7,7
Gm45370,4,6,7,1
Gm45371,8,15,6,8
Gm45379,0,0,0,0
Gm45388,56,36,48,53
Gm45389,14,12,26,15
Gm45391,3,1,2,4
Gm45397,1,0,2,0
Gm454,1,2,1,1
Gm45406,88,98,85,120
Gm45408,22,36,26,28
Gm45411,18,11,10,16
Gm45418,1,0,1,0
Gm45425,11,16,20,20
Gm45430,0,0,1,0
Gm45431,1,2,1,1
Gm45435,944,985,811,746
Gm45436,3,0,1,0
Gm45437,0,6,10,12
Gm4544,11,17,23,14
Gm45441,18,31,12,12
Gm45442,3,2,1,1
Gm45447,196,331,212,261
Gm45449,13,20,21,17
Gm45455,14,10,4,15
Gm45459,20,61,12,14
Gm45460,2,9,2,0
Gm45462,0,1,0,0
Gm45463,1,0,0,1
Gm45464,473,420,455,436
Gm45469,0,0,1,0
Gm45470,121,125,101,99
Gm45472,3,0,2,0
Gm45474,2,4,3,1
Gm45479,170,171,159,142
Gm45486,253,335,229,226
Gm45488,11,14,14,8
Gm45489,7,4,5,3
Gm45490,0,1,1,1
Gm45494,32,29,37,28
Gm45495,45,31,44,35
Gm45502,169,174,131,155
Gm45505,0,1,0,0
Gm45507,30,38,37,42
Gm45509,435,448,349,411
Gm45510,20,14,12,8
Gm45515,0,0,3,0
Gm45518,11,19,22,19
Gm45521,0,0,1,2
Gm45524,11,12,20,6
Gm4553,0,0,1,0
Gm45533,27,27,19,26
Gm45538,7,7,5,7
Gm45542,3,2,2,1
Gm45552,10,12,13,12
Gm45554,5,5,4,0
Gm45556,0,0,0,0
Gm45557,0,0,1,0
Gm45558,0,0,2,1
Gm45564,0,2,0,1
Gm45570,136,120,147,97
Gm45571,1,0,0,1
Gm45572,45,50,38,38
Gm45576,7,4,7,2
Gm45579,45,47,44,70
Gm45580,0,2,0,0
Gm45584,2,1,1,0
Gm45587,6,25,12,9
Gm45589,1,0,1,0
Gm4559,0,0,0,0
Gm45591,25,27,38,25
Gm45593,2,0,0,0
Gm45600,15,12,26,13
Gm45601,6,6,9,5
Gm45602,3,3,2,1
Gm45604,13,16,19,12
Gm45605,171,364,215,211
Gm45606,67,100,63,72
Gm45607,1,2,4,3
Gm45609,332,504,333,418
Gm45613,5,8,2,5
Gm45615,12,15,16,10
Gm45618,0,0,1,1
Gm45619,4,7,3,10
Gm45620,52,35,40,36
Gm45623,12,12,2,6
Gm45625,0,0,0,0
Gm45627,2,1,3,2
Gm45631,1,1,2,2
Gm45639,5,8,10,2
Gm45641,13,36,17,18
Gm45645,804,825,653,787
Gm45646,8,12,9,6
Gm4565,0,0,0,0
Gm45650,14,12,17,17
Gm45659,0,0,0,0
Gm4566,42,24,31,32
Gm45666,0,0,0,0
Gm45669,40,28,36,24
Gm4567,0,0,0,0
Gm45670,119,105,95,115
Gm45671,12,8,0,2
Gm45672,4,0,2,2
Gm45676,0,0,1,0
Gm45680,153,55,14,207
Gm45682,1,2,0,1
Gm45686,0,1,3,3
Gm45699,26,25,14,11
Gm45702,4,3,1,5
Gm45703,0,1,0,0
Gm45708,298,264,308,262
Gm45709,37,22,25,19
Gm45715,3,3,2,5
Gm45716,231,264,212,204
Gm45720,40,28,22,42
Gm45721,100,97,91,91
Gm45723,1,0,2,2
Gm45732,128,114,106,137
Gm45733,13,14,10,9
Gm45738,18,21,15,10
Gm45740,106,109,94,83
Gm45741,1,1,1,0
Gm45752,3,3,1,1
Gm45764,0,0,0,0
Gm45765,3,2,4,0
Gm45766,1,0,0,2
Gm45767,128,129,168,146
Gm4577,17,14,9,18
Gm45774,9,3,5,2
Gm45781,0,0,1,0
Gm45788,0,0,0,0
Gm45790,42,58,31,25
Gm45792,2,2,4,2
Gm45798,4,1,0,1
Gm45805,2,0,0,0
Gm45812,123,95,116,70
Gm45820,110,98,86,56
Gm45821,0,3,0,1
Gm45822,64,76,78,78
Gm45823,6,6,2,1
Gm45824,1,0,1,2
Gm45827,1,1,0,0
Gm45829,101,85,34,57
Gm45830,4,2,5,3
Gm45833,29,23,41,36
Gm45839,0,0,0,0
Gm45843,0,1,1,0
Gm45847,1137,1372,1145,1217
Gm45848,6,8,4,12
Gm45864,1,2,3,1
Gm45866,40,27,27,35
Gm45868,1,0,0,1
Gm45869,58,68,76,46
Gm45871,586,851,609,784
Gm45875,29,40,26,29
Gm45877,5,10,5,8
Gm45885,122,175,95,172
Gm45889,2,5,1,3
Gm45890,253,231,264,304
Gm45892,5,3,3,3
Gm45894,150,144,152,142
Gm45895,35,2,0,2
Gm45897,7,4,5,4
Gm45899,1,1,0,1
Gm45901,8,12,4,3
Gm45902,203,210,214,201
Gm45903,0,1,0,1
Gm45904,1369,879,892,1058
Gm45911,0,4,5,7
Gm45924,70,70,61,35
Gm45941,3,1,2,4
Gm45949,4,9,6,13
Gm4598,1,1,2,1
Gm4610,17,10,6,15
Gm46102,1793,2283,1686,1771
Gm46123,664,713,645,540
Gm46124,390,389,321,300
Gm46189,2,0,2,2
Gm46204,0,2,2,5
Gm46210,202,250,215,222
Gm46212,15,25,10,26
Gm46218,1626,1898,1724,1836
Gm46224,46,25,106,79
Gm4631,402,373,332,318
Gm4632,91,104,94,115
Gm46323,12,32,22,17
Gm46328,1,3,2,3
Gm46329,12,15,9,15
Gm46332,100,98,117,109
Gm46336,7,15,6,13
Gm46348,101,112,91,108
Gm46349,3,2,0,7
Gm46355,0,0,1,1
Gm46367,5586,5848,4753,5128
Gm46376,13,4,4,2
Gm46378,87,66,73,70
Gm46392,126,71,62,54
Gm4640,10,10,15,6
Gm46400,16,29,39,32
Gm46401,12,18,11,4
Gm46404,103,199,96,181
Gm46409,15,39,33,28
Gm46411,28,16,29,45
Gm46416,6,3,0,1
Gm46419,33,28,17,27
Gm46430,496,551,416,373
Gm46440,452,425,397,387
Gm46447,115,114,100,92
Gm4651,233,292,211,220
Gm46515,365,452,325,265
Gm46516,4,11,2,8
Gm46519,2,3,4,2
Gm46526,20,32,18,28
Gm46545,1,0,1,0
Gm46555,39,36,44,41
Gm46559,1,0,2,2
Gm46560,8,11,17,10
Gm46563,95,118,99,78
Gm46565,49,53,52,56
Gm4657,46,44,55,59
Gm46587,1,0,0,0
Gm46603,9,9,7,17
Gm46606,2,1,3,2
Gm46614,2,3,7,12
Gm46620,22,20,19,16
Gm46633,115,170,112,135
Gm46637,12,24,14,19
Gm4665,19,26,32,24
Gm46652,95,82,108,120
Gm46658,2,2,2,2
Gm4668,2,0,2,3
Gm4673,809,794,739,753
Gm4675,28,20,30,25
Gm4681,181,229,227,284
Gm47001,7,5,1,0
Gm47002,9,9,10,7
Gm47003,50,45,42,45
Gm47007,0,0,1,0
Gm47009,2,2,3,2
Gm47013,6,3,6,13
Gm47015,3,8,0,5
Gm47018,136,154,166,149
Gm47020,7,4,4,4
Gm47027,334,414,428,357
Gm47028,0,0,0,0
Gm47030,5,7,5,2
Gm47031,13,16,4,8
Gm47033,119,172,107,131
Gm47034,1,1,2,1
Gm47039,0,1,1,2
Gm47040,5,4,2,0
Gm47043,0,0,3,2
Gm47047,17,21,13,12
Gm47049,1,0,1,2
Gm47051,1,1,0,1
Gm47059,5,7,14,5
Gm47061,3,2,0,2
Gm47064,2,0,1,0
Gm47066,0,0,0,0
Gm47067,0,0,0,0
Gm47068,0,0,1,0
Gm47069,0,1,0,0
Gm4707,157,155,149,150
Gm47070,0,0,0,0
Gm47071,595,584,565,585
Gm47076,20,7,13,18
Gm47077,3,1,0,5
Gm47078,3,5,5,4
Gm47079,25,25,16,15
Gm47080,1,2,7,5
Gm47082,0,0,0,0
Gm47093,125,93,76,77
Gm47095,136,174,150,144
Gm47096,249,254,266,339
Gm4710,3,3,1,1
Gm47101,13,4,7,10
Gm47106,149,142,139,164
Gm47107,0,0,0,0
Gm47109,4,6,3,6
Gm47112,10,20,13,25
Gm47113,28,53,37,45
Gm47116,16,15,4,3
Gm47117,7,12,7,3
Gm47118,1,5,3,0
Gm47119,4,1,0,3
Gm47121,44,44,34,20
Gm47123,49,71,68,90
Gm47126,4,1,3,2
Gm47127,1,0,1,0
Gm47128,3,0,0,0
Gm47131,0,0,0,0
Gm47133,4,10,3,4
Gm47134,347,309,340,283
Gm47136,196,155,174,164
Gm47140,40,60,35,17
Gm47141,1,3,7,1
Gm47143,0,0,0,1
Gm47144,81,81,119,129
Gm47150,1,1,0,0
Gm47151,0,0,0,0
Gm47152,3,4,8,3
Gm47153,18,15,18,22
Gm47156,22,16,13,15
Gm47157,7,9,6,5
Gm47162,1,0,1,0
Gm47163,57,105,71,75
Gm47167,2079,1838,1588,1843
Gm47176,0,0,0,0
Gm47177,4,0,5,7
Gm47181,14,18,22,17
Gm47186,0,0,1,2
Gm47189,0,0,0,0
Gm4719,0,0,0,0
Gm47193,30,13,14,12
Gm47194,1,1,2,0
Gm47200,40,62,66,40
Gm47202,18,30,31,30
Gm47204,8,26,17,19
Gm47207,17,15,12,20
Gm47210,13,18,17,2
Gm47212,6,4,3,2
Gm47214,45,48,29,91
Gm47216,25,29,32,30
Gm47221,3,3,5,0
Gm47223,1,0,3,0
Gm47224,0,0,0,0
Gm47226,0,0,0,0
Gm47230,2,3,1,1
Gm47231,6,6,2,3
Gm47232,16,31,21,5
Gm47235,0,1,0,2
Gm47237,3,1,1,5
Gm4724,6,0,3,5
Gm47242,2,0,3,0
Gm47243,13,26,20,20
Gm47248,4,0,0,2
Gm47249,6,1,2,1
Gm47251,7,10,3,4
Gm47252,1,2,1,2
Gm47253,6,7,2,6
Gm47257,8,15,9,13
Gm47262,9,0,0,0
Gm47267,0,0,0,0
Gm47270,218,148,169,157
Gm47271,2812,2424,2065,2389
Gm47272,248,241,204,193
Gm47283,9312,5550,5146,18458
Gm47289,5,0,1,2
Gm47316,0,0,1,0
Gm47319,1,0,2,2
Gm47320,235,180,161,179
Gm47326,11,9,9,11
Gm47328,20,26,14,19
Gm47334,75,93,67,75
Gm47336,8,9,3,1
Gm47343,6,12,4,9
Gm47348,0,0,0,0
Gm47349,0,0,0,0
Gm47350,750,721,662,744
Gm47351,2,0,0,1
Gm47352,38,141,70,49
Gm47354,0,1,0,0
Gm47357,13,14,6,12
Gm47358,0,0,0,4
Gm47359,96,124,99,105
Gm47360,2,5,3,8
Gm47368,39,66,41,63
Gm4737,1,0,1,1
Gm47371,661,656,604,648
Gm47373,57,71,55,64
Gm47375,12,15,10,18
Gm47376,60,64,55,74
Gm47381,4,4,2,2
Gm47389,0,0,1,0
Gm47390,4,4,1,1
Gm47391,0,19,14,14
Gm47392,12,2,11,10
Gm47396,0,0,0,0
Gm47397,8,1,12,1
Gm47398,3,0,2,1
Gm47400,2,3,2,2
Gm47403,54,62,55,43
Gm47404,12,31,15,11
Gm47405,544,543,519,393
Gm47407,0,0,0,0
Gm47408,13,17,13,8
Gm47409,36,35,37,26
Gm47414,2,5,9,7
Gm47415,63,80,66,70
Gm47416,8,15,3,11
Gm47418,1,3,4,3
Gm47419,0,1,0,1
Gm47423,3101,2132,1494,1746
Gm47424,14,17,16,24
Gm47425,3,1,1,3
Gm47428,17,22,20,22
Gm47429,0,0,0,0
Gm47430,0,0,1,0
Gm47431,33,37,19,36
Gm47432,1,1,0,0
Gm47436,2,0,0,4
Gm47438,250,437,290,418
Gm47439,13,32,29,26
Gm4744,0,0,0,0
Gm47447,0,2,0,1
Gm47448,106,105,90,121
Gm47450,9,23,12,17
Gm47453,0,0,0,0
Gm47456,11,15,12,12
Gm47459,0,0,0,0
Gm47460,326,418,251,395
Gm47461,3,1,8,1
Gm47465,7,9,15,8
Gm47467,42,33,26,20
Gm47468,3,2,0,1
Gm47469,143,153,123,136
Gm47471,43,19,22,18
Gm47475,0,0,1,0
Gm47480,6,5,1,3
Gm47484,101,202,117,155
Gm47486,2,5,3,1
Gm47489,3,2,3,6
Gm47499,18,24,18,23
Gm47501,3,7,5,2
Gm47507,6,7,4,6
Gm47509,8,12,8,8
Gm47510,1,0,0,1
Gm47511,5,4,1,6
Gm47512,193,205,132,197
Gm47514,0,0,1,0
Gm47515,43,25,19,46
Gm47518,2,1,0,0
Gm47520,3,2,5,1
Gm47523,812,745,760,794
Gm47524,0,3,3,1
Gm47525,4,15,9,7
Gm47531,0,0,0,0
Gm47532,2,1,0,0
Gm47533,2,1,0,0
Gm47535,10,5,5,3
Gm47540,0,2,2,0
Gm47541,2,1,1,0
Gm47543,0,3,0,1
Gm47544,0,0,0,0
Gm47545,12,8,5,14
Gm47547,6,9,9,9
Gm47548,0,0,0,0
Gm47549,0,2,1,1
Gm4755,7,7,6,11
Gm47551,248,196,212,177
Gm47552,0,1,0,0
Gm47557,158,144,146,105
Gm47559,1,3,0,1
Gm4756,79,97,86,92
Gm47561,4,4,4,1
Gm47564,31,45,38,41
Gm47565,45,49,42,33
Gm47566,3,3,5,2
Gm47568,30,14,21,20
Gm47575,0,0,0,1
Gm47578,69,25,63,71
Gm47587,3,3,4,0
Gm47591,2115,2117,2332,1981
Gm47593,3,5,5,2
Gm47595,10,10,17,19
Gm47598,3,2,0,1
Gm47599,15,9,10,11
Gm47601,21,18,21,28
Gm47604,1,0,0,1
Gm47613,0,2,0,0
Gm47614,0,0,0,0
Gm47622,12,24,10,19
Gm47629,2,1,1,2
Gm47631,0,0,0,0
Gm47633,3,6,7,4
Gm47634,0,0,2,1
Gm47639,14,16,12,18
Gm47644,330,295,289,212
Gm47645,1,2,1,1
Gm47646,20,42,33,44
Gm47648,22,21,21,26
Gm47658,83,53,63,33
Gm47661,391,502,355,354
Gm47662,0,0,0,0
Gm47663,2,2,4,3
Gm47664,627,486,444,415
Gm47666,0,4,2,1
Gm47667,0,0,0,0
Gm4767,0,1,0,1
Gm47671,2,1,1,3
Gm47675,1,3,3,2
Gm47677,0,0,0,0
Gm47680,4,0,2,3
Gm47682,12,7,5,22
Gm47683,1,0,6,3
Gm47684,19,27,23,26
Gm47689,528,371,403,341
Gm47691,0,0,2,0
Gm47695,3,4,8,5
Gm47697,1,0,0,2
Gm47698,6,14,7,3
Gm47701,26,25,30,28
Gm47705,1,0,0,0
Gm47707,0,0,0,0
Gm47708,4,4,2,0
Gm47709,0,0,1,0
Gm47710,481,385,177,137
Gm47711,0,0,2,0
Gm47712,62,47,39,21
Gm47713,0,4,3,0
Gm47715,391,681,518,383
Gm47716,3,2,5,3
Gm47718,1,0,0,0
Gm47719,8,5,2,7
Gm47725,2,9,1,4
Gm47728,156,213,220,146
Gm47729,3,1,1,0
Gm47730,0,0,0,0
Gm47731,4,1,10,1
Gm47732,5,3,4,3
Gm47733,1,1,0,0
Gm47734,1,2,0,0
Gm47735,4,3,3,5
Gm47738,0,3,3,3
Gm47739,6,4,1,9
Gm47751,1,0,0,0
Gm47752,10,5,8,11
Gm47754,17,21,27,27
Gm47757,101,37,7,4
Gm47758,0,2,3,0
Gm47760,129,157,103,162
Gm47761,22,22,28,12
Gm47765,1,1,0,2
Gm47766,2,3,0,3
Gm47767,17,9,18,9
Gm47769,10,2,4,0
Gm47770,7,4,0,3
Gm47771,82,73,82,39
Gm47772,35,52,55,80
Gm47774,0,0,0,0
Gm47775,0,0,0,0
Gm47777,3,2,0,1
Gm47778,0,0,0,0
Gm4778,0,0,0,0
Gm47780,0,0,0,1
Gm47781,87,55,43,88
Gm47782,17,15,17,13
Gm47784,0,0,0,2
Gm47785,14,4,14,10
Gm47789,0,0,0,0
Gm4779,76,86,79,71
Gm47790,5,15,6,7
Gm47791,0,1,0,0
Gm47792,0,0,0,0
Gm47794,18,24,19,2
Gm47795,2,2,7,3
Gm47796,0,0,0,0
Gm47798,35,39,38,33
Gm47800,4,7,3,3
Gm47802,796,733,616,672
Gm47804,1,0,0,0
Gm47805,0,3,0,0
Gm47806,22,26,24,42
Gm47808,7,10,7,5
Gm47814,135,104,86,53
Gm47815,318,369,395,315
Gm47818,5,3,3,2
Gm47819,12,16,23,21
Gm47823,25,19,28,21
Gm47827,321,337,269,346
Gm47828,1,0,0,0
Gm47833,48,82,79,60
Gm47839,3,8,2,2
Gm47841,1,0,0,1
Gm47843,6,1,2,2
Gm47847,5,12,5,11
Gm47849,45,78,73,56
Gm47850,0,0,0,0
Gm47851,23,29,35,30
Gm47854,11,10,15,24
Gm47855,0,0,0,0
Gm47858,1,0,3,2
Gm47859,0,0,0,0
Gm47861,0,0,0,0
Gm47863,115,125,97,161
Gm47865,25,12,6,7
Gm47868,2,9,6,3
Gm4787,53,70,62,53
Gm47871,0,0,0,0
Gm47872,15,25,12,25
Gm47875,19,14,28,20
Gm47877,1,1,0,0
Gm47879,19,10,15,15
Gm4788,6,4,3,7
Gm47882,252,77,88,46
Gm47884,3,3,3,4
Gm47887,2,5,0,3
Gm47888,21,30,24,13
Gm47889,462,496,418,479
Gm47895,0,0,0,0
Gm47896,18,8,14,15
Gm47897,1,2,1,1
Gm47898,72,87,61,60
Gm47900,2,0,0,1
Gm47902,1,4,10,4
Gm47903,7,4,1,6
Gm47904,1,0,2,5
Gm47906,7,9,2,4
Gm4791,7,3,6,4
Gm47913,0,0,0,0
Gm47914,17,6,2,27
Gm47915,2,1,0,0
Gm47916,0,0,0,0
Gm47917,17,8,4,4
Gm47918,23,13,22,17
Gm4792,2,7,2,4
Gm47920,76,74,79,69
Gm47921,0,2,0,2
Gm47922,11,19,5,8
Gm47923,1,0,2,0
Gm47925,0,0,0,0
Gm47926,1,0,0,1
Gm47927,0,0,0,0
Gm4793,208,336,241,213
Gm47931,0,0,0,1
Gm47936,40,61,46,52
Gm47938,120,79,85,81
Gm47939,0,0,0,0
Gm47941,0,5,1,1
Gm47944,1,0,1,0
Gm47946,11,9,13,20
Gm47947,0,1,0,2
Gm47948,0,0,0,0
Gm47950,55,55,59,54
Gm47955,0,0,0,0
Gm47956,84,107,86,79
Gm47957,11,9,12,9
Gm47958,17,14,14,10
Gm47959,0,0,0,0
Gm47960,7,6,4,5
Gm47962,321,481,425,465
Gm47966,11,24,14,11
Gm47969,5,1,5,2
Gm47972,13,11,6,10
Gm47977,0,0,0,0
Gm47979,1,0,1,2
Gm47985,0,0,0,0
Gm47990,4,2,8,6
Gm47995,0,0,0,0
Gm47996,0,0,0,0
Gm47997,0,0,0,0
Gm48001,24,28,12,15
Gm48003,1104,1402,1269,1915
Gm48004,246,359,308,507
Gm48006,284,352,267,489
Gm48007,0,1,1,0
Gm48008,0,2,1,1
Gm48010,0,0,0,0
Gm48021,7,4,8,7
Gm48022,2,0,0,1
Gm48023,2,8,2,3
Gm48024,3,5,3,1
Gm48025,10,18,15,14
Gm48027,368,418,362,356
Gm48036,2,0,0,1
Gm48038,0,0,0,0
Gm48045,12,54,33,49
Gm48050,0,10,10,9
Gm48051,0,0,0,0
Gm48053,2,2,1,1
Gm48056,0,0,0,0
Gm48057,0,1,0,3
Gm48058,0,0,0,0
Gm48061,0,2,0,1
Gm48065,1,0,3,2
Gm48066,2,2,2,0
Gm48071,11,8,11,7
Gm48072,1,0,2,0
Gm48073,0,1,0,0
Gm48075,4,2,1,1
Gm48079,27,31,23,10
Gm48081,1,1,0,0
Gm48084,37,21,15,31
Gm48086,158,122,171,151
Gm48089,15,9,9,9
Gm48091,4834,4887,4409,4241
Gm48093,13,14,6,13
Gm48094,529,629,423,675
Gm48095,1,2,0,1
Gm48099,5,9,23,14
Gm48102,11,4,7,9
Gm48105,0,0,1,0
Gm48107,0,1,0,0
Gm48116,0,0,0,0
Gm48127,15,15,9,8
Gm48129,11,4,6,10
Gm48133,2,1,1,0
Gm4814,30,51,27,54
Gm48140,5,1,3,4
Gm48155,17,18,28,12
Gm48159,521,716,638,525
Gm48161,7,10,3,4
Gm48162,10,1,2,33
Gm48163,87,99,111,95
Gm48166,3,9,4,6
Gm48168,0,0,0,0
Gm48170,0,1,0,0
Gm48187,1,0,0,0
Gm48189,0,0,1,0
Gm48190,1,0,0,0
Gm48193,2,1,1,0
Gm48194,3,4,2,5
Gm48197,0,0,0,1
Gm48199,0,0,0,0
Gm48202,6,5,10,9
Gm48209,0,1,1,3
Gm48213,1,0,0,0
Gm48215,17,22,13,17
Gm48221,0,0,0,0
Gm48222,0,0,0,0
Gm48223,0,0,0,0
Gm48226,314,468,336,392
Gm48227,0,0,0,0
Gm48228,327,283,228,238
Gm48236,102,158,118,157
Gm48237,1,1,2,0
Gm48239,869,827,781,834
Gm48242,9,12,8,10
Gm48249,302,371,370,373
Gm48250,182,155,158,137
Gm48256,1,0,0,0
Gm48257,0,1,0,1
Gm48265,23,7,6,22
Gm48275,0,0,0,0
Gm48276,1,0,1,1
Gm48277,2,1,2,1
Gm48278,19,51,20,26
Gm48279,17,24,15,16
Gm48281,174,236,119,196
Gm48283,43,46,60,35
Gm48284,3,17,9,14
Gm48286,60,38,38,23
Gm48287,2,0,0,1
Gm48293,249,383,237,225
Gm48294,18,19,6,18
Gm48295,2,10,5,1
Gm48301,35,53,42,43
Gm48302,126,71,87,83
Gm48306,1,0,3,1
Gm48311,14,9,22,20
Gm48313,4,13,2,3
Gm48321,2598,3546,3023,3302
Gm48324,12,11,7,9
Gm48336,0,0,1,1
Gm48341,3,2,1,4
Gm48342,126,128,146,184
Gm48346,63,55,61,67
Gm48350,138,123,114,174
Gm48357,25,49,41,32
Gm4836,0,0,0,1
Gm48362,1,5,3,3
Gm48370,215,166,246,200
Gm48371,152,132,245,129
Gm48383,2644,2806,2461,2760
Gm48384,0,0,1,0
Gm48387,3,8,5,3
Gm48393,105,157,137,125
Gm48395,2,0,2,4
Gm48396,3,3,5,2
Gm48397,2,3,0,3
Gm48399,0,0,1,0
Gm48402,5,7,5,11
Gm4841,4,4,16,13
Gm48410,1,0,0,0
Gm48412,0,0,0,1
Gm48419,0,0,0,0
Gm48420,79,106,85,100
Gm48421,16,26,14,11
Gm48422,4,3,5,1
Gm48423,0,0,0,0
Gm48427,11,0,2,0
Gm48428,6,0,2,0
Gm48433,8,11,13,14
Gm48435,0,0,0,0
Gm48436,0,0,0,0
Gm48439,0,4,1,6
Gm48441,69,61,51,66
Gm48444,5,2,2,3
Gm48447,1,2,0,0
Gm48449,2,5,5,5
Gm48453,0,1,1,0
Gm4846,0,0,0,0
Gm48462,0,0,0,0
Gm4847,0,0,0,0
Gm48479,60,77,53,74
Gm48480,0,0,0,0
Gm48483,2,0,1,0
Gm48485,34,28,8,61
Gm48486,2,6,1,3
Gm48488,60,73,24,45
Gm48491,0,0,0,0
Gm48492,0,0,1,1
Gm48495,13,7,4,6
Gm48500,2,4,6,2
Gm48503,7,9,1,5
Gm48505,10,4,12,6
Gm48508,208,176,363,208
Gm48510,3,7,2,5
Gm48512,4809,4346,4137,4168
Gm48521,36,37,13,23
Gm48522,2,1,3,0
Gm48526,1,0,0,0
Gm48529,43,40,38,34
Gm48530,1713,2919,3482,3065
Gm48535,10,26,7,3
Gm48538,17,17,14,11
Gm48539,0,0,0,2
Gm48544,0,0,0,0
Gm48545,0,0,0,0
Gm48548,4,2,3,4
Gm48550,29,34,31,75
Gm48552,23,38,40,21
Gm48556,5,6,10,5
Gm48558,2,2,1,4
Gm48559,72,75,55,93
Gm48570,0,1,2,0
Gm48571,3,2,2,2
Gm48573,2,0,0,1
Gm48578,0,0,0,0
Gm4858,0,1,0,0
Gm48584,0,3,2,7
Gm48591,1,2,2,1
Gm48594,7,5,1,2
Gm48595,2,0,0,0
Gm48596,9,34,23,16
Gm48597,45,17,34,19
Gm48604,214,167,148,134
Gm48605,3,3,1,5
Gm48606,37,13,40,23
Gm48607,6,3,6,2
Gm4861,0,0,3,3
Gm48610,27,30,33,27
Gm48612,0,0,0,0
Gm48613,2,1,0,0
Gm48614,3,8,18,14
Gm48615,0,0,0,0
Gm48616,3,1,0,1
Gm48617,53,94,51,55
Gm48619,74,97,117,80
Gm48622,115,110,98,98
Gm48623,608,586,550,666
Gm48626,0,0,0,1
Gm48629,0,0,0,0
Gm48633,10,8,8,11
Gm48646,9,11,31,9
Gm48648,23,19,19,15
Gm48651,7,6,5,11
Gm48653,198,182,140,146
Gm48654,7,3,5,3
Gm48656,0,0,1,0
Gm48657,20,28,17,17
Gm48662,0,1,1,0
Gm48664,8,3,8,4
Gm48665,0,0,0,0
Gm48671,8,7,7,4
Gm48677,1326,1137,922,1025
Gm48678,5754,5359,5153,5110
Gm48680,1,2,1,1
Gm48681,2,2,0,0
Gm48682,46,44,35,24
Gm48683,70,28,38,40
Gm48684,13,17,14,9
Gm48689,70,87,70,59
Gm4869,33,33,40,34
Gm48693,392,433,411,372
Gm48694,0,0,0,0
Gm48695,3,10,13,17
Gm48696,579,432,459,373
Gm48697,7,1,13,14
Gm48702,2,5,0,4
Gm48703,5,7,4,2
Gm48704,0,0,0,1
Gm48707,7,13,7,3
Gm48708,173,186,133,142
Gm48709,0,1,0,0
Gm4871,0,0,0,0
Gm48715,949,586,537,744
Gm48716,7,3,8,8
Gm48719,0,1,0,1
Gm4872,0,0,0,0
Gm48721,1,2,3,0
Gm48722,4,9,4,9
Gm48723,2,2,1,0
Gm48724,3,1,1,0
Gm48727,512,805,767,743
Gm48728,110,196,219,159
Gm48730,1,0,0,0
Gm48732,2,4,1,2
Gm48740,109,104,133,116
Gm48742,3728,3854,3792,3862
Gm48746,7,21,8,8
Gm48747,3422,2725,2673,2522
Gm48748,57,108,90,75
Gm48749,737,1182,1152,1129
Gm48754,13,12,7,8
Gm48757,9,14,15,7
Gm48759,16,30,28,19
Gm4876,3344,3353,3914,3005
Gm48762,1,3,3,4
Gm48764,2,2,0,2
Gm48765,2003,1854,1566,1739
Gm48767,7,7,1,9
Gm48768,35,67,69,74
Gm48770,174,167,178,143
Gm48772,7,10,6,7
Gm48773,8,3,4,6
Gm48775,29,67,57,43
Gm48779,39,35,36,42
Gm48780,10,12,7,15
Gm48784,101,116,93,64
Gm48790,3,1,14,3
Gm48791,24,34,21,31
Gm48795,0,0,0,0
Gm48796,84,77,72,51
Gm48799,6,2,4,2
Gm48801,0,1,0,2
Gm48802,7,1,1,1
Gm48803,0,0,0,0
Gm48807,50,42,57,49
Gm48809,28,35,27,27
Gm4881,2,5,7,0
Gm48812,0,0,0,0
Gm48814,1,0,0,0
Gm48819,18,12,10,16
Gm48820,0,0,0,0
Gm48821,0,0,0,2
Gm48823,0,0,0,0
Gm48824,7,15,10,12
Gm48825,0,3,1,1
Gm48829,0,1,1,1
Gm48830,3,0,1,2
Gm48831,0,0,0,0
Gm48832,0,0,0,4
Gm48833,0,0,0,0
Gm48834,2,1,2,1
Gm48837,100,148,82,87
Gm4884,1,1,0,0
Gm48842,0,0,0,0
Gm48843,23,23,29,38
Gm48844,36,33,15,24
Gm48845,54,81,69,54
Gm48847,0,0,1,1
Gm48853,19,17,16,15
Gm48854,9,21,24,6
Gm48855,1442,934,907,1003
Gm48857,3,2,0,2
Gm48860,92,129,95,125
Gm48866,0,0,0,1
Gm48867,2,2,1,3
Gm48876,1,0,0,0
Gm48877,86,118,79,81
Gm48879,0,1,1,0
Gm48882,59,60,53,79
Gm48884,1,0,1,1
Gm48893,1340,1630,1057,1651
Gm48896,1,0,0,0
Gm48898,7,16,11,6
Gm48899,58,81,50,68
Gm4890,166,165,175,193
Gm48900,62,80,58,66
Gm48901,0,0,1,0
Gm48902,0,2,1,3
Gm48903,9,10,12,8
Gm48905,2,2,1,1
Gm48908,3,4,3,2
Gm48910,0,0,0,0
Gm48911,0,0,0,0
Gm48912,2,1,0,1
Gm48913,62,79,52,81
Gm48914,235,235,174,223
Gm48917,0,0,1,1
Gm48923,1,1,0,0
Gm48924,0,1,2,0
Gm48925,0,0,0,0
Gm48933,7,27,25,17
Gm48935,13,14,21,14
Gm4894,2,1,1,4
Gm48940,51,43,44,46
Gm48941,0,1,0,1
Gm48942,2,1,0,0
Gm48945,12,13,17,26
Gm48946,0,0,1,1
Gm48949,42,42,40,33
Gm48952,38,64,73,64
Gm48954,4,8,3,5
Gm48956,667,835,626,622
Gm48957,1558,2073,1604,1326
Gm48960,911,1129,917,1067
Gm48968,16,31,23,23
Gm48969,1,5,10,2
Gm48970,5,5,8,2
Gm48972,0,0,0,0
Gm48975,2,2,0,1
Gm48977,4,0,2,3
Gm48984,172,124,132,99
Gm48992,78,65,59,42
Gm48997,1,1,1,0
Gm49002,22,21,19,22
Gm49003,2310,2164,2165,2434
Gm49004,3,4,5,11
Gm49007,3,0,0,1
Gm49008,14,32,23,35
Gm49010,2,0,0,0
Gm49012,49,68,62,56
Gm49014,1,0,0,0
Gm49015,3,1,0,1
Gm49016,5,10,12,10
Gm49018,20,1,8,1
Gm49019,0,0,0,0
Gm49022,0,0,1,0
Gm49024,2,0,0,4
Gm49025,2,7,4,0
Gm49027,89,114,146,119
Gm49030,4,2,1,1
Gm49032,25,55,25,24
Gm49035,2,1,2,0
Gm49041,138,255,170,182
Gm49042,15,11,16,12
Gm49046,21,18,13,23
Gm49048,0,0,0,0
Gm49054,0,0,0,3
Gm49064,66,75,59,55
Gm49066,605,1105,671,831
Gm49067,80,69,85,69
Gm4907,3,4,4,4
Gm49076,3,3,2,3
Gm49077,44,58,57,39
Gm49083,22,9,8,18
Gm49085,693,595,499,595
Gm49086,30,43,35,53
Gm49087,0,0,1,1
Gm49092,4,1,5,7
Gm49097,34,14,18,23
Gm49099,0,0,0,0
Gm49101,0,0,1,0
Gm49106,7,16,8,7
Gm49107,2,3,2,1
Gm49108,0,0,0,0
Gm49113,4,6,2,2
Gm49116,10,2,6,0
Gm49120,0,0,0,0
Gm49123,4,3,1,0
Gm49124,0,3,5,3
Gm49126,3,2,4,0
Gm49127,239,257,242,316
Gm49128,1,3,2,1
Gm49130,86,51,111,79
Gm49135,0,1,1,0
Gm49144,45,72,57,52
Gm49145,0,1,0,0
Gm49150,0,0,0,0
Gm49151,1,2,3,1
Gm49156,24,12,1,4
Gm49160,0,0,0,0
Gm49162,2,5,1,5
Gm49163,336,356,335,239
Gm49164,421,408,481,305
Gm49165,19,22,15,25
Gm49166,1,2,0,1
Gm49169,104,202,194,103
Gm49171,695,779,857,725
Gm49172,37,24,31,24
Gm49173,113,67,73,107
Gm49175,4,11,2,5
Gm49179,920,1057,837,936
Gm49180,1,2,1,2
Gm49189,429,377,353,397
Gm49191,117,158,119,126
Gm49192,1,1,0,1
Gm49194,104,120,76,53
Gm49198,6,8,5,4
Gm49200,24,36,29,18
Gm49201,49,39,33,39
Gm49207,7,9,3,2
Gm49208,59,50,49,69
Gm49211,0,0,0,0
Gm49212,0,0,0,0
Gm49216,16,23,16,16
Gm49217,1,1,3,1
Gm4922,15,14,20,21
Gm49223,22,24,9,8
Gm49224,1,0,4,2
Gm49225,0,0,1,0
Gm49226,836,866,632,833
Gm49227,137,124,122,89
Gm49231,2,0,0,0
Gm49233,0,1,0,2
Gm49236,12,7,9,9
Gm49237,0,1,0,0
Gm4924,2539,3042,2525,2446
Gm49240,4,2,3,7
Gm49247,3,5,2,3
Gm49249,33,35,56,52
Gm49256,0,6,3,2
Gm49257,1,3,2,1
Gm4926,26,28,21,18
Gm49262,0,1,0,2
Gm49263,1,0,0,0
Gm49267,143,197,174,150
Gm49271,21,58,62,23
Gm49272,8,13,14,14
Gm49282,1,0,0,1
Gm49289,18,18,21,15
Gm49291,10,7,2,5
Gm49292,2,6,4,2
Gm49293,0,0,0,0
Gm49302,0,0,0,0
Gm49303,13,8,5,4
Gm49304,0,0,0,1
Gm49305,0,0,0,0
Gm49306,2,4,6,0
Gm49312,71,124,75,136
Gm49313,6,10,7,1
Gm49322,20,15,15,13
Gm49334,182,221,144,164
Gm49335,8,6,5,10
Gm49336,2691,2913,2303,2630
Gm49350,0,0,0,0
Gm49357,5,7,4,2
Gm49359,1623,1682,1624,1709
Gm49371,2,5,1,6
Gm49375,22,18,55,29
Gm49380,408,378,426,361
Gm49390,0,0,0,0
Gm49403,0,0,0,0
Gm49415,5,7,8,13
Gm49417,2608,1886,1786,1712
Gm49418,18,13,13,9
Gm49420,0,0,0,0
Gm49422,128,241,259,153
Gm49425,0,0,0,0
Gm49427,0,0,2,2
Gm49428,0,0,0,0
Gm49431,6,2,4,5
Gm49432,1,1,0,0
Gm49439,8,8,9,8
Gm49441,2,3,4,1
Gm49442,0,2,0,2
Gm49445,295,226,233,217
Gm49446,0,0,0,0
Gm49448,15,8,10,28
Gm49451,2,0,2,4
Gm49452,0,0,0,0
Gm49454,4,7,8,8
Gm49455,6,4,4,2
Gm49457,16,18,22,13
Gm49460,116,107,99,95
Gm49462,0,0,0,0
Gm49463,28,33,30,33
Gm49464,4,3,0,4
Gm49466,1,0,0,1
Gm49468,0,0,0,0
Gm49469,0,0,0,0
Gm49470,5,0,2,2
Gm49472,2,4,4,1
Gm49475,123,118,109,120
Gm49476,0,0,2,1
Gm49477,2,0,1,0
Gm49479,14,24,18,23
Gm49481,1,0,0,0
Gm49482,13,17,16,22
Gm49484,82,86,86,94
Gm49490,2,8,0,2
Gm49492,50,56,62,46
Gm49494,112,114,87,137
Gm49497,22,11,15,6
Gm49498,0,0,0,0
Gm49501,0,0,0,0
Gm49503,8,3,3,4
Gm49504,0,0,1,0
Gm49507,1,3,2,1
Gm4951,71,52,149,144
Gm49512,1,3,3,2
Gm49518,24,6,16,23
Gm49519,197,198,193,166
Gm4952,32,48,60,42
Gm49521,865,1014,692,923
Gm49527,216,280,270,234
Gm49534,1,1,4,2
Gm49539,122,128,119,117
Gm49540,3,10,2,10
Gm49542,22,28,25,39
Gm49544,1,5,6,3
Gm49548,57,103,72,84
Gm49560,0,0,0,2
Gm49566,1,6,5,3
Gm49574,1,3,0,0
Gm49575,52,76,37,38
Gm49576,5,5,0,3
Gm49579,23,31,27,25
Gm49580,0,0,0,0
Gm49584,138,77,125,71
Gm49586,18,22,23,23
Gm49587,7,8,6,3
Gm49595,353,473,370,503
Gm49598,0,0,0,0
Gm49602,313,379,312,224
Gm49607,3,10,1,7
Gm4961,0,0,0,4
Gm49615,1,0,1,4
Gm49617,0,0,0,0
Gm49618,0,0,0,0
Gm49620,0,0,0,0
Gm49622,0,2,2,1
Gm49625,30,40,25,33
Gm49631,1,0,1,0
Gm49632,1,1,1,0
Gm49636,1,0,5,0
Gm49643,0,0,0,1
Gm49648,2,1,1,0
Gm49654,45,79,64,62
Gm49655,4,3,7,4
Gm49661,0,0,0,0
Gm49662,5,10,15,22
Gm49668,105,112,88,100
Gm49678,7669,10240,10978,9080
Gm49685,350,502,308,329
Gm49688,6,8,13,10
Gm4969,16,21,24,19
Gm49691,24,32,40,38
Gm49692,40,45,41,40
Gm49694,33,89,17,17
Gm49695,7,13,18,18
Gm49696,0,0,0,0
Gm49698,8,9,8,10
Gm49700,51,77,52,46
Gm49701,1,4,0,3
Gm49707,2,2,3,1
Gm49708,433,323,288,400
Gm49709,1,3,1,1
Gm49710,0,0,0,0
Gm49714,9,3,5,8
Gm49715,2,2,1,2
Gm49719,65,85,60,13
Gm49722,0,0,0,0
Gm49723,1,1,0,0
Gm49725,0,0,0,0
Gm49729,4,11,0,4
Gm49732,0,0,1,0
Gm49733,4,3,0,2
Gm49735,7,8,5,7
Gm49736,15,25,17,28
Gm49741,263,375,247,369
Gm49742,16,24,20,21
Gm49745,3,4,2,5
Gm49747,42,61,41,40
Gm49748,2,5,7,5
Gm49749,0,0,0,0
Gm49750,1,6,6,5
Gm49753,0,3,2,1
Gm49754,0,0,0,0
Gm49755,0,0,0,0
Gm49756,139,149,106,121
Gm49757,4,0,0,1
Gm49761,36,47,41,44
Gm49762,105,92,76,96
Gm49763,15,22,11,17
Gm49764,0,0,0,0
Gm49766,0,0,1,3
Gm49767,75,61,51,40
Gm49768,302,310,304,295
Gm49769,3,5,6,1
Gm49774,27,25,25,21
Gm49778,2,2,0,0
Gm49779,0,0,0,1
Gm49785,10,65,30,1
Gm49786,3,0,1,2
Gm49791,0,0,0,0
Gm49793,0,0,1,3
Gm49794,6,3,2,18
Gm49795,48,31,38,54
Gm49796,0,0,0,0
Gm49797,5854,5348,5719,4640
Gm49801,11,12,6,15
Gm49802,13,12,7,8
Gm49805,0,0,1,0
Gm49807,138,27,39,46
Gm49808,5,5,8,2
Gm4981,1,0,0,6
Gm49835,0,0,0,0
Gm49838,7,2,7,10
Gm4985,0,0,0,0
Gm49853,42,47,28,37
Gm49857,34,20,18,13
Gm49860,14,22,14,4
Gm49864,46,99,73,83
Gm49870,34,53,18,1
Gm49871,95,76,81,75
Gm49872,0,0,3,0
Gm49874,4,4,4,3
Gm49876,193,252,232,245
Gm49878,198,199,199,176
Gm49885,0,0,0,0
Gm49886,108,83,83,74
Gm49887,0,0,0,0
Gm49888,0,1,0,0
Gm49889,2,3,1,1
Gm49890,163,248,207,289
Gm49891,1,5,5,3
Gm49893,60,58,55,52
Gm49894,16,24,21,30
Gm49895,1,9,4,0
Gm49896,4,1,3,6
Gm49898,0,0,0,1
Gm49901,5,8,8,3
Gm49906,2041,2853,1902,4069
Gm49907,226,213,224,150
Gm49912,9,24,27,33
Gm49915,195,219,200,195
Gm49918,0,0,0,0
Gm49926,170,215,139,159
Gm49928,3,3,6,3
Gm49932,189,417,325,233
Gm49937,28,36,33,29
Gm49938,3,1,2,6
Gm49944,12,11,29,19
Gm49945,0,0,0,0
Gm49946,1,7,5,4
Gm49953,30,48,41,39
Gm49957,19,9,16,12
Gm49958,61,26,25,13
Gm49959,205,147,82,80
Gm49961,2191,2042,1966,2044
Gm49964,7,7,3,4
Gm49965,3,11,8,6
Gm49967,1,0,0,0
Gm49969,1221,1325,1446,1335
Gm49970,163,194,178,214
Gm49974,45,23,38,41
Gm49975,15,20,19,10
Gm49976,20,13,7,10
Gm49978,1,1,1,3
Gm49980,656,936,531,590
Gm49981,1,4,1,3
Gm49984,3,1,3,3
Gm49985,0,0,0,0
Gm49991,0,0,6,1
Gm49999,0,0,0,0
Gm5,27,23,22,29
Gm50000,0,0,0,0
Gm50011,5,7,1,3
Gm50012,155,96,133,124
Gm50013,1832,1676,1497,1742
Gm50015,0,0,0,0
Gm50016,1,2,1,0
Gm50017,0,0,0,0
Gm50019,34,26,51,54
Gm50020,496,549,423,515
Gm50021,31,24,17,21
Gm50022,0,1,0,1
Gm50023,63,60,44,27
Gm50024,346,361,257,473
Gm50025,1,1,4,2
Gm50026,8,20,12,11
Gm50028,2,1,1,0
Gm50034,50,69,54,66
Gm50035,91,51,177,172
Gm50037,0,0,1,2
Gm50039,19,5,13,10
Gm50044,31,26,19,29
Gm50046,66,63,82,58
Gm50048,109,48,82,101
Gm50049,0,0,0,0
Gm50050,90,92,63,62
Gm50051,1,0,1,2
Gm50056,0,0,0,0
Gm50057,20,8,10,9
Gm50061,8,1,4,3
Gm50062,38,43,50,42
Gm50063,6,16,7,6
Gm50064,7,4,2,2
Gm50065,0,0,0,0
Gm50068,4,11,3,0
Gm50069,63,95,62,38
Gm50070,29,18,29,19
Gm50071,419,420,413,388
Gm50076,7,18,6,6
Gm50081,0,0,0,0
Gm50084,10,6,4,7
Gm50086,0,0,0,1
Gm50087,57,57,53,50
Gm50092,3,2,4,1
Gm50097,0,0,0,0
Gm50100,307,398,328,330
Gm50103,30,49,41,49
Gm50105,22,7,13,10
Gm50106,73,95,55,84
Gm50107,30,83,24,22
Gm50114,0,0,0,1
Gm50115,60,29,45,44
Gm50128,31,42,21,18
Gm50130,7,10,9,6
Gm50132,0,0,1,0
Gm50133,1,7,3,0
Gm50134,0,0,1,1
Gm50136,10,4,4,3
Gm50137,6,5,10,9
Gm50138,560,530,624,687
Gm50140,19,9,17,11
Gm50142,0,1,0,0
Gm50143,17,22,27,17
Gm50145,57,62,48,75
Gm50146,13,11,12,10
Gm50147,3,2,4,1
Gm50149,5,3,1,2
Gm50152,1170,1303,1123,1042
Gm50161,0,0,0,0
Gm50162,3,7,8,9
Gm50163,530,464,390,446
Gm50164,2,2,1,7
Gm50165,0,0,0,3
Gm50166,14,7,11,9
Gm50169,19,21,22,22
Gm50181,1,0,1,0
Gm50182,5,8,8,9
Gm50186,1,0,1,1
Gm50191,0,2,1,1
Gm50194,13,8,11,22
Gm50196,391,418,310,358
Gm50199,0,2,1,2
Gm50201,0,0,0,0
Gm50202,1,0,0,0
Gm50203,14,33,7,3
Gm50207,3,6,6,1
Gm50209,121,149,129,186
Gm50210,11,16,11,8
Gm50211,4,2,1,6
Gm50212,7,6,3,4
Gm50214,119,120,83,105
Gm50215,2,1,5,1
Gm50216,3,1,2,3
Gm50217,81,64,72,61
Gm50218,33,48,32,48
Gm50221,0,0,0,0
Gm50222,1,0,0,0
Gm50223,3,1,1,0
Gm50225,0,0,0,0
Gm50227,2,2,4,0
Gm50228,0,0,0,0
Gm50229,0,1,0,0
Gm50232,1385,1236,1178,1199
Gm50236,0,0,0,0
Gm50237,11,1,10,8
Gm50240,262,447,274,336
Gm50241,1,1,0,1
Gm50242,0,2,0,0
Gm50249,0,0,0,0
Gm50250,346,326,329,320
Gm50251,1,2,3,1
Gm50254,158,98,128,94
Gm50255,1,2,2,3
Gm50260,1,10,4,3
Gm50261,11,14,10,11
Gm50265,0,0,0,0
Gm50269,17,6,9,9
Gm50270,222,357,245,297
Gm50271,1,2,1,0
Gm50275,0,0,0,0
Gm50276,0,0,0,0
Gm50277,3,1,4,1
Gm50278,4,4,1,0
Gm50281,0,0,0,0
Gm50282,0,0,0,0
Gm50284,7,5,7,4
Gm50285,6,6,5,4
Gm50287,23,25,23,23
Gm50288,0,1,0,0
Gm50290,0,0,0,0
Gm50291,0,0,0,0
Gm50292,5,2,1,5
Gm50294,0,0,0,0
Gm50295,16,12,16,12
Gm50298,0,0,0,0
Gm50299,2,3,2,2
Gm50301,54,76,53,53
Gm50302,0,0,0,0
Gm50304,1801,1954,1793,1804
Gm50306,3,0,7,5
Gm50309,1,3,0,2
Gm50311,26,29,25,26
Gm50312,0,0,0,0
Gm50314,6,7,5,5
Gm50315,2,3,2,2
Gm50316,0,0,0,0
Gm50321,23,26,26,18
Gm50322,20,24,20,17
Gm50323,101,96,179,135
Gm50328,1,1,0,1
Gm50329,7,3,5,4
Gm50330,1,6,0,3
Gm50331,1,3,0,1
Gm50332,0,0,0,0
Gm50333,19,8,24,17
Gm50334,35,24,24,31
Gm50335,66,97,100,112
Gm50336,4,2,2,2
Gm50337,1,0,1,4
Gm50339,1,1,4,1
Gm50340,15,19,16,21
Gm50341,11,21,7,21
Gm50348,4,4,0,2
Gm50350,12,9,6,10
Gm50351,0,1,0,2
Gm50353,1,0,1,0
Gm50356,1,11,1,11
Gm50358,18,27,14,22
Gm50361,3,0,0,0
Gm50362,1,1,3,1
Gm50368,436,500,451,327
Gm50370,16,28,14,24
Gm50373,6,18,8,14
Gm50375,12,9,6,10
Gm50376,8,18,13,25
Gm50377,15,23,23,27
Gm50378,3,2,3,1
Gm50383,60,76,66,42
Gm50384,10,18,8,11
Gm50386,1,5,4,6
Gm5039,1,0,0,0
Gm50394,19,46,22,20
Gm50395,4,3,4,0
Gm50396,0,1,2,1
Gm50397,31,29,26,26
Gm50399,156,163,158,110
Gm50401,141,173,128,157
Gm50405,10,9,10,11
Gm50410,30,42,60,35
Gm50411,1,1,0,0
Gm50412,0,1,1,1
Gm50413,1,1,0,3
Gm50414,0,0,0,0
Gm50415,0,1,0,0
Gm50416,3,1,1,1
Gm50417,0,0,0,0
Gm50418,0,0,0,0
Gm50419,1,2,1,0
Gm50423,0,4,0,0
Gm50424,0,0,0,0
Gm50426,0,0,0,0
Gm50427,0,0,0,0
Gm50428,0,0,0,0
Gm50430,9,10,8,17
Gm50431,136,186,103,125
Gm50437,6,2,2,3
Gm50441,0,1,0,0
Gm50442,1,2,0,0
Gm50445,56,85,76,79
Gm50446,0,0,0,0
Gm5065,0,0,0,0
Gm5072,0,0,0,0
Gm5082,11,12,9,5
Gm5083,10,13,7,10
Gm5084,9,6,5,10
Gm5086,311,273,500,410
Gm5087,938,639,796,600
Gm5089,1752,1671,1709,1601
Gm5089.1,397,279,325,246
Gm5091,1,0,1,2
Gm5092,2,0,0,1
Gm5094,1,2,2,2
Gm5095,21,20,14,18
Gm5096,0,0,0,0
Gm5099,5,6,4,6
Gm5103,4,1,4,0
Gm5105,86,80,110,70
Gm5106,94,89,110,98
Gm5108,9,12,11,12
Gm5111,4,4,6,5
Gm5114,0,0,0,0
Gm5118,3,11,1,0
Gm5122,0,0,0,1
Gm5127,69,12,55,79
Gm5128,0,0,0,0
Gm5129,10,11,4,8
Gm5134,19,19,20,21
Gm5136,671,735,798,695
Gm5141,1082,1200,1010,994
Gm5142,0,1,0,0
Gm5144,0,1,0,0
Gm5148,301,458,252,344
Gm5149,548,919,741,718
Gm5150,3,3,2,0
Gm5152,0,0,0,0
Gm5155,1,2,1,0
Gm5157,0,0,0,0
Gm5165,687,557,593,616
Gm5168,0,0,0,0
Gm5169,0,0,0,1
Gm5244,2,0,2,1
Gm525,22,20,4,7
Gm5269,0,0,0,0
Gm527,209,268,218,228
Gm5286,0,0,0,0
Gm5294,0,0,0,0
Gm53,3,2,2,8
Gm534,27,31,12,12
Gm5346,0,0,0,0
Gm536,45,41,27,42
Gm5414,0,1,0,0
Gm5415,89,127,85,86
Gm5420,1,2,0,2
Gm5426,1,1,0,0
Gm5427,21,19,21,26
Gm5431,59,60,72,54
Gm5432,101,122,97,80
Gm5441,2393,2210,2097,2568
Gm5444,12,7,8,13
Gm5458,1,0,0,2
Gm5460,0,1,0,1
Gm5463,1,0,1,0
Gm5464,156,193,182,152
Gm5468,218,333,246,265
Gm5475,16,28,21,27
Gm5478,0,0,0,0
Gm5485,0,0,0,0
Gm5493,125,148,105,120
Gm550,4,2,5,5
Gm5524,0,2,2,1
Gm553,325,352,259,276
Gm5532,7,3,8,7
Gm5533,2,0,0,1
Gm5535,285,288,444,266
Gm5538,0,1,1,0
Gm5544,23,36,20,30
Gm5546,20,30,28,29
Gm5547,1,3,2,2
Gm5565,0,0,0,0
Gm5570,27,23,20,37
Gm5577,2558,2631,2442,2301
Gm5580,0,0,0,1
Gm5591,0,0,0,1
Gm5592,17,17,12,11
Gm5600,85,90,85,74
Gm5602,2,7,2,3
Gm5608,36,6,7,15
Gm5617,23,62,43,25
Gm5622,4,3,1,2
Gm5624,0,0,0,0
Gm5627,18,30,29,31
Gm5640,0,0,0,0
Gm5662,0,0,0,0
Gm567,15,6,7,8
Gm5678,2,3,5,3
Gm568,2,1,1,2
Gm5698,0,0,0,0
Gm572,5,6,3,7
Gm5724,35,22,29,25
Gm5725,0,0,0,0
Gm5726,0,0,0,0
Gm5728,0,0,0,0
Gm5737,14,9,14,9
Gm5741,1,3,3,1
Gm5751,46,60,62,30
Gm5767,48,26,50,50
Gm5771,0,0,0,0
Gm5773,0,0,0,0
Gm5784,84,113,66,62
Gm5788,0,0,0,0
Gm5795,9,16,14,3
Gm5796,17,17,11,14
Gm5797,0,0,0,0
Gm5798,0,0,0,1
Gm5799,0,0,0,0
Gm5800,1,0,0,0
Gm5820,1097,1344,1179,907
Gm5833,10,11,9,3
Gm5849,0,0,0,0
Gm5860,18,13,24,15
Gm5861,0,0,0,0
Gm5862,22,10,20,18
Gm5868,0,3,0,2
Gm5878,5,6,19,15
Gm5890,0,0,0,0
Gm5891,0,0,0,0
Gm5893,1,2,0,0
Gm5901,15,12,8,8
Gm5907,5,1,3,7
Gm5914,151,251,202,196
Gm5916,4,9,5,3
Gm5922,2,0,0,0
Gm5926,0,0,0,0
Gm5930,0,0,0,0
Gm5934,0,0,3,0
Gm5935,0,0,1,0
Gm5936,1,0,0,0
Gm5938,0,0,0,0
Gm5941,0,0,0,0
Gm595,3,0,4,4
Gm5965,0,0,0,0
Gm597,0,0,1,1
Gm6020,1,0,0,0
Gm6034,25,30,46,28
Gm6040,2,2,3,3
Gm609,68,48,110,103
Gm6093,0,1,0,0
Gm6116,10,4,3,8
Gm6117,11,29,12,36
Gm6121,0,0,0,0
Gm6133,25,19,21,20
Gm6135,1,1,0,1
Gm614,0,0,0,0
Gm6145,2206,1511,1916,1346
Gm6164,0,0,0,0
Gm6169,119,145,95,109
Gm6176,0,0,0,0
Gm6205,1,1,0,0
Gm6209,103,112,153,166
Gm6213,32,57,45,54
Gm6217,0,0,0,0
Gm6225,477,515,401,522
Gm6249,4,4,4,1
Gm6260,268,332,369,284
Gm6268,0,0,0,0
Gm6270,3,1,0,1
Gm6277,382,396,419,354
Gm6288,27,42,22,42
Gm6309,0,0,1,0
Gm6313,1,0,4,1
Gm6329,9,10,7,10
Gm6337,1,0,0,1
Gm6351,0,0,0,0
Gm6356,0,0,0,0
Gm6358,0,0,0,0
Gm6367,0,0,0,0
Gm6370,0,0,0,0
Gm6377,1,2,2,1
Gm6401,0,0,0,0
Gm6408,11,4,3,0
Gm6410,6,7,3,2
Gm6416,2,0,2,0
Gm6455,0,0,0,0
Gm6460,0,0,0,0
Gm6465,0,0,0,0
Gm6471,2,1,0,1
Gm648,6,3,1,2
Gm6482,1,0,0,0
Gm6502,0,0,0,0
Gm6507,0,0,0,0
Gm6509,0,0,0,0
Gm6525,68,55,39,40
Gm6526,2,3,0,0
Gm6556,9,5,11,9
Gm6559,17,18,20,23
Gm6566,169,169,163,160
Gm6567,1,0,1,0
Gm6569,25,75,27,33
Gm6583,15,19,16,10
Gm6588,130,134,139,132
Gm6592,25,18,27,22
Gm6598,265,325,219,312
Gm6602,26,157,85,97
Gm6614,2,4,1,1
Gm6619,0,0,0,0
Gm6639,3,6,2,0
Gm6657,10,8,14,13
Gm6676,0,0,0,0
Gm671,3,1,3,6
Gm6710,76,157,98,106
Gm6712,609,612,522,485
Gm6729,16,11,6,17
Gm6760,1,2,4,2
Gm6763,0,0,0,0
Gm6787,43,42,36,47
Gm6803,0,0,0,0
Gm6812,0,0,0,0
Gm6871,2,5,1,6
Gm6878,4,7,2,4
Gm6880,0,0,0,0
Gm6882,0,0,0,0
Gm6890,0,1,0,0
Gm6902,0,0,0,0
Gm6938,74,19,27,63
Gm6961,1,1,4,0
Gm6980,43,55,43,51
Gm6993,0,0,0,0
Gm6994,1801,2136,1622,1952
Gm6999,269,247,261,276
Gm7003,0,0,0,0
Gm7008,9,20,18,8
Gm7030,40,51,41,50
Gm7072,874,1076,843,942
Gm7073,0,0,0,0
Gm7075,0,0,0,0
Gm7097,1,0,0,0
Gm7102,1,0,1,3
Gm7125,79,100,104,92
Gm7137,0,0,0,0
Gm7138,0,0,0,0
Gm7145,0,1,0,0
Gm7160,123,173,178,169
Gm7168,0,0,0,3
Gm7233,7,12,9,6
Gm7247,21,19,17,14
Gm7271,14,17,5,4
Gm7276,305,538,337,337
Gm7292,19,42,42,34
Gm7298,3,3,3,0
Gm732,0,0,0,0
Gm7324,3,16,6,8
Gm7347,21,15,29,7
Gm7356,0,0,0,1
Gm7358,0,0,0,0
Gm7361,35,25,34,15
Gm7437,0,0,0,0
Gm7457,27,43,22,36
Gm7467,302,459,314,433
Gm7480,22,13,28,26
Gm7489,11,11,9,10
Gm7534,0,2,0,0
Gm7538,0,0,0,2
Gm7544,0,0,0,0
Gm7550,0,0,0,0
Gm7568,122,145,134,96
Gm7579,0,0,0,0
Gm7580,236,199,198,226
Gm7596,0,0,0,1
Gm7598,24,20,18,27
Gm7607,1,1,1,0
Gm7616,0,0,2,0
Gm7628,12,7,8,9
Gm7644,21,35,28,21
Gm765,299,380,160,211
Gm7682,0,0,0,0
Gm7694,113,98,137,91
Gm7697,14,18,14,17
Gm7706,13,26,16,16
Gm7714,1,0,1,0
Gm773,2,1,0,0
Gm7735,0,0,0,0
Gm7762,3,2,1,2
Gm7792,0,0,0,0
Gm7849,0,0,0,0
Gm7854,1299,1645,1219,1039
Gm7861,0,0,0,0
Gm7876,0,0,0,0
Gm7879,4,3,2,2
Gm7903,0,1,0,0
Gm7929,0,0,0,0
Gm7932,2,7,6,9
Gm7942,0,0,0,0
Gm7945,1,0,1,1
Gm7951,0,0,0,0
Gm7954,0,0,0,0
Gm7967,146,91,116,133
Gm7969,0,0,0,0
Gm7970,0,0,0,0
Gm7971,0,0,0,0
Gm7978,0,0,0,0
Gm7980,0,0,0,0
Gm7982,0,0,0,0
Gm7995,0,0,1,0
Gm8005,0,0,0,0
Gm8011,0,0,1,0
Gm8013,20,24,27,34
Gm8016,1,2,2,1
Gm8020,0,1,0,0
Gm8024,3,3,2,2
Gm805,20,13,21,21
Gm8050,7,8,4,6
Gm8066,193,230,158,203
Gm8068,0,0,0,0
Gm807,4,9,5,9
Gm8075,4,0,0,3
Gm8082,0,0,0,0
Gm8094,0,2,0,0
Gm8098,1003,1180,930,1147
Gm8104,16,10,12,12
Gm8108,1,6,5,2
Gm8110,0,1,0,0
Gm8113,15,18,8,13
Gm8122,0,1,1,0
Gm8126,0,0,0,0
Gm8127,0,0,0,0
Gm813,1,0,0,0
Gm8138,0,0,0,0
Gm815,0,0,1,0
Gm8159,0,0,0,0
Gm816,289,338,535,292
Gm8165,0,0,0,0
Gm8180,0,0,0,0
Gm8206,6,10,11,5
Gm8212,0,0,1,0
Gm8220,1,0,0,1
Gm8229,3,0,1,3
Gm8232,0,0,0,0
Gm8237,50,79,39,41
Gm8246,0,0,0,0
Gm8247,0,0,0,0
Gm8251,24,53,35,17
Gm8257,0,0,0,0
Gm826,13,33,50,35
Gm8265,0,0,0,0
Gm8267,12,23,14,19
Gm8271,0,0,0,0
Gm8279,0,0,0,0
Gm8281,49,41,48,36
Gm829,4,1,8,5
Gm8297,0,0,0,0
Gm8298,0,0,0,0
Gm830,9,8,10,7
Gm8300,0,0,0,0
Gm831,3,11,5,8
Gm833,0,0,0,0
Gm8332,0,0,0,0
Gm8334,0,0,0,0
Gm8356,0,0,0,0
Gm8362,0,0,0,1
Gm8369,31,47,42,40
Gm8374,0,0,0,0
Gm8378,10,3,4,2
Gm839,1,0,0,0
Gm8439,44,51,17,39
Gm8453,0,0,0,0
Gm8579,0,0,1,0
Gm8633,2,4,5,5
Gm8653,0,0,0,0
Gm8660,0,0,0,0
Gm867,30,35,36,57
Gm8677,0,0,0,0
Gm8693,0,0,0,0
Gm8720,0,0,0,0
Gm8739,133,185,125,160
Gm8764,0,0,0,0
Gm8765,0,0,0,0
Gm8773,3,3,1,0
Gm8797,8,10,6,3
Gm8817,0,2,2,0
Gm884,8,4,6,7
Gm8857,0,0,0,0
Gm8871,1,1,2,1
Gm8879,1,0,0,0
Gm8882,1,0,0,0
Gm8883,0,0,0,1
Gm8890,0,0,0,0
Gm8897,0,0,0,0
Gm8906,0,0,0,0
Gm8909,0,0,0,0
Gm8914,0,0,0,0
Gm8922,0,0,0,0
Gm8926,0,0,0,0
Gm8947,0,0,0,0
Gm8953,0,0,0,1
Gm8978,0,0,0,0
Gm8994,0,0,0,0
Gm9,0,0,0,0
Gm9008,4,5,3,6
Gm9017,50,58,44,87
Gm904,1,0,0,0
Gm9040,0,0,0,0
Gm9044,0,0,0,0
Gm9045,0,0,0,0
Gm9046,0,0,0,0
Gm9048,0,0,0,0
Gm9049,0,0,0,0
Gm906,0,0,0,0
Gm9112,0,0,0,0
Gm9117,0,0,0,0
Gm9125,0,0,0,0
Gm9195,2,2,0,1
Gm9376,0,0,1,0
Gm94,4,0,0,1
Gm9465,3,10,8,7
Gm9484,32,42,31,40
Gm9495,27,21,18,14
Gm9507,0,0,0,0
Gm9508,0,0,0,0
Gm9530,15,21,36,24
Gm9573,6,9,22,8
Gm960,1017,998,878,868
Gm9602,0,0,0,0
Gm9603,0,0,0,0
Gm9611,0,0,0,1
Gm9639,0,0,0,0
Gm9725,192,310,226,309
Gm973,1421,769,1137,1082
Gm9732,2,2,0,1
Gm9733,3,1,0,0
Gm9736,0,0,0,0
Gm9745,0,1,0,2
Gm9747,2,1,1,0
Gm9748,5,8,2,3
Gm9750,502,506,467,377
Gm9752,9,10,4,8
Gm9754,24,24,23,29
Gm9758,0,0,1,0
Gm9767,22,30,22,38
Gm9774,35,37,20,29
Gm9776,39,68,46,40
Gm9780,0,0,0,0
Gm9789,0,0,0,0
Gm9796,28,25,23,15
Gm9801,4610,4791,4542,4080
Gm9803,12,2,9,14
Gm9821,113,103,119,85
Gm9828,584,747,535,735
Gm9833,43,67,55,62
Gm9844,7,10,5,2
Gm9856,1061,1563,982,1385
Gm9857,2,4,1,3
Gm9866,1967,2758,2656,2675
Gm9869,7,7,11,4
Gm9871,0,3,1,6
Gm9873,14,19,30,17
Gm9885,81,286,161,138
Gm9887,35,40,44,58
Gm9888,12,14,8,15
Gm9889,55,40,56,54
Gm9895,72,159,132,56
Gm9898,6,13,7,8
Gm9899,222,242,202,192
Gm9902,22,27,20,25
Gm9903,48,75,62,75
Gm9908,17,43,13,15
Gm9913,8,10,12,6
Gm9915,2,1,3,4
Gm9916,100,155,167,179
Gm9917,92,77,84,79
Gm9918,4,4,3,0
Gm9920,40,47,46,39
Gm9921,0,0,0,0
Gm9922,6,9,7,5
Gm9925,957,1215,704,1121
Gm9926,64,82,70,70
Gm9929,1036,1058,968,1049
Gm9932,5,4,7,5
Gm9934,210,147,83,77
Gm9936,2,5,5,5
Gm9937,0,0,0,0
Gm9939,0,2,0,2
Gm9944,0,0,0,0
Gm9946,112,88,126,117
Gm9947,202,272,227,201
Gm9949,9,12,11,10
Gm9951,0,1,1,2
Gm9955,2,0,0,0
Gm9958,54,142,78,101
Gm9961,140,130,132,148
Gm9962,427,598,506,599
Gm9967,326,286,275,262
Gm9968,220,167,129,182
Gm9970,41,70,49,53
Gm9979,0,0,0,0
Gm9984,137,121,87,140
Gm9989,202,319,178,370
Gm9991,0,0,0,0
Gm9993,570,762,581,871
Gm9999,4,4,1,4
Gmcl1,6828,7776,6679,7284
Gmds,9542,10258,9709,8527
Gmeb1,3087,2878,3179,2641
Gmeb2,2298,2262,1972,2000
Gmfb,1025,1153,1015,1002
Gmfg,33,18,30,21
Gmip,687,619,840,592
Gml,0,1,1,0
Gml2,1,2,1,2
Gmnc,41,73,64,52
Gmnn,101,117,113,175
Gmppa,795,968,915,792
Gmppb,166,182,146,155
Gmpr,1688,1995,1672,1917
Gmpr2,917,770,697,761
Gmps,2736,3044,2540,2941
Gna11,1221,1083,1118,1051
Gna12,2748,2299,3255,2109
Gna13,1813,1516,1659,1467
Gna14,41,58,78,80
Gna15,133,70,218,148
Gnai1,6748,5640,4639,4240
Gnai2,1182,960,1359,1033
Gnai3,2502,1959,1869,1835
Gnal,5837,5333,4242,8846
Gnao1,20422,18359,21520,16363
Gnaq,17452,17295,15598,13994
Gnas,7303,8921,8191,7413
Gnasas1,139,142,95,144
Gnat1,6,6,4,7
Gnat2,4,7,5,10
Gnat3,1,1,3,0
Gnaz,1754,2067,2045,1938
Gnb1,9673,9048,9161,7794
Gnb1l,640,619,658,578
Gnb2,2810,3107,2661,2197
Gnb3,21,26,11,6
Gnb4,1565,1339,1614,1672
Gnb5,3582,3334,2706,2847
Gne,963,1030,1006,1090
Gng10,292,442,296,367
Gng11,317,402,377,322
Gng12,3000,2935,4127,2817
Gng13,7,40,1,0
Gng2,4422,5731,5658,3887
Gng3,1418,2307,1509,1707
Gng4,3478,1085,766,590
Gng5,178,264,183,217
Gng7,2853,1715,2028,4206
Gng8,24,17,30,14
Gngt1,1,0,0,0
Gngt2,18,19,48,35
Gnl1,662,700,608,498
Gnl2,2234,2452,2100,2165
Gnl3,3038,3854,2926,3461
Gnl3l,4491,4962,3879,3997
Gnmt,112,152,98,77
Gnpat,2295,2423,2055,1922
Gnpda1,865,1200,957,1162
Gnpda2,753,914,643,815
Gnpnat1,336,529,389,367
Gnptab,3230,3672,3448,3052
Gnptg,3516,4007,3137,3427
Gnrh1,53,71,41,35
Gnrhr,6,10,8,18
Gns,2970,3478,3400,3027
Golga1,4170,4517,4352,4130
Golga2,1745,1829,1763,1519
Golga3,2099,2266,1982,2066
Golga4,6757,7262,6711,6177
Golga5,2301,2332,2287,2310
Golga7,1082,1095,1017,979
Golga7b,935,1226,837,761
Golgb1,7979,9639,7509,8846
Golim4,1906,1531,1603,1636
Golm1,415,585,755,513
Golph3,1434,1653,1302,1368
Golph3l,1047,1027,1009,1033
Golt1b,666,862,609,721
Gon4l,7075,7300,6622,6250
Gopc,2496,2471,2546,2464
Gorab,398,465,362,359
Gorasp1,262,280,262,223
Gorasp2,1545,1635,1506,1484
Gosr1,1947,1921,1843,1841
Gosr2,958,846,801,764
Got1,1844,2212,1521,1591
Got1l1,17,23,22,30
Got2,2854,3014,2608,2575
Gp1ba,0,0,1,0
Gp1bb,63,53,55,56
Gp2,0,0,0,1
Gp5,0,15,8,13
Gp6,3,2,2,5
Gp9,2,4,0,1
Gpa33,0,0,2,2
Gpaa1,861,910,788,613
Gpalpp1,733,857,852,849
Gpam,2580,2024,2397,2388
Gpank1,116,168,105,92
Gpat2,32,37,23,43
Gpat3,294,406,311,395
Gpat4,1350,1417,1277,1137
Gpatch1,2912,2974,3246,2731
Gpatch11,1219,1297,1024,1071
Gpatch2,5021,4968,4889,4647
Gpatch2l,2493,2312,2254,2062
Gpatch3,377,411,372,353
Gpatch4,625,735,649,626
Gpatch8,21410,22729,19132,17355
Gpbar1,0,0,1,1
Gpbp1,5245,5332,4168,4176
Gpbp1l1,3130,3150,3044,2834
Gpc1,519,739,503,516
Gpc2,87,62,85,66
Gpc3,808,439,674,496
Gpc4,917,909,1289,950
Gpc5,43311,30527,39649,30548
Gpc6,19050,27304,27240,21417
Gpcpd1,10231,9940,9689,11328
Gpd1,762,776,735,619
Gpd1l,952,1124,1010,950
Gpd2,2711,2757,2817,2326
Gper1,43,71,41,41
Gpha2,1,3,4,1
Gphb5,1,1,0,1
Gphn,39592,35955,30465,30344
Gpi1,4937,5539,5103,4330
Gpihbp1,0,1,0,1
Gpkow,1992,1951,1716,1953
Gpld1,1829,1705,1614,1448
Gpm6a,16795,18988,15311,16406
Gpm6b,21811,22327,23129,20703
Gpn1,1034,1028,892,906
Gpn2,218,234,223,226
Gpn3,643,677,564,605
Gpnmb,103,48,111,77
Gpr1,159,226,187,223
Gpr101,2,24,19,18
Gpr107,3870,3679,3894,3405
Gpr108,889,906,722,713
Gpr119,26,15,23,16
Gpr12,68,220,93,158
Gpr132,5,1,11,4
Gpr135,177,363,241,303
Gpr137,565,747,545,545
Gpr137b,531,601,556,572
Gpr137c,7787,7504,5285,4769
Gpr139,97,131,89,72
Gpr141,36,30,28,30
Gpr141b,0,0,0,0
Gpr142,3,5,5,4
Gpr143,2,4,5,7
Gpr146,415,376,459,350
Gpr149,942,331,142,1472
Gpr15,0,1,0,0
Gpr150,167,290,201,299
Gpr151,3,2,3,5
Gpr152,10,5,5,11
Gpr153,569,437,304,332
Gpr155,2177,2155,2292,2384
Gpr156,262,222,225,181
Gpr157,54,98,87,76
Gpr158,30172,33689,24538,26406
Gpr160,122,61,155,111
Gpr161,354,407,416,250
Gpr162,2393,3025,1965,1405
Gpr165,25,50,25,41
Gpr17,81,108,110,85
Gpr171,120,129,131,93
Gpr173,954,833,905,788
Gpr174,11,3,3,4
Gpr176,2038,2500,2619,2248
Gpr179,36,40,23,20
Gpr18,1291,1356,1070,1147
Gpr180,1242,1425,1144,1185
Gpr182,5,13,5,2
Gpr183,237,181,326,300
Gpr19,1371,1481,1231,1261
Gpr20,4,3,4,3
Gpr21,295,322,241,279
Gpr22,332,676,468,450
Gpr25,0,4,0,1
Gpr26,1651,1803,1288,1840
Gpr27,150,182,135,97
Gpr3,47,52,22,20
Gpr31b,0,0,0,1
Gpr33,1,2,0,0
Gpr34,267,216,398,294
Gpr35,92,84,86,67
Gpr37,290,363,412,278
Gpr37l1,730,1108,528,563
Gpr39,52,51,80,107
Gpr4,45,50,79,54
Gpr45,3728,4414,4436,4066
Gpr50,10,3,0,10
Gpr52,26,48,25,48
Gpr55,29,28,22,45
Gpr6,4,8,6,18
Gpr61,905,1207,709,831
Gpr62,24,60,36,29
Gpr63,20,29,17,24
Gpr65,0,5,18,7
Gpr68,545,820,639,533
Gpr75,66,148,105,28
Gpr82,95,78,71,69
Gpr83,376,287,244,520
Gpr84,10,1,21,16
Gpr85,582,949,600,601
Gpr87,96,133,71,108
Gpr88,63,103,39,185
Gpr89,1835,2012,1796,1984
Gprasp1,8585,10116,7819,6527
Gprasp2,1721,2169,1538,1286
Gprc5a,0,0,0,1
Gprc5b,2890,1336,1224,844
Gprc5c,60,210,80,79
Gprc5d,8,15,16,15
Gprc6a,0,0,1,0
Gprin1,679,623,601,516
Gprin2,28,73,44,42
Gprin3,1809,2196,1463,3329
Gps1,1137,1139,1027,1045
Gps2,3739,3714,3027,3362
Gpsm1,2815,2455,1954,1665
Gpsm2,714,572,618,576
Gpsm3,24,26,28,22
Gpt,297,248,315,153
Gpt2,1878,1945,2035,1500
Gpx1,34,58,63,67
Gpx2,9,10,8,8
Gpx3,10,31,10,7
Gpx4,363,485,715,372
Gpx5,0,0,0,0
Gpx6,1,0,1,2
Gpx7,138,147,146,173
Gpx8,31,25,22,11
Gramd1a,2032,2397,2306,1947
Gramd1b,14618,14840,11554,10128
Gramd1c,449,397,527,423
Gramd2,795,949,1132,933
Gramd3,1682,861,1341,999
Gramd4,2594,2602,2547,2138
Grap,99,62,67,87
Grap2,113,62,51,98
Grasp,1518,1291,1291,1416
Grb10,5077,5956,4889,5352
Grb14,3537,4731,4728,4018
Grb2,5371,3805,3638,3296
Grb7,41,71,53,58
Grcc10,98,130,139,118
Greb1,222,100,151,124
Greb1l,4085,5871,5818,5942
Grem1,277,251,173,186
Grem2,873,1333,873,1432
Grhl1,1140,1130,1220,1046
Grhl2,152,147,179,139
Grhl3,113,124,95,128
Grhpr,350,473,431,396
Gria1,52173,48042,54658,47928
Gria2,59096,68308,49038,50813
Gria3,38089,47150,38193,35320
Gria4,52724,57092,43279,40424
Grid1,23987,25865,23218,22725
Grid2,42326,62125,43968,42592
Grid2ip,207,176,165,158
Grifin,1,1,1,1
Grik1,11500,11966,13800,9310
Grik2,52853,60189,47328,49716
Grik3,7304,7038,8189,6878
Grik4,5264,7893,9866,7111
Grik5,8833,7703,8907,7483
Grin1,25237,22804,21923,19008
Grin1os,403,366,312,288
Grin2a,54036,60629,57875,45508
Grin2b,64964,70911,61287,58831
Grin2c,1474,1337,1073,762
Grin2d,1050,1142,982,764
Grin3a,5299,6179,6450,5208
Grin3b,24,45,17,19
Grina,4304,4863,4090,3444
Grip1,35565,39022,42767,33483
Grip1os1,294,282,308,281
Grip1os2,1144,1046,1013,1017
Grip1os3,140,250,283,202
Grip2,1624,1184,899,743
Gripap1,5821,5419,5474,5098
Grk1,3,1,0,1
Grk2,1058,1209,1100,747
Grk3,6949,6641,7313,5907
Grk4,1811,1544,1815,1661
Grk5,3061,2939,3005,2363
Grk6,1696,1691,1606,1383
Grm1,14955,18329,12841,14570
Grm2,519,467,454,414
Grm3,21274,20468,22142,20057
Grm4,2253,2073,797,1042
Grm5,73750,75703,69280,71661
Grm6,2,1,0,0
Grm7,81171,92773,83223,84269
Grm8,23615,22856,21936,18224
Grn,415,548,470,347
Grp,39,116,128,85
Grpel1,127,271,281,242
Grpel2,721,907,745,685
Grpr,18,52,65,37
Grrp1,120,89,103,126
Grsf1,847,1043,880,801
Grtp1,228,183,261,212
Grwd1,108,119,100,89
Grxcr1,18,23,10,6
Grxcr2,0,0,3,5
Gsap,2165,1064,1593,1235
Gsc,0,0,0,0
Gsc2,0,0,0,0
Gsdma,2,1,1,2
Gsdma2,0,1,1,2
Gsdma3,1,0,1,1
Gsdmc,0,1,3,0
Gsdmc2,0,0,1,1
Gsdmc3,0,0,0,1
Gsdmc4,2,5,4,3
Gsdmd,48,24,68,56
Gsdme,4160,5232,4133,4536
Gse1,9791,9276,8329,6595
Gsg1,324,313,312,413
Gsg1l,3374,4476,4579,4871
Gsg1l2,2,2,2,1
Gsk3a,1269,1343,1140,1035
Gsk3b,12056,10605,9911,9524
Gskip,1164,1185,1153,980
Gsn,586,377,632,430
Gspt1,4350,3901,3855,3537
Gspt2,818,1017,596,853
Gsr,1688,1739,1666,1560
Gss,920,1122,934,804
Gssos1,125,161,147,106
Gssos2,5,7,3,8
Gsta1,0,2,1,0
Gsta2,2,9,12,11
Gsta3,334,432,389,424
Gsta4,154,147,148,174
Gstcd,1253,1536,1139,1173
Gstk1,99,92,123,139
Gstm1,346,423,295,279
Gstm2,16,7,8,7
Gstm3,0,1,2,3
Gstm4,49,61,57,47
Gstm5,189,355,179,138
Gstm6,15,42,34,38
Gstm7,65,74,90,66
Gsto1,144,224,166,274
Gsto2,150,138,149,174
Gstp1,127,129,137,142
Gstp2,4,2,6,0
Gstp3,1,0,3,1
Gstt1,266,273,275,218
Gstt2,399,397,364,434
Gstt3,21,25,11,26
Gstt4,2,0,2,0
Gstz1,3304,3286,3009,3147
Gsx1,1,5,2,3
Gsx2,8,3,2,8
Gt(ROSA)26Sor,83,106,60,37
Gtdc1,13374,13203,11236,9685
Gtf2a1,3696,3701,3567,3593
Gtf2a1l,16,8,7,11
Gtf2a2,1667,1838,1502,1493
Gtf2b,996,1294,918,1115
Gtf2e1,999,1018,885,1080
Gtf2e2,1563,1541,1405,1358
Gtf2f1,1032,1151,953,970
Gtf2f2,2600,2385,2388,2153
Gtf2h1,2419,2473,2359,2412
Gtf2h2,2286,2295,2414,2194
Gtf2h3,650,794,658,604
Gtf2h4,768,762,759,730
Gtf2h5,1327,1809,1313,1574
Gtf2i,11589,10265,11066,9350
Gtf2ird1,5625,4387,4135,4039
Gtf2ird2,1884,1725,1700,1479
Gtf3a,265,289,245,248
Gtf3c1,4146,4334,4241,4126
Gtf3c2,3737,3567,3575,3104
Gtf3c3,2008,2594,1920,2323
Gtf3c4,407,515,437,444
Gtf3c5,405,434,427,392
Gtf3c6,184,272,213,226
Gtpbp1,1135,1131,1013,1094
Gtpbp10,448,509,424,533
Gtpbp2,3559,3773,3603,3150
Gtpbp3,884,996,913,700
Gtpbp4,2727,2784,2688,2518
Gtpbp6,1034,1178,1028,932
Gtpbp8,1081,1536,1087,1094
Gtse1,7,17,11,10
Gtsf1,31,38,32,29
Gtsf1l,0,0,0,1
Gtsf2,5,7,4,8
Guca1a,0,1,3,2
Guca1b,55,62,60,52
Guca2a,1,2,1,2
Guca2b,0,0,0,0
Gucd1,1079,1002,849,860
Gucy1a1,1920,1829,1646,2998
Gucy1a2,17588,18882,16080,15573
Gucy1b1,4802,4793,3832,4817
Gucy1b2,63,45,40,41
Gucy2c,11,24,25,31
Gucy2d,4,4,5,2
Gucy2e,82,91,63,67
Gucy2f,124,78,133,87
Gucy2g,116,130,101,98
Guf1,2817,3328,2630,2880
Guk1,684,865,648,765
Gulo,3,0,2,2
Gulp1,2422,1283,1152,2324
Gusb,768,672,831,567
Gvin1,7,13,24,16
Gxylt1,1325,1419,1325,1428
Gxylt2,439,338,375,351
Gyg,578,701,570,662
Gykl1,0,0,0,0
Gypa,82,82,59,73
Gypc,44,22,28,19
Gys1,2242,2385,2529,2085
Gys2,23,21,27,35
Gzf1,635,873,562,697
Gzma,0,1,0,0
Gzmb,0,0,0,0
Gzmc,2,2,2,3
Gzmd,0,0,0,0
Gzme,0,0,0,0
Gzmf,0,0,0,0
Gzmg,0,0,0,0
Gzmk,350,395,314,448
Gzmm,172,138,164,133
Gzmn,0,0,0,0
H13,3144,3271,3113,2668
H19,1,0,0,3
H1f0,70,99,91,53
H1fnt,0,1,0,2
H1foo,3,3,1,1
H1fx,13,88,79,30
H2-Aa,30,11,18,6
H2-Ab1,12,13,19,2
H2-D1,721,817,679,530
H2-DMa,481,635,555,619
H2-DMb1,17,7,28,30
H2-DMb2,10,13,17,15
H2-Eb1,29,10,27,12
H2-Eb2,1,1,0,0
H2-K1,457,352,622,533
H2-Ke6,575,441,450,445
H2-M1,0,0,0,0
H2-M10.1,0,0,1,0
H2-M10.2,7,9,5,3
H2-M10.3,0,0,0,0
H2-M10.4,0,0,0,0
H2-M10.5,0,0,0,0
H2-M10.6,0,0,0,0
H2-M11,0,0,0,0
H2-M2,0,0,1,1
H2-M3,34,55,50,43
H2-M5,78,72,85,61
H2-M9,0,0,0,0
H2-Oa,0,0,0,2
H2-Ob,8,2,6,6
H2-Q1,4,2,1,2
H2-Q10,1,6,7,5
H2-Q2,8,23,15,24
H2-Q4,50,44,76,70
H2-Q6,3,3,19,24
H2-Q7,16,9,50,53
H2-T22,487,617,515,524
H2-T23,115,309,198,224
H2-T24,295,290,297,331
H2-T3,0,0,0,1
H2afb1,0,0,0,0
H2afb2,0,0,0,0
H2afb3,0,1,0,0
H2afj,208,1101,257,155
H2afv,965,985,759,885
H2afx,30,62,20,38
H2afy,2945,2904,2762,2259
H2afy2,1353,1133,989,1089
H2afz,544,830,1368,457
H2al1a,0,0,0,0
H2al1b,0,0,0,0
H2al1c,0,0,0,0
H2al1d,0,0,0,0
H2al1e,0,0,0,0
H2al1f,0,0,0,0
H2al1g,0,0,0,0
H2al1h,0,0,0,0
H2al1i,0,0,0,0
H2al1j,0,0,0,0
H2al1k,0,0,0,0
H2al1m,0,0,1,0
H2al1n,0,0,0,0
H2al1o,0,0,0,0
H2al2a,1,0,0,3
H2al2b,0,0,0,0
H2al2c,0,0,0,0
H2al3,1,0,0,0
H2bfm,0,0,0,0
H3f3a,2253,2067,2198,2073
H3f3aos,62,76,66,99
H3f3b,1701,1793,1574,1516
H60b,2,2,2,2
H60c,0,4,2,3
H6pd,184,355,261,305
Haao,22,18,60,46
Habp2,1,1,1,0
Habp4,1974,2418,1750,2073
Hacd1,3254,3801,3136,3120
Hacd2,5022,4683,4623,3973
Hacd3,4832,4930,4338,4048
Hacd4,1005,1179,949,1109
Hace1,7510,8611,7796,7538
Hacl1,393,322,443,405
Hadh,173,198,255,273
Hadha,2720,2751,2526,2575
Hadhb,1614,1649,1393,1474
Hagh,3010,3241,2621,2843
Haghl,2718,3155,2627,2374
Haglr,27,14,29,7
Hal,5,9,8,8
Halr1,2,2,3,2
Hamp,10,3,4,8
Hamp2,3,1,8,3
Hand1,0,0,0,1
Hand2,0,0,0,0
Hand2os1,3,5,3,5
Hao1,25,40,27,35
Hao2,43,55,44,48
Hap1,4322,3197,3136,3852
Hapln1,350,339,368,344
Hapln2,952,1158,1394,955
Hapln3,73,31,40,43
Hapln4,45,134,75,45
Harbi1,200,207,159,173
Hars,1543,1543,1497,1428
Hars2,1183,1373,1160,1172
Has1,317,373,281,256
Has2,65,37,72,65
Has2os,205,165,208,160
Has3,112,105,121,103
Haspin,20,9,16,18
Hat1,1368,1199,1038,967
Haus1,372,412,378,416
Haus2,588,594,585,643
Haus3,342,567,341,426
Haus4,189,216,174,160
Haus5,296,249,251,233
Haus6,873,918,748,802
Haus7,185,146,172,148
Haus8,353,404,375,310
Havcr1,2,0,3,0
Havcr2,94,64,207,116
Hax1,584,623,535,599
Hba-a1,119,431,254,331
Hba-a2,69,291,208,235
Hba-x,0,0,0,0
Hbb-bh1,0,0,0,0
Hbb-bh2,0,0,0,0
Hbb-bs,184,964,624,621
Hbb-bt,26,134,87,134
Hbb-y,0,0,0,1
Hbegf,195,182,191,197
Hbp1,1555,1743,1463,1476
Hbq1a,2,3,1,0
Hbq1b,1,3,2,0
Hbs1l,3995,4608,3908,3929
Hc,28,28,20,24
Hcar1,3,3,2,3
Hcar2,0,0,3,7
Hccs,525,545,437,531
Hcfc1,1116,1158,1074,1062
Hcfc1r1,143,412,260,129
Hcfc2,1804,2169,1922,1543
Hck,539,449,698,637
Hcls1,29,26,52,50
Hcn1,20440,26627,20910,17973
Hcn2,2586,2887,2416,2494
Hcn3,575,539,441,422
Hcn4,197,153,70,79
Hcrt,6,29,15,26
Hcrtr1,28,62,24,31
Hcrtr2,576,1033,850,556
Hcst,2,4,7,3
Hdac1,2306,1936,2359,1885
Hdac10,353,360,420,302
Hdac11,2347,2911,2390,2316
Hdac2,2103,2195,1827,1909
Hdac3,2127,2137,2215,1999
Hdac4,7269,6205,6197,5153
Hdac5,2947,2654,2395,2050
Hdac6,1312,1430,1306,1188
Hdac7,4239,4068,4277,3355
Hdac8,13408,11993,11811,10208
Hdac9,34317,30075,27652,24522
Hdc,15,33,15,11
Hddc2,443,554,404,604
Hddc3,119,171,149,160
Hdgf,1947,2560,1772,1524
Hdgfl1,0,0,0,0
Hdgfl2,2016,2014,2072,1734
Hdgfl3,7366,6346,5468,6471
Hdhd2,1262,1650,1243,1466
Hdhd3,47,82,30,50
Hdhd5,2056,2151,1894,2018
Hdlbp,3946,4157,3916,3566
Hdx,2360,3119,2599,2361
Heatr1,1278,1308,1240,1182
Heatr3,3559,3355,3256,2800
Heatr4,83,68,77,93
Heatr5a,1717,1640,2067,1418
Heatr5b,3078,3091,2935,2731
Heatr6,2260,2299,2296,2019
Heatr9,35,35,35,36
Hebp1,612,734,771,752
Hebp2,44,82,43,48
Heca,1926,2071,1799,1536
Hectd1,6306,6103,5617,5513
Hectd2,3687,3509,2828,2469
Hectd2os,1466,1153,1097,966
Hectd3,1155,1197,1051,962
Hectd4,11818,12535,12556,10177
Hecw1,16935,23462,19283,16768
Hecw2,22980,25768,23575,22369
Heg1,2043,1992,2570,1993
Helb,228,283,294,323
Hells,489,544,540,518
Helq,2152,2521,2008,2037
Helt,0,5,3,1
Helz,7724,7954,7477,7017
Helz2,92,97,78,95
Hemgn,4,5,2,5
Hemk1,843,811,762,758
Henmt1,63,63,52,64
Hepacam,2590,2029,2466,1872
Hepacam2,23,49,30,50
Heph,116,99,63,60
Hephl1,171,15,5,6
Herc1,18138,20800,17315,16982
Herc2,11087,12202,12196,10481
Herc3,6369,8996,6902,6120
Herc4,6518,6647,7005,5993
Herc6,1465,1512,1662,1541
Herpud1,1152,1206,1087,966
Herpud2,2090,2235,1904,1937
Hes1,514,673,568,485
Hes2,0,0,0,0
Hes3,2,18,5,3
Hes5,1036,426,673,829
Hes6,283,404,317,385
Hes7,43,47,26,29
Hesx1,3,1,6,3
Hexa,1785,1750,1833,1693
Hexb,1074,817,1727,1304
Hexdc,2181,2095,2596,2155
Hexim1,78,63,143,108
Hexim2,138,172,121,97
Hey1,153,187,180,215
Hey2,174,209,179,222
Heyl,80,63,66,69
Hfe,27,29,31,26
Hfm1,1128,1169,1103,1230
Hgd,29,28,31,43
Hgf,707,1009,920,935
Hgfac,3,4,1,4
Hgh1,166,175,153,166
Hgs,1208,1162,1248,934
Hgsnat,1799,2090,1755,1659
Hhat,762,690,607,644
Hhatl,199,196,182,156
Hhex,50,20,51,63
Hhip,407,302,538,349
Hhipl1,653,582,596,532
Hhipl2,26,21,21,25
Hhla1,11,8,14,9
Hibadh,3597,3123,2613,2658
Hibch,1953,1974,1844,2026
Hic1,27,26,23,25
Hic2,879,864,869,778
Hid1,1817,1689,2082,1506
Hif1a,3008,3395,3002,2992
Hif1an,1165,1318,1069,1379
Hif3a,582,614,634,436
Higd1a,382,1091,810,855
Higd1b,71,91,51,70
Higd1c,8,3,7,7
Higd2a,204,1325,496,136
Hikeshi,1424,1339,1165,1242
Hilpda,12,56,25,20
Hils1,1,0,0,0
Hinfp,1113,1036,1144,1008
Hint1,282,551,535,264
Hint2,323,413,320,350
Hint3,1197,1498,1226,1371
Hip1,7470,6152,7370,5399
Hip1r,2267,2038,2142,1972
Hipk1,2503,2794,2389,2230
Hipk2,7943,6923,7980,5923
Hipk3,3773,3943,3299,3470
Hipk4,656,481,579,519
Hira,5897,5835,5866,5011
Hirip3,892,935,661,780
Hist1h1a,1,4,3,0
Hist1h1b,6,8,7,9
Hist1h1c,117,275,108,99
Hist1h1d,4,3,4,6
Hist1h1e,41,80,43,65
Hist1h1t,0,0,3,0
Hist1h2aa,0,0,0,0
Hist1h2ab,1,5,1,2
Hist1h2ac,18,21,23,35
Hist1h2ad,0,1,2,4
Hist1h2ae,15,10,6,7
Hist1h2af,2,0,0,1
Hist1h2ag,0,0,1,0
Hist1h2ah,0,0,0,0
Hist1h2ai,0,2,3,2
Hist1h2ak,0,1,1,1
Hist1h2an,2,1,0,0
Hist1h2ao,0,0,0,0
Hist1h2ap,2,5,4,8
Hist1h2ba,0,0,0,0
Hist1h2bb,2,4,0,2
Hist1h2bc,214,230,156,172
Hist1h2be,1420,1209,1033,881
Hist1h2bf,7,4,1,4
Hist1h2bg,3,5,4,2
Hist1h2bh,4,1,3,2
Hist1h2bj,9,12,6,0
Hist1h2bk,0,0,0,0
Hist1h2bl,0,0,0,0
Hist1h2bm,1,1,0,2
Hist1h2bn,1,2,2,2
Hist1h2bp,1,0,2,1
Hist1h2bq,0,0,0,0
Hist1h2br,8,12,7,3
Hist1h3a,0,5,0,0
Hist1h3b,0,0,0,0
Hist1h3c,0,0,0,1
Hist1h3d,21,10,16,19
Hist1h3e,8,7,6,11
Hist1h3f,4,2,1,0
Hist1h3g,1,2,0,1
Hist1h3h,0,0,1,0
Hist1h3i,1,4,3,0
Hist1h4a,1,2,2,2
Hist1h4b,1,0,0,1
Hist1h4c,4,6,4,4
Hist1h4d,24,21,53,57
Hist1h4f,0,1,1,1
Hist1h4h,17,16,14,9
Hist1h4i,64,107,71,55
Hist1h4j,8,8,3,3
Hist1h4k,7,2,2,2
Hist1h4m,0,0,0,0
Hist1h4n,4,4,2,2
Hist2h2aa1,5,5,1,6
Hist2h2aa2,0,0,0,0
Hist2h2ab,4,11,1,10
Hist2h2ac,8,10,11,8
Hist2h2bb,12,24,13,7
Hist2h2be,70,37,32,10
Hist2h3b,0,1,2,2
Hist2h3c1,17,7,7,12
Hist2h3c2,4,8,3,3
Hist2h4,147,118,123,130
Hist3h2a,147,534,204,67
Hist3h2ba,241,724,109,53
Hist4h4,30,25,28,23
Hivep1,3251,3894,3273,2580
Hivep2,44105,42275,32550,27255
Hivep3,22245,22666,23389,19186
Hjurp,2413,3176,2200,328
Hjv,1,2,4,0
Hk1,4567,4922,4885,3934
Hk1os,87,104,94,84
Hk2,202,181,373,278
Hk3,82,51,107,104
Hkdc1,409,587,566,443
Hlcs,3995,4389,3593,3828
Hlf,4348,4620,4630,3735
Hltf,2773,3263,2841,2801
Hlx,22,15,16,29
Hm629797,15,15,13,12
Hmbox1,6767,6656,6087,5861
Hmbs,810,762,787,809
Hmces,1314,1468,1285,1376
Hmcn1,2137,1357,1376,1621
Hmcn2,77,48,79,73
Hmg20a,6292,6178,5964,5212
Hmg20b,606,580,663,508
Hmga1,85,72,72,55
Hmga1b,7,0,2,1
Hmga2,31,49,19,22
Hmgb1,3519,4048,3559,3303
Hmgb2,88,99,101,78
Hmgb3,84,34,95,111
Hmgb4,46,60,48,52
Hmgb4os,1,0,0,0
Hmgcl,2374,2005,1939,1918
Hmgcll1,7827,8255,6752,6821
Hmgcr,4000,4030,3910,4013
Hmgcs1,1762,1791,2205,2120
Hmgcs2,154,111,101,127
Hmgn1,1020,1335,1026,1064
Hmgn2,481,585,400,433
Hmgn3,4523,4739,4258,4488
Hmgn5,44,59,51,30
Hmgxb3,2621,2545,2488,2358
Hmgxb4,2462,2311,2227,2185
Hmmr,15,16,24,25
Hmox1,14,33,37,31
Hmox2,2287,2026,2130,1870
Hmx1,0,0,0,0
Hmx2,0,0,0,1
Hmx3,0,0,0,2
Hnf1a,4,10,4,5
Hnf1aos1,37,12,11,33
Hnf1aos2,0,0,0,0
Hnf1b,2,3,1,8
Hnf4a,2,1,5,0
Hnf4aos,5,7,6,7
Hnf4g,32,53,24,28
Hnmt,867,759,694,885
Hnrnpa0,323,361,743,359
Hnrnpa1,1651,2212,1430,1795
Hnrnpa2b1,15139,15153,13335,14706
Hnrnpa3,5077,5533,4288,4351
Hnrnpab,404,452,415,393
Hnrnpc,5082,5145,4311,4214
Hnrnpd,3193,3005,2885,2693
Hnrnpdl,7198,9117,6861,7652
Hnrnpf,1852,1995,1714,1744
Hnrnph1,5150,5803,4828,4883
Hnrnph2,601,1157,721,702
Hnrnph3,6470,6453,5231,5898
Hnrnpk,3813,3494,3371,3297
Hnrnpl,7600,6252,6175,5730
Hnrnpll,5068,4995,5003,4806
Hnrnpm,6858,7189,6140,6017
Hnrnpr,7595,7650,7173,6518
Hnrnpu,10895,14513,10445,11029
Hnrnpul1,2601,2575,2431,2105
Hnrnpul2,1652,1838,1501,1471
Hoga1,121,85,147,123
Homer1,14315,12982,8655,7970
Homer2,5120,3988,4084,3207
Homer3,300,290,344,241
Homez,227,335,236,253
Hook1,5765,7752,6846,7008
Hook2,3308,3032,3835,2707
Hook3,9467,9699,9378,8002
Hopx,205,204,198,103
Hopxos,4,7,2,3
Hormad1,3,7,5,1
Hormad2,24,18,35,24
Hotair,0,0,0,0
Hotairm1,4,21,17,0
Hottip,0,0,0,0
Hoxa1,0,0,0,0
Hoxa10,0,0,0,0
Hoxa11,0,0,0,0
Hoxa11os,0,0,0,0
Hoxa13,0,0,0,0
Hoxa2,0,1,0,0
Hoxa3,0,4,7,0
Hoxa4,0,0,1,0
Hoxa5,0,3,0,0
Hoxa6,0,0,0,0
Hoxa7,2,3,4,4
Hoxa9,0,0,0,0
Hoxaas2,0,11,6,1
Hoxaas3,0,3,3,1
Hoxb1,0,1,0,0
Hoxb13,0,0,0,0
Hoxb2,0,8,7,0
Hoxb3,0,12,20,4
Hoxb3os,0,28,20,1
Hoxb4,2,1,7,5
Hoxb5,0,0,0,0
Hoxb5os,0,0,0,0
Hoxb6,2,0,0,0
Hoxb7,0,0,0,0
Hoxb8,0,0,0,1
Hoxb9,0,0,0,0
Hoxc10,0,0,0,0
Hoxc11,0,0,0,0
Hoxc12,0,0,0,0
Hoxc13,0,0,0,0
Hoxc4,1,1,4,0
Hoxc5,0,0,2,1
Hoxc6,0,0,0,0
Hoxc8,0,0,0,1
Hoxc9,0,0,0,0
Hoxd1,1,0,0,2
Hoxd10,0,0,0,0
Hoxd11,0,0,0,0
Hoxd12,0,0,0,0
Hoxd13,0,0,1,0
Hoxd3,0,3,7,0
Hoxd3os1,0,0,2,1
Hoxd4,0,2,4,0
Hoxd8,0,0,0,0
Hoxd9,0,0,0,0
Hp,0,3,0,5
Hp1bp3,3634,3869,3364,3354
Hpca,700,1005,800,937
Hpcal1,1032,1124,1141,982
Hpcal4,810,891,823,765
Hpd,3,3,0,0
Hpdl,8,0,3,1
Hpf1,2107,2252,1784,2053
Hpgd,373,246,375,307
Hpgds,1444,1351,1753,1817
Hpn,172,202,184,139
Hprt,2278,2523,1947,2077
Hps1,1328,1324,1620,1326
Hps3,1385,1463,1557,1472
Hps4,2553,2649,2518,2180
Hps5,1650,1779,1606,1484
Hps6,28,28,32,17
Hpse,73,54,79,88
Hpse2,155,161,123,142
Hpx,15,5,12,15
Hr,271,392,225,189
Hras,107,143,380,286
Hrc,13,22,13,11
Hrct1,22,28,16,18
Hrg,0,0,1,0
Hrh1,1011,1145,1201,907
Hrh2,985,943,844,763
Hrh3,510,831,589,507
Hrh4,1,0,3,4
Hrk,438,510,542,488
Hrnr,1,1,1,4
Hs1bp3,777,899,886,853
Hs2st1,8606,8580,8011,7329
Hs3st1,1512,1612,952,1127
Hs3st2,5089,4225,4452,3353
Hs3st3a1,461,186,215,186
Hs3st3b1,337,96,72,61
Hs3st4,17397,19464,20602,17973
Hs3st5,8088,7344,5730,5012
Hs3st6,0,3,1,0
Hs6st1,1052,1217,1046,959
Hs6st2,7058,5755,4371,5025
Hs6st3,55963,68134,52480,49142
Hsbp1,496,1090,727,603
Hsbp1l1,65,86,47,44
Hscb,609,714,604,676
Hsd11b1,200,305,174,186
Hsd11b2,14,10,13,10
Hsd17b1,10,7,7,8
Hsd17b10,95,61,100,85
Hsd17b11,663,545,562,616
Hsd17b12,2206,2534,1987,1397
Hsd17b13,3,4,9,7
Hsd17b14,35,18,29,13
Hsd17b2,41,74,29,29
Hsd17b3,2,1,2,2
Hsd17b4,2307,2467,2267,2110
Hsd17b6,3,2,3,0
Hsd17b7,376,362,430,388
Hsd3b1,10,7,20,5
Hsd3b2,126,161,151,162
Hsd3b3,432,636,454,557
Hsd3b4,0,0,0,0
Hsd3b5,41,54,34,47
Hsd3b6,51,67,46,55
Hsd3b7,219,162,140,173
Hsdl1,388,479,395,435
Hsdl2,660,570,511,467
Hsf1,1967,1952,1914,1693
Hsf2,2055,2275,1768,1855
Hsf2bp,23,16,28,22
Hsf3,34,27,25,21
Hsf4,368,423,333,299
Hsf5,612,665,700,610
Hsfy2,0,0,0,1
Hsh2d,6,13,13,11
Hsp90aa1,842,755,2414,1102
Hsp90ab1,1788,2006,3529,2704
Hsp90b1,2470,3024,2557,2188
Hspa12a,4361,5646,4782,4632
Hspa12b,433,405,440,503
Hspa13,190,426,306,321
Hspa14,1824,1825,1884,1671
Hspa1a,7,5,11,12
Hspa1b,8,16,10,9
Hspa1l,40,31,38,48
Hspa2,75,63,60,64
Hspa4,6360,5975,5150,5798
Hspa4l,3591,4814,3648,3616
Hspa5,168,449,410,160
Hspa8,488,542,663,502
Hspa9,3072,3215,2401,2744
Hspb1,216,294,229,248
Hspb11,868,948,909,969
Hspb2,7,16,8,4
Hspb3,75,151,30,57
Hspb6,20,21,16,12
Hspb7,5,2,3,2
Hspb8,75,79,58,35
Hspb9,3,4,2,6
Hspbap1,1218,1182,1275,1130
Hspbp1,992,1184,1096,1023
Hspd1,1161,1266,1044,1161
Hspe1,85,345,230,310
Hspe1-rs1,26,34,32,24
Hspg2,129,107,132,108
Hsph1,2021,1874,1578,1507
Htatip2,278,348,335,348
Htatsf1,836,988,703,800
Htr1a,5,25,27,9
Htr1b,82,263,201,232
Htr1d,111,92,23,144
Htr1f,11976,7625,7940,8589
Htr2a,1305,1729,1803,1435
Htr2b,426,372,424,324
Htr2c,6545,7871,4615,6231
Htr3a,65,76,74,56
Htr3b,3,3,2,3
Htr4,2762,1614,1842,3085
Htr5a,98,180,112,132
Htr5b,58,80,52,49
Htr6,100,94,113,160
Htr7,1153,1278,954,845
Htra1,1726,1891,1678,1015
Htra2,1013,1261,1105,1083
Htra3,41,26,58,54
Htra4,15,34,15,24
Htt,8007,8180,7394,6663
Hunk,2623,2797,3147,2656
Hus1,267,343,306,293
Hus1b,19,21,20,23
Huwe1,14628,14597,13666,12315
Hvcn1,47,19,70,57
Hyal1,428,398,403,383
Hyal2,45,80,63,38
Hyal3,58,67,75,76
Hyal4,0,0,0,2
Hyal5,2,3,3,2
Hyal6,2,1,0,0
Hydin,309,238,200,175
Hykk,366,446,502,430
Hyls1,160,283,181,220
Hyou1,701,736,676,646
Hypk,430,621,469,455
Hypm,1,1,0,2
I0C0044D17Rik,1,2,1,1
I730028E13Rik,0,4,0,0
I730030J21Rik,11,13,17,8
I830077J02Rik,49,38,89,59
I830134H01Rik,5,12,11,18
Iah1,694,919,645,808
Iapp,0,0,0,0
Iars,2879,3027,2974,2526
Iars2,2673,2811,2749,2489
Iba57,54,76,45,50
Ibsp,1,1,0,5
Ibtk,1779,1960,1877,1687
Ica1,12717,15222,13056,12737
Ica1l,2616,3150,2703,2931
Icam1,43,21,76,63
Icam2,73,88,76,89
Icam4,18,24,5,2
Icam5,3667,3440,3342,3357
Ice1,8696,10003,8527,8833
Ice2,1370,1563,1448,1477
Ick,2116,2085,2366,1703
Icmt,332,404,377,295
Icos,7,3,4,1
Icosl,45,48,102,39
Ict1os,41,38,30,31
Id1,634,482,539,665
Id2,365,363,364,353
Id3,1034,697,834,1005
Id4,684,529,558,598
Ide,2600,3084,2546,2264
Idh1,700,593,720,690
Idh2,1524,1212,1208,1139
Idh3a,1133,1306,948,944
Idh3b,2195,2588,2036,2034
Idh3g,1584,2035,1590,1432
Idi1,204,459,324,371
Idi2,16,10,14,18
Idnk,445,625,463,343
Ido1,4,4,7,11
Ido2,62,63,55,52
Ids,152,188,468,222
Idua,460,512,414,421
Ier2,92,90,133,96
Ier3,118,163,118,118
Ier3ip1,921,1374,1140,1038
Ier5,171,514,258,145
Ier5l,718,992,639,803
Iffo1,3100,3243,3521,2918
Iffo2,1193,1340,1131,966
Ifi202b,2,0,5,5
Ifi203,93,70,101,84
Ifi204,25,19,66,52
Ifi205,2,1,5,1
Ifi206,5,1,11,14
Ifi207,31,27,87,41
Ifi208,0,0,0,1
Ifi209,8,4,18,7
Ifi211,7,5,11,14
Ifi213,16,10,15,12
Ifi214,1,0,4,1
Ifi27,578,530,774,561
Ifi27l2a,2,4,10,8
Ifi27l2b,2,5,4,4
Ifi30,103,115,40,45
Ifi35,123,78,190,146
Ifi44,8,7,30,22
Ifi44l,0,0,0,0
Ifi47,5,8,13,15
Ifih1,118,103,158,158
Ifit1,55,44,119,86
Ifit1bl1,111,128,124,122
Ifit1bl2,139,174,165,124
Ifit2,126,164,137,136
Ifit3,26,31,54,56
Ifit3b,44,50,27,43
Ifitm1,36,37,25,23
Ifitm10,544,683,770,508
Ifitm2,97,155,105,148
Ifitm3,220,270,220,234
Ifitm5,3,1,1,2
Ifitm6,9,3,4,12
Ifitm7,277,367,305,332
Ifna1,0,0,0,0
Ifna11,0,0,0,0
Ifna12,0,0,0,0
Ifna13,0,0,0,0
Ifna14,0,0,0,0
Ifna15,0,0,0,0
Ifna16,0,0,0,1
Ifna2,1,0,1,1
Ifna4,0,0,0,0
Ifna5,0,0,0,0
Ifna6,0,0,0,0
Ifna7,0,0,0,0
Ifna9,0,0,0,0
Ifnab,0,0,1,0
Ifnar1,1337,1400,1226,1297
Ifnar2,1515,1308,1631,1438
Ifnb1,0,0,0,0
Ifne,0,0,0,1
Ifng,0,0,0,1
Ifngas1,5,12,7,8
Ifngr1,289,317,251,334
Ifngr2,827,909,1014,1008
Ifnk,8,7,10,5
Ifnl2,0,0,0,0
Ifnl3,0,0,0,0
Ifnlr1,24,29,19,18
Ifnz,0,0,0,0
Ifrd1,3596,3840,3649,3625
Ifrd2,344,353,330,298
Ift122,2550,2648,2587,2237
Ift140,2384,2110,2404,1983
Ift172,1739,1992,1757,1543
Ift20,2539,2848,2161,2245
Ift22,814,980,684,912
Ift27,321,349,302,304
Ift43,3038,3358,3373,2731
Ift46,1132,1280,1238,1189
Ift52,2074,2283,1962,2158
Ift57,2622,2489,2192,2167
Ift74,2686,2908,2648,2736
Ift80,1791,2020,1726,1748
Ift81,3777,3747,3545,3107
Ift88,4193,5011,4151,3981
Ift88os,22,42,25,27
Igbp1,748,792,783,660
Igbp1b,3,1,4,3
Igdcc3,402,293,322,233
Igdcc4,2192,2198,2537,1720
Igf1,844,822,1063,716
Igf1os,12,20,23,20
Igf1r,15381,14637,14679,12134
Igf2,35,81,24,31
Igf2bp1,3,4,2,4
Igf2bp2,241,156,95,176
Igf2bp3,4332,4458,3494,4006
Igf2os,1,3,3,3
Igf2r,2296,1985,1605,1598
Igfals,75,89,62,44
Igfbp1,5,2,3,3
Igfbp2,182,189,138,93
Igfbp3,129,154,206,165
Igfbp4,77,229,193,55
Igfbp5,525,417,538,512
Igfbp6,112,155,96,61
Igfbp7,1398,1579,1246,1354
Igfbpl1,319,66,30,194
Igfl3,1,0,0,0
Igflr1,520,462,400,325
Igfn1,1069,1078,735,726
Igha,0,0,0,1
Ighd,7,10,19,11
Ighd1-1,0,0,0,0
Ighd2-3,0,0,0,0
Ighd2-4,0,0,0,0
Ighd2-5,0,0,0,0
Ighd2-6,0,0,0,0
Ighd2-7,0,0,0,0
Ighd2-8,0,0,0,0
Ighd3-1,0,0,0,0
Ighd3-2,0,0,0,0
Ighd4-1,0,0,0,0
Ighd5-2,0,0,0,0
Ighd5-3,0,0,0,0
Ighd5-4,0,0,0,0
Ighd5-5,0,0,0,0
Ighd5-6,0,0,0,0
Ighd5-7,0,0,0,0
Ighd5-8,0,0,0,0
Ighe,0,0,0,0
Ighg1,0,0,0,0
Ighg2b,0,0,0,0
Ighg2c,7,16,10,11
Ighg3,0,0,0,0
Ighj1,0,2,1,1
Ighj2,0,0,1,0
Ighj3,0,0,2,0
Ighj4,0,0,1,0
Ighm,109,169,236,152
Ighmbp2,650,727,608,664
Ighv1-1,0,0,0,0
Ighv1-10,0,0,0,0
Ighv1-11,0,0,0,0
Ighv1-12,0,0,0,0
Ighv1-13,0,0,0,0
Ighv1-13.1,0,0,0,0
Ighv1-14,0,0,0,0
Ighv1-15,0,0,0,0
Ighv1-16,0,0,0,0
Ighv1-17,0,0,0,0
Ighv1-17-1,0,0,0,0
Ighv1-18,0,0,0,0
Ighv1-19,0,0,0,0
Ighv1-19-1,0,0,0,0
Ighv1-2,0,0,0,0
Ighv1-20,0,0,0,0
Ighv1-21,0,0,0,0
Ighv1-21-1,0,0,0,0
Ighv1-22,0,0,0,0
Ighv1-23,0,0,0,0
Ighv1-24,0,0,0,0
Ighv1-25,0,0,0,0
Ighv1-26,0,0,0,0
Ighv1-27,0,0,0,0
Ighv1-28,0,0,0,0
Ighv1-29,0,0,0,0
Ighv1-3,0,0,0,0
Ighv1-30,0,0,0,0
Ighv1-31,0,0,0,0
Ighv1-32,0,0,0,0
Ighv1-33,0,0,0,0
Ighv1-34,0,0,0,0
Ighv1-35,0,0,0,0
Ighv1-36,0,0,0,0
Ighv1-37,0,0,0,0
Ighv1-38,0,0,0,0
Ighv1-39,0,0,0,0
Ighv1-4,0,0,0,0
Ighv1-40,0,0,0,0
Ighv1-41,0,0,0,0
Ighv1-42,0,0,0,0
Ighv1-43,0,0,0,0
Ighv1-44,0,0,0,0
Ighv1-45,0,0,0,0
Ighv1-46,0,0,0,0
Ighv1-47,0,0,0,0
Ighv1-48,0,0,0,0
Ighv1-49,0,0,0,0
Ighv1-5,0,0,0,0
Ighv1-50,0,0,0,0
Ighv1-51,0,0,0,0
Ighv1-52,0,0,0,0
Ighv1-53,0,0,0,0
Ighv1-54,0,0,0,0
Ighv1-55,0,0,0,0
Ighv1-56,0,0,0,0
Ighv1-57,0,0,0,0
Ighv1-58,0,0,0,0
Ighv1-59,0,0,0,0
Ighv1-6,0,0,0,0
Ighv1-60,0,0,0,0
Ighv1-61,0,0,0,0
Ighv1-62,0,0,0,0
Ighv1-62-1,0,0,0,0
Ighv1-62-2,0,0,0,0
Ighv1-62-3,0,0,0,0
Ighv1-63,0,0,0,0
Ighv1-64,0,0,0,0
Ighv1-65,0,0,0,0
Ighv1-66,0,0,0,0
Ighv1-67,0,0,0,0
Ighv1-68,0,0,0,0
Ighv1-69,0,0,0,0
Ighv1-7,0,0,0,0
Ighv1-70,0,0,0,0
Ighv1-71,0,0,0,0
Ighv1-72,0,0,0,0
Ighv1-73,0,0,0,0
Ighv1-74,0,0,0,0
Ighv1-75,0,0,0,0
Ighv1-76,0,0,0,0
Ighv1-77,0,0,0,0
Ighv1-78,0,0,0,0
Ighv1-79,0,0,0,0
Ighv1-8,0,0,0,0
Ighv1-80,0,0,0,0
Ighv1-81,1,0,0,0
Ighv1-82,0,0,0,0
Ighv1-83,0,0,0,0
Ighv1-84,0,0,0,0
Ighv1-85,0,0,0,0
Ighv1-86,0,0,0,0
Ighv1-9,0,0,0,0
Ighv10-1,0,0,0,0
Ighv10-2,0,0,0,0
Ighv10-3,0,0,0,0
Ighv10-4,0,0,0,0
Ighv11-1,0,0,0,0
Ighv11-2,0,0,0,0
Ighv12-1,0,0,0,0
Ighv12-2,0,0,0,0
Ighv12-3,0,0,0,0
Ighv13-1,0,0,0,0
Ighv13-2,0,0,0,0
Ighv14-1,0,0,0,0
Ighv14-2,0,0,0,0
Ighv14-3,0,0,0,0
Ighv14-4,0,0,0,0
Ighv15-1,0,0,0,0
Ighv15-2,0,0,0,0
Ighv16-1,0,0,0,0
Ighv2-1,0,0,0,0
Ighv2-2,0,0,0,0
Ighv2-3,0,0,0,0
Ighv2-4,0,0,0,0
Ighv2-5,0,0,0,0
Ighv2-6,0,0,0,0
Ighv2-6-8,0,0,0,0
Ighv2-7,0,0,0,0
Ighv2-8,0,0,0,0
Ighv2-9,0,0,0,0
Ighv2-9-1,0,0,0,0
Ighv3-1,0,0,0,0
Ighv3-2,0,0,0,0
Ighv3-3,0,0,0,0
Ighv3-4,0,0,0,0
Ighv3-5,0,0,0,0
Ighv3-6,0,0,0,0
Ighv3-7,0,0,0,0
Ighv3-8,0,0,0,0
Ighv4-1,0,0,0,0
Ighv4-2,0,0,0,0
Ighv5-1,0,0,0,0
Ighv5-10,0,0,0,0
Ighv5-11,0,0,0,0
Ighv5-12,0,0,0,0
Ighv5-12-4,0,0,0,0
Ighv5-13,0,0,0,0
Ighv5-15,0,0,0,0
Ighv5-16,0,0,0,0
Ighv5-17,0,0,0,0
Ighv5-18,0,0,0,0
Ighv5-19,0,0,0,0
Ighv5-2,0,0,0,0
Ighv5-21,0,0,0,0
Ighv5-3,0,0,0,0
Ighv5-4,0,0,0,0
Ighv5-5,0,0,0,0
Ighv5-6,0,0,0,0
Ighv5-7,0,0,0,0
Ighv5-8,0,0,0,0
Ighv5-8.1,0,0,0,0
Ighv5-9,0,0,0,0
Ighv5-9-1,0,0,0,0
Ighv6-1,0,0,0,0
Ighv6-2,0,0,0,0
Ighv6-3,0,0,0,0
Ighv6-4,0,0,0,0
Ighv6-5,0,0,0,0
Ighv6-6,0,0,0,0
Ighv6-7,0,0,0,0
Ighv7-1,0,0,0,0
Ighv7-2,0,0,0,0
Ighv7-3,0,0,0,0
Ighv7-4,0,0,0,0
Ighv8-1,0,0,0,0
Ighv8-10,0,0,0,0
Ighv8-11,0,0,0,0
Ighv8-12,0,0,0,0
Ighv8-13,0,0,0,0
Ighv8-14,0,0,0,0
Ighv8-15,0,0,0,0
Ighv8-16,0,0,0,0
Ighv8-2,0,0,0,0
Ighv8-3,0,0,0,0
Ighv8-4,0,0,0,0
Ighv8-5,0,0,0,0
Ighv8-6,0,0,0,0
Ighv8-7,0,0,0,0
Ighv8-8,0,0,0,0
Ighv8-9,0,0,0,0
Ighv9-1,0,0,0,0
Ighv9-2,0,0,0,0
Ighv9-3,0,0,0,0
Ighv9-4,0,0,0,0
Igip,272,175,206,126
Igkc,3,11,1,5
Igkj1,0,0,0,0
Igkj2,0,0,0,0
Igkj3,0,0,0,0
Igkj4,0,0,0,0
Igkj5,0,0,0,0
Igkv1-108,0,0,0,0
Igkv1-110,0,0,1,0
Igkv1-115,0,0,0,0
Igkv1-117,0,0,0,0
Igkv1-122,0,0,0,0
Igkv1-131,0,0,0,0
Igkv1-132,0,0,0,0
Igkv1-133,0,0,0,0
Igkv1-135,0,0,0,0
Igkv1-136,0,0,0,0
Igkv1-35,1,0,2,1
Igkv1-88,0,0,0,0
Igkv1-99,0,0,0,0
Igkv10-94,0,0,0,0
Igkv10-95,0,0,0,0
Igkv10-96,0,0,0,0
Igkv11-106,0,0,0,0
Igkv11-114,0,0,0,0
Igkv11-118,0,0,0,0
Igkv11-125,0,0,0,0
Igkv12-38,0,0,0,0
Igkv12-40,0,0,0,0
Igkv12-41,0,0,0,0
Igkv12-42,0,0,0,0
Igkv12-44,0,0,0,0
Igkv12-46,0,0,0,0
Igkv12-47,0,0,0,0
Igkv12-49,0,0,0,0
Igkv12-66,0,0,0,0
Igkv12-67,0,0,0,0
Igkv12-89,0,0,0,0
Igkv12-98,0,0,0,0
Igkv13-54-1,0,0,0,0
Igkv13-55-1,0,0,0,0
Igkv13-56-1,0,0,0,0
Igkv13-57-1,0,0,0,0
Igkv13-57-2,0,0,0,0
Igkv13-61-1,0,0,0,0
Igkv13-62-1,0,0,0,0
Igkv13-64,0,0,0,0
Igkv13-71-1,0,0,0,0
Igkv13-73-1,0,0,0,0
Igkv13-74-1,0,0,0,0
Igkv13-76,0,0,0,0
Igkv13-78-1,0,0,0,0
Igkv13-80-1,0,0,0,0
Igkv13-82,0,0,0,0
Igkv13-84,0,0,0,0
Igkv13-85,0,0,0,0
Igkv13-87,0,0,0,0
Igkv14-100,0,0,0,0
Igkv14-111,0,0,0,0
Igkv14-118-1,0,0,0,0
Igkv14-118-2,0,0,0,0
Igkv14-126,0,0,0,0
Igkv14-126-1,0,0,0,0
Igkv14-130,0,0,0,0
Igkv14-134-1,0,0,0,0
Igkv15-101,0,0,0,0
Igkv15-101-1,0,0,0,0
Igkv15-102,0,0,0,0
Igkv15-103,0,0,0,0
Igkv15-97,0,0,0,0
Igkv16-104,0,0,0,0
Igkv17-121,0,0,0,0
Igkv17-127,0,0,0,0
Igkv17-134,0,0,0,0
Igkv18-36,0,0,0,0
Igkv19-93,0,0,0,0
Igkv2-105,0,0,0,1
Igkv2-107,0,0,0,0
Igkv2-109,0,0,0,0
Igkv2-112,0,0,0,0
Igkv2-113,0,0,0,0
Igkv2-116,0,0,0,0
Igkv2-137,0,0,0,0
Igkv2-93-1,0,0,0,0
Igkv2-95-1,0,0,0,0
Igkv2-95-2,0,0,0,0
Igkv20-101-2,2,0,0,1
Igkv3-1,0,0,0,0
Igkv3-10,0,0,0,0
Igkv3-11,0,0,0,0
Igkv3-12,0,0,0,0
Igkv3-12-1,0,0,0,0
Igkv3-2,0,0,0,0
Igkv3-3,0,0,0,0
Igkv3-4,0,0,0,0
Igkv3-5,0,0,0,0
Igkv3-6,0,0,0,0
Igkv3-7,0,0,0,0
Igkv3-8,0,0,0,0
Igkv3-9,0,0,0,0
Igkv4-50,0,0,0,0
Igkv4-51,0,0,0,0
Igkv4-53,0,0,0,0
Igkv4-54,0,0,0,0
Igkv4-55,0,0,1,0
Igkv4-56,0,0,0,0
Igkv4-57,0,0,0,0
Igkv4-57-1,0,0,0,0
Igkv4-58,0,0,0,0
Igkv4-59,0,0,0,0
Igkv4-60,0,0,0,0
Igkv4-61,0,0,0,0
Igkv4-62,0,0,0,0
Igkv4-63,0,0,0,0
Igkv4-65,0,0,0,0
Igkv4-68,0,0,0,0
Igkv4-69,0,0,0,0
Igkv4-70,0,0,0,0
Igkv4-71,0,0,0,0
Igkv4-72,0,0,0,0
Igkv4-73,0,0,0,0
Igkv4-74,0,0,0,0
Igkv4-75,0,0,0,0
Igkv4-77,0,0,0,0
Igkv4-78,0,0,0,0
Igkv4-79,0,0,0,0
Igkv4-80,0,0,0,0
Igkv4-81,0,0,0,0
Igkv4-83,0,0,0,0
Igkv4-86,0,0,0,0
Igkv4-90,0,0,0,0
Igkv4-91,0,0,0,0
Igkv4-92,0,0,0,0
Igkv5-37,0,0,0,0
Igkv5-39,0,0,0,0
Igkv5-40-1,0,0,0,0
Igkv5-43,0,0,0,0
Igkv5-45,0,0,0,0
Igkv5-48,0,0,0,0
Igkv6-13,0,0,0,0
Igkv6-14,0,0,0,0
Igkv6-15,0,0,0,0
Igkv6-17,0,0,0,0
Igkv6-20,3,4,1,0
Igkv6-23,0,0,0,0
Igkv6-25,0,0,0,0
Igkv6-29,0,0,0,0
Igkv6-32,0,0,1,0
Igkv7-33,0,1,0,0
Igkv8-16,0,0,0,0
Igkv8-18,0,0,0,0
Igkv8-19,3,11,3,5
Igkv8-21,2,4,1,0
Igkv8-22,0,0,0,0
Igkv8-24,0,0,0,0
Igkv8-26,1,0,0,0
Igkv8-27,1,0,0,0
Igkv8-28,0,0,0,0
Igkv8-30,0,0,0,0
Igkv8-31,0,0,0,0
Igkv8-34,0,0,2,0
Igkv9-119,0,0,0,0
Igkv9-120,0,0,0,0
Igkv9-123,0,0,0,0
Igkv9-124,0,0,0,0
Igkv9-128,0,0,0,0
Igkv9-129,0,0,0,0
Iglc1,0,0,0,1
Iglc2,4,3,0,2
Iglc3,0,0,0,1
Iglc4,0,0,0,0
Iglj1,0,0,0,0
Iglj2,0,0,0,0
Iglj3,0,0,0,0
Iglj3p,0,0,0,0
Iglj4,0,0,0,0
Igll1,1,0,1,0
Iglon5,1458,1361,1103,1011
Iglv1,0,0,0,0
Iglv2,0,0,0,0
Iglv3,0,1,0,0
Igsf1,56,73,53,41
Igsf10,147,182,134,192
Igsf11,3978,3571,3819,3302
Igsf21,3538,3960,3976,3227
Igsf23,1,0,3,3
Igsf3,1852,1021,872,912
Igsf5,63,63,76,64
Igsf6,217,138,202,211
Igsf8,2490,3120,2199,2122
Igsf9,343,215,201,240
Igsf9b,5154,6489,5530,4838
Igtp,19,25,35,29
Ihh,12,6,10,8
Iigp1,66,46,90,62
Ik,1618,1674,1500,1480
Ikbip,436,463,470,552
Ikbkb,3006,3028,2958,2277
Ikbke,100,91,128,92
Ikbkg,863,927,868,968
Ikzf1,471,287,917,606
Ikzf2,2442,2220,2270,1984
Ikzf3,17,9,12,17
Ikzf4,1906,1737,1772,1483
Ikzf5,554,818,472,541
Il10,4,8,0,8
Il10ra,157,108,235,133
Il10rb,306,211,346,264
Il11,15,19,21,12
Il11ra1,1048,1287,960,991
Il11ra2,0,0,0,0
Il11ra2.1,0,0,0,0
Il11ra2.2,0,0,0,0
Il12a,50,87,63,63
Il12b,0,0,5,0
Il12rb1,13,22,17,8
Il12rb2,219,321,230,261
Il13,0,0,2,1
Il13ra1,292,244,242,262
Il13ra2,4,5,2,0
Il15,276,184,306,223
Il15ra,821,942,779,654
Il16,93,1022,160,145
Il17a,0,0,0,0
Il17b,12,21,10,34
Il17c,12,6,19,16
Il17d,1008,1002,986,854
Il17f,1,1,4,0
Il17ra,582,537,540,470
Il17rb,168,155,176,153
Il17rc,84,95,80,62
Il17rd,433,354,454,407
Il17re,106,169,130,129
Il18,1684,950,1553,1327
Il18bp,385,396,321,339
Il18r1,2,14,4,10
Il18rap,2,3,10,5
Il19,2,1,4,0
Il1a,16,4,26,11
Il1b,3,2,4,1
Il1bos,1,3,2,5
Il1f10,0,2,0,0
Il1f5,0,1,3,1
Il1f6,0,0,1,0
Il1f8,0,1,0,2
Il1f9,0,0,1,0
Il1r1,149,180,253,204
Il1r2,291,434,337,408
Il1rap,5578,7704,8287,6097
Il1rapl1,134604,117669,86474,87505
Il1rapl2,16168,19903,18516,16753
Il1rl1,7,3,9,13
Il1rl2,49,81,85,105
Il1rn,0,0,0,0
Il2,5,14,8,5
Il20,0,0,0,0
Il20ra,162,49,29,95
Il20rb,186,289,214,164
Il21,0,0,0,0
Il21r,53,27,99,80
Il22,10,17,0,5
Il22ra1,2,3,3,2
Il22ra2,3,0,0,1
Il23a,2,10,8,4
Il23r,15,54,18,13
Il24,0,0,0,0
Il25,1,0,1,1
Il27,39,50,48,10
Il27ra,21,8,9,31
Il2ra,7,7,4,10
Il2rb,0,1,4,3
Il2rg,15,11,21,26
Il3,0,0,0,0
Il31,0,0,0,0
Il31ra,34,52,99,67
Il33,884,836,1300,762
Il34,1634,1772,1622,1509
Il3ra,86,93,98,70
Il4,188,173,152,177
Il4i1,201,121,147,106
Il4ra,59,86,97,95
Il5,43,36,48,57
Il5ra,63,83,86,108
Il6,10,5,8,11
Il6ra,410,298,619,434
Il6st,1446,1371,1462,1477
Il7,12,28,7,22
Il7r,35,22,24,35
Il9,0,0,0,1
Il9r,1,0,1,0
Ildr1,54,66,45,65
Ildr2,9677,7693,6513,6036
Ilf2,3362,3252,3128,3086
Ilf3,4447,3916,4046,3297
Ilk,838,823,809,731
Ilkap,2435,2578,2479,2264
Ilrun,3003,2795,3012,2466
Iltifb,6,21,12,23
Ilvbl,677,609,573,544
Immp1l,5774,5533,4461,4999
Immp2l,12914,13110,11734,11315
Immt,3805,3600,3360,3115
Imp3,112,769,117,63
Imp4,484,505,443,462
Impa1,1302,1399,998,1340
Impa2,341,413,370,418
Impact,4697,6335,5147,5581
Impad1,214,296,430,297
Impdh1,878,1153,919,885
Impdh2,211,260,220,154
Impg1,168,79,37,215
Impg2,511,474,446,370
Ina,2069,2596,2080,2419
Inafm1,510,739,492,345
Inafm2,63,34,80,39
Inava,163,114,206,164
Inca1,254,301,312,292
Incenp,581,576,475,387
Inf2,3004,2140,2247,3413
Ing1,151,278,279,209
Ing2,425,829,638,655
Ing3,921,937,871,886
Ing4,3200,3375,3169,3052
Ing5,473,506,440,503
Inha,1564,2122,1630,1535
Inhba,1114,964,689,960
Inhbb,114,129,130,141
Inhbc,8,29,8,4
Inhbe,9,14,15,21
Inip,603,586,471,496
Inka1,22,23,39,28
Inka2,1786,1960,1990,1652
Inmt,2,2,3,4
Ino80,8280,8239,8278,7409
Ino80b,452,555,447,491
Ino80c,141,138,135,114
Ino80d,4515,4376,4347,3921
Ino80dos,3451,3013,2818,2872
Ino80e,772,785,725,610
Inpp1,1444,1658,1249,1385
Inpp4a,5863,6712,6157,5313
Inpp4b,17767,19043,12372,14039
Inpp5a,3535,3533,3145,3004
Inpp5b,2978,3218,3311,2892
Inpp5d,1313,633,2284,1374
Inpp5e,680,726,656,534
Inpp5f,3467,3881,3626,3254
Inpp5j,2968,1506,1138,882
Inpp5k,1753,1956,1947,1522
Inppl1,477,280,398,249
Ins1,0,0,0,0
Ins2,5,3,5,2
Insc,469,362,687,362
Insig1,375,791,770,782
Insig2,1862,1937,1586,1733
Insl3,1,1,1,0
Insl5,85,68,84,66
Insl6,26,17,22,24
Insm1,38,81,49,20
Insm2,0,2,3,4
Insr,7412,6889,7172,6259
Insrr,9,23,3,14
Insyn1,820,748,616,686
Insyn2a,1232,1011,1055,999
Insyn2b,1489,806,555,685
Ints1,1096,1252,1327,882
Ints10,4497,4956,4649,4420
Ints11,1061,1145,1091,1008
Ints12,367,439,370,429
Ints13,1848,2288,1737,1920
Ints14,1294,1279,1261,1188
Ints2,2068,2120,2042,1966
Ints3,3311,3177,3285,2693
Ints4,1475,1435,1459,1270
Ints5,192,215,201,191
Ints6,6695,6774,6272,5548
Ints6l,5406,6137,5377,4783
Ints7,2274,2257,2283,2276
Ints8,3797,4002,3324,3350
Ints9,2369,2170,2288,2061
Intu,1567,1885,1649,1703
Invs,2271,2405,2557,2257
Ip6k1,8667,7953,7492,6419
Ip6k2,3010,2763,2665,2788
Ip6k3,18,12,16,22
Ipcef1,4133,3752,2806,2806
Ipmk,1441,1505,1340,1193
Ipo11,5246,5991,5578,5284
Ipo13,1572,1252,1376,1036
Ipo4,1274,1342,1285,1060
Ipo5,2126,2292,1963,1788
Ipo7,2213,2362,2051,2081
Ipo8,3659,3874,3682,3178
Ipo9,3592,3573,3476,3036
Ipp,745,642,656,704
Ippk,1630,1563,1467,1531
Iqank1,349,378,390,325
Iqca,13,12,19,30
Iqca1l,15,17,19,16
Iqcb1,3837,3951,3476,3483
Iqcc,473,610,443,473
Iqcd,104,114,97,102
Iqce,4004,4067,4281,3370
Iqcf1,0,0,0,0
Iqcf3,13,11,24,16
Iqcf4,3,1,1,1
Iqcf5,0,0,0,0
Iqcf6,0,0,0,0
Iqcg,99,118,70,121
Iqch,666,642,610,576
Iqck,1383,604,689,730
Iqcm,326,501,520,441
Iqcn,16,8,7,8
Iqgap1,5552,5091,5582,4384
Iqgap2,3414,5336,6340,3773
Iqgap3,12,9,28,12
Iqsec1,15334,19031,18218,14220
Iqsec2,9252,9182,9219,7601
Iqsec3,5595,5247,4158,3529
Iqub,413,444,359,426
Irak1,1956,1702,1559,1391
Irak1bp1,1031,1313,1071,1119
Irak2,1900,1244,1959,1548
Irak3,148,87,146,209
Irak4,155,117,187,119
Ireb2,3803,3868,3607,3478
Irf1,192,181,268,231
Irf2,7465,7549,7181,5853
Irf2bp1,96,99,83,105
Irf2bp2,539,560,859,445
Irf2bpl,314,127,531,142
Irf3,1555,1450,1314,1168
Irf4,15,14,7,13
Irf5,97,85,182,124
Irf6,9,19,6,14
Irf7,29,27,52,28
Irf8,201,125,484,327
Irf9,661,643,691,536
Irgc1,19,21,29,19
Irgm1,91,120,123,122
Irgm2,84,68,168,179
Irgq,429,548,371,497
Irs1,2393,1997,1542,1311
Irs2,974,1158,904,896
Irs3,11,6,5,7
Irs4,0,6,3,10
Irx1,51,95,43,19
Irx2,104,216,93,1
Irx3,20,42,5,9
Irx3os,2,12,1,0
Irx4,0,19,0,0
Irx5,85,162,37,0
Irx6,6,6,4,4
Isca1,552,674,531,608
Isca2,1479,2213,1395,1567
Iscu,1225,1622,1041,1198
Isg15,75,64,88,68
Isg20,19,7,15,12
Isg20l2,441,458,454,410
Isl1,187,0,1,364
Isl2,0,1,0,0
Islr,133,143,165,198
Islr2,273,416,421,504
Ism1,418,495,369,378
Ism2,37,41,43,36
Isoc1,453,126,76,144
Isoc2a,310,223,257,241
Isoc2b,342,397,304,440
Ist1,2589,2849,2241,2266
Isx,4,5,9,6
Isy1,1719,1706,1435,1613
Isyna1,747,597,616,650
Itch,11118,10224,10530,9050
Itfg1,6802,6779,6137,6203
Itfg2,1827,1778,1398,1565
Itga1,880,592,789,814
Itga10,305,350,279,218
Itga11,711,754,766,973
Itga2,203,221,173,229
Itga2b,130,142,139,163
Itga3,603,861,624,510
Itga4,1434,1631,1723,1462
Itga5,596,631,719,793
Itga6,2554,1401,1856,1620
Itga7,256,383,282,196
Itga8,3412,5106,5276,4317
Itga9,1043,839,1280,1016
Itgad,32,51,64,26
Itgae,73,88,67,61
Itgal,14,9,14,12
Itgam,250,122,364,258
Itgav,6151,4008,3721,3851
Itgax,0,2,46,35
Itgb1,4211,4266,3755,3891
Itgb1bp1,504,560,453,556
Itgb1bp2,137,109,114,128
Itgb2,23,26,37,32
Itgb2l,0,4,1,2
Itgb3,119,143,193,153
Itgb3bp,2414,2318,2308,2904
Itgb4,245,165,290,135
Itgb5,1104,856,1360,947
Itgb6,3,12,13,10
Itgb7,22,54,31,31
Itgb8,2222,1443,1547,1628
Itgbl1,1956,2041,1838,1968
Itih1,0,0,0,0
Itih2,12,17,1,7
Itih3,408,439,304,257
Itih4,3,4,4,1
Itih5,745,587,582,666
Itk,41,48,69,69
Itln1,2,0,1,1
Itm2a,714,644,647,800
Itm2b,2520,3271,2074,2032
Itm2c,989,1326,1638,926
Itpa,1230,1337,1147,1258
Itpk1,2461,2818,2827,2081
Itpka,2765,3274,3332,3167
Itpkb,1399,1184,1474,1096
Itpkc,389,379,360,293
Itpr1,14028,17405,15898,15807
Itpr2,2580,1728,2935,2120
Itpr3,112,155,99,121
Itpr3os,0,0,0,0
Itprid1,171,285,223,213
Itprid2,1926,1792,1991,1652
Itprip,2,3,8,8
Itpripl1,23,12,31,14
Itpripl2,66,69,96,83
Itsn1,9668,10032,9523,8746
Itsn2,9586,8752,10345,8063
Ivd,3155,3018,2760,2828
Ivl,0,0,0,0
Ivns1abp,2529,3222,2198,2737
Iws1,3807,4074,3440,3550
Iyd,20,26,20,21
Izumo1,4,2,2,1
Izumo1r,8,13,9,13
Izumo2,0,0,0,0
Izumo3,0,0,0,0
Izumo4,2378,2598,2898,2900
Jade1,1845,1934,1408,1744
Jade2,1643,1541,1584,1314
Jade3,1533,1707,1672,1579
Jag1,352,202,241,253
Jag2,1656,1854,1863,1518
Jagn1,518,758,463,455
Jak1,3922,4323,4024,3524
Jak2,4963,4303,3933,3557
Jak3,45,71,72,48
Jakmip1,4328,4051,4523,4414
Jakmip1.1,0,0,0,0
Jakmip2,11957,13337,11730,11297
Jakmip3,5620,6076,5924,5851
Jam2,1497,813,939,869
Jam3,4425,4515,4839,4321
Jaml,3,15,13,16
Jarid2,9683,8583,7220,6731
Jazf1,11127,11928,11923,10780
Jcad,1759,1697,1633,2036
Jchain,102,130,117,113
Jdp2,2396,2671,1952,1673
Jhy,31,67,47,53
Jkamp,2154,2170,1694,1968
Jmjd1c,17153,18160,15288,13551
Jmjd4,296,307,288,305
Jmjd6,770,887,827,612
Jmjd7,136,143,150,165
Jmjd8,350,379,286,299
Jmy,2968,3179,2776,2645
Josd1,1138,1358,1039,1159
Josd2,1550,1916,1809,1448
Jph1,4359,6623,6383,5157
Jph2,15,19,30,20
Jph3,1743,1892,1671,1482
Jph4,3457,3809,3550,3226
Jpt1,1571,1672,1408,1452
Jpt2,217,211,227,219
Jpx,3932,3655,3589,3535
Jrk,73,118,73,119
Jrkl,146,468,276,199
Jsrp1,59,99,64,100
Jtb,986,1048,952,891
Jun,293,402,429,466
Junb,529,783,1080,1257
Jund,288,538,775,428
Junos,896,979,996,1015
Jup,896,708,611,536
K230015D01Rik,15,30,28,11
Kalrn,71856,75562,73161,61256
Kank1,2291,1118,1880,1140
Kank2,576,526,419,372
Kank3,2833,1041,1093,1063
Kank4,227,486,270,237
Kank4os,3,4,6,5
Kansl1,23049,21712,19944,16427
Kansl1l,8989,8274,7402,7302
Kansl2,2562,2644,2346,2307
Kansl3,3426,3278,3018,2652
Kantr,3113,3215,2626,2499
Kap,0,0,0,0
Kars,311,406,346,343
Kat14,1719,1763,1711,1464
Kat2a,836,882,877,676
Kat2b,3128,2879,2627,1974
Kat5,630,589,599,498
Kat6a,4459,3859,3714,3308
Kat6b,14252,11261,10809,9716
Kat7,2509,2392,2379,2249
Kat8,618,755,641,611
Katna1,1179,1262,936,975
Katnal1,1408,1333,1541,1255
Katnal2,1416,1611,1566,1737
Katnb1,722,818,786,720
Katnbl1,2565,2682,2396,2630
Kazald1,33,58,49,48
Kazn,2476,2333,2508,2609
Kbtbd11,1223,1413,948,1197
Kbtbd12,59,46,34,65
Kbtbd13,1,7,0,0
Kbtbd2,1009,1118,924,980
Kbtbd3,861,1027,780,909
Kbtbd4,375,417,386,390
Kbtbd6,0,3,0,1
Kbtbd7,6,7,19,30
Kbtbd8,148,213,132,177
Kbtbd8os,10,11,8,5
Kcmf1,5403,5320,5249,4746
Kcna1,2799,3501,2518,2398
Kcna10,11,13,10,14
Kcna2,1214,1532,1453,1097
Kcna3,31,38,33,39
Kcna4,1740,1280,1043,1519
Kcna5,18,13,11,10
Kcna6,1643,1924,2257,1597
Kcna7,0,3,7,6
Kcnab1,13995,17120,16685,18479
Kcnab2,2472,2791,2818,2099
Kcnab3,611,496,241,199
Kcnab3os,38,67,42,69
Kcnb1,8131,7326,6587,5562
Kcnb2,80083,48336,40404,37145
Kcnc1,3705,4416,3497,2987
Kcnc2,20382,22542,20519,14732
Kcnc3,2220,2771,1955,1545
Kcnc4,1051,1402,1093,971
Kcnd1,259,269,297,264
Kcnd2,116017,100439,68655,74750
Kcnd3,19268,16808,15641,13596
Kcnd3os,284,288,285,219
Kcne1,5,11,10,5
Kcne1l,14,13,5,9
Kcne2,11,15,15,8
Kcne3,3,4,7,7
Kcne4,11,5,8,6
Kcnf1,139,70,91,20
Kcng1,724,758,833,701
Kcng2,281,418,411,294
Kcng3,518,612,734,616
Kcng4,7,33,18,14
Kcnh1,11381,10502,9478,10626
Kcnh2,375,328,242,219
Kcnh3,3747,2687,2752,2464
Kcnh4,1300,1100,1052,1016
Kcnh5,8897,6597,3862,4503
Kcnh6,179,273,197,290
Kcnh7,63181,64611,53986,44356
Kcnh8,1479,892,763,770
Kcnip1,10209,6306,5463,5356
Kcnip2,3106,2344,2613,2889
Kcnip3,11348,11776,11145,10597
Kcnip4,299473,379761,303594,287382
Kcnj1,0,1,0,0
Kcnj10,768,535,595,415
Kcnj11,89,184,113,69
Kcnj12,489,635,413,376
Kcnj13,305,341,250,247
Kcnj14,19,30,18,15
Kcnj15,1,2,1,4
Kcnj16,189,158,182,152
Kcnj2,165,185,228,232
Kcnj3,24556,22214,15129,13788
Kcnj4,951,690,519,751
Kcnj5,17,16,19,20
Kcnj6,10979,12254,11874,8791
Kcnj8,64,117,63,57
Kcnj9,1910,3068,2242,2093
Kcnk1,1522,1977,1305,1239
Kcnk10,4124,4639,3772,2854
Kcnk12,2108,1646,1169,900
Kcnk13,2249,1244,1728,1227
Kcnk15,4,7,1,4
Kcnk16,0,0,0,0
Kcnk18,16,12,14,11
Kcnk2,4456,4813,3759,5965
Kcnk3,889,970,796,638
Kcnk4,348,540,509,374
Kcnk5,28,22,25,17
Kcnk6,69,64,107,75
Kcnk7,18,10,9,13
Kcnk9,1892,2823,2061,1913
Kcnma1,72165,74381,68535,58937
Kcnmb1,35,21,19,10
Kcnmb2,6383,6384,7659,4202
Kcnmb3,7,16,12,9
Kcnmb4,2580,2997,2883,2493
Kcnmb4os1,25,21,23,18
Kcnmb4os2,157,373,230,277
Kcnn1,279,270,188,196
Kcnn2,14189,15017,11706,9284
Kcnn3,3213,2828,3172,3597
Kcnn4,4,5,15,6
Kcnq1,398,312,281,265
Kcnq1ot1,26867,31871,28373,25954
Kcnq2,7093,7322,6813,5927
Kcnq3,35010,41504,36023,31974
Kcnq4,569,897,753,527
Kcnq5,79824,78115,68226,74047
Kcnrg,2049,1660,1438,1618
Kcns1,94,121,77,106
Kcns2,100,49,108,153
Kcns3,337,679,718,512
Kcnt1,4297,5338,3691,3479
Kcnt2,11967,15491,13668,12747
Kcnu1,223,254,202,212
Kcnv1,544,873,665,754
Kcnv2,24,40,32,47
Kcp,108,115,97,112
Kctd1,8737,8824,7860,8441
Kctd10,244,244,222,181
Kctd11,17,6,17,17
Kctd12,101,79,149,111
Kctd12b,66,54,69,64
Kctd13,1316,1220,1403,959
Kctd14,66,43,48,39
Kctd15,207,235,208,223
Kctd16,46186,53303,49491,44227
Kctd17,2771,3103,2721,2731
Kctd18,1125,1296,1070,1306
Kctd19,5,4,2,7
Kctd2,870,1006,886,839
Kctd20,1529,1740,1396,1439
Kctd21,588,598,586,519
Kctd3,2534,2972,2828,2339
Kctd4,1046,1038,904,857
Kctd5,1034,914,1043,891
Kctd6,477,800,578,538
Kctd7,191,240,237,205
Kctd8,5764,8563,4954,5376
Kctd9,615,762,629,582
Kdelr1,871,910,851,794
Kdelr2,658,801,608,632
Kdelr3,25,17,15,13
Kdf1,21,12,12,19
Kdm1a,5562,5922,4959,5592
Kdm1b,778,892,829,774
Kdm2a,10556,8998,8745,7698
Kdm2b,3603,3666,3690,3134
Kdm3a,4017,3847,3872,3773
Kdm3b,5248,4606,4860,4400
Kdm4a,1892,1624,1684,1463
Kdm4b,3678,3498,3759,3338
Kdm4c,9793,10521,9260,9311
Kdm4d,437,522,488,567
Kdm5a,6108,5780,5608,5518
Kdm5b,7051,6205,6336,5648
Kdm5c,4481,3885,4088,3557
Kdm5d,3157,2997,2781,2973
Kdm6a,5476,5731,5409,5383
Kdm6b,2006,1600,1465,1169
Kdm6bos,100,98,74,98
Kdm7a,5457,4951,4237,4025
Kdm8,626,533,587,553
Kdr,282,189,275,272
Kdsr,2091,2522,2116,2087
Keap1,869,983,923,849
Keg1,2,0,1,0
Kel,2,1,1,2
Kera,4,7,6,13
Khdc1a,1,0,0,0
Khdc1b,4,4,2,8
Khdc1c,0,3,0,3
Khdc3,33,59,36,33
Khdc4,4925,4718,4381,4229
Khdrbs1,5488,4845,5097,4488
Khdrbs2,18883,26360,20891,18990
Khdrbs3,14131,20863,21460,16113
Khk,129,121,110,114
Khnyn,640,759,696,553
Khsrp,3340,2963,2767,2576
Kidins220,13414,15474,14304,12828
Kif11,91,84,108,78
Kif12,0,0,0,0
Kif13a,5451,5477,6197,4273
Kif13b,6549,6775,6989,5744
Kif14,26,30,39,31
Kif15,203,217,212,212
Kif16b,4573,5257,5327,4564
Kif16bos,2,14,8,5
Kif17,1900,1777,1936,1887
Kif18a,174,186,163,190
Kif18b,21,7,12,3
Kif19a,97,79,109,98
Kif1a,11166,11857,11548,9588
Kif1b,24493,26075,28183,22442
Kif1bp,2356,2441,2332,2060
Kif1c,1302,1424,1619,1170
Kif20a,62,87,67,70
Kif20b,94,81,96,67
Kif21a,17443,22360,19254,17589
Kif21b,3716,3561,3530,2980
Kif22,306,365,257,243
Kif23,169,154,168,148
Kif24,882,714,824,681
Kif26a,278,164,257,203
Kif26b,3160,5388,3930,3281
Kif27,418,334,337,561
Kif28,24,45,27,42
Kif2a,9594,7545,6544,6153
Kif2b,0,0,0,0
Kif2c,15,6,17,10
Kif3a,5958,6584,6282,5718
Kif3b,3051,3236,3026,2905
Kif3c,4762,4391,4771,3895
Kif4,56,43,49,41
Kif5a,7304,7901,7551,6083
Kif5b,7889,7354,7378,6736
Kif5c,9905,13507,10757,9578
Kif6,1094,1144,1643,1057
Kif7,152,72,107,143
Kif9,939,1056,1086,1159
Kifap3,8169,9592,7859,7796
Kifc1,511,580,514,578
Kifc2,4993,5673,5078,3892
Kifc3,1721,1616,1774,1353
Kifc5b,406,425,330,320
Kin,848,940,791,833
Kir3dl1,22,18,22,23
Kir3dl2,32,27,38,29
Kirrel,837,691,471,792
Kirrel2,62,65,45,40
Kirrel3,66400,65280,53183,52031
Kirrel3os,100,77,81,88
Kis2,0,0,0,1
Kiss1,0,1,0,0
Kiss1r,182,231,218,237
Kit,1016,2265,1636,979
Kitl,3036,3502,2897,2626
Kiz,2783,2608,2429,2310
Kl,29,75,55,85
Klb,103,95,113,89
Klc1,8680,8407,7727,6938
Klc2,2240,2437,2266,1717
Klc3,27,25,18,27
Klc4,489,549,505,388
Klf1,15,16,8,16
Klf10,1035,1138,969,1071
Klf11,42,102,91,114
Klf12,18197,18866,16617,14706
Klf13,3540,3773,3512,2528
Klf14,0,0,0,0
Klf15,568,486,556,451
Klf16,125,114,111,119
Klf17,0,2,2,0
Klf2,514,591,531,478
Klf3,1130,1102,1284,1086
Klf4,140,98,159,148
Klf5,497,799,771,952
Klf6,442,849,783,654
Klf7,6511,6864,6868,6334
Klf8,1869,1903,2166,1859
Klf9,3726,3863,3124,2666
Klhdc1,2478,2653,2150,2575
Klhdc10,11178,12090,9822,10789
Klhdc2,2444,2610,2492,2327
Klhdc3,1116,1425,1187,1054
Klhdc4,776,766,696,626
Klhdc7a,46,49,31,19
Klhdc7b,1,2,2,0
Klhdc8a,127,181,108,142
Klhdc8b,852,857,747,772
Klhdc9,143,212,148,188
Klhl1,4166,2802,1182,1013
Klhl10,958,1089,1049,1086
Klhl11,484,621,623,670
Klhl12,2837,2853,2684,2774
Klhl13,1544,1176,924,1308
Klhl14,498,394,182,210
Klhl15,2238,2314,2032,2036
Klhl18,1695,1579,1743,1396
Klhl2,9153,9353,10097,9125
Klhl20,1411,1421,1340,1283
Klhl21,211,291,244,288
Klhl22,3066,3326,3132,3044
Klhl23,1285,1598,1067,1419
Klhl24,3659,3876,2856,3208
Klhl25,179,198,236,208
Klhl26,1579,1615,1620,1488
Klhl28,784,1015,666,764
Klhl29,16880,19613,18795,17459
Klhl3,6062,6323,6527,5762
Klhl30,4,0,1,1
Klhl31,13,24,29,50
Klhl32,5726,6198,5552,4688
Klhl33,477,962,360,404
Klhl34,48,42,52,39
Klhl35,64,48,62,61
Klhl36,307,390,309,385
Klhl38,44,21,31,22
Klhl4,667,729,695,672
Klhl40,251,205,165,146
Klhl41,97,95,109,115
Klhl42,605,667,582,583
Klhl5,2823,2069,2310,2332
Klhl6,127,48,234,196
Klhl7,8365,7743,6863,7784
Klhl8,1648,1614,1521,1594
Klhl9,49,107,171,55
Klk1,0,0,0,0
Klk10,4,1,0,1
Klk11,4,4,9,5
Klk12,5,15,18,12
Klk13,8,5,6,1
Klk14,1,0,2,0
Klk15,0,0,0,0
Klk1b1,0,0,0,0
Klk1b11,0,0,0,0
Klk1b16,0,0,0,0
Klk1b21,0,0,0,0
Klk1b22,0,0,0,0
Klk1b24,0,0,0,0
Klk1b26,0,0,0,0
Klk1b27,0,0,1,0
Klk1b3,0,0,0,0
Klk1b4,0,0,0,0
Klk1b5,0,0,0,0
Klk1b8,0,0,0,0
Klk1b9,0,1,1,0
Klk4,0,0,0,0
Klk5,0,0,0,1
Klk6,19,71,59,18
Klk7,0,3,3,4
Klk8,9,6,27,22
Klk9,4,19,7,15
Klkb1,106,89,87,96
Klra1,0,0,1,0
Klra10,0,0,1,0
Klra17,1,2,3,2
Klra2,98,90,81,55
Klra3,0,1,0,0
Klra4,5,5,2,2
Klra5,1,0,0,0
Klra6,0,0,0,0
Klra7,0,0,1,2
Klra8,2,1,1,0
Klra9,1,0,0,0
Klrb1,2,0,1,4
Klrb1a,1,0,2,0
Klrb1b,2,3,1,1
Klrb1c,2,0,1,3
Klrb1f,1,1,0,2
Klrc1,0,0,0,0
Klrc2,0,0,0,2
Klrc3,1,0,0,1
Klrd1,2,0,5,3
Klre1,3,3,0,1
Klrg1,3,5,4,8
Klrg2,9,17,16,13
Klri1,3,0,6,0
Klri2,1,2,0,5
Klrk1,6,14,13,18
Kmo,253,250,216,243
Kmt2a,11909,12317,11863,9472
Kmt2b,2339,2468,2232,2068
Kmt2c,13349,13264,12605,11159
Kmt2d,2235,2338,2057,1601
Kmt2e,14564,15279,13603,11696
Kmt5a,1932,2258,2109,1942
Kmt5b,5706,4829,4764,4592
Kmt5c,785,703,673,577
Kncn,7,3,5,7
Kndc1,2479,3343,3291,1961
Kng1,3,1,0,1
Kng2,3,3,3,0
Knl1,86,56,81,59
Knop1,2737,2739,2022,2368
Knstrn,102,112,139,126
Kntc1,42,49,42,65
Kpna1,3951,4138,3549,3513
Kpna2,163,164,165,149
Kpna3,6334,5990,5518,5260
Kpna4,6929,6863,6184,6707
Kpna6,1918,1857,1797,1473
Kpna7,36,31,34,39
Kpnb1,1147,1217,1287,1327
Kprp,0,0,0,0
Kptn,1640,1560,1424,1517
Kras,2170,2420,1903,1736
Krba1,2262,2302,2085,1973
Krcc1,1272,1279,1338,1428
Kremen1,651,532,691,543
Kremen2,95,116,51,118
Kri1,1446,1458,1480,1307
Krit1,7696,10257,7124,7332
Krr1,875,909,863,870
Krt1,2,20,11,6
Krt10,176,313,119,164
Krt12,1752,1243,1214,1655
Krt13,0,0,0,0
Krt14,1,0,0,0
Krt15,0,0,0,1
Krt16,0,0,0,0
Krt17,1,2,1,1
Krt18,1,0,1,1
Krt19,2,2,0,1
Krt2,10,8,12,3
Krt20,177,166,114,141
Krt222,1220,1640,1149,1146
Krt23,7,5,3,3
Krt24,38,60,51,50
Krt25,54,116,42,78
Krt26,34,51,36,51
Krt27,1,3,1,1
Krt28,9,14,9,7
Krt31,0,0,0,0
Krt32,0,0,0,0
Krt33a,0,1,2,1
Krt33b,0,0,0,0
Krt34,0,0,0,0
Krt35,0,0,0,0
Krt36,0,0,0,0
Krt39,0,0,2,0
Krt4,0,0,0,0
Krt40,1,3,3,2
Krt42,1,0,2,1
Krt5,0,0,1,0
Krt6a,0,0,0,1
Krt6b,0,0,0,0
Krt7,4,1,9,3
Krt71,0,0,0,0
Krt72,0,1,0,0
Krt73,2,5,7,10
Krt75,0,0,0,0
Krt76,0,0,0,0
Krt77,90,105,149,163
Krt78,0,1,0,0
Krt79,2,6,6,2
Krt8,1,1,0,0
Krt80,13,15,30,15
Krt81,0,0,0,0
Krt82,1,0,0,0
Krt83,1,0,0,0
Krt84,0,0,0,0
Krt86,0,0,0,1
Krt87,0,0,2,0
Krt88,1,0,2,0
Krt9,37,23,33,64
Krt90,0,0,0,1
Krtap1-3,0,0,0,0
Krtap1-4,0,0,0,0
Krtap1-5,0,0,0,0
Krtap10-10,0,0,0,0
Krtap10-4,0,0,0,0
Krtap11-1,0,0,0,0
Krtap12-1,0,0,0,0
Krtap13,0,0,0,0
Krtap13-1,1,0,0,1
Krtap14,0,0,0,0
Krtap15,0,0,0,0
Krtap16-1,1,0,0,0
Krtap16-3,0,0,0,0
Krtap17-1,1,1,0,1
Krtap19-1,0,0,0,0
Krtap19-2,0,0,0,0
Krtap19-3,0,0,0,0
Krtap19-4,0,0,0,0
Krtap19-5,0,0,0,0
Krtap19-9b,0,0,0,0
Krtap2-4,0,1,0,0
Krtap20-2,0,0,0,0
Krtap21-1,0,0,0,0
Krtap22-2,0,0,0,0
Krtap24-1,0,0,0,0
Krtap26-1,0,0,0,0
Krtap27-1,0,0,0,0
Krtap28-10,2,0,0,2
Krtap28-13,19,4,9,9
Krtap29-1,0,0,0,0
Krtap3-1,0,0,0,0
Krtap3-2,0,0,0,0
Krtap3-3,0,0,0,0
Krtap31-1,0,0,0,0
Krtap31-2,0,0,0,0
Krtap4-1,0,0,0,0
Krtap4-13,0,0,0,0
Krtap4-16,0,0,0,0
Krtap4-2,0,0,0,0
Krtap4-6,0,0,0,0
Krtap4-7,0,0,0,0
Krtap4-8,0,0,0,0
Krtap4-9,0,0,0,0
Krtap5-1,0,0,0,0
Krtap5-2,0,0,1,0
Krtap5-3,0,2,0,0
Krtap5-4,0,0,0,0
Krtap5-5,0,0,0,0
Krtap6-1,0,0,0,0
Krtap6-2,0,0,0,0
Krtap6-3,0,0,0,0
Krtap6-5,0,0,0,0
Krtap7-1,1,0,0,0
Krtap8-1,0,0,0,0
Krtap9-1,0,0,0,0
Krtap9-3,0,0,0,0
Krtap9-5,0,0,0,0
Krtcap2,168,372,378,282
Krtcap3,79,55,65,89
Krtdap,0,0,0,0
Ksr1,4989,4081,4890,3575
Ksr2,15702,16801,17395,14979
Kti12,64,154,85,60
Ktn1,11621,14255,11780,11185
Kxd1,1131,1268,1091,1160
Ky,268,330,198,241
Kyat1,1053,880,701,598
Kyat3,388,305,361,339
Kynu,22,22,31,42
L1cam,2217,2728,2668,2367
L1td1,2,2,0,2
L2hgdh,1258,1430,1261,993
L3hypdh,301,302,213,272
L3mbtl1,1023,1296,1230,1204
L3mbtl2,976,945,963,875
L3mbtl3,3578,3444,2839,3001
L3mbtl4,1781,1873,1181,1046
LTO1,762,700,658,667
Lacc1,476,445,584,633
Lactb,1753,1872,1637,1947
Lactb2,1772,2137,2025,2140
Lactbl1,5,2,4,6
Lad1,18,13,21,19
Lag3,14,8,16,11
Lage3,1148,1687,1110,1159
Lair1,524,472,867,574
Lalba,0,0,0,0
Lama1,170,306,257,147
Lama2,4846,3277,3846,3209
Lama3,1545,805,1089,763
Lama4,1462,1271,1342,1312
Lama5,252,168,182,157
Lamb1,591,796,820,913
Lamb2,210,152,149,188
Lamb3,128,164,141,147
Lamc1,3612,3667,3955,3226
Lamc2,646,727,468,596
Lamc3,160,109,174,127
Lamp1,2124,2519,2265,2421
Lamp2,3661,3853,3798,3745
Lamp3,7,3,1,3
Lamp5,1179,1652,878,968
Lamtor1,982,987,917,928
Lamtor2,471,1001,580,673
Lamtor3,1193,1386,1113,1139
Lamtor4,951,1411,1044,990
Lamtor5,235,293,216,208
Lancl1,3783,4058,3855,4070
Lancl2,901,982,755,886
Lancl3,251,386,270,179
Lao1,4,5,21,16
Lap3,516,418,578,499
Laptm4a,861,1270,1444,1262
Laptm4b,1487,1463,1356,1091
Laptm5,97,75,148,104
Large1,40006,40699,39961,33848
Large2,37,49,30,15
Larp1,7374,7207,6824,6524
Larp1b,4341,5258,4604,4318
Larp4,3678,3554,3433,3263
Larp4b,6206,6287,5926,5563
Larp6,837,1065,963,930
Larp7,725,725,587,775
Lars,5169,6336,5616,5248
Lars2,2736,1969,3367,2809
Las1l,3492,4065,3172,3029
Lasp1,1712,1588,1483,1422
Lat,51,69,57,46
Lat2,138,136,164,135
Lats1,2273,2534,2226,2148
Lats2,1094,840,1020,898
Lax1,37,27,27,38
Layn,184,141,161,165
Lbh,366,294,357,280
Lbhd1,36,33,14,7
Lbhd2,7,14,0,1
Lbp,28,30,34,49
Lbr,943,1060,1036,870
Lbx1,0,10,0,0
Lbx2,2,3,1,3
Lca5,1792,1701,1573,1639
Lca5l,1029,1159,1069,1161
Lcat,196,257,135,110
Lce1a1,0,0,0,0
Lce1a2,0,0,0,0
Lce1b,0,0,0,0
Lce1c,0,0,0,0
Lce1d,0,0,0,0
Lce1e,0,0,0,0
Lce1f,0,0,0,0
Lce1g,0,0,0,0
Lce1h,0,0,0,0
Lce1i,0,1,0,0
Lce1j,0,0,0,0
Lce1k,0,0,0,0
Lce1l,0,0,0,0
Lce1m,0,0,0,0
Lce3a,0,0,0,0
Lce3b,0,0,0,0
Lce3c,0,0,0,0
Lce3d,0,0,0,0
Lce3e,0,0,0,0
Lce3f,1,0,0,0
Lce6a,0,0,0,0
Lck,56,41,49,58
Lclat1,3780,3835,3343,3299
Lcmt1,1418,1768,1534,1551
Lcmt2,270,332,336,269
Lcn10,0,0,0,0
Lcn11,0,1,0,0
Lcn12,0,0,1,0
Lcn2,2,3,0,0
Lcn3,1,1,2,0
Lcn4,0,0,0,0
Lcn5,0,0,0,0
Lcn6,0,0,0,0
Lcn8,0,1,0,0
Lcn9,0,0,0,1
Lcor,10894,9635,9346,8428
Lcorl,8428,8321,8022,7316
Lcp1,371,327,526,412
Lcp2,181,103,295,248
Lct,29,39,54,26
Lctl,31,15,33,25
Ldah,3084,3029,3114,2903
Ldb1,1881,1657,1626,1445
Ldb2,12716,18338,16703,13917
Ldb3,626,794,807,699
Ldc1,2,1,0,5
Ldha,928,857,1019,931
Ldhal6b,14,19,18,31
Ldhb,2304,2443,2001,2269
Ldhc,19,13,13,8
Ldhd,438,494,431,373
Ldlr,1884,1578,2753,1996
Ldlrad1,11,7,13,9
Ldlrad2,3,8,5,2
Ldlrad3,4056,3589,3984,3091
Ldlrad4,23254,23544,20192,17099
Ldlrap1,122,173,179,86
Ldoc1,2,10,3,4
Leap2,5,6,3,1
Lect2,1,1,0,2
Lef1,2567,1088,1441,1485
Lef1os1,18,6,5,10
Lefty1,3,17,14,3
Lefty2,2,16,7,4
Lekr1,4344,4841,4294,4441
Lelp1,0,0,0,0
Lemd1,522,447,328,313
Lemd2,1356,1334,1182,1070
Lemd3,3280,3222,2747,2428
Lenep,3,2,1,1
Leng1,506,474,401,478
Leng8,11614,11602,10267,9698
Leng9,1846,2037,1481,1497
Leo1,539,522,426,460
Lep,4,0,5,1
Lepr,281,373,315,254
Leprot,420,419,454,416
Leprotl1,627,822,527,686
Letm1,1344,1412,1322,1166
Letm2,2999,3353,2764,2759
Letmd1,1012,1049,916,870
Lexm,7,11,14,11
Lfng,264,247,223,164
Lgals1,96,89,118,128
Lgals12,38,24,30,38
Lgals2,3,5,0,2
Lgals3,29,11,33,18
Lgals3bp,42,34,48,73
Lgals4,133,99,112,104
Lgals7,3,4,1,2
Lgals8,1534,1796,1589,1537
Lgals9,128,107,204,179
Lgalsl,180,410,354,320
Lgi1,6793,7052,6781,6102
Lgi2,1077,1552,1133,1489
Lgi3,1054,1799,1455,1130
Lgi4,609,480,492,429
Lgmn,1736,2098,2215,1737
Lgr4,4895,3806,3322,2693
Lgr5,5721,898,465,365
Lgr6,2584,258,168,95
Lgsn,6,6,2,0
Lhb,0,0,0,0
Lhcgr,81,48,72,88
Lhfp,6144,8599,4582,3469
Lhfpl1,12,22,22,21
Lhfpl2,1129,795,1122,852
Lhfpl3,23532,20441,18577,18664
Lhfpl4,2121,2028,1836,1772
Lhfpl5,78,93,82,94
Lhpp,641,505,695,653
Lhx1,66,227,25,10
Lhx1os,84,271,48,11
Lhx2,1052,1130,1099,888
Lhx3,5,6,8,7
Lhx4,8,27,13,9
Lhx5,30,102,23,14
Lhx6,168,272,397,281
Lhx8,21,5,1,113
Lhx9,357,385,93,21
Lias,2192,2363,2044,2383
Lif,5,6,12,6
Lifr,2474,2854,2848,2241
Lig1,559,698,579,437
Lig3,1729,1884,1656,1474
Lig4,55,117,113,128
Lilr4b,12,3,34,7
Lilra5,4,6,13,8
Lilra6,0,0,0,0
Lilrb4a,41,28,230,129
Lim2,0,0,0,1
Lima1,2681,1770,2205,1887
Limch1,20049,18799,19123,15665
Limd1,859,795,1060,906
Limd2,473,532,364,411
Lime1,1,1,5,2
Limk1,1611,1989,2068,1411
Limk2,5103,4364,4111,3887
Lims1,6541,5904,6625,5149
Lims2,628,480,645,529
Lin28a,1,1,0,1
Lin28b,2133,3635,2536,2998
Lin37,500,634,537,576
Lin52,4373,4020,4005,3411
Lin54,1129,1133,1194,1021
Lin7a,9983,11129,6961,7368
Lin7b,919,1483,1031,1131
Lin7c,1411,1815,1187,1503
Lin9,592,532,515,431
Lingo1,5763,7464,6936,5200
Lingo2,101599,130068,100586,96041
Lingo3,159,204,127,196
Lingo4,20,45,22,19
Lins1,664,727,617,615
Lipa,677,838,880,728
Lipc,37,59,46,49
Lipe,1107,1118,1192,1095
Lipf,1,0,0,0
Lipg,60,78,65,77
Liph,64,54,89,79
Lipi,0,0,0,2
Lipk,23,18,15,19
Lipm,1,12,4,5
Lipn,2,1,0,1
Lipo1,0,0,0,0
Lipo2,3,6,2,2
Lipo3,452,482,412,425
Lipo4,1,0,1,3
Lipt1,36,86,56,70
Lipt2,29,33,49,54
Litaf,1500,873,1310,950
Lix1,4077,1991,2526,2383
Lix1l,1128,872,987,805
Lkaaear1,0,0,0,1
Llcfc1,0,0,0,1
Llgl1,1279,1261,1188,1093
Llgl2,30,44,45,39
Llph,145,449,360,261
Lman1,1486,1798,1437,1541
Lman1l,26,22,17,18
Lman2,938,969,904,770
Lman2l,2460,2493,2546,2623
Lmbr1,4922,5531,4924,4514
Lmbr1l,940,748,781,589
Lmbrd1,6095,7500,5899,5780
Lmbrd2,2851,3135,2909,2691
Lmcd1,284,142,189,178
Lmf1,1404,1431,1507,1339
Lmf2,213,260,203,159
Lmln,1638,1628,1761,1398
Lmna,1489,1605,1543,1266
Lmnb1,1012,1033,1012,790
Lmnb2,685,635,605,533
Lmntd1,494,240,392,396
Lmntd2,3,3,2,2
Lmo1,203,204,236,167
Lmo2,490,395,568,676
Lmo3,3781,3902,2834,3961
Lmo4,4882,6446,6002,7155
Lmo7,6597,7051,6217,7686
Lmod1,77,71,87,44
Lmod2,4,5,4,8
Lmod3,7,9,7,11
Lmtk2,9581,9065,8649,7963
Lmtk3,5128,4763,5232,3659
Lmx1a,6,220,7,10
Lmx1b,26,156,47,28
Lncbate1,189,220,44,56
Lncbate10,12,13,12,14
Lncbate3,0,0,0,0
Lncbate6,3,1,3,5
Lncenc1,98,226,77,71
Lncpint,33688,37031,32812,28769
Lncppara,7306,5947,5789,5138
Lnp1,14,15,3,1
Lnpep,6447,6062,5886,5357
Lnpk,5326,6229,5294,6064
Lnx1,3135,3812,3263,2750
Lnx2,1127,978,872,924
Lockd,41,14,37,30
Lonp1,1327,1409,1417,1335
Lonp2,6807,6361,6235,5304
Lonrf1,1769,2027,1689,1641
Lonrf2,3010,3371,2751,3066
Lonrf3,804,694,575,634
Lor,34,60,35,27
Lox,0,1,1,1
Loxhd1,74,71,55,60
Loxl1,75,46,37,53
Loxl2,26,19,19,34
Loxl3,212,139,244,164
Loxl4,13,22,11,6
Lpar1,697,777,935,680
Lpar2,34,42,45,53
Lpar3,11,12,3,6
Lpar4,64,32,55,40
Lpar5,11,6,14,9
Lpar6,167,186,145,195
Lpcat1,1528,1579,1438,1259
Lpcat2,1215,1245,2017,1758
Lpcat2b,8,14,21,9
Lpcat3,2391,1976,2356,1941
Lpcat4,1512,1730,1525,1405
Lpgat1,7041,7949,7678,6575
Lpin1,1827,1982,2102,1748
Lpin2,6261,5686,5619,5351
Lpin3,25,28,32,22
Lpl,111,167,210,304
Lpo,23,41,36,25
Lpp,5414,6010,4785,4360
Lpxn,153,162,195,210
Lrat,5,3,4,3
Lratd1,181,260,192,193
Lratd2,27,57,33,20
Lrba,17977,14360,11912,12040
Lrch1,7921,7672,7189,5997
Lrch2,2841,2678,2438,2350
Lrch3,9092,8688,8320,6689
Lrch4,370,435,370,320
Lrcol1,2,0,0,2
Lrfn1,1143,1345,1371,1073
Lrfn2,8268,8847,10496,7895
Lrfn3,259,293,233,191
Lrfn4,492,571,435,385
Lrfn5,45646,56537,47636,41849
Lrg1,10,5,4,6
Lrguk,331,461,548,609
Lrif1,2210,2678,2166,2603
Lrig1,1922,1728,1511,1373
Lrig2,4501,4651,4351,3852
Lrig3,299,335,429,319
Lrit1,0,0,0,0
Lrit2,0,0,0,0
Lrit3,15,31,19,13
Lrmda,3681,2902,5628,4013
Lrmp,177,145,223,231
Lrp1,6140,6205,6645,5041
Lrp10,398,410,487,432
Lrp11,2713,2946,2533,2330
Lrp12,2268,1905,1617,1764
Lrp1b,115666,127555,106288,105924
Lrp2,24,27,21,17
Lrp2bp,156,195,138,184
Lrp3,972,1138,820,791
Lrp4,1542,1015,1436,991
Lrp5,309,236,436,321
Lrp6,5835,6034,5574,5260
Lrp8,5670,4833,4289,3487
Lrp8os1,5,2,4,4
Lrp8os2,1699,1280,1232,1103
Lrp8os3,237,315,226,316
Lrpap1,2556,3318,2438,3221
Lrpprc,4854,5373,4961,4745
Lrr1,1,2,1,9
Lrrc1,1655,1299,1189,1155
Lrrc10,10,21,15,6
Lrrc10b,55,42,44,98
Lrrc14,911,1039,890,1134
Lrrc14b,43,34,36,20
Lrrc15,3,1,1,3
Lrrc17,34,36,26,29
Lrrc18,13,8,19,28
Lrrc19,1441,1517,1282,1412
Lrrc2,113,109,88,118
Lrrc20,1682,1687,1779,1534
Lrrc23,174,269,136,163
Lrrc24,702,849,606,728
Lrrc25,8,5,30,9
Lrrc26,1,4,2,5
Lrrc27,141,191,165,147
Lrrc28,3640,3618,3509,3109
Lrrc29,2145,2404,2187,2487
Lrrc3,29,42,52,54
Lrrc30,1,0,0,1
Lrrc31,0,3,2,2
Lrrc32,30,25,25,21
Lrrc34,17,12,12,16
Lrrc36,51,48,40,48
Lrrc37a,42,32,36,26
Lrrc38,138,108,57,100
Lrrc39,628,673,510,619
Lrrc3b,2606,3571,3010,2534
Lrrc3c,0,0,0,0
Lrrc4,5848,6498,5492,5661
Lrrc40,2451,2099,1725,2069
Lrrc41,1156,1243,1279,1077
Lrrc42,838,868,908,964
Lrrc43,60,97,126,115
Lrrc45,2491,2735,2857,2098
Lrrc46,10,29,27,30
Lrrc47,366,431,408,349
Lrrc49,6455,6822,5938,5963
Lrrc4b,3270,2856,2965,2560
Lrrc4c,98841,121150,105659,102749
Lrrc51,562,541,564,595
Lrrc52,2,6,2,2
Lrrc55,204,285,113,206
Lrrc56,183,187,183,180
Lrrc57,898,1102,972,913
Lrrc58,3114,3195,2898,2635
Lrrc59,672,766,697,612
Lrrc6,1001,1153,880,1116
Lrrc61,217,234,187,230
Lrrc63,22,36,28,35
Lrrc66,13,12,4,8
Lrrc69,100,106,62,90
Lrrc7,78465,75483,65189,69371
Lrrc71,28,30,24,43
Lrrc72,8,6,6,6
Lrrc73,368,503,394,317
Lrrc74a,9,7,2,4
Lrrc74b,44,24,45,34
Lrrc75a,1044,672,659,553
Lrrc75aos1,107,71,59,44
Lrrc75aos2,76,71,71,71
Lrrc75b,134,206,174,184
Lrrc8a,857,891,716,671
Lrrc8b,4626,5273,4573,4427
Lrrc8c,3149,3463,3511,2827
Lrrc8d,4337,3636,4394,3764
Lrrc8dos,228,289,239,300
Lrrc8e,12,13,15,12
Lrrc9,643,383,310,526
Lrrcc1,3264,3506,3098,3228
Lrrd1,148,217,172,155
Lrrfip1,10911,12740,11904,11964
Lrrfip2,4548,5449,4461,3946
Lrriq1,858,1212,1343,1333
Lrriq3,158,207,183,190
Lrriq4,0,0,1,0
Lrrk1,509,260,575,446
Lrrk2,5243,5847,4523,4737
Lrrn1,1769,2077,1691,1625
Lrrn2,3841,4346,4442,3396
Lrrn3,2451,2469,2018,2469
Lrrn4,11,21,23,17
Lrrn4cl,2,0,0,6
Lrrtm1,1051,1290,1051,1135
Lrrtm2,127,317,292,215
Lrrtm3,22388,24361,18744,18592
Lrrtm4,196031,203340,158358,150026
Lrsam1,1245,1310,1380,1210
Lrtm1,1433,1474,1480,2076
Lrtm2,450,410,354,360
Lrwd1,441,443,423,342
Lsamp,215275,251878,287238,215748
Lsg1,1669,1720,1557,1744
Lsm1,1587,1593,1498,1456
Lsm10,34,158,81,82
Lsm11,178,353,207,180
Lsm12,1112,1124,943,1030
Lsm14a,2926,2684,2640,2465
Lsm14b,517,570,437,433
Lsm2,243,230,253,234
Lsm3,841,953,722,784
Lsm4,261,176,301,291
Lsm5,199,345,242,286
Lsm6,380,531,391,423
Lsm7,1667,2240,1625,1993
Lsm8,125,413,282,135
Lsmem1,189,180,211,179
Lsmem2,17,13,24,17
Lsp1,30,46,89,70
Lsr,176,127,169,148
Lss,933,951,1176,928
Lst1,151,163,183,186
Lta,1,3,0,10
Lta4h,1745,1802,1668,1473
Ltb,9,12,4,16
Ltb4r1,1,4,5,4
Ltb4r2,1,2,1,3
Ltbp1,1261,1126,1212,1045
Ltbp2,71,151,43,33
Ltbp3,1144,1210,853,700
Ltbp4,2013,1853,2133,1616
Ltbr,73,66,95,71
Ltc4s,163,84,189,162
Ltf,1,1,0,0
Ltk,1543,2017,1991,1611
Ltn1,2837,3049,2730,2582
Ltv1,446,479,456,431
Luc7l,4189,4162,3944,3797
Luc7l2,25209,29207,25827,25779
Luc7l3,17174,18604,15731,15330
Lum,45,48,27,113
Lurap1,1090,1336,908,1169
Lurap1l,1386,1824,1552,1171
Luzp1,7056,6940,5538,4916
Luzp2,33297,19570,21440,16039
Luzp4,0,1,0,0
Lvrn,31,42,42,26
Lxn,113,160,148,100
Ly6a,409,465,470,443
Ly6c1,756,964,697,681
Ly6c2,0,1,2,0
Ly6d,2,1,0,1
Ly6e,1645,2420,1848,1994
Ly6f,0,0,0,0
Ly6g,0,0,0,0
Ly6g2,0,0,0,0
Ly6g5b,25,17,6,7
Ly6g5c,2,0,0,1
Ly6g6c,0,1,1,0
Ly6g6d,10,16,27,21
Ly6g6e,48,49,22,11
Ly6g6f,17,12,21,26
Ly6g6g,0,0,0,0
Ly6h,7318,9388,8427,9265
Ly6i,1,1,0,3
Ly6k,0,0,1,0
Ly6l,0,0,0,0
Ly6m,31,43,35,47
Ly75,101,88,74,81
Ly86,509,305,1318,928
Ly9,3,4,13,17
Ly96,224,251,265,240
Lyar,229,271,268,207
Lyg1,0,1,1,0
Lyg2,0,1,1,3
Lyl1,70,44,60,32
Lyn,3091,2597,2853,2542
Lynx1,1504,2470,1581,2111
Lypd1,775,780,1112,1228
Lypd10,1,0,0,0
Lypd11,0,0,1,1
Lypd2,0,2,1,1
Lypd3,1,0,2,1
Lypd4,1,0,0,0
Lypd5,1,1,0,4
Lypd6,1203,1035,1446,1015
Lypd6b,631,954,818,675
Lypd8,2,0,0,1
Lypd9,0,0,0,0
Lypla1,1768,1638,1614,1481
Lypla2,951,1011,850,726
Lyplal1,394,400,364,393
Lyrm1,1400,1532,1397,1436
Lyrm2,383,432,318,400
Lyrm4,775,862,823,701
Lyrm7,622,644,469,599
Lyrm7os,3,0,1,6
Lyrm9,1030,1015,924,1057
Lysmd1,140,231,117,151
Lysmd2,892,974,815,786
Lysmd3,576,841,519,638
Lysmd4,3930,3716,3202,3420
Lyst,7906,8301,7244,7419
Lyve1,7,18,9,5
Lyz1,3,1,6,7
Lyz2,47,82,73,25
Lyzl1,0,0,0,0
Lyzl4,1215,1557,1597,1226
Lyzl4os,17,21,24,21
Lyzl6,1,3,1,1
Lzic,1089,878,929,810
Lztfl1,4813,5850,4251,5471
Lztr1,3384,3792,3552,3075
Lzts1,5766,5023,5322,5329
Lzts2,1056,945,1170,845
Lzts3,2606,3341,2715,2875
M1ap,15,20,28,24
M5C1000I18Rik,52,88,70,70
M6pr,609,911,652,703
Maats1,110,151,141,171
Maats1os,1,0,0,0
Mab21l1,34,66,23,14
Mab21l2,23,65,8,10
Mab21l3,22,32,28,26
Mab21l4,0,0,1,0
Macc1,102,107,69,48
Macf1,54332,47634,48309,40583
Maco1,8349,7820,7223,7245
Macrod1,5112,4483,4228,3889
Macrod2,77281,77054,66699,67419
Macrod2os1,1958,1872,1556,1916
Macrod2os2,162,144,123,125
Mad1l1,2295,2057,2236,1825
Mad2l1,90,151,79,78
Mad2l1bp,31,96,92,80
Mad2l2,398,377,268,312
Madcam1,2,1,1,0
Madd,7148,7488,7228,6430
Maea,1940,2182,1745,1828
Mael,15,11,6,13
Maf,2244,3123,3044,1781
Maf1,416,562,414,441
Mafa,10,8,4,13
Mafb,196,209,335,244
Maff,44,54,41,55
Mafg,2749,3000,3021,2154
Mafk,85,86,73,90
Mag,2246,2134,3195,1749
Magea1,0,0,0,0
Magea10,0,0,0,0
Magea2,0,3,2,2
Magea3,0,0,0,0
Magea4,0,0,0,0
Magea5,0,0,0,0
Magea6,0,0,0,0
Magea8,0,0,0,0
Mageb1,0,0,0,0
Mageb16,128,155,166,151
Mageb18,150,241,252,214
Mageb2,0,0,0,0
Mageb3,0,12,4,5
Mageb4,1,1,0,0
Mageb5,0,0,0,0
Maged1,2007,2213,2106,1886
Maged2,245,284,309,268
Magee1,22,9,22,20
Magee2,9,16,2,6
Mageh1,77,128,59,62
Magel2,51,81,26,49
Magi1,22892,25964,22024,18643
Magi2,101050,113692,103557,83366
Magi3,10541,10021,10349,9090
Magix,10,29,17,21
Magoh,361,458,403,466
Magohb,229,342,262,308
Magt1,1013,908,1039,798
Maip1,474,584,436,469
Majin,12,9,12,14
Mak,310,514,454,546
Mak16,875,936,747,897
Mal,894,1197,938,630
Mal2,986,1548,1398,1256
Malat1,1926943,2728589,1737134,2055790
Mall,10,9,8,8
Malrd1,49,47,39,43
Malsu1,2033,2208,1781,2038
Malt1,1735,1794,1763,1741
Mamdc2,502,662,735,662
Mamdc4,105,87,91,76
Maml1,1410,1169,1151,1049
Maml2,13038,7433,10536,7780
Maml3,14918,9825,6754,6988
Mamld1,3524,4027,3277,3079
Mamstr,26,88,44,60
Man1a,7046,6943,7685,7483
Man1a2,7982,9114,8667,7840
Man1b1,2074,2038,1893,1635
Man1c1,4031,4702,5192,4052
Man2a1,5247,5508,4866,4580
Man2a2,4371,3982,3854,3510
Man2b1,1831,1823,1924,1831
Man2b2,177,195,203,158
Man2c1,1549,1573,1667,1529
Man2c1os,1996,1981,1734,1667
Manba,1889,2193,2487,1680
Manbal,1260,1438,1334,1169
Manea,737,1010,750,1002
Maneal,467,602,432,437
Manf,3641,3841,3025,3164
Mannr,49,78,66,70
Mansc1,149,161,157,166
Mansc4,109,85,103,97
Maoa,1389,1355,1258,1484
Maob,517,366,527,460
Map10,44,45,23,52
Map11,948,970,929,707
Map1a,2207,2612,2047,2056
Map1b,20513,22811,22039,19542
Map1lc3a,217,483,444,399
Map1lc3b,284,388,430,240
Map1s,1168,1162,1273,1180
Map2,29876,27894,21937,23587
Map2k1,6190,3898,4423,4224
Map2k2,3930,3744,4108,3516
Map2k3,1102,1088,1144,821
Map2k3os,121,124,153,112
Map2k4,9658,11202,9278,8807
Map2k5,6995,7179,7987,6528
Map2k6,5584,5438,5402,5181
Map2k7,1073,1028,993,914
Map3k1,2890,1040,1155,962
Map3k10,2488,2492,2360,2038
Map3k11,221,209,203,219
Map3k12,2956,3120,2802,2463
Map3k13,4362,4188,3529,2908
Map3k14,1175,1004,1016,934
Map3k15,222,165,191,251
Map3k19,375,258,288,282
Map3k2,5824,6021,5210,5330
Map3k20,1323,804,906,886
Map3k21,131,203,199,162
Map3k3,7182,6453,6845,5796
Map3k4,3609,4170,3259,3137
Map3k5,5242,5996,5656,4986
Map3k6,45,57,51,55
Map3k7,3368,4072,3484,3495
Map3k7cl,11,24,3,10
Map3k8,189,213,187,229
Map3k9,980,1327,1093,1034
Map4,9985,9422,10055,8211
Map4k1,81,83,111,93
Map4k2,2494,2777,2975,2175
Map4k3,8594,10368,10470,7511
Map4k4,8939,7630,8703,7219
Map4k5,7609,7638,7694,6552
Map6,6285,6274,7169,5240
Map6d1,479,662,642,571
Map7,14150,15980,17289,13326
Map7d1,3644,3630,3506,2816
Map7d2,7180,7978,6770,5694
Map7d3,44,17,16,27
Map9,1786,2291,1749,2087
Mapk1,10747,9180,8720,8966
Mapk10,28301,37736,32727,28284
Mapk11,1456,2124,1476,1116
Mapk12,412,633,336,276
Mapk13,15,53,47,29
Mapk14,6068,6112,5988,5151
Mapk15,27,31,39,33
Mapk1ip1,2903,3696,2774,2820
Mapk1ip1l,2312,2411,2145,2156
Mapk3,557,636,661,642
Mapk4,12315,10673,9188,8148
Mapk6,1906,1937,1626,1685
Mapk7,632,688,738,606
Mapk8,5904,6117,5244,5382
Mapk8ip1,3423,3647,2953,3084
Mapk8ip2,1791,1871,1833,1534
Mapk8ip3,6214,6530,5948,5281
Mapk9,3744,3840,3111,3223
Mapkap1,7724,7249,7273,7081
Mapkapk2,1477,1503,1741,1324
Mapkapk3,174,97,123,120
Mapkapk5,98,96,122,69
Mapkbp1,3367,3163,3071,2789
Mapre1,1708,1747,1632,1689
Mapre2,9716,10389,8937,9069
Mapre3,5216,5108,4560,3789
Mapt,25437,26233,29783,22344
Marc1,19,31,28,36
Marc2,1539,1672,1493,1594
March1,34866,42078,42079,37097
March10,398,420,425,376
March11,3455,4128,2875,2293
March2,3416,3590,3285,3260
March3,2915,2447,2844,2229
March4,3324,3216,2837,2451
March5,1879,1812,1629,1748
March6,6750,6866,5801,5782
March7,4440,4669,4036,3840
March8,2998,3048,3030,2571
March9,87,151,126,84
Marcks,1012,653,1188,828
Marcksl1,17,16,22,7
Marco,1,0,0,0
Marf1,4574,4705,4507,3988
Mark1,6322,6721,5314,5700
Mark2,10475,9482,10092,8219
Mark3,10970,9905,9669,8325
Mark4,2331,2321,2544,1724
Mars,611,650,689,559
Mars2,81,289,96,47
Marveld1,198,220,164,130
Marveld2,239,339,263,269
Marveld3,44,60,41,69
Mas1,484,555,459,425
Masp1,426,445,550,320
Masp2,306,310,258,289
Mast1,2896,3438,3321,2165
Mast2,9051,9207,8879,6749
Mast3,6550,6894,6209,4177
Mast4,25252,28087,27901,18968
Mastl,355,337,305,326
Mat1a,0,5,3,4
Mat2a,6179,7333,5835,5768
Mat2b,949,1183,1017,1300
Matk,8251,7904,8938,7549
Matn1,1,5,7,9
Matn2,1949,2109,2188,2304
Matn3,18,36,23,33
Matn4,441,338,573,365
Matr3,3630,3575,3282,3230
Mau2,4516,4007,4180,3520
Mavs,183,147,171,152
Max,2309,2431,2328,2205
Maz,1371,1230,1117,1076
Mb,40,58,28,33
Mb21d2,2606,2636,2635,2179
Mbd1,1897,2082,1790,1903
Mbd2,4274,3530,3466,3736
Mbd3,830,633,595,580
Mbd3l1,1,0,0,0
Mbd3l2,4,5,4,5
Mbd4,831,848,707,629
Mbd5,20311,22440,18337,17942
Mbd6,2822,2532,2406,2080
Mbip,2170,2809,2079,2288
Mbl1,1,1,1,0
Mbl2,1,4,0,3
Mblac1,139,179,107,134
Mblac2,4251,4735,4706,4374
Mbnl1,6660,8607,7139,6686
Mbnl2,21783,23470,20845,20581
Mbnl3,102,22,28,36
Mboat1,580,401,748,421
Mboat2,7720,7769,8505,6829
Mboat4,4,38,16,12
Mboat7,1476,1638,1513,1339
Mbp,10482,10704,14620,8084
Mbtd1,9451,8964,8368,7523
Mbtps1,2669,2831,2555,2653
Mbtps2,2657,2678,2545,2566
Mc1r,10,2,3,2
Mc2r,3,3,2,0
Mc3r,0,0,0,4
Mc4r,5,21,3,7
Mc5r,46,44,35,10
Mcam,289,290,392,241
Mcat,210,326,249,265
Mcc,4928,5388,4944,4114
Mccc1,2682,2774,2632,2578
Mccc1os,43,86,67,83
Mccc2,2146,2367,2358,2791
Mcee,441,536,483,621
Mcemp1,15,9,13,26
Mcf2,527,649,476,498
Mcf2l,7441,8783,7787,6794
Mcfd2,277,280,247,232
Mchr1,45,108,52,42
Mcidas,16,39,22,32
Mcl1,747,1018,820,956
Mcm10,66,152,117,91
Mcm2,43,65,64,56
Mcm3,6,8,25,32
Mcm3ap,1851,2053,1790,1773
Mcm4,192,265,181,223
Mcm5,48,51,39,62
Mcm6,187,167,203,203
Mcm7,483,456,323,438
Mcm8,445,512,407,622
Mcm9,969,995,936,1026
Mcmbp,3729,3165,3185,2647
Mcmdc2,1176,1165,1014,971
Mcoln1,905,1028,885,741
Mcoln2,1,1,3,2
Mcoln3,2,4,1,1
Mcph1,4661,4755,4780,4390
Mcpt1,0,0,0,0
Mcpt2,0,0,0,0
Mcpt4,0,0,1,0
Mcpt8,0,0,0,0
Mcpt9,0,0,0,0
Mcrip1,1240,1380,1225,1155
Mcrip2,168,252,160,125
Mcrs1,767,743,656,654
Mctp1,29530,26723,21975,26587
Mctp2,609,727,682,681
Mcts1,1758,1994,1392,1606
Mcts2,34,375,171,41
Mcu,8707,7879,7275,6515
Mcub,346,120,105,108
Mcur1,761,847,796,759
Mdc1,706,616,612,530
Mdfi,16,17,24,13
Mdfic,160,79,160,203
Mdga1,2072,1399,1471,1181
Mdga2,80351,86101,70215,67812
Mdh1,2926,3326,2967,3451
Mdh1b,73,86,95,117
Mdh2,1647,1488,1519,1689
Mdk,828,533,480,824
Mdm1,559,574,473,521
Mdm2,2699,2591,2525,2318
Mdm4,7010,7439,6868,6487
Mdn1,5566,5882,5624,5027
Mdp1,648,700,544,531
Me1,1877,2525,2562,1818
Me2,1841,1749,1867,1617
Me3,16195,14848,13081,12448
Mea1,89,162,114,172
Meaf6,2998,3244,2728,3005
Meak7,188,252,209,203
Mecom,1421,1097,1470,1384
Mecomos,20,17,12,17
Mecp2,5820,5748,5119,4651
Mecr,4878,4896,5159,4795
Med1,3244,3084,3034,2845
Med10,500,586,461,406
Med11,112,210,178,185
Med12,890,892,981,740
Med12l,10870,13013,11042,10770
Med13,7631,7132,6802,6137
Med13l,9971,9838,10025,7990
Med14,3728,4057,3304,3038
Med15,4766,4713,4849,4458
Med16,515,528,521,510
Med17,1797,1951,1761,1825
Med18,73,98,48,56
Med19,525,662,472,496
Med20,1015,1179,1036,863
Med21,908,1085,861,941
Med22,255,354,264,315
Med23,2510,2685,2315,2434
Med24,1971,2325,2032,1813
Med25,2544,2269,2232,1830
Med26,1458,1266,1317,1128
Med27,3900,3846,4192,3453
Med28,187,307,292,184
Med29,165,136,226,173
Med30,156,213,201,245
Med31,517,591,413,502
Med4,1198,1313,1022,1225
Med6,2259,2308,2142,2220
Med7,260,574,301,398
Med8,940,1074,864,906
Med9,243,314,258,247
Med9os,26,43,30,37
Medag,250,467,362,250
Mef2a,10776,9980,8828,8376
Mef2b,382,315,292,252
Mef2c,32140,36891,29765,31796
Mef2d,5930,5236,5444,4239
Mefv,0,0,0,1
Meg3,335781,423619,392656,337439
Megf10,1574,1383,1527,1053
Megf11,2806,4620,3833,2622
Megf6,237,214,246,264
Megf8,2314,2389,2259,1903
Megf9,4866,6313,5122,4770
Mei1,1106,1184,970,907
Mei4,1922,2621,2918,3267
Meig1,77,103,106,141
Meikin,11,6,8,11
Meiob,31,70,37,96
Meioc,24,33,16,9
Meis1,4658,3159,1302,1022
Meis2,54278,21407,16077,25071
Meis3,1020,999,997,835
Melk,36,53,59,71
Meltf,38,46,56,41
Memo1,5788,5581,5585,4784
Men1,546,766,581,491
Meox1,9,8,14,15
Meox2,15,6,5,4
Mep1a,1,2,1,3
Mep1b,16,22,16,29
Mepce,171,416,328,307
Mepe,0,1,0,1
Mertk,4928,3540,6482,3755
Mesd,369,550,584,550
Mesp1,0,0,3,1
Mesp2,2,8,5,0
Mest,2213,2278,1970,2394
Met,224,270,272,193
Metap1,1192,1464,1128,1136
Metap1d,3938,3112,3214,2899
Metap2,4064,4409,3489,3417
Metrn,157,178,138,132
Metrnl,77,133,106,114
Mettl1,740,671,663,733
Mettl11b,63,41,55,48
Mettl14,658,720,575,591
Mettl15,1792,1695,1743,1454
Mettl16,3566,3482,3280,3538
Mettl17,2035,2003,1844,1784
Mettl18,152,205,138,181
Mettl2,1811,1680,1699,1630
Mettl21a,405,488,401,488
Mettl21c,98,112,104,95
Mettl21e,4,3,5,8
Mettl22,522,551,431,525
Mettl23,635,774,515,610
Mettl24,672,725,748,674
Mettl25,2682,2383,2354,2404
Mettl26,1679,2361,1550,1927
Mettl27,225,296,349,302
Mettl3,1354,1385,1177,1233
Mettl4,917,1061,851,907
Mettl5,805,757,697,728
Mettl5os,147,212,151,195
Mettl6,1066,1231,1032,1064
Mettl7a1,1629,2257,2034,1785
Mettl7a2,6,2,1,4
Mettl7a3,36,44,31,23
Mettl7b,0,2,1,2
Mettl8,1737,1972,1825,1648
Mettl9,1533,1509,1493,1557
Mex3a,118,81,92,69
Mex3b,115,351,304,229
Mex3c,1219,1138,1223,1212
Mex3d,44,53,114,86
Mfap1a,1447,1501,1483,1682
Mfap1b,1176,1180,1284,1351
Mfap2,323,395,359,373
Mfap3,3628,4063,3353,3712
Mfap3l,2873,2266,1843,2611
Mfap4,11,12,9,10
Mfap5,4,8,3,1
Mff,2728,3601,2807,3063
Mfge8,778,678,562,431
Mfhas1,3691,4118,3939,3174
Mfn1,4603,5185,4669,3975
Mfn2,1758,1808,1685,1636
Mfng,81,41,96,95
Mfrp,0,1,3,2
Mfsd1,598,625,641,652
Mfsd10,1110,1138,1133,938
Mfsd11,2839,2859,3198,2946
Mfsd12,270,325,283,290
Mfsd13a,1126,1183,1116,1021
Mfsd13b,70,69,180,159
Mfsd14a,2575,2554,2575,2264
Mfsd14b,1932,2123,1760,1728
Mfsd2a,300,264,255,206
Mfsd2b,146,113,90,105
Mfsd3,101,88,90,72
Mfsd4a,2747,3387,2953,2448
Mfsd4b1,111,246,160,213
Mfsd4b4,204,315,191,203
Mfsd4b5,1,1,3,6
Mfsd5,25,28,26,20
Mfsd6,2766,3638,2909,2541
Mfsd6l,1,0,0,0
Mfsd7a,13,14,25,19
Mfsd8,1391,1221,1135,1222
Mfsd9,92,108,106,121
Mga,5626,5882,5302,5171
Mgam,23,10,16,6
Mgam2-ps,23,39,24,23
Mgarp,9,23,4,2
Mgat1,650,846,842,685
Mgat2,91,201,209,174
Mgat3,2640,2617,2734,2155
Mgat4a,3418,3658,3381,3211
Mgat4b,1722,2160,1828,1676
Mgat4c,39406,46953,33582,33057
Mgat4d,1,3,2,0
Mgat4e,7,13,6,7
Mgat5,11150,11705,11241,9299
Mgat5b,3651,3966,4003,3463
Mgl2,9,15,12,9
Mgll,7080,7000,8091,6383
Mgme1,224,223,209,165
Mgmt,369,267,308,222
Mgp,90,270,128,102
Mgrn1,5309,5183,4934,4303
Mgst1,46,89,45,40
Mgst2,12,11,5,8
Mgst3,820,1259,784,859
Mhrt,245,49,34,1039
Mia,9,10,4,1
Mia2,5854,6029,5106,5148
Mia3,4757,5123,4122,4265
Miat,12357,15995,16335,12169
Mib1,7891,7824,7352,7325
Mib2,1781,1851,1870,1645
Mical1,158,88,168,107
Mical2,14972,18538,17112,11329
Mical3,18299,18781,17825,16152
Micall1,1406,1266,1652,1100
Micall2,70,67,66,66
Micos10,1903,2207,1810,1793
Micos13,277,449,372,437
Micu1,5868,5216,5278,4439
Micu2,6139,5916,6051,6078
Micu3,7423,8654,7048,7155
Mid1,1464,1060,932,1158
Mid1ip1,208,208,197,154
Mid2,1977,2084,1699,1765
Midn,773,628,529,583
Mief1,1263,1257,1139,1268
Mief2,177,320,141,230
Mien1,48,129,73,47
Mier1,5788,5848,5541,5997
Mier2,778,770,743,603
Mier3,1381,1362,1301,1221
Mif,113,281,126,132
Mif4gd,415,397,400,310
Miga1,4117,4468,4026,3599
Miga2,4192,4159,4080,3281
Miip,1298,1218,1273,1301
Mill1,0,0,0,0
Mill2,307,231,309,281
Milr1,108,86,100,109
Minar1,187,312,238,208
Minar2,873,1054,803,1000
Mindy1,542,523,534,424
Mindy2,4393,4623,4248,3757
Mindy3,2964,3170,3040,2599
Mindy4,1400,1419,1301,1346
Mindy4b-ps,111,139,116,162
Mink1,6244,6181,6136,5487
Minpp1,2227,2521,2001,2174
Mios,2129,2429,2033,2195
Miox,0,0,0,0
Mip,8,4,2,4
Mipep,1609,1749,1743,1603
Mipepos,4,2,7,7
Mipol1,2570,2729,2419,2452
Mir100hg,21959,26399,25368,21734
Mir124-2hg,4542,6085,3549,3509
Mir124a-1hg,8223,12853,6701,6323
Mir133a-1hg,1282,1309,991,1255
Mir142hg,248,184,440,395
Mir155hg,24,15,31,26
Mir17hg,20,26,25,21
Mir205hg,0,0,0,0
Mir22hg,397,772,699,117
Mir670hg,3266,3313,2478,2618
Mir9-3hg,11756,7777,8542,7931
Mir99ahg,27282,30267,28583,25100
Mirg,6852,8798,7507,6947
Mirt1,122,288,182,167
Mirt2,0,0,0,0
Mis12,331,378,329,389
Mis18a,104,120,110,144
Mis18bp1,86,73,75,110
Misp,40,28,41,23
Mitd1,1013,1184,899,999
Mitf,4005,4406,5135,4022
Mixl1,1,0,0,1
Mki67,238,183,217,212
Mkks,139,200,152,151
Mkln1,9855,9313,9223,8302
Mkln1os,1522,1829,1563,1525
Mknk1,1701,1568,1650,1681
Mknk2,683,721,535,513
Mkrn1,2100,2296,1894,2001
Mkrn2,891,978,848,939
Mkrn2os,55,36,40,56
Mkrn3,30,17,35,27
Mks1,476,347,474,423
Mkx,3865,4922,4867,3453
Mlana,9,6,11,6
Mlc1,434,319,262,250
Mlec,921,1087,813,899
Mlf1,22,35,21,43
Mlf2,2967,3354,2560,2518
Mlh1,1072,1213,1029,1109
Mlh3,1602,1760,1632,1633
Mlip,7858,9193,7974,7634
Mlkl,39,36,44,33
Mllt1,1075,980,920,839
Mllt10,18184,17646,16309,14413
Mllt11,1266,2470,1831,1448
Mllt3,15875,15229,12880,11830
Mllt6,2474,2527,2213,1927
Mlph,90,64,123,79
Mlst8,500,538,429,493
Mlx,563,729,460,527
Mlxip,3188,2998,3149,2343
Mlxipl,177,88,281,221
Mlycd,723,751,764,729
Mm2pr,32,43,37,21
Mmaa,2226,3056,2352,2410
Mmab,651,573,518,632
Mmachc,102,119,92,116
Mmadhc,961,1101,924,956
Mmd,1590,1758,1920,1655
Mmd2,3697,2710,3371,2746
Mme,423,528,216,527
Mmel1,57,88,34,56
Mmgt1,70,84,89,31
Mmgt2,539,365,285,311
Mmp10,0,1,0,0
Mmp11,68,81,61,75
Mmp12,3,3,9,1
Mmp13,1,2,0,0
Mmp14,266,135,133,103
Mmp15,247,168,187,157
Mmp16,17656,24637,21518,19712
Mmp17,2262,2449,2470,1843
Mmp19,159,120,113,120
Mmp1b,2,3,0,0
Mmp2,20,27,35,17
Mmp20,2,1,0,2
Mmp21,14,16,22,22
Mmp23,69,137,71,52
Mmp24,2545,3601,2651,2217
Mmp25,4,13,12,16
Mmp27,2,1,0,1
Mmp28,234,158,215,163
Mmp3,1,0,0,0
Mmp7,0,0,0,1
Mmp8,0,1,0,0
Mmp9,25,49,42,33
Mmrn1,10,10,1,5
Mmrn2,453,317,385,386
Mms19,3357,2740,2932,2849
Mms22l,491,491,505,491
Mmut,737,709,623,747
Mn1,884,788,560,663
Mnat1,5673,5836,5292,5154
Mnd1,228,92,89,67
Mndal,104,87,145,101
Mns1,681,639,506,645
Mnt,895,809,812,791
Mnx1,0,0,0,0
Moap1,27,58,23,30
Mob1a,636,669,652,622
Mob1b,2122,2102,1841,1920
Mob2,2044,2051,1939,1530
Mob3a,291,283,311,279
Mob3b,1515,973,1477,989
Mob3c,337,285,298,302
Mob4,3538,3630,3161,3236
Mobp,2054,2784,3541,1624
Mocos,270,168,222,278
Mocs1,495,577,579,489
Mocs2,807,1103,809,899
Mocs3,127,185,124,152
Mog,1997,1873,2952,1878
Mogat1,10,23,9,18
Mogat2,0,2,2,0
Mogs,413,422,293,320
Mok,2646,2374,2131,2547
Mon1a,1396,1400,1290,1266
Mon1b,78,128,96,86
Mon2,6910,7102,6663,5947
Morc1,12,14,17,11
Morc2a,2528,2570,2263,2157
Morc2b,1387,1395,1443,1089
Morc3,2499,2496,2485,2258
Morc4,737,601,473,447
Morf4l1,6127,5779,5430,5308
Morf4l2,897,2336,1218,1584
Morn1,2687,3015,2749,3045
Morn2,1195,1481,1129,1551
Morn3,65,36,50,71
Morn4,583,645,659,610
Morn5,24,24,33,30
Morrbid,241,177,372,312
Mos,0,1,0,1
Mosmo,2829,2745,2505,2441
Mospd1,719,639,620,668
Mospd2,1674,1722,1741,1810
Mospd3,391,444,321,394
Mov10,1122,1115,1216,1138
Mov10l1,155,265,153,157
Moxd1,542,511,643,418
Moxd2,0,0,0,0
Mpc1,5416,5943,5161,4583
Mpc2,1978,2537,1870,1874
Mpdu1,830,877,747,764
Mpdz,4230,5153,5785,4282
Mpeg1,20,20,43,26
Mpg,555,592,603,545
Mphosph10,1031,1083,938,1040
Mphosph6,466,727,501,614
Mphosph8,4275,4380,3565,3820
Mphosph9,5946,6309,5875,5345
Mpi,371,525,364,450
Mpig6b,0,1,0,2
Mpl,23,18,33,15
Mplkip,1067,1159,864,1031
Mpnd,496,606,550,549
Mpo,1,1,0,3
Mpp1,737,972,760,779
Mpp2,2807,2335,2273,1726
Mpp3,1333,1576,1009,897
Mpp4,202,307,224,191
Mpp5,2430,2272,2425,2247
Mpp6,6028,6901,6489,5855
Mpp7,1693,2434,1249,1702
Mppe1,941,1034,826,988
Mpped1,4705,6403,6498,5044
Mpped2,11482,9518,9588,12097
Mprip,12569,11945,11178,10703
Mpst,75,99,81,85
Mptx1,0,0,0,0
Mptx2,0,2,0,0
Mpv17,1869,1700,1807,1499
Mpv17l,2661,3049,2481,2677
Mpv17l2,71,109,77,91
Mpz,9,2,4,4
Mpzl1,2709,2746,2895,2492
Mpzl2,27,13,4,4
Mpzl3,199,332,192,323
Mr1,33,32,42,42
Mrap,6,6,6,6
Mrap2,402,704,611,533
Mras,4258,4532,4560,3679
Mrc1,258,261,468,184
Mrc2,383,355,510,395
Mre11a,1453,1325,1346,1257
Mreg,335,621,324,276
Mrfap1,114,180,204,157
Mrgbp,1003,1226,943,873
Mrgpra1,8,8,9,8
Mrgpra2a,0,2,2,1
Mrgpra2b,13,28,9,12
Mrgpra3,0,0,0,0
Mrgpra4,0,0,0,0
Mrgpra6,14,19,10,11
Mrgpra9,10,10,2,8
Mrgprb1,0,0,0,0
Mrgprb2,0,0,0,0
Mrgprb3,0,0,0,0
Mrgprb4,0,0,0,0
Mrgprb5,0,0,0,0
Mrgprb8,0,0,0,0
Mrgprd,0,9,1,0
Mrgpre,12,28,13,6
Mrgprf,3,19,2,1
Mrgprg,0,0,0,0
Mrgprh,0,0,0,0
Mrgprx1,11,17,5,18
Mrgprx2,1,1,3,3
Mri1,2021,2271,1930,2013
Mrln,50,98,72,56
Mrm1,273,405,343,319
Mrm2,244,340,306,358
Mrm3,685,811,597,802
Mrnip,804,877,911,948
Mro,883,600,725,772
Mroh1,2710,3127,3253,2305
Mroh2a,29,40,24,16
Mroh2b,3,5,4,5
Mroh3,76,54,113,73
Mroh4,9,18,13,11
Mroh5,329,369,411,396
Mroh6,2,2,6,2
Mroh7,349,326,348,374
Mroh8,595,545,461,420
Mroh9,3,0,4,2
Mrpl1,2133,2425,2117,2216
Mrpl10,607,727,604,637
Mrpl11,151,216,190,214
Mrpl12,132,136,241,87
Mrpl13,655,736,609,682
Mrpl14,435,517,378,376
Mrpl15,1118,1248,990,776
Mrpl16,396,501,331,406
Mrpl17,131,230,209,220
Mrpl18,429,554,435,466
Mrpl19,790,813,613,625
Mrpl2,705,960,728,919
Mrpl20,200,311,459,411
Mrpl21,1704,1993,1584,1735
Mrpl22,489,633,510,500
Mrpl23,1036,1358,915,1254
Mrpl24,767,932,749,723
Mrpl27,1028,1202,855,1073
Mrpl28,198,224,262,332
Mrpl3,2821,2978,2570,2815
Mrpl30,174,222,332,318
Mrpl32,252,421,336,86
Mrpl33,1302,1341,1063,1175
Mrpl34,34,89,33,38
Mrpl35,196,352,240,149
Mrpl36,47,194,96,34
Mrpl37,599,689,569,678
Mrpl38,1971,2090,1864,1890
Mrpl39,442,490,373,441
Mrpl4,1897,1951,1632,1810
Mrpl40,693,827,678,792
Mrpl41,329,2979,868,275
Mrpl42,1366,1585,1262,1397
Mrpl43,819,934,734,905
Mrpl44,262,330,223,284
Mrpl45,883,964,833,813
Mrpl46,133,144,223,170
Mrpl47,846,984,780,744
Mrpl48,2361,2597,2248,2008
Mrpl49,114,288,138,187
Mrpl50,97,231,41,55
Mrpl51,380,623,358,331
Mrpl52,823,933,815,1045
Mrpl53,738,1329,935,825
Mrpl54,352,418,288,296
Mrpl55,444,735,439,312
Mrpl57,52,319,56,63
Mrpl58,546,794,513,515
Mrpl9,597,730,574,661
Mrps10,1584,1965,1481,1767
Mrps11,362,514,380,396
Mrps12,104,772,415,340
Mrps14,241,854,562,362
Mrps15,1298,1625,1188,1324
Mrps16,229,410,255,250
Mrps17,141,1545,374,356
Mrps18a,1784,1815,1549,1680
Mrps18b,336,488,358,360
Mrps18c,645,754,599,694
Mrps2,24,105,85,43
Mrps21,1429,1774,1304,1617
Mrps22,537,724,580,650
Mrps23,241,260,269,224
Mrps24,601,788,667,753
Mrps25,1087,1246,888,999
Mrps26,1749,2369,1586,2232
Mrps27,1409,1594,1400,1432
Mrps28,1934,1959,1782,1895
Mrps30,368,439,353,359
Mrps31,617,826,558,768
Mrps33,656,1128,675,968
Mrps34,39,245,112,78
Mrps35,1059,1309,927,1128
Mrps36,837,883,676,743
Mrps5,3754,4679,3304,3909
Mrps6,1313,1479,1390,1055
Mrps7,910,1135,733,940
Mrps9,2797,3146,2644,2678
Mrrf,729,765,740,736
Mrs2,2322,2446,2036,1858
Mrtfa,9522,8586,8883,7901
Mrtfb,18277,17926,14810,16435
Mrto4,335,523,311,399
Mrvi1,148,135,140,136
Ms4a1,3,1,3,6
Ms4a10,0,0,0,2
Ms4a12,2,2,4,2
Ms4a13,1,3,0,2
Ms4a14,11,9,17,13
Ms4a15,63,1,0,0
Ms4a18,0,0,0,1
Ms4a2,1,3,4,3
Ms4a3,0,1,0,4
Ms4a4a,24,40,49,11
Ms4a4b,12,9,14,20
Ms4a4c,5,5,3,5
Ms4a4d,1,5,2,6
Ms4a5,0,0,0,1
Ms4a6b,33,74,78,43
Ms4a6c,36,61,43,47
Ms4a6d,44,29,49,33
Ms4a7,42,44,57,23
Ms4a8a,7,6,0,2
Msantd1,167,187,164,144
Msantd2,3569,4012,3619,3157
Msantd3,718,687,649,612
Msantd4,299,499,356,305
Msc,26,53,51,37
Msgn1,0,0,0,0
Msh2,1588,1669,1470,1428
Msh3,3158,3390,3011,3231
Msh4,117,123,143,95
Msh5,63,54,62,46
Msh6,344,341,265,270
Msi1,1360,1079,1045,984
Msi2,27198,19194,20302,16945
Msl1,2981,2648,2781,2516
Msl2,1905,1998,1749,1796
Msl3,614,708,565,577
Msl3l2,133,285,187,235
Msln,16,21,26,18
Mslnl,59,63,35,15
Msmb,0,2,2,0
Msmo1,1523,1697,1861,1623
Msmp,2,1,1,3
Msn,278,205,391,292
Msr1,21,24,52,19
Msra,21164,21650,19818,18037
Msrb1,127,204,190,139
Msrb2,964,1243,1220,1131
Msrb3,1621,2174,2068,1517
Mss51,400,400,364,299
Mst1,13,13,4,9
Mst1r,34,39,35,41
Mstn,7,8,6,8
Msto1,872,969,826,793
Msx1,40,51,43,33
Msx2,7,9,0,5
Msx3,2,1,1,0
Mt1,966,2012,905,1114
Mt2,257,469,287,288
Mt3,366,682,331,281
Mt4,0,0,0,0
Mta1,1884,1816,1749,1588
Mta2,789,852,763,670
Mta3,4959,5753,6019,4591
Mtag2,44,110,43,44
Mtap,299,340,297,321
Mtbp,382,398,329,372
Mtch1,3213,3548,3089,3009
Mtch2,3743,4384,3476,3400
Mtcl1,6804,8555,6782,5719
Mtcp1,318,384,297,355
Mtdh,9487,9784,8467,8581
Mterf1a,209,481,238,300
Mterf1b,104,179,152,94
Mterf2,733,910,683,942
Mterf3,1307,1571,1164,1409
Mterf4,378,486,318,354
Mtf1,1759,1626,1597,1258
Mtf2,7480,8282,6831,7159
Mtfmt,642,732,642,640
Mtfp1,229,263,258,239
Mtfr1,339,377,331,301
Mtfr1l,861,997,707,653
Mtfr2,119,132,150,136
Mtg1,412,504,381,382
Mtg2,1751,1583,1682,1667
Mthfd1,2232,2308,1996,2148
Mthfd1l,2493,3035,2625,2059
Mthfd2,687,658,666,651
Mthfd2l,1247,1232,1082,1084
Mthfr,1330,1542,1508,1307
Mthfs,2208,2140,2432,2094
Mthfsd,1353,1602,1488,1441
Mthfsl,1002,1234,1051,1073
Mtif2,5187,5231,4678,4692
Mtif3,826,1046,852,1124
Mtln,647,883,589,740
Mtm1,2703,3131,2761,2433
Mtmr1,3439,3733,3315,3220
Mtmr10,1727,1968,2036,1732
Mtmr11,515,344,236,206
Mtmr12,4005,5045,4793,3865
Mtmr14,1205,1157,1114,1057
Mtmr2,1599,1914,1768,1493
Mtmr3,9335,8943,9234,7562
Mtmr4,1371,1388,1347,1290
Mtmr6,2735,2716,2434,2346
Mtmr7,3749,4737,3962,4019
Mtmr9,848,1097,926,975
Mtnr1a,2,12,7,4
Mtnr1b,6,3,5,7
Mto1,1706,1875,1598,1684
Mtor,4516,3954,4279,3655
Mtpap,1598,1737,1493,1536
Mtpn,1394,1478,1301,1438
Mtr,1728,1833,1644,1576
Mtrex,2953,3275,2755,2948
Mtrf1,346,404,396,426
Mtrf1l,926,976,921,892
Mtrr,299,371,311,308
Mtss1,4486,4763,4833,3879
Mtss2,3607,3063,3380,2980
Mttp,1788,1970,1630,2097
Mturn,677,810,716,561
Mtus1,1523,1575,1326,1129
Mtus2,12158,14604,11986,10412
Mtx1,982,1099,849,977
Mtx2,2777,2903,2487,2622
Mtx3,1012,1037,788,942
Muc1,20,7,22,16
Muc13,4,5,7,4
Muc15,495,334,294,328
Muc16,2,8,8,5
Muc19,98,118,118,140
Muc2,5,12,8,11
Muc20,0,1,0,1
Muc3,0,2,3,2
Muc3a,801,804,551,646
Muc4,0,1,4,1
Muc5ac,1,0,0,0
Muc5b,12,9,8,6
Muc6,60,33,39,32
Mucl1,1,0,1,0
Mucl2,5,13,15,7
Mucl3,5,10,9,8
Mug1,2,0,2,0
Mug2,0,0,1,0
Mul1,500,692,391,497
Mup1,0,0,0,0
Mup10,0,0,0,0
Mup11,0,0,0,0
Mup12,0,0,0,0
Mup13,0,0,0,0
Mup14,0,0,0,0
Mup15,0,0,0,0
Mup16,0,0,0,0
Mup17,0,0,0,0
Mup18,0,0,0,0
Mup19,0,0,0,0
Mup2,1,2,0,2
Mup20,0,0,0,0
Mup21,0,2,0,0
Mup22,0,0,0,0
Mup3,0,0,0,1
Mup4,0,0,0,0
Mup5,0,0,0,2
Mup6,6,5,5,4
Mup7,0,0,0,0
Mup8,0,0,0,0
Mup9,0,0,0,0
Mus81,1295,1266,1147,1400
Musk,30,25,21,23
Mustn1,6,11,14,17
Mutyh,132,123,121,110
Mvb12a,943,1131,965,912
Mvb12b,5454,4899,5303,4481
Mvd,389,328,507,353
Mvk,393,343,457,393
Mvp,677,716,881,698
Mxd1,879,881,758,813
Mxd3,25,25,22,21
Mxd4,2326,2136,2060,1767
Mxi1,4872,3941,3391,2752
Mxra7,310,355,298,224
Mxra8,61,136,81,94
Mxra8os,0,1,1,0
Myadm,315,497,355,222
Myadml2,18,34,5,4
Myadml2os,262,244,160,250
Myb,87,95,75,110
Mybbp1a,888,1026,876,780
Mybl1,150,185,179,104
Mybl2,203,187,179,170
Mybpc1,155,582,272,267
Mybpc2,24,14,13,26
Mybpc3,15,37,15,11
Mybph,10,15,17,8
Mybphl,24,30,32,24
Myc,13,34,29,6
Mycbp,3128,3641,2943,3325
Mycbp2,34610,44991,35839,37345
Mycbpap,176,257,202,195
Mycl,20,12,26,15
Mycn,64,77,72,68
Mycs,0,0,0,0
Myct1,26,27,21,42
Myd88,24,40,43,24
Mydgf,680,811,558,634
Myef2,7555,8754,7019,7192
Myf5,1,3,0,3
Myf6,0,0,1,1
Myg1,502,581,466,406
Myh1,2,13,12,10
Myh10,6815,7533,6842,6698
Myh11,59,88,115,80
Myh13,3,7,12,3
Myh14,840,925,956,801
Myh15,37,24,31,26
Myh2,7,22,13,23
Myh3,7,17,12,14
Myh4,2,11,10,12
Myh6,163,110,159,116
Myh7,145,98,110,152
Myh7b,165,222,174,173
Myh8,4,18,7,13
Myh9,3546,3138,3459,2881
Myhas,8,31,13,13
Myl1,169,137,105,101
Myl10,0,0,0,0
Myl12a,128,247,174,147
Myl12b,2431,2858,2450,2502
Myl2,16,7,7,14
Myl3,31,30,36,28
Myl4,154,194,206,198
Myl6,1088,1819,2049,1539
Myl6b,69,113,72,68
Myl7,2,3,0,1
Myl9,92,112,99,103
Mylip,1068,1341,1532,1335
Mylk,297,337,373,339
Mylk2,0,0,0,0
Mylk3,143,128,105,113
Mylk4,25,31,35,23
Mylpf,21,28,23,26
Mymk,0,2,1,0
Mymx,0,0,0,0
Mynn,1317,1321,1166,1350
Myo10,3450,2137,2550,2727
Myo15,191,175,187,155
Myo15b,32,28,19,31
Myo16,20851,8569,8356,7788
Myo18a,8414,8255,8943,6952
Myo18b,140,90,158,116
Myo19,1180,1512,1290,1056
Myo1a,61,62,72,45
Myo1b,2634,2937,2879,3328
Myo1c,886,1085,1005,849
Myo1d,3888,3766,4902,3922
Myo1e,2493,2104,3108,2190
Myo1f,379,186,1046,589
Myo1g,13,9,29,17
Myo1h,77,99,89,97
Myo3a,47,83,55,30
Myo3b,713,433,361,582
Myo5a,12626,14734,12963,12453
Myo5b,1332,1163,1518,1783
Myo5c,593,731,579,545
Myo6,7974,7205,7904,6819
Myo7a,245,237,254,203
Myo7b,7,4,4,5
Myo9a,15985,17505,16212,14774
Myo9b,4976,5013,5040,3953
Myoc,525,418,241,192
Myocd,168,177,155,189
Myocos,4,2,5,2
Myod1,2,1,1,0
Myof,239,228,305,218
Myog,3,1,3,4
Myom1,202,196,328,255
Myom2,1,4,6,6
Myom3,47,18,30,25
Myorg,90,104,54,58
Myot,1,2,1,16
Myoz1,1,4,2,2
Myoz2,13,19,15,12
Myoz3,7,14,13,4
Mypn,307,468,563,509
Mypop,765,714,579,462
Mypopos,107,81,101,70
Myrf,500,413,738,335
Myrfl,58,57,55,52
Myrip,6352,8146,8517,7094
Mysm1,7423,7978,7169,7335
Myt1,1948,1919,1696,1595
Myt1l,39372,42385,34084,35847
Myzap,72,87,91,81
Mzb1,12,6,5,6
Mzf1,800,714,804,840
Mzt1,891,997,803,726
Mzt2,165,225,183,211
N4bp1,2780,2817,2695,2584
N4bp2,1505,1183,1037,1197
N4bp2l1,4050,4819,4210,3520
N4bp2l2,8128,8593,7072,6991
N4bp2os,75,91,67,54
N4bp3,69,132,131,121
N6amt1,723,798,634,678
Naa10,503,651,456,428
Naa11,25,77,103,86
Naa15,4924,4765,4585,4224
Naa16,3603,3635,3364,2929
Naa20,2975,3286,2503,2831
Naa25,1857,1918,1821,1762
Naa30,891,1090,773,674
Naa35,3545,3899,3521,3603
Naa38,12,46,16,18
Naa40,4460,4032,4374,3769
Naa50,1304,1299,955,1176
Naa60,1511,1518,1315,1457
Naa80,75,129,84,66
Naaa,482,477,474,475
Naalad2,145,147,186,137
Naaladl1,13,7,10,8
Naaladl2,13849,16949,12947,11354
Nab1,2037,2168,1784,1765
Nab2,612,498,443,483
Nabp1,255,399,361,446
Nabp2,1115,1115,1075,951
Naca,1424,1494,1490,1599
Nacad,231,279,254,215
Nacc1,1028,950,919,864
Nacc2,1437,946,897,657
Nadk,2491,2405,2372,2070
Nadk2,1302,1337,1221,1178
Nadsyn1,532,585,551,524
Nae1,3709,4924,3480,3543
Naf1,1232,1272,954,1322
Naga,351,371,369,326
Nagk,2353,2525,2739,3013
Naglu,172,224,226,243
Nagpa,306,359,294,289
Nags,0,0,1,0
Naif1,32,37,36,44
Naip1,38,42,43,51
Naip2,57,34,139,116
Naip5,46,32,103,59
Naip6,31,24,82,48
Nalcn,16760,17072,14778,15195
Nampt,1487,1676,1561,1458
Nanog,0,3,1,2
Nanos1,252,284,188,297
Nanos2,51,92,78,43
Nanos3,221,234,175,155
Nanp,8,50,61,44
Nans,85,74,78,78
Nap1l1,5288,5254,4168,4754
Nap1l2,12,127,75,60
Nap1l3,410,797,449,609
Nap1l4,2851,2891,2516,2431
Nap1l5,358,1629,507,382
Napa,2167,2481,2090,1804
Napb,5117,5024,4223,4091
Napepld,1150,1560,1161,1215
Napg,4371,5331,4005,4357
Naprt,95,70,83,55
Napsa,98,118,119,107
Narf,3003,3306,3015,2758
Nars,2596,3382,2311,2475
Nars2,2603,2666,2525,2282
Nasp,2045,2011,1765,1668
Nat1,25,16,16,26
Nat10,1093,1076,1104,1095
Nat14,88,311,244,80
Nat2,25,25,19,20
Nat3,0,0,2,0
Nat8,23,20,25,19
Nat8f1,88,175,122,97
Nat8f2,6,4,4,7
Nat8f3,376,240,330,332
Nat8f4,59,48,36,33
Nat8f5,26,29,28,27
Nat8f6,168,115,111,89
Nat8f7,46,26,22,22
Nat8l,775,515,616,482
Nat9,259,328,271,299
Natd1,527,484,563,467
Nav1,12211,12922,13627,10261
Nav2,60791,43303,47607,36443
Nav3,80296,95025,83843,71861
Naxd,3056,3244,2598,3019
Naxe,883,1081,783,859
Nbas,7071,7463,7829,6750
Nbdy,708,844,693,716
Nbea,46245,54584,51385,47294
Nbeal1,7742,8569,7798,6933
Nbeal2,348,343,363,278
Nbl1,129,154,130,100
Nbn,799,949,840,913
Nbr1,4596,4081,4114,3791
Ncald,14949,18471,16743,13882
Ncam1,30272,28330,29086,25452
Ncam2,45688,42112,42910,37340
Ncan,2846,2846,2760,2829
Ncapd2,984,1032,992,898
Ncapd3,5341,6311,5170,6039
Ncapg,60,75,58,54
Ncapg2,649,646,695,641
Ncaph,54,70,60,69
Ncaph2,1383,1462,1387,1229
Ncbp1,2015,2349,2006,1989
Ncbp2,882,1105,809,899
Ncbp3,3117,2221,2196,1796
Nccrp1,1,0,0,0
Ncdn,795,304,853,683
Nceh1,2476,3294,2658,2550
Ncf1,139,83,208,123
Ncf2,266,175,315,220
Ncf4,20,10,23,24
Nck1,2348,2425,1933,2074
Nck2,3840,3707,3607,3003
Nckap1,12531,13165,12468,11061
Nckap1l,241,169,480,325
Nckap5,7172,5314,9452,6410
Nckap5l,1633,1337,1461,1138
Nckap5los,172,177,151,156
Nckipsd,756,773,863,691
Ncl,3448,3731,2775,3721
Ncln,1245,1308,1185,1081
Ncmap,182,164,170,182
Ncoa1,17286,17138,16486,14851
Ncoa2,16053,15684,15637,13737
Ncoa3,4084,3453,3702,3099
Ncoa4,732,754,754,731
Ncoa5,5602,5608,4941,4986
Ncoa6,5038,5172,5136,4396
Ncoa7,10674,12905,10043,9949
Ncor1,16334,15967,15177,13862
Ncor2,5186,4498,4541,3513
Ncr1,2,0,1,1
Ncs1,3616,3236,3254,2684
Ncstn,1728,1707,1721,1630
Nctc1,12,14,13,12
Ndc1,674,706,540,567
Ndc80,38,35,44,36
Nde1,282,228,353,229
Ndel1,3414,3042,3057,2847
Ndfip1,9388,11012,10402,11097
Ndfip2,5748,7006,4750,5379
Ndn,18,131,51,27
Ndnf,992,660,568,506
Ndor1,1537,1684,1622,1459
Ndp,118,71,106,79
Ndrg1,930,908,1225,711
Ndrg2,2037,1580,1801,1175
Ndrg3,8049,9429,7491,6517
Ndrg4,12933,10746,9159,10489
Ndst1,1828,1923,1912,1763
Ndst2,800,862,816,786
Ndst3,8779,14541,10534,8616
Ndst4,11676,11857,3694,6954
Ndufa1,89,131,114,84
Ndufa10,2749,3141,2577,2750
Ndufa11,95,169,113,72
Ndufa12,836,976,838,854
Ndufa13,214,501,264,168
Ndufa2,138,225,223,133
Ndufa3,112,233,224,62
Ndufa4,156,452,165,146
Ndufa4l2,93,152,103,117
Ndufa5,261,336,378,327
Ndufa6,344,648,369,276
Ndufa7,523,362,725,395
Ndufa8,127,290,323,194
Ndufa9,1122,1233,1003,1115
Ndufab1,767,848,873,643
Ndufaf1,310,444,321,370
Ndufaf2,2598,2971,2642,2473
Ndufaf3,130,396,286,278
Ndufaf4,1234,2009,1157,1197
Ndufaf5,1863,2095,1653,1636
Ndufaf6,1567,1765,1578,1521
Ndufaf7,3739,4248,3361,4087
Ndufaf8,51,93,74,49
Ndufb1-ps,1668,1948,1536,1686
Ndufb10,225,355,254,188
Ndufb11,93,282,130,112
Ndufb2,1297,1224,1070,923
Ndufb3,634,1158,750,658
Ndufb4,133,269,267,161
Ndufb5,483,528,665,527
Ndufb6,173,130,318,57
Ndufb7,111,232,119,119
Ndufb8,213,359,536,330
Ndufb9,292,924,838,1106
Ndufc1,147,139,166,117
Ndufc2,359,606,612,346
Ndufs1,4984,4823,4267,4082
Ndufs2,1295,1530,1107,1031
Ndufs3,3020,2985,2395,2602
Ndufs4,7065,7730,5578,6005
Ndufs5,606,622,755,474
Ndufs6,74,86,72,73
Ndufs7,667,775,709,758
Ndufs8,187,188,237,287
Ndufv1,891,1150,842,927
Ndufv2,2689,2673,2230,2258
Ndufv3,783,787,740,813
Neat1,3491,3952,5955,3233
Neb,475,507,295,280
Nebl,22243,21230,20661,19629
Necab1,7668,7639,7603,8779
Necab2,1147,980,1178,1266
Necab3,2911,2567,2623,2591
Necap1,838,940,744,782
Necap2,1382,1644,1304,1385
Nectin1,2455,2156,1682,1052
Nectin2,172,188,219,152
Nectin3,3018,2788,2461,2589
Nectin4,44,80,65,32
Nedd1,423,436,434,393
Nedd4,13727,12819,12816,10923
Nedd4l,19041,21604,18534,16920
Nedd8,954,965,1083,882
Nedd9,965,887,1073,959
Nefh,63,112,110,76
Nefl,202,197,429,313
Nefm,346,784,394,306
Negr1,106743,99041,77197,77160
Neil1,772,814,750,686
Neil2,146,189,187,207
Neil3,18,11,19,15
Nek1,6669,7636,7585,6524
Nek10,960,1264,1545,1637
Nek11,342,402,435,430
Nek2,17,13,16,18
Nek3,377,396,379,334
Nek4,1186,1355,1214,1206
Nek5,21,14,29,23
Nek6,701,675,865,725
Nek7,2146,1654,2239,1520
Nek8,150,101,131,102
Nek9,3726,3540,3534,3329
Nelfa,1416,1452,1218,1205
Nelfb,1802,1848,1774,1484
Nelfcd,446,434,422,369
Nelfe,663,608,650,544
Nell1,14115,13345,10230,10268
Nell1os,827,732,575,616
Nell2,16804,22890,18172,17406
Nemf,6456,6455,5976,5629
Nemp1,901,870,772,739
Nemp2,760,885,725,715
Nenf,183,321,441,318
Neo1,9211,8498,8692,7837
Nepn,5,3,2,5
Nepro,279,248,247,248
Nes,130,99,111,152
Net1,386,612,523,584
Neto1,11927,12327,11166,11329
Neto2,5151,5063,3740,3701
Neu1,777,1130,732,682
Neu2,543,572,579,485
Neu3,39,74,62,71
Neu4,135,175,321,168
Neurl1a,3156,3845,3526,3180
Neurl1b,1252,936,1039,997
Neurl2,37,35,41,52
Neurl3,29,17,59,31
Neurl4,1478,1532,1323,1169
Neurod1,67,149,72,42
Neurod2,757,1454,1247,769
Neurod4,21,31,15,29
Neurod6,584,1204,992,813
Neurog1,2,1,2,0
Neurog2,2,3,1,1
Neurog3,0,1,3,4
Nexmif,5844,5515,4980,4510
Nexn,822,750,670,1144
Nf1,15967,15767,14909,12680
Nf2,2781,2725,2913,2584
Nfam1,159,104,177,131
Nfasc,12418,13742,14153,10680
Nfat5,13855,13201,13507,12138
Nfatc1,490,153,426,272
Nfatc2,863,842,901,916
Nfatc2ip,314,357,276,274
Nfatc3,3911,3592,3597,3266
Nfatc4,26,18,26,17
Nfe2,0,0,3,1
Nfe2l1,817,1007,998,1003
Nfe2l2,597,439,663,646
Nfe2l3,1055,1047,1299,1267
Nfia,17902,17009,16704,13802
Nfib,19466,20946,21988,17528
Nfic,2357,2544,2330,1868
Nfil3,250,202,166,208
Nfix,5491,5904,6957,4128
Nfkb1,5221,4919,5090,4429
Nfkb2,347,463,281,324
Nfkbia,332,525,495,329
Nfkbib,236,278,191,188
Nfkbid,269,268,212,260
Nfkbie,12,25,29,13
Nfkbil1,365,367,362,319
Nfkbiz,667,765,893,735
Nfrkb,3089,2824,2768,2521
Nfs1,2433,2574,2202,2248
Nfu1,1355,1445,1334,1323
Nfx1,7380,8217,6804,7689
Nfxl1,1416,1723,1272,1244
Nfya,612,508,525,490
Nfyb,840,976,806,873
Nfyc,6194,5604,5232,4665
Ngb,40,69,42,67
Ngdn,722,793,658,676
Ngef,4100,3895,3738,4600
Ngf,280,296,292,203
Ngfr,11,15,18,19
Ngly1,2004,2292,1945,2173
Ngp,12,11,23,16
Ngrn,543,904,619,550
Nhej1,350,366,380,311
Nhlh1,0,2,1,1
Nhlh2,8,37,11,4
Nhlrc1,32,102,18,46
Nhlrc2,3733,3328,3379,2962
Nhlrc3,513,610,536,550
Nhlrc4,4,2,3,2
Nhp2,19,105,74,118
Nhs,4857,4646,3191,3960
Nhsl1,3655,2334,2812,1819
Nhsl2,5969,5329,4648,4381
Nicn1,746,859,677,687
Nid1,178,127,152,130
Nid2,172,50,140,149
Nif3l1,1193,1207,994,1065
Nifk,404,481,421,526
Nim1k,3674,2708,2939,2858
Nin,9851,10221,11223,9851
Ninj1,51,106,96,48
Ninj2,1322,985,1852,981
Ninl,960,964,1039,1117
Nip7,595,564,453,565
Nipa1,4401,4586,4425,3942
Nipa2,2282,2452,1916,2306
Nipal1,2,0,1,0
Nipal2,3818,4493,3552,3788
Nipal3,1392,1465,1275,1322
Nipal4,216,140,234,158
Nipbl,11874,11541,10537,9229
Nipsnap1,3312,3541,3298,3317
Nipsnap2,4336,4307,3868,4083
Nipsnap3a,0,0,1,0
Nipsnap3b,144,168,231,200
Nisch,8144,8178,7885,6956
Nit1,1855,2113,1800,1778
Nit2,227,297,261,311
Nkain1,1373,1537,1882,1098
Nkain2,143532,150309,147269,141129
Nkain3,11357,10144,11472,11279
Nkain4,499,572,515,489
Nkap,1527,1473,1287,1395
Nkapd1,773,845,698,728
Nkapl,143,200,148,185
Nkd1,441,257,346,265
Nkd2,73,94,108,63
Nkg7,0,0,0,1
Nkiras1,1423,1944,1283,1273
Nkiras2,176,244,200,259
Nkpd1,9,11,9,7
Nkrf,251,330,225,256
Nktr,12517,15089,11270,11210
Nkx1-1,0,0,0,0
Nkx1-2,0,0,1,0
Nkx2-1,12,5,6,16
Nkx2-2,194,139,261,205
Nkx2-2os,738,458,785,533
Nkx2-3,0,0,1,7
Nkx2-4,0,0,0,2
Nkx2-5,0,0,0,1
Nkx2-6,0,0,0,0
Nkx2-9,4,7,12,7
Nkx3-1,1,7,4,3
Nkx3-2,0,0,0,0
Nkx6-1,3,6,4,2
Nkx6-2,100,156,165,107
Nkx6-3,12,24,8,11
Nle1,841,859,798,922
Nlgn1,141698,158554,138775,131656
Nlgn2,2374,2402,2082,1731
Nlgn3,2024,2143,1847,1811
Nlk,20528,18354,17486,15208
Nln,2823,3443,3611,3246
Nlrc3,623,540,510,655
Nlrc4,98,76,126,93
Nlrc5,56,29,179,113
Nlrp10,8,6,5,4
Nlrp12,18,20,21,11
Nlrp14,0,0,0,0
Nlrp1a,22,14,40,20
Nlrp1b,110,54,181,129
Nlrp2,0,0,0,2
Nlrp3,25,22,64,41
Nlrp4a,1,0,0,0
Nlrp4b,0,0,2,0
Nlrp4c,11,6,5,7
Nlrp4e,0,2,0,0
Nlrp4f,4,1,2,4
Nlrp5,5,4,3,3
Nlrp6,15,19,17,21
Nlrp9a,1,0,0,0
Nlrp9b,8,1,4,6
Nlrp9c,1,2,1,1
Nlrx1,184,194,175,217
Nmb,209,206,207,181
Nmbr,150,245,87,139
Nmd3,1860,1913,1691,1764
Nme1,434,308,784,339
Nme2,271,381,452,375
Nme3,26,65,41,57
Nme4,236,374,268,303
Nme5,769,823,844,816
Nme6,446,455,432,459
Nme7,5424,5028,4340,4732
Nme8,15,12,8,6
Nme9,23,21,20,35
Nmi,223,182,242,175
Nmnat1,286,312,276,284
Nmnat2,11005,13674,12240,9518
Nmnat3,696,552,734,945
Nmral1,94,122,161,145
Nmrk1,820,799,869,735
Nmrk2,16,9,3,10
Nms,2,1,2,2
Nmt1,3832,3877,3495,3320
Nmt2,6712,6770,5580,5034
Nmu,6,8,8,11
Nmur1,67,42,56,45
Nmur2,187,230,126,107
Nnat,5777,5224,5432,6801
Nnmt,29,26,53,44
Nnt,409,368,346,372
Nnt.1,0,0,0,0
Noa1,529,489,536,520
Nob1,2276,2223,2153,2034
Nobox,2,0,3,1
Noc2l,1803,1779,1848,1483
Noc3l,1286,1434,1213,1194
Noc4l,255,248,240,192
Noct,1766,1512,1241,1271
Nod1,223,176,293,212
Nod2,37,20,28,49
Nodal,9,9,16,9
Nog,33,16,14,7
Nol10,2727,2698,2489,2469
Nol11,2436,2372,2029,2210
Nol12,360,457,334,367
Nol3,248,267,188,225
Nol4,19402,20345,16368,13368
Nol4l,5436,5876,6726,4865
Nol6,528,628,513,501
Nol7,856,988,774,884
Nol8,1222,1199,1148,1270
Nol9,1018,1046,1032,961
Nolc1,772,894,658,822
Nom1,1995,2144,1733,1959
Nomo1,1061,1120,1066,882
Nono,2289,2164,1991,2129
Nop10,182,291,207,137
Nop14,994,1058,944,1076
Nop16,110,129,115,68
Nop2,604,581,532,506
Nop53,545,441,469,449
Nop56,2517,2741,2612,2329
Nop58,1770,1898,1740,1669
Nop9,554,549,567,529
Nos1,1471,1194,1305,1085
Nos1ap,11971,14048,13439,11331
Nos2,20,8,14,14
Nos3,204,255,258,203
Nosip,597,592,567,541
Nostrin,658,479,613,518
Notch1,962,481,846,675
Notch2,1843,752,1055,838
Notch3,946,794,934,970
Notch4,66,49,91,58
Noto,0,1,0,0
Notum,182,126,177,162
Notumos,11,12,11,9
Nova1,4625,5684,3410,3743
Nova2,5484,4790,5540,4417
Nox1,1315,1407,998,1138
Nox3,54,23,20,16
Nox4,124,156,176,254
Noxa1,0,0,0,0
Noxo1,121,136,158,128
Noxred1,315,300,318,256
Npas1,238,365,471,294
Npas2,9671,9563,10610,11469
Npas3,28336,24517,34095,21964
Npas4,423,385,635,721
Npat,2965,3175,2906,2627
Npb,10,19,8,2
Npbwr1,1,0,2,0
Npc1,2476,2428,2549,2038
Npc1l1,41,40,38,11
Npc2,496,758,798,741
Npdc1,2654,3328,2542,2013
Npepl1,347,258,378,255
Npepps,11356,10761,11352,9239
Npff,144,174,164,112
Npffr1,115,79,98,82
Npffr2,820,69,11,142
Nphp1,1167,1115,1141,1121
Nphp3,1302,1307,1306,1198
Nphp4,2761,2917,3153,2677
Nphs1,92,74,103,67
Nphs1os,9,6,9,9
Nphs2,2,5,4,3
Npl,618,466,546,503
Nploc4,4341,4055,4674,3530
Npm1,1715,1577,1598,1877
Npm2,61,78,86,75
Npm3,193,244,194,166
Npn2,0,0,0,0
Npnt,481,548,362,318
Nppa,31,16,16,15
Nppb,1,2,1,1
Nppc,38,68,58,50
Npr1,67,67,57,31
Npr2,1242,1267,1141,1076
Npr3,622,850,947,670
Nprl2,810,799,727,746
Nprl3,2565,2667,2556,2827
Nps,2,7,9,2
Npsr1,1101,1676,1274,1560
Nptn,18106,19146,16091,16452
Nptx1,601,836,755,688
Nptx2,434,343,248,419
Nptxr,2144,2535,2027,1947
Npvf,2,2,0,2
Npw,2,3,1,0
Npy,60,441,139,193
Npy1r,503,811,543,550
Npy2r,101,93,123,114
Npy4r,0,0,0,0
Npy5r,464,527,325,624
Npy6r,0,0,0,0
Nqo1,110,91,116,115
Nqo2,546,510,536,601
Nr0b1,0,0,0,0
Nr0b2,1,3,5,2
Nr1d1,999,1064,947,915
Nr1d2,3605,4408,3247,3150
Nr1h2,748,708,765,546
Nr1h3,112,131,116,97
Nr1h4,16,9,11,7
Nr1h5,1,5,7,2
Nr1i2,3,5,6,7
Nr1i3,61,93,70,98
Nr2c1,1690,1765,1587,1657
Nr2c2,7115,6826,6483,6403
Nr2c2ap,320,354,319,349
Nr2e1,375,171,375,287
Nr2e3,0,5,3,2
Nr2f1,2378,2556,2255,1844
Nr2f2,855,835,1050,679
Nr2f6,253,383,273,309
Nr3c1,6263,6839,6351,5432
Nr3c2,16116,15941,14865,12834
Nr4a1,2742,2681,2257,1878
Nr4a2,655,1195,1092,1232
Nr4a3,1324,809,629,639
Nr5a1,3,2,5,8
Nr5a1os,8,7,8,14
Nr5a2,11,6,12,7
Nr6a1,10124,10674,10261,8757
Nr6a1os,1797,1883,1736,1609
Nradd,104,94,81,79
Nrap,54,57,63,61
Nrarp,113,79,93,74
Nras,1205,1090,1113,1085
Nrbf2,550,653,579,584
Nrbp1,2025,2122,1935,1594
Nrbp2,5402,5618,6544,3993
Nrcam,34246,33320,32066,27480
Nrd1,9793,9712,9069,8780
Nrde2,588,632,615,659
Nrep,905,915,511,627
Nrf1,6604,6188,6127,5272
Nrg1,128334,130527,116935,113260
Nrg2,10949,10685,8807,8293
Nrg3,174465,216083,190954,162833
Nrg3os,16926,21783,16608,19168
Nrg4,574,770,657,750
Nrgn,3215,4604,3547,3221
Nrip1,4410,4571,3723,3324
Nrip2,764,866,676,566
Nrip3,3522,1454,1380,1168
Nrk,8,14,3,9
Nrl,12,9,11,9
Nrm,21,33,21,29
Nrn1,2028,3337,2129,1837
Nrn1l,21,24,15,14
Nron,83,76,89,62
Nrp1,4233,5240,6688,4957
Nrp2,4361,3502,3587,4861
Nrros,532,436,697,502
Nrsn1,1847,1597,1109,1263
Nrsn2,234,303,197,222
Nrtn,18,20,22,20
Nrxn1,196268,223139,190627,167581
Nrxn2,11666,10513,10164,7442
Nrxn3,275628,205890,189244,189215
Nsa2,1149,1309,992,1062
Nsd1,20236,18277,17941,15976
Nsd2,7206,7903,6426,6110
Nsd3,15249,15975,14993,13425
Nsdhl,1066,994,1231,975
Nsf,19320,19532,18013,15519
Nsfl1c,1075,1194,1060,970
Nsg1,1085,813,977,900
Nsg2,7605,6752,6105,7401
Nsl1,30,16,25,28
Nsmaf,4401,4791,3640,3443
Nsmce1,353,390,375,390
Nsmce2,9422,9693,9572,8767
Nsmce3,89,593,376,224
Nsmce4a,131,131,155,103
Nsmf,4357,4083,4748,4153
Nsrp1,1409,1354,1184,1120
Nsun2,3415,3845,3618,2956
Nsun3,414,542,446,567
Nsun4,453,460,453,478
Nsun5,759,826,697,668
Nsun6,1921,2438,1936,2214
Nsun7,1985,1983,1649,1988
Nt5c,773,1376,933,1029
Nt5c1a,100,100,77,93
Nt5c1b,3,5,3,6
Nt5c2,10606,10059,9614,8770
Nt5c3,1394,1715,1488,1272
Nt5c3b,1130,1372,1200,1106
Nt5dc1,2159,2066,2110,2278
Nt5dc2,27,19,23,16
Nt5dc3,2268,2784,2436,2179
Nt5e,948,681,566,754
Nt5m,1428,1640,1318,1228
Ntan1,3155,3107,2804,2775
Ntf3,301,487,599,474
Ntf5,4,7,5,4
Nthl1,157,136,131,97
Ntm,100284,100423,87574,75013
Ntmt1,1454,1547,1505,1353
Ntn1,951,863,749,1505
Ntn3,362,383,359,373
Ntn4,1982,1495,668,623
Ntn5,132,267,196,140
Ntng1,16261,19997,12958,15115
Ntng2,3306,3287,3747,2707
Ntpcr,193,255,265,214
Ntrk1,9,3,2,17
Ntrk2,32235,34875,29463,23066
Ntrk3,25026,28778,25694,22612
Nts,2,51,15,17
Ntsr1,257,277,357,287
Ntsr2,1576,1312,1245,1029
Nuak1,2895,3674,3515,2443
Nuak2,68,104,65,93
Nub1,4024,4023,3689,3902
Nubp1,609,672,599,565
Nubp2,94,150,93,154
Nubpl,1071,1013,1097,1136
Nucb1,1365,1458,1351,1175
Nucb2,907,1038,908,1167
Nucks1,2292,1836,2108,2139
Nudc,1011,1152,956,958
Nudcd1,1657,1990,1653,1545
Nudcd2,893,1102,846,934
Nudcd3,6704,7388,6018,5845
Nudt1,203,269,288,235
Nudt10,29,230,30,9
Nudt11,240,258,223,254
Nudt12,190,213,146,129
Nudt12os,10,12,8,11
Nudt13,1840,1762,1618,1489
Nudt14,85,115,72,30
Nudt15,29,24,31,27
Nudt16,193,214,169,197
Nudt16l1,399,627,372,366
Nudt16l2,0,0,0,0
Nudt17,74,114,91,97
Nudt18,97,140,174,52
Nudt19,281,420,267,372
Nudt2,347,482,405,430
Nudt21,1575,1607,1491,1458
Nudt22,102,102,99,89
Nudt3,3938,3897,3332,2941
Nudt4,1185,1273,954,949
Nudt5,2768,2999,2436,2712
Nudt6,239,293,281,288
Nudt7,218,186,234,223
Nudt8,86,124,72,112
Nudt9,605,762,599,617
Nuf2,15,30,22,19
Nufip1,1325,1495,1331,1530
Nufip2,3703,4423,3462,3221
Nuggc,6,5,4,10
Numa1,5136,4973,4537,4000
Numb,12731,12686,11049,10456
Numbl,1915,1922,1849,1524
Nup107,1258,1281,1306,1266
Nup133,987,1052,1001,868
Nup153,2502,2464,2100,2109
Nup155,1660,1776,1629,1496
Nup160,2726,2608,2504,2279
Nup188,2134,2008,2137,1809
Nup205,2320,2601,2458,2200
Nup210,1965,2021,1941,1877
Nup210l,329,321,382,382
Nup214,3749,3560,3831,3367
Nup35,1524,1751,1614,1584
Nup37,564,595,469,670
Nup43,737,705,603,641
Nup50,1159,1302,1031,1172
Nup54,1160,1263,1065,1123
Nup62,57,49,92,39
Nup62cl,6,5,7,4
Nup85,1096,1276,1054,991
Nup88,1684,1860,1753,1824
Nup93,5949,5943,5858,6765
Nup98,6652,6220,6093,5627
Nupl2,1238,1245,1192,1194
Nupr1,91,74,72,44
Nupr1l,57,73,76,96
Nus1,1100,1178,971,965
Nusap1,583,481,519,439
Nutf2,744,716,721,715
Nutf2-ps1,10,10,18,8
Nutm1,10,14,16,14
Nutm2,0,0,0,0
Nvl,9004,10660,8582,9165
Nwd1,3033,1820,2474,1771
Nwd2,9544,11671,10548,8593
Nxf1,1991,2129,2000,1626
Nxf2,4,7,6,5
Nxf3,8,3,10,5
Nxf7,65,48,26,54
Nxn,2311,1809,1739,1248
Nxnl1,3,1,3,0
Nxnl2,14,15,20,7
Nxpe2,1141,1106,1135,1257
Nxpe3,1530,1962,1782,1633
Nxpe4,6233,6862,7929,7072
Nxpe5,10,4,9,18
Nxph1,22428,17987,20967,14063
Nxph2,188,190,268,309
Nxph3,21,88,57,38
Nxph4,62,98,17,10
Nxt1,434,544,414,539
Nxt2,86,141,117,178
Nyap1,774,973,881,783
Nyap2,13183,14889,12889,12157
Nynrin,271,283,239,243
Nyx,23,34,25,22
OR5BS1P,2,0,0,1
Oacyl,495,481,437,658
Oaf,212,131,167,149
Oard1,160,207,193,151
Oas1a,13,6,30,12
Oas1c,41,63,64,89
Oas1d,0,0,0,0
Oas1e,1,0,0,1
Oas1f,0,0,1,0
Oas1g,0,0,3,1
Oas1h,0,0,0,1
Oas2,32,32,34,39
Oas3,2,10,6,1
Oasl1,2,6,15,8
Oasl2,88,57,197,142
Oat,108,147,196,83
Oaz1,2078,2090,2264,2450
Oaz2,1879,1830,1640,1557
Oaz3,225,190,175,154
Obox1,7,4,7,2
Obox2,0,0,0,0
Obox3,2,5,4,3
Obox4-ps35,0,0,0,0
Obox5,0,0,0,0
Obox6,0,0,0,0
Obox7,0,0,2,0
Obox8,0,0,0,0
Obp1a,0,0,0,0
Obp1b,0,0,0,0
Obp2a,1,0,1,0
Obp2b,10,12,23,15
Obscn,55,73,94,76
Obsl1,729,707,675,624
Oc90,22,22,28,19
Oca2,82,70,65,66
Ocel1,697,720,660,807
Ociad1,2057,2417,1730,2022
Ociad2,3095,3864,2505,2556
Ocln,392,417,382,313
Ocm,5,5,1,6
Ocrl,5731,6192,5454,5498
Ocstamp,2,3,8,0
Odam,1,0,1,0
Odaph,3,5,3,1
Odc1,1013,1152,832,809
Odf1,0,1,0,0
Odf2,8265,9353,8579,8132
Odf2l,2190,2343,2178,2017
Odf3,6,1,10,2
Odf3b,21,50,25,32
Odf3l1,20,10,19,8
Odf3l2,5,5,5,7
Odf4,19,33,31,44
Odr4,1384,1605,1577,1480
Ofcc1,15,21,15,20
Ofd1,1268,1390,1268,1328
Oga,5959,6777,6010,6096
Ogdh,7165,7071,6432,6332
Ogdhl,1072,1265,1023,891
Ogfod1,2953,3395,3049,2538
Ogfod2,383,473,320,363
Ogfod3,194,216,188,183
Ogfr,513,498,419,390
Ogfrl1,1548,1985,1797,1758
Ogg1,317,364,354,408
Ogn,57,34,34,35
Ogt,15276,16669,12576,15019
Oip5,102,103,75,96
Oip5os1,645,737,1029,835
Oit1,3,4,3,8
Oit3,5,2,2,7
Ola1,5738,5578,4986,5168
Olah,27,59,43,38
Olfm1,5542,6006,6230,5218
Olfm2,4130,4973,4958,3284
Olfm3,6054,9790,4640,7041
Olfm4,32,36,30,32
Olfm5,13,1,1,16
Olfml1,700,481,896,552
Olfml2a,97,32,52,43
Olfml2b,167,217,277,163
Olfml3,70,56,68,61
Olfr1,0,0,0,0
Olfr10,10,3,4,2
Olfr1000,0,0,0,0
Olfr1002,0,0,0,0
Olfr1006,0,0,0,0
Olfr1008,0,0,0,0
Olfr1009,0,0,0,0
Olfr101,1,2,1,2
Olfr1012,0,0,0,0
Olfr1013,0,0,0,0
Olfr1014,0,0,0,0
Olfr1015,0,0,0,0
Olfr1016,0,0,0,0
Olfr1018,0,0,0,0
Olfr1019,0,0,0,0
Olfr102,1,1,2,1
Olfr1020,0,0,0,0
Olfr1022,0,0,0,0
Olfr1023,0,0,0,0
Olfr1024,0,0,0,0
Olfr1025-ps1,0,0,0,0
Olfr1026,0,0,0,0
Olfr1028,0,0,0,0
Olfr1029,0,0,0,1
Olfr103,0,1,0,2
Olfr1030,2,0,0,0
Olfr1031,0,0,1,0
Olfr1032,0,0,0,0
Olfr1033,11,23,33,23
Olfr1034,1,3,1,0
Olfr1036,0,0,0,0
Olfr1037,0,0,0,0
Olfr1039,0,0,0,0
Olfr104-ps,1,0,1,0
Olfr1040,0,0,0,0
Olfr1042,0,0,0,0
Olfr1043,0,0,0,0
Olfr1044,1,0,0,1
Olfr1045,0,0,0,0
Olfr1046,0,0,0,0
Olfr1047,0,0,0,0
Olfr1048,0,0,0,0
Olfr1049,0,0,0,0
Olfr105-ps,0,1,0,0
Olfr1051,0,0,0,0
Olfr1052,0,0,0,0
Olfr1053,0,0,0,0
Olfr1054,0,0,0,0
Olfr1055,0,0,0,0
Olfr1056,0,0,0,0
Olfr1057,0,0,0,0
Olfr1058,0,0,0,0
Olfr106-ps,0,1,2,0
Olfr1061,0,0,0,0
Olfr1062,0,0,0,0
Olfr1065,0,0,0,0
Olfr1066,0,0,0,0
Olfr107,15,20,9,10
Olfr1076,0,0,0,0
Olfr1079,0,0,0,0
Olfr108,0,0,1,0
Olfr1080,0,0,0,0
Olfr1082,0,1,0,0
Olfr1084,0,0,0,0
Olfr1085,0,0,0,0
Olfr1086,0,0,0,0
Olfr1087,2,1,0,0
Olfr1089,0,0,0,0
Olfr109,1,0,2,0
Olfr1090,2,1,1,1
Olfr1093,0,0,0,0
Olfr1094,1,0,0,0
Olfr1095,0,0,0,0
Olfr1097,0,0,0,0
Olfr1098,0,0,0,0
Olfr1099,0,0,0,0
Olfr11,1,1,0,1
Olfr110,26,7,41,58
Olfr1100,0,0,0,0
Olfr1101,0,0,0,0
Olfr1102,0,0,0,0
Olfr1104,0,0,1,0
Olfr1105,0,0,0,0
Olfr1106,0,0,0,0
Olfr1107,0,0,0,0
Olfr1109,0,0,0,0
Olfr111,267,88,315,259
Olfr1110,0,0,0,0
Olfr1111,0,0,0,0
Olfr1112,0,0,1,0
Olfr1113,0,0,0,0
Olfr1115,0,0,0,0
Olfr1116,3,0,1,0
Olfr1118,0,1,0,0
Olfr112,107,23,35,50
Olfr1120,1,0,2,0
Olfr1121,0,0,0,0
Olfr1122,1,3,2,2
Olfr1123,0,0,0,0
Olfr1124,102,114,79,121
Olfr1126,0,0,0,0
Olfr1128,0,0,0,0
Olfr1129,2,3,1,0
Olfr113,24,5,11,9
Olfr1130,1,2,1,0
Olfr1131,0,0,0,1
Olfr1132,3,0,2,2
Olfr1133,0,0,0,0
Olfr1134,0,0,0,0
Olfr1135,0,0,0,1
Olfr1136,0,0,0,0
Olfr1137,3,0,3,1
Olfr1138,0,0,0,0
Olfr114,15,7,6,5
Olfr1140,1,2,0,2
Olfr1141,0,0,0,0
Olfr1143,0,0,0,0
Olfr1145,0,0,0,0
Olfr1148,0,0,0,0
Olfr115,103,17,24,29
Olfr1150-ps1,0,1,0,0
Olfr1151,0,0,0,0
Olfr1152,2,2,2,2
Olfr1153,0,0,0,0
Olfr1154,0,0,0,0
Olfr1155,0,0,0,0
Olfr1156,32,15,29,14
Olfr1157,1,0,0,0
Olfr1158,0,0,0,0
Olfr116,17,5,4,3
Olfr1160,0,0,0,0
Olfr1161,0,0,0,0
Olfr1162,0,0,0,0
Olfr1163,0,0,0,0
Olfr1164,0,0,0,0
Olfr1166,0,0,0,0
Olfr1167,1,1,2,0
Olfr1168,0,0,0,0
Olfr117,0,0,0,1
Olfr1170,0,0,0,0
Olfr1173,3,2,1,3
Olfr1174-ps,0,0,0,0
Olfr1175-ps,0,2,0,0
Olfr1176,0,0,0,0
Olfr1177-ps,0,0,0,0
Olfr1178,3,4,3,3
Olfr1179,0,0,0,1
Olfr118,1,5,4,1
Olfr1180,0,0,0,0
Olfr1181,0,0,0,0
Olfr1183,0,0,0,0
Olfr1184,0,0,0,0
Olfr1185-ps1,0,0,0,0
Olfr1186,0,0,0,0
Olfr1188,0,0,0,0
Olfr1189,0,0,1,0
Olfr119,1,0,2,1
Olfr1191-ps1,9,2,8,3
Olfr1192-ps1,0,0,0,0
Olfr1193,0,0,0,0
Olfr1195,0,1,3,1
Olfr1196,0,1,0,0
Olfr1197,0,0,0,0
Olfr1198,0,2,2,0
Olfr1199,0,0,0,0
Olfr12,0,0,0,0
Olfr120,1,1,0,0
Olfr1200,3,0,0,0
Olfr1201,0,0,0,0
Olfr1202,1,0,1,1
Olfr1204,2,0,0,0
Olfr1205,0,0,0,0
Olfr1206,0,0,0,0
Olfr1208,0,0,0,0
Olfr1209,4,1,2,4
Olfr121,0,1,1,2
Olfr1211,2,1,1,2
Olfr1212,0,0,0,0
Olfr1214,0,0,0,0
Olfr1215,1,0,1,0
Olfr1216,0,0,0,0
Olfr1217,4,1,0,0
Olfr1218,0,0,0,0
Olfr1219,0,1,0,0
Olfr122,0,1,0,0
Olfr1220,3,7,0,1
Olfr1221,0,0,0,0
Olfr1222,0,0,0,0
Olfr1223,0,0,0,0
Olfr1224-ps1,0,0,0,0
Olfr1225,0,0,0,0
Olfr1226,0,0,0,0
Olfr1228,0,0,0,0
Olfr1229,0,0,0,0
Olfr123,0,0,0,0
Olfr1230,0,0,0,0
Olfr1231,0,0,0,0
Olfr1232,0,0,0,0
Olfr1233,0,1,0,0
Olfr1234,0,0,0,0
Olfr1238,10,12,10,8
Olfr1239,0,0,0,0
Olfr124,0,0,0,0
Olfr1240,0,0,0,0
Olfr1241,0,0,0,0
Olfr1242,0,0,1,0
Olfr1243,0,0,0,0
Olfr1245,0,0,0,0
Olfr1246,0,0,1,0
Olfr1247,6,3,4,2
Olfr1248,0,0,0,0
Olfr1249,0,0,0,0
Olfr125,0,3,2,0
Olfr1250,3,6,2,0
Olfr1251,0,0,0,0
Olfr1252,0,0,0,0
Olfr1253,1,0,0,0
Olfr1254,0,9,4,2
Olfr1255,0,0,0,0
Olfr1256,70,61,89,68
Olfr1257,0,0,0,0
Olfr1258,1,0,0,0
Olfr1259,0,2,0,1
Olfr126,0,0,0,0
Olfr1260,8,9,1,5
Olfr1261,0,0,0,0
Olfr1262,1,0,0,1
Olfr1263,0,0,0,0
Olfr1264,0,0,0,1
Olfr1265,1,0,1,1
Olfr1269,0,1,0,0
Olfr127,6,10,7,11
Olfr1270,1,0,0,0
Olfr1271,4,1,1,0
Olfr1272,0,0,1,0
Olfr1274-ps,1,0,1,1
Olfr1275,0,0,1,0
Olfr1276,2,3,1,1
Olfr1277,1,0,0,3
Olfr1278,0,1,1,2
Olfr1279,0,2,0,0
Olfr128,0,0,0,0
Olfr1280,0,2,2,3
Olfr1281,1,0,1,0
Olfr1282,0,0,0,0
Olfr1283,0,0,0,0
Olfr1284,1,3,4,3
Olfr1286,0,1,0,0
Olfr1287,0,0,0,0
Olfr1288,0,0,0,0
Olfr1289,0,0,0,0
Olfr129,0,0,1,0
Olfr1290,0,0,0,0
Olfr1291-ps1,1,0,1,1
Olfr1293-ps,0,0,1,0
Olfr1294,0,0,0,0
Olfr1295,1,0,0,0
Olfr1297,0,0,0,0
Olfr1298,0,0,0,0
Olfr1299,0,0,0,0
Olfr13,0,0,0,0
Olfr130,0,0,0,0
Olfr1301,0,0,0,0
Olfr1302,0,0,0,0
Olfr1303,0,0,0,0
Olfr1305,0,0,0,0
Olfr1306,0,0,0,0
Olfr1307,28,18,24,34
Olfr1308,0,0,0,0
Olfr1309,0,0,0,0
Olfr131,2,3,0,3
Olfr1310,2,0,2,0
Olfr1311,0,1,1,0
Olfr1312,2,1,2,2
Olfr1313,0,0,1,0
Olfr1314,0,1,0,0
Olfr1315-ps1,0,0,0,0
Olfr1316,0,3,0,0
Olfr1317,0,1,1,1
Olfr1318,5,1,3,3
Olfr132,0,0,0,0
Olfr1320,0,0,1,0
Olfr1321,0,0,0,0
Olfr1322,5,5,4,9
Olfr1323,0,0,0,0
Olfr1324,0,0,0,0
Olfr1325,0,0,0,0
Olfr1326-ps1,0,0,0,0
Olfr1328,2,2,3,7
Olfr1329,0,0,0,0
Olfr133,1,0,0,0
Olfr1330,4,6,8,11
Olfr1331,0,0,1,1
Olfr1333,1,0,0,0
Olfr1335,0,0,0,0
Olfr1336,19,8,5,2
Olfr1337,0,0,0,0
Olfr1338,0,0,0,0
Olfr1339,0,0,1,0
Olfr134,0,0,0,0
Olfr1340,0,2,0,0
Olfr1341,0,4,3,2
Olfr1342,0,0,0,0
Olfr1344,18,21,7,10
Olfr1346,2,6,6,6
Olfr1347,1,0,0,0
Olfr1348,0,0,0,1
Olfr1349,3,1,2,2
Olfr135,0,0,0,0
Olfr1350,0,0,0,0
Olfr1351,7,3,2,3
Olfr1352,0,0,0,0
Olfr1353,0,1,1,0
Olfr1354,0,0,0,0
Olfr1355,0,0,0,0
Olfr1356,6,1,4,4
Olfr1357,0,0,0,0
Olfr1358,0,0,0,0
Olfr1359,0,0,0,0
Olfr136,0,0,0,0
Olfr1360,0,1,0,0
Olfr1361,4,7,5,3
Olfr1362,0,0,0,0
Olfr1364,13,11,5,17
Olfr1366,6,11,4,6
Olfr1367,0,0,0,0
Olfr1368,0,0,0,0
Olfr1369-ps1,7,21,13,12
Olfr137,0,0,0,0
Olfr1370,0,0,0,0
Olfr1371,0,0,0,0
Olfr1373,0,0,0,0
Olfr1375,0,0,0,0
Olfr1377,0,0,0,0
Olfr1378,0,0,0,0
Olfr138,2,0,0,0
Olfr1380,1,1,0,0
Olfr1381,0,2,2,2
Olfr1382,1,1,0,2
Olfr1383,3,0,0,1
Olfr1384,2,1,0,0
Olfr1385,39,38,32,26
Olfr1386,0,0,0,0
Olfr1387,1,0,2,1
Olfr1388,3,2,6,3
Olfr1389,1,2,1,1
Olfr139,0,0,0,0
Olfr1390,1,0,2,0
Olfr1391,4,3,7,3
Olfr1392,5,15,12,15
Olfr1393,12,8,4,26
Olfr1394,0,0,0,0
Olfr1395,0,0,0,3
Olfr1396,0,0,0,1
Olfr140,0,0,0,1
Olfr1402,1,1,0,0
Olfr1404,0,0,0,0
Olfr1406,0,0,2,0
Olfr1408,0,0,0,1
Olfr141,0,0,0,0
Olfr1410,0,0,0,0
Olfr1411,0,0,0,0
Olfr1412,0,0,0,0
Olfr1413,0,0,0,0
Olfr1414,0,0,0,0
Olfr1415,0,0,0,0
Olfr1416,0,1,1,2
Olfr1417,20,20,21,27
Olfr1418,5,3,5,5
Olfr1419,13,9,16,9
Olfr142,4,0,0,1
Olfr1420,14,20,9,16
Olfr1423,12,5,15,6
Olfr1424,1,1,1,0
Olfr1425,2,6,14,3
Olfr1426,13,23,22,27
Olfr1427,2,5,1,2
Olfr1428,1,1,0,0
Olfr143,0,0,0,0
Olfr1431,4,2,5,4
Olfr1432,6,7,6,1
Olfr1434,0,0,0,2
Olfr1436,0,0,0,0
Olfr1437,1,1,2,3
Olfr1438-ps1,4,1,1,1
Olfr1440,1,2,3,3
Olfr1441,2,0,0,1
Olfr1442,0,0,0,0
Olfr1443,0,0,0,0
Olfr1444,1,1,0,0
Olfr1445,0,0,0,0
Olfr1446,0,0,0,0
Olfr1447,0,0,0,0
Olfr1448,1,0,0,0
Olfr1449,0,0,0,0
Olfr145,3,4,8,2
Olfr1450,0,0,0,0
Olfr1451,0,0,0,0
Olfr1453,0,0,0,0
Olfr1454,0,0,0,0
Olfr1457,0,0,0,0
Olfr1458,0,1,0,1
Olfr1459,13,14,5,6
Olfr146,0,0,0,0
Olfr1461,0,0,0,0
Olfr1462,0,0,0,0
Olfr1463,0,0,0,0
Olfr1465,0,0,0,0
Olfr1466,0,0,0,0
Olfr1467,0,0,0,0
Olfr1469,1,0,0,0
Olfr147,4,0,0,0
Olfr1471,0,0,0,0
Olfr1472,0,0,0,0
Olfr1474,0,0,0,0
Olfr1475,0,0,0,0
Olfr1477,0,0,0,0
Olfr148,0,0,0,1
Olfr1480,0,0,0,0
Olfr1484,0,0,0,0
Olfr1487,0,0,0,1
Olfr1489,5,0,2,0
Olfr149,0,0,0,0
Olfr1490,0,0,0,0
Olfr1491,1,0,0,0
Olfr1493-ps1,0,0,0,0
Olfr1494,0,0,0,1
Olfr1495,0,1,0,0
Olfr1496,0,0,0,0
Olfr1497,0,0,0,0
Olfr1499,0,0,0,0
Olfr15,9,3,5,4
Olfr150,1,0,0,0
Olfr1500,0,0,0,0
Olfr1501,1,1,0,0
Olfr1502,0,0,0,0
Olfr1504,0,1,0,0
Olfr1505,1,2,0,0
Olfr1506,0,0,0,1
Olfr1507,0,0,1,0
Olfr1508,0,0,0,0
Olfr1509,0,0,0,0
Olfr1510,7,1,3,5
Olfr1511,57,32,36,37
Olfr1512,14,5,6,3
Olfr1513,6,9,8,6
Olfr152,1,0,0,0
Olfr153,1,0,0,0
Olfr1532-ps1,0,0,0,0
Olfr1535,15,6,10,17
Olfr1537,0,0,0,0
Olfr154,0,0,0,0
Olfr155,1,0,0,0
Olfr1555-ps1,6,4,7,5
Olfr156,0,0,0,0
Olfr1564,266,344,273,263
Olfr1565,0,0,0,0
Olfr157,0,0,0,0
Olfr159,0,0,0,0
Olfr16,0,0,0,1
Olfr160,0,0,1,3
Olfr161,0,0,0,1
Olfr164,3,5,3,3
Olfr165,3,2,2,0
Olfr166,1,3,0,2
Olfr167,0,1,2,0
Olfr168,0,0,1,0
Olfr169,0,0,0,0
Olfr17,0,0,1,0
Olfr170,0,0,0,1
Olfr171,0,0,0,0
Olfr172,6,1,0,2
Olfr173,1,1,0,0
Olfr175-ps1,0,0,0,0
Olfr177,0,0,1,0
Olfr178,0,0,1,0
Olfr18,13,25,23,18
Olfr180,0,0,0,2
Olfr181,0,0,0,0
Olfr183,1,0,0,1
Olfr186,0,0,0,0
Olfr187,1,0,0,0
Olfr19,0,0,0,0
Olfr190,0,0,0,1
Olfr191,0,0,0,0
Olfr193,0,0,0,0
Olfr194,0,0,0,0
Olfr195,0,0,0,0
Olfr196,0,0,0,0
Olfr198,0,0,0,0
Olfr199,0,0,0,0
Olfr2,1,0,0,1
Olfr20,2,0,0,0
Olfr201,0,0,0,0
Olfr202,0,0,0,0
Olfr203,0,0,0,0
Olfr204,2,6,1,5
Olfr205,0,0,0,0
Olfr206,0,0,0,0
Olfr209,0,0,0,0
Olfr211,0,1,0,0
Olfr212,3,5,2,0
Olfr213,0,0,0,0
Olfr214,0,0,0,0
Olfr215,0,0,0,0
Olfr218,0,0,0,0
Olfr220,6,10,3,1
Olfr221,7,2,5,4
Olfr222,0,1,0,0
Olfr223,1,0,0,0
Olfr224,1,0,0,2
Olfr228,0,0,0,0
Olfr229,0,0,1,0
Olfr23,1,0,0,0
Olfr231,0,0,0,0
Olfr235,2,1,6,2
Olfr237-ps1,2,2,3,2
Olfr239,260,281,223,204
Olfr24,0,1,0,2
Olfr243,1,0,1,0
Olfr247,0,0,0,0
Olfr248,0,0,0,0
Olfr25,12,5,5,4
Olfr250,0,0,3,2
Olfr251,0,0,1,0
Olfr259,5,4,6,5
Olfr26,0,0,0,0
Olfr262,1,1,0,0
Olfr263,0,0,0,0
Olfr266,8,3,4,7
Olfr267,45,55,46,42
Olfr27,1,0,0,0
Olfr270,1,1,1,1
Olfr272,0,1,2,1
Olfr273,0,0,2,0
Olfr275,1,0,0,1
Olfr279,4,3,3,4
Olfr281,0,0,0,0
Olfr282,1,4,0,1
Olfr283,0,0,0,0
Olfr284,0,0,0,0
Olfr285,0,1,0,0
Olfr286,1,3,3,2
Olfr287,32,32,18,19
Olfr288,34,29,23,28
Olfr290,0,0,0,1
Olfr290.1,0,0,0,0
Olfr291,0,0,2,0
Olfr292,0,0,0,0
Olfr293,0,0,1,0
Olfr294,0,0,0,0
Olfr295,0,0,0,1
Olfr297,0,0,0,0
Olfr298,0,0,1,0
Olfr299,0,0,0,0
Olfr3,0,0,0,0
Olfr30,1,1,1,0
Olfr301,1,0,0,1
Olfr303,0,0,0,0
Olfr304,0,0,0,0
Olfr305,0,0,0,0
Olfr307,0,0,0,0
Olfr308,0,0,0,0
Olfr309,0,0,0,0
Olfr31,11,9,5,7
Olfr310,0,0,0,0
Olfr311,3,1,3,3
Olfr312,0,0,3,2
Olfr313,1,0,2,2
Olfr314,0,0,0,0
Olfr315,1,0,0,0
Olfr316,0,3,8,5
Olfr317,0,1,1,2
Olfr318,0,0,3,1
Olfr319,0,0,0,0
Olfr32,1,0,0,0
Olfr320,0,0,0,0
Olfr322,0,0,0,1
Olfr323,53,58,50,63
Olfr324,0,2,2,0
Olfr325,0,0,0,0
Olfr328,3,1,2,1
Olfr329-ps,0,1,0,0
Olfr33,1,4,3,0
Olfr330,1,0,0,0
Olfr331,0,0,0,0
Olfr332,0,0,0,0
Olfr338,17,21,11,10
Olfr339,1,0,0,0
Olfr340,0,0,0,0
Olfr341,0,0,0,0
Olfr342,0,0,0,0
Olfr344,4,11,8,3
Olfr345,0,0,0,0
Olfr346,0,0,1,0
Olfr347,0,0,0,0
Olfr348,0,0,0,0
Olfr350,0,0,0,0
Olfr351,0,0,0,0
Olfr352,1,0,1,1
Olfr353,0,0,0,0
Olfr354,2,0,4,0
Olfr355,0,0,0,0
Olfr356,0,0,0,0
Olfr357,0,0,0,0
Olfr358,0,0,0,0
Olfr360,0,0,0,0
Olfr361,0,0,0,1
Olfr362,0,0,0,0
Olfr364-ps1,0,0,0,0
Olfr365,5,1,1,2
Olfr366,1,2,1,0
Olfr368,0,0,0,0
Olfr370,0,0,1,1
Olfr371,0,0,0,0
Olfr372,13,10,10,9
Olfr373,23,11,12,10
Olfr374,10,11,10,9
Olfr376,0,0,0,0
Olfr378,0,0,0,0
Olfr38,0,0,0,0
Olfr380,0,0,0,1
Olfr381,0,0,1,1
Olfr382,0,0,0,0
Olfr384,0,0,0,1
Olfr385,0,0,0,0
Olfr389,0,0,0,0
Olfr39,1,0,5,1
Olfr390,0,0,0,1
Olfr391-ps,0,0,0,0
Olfr392,2,4,2,0
Olfr393,0,0,0,1
Olfr394,0,1,1,1
Olfr395,1,2,0,0
Olfr397,0,0,0,0
Olfr398,0,0,0,2
Olfr399,0,0,0,0
Olfr401,0,0,0,0
Olfr402,0,0,0,0
Olfr403,0,1,1,0
Olfr406,1,1,1,0
Olfr410,1,2,0,1
Olfr411,0,5,2,0
Olfr412,0,0,0,0
Olfr414,3,5,3,3
Olfr417,0,0,0,1
Olfr418,4,0,1,0
Olfr419,0,0,0,0
Olfr420,0,0,0,1
Olfr424,0,0,0,0
Olfr427,0,0,0,0
Olfr429,0,0,0,0
Olfr43,0,0,0,0
Olfr430,0,0,0,0
Olfr432,0,0,0,0
Olfr433,0,0,0,0
Olfr434,0,0,0,0
Olfr435,0,0,0,0
Olfr437,1,0,0,1
Olfr44,2,2,0,1
Olfr441,4,5,6,7
Olfr444,0,1,0,1
Olfr446,0,0,0,0
Olfr447,0,0,0,0
Olfr448,0,0,0,0
Olfr449,0,0,0,0
Olfr45,22,26,31,18
Olfr450,0,0,2,1
Olfr452,0,1,0,0
Olfr453,0,0,0,0
Olfr455,16,37,14,17
Olfr456,0,0,0,0
Olfr457,4,3,2,3
Olfr458,1,3,1,0
Olfr459,1,2,0,0
Olfr46,72,110,95,93
Olfr460,3,3,2,0
Olfr461,11,6,4,5
Olfr462,0,0,1,0
Olfr463,0,1,1,0
Olfr464,3,14,5,12
Olfr465-ps1,0,2,0,0
Olfr466,6,1,6,3
Olfr467,0,0,0,0
Olfr469,0,0,0,0
Olfr47,0,0,0,0
Olfr470,0,0,0,0
Olfr472,7,1,7,3
Olfr473,0,0,0,0
Olfr474,0,0,0,0
Olfr476,0,0,0,0
Olfr477,0,0,0,0
Olfr478,0,0,0,0
Olfr479,0,0,0,0
Olfr48,0,1,0,3
Olfr480,0,0,0,0
Olfr481,0,0,0,0
Olfr482,1,0,0,1
Olfr483,1,0,0,0
Olfr484,0,1,0,1
Olfr485,0,0,0,0
Olfr486,0,0,0,0
Olfr487,0,0,0,0
Olfr488,0,0,0,0
Olfr49,0,5,0,0
Olfr490,0,0,0,0
Olfr491,0,0,0,0
Olfr492,0,0,0,0
Olfr493,0,0,0,0
Olfr494,0,0,0,0
Olfr495,0,0,0,0
Olfr497,0,0,0,0
Olfr498,0,0,0,0
Olfr5,0,0,5,0
Olfr50,0,0,0,0
Olfr502,0,0,0,0
Olfr503,0,0,0,0
Olfr504,0,0,0,0
Olfr506,0,1,0,0
Olfr507,0,0,0,0
Olfr508,0,0,0,0
Olfr509,2,0,2,0
Olfr51,0,0,2,4
Olfr510,1,0,0,0
Olfr512,0,0,0,0
Olfr513,0,1,0,1
Olfr514,0,0,0,0
Olfr516,0,0,1,0
Olfr517,0,0,0,0
Olfr518,0,0,0,0
Olfr519,0,0,0,0
Olfr52,0,2,0,1
Olfr520,1,0,1,1
Olfr521,0,2,5,4
Olfr522,0,0,0,0
Olfr523,1,1,0,0
Olfr524,3,3,0,3
Olfr525,0,0,0,0
Olfr527,0,0,0,0
Olfr53,15,26,17,20
Olfr530,0,1,0,1
Olfr531,0,3,1,0
Olfr532,2,1,2,1
Olfr533,0,0,0,0
Olfr535,4,5,6,12
Olfr536,1,1,2,1
Olfr538,9,10,10,8
Olfr539,110,144,131,100
Olfr54,1,1,1,1
Olfr541,0,1,1,0
Olfr543,43,42,27,26
Olfr544,27,41,11,18
Olfr545,56,54,37,28
Olfr547,0,0,0,0
Olfr548-ps1,0,0,0,0
Olfr549,1,0,0,0
Olfr55,171,175,137,143
Olfr550,6,5,8,3
Olfr551,0,0,3,0
Olfr552,11,12,19,5
Olfr553,2,3,4,4
Olfr554,1,1,6,0
Olfr555,0,0,0,0
Olfr556,8,5,17,6
Olfr557,7,6,20,8
Olfr558,5,1,9,7
Olfr559,0,1,0,0
Olfr56,23,20,30,32
Olfr560,12,47,44,20
Olfr561,0,2,0,1
Olfr564,0,0,0,0
Olfr566,0,0,0,0
Olfr568,0,0,0,0
Olfr569,0,0,0,0
Olfr57,12,2,9,5
Olfr570,0,0,1,0
Olfr571,5,12,3,10
Olfr572,1,0,0,0
Olfr573-ps1,0,0,0,0
Olfr574,0,0,0,0
Olfr575,0,0,1,0
Olfr576,0,1,0,0
Olfr577,0,0,0,2
Olfr578,0,1,0,0
Olfr58,2,0,0,1
Olfr582,0,0,0,0
Olfr583,0,0,0,0
Olfr584,0,0,0,0
Olfr585,0,0,0,0
Olfr586,0,0,0,0
Olfr588-ps1,0,2,0,3
Olfr589,0,0,0,0
Olfr59,0,0,0,0
Olfr591,0,1,0,0
Olfr592,1,0,0,0
Olfr593,0,0,0,0
Olfr594,0,0,1,0
Olfr596,0,1,0,0
Olfr597,1,0,1,0
Olfr598,0,0,0,0
Olfr599,0,1,0,0
Olfr6,0,0,0,0
Olfr60,1,1,0,0
Olfr600,0,0,0,0
Olfr601,0,1,0,0
Olfr603,0,0,1,0
Olfr605,0,0,0,0
Olfr606,0,0,0,0
Olfr607,0,1,1,0
Olfr608,0,0,0,0
Olfr609,0,0,0,0
Olfr61,23,22,30,28
Olfr610,0,0,0,0
Olfr611,0,0,0,0
Olfr612,0,0,0,0
Olfr613,1,0,0,0
Olfr615,0,0,0,0
Olfr616,0,0,0,0
Olfr617,0,0,0,0
Olfr618,0,0,0,0
Olfr619,0,0,0,0
Olfr62,1,1,0,1
Olfr620,0,2,2,1
Olfr622,0,0,0,0
Olfr623,0,0,0,0
Olfr624,1,5,3,3
Olfr625-ps1,0,0,0,0
Olfr628,0,0,0,0
Olfr629,0,0,0,0
Olfr63,2,2,3,2
Olfr630,0,0,0,0
Olfr631,0,0,0,0
Olfr632,0,1,3,0
Olfr633,3,6,5,0
Olfr635,8,9,3,2
Olfr638,0,0,0,0
Olfr639,8,17,9,13
Olfr64,0,0,0,0
Olfr640,0,0,0,0
Olfr641,0,0,0,0
Olfr642,0,0,0,2
Olfr644,0,0,0,0
Olfr645,0,0,0,0
Olfr646,2,1,0,0
Olfr648,6,3,7,7
Olfr649,0,1,1,0
Olfr65,0,0,1,1
Olfr651,1,2,1,0
Olfr652,5,10,2,8
Olfr653,1,0,0,1
Olfr654,0,0,0,0
Olfr655,16,17,16,10
Olfr656,5,2,0,2
Olfr657,0,4,0,3
Olfr658,17,18,6,25
Olfr659,0,0,0,0
Olfr66,1,0,0,0
Olfr661,0,0,0,0
Olfr665,0,0,0,0
Olfr666,0,0,0,0
Olfr667,0,1,1,0
Olfr668,0,0,1,0
Olfr669,1,1,3,1
Olfr67,0,1,0,1
Olfr670,0,0,4,1
Olfr671,0,7,4,5
Olfr672,0,1,1,0
Olfr675,6,0,2,3
Olfr676,0,0,0,0
Olfr677,0,1,0,0
Olfr678,21,15,13,11
Olfr679,3,3,6,1
Olfr68,0,0,0,0
Olfr680-ps1,1,0,0,0
Olfr681,1,0,2,0
Olfr683,5,5,3,3
Olfr684,2,1,4,4
Olfr685,3,3,4,6
Olfr686,1,6,1,6
Olfr688,0,1,0,0
Olfr689,32,26,31,28
Olfr69,0,0,0,0
Olfr690,146,118,94,104
Olfr691,119,139,99,123
Olfr692,4,0,0,0
Olfr693,0,0,0,0
Olfr694,0,0,0,1
Olfr695,0,0,0,0
Olfr697,0,1,0,0
Olfr698,0,0,0,2
Olfr699,0,0,0,0
Olfr70,19,15,16,14
Olfr700,0,0,0,3
Olfr701,0,0,0,1
Olfr702,1,0,0,3
Olfr703,0,0,0,0
Olfr704,0,0,0,0
Olfr705,0,0,0,0
Olfr706,0,0,0,1
Olfr707,0,0,0,1
Olfr709-ps1,1,2,2,2
Olfr71,6,1,3,0
Olfr710,0,1,0,0
Olfr711,0,0,0,0
Olfr713,0,0,0,0
Olfr714,1,0,0,1
Olfr715,0,2,0,0
Olfr715b,3,2,2,2
Olfr716,0,1,1,0
Olfr718-ps1,13,13,9,9
Olfr720,2,2,0,1
Olfr721-ps1,0,1,0,0
Olfr722,1,1,0,0
Olfr723,0,0,0,0
Olfr724,0,0,0,0
Olfr725,0,0,0,0
Olfr726,0,0,0,1
Olfr727,1,2,2,0
Olfr728,0,0,0,0
Olfr729,1,1,1,0
Olfr73,18,20,13,26
Olfr730,0,0,0,0
Olfr731,23,23,10,22
Olfr732,1,0,0,0
Olfr733,0,1,0,1
Olfr734,0,0,0,0
Olfr735,1,2,1,2
Olfr736,1,0,0,1
Olfr738,0,2,0,0
Olfr739,0,0,0,0
Olfr74,0,0,0,0
Olfr740,0,0,1,0
Olfr741,1,1,0,1
Olfr742,10,26,2,5
Olfr743,0,0,0,0
Olfr744,1,0,0,1
Olfr745,0,0,1,0
Olfr746,0,0,0,0
Olfr747,3,1,1,1
Olfr748,0,0,0,0
Olfr749,1,0,1,1
Olfr750,2,0,0,1
Olfr76,2,5,2,3
Olfr761,0,0,0,0
Olfr763,0,0,0,0
Olfr764-ps1,0,2,0,0
Olfr765,1,0,0,0
Olfr766-ps1,0,0,0,0
Olfr767,2,1,0,0
Olfr768,0,0,1,0
Olfr769,0,0,0,0
Olfr77,4,3,0,2
Olfr770,0,2,2,2
Olfr771,1,0,0,1
Olfr772,0,0,0,0
Olfr773,0,0,0,0
Olfr774,0,0,0,0
Olfr775,11,9,11,5
Olfr776,0,0,0,0
Olfr777,0,0,0,0
Olfr78,28,92,87,35
Olfr780,0,0,0,0
Olfr781,0,0,0,0
Olfr782,0,0,0,0
Olfr784,1,0,0,1
Olfr785,0,0,0,0
Olfr786,0,0,0,0
Olfr787,0,0,1,0
Olfr788,0,0,0,0
Olfr789,2,1,0,1
Olfr790,0,0,0,0
Olfr791,0,0,0,1
Olfr792,0,0,0,0
Olfr794,1,0,0,2
Olfr796,0,0,0,0
Olfr798,0,1,0,1
Olfr799,0,0,0,0
Olfr8,0,0,0,0
Olfr800,0,0,0,0
Olfr801,0,0,0,0
Olfr802,4,3,2,3
Olfr803,0,0,0,0
Olfr804,3,9,4,4
Olfr805,0,0,0,0
Olfr806,0,0,0,0
Olfr807,0,0,0,0
Olfr808,0,0,0,1
Olfr809,1,0,0,0
Olfr810,0,0,0,0
Olfr811,0,0,0,0
Olfr812,0,3,0,0
Olfr813,0,0,0,0
Olfr814,1,0,2,1
Olfr815,0,0,0,0
Olfr816,0,0,0,1
Olfr818,0,0,0,0
Olfr819,0,0,0,0
Olfr820,1,1,0,0
Olfr821,0,0,0,0
Olfr822,0,0,2,0
Olfr823,0,0,0,0
Olfr824,0,0,0,0
Olfr825,1,0,1,2
Olfr826,0,0,0,1
Olfr827,0,0,0,1
Olfr828,0,0,0,0
Olfr829,0,0,0,0
Olfr830,0,0,0,0
Olfr832,0,1,0,0
Olfr834,0,0,0,0
Olfr835,0,0,0,0
Olfr836,0,0,0,0
Olfr837,0,0,0,0
Olfr839-ps1,6,8,3,7
Olfr843,0,0,0,0
Olfr844,0,0,0,0
Olfr845,0,0,0,1
Olfr846,0,0,0,0
Olfr847,2,1,0,2
Olfr849,0,0,0,0
Olfr850,0,0,0,0
Olfr851,0,0,0,0
Olfr853,0,0,0,0
Olfr854,0,0,0,0
Olfr855,0,0,0,0
Olfr857,0,5,3,2
Olfr859,7,9,5,3
Olfr860,1,1,5,2
Olfr862,0,0,0,0
Olfr866,0,0,0,0
Olfr867,0,1,2,0
Olfr868,0,0,0,0
Olfr869,1,1,0,0
Olfr870,1,0,0,0
Olfr871,0,0,0,0
Olfr872,0,1,1,0
Olfr873,11,10,7,5
Olfr874,0,1,1,0
Olfr875,0,0,0,0
Olfr876,0,0,1,0
Olfr877,2,4,1,3
Olfr878,3,5,5,2
Olfr881,1,4,0,3
Olfr883,0,0,0,0
Olfr884,0,0,0,0
Olfr885,0,0,0,0
Olfr887,0,0,0,0
Olfr888,0,0,0,0
Olfr889,6,10,5,10
Olfr890,0,0,0,0
Olfr891,0,0,0,0
Olfr893,1,1,0,1
Olfr894,0,0,0,0
Olfr895,0,0,0,0
Olfr896-ps1,0,0,0,0
Olfr898,2,0,1,0
Olfr9,0,0,0,0
Olfr90,18,12,8,10
Olfr901,1,1,0,0
Olfr902,0,0,0,1
Olfr904,5,2,0,3
Olfr905,0,0,2,2
Olfr906,0,0,0,0
Olfr907,0,0,0,0
Olfr91,3,3,2,6
Olfr910,0,0,0,0
Olfr911-ps1,0,0,0,0
Olfr912,0,0,0,0
Olfr913,0,0,0,0
Olfr914,0,0,2,0
Olfr916,0,0,0,0
Olfr917,0,0,0,0
Olfr918,0,0,0,0
Olfr919,0,0,0,0
Olfr92,4,0,2,1
Olfr920,24,25,27,16
Olfr921,0,3,1,1
Olfr922,0,10,1,0
Olfr923,0,1,1,0
Olfr924,0,0,0,0
Olfr926,0,0,0,0
Olfr93,3,3,6,3
Olfr930,0,0,0,0
Olfr933,0,0,0,0
Olfr934,0,0,0,0
Olfr935,0,0,0,0
Olfr937,0,0,0,0
Olfr938,0,0,0,0
Olfr94,1,1,0,1
Olfr943,0,1,0,0
Olfr944,0,0,0,0
Olfr945,0,0,0,0
Olfr948,0,0,0,0
Olfr95,1,0,1,2
Olfr951,0,0,0,0
Olfr952,0,0,0,0
Olfr954,0,0,0,0
Olfr955,0,0,0,0
Olfr957,0,0,1,0
Olfr958,0,0,0,0
Olfr959,1,2,1,0
Olfr96,0,0,0,0
Olfr960,0,0,0,0
Olfr961,1,1,2,2
Olfr963,0,0,0,0
Olfr965,0,0,0,0
Olfr967,7,3,6,7
Olfr968,0,0,1,0
Olfr969,0,0,0,0
Olfr97,0,0,0,0
Olfr970,0,0,0,0
Olfr971,0,0,0,0
Olfr972,0,1,0,0
Olfr974,0,0,0,1
Olfr975,6,3,1,6
Olfr976,2,1,3,2
Olfr978,0,0,0,0
Olfr979,0,0,0,1
Olfr98,0,1,0,0
Olfr980,0,0,0,0
Olfr981,4,2,3,1
Olfr982,0,0,0,0
Olfr983,0,0,0,0
Olfr984,0,1,1,0
Olfr985,1,0,0,0
Olfr986,11,17,16,17
Olfr987,0,2,0,0
Olfr988,3,0,5,2
Olfr99,3,3,5,5
Olfr992,1,0,0,1
Olfr993,0,0,0,0
Olfr994,0,0,0,0
Olfr995,2,1,0,1
Olfr996,0,0,0,0
Olfr998,0,0,0,0
Olig1,275,367,315,193
Olig2,196,221,211,146
Olig3,0,1,0,0
Olr1,1,1,2,3
Oma1,945,1014,1280,1101
Omd,56,60,49,55
Omg,169,385,442,336
Omp,10,2,4,3
Omt2a,0,0,0,0
Omt2b,0,0,0,0
Onecut1,32,66,18,27
Onecut2,444,587,687,609
Onecut3,7,12,9,9
Ooep,8,11,4,4
Oog1,0,0,0,0
Oog2,0,0,0,0
Oog3,0,1,0,0
Oog4,0,0,0,1
Oosp1,1,1,0,1
Oosp2,0,2,0,1
Oosp3,2,2,2,3
Opa1,4689,5240,4771,4523
Opa3,973,866,956,812
Opalin,672,642,924,654
Opcml,125489,145274,150238,123198
Ophn1,7579,7016,6926,6839
Oplah,348,388,378,282
Opn1mw,17,27,29,27
Opn1sw,9,6,10,9
Opn3,188,216,148,149
Opn4,22,25,15,29
Opn5,79,76,60,74
Oprd1,1413,1293,1701,1189
Oprk1,161,190,132,318
Oprl1,156,385,265,90
Oprm1,5719,4994,3402,4220
Optc,37,42,32,36
Optn,1286,1680,1521,1360
Orai1,500,296,484,335
Orai2,966,948,1036,908
Orai3,50,120,108,46
Orc1,722,762,656,672
Orc2,4034,4370,3812,3886
Orc3,4009,3890,3456,3898
Orc4,4577,5559,3794,4794
Orc5,1526,1685,1434,1476
Orc6,1585,1996,1324,1704
Orm1,0,0,0,0
Orm2,1,0,4,0
Orm3,0,0,1,1
Ormdl1,90,170,131,170
Ormdl2,689,734,694,705
Ormdl3,486,698,424,539
Os9,2610,2586,2499,2030
Osbp,2746,2687,2773,2504
Osbp2,6345,7010,6916,6062
Osbpl10,5647,6643,7393,6066
Osbpl11,2758,2668,2875,2124
Osbpl1a,8198,10704,9620,8094
Osbpl2,3042,3075,3082,2603
Osbpl3,5651,6094,4774,4124
Osbpl5,712,827,824,599
Osbpl6,13197,17968,13652,11752
Osbpl7,1036,1149,1245,993
Osbpl8,13087,11336,9978,11951
Osbpl9,13833,13726,11133,11695
Oscar,297,370,309,312
Oscp1,1807,1806,1799,1618
Oser1,471,545,457,480
Osgep,1004,873,913,848
Osgepl1,858,1155,822,941
Osgin1,14,11,9,15
Osgin2,657,801,548,701
Osm,2,1,5,7
Osmr,195,99,192,158
Osr1,17,37,5,11
Osr2,0,0,1,0
Ost4,358,543,348,406
Ostc,1287,1638,1207,1637
Ostf1,509,422,674,483
Ostm1,1185,1135,1299,1190
Ostn,0,1,0,3
Otc,113,63,59,46
Otoa,34,34,40,39
Otof,1391,1337,1617,1604
Otog,9,14,5,2
Otogl,149,103,132,112
Otol1,1,2,0,0
Otop1,1,1,0,0
Otop2,23,32,54,28
Otop3,1,1,2,3
Otor,1,3,3,2
Otos,2,3,2,2
Otp,0,13,3,2
Ott,0,0,1,0
Otub1,945,957,765,815
Otub2,511,553,521,493
Otud1,24,114,107,77
Otud3,920,1089,927,1086
Otud4,4230,4602,4203,4100
Otud5,2396,2245,2187,1933
Otud6a,0,0,0,0
Otud6b,941,1172,833,940
Otud7a,27129,31173,27805,23884
Otud7b,4797,4683,5405,4072
Otulin,4030,4438,3952,3751
Otulinl,1721,1617,1952,2037
Otx1,142,119,169,107
Otx2,181,135,16,10
Otx2os1,1176,642,112,69
Ovca2,118,99,114,123
Ovch2,0,0,1,0
Ovgp1,666,733,591,424
Ovol1,8,7,13,16
Ovol2,502,793,729,453
Ovol3,1,5,3,3
Oxa1l,2338,2369,2132,2393
Oxct1,13367,13263,12100,12112
Oxct2a,1,0,0,0
Oxct2b,1,1,0,2
Oxgr1,9,11,15,17
Oxld1,489,631,551,607
Oxnad1,464,447,387,393
Oxr1,43646,54100,47530,38722
Oxsm,156,209,134,105
Oxsr1,925,1067,932,795
Oxt,6,2,3,7
Oxtr,67,51,40,41
P2rx1,14,14,8,15
P2rx2,1,0,0,0
P2rx3,79,106,94,88
P2rx4,1553,1594,1774,1366
P2rx5,60,90,65,37
P2rx6,158,166,152,170
P2rx7,828,568,1249,673
P2ry1,11,21,9,19
P2ry10,1,0,2,1
P2ry10b,22,15,16,23
P2ry12,2146,2342,2146,2433
P2ry13,35,30,30,30
P2ry14,7078,7594,5827,5134
P2ry2,7,4,7,6
P2ry4,0,0,1,0
P2ry6,222,105,328,233
P3h1,840,766,835,743
P3h2,2022,2027,2045,1471
P3h3,2056,2013,1851,1509
P3h4,183,142,155,111
P4ha1,5391,4551,3999,3825
P4ha2,834,878,776,654
P4ha3,219,235,179,165
P4hb,651,776,679,810
P4htm,3416,3109,3272,2908
Pa2g4,1115,1105,1030,919
Pabpc1,2353,2203,2126,2127
Pabpc1l,84,95,66,78
Pabpc2,0,1,1,1
Pabpc4,2038,2461,1883,2398
Pabpc4l,26,22,31,21
Pabpc5,100,141,66,69
Pabpc6,0,0,0,2
Pabpn1,12054,11923,11766,10460
Pabpn1l,2,2,0,1
Pacc1,869,887,909,869
Pacrg,9181,7965,8857,8523
Pacs1,10137,8955,10565,8281
Pacs2,2658,2527,3208,2175
Pacsin1,18340,16837,16816,13093
Pacsin2,3860,1953,1893,1956
Pacsin3,490,465,465,328
Padi1,10,5,2,1
Padi2,698,438,751,545
Padi3,5,2,1,3
Padi4,6,5,6,6
Padi6,5,6,15,7
Paf1,1072,1075,997,887
Pafah1b1,15630,14083,14868,12568
Pafah1b2,2289,2299,2096,2005
Pafah1b3,69,113,73,36
Pafah2,411,373,430,419
Pag1,4054,3780,4130,3438
Pagr1a,96,92,76,72
Pah,13,13,17,14
Paics,590,623,558,625
Paip1,2032,1922,1736,1737
Paip2,5263,6255,4977,4432
Paip2b,1075,1203,926,1042
Pak1,7751,8967,7728,6284
Pak1ip1,806,1021,839,873
Pak2,4060,3697,3836,3455
Pak3,13205,15075,13753,13655
Pak4,168,132,164,104
Pak6,2917,2603,2695,2857
Pak7,17249,19005,18722,15811
Pakap,13340,11602,12155,9568
Pakap.1,7711,7182,7448,6148
Palb2,212,224,201,218
Pald1,442,428,563,424
Palld,1065,783,862,679
Palm,4995,4140,4230,4311
Palm3,19,30,34,25
Palmd,1745,2052,2056,1978
Pam,18802,24352,18040,16364
Pam16,568,613,452,544
Pamr1,1022,1129,960,960
Pan2,1551,1368,1402,1141
Pan3,14075,13482,12816,10947
Panct2,245,379,315,304
Pank1,3348,3064,2865,2704
Pank2,3487,3303,3052,2881
Pank3,1322,1496,1370,1332
Pank4,1080,1285,1089,946
Pantr1,2492,2627,2323,1945
Pantr2,982,862,874,813
Panx1,770,550,523,531
Panx2,623,946,676,610
Panx3,2,10,1,0
Paox,130,118,118,136
Papln,176,132,168,230
Papola,10301,10186,8604,8518
Papolb,71,59,65,64
Papolg,1794,1855,1641,1718
Pappa,557,400,237,204
Pappa2,183,280,252,186
Papss1,2383,2565,2655,2386
Papss2,591,522,522,511
Paqr3,1145,1387,1190,1245
Paqr4,63,112,81,40
Paqr5,275,288,373,241
Paqr6,226,240,167,151
Paqr7,646,676,768,610
Paqr8,1942,2004,2056,1754
Paqr9,784,1092,822,865
Pard3,7860,7041,7296,8015
Pard3b,5115,3125,3526,3618
Pard3bos1,409,258,213,279
Pard3bos2,5,1,0,6
Pard3bos3,70,43,47,60
Pard6a,137,557,233,147
Pard6b,160,212,186,235
Pard6g,1021,1205,817,862
Parg,4468,4946,4378,4289
Park7,781,953,931,878
Parl,2156,2361,2006,2227
Parm1,2434,3220,3637,2390
Parn,2694,2608,2889,2624
Parp1,2201,2306,2093,1928
Parp10,101,99,136,137
Parp11,1393,1280,1217,1213
Parp12,592,516,527,504
Parp14,154,115,253,183
Parp16,432,480,477,427
Parp2,1394,1412,1109,1273
Parp3,154,164,178,134
Parp4,626,484,579,441
Parp6,3864,4071,3602,3652
Parp8,5854,6411,6050,4739
Parp9,341,330,439,311
Parpbp,74,89,121,193
Pars2,154,166,100,198
Parva,1417,1004,981,622
Parvaos,55,26,32,29
Parvb,855,812,934,800
Parvg,27,28,74,39
Pask,368,409,382,382
Pate1,57,47,61,57
Pate10,1,1,2,0
Pate11,0,0,0,0
Pate12,0,0,0,0
Pate13,25,27,41,30
Pate14,1,0,2,0
Pate2,378,420,534,425
Pate3,0,0,0,2
Pate4,5,10,10,6
Pate5,40,47,57,55
Pate6,0,1,0,1
Pate7,1,0,0,2
Pate8,0,0,0,0
Pate9,3,1,0,0
Patj,3384,6119,2945,3076
Patl1,1577,1547,1460,1415
Patl2,51,38,57,36
Patz1,1667,1402,1585,1297
Paupar,21,11,4,17
Pawr,430,392,284,356
Pax1,16,6,3,9
Pax2,5,132,21,10
Pax3,108,288,10,2
Pax4,1,0,1,0
Pax5,8,198,105,11
Pax6,1124,733,466,537
Pax6os1,208,128,100,95
Pax7,71,43,15,2
Pax8,2,28,10,2
Pax9,6,3,2,3
Paxbp1,8596,10331,7233,8547
Paxip1,1525,1580,1456,1371
Paxx,877,1174,902,1210
Pbdc1,1298,1338,1117,1084
Pbk,3,3,3,4
Pbld1,77,68,66,60
Pbld2,285,251,275,238
Pbp2,0,4,2,1
Pbrm1,7857,7180,7661,6489
Pbsn,1,2,2,1
Pbx1,71545,42220,39739,38683
Pbx2,747,659,710,629
Pbx3,27852,6375,3661,7679
Pbx4,1965,1779,1728,1579
Pbxip1,615,392,622,461
Pcare,2,2,0,1
Pcbd1,17,30,34,23
Pcbd2,1595,1522,1556,1419
Pcbp1,80,293,151,61
Pcbp2,6704,6644,5873,5456
Pcbp3,18680,5298,4544,3989
Pcbp4,2270,2619,2655,1689
Pcca,10694,12766,11339,11075
Pccb,1578,1667,1744,1550
Pcdh1,1379,1496,1326,1313
Pcdh10,5856,5312,4685,5580
Pcdh11x,11505,9405,7882,8108
Pcdh12,14,7,8,12
Pcdh15,58291,51248,49455,49583
Pcdh17,7082,5674,5180,6119
Pcdh18,53,71,57,38
Pcdh19,2298,2427,2584,2268
Pcdh20,83,27,41,36
Pcdh7,45755,43260,37892,30678
Pcdh8,33,65,111,72
Pcdh9,171530,198482,181778,155034
Pcdha1,64,84,58,96
Pcdha11,37,57,32,32
Pcdha11.1,394,396,350,397
Pcdha12,122,135,102,95
Pcdha2,18,30,16,24
Pcdha3,23,27,15,16
Pcdha4,134,158,111,148
Pcdha5,141,170,82,127
Pcdha6,30,21,19,17
Pcdha7,23,26,14,25
Pcdha8,42,31,41,37
Pcdha9,80,77,59,63
Pcdhac1,5,15,15,12
Pcdhac2,66,90,51,74
Pcdhb1,3,5,3,3
Pcdhb10,21,39,29,37
Pcdhb11,102,123,85,84
Pcdhb12,39,63,59,44
Pcdhb13,32,12,46,35
Pcdhb14,480,529,416,447
Pcdhb15,62,87,50,61
Pcdhb16,372,385,322,323
Pcdhb17,496,516,448,395
Pcdhb18,117,90,80,88
Pcdhb19,392,473,332,397
Pcdhb2,38,47,28,33
Pcdhb20,287,373,286,240
Pcdhb21,225,246,219,237
Pcdhb22,226,238,222,187
Pcdhb3,42,42,45,51
Pcdhb4,46,87,39,44
Pcdhb5,62,87,60,46
Pcdhb6,52,65,51,63
Pcdhb7,132,145,134,138
Pcdhb8,27,28,20,16
Pcdhb9,108,148,96,134
Pcdhga1,69,84,65,75
Pcdhga10,111,110,84,91
Pcdhga11,101,90,73,54
Pcdhga12,928,870,758,682
Pcdhga2,60,70,54,51
Pcdhga3,81,66,30,52
Pcdhga4,31,34,22,14
Pcdhga5,172,208,111,151
Pcdhga6,218,221,166,178
Pcdhga7,152,177,135,157
Pcdhga8,72,76,53,66
Pcdhga9,235,216,220,216
Pcdhgb1,17,31,16,21
Pcdhgb2,36,39,28,34
Pcdhgb4,232,218,235,183
Pcdhgb5,145,181,147,147
Pcdhgb6,75,80,64,66
Pcdhgb7,51,45,42,41
Pcdhgc3,53,65,67,57
Pcdhgc4,419,369,354,282
Pcdhgc5,543,397,463,436
Pced1a,711,847,815,741
Pced1b,4076,3538,3640,3494
Pcf11,3281,3554,3165,3222
Pcgf1,359,424,351,406
Pcgf2,1867,1850,1669,1466
Pcgf3,2433,2231,2397,1937
Pcgf5,5499,5738,4847,4600
Pcgf6,2280,2407,2157,1856
Pcid2,1189,1323,1151,1122
Pcif1,1471,1278,1240,1288
Pck1,0,0,2,0
Pck2,876,1090,944,883
Pclaf,219,180,161,191
Pclo,21760,30491,23053,23015
Pcm1,11944,12790,10596,11216
Pcmt1,5424,6188,5459,5085
Pcmtd1,7867,9534,6909,7901
Pcmtd2,3451,4320,3185,3276
Pcna,200,245,286,356
Pcnp,2452,3170,2216,2129
Pcnt,1685,1810,1716,1503
Pcnx,7139,7524,7243,6975
Pcnx2,6816,8480,8378,7109
Pcnx3,1360,1276,1319,978
Pcnx4,1053,1361,1232,1147
Pcolce,51,29,31,19
Pcolce2,1355,1655,1722,1384
Pcp2,6,53,11,6
Pcp4,2488,1911,1030,1939
Pcp4l1,1202,422,359,746
Pcsk1,3148,2637,1551,1491
Pcsk1n,525,2255,608,401
Pcsk2,32355,39487,36069,34378
Pcsk2os1,1440,1763,1483,1537
Pcsk2os2,1222,1139,1298,1047
Pcsk4,149,189,182,199
Pcsk5,5838,6529,5364,6478
Pcsk6,1274,978,1137,839
Pcsk7,5081,5318,4768,5151
Pcsk9,50,76,44,50
Pctp,34,38,27,35
Pcx,2272,1799,1949,1640
Pcyox1,932,1403,1158,1286
Pcyox1l,613,770,546,585
Pcyt1a,1550,1551,1385,1397
Pcyt1b,1889,1780,1793,1687
Pcyt2,6941,6309,7239,5719
Pdap1,995,1048,738,738
Pdc,6,5,2,3
Pdcd1,4,3,15,7
Pdcd10,2593,3090,2347,2624
Pdcd11,1647,1878,1464,1319
Pdcd1lg2,14,9,10,14
Pdcd2,193,279,160,213
Pdcd2l,1244,1310,1167,1084
Pdcd4,7228,6751,5812,6404
Pdcd5,905,1060,783,893
Pdcd6,1042,1237,1001,1214
Pdcd6ip,2890,2798,2974,2448
Pdcd7,1861,3124,1664,1614
Pdcl,96,161,178,67
Pdcl2,24,42,15,34
Pdcl3,436,588,462,404
Pde10a,40993,46888,30768,39786
Pde11a,1522,2012,2074,1885
Pde12,266,320,228,242
Pde1a,27289,32902,30593,33169
Pde1b,1976,1458,1330,2652
Pde1c,5038,3294,2527,4969
Pde2a,9131,8611,9492,9672
Pde3a,1414,1034,739,689
Pde3b,3906,4724,4061,3294
Pde4a,8623,7375,6516,5337
Pde4b,45474,46314,45974,41429
Pde4c,124,113,115,102
Pde4d,52607,66142,55971,43723
Pde4dip,21889,22028,19359,17536
Pde5a,1113,889,1061,635
Pde6a,833,709,671,689
Pde6b,30,47,36,31
Pde6c,29,59,43,48
Pde6d,1601,1702,1503,1290
Pde6g,40,21,34,17
Pde6h,230,259,361,294
Pde7a,5417,6052,5122,4619
Pde7b,12405,10776,7576,13079
Pde8a,2116,1823,2994,1845
Pde8b,15669,13433,13775,15747
Pde9a,2178,2170,2438,2242
Pdf,16,15,15,15
Pdgfa,1339,1400,1220,1122
Pdgfb,1067,1042,1281,1100
Pdgfc,3839,4036,3083,3296
Pdgfd,1565,1077,1119,970
Pdgfra,894,645,1224,788
Pdgfrb,965,571,757,795
Pdgfrl,206,147,115,107
Pdha1,898,1022,742,862
Pdha2,1,0,0,0
Pdhb,2540,2757,2091,2176
Pdhx,2039,2351,2008,2110
Pdia2,23,10,11,22
Pdia3,2277,2727,2271,1880
Pdia4,490,572,521,434
Pdia5,727,729,650,781
Pdia6,1431,1754,1401,1272
Pdik1l,712,804,720,722
Pdilt,1,0,1,0
Pdk1,2411,2981,2529,2879
Pdk2,1014,1308,950,906
Pdk3,1908,1534,1436,1375
Pdk4,127,108,145,101
Pdlim1,389,411,453,357
Pdlim2,73,104,103,89
Pdlim3,68,81,68,75
Pdlim4,222,109,169,158
Pdlim5,2058,1209,1872,1476
Pdlim7,5025,5252,4829,5556
Pdp1,1098,1722,1045,1184
Pdp2,50,68,84,89
Pdpk1,4714,4509,4551,3774
Pdpn,169,85,133,123
Pdpr,3120,2935,2804,2662
Pdrg1,708,1024,717,848
Pds5a,7869,7398,7433,6752
Pds5b,7076,6571,6453,6113
Pdss1,3055,3641,2840,2791
Pdss2,8627,9084,9086,7787
Pdx1,1,1,0,0
Pdxdc1,4585,4496,4463,4166
Pdxk,1307,1293,1080,1237
Pdxp,105,280,262,90
Pdyn,42,58,41,103
Pdzd11,479,604,387,565
Pdzd2,11644,8882,8473,10690
Pdzd3,27,11,12,17
Pdzd4,7073,6894,6654,6113
Pdzd7,344,443,363,369
Pdzd8,2065,2136,1892,1888
Pdzd9,27,31,23,22
Pdzk1,139,131,106,122
Pdzk1ip1,1,6,0,2
Pdzph1,392,226,417,266
Pdzrn3,17124,19408,14568,12700
Pdzrn4,17510,18480,19968,18729
Pea15a,2071,2509,2201,2098
Peak1,4740,6009,5788,5153
Peak1os,28,32,37,22
Pear1,141,130,119,110
Pebp1,3254,3712,2710,3126
Pebp4,280,268,325,282
Pecam1,581,428,498,496
Pecr,847,791,782,917
Pef1,744,710,630,633
Peg10,19,56,30,32
Peg12,2,1,2,1
Peg13,50,25,137,110
Peg3,11546,14476,9740,8835
Peli1,4697,4451,4025,4214
Peli2,4481,2177,2365,2241
Peli3,876,977,697,806
Pelo,173,158,175,154
Pelp1,1197,1162,1037,1157
Pemt,142,198,187,158
Penk,290,223,62,512
Pepd,1360,1375,1551,1267
Per1,2400,2252,1778,1309
Per2,2490,2543,1998,1161
Per3,4476,4843,4038,3942
Perm1,28,14,24,19
Perp,29,37,35,32
Pes1,320,347,311,271
Pet100,966,1318,924,1082
Pet117,0,0,0,0
Pet2,0,0,0,0
Pex1,2614,2393,2512,2009
Pex10,455,496,402,479
Pex11a,72,70,61,49
Pex11b,381,553,403,358
Pex11g,163,102,133,87
Pex12,96,179,111,144
Pex13,2443,2831,2010,2147
Pex14,3181,3237,3274,2870
Pex16,894,1058,915,978
Pex19,1286,1445,1250,1214
Pex2,551,670,549,503
Pex26,558,612,454,500
Pex3,2229,2546,2013,2231
Pex5,1257,1263,1137,1143
Pex5l,33905,43282,41758,30568
Pex6,1192,1163,1162,1007
Pex7,1882,2291,1859,2007
Pf4,14,37,18,6
Pfas,1694,1597,1572,1348
Pfdn1,2748,3047,2507,2600
Pfdn2,557,748,732,422
Pfdn4,564,750,585,716
Pfdn5,347,391,630,415
Pfdn6,361,451,370,359
Pfkfb1,86,130,101,128
Pfkfb2,2252,2399,2216,2187
Pfkfb3,1131,1107,1077,883
Pfkfb4,2309,2413,2390,1988
Pfkl,1465,1438,1796,1411
Pfkm,3070,3270,2967,2705
Pfkp,9998,9591,8987,7816
Pfn1,175,263,166,135
Pfn2,362,1121,892,448
Pfn3,0,11,0,7
Pfn4,66,113,77,113
Pfn5,0,0,0,0
Pfpl,0,0,0,0
Pga5,0,2,2,0
Pgam1,146,213,140,94
Pgam2,18,12,12,5
Pgam5,1678,1889,1557,2042
Pgap1,5337,4660,4273,3784
Pgap2,2295,2172,2323,2149
Pgap3,185,180,154,170
Pgbd1,318,329,275,254
Pgbd5,5890,6820,6262,5564
Pgc,1,0,1,0
Pgd,521,607,585,513
Pgf,34,61,52,24
Pgghg,106,82,108,94
Pggt1b,1878,1962,1863,1893
Pgk1,770,844,849,916
Pgk2,0,0,0,0
Pgls,589,690,523,536
Pglyrp1,404,592,518,324
Pglyrp2,1,0,0,1
Pglyrp3,4,5,0,2
Pglyrp4,0,0,1,1
Pgm1,1412,1652,1407,1507
Pgm2,803,947,1021,815
Pgm2l1,2908,4008,3540,2788
Pgm3,856,1010,889,903
Pgm5,324,258,157,201
Pgp,1276,1731,1253,1324
Pgpep1,170,224,236,146
Pgpep1l,176,225,224,190
Pgr,1612,2388,1897,1888
Pgr15l,0,5,0,2
Pgrmc1,81,89,121,87
Pgrmc2,446,586,509,493
Pgs1,1450,1465,1378,1342
Phactr1,111190,116506,105087,143734
Phactr2,4393,3951,3211,2967
Phactr3,12964,12484,11880,10319
Phactr4,1658,1348,1558,967
Phax,1307,1388,1220,1294
Phb,863,881,853,826
Phb2,965,1104,973,917
Phc1,1457,1336,1174,1065
Phc2,8928,7531,8247,7636
Phc3,6486,7003,6334,6127
Pheta1,215,301,253,157
Pheta2,7,1,2,6
Phex,248,252,171,245
Phf1,1702,1723,1820,1359
Phf10,1208,1170,984,1040
Phf11a,0,1,8,7
Phf11b,11,6,20,14
Phf11c,91,87,93,82
Phf11d,13,9,31,32
Phf12,5560,5138,5303,4781
Phf13,89,76,115,109
Phf14,11268,12374,9990,10195
Phf19,47,26,37,25
Phf2,1604,1451,1353,1135
Phf20,6436,5797,6130,4623
Phf20l1,12144,14803,11707,11408
Phf21a,18245,15945,15369,13354
Phf21b,1436,1294,842,656
Phf23,201,267,246,141
Phf24,11020,13348,12261,9989
Phf2os1,454,463,375,354
Phf3,9343,10259,8486,8439
Phf5a,423,588,370,374
Phf6,3532,3881,2878,3303
Phf7,406,484,425,482
Phf8,3590,3546,3074,2798
Phgdh,474,386,384,336
Phgr1,2,3,2,0
Phip,13429,13450,12091,10789
Phka1,3270,3114,3329,2322
Phka2,4929,5535,5307,5093
Phkb,6030,5654,5939,5213
Phkg1,2707,1634,2253,1612
Phkg2,1511,1697,1560,1366
Phlda1,333,488,271,350
Phlda2,0,0,0,0
Phlda3,46,55,57,26
Phldb1,4820,3092,4755,2678
Phldb2,927,790,1040,682
Phldb3,13,10,15,6
Phlpp1,15957,15328,18357,12823
Phlpp2,4143,4697,4216,4193
Phospho1,1,0,0,1
Phospho2,452,572,441,460
Phox2a,2,1,0,0
Phox2b,0,6,0,1
Phpt1,69,123,48,34
Phrf1,2892,2651,2873,2317
Phtf1,4791,5391,4821,4879
Phtf1os,58,115,69,81
Phtf2,5026,5001,3650,3867
Phxr2,34,39,13,21
Phyh,934,1029,775,918
Phyhd1,2137,1658,2116,1668
Phyhip,529,748,646,596
Phyhipl,5442,4750,4006,4791
Phykpl,1213,1110,1025,1052
Pi15,46,45,31,35
Pi16,48,49,30,52
Pi4k2a,2521,2312,2130,2010
Pi4k2b,259,257,318,318
Pi4ka,18847,18410,18662,15621
Pi4kb,3180,2985,2942,2655
Pianp,2225,2284,1837,1726
Pias1,9416,8274,9123,7659
Pias2,8159,8351,7028,6446
Pias3,596,623,579,567
Pias4,1104,1092,1165,952
Pibf1,7096,7608,7453,7150
Picalm,6271,6077,6238,5431
Pick1,2230,2289,2195,1921
Pid1,17019,13945,12103,11383
Pidd1,36,56,53,42
Piezo1,378,318,561,397
Piezo2,225,144,294,140
Pif1,22,8,25,23
Pifo,735,614,546,1396
Piga,321,368,408,370
Pigb,2061,2116,1847,1837
Pigc,206,474,325,246
Pigf,824,806,527,646
Pigg,941,1040,944,1158
Pigh,270,356,188,177
Pigk,9987,9833,11562,9830
Pigl,1139,1142,1198,1100
Pigm,44,80,69,40
Pign,2703,2978,2931,2676
Pigo,434,443,360,369
Pigp,960,1081,736,945
Pigq,1362,1409,1355,1187
Pigr,0,5,1,4
Pigs,1141,1189,1202,944
Pigt,1178,1205,1089,950
Pigu,3237,3098,3301,2848
Pigv,413,391,361,389
Pigw,36,120,31,92
Pigx,849,789,768,735
Pigyl,43,103,104,57
Pigz,454,511,577,438
Pih1d1,219,342,311,285
Pih1d2,58,130,89,92
Pih1d3,0,0,0,1
Pih1h3b,4,12,3,4
Pik3ap1,229,115,483,298
Pik3c2a,5694,5514,5060,4301
Pik3c2b,2932,2371,2693,2281
Pik3c2g,50,53,71,49
Pik3c3,1676,1824,1741,1627
Pik3ca,4822,5015,4565,4134
Pik3cb,2853,2575,2704,2409
Pik3cd,862,957,1144,942
Pik3cg,78,49,147,126
Pik3ip1,1450,1611,1410,1277
Pik3r1,5986,5682,6495,5159
Pik3r2,857,924,819,671
Pik3r3,5670,4817,4527,3709
Pik3r4,917,953,912,871
Pik3r5,174,87,237,177
Pik3r6,259,232,383,282
Pikfyve,4038,3985,3845,3774
Pilra,10,3,29,24
Pilrb1,0,0,0,0
Pilrb2,3,0,4,3
Pim1,174,207,151,121
Pim2,1322,1489,1376,1486
Pim3,455,592,603,471
Pimreg,7,3,4,6
Pin1,467,785,512,502
Pin1rt1,3,3,2,3
Pin4,242,365,290,339
Pinc,0,0,1,1
Pink1,897,906,753,764
Pinlyp,9,3,10,10
Pinx1,1192,1382,1252,1253
Pip,0,0,0,0
Pip4k2a,7569,6376,7373,5202
Pip4k2b,2173,1902,2086,1707
Pip4k2c,1414,1539,1331,1248
Pip4p1,1485,1782,1536,1371
Pip4p2,3710,3432,3214,3127
Pip5k1a,6854,6563,6363,5572
Pip5k1b,6513,8281,6995,4658
Pip5k1bos,95,90,66,65
Pip5k1c,3684,3546,3337,2562
Pip5kl1,269,413,309,249
Pipox,315,196,159,216
Pir,734,855,990,747
Pira2,1,0,0,0
Pirb,69,36,53,57
Pirt,4,12,11,7
Pisd,2126,2109,2089,1993
Pithd1,918,932,766,774
Pitpna,8655,8920,8720,7396
Pitpnb,2545,2984,2491,2636
Pitpnc1,14685,10777,13223,9619
Pitpnm1,1730,1917,1634,1419
Pitpnm2,8473,7869,7560,6789
Pitpnm2os1,95,84,66,64
Pitpnm2os2,118,78,95,62
Pitpnm3,6047,5026,3946,3142
Pitrm1,1914,2056,1859,1817
Pitx1,52,64,51,52
Pitx2,2,4,3,0
Pitx3,1,10,3,2
Piwil1,31,32,33,49
Piwil2,85,103,110,102
Piwil4,5,1,4,0
Pja1,438,754,507,474
Pja2,6861,7509,6800,6714
Pjvk,3,6,2,0
Pkd1,7892,8324,7818,6843
Pkd1l1,29,31,48,30
Pkd1l2,46,51,56,59
Pkd1l3,449,454,613,485
Pkd2,4116,3726,3882,3383
Pkd2l1,86,92,109,66
Pkd2l2,604,610,632,568
Pkdcc,476,494,487,387
Pkdrej,15,9,10,7
Pkhd1,90,69,84,59
Pkhd1l1,126,138,124,161
Pkia,7112,8432,5668,6120
Pkib,1224,1909,1123,1527
Pkig,8390,7070,6381,6379
Pklr,6,5,6,10
Pkm,2531,2127,2866,2509
Pkmyt1,102,174,158,131
Pkn1,3488,3524,3813,3400
Pkn2,8186,9074,7384,8076
Pkn3,22,17,20,19
Pknox1,1495,1234,1157,1061
Pknox2,9983,10339,11019,9400
Pkp1,20,11,15,11
Pkp2,581,809,1129,953
Pkp3,4,7,8,4
Pkp4,12004,13034,12842,10882
Pla1a,51,44,70,48
Pla2g10,55,53,42,43
Pla2g10os,5,7,5,6
Pla2g12a,536,655,483,465
Pla2g12b,8,4,3,5
Pla2g15,637,536,632,564
Pla2g1b,3,2,1,2
Pla2g2c,18,28,20,22
Pla2g2d,13,11,7,9
Pla2g2e,0,1,0,1
Pla2g2f,0,3,0,1
Pla2g3,7025,3514,2489,2866
Pla2g4a,427,326,677,491
Pla2g4b,212,244,234,162
Pla2g4c,93,74,68,63
Pla2g4d,2,13,8,4
Pla2g4e,1791,1992,1728,1454
Pla2g4f,3,6,12,6
Pla2g5,52,66,54,38
Pla2g6,505,463,472,391
Pla2g7,1793,1758,1284,1405
Pla2r1,50,38,77,57
Plaa,3693,3663,3433,3286
Plaat1,73,159,128,128
Plaat3,707,559,914,490
Plaat5,7,2,9,8
Plac1,10,18,17,6
Plac8,3,3,4,1
Plac8l1,14,13,24,16
Plac9a,0,0,0,0
Plac9b,0,0,0,0
Plag1,714,887,615,777
Plagl1,573,633,607,499
Plagl2,462,474,460,460
Plat,1255,1217,1096,1022
Platr1,4,3,6,3
Platr10,19,21,17,20
Platr11,0,0,0,0
Platr12,8,9,6,6
Platr13,0,0,0,0
Platr14,27,48,50,41
Platr15,7,10,4,8
Platr16,19,19,24,31
Platr19,0,3,0,0
Platr20,0,0,0,2
Platr21,10,14,9,8
Platr22,69,30,36,35
Platr23,11,13,7,12
Platr25,1603,1867,1637,1450
Platr26,20,3,8,13
Platr27,0,0,3,3
Platr28,4,0,6,3
Platr29,0,4,2,0
Platr3,4,3,0,1
Platr30,0,2,0,0
Platr31,327,331,352,384
Platr32,7,4,4,5
Platr4,3,1,0,1
Platr5,0,0,0,0
Platr6,30,32,32,36
Platr7,0,3,0,0
Platr8,39,25,38,56
Platr9,1,5,1,3
Plau,24,23,47,37
Plaur,17,28,112,62
Plb1,20,36,28,32
Plbd1,8,4,6,11
Plbd2,1087,1374,1101,991
Plcb1,75693,64495,56608,58654
Plcb2,103,90,107,129
Plcb3,204,132,201,144
Plcb4,10241,11636,7169,5933
Plcd1,404,451,429,370
Plcd3,990,1013,716,823
Plcd4,964,666,752,593
Plce1,1854,1453,1668,1574
Plcg1,1951,1864,1884,1577
Plcg2,277,189,495,332
Plch1,785,1494,879,913
Plch2,2550,2678,2210,1681
Plcl1,16500,16589,20976,15268
Plcl2,9938,10841,9183,8545
Plcxd1,416,365,335,460
Plcxd2,1023,1114,542,519
Plcxd3,8248,9572,5085,6741
Plcz1,43,32,39,69
Pld1,1141,766,1454,934
Pld2,743,500,726,533
Pld3,2597,3006,2365,2388
Pld4,81,61,130,90
Pld5,3460,6096,2339,2908
Pld6,54,50,33,46
Pldi,3,2,1,2
Plec,3800,4273,3924,3110
Plek,1031,1056,1076,1219
Plek2,19,23,20,19
Plekha1,7849,5816,6062,4975
Plekha2,1251,539,641,640
Plekha3,1454,1488,1375,1284
Plekha4,228,235,205,175
Plekha5,26580,24540,23067,23235
Plekha6,6626,8359,7567,6282
Plekha7,3581,3678,3653,3143
Plekha8,1441,1506,1269,1173
Plekhb1,231,184,333,159
Plekhb2,1485,1787,1456,1430
Plekhd1,205,319,165,97
Plekhd1os,16,16,12,9
Plekhf1,23,95,59,28
Plekhf2,257,260,240,196
Plekhg1,3173,2440,3831,2329
Plekhg2,187,109,177,126
Plekhg3,601,561,887,485
Plekhg4,73,82,63,70
Plekhg5,5071,5341,5906,4441
Plekhg6,8,4,6,7
Plekhh1,1447,1433,2135,1248
Plekhh2,2931,2752,2406,2309
Plekhh3,521,646,483,380
Plekhj1,1005,1168,809,864
Plekhm1,1100,1069,999,941
Plekhm2,5281,4756,5349,4193
Plekhm3,6407,6367,6083,6053
Plekhn1,1881,1891,1644,1548
Plekho1,2182,2026,1812,1760
Plekho2,182,114,166,153
Plekhs1,13,9,9,11
Plet1,8,12,11,16
Plet1os,30,26,49,26
Plg,17,27,10,7
Plgrkt,1577,1889,1643,1759
Plin1,5,5,5,6
Plin2,134,112,170,179
Plin3,267,219,321,219
Plin4,60,61,60,53
Plin5,34,32,35,37
Plk1,81,82,56,57
Plk2,2178,3231,2727,3482
Plk3,428,474,524,335
Plk4,434,526,436,522
Plk5,775,1199,731,596
Pllp,355,377,525,366
Pln,137,123,115,121
Plod1,577,534,648,444
Plod2,821,794,686,649
Plod3,913,1004,904,686
Plp1,6431,8715,9575,5659
Plp2,47,63,81,70
Plpbp,2985,3568,2694,2679
Plpp1,1433,1614,1622,1358
Plpp2,25,31,27,20
Plpp3,6413,3588,5087,4336
Plpp4,1459,1475,1406,807
Plpp5,968,1309,932,1163
Plpp6,109,285,185,75
Plpp7,728,836,748,649
Plppr1,5852,4340,4425,5730
Plppr2,3319,3787,3720,3285
Plppr3,1543,1579,1259,1339
Plppr4,5737,6313,4785,5080
Plppr5,6880,5318,4987,4711
Plrg1,257,287,236,263
Pls1,2079,2398,2702,2530
Pls3,3385,3895,3920,3288
Plscr1,79,64,102,72
Plscr2,64,59,56,50
Plscr3,503,646,557,492
Plscr4,612,512,720,501
Plscr5,18,12,12,17
Pltp,1173,1266,1159,1365
Plut,5,2,4,4
Plvap,311,625,296,339
Plxdc1,947,1291,1326,1164
Plxdc2,12739,13435,16953,13814
Plxna1,1048,1306,1034,833
Plxna2,9228,11413,11087,10216
Plxna3,693,767,672,561
Plxna4,17103,21012,20703,18244
Plxna4os1,50,71,55,38
Plxna4os2,45,55,55,56
Plxna4os3,727,978,757,904
Plxnb1,903,594,782,611
Plxnb2,712,815,685,567
Plxnb3,508,380,768,331
Plxnc1,3462,3950,3831,3149
Plxnd1,1005,1173,1095,988
Pm20d1,65,52,59,51
Pm20d2,133,157,132,167
Pmaip1,2,10,14,10
Pmch,0,0,1,1
Pmel,27,24,23,30
Pmepa1,2197,1987,1891,1644
Pmepa1os,0,23,12,12
Pmf1,134,123,121,111
Pmfbp1,41,126,59,70
Pmis2,1,0,0,0
Pml,998,821,887,878
Pmm1,1000,897,829,886
Pmm2,1850,1596,1646,1521
Pmp2,1,0,0,0
Pmp22,202,244,259,186
Pmpca,970,1065,869,835
Pmpcb,617,774,604,634
Pms1,1343,1488,1247,1217
Pms2,2029,2210,1926,2116
Pmvk,640,716,698,538
Pnck,1256,1362,1213,1146
Pnisr,20960,23714,18243,19201
Pnkd,3560,3753,3347,2858
Pnkp,2265,2208,2286,1945
Pnldc1,525,545,414,399
Pnlip,15,16,30,25
Pnliprp1,1,2,4,3
Pnliprp2,6,8,4,13
Pnma1,36,71,32,32
Pnma2,279,434,446,492
Pnma3,634,797,735,592
Pnma5,3,2,1,4
Pnmal1,391,642,487,507
Pnmal2,1009,713,895,928
Pnmt,2,2,2,1
Pnn,12206,12235,10288,12005
Pno1,225,253,213,268
Pnoc,85,154,98,78
Pnp,409,334,408,462
Pnp2,4,5,1,8
Pnpla1,27,21,29,32
Pnpla1os,2,3,5,2
Pnpla2,189,278,209,190
Pnpla3,857,988,951,1020
Pnpla5,0,0,0,0
Pnpla6,1749,1831,1893,1477
Pnpla7,2139,1482,2395,1686
Pnpla8,4252,5016,3898,4008
Pnpo,382,516,283,370
Pnpt1,4137,4598,4156,3820
Pnrc1,538,740,688,551
Pnrc2,124,221,210,105
Poc1a,685,649,701,589
Poc1b,1146,1074,1192,953
Poc5,895,1060,857,958
Podn,193,325,340,305
Podnl1,6,6,6,6
Podxl,487,536,689,659
Podxl2,3220,3198,2225,1795
Pof1b,17,12,12,12
Pofut1,2240,2136,2225,1927
Pofut2,391,483,327,313
Pogk,970,910,873,775
Poglut1,1904,2083,1773,1616
Poglut2,536,632,517,580
Poglut3,193,154,167,193
Pogz,4356,3939,3814,3604
Pola1,3816,3409,3183,3269
Pola2,345,315,330,310
Polb,8425,8992,7450,6596
Pold1,97,108,122,89
Pold2,266,265,202,217
Pold3,1626,1701,1473,1439
Pold4,271,379,276,256
Poldip2,967,1126,948,822
Poldip3,2102,1951,1718,1994
Pole,100,113,117,116
Pole2,172,137,157,142
Pole3,97,186,131,106
Pole4,383,363,381,374
Polg,2771,2437,2304,2159
Polg2,335,307,287,222
Polh,819,823,770,749
Poli,497,632,406,554
Polk,1772,1766,1720,1570
Poll,171,162,181,143
Polm,352,346,367,379
Poln,601,847,686,603
Polq,664,634,620,648
Polr1a,1464,1601,1642,1576
Polr1b,602,572,541,562
Polr1c,719,763,602,745
Polr1d,883,1145,835,948
Polr1e,177,172,146,124
Polr2a,2425,2295,2525,2577
Polr2b,1565,1718,1510,1677
Polr2c,1030,1256,878,994
Polr2d,115,261,234,147
Polr2e,696,834,603,739
Polr2f,549,482,532,544
Polr2g,890,1080,817,951
Polr2h,420,785,586,692
Polr2i,228,224,202,229
Polr2j,206,530,430,348
Polr2k,642,834,560,639
Polr2l,139,207,175,143
Polr2m,603,510,685,753
Polr3a,2300,2705,2274,2409
Polr3b,1777,1793,1851,1670
Polr3c,1181,1187,1094,1070
Polr3d,756,914,735,804
Polr3e,1985,2197,2024,1938
Polr3f,1046,1162,1053,1020
Polr3g,829,872,825,1008
Polr3gl,1487,1440,1229,933
Polr3h,3155,2905,2652,2716
Polr3k,567,840,540,536
Polrmt,1325,1203,1237,959
Pom121,1104,1514,1402,942
Pom121l12,0,0,0,0
Pom121l2,0,0,1,0
Pomc,36,93,15,38
Pomgnt1,1819,1828,1875,1630
Pomgnt2,468,622,408,416
Pomk,294,368,277,351
Pomp,544,617,812,504
Pomt1,746,841,782,655
Pomt2,1257,1328,1248,1147
Pon1,15,18,19,29
Pon2,372,244,296,283
Pon3,69,63,148,106
Pop1,1458,1631,1465,1535
Pop4,408,474,325,402
Pop5,846,1469,895,998
Pop7,48,111,32,49
Popdc2,38,28,23,29
Popdc3,141,186,227,145
Por,2464,2294,2168,2104
Porcn,1998,2657,2258,2064
Postn,75,159,87,55
Pot1a,1687,1645,1465,1455
Pot1b,1559,1450,1532,1383
Poteg,6,4,9,5
Pou1f1,5,5,3,5
Pou2af1,3,3,1,2
Pou2f1,8176,6716,6841,6299
Pou2f2,3962,3704,4058,3506
Pou2f3,5,5,14,14
Pou3f1,444,582,491,487
Pou3f2,661,729,495,452
Pou3f3,1118,1201,1122,899
Pou3f4,142,82,68,151
Pou4f1,23,14,6,0
Pou4f2,7,5,0,1
Pou4f3,2,0,0,0
Pou5f1,94,91,87,65
Pou5f2,291,306,324,239
Pou6f1,3375,3143,2824,2501
Pou6f2,1819,2734,2851,1894
Pp2d1,75,72,51,79
Ppa1,1262,1487,1225,1118
Ppa2,1714,2185,1768,1701
Ppan,661,659,648,574
Ppara,478,263,372,293
Ppard,2374,1906,2346,1556
Pparg,5561,3840,3430,2864
Ppargc1a,6393,5513,4356,4721
Ppargc1b,4370,4422,3848,3473
Ppat,1104,1239,1009,1113
Ppbp,0,0,1,0
Ppcdc,2436,2325,2413,2283
Ppcs,203,285,167,204
Ppdpf,65,119,94,150
Ppef1,84,81,74,66
Ppef2,147,140,106,82
Ppfia1,4711,4638,4624,3940
Ppfia2,42049,35593,27787,27489
Ppfia3,3398,3596,3632,2900
Ppfia4,1764,2101,1733,1654
Ppfibp1,4260,2567,3268,2613
Ppfibp2,1418,1217,1674,1065
Pphln1,1757,1645,1582,1510
Ppia,917,1550,1488,1109
Ppib,2598,4724,3045,2653
Ppic,38,30,30,36
Ppid,1542,2274,1735,1937
Ppie,489,537,418,449
Ppif,420,575,389,418
Ppifos,10,12,16,3
Ppig,5823,5698,4945,4708
Ppih,618,587,611,533
Ppil1,201,249,185,216
Ppil2,3695,3389,3395,2946
Ppil3,823,887,795,780
Ppil4,3302,3492,3011,2903
Ppil6,1188,1325,1255,1396
Ppip5k1,8279,7913,7418,6897
Ppip5k2,3989,5238,3967,4022
Ppl,185,290,290,257
Ppm1a,3673,4272,3411,3280
Ppm1b,4270,4303,3556,3201
Ppm1d,2064,1893,1475,1542
Ppm1e,35956,23793,22705,17684
Ppm1f,1294,1570,1397,1405
Ppm1g,2132,2251,1949,1756
Ppm1h,10235,12557,12138,9707
Ppm1j,21,11,21,14
Ppm1k,1383,1722,1357,1347
Ppm1l,14407,14082,10672,9506
Ppm1m,541,646,618,546
Ppm1n,4,4,6,2
Ppme1,5143,5689,4648,4483
Ppnr,45,42,39,21
Ppox,875,811,871,750
Ppp1ca,398,476,548,455
Ppp1cb,4661,4576,4322,4431
Ppp1cc,2879,2373,2150,2257
Ppp1r10,2750,2956,2613,2628
Ppp1r11,809,1101,835,953
Ppp1r12a,15286,16753,15226,14229
Ppp1r12b,18825,12252,11668,10638
Ppp1r12c,2866,2796,2801,2254
Ppp1r13b,7677,7275,6974,6541
Ppp1r13l,130,134,166,105
Ppp1r14a,347,435,609,386
Ppp1r14b,1340,1236,1419,1238
Ppp1r14c,3249,3141,2992,2592
Ppp1r14d,0,0,0,4
Ppp1r15a,80,165,119,148
Ppp1r15b,86,106,173,87
Ppp1r16a,849,844,843,668
Ppp1r16b,6797,5444,6524,4773
Ppp1r17,19,26,3,5
Ppp1r18,60,49,59,81
Ppp1r18os,116,94,97,98
Ppp1r1a,2713,2784,2509,3176
Ppp1r1b,218,198,133,475
Ppp1r1c,40,34,26,25
Ppp1r2,3597,3745,3278,4559
Ppp1r21,3743,3875,3857,3559
Ppp1r26,181,282,164,193
Ppp1r27,0,0,1,0
Ppp1r32,13,10,13,7
Ppp1r35,257,318,228,234
Ppp1r36,73,54,51,66
Ppp1r37,2580,2547,2471,2100
Ppp1r3a,19,10,1,16
Ppp1r3b,10,19,30,24
Ppp1r3c,386,227,255,241
Ppp1r3d,87,146,107,86
Ppp1r3e,124,205,127,159
Ppp1r3f,556,591,544,488
Ppp1r3g,52,55,37,43
Ppp1r42,164,177,146,152
Ppp1r7,1712,1805,1670,1941
Ppp1r8,887,922,879,857
Ppp1r9a,19289,19422,16559,17584
Ppp1r9b,1664,1401,1545,1380
Ppp2ca,3178,2851,2653,2833
Ppp2cb,1242,1178,1163,1139
Ppp2r1a,1130,1151,1022,1192
Ppp2r1b,803,755,755,652
Ppp2r2a,6817,6392,6183,6106
Ppp2r2b,42353,41430,39569,33324
Ppp2r2c,6024,6869,6666,5782
Ppp2r2cos,89,95,77,85
Ppp2r2d,2226,2343,2027,1975
Ppp2r3a,8231,7994,8187,7166
Ppp2r3c,800,867,690,693
Ppp2r3d,861,813,711,625
Ppp2r5a,5371,3745,3775,3714
Ppp2r5b,1205,1177,1024,1066
Ppp2r5c,10252,9854,10435,8367
Ppp2r5d,896,769,862,794
Ppp2r5e,8430,8226,7789,6696
Ppp3ca,42429,45002,41659,40396
Ppp3cb,4548,4812,4080,4010
Ppp3cc,7016,4707,4664,4025
Ppp3r1,1238,1177,1337,1409
Ppp3r2,45,37,59,54
Ppp4c,777,767,646,709
Ppp4r1,4200,4019,3858,3280
Ppp4r2,4148,4007,3457,3720
Ppp4r3a,4157,4324,3677,3719
Ppp4r3b,5213,5320,4454,4776
Ppp4r4,3781,3489,3486,3818
Ppp5c,1347,1539,1293,1157
Ppp6c,2945,2900,2533,2469
Ppp6r1,1452,1479,1440,1088
Ppp6r2,9028,9129,8396,7347
Ppp6r3,8021,6886,6677,5623
Pprc1,1041,939,1042,811
Ppt1,4988,5283,4430,4548
Ppt2,1505,1433,1357,1164
Pptc7,2497,2157,1843,1990
Ppwd1,1970,2643,1791,2170
Ppy,0,0,1,0
Pqbp1,577,618,481,626
Pqlc1,520,614,491,502
Pqlc2,947,1046,917,890
Pqlc3,83,94,139,95
Pradc1,613,680,660,710
Praf2,16,161,95,73
Prag1,1909,1893,2268,1825
Pram1,1423,1307,1189,1372
Prame,3,1,1,0
Pramef12,0,0,0,0
Pramef12os,0,0,0,0
Pramef17,0,0,0,0
Pramef20,0,1,2,0
Pramef25,0,0,0,0
Pramef6,0,0,0,0
Pramef8,191,216,212,141
Pramel1,1,0,2,2
Pramel3,0,0,0,1
Pramel4,0,0,0,0
Pramel5,0,0,0,1
Pramel6,0,0,0,0
Pramel7,5,4,0,4
Prap1,24,13,15,13
Prb1,0,0,0,0
Prc1,383,302,335,422
Prcc,1406,1186,1267,971
Prcd,158,230,174,139
Prcp,1144,1008,1039,1048
Prdm1,215,60,85,80
Prdm10,4315,4085,4107,3361
Prdm11,1622,1620,1685,1397
Prdm12,13,22,18,30
Prdm13,0,1,0,0
Prdm14,3,3,0,2
Prdm15,2164,2116,2188,1687
Prdm16,1944,886,1643,1435
Prdm16os,142,81,126,133
Prdm2,4637,4379,4061,3856
Prdm4,489,579,528,506
Prdm5,1263,1035,1254,888
Prdm6,120,69,59,22
Prdm8,358,610,506,427
Prdm9,192,215,196,177
Prdx1,700,737,897,787
Prdx2,1642,1738,1400,1707
Prdx3,443,455,387,478
Prdx4,380,710,462,601
Prdx5,511,629,905,1052
Prdx6,1823,2441,1881,1634
Prdx6b,3,5,2,6
Preb,4199,4417,3857,4585
Prelid1,255,218,283,269
Prelid2,91,91,159,110
Prelid3a,5685,6066,4549,5645
Prelid3b,114,135,109,61
Prelp,58,66,76,61
Prep,1018,1169,1174,1063
Prepl,2970,4659,3249,3766
Prex1,4247,3785,4259,3426
Prex2,8871,6188,7914,7537
Prf1,0,1,3,3
Prg2,0,0,0,0
Prg3,0,1,0,0
Prg4,20,41,11,14
Prh1,0,0,0,0
Prickle1,33476,35664,30268,25256
Prickle2,29386,32440,31654,27067
Prickle3,66,82,94,65
Prickle4,224,367,238,274
Prim1,609,500,442,416
Prim2,1697,1924,1607,1612
Prima1,435,360,527,506
Primpol,511,608,549,639
Prkaa1,1193,1286,1147,1052
Prkaa2,3902,4907,4006,3673
Prkab1,445,438,383,333
Prkab2,1457,1935,1562,1467
Prkaca,2327,2448,2276,1871
Prkacb,6125,6883,5531,5962
Prkag1,2320,2129,2194,1957
Prkag2,8666,11413,12876,9664
Prkag2os1,148,158,190,144
Prkag2os2,13,16,8,13
Prkag3,8,11,20,3
Prkar1a,2622,3054,2558,2463
Prkar1b,5922,6645,6095,5153
Prkar2a,2767,2437,2428,2003
Prkar2b,3989,3513,3292,4864
Prkca,39020,27065,23184,20489
Prkcb,21396,26102,23807,20749
Prkcd,349,319,445,408
Prkce,31846,32018,30410,26094
Prkcg,6813,7901,9750,6999
Prkch,843,342,707,1502
Prkci,1952,2405,2133,1939
Prkcq,858,499,995,749
Prkcsh,1549,1565,1464,1201
Prkcz,7867,8272,8336,7007
Prkd1,5611,4998,6443,6228
Prkd2,829,686,755,572
Prkd3,804,535,959,620
Prkdc,4112,3983,4444,4406
Prkg1,55780,42365,39165,34962
Prkg2,2209,1935,2046,1862
Prkn,33558,36212,37830,32837
Prkra,646,699,645,548
Prkrip1,879,955,893,833
Prkx,1111,1010,897,904
Prl,0,0,0,0
Prl2a1,1,0,0,0
Prl2b1,0,0,0,0
Prl2c1,14,1,3,1
Prl2c2,0,0,0,0
Prl2c3,3,3,1,2
Prl2c5,0,0,0,0
Prl3a1,2,1,1,1
Prl3b1,0,0,0,0
Prl3c1,3,5,1,2
Prl3d1,0,0,0,0
Prl3d2,0,0,0,0
Prl3d3,0,0,0,0
Prl4a1,2,0,0,0
Prl5a1,0,1,1,1
Prl6a1,0,0,0,0
Prl7a1,0,0,0,0
Prl7a2,0,0,0,0
Prl7b1,0,0,0,0
Prl7c1,5,0,0,0
Prl7d1,0,0,0,0
Prl8a1,1,2,2,3
Prl8a2,0,0,1,0
Prl8a6,0,0,0,0
Prl8a8,0,0,0,0
Prl8a9,0,0,1,0
Prlh,1,0,0,0
Prlhr,0,0,0,2
Prlr,171,426,352,396
Prm1,31,30,21,33
Prm2,2,2,2,4
Prm3,0,1,1,1
Prmt1,987,1036,863,937
Prmt2,1594,2034,1933,1747
Prmt3,2128,2172,2027,1884
Prmt5,953,907,818,851
Prmt6,76,123,101,105
Prmt7,2547,2503,2565,2346
Prmt8,6062,5830,4532,4356
Prmt9,1748,1753,1754,1742
Prnd,6,9,11,18
Prnp,1300,1815,2339,1391
Prob1,68,37,87,63
Proc,3,3,4,3
Proca1,443,327,380,408
Procr,13,15,11,9
Prodh,1469,1379,1369,1304
Prodh2,0,2,4,0
Prok1,16,12,13,10
Prok2,111,28,34,77
Prokr1,0,4,3,1
Prokr2,66,44,39,60
Prol1,0,0,1,1
Prom1,458,548,427,420
Prom2,6,9,4,5
Prop1,0,1,0,0
Prorp,968,1131,1108,1085
Prorsd1,274,266,201,229
Pros1,664,592,774,860
Proscos,19,57,24,9
Proser1,1948,2140,1746,2011
Proser2,103,129,88,95
Proser3,231,192,197,161
Prox1,668,887,1205,624
Prox1os,211,247,378,179
Prox2,545,421,513,458
Prox2os,109,135,107,110
Proz,53,30,38,43
Prp2,0,0,1,1
Prpf18,2461,2747,2043,2161
Prpf19,1025,1257,1076,959
Prpf3,2105,2182,1920,2112
Prpf31,1139,1214,1092,1107
Prpf38a,1335,1386,1109,1221
Prpf38b,2010,2792,1929,1959
Prpf39,5880,7023,5356,5600
Prpf4,1074,1123,909,949
Prpf40a,7859,8275,7195,7431
Prpf40b,3629,3554,3825,2980
Prpf4b,14594,18119,12444,15262
Prpf6,3995,4055,3639,3373
Prpf8,2018,1930,1906,1723
Prph,12,34,21,17
Prph2,4,4,5,1
Prpmp5,0,0,1,0
Prps1,317,319,262,269
Prps1l1,2,0,1,1
Prps1l3,12,46,26,24
Prps2,426,468,480,470
Prpsap1,1859,1980,1680,1507
Prpsap2,1353,1337,1429,1516
Prr11,36,23,37,21
Prr12,1358,1136,1365,1014
Prr13,175,573,347,264
Prr14,3118,2803,2816,2620
Prr14l,7192,6457,6751,5402
Prr15,9,23,19,19
Prr15l,0,0,1,2
Prr16,17320,19189,13268,12491
Prr18,85,173,232,118
Prr19,2,2,1,1
Prr22,62,77,68,51
Prr23a1,0,0,0,0
Prr23a2,0,0,0,0
Prr23a3,0,0,0,0
Prr27,1,2,0,4
Prr29,3,3,1,2
Prr3,1564,1451,1355,1323
Prr30,1,0,0,1
Prr32,0,2,0,0
Prr33,3,8,10,7
Prr36,302,398,304,313
Prr5,214,257,271,179
Prr5l,4721,4950,8399,4035
Prr7,810,1087,784,907
Prr9,0,0,0,0
Prrc1,1433,1695,1647,1790
Prrc2a,2601,2386,2459,1879
Prrc2b,7797,7421,7300,6398
Prrc2c,13342,14572,12498,13310
Prrg1,1323,1504,1946,1547
Prrg2,204,263,237,232
Prrg3,304,576,400,366
Prrg4,111,106,125,81
Prrt1,2061,2430,1777,1398
Prrt2,13,36,14,20
Prrt3,433,724,443,469
Prrt4,192,208,162,216
Prrx1,1122,569,859,612
Prrx2,75,48,54,62
Prrxl1,2,28,2,3
Prss1,1,1,0,1
Prss12,801,1012,1282,1276
Prss16,2,15,12,15
Prss2,3,2,7,6
Prss21,0,0,0,0
Prss22,12,40,32,41
Prss23,170,121,119,29
Prss23os,3,7,1,1
Prss27,106,70,103,118
Prss28,0,0,0,0
Prss29,0,0,0,0
Prss3,0,0,0,0
Prss30,37,49,23,27
Prss32,1,1,2,3
Prss33,2,1,0,1
Prss34,0,0,0,0
Prss35,121,200,271,212
Prss36,449,704,652,595
Prss37,3,0,1,0
Prss38,6,2,1,2
Prss39,0,0,0,0
Prss40,1,2,1,1
Prss41,7,5,2,5
Prss42,1,1,0,0
Prss43,7,1,4,11
Prss44,1,0,0,3
Prss45,8,9,12,9
Prss46,2,2,2,2
Prss47,2,0,4,4
Prss48,79,88,93,94
Prss50,4,8,8,3
Prss51,11,20,25,10
Prss52,81,70,68,57
Prss53,85,95,69,64
Prss54,19,27,25,30
Prss55,5,9,7,4
Prss56,6,6,6,6
Prss57,33,33,28,27
Prss58,0,0,0,0
Prss8,24,28,30,27
Prtg,1545,1333,1990,1838
Prtn3,187,148,141,212
Prune1,844,909,852,778
Prune2,5533,4595,3711,3540
Prx,81,66,94,80
Prxl2a,877,1194,923,963
Prxl2b,114,81,158,157
Prxl2c,2582,2860,2049,2324
Psap,3168,3733,4337,3180
Psapl1,13,14,4,9
Psat1,372,367,533,339
Psca,8,4,4,2
Psd,2807,2775,2367,2174
Psd2,1307,1246,1348,888
Psd3,17315,17228,14448,13945
Psd4,28,15,28,32
Psen1,3167,3364,3528,3012
Psen2,697,806,777,658
Psenen,432,858,549,598
Psg16,329,708,407,373
Psg17,5,4,1,2
Psg18,0,0,0,0
Psg19,0,1,0,1
Psg20,0,0,2,0
Psg21,1,1,1,0
Psg22,0,0,0,0
Psg23,0,1,4,1
Psg25,0,0,0,0
Psg26,0,0,0,0
Psg27,0,0,0,0
Psg28,0,1,0,1
Psg29,3,4,6,8
Psip1,9646,10006,8075,9536
Pskh1,1275,1346,1334,1386
Psma1,4072,4529,3660,4049
Psma2,1408,1915,1455,1448
Psma3,8128,8788,7579,7876
Psma4,1030,1196,1026,1094
Psma5,1638,1959,1524,1564
Psma6,955,1152,955,928
Psma7,1176,1302,1435,1241
Psma8,26,23,48,41
Psmb1,1683,1932,1532,1755
Psmb10,65,186,165,147
Psmb11,4,11,9,9
Psmb2,3713,4265,3622,3661
Psmb3,699,1055,840,936
Psmb4,106,147,173,106
Psmb5,83,171,250,104
Psmb6,103,174,256,140
Psmb7,1746,2012,1741,1683
Psmb8,30,38,61,51
Psmb9,34,32,72,61
Psmc1,2193,2719,2220,2364
Psmc2,1617,1734,1436,1495
Psmc3,1177,1562,1031,1208
Psmc3ip,107,96,75,94
Psmc4,1667,1717,1408,1395
Psmc5,1177,951,1129,1051
Psmc6,4470,5447,4120,4768
Psmd1,5884,6266,6055,5462
Psmd10,52,76,75,104
Psmd11,5515,5363,5028,4522
Psmd12,2501,2732,2303,2255
Psmd13,2180,2205,2182,2131
Psmd14,6558,7438,6726,6942
Psmd2,1121,1367,1023,1063
Psmd3,1381,1535,1503,1132
Psmd4,3497,4137,3234,3340
Psmd5,1371,1692,1428,1734
Psmd6,927,1304,892,962
Psmd7,3512,3879,3536,3715
Psmd8,586,765,493,564
Psmd9,3047,2982,2812,3033
Psme1,551,525,527,532
Psme2,393,374,351,341
Psme2b,9,11,15,17
Psme3,571,679,503,519
Psme4,15357,13658,12147,10927
Psmf1,1124,1258,1112,1060
Psmg1,343,402,338,328
Psmg2,829,961,811,965
Psmg3,317,420,325,376
Psmg4,282,337,247,192
Psors1c2,15,22,15,15
Pspc1,5844,5798,4908,5473
Psph,716,816,669,714
Pspn,3,4,4,3
Psrc1,247,416,423,325
Pstk,1780,2558,1682,1898
Pstpip1,92,126,146,108
Pstpip2,1890,1795,2655,1524
Ptafr,31,14,50,35
Ptar1,1925,1816,1311,1304
Ptbp1,975,951,901,864
Ptbp2,6161,7341,5555,6190
Ptbp3,3249,2771,2789,2614
Ptcd1,798,755,721,789
Ptcd2,845,901,655,760
Ptcd3,2958,3421,2794,2836
Ptch1,4441,3583,3171,3395
Ptch2,191,155,109,232
Ptchd1,2359,3134,2381,2461
Ptchd3,0,0,0,0
Ptchd4,9685,12441,8906,9415
Ptcra,107,91,71,74
Ptdss1,2103,2180,2138,1935
Ptdss2,1747,1891,1658,1580
Pten,12403,11255,9210,9634
Pter,324,300,367,338
Ptf1a,0,0,0,0
Ptf1aos,0,0,0,0
Ptgdr,21,7,10,13
Ptgdr2,2,3,1,1
Ptgds,3945,9996,2108,1229
Ptger1,95,69,83,93
Ptger2,26,28,21,15
Ptger3,419,640,531,621
Ptger4,383,490,362,431
Ptges,215,309,282,269
Ptges2,416,523,354,368
Ptges3,2380,2408,2063,2049
Ptges3l,105,139,108,122
Ptgfr,10,16,9,12
Ptgfrn,576,618,553,478
Ptgir,1,1,2,1
Ptgis,405,359,276,371
Ptgr1,5,9,8,6
Ptgr2,915,839,856,1077
Ptgs1,269,302,394,354
Ptgs2,78,158,177,149
Ptgs2os,290,476,302,317
Ptgs2os2,8,4,2,3
Pth,0,0,1,1
Pth1r,243,259,284,274
Pth2,3,5,4,7
Pth2r,319,380,305,316
Pthlh,11,40,11,8
Ptk2,23153,24061,21988,20306
Ptk2b,7682,6585,7304,6271
Ptk6,5,5,6,13
Ptk7,1111,1025,1216,1040
Ptma,1415,1406,1994,1449
Ptms,2608,2945,2524,2258
Ptn,9060,9310,7936,7243
Ptov1,2049,1980,1789,1458
Ptp4a1,55,98,88,115
Ptp4a1.1,10,6,6,8
Ptp4a2,3881,3091,3246,3007
Ptp4a3,784,1085,959,912
Ptpa,4806,4567,4284,4009
Ptpdc1,1907,1856,1498,1329
Ptpmt1,508,700,508,607
Ptpn1,6097,5365,5220,4843
Ptpn11,4228,4201,4206,3746
Ptpn12,7680,6546,6143,5786
Ptpn13,1926,1331,1620,1682
Ptpn14,1762,806,1073,951
Ptpn18,132,125,154,123
Ptpn2,3133,3167,2760,2476
Ptpn20,20,22,25,14
Ptpn21,879,948,861,876
Ptpn22,198,390,209,111
Ptpn23,1520,1677,1661,1458
Ptpn3,4126,4826,4154,3354
Ptpn4,11398,10615,9351,8712
Ptpn5,6421,7110,5899,6456
Ptpn6,51,39,131,74
Ptpn7,7,3,8,16
Ptpn9,8042,6790,7000,5307
Ptpra,9319,8747,9395,7641
Ptprb,1202,842,1217,1380
Ptprc,233,178,630,406
Ptprcap,8,3,4,2
Ptprd,299751,365725,284613,256918
Ptpre,3975,4980,5623,4786
Ptprf,3183,2684,2915,2233
Ptprg,28373,27316,27645,24066
Ptprh,84,101,103,95
Ptprj,15756,16988,15258,11871
Ptprk,17625,21517,20123,16235
Ptprm,18988,13439,14595,12400
Ptprn,12168,12844,9874,9019
Ptprn2,42409,48441,44181,42058
Ptpro,12700,2792,2869,3505
Ptprq,194,199,168,176
Ptprr,9866,10988,8272,7857
Ptprs,17345,18366,17038,14343
Ptprt,31265,31779,31072,29442
Ptprtos,10,9,10,10
Ptpru,1334,1731,1720,1220
Ptprz1,12780,9448,12048,9635
Ptrh1,50,44,27,10
Ptrh2,671,760,668,711
Ptrhd1,294,446,324,445
Pts,891,870,863,867
Pttg1,296,495,417,211
Pttg1ip,923,1244,976,1018
Ptx3,14,15,5,8
Ptx4,4,5,4,4
Pudp,7,4,12,3
Puf60,1894,2140,1699,1927
Pum1,9217,8036,8084,6858
Pum2,5440,5383,4880,4366
Pum3,1190,1332,1215,1274
Pura,5381,6123,4934,5298
Purb,714,646,1031,656
Purg,5227,4619,3682,3171
Pus1,303,322,298,235
Pus10,3525,3722,3500,3426
Pus3,557,626,539,611
Pus7,3410,3586,3778,3110
Pus7l,125,178,148,178
Pusl1,679,677,648,584
Pvalb,134,579,134,114
Pvr,697,599,541,555
Pvrig,0,3,1,2
Pvt1,4566,6189,6428,5161
Pwp1,781,664,620,691
Pwp2,673,646,624,548
Pwwp2a,4119,4218,3641,3618
Pwwp2b,219,202,207,237
Pwwp3a,1103,1198,1232,1124
Pwwp3b,192,207,121,188
Pxdc1,116,94,203,106
Pxdn,2463,2991,3119,2849
Pxk,4830,5247,4503,3697
Pxmp2,181,126,136,140
Pxmp4,1042,1066,1079,1085
Pxn,1258,1285,1296,882
Pxt1,2,3,1,0
Pxylp1,1305,1293,902,1018
Pycard,653,583,697,732
Pycr1,53,31,39,57
Pycr2,755,939,691,874
Pycrl,297,422,264,318
Pygb,4175,3596,4556,3653
Pygl,168,133,126,156
Pygm,206,196,162,111
Pygo1,1261,1277,1247,1103
Pygo2,541,611,516,501
Pym1,586,621,556,549
Pyroxd1,1198,1292,1080,1124
Pyroxd2,72,46,82,66
Pyy,0,0,0,0
Pzp,132,213,134,129
Qars,556,615,585,537
Qdpr,554,591,842,525
Qk,27940,16604,24405,16959
Qpct,233,222,220,216
Qpctl,625,600,500,478
Qprt,2,5,2,6
Qrfp,11,14,4,9
Qrfpr,596,761,603,666
Qrfprl,60,102,65,79
Qrich1,7161,6567,6808,5943
Qrich2,5,4,7,6
Qrsl1,1199,1357,1070,1121
Qser1,3096,3131,2823,2661
Qsox1,1038,1178,1136,992
Qsox2,1389,1362,1238,1275
Qtrt1,2672,2616,2667,2935
Qtrt2,1422,1434,1282,1292
R3hcc1,225,286,223,212
R3hcc1l,2315,2143,2161,1973
R3hdm1,51671,54440,39352,40375
R3hdm2,21889,21894,17236,14322
R3hdm4,2829,2882,2495,2439
R3hdml,3,6,2,1
R74862,340,321,335,320
Rab10,7429,6398,6865,5705
Rab10os,2042,2192,1612,2262
Rab11a,1764,1759,1665,1844
Rab11b,1872,1954,1660,1655
Rab11fip1,109,94,110,98
Rab11fip2,5217,5745,4560,5664
Rab11fip3,11096,9656,10384,8142
Rab11fip4,6331,6260,6077,5454
Rab11fip4os1,413,366,379,373
Rab11fip4os2,48,23,50,23
Rab11fip5,791,1029,1037,933
Rab12,3583,3856,3420,3142
Rab13,281,329,254,258
Rab14,3441,3836,3478,3356
Rab15,2083,2771,2292,2181
Rab17,2,0,0,0
Rab18,1687,2002,1503,1758
Rab19,33,26,28,37
Rab1a,2429,2671,2332,2226
Rab1b,484,649,396,506
Rab20,25,15,29,18
Rab21,3061,3392,2862,3151
Rab22a,1282,1175,1201,1245
Rab23,1224,1282,1143,1124
Rab24,2528,2525,2290,2219
Rab25,6,4,7,7
Rab26,1270,1640,1700,1782
Rab26os,5,80,2,0
Rab27a,1219,1574,1304,1202
Rab27b,2990,4305,3874,3739
Rab28,4475,5168,4160,4164
Rab29,85,40,92,55
Rab2a,7602,7852,7105,6933
Rab2b,2076,2166,1875,1974
Rab30,6553,6114,5734,5525
Rab31,4928,4079,5227,3403
Rab32,39,45,50,61
Rab33a,689,972,795,826
Rab33b,456,476,512,466
Rab34,2221,1329,1443,1671
Rab35,456,581,480,450
Rab36,1466,1697,1608,1828
Rab37,272,771,357,187
Rab38,132,170,172,135
Rab39,185,142,186,159
Rab39b,118,279,234,153
Rab3a,129,247,680,167
Rab3b,1088,1210,1502,1387
Rab3c,12008,14046,10466,9384
Rab3d,236,343,281,277
Rab3gap1,7983,8025,7434,7330
Rab3gap2,5793,6161,5679,5376
Rab3il1,164,108,169,123
Rab3ip,2014,2295,2188,1779
Rab40b,4588,3164,3083,3973
Rab40c,5822,4963,6034,4587
Rab42,191,295,183,287
Rab43,1883,2030,1805,1901
Rab44,8,2,6,4
Rab4a,1374,1517,1311,1208
Rab4b,1415,1516,1443,1250
Rab5a,2556,2779,2378,2701
Rab5b,3382,3194,3114,2944
Rab5c,976,994,916,771
Rab5if,1028,1282,899,1141
Rab6a,4563,4981,4469,4416
Rab6b,5590,6329,5809,4702
Rab7,3243,3322,2956,2808
Rab7b,23,21,67,53
Rab8a,615,619,586,577
Rab8b,2546,2622,2769,2267
Rab9,594,695,626,570
Rab9b,283,383,278,347
Rabac1,356,928,660,355
Rabep1,14089,13041,13926,11545
Rabep2,1011,897,1087,830
Rabepk,1263,1385,1147,1134
Rabgap1,13335,13266,12617,11340
Rabgap1l,21320,23843,20785,19404
Rabgef1,1956,1950,1749,1591
Rabggta,659,666,626,510
Rabggtb,1144,1266,1025,1302
Rabif,692,614,771,616
Rabl2,1489,1780,1368,1340
Rabl3,450,482,513,573
Rabl6,7462,7187,7036,6329
Rac1,2049,2163,2091,2146
Rac2,9,4,24,17
Rac3,530,661,594,623
Racgap1,350,332,330,305
Rack1,461,541,800,751
Rad1,234,280,187,221
Rad17,3199,3316,2883,3125
Rad18,1122,1193,1182,1200
Rad21,1367,1476,1189,1150
Rad21l,53,80,69,74
Rad23a,803,1164,829,885
Rad23b,3674,4219,3341,3659
Rad50,1961,2014,2021,1911
Rad51,423,422,371,429
Rad51ap1,145,170,141,133
Rad51ap2,1572,2007,1434,1766
Rad51b,348,280,422,429
Rad51c,521,531,351,357
Rad51d,652,675,659,551
Rad52,1804,1859,2015,1917
Rad54b,158,118,156,165
Rad54l,172,156,135,140
Rad54l2,3182,3060,2875,2676
Rad9a,243,246,254,270
Rad9b,1296,1130,1023,1070
Radil,2483,2467,2259,2276
Radx,29,30,25,33
Rae1,2293,2465,2504,2236
Raet1d,0,1,1,0
Raet1e,40,48,54,47
Raf1,6265,6142,5331,5372
Rag1,0,3,0,1
Rag2,12,7,3,9
Rai1,7349,6968,6930,5714
Rai14,1870,1532,1908,1776
Rai2,1409,1275,900,950
Rala,2699,2900,2773,2492
Ralb,965,803,768,663
Ralbp1,3615,4014,3578,3206
Ralgapa1,18213,20447,16553,16299
Ralgapa2,11547,13810,11976,11483
Ralgapb,6520,7059,6380,5848
Ralgds,1930,2002,2074,1405
Ralgps1,13197,13140,14224,11339
Ralgps2,8192,6545,5669,5232
Raly,346,406,362,350
Ralyl,58983,81258,57453,53297
Ramac,117,93,124,53
Ramp1,2129,1912,1963,1984
Ramp2,470,583,546,510
Ramp3,51,100,110,117
Ran,102,92,216,92
Ranbp1,1089,1136,824,945
Ranbp10,4114,3668,3870,3056
Ranbp17,4917,4784,4431,4895
Ranbp2,6151,6389,5474,5420
Ranbp3,1832,1688,1875,1433
Ranbp3l,955,605,488,350
Ranbp6,80,445,220,260
Ranbp9,9189,10086,9488,8912
Rangap1,2408,2755,2691,2304
Rangrf,142,211,141,152
Rap1a,5028,4069,4420,4001
Rap1b,3069,2625,2406,2602
Rap1gap,6596,6568,6689,6820
Rap1gap2,8188,9760,9708,7715
Rap1gapos,42,40,49,62
Rap1gds1,12751,11043,9932,9043
Rap2a,2948,2844,2642,2630
Rap2b,1004,1439,1089,1488
Rap2c,502,512,368,413
Rapgef1,6583,6258,7092,5609
Rapgef2,15876,16617,15004,13061
Rapgef3,1884,1273,1735,1223
Rapgef3os1,35,17,27,18
Rapgef3os2,21,21,13,14
Rapgef4,23346,25736,21009,20667
Rapgef4os1,3353,3423,2936,3089
Rapgef4os2,291,376,255,363
Rapgef4os3,43,41,49,37
Rapgef5,15501,16741,16860,15851
Rapgef6,12564,12649,11255,11496
Rapgefl1,3550,3666,3973,3178
Raph1,7937,8920,8092,7227
Rapsn,8,7,13,8
Rara,379,447,390,310
Rarb,4896,2010,1651,11391
Rarg,907,697,806,787
Rarres1,42,40,51,46
Rarres2,47,92,37,59
Rars,1288,1508,1191,1367
Rars2,4654,5002,4676,4872
Rasa1,8904,7395,6289,6091
Rasa2,12136,6760,6362,5795
Rasa3,5098,3555,3985,2964
Rasa4,702,772,550,419
Rasal1,2409,2640,3758,2483
Rasal2,25863,28445,20663,19916
Rasal3,65,26,159,75
Rasd1,13,32,41,25
Rasd2,242,226,131,321
Rasef,44,90,37,46
Rasgef1a,7705,8022,7770,6953
Rasgef1b,14333,19097,17620,16858
Rasgef1c,1312,1302,970,1284
Rasgrf1,21009,22803,20293,18179
Rasgrf2,7976,8570,7092,6085
Rasgrp1,4588,3846,3865,4758
Rasgrp2,993,683,500,838
Rasgrp3,1071,868,1903,1248
Rasgrp4,117,89,113,119
Rasip1,224,127,226,222
Rasl10a,698,1165,838,957
Rasl10b,694,690,482,706
Rasl11a,21,44,49,20
Rasl11b,974,794,692,684
Rasl12,138,96,167,119
Rasl2-9,12,6,11,13
Rassf1,1315,1382,1157,1428
Rassf10,11,13,20,10
Rassf2,840,650,1122,684
Rassf3,918,835,984,976
Rassf4,189,173,219,114
Rassf5,620,909,813,570
Rassf6,41,98,33,37
Rassf7,15,12,10,14
Rassf8,5093,4228,3773,4336
Rassf9,183,120,178,195
Raver2,2872,2883,3240,2495
Rax,6,7,3,2
Raxos1,0,0,0,0
Rb1,9133,7908,7048,6345
Rb1cc1,9582,10450,9387,8620
Rbak,533,663,564,603
Rbakdn,1,0,0,0
Rbbp4,3097,3094,2804,2530
Rbbp5,1313,1397,1235,1247
Rbbp6,4912,4928,4371,4285
Rbbp7,2094,2272,1853,2194
Rbbp8,1074,1161,976,852
Rbbp8nl,0,0,0,0
Rbbp9,544,641,394,578
Rbck1,1528,1517,1409,1415
Rbfa,386,534,385,503
Rbfaos,6,6,7,6
Rbfox1,190756,224427,220618,186974
Rbfox2,21847,20762,17905,16657
Rbfox3,27793,26110,23884,20159
Rbis,2070,2342,1613,2332
Rbks,1525,1657,1669,1691
Rbl1,380,332,313,302
Rbl2,2958,2967,2791,2641
Rbm10,3720,3424,3674,2974
Rbm11,220,344,276,461
Rbm12b1,174,396,258,292
Rbm12b2,574,904,599,569
Rbm14,990,1066,938,892
Rbm15,676,811,552,757
Rbm15b,93,129,150,133
Rbm17,1139,1395,1103,1019
Rbm18,1251,1326,1146,1163
Rbm19,478,482,505,446
Rbm20,2189,1617,1384,1429
Rbm22,978,1066,934,869
Rbm24,1426,2010,1394,1885
Rbm25,15941,15833,15756,14015
Rbm26,14458,16037,13182,14676
Rbm27,4126,3864,3591,3480
Rbm28,5260,5781,4965,4867
Rbm3,3308,3552,2804,2642
Rbm31y,0,0,0,0
Rbm33,6541,7354,5825,6082
Rbm34,996,1080,956,1064
Rbm38,47,58,37,26
Rbm39,27386,28522,25714,29640
Rbm3os,7,9,11,4
Rbm4,1982,1967,1792,1762
Rbm41,1632,1769,1591,1367
Rbm42,904,1033,910,899
Rbm43,225,366,251,195
Rbm44,4,8,5,8
Rbm45,919,1090,905,1069
Rbm46,31,22,19,14
Rbm46os,10,8,11,12
Rbm47,312,147,481,278
Rbm48,949,1034,705,821
Rbm4b,6244,5856,5027,5424
Rbm5,13136,12653,12627,11436
Rbm6,16291,16254,15449,13435
Rbm7,533,778,691,390
Rbm8a,695,820,673,710
Rbm8a2,36,100,30,30
Rbms1,6005,6849,5308,5548
Rbms2,949,703,758,535
Rbms3,14181,14522,14120,16658
Rbmx,2679,2232,2027,1983
Rbmx2,88,62,60,60
Rbmxl1,570,871,473,687
Rbmxl2,0,0,0,0
Rbmy,0,0,0,0
Rbp1,236,151,165,238
Rbp2,26,20,28,55
Rbp3,0,0,0,0
Rbp4,52,122,71,71
Rbp7,5,2,6,4
Rbpj,2952,2797,2858,2362
Rbpjl,80,60,92,98
Rbpms,656,448,718,583
Rbpms2,142,95,119,104
Rbsn,1217,1214,1194,1103
Rbx1,1757,2052,1908,1759
Rc3h1,5820,5213,5663,4875
Rc3h2,6467,6078,5774,5754
Rcan1,2011,1895,1948,1625
Rcan2,7371,7784,5973,7530
Rcan3,850,879,626,888
Rcbtb1,2277,2580,2542,2553
Rcbtb2,1566,2289,1420,2269
Rcc1,444,450,424,441
Rcc1l,1163,1091,1179,1025
Rcc2,1354,1258,1221,1181
Rccd1,1524,1294,1507,1406
Rce1,589,611,450,557
Rchy1,3116,3442,2725,2920
Rcl1,1000,866,875,1030
Rcn1,140,190,123,212
Rcn2,2738,3161,2305,2854
Rcn3,17,34,35,23
Rcor1,5423,4438,4927,3883
Rcor2,592,555,624,630
Rcor3,2969,3170,2973,2630
Rcsd1,329,220,462,273
Rcvrn,106,105,122,127
Rd3,2,2,0,2
Rd3l,7,1,0,1
Rdh1,33,24,34,29
Rdh10,920,898,863,778
Rdh11,490,572,607,457
Rdh12,97,131,163,176
Rdh13,962,1084,866,880
Rdh14,549,724,552,520
Rdh16,34,46,41,44
Rdh16f2,3,3,0,0
Rdh19,2,1,1,1
Rdh5,256,185,248,221
Rdh7,0,0,1,0
Rdh8,0,0,1,1
Rdh9,87,73,69,73
Rdm1,165,210,208,213
Rdx,3535,2992,2803,2696
Rec114,744,766,589,585
Rec8,388,291,180,167
Reck,2065,2049,2176,2257
Recql,939,1029,864,910
Recql4,56,89,82,62
Recql5,1845,1790,2016,1781
Recql5os1,27,32,35,25
Redrum,6,3,5,2
Reep1,9662,9975,10195,9025
Reep2,2370,2710,2127,2074
Reep3,3844,4066,3472,2946
Reep4,106,160,121,76
Reep5,2632,2656,2804,2912
Reep6,54,55,61,60
Reg1,0,0,0,0
Reg2,1,0,0,0
Reg3a,0,1,1,0
Reg3b,2,0,0,0
Reg3d,1,0,0,0
Reg3g,1,0,0,0
Reg4,0,2,0,0
Rel,666,576,489,519
Rela,967,915,925,750
Relb,457,338,414,347
Relch,8425,8632,8495,8068
Rell1,816,1095,1071,981
Rell2,1174,1566,1209,1215
Reln,6641,8477,7793,6306
Relt,166,254,170,150
Rem1,53,32,65,37
Rem2,73,79,30,106
Ren1,1,0,0,0
Renbp,113,62,152,94
Rep15,148,93,107,92
Repin1,261,642,409,110
Reps1,3836,4236,3905,3749
Reps2,8552,10935,10008,10265
Rer1,522,603,728,749
Rere,35124,29553,30092,25074
Rerg,2515,1420,1254,1582
Rergl,2,3,0,2
Resf1,1753,1882,1657,1609
Resp18,404,1255,684,583
Rest,224,163,226,192
Ret,68,102,57,35
Retn,79,46,79,117
Retnla,4,12,6,2
Retnlb,1,2,6,3
Retnlg,15,21,15,11
Retreg1,3711,3721,3797,2946
Retreg2,1300,1639,1145,1103
Retreg3,2869,2677,2634,2378
Retsat,115,149,120,115
Rev1,6512,6751,5589,5547
Rev3l,14551,13491,12569,11470
Rex1bd,123,101,175,101
Rex2,3,5,3,1
Rexo1,2334,2366,2056,2292
Rexo2,1172,1486,1185,1176
Rexo4,1727,2302,1725,1613
Rexo5,145,162,155,154
Rfc1,2784,2755,2629,2632
Rfc2,1087,1168,1209,1072
Rfc3,343,336,271,352
Rfc4,139,168,123,137
Rfc5,310,266,271,258
Rfesd,443,563,497,596
Rffl,2455,2220,3040,2207
Rfk,40,51,86,54
Rflna,140,114,111,100
Rflnb,127,205,149,171
Rfng,925,1078,871,701
Rfpl4,3,4,0,4
Rfpl4b,0,0,0,0
Rft1,819,912,938,933
Rftn1,1968,1784,2356,1753
Rftn2,1084,592,1081,774
Rfwd3,1980,1689,1670,1888
Rfx1,1646,1640,1483,1229
Rfx2,416,215,293,233
Rfx3,15518,15271,13900,15450
Rfx4,2048,1101,1615,1412
Rfx5,521,513,369,363
Rfx6,3,2,0,1
Rfx7,12645,11640,10851,9603
Rfx8,25,21,36,47
Rfxank,323,363,343,246
Rfxap,296,555,444,523
Rgcc,752,564,745,552
Rgl1,9282,8311,8415,8487
Rgl2,2185,2241,2475,1731
Rgl3,220,318,213,153
Rgma,1954,1518,1880,1527
Rgmb,881,877,876,759
Rgn,7,4,1,2
Rgp1,677,771,739,791
Rgr,0,0,0,0
Rgs1,4,2,13,13
Rgs10,400,285,490,382
Rgs11,2404,2804,2839,2535
Rgs12,2082,1144,1498,1465
Rgs13,32,32,53,72
Rgs14,527,498,541,552
Rgs16,84,117,82,72
Rgs17,6330,6820,5240,5503
Rgs18,7,16,15,9
Rgs19,261,278,274,266
Rgs2,251,383,362,534
Rgs20,9682,6304,7704,6329
Rgs21,4,1,2,0
Rgs22,381,518,332,426
Rgs3,918,729,762,559
Rgs4,221,297,321,427
Rgs5,2228,1817,2171,2256
Rgs6,29402,30951,27731,20790
Rgs7,37998,43624,35938,31604
Rgs7bp,17003,20377,17029,14629
Rgs8,1253,1359,1202,1332
Rgs9,3141,1184,1009,5559
Rgs9bp,1,5,1,2
Rgsl1,464,511,519,467
Rhag,10,1,3,8
Rhbdd1,918,948,1073,966
Rhbdd2,926,1146,825,862
Rhbdd3,880,976,877,827
Rhbdf1,215,264,212,200
Rhbdf2,56,42,73,63
Rhbdl1,2705,3059,2472,2568
Rhbdl2,101,84,126,95
Rhbdl3,3989,3686,2971,2022
Rhbg,0,0,0,0
Rhcg,76,24,26,44
Rhd,65,47,85,60
Rheb,3813,3226,2936,2751
Rhebl1,353,465,321,329
Rhno1,330,347,311,252
Rho,22,17,11,11
Rhoa,3057,2885,2837,2788
Rhob,190,312,349,196
Rhobtb1,1414,1339,1388,1271
Rhobtb2,4891,4895,4343,4960
Rhobtb3,3092,2691,2262,2308
Rhoc,101,137,108,115
Rhod,63,53,45,23
Rhof,1611,1684,1594,1324
Rhog,107,177,183,107
Rhoh,137,67,208,166
Rhoj,771,549,630,408
Rhoq,2952,1832,2156,1705
Rhot1,5342,5178,5271,4737
Rhot2,1907,1889,1683,1491
Rhou,2681,3141,3281,3172
Rhov,12,40,30,24
Rhox1,0,0,1,0
Rhox10,0,0,0,0
Rhox11,0,0,0,0
Rhox12,0,0,3,1
Rhox13,0,0,2,0
Rhox2a,0,0,0,0
Rhox2b,0,0,0,0
Rhox2c,0,0,0,0
Rhox2d,0,0,0,0
Rhox2e,0,0,1,1
Rhox2f,1,0,0,0
Rhox2g,0,0,0,0
Rhox2h,0,0,0,0
Rhox3a,0,0,0,0
Rhox3a2,0,0,0,0
Rhox3c,0,0,0,0
Rhox3e,0,0,0,0
Rhox3f,0,0,0,0
Rhox3g,0,0,0,0
Rhox3h,0,0,0,0
Rhox4a,0,0,0,0
Rhox4a2,0,0,0,0
Rhox4b,1,0,0,0
Rhox4c,0,0,0,0
Rhox4d,0,0,0,0
Rhox4e,0,0,0,0
Rhox4f,0,1,0,0
Rhox4g,0,0,0,0
Rhox5,0,0,0,0
Rhox6,0,0,0,0
Rhox7a,0,0,0,0
Rhox7b,0,0,0,1
Rhox8,18,26,15,18
Rhox9,0,0,0,0
Rhpn1,199,235,207,173
Rhpn2,288,287,422,191
Rian,34862,42228,37750,32869
Ribc1,160,187,156,228
Ribc2,25,37,20,39
Ric1,4511,4774,3605,3741
Ric3,3133,3506,2718,2869
Ric8a,664,857,783,703
Ric8b,5342,4744,4323,5171
Rictor,5860,6851,6258,5795
Rida,374,462,428,302
Rif1,4297,5024,3627,3511
Riiad1,370,423,353,450
Rilp,48,50,31,25
Rilpl1,2703,2860,3202,2259
Rilpl2,989,966,1085,926
Rimbp2,13881,15539,16447,14218
Rimbp3,9,16,15,20
Rimkla,714,836,727,828
Rimklb,1726,1493,1506,1493
Rims1,46940,65764,51620,46717
Rims2,36840,44164,30138,34081
Rims3,2056,2174,1351,1179
Rims4,2453,2541,2219,1747
Rin1,710,620,678,695
Rin2,1867,1629,2210,1788
Rin3,297,219,355,355
Ring1,2190,2292,2054,1976
Rinl,139,139,196,154
Rint1,1897,1734,1609,1629
Riok1,2994,2984,2832,2663
Riok2,1347,1558,1323,1715
Riok3,5874,6124,5458,5429
Riox1,157,183,157,156
Riox2,517,546,584,633
Ripk1,693,624,764,688
Ripk2,1574,1950,1804,2039
Ripk3,1,1,5,3
Ripk4,13,20,15,24
Ripor1,1488,1460,1417,1217
Ripor2,9975,8354,9073,8558
Ripor3,38,49,26,30
Ripply1,0,0,0,0
Ripply2,128,219,125,162
Ripply3,6,7,8,11
Rit1,811,827,807,823
Rit2,9873,18615,12542,9448
Rita1,496,591,452,399
Rlbp1,251,110,218,154
Rlf,6415,6023,5969,5459
Rlim,1781,1935,1730,1994
Rln1,4,10,5,6
Rln3,1,2,1,0
Rmc1,946,1047,974,942
Rmdn1,8804,10314,7288,9160
Rmdn2,667,610,626,719
Rmdn3,1367,1557,1285,1281
Rmi1,235,321,191,164
Rmi2,60,79,107,71
Rmnd1,2919,2966,2792,2644
Rmnd5a,4994,4604,4103,4223
Rmnd5b,1466,1706,1666,1575
Rmrp,3,14,2,21
Rmst,7879,12588,7741,7101
Rnase1,3,8,3,3
Rnase10,1,1,0,0
Rnase11,0,0,0,0
Rnase12,0,0,1,1
Rnase13,0,1,0,0
Rnase2a,0,0,0,0
Rnase2b,0,0,0,0
Rnase4,38,59,61,34
Rnase6,4,6,5,9
Rnase9,0,0,0,0
Rnaseh1,679,769,704,737
Rnaseh2a,706,744,688,622
Rnaseh2b,702,831,799,744
Rnaseh2c,408,703,412,458
Rnasek,147,553,148,90
Rnasel,480,508,392,390
Rnaset2a,173,206,193,180
Rnaset2b,230,268,251,269
Rncr4,0,0,0,0
Rnd1,302,414,313,253
Rnd2,85,144,97,100
Rnd3,756,504,432,418
Rnf10,2986,2961,2866,2806
Rnf103,2188,2540,2026,2617
Rnf11,1888,1908,1647,1811
Rnf111,5684,5912,5335,5111
Rnf112,5465,7271,6888,5701
Rnf113a1,36,122,52,22
Rnf113a2,42,239,79,44
Rnf114,1901,2015,1723,1788
Rnf115,4132,4236,3839,3262
Rnf121,2674,2530,2374,2137
Rnf122,186,210,212,192
Rnf123,1903,2102,1823,1810
Rnf125,70,67,87,75
Rnf126,1657,1542,1412,1184
Rnf128,625,710,461,471
Rnf13,4262,4885,4682,4377
Rnf130,9598,10238,9282,8046
Rnf133,4,2,6,0
Rnf135,305,276,395,319
Rnf138,3669,3469,2959,2885
Rnf138rt1,11,9,7,10
Rnf139,776,880,791,746
Rnf14,3662,4152,3491,3637
Rnf141,1336,1402,1435,1328
Rnf144a,2828,2973,3297,2580
Rnf144b,2073,2821,2641,2541
Rnf145,2520,2690,2585,2497
Rnf146,1596,2054,1382,1748
Rnf148,6,5,2,0
Rnf149,1329,1358,1266,1325
Rnf150,11726,13044,12529,11901
Rnf151,7,11,2,5
Rnf152,962,1436,826,539
Rnf157,10358,9405,9576,7408
Rnf165,5066,5229,5110,3934
Rnf166,1688,1727,1581,1462
Rnf167,1133,1217,1079,1114
Rnf168,1651,1735,1569,1667
Rnf169,10133,9919,9709,9673
Rnf17,328,316,460,304
Rnf170,1891,2213,1733,1874
Rnf180,4837,4817,5253,5061
Rnf181,926,1127,861,799
Rnf182,1233,1575,1293,875
Rnf183,5,6,1,3
Rnf185,1791,1612,1700,1485
Rnf186,0,0,0,0
Rnf187,640,613,857,521
Rnf19a,2790,2863,2645,2603
Rnf19b,942,986,926,929
Rnf2,1880,2119,1764,2084
Rnf20,3144,3484,3159,3296
Rnf207,1412,1679,1519,1580
Rnf208,318,567,370,339
Rnf212,3,7,4,1
Rnf212b,12,12,8,27
Rnf213,670,571,915,688
Rnf214,4177,3733,4213,3565
Rnf215,1174,1175,1188,1052
Rnf216,7802,7059,7625,6029
Rnf217,4755,4794,3931,3699
Rnf219,948,963,814,813
Rnf220,6400,6377,9126,5218
Rnf222,0,1,1,0
Rnf223,62,50,46,33
Rnf224,0,0,0,1
Rnf225,15,24,17,11
Rnf227,472,1056,551,325
Rnf24,3373,3101,3030,2277
Rnf25,2954,3694,2601,3267
Rnf26,17,19,31,6
Rnf31,728,766,794,678
Rnf32,1656,1788,1532,1617
Rnf34,2116,2120,1851,2048
Rnf38,4889,4690,4641,4059
Rnf39,93,159,109,126
Rnf4,1504,1561,1340,1407
Rnf40,875,964,819,709
Rnf41,1944,2006,1901,1611
Rnf43,452,362,598,353
Rnf44,1052,1116,848,885
Rnf5,506,538,486,512
Rnf6,1198,1283,1066,1189
Rnf7,123,252,238,194
Rnf8,3451,3630,3361,3609
Rnft1,2151,2534,1821,2114
Rnft2,2069,2171,1928,1927
Rngtt,7255,7536,7080,6734
Rnh1,791,870,734,654
Rnmt,1626,2088,1507,1586
Rnpc3,6633,7832,5253,6922
Rnpep,3116,2678,2842,2752
Rnpepl1,1815,1766,1780,1450
Rnps1,3740,4290,3219,3701
Ro60,2965,3312,2760,2972
Robo1,39433,42821,45969,51111
Robo2,37086,34237,25582,25380
Robo3,731,1058,1268,830
Robo4,120,79,87,110
Rock1,13144,13994,12581,11795
Rock2,12811,14227,12645,10916
Rogdi,3039,3170,3032,2816
Rom1,16,39,19,21
Romo1,56,74,42,43
Ropn1,8,22,5,11
Ropn1l,44,99,63,71
Ror1,1378,2446,1633,1114
Ror2,485,498,450,314
Rora,71181,73404,53935,47613
Rorb,12364,10460,9742,9131
Rorc,60,103,54,34
Ros1,27,32,32,28
Rp1,54,55,65,61
Rp1l1,0,1,0,0
Rp2,822,827,831,695
Rp9,4733,5262,4207,4387
Rpa1,1320,1364,1320,1243
Rpa2,193,194,172,183
Rpa3,148,308,48,171
Rpain,500,618,505,534
Rpap1,1110,1015,1118,923
Rpap2,1394,1426,1498,1613
Rpap3,1381,1647,1185,1173
Rpe,1352,1534,1272,1403
Rpe65,112,88,169,162
Rpf1,522,601,480,502
Rpf2,746,799,735,697
Rpgr,3567,3818,2959,3456
Rpgrip1,1060,1072,824,788
Rpgrip1l,2718,3361,2847,2708
Rph3a,4222,5510,4639,3298
Rph3al,347,375,395,405
Rpia,984,983,873,830
Rpl10,621,537,956,605
Rpl10-ps3,7,14,9,11
Rpl10a,338,792,645,526
Rpl10l,1,0,0,0
Rpl11,319,576,705,458
Rpl12,125,259,360,200
Rpl13,835,1147,954,909
Rpl13a,277,281,330,323
Rpl14,290,334,303,354
Rpl15,1711,1433,1670,1345
Rpl17,250,388,290,413
Rpl18,285,542,370,467
Rpl18a,228,352,237,272
Rpl19,388,522,477,453
Rpl21,820,686,912,752
Rpl22,627,965,924,561
Rpl22l1,150,250,351,301
Rpl23,199,282,255,289
Rpl23a,221,224,476,402
Rpl24,313,472,445,323
Rpl26,350,400,443,447
Rpl27,195,318,277,260
Rpl27a,2286,1756,2102,1549
Rpl28,329,603,370,326
Rpl29,298,384,374,251
Rpl3,270,316,527,352
Rpl30,722,607,516,337
Rpl31,142,149,264,253
Rpl32,139,244,142,156
Rpl34,114,233,209,194
Rpl35,183,149,249,227
Rpl35a,245,301,232,250
Rpl36,256,365,305,250
Rpl36-ps4,1,1,1,0
Rpl36a,150,151,125,113
Rpl36a-ps1,0,2,1,2
Rpl36al,81,195,108,84
Rpl37,210,302,207,215
Rpl37a,647,740,1156,788
Rpl38,205,330,225,246
Rpl39,90,173,111,139
Rpl39l,0,0,2,1
Rpl3l,47,41,45,49
Rpl4,265,182,416,310
Rpl41,336,605,361,412
Rpl5,1462,1795,1682,1879
Rpl6,2874,3444,3165,3880
Rpl7,204,300,205,232
Rpl7a,407,445,557,510
Rpl7l1,1033,1210,930,1160
Rpl8,358,465,346,427
Rpl9,468,495,564,527
Rpl9-ps1,0,0,0,0
Rpl9-ps6,17,13,9,16
Rplp0,191,254,205,272
Rplp1,350,497,407,476
Rplp2,120,208,137,161
Rpn1,251,438,646,377
Rpn2,2039,2122,1853,1789
Rpp14,514,523,536,498
Rpp21,1168,1464,938,1249
Rpp25,70,57,32,28
Rpp25l,44,141,66,36
Rpp30,1030,1003,909,897
Rpp38,198,312,181,255
Rpp40,99,107,95,105
Rprd1a,5108,5044,4572,4471
Rprd1b,2188,2148,2120,1986
Rprd2,5916,5395,5133,4693
Rprl1,0,0,0,0
Rprm,27,112,60,33
Rprml,605,1625,659,524
Rps10,259,406,329,330
Rps11,343,342,356,244
Rps12,1200,1031,1135,984
Rps13,2331,2415,1983,2354
Rps14,246,322,396,354
Rps15,281,441,398,406
Rps15a,370,465,507,468
Rps16,228,371,262,290
Rps17,160,149,227,120
Rps18,316,448,993,478
Rps19,262,249,309,251
Rps19bp1,131,266,107,140
Rps2,631,1036,1129,938
Rps20,308,399,370,396
Rps21,479,544,453,619
Rps23,158,224,166,234
Rps24,244,392,368,356
Rps25,148,218,143,194
Rps26,200,289,354,218
Rps27,2497,2273,2034,2135
Rps27a,299,403,263,315
Rps27l,44,46,69,47
Rps27rt,62,83,68,52
Rps28,467,185,203,151
Rps29,223,372,251,211
Rps3,214,296,261,244
Rps3a1,325,378,435,427
Rps4x,232,332,282,289
Rps5,241,307,216,214
Rps6,159,234,185,225
Rps6ka1,586,919,665,556
Rps6ka2,4712,4807,4956,5002
Rps6ka3,9544,10806,7912,8021
Rps6ka4,169,167,219,191
Rps6ka5,6352,5701,5949,5680
Rps6ka6,375,388,289,361
Rps6kb1,6388,6481,5937,5196
Rps6kb2,3147,3320,2936,2530
Rps6kc1,4230,4960,4640,4021
Rps6kl1,1929,2069,2070,1727
Rps7,344,471,669,470
Rps8,946,1004,1053,1059
Rps9,451,536,442,434
Rpsa,312,380,423,388
Rptn,1,0,0,1
Rptor,9094,8619,9721,7659
Rptoros,354,351,309,306
Rpusd1,491,677,542,501
Rpusd2,28,66,36,38
Rpusd3,323,402,318,342
Rpusd4,224,264,277,284
Rrad,30,22,22,26
Rraga,39,138,32,49
Rragb,2605,3219,2465,2933
Rragc,989,1129,1112,974
Rragd,1801,888,736,943
Rras,82,124,120,96
Rras2,3022,3324,3054,2774
Rrbp1,2755,2660,2739,2452
Rreb1,4186,2464,3618,3872
Rrh,72,75,91,76
Rrm1,316,329,265,277
Rrm2,14,11,13,7
Rrm2b,875,1031,997,1147
Rrn3,2234,2282,2058,1912
Rrnad1,3393,3544,3457,3099
Rrp1,1848,1874,1603,1539
Rrp12,523,558,547,462
Rrp15,709,964,748,783
Rrp1b,1126,941,789,909
Rrp36,582,528,583,430
Rrp7a,571,713,532,560
Rrp8,331,353,224,260
Rrp9,738,816,733,699
Rrs1,171,312,211,135
Rs1,240,176,182,183
Rsad1,536,632,594,547
Rsad2,40,28,44,38
Rsbn1,4184,4200,3258,3631
Rsbn1l,5624,5696,4610,4658
Rsc1a1,0,0,0,0
Rsf1,8635,7673,8109,7034
Rsf1os1,2400,1960,1742,1880
Rsf1os2,1084,997,1026,985
Rskr,1454,1894,1610,1466
Rsl1,147,176,155,139
Rsl1d1,1415,1527,1278,1284
Rsl24d1,234,302,255,256
Rslcan18,6,5,6,5
Rsph1,176,199,211,251
Rsph10b,1447,1486,1561,1231
Rsph14,631,730,662,713
Rsph3a,1104,1122,932,1069
Rsph3b,555,492,559,537
Rsph4a,48,68,49,85
Rsph6a,22,28,12,24
Rsph9,464,494,496,479
Rspo1,270,216,69,96
Rspo2,1457,2978,3212,3132
Rspo3,2608,2797,1808,1824
Rspo4,2,0,3,2
Rspo4os,1,0,1,1
Rspry1,4733,4490,4404,3645
Rsrc1,8929,9447,7927,7665
Rsrc2,6075,6082,5466,6066
Rsrp1,17852,23666,19722,18076
Rsu1,3482,3236,3743,2759
Rtbdn,527,772,673,537
Rtca,1665,1700,1786,1834
Rtcb,1204,1258,1214,1229
Rtel1,1043,1021,987,910
Rtf1,4650,4635,4294,3752
Rtf2,1068,1066,1033,1014
Rtkn,1013,1157,1243,1035
Rtkn2,400,500,644,507
Rtl1,1013,1346,1053,1070
Rtl10,8,8,11,14
Rtl3,0,1,2,0
Rtl4,9563,12883,12438,10717
Rtl5,138,161,99,101
Rtl6,14,4,21,16
Rtl8a,39,158,61,43
Rtl8b,41,75,52,35
Rtl8c,7,3,4,5
Rtl9,0,0,0,2
Rtn1,13861,16643,14225,13687
Rtn2,505,549,445,420
Rtn3,22914,24655,22554,19098
Rtn4,11840,10578,10103,9485
Rtn4ip1,485,566,540,559
Rtn4r,1795,2478,2034,1391
Rtn4rl1,3441,3535,3966,2804
Rtn4rl2,369,387,465,329
Rtp1,2,0,0,1
Rtp2,1,2,0,0
Rtp3,10,2,7,10
Rtp4,226,166,238,184
Rtraf,766,804,659,855
Rttn,1924,1956,1994,1923
Rubcn,3557,3408,3388,2839
Rubcnl,59,100,196,87
Rubie,2,6,1,1
Rufy1,4594,4457,4593,4224
Rufy2,7802,8901,6924,7145
Rufy3,9709,10799,9695,8646
Rufy4,1,6,10,3
Rundc1,1186,1218,985,1041
Rundc3a,3383,3502,3182,2541
Rundc3b,5682,6862,5888,6448
Runx1,551,266,1346,691
Runx1t1,15980,14744,10995,12749
Runx2,8364,7778,7788,5689
Runx2os1,454,483,406,318
Runx2os2,33,21,23,20
Runx2os3,8,5,7,1
Runx3,2,6,8,5
Rusc1,1621,2159,1788,1575
Rusc2,2427,2592,2626,2035
Ruvbl1,635,813,666,785
Ruvbl2,443,467,422,382
Rwdd1,2181,2516,1982,2256
Rwdd2a,6,136,88,65
Rwdd2b,55,76,80,65
Rwdd3,351,511,522,612
Rwdd4a,823,806,750,822
Rxfp1,952,2679,2608,2385
Rxfp2,55,93,82,45
Rxfp3,14,13,8,11
Rxfp4,0,0,0,0
Rxra,216,263,277,182
Rxrb,848,973,841,790
Rxrg,412,234,306,744
Rxylt1,1787,2333,1880,2166
Rybp,2813,2253,2192,2305
Ryk,4552,4477,4057,3765
Ryr1,1236,1147,1155,1404
Ryr2,38516,45665,42228,37006
Ryr3,16793,16913,17782,22313
S100a1,195,174,200,155
S100a10,210,183,174,183
S100a11,36,85,43,70
S100a13,147,214,175,193
S100a14,3,0,1,0
S100a16,363,335,392,299
S100a2,72,42,87,89
S100a3,38,19,47,41
S100a4,15,7,16,11
S100a5,5,0,0,0
S100a6,72,162,101,112
S100a7a,18,19,19,13
S100a8,6,2,0,2
S100a9,1,1,1,4
S100b,808,1238,1028,904
S100g,23,28,18,13
S100pbp,2987,2487,2386,2910
S100z,0,0,0,0
S1pr1,819,779,662,725
S1pr2,27,41,42,32
S1pr3,296,272,244,291
S1pr4,8,7,9,18
S1pr5,70,105,105,65
Saa1,3,6,0,1
Saa2,3,3,1,0
Saa3,55,55,46,39
Saa4,1,0,0,0
Saal1,418,507,445,506
Sac3d1,53,69,80,39
Sacm1l,5567,6013,5254,5519
Sacs,2686,3654,2683,2868
Sae1,3031,2912,2899,2452
Safb,4506,4305,4124,3920
Safb2,4944,4541,4814,3642
Sag,760,536,509,545
Sall1,838,212,410,305
Sall2,377,318,265,180
Sall3,931,247,489,448
Sall4,17,19,24,12
Samd1,340,313,327,232
Samd10,344,598,438,363
Samd11,164,140,120,117
Samd12,32724,34501,29300,28856
Samd13,35,34,24,52
Samd14,754,907,701,835
Samd15,288,342,280,329
Samd3,96,124,72,136
Samd4,5246,5449,5208,3803
Samd4b,1952,1846,1955,1523
Samd5,2931,4901,4749,3978
Samd7,1,2,1,6
Samd8,2288,2246,2060,1964
Samd9l,189,184,145,181
Samhd1,964,967,999,835
Samm50,1837,2141,1834,1652
Samsn1,176,126,323,209
Samt1,0,0,0,0
Samt2,0,0,0,0
Samt3,0,0,0,0
Samt4,0,0,0,0
Sap130,4342,4073,4132,3646
Sap18,749,859,723,700
Sap18b,5,3,0,1
Sap25,579,404,548,426
Sap30,50,94,85,89
Sap30bp,1776,1936,1754,1731
Sap30bpos,81,74,76,58
Sap30l,533,541,467,421
Sapcd1,50,100,70,50
Sapcd2,42,23,52,38
Sar1a,425,661,550,565
Sar1b,2248,2673,1970,2247
Saraf,1450,2130,1738,1857
Sardh,127,78,118,81
Sardhos,111,72,105,57
Sarm1,871,932,871,748
Sarnp,5571,5472,5193,4749
Sars,3135,3765,3547,3263
Sars2,496,473,469,469
Sart1,1061,1072,1023,861
Sart3,1608,1591,1608,1526
Sash1,5323,4312,6031,4183
Sash3,12,18,36,33
Sass6,768,855,763,673
Sat1,1330,1337,1177,1189
Sat2,638,764,693,705
Satb1,4490,5374,4888,4338
Satb2,6586,9715,8688,6896
Satl1,29,23,14,24
Sav1,1032,1117,990,995
Saxo1,22,20,31,40
Saxo1os,0,0,0,0
Saxo2,169,287,203,215
Saysd1,622,745,561,720
Sbds,1724,2116,1693,1903
Sbf1,1761,2021,1973,1547
Sbf2,16772,16491,15427,14087
Sbk1,1038,1288,1029,788
Sbk2,21,16,15,14
Sbk3,90,88,52,54
Sbno1,9024,8169,8037,7347
Sbno2,1525,1289,1627,1335
Sbp,0,0,0,0
Sbpl,0,0,0,0
Sbsn,268,334,267,265
Sbspon,130,139,107,104
Sc5d,967,1371,1182,976
Scaf1,2357,2687,2272,2454
Scaf11,3167,3283,3222,2735
Scaf4,4622,4454,4438,4053
Scaf8,9030,8594,8532,7591
Scai,9650,11788,10508,9602
Scamp1,5081,4525,4115,4473
Scamp2,1364,1283,1468,1272
Scamp3,602,666,528,513
Scamp4,3,5,2,2
Scamp5,3699,3917,3690,3378
Scand1,139,250,202,135
Scap,2364,2390,2332,1920
Scaper,12620,13053,13122,12578
Scara3,316,208,267,176
Scara5,25,27,17,12
Scarb1,2026,1952,2324,1991
Scarb2,2373,2307,2154,1904
Scarf1,151,94,122,126
Scarf2,27,57,30,23
Scarletltr,1,0,1,1
Sccpdh,905,1121,1185,991
Scd1,85,142,63,74
Scd2,2005,2174,1998,1401
Scd3,135,134,183,147
Scd4,44,34,28,34
Scel,264,292,404,297
Scfd1,4261,4633,4397,4208
Scfd2,6446,6304,6468,5612
Scg2,311,899,176,312
Scg3,3664,3715,3150,2936
Scg5,9150,10167,7923,7165
Scgb1a1,2,0,0,1
Scgb1b10,0,0,0,0
Scgb1b11,0,0,0,0
Scgb1b12,0,0,0,0
Scgb1b15,0,0,0,0
Scgb1b17,0,0,0,0
Scgb1b18,0,0,0,0
Scgb1b19,0,0,0,0
Scgb1b2,0,0,0,0
Scgb1b20,0,0,0,0
Scgb1b24,0,0,0,0
Scgb1b27,0,0,0,0
Scgb1b29,0,0,0,0
Scgb1b3,0,0,0,0
Scgb1b30,0,0,0,1
Scgb1b7,0,0,0,0
Scgb1c1,0,1,2,4
Scgb2a2,0,2,0,1
Scgb2b11,0,0,0,0
Scgb2b12,0,0,0,0
Scgb2b15,0,0,0,0
Scgb2b17,0,0,0,0
Scgb2b18,0,0,0,0
Scgb2b19,0,0,0,0
Scgb2b2,0,0,0,0
Scgb2b20,0,0,0,0
Scgb2b21,0,0,0,0
Scgb2b24,0,0,0,0
Scgb2b26,0,0,0,0
Scgb2b27,0,0,0,0
Scgb2b3,0,0,0,0
Scgb2b7,0,0,0,0
Scgb3a1,3,4,11,5
Scgb3a2,0,0,0,0
Scgn,200,16,4,6
Schip1,41679,61384,55855,46415
Scimp,9,12,18,22
Scin,36,30,40,28
Sclt1,10753,11757,9463,9058
Scly,966,952,1028,887
Scmh1,12451,11947,11127,11114
Scml2,219,132,146,174
Scml4,890,1004,971,1039
Scn10a,5,5,4,15
Scn11a,6,10,12,12
Scn1a,11644,14880,10998,10480
Scn1b,1763,2378,1884,1617
Scn2a,13200,18212,13921,14196
Scn2b,667,745,771,767
Scn3a,8522,6974,5649,7024
Scn3b,2984,2844,2269,2458
Scn4a,1,0,0,0
Scn4b,119,104,123,312
Scn5a,465,176,211,514
Scn7a,192,291,313,339
Scn8a,15302,18953,17643,14929
Scn9a,2413,3732,2102,2584
Scnm1,546,686,504,639
Scnn1a,74,105,60,80
Scnn1b,11,33,16,10
Scnn1g,5,32,27,16
Sco1,129,191,135,147
Sco2,21,102,28,27
Scoc,218,228,349,222
Scp2,1114,1389,1128,1257
Scp2d1,1,4,4,2
Scpep1,1234,1387,1459,1354
Scpep1os,235,267,298,283
Scrg1,363,360,443,255
Scrib,1142,1129,1165,902
Scrn1,3241,3482,2794,3450
Scrn2,80,86,79,36
Scrn3,703,819,793,798
Scrt1,644,837,504,651
Scrt2,235,231,193,238
Sct,0,3,4,1
Sctr,85,27,44,51
Scube1,2881,3137,2729,2231
Scube2,402,174,259,226
Scube3,316,319,276,347
Scx,19,26,7,7
Scyl1,749,729,693,568
Scyl2,1934,2203,1652,1961
Scyl3,1380,1482,1331,1323
Sdad1,1412,1478,1437,1381
Sdc1,11,6,8,7
Sdc2,2892,2950,2455,2625
Sdc3,848,1125,1020,774
Sdc4,288,319,272,162
Sdcbp,2253,2222,1783,2069
Sdcbp2,60,69,76,79
Sdccag8,8003,8251,8184,7687
Sde2,730,771,730,859
Sdf2,1895,2038,1862,1774
Sdf2l1,8,57,31,7
Sdf4,2142,2327,2042,2131
Sdha,4554,5144,4201,4509
Sdhaf1,15,138,51,58
Sdhaf2,1208,1291,1143,1139
Sdhaf3,1290,1353,1213,1074
Sdhaf4,310,321,263,384
Sdhb,2661,2778,2357,2161
Sdhc,1525,1604,1394,1305
Sdhd,290,398,298,237
Sdk1,7817,9576,11197,9237
Sdk2,5492,5811,6402,4954
Sdr16c5,0,1,2,0
Sdr16c6,1,1,1,0
Sdr39u1,323,474,337,359
Sdr42e1,262,354,356,471
Sdr9c7,1,3,0,3
Sds,21,9,7,16
Sdsl,112,156,122,88
Sebox,16,22,16,21
Sec1,169,211,190,156
Sec11a,3017,2772,2731,2390
Sec11c,521,713,1063,627
Sec13,774,903,710,697
Sec14l1,6946,6028,5245,5177
Sec14l2,1191,1064,1265,1105
Sec14l3,14,32,38,42
Sec14l4,4,11,6,12
Sec14l5,1567,1467,2466,1344
Sec16a,2529,2376,2518,2148
Sec16b,115,140,96,87
Sec22a,3055,3002,2852,2923
Sec22b,1395,1646,1318,1477
Sec22c,557,522,597,568
Sec23a,3238,3260,3234,3196
Sec23b,1621,1551,1595,1445
Sec23ip,1523,1647,1580,1500
Sec24a,5797,5452,5135,4318
Sec24b,7134,7585,7115,5979
Sec24c,1536,1494,1554,1446
Sec24d,1527,1945,2048,1484
Sec31a,2825,3078,2751,2646
Sec31b,33,37,21,19
Sec61a1,2123,2246,2122,2019
Sec61a2,6241,7270,6571,6446
Sec61b,56,99,110,82
Sec61g,843,979,840,848
Sec62,3577,3728,3801,3462
Sec63,5515,5168,4727,4760
Secisbp2,2966,2870,2551,2584
Secisbp2l,3159,3528,3365,3067
Sectm1a,0,0,1,0
Sectm1b,1,1,0,2
Seh1l,771,857,750,816
Sel1l,4805,5752,4994,4948
Sel1l2,17,21,20,19
Sel1l3,4944,6911,5867,4771
Sele,0,1,0,0
Selenbp1,223,120,172,123
Selenbp2,41,86,78,61
Selenof,437,541,779,462
Selenoh,33,45,31,19
Selenoi,2561,2659,2188,2467
Selenok,369,682,1195,776
Selenok-ps1,196,154,206,165
Selenom,795,1118,669,613
Selenon,778,980,775,679
Selenoo,1338,1385,1184,1180
Selenop,699,827,859,627
Selenos,353,709,717,464
Selenot,2071,2524,1892,2517
Selenov,58,40,40,53
Selenow,2067,2795,2535,2854
Sell,2,3,2,0
Selp,2,2,4,2
Selplg,440,215,619,329
Sem1,1147,1338,1057,1227
Sema3a,3123,2670,1656,2844
Sema3b,22,15,20,13
Sema3c,2288,1373,1317,1274
Sema3d,597,552,783,664
Sema3e,3639,3177,2895,2472
Sema3f,376,384,210,202
Sema3g,21,25,26,17
Sema4a,2051,2026,2318,1738
Sema4b,1616,1224,1417,929
Sema4c,239,200,209,195
Sema4d,4794,4640,5147,3661
Sema4f,938,1233,1085,968
Sema4g,866,1134,926,733
Sema5a,2907,2430,2967,2104
Sema5b,1857,1352,1722,1926
Sema6a,8799,6370,5474,4646
Sema6b,996,998,869,787
Sema6c,612,719,545,411
Sema6d,18620,18783,20297,18883
Sema7a,1125,1326,1122,856
Senp1,2261,2050,2151,1918
Senp2,5364,5015,5085,4880
Senp3,1389,1431,1292,1225
Senp5,5517,5732,5603,4766
Senp6,9315,9406,8628,8290
Senp7,8745,8947,7522,7683
Senp8,2394,2665,2444,2780
Sephs1,956,932,899,927
Sephs2,54,63,45,68
Sepsecs,1802,1989,1563,1952
Sept1,767,1091,703,790
Sept10,759,729,709,752
Sept11,9489,10095,8603,8688
Sept12,0,0,1,1
Sept14,8,4,3,7
Sept2,340,471,346,419
Sept2.1,0,0,0,0
Sept3,3060,3944,3278,3036
Sept4,3629,3370,3751,2652
Sept5,250,300,207,258
Sept6,2027,2638,2492,2186
Sept7,8918,9182,10470,7787
Sept8,4328,4551,4115,2970
Sept9,1206,1459,1611,1110
Serac1,1841,2156,2056,1823
Serbp1,3698,4004,3206,3451
Serf1,154,192,157,154
Serf2,497,1135,727,573
Sergef,6764,7028,6546,6188
Serhl,144,83,99,92
Serinc1,486,348,844,598
Serinc2,356,807,620,406
Serinc3,3102,3229,2963,2646
Serinc4,41,34,42,45
Serinc5,3648,3013,3033,2695
Serp1,250,287,347,306
Serp2,1931,2547,1998,2125
Serpina10,43,36,24,38
Serpina11,0,2,0,5
Serpina12,4,7,7,2
Serpina16,0,0,0,0
Serpina1a,0,0,0,0
Serpina1b,9,4,2,2
Serpina1c,1,0,0,0
Serpina1d,0,0,0,0
Serpina1e,1,0,0,0
Serpina1f,0,0,0,0
Serpina3a,0,0,0,0
Serpina3b,0,1,0,0
Serpina3c,0,0,0,0
Serpina3f,1,0,0,0
Serpina3g,4,4,8,6
Serpina3i,1,2,2,0
Serpina3j,0,0,0,0
Serpina3k,0,0,0,0
Serpina3m,2,5,2,1
Serpina3n,6,14,22,11
Serpina5,0,0,0,0
Serpina6,3,1,1,2
Serpina7,0,2,0,0
Serpina9,38,16,3,79
Serpinb11,0,0,0,0
Serpinb12,0,0,1,0
Serpinb13,0,0,1,0
Serpinb1a,97,167,111,77
Serpinb1b,3,11,2,11
Serpinb1c,2,2,3,3
Serpinb2,2,1,2,4
Serpinb3a,0,0,1,0
Serpinb3b,12,10,11,18
Serpinb3c,0,0,1,0
Serpinb3d,0,0,0,0
Serpinb5,1,12,5,6
Serpinb6a,2593,2894,2628,2997
Serpinb6b,17,13,13,30
Serpinb6c,23,23,17,15
Serpinb6d,0,0,0,0
Serpinb6e,0,1,2,7
Serpinb7,8,7,4,2
Serpinb8,192,294,252,154
Serpinb9,54,52,57,47
Serpinb9b,0,0,2,0
Serpinb9c,0,0,0,0
Serpinb9d,0,0,0,0
Serpinb9e,0,0,0,0
Serpinb9f,0,0,0,0
Serpinb9g,0,1,0,0
Serpinb9h,0,0,0,0
Serpinc1,455,405,388,430
Serpind1,196,189,174,166
Serpine1,27,18,19,28
Serpine2,3752,2681,2961,2912
Serpine3,571,667,568,561
Serpinf1,45,55,20,27
Serpinf2,4,6,4,3
Serping1,82,139,65,18
Serpinh1,76,75,86,90
Serpini1,8872,9846,6907,6924
Serpini2,0,3,0,3
Sertad1,74,133,91,95
Sertad2,6002,5631,5033,5128
Sertad3,92,61,108,85
Sertad4,371,299,200,352
Sertm1,280,441,466,350
Sesn1,8237,8840,7368,7369
Sesn2,170,176,151,132
Sesn3,6732,6151,4923,5919
Sestd1,4882,5688,4670,4402
Set,1640,1599,1576,1563
Setbp1,25629,27099,23083,19465
Setd1a,1585,1720,1693,1496
Setd1b,1899,1642,1536,1314
Setd2,7390,7050,7069,6282
Setd3,3981,4157,4014,3768
Setd4,3731,4144,3576,4388
Setd5,12195,12487,11848,10596
Setd6,302,374,305,237
Setd7,5630,5250,4281,4457
Setdb1,4953,4907,4764,4157
Setdb2,539,562,441,557
Setmar,124,194,143,174
Setx,6714,6482,6317,5310
Sez6,4811,3895,3706,4462
Sez6l,10220,10866,11760,7848
Sez6l2,4540,5747,4887,3777
Sf1,3382,3693,2935,3266
Sf3a1,1474,1424,1241,1269
Sf3a2,318,389,287,273
Sf3a3,1393,1319,1311,1220
Sf3b1,11577,12616,10532,11306
Sf3b2,4521,4272,4163,3621
Sf3b3,3404,3940,3243,4047
Sf3b4,218,256,214,120
Sf3b5,52,238,136,82
Sf3b6,2279,2372,2164,2310
Sfi1,2912,2903,2965,3023
Sfmbt1,4854,4784,4516,3793
Sfmbt2,1243,1368,1115,1085
Sfn,28,21,24,15
Sfpq,9067,9457,7970,7860
Sfr1,408,504,617,494
Sfrp1,104,61,65,114
Sfrp2,14,18,11,7
Sfrp4,54,102,57,72
Sfrp5,10,31,9,4
Sfswap,7501,7867,8797,6504
Sft2d1,2171,2268,2075,1903
Sft2d2,194,168,228,190
Sft2d3,652,1036,655,693
Sfta2,12,29,30,28
Sfta3-ps,40,15,35,236
Sftpa1,0,1,0,0
Sftpb,10,10,14,7
Sftpc,9,7,0,6
Sftpd,0,0,0,0
Sfxn1,2235,2323,1990,2333
Sfxn2,1299,1059,1180,1018
Sfxn3,1631,1921,1544,1482
Sfxn4,1186,1430,1196,1224
Sfxn5,8466,7625,8661,7072
Sgca,3,14,15,9
Sgcb,1147,1572,1137,1417
Sgcd,30962,31138,33056,38140
Sgce,2260,3535,3285,3394
Sgcg,38,62,61,45
Sgcz,75092,91736,71996,76080
Sgf29,933,965,836,779
Sgip1,32761,31116,27007,26131
Sgk1,6186,7697,5212,5438
Sgk2,124,126,199,155
Sgk3,3547,3735,3794,3947
Sgms1,9664,11256,11321,9518
Sgms2,289,349,324,253
Sgo1,7,13,17,12
Sgo2a,32,46,35,29
Sgo2b,16,17,17,17
Sgpl1,1820,1932,1804,1605
Sgpp1,912,865,812,737
Sgpp2,2194,3736,1923,1998
Sgsh,41,36,38,27
Sgsm1,6865,6497,5555,3986
Sgsm2,5532,5205,5244,4561
Sgsm3,2960,2936,3012,2464
Sgta,1990,2006,1972,1787
Sgtb,1585,1819,1716,1876
Sh2b1,845,830,862,571
Sh2b2,516,513,549,433
Sh2b3,452,514,509,422
Sh2d1a,53,69,53,72
Sh2d1b1,2,1,4,5
Sh2d1b2,0,9,10,8
Sh2d2a,0,0,5,0
Sh2d3c,903,936,896,835
Sh2d4a,54,42,44,57
Sh2d4b,380,435,573,383
Sh2d5,1465,1553,1349,1505
Sh2d6,103,68,107,91
Sh2d7,7,9,8,15
Sh3bgr,52,87,65,63
Sh3bgrl,1452,1112,1190,1328
Sh3bgrl2,2614,1537,1043,1171
Sh3bgrl3,130,459,252,149
Sh3bp1,817,802,808,605
Sh3bp2,145,102,348,221
Sh3bp4,1378,1040,1349,1032
Sh3bp5,3308,4100,4065,3139
Sh3bp5l,705,832,712,698
Sh3d19,6348,6521,8180,5843
Sh3d21,104,87,106,103
Sh3gl1,3228,3658,3086,3124
Sh3gl2,15995,19305,15366,14022
Sh3gl3,2657,2393,2702,2678
Sh3glb1,4231,4635,4431,4034
Sh3glb2,4102,4308,3924,3682
Sh3kbp1,8268,7063,7540,7598
Sh3pxd2a,3213,3251,3368,3248
Sh3pxd2b,1350,1227,1312,982
Sh3rf1,7186,7193,7339,5465
Sh3rf2,342,63,51,642
Sh3rf3,9650,11617,12548,10245
Sh3tc1,59,37,82,79
Sh3tc2,307,236,444,271
Sh3yl1,672,791,761,664
Shank1,9270,9488,9230,6067
Shank2,15464,15348,14856,11828
Shank3,4995,5754,4914,4348
Sharpin,976,1072,892,980
Shb,1120,662,749,823
Shbg,1,1,0,0
Shc1,474,434,497,377
Shc2,2560,2627,2511,2433
Shc3,6177,6355,6549,4818
Shc4,624,474,638,376
Shcbp1,86,83,63,78
Shcbp1l,314,397,347,390
Shd,740,1044,746,614
She,122,65,109,123
Shf,1088,1802,1186,1072
Shfl,3483,4084,3327,3019
Shh,54,70,60,33
Shisa2,38,39,45,23
Shisa3,38,37,30,63
Shisa4,4817,5420,5218,5525
Shisa5,128,202,155,178
Shisa6,4245,5066,6599,4069
Shisa7,2839,3141,2598,2599
Shisa8,524,209,66,49
Shisa9,17047,17869,17303,18313
Shisal1,1381,991,979,858
Shisal2a,6,11,2,6
Shisal2b,20,52,40,43
Shkbp1,1317,1460,1447,1326
Shld1,1920,1768,1760,1556
Shld2,1581,1496,1513,1484
Shld3,68,85,85,55
Shmt1,101,99,138,132
Shmt2,207,227,188,116
Shoc1,26,34,22,30
Shoc2,3594,3518,3010,2676
Shox2,72,96,1,0
Shpk,248,251,226,215
Shprh,5226,5937,5104,5141
Shq1,770,900,780,721
Shroom1,215,223,324,283
Shroom2,1794,1323,1461,1538
Shroom3,1032,789,849,765
Shroom4,1576,1095,1236,1225
Shtn1,9511,10271,10962,9261
Siae,907,991,863,868
Siah1a,2161,2199,1908,1800
Siah1b,45,82,67,85
Siah2,553,627,577,567
Siah3,904,1007,1064,759
Sidt1,8757,11525,10324,7528
Sidt2,1684,1676,1573,1338
Sigirr,32,24,38,44
Siglec1,20,8,9,8
Siglec15,4,5,4,5
Siglece,10,3,7,6
Siglecf,1,2,15,0
Siglecg,10,4,4,6
Siglech,435,252,688,443
Sigmar1,1308,1887,1480,1544
Sik1,530,404,389,551
Sik2,8506,7655,6961,5449
Sik3,23579,17862,18501,14322
Sike1,1275,1450,1196,1202
Sil1,4506,3810,4295,4211
Sim1,0,5,1,0
Sim2,19,15,12,15
Simc1,3498,3142,3088,2796
Sin3a,2549,2313,2217,2029
Sin3b,2406,2439,2252,1858
Sinhcaf,836,868,831,723
Sipa1,370,289,406,368
Sipa1l1,24705,21665,19151,19779
Sipa1l2,2392,1854,2053,1663
Sipa1l3,4630,4759,5560,3938
Sirpa,4583,4618,4882,4169
Sirpb1a,0,1,1,0
Sirpb1b,1,5,6,0
Sirpb1c,0,0,3,1
Sirt1,1523,1453,1386,1408
Sirt2,3079,2860,3132,2206
Sirt3,1628,1829,1493,1757
Sirt4,1162,1461,1062,1017
Sirt5,1340,1362,1221,1174
Sirt6,702,748,668,540
Sirt7,3883,3710,4042,3767
Sis,21,5,15,7
Sit1,8,4,6,5
Siva1,92,76,119,51
Six1,7,5,5,4
Six2,2,1,7,0
Six3,122,61,26,231
Six3os1,65,65,33,180
Six4,63,82,43,32
Six5,69,63,63,30
Six6,0,0,0,0
Ska1,4,3,3,7
Ska2,672,674,641,480
Ska3,73,65,77,74
Skap1,660,759,870,763
Skap2,1892,2040,2710,1941
Ski,5418,5018,5019,4231
Skida1,692,684,543,506
Skil,1503,1799,1447,1429
Skint1,2,17,9,9
Skint10,0,1,0,0
Skint11,110,124,117,101
Skint2,13,19,15,18
Skint3,2,0,4,3
Skint4,1,3,10,5
Skint5,49,38,31,29
Skint6,29,30,20,22
Skint7,1,6,2,7
Skint8,17,15,7,10
Skint9,6,7,8,6
Skiv2l,1153,1113,1177,959
Skor1,6,48,5,3
Skor2,2,9,2,0
Skp1a,870,842,821,882
Skp2,1236,1302,1107,1113
Sla,239,385,356,268
Sla2,49,46,35,50
Slain1,3922,4196,4655,3870
Slain1os,68,61,58,45
Slain2,2544,2515,2199,2206
Slamf1,15,27,30,26
Slamf6,16,17,48,38
Slamf7,8,8,14,8
Slamf8,18,5,15,23
Slamf9,2,4,5,2
Slbp,1019,959,948,880
Slc10a1,143,151,159,222
Slc10a2,2,2,3,2
Slc10a3,96,149,108,105
Slc10a4,9,11,2,6
Slc10a5,4,9,10,6
Slc10a6,5,2,3,3
Slc10a7,2375,2517,2727,2121
Slc11a1,68,43,145,74
Slc11a2,1630,1650,1484,1378
Slc12a1,108,184,110,130
Slc12a2,5344,5285,4986,4166
Slc12a3,45,50,41,43
Slc12a4,252,139,230,153
Slc12a5,7401,8964,6444,6251
Slc12a6,10166,9609,8642,7776
Slc12a7,72,32,65,54
Slc12a8,681,341,311,288
Slc12a9,1331,1251,1377,1303
Slc13a1,234,177,229,195
Slc13a2,1,2,2,0
Slc13a2os,0,0,0,1
Slc13a3,299,176,139,123
Slc13a4,112,72,24,14
Slc13a5,468,378,375,353
Slc14a1,124,103,137,136
Slc14a2,530,621,584,510
Slc15a1,7,4,11,5
Slc15a2,1308,1148,842,551
Slc15a3,82,70,100,70
Slc15a4,707,814,780,626
Slc15a5,20,14,14,38
Slc16a1,247,507,545,463
Slc16a10,1434,1858,2094,1584
Slc16a11,1765,2520,1675,2076
Slc16a12,267,292,313,275
Slc16a13,117,160,101,88
Slc16a14,738,709,715,663
Slc16a2,5076,4641,4618,5025
Slc16a3,77,68,71,82
Slc16a4,1234,1009,1133,1331
Slc16a5,12,19,16,17
Slc16a6,807,734,758,782
Slc16a7,6634,7385,7193,6019
Slc16a8,3,3,4,2
Slc16a9,130,153,120,147
Slc17a1,1,1,0,0
Slc17a2,5,3,1,4
Slc17a3,0,0,0,0
Slc17a4,0,0,0,1
Slc17a5,3132,3716,3632,2949
Slc17a6,721,1155,347,229
Slc17a7,6184,9733,7026,5924
Slc17a8,27,49,44,47
Slc17a9,116,118,135,111
Slc18a1,54,90,61,96
Slc18a2,339,425,335,356
Slc18a3,1,4,0,1
Slc18b1,939,834,850,813
Slc19a1,289,407,280,356
Slc19a2,437,580,450,451
Slc19a3,117,147,108,140
Slc1a1,6446,6396,5526,4866
Slc1a2,28647,22022,26660,21505
Slc1a3,9964,5788,8833,7381
Slc1a4,1053,1124,1166,1109
Slc1a5,86,69,106,98
Slc1a6,639,778,525,581
Slc1a7,11,12,13,16
Slc20a1,2056,2856,2524,2409
Slc20a2,2913,3316,2647,2481
Slc22a1,26,27,26,11
Slc22a12,21,12,9,20
Slc22a13,8,6,3,2
Slc22a14,1685,1755,1700,1545
Slc22a15,1099,1372,1285,1162
Slc22a16,2,1,1,0
Slc22a17,8700,8720,6852,6689
Slc22a18,16,16,19,22
Slc22a19,0,1,1,3
Slc22a2,19,3,3,12
Slc22a20,3,2,3,0
Slc22a21,255,267,278,220
Slc22a22,12,12,18,7
Slc22a23,7414,8068,8832,7391
Slc22a26,1,0,0,0
Slc22a27,3,3,4,4
Slc22a28,3,1,3,0
Slc22a29,4,5,7,7
Slc22a3,200,165,161,289
Slc22a30,54,49,42,51
Slc22a4,658,1296,900,782
Slc22a5,1097,1166,1153,986
Slc22a6,42,37,16,13
Slc22a7,15,21,7,23
Slc22a8,376,209,309,309
Slc23a1,145,135,119,127
Slc23a2,7981,7947,7092,6422
Slc23a3,51,52,44,53
Slc23a4,84,86,88,84
Slc24a1,75,70,95,79
Slc24a2,32836,38957,39255,31809
Slc24a3,13883,13851,12884,10094
Slc24a4,3728,4450,4653,5503
Slc24a5,8291,9126,7206,8443
Slc25a1,608,693,648,634
Slc25a10,201,225,184,157
Slc25a11,958,969,821,818
Slc25a12,9329,9122,8924,7787
Slc25a13,1207,1414,1547,1185
Slc25a14,1324,1540,1241,1369
Slc25a15,147,208,150,149
Slc25a16,1425,1537,1369,1499
Slc25a17,1190,1212,1093,1087
Slc25a18,878,471,686,427
Slc25a19,974,805,814,713
Slc25a2,9,0,1,3
Slc25a20,570,593,580,623
Slc25a21,359,201,282,265
Slc25a22,1102,1351,1098,922
Slc25a23,6871,5949,6356,5205
Slc25a24,84,80,70,106
Slc25a25,2841,2285,2102,2181
Slc25a26,2953,3152,3222,2894
Slc25a27,5837,7183,5485,5204
Slc25a28,1631,2052,1662,1540
Slc25a29,170,168,164,171
Slc25a3,4323,6306,3673,3947
Slc25a30,469,502,441,539
Slc25a31,48,52,33,44
Slc25a32,1236,1294,1216,1210
Slc25a33,1046,1184,937,1042
Slc25a34,96,77,81,50
Slc25a35,153,152,163,132
Slc25a36,5218,5732,4431,4199
Slc25a37,437,1052,439,252
Slc25a38,665,604,725,670
Slc25a39,443,492,387,384
Slc25a4,596,1141,950,745
Slc25a40,1090,1390,1134,1257
Slc25a41,41,16,20,14
Slc25a42,1820,1920,1874,1801
Slc25a43,106,114,140,134
Slc25a44,848,993,824,851
Slc25a45,92,63,110,68
Slc25a46,1835,2298,1696,1809
Slc25a47,579,484,569,477
Slc25a48,9,8,7,6
Slc25a5,161,306,209,161
Slc25a51,1473,1660,1674,1472
Slc25a53,804,878,908,939
Slc25a54,6,11,3,10
Slc26a1,39,34,26,37
Slc26a10,360,320,391,496
Slc26a11,527,495,598,372
Slc26a2,172,199,185,226
Slc26a3,7,8,19,6
Slc26a4,945,1379,1571,1517
Slc26a5,36,39,30,39
Slc26a6,143,137,147,120
Slc26a7,46,31,42,18
Slc26a8,1337,1359,1410,1129
Slc26a9,0,2,2,7
Slc27a1,3544,2585,2901,2283
Slc27a2,364,499,379,423
Slc27a3,116,143,127,83
Slc27a4,980,1182,1067,846
Slc27a5,40,26,19,26
Slc27a6,21,9,10,2
Slc28a1,36,38,28,30
Slc28a2,7,13,23,7
Slc28a3,17,6,17,12
Slc29a1,408,581,423,489
Slc29a2,300,328,250,259
Slc29a3,261,263,337,328
Slc29a4,228,319,259,147
Slc2a1,1108,1236,1280,1355
Slc2a10,46,25,26,31
Slc2a12,472,482,425,477
Slc2a13,14553,17248,14242,14660
Slc2a2,183,189,151,146
Slc2a3,5009,5403,4908,4850
Slc2a4,12,12,10,7
Slc2a5,77,35,71,77
Slc2a6,424,661,518,466
Slc2a7,2,2,2,0
Slc2a8,1579,1555,1573,1375
Slc2a9,176,193,238,215
Slc30a1,104,126,135,133
Slc30a10,742,549,658,684
Slc30a2,5,9,6,6
Slc30a3,1651,2200,1962,1432
Slc30a4,677,820,721,734
Slc30a5,2990,2991,2674,2822
Slc30a6,2098,2266,2089,2191
Slc30a7,1819,2013,1862,1926
Slc30a8,2,8,12,14
Slc30a9,4215,4632,3677,3585
Slc31a1,944,870,763,813
Slc31a2,478,590,537,473
Slc32a1,474,411,197,403
Slc33a1,1477,1694,1344,1324
Slc34a1,7,8,16,21
Slc34a2,0,2,2,1
Slc34a3,2,5,1,4
Slc35a1,1334,1518,1183,1347
Slc35a2,887,1118,877,1028
Slc35a3,1993,2077,1919,1809
Slc35a4,211,355,223,194
Slc35a5,493,724,566,667
Slc35b1,1508,1736,1407,1406
Slc35b2,121,193,160,74
Slc35b3,1666,1840,1746,1892
Slc35b4,485,701,540,541
Slc35c1,35,84,59,56
Slc35c2,742,956,698,741
Slc35d1,2475,2197,2042,2080
Slc35d2,96,50,92,101
Slc35d3,62,25,11,50
Slc35e1,352,384,316,344
Slc35e2,2583,2692,2092,2170
Slc35e3,307,400,298,275
Slc35e4,211,228,260,216
Slc35f1,19854,22992,21489,22364
Slc35f2,183,185,223,214
Slc35f3,9250,9037,9472,11126
Slc35f4,16770,13128,11635,10517
Slc35f5,1184,1269,1280,1176
Slc35f6,582,735,512,637
Slc35g1,41,69,23,20
Slc35g2,329,379,269,228
Slc35g3,2,3,4,3
Slc36a1,1051,1258,1095,851
Slc36a1os,1,1,1,1
Slc36a2,26,18,18,15
Slc36a3,5,2,2,6
Slc36a3os,0,2,1,1
Slc36a4,860,963,733,771
Slc37a1,924,773,834,888
Slc37a2,167,118,256,237
Slc37a3,1730,1991,1745,1548
Slc37a4,437,557,471,445
Slc38a1,4799,4707,3636,3265
Slc38a10,1182,1166,1120,1072
Slc38a11,263,229,359,280
Slc38a2,5745,5996,5137,4307
Slc38a3,1155,546,663,548
Slc38a4,13,16,9,19
Slc38a5,68,42,66,72
Slc38a6,3479,3823,3534,3283
Slc38a7,956,1217,1228,869
Slc38a8,29,6,9,16
Slc38a9,6755,7025,6575,6448
Slc39a1,119,318,212,125
Slc39a10,2974,4205,3439,3262
Slc39a11,1882,2050,2406,2058
Slc39a12,1553,1053,1350,916
Slc39a13,1412,1560,1346,1222
Slc39a14,1744,1713,1849,1567
Slc39a2,654,680,510,499
Slc39a3,515,849,627,589
Slc39a4,1,4,1,3
Slc39a5,13,11,6,14
Slc39a6,693,635,590,741
Slc39a7,386,617,365,375
Slc39a8,116,131,118,181
Slc39a9,1416,1378,1357,1207
Slc3a1,241,302,227,276
Slc3a2,3625,3943,3114,3732
Slc40a1,384,256,368,374
Slc41a1,762,828,715,628
Slc41a2,2198,2577,2398,1939
Slc41a3,62,103,62,55
Slc43a1,12,6,17,17
Slc43a2,3034,3333,2986,2448
Slc43a3,16,10,16,19
Slc44a1,9498,9730,9037,7592
Slc44a2,2893,2747,3034,2611
Slc44a3,41,31,30,32
Slc44a4,12,16,22,26
Slc44a5,5118,6014,7489,5992
Slc45a1,1861,2179,1821,1709
Slc45a2,8,7,3,6
Slc45a3,32,21,31,12
Slc45a4,1272,1533,1324,1133
Slc46a1,28,54,45,28
Slc46a2,268,303,316,226
Slc46a3,541,507,519,550
Slc47a1,108,50,117,81
Slc47a2,12,9,15,8
Slc48a1,1106,1530,1187,1260
Slc49a4,2057,2283,2175,1908
Slc4a1,0,0,2,0
Slc4a10,18807,20313,15391,16793
Slc4a11,56,40,61,81
Slc4a1ap,2213,2172,2221,1990
Slc4a2,449,464,521,386
Slc4a3,7633,7890,7372,7330
Slc4a4,19779,13981,11651,13793
Slc4a5,13,38,18,18
Slc4a7,3919,4535,3700,3710
Slc4a8,3059,3400,3187,2848
Slc4a9,191,196,175,186
Slc50a1,2187,2773,2174,2368
Slc51a,7,13,7,5
Slc51b,2,4,5,4
Slc52a2,320,305,273,234
Slc52a3,17,13,24,30
Slc5a1,2,2,3,1
Slc5a10,24,25,47,35
Slc5a11,131,109,140,81
Slc5a12,159,109,104,128
Slc5a2,7,12,5,9
Slc5a3,796,805,685,528
Slc5a4a,7,0,10,5
Slc5a4b,132,122,148,111
Slc5a5,52,93,50,78
Slc5a6,499,490,478,377
Slc5a7,59,115,73,117
Slc5a8,20,3,11,15
Slc5a9,0,1,0,1
Slc6a1,5717,5275,5042,4918
Slc6a11,2400,1918,1931,1437
Slc6a12,21,24,8,7
Slc6a13,168,107,38,50
Slc6a14,5,1,2,2
Slc6a15,2462,3279,2598,2585
Slc6a16,72,104,69,85
Slc6a17,6329,7218,6009,5265
Slc6a18,0,0,0,1
Slc6a19,5,5,11,3
Slc6a19os,0,0,0,0
Slc6a2,7,43,5,15
Slc6a20a,798,563,465,384
Slc6a20b,547,549,537,534
Slc6a21,11,7,11,12
Slc6a3,26,1,15,2
Slc6a4,9,1,5,6
Slc6a5,7,213,15,11
Slc6a6,11576,9692,11278,10917
Slc6a7,3058,3853,3937,2907
Slc6a8,1254,1441,1329,1089
Slc6a9,753,895,823,547
Slc7a1,1941,1641,1711,1587
Slc7a10,1056,849,772,603
Slc7a11,2868,1417,1721,1394
Slc7a12,2,0,1,2
Slc7a13,0,0,0,1
Slc7a14,5147,7351,7813,6423
Slc7a15,111,121,119,101
Slc7a2,694,422,561,374
Slc7a3,179,282,216,200
Slc7a4,347,623,513,560
Slc7a5,1322,1460,1474,1495
Slc7a6,3535,4013,3594,3241
Slc7a6os,3030,3043,2968,2963
Slc7a7,178,105,276,199
Slc7a8,4313,4535,4585,3902
Slc7a9,0,2,2,2
Slc8a1,44414,42724,39481,34620
Slc8a2,2319,2930,2846,2452
Slc8a3,8731,7331,5318,5294
Slc8b1,359,191,321,253
Slc9a1,3190,2625,2747,2236
Slc9a2,296,200,352,238
Slc9a3,51,136,99,72
Slc9a3r1,262,174,242,153
Slc9a3r2,749,826,725,655
Slc9a4,62,79,157,54
Slc9a5,1048,1214,884,737
Slc9a6,1239,1459,1198,1137
Slc9a7,4946,4990,4156,4094
Slc9a8,2365,2248,2343,2124
Slc9a9,20373,17113,17417,14043
Slc9b1,196,254,161,187
Slc9b2,335,639,599,479
Slc9c1,4,4,3,6
Slco1a1,0,0,0,0
Slco1a4,3291,2017,2772,3016
Slco1a5,11,10,3,6
Slco1a6,8,8,3,5
Slco1b2,44,21,52,59
Slco1c1,3318,1887,2711,2674
Slco2a1,242,357,311,226
Slco2b1,702,332,999,700
Slco3a1,7040,8537,8185,6917
Slco4a1,82,134,102,69
Slco4c1,472,728,587,670
Slco5a1,2405,509,305,1159
Slco6c1,36,43,29,35
Slco6d1,12,20,10,7
Slf1,6106,7070,5621,5908
Slf2,6458,7449,6305,6076
Slfn1,1,0,2,1
Slfn14,1,0,0,0
Slfn2,22,31,41,44
Slfn3,19,7,25,27
Slfn4,5,1,2,2
Slfn5,187,126,213,207
Slfn5os,5,2,1,3
Slfn8,38,24,61,45
Slfn9,1,2,11,9
Slfnl1,3,6,8,4
Slirp,447,524,345,374
Slit1,3850,4647,5644,3833
Slit2,8042,9681,9286,7568
Slit3,35696,36758,37872,32634
Slitrk1,2361,2583,1922,1754
Slitrk2,247,461,247,214
Slitrk3,516,902,709,573
Slitrk4,200,293,201,84
Slitrk5,1105,1554,1263,888
Slitrk6,14,20,9,7
Slk,3816,3804,3412,3350
Slmap,6924,6659,6232,5862
Slmapos2,8,11,5,8
Sln,6,7,8,7
Slpi,43,26,43,31
Sltm,12581,12870,11959,10556
Slu7,831,948,866,848
Slurp1,0,4,4,5
Slurp2,1,2,0,0
Slx,0,0,0,0
Slx1b,1135,1089,1132,1065
Slx4,463,504,389,380
Slx4ip,2291,2476,2277,2201
Slxl1,0,0,0,0
Sly,0,0,0,0
Smad1,2731,2907,2855,2469
Smad2,2448,2594,2524,2394
Smad3,4883,5014,5406,3960
Smad4,3326,3221,2872,2866
Smad5,753,627,605,524
Smad6,265,94,138,166
Smad7,3088,2876,3072,2842
Smad9,436,553,434,475
Smagp,35,36,69,44
Smap1,7395,6479,5384,5526
Smap2,5343,5085,4814,4492
Smarca1,3209,4049,3254,3856
Smarca2,9826,13010,12394,10064
Smarca4,6212,6099,5794,4969
Smarca5,4646,4789,3981,4490
Smarcad1,5334,5438,4960,4956
Smarcal1,1254,1416,1359,1295
Smarcb1,2629,2768,2420,2447
Smarcc1,6249,6046,6132,5935
Smarcc2,6541,5927,6478,5149
Smarcd1,2283,2251,1668,1795
Smarcd2,704,770,632,612
Smarcd3,2686,2220,2239,2197
Smarce1,1554,1529,1306,1394
Smbd1,0,1,0,0
Smc1a,1970,1939,1798,1664
Smc1b,191,187,189,203
Smc2,1137,1407,1531,1465
Smc2os,68,128,94,116
Smc3,6469,5606,5080,4638
Smc4,492,383,410,378
Smc5,5324,5886,5045,4854
Smc6,5210,5251,4651,4195
Smchd1,6664,6655,6387,5729
Smco1,23,20,29,18
Smco2,10,8,8,9
Smco3,116,128,118,155
Smco4,165,205,168,165
Smcp,1,0,0,0
Smcr8,134,156,176,125
Smdt1,165,365,281,274
Smg1,11020,12891,10862,10051
Smg5,3458,3330,3559,3336
Smg6,14817,13948,14157,12421
Smg7,5209,4982,4638,4188
Smg8,122,166,177,149
Smg9,2340,2031,2231,1996
Smgc,2,0,1,0
Smim1,246,220,207,213
Smim10l1,436,606,487,404
Smim10l2a,37,134,62,149
Smim11,183,166,170,169
Smim12,106,427,310,218
Smim13,2962,3440,2482,3488
Smim14,9754,9696,9460,8361
Smim15,81,95,163,112
Smim17,343,529,402,363
Smim18,333,363,226,306
Smim19,722,1066,653,920
Smim20,528,646,414,576
Smim22,20,22,31,23
Smim23,0,1,1,1
Smim24,6,18,33,14
Smim26,22,111,27,19
Smim27,26,56,26,29
Smim3,140,156,207,123
Smim31,6,9,12,6
Smim38,50,69,47,40
Smim4,2261,2068,1835,1935
Smim40,14,18,16,15
Smim40-ps,1,1,2,1
Smim41,11,9,16,7
Smim5,15,13,18,17
Smim6,10,15,20,13
Smim7,606,854,620,733
Smim8,634,760,639,876
Smim9,19,28,33,19
Smlr1,9,3,6,5
Smn1,914,868,835,886
Smndc1,1074,1053,897,934
Smo,590,377,543,424
Smoc1,1552,606,912,485
Smoc2,917,1463,2367,2118
Smok2a,2,0,0,1
Smok2b,1,0,0,1
Smok3a,0,0,0,0
Smok3b,0,0,0,0
Smok3c,0,2,0,0
Smox,1373,1129,1241,887
Smpd1,110,284,293,135
Smpd2,384,285,312,230
Smpd3,4399,4498,4638,4787
Smpd4,2564,3115,2857,2442
Smpd5,15,10,44,24
Smpdl3a,214,260,146,175
Smpdl3b,267,212,237,477
Smpx,16,28,12,29
Smr2,0,0,0,2
Smr3a,0,0,0,0
Sms,3208,3962,2566,2945
Smtn,132,91,145,124
Smtnl1,2,0,0,0
Smtnl2,26,19,17,18
Smu1,1110,1179,1101,1097
Smug1,541,668,536,596
Smurf1,4160,4687,5421,4048
Smurf2,6356,5634,5896,5305
Smyd1,204,185,163,180
Smyd2,2125,2001,1750,1445
Smyd3,18515,20917,18929,16890
Smyd4,1551,1704,1652,1509
Smyd5,942,1065,952,1100
Snai1,9,6,7,8
Snai2,18,22,19,15
Snai3,8,16,4,12
Snap23,2677,2392,2646,2151
Snap25,47564,49496,37594,40701
Snap29,568,646,606,595
Snap47,2549,3141,2635,2497
Snap91,15554,16547,14359,13019
Snapc1,1830,2108,1802,1830
Snapc2,289,346,281,298
Snapc3,4462,4772,4196,4187
Snapc4,1882,1871,1905,1522
Snapc5,528,601,429,483
Snapin,392,666,474,369
Snca,6415,6329,5955,6075
Sncaip,2159,1873,1477,1841
Sncb,1640,2606,1848,1733
Sncg,4,16,4,8
Snd1,7215,7265,7277,6223
Sned1,1162,1080,987,822
Snf8,2046,2139,1990,1895
Snhg1,684,918,751,854
Snhg10,343,417,340,361
Snhg11,227181,291751,231000,223005
Snhg12,670,1220,748,1006
Snhg14,39571,45985,37411,33016
Snhg15,111,211,130,160
Snhg16,327,347,286,377
Snhg17,331,362,334,328
Snhg18,19,33,34,18
Snhg20,1051,3184,1439,1467
Snhg3,91,866,231,131
Snhg4,1111,1567,1242,1516
Snhg4.1,68,73,84,60
Snhg5,189,423,215,190
Snhg6,178,362,190,293
Snhg7os,0,1,0,0
Snhg8,79,648,111,55
Snhg9,92,37,40,5
Snip1,349,379,315,358
Snn,575,402,411,355
Snorc,59,95,62,100
Snph,8369,9043,8618,7148
Snrk,3312,3787,2816,2692
Snrnp200,1383,1533,1261,1287
Snrnp25,43,99,87,68
Snrnp27,1270,1467,1131,1289
Snrnp35,312,342,335,310
Snrnp40,2607,2376,2524,2373
Snrnp48,5308,5526,5126,5027
Snrnp70,24921,26539,22916,21204
Snrpa,1036,1246,1031,1147
Snrpa1,913,1250,882,987
Snrpb,1616,1815,1460,1575
Snrpb2,459,605,473,517
Snrpc,663,777,552,564
Snrpd1,1260,1482,1133,1294
Snrpd2,59,161,152,99
Snrpd3,830,940,757,774
Snrpe,538,440,493,500
Snrpf,1662,1701,1005,1175
Snrpg,383,644,479,627
Snrpn,4891,5689,4158,4777
Snta1,3429,3189,3582,3014
Sntb1,1074,695,846,974
Sntb2,6015,6881,6735,5021
Sntg1,44460,50555,43020,38004
Sntg2,4503,3137,2240,2888
Sntn,0,2,0,1
Snu13,135,388,338,206
Snupn,1629,1549,1560,1625
Snurf,0,0,0,0
Snw1,2517,3033,2538,2828
Snx1,3442,3432,3682,3061
Snx10,4367,4948,5695,4846
Snx11,974,1196,1066,1038
Snx12,2220,2283,2064,1831
Snx13,4538,4971,4692,4277
Snx14,4581,5231,4499,4191
Snx15,1104,1257,1229,1147
Snx16,1555,1667,1445,1561
Snx17,842,904,732,784
Snx18,1108,1068,1137,1082
Snx19,1212,1347,1136,1202
Snx2,3007,3013,2987,2852
Snx20,76,67,137,129
Snx21,2166,2321,1820,1775
Snx22,55,80,95,54
Snx24,4861,5534,5582,4882
Snx25,3776,3873,3605,3305
Snx27,4610,4427,4358,3969
Snx29,7630,7286,8649,7111
Snx3,3811,3902,3237,3443
Snx30,3233,3727,3677,2954
Snx31,12,17,18,23
Snx32,4641,4644,4475,3896
Snx33,132,75,129,107
Snx4,2328,2190,2116,2040
Snx5,2179,2179,2156,2070
Snx6,3778,3457,3594,3312
Snx7,3870,2335,2265,2683
Snx8,581,581,734,409
Snx9,2112,2244,2053,1750
Soat1,2170,1557,1720,1592
Soat2,32,24,35,27
Sobp,21305,23041,22891,17405
Socs1,38,50,54,40
Socs2,2617,2824,2869,2342
Socs3,64,119,78,79
Socs4,664,853,715,863
Socs5,1964,1804,1769,1603
Socs6,1767,1960,1742,1671
Socs7,3593,3531,3432,2855
Sod1,186,466,638,421
Sod2,3913,4418,3578,3813
Sod3,28,30,34,32
Soga1,2780,2501,2421,1843
Soga3,9337,9655,8010,7736
Sohlh1,0,0,0,1
Sohlh2,4,1,0,1
Son,31883,32836,27391,29451
Sorbs1,18882,18750,19326,17275
Sorbs2,33158,38245,34156,32701
Sorbs2os,5901,5907,5634,6035
Sorbs3,454,323,549,356
Sorcs1,14786,18721,17970,17616
Sorcs2,7752,5746,5976,5463
Sorcs3,13840,20336,15974,15966
Sord,425,510,525,471
Sorl1,7017,8226,6426,5008
Sort1,9552,9387,9706,7820
Sos1,6740,6434,5854,5038
Sos2,4987,4745,4513,3840
Sost,2,5,4,6
Sostdc1,4,6,4,7
Sowaha,124,262,183,185
Sowahb,6,11,34,6
Sowahc,18,33,35,45
Sowahd,0,0,0,0
Sox1,204,120,118,192
Sox10,1377,768,1584,1097
Sox11,1077,1144,1008,1030
Sox12,249,530,263,100
Sox13,432,236,336,317
Sox14,56,40,4,0
Sox15,0,3,0,1
Sox17,207,176,253,270
Sox18,158,136,157,174
Sox1ot,2270,782,986,2380
Sox2,695,400,622,509
Sox21,82,51,72,34
Sox2ot,38699,13614,21665,22730
Sox3,4,7,8,4
Sox30,6,23,17,19
Sox4,841,622,613,514
Sox5,18003,20031,21763,16005
Sox5it,3,1,7,4
Sox5os1,2,5,7,3
Sox5os2,247,227,264,179
Sox5os3,85,78,62,58
Sox5os4,1229,1318,1302,1155
Sox5os5,2,0,0,0
Sox6,8109,6001,10007,7674
Sox6os,2,6,6,10
Sox7,54,39,69,93
Sox8,1024,960,1181,1071
Sox9,422,271,429,386
Sp1,1663,1439,1523,1364
Sp100,288,158,368,369
Sp110,46,26,78,66
Sp140,62,40,99,82
Sp2,685,752,726,710
Sp3,3132,2488,2548,2266
Sp3os,814,920,857,728
Sp4,4074,3715,3212,3383
Sp5,13,5,1,9
Sp6,12,14,18,19
Sp7,162,12,21,13
Sp8,293,30,33,27
Sp9,452,112,114,206
Spa17,143,129,79,123
Spaar,70,46,49,60
Spaca1,5,5,8,4
Spaca3,21,18,11,8
Spaca4,0,0,0,0
Spaca5,2,3,2,3
Spaca6,3537,3588,3091,2971
Spaca7,0,2,1,1
Spaca9,57,63,90,98
Spag1,1415,1720,1427,1292
Spag11a,1,1,0,0
Spag11b,0,0,1,2
Spag16,457,293,535,523
Spag17,100,126,133,144
Spag17os,0,0,0,0
Spag4,140,179,167,147
Spag5,447,526,532,337
Spag6,314,427,328,298
Spag6l,1060,1180,1125,1350
Spag7,443,413,456,500
Spag8,51,56,44,42
Spag9,20417,19250,17079,16049
Spam1,0,1,2,0
Sparc,727,944,678,662
Sparcl1,6589,6686,6350,4805
Spast,4817,4437,4377,3757
Spata1,931,788,864,955
Spata13,646,464,816,1095
Spata16,231,234,274,374
Spata17,249,202,242,222
Spata18,4,5,3,4
Spata19,10,19,17,18
Spata2,953,1049,1024,977
Spata20,1,1,2,2
Spata21,46,41,55,53
Spata22,2,1,1,0
Spata24,571,594,646,661
Spata25,5,9,12,5
Spata2l,579,576,379,491
Spata3,25,13,29,30
Spata31,0,0,0,0
Spata31d1a,53,37,49,35
Spata31d1b,0,1,0,1
Spata31d1c,2,0,0,0
Spata31d1d,3,4,5,3
Spata32,146,281,155,200
Spata33,169,300,206,273
Spata4,27,35,42,24
Spata45,98,111,87,115
Spata46,22,16,30,22
Spata48,240,218,184,284
Spata5,4385,4758,4090,4003
Spata5l1,45,53,39,50
Spata6,669,620,732,568
Spata7,5926,6659,5444,5715
Spata9,64,68,60,78
Spatc1,2,0,6,2
Spatc1l,15,1,9,4
Spats1,652,635,623,770
Spats2,4454,3374,3301,3032
Spats2l,4034,5211,4460,4199
Spc24,52,62,46,64
Spc25,26,27,37,33
Spcs1,40,115,65,66
Spcs2,1198,1399,1397,1393
Spcs3,348,808,631,532
Spdef,94,89,117,66
Spdl1,27,48,34,46
Spdya,457,508,411,481
Spdye4a,1,2,0,1
Spdye4b,3,3,2,2
Spdye4c,2,2,0,0
Specc1,11975,14319,11872,10404
Specc1l,5179,5390,5340,5165
Speer1,0,0,0,0
Speer2,2,1,1,0
Speer3,0,0,0,0
Speer4a,50,42,61,34
Speer4b,81,75,48,56
Speer4c,1,1,0,0
Speer4cos,4,1,4,1
Speer4d,0,0,0,0
Speer4e,0,0,0,0
Speer4f1,0,0,0,0
Speer4f2,0,0,0,0
Speer9-ps1,0,0,0,0
Spef1,175,148,133,111
Spef2,235,264,288,216
Speg,3759,3944,3738,3410
Spem1,4,1,1,2
Spem2,0,0,0,0
Spen,4703,4292,4310,3560
Spert,0,0,0,0
Spertl,0,1,0,0
Spesp1,2,3,0,3
Spg11,2280,2275,2405,2120
Spg20,559,569,656,520
Spg21,506,607,524,648
Spg7,2890,3222,2884,2577
Sphk1,60,40,6,7
Sphk2,322,320,259,244
Sphkap,11939,15537,11340,10387
Spi1,179,88,282,193
Spib,2,1,0,2
Spic,7,3,9,2
Spice1,1080,1115,1038,859
Spidr,610,389,719,564
Spin1,2183,2212,1855,2004
Spin2c,11,72,24,25
Spin2d,0,0,0,0
Spin2e,0,0,0,0
Spin2f,0,0,0,0
Spin2g,0,0,0,0
Spin4,9,15,5,9
Spindoc,2738,2405,2827,2380
Spink1,1,0,0,0
Spink10,2439,2973,2911,2483
Spink11,0,0,0,1
Spink12,0,0,0,0
Spink13,263,346,314,289
Spink14,0,1,0,0
Spink2,0,0,0,0
Spink4,2,4,1,2
Spink5,0,0,1,2
Spink6,1,0,0,0
Spink7,2,8,4,5
Spink8,132,141,155,134
Spinkl,1,0,2,0
Spint1,52,12,46,113
Spint2,517,682,510,619
Spint3,1,0,1,1
Spint4,1,0,0,1
Spint5,0,0,0,0
Spire1,12075,12066,11172,9271
Spire2,1283,1337,1386,1168
Spn,1,2,1,4
Spns1,1502,1757,1554,1518
Spns2,1931,2258,2570,1527
Spns3,42,48,69,38
Spo11,13,8,5,4
Spocd1,93,66,80,99
Spock1,17015,24580,22785,18151
Spock2,7542,7384,6960,6109
Spock3,14622,13169,11145,12986
Spon1,5596,5187,5489,4263
Spon2,4,5,3,2
Spop,8311,7792,7967,7128
Spopl,2803,2895,2742,2853
Spout1,981,1122,883,959
Spp1,18,89,21,14
Spp2,4,3,0,0
Sppl2a,3549,3768,3709,3458
Sppl2b,1558,1532,1501,1118
Sppl2c,0,0,1,0
Sppl3,7269,6667,7099,5762
Spr,140,287,237,284
Spred1,9162,9225,7034,5914
Spred2,12378,12252,11782,7449
Spred3,1195,1438,1195,995
Sprn,244,449,412,237
Sprr1a,7,0,0,0
Sprr1b,0,0,0,0
Sprr2a1,0,0,0,0
Sprr2a2,0,0,0,0
Sprr2a3,0,0,0,0
Sprr2b,0,0,0,0
Sprr2d,1,0,0,0
Sprr2e,0,0,0,0
Sprr2f,0,0,0,0
Sprr2h,0,0,0,0
Sprr2i,0,0,0,0
Sprr2j-ps,0,0,0,0
Sprr2k,0,0,0,0
Sprr3,0,0,0,1
Sprr4,0,0,0,0
Sprtn,637,656,571,578
Spry1,79,117,97,96
Spry2,983,1192,961,1036
Spry3,7,38,20,16
Spry4,153,125,134,94
Spryd3,1194,1297,1239,1177
Spryd4,18,85,38,41
Spryd7,635,661,645,738
Spsb1,332,342,554,358
Spsb2,106,98,113,92
Spsb3,650,720,571,529
Spsb4,456,233,247,174
Spta1,3,2,1,2
Sptan1,15952,17105,16605,14038
Sptb,3181,3492,2851,3067
Sptbn1,23593,23446,22758,21684
Sptbn2,5536,6383,5506,4613
Sptbn4,13926,14078,13842,11825
Sptbn5,43,74,87,73
Sptlc1,2643,2813,2653,2720
Sptlc2,3314,3408,3592,3012
Sptlc3,27,9,11,18
Sptssa,345,565,453,374
Sptssb,110,214,99,89
Spty2d1,279,396,350,399
Spx,248,270,228,207
Spz1,0,0,0,1
Sqle,951,1090,1263,1033
Sqor,125,81,151,98
Sqstm1,4042,4274,4170,4782
Sra1,775,928,686,759
Srarp,80,97,92,90
Srbd1,2732,2683,2649,2720
Src,2221,2240,2270,2059
Srcap,6317,5589,5635,4976
Srcin1,9614,10762,11255,8449
Srd5a1,429,503,487,429
Srd5a2,11,9,17,12
Srd5a3,211,272,250,248
Srebf1,395,376,474,358
Srebf2,6670,5549,6262,4391
Srek1,10690,13043,9106,10282
Srek1ip1,1169,1350,1099,1160
Srf,268,246,261,222
Srfbp1,963,1173,872,1025
Srgap1,4741,4431,4856,4632
Srgap2,13462,15182,14246,12601
Srgap3,22997,23494,22847,19455
Srgn,146,160,176,170
Sri,849,1248,908,907
Srl,370,365,416,330
Srm,270,359,244,269
Srms,13,9,12,11
Srp14,902,1308,845,1078
Srp19,859,1108,942,970
Srp54a,991,1139,919,1074
Srp54b,27,26,17,34
Srp54c,502,501,464,436
Srp68,1276,1276,1222,1240
Srp72,2717,2723,2484,2371
Srp9,677,855,831,874
Srpk1,5959,5916,5281,4792
Srpk2,16675,19176,16279,14215
Srpk3,447,369,522,330
Srpr,2941,3030,2384,2548
Srprb,788,779,665,623
Srpx,19,11,14,17
Srpx2,40,53,60,52
Srr,4346,4274,3731,3635
Srrd,475,496,467,472
Srrm1,9624,10011,9186,8798
Srrm2,36269,36610,31863,27400
Srrm3,14236,12957,11723,9860
Srrm3os,45,30,35,27
Srrm4,14113,15371,13530,10736
Srrm4os,957,1263,891,875
Srrt,4045,3927,4164,3543
Srsf1,4297,5326,4066,4083
Srsf10,3356,4677,2789,3575
Srsf11,11832,14744,10817,12719
Srsf12,862,1101,927,923
Srsf2,4744,7001,4712,3378
Srsf3,1964,2712,2061,1612
Srsf4,2956,2975,2828,2690
Srsf5,9295,10976,9002,8007
Srsf6,1752,2761,1629,1375
Srsf7,7527,10536,6630,8731
Srsf9,1083,1581,1157,1248
Srsy,0,0,0,0
Srxn1,103,186,152,87
Sry,0,0,0,0
Ss18,1748,1886,1800,1526
Ss18l1,1633,1631,1611,1429
Ss18l2,123,423,218,80
Ssb,3642,3944,3297,3300
Ssbp1,1541,1971,1326,1654
Ssbp2,19084,18494,14816,16390
Ssbp3,4577,5228,5086,3909
Ssbp4,7073,5833,5781,5941
Ssc4d,73,87,72,104
Ssc5d,214,162,138,156
Ssh1,1794,1794,1871,1538
Ssh2,17634,17688,17168,14088
Ssh3,843,1011,822,711
Ssmem1,24,28,16,32
Ssna1,58,807,142,97
Sspn,176,171,181,121
Sspnos,33,27,36,27
Sspo,82,49,95,66
Ssr1,1555,1885,1409,1670
Ssr2,479,669,490,472
Ssr3,360,356,254,236
Ssr4,2602,2922,2183,2698
Ssrp1,1287,1434,1170,1147
Sst,160,1098,256,196
Sstr1,30,101,56,68
Sstr2,338,418,389,385
Sstr3,45,106,81,91
Sstr4,26,36,36,39
Sstr5,1,1,5,2
Ssty1,0,0,0,0
Ssty2,0,0,0,0
Ssu2,10,12,9,11
Ssu72,2392,2781,2085,2314
Ssx2ip,1242,1481,1263,1389
Ssx9,3,3,3,1
Ssxa1,0,1,1,1
Ssxb1,0,0,0,0
Ssxb10,0,0,0,0
Ssxb2,1,0,0,0
Ssxb3,0,0,1,0
Ssxb5,28,18,17,20
Ssxb6,0,0,0,0
Ssxb8,1,3,0,2
Ssxb9,0,0,2,0
St13,4020,3721,3266,3204
St14,14,21,46,30
St18,6621,6911,10180,5308
St3gal1,1905,1411,1698,1867
St3gal2,1845,1757,1750,1379
St3gal3,6661,6424,6659,5084
St3gal4,2264,1686,2201,1526
St3gal5,5651,6673,5170,5008
St3gal6,1966,1875,2215,2126
St5,2782,2781,3217,2261
St6gal1,3926,3353,4859,3317
St6gal2,3492,4483,4065,4420
St6galnac1,28,16,29,27
St6galnac2,210,201,234,203
St6galnac2.1,1,1,0,1
St6galnac3,23778,15454,19560,13701
St6galnac4,537,720,496,477
St6galnac5,14214,13351,19197,14029
St6galnac6,888,1070,888,720
St7,8676,9691,8091,7622
St7l,5021,4942,4816,4477
St8sia1,2343,2766,2177,1804
St8sia2,290,327,299,307
St8sia3,476,1151,729,527
St8sia3os,488,596,486,587
St8sia4,1706,1414,1290,1320
St8sia5,3355,4406,3625,2445
St8sia6,315,357,316,370
Stab1,377,279,518,273
Stab2,117,152,160,122
Stac,1772,806,755,1330
Stac2,1571,1578,1210,908
Stac3,392,513,302,317
Stag1,19439,20286,16547,16372
Stag2,5721,5556,4642,4734
Stag3,86,99,98,85
Stam,2447,2777,2338,2284
Stam2,3387,3229,3265,3159
Stambp,807,940,843,803
Stambpl1,2250,2778,2541,2270
Stamos,94,166,110,160
Stap1,316,374,260,283
Stap2,58,72,53,40
Star,644,522,546,577
Stard10,712,576,354,459
Stard13,3502,2763,3789,2528
Stard3,1118,1042,1220,878
Stard3nl,2143,2526,2193,2213
Stard4,282,326,336,328
Stard5,1006,1720,913,1589
Stard6,410,380,394,488
Stard7,2744,2839,2709,2513
Stard8,1903,1141,1134,945
Stard9,3186,3262,3853,2799
Stat1,970,929,1131,1038
Stat2,2026,2142,2471,1903
Stat3,2813,1949,2579,1906
Stat4,209,183,123,161
Stat5a,139,65,94,81
Stat5b,4239,3514,3057,2903
Stat6,232,196,242,175
Stau1,2742,2528,2491,2166
Stau2,11618,13920,11659,10990
Stbd1,3,6,4,3
Stc1,66,48,60,39
Stc2,26,36,23,26
Steap1,10,20,21,25
Steap2,527,540,342,307
Steap3,166,84,134,103
Steap4,5,2,6,1
Stfa1,1,0,0,0
Stfa2,0,1,0,0
Stfa2l1,0,2,1,0
Stfa3,3,2,1,2
Stil,106,100,92,90
Stim1,6059,5449,5002,4738
Stim2,4529,4520,4377,3301
Stimate,3152,2835,3135,2773
Stip1,2424,2070,1698,1607
Stk10,1402,1802,1852,1134
Stk11,1182,1222,1042,927
Stk11ip,482,531,472,405
Stk16,1029,962,881,878
Stk17b,222,154,224,159
Stk19,2169,2717,2163,2358
Stk24,2318,2034,1920,1806
Stk25,2556,3048,2629,2511
Stk26,461,299,273,480
Stk3,5210,5858,6102,4985
Stk31,53,70,24,30
Stk32a,1074,933,912,1372
Stk32b,236,310,236,191
Stk32c,2099,2268,2275,2172
Stk33,596,442,371,438
Stk35,680,838,731,697
Stk36,304,317,264,235
Stk38,7123,7491,6624,6527
Stk38l,2522,2157,1753,1606
Stk39,12656,10521,10300,8586
Stk4,2574,2831,2491,2351
Stk40,2833,2463,2307,1947
Stkld1,31,31,31,37
Stmn1,1501,1710,2383,1936
Stmn2,4265,6147,4857,4807
Stmn3,3302,3688,4491,3195
Stmn4,1470,1784,1670,1527
Stmnd1,3,1,4,3
Stn1,1223,1178,1102,1333
Stom,123,142,116,86
Stoml1,689,981,710,675
Stoml2,418,518,405,423
Stoml3,14,13,7,4
Ston1,139,156,159,133
Ston2,2588,1021,1504,1117
Stox1,611,809,751,673
Stox2,23115,13106,14020,15324
Stpg1,341,364,347,370
Stpg2,327,401,400,345
Stpg3,3,1,1,3
Stpg4,89,53,88,82
Stra6,54,54,77,100
Stra6l,3,2,7,4
Stra8,1,1,0,1
Strada,5420,4753,4613,4308
Stradb,1209,1532,1259,1248
Strap,544,486,499,513
Strbp,39945,43327,36194,35118
Strc,58,34,28,26
Strip1,1616,1690,1496,1112
Strip2,1895,1400,654,2873
Strit1,0,0,0,1
Strn,4500,4142,3740,5228
Strn3,15351,16069,13041,13135
Strn4,4911,5399,5221,4110
Stt3a,1619,1741,1504,1573
Stt3b,3907,3907,3559,3281
Stub1,2013,1986,1713,1522
Stum,2236,2519,2807,2019
Stx11,6,4,4,13
Stx12,3118,2948,2791,2764
Stx16,5497,6651,5172,5339
Stx17,1759,2025,1961,2111
Stx18,4370,4160,3917,3807
Stx19,239,207,172,222
Stx1a,4847,5031,5002,3909
Stx1b,2998,2714,2285,2199
Stx2,1667,1826,1921,1580
Stx3,2709,3429,2746,2760
Stx4a,1717,1586,1611,1232
Stx5a,4493,4190,4209,3714
Stx6,4044,3726,3574,3185
Stx7,2632,2952,2949,2598
Stx8,5785,5904,6148,5102
Stxbp1,12893,12851,11367,9481
Stxbp2,893,939,963,949
Stxbp3,2320,1707,2056,1900
Stxbp4,3083,3257,3258,2926
Stxbp5,11363,12656,10813,10403
Stxbp5l,27390,29627,24437,25435
Stxbp6,13777,7964,7742,6291
Styk1,30,41,19,36
Styx,2822,2744,2551,2419
Styxl1,169,218,189,265
Sub1,467,1054,1177,1191
Sucla2,2882,3205,2601,2645
Suclg1,2287,2570,2075,2052
Suclg2,933,814,1067,909
Sucnr1,1,0,0,0
Suco,3201,3089,2745,2849
Suds3,3643,3912,3230,3468
Sufu,1940,1772,1837,1584
Sugct,1207,934,1121,999
Sugp1,3248,3504,3386,3164
Sugp2,3626,3754,3698,3349
Sugt1,2755,3051,2633,2703
Sulf1,2771,2043,2320,3503
Sulf2,2490,2720,3462,2216
Sult1a1,128,111,100,89
Sult1b1,0,0,0,0
Sult1c1,2,0,0,0
Sult1c2,0,0,0,0
Sult1d1,2,0,0,0
Sult1e1,0,1,0,0
Sult2a1,0,1,0,0
Sult2a2,1,4,3,2
Sult2a3,0,1,0,3
Sult2a4,4,0,2,0
Sult2a5,0,0,2,0
Sult2a6,1,0,0,0
Sult2a7,8,2,2,1
Sult2a8,9,8,1,1
Sult2b1,415,441,353,462
Sult3a1,3,1,4,1
Sult3a2,26,16,19,16
Sult4a1,1375,1852,1244,1240
Sult5a1,46,49,40,17
Sult6b1,36,24,28,29
Sult6b2,13,15,12,9
Sumf1,1582,1793,1527,1500
Sumf2,1437,1499,1628,1398
Sumo1,5919,5872,5315,5464
Sumo2,4113,4564,3713,3990
Sumo3,453,354,497,387
Sun1,6470,6206,5846,5599
Sun2,1005,782,753,967
Sun3,8,9,16,17
Sun5,0,0,0,0
Suox,38,68,53,48
Supt16,3644,3627,3067,2845
Supt20,5217,5517,4887,5066
Supt3,5252,5271,5487,4382
Supt4a,407,620,550,527
Supt5,2851,2877,2890,2276
Supt6,3782,3604,3536,3261
Supt7l,712,685,666,667
Supv3l1,1559,1798,1542,1734
Surf1,421,567,390,422
Surf2,554,686,532,528
Surf4,102,216,201,230
Surf6,381,443,346,434
Susd1,2045,1942,1907,2136
Susd2,68,110,78,67
Susd3,87,45,139,93
Susd4,8921,9254,9209,8461
Susd5,233,214,287,194
Susd6,5120,6132,5315,3972
Suv39h1,407,465,340,394
Suv39h2,156,182,162,135
Suz12,4264,3450,3475,3048
Sv2a,4381,4599,3756,3524
Sv2b,10659,15932,14724,12051
Sv2c,2759,1645,766,2803
Sva,0,0,1,0
Sval1,0,0,0,0
Sval2,1,0,1,0
Sval3,0,0,0,0
Svbp,273,342,323,397
Svep1,192,580,91,83
Svil,3005,1475,2257,1891
Svip,908,1087,753,823
Svop,7951,7976,8407,7069
Svopl,119,88,103,115
Svs1,0,0,0,0
Svs2,0,0,0,0
Svs3a,0,0,0,0
Svs3b,0,1,0,0
Svs4,0,0,1,0
Svs5,0,0,0,0
Svs6,0,0,1,0
Swap70,908,483,921,675
Swi5,541,613,800,784
Swsap1,54,94,51,75
Swt1,4559,4610,4134,3899
Syap1,1544,1698,1541,1594
Sybu,19141,17044,14312,14527
Syce1,23,19,8,12
Syce1l,42,36,36,35
Syce2,102,92,133,125
Syce3,52,87,50,56
Sycn,1,0,0,0
Sycp1,9,13,2,4
Sycp2,3625,3577,2882,3187
Sycp2l,59,31,28,119
Sycp3,1493,1478,1250,1313
Syde1,161,146,181,125
Syde2,276,189,191,182
Syf2,316,462,371,341
Syk,159,171,286,214
Sympk,4603,4645,4416,4267
Syn1,9024,8446,8049,6524
Syn2,24492,22820,22316,21266
Syn3,12123,10947,9812,9150
Syna,0,0,1,0
Synb,2,0,0,2
Sync,227,265,242,202
Syncrip,4266,3715,3560,3694
Syndig1,4691,5819,3894,5045
Syndig1l,247,231,48,260
Syne1,41392,41561,32317,32401
Syne2,1504,1447,1505,1348
Syne3,184,155,175,136
Syne4,162,225,183,117
Syngap1,2647,2480,2445,2180
Syngr1,2797,2999,2545,2407
Syngr2,51,66,67,49
Syngr3,1549,2070,1426,1482
Syngr4,12,10,11,9
Synj1,8007,8777,8360,7356
Synj2,2727,3151,2983,1917
Synj2bp,5062,5348,4418,4359
Synm,245,209,373,248
Synpo,3822,4001,4023,3903
Synpo2,547,436,425,436
Synpo2l,16,23,17,17
Synpr,13702,8568,10131,7965
Synrg,4848,4594,4348,4500
Syp,3434,4210,3930,3652
Sypl,1173,1720,1344,1394
Sypl2,106,103,106,84
Sys1,2212,2465,1917,2035
Syt1,131217,143767,130914,123865
Syt10,3077,1043,797,1117
Syt11,3883,3569,5223,4048
Syt12,937,1107,633,812
Syt13,2187,3205,2386,1788
Syt14,5366,6192,4742,5169
Syt15,10,18,16,16
Syt16,11395,13496,12397,12039
Syt17,3662,4113,4686,4106
Syt2,786,2365,655,472
Syt3,763,1153,972,840
Syt4,293,443,643,339
Syt5,1621,1875,1493,1664
Syt6,4484,866,790,1942
Syt7,9947,10843,11124,9287
Syt8,0,1,5,2
Syt9,1485,1998,1113,813
Sytl1,83,72,56,47
Sytl2,2664,3573,3323,2638
Sytl3,10,13,17,7
Sytl4,15,3,7,8
Sytl5,376,289,466,689
Syvn1,997,1024,842,604
Szrd1,1602,1473,1444,1261
Szt2,1471,1515,1486,1301
T,6,4,4,6
T2,655,610,709,585
Taar1,0,0,0,0
Taar2,0,0,1,0
Taar3,1,1,1,2
Taar4,0,0,0,0
Taar5,0,0,0,0
Taar6,0,0,0,0
Taar7a,0,0,0,0
Taar7b,0,0,0,0
Taar7d,0,0,0,0
Taar7e,0,0,0,0
Taar7f,0,0,0,0
Taar8a,0,0,0,0
Taar8b,0,0,0,0
Taar8c,0,0,0,0
Taar9,0,0,0,0
Tab1,1051,1014,952,862
Tab2,4152,4040,3990,3783
Tab3,1282,1395,1061,1120
Tac1,424,314,99,701
Tac2,61,134,84,60
Tac4,13,11,11,17
Tacc1,14735,14638,12694,12743
Tacc2,2467,3062,2635,2179
Tacc3,237,277,280,236
Taco1,1049,1378,1574,910
Taco1os,56,96,64,72
Tacr1,958,496,285,473
Tacr2,7,12,13,17
Tacr3,124,195,118,122
Tacstd2,11,18,3,0
Tada1,718,860,707,695
Tada2a,4140,4171,4189,3884
Tada2b,131,190,166,146
Tada3,1347,1393,1245,1259
Taf1,4826,4529,4667,3800
Taf10,212,249,353,348
Taf11,789,916,782,885
Taf12,1112,1030,900,902
Taf13,608,664,616,673
Taf15,8246,8575,7792,7925
Taf1a,1720,1816,1501,1696
Taf1b,4356,5060,4627,4338
Taf1c,482,489,445,415
Taf1d,5118,6409,4896,5034
Taf2,2908,3153,2847,2592
Taf3,3927,3722,3601,3032
Taf4,1548,1431,1454,1167
Taf4b,739,817,749,735
Taf5,593,558,430,459
Taf5l,814,751,788,852
Taf6,2101,2106,2000,1944
Taf6l,382,423,486,393
Taf7,335,554,318,490
Taf7l,695,564,486,617
Taf7l2,38,45,27,39
Taf8,982,882,970,845
Taf9,68,70,51,66
Taf9b,300,290,250,270
Tafa1,53536,57191,44161,33926
Tafa2,24677,26764,22841,25917
Tafa3,14,5,8,4
Tafa4,181,189,178,153
Tafa5,9167,8805,9148,7027
Tagap,51,47,72,72
Tagap1,51,146,48,17
Tagln,17,16,30,21
Tagln2,88,89,122,116
Tagln3,980,879,1021,822
Tal1,182,105,163,108
Tal2,20,22,19,17
Taldo1,932,747,1039,1001
Tamm41,515,540,518,436
Tanc1,3929,4184,4689,3159
Tanc2,40250,37068,34633,34003
Tango2,6171,7070,6530,5229
Tango6,1686,1671,1629,1447
Tank,3245,2987,2905,2892
Taok1,9491,8633,9267,7909
Taok2,1903,1641,1733,1460
Taok3,5787,6036,6144,4863
Tap1,55,45,87,66
Tap2,257,235,281,244
Tapbp,426,440,414,355
Tapbpl,129,117,106,119
Tapt1,2826,2888,2468,2242
Tarbp1,1709,1772,1546,1382
Tarbp2,1327,1456,1216,1284
Tardbp,2900,4808,2758,2964
Tarm1,7,22,14,7
Tars,709,757,626,624
Tars2,1384,1440,1340,1258
Tarsl2,1634,1889,1851,1863
Tas1r1,91,116,93,102
Tas1r2,0,1,3,1
Tas1r3,13,13,18,9
Tas2r102,0,0,0,0
Tas2r103,1,0,0,0
Tas2r104,0,0,0,0
Tas2r105,0,0,0,0
Tas2r106,0,0,0,0
Tas2r107,0,0,0,0
Tas2r108,2,0,1,4
Tas2r109,0,0,0,0
Tas2r110,0,0,0,0
Tas2r113,0,0,0,0
Tas2r114,0,0,0,0
Tas2r115,0,0,0,0
Tas2r116,0,0,0,0
Tas2r117,0,0,0,0
Tas2r118,0,0,0,0
Tas2r119,0,0,0,0
Tas2r120,0,0,0,0
Tas2r121,0,0,0,0
Tas2r122,0,0,0,0
Tas2r123,0,0,0,0
Tas2r124,0,0,0,0
Tas2r125,0,0,0,0
Tas2r126,0,1,0,0
Tas2r129,0,0,0,0
Tas2r130,0,0,0,0
Tas2r131,0,0,0,0
Tas2r134,0,0,0,0
Tas2r135,1,2,3,0
Tas2r136,0,0,0,0
Tas2r137,2,2,1,2
Tas2r138,0,0,0,1
Tas2r139,0,0,0,0
Tas2r140,0,0,0,0
Tas2r143,2,2,0,0
Tas2r144,0,0,0,0
Tasor,6325,6410,5814,5408
Tasor2,5036,5472,4405,4493
Tasp1,6650,6929,6330,6098
Tat,2,1,1,1
Tatdn1,2085,2407,1917,2213
Tatdn2,489,498,422,529
Tatdn3,1902,2183,1985,2037
Tax1bp1,6620,5963,5097,4869
Tax1bp3,43,82,79,79
Taz,3315,3295,3260,2799
Tbata,66,188,175,132
Tbc1d1,3526,4404,3862,2793
Tbc1d10a,729,727,723,554
Tbc1d10b,1278,1289,1458,1120
Tbc1d10c,70,70,59,63
Tbc1d12,5186,4847,4819,4291
Tbc1d13,1148,1135,1137,957
Tbc1d14,2587,2581,2836,2421
Tbc1d15,2090,2495,2137,2181
Tbc1d16,1158,1169,1262,1152
Tbc1d17,1046,942,981,728
Tbc1d19,4576,5039,4482,4764
Tbc1d2,658,714,761,575
Tbc1d20,1270,1308,1239,1279
Tbc1d21,0,0,2,1
Tbc1d22a,3126,3056,3731,3092
Tbc1d22b,2083,2033,2205,1692
Tbc1d22bos,354,341,323,283
Tbc1d23,5367,5513,5297,5117
Tbc1d24,3391,3805,3520,2900
Tbc1d25,658,672,696,569
Tbc1d2b,900,991,910,800
Tbc1d30,3508,4232,3373,3265
Tbc1d31,1484,1558,1540,1231
Tbc1d32,2961,3633,3191,3227
Tbc1d4,1640,2803,2017,1346
Tbc1d5,12015,12051,12526,10451
Tbc1d7,560,717,551,639
Tbc1d8,2857,2660,2432,2933
Tbc1d8b,315,274,281,201
Tbc1d9,3924,3939,3293,2936
Tbc1d9b,4222,3896,4167,3555
Tbca,1452,1684,1445,1362
Tbcb,764,838,824,715
Tbcc,71,161,96,65
Tbccd1,707,675,785,682
Tbcd,4853,4954,5711,4664
Tbce,6015,6183,6027,5574
Tbcel,2676,2870,2740,2684
Tbck,5388,5641,5529,4914
Tbk1,3518,3698,3644,3390
Tbkbp1,846,1115,933,667
Tbl1x,7668,6561,6442,6021
Tbl1xr1,6046,5971,5875,5582
Tbl2,423,432,320,406
Tbl3,1508,1294,1454,1398
Tbp,987,1097,911,876
Tbpl1,1125,1386,954,1081
Tbpl2,1,13,23,17
Tbr1,388,622,444,417
Tbrg1,672,819,554,683
Tbrg4,427,493,372,347
Tbx1,69,45,97,76
Tbx10,0,1,2,0
Tbx15,215,184,204,143
Tbx18,79,70,64,49
Tbx19,2,0,1,2
Tbx2,134,97,144,123
Tbx20,0,4,2,2
Tbx21,28,16,17,12
Tbx22,4,6,9,12
Tbx3,133,67,121,118
Tbx3os1,340,211,489,323
Tbx3os2,3,4,0,0
Tbx4,6,10,10,21
Tbx5,0,0,0,0
Tbx6,75,76,74,33
Tbxa2r,43,40,44,56
Tbxas1,469,323,969,656
Tc2n,38,74,57,68
Tcaf1,7849,8527,6968,6888
Tcaf2,23,30,25,13
Tcaf3,23,14,10,12
Tcaim,1952,1950,1983,1965
Tcam1,12,12,21,12
Tcap,58,139,76,65
Tcea1,4605,4674,4073,3319
Tcea2,924,1368,973,923
Tcea3,22,12,21,17
Tceal1,51,46,52,19
Tceal3,937,1083,904,1062
Tceal5,774,1488,853,967
Tceal6,174,327,153,200
Tceal7,42,63,58,45
Tceal8,48,40,57,39
Tceal9,114,185,237,106
Tceanc,69,107,102,82
Tceanc2,902,936,895,887
Tcerg1,4469,4635,4325,3762
Tcerg1l,2415,1857,1936,2308
Tcf12,18681,15311,15905,13076
Tcf15,19,25,48,44
Tcf19,33,23,23,19
Tcf20,13917,12867,12879,10804
Tcf21,0,0,0,0
Tcf23,5,5,3,3
Tcf24,18,21,13,26
Tcf25,13638,15224,13336,12055
Tcf3,1637,1511,1540,1539
Tcf4,53832,58782,58450,44418
Tcf7,272,133,151,179
Tcf7l1,1349,674,1152,855
Tcf7l2,4643,3485,2753,1668
Tcfl5,42,21,51,63
Tchh,123,167,86,181
Tchhl1,0,0,0,0
Tchp,452,489,418,369
Tcim,21,10,15,15
Tcirg1,517,390,671,411
Tcl1,0,0,0,0
Tcl1b1,0,0,0,1
Tcl1b2,7,12,5,5
Tcl1b3,0,0,0,0
Tcl1b4,1,0,0,0
Tcl1b5,0,0,0,0
Tcn2,228,200,259,164
Tcof1,914,920,948,836
Tcp1,1509,1764,1243,1463
Tcp10a,11,0,5,2
Tcp10b,24,22,17,26
Tcp10c,2,0,0,0
Tcp11,63,34,49,60
Tcp11l1,4645,5235,4386,3775
Tcp11l2,1194,929,873,834
Tcp11x2,2,1,0,2
Tcrg-C1,0,0,0,0
Tcrg-C2,0,0,1,0
Tcrg-C3,0,0,0,0
Tcrg-C4,27,34,32,33
Tcrg-V1,0,1,1,0
Tcrg-V3,0,0,0,0
Tcrg-V4,0,0,0,0
Tcrg-V5,0,0,0,0
Tcrg-V6,0,0,0,0
Tcrg-V7,0,0,0,0
Tcstv1,0,0,0,0
Tcstv3,0,0,0,0
Tcta,532,917,779,670
Tcte1,69,106,147,136
Tcte2,2553,2853,2452,2236
Tcte3,2,2,1,3
Tctex1d1,75,63,55,72
Tctex1d2,639,730,532,652
Tctex1d4,8,10,14,16
Tctn1,866,684,571,629
Tctn2,1550,1464,1593,1399
Tctn3,1056,1066,973,1057
Tdg,1355,1464,1207,1329
Tdgf1,1,7,5,1
Tdh,1,3,3,4
Tdo2,41,36,35,49
Tdp1,2396,2459,2296,1969
Tdp2,852,1173,737,796
Tdpoz1,1,0,0,0
Tdpoz2,0,0,0,0
Tdpoz3,0,0,0,0
Tdpoz4,0,0,0,0
Tdpoz5,0,0,0,0
Tdrd1,20,20,27,16
Tdrd12,88,91,83,86
Tdrd3,3778,3616,3377,3336
Tdrd5,507,817,789,660
Tdrd6,57,70,80,58
Tdrd7,1868,1830,1885,1946
Tdrd9,56,68,79,57
Tdrkh,840,892,766,658
Tdrp,332,395,403,548
Tead1,3957,2972,3523,2572
Tead2,75,48,56,76
Tead3,142,79,128,59
Tead4,37,150,71,57
Tec,361,215,400,367
Tecpr1,3735,4050,3969,3150
Tecpr2,4795,4798,5328,4239
Tecr,6841,7577,6262,5529
Tecrl,40,48,52,56
Tecta,25,34,53,42
Tectb,10,6,14,10
Tedc1,16,18,25,27
Tedc2,387,424,321,323
Teddm1a,8,11,4,7
Teddm1b,23,13,16,18
Teddm2,1087,1235,1162,1009
Teddm3,92,125,89,75
Tef,5292,5794,5432,5125
Tefm,178,210,177,201
Tek,1750,1651,1553,1955
Tekt1,75,89,79,98
Tekt2,56,73,70,61
Tekt3,1,5,5,1
Tekt4,12,16,8,12
Tekt5,116,143,102,108
Telo2,1413,1272,1424,1117
Ten1,1122,1225,1232,1210
Tenm1,17652,27394,19930,21263
Tenm2,183144,201537,182458,155884
Tenm3,62408,45218,30430,32784
Tenm4,48246,46725,42606,44196
Tent2,5383,5176,5020,4856
Tent4a,2074,2093,1896,1633
Tent4b,5667,4556,4726,4202
Tent5a,93,149,121,115
Tent5b,5,9,9,3
Tent5c,22,19,88,82
Tent5d,598,515,541,605
Tep1,273,261,358,260
Tepp,12,20,5,11
Tepsin,431,507,409,365
Terb1,689,967,777,845
Terb2,3,6,3,2
Terf1,4515,4804,3651,4038
Terf2,2168,2020,2163,1696
Terf2ip,541,714,633,603
Tert,269,265,298,241
Tes,418,405,388,396
Tes3-ps,55,55,43,57
Tesc,1316,1516,1223,1312
Tescl,0,3,0,2
Tesk1,676,722,670,631
Tesk2,1944,1689,2104,1510
Tesmin,52,18,43,26
Tespa1,172,239,173,194
Tet1,2255,2226,1895,1846
Tet2,5364,5298,4626,4628
Tet3,7240,6437,6482,5317
Tex10,2251,2618,2110,2284
Tex101,1,0,1,2
Tex11,81,36,70,47
Tex12,54,37,60,52
Tex13a,0,0,0,0
Tex13b,0,0,0,0
Tex13c1,0,0,0,0
Tex13c2,0,0,1,0
Tex13c3,0,2,3,0
Tex14,172,183,170,130
Tex15,279,163,204,187
Tex16,1,1,0,1
Tex19.1,0,1,0,0
Tex19.2,0,0,0,0
Tex2,4108,3874,4179,3184
Tex21,6,6,7,5
Tex22,91,105,93,75
Tex24,1,1,1,0
Tex26,68,63,69,73
Tex261,842,944,778,677
Tex264,1310,1511,1295,1158
Tex28,0,2,1,0
Tex29,49,31,22,38
Tex30,228,235,149,196
Tex33,4,1,2,4
Tex35,42,30,45,58
Tex36,3,6,0,2
Tex37,0,0,0,0
Tex38,2,5,1,7
Tex43,46,60,53,42
Tex44,0,0,0,0
Tex45,26,33,15,20
Tex46,2,0,1,1
Tex47,143,114,90,80
Tex48,12,7,13,10
Tex50,1163,1077,825,998
Tex52,91,130,130,99
Tex55,0,1,1,0
Tex9,1809,1484,1385,1583
Tfam,551,756,576,633
Tfap2a,21,77,12,4
Tfap2b,209,500,11,9
Tfap2c,19,7,0,5
Tfap2d,925,1118,144,206
Tfap2e,42,51,40,37
Tfap4,158,94,149,146
Tfb1m,384,320,398,323
Tfb2m,931,997,850,901
Tfcp2,3025,2950,2949,2430
Tfcp2l1,166,85,132,138
Tfdp1,2192,2409,2173,1912
Tfdp2,7058,7076,6405,6101
Tfe3,1219,1206,1174,1064
Tfeb,853,749,992,551
Tfec,10,12,19,9
Tff1,0,0,0,0
Tff2,0,0,0,0
Tff3,2,0,1,0
Tfg,2301,2451,1884,1929
Tfip11,301,367,293,329
Tfpi,108,105,155,126
Tfpi2,3,3,3,2
Tfpt,469,502,428,487
Tfr2,433,509,510,409
Tfrc,3337,3141,2543,2869
Tg,79,122,109,96
Tgds,425,462,333,400
Tgfa,897,540,895,1114
Tgfb1,174,87,216,168
Tgfb1i1,361,493,435,414
Tgfb2,890,665,813,695
Tgfb3,323,350,312,304
Tgfbi,101,53,142,99
Tgfbr1,2211,1452,2661,1909
Tgfbr2,790,575,1281,1028
Tgfbr3,2630,2990,2580,2568
Tgfbr3l,269,224,224,221
Tgfbrap1,1891,2063,1795,1775
Tgif1,27,12,52,31
Tgif2,123,146,106,108
Tgif2lx1,0,0,0,0
Tgif2lx2,0,0,0,0
Tgm1,23,22,20,16
Tgm2,89,111,88,149
Tgm3,54,56,35,40
Tgm4,185,124,128,103
Tgm5,8,14,6,5
Tgm6,18,23,30,37
Tgm7,40,62,53,47
Tgoln1,182,426,474,318
Tgs1,2868,3249,2551,2668
Tgtp1,2,1,2,0
Tgtp2,5,6,6,5
Th,211,36,10,16
Tha1,325,442,391,364
Thada,6627,6505,6227,5563
Thap1,139,277,166,130
Thap11,25,19,38,17
Thap12,846,963,667,966
Thap2,2100,2630,1983,2253
Thap3,3055,3224,3028,3067
Thap4,1155,1056,1118,886
Thap7,343,499,351,472
Thap8,44,55,44,71
Thbd,34,33,42,39
Thbs1,8,24,10,6
Thbs2,47,63,46,35
Thbs3,1075,864,1138,1000
Thbs4,81,77,76,81
Theg,19,15,26,14
Thegl,26,26,18,25
Them4,972,1071,857,960
Them5,1,0,0,0
Them6,12,155,73,54
Them7,13,41,21,22
Themis,22,34,16,26
Themis2,41,25,67,41
Themis3,13,5,0,0
Thg1l,69,118,94,107
Thnsl1,600,874,555,706
Thnsl2,155,182,164,195
Thoc1,5932,6481,5497,5805
Thoc2,9757,10252,9458,9417
Thoc3,489,592,550,538
Thoc5,1598,1686,1625,1453
Thoc6,267,225,233,205
Thoc7,3295,3815,2738,3133
Thop1,297,392,346,315
Thpo,377,568,486,381
Thra,8453,7999,8891,6955
Thrap3,5235,4884,4616,4453
Thrb,19745,26741,24069,20812
Thrsp,157,257,232,161
Thsd1,458,336,472,373
Thsd4,2987,2777,3275,2801
Thsd7a,10502,9695,8171,9408
Thsd7b,9547,9406,10003,9584
Thtpa,131,167,105,85
Thumpd1,281,405,297,274
Thumpd2,902,929,927,965
Thumpd3,1372,1297,1323,1342
Thy1,1325,2091,2602,1424
Thyn1,1246,1427,1149,1257
Tia1,10506,12175,8946,9866
Tial1,7167,7916,6384,6661
Tiam1,14771,12526,10837,12133
Tiam2,6321,4375,4190,4567
Ticam1,143,169,157,92
Ticam2,4,5,20,11
Ticrr,42,9,22,22
Tie1,197,125,164,153
Tifa,1122,1036,971,1031
Tifab,28,11,52,32
Tigar,302,445,382,363
Tigd2,1487,1992,1348,1822
Tigd3,13,22,22,9
Tigd4,5,9,8,15
Tigd5,34,67,16,9
Tigit,17,7,11,13
Timd2,4,7,3,2
Timd4,27,35,31,29
Timeless,222,212,168,178
Timm10,32,104,83,46
Timm10b,457,1364,349,314
Timm13,238,540,250,217
Timm17a,1731,1928,1693,1703
Timm17b,252,245,219,233
Timm21,251,607,371,177
Timm22,994,1025,963,932
Timm23,3458,3698,3004,3639
Timm29,23,168,139,36
Timm44,4347,5013,4110,4201
Timm50,333,419,299,272
Timm8a1,17,94,81,47
Timm8a2,8,10,8,6
Timm8b,50,104,44,32
Timm9,3359,3736,3125,3109
Timmdc1,2940,3082,2369,2669
Timp1,65,57,47,37
Timp2,648,435,968,462
Timp3,2673,2221,1958,2039
Timp4,2127,2336,2065,2260
Tinag,24,24,19,9
Tinagl1,78,78,97,84
Tinf2,762,780,647,739
Tiparp,1812,1276,1049,1218
Tipin,1166,1064,1137,1174
Tiprl,1376,1984,1418,1616
Tirap,172,147,157,131
Tjap1,1763,1712,1652,1240
Tjp1,26836,24782,25685,21913
Tjp2,1840,1645,1987,1582
Tjp3,23,21,19,16
Tk1,45,44,64,48
Tk2,1236,1310,1200,1119
Tkfc,212,179,223,184
Tkt,1460,1258,1496,1296
Tktl1,16,14,7,13
Tktl2,2,9,7,5
Tlcd1,321,215,246,182
Tlcd2,13,14,26,29
Tldc2,2,11,3,4
Tle1,3691,3756,3611,3462
Tle2,2110,2141,1926,1254
Tle3,977,862,811,584
Tle4,7044,6387,6155,7343
Tle5,1598,1343,1504,1270
Tle6,123,138,110,110
Tle7,0,1,1,0
Tlk1,6437,6883,6210,6322
Tlk2,6155,6025,5719,5511
Tll1,2777,2549,762,1201
Tll2,53,61,114,151
Tln1,1176,1344,1220,1052
Tln2,9449,8227,8580,8263
Tlnrd1,82,142,139,105
Tlr1,10,3,33,11
Tlr11,0,0,1,2
Tlr12,8,6,9,8
Tlr13,16,5,37,19
Tlr2,4,8,19,11
Tlr3,224,169,206,211
Tlr4,112,77,126,116
Tlr5,11,11,29,11
Tlr6,3,8,9,6
Tlr7,76,66,161,95
Tlr8,13,2,13,8
Tlr9,2,0,1,0
Tlx1,0,3,0,0
Tlx1os,0,2,0,0
Tlx2,0,0,0,0
Tlx3,0,69,0,0
Tm2d1,1938,2117,1598,2031
Tm2d2,372,607,560,726
Tm2d3,344,644,592,312
Tm4sf1,201,214,197,192
Tm4sf19,2,0,8,9
Tm4sf20,31,17,19,36
Tm4sf4,0,1,0,1
Tm4sf5,7,10,14,7
Tm6sf1,3101,2198,2312,1808
Tm6sf2,123,146,103,75
Tm7sf2,461,496,517,496
Tm7sf3,1509,1443,1456,1411
Tm9sf1,792,875,787,747
Tm9sf2,3064,3308,2744,2629
Tm9sf3,2771,2887,2484,2539
Tm9sf4,4767,5257,4495,4202
Tma16,797,927,793,859
Tma7,1083,1515,1329,1350
Tmbim1,1618,1467,1712,1245
Tmbim4,1209,1664,1214,1336
Tmbim6,2563,2954,2233,2509
Tmbim7,5,3,2,3
Tmc1,128,169,50,106
Tmc2,78,119,75,103
Tmc3,34,29,35,41
Tmc4,657,673,640,556
Tmc5,19,19,32,33
Tmc6,252,231,397,312
Tmc7,1642,1588,1710,1405
Tmc8,32,31,55,34
Tmcc1,20465,20208,19088,16470
Tmcc2,1380,1198,1453,1184
Tmcc3,6040,4502,7797,5417
Tmcc3os,129,152,123,122
Tmco1,1159,1429,1043,1152
Tmco2,0,3,0,3
Tmco3,2180,2270,2168,1963
Tmco4,347,277,364,383
Tmco5,94,137,110,115
Tmco5b,10,9,10,8
Tmco6,968,999,877,843
Tmed1,433,561,499,673
Tmed10,3310,3143,2916,2699
Tmed11,2,0,1,0
Tmed2,1472,1649,1415,1697
Tmed3,142,424,181,137
Tmed4,220,1111,535,230
Tmed5,1436,1419,1177,1126
Tmed6,11,9,12,9
Tmed7,1073,1243,1008,1236
Tmed8,1753,1903,1634,1686
Tmed9,2530,3172,2764,2849
Tmeff1,3806,4047,4678,3691
Tmeff2,38407,36225,39435,32753
Tmem100,205,131,209,178
Tmem101,180,204,246,194
Tmem102,0,1,1,1
Tmem104,782,867,971,757
Tmem106a,218,144,258,170
Tmem106b,1150,1317,1111,1248
Tmem106c,291,375,238,254
Tmem107,208,373,229,196
Tmem108,13033,16667,13869,10677
Tmem109,526,747,491,438
Tmem11,827,864,662,737
Tmem114,8,22,7,15
Tmem115,136,197,154,201
Tmem116,1174,1090,1123,1201
Tmem117,7855,6817,6052,5601
Tmem119,74,44,49,51
Tmem120a,668,685,681,641
Tmem120b,2419,2455,2501,1833
Tmem121,23,77,101,27
Tmem121b,486,590,477,462
Tmem123,324,301,344,321
Tmem125,30,50,48,27
Tmem126a,4253,4341,3389,3698
Tmem126b,590,792,562,688
Tmem127,1375,1504,1291,1255
Tmem128,829,1027,729,885
Tmem129,84,242,194,186
Tmem130,3155,3411,2495,3275
Tmem131,7441,7132,6431,6099
Tmem131l,3262,3230,3115,2906
Tmem132a,1562,2709,1611,1407
Tmem132b,15491,16943,19261,15445
Tmem132c,1307,1888,1331,739
Tmem132cos,271,424,231,174
Tmem132d,17239,16597,18955,15205
Tmem132e,830,827,710,602
Tmem134,598,650,542,566
Tmem135,8303,8455,8109,7395
Tmem136,95,670,223,156
Tmem138,854,942,803,869
Tmem139,0,1,1,0
Tmem140,70,71,90,81
Tmem141,90,146,130,125
Tmem143,594,650,554,615
Tmem144,381,460,518,328
Tmem145,2033,2766,2054,1416
Tmem147,298,596,603,438
Tmem147os,185,223,157,184
Tmem14a,336,498,390,412
Tmem14c,213,398,331,264
Tmem150a,1188,978,1163,870
Tmem150b,219,198,218,188
Tmem150c,2531,2759,2655,2046
Tmem150cos,78,93,84,80
Tmem151a,1372,2074,1795,1492
Tmem151b,579,861,570,505
Tmem154,18,7,26,35
Tmem156,31,21,30,40
Tmem158,126,426,289,302
Tmem159,246,297,314,341
Tmem160,28,51,41,41
Tmem161a,1314,1140,1030,906
Tmem161b,4752,5213,3978,4254
Tmem163,3426,4774,2971,1994
Tmem164,4718,4260,4670,4172
Tmem165,2571,2690,2739,2968
Tmem167,3281,3587,2966,3286
Tmem167b,35,169,118,54
Tmem168,1138,1188,1011,1109
Tmem169,1605,2021,1545,1683
Tmem17,211,254,239,243
Tmem170,209,344,227,198
Tmem170b,1509,1628,1504,1402
Tmem171,1,4,3,8
Tmem173,22,22,34,30
Tmem174,2,7,4,3
Tmem175,4809,5119,4788,4857
Tmem176a,101,133,124,92
Tmem176b,220,243,203,170
Tmem177,79,121,77,95
Tmem178,4134,7430,6410,4113
Tmem178b,31716,36712,33782,29795
Tmem179,1164,1410,1108,1183
Tmem179b,404,486,382,437
Tmem18,434,710,390,313
Tmem181a,7169,9314,6775,7352
Tmem182,10,7,6,3
Tmem183a,729,893,823,820
Tmem184a,9,3,3,13
Tmem184b,2914,2972,2862,2793
Tmem184c,802,986,796,876
Tmem185a,264,380,238,252
Tmem185b,42,34,35,27
Tmem186,803,1130,771,845
Tmem189,2614,3014,3031,2604
Tmem19,1453,1683,1530,1506
Tmem190,1,1,0,0
Tmem191c,8268,6910,7708,7473
Tmem192,770,1040,793,870
Tmem196,2297,2447,1818,1943
Tmem198,422,545,349,435
Tmem198b,297,220,342,238
Tmem199,862,969,703,1057
Tmem200a,2393,3279,3258,2768
Tmem200b,5,2,1,3
Tmem200c,59,84,57,47
Tmem201,1852,2064,1573,1551
Tmem202,119,130,117,107
Tmem203,31,193,77,62
Tmem204,470,376,446,337
Tmem205,627,786,704,586
Tmem207,1,0,0,0
Tmem208,3024,3469,2660,3262
Tmem209,1023,1032,1052,1165
Tmem210,4,1,4,2
Tmem211,8,6,4,3
Tmem212,2,10,2,7
Tmem213,17,30,24,19
Tmem214,2156,2397,2178,1840
Tmem215,35,51,26,20
Tmem216,1720,1591,1397,1443
Tmem217,44,55,40,45
Tmem218,818,1022,838,1085
Tmem219,891,911,970,854
Tmem220,58,48,48,45
Tmem221,0,0,0,2
Tmem222,701,926,655,680
Tmem223,1009,1235,838,896
Tmem225,0,0,0,0
Tmem229a,169,158,187,111
Tmem229b,1025,1190,1098,912
Tmem230,417,635,475,408
Tmem231,799,811,752,749
Tmem232,652,657,651,651
Tmem233,2,10,3,6
Tmem234,3743,3873,3515,3164
Tmem235,0,0,0,0
Tmem236,36,31,31,34
Tmem237,1150,1347,1169,1320
Tmem238,68,112,81,51
Tmem238l,0,0,0,0
Tmem239,8,4,7,4
Tmem240,699,990,600,634
Tmem241,1908,2052,2243,1974
Tmem242,598,660,513,577
Tmem243,5234,4961,4309,4631
Tmem245,5043,5368,5488,4742
Tmem246,1557,2143,1650,1923
Tmem247,1,0,0,0
Tmem248,1191,1192,1056,1100
Tmem249,10,1,13,15
Tmem25,708,1205,846,661
Tmem250-ps,37,99,31,35
Tmem251,112,263,86,62
Tmem252,18,35,26,28
Tmem253,40,44,30,28
Tmem254a,0,4,4,5
Tmem254b,0,0,0,0
Tmem254c,0,1,1,0
Tmem255a,1249,812,662,787
Tmem255b,74,60,96,80
Tmem256,142,246,207,228
Tmem258,104,176,98,83
Tmem259,2611,2458,2524,2024
Tmem26,19,31,5,19
Tmem260,3980,3960,3808,3864
Tmem262,1,10,6,6
Tmem263,854,999,736,885
Tmem265,920,898,886,799
Tmem266,1485,2312,1224,1330
Tmem267,219,188,114,288
Tmem268,231,266,207,244
Tmem269,4,1,4,13
Tmem270,0,1,3,4
Tmem273,90,41,137,125
Tmem274,28,23,14,17
Tmem28,327,325,213,218
Tmem29,2182,2370,2139,2100
Tmem30a,502,535,1179,629
Tmem30b,0,1,0,0
Tmem30c,139,120,107,104
Tmem33,362,629,591,578
Tmem35a,72,58,128,7
Tmem35b,162,210,163,180
Tmem37,11,21,9,18
Tmem38a,2850,3333,2989,2804
Tmem38b,797,1003,762,745
Tmem39a,1279,1502,1232,1298
Tmem39b,1598,1344,1522,1275
Tmem40,201,154,142,152
Tmem41a,98,177,125,159
Tmem41b,1272,1531,1155,1318
Tmem42,413,384,257,287
Tmem43,179,197,208,202
Tmem44,2733,3338,3385,2659
Tmem45a,42,23,24,27
Tmem45a2,4,3,10,15
Tmem45b,44,14,14,28
Tmem47,1102,691,755,1134
Tmem50a,1522,1779,1465,1417
Tmem50b,317,325,379,348
Tmem51,266,277,272,212
Tmem51os1,20,16,13,20
Tmem52,21,16,7,15
Tmem52b,0,0,0,0
Tmem53,206,186,188,220
Tmem54,1,2,1,3
Tmem56,1465,1894,1670,1415
Tmem59,2567,3150,2458,2499
Tmem59l,998,1716,1094,831
Tmem60,999,1254,857,1013
Tmem61,16,14,23,20
Tmem62,1642,1973,1476,1591
Tmem63a,587,551,831,454
Tmem63b,5490,5832,5663,4457
Tmem63c,3192,4348,3825,3430
Tmem64,697,843,671,793
Tmem65,2305,2370,1948,1772
Tmem67,1627,1966,1466,1615
Tmem68,1422,1655,1150,1424
Tmem69,405,425,369,426
Tmem70,642,815,664,658
Tmem71,26,19,27,32
Tmem72,23,24,15,12
Tmem74,56,139,119,114
Tmem74b,128,185,128,141
Tmem74bos,44,40,31,32
Tmem79,45,114,96,38
Tmem8,546,603,465,398
Tmem80,1470,1644,1616,1502
Tmem81,55,57,73,53
Tmem82,47,23,34,37
Tmem86a,50,87,72,51
Tmem86b,656,653,594,568
Tmem87a,3344,3498,3401,3115
Tmem87b,2583,2751,2635,2428
Tmem88,69,131,79,105
Tmem88b,115,165,184,123
Tmem89,5,12,3,2
Tmem8b,663,664,621,597
Tmem9,1005,1150,895,977
Tmem91,1590,1838,1068,1844
Tmem92,0,0,0,0
Tmem94,1250,1384,1212,1093
Tmem95,4,3,4,2
Tmem97,176,262,161,196
Tmem98,190,148,243,215
Tmem9b,820,807,663,692
Tmf1,1659,1809,1531,1567
Tmie,46,66,49,63
Tmigd1,2,2,1,1
Tmigd3,17,14,24,18
Tmlhe,2273,2188,2095,1769
Tmod1,5265,4002,3683,3851
Tmod2,6617,7488,7861,6501
Tmod3,2831,2713,2383,2237
Tmod4,12,6,7,6
Tmpo,1373,1395,1224,1187
Tmppe,2,6,7,15
Tmprss11a,10,0,7,14
Tmprss11b,0,0,0,0
Tmprss11c,5,1,5,2
Tmprss11d,22,25,21,9
Tmprss11e,0,2,1,0
Tmprss11f,4,13,5,5
Tmprss11g,0,0,0,1
Tmprss12,2,2,5,5
Tmprss13,2,0,1,3
Tmprss15,12,17,15,15
Tmprss2,5,5,7,9
Tmprss3,0,3,2,1
Tmprss4,67,115,60,129
Tmprss5,298,261,350,254
Tmprss6,20,24,15,18
Tmprss7,163,152,162,152
Tmprss9,83,74,51,90
Tmsb10,91,304,194,120
Tmsb15a,0,0,0,0
Tmsb15b1,17,68,22,51
Tmsb15b2,176,234,186,204
Tmsb4x,883,1334,1165,1177
Tmtc1,11361,7944,7464,7543
Tmtc2,13241,12477,9736,8580
Tmtc3,1564,1725,1400,1484
Tmtc4,1342,1495,1082,1090
Tmub1,12,117,35,17
Tmub2,407,647,414,333
Tmx1,657,1041,652,872
Tmx2,1600,1972,1450,1623
Tmx3,2892,3402,2512,2752
Tmx4,4444,4346,3390,4043
Tnc,647,384,500,324
Tnf,3,1,18,13
Tnfaip1,842,938,804,761
Tnfaip2,18,17,12,13
Tnfaip3,90,77,113,103
Tnfaip6,697,628,725,379
Tnfaip8,571,261,517,360
Tnfaip8l1,141,141,171,162
Tnfaip8l2,23,28,43,40
Tnfaip8l3,449,545,637,527
Tnfrsf10b,33,31,23,35
Tnfrsf11a,794,921,1094,971
Tnfrsf11b,32,46,33,9
Tnfrsf12a,30,67,22,25
Tnfrsf13b,23,28,36,31
Tnfrsf13c,7,8,12,7
Tnfrsf14,4,1,2,3
Tnfrsf17,10,4,9,7
Tnfrsf18,43,43,55,50
Tnfrsf19,3369,3037,3162,3381
Tnfrsf1a,90,61,104,66
Tnfrsf1b,89,69,124,112
Tnfrsf21,2367,2227,2339,2100
Tnfrsf22,88,60,92,89
Tnfrsf23,220,203,247,218
Tnfrsf25,318,359,352,225
Tnfrsf26,20,16,16,22
Tnfrsf4,71,79,84,83
Tnfrsf8,93,192,177,181
Tnfrsf9,141,180,151,173
Tnfsf10,108,70,128,121
Tnfsf11,4,3,7,2
Tnfsf12,278,217,283,230
Tnfsf13,81,54,65,49
Tnfsf13b,124,263,186,163
Tnfsf13os,104,122,116,78
Tnfsf14,0,0,0,1
Tnfsf15,8,3,3,5
Tnfsf18,1,3,7,3
Tnfsf4,3,4,1,1
Tnfsf8,15,15,81,58
Tnfsf9,7,13,9,10
Tnik,37552,33610,29830,28473
Tnip1,844,871,865,850
Tnip2,1147,1263,1223,1189
Tnip3,15,25,20,24
Tnk1,8,4,10,8
Tnk2,3577,3352,3448,2837
Tnk2os,19,16,18,15
Tnks,5940,6308,5498,5180
Tnks1bp1,1154,1288,1294,1029
Tnks2,6718,6356,6203,5665
Tnmd,3,6,5,0
Tnn,30,10,19,18
Tnnc1,116,169,148,149
Tnnc2,1,2,2,1
Tnni1,166,195,313,260
Tnni2,1,0,3,1
Tnni3,38,25,26,35
Tnni3k,96,157,174,147
Tnnt1,47,31,14,45
Tnnt2,146,206,170,177
Tnnt3,2,3,2,3
Tnp1,0,0,0,1
Tnp2,8,14,15,21
Tnpo1,9996,9237,8632,8399
Tnpo2,1674,1594,1587,1306
Tnpo3,5846,6221,6072,5575
Tnr,21955,24014,24146,21791
Tnrc18,7324,5703,6449,5309
Tnrc6a,11528,11965,10635,9548
Tnrc6b,21666,20125,19015,16714
Tnrc6c,25953,26937,24261,24088
Tns1,1175,804,1014,844
Tns2,282,238,290,237
Tns3,1840,1143,2415,1550
Tns4,5,11,3,5
Tnxb,248,207,259,182
Tob1,274,421,390,310
Tob2,843,892,1117,795
Toe1,244,237,245,226
Togaram1,3887,3809,3680,3543
Togaram2,422,321,256,465
Tollip,677,714,734,678
Tom1,1981,1779,2201,1687
Tom1l1,1991,2079,2168,2208
Tom1l2,12673,12250,13099,10390
Tomm20,174,224,419,217
Tomm20l,400,411,388,383
Tomm22,85,154,129,122
Tomm34,1108,1217,1070,924
Tomm40,3930,3625,3573,3038
Tomm40l,454,584,462,413
Tomm5,32,118,36,41
Tomm6,84,217,77,80
Tomm6os,69,122,100,96
Tomm7,50,107,60,67
Tomm70a,2600,2627,2174,2768
Tomt,10,22,14,19
Tonsl,137,201,213,158
Top1,12414,11934,10323,9821
Top1mt,414,448,430,424
Top2a,74,46,107,81
Top2b,6424,6539,5486,5507
Top3a,671,661,683,667
Top3b,2046,2075,1955,1918
Topaz1,10,4,4,4
Topbp1,1143,1126,1196,1164
Topors,805,894,770,874
Toporsl,1,0,0,0
Tor1a,490,749,501,564
Tor1aip1,2281,1989,2181,1979
Tor1aip2,2907,3446,2914,3218
Tor1b,298,652,353,180
Tor2a,279,470,330,230
Tor3a,716,578,625,723
Tor4a,6,10,12,9
Tox,13280,13518,15051,12482
Tox2,2294,1998,1850,1691
Tox3,4195,3400,3489,3070
Tox4,2907,3280,2709,3027
Tpbg,138,137,45,57
Tpbgl,6,11,9,11
Tpbpa,0,0,0,0
Tpbpb,0,0,0,0
Tpcn1,1808,1769,1896,1511
Tpcn2,389,516,480,338
Tpd52,3188,3975,4011,3413
Tpd52l1,1175,1380,1047,1236
Tpd52l2,1510,1648,1524,1448
Tpgs1,142,150,145,146
Tpgs2,851,1046,771,950
Tph1,0,32,4,3
Tph2,32,27,18,20
Tpi1,1335,981,1590,1836
Tpk1,2297,3111,2794,2577
Tpm1,4857,4477,4006,4715
Tpm2,19,50,29,27
Tpm3,4960,5649,5017,4355
Tpm3-rs7,23,37,30,25
Tpm4,588,568,502,506
Tpmt,451,460,427,471
Tpo,125,95,72,76
Tpp1,1053,1139,978,855
Tpp2,4656,5359,4541,4384
Tppp,991,1178,1268,1144
Tppp2,0,0,0,1
Tppp3,230,294,270,211
Tpr,9262,9770,8304,8934
Tpra1,772,993,681,648
Tprg,5,7,2,7
Tprgl,144,228,218,125
Tprkb,2021,2145,1972,1997
Tprn,55,96,84,54
Tpsab1,0,0,0,0
Tpsb2,0,1,0,2
Tpsg1,2,0,4,2
Tpst1,1979,1921,1978,1856
Tpst2,1055,1020,1168,948
Tpt1,357,484,413,434
Tpte,32,18,16,30
Tpx2,85,79,80,84
Tra2a,10552,13200,10022,9946
Tra2b,5376,5996,4304,5192
Trabd,1263,1318,1289,1174
Trabd2b,906,1349,1673,1151
Trac,3,5,1,0
Tradd,158,166,188,137
Traf1,40,30,31,25
Traf2,290,234,228,238
Traf3,6015,6151,6664,4456
Traf3ip1,1259,1574,1281,1234
Traf3ip2,3045,2640,2351,2563
Traf3ip3,54,29,78,83
Traf4,187,117,165,140
Traf5,496,381,419,376
Traf6,1535,1764,1591,1960
Traf7,1449,1312,1611,1170
Trafd1,4755,4028,4022,3771
Traip,1323,1510,1941,1451
Traj1,0,0,0,0
Traj11,0,0,0,0
Traj12,1,6,2,7
Traj13,0,0,0,0
Traj14,0,0,0,0
Traj15,0,0,0,0
Traj16,0,0,0,0
Traj17,0,0,0,0
Traj18,0,0,3,0
Traj19,0,1,0,0
Traj2,0,0,0,0
Traj20,0,0,0,1
Traj21,0,0,0,0
Traj22,1,0,0,0
Traj23,0,0,0,0
Traj24,0,0,0,0
Traj25,0,0,0,0
Traj26,0,0,0,0
Traj27,16,4,18,14
Traj28,0,0,0,0
Traj29,0,0,0,0
Traj3,0,0,0,0
Traj30,0,0,0,0
Traj31,0,0,0,0
Traj32,0,0,0,0
Traj33,0,0,0,0
Traj34,0,0,0,0
Traj35,0,0,0,0
Traj36,0,0,0,0
Traj37,0,0,1,0
Traj38,0,0,0,0
Traj39,0,0,0,0
Traj4,0,1,0,0
Traj40,0,0,0,0
Traj41,0,0,0,0
Traj42,0,0,0,0
Traj43,0,0,1,0
Traj44,0,0,0,0
Traj45,0,0,0,0
Traj46,0,0,0,0
Traj47,0,0,0,0
Traj48,0,0,0,0
Traj49,0,2,0,0
Traj5,0,0,0,0
Traj50,0,0,0,0
Traj51,0,0,0,0
Traj52,0,0,0,0
Traj53,0,0,0,0
Traj54,0,0,0,0
Traj55,0,0,0,1
Traj56,0,0,0,0
Traj57,0,0,0,0
Traj58,0,0,0,0
Traj59,0,0,0,0
Traj6,0,0,0,0
Traj60,0,0,0,0
Traj61,0,0,0,0
Traj7,0,0,0,0
Traj8,0,0,0,0
Traj9,0,0,0,0
Trak1,6520,6165,5966,4827
Trak2,2676,3168,2656,2661
Tram1,1626,1641,1574,1444
Tram1l1,44,61,52,42
Tram2,235,167,203,134
Trank1,12488,14163,10650,12891
Trap1,1710,1789,1582,1512
Trap1a,0,0,0,1
Trappc1,157,241,209,155
Trappc10,3829,3989,3506,3546
Trappc11,2306,2419,1924,2052
Trappc12,3021,3034,2982,2766
Trappc13,1654,1739,1420,1410
Trappc2,331,460,298,385
Trappc2l,180,463,355,487
Trappc3,1563,1682,1461,1351
Trappc3l,7,17,19,30
Trappc4,911,1226,940,955
Trappc5,38,194,138,78
Trappc6a,380,439,383,443
Trappc6b,1925,2237,1842,1873
Trappc8,6012,6366,6062,5713
Trappc9,7920,8123,8116,7408
Trarg1,4,14,8,4
Trat1,269,311,316,346
Trav1,0,0,0,0
Trav10,0,0,0,0
Trav10d,0,0,0,0
Trav10n,0,0,0,0
Trav11,0,0,0,0
Trav11d,0,0,0,0
Trav11n,0,0,0,0
Trav12-1,0,0,0,0
Trav12-2,0,0,0,0
Trav12-3,0,0,0,0
Trav12-4,0,0,0,0
Trav12d-1,0,0,0,0
Trav12d-2,0,0,0,0
Trav12d-3,0,0,0,0
Trav12n-1,0,0,0,0
Trav12n-2,0,0,0,0
Trav12n-3,0,0,0,0
Trav13-1,0,0,1,0
Trav13-2,0,0,0,0
Trav13-3,0,0,0,0
Trav13-4-dv7,0,0,0,0
Trav13d-1,0,0,0,0
Trav13d-2,0,0,0,0
Trav13d-3,0,0,0,0
Trav13d-4,0,0,0,0
Trav13n-1,0,0,0,0
Trav13n-2,0,0,0,0
Trav13n-3,0,0,0,0
Trav13n-4,0,0,0,0
Trav14-1,0,0,0,0
Trav14-2,0,0,0,0
Trav14-3,0,0,0,0
Trav14d-1,0,0,0,0
Trav14d-2,0,0,0,0
Trav14d-3-dv8,0,0,0,0
Trav14n-1,0,0,0,0
Trav14n-2,0,0,0,0
Trav14n-3,0,0,0,0
Trav15-1-dv6-1,0,0,0,0
Trav15-2-dv6-2,0,0,0,0
Trav15-3,0,0,0,0
Trav15d-1-dv6d-1,0,0,0,0
Trav15d-2-dv6d-2,0,0,0,0
Trav15d-3,0,0,0,0
Trav15n-1,0,0,0,0
Trav15n-2,0,0,0,0
Trav15n-3,0,0,0,0
Trav16,0,0,0,0
Trav16d-dv11,0,0,0,0
Trav16n,0,0,0,0
Trav17,0,0,0,0
Trav18,0,0,0,0
Trav19,0,0,0,0
Trav2,0,0,0,0
Trav20,0,0,0,0
Trav21-dv12,0,0,0,0
Trav22,4,8,6,11
Trav23,0,0,0,0
Trav3-1,0,0,0,0
Trav3-2,0,0,0,0
Trav3-3,0,0,0,0
Trav3-4,1,0,0,0
Trav3d-2,0,0,0,0
Trav3d-3,0,0,0,0
Trav3n-2,0,0,0,0
Trav3n-3,0,0,0,0
Trav4-1,0,0,0,0
Trav4-2,0,0,0,0
Trav4-3,0,0,0,0
Trav4-4-dv10,0,1,0,0
Trav4d-2,0,0,0,0
Trav4d-3,0,0,0,0
Trav4d-4,0,0,0,0
Trav4n-3,0,0,0,0
Trav4n-4,0,0,0,0
Trav5-1,0,0,0,0
Trav5-2,0,0,0,0
Trav5-4,0,0,0,0
Trav5d-2,0,0,0,0
Trav5d-3,0,0,0,0
Trav5d-4,0,0,0,0
Trav5n-2,0,0,0,0
Trav5n-3,0,0,0,0
Trav5n-4,0,0,0,0
Trav6-1,0,0,0,0
Trav6-2,0,0,0,0
Trav6-3,0,0,0,0
Trav6-4,0,0,0,0
Trav6-5,0,0,0,0
Trav6-6,0,0,0,0
Trav6-7-dv9,0,0,0,0
Trav6d-3,0,0,0,0
Trav6d-4,0,0,0,0
Trav6d-5,0,1,0,0
Trav6d-6,0,0,0,0
Trav6d-7,0,0,0,0
Trav6n-5,0,0,0,0
Trav6n-6,0,0,0,0
Trav6n-7,0,0,0,0
Trav7-1,0,0,0,0
Trav7-2,0,0,0,0
Trav7-3,0,0,0,0
Trav7-4,0,0,0,0
Trav7-5,0,0,0,0
Trav7-6,0,0,0,0
Trav7d-2,0,0,0,0
Trav7d-3,0,0,0,0
Trav7d-4,0,0,0,0
Trav7d-5,0,0,0,0
Trav7n-4,0,0,0,0
Trav7n-5,0,0,0,0
Trav7n-6,0,0,0,0
Trav8-1,0,0,0,0
Trav8-2,0,0,0,0
Trav8d-1,0,0,0,0
Trav8d-2,0,0,0,0
Trav8n-2,0,0,0,0
Trav9-1,0,0,0,0
Trav9-2,0,0,0,0
Trav9-4,0,2,0,1
Trav9d-1,0,0,0,0
Trav9d-2,0,0,0,0
Trav9d-3,0,0,0,0
Trav9d-4,0,1,0,0
Trav9n-1,0,0,0,0
Trav9n-2,0,0,0,0
Trav9n-3,0,0,0,0
Trav9n-4,0,0,0,1
Trbc1,18,50,57,37
Trbc2,27,76,73,47
Trbd1,0,0,0,0
Trbd2,0,0,0,0
Trbj1-1,0,0,0,0
Trbj1-2,0,0,0,0
Trbj1-3,0,0,0,0
Trbj1-4,0,0,0,1
Trbj1-5,0,0,0,1
Trbj1-6,0,0,0,0
Trbj1-7,0,0,0,0
Trbj2-1,0,0,0,0
Trbj2-2,0,0,0,0
Trbj2-3,0,1,0,0
Trbj2-4,0,0,0,0
Trbj2-5,0,0,0,0
Trbj2-6,0,0,0,0
Trbj2-7,6,2,1,2
Trbv1,0,0,0,0
Trbv10,0,0,0,0
Trbv11,0,0,0,0
Trbv12-1,0,0,0,0
Trbv12-2,0,0,0,0
Trbv12-3,0,0,0,0
Trbv13-1,0,0,0,0
Trbv13-2,0,0,0,0
Trbv13-3,0,0,0,0
Trbv14,0,0,0,0
Trbv15,0,0,0,1
Trbv16,0,0,0,0
Trbv17,0,0,0,0
Trbv18,0,0,0,0
Trbv19,0,0,0,0
Trbv2,0,0,0,0
Trbv20,0,0,0,0
Trbv21,0,0,0,0
Trbv22,0,0,0,0
Trbv23,0,0,0,0
Trbv24,0,0,0,0
Trbv25,0,0,0,0
Trbv26,0,0,1,0
Trbv27,0,0,0,0
Trbv28,0,0,0,0
Trbv29,0,0,0,0
Trbv3,0,0,0,0
Trbv30,0,0,0,0
Trbv31,0,0,0,0
Trbv4,0,0,0,0
Trbv5,0,0,0,0
Trbv6,0,0,0,0
Trbv7,0,0,0,0
Trbv8,0,0,0,0
Trbv9,0,0,0,0
Trcg1,34,36,38,27
Trdc,11,3,5,4
Trdd1,0,0,0,0
Trdd2,0,0,0,0
Trdj1,0,0,0,0
Trdj2,0,0,2,0
Trdmt1,777,804,671,673
Trdn,1744,213,241,252
Trdv1,0,0,0,1
Trdv2-1,0,0,0,0
Trdv2-2,0,0,0,1
Trdv3,0,0,0,0
Trdv4,1,1,1,0
Trdv5,0,0,0,1
Treh,11,6,5,3
Trem1,1,0,0,0
Trem2,75,64,173,158
Trem3,9,6,5,6
Treml1,4,5,8,11
Treml2,3,3,17,7
Treml4,11,7,6,0
Trerf1,20377,17829,17999,16672
Trex1,0,0,0,0
Trex2,0,0,0,0
Trf,2274,2669,3720,2139
Trgj1,0,0,0,0
Trgj2,0,0,0,0
Trgj3,0,0,0,0
Trgj4,0,0,0,0
Trgv2,0,0,1,0
Trh,20,15,15,17
Trhde,11971,12603,8588,7567
Trhr,384,373,468,599
Trhr2,38,33,19,32
Triap1,262,404,216,284
Trib1,175,209,210,182
Trib2,784,729,612,628
Trib3,18,27,20,42
Tril,352,364,311,280
Trim10,0,2,0,1
Trim11,1243,1368,1344,1303
Trim12a,245,130,310,256
Trim12c,115,68,130,120
Trim13,184,272,234,176
Trim14,140,120,210,206
Trim15,4,6,1,6
Trim16,57,44,41,48
Trim17,681,704,624,645
Trim2,18139,19418,19332,16632
Trim21,33,22,51,26
Trim23,2202,2416,2138,2332
Trim24,4480,3657,3669,3856
Trim25,213,126,271,236
Trim26,1333,1281,1187,1240
Trim27,520,511,451,417
Trim28,893,917,831,756
Trim29,1,4,1,1
Trim3,2894,3597,3216,2886
Trim30a,296,218,378,301
Trim30b,10,5,7,6
Trim30c,15,10,24,11
Trim30d,90,55,150,104
Trim31,1,2,1,2
Trim32,629,793,564,566
Trim33,6827,6779,6189,5782
Trim34a,122,69,141,118
Trim34b,1,1,0,1
Trim35,8015,8003,7903,9439
Trim36,422,341,535,394
Trim37,6735,6787,6203,5632
Trim38,13,5,4,4
Trim39,966,1132,812,739
Trim40,8,3,3,4
Trim41,1834,1682,1788,1576
Trim42,2,3,3,10
Trim43a,145,173,153,142
Trim43b,15,13,16,19
Trim43c,225,278,195,182
Trim44,8880,8198,6905,7592
Trim45,72,101,93,102
Trim46,4092,3948,4093,3811
Trim47,236,176,231,173
Trim5,83,42,75,63
Trim50,4,6,4,4
Trim52,0,1,1,1
Trim54,7,3,3,10
Trim55,20,5,8,4
Trim56,127,81,158,124
Trim58,5,1,3,6
Trim59,473,359,609,462
Trim6,17,15,11,14
Trim60,6,1,3,1
Trim61,0,1,1,0
Trim62,840,768,614,600
Trim63,6,9,2,6
Trim65,299,236,243,212
Trim66,799,1038,740,735
Trim67,217,450,223,140
Trim68,310,289,309,309
Trim69,7,1,17,12
Trim7,389,397,424,315
Trim71,140,161,109,109
Trim72,15,12,13,12
Trim75,6,10,4,7
Trim8,1098,817,944,709
Trim80,2,6,4,5
Trim9,23861,22091,19889,16495
Triml1,0,0,0,0
Triml2,11,12,6,5
Trio,21202,23459,20994,18811
Triobp,302,320,309,242
Trip10,117,134,106,84
Trip11,6542,6609,6329,5624
Trip12,11923,12496,11266,10877
Trip13,68,69,71,62
Trip4,3495,3161,3187,3027
Trip6,180,187,187,137
Triqk,563,637,509,741
Trir,715,1453,1023,745
Trit1,2403,2423,2256,2345
Trmo,450,460,397,444
Trmt1,3159,3546,3457,3427
Trmt10a,527,821,596,688
Trmt10b,1453,1778,1418,1618
Trmt10c,256,487,327,404
Trmt11,2387,2613,2187,2063
Trmt112,78,466,402,278
Trmt12,154,216,153,180
Trmt13,2532,3023,2670,2570
Trmt1l,3862,3837,3882,3582
Trmt2a,1046,1103,899,918
Trmt2b,943,932,799,695
Trmt44,366,476,390,419
Trmt5,265,313,263,271
Trmt6,1681,2006,1646,1678
Trmt61a,132,188,211,187
Trmt61b,1382,1536,1269,1268
Trmt9b,1980,1838,1119,1171
Trmu,1555,1581,1537,1460
Trnau1ap,1243,1280,1150,1084
Trnp1,1103,1593,1354,1326
Trnt1,886,1024,777,805
Tro,3517,4680,3305,4386
Troap,17,5,22,13
Trp53,1028,981,971,963
Trp53bp1,6123,5691,5279,4942
Trp53bp2,1572,1144,1322,1045
Trp53cor1,118,80,132,89
Trp53i11,673,710,606,584
Trp53i13,116,134,159,123
Trp53inp1,624,631,576,531
Trp53inp2,1083,1028,795,1029
Trp53rka,164,250,206,199
Trp53rkb,202,413,229,226
Trp53tg5,9,6,10,2
Trp63,88,60,36,31
Trp73,67,60,97,49
Trp73os,0,1,1,1
Trpa1,6,15,11,13
Trpc1,5026,5504,5020,5163
Trpc3,1589,1996,1570,1383
Trpc4,6472,5115,4981,3980
Trpc4ap,4662,5015,4976,4058
Trpc5,4809,7411,6926,6035
Trpc5os,123,173,136,149
Trpc6,2652,3641,4447,3751
Trpc7,1237,1130,892,1198
Trpd52l3,0,0,0,0
Trpm1,14,17,33,34
Trpm2,1409,1715,1673,1317
Trpm3,42482,31252,21977,19092
Trpm4,843,1023,1094,902
Trpm5,1,6,5,0
Trpm6,118,106,104,127
Trpm7,12188,11827,11537,10176
Trpm8,13,21,13,13
Trps1,19770,19453,15822,17938
Trpt1,154,216,169,157
Trpv1,18,13,20,9
Trpv2,1108,1340,1259,1054
Trpv3,105,84,126,111
Trpv4,62,49,84,70
Trpv5,2,2,1,4
Trpv6,193,288,317,286
Trrap,5567,5712,5504,5202
Trub1,1851,2071,1905,1858
Trub2,1932,1812,1680,1588
Try10,0,0,0,0
Try4,0,0,0,0
Try5,0,3,3,3
Tsacc,980,854,1142,1029
Tsc1,5877,6190,6066,5286
Tsc2,1400,1370,1362,1152
Tsc22d1,8040,8885,7117,6538
Tsc22d2,4594,4583,4116,3714
Tsc22d3,549,659,760,341
Tsc22d4,2130,2141,2205,1823
Tsen15,1149,1353,961,1060
Tsen2,2228,2015,2355,1869
Tsen34,569,565,647,492
Tsen54,570,565,500,410
Tsfm,888,1047,920,1093
Tsg101,2417,2302,2035,1935
Tsga10,3292,3517,3175,3128
Tsga10ip,14,16,16,19
Tsga13,44,48,35,36
Tsga8,1,0,1,5
Tshb,14,22,14,14
Tshr,189,103,137,219
Tshz1,7101,2013,1660,2161
Tshz2,14588,16083,15581,12760
Tshz3,6209,8057,9171,6282
Tsix,82,113,81,79
Tsks,98,121,124,129
Tsku,17,6,7,8
Tslp,11,27,24,14
Tslrn1,0,0,0,0
Tsn,741,1368,1267,1191
Tsnax,3206,4140,2949,3502
Tsnaxip1,202,198,154,171
Tspan1,15,12,14,15
Tspan10,1,1,0,1
Tspan11,117,90,71,57
Tspan12,839,745,703,661
Tspan13,2599,3755,3160,2688
Tspan14,2019,2495,2944,2173
Tspan15,546,375,503,363
Tspan17,802,1281,1184,905
Tspan18,214,311,421,167
Tspan2,1392,1434,1990,1129
Tspan2os,44,53,53,57
Tspan3,2775,2803,2434,2767
Tspan31,424,463,303,327
Tspan32,113,55,108,100
Tspan32os,90,84,150,126
Tspan33,1493,1541,1175,1042
Tspan4,319,393,368,312
Tspan5,21811,23890,21927,16755
Tspan6,103,105,90,105
Tspan7,14995,14095,12669,11492
Tspan8,6,6,1,1
Tspan9,3218,3355,3654,2472
Tspear,187,129,35,191
Tspo,98,130,122,134
Tspo2,0,3,5,1
Tspoap1,9560,9132,8585,7059
Tspyl1,34,43,142,26
Tspyl2,2373,2605,2101,2269
Tspyl3,6,19,23,11
Tspyl4,581,1144,878,1242
Tspyl5,337,452,268,350
Tsr1,384,401,373,367
Tsr2,483,569,413,509
Tsr3,793,850,640,648
Tssc4,660,903,600,490
Tssk1,0,2,0,2
Tssk2,0,0,1,0
Tssk3,36,47,31,52
Tssk4,2,13,25,7
Tssk5,0,4,1,1
Tssk6,0,5,2,5
Tst,137,146,92,102
Tsta3,785,800,869,679
Tstd1,92,69,74,63
Tstd2,831,930,895,785
Tstd3,311,459,356,347
Tsx,53,40,39,41
Ttbk1,2563,2755,2517,2158
Ttbk2,402,511,631,314
Ttc1,1443,1707,1449,1553
Ttc12,132,93,122,125
Ttc13,2527,2700,2779,2233
Ttc14,11780,15847,10661,11718
Ttc16,308,311,270,284
Ttc17,7122,7836,6957,6530
Ttc19,10410,11767,9634,10147
Ttc21a,64,60,55,77
Ttc21b,3394,3849,3521,3227
Ttc22,72,63,44,41
Ttc23,1019,900,1089,913
Ttc23l,10,12,9,12
Ttc24,2,2,0,25
Ttc25,177,204,232,199
Ttc26,1645,1661,1743,1617
Ttc27,1923,2130,2145,1829
Ttc28,6459,5634,6236,4463
Ttc29,15,28,8,21
Ttc3,35797,37744,32890,31747
Ttc30a1,15,20,37,28
Ttc30a2,0,0,0,1
Ttc30b,18,26,38,27
Ttc32,128,168,125,129
Ttc33,632,808,613,662
Ttc34,62,64,38,59
Ttc36,13,31,17,29
Ttc37,4624,5293,4817,4611
Ttc38,587,680,705,702
Ttc39a,618,790,508,504
Ttc39aos1,75,118,62,60
Ttc39b,3169,3797,3007,2945
Ttc39c,3852,2792,2411,2456
Ttc39d,85,93,106,115
Ttc4,3316,4092,2923,3101
Ttc41,161,128,176,149
Ttc5,1813,2212,1764,2180
Ttc6,37,74,48,67
Ttc7,1482,1295,1270,1175
Ttc7b,13157,14560,13889,12411
Ttc8,7753,7088,6712,6752
Ttc9,774,938,852,830
Ttc9b,32,173,110,38
Ttc9c,1133,1015,1039,1089
Ttf1,1524,1525,1476,1448
Ttf2,105,104,132,97
Tti1,729,724,837,715
Tti2,551,608,523,504
Ttk,19,19,36,31
Ttl,1434,1440,1233,1459
Ttll1,841,793,748,746
Ttll10,13,14,7,9
Ttll11,7633,8819,8274,7252
Ttll12,311,306,349,263
Ttll13,50,62,48,61
Ttll2,0,2,1,0
Ttll3,978,1023,912,785
Ttll4,2067,2059,1770,1568
Ttll5,7104,7821,7704,5895
Ttll6,10,9,9,4
Ttll7,9220,10209,9070,9327
Ttll8,473,235,399,242
Ttll9,93,142,136,85
Ttn,204,425,209,203
Ttpa,125,91,96,110
Ttpal,1063,1104,927,1056
Ttr,2,12,9,3
Ttyh1,8237,7814,6805,6538
Ttyh2,1697,1646,1973,1088
Ttyh3,3119,2571,2334,2525
Tub,3928,5122,4732,4060
Tuba1a,403,878,920,686
Tuba1b,107,155,156,79
Tuba1c,10,2,13,12
Tuba3a,13,9,1,11
Tuba3b,3,1,2,2
Tuba4a,61,71,79,37
Tuba8,158,108,61,55
Tubal3,4,0,3,3
Tubb1,3,2,2,1
Tubb2a,204,296,911,376
Tubb2b,191,205,217,156
Tubb3,3152,3953,3326,3585
Tubb4a,3222,4270,4366,4037
Tubb4b,145,193,244,134
Tubb5,136,166,233,170
Tubb6,61,33,46,52
Tubd1,683,716,771,645
Tube1,152,203,147,154
Tubg1,354,461,332,364
Tubg2,535,613,452,511
Tubgcp2,1515,1854,1520,1482
Tubgcp3,2278,2314,2274,1971
Tubgcp4,2176,1956,1869,1842
Tubgcp5,2940,2714,2753,2776
Tubgcp6,1288,1218,1290,983
Tufm,252,244,227,219
Tuft1,162,271,159,121
Tug1,603,1100,639,466
Tulp1,0,4,3,1
Tulp2,478,398,447,515
Tulp3,4590,3787,4016,3430
Tulp4,11665,11293,11265,9403
Tunar,226,276,109,132
Tusc1,23,29,17,12
Tusc2,46,56,48,28
Tusc3,8745,9265,8318,8121
Tut1,702,738,577,679
Tut4,12114,11878,10176,10713
Tut7,4175,4468,4108,3765
Tvp23a,1394,1604,1426,1355
Tvp23b,920,1114,928,1131
Tvp23bos,12,15,25,8
Twf1,536,798,592,526
Twf2,1880,2013,2278,2048
Twist1,8,6,8,1
Twist2,183,269,312,275
Twistnb,636,865,636,758
Twnk,177,272,199,215
Twsg1,672,859,743,796
Txk,36,27,33,40
Txlna,1602,1640,1418,1344
Txlnb,155,123,127,135
Txlng,4923,4633,4368,3917
Txn1,258,326,520,551
Txn2,1297,1312,1191,1173
Txndc11,5026,4391,4246,3715
Txndc12,1203,1302,1131,1057
Txndc15,2320,2611,2302,2299
Txndc16,5219,5209,4826,4308
Txndc17,221,495,262,366
Txndc2,5,3,7,4
Txndc5,558,693,619,628
Txndc8,1,1,0,3
Txndc9,1191,1290,1014,1149
Txnip,168,196,241,184
Txnl1,1882,2726,2008,2321
Txnl4a,223,345,254,242
Txnl4b,81,106,71,54
Txnrd1,1226,1400,1283,1337
Txnrd2,820,745,782,628
Txnrd3,145,139,117,117
Tyk2,1814,1677,2076,1619
Tyms,331,355,270,265
Tyr,7,39,22,38
Tyro3,3096,3309,2769,2480
Tyrobp,49,58,109,80
Tyrp1,8,2,8,2
Tysnd1,327,310,263,222
Tyw1,2303,2413,2257,2115
Tyw3,389,453,343,333
Tyw5,1213,1353,1229,1263
U2af1,2349,2246,2166,2039
U2af1l4,419,451,350,391
U2af2,2428,2092,2166,1876
U2surp,9923,10066,8584,8773
U90926,1,1,0,0
Uaca,353,197,239,276
Uap1,825,876,862,738
Uap1l1,78,69,95,89
Uba1,1600,1712,1529,1395
Uba1y,23,8,12,10
Uba2,3446,3312,3295,3095
Uba3,1621,1703,1377,1407
Uba5,2144,2570,2083,2278
Uba52,287,606,297,401
Uba6,3964,4341,3603,3503
Uba7,60,30,69,80
Ubac1,1703,1696,1522,1278
Ubac2,5174,4695,4796,3828
Ubald1,630,758,496,523
Ubald2,673,675,642,572
Ubap1,2239,2035,1997,1705
Ubap1l,655,1163,660,472
Ubap2,4514,4462,4348,3824
Ubap2l,7077,7057,6884,6014
Ubash3a,47,45,45,32
Ubash3b,6050,4710,5332,3136
Ubb,694,1356,741,765
Ubc,633,903,695,666
Ubd,0,0,0,0
Ube2a,608,626,527,474
Ube2b,5799,8304,5296,5401
Ube2c,8,4,6,3
Ube2cbp,784,764,601,645
Ube2d1,3075,3094,2779,2636
Ube2d2a,5834,5428,5279,4871
Ube2d2b,3,3,2,3
Ube2d3,4743,4868,4506,4579
Ube2dnl1,1,0,1,0
Ube2dnl2,0,0,0,0
Ube2e1,2517,2620,2336,2240
Ube2e2,34979,36970,33627,28165
Ube2e3,4296,3775,2786,3000
Ube2f,2488,2548,2365,2354
Ube2g1,6998,6681,6403,5675
Ube2g2,780,911,779,828
Ube2h,9465,8323,8090,6463
Ube2i,2088,1995,1870,1829
Ube2j1,1752,2080,1624,1905
Ube2j2,2585,2642,2480,2438
Ube2k,9837,9611,9041,7687
Ube2l3,2881,2836,2629,2492
Ube2l6,43,47,50,50
Ube2m,1179,1399,1008,1169
Ube2n,2356,2690,2332,2132
Ube2o,4218,4266,3981,3318
Ube2q1,829,957,770,726
Ube2q2,3738,4022,3435,3596
Ube2ql1,2086,1615,1452,1297
Ube2r2,6189,5524,5738,4884
Ube2s,1265,1427,1190,1278
Ube2t,54,40,37,47
Ube2u,9,14,15,11
Ube2uos,1,2,0,2
Ube2v1,874,904,873,687
Ube2v2,3536,3656,3076,3266
Ube2w,6656,7185,6019,5653
Ube2z,937,975,862,807
Ube3a,47521,55587,37975,44221
Ube3b,1949,1923,1951,1561
Ube3c,10222,10178,9946,9175
Ube4a,4369,4692,4269,4173
Ube4b,7958,8012,8169,6998
Ube4bos1,1684,1863,1672,1815
Ube4bos2,2,5,5,0
Ube4bos3,25,17,19,23
Ubfd1,615,796,610,725
Ubiad1,333,363,370,309
Ubl3,4794,3463,3281,2896
Ubl4a,142,295,187,190
Ubl4b,0,0,0,0
Ubl5,402,327,484,408
Ubl7,1231,1392,1077,1174
Ublcp1,1181,1422,1118,1028
Ubn1,4060,3970,4033,3468
Ubn2,20406,20766,17536,15721
Ubox5,994,1044,957,913
Ubp1,5714,5342,5187,4521
Ubqln1,1801,1916,1664,1640
Ubqln2,77,23,160,35
Ubqln3,0,0,0,0
Ubqln4,1476,1637,1278,1192
Ubqln5,0,0,0,0
Ubqlnl,0,0,0,0
Ubr1,7065,6854,6687,6625
Ubr2,8020,8211,7650,6804
Ubr3,15820,16661,15041,14652
Ubr4,3497,3766,3501,2929
Ubr5,14306,14119,12939,12616
Ubr7,1292,1359,1187,1279
Ubtd1,843,619,752,670
Ubtd2,2356,2347,2013,1749
Ubtf,1958,1935,1579,1394
Ubtfl1,1,1,0,0
Ubxn1,940,1086,849,1035
Ubxn10,25,41,38,24
Ubxn11,2693,3206,2674,3127
Ubxn2a,1918,1976,1640,1668
Ubxn2b,1740,1942,1705,2264
Ubxn4,5873,5564,5709,4881
Ubxn6,1148,1251,1055,970
Ubxn7,3467,3255,3040,2754
Ubxn8,441,393,405,457
Uchl1,1978,2751,2638,2406
Uchl1os,325,376,388,352
Uchl3,2422,2833,2288,2110
Uchl4,508,301,310,323
Uchl5,1373,1490,1317,1299
Uck1,494,598,445,395
Uck2,2474,2579,2370,2099
Uckl1,1161,1343,1176,1060
Uckl1os,21,13,14,9
Ucma,6,36,21,20
Ucn,3,2,5,12
Ucn2,14,4,7,1
Ucn3,0,0,0,0
Ucp1,9,16,15,15
Ucp2,72,82,112,69
Ucp3,102,76,80,90
Uevld,1633,1852,1782,1756
Ufc1,1066,1228,921,1118
Ufd1,2753,2715,2757,2533
Ufl1,2356,2488,2077,2244
Ufm1,223,410,240,225
Ufsp1,103,147,130,87
Ufsp2,2006,2327,1830,1896
Ugcg,1713,1754,1453,1637
Ugdh,1654,1668,1872,1489
Uggt1,3661,3874,3558,3419
Uggt2,8127,10323,9246,8356
Ugp2,2938,2449,2630,2390
Ugt1a1,1,0,0,0
Ugt1a10,0,1,0,0
Ugt1a2,0,0,0,0
Ugt1a5,1,1,3,0
Ugt1a6a,6,6,16,8
Ugt1a6b,0,0,0,0
Ugt1a7c,8,1,8,6
Ugt1a8,0,0,0,0
Ugt1a9,0,0,0,0
Ugt2a1,0,0,0,0
Ugt2a2,0,0,0,0
Ugt2a3,0,0,1,0
Ugt2b1,0,2,0,0
Ugt2b34,2,1,0,0
Ugt2b35,0,0,0,1
Ugt2b36,0,0,0,0
Ugt2b37,7,0,0,1
Ugt2b38,0,0,0,0
Ugt2b5,1,3,0,0
Ugt3a1,4,1,2,4
Ugt3a2,3,1,3,2
Ugt8a,1548,1354,2316,1251
Uhmk1,970,1024,962,1024
Uhrf1,23,33,37,22
Uhrf1bp1,938,966,855,815
Uhrf1bp1l,4771,4935,3970,3893
Uhrf2,6169,5832,5119,5112
Uimc1,3887,3852,3693,3168
Ulbp1,13,23,27,29
Ulk1,1239,1310,1076,901
Ulk2,11261,10829,11476,10171
Ulk3,957,905,900,719
Ulk4,5324,5361,6067,5564
Umad1,6462,7118,5990,5888
Umod,0,1,0,0
Umodl1,11,7,17,14
Umps,314,358,331,334
Unc119,149,274,183,147
Unc119b,839,889,810,811
Unc13a,7696,8185,7431,5602
Unc13b,6789,7898,8165,7322
Unc13c,6968,9656,5682,7260
Unc13d,60,85,65,62
Unc45a,2378,2125,2351,2112
Unc45b,62,39,60,63
Unc45bos,5,10,5,9
Unc50,424,934,571,488
Unc5a,1906,2313,2123,1837
Unc5b,541,705,659,373
Unc5c,26341,35623,27540,22807
Unc5cl,7,9,8,7
Unc5d,36886,39406,31549,28244
Unc79,20242,20898,17605,17801
Unc80,23185,28395,20764,20736
Unc93a,2,1,3,2
Unc93a2,0,0,0,0
Unc93b1,433,235,697,428
Uncx,78,329,32,5
Ung,59,47,42,65
Unk,2345,2011,2154,1997
Unkl,1785,1930,1831,1590
Uox,8,10,4,19
Upb1,55,23,7,173
Upf1,1493,1512,1356,1163
Upf2,5599,5755,5215,4677
Upf3a,876,906,855,870
Upf3b,4462,4093,3530,3538
Upk1a,78,102,75,58
Upk1b,34,17,58,36
Upk2,0,0,0,0
Upk3a,1,3,0,2
Upk3b,3,0,0,2
Upk3bl,70,64,55,63
Upp1,24,18,23,22
Upp2,19275,20264,17827,16076
Uprt,381,380,331,389
Uqcc1,2859,2600,2373,2214
Uqcc2,142,136,385,228
Uqcc3,33,128,36,34
Uqcr10,45,168,87,53
Uqcr11,72,149,83,114
Uqcrb,146,238,220,141
Uqcrc1,2294,2491,2102,2077
Uqcrc2,2528,2885,2545,2486
Uqcrfs1,122,210,126,111
Uqcrh,745,603,737,681
Uqcrq,346,492,584,374
Urad,0,0,0,3
Urah,4,16,6,1
Urb1,1158,1155,1182,1151
Urb2,416,350,329,409
Urgcp,5614,5091,5086,4968
Uri1,4894,5673,4862,4933
Urm1,1350,1440,1316,1239
Uroc1,0,0,1,0
Urod,208,175,123,178
Uros,1161,1221,1080,1073
Usb1,285,318,253,297
Use1,814,933,746,867
Usf1,531,594,562,550
Usf2,2336,2223,2106,1801
Usf3,3013,2817,2783,2671
Ush1c,20,16,20,24
Ush1g,12,3,3,3
Ush2a,138,192,141,116
Ushbp1,269,180,217,211
Uso1,4044,4186,3858,3827
Usp1,801,923,746,741
Usp10,2242,2551,2138,1977
Usp11,2539,2619,2393,2512
Usp12,2627,2720,2862,2965
Usp13,3621,4018,3342,3023
Usp14,4443,4836,4227,4202
Usp15,9203,10600,8847,8774
Usp16,3132,3486,3058,3169
Usp17la,1,0,0,0
Usp17lb,0,0,0,0
Usp17lc,0,0,0,0
Usp17ld,0,0,0,0
Usp17le,2,1,1,1
Usp18,60,27,104,104
Usp19,4475,4685,4100,3648
Usp2,2985,3043,2848,2927
Usp20,3043,2905,3278,2768
Usp21,769,732,749,665
Usp22,2547,2976,2532,2476
Usp24,8180,7817,8810,7524
Usp25,4295,5446,5182,4407
Usp26,44,52,26,20
Usp27x,10,34,33,4
Usp28,3189,3413,2900,2813
Usp29,13561,13066,9678,10515
Usp3,5237,4959,3650,4248
Usp30,1376,1324,1377,1194
Usp31,3460,3757,3522,2935
Usp32,10764,10229,10641,9276
Usp33,6537,6572,6010,5237
Usp34,21137,23357,20078,19692
Usp35,785,981,968,910
Usp36,3081,2866,2911,2731
Usp37,4952,4835,4441,4163
Usp38,1589,1606,1455,1448
Usp39,731,726,644,634
Usp4,3819,3711,3684,3206
Usp40,5082,4947,5026,4583
Usp42,1231,1225,1081,1091
Usp43,298,362,389,368
Usp44,10,5,2,8
Usp45,5276,5939,5240,5550
Usp46,7626,5917,5156,5788
Usp46os1,704,479,480,479
Usp46os2,83,42,60,57
Usp47,6650,6328,6136,5586
Usp48,5926,6065,5575,5246
Usp49,1903,1956,1950,1718
Usp5,1412,1553,1400,1343
Usp50,2695,2665,2492,2559
Usp51,102,118,87,119
Usp53,2978,3409,2828,3026
Usp54,3796,3714,4366,2977
Usp6nl,1927,1582,1591,1200
Usp7,4840,4981,4750,4069
Usp8,3450,3654,3228,3303
Usp9x,10690,11237,10373,9418
Usp9y,10,20,20,19
Uspl1,1004,1060,979,920
Ust,6166,5985,4836,5133
Utf1,1,0,0,1
Utp11,1836,1905,1718,1798
Utp14a,2677,3034,2788,2592
Utp14b,615,605,589,495
Utp15,986,1164,971,983
Utp18,1965,2062,1664,2144
Utp20,1968,2047,1938,2026
Utp23,76,200,135,151
Utp25,1053,1138,1041,945
Utp3,422,635,393,492
Utp4,1575,1691,1646,1574
Utp6,1168,1148,1045,994
Utrn,8905,8272,8358,7965
Uts2,17,20,11,21
Uts2b,1,2,0,2
Uts2r,3,4,0,1
Uty,7908,7626,7239,7078
Uvrag,10222,10070,10267,8780
Uvssa,1578,1649,1512,1410
Uxs1,4398,4265,3809,3629
Uxt,223,284,218,217
V1ra8,1,1,0,0
V1rd19,0,0,0,0
Vac14,1441,1419,1413,1279
Vamp1,929,1127,831,837
Vamp2,1164,1187,1580,1069
Vamp3,573,639,460,547
Vamp4,3523,3473,3266,3182
Vamp5,244,161,264,196
Vamp7,578,613,519,586
Vamp8,80,78,106,111
Vamp9,433,368,345,498
Vangl1,355,269,344,279
Vangl2,516,541,418,379
Vapa,4107,4171,3548,3762
Vapb,2103,2454,2137,2042
Vars,1035,1195,1048,957
Vars2,543,630,605,427
Vash1,2203,1740,1921,1687
Vash2,122,136,112,75
Vasn,85,86,76,59
Vasp,330,292,400,299
Vat1,129,159,175,133
Vat1l,2392,3072,2040,2429
Vav1,117,53,223,130
Vav2,653,625,708,530
Vav3,3312,3106,2567,2573
Vax1,5,6,4,15
Vax2,49,75,45,33
Vax2os,21,21,17,21
Vbp1,1022,1088,955,793
Vcam1,217,173,221,181
Vcan,1700,1586,1918,1436
Vcl,4745,3813,3965,3811
Vcp,3758,3578,3704,3424
Vcpip1,1795,1901,1739,1714
Vcpkmt,331,435,288,327
Vdac1,3297,3519,2676,3415
Vdac2,2072,2193,1859,1844
Vdac3,1119,1428,1256,1324
Vdr,25,9,14,16
Vegfa,2150,2072,1807,1244
Vegfb,1048,1255,995,1003
Vegfc,788,1020,931,916
Vegfd,304,307,470,372
Veph1,55,14,15,41
Vezf1,1535,1298,1253,1293
Vezt,7051,8027,7302,7263
Vgf,237,610,512,239
Vgll1,0,1,0,0
Vgll2,3,4,4,12
Vgll3,96,67,104,53
Vgll4,6408,5308,6001,5052
Vhl,600,630,570,758
Vil1,71,55,61,44
Vill,172,221,262,220
Vim,253,397,320,332
Vinac1,153,174,133,175
Vip,250,647,407,241
Vipas39,2539,2564,2354,2437
Vipr1,1508,1749,1681,1428
Vipr2,1643,280,97,76
Virma,4916,5099,4652,4768
Vit,156,145,142,137
Vkorc1,37,178,56,74
Vkorc1l1,3326,2991,3164,2879
Vldlr,1841,1962,1643,1696
Vma21,326,340,299,299
Vmac,51,240,106,23
Vmn1r1,0,0,2,1
Vmn1r10,0,0,0,1
Vmn1r100,0,0,0,0
Vmn1r101,0,0,0,0
Vmn1r103,0,0,0,0
Vmn1r104,0,0,0,0
Vmn1r107,0,0,0,0
Vmn1r11,0,0,0,0
Vmn1r111,0,0,0,0
Vmn1r112,0,0,0,0
Vmn1r113,0,0,0,0
Vmn1r114,0,0,0,0
Vmn1r115,0,0,0,0
Vmn1r116,0,0,0,0
Vmn1r117,0,0,0,0
Vmn1r118,0,0,0,0
Vmn1r119,0,0,0,0
Vmn1r12,13,15,25,8
Vmn1r120,0,0,0,0
Vmn1r121,0,0,0,0
Vmn1r122,0,0,0,0
Vmn1r123,0,0,0,0
Vmn1r124,0,0,0,0
Vmn1r125,0,0,0,0
Vmn1r126,0,0,0,0
Vmn1r127,0,0,0,0
Vmn1r128,0,0,0,0
Vmn1r129,0,0,0,0
Vmn1r13,1,3,2,0
Vmn1r130,0,0,0,0
Vmn1r131,0,0,0,0
Vmn1r132,0,0,0,0
Vmn1r135,0,0,0,0
Vmn1r137,0,0,0,0
Vmn1r138,0,0,0,0
Vmn1r139,0,0,0,0
Vmn1r14,0,0,0,1
Vmn1r142,0,0,0,0
Vmn1r143,0,0,0,0
Vmn1r148,0,0,0,0
Vmn1r149,0,0,0,0
Vmn1r15,1,1,0,1
Vmn1r151,0,0,0,0
Vmn1r152,0,0,0,0
Vmn1r155,0,0,0,0
Vmn1r157,0,0,0,0
Vmn1r158,0,0,0,0
Vmn1r159,0,0,0,0
Vmn1r16,2,5,1,4
Vmn1r160,0,0,0,0
Vmn1r163,0,0,0,0
Vmn1r165,0,0,0,0
Vmn1r166,0,0,0,0
Vmn1r167,0,0,0,0
Vmn1r168,5,5,2,0
Vmn1r169,0,0,0,0
Vmn1r17,0,0,0,0
Vmn1r170,0,0,0,0
Vmn1r171,0,1,0,0
Vmn1r172,0,0,0,0
Vmn1r173,0,0,0,0
Vmn1r174,0,1,0,0
Vmn1r175,1,0,0,0
Vmn1r176,0,0,0,0
Vmn1r177,0,0,0,0
Vmn1r178,1,0,0,0
Vmn1r179,0,1,0,0
Vmn1r18,2,5,6,4
Vmn1r180,0,0,0,1
Vmn1r181,1,0,1,0
Vmn1r183,8,18,13,11
Vmn1r184,0,0,0,0
Vmn1r185,0,0,0,0
Vmn1r186,0,0,0,0
Vmn1r188,5,4,2,3
Vmn1r189,0,2,1,1
Vmn1r19,0,0,0,0
Vmn1r191,0,0,0,0
Vmn1r192,0,1,0,0
Vmn1r193,0,0,0,0
Vmn1r194,0,0,0,0
Vmn1r195,2,1,0,0
Vmn1r196,1,10,0,0
Vmn1r197,9,9,5,6
Vmn1r198,0,2,0,0
Vmn1r199,0,1,1,0
Vmn1r2,0,0,0,0
Vmn1r20,1,0,0,1
Vmn1r200,4,2,0,2
Vmn1r201,4,1,2,0
Vmn1r202,0,1,1,0
Vmn1r203,0,4,3,2
Vmn1r204,0,0,0,0
Vmn1r205,0,0,0,0
Vmn1r206,36,40,37,58
Vmn1r207-ps,80,96,37,32
Vmn1r208,6,10,1,1
Vmn1r209,161,133,26,52
Vmn1r21,15,13,13,17
Vmn1r210,3,0,2,1
Vmn1r211,6,0,0,1
Vmn1r212,0,1,1,1
Vmn1r213,4,0,0,1
Vmn1r214,5,8,3,2
Vmn1r215,3,1,3,0
Vmn1r216,0,0,0,0
Vmn1r217,0,0,0,0
Vmn1r218,31,35,20,30
Vmn1r219,0,0,0,0
Vmn1r22,5,11,8,10
Vmn1r220,4,9,2,2
Vmn1r221,1,2,0,1
Vmn1r222,1,0,1,1
Vmn1r223,0,0,0,0
Vmn1r224,8,5,5,4
Vmn1r225,0,1,0,0
Vmn1r226,0,1,0,0
Vmn1r227,2,3,4,3
Vmn1r228,0,1,1,0
Vmn1r229,4,2,2,5
Vmn1r23,0,0,0,0
Vmn1r230,0,0,0,2
Vmn1r231,0,1,0,0
Vmn1r232,0,0,0,0
Vmn1r233,0,1,0,0
Vmn1r234,0,0,0,0
Vmn1r235,1,0,0,0
Vmn1r236,1,0,0,2
Vmn1r237,0,0,0,1
Vmn1r238,0,0,0,0
Vmn1r239-ps,0,0,0,0
Vmn1r24,5,9,9,6
Vmn1r25,0,2,2,1
Vmn1r26,14,22,14,22
Vmn1r27,1,1,0,0
Vmn1r28,1,3,4,0
Vmn1r29,13,14,6,6
Vmn1r3,0,0,0,0
Vmn1r30,3,10,6,9
Vmn1r31,2,2,0,3
Vmn1r32,3,7,17,14
Vmn1r33,0,10,7,12
Vmn1r34,2,18,18,13
Vmn1r35,0,1,2,1
Vmn1r36,0,0,1,0
Vmn1r37,0,0,0,0
Vmn1r38,4,3,2,3
Vmn1r39,1,1,0,4
Vmn1r4,23,39,32,45
Vmn1r40,0,0,0,0
Vmn1r41,0,0,0,0
Vmn1r42,1,0,0,0
Vmn1r43,1,1,2,2
Vmn1r44,0,0,0,0
Vmn1r45,0,0,0,0
Vmn1r46,4,3,6,10
Vmn1r47,5,7,4,3
Vmn1r48,0,0,0,0
Vmn1r49,1,3,0,0
Vmn1r5,1,2,1,0
Vmn1r50,0,0,0,0
Vmn1r51,0,1,0,0
Vmn1r52,0,0,0,0
Vmn1r53,0,1,0,0
Vmn1r54,0,2,1,1
Vmn1r55,10,14,16,9
Vmn1r56,0,0,0,0
Vmn1r57,1,0,1,0
Vmn1r58,6,3,1,2
Vmn1r59,0,0,0,0
Vmn1r6,5,1,3,4
Vmn1r60,3,1,0,1
Vmn1r61,4,3,2,3
Vmn1r62,0,0,0,0
Vmn1r63,0,0,0,0
Vmn1r64,0,0,0,0
Vmn1r65,0,0,0,2
Vmn1r66,0,5,1,1
Vmn1r67,0,0,1,0
Vmn1r68,0,0,0,1
Vmn1r69,0,0,0,0
Vmn1r7,0,0,0,0
Vmn1r70,0,0,0,0
Vmn1r71,0,0,0,0
Vmn1r72,1,3,0,0
Vmn1r73,0,1,0,0
Vmn1r74,2,0,0,0
Vmn1r75,0,3,1,3
Vmn1r76,0,0,0,1
Vmn1r77,0,0,0,0
Vmn1r78,2,0,1,0
Vmn1r79,1,0,0,0
Vmn1r8,0,0,0,0
Vmn1r80,0,0,0,0
Vmn1r81,7,3,6,7
Vmn1r82,0,1,0,0
Vmn1r83,0,0,4,2
Vmn1r84,3,1,1,2
Vmn1r85,2,2,1,3
Vmn1r86,4,7,4,11
Vmn1r87,2,4,1,1
Vmn1r88,0,8,9,7
Vmn1r89,0,0,2,0
Vmn1r9,1,0,1,0
Vmn1r90,66,65,32,45
Vmn1r91,0,0,0,0
Vmn1r93,0,0,0,0
Vmn1r94,0,0,0,0
Vmn1r95,0,0,0,0
Vmn2r-ps130,1,0,0,0
Vmn2r-ps159,1,1,0,0
Vmn2r1,322,178,350,414
Vmn2r10,11,13,12,9
Vmn2r100,0,3,1,1
Vmn2r101,0,0,1,1
Vmn2r102,0,1,1,0
Vmn2r103,2,0,0,0
Vmn2r104,0,0,0,0
Vmn2r105,0,0,0,0
Vmn2r106,0,0,0,0
Vmn2r107,0,2,0,1
Vmn2r108,7,11,4,9
Vmn2r109,2,0,0,3
Vmn2r11,0,4,1,1
Vmn2r110,2,2,0,1
Vmn2r111,26,29,22,11
Vmn2r112,11,26,22,10
Vmn2r113,47,32,40,27
Vmn2r114,3,3,7,2
Vmn2r115,3,0,3,0
Vmn2r116,14,17,9,20
Vmn2r117,0,1,0,1
Vmn2r118,28,47,28,21
Vmn2r12,0,0,0,0
Vmn2r120,24,18,16,17
Vmn2r121,0,0,0,0
Vmn2r122,0,0,0,0
Vmn2r124,40,35,25,38
Vmn2r126,2,6,4,1
Vmn2r13,0,0,1,2
Vmn2r14,0,0,0,0
Vmn2r15,1,0,1,0
Vmn2r16,3,0,0,1
Vmn2r17,3,4,5,4
Vmn2r18,3,5,4,3
Vmn2r19,2,2,1,2
Vmn2r2,57,50,61,78
Vmn2r20,4,1,2,1
Vmn2r21,0,0,0,0
Vmn2r22,0,1,0,0
Vmn2r23,0,0,0,2
Vmn2r24,3,2,1,3
Vmn2r25,1,0,0,2
Vmn2r26,22,14,17,9
Vmn2r27,37,31,39,38
Vmn2r28,4,6,7,3
Vmn2r29,478,538,438,421
Vmn2r3,6,3,7,8
Vmn2r30,14,14,11,6
Vmn2r31,0,1,0,2
Vmn2r32,0,0,0,1
Vmn2r33,0,0,1,0
Vmn2r34,0,1,0,0
Vmn2r35,0,1,1,0
Vmn2r36,1,1,0,2
Vmn2r37,0,0,0,0
Vmn2r38,0,0,3,1
Vmn2r39,0,0,0,0
Vmn2r4,3,7,12,4
Vmn2r40,1,1,0,0
Vmn2r41,0,0,0,0
Vmn2r42,0,0,0,0
Vmn2r43,0,0,0,0
Vmn2r44,19,24,20,19
Vmn2r45,4,3,0,6
Vmn2r46,0,1,0,0
Vmn2r47,0,0,0,0
Vmn2r48,1,0,0,0
Vmn2r49,0,3,0,2
Vmn2r5,4,19,4,4
Vmn2r50,0,0,0,0
Vmn2r51,2,1,1,0
Vmn2r52,0,0,0,1
Vmn2r53,37,39,35,30
Vmn2r54,57,81,60,52
Vmn2r55,67,80,68,77
Vmn2r56,83,80,79,68
Vmn2r57,264,241,244,260
Vmn2r58,4,0,2,2
Vmn2r59,10,21,8,15
Vmn2r6,7,13,11,19
Vmn2r60,1,8,4,3
Vmn2r61,3,1,0,1
Vmn2r62,0,2,0,0
Vmn2r63,5,5,2,2
Vmn2r65,10,2,6,6
Vmn2r66,1,3,0,2
Vmn2r67,1,0,6,0
Vmn2r68,0,0,0,0
Vmn2r69,1,2,1,1
Vmn2r7,94,142,73,79
Vmn2r70,0,0,0,0
Vmn2r71,3,1,1,0
Vmn2r72,0,0,1,1
Vmn2r73,1,1,2,0
Vmn2r74,0,0,0,0
Vmn2r75,0,1,0,1
Vmn2r76,3,8,2,3
Vmn2r77,0,1,0,0
Vmn2r78,1,2,10,2
Vmn2r79,15,18,17,12
Vmn2r8,0,0,1,1
Vmn2r80,2,1,0,0
Vmn2r81,1,2,2,1
Vmn2r82,4,0,0,0
Vmn2r83,2,1,3,2
Vmn2r84,391,582,546,481
Vmn2r85,687,924,895,824
Vmn2r86,255,324,270,253
Vmn2r87,1159,1407,1333,1224
Vmn2r88,0,0,1,0
Vmn2r89,3,5,3,2
Vmn2r9,0,0,0,0
Vmn2r90,2,3,0,4
Vmn2r91,2,3,1,0
Vmn2r92,3,2,2,2
Vmn2r93,2,2,2,0
Vmn2r94,0,0,1,0
Vmn2r95,4,5,2,5
Vmn2r96,3,2,1,3
Vmn2r97,0,5,5,7
Vmn2r98,0,0,2,1
Vmn2r99,1,0,0,1
Vmo1,2,1,2,0
Vmp1,9389,9372,9188,7948
Vnn1,2,2,2,3
Vnn3,2,1,2,0
Vopp1,2799,3425,2693,2782
Vpreb1,13,15,12,14
Vpreb2,0,1,0,0
Vpreb3,3,4,1,1
Vps11,1576,1483,1527,1301
Vps13a,13210,16105,13677,12639
Vps13b,17569,20688,17351,16684
Vps13c,7559,9796,8091,7685
Vps13d,8396,8669,9227,7768
Vps16,1416,1367,1380,1097
Vps18,479,599,601,570
Vps25,11,26,11,5
Vps26a,1196,1269,1240,1144
Vps26b,1059,1070,1034,1047
Vps26c,934,967,909,818
Vps28,596,610,654,556
Vps29,592,1273,846,537
Vps33a,2400,2455,2412,2194
Vps33b,1471,1502,1495,1264
Vps35,2504,2746,2583,2485
Vps35l,5269,5044,5462,4567
Vps36,1620,1703,1504,1540
Vps37a,2888,3160,2516,2608
Vps37b,2134,2096,1973,1865
Vps37c,904,961,998,942
Vps37d,1244,1626,1405,1346
Vps39,1775,1854,1835,1694
Vps41,7401,8290,7930,7450
Vps45,2135,2161,1922,1651
Vps4a,1092,1217,959,908
Vps4b,2506,3055,2440,2761
Vps50,5498,6369,5790,6475
Vps51,411,398,375,423
Vps52,854,974,862,861
Vps53,3187,3363,3484,2989
Vps54,6305,6222,5587,5362
Vps72,1386,1369,1246,1344
Vps8,5467,5775,6195,4741
Vps9d1,3478,3693,3485,3116
Vrk1,1452,1417,1438,1543
Vrk2,840,766,1047,992
Vrk3,634,546,604,548
Vrtn,4,8,1,10
Vsig1,1,0,0,1
Vsig10,188,133,205,192
Vsig10l,53,49,52,53
Vsig2,73,69,82,73
Vsig4,5,5,16,13
Vsig8,34,49,30,58
Vsir,259,171,403,279
Vsnl1,12253,17880,13877,13849
Vstm2a,3627,3855,3733,4179
Vstm2b,1256,1861,1536,1158
Vstm2l,1054,1228,906,989
Vstm4,164,136,115,109
Vstm5,1237,1175,1182,1340
Vsx1,9,6,8,2
Vsx2,6,18,5,5
Vta1,2710,2838,2508,2606
Vtcn1,22,52,25,31
Vti1a,16650,17020,16459,14552
Vti1b,4047,4273,3715,4192
Vtn,1143,1782,991,887
Vwa1,327,317,293,309
Vwa2,15,3,15,5
Vwa3a,922,938,1143,1101
Vwa3b,150,124,184,151
Vwa5a,184,168,230,197
Vwa5b1,74,224,106,178
Vwa5b2,3456,3979,3711,2575
Vwa7,17,50,28,13
Vwa8,9550,10480,9071,8685
Vwc2,2556,2576,2398,1994
Vwc2l,2375,5677,4401,4777
Vwce,98,79,81,72
Vwde,6,35,3,12
Vwf,121,53,143,157
Vxn,1567,2349,2145,1599
Wac,8242,8231,6851,7227
Wap,4,11,9,5
Wapl,7044,6348,6443,5640
Wars,1096,1196,1138,1232
Wars2,1482,1363,1414,1307
Was,48,33,59,38
Wasf1,6864,7779,6413,7081
Wasf2,2782,2149,2832,2244
Wasf3,4963,5270,4918,4917
Washc1,758,898,831,846
Washc2,3170,3184,3244,2877
Washc3,1048,1149,1100,1164
Washc4,3673,3927,3721,3304
Washc5,1708,1767,1802,1715
Wasl,5167,6138,5013,5280
Wbp1,474,459,405,346
Wbp11,1580,1854,1622,1516
Wbp1l,1735,1547,1820,1361
Wbp2,2097,2398,2007,1832
Wbp2nl,2,1,2,1
Wbp4,2369,2427,2110,2068
Wbscr25,62,43,68,38
Wdcp,1031,1123,974,744
Wdfy1,2306,2205,2144,1883
Wdfy2,3437,3321,3590,2629
Wdfy3,16333,16100,15236,15043
Wdfy4,229,181,453,291
Wdhd1,839,1176,975,958
Wdpcp,3691,3988,3922,3451
Wdr1,1354,1275,1319,1130
Wdr11,1830,1778,1948,1857
Wdr12,2221,2462,2176,2076
Wdr13,1992,2017,1881,1777
Wdr17,18619,17879,17137,17325
Wdr18,1104,1135,1048,1067
Wdr19,1430,1571,1477,1465
Wdr20,4108,3551,4000,3087
Wdr20rt,0,1,0,0
Wdr24,223,242,203,255
Wdr25,803,860,911,781
Wdr26,6283,5635,5772,5267
Wdr27,477,652,542,608
Wdr3,873,1002,888,780
Wdr31,487,577,514,630
Wdr33,11079,11319,10096,9585
Wdr34,1826,1942,1677,1687
Wdr35,1997,2296,1980,1962
Wdr36,1529,1731,1498,1572
Wdr37,5759,6094,5433,5788
Wdr38,190,256,210,238
Wdr4,1018,929,1008,1049
Wdr41,2141,2155,2074,1985
Wdr43,2433,2626,2081,2279
Wdr44,2732,2588,2381,2147
Wdr45,768,842,692,665
Wdr45b,2569,2326,2317,2258
Wdr46,298,320,317,283
Wdr47,4510,4856,4139,4167
Wdr48,2459,2444,2317,2016
Wdr49,71,79,40,72
Wdr5,1433,1308,1343,1104
Wdr53,452,529,509,552
Wdr54,217,309,248,268
Wdr55,214,217,175,211
Wdr59,2001,2143,2124,1847
Wdr5b,72,102,62,54
Wdr6,1029,940,799,900
Wdr60,4660,4656,3910,4096
Wdr61,1448,1539,1327,1469
Wdr62,77,86,125,95
Wdr63,7,3,12,9
Wdr64,50,32,53,32
Wdr66,824,890,1160,929
Wdr7,9300,10406,9778,9196
Wdr70,5096,5327,4713,4443
Wdr72,5,19,13,6
Wdr73,1293,1434,1356,1267
Wdr74,541,722,541,560
Wdr75,1561,1848,1352,1648
Wdr76,1146,1100,994,842
Wdr77,601,724,661,588
Wdr78,2088,2256,1945,2046
Wdr81,362,395,446,389
Wdr82,1778,1939,1505,1635
Wdr83,1045,991,1045,977
Wdr83os,79,342,170,111
Wdr86,17,14,3,5
Wdr89,700,641,710,663
Wdr90,636,593,636,476
Wdr91,932,817,904,940
Wdr92,840,910,798,900
Wdr93,41,32,40,43
Wdr95,363,486,443,465
Wdsub1,688,877,854,904
Wdtc1,2042,2074,1923,1528
Wdyhv1,949,1051,865,1015
Wee1,634,817,548,622
Wee2,21,17,13,12
Wfdc1,90,84,91,88
Wfdc10,0,0,0,0
Wfdc11,0,2,0,4
Wfdc12,3,0,1,1
Wfdc13,0,0,0,0
Wfdc15a,0,0,0,0
Wfdc15b,0,0,0,0
Wfdc16,0,0,0,0
Wfdc17,3,5,6,2
Wfdc18,4,18,6,2
Wfdc2,10,14,6,10
Wfdc21,0,2,1,0
Wfdc3,23,51,26,27
Wfdc5,0,0,0,0
Wfdc6a,0,2,0,0
Wfdc6b,0,0,0,0
Wfdc8,9,9,9,13
Wfdc9,0,0,0,0
Wfikkn1,16,23,15,17
Wfikkn2,13,8,8,6
Wfs1,370,555,483,806
Whamm,2164,2376,2131,1772
Whrn,1355,1656,1294,1038
Wif1,16,39,27,21
Wincr1,2,2,1,1
Wipf1,2165,1504,2821,1765
Wipf2,4143,3836,4144,3088
Wipf3,5174,5807,4968,4037
Wipi1,1167,1072,1262,989
Wipi2,2572,2744,2546,2199
Wiz,1483,1465,1490,1299
Wls,4881,3031,3549,3366
Wnk1,13273,12032,12833,9689
Wnk2,12176,12229,12476,9775
Wnk3,2243,2263,1820,1975
Wnk4,111,69,50,67
Wnt1,52,39,54,73
Wnt10a,71,72,35,40
Wnt10b,72,49,48,32
Wnt11,2,5,7,0
Wnt16,14,12,17,21
Wnt2,220,126,120,338
Wnt2b,276,264,233,228
Wnt3,63,65,57,37
Wnt3a,6,2,6,4
Wnt4,639,808,705,573
Wnt5a,372,303,298,300
Wnt5b,760,796,940,727
Wnt6,17,10,5,5
Wnt7a,326,191,212,185
Wnt7b,407,385,436,439
Wnt8a,3,1,2,0
Wnt8b,12,33,6,6
Wnt9a,475,585,513,561
Wnt9b,4,5,7,10
Wrap53,453,483,577,470
Wrap73,749,919,765,685
Wrb,1093,1064,846,1022
Wrn,3475,3562,3559,3230
Wrnip1,807,821,765,760
Wsb1,3440,4839,3429,3822
Wsb2,1300,1375,1295,1228
Wscd1,1135,1068,1468,942
Wscd2,5434,6284,4569,4780
Wt1,2,3,1,3
Wt1os,1,0,1,1
Wtap,1995,1882,1802,1802
Wtip,1139,842,935,1030
Wwc1,6227,5725,6548,4752
Wwc2,3504,3444,3715,3578
Wwox,19426,21739,20313,15712
Wwp1,7153,6123,4981,4815
Wwp2,2767,2761,2931,2458
Wwtr1,1496,831,1006,998
Xab2,415,428,412,408
Xaf1,213,230,312,205
Xbp1,858,1254,910,1034
Xcl1,1,3,1,0
Xcr1,7,7,4,2
Xdh,225,216,266,163
Xiap,3504,3287,3017,2816
Xirp1,0,0,0,0
Xirp2,260,383,230,223
Xist,22,20,19,23
Xk,230,257,206,239
Xkr4,46534,60228,52135,45138
Xkr5,3,5,1,4
Xkr6,9493,12753,10295,10201
Xkr7,291,414,381,319
Xkr8,67,78,52,76
Xkr9,2,4,0,7
Xkrx,64,40,37,31
Xlr,18,19,31,31
Xlr3a,9,14,9,23
Xlr3b,28,2,56,183
Xlr3c,0,0,0,0
Xlr4a,7,1,13,33
Xlr4b,3,3,8,29
Xlr4c,0,1,4,2
Xlr5a,3,0,5,9
Xlr5b,0,0,0,0
Xlr5c,0,0,0,0
Xndc1,2600,2234,2336,2221
Xpa,2931,2716,2509,2503
Xpc,1186,1290,1082,1154
Xpnpep1,2563,2561,2675,2309
Xpnpep2,10,10,10,6
Xpnpep3,2232,2132,2209,2146
Xpo1,4629,4522,4233,4415
Xpo4,3699,3774,3477,3440
Xpo5,1720,1944,1710,1674
Xpo6,4340,4364,4327,3873
Xpo7,7846,7273,7054,6044
Xpot,2142,2170,2063,1902
Xpr1,8598,6436,6434,6687
Xrcc1,1074,955,1096,911
Xrcc2,242,255,184,176
Xrcc3,166,187,195,216
Xrcc4,5065,4268,4441,5102
Xrcc5,1906,1998,2063,2003
Xrcc6,4814,4052,3774,3473
Xrn1,9295,9874,9099,8212
Xrn2,5916,6159,5104,5391
Xrra1,107,110,119,130
Xxylt1,839,875,813,772
Xylb,227,278,238,229
Xylt1,19096,18194,21230,17084
Xylt2,729,861,677,698
Yae1d1,937,1106,839,952
Yaf2,4060,4339,3749,3619
Yap1,1004,894,996,807
Yars,2830,2601,2769,2502
Yars2,382,392,269,385
Ybey,187,286,226,233
Ybx1,3129,3440,2923,2945
Ybx2,268,294,313,221
Ybx3,2085,2627,2184,2016
Ydjc,916,1136,875,1108
Yeats2,6078,6434,6204,5359
Yeats4,311,545,442,494
Yes1,2981,1867,1663,1729
Yif1a,105,178,112,132
Yif1b,154,202,222,141
Yipf1,2000,1687,2010,1657
Yipf2,627,637,541,535
Yipf3,564,753,511,537
Yipf4,1762,1937,1718,1995
Yipf5,2203,2826,1935,2343
Yipf6,783,858,665,766
Yipf7,10,8,20,4
Yjefn3,505,484,421,372
Yju2,573,526,580,586
Ykt6,746,1012,725,818
Ylpm1,10668,11828,10794,10277
Yme1l1,5594,5733,4866,5199
Yod1,257,292,225,116
Ypel1,1176,1130,1106,1077
Ypel2,7965,6283,6967,6618
Ypel3,1941,2444,1993,1497
Ypel4,2580,2659,1923,1693
Ypel5,1029,986,873,976
Yrdc,375,548,426,377
Ythdc1,6336,6949,5599,6211
Ythdc2,4675,5532,4631,4614
Ythdf1,833,1038,851,919
Ythdf2,1416,1252,1303,1156
Ythdf3,4830,5510,4239,4203
Ywhab,1388,1226,1678,1539
Ywhae,5750,4359,5290,4250
Ywhag,5146,5207,4701,4933
Ywhah,544,1209,1343,780
Ywhaq,4204,3686,3952,3515
Ywhaz,5723,6171,5184,6262
Yy1,2245,2309,2198,2263
Yy2,0,0,0,0
Zadh2,2262,1393,1356,1377
Zan,77,100,107,83
Zap70,79,75,78,87
Zar1,80,16,5,11
Zar1l,268,185,113,285
Zbbx,529,648,547,669
Zbed3,292,418,333,231
Zbed4,1322,1329,1244,1132
Zbed5,350,456,404,467
Zbed6,0,0,0,0
Zbp1,6,4,11,9
Zbtb1,859,886,828,754
Zbtb10,469,548,492,540
Zbtb11,5311,5460,4814,4280
Zbtb11os1,16,44,13,25
Zbtb12,189,179,158,136
Zbtb14,354,421,385,392
Zbtb16,6298,7813,8126,4063
Zbtb17,1250,1225,1160,1273
Zbtb18,149,202,284,174
Zbtb2,1056,931,1039,834
Zbtb20,34136,24394,24708,26179
Zbtb21,642,612,529,498
Zbtb22,9,17,26,24
Zbtb24,788,899,740,775
Zbtb25,1369,1410,1418,1334
Zbtb26,575,664,510,587
Zbtb3,10,25,8,16
Zbtb32,12,13,14,4
Zbtb33,31,119,36,44
Zbtb34,894,875,886,822
Zbtb37,1260,1206,1101,1083
Zbtb38,6477,6592,6105,6223
Zbtb39,273,305,256,272
Zbtb4,2177,2121,1861,1637
Zbtb40,1050,1030,970,696
Zbtb41,853,946,649,861
Zbtb42,5,4,5,8
Zbtb43,1078,1086,977,1019
Zbtb44,2073,2225,1885,1883
Zbtb45,91,196,121,124
Zbtb46,1415,1806,1631,1306
Zbtb48,444,461,424,398
Zbtb49,947,1035,989,897
Zbtb5,717,708,664,670
Zbtb6,103,227,103,71
Zbtb7a,2676,2777,2636,2565
Zbtb7b,114,115,88,63
Zbtb7c,1702,1666,1274,1485
Zbtb8a,453,477,387,339
Zbtb8b,124,116,119,100
Zbtb8os,882,984,849,913
Zbtb9,1464,1223,1131,993
Zc2hc1a,3464,4251,3194,3574
Zc2hc1b,9,6,12,6
Zc2hc1c,43,73,40,36
Zc3h10,85,129,89,86
Zc3h11a,188,250,161,200
Zc3h11a.1,1,0,0,1
Zc3h12a,78,58,82,63
Zc3h12b,7260,7297,7094,6273
Zc3h12c,2836,2145,1907,2120
Zc3h12d,11,14,24,22
Zc3h13,6435,7024,5869,5986
Zc3h14,4234,4445,3582,3680
Zc3h15,4532,4612,3667,4385
Zc3h18,2783,2756,2727,2556
Zc3h3,1644,1708,1695,1407
Zc3h4,1484,1313,1417,1275
Zc3h6,4013,4780,3699,4419
Zc3h7a,5799,5694,5750,4966
Zc3h7b,3112,2891,2867,2426
Zc3h8,1134,1397,996,1119
Zc3hav1,272,216,354,332
Zc3hav1l,133,147,132,144
Zc3hc1,662,635,577,613
Zc4h2,406,444,337,366
Zcchc10,198,451,413,366
Zcchc12,240,318,143,233
Zcchc13,4,9,12,2
Zcchc14,6020,4684,4837,4145
Zcchc17,2110,2432,2184,2015
Zcchc18,2696,5749,3382,2009
Zcchc2,1713,1760,1686,1466
Zcchc24,1138,766,1173,698
Zcchc3,185,238,232,95
Zcchc4,1611,1676,1582,1649
Zcchc7,17797,21375,16363,16647
Zcchc8,3261,3423,2801,2589
Zcchc9,1605,1795,1367,1541
Zcrb1,1962,2192,1753,1697
Zcwpw1,327,391,415,335
Zcwpw2,2296,2545,2567,2293
Zdbf2,1611,1859,1098,1828
Zdhhc1,2599,2921,2707,2778
Zdhhc11,3,1,0,4
Zdhhc12,98,146,147,109
Zdhhc13,1589,1794,1544,1698
Zdhhc14,12620,13246,14247,11818
Zdhhc15,635,631,630,695
Zdhhc16,649,689,596,518
Zdhhc17,7193,7681,6015,6778
Zdhhc18,2122,1876,1899,1812
Zdhhc19,67,43,49,66
Zdhhc2,4204,4469,3673,3419
Zdhhc20,9130,9235,9624,8534
Zdhhc21,4297,5178,4117,4628
Zdhhc22,439,642,482,444
Zdhhc23,866,1385,1002,1329
Zdhhc24,892,1528,934,1332
Zdhhc25,0,0,0,0
Zdhhc3,1219,1298,1183,986
Zdhhc4,615,743,622,563
Zdhhc5,1167,1250,920,919
Zdhhc6,2952,3196,2856,2875
Zdhhc7,694,716,603,679
Zdhhc8,4285,3788,3913,3433
Zdhhc9,1264,1338,1452,1319
Zeb1,19048,13094,12417,11824
Zeb2,33596,24008,30247,19730
Zeb2os,186,159,201,144
Zer1,4566,4281,4193,3636
Zfand1,494,742,605,498
Zfand2a,627,629,645,608
Zfand2b,767,925,800,689
Zfand3,11468,10549,10454,8986
Zfand4,1761,1885,1624,1553
Zfand5,3500,4051,3617,4324
Zfand6,3086,3090,3011,2473
Zfas1,701,875,821,953
Zfat,2613,2904,2639,2398
Zfc3h1,6118,6107,5673,5072
Zfhx2,3748,3724,3212,2876
Zfhx2os,1273,1081,1150,1079
Zfhx3,8230,9727,4713,3613
Zfhx4,4157,5048,2401,2781
Zfp1,3190,3502,2830,3235
Zfp101,1159,1221,1122,1145
Zfp105,277,281,193,263
Zfp106,4312,4616,4047,3837
Zfp108,140,183,132,131
Zfp109,109,130,120,160
Zfp11,218,248,206,269
Zfp110,866,731,728,663
Zfp111,176,197,165,170
Zfp112,1410,1834,1561,1594
Zfp113,654,618,595,574
Zfp114,170,186,138,119
Zfp119a,190,209,172,223
Zfp119b,105,155,130,132
Zfp12,518,605,428,445
Zfp120,412,470,467,481
Zfp128,447,464,440,473
Zfp13,392,407,407,367
Zfp131,2564,2752,2196,2429
Zfp14,659,790,667,646
Zfp141,1975,1897,1839,1920
Zfp142,1043,1113,931,896
Zfp143,1110,1090,1058,1093
Zfp146,507,602,484,540
Zfp148,10695,9812,9258,8396
Zfp157,3141,3066,2730,2811
Zfp160,2640,2984,2465,2495
Zfp169,1503,1665,1576,1525
Zfp174,269,311,242,327
Zfp180,854,821,728,754
Zfp182,3391,3491,2785,3061
Zfp184,156,152,124,137
Zfp185,34,45,72,79
Zfp189,211,352,279,217
Zfp2,1844,2087,1644,1925
Zfp202,293,349,345,326
Zfp207,6249,6377,5077,5555
Zfp212,712,781,730,722
Zfp213,284,375,284,390
Zfp217,140,99,211,153
Zfp219,705,661,589,362
Zfp229,220,188,205,171
Zfp235,484,577,436,519
Zfp236,4187,3807,3867,3264
Zfp239,1089,1384,1104,1080
Zfp24,873,1037,758,894
Zfp248,998,1035,1026,868
Zfp251,1449,1374,1374,1220
Zfp26,1740,1699,1547,1670
Zfp260,2095,2525,2025,2038
Zfp263,658,753,669,580
Zfp266,4249,4195,3702,4058
Zfp267,649,798,676,693
Zfp27,575,663,575,669
Zfp273,549,601,526,514
Zfp275,233,280,208,200
Zfp276,1031,987,1115,790
Zfp277,2981,2883,3158,2768
Zfp28,403,460,428,335
Zfp280b,515,616,515,611
Zfp280c,5498,5540,5209,5479
Zfp280d,11508,11378,9184,9980
Zfp281,329,599,517,378
Zfp282,2064,1955,2088,1798
Zfp286,956,1130,943,1177
Zfp286os,13,2,6,6
Zfp287,1361,1344,1368,1170
Zfp292,7437,7421,6796,6362
Zfp296,9,15,12,6
Zfp3,722,655,670,646
Zfp30,1719,2101,1539,2030
Zfp300,161,209,160,190
Zfp316,705,694,604,600
Zfp317,1071,1158,1002,949
Zfp318,3065,3509,3011,2777
Zfp319,223,245,182,252
Zfp322a,2160,2526,1930,2364
Zfp324,428,507,423,436
Zfp326,3089,3131,2682,2725
Zfp329,2496,3292,2055,2581
Zfp330,839,839,731,747
Zfp334,477,547,431,436
Zfp335,600,615,635,480
Zfp335os,1405,1235,1187,1366
Zfp341,1754,1816,1685,1639
Zfp345,1,2,1,0
Zfp346,3246,3321,3344,3080
Zfp35,332,374,306,295
Zfp352,2,5,1,3
Zfp354a,366,479,347,328
Zfp354b,261,288,213,242
Zfp354c,1616,1653,1372,1256
Zfp358,84,164,151,51
Zfp36,41,43,57,34
Zfp362,1958,1771,1695,1874
Zfp365,1291,1579,1595,1748
Zfp366,446,267,409,340
Zfp367,264,339,283,383
Zfp369,2016,1904,1675,1606
Zfp36l1,1033,528,875,883
Zfp36l2,590,499,634,383
Zfp36l3,0,1,0,0
Zfp37,940,1025,949,1008
Zfp382,414,458,412,470
Zfp383,162,209,175,139
Zfp384,1977,2273,2003,1785
Zfp385a,1223,1149,1122,1041
Zfp385b,29088,21581,15757,16755
Zfp385c,69,108,26,20
Zfp386,769,1159,806,683
Zfp39,331,373,300,353
Zfp395,581,565,531,446
Zfp397,2465,2692,2114,2600
Zfp398,5349,5815,4961,5150
Zfp40,1947,2050,1996,1964
Zfp407,8188,7235,6960,6827
Zfp408,1171,1285,1064,1167
Zfp41,117,116,101,89
Zfp410,1913,1823,1683,1677
Zfp414,675,775,573,560
Zfp418,236,268,245,262
Zfp42,2,1,0,1
Zfp420,559,699,594,470
Zfp422,95,340,192,68
Zfp423,2335,2453,1970,1662
Zfp426,1678,1727,1467,1267
Zfp428,240,227,242,202
Zfp429,43,92,56,81
Zfp433,92,90,67,88
Zfp438,2110,1946,2025,2098
Zfp442,394,418,334,381
Zfp444,1614,1679,1509,1340
Zfp445,6635,8559,6338,6315
Zfp446,554,430,394,399
Zfp449,546,558,477,526
Zfp451,3761,4289,3767,3690
Zfp454,216,228,188,204
Zfp455,155,160,152,176
Zfp456,26,19,23,25
Zfp457,118,179,179,159
Zfp458,709,807,674,797
Zfp459,126,141,130,125
Zfp46,1068,1694,1235,1817
Zfp462,9855,8402,8167,7786
Zfp467,793,639,637,491
Zfp469,59,59,97,67
Zfp472,219,233,202,236
Zfp473,24,33,25,23
Zfp474,2,0,1,2
Zfp488,51,48,80,53
Zfp493,73,95,82,64
Zfp503,55,36,46,47
Zfp507,1727,1729,1606,1779
Zfp51,129,186,155,169
Zfp511,834,877,687,791
Zfp512,3103,2888,2975,2567
Zfp512b,2293,2311,1927,2042
Zfp513,596,680,529,536
Zfp516,2114,1244,1284,1292
Zfp518a,623,723,613,638
Zfp518b,381,442,316,353
Zfp52,543,736,643,552
Zfp521,1864,3788,1736,1690
Zfp523,3086,2772,2989,2444
Zfp524,195,223,169,194
Zfp526,63,77,58,77
Zfp53,1289,1416,1238,1218
Zfp532,7631,6821,7485,6846
Zfp534,0,1,0,0
Zfp536,11657,13453,13658,8720
Zfp54,79,125,121,111
Zfp541,80,86,83,93
Zfp551,74,98,82,89
Zfp553,785,718,794,727
Zfp558,181,177,173,138
Zfp560,1232,1214,965,1252
Zfp563,1160,1293,1078,1154
Zfp566,847,980,917,1058
Zfp568,855,750,678,666
Zfp57,418,527,433,433
Zfp574,394,457,431,386
Zfp575,53,86,54,79
Zfp579,563,524,568,398
Zfp58,232,325,201,272
Zfp580,60,190,122,56
Zfp583,534,557,483,601
Zfp59,285,338,313,299
Zfp592,2378,2167,2142,1908
Zfp593,57,141,61,80
Zfp595,223,272,260,235
Zfp597,748,956,642,793
Zfp598,1585,1649,1281,1077
Zfp599,142,204,196,185
Zfp60,1315,1418,1286,1328
Zfp600,13,6,10,9
Zfp605,665,721,663,686
Zfp606,839,846,870,713
Zfp607a,204,173,180,208
Zfp607b,643,581,579,552
Zfp608,13027,7773,7905,6084
Zfp609,9713,8049,8262,6883
Zfp61,754,854,635,729
Zfp612,2232,2955,1968,2510
Zfp616,0,0,0,0
Zfp617,669,753,546,582
Zfp618,2268,2263,1597,1804
Zfp619,223,213,155,191
Zfp62,1991,2312,1760,1908
Zfp622,413,596,451,502
Zfp623,113,188,155,133
Zfp626,469,436,362,464
Zfp628,77,108,92,66
Zfp629,284,342,264,254
Zfp637,732,990,659,681
Zfp638,13956,14095,12525,13008
Zfp639,1765,2083,1700,1570
Zfp64,2104,2196,2415,2259
Zfp641,1732,1956,1580,1713
Zfp644,8268,8692,7337,8001
Zfp646,830,965,749,904
Zfp647,155,159,117,107
Zfp648,2,5,3,8
Zfp65,382,465,366,335
Zfp651,1374,1342,1291,1007
Zfp652,5264,4784,5000,4369
Zfp652os,141,174,168,169
Zfp653,1399,1238,1340,1089
Zfp654,4569,4508,3827,4047
Zfp655,682,854,583,676
Zfp658,233,240,224,162
Zfp661,187,212,160,187
Zfp663,6,3,6,5
Zfp664,2660,2659,2332,2135
Zfp667,777,792,594,691
Zfp668,764,866,761,757
Zfp672,1976,2195,1940,1845
Zfp677,118,142,116,112
Zfp68,1062,1185,961,1097
Zfp683,0,0,0,0
Zfp687,682,666,581,551
Zfp688,138,265,183,192
Zfp689,219,223,221,212
Zfp69,141,126,128,114
Zfp691,94,131,111,52
Zfp692,4649,5063,4676,4401
Zfp697,4545,5684,5458,4955
Zfp7,374,575,369,347
Zfp703,64,75,111,45
Zfp704,7733,8176,8124,6644
Zfp706,298,552,648,753
Zfp707,529,593,547,640
Zfp708,1,0,0,0
Zfp709,164,190,147,159
Zfp710,2631,1732,2536,2111
Zfp711,933,1057,777,891
Zfp712,137,184,149,195
Zfp715,510,599,590,554
Zfp719,1068,1069,938,1072
Zfp72,749,735,763,670
Zfp729a,360,477,380,400
Zfp729b,664,657,641,597
Zfp735,0,1,1,0
Zfp738,1637,1992,1559,1774
Zfp74,1880,2022,1723,1739
Zfp740,2597,2447,2462,2064
Zfp746,1567,1708,1558,1500
Zfp747,9,22,49,44
Zfp748,240,297,280,299
Zfp750,71,62,55,63
Zfp758,323,351,337,362
Zfp759,108,135,104,163
Zfp760,414,433,350,266
Zfp763,913,989,894,1021
Zfp764,8,25,29,11
Zfp768,66,181,104,81
Zfp770,663,921,648,855
Zfp771,2465,2414,2664,2114
Zfp772,343,409,316,288
Zfp773,26,37,38,26
Zfp775,350,335,316,361
Zfp777,1135,1221,1175,1178
Zfp78,250,212,241,204
Zfp780b,1313,1262,1250,1115
Zfp781,108,97,58,66
Zfp784,161,188,156,169
Zfp786,272,338,271,361
Zfp787,680,669,700,677
Zfp788,1064,1326,938,1189
Zfp790,634,682,628,643
Zfp791,330,336,315,324
Zfp799,3473,3881,2971,3916
Zfp800,1910,2192,1768,1844
Zfp804a,12151,14205,10374,12348
Zfp804b,29911,20064,22027,17946
Zfp808,929,682,689,669
Zfp809,1063,1103,1056,1052
Zfp81,1125,1272,996,1160
Zfp810,1886,1927,1978,2105
Zfp811,646,626,498,473
Zfp813-ps,0,0,0,1
Zfp819,2,5,5,9
Zfp82,477,589,491,518
Zfp820,63,46,67,48
Zfp821,2593,2502,2342,2365
Zfp825,226,310,236,209
Zfp827,4947,4992,4917,5084
Zfp830,303,521,366,440
Zfp831,2861,2534,2677,2417
Zfp839,776,722,780,736
Zfp84,368,487,352,382
Zfp846,2139,2184,1971,2286
Zfp85,200,270,200,211
Zfp850,355,311,221,277
Zfp853,63,62,76,64
Zfp85os,224,282,248,256
Zfp865,517,535,546,482
Zfp866,1174,1258,1070,1256
Zfp867,362,448,378,463
Zfp868,719,746,584,720
Zfp869,1604,1872,1541,1798
Zfp87,145,300,167,186
Zfp870,108,151,123,159
Zfp871,1550,2069,1729,1533
Zfp872,4,0,11,2
Zfp873,547,510,385,450
Zfp874a,384,549,391,468
Zfp874b,585,749,526,469
Zfp879,40,66,50,45
Zfp882,254,305,208,191
Zfp9,634,707,569,590
Zfp90,622,644,738,625
Zfp91,3145,3376,3109,2871
Zfp92,55,83,70,94
Zfp93,394,544,381,468
Zfp930,505,566,488,530
Zfp931,512,674,533,654
Zfp932,1333,1711,1424,1392
Zfp933,2294,2339,1922,1985
Zfp934,2128,2063,2031,1900
Zfp936,11,4,5,4
Zfp937,139,196,159,186
Zfp938,1027,1332,846,850
Zfp94,516,629,584,647
Zfp940,663,842,592,627
Zfp941,1518,2406,1669,2324
Zfp942,1310,1462,1216,1180
Zfp943,1736,1975,1643,1661
Zfp944,822,1010,772,918
Zfp945,890,1025,842,882
Zfp946,521,608,385,399
Zfp947,98,98,38,85
Zfp948,1513,1519,1171,1161
Zfp949,2413,2559,2311,2185
Zfp950,7317,8538,6648,6578
Zfp951,448,427,357,309
Zfp952,932,973,831,930
Zfp954,96,139,95,101
Zfp955a,1106,1353,821,1056
Zfp955b,1188,1342,1021,1028
Zfp956,1479,1844,1484,1553
Zfp957,16,12,7,17
Zfp958,720,778,603,807
Zfp959,166,196,174,221
Zfp960,61,75,43,51
Zfp961,2693,2834,2363,2235
Zfp963,568,605,609,607
Zfp964,170,178,123,186
Zfp965,18,15,18,11
Zfp966,57,57,57,53
Zfp967,6,19,16,8
Zfp968,37,55,47,43
Zfp969,0,0,0,0
Zfp97,55,62,26,40
Zfp970,156,253,177,186
Zfp971,446,503,424,532
Zfp972,96,123,101,68
Zfp973,590,726,654,602
Zfp974,984,946,903,919
Zfp975,1294,1329,1052,1136
Zfp976,832,752,810,816
Zfp977,235,211,171,211
Zfp978,1,1,0,0
Zfp979,18,18,16,17
Zfp980,4,8,4,3
Zfp981,19,12,17,7
Zfp982,182,159,143,156
Zfp983,945,1083,850,857
Zfp984,86,137,144,124
Zfp985,19,15,8,19
Zfp986,16,21,21,17
Zfp987,2,4,3,3
Zfp988,10,9,10,6
Zfp989,0,0,0,0
Zfp990,9,9,2,20
Zfp991,99,95,103,127
Zfp992,66,84,98,78
Zfp993,19,20,13,18
Zfp994,454,509,442,556
Zfp995,572,702,520,701
Zfpl1,807,837,668,698
Zfpm1,527,592,639,482
Zfpm2,12664,14999,14353,9573
Zfr,13049,14444,12422,11879
Zfr2,4237,4247,3954,3482
Zfx,2761,2452,2351,2221
Zfy1,2,2,2,1
Zfy2,1,0,2,1
Zfyve1,4068,3909,4061,3249
Zfyve16,2397,2911,2305,2401
Zfyve19,889,1002,901,877
Zfyve21,345,367,370,349
Zfyve26,2399,2167,2474,2069
Zfyve27,2285,2467,2231,2215
Zfyve28,8154,8460,7639,7516
Zfyve9,10229,11470,9510,9231
Zg16,11,10,9,5
Zglp1,171,181,149,108
Zgpat,1592,1709,1572,1505
Zgrf1,583,692,597,632
Zhx1,425,438,474,297
Zhx2,2386,1785,2132,1594
Zhx3,5113,4552,4672,3560
Zic1,601,1082,277,278
Zic2,209,288,160,114
Zic3,124,88,95,93
Zic4,321,395,173,262
Zic5,128,163,109,85
Zik1,94,215,169,197
Zim1,173,326,147,122
Zim2,1,0,0,0
Zim3,284,308,225,277
Zkscan1,2395,2482,2140,2474
Zkscan14,254,279,226,262
Zkscan16,2329,2755,2571,2934
Zkscan17,565,586,495,497
Zkscan2,2144,2253,2029,2145
Zkscan3,3731,3807,3415,2889
Zkscan4,62,126,95,123
Zkscan5,579,548,556,541
Zkscan6,471,600,475,474
Zkscan7,155,210,160,218
Zkscan8,442,582,440,466
Zmat1,1853,2060,1920,1824
Zmat2,1454,1648,1417,1468
Zmat3,1954,2086,1756,1760
Zmat4,17480,15389,14420,11507
Zmat5,1196,1226,1271,1027
Zmiz1,6296,6239,6069,4963
Zmiz1os1,2835,3243,3251,3194
Zmiz2,2736,2565,2414,2027
Zmpste24,1147,1096,1086,940
Zmym1,837,1005,794,673
Zmym2,8972,8551,7667,7430
Zmym3,2725,2783,2617,2460
Zmym4,13265,11979,11102,10167
Zmym5,2798,2784,2460,2168
Zmym6,3265,3302,3392,3196
Zmynd10,75,71,75,74
Zmynd11,11470,12006,9890,9630
Zmynd12,415,308,328,439
Zmynd15,21,27,33,25
Zmynd19,241,265,263,220
Zmynd8,14840,16017,14574,11476
Znfx1,1824,1685,1874,1553
Znhit1,797,1016,683,811
Znhit2,16,15,18,22
Znhit3,237,201,218,75
Znhit6,1779,2106,1783,1783
Znrd1,269,524,382,331
Znrd1as,66,114,99,106
Znrd2,181,433,252,434
Znrf1,8141,7444,6778,6036
Znrf2,1585,1611,1656,1417
Znrf3,6261,5076,5686,4746
Znrf4,0,0,0,0
Zp1,3,1,1,2
Zp2,5,9,15,18
Zp3,0,4,6,3
Zp3r,50,89,64,57
Zpbp,477,418,415,429
Zpbp2,4,5,9,8
Zpld1,21,18,17,17
Zpr1,802,854,825,734
Zranb1,5536,5673,4900,4710
Zranb2,21508,31343,20144,24502
Zranb3,1398,1294,1402,1404
Zrsr1,182,472,289,324
Zrsr2,1475,1306,1295,1272
Zscan10,1,0,2,1
Zscan12,284,383,296,418
Zscan18,1367,1386,1205,1307
Zscan2,206,222,217,200
Zscan20,364,375,389,376
Zscan21,1347,1212,1267,1184
Zscan22,1166,1357,997,1108
Zscan25,379,393,381,404
Zscan26,4643,5754,4158,4428
Zscan29,289,299,283,265
Zscan4-ps1,0,0,0,0
Zscan4-ps2,0,0,0,0
Zscan4-ps3,0,0,0,0
Zscan4b,0,0,0,0
Zscan4c,0,0,0,0
Zscan4d,1,0,0,1
Zscan4e,0,0,0,0
Zscan4f,0,0,0,0
Zscan5b,0,1,0,1
Zswim1,379,458,361,485
Zswim2,16,9,9,8
Zswim3,1073,1223,1150,1252
Zswim4,691,631,605,564
Zswim5,4546,2933,3273,3161
Zswim6,14420,10296,11643,10460
Zswim7,1058,1363,1109,1366
Zswim8,4073,4030,4247,3678
Zswim9,465,498,409,472
Zup1,3797,4127,3506,3481
Zw10,903,1089,881,713
Zwilch,463,479,472,535
Zwint,4912,5361,4869,4138
Zxdb,56,74,56,34
Zxdc,1506,1526,1534,1392
Zyg11a,7,13,9,4
Zyg11b,5133,4770,4721,3962
Zyx,446,482,437,371
Zzef1,7788,7751,8074,6899
Zzz3,4530,4553,4239,4315
a,428,447,427,358
ccdc198,101,67,69,61
mt-Atp6,708,563,558,758
mt-Atp8,1,11,7,17
mt-Co1,1126,1532,1136,1168
mt-Co2,648,999,744,824
mt-Co3,979,1239,951,1081
mt-Cytb,402,452,407,522
mt-Nd1,215,189,127,219
mt-Nd2,235,237,222,295
mt-Nd3,54,41,30,30
mt-Nd4,419,377,339,470
mt-Nd4l,26,17,18,30
mt-Nd5,69,66,51,95
mt-Nd6,17,19,23,32
