Gene_set,Term,Overlap,P-value,Adjusted P-value,Odds Ratio,Combined Score,Genes
Reactome_2022,Immune System R-HSA-168256,89/1464,5.34523012985673e-42,1.2972873525162284e-38,8.446528286952432,802.6935955279796,VAV1;PSMB8;IRF7;IRF5;IL10RB;INPP5D;CYBA;CCL3;ISG15;CD274;C1QA;B2M;TLR4;LAIR1;FGR;NCF1;CTSC;PLCG2;PTPN6;ICAM1;TREM2;RNF213;PLAUR;IFIT1;SLAMF6;SP100;CTSE;DOCK2;CASP4;TLR7;TNFSF8;ITGB2;IFIT3;LY86;CLEC5A;CFH;OSTF1;HEXB;FCGR2B;TLR1;TLR2;NCF4;STAT1;IRF9;C4B;CD180;OSMR;USP18;PIK3AP1;CTSS;FCER1G;ASB10;IFIH1;ITGAX;TYK2;CCL4;HAVCR2;PROS1;HVCN1;PTPRC;BLNK;CXCL10;TYROBP;LCP2;TRIM14;NFATC1;NCF2;GPR84;NLRC5;PAG1;GAB2;UNC93B1;RSAD2;IFITM3;RASGRP3;CD68;C1QC;ARHGAP9;SIPA1;BST2;CD53;CD86;CSF3R;CTSH;PSMB9;ULBP1;IL21R;C3AR1;TEC
Reactome_2022,Innate Immune System R-HSA-168249,55/767,1.4033221302673955e-28,1.7029314050794844e-25,8.493115614521066,544.693571925123,VAV1;C4B;CD180;NLRC5;TREM2;PSMB8;PLAUR;USP18;GAB2;IRF7;CTSS;UNC93B1;FCER1G;DOCK2;CD68;IFIH1;ITGAX;C1QC;CYBA;CASP4;ARHGAP9;TLR7;ITGB2;ISG15;BST2;C1QA;B2M;TLR4;LY86;CLEC5A;PROS1;HVCN1;CD53;CFH;OSTF1;PTPRC;LAIR1;HEXB;CTSH;TYROBP;PSMB9;FGR;NCF1;TLR1;LCP2;CTSC;NFATC1;PLCG2;TLR2;NCF4;NCF2;C3AR1;GPR84;PTPN6;TEC
KEGG_2019_Mouse,Osteoclast differentiation,21/108,3.212849097877574e-20,2.5991949201829573e-17,23.26037962037962,1044.0315266419086,IRF9;TGFBR1;FCGR3;TREM2;GAB2;CYBA;FCGR1;TYK2;BLNK;SPI1;TYROBP;FCGR2B;NCF1;LCP2;NFATC1;PLCG2;NCF4;NCF2;TGFBR2;TEC;STAT1
GO_Biological_Process_2023,Positive Regulation Of Cytokine Production (GO:0001819),26/229,1.2496278371003896e-18,7.582116901606613e-16,12.549400995701712,517.3325648451773,TRAF3IP3;LAPTM5;IRF7;SLAMF6;FCER1G;IRF5;IFIH1;CYBA;TYK2;TLR7;LCP1;CD14;CD274;ISG15;HAVCR2;PIK3CG;TLR4;RUNX1;PTPRC;CD86;TYROBP;FGR;TLR1;RAB7B;PLCG2;TLR2
Reactome_2022,Cytokine Signaling In Immune System R-HSA-1280215,37/548,2.270750383160497e-18,1.1022222359861051e-15,7.343012476269972,298.3203187052792,IRF9;VAV1;NLRC5;ICAM1;PSMB8;OSMR;USP18;IFIT1;GAB2;IRF7;SP100;RSAD2;IFITM3;IRF5;IL10RB;ITGAX;INPP5D;TYK2;TNFSF8;CCL4;ITGB2;CCL3;ISG15;HAVCR2;BST2;IFIT3;B2M;CD86;BLNK;CXCL10;CSF3R;PSMB9;TRIM14;IL21R;PTPN6;TEC;STAT1
Reactome_2022,Adaptive Immune System R-HSA-1280218,38/589,3.481290458675568e-18,1.4081819905342673e-15,7.013303189230752,281.92867700673804,VAV1;ICAM1;TREM2;PSMB8;RNF213;PAG1;PIK3AP1;CTSS;SLAMF6;RASGRP3;ASB10;CTSE;INPP5D;CYBA;SIPA1;ITGB2;CD274;B2M;TLR4;PTPRC;LAIR1;CD86;BLNK;CTSH;TYROBP;FCGR2B;PSMB9;NCF1;TLR1;LCP2;ULBP1;CTSC;NFATC1;PLCG2;TLR2;NCF4;NCF2;PTPN6
Reactome_2022,Interferon Alpha/Beta Signaling R-HSA-909733,14/44,3.5708514679798013e-17,1.2380652161124254e-14,43.704436961107206,1655.1369603470284,IRF9;IRF5;BST2;IFIT3;TYK2;PSMB8;PTPN6;USP18;IFIT1;IRF7;RSAD2;ISG15;IFITM3;STAT1
GO_Biological_Process_2023,Positive Regulation Of Tumor Necrosis Factor Superfamily Cytokine Production (GO:1903557),14/60,4.587290503555247e-15,1.3916692565160731e-12,28.643826306463747,945.6898707367696,HAVCR2;TLR1;IFIH1;TLR4;CYBA;LCP1;CD14;PTPRC;PLCG2;TLR2;CD86;CCL3;CD84;TYROBP
KEGG_2019_Mouse,Phagosome,18/127,5.896803321005676e-15,1.5901712955645306e-12,15.755828478454836,516.2297309143967,FCGR2B;NCF2;NCF1;H2-Q4;TLR4;FCGR3;RAB7B;CYBA;FCGR1;H2-Q7;H2-OB;H2-K1;TLR2;NCF4;CTSS;ITGB2;CD14;H2-Q6
GO_Biological_Process_2023,Regulation Of Tumor Necrosis Factor Production (GO:0032680),16/97,1.6882476725298e-14,4.097377101229825e-12,18.734142012661234,594.1064821561204,HAVCR2;TLR1;IFIH1;TLR4;CYBA;VSIR;PLCG2;PTPRC;LCP1;CD14;ELF4;TLR2;CCL3;PTPN6;CD84;TYROBP
Reactome_2022,Interferon Signaling R-HSA-913531,18/143,4.9268922050647116e-14,1.087051580153823e-11,13.736273297614142,420.89978331744425,IRF9;IRF5;BST2;IFIT3;B2M;ICAM1;TRIM14;TYK2;PSMB8;USP18;IFIT1;IRF7;SP100;IFITM3;RSAD2;ISG15;PTPN6;STAT1
GO_Biological_Process_2023,Positive Regulation Of Tumor Necrosis Factor Production (GO:0032760),13/57,6.136522202909935e-14,1.2411116155385344e-11,27.744451458149225,844.0398471741285,HAVCR2;TLR1;IFIH1;TLR4;CYBA;LCP1;CD14;PTPRC;PLCG2;TLR2;CCL3;CD84;TYROBP
GO_Biological_Process_2023,Defense Response To Virus (GO:0051607),17/129,1.1740130235254847e-13,2.063406217640609e-11,14.438189677091279,429.87079694657206,RTP4;BST2;IFIT3;NLRC5;IFIH1;TLR7;PTPRC;USP18;IFIT1;CXCL10;TLR2;IRF7;DDX60;RSAD2;ISG15;IFITM3;STAT1
Reactome_2022,Neutrophil Degranulation R-HSA-6798695,26/367,1.1902631663357449e-13,2.063406217640609e-11,7.427078346617653,221.0256313665305,PLAUR;CTSS;FCER1G;DOCK2;CD68;ITGAX;CYBA;ARHGAP9;ITGB2;BST2;B2M;HVCN1;CLEC5A;CD53;OSTF1;PTPRC;LAIR1;HEXB;CTSH;TYROBP;FGR;CTSC;TLR2;C3AR1;GPR84;PTPN6
KEGG_2019_Mouse,Epstein-Barr virus infection,19/175,1.4736319888055942e-13,2.3472051128703706e-11,11.646562728272178,344.107899531721,IRF9;H2-Q4;ICAM1;IRF7;FAS;H2-OB;TYK2;ISG15;B2M;H2-Q7;BLNK;CXCL10;ENTPD1;PLCG2;H2-K1;TLR2;H2-Q6;STAT1;OAS1A
KEGG_2019_Mouse,Natural killer cell mediated cytotoxicity,14/76,1.5473952124402937e-13,2.3472051128703706e-11,21.294248306997744,628.1171492748535,CD48;VAV1;FAS;SH3BP2;ULBP1;LCP2;ICAM1;NFATC1;PLCG2;H2-K1;ITGB2;FCER1G;PTPN6;TYROBP
GO_Biological_Process_2023,Defense Response To Symbiont (GO:0140546),15/95,2.222920013594529e-13,2.99723715166329e-11,17.737426233433332,516.776091886839,RTP4;BST2;IFIT3;NLRC5;IFIH1;TLR7;PTPRC;IFIT1;DDX60;TLR2;IRF7;RSAD2;ISG15;IFITM3;STAT1
KEGG_2019_Mouse,Staphylococcus aureus infection,11/37,2.1871982188711165e-13,2.99723715166329e-11,39.36878598142623,1147.6388831672066,FCGR2B;C4B;C1QA;FCGR3;ICAM1;C1QC;H2-OB;FCGR1;CFH;ITGB2;C3AR1
GO_Biological_Process_2023,Negative Regulation Of Cytokine Production (GO:0001818),17/136,2.850820064505307e-13,3.6415475245023054e-11,13.587746426280363,392.49563666725015,FCGR2B;HAVCR2;TLR4;SRGN;TREM2;GPNMB;VSIR;ADCY7;BCL3;PTPRC;LAPTM5;ELF4;CD274;PTPN6;KLF4;CD84;TYROBP
GO_Biological_Process_2023,Regulation Of Interleukin-6 Production (GO:0032675),14/81,3.903908734821933e-13,4.7373932497064154e-11,19.712047487668254,563.205286319524,TLR1;IFIH1;TLR4;RAB7B;TREM2;CYBA;TLR7;PLCG2;LCP1;ELF4;TLR2;PTPN6;CD84;TYROBP
GO_Biological_Process_2023,Negative Regulation Of T Cell Activation (GO:0050868),10/29,5.039590365159866e-13,5.824326579163332e-11,48.648985161180285,1377.5583539839104,DLG5;HAVCR2;FCGR2B;GPNMB;VSIR;PAG1;LAPTM5;CD86;TNFAIP8L2;CD274
KEGG_2019_Mouse,Leishmaniasis,12/57,1.6236771815304045e-12,1.7912111452610417e-10,25.011062762740615,678.9585052271892,NCF2;NCF1;FCGR3;TLR4;H2-OB;FCGR1;CYBA;TLR2;NCF4;ITGB2;PTPN6;STAT1
Reactome_2022,Signaling By Interleukins R-HSA-449147,24/371,7.631527069794408e-12,8.052920086256969e-10,6.682174260591527,171.05519576167865,VAV1;NLRC5;ICAM1;PSMB8;OSMR;USP18;GAB2;IL10RB;ITGAX;INPP5D;TYK2;CCL4;ITGB2;CCL3;HAVCR2;CD86;BLNK;CXCL10;CSF3R;PSMB9;IL21R;PTPN6;TEC;STAT1
GO_Biological_Process_2023,Inflammatory Response (GO:0006954),16/150,1.7114024122717187e-11,1.7306556894097757e-09,11.322293824254176,280.69237730395054,FCGR2B;PIK3CG;TLR1;IL10RB;TLR4;CYBA;BLNK;CD14;F11R;C3AR1;TLR2;CCL4;ITGB2;CCL3;CXCL10;NRROS
KEGG_2019_Mouse,Tuberculosis,15/135,4.142125220885654e-11,4.021175164435793e-09,11.826149546955712,282.7304420912605,FCGR2B;LSP1;TLR1;FCGR3;IL10RB;TLR4;ITGAX;FCGR1;H2-OB;TLR2;CTSS;ITGB2;FCER1G;CD14;STAT1
KEGG_2019_Mouse,Toll-like receptor signaling pathway,12/76,5.886349322577993e-11,5.494680694575688e-09,17.626987843157657,415.21780070899274,IRF5;TLR1;TLR4;TLR7;CD14;CCL4;IRF7;CD86;TLR2;CCL3;CXCL10;STAT1
GO_Biological_Process_2023,Positive Regulation Of Interleukin-6 Production (GO:0032755),10/51,2.5823669917991945e-10,2.3212609959617204e-08,22.83447759997863,504.1200618516422,TLR1;IFIH1;TLR4;RAB7B;CYBA;TLR7;LCP1;PLCG2;TLR2;TYROBP
GO_Biological_Process_2023,Myeloid Leukocyte Differentiation (GO:0002573),10/53,3.863083184861318e-10,3.288188106916828e-08,21.782475724443763,472.1217719170436,CEBPA;TREM2;UCP2;RUNX1;SBNO2;GAB2;TGFBR2;GPR183;SPI1;TYROBP
KEGG_2019_Mouse,Kaposi sarcoma-associated herpesvirus infection,15/158,3.9290257561016906e-10,3.288188106916828e-08,9.919402371866283,214.82905447823867,IRF9;FAS;PIK3CG;H2-Q4;ICAM1;TYK2;H2-Q7;NFATC1;PLCG2;H2-K1;IRF7;CD86;H2-Q6;GNGT2;STAT1
GO_Biological_Process_2023,Positive Regulation Of Type I Interferon Production (GO:0032481),10/56,6.84682025579905e-10,5.36039766478203e-08,20.374150633001932,429.93668320263095,IRF5;TRAF3IP3;IFIH1;TLR4;TLR7;TLR2;IRF7;CD14;ISG15;STAT1
GO_Biological_Process_2023,Regulation Of Type II Interferon Production (GO:0032649),10/56,6.84682025579905e-10,5.36039766478203e-08,20.374150633001932,429.93668320263095,HAVCR2;TLR4;CD274;TYK2;VSIR;TLR7;LAPTM5;SLAMF6;CD14;ISG15
GO_Biological_Process_2023,Negative Regulation Of Viral Process (GO:0048525),9/45,1.7209433461616982e-09,1.305227969104513e-07,23.39190782908464,472.0578986106786,BST2;IFIH1;TRIM14;IFIT1;ZC3HAV1;RSAD2;ISG15;IFITM3;STAT1
KEGG_2019_Mouse,Influenza A,13/127,2.3603508672977287e-09,1.7359307742216932e-07,10.745684706344145,213.45717627200023,IRF9;FAS;IFIH1;TLR4;ICAM1;H2-OB;TYK2;TLR7;IRF7;RSAD2;CXCL10;STAT1;OAS1A
Reactome_2022,Immunoregulatory Interactions Between A Lymphoid And A non-Lymphoid Cell R-HSA-198933,9/47,2.5944449955998875e-09,1.851975883623802e-07,22.174564949399386,438.38878119926557,FCGR2B;ULBP1;B2M;ICAM1;TREM2;ITGB2;LAIR1;SLAMF6;TYROBP
GO_Biological_Process_2023,T Cell Chemotaxis (GO:0010818),5/7,3.7920965138067325e-09,2.6295480682882685e-07,194.61648590021693,3773.681154782397,PIK3CG;CXCL16;CCL3;CXCL10;GPR183
GO_Biological_Process_2023,Response To Type II Interferon (GO:0034341),9/50,4.630806893373571e-09,3.1219356472826824e-07,20.568552355115827,394.7215178848514,BST2;TLR4;CXCL16;CCL4;TLR2;SP100;CCL3;IFITM3;STAT1
GO_Biological_Process_2023,Regulation Of Interferon-Alpha Production (GO:0032647),7/23,4.782313487016244e-09,3.1369391440509256e-07,40.534115774815994,776.5664289459696,IRF5;HAVCR2;IFIH1;TLR4;TLR7;IRF7;STAT1
Reactome_2022,Antigen processing-Cross Presentation R-HSA-1236975,11/89,5.555619712960736e-09,3.548286590356765e-07,13.256167279020612,251.97927060383736,PSMB9;NCF1;TLR1;B2M;TLR4;CYBA;PSMB8;TLR2;NCF4;CTSS;NCF2
KEGG_2019_Mouse,Cell adhesion molecules (CAMs),12/113,6.472019350174716e-09,4.027587426377958e-07,11.180998666534423,210.82642495528287,H2-Q6;H2-Q4;ICAM1;H2-OB;VSIR;H2-Q7;PTPRC;F11R;H2-K1;CD86;ITGB2;CD274
KEGG_2019_Mouse,Cytokine-cytokine receptor interaction,14/167,7.753101907022435e-09,4.7041945820858625e-07,8.631488003764678,161.19453022958237,IL6RA;TGFBR1;FAS;IL10RB;CXCL16;CCL6;OSMR;TNFSF8;IL21R;TGFBR2;CCL4;CSF3R;CCL3;CXCL10
KEGG_2019_Mouse,Graft-versus-host disease,7/25,9.196853984670195e-09,5.444088931901114e-07,36.14850079839139,668.9064761268138,FAS;H2-Q4;H2-OB;H2-Q7;H2-K1;CD86;H2-Q6
GO_Biological_Process_2023,Positive Regulation Of Response To External Stimulus (GO:0032103),12/118,1.0628086270405931e-08,6.141515566255999e-07,10.653443404648623,195.59472472026584,CEBPA;CD180;ETS1;TLR4;LY86;TREM2;CYBA;CASP4;TLR7;LCP1;TLR2;CCL3
Reactome_2022,Toll-like Receptor Cascades R-HSA-168898,13/144,1.100824251056367e-08,6.213256877473959e-07,9.348664929294655,171.3107465990243,CD180;NLRC5;TLR1;TLR4;LY86;TLR7;PLCG2;USP18;TLR2;IRF7;CTSS;ITGB2;UNC93B1
GO_Biological_Process_2023,Pattern Recognition Receptor Signaling Pathway (GO:0002221),8/39,1.143263162890999e-08,6.306135673491941e-07,24.151090179661608,441.6460145384674,TLR1;IFIH1;TLR4;TLR7;PLCG2;TLR2;CTSS;CD14
KEGG_2019_Mouse,Complement and coagulation cascades,9/56,1.3196113368841532e-08,6.962384162212695e-07,17.965121412803533,325.94736867633264,C4B;C1QA;ITGAX;PROS1;C1QC;CFH;PLAUR;ITGB2;C3AR1
Reactome_2022,Interferon Gamma Signaling R-HSA-877300,9/56,1.3196113368841532e-08,6.962384162212695e-07,17.965121412803533,325.94736867633264,IRF9;IRF5;B2M;ICAM1;TRIM14;IRF7;SP100;PTPN6;STAT1
GO_Biological_Process_2023,Positive Regulation Of Phagocytosis (GO:0050766),8/40,1.4151300815458965e-08,7.30749086789764e-07,23.406830092983938,423.04239071534556,FCGR2B;C4B;DOCK2;TREM2;CYBA;PLCG2;PTPRC;FCER1G
Reactome_2022,Interleukin-10 Signaling R-HSA-6783783,7/27,1.6663499768852506e-08,8.425482070626049e-07,32.61861557346427,584.2008777200682,IL10RB;ICAM1;TYK2;CCL4;CD86;CCL3;CXCL10
GO_Biological_Process_2023,Regulation Of Inflammatory Response (GO:0050727),14/178,1.756917395868622e-08,8.52807703954629e-07,8.049928986531455,143.7485475027314,CEBPA;ETS1;TLR4;CASP4;TLR7;SBNO2;LCP1;USP18;ELF4;TLR2;PIK3AP1;TNFAIP8L2;CCL3;KLF4
GO_Biological_Process_2023,Cellular Response To Cytokine Stimulus (GO:0071345),15/208,1.7389904424626776e-08,8.52807703954629e-07,7.338085277177193,131.1123288010818,IRF5;CEBPA;TLR4;TYK2;OSMR;SBNO2;IL21R;IFIT1;TLR2;CCL4;HCLS1;CCL3;CSF3R;PTPN6;STAT1
KEGG_2019_Mouse,Chemokine signaling pathway,13/151,1.953273960704702e-08,9.295286083588845e-07,8.873102664990062,157.5079877736392,VAV1;DOCK2;PIK3CG;FGR;NCF1;CXCL16;CCL6;ADCY7;CCL4;CCL3;CXCL10;GNGT2;STAT1
KEGG_2019_Mouse,Allograft rejection,7/28,2.2003532599719724e-08,9.72472683975297e-07,31.099944023204927,548.3561668326925,FAS;H2-Q4;H2-OB;H2-Q7;H2-K1;CD86;H2-Q6
GO_Biological_Process_2023,Regulation Of Interleukin-10 Production (GO:0032653),7/28,2.2003532599719724e-08,9.72472683975297e-07,31.099944023204927,548.3561668326925,FCGR2B;TLR4;ISG15;VSIR;PLCG2;CD274;TYROBP
GO_Biological_Process_2023,Positive Regulation Of Inflammatory Response (GO:0050729),10/79,2.203790589972861e-08,9.72472683975297e-07,13.616216561119176,240.06073155402555,CEBPA;ETS1;TLR4;CASP4;TLR7;OSMR;PLCG2;LCP1;TLR2;CCL3
GO_Biological_Process_2023,Macrophage Activation (GO:0042116),7/28,2.2003532599719724e-08,9.72472683975297e-07,31.099944023204927,548.3561668326925,TLR1;C1QA;TLR4;TREM2;PLCG2;SBNO2;ITGB2
GO_Biological_Process_2023,Regulation Of Phagocytosis (GO:0050764),8/43,2.5909541411567665e-08,1.1229010179620487e-06,21.42563070732085,374.2769411666357,FCGR2B;DOCK2;FGR;TREM2;CYBA;PTPRC;TLR2;FCER1G
GO_Biological_Process_2023,Cellular Response To Molecule Of Bacterial Origin (GO:0071219),10/81,2.8167932327181857e-08,1.1993609080363222e-06,13.234040903663963,230.07488176979408,FCGR2B;CD180;CD68;TLR4;SBNO2;CXCL10;TLR2;CD86;CD14;CD274
KEGG_2019_Mouse,Human immunodeficiency virus 1 infection,14/185,2.867934076814461e-08,1.2000820697290855e-06,7.718688507328117,134.05114878225334,FAS;BST2;H2-Q4;B2M;TLR4;H2-Q7;TRIM12C;NFATC1;PLCG2;H2-K1;TLR2;H2-Q6;GNGT2;TRIM30D
GO_Biological_Process_2023,Positive Regulation Of Interferon-Beta Production (GO:0032728),7/30,3.710543770593438e-08,1.5263541917339448e-06,28.450346850412032,486.77127513409897,IRF5;IFIH1;TLR4;TLR7;TLR2;IRF7;ISG15
GO_Biological_Process_2023,Cytokine-Mediated Signaling Pathway (GO:0019221),13/162,4.528180188740353e-08,1.8316488863454728e-06,8.215767915523656,138.93159813554846,IRF5;CEBPA;FCER1G;TYK2;OSMR;IL21R;CCL4;CSF3R;SPI1;CCL3;CXCL10;PTPN6;STAT1
GO_Biological_Process_2023,Lymphocyte Chemotaxis (GO:0048247),6/19,4.9170206289206194e-08,1.8942236613318006e-06,42.75534575970306,719.4860161208719,PIK3CG;CXCL16;CCL4;CCL3;CXCL10;GPR183
GO_Biological_Process_2023,Positive Regulation Of Interferon-Alpha Production (GO:0032727),6/19,4.9170206289206194e-08,1.8942236613318006e-06,42.75534575970306,719.4860161208719,IRF5;IFIH1;TLR4;TLR7;IRF7;STAT1
KEGG_2019_Mouse,Measles,11/109,4.780737083487922e-08,1.8942236613318006e-06,10.554158705753338,177.90180688383626,IRF9;FCGR2B;FAS;IFIH1;TLR4;TYK2;TLR7;TLR2;IRF7;STAT1;OAS1A
KEGG_2019_Mouse,NOD-like receptor signaling pathway,12/137,5.725030490813284e-08,2.1376383078775137e-06,9.032104245211547,150.61786084510092,IRF9;TLR4;NAIP6;NAIP2;CYBA;CASP4;TYK2;IFI204;IRF7;NAIP5;STAT1;OAS1A
GO_Biological_Process_2023,Defense Response To Bacterium (GO:0042742),10/87,5.652146254117836e-08,2.1376383078775137e-06,12.205865102639295,203.6993545340687,FGR;TLR4;TREM2;CASP4;RNF213;ANXA3;MPEG1;TLR2;FCER1G;ISG15
GO_Biological_Process_2023,Cellular Response To Lipopolysaccharide (GO:0071222),10/88,6.31373117339615e-08,2.3217311451261295e-06,12.049783213524087,199.76075099232156,CD180;CD68;TLR4;PLCG2;SBNO2;CXCL10;CD14;CD86;CCL3;CD274
GO_Biological_Process_2023,Negative Regulation Of Lymphocyte Activation (GO:0051250),6/20,6.957591919851375e-08,2.4073834651519565e-06,39.804747952820975,656.0159735419545,FCGR2B;GPNMB;SAMSN1;PAG1;LAPTM5;TNFAIP8L2
Reactome_2022,Hemostasis R-HSA-109582,21/457,7.002893354852483e-08,2.4073834651519565e-06,4.582593046510572,75.49527540983847,VAV1;PLEK;PLAUR;APBB1IP;FCER1G;DOCK2;ITGAX;INPP5D;ITGB2;GNGT2;LGALS3BP;PIK3CG;PROS1;SRGN;CD48;FGR;LCP2;PLCG2;F11R;PTPN6;CD84
GO_Biological_Process_2023,Cellular Response To Low-Density Lipoprotein Particle Stimulus (GO:0071404),6/20,6.957591919851375e-08,2.4073834651519565e-06,39.804747952820975,656.0159735419545,CD68;TLR4;TREM2;LCP1;ITGB2;FCER1G
KEGG_2019_Mouse,B cell receptor signaling pathway,9/67,6.680533247766347e-08,2.4073834651519565e-06,14.579177751363181,240.86963638290615,VAV1;FCGR2B;INPP5D;NFATC1;PLCG2;PIK3AP1;BLNK;PTPN6;RASGRP3
Reactome_2022,SARS-CoV-2 Activates/Modulates Innate And Adaptive Immune Responses R-HSA-9705671,10/89,7.04261335087717e-08,2.4073834651519565e-06,11.897627912814292,195.93848179819938,TLR1;IFIH1;B2M;TYK2;TLR7;TLR2;IRF7;ISG15;PTPN6;STAT1
KEGG_2019_Mouse,Autoimmune thyroid disease,7/33,7.563224075157228e-08,2.5145129904666564e-06,25.225837083522563,413.63771668729055,FAS;H2-Q4;H2-OB;H2-Q7;H2-K1;CD86;H2-Q6
KEGG_2019_Mouse,Type I diabetes mellitus,7/33,7.563224075157228e-08,2.5145129904666564e-06,25.225837083522563,413.63771668729055,FAS;H2-Q4;H2-OB;H2-Q7;H2-K1;CD86;H2-Q6
GO_Biological_Process_2023,T Cell Migration (GO:0072678),5/11,8.036995236196511e-08,2.635917221384991e-06,74.83781077924245,1222.5972847564474,PIK3CG;CXCL16;CCL3;CXCL10;GPR183
KEGG_2019_Mouse,Human T-cell leukemia virus 1 infection,14/203,9.192596032012848e-08,2.9747240759593574e-06,6.979296830795071,113.08053794797692,TGFBR1;H2-Q6;H2-Q4;ETS1;B2M;ICAM1;H2-OB;H2-Q7;ADCY7;NFATC1;H2-K1;ITGB2;TGFBR2;SPI1
KEGG_2019_Mouse,Leukocyte transendothelial migration,10/93,1.0753829323368699e-07,3.4341504957652415e-06,11.325451093378653,181.7216063076104,VAV1;NCF2;NCF1;ICAM1;CYBA;PLCG2;F11R;NCF4;SIPA1;ITGB2
KEGG_2019_Mouse,Viral myocarditis,8/54,1.6690639150717603e-07,5.260802755687223e-06,16.348363464492497,255.12982533501585,H2-Q4;ICAM1;H2-OB;H2-Q7;H2-K1;CD86;ITGB2;H2-Q6
GO_Biological_Process_2023,Negative Regulation Of Viral Genome Replication (GO:0045071),7/37,1.7534043067950093e-07,5.409788218604474e-06,21.913225956882016,340.8938979964423,BST2;IFIH1;IFIT1;ZC3HAV1;RSAD2;ISG15;IFITM3
GO_Biological_Process_2023,Negative Regulation Of Lymphocyte Proliferation (GO:0050672),6/23,1.7609116986804838e-07,5.409788218604474e-06,32.976221599751014,512.854902901365,DLG5;FCGR2B;GPNMB;CD86;CD274;TYROBP
GO_Biological_Process_2023,Regulation Of Interleukin-8 Production (GO:0032677),8/56,2.234480990615656e-07,6.778856705280246e-06,15.672663419055171,240.01252593071365,TLR1;TLR4;TLR7;BCL3;PTPRC;TLR2;CD14;KLF4
GO_Biological_Process_2023,Toll-Like Receptor Signaling Pathway (GO:0002224),6/24,2.3255945998588206e-07,6.968170486243652e-06,31.19219219219219,476.4332835728732,TLR1;TLR4;TLR7;PLCG2;TLR2;CTSS
GO_Biological_Process_2023,Cellular Response To Type II Interferon (GO:0071346),7/39,2.56923689579218e-07,7.604314568399538e-06,20.56269988217472,312.0284163685779,TLR4;TYK2;CCL4;TLR2;SP100;CCL3;STAT1
Reactome_2022,Regulation Of Complement Cascade R-HSA-977606,6/25,3.0309501977573833e-07,8.75728110709187e-06,29.591140159767612,444.1399174391252,C4B;C1QA;PROS1;C1QC;CFH;C3AR1
GO_Biological_Process_2023,Cellular Defense Response (GO:0006968),6/25,3.0309501977573833e-07,8.75728110709187e-06,29.591140159767612,444.1399174391252,LSP1;NCF1;CLEC5A;NCF2;LGALS3BP;TYROBP
GO_Biological_Process_2023,Myeloid Cell Activation Involved In Immune Response (GO:0002275),5/14,3.386642451568131e-07,9.669860270536299e-06,51.197282794839595,762.7502587387698,DOCK2;PLCG2;SBNO2;FCER1G;TYROBP
Reactome_2022,DAP12 Interactions R-HSA-2172127,6/26,3.902844285466552e-07,1.1014189628868978e-05,28.146288325628355,415.33760926490356,LCP2;B2M;CLEC5A;TREM2;PLCG2;TYROBP
GO_Biological_Process_2023,Regulation Of T Cell Proliferation (GO:0042129),7/42,4.377423612419966e-07,1.221150242223363e-05,18.822233180263197,275.58827405774355,DLG5;TYK2;GPNMB;TNFSF8;PTPRC;CD86;CD274
GO_Biological_Process_2023,Regulation Of Interferon-Beta Production (GO:0032648),7/43,5.178209650979134e-07,1.4281266844234496e-05,18.305656305266627,264.94941125939334,IRF5;IFIH1;TLR4;TLR7;TLR2;IRF7;ISG15
KEGG_2019_Mouse,Human cytomegalovirus infection,13/200,5.269849398634055e-07,1.4370701674702079e-05,6.538408988764045,94.51985407536556,IL6RA;FAS;H2-Q4;IL10RB;B2M;H2-Q7;ADCY7;NFATC1;H2-K1;CCL4;CCL3;H2-Q6;GNGT2
KEGG_2019_Mouse,Fc gamma R-mediated phagocytosis,9/85,5.385582026130279e-07,1.4523119530464655e-05,11.138914138135018,160.78321100143424,VAV1;DOCK2;FCGR2B;NCF1;INPP5D;FCGR1;PLCG2;PTPRC;GAB2
KEGG_2019_Mouse,Th17 cell differentiation,9/86,5.956011242613365e-07,1.588487833606883e-05,10.994645018870612,157.5938844694393,IL6RA;TGFBR1;H2-OB;TYK2;NFATC1;RUNX1;IL21R;TGFBR2;STAT1
GO_Biological_Process_2023,Cellular Response To Lipid (GO:0071396),12/170,6.052327534531727e-07,1.596630318077011e-05,7.139958644732849,102.227448427888,CD180;CD68;TLR4;TREM2;PLCG2;SBNO2;FES;CXCL10;LCP1;CD86;CD14;CD274
GO_Biological_Process_2023,Regulation Of Angiogenesis (GO:0045765),12/171,6.444341646566752e-07,1.6817652877653234e-05,7.094843365382593,101.13623422623404,PIK3CG;ETS1;ITGAX;GPNMB;ANXA3;RUNX1;KLF4;CTSH;SP100;CXCL10;HK2;STAT1
GO_Biological_Process_2023,Negative Regulation Of Type II Interferon Production (GO:0032689),5/16,7.252620727681442e-07,1.8725649474556233e-05,42.289257757238516,597.8319358597159,HAVCR2;TLR4;VSIR;LAPTM5;CD274
Reactome_2022,Complement Cascade R-HSA-166658,6/29,7.825508592838572e-07,1.9992115110336015e-05,24.549529504473185,345.18373940480876,C4B;C1QA;PROS1;C1QC;CFH;C3AR1
KEGG_2019_Mouse,Legionellosis,7/46,8.354897883804332e-07,2.1122226212492828e-05,16.91286042711132,236.69967118155452,TLR4;NAIP6;NAIP2;TLR2;ITGB2;CD14;NAIP5
GO_Biological_Process_2023,Positive Regulation Of Intracellular Signal Transduction (GO:1902533),19/446,9.459563674265467e-07,2.3668413440662153e-05,4.206498926299583,58.34863850485739,TGFBR1;DLG5;TREM2;LAPTM5;PIK3AP1;TLR7;CCL4;HCLS1;CCL3;BST2;PIK3CG;TLR4;PTPRC;CD86;FGR;NCF1;PLCG2;TLR2;PTPN6
Reactome_2022,GPVI-mediated Activation Cascade R-HSA-114604,6/30,9.689122146783377e-07,2.3995407602289035e-05,23.546351874082966,326.0484964944274,VAV1;PIK3CG;LCP2;PLCG2;FCER1G;PTPN6
GO_Biological_Process_2023,Regulation Of Cytokine Production (GO:0001817),10/118,1.0120541058238777e-06,2.4810659745803546e-05,8.705171303912453,120.16208040225851,FCGR2B;PIK3CG;FGR;IFIH1;SRGN;TREM2;GPNMB;PTPRC;IRF7;ISG15
KEGG_2019_Mouse,JAK-STAT signaling pathway,10/119,1.0939963881571653e-06,2.6551292340574403e-05,8.625246787959785,118.38731829681737,IRF9;IL6RA;IL10RB;TYK2;OSMR;GFAP;IL21R;CSF3R;PTPN6;STAT1
Reactome_2022,Cross-presentation Of Particulate Exogenous Antigens (Phagosomes) R-HSA-1236973,4/8,1.10912086936672e-06,2.66518450490399e-05,88.07127429805615,1207.628281312949,NCF2;NCF4;CYBA;NCF1
GO_Biological_Process_2023,Positive Regulation Of Defense Response (GO:0031349),9/93,1.1626492903400987e-06,2.766421399662176e-05,10.080371487910968,137.7463539136534,CEBPA;ETS1;TLR4;CYBA;CASP4;TLR7;LCP1;TLR2;CCL3
GO_Biological_Process_2023,Positive Regulation Of Pattern Recognition Receptor Signaling Pathway (GO:0062208),6/32,1.4508032903885459e-06,3.418543287158253e-05,21.76713117112673,292.6241023326623,TLR1;CYBA;RSAD2;DDX60;TLR2;CD14
Reactome_2022,Cell Surface Interactions At Vascular Wall R-HSA-202733,9/96,1.52155804853338e-06,3.550789792106263e-05,9.733320719016083,130.3853813254193,CD48;ITGAX;PROS1;INPP5D;F11R;ITGB2;FCER1G;PTPN6;CD84
GO_Biological_Process_2023,Negative Regulation Of Interleukin-10 Production (GO:0032693),4/9,1.9785520891923067e-06,4.5052920728589286e-05,72.05478107205968,946.3059056934079,FCGR2B;CD274;VSIR;TYROBP
Reactome_2022,Toll Like Receptor 4 (TLR4) Cascade R-HSA-166016,10/127,1.9862639134565527e-06,4.5052920728589286e-05,8.034825682879653,105.49127618891951,CD180;NLRC5;TLR1;TLR4;LY86;PLCG2;USP18;TLR2;IRF7;ITGB2
GO_Biological_Process_2023,Regulation Of Viral Genome Replication (GO:0045069),7/52,1.9705347217570514e-06,4.5052920728589286e-05,14.678264842378628,192.83138337446977,BST2;IFIH1;IFIT1;ZC3HAV1;RSAD2;ISG15;IFITM3
GO_Biological_Process_2023,Neutrophil Chemotaxis (GO:0030593),6/34,2.112555773677542e-06,4.703828314417793e-05,20.237625654550317,264.4574413995009,PIK3CG;CCL4;ITGB2;FCER1G;CCL3;CXCL10
GO_Biological_Process_2023,Regulation Of Interleukin-2 Production (GO:0032663),6/34,2.112555773677542e-06,4.703828314417793e-05,20.237625654550317,264.4574413995009,HAVCR2;RUNX1;PTPRC;PLCG2;LAPTM5;CD86
Reactome_2022,Infectious Disease R-HSA-5663205,26/817,2.40001025310011e-06,5.29529534933997e-05,3.1325660319896516,40.535522077084366,VAV1;PSMB8;RNF213;ADCY7;IRF7;DOCK2;PARP14;IFIH1;CYBA;TYK2;TLR7;ISG15;GNGT2;B2M;PARP10;BLNK;ENTPD1;PSMB9;FGR;TLR1;PLCG2;TLR2;C3AR1;GPR84;PTPN6;STAT1
Reactome_2022,Signaling By B Cell Receptor (BCR) R-HSA-983705,9/102,2.533562743377208e-06,5.539600701059895e-05,9.10603109395474,117.33926080365529,VAV1;PSMB9;PSMB8;NFATC1;PLCG2;PIK3AP1;BLNK;PTPN6;RASGRP3
GO_Biological_Process_2023,Response To Cytokine (GO:0034097),9/104,2.9798332050304016e-06,6.447364416802117e-05,8.914450492932515,113.4242876678475,BST2;ISG15;CXCL16;OSMR;HCLS1;CD274;IFITM3;SP100;STAT1
Reactome_2022,Interleukin-2 Family Signaling R-HSA-451927,6/36,3.0018631194834747e-06,6.447364416802117e-05,18.908711025393764,240.44841509575744,HAVCR2;INPP5D;IL21R;GAB2;PTPN6;STAT1
GO_Biological_Process_2023,Macrophage Activation Involved In Immune Response (GO:0002281),4/10,3.268087515415821e-06,6.957586315714209e-05,60.96643960790829,770.0857301425194,PLCG2;TREM2;SBNO2;TYROBP
GO_Biological_Process_2023,Positive Regulation Of Reactive Oxygen Species Metabolic Process (GO:2000379),6/37,3.5489320269939232e-06,7.425222439236423e-05,18.307535359822943,229.7387684252178,TLR4;CYBA;PLCG2;ITGB2;TGFBR2;TYROBP
GO_Biological_Process_2023,Granulocyte Chemotaxis (GO:0071621),6/37,3.5489320269939232e-06,7.425222439236423e-05,18.307535359822943,229.7387684252178,PIK3CG;CCL4;ITGB2;FCER1G;CCL3;CXCL10
KEGG_2019_Mouse,Herpes simplex virus 1 infection,16/357,3.6804513947814457e-06,7.634577380456897e-05,4.4137281256149175,55.2266634980294,IRF9;FAS;BST2;H2-Q4;IFIH1;B2M;H2-OB;TYK2;H2-Q7;H2-K1;TLR2;IRF7;SP100;H2-Q6;STAT1;OAS1A
GO_Biological_Process_2023,Neutrophil Migration (GO:1990266),6/38,4.174445308555582e-06,8.313697758873255e-05,17.743355119825708,219.778583968243,PIK3CG;CCL4;ITGB2;FCER1G;CCL3;CXCL10
KEGG_2019_Mouse,Antigen processing and presentation,7/58,4.179114654233775e-06,8.313697758873255e-05,12.964351723991417,160.5688262531282,H2-Q4;B2M;H2-OB;H2-Q7;H2-K1;CTSS;H2-Q6
GO_Biological_Process_2023,Regulation Of T Cell Activation (GO:0050863),6/38,4.174445308555582e-06,8.313697758873255e-05,17.743355119825708,219.778583968243,B2M;GPNMB;TNFSF8;PAG1;LAPTM5;TNFAIP8L2
Reactome_2022,SARS-CoV Infections R-HSA-9679506,15/319,4.177041008034891e-06,8.313697758873255e-05,4.637493530526606,57.43956569187725,VAV1;TLR1;PARP14;B2M;IFIH1;TYK2;TLR7;PLCG2;PARP10;TLR2;IRF7;BLNK;ISG15;PTPN6;STAT1
GO_Biological_Process_2023,Osteoclast Differentiation (GO:0030316),5/22,4.134977312132923e-06,8.313697758873255e-05,27.78190269600248,344.385263612859,TREM2;SBNO2;GAB2;GPR183;TYROBP
Reactome_2022,Disease R-HSA-1643685,37/1473,4.584761906664863e-06,9.046518006077741e-05,2.493005757591964,30.64595232598539,TGFBR1;VAV1;PSMB8;RNF213;ADCY7;PIK3AP1;GAB2;IRF7;UNC93B1;APBB1IP;TBXAS1;DOCK2;PARP14;IFIH1;CYBA;TYK2;TLR7;GPR84;ISG15;GNGT2;B2M;TLR4;PARP10;ZC3HAV1;CD86;HEXB;BLNK;ENTPD1;PSMB9;FGR;TLR1;PLCG2;TLR2;C3AR1;TGFBR2;PTPN6;STAT1
Reactome_2022,"Interleukin-3, Interleukin-5 And GM-CSF Signaling R-HSA-512988",6/39,4.886721966551286e-06,9.412757311761882e-05,17.21285728221637,210.4958395012255,VAV1;INPP5D;GAB2;BLNK;PTPN6;TEC
Reactome_2022,Signaling By SCF-KIT R-HSA-1433557,6/39,4.886721966551286e-06,9.412757311761882e-05,17.21285728221637,210.4958395012255,VAV1;FES;GAB2;PTPN6;TEC;STAT1
GO_Biological_Process_2023,Negative Regulation Of Tumor Necrosis Factor Superfamily Cytokine Production (GO:1903556),6/39,4.886721966551286e-06,9.412757311761882e-05,17.21285728221637,210.4958395012255,HAVCR2;TLR4;VSIR;ELF4;CD274;PTPN6
KEGG_2019_Mouse,Hepatitis B,10/141,5.104719679100438e-06,9.755239890690365e-05,7.174449680895012,87.42314468246582,TGFBR1;FAS;IFIH1;TLR4;TYK2;NFATC1;TLR2;IRF7;TGFBR2;STAT1
GO_Biological_Process_2023,Phagocytosis (GO:0006909),7/60,5.265214128701605e-06,9.829749761814456e-05,12.478476042454856,151.6682487400415,FCGR2B;TLR4;TREM2;ANXA3;ITGB2;CD14;TYROBP
GO_Biological_Process_2023,Cellular Response To Oxygen-Containing Compound (GO:1901701),15/325,5.233549222758703e-06,9.829749761814456e-05,4.546521775645309,55.28761834271875,CD180;CD68;NCF1;TLR4;ADCY7;PLCG2;SBNO2;FES;CXCL10;CAPN3;TLR2;LCP1;CD86;CD14;CD274
GO_Biological_Process_2023,Cellular Response To Type I Interferon (GO:0071357),5/23,5.234667907206498e-06,9.829749761814456e-05,26.278888432901446,319.55672708605874,TYK2;IFIT1;SP100;IFITM3;STAT1
GO_Biological_Process_2023,Regulation Of Calcium-Mediated Signaling (GO:0050848),5/24,6.551012235422445e-06,0.00012044929314674451,24.93002947883642,297.5621139999929,PLEK;TREM2;PLCG2;CCL4;CCL3
GO_Biological_Process_2023,Positive Regulation Of Interleukin-12 Production (GO:0032735),5/24,6.551012235422445e-06,0.00012044929314674451,24.93002947883642,297.5621139999929,IRF5;TLR4;PLCG2;LAPTM5;TLR2
GO_Biological_Process_2023,Positive Regulation Of Type II Interferon Production (GO:0032729),6/41,6.607741339560324e-06,0.00012057885888054815,16.2415232133542,193.71701091141273,TLR4;TYK2;TLR7;SLAMF6;CD14;ISG15
KEGG_2019_Mouse,Rheumatoid arthritis,7/63,7.327389298915819e-06,0.00013271323752588578,11.814159292035399,139.6893349402409,TLR4;ICAM1;H2-OB;TLR2;CD86;ITGB2;CCL3
Reactome_2022,Regulation Of IFNA/IFNB Signaling R-HSA-912694,4/12,7.566211475969094e-06,0.0001330666322621521,46.61682124253589,549.6970756211856,USP18;TYK2;PTPN6;STAT1
GO_Biological_Process_2023,Superoxide Anion Generation (GO:0042554),4/12,7.566211475969094e-06,0.0001330666322621521,46.61682124253589,549.6970756211856,NCF2;NCF4;CYBA;NCF1
GO_Biological_Process_2023,Antigen Processing And Presentation Of Exogenous Peptide Antigen Via MHC Class II (GO:0019886),4/12,7.566211475969094e-06,0.0001330666322621521,46.61682124253589,549.6970756211856,FCER1G;CTSE;FCGR2B;CTSS
GO_Biological_Process_2023,Antigen Processing And Presentation Of Peptide Antigen Via MHC Class II (GO:0002495),4/12,7.566211475969094e-06,0.0001330666322621521,46.61682124253589,549.6970756211856,FCER1G;CTSE;FCGR2B;CTSS
KEGG_2019_Mouse,Inflammatory bowel disease (IBD),6/42,7.636074502613386e-06,0.00013332915696289704,15.795774017369505,186.11571177054708,TLR4;H2-OB;NFATC1;IL21R;TLR2;STAT1
Reactome_2022,DAP12 Signaling R-HSA-2424491,5/25,8.112991539334128e-06,0.0001386635948307319,23.712766520289932,277.9620898426224,LCP2;B2M;TREM2;PLCG2;TYROBP
GO_Biological_Process_2023,Superoxide Metabolic Process (GO:0006801),5/25,8.112991539334128e-06,0.0001386635948307319,23.712766520289932,277.9620898426224,NCF1;CYBA;NCF4;NCF2;NRROS
KEGG_2019_Mouse,Chagas disease (American trypanosomiasis),8/89,8.045400350250764e-06,0.0001386635948307319,9.311548574125261,109.22828264813256,TGFBR1;FAS;C1QA;TLR4;C1QC;TLR2;CCL3;TGFBR2
Reactome_2022,"Platelet Activation, Signaling And Aggregation R-HSA-76002",12/219,8.482808881324478e-06,0.00014397046961520636,5.440688930217514,63.533475924097424,VAV1;PIK3CG;PLEK;GNGT2;LCP2;PROS1;SRGN;PLCG2;APBB1IP;FCER1G;PTPN6;LGALS3BP
GO_Biological_Process_2023,Negative Regulation Of Cytokine-Mediated Signaling Pathway (GO:0001960),6/43,8.790385887075343e-06,0.00014815462880508234,15.373798111837328,178.97948147400066,NLRC5;PARP14;TREM2;PTPRC;USP18;ISG15
Reactome_2022,Antigen Activates B Cell Receptor Leading To Second Messenger Generation R-HSA-983695,5/26,9.95173132761686e-06,0.00016657139263535255,22.608737325329162,260.4021012842015,VAV1;PLCG2;PIK3AP1;BLNK;PTPN6
GO_Biological_Process_2023,Antigen Processing And Presentation Of Exogenous Peptide Antigen (GO:0002478),4/13,1.083130483112903e-05,0.00017882705323231398,41.707741275434806,476.847526427589,FCER1G;CTSE;FCGR2B;CTSS
GO_Biological_Process_2023,Regulation Of Mast Cell Degranulation (GO:0043304),4/13,1.083130483112903e-05,0.00017882705323231398,41.707741275434806,476.847526427589,CD84;FES;GAB2;FGR
GO_Biological_Process_2023,T Cell Activation (GO:0042110),7/67,1.1081121825408164e-05,0.00018049585684742022,11.030887751595927,125.86538148620981,SLAMF9;PIK3CG;LCP1;PTPRC;CD86;SLAMF6;CD84
KEGG_2019_Mouse,Hepatitis C,9/122,1.1079667181691308e-05,0.00018049585684742022,7.4940533496708195,85.5101382089102,IRF9;FAS;TYK2;IFIT1;IRF7;RSAD2;CXCL10;STAT1;OAS1A
GO_Biological_Process_2023,Positive Regulation Of Gene Expression (GO:0010628),16/390,1.1189271130751391e-05,0.0001810424068955575,4.01817761571237,45.809455604973245,TGFBR1;PIK3CG;FGR;ETS1;TLR4;ITGAX;TREM2;VSIR;BCL3;PLCG2;TLR2;CCL3;CTSH;KLF4;SPI1;TYROBP
Reactome_2022,Transcriptional Regulation Of Granulopoiesis R-HSA-9616222,5/27,1.2100526341770618e-05,0.00019448991676475027,21.602844058809353,244.59305188880077,FLI1;CEBPA;RUNX1;CSF3R;SPI1
Reactome_2022,Fc Epsilon Receptor (FCERI) Signaling R-HSA-2454202,9/124,1.263877930774143e-05,0.0002018047196045293,7.363559913228787,83.05168324119681,VAV1;PSMB9;LCP2;PSMB8;NFATC1;PLCG2;GAB2;FCER1G;TEC
Reactome_2022,FCERI Mediated Ca+2 Mobilization R-HSA-2871809,5/28,1.4594861018500089e-05,0.00022852727543161105,20.682558729865693,230.29700450716842,VAV1;LCP2;NFATC1;PLCG2;TEC
GO_Biological_Process_2023,Regulation Of Chemokine Production (GO:0032642),5/28,1.4594861018500089e-05,0.00022852727543161105,20.682558729865693,230.29700450716842,TLR4;TREM2;TLR7;LCP1;TLR2
GO_Biological_Process_2023,Interferon-Mediated Signaling Pathway (GO:0140888),5/28,1.4594861018500089e-05,0.00022852727543161105,20.682558729865693,230.29700450716842,IL10RB;TYK2;SP100;IFITM3;STAT1
GO_Biological_Process_2023,Positive Regulation Of Syncytium Formation By Plasma Membrane Fusion (GO:0060143),4/14,1.5028361065517919e-05,0.0002338066173462307,37.73372415921012,419.0545680023632,SCGB3A1;TREM2;CD53;TYROBP
Reactome_2022,SARS-CoV-2-host Interactions R-HSA-9705683,10/160,1.557631040474817e-05,0.00024078793218040644,6.262826793172795,69.32798552439006,TLR1;IFIH1;B2M;TYK2;TLR7;TLR2;IRF7;ISG15;PTPN6;STAT1
GO_Biological_Process_2023,Regulation Of Peptidyl-Tyrosine Phosphorylation (GO:0050730),7/71,1.630397202831087e-05,0.0002473108757044405,10.344766169660577,114.04175532173008,TREM2;ITGB2;SAMSN1;PLCG2;PTPRC;HCLS1;PTPN6
GO_Biological_Process_2023,Regulation Of NIK/NF-kappaB Signaling (GO:1901222),7/71,1.630397202831087e-05,0.0002473108757044405,10.344766169660577,114.04175532173008,TLR4;TLR7;BCL3;LAPTM5;TLR2;CD86;SPI1
GO_Biological_Process_2023,Regulation Of Defense Response (GO:0031347),7/71,1.630397202831087e-05,0.0002473108757044405,10.344766169660577,114.04175532173008,FCGR2B;FGR;TREM2;CASP4;SBNO2;USP18;PIK3AP1
GO_Biological_Process_2023,Positive Regulation Of Myeloid Cell Differentiation (GO:0045639),5/30,2.07731283190685e-05,0.00031314523248682767,19.05852579643571,205.48617234699103,ETS1;PITHD1;RAB7B;FES;STAT1
Reactome_2022,SARS-CoV-2 Infection R-HSA-9694516,12/242,2.3024236722777995e-05,0.0003449371760875444,4.892219520835456,52.243831868796306,TLR1;PARP14;B2M;IFIH1;TYK2;TLR7;PARP10;TLR2;IRF7;ISG15;PTPN6;STAT1
GO_Biological_Process_2023,Positive Regulation Of MAPK Cascade (GO:0043410),12/243,2.397991505083102e-05,0.00035705063698384596,4.870845231710322,51.81748336413751,TGFBR1;PIK3CG;TLR4;ICAM1;TREM2;GPNMB;PLCG2;PTPRC;LAPTM5;CCL4;CCL3;GPR183
GO_Biological_Process_2023,Positive Regulation Of Chemokine Production (GO:0032722),5/31,2.4539103100665842e-05,0.00036094789833524845,18.33843572217902,194.6669453390492,TLR4;TLR7;LCP1;TLR2;CD84
Reactome_2022,ROS And RNS Production In Phagocytes R-HSA-1222556,5/31,2.4539103100665842e-05,0.00036094789833524845,18.33843572217902,194.6669453390492,NCF1;HVCN1;CYBA;NCF4;NCF2
GO_Biological_Process_2023,Cellular Response To Amyloid-Beta (GO:1904646),5/32,2.881471417664311e-05,0.000421285007871764,17.670715835141,184.74069680089258,FCGR2B;TLR4;ICAM1;TREM2;CASP4
GO_Biological_Process_2023,Positive Regulation Of Macromolecule Metabolic Process (GO:0010604),13/289,2.9316726475886015e-05,0.0004260580548321878,4.414291809740536,46.07351892927241,TGFBR1;ETS1;TLR4;ITGAX;TREM2;VSIR;PLCG2;LAPTM5;TLR2;CCL3;CTSH;KLF4;TYROBP
GO_Biological_Process_2023,Negative Regulation Of Immune Response (GO:0050777),6/53,3.0102689290371614e-05,0.00043487635064126136,12.131246416695333,126.29714534055958,FCGR2B;HAVCR2;FGR;TREM2;SAMSN1;SPI1
GO_Biological_Process_2023,Antiviral Innate Immune Response (GO:0140374),5/33,3.364655655515535e-05,0.00048319640686013047,17.049853484035467,175.6066681873584,IFIT3;IFIH1;USP18;IFIT1;CXCL10
GO_Biological_Process_2023,Negative Regulation Of Leukocyte Cell-Cell Adhesion (GO:1903038),4/17,3.478331981378127e-05,0.0004936790478833166,29.34413246940245,301.257797607119,PAG1;GPNMB;LAPTM5;TNFAIP8L2
GO_Biological_Process_2023,Microglial Cell Activation (GO:0001774),4/17,3.478331981378127e-05,0.0004936790478833166,29.34413246940245,301.257797607119,ITGB2;TREM2;C1QA;TYROBP
GO_Biological_Process_2023,Positive Regulation Of DNA-templated Transcription (GO:0045893),27/1017,3.984653938796954e-05,0.0005622532040383841,2.583627192138263,26.173370672697104,IRF9;TGFBR1;CEBPA;NLRC5;IRF7;SP100;IRF5;PITHD1;CAPN3;HCLS1;TLR4;BCL3;RUNX1;CD86;CXCL10;KLF4;SPI1;FLI1;ELK3;NCF1;ETS1;ATF3;NFATC1;SBNO2;ELF4;TLR2;STAT1
GO_Biological_Process_2023,Regulation Of Interleukin-12 Production (GO:0032655),5/35,4.5176449123224514e-05,0.0006301335748394592,15.930265637779595,159.38126656770135,IRF5;TLR4;PLCG2;LAPTM5;TLR2
GO_Biological_Process_2023,Cellular Response To Virus (GO:0098586),5/35,4.5176449123224514e-05,0.0006301335748394592,15.930265637779595,159.38126656770135,IRF5;IFIH1;IL10RB;TYK2;CXCL10
KEGG_2019_Mouse,Fc epsilon RI signaling pathway,6/57,4.581080064076529e-05,0.0006353303608864993,11.186813884129704,111.7673531746331,VAV1;LCP2;INPP5D;PLCG2;GAB2;FCER1G
GO_Biological_Process_2023,"Negative Regulation Of CD4-positive, Alpha-Beta T Cell Activation (GO:2000515)",3/7,4.940330815811619e-05,0.0006698426195516648,68.205256869773,676.2887585991134,RUNX1;CD274;VSIR
GO_Biological_Process_2023,Negative Regulation Of Leukocyte Degranulation (GO:0043301),3/7,4.940330815811619e-05,0.0006698426195516648,68.205256869773,676.2887585991134,SPI1;FCGR2B;CD84
GO_Biological_Process_2023,Positive Regulation Of Reactive Oxygen Species Biosynthetic Process (GO:1903428),3/7,4.940330815811619e-05,0.0006698426195516648,68.205256869773,676.2887585991134,TLR4;CYBA;PLCG2
GO_Biological_Process_2023,Regulation Of Chemokine (C-X-C Motif) Ligand 2 Production (GO:2000341),3/7,4.940330815811619e-05,0.0006698426195516648,68.205256869773,676.2887585991134,TLR4;KLF4;LCP1
GO_Biological_Process_2023,Regulation Of Immune Response (GO:0050776),6/58,5.061445671613431e-05,0.0006824515913892111,10.973192239858907,108.5388436003079,FCGR2B;FGR;TREM2;INPP5D;IRF7;RSAD2
GO_Biological_Process_2023,Negative Regulation Of B Cell Activation (GO:0050869),4/19,5.5641092851883495e-05,0.0007460824991796753,25.555284609489306,250.35460858768155,FCGR2B;LAPTM5;SAMSN1;TYROBP
GO_Biological_Process_2023,Response To Amyloid-Beta (GO:1904645),5/37,5.954596884157916e-05,0.0007897162097186482,14.948473218755215,145.43013758275887,FCGR2B;TLR4;ICAM1;TREM2;CASP4
GO_Biological_Process_2023,Negative Regulation Of Tumor Necrosis Factor Production (GO:0032720),5/37,5.954596884157916e-05,0.0007897162097186482,14.948473218755215,145.43013758275887,HAVCR2;TLR4;VSIR;ELF4;PTPN6
GO_Biological_Process_2023,Response To Lipopolysaccharide (GO:0032496),8/119,6.668539964306528e-05,0.0008795949181180404,6.796146454442418,65.348512907571,CD180;CD68;TLR4;CD274;SBNO2;CD86;CD14;CXCL10
GO_Biological_Process_2023,Positive Regulation Of Phosphatidylinositol 3-Kinase Signaling (GO:0014068),6/61,6.748791215481313e-05,0.0008853684475661161,10.378515770672633,99.67072024567162,NCF1;FGR;TREM2;PIK3AP1;HCLS1;PTPN6
GO_Biological_Process_2023,Negative Regulation Of T Cell Proliferation (GO:0042130),4/20,6.893132336379987e-05,0.0008898740521486291,24.005301394070294,230.02839677993703,CD274;DLG5;GPNMB;CD86
GO_Biological_Process_2023,Positive Regulation Of Interleukin-2 Production (GO:0032743),4/20,6.893132336379987e-05,0.0008898740521486291,24.005301394070294,230.02839677993703,RUNX1;PTPRC;PLCG2;CD86
GO_Biological_Process_2023,Natural Killer Cell Activation (GO:0030101),4/20,6.893132336379987e-05,0.0008898740521486291,24.005301394070294,230.02839677993703,IL21R;PTPRC;ELF4;ULBP1
KEGG_2019_Mouse,C-type lectin receptor signaling pathway,7/89,7.102209967707992e-05,0.0009120139466469469,8.08056494927392,77.18975397662274,IRF9;LSP1;NFATC1;BCL3;PLCG2;FCER1G;STAT1
KEGG_2019_Mouse,Pertussis,6/62,7.401414110995033e-05,0.0009454332656518393,10.194323943933522,96.96080833358671,C4B;C1QA;TLR4;C1QC;ITGB2;CD14
GO_Biological_Process_2023,Positive Regulation Of Leukocyte Degranulation (GO:0043302),3/8,7.837982053136584e-05,0.0009607465880284085,55.80156402737048,527.5448644918117,ITGB2;GAB2;FGR
GO_Biological_Process_2023,Regulation Of Cell Activation (GO:0050865),3/8,7.837982053136584e-05,0.0009607465880284085,55.80156402737048,527.5448644918117,FCER1G;TREM2;TEC
GO_Biological_Process_2023,Positive Regulation Of Myeloid Leukocyte Mediated Immunity (GO:0002888),3/8,7.837982053136584e-05,0.0009607465880284085,55.80156402737048,527.5448644918117,ITGB2;SPI1;TYROBP
GO_Biological_Process_2023,Positive Regulation Of Interleukin-8 Production (GO:0032757),5/39,7.720748650942158e-05,0.0009607465880284085,14.08051180483511,133.3285652393716,TLR1;TLR4;TLR7;TLR2;CD14
GO_Biological_Process_2023,Cellular Response To Oxidised Low-Density Lipoprotein Particle Stimulus (GO:0140052),3/8,7.837982053136584e-05,0.0009607465880284085,55.80156402737048,527.5448644918117,TLR4;TREM2;CD68
GO_Biological_Process_2023,Regulation Of Toll-Like Receptor 2 Signaling Pathway (GO:0034135),3/8,7.837982053136584e-05,0.0009607465880284085,55.80156402737048,527.5448644918117,TREM2;CYBA;TLR1
GO_Biological_Process_2023,Type II Interferon-Mediated Signaling Pathway (GO:0060333),3/8,7.837982053136584e-05,0.0009607465880284085,55.80156402737048,527.5448644918117,SP100;TYK2;STAT1
GO_Biological_Process_2023,Regulation Of Granulocyte Differentiation (GO:0030852),3/8,7.837982053136584e-05,0.0009607465880284085,55.80156402737048,527.5448644918117,RUNX1;C1QC;HCLS1
GO_Biological_Process_2023,Positive Regulation Of Endocytosis (GO:0045807),6/63,8.103379919532234e-05,0.000988286586166067,10.016538789428814,94.36224821407835,FCGR2B;DOCK2;B2M;TREM2;CYBA;FCER1G
GO_Biological_Process_2023,Regulation Of Peptidase Activity (GO:0052547),4/21,8.439161737644596e-05,0.0010240922768631716,22.63245911755631,212.29342798302005,CST7;PSMB8;CTSH;CTSS
GO_Biological_Process_2023,Regulation Of Cell Population Proliferation (GO:0042127),19/619,9.365980334516893e-05,0.0011309071777050996,2.96868660258099,27.537066251793863,TGFBR1;DLG5;CEBPA;GPNMB;OSMR;GAB2;ITGAX;SCGB3A1;HCLS1;IFIT3;RUNX1;FES;CD86;CTSH;CXCL10;ETS1;TGFBR2;PTPN6;STAT1
Reactome_2022,RHO GTPases Activate NADPH Oxidases R-HSA-5668599,4/22,0.00010222642627962657,0.0012043860999060858,21.408032222287083,196.7038578957391,NCF2;NCF4;CYBA;NCF1
GO_Biological_Process_2023,Fc Receptor Mediated Stimulatory Signaling Pathway (GO:0002431),4/22,0.00010222642627962657,0.0012043860999060858,21.408032222287083,196.7038578957391,FCER1G;VAV1;FCGR2B;FGR
GO_Biological_Process_2023,Regulation Of Response To External Stimulus (GO:0032101),7/94,0.00010055252613838166,0.0012043860999060858,7.61694279462332,70.11266597293297,FCGR2B;FGR;TREM2;CASP4;SBNO2;USP18;PIK3AP1
GO_Biological_Process_2023,Positive Regulation Of Leukocyte Mediated Cytotoxicity (GO:0001912),4/22,0.00010222642627962657,0.0012043860999060858,21.408032222287083,196.7038578957391,SLAMF6;ULBP1;SPI1;TYROBP
GO_Biological_Process_2023,Type I Interferon-Mediated Signaling Pathway (GO:0060337),4/22,0.00010222642627962657,0.0012043860999060858,21.408032222287083,196.7038578957391,SP100;TYK2;IFITM3;STAT1
KEGG_2019_Mouse,Systemic lupus erythematosus,6/66,0.00010532565501670105,0.0012289680996419878,9.518446497056123,87.17424993167893,C4B;C1QA;H2-OB;C1QC;FCGR1;CD86
KEGG_2019_Mouse,Hematopoietic cell lineage,6/66,0.00010532565501670105,0.0012289680996419878,9.518446497056123,87.17424993167893,IL6RA;CD37;H2-OB;FCGR1;CD14;CSF3R
GO_Biological_Process_2023,T Cell Activation Involved In Immune Response (GO:0002286),3/9,0.00011658045475245269,0.0013160035520195473,47.21439205955335,427.61739310056254,LCP1;ICAM1;FCER1G
GO_Biological_Process_2023,B Cell Mediated Immunity (GO:0019724),3/9,0.00011658045475245269,0.0013160035520195473,47.21439205955335,427.61739310056254,IL21R;FCGR2B;FCER1G
GO_Biological_Process_2023,B Cell Activation Involved In Immune Response (GO:0002312),3/9,0.00011658045475245269,0.0013160035520195473,47.21439205955335,427.61739310056254,FCGR2B;CD180;GPR183
GO_Biological_Process_2023,Positive Regulation Of Calcium-Mediated Signaling (GO:0050850),3/9,0.00011658045475245269,0.0013160035520195473,47.21439205955335,427.61739310056254,PLCG2;TREM2;CCL4
GO_Biological_Process_2023,I-kappaB Phosphorylation (GO:0007252),3/9,0.00011658045475245269,0.0013160035520195473,47.21439205955335,427.61739310056254,TLR4;TLR2;TLR7
GO_Biological_Process_2023,Defense Response To Tumor Cell (GO:0002357),3/9,0.00011658045475245269,0.0013160035520195473,47.21439205955335,427.61739310056254,LAPTM5;KLF4;SPI1
GO_Biological_Process_2023,Response To Type I Interferon (GO:0034340),3/9,0.00011658045475245269,0.0013160035520195473,47.21439205955335,427.61739310056254,SP100;ISG15;IFIT1
GO_Biological_Process_2023,Regulation Of Interleukin-17 Production (GO:0032660),4/23,0.00012264574383171503,0.0013717106925325915,20.309187572686493,182.90881815240067,SLAMF6;TLR4;TYK2;VSIR
GO_Biological_Process_2023,Fc-gamma Receptor Signaling Pathway (GO:0038094),4/23,0.00012264574383171503,0.0013717106925325915,20.309187572686493,182.90881815240067,FCER1G;VAV1;FCGR2B;FGR
KEGG_2019_Mouse,Toxoplasmosis,7/99,0.0001393805425578078,0.0015517274164577961,7.203441953989,63.95433778424901,PIK3CG;IL10RB;TLR4;H2-OB;TYK2;TLR2;STAT1
GO_Biological_Process_2023,Regulation Of Macrophage Activation (GO:0043030),4/24,0.00014586469015097348,0.0016165004703032541,19.3175472791445,170.62863326710638,TLR4;CEBPA;FCGR2B;CD84
Reactome_2022,TCR Signaling R-HSA-202403,7/100,0.00014843835652843132,0.001637544960429558,7.126048748522684,62.81854822900212,PSMB9;LCP2;INPP5D;PSMB8;PLCG2;PTPRC;PAG1
Reactome_2022,Class I MHC Mediated Antigen Processing And Presentation R-HSA-983169,13/341,0.0001562998626822236,0.0017164695327138311,3.7059258119131906,32.47774877715349,ASB10;PSMB9;NCF1;TLR1;B2M;TLR4;CYBA;PSMB8;RNF213;TLR2;NCF4;CTSS;NCF2
GO_Biological_Process_2023,Positive Regulation Of Angiogenesis (GO:0045766),7/101,0.0001579672989897711,0.0017269668227395246,7.050293494494808,61.712082722451115,ETS1;ITGAX;ANXA3;RUNX1;KLF4;CTSH;HK2
GO_Biological_Process_2023,Endolysosomal Toll-Like Receptor Signaling Pathway (GO:0140894),3/10,0.00016514289785403985,0.0017892938084453336,40.91713261648746,356.33500872790916,UNC93B1;PIK3AP1;TLR7
GO_Biological_Process_2023,Response To Sterol (GO:0036314),3/10,0.00016514289785403985,0.0017892938084453336,40.91713261648746,356.33500872790916,TGFBR1;CCL3;TGFBR2
GO_Biological_Process_2023,Regulation Of Platelet Activation (GO:0010543),4/25,0.0001721031089341429,0.0018100896602155205,18.418152594304082,159.63780504059787,TLR4;FCER1G;PLEK;TEC
Reactome_2022,Diseases Associated With TLR Signaling Cascade R-HSA-5602358,4/25,0.0001721031089341429,0.0018100896602155205,18.418152594304082,159.63780504059787,TLR4;TLR1;TLR2;UNC93B1
GO_Biological_Process_2023,Negative Regulation Of NF-kappaB Transcription Factor Activity (GO:0032088),6/72,0.00017112011489121379,0.0018100896602155205,8.657083886186053,75.08414227921621,HAVCR2;NLRC5;BCL3;PARP10;KLF4;SPI1
GO_Biological_Process_2023,Regulation Of Vasculature Development (GO:1901342),4/25,0.0001721031089341429,0.0018100896602155205,18.418152594304082,159.63780504059787,SP100;GPNMB;PIK3CG;ETS1
GO_Biological_Process_2023,Extracellular Matrix Disassembly (GO:0022617),4/25,0.0001721031089341429,0.0018100896602155205,18.418152594304082,159.63780504059787,LCP1;EXOC8;CAPG;CTSS
GO_Biological_Process_2023,Positive Regulation Of NIK/NF-kappaB Signaling (GO:1901224),5/46,0.0001722829466459766,0.0018100896602155205,11.7014609413794,101.40921807307308,TLR4;TLR7;LAPTM5;TLR2;CD86
GO_Biological_Process_2023,Positive Regulation Of Production Of Molecular Mediator Of Immune Response (GO:0002702),4/25,0.0001721031089341429,0.0018100896602155205,18.418152594304082,159.63780504059787,PTPRC;IRF5;LAPTM5;CD86
GO_Biological_Process_2023,Myeloid Cell Differentiation (GO:0030099),5/47,0.0001910184319323859,0.0019982833374995713,11.425571009314789,97.83877135720535,CEBPA;IKZF1;RUNX1;HCLS1;SPI1
Reactome_2022,Initial Triggering Of Complement R-HSA-166663,3/11,0.0002251628693960838,0.0023057817891320477,36.10158127767236,303.20586524194397,C1QC;C4B;C1QA
GO_Biological_Process_2023,Regulation Of Microglial Cell Activation (GO:1903978),3/11,0.0002251628693960838,0.0023057817891320477,36.10158127767236,303.20586524194397,PTPRC;TREM2;CST7
Reactome_2022,Trafficking And Processing Of Endosomal TLR R-HSA-1679131,3/11,0.0002251628693960838,0.0023057817891320477,36.10158127767236,303.20586524194397,UNC93B1;TLR7;CTSS
GO_Biological_Process_2023,Positive Regulation Of Macrophage Activation (GO:0043032),3/11,0.0002251628693960838,0.0023057817891320477,36.10158127767236,303.20586524194397,TLR4;CEBPA;TREM2
GO_Biological_Process_2023,Immunoglobulin Mediated Immune Response (GO:0016064),3/11,0.0002251628693960838,0.0023057817891320477,36.10158127767236,303.20586524194397,IL21R;FCGR2B;FCER1G
GO_Biological_Process_2023,Negative Regulation Of Interleukin-6 Production (GO:0032715),4/27,0.00023453902998084953,0.002361934546736605,16.848995910114425,140.82202990813406,TLR4;PTPN6;ELF4;CD84
Reactome_2022,Chemokine Receptors Bind Chemokines R-HSA-380108,4/27,0.00023453902998084953,0.002361934546736605,16.848995910114425,140.82202990813406,CCL3;CXCL16;CXCL10;CCL4
GO_Biological_Process_2023,Cellular Component Disassembly (GO:0022411),4/27,0.00023453902998084953,0.002361934546736605,16.848995910114425,140.82202990813406,LCP1;EXOC8;CAPG;CTSS
GO_Biological_Process_2023,Positive Regulation Of Lymphocyte Proliferation (GO:0050671),5/49,0.00023311131551330264,0.002361934546736605,10.91098978771113,91.25945824118854,TYK2;PTPRC;CD86;CD274;GPR183
Reactome_2022,ER-Phagosome Pathway R-HSA-1236974,6/77,0.00024768919676764514,0.0024840565312193173,8.049712814418697,66.8394688863007,PSMB9;TLR1;B2M;TLR4;PSMB8;TLR2
GO_Biological_Process_2023,Regulation Of Interleukin-1 Beta Production (GO:0032651),5/50,0.0002566305341836817,0.0025631370636370185,10.670663393006127,88.22369101401772,TLR4;LCP1;ELF4;CCL3;TYROBP
GO_Biological_Process_2023,Integrin-Mediated Signaling Pathway (GO:0007229),6/78,0.00026580706424514155,0.0026439087906678627,7.938291638494478,65.35388979203925,PLEK;FGR;ITGAX;ITGB2;ISG15;TEC
KEGG_2019_Mouse,Platelet activation,7/110,0.000268070019056921,0.002655534433678152,6.434370342181207,52.91794972824759,TBXAS1;PIK3CG;LCP2;ADCY7;PLCG2;APBB1IP;FCER1G
Reactome_2022,Signaling By CSF3 (G-CSF) R-HSA-9674555,4/28,0.00027119639147457435,0.0026647515874849877,16.16048838541896,132.72071464034568,STAT1;TYK2;GAB2;CSF3R
GO_Biological_Process_2023,Negative Regulation Of Peptidyl-Tyrosine Phosphorylation (GO:0050732),4/28,0.00027119639147457435,0.0026647515874849877,16.16048838541896,132.72071464034568,PTPRC;PTPN6;SAMSN1;PARP14
GO_Biological_Process_2023,Cellular Response To Peptide (GO:1901653),5/51,0.0002819091558553135,0.0027588448437937335,10.440673617428219,85.34129021138205,FCGR2B;TLR4;ICAM1;TREM2;CASP4
GO_Biological_Process_2023,Negative Regulation Of Neuroinflammatory Response (GO:0150079),3/12,0.00029769508870278855,0.0028900239211266713,32.299830220713076,262.2565589249961,PTPRC;TREM2;CST7
GO_Biological_Process_2023,Positive Regulation Of Alpha-Beta T Cell Proliferation (GO:0046641),3/12,0.00029769508870278855,0.0028900239211266713,32.299830220713076,262.2565589249961,RASAL3;TYK2;TGFBR2
KEGG_2019_Mouse,Transcriptional misregulation in cancer,8/148,0.0003021217815055187,0.002921313002844199,5.385671268233546,43.64914421691352,FLI1;CEBPA;FCGR1;RUNX1;CD86;CD14;TGFBR2;SPI1
GO_Biological_Process_2023,Regulation Of Phosphatidylinositol 3-Kinase Signaling (GO:0014066),6/80,0.0003051589195459348,0.0029389710227697772,7.724422804170139,62.52671432652267,NCF1;FGR;TREM2;PIK3AP1;HCLS1;PTPN6
GO_Biological_Process_2023,Regulation Of Type I Interferon-Mediated Signaling Pathway (GO:0060338),4/29,0.00031179222600890574,0.0029675283628377027,15.525981450895694,125.34394254296899,USP18;ISG15;PTPN6;NLRC5
Reactome_2022,Detoxification Of Reactive Oxygen Species R-HSA-3299685,4/29,0.00031179222600890574,0.0029675283628377027,15.525981450895694,125.34394254296899,NCF2;NCF4;CYBA;NCF1
GO_Biological_Process_2023,B Cell Receptor Signaling Pathway (GO:0050853),4/29,0.00031179222600890574,0.0029675283628377027,15.525981450895694,125.34394254296899,PLCG2;PTPRC;BLNK;TEC
GO_Biological_Process_2023,Positive Regulation Of Protein-Containing Complex Assembly (GO:0031334),6/81,0.00032647469988888496,0.003083089870156902,7.621737436696533,61.1808914094744,PLEK;TLR4;PLCG2;LCP1;CAPG;ISG15
KEGG_2019_Mouse,NF-kappa B signaling pathway,6/81,0.00032647469988888496,0.003083089870156902,7.621737436696533,61.1808914094744,TLR4;ICAM1;PLCG2;CD14;CCL4;BLNK
KEGG_2019_Mouse,Lysosome,7/115,0.00035181033582367945,0.0033094716474576357,6.136343010416562,48.798766735004655,CTSE;CD68;CTSC;LAPTM5;CTSS;HEXB;CTSH
GO_Biological_Process_2023,Positive Regulation Of Signal Transduction (GO:0009967),10/234,0.00036825014797466175,0.003445998765982713,4.183116953663968,33.074852028763104,TGFBR1;DLG5;CD180;FAS;LY86;TREM2;PTPRC;TLR2;CTSS;CTSH
GO_Biological_Process_2023,Positive Regulation Of Apoptotic Signaling Pathway (GO:2001235),5/54,0.00036916344423383,0.003445998765982713,9.80645938780429,77.51291327432638,TGFBR1;FAS;TLR4;CTSS;CTSH
GO_Biological_Process_2023,Negative Regulation Of Type I Interferon-Mediated Signaling Pathway (GO:0060339),3/13,0.0003837542238642864,0.003472067839137435,29.22222222222222,229.84763003975385,USP18;ISG15;NLRC5
Reactome_2022,Regulation Of TLR By Endogenous Ligand R-HSA-5686938,3/13,0.0003837542238642864,0.003472067839137435,29.22222222222222,229.84763003975385,TLR4;TLR2;TLR1
Reactome_2022,MyD88 Deficiency (TLR2/4) R-HSA-5602498,3/13,0.0003837542238642864,0.003472067839137435,29.22222222222222,229.84763003975385,TLR4;TLR2;TLR1
Reactome_2022,Atorvastatin ADME R-HSA-9754706,2/3,0.000384831581676131,0.003472067839137435,145.5496074232691,1144.413592497086,SLCO2B1;PON3
GO_Biological_Process_2023,Regulation Of ERK1 And ERK2 Cascade (GO:0070372),9/193,0.0003835512366283785,0.003472067839137435,4.594022386139976,36.13675164579008,TLR4;ICAM1;TREM2;GPNMB;PTPRC;CCL4;CCL3;PTPN6;GPR183
GO_Biological_Process_2023,Negative Regulation Of T Cell Mediated Cytotoxicity (GO:0001915),2/3,0.000384831581676131,0.003472067839137435,145.5496074232691,1144.413592497086,PTPRC;FCGR2B
KEGG_2019_Mouse,Cellular senescence,8/153,0.0003778663218840866,0.003472067839137435,5.1993127147766325,40.97562789337192,TGFBR1;H2-Q6;H2-Q4;ETS1;H2-Q7;NFATC1;H2-K1;TGFBR2
Reactome_2022,Classical Antibody-Mediated Complement Activation R-HSA-173623,2/3,0.000384831581676131,0.003472067839137435,145.5496074232691,1144.413592497086,C1QC;C1QA
Reactome_2022,Beta Defensins R-HSA-1461957,2/3,0.000384831581676131,0.003472067839137435,145.5496074232691,1144.413592497086,TLR2;TLR1
GO_Biological_Process_2023,Positive Regulation Of Transcription By RNA Polymerase II (GO:0045944),20/751,0.00039950887321537975,0.0035800029757221434,2.556871508025495,20.008221621710064,IRF9;CEBPA;NLRC5;IRF7;IRF5;HCLS1;TLR4;BCL3;RUNX1;CXCL10;KLF4;SPI1;ELK3;ETS1;ATF3;NFATC1;SBNO2;ELF4;TLR2;STAT1
GO_Biological_Process_2023,Positive Regulation Of Nucleic Acid-Templated Transcription (GO:1903508),15/477,0.0003997448728556658,0.0035800029757221434,3.029211252068395,23.70262091424883,FLI1;TGFBR1;NCF1;ETS1;PITHD1;NFATC1;BCL3;RUNX1;ELF4;CAPN3;IRF7;CD86;SP100;KLF4;STAT1
GO_Biological_Process_2023,Regulation Of Type I Interferon Production (GO:0032479),5/55,0.0004023500077644301,0.0035900862825157054,9.611799574751402,75.14685784378945,IRF5;TRAF3IP3;IRF7;CD14;TYROBP
GO_Biological_Process_2023,Positive Regulation Of Cell Migration (GO:0030335),10/237,0.00040712593043089665,0.003606184792539366,4.127340951731195,32.219624914654766,TGFBR1;FGR;ITGAX;GPNMB;VSIR;CXCL16;PLCG2;PTPRC;CCL3;CTSH
GO_Biological_Process_2023,Defense Response To Gram-positive Bacterium (GO:0050830),4/31,0.00040575332700035384,0.003606184792539366,14.395405458472412,112.42473589808542,MPEG1;CASP4;TLR2;FGR
Reactome_2022,RAC2 GTPase Cycle R-HSA-9013404,6/85,0.0004236628930002724,0.003739017604769677,7.236828763650813,56.20535513736016,VAV1;DOCK2;NCF1;CYBA;NCF4;NCF2
GO_Biological_Process_2023,Response To Molecule Of Bacterial Origin (GO:0002237),5/56,0.00043773930441328373,0.003849251057286375,9.424699366088916,72.88956009659165,IRF5;FCGR2B;C4B;TLR4;CD14
GO_Biological_Process_2023,Positive Regulation Of Neuron Death (GO:1901216),4/32,0.0004596017002608845,0.004026907316004212,13.889621461861998,106.743828718973,ITGB2;CCL3;C1QA;TYROBP
Reactome_2022,Leishmania Infection R-HSA-9658195,9/198,0.0004620316357622826,0.0040336358992628055,4.471701410124238,34.34211767598276,ENTPD1;VAV1;FGR;CYBA;ADCY7;PLCG2;C3AR1;GPR84;GNGT2
GO_Biological_Process_2023,Negative Regulation Of Interleukin-2 Production (GO:0032703),3/14,0.0004843158228094051,0.004168207453753284,26.679850397381955,203.64125076388703,PTPRC;HAVCR2;LAPTM5
Reactome_2022,IRAK4 Deficiency (TLR2/4) R-HSA-5603041,3/14,0.0004843158228094051,0.004168207453753284,26.679850397381955,203.64125076388703,TLR4;TLR2;TLR1
GO_Biological_Process_2023,Positive Regulation Of Interleukin-4 Production (GO:0032753),3/14,0.0004843158228094051,0.004168207453753284,26.679850397381955,203.64125076388703,FCER1G;HAVCR2;CD86
GO_Biological_Process_2023,Negative Regulation Of Macrophage Activation (GO:0043031),3/14,0.0004843158228094051,0.004168207453753284,26.679850397381955,203.64125076388703,PTPRC;FCGR2B;CST7
GO_Biological_Process_2023,Positive Regulation Of Vasculature Development (GO:1904018),6/88,0.000510323279368719,0.004376518017766364,6.9726414471512514,52.855872479803566,ETS1;ITGAX;ANXA3;RUNX1;CTSH;HK2
GO_Biological_Process_2023,Antigen Receptor-Mediated Signaling Pathway (GO:0050851),6/89,0.0005420799911536568,0.0046162390825611405,6.888797568262168,51.80442580448765,LCP2;INPP5D;PLCG2;PTPRC;BLNK;TEC
KEGG_2019_Mouse,T cell receptor signaling pathway,6/89,0.0005420799911536568,0.0046162390825611405,6.888797568262168,51.80442580448765,VAV1;LCP2;NFATC1;PTPRC;PTPN6;TEC
GO_Biological_Process_2023,Positive Regulation Of Interleukin-1 Beta Production (GO:0032731),4/34,0.0005822568912933142,0.0049410401229680895,12.977551959777644,96.66457813159968,LCP1;CCL3;TLR4;TYROBP
GO_Biological_Process_2023,Negative Regulation Of Inflammatory Response (GO:0050728),6/91,0.0006101879850861808,0.005160021741477912,6.726993591458676,49.791480928671795,FGR;TREM2;ELF4;TNFAIP8L2;PTPN6;KLF4
GO_Biological_Process_2023,Regulation Of B Cell Proliferation (GO:0030888),4/35,0.0006515575935088105,0.005490730136964872,12.564949089787103,92.17828547385743,PTPRC;FCGR2B;GPR183;TYROBP
GO_Biological_Process_2023,Negative Regulation Of Leukocyte Activation (GO:0002695),3/16,0.0007326584663015738,0.006065345733268939,22.725049780963758,164.04829165881551,FCGR2B;HAVCR2;CD84
GO_Biological_Process_2023,Regulation Of Adaptive Immune Response (GO:0002819),3/16,0.0007326584663015738,0.006065345733268939,22.725049780963758,164.04829165881551,FCGR2B;SAMSN1;IRF7
Reactome_2022,Interleukin-20 Family Signaling R-HSA-8854691,3/16,0.0007326584663015738,0.006065345733268939,22.725049780963758,164.04829165881551,IL10RB;TYK2;STAT1
GO_Biological_Process_2023,Response To Cholesterol (GO:0070723),3/16,0.0007326584663015738,0.006065345733268939,22.725049780963758,164.04829165881551,TGFBR1;CCL3;TGFBR2
GO_Biological_Process_2023,Negative Regulation Of DNA-binding Transcription Factor Activity (GO:0043433),7/130,0.0007347390381462993,0.006065345733268939,5.387051621647959,38.87293849279111,HAVCR2;NLRC5;BCL3;PARP10;SP100;KLF4;SPI1
Reactome_2022,TGF-beta Receptor Signaling In EMT (Epithelial To Mesenchymal Transition) R-HSA-2173791,3/16,0.0007326584663015738,0.006065345733268939,22.725049780963758,164.04829165881551,TGFBR1;F11R;TGFBR2
GO_Biological_Process_2023,Cellular Response To Bacterial Lipopeptide (GO:0071221),2/4,0.0007638718774555655,0.006159192845796205,87.3254817987152,626.7446308092277,TLR2;TLR1
Reactome_2022,RAC1 GTPase Cycle R-HSA-9013149,8/170,0.0007587420610091345,0.006159192845796205,4.651475908706678,33.415499061675376,VAV1;DOCK2;NCF1;CYBA;ARHGAP30;ARHGAP9;NCF4;NCF2
GO_Biological_Process_2023,Positive Regulation Of Chemokine (C-X-C Motif) Ligand 2 Production (GO:2000343),2/4,0.0007638718774555655,0.006159192845796205,87.3254817987152,626.7446308092277,TLR4;LCP1
Reactome_2022,Endosomal/Vacuolar Pathway R-HSA-1236977,2/4,0.0007638718774555655,0.006159192845796205,87.3254817987152,626.7446308092277,B2M;CTSS
GO_Biological_Process_2023,Positive Regulation Of NK T Cell Proliferation (GO:0051142),2/4,0.0007638718774555655,0.006159192845796205,87.3254817987152,626.7446308092277,RASAL3;TYK2
GO_Biological_Process_2023,Regulation Of Natural Killer Cell Chemotaxis (GO:2000501),2/4,0.0007638718774555655,0.006159192845796205,87.3254817987152,626.7446308092277,CCL3;CCL4
KEGG_2019_Mouse,Acute myeloid leukemia,5/63,0.0007551656636226505,0.006159192845796205,8.294102378701076,59.622763825718046,CEBPA;FCGR1;RUNX1;CD14;SPI1
KEGG_2019_Mouse,AGE-RAGE signaling pathway in diabetic complications,6/96,0.0008096081820681202,0.006506354496289165,6.353771711262774,45.23224763483563,TGFBR1;ICAM1;NFATC1;PLCG2;TGFBR2;STAT1
GO_Biological_Process_2023,Positive Regulation Of ERK1 And ERK2 Cascade (GO:0070374),7/133,0.0008407528799411663,0.006734347325469342,5.258517051400697,37.236678158253504,ICAM1;TREM2;GPNMB;PTPRC;CCL4;CCL3;GPR183
GO_Biological_Process_2023,Lipopolysaccharide-Mediated Signaling Pathway (GO:0031663),3/17,0.0008822031405489587,0.006997081771608899,21.15676677790137,148.7974069957115,TLR4;CCL3;PLCG2
GO_Biological_Process_2023,Regulation Of Interleukin-4 Production (GO:0032673),3/17,0.0008822031405489587,0.006997081771608899,21.15676677790137,148.7974069957115,FCER1G;HAVCR2;CD86
GO_Biological_Process_2023,Regulation Of Immunoglobulin Production (GO:0002637),3/17,0.0008822031405489587,0.006997081771608899,21.15676677790137,148.7974069957115,PTPRC;FCGR2B;CD86
GO_Biological_Process_2023,Regulation Of Receptor Signaling Pathway Via JAK-STAT (GO:0046425),4/38,0.0008943382027730217,0.007001802639129431,11.47065452155132,80.51741691110054,IL10RB;PTPRC;TYK2;BCL3
GO_Biological_Process_2023,Positive Regulation Of Interleukin-1 Production (GO:0032732),4/38,0.0008943382027730217,0.007001802639129431,11.47065452155132,80.51741691110054,LCP1;CCL3;TLR4;TYROBP
KEGG_2019_Mouse,Malaria,4/38,0.0008943382027730217,0.007001802639129431,11.47065452155132,80.51741691110054,ITGB2;ICAM1;TLR4;TLR2
GO_Biological_Process_2023,Positive Regulation Of Biosynthetic Process (GO:0009891),4/38,0.0008943382027730217,0.007001802639129431,11.47065452155132,80.51741691110054,TLR4;RUNX1;CYBA;PLCG2
GO_Biological_Process_2023,B Cell Activation (GO:0042113),5/66,0.0009340192460129249,0.007288954051682858,7.888348059185581,55.029222663526596,PLCG2;PTPRC;CD86;BLNK;GPR183
GO_Biological_Process_2023,Endocytosis (GO:0006897),8/177,0.0009858282024693406,0.007634418892451441,4.457836558721515,30.85727150894438,FCGR2B;TLR4;DENND1C;CXCL16;ANXA3;RIN3;ITGB2;CD14
GO_Biological_Process_2023,Positive Regulation Of Cytokine-Mediated Signaling Pathway (GO:0001961),4/39,0.0009877245703460043,0.007634418892451441,11.146989930946368,77.13835941654072,LAPTM5;CASP4;NLRC5;PARP14
GO_Biological_Process_2023,Regulation Of Apoptotic Signaling Pathway (GO:2001233),4/39,0.0009877245703460043,0.007634418892451441,11.146989930946368,77.13835941654072,TGFBR1;FAS;CTSH;CTSS
GO_Biological_Process_2023,T Cell Receptor Signaling Pathway (GO:0050852),5/67,0.0010001017973767829,0.007681161589346367,7.761752711496746,53.615498181143955,LCP2;INPP5D;PLCG2;PTPRC;TEC
GO_Biological_Process_2023,Regulation Of Innate Immune Response (GO:0045088),5/67,0.0010001017973767829,0.007681161589346367,7.761752711496746,53.615498181143955,FCGR2B;FGR;TREM2;CFH;PTPN6
GO_Biological_Process_2023,Response To Axon Injury (GO:0048678),3/18,0.0010497792793839065,0.007961919722077314,19.790842872008323,135.7488615244361,PLCG2;TREM2;TYROBP
GO_Biological_Process_2023,Positive Regulation Of Interleukin-10 Production (GO:0032733),3/18,0.0010497792793839065,0.007961919722077314,19.790842872008323,135.7488615244361,TLR4;ISG15;PLCG2
GO_Biological_Process_2023,Regulation Of B Cell Activation (GO:0050864),3/18,0.0010497792793839065,0.007961919722077314,19.790842872008323,135.7488615244361,FCGR2B;LAPTM5;SAMSN1
GO_Biological_Process_2023,Regulation Of Reactive Oxygen Species Biosynthetic Process (GO:1903426),3/18,0.0010497792793839065,0.007961919722077314,19.790842872008323,135.7488615244361,TLR4;CYBA;PLCG2
GO_Biological_Process_2023,Positive Regulation Of T Cell Activation (GO:0050870),5/68,0.0010695938794271693,0.008061814737173104,7.639144618853229,52.25538736990819,B2M;TYK2;PTPRC;CD86;CD274
KEGG_2019_Mouse,Salmonella infection,5/68,0.0010695938794271693,0.008061814737173104,7.639144618853229,52.25538736990819,CCL3;TLR4;RAB7B;CCL4;CD14
KEGG_2019_Mouse,Pathways in cancer,14/473,0.0011132249501410894,0.008364696451988929,2.839829827789063,19.312246033108625,IL6RA;TGFBR1;CEBPA;FAS;ETS1;ADCY7;RUNX1;PLCG2;CSF3R;SPI1;TGFBR2;GNGT2;RASGRP3;STAT1
GO_Biological_Process_2023,Positive Regulation Of Cellular Process (GO:0048522),14/475,0.0011585890558661418,0.008678690242552859,2.827239177380658,19.113698451491683,TGFBR1;FCGR2B;TLR4;ITGAX;CXCL16;OSMR;CST7;TLR2;GAB2;CD86;HCLS1;CTSH;TGFBR2;PTPN6
GO_Biological_Process_2023,Cellular Response To Mechanical Stimulus (GO:0071260),4/41,0.0011946888196486822,0.008894201734010282,10.551447084233262,71.00986222406796,TLR4;F11R;FAS;TLR7
GO_Biological_Process_2023,Positive Regulation Of T Cell Proliferation (GO:0042102),4/41,0.0011946888196486822,0.008894201734010282,10.551447084233262,71.00986222406796,PTPRC;CD274;TYK2;CD86
Reactome_2022,Defensins R-HSA-1461973,2/5,0.0012635490424941253,0.008940622525169802,62.372285102477825,416.2620784494765,TLR2;TLR1
GO_Biological_Process_2023,Toll-Like Receptor 9 Signaling Pathway (GO:0034162),2/5,0.0012635490424941253,0.008940622525169802,62.372285102477825,416.2620784494765,PIK3AP1;UNC93B1
GO_Biological_Process_2023,Lymphocyte Proliferation (GO:0046651),3/19,0.001236180189358661,0.008940622525169802,18.59048550016292,124.47685560733389,ELF4;PTPRC;PIK3CG
GO_Biological_Process_2023,Regulation Of NK T Cell Proliferation (GO:0051140),2/5,0.0012635490424941253,0.008940622525169802,62.372285102477825,416.2620784494765,RASAL3;TYK2
GO_Biological_Process_2023,Positive Regulation Of Granulocyte Differentiation (GO:0030854),2/5,0.0012635490424941253,0.008940622525169802,62.372285102477825,416.2620784494765,RUNX1;HCLS1
GO_Biological_Process_2023,Regulation Of Interleukin-23 Production (GO:0032667),2/5,0.0012635490424941253,0.008940622525169802,62.372285102477825,416.2620784494765,TLR4;PLCG2
GO_Biological_Process_2023,Cellular Response To Type III Interferon (GO:0071358),2/5,0.0012635490424941253,0.008940622525169802,62.372285102477825,416.2620784494765,IL10RB;TYK2
GO_Biological_Process_2023,Negative Regulation Of Leukocyte Mediated Cytotoxicity (GO:0001911),2/5,0.0012635490424941253,0.008940622525169802,62.372285102477825,416.2620784494765,PTPRC;FCGR2B
GO_Biological_Process_2023,Negative Regulation Of Myeloid Leukocyte Mediated Immunity (GO:0002887),2/5,0.0012635490424941253,0.008940622525169802,62.372285102477825,416.2620784494765,SPI1;CD84
Reactome_2022,Other Interleukin Signaling R-HSA-449836,3/19,0.001236180189358661,0.008940622525169802,18.59048550016292,124.47685560733389,IL10RB;TYK2;CSF3R
GO_Biological_Process_2023,Positive Regulation Of Lipopolysaccharide-Mediated Signaling Pathway (GO:0031666),2/5,0.0012635490424941253,0.008940622525169802,62.372285102477825,416.2620784494765,LY86;CD180
Reactome_2022,Interleukin-6 Family Signaling R-HSA-6783589,3/19,0.001236180189358661,0.008940622525169802,18.59048550016292,124.47685560733389,TYK2;STAT1;OSMR
GO_Biological_Process_2023,Apoptotic Process (GO:0006915),8/183,0.0012211270392563792,0.008940622525169802,4.304154534923765,28.87218703076209,FAS;CASP4;CAPN3;TLR2;ITGB2;CD14;TGFBR2;HK2
GO_Biological_Process_2023,Type III Interferon-Mediated Signaling Pathway (GO:0038196),2/5,0.0012635490424941253,0.008940622525169802,62.372285102477825,416.2620784494765,IL10RB;TYK2
Reactome_2022,Other Semaphorin Interactions R-HSA-416700,3/19,0.001236180189358661,0.008940622525169802,18.59048550016292,124.47685560733389,PTPRC;TREM2;TYROBP
Reactome_2022,Creation Of C4 And C2 Activators R-HSA-166786,2/5,0.0012635490424941253,0.008940622525169802,62.372285102477825,416.2620784494765,C1QC;C1QA
KEGG_2019_Mouse,"Neomycin, kanamycin and gentamicin biosynthesis",2/5,0.0012635490424941253,0.008940622525169802,62.372285102477825,416.2620784494765,HK2;HK3
GO_Biological_Process_2023,I-kappaB kinase/NF-kappaB Signaling (GO:0007249),4/42,0.0013087669118841292,0.009233654927740644,10.276878628930465,68.22480454952628,TLR4;TLR2;TLR7;BCL3
GO_Biological_Process_2023,Cellular Response To Metal Ion (GO:0071248),6/106,0.0013560955958136782,0.009539837713158831,5.718737467347359,37.76165610824782,NCF1;B2M;HVCN1;ADCY7;PLCG2;CAPN3
GO_Biological_Process_2023,Positive Regulation Of Cytokine Production Involved In Immune Response (GO:0002720),3/20,0.0014421652833577544,0.010029040523522263,17.52731182795699,114.65683176770622,PLCG2;IRF5;LAPTM5
GO_Biological_Process_2023,Regulation Of Toll-Like Receptor 4 Signaling Pathway (GO:0034143),3/20,0.0014421652833577544,0.010029040523522263,17.52731182795699,114.65683176770622,CD14;TREM2;RAB7B
GO_Biological_Process_2023,Fc-gamma Receptor Signaling Pathway Involved In Phagocytosis (GO:0038096),3/20,0.0014421652833577544,0.010029040523522263,17.52731182795699,114.65683176770622,VAV1;FCGR2B;FGR
GO_Biological_Process_2023,Leukocyte Cell-Cell Adhesion (GO:0007159),3/20,0.0014421652833577544,0.010029040523522263,17.52731182795699,114.65683176770622,ITGB2;ICAM1;F11R
GO_Biological_Process_2023,Positive Regulation Of Cell Motility (GO:2000147),8/189,0.0014991800898583826,0.010395743080246557,4.160633306087852,27.05591990286281,TGFBR1;FGR;ITGAX;GPNMB;CXCL16;VSIR;CCL3;CTSH
GO_Biological_Process_2023,Regulation Of DNA-templated Transcription (GO:0006355),28/1347,0.0015267393899638813,0.010556685183596409,1.9853988138990217,12.874558713551542,IRF9;TGFBR1;CEBPA;SETD5;IRF7;SP110;SP100;IRF5;IKZF1;PITHD1;SP140;CAPN3;HCLS1;HAVCR2;BCL3;RUNX1;CD86;KLF4;SPI1;FLI1;ELK3;NCF1;ETS1;ATF3;NFATC1;SBNO2;ELF4;STAT1
GO_Biological_Process_2023,Proteolysis (GO:0006508),9/235,0.0015498673153212727,0.010686159017854342,3.7343732487366537,24.159848719759776,CTSE;ST14;SRGN;CTSC;CASP4;CFH;CAPN3;CTSS;CTSH
GO_Biological_Process_2023,Fc-epsilon Receptor Signaling Pathway (GO:0038095),3/21,0.001668460894354639,0.011471259463452432,16.57907585004359,106.03734357917683,PLCG2;FCER1G;VAV1
GO_Biological_Process_2023,Positive Regulation Of B Cell Activation (GO:0050871),4/45,0.0016963739453795307,0.011630224761118985,9.532566551302402,60.810742225197785,PTPRC;INPP5D;GPR183;SPI1
Reactome_2022,Diseases Of Signal Transduction By Growth Factor Receptors And Second Messengers R-HSA-5663202,12/389,0.0017664730167289261,0.012076704258031278,2.9653910544172333,18.79693294014934,TGFBR1;VAV1;PSMB9;PSMB8;RNF213;PIK3AP1;GAB2;ZC3HAV1;APBB1IP;CD86;TGFBR2;STAT1
Reactome_2022,Peptide Ligand-Binding Receptors R-HSA-375276,6/112,0.0017976646898093464,0.012255427534177764,5.394959444393303,34.102978298199716,CXCL16;GPNMB;C3AR1;CCL4;CCL3;CXCL10
GO_Biological_Process_2023,Positive Regulation Of Macrophage Cytokine Production (GO:0060907),2/6,0.0018810884250692386,0.012507949609980936,48.50939804901261,304.44036018801427,PLCG2;LAPTM5
GO_Biological_Process_2023,Positive Regulation Of NK T Cell Activation (GO:0051135),2/6,0.0018810884250692386,0.012507949609980936,48.50939804901261,304.44036018801427,RASAL3;TYK2
GO_Biological_Process_2023,Regulation Of Immune Effector Process (GO:0002697),2/6,0.0018810884250692386,0.012507949609980936,48.50939804901261,304.44036018801427,FCGR2B;CFH
KEGG_2019_Mouse,Amoebiasis,5/77,0.0018664812692135299,0.012507949609980936,6.687874934550079,42.02460169852603,TLR4;RAB7B;TLR2;ITGB2;CD14
GO_Biological_Process_2023,Regulation Of Dendritic Cell Antigen Processing And Presentation (GO:0002604),2/6,0.0018810884250692386,0.012507949609980936,48.50939804901261,304.44036018801427,FCGR2B;CD68
GO_Biological_Process_2023,"Regulation Of CD4-positive, Alpha-Beta T Cell Proliferation (GO:2000561)",2/6,0.0018810884250692386,0.012507949609980936,48.50939804901261,304.44036018801427,TGFBR2;VSIR
GO_Biological_Process_2023,Granulocyte Migration (GO:0097530),2/6,0.0018810884250692386,0.012507949609980936,48.50939804901261,304.44036018801427,ITGB2;CCL3
GO_Biological_Process_2023,Negative Regulation Of Interleukin-17 Production (GO:0032700),2/6,0.0018810884250692386,0.012507949609980936,48.50939804901261,304.44036018801427,TLR4;VSIR
Reactome_2022,SMAD2/3 Phosphorylation Motif Mutants In Cancer R-HSA-3304356,2/6,0.0018810884250692386,0.012507949609980936,48.50939804901261,304.44036018801427,TGFBR1;TGFBR2
Reactome_2022,Interleukin Receptor SHC Signaling R-HSA-912526,3/22,0.0019157610735243775,0.012600412264074972,15.728094844223877,98.42076026329656,INPP5D;PTPN6;GAB2
GO_Biological_Process_2023,Negative Regulation Of Myeloid Leukocyte Differentiation (GO:0002762),3/22,0.0019157610735243775,0.012600412264074972,15.728094844223877,98.42076026329656,TLR4;C1QC;CCL3
GO_Biological_Process_2023,Response To Interferon-Beta (GO:0035456),3/22,0.0019157610735243775,0.012600412264074972,15.728094844223877,98.42076026329656,BST2;IFITM3;STAT1
GO_Biological_Process_2023,Positive Regulation Of Peptidase Activity (GO:0010952),3/22,0.0019157610735243775,0.012600412264074972,15.728094844223877,98.42076026329656,CTSH;VSIR;CTSS
GO_Biological_Process_2023,Positive Regulation Of Cell Population Proliferation (GO:0008284),12/394,0.0019639151127576,0.012882221563953229,2.925896682312,18.236573583138757,TGFBR1;BST2;ITGAX;OSMR;PTPRC;GAB2;CD86;CTSH;HCLS1;TGFBR2;PTPN6;STAT1
GO_Biological_Process_2023,Positive Regulation Of Proteolysis (GO:0045862),4/48,0.0021572240181334484,0.014074147021531935,8.888611158298348,54.56658890270977,CTSC;CTSH;CAPN3;CTSS
KEGG_2019_Mouse,Amino sugar and nucleotide sugar metabolism,4/48,0.0021572240181334484,0.014074147021531935,8.888611158298348,54.56658890270977,HEXB;HK2;RENBP;HK3
GO_Biological_Process_2023,Fc Receptor Signaling Pathway (GO:0038093),3/23,0.002184728372978278,0.014101956811750745,14.960136375557305,91.64974151056283,PLCG2;FCER1G;VAV1
GO_Biological_Process_2023,Response To Alcohol (GO:0097305),3/23,0.002184728372978278,0.014101956811750745,14.960136375557305,91.64974151056283,TGFBR1;CCL3;TGFBR2
Reactome_2022,Signaling By Erythropoietin R-HSA-9006335,3/23,0.002184728372978278,0.014101956811750745,14.960136375557305,91.64974151056283,PLCG2;VAV1;PIK3CG
Reactome_2022,Inactivation Of CSF3 (G-CSF) Signaling R-HSA-9705462,3/23,0.002184728372978278,0.014101956811750745,14.960136375557305,91.64974151056283,STAT1;TYK2;CSF3R
GO_Biological_Process_2023,Positive Regulation Of DNA-binding Transcription Factor Activity (GO:0051091),8/204,0.0024167980104993136,0.015517377702332894,3.840175600480944,23.13825517182077,TLR4;RAB7B;TRIM14;ANXA3;PLCG2;CAPN3;TLR2;HCLS1
Reactome_2022,G Alpha (I) Signaling Events R-HSA-418594,8/204,0.0024167980104993136,0.015517377702332894,3.840175600480944,23.13825517182077,RGS1;CXCL16;ADCY7;CCL4;C3AR1;CXCL10;GNGT2;GPR183
GO_Biological_Process_2023,Regulation Of NLRP3 Inflammasome Complex Assembly (GO:1900225),3/24,0.002475994613382177,0.015813786649154064,14.263615903975994,85.59757225035962,TLR4;TREM2;PLCG2
Reactome_2022,Infection With Mycobacterium Tuberculosis R-HSA-9635486,3/24,0.002475994613382177,0.015813786649154064,14.263615903975994,85.59757225035962,B2M;TLR2;RNF213
GO_Biological_Process_2023,Positive Regulation Of Membrane Invagination (GO:1905155),2/7,0.002613762471833688,0.015898750674537245,39.68756083317111,236.0205167796639,PLCG2;TREM2
GO_Biological_Process_2023,Synapse Pruning (GO:0098883),2/7,0.002613762471833688,0.015898750674537245,39.68756083317111,236.0205167796639,C1QC;TREM2
GO_Biological_Process_2023,Positive Regulation Of Megakaryocyte Differentiation (GO:0045654),2/7,0.002613762471833688,0.015898750674537245,39.68756083317111,236.0205167796639,PITHD1;RAB7B
Reactome_2022,Costimulation By CD28 Family R-HSA-388841,4/50,0.0025083976256865814,0.015898750674537245,8.505469239880165,50.93169498582339,VAV1;CD274;PTPN6;CD86
Reactome_2022,Modulation By Mtb Of Host Immune System R-HSA-9637628,2/7,0.002613762471833688,0.015898750674537245,39.68756083317111,236.0205167796639,B2M;TLR2
GO_Biological_Process_2023,Positive Regulation Of Neuroinflammatory Response (GO:0150078),2/7,0.002613762471833688,0.015898750674537245,39.68756083317111,236.0205167796639,PLCG2;TREM2
GO_Biological_Process_2023,Negative Regulation Of Toll-Like Receptor 4 Signaling Pathway (GO:0034144),2/7,0.002613762471833688,0.015898750674537245,39.68756083317111,236.0205167796639,RAB7B;TREM2
Reactome_2022,Loss Of Function Of TGFBR1 In Cancer R-HSA-3656534,2/7,0.002613762471833688,0.015898750674537245,39.68756083317111,236.0205167796639,TGFBR1;TGFBR2
GO_Biological_Process_2023,Positive Regulation Of Platelet Activation (GO:0010572),2/7,0.002613762471833688,0.015898750674537245,39.68756083317111,236.0205167796639,TLR4;PLEK
GO_Biological_Process_2023,Lymphocyte Activation Involved In Immune Response (GO:0002285),2/7,0.002613762471833688,0.015898750674537245,39.68756083317111,236.0205167796639,LCP1;GPR183
KEGG_2019_Mouse,RIG-I-like receptor signaling pathway,4/50,0.0025083976256865814,0.015898750674537245,8.505469239880165,50.93169498582339,CXCL10;ISG15;IRF7;IFIH1
GO_Biological_Process_2023,Positive Regulation Of Cardiac Epithelial To Mesenchymal Transition (GO:0062043),2/7,0.002613762471833688,0.015898750674537245,39.68756083317111,236.0205167796639,TGFBR1;TGFBR2
GO_Biological_Process_2023,Regulation Of Cell Killing (GO:0031341),2/7,0.002613762471833688,0.015898750674537245,39.68756083317111,236.0205167796639,ICAM1;CFH
Reactome_2022,Loss Of Function Of SMAD2/3 In Cancer R-HSA-3304349,2/7,0.002613762471833688,0.015898750674537245,39.68756083317111,236.0205167796639,TGFBR1;TGFBR2
Reactome_2022,Interleukin-4 And Interleukin-13 Signaling R-HSA-6785807,5/83,0.0025960735699819596,0.015898750674537245,6.174875996518231,36.76369970804416,ITGAX;ICAM1;TYK2;ITGB2;STAT1
GO_Biological_Process_2023,Protein poly-ADP-ribosylation (GO:0070212),2/7,0.002613762471833688,0.015898750674537245,39.68756083317111,236.0205167796639,PARP10;ZC3HAV1
GO_Biological_Process_2023,Regulation Of Epithelial To Mesenchymal Transition Involved In Endocardial Cushion Formation (GO:1905005),2/7,0.002613762471833688,0.015898750674537245,39.68756083317111,236.0205167796639,TGFBR1;TGFBR2
GO_Biological_Process_2023,Positive Regulation Of Apoptotic Cell Clearance (GO:2000427),2/7,0.002613762471833688,0.015898750674537245,39.68756083317111,236.0205167796639,TREM2;C4B
GO_Biological_Process_2023,Regulation Of Interleukin-18 Production (GO:0032661),2/7,0.002613762471833688,0.015898750674537245,39.68756083317111,236.0205167796639,TLR2;CD84
Reactome_2022,Signaling By Receptor Tyrosine Kinases R-HSA-9006934,13/463,0.0026296555992322574,0.01595543534834172,2.685892079961092,15.956622683111217,VAV1;NCF1;CYBA;GFAP;FES;PAG1;GAB2;NCF4;NCF2;CD274;PTPN6;TEC;STAT1
KEGG_2019_Mouse,Human papillomavirus infection,10/304,0.002654516061011888,0.016066110922882425,3.1777600427648047,18.848861180735977,IRF9;H2-Q6;FAS;OASL2;H2-Q4;TYK2;H2-Q7;H2-K1;ISG15;STAT1
GO_Biological_Process_2023,Glycolytic Process (GO:0006096),3/25,0.0027901616367160004,0.01680328112235666,13.629008363201912,80.16113541331414,HK2;HK3;UCP2
GO_Biological_Process_2023,Chemokine-Mediated Signaling Pathway (GO:0070098),3/25,0.0027901616367160004,0.01680328112235666,13.629008363201912,80.16113541331414,CCL3;CXCL10;CCL4
GO_Biological_Process_2023,Positive Regulation Of NF-kappaB Transcription Factor Activity (GO:0051092),6/123,0.0028802769230498277,0.01730304973327211,4.88724794882492,28.589759467778773,TLR4;RAB7B;TRIM14;PLCG2;CAPN3;TLR2
GO_Biological_Process_2023,Peptidyl-Tyrosine Modification (GO:0018212),4/52,0.002896957128676577,0.01736028383036556,8.15392665493977,47.65231676643252,PTPN6;FES;ABI3;FGR
GO_Biological_Process_2023,Positive Regulation Of Epithelial Cell Migration (GO:0010634),5/86,0.003029606622937547,0.01811048097012174,5.946701622240262,34.48684049070993,PIK3CG;ETS1;ANXA3;PLCG2;CTSH
GO_Biological_Process_2023,Positive Regulation Of Myeloid Leukocyte Differentiation (GO:0002763),3/26,0.003127802044428105,0.01860582245545836,13.048409974834135,75.25572254998585,HCLS1;FES;RUNX1
GO_Biological_Process_2023,Defense Response To Gram-negative Bacterium (GO:0050829),3/26,0.003127802044428105,0.01860582245545836,13.048409974834135,75.25572254998585,TLR4;TREM2;MPEG1
GO_Biological_Process_2023,Regulation Of Gene Expression (GO:0010468),19/830,0.0031675867687811395,0.018796413417681724,2.173372379435909,12.507291317771221,TGFBR1;CEBPA;TREM2;PARP14;ITGAX;HCLS1;CCL3;HAVCR2;TLR4;PTPRC;PARP10;CTSH;KLF4;SPI1;TYROBP;ETS1;VSIR;PLCG2;TLR2
GO_Biological_Process_2023,Hemopoiesis (GO:0030097),5/87,0.0031850684166275832,0.01885405133452474,5.874331164135937,33.773183541477,CEBPA;PLEK;RUNX1;PTPRC;TGFBR2
GO_Biological_Process_2023,Positive Regulation Of Protein Phosphorylation (GO:0001934),10/312,0.0031951264971259424,0.01886757179689699,3.0924886844661086,17.769837674126435,TGFBR1;FAS;LCP2;TREM2;GPNMB;PLCG2;PTPRC;PLAUR;HCLS1;TGFBR2
GO_Biological_Process_2023,Regulation Of Neuron Death (GO:1901214),4/54,0.0033247789053378945,0.019585530104988032,7.8302290272223765,44.682043866442534,ITGB2;GPNMB;C1QA;TYROBP
Reactome_2022,Potential Therapeutics For SARS R-HSA-9679191,5/88,0.003346197641763661,0.01966397500377822,5.803694130177822,33.08065382420907,VAV1;TYK2;TLR7;PLCG2;BLNK
GO_Biological_Process_2023,Eosinophil Migration (GO:0072677),2/8,0.0034588900222677944,0.01979888227368853,33.58013506835777,190.29216274040687,CCL3;CCL4
GO_Biological_Process_2023,Regulation Of Humoral Immune Response (GO:0002920),2/8,0.0034588900222677944,0.01979888227368853,33.58013506835777,190.29216274040687,FCGR2B;CFH
GO_Biological_Process_2023,Positive Regulation Of Tumor Necrosis Factor-Mediated Signaling Pathway (GO:1903265),2/8,0.0034588900222677944,0.01979888227368853,33.58013506835777,190.29216274040687,LAPTM5;CASP4
GO_Biological_Process_2023,Negative Regulation Of Leukocyte Apoptotic Process (GO:2000107),2/8,0.0034588900222677944,0.01979888227368853,33.58013506835777,190.29216274040687,HCLS1;IRF7
Reactome_2022,Phosphorylation Of CD3 And TCR Zeta Chains R-HSA-202427,2/8,0.0034588900222677944,0.01979888227368853,33.58013506835777,190.29216274040687,PTPRC;PAG1
GO_Biological_Process_2023,"Positive Regulation Of Phagocytosis, Engulfment (GO:0060100)",2/8,0.0034588900222677944,0.01979888227368853,33.58013506835777,190.29216274040687,PLCG2;TREM2
GO_Biological_Process_2023,Positive Regulation Of Myoblast Fusion (GO:1901741),2/8,0.0034588900222677944,0.01979888227368853,33.58013506835777,190.29216274040687,SCGB3A1;CD53
GO_Biological_Process_2023,Positive Regulation Of Nitric-Oxide Synthase Biosynthetic Process (GO:0051770),2/8,0.0034588900222677944,0.01979888227368853,33.58013506835777,190.29216274040687,TLR4;TLR2
GO_Biological_Process_2023,Eosinophil Chemotaxis (GO:0048245),2/8,0.0034588900222677944,0.01979888227368853,33.58013506835777,190.29216274040687,CCL3;CCL4
Reactome_2022,Signaling By TGF-beta Receptor Complex In Cancer R-HSA-3304351,2/8,0.0034588900222677944,0.01979888227368853,33.58013506835777,190.29216274040687,TGFBR1;TGFBR2
Reactome_2022,PD-1 Signaling R-HSA-389948,2/8,0.0034588900222677944,0.01979888227368853,33.58013506835777,190.29216274040687,CD274;PTPN6
GO_Biological_Process_2023,Positive Regulation Of Proteolysis Involved In Protein Catabolic Process (GO:1903052),3/27,0.0034894599212340117,0.019880092086467013,12.51520737327189,70.81114725809147,TREM2;LAPTM5;CTSC
GO_Biological_Process_2023,Cellular Response To Chemokine (GO:1990869),3/27,0.0034894599212340117,0.019880092086467013,12.51520737327189,70.81114725809147,CCL3;CXCL10;CCL4
Reactome_2022,Signaling By TGF-beta Receptor Complex R-HSA-170834,5/89,0.0035131094066809224,0.019967954402844493,5.7347289786802556,32.408408719445696,TGFBR1;TGIF1;F11R;TGFBR2;STAT1
GO_Biological_Process_2023,Positive Regulation Of Immune Response (GO:0050778),4/55,0.0035539890149515036,0.020153110605811448,7.677808299607876,43.3004175373271,ITGB2;PTPRC;RSAD2;FCGR2B
Reactome_2022,VEGFA-VEGFR2 Pathway R-HSA-4420097,5/90,0.003685918676643997,0.02085250496087408,5.66737704710076,31.75564816440409,VAV1;NCF1;CYBA;NCF4;NCF2
Reactome_2022,FCERI Mediated MAPK Activation R-HSA-2871796,3/28,0.003875651544805143,0.021874898370330423,12.02382458359688,66.76879677778065,PLCG2;VAV1;LCP2
KEGG_2019_Mouse,Phospholipase D signaling pathway,6/133,0.004232604698332775,0.0238341800530247,4.5017130163612284,24.60158121147342,PIK3CG;ADCY7;CYTH4;PLCG2;GAB2;FCER1G
KEGG_2019_Mouse,Viral carcinogenesis,7/177,0.00425623587166567,0.02391176958456616,3.8930100040426856,21.25338244428623,IRF9;H2-Q4;H2-Q7;H2-K1;IRF7;SP100;H2-Q6
GO_Biological_Process_2023,Positive Regulation Of Mesenchymal Cell Proliferation (GO:0002053),2/9,0.004413835612986468,0.02401878706887479,29.101356174161314,157.81698087590343,TGFBR2;STAT1
GO_Biological_Process_2023,Regulation Of Toll-Like Receptor 9 Signaling Pathway (GO:0034163),2/9,0.004413835612986468,0.02401878706887479,29.101356174161314,157.81698087590343,RAB7B;RSAD2
GO_Biological_Process_2023,Regulation Of Cysteine-Type Endopeptidase Activity Involved In Apoptotic Signaling Pathway (GO:2001267),2/9,0.004413835612986468,0.02401878706887479,29.101356174161314,157.81698087590343,PLAUR;FAS
GO_Biological_Process_2023,Regulation Of Response To Biotic Stimulus (GO:0002831),3/29,0.004286866081589322,0.02401878706887479,11.569527287482249,63.07936892652209,TREM2;FCGR2B;FGR
GO_Biological_Process_2023,Fructose 6-Phosphate Metabolic Process (GO:0006002),2/9,0.004413835612986468,0.02401878706887479,29.101356174161314,157.81698087590343,HK2;HK3
GO_Biological_Process_2023,Carbohydrate Phosphorylation (GO:0046835),2/9,0.004413835612986468,0.02401878706887479,29.101356174161314,157.81698087590343,HK2;HK3
Reactome_2022,Interleukin-6 Signaling R-HSA-1059683,2/9,0.004413835612986468,0.02401878706887479,29.101356174161314,157.81698087590343,TYK2;STAT1
GO_Biological_Process_2023,Dendritic Cell Chemotaxis (GO:0002407),2/9,0.004413835612986468,0.02401878706887479,29.101356174161314,157.81698087590343,PIK3CG;GPR183
GO_Biological_Process_2023,Regulation Of Type II Interferon-Mediated Signaling Pathway (GO:0060334),2/9,0.004413835612986468,0.02401878706887479,29.101356174161314,157.81698087590343,NLRC5;PARP14
GO_Biological_Process_2023,"Regulation Of Phagocytosis, Engulfment (GO:0060099)",2/9,0.004413835612986468,0.02401878706887479,29.101356174161314,157.81698087590343,PLCG2;TREM2
GO_Biological_Process_2023,Negative Regulation Of Response To Cytokine Stimulus (GO:0060761),2/9,0.004413835612986468,0.02401878706887479,29.101356174161314,157.81698087590343,PTPRC;KLF4
Reactome_2022,Interleukin-21 Signaling R-HSA-9020958,2/9,0.004413835612986468,0.02401878706887479,29.101356174161314,157.81698087590343,IL21R;STAT1
GO_Biological_Process_2023,Negative Regulation Of B Cell Proliferation (GO:0030889),2/9,0.004413835612986468,0.02401878706887479,29.101356174161314,157.81698087590343,FCGR2B;TYROBP
Reactome_2022,TRAF6 Mediated IRF7 Activation In TLR7/8 Or 9 Signaling R-HSA-975110,2/9,0.004413835612986468,0.02401878706887479,29.101356174161314,157.81698087590343,TLR7;IRF7
KEGG_2019_Mouse,HIF-1 signaling pathway,5/94,0.004438422580987091,0.02409854944978897,5.413020031750263,29.324799149416513,IL6RA;TLR4;HK3;PLCG2;HK2
Reactome_2022,DDX58/IFIH1-mediated Induction Of Interferon-Alpha/Beta R-HSA-168928,4/59,0.004578058786790636,0.024745988141516427,7.123051777479423,38.36817747966405,ISG15;NLRC5;IRF7;IFIH1
Reactome_2022,Integrin Cell Surface Interactions R-HSA-216083,4/59,0.004578058786790636,0.024745988141516427,7.123051777479423,38.36817747966405,ITGAX;ICAM1;F11R;ITGB2
Reactome_2022,Signaling By GPCR R-HSA-372790,13/495,0.004615189191498854,0.024891253706150487,2.503736391686558,13.466101860477515,VAV1;RGS1;PIK3CG;CXCL16;GPNMB;ADCY7;C3AR1;GPR84;CCL4;CCL3;CXCL10;GNGT2;GPR183
Reactome_2022,MyD88 Dependent Cascade Initiated On Endosome R-HSA-975155,5/96,0.004853030624623337,0.026058197623807164,5.294181098348802,28.20820106819533,NLRC5;TLR4;TLR7;USP18;IRF7
Reactome_2022,Toll Like Receptor 7/8 (TLR7/8) Cascade R-HSA-168181,5/96,0.004853030624623337,0.026058197623807164,5.294181098348802,28.20820106819533,NLRC5;TLR4;TLR7;USP18;IRF7
Reactome_2022,GPCR Downstream Signaling R-HSA-388396,12/443,0.005033906087434959,0.02696973526314491,2.5872885024665533,13.690789859392867,VAV1;RGS1;PIK3CG;GPNMB;CXCL16;ADCY7;GPR84;CCL4;C3AR1;CXCL10;GNGT2;GPR183
GO_Biological_Process_2023,Peptidyl-Tyrosine Phosphorylation (GO:0018108),4/61,0.0051574801590856,0.02751033922219945,6.874617334961029,36.210721110896785,PTPN6;FES;ABI3;FGR
GO_Biological_Process_2023,Cellular Response To Organic Substance (GO:0071310),4/61,0.0051574801590856,0.02751033922219945,6.874617334961029,36.210721110896785,HCLS1;PLCG2;TREM2;CCL3
GO_Biological_Process_2023,Positive Regulation Of Response To Biotic Stimulus (GO:0002833),3/31,0.005186189084215352,0.02754240898772573,10.756574231277117,56.5984704209325,LY86;CYBA;CD180
Reactome_2022,Negative Regulators Of DDX58/IFIH1 Signaling R-HSA-936440,3/31,0.005186189084215352,0.02754240898772573,10.756574231277117,56.5984704209325,ISG15;NLRC5;IFIH1
GO_Biological_Process_2023,Protein Processing (GO:0016485),5/98,0.005294416267825811,0.027994658566477655,5.18042618348858,27.15114487080559,SRGN;CASP4;VSIR;CTSS;CTSH
GO_Biological_Process_2023,Positive Regulation Of Peptidyl-Tyrosine Phosphorylation (GO:0050731),5/98,0.005294416267825811,0.027994658566477655,5.18042618348858,27.15114487080559,PARP14;TREM2;PLCG2;PTPRC;HCLS1
GO_Biological_Process_2023,Regulation Of Superoxide Anion Generation (GO:0032928),2/10,0.005476008791769572,0.028038551345199895,25.676407608011086,133.70677976634528,ITGB2;TYROBP
Reactome_2022,Signal Regulatory Protein Family Interactions R-HSA-391160,2/10,0.005476008791769572,0.028038551345199895,25.676407608011086,133.70677976634528,PTPN6;TYROBP
GO_Biological_Process_2023,Positive Regulation Of Lymphocyte Chemotaxis (GO:0140131),2/10,0.005476008791769572,0.028038551345199895,25.676407608011086,133.70677976634528,CCL3;CCL4
GO_Biological_Process_2023,Myeloid Dendritic Cell Activation (GO:0001773),2/10,0.005476008791769572,0.028038551345199895,25.676407608011086,133.70677976634528,DOCK2;TGFBR2
GO_Biological_Process_2023,Regulation Of T Cell Mediated Cytotoxicity (GO:0001914),2/10,0.005476008791769572,0.028038551345199895,25.676407608011086,133.70677976634528,PTPRC;ULBP1
GO_Biological_Process_2023,Pathway-Restricted SMAD Protein Phosphorylation (GO:0060389),2/10,0.005476008791769572,0.028038551345199895,25.676407608011086,133.70677976634528,TGFBR1;TGFBR2
GO_Biological_Process_2023,Astrocyte Activation (GO:0048143),2/10,0.005476008791769572,0.028038551345199895,25.676407608011086,133.70677976634528,TREM2;C1QA
GO_Biological_Process_2023,Regulation Of Myoblast Fusion (GO:1901739),2/10,0.005476008791769572,0.028038551345199895,25.676407608011086,133.70677976634528,SCGB3A1;CD53
GO_Biological_Process_2023,Positive Regulation Of Superoxide Anion Generation (GO:0032930),2/10,0.005476008791769572,0.028038551345199895,25.676407608011086,133.70677976634528,ITGB2;TYROBP
GO_Biological_Process_2023,Positive Regulation Of Alpha-Beta T Cell Differentiation (GO:0046638),2/10,0.005476008791769572,0.028038551345199895,25.676407608011086,133.70677976634528,RUNX1;TGFBR2
GO_Biological_Process_2023,Mature B Cell Differentiation Involved In Immune Response (GO:0002313),2/10,0.005476008791769572,0.028038551345199895,25.676407608011086,133.70677976634528,FCGR2B;GPR183
GO_Biological_Process_2023,Positive Regulation Of B Cell Differentiation (GO:0045579),2/10,0.005476008791769572,0.028038551345199895,25.676407608011086,133.70677976634528,INPP5D;SPI1
GO_Biological_Process_2023,Positive Regulation Of Cell Activation (GO:0050867),2/10,0.005476008791769572,0.028038551345199895,25.676407608011086,133.70677976634528,TLR4;PLEK
GO_Biological_Process_2023,Neutrophil Activation Involved In Immune Response (GO:0002283),2/10,0.005476008791769572,0.028038551345199895,25.676407608011086,133.70677976634528,FCER1G;TYROBP
GO_Biological_Process_2023,Cellular Response To Thyroid Hormone Stimulus (GO:0097067),2/10,0.005476008791769572,0.028038551345199895,25.676407608011086,133.70677976634528,CTSH;CTSS
Reactome_2022,Signaling By VEGF R-HSA-194138,5/99,0.00552543094214928,0.02823204399283432,5.1253543596276785,26.643611535685245,VAV1;NCF1;CYBA;NCF4;NCF2
GO_Biological_Process_2023,Regulation Of Erythrocyte Differentiation (GO:0045646),3/32,0.005675146399796851,0.028875430424123598,10.39143429925278,53.74095387105075,STAT1;SPI1;ETS1
Reactome_2022,FCGR3A-mediated IL10 Synthesis R-HSA-9664323,3/32,0.005675146399796851,0.028875430424123598,10.39143429925278,53.74095387105075,PLCG2;ADCY7;FGR
KEGG_2019_Mouse,Proteoglycans in cancer,7/187,0.005724575489977206,0.02906599312588845,3.6755123441449413,18.97662201933648,FAS;TLR4;PLCG2;PLAUR;TLR2;HCLS1;PTPN6
Reactome_2022,Toll Like Receptor 9 (TLR9) Cascade R-HSA-168138,5/100,0.005763475230865269,0.029202409990208785,5.0714358723921364,26.149411929176882,NLRC5;TLR4;TLR7;USP18;IRF7
KEGG_2019_Mouse,Rap1 signaling pathway,7/188,0.005889904162165737,0.029780827919950507,3.6550807457909107,18.767068935748064,SIPA1;LCP2;ADCY7;FYB;APBB1IP;ITGB2;RASGRP3
Reactome_2022,Semaphorin Interactions R-HSA-373755,4/64,0.006115568103383426,0.03079353482761738,6.532763329346875,33.29695646123331,PTPRC;TREM2;FES;TYROBP
Reactome_2022,Constitutive Signaling By Aberrant PI3K In Cancer R-HSA-2219530,4/64,0.006115568103383426,0.03079353482761738,6.532763329346875,33.29695646123331,VAV1;PIK3AP1;GAB2;CD86
GO_Biological_Process_2023,Negative Regulation Of Immune System Process (GO:0002683),3/33,0.006190825626388983,0.031043664866210872,10.050237969328398,51.10231254556606,RAB7B;TREM2;FCGR2B
GO_Biological_Process_2023,Regulation Of p38MAPK Cascade (GO:1900744),3/33,0.006190825626388983,0.031043664866210872,10.050237969328398,51.10231254556606,NCF1;TREM2;SPI1
GO_Biological_Process_2023,Regulation Of Macrophage Cytokine Production (GO:0010935),2/11,0.006642863441185901,0.0317992693723041,22.972500845260903,115.18899325182528,PLCG2;LAPTM5
Reactome_2022,CD28 Dependent Vav1 Pathway R-HSA-389359,2/11,0.006642863441185901,0.0317992693723041,22.972500845260903,115.18899325182528,VAV1;CD86
GO_Biological_Process_2023,Regulation Of Mesenchymal Cell Proliferation (GO:0010464),2/11,0.006642863441185901,0.0317992693723041,22.972500845260903,115.18899325182528,TGFBR2;STAT1
GO_Biological_Process_2023,Cellular Response To Exogenous dsRNA (GO:0071360),2/11,0.006642863441185901,0.0317992693723041,22.972500845260903,115.18899325182528,IFIT1;IFIH1
GO_Biological_Process_2023,Cell Surface Toll-Like Receptor Signaling Pathway (GO:0140895),2/11,0.006642863441185901,0.0317992693723041,22.972500845260903,115.18899325182528,TLR4;PIK3AP1
GO_Biological_Process_2023,Proteolysis Involved In Protein Catabolic Process (GO:0051603),4/65,0.006459458508292943,0.0317992693723041,6.4262234630985615,32.40236683874132,CTSC;ISG15;CTSH;CTSS
Reactome_2022,Maturation Of Nucleoprotein R-HSA-9683610,2/11,0.006642863441185901,0.0317992693723041,22.972500845260903,115.18899325182528,PARP10;PARP14
GO_Biological_Process_2023,Negative Regulation Of Gene Expression (GO:0010629),9/292,0.006488126990336579,0.0317992693723041,2.975113976585647,14.987973822142951,FCGR2B;HAVCR2;PARP14;SRGN;GPNMB;PARP10;CCL3;KLF4;SPI1
GO_Biological_Process_2023,Regulation Of Adipose Tissue Development (GO:1904177),2/11,0.006642863441185901,0.0317992693723041,22.972500845260903,115.18899325182528,LCP1;SPI1
GO_Biological_Process_2023,Positive Regulation Of Type 2 Immune Response (GO:0002830),2/11,0.006642863441185901,0.0317992693723041,22.972500845260903,115.18899325182528,RSAD2;CD86
Reactome_2022,Interleukin-27 Signaling R-HSA-9020956,2/11,0.006642863441185901,0.0317992693723041,22.972500845260903,115.18899325182528,TYK2;STAT1
GO_Biological_Process_2023,Response To Thyroid Hormone (GO:0097066),2/11,0.006642863441185901,0.0317992693723041,22.972500845260903,115.18899325182528,CTSH;CTSS
Reactome_2022,Dectin-2 Family R-HSA-5621480,2/11,0.006642863441185901,0.0317992693723041,22.972500845260903,115.18899325182528,PLCG2;FCER1G
GO_Biological_Process_2023,Regulation Of Nitric-Oxide Synthase Biosynthetic Process (GO:0051769),2/11,0.006642863441185901,0.0317992693723041,22.972500845260903,115.18899325182528,TLR4;TLR2
GO_Biological_Process_2023,Actin Crosslink Formation (GO:0051764),2/11,0.006642863441185901,0.0317992693723041,22.972500845260903,115.18899325182528,LCP1;GAS2L3
GO_Biological_Process_2023,Positive Regulation Of Homotypic Cell-Cell Adhesion (GO:0034112),2/11,0.006642863441185901,0.0317992693723041,22.972500845260903,115.18899325182528,F11R;PLAUR
GO_Biological_Process_2023,Positive Regulation Of Hydrolase Activity (GO:0051345),6/146,0.00662889088566589,0.0317992693723041,4.082563828220098,20.47943750318904,RGS1;CCL4;CTSS;CCL3;CTSH;RASGRP3
GO_Biological_Process_2023,B Cell Proliferation (GO:0042100),2/11,0.006642863441185901,0.0317992693723041,22.972500845260903,115.18899325182528,PTPRC;CD180
GO_Biological_Process_2023,Embryonic Cranial Skeleton Morphogenesis (GO:0048701),2/11,0.006642863441185901,0.0317992693723041,22.972500845260903,115.18899325182528,TGFBR1;TGFBR2
KEGG_2019_Mouse,Asthma,2/11,0.006642863441185901,0.0317992693723041,22.972500845260903,115.18899325182528,H2-OB;FCER1G
Reactome_2022,MyD88:MAL(TIRAP) Cascade Initiated On Plasma Membrane R-HSA-166058,5/103,0.006520887872712297,0.0317992693723041,4.9162491603994845,24.742227080497404,NLRC5;TLR1;TLR4;USP18;TLR2
GO_Biological_Process_2023,Positive Regulation Of Leukocyte Adhesion To Vascular Endothelial Cell (GO:1904996),2/11,0.006642863441185901,0.0317992693723041,22.972500845260903,115.18899325182528,ITGB2;ETS1
GO_Biological_Process_2023,Negative Regulation Of Bone Mineralization (GO:0030502),2/11,0.006642863441185901,0.0317992693723041,22.972500845260903,115.18899325182528,SRGN;CCL3
GO_Biological_Process_2023,Carbohydrate Catabolic Process (GO:0016052),3/34,0.006733590342688566,0.03210692291101208,9.730704898446835,48.65981825635991,HK2;HK3;UCP2
GO_Biological_Process_2023,Regulation Of Cytokine Production Involved In Inflammatory Response (GO:1900015),3/34,0.006733590342688566,0.03210692291101208,9.730704898446835,48.65981825635991,TLR4;TREM2;ADCY7
Reactome_2022,RUNX1 Regulates Transcription Of Genes Involved In Differentiation Of HSCs R-HSA-8939236,4/66,0.00681593846069811,0.03243584832179277,6.323092872570195,31.54269516328688,RUNX1;PSMB8;PSMB9;SPI1
Reactome_2022,ISG15 Antiviral Mechanism R-HSA-1169408,4/67,0.007185197931385175,0.034059522225530894,6.223210489617523,30.71610047546885,ISG15;USP18;IFIT1;STAT1
GO_Biological_Process_2023,Lymphocyte Differentiation (GO:0030098),4/67,0.007185197931385175,0.034059522225530894,6.223210489617523,30.71610047546885,PLCG2;PTPRC;BLNK;IKZF1
GO_Biological_Process_2023,Regulation Of Primary Metabolic Process (GO:0080090),3/35,0.007303780912924164,0.03455414478687514,9.430835401157982,46.39370397294319,PLCG2;TREM2;RNF213
GO_Biological_Process_2023,Regulation Of Monocyte Differentiation (GO:0045655),2/12,0.007911897111682522,0.03650603477196479,20.783623942082187,100.58001383460359,FES;IRF7
Reactome_2022,PECAM1 Interactions R-HSA-210990,2/12,0.007911897111682522,0.03650603477196479,20.783623942082187,100.58001383460359,INPP5D;PTPN6
Reactome_2022,TRAF3-dependent IRF Activation Pathway R-HSA-918233,2/12,0.007911897111682522,0.03650603477196479,20.783623942082187,100.58001383460359,IRF7;IFIH1
GO_Biological_Process_2023,T Cell Differentiation (GO:0030217),3/36,0.007901715092055058,0.03650603477196479,9.148868560423688,44.28670336995661,PTPRC;FCER1G;SPI1
GO_Biological_Process_2023,Negative Regulation Of Viral Transcription (GO:0032897),2/12,0.007911897111682522,0.03650603477196479,20.783623942082187,100.58001383460359,TRIM14;IFITM3
GO_Biological_Process_2023,Negative Regulation Of Nervous System Development (GO:0051961),2/12,0.007911897111682522,0.03650603477196479,20.783623942082187,100.58001383460359,B2M;TLR2
GO_Biological_Process_2023,Positive Regulation Of Natural Killer Cell Activation (GO:0032816),2/12,0.007911897111682522,0.03650603477196479,20.783623942082187,100.58001383460359,TYK2;TYROBP
GO_Biological_Process_2023,Dendritic Cell Migration (GO:0036336),2/12,0.007911897111682522,0.03650603477196479,20.783623942082187,100.58001383460359,PIK3CG;GPR183
GO_Biological_Process_2023,Neutrophil Activation (GO:0042119),2/12,0.007911897111682522,0.03650603477196479,20.783623942082187,100.58001383460359,FCER1G;TYROBP
GO_Biological_Process_2023,Positive Regulation Of Cell Death (GO:0010942),3/36,0.007901715092055058,0.03650603477196479,9.148868560423688,44.28670336995661,ITGB2;C1QA;TYROBP
GO_Biological_Process_2023,Toll-Like Receptor 4 Signaling Pathway (GO:0034142),2/12,0.007911897111682522,0.03650603477196479,20.783623942082187,100.58001383460359,TLR4;PIK3AP1
GO_Biological_Process_2023,Regulation Of Cholesterol Storage (GO:0010885),2/12,0.007911897111682522,0.03650603477196479,20.783623942082187,100.58001383460359,LCP1;TREM2
Reactome_2022,Interleukin-35 Signaling R-HSA-8984722,2/12,0.007911897111682522,0.03650603477196479,20.783623942082187,100.58001383460359,TYK2;STAT1
GO_Biological_Process_2023,Positive Regulation Of Macromolecule Biosynthetic Process (GO:0010557),5/108,0.007934015126555878,0.036538623742222234,4.677596487367307,22.623644695900442,NLRC5;TLR4;BCL3;TLR2;KLF4
Reactome_2022,Ub-specific Processing Proteases R-HSA-5689880,6/152,0.008015702572345238,0.03684490557401874,3.914199885490791,18.891309732007926,TGFBR1;PSMB9;IFIH1;PSMB8;USP18;USP24
Reactome_2022,Class A/1 (Rhodopsin-like Receptors) R-HSA-373076,7/200,0.008163510074979992,0.0374533817617702,3.426373551812461,16.474281731839213,CXCL16;GPNMB;C3AR1;CCL4;CCL3;CXCL10;GPR183
GO_Biological_Process_2023,Positive Regulation Of Leukocyte Activation (GO:0002696),2/13,0.009280650364013113,0.04148091792534037,18.97542128293455,88.80162533243659,TLR4;CEBPA
GO_Biological_Process_2023,Regulation Of Response To Cytokine Stimulus (GO:0060759),2/13,0.009280650364013113,0.04148091792534037,18.97542128293455,88.80162533243659,KLF4;IFIH1
GO_Biological_Process_2023,Regulation Of Integrin Activation (GO:0033623),2/13,0.009280650364013113,0.04148091792534037,18.97542128293455,88.80162533243659,FBLIM1;PLEK
GO_Biological_Process_2023,Regulation Of Neuroinflammatory Response (GO:0150077),2/13,0.009280650364013113,0.04148091792534037,18.97542128293455,88.80162533243659,PLCG2;TREM2
GO_Biological_Process_2023,Astrocyte Development (GO:0014002),2/13,0.009280650364013113,0.04148091792534037,18.97542128293455,88.80162533243659,TREM2;C1QA
Reactome_2022,Regulation Of IFNG Signaling R-HSA-877312,2/13,0.009280650364013113,0.04148091792534037,18.97542128293455,88.80162533243659,PTPN6;STAT1
GO_Biological_Process_2023,Positive Regulation Of miRNA Transcription (GO:1902895),3/38,0.009181975797428812,0.04148091792534037,8.63259124640315,40.491280334329524,KLF4;SPI1;ETS1
GO_Biological_Process_2023,Protein Localization To Mitochondrion (GO:0070585),2/13,0.009280650364013113,0.04148091792534037,18.97542128293455,88.80162533243659,ISG15;HK2
GO_Biological_Process_2023,Regulation Of Sequestering Of Triglyceride (GO:0010889),2/13,0.009280650364013113,0.04148091792534037,18.97542128293455,88.80162533243659,LCP1;TREM2
GO_Biological_Process_2023,Immune Response-Activating Cell Surface Receptor Signaling Pathway (GO:0002429),2/13,0.009280650364013113,0.04148091792534037,18.97542128293455,88.80162533243659,FCER1G;C3AR1
Reactome_2022,Antiviral Mechanism By IFN-stimulated Genes R-HSA-1169410,4/72,0.009229574561796985,0.04148091792534037,5.767542684176507,27.022911846586926,ISG15;USP18;IFIT1;STAT1
GO_Biological_Process_2023,Positive Regulation Of Myeloid Leukocyte Cytokine Production Involved In Immune Response (GO:0061081),2/13,0.009280650364013113,0.04148091792534037,18.97542128293455,88.80162533243659,PLCG2;LAPTM5
GO_Biological_Process_2023,Negative Regulation Of Viral Life Cycle (GO:1903901),2/13,0.009280650364013113,0.04148091792534037,18.97542128293455,88.80162533243659,BST2;IFITM3
Reactome_2022,TRAF6 Mediated IRF7 Activation R-HSA-933541,2/13,0.009280650364013113,0.04148091792534037,18.97542128293455,88.80162533243659,IRF7;IFIH1
GO_Biological_Process_2023,Negative Regulation Of Cell Population Proliferation (GO:0008285),9/310,0.009409266733432776,0.04197847493022306,2.7949911956040254,13.041597324187885,CEBPA;DLG5;IFIT3;ETS1;B2M;TREM2;GPNMB;PARP10;PTPN6
Reactome_2022,C-type Lectin Receptors (CLRs) R-HSA-5621481,5/113,0.009547050075990654,0.04251502850354003,4.460939452402611,20.750162753406837,PSMB9;PSMB8;NFATC1;PLCG2;FCER1G
GO_Biological_Process_2023,Intracellular Glucose Homeostasis (GO:0001678),3/39,0.009864830066352373,0.04382228731827135,8.395669465311533,38.77774488653153,HK2;HK3;UCP2
GO_Biological_Process_2023,Negative Regulation Of Macromolecule Metabolic Process (GO:0010605),6/159,0.009884318517311193,0.04382228731827135,3.7344105937706242,17.241048361287646,HAVCR2;PARP14;PARP10;CCL3;KLF4;SPI1
Reactome_2022,Signaling By TGFB Family Members R-HSA-9006936,5/114,0.009894772744298598,0.04382228731827135,4.419982369080518,20.401527727858188,TGFBR1;TGIF1;F11R;TGFBR2;STAT1
KEGG_2019_Mouse,Th1 and Th2 cell differentiation,4/75,0.010620885690080805,0.046245134318043855,5.524732287151294,25.109537360614997,H2-OB;STAT1;TYK2;NFATC1
GO_Biological_Process_2023,Blood Circulation (GO:0008015),3/40,0.01057648455733127,0.046245134318043855,8.171383512544804,37.1726219800888,C3AR1;CXCL10;STAT1
GO_Biological_Process_2023,Cellular Response To Lectin (GO:1990858),2/14,0.010746706120880401,0.046245134318043855,17.456531049250536,79.13317809363454,PLCG2;TYROBP
KEGG_2019_Mouse,Chronic myeloid leukemia,4/75,0.010620885690080805,0.046245134318043855,5.524732287151294,25.109537360614997,RUNX1;TGFBR1;TGFBR2;GAB2
GO_Biological_Process_2023,Stimulatory C-type Lectin Receptor Signaling Pathway (GO:0002223),2/14,0.010746706120880401,0.046245134318043855,17.456531049250536,79.13317809363454,PLCG2;TYROBP
GO_Biological_Process_2023,Cellular Response To dsRNA (GO:0071359),2/14,0.010746706120880401,0.046245134318043855,17.456531049250536,79.13317809363454,IFIT1;IFIH1
GO_Biological_Process_2023,Negative Regulation Of Interleukin-8 Production (GO:0032717),2/14,0.010746706120880401,0.046245134318043855,17.456531049250536,79.13317809363454,KLF4;BCL3
GO_Biological_Process_2023,Regulation Of Inflammatory Response To Antigenic Stimulus (GO:0002861),2/14,0.010746706120880401,0.046245134318043855,17.456531049250536,79.13317809363454,TREM2;FGR
GO_Biological_Process_2023,Regulation Of Lipopolysaccharide-Mediated Signaling Pathway (GO:0031664),2/14,0.010746706120880401,0.046245134318043855,17.456531049250536,79.13317809363454,LY86;CD180
GO_Biological_Process_2023,Pyruvate Metabolic Process (GO:0006090),3/40,0.01057648455733127,0.046245134318043855,8.171383512544804,37.1726219800888,HK2;HK3;UCP2
GO_Biological_Process_2023,Regulation Of Anatomical Structure Morphogenesis (GO:0022603),5/116,0.010616126984226865,0.046245134318043855,4.3402721710455925,19.72819074979265,PIK3CG;ETS1;GPNMB;ABI3;SP100
Reactome_2022,IL-6-type Cytokine Receptor Ligand Interactions R-HSA-6788467,2/14,0.010746706120880401,0.046245134318043855,17.456531049250536,79.13317809363454,TYK2;OSMR
GO_Biological_Process_2023,Glucose 6-Phosphate Metabolic Process (GO:0051156),2/14,0.010746706120880401,0.046245134318043855,17.456531049250536,79.13317809363454,HK2;HK3
GO_Biological_Process_2023,Regulation Of Tissue Remodeling (GO:0034103),2/14,0.010746706120880401,0.046245134318043855,17.456531049250536,79.13317809363454,RUNX1;GPNMB
GO_Biological_Process_2023,Phosphate-Containing Compound Metabolic Process (GO:0006796),6/161,0.010470746328560583,0.046245134318043855,3.6860153135923897,16.80517034167473,PIK3CG;INPP5D;HK3;LCP1;PTPRC;HK2
GO_Biological_Process_2023,Positive Regulation Of Protein Kinase B Signaling (GO:0051897),4/75,0.010620885690080805,0.046245134318043855,5.524732287151294,25.109537360614997,HCLS1;TGFBR1;CCL3;PIK3CG
KEGG_2019_Mouse,Cytosolic DNA-sensing pathway,3/41,0.011317152641885153,0.048613680463460644,7.958748778103617,35.66662146858024,CXCL10;CCL4;IRF7
GO_Biological_Process_2023,Regulation Of Cell Migration (GO:0030334),10/376,0.011343099241368108,0.0486390492204954,2.544332285689222,11.396435058326052,TGFBR1;DLG5;BST2;FGR;ITGAX;GPNMB;VSIR;CXCL16;CCL3;CTSH
GO_Biological_Process_2023,Negative Regulation Of Programmed Cell Death (GO:0043069),9/320,0.011412021275191107,0.04876228104733947,2.703917879377363,12.094862568800776,FAS;IFIT3;TREM2;CLEC5A;BCL3;PLAUR;LAPTM5;CAPN3;CTSH
GO_Biological_Process_2023,Regulation Of T Cell Tolerance Induction (GO:0002664),1/1,0.011392834634217287,0.04876228104733947,260.88486140724945,1167.3999239992972,TGFBR2
Reactome_2022,Downstream Signaling Events Of B Cell Receptor (BCR) R-HSA-1168372,4/77,0.011619744304290434,0.04956260004659558,5.373870498523384,23.94085925267139,PSMB9;PSMB8;RASGRP3;NFATC1
KEGG_2019_Mouse,Necroptosis,5/119,0.011764372483623865,0.05009145968027214,4.225928066004225,18.774444392087243,IRF9;FAS;TLR4;TYK2;STAT1
GO_Biological_Process_2023,Regulation Of Endopeptidase Activity (GO:0052548),3/42,0.012087028467269858,0.05137516302988432,7.756880359330339,34.2514548930327,VSIR;PSMB8;PSMB9
GO_Biological_Process_2023,Negative Regulation Of Cytokine Production Involved In Inflammatory Response (GO:1900016),2/15,0.012307689027669514,0.05150131253474812,16.162661590927115,71.07580680626639,TREM2;ADCY7
GO_Biological_Process_2023,Negative Regulation Of Phagocytosis (GO:0050765),2/15,0.012307689027669514,0.05150131253474812,16.162661590927115,71.07580680626639,FCGR2B;TLR2
GO_Biological_Process_2023,Response To Interferon-Alpha (GO:0035455),2/15,0.012307689027669514,0.05150131253474812,16.162661590927115,71.07580680626639,BST2;IFITM3
GO_Biological_Process_2023,Antigen Processing And Presentation Of Peptide Antigen Via MHC Class I (GO:0002474),2/15,0.012307689027669514,0.05150131253474812,16.162661590927115,71.07580680626639,B2M;FCER1G
GO_Biological_Process_2023,Negative Regulation Of Inflammatory Response To Antigenic Stimulus (GO:0002862),2/15,0.012307689027669514,0.05150131253474812,16.162661590927115,71.07580680626639,TREM2;FGR
GO_Biological_Process_2023,Negative Regulation Of Osteoclast Differentiation (GO:0045671),2/15,0.012307689027669514,0.05150131253474812,16.162661590927115,71.07580680626639,TLR4;CCL3
GO_Biological_Process_2023,Regulation Of Cytokine Production Involved In Immune Response (GO:0002718),2/15,0.012307689027669514,0.05150131253474812,16.162661590927115,71.07580680626639,IRF5;LAPTM5
GO_Biological_Process_2023,Innate Immune Response Activating Cell Surface Receptor Signaling Pathway (GO:0002220),2/15,0.012307689027669514,0.05150131253474812,16.162661590927115,71.07580680626639,PLCG2;TYROBP
GO_Biological_Process_2023,Embryonic Skeletal System Morphogenesis (GO:0048704),2/15,0.012307689027669514,0.05150131253474812,16.162661590927115,71.07580680626639,TGFBR1;TGFBR2
GO_Biological_Process_2023,Regulation Of Intracellular Signal Transduction (GO:1902531),8/271,0.012766150682383582,0.05332779295377789,2.854236086494151,12.447203948752643,VAV1;DOCK2;TREM2;ARHGAP30;ARHGAP9;BCL3;PLCG2;CAPN3
GO_Biological_Process_2023,Positive Regulation Of Cellular Metabolic Process (GO:0031325),3/43,0.01288628748149174,0.05355311595476105,7.56498075136068,32.919706078381026,IL10RB;B2M;TGFBR2
GO_Biological_Process_2023,Regulation Of Lipid Metabolic Process (GO:0019216),3/43,0.01288628748149174,0.05355311595476105,7.56498075136068,32.919706078381026,PLCG2;TREM2;RNF213
GO_Biological_Process_2023,Negative Regulation Of Innate Immune Response (GO:0045824),3/43,0.01288628748149174,0.05355311595476105,7.56498075136068,32.919706078381026,USP18;ISG15;NLRC5
Reactome_2022,Anti-inflammatory Response Favoring Leishmania Infection R-HSA-9662851,5/123,0.013422879602941066,0.05559271125654943,4.0824752647427625,17.598712305379035,FGR;ADCY7;PLCG2;GPR84;GNGT2
Reactome_2022,Cellular Response To Chemical Stress R-HSA-9711123,6/170,0.013417535134678655,0.05559271125654943,3.4827992662786156,15.015019243727107,PSMB9;NCF1;CYBA;PSMB8;NCF4;NCF2
Reactome_2022,Platelet Sensitization By LDL R-HSA-432142,2/16,0.013961264822150654,0.056099320734039136,15.04725688547589,64.27388503830785,PTPN6;FGR
Reactome_2022,Activation Of IRF3/IRF7 Mediated By TBK1/IKK Epsilon R-HSA-936964,2/16,0.013961264822150654,0.056099320734039136,15.04725688547589,64.27388503830785,TLR4;IRF7
GO_Biological_Process_2023,Carboxylic Acid Catabolic Process (GO:0046395),2/16,0.013961264822150654,0.056099320734039136,15.04725688547589,64.27388503830785,RENBP;PON3
GO_Biological_Process_2023,Negative Regulation Of Receptor Signaling Pathway Via JAK-STAT (GO:0046426),2/16,0.013961264822150654,0.056099320734039136,15.04725688547589,64.27388503830785,BCL3;PARP14
GO_Biological_Process_2023,Regulation Of Megakaryocyte Differentiation (GO:0045652),2/16,0.013961264822150654,0.056099320734039136,15.04725688547589,64.27388503830785,PITHD1;RAB7B
GO_Biological_Process_2023,Positive Regulation Of NLRP3 Inflammasome Complex Assembly (GO:1900227),2/16,0.013961264822150654,0.056099320734039136,15.04725688547589,64.27388503830785,TLR4;PLCG2
GO_Biological_Process_2023,Monocyte Chemotaxis (GO:0002548),2/16,0.013961264822150654,0.056099320734039136,15.04725688547589,64.27388503830785,CCL3;CCL4
GO_Biological_Process_2023,Response To Organophosphorus (GO:0046683),2/16,0.013961264822150654,0.056099320734039136,15.04725688547589,64.27388503830785,STAT1;TLR7
GO_Biological_Process_2023,Positive Regulation Of Interleukin-17 Production (GO:0032740),2/16,0.013961264822150654,0.056099320734039136,15.04725688547589,64.27388503830785,SLAMF6;TYK2
Reactome_2022,Signaling By Cytosolic FGFR1 Fusion Mutants R-HSA-1839117,2/16,0.013961264822150654,0.056099320734039136,15.04725688547589,64.27388503830785,GAB2;STAT1
GO_Biological_Process_2023,Regulation Of Plasminogen Activation (GO:0010755),2/16,0.013961264822150654,0.056099320734039136,15.04725688547589,64.27388503830785,RUNX1;PLAUR
GO_Biological_Process_2023,Positive Regulation Of Collagen Metabolic Process (GO:0010714),2/16,0.013961264822150654,0.056099320734039136,15.04725688547589,64.27388503830785,RUNX1;VSIR
Reactome_2022,Drug ADME R-HSA-9748784,3/44,0.013715086947653091,0.056099320734039136,7.382329317269076,31.664721099401778,SLCO2B1;VAV1;PON3
GO_Biological_Process_2023,Dendritic Cell Differentiation (GO:0097028),2/16,0.013961264822150654,0.056099320734039136,15.04725688547589,64.27388503830785,TREM2;TGFBR2
GO_Biological_Process_2023,Positive Regulation Of miRNA Metabolic Process (GO:2000630),3/44,0.013715086947653091,0.056099320734039136,7.382329317269076,31.664721099401778,KLF4;SPI1;ETS1
Reactome_2022,Nicotinamide Salvaging R-HSA-197264,2/16,0.013961264822150654,0.056099320734039136,15.04725688547589,64.27388503830785,PARP10;PARP14
GO_Biological_Process_2023,Regulation Of Viral Transcription (GO:0046782),2/16,0.013961264822150654,0.056099320734039136,15.04725688547589,64.27388503830785,TRIM14;IFITM3
GO_Biological_Process_2023,Regulation Of Endothelial Cell Migration (GO:0010594),4/81,0.013793943602733316,0.056099320734039136,5.095506165958336,21.826731374443504,SP100;PIK3CG;ANXA3;ETS1
Reactome_2022,UCH Proteinases R-HSA-5689603,4/82,0.014375062291221288,0.057666572199659615,5.0303476358833965,21.340044367726478,TGFBR1;TGFBR2;PSMB8;PSMB9
Reactome_2022,Deubiquitination R-HSA-5688426,7/225,0.01488455947756961,0.05961192384828621,3.030584500448152,12.750974811664646,TGFBR1;PSMB9;IFIH1;PSMB8;USP18;USP24;TGFBR2
Reactome_2022,GPCR Ligand Binding R-HSA-500792,8/279,0.014973783150616864,0.05987046409645326,2.7690324408556455,11.633963524084399,GPNMB;CXCL16;C3AR1;CCL4;CCL3;CXCL10;GNGT2;GPR183
GO_Biological_Process_2023,Negative Regulation Of Response To Stimulus (GO:0048585),3/46,0.015461848376565293,0.0616188932839474,7.042219750339884,29.361687959654702,INPP5D;FCGR2B;KLF4
GO_Biological_Process_2023,Regulation Of Calcium Ion Transport (GO:0051924),3/46,0.015461848376565293,0.0616188932839474,7.042219750339884,29.361687959654702,CCL3;CCL4;CD84
GO_Biological_Process_2023,Regulation Of Protein Processing (GO:0070613),2/17,0.015705139713030888,0.06187723065507461,14.075775367824825,58.467494740454434,RUNX1;PLAUR
GO_Biological_Process_2023,Positive Regulation Of Macrophage Migration (GO:1905523),2/17,0.015705139713030888,0.06187723065507461,14.075775367824825,58.467494740454434,TREM2;CCL3
GO_Biological_Process_2023,Positive Regulation Of Nervous System Process (GO:0031646),2/17,0.015705139713030888,0.06187723065507461,14.075775367824825,58.467494740454434,ITGAX;CST7
Reactome_2022,Regulation Of NF-kappa B Signaling R-HSA-9758274,2/17,0.015705139713030888,0.06187723065507461,14.075775367824825,58.467494740454434,USP18;NLRC5
GO_Biological_Process_2023,Regulation Of Toll-Like Receptor Signaling Pathway (GO:0034121),2/17,0.015705139713030888,0.06187723065507461,14.075775367824825,58.467494740454434,TLR2;IRF7
GO_Biological_Process_2023,Regulation Of B Cell Differentiation (GO:0045577),2/17,0.015705139713030888,0.06187723065507461,14.075775367824825,58.467494740454434,INPP5D;SPI1
GO_Biological_Process_2023,Pyroptosis (GO:0070269),2/17,0.015705139713030888,0.06187723065507461,14.075775367824825,58.467494740454434,TREM2;CASP4
GO_Biological_Process_2023,Regulation Of MAPK Cascade (GO:0043408),6/177,0.01607827645506711,0.06324469522925101,3.3394881762228703,13.793041951378022,TGFBR1;FAS;PLCG2;PTPRC;LAPTM5;PTPN6
Reactome_2022,MHC Class II Antigen Presentation R-HSA-2132295,4/85,0.016210616274771782,0.0636620804188853,4.844465939657343,19.96931940114438,CTSE;CTSC;CTSH;CTSS
GO_Biological_Process_2023,Actin Filament Organization (GO:0007015),5/130,0.016691763396436757,0.06544573467391278,3.8534365790633562,15.771498948312281,CAPG;LCP1;GAS2L3;HCLS1;MYO1F
GO_Biological_Process_2023,Negative Regulation Of Apoptotic Process (GO:0043066),10/400,0.01680727324862226,0.06579234221678423,2.3850967121008657,9.74537053837152,FAS;IFIT3;TREM2;CLEC5A;BCL3;PLAUR;CAPN3;HCLS1;CTSH;KLF4
GO_Biological_Process_2023,Protein Catabolic Process (GO:0030163),4/86,0.016853592355349046,0.06586742133080858,4.785509522874533,19.54015156168279,CTSC;CAPN3;CTSH;CTSS
Reactome_2022,Interleukin-1 Family Signaling R-HSA-446652,5/131,0.017198154584022587,0.0671059825971428,3.822786003961143,15.531800599212113,PSMB9;NLRC5;PSMB8;USP18;PTPN6
GO_Biological_Process_2023,B Cell Differentiation (GO:0030183),3/48,0.017328226051551064,0.06750498335010342,6.732009925558312,27.301117886185825,PLCG2;PTPRC;BLNK
Reactome_2022,Regulation Of Signaling By CBL R-HSA-912631,2/18,0.017537059767236747,0.06777459244440062,13.222049185646616,53.4625484940676,VAV1;BLNK
GO_Biological_Process_2023,Response To Exogenous dsRNA (GO:0043330),2/18,0.017537059767236747,0.06777459244440062,13.222049185646616,53.4625484940676,IFIT1;IFIH1
GO_Biological_Process_2023,Regulation Of Cardiac Muscle Cell Proliferation (GO:0060043),2/18,0.017537059767236747,0.06777459244440062,13.222049185646616,53.4625484940676,RUNX1;TGFBR1
GO_Biological_Process_2023,Lymphocyte Migration (GO:0072676),2/18,0.017537059767236747,0.06777459244440062,13.222049185646616,53.4625484940676,CCL3;CCL4
GO_Biological_Process_2023,Cortical Actin Cytoskeleton Organization (GO:0030866),2/18,0.017537059767236747,0.06777459244440062,13.222049185646616,53.4625484940676,LCP1;PLEK
Reactome_2022,RAC3 GTPase Cycle R-HSA-9013423,4/88,0.018186893484342225,0.07017422970826484,4.671782943755032,18.720086917544364,NCF2;NCF4;CYBA;NCF1
GO_Biological_Process_2023,Regulation Of Synapse Assembly (GO:0051963),3/49,0.018306484951106605,0.07052355393069164,6.586911781708868,26.350940009636457,DLG5;TLR2;SETD5
GO_Biological_Process_2023,Response To Lipid (GO:0033993),4/89,0.01887742449976158,0.07260778012824304,4.616914857337728,18.328175699022033,TLR4;TREM2;CTSH;PLCG2
GO_Biological_Process_2023,Positive Regulation Of Immune Effector Process (GO:0002699),2/19,0.019454810305810644,0.0736611928427495,12.465891710003058,49.111386440264205,PTPRC;DDX60
GO_Biological_Process_2023,Mononuclear Cell Differentiation (GO:1903131),2/19,0.019454810305810644,0.0736611928427495,12.465891710003058,49.111386440264205,TREM2;IKZF1
GO_Biological_Process_2023,Negative Regulation Of Antigen Receptor-Mediated Signaling Pathway (GO:0050858),2/19,0.019454810305810644,0.0736611928427495,12.465891710003058,49.111386440264205,FCGR2B;LAPTM5
Reactome_2022,Generation Of Second Messenger Molecules R-HSA-202433,2/19,0.019454810305810644,0.0736611928427495,12.465891710003058,49.111386440264205,PLCG2;LCP2
GO_Biological_Process_2023,Ganglioside Metabolic Process (GO:0001573),2/19,0.019454810305810644,0.0736611928427495,12.465891710003058,49.111386440264205,HEXB;ST8SIA6
GO_Biological_Process_2023,Negative Regulation Of Biomineral Tissue Development (GO:0070168),2/19,0.019454810305810644,0.0736611928427495,12.465891710003058,49.111386440264205,SRGN;CCL3
GO_Biological_Process_2023,Cytosolic Pattern Recognition Receptor Signaling Pathway (GO:0002753),2/19,0.019454810305810644,0.0736611928427495,12.465891710003058,49.111386440264205,IRF7;IFIH1
GO_Biological_Process_2023,Cellular Response To Interleukin-6 (GO:0071354),2/19,0.019454810305810644,0.0736611928427495,12.465891710003058,49.111386440264205,SBNO2;SPI1
GO_Biological_Process_2023,Regulation Of Bone Mineralization (GO:0030500),3/50,0.01931487350379295,0.0736611928427495,6.447923033389927,25.449177378794108,SRGN;CCL3;ISG15
GO_Biological_Process_2023,Cell Projection Organization (GO:0030030),2/19,0.019454810305810644,0.0736611928427495,12.465891710003058,49.111386440264205,CAPG;PLEK
Reactome_2022,"PI5P, PP2A And IER3 Regulate PI3K/AKT Signaling R-HSA-6811558",4/90,0.01958400616595308,0.07403486443110299,4.56331539719597,17.947711380204577,VAV1;PIK3AP1;GAB2;CD86
KEGG_2019_Mouse,Endocytosis,7/238,0.01962060184159538,0.0740578548515583,2.858557311038749,11.237489467185394,TGFBR1;H2-Q4;H2-Q7;CYTH4;TGFBR2;H2-K1;H2-Q6
Reactome_2022,PI3K/AKT Signaling In Cancer R-HSA-2219528,4/91,0.02030673103664156,0.07652862768001407,4.510941067571737,17.578248097317218,VAV1;PIK3AP1;GAB2;CD86
GO_Biological_Process_2023,Regulation Of GTPase Activity (GO:0043087),6/187,0.02048142291152069,0.07706730760660577,3.1539338722939436,12.263242387655456,VAV1;RGS1;ARHGAP9;CCL4;CCL3;RASGRP3
KEGG_2019_Mouse,PI3K-Akt signaling pathway,8/297,0.02093537176538256,0.07863353207506804,2.5945415551633166,10.031315248320958,IL6RA;PIK3CG;TLR4;OSMR;PIK3AP1;TLR2;CSF3R;GNGT2
GO_Biological_Process_2023,Negative Regulation Of Multicellular Organismal Process (GO:0051241),6/188,0.020962461991169766,0.07863353207506804,3.136496851404184,12.122629223882502,FCGR2B;TLR4;SRGN;TREM2;GPNMB;SPI1
KEGG_2019_Mouse,TNF signaling pathway,4/92,0.0210456875107707,0.07882389442691434,4.459750338616979,17.219361897272147,ICAM1;CXCL10;FAS;BCL3
GO_Biological_Process_2023,Positive Regulation Of p38MAPK Cascade (GO:1900745),2/20,0.02145621530830541,0.0797461478610371,11.79148098848313,45.29981499275724,NCF1;SPI1
GO_Biological_Process_2023,Regulation Of miRNA Transcription (GO:1902893),3/52,0.0214221991873207,0.0797461478610371,6.1867926577603995,23.77787066413949,KLF4;SPI1;ETS1
GO_Biological_Process_2023,Positive Regulation Of Nitric Oxide Biosynthetic Process (GO:0045429),2/20,0.02145621530830541,0.0797461478610371,11.79148098848313,45.29981499275724,TLR4;KLF4
GO_Biological_Process_2023,Regulation Of Cell Junction Assembly (GO:1901888),2/20,0.02145621530830541,0.0797461478610371,11.79148098848313,45.29981499275724,SETD5;F11R
Reactome_2022,Growth Hormone Receptor Signaling R-HSA-982772,2/20,0.02145621530830541,0.0797461478610371,11.79148098848313,45.29981499275724,PTPN6;STAT1
Reactome_2022,MAPK1/MAPK3 Signaling R-HSA-5684996,7/243,0.021694876766840027,0.08050988671731002,2.7974287683717227,10.716052028649296,PSMB9;TYK2;PSMB8;ARHGAP9;APBB1IP;RASAL3;RASGRP3
Reactome_2022,CLEC7A (Dectin-1) Signaling R-HSA-5607764,4/93,0.021800959844969096,0.08078004510494657,4.409703536566237,16.87064943713194,PLCG2;PSMB8;PSMB9;NFATC1
Reactome_2022,RHO GTPase Cycle R-HSA-9012999,10/418,0.022036339498906106,0.0815277377497639,2.2779489072291415,8.690517208991851,VAV1;DLG5;DOCK2;NCF1;CYBA;ARHGAP30;ARHGAP9;EPSTI1;NCF4;NCF2
GO_Biological_Process_2023,Extracellular Matrix Organization (GO:0030198),5/140,0.022218312714508803,0.08207586751615352,3.567289143607271,13.580093413845075,TGFBR1;LCP1;EXOC8;CAPG;CTSS
GO_Biological_Process_2023,Mesodermal Cell Fate Commitment (GO:0001710),1/2,0.022656418647644946,0.08256325534209352,86.95735607675905,329.33464539235376,KLF4
Reactome_2022,Eicosanoids R-HSA-211979,1/2,0.022656418647644946,0.08256325534209352,86.95735607675905,329.33464539235376,TBXAS1
GO_Biological_Process_2023,Positive Regulation Of Podosome Assembly (GO:0071803),1/2,0.022656418647644946,0.08256325534209352,86.95735607675905,329.33464539235376,LCP1
GO_Biological_Process_2023,Antigen Processing And Presentation Of Endogenous Peptide Antigen Via MHC Class I Via ER Pathway (GO:0002484),1/2,0.022656418647644946,0.08256325534209352,86.95735607675905,329.33464539235376,ULBP1
GO_Biological_Process_2023,Positive Regulation Of Humoral Immune Response (GO:0002922),1/2,0.022656418647644946,0.08256325534209352,86.95735607675905,329.33464539235376,FCGR2B
GO_Biological_Process_2023,"Antigen Processing And Presentation Of Endogenous Peptide Antigen Via MHC Class I Via ER Pathway, TAP-independent (GO:0002486)",1/2,0.022656418647644946,0.08256325534209352,86.95735607675905,329.33464539235376,ULBP1
GO_Biological_Process_2023,Peripheral Nervous System Neuron Development (GO:0048935),1/2,0.022656418647644946,0.08256325534209352,86.95735607675905,329.33464539235376,RUNX1
GO_Biological_Process_2023,Antigen Processing And Presentation Of Endogenous Peptide Antigen Via MHC Class Ib (GO:0002476),1/2,0.022656418647644946,0.08256325534209352,86.95735607675905,329.33464539235376,ULBP1
GO_Biological_Process_2023,Antigen Processing And Presentation Of Peptide Antigen Via MHC Class Ib (GO:0002428),1/2,0.022656418647644946,0.08256325534209352,86.95735607675905,329.33464539235376,ULBP1
GO_Biological_Process_2023,Positive Regulation Of Multicellular Organismal Process (GO:0051240),8/302,0.022853842851060395,0.08315783598129473,2.5498572734565945,9.634982484501897,TGFBR1;PIK3CG;FGR;ITGAX;TREM2;UCP2;LCP1;TGFBR2
GO_Biological_Process_2023,Negative Regulation Of Ossification (GO:0030279),2/21,0.02353913682556337,0.08463627418613674,11.186240597375502,41.938232227403724,SRGN;CCL3
Reactome_2022,Antimicrobial Peptides R-HSA-6803157,2/21,0.02353913682556337,0.08463627418613674,11.186240597375502,41.938232227403724,TLR2;TLR1
GO_Biological_Process_2023,Myeloid Cell Development (GO:0061515),2/21,0.02353913682556337,0.08463627418613674,11.186240597375502,41.938232227403724,NRROS;TLR2
Reactome_2022,TRAF6 Mediated Induction Of NFkB And MAP Kinases Upon TLR7/8 Or 9 Activation R-HSA-975138,4/95,0.023360768495815955,0.08463627418613674,4.3128916899762775,16.202228237533138,TLR4;USP18;NLRC5;TLR7
GO_Biological_Process_2023,Apoptotic Cell Clearance (GO:0043277),2/21,0.02353913682556337,0.08463627418613674,11.186240597375502,41.938232227403724,TREM2;TYROBP
GO_Biological_Process_2023,Positive Regulation Of Nitric Oxide Metabolic Process (GO:1904407),2/21,0.02353913682556337,0.08463627418613674,11.186240597375502,41.938232227403724,TLR4;KLF4
GO_Biological_Process_2023,Regulation Of Myeloid Cell Differentiation (GO:0045637),2/21,0.02353913682556337,0.08463627418613674,11.186240597375502,41.938232227403724,FES;SPI1
GO_Biological_Process_2023,Artery Development (GO:0060840),2/21,0.02353913682556337,0.08463627418613674,11.186240597375502,41.938232227403724,TGFBR1;TGFBR2
GO_Biological_Process_2023,Regulation Of Extrinsic Apoptotic Signaling Pathway (GO:2001236),3/55,0.02480978776998872,0.08907301023337666,5.832401433691756,21.55957125767648,SP100;TGFBR1;TLR4
Reactome_2022,Negative Regulation Of PI3K/AKT Network R-HSA-199418,4/97,0.02498674878057151,0.08957583351616995,4.220221526662893,15.570125997824354,VAV1;PIK3AP1;GAB2;CD86
GO_Biological_Process_2023,Regulation Of Chemotaxis (GO:0050920),2/22,0.02570147440076729,0.09159688453841734,10.640048049302763,38.955417537098526,TREM2;GPR183
GO_Biological_Process_2023,Positive Regulation Of Neuron Apoptotic Process (GO:0043525),2/22,0.02570147440076729,0.09159688453841734,10.640048049302763,38.955417537098526,CCL3;TYROBP
GO_Biological_Process_2023,Glial Cell Development (GO:0021782),2/22,0.02570147440076729,0.09159688453841734,10.640048049302763,38.955417537098526,NRROS;TLR2
Reactome_2022,Cell Recruitment (Pro-Inflammatory Response) R-HSA-9664424,2/22,0.02570147440076729,0.09159688453841734,10.640048049302763,38.955417537098526,ENTPD1;C3AR1
GO_Biological_Process_2023,Fat Cell Differentiation (GO:0045444),3/56,0.025999377613696747,0.09252271183056011,5.723103205707969,20.88751064104285,CEBPA;PSMB8;KLF4
Reactome_2022,MyD88-independent TLR4 Cascade R-HSA-166166,4/99,0.026679427300425298,0.0948037628962404,4.131432836158448,14.971744623999392,TLR4;USP18;NLRC5;IRF7
GO_Biological_Process_2023,Negative Regulation Of Intracellular Signal Transduction (GO:1902532),6/199,0.026766166491263,0.09497293285715687,2.956584643619147,10.704659538669691,DLG5;PLEK;TREM2;PLAUR;SPI1;STAT1
GO_Biological_Process_2023,Positive Regulation Of Calcium Ion Transport (GO:0051928),2/23,0.027941164498651944,0.09757295861615578,10.14466411035307,36.29410064359261,CCL3;CCL4
GO_Biological_Process_2023,Positive Regulation Of Leukocyte Cell-Cell Adhesion (GO:1903039),2/23,0.027941164498651944,0.09757295861615578,10.14466411035307,36.29410064359261,ITGB2;ETS1
Reactome_2022,G Beta:Gamma Signaling Thru PI3Kgamma R-HSA-392451,2/23,0.027941164498651944,0.09757295861615578,10.14466411035307,36.29410064359261,PIK3CG;GNGT2
Reactome_2022,NOTCH3 Intracellular Domain Regulates Transcription R-HSA-9013508,2/23,0.027941164498651944,0.09757295861615578,10.14466411035307,36.29410064359261,IKZF1;STAT1
GO_Biological_Process_2023,Plasma Membrane Invagination (GO:0099024),2/23,0.027941164498651944,0.09757295861615578,10.14466411035307,36.29410064359261,ITGB2;FCGR2B
GO_Biological_Process_2023,Positive Regulation Of Erythrocyte Differentiation (GO:0045648),2/23,0.027941164498651944,0.09757295861615578,10.14466411035307,36.29410064359261,STAT1;ETS1
GO_Biological_Process_2023,Regulation Of Cell Size (GO:0008361),2/23,0.027941164498651944,0.09757295861615578,10.14466411035307,36.29410064359261,VAV1;PLEK
GO_Biological_Process_2023,Heterotypic Cell-Cell Adhesion (GO:0034113),2/23,0.027941164498651944,0.09757295861615578,10.14466411035307,36.29410064359261,ITGAX;ITGB2
GO_Biological_Process_2023,Carboxylic Acid Metabolic Process (GO:0019752),2/23,0.027941164498651944,0.09757295861615578,10.14466411035307,36.29410064359261,TBXAS1;PON3
GO_Biological_Process_2023,Response To Purine-Containing Compound (GO:0014074),2/23,0.027941164498651944,0.09757295861615578,10.14466411035307,36.29410064359261,STAT1;TLR7
GO_Biological_Process_2023,Cell Morphogenesis Involved In Differentiation (GO:0000904),2/23,0.027941164498651944,0.09757295861615578,10.14466411035307,36.29410064359261,SPI1;SIPA1
Reactome_2022,Platelet Degranulation R-HSA-114608,4/101,0.028439266154213206,0.09916968240844175,4.046286758597773,14.40471805284095,PROS1;PLEK;LGALS3BP;SRGN
KEGG_2019_Mouse,Ras signaling pathway,6/204,0.0297246246014539,0.10343893023406063,2.8813980672033717,10.130360156709342,ETS1;PLCG2;GAB2;RASAL3;GNGT2;RASGRP3
GO_Biological_Process_2023,Phosphatidylinositol-Mediated Signaling (GO:0048015),3/59,0.029748814710908247,0.10343893023406063,5.418422304691217,19.045570117382063,PLCG2;PIK3CG;GAB2
GO_Biological_Process_2023,Negative Regulation Of Cellular Process (GO:0048523),10/440,0.029925005533156652,0.10390270161512331,2.159158509545184,7.576618578892142,CEBPA;DLG5;BST2;IFIT3;ETS1;TREM2;GPNMB;SCGB3A1;SIPA1;PTPN6
GO_Biological_Process_2023,Hematopoietic Progenitor Cell Differentiation (GO:0002244),2/24,0.030256179942767386,0.10449102822320151,9.693314299310016,33.90774480397664,PTPRC;PLEK
Reactome_2022,Role Of Nef In HIV-1 Replication And Disease Pathogenesis R-HSA-164952,2/24,0.030256179942767386,0.10449102822320151,9.693314299310016,33.90774480397664,B2M;DOCK2
GO_Biological_Process_2023,Positive Regulation Of B Cell Proliferation (GO:0030890),2/24,0.030256179942767386,0.10449102822320151,9.693314299310016,33.90774480397664,PTPRC;GPR183
Reactome_2022,Cell-Cell Communication R-HSA-1500931,4/103,0.03026666371689768,0.10449102822320151,3.9645636389289862,13.86688746095217,F11R;FBLIM1;PTPN6;TYROBP
Reactome_2022,Response To Elevated Platelet Cytosolic Ca2+ R-HSA-76005,4/105,0.03216195550133358,0.1108765142070122,3.8860611348136485,13.356279545555532,PROS1;PLEK;LGALS3BP;SRGN
GO_Biological_Process_2023,Positive Regulation Of Release Of Sequestered Calcium Ion Into Cytosol (GO:0051281),2/25,0.032644529360684904,0.11096396744871466,9.280377238142968,31.758174697941456,CXCL10;CAPN3
GO_Biological_Process_2023,Ventricular Septum Morphogenesis (GO:0060412),2/25,0.032644529360684904,0.11096396744871466,9.280377238142968,31.758174697941456,TGFBR1;TGFBR2
Reactome_2022,Nicotinate Metabolism R-HSA-196807,2/25,0.032644529360684904,0.11096396744871466,9.280377238142968,31.758174697941456,PARP10;PARP14
GO_Biological_Process_2023,Phosphatidylinositol Metabolic Process (GO:0046488),3/61,0.03239836390567223,0.11096396744871466,5.232662439114052,17.946186889715456,PLCG2;INPP5D;PLEK
GO_Biological_Process_2023,Regulation Of Postsynapse Organization (GO:0099175),2/25,0.032644529360684904,0.11096396744871466,9.280377238142968,31.758174697941456,FCGR2B;ABI3
Reactome_2022,FGFR1 Mutant Receptor Activation R-HSA-1839124,2/25,0.032644529360684904,0.11096396744871466,9.280377238142968,31.758174697941456,GAB2;STAT1
GO_Biological_Process_2023,Regulation Of Osteoclast Differentiation (GO:0045670),2/25,0.032644529360684904,0.11096396744871466,9.280377238142968,31.758174697941456,TLR4;CCL3
KEGG_2019_Mouse,Primary immunodeficiency,2/25,0.032644529360684904,0.11096396744871466,9.280377238142968,31.758174697941456,PTPRC;BLNK
GO_Biological_Process_2023,Positive Regulation Of Immunoglobulin Production (GO:0002639),2/25,0.032644529360684904,0.11096396744871466,9.280377238142968,31.758174697941456,PTPRC;CD86
GO_Biological_Process_2023,"Phagocytosis, Engulfment (GO:0006911)",2/25,0.032644529360684904,0.11096396744871466,9.280377238142968,31.758174697941456,ITGB2;FCGR2B
GO_Biological_Process_2023,Regulation Of T Cell Activation Via T Cell Receptor Contact With Antigen Bound To MHC Molecule On Antigen Presenting Cell (GO:2001188),1/3,0.03379221218062936,0.1115832638944047,52.171855010660984,176.73345854856973,HAVCR2
GO_Biological_Process_2023,TRAIL-activated Apoptotic Signaling Pathway (GO:0036462),1/3,0.03379221218062936,0.1115832638944047,52.171855010660984,176.73345854856973,SPI1
Reactome_2022,CD22 Mediated BCR Regulation R-HSA-5690714,1/3,0.03379221218062936,0.1115832638944047,52.171855010660984,176.73345854856973,PTPN6
GO_Biological_Process_2023,T Cell Mediated Cytotoxicity (GO:0001913),1/3,0.03379221218062936,0.1115832638944047,52.171855010660984,176.73345854856973,CTSH
GO_Biological_Process_2023,Leukotriene D4 Biosynthetic Process (GO:1901750),1/3,0.03379221218062936,0.1115832638944047,52.171855010660984,176.73345854856973,GGTA1
GO_Biological_Process_2023,Mesenchymal Cell Differentiation Involved In Kidney Development (GO:0072161),1/3,0.03379221218062936,0.1115832638944047,52.171855010660984,176.73345854856973,STAT1
GO_Biological_Process_2023,Positive Regulation Of Toll-Like Receptor 7 Signaling Pathway (GO:0034157),1/3,0.03379221218062936,0.1115832638944047,52.171855010660984,176.73345854856973,RSAD2
GO_Biological_Process_2023,Zymogen Inhibition (GO:0097341),1/3,0.03379221218062936,0.1115832638944047,52.171855010660984,176.73345854856973,CST7
GO_Biological_Process_2023,Interleukin-27-Mediated Signaling Pathway (GO:0070106),1/3,0.03379221218062936,0.1115832638944047,52.171855010660984,176.73345854856973,STAT1
GO_Biological_Process_2023,Positive Regulation Of Interleukin-23 Production (GO:0032747),1/3,0.03379221218062936,0.1115832638944047,52.171855010660984,176.73345854856973,PLCG2
GO_Biological_Process_2023,Detection Of Chemical Stimulus Involved In Sensory Perception Of Bitter Taste (GO:0001580),1/3,0.03379221218062936,0.1115832638944047,52.171855010660984,176.73345854856973,RTP4
GO_Biological_Process_2023,Negative Regulation Of Production Of Molecular Mediator Of Immune Response (GO:0002701),1/3,0.03379221218062936,0.1115832638944047,52.171855010660984,176.73345854856973,FCGR2B
GO_Biological_Process_2023,"Positive Regulation Of CD8-positive, Alpha-Beta T Cell Activation (GO:2001187)",1/3,0.03379221218062936,0.1115832638944047,52.171855010660984,176.73345854856973,RUNX1
GO_Biological_Process_2023,Regulation Of Toll-Like Receptor 7 Signaling Pathway (GO:0034155),1/3,0.03379221218062936,0.1115832638944047,52.171855010660984,176.73345854856973,RSAD2
GO_Biological_Process_2023,"Negative Regulation Of CD4-positive, Alpha-Beta T Cell Proliferation (GO:2000562)",1/3,0.03379221218062936,0.1115832638944047,52.171855010660984,176.73345854856973,VSIR
Reactome_2022,Interleukin-1 Signaling R-HSA-9020702,4/106,0.03313514961501504,0.1115832638944047,3.8479586998893747,13.110613419434348,PSMB9;USP18;PSMB8;NLRC5
GO_Biological_Process_2023,Positive Regulation Of Microglial Cell Activation (GO:1903980),1/3,0.03379221218062936,0.1115832638944047,52.171855010660984,176.73345854856973,TREM2
GO_Biological_Process_2023,Sensory Perception Of Bitter Taste (GO:0050913),1/3,0.03379221218062936,0.1115832638944047,52.171855010660984,176.73345854856973,RTP4
GO_Biological_Process_2023,Negative Regulation Of Blood Vessel Morphogenesis (GO:2000181),3/62,0.03376786827960952,0.1115832638944047,5.144465528146743,17.43071254221996,CXCL10;KLF4;STAT1
GO_Biological_Process_2023,Positive Regulation Of Monocyte Chemotactic Protein-1 Production (GO:0071639),1/3,0.03379221218062936,0.1115832638944047,52.171855010660984,176.73345854856973,CD84
Reactome_2022,Transcriptional Regulation By RUNX2 R-HSA-8878166,4/106,0.03313514961501504,0.1115832638944047,3.8479586998893747,13.110613419434348,RUNX1;PSMB8;PSMB9;STAT1
GO_Biological_Process_2023,Regulation Of Extrinsic Apoptotic Signaling Pathway Via Death Domain Receptors (GO:1902041),2/26,0.03510425663703965,0.11405358883279147,8.90114932482629,29.813802255325935,SP100;ICAM1
Reactome_2022,Synthesis Of IP3 And IP4 In Cytosol R-HSA-1855204,2/26,0.03510425663703965,0.11405358883279147,8.90114932482629,29.813802255325935,PLCG2;INPP5D
GO_Biological_Process_2023,Positive Regulation Of Receptor Signaling Pathway Via JAK-STAT (GO:0046427),2/26,0.03510425663703965,0.11405358883279147,8.90114932482629,29.813802255325935,IL10RB;TYK2
GO_Biological_Process_2023,Cortical Cytoskeleton Organization (GO:0030865),2/26,0.03510425663703965,0.11405358883279147,8.90114932482629,29.813802255325935,LCP1;PLEK
GO_Biological_Process_2023,Regulation Of Plasma Membrane Bounded Cell Projection Organization (GO:0120035),2/26,0.03510425663703965,0.11405358883279147,8.90114932482629,29.813802255325935,TREM2;FCGR2B
Reactome_2022,Signaling By ALK R-HSA-201556,2/26,0.03510425663703965,0.11405358883279147,8.90114932482629,29.813802255325935,CD274;PTPN6
KEGG_2019_Mouse,Starch and sucrose metabolism,2/26,0.03510425663703965,0.11405358883279147,8.90114932482629,29.813802255325935,HK2;HK3
Reactome_2022,Downregulation Of TGF-beta Receptor Signaling R-HSA-2173788,2/26,0.03510425663703965,0.11405358883279147,8.90114932482629,29.813802255325935,TGFBR1;TGFBR2
GO_Biological_Process_2023,Positive Regulation Of Receptor Signaling Pathway Via STAT (GO:1904894),2/26,0.03510425663703965,0.11405358883279147,8.90114932482629,29.813802255325935,IL10RB;TYK2
GO_Biological_Process_2023,Regulation Of Programmed Cell Death (GO:0043067),5/158,0.0348982572421385,0.11405358883279147,3.146177054554961,10.556425719200803,FAS;BCL3;CXCL10;PTPN6;STAT1
GO_Biological_Process_2023,Receptor Signaling Pathway Via STAT (GO:0097696),2/26,0.03510425663703965,0.11405358883279147,8.90114932482629,29.813802255325935,TYK2;STAT1
KEGG_2019_Mouse,African trypanosomiasis,2/26,0.03510425663703965,0.11405358883279147,8.90114932482629,29.813802255325935,ICAM1;FAS
Reactome_2022,Regulation Of RAS By GAPs R-HSA-5658442,3/64,0.03659581981094594,0.11874071481439276,4.976676282891861,16.461955602302552,RASAL3;PSMB8;PSMB9
KEGG_2019_Mouse,Galactose metabolism,2/27,0.03763344037430407,0.12145792525057976,8.55166477725994,28.04828249628263,HK2;HK3
GO_Biological_Process_2023,Receptor Signaling Pathway Via JAK-STAT (GO:0007259),2/27,0.03763344037430407,0.12145792525057976,8.55166477725994,28.04828249628263,TYK2;STAT1
GO_Biological_Process_2023,Establishment Of Endothelial Barrier (GO:0061028),2/27,0.03763344037430407,0.12145792525057976,8.55166477725994,28.04828249628263,ICAM1;F11R
GO_Biological_Process_2023,Positive Regulation Of Epidermal Growth Factor Receptor Signaling Pathway (GO:0045742),2/27,0.03763344037430407,0.12145792525057976,8.55166477725994,28.04828249628263,PLAUR;NCF1
GO_Biological_Process_2023,Transforming Growth Factor Beta Receptor Signaling Pathway (GO:0007179),3/65,0.03805403084171947,0.12248956611784237,4.8968086021505375,16.00643462178673,TGFBR1;TGFBR2;NRROS
GO_Biological_Process_2023,Positive Regulation Of Protein Secretion (GO:0050714),3/65,0.03805403084171947,0.12248956611784237,4.8968086021505375,16.00643462178673,TLR4;TREM2;TLR2
GO_Biological_Process_2023,Regulation Of Small GTPase Mediated Signal Transduction (GO:0051056),4/111,0.03825762856314438,0.12298180731490253,3.668079762921292,11.970456612161252,VAV1;DOCK2;ARHGAP30;ARHGAP9
GO_Biological_Process_2023,Receptor-Mediated Endocytosis (GO:0006898),4/112,0.03933354692025934,0.12627317245432462,3.6340934199918387,11.758754359293317,ITGB2;FCER1G;FCGR2B;CXCL16
Reactome_2022,MAPK Family Signaling Cascades R-HSA-5683057,7/277,0.03992589369269067,0.1280054742300664,2.4416855082370357,7.864010257341612,PSMB9;TYK2;PSMB8;ARHGAP9;APBB1IP;RASAL3;RASGRP3
GO_Biological_Process_2023,Artery Morphogenesis (GO:0048844),2/28,0.04023019336118862,0.12847194643105891,8.228556421962749,26.439483100332875,TGFBR1;TGFBR2
GO_Biological_Process_2023,Negative Regulation Of G1/S Transition Of Mitotic Cell Cycle (GO:2000134),2/28,0.04023019336118862,0.12847194643105891,8.228556421962749,26.439483100332875,GPNMB;KLF4
GO_Biological_Process_2023,Response To Peptide (GO:1901652),2/28,0.04023019336118862,0.12847194643105891,8.228556421962749,26.439483100332875,IRF5;STAT1
Reactome_2022,Signaling By NOTCH R-HSA-157118,5/165,0.040827784508941756,0.13020897897924,3.0079199356674167,9.620508371764725,IKZF1;PSMB9;PSMB8;RUNX1;STAT1
GO_Biological_Process_2023,Positive Regulation Of Response To Stimulus (GO:0048584),3/67,0.04105826347779054,0.1306007935263403,4.744502792364758,15.148073730801078,RSAD2;FCGR2B;IFIH1
GO_Biological_Process_2023,Actomyosin Structure Organization (GO:0031032),3/67,0.04105826347779054,0.1306007935263403,4.744502792364758,15.148073730801078,EPB41L2;F11R;CAPN3
GO_Biological_Process_2023,Glucose Homeostasis (GO:0042593),3/68,0.04260399456824397,0.1351632611988603,4.671837806779939,14.74341967236114,CEBPA;HK2;HK3
Reactome_2022,Regulation Of RUNX2 Expression And Activity R-HSA-8939902,3/68,0.04260399456824397,0.1351632611988603,4.671837806779939,14.74341967236114,PSMB8;PSMB9;STAT1
Reactome_2022,Translation Of Structural Proteins R-HSA-9683701,2/29,0.042892662048566316,0.13537124940425285,7.928946856141717,24.968685900472618,PARP10;PARP14
KEGG_2019_Mouse,Prion diseases,2/29,0.042892662048566316,0.13537124940425285,7.928946856141717,24.968685900472618,C1QC;C1QA
GO_Biological_Process_2023,Negative Regulation Of Endocytosis (GO:0045806),2/29,0.042892662048566316,0.13537124940425285,7.928946856141717,24.968685900472618,FCGR2B;TLR2
GO_Biological_Process_2023,Platelet Aggregation (GO:0070527),2/29,0.042892662048566316,0.13537124940425285,7.928946856141717,24.968685900472618,PIK3CG;PLEK
GO_Biological_Process_2023,Regulation Of Neutrophil Activation (GO:1902563),1/4,0.04480165894835395,0.13574734864875784,37.26378312519037,115.72305523770106,FCGR2B
GO_Biological_Process_2023,Response To Peptidoglycan (GO:0032494),1/4,0.04480165894835395,0.13574734864875784,37.26378312519037,115.72305523770106,IRF5
GO_Biological_Process_2023,Cell Junction Disassembly (GO:0150146),1/4,0.04480165894835395,0.13574734864875784,37.26378312519037,115.72305523770106,C1QC
GO_Biological_Process_2023,Triglyceride-Rich Lipoprotein Particle Remodeling (GO:0034370),1/4,0.04480165894835395,0.13574734864875784,37.26378312519037,115.72305523770106,LCP1
GO_Biological_Process_2023,Positive Regulation Of I-kappaB Phosphorylation (GO:1903721),1/4,0.04480165894835395,0.13574734864875784,37.26378312519037,115.72305523770106,PLCG2
GO_Biological_Process_2023,Hemostasis (GO:0007599),1/4,0.04480165894835395,0.13574734864875784,37.26378312519037,115.72305523770106,FLI1
GO_Biological_Process_2023,Positive Regulation Of Receptor Binding (GO:1900122),1/4,0.04480165894835395,0.13574734864875784,37.26378312519037,115.72305523770106,B2M
GO_Biological_Process_2023,Negative Regulation Of Toll-Like Receptor 2 Signaling Pathway (GO:0034136),1/4,0.04480165894835395,0.13574734864875784,37.26378312519037,115.72305523770106,TREM2
GO_Biological_Process_2023,Regulation Of MHC Class I Biosynthetic Process (GO:0045343),1/4,0.04480165894835395,0.13574734864875784,37.26378312519037,115.72305523770106,NLRC5
GO_Biological_Process_2023,Receptor-Mediated Virion Attachment To Host Cell (GO:0046813),1/4,0.04480165894835395,0.13574734864875784,37.26378312519037,115.72305523770106,ICAM1
GO_Biological_Process_2023,Regulation Of Leukocyte Mediated Cytotoxicity (GO:0001910),1/4,0.04480165894835395,0.13574734864875784,37.26378312519037,115.72305523770106,ICAM1
GO_Biological_Process_2023,Hydrogen Peroxide Biosynthetic Process (GO:0050665),1/4,0.04480165894835395,0.13574734864875784,37.26378312519037,115.72305523770106,CYBA
GO_Biological_Process_2023,Humoral Immune Response Mediated By Circulating Immunoglobulin (GO:0002455),1/4,0.04480165894835395,0.13574734864875784,37.26378312519037,115.72305523770106,C1QC
GO_Biological_Process_2023,Response To Vitamin D (GO:0033280),1/4,0.04480165894835395,0.13574734864875784,37.26378312519037,115.72305523770106,FES
GO_Biological_Process_2023,Positive Regulation Of Interleukin-18 Production (GO:0032741),1/4,0.04480165894835395,0.13574734864875784,37.26378312519037,115.72305523770106,TLR2
GO_Biological_Process_2023,Positive Regulation Of Toll-Like Receptor 2 Signaling Pathway (GO:0034137),1/4,0.04480165894835395,0.13574734864875784,37.26378312519037,115.72305523770106,TLR1
GO_Biological_Process_2023,Negative Regulation Of B Cell Receptor Signaling Pathway (GO:0050859),1/4,0.04480165894835395,0.13574734864875784,37.26378312519037,115.72305523770106,FCGR2B
GO_Biological_Process_2023,Negative Regulation Of Angiogenesis (GO:0016525),3/69,0.04417859447033213,0.13574734864875784,4.601358234295416,14.354005550060243,CXCL10;KLF4;STAT1
Reactome_2022,Intracellular Signaling By Second Messengers R-HSA-9006925,7/283,0.04394211511006633,0.13574734864875784,2.3879891263488195,7.462184420665003,VAV1;PSMB9;ADCY7;PSMB8;PIK3AP1;GAB2;CD86
GO_Biological_Process_2023,Positive Regulation Of Natural Killer Cell Proliferation (GO:0032819),1/4,0.04480165894835395,0.13574734864875784,37.26378312519037,115.72305523770106,TYK2
GO_Biological_Process_2023,Antifungal Innate Immune Response (GO:0061760),1/4,0.04480165894835395,0.13574734864875784,37.26378312519037,115.72305523770106,PLCG2
GO_Biological_Process_2023,Regulation Of Osteoclast Development (GO:2001204),1/4,0.04480165894835395,0.13574734864875784,37.26378312519037,115.72305523770106,TYROBP
Reactome_2022,Fatty Acid Cycling Model R-HSA-167826,1/4,0.04480165894835395,0.13574734864875784,37.26378312519037,115.72305523770106,UCP2
Reactome_2022,RUNX1 Regulates Transcription Of Genes Involved In Interleukin Signaling R-HSA-8939247,1/4,0.04480165894835395,0.13574734864875784,37.26378312519037,115.72305523770106,RUNX1
GO_Biological_Process_2023,Cellular Response To Zinc Ion (GO:0071294),1/4,0.04480165894835395,0.13574734864875784,37.26378312519037,115.72305523770106,HVCN1
GO_Biological_Process_2023,Inhibition Of Cysteine-Type Endopeptidase Activity (GO:0097340),1/4,0.04480165894835395,0.13574734864875784,37.26378312519037,115.72305523770106,CST7
GO_Biological_Process_2023,Chemokine (C-X-C Motif) Ligand 12 Signaling Pathway (GO:0038146),1/4,0.04480165894835395,0.13574734864875784,37.26378312519037,115.72305523770106,TREM2
GO_Biological_Process_2023,Very-Low-Density Lipoprotein Particle Remodeling (GO:0034372),1/4,0.04480165894835395,0.13574734864875784,37.26378312519037,115.72305523770106,LCP1
Reactome_2022,Activation Of C3 And C5 R-HSA-174577,1/4,0.04480165894835395,0.13574734864875784,37.26378312519037,115.72305523770106,C4B
GO_Biological_Process_2023,Regulation Of Protein Kinase B Signaling (GO:0051896),4/116,0.04380887157939918,0.13574734864875784,3.5041900647948165,10.960822454230993,HCLS1;TGFBR1;CCL3;PIK3CG
GO_Biological_Process_2023,Toll-Like Receptor 3 Signaling Pathway (GO:0034138),1/4,0.04480165894835395,0.13574734864875784,37.26378312519037,115.72305523770106,UNC93B1
GO_Biological_Process_2023,Positive Regulation Of Lipoprotein Particle Clearance (GO:0010986),1/4,0.04480165894835395,0.13574734864875784,37.26378312519037,115.72305523770106,TREM2
KEGG_2019_Mouse,Intestinal immune network for IgA production,2/30,0.04561902603282098,0.13736647168940017,7.65036252300988,23.619961915748526,H2-OB;CD86
GO_Biological_Process_2023,Negative Regulation Of Cell Cycle G1/S Phase Transition (GO:1902807),2/30,0.04561902603282098,0.13736647168940017,7.65036252300988,23.619961915748526,GPNMB;KLF4
Reactome_2022,G-protein Beta:Gamma Signaling R-HSA-397795,2/30,0.04561902603282098,0.13736647168940017,7.65036252300988,23.619961915748526,PIK3CG;GNGT2
Reactome_2022,Downregulation Of SMAD2/3:SMAD4 Transcriptional Activity R-HSA-2173795,2/30,0.04561902603282098,0.13736647168940017,7.65036252300988,23.619961915748526,TGIF1;STAT1
GO_Biological_Process_2023,Negative Regulation Of Sequestering Of Calcium Ion (GO:0051283),2/30,0.04561902603282098,0.13736647168940017,7.65036252300988,23.619961915748526,PLCG2;PTPRC
GO_Biological_Process_2023,Calcium-Mediated Signaling (GO:0019722),3/70,0.04578189733175166,0.13751567428732833,4.532966945440064,13.979065002758864,PLCG2;PTPRC;CCL3
KEGG_2019_Mouse,Adherens junction,3/70,0.04578189733175166,0.13751567428732833,4.532966945440064,13.979065002758864,TGFBR1;TGFBR2;PTPN6
GO_Biological_Process_2023,Adenylate Cyclase-Modulating G Protein-Coupled Receptor Signaling Pathway (GO:0007188),4/118,0.046149478126711135,0.13827751038707153,3.4426419685551792,10.589117865284397,RGS1;CXCL10;ADCY7;ADGRL4
KEGG_2019_Mouse,Relaxin signaling pathway,4/118,0.046149478126711135,0.13827751038707153,3.4426419685551792,10.589117865284397,TGFBR1;TGFBR2;GNGT2;ADCY7
Reactome_2022,Host Interactions Of HIV Factors R-HSA-162909,4/119,0.047345481801253315,0.14168617056922542,3.412667246360551,10.409603907147337,B2M;DOCK2;PSMB8;PSMB9
Reactome_2022,Signaling By FGFR1 In Disease R-HSA-5655302,2/31,0.048407497546517915,0.14415336999435457,7.39066526331071,22.37967769111996,GAB2;STAT1
GO_Biological_Process_2023,"DNA Damage Response, Signal Transduction By P53 Class Mediator (GO:0030330)",2/31,0.048407497546517915,0.14415336999435457,7.39066526331071,22.37967769111996,SP100;BCL3
GO_Biological_Process_2023,Inositol Lipid-Mediated Signaling (GO:0048017),2/31,0.048407497546517915,0.14415336999435457,7.39066526331071,22.37967769111996,PLCG2;GAB2
GO_Biological_Process_2023,Zymogen Activation (GO:0031638),2/31,0.048407497546517915,0.14415336999435457,7.39066526331071,22.37967769111996,CTSH;VSIR
KEGG_2019_Mouse,Inositol phosphate metabolism,3/72,0.049073910240603424,0.14595879920826532,4.402088651659318,13.269778167797979,PLCG2;INPP5D;PIK3CG
GO_Biological_Process_2023,Positive Regulation Of Apoptotic Process (GO:0043065),6/231,0.04937835231069909,0.14668453005883317,2.533005811341536,7.619897414226329,IRF5;TGFBR1;FAS;CTSS;CCL3;CTSH
Reactome_2022,CD28 Co-Stimulation R-HSA-389356,2/32,0.05125632095629936,0.15060422634496193,7.147997332116404,21.23610202105403,VAV1;CD86
GO_Biological_Process_2023,Regulation Of Nitric Oxide Biosynthetic Process (GO:0045428),2/32,0.05125632095629936,0.15060422634496193,7.147997332116404,21.23610202105403,TLR4;KLF4
KEGG_2019_Mouse,Apelin signaling pathway,4/122,0.051036071932528806,0.15060422634496193,3.3257784946824507,9.89493135153626,TGFBR1;ADCY7;PIK3CG;GNGT2
GO_Biological_Process_2023,Aortic Valve Morphogenesis (GO:0003180),2/32,0.05125632095629936,0.15060422634496193,7.147997332116404,21.23610202105403,TGFBR2;NFATC1
GO_Biological_Process_2023,Protein Destabilization (GO:0031648),2/32,0.05125632095629936,0.15060422634496193,7.147997332116404,21.23610202105403,CTSH;CAPN3
KEGG_2019_Mouse,Fructose and mannose metabolism,2/32,0.05125632095629936,0.15060422634496193,7.147997332116404,21.23610202105403,HK2;HK3
Reactome_2022,Platelet Homeostasis R-HSA-418346,3/73,0.0507622511392386,0.15060422634496193,4.339434149317471,12.934127355966734,PTPN6;GNGT2;FGR
KEGG_2019_Mouse,Carbohydrate digestion and absorption,2/32,0.05125632095629936,0.15060422634496193,7.147997332116404,21.23610202105403,HK2;HK3
GO_Biological_Process_2023,Release Of Sequestered Calcium Ion Into Cytosol (GO:0051209),2/32,0.05125632095629936,0.15060422634496193,7.147997332116404,21.23610202105403,PLCG2;PTPRC
GO_Biological_Process_2023,"CD4-positive, Alpha-Beta T Cell Activation (GO:0035710)",1/5,0.05568618642481891,0.15117491549556542,28.981520966595593,83.69930383195849,RSAD2
Reactome_2022,PTK6 Promotes HIF1A Stabilization R-HSA-8857538,1/5,0.05568618642481891,0.15117491549556542,28.981520966595593,83.69930383195849,GPNMB
KEGG_2019_Mouse,Pancreatic cancer,3/74,0.05247855724405807,0.15117491549556542,4.278532220467705,12.61033461948076,TGFBR1;TGFBR2;STAT1
GO_Biological_Process_2023,Regulation Of Transforming Growth Factor Beta1 Production (GO:0032908),1/5,0.05568618642481891,0.15117491549556542,28.981520966595593,83.69930383195849,TYROBP
GO_Biological_Process_2023,Negative Regulation Of Mitotic Cell Cycle Phase Transition (GO:1901991),2/33,0.054163772267906446,0.15117491549556542,6.9207368886169744,20.179090154174837,GPNMB;KLF4
GO_Biological_Process_2023,"Regulation Of CD8-positive, Alpha-Beta T Cell Differentiation (GO:0043376)",1/5,0.05568618642481891,0.15117491549556542,28.981520966595593,83.69930383195849,RUNX1
GO_Biological_Process_2023,Regulation Of MDA-5 Signaling Pathway (GO:0039533),1/5,0.05568618642481891,0.15117491549556542,28.981520966595593,83.69930383195849,DDX60
GO_Biological_Process_2023,Bradykinin Catabolic Process (GO:0010815),1/5,0.05568618642481891,0.15117491549556542,28.981520966595593,83.69930383195849,CTSH
GO_Biological_Process_2023,Regulation Of I-kappaB Phosphorylation (GO:1903719),1/5,0.05568618642481891,0.15117491549556542,28.981520966595593,83.69930383195849,PLCG2
GO_Biological_Process_2023,Negative Regulation Of Protein Localization To Chromatin (GO:0120186),1/5,0.05568618642481891,0.15117491549556542,28.981520966595593,83.69930383195849,SPI1
GO_Biological_Process_2023,Positive Regulation Of T-helper 2 Cell Cytokine Production (GO:2000553),1/5,0.05568618642481891,0.15117491549556542,28.981520966595593,83.69930383195849,RSAD2
GO_Biological_Process_2023,Negative Regulation Of Acute Inflammatory Response (GO:0002674),1/5,0.05568618642481891,0.15117491549556542,28.981520966595593,83.69930383195849,FCGR2B
GO_Biological_Process_2023,Neutrophil Extravasation (GO:0072672),1/5,0.05568618642481891,0.15117491549556542,28.981520966595593,83.69930383195849,PIK3CG
GO_Biological_Process_2023,Positive Regulation Of Autophagy Of Mitochondrion In Response To Mitochondrial Depolarization (GO:1904925),1/5,0.05568618642481891,0.15117491549556542,28.981520966595593,83.69930383195849,HK2
GO_Biological_Process_2023,Regulation Of Kinase Activity (GO:0043549),3/75,0.05422262689214047,0.15117491549556542,4.219310344827586,12.297842378216265,TREM2;NLRC5;FGR
GO_Biological_Process_2023,Regulation Of Antigen Receptor-Mediated Signaling Pathway (GO:0050854),1/5,0.05568618642481891,0.15117491549556542,28.981520966595593,83.69930383195849,PTPRC
Reactome_2022,Mitochondrial Uncoupling R-HSA-166187,1/5,0.05568618642481891,0.15117491549556542,28.981520966595593,83.69930383195849,UCP2
GO_Biological_Process_2023,Regulation Of Cell Adhesion (GO:0030155),4/123,0.05230038091839726,0.15117491549556542,3.297785047489088,9.730944586470658,SIPA1;FES;PIK3CG;PLAUR
GO_Biological_Process_2023,Positive Regulation Of Establishment Of Endothelial Barrier (GO:1903142),1/5,0.05568618642481891,0.15117491549556542,28.981520966595593,83.69930383195849,F11R
GO_Biological_Process_2023,Negative Regulation Of Myeloid Cell Apoptotic Process (GO:0033033),1/5,0.05568618642481891,0.15117491549556542,28.981520966595593,83.69930383195849,IRF7
GO_Biological_Process_2023,Positive Regulation Of Cholesterol Storage (GO:0010886),1/5,0.05568618642481891,0.15117491549556542,28.981520966595593,83.69930383195849,LCP1
GO_Biological_Process_2023,Leukotriene D4 Metabolic Process (GO:1901748),1/5,0.05568618642481891,0.15117491549556542,28.981520966595593,83.69930383195849,GGTA1
GO_Biological_Process_2023,ISG15-protein Conjugation (GO:0032020),1/5,0.05568618642481891,0.15117491549556542,28.981520966595593,83.69930383195849,ISG15
GO_Biological_Process_2023,Epithelial Tube Branching Involved In Lung Morphogenesis (GO:0060441),1/5,0.05568618642481891,0.15117491549556542,28.981520966595593,83.69930383195849,CTSH
GO_Biological_Process_2023,Positive Regulation Of Calcium Ion Transmembrane Transport (GO:1904427),2/33,0.054163772267906446,0.15117491549556542,6.9207368886169744,20.179090154174837,CXCL10;CAPN3
GO_Biological_Process_2023,T Cell Apoptotic Process (GO:0070231),1/5,0.05568618642481891,0.15117491549556542,28.981520966595593,83.69930383195849,FAS
GO_Biological_Process_2023,Response To cGMP (GO:0070305),1/5,0.05568618642481891,0.15117491549556542,28.981520966595593,83.69930383195849,TLR7
GO_Biological_Process_2023,Positive Regulation Of Hemoglobin Biosynthetic Process (GO:0046985),1/5,0.05568618642481891,0.15117491549556542,28.981520966595593,83.69930383195849,KLF4
GO_Biological_Process_2023,Antigen Processing And Presentation Of Exogenous Peptide Antigen Via MHC Class I (GO:0042590),1/5,0.05568618642481891,0.15117491549556542,28.981520966595593,83.69930383195849,FCER1G
GO_Biological_Process_2023,Regulation Of Podosome Assembly (GO:0071801),1/5,0.05568618642481891,0.15117491549556542,28.981520966595593,83.69930383195849,LCP1
GO_Biological_Process_2023,Negative Regulation Of Inflammatory Response To Wounding (GO:0106015),1/5,0.05568618642481891,0.15117491549556542,28.981520966595593,83.69930383195849,PTPN6
GO_Biological_Process_2023,Delamination (GO:0060232),1/5,0.05568618642481891,0.15117491549556542,28.981520966595593,83.69930383195849,SPI1
GO_Biological_Process_2023,Detection Of Chemical Stimulus Involved In Sensory Perception Of Taste (GO:0050912),1/5,0.05568618642481891,0.15117491549556542,28.981520966595593,83.69930383195849,RTP4
GO_Biological_Process_2023,Regulation Of Resting Membrane Potential (GO:0060075),1/5,0.05568618642481891,0.15117491549556542,28.981520966595593,83.69930383195849,TREM2
GO_Biological_Process_2023,Detection Of Molecule Of Bacterial Origin (GO:0032490),1/5,0.05568618642481891,0.15117491549556542,28.981520966595593,83.69930383195849,TLR4
GO_Biological_Process_2023,Cellular Response To Interleukin-9 (GO:0071355),1/5,0.05568618642481891,0.15117491549556542,28.981520966595593,83.69930383195849,STAT1
GO_Biological_Process_2023,Ventricular Compact Myocardium Morphogenesis (GO:0003223),1/5,0.05568618642481891,0.15117491549556542,28.981520966595593,83.69930383195849,TGFBR1
GO_Biological_Process_2023,Regulation Of Mast Cell Chemotaxis (GO:0060753),1/5,0.05568618642481891,0.15117491549556542,28.981520966595593,83.69930383195849,RIN3
GO_Biological_Process_2023,Positive Regulation Of Endothelial Cell Development (GO:1901552),1/5,0.05568618642481891,0.15117491549556542,28.981520966595593,83.69930383195849,F11R
GO_Biological_Process_2023,Positive Regulation Of Microglial Cell Migration (GO:1904141),1/5,0.05568618642481891,0.15117491549556542,28.981520966595593,83.69930383195849,TREM2
Reactome_2022,RUNX1 Regulates Transcription Of Genes Involved In WNT Signaling R-HSA-8939256,1/5,0.05568618642481891,0.15117491549556542,28.981520966595593,83.69930383195849,RUNX1
Reactome_2022,RUNX1 Regulates Expression Of Components Of Tight Junctions R-HSA-8935964,1/5,0.05568618642481891,0.15117491549556542,28.981520966595593,83.69930383195849,RUNX1
GO_Biological_Process_2023,Positive Regulation Of Dendritic Cell Cytokine Production (GO:0002732),1/5,0.05568618642481891,0.15117491549556542,28.981520966595593,83.69930383195849,PLCG2
GO_Biological_Process_2023,Aromatic Compound Catabolic Process (GO:0019439),1/5,0.05568618642481891,0.15117491549556542,28.981520966595593,83.69930383195849,PON3
GO_Biological_Process_2023,Negative Regulation Of Alpha-Beta T Cell Proliferation (GO:0046642),1/5,0.05568618642481891,0.15117491549556542,28.981520966595593,83.69930383195849,VSIR
Reactome_2022,Suppression Of Apoptosis R-HSA-9635465,1/5,0.05568618642481891,0.15117491549556542,28.981520966595593,83.69930383195849,RNF213
GO_Biological_Process_2023,Immune Response-Regulating Cell Surface Receptor Signaling Pathway (GO:0002768),1/5,0.05568618642481891,0.15117491549556542,28.981520966595593,83.69930383195849,FGR
GO_Biological_Process_2023,T-helper 17 Cell Lineage Commitment (GO:0072540),1/5,0.05568618642481891,0.15117491549556542,28.981520966595593,83.69930383195849,SLAMF6
GO_Biological_Process_2023,Response To Lipoteichoic Acid (GO:0070391),1/5,0.05568618642481891,0.15117491549556542,28.981520966595593,83.69930383195849,TLR2
GO_Biological_Process_2023,Negative Regulation Of Protein Polyubiquitination (GO:1902915),1/5,0.05568618642481891,0.15117491549556542,28.981520966595593,83.69930383195849,PARP10
Reactome_2022,RUNX1 Regulates Transcription Of Genes Involved In BCR Signaling R-HSA-8939245,1/5,0.05568618642481891,0.15117491549556542,28.981520966595593,83.69930383195849,RUNX1
GO_Biological_Process_2023,Regulation Of Natural Killer Cell Proliferation (GO:0032817),1/5,0.05568618642481891,0.15117491549556542,28.981520966595593,83.69930383195849,TYK2
GO_Biological_Process_2023,Regulation Of Inositol Phosphate Biosynthetic Process (GO:0010919),1/5,0.05568618642481891,0.15117491549556542,28.981520966595593,83.69930383195849,PLEK
GO_Biological_Process_2023,Interleukin-3-Mediated Signaling Pathway (GO:0038156),1/5,0.05568618642481891,0.15117491549556542,28.981520966595593,83.69930383195849,FCER1G
GO_Biological_Process_2023,Cellular Response To Lipoteichoic Acid (GO:0071223),1/5,0.05568618642481891,0.15117491549556542,28.981520966595593,83.69930383195849,TLR2
GO_Biological_Process_2023,Interleukin-9-Mediated Signaling Pathway (GO:0038113),1/5,0.05568618642481891,0.15117491549556542,28.981520966595593,83.69930383195849,STAT1
GO_Biological_Process_2023,Regulation Of Macrophage Apoptotic Process (GO:2000109),1/5,0.05568618642481891,0.15117491549556542,28.981520966595593,83.69930383195849,IRF7
GO_Biological_Process_2023,Negative Regulation Of DNA-templated Transcription (GO:0045892),14/759,0.05296808920439017,0.15117491549556542,1.7252574892545642,5.068919744574077,CEBPA;ELK3;IKZF1;TGIF1;STAT1;ATF3;BCL3;RUNX1;SBNO2;CAPN3;IRF7;SP100;KLF4;SPI1
GO_Biological_Process_2023,Regulation Of Nucleotide-Binding Oligomerization Domain Containing 2 Signaling Pathway (GO:0070432),1/5,0.05568618642481891,0.15117491549556542,28.981520966595593,83.69930383195849,SLC15A3
GO_Biological_Process_2023,Regulation Of Protein Phosphorylation (GO:0001932),6/234,0.05195863938983702,0.15117491549556542,2.4993778693096496,7.391428351498296,FAS;FGR;TREM2;GPNMB;PLAUR;ITGB2
GO_Biological_Process_2023,Negative Regulation Of Astrocyte Differentiation (GO:0048712),1/5,0.05568618642481891,0.15117491549556542,28.981520966595593,83.69930383195849,TREM2
GO_Biological_Process_2023,Regulation Of Complement Activation (GO:0030449),1/5,0.05568618642481891,0.15117491549556542,28.981520966595593,83.69930383195849,CFH
GO_Biological_Process_2023,Regulation Of Fat Cell Proliferation (GO:0070344),1/5,0.05568618642481891,0.15117491549556542,28.981520966595593,83.69930383195849,TREM2
GO_Biological_Process_2023,Negative Regulation Of Type II Interferon-Mediated Signaling Pathway (GO:0060336),1/5,0.05568618642481891,0.15117491549556542,28.981520966595593,83.69930383195849,PARP14
GO_Biological_Process_2023,Negative Regulation Of Mast Cell Activation (GO:0033004),1/5,0.05568618642481891,0.15117491549556542,28.981520966595593,83.69930383195849,CD84
GO_Biological_Process_2023,Response To Tumor Necrosis Factor (GO:0034612),3/74,0.05247855724405807,0.15117491549556542,4.278532220467705,12.61033461948076,CCL3;CXCL16;CCL4
GO_Biological_Process_2023,Negative Regulation Of Sequestering Of Triglyceride (GO:0010891),1/5,0.05568618642481891,0.15117491549556542,28.981520966595593,83.69930383195849,TREM2
GO_Biological_Process_2023,Negative Regulation Of Response To Type II Interferon (GO:0060331),1/5,0.05568618642481891,0.15117491549556542,28.981520966595593,83.69930383195849,PARP14
GO_Biological_Process_2023,Positive Regulation Of Endothelial Cell Migration (GO:0010595),3/76,0.05599425205389355,0.15184139635173147,4.161699948796723,11.996126052311139,PIK3CG;ANXA3;ETS1
GO_Biological_Process_2023,Ventricular Septum Development (GO:0003281),2/34,0.05712815863823255,0.15457083725194024,6.707461703179048,19.199828336569492,TGFBR1;TGFBR2
GO_Biological_Process_2023,Positive Regulation Of Tyrosine Phosphorylation Of STAT Protein (GO:0042531),2/34,0.05712815863823255,0.15457083725194024,6.707461703179048,19.199828336569492,HCLS1;PARP14
Reactome_2022,RAF/MAP Kinase Cascade R-HSA-5673001,6/240,0.05736254300633298,0.15503217358170396,2.434703234527642,6.9592674664431176,PSMB9;PSMB8;ARHGAP9;APBB1IP;RASAL3;RASGRP3
KEGG_2019_Mouse,Fluid shear stress and atherosclerosis,4/127,0.05752734285061137,0.15513206788714867,3.1903446104878412,9.110012816715324,NCF2;ICAM1;CYBA;NCF1
KEGG_2019_Mouse,Apoptosis,4/127,0.05752734285061137,0.15513206788714867,3.1903446104878412,9.110012816715324,CTSC;FAS;CTSH;CTSS
KEGG_2019_Mouse,TGF-beta signaling pathway,3/78,0.0596193064683138,0.16059495760110723,4.051057466353344,11.423073902559942,TGFBR1;TGFBR2;TGIF1
GO_Biological_Process_2023,Negative Regulation Of Type I Interferon Production (GO:0032480),2/35,0.06014781789431185,0.16112445257118638,6.506919364632938,18.290625736006835,HAVCR2;TYROBP
GO_Biological_Process_2023,Positive Regulation Of Innate Immune Response (GO:0045089),2/35,0.06014781789431185,0.16112445257118638,6.506919364632938,18.290625736006835,NLRC5;SPI1
GO_Biological_Process_2023,Import Into Cell (GO:0098657),2/35,0.06014781789431185,0.16112445257118638,6.506919364632938,18.290625736006835,TREM2;SLC38A5
GO_Biological_Process_2023,Aortic Valve Development (GO:0003176),2/35,0.06014781789431185,0.16112445257118638,6.506919364632938,18.290625736006835,TGFBR2;NFATC1
GO_Biological_Process_2023,Positive Regulation Of Monoatomic Ion Transport (GO:0043270),2/35,0.06014781789431185,0.16112445257118638,6.506919364632938,18.290625736006835,CCL3;CCL4
Reactome_2022,Downstream TCR Signaling R-HSA-202424,3/79,0.06147229006087489,0.1641289856740851,3.9979056855717197,11.150833698881414,INPP5D;PSMB8;PSMB9
Reactome_2022,Fcgamma Receptor (FCGR) Dependent Phagocytosis R-HSA-2029480,3/79,0.06147229006087489,0.1641289856740851,3.9979056855717197,11.150833698881414,PLCG2;VAV1;FGR
GO_Biological_Process_2023,Positive Regulation Of Protein Localization (GO:1903829),3/79,0.06147229006087489,0.1641289856740851,3.9979056855717197,11.150833698881414,TREM2;TYK2;TYROBP
Reactome_2022,Activation Of GABAB Receptors R-HSA-991365,2/36,0.06322111805915048,0.164726628214621,6.318002668901095,17.444743862087602,ADCY7;GNGT2
GO_Biological_Process_2023,Adenylate Cyclase-Activating G Protein-Coupled Receptor Signaling Pathway (GO:0007189),3/81,0.06525801504098201,0.164726628214621,3.8956646805013357,10.632852128534129,CXCL10;ADCY7;ADGRL4
Reactome_2022,Phosphate Bond Hydrolysis By NTPDase Proteins R-HSA-8850843,1/6,0.06644720602476883,0.164726628214621,23.71099050203528,64.28873579202926,ENTPD1
GO_Biological_Process_2023,CD40 Signaling Pathway (GO:0023035),1/6,0.06644720602476883,0.164726628214621,23.71099050203528,64.28873579202926,CD86
GO_Biological_Process_2023,Positive Regulation Of Pathway-Restricted SMAD Protein Phosphorylation (GO:0010862),2/36,0.06322111805915048,0.164726628214621,6.318002668901095,17.444743862087602,TGFBR1;TGFBR2
GO_Biological_Process_2023,MyD88-independent Toll-Like Receptor Signaling Pathway (GO:0002756),1/6,0.06644720602476883,0.164726628214621,23.71099050203528,64.28873579202926,TLR4
GO_Biological_Process_2023,Myeloid Dendritic Cell Differentiation (GO:0043011),1/6,0.06644720602476883,0.164726628214621,23.71099050203528,64.28873579202926,TGFBR2
GO_Biological_Process_2023,N-acetylneuraminate Catabolic Process (GO:0019262),1/6,0.06644720602476883,0.164726628214621,23.71099050203528,64.28873579202926,RENBP
Reactome_2022,PIP3 Activates AKT Signaling R-HSA-1257604,6/246,0.06309223973485026,0.164726628214621,2.373255608549726,6.557679035600232,VAV1;PSMB9;PSMB8;PIK3AP1;GAB2;CD86
GO_Biological_Process_2023,Negative Regulation Of I-kappaB kinase/NF-kappaB Signaling (GO:0043124),2/36,0.06322111805915048,0.164726628214621,6.318002668901095,17.444743862087602,TREM2;STAT1
Reactome_2022,PI Metabolism R-HSA-1483255,3/81,0.06525801504098201,0.164726628214621,3.8956646805013357,10.632852128534129,TNFAIP8L2;INPP5D;PIK3CG
GO_Biological_Process_2023,Modulation By Host Of Symbiont Process (GO:0051851),2/37,0.06634645688430746,0.164726628214621,6.13972916729499,16.656255876359765,CCL3;CCL4
GO_Biological_Process_2023,Regulation Of Microglial Cell Migration (GO:1904139),1/6,0.06644720602476883,0.164726628214621,23.71099050203528,64.28873579202926,TREM2
Reactome_2022,Vasopressin Regulates Renal Water Homeostasis Via Aquaporins R-HSA-432040,2/36,0.06322111805915048,0.164726628214621,6.318002668901095,17.444743862087602,ADCY7;GNGT2
GO_Biological_Process_2023,Regulation Of Monocyte Chemotactic Protein-1 Production (GO:0071637),1/6,0.06644720602476883,0.164726628214621,23.71099050203528,64.28873579202926,CD84
GO_Biological_Process_2023,Maintenance Of Protein Location In Extracellular Region (GO:0071694),1/6,0.06644720602476883,0.164726628214621,23.71099050203528,64.28873579202926,NRROS
GO_Biological_Process_2023,Positive Regulation Of RIG-I Signaling Pathway (GO:1900246),1/6,0.06644720602476883,0.164726628214621,23.71099050203528,64.28873579202926,DDX60
GO_Biological_Process_2023,Macropinocytosis (GO:0044351),1/6,0.06644720602476883,0.164726628214621,23.71099050203528,64.28873579202926,DOCK2
GO_Biological_Process_2023,Macrophage Derived Foam Cell Differentiation (GO:0010742),1/6,0.06644720602476883,0.164726628214621,23.71099050203528,64.28873579202926,STAT1
GO_Biological_Process_2023,Positive Regulation Of Amyloid-Beta Clearance (GO:1900223),1/6,0.06644720602476883,0.164726628214621,23.71099050203528,64.28873579202926,TREM2
GO_Biological_Process_2023,Cell Differentiation Involved In Metanephros Development (GO:0072202),1/6,0.06644720602476883,0.164726628214621,23.71099050203528,64.28873579202926,STAT1
GO_Biological_Process_2023,Lymphoid Progenitor Cell Differentiation (GO:0002320),1/6,0.06644720602476883,0.164726628214621,23.71099050203528,64.28873579202926,SPI1
GO_Biological_Process_2023,Positive Regulation Of Receptor Catabolic Process (GO:2000646),1/6,0.06644720602476883,0.164726628214621,23.71099050203528,64.28873579202926,LAPTM5
GO_Biological_Process_2023,L-alanine Transport (GO:0015808),1/6,0.06644720602476883,0.164726628214621,23.71099050203528,64.28873579202926,SLC38A5
GO_Biological_Process_2023,Regulation Of Lymphocyte Apoptotic Process (GO:0070228),1/6,0.06644720602476883,0.164726628214621,23.71099050203528,64.28873579202926,CD274
GO_Biological_Process_2023,Regulation Of Leukocyte Degranulation (GO:0043300),1/6,0.06644720602476883,0.164726628214621,23.71099050203528,64.28873579202926,FES
GO_Biological_Process_2023,Homotypic Cell-Cell Adhesion (GO:0034109),2/36,0.06322111805915048,0.164726628214621,6.318002668901095,17.444743862087602,PIK3CG;PLEK
GO_Biological_Process_2023,Supramolecular Fiber Organization (GO:0097435),6/248,0.06507468019077585,0.164726628214621,2.3534487792826178,6.430139217918419,TGFBR1;B2M;GFAP;CAPN3;HCLS1;MYO1F
GO_Biological_Process_2023,Triglyceride Catabolic Process (GO:0019433),1/6,0.06644720602476883,0.164726628214621,23.71099050203528,64.28873579202926,LCP1
GO_Biological_Process_2023,Cellular Response To Laminar Fluid Shear Stress (GO:0071499),1/6,0.06644720602476883,0.164726628214621,23.71099050203528,64.28873579202926,KLF4
Reactome_2022,Transport Of Gamma-Carboxylated Protein Precursors From Endoplasmic Reticulum To Golgi Apparatus R-HSA-159763,1/6,0.06644720602476883,0.164726628214621,23.71099050203528,64.28873579202926,PROS1
GO_Biological_Process_2023,Surfactant Homeostasis (GO:0043129),1/6,0.06644720602476883,0.164726628214621,23.71099050203528,64.28873579202926,CTSH
GO_Biological_Process_2023,Regulation Of Dendritic Cell Differentiation (GO:2001198),1/6,0.06644720602476883,0.164726628214621,23.71099050203528,64.28873579202926,FCGR2B
GO_Biological_Process_2023,Regulation Of Cytokine-Mediated Signaling Pathway (GO:0001959),2/36,0.06322111805915048,0.164726628214621,6.318002668901095,17.444743862087602,PTPRC;PTPN6
GO_Biological_Process_2023,Heme Catabolic Process (GO:0042167),1/6,0.06644720602476883,0.164726628214621,23.71099050203528,64.28873579202926,SLCO2B1
GO_Biological_Process_2023,Negative Regulation Of Nucleic Acid-Templated Transcription (GO:1903507),8/374,0.06530733641615027,0.164726628214621,2.0415903332683687,5.570787299498455,CEBPA;IKZF1;ELK3;BCL3;SBNO2;CAPN3;KLF4;SPI1
GO_Biological_Process_2023,Positive Regulation Of Glial Cell Migration (GO:1903977),1/6,0.06644720602476883,0.164726628214621,23.71099050203528,64.28873579202926,TREM2
GO_Biological_Process_2023,Regulation Of Glial Cell Apoptotic Process (GO:0034350),1/6,0.06644720602476883,0.164726628214621,23.71099050203528,64.28873579202926,TREM2
GO_Biological_Process_2023,Regulation Of Helicase Activity (GO:0051095),1/6,0.06644720602476883,0.164726628214621,23.71099050203528,64.28873579202926,IFIT1
GO_Biological_Process_2023,Regulation Of Hemoglobin Biosynthetic Process (GO:0046984),1/6,0.06644720602476883,0.164726628214621,23.71099050203528,64.28873579202926,KLF4
GO_Biological_Process_2023,"Regulation Of Complement Activation, Classical Pathway (GO:0030450)",1/6,0.06644720602476883,0.164726628214621,23.71099050203528,64.28873579202926,TREM2
Reactome_2022,STAT5 Activation R-HSA-9645135,1/6,0.06644720602476883,0.164726628214621,23.71099050203528,64.28873579202926,GAB2
GO_Biological_Process_2023,Negative Regulation Of p38MAPK Cascade (GO:1903753),1/6,0.06644720602476883,0.164726628214621,23.71099050203528,64.28873579202926,TREM2
GO_Biological_Process_2023,T-helper 17 Cell Differentiation (GO:0072539),1/6,0.06644720602476883,0.164726628214621,23.71099050203528,64.28873579202926,SLAMF6
GO_Biological_Process_2023,Regulation Of Complement-Dependent Cytotoxicity (GO:1903659),1/6,0.06644720602476883,0.164726628214621,23.71099050203528,64.28873579202926,CFH
GO_Biological_Process_2023,Ganglioside Catabolic Process (GO:0006689),1/6,0.06644720602476883,0.164726628214621,23.71099050203528,64.28873579202926,HEXB
GO_Biological_Process_2023,"DNA Damage Response, Signal Transduction By P53 Class Mediator Resulting In Transcription Of P21 Class Mediator (GO:0006978)",1/6,0.06644720602476883,0.164726628214621,23.71099050203528,64.28873579202926,SP100
Reactome_2022,Developmental Biology R-HSA-1266738,14/779,0.06286839612912297,0.164726628214621,1.6784718525934303,4.64384769225053,FLI1;CEBPA;ST14;PSMB9;TREM2;PSMB8;RUNX1;PTPRC;FES;GAB2;CSF3R;KLF4;SPI1;TYROBP
GO_Biological_Process_2023,Regulation Of Vascular Associated Smooth Muscle Cell Differentiation (GO:1905063),1/6,0.06644720602476883,0.164726628214621,23.71099050203528,64.28873579202926,NFATC1
GO_Biological_Process_2023,Osteoblast Development (GO:0002076),1/6,0.06644720602476883,0.164726628214621,23.71099050203528,64.28873579202926,CLEC5A
GO_Biological_Process_2023,Regulation Of T-helper 2 Cell Cytokine Production (GO:2000551),1/6,0.06644720602476883,0.164726628214621,23.71099050203528,64.28873579202926,RSAD2
GO_Biological_Process_2023,Negative Regulation Of Microglial Cell Activation (GO:1903979),1/6,0.06644720602476883,0.164726628214621,23.71099050203528,64.28873579202926,PTPRC
GO_Biological_Process_2023,Regulation Of Dopamine Metabolic Process (GO:0042053),1/6,0.06644720602476883,0.164726628214621,23.71099050203528,64.28873579202926,ITGB2
GO_Biological_Process_2023,Serine Transport (GO:0032329),1/6,0.06644720602476883,0.164726628214621,23.71099050203528,64.28873579202926,SLC38A5
GO_Biological_Process_2023,Positive Regulation Of Lymphocyte Differentiation (GO:0045621),2/37,0.06634645688430746,0.164726628214621,6.13972916729499,16.656255876359765,INPP5D;SPI1
GO_Biological_Process_2023,Regulation Of Cellular Extravasation (GO:0002691),1/6,0.06644720602476883,0.164726628214621,23.71099050203528,64.28873579202926,ICAM1
GO_Biological_Process_2023,Negative Regulation Of Transforming Growth Factor Beta Production (GO:0071635),1/6,0.06644720602476883,0.164726628214621,23.71099050203528,64.28873579202926,TYROBP
Reactome_2022,Extracellular Matrix Organization R-HSA-1474244,6/247,0.06407892491528368,0.164726628214621,2.3633111859880827,6.4935277647246235,ITGAX;ICAM1;F11R;CAPN3;CTSS;ITGB2
Reactome_2022,Erythropoietin Activates Phospholipase C Gamma (PLCG) R-HSA-9027277,1/6,0.06644720602476883,0.164726628214621,23.71099050203528,64.28873579202926,PLCG2
GO_Biological_Process_2023,TRIF-dependent Toll-Like Receptor Signaling Pathway (GO:0035666),1/6,0.06644720602476883,0.164726628214621,23.71099050203528,64.28873579202926,TLR4
Reactome_2022,RUNX1 Regulates Transcription Of Genes Involved In Differentiation Of Myeloid Cells R-HSA-8939246,1/6,0.06644720602476883,0.164726628214621,23.71099050203528,64.28873579202926,RUNX1
Reactome_2022,RUNX1 Regulates Transcription Of Genes Involved In Differentiation Of Keratinocytes R-HSA-8939242,1/6,0.06644720602476883,0.164726628214621,23.71099050203528,64.28873579202926,RUNX1
Reactome_2022,RUNX1 And FOXP3 Control Development Of Regulatory T Lymphocytes (Tregs) R-HSA-8877330,1/6,0.06644720602476883,0.164726628214621,23.71099050203528,64.28873579202926,RUNX1
Reactome_2022,RUNX1 Regulates Estrogen Receptor Mediated Transcription R-HSA-8931987,1/6,0.06644720602476883,0.164726628214621,23.71099050203528,64.28873579202926,RUNX1
GO_Biological_Process_2023,Negative Regulation Of Alpha-Beta T Cell Differentiation (GO:0046639),1/6,0.06644720602476883,0.164726628214621,23.71099050203528,64.28873579202926,RUNX1
Reactome_2022,Arachidonic Acid Metabolism R-HSA-2142753,2/36,0.06322111805915048,0.164726628214621,6.318002668901095,17.444743862087602,TBXAS1;PON3
GO_Biological_Process_2023,"Regulation Of CD8-positive, Alpha-Beta T Cell Proliferation (GO:2000564)",1/6,0.06644720602476883,0.164726628214621,23.71099050203528,64.28873579202926,VSIR
GO_Biological_Process_2023,Negative Regulation Of T Cell Mediated Immunity (GO:0002710),1/6,0.06644720602476883,0.164726628214621,23.71099050203528,64.28873579202926,PTPRC
GO_Biological_Process_2023,"Negative Regulation Of CD8-positive, Alpha-Beta T Cell Activation (GO:2001186)",1/6,0.06644720602476883,0.164726628214621,23.71099050203528,64.28873579202926,VSIR
GO_Biological_Process_2023,Regulation Of Oxidative Stress-Induced Neuron Intrinsic Apoptotic Signaling Pathway (GO:1903376),1/6,0.06644720602476883,0.164726628214621,23.71099050203528,64.28873579202926,TREM2
GO_Biological_Process_2023,Cellular Response To Tumor Necrosis Factor (GO:0071356),3/82,0.06719027906945389,0.166229161367548,3.8464732535335093,10.386349774724222,CCL3;CCL4;STAT1
Reactome_2022,RAB GEFs Exchange GTP For GDP On RABs R-HSA-8876198,3/82,0.06719027906945389,0.166229161367548,3.8464732535335093,10.386349774724222,RAB7B;DENND1C;RIN3
GO_Biological_Process_2023,Positive Regulation Of GTPase Activity (GO:0043547),5/191,0.06792159089275306,0.16786731272577562,2.5852587625688415,6.952798313638957,RGS1;CCL4;SIPA1;CCL3;RASGRP3
KEGG_2019_Mouse,GABAergic synapse,3/83,0.06914848453017963,0.17072570900787992,3.7985039738195416,10.147700087188193,ADCY7;GNGT2;SLC38A5
GO_Biological_Process_2023,Negative Regulation Of Cysteine-Type Endopeptidase Activity (GO:2000117),2/38,0.06952226138913407,0.17112629654303083,5.971224076735796,15.919929892659963,CST7;KLF4
GO_Biological_Process_2023,Regulation Of Tumor Necrosis Factor-Mediated Signaling Pathway (GO:0010803),2/38,0.06952226138913407,0.17112629654303083,5.971224076735796,15.919929892659963,LAPTM5;CASP4
GO_Biological_Process_2023,Response To Glucose (GO:0009749),2/38,0.06952226138913407,0.17112629654303083,5.971224076735796,15.919929892659963,LCP1;UCP2
Reactome_2022,TNFR2 Non-Canonical NF-kB Pathway R-HSA-5668541,3/84,0.07113238103501089,0.1749121466787958,3.751711854343954,9.916572106438487,PSMB8;PSMB9;TNFSF8
GO_Biological_Process_2023,Positive Regulation Of Sequestering Of Triglyceride (GO:0010890),1/7,0.07708611328359138,0.17517602709670063,20.062161718878137,51.41595260402216,LCP1
GO_Biological_Process_2023,Positive Regulation Of Hippo Signaling (GO:0035332),1/7,0.07708611328359138,0.17517602709670063,20.062161718878137,51.41595260402216,DLG5
Reactome_2022,DEx/H-box Helicases Activate Type I IFN And Inflammatory Cytokines Production R-HSA-3134963,1/7,0.07708611328359138,0.17517602709670063,20.062161718878137,51.41595260402216,IRF7
GO_Biological_Process_2023,"DNA Damage Response, Signal Transduction Resulting In Transcription (GO:0042772)",1/7,0.07708611328359138,0.17517602709670063,20.062161718878137,51.41595260402216,SP100
GO_Biological_Process_2023,Self Proteolysis (GO:0097264),1/7,0.07708611328359138,0.17517602709670063,20.062161718878137,51.41595260402216,CAPN3
Reactome_2022,Gamma-carboxylation Of Protein Precursors R-HSA-159740,1/7,0.07708611328359138,0.17517602709670063,20.062161718878137,51.41595260402216,PROS1
Reactome_2022,Interleukin-9 Signaling R-HSA-8985947,1/7,0.07708611328359138,0.17517602709670063,20.062161718878137,51.41595260402216,STAT1
GO_Biological_Process_2023,Positive Regulation Of Voltage-Gated Potassium Channel Activity (GO:1903818),1/7,0.07708611328359138,0.17517602709670063,20.062161718878137,51.41595260402216,TREM2
GO_Biological_Process_2023,Interleukin-12-Mediated Signaling Pathway (GO:0035722),1/7,0.07708611328359138,0.17517602709670063,20.062161718878137,51.41595260402216,TYK2
Reactome_2022,Removal Of Aminoterminal Propeptides From Gamma-Carboxylated Proteins R-HSA-159782,1/7,0.07708611328359138,0.17517602709670063,20.062161718878137,51.41595260402216,PROS1
GO_Biological_Process_2023,Positive Regulation Of Protein Modification Process (GO:0031401),5/194,0.07156313782179378,0.17517602709670063,2.543953433799415,6.708850835560226,FAS;TREM2;GPNMB;CDCA2;PLAUR
Reactome_2022,Sperm Motility And Taxes R-HSA-1300642,1/7,0.07708611328359138,0.17517602709670063,20.062161718878137,51.41595260402216,HVCN1
GO_Biological_Process_2023,Mast Cell Degranulation (GO:0043303),1/7,0.07708611328359138,0.17517602709670063,20.062161718878137,51.41595260402216,PIK3CG
GO_Biological_Process_2023,Negative Regulation Of Humoral Immune Response Mediated By Circulating Immunoglobulin (GO:0002924),1/7,0.07708611328359138,0.17517602709670063,20.062161718878137,51.41595260402216,FCGR2B
GO_Biological_Process_2023,Mast Cell Activation Involved In Immune Response (GO:0002279),1/7,0.07708611328359138,0.17517602709670063,20.062161718878137,51.41595260402216,PIK3CG
GO_Biological_Process_2023,Porphyrin-Containing Compound Catabolic Process (GO:0006787),1/7,0.07708611328359138,0.17517602709670063,20.062161718878137,51.41595260402216,SLCO2B1
Reactome_2022,MAPK3 (ERK1) Activation R-HSA-110056,1/7,0.07708611328359138,0.17517602709670063,20.062161718878137,51.41595260402216,TYK2
Reactome_2022,MAPK1 (ERK2) Activation R-HSA-112411,1/7,0.07708611328359138,0.17517602709670063,20.062161718878137,51.41595260402216,TYK2
Reactome_2022,GPER1 Signaling R-HSA-9634597,2/39,0.07274698740658174,0.17517602709670063,5.8117059243397575,15.231131656630922,ADCY7;GNGT2
GO_Biological_Process_2023,Cytochrome Complex Assembly (GO:0017004),1/7,0.07708611328359138,0.17517602709670063,20.062161718878137,51.41595260402216,CYBA
GO_Biological_Process_2023,Regulation Of Release Of Sequestered Calcium Ion Into Cytosol (GO:0051279),2/40,0.07601911913548963,0.17517602709670063,5.660474429211046,14.585742974778695,CXCL10;CAPN3
GO_Biological_Process_2023,Dendritic Spine Maintenance (GO:0097062),1/7,0.07708611328359138,0.17517602709670063,20.062161718878137,51.41595260402216,TREM2
GO_Biological_Process_2023,Regulation Of T-helper 2 Cell Differentiation (GO:0045628),1/7,0.07708611328359138,0.17517602709670063,20.062161718878137,51.41595260402216,CD86
GO_Biological_Process_2023,Regulation Of Dendritic Spine Maintenance (GO:1902950),1/7,0.07708611328359138,0.17517602709670063,20.062161718878137,51.41595260402216,FCGR2B
GO_Biological_Process_2023,Positive Regulation Of Epidermal Growth Factor-Activated Receptor Activity (GO:0045741),1/7,0.07708611328359138,0.17517602709670063,20.062161718878137,51.41595260402216,NCF1
KEGG_2019_Mouse,Glycosphingolipid biosynthesis,2/39,0.07274698740658174,0.17517602709670063,5.8117059243397575,15.231131656630922,HEXB;GGTA1
Reactome_2022,Organic Cation Transport R-HSA-549127,1/7,0.07708611328359138,0.17517602709670063,20.062161718878137,51.41595260402216,RUNX1
KEGG_2019_Mouse,Type II diabetes mellitus,2/39,0.07274698740658174,0.17517602709670063,5.8117059243397575,15.231131656630922,HK2;HK3
GO_Biological_Process_2023,Regulation Of Inflammatory Response To Wounding (GO:0106014),1/7,0.07708611328359138,0.17517602709670063,20.062161718878137,51.41595260402216,PTPN6
GO_Biological_Process_2023,Regulation Of I-kappaB kinase/NF-kappaB Signaling (GO:0043122),5/194,0.07156313782179378,0.17517602709670063,2.543953433799415,6.708850835560226,BST2;TREM2;PLCG2;CAPN3;STAT1
GO_Biological_Process_2023,Regulation Of Receptor Binding (GO:1900120),1/7,0.07708611328359138,0.17517602709670063,20.062161718878137,51.41595260402216,B2M
GO_Biological_Process_2023,Positive Regulation Of T Cell Apoptotic Process (GO:0070234),1/7,0.07708611328359138,0.17517602709670063,20.062161718878137,51.41595260402216,CD274
GO_Biological_Process_2023,Sodium-Independent Organic Anion Transport (GO:0043252),1/7,0.07708611328359138,0.17517602709670063,20.062161718878137,51.41595260402216,SLCO2B1
Reactome_2022,Interleukin-23 Signaling R-HSA-9020933,1/7,0.07708611328359138,0.17517602709670063,20.062161718878137,51.41595260402216,TYK2
GO_Biological_Process_2023,Regulation Of Low-Density Lipoprotein Particle Clearance (GO:0010988),1/7,0.07708611328359138,0.17517602709670063,20.062161718878137,51.41595260402216,TREM2
GO_Biological_Process_2023,Positive Regulation Of Actin Filament Depolymerization (GO:0030836),1/7,0.07708611328359138,0.17517602709670063,20.062161718878137,51.41595260402216,PLEK
GO_Biological_Process_2023,Positive Regulation Of Adaptive Immune Response Based On Somatic Recombination Of Immune Receptors Built From Immunoglobulin Superfamily Domains (GO:0002824),1/7,0.07708611328359138,0.17517602709670063,20.062161718878137,51.41595260402216,TYK2
GO_Biological_Process_2023,Positive Regulation Of Acute Inflammatory Response (GO:0002675),1/7,0.07708611328359138,0.17517602709670063,20.062161718878137,51.41595260402216,OSMR
GO_Biological_Process_2023,Positive Regulation Of Actin Cytoskeleton Reorganization (GO:2000251),1/7,0.07708611328359138,0.17517602709670063,20.062161718878137,51.41595260402216,FES
GO_Biological_Process_2023,Natural Killer Cell Differentiation (GO:0001779),1/7,0.07708611328359138,0.17517602709670063,20.062161718878137,51.41595260402216,PTPRC
GO_Biological_Process_2023,Positive Regulation Of Isomerase Activity (GO:0010912),1/7,0.07708611328359138,0.17517602709670063,20.062161718878137,51.41595260402216,ITGB2
GO_Biological_Process_2023,Ventricular Trabecula Myocardium Morphogenesis (GO:0003222),1/7,0.07708611328359138,0.17517602709670063,20.062161718878137,51.41595260402216,TGFBR1
GO_Biological_Process_2023,Negative Regulation Of Heterotypic Cell-Cell Adhesion (GO:0034115),1/7,0.07708611328359138,0.17517602709670063,20.062161718878137,51.41595260402216,KLF4
GO_Biological_Process_2023,Negative Regulation Of Glial Cell Apoptotic Process (GO:0034351),1/7,0.07708611328359138,0.17517602709670063,20.062161718878137,51.41595260402216,TREM2
Reactome_2022,Attachment Of GPI Anchor To uPAR R-HSA-162791,1/7,0.07708611328359138,0.17517602709670063,20.062161718878137,51.41595260402216,PLAUR
Reactome_2022,Beta-catenin Independent WNT Signaling R-HSA-3858494,4/137,0.07176715948119718,0.17517602709670063,2.9499114228165118,7.771035133009169,NFATC1;PSMB8;PSMB9;GNGT2
GO_Biological_Process_2023,NAD Biosynthesis Via Nicotinamide Riboside Salvage Pathway (GO:0034356),1/7,0.07708611328359138,0.17517602709670063,20.062161718878137,51.41595260402216,PARP10
GO_Biological_Process_2023,Modification-Dependent Macromolecule Catabolic Process (GO:0043632),1/7,0.07708611328359138,0.17517602709670063,20.062161718878137,51.41595260402216,ISG15
GO_Biological_Process_2023,Metanephric Mesenchyme Development (GO:0072075),1/7,0.07708611328359138,0.17517602709670063,20.062161718878137,51.41595260402216,STAT1
GO_Biological_Process_2023,Negative Regulation Of Activated T Cell Proliferation (GO:0046007),1/7,0.07708611328359138,0.17517602709670063,20.062161718878137,51.41595260402216,CD274
GO_Biological_Process_2023,Aromatic Amino Acid Transport (GO:0015801),1/7,0.07708611328359138,0.17517602709670063,20.062161718878137,51.41595260402216,SLC38A5
Reactome_2022,Aquaporin-mediated Transport R-HSA-445717,2/40,0.07601911913548963,0.17517602709670063,5.660474429211046,14.585742974778695,ADCY7;GNGT2
GO_Biological_Process_2023,Antigen Processing And Presentation Of Endogenous Peptide Antigen (GO:0002483),1/7,0.07708611328359138,0.17517602709670063,20.062161718878137,51.41595260402216,ULBP1
GO_Biological_Process_2023,Negative Regulation Of Alpha-Beta T Cell Activation (GO:0046636),1/7,0.07708611328359138,0.17517602709670063,20.062161718878137,51.41595260402216,VSIR
GO_Biological_Process_2023,Regulation Of Natural Killer Cell Activation (GO:0032814),1/7,0.07708611328359138,0.17517602709670063,20.062161718878137,51.41595260402216,TYROBP
GO_Biological_Process_2023,Regulation Of Myeloid Leukocyte Differentiation (GO:0002761),1/7,0.07708611328359138,0.17517602709670063,20.062161718878137,51.41595260402216,IRF7
GO_Biological_Process_2023,Regulation Of Morphogenesis Of An Epithelium (GO:1905330),1/7,0.07708611328359138,0.17517602709670063,20.062161718878137,51.41595260402216,CXCL10
GO_Biological_Process_2023,Negative Regulation Of Cholesterol Storage (GO:0010887),1/7,0.07708611328359138,0.17517602709670063,20.062161718878137,51.41595260402216,TREM2
GO_Biological_Process_2023,Amino Sugar Catabolic Process (GO:0046348),1/7,0.07708611328359138,0.17517602709670063,20.062161718878137,51.41595260402216,RENBP
GO_Biological_Process_2023,Regulation Of Pattern Recognition Receptor Signaling Pathway (GO:0062207),1/7,0.07708611328359138,0.17517602709670063,20.062161718878137,51.41595260402216,TREM2
GO_Biological_Process_2023,Regulation Of Chaperone-Mediated Autophagy (GO:1904714),1/7,0.07708611328359138,0.17517602709670063,20.062161718878137,51.41595260402216,GFAP
Reactome_2022,RHOU GTPase Cycle R-HSA-9013420,2/39,0.07274698740658174,0.17517602709670063,5.8117059243397575,15.231131656630922,DLG5;ARHGAP30
GO_Biological_Process_2023,Negative Regulation Of Protein K63-linked Ubiquitination (GO:1900045),1/7,0.07708611328359138,0.17517602709670063,20.062161718878137,51.41595260402216,PARP10
GO_Biological_Process_2023,Proton Transmembrane Transport (GO:1902600),2/40,0.07601911913548963,0.17517602709670063,5.660474429211046,14.585742974778695,HVCN1;UCP2
Reactome_2022,RND1 GTPase Cycle R-HSA-9696273,2/40,0.07601911913548963,0.17517602709670063,5.660474429211046,14.585742974778695,DLG5;EPSTI1
GO_Biological_Process_2023,T-helper Cell Lineage Commitment (GO:0002295),1/7,0.07708611328359138,0.17517602709670063,20.062161718878137,51.41595260402216,SLAMF6
GO_Biological_Process_2023,Coronary Vasculature Morphogenesis (GO:0060977),1/7,0.07708611328359138,0.17517602709670063,20.062161718878137,51.41595260402216,TGFBR1
GO_Biological_Process_2023,Positive Regulation Of Epithelial To Mesenchymal Transition (GO:0010718),2/39,0.07274698740658174,0.17517602709670063,5.8117059243397575,15.231131656630922,TGFBR1;TGFBR2
GO_Biological_Process_2023,Negative Regulation Of NLRP3 Inflammasome Complex Assembly (GO:1900226),1/7,0.07708611328359138,0.17517602709670063,20.062161718878137,51.41595260402216,TREM2
GO_Biological_Process_2023,Positive Regulation Of Calcium Ion Import (GO:0090280),1/7,0.07708611328359138,0.17517602709670063,20.062161718878137,51.41595260402216,CCL3
GO_Biological_Process_2023,Foam Cell Differentiation (GO:0090077),1/7,0.07708611328359138,0.17517602709670063,20.062161718878137,51.41595260402216,STAT1
GO_Biological_Process_2023,Positive Regulation Of Cellular Senescence (GO:2000774),1/7,0.07708611328359138,0.17517602709670063,20.062161718878137,51.41595260402216,B2M
GO_Biological_Process_2023,Regulation Of Apoptotic Process (GO:0042981),11/588,0.07443125825584512,0.17517602709670063,1.757658673917026,4.56618506351456,IRF5;FAS;IFIT3;CLEC5A;BCL3;PLAUR;CAPN3;CTSH;CXCL10;PTPN6;STAT1
GO_Biological_Process_2023,Regulation Of Apoptotic Cell Clearance (GO:2000425),1/7,0.07708611328359138,0.17517602709670063,20.062161718878137,51.41595260402216,C4B
GO_Biological_Process_2023,Negative Regulation Of Vascular Associated Smooth Muscle Cell Differentiation (GO:1905064),1/7,0.07708611328359138,0.17517602709670063,20.062161718878137,51.41595260402216,NFATC1
GO_Biological_Process_2023,Regulation Of Cell-Cell Adhesion Involved In Gastrulation (GO:0070587),1/7,0.07708611328359138,0.17517602709670063,20.062161718878137,51.41595260402216,KLF4
GO_Biological_Process_2023,Regulation Of T Cell Chemotaxis (GO:0010819),1/7,0.07708611328359138,0.17517602709670063,20.062161718878137,51.41595260402216,CXCL10
GO_Biological_Process_2023,"Regulation Of CD4-positive, Alpha-Beta T Cell Differentiation (GO:0043370)",1/7,0.07708611328359138,0.17517602709670063,20.062161718878137,51.41595260402216,RUNX1
GO_Biological_Process_2023,Regulation Of Protein Localization To Cell Cortex (GO:1904776),1/7,0.07708611328359138,0.17517602709670063,20.062161718878137,51.41595260402216,EPB41L2
GO_Biological_Process_2023,T-helper 1 Type Immune Response (GO:0042088),1/7,0.07708611328359138,0.17517602709670063,20.062161718878137,51.41595260402216,TLR4
Reactome_2022,TRIF-mediated Programmed Cell Death R-HSA-2562578,1/7,0.07708611328359138,0.17517602709670063,20.062161718878137,51.41595260402216,TLR4
GO_Biological_Process_2023,Regulation Of Protein Metabolic Process (GO:0051246),3/87,0.07723564959152984,0.17518777715761022,3.6179805306356174,9.265265162210287,PLAUR;RBM4B;KLF4
GO_Biological_Process_2023,MAPK Cascade (GO:0000165),3/87,0.07723564959152984,0.17518777715761022,3.6179805306356174,9.265265162210287,CCL3;CTSH;RASGRP3
Reactome_2022,RHOA GTPase Cycle R-HSA-8980692,4/141,0.07792230251032181,0.1765802317390766,2.863530335754958,7.307852750283676,VAV1;DOCK2;ARHGAP30;ARHGAP9
GO_Biological_Process_2023,Protein Phosphorylation (GO:0006468),9/457,0.07894606511327441,0.17861902452051429,1.8651600503025785,4.73562342443043,TGFBR1;FGR;TLR4;TLR7;FES;TLR2;ABI3;TGFBR2;PTPN6
Reactome_2022,TAK1-dependent IKK And NF-kappa-B Activation R-HSA-445989,2/41,0.07933716869926427,0.17861902452051429,5.516900224974927,13.980093016688278,USP18;NLRC5
GO_Biological_Process_2023,Cellular Response To Transforming Growth Factor Beta Stimulus (GO:0071560),3/88,0.07931972333648933,0.17861902452051429,3.5754889014651323,9.06124876378362,TGFBR1;TGFBR2;NRROS
GO_Biological_Process_2023,Hexose Metabolic Process (GO:0019318),2/41,0.07933716869926427,0.17861902452051429,5.516900224974927,13.980093016688278,HK2;HK3
GO_Biological_Process_2023,Negative Regulation Of Cysteine-Type Endopeptidase Activity Involved In Apoptotic Process (GO:0043154),2/41,0.07933716869926427,0.17861902452051429,5.516900224974927,13.980093016688278,PLAUR;KLF4
GO_Biological_Process_2023,Regulation Of DNA Binding (GO:0051101),2/41,0.07933716869926427,0.17861902452051429,5.516900224974927,13.980093016688278,SP100;PLAUR
GO_Biological_Process_2023,Regulation Of Cell Growth (GO:0001558),5/200,0.07916186348777185,0.17861902452051429,2.4651458244337063,6.252252271520988,TGFBR1;BST2;CXCL16;SCGB3A1;SIPA1
GO_Biological_Process_2023,Cell-Cell Adhesion Via Plasma-Membrane Adhesion Molecules (GO:0098742),4/142,0.07950120950205102,0.17882246103936777,2.8427146766886806,7.197705359098391,ITGB2;ICAM1;TGFBR2;CD84
GO_Biological_Process_2023,Adenylate Cyclase-Inhibiting G Protein-Coupled Receptor Signaling Pathway (GO:0007193),2/42,0.082699675710864,0.18550102860468293,5.380416104898617,13.41090019642215,RGS1;ADCY7
GO_Biological_Process_2023,Erythrocyte Differentiation (GO:0030218),2/42,0.082699675710864,0.18550102860468293,5.380416104898617,13.41090019642215,HCLS1;IKZF1
GO_Biological_Process_2023,Regulation Of Cellular Component Size (GO:0032535),2/42,0.082699675710864,0.18550102860468293,5.380416104898617,13.41090019642215,VAV1;RIN3
GO_Biological_Process_2023,Alpha-Beta T Cell Activation (GO:0046631),1/8,0.08760428803520902,0.18716162593437702,17.3863539445629,42.3344736518504,RSAD2
GO_Biological_Process_2023,Aminoglycan Metabolic Process (GO:0006022),1/8,0.08760428803520902,0.18716162593437702,17.3863539445629,42.3344736518504,HEXB
GO_Biological_Process_2023,Regulation Of Myeloid Leukocyte Mediated Immunity (GO:0002886),1/8,0.08760428803520902,0.18716162593437702,17.3863539445629,42.3344736518504,FES
GO_Biological_Process_2023,Negative Regulation Of Bone Resorption (GO:0045779),1/8,0.08760428803520902,0.18716162593437702,17.3863539445629,42.3344736518504,INPP5D
GO_Biological_Process_2023,Positive Regulation Of Cellular Extravasation (GO:0002693),1/8,0.08760428803520902,0.18716162593437702,17.3863539445629,42.3344736518504,ICAM1
GO_Biological_Process_2023,Sequestering Of Extracellular Ligand From Receptor (GO:0035581),1/8,0.08760428803520902,0.18716162593437702,17.3863539445629,42.3344736518504,NRROS
GO_Biological_Process_2023,Positive Regulation Of Mast Cell Degranulation (GO:0043306),1/8,0.08760428803520902,0.18716162593437702,17.3863539445629,42.3344736518504,GAB2
GO_Biological_Process_2023,Neuron Remodeling (GO:0016322),1/8,0.08760428803520902,0.18716162593437702,17.3863539445629,42.3344736518504,C1QA
GO_Biological_Process_2023,Receptor Internalization (GO:0031623),2/43,0.0861052068440041,0.18716162593437702,5.250509532777792,12.875222792576924,ITGB2;FCER1G
GO_Biological_Process_2023,Negative Regulation Of Smooth Muscle Cell Differentiation (GO:0051151),1/8,0.08760428803520902,0.18716162593437702,17.3863539445629,42.3344736518504,NFATC1
Reactome_2022,G Alpha (Z) Signaling Events R-HSA-418597,2/43,0.0861052068440041,0.18716162593437702,5.250509532777792,12.875222792576924,ADCY7;GNGT2
GO_Biological_Process_2023,Regulation Of Store-Operated Calcium Entry (GO:2001256),1/8,0.08760428803520902,0.18716162593437702,17.3863539445629,42.3344736518504,CD84
Reactome_2022,TGF-beta Receptor Signaling Activates SMADs R-HSA-2173789,2/43,0.0861052068440041,0.18716162593437702,5.250509532777792,12.875222792576924,TGFBR1;TGFBR2
GO_Biological_Process_2023,Regulation Of T Cell Apoptotic Process (GO:0070232),1/8,0.08760428803520902,0.18716162593437702,17.3863539445629,42.3344736518504,CD274
Reactome_2022,FCGR Activation R-HSA-2029481,1/8,0.08760428803520902,0.18716162593437702,17.3863539445629,42.3344736518504,FGR
GO_Biological_Process_2023,Positive Regulation Of Cellular Respiration (GO:1901857),1/8,0.08760428803520902,0.18716162593437702,17.3863539445629,42.3344736518504,IL10RB
GO_Biological_Process_2023,Cyclooxygenase Pathway (GO:0019371),1/8,0.08760428803520902,0.18716162593437702,17.3863539445629,42.3344736518504,TBXAS1
GO_Biological_Process_2023,Glycine Transport (GO:0015816),1/8,0.08760428803520902,0.18716162593437702,17.3863539445629,42.3344736518504,SLC38A5
GO_Biological_Process_2023,Regulation Of T-helper 17 Type Immune Response (GO:2000316),1/8,0.08760428803520902,0.18716162593437702,17.3863539445629,42.3344736518504,TYK2
GO_Biological_Process_2023,Negative Regulation Of Phosphatidylinositol 3-Kinase Signaling (GO:0014067),1/8,0.08760428803520902,0.18716162593437702,17.3863539445629,42.3344736518504,TREM2
Reactome_2022,Synthesis Of 5-Eicosatetraenoic Acids R-HSA-2142688,1/8,0.08760428803520902,0.18716162593437702,17.3863539445629,42.3344736518504,PON3
GO_Biological_Process_2023,Granulocyte Differentiation (GO:0030851),1/8,0.08760428803520902,0.18716162593437702,17.3863539445629,42.3344736518504,CEBPA
Reactome_2022,Synthesis Of UDP-N-acetyl-glucosamine R-HSA-446210,1/8,0.08760428803520902,0.18716162593437702,17.3863539445629,42.3344736518504,RENBP
GO_Biological_Process_2023,Regulation Of Tyrosine Phosphorylation Of STAT Protein (GO:0042509),2/43,0.0861052068440041,0.18716162593437702,5.250509532777792,12.875222792576924,HCLS1;PARP14
GO_Biological_Process_2023,Post-Translational Protein Modification (GO:0043687),2/43,0.0861052068440041,0.18716162593437702,5.250509532777792,12.875222792576924,PARP10;ZC3HAV1
GO_Biological_Process_2023,Regulation Of Granulocyte Macrophage Colony-Stimulating Factor Production (GO:0032645),1/8,0.08760428803520902,0.18716162593437702,17.3863539445629,42.3344736518504,CD84
Reactome_2022,Transport Of Organic Anions R-HSA-879518,1/8,0.08760428803520902,0.18716162593437702,17.3863539445629,42.3344736518504,SLCO2B1
GO_Biological_Process_2023,Regulation Of Homotypic Cell-Cell Adhesion (GO:0034110),1/8,0.08760428803520902,0.18716162593437702,17.3863539445629,42.3344736518504,PLAUR
GO_Biological_Process_2023,Glutamine Transport (GO:0006868),1/8,0.08760428803520902,0.18716162593437702,17.3863539445629,42.3344736518504,SLC38A5
GO_Biological_Process_2023,Negative Regulation Of Receptor Binding (GO:1900121),1/8,0.08760428803520902,0.18716162593437702,17.3863539445629,42.3344736518504,B2M
Reactome_2022,"Gamma-carboxylation, Transport, And Amino-Terminal Cleavage Of Proteins R-HSA-159854",1/8,0.08760428803520902,0.18716162593437702,17.3863539445629,42.3344736518504,PROS1
GO_Biological_Process_2023,Regulation Of Sensory Perception (GO:0051931),1/8,0.08760428803520902,0.18716162593437702,17.3863539445629,42.3344736518504,CCL3
GO_Biological_Process_2023,Protein Kinase C Signaling (GO:0070528),1/8,0.08760428803520902,0.18716162593437702,17.3863539445629,42.3344736518504,PLEK
GO_Biological_Process_2023,Positive Regulation Of Platelet Aggregation (GO:1901731),1/8,0.08760428803520902,0.18716162593437702,17.3863539445629,42.3344736518504,F11R
GO_Biological_Process_2023,"Positive Regulation Of CD4-positive, Alpha-Beta T Cell Activation (GO:2000516)",1/8,0.08760428803520902,0.18716162593437702,17.3863539445629,42.3344736518504,TGFBR2
GO_Biological_Process_2023,Mast Cell Mediated Immunity (GO:0002448),1/8,0.08760428803520902,0.18716162593437702,17.3863539445629,42.3344736518504,PIK3CG
GO_Biological_Process_2023,Regulation Of Mast Cell Activation (GO:0033003),1/8,0.08760428803520902,0.18716162593437702,17.3863539445629,42.3344736518504,CD84
GO_Biological_Process_2023,Regulation Of Mast Cell Activation Involved In Immune Response (GO:0033006),1/8,0.08760428803520902,0.18716162593437702,17.3863539445629,42.3344736518504,FES
GO_Biological_Process_2023,Negative Regulation Of ERK1 And ERK2 Cascade (GO:0070373),2/43,0.0861052068440041,0.18716162593437702,5.250509532777792,12.875222792576924,TLR4;PTPRC
GO_Biological_Process_2023,Positive Regulation Of ATP Biosynthetic Process (GO:2001171),1/8,0.08760428803520902,0.18716162593437702,17.3863539445629,42.3344736518504,TREM2
GO_Biological_Process_2023,Positive Regulation Of Stress-Activated MAPK Cascade (GO:0032874),3/91,0.08571711962593345,0.18716162593437702,3.453775590790353,8.484899857305793,NCF1;FCGR2B;SPI1
GO_Biological_Process_2023,Sphingosine-1-Phosphate Receptor Signaling Pathway (GO:0003376),1/8,0.08760428803520902,0.18716162593437702,17.3863539445629,42.3344736518504,PIK3CG
GO_Biological_Process_2023,Macrophage Migration (GO:1905517),1/8,0.08760428803520902,0.18716162593437702,17.3863539445629,42.3344736518504,CCL3
GO_Biological_Process_2023,Positive Regulation Of Osteoclast Differentiation (GO:0045672),1/8,0.08760428803520902,0.18716162593437702,17.3863539445629,42.3344736518504,TYROBP
GO_Biological_Process_2023,Phosphatidylinositol Biosynthetic Process (GO:0006661),3/90,0.08356073318892393,0.18716162593437702,3.49341935483871,8.671301131635971,PLCG2;INPP5D;PIK3CG
GO_Biological_Process_2023,Actin Filament Network Formation (GO:0051639),1/8,0.08760428803520902,0.18716162593437702,17.3863539445629,42.3344736518504,LCP1
Reactome_2022,Nef And Signal Transduction R-HSA-164944,1/8,0.08760428803520902,0.18716162593437702,17.3863539445629,42.3344736518504,DOCK2
GO_Biological_Process_2023,Positive Regulation Of Monocyte Differentiation (GO:0045657),1/8,0.08760428803520902,0.18716162593437702,17.3863539445629,42.3344736518504,FES
GO_Biological_Process_2023,Regulation Of Proteolysis (GO:0030162),2/43,0.0861052068440041,0.18716162593437702,5.250509532777792,12.875222792576924,PLAUR;CAPN3
GO_Biological_Process_2023,Intestinal Absorption (GO:0050892),1/8,0.08760428803520902,0.18716162593437702,17.3863539445629,42.3344736518504,F11R
GO_Biological_Process_2023,Positive Regulation Of T-helper 17 Type Immune Response (GO:2000318),1/8,0.08760428803520902,0.18716162593437702,17.3863539445629,42.3344736518504,TYK2
GO_Biological_Process_2023,Macrophage Chemotaxis (GO:0048246),1/8,0.08760428803520902,0.18716162593437702,17.3863539445629,42.3344736518504,CCL3
GO_Biological_Process_2023,Negative Regulation Of Long-Term Synaptic Potentiation (GO:1900272),1/8,0.08760428803520902,0.18716162593437702,17.3863539445629,42.3344736518504,TYROBP
GO_Biological_Process_2023,Cellular Response To Fatty Acid (GO:0071398),1/8,0.08760428803520902,0.18716162593437702,17.3863539445629,42.3344736518504,LCP1
GO_Biological_Process_2023,Cellular Response To Salt (GO:1902075),3/92,0.08789705553992778,0.1874570771488618,3.4150177209106745,8.303919431711927,PLCG2;ADCY7;CAPN3
Reactome_2022,Transcriptional Regulation By RUNX3 R-HSA-8878159,3/92,0.08789705553992778,0.1874570771488618,3.4150177209106745,8.303919431711927,RUNX1;PSMB8;PSMB9
KEGG_2019_Mouse,MAPK signaling pathway,6/270,0.08926531112232705,0.19020799832650373,2.155343044590237,5.2076155438172105,TGFBR1;FAS;NFATC1;CD14;TGFBR2;RASGRP3
GO_Biological_Process_2023,Positive Regulation Of Ras Protein Signal Transduction (GO:0046579),2/44,0.08955235541049694,0.1904851591422227,5.126716211109712,12.370416821854016,F11R;PIK3CG
KEGG_2019_Mouse,Proteasome,2/44,0.08955235541049694,0.1904851591422227,5.126716211109712,12.370416821854016,PSMB8;PSMB9
GO_Biological_Process_2023,Negative Regulation Of Defense Response (GO:0031348),3/93,0.09010025872975977,0.19148277402550523,3.377116378542149,8.128152587521031,TNFAIP8L2;ELF4;KLF4
GO_Biological_Process_2023,Positive Regulation Of Kinase Activity (GO:0033674),3/94,0.09232644435268092,0.19604224010844848,3.340043480815559,7.957402001412566,PTPRC;TREM2;LCP2
Reactome_2022,Cross-presentation Of Soluble Exogenous Antigens (Endosomes) R-HSA-1236978,2/45,0.09303974094364496,0.19738413572572233,5.008614536414876,11.8940999612648,PSMB8;PSMB9
Reactome_2022,Hedgehog Off State R-HSA-5610787,3/95,0.09457532508714393,0.20046664976986756,3.30377215925603,7.791479719190956,ADCY7;PSMB8;PSMB9
GO_Biological_Process_2023,Thymus Development (GO:0048538),1/9,0.09800309458798684,0.20140009361985103,15.340147999498306,35.631424233430785,TGFBR1
GO_Biological_Process_2023,cAMP Biosynthetic Process (GO:0006171),1/9,0.09800309458798684,0.20140009361985103,15.340147999498306,35.631424233430785,ADCY7
GO_Biological_Process_2023,Negative Regulation Of Alcohol Biosynthetic Process (GO:1902931),1/9,0.09800309458798684,0.20140009361985103,15.340147999498306,35.631424233430785,PLEK
Reactome_2022,ADORA2B Mediated Anti-Inflammatory Cytokine Production R-HSA-9660821,3/96,0.09684661129153302,0.20140009361985103,3.2682766948421595,7.630206619745907,ADCY7;GPR84;GNGT2
GO_Biological_Process_2023,Phagosome-Lysosome Fusion (GO:0090385),1/9,0.09800309458798684,0.20140009361985103,15.340147999498306,35.631424233430785,RAB7B
GO_Biological_Process_2023,Pinocytosis (GO:0006907),1/9,0.09800309458798684,0.20140009361985103,15.340147999498306,35.631424233430785,DOCK2
Reactome_2022,Calcineurin Activates NFAT R-HSA-2025928,1/9,0.09800309458798684,0.20140009361985103,15.340147999498306,35.631424233430785,NFATC1
GO_Biological_Process_2023,Regulation Of Epithelial Cell Migration (GO:0010632),2/46,0.09656600878760319,0.20140009361985103,4.895820802155764,11.444120536431074,PLCG2;CTSH
GO_Biological_Process_2023,Renal System Development (GO:0072001),2/46,0.09656600878760319,0.20140009361985103,4.895820802155764,11.444120536431074,TGFBR1;STAT1
Reactome_2022,Dissolution Of Fibrin Clot R-HSA-75205,1/9,0.09800309458798684,0.20140009361985103,15.340147999498306,35.631424233430785,PLAUR
GO_Biological_Process_2023,Response To Laminar Fluid Shear Stress (GO:0034616),1/9,0.09800309458798684,0.20140009361985103,15.340147999498306,35.631424233430785,KLF4
GO_Biological_Process_2023,Sarcoplasmic Reticulum Calcium Ion Transport (GO:0070296),1/9,0.09800309458798684,0.20140009361985103,15.340147999498306,35.631424233430785,CCL3
Reactome_2022,Toll Like Receptor 3 (TLR3) Cascade R-HSA-168164,3/96,0.09684661129153302,0.20140009361985103,3.2682766948421595,7.630206619745907,USP18;NLRC5;IRF7
Reactome_2022,RUNX3 Regulates p14-ARF R-HSA-8951936,1/9,0.09800309458798684,0.20140009361985103,15.340147999498306,35.631424233430785,RUNX1
GO_Biological_Process_2023,Glutamine Metabolic Process (GO:0006541),1/9,0.09800309458798684,0.20140009361985103,15.340147999498306,35.631424233430785,UCP2
GO_Biological_Process_2023,T Cell Differentiation In Thymus (GO:0033077),1/9,0.09800309458798684,0.20140009361985103,15.340147999498306,35.631424233430785,PTPRC
GO_Biological_Process_2023,Glycosphingolipid Catabolic Process (GO:0046479),1/9,0.09800309458798684,0.20140009361985103,15.340147999498306,35.631424233430785,HEXB
GO_Biological_Process_2023,Response To Interleukin-6 (GO:0070741),1/9,0.09800309458798684,0.20140009361985103,15.340147999498306,35.631424233430785,SBNO2
GO_Biological_Process_2023,Epithelial To Mesenchymal Transition (GO:0001837),2/46,0.09656600878760319,0.20140009361985103,4.895820802155764,11.444120536431074,TGFBR1;DLG5
Reactome_2022,Adenylate Cyclase Activating Pathway R-HSA-170660,1/9,0.09800309458798684,0.20140009361985103,15.340147999498306,35.631424233430785,ADCY7
GO_Biological_Process_2023,Regulation Of Protein Localization To Chromatin (GO:1905634),1/9,0.09800309458798684,0.20140009361985103,15.340147999498306,35.631424233430785,SPI1
Reactome_2022,Aspirin ADME R-HSA-9749641,1/9,0.09800309458798684,0.20140009361985103,15.340147999498306,35.631424233430785,SLCO2B1
Reactome_2022,Platelet Adhesion To Exposed Collagen R-HSA-75892,1/9,0.09800309458798684,0.20140009361985103,15.340147999498306,35.631424233430785,FCER1G
GO_Biological_Process_2023,Negative Regulation Of Chemokine Production (GO:0032682),1/9,0.09800309458798684,0.20140009361985103,15.340147999498306,35.631424233430785,KLF4
GO_Biological_Process_2023,Negative Regulation Of Cartilage Development (GO:0061037),1/9,0.09800309458798684,0.20140009361985103,15.340147999498306,35.631424233430785,TGFBR1
GO_Biological_Process_2023,Negative Regulation Of Tyrosine Phosphorylation Of STAT Protein (GO:0042532),1/9,0.09800309458798684,0.20140009361985103,15.340147999498306,35.631424233430785,PARP14
GO_Biological_Process_2023,Positive Regulation Of ATP Metabolic Process (GO:1903580),1/9,0.09800309458798684,0.20140009361985103,15.340147999498306,35.631424233430785,TREM2
GO_Biological_Process_2023,Positive Regulation Of Protein Depolymerization (GO:1901881),1/9,0.09800309458798684,0.20140009361985103,15.340147999498306,35.631424233430785,PLEK
Reactome_2022,Organic Cation/Anion/Zwitterion Transport R-HSA-549132,1/9,0.09800309458798684,0.20140009361985103,15.340147999498306,35.631424233430785,RUNX1
GO_Biological_Process_2023,Regulation Of Leukocyte Adhesion To Vascular Endothelial Cell (GO:1904994),1/9,0.09800309458798684,0.20140009361985103,15.340147999498306,35.631424233430785,ITGB2
GO_Biological_Process_2023,Positive Regulation Of Integrin Activation (GO:0033625),1/9,0.09800309458798684,0.20140009361985103,15.340147999498306,35.631424233430785,PLEK
GO_Biological_Process_2023,Cellular Response To Interleukin-12 (GO:0071349),1/9,0.09800309458798684,0.20140009361985103,15.340147999498306,35.631424233430785,TYK2
GO_Biological_Process_2023,Regulation Of Lymphocyte Activation (GO:0051249),1/9,0.09800309458798684,0.20140009361985103,15.340147999498306,35.631424233430785,PAG1
GO_Biological_Process_2023,calcineurin-NFAT Signaling Cascade (GO:0033173),1/9,0.09800309458798684,0.20140009361985103,15.340147999498306,35.631424233430785,NFATC1
Reactome_2022,Signaling By NOTCH3 R-HSA-9012852,2/46,0.09656600878760319,0.20140009361985103,4.895820802155764,11.444120536431074,IKZF1;STAT1
Reactome_2022,Nef Mediated Downregulation Of MHC Class I Complex Cell Surface Expression R-HSA-164940,1/9,0.09800309458798684,0.20140009361985103,15.340147999498306,35.631424233430785,B2M
GO_Biological_Process_2023,Regulation Of Neuron Apoptotic Process (GO:0043523),3/97,0.09914001115890415,0.2033920600867797,3.233532457188371,7.473411914861446,CCL3;FCGR2B;TREM2
GO_Biological_Process_2023,Positive Regulation Of Cellular Component Organization (GO:0051130),3/97,0.09914001115890415,0.2033920600867797,3.233532457188371,7.473411914861446,RUNX1;TGFBR1;TREM2
GO_Biological_Process_2023,Regulation Of Pathway-Restricted SMAD Protein Phosphorylation (GO:0060393),2/47,0.1001298296926316,0.2045581621750984,4.787985034237711,11.018530770825619,TGFBR1;TGFBR2
GO_Biological_Process_2023,Positive Regulation Of Protein Localization To Cell Periphery (GO:1904377),2/47,0.1001298296926316,0.2045581621750984,4.787985034237711,11.018530770825619,EPB41L2;TREM2
Reactome_2022,Inositol Phosphate Metabolism R-HSA-1483249,2/47,0.1001298296926316,0.2045581621750984,4.787985034237711,11.018530770825619,PLCG2;INPP5D
GO_Biological_Process_2023,Muscle Organ Development (GO:0007517),2/47,0.1001298296926316,0.2045581621750984,4.787985034237711,11.018530770825619,CXCL10;CAPN3
GO_Biological_Process_2023,Blood Vessel Morphogenesis (GO:0048514),2/47,0.1001298296926316,0.2045581621750984,4.787985034237711,11.018530770825619,TGFBR1;TGFBR2
Reactome_2022,Regulation Of Activated PAK-2p34 By Proteasome Mediated Degradation R-HSA-211733,2/48,0.10372989941615686,0.21115098295724263,4.684787363864521,10.61556363307734,PSMB8;PSMB9
GO_Biological_Process_2023,Regulation Of G1/S Transition Of Mitotic Cell Cycle (GO:2000045),3/99,0.1037919747292915,0.21115098295724263,3.1662042453618584,7.172613428497936,GPNMB;PTPN6;KLF4
Reactome_2022,SARS-CoV-1 Infection R-HSA-9678108,2/48,0.10372989941615686,0.21115098295724263,4.684787363864521,10.61556363307734,PARP10;PARP14
Reactome_2022,Interleukin-12 Family Signaling R-HSA-447115,2/48,0.10372989941615686,0.21115098295724263,4.684787363864521,10.61556363307734,TYK2;STAT1
Reactome_2022,Autodegradation Of E3 Ubiquitin Ligase COP1 R-HSA-349425,2/48,0.10372989941615686,0.21115098295724263,4.684787363864521,10.61556363307734,PSMB8;PSMB9
Reactome_2022,Regulation Of Ornithine Decarboxylase (ODC) R-HSA-350562,2/49,0.10736493832956323,0.2129700011086634,4.585934858559676,10.233612734172722,PSMB8;PSMB9
GO_Biological_Process_2023,Hematopoietic Stem Cell Proliferation (GO:0071425),1/10,0.10828388189867764,0.2129700011086634,13.724722253394681,30.510043354852364,RUNX1
GO_Biological_Process_2023,T Cell Homeostasis (GO:0043029),1/10,0.10828388189867764,0.2129700011086634,13.724722253394681,30.510043354852364,FAS
Reactome_2022,Hyaluronan Uptake And Degradation R-HSA-2160916,1/10,0.10828388189867764,0.2129700011086634,13.724722253394681,30.510043354852364,HEXB
Reactome_2022,Killing Mechanisms R-HSA-9664420,1/10,0.10828388189867764,0.2129700011086634,13.724722253394681,30.510043354852364,CYBA
GO_Biological_Process_2023,Positive Regulation Of Purine Nucleotide Biosynthetic Process (GO:1900373),1/10,0.10828388189867764,0.2129700011086634,13.724722253394681,30.510043354852364,TREM2
GO_Biological_Process_2023,Lipid Droplet Formation (GO:0140042),1/10,0.10828388189867764,0.2129700011086634,13.724722253394681,30.510043354852364,RNF213
GO_Biological_Process_2023,Positive Regulation Of Regulatory T Cell Differentiation (GO:0045591),1/10,0.10828388189867764,0.2129700011086634,13.724722253394681,30.510043354852364,VSIR
GO_Biological_Process_2023,Positive Regulation Of Actin Filament Bundle Assembly (GO:0032233),2/49,0.10736493832956323,0.2129700011086634,4.585934858559676,10.233612734172722,TGFBR1;PLEK
GO_Biological_Process_2023,C4-dicarboxylate Transport (GO:0015740),1/10,0.10828388189867764,0.2129700011086634,13.724722253394681,30.510043354852364,UCP2
GO_Biological_Process_2023,Positive Regulation Of Protein Localization To Cell Surface (GO:2000010),1/10,0.10828388189867764,0.2129700011086634,13.724722253394681,30.510043354852364,TYROBP
GO_Biological_Process_2023,Protein auto-ADP-ribosylation (GO:0070213),1/10,0.10828388189867764,0.2129700011086634,13.724722253394681,30.510043354852364,PARP10
GO_Biological_Process_2023,Calcineurin-Mediated Signaling (GO:0097720),1/10,0.10828388189867764,0.2129700011086634,13.724722253394681,30.510043354852364,NFATC1
GO_Biological_Process_2023,Nucleoside Phosphate Catabolic Process (GO:1901292),1/10,0.10828388189867764,0.2129700011086634,13.724722253394681,30.510043354852364,ENTPD1
GO_Biological_Process_2023,Basement Membrane Organization (GO:0071711),1/10,0.10828388189867764,0.2129700011086634,13.724722253394681,30.510043354852364,CTSS
Reactome_2022,Heme Degradation R-HSA-189483,1/10,0.10828388189867764,0.2129700011086634,13.724722253394681,30.510043354852364,SLCO2B1
GO_Biological_Process_2023,Maintenance Of Gastrointestinal Epithelium (GO:0030277),1/10,0.10828388189867764,0.2129700011086634,13.724722253394681,30.510043354852364,TLR4
GO_Biological_Process_2023,T Cell Mediated Immunity (GO:0002456),1/10,0.10828388189867764,0.2129700011086634,13.724722253394681,30.510043354852364,CTSH
Reactome_2022,STAT3 Nuclear Events Downstream Of ALK Signaling R-HSA-9701898,1/10,0.10828388189867764,0.2129700011086634,13.724722253394681,30.510043354852364,CD274
GO_Biological_Process_2023,Cardiac Left Ventricle Morphogenesis (GO:0003214),1/10,0.10828388189867764,0.2129700011086634,13.724722253394681,30.510043354852364,TGFBR2
GO_Biological_Process_2023,T Cell Proliferation (GO:0042098),1/10,0.10828388189867764,0.2129700011086634,13.724722253394681,30.510043354852364,PIK3CG
Reactome_2022,STAT5 Activation Downstream Of FLT3 ITD Mutants R-HSA-9702518,1/10,0.10828388189867764,0.2129700011086634,13.724722253394681,30.510043354852364,GAB2
GO_Biological_Process_2023,Positive Regulation Of Myelination (GO:0031643),1/10,0.10828388189867764,0.2129700011086634,13.724722253394681,30.510043354852364,ITGAX
GO_Biological_Process_2023,Embryonic Hemopoiesis (GO:0035162),1/10,0.10828388189867764,0.2129700011086634,13.724722253394681,30.510043354852364,TGFBR2
GO_Biological_Process_2023,Regulation Of Interleukin-1 Production (GO:0032652),1/10,0.10828388189867764,0.2129700011086634,13.724722253394681,30.510043354852364,TLR4
GO_Biological_Process_2023,Cellular Response To Increased Oxygen Levels (GO:0036295),1/10,0.10828388189867764,0.2129700011086634,13.724722253394681,30.510043354852364,FAS
GO_Biological_Process_2023,Regulation Of Actin Filament Depolymerization (GO:0030834),1/10,0.10828388189867764,0.2129700011086634,13.724722253394681,30.510043354852364,PLEK
GO_Biological_Process_2023,Establishment Of Endothelial Intestinal Barrier (GO:0090557),1/10,0.10828388189867764,0.2129700011086634,13.724722253394681,30.510043354852364,F11R
Reactome_2022,NF-kB Activation Thru FADD/RIP-1 Pathway Mediated By Caspase-8 And -10 R-HSA-933543,1/10,0.10828388189867764,0.2129700011086634,13.724722253394681,30.510043354852364,IFIH1
GO_Biological_Process_2023,MyD88-dependent Toll-Like Receptor Signaling Pathway (GO:0002755),1/10,0.10828388189867764,0.2129700011086634,13.724722253394681,30.510043354852364,TLR4
GO_Biological_Process_2023,N-acetylneuraminate Metabolic Process (GO:0006054),1/10,0.10828388189867764,0.2129700011086634,13.724722253394681,30.510043354852364,RENBP
GO_Biological_Process_2023,Regulation Of Lymphocyte Proliferation (GO:0050670),1/10,0.10828388189867764,0.2129700011086634,13.724722253394681,30.510043354852364,TNFSF8
GO_Biological_Process_2023,Positive Regulation Of Lipid Localization (GO:1905954),1/10,0.10828388189867764,0.2129700011086634,13.724722253394681,30.510043354852364,LCP1
GO_Biological_Process_2023,Negative Regulation Of Growth (GO:0045926),3/100,0.10614994533009471,0.2129700011086634,3.133575958092087,7.0283056820587815,SCGB3A1;BST2;SIPA1
GO_Biological_Process_2023,Negative Regulation Of Bone Remodeling (GO:0046851),1/10,0.10828388189867764,0.2129700011086634,13.724722253394681,30.510043354852364,INPP5D
GO_Biological_Process_2023,Negative Regulation Of Amyloid Fibril Formation (GO:1905907),1/10,0.10828388189867764,0.2129700011086634,13.724722253394681,30.510043354852364,TREM2
Reactome_2022,Vpu Mediated Degradation Of CD4 R-HSA-180534,2/49,0.10736493832956323,0.2129700011086634,4.585934858559676,10.233612734172722,PSMB8;PSMB9
GO_Biological_Process_2023,Defense Response To Fungus (GO:0050832),1/10,0.10828388189867764,0.2129700011086634,13.724722253394681,30.510043354852364,PLCG2
GO_Biological_Process_2023,Negative Regulation Of Leukocyte Chemotaxis (GO:0002689),1/10,0.10828388189867764,0.2129700011086634,13.724722253394681,30.510043354852364,RIN3
GO_Biological_Process_2023,Regulation Of Sensory Perception Of Pain (GO:0051930),1/10,0.10828388189867764,0.2129700011086634,13.724722253394681,30.510043354852364,CCL3
GO_Biological_Process_2023,Activin Receptor Signaling Pathway (GO:0032924),1/10,0.10828388189867764,0.2129700011086634,13.724722253394681,30.510043354852364,TGFBR1
Reactome_2022,Ubiquitin-dependent Degradation Of Cyclin D R-HSA-75815,2/50,0.11103369103063702,0.21697163295600327,4.491158745226164,9.871214819315792,PSMB8;PSMB9
Reactome_2022,Transcriptional Activity Of SMAD2/SMAD3:SMAD4 Heterotrimer R-HSA-2173793,2/50,0.11103369103063702,0.21697163295600327,4.491158745226164,9.871214819315792,TGIF1;STAT1
Reactome_2022,GSK3B And BTRC:CUL1-mediated-degradation Of NFE2L2 R-HSA-9762114,2/50,0.11103369103063702,0.21697163295600327,4.491158745226164,9.871214819315792,PSMB8;PSMB9
GO_Biological_Process_2023,Negative Regulation Of Protein Modification By Small Protein Conjugation Or Removal (GO:1903321),2/50,0.11103369103063702,0.21697163295600327,4.491158745226164,9.871214819315792,ISG15;CAPN3
Reactome_2022,Ubiquitin Mediated Degradation Of Phosphorylated Cdc25A R-HSA-69601,2/50,0.11103369103063702,0.21697163295600327,4.491158745226164,9.871214819315792,PSMB8;PSMB9
GO_Biological_Process_2023,Glucose Metabolic Process (GO:0006006),2/50,0.11103369103063702,0.21697163295600327,4.491158745226164,9.871214819315792,HK2;HK3
GO_Biological_Process_2023,Gland Development (GO:0048732),2/50,0.11103369103063702,0.21697163295600327,4.491158745226164,9.871214819315792,CEBPA;TGFBR1
Reactome_2022,Transcriptional Regulation By RUNX1 R-HSA-8878171,4/160,0.11054892576723346,0.21697163295600327,2.513521346407303,5.53552074406192,RUNX1;PSMB8;PSMB9;SPI1
GO_Biological_Process_2023,Protein Maturation (GO:0051604),3/103,0.11334822047656226,0.22131627602302223,3.039587011180656,6.618064231947419,SRGN;CASP4;CTSS
Reactome_2022,Vif-mediated Degradation Of APOBEC3G R-HSA-180585,2/51,0.11473492596158548,0.2233052648827329,4.400211969805118,9.527034474849014,PSMB8;PSMB9
Reactome_2022,Regulation Of Apoptosis R-HSA-169911,2/51,0.11473492596158548,0.2233052648827329,4.400211969805118,9.527034474849014,PSMB8;PSMB9
Reactome_2022,GABA Receptor Activation R-HSA-977443,2/51,0.11473492596158548,0.2233052648827329,4.400211969805118,9.527034474849014,ADCY7;GNGT2
Reactome_2022,Synthesis Of PIPs At Plasma Membrane R-HSA-1660499,2/51,0.11473492596158548,0.2233052648827329,4.400211969805118,9.527034474849014,INPP5D;PIK3CG
GO_Biological_Process_2023,Negative Regulation Of Signal Transduction (GO:0009968),5/225,0.11520430396007143,0.22403913919158122,2.1829454847738083,4.717450346507265,PLEK;RAB7B;INPP5D;TREM2;PTPRC
Reactome_2022,Keratan Sulfate Degradation R-HSA-2022857,1/11,0.11844798374442678,0.2241001284676643,12.41699664940603,26.488947629980437,HEXB
GO_Biological_Process_2023,Leukotriene Biosynthetic Process (GO:0019370),1/11,0.11844798374442678,0.2241001284676643,12.41699664940603,26.488947629980437,GGTA1
GO_Biological_Process_2023,Response To Zinc Ion (GO:0010043),1/11,0.11844798374442678,0.2241001284676643,12.41699664940603,26.488947629980437,HVCN1
Reactome_2022,SCF-beta-TrCP Mediated Degradation Of Emi1 R-HSA-174113,2/52,0.11846743503255595,0.2241001284676643,4.3128670468759935,9.199850732478811,PSMB8;PSMB9
GO_Biological_Process_2023,Nuclear Body Organization (GO:0030575),1/11,0.11844798374442678,0.2241001284676643,12.41699664940603,26.488947629980437,ETS1
GO_Biological_Process_2023,Interleukin-6-Mediated Signaling Pathway (GO:0070102),1/11,0.11844798374442678,0.2241001284676643,12.41699664940603,26.488947629980437,SPI1
Reactome_2022,CLEC7A (Dectin-1) Induces NFAT Activation R-HSA-5607763,1/11,0.11844798374442678,0.2241001284676643,12.41699664940603,26.488947629980437,NFATC1
GO_Biological_Process_2023,Golgi To Lysosome Transport (GO:0090160),1/11,0.11844798374442678,0.2241001284676643,12.41699664940603,26.488947629980437,LAPTM5
GO_Biological_Process_2023,Positive Regulation Of Response To Cytokine Stimulus (GO:0060760),1/11,0.11844798374442678,0.2241001284676643,12.41699664940603,26.488947629980437,IFIH1
GO_Biological_Process_2023,Negative Regulation Of Heart Contraction (GO:0045822),1/11,0.11844798374442678,0.2241001284676643,12.41699664940603,26.488947629980437,PIK3CG
GO_Biological_Process_2023,Negative Regulation Of Hippo Signaling (GO:0035331),1/11,0.11844798374442678,0.2241001284676643,12.41699664940603,26.488947629980437,DLG5
GO_Biological_Process_2023,Negative Regulation Of Chondrocyte Differentiation (GO:0032331),1/11,0.11844798374442678,0.2241001284676643,12.41699664940603,26.488947629980437,TGFBR1
GO_Biological_Process_2023,Epithelial Cell Morphogenesis (GO:0003382),1/11,0.11844798374442678,0.2241001284676643,12.41699664940603,26.488947629980437,SIPA1
GO_Biological_Process_2023,Negative Regulation By Host Of Viral Transcription (GO:0043922),1/11,0.11844798374442678,0.2241001284676643,12.41699664940603,26.488947629980437,CCL4
GO_Biological_Process_2023,Positive Regulation Of Lymphocyte Migration (GO:2000403),1/11,0.11844798374442678,0.2241001284676643,12.41699664940603,26.488947629980437,CXCL10
GO_Biological_Process_2023,Positive Regulation Of Monocyte Chemotaxis (GO:0090026),1/11,0.11844798374442678,0.2241001284676643,12.41699664940603,26.488947629980437,CXCL10
GO_Biological_Process_2023,Secondary Palate Development (GO:0062009),1/11,0.11844798374442678,0.2241001284676643,12.41699664940603,26.488947629980437,TGFBR2
GO_Biological_Process_2023,Natural Killer Cell Mediated Immunity (GO:0002228),1/11,0.11844798374442678,0.2241001284676643,12.41699664940603,26.488947629980437,ULBP1
GO_Biological_Process_2023,Positive Regulation Of Mitochondrion Organization (GO:0010822),2/52,0.11846743503255595,0.2241001284676643,4.3128670468759935,9.199850732478811,TREM2;PLAUR
GO_Biological_Process_2023,Cellular Response To Fluid Shear Stress (GO:0071498),1/11,0.11844798374442678,0.2241001284676643,12.41699664940603,26.488947629980437,KLF4
Reactome_2022,FBXL7 Down-Regulates AURKA During Mitotic Entry And In Early Mitosis R-HSA-8854050,2/52,0.11846743503255595,0.2241001284676643,4.3128670468759935,9.199850732478811,PSMB8;PSMB9
Reactome_2022,Signaling By PDGFRA Extracellular Domain Mutants R-HSA-9673770,1/11,0.11844798374442678,0.2241001284676643,12.41699664940603,26.488947629980437,STAT1
GO_Biological_Process_2023,Response To Iron Ion (GO:0010039),1/11,0.11844798374442678,0.2241001284676643,12.41699664940603,26.488947629980437,B2M
GO_Biological_Process_2023,Cellular Component Maintenance (GO:0043954),1/11,0.11844798374442678,0.2241001284676643,12.41699664940603,26.488947629980437,TREM2
Reactome_2022,Erythropoietin Activates Phosphoinositide-3-kinase (PI3K) R-HSA-9027276,1/11,0.11844798374442678,0.2241001284676643,12.41699664940603,26.488947629980437,PIK3CG
GO_Biological_Process_2023,Regulation Of Protein K63-linked Ubiquitination (GO:1900044),1/11,0.11844798374442678,0.2241001284676643,12.41699664940603,26.488947629980437,PARP10
GO_Biological_Process_2023,Phagolysosome Assembly (GO:0001845),1/11,0.11844798374442678,0.2241001284676643,12.41699664940603,26.488947629980437,RAB7B
GO_Biological_Process_2023,Negative Regulation Of Immune Effector Process (GO:0002698),1/11,0.11844798374442678,0.2241001284676643,12.41699664940603,26.488947629980437,HAVCR2
Reactome_2022,Negative Regulation Of NOTCH4 Signaling R-HSA-9604323,2/52,0.11846743503255595,0.2241001284676643,4.3128670468759935,9.199850732478811,PSMB8;PSMB9
GO_Biological_Process_2023,Neutrophil Mediated Immunity (GO:0002446),1/11,0.11844798374442678,0.2241001284676643,12.41699664940603,26.488947629980437,ANXA3
GO_Biological_Process_2023,Response To Muramyl Dipeptide (GO:0032495),1/11,0.11844798374442678,0.2241001284676643,12.41699664940603,26.488947629980437,IRF5
GO_Biological_Process_2023,cAMP Metabolic Process (GO:0046058),1/11,0.11844798374442678,0.2241001284676643,12.41699664940603,26.488947629980437,ADCY7
GO_Biological_Process_2023,Phosphatidylinositol-3-Phosphate Biosynthetic Process (GO:0036092),1/11,0.11844798374442678,0.2241001284676643,12.41699664940603,26.488947629980437,PIK3CG
GO_Biological_Process_2023,Protein Kinase A Signaling (GO:0010737),1/11,0.11844798374442678,0.2241001284676643,12.41699664940603,26.488947629980437,LCP1
GO_Biological_Process_2023,Positive Regulation Of T Cell Mediated Cytotoxicity (GO:0001916),1/11,0.11844798374442678,0.2241001284676643,12.41699664940603,26.488947629980437,ULBP1
KEGG_2019_Mouse,Cholinergic synapse,3/106,0.12072669246985603,0.22819601450493812,2.9510466988727857,6.239179740909482,ADCY7;PIK3CG;GNGT2
Reactome_2022,Stabilization Of P53 R-HSA-69541,2/53,0.12223003325057959,0.22960703614485808,4.228914159788777,8.888545303826016,PSMB8;PSMB9
GO_Biological_Process_2023,Mesenchymal Cell Differentiation (GO:0048762),2/53,0.12223003325057959,0.22960703614485808,4.228914159788777,8.888545303826016,TGFBR1;DLG5
GO_Biological_Process_2023,Response To Metal Ion (GO:0010038),2/53,0.12223003325057959,0.22960703614485808,4.228914159788777,8.888545303826016,HVCN1;CAPN3
KEGG_2019_Mouse,Glycolysis / Gluconeogenesis,2/53,0.12223003325057959,0.22960703614485808,4.228914159788777,8.888545303826016,HK2;HK3
Reactome_2022,Regulation Of RUNX3 Expression And Activity R-HSA-8941858,2/53,0.12223003325057959,0.22960703614485808,4.228914159788777,8.888545303826016,PSMB8;PSMB9
Reactome_2022,Degradation Of AXIN R-HSA-4641257,2/53,0.12223003325057959,0.22960703614485808,4.228914159788777,8.888545303826016,PSMB8;PSMB9
Reactome_2022,AUF1 (hnRNP D0) Binds And Destabilizes mRNA R-HSA-450408,2/53,0.12223003325057959,0.22960703614485808,4.228914159788777,8.888545303826016,PSMB8;PSMB9
GO_Biological_Process_2023,Peptidyl-Threonine Phosphorylation (GO:0018107),2/53,0.12223003325057959,0.22960703614485808,4.228914159788777,8.888545303826016,TGFBR1;TGFBR2
GO_Biological_Process_2023,Regulation Of Protein Kinase Activity (GO:0045859),3/107,0.123224806240246,0.2311179325696113,2.9226629623913154,6.119310668413053,PTPRC;FGR;LCP2
GO_Biological_Process_2023,Enzyme-Linked Receptor Protein Signaling Pathway (GO:0007167),3/107,0.123224806240246,0.2311179325696113,2.9226629623913154,6.119310668413053,BLNK;FGR;LCP2
Reactome_2022,Signaling By Rho GTPases R-HSA-194315,10/576,0.12374053883613102,0.23190601371064862,1.6296295571476938,3.4052223192641615,VAV1;DLG5;DOCK2;NCF1;CYBA;ARHGAP30;ARHGAP9;EPSTI1;NCF4;NCF2
GO_Biological_Process_2023,Regulation Of Cell Projection Organization (GO:0031344),1/12,0.1284967188928581,0.23501246175807583,11.336701585241494,23.26123278808723,TREM2
GO_Biological_Process_2023,Regulation Of Establishment Of Protein Localization (GO:0070201),1/12,0.1284967188928581,0.23501246175807583,11.336701585241494,23.26123278808723,TREM2
GO_Biological_Process_2023,Positive Regulation Of T-helper Cell Differentiation (GO:0045624),1/12,0.1284967188928581,0.23501246175807583,11.336701585241494,23.26123278808723,CD86
GO_Biological_Process_2023,Response To Fatty Acid (GO:0070542),1/12,0.1284967188928581,0.23501246175807583,11.336701585241494,23.26123278808723,LCP1
GO_Biological_Process_2023,Positive Regulation Of Natural Killer Cell Mediated Immunity (GO:0002717),1/12,0.1284967188928581,0.23501246175807583,11.336701585241494,23.26123278808723,SLAMF6
GO_Biological_Process_2023,Neuron Fate Commitment (GO:0048663),1/12,0.1284967188928581,0.23501246175807583,11.336701585241494,23.26123278808723,TGFBR1
GO_Biological_Process_2023,Negative Regulation Of Viral Entry Into Host Cell (GO:0046597),1/12,0.1284967188928581,0.23501246175807583,11.336701585241494,23.26123278808723,IFITM3
GO_Biological_Process_2023,Response To Acidic pH (GO:0010447),1/12,0.1284967188928581,0.23501246175807583,11.336701585241494,23.26123278808723,CTSS
Reactome_2022,TICAM1-dependent Activation Of IRF3/IRF7 R-HSA-9013973,1/12,0.1284967188928581,0.23501246175807583,11.336701585241494,23.26123278808723,IRF7
GO_Biological_Process_2023,Regulation Of Acute Inflammatory Response (GO:0002673),1/12,0.1284967188928581,0.23501246175807583,11.336701585241494,23.26123278808723,OSMR
GO_Biological_Process_2023,Regulation Of Amyloid-Beta Clearance (GO:1900221),1/12,0.1284967188928581,0.23501246175807583,11.336701585241494,23.26123278808723,TREM2
GO_Biological_Process_2023,Endocrine System Development (GO:0035270),1/12,0.1284967188928581,0.23501246175807583,11.336701585241494,23.26123278808723,TGFBR1
Reactome_2022,Signaling By BRAF And RAF1 Fusions R-HSA-6802952,2/54,0.12602155835386472,0.23501246175807583,4.148159477923932,8.592092220183403,ZC3HAV1;APBB1IP
Reactome_2022,Erythropoietin Activates RAS R-HSA-9027284,1/12,0.1284967188928581,0.23501246175807583,11.336701585241494,23.26123278808723,VAV1
GO_Biological_Process_2023,Positive Regulation Of Natural Killer Cell Mediated Cytotoxicity (GO:0045954),1/12,0.1284967188928581,0.23501246175807583,11.336701585241494,23.26123278808723,SLAMF6
Reactome_2022,FCGR3A-mediated Phagocytosis R-HSA-9664422,2/54,0.12602155835386472,0.23501246175807583,4.148159477923932,8.592092220183403,VAV1;FGR
GO_Biological_Process_2023,Glucosamine-Containing Compound Metabolic Process (GO:1901071),1/12,0.1284967188928581,0.23501246175807583,11.336701585241494,23.26123278808723,RENBP
Reactome_2022,GRB2:SOS Provides Linkage To MAPK Signaling For Integrins R-HSA-354194,1/12,0.1284967188928581,0.23501246175807583,11.336701585241494,23.26123278808723,APBB1IP
GO_Biological_Process_2023,Positive Regulation Of mRNA Metabolic Process (GO:1903313),1/12,0.1284967188928581,0.23501246175807583,11.336701585241494,23.26123278808723,ZC3HAV1
GO_Biological_Process_2023,Lipid Catabolic Process (GO:0016042),1/12,0.1284967188928581,0.23501246175807583,11.336701585241494,23.26123278808723,LCP1
GO_Biological_Process_2023,Atrioventricular Valve Development (GO:0003171),1/12,0.1284967188928581,0.23501246175807583,11.336701585241494,23.26123278808723,TGFBR2
Reactome_2022,Hh Mutants Are Degraded By ERAD R-HSA-5362768,2/54,0.12602155835386472,0.23501246175807583,4.148159477923932,8.592092220183403,PSMB8;PSMB9
GO_Biological_Process_2023,Bile Acid And Bile Salt Transport (GO:0015721),1/12,0.1284967188928581,0.23501246175807583,11.336701585241494,23.26123278808723,SLCO2B1
GO_Biological_Process_2023,Branching Involved In Blood Vessel Morphogenesis (GO:0001569),1/12,0.1284967188928581,0.23501246175807583,11.336701585241494,23.26123278808723,TGFBR2
Reactome_2022,Caspase Activation Via Death Receptors In Presence Of Ligand R-HSA-140534,1/12,0.1284967188928581,0.23501246175807583,11.336701585241494,23.26123278808723,TLR4
GO_Biological_Process_2023,Positive Regulation Of Type I Interferon-Mediated Signaling Pathway (GO:0060340),1/12,0.1284967188928581,0.23501246175807583,11.336701585241494,23.26123278808723,NLRC5
Reactome_2022,Adenylate Cyclase Inhibitory Pathway R-HSA-170670,1/12,0.1284967188928581,0.23501246175807583,11.336701585241494,23.26123278808723,ADCY7
GO_Biological_Process_2023,Regulation Of Protein Ubiquitination (GO:0031396),3/109,0.12827713079254408,0.23501246175807583,2.86749457317381,5.888578668235227,TGFBR1;ISG15;LAPTM5
Reactome_2022,p130Cas Linkage To MAPK Signaling For Integrins R-HSA-372708,1/12,0.1284967188928581,0.23501246175807583,11.336701585241494,23.26123278808723,APBB1IP
GO_Biological_Process_2023,Regulation Of Response To Endoplasmic Reticulum Stress (GO:1905897),1/12,0.1284967188928581,0.23501246175807583,11.336701585241494,23.26123278808723,FCGR2B
Reactome_2022,Degradation Of DVL R-HSA-4641258,2/54,0.12602155835386472,0.23501246175807583,4.148159477923932,8.592092220183403,PSMB8;PSMB9
GO_Biological_Process_2023,Positive Regulation Of Macrophage Derived Foam Cell Differentiation (GO:0010744),1/12,0.1284967188928581,0.23501246175807583,11.336701585241494,23.26123278808723,LCP1
GO_Biological_Process_2023,Cellular Response To Interleukin-1 (GO:0071347),2/55,0.1298408704513694,0.23640194492533653,4.070423662670856,8.309548687010526,CCL3;CCL4
Reactome_2022,Role Of GTSE1 In G2/M Progression After G2 Checkpoint R-HSA-8852276,2/55,0.1298408704513694,0.23640194492533653,4.070423662670856,8.309548687010526,PSMB8;PSMB9
Reactome_2022,Hh Mutants Abrogate Ligand Secretion R-HSA-5387390,2/55,0.1298408704513694,0.23640194492533653,4.070423662670856,8.309548687010526,PSMB8;PSMB9
Reactome_2022,Metabolism Of Polyamines R-HSA-351202,2/55,0.1298408704513694,0.23640194492533653,4.070423662670856,8.309548687010526,PSMB8;PSMB9
Reactome_2022,Late SARS-CoV-2 Infection Events R-HSA-9772573,2/55,0.1298408704513694,0.23640194492533653,4.070423662670856,8.309548687010526,PARP10;PARP14
Reactome_2022,Signaling By FGFR In Disease R-HSA-1226099,2/55,0.1298408704513694,0.23640194492533653,4.070423662670856,8.309548687010526,GAB2;STAT1
GO_Biological_Process_2023,Protein-Containing Complex Organization (GO:0043933),3/110,0.13083072694671397,0.23784732157279012,2.8406801700425106,5.777520068317925,CAPG;FAS;CAPN3
GO_Biological_Process_2023,Negative Regulation Of Cell Growth (GO:0030308),3/110,0.13083072694671397,0.23784732157279012,2.8406801700425106,5.777520068317925,SCGB3A1;BST2;SIPA1
Reactome_2022,GLI3 Is Processed To GLI3R By Proteasome R-HSA-5610785,2/56,0.1336868516675795,0.24195226621716284,3.9955405378857827,8.040046991481754,PSMB8;PSMB9
Reactome_2022,NIK To Noncanonical NF-kB Signaling R-HSA-5676590,2/56,0.1336868516675795,0.24195226621716284,3.9955405378857827,8.040046991481754,PSMB8;PSMB9
Reactome_2022,Degradation Of GLI1 By Proteasome R-HSA-5610780,2/56,0.1336868516675795,0.24195226621716284,3.9955405378857827,8.040046991481754,PSMB8;PSMB9
GO_Biological_Process_2023,Transmembrane Receptor Protein Serine/Threonine Kinase Signaling Pathway (GO:0007178),3/111,0.133402201901813,0.24195226621716284,2.814360041623309,5.6692092669439536,TGFBR1;TGFBR2;NRROS
GO_Biological_Process_2023,Positive Regulation Of Organelle Assembly (GO:1902117),2/56,0.1336868516675795,0.24195226621716284,3.9955405378857827,8.040046991481754,LCP1;CAPG
Reactome_2022,Degradation Of GLI2 By Proteasome R-HSA-5610783,2/56,0.1336868516675795,0.24195226621716284,3.9955405378857827,8.040046991481754,PSMB8;PSMB9
GO_Biological_Process_2023,Regulation Of Cell Differentiation (GO:0045595),4/172,0.13381674524901702,0.24200688578194063,2.3331325185379828,4.692592075906227,RUNX1;TGFBR1;FES;KLF4
GO_Biological_Process_2023,Adaptive Immune Response Based On Somatic Recombination Of Immune Receptors Built From Immunoglobulin Superfamily Domains (GO:0002460),1/13,0.1384313912702618,0.24363523322184585,10.429253731343284,20.622602394529974,TLR4
GO_Biological_Process_2023,Negative Regulation Of Interleukin-1 Beta Production (GO:0032691),1/13,0.1384313912702618,0.24363523322184585,10.429253731343284,20.622602394529974,ELF4
GO_Biological_Process_2023,Regulation Of Cellular Respiration (GO:0043457),1/13,0.1384313912702618,0.24363523322184585,10.429253731343284,20.622602394529974,IL10RB
GO_Biological_Process_2023,Ceramide Catabolic Process (GO:0046514),1/13,0.1384313912702618,0.24363523322184585,10.429253731343284,20.622602394529974,HEXB
GO_Biological_Process_2023,Negative Regulation Of Nucleocytoplasmic Transport (GO:0046823),1/13,0.1384313912702618,0.24363523322184585,10.429253731343284,20.622602394529974,SP100
GO_Biological_Process_2023,Second-Messenger-Mediated Signaling (GO:0019932),2/57,0.13755840579242037,0.24363523322184585,3.9233559040839556,7.7827873254048106,PLCG2;CCL3
GO_Biological_Process_2023,Regulation Of Fibrinolysis (GO:0051917),1/13,0.1384313912702618,0.24363523322184585,10.429253731343284,20.622602394529974,PLAUR
GO_Biological_Process_2023,Negative Regulation Of Epithelial Cell Proliferation (GO:0050680),2/57,0.13755840579242037,0.24363523322184585,3.9233559040839556,7.7827873254048106,B2M;STAT1
GO_Biological_Process_2023,Regulation Of B Cell Receptor Signaling Pathway (GO:0050855),1/13,0.1384313912702618,0.24363523322184585,10.429253731343284,20.622602394529974,FCGR2B
GO_Biological_Process_2023,Negative Regulation Of Cell Migration Involved In Sprouting Angiogenesis (GO:0090051),1/13,0.1384313912702618,0.24363523322184585,10.429253731343284,20.622602394529974,KLF4
GO_Biological_Process_2023,Negative Regulation Of Receptor Internalization (GO:0002091),1/13,0.1384313912702618,0.24363523322184585,10.429253731343284,20.622602394529974,RIN3
GO_Biological_Process_2023,Regulation Of Leukocyte Activation (GO:0002694),1/13,0.1384313912702618,0.24363523322184585,10.429253731343284,20.622602394529974,CD84
GO_Biological_Process_2023,Negative Regulation Of Receptor Signaling Pathway Via STAT (GO:1904893),1/13,0.1384313912702618,0.24363523322184585,10.429253731343284,20.622602394529974,BCL3
GO_Biological_Process_2023,Positive Regulation Of Cytokine Production Involved In Inflammatory Response (GO:1900017),1/13,0.1384313912702618,0.24363523322184585,10.429253731343284,20.622602394529974,TLR4
GO_Biological_Process_2023,Regulation Of Bicellular Tight Junction Assembly (GO:2000810),1/13,0.1384313912702618,0.24363523322184585,10.429253731343284,20.622602394529974,F11R
GO_Biological_Process_2023,Negative Regulation Of Cell Activation (GO:0050866),1/13,0.1384313912702618,0.24363523322184585,10.429253731343284,20.622602394529974,TREM2
GO_Biological_Process_2023,N-acetylglucosamine Metabolic Process (GO:0006044),1/13,0.1384313912702618,0.24363523322184585,10.429253731343284,20.622602394529974,RENBP
GO_Biological_Process_2023,Mitochondrial Fission (GO:0000266),1/13,0.1384313912702618,0.24363523322184585,10.429253731343284,20.622602394529974,UCP2
GO_Biological_Process_2023,Response To Cadmium Ion (GO:0046686),1/13,0.1384313912702618,0.24363523322184585,10.429253731343284,20.622602394529974,NCF1
GO_Biological_Process_2023,Response To Interleukin-1 (GO:0070555),2/57,0.13755840579242037,0.24363523322184585,3.9233559040839556,7.7827873254048106,CCL3;CCL4
GO_Biological_Process_2023,Negative Regulation Of Viral-Induced Cytoplasmic Pattern Recognition Receptor Signaling Pathway (GO:0039532),1/13,0.1384313912702618,0.24363523322184585,10.429253731343284,20.622602394529974,RAB7B
Reactome_2022,SCF(Skp2)-mediated Degradation Of P27/P21 R-HSA-187577,2/57,0.13755840579242037,0.24363523322184585,3.9233559040839556,7.7827873254048106,PSMB8;PSMB9
GO_Biological_Process_2023,Positive Regulation Of Sprouting Angiogenesis (GO:1903672),1/13,0.1384313912702618,0.24363523322184585,10.429253731343284,20.622602394529974,KLF4
Reactome_2022,Synthesis Of Prostaglandins (PG) And Thromboxanes (TX) R-HSA-2162123,1/13,0.1384313912702618,0.24363523322184585,10.429253731343284,20.622602394529974,TBXAS1
GO_Biological_Process_2023,Regulation Of Macrophage Differentiation (GO:0045649),1/13,0.1384313912702618,0.24363523322184585,10.429253731343284,20.622602394529974,C1QC
GO_Biological_Process_2023,Aorta Development (GO:0035904),1/13,0.1384313912702618,0.24363523322184585,10.429253731343284,20.622602394529974,TGFBR2
GO_Biological_Process_2023,Kidney Development (GO:0001822),2/57,0.13755840579242037,0.24363523322184585,3.9233559040839556,7.7827873254048106,TGFBR1;CTSH
Reactome_2022,Ca2+ Pathway R-HSA-4086398,2/57,0.13755840579242037,0.24363523322184585,3.9233559040839556,7.7827873254048106,GNGT2;NFATC1
GO_Biological_Process_2023,Positive Regulation Of Protein Metabolic Process (GO:0051247),4/174,0.13787687379161606,0.24363523322184585,2.3055363782041134,4.568176433001541,CAPN3;KLF4;CD86;BCL3
Reactome_2022,CS/DS Degradation R-HSA-2024101,1/13,0.1384313912702618,0.24363523322184585,10.429253731343284,20.622602394529974,HEXB
GO_Biological_Process_2023,Regulation Of Receptor Signaling Pathway Via STAT (GO:1904892),1/13,0.1384313912702618,0.24363523322184585,10.429253731343284,20.622602394529974,PTPRC
GO_Biological_Process_2023,Positive Regulation Of Cell Cycle Phase Transition (GO:1901989),1/13,0.1384313912702618,0.24363523322184585,10.429253731343284,20.622602394529974,PLCG2
GO_Biological_Process_2023,Regulation Of Non-Canonical Wnt Signaling Pathway (GO:2000050),1/13,0.1384313912702618,0.24363523322184585,10.429253731343284,20.622602394529974,RNF213
GO_Biological_Process_2023,Prostanoid Biosynthetic Process (GO:0046457),1/13,0.1384313912702618,0.24363523322184585,10.429253731343284,20.622602394529974,TBXAS1
Reactome_2022,Interleukin-15 Signaling R-HSA-8983432,1/13,0.1384313912702618,0.24363523322184585,10.429253731343284,20.622602394529974,GAB2
Reactome_2022,Role Of LAT2/NTAL/LAB On Calcium Mobilization R-HSA-2730905,1/13,0.1384313912702618,0.24363523322184585,10.429253731343284,20.622602394529974,GAB2
GO_Biological_Process_2023,Substrate-Dependent Cell Migration (GO:0006929),1/13,0.1384313912702618,0.24363523322184585,10.429253731343284,20.622602394529974,PTPRC
Reactome_2022,Rab Regulation Of Trafficking R-HSA-9007101,3/113,0.13859755521754144,0.24375091776302396,2.7631489320293876,5.460481954069941,RAB7B;DENND1C;RIN3
Reactome_2022,"Signaling By Rho GTPases, Miro GTPases And RHOBTB3 R-HSA-9716542",10/591,0.1391889938411137,0.24461382190614256,1.5863915670345634,3.128241385771138,VAV1;DLG5;DOCK2;NCF1;CYBA;ARHGAP30;ARHGAP9;EPSTI1;NCF4;NCF2
Reactome_2022,Dectin-1 Mediated Noncanonical NF-kB Signaling R-HSA-5607761,2/58,0.14145445793623512,0.24841531795314228,3.853726478558299,7.537031405909424,PSMB8;PSMB9
GO_Biological_Process_2023,Natural Killer Cell Mediated Cytotoxicity (GO:0042267),1/14,0.14825329012790664,0.25500406459279196,9.656242596541103,18.43215499014834,ULBP1
Reactome_2022,GAB1 Signalosome R-HSA-180292,1/14,0.14825329012790664,0.25500406459279196,9.656242596541103,18.43215499014834,PAG1
Reactome_2022,SEMA3A-Plexin Repulsion Signaling By Inhibiting Integrin Adhesion R-HSA-399955,1/14,0.14825329012790664,0.25500406459279196,9.656242596541103,18.43215499014834,FES
Reactome_2022,"Synthesis, Secretion, And Deacylation Of Ghrelin R-HSA-422085",1/14,0.14825329012790664,0.25500406459279196,9.656242596541103,18.43215499014834,KLF4
GO_Biological_Process_2023,Regulation Of Vesicle Size (GO:0097494),1/14,0.14825329012790664,0.25500406459279196,9.656242596541103,18.43215499014834,RIN3
GO_Biological_Process_2023,Stem Cell Development (GO:0048864),1/14,0.14825329012790664,0.25500406459279196,9.656242596541103,18.43215499014834,PTPRC
Reactome_2022,Hyaluronan Metabolism R-HSA-2142845,1/14,0.14825329012790664,0.25500406459279196,9.656242596541103,18.43215499014834,HEXB
Reactome_2022,IRAK2 Mediated Activation Of TAK1 Complex Upon TLR7/8 Or 9 Stimulation R-HSA-975163,1/14,0.14825329012790664,0.25500406459279196,9.656242596541103,18.43215499014834,TLR4
GO_Biological_Process_2023,Macrophage Differentiation (GO:0030225),1/14,0.14825329012790664,0.25500406459279196,9.656242596541103,18.43215499014834,UCP2
GO_Biological_Process_2023,NAD Biosynthetic Process (GO:0009435),1/14,0.14825329012790664,0.25500406459279196,9.656242596541103,18.43215499014834,PARP10
GO_Biological_Process_2023,Extrinsic Apoptotic Signaling Pathway In Absence Of Ligand (GO:0097192),1/14,0.14825329012790664,0.25500406459279196,9.656242596541103,18.43215499014834,FAS
GO_Biological_Process_2023,Myoblast Fusion (GO:0007520),1/14,0.14825329012790664,0.25500406459279196,9.656242596541103,18.43215499014834,DOCK2
GO_Biological_Process_2023,Regulation Of Stem Cell Proliferation (GO:0072091),1/14,0.14825329012790664,0.25500406459279196,9.656242596541103,18.43215499014834,PTPRC
Reactome_2022,Rap1 Signaling R-HSA-392517,1/14,0.14825329012790664,0.25500406459279196,9.656242596541103,18.43215499014834,SIPA1
GO_Biological_Process_2023,Ganglioside Biosynthetic Process (GO:0001574),1/14,0.14825329012790664,0.25500406459279196,9.656242596541103,18.43215499014834,ST8SIA6
GO_Biological_Process_2023,Protein Insertion Into Membrane (GO:0051205),1/14,0.14825329012790664,0.25500406459279196,9.656242596541103,18.43215499014834,RTP4
GO_Biological_Process_2023,Ruffle Organization (GO:0031529),1/14,0.14825329012790664,0.25500406459279196,9.656242596541103,18.43215499014834,PLEK
GO_Biological_Process_2023,Regulation Of Amyloid Fibril Formation (GO:1905906),1/14,0.14825329012790664,0.25500406459279196,9.656242596541103,18.43215499014834,TREM2
GO_Biological_Process_2023,Regulation Of ATP Biosynthetic Process (GO:2001169),1/14,0.14825329012790664,0.25500406459279196,9.656242596541103,18.43215499014834,TREM2
GO_Biological_Process_2023,Cellular Response To pH (GO:0071467),1/14,0.14825329012790664,0.25500406459279196,9.656242596541103,18.43215499014834,HVCN1
Reactome_2022,Defective CFTR Causes Cystic Fibrosis R-HSA-5678895,2/59,0.14537395418975524,0.25500406459279196,3.7865189460944046,7.302096793165026,PSMB8;PSMB9
GO_Biological_Process_2023,Pharyngeal System Development (GO:0060037),1/14,0.14825329012790664,0.25500406459279196,9.656242596541103,18.43215499014834,TGFBR1
GO_Biological_Process_2023,Regulation Of Establishment Of Endothelial Barrier (GO:1903140),1/14,0.14825329012790664,0.25500406459279196,9.656242596541103,18.43215499014834,F11R
GO_Biological_Process_2023,Regulation Of Hematopoietic Progenitor Cell Differentiation (GO:1901532),1/14,0.14825329012790664,0.25500406459279196,9.656242596541103,18.43215499014834,SPI1
Reactome_2022,Response Of EIF2AK1 (HRI) To Heme Deficiency R-HSA-9648895,1/14,0.14825329012790664,0.25500406459279196,9.656242596541103,18.43215499014834,ATF3
GO_Biological_Process_2023,Protein Localization (GO:0008104),6/312,0.1470503822995814,0.25500406459279196,1.856113190246191,3.5581318897807908,RTP4;ARL11;CAPN3;LAPTM5;UNC93B1;EXOC8
GO_Biological_Process_2023,Regulation Of Rac Protein Signal Transduction (GO:0035020),1/14,0.14825329012790664,0.25500406459279196,9.656242596541103,18.43215499014834,PIK3CG
GO_Biological_Process_2023,Mesenchyme Development (GO:0060485),1/14,0.14825329012790664,0.25500406459279196,9.656242596541103,18.43215499014834,TGFBR1
GO_Biological_Process_2023,Protein Localization To Cell-Cell Junction (GO:0150105),1/14,0.14825329012790664,0.25500406459279196,9.656242596541103,18.43215499014834,F11R
GO_Biological_Process_2023,Negative Regulation Of Response To External Stimulus (GO:0032102),3/117,0.14918924020065552,0.2564322138576423,2.666093816030427,5.072349356731329,TNFAIP8L2;ELF4;KLF4
GO_Biological_Process_2023,Negative Regulation Of Extrinsic Apoptotic Signaling Pathway (GO:2001237),2/60,0.14931586128900268,0.2564682203456543,3.7216091070480792,7.077351818585427,TGFBR1;ICAM1
Reactome_2022,Asymmetric Localization Of PCP Proteins R-HSA-4608870,2/61,0.15327916628504806,0.2619778426576138,3.658881111331042,6.862211048974677,PSMB8;PSMB9
Reactome_2022,Hedgehog Ligand Biogenesis R-HSA-5358346,2/61,0.15327916628504806,0.2619778426576138,3.658881111331042,6.862211048974677,PSMB8;PSMB9
GO_Biological_Process_2023,Cellular Response To Calcium Ion (GO:0071277),2/61,0.15327916628504806,0.2619778426576138,3.658881111331042,6.862211048974677,PLCG2;CAPN3
GO_Biological_Process_2023,Peptidyl-Threonine Modification (GO:0018210),2/61,0.15327916628504806,0.2619778426576138,3.658881111331042,6.862211048974677,TGFBR1;TGFBR2
GO_Biological_Process_2023,Negative Regulation Of Protein Binding (GO:0032091),2/61,0.15327916628504806,0.2619778426576138,3.658881111331042,6.862211048974677,B2M;IFIT1
Reactome_2022,p53-Dependent G1 DNA Damage Response R-HSA-69563,2/61,0.15327916628504806,0.2619778426576138,3.658881111331042,6.862211048974677,PSMB8;PSMB9
Reactome_2022,Synthesis Of Substrates In N-glycan Biosythesis R-HSA-446219,2/61,0.15327916628504806,0.2619778426576138,3.658881111331042,6.862211048974677,ST8SIA6;RENBP
Reactome_2022,TRAF6-mediated Induction Of TAK1 Complex Within TLR4 Complex R-HSA-937072,1/15,0.157963690206495,0.2636711665276227,8.98985368722888,16.589786825715812,TLR4
Reactome_2022,Regulation Of KIT Signaling R-HSA-1433559,1/15,0.157963690206495,0.2636711665276227,8.98985368722888,16.589786825715812,PTPN6
GO_Biological_Process_2023,T-helper Cell Differentiation (GO:0042093),1/15,0.157963690206495,0.2636711665276227,8.98985368722888,16.589786825715812,GPR183
GO_Biological_Process_2023,Regulation Of RIG-I Signaling Pathway (GO:0039535),1/15,0.157963690206495,0.2636711665276227,8.98985368722888,16.589786825715812,DDX60
GO_Biological_Process_2023,Positive Regulation Of Cation Transmembrane Transport (GO:1904064),1/15,0.157963690206495,0.2636711665276227,8.98985368722888,16.589786825715812,CTSS
GO_Biological_Process_2023,Mesoderm Development (GO:0007498),1/15,0.157963690206495,0.2636711665276227,8.98985368722888,16.589786825715812,IKZF1
GO_Biological_Process_2023,Regulation Of Natural Killer Cell Mediated Cytotoxicity (GO:0042269),1/15,0.157963690206495,0.2636711665276227,8.98985368722888,16.589786825715812,SLAMF6
Reactome_2022,Oxygen-dependent Proline Hydroxylation Of Hypoxia-inducible Factor Alpha R-HSA-1234176,2/62,0.15726287621856241,0.2636711665276227,3.5982267683649813,6.6561312222329665,PSMB8;PSMB9
GO_Biological_Process_2023,Positive Chemotaxis (GO:0050918),1/15,0.157963690206495,0.2636711665276227,8.98985368722888,16.589786825715812,GPNMB
GO_Biological_Process_2023,Positive Regulation Of SMAD Protein Signal Transduction (GO:0060391),1/15,0.157963690206495,0.2636711665276227,8.98985368722888,16.589786825715812,TGFBR1
Reactome_2022,PKA Activation In Glucagon Signaling R-HSA-164378,1/15,0.157963690206495,0.2636711665276227,8.98985368722888,16.589786825715812,ADCY7
Reactome_2022,Autodegradation Of Cdh1 By Cdh1:APC/C R-HSA-174084,2/62,0.15726287621856241,0.2636711665276227,3.5982267683649813,6.6561312222329665,PSMB8;PSMB9
Reactome_2022,Programmed Cell Death R-HSA-5357801,4/183,0.15674186395453518,0.2636711665276227,2.1889638243982263,4.056489267850383,TLR4;CASP4;PSMB8;PSMB9
Reactome_2022,Surfactant Metabolism R-HSA-5683826,1/15,0.157963690206495,0.2636711665276227,8.98985368722888,16.589786825715812,CTSH
GO_Biological_Process_2023,Positive Regulation Of Stem Cell Proliferation (GO:2000648),1/15,0.157963690206495,0.2636711665276227,8.98985368722888,16.589786825715812,PTPRC
GO_Biological_Process_2023,Protein Targeting To Membrane (GO:0006612),2/62,0.15726287621856241,0.2636711665276227,3.5982267683649813,6.6561312222329665,RTP4;NCF1
GO_Biological_Process_2023,Positive Regulation Of T Cell Migration (GO:2000406),1/15,0.157963690206495,0.2636711665276227,8.98985368722888,16.589786825715812,CXCL10
Reactome_2022,Intrinsic Pathway Of Fibrin Clot Formation R-HSA-140837,1/15,0.157963690206495,0.2636711665276227,8.98985368722888,16.589786825715812,PROS1
GO_Biological_Process_2023,Negative Regulation Of ATP-dependent Activity (GO:0032780),1/15,0.157963690206495,0.2636711665276227,8.98985368722888,16.589786825715812,IFIT1
GO_Biological_Process_2023,Epiboly Involved In Wound Healing (GO:0090505),1/15,0.157963690206495,0.2636711665276227,8.98985368722888,16.589786825715812,LCP1
KEGG_2019_Mouse,Central carbon metabolism in cancer,2/62,0.15726287621856241,0.2636711665276227,3.5982267683649813,6.6561312222329665,HK2;HK3
GO_Biological_Process_2023,Negative Regulation Of T Cell Receptor Signaling Pathway (GO:0050860),1/15,0.157963690206495,0.2636711665276227,8.98985368722888,16.589786825715812,LAPTM5
Reactome_2022,N-Glycan Antennae Elongation R-HSA-975577,1/15,0.157963690206495,0.2636711665276227,8.98985368722888,16.589786825715812,ST8SIA6
GO_Biological_Process_2023,Establishment Of Protein Localization To Membrane (GO:0090150),2/62,0.15726287621856241,0.2636711665276227,3.5982267683649813,6.6561312222329665,RTP4;NCF1
Reactome_2022,Common Pathway Of Fibrin Clot Formation R-HSA-140875,1/15,0.157963690206495,0.2636711665276227,8.98985368722888,16.589786825715812,PROS1
GO_Biological_Process_2023,Regulation Of Endocytosis (GO:0030100),2/62,0.15726287621856241,0.2636711665276227,3.5982267683649813,6.6561312222329665,PTPRC;FGR
GO_Biological_Process_2023,Negative Regulation Of Lipid Storage (GO:0010888),1/15,0.157963690206495,0.2636711665276227,8.98985368722888,16.589786825715812,TREM2
GO_Biological_Process_2023,Acylglycerol Homeostasis (GO:0055090),1/15,0.157963690206495,0.2636711665276227,8.98985368722888,16.589786825715812,LCP1
GO_Biological_Process_2023,Cellular Response To Interferon-Beta (GO:0035458),1/15,0.157963690206495,0.2636711665276227,8.98985368722888,16.589786825715812,STAT1
GO_Biological_Process_2023,Positive Regulation Of Collagen Biosynthetic Process (GO:0032967),1/15,0.157963690206495,0.2636711665276227,8.98985368722888,16.589786825715812,RUNX1
Reactome_2022,Signaling By FLT3 ITD And TKD Mutants R-HSA-9703648,1/15,0.157963690206495,0.2636711665276227,8.98985368722888,16.589786825715812,GAB2
Reactome_2022,Fertilization R-HSA-1187000,1/15,0.157963690206495,0.2636711665276227,8.98985368722888,16.589786825715812,HVCN1
Reactome_2022,G Alpha (S) Signaling Events R-HSA-418555,3/119,0.15458064137818128,0.2636711665276227,2.62006553140431,4.8917654942525575,ADCY7;GPR84;GNGT2
GO_Biological_Process_2023,Cellular Response To Cadmium Ion (GO:0071276),1/15,0.157963690206495,0.2636711665276227,8.98985368722888,16.589786825715812,NCF1
Reactome_2022,G1/S DNA Damage Checkpoints R-HSA-69615,2/63,0.1612660177991005,0.2688136162077039,3.5395449243571666,6.458607598879811,PSMB8;PSMB9
Reactome_2022,Peptide Hormone Metabolism R-HSA-2980736,2/63,0.1612660177991005,0.2688136162077039,3.5395449243571666,6.458607598879811,KLF4;EXOC8
KEGG_2019_Mouse,Steroid biosynthesis,1/16,0.16756385189878456,0.27385688118407414,8.409450443634363,15.022564863445137,NSDHL
Reactome_2022,Activation Of NF-kappaB In B Cells R-HSA-1169091,2/64,0.16528763708904082,0.27385688118407414,3.482740899357602,6.26917068101347,PSMB8;PSMB9
Reactome_2022,FOXO-mediated Transcription Of Cell Cycle Genes R-HSA-9617828,1/16,0.16756385189878456,0.27385688118407414,8.409450443634363,15.022564863445137,KLF4
GO_Biological_Process_2023,Neuron Maturation (GO:0042551),1/16,0.16756385189878456,0.27385688118407414,8.409450443634363,15.022564863445137,C1QA
GO_Biological_Process_2023,Acylglycerol Catabolic Process (GO:0046464),1/16,0.16756385189878456,0.27385688118407414,8.409450443634363,15.022564863445137,LCP1
GO_Biological_Process_2023,Regulation Of Oxidative Stress-Induced Intrinsic Apoptotic Signaling Pathway (GO:1902175),1/16,0.16756385189878456,0.27385688118407414,8.409450443634363,15.022564863445137,TREM2
Reactome_2022,Cell-extracellular Matrix Interactions R-HSA-446353,1/16,0.16756385189878456,0.27385688118407414,8.409450443634363,15.022564863445137,FBLIM1
GO_Biological_Process_2023,Epithelial Cell Development (GO:0002064),1/16,0.16756385189878456,0.27385688118407414,8.409450443634363,15.022564863445137,SIPA1
GO_Biological_Process_2023,Regulation Of Behavior (GO:0050795),1/16,0.16756385189878456,0.27385688118407414,8.409450443634363,15.022564863445137,CCL3
GO_Biological_Process_2023,Negative Regulation Of Fibroblast Proliferation (GO:0048147),1/16,0.16756385189878456,0.27385688118407414,8.409450443634363,15.022564863445137,PARP10
GO_Biological_Process_2023,Regulation Of Heterotypic Cell-Cell Adhesion (GO:0034114),1/16,0.16756385189878456,0.27385688118407414,8.409450443634363,15.022564863445137,KLF4
Reactome_2022,Sema3A PAK Dependent Axon Repulsion R-HSA-399954,1/16,0.16756385189878456,0.27385688118407414,8.409450443634363,15.022564863445137,FES
GO_Biological_Process_2023,Positive Regulation Of Phosphoprotein Phosphatase Activity (GO:0032516),1/16,0.16756385189878456,0.27385688118407414,8.409450443634363,15.022564863445137,PTPRC
Reactome_2022,G Beta:Gamma Signaling Thru BTK R-HSA-8964315,1/16,0.16756385189878456,0.27385688118407414,8.409450443634363,15.022564863445137,GNGT2
GO_Biological_Process_2023,Vesicle Transport Along Actin Filament (GO:0030050),1/16,0.16756385189878456,0.27385688118407414,8.409450443634363,15.022564863445137,MYO1F
GO_Biological_Process_2023,Negative Regulation Of Cell Communication (GO:0010648),1/16,0.16756385189878456,0.27385688118407414,8.409450443634363,15.022564863445137,INPP5D
Reactome_2022,Prostacyclin Signaling Thru Prostacyclin Receptor R-HSA-392851,1/16,0.16756385189878456,0.27385688118407414,8.409450443634363,15.022564863445137,GNGT2
GO_Biological_Process_2023,Protein Autoprocessing (GO:0016540),1/16,0.16756385189878456,0.27385688118407414,8.409450443634363,15.022564863445137,CASP4
Reactome_2022,CRMPs In Sema3A Signaling R-HSA-399956,1/16,0.16756385189878456,0.27385688118407414,8.409450443634363,15.022564863445137,FES
GO_Biological_Process_2023,Maintenance Of Protein Localization In Organelle (GO:0072595),1/16,0.16756385189878456,0.27385688118407414,8.409450443634363,15.022564863445137,HK2
GO_Biological_Process_2023,Positive Regulation Of T Cell Cytokine Production (GO:0002726),1/16,0.16756385189878456,0.27385688118407414,8.409450443634363,15.022564863445137,RSAD2
GO_Biological_Process_2023,Regulation Of T Cell Migration (GO:2000404),1/16,0.16756385189878456,0.27385688118407414,8.409450443634363,15.022564863445137,CXCL10
GO_Biological_Process_2023,Intrinsic Apoptotic Signaling Pathway In Response To DNA Damage By P53 Class Mediator (GO:0042771),1/16,0.16756385189878456,0.27385688118407414,8.409450443634363,15.022564863445137,BCL3
GO_Biological_Process_2023,Prostaglandin Biosynthetic Process (GO:0001516),1/16,0.16756385189878456,0.27385688118407414,8.409450443634363,15.022564863445137,TBXAS1
Reactome_2022,PKA Activation R-HSA-163615,1/16,0.16756385189878456,0.27385688118407414,8.409450443634363,15.022564863445137,ADCY7
GO_Biological_Process_2023,Regulation Of Nuclear Division (GO:0051783),1/16,0.16756385189878456,0.27385688118407414,8.409450443634363,15.022564863445137,CDCA2
GO_Biological_Process_2023,Cyclic Nucleotide Biosynthetic Process (GO:0009190),1/16,0.16756385189878456,0.27385688118407414,8.409450443634363,15.022564863445137,ADCY7
GO_Biological_Process_2023,Negative Regulation Of Cell Development (GO:0010721),1/16,0.16756385189878456,0.27385688118407414,8.409450443634363,15.022564863445137,B2M
GO_Biological_Process_2023,Regulation Of Regulatory T Cell Differentiation (GO:0045589),1/16,0.16756385189878456,0.27385688118407414,8.409450443634363,15.022564863445137,VSIR
GO_Biological_Process_2023,Regulation Of Actin Filament-Based Process (GO:0032970),2/65,0.1693267991921305,0.27599472239039674,3.4277259775076296,6.087383256615294,F11R;BST2
GO_Biological_Process_2023,Negative Regulation Of Cell Adhesion (GO:0007162),2/65,0.1693267991921305,0.27599472239039674,3.4277259775076296,6.087383256615294,PTPRC;SIPA1
Reactome_2022,APC/C:Cdc20 Mediated Degradation Of Securin R-HSA-174154,2/65,0.1693267991921305,0.27599472239039674,3.4277259775076296,6.087383256615294,PSMB8;PSMB9
GO_Biological_Process_2023,Positive Regulation Of Growth (GO:0045927),2/65,0.1693267991921305,0.27599472239039674,3.4277259775076296,6.087383256615294,TGFBR1;CXCL16
GO_Biological_Process_2023,Activation Of Protein Kinase Activity (GO:0032147),2/66,0.17338258794656145,0.2816596659613819,3.374416944707269,5.912837732497067,TGFBR2;CD86
Reactome_2022,Orc1 Removal From Chromatin R-HSA-68949,2/66,0.17338258794656145,0.2816596659613819,3.374416944707269,5.912837732497067,PSMB8;PSMB9
GO_Biological_Process_2023,Positive Regulation Of Protein Localization To Nucleus (GO:1900182),2/66,0.17338258794656145,0.2816596659613819,3.374416944707269,5.912837732497067,HCLS1;TYK2
Reactome_2022,Regulation Of PTEN Stability And Activity R-HSA-8948751,2/66,0.17338258794656145,0.2816596659613819,3.374416944707269,5.912837732497067,PSMB8;PSMB9
GO_Biological_Process_2023,Positive Regulation Of Cytoskeleton Organization (GO:0051495),2/66,0.17338258794656145,0.2816596659613819,3.374416944707269,5.912837732497067,FES;PLEK
GO_Biological_Process_2023,Positive Regulation Of Response To Endoplasmic Reticulum Stress (GO:1905898),1/17,0.17705502141039425,0.2821487439021844,7.8993991083543325,13.676188119829298,FCGR2B
GO_Biological_Process_2023,Calcium-Mediated Signaling Using Intracellular Calcium Source (GO:0035584),1/17,0.17705502141039425,0.2821487439021844,7.8993991083543325,13.676188119829298,PTPRC
GO_Biological_Process_2023,Carbohydrate Derivative Transport (GO:1901264),1/17,0.17705502141039425,0.2821487439021844,7.8993991083543325,13.676188119829298,SLC15A3
GO_Biological_Process_2023,Maintenance Of Protein Location In Nucleus (GO:0051457),1/17,0.17705502141039425,0.2821487439021844,7.8993991083543325,13.676188119829298,SP100
Reactome_2022,VxPx Cargo-Targeting To Cilium R-HSA-5620916,1/17,0.17705502141039425,0.2821487439021844,7.8993991083543325,13.676188119829298,EXOC8
Reactome_2022,Interleukin-37 Signaling R-HSA-9008059,1/17,0.17705502141039425,0.2821487439021844,7.8993991083543325,13.676188119829298,PTPN6
GO_Biological_Process_2023,Negative Regulation Of Transcription By RNA Polymerase II (GO:0000122),9/548,0.17507768464315818,0.2821487439021844,1.5434800843721295,2.6895533923506734,CEBPA;TGIF1;STAT1;ATF3;RUNX1;IRF7;SP100;KLF4;SPI1
GO_Biological_Process_2023,Neuron Apoptotic Process (GO:0051402),1/17,0.17705502141039425,0.2821487439021844,7.8993991083543325,13.676188119829298,FAS
GO_Biological_Process_2023,Positive Regulation Of Establishment Of Protein Localization (GO:1904951),1/17,0.17705502141039425,0.2821487439021844,7.8993991083543325,13.676188119829298,TREM2
GO_Biological_Process_2023,Positive Regulation Of Extracellular Matrix Organization (GO:1903055),1/17,0.17705502141039425,0.2821487439021844,7.8993991083543325,13.676188119829298,RUNX1
GO_Biological_Process_2023,Regulation Of Cysteine-Type Endopeptidase Activity (GO:2000116),1/17,0.17705502141039425,0.2821487439021844,7.8993991083543325,13.676188119829298,PSMB9
GO_Biological_Process_2023,Positive Regulation Of Leukocyte Migration (GO:0002687),1/17,0.17705502141039425,0.2821487439021844,7.8993991083543325,13.676188119829298,ICAM1
GO_Biological_Process_2023,Inositol Phosphate-Mediated Signaling (GO:0048016),1/17,0.17705502141039425,0.2821487439021844,7.8993991083543325,13.676188119829298,NFATC1
GO_Biological_Process_2023,Actin Filament Capping (GO:0051693),1/17,0.17705502141039425,0.2821487439021844,7.8993991083543325,13.676188119829298,CAPG
GO_Biological_Process_2023,Barbed-End Actin Filament Capping (GO:0051016),1/17,0.17705502141039425,0.2821487439021844,7.8993991083543325,13.676188119829298,CAPG
GO_Biological_Process_2023,Retina Homeostasis (GO:0001895),1/17,0.17705502141039425,0.2821487439021844,7.8993991083543325,13.676188119829298,B2M
GO_Biological_Process_2023,Peptide Catabolic Process (GO:0043171),1/17,0.17705502141039425,0.2821487439021844,7.8993991083543325,13.676188119829298,CTSH
GO_Biological_Process_2023,Aorta Morphogenesis (GO:0035909),1/17,0.17705502141039425,0.2821487439021844,7.8993991083543325,13.676188119829298,TGFBR2
GO_Biological_Process_2023,Heart Trabecula Morphogenesis (GO:0061384),1/17,0.17705502141039425,0.2821487439021844,7.8993991083543325,13.676188119829298,TGFBR1
GO_Biological_Process_2023,Golgi To Vacuole Transport (GO:0006896),1/17,0.17705502141039425,0.2821487439021844,7.8993991083543325,13.676188119829298,LAPTM5
KEGG_2019_Mouse,Glycosaminoglycan degradation,1/17,0.17705502141039425,0.2821487439021844,7.8993991083543325,13.676188119829298,HEXB
GO_Biological_Process_2023,Positive Regulation Of Smoothened Signaling Pathway (GO:0045880),1/17,0.17705502141039425,0.2821487439021844,7.8993991083543325,13.676188119829298,DLG5
GO_Biological_Process_2023,Cardiac Epithelial To Mesenchymal Transition (GO:0060317),1/17,0.17705502141039425,0.2821487439021844,7.8993991083543325,13.676188119829298,TGFBR1
Reactome_2022,Regulation Of RUNX1 Expression And Activity R-HSA-8934593,1/17,0.17705502141039425,0.2821487439021844,7.8993991083543325,13.676188119829298,RUNX1
GO_Biological_Process_2023,Negative Regulation Of Interleukin-1 Production (GO:0032692),1/17,0.17705502141039425,0.2821487439021844,7.8993991083543325,13.676188119829298,ELF4
GO_Biological_Process_2023,Receptor Clustering (GO:0043113),1/17,0.17705502141039425,0.2821487439021844,7.8993991083543325,13.676188119829298,ITGB2
Reactome_2022,Nef-mediated Downmodulation Of Cell Surface Receptors By Recruitment To Clathrin Adapters R-HSA-164938,1/17,0.17705502141039425,0.2821487439021844,7.8993991083543325,13.676188119829298,B2M
GO_Biological_Process_2023,Regulation Of Collagen Biosynthetic Process (GO:0032965),1/17,0.17705502141039425,0.2821487439021844,7.8993991083543325,13.676188119829298,RUNX1
GO_Biological_Process_2023,Regulation Of Calcium Ion Import (GO:0090279),1/17,0.17705502141039425,0.2821487439021844,7.8993991083543325,13.676188119829298,CCL3
GO_Biological_Process_2023,Regulation Of Cell Cycle G1/S Phase Transition (GO:1902806),2/67,0.17745410562252353,0.28222877742192964,3.3227356686336367,5.745153723817314,PLCG2;PTPN6
GO_Biological_Process_2023,Positive Regulation Of Catabolic Process (GO:0009896),2/67,0.17745410562252353,0.28222877742192964,3.3227356686336367,5.745153723817314,LAPTM5;VSIR
GO_Biological_Process_2023,Organonitrogen Compound Catabolic Process (GO:1901565),2/67,0.17745410562252353,0.28222877742192964,3.3227356686336367,5.745153723817314,RENBP;CAPN3
GO_Biological_Process_2023,Positive Regulation Of Protein Kinase Activity (GO:0045860),3/128,0.1795544743564833,0.28538225884949897,2.4310928329691985,4.174858928775483,PTPRC;TGFBR2;LCP2
Reactome_2022,Oncogenic MAPK Signaling R-HSA-6802957,2/68,0.18154047262416864,0.28797302422147536,3.272608716652445,5.58397587207766,ZC3HAV1;APBB1IP
GO_Biological_Process_2023,Positive Regulation Of JNK Cascade (GO:0046330),2/68,0.18154047262416864,0.28797302422147536,3.272608716652445,5.58397587207766,FCGR2B;NCF1
GO_Biological_Process_2023,Regulation Of Hydrolase Activity (GO:0051336),2/68,0.18154047262416864,0.28797302422147536,3.272608716652445,5.58397587207766,VAV1;ARHGAP9
Reactome_2022,Tight Junction Interactions R-HSA-420029,1/18,0.18643843091881518,0.2906140474245115,7.447639354249162,12.509458896652003,F11R
GO_Biological_Process_2023,Positive Regulation Of Immune System Process (GO:0002684),1/18,0.18643843091881518,0.2906140474245115,7.447639354249162,12.509458896652003,RSAD2
Reactome_2022,APC:Cdc20 Mediated Degradation Of Cell Cycle Proteins Before Cycle Checkpoint Satisfied R-HSA-179419,2/69,0.18564082719592462,0.2906140474245115,3.223967007692918,5.428971866948983,PSMB8;PSMB9
GO_Biological_Process_2023,Actin Filament-Based Transport (GO:0099515),1/18,0.18643843091881518,0.2906140474245115,7.447639354249162,12.509458896652003,MYO1F
GO_Biological_Process_2023,Endothelial Cell Development (GO:0001885),1/18,0.18643843091881518,0.2906140474245115,7.447639354249162,12.509458896652003,ICAM1
GO_Biological_Process_2023,Hepaticobiliary System Development (GO:0061008),1/18,0.18643843091881518,0.2906140474245115,7.447639354249162,12.509458896652003,CEBPA
GO_Biological_Process_2023,Regulation Of Monocyte Chemotaxis (GO:0090025),1/18,0.18643843091881518,0.2906140474245115,7.447639354249162,12.509458896652003,CXCL10
Reactome_2022,G Beta:Gamma Signaling Thru CDC42 R-HSA-8964616,1/18,0.18643843091881518,0.2906140474245115,7.447639354249162,12.509458896652003,GNGT2
Reactome_2022,RAF-independent MAPK1/3 Activation R-HSA-112409,1/18,0.18643843091881518,0.2906140474245115,7.447639354249162,12.509458896652003,TYK2
GO_Biological_Process_2023,N-glycan Processing (GO:0006491),1/18,0.18643843091881518,0.2906140474245115,7.447639354249162,12.509458896652003,ST8SIA6
GO_Biological_Process_2023,Positive Regulation Of Cholesterol Efflux (GO:0010875),1/18,0.18643843091881518,0.2906140474245115,7.447639354249162,12.509458896652003,TREM2
Reactome_2022,G Beta:Gamma Signaling Thru PLC Beta R-HSA-418217,1/18,0.18643843091881518,0.2906140474245115,7.447639354249162,12.509458896652003,GNGT2
GO_Biological_Process_2023,Positive Regulation Of Defense Response To Virus By Host (GO:0002230),1/18,0.18643843091881518,0.2906140474245115,7.447639354249162,12.509458896652003,STAT1
GO_Biological_Process_2023,Positive Regulation Of Dendritic Spine Development (GO:0060999),1/18,0.18643843091881518,0.2906140474245115,7.447639354249162,12.509458896652003,DLG5
Reactome_2022,Cellular Response To Hypoxia R-HSA-1234174,2/69,0.18564082719592462,0.2906140474245115,3.223967007692918,5.428971866948983,PSMB8;PSMB9
Reactome_2022,TNFs Bind Their Physiological Receptors R-HSA-5669034,1/18,0.18643843091881518,0.2906140474245115,7.447639354249162,12.509458896652003,TNFSF8
GO_Biological_Process_2023,Regulation Of Lipid Storage (GO:0010883),1/18,0.18643843091881518,0.2906140474245115,7.447639354249162,12.509458896652003,LCP1
GO_Biological_Process_2023,Regulation Of Dendritic Spine Development (GO:0060998),1/18,0.18643843091881518,0.2906140474245115,7.447639354249162,12.509458896652003,DLG5
Reactome_2022,Signaling By FLT3 Fusion Proteins R-HSA-9703465,1/18,0.18643843091881518,0.2906140474245115,7.447639354249162,12.509458896652003,GAB2
Reactome_2022,Signaling By Hedgehog R-HSA-5358351,3/130,0.18524809319958466,0.2906140474245115,2.3927219059666878,4.034271040959349,ADCY7;PSMB8;PSMB9
Reactome_2022,PKA-mediated Phosphorylation Of CREB R-HSA-111931,1/18,0.18643843091881518,0.2906140474245115,7.447639354249162,12.509458896652003,ADCY7
Reactome_2022,Azathioprine ADME R-HSA-9748787,1/18,0.18643843091881518,0.2906140474245115,7.447639354249162,12.509458896652003,VAV1
GO_Biological_Process_2023,Calcium Ion Transmembrane Import Into Cytosol (GO:0097553),2/69,0.18564082719592462,0.2906140474245115,3.223967007692918,5.428971866948983,PLCG2;PTPRC
GO_Biological_Process_2023,Glycosphingolipid Biosynthetic Process (GO:0006688),1/18,0.18643843091881518,0.2906140474245115,7.447639354249162,12.509458896652003,ST8SIA6
Reactome_2022,Cdc20:Phospho-APC/C Mediated Degradation Of Cyclin A R-HSA-174184,2/69,0.18564082719592462,0.2906140474245115,3.223967007692918,5.428971866948983,PSMB8;PSMB9
GO_Biological_Process_2023,Pulmonary Valve Morphogenesis (GO:0003184),1/18,0.18643843091881518,0.2906140474245115,7.447639354249162,12.509458896652003,NFATC1
KEGG_2019_Mouse,Other glycan degradation,1/18,0.18643843091881518,0.2906140474245115,7.447639354249162,12.509458896652003,HEXB
Reactome_2022,APC/C:Cdh1 Mediated Degradation Of Cdc20 And APC/C:Cdh1 Targets In Late Mitosis/Early G1 R-HSA-174178,2/70,0.18975432513310642,0.2950248219718445,3.1767454946154206,5.279830650251534,PSMB8;PSMB9
Reactome_2022,RHOG GTPase Cycle R-HSA-9013408,2/70,0.18975432513310642,0.2950248219718445,3.1767454946154206,5.279830650251534,VAV1;DOCK2
GO_Biological_Process_2023,Regulation Of Epithelial To Mesenchymal Transition (GO:0010717),2/70,0.18975432513310642,0.2950248219718445,3.1767454946154206,5.279830650251534,TGFBR1;TGFBR2
Reactome_2022,CDK-mediated Phosphorylation And Removal Of Cdc6 R-HSA-69017,2/70,0.18975432513310642,0.2950248219718445,3.1767454946154206,5.279830650251534,PSMB8;PSMB9
Reactome_2022,Presynaptic Function Of Kainate Receptors R-HSA-500657,1/19,0.1957152987306489,0.2993075173404442,7.044718492479687,11.490599707831088,GNGT2
Reactome_2022,ADP Signaling Thru P2Y Purinoceptor 12 R-HSA-392170,1/19,0.1957152987306489,0.2993075173404442,7.044718492479687,11.490599707831088,GNGT2
GO_Biological_Process_2023,Atrioventricular Valve Morphogenesis (GO:0003181),1/19,0.1957152987306489,0.2993075173404442,7.044718492479687,11.490599707831088,TGFBR2
GO_Biological_Process_2023,Positive Regulation Of T Cell Mediated Immunity (GO:0002711),1/19,0.1957152987306489,0.2993075173404442,7.044718492479687,11.490599707831088,ULBP1
Reactome_2022,Pyroptosis R-HSA-5620971,1/19,0.1957152987306489,0.2993075173404442,7.044718492479687,11.490599707831088,CASP4
GO_Biological_Process_2023,Negative Regulation Of Small GTPase Mediated Signal Transduction (GO:0051058),1/19,0.1957152987306489,0.2993075173404442,7.044718492479687,11.490599707831088,RASAL3
Reactome_2022,Signaling By PDGFR In Disease R-HSA-9671555,1/19,0.1957152987306489,0.2993075173404442,7.044718492479687,11.490599707831088,STAT1
Reactome_2022,Chaperone Mediated Autophagy R-HSA-9613829,1/19,0.1957152987306489,0.2993075173404442,7.044718492479687,11.490599707831088,GFAP
GO_Biological_Process_2023,Positive Regulation Of Phosphorylation (GO:0042327),4/200,0.19474360132868682,0.2993075173404442,1.9979061217087366,3.2687171666925163,TREM2;GPNMB;FAS;PLAUR
GO_Biological_Process_2023,Metanephros Development (GO:0001656),1/19,0.1957152987306489,0.2993075173404442,7.044718492479687,11.490599707831088,CTSH
GO_Biological_Process_2023,Positive Regulation Of Phosphatase Activity (GO:0010922),1/19,0.1957152987306489,0.2993075173404442,7.044718492479687,11.490599707831088,PLEK
KEGG_2019_Mouse,Non-alcoholic fatty liver disease (NAFLD),3/133,0.19387613911455853,0.2993075173404442,2.337370741152721,3.834540336643133,IL6RA;CEBPA;FAS
GO_Biological_Process_2023,Negative Regulation Of Response To Wounding (GO:1903035),1/19,0.1957152987306489,0.2993075173404442,7.044718492479687,11.490599707831088,PTPN6
GO_Biological_Process_2023,Positive Regulation Of Morphogenesis Of An Epithelium (GO:1905332),1/19,0.1957152987306489,0.2993075173404442,7.044718492479687,11.490599707831088,ITGAX
GO_Biological_Process_2023,Myotube Differentiation (GO:0014902),1/19,0.1957152987306489,0.2993075173404442,7.044718492479687,11.490599707831088,DOCK2
Reactome_2022,Signaling By KIT In Disease R-HSA-9669938,1/19,0.1957152987306489,0.2993075173404442,7.044718492479687,11.490599707831088,STAT1
GO_Biological_Process_2023,Negative Regulation Of Cell Cycle (GO:0045786),2/71,0.19388013949675226,0.2993075173404442,3.1308828740005854,5.136260782992033,CEBPA;SIPA1
GO_Biological_Process_2023,Establishment Of Epithelial Cell Polarity (GO:0090162),1/19,0.1957152987306489,0.2993075173404442,7.044718492479687,11.490599707831088,SIPA1
GO_Biological_Process_2023,Carbohydrate Biosynthetic Process (GO:0016051),1/19,0.1957152987306489,0.2993075173404442,7.044718492479687,11.490599707831088,ST8SIA6
GO_Biological_Process_2023,Negative Regulation Of Extrinsic Apoptotic Signaling Pathway Via Death Domain Receptors (GO:1902042),1/19,0.1957152987306489,0.2993075173404442,7.044718492479687,11.490599707831088,ICAM1
Reactome_2022,APC/C:Cdc20 Mediated Degradation Of Mitotic Proteins R-HSA-176409,2/71,0.19388013949675226,0.2993075173404442,3.1308828740005854,5.136260782992033,PSMB8;PSMB9
GO_Biological_Process_2023,Negative Regulation Of G Protein-Coupled Receptor Signaling Pathway (GO:0045744),1/19,0.1957152987306489,0.2993075173404442,7.044718492479687,11.490599707831088,PLEK
GO_Biological_Process_2023,Amyloid Fibril Formation (GO:1990000),1/19,0.1957152987306489,0.2993075173404442,7.044718492479687,11.490599707831088,B2M
Reactome_2022,Transcriptional Regulation Of Pluripotent Stem Cells R-HSA-452723,1/19,0.1957152987306489,0.2993075173404442,7.044718492479687,11.490599707831088,KLF4
GO_Biological_Process_2023,Positive Regulation Of Lipid Storage (GO:0010884),1/19,0.1957152987306489,0.2993075173404442,7.044718492479687,11.490599707831088,LCP1
GO_Biological_Process_2023,Negative Regulation Of Cyclin-Dependent Protein Serine/Threonine Kinase Activity (GO:0045736),1/19,0.1957152987306489,0.2993075173404442,7.044718492479687,11.490599707831088,CEBPA
Reactome_2022,Activation Of APC/C And APC/C:Cdc20 Mediated Degradation Of Mitotic Proteins R-HSA-176814,2/72,0.19801746033264245,0.30225684039454287,3.086321320637235,4.997988958600288,PSMB8;PSMB9
GO_Biological_Process_2023,Cellular Response To Nutrient Levels (GO:0031669),2/72,0.19801746033264245,0.30225684039454287,3.086321320637235,4.997988958600288,LCP1;CD68
GO_Biological_Process_2023,Regulation Of Stress Fiber Assembly (GO:0051492),2/72,0.19801746033264245,0.30225684039454287,3.086321320637235,4.997988958600288,TGFBR1;F11R
GO_Biological_Process_2023,Negative Regulation Of Binding (GO:0051100),2/73,0.20216549439442813,0.30762110024782263,3.043006244291041,4.864758647458566,SP100;IFIT1
GO_Biological_Process_2023,Positive Regulation Of Protein Localization To Membrane (GO:1905477),2/73,0.20216549439442813,0.30762110024782263,3.043006244291041,4.864758647458566,ITGB2;TREM2
Reactome_2022,ABC Transporter Disorders R-HSA-5619084,2/73,0.20216549439442813,0.30762110024782263,3.043006244291041,4.864758647458566,PSMB8;PSMB9
GO_Biological_Process_2023,Exocytosis (GO:0006887),2/73,0.20216549439442813,0.30762110024782263,3.043006244291041,4.864758647458566,CCL3;EXOC8
Reactome_2022,Cell Junction Organization R-HSA-446728,2/73,0.20216549439442813,0.30762110024782263,3.043006244291041,4.864758647458566,F11R;FBLIM1
GO_Biological_Process_2023,Positive Regulation Of Cytosolic Calcium Ion Concentration Involved In Phospholipase C-activating G Protein-Coupled Signaling Pathway (GO:0051482),1/20,0.2048868294370879,0.30828291075251846,6.683122847301952,10.594737967461162,C3AR1
GO_Biological_Process_2023,Pulmonary Valve Development (GO:0003177),1/20,0.2048868294370879,0.30828291075251846,6.683122847301952,10.594737967461162,NFATC1
GO_Biological_Process_2023,Fatty Acid Derivative Biosynthetic Process (GO:1901570),1/20,0.2048868294370879,0.30828291075251846,6.683122847301952,10.594737967461162,GGTA1
Reactome_2022,Response Of Mtb To Phagocytosis R-HSA-9637690,1/20,0.2048868294370879,0.30828291075251846,6.683122847301952,10.594737967461162,RNF213
GO_Biological_Process_2023,Positive Regulation Of Antigen Receptor-Mediated Signaling Pathway (GO:0050857),1/20,0.2048868294370879,0.30828291075251846,6.683122847301952,10.594737967461162,PTPRC
GO_Biological_Process_2023,Negative Regulation Of Protein Tyrosine Kinase Activity (GO:0061099),1/20,0.2048868294370879,0.30828291075251846,6.683122847301952,10.594737967461162,PTPRC
GO_Biological_Process_2023,Response To Hexose (GO:0009746),1/20,0.2048868294370879,0.30828291075251846,6.683122847301952,10.594737967461162,LCP1
GO_Biological_Process_2023,Regulation Of Transferase Activity (GO:0051338),1/20,0.2048868294370879,0.30828291075251846,6.683122847301952,10.594737967461162,NLRC5
GO_Biological_Process_2023,Regulation Of Platelet Aggregation (GO:0090330),1/20,0.2048868294370879,0.30828291075251846,6.683122847301952,10.594737967461162,F11R
GO_Biological_Process_2023,Negative Regulation Of Phosphate Metabolic Process (GO:0045936),1/20,0.2048868294370879,0.30828291075251846,6.683122847301952,10.594737967461162,PLEK
GO_Biological_Process_2023,Negative Regulation Of Cyclin-Dependent Protein Kinase Activity (GO:1904030),1/20,0.2048868294370879,0.30828291075251846,6.683122847301952,10.594737967461162,CEBPA
GO_Biological_Process_2023,Negative Regulation Of Catalytic Activity (GO:0043086),1/20,0.2048868294370879,0.30828291075251846,6.683122847301952,10.594737967461162,IFIT1
GO_Biological_Process_2023,Regulation Of Chondrocyte Differentiation (GO:0032330),1/20,0.2048868294370879,0.30828291075251846,6.683122847301952,10.594737967461162,TGFBR1
GO_Biological_Process_2023,Endocardial Cushion Morphogenesis (GO:0003203),1/20,0.2048868294370879,0.30828291075251846,6.683122847301952,10.594737967461162,TGFBR2
Reactome_2022,IKK Complex Recruitment Mediated By RIP1 R-HSA-937041,1/20,0.2048868294370879,0.30828291075251846,6.683122847301952,10.594737967461162,TLR4
GO_Biological_Process_2023,Positive Regulation Of Protein Autophosphorylation (GO:0031954),1/20,0.2048868294370879,0.30828291075251846,6.683122847301952,10.594737967461162,GPNMB
GO_Biological_Process_2023,Activation Of Phospholipase C Activity (GO:0007202),1/20,0.2048868294370879,0.30828291075251846,6.683122847301952,10.594737967461162,CD86
GO_Biological_Process_2023,Cellular Response To Xenobiotic Stimulus (GO:0071466),1/20,0.2048868294370879,0.30828291075251846,6.683122847301952,10.594737967461162,VAV1
Reactome_2022,FCERI Mediated NF-kB Activation R-HSA-2871837,2/74,0.2063234648708275,0.3096765919860843,3.000886066602673,4.736328859517493,PSMB8;PSMB9
GO_Biological_Process_2023,Cellular Response To Hormone Stimulus (GO:0032870),2/74,0.2063234648708275,0.3096765919860843,3.000886066602673,4.736328859517493,CTSH;CTSS
Reactome_2022,G Alpha (12/13) Signaling Events R-HSA-416482,2/74,0.2063234648708275,0.3096765919860843,3.000886066602673,4.736328859517493,VAV1;GNGT2
GO_Biological_Process_2023,Vesicle-Mediated Transport To The Plasma Membrane (GO:0098876),2/74,0.2063234648708275,0.3096765919860843,3.000886066602673,4.736328859517493,DENND1C;EXOC8
Reactome_2022,SLC-mediated Transmembrane Transport R-HSA-425407,4/206,0.20879025057993622,0.31318537586990436,1.938132949364051,3.035940131365632,RUNX1;SLCO2B1;SLC15A3;SLC38A5
Reactome_2022,Transcriptional Regulation Of White Adipocyte Differentiation R-HSA-381340,2/75,0.21049061111681894,0.3153461192472343,2.9599120161983423,4.612473013279576,CEBPA;KLF4
Reactome_2022,Biosynthesis Of N-glycan Precursor (Dolichol LLO) And Transfer To Protein R-HSA-446193,2/75,0.21049061111681894,0.3153461192472343,2.9599120161983423,4.612473013279576,ST8SIA6;RENBP
GO_Biological_Process_2023,Outflow Tract Septum Morphogenesis (GO:0003148),1/21,0.2139542140676641,0.31585576492835815,6.356804826043996,9.802150068528062,TGFBR2
Reactome_2022,Metabolic Disorders Of Biological Oxidation Enzymes R-HSA-5579029,1/21,0.2139542140676641,0.31585576492835815,6.356804826043996,9.802150068528062,TBXAS1
GO_Biological_Process_2023,Negative Regulation Of Protein Transport (GO:0051224),1/21,0.2139542140676641,0.31585576492835815,6.356804826043996,9.802150068528062,RSAD2
GO_Biological_Process_2023,Postreplication Repair (GO:0006301),1/21,0.2139542140676641,0.31585576492835815,6.356804826043996,9.802150068528062,PARP10
Reactome_2022,Role Of Phospholipids In Phagocytosis R-HSA-2029485,1/21,0.2139542140676641,0.31585576492835815,6.356804826043996,9.802150068528062,PLCG2
GO_Biological_Process_2023,Positive Regulation Of Mononuclear Cell Migration (GO:0071677),1/21,0.2139542140676641,0.31585576492835815,6.356804826043996,9.802150068528062,CXCL10
Reactome_2022,CTLA4 Inhibitory Signaling R-HSA-389513,1/21,0.2139542140676641,0.31585576492835815,6.356804826043996,9.802150068528062,CD86
Reactome_2022,TRAF6 Mediated NF-kB Activation R-HSA-933542,1/21,0.2139542140676641,0.31585576492835815,6.356804826043996,9.802150068528062,IFIH1
GO_Biological_Process_2023,Positive Regulation Of ERBB Signaling Pathway (GO:1901186),1/21,0.2139542140676641,0.31585576492835815,6.356804826043996,9.802150068528062,PLAUR
GO_Biological_Process_2023,Protein Kinase B Signaling (GO:0043491),1/21,0.2139542140676641,0.31585576492835815,6.356804826043996,9.802150068528062,CCL3
GO_Biological_Process_2023,Regulation Of Protein Export From Nucleus (GO:0046825),1/21,0.2139542140676641,0.31585576492835815,6.356804826043996,9.802150068528062,SP100
GO_Biological_Process_2023,Negative Regulation Of Neuron Differentiation (GO:0045665),1/21,0.2139542140676641,0.31585576492835815,6.356804826043996,9.802150068528062,B2M
GO_Biological_Process_2023,Sarcomere Organization (GO:0045214),1/21,0.2139542140676641,0.31585576492835815,6.356804826043996,9.802150068528062,CAPN3
GO_Biological_Process_2023,Secondary Alcohol Biosynthetic Process (GO:1902653),1/21,0.2139542140676641,0.31585576492835815,6.356804826043996,9.802150068528062,NSDHL
GO_Biological_Process_2023,Entrainment Of Circadian Clock By Photoperiod (GO:0043153),1/21,0.2139542140676641,0.31585576492835815,6.356804826043996,9.802150068528062,RBM4B
GO_Biological_Process_2023,Positive Regulation Of Locomotion (GO:0040017),1/21,0.2139542140676641,0.31585576492835815,6.356804826043996,9.802150068528062,TREM2
GO_Biological_Process_2023,ERK1 And ERK2 Cascade (GO:0070371),1/21,0.2139542140676641,0.31585576492835815,6.356804826043996,9.802150068528062,CTSH
Reactome_2022,CD28 Dependent PI3K/Akt Signaling R-HSA-389357,1/21,0.2139542140676641,0.31585576492835815,6.356804826043996,9.802150068528062,CD86
GO_Biological_Process_2023,Cellular Response To Hexose Stimulus (GO:0071331),1/21,0.2139542140676641,0.31585576492835815,6.356804826043996,9.802150068528062,UCP2
GO_Biological_Process_2023,Regulation Of Chromosome Segregation (GO:0051983),1/21,0.2139542140676641,0.31585576492835815,6.356804826043996,9.802150068528062,CDCA2
GO_Biological_Process_2023,Negative Regulation Of Intracellular Protein Transport (GO:0090317),1/21,0.2139542140676641,0.31585576492835815,6.356804826043996,9.802150068528062,SP100
Reactome_2022,"Antigen Presentation: Folding, Assembly, Peptide Loading Of Class I MHC R-HSA-983170",1/21,0.2139542140676641,0.31585576492835815,6.356804826043996,9.802150068528062,B2M
GO_Biological_Process_2023,Regulation Of Extracellular Matrix Organization (GO:1903053),1/21,0.2139542140676641,0.31585576492835815,6.356804826043996,9.802150068528062,RUNX1
GO_Biological_Process_2023,Triglyceride Homeostasis (GO:0070328),1/21,0.2139542140676641,0.31585576492835815,6.356804826043996,9.802150068528062,LCP1
Reactome_2022,Nuclear Events Mediated By NFE2L2 R-HSA-9759194,2/76,0.21466618838878979,0.3163295927259216,2.9200379403015106,4.492977900732954,PSMB8;PSMB9
GO_Biological_Process_2023,Vascular Transport (GO:0010232),2/76,0.21466618838878979,0.3163295927259216,2.9200379403015106,4.492977900732954,SLCO2B1;SLC38A5
Reactome_2022,Regulation Of APC/C Activators Between G1/S And Early Anaphase R-HSA-176408,2/76,0.21466618838878979,0.3163295927259216,2.9200379403015106,4.492977900732954,PSMB8;PSMB9
KEGG_2019_Mouse,Oxytocin signaling pathway,3/141,0.21734251213345185,0.3196910769381137,2.201490625363922,3.360092813152091,ADCY7;PIK3CG;NFATC1
GO_Biological_Process_2023,Negative Regulation Of Protein Phosphorylation (GO:0001933),3/141,0.21734251213345185,0.3196910769381137,2.201490625363922,3.360092813152091,PTPRC;PTPN6;SAMSN1
KEGG_2019_Mouse,Tight junction,3/141,0.21734251213345185,0.3196910769381137,2.201490625363922,3.360092813152091,HCLS1;F11R;RUNX1
GO_Biological_Process_2023,Negative Regulation Of Apoptotic Signaling Pathway (GO:2001234),2/77,0.2188494675835767,0.32151795267877764,2.8812201313158528,4.377642738960608,TGFBR1;PLAUR
GO_Biological_Process_2023,Establishment Of Protein Localization To Organelle (GO:0072594),2/77,0.2188494675835767,0.32151795267877764,2.8812201313158528,4.377642738960608,HK2;BCL3
Reactome_2022,Caspase Activation Via Extrinsic Apoptotic Signaling Pathway R-HSA-5357769,1/22,0.22291863024227812,0.32182962948854255,6.060841969554223,9.097011426053477,TLR4
GO_Biological_Process_2023,Regulation Of Epidermal Growth Factor-Activated Receptor Activity (GO:0007176),1/22,0.22291863024227812,0.32182962948854255,6.060841969554223,9.097011426053477,NCF1
GO_Biological_Process_2023,Negative Regulation Of Endothelial Cell Apoptotic Process (GO:2000352),1/22,0.22291863024227812,0.32182962948854255,6.060841969554223,9.097011426053477,ICAM1
GO_Biological_Process_2023,Negative Regulation Of Cell Junction Assembly (GO:1901889),1/22,0.22291863024227812,0.32182962948854255,6.060841969554223,9.097011426053477,TLR2
GO_Biological_Process_2023,Antimicrobial Humoral Immune Response Mediated By Antimicrobial Peptide (GO:0061844),1/22,0.22291863024227812,0.32182962948854255,6.060841969554223,9.097011426053477,CXCL10
GO_Biological_Process_2023,Positive Regulation Of Release Of Cytochrome C From Mitochondria (GO:0090200),1/22,0.22291863024227812,0.32182962948854255,6.060841969554223,9.097011426053477,PLAUR
Reactome_2022,HIV Infection R-HSA-162906,4/211,0.22071137973212815,0.32182962948854255,1.8909625543209556,2.8570541983038376,B2M;DOCK2;PSMB8;PSMB9
GO_Biological_Process_2023,Dicarboxylic Acid Transport (GO:0006835),1/22,0.22291863024227812,0.32182962948854255,6.060841969554223,9.097011426053477,UCP2
GO_Biological_Process_2023,Regulation Of SMAD Protein Signal Transduction (GO:0060390),1/22,0.22291863024227812,0.32182962948854255,6.060841969554223,9.097011426053477,TGFBR1
GO_Biological_Process_2023,Regulation Of Proteolysis Involved In Protein Catabolic Process (GO:1903050),1/22,0.22291863024227812,0.32182962948854255,6.060841969554223,9.097011426053477,CTSC
Reactome_2022,Thromboxane Signaling Thru TP Receptor R-HSA-428930,1/22,0.22291863024227812,0.32182962948854255,6.060841969554223,9.097011426053477,GNGT2
GO_Biological_Process_2023,Photoperiodism (GO:0009648),1/22,0.22291863024227812,0.32182962948854255,6.060841969554223,9.097011426053477,RBM4B
GO_Biological_Process_2023,Regulation Of Activated T Cell Proliferation (GO:0046006),1/22,0.22291863024227812,0.32182962948854255,6.060841969554223,9.097011426053477,CD274
GO_Biological_Process_2023,Regulation Of Hippo Signaling (GO:0035330),1/22,0.22291863024227812,0.32182962948854255,6.060841969554223,9.097011426053477,DLG5
GO_Biological_Process_2023,Regulation Of Endoplasmic Reticulum Stress-Induced Intrinsic Apoptotic Signaling Pathway (GO:1902235),1/22,0.22291863024227812,0.32182962948854255,6.060841969554223,9.097011426053477,FCGR2B
GO_Biological_Process_2023,Cholesterol Biosynthetic Process (GO:0006695),1/22,0.22291863024227812,0.32182962948854255,6.060841969554223,9.097011426053477,NSDHL
GO_Biological_Process_2023,Organelle Fission (GO:0048285),1/22,0.22291863024227812,0.32182962948854255,6.060841969554223,9.097011426053477,UCP2
GO_Biological_Process_2023,Positive Regulation Of DNA Binding (GO:0043388),1/22,0.22291863024227812,0.32182962948854255,6.060841969554223,9.097011426053477,PLAUR
GO_Biological_Process_2023,Positive Regulation Of Transmembrane Receptor Protein Serine/Threonine Kinase Signaling Pathway (GO:0090100),2/78,0.22303973498134677,0.32182962948854255,2.843417167009559,4.26627830015402,TGFBR1;TGFBR2
GO_Biological_Process_2023,Prostaglandin Metabolic Process (GO:0006693),1/22,0.22291863024227812,0.32182962948854255,6.060841969554223,9.097011426053477,TBXAS1
Reactome_2022,Insulin Processing R-HSA-264876,1/22,0.22291863024227812,0.32182962948854255,6.060841969554223,9.097011426053477,EXOC8
Reactome_2022,Metabolism Of Porphyrins R-HSA-189445,1/22,0.22291863024227812,0.32182962948854255,6.060841969554223,9.097011426053477,SLCO2B1
GO_Biological_Process_2023,Negative Regulation Of Signaling (GO:0023057),1/22,0.22291863024227812,0.32182962948854255,6.060841969554223,9.097011426053477,INPP5D
GO_Biological_Process_2023,Transport Across Blood-Brain Barrier (GO:0150104),2/78,0.22303973498134677,0.32182962948854255,2.843417167009559,4.26627830015402,SLCO2B1;SLC38A5
GO_Biological_Process_2023,Cell-Cell Signaling By Wnt (GO:0198738),1/22,0.22291863024227812,0.32182962948854255,6.060841969554223,9.097011426053477,PLCG2
GO_Biological_Process_2023,Positive Regulation Of Ubiquitin-Dependent Protein Catabolic Process (GO:2000060),2/78,0.22303973498134677,0.32182962948854255,2.843417167009559,4.26627830015402,CEBPA;LAPTM5
GO_Biological_Process_2023,Positive Regulation Of Protein Targeting To Membrane (GO:0090314),1/22,0.22291863024227812,0.32182962948854255,6.060841969554223,9.097011426053477,ITGB2
GO_Biological_Process_2023,Negative Regulation Of Neurogenesis (GO:0050768),1/22,0.22291863024227812,0.32182962948854255,6.060841969554223,9.097011426053477,B2M
GO_Biological_Process_2023,Negative Regulation Of NIK/NF-kappaB Signaling (GO:1901223),1/22,0.22291863024227812,0.32182962948854255,6.060841969554223,9.097011426053477,SPI1
Reactome_2022,G-protein Activation R-HSA-202040,1/22,0.22291863024227812,0.32182962948854255,6.060841969554223,9.097011426053477,GNGT2
Reactome_2022,Signaling By NOTCH4 R-HSA-9013694,2/79,0.22723629199226822,0.32749553483683785,2.8065897630724597,4.15870611264414,PSMB8;PSMB9
Reactome_2022,Assembly Of Pre-Replicative Complex R-HSA-68867,2/79,0.22723629199226822,0.32749553483683785,2.8065897630724597,4.15870611264414,PSMB8;PSMB9
GO_Biological_Process_2023,Protein-Containing Complex Assembly (GO:0065003),5/286,0.2281222628870168,0.32857728903667055,1.7047387138162078,2.5193882599597517,FAS;CYBA;CASP4;CAPN3;CAPG
GO_Biological_Process_2023,Cellular Response To Growth Factor Stimulus (GO:0071363),3/145,0.22929132791096607,0.33006527451952233,2.1392718355027354,3.150638073763076,TGFBR1;TGFBR2;KLF4
GO_Biological_Process_2023,Translesion Synthesis (GO:0019985),1/23,0.23178124232153405,0.3303188931969249,5.791186922530206,8.466491006447278,PARP10
GO_Biological_Process_2023,Vesicle Organization (GO:0016050),2/80,0.2314384549069147,0.3303188931969249,2.770700636942675,4.054757726342224,SRGN;EXOC8
GO_Biological_Process_2023,Regulation Of Myelination (GO:0031641),1/23,0.23178124232153405,0.3303188931969249,5.791186922530206,8.466491006447278,ITGAX
GO_Biological_Process_2023,Positive Regulation Of Binding (GO:0051099),2/80,0.2314384549069147,0.3303188931969249,2.770700636942675,4.054757726342224,B2M;PLAUR
GO_Biological_Process_2023,Positive Regulation Of MAP Kinase Activity (GO:0043406),2/80,0.2314384549069147,0.3303188931969249,2.770700636942675,4.054757726342224,TLR4;PIK3CG
GO_Biological_Process_2023,Positive Regulation Of Phosphatidylinositol 3-Kinase Activity (GO:0043552),1/23,0.23178124232153405,0.3303188931969249,5.791186922530206,8.466491006447278,FGR
GO_Biological_Process_2023,Negative Regulation Of Receptor-Mediated Endocytosis (GO:0048261),1/23,0.23178124232153405,0.3303188931969249,5.791186922530206,8.466491006447278,RIN3
Reactome_2022,Cyclin E Associated Events During G1/S Transition R-HSA-69202,2/80,0.2314384549069147,0.3303188931969249,2.770700636942675,4.054757726342224,PSMB8;PSMB9
GO_Biological_Process_2023,Positive Regulation Of Endopeptidase Activity (GO:0010950),1/23,0.23178124232153405,0.3303188931969249,5.791186922530206,8.466491006447278,VSIR
Reactome_2022,N-glycan Antennae Elongation In medial/trans-Golgi R-HSA-975576,1/23,0.23178124232153405,0.3303188931969249,5.791186922530206,8.466491006447278,ST8SIA6
GO_Biological_Process_2023,Regulation Of Macrophage Derived Foam Cell Differentiation (GO:0010743),1/23,0.23178124232153405,0.3303188931969249,5.791186922530206,8.466491006447278,LCP1
GO_Biological_Process_2023,L-amino Acid Transport (GO:0015807),1/23,0.23178124232153405,0.3303188931969249,5.791186922530206,8.466491006447278,SLC38A5
GO_Biological_Process_2023,Negative Regulation Of Stress Fiber Assembly (GO:0051497),1/23,0.23178124232153405,0.3303188931969249,5.791186922530206,8.466491006447278,F11R
GO_Biological_Process_2023,Regulation Of Synapse Organization (GO:0050807),1/23,0.23178124232153405,0.3303188931969249,5.791186922530206,8.466491006447278,SETD5
GO_Biological_Process_2023,"Wound Healing, Spreading Of Cells (GO:0044319)",1/23,0.23178124232153405,0.3303188931969249,5.791186922530206,8.466491006447278,LCP1
Reactome_2022,ADP Signaling Thru P2Y Purinoceptor 1 R-HSA-418592,1/23,0.23178124232153405,0.3303188931969249,5.791186922530206,8.466491006447278,GNGT2
GO_Biological_Process_2023,Intrinsic Apoptotic Signaling Pathway In Response To Endoplasmic Reticulum Stress (GO:0070059),1/23,0.23178124232153405,0.3303188931969249,5.791186922530206,8.466491006447278,CASP4
GO_Biological_Process_2023,Positive Regulation Of Cellular Biosynthetic Process (GO:0031328),3/146,0.23229796693144966,0.33086101275975843,2.1242591135588773,3.1008540837830516,TLR4;KLF4;BCL3
Reactome_2022,APC/C-mediated Degradation Of Cell Cycle Proteins R-HSA-174143,2/81,0.2356455546503564,0.33484295148502047,2.735714381910495,3.954274036671554,PSMB8;PSMB9
GO_Biological_Process_2023,Regulation Of Protein Secretion (GO:0050708),2/81,0.2356455546503564,0.33484295148502047,2.735714381910495,3.954274036671554,TREM2;RSAD2
GO_Biological_Process_2023,Positive Regulation Of Supramolecular Fiber Organization (GO:1902905),2/81,0.2356455546503564,0.33484295148502047,2.735714381910495,3.954274036671554,FES;PLEK
Reactome_2022,MAPK6/MAPK4 Signaling R-HSA-5687128,2/81,0.2356455546503564,0.33484295148502047,2.735714381910495,3.954274036671554,PSMB8;PSMB9
GO_Biological_Process_2023,Establishment Or Maintenance Of Apical/Basal Cell Polarity (GO:0035088),1/24,0.24054320155539344,0.33570922954280613,5.544481241210361,7.900084997714001,DLG5
GO_Biological_Process_2023,Regulation Of Actin Cytoskeleton Reorganization (GO:2000249),1/24,0.24054320155539344,0.33570922954280613,5.544481241210361,7.900084997714001,FES
GO_Biological_Process_2023,Regulation Of Bone Resorption (GO:0045124),1/24,0.24054320155539344,0.33570922954280613,5.544481241210361,7.900084997714001,INPP5D
GO_Biological_Process_2023,Positive Regulation Of Microtubule Polymerization Or Depolymerization (GO:0031112),1/24,0.24054320155539344,0.33570922954280613,5.544481241210361,7.900084997714001,FES
GO_Biological_Process_2023,Extrinsic Apoptotic Signaling Pathway Via Death Domain Receptors (GO:0008625),1/24,0.24054320155539344,0.33570922954280613,5.544481241210361,7.900084997714001,SPI1
GO_Biological_Process_2023,Regulation Of Blood Coagulation (GO:0030193),1/24,0.24054320155539344,0.33570922954280613,5.544481241210361,7.900084997714001,PLAUR
GO_Biological_Process_2023,Positive Regulation Of Lymphocyte Activation (GO:0051251),1/24,0.24054320155539344,0.33570922954280613,5.544481241210361,7.900084997714001,TYROBP
GO_Biological_Process_2023,Sterol Biosynthetic Process (GO:0016126),1/24,0.24054320155539344,0.33570922954280613,5.544481241210361,7.900084997714001,NSDHL
GO_Biological_Process_2023,Positive Regulation Of Cholesterol Transport (GO:0032376),1/24,0.24054320155539344,0.33570922954280613,5.544481241210361,7.900084997714001,TREM2
Reactome_2022,Cyclin A:Cdk2-associated Events At S Phase Entry R-HSA-69656,2/82,0.23985693653987877,0.33570922954280613,2.7015973506058226,3.8571046616806592,PSMB8;PSMB9
Reactome_2022,ATF4 Activates Genes In Response To Endoplasmic Reticulum Stress R-HSA-380994,1/24,0.24054320155539344,0.33570922954280613,5.544481241210361,7.900084997714001,ATF3
GO_Biological_Process_2023,Negative Regulation Of DNA Binding (GO:0043392),1/24,0.24054320155539344,0.33570922954280613,5.544481241210361,7.900084997714001,SP100
Reactome_2022,Degradation Of Beta-Catenin By Destruction Complex R-HSA-195253,2/82,0.23985693653987877,0.33570922954280613,2.7015973506058226,3.8571046616806592,PSMB8;PSMB9
GO_Biological_Process_2023,Glutamine Family Amino Acid Metabolic Process (GO:0009064),1/24,0.24054320155539344,0.33570922954280613,5.544481241210361,7.900084997714001,UCP2
Reactome_2022,Formation Of Cornified Envelope R-HSA-6809371,1/24,0.24054320155539344,0.33570922954280613,5.544481241210361,7.900084997714001,ST14
Reactome_2022,Formation Of Fibrin Clot (Clotting Cascade) R-HSA-140877,1/24,0.24054320155539344,0.33570922954280613,5.544481241210361,7.900084997714001,PROS1
GO_Biological_Process_2023,Secretory Granule Organization (GO:0033363),1/24,0.24054320155539344,0.33570922954280613,5.544481241210361,7.900084997714001,SRGN
GO_Biological_Process_2023,Regulation Of Endothelial Cell Proliferation (GO:0001936),2/82,0.23985693653987877,0.33570922954280613,2.7015973506058226,3.8571046616806592,TGFBR1;STAT1
GO_Biological_Process_2023,Respiratory Tube Development (GO:0030323),1/24,0.24054320155539344,0.33570922954280613,5.544481241210361,7.900084997714001,CEBPA
GO_Biological_Process_2023,Amino Acid Import Across Plasma Membrane (GO:0089718),1/24,0.24054320155539344,0.33570922954280613,5.544481241210361,7.900084997714001,SLC38A5
GO_Biological_Process_2023,Positive Regulation Of Rho Protein Signal Transduction (GO:0035025),1/24,0.24054320155539344,0.33570922954280613,5.544481241210361,7.900084997714001,F11R
Reactome_2022,RHO GTPase Effectors R-HSA-195258,4/219,0.24014509882128685,0.33570922954280613,1.8200427956482739,2.596312815525778,NCF2;NCF4;CYBA;NCF1
GO_Biological_Process_2023,Protein Targeting To Lysosome (GO:0006622),1/24,0.24054320155539344,0.33570922954280613,5.544481241210361,7.900084997714001,LAPTM5
Reactome_2022,Activation Of G Protein Gated Potassium Channels R-HSA-1296041,1/24,0.24054320155539344,0.33570922954280613,5.544481241210361,7.900084997714001,GNGT2
Reactome_2022,Integrin Signaling R-HSA-354192,1/24,0.24054320155539344,0.33570922954280613,5.544481241210361,7.900084997714001,APBB1IP
GO_Biological_Process_2023,Vesicle-Mediated Transport (GO:0016192),6/366,0.23992171479228627,0.33570922954280613,1.5738398919438326,2.246566102959423,RAB7B;DENND1C;ARL11;RIN3;EXOC8;CCL3
Reactome_2022,Hedgehog On State R-HSA-5632684,2/82,0.23985693653987877,0.33570922954280613,2.7015973506058226,3.8571046616806592,PSMB8;PSMB9
GO_Biological_Process_2023,Regulation Of Actin Polymerization Or Depolymerization (GO:0008064),1/24,0.24054320155539344,0.33570922954280613,5.544481241210361,7.900084997714001,HCLS1
GO_Biological_Process_2023,Regulation Of Defense Response To Virus By Host (GO:0050691),1/24,0.24054320155539344,0.33570922954280613,5.544481241210361,7.900084997714001,STAT1
GO_Biological_Process_2023,Regulation Of Chromatin Organization (GO:1902275),1/24,0.24054320155539344,0.33570922954280613,5.544481241210361,7.900084997714001,SETD5
GO_Biological_Process_2023,In Utero Embryonic Development (GO:0001701),1/24,0.24054320155539344,0.33570922954280613,5.544481241210361,7.900084997714001,TGFBR1
KEGG_2019_Mouse,Hippo signaling pathway,3/149,0.24136017459711365,0.33665582973976715,2.08045065873977,2.9572877139529066,ITGB2;TGFBR1;TGFBR2
KEGG_2019_Mouse,cGMP-PKG signaling pathway,3/150,0.2443941147683553,0.3406918532698439,2.0662438490978676,2.911282068160087,ADCY7;PIK3CG;NFATC1
GO_Biological_Process_2023,Cellular Response To Osmotic Stress (GO:0071470),1/25,0.24920564623017297,0.3448244603196293,5.317914799181933,7.389119423440842,CAPN3
GO_Biological_Process_2023,Response To Nutrient Levels (GO:0031667),1/25,0.24920564623017297,0.3448244603196293,5.317914799181933,7.389119423440842,CD68
Reactome_2022,Glucagon-type Ligand Receptors R-HSA-420092,1/25,0.24920564623017297,0.3448244603196293,5.317914799181933,7.389119423440842,GNGT2
Reactome_2022,Cholesterol Biosynthesis R-HSA-191273,1/25,0.24920564623017297,0.3448244603196293,5.317914799181933,7.389119423440842,NSDHL
Reactome_2022,Opioid Signaling R-HSA-111885,2/84,0.2482899985587612,0.3448244603196293,2.635844526636818,3.6721475383305124,ADCY7;GNGT2
GO_Biological_Process_2023,Regulation Of Protein Targeting To Membrane (GO:0090313),1/25,0.24920564623017297,0.3448244603196293,5.317914799181933,7.389119423440842,ITGB2
GO_Biological_Process_2023,Regulation Of Protein Transport (GO:0051223),1/25,0.24920564623017297,0.3448244603196293,5.317914799181933,7.389119423440842,LCP1
Reactome_2022,Cytochrome P450 - Arranged By Substrate Type R-HSA-211897,1/25,0.24920564623017297,0.3448244603196293,5.317914799181933,7.389119423440842,TBXAS1
GO_Biological_Process_2023,Positive Regulation Of Dephosphorylation (GO:0035306),1/25,0.24920564623017297,0.3448244603196293,5.317914799181933,7.389119423440842,CDCA2
GO_Biological_Process_2023,Dendritic Spine Organization (GO:0097061),1/25,0.24920564623017297,0.3448244603196293,5.317914799181933,7.389119423440842,TREM2
GO_Biological_Process_2023,Regulation Of Actin Filament Bundle Assembly (GO:0032231),1/25,0.24920564623017297,0.3448244603196293,5.317914799181933,7.389119423440842,PLEK
KEGG_2019_Mouse,Morphine addiction,2/84,0.2482899985587612,0.3448244603196293,2.635844526636818,3.6721475383305124,ADCY7;GNGT2
KEGG_2019_Mouse,Colorectal cancer,2/84,0.2482899985587612,0.3448244603196293,2.635844526636818,3.6721475383305124,TGFBR1;TGFBR2
GO_Biological_Process_2023,Regulation Of Actin Cytoskeleton Organization (GO:0032956),2/85,0.2525104391531387,0.3488007033720362,2.6041493031068486,3.584097685664546,F11R;BST2
GO_Biological_Process_2023,Cellular Component Assembly (GO:0022607),4/224,0.2524880675623617,0.3488007033720362,1.7783312028915237,2.4476795758381313,CAPG;FAS;CAPN3;LCP1
Reactome_2022,Regulation Of mRNA Stability By Proteins That Bind AU-rich Elements R-HSA-450531,2/85,0.2525104391531387,0.3488007033720362,2.6041493031068486,3.584097685664546,PSMB8;PSMB9
GO_Biological_Process_2023,Anterior/Posterior Pattern Specification (GO:0009952),1/26,0.2577697018138983,0.35245468524074997,5.109118274175342,6.926374020184262,TGFBR1
GO_Biological_Process_2023,Regulation Of Viral Entry Into Host Cell (GO:0046596),1/26,0.2577697018138983,0.35245468524074997,5.109118274175342,6.926374020184262,IFITM3
Reactome_2022,Degradation Of Extracellular Matrix R-HSA-1474228,2/86,0.25673268236371194,0.35245468524074997,2.573204262382322,3.4988369956464336,CAPN3;CTSS
Reactome_2022,"Adrenaline,noradrenaline Inhibits Insulin Secretion R-HSA-400042",1/26,0.2577697018138983,0.35245468524074997,5.109118274175342,6.926374020184262,GNGT2
GO_Biological_Process_2023,Negative Regulation Of Actin Filament Bundle Assembly (GO:0032232),1/26,0.2577697018138983,0.35245468524074997,5.109118274175342,6.926374020184262,F11R
GO_Biological_Process_2023,Negative Regulation Of Carbohydrate Metabolic Process (GO:0045912),1/26,0.2577697018138983,0.35245468524074997,5.109118274175342,6.926374020184262,PLEK
Reactome_2022,VEGFR2 Mediated Vascular Permeability R-HSA-5218920,1/26,0.2577697018138983,0.35245468524074997,5.109118274175342,6.926374020184262,VAV1
Reactome_2022,FLT3 Signaling In Disease R-HSA-9682385,1/26,0.2577697018138983,0.35245468524074997,5.109118274175342,6.926374020184262,GAB2
GO_Biological_Process_2023,Carbohydrate Derivative Biosynthetic Process (GO:1901137),1/26,0.2577697018138983,0.35245468524074997,5.109118274175342,6.926374020184262,ST8SIA6
GO_Biological_Process_2023,Signal Transduction By P53 Class Mediator (GO:0072331),1/26,0.2577697018138983,0.35245468524074997,5.109118274175342,6.926374020184262,BCL3
GO_Biological_Process_2023,Cell Surface Receptor Signaling Pathway Involved In Cell-Cell Signaling (GO:1905114),1/26,0.2577697018138983,0.35245468524074997,5.109118274175342,6.926374020184262,PLCG2
GO_Biological_Process_2023,DNA Synthesis Involved In DNA Repair (GO:0000731),1/26,0.2577697018138983,0.35245468524074997,5.109118274175342,6.926374020184262,PARP10
GO_Biological_Process_2023,Positive Regulation Of Protein Import Into Nucleus (GO:0042307),1/26,0.2577697018138983,0.35245468524074997,5.109118274175342,6.926374020184262,HCLS1
Reactome_2022,PCP/CE Pathway R-HSA-4086400,2/86,0.25673268236371194,0.35245468524074997,2.573204262382322,3.4988369956464336,PSMB8;PSMB9
Reactome_2022,Switching Of Origins To A Post-Replicative State R-HSA-69052,2/86,0.25673268236371194,0.35245468524074997,2.573204262382322,3.4988369956464336,PSMB8;PSMB9
GO_Biological_Process_2023,Lipid Droplet Organization (GO:0034389),1/26,0.2577697018138983,0.35245468524074997,5.109118274175342,6.926374020184262,RNF213
GO_Biological_Process_2023,Skeletal System Morphogenesis (GO:0048705),1/26,0.2577697018138983,0.35245468524074997,5.109118274175342,6.926374020184262,TGFBR1
GO_Biological_Process_2023,Protein Deubiquitination (GO:0016579),2/86,0.25673268236371194,0.35245468524074997,2.573204262382322,3.4988369956464336,USP18;USP24
Reactome_2022,G Alpha (Q) Signaling Events R-HSA-416476,3/156,0.2627180417489992,0.3590184050252371,1.9848901964904908,2.6531509329218705,RGS1;GPNMB;GNGT2
Reactome_2022,Activation Of Kainate Receptors Upon Glutamate Binding R-HSA-451326,1/27,0.2662364811000365,0.36017610904670494,4.916079977471135,6.505794423676198,GNGT2
GO_Biological_Process_2023,Glycosaminoglycan Metabolic Process (GO:0030203),1/27,0.2662364811000365,0.36017610904670494,4.916079977471135,6.505794423676198,HEXB
GO_Biological_Process_2023,Maintenance Of Blood-Brain Barrier (GO:0035633),1/27,0.2662364811000365,0.36017610904670494,4.916079977471135,6.505794423676198,F11R
GO_Biological_Process_2023,Liver Development (GO:0001889),1/27,0.2662364811000365,0.36017610904670494,4.916079977471135,6.505794423676198,CEBPA
GO_Biological_Process_2023,Intermediate Filament Organization (GO:0045109),1/27,0.2662364811000365,0.36017610904670494,4.916079977471135,6.505794423676198,GFAP
GO_Biological_Process_2023,Regulation Of calcineurin-NFAT Signaling Cascade (GO:0070884),1/27,0.2662364811000365,0.36017610904670494,4.916079977471135,6.505794423676198,PLCG2
GO_Biological_Process_2023,Integrated Stress Response Signaling (GO:0140467),1/27,0.2662364811000365,0.36017610904670494,4.916079977471135,6.505794423676198,CEBPA
GO_Biological_Process_2023,Positive Regulation Of Proteasomal Protein Catabolic Process (GO:1901800),2/88,0.2651802447169993,0.36017610904670494,2.5134606577465313,3.3362307323511478,CEBPA;TREM2
GO_Biological_Process_2023,Positive Regulation Of Nitrogen Compound Metabolic Process (GO:0051173),1/27,0.2662364811000365,0.36017610904670494,4.916079977471135,6.505794423676198,KLF4
GO_Biological_Process_2023,Positive Regulation Of Viral Genome Replication (GO:0045070),1/27,0.2662364811000365,0.36017610904670494,4.916079977471135,6.505794423676198,IFIT1
GO_Biological_Process_2023,Cellular Response To Glucose Stimulus (GO:0071333),1/27,0.2662364811000365,0.36017610904670494,4.916079977471135,6.505794423676198,UCP2
GO_Biological_Process_2023,Regulation Of Cholesterol Efflux (GO:0010874),1/27,0.2662364811000365,0.36017610904670494,4.916079977471135,6.505794423676198,TREM2
GO_Biological_Process_2023,Positive Regulation Of Lipid Kinase Activity (GO:0090218),1/27,0.2662364811000365,0.36017610904670494,4.916079977471135,6.505794423676198,FGR
GO_Biological_Process_2023,Endodermal Cell Differentiation (GO:0035987),1/27,0.2662364811000365,0.36017610904670494,4.916079977471135,6.505794423676198,ITGB2
GO_Biological_Process_2023,Amide Transport (GO:0042886),1/27,0.2662364811000365,0.36017610904670494,4.916079977471135,6.505794423676198,SLC38A5
Reactome_2022,Cargo Concentration In ER R-HSA-5694530,1/27,0.2662364811000365,0.36017610904670494,4.916079977471135,6.505794423676198,CTSC
GO_Biological_Process_2023,Positive Regulation Of Microtubule Polymerization (GO:0031116),1/27,0.2662364811000365,0.36017610904670494,4.916079977471135,6.505794423676198,FES
GO_Biological_Process_2023,Respiratory System Development (GO:0060541),1/27,0.2662364811000365,0.36017610904670494,4.916079977471135,6.505794423676198,CEBPA
Reactome_2022,Apoptosis R-HSA-109581,3/158,0.2688656945607086,0.3635303847904399,1.9591674445942675,2.5734512719656393,TLR4;PSMB8;PSMB9
Reactome_2022,MyD88 Cascade Initiated On Plasma Membrane R-HSA-975871,2/89,0.2694044302134474,0.3638533957306827,2.4846130315081063,3.2586732771786147,USP18;NLRC5
GO_Biological_Process_2023,Protein Modification By Small Protein Removal (GO:0070646),2/89,0.2694044302134474,0.3638533957306827,2.4846130315081063,3.2586732771786147,USP18;USP24
GO_Biological_Process_2023,Regulation Of Protein Localization To Cell Surface (GO:2000008),1/28,0.27460708434962333,0.36821623962239547,4.737080829618143,6.122269522620477,TYROBP
GO_Biological_Process_2023,Intrinsic Apoptotic Signaling Pathway By P53 Class Mediator (GO:0072332),1/28,0.27460708434962333,0.36821623962239547,4.737080829618143,6.122269522620477,BCL3
Reactome_2022,Inwardly Rectifying K+ Channels R-HSA-1296065,1/28,0.27460708434962333,0.36821623962239547,4.737080829618143,6.122269522620477,GNGT2
KEGG_2019_Mouse,Circadian entrainment,2/90,0.27362815060036844,0.36821623962239547,2.456417329026482,3.1834805253169502,ADCY7;GNGT2
Reactome_2022,Downstream Signal Transduction R-HSA-186763,1/28,0.27460708434962333,0.36821623962239547,4.737080829618143,6.122269522620477,STAT1
Reactome_2022,Amino Acid Transport Across Plasma Membrane R-HSA-352230,1/28,0.27460708434962333,0.36821623962239547,4.737080829618143,6.122269522620477,SLC38A5
GO_Biological_Process_2023,Vascular Endothelial Growth Factor Receptor Signaling Pathway (GO:0048010),1/28,0.27460708434962333,0.36821623962239547,4.737080829618143,6.122269522620477,VAV1
GO_Biological_Process_2023,Negative Regulation Of MAPK Cascade (GO:0043409),2/90,0.27362815060036844,0.36821623962239547,2.456417329026482,3.1834805253169502,TLR4;PTPRC
GO_Biological_Process_2023,Arachidonic Acid Metabolic Process (GO:0019369),1/28,0.27460708434962333,0.36821623962239547,4.737080829618143,6.122269522620477,TBXAS1
GO_Biological_Process_2023,Keratinocyte Differentiation (GO:0030216),1/28,0.27460708434962333,0.36821623962239547,4.737080829618143,6.122269522620477,ST14
Reactome_2022,PERK Regulates Gene Expression R-HSA-381042,1/28,0.27460708434962333,0.36821623962239547,4.737080829618143,6.122269522620477,ATF3
Reactome_2022,Signaling By High-Kinase Activity BRAF Mutants R-HSA-6802948,1/28,0.27460708434962333,0.36821623962239547,4.737080829618143,6.122269522620477,APBB1IP
GO_Biological_Process_2023,Peptidyl-Tyrosine Dephosphorylation (GO:0035335),1/28,0.27460708434962333,0.36821623962239547,4.737080829618143,6.122269522620477,PTPN6
KEGG_2019_Mouse,Hepatocellular carcinoma,3/160,0.27502984915384054,0.368579483101254,1.9340979689366786,2.496679962812166,PLCG2;TGFBR1;TGFBR2
GO_Biological_Process_2023,Response To Calcium Ion (GO:0051592),2/91,0.277850870397547,0.37194928982617026,2.4288516981086934,3.1105593177054387,PLCG2;CAPN3
GO_Biological_Process_2023,Positive Regulation Of Cysteine-Type Endopeptidase Activity Involved In Apoptotic Process (GO:0043280),2/91,0.277850870397547,0.37194928982617026,2.4288516981086934,3.1105593177054387,LAPTM5;FAS
GO_Biological_Process_2023,Regulation Of Protein Autophosphorylation (GO:0031952),1/29,0.28288259943180394,0.3743490015381615,4.5706430254741335,5.771457491816368,GPNMB
GO_Biological_Process_2023,Actin Filament Bundle Organization (GO:0061572),1/29,0.28288259943180394,0.3743490015381615,4.5706430254741335,5.771457491816368,LCP1
GO_Biological_Process_2023,Actin Filament Bundle Assembly (GO:0051017),1/29,0.28288259943180394,0.3743490015381615,4.5706430254741335,5.771457491816368,LCP1
GO_Biological_Process_2023,Triglyceride Metabolic Process (GO:0006641),1/29,0.28288259943180394,0.3743490015381615,4.5706430254741335,5.771457491816368,LCP1
GO_Biological_Process_2023,Negative Regulation Of Epithelial Cell Migration (GO:0010633),1/29,0.28288259943180394,0.3743490015381615,4.5706430254741335,5.771457491816368,SP100
GO_Biological_Process_2023,Positive Regulation Of Ion Transmembrane Transporter Activity (GO:0032414),1/29,0.28288259943180394,0.3743490015381615,4.5706430254741335,5.771457491816368,CTSS
Reactome_2022,Thrombin Signaling Thru Proteinase Activated Receptors (PARs) R-HSA-456926,1/29,0.28288259943180394,0.3743490015381615,4.5706430254741335,5.771457491816368,GNGT2
GO_Biological_Process_2023,Positive Regulation Of Cell Differentiation (GO:0045597),4/235,0.2800761272811336,0.3743490015381615,1.6929080230816955,2.154553595089431,LCP1;TGFBR1;FES;TGFBR2
GO_Biological_Process_2023,Positive Regulation Of Extrinsic Apoptotic Signaling Pathway (GO:2001238),1/29,0.28288259943180394,0.3743490015381615,4.5706430254741335,5.771457491816368,TLR4
GO_Biological_Process_2023,Regulation Of Dendritic Spine Morphogenesis (GO:0061001),1/29,0.28288259943180394,0.3743490015381615,4.5706430254741335,5.771457491816368,ABI3
GO_Biological_Process_2023,Regulation Of Long-Term Synaptic Potentiation (GO:1900271),1/29,0.28288259943180394,0.3743490015381615,4.5706430254741335,5.771457491816368,TYROBP
GO_Biological_Process_2023,Positive Regulation Of Cell-Cell Adhesion (GO:0022409),1/29,0.28288259943180394,0.3743490015381615,4.5706430254741335,5.771457491816368,PLAUR
GO_Biological_Process_2023,Neutral Amino Acid Transport (GO:0015804),1/29,0.28288259943180394,0.3743490015381615,4.5706430254741335,5.771457491816368,SLC38A5
GO_Biological_Process_2023,Positive Regulation Of Phospholipase C Activity (GO:0010863),1/29,0.28288259943180394,0.3743490015381615,4.5706430254741335,5.771457491816368,CD86
GO_Biological_Process_2023,Ventricular Cardiac Muscle Tissue Morphogenesis (GO:0055010),1/29,0.28288259943180394,0.3743490015381615,4.5706430254741335,5.771457491816368,TGFBR1
GO_Biological_Process_2023,Organic Hydroxy Compound Transport (GO:0015850),1/29,0.28288259943180394,0.3743490015381615,4.5706430254741335,5.771457491816368,SLCO2B1
GO_Biological_Process_2023,Lung Development (GO:0030324),1/29,0.28288259943180394,0.3743490015381615,4.5706430254741335,5.771457491816368,CEBPA
Reactome_2022,Keratan Sulfate/Keratin Metabolism R-HSA-1638074,1/29,0.28288259943180394,0.3743490015381615,4.5706430254741335,5.771457491816368,HEXB
GO_Biological_Process_2023,Regulation Of Protein Modification By Small Protein Conjugation Or Removal (GO:1903320),1/29,0.28288259943180394,0.3743490015381615,4.5706430254741335,5.771457491816368,TGFBR1
GO_Biological_Process_2023,Glycolipid Metabolic Process (GO:0006664),1/29,0.28288259943180394,0.3743490015381615,4.5706430254741335,5.771457491816368,ST8SIA6
Reactome_2022,Glucagon Signaling In Metabolic Regulation R-HSA-163359,1/29,0.28288259943180394,0.3743490015381615,4.5706430254741335,5.771457491816368,ADCY7
KEGG_2019_Mouse,Inflammatory mediator regulation of TRP channels,2/93,0.28629122688884334,0.37865330117668816,2.3755280186283803,2.971181479278,PLCG2;ADCY7
GO_Biological_Process_2023,Negative Regulation Of Proteolysis (GO:0045861),1/30,0.29106410196280336,0.3812264303635854,4.415489140255141,5.449648598372462,CST7
GO_Biological_Process_2023,Apoptotic Mitochondrial Changes (GO:0008637),1/30,0.29106410196280336,0.3812264303635854,4.415489140255141,5.449648598372462,HK2
GO_Biological_Process_2023,Negative Regulation Of Blood Vessel Endothelial Cell Migration (GO:0043537),1/30,0.29106410196280336,0.3812264303635854,4.415489140255141,5.449648598372462,KLF4
Reactome_2022,Nucleotide Catabolism R-HSA-8956319,1/30,0.29106410196280336,0.3812264303635854,4.415489140255141,5.449648598372462,ENTPD1
Reactome_2022,Signal Amplification R-HSA-392518,1/30,0.29106410196280336,0.3812264303635854,4.415489140255141,5.449648598372462,GNGT2
GO_Biological_Process_2023,Regulation Of Cell Adhesion Mediated By Integrin (GO:0033628),1/30,0.29106410196280336,0.3812264303635854,4.415489140255141,5.449648598372462,PIK3CG
GO_Biological_Process_2023,Regulation Of Cellular Senescence (GO:2000772),1/30,0.29106410196280336,0.3812264303635854,4.415489140255141,5.449648598372462,B2M
Reactome_2022,Platelet Aggregation (Plug Formation) R-HSA-76009,1/30,0.29106410196280336,0.3812264303635854,4.415489140255141,5.449648598372462,APBB1IP
GO_Biological_Process_2023,Transcription Initiation-Coupled Chromatin Remodeling (GO:0045815),1/30,0.29106410196280336,0.3812264303635854,4.415489140255141,5.449648598372462,SPI1
GO_Biological_Process_2023,Regulation Of Cell Migration Involved In Sprouting Angiogenesis (GO:0090049),1/30,0.29106410196280336,0.3812264303635854,4.415489140255141,5.449648598372462,KLF4
GO_Biological_Process_2023,Positive Regulation Of Telomerase Activity (GO:0051973),1/30,0.29106410196280336,0.3812264303635854,4.415489140255141,5.449648598372462,KLF4
GO_Biological_Process_2023,Regulation Of Protein Polymerization (GO:0032271),1/30,0.29106410196280336,0.3812264303635854,4.415489140255141,5.449648598372462,HCLS1
GO_Biological_Process_2023,Positive Regulation Of Signaling Receptor Activity (GO:2000273),1/30,0.29106410196280336,0.3812264303635854,4.415489140255141,5.449648598372462,NCF1
Reactome_2022,ABC-family Proteins Mediated Transport R-HSA-382556,2/94,0.29050785259615114,0.3812264303635854,2.3497308872041205,2.9045603216306586,PSMB8;PSMB9
Reactome_2022,Transport Of Inorganic Cations/Anions And Amino Acids/Oligopeptides R-HSA-425393,2/94,0.29050785259615114,0.3812264303635854,2.3497308872041205,2.9045603216306586,SLC15A3;SLC38A5
GO_Biological_Process_2023,Vasculogenesis (GO:0001570),1/30,0.29106410196280336,0.3812264303635854,4.415489140255141,5.449648598372462,TGFBR2
GO_Biological_Process_2023,Positive Regulation Of Organelle Organization (GO:0010638),1/30,0.29106410196280336,0.3812264303635854,4.415489140255141,5.449648598372462,TREM2
GO_Biological_Process_2023,Regulation Of Sprouting Angiogenesis (GO:1903670),1/30,0.29106410196280336,0.3812264303635854,4.415489140255141,5.449648598372462,KLF4
Reactome_2022,Cellular Responses To Stress R-HSA-2262752,9/631,0.29348284363922156,0.38418708819438546,1.3320903924749772,1.633057695007934,PSMB9;NCF1;ETS1;TLR4;CYBA;PSMB8;ATF3;NCF4;NCF2
GO_Biological_Process_2023,Positive Regulation Of Cell Growth (GO:0030307),2/95,0.2947214553382807,0.38497791824865835,2.324485566077706,2.8398811702733124,TGFBR1;CXCL16
Reactome_2022,DNA Replication Pre-Initiation R-HSA-69002,2/95,0.2947214553382807,0.38497791824865835,2.324485566077706,2.8398811702733124,PSMB8;PSMB9
KEGG_2019_Mouse,Phosphatidylinositol signaling system,2/95,0.2947214553382807,0.38497791824865835,2.324485566077706,2.8398811702733124,PLCG2;INPP5D
GO_Biological_Process_2023,Cell-Matrix Adhesion (GO:0007160),2/95,0.2947214553382807,0.38497791824865835,2.324485566077706,2.8398811702733124,ITGB2;ITGAX
GO_Biological_Process_2023,Phosphatidylinositol 3-Kinase Signaling (GO:0014065),1/31,0.2991526554433462,0.38763667632728305,4.270509280296411,5.153656076634244,PIK3CG
GO_Biological_Process_2023,Negative Regulation Of Endothelial Cell Proliferation (GO:0001937),1/31,0.2991526554433462,0.38763667632728305,4.270509280296411,5.153656076634244,STAT1
GO_Biological_Process_2023,Regulation Of Cardiac Muscle Contraction (GO:0055117),1/31,0.2991526554433462,0.38763667632728305,4.270509280296411,5.153656076634244,PIK3CG
GO_Biological_Process_2023,Regulation Of T Cell Receptor Signaling Pathway (GO:0050856),1/31,0.2991526554433462,0.38763667632728305,4.270509280296411,5.153656076634244,LAPTM5
Reactome_2022,Nuclear Signaling By ERBB4 R-HSA-1251985,1/31,0.2991526554433462,0.38763667632728305,4.270509280296411,5.153656076634244,GFAP
GO_Biological_Process_2023,Endoderm Formation (GO:0001706),1/31,0.2991526554433462,0.38763667632728305,4.270509280296411,5.153656076634244,ITGB2
Reactome_2022,Oncogene Induced Senescence R-HSA-2559585,1/31,0.2991526554433462,0.38763667632728305,4.270509280296411,5.153656076634244,ETS1
GO_Biological_Process_2023,Regulation Of Wnt Signaling Pathway (GO:0030111),2/96,0.29893155840310476,0.38763667632728305,2.2997745374619036,2.7770712017710975,TLR2;AMER2
GO_Biological_Process_2023,Regulation Of Phosphatidylinositol 3-Kinase Activity (GO:0043551),1/31,0.2991526554433462,0.38763667632728305,4.270509280296411,5.153656076634244,FGR
GO_Biological_Process_2023,Protein Targeting To Vacuole (GO:0006623),1/31,0.2991526554433462,0.38763667632728305,4.270509280296411,5.153656076634244,LAPTM5
GO_Biological_Process_2023,Positive Regulation Of Protein Dephosphorylation (GO:0035307),1/31,0.2991526554433462,0.38763667632728305,4.270509280296411,5.153656076634244,CDCA2
Reactome_2022,Integration Of Energy Metabolism R-HSA-163685,2/96,0.29893155840310476,0.38763667632728305,2.2997745374619036,2.7770712017710975,ADCY7;GNGT2
GO_Biological_Process_2023,Membrane Protein Proteolysis (GO:0033619),1/31,0.2991526554433462,0.38763667632728305,4.270509280296411,5.153656076634244,CTSH
GO_Biological_Process_2023,Positive Regulation Of Synapse Assembly (GO:0051965),1/31,0.2991526554433462,0.38763667632728305,4.270509280296411,5.153656076634244,DLG5
Reactome_2022,Pre-NOTCH Transcription And Translation R-HSA-1912408,1/31,0.2991526554433462,0.38763667632728305,4.270509280296411,5.153656076634244,RUNX1
GO_Biological_Process_2023,Regulation Of Signal Transduction (GO:0009966),3/168,0.29981301431060386,0.3880779657236456,1.8398791540785497,2.2163115925281622,SP100;INPP5D;TREM2
Reactome_2022,Cellular Responses To Stimuli R-HSA-8953897,9/635,0.2996932296197473,0.3880779657236456,1.323317635907817,1.594592319631476,PSMB9;NCF1;ETS1;TLR4;CYBA;PSMB8;ATF3;NCF4;NCF2
Reactome_2022,KEAP1-NFE2L2 Pathway R-HSA-9755511,2/97,0.3031376962398252,0.3919633397837271,2.275581017298788,2.716060987820827,PSMB8;PSMB9
GO_Biological_Process_2023,Lysosomal Transport (GO:0007041),2/97,0.3031376962398252,0.3919633397837271,2.275581017298788,2.716060987820827,RAB7B;LAPTM5
GO_Biological_Process_2023,Phosphorylation (GO:0016310),6/400,0.3056422537720777,0.394001785811074,1.435757460285903,1.7018606995708876,TGFBR1;PIK3CG;FGR;HK3;TGFBR2;HK2
GO_Biological_Process_2023,Positive Regulation Of Chemotaxis (GO:0050921),1/32,0.3071493113945414,0.394001785811074,4.13473449081125,4.880728635070049,TREM2
GO_Biological_Process_2023,Regulation Of Lamellipodium Assembly (GO:0010591),1/32,0.3071493113945414,0.394001785811074,4.13473449081125,4.880728635070049,ABI3
GO_Biological_Process_2023,Negative Regulation Of Peptidase Activity (GO:0010466),1/32,0.3071493113945414,0.394001785811074,4.13473449081125,4.880728635070049,CST7
GO_Biological_Process_2023,Regulation Of Receptor Internalization (GO:0002090),1/32,0.3071493113945414,0.394001785811074,4.13473449081125,4.880728635070049,RIN3
GO_Biological_Process_2023,Positive Regulation Of Cation Channel Activity (GO:2001259),1/32,0.3071493113945414,0.394001785811074,4.13473449081125,4.880728635070049,CTSS
Reactome_2022,Termination Of Translesion DNA Synthesis R-HSA-5656169,1/32,0.3071493113945414,0.394001785811074,4.13473449081125,4.880728635070049,ISG15
GO_Biological_Process_2023,Tumor Necrosis Factor-Mediated Signaling Pathway (GO:0033209),1/32,0.3071493113945414,0.394001785811074,4.13473449081125,4.880728635070049,STAT1
Reactome_2022,NOD1/2 Signaling Pathway R-HSA-168638,1/32,0.3071493113945414,0.394001785811074,4.13473449081125,4.880728635070049,CASP4
Reactome_2022,Sialic Acid Metabolism R-HSA-4085001,1/32,0.3071493113945414,0.394001785811074,4.13473449081125,4.880728635070049,ST8SIA6
GO_Biological_Process_2023,RNA Transport (GO:0050658),1/32,0.3071493113945414,0.394001785811074,4.13473449081125,4.880728635070049,TGFBR2
GO_Biological_Process_2023,Heart Looping (GO:0001947),1/32,0.3071493113945414,0.394001785811074,4.13473449081125,4.880728635070049,TGFBR2
GO_Biological_Process_2023,Antimicrobial Humoral Response (GO:0019730),1/32,0.3071493113945414,0.394001785811074,4.13473449081125,4.880728635070049,CXCL10
Reactome_2022,MAP2K And MAPK Activation R-HSA-5674135,1/32,0.3071493113945414,0.394001785811074,4.13473449081125,4.880728635070049,APBB1IP
Reactome_2022,CaM Pathway R-HSA-111997,1/32,0.3071493113945414,0.394001785811074,4.13473449081125,4.880728635070049,ADCY7
GO_Biological_Process_2023,Response To Endoplasmic Reticulum Stress (GO:0034976),2/98,0.307339414268409,0.3940373789907177,2.25188891724268,2.6567843052699063,CASP4;ATF3
GO_Biological_Process_2023,Cytoskeleton Organization (GO:0007010),2/99,0.31153626869189555,0.3989965826465596,2.2286828089825947,2.599177958536716,CCL3;SIPA1
GO_Biological_Process_2023,Regulation Of JNK Cascade (GO:0046328),2/99,0.31153626869189555,0.3989965826465596,2.2286828089825947,2.599177958536716,FCGR2B;NCF1
GO_Biological_Process_2023,Regulation Of Metal Ion Transport (GO:0010959),1/33,0.31505510949224874,0.4011745806598571,4.007315072986715,4.628479784418268,B2M
GO_Biological_Process_2023,Negative Regulation Of Endothelial Cell Migration (GO:0010596),1/33,0.31505510949224874,0.4011745806598571,4.007315072986715,4.628479784418268,SP100
GO_Biological_Process_2023,Regulation Of Receptor-Mediated Endocytosis (GO:0048259),1/33,0.31505510949224874,0.4011745806598571,4.007315072986715,4.628479784418268,B2M
GO_Biological_Process_2023,Icosanoid Metabolic Process (GO:0006690),1/33,0.31505510949224874,0.4011745806598571,4.007315072986715,4.628479784418268,TBXAS1
GO_Biological_Process_2023,Positive Regulation Of Protein Tyrosine Kinase Activity (GO:0061098),1/33,0.31505510949224874,0.4011745806598571,4.007315072986715,4.628479784418268,NCF1
GO_Biological_Process_2023,Response To cAMP (GO:0051591),1/33,0.31505510949224874,0.4011745806598571,4.007315072986715,4.628479784418268,STAT1
Reactome_2022,Signaling By RAF1 Mutants R-HSA-9656223,1/33,0.31505510949224874,0.4011745806598571,4.007315072986715,4.628479784418268,APBB1IP
Reactome_2022,"Gamma Carboxylation, Hypusine Formation And Arylsulfatase Activation R-HSA-163841",1/33,0.31505510949224874,0.4011745806598571,4.007315072986715,4.628479784418268,PROS1
Reactome_2022,"Transport Of Vitamins, Nucleosides, And Related Molecules R-HSA-425397",1/33,0.31505510949224874,0.4011745806598571,4.007315072986715,4.628479784418268,SLCO2B1
GO_Biological_Process_2023,Acylglycerol Metabolic Process (GO:0006639),1/33,0.31505510949224874,0.4011745806598571,4.007315072986715,4.628479784418268,LCP1
GO_Biological_Process_2023,Negative Regulation Of Epithelial Cell Apoptotic Process (GO:1904036),1/33,0.31505510949224874,0.4011745806598571,4.007315072986715,4.628479784418268,ICAM1
Reactome_2022,Signaling By WNT R-HSA-195721,4/250,0.3183811571984621,0.40519720425834693,1.588708440850087,1.8182863529969853,NFATC1;PSMB8;PSMB9;GNGT2
GO_Biological_Process_2023,Regulation Of MAP Kinase Activity (GO:0043405),2/101,0.3199136643446417,0.40693420511763384,2.18366995577459,2.4887376420707916,TLR4;PIK3CG
GO_Biological_Process_2023,Determination Of Heart Left/Right Asymmetry (GO:0061371),1/34,0.3228710776999461,0.4072807201547657,3.88750278458454,4.394830355954305,TGFBR2
Reactome_2022,RUNX1 Interacts With Co-Factors Whose Precise Effect On RUNX1 Targets Is Not Known R-HSA-8939243,1/34,0.3228710776999461,0.4072807201547657,3.88750278458454,4.394830355954305,RUNX1
GO_Biological_Process_2023,Stem Cell Differentiation (GO:0048863),1/34,0.3228710776999461,0.4072807201547657,3.88750278458454,4.394830355954305,PTPRC
Reactome_2022,RUNX1 Regulates Genes Involved In Megakaryocyte Differentiation And Platelet Function R-HSA-8936459,1/34,0.3228710776999461,0.4072807201547657,3.88750278458454,4.394830355954305,RUNX1
Reactome_2022,Ovarian Tumor Domain Proteases R-HSA-5689896,1/34,0.3228710776999461,0.4072807201547657,3.88750278458454,4.394830355954305,IFIH1
GO_Biological_Process_2023,Branching Morphogenesis Of An Epithelial Tube (GO:0048754),1/34,0.3228710776999461,0.4072807201547657,3.88750278458454,4.394830355954305,TGFBR2
GO_Biological_Process_2023,Negative Regulation Of Cell-Cell Adhesion (GO:0022408),1/34,0.3228710776999461,0.4072807201547657,3.88750278458454,4.394830355954305,KLF4
Reactome_2022,Ca-dependent Events R-HSA-111996,1/34,0.3228710776999461,0.4072807201547657,3.88750278458454,4.394830355954305,ADCY7
GO_Biological_Process_2023,Regulation Of Intracellular Transport (GO:0032386),1/34,0.3228710776999461,0.4072807201547657,3.88750278458454,4.394830355954305,LCP1
GO_Biological_Process_2023,Negative Regulation Of Ras Protein Signal Transduction (GO:0046580),1/34,0.3228710776999461,0.4072807201547657,3.88750278458454,4.394830355954305,RASAL3
GO_Biological_Process_2023,Secondary Alcohol Metabolic Process (GO:1902652),1/34,0.3228710776999461,0.4072807201547657,3.88750278458454,4.394830355954305,NSDHL
GO_Biological_Process_2023,Visual System Development (GO:0150063),1/34,0.3228710776999461,0.4072807201547657,3.88750278458454,4.394830355954305,C1QA
GO_Biological_Process_2023,Negative Regulation Of Protein Secretion (GO:0050709),1/34,0.3228710776999461,0.4072807201547657,3.88750278458454,4.394830355954305,RSAD2
Reactome_2022,Cooperation Of PDCL (PhLP1) And TRiC/CCT In G-protein Beta Folding R-HSA-6814122,1/34,0.3228710776999461,0.4072807201547657,3.88750278458454,4.394830355954305,GNGT2
GO_Biological_Process_2023,Negative Regulation Of Secretion By Cell (GO:1903531),1/34,0.3228710776999461,0.4072807201547657,3.88750278458454,4.394830355954305,RSAD2
GO_Biological_Process_2023,Negative Regulation Of Stress-Activated MAPK Cascade (GO:0032873),1/34,0.3228710776999461,0.4072807201547657,3.88750278458454,4.394830355954305,TREM2
GO_Biological_Process_2023,Transmembrane Receptor Protein Tyrosine Kinase Signaling Pathway (GO:0007169),4/252,0.3235272762312907,0.4078964672277104,1.575765608771419,1.77820713576091,VAV1;BLNK;FGR;LCP2
GO_Biological_Process_2023,Myofibril Assembly (GO:0030239),1/35,0.330598232400112,0.41231341728420956,3.774636136089738,4.1779614436567964,CAPN3
GO_Biological_Process_2023,Epidermal Cell Differentiation (GO:0009913),1/35,0.330598232400112,0.41231341728420956,3.774636136089738,4.1779614436567964,ST14
GO_Biological_Process_2023,Regulation Of Cellular Component Biogenesis (GO:0044087),1/35,0.330598232400112,0.41231341728420956,3.774636136089738,4.1779614436567964,GFAP
GO_Biological_Process_2023,Regulation Of Endothelial Cell Apoptotic Process (GO:2000351),1/35,0.330598232400112,0.41231341728420956,3.774636136089738,4.1779614436567964,ICAM1
GO_Biological_Process_2023,Vesicle Cytoskeletal Trafficking (GO:0099518),1/35,0.330598232400112,0.41231341728420956,3.774636136089738,4.1779614436567964,MYO1F
GO_Biological_Process_2023,Regulation Of Protein Dephosphorylation (GO:0035304),1/35,0.330598232400112,0.41231341728420956,3.774636136089738,4.1779614436567964,CDCA2
GO_Biological_Process_2023,Regulation Of Protein Tyrosine Kinase Activity (GO:0061097),1/35,0.330598232400112,0.41231341728420956,3.774636136089738,4.1779614436567964,PTPRC
GO_Biological_Process_2023,Endothelial Cell Migration (GO:0043542),1/35,0.330598232400112,0.41231341728420956,3.774636136089738,4.1779614436567964,STAT1
GO_Biological_Process_2023,Amino Acid Transmembrane Transport (GO:0003333),1/35,0.330598232400112,0.41231341728420956,3.774636136089738,4.1779614436567964,SLC38A5
GO_Biological_Process_2023,Protein Localization To Membrane (GO:0072657),3/177,0.32782531369848406,0.41231341728420956,1.7442092614844256,1.9452719247683108,ITGB2;F11R;CAPN3
GO_Biological_Process_2023,Regulation Of Protein Import Into Nucleus (GO:0042306),1/35,0.330598232400112,0.41231341728420956,3.774636136089738,4.1779614436567964,HCLS1
GO_Biological_Process_2023,Positive Regulation Of Viral Process (GO:0048524),1/35,0.330598232400112,0.41231341728420956,3.774636136089738,4.1779614436567964,IFIT1
Reactome_2022,Intra-Golgi Traffic R-HSA-6811438,1/35,0.330598232400112,0.41231341728420956,3.774636136089738,4.1779614436567964,CYTH4
GO_Biological_Process_2023,Glycerophospholipid Biosynthetic Process (GO:0046474),2/103,0.3282665415279084,0.41231341728420956,2.1404310081117286,2.3842889729362935,PLCG2;INPP5D
GO_Biological_Process_2023,Positive Regulation Of Protein Serine/Threonine Kinase Activity (GO:0071902),2/103,0.3282665415279084,0.41231341728420956,2.1404310081117286,2.3842889729362935,TLR4;PIK3CG
Reactome_2022,Axon Guidance R-HSA-422475,7/492,0.32942305560421264,0.41231341728420956,1.3458682537572084,1.4944688932427224,PSMB9;TREM2;PSMB8;PTPRC;FES;GAB2;TYROBP
Reactome_2022,Paradoxical Activation Of RAF Signaling By Kinase Inactive BRAF R-HSA-6802955,1/35,0.330598232400112,0.41231341728420956,3.774636136089738,4.1779614436567964,APBB1IP
Reactome_2022,RHOV GTPase Cycle R-HSA-9013424,1/35,0.330598232400112,0.41231341728420956,3.774636136089738,4.1779614436567964,DLG5
GO_Biological_Process_2023,Regulation Of Protein-Containing Complex Assembly (GO:0043254),2/103,0.3282665415279084,0.41231341728420956,2.1404310081117286,2.3842889729362935,GFAP;FBLIM1
GO_Biological_Process_2023,Response To Transforming Growth Factor Beta (GO:0071559),1/35,0.330598232400112,0.41231341728420956,3.774636136089738,4.1779614436567964,TGFBR1
GO_Biological_Process_2023,Positive Regulation Of Bone Mineralization (GO:0030501),1/35,0.330598232400112,0.41231341728420956,3.774636136089738,4.1779614436567964,ISG15
Reactome_2022,Metabolism Of Water-Soluble Vitamins And Cofactors R-HSA-196849,2/105,0.33659171955486716,0.4193573425870958,2.098863130889944,2.285419736076346,PARP10;PARP14
GO_Biological_Process_2023,Small GTPase Mediated Signal Transduction (GO:0007264),2/105,0.33659171955486716,0.4193573425870958,2.098863130889944,2.285419736076346,ARHGAP30;RASGRP3
GO_Biological_Process_2023,Positive Regulation Of Leukocyte Chemotaxis (GO:0002690),1/36,0.33823757852413944,0.41968435740188464,3.6681281720171777,3.976275644675536,CXCL10
GO_Biological_Process_2023,L-alpha-amino Acid Transmembrane Transport (GO:1902475),1/36,0.33823757852413944,0.41968435740188464,3.6681281720171777,3.976275644675536,SLC38A5
GO_Biological_Process_2023,Negative Regulation Of Protein Localization (GO:1903828),1/36,0.33823757852413944,0.41968435740188464,3.6681281720171777,3.976275644675536,SPI1
GO_Biological_Process_2023,Embryonic Heart Tube Morphogenesis (GO:0003143),1/36,0.33823757852413944,0.41968435740188464,3.6681281720171777,3.976275644675536,TGFBR2
Reactome_2022,SMAD2/SMAD3:SMAD4 Heterotrimer Regulates Transcription R-HSA-2173796,1/36,0.33823757852413944,0.41968435740188464,3.6681281720171777,3.976275644675536,TGIF1
Reactome_2022,FLT3 Signaling R-HSA-9607240,1/36,0.33823757852413944,0.41968435740188464,3.6681281720171777,3.976275644675536,GAB2
Reactome_2022,Glycosphingolipid Metabolism R-HSA-1660662,1/36,0.33823757852413944,0.41968435740188464,3.6681281720171777,3.976275644675536,HEXB
GO_Biological_Process_2023,Regulation Of Intracellular Protein Transport (GO:0033157),1/36,0.33823757852413944,0.41968435740188464,3.6681281720171777,3.976275644675536,LCP1
GO_Biological_Process_2023,Regulation Of Protein Binding (GO:0043393),2/106,0.3407429700757328,0.4225769996800222,2.0786758603731443,2.237958221601592,B2M;IFIT1
GO_Biological_Process_2023,Regulation Of Cytoskeleton Organization (GO:0051493),2/107,0.3448861731964089,0.42557433884143286,2.058871286927753,2.191752588086091,F11R;BST2
GO_Biological_Process_2023,Heterophilic Cell-Cell Adhesion Via Plasma Membrane Cell Adhesion Molecules (GO:0007157),1/37,0.34579010968080165,0.42557433884143286,3.5674562607705114,3.788364951485298,ICAM1
GO_Biological_Process_2023,Regulation Of Transport (GO:0051049),1/37,0.34579010968080165,0.42557433884143286,3.5674562607705114,3.788364951485298,FES
GO_Biological_Process_2023,Membrane Fission (GO:0090148),1/37,0.34579010968080165,0.42557433884143286,3.5674562607705114,3.788364951485298,EXOC8
GO_Biological_Process_2023,Bone Development (GO:0060348),1/37,0.34579010968080165,0.42557433884143286,3.5674562607705114,3.788364951485298,PTPRC
KEGG_2019_Mouse,Glutamatergic synapse,2/107,0.3448861731964089,0.42557433884143286,2.058871286927753,2.191752588086091,ADCY7;GNGT2
GO_Biological_Process_2023,Non-Membrane-Bounded Organelle Assembly (GO:0140694),2/107,0.3448861731964089,0.42557433884143286,2.058871286927753,2.191752588086091,CAPN3;RNF213
Reactome_2022,PI3K Cascade R-HSA-109704,1/37,0.34579010968080165,0.42557433884143286,3.5674562607705114,3.788364951485298,GAB2
Reactome_2022,Glucagon-like Peptide-1 (GLP1) Regulates Insulin Secretion R-HSA-381676,1/37,0.34579010968080165,0.42557433884143286,3.5674562607705114,3.788364951485298,GNGT2
Reactome_2022,RET Signaling R-HSA-8853659,1/37,0.34579010968080165,0.42557433884143286,3.5674562607705114,3.788364951485298,GAB2
GO_Biological_Process_2023,Positive Regulation Of Cell Cycle G1/S Phase Transition (GO:1902808),1/37,0.34579010968080165,0.42557433884143286,3.5674562607705114,3.788364951485298,PLCG2
GO_Biological_Process_2023,Cognition (GO:0050890),1/37,0.34579010968080165,0.42557433884143286,3.5674562607705114,3.788364951485298,SETD5
GO_Biological_Process_2023,Cardiac Ventricle Morphogenesis (GO:0003208),1/37,0.34579010968080165,0.42557433884143286,3.5674562607705114,3.788364951485298,TGFBR2
GO_Biological_Process_2023,Negative Regulation Of Hydrolase Activity (GO:0051346),1/37,0.34579010968080165,0.42557433884143286,3.5674562607705114,3.788364951485298,CST7
Reactome_2022,NS1 Mediated Effects On Host Pathways R-HSA-168276,1/37,0.34579010968080165,0.42557433884143286,3.5674562607705114,3.788364951485298,ISG15
GO_Biological_Process_2023,Ceramide Biosynthetic Process (GO:0046513),1/38,0.3532568082832787,0.43191651068187276,3.4721535181236676,3.612984010414923,ST8SIA6
GO_Biological_Process_2023,Positive Regulation Of Receptor-Mediated Endocytosis (GO:0048260),1/38,0.3532568082832787,0.43191651068187276,3.4721535181236676,3.612984010414923,B2M
GO_Biological_Process_2023,Protein Localization To Lysosome (GO:0061462),1/38,0.3532568082832787,0.43191651068187276,3.4721535181236676,3.612984010414923,LAPTM5
GO_Biological_Process_2023,Lysosome Localization (GO:0032418),1/38,0.3532568082832787,0.43191651068187276,3.4721535181236676,3.612984010414923,PIK3CG
GO_Biological_Process_2023,Regulation Of Ubiquitin-Dependent Protein Catabolic Process (GO:2000058),1/38,0.3532568082832787,0.43191651068187276,3.4721535181236676,3.612984010414923,LAPTM5
GO_Biological_Process_2023,Positive Regulation Of Ossification (GO:0045778),1/38,0.3532568082832787,0.43191651068187276,3.4721535181236676,3.612984010414923,ISG15
GO_Biological_Process_2023,Glycolipid Biosynthetic Process (GO:0009247),1/38,0.3532568082832787,0.43191651068187276,3.4721535181236676,3.612984010414923,ST8SIA6
GO_Biological_Process_2023,Regulation Of Release Of Cytochrome C From Mitochondria (GO:0090199),1/38,0.3532568082832787,0.43191651068187276,3.4721535181236676,3.612984010414923,PLAUR
Reactome_2022,Diseases Associated With Glycosaminoglycan Metabolism R-HSA-3560782,1/38,0.3532568082832787,0.43191651068187276,3.4721535181236676,3.612984010414923,HEXB
Reactome_2022,DAG And IP3 Signaling R-HSA-1489509,1/38,0.3532568082832787,0.43191651068187276,3.4721535181236676,3.612984010414923,ADCY7
GO_Biological_Process_2023,Regulation Of DNA-templated Transcription Elongation (GO:0032784),1/38,0.3532568082832787,0.43191651068187276,3.4721535181236676,3.612984010414923,SETD5
GO_Biological_Process_2023,Regulation Of Microtubule Polymerization (GO:0031113),1/38,0.3532568082832787,0.43191651068187276,3.4721535181236676,3.612984010414923,FES
GO_Biological_Process_2023,Positive Regulation Of Biomineral Tissue Development (GO:0070169),1/38,0.3532568082832787,0.43191651068187276,3.4721535181236676,3.612984010414923,ISG15
Reactome_2022,Transport Of Small Molecules R-HSA-382551,8/587,0.3538691718492222,0.43244737164051467,1.277454038627464,1.3270550306871205,PSMB9;ADCY7;PSMB8;RUNX1;SLCO2B1;SLC15A3;SLC38A5;GNGT2
Reactome_2022,Metabolism Of Proteins R-HSA-392499,20/1592,0.35760477666076673,0.4367925480401011,1.13853684447379,1.1707880390156238,TGFBR1;PSMB8;PLAUR;USP18;USP24;SP100;ASB10;IFIH1;GNGT2;RENBP;B2M;PROS1;ST8SIA6;EXOC8;CTSH;KLF4;PSMB9;RAB7B;CTSC;TGFBR2
GO_Biological_Process_2023,Sterol Metabolic Process (GO:0016125),1/39,0.36063864567477083,0.43807306959593034,3.3818015673026336,3.4490277360543624,NSDHL
GO_Biological_Process_2023,Collagen Fibril Organization (GO:0030199),1/39,0.36063864567477083,0.43807306959593034,3.3818015673026336,3.4490277360543624,TGFBR1
GO_Biological_Process_2023,Epithelial Cell Migration (GO:0010631),1/39,0.36063864567477083,0.43807306959593034,3.3818015673026336,3.4490277360543624,STAT1
GO_Biological_Process_2023,Negative Regulation Of Cold-Induced Thermogenesis (GO:0120163),1/39,0.36063864567477083,0.43807306959593034,3.3818015673026336,3.4490277360543624,TLR4
Reactome_2022,Translesion Synthesis By Y Family DNA Polymerases Bypasses Lesions On DNA Template R-HSA-110313,1/39,0.36063864567477083,0.43807306959593034,3.3818015673026336,3.4490277360543624,ISG15
GO_Biological_Process_2023,Establishment Or Maintenance Of Epithelial Cell Apical/Basal Polarity (GO:0045197),1/39,0.36063864567477083,0.43807306959593034,3.3818015673026336,3.4490277360543624,DLG5
GO_Biological_Process_2023,Response To Amino Acid Starvation (GO:1990928),1/39,0.36063864567477083,0.43807306959593034,3.3818015673026336,3.4490277360543624,FAS
GO_Biological_Process_2023,Oligosaccharide Metabolic Process (GO:0009311),1/39,0.36063864567477083,0.43807306959593034,3.3818015673026336,3.4490277360543624,ST8SIA6
GO_Biological_Process_2023,Amino Acid Transport (GO:0006865),1/39,0.36063864567477083,0.43807306959593034,3.3818015673026336,3.4490277360543624,SLC38A5
Reactome_2022,Interleukin-12 Signaling R-HSA-9020591,1/39,0.36063864567477083,0.43807306959593034,3.3818015673026336,3.4490277360543624,TYK2
KEGG_2019_Mouse,cAMP signaling pathway,3/187,0.35893175449463777,0.43807306959593034,1.6488562520033803,1.689456051806284,VAV1;ADCY7;NFATC1
GO_Biological_Process_2023,Cellular Response To Amino Acid Starvation (GO:0034198),1/40,0.3679365822527013,0.44404877430497564,3.2960243988016518,3.2955124817126333,FAS
Reactome_2022,RND3 GTPase Cycle R-HSA-9696264,1/40,0.3679365822527013,0.44404877430497564,3.2960243988016518,3.2955124817126333,DLG5
Reactome_2022,RND2 GTPase Cycle R-HSA-9696270,1/40,0.3679365822527013,0.44404877430497564,3.2960243988016518,3.2955124817126333,DLG5
GO_Biological_Process_2023,Regulation Of Telomerase Activity (GO:0051972),1/40,0.3679365822527013,0.44404877430497564,3.2960243988016518,3.2955124817126333,KLF4
GO_Biological_Process_2023,Protein Sumoylation (GO:0016925),1/40,0.3679365822527013,0.44404877430497564,3.2960243988016518,3.2955124817126333,IFIH1
GO_Biological_Process_2023,Regulation Of Amide Metabolic Process (GO:0034248),1/40,0.3679365822527013,0.44404877430497564,3.2960243988016518,3.2955124817126333,RBM4B
Reactome_2022,Post-translational Protein Modification R-HSA-597592,15/1179,0.36741732458992504,0.44404877430497564,1.1607241436720674,1.162183119065287,ASB10;TGFBR1;RENBP;PSMB9;IFIH1;RAB7B;PROS1;CTSC;PSMB8;PLAUR;ST8SIA6;USP18;USP24;SP100;TGFBR2
Reactome_2022,Heme Signaling R-HSA-9707616,1/40,0.3679365822527013,0.44404877430497564,3.2960243988016518,3.2955124817126333,TLR4
GO_Biological_Process_2023,Positive Regulation Of Smooth Muscle Cell Proliferation (GO:0048661),1/40,0.3679365822527013,0.44404877430497564,3.2960243988016518,3.2955124817126333,STAT1
Reactome_2022,IRS-mediated Signaling R-HSA-112399,1/40,0.3679365822527013,0.44404877430497564,3.2960243988016518,3.2955124817126333,GAB2
Reactome_2022,Keratinization R-HSA-6805567,1/40,0.3679365822527013,0.44404877430497564,3.2960243988016518,3.2955124817126333,ST14
GO_Biological_Process_2023,Phosphatidylinositol Phosphate Biosynthetic Process (GO:0046854),1/40,0.3679365822527013,0.44404877430497564,3.2960243988016518,3.2955124817126333,PIK3CG
Reactome_2022,Amyloid Fiber Formation R-HSA-977225,1/40,0.3679365822527013,0.44404877430497564,3.2960243988016518,3.2955124817126333,B2M
KEGG_2019_Mouse,Thyroid hormone signaling pathway,2/113,0.36955715595686606,0.44578291128594133,1.9475038649523242,1.9386424613311206,PLCG2;STAT1
KEGG_2019_Mouse,Regulation of actin cytoskeleton,3/191,0.3713272406017329,0.44769558516661984,1.6135478166623884,1.598495924620577,ITGB2;VAV1;ITGAX
Reactome_2022,Nervous System Development R-HSA-9675108,7/515,0.37196634047525323,0.4482434500166036,1.2835085816825131,1.2693282651483375,PSMB9;TREM2;PSMB8;PTPRC;FES;GAB2;TYROBP
GO_Biological_Process_2023,Positive Regulation Of Blood Vessel Endothelial Cell Migration (GO:0043536),1/41,0.3751515675915372,0.450962285559515,3.214483139856274,3.1515601287948374,ETS1
GO_Biological_Process_2023,Learning (GO:0007612),1/41,0.3751515675915372,0.450962285559515,3.214483139856274,3.1515601287948374,TLR2
GO_Biological_Process_2023,Positive Regulation Of Nucleocytoplasmic Transport (GO:0046824),1/41,0.3751515675915372,0.450962285559515,3.214483139856274,3.1515601287948374,HCLS1
GO_Biological_Process_2023,Establishment Of Protein Localization To Mitochondrion (GO:0072655),1/41,0.3751515675915372,0.450962285559515,3.214483139856274,3.1515601287948374,HK2
GO_Biological_Process_2023,Response To Organonitrogen Compound (GO:0010243),1/41,0.3751515675915372,0.450962285559515,3.214483139856274,3.1515601287948374,IRF5
GO_Biological_Process_2023,Circulatory System Development (GO:0072359),2/115,0.3777013846916033,0.453578060686057,1.9129979530039902,1.8625931029160352,TGFBR1;TGFBR2
Reactome_2022,Synthesis Of DNA R-HSA-69239,2/115,0.3777013846916033,0.453578060686057,1.9129979530039902,1.8625931029160352,PSMB8;PSMB9
Reactome_2022,Phospholipid Metabolism R-HSA-1483257,3/194,0.38059553133985013,0.4568275739672682,1.5880344759819198,1.5340699920898357,TNFAIP8L2;INPP5D;PIK3CG
GO_Biological_Process_2023,Positive Regulation Of Stress Fiber Assembly (GO:0051496),1/42,0.3822845405642365,0.4579489535781846,3.13687158013718,3.016384584493294,TGFBR1
KEGG_2019_Mouse,Sphingolipid signaling pathway,2/116,0.3817572516606097,0.4579489535781846,1.8961970395444303,1.8259815064118,FCER1G;GAB2
Reactome_2022,TBC/RABGAPs R-HSA-8854214,1/42,0.3822845405642365,0.4579489535781846,3.13687158013718,3.016384584493294,RAB7B
GO_Biological_Process_2023,Regulation Of Epidermal Growth Factor Receptor Signaling Pathway (GO:0042058),1/42,0.3822845405642365,0.4579489535781846,3.13687158013718,3.016384584493294,PLAUR
GO_Biological_Process_2023,Protein Targeting (GO:0006605),2/117,0.3858019127294781,0.46170672692033693,1.8796870509932608,1.7902726325044664,RTP4;NCF1
GO_Biological_Process_2023,Protein Dephosphorylation (GO:0006470),2/117,0.3858019127294781,0.46170672692033693,1.8796870509932608,1.7902726325044664,PTPRC;PTPN6
Reactome_2022,IRS-related Events Triggered By IGF1R R-HSA-2428928,1/43,0.3893364294623375,0.46387801389548017,3.0629123291107487,2.889280276239007,GAB2
GO_Biological_Process_2023,Protein Homotetramerization (GO:0051289),1/43,0.3893364294623375,0.46387801389548017,3.0629123291107487,2.889280276239007,B2M
GO_Biological_Process_2023,Regulation Of Fibroblast Proliferation (GO:0048145),1/43,0.3893364294623375,0.46387801389548017,3.0629123291107487,2.889280276239007,PARP10
KEGG_2019_Mouse,Ovarian steroidogenesis,1/43,0.3893364294623375,0.46387801389548017,3.0629123291107487,2.889280276239007,ADCY7
GO_Biological_Process_2023,Negative Regulation Of Metabolic Process (GO:0009892),1/43,0.3893364294623375,0.46387801389548017,3.0629123291107487,2.889280276239007,TLR4
GO_Biological_Process_2023,Intracellular Iron Ion Homeostasis (GO:0006879),1/43,0.3893364294623375,0.46387801389548017,3.0629123291107487,2.889280276239007,B2M
GO_Biological_Process_2023,Regulation Of Intrinsic Apoptotic Signaling Pathway (GO:2001242),1/43,0.3893364294623375,0.46387801389548017,3.0629123291107487,2.889280276239007,PLAUR
GO_Biological_Process_2023,Cellular Response To Alcohol (GO:0097306),1/43,0.3893364294623375,0.46387801389548017,3.0629123291107487,2.889280276239007,ADCY7
GO_Biological_Process_2023,Positive Regulation Of TOR Signaling (GO:0032008),1/43,0.3893364294623375,0.46387801389548017,3.0629123291107487,2.889280276239007,TREM2
KEGG_2019_Mouse,FoxO signaling pathway,2/119,0.3938565405288131,0.4685734430703085,1.8475101371360882,1.721451834793394,TGFBR1;TGFBR2
GO_Biological_Process_2023,Negative Regulation Of Cell Motility (GO:2000146),2/119,0.3938565405288131,0.4685734430703085,1.8475101371360882,1.721451834793394,DLG5;BST2
GO_Biological_Process_2023,Positive Regulation Of Intracellular Protein Transport (GO:0090316),2/119,0.3938565405288131,0.4685734430703085,1.8475101371360882,1.721451834793394,HCLS1;ITGB2
Reactome_2022,IGF1R Signaling Cascade R-HSA-2428924,1/44,0.3963081521147054,0.47010747076363146,2.992353503418866,2.769612309389597,GAB2
GO_Biological_Process_2023,Positive Regulation Of Fat Cell Differentiation (GO:0045600),1/44,0.3963081521147054,0.47010747076363146,2.992353503418866,2.769612309389597,LCP1
Reactome_2022,Signaling By Type 1 Insulin-like Growth Factor 1 Receptor (IGF1R) R-HSA-2404192,1/44,0.3963081521147054,0.47010747076363146,2.992353503418866,2.769612309389597,GAB2
GO_Biological_Process_2023,Intrinsic Apoptotic Signaling Pathway In Response To DNA Damage (GO:0008630),1/44,0.3963081521147054,0.47010747076363146,2.992353503418866,2.769612309389597,BCL3
GO_Biological_Process_2023,Response To Peptide Hormone (GO:0043434),1/44,0.3963081521147054,0.47010747076363146,2.992353503418866,2.769612309389597,STAT1
GO_Biological_Process_2023,Response To Organic Cyclic Compound (GO:0014070),1/44,0.3963081521147054,0.47010747076363146,2.992353503418866,2.769612309389597,CCL3
GO_Biological_Process_2023,Positive Regulation Of Nervous System Development (GO:0051962),1/45,0.403200616004957,0.4761887567124236,2.924965860904147,2.6568080164666545,DLG5
GO_Biological_Process_2023,Purine Ribonucleotide Biosynthetic Process (GO:0009152),1/45,0.403200616004957,0.4761887567124236,2.924965860904147,2.6568080164666545,ADCY7
Reactome_2022,DNA Replication R-HSA-69306,2/121,0.40186318972352175,0.4761887567124236,1.8164102747887791,1.6559187517750134,PSMB8;PSMB9
GO_Biological_Process_2023,Regulation Of Smooth Muscle Cell Proliferation (GO:0048660),1/45,0.403200616004957,0.4761887567124236,2.924965860904147,2.6568080164666545,STAT1
Reactome_2022,Insulin Receptor Signaling Cascade R-HSA-74751,1/45,0.403200616004957,0.4761887567124236,2.924965860904147,2.6568080164666545,GAB2
GO_Biological_Process_2023,Regulation Of Protein Localization To Nucleus (GO:1900180),1/45,0.403200616004957,0.4761887567124236,2.924965860904147,2.6568080164666545,TYK2
Reactome_2022,G2/M Checkpoints R-HSA-69481,2/121,0.40186318972352175,0.4761887567124236,1.8164102747887791,1.6559187517750134,PSMB8;PSMB9
GO_Biological_Process_2023,Positive Regulation Of mRNA Catabolic Process (GO:0061014),1/45,0.403200616004957,0.4761887567124236,2.924965860904147,2.6568080164666545,ZC3HAV1
GO_Biological_Process_2023,Regulation Of Mitochondrion Organization (GO:0010821),1/45,0.403200616004957,0.4761887567124236,2.924965860904147,2.6568080164666545,TREM2
GO_Biological_Process_2023,Regulation Of Cold-Induced Thermogenesis (GO:0120161),2/122,0.40584790492267947,0.47884922958062376,1.8012474788310662,1.6243232018503326,TLR4;UCP2
GO_Biological_Process_2023,Regulation Of Macromolecule Metabolic Process (GO:0060255),2/122,0.40584790492267947,0.47884922958062376,1.8012474788310662,1.6243232018503326,PTPRC;TREM2
Reactome_2022,G1/S Transition R-HSA-69206,2/123,0.40981989880246816,0.4804952783807923,1.7863342762224514,1.5934771387126185,PSMB8;PSMB9
Reactome_2022,Pre-NOTCH Expression And Processing R-HSA-1912422,1/46,0.41001471838756526,0.4804952783807923,2.860540312565899,2.5503496755380426,RUNX1
GO_Biological_Process_2023,Fatty Acid Biosynthetic Process (GO:0006633),1/46,0.41001471838756526,0.4804952783807923,2.860540312565899,2.5503496755380426,LCP1
GO_Biological_Process_2023,Golgi To Plasma Membrane Transport (GO:0006893),1/46,0.41001471838756526,0.4804952783807923,2.860540312565899,2.5503496755380426,EXOC8
GO_Biological_Process_2023,Regulation Of mRNA Catabolic Process (GO:0061013),1/46,0.41001471838756526,0.4804952783807923,2.860540312565899,2.5503496755380426,ZC3HAV1
Reactome_2022,Cargo Trafficking To Periciliary Membrane R-HSA-5620920,1/46,0.41001471838756526,0.4804952783807923,2.860540312565899,2.5503496755380426,EXOC8
Reactome_2022,Signaling By EGFR R-HSA-177929,1/46,0.41001471838756526,0.4804952783807923,2.860540312565899,2.5503496755380426,PAG1
Reactome_2022,PLC Beta Mediated Events R-HSA-112043,1/46,0.41001471838756526,0.4804952783807923,2.860540312565899,2.5503496755380426,ADCY7
Reactome_2022,Antigen Processing: Ubiquitination And Proteasome Degradation R-HSA-983168,4/285,0.40859376877210446,0.4804952783807923,1.3887612259225302,1.242988302470697,ASB10;PSMB8;RNF213;PSMB9
GO_Biological_Process_2023,Negative Regulation Of Protein-Containing Complex Assembly (GO:0031333),1/46,0.41001471838756526,0.4804952783807923,2.860540312565899,2.5503496755380426,TREM2
GO_Biological_Process_2023,Positive Regulation Of Protein Localization To Plasma Membrane (GO:1903078),1/46,0.41001471838756526,0.4804952783807923,2.860540312565899,2.5503496755380426,TREM2
Reactome_2022,Regulated Necrosis R-HSA-5218859,1/46,0.41001471838756526,0.4804952783807923,2.860540312565899,2.5503496755380426,CASP4
GO_Biological_Process_2023,Regulation Of Stress-Activated MAPK Cascade (GO:0032872),1/46,0.41001471838756526,0.4804952783807923,2.860540312565899,2.5503496755380426,FAS
GO_Biological_Process_2023,Regulation Of Reactive Oxygen Species Metabolic Process (GO:2000377),1/46,0.41001471838756526,0.4804952783807923,2.860540312565899,2.5503496755380426,TGFBR2
KEGG_2019_Mouse,Purine metabolism,2/124,0.41377894374542895,0.48443873442844,1.7716645544727527,1.56335825993399,ENTPD1;ADCY7
GO_Biological_Process_2023,Positive Regulation Of Cellular Catabolic Process (GO:0031331),2/124,0.41377894374542895,0.48443873442844,1.7716645544727527,1.56335825993399,LAPTM5;ZC3HAV1
Reactome_2022,Metabolism Of Lipids R-HSA-556833,8/622,0.414383425511242,0.4849125234888063,1.2025661888965389,1.059417021198473,TBXAS1;PIK3CG;TNFAIP8L2;INPP5D;ARHGAP9;NSDHL;HEXB;PON3
GO_Biological_Process_2023,Protein K63-linked Ubiquitination (GO:0070534),1/47,0.41675134640267186,0.48651059053356643,2.798885755554027,2.4497682148295095,RNF213
GO_Biological_Process_2023,Regulated Exocytosis (GO:0045055),1/47,0.41675134640267186,0.48651059053356643,2.798885755554027,2.4497682148295095,PLEK
GO_Biological_Process_2023,Regulation Of Blood Vessel Endothelial Cell Migration (GO:0043535),1/47,0.41675134640267186,0.48651059053356643,2.798885755554027,2.4497682148295095,ETS1
GO_Biological_Process_2023,Regulation Of Mitotic Nuclear Division (GO:0007088),1/47,0.41675134640267186,0.48651059053356643,2.798885755554027,2.4497682148295095,CDCA2
GO_Biological_Process_2023,Regulation Of Smoothened Signaling Pathway (GO:0008589),1/47,0.41675134640267186,0.48651059053356643,2.798885755554027,2.4497682148295095,DLG5
GO_Biological_Process_2023,Synapse Organization (GO:0050808),2/125,0.41772481892103563,0.4871783447964217,1.7572323990671788,1.5339450799950922,C1QC;C1QA
KEGG_2019_Mouse,Insulin signaling pathway,2/125,0.41772481892103563,0.4871783447964217,1.7572323990671788,1.5339450799950922,HK2;HK3
GO_Biological_Process_2023,Positive Regulation Of Programmed Cell Death (GO:0043068),3/207,0.4203650616480493,0.49002209635918137,1.4861266661408628,1.2879245546406966,IRF5;LAPTM5;FAS
Reactome_2022,Phase I - Functionalization Of Compounds R-HSA-211945,1/48,0.4234113771896192,0.49168392939674915,2.739827179890024,2.3546377524548525,TBXAS1
Reactome_2022,Cell-cell Junction Organization R-HSA-421270,1/48,0.4234113771896192,0.49168392939674915,2.739827179890024,2.3546377524548525,F11R
GO_Biological_Process_2023,Carboxylic Acid Transport (GO:0046942),1/48,0.4234113771896192,0.49168392939674915,2.739827179890024,2.3546377524548525,SLC38A5
GO_Biological_Process_2023,Regulation Of Cation Channel Activity (GO:2001257),1/48,0.4234113771896192,0.49168392939674915,2.739827179890024,2.3546377524548525,CTSS
Reactome_2022,Chondroitin Sulfate/Dermatan Sulfate Metabolism R-HSA-1793185,1/48,0.4234113771896192,0.49168392939674915,2.739827179890024,2.3546377524548525,HEXB
GO_Biological_Process_2023,Endosome Organization (GO:0007032),1/48,0.4234113771896192,0.49168392939674915,2.739827179890024,2.3546377524548525,EXOC8
Reactome_2022,DNA Damage Bypass R-HSA-73893,1/48,0.4234113771896192,0.49168392939674915,2.739827179890024,2.3546377524548525,ISG15
GO_Biological_Process_2023,Neuropeptide Signaling Pathway (GO:0007218),1/48,0.4234113771896192,0.49168392939674915,2.739827179890024,2.3546377524548525,GPR84
GO_Biological_Process_2023,Positive Regulation Of Transferase Activity (GO:0051347),2/127,0.4255762098411656,0.49325380195057733,1.7290580717813968,1.4771537461078441,TREM2;KLF4
GO_Biological_Process_2023,Negative Regulation Of Wnt Signaling Pathway (GO:0030178),2/127,0.4255762098411656,0.49325380195057733,1.7290580717813968,1.4771537461078441,RNF213;AMER2
GO_Biological_Process_2023,Negative Regulation Of Protein Metabolic Process (GO:0051248),2/127,0.4255762098411656,0.49325380195057733,1.7290580717813968,1.4771537461078441,TREM2;CD84
GO_Biological_Process_2023,Cellular Response To Organic Cyclic Compound (GO:0071407),2/127,0.4255762098411656,0.49325380195057733,1.7290580717813968,1.4771537461078441,CCL3;FES
Reactome_2022,Assembly Of Collagen Fibrils And Other Multimeric Structures R-HSA-2022090,1/49,0.42999567799920363,0.49718890448026065,2.683204009408041,2.2645708458954723,CTSS
Reactome_2022,ECM Proteoglycans R-HSA-3000178,1/49,0.42999567799920363,0.49718890448026065,2.683204009408041,2.2645708458954723,ITGAX
KEGG_2019_Mouse,Regulation of lipolysis in adipocytes,1/49,0.42999567799920363,0.49718890448026065,2.683204009408041,2.2645708458954723,ADCY7
Reactome_2022,Signaling By Non-Receptor Tyrosine Kinases R-HSA-9006927,1/49,0.42999567799920363,0.49718890448026065,2.683204009408041,2.2645708458954723,GPNMB
GO_Biological_Process_2023,Monocarboxylic Acid Transport (GO:0015718),1/49,0.42999567799920363,0.49718890448026065,2.683204009408041,2.2645708458954723,SLCO2B1
Reactome_2022,Translocation Of SLC2A4 (GLUT4) To Plasma Membrane R-HSA-1445148,1/50,0.43650510630468486,0.502447594871881,2.628868643794017,2.1792143467919525,EXOC8
GO_Biological_Process_2023,Sprouting Angiogenesis (GO:0002040),1/50,0.43650510630468486,0.502447594871881,2.628868643794017,2.1792143467919525,RNF213
Reactome_2022,G-protein Mediated Events R-HSA-112040,1/50,0.43650510630468486,0.502447594871881,2.628868643794017,2.1792143467919525,ADCY7
Reactome_2022,"Nucleotide-binding Domain, Leucine Rich Repeat Containing NLR Signaling Pathways R-HSA-168643",1/50,0.43650510630468486,0.502447594871881,2.628868643794017,2.1792143467919525,CASP4
GO_Biological_Process_2023,Response To Retinoic Acid (GO:0032526),1/50,0.43650510630468486,0.502447594871881,2.628868643794017,2.1792143467919525,CTSH
GO_Biological_Process_2023,Selective Autophagy (GO:0061912),1/50,0.43650510630468486,0.502447594871881,2.628868643794017,2.1792143467919525,RNF213
GO_Biological_Process_2023,Intracellular Protein Transport (GO:0006886),4/296,0.4366139174226604,0.502447594871881,1.3358032895829872,1.106988145524595,ARL11;LAPTM5;UNC93B1;BCL3
GO_Biological_Process_2023,Positive Regulation Of T Cell Differentiation (GO:0045582),1/50,0.43650510630468486,0.502447594871881,2.628868643794017,2.1792143467919525,VSIR
GO_Biological_Process_2023,protein-DNA Complex Organization (GO:0071824),1/50,0.43650510630468486,0.502447594871881,2.628868643794017,2.1792143467919525,PARP10
GO_Biological_Process_2023,Regulation Of Proteasomal Protein Catabolic Process (GO:0061136),1/50,0.43650510630468486,0.502447594871881,2.628868643794017,2.1792143467919525,TREM2
GO_Biological_Process_2023,Negative Regulation Of Protein Ubiquitination (GO:0031397),1/51,0.4429405099115469,0.5080418797520436,2.576685173847875,2.098245773708008,ISG15
GO_Biological_Process_2023,Monocarboxylic Acid Biosynthetic Process (GO:0072330),1/51,0.4429405099115469,0.5080418797520436,2.576685173847875,2.098245773708008,LCP1
GO_Biological_Process_2023,Glycoprotein Metabolic Process (GO:0009100),1/51,0.4429405099115469,0.5080418797520436,2.576685173847875,2.098245773708008,ST8SIA6
Reactome_2022,Signaling By PDGF R-HSA-186797,1/51,0.4429405099115469,0.5080418797520436,2.576685173847875,2.098245773708008,STAT1
GO_Biological_Process_2023,Heart Morphogenesis (GO:0003007),1/51,0.4429405099115469,0.5080418797520436,2.576685173847875,2.098245773708008,TGFBR1
GO_Biological_Process_2023,Chordate Embryonic Development (GO:0043009),1/51,0.4429405099115469,0.5080418797520436,2.576685173847875,2.098245773708008,TGFBR1
GO_Biological_Process_2023,Regulation Of Macromolecule Biosynthetic Process (GO:0010556),1/51,0.4429405099115469,0.5080418797520436,2.576685173847875,2.098245773708008,RBM4B
KEGG_2019_Mouse,Retrograde endocannabinoid signaling,2/132,0.4449600107849035,0.5098762729815679,1.6624004200612041,1.346163424896764,ADCY7;GNGT2
KEGG_2019_Mouse,MicroRNAs in cancer,2/132,0.4449600107849035,0.5098762729815679,1.6624004200612041,1.346163424896764,PLCG2;ST14
GO_Biological_Process_2023,Regulation Of Autophagy (GO:0010506),3/216,0.447402897258299,0.512433615689425,1.4228450555261767,1.1443882370153622,GFAP;TREM2;EXOC8
GO_Biological_Process_2023,Actin Cytoskeleton Reorganization (GO:0031532),1/52,0.44930272706603674,0.5131565734537746,2.5265282464239136,2.021370129552222,PLEK
GO_Biological_Process_2023,Actin Polymerization Or Depolymerization (GO:0008154),1/52,0.44930272706603674,0.5131565734537746,2.5265282464239136,2.021370129552222,CAPG
Reactome_2022,Signaling By ALK Fusions And Activated Point Mutants R-HSA-9725370,1/52,0.44930272706603674,0.5131565734537746,2.5265282464239136,2.021370129552222,RNF213
KEGG_2019_Mouse,Gastric cancer,2/133,0.44879335233712314,0.5131565734537746,1.649677172470506,1.3217093689226522,TGFBR1;TGFBR2
GO_Biological_Process_2023,Cholesterol Metabolic Process (GO:0008203),1/52,0.44930272706603674,0.5131565734537746,2.5265282464239136,2.021370129552222,NSDHL
GO_Biological_Process_2023,Protein Modification By Small Protein Conjugation (GO:0032446),4/301,0.44923184265668836,0.5131565734537746,1.3130261175744595,1.0507047324237435,TRIM14;ISG15;RNF213;IFIH1
KEGG_2019_Mouse,Adrenergic signaling in cardiomyocytes,2/134,0.45261182223452245,0.5164498789671773,1.6371459739000445,1.297799052890343,ADCY7;PIK3CG
Reactome_2022,PTEN Regulation R-HSA-6807070,2/134,0.45261182223452245,0.5164498789671773,1.6371459739000445,1.297799052890343,PSMB8;PSMB9
GO_Biological_Process_2023,Signal Transduction In Response To DNA Damage (GO:0042770),1/53,0.4555925865624878,0.5176606777093435,2.478282059092294,1.948317101895614,BCL3
KEGG_2019_Mouse,Bile secretion,1/53,0.4555925865624878,0.5176606777093435,2.478282059092294,1.948317101895614,ADCY7
GO_Biological_Process_2023,Mitotic Cytokinesis (GO:0000281),1/53,0.4555925865624878,0.5176606777093435,2.478282059092294,1.948317101895614,EXOC8
GO_Biological_Process_2023,Endosome To Lysosome Transport (GO:0008333),1/53,0.4555925865624878,0.5176606777093435,2.478282059092294,1.948317101895614,RAB7B
GO_Biological_Process_2023,Lipid Biosynthetic Process (GO:0008610),1/53,0.4555925865624878,0.5176606777093435,2.478282059092294,1.948317101895614,LCP1
GO_Biological_Process_2023,Skin Development (GO:0043588),1/53,0.4555925865624878,0.5176606777093435,2.478282059092294,1.948317101895614,ST14
KEGG_2019_Mouse,Pyrimidine metabolism,1/53,0.4555925865624878,0.5176606777093435,2.478282059092294,1.948317101895614,ENTPD1
Reactome_2022,RAB Geranylgeranylation R-HSA-8873719,1/53,0.4555925865624878,0.5176606777093435,2.478282059092294,1.948317101895614,RAB7B
GO_Biological_Process_2023,Regulation Of Neurogenesis (GO:0050767),1/53,0.4555925865624878,0.5176606777093435,2.478282059092294,1.948317101895614,B2M
GO_Biological_Process_2023,Nitrogen Compound Transport (GO:0071705),2/135,0.45641526100868507,0.5183527554834247,1.6248025086415,1.2744174608243315,SLC15A3;SLC38A5
GO_Biological_Process_2023,Membrane Lipid Biosynthetic Process (GO:0046467),1/54,0.4618109078494427,0.5237453613787838,2.4318394675487713,1.8788385939761978,ST8SIA6
GO_Biological_Process_2023,Cholesterol Homeostasis (GO:0042632),1/54,0.4618109078494427,0.5237453613787838,2.4318394675487713,1.8788385939761978,LCP1
Reactome_2022,Regulation Of Actin Dynamics For Phagocytic Cup Formation R-HSA-2029482,1/54,0.4618109078494427,0.5237453613787838,2.4318394675487713,1.8788385939761978,VAV1
Reactome_2022,Neddylation R-HSA-8951664,3/221,0.46220786503052996,0.523950718556327,1.3899411923919196,1.0726740008240296,ASB10;PSMB8;PSMB9
GO_Biological_Process_2023,Neuron Differentiation (GO:0030182),2/137,0.4639764348351872,0.5254646791157253,1.6006621522318008,1.229182905006976,RUNX1;TGFBR1
GO_Biological_Process_2023,Dephosphorylation (GO:0016311),2/137,0.4639764348351872,0.5254646791157253,1.6006621522318008,1.229182905006976,PTPRC;PTPN6
Reactome_2022,Neurexins And Neuroligins R-HSA-6794361,1/55,0.46795850113459203,0.5282489684900721,2.3871011912912503,1.8127065421115172,EPB41L2
GO_Biological_Process_2023,Sterol Homeostasis (GO:0055092),1/55,0.46795850113459203,0.5282489684900721,2.3871011912912503,1.8127065421115172,LCP1
GO_Biological_Process_2023,Glycerophospholipid Metabolic Process (GO:0006650),1/55,0.46795850113459203,0.5282489684900721,2.3871011912912503,1.8127065421115172,PLEK
GO_Biological_Process_2023,Endocytic Recycling (GO:0032456),1/55,0.46795850113459203,0.5282489684900721,2.3871011912912503,1.8127065421115172,DENND1C
GO_Biological_Process_2023,Positive Regulation Of Protein Binding (GO:0032092),1/55,0.46795850113459203,0.5282489684900721,2.3871011912912503,1.8127065421115172,B2M
Reactome_2022,NRAGE Signals Death Thru JNK R-HSA-193648,1/55,0.46795850113459203,0.5282489684900721,2.3871011912912503,1.8127065421115172,VAV1
KEGG_2019_Mouse,VEGF signaling pathway,1/55,0.46795850113459203,0.5282489684900721,2.3871011912912503,1.8127065421115172,PLCG2
GO_Biological_Process_2023,Telomere Organization (GO:0032200),1/56,0.47403616748853794,0.5318935637978186,2.343975105169135,1.749710981846361,SP100
KEGG_2019_Mouse,Arachidonic acid metabolism,1/56,0.47403616748853794,0.5318935637978186,2.343975105169135,1.749710981846361,TBXAS1
GO_Biological_Process_2023,Activation Of Cysteine-Type Endopeptidase Activity Involved In Apoptotic Process (GO:0006919),1/56,0.47403616748853794,0.5318935637978186,2.343975105169135,1.749710981846361,LAPTM5
Reactome_2022,Cytosolic Sensors Of Pathogen-Associated DNA R-HSA-1834949,1/56,0.47403616748853794,0.5318935637978186,2.343975105169135,1.749710981846361,IRF7
GO_Biological_Process_2023,Homophilic Cell Adhesion Via Plasma Membrane Adhesion Molecules (GO:0007156),1/56,0.47403616748853794,0.5318935637978186,2.343975105169135,1.749710981846361,CD84
GO_Biological_Process_2023,post-Golgi Vesicle-Mediated Transport (GO:0006892),1/56,0.47403616748853794,0.5318935637978186,2.343975105169135,1.749710981846361,EXOC8
GO_Biological_Process_2023,Post-Transcriptional Regulation Of Gene Expression (GO:0010608),1/56,0.47403616748853794,0.5318935637978186,2.343975105169135,1.749710981846361,RBM4B
GO_Biological_Process_2023,Memory (GO:0007613),1/56,0.47403616748853794,0.5318935637978186,2.343975105169135,1.749710981846361,TREM2
GO_Biological_Process_2023,Phospholipid Metabolic Process (GO:0006644),1/56,0.47403616748853794,0.5318935637978186,2.343975105169135,1.749710981846361,LCP1
GO_Biological_Process_2023,Response To Reactive Oxygen Species (GO:0000302),1/56,0.47403616748853794,0.5318935637978186,2.343975105169135,1.749710981846361,NCF1
Reactome_2022,Signaling By ERBB4 R-HSA-1236394,1/56,0.47403616748853794,0.5318935637978186,2.343975105169135,1.749710981846361,GFAP
GO_Biological_Process_2023,Negative Regulation Of Kinase Activity (GO:0033673),1/56,0.47403616748853794,0.5318935637978186,2.343975105169135,1.749710981846361,PTPRC
GO_Biological_Process_2023,Negative Regulation Of Intrinsic Apoptotic Signaling Pathway (GO:2001243),1/56,0.47403616748853794,0.5318935637978186,2.343975105169135,1.749710981846361,PLAUR
Reactome_2022,Fatty Acid Metabolism R-HSA-8978868,2/140,0.47520178760664067,0.5327088861530332,1.5657588571340224,1.1649492490667475,TBXAS1;PON3
Reactome_2022,Mitotic G1 Phase And G1/S Transition R-HSA-453279,2/140,0.47520178760664067,0.5327088861530332,1.5657588571340224,1.1649492490667475,PSMB8;PSMB9
GO_Biological_Process_2023,Regulation Of Nucleic Acid-Templated Transcription (GO:1903506),4/312,0.476664971534169,0.5341024404032447,1.2655152255566717,0.937672623735768,HCLS1;TGFBR1;CEBPA;SPI1
GO_Biological_Process_2023,Regulation Of Cellular Component Organization (GO:0051128),2/141,0.4789119930091322,0.5359100663961976,1.554458029211086,1.144451737561889,GFAP;SETD5
GO_Biological_Process_2023,Negative Regulation Of Autophagy (GO:0010507),1/57,0.48004469894739754,0.5359100663961976,2.302375606166387,1.6896583306856412,TREM2
Reactome_2022,CDC42 GTPase Cycle R-HSA-9013148,2/141,0.4789119930091322,0.5359100663961976,1.554458029211086,1.144451737561889,ARHGAP30;ARHGAP9
GO_Biological_Process_2023,Positive Regulation Of Protein Polymerization (GO:0032273),1/57,0.48004469894739754,0.5359100663961976,2.302375606166387,1.6896583306856412,FES
KEGG_2019_Mouse,Cortisol synthesis and secretion,1/57,0.48004469894739754,0.5359100663961976,2.302375606166387,1.6896583306856412,ADCY7
GO_Biological_Process_2023,Regulation Of Actin Filament Polymerization (GO:0030833),1/57,0.48004469894739754,0.5359100663961976,2.302375606166387,1.6896583306856412,HCLS1
Reactome_2022,FOXO-mediated Transcription R-HSA-9614085,1/57,0.48004469894739754,0.5359100663961976,2.302375606166387,1.6896583306856412,KLF4
GO_Biological_Process_2023,Extrinsic Apoptotic Signaling Pathway (GO:0097191),1/57,0.48004469894739754,0.5359100663961976,2.302375606166387,1.6896583306856412,FAS
GO_Biological_Process_2023,Heart Development (GO:0007507),2/142,0.4826061999910264,0.5385219528175729,1.5433180671660558,1.1243909814047777,TGFBR1;TGFBR2
GO_Biological_Process_2023,Sulfur Compound Biosynthetic Process (GO:0044272),1/58,0.4859848786142599,0.5417938908575144,2.262223046259386,1.632369859894959,GGTA1
GO_Biological_Process_2023,Positive Regulation Of Cell Junction Assembly (GO:1901890),1/58,0.4859848786142599,0.5417938908575144,2.262223046259386,1.632369859894959,DLG5
GO_Biological_Process_2023,Mitochondrion Organization (GO:0007005),2/143,0.48628429045722676,0.5418787754544028,1.5323355604149484,1.104755505458211,HK2;UCP2
GO_Biological_Process_2023,Negative Regulation Of Cell Death (GO:0060548),1/59,0.49185748075950964,0.5478375887119459,2.2234432234432235,1.5776803317498138,GPNMB
GO_Biological_Process_2023,Negative Regulation Of Cell Migration (GO:0030336),2/145,0.4935916730505999,0.5492650116890445,1.5108297458012818,1.0667163205777543,DLG5;BST2
Reactome_2022,ESR-mediated Signaling R-HSA-8939211,2/145,0.4935916730505999,0.5492650116890445,1.5108297458012818,1.0667163205777543,RUNX1;GNGT2
GO_Biological_Process_2023,Negative Regulation Of Cellular Catabolic Process (GO:0031330),1/60,0.4976632709200269,0.5530351458438211,2.185966924083066,1.525436781905267,TREM2
GO_Biological_Process_2023,Cytoskeleton-Dependent Cytokinesis (GO:0061640),1/60,0.4976632709200269,0.5530351458438211,2.185966924083066,1.525436781905267,EXOC8
GO_Biological_Process_2023,Cell Junction Organization (GO:0034330),1/60,0.4976632709200269,0.5530351458438211,2.185966924083066,1.525436781905267,C1QA
GO_Biological_Process_2023,Protein Autoubiquitination (GO:0051865),1/61,0.5034030059972762,0.5586461342274299,2.14972951065217,1.4754974293441645,RNF213
GO_Biological_Process_2023,Positive Regulation Of DNA Biosynthetic Process (GO:2000573),1/61,0.5034030059972762,0.5586461342274299,2.14972951065217,1.4754974293441645,KLF4
GO_Biological_Process_2023,Protein Tetramerization (GO:0051262),1/61,0.5034030059972762,0.5586461342274299,2.14972951065217,1.4754974293441645,B2M
GO_Biological_Process_2023,Telomere Maintenance (GO:0000723),1/62,0.5090774343543047,0.5636546228001358,2.1146705496905716,1.4277306987279803,SP100
GO_Biological_Process_2023,Regulation Of G Protein-Coupled Receptor Signaling Pathway (GO:0008277),1/62,0.5090774343543047,0.5636546228001358,2.1146705496905716,1.4277306987279803,PLEK
Reactome_2022,COPII-mediated Vesicle Transport R-HSA-204005,1/62,0.5090774343543047,0.5636546228001358,2.1146705496905716,1.4277306987279803,CTSC
KEGG_2019_Mouse,Mitophagy,1/62,0.5090774343543047,0.5636546228001358,2.1146705496905716,1.4277306987279803,RAB7B
GO_Biological_Process_2023,Positive Regulation Of Peptidyl-Serine Phosphorylation (GO:0033138),1/62,0.5090774343543047,0.5636546228001358,2.1146705496905716,1.4277306987279803,HCLS1
GO_Biological_Process_2023,Membrane Organization (GO:0061024),2/150,0.5115707130463523,0.5656410572043266,1.459599564524618,0.9783250071436586,RTP4;EXOC8
GO_Biological_Process_2023,Peptidyl-Serine Phosphorylation (GO:0018105),2/150,0.5115707130463523,0.5656410572043266,1.459599564524618,0.9783250071436586,TGFBR1;TGFBR2
GO_Biological_Process_2023,Protein Autophosphorylation (GO:0046777),2/150,0.5115707130463523,0.5656410572043266,1.459599564524618,0.9783250071436586,FES;FGR
Reactome_2022,Post-translational Modification: Synthesis Of GPI-anchored Proteins R-HSA-163125,1/63,0.5146872959116467,0.5685252128695868,2.080733475479744,1.3820143419891247,PLAUR
Reactome_2022,Disorders Of Transmembrane Transporters R-HSA-5619115,2/151,0.5151161693861646,0.5685252128695868,1.44976474042669,0.961720044134902,PSMB8;PSMB9
GO_Biological_Process_2023,Embryonic Organ Development (GO:0048568),1/63,0.5146872959116467,0.5685252128695868,2.080733475479744,1.3820143419891247,TGFBR2
Reactome_2022,Transport To Golgi And Subsequent Modification R-HSA-948021,2/151,0.5151161693861646,0.5685252128695868,1.44976474042669,0.961720044134902,CTSC;ST8SIA6
GO_Biological_Process_2023,Regulation Of Fat Cell Differentiation (GO:0045598),1/64,0.5202333222421645,0.5726105546855933,2.0478652854960293,1.3382346477236071,LCP1
GO_Biological_Process_2023,Cellular Response To Reactive Oxygen Species (GO:0034614),1/64,0.5202333222421645,0.5726105546855933,2.0478652854960293,1.3382346477236071,NCF1
Reactome_2022,Extra-nuclear Estrogen Signaling R-HSA-9009391,1/64,0.5202333222421645,0.5726105546855933,2.0478652854960293,1.3382346477236071,GNGT2
KEGG_2019_Mouse,Prolactin signaling pathway,1/64,0.5202333222421645,0.5726105546855933,2.0478652854960293,1.3382346477236071,STAT1
KEGG_2019_Mouse,IL-17 signaling pathway,1/64,0.5202333222421645,0.5726105546855933,2.0478652854960293,1.3382346477236071,CXCL10
GO_Biological_Process_2023,Positive Regulation Of Protein Transport (GO:0051222),1/64,0.5202333222421645,0.5726105546855933,2.0478652854960293,1.3382346477236071,TREM2
GO_Biological_Process_2023,Intracellular Monoatomic Cation Homeostasis (GO:0030003),2/153,0.5221560765020512,0.5744663634045686,1.4304845902149101,0.9295127775481217,B2M;CCL3
KEGG_2019_Mouse,Non-small cell lung cancer,1/65,0.525716236664821,0.5760330954336437,2.01601626419398,1.2962857284156721,PLCG2
GO_Biological_Process_2023,Wound Healing (GO:0042060),1/65,0.525716236664821,0.5760330954336437,2.01601626419398,1.2962857284156721,TGFBR1
Reactome_2022,S Phase R-HSA-69242,2/154,0.5256503817758384,0.5760330954336437,1.4210341559307755,0.9138940094355131,PSMB8;PSMB9
Reactome_2022,Signaling By Insulin Receptor R-HSA-74752,1/65,0.525716236664821,0.5760330954336437,2.01601626419398,1.2962857284156721,GAB2
GO_Biological_Process_2023,Phospholipase C-activating G Protein-Coupled Receptor Signaling Pathway (GO:0007200),1/65,0.525716236664821,0.5760330954336437,2.01601626419398,1.2962857284156721,C3AR1
KEGG_2019_Mouse,Gastric acid secretion,1/65,0.525716236664821,0.5760330954336437,2.01601626419398,1.2962857284156721,ADCY7
KEGG_2019_Mouse,Thyroid hormone synthesis,1/65,0.525716236664821,0.5760330954336437,2.01601626419398,1.2962857284156721,ADCY7
GO_Biological_Process_2023,Regulation Of Rho Protein Signal Transduction (GO:0035023),1/65,0.525716236664821,0.5760330954336437,2.01601626419398,1.2962857284156721,F11R
GO_Biological_Process_2023,Regulation Of Cellular Biosynthetic Process (GO:0031326),1/65,0.525716236664821,0.5760330954336437,2.01601626419398,1.2962857284156721,RBM4B
GO_Biological_Process_2023,Positive Regulation Of Secretion By Cell (GO:1903532),1/66,0.5311367543374093,0.5817097936718828,1.9851397320919937,1.2560688767897104,TREM2
Reactome_2022,Separation Of Sister Chromatids R-HSA-2467813,2/156,0.5325873606465601,0.5827725537823271,1.4025002945191716,0.8835868786160092,PSMB8;PSMB9
Reactome_2022,Metabolism Of Vitamins And Cofactors R-HSA-196854,2/156,0.5325873606465601,0.5827725537823271,1.4025002945191716,0.8835868786160092,PARP10;PARP14
GO_Biological_Process_2023,Organic Anion Transport (GO:0015711),1/67,0.5364955823482412,0.5849392535306296,1.9551918174968337,1.217491983672092,SLCO2B1
GO_Biological_Process_2023,Protein Import Into Nucleus (GO:0006606),1/67,0.5364955823482412,0.5849392535306296,1.9551918174968337,1.217491983672092,BCL3
KEGG_2019_Mouse,p53 signaling pathway,1/67,0.5364955823482412,0.5849392535306296,1.9551918174968337,1.217491983672092,FAS
Reactome_2022,Regulation Of Expression Of SLITs And ROBOs R-HSA-9010553,2/157,0.5360299113364264,0.5849392535306296,1.3934121470424203,0.8688834840277821,PSMB8;PSMB9
KEGG_2019_Mouse,Salivary secretion,1/67,0.5364955823482412,0.5849392535306296,1.9551918174968337,1.217491983672092,ADCY7
GO_Biological_Process_2023,Organic Substance Transport (GO:0071702),2/157,0.5360299113364264,0.5849392535306296,1.3934121470424203,0.8688834840277821,SLCO2B1;CCL3
GO_Biological_Process_2023,Import Into Nucleus (GO:0051170),1/67,0.5364955823482412,0.5849392535306296,1.9551918174968337,1.217491983672092,BCL3
GO_Biological_Process_2023,Negative Regulation Of Supramolecular Fiber Organization (GO:1902904),1/67,0.5364955823482412,0.5849392535306296,1.9551918174968337,1.217491983672092,TREM2
GO_Biological_Process_2023,Vesicle Fusion (GO:0006906),1/68,0.5417934198068091,0.5893915866746416,1.9261312485193083,1.1804690106831852,RAB7B
GO_Biological_Process_2023,Positive Regulation Of Endothelial Cell Proliferation (GO:0001938),1/68,0.5417934198068091,0.5893915866746416,1.9261312485193083,1.1804690106831852,TGFBR1
KEGG_2019_Mouse,Renal cell carcinoma,1/68,0.5417934198068091,0.5893915866746416,1.9261312485193083,1.1804690106831852,ETS1
GO_Biological_Process_2023,Epigenetic Regulation Of Gene Expression (GO:0040029),1/68,0.5417934198068091,0.5893915866746416,1.9261312485193083,1.1804690106831852,SPI1
GO_Biological_Process_2023,Central Nervous System Development (GO:0007417),3/249,0.5415963884722267,0.5893915866746416,1.2303474448733887,0.754491162653263,CAPG;TGFBR2;C1QA
GO_Biological_Process_2023,Peptidyl-Serine Modification (GO:0018209),2/159,0.5428628548991188,0.5902903892653052,1.3755820672308896,0.8403411043024352,TGFBR1;TGFBR2
GO_Biological_Process_2023,Glycoprotein Biosynthetic Process (GO:0009101),1/69,0.5470309579334401,0.5934931313833076,1.8979191633075498,1.1449195118901776,ST8SIA6
GO_Biological_Process_2023,Regulation Of Cysteine-Type Endopeptidase Activity Involved In Apoptotic Process (GO:0043281),1/69,0.5470309579334401,0.5934931313833076,1.8979191633075498,1.1449195118901776,KLF4
Reactome_2022,Reproduction R-HSA-1474165,1/69,0.5470309579334401,0.5934931313833076,1.8979191633075498,1.1449195118901776,HVCN1
Reactome_2022,TCF Dependent Signaling In Response To WNT R-HSA-201681,2/160,0.5462531461110839,0.5934931313833076,1.3668357662507853,0.8264883731754978,PSMB8;PSMB9
GO_Biological_Process_2023,Regulation Of TOR Signaling (GO:0032006),1/69,0.5470309579334401,0.5934931313833076,1.8979191633075498,1.1449195118901776,TREM2
Reactome_2022,Regulation Of Insulin Secretion R-HSA-422356,1/70,0.5522088801479373,0.5983084607674304,1.8705189366630364,1.1107681992534992,GNGT2
Reactome_2022,"Transport Of Bile Salts And Organic Acids, Metal Ions And Amine Compounds R-HSA-425366",1/70,0.5522088801479373,0.5983084607674304,1.8705189366630364,1.1107681992534992,RUNX1
GO_Biological_Process_2023,Regulation Of Protein Localization To Plasma Membrane (GO:1903076),1/70,0.5522088801479373,0.5983084607674304,1.8705189366630364,1.1107681992534992,TREM2
KEGG_2019_Mouse,Pancreatic secretion,1/71,0.5573278621572406,0.6019736188053507,1.8438960214126934,1.0779445473089162,ADCY7
KEGG_2019_Mouse,Bacterial invasion of epithelial cells,1/71,0.5573278621572406,0.6019736188053507,1.8438960214126934,1.0779445473089162,HCLS1
GO_Biological_Process_2023,Monocarboxylic Acid Metabolic Process (GO:0032787),1/71,0.5573278621572406,0.6019736188053507,1.8438960214126934,1.0779445473089162,LCP1
Reactome_2022,SUMOylation Of DNA Damage Response And Repair Proteins R-HSA-3108214,1/71,0.5573278621572406,0.6019736188053507,1.8438960214126934,1.0779445473089162,SP100
Reactome_2022,Class B/2 (Secretin Family Receptors) R-HSA-373080,1/71,0.5573278621572406,0.6019736188053507,1.8438960214126934,1.0779445473089162,GNGT2
KEGG_2019_Mouse,Glioma,1/71,0.5573278621572406,0.6019736188053507,1.8438960214126934,1.0779445473089162,PLCG2
GO_Biological_Process_2023,Wnt Signaling Pathway (GO:0016055),1/71,0.5573278621572406,0.6019736188053507,1.8438960214126934,1.0779445473089162,PLCG2
GO_Biological_Process_2023,Regulation Of Cell Cycle (GO:0051726),3/255,0.5577231957157355,0.602132649467122,1.2007537527946344,0.7011111162560096,PTPRC;TGFBR1;SIPA1
Reactome_2022,Neurotransmitter Receptors And Postsynaptic Signal Transmission R-HSA-112314,2/164,0.559638744023732,0.6039320728081804,1.3329270301433043,0.7737158935410868,ADCY7;GNGT2
GO_Biological_Process_2023,Negative Regulation Of Transforming Growth Factor Beta Receptor Signaling Pathway (GO:0030512),1/72,0.5623885720420942,0.6063603129036707,1.8180178030924299,1.0463824330577622,NRROS
Reactome_2022,"Cell Death Signaling Via NRAGE, NRIF And NADE R-HSA-204998",1/72,0.5623885720420942,0.6063603129036707,1.8180178030924299,1.0463824330577622,VAV1
GO_Biological_Process_2023,Endomembrane System Organization (GO:0010256),2/165,0.5629410633355805,0.6066864834438072,1.324709087218173,0.761151797155548,SRGN;EXOC8
KEGG_2019_Mouse,Insulin secretion,1/73,0.5673916703427564,0.610940365537653,1.7928534666568634,1.016019807499756,ADCY7
GO_Biological_Process_2023,Regulation Of Cyclin-Dependent Protein Serine/Threonine Kinase Activity (GO:0000079),1/73,0.5673916703427564,0.610940365537653,1.7928534666568634,1.016019807499756,CEBPA
GO_Biological_Process_2023,Regulation Of Neuron Projection Development (GO:0010975),2/167,0.5694925852202402,0.6129306005895888,1.3085711328334746,0.7367380001299375,FES;ABI3
GO_Biological_Process_2023,Regulation Of Ras Protein Signal Transduction (GO:0046578),1/74,0.5723378101437412,0.6151744310092382,1.7683738740698838,0.9867983956466949,RASAL3
GO_Biological_Process_2023,Macromolecule Catabolic Process (GO:0009057),1/74,0.5723378101437412,0.6151744310092382,1.7683738740698838,0.9867983956466949,CAPN3
GO_Biological_Process_2023,Negative Regulation Of Protein Serine/Threonine Kinase Activity (GO:0071901),1/74,0.5723378101437412,0.6151744310092382,1.7683738740698838,0.9867983956466949,CEBPA
Reactome_2022,G2/M Transition R-HSA-69275,2/169,0.5759731191665611,0.6188077734472085,1.2928185624340822,0.7132406156544242,PSMB8;PSMB9
GO_Biological_Process_2023,Positive Regulation Of Amide Metabolic Process (GO:0034250),1/75,0.5772276371576182,0.6196070213982925,1.7445514517536955,0.9586634222084577,BCL3
GO_Biological_Process_2023,Regulation Of Vesicle-Mediated Transport (GO:0060627),1/75,0.5772276371576182,0.6196070213982925,1.7445514517536955,0.9586634222084577,FES
KEGG_2019_Mouse,Calcium signaling pathway,2/170,0.579186714189914,0.6214350819358626,1.2850825078314134,0.7018225936835559,PLCG2;ADCY7
Reactome_2022,Asparagine N-linked Glycosylation R-HSA-446203,3/264,0.5812679498435072,0.6233925383429925,1.1589095170542159,0.6287587573133164,CTSC;RENBP;ST8SIA6
GO_Biological_Process_2023,Regulation Of Epithelial Cell Proliferation (GO:0050678),1/76,0.5820617898078694,0.6234174597809793,1.721360086982307,0.931563360452536,B2M
GO_Biological_Process_2023,Lipid Transport (GO:0006869),1/76,0.5820617898078694,0.6234174597809793,1.721360086982307,0.931563360452536,SLCO2B1
GO_Biological_Process_2023,Calcium Ion Homeostasis (GO:0055074),1/76,0.5820617898078694,0.6234174597809793,1.721360086982307,0.931563360452536,CCL3
Reactome_2022,Mitotic G2-G2/M Phases R-HSA-453274,2/171,0.5823825059626648,0.6234858147205062,1.277437734109012,0.6906183778748315,PSMB8;PSMB9
GO_Biological_Process_2023,Positive Regulation Of Protein Modification By Small Protein Conjugation Or Removal (GO:1903322),1/77,0.5868408993108207,0.6279818618286428,1.69877503240102,0.9054497020102873,LAPTM5
Reactome_2022,Membrane Trafficking R-HSA-199991,6/544,0.5890704905867623,0.6300899429943024,1.0442486289883746,0.5526262155389701,RAB7B;DENND1C;CTSC;CYTH4;RIN3;EXOC8
Reactome_2022,Chaperonin-mediated Protein Folding R-HSA-390466,1/78,0.5915655897566584,0.6316452645575934,1.67677281793796,0.8802767456424688,GNGT2
GO_Biological_Process_2023,"Retrograde Transport, Endosome To Golgi (GO:0042147)",1/78,0.5915655897566584,0.6316452645575934,1.67677281793796,0.8802767456424688,RAB7B
GO_Biological_Process_2023,Negative Regulation Of Protein Kinase Activity (GO:0006469),1/78,0.5915655897566584,0.6316452645575934,1.67677281793796,0.8802767456424688,PTPRC
GO_Biological_Process_2023,Regulation Of Phosphorylation (GO:0042325),1/78,0.5915655897566584,0.6316452645575934,1.67677281793796,0.8802767456424688,NLRC5
GO_Biological_Process_2023,Regulation Of Mitotic Cell Cycle Phase Transition (GO:1901990),1/79,0.5962364781895347,0.6352352645153647,1.655331169448481,0.8560014031875676,PTPN6
GO_Biological_Process_2023,Regulation Of Peptidyl-Serine Phosphorylation (GO:0033135),1/79,0.5962364781895347,0.6352352645153647,1.655331169448481,0.8560014031875676,HCLS1
Reactome_2022,Sphingolipid Metabolism R-HSA-428157,1/79,0.5962364781895347,0.6352352645153647,1.655331169448481,0.8560014031875676,HEXB
GO_Biological_Process_2023,Positive Regulation Of Protein Ubiquitination (GO:0031398),1/79,0.5962364781895347,0.6352352645153647,1.655331169448481,0.8560014031875676,LAPTM5
GO_Biological_Process_2023,Positive Regulation Of Cellular Component Biogenesis (GO:0044089),1/79,0.5962364781895347,0.6352352645153647,1.655331169448481,0.8560014031875676,PLEK
KEGG_2019_Mouse,Progesterone-mediated oocyte maturation,1/80,0.6008541746867829,0.6391023796802986,1.6344289334996178,0.8325830211026419,ADCY7
GO_Biological_Process_2023,Positive Regulation Of Proteasomal Ubiquitin-Dependent Protein Catabolic Process (GO:0032436),1/80,0.6008541746867829,0.6391023796802986,1.6344289334996178,0.8325830211026419,CEBPA
GO_Biological_Process_2023,Modification-Dependent Protein Catabolic Process (GO:0019941),2/177,0.6011828318129879,0.6391023796802986,1.233398610272272,0.6276225028267198,ISG15;RNF213
GO_Biological_Process_2023,Positive Regulation Of Cold-Induced Thermogenesis (GO:0120162),1/80,0.6008541746867829,0.6391023796802986,1.6344289334996178,0.8325830211026419,UCP2
KEGG_2019_Mouse,Axon guidance,2/177,0.6011828318129879,0.6391023796802986,1.233398610272272,0.6276225028267198,PLCG2;FES
GO_Biological_Process_2023,Negative Regulation Of Neuron Death (GO:1901215),1/81,0.6054192824372385,0.6427614166558083,1.6140460077606642,0.8099832161711171,GPNMB
Reactome_2022,Collagen Formation R-HSA-1474290,1/81,0.6054192824372385,0.6427614166558083,1.6140460077606642,0.8099832161711171,CTSS
KEGG_2019_Mouse,Gap junction,1/81,0.6054192824372385,0.6427614166558083,1.6140460077606642,0.8099832161711171,ADCY7
KEGG_2019_Mouse,Dilated cardiomyopathy (DCM),1/82,0.6099323978186877,0.6461396462269555,1.5941632765183722,0.7881657240977746,ADCY7
KEGG_2019_Mouse,ErbB signaling pathway,1/82,0.6099323978186877,0.6461396462269555,1.5941632765183722,0.7881657240977746,PLCG2
GO_Biological_Process_2023,Positive Regulation Of Protein Catabolic Process (GO:0045732),1/82,0.6099323978186877,0.6461396462269555,1.5941632765183722,0.7881657240977746,TREM2
GO_Biological_Process_2023,Cellular Response To Chemical Stress (GO:0062197),1/82,0.6099323978186877,0.6461396462269555,1.5941632765183722,0.7881657240977746,FAS
Reactome_2022,Unfolded Protein Response (UPR) R-HSA-381119,1/82,0.6099323978186877,0.6461396462269555,1.5941632765183722,0.7881657240977746,ATF3
GO_Biological_Process_2023,Peptidyl-Lysine Modification (GO:0018205),1/83,0.6143941104744479,0.6497318109461808,1.5747625508819538,0.7670962598405769,IFIH1
GO_Biological_Process_2023,Protein O-linked Glycosylation (GO:0006493),1/83,0.6143941104744479,0.6497318109461808,1.5747625508819538,0.7670962598405769,ST8SIA6
GO_Biological_Process_2023,Protein Transport (GO:0015031),3/277,0.6138543690830507,0.6497318109461808,1.1033119846446129,0.538413559593347,ARL11;LAPTM5;UNC93B1
Reactome_2022,Metabolism Of Nucleotides R-HSA-15869,1/83,0.6143941104744479,0.6497318109461808,1.5747625508819538,0.7670962598405769,ENTPD1
GO_Biological_Process_2023,Activation Of GTPase Activity (GO:0090630),1/84,0.6188050033890953,0.653257826544295,1.555826513284731,0.746742388643886,SIPA1
KEGG_2019_Mouse,GnRH signaling pathway,1/84,0.6188050033890953,0.653257826544295,1.555826513284731,0.746742388643886,ADCY7
Reactome_2022,Protein Folding R-HSA-391251,1/84,0.6188050033890953,0.653257826544295,1.555826513284731,0.746742388643886,GNGT2
GO_Biological_Process_2023,Positive Regulation Of Metabolic Process (GO:0009893),1/84,0.6188050033890953,0.653257826544295,1.555826513284731,0.746742388643886,UCP2
Reactome_2022,Estrogen-dependent Gene Expression R-HSA-9018519,1/85,0.6231656529633328,0.6575752346704385,1.537338665926496,0.7270734068399162,RUNX1
GO_Biological_Process_2023,Regulation Of Macroautophagy (GO:0016241),1/86,0.6274766290880347,0.6612617363424491,1.5192832828339506,0.7080602315762652,EXOC8
Reactome_2022,Protein-protein Interactions At Synapses R-HSA-6794362,1/86,0.6274766290880347,0.6612617363424491,1.5192832828339506,0.7080602315762652,EPB41L2
GO_Biological_Process_2023,Intrinsic Apoptotic Signaling Pathway (GO:0097193),1/86,0.6274766290880347,0.6612617363424491,1.5192832828339506,0.7080602315762652,CASP4
Reactome_2022,Potassium Channels R-HSA-1296071,1/87,0.6317384952174493,0.6648869591902643,1.501645365246435,0.6896752987087604,GNGT2
GO_Biological_Process_2023,Extracellular Structure Organization (GO:0043062),1/87,0.6317384952174493,0.6648869591902643,1.501645365246435,0.6896752987087604,TGFBR1
GO_Biological_Process_2023,Positive Regulation Of Neuron Projection Development (GO:0010976),1/87,0.6317384952174493,0.6648869591902643,1.501645365246435,0.6896752987087604,FES
GO_Biological_Process_2023,Regulation Of Translation (GO:0006417),2/188,0.6339837785148652,0.6669608281125176,1.1600197484370605,0.528658016533642,RBM4B;BCL3
KEGG_2019_Mouse,Aldosterone synthesis and secretion,1/88,0.6359518084415927,0.6687413514244998,1.4844106000609198,0.671892468171343,ADCY7
Reactome_2022,Vesicle-mediated Transport R-HSA-5653656,6/572,0.637727283751399,0.6703179374901019,0.9912354075689312,0.44590183788976506,RAB7B;DENND1C;CTSC;CYTH4;RIN3;EXOC8
KEGG_2019_Mouse,"Parathyroid hormone synthesis, secretion and action",1/91,0.6483059076165476,0.6808474417072095,1.4349915772361554,0.6219147512562166,ADCY7
Reactome_2022,Response Of EIF2AK4 (GCN2) To Amino Acid Deficiency R-HSA-9633012,1/91,0.6483059076165476,0.6808474417072095,1.4349915772361554,0.6219147512562166,ATF3
KEGG_2019_Mouse,Melanogenesis,1/92,0.6523304553235065,0.6847776881791308,1.419238701108043,0.6063044672889855,ADCY7
Reactome_2022,P75 NTR Receptor-Mediated Signaling R-HSA-193704,1/93,0.6563091425891003,0.6882553718611611,1.4038264277070247,0.5911840839785286,VAV1
GO_Biological_Process_2023,Response To UV (GO:0009411),1/93,0.6563091425891003,0.6882553718611611,1.4038264277070247,0.5911840839785286,BCL3
Reactome_2022,Signaling By Nuclear Receptors R-HSA-9006931,2/196,0.6564941021254997,0.6882553718611611,1.1118664780390064,0.46791963324158753,RUNX1;GNGT2
Reactome_2022,Signaling By ROBO Receptors R-HSA-376176,2/197,0.659229072318073,0.6908242480638874,1.1061244160637909,0.46090456623009274,PSMB8;PSMB9
GO_Biological_Process_2023,Monoatomic Ion Transport (GO:0006811),1/94,0.6602424897933254,0.6909911697837002,1.3887438286033544,0.576534365528213,SLC15A3
KEGG_2019_Mouse,Longevity regulating pathway,1/94,0.6602424897933254,0.6909911697837002,1.3887438286033544,0.576534365528213,ADCY7
Reactome_2022,"Respiratory Electron Transport, ATP Synthesis By Chemiosmotic Coupling, Heat Production By Uncoupling Proteins R-HSA-163200",1/94,0.6602424897933254,0.6909911697837002,1.3887438286033544,0.576534365528213,UCP2
GO_Biological_Process_2023,Negative Regulation Of Developmental Process (GO:0051093),1/95,0.6641310114364645,0.6947611917053014,1.3739804379463227,0.5623370014396761,SPI1
GO_Biological_Process_2023,Positive Regulation Of Translation (GO:0045727),1/96,0.6679752162052365,0.6981808138372563,1.3595262282454592,0.5485745534707822,BCL3
GO_Biological_Process_2023,Regulation Of Organelle Organization (GO:0033043),1/96,0.6679752162052365,0.6981808138372563,1.3595262282454592,0.5485745534707822,F11R
GO_Biological_Process_2023,Fatty Acid Metabolic Process (GO:0006631),1/97,0.6717756070382095,0.701548794441366,1.3453715876575671,0.5352304061271522,LCP1
GO_Biological_Process_2023,Regulation Of Cell Motility (GO:2000145),1/97,0.6717756070382095,0.701548794441366,1.3453715876575671,0.5352304061271522,FES
Reactome_2022,Diseases Of Metabolism R-HSA-5668914,2/202,0.6726437796677089,0.7021533132273245,1.0782732675805133,0.4275778255000133,TBXAS1;HEXB
GO_Biological_Process_2023,Calcium Ion Transport (GO:0006816),1/98,0.6755326811904758,0.7048657855757888,1.3315072986714778,0.5222887204192407,CCL3
Reactome_2022,Mitotic Anaphase R-HSA-68882,2/207,0.6856288976123636,0.7150929671272911,1.0517774061280525,0.39696052779366825,PSMB8;PSMB9
GO_Biological_Process_2023,Positive Regulation Of Epithelial Cell Proliferation (GO:0050679),1/101,0.6865488921998202,0.7154375961223545,1.2915698692040862,0.4857308024747876,TGFBR1
KEGG_2019_Mouse,Oocyte meiosis,1/101,0.6865488921998202,0.7154375961223545,1.2915698692040862,0.4857308024747876,ADCY7
Reactome_2022,Mitotic Metaphase And Anaphase R-HSA-2555396,2/208,0.6881748886247021,0.7168242294816103,1.0466322049452743,0.3911393021569726,PSMB8;PSMB9
KEGG_2019_Mouse,Serotonergic synapse,1/102,0.6901375607340223,0.718560214457946,1.2787820223302908,0.474254648002362,GNGT2
GO_Biological_Process_2023,Positive Regulation Of Developmental Process (GO:0051094),2/209,0.6907039866092717,0.7188415846915533,1.0415365960630532,0.3854142963549803,LCP1;DLG5
GO_Biological_Process_2023,Positive Regulation Of Wnt Signaling Pathway (GO:0030177),1/103,0.6936853158242786,0.7210168143492609,1.2662436944198867,0.46311198863859604,TLR2
GO_Biological_Process_2023,Negative Regulation Of Canonical Wnt Signaling Pathway (GO:0090090),1/103,0.6936853158242786,0.7210168143492609,1.2662436944198867,0.46311198863859604,AMER2
Reactome_2022,Factors Involved In Megakaryocyte Development And Platelet Production R-HSA-983231,1/103,0.6936853158242786,0.7210168143492609,1.2662436944198867,0.46311198863859604,DOCK2
GO_Biological_Process_2023,Epithelium Development (GO:0060429),1/104,0.6971926219430319,0.724352094801258,1.253947653039152,0.45229082773430374,STAT1
GO_Biological_Process_2023,Regulation Of Proteasomal Ubiquitin-Dependent Protein Catabolic Process (GO:0032434),1/105,0.700659938312149,0.7276429911354667,1.241886942593934,0.4417796946516565,CEBPA
GO_Biological_Process_2023,Cellular Response To Oxidative Stress (GO:0034599),1/106,0.7040877189620195,0.7305775519114243,1.2300548712092887,0.4315676173306189,NCF1
Reactome_2022,PPARA Activates Gene Expression R-HSA-1989781,1/106,0.7040877189620195,0.7305775519114243,1.2300548712092887,0.4315676173306189,ARHGAP9
GO_Biological_Process_2023,Protein Homooligomerization (GO:0051260),1/108,0.7108264636181814,0.7369396955153038,1.2070511231219319,0.4119990815397208,B2M
Reactome_2022,Regulation Of Lipid Metabolism By PPARalpha R-HSA-400206,1/108,0.7108264636181814,0.7369396955153038,1.2070511231219319,0.4119990815397208,ARHGAP9
KEGG_2019_Mouse,Estrogen signaling pathway,1/109,0.7141383102505583,0.7397412202211289,1.1958672732453597,0.4026229475247724,ADCY7
GO_Biological_Process_2023,Regulation Of Protein Catabolic Process (GO:0042176),1/109,0.7141383102505583,0.7397412202211289,1.1958672732453597,0.4026229475247724,GFAP
GO_Biological_Process_2023,Cellular Response To Starvation (GO:0009267),1/110,0.7174123865294899,0.7428156408306621,1.18488769459941,0.3935064739594046,FAS
GO_Biological_Process_2023,Cytosolic Transport (GO:0016482),1/111,0.7206491213915829,0.7455308685496043,1.1741068413588167,0.38464082450504866,LAPTM5
KEGG_2019_Mouse,Vascular smooth muscle contraction,1/111,0.7206491213915829,0.7455308685496043,1.1741068413588167,0.38464082450504866,ADCY7
Reactome_2022,Glycosaminoglycan Metabolism R-HSA-1630316,1/112,0.7238489389229232,0.7485221025845482,1.1635193666516872,0.3760175279822582,HEXB
GO_Biological_Process_2023,Protein Localization To Nucleus (GO:0034504),1/113,0.7270122584136918,0.7501950472661691,1.1531201137171287,0.3676284604481752,BCL3
Reactome_2022,Transmission Across Chemical Synapses R-HSA-112315,2/224,0.726651253454428,0.7501950472661691,0.9705988499386473,0.3099205821958115,ADCY7;GNGT2
GO_Biological_Process_2023,Positive Regulation Of Cell Projection Organization (GO:0031346),1/113,0.7270122584136918,0.7501950472661691,1.1531201137171287,0.3676284604481752,FES
GO_Biological_Process_2023,Intracellular Calcium Ion Homeostasis (GO:0006874),1/113,0.7270122584136918,0.7501950472661691,1.1531201137171287,0.3676284604481752,CCL3
GO_Biological_Process_2023,Regulation Of Mitotic Cell Cycle (GO:0007346),1/113,0.7270122584136918,0.7501950472661691,1.1531201137171287,0.3676284604481752,CDCA2
Reactome_2022,Biological Oxidations R-HSA-211859,1/114,0.73013949441217,0.7531018074536067,1.1429041075303157,0.35946582829531604,TBXAS1
KEGG_2019_Mouse,Neurotrophin signaling pathway,1/115,0.7332310567781398,0.7559693180970881,1.1328665468664165,0.35152215230540584,PLCG2
GO_Biological_Process_2023,Regulation Of Cell Cycle Process (GO:0010564),1/116,0.7362873507356834,0.7587980468091311,1.123002796776784,0.343790252596807,CDCA2
Reactome_2022,Cell Cycle Checkpoints R-HSA-69620,2/230,0.7400137847172257,0.7623147094688908,0.9448315285893009,0.28447598492681087,PSMB8;PSMB9
GO_Biological_Process_2023,Skeletal System Development (GO:0001501),1/118,0.7422957314559885,0.7640168533688227,1.1037789774531597,0.3289344746677921,TGFBR1
GO_Biological_Process_2023,Protein Localization To Organelle (GO:0033365),1/118,0.7422957314559885,0.7640168533688227,1.1037789774531597,0.3289344746677921,ISG15
Reactome_2022,Cellular Senescence R-HSA-2559583,1/119,0.7452486059553716,0.76608147676988,1.0944104072764567,0.321797609292218,ETS1
GO_Biological_Process_2023,Negative Regulation Of Cellular Biosynthetic Process (GO:0031327),1/119,0.7452486059553716,0.76608147676988,1.0944104072764567,0.321797609292218,PLEK
Reactome_2022,Metabolism Of Steroids R-HSA-8957322,1/119,0.7452486059553716,0.76608147676988,1.0944104072764567,0.321797609292218,NSDHL
GO_Biological_Process_2023,Plasma Membrane Bounded Cell Projection Organization (GO:0120036),1/120,0.7481677876210866,0.7687566556123527,1.0851986332533388,0.3148465211804867,PLEK
GO_Biological_Process_2023,Inorganic Cation Transmembrane Transport (GO:0098662),2/234,0.7486103033577186,0.768885825750818,0.9283921622803988,0.2688036216372636,HVCN1;UCP2
KEGG_2019_Mouse,Dopaminergic synapse,1/121,0.751053659270233,0.7710690486670286,1.0761397517451274,0.3080753288493569,GNGT2
GO_Biological_Process_2023,Protein Modification Process (GO:0036211),6/650,0.7539365351166555,0.7737014675383183,0.8678443879922454,0.24512011801217587,TGFBR1;FGR;PTPRC;ST8SIA6;TGFBR2;PTPN6
GO_Biological_Process_2023,Monoatomic Cation Transmembrane Transport (GO:0098655),2/237,0.7548971088778442,0.7743597984981099,0.9164291202371373,0.2576758752609867,HVCN1;UCP2
KEGG_2019_Mouse,Signaling pathways regulating pluripotency of stem cells,1/123,0.756726982180499,0.7752538563748718,1.058465689047474,0.29505021971731404,KLF4
KEGG_2019_Mouse,Autophagy,1/123,0.756726982180499,0.7752538563748718,1.058465689047474,0.29505021971731404,RAB7B
GO_Biological_Process_2023,Protein Localization To Plasma Membrane (GO:0072659),1/123,0.756726982180499,0.7752538563748718,1.058465689047474,0.29505021971731404,F11R
Reactome_2022,Autophagy R-HSA-9612973,1/124,0.7595151776149307,0.7774539586973584,1.0498433224277686,0.2887856240464733,GFAP
Reactome_2022,ER To Golgi Anterograde Transport R-HSA-199977,1/124,0.7595151776149307,0.7774539586973584,1.0498433224277686,0.2887856240464733,CTSC
Reactome_2022,Diseases Of Glycosylation R-HSA-3781865,1/127,0.7676902769579748,0.7848291079094376,1.0247941545800079,0.2709237160666524,HEXB
KEGG_2019_Mouse,Alcoholism,1/127,0.7676902769579748,0.7848291079094376,1.0247941545800079,0.2709237160666524,GNGT2
Reactome_2022,Neuronal System R-HSA-112316,3/352,0.7675870734667329,0.7848291079094376,0.8633193348408633,0.2283508606613607,EPB41L2;GNGT2;ADCY7
GO_Biological_Process_2023,Protein Localization To Cell Periphery (GO:1990778),1/129,0.7729860029464405,0.7892457001055999,1.0087444932093286,0.25974599549191013,F11R
GO_Biological_Process_2023,Protein Ubiquitination (GO:0016567),3/355,0.772546481513783,0.7892457001055999,0.8558438191108061,0.22086171059556428,TRIM14;ISG15;RNF213
GO_Biological_Process_2023,Protein Glycosylation (GO:0006486),1/129,0.7729860029464405,0.7892457001055999,1.0087444932093286,0.25974599549191013,ST8SIA6
Reactome_2022,Death Receptor Signaling R-HSA-73887,1/131,0.7781615097413737,0.7941959563256156,0.9931867754821949,0.24911227926515384,VAV1
Reactome_2022,Generic Transcription Pathway R-HSA-212436,7/772,0.7806623214537298,0.7964133897302237,0.8415789225445819,0.20838553631068701,TGIF1;PSMB9;PSMB8;RUNX1;SPI1;KLF4;STAT1
GO_Biological_Process_2023,Ras Protein Signal Transduction (GO:0007265),1/135,0.7881626754422396,0.8037272324782839,0.9634593891931738,0.2293522489926382,RASGRP3
GO_Biological_Process_2023,Neuron Development (GO:0048666),1/138,0.7953677460786885,0.8107339436089782,0.942298895134716,0.2157399893870547,RUNX1
GO_Biological_Process_2023,Metal Ion Transport (GO:0030001),1/140,0.8000350272684004,0.8151490391185591,0.9286975261939152,0.20719220280989267,CCL3
Reactome_2022,Cellular Response To Starvation R-HSA-9711097,1/141,0.8023287632273954,0.8171430584779222,0.9220420520680785,0.20306761489603734,ATF3
Reactome_2022,Citric Acid (TCA) Cycle And Respiratory Electron Transport R-HSA-1428517,1/142,0.8045962991368734,0.819108732384728,0.9154806482479073,0.19903887643961626,UCP2
KEGG_2019_Mouse,Cushing syndrome,1/143,0.806837933000814,0.8210463997454824,0.9090113343059141,0.19510333648425202,ADCY7
GO_Biological_Process_2023,Peptide Biosynthetic Process (GO:0043043),1/144,0.8090539594480322,0.8226116294848655,0.9026321850181646,0.19125843148317623,GGTA1
GO_Biological_Process_2023,Generation Of Neurons (GO:0048699),1/144,0.8090539594480322,0.8226116294848655,0.9026321850181646,0.19125843148317623,RUNX1
Reactome_2022,Influenza Infection R-HSA-168255,1/145,0.8112446697702365,0.8241485196870506,0.8963413284541208,0.18750168190446165,ISG15
GO_Biological_Process_2023,Positive Regulation Of I-kappaB kinase/NF-kappaB Signaling (GO:0043123),1/145,0.8112446697702365,0.8241485196870506,0.8963413284541208,0.18750168190446165,BST2
KEGG_2019_Mouse,Wnt signaling pathway,1/147,0.8155512907463254,0.8281769801846576,0.8840172613286565,0.18024313165231146,NFATC1
Reactome_2022,SUMO E3 Ligases SUMOylate Target Proteins R-HSA-3108232,1/148,0.8176677676347344,0.8299789510872021,0.8779805572621155,0.1767367635262078,SP100
GO_Biological_Process_2023,Brain Development (GO:0007420),1/150,0.8218284458255516,0.8338535275997548,0.8661494248775236,0.16995896615444067,TGFBR2
GO_Biological_Process_2023,Nervous System Development (GO:0007399),3/393,0.8281709283470903,0.839937669493685,0.7710957829085953,0.14537909144836147,CAPG;TGFBR1;MAMDC2
Reactome_2022,SUMOylation R-HSA-2990846,1/154,0.8298682960314943,0.8413075833201489,0.8434120694804248,0.15728645795595492,SP100
KEGG_2019_Mouse,Alzheimer disease,1/157,0.8356601719872562,0.846825568857232,0.8271218076663692,0.14849585914333102,FAS
GO_Biological_Process_2023,Endosomal Transport (GO:0016197),1/160,0.8412556828327351,0.8521400426690517,0.8114443456697703,0.14026597976189512,DENND1C
Reactome_2022,Intra-Golgi And Retrograde Golgi-to-ER Traffic R-HSA-6811442,1/162,0.8448802149919566,0.8554544354549348,0.8013162845656723,0.13507020874158746,CYTH4
GO_Biological_Process_2023,Transcription By RNA Polymerase II (GO:0006366),1/168,0.8552667552850179,0.8652490267097702,0.7723832861279954,0.12075584284572423,IRF9
GO_Biological_Process_2023,"RNA Splicing, Via Transesterification Reactions With Bulged Adenosine As Nucleophile (GO:0000377)",1/168,0.8552667552850179,0.8652490267097702,0.7723832861279954,0.12075584284572423,RBM4B
Reactome_2022,Cilium Assembly R-HSA-5617833,1/171,0.8601973121588067,0.8698745319205933,0.758680414433905,0.11425232632674294,EXOC8
GO_Biological_Process_2023,DNA-templated Transcription (GO:0006351),1/174,0.8649605925979581,0.8743270963078902,0.7454514172652588,0.10814362913321307,IRF9
GO_Biological_Process_2023,Negative Regulation Of Cell Differentiation (GO:0045596),1/179,0.8725429318593558,0.8812574680077639,0.7243912490369282,0.09876598070775272,TGFBR1
GO_Biological_Process_2023,Golgi Vesicle Transport (GO:0048193),1/179,0.8725429318593558,0.8812574680077639,0.7243912490369282,0.09876598070775272,RAB7B
GO_Biological_Process_2023,Protein Stabilization (GO:0050821),1/180,0.8740077406921537,0.8823697115889588,0.7203200076022593,0.09700264781054563,TYROBP
Reactome_2022,M Phase R-HSA-68886,2/318,0.8799472516146619,0.8879966651429457,0.6791526702321632,0.08685908615170859,PSMB8;PSMB9
Reactome_2022,Metabolism Of Amino Acids And Derivatives R-HSA-71291,2/320,0.8821188173059226,0.8898181087287922,0.6748207436491316,0.08464176616246068,PSMB8;PSMB9
Reactome_2022,RNA Polymerase II Transcription R-HSA-73857,7/888,0.8838400190926011,0.8911839328366193,0.7265130180180739,0.08970925104899993,TGIF1;PSMB9;PSMB8;RUNX1;SPI1;KLF4;STAT1
KEGG_2019_Mouse,Focal adhesion,1/188,0.885138498794639,0.8921225650226698,0.6893134328358209,0.08410392493008947,VAV1
GO_Biological_Process_2023,Regulation Of Canonical Wnt Signaling Pathway (GO:0060828),1/191,0.889055214426377,0.8956982172738966,0.678357369507916,0.07977207044117424,AMER2
GO_Biological_Process_2023,Protein Polyubiquitination (GO:0000209),1/197,0.8964941171667713,0.9028179345907693,0.6574488517065707,0.07183519413885589,RNF213
GO_Biological_Process_2023,"mRNA Splicing, Via Spliceosome (GO:0000398)",1/199,0.898861672318965,0.9048267435579128,0.6507602326618079,0.06938804174214547,RBM4B
GO_Biological_Process_2023,mRNA Processing (GO:0006397),1/200,0.9000251492626228,0.9056223205888829,0.6474662135081841,0.06819928182586482,RBM4B
KEGG_2019_Mouse,Thermogenesis,1/206,0.9067313814726226,0.9119921520240593,0.6283753287784228,0.06152362160806967,ADCY7
GO_Biological_Process_2023,DNA Damage Response (GO:0006974),2/354,0.9139010446744493,0.9188226327360765,0.6086989536349416,0.054802980481067916,IRF7;BCL3
GO_Biological_Process_2023,Organelle Organization (GO:0006996),2/361,0.9193627096637604,0.9239309715751332,0.5966382049777678,0.05016209209174129,CCL3;SIPA1
GO_Biological_Process_2023,Chromatin Organization (GO:0006325),1/222,0.922504223134353,0.9267043665343853,0.5825227297886575,0.046988220362838506,PARP10
KEGG_2019_Mouse,Neuroactive ligand-receptor interaction,1/239,0.9363611419471761,0.9402352054223403,0.5405452521757788,0.0355430349475659,C3AR1
Reactome_2022,Organelle Biogenesis And Maintenance R-HSA-1852241,1/242,0.9385365586724049,0.942029870925528,0.5337509435961276,0.03385767412026685,EXOC8
Reactome_2022,Metabolism Of Carbohydrates R-HSA-71387,1/252,0.9452670274777865,0.9480012709456974,0.5122739045471308,0.02883478268422906,HEXB
Reactome_2022,Gene Expression (Transcription) R-HSA-74160,7/1009,0.9449521644176376,0.9480012709456974,0.6348625154837196,0.03594653298825869,TGIF1;PSMB9;PSMB8;RUNX1;SPI1;KLF4;STAT1
GO_Biological_Process_2023,DNA Metabolic Process (GO:0006259),1/269,0.9550668752217151,0.9574338315419672,0.47943443199008945,0.022041477605269044,SP100
Reactome_2022,DNA Repair R-HSA-73894,1/270,0.9555855550686007,0.9575582750419049,0.47763171948368416,0.02169927696642675,ISG15
GO_Biological_Process_2023,Gene Expression (GO:0010467),1/274,0.9576013317147205,0.9591821840988967,0.4705526948698659,0.02038609981366803,CASP4
Reactome_2022,"Cell Cycle, Mitotic R-HSA-69278",2/450,0.9656969031957214,0.9668920726303697,0.4761171547318089,0.01661899251066928,PSMB8;PSMB9
GO_Biological_Process_2023,Ubiquitin-Dependent Protein Catabolic Process (GO:0006511),1/336,0.9793853987757641,0.980193139310837,0.3824130359486366,0.007965681956206989,RNF213
Reactome_2022,Cell Cycle R-HSA-1640170,2/572,0.9899008311611798,0.9903088694262916,0.37201110262420545,0.0037761029437563555,PSMB8;PSMB9
Reactome_2022,Metabolism Of RNA R-HSA-8953854,2/632,0.9945569642334314,0.9945569642334314,0.33559069906450645,0.001831621503026883,PSMB8;PSMB9
