,GSE140399_GSM4160649_WT_5XFAD_Hip,GSE140399_GSM4160643_WT_Cor,GSE140399_GSM4160645_WT_5XFAD_Cor,GSE140399_GSM4160647_WT_Hip
0610007P14Rik,830,1943,804,410
0610009B22Rik,81,302,102,47
0610009L18Rik,72,132,70,53
0610009O20Rik,100,275,134,84
0610010F05Rik,66,153,81,43
0610010K14Rik,63,130,73,49
0610011F06Rik,424,1215,495,281
0610012D04Rik,0,0,0,0
0610012G03Rik,296,973,374,171
0610025J13Rik,0,0,0,0
0610030E20Rik,371,1196,494,283
0610031O16Rik,0,0,0,0
0610033M10Rik,0,0,1,0
0610037L13Rik,196,399,185,133
0610038B21Rik,15,26,4,5
0610039K10Rik,1,2,1,1
0610040B10Rik,94,251,103,73
0610040F04Rik,17,64,54,27
0610040J01Rik,5,13,7,3
0610043K17Rik,6,17,6,9
1010001B22Rik,9,11,3,4
1010001N08Rik,0,0,0,0
1110001J03Rik,134,464,149,81
1110002E22Rik,6,11,5,3
1110002J07Rik,1,4,1,2
1110002L01Rik,27,50,36,22
1110002O04Rik,6,97,31,8
1110004E09Rik,52,98,59,26
1110004F10Rik,169,399,147,111
1110006O24Rik,5,25,7,5
1110008E08Rik,0,1,0,0
1110008F13Rik,203,498,181,112
1110008L16Rik,38,101,52,25
1110008P14Rik,295,1237,599,221
1110012L19Rik,22,55,19,9
1110015O18Rik,0,3,1,1
1110017D15Rik,17,28,25,7
1110019D14Rik,16,93,32,16
1110020A21Rik,8,13,12,5
1110025L11Rik,0,0,0,0
1110028F18Rik,0,1,1,0
1110032A03Rik,329,949,417,236
1110032F04Rik,48,207,89,39
1110034G24Rik,215,451,186,153
1110035H17Rik,85,249,114,56
1110036E04Rik,0,0,0,0
1110037F02Rik,62,198,99,37
1110038F14Rik,273,816,366,202
1110046J04Rik,78,316,134,68
1110051M20Rik,105,209,105,72
1110057P08Rik,0,0,0,0
1110059E24Rik,47,96,45,33
1110059G10Rik,59,160,81,44
1110065P20Rik,116,289,121,71
1190002N15Rik,62,219,102,32
1190003K10Rik,0,0,0,0
1190005I06Rik,29,51,27,16
1190007I07Rik,70,118,71,39
1200007C13Rik,0,0,0,0
1300002E11Rik,19,82,52,15
1300017J02Rik,7,19,8,3
1500002C15Rik,5,17,6,6
1500002F19Rik,10,11,5,4
1500009C09Rik,123,291,120,69
1500009L16Rik,41,90,44,28
1500011B03Rik,261,754,333,172
1500011K16Rik,153,309,160,70
1500015A07Rik,188,477,210,92
1500015L24Rik,0,3,2,0
1500015O10Rik,180,168,69,207
1500026H17Rik,29,151,47,18
1500035N22Rik,139,177,77,107
1520401A03Rik,6,10,9,2
1600002D24Rik,0,1,1,0
1600002H07Rik,88,180,103,39
1600002K03Rik,77,213,100,46
1600010M07Rik,0,1,0,0
1600012H06Rik,90,304,103,64
1600012P17Rik,0,0,0,0
1600014C10Rik,18,37,30,7
1600014C23Rik,1,1,1,0
1600015I10Rik,0,0,0,0
1600019K03Rik,0,0,0,0
1600020E01Rik,52,172,63,36
1600025M17Rik,0,0,0,0
1700001C02Rik,4,4,1,0
1700001C19Rik,1,1,1,0
1700001D01Rik,0,0,0,0
1700001F09Rik,0,0,0,0
1700001G01Rik,0,0,0,0
1700001J03Rik,1,5,0,3
1700001J04Rik,0,0,0,0
1700001K19Rik,0,1,0,0
1700001L05Rik,0,2,1,0
1700001L19Rik,17,50,18,11
1700001N15Rik,0,0,0,0
1700001O22Rik,61,208,89,57
1700001P01Rik,0,1,1,0
1700003C15Rik,0,0,0,0
1700003E16Rik,10,29,15,8
1700003E24Rik,0,0,0,0
1700003F12Rik,7,12,5,6
1700003G13Rik,0,1,0,0
1700003H04Rik,0,0,0,0
1700003I22Rik,0,0,0,0
1700003L19Rik,0,0,0,0
1700003M07Rik,0,5,5,1
1700003P14Rik,0,0,0,0
1700006A11Rik,0,0,0,0
1700006E09Rik,0,0,0,1
1700006F04Rik,0,1,0,0
1700006H21Rik,0,0,0,0
1700007B14Rik,2,3,2,2
1700007F19Rik,1,6,1,1
1700007G11Rik,5,4,2,3
1700007K09Rik,4,3,4,1
1700007K13Rik,5,19,4,6
1700007L15Rik,7,13,8,3
1700007M16Rik,0,0,0,0
1700007P06Rik,2,17,7,4
1700008B11Rik,0,0,0,2
1700008J07Rik,11,34,13,8
1700008K24Rik,0,0,0,0
1700008O03Rik,37,81,30,24
1700008P02Rik,0,0,0,0
1700009C05Rik,1,1,0,0
1700009J07Rik,0,0,0,0
1700009N14Rik,0,0,0,0
1700010B08Rik,0,0,0,0
1700010D01Rik,0,0,0,0
1700010H22Rik,0,0,0,0
1700010I02Rik,0,0,0,0
1700010I14Rik,21,22,9,0
1700010J16Rik,0,0,0,0
1700010K24Rik,1,1,3,0
1700010L04Rik,0,3,0,0
1700011A15Rik,0,0,0,0
1700011E24Rik,0,0,0,0
1700011H14Rik,0,0,0,0
1700011I03Rik,1,7,5,0
1700011L22Rik,0,0,0,0
1700011M02Rik,0,0,0,0
1700012A03Rik,0,0,0,0
1700012B07Rik,0,0,0,0
1700012B09Rik,5,2,3,4
1700012C14Rik,1,1,2,0
1700012E03Rik,0,0,0,0
1700012I11Rik,0,0,0,0
1700012L04Rik,0,1,1,0
1700012P22Rik,0,0,0,0
1700013D24Rik,0,0,0,0
1700013F07Rik,3,13,2,1
1700013G24Rik,0,0,0,0
1700013H16Rik,0,0,0,0
1700013M08Rik,0,0,0,0
1700013N06Rik,0,0,0,0
1700014D04Rik,0,1,0,0
1700014F14Rik,0,0,0,0
1700015E13Rik,0,0,0,0
1700015F17Rik,0,0,1,0
1700015G11Rik,0,0,0,0
1700015O11Rik,0,0,0,0
1700016C15Rik,0,0,0,1
1700016D06Rik,1,5,3,1
1700016F12Rik,0,0,0,0
1700016G14Rik,0,3,0,0
1700016G22Rik,0,0,0,1
1700016H13Rik,0,0,2,0
1700016K19Rik,7,27,8,3
1700016L21Rik,0,0,0,0
1700016P04Rik,0,0,0,0
1700017B05Rik,14,14,8,4
1700017D01Rik,0,0,1,1
1700017G19Rik,0,0,0,0
1700017I07Rik,0,0,0,0
1700017J07Rik,0,0,0,0
1700017L05Rik,0,0,0,0
1700017N19Rik,1,0,0,0
1700018A04Rik,1,5,1,0
1700018B08Rik,0,0,0,0
1700018B24Rik,0,0,0,0
1700018C11Rik,0,0,0,0
1700018F24Rik,0,0,0,0
1700018L02Rik,34,70,36,10
1700019A02Rik,0,1,0,0
1700019B03Rik,2,1,1,0
1700019B21Rik,0,0,0,0
1700019D03Rik,80,236,94,49
1700019E08Rik,0,0,0,0
1700019G17Rik,24,41,14,8
1700019G24Rik,2,1,0,1
1700019N19Rik,0,0,0,0
1700019O17Rik,0,0,0,0
1700019P21Rik,0,0,0,0
1700020A23Rik,0,0,0,0
1700020D05Rik,6,12,8,5
1700020G17Rik,0,0,0,0
1700020I14Rik,171,353,174,105
1700020L24Rik,0,2,3,0
1700020M21Rik,0,0,0,0
1700020N01Rik,0,0,0,0
1700020N15Rik,0,0,0,0
1700020N18Rik,0,0,0,0
1700021A07Rik,0,0,0,0
1700021F05Rik,72,210,111,41
1700021F07Rik,0,0,1,0
1700021F13Rik,0,0,0,0
1700021J08Rik,1,1,0,0
1700021L23Rik,0,0,0,0
1700021N21Rik,0,5,1,1
1700021P04Rik,0,0,0,0
1700022A22Rik,0,0,0,0
1700022E09Rik,0,0,0,0
1700022F17Rik,0,0,0,0
1700022H16Rik,0,0,0,0
1700022I11Rik,1,6,0,2
1700022N22Rik,2,0,0,0
1700023C21Rik,0,0,0,0
1700023F02Rik,0,0,0,0
1700023F06Rik,28,79,31,19
1700023G09Rik,0,0,0,0
1700024B05Rik,0,0,0,0
1700024B18Rik,13,16,18,8
1700024G13Rik,0,0,0,0
1700024P04Rik,0,0,0,0
1700024P16Rik,5,11,5,2
1700025B11Rik,0,0,0,0
1700025C18Rik,0,0,0,0
1700025D23Rik,0,0,0,0
1700025F22Rik,0,0,0,0
1700025F24Rik,0,0,1,0
1700025G04Rik,221,553,284,153
1700025H01Rik,0,0,0,0
1700025K24Rik,0,1,0,0
1700025M24Rik,0,0,0,0
1700025N21Rik,0,1,1,0
1700025N23Rik,0,0,0,0
1700025O08Rik,0,0,0,0
1700026D11Rik,1,4,0,0
1700026F02Rik,0,0,0,0
1700026J12Rik,0,0,0,0
1700026J14Rik,3,5,4,2
1700026L06Rik,20,35,18,16
1700027A07Rik,1,1,3,0
1700027A15Rik,0,0,0,1
1700027F06Rik,0,0,0,0
1700027F09Rik,0,0,0,0
1700027H10Rik,0,2,1,0
1700027I24Rik,0,0,0,0
1700028D13Rik,0,0,0,0
1700028I16Rik,0,0,0,0
1700028J19Rik,30,28,23,19
1700028K03Rik,40,102,48,44
1700028M03Rik,0,0,0,0
1700028P14Rik,5,14,4,6
1700029B22Rik,0,0,0,0
1700029E06Rik,0,0,0,0
1700029F12Rik,0,0,0,0
1700029H14Rik,0,0,0,1
1700029I15Rik,41,68,37,29
1700029J03Rik,0,0,0,0
1700029J07Rik,59,141,62,44
1700029M03Rik,0,0,0,0
1700029M20Rik,0,0,0,0
1700029N11Rik,0,0,0,0
1700029P11Rik,0,0,0,0
1700030A11Rik,0,0,0,0
1700030C14Rik,1,8,1,1
1700030F04Rik,0,0,0,0
1700030J22Rik,5,18,10,3
1700030K09Rik,31,106,52,30
1700030L20Rik,0,0,1,0
1700030M09Rik,0,0,0,0
1700030N03Rik,1,3,1,0
1700030O20Rik,0,0,0,0
1700031A10Rik,0,3,1,1
1700031F05Rik,0,0,0,0
1700031F10Rik,0,0,0,0
1700031L13Rik,0,0,0,0
1700031M16Rik,0,0,0,0
1700031P21Rik,0,2,0,0
1700034B16Rik,0,0,0,0
1700034E13Rik,0,0,0,0
1700034G24Rik,0,0,0,0
1700034H15Rik,5,23,14,7
1700034I23Rik,12,47,19,17
1700034J05Rik,2,0,0,0
1700034K08Rik,0,0,0,0
1700034O15Rik,0,0,0,0
1700034P13Rik,1,1,2,1
1700036A12Rik,0,1,0,0
1700036G14Rik,0,0,0,0
1700036O09Rik,0,0,0,0
1700037C06Rik,0,0,0,0
1700037C18Rik,62,150,56,49
1700037F24Rik,0,2,2,0
1700037H04Rik,16,81,34,23
1700039E15Rik,0,2,0,0
1700039E22Rik,0,0,0,0
1700039M10Rik,2,2,3,1
1700039M15Rik,0,0,0,0
1700040D17Rik,8,27,5,4
1700040F15Rik,0,0,0,0
1700040F17Rik,0,0,0,0
1700040L02Rik,1,12,1,3
1700041C23Rik,0,0,0,0
1700041G16Rik,3,10,2,0
1700041M05Rik,0,0,0,0
1700041M19Rik,0,0,0,0
1700042D02Rik,0,0,0,0
1700042G07Rik,0,0,0,0
1700042G15Rik,0,1,0,0
1700042O10Rik,0,0,0,0
1700044C05Rik,0,0,0,0
1700044K03Rik,0,0,0,0
1700045H11Rik,1,0,0,0
1700046C09Rik,0,0,0,0
1700047A11Rik,0,0,0,0
1700047F07Rik,0,15,3,0
1700047G03Rik,0,0,0,0
1700047I17Rik2,5,46,13,6
1700047L14Rik,0,0,0,0
1700047M11Rik,124,265,105,78
1700048F04Rik,1,1,0,0
1700048M11Rik,0,0,0,0
1700048O20Rik,12,56,20,9
1700049E15Rik,0,0,0,0
1700049E17Rik1,0,0,0,0
1700049E17Rik2,0,0,0,0
1700049E22Rik,0,0,0,0
1700049G17Rik,25,44,21,19
1700049J03Rik,1,0,0,0
1700052I22Rik,0,0,0,0
1700052K11Rik,16,64,32,15
1700054A03Rik,0,0,0,0
1700054K02Rik,0,0,0,0
1700054K19Rik,0,0,0,0
1700054M17Rik,2,8,7,3
1700055D18Rik,10,17,8,7
1700056E22Rik,0,1,0,0
1700056N10Rik,27,59,25,14
1700057G04Rik,0,0,0,0
1700057H15Rik,0,1,0,0
1700057H21Rik,0,0,0,0
1700058P15Rik,12,16,10,7
1700060C16Rik,0,0,0,0
1700060C20Rik,1,1,0,0
1700060J05Rik,0,0,0,0
1700060O08Rik,0,0,0,0
1700061E17Rik,0,0,0,0
1700061E18Rik,0,5,1,0
1700061F12Rik,0,0,0,0
1700061G19Rik,1,1,4,0
1700061H18Rik,0,0,0,0
1700061I17Rik,0,0,0,0
1700061J23Rik,0,0,0,0
1700063A18Rik,0,0,0,0
1700063D05Rik,14,14,4,7
1700063H04Rik,0,0,0,0
1700063H06Rik,0,0,0,0
1700063O14Rik,0,0,0,0
1700064H15Rik,0,4,1,0
1700064J06Rik,0,0,0,0
1700064M15Rik,1,7,0,0
1700065D16Rik,0,6,1,0
1700065J11Rik,0,0,0,0
1700065J18Rik,0,0,1,1
1700065L07Rik,0,0,2,1
1700065O20Rik,0,0,0,0
1700066B17Rik,0,1,0,0
1700066B19Rik,15,49,18,18
1700066C05Rik,0,0,0,0
1700066J03Rik,0,2,0,0
1700066M21Rik,41,139,45,18
1700066N21Rik,0,0,0,0
1700067G17Rik,0,0,0,0
1700067K01Rik,3,8,3,0
1700067P10Rik,0,0,2,0
1700069B07Rik,0,1,0,0
1700069L16Rik,1,0,0,0
1700069P05Rik,0,0,0,0
1700071G01Rik,1,1,0,2
1700071M16Rik,0,1,2,0
1700072B07Rik,0,0,0,0
1700072G22Rik,0,0,0,0
1700072O05Rik,0,0,0,0
1700074H08Rik,0,0,1,0
1700074P13Rik,0,0,0,0
1700080E11Rik,0,0,0,0
1700080G11Rik,0,4,2,1
1700080N15Rik,250,534,235,123
1700080O16Rik,0,0,0,0
1700081H04Rik,0,0,0,0
1700082M22Rik,0,0,0,0
1700083H02Rik,0,0,0,0
1700084C06Rik,5,8,4,4
1700084E18Rik,2,25,7,5
1700084F23Rik,0,0,0,0
1700084M14Rik,0,0,0,0
1700085C21Rik,0,0,0,0
1700086D15Rik,1,3,1,2
1700086L19Rik,16,81,42,7
1700086O06Rik,48,121,55,19
1700086P04Rik,6,12,6,4
1700087M22Rik,1,3,2,0
1700088E04Rik,84,151,86,58
1700092C02Rik,0,0,0,0
1700092C10Rik,0,0,0,0
1700092C17Rik,0,0,0,0
1700092E19Rik,0,0,0,0
1700092M07Rik,1,4,2,2
1700093J21Rik,0,1,0,1
1700093K21Rik,26,44,20,17
1700094J05Rik,0,0,0,0
1700094M24Rik,0,0,0,0
1700095A13Rik,0,0,1,0
1700095A21Rik,0,0,0,0
1700095B10Rik,0,0,0,0
1700095J03Rik,3,0,0,0
1700095J07Rik,1,0,1,0
1700095J12Rik,3,3,1,2
1700096J18Rik,0,0,0,0
1700096K18Rik,14,49,25,9
1700097N02Rik,0,1,0,0
1700099I09Rik,0,0,1,0
1700100L14Rik,0,0,0,0
1700101I19Rik,1,0,0,1
1700101O22Rik,0,0,0,0
1700102P08Rik,1,3,2,0
1700104B16Rik,0,0,1,0
1700105P06Rik,17,37,7,9
1700108J01Rik,0,0,0,0
1700108N11Rik,1,7,3,2
1700109G14Rik,0,0,0,0
1700109G15Rik,0,0,0,0
1700109H08Rik,15,27,14,9
1700109I08Rik,0,0,0,0
1700109K24Rik,0,5,4,1
1700110C19Rik,0,1,1,0
1700110I01Rik,0,2,0,0
1700111E14Rik,3,0,0,1
1700111N16Rik,0,0,0,0
1700112D23Rik,3,7,5,1
1700112E06Rik,1,5,2,1
1700112H15Rik,0,0,0,0
1700112J05Rik,0,0,1,0
1700112J16Rik,3,8,9,3
1700112K13Rik,0,0,0,0
1700113A16Rik,17,39,11,8
1700113H08Rik,0,0,1,0
1700116B05Rik,0,0,0,0
1700119H24Rik,1,0,0,0
1700119I11Rik,0,2,0,0
1700120B22Rik,0,6,1,2
1700120C18Rik,0,0,0,0
1700120E14Rik,0,0,0,0
1700120G07Rik,0,2,1,1
1700120G11Rik,0,1,0,0
1700120K04Rik,0,0,0,0
1700121C08Rik,0,1,0,0
1700121L03Rik,0,0,0,0
1700121L16Rik,0,0,0,0
1700121N20Rik,0,0,0,0
1700122D07Rik,0,0,0,0
1700122O11Rik,0,0,0,0
1700123I01Rik,1,0,0,0
1700123K08Rik,1,1,1,0
1700123L14Rik,0,0,0,1
1700123O12Rik,0,0,0,0
1700123O20Rik,31,79,28,16
1700124L16Rik,24,41,17,5
1700125G02Rik,2,2,1,2
1700125G22Rik,1,2,2,2
1700125H03Rik,0,0,0,1
1700125H20Rik,0,2,0,2
1700126A01Rik,0,0,0,0
1700126G02Rik,0,0,0,0
1700126H18Rik,0,0,0,0
1700128A07Rik,0,0,0,0
1700128E19Rik,0,0,0,0
1700128F08Rik,0,0,0,0
1700129C05Rik,0,0,0,0
1810006J02Rik,0,0,0,0
1810007C17Rik,0,0,0,0
1810007D17Rik,4,5,2,1
1810008B01Rik,0,0,2,0
1810008I18Rik,0,0,0,0
1810009A15Rik,16,38,4,2
1810009J06Rik,0,0,0,0
1810010H24Rik,8,40,11,4
1810011H11Rik,2,3,2,1
1810011O10Rik,3,14,1,2
1810012K08Rik,1,1,0,1
1810012K16Rik,2,3,1,4
1810013D15Rik,2,4,1,2
1810013L24Rik,41,121,55,33
1810014B01Rik,2,7,0,2
1810019N24Rik,0,3,2,0
1810020O05Rik,2,6,3,1
1810022K09Rik,741,2110,872,482
1810024B03Rik,72,201,76,47
1810026J23Rik,112,236,102,54
1810030O07Rik,34,105,64,20
1810032O08Rik,99,170,83,59
1810034E14Rik,1,14,1,3
1810037I17Rik,257,879,339,143
1810041H14Rik,2,9,3,0
1810041L15Rik,129,243,112,54
1810043G02Rik,185,524,241,127
1810043H04Rik,89,242,88,47
1810044D09Rik,13,38,31,9
1810046K07Rik,0,0,0,0
1810049J17Rik,0,0,0,0
1810055G02Rik,52,164,75,39
1810058I24Rik,78,175,80,31
1810062G17Rik,0,3,0,1
1810062O18Rik,9,23,8,6
1810063I02Rik,0,0,0,1
1810064F22Rik,0,0,1,0
1810065E05Rik,0,0,0,0
2010001E11Rik,0,0,0,0
2010003K11Rik,0,0,0,0
2010005H15Rik,0,3,2,0
2010007H06Rik,11,40,18,10
2010009K17Rik,0,0,0,0
2010013B24Rik,0,1,0,1
2010015M23Rik,42,146,66,30
2010103J01Rik,0,0,0,0
2010106C02Rik,0,0,0,0
2010106E10Rik,0,0,0,0
2010107E04Rik,586,1074,578,237
2010107G12Rik,4,8,2,1
2010107G23Rik,138,499,192,106
2010109A12Rik,19,47,16,18
2010109I03Rik,1,12,9,1
2010110E17Rik,0,0,0,0
2010110G14Rik,0,0,0,0
2010110K18Rik,0,0,0,1
2010111I01Rik,363,1060,501,242
2010300C02Rik,166,272,114,112
2010300F17Rik,0,1,1,0
2010308F09Rik,0,4,2,4
2010309G21Rik,0,0,0,0
2010310C07Rik,0,0,0,0
2010315B03Rik,57,158,82,48
2010320M18Rik,24,99,38,10
2200002D01Rik,2,18,3,2
2200002J24Rik,0,0,0,0
2210008F06Rik,6,15,8,3
2210010C04Rik,0,1,0,0
2210011C24Rik,4,7,6,6
2210011K15Rik,0,0,0,0
2210013O21Rik,54,148,69,34
2210016F16Rik,50,115,38,27
2210016L21Rik,496,1469,645,409
2210017I01Rik,0,0,1,0
2210019I11Rik,0,0,0,0
2210404O09Rik,58,114,58,29
2210406O10Rik,19,85,29,21
2210407C18Rik,0,0,0,0
2210408I21Rik,12,41,17,5
2210411M09Rik,0,0,1,0
2210414B05Rik,0,0,0,0
2210417A02Rik,0,0,0,0
2210418O10Rik,0,0,0,0
2210420H20Rik,0,0,0,0
2300002M23Rik,0,0,0,0
2300003K06Rik,0,0,0,0
2300005B03Rik,0,0,0,0
2300009A05Rik,232,653,241,161
2310001H17Rik,5,14,4,3
2310001K24Rik,0,1,1,0
2310002L09Rik,0,0,0,0
2310003L06Rik,0,2,0,0
2310005A03Rik,0,0,0,0
2310005E17Rik,0,0,0,0
2310007B03Rik,0,0,0,0
2310008N11Rik,0,0,0,0
2310009B15Rik,86,176,57,38
2310010G23Rik,5,7,2,3
2310011J03Rik,110,319,103,75
2310015A10Rik,13,34,10,9
2310015D24Rik,0,3,1,0
2310015K22Rik,0,0,0,0
2310016D03Rik,0,0,0,0
2310016D23Rik,0,0,0,0
2310016G11Rik,4,11,2,5
2310020H05Rik,0,0,0,0
2310022A10Rik,74,178,82,56
2310022B05Rik,40,101,41,33
2310026I22Rik,1,1,3,0
2310026L22Rik,0,2,3,1
2310030A07Rik,0,1,0,0
2310030G06Rik,2,16,4,5
2310031A07Rik,2,1,0,2
2310033P09Rik,168,453,183,90
2310034C09Rik,0,0,0,0
2310034O05Rik,0,2,3,0
2310035C23Rik,467,940,499,313
2310036O22Rik,247,504,220,115
2310039H08Rik,69,208,65,47
2310039L15Rik,0,1,0,0
2310040G07Rik,52,130,48,29
2310040G24Rik,5,20,8,3
2310043L19Rik,0,0,0,0
2310043M15Rik,2,4,3,0
2310043O21Rik,0,0,0,0
2310044K18Rik,0,0,0,0
2310046K23Rik,0,0,0,0
2310047D07Rik,3,3,3,1
2310050C09Rik,0,0,0,0
2310057J18Rik,0,0,0,0
2310057M21Rik,78,182,86,47
2310057N15Rik,0,0,0,0
2310061I04Rik,237,588,284,142
2310061N02Rik,0,0,0,0
2310065F04Rik,0,2,0,0
2310068J16Rik,32,58,27,15
2310069B03Rik,0,0,0,0
2310069G16Rik,15,31,16,6
2310074N15Rik,19,77,25,10
2310075C17Rik,3,33,9,3
2310079G19Rik,0,0,0,0
2310081O03Rik,0,0,0,0
2410002F23Rik,129,228,119,84
2410004B18Rik,56,194,82,47
2410004I01Rik,0,5,1,0
2410004P03Rik,7,7,2,5
2410012E07Rik,0,0,0,0
2410015M20Rik,284,669,309,150
2410016O06Rik,17,52,33,9
2410017I17Rik,0,0,1,0
2410018L13Rik,8,39,14,9
2410021H03Rik,17,68,31,17
2410022M11Rik,16,52,16,10
2410080I02Rik,22,38,21,12
2410089E03Rik,682,1651,805,489
2410131K14Rik,49,107,39,25
2410137M14Rik,1,18,6,3
2410141K09Rik,0,0,0,0
2500002B13Rik,1,5,0,1
2510002D24Rik,321,1037,454,211
2510009E07Rik,30,69,24,11
2510017J16Rik,44,88,47,26
2510039O18Rik,103,207,104,37
2510046G10Rik,20,68,19,19
2600006K01Rik,7,4,0,2
2600014E21Rik,45,130,57,32
2610001J05Rik,215,604,218,141
2610002M06Rik,20,53,25,10
2610008E11Rik,31,81,43,23
2610016A17Rik,1,0,1,0
2610020C07Rik,13,62,31,17
2610020F03Rik,0,4,2,0
2610020H08Rik,4,6,4,1
2610021A01Rik,19,60,25,8
2610027F03Rik,0,0,0,0
2610028E06Rik,1,5,1,0
2610028H24Rik,0,3,0,0
2610035D17Rik,19,49,14,16
2610037D02Rik,97,332,145,82
2610042L04Rik,1,5,2,1
2610044O15Rik8,37,102,46,37
2610204G07Rik,69,196,78,48
2610206C17Rik,0,0,0,0
2610301B20Rik,39,110,49,21
2610303G11Rik,0,0,0,0
2610305D13Rik,0,7,0,1
2610318N02Rik,4,19,7,4
2610507B11Rik,201,298,180,154
2610524H06Rik,242,785,258,129
2610528A11Rik,2,3,3,0
2610528J11Rik,0,2,1,0
2700012I20Rik,1,7,0,2
2700016F22Rik,23,51,34,20
2700029M09Rik,104,199,109,64
2700033N17Rik,7,33,14,3
2700038G22Rik,58,133,71,44
2700046A07Rik,2,4,1,3
2700046G09Rik,75,246,105,45
2700049A03Rik,29,78,37,26
2700060E02Rik,208,441,268,138
2700062C07Rik,271,660,271,184
2700068H02Rik,4,4,6,1
2700069I18Rik,10,34,18,12
2700081O15Rik,51,148,59,40
2700089I24Rik,0,0,0,0
2700094K13Rik,59,168,65,33
2700097O09Rik,180,645,256,131
2810001G20Rik,101,311,105,58
2810004N23Rik,228,590,217,158
2810006K23Rik,19,48,26,17
2810021J22Rik,18,57,25,8
2810029C07Rik,162,499,204,111
2810030D12Rik,0,1,1,2
2810032G03Rik,11,32,18,7
2810049E08Rik,69,176,86,44
2810402E24Rik,81,193,80,41
2810403A07Rik,303,801,391,241
2810404F17Rik,0,0,0,0
2810404M03Rik,0,0,0,0
2810405F17Rik,28,129,29,14
2810407A14Rik,4,5,2,1
2810408A11Rik,6,8,3,2
2810414N06Rik,5,3,3,1
2810417H13Rik,22,62,41,23
2810425M01Rik,1,8,1,3
2810428I15Rik,168,410,204,105
2810429I04Rik,20,38,15,8
2810432F15Rik,0,0,0,0
2810433D01Rik,4,15,4,2
2810442N19Rik,4,8,5,1
2810454H06Rik,60,184,64,53
2810455O05Rik,32,82,59,38
2810459M11Rik,27,19,14,9
2810471M01Rik,0,0,0,0
2810474O19Rik,129,390,186,82
2900009J06Rik,7,24,16,11
2900011O08Rik,178,415,218,123
2900026A02Rik,92,155,76,51
2900052N01Rik,73,93,61,21
2900055J20Rik,2296,8877,3410,1739
2900060B14Rik,283,753,361,256
2900072N19Rik,2,6,4,1
2900076A07Rik,130,365,158,79
2900079G21Rik,65,146,65,31
2900089D17Rik,7,26,18,6
2900092C05Rik,0,1,0,0
2900093K20Rik,206,690,274,121
3010003L21Rik,2,8,7,3
3010026O09Rik,45,143,93,36
3100002H09Rik,160,116,67,127
3100003L05Rik,0,0,0,0
3110001I22Rik,1,4,0,0
3110002H16Rik,90,154,88,64
3110004A20Rik,3,1,0,0
3110009E18Rik,9,25,7,7
3110018I06Rik,0,0,0,0
3110021N24Rik,336,1336,540,317
3110035E14Rik,122,522,322,178
3110039M20Rik,15,34,21,9
3110039M20Rik-1,84,213,92,46
3110040N11Rik,54,103,61,20
3110043O21Rik,43,108,35,26
3110045C21Rik,12,8,4,4
3110052M02Rik,3,11,8,1
3110056K07Rik,89,235,86,70
3110062M04Rik,91,310,128,64
3110070M22Rik,4,4,3,1
3110079O15Rik,1,25,8,4
3110082I17Rik,93,261,117,47
3110082J24Rik,7,27,5,5
3110083C13Rik,1,7,1,0
3110099E03Rik,0,0,0,0
3222401L13Rik,70,287,110,78
3300002A11Rik,1,2,0,0
3300002I08Rik,6,14,9,2
3300002P13Rik,2,4,4,2
3300005D01Rik,0,0,0,0
3425401B19Rik,0,0,0,1
3632451O06Rik,121,397,193,110
3830403N18Rik,1,1,1,0
3830406C13Rik,58,242,113,54
3830408C21Rik,7,19,7,2
3830417A13Rik,0,0,0,0
3830432H09Rik,0,0,0,0
3930402G23Rik,0,4,2,0
4430402I18Rik,4559,8877,3666,3279
4631405K08Rik,0,2,0,0
4632404H12Rik,35,94,41,23
4632411P08Rik,1,9,4,1
4632415L05Rik,137,451,176,91
4632428C04Rik,2,4,2,1
4731419I09Rik,5,5,6,2
4732414G09Rik,34,79,37,37
4732419C18Rik,6,12,8,8
4732440D04Rik,69,290,108,52
4732456N10Rik,0,0,0,0
4732463B04Rik,49,107,55,53
4732465J04Rik,1,1,0,0
4732471J01Rik,74,163,96,57
4732487G21Rik,0,0,0,0
4732490B19Rik,0,0,0,0
4732491K20Rik,31,123,26,27
4831440E17Rik,32,101,50,35
4833403J16Rik,1,0,1,0
4833407H14Rik,0,0,0,0
4833412C05Rik,0,4,1,1
4833413E03Rik,0,0,0,0
4833413G10Rik,16,36,8,2
4833418N02Rik,3,15,14,2
4833420G17Rik,305,649,311,178
4833422C13Rik,37,75,23,16
4833422M21Rik,0,3,1,1
4833423E24Rik,0,5,0,3
4833427F10Rik,0,0,0,0
4833427G06Rik,3,3,0,1
4833428L15Rik,0,0,0,0
4833439L19Rik,92,189,85,51
4833445I07Rik,7,18,10,4
4921501E09Rik,0,3,0,0
4921504A21Rik,30,63,22,16
4921504E06Rik,5,8,3,2
4921506M07Rik,0,0,0,0
4921507G05Rik,3,8,6,0
4921507P07Rik,1,6,7,1
4921508D12Rik,0,0,0,0
4921508M14Rik,0,1,1,2
4921509A06Rik,0,0,0,0
4921509C19Rik,0,0,0,0
4921511C10Rik,7,8,7,3
4921511C20Rik,0,0,0,0
4921511H03Rik,4,10,7,2
4921511M17Rik,0,0,0,0
4921513D11Rik,1,0,0,0
4921513I03Rik,0,0,0,0
4921514A10Rik,12,55,21,9
4921515E04Rik,0,0,0,0
4921517D22Rik,0,1,0,0
4921518K17Rik,0,0,0,0
4921521D15Rik,0,0,0,0
4921522P10Rik,0,3,0,1
4921523L03Rik,4,13,3,5
4921524J17Rik,37,97,42,23
4921524L21Rik,0,0,0,0
4921528I07Rik,0,0,0,0
4921530L21Rik,0,0,0,0
4921534H16Rik,9,8,5,3
4921536K21Rik,0,1,0,0
4921539E11Rik,0,0,0,0
4921539H07Rik,129,100,35,100
4922502D21Rik,0,0,0,0
4922502N22Rik,0,1,0,0
4930401G09Rik,0,0,0,0
4930401O10Rik,0,0,0,0
4930401O12Rik,0,0,0,0
4930402C01Rik,0,0,0,0
4930402F06Rik,0,0,0,0
4930402H24Rik,1076,2887,1245,729
4930402K13Rik,0,0,0,0
4930403D09Rik,0,0,0,0
4930403P22Rik,82,191,95,76
4930404A12Rik,0,2,1,0
4930404H24Rik,0,0,0,0
4930404N11Rik,29,46,26,13
4930405D11Rik,0,1,0,0
4930405H06Rik,0,3,0,0
4930405L22Rik,0,0,0,0
4930407G08Rik,0,0,0,0
4930407I10Rik,0,0,0,0
4930408K08Rik,0,0,0,0
4930408O17Rik,1,0,0,0
4930412B13Rik,0,0,0,0
4930412E21Rik,0,0,0,0
4930412F09Rik,1,0,0,0
4930412M03Rik,0,1,1,0
4930412O13Rik,0,0,0,0
4930413E15Rik,0,0,0,0
4930415F15Rik,0,3,0,1
4930415L06Rik,0,0,0,0
4930415O20Rik,1,0,0,0
4930417O22Rik,0,0,0,0
4930419G24Rik,3,4,2,2
4930422M22Rik,2,8,6,3
4930423M02Rik,0,0,0,0
4930425K10Rik,0,0,0,0
4930425L21Rik,0,0,1,0
4930425O10Rik,1,0,0,0
4930426D05Rik,15,36,26,6
4930426I24Rik,12,23,15,9
4930426L09Rik,4,7,3,1
4930427A07Rik,2,12,7,2
4930428N03Rik,0,0,0,0
4930428O21Rik,0,0,0,0
4930429D17Rik,0,0,0,0
4930429P21Rik,0,0,0,1
4930430A15Rik,0,0,0,0
4930430E12Rik,0,0,0,0
4930430F08Rik,46,131,68,29
4930430O22Rik,0,1,0,0
4930431F12Rik,0,0,0,0
4930431L21Rik,0,0,0,0
4930432B10Rik,4,9,3,1
4930432H08Rik,0,0,0,0
4930432K21Rik,6,2,3,0
4930432M17Rik,0,0,0,0
4930433B08Rik,0,0,0,0
4930433I11Rik,0,0,0,0
4930433J02Rik,0,0,0,0
4930433N12Rik,0,0,0,0
4930434B07Rik,1,0,2,0
4930434O05Rik,0,0,0,0
4930435C17Rik,0,0,0,0
4930435E12Rik,0,0,0,0
4930438A08Rik,0,0,0,0
4930439A04Rik,0,0,0,0
4930439D14Rik,0,0,0,0
4930440C22Rik,0,0,0,0
4930440I19Rik,0,0,0,0
4930441J16Rik,0,0,0,0
4930442H23Rik,0,0,0,0
4930442J19Rik,0,0,0,0
4930442L01Rik,0,0,0,0
4930444A19Rik,0,0,2,1
4930444E06Rik,0,0,0,0
4930444G20Rik,0,0,0,0
4930444M15Rik,21,59,29,24
4930444P10Rik,12,36,13,14
4930445B16Rik,4,5,3,1
4930445N08Rik,0,0,0,0
4930445N18Rik,0,0,0,0
4930447A16Rik,0,0,0,0
4930447C04Rik,166,722,383,97
4930447F04Rik,1,0,0,1
4930447M23Rik,0,4,2,1
4930448D08Rik,0,0,0,0
4930448E22Rik,0,2,3,1
4930448H16Rik,0,0,0,0
4930448I06Rik,0,0,0,0
4930448I18Rik,0,0,0,0
4930448N21Rik,2,4,0,0
4930449I24Rik,0,0,0,0
4930451E10Rik,0,0,0,0
4930451G09Rik,4,9,4,3
4930451I11Rik,0,2,1,0
4930452B06Rik,4,23,18,5
4930452N14Rik,2,5,2,1
4930453H23Rik,0,0,0,0
4930453N24Rik,48,107,42,24
4930453O03Rik,0,0,0,0
4930455B14Rik,0,0,0,0
4930455D15Rik,2,2,0,0
4930455G09Rik,1,2,1,1
4930455H04Rik,0,0,0,0
4930456L15Rik,0,1,0,0
4930458D05Rik,6,22,7,4
4930459L07Rik,0,0,0,0
4930461G14Rik,0,0,0,0
4930463O16Rik,8,17,8,7
4930465M20Rik,0,0,0,0
4930466I24Rik,0,0,0,0
4930467D21Rik,0,1,0,0
4930467E23Rik,0,0,0,0
4930467K11Rik,0,0,0,0
4930469G21Rik,4,25,14,4
4930470P17Rik,0,0,0,0
4930471C04Rik,0,0,0,0
4930471C06Rik,0,0,0,0
4930471D02Rik,0,0,0,0
4930471M09Rik,0,3,2,1
4930473D10Rik,3,17,6,1
4930474N05Rik,0,0,0,0
4930477E14Rik,0,0,0,0
4930478K11Rik,0,2,0,0
4930478P22Rik,0,0,0,0
4930479D17Rik,0,0,0,0
4930480E11Rik,0,0,0,0
4930480G23Rik,0,0,0,0
4930480K23Rik,13,60,21,12
4930481A15Rik,6,17,10,8
4930483K19Rik,0,0,0,0
4930486F22Rik,0,0,1,0
4930486I03Rik,0,0,0,0
4930486L24Rik,0,3,0,0
4930487D11Rik,1,0,0,0
4930488B22Rik,0,0,0,0
4930500F10Rik,0,7,1,0
4930500L23Rik,1,0,0,0
4930500M09Rik,0,2,4,1
4930502E18Rik,0,0,1,0
4930503B20Rik,0,0,0,0
4930503E14Rik,0,0,0,0
4930503L19Rik,51,112,60,26
4930503O07Rik,0,0,0,0
4930504D19Rik,0,0,0,0
4930504O13Rik,0,0,0,0
4930505A04Rik,1,12,7,1
4930505K14Rik,0,0,0,0
4930505M18Rik,2,0,0,0
4930505N22Rik,1,2,2,2
4930505O20Rik,0,0,0,0
4930507D05Rik,3,3,1,1
4930507D10Rik,0,0,0,0
4930509E16Rik,0,0,0,0
4930509G22Rik,14,32,11,9
4930509J09Rik,4,3,0,4
4930509K18Rik,0,0,0,0
4930510E17Rik,0,0,0,0
4930511A02Rik,0,1,0,1
4930511E03Rik,0,0,0,0
4930511O05Rik,0,0,0,0
4930512B01Rik,0,6,1,0
4930512H18Rik,0,0,0,0
4930512M02Rik,0,1,0,0
4930512P04Rik,0,0,0,0
4930513D17Rik,0,11,0,2
4930513O06Rik,0,0,0,0
4930515B02Rik,0,0,0,0
4930515G01Rik,2,3,0,2
4930515L19Rik,0,0,0,0
4930516B21Rik,0,1,0,0
4930516K23Rik,0,0,0,0
4930517E11Rik,0,0,1,0
4930517L18Rik,0,1,0,0
4930518C09Rik,0,0,1,0
4930518I15Rik,69,177,90,71
4930518I17Rik,0,0,0,0
4930518J20Rik,0,2,0,0
4930519A11Rik,0,0,0,1
4930519D14Rik,0,0,0,0
4930519F24Rik,0,0,0,0
4930519G04Rik,0,0,0,0
4930519H02Rik,0,0,0,0
4930519L02Rik,0,0,0,0
4930519P11Rik,0,0,0,0
4930520M14Rik,1,2,2,0
4930521E06Rik,0,0,0,0
4930522H14Rik,0,0,0,0
4930522L14Rik,4,25,11,7
4930522N08Rik,0,0,0,0
4930522O17Rik,0,0,0,0
4930523C07Rik,14,30,16,9
4930524B15Rik,2,3,1,0
4930524B17Rik,0,0,0,0
4930524J08Rik,24,77,28,17
4930524N10Rik,0,0,0,0
4930524O07Rik,5,12,6,2
4930524O08Rik,0,0,0,0
4930525G20Rik,12,30,6,9
4930526F13Rik,0,0,0,3
4930526L06Rik,1,0,0,1
4930527A07Rik,0,0,0,0
4930527B05Rik,2,2,1,1
4930527E20Rik,0,0,0,0
4930528D03Rik,2,2,3,2
4930528G23Rik,1,7,8,1
4930528P14Rik,0,1,0,0
4930529I22Rik,0,0,0,0
4930532G15Rik,136,361,145,106
4930532M18Rik,0,0,0,0
4930533B01Rik,0,0,0,0
4930533D04Rik,0,2,0,0
4930533I22Rik,0,0,0,0
4930533K18Rik,0,1,0,0
4930533P14Rik,0,0,0,0
4930534D22Rik,1,5,2,2
4930535E02Rik,0,0,0,0
4930535G08Rik,0,0,0,0
4930535I16Rik,0,0,0,0
4930535L15Rik,0,0,0,0
4930535O05Rik,0,0,0,0
4930537H20Rik,0,0,5,0
4930538E20Rik,5,4,5,2
4930538K18Rik,3,3,3,0
4930539C22Rik,0,0,0,0
4930539E08Rik,5,18,1,3
4930539J05Rik,10,29,12,8
4930539M17Rik,0,0,0,0
4930540M05Rik,2,0,2,0
4930542C12Rik,0,3,1,0
4930542C16Rik,0,0,0,0
4930544D05Rik,0,0,0,0
4930544G11Rik,0,0,0,0
4930544I03Rik,0,1,0,0
4930544L04Rik,0,1,0,0
4930544M13Rik,0,0,0,0
4930545L23Rik,2,4,0,0
4930546C10Rik,0,0,0,0
4930547M16Rik,1,4,0,0
4930548G14Rik,1,0,0,1
4930548H24Rik,2,2,3,2
4930548K13Rik,0,0,0,0
4930549C01Rik,0,0,0,0
4930550C14Rik,1,2,0,0
4930550C17Rik,0,0,0,0
4930550L24Rik,0,0,0,0
4930551L18Rik,0,0,0,0
4930551O13Rik,2,2,2,2
4930552P12Rik,0,3,3,0
4930553M12Rik,0,0,0,0
4930553P18Rik,2,5,2,4
4930554C24Rik,0,0,0,0
4930554G24Rik,0,0,0,0
4930554H23Rik,0,0,0,0
4930555A03Rik,1,1,2,0
4930555B12Rik,0,0,0,0
4930555F03Rik,60,68,42,29
4930555G01Rik,0,0,0,0
4930555M17Rik,0,0,0,0
4930555O08Rik,0,0,0,0
4930556G01Rik,0,0,0,0
4930556G22Rik,0,0,0,0
4930556I23Rik,3,3,2,2
4930556J24Rik,0,0,0,0
4930556L07Rik,0,0,0,0
4930556M19Rik,1,1,0,0
4930556M19Rik-1,3,8,4,1
4930556N13Rik,0,0,0,0
4930557A04Rik,0,0,0,0
4930557F10Rik,0,0,0,0
4930557J02Rik,2,25,15,14
4930558C23Rik,0,0,0,0
4930558F17Rik,0,0,0,0
4930558G05Rik,0,0,0,0
4930558J18Rik,0,1,0,0
4930558K02Rik,25,49,30,23
4930558N11Rik,0,0,0,0
4930562A09Rik,0,0,0,0
4930562C15Rik,2,1,0,0
4930562D21Rik,1,13,7,1
4930562F07Rik,0,0,1,0
4930562F17Rik,0,0,0,0
4930563D23Rik,0,0,1,0
4930563E18Rik,0,0,1,1
4930563F08Rik,2,2,1,0
4930563H07Rik,0,0,0,0
4930563I02Rik,0,0,0,0
4930563M21Rik,0,0,1,2
4930564D02Rik,0,0,0,0
4930565D16Rik,0,0,0,0
4930565N06Rik,30,78,32,18
4930566F21Rik,0,0,0,0
4930567H17Rik,0,0,0,0
4930568A12Rik,0,1,1,0
4930568D16Rik,0,0,0,0
4930568G15Rik,2,6,2,2
4930570G19Rik,30,128,58,27
4930570N18Rik,0,0,1,1
4930571K23Rik,1,0,0,0
4930572K03Rik,0,0,0,0
4930572O03Rik,0,0,0,0
4930573C15Rik,0,0,1,0
4930573I07Rik,0,0,0,0
4930577H14Rik,0,0,0,0
4930578C19Rik,1,1,2,0
4930578G10Rik,4,8,3,1
4930578I06Rik,0,0,0,0
4930578M01Rik,24,26,20,14
4930579C12Rik,0,1,1,1
4930579D09Rik,0,0,0,0
4930579F01Rik,0,0,0,0
4930579G18Rik,4,17,4,2
4930579G24Rik,5,6,7,7
4930579H20Rik,0,1,0,0
4930579M01Rik,0,0,0,0
4930579O11Rik,0,1,0,0
4930580E04Rik,0,0,0,0
4930583I09Rik,0,0,0,0
4930583P06Rik,0,0,0,0
4930584F24Rik,0,0,0,0
4930587A21Rik,0,1,0,0
4930588K23Rik,0,0,0,0
4930589L23Rik,0,0,2,0
4930589P08Rik,7,34,16,10
4930590J08Rik,5,25,15,7
4930590L14Rik,0,0,0,0
4930590L20Rik,0,0,0,0
4930591A17Rik,0,0,0,0
4930593A02Rik,0,1,0,0
4930593C16Rik,0,1,1,1
4930594M17Rik,0,0,0,0
4930594O21Rik,0,0,0,0
4930595D18Rik,0,0,1,0
4930595M18Rik,0,0,0,0
4930596D02Rik,0,0,0,0
4930597A21Rik,0,0,0,0
4930598A11Rik,1,6,1,1
4930598F16Rik,0,0,0,0
4930599A14Rik,0,0,0,0
4930599N23Rik,0,5,3,2
4931400O07Rik,0,0,0,0
4931403G20Rik,7,18,8,2
4931403M11Rik,0,0,0,0
4931406B18Rik,0,0,0,1
4931406C07Rik,47,82,32,10
4931406P16Rik,84,313,111,61
4931408C20Rik,0,0,0,0
4931409K22Rik,4,13,3,2
4931413I07Rik,0,0,0,0
4931414P19Rik,1,7,4,0
4931417E11Rik,0,0,0,0
4931419H13Rik,0,0,0,0
4931422A03Rik,1,3,3,0
4931423N10Rik,5,7,6,3
4931428F04Rik,52,179,66,44
4931428L18Rik,0,0,0,0
4931429I11Rik,0,1,2,0
4931429L15Rik,3,8,3,2
4931429P17Rik,0,0,0,0
4931431C16Rik,1,0,1,0
4931431F19Rik,0,0,0,0
4931440F15Rik,44,86,47,25
4931440J10Rik,0,0,1,0
4932411K12Rik,0,1,0,0
4932411N23Rik,0,0,0,0
4932413F04Rik,2,1,4,4
4932414J04Rik,0,0,0,0
4932414N04Rik,0,0,0,0
4932415D10Rik,0,0,0,0
4932415M13Rik,0,0,0,0
4932422M17Rik,34,120,33,19
4932429P05Rik,0,0,0,0
4932430I15Rik,3,10,2,8
4932435O22Rik,1,3,1,1
4932438A13Rik,474,1361,615,317
4932438H23Rik,15,25,10,11
4932443I19Rik,15,23,15,9
4932443L11Rik,1,3,2,0
4932702P03Rik,2,7,3,4
4933400A11Rik,0,0,0,0
4933400C23Rik,0,1,0,0
4933402C06Rik,0,1,0,0
4933402D24Rik,0,2,0,1
4933402E13Rik,0,0,0,0
4933402J07Rik,0,0,0,0
4933402J10Rik,0,0,0,0
4933402N03Rik,0,0,0,0
4933402N22Rik,0,0,0,0
4933402P03Rik,0,0,0,0
4933403O08Rik,0,0,0,0
4933404I11Rik,0,0,0,0
4933404K08Rik,0,1,1,0
4933404O12Rik,18,37,15,8
4933405D12Rik,6,10,7,4
4933405E24Rik,0,0,0,0
4933405L10Rik,11,22,10,3
4933405O20Rik,0,0,0,0
4933406C10Rik,36,103,44,18
4933406D12Rik,0,0,0,0
4933406G16Rik,0,1,0,0
4933406I18Rik,23,47,27,13
4933406J08Rik,0,0,0,0
4933406J10Rik,0,0,3,1
4933406K04Rik,0,0,0,0
4933406M09Rik,0,0,0,0
4933406P04Rik,1,4,2,2
4933407E24Rik,1,1,2,3
4933407I08Rik,0,0,0,0
4933407L21Rik,8,32,18,9
4933408A14Rik,0,0,0,0
4933408B17Rik,20,60,32,14
4933408J17Rik,0,3,1,2
4933408N05Rik,2,1,0,0
4933409D19Rik,0,0,0,0
4933409G03Rik,0,0,0,0
4933411E06Rik,2,8,9,13
4933411G06Rik,0,0,0,0
4933411K16Rik,0,0,0,0
4933411O13Rik,15,34,12,15
4933412E24Rik,0,0,0,0
4933413G19Rik,5,6,3,0
4933413J09Rik,2,0,2,1
4933413L06Rik,3,12,8,11
4933414I15Rik,0,0,0,0
4933415A04Rik,6,6,5,8
4933415F23Rik,0,0,0,0
4933416C03Rik,4,1,3,0
4933416M07Rik,0,0,0,1
4933417A18Rik,0,0,0,0
4933417D19Rik,2,2,3,1
4933417E11Rik,0,0,0,0
4933417O13Rik,0,1,0,0
4933421I07Rik,0,0,1,0
4933423P22Rik,49,134,71,46
4933424G06Rik,1,4,3,1
4933424H11Rik,0,0,0,0
4933424L21Rik,1,1,0,0
4933424M12Rik,0,1,1,0
4933425L06Rik,0,1,0,1
4933426K07Rik,1,3,2,2
4933427D06Rik,0,0,0,0
4933427D14Rik,65,220,95,42
4933427E11Rik,1,0,1,0
4933427E13Rik,0,0,0,0
4933427G17Rik,15,15,5,11
4933427I04Rik,1,0,0,0
4933427I22Rik,0,2,0,0
4933427J07Rik,1,4,0,0
4933428C19Rik,0,2,0,1
4933428G20Rik,2,3,3,1
4933428M09Rik,0,0,0,0
4933428P19Rik,3,13,4,2
4933429H19Rik,2,9,2,2
4933430I17Rik,0,1,1,1
4933430M04Rik,0,2,2,1
4933431E20Rik,129,229,113,65
4933431M02Rik,0,0,0,0
4933433C11Rik,0,2,0,0
4933433F19Rik,0,0,0,0
4933433G15Rik,2,7,2,3
4933434E20Rik,490,1195,584,351
4933434M16Rik,4,2,0,0
4933435F18Rik,0,0,1,2
4933436E23Rik,0,0,0,0
4933436I01Rik,0,0,0,0
4933436I20Rik,0,1,0,1
4933438A12Rik,0,0,0,0
4933438B17Rik,0,1,0,0
4933438K21Rik,4,7,3,2
4933439J24Rik,0,0,0,0
4933440J02Rik,0,0,0,0
4933440M02Rik,1,0,2,0
5031410I06Rik,0,0,0,0
5031414D18Rik,0,4,1,1
5031415H12Rik,10,31,16,12
5031425E22Rik,262,740,313,170
5031425F14Rik,0,2,1,2
5031434C07Rik,0,0,0,0
5031439G07Rik,314,1008,411,240
5033403F01Rik,1,7,5,1
5033417F24Rik,11,24,8,3
5033426O07Rik,0,16,5,7
5033428I22Rik,0,0,0,0
5033430I15Rik,13,51,26,8
5330416C01Rik,5,44,16,4
5330417C22Rik,454,1937,712,387
5330417H12Rik,0,0,0,0
5330426L24Rik,0,0,0,0
5330429C05Rik,13,8,5,5
5330434G04Rik,1065,2727,1194,796
5330438I03Rik,0,3,0,0
5330439A09Rik,0,2,0,0
5330439B14Rik,0,0,0,0
5330439K02Rik,70,208,91,52
5430401F13Rik,1,3,1,1
5430402E10Rik,0,0,0,0
5430402O13Rik,5,10,3,1
5430403G16Rik,42,131,59,48
5430416N02Rik,32,62,37,21
5430416O09Rik,5,12,7,0
5430419D17Rik,0,0,0,0
5430421N21Rik,1,0,0,0
5430427M07Rik,0,0,0,0
5430427N15Rik,0,2,1,0
5430427O19Rik,2,2,0,1
5430434I15Rik,0,0,0,0
5530400C23Rik,0,0,0,0
5530401A14Rik,23,92,47,16
5730403I07Rik,1,1,0,0
5730409E04Rik,62,150,76,60
5730419F03Rik,0,3,0,0
5730420D15Rik,3,4,1,3
5730422E09Rik,4,15,9,1
5730437C11Rik,0,0,0,0
5730455P16Rik,114,262,129,66
5730460C07Rik,0,1,0,0
5730507C01Rik,0,0,1,1
5730508B09Rik,5,70,12,9
5730522E02Rik,43,83,37,27
5730559C18Rik,7,12,6,4
5730596B20Rik,0,0,0,0
5830405F06Rik,0,0,0,0
5830411N06Rik,1,0,0,1
5830416I19Rik,1,16,4,2
5830432E09Rik,2,3,0,1
5830454E08Rik,29,121,56,13
5830468F06Rik,1,0,2,3
5830473C10Rik,0,0,0,0
5930412G12Rik,1,7,2,2
5930422O12Rik,6,19,7,4
5930430L01Rik,143,331,137,111
6030407O03Rik,1,2,1,0
6030408B16Rik,3,6,1,0
6030419C18Rik,90,155,59,44
6030442E23Rik,0,0,0,0
6030443J06Rik,15,42,19,10
6030445D17Rik,5,6,6,1
6030452D12Rik,0,0,0,0
6030458C11Rik,92,183,89,30
6030468B19Rik,0,2,0,0
6030469F06Rik,0,0,0,0
6030471H07Rik,0,0,0,0
6030498E09Rik,1,0,1,0
6230400D17Rik,11,44,15,9
6330403A02Rik,273,308,193,145
6330403K07Rik,499,1730,650,314
6330403L08Rik,13,17,25,5
6330403N20Rik,4,12,9,3
6330408A02Rik,23,63,24,21
6330409D20Rik,2,4,2,1
6330410L21Rik,0,0,0,0
6330416G13Rik,31,69,41,11
6330418K02Rik,12,35,13,11
6330562C20Rik,24,42,24,13
6430503K07Rik,6,17,9,4
6430531B16Rik,18,48,22,18
6430548M08Rik,92,185,131,38
6430550D23Rik,11,50,14,14
6430562O15Rik,9,28,9,9
6430571L13Rik,7,17,7,7
6430573F11Rik,15,40,23,22
6430573P05Rik,4,14,0,1
6430584L05Rik,0,11,4,2
6430628N08Rik,1,13,5,1
6430710C18Rik,0,1,1,0
6530403H02Rik,65,169,91,31
6530409C15Rik,37,113,40,26
6530411M01Rik,3,2,0,0
6720427I07Rik,152,553,188,114
6720483E21Rik,16,38,27,13
6720489N17Rik,12,53,15,4
6820408C15Rik,4,14,9,3
7330404K18Rik,0,1,0,0
7420426K07Rik,0,0,0,0
7420461P10Rik,0,0,0,0
7530416G11Rik,1,2,0,1
7630403G23Rik,8,11,6,1
8030411F24Rik,0,0,0,0
8030423F21Rik,1,1,0,1
8030423J24Rik,1,0,0,1
8030442B05Rik,0,0,0,0
8030443G20Rik,12,20,16,2
8030462N17Rik,6,13,8,4
8030474K03Rik,2,2,0,1
8430408G22Rik,3,16,4,0
8430423G03Rik,0,0,0,0
8430432A02Rik,13,18,15,2
8430436N08Rik,0,3,0,0
8430437L04Rik,0,0,0,0
9030204H09Rik,2,0,0,0
9030407P20Rik,11,25,17,10
9030612E09Rik,24,54,32,15
9030616G12Rik,0,0,0,0
9030617O03Rik,12,27,7,7
9030622O22Rik,0,0,0,0
9030624G23Rik,2,3,1,1
9030624J02Rik,264,601,264,170
9130008F23Rik,1,1,1,1
9130011E15Rik,17,34,16,10
9130015L21Rik,0,0,0,0
9130019O22Rik,3,11,3,2
9130023H24Rik,3,8,2,2
9130204K15Rik,1,0,0,0
9130204L05Rik,0,0,0,0
9130213A22Rik,2,11,2,6
9130221H12Rik,6,18,9,4
9130227L01Rik,0,5,3,0
9130230L23Rik,3,2,1,2
9130401M01Rik,78,237,82,39
9130409I23Rik,1,0,0,0
9130409J20Rik,0,0,0,0
9130410C08Rik,1,1,0,0
9130604C24Rik,8,28,5,1
9230009I02Rik,0,5,4,1
9230019H11Rik,0,0,0,0
9230020A06Rik,0,0,0,0
9230102O04Rik,0,0,0,0
9230104L09Rik,0,0,0,0
9230104M06Rik,0,3,1,0
9230105E05Rik,0,0,0,0
9230106D20Rik,0,0,0,0
9230109A22Rik,0,0,0,0
9230110C19Rik,27,84,21,15
9230110F15Rik,0,0,0,0
9230111E07Rik,2,1,1,2
9230112D13Rik,0,1,0,0
9230113P08Rik,13,12,12,6
9230114J08Rik,0,0,0,0
9230117E06Rik,1,0,0,0
9330020H09Rik,77,274,71,40
9330102E08Rik,4,16,12,11
9330104G04Rik,51,142,42,37
9330111N05Rik,2,6,6,1
9330121J05Rik,3,7,2,3
9330136K24Rik,34,93,51,36
9330151L19Rik,326,777,381,219
9330154K18Rik,1,1,0,1
9330158H04Rik,8,34,12,5
9330159F19Rik,180,520,251,170
9330160F10Rik,126,293,127,83
9330161L09Rik,0,0,0,1
9330162B11Rik,0,0,0,0
9330171B17Rik,2,10,2,2
9330175E14Rik,1,1,0,1
9330175M20Rik,1,3,2,2
9330178D15Rik,0,1,0,0
9330179D12Rik,6,25,2,7
9330182L06Rik,62,229,127,41
9330182O14Rik,0,0,0,0
9330185C12Rik,17,16,10,20
9330198N18Rik,0,0,2,3
9430002A10Rik,1,3,0,1
9430007A20Rik,0,2,0,0
9430015G10Rik,73,173,81,41
9430016H08Rik,133,343,120,89
9430018G01Rik,0,1,1,0
9430020K01Rik,42,204,57,12
9430024E24Rik,0,0,0,0
9430037G07Rik,6,16,5,6
9430038I01Rik,30,86,45,9
9430041J12Rik,12,80,36,11
9430060I03Rik,34,111,39,14
9430065F17Rik,40,86,43,32
9430069I07Rik,0,0,0,0
9430073C21Rik,0,1,0,0
9430093N23Rik,0,0,1,1
9430097D07Rik,3,23,5,3
9430098F02Rik,6,14,12,3
9530002B09Rik,0,0,0,0
9530003J23Rik,0,0,0,0
9530026F06Rik,0,0,0,0
9530026P05Rik,14,30,12,9
9530027J09Rik,0,0,1,1
9530034A14Rik,0,0,0,0
9530034E10Rik,285,685,311,224
9530036M11Rik,1,0,0,1
9530036O11Rik,27,119,79,20
9530046B11Rik,51,31,13,39
9530052C20Rik,1,2,1,2
9530052E02Rik,16,37,27,11
9530053A07Rik,0,0,0,0
9530059O14Rik,1962,3893,1857,985
9530068E07Rik,351,883,333,188
9530077C05Rik,87,172,76,64
9530082P21Rik,81,192,104,50
9530085P06Rik,0,0,0,0
9630001P10Rik,9,52,17,11
9630013K17Rik,1,1,1,1
9630028B13Rik,6,7,4,2
9630028H03Rik,1,4,2,1
9630041A04Rik,2,2,0,0
9830004L10Rik,0,1,0,0
9830107B12Rik,0,0,0,0
9830132P13Rik,0,0,0,0
9830147E19Rik,10,26,14,4
9930004E17Rik,0,1,3,0
9930012K11Rik,10,81,26,8
9930021J03Rik,134,293,139,70
9930022D16Rik,0,0,0,0
9930038B18Rik,1,1,0,0
9930111H07Rik,0,0,0,0
9930111J21Rik1,0,0,0,0
9930111J21Rik2,10,10,11,5
A130010J15Rik,46,97,52,39
A130014A01Rik,98,237,111,63
A130030D18Rik,0,1,1,1
A130051J06Rik,0,9,3,6
A130057D12Rik,3,5,3,4
A1bg,0,0,0,0
A1cf,0,0,0,0
A230001M10Rik,1,8,2,5
A230005M16Rik,0,11,2,3
A230006K03Rik,262,958,387,250
A230009B12Rik,3,11,4,4
A230020J21Rik,0,0,0,1
A230028O05Rik,3,0,0,0
A230046K03Rik,117,216,120,54
A230050P20Rik,1200,2666,1442,915
A230052G05Rik,1,2,1,0
A230060F14Rik,4,5,0,0
A230065H16Rik,12,15,7,9
A230065N10Rik,3,23,8,5
A230072E10Rik,36,61,30,23
A230072I06Rik,0,1,0,0
A230077H06Rik,35,57,27,26
A230083G16Rik,5,10,4,2
A230083N12Rik,1,5,3,4
A230087F16Rik,59,229,99,52
A230107N01Rik,43,134,53,30
A230108P19Rik,0,0,0,0
A2m,29,22,20,7
A330008L17Rik,81,137,47,44
A330009N23Rik,20,67,28,13
A330015K06Rik,26,30,17,13
A330017A19Rik,560,1498,637,392
A330032B11Rik,6,22,12,7
A330033J07Rik,1,3,2,0
A330041J22Rik,8,26,9,13
A330043C09Rik,0,0,0,0
A330048O09Rik,7,17,4,4
A330050F15Rik,63,87,28,48
A330069E16Rik,109,310,137,62
A330069K06Rik,6,25,12,6
A330070K13Rik,6,9,9,2
A330074K22Rik,1,3,1,1
A330087D11Rik,0,0,0,0
A330093E20Rik,1,6,0,2
A330094K24Rik,0,2,0,0
A330102I10Rik,48,101,58,23
A3galt2,1,0,0,0
A430005L14Rik,47,137,59,23
A430027H14Rik,79,283,105,58
A430033K04Rik,55,117,64,38
A430034D21Rik,0,0,0,1
A430046D13Rik,42,99,50,16
A430048G15Rik,0,0,0,0
A430073D23Rik,13,20,6,11
A430078G23Rik,0,0,0,0
A430078I02Rik,2,8,1,1
A430105I19Rik,13,33,17,8
A430105J06Rik,60,112,59,43
A430106G13Rik,128,321,140,124
A430110L20Rik,9,17,5,3
A4galt,5,14,7,1
A4gnt,0,1,0,0
A530006G24Rik,0,0,0,0
A530010F05Rik,0,0,0,0
A530013C23Rik,5,5,0,0
A530016L24Rik,0,1,1,1
A530017D24Rik,47,133,65,35
A530020G20Rik,0,0,0,1
A530021J07Rik,0,0,2,0
A530032D15Rik,1,0,0,0
A530040E14Rik,1,2,1,0
A530053M12Rik,0,0,1,0
A530064D06Rik,0,0,0,0
A530076I17Rik,0,1,0,0
A530083I20Rik,6,21,4,2
A530084C06Rik,0,3,2,0
A530095I07Rik,1,4,2,0
A530099J19Rik,0,0,0,0
A630001G21Rik,4,4,2,0
A630010A05Rik,0,0,0,0
A630012P03Rik,0,0,0,0
A630014C17Rik,0,0,0,0
A630023A22Rik,0,0,0,0
A630023P12Rik,12,18,16,9
A630031M04Rik,0,1,0,0
A630033H20Rik,1,5,0,1
A630050E04Rik,0,0,0,0
A630072L19Rik,1,2,0,1
A630072M18Rik,77,198,63,61
A630073D07Rik,0,0,0,0
A630075F10Rik,0,0,0,0
A630076J17Rik,0,0,0,0
A630077J23Rik,3,4,2,1
A630091E08Rik,0,0,0,0
A630095E13Rik,0,0,0,0
A630095N17Rik,0,0,0,0
A730004F24Rik,0,0,0,0
A730011C13Rik,5,16,4,5
A730015C16Rik,2,11,4,4
A730017C20Rik,108,295,118,59
A730018C14Rik,2,0,1,2
A730020M07Rik,2,3,1,1
A730032A03Rik,0,1,0,0
A730035I17Rik,4,7,8,5
A730036I17Rik,3,6,0,1
A730045E13Rik,3,6,2,1
A730046J19Rik,1,2,2,0
A730049H05Rik,3,4,2,4
A730056A06Rik,4,8,4,2
A730061H03Rik,0,1,0,0
A730071L15Rik,6,34,12,11
A730090N16Rik,6,3,3,2
A730098A19Rik,3,14,7,2
A830005F24Rik,2,7,1,1
A830008E24Rik,2,14,4,4
A830009L08Rik,1,46,15,2
A830010M20Rik,43,199,74,29
A830011K09Rik,19,38,15,5
A830018L16Rik,1126,3155,1196,773
A830019L24Rik,1,18,5,1
A830019P07Rik,7,19,9,2
A830029E22Rik,0,18,6,0
A830031A19Rik,3,9,8,4
A830036E02Rik,168,984,463,116
A830039N20Rik,558,2060,875,429
A830052D11Rik,4,9,7,2
A830080D01Rik,53,167,69,33
A830082K12Rik,144,633,303,161
A830092H15Rik,58,183,72,36
A930001A20Rik,1,3,0,1
A930002H24Rik,0,1,0,0
A930002I21Rik,0,0,0,0
A930003A15Rik,0,6,5,0
A930003O13Rik,7,21,9,10
A930004D18Rik,11,24,7,4
A930006I01Rik,0,0,0,0
A930006L05Rik,9,32,12,6
A930007I19Rik,5,13,10,4
A930009A15Rik,2,14,4,4
A930011G23Rik,222,1273,629,168
A930012L18Rik,10,43,13,9
A930014E10Rik,0,0,0,0
A930015D03Rik,8,26,14,4
A930016O22Rik,13,69,30,6
A930017K11Rik,3,1,1,0
A930018M24Rik,11,34,17,8
A930018P22Rik,0,1,0,0
A930019D19Rik,0,4,3,0
A930024E05Rik,50,60,34,26
A930024N18Rik,7,7,5,3
A930029G22Rik,30,71,32,23
A930031H19Rik,0,0,0,0
A930033H14Rik,35,159,68,43
A930038B10Rik,1,1,1,0
A930041C12Rik,2,3,2,1
A930104D05Rik,0,0,0,0
AA386476,38,98,35,27
AA387200,0,0,1,1
AA415398,27,58,29,26
AA467197,5,18,4,3
AA474331,28,55,32,20
AA474408,28,49,30,23
AA543186,4,11,5,7
AA545190,0,0,0,0
AA645442,0,0,0,0
AA672651,0,1,0,1
AA792892,0,0,1,0
AA986860,3,11,3,0
AB041806,30,128,69,25
AB124611,2,5,3,0
AC087559.2,0,0,0,0
AC087559.3,0,0,0,0
AC102264.1,0,0,0,0
AC123873.1,0,0,0,0
AC123873.2,0,0,0,0
AC123873.3,0,0,0,0
AC124606.1,0,0,0,0
AC124606.2,0,0,0,0
AC125149.1,0,0,0,0
AC125149.2,0,0,0,0
AC125149.3,0,0,1,0
AC125149.4,0,0,0,0
AC125149.5,0,0,0,0
AC125178.1,0,0,0,0
AC125178.2,0,0,0,0
AC125178.3,0,0,0,0
AC126035.1,0,0,0,0
AC132444.1,0,0,0,0
AC132444.2,0,0,0,0
AC132444.3,0,0,0,0
AC132444.4,0,0,0,0
AC132444.5,0,0,0,0
AC132444.6,0,2,2,1
AC133095.1,0,0,0,0
AC133095.2,0,0,0,0
AC133103.1,0,0,0,0
AC133103.3,0,0,0,0
AC133103.4,0,0,0,0
AC133103.5,0,0,0,0
AC133103.6,0,0,0,0
AC133103.7,0,0,0,0
AC140325.1,0,0,0,0
AC140325.2,0,0,0,0
AC140325.3,0,0,0,0
AC140325.4,0,0,0,0
AC140365.1,0,0,0,0
AC151602.1,0,0,0,0
AC151602.2,0,0,0,0
AC163611.1,0,0,0,0
AC163611.2,0,0,0,0
AC164084.1,0,0,0,0
AC164084.2,0,0,0,0
AC164084.3,0,0,0,0
AC165294.1,0,0,0,0
AC165294.2,0,0,0,0
AC165294.3,0,0,0,0
AC168977.1,4,1,3,2
AC168977.2,0,0,0,0
AC234645.1,0,0,0,0
AF067061,0,0,0,0
AF067063,0,0,0,0
AF251705,33,75,36,4
AF366264,0,0,0,0
AF529169,6,7,11,1
AI115009,11,20,10,11
AI182371,0,1,0,0
AI314180,572,1460,739,365
AI317395,3,11,5,1
AI413582,219,650,266,112
AI427809,0,1,0,0
AI429214,1,5,2,0
AI464131,44,131,68,65
AI467606,3,27,10,0
AI480526,504,1404,611,380
AI481877,0,0,0,0
AI504432,58,213,89,31
AI507597,1,0,1,0
AI593442,520,1239,489,300
AI597479,26,70,31,12
AI606181,14,18,16,9
AI607873,2,1,1,0
AI646519,0,0,0,0
AI661453,2,2,1,0
AI662270,5,5,4,2
AI837181,50,126,41,34
AI838599,2,8,1,14
AI839979,8,11,8,3
AI846148,40,116,64,46
AI847159,1,4,0,0
AI849053,29,113,34,35
AI854517,121,513,249,99
AI854703,24,63,32,12
AI987944,71,140,61,38
AK010878,130,282,147,128
AK157302,1,0,1,0
AU015836,0,0,0,0
AU016765,0,0,0,0
AU018091,0,0,0,0
AU019823,61,191,88,44
AU019990,1,3,1,0
AU020206,8,11,11,3
AU021092,21,56,20,5
AU022252,66,149,85,62
AU022751,1,3,2,0
AU022754,5,11,3,3
AU023070,0,0,0,0
AU040320,220,547,208,122
AU040972,0,6,3,0
AU041133,47,141,41,44
AV064505,0,0,0,0
AV099323,11,19,7,6
AV320801,0,0,0,0
AW011738,3,8,3,1
AW112010,30,69,30,3
AW121686,1,0,1,1
AW146154,48,87,43,19
AW209491,85,371,124,83
AW495222,2,13,3,2
AW549877,62,187,81,39
AW551984,11,35,24,3
AW554918,26,102,46,31
AW822073,0,0,0,0
AY036118,312,780,560,510
AY074887,22,37,20,19
AY358078,0,0,0,0
AY702103,0,0,0,0
AY761184,0,0,0,0
AY761185,1,0,0,0
Aaas,56,122,60,29
Aacs,97,181,94,69
Aadac,0,0,0,0
Aadacl2,0,0,0,0
Aadacl3,0,0,0,0
Aadat,0,0,1,0
Aaed1,8,31,16,10
Aagab,205,485,145,138
Aak1,440,1103,517,274
Aamdc,154,324,109,81
Aamp,270,743,368,241
Aanat,2,16,14,6
Aar2,74,181,73,47
Aard,12,40,13,10
Aars,199,506,234,126
Aars2,114,242,137,76
Aarsd1,272,859,325,231
Aasdh,81,194,91,56
Aasdhppt,69,178,91,41
Aass,1,6,6,3
Aatf,192,513,253,157
Aatk,453,781,479,297
Abat,77,169,91,35
Abca1,153,248,134,71
Abca12,1,2,2,2
Abca13,1,0,0,0
Abca14,0,2,2,0
Abca15,0,0,0,0
Abca16,0,0,0,0
Abca17,1,14,1,1
Abca2,734,1801,765,449
Abca3,394,930,524,245
Abca4,8,16,14,4
Abca5,362,913,419,300
Abca6,3,22,16,12
Abca7,91,231,143,58
Abca8a,54,69,42,21
Abca8b,106,251,119,93
Abca9,4,16,9,3
Abcb10,62,137,82,48
Abcb11,1,1,1,0
Abcb1a,57,152,71,11
Abcb1b,51,93,55,21
Abcb4,57,137,69,31
Abcb5,1,0,1,1
Abcb6,167,332,215,110
Abcb7,28,76,29,9
Abcb8,186,484,215,140
Abcb9,246,1037,522,230
Abcc1,75,225,103,47
Abcc10,114,337,156,76
Abcc12,0,5,3,1
Abcc2,0,3,3,0
Abcc3,5,20,7,3
Abcc4,25,59,28,19
Abcc5,585,1509,739,486
Abcc6,2,4,2,1
Abcc8,159,293,143,118
Abcc9,15,34,25,0
Abcd1,24,88,46,14
Abcd2,31,140,53,21
Abcd3,209,579,257,167
Abcd4,214,377,204,166
Abce1,79,208,80,51
Abcf1,164,423,215,103
Abcf2,71,209,85,73
Abcf3,154,342,189,121
Abcg1,172,367,162,124
Abcg2,121,374,174,79
Abcg3,0,2,1,0
Abcg4,188,413,200,143
Abcg5,0,0,0,0
Abcg8,0,0,1,0
Abhd10,46,162,67,28
Abhd11,258,753,329,185
Abhd11os,12,69,22,0
Abhd12,1090,2452,1054,698
Abhd12b,0,3,3,0
Abhd13,87,220,91,46
Abhd14a,209,582,220,90
Abhd14b,539,1526,622,427
Abhd15,2,2,1,1
Abhd16a,837,2475,1011,756
Abhd16b,0,0,0,0
Abhd17a,124,292,183,76
Abhd17b,107,248,87,79
Abhd17c,83,126,46,40
Abhd18,505,1578,696,382
Abhd2,325,1108,463,352
Abhd3,290,617,293,230
Abhd4,32,52,38,6
Abhd5,16,54,20,13
Abhd6,317,817,358,249
Abhd8,191,437,245,121
Abi1,249,447,229,157
Abi2,639,1868,787,395
Abi3,11,20,16,0
Abi3bp,18,796,293,32
Abl1,45,113,66,34
Abl2,69,175,101,44
Ablim1,125,508,263,66
Ablim2,425,1464,704,234
Ablim3,32,93,43,19
Abo,0,0,0,0
Abr,1206,2120,1080,761
Abra,4,19,5,1
Abracl,75,229,86,48
Abt1,22,62,21,14
Abtb1,647,1253,722,787
Abtb2,2,14,12,2
Acaa1a,184,476,295,206
Acaa1b,8,13,8,14
Acaa2,38,70,39,17
Acaca,307,794,361,191
Acacb,12,12,5,7
Acad10,14,41,20,8
Acad11,82,197,88,47
Acad12,54,201,89,46
Acad8,96,222,96,65
Acad9,60,121,68,52
Acadl,40,78,32,19
Acadm,68,134,53,28
Acads,33,77,46,28
Acadsb,114,263,110,69
Acadvl,490,1180,558,313
Acan,18,30,14,9
Acap1,0,0,1,0
Acap2,275,662,285,153
Acap3,148,318,190,103
Acat1,110,365,135,62
Acat2,48,131,78,29
Acat3,7,10,11,1
Acbd3,39,121,54,31
Acbd4,250,699,281,243
Acbd5,74,155,58,31
Acbd6,114,285,146,65
Acbd7,2,3,5,3
Accs,18,45,23,12
Accsl,1,6,1,2
Acd,269,700,365,197
Ace,32,67,25,33
Ace2,1,5,4,0
Ace3,0,0,0,0
Acer1,0,0,0,0
Acer2,22,77,25,10
Acer3,194,384,206,172
Ache,340,1009,505,308
Acin1,331,847,393,215
Ackr1,112,420,163,57
Ackr2,6,20,4,7
Ackr3,42,54,49,35
Ackr4,3,2,3,1
Acly,78,226,126,67
Acmsd,0,2,2,0
Acnat1,0,0,0,2
Acnat2,3,5,1,0
Aco1,21,75,34,22
Aco2,557,975,621,352
Acot1,20,43,12,5
Acot10,1,2,0,0
Acot11,23,21,12,7
Acot12,1,0,0,2
Acot13,152,322,139,75
Acot2,51,67,28,29
Acot3,0,2,0,2
Acot4,3,10,3,5
Acot5,16,26,7,5
Acot6,11,20,6,7
Acot7,172,348,170,85
Acot8,67,164,83,35
Acot9,45,141,60,23
Acox1,162,456,236,157
Acox2,1,0,0,1
Acox3,93,276,102,86
Acoxl,1,2,1,0
Acp1,11623,26926,12598,9333
Acp2,235,688,279,169
Acp5,4,4,3,1
Acp6,232,537,271,177
Acpp,2,5,2,0
Acpt,1,0,0,1
Acr,11,35,16,12
Acrbp,122,332,143,106
Acrv1,0,1,1,0
Acsbg1,96,169,87,60
Acsbg2,0,0,0,0
Acsf2,15,21,16,3
Acsf3,17,40,24,13
Acsl1,78,264,111,47
Acsl3,571,1540,678,410
Acsl4,74,199,108,53
Acsl5,231,566,239,181
Acsl6,633,1722,761,470
Acsm1,0,0,0,0
Acsm2,0,0,0,0
Acsm3,1,2,0,1
Acsm4,0,1,0,0
Acsm5,0,0,2,2
Acss1,39,80,38,29
Acss2,156,339,207,112
Acss2os,0,1,0,0
Acss3,1,3,1,4
Acta1,61,320,87,44
Acta2,32,471,14,45
Actb,1650,3910,1596,833
Actbl2,0,0,0,0
Actc1,0,0,0,0
Actg1,872,2067,946,510
Actg2,0,12,0,1
Actl10,0,2,2,0
Actl11,0,0,0,0
Actl6a,338,976,407,210
Actl6b,1100,2473,1218,827
Actl7a,0,0,0,0
Actl7b,0,0,0,0
Actl9,1,0,0,0
Actn1,348,817,403,187
Actn2,42,96,42,16
Actn3,6,6,5,1
Actn4,293,915,417,180
Actr10,141,404,143,97
Actr1a,81,225,104,64
Actr1b,890,2257,1132,612
Actr2,561,1269,570,458
Actr3,232,377,161,128
Actr3b,200,450,189,128
Actr5,76,265,91,65
Actr6,55,153,65,43
Actr8,112,289,152,94
Actrt1,0,0,0,0
Actrt2,0,0,0,0
Actrt3,2,6,6,2
Acvr1,92,144,67,64
Acvr1b,327,837,336,207
Acvr1c,123,288,112,51
Acvr2a,67,197,83,46
Acvr2b,36,128,50,23
Acvrl1,43,144,58,7
Acy1,42,132,48,14
Acy3,1,9,10,2
Acyp1,103,307,117,58
Acyp2,52,133,61,30
Ada,0,4,1,2
Adad1,0,0,0,0
Adad2,9,19,9,3
Adal,33,89,30,28
Adam10,232,499,201,110
Adam11,742,1136,599,561
Adam12,13,27,15,11
Adam15,658,1173,616,448
Adam17,35,99,56,29
Adam18,2,6,2,2
Adam19,36,104,32,29
Adam1a,0,2,1,0
Adam1b,2,0,1,0
Adam2,0,0,0,0
Adam20,0,0,0,0
Adam21,2,5,1,1
Adam22,400,1180,568,318
Adam23,349,1145,524,299
Adam24,0,0,0,0
Adam25,0,0,0,0
Adam26a,0,0,0,0
Adam26b,0,0,0,0
Adam28,38,73,53,98
Adam29,0,1,0,0
Adam3,0,0,0,0
Adam30,0,0,0,0
Adam32,3,5,1,2
Adam33,57,1083,472,26
Adam34,0,1,0,0
Adam39,0,0,0,0
Adam4,5,6,5,2
Adam5,0,2,1,0
Adam6a,0,0,0,0
Adam6b,0,0,0,0
Adam7,0,1,0,1
Adam8,48,66,47,30
Adam9,215,511,211,150
Adamdec1,0,0,0,0
Adamts1,48,71,24,26
Adamts10,101,251,147,62
Adamts12,0,4,0,0
Adamts13,0,7,6,1
Adamts14,6,1,0,0
Adamts15,13,37,23,9
Adamts16,11,19,10,9
Adamts17,155,198,89,94
Adamts18,8,56,30,4
Adamts19,2,5,7,1
Adamts2,42,105,55,27
Adamts20,35,48,36,17
Adamts3,16,72,15,6
Adamts4,15,34,15,7
Adamts5,7,28,11,2
Adamts6,5,6,6,1
Adamts7,2,2,2,1
Adamts8,14,29,23,10
Adamts9,29,32,15,13
Adamtsl1,90,134,71,68
Adamtsl2,10,35,12,4
Adamtsl3,21,26,8,8
Adamtsl4,25,35,27,12
Adamtsl5,21,71,39,13
Adap1,150,456,248,128
Adap2,17,37,17,1
Adap2os,26,63,60,2
Adar,191,563,293,139
Adarb1,183,520,273,134
Adarb2,47,79,43,46
Adat1,114,267,145,82
Adat2,8,26,7,12
Adat3,5,4,4,2
Adck1,34,121,59,27
Adck2,94,179,134,98
Adck3,28,49,28,19
Adck4,132,347,153,109
Adck5,350,934,414,273
Adcy1,983,1288,622,525
Adcy10,93,218,96,142
Adcy2,317,738,344,237
Adcy3,345,767,416,243
Adcy4,8,12,7,1
Adcy5,114,910,372,85
Adcy6,86,208,93,76
Adcy7,13,44,25,7
Adcy8,98,232,120,71
Adcy9,238,434,173,160
Adcyap1,48,263,108,37
Adcyap1r1,463,780,462,308
Add1,157,418,208,93
Add2,320,648,324,213
Add3,137,199,101,62
Adgb,5,4,1,3
Adgra1,768,2471,960,594
Adgra2,25,77,36,12
Adgra3,37,83,48,36
Adgrb1,1222,3838,1947,976
Adgrb2,1532,2361,1204,947
Adgrb3,1411,3422,1601,1003
Adgrd1,7,29,14,10
Adgre1,17,30,15,3
Adgre4,0,0,0,0
Adgre5,15,64,32,12
Adgrf1,0,0,0,0
Adgrf2,0,2,0,0
Adgrf3,0,1,2,1
Adgrf4,7,12,11,3
Adgrf5,20,102,50,10
Adgrg1,121,335,167,89
Adgrg2,2,16,13,3
Adgrg3,0,2,2,2
Adgrg4,0,0,0,0
Adgrg5,1,0,0,0
Adgrg6,4,31,14,4
Adgrg7,0,0,0,0
Adgrl1,1264,3029,1475,842
Adgrl2,101,478,230,96
Adgrl3,916,2657,1315,760
Adgrl4,26,84,36,14
Adgrv1,3,21,9,8
Adh1,0,1,4,0
Adh4,0,0,0,0
Adh5,77,146,68,47
Adh6a,0,0,0,0
Adh7,0,4,0,0
Adhfe1,20,33,8,11
Adi1,14,46,16,10
Adig,0,0,0,0
Adipoq,1,1,0,1
Adipor1,196,495,235,134
Adipor2,75,297,126,63
Adk,109,171,103,44
Adm,30,106,60,15
Adm2,2,1,0,0
Adnp,1,8,4,0
Adnp2,10,39,28,9
Ado,31,94,40,34
Adora1,315,455,260,169
Adora2a,5,248,115,1
Adora2b,25,83,41,29
Adora3,10,18,6,0
Adpgk,82,198,91,77
Adprh,373,1261,444,327
Adprhl1,0,0,0,0
Adprhl2,257,700,315,164
Adprm,50,155,66,33
Adra1a,39,125,73,33
Adra1b,37,431,147,36
Adra1d,1,9,9,6
Adra2a,28,71,39,13
Adra2b,0,5,7,1
Adra2c,70,115,42,30
Adrb1,128,679,276,73
Adrb2,13,98,31,6
Adrb3,21,136,52,19
Adrbk1,84,207,92,50
Adrbk2,986,2831,1490,921
Adrm1,292,741,331,179
Adsl,83,255,136,86
Adss,240,640,319,181
Adssl1,46,120,68,28
Adtrp,1,5,2,0
Aebp1,148,372,209,59
Aebp2,132,385,166,76
Aen,38,99,33,31
Aes,360,812,420,211
Afap1,60,122,47,31
Afap1l1,23,106,56,14
Afap1l2,9,33,14,9
Aff1,13,38,17,13
Aff2,17,45,26,12
Aff3,45,80,43,23
Aff4,236,599,299,174
Afg3l1,457,1151,550,325
Afg3l2,140,396,139,108
Afm,0,1,0,1
Afmid,3,5,4,2
Afp,0,1,1,0
Aftph,85,220,95,50
Aga,90,271,91,75
Agap1,263,577,293,133
Agap2,101,166,92,66
Agap3,199,456,248,135
Agbl1,0,1,1,0
Agbl2,2,6,0,2
Agbl3,30,113,46,38
Agbl4,40,182,59,31
Agbl5,15,57,26,7
Ager,8,7,5,5
Agfg1,82,178,88,38
Agfg2,345,612,278,221
Aggf1,71,184,82,53
Agk,313,841,384,246
Agl,225,602,286,168
Agmat,3,50,19,5
Agmo,31,78,41,42
Ago1,152,314,140,89
Ago2,144,329,157,77
Ago3,180,466,237,111
Ago4,99,231,116,69
Agpat1,148,368,169,99
Agpat2,9,35,13,10
Agpat3,429,931,416,248
Agpat4,1288,2824,1117,999
Agpat5,291,741,339,227
Agpat9,31,127,56,42
Agps,75,175,99,45
Agr2,0,1,1,1
Agr3,0,0,0,0
Agrn,310,793,418,229
Agrp,0,5,4,1
Agt,93,258,134,132
Agtpbp1,185,470,238,110
Agtr1a,7,7,0,4
Agtr1b,1,4,1,2
Agtr2,12,17,10,4
Agtrap,31,60,35,9
Agxt,0,0,0,0
Agxt2,0,0,0,0
Ahctf1,362,937,414,246
Ahcy,4,13,4,2
Ahcyl1,419,1064,516,230
Ahcyl2,952,862,470,548
Ahdc1,112,281,126,93
Ahi1,2564,8795,3372,2086
Ahnak,64,133,63,16
Ahnak2,14,59,32,9
Ahr,102,309,128,85
Ahrr,2,5,0,1
Ahsa1,160,421,182,90
Ahsa2,115,212,108,45
Ahsg,0,0,0,0
Aicda,0,0,0,0
Aida,70,190,95,47
Aif1,50,41,46,7
Aif1l,13,25,14,6
Aifm1,131,339,154,75
Aifm2,9,34,16,16
Aifm3,517,1601,919,524
Aig1,967,2768,1235,681
Aim1,2,2,1,1
Aim1l,23,67,34,28
Aim2,19,15,2,4
Aimp1,230,628,274,170
Aimp2,55,195,89,45
Aip,80,210,108,41
Aipl1,1,1,0,0
Aire,4,4,0,6
Airn,9,23,6,5
Ajap1,121,333,139,54
Ajuba,4,8,1,2
Ak1,78,225,97,62
Ak2,380,1113,488,271
Ak3,34,87,42,25
Ak4,31,44,17,13
Ak5,177,299,116,95
Ak6,52,168,68,23
Ak7,2,4,0,1
Ak8,6,15,5,8
Ak9,2,1,0,1
Akap1,99,238,116,80
Akap10,62,186,79,42
Akap11,444,1036,415,264
Akap12,23,67,25,13
Akap13,319,331,173,158
Akap14,2,3,2,0
Akap17b,25,75,43,21
Akap2,5,10,10,5
Akap3,1,0,0,0
Akap4,0,0,0,0
Akap5,58,199,69,44
Akap6,114,450,194,53
Akap7,189,527,248,140
Akap8,163,438,229,147
Akap8l,1644,4741,2093,1474
Akap9,235,827,327,162
Akip1,11,28,14,2
Akirin1,133,304,145,136
Akirin2,39,170,88,27
Akna,9,8,8,1
Aknad1,2,0,0,0
Aknaos,0,0,0,0
Akp3,0,0,0,0
Akr1a1,314,692,322,169
Akr1b10,170,438,216,124
Akr1b3,120,314,130,65
Akr1b7,0,0,0,0
Akr1b8,2,1,1,0
Akr1c12,0,1,0,0
Akr1c13,3,3,0,0
Akr1c14,5,8,4,1
Akr1c18,4,10,6,4
Akr1c19,0,0,0,0
Akr1c20,0,0,0,0
Akr1c21,0,0,0,0
Akr1c6,0,0,0,0
Akr1cl,2,2,0,1
Akr1d1,0,0,0,0
Akr1e1,34,122,40,24
Akr7a5,63,165,64,24
Akt1,118,275,126,70
Akt1s1,128,302,133,78
Akt2,54,133,99,40
Akt3,42,122,43,24
Aktip,177,523,208,122
Alad,105,208,92,54
Alas1,94,223,118,70
Alas2,0,3,1,2
Alb,0,0,0,0
Alcam,501,1838,805,299
Aldh16a1,9,30,15,5
Aldh18a1,28,77,42,21
Aldh1a1,23,54,18,16
Aldh1a2,9,32,5,4
Aldh1a3,6,9,5,13
Aldh1a7,0,1,0,0
Aldh1b1,4,18,2,3
Aldh1l1,31,70,34,14
Aldh1l2,18,31,18,15
Aldh2,122,320,121,79
Aldh3a1,0,3,2,1
Aldh3a2,30,73,33,17
Aldh3b1,7,12,8,2
Aldh3b2,4,3,5,2
Aldh3b3,0,0,0,0
Aldh4a1,40,80,49,25
Aldh5a1,59,163,74,27
Aldh6a1,64,128,71,37
Aldh7a1,127,291,149,77
Aldh8a1,3,1,2,0
Aldh9a1,73,182,97,40
Aldoa,1316,2697,1362,767
Aldoart1,1,4,1,1
Aldoart2,3,0,0,0
Aldob,10,43,16,8
Aldoc,956,1366,749,274
Alg1,339,755,317,232
Alg10b,12,30,12,5
Alg11,114,321,118,116
Alg12,38,107,60,25
Alg13,29,59,43,18
Alg14,37,101,33,20
Alg2,454,1041,440,364
Alg3,183,455,181,133
Alg5,350,829,350,224
Alg6,137,398,187,112
Alg8,53,125,61,37
Alg9,73,207,73,63
Alk,4,18,9,2
Alkbh1,719,2060,754,511
Alkbh2,32,118,53,26
Alkbh3,48,127,54,23
Alkbh4,24,56,30,19
Alkbh5,54,131,60,43
Alkbh6,296,775,389,196
Alkbh7,63,166,63,35
Alkbh8,83,178,81,50
Allc,1,9,1,0
Alms1,63,242,119,64
Alox12,2,5,3,1
Alox12b,9,19,8,9
Alox12e,0,2,1,0
Alox15,0,0,0,1
Alox5,0,1,1,0
Alox5ap,19,70,19,6
Alox8,5,23,6,7
Aloxe3,106,179,86,76
Alpi,0,0,0,0
Alpk1,8,14,4,7
Alpk2,5,11,9,15
Alpk3,0,7,0,2
Alpl,10,57,21,8
Alppl2,0,0,0,0
Als2,104,199,92,61
Als2cl,8,31,13,9
Als2cr11,0,0,0,0
Als2cr12,0,0,0,0
Alx1,1,1,0,0
Alx3,2,9,8,4
Alx4,2,1,1,1
Alyref,8,41,18,10
Alyref2,38,87,30,33
Amacr,19,34,19,6
Ambn,0,0,0,0
Ambp,0,0,0,0
Ambra1,68,187,85,46
Amd1,617,1296,772,633
Amd2,12,24,23,11
Amdhd1,0,0,0,1
Amdhd2,100,257,104,97
Amelx,1,1,2,0
Amer1,46,171,72,58
Amer2,132,368,122,104
Amer3,21,31,13,14
Amfr,514,931,458,310
Amh,9,10,6,6
Amhr2,4,30,6,2
Amica1,1,10,7,2
Amigo1,175,455,207,122
Amigo2,34,39,9,17
Amigo3,2,4,4,5
Ammecr1,34,110,61,15
Ammecr1l,62,161,84,46
Amn,87,204,111,73
Amn1,623,1895,742,437
Amot,20,27,18,9
Amotl1,30,101,63,27
Amotl2,14,37,14,11
Ampd1,0,0,0,0
Ampd2,176,317,185,140
Ampd3,34,94,43,19
Amph,142,315,170,81
Amt,131,270,134,94
Amtn,0,0,0,0
Amy1,71,171,75,39
Amy2a1,0,0,0,0
Amy2a2,0,0,0,0
Amy2a3,0,0,0,0
Amy2a4,0,0,0,0
Amy2a5,0,0,0,0
Amz1,38,90,47,15
Amz2,221,617,254,187
Anapc1,244,559,293,154
Anapc10,50,172,80,49
Anapc11,248,726,282,169
Anapc13,173,423,196,76
Anapc15,96,266,104,61
Anapc15-ps,0,0,0,0
Anapc16,327,706,302,179
Anapc2,139,330,146,110
Anapc4,191,412,232,129
Anapc5,850,2455,1088,674
Anapc7,59,206,81,39
Ang,30,42,31,4
Ang2,0,0,0,0
Ang4,0,0,0,0
Ang5,0,0,0,0
Ang6,0,0,0,0
Angel1,15,37,15,12
Angel2,563,1569,730,364
Angpt1,27,51,21,6
Angpt2,70,184,80,46
Angpt4,0,1,1,0
Angptl1,11,60,12,18
Angptl2,11,45,27,13
Angptl3,2,5,3,0
Angptl4,6,33,16,5
Angptl6,41,111,50,20
Angptl7,15,31,9,8
Angptl8,0,0,0,0
Ank,459,1115,500,277
Ank1,32,135,62,26
Ank2,3357,8272,3841,2425
Ank3,1768,4175,2325,1373
Ankar,0,0,0,0
Ankdd1a,0,1,0,0
Ankdd1b,0,2,0,3
Ankef1,222,751,306,182
Ankfn1,1,7,1,0
Ankfy1,171,384,239,144
Ankhd1,202,440,229,114
Ankib1,79,281,152,81
Ankk1,1,2,0,0
Ankle1,5,4,4,2
Ankle2,123,297,135,89
Ankmy1,0,1,0,0
Ankmy2,37,89,51,25
Ankra2,293,915,357,218
Ankrd1,8,14,10,5
Ankrd10,140,335,160,72
Ankrd11,402,976,448,238
Ankrd12,684,2106,900,477
Ankrd13a,83,161,64,50
Ankrd13b,219,510,263,145
Ankrd13c,122,216,115,66
Ankrd13d,175,515,259,130
Ankrd16,163,401,181,86
Ankrd17,654,1504,814,503
Ankrd2,0,3,1,1
Ankrd22,0,0,1,1
Ankrd23,6,11,6,1
Ankrd24,185,546,292,158
Ankrd26,30,130,56,32
Ankrd27,121,310,171,82
Ankrd28,40,70,21,15
Ankrd29,39,100,38,23
Ankrd31,1,10,3,1
Ankrd33,0,0,0,0
Ankrd33b,339,1328,503,249
Ankrd34a,28,70,32,18
Ankrd34b,10,32,13,6
Ankrd34c,1,14,9,1
Ankrd35,68,259,100,61
Ankrd36,0,0,0,0
Ankrd37,55,156,79,49
Ankrd39,77,219,107,54
Ankrd40,67,156,74,30
Ankrd42,40,119,57,34
Ankrd44,84,288,143,113
Ankrd45,27,96,59,14
Ankrd46,101,210,111,71
Ankrd49,51,143,78,30
Ankrd50,12,50,17,10
Ankrd52,24,59,32,21
Ankrd53,0,0,0,0
Ankrd54,68,196,73,51
Ankrd55,20,79,42,16
Ankrd6,58,75,33,23
Ankrd60,0,0,0,0
Ankrd61,2,10,4,3
Ankrd63,5,41,14,3
Ankrd65,0,1,0,1
Ankrd66,0,6,4,1
Ankrd7,1,4,0,1
Ankrd9,56,213,92,39
Anks1,59,129,57,39
Anks1b,598,1280,630,414
Anks3,350,700,372,170
Anks4b,1,4,2,0
Anks6,26,70,24,13
Ankub1,19,72,13,9
Ankzf1,302,714,316,227
Anln,20,35,13,10
Ano1,15,23,16,4
Ano10,46,146,76,28
Ano2,24,62,22,16
Ano3,1090,2742,1061,730
Ano4,81,277,140,90
Ano5,6,9,7,3
Ano6,167,300,166,108
Ano7,1,5,1,0
Ano8,87,273,111,47
Ano9,0,0,0,0
Anp32a,370,835,381,246
Anp32b,126,282,103,59
Anp32e,71,147,67,33
Anpep,11,21,13,6
Antxr1,56,303,134,49
Antxr2,7,17,8,3
Antxrl,0,0,0,0
Anxa1,10,14,6,8
Anxa10,0,0,0,0
Anxa11,164,215,118,120
Anxa11os,0,0,1,0
Anxa13,0,1,0,0
Anxa2,45,91,32,18
Anxa3,79,113,67,12
Anxa4,7,22,9,9
Anxa5,81,235,100,27
Anxa6,227,463,231,145
Anxa7,100,240,126,56
Anxa8,2,1,0,0
Anxa9,5,14,4,1
Aoah,1,3,1,0
Aoc1,0,0,0,0
Aoc2,25,41,23,12
Aoc3,2,8,0,2
Aox1,27,79,30,26
Aox2,40,86,57,32
Aox3,7,10,8,1
Aox4,6,19,9,1
Ap1ar,105,308,141,56
Ap1b1,165,402,199,97
Ap1g1,54,120,60,33
Ap1g2,58,73,48,32
Ap1m1,350,643,343,236
Ap1m2,3,8,3,5
Ap1s1,168,452,202,103
Ap1s2,40,127,53,34
Ap1s3,2,9,7,3
Ap2a1,354,836,435,227
Ap2a2,1051,2599,1072,819
Ap2b1,346,1004,548,329
Ap2m1,395,1175,542,283
Ap2s1,203,496,225,114
Ap3b1,103,192,100,71
Ap3b2,287,725,399,196
Ap3d1,156,392,212,118
Ap3m1,189,488,244,123
Ap3m2,55,161,92,36
Ap3s1,137,323,144,74
Ap3s2,62,165,82,37
Ap4b1,12,32,13,7
Ap4e1,85,167,94,59
Ap4m1,232,536,255,170
Ap4s1,111,271,139,75
Ap5b1,4,3,6,4
Ap5m1,24,90,39,31
Ap5s1,35,97,34,17
Ap5z1,92,202,82,78
Apaf1,58,137,55,32
Apba1,33,58,42,21
Apba2,358,923,461,224
Apba3,109,269,165,77
Apbb1,338,932,456,256
Apbb1ip,24,37,21,7
Apbb2,313,732,355,232
Apc,277,639,333,165
Apc2,116,291,160,88
Apcdd1,0,4,2,1
Apcs,0,0,0,0
Apeh,69,142,61,57
Apela,8,0,1,1
Apex1,54,159,100,30
Apex2,37,122,57,37
Aph1a,388,912,432,251
Aph1b,78,261,105,55
Aph1c,63,167,73,50
Api5,60,143,46,41
Apip,54,136,75,47
Apitd1,7,34,5,2
Aplf,9,35,9,10
Apln,9,27,11,7
Aplnr,3,3,0,0
Aplp1,6768,14433,5801,4330
Aplp2,1595,4518,1912,1295
Apmap,323,750,323,275
Apoa1,30,223,77,23
Apoa1bp,369,924,402,243
Apoa2,7,20,6,8
Apoa4,0,0,0,0
Apoa5,0,0,0,0
Apob,0,0,0,0
Apobec1,5,13,2,4
Apobec2,0,1,0,0
Apobec3,20,52,15,15
Apobec4,0,0,0,0
Apobr,3,4,0,1
Apoc1,24,33,9,4
Apoc2,0,0,0,0
Apoc2-1,0,0,0,0
Apoc3,0,4,2,0
Apoc4,12,6,10,3
Apod,4260,7495,3561,1210
Apoe,32956,49920,28606,16032
Apof,3,7,2,1
Apoh,0,8,6,1
Apol10a,0,0,0,0
Apol10b,2,2,0,0
Apol11a,0,0,0,0
Apol11b,0,0,0,0
Apol6,4,4,1,0
Apol7a,1,2,2,2
Apol7b,0,0,0,0
Apol7c,0,0,0,0
Apol7d,0,2,1,1
Apol7e,0,0,0,0
Apol8,26,37,17,7
Apol9a,0,1,0,0
Apol9b,0,1,1,0
Apold1,19,51,32,8
Apom,1,0,0,0
Apon,0,0,0,0
Apoo,84,184,72,67
Apoo-ps,37,56,32,38
Apool,10,35,26,10
Apopt1,144,364,182,111
App,4996,8095,4794,3235
Appbp2,73,222,97,54
Appbp2os,7,8,7,5
Appl1,165,492,234,120
Appl2,133,361,169,109
Aprt,213,453,220,151
Aptx,53,136,63,46
Aqp1,11,11,4,12
Aqp11,163,313,133,110
Aqp12,0,0,0,0
Aqp2,0,1,0,0
Aqp3,0,1,2,0
Aqp4,473,668,350,167
Aqp5,2,6,3,1
Aqp6,0,2,1,1
Aqp7,13,16,7,4
Aqp8,0,2,0,0
Aqp9,14,36,11,13
Aqr,146,404,203,82
Ar,35,129,50,33
Araf,745,1665,744,462
Arap1,18,50,30,9
Arap2,102,310,134,77
Arap3,12,33,20,7
Arc,93,906,258,117
Arcn1,223,567,299,169
Areg,2,5,2,0
Arel1,136,337,150,93
Arf1,526,1272,473,275
Arf2,22,82,37,23
Arf3,299,746,405,159
Arf4,227,537,254,157
Arf4os,2,7,2,0
Arf5,1116,2799,1158,757
Arf6,30,101,31,21
Arfgap1,268,726,364,232
Arfgap2,430,1046,523,317
Arfgap3,35,76,35,21
Arfgef1,262,620,296,172
Arfgef2,69,180,103,38
Arfgef3,150,407,181,100
Arfip1,21,45,21,12
Arfip2,283,546,265,224
Arfrp1,228,670,280,154
Arg1,1,1,0,0
Arg2,8,17,4,9
Arglu1,2965,7906,4374,2437
Arhgap1,41,140,67,44
Arhgap10,25,174,63,18
Arhgap11a,2,12,6,1
Arhgap12,98,119,59,78
Arhgap15,44,227,64,20
Arhgap15os,1,0,0,0
Arhgap17,299,639,270,169
Arhgap18,22,52,42,11
Arhgap19,8,16,7,1
Arhgap20,427,1405,632,370
Arhgap20os,1,4,1,1
Arhgap21,165,288,146,96
Arhgap22,16,39,30,10
Arhgap23,72,163,79,38
Arhgap24,3,34,16,8
Arhgap25,7,62,24,4
Arhgap26,80,228,120,57
Arhgap27,24,69,31,21
Arhgap27os1,2,1,0,0
Arhgap27os2,79,262,73,44
Arhgap27os3,0,2,1,0
Arhgap28,0,4,0,4
Arhgap29,31,125,63,15
Arhgap30,8,15,7,1
Arhgap31,178,633,256,166
Arhgap32,166,1426,660,139
Arhgap33,186,737,369,122
Arhgap33os,0,2,1,0
Arhgap35,74,150,89,59
Arhgap36,3,12,2,2
Arhgap39,359,492,232,236
Arhgap4,24,55,23,12
Arhgap40,2,4,1,0
Arhgap42,11,71,20,7
Arhgap44,115,254,163,63
Arhgap5,233,596,286,170
Arhgap6,25,135,49,13
Arhgap8,0,0,0,0
Arhgap9,4,0,4,1
Arhgdia,159,433,207,124
Arhgdib,15,31,21,6
Arhgdig,212,872,315,138
Arhgef1,675,1878,795,575
Arhgef10,79,162,77,48
Arhgef10l,27,89,41,14
Arhgef11,89,259,136,94
Arhgef12,197,432,190,88
Arhgef15,43,173,91,28
Arhgef16,3,5,1,2
Arhgef17,105,216,106,62
Arhgef18,61,141,68,54
Arhgef19,19,38,17,10
Arhgef2,585,1213,749,536
Arhgef25,688,922,464,357
Arhgef26,153,172,63,112
Arhgef28,111,183,80,69
Arhgef3,36,58,34,22
Arhgef33,4,10,2,2
Arhgef37,0,19,10,6
Arhgef38,2,1,0,0
Arhgef39,1,6,1,0
Arhgef4,250,535,263,182
Arhgef40,95,291,139,82
Arhgef5,6,11,2,3
Arhgef6,63,55,34,26
Arhgef7,206,436,217,121
Arhgef9,225,644,339,133
Arid1a,222,559,260,162
Arid1b,124,177,108,67
Arid2,104,264,131,72
Arid3a,40,99,59,35
Arid3b,45,173,81,20
Arid3c,0,7,4,1
Arid4a,255,789,363,233
Arid4b,272,724,366,187
Arid5a,22,51,21,13
Arid5b,41,184,70,47
Arih1,124,399,173,117
Arih2,77,185,92,72
Arl1,200,553,199,122
Arl10,24,78,36,24
Arl11,8,0,3,1
Arl13a,0,0,1,0
Arl13b,23,84,47,14
Arl14,0,0,0,0
Arl14ep,45,102,44,36
Arl14epl,0,0,0,0
Arl15,182,385,166,143
Arl16,207,548,207,141
Arl2,124,289,129,73
Arl2bp,304,579,270,169
Arl3,168,342,167,84
Arl4a,71,259,98,51
Arl4aos,0,2,0,0
Arl4c,47,119,56,22
Arl4d,13,95,24,11
Arl5a,41,75,39,18
Arl5b,42,116,52,19
Arl5c,9,22,14,4
Arl6,55,148,61,32
Arl6ip1,3076,7638,2956,1940
Arl6ip4,236,654,309,184
Arl6ip5,1480,3515,1304,780
Arl6ip6,86,229,97,52
Arl8a,276,762,343,201
Arl8b,241,698,228,148
Arl9,0,1,0,0
Armc1,124,291,145,73
Armc10,85,196,80,44
Armc12,1,0,0,0
Armc2,27,104,39,19
Armc3,4,4,0,2
Armc4,0,5,1,0
Armc5,37,102,35,22
Armc6,62,142,79,40
Armc7,7,26,13,4
Armc8,126,382,181,103
Armc9,926,2605,1260,719
Armcx1,195,500,228,164
Armcx2,78,149,75,42
Armcx3,190,465,164,150
Armcx4,43,92,56,29
Armcx5,139,461,166,125
Armcx6,57,79,39,29
Armt1,100,214,111,67
Arnt,112,321,159,73
Arnt2,74,218,97,52
Arntl,91,317,149,69
Arntl2,99,274,124,64
Arpc1a,418,794,332,241
Arpc1b,293,460,288,166
Arpc2,428,713,315,207
Arpc3,504,1190,491,351
Arpc4,191,384,200,109
Arpc5,206,378,165,102
Arpc5l,234,552,270,136
Arpin,10,28,16,8
Arpp19,326,2150,760,219
Arpp21,1699,9439,4216,1468
Arr3,13,66,39,16
Arrb1,117,342,188,65
Arrb2,642,1176,520,421
Arrdc1,72,284,119,56
Arrdc2,24,71,16,9
Arrdc3,51,139,65,25
Arrdc4,12,18,13,6
Arrdc5,0,0,0,0
Arsa,93,203,109,64
Arsb,280,570,296,173
Arsg,59,115,37,27
Arsi,6,9,2,4
Arsj,30,31,17,15
Arsk,52,104,43,43
Art1,1,0,0,0
Art2b,0,0,0,0
Art3,12,56,33,6
Art4,4,7,5,1
Art5,0,3,1,0
Artn,1,7,1,0
Arv1,52,151,65,47
Arvcf,110,274,123,72
Arx,55,154,88,42
Arxes1,675,1428,589,438
Arxes2,559,1350,581,395
As3mt,23,52,23,11
Asah1,423,1197,571,364
Asah2,27,95,30,22
Asap1,519,2253,947,460
Asap2,214,656,329,190
Asap3,12,13,3,1
Asb1,31,75,45,23
Asb10,3,0,5,0
Asb11,21,99,34,10
Asb12,0,0,0,1
Asb13,100,306,122,65
Asb14,1,5,2,2
Asb15,0,1,0,0
Asb16,4,7,1,4
Asb17,0,0,0,0
Asb17os,0,4,0,0
Asb18,4,4,4,4
Asb2,6,26,7,3
Asb3,64,199,89,44
Asb4,2,0,2,1
Asb5,1,9,7,0
Asb6,77,165,101,56
Asb7,44,140,53,33
Asb8,56,98,56,27
Asb9,0,3,0,0
Ascc1,40,73,42,23
Ascc2,152,364,247,149
Ascc3,133,412,229,130
Ascl1,15,44,18,23
Ascl2,1,2,1,1
Ascl3,0,3,1,0
Ascl4,15,16,8,9
Ascl5,0,0,0,0
Asf1a,49,130,49,19
Asf1b,1,2,2,1
Asgr1,6,15,5,4
Asgr2,0,0,0,0
Ash1l,622,1425,687,440
Ash2l,129,350,192,88
Asic1,101,448,259,86
Asic2,111,307,150,82
Asic3,2,7,4,2
Asic4,35,168,83,28
Asic5,0,0,0,0
Asl,208,509,234,160
Asmt,0,0,0,0
Asna1,89,220,116,45
Asns,95,273,122,46
Asnsd1,16,67,31,11
Aspa,80,207,56,68
Aspdh,14,25,23,16
Aspg,28,16,9,8
Asph,817,1848,780,492
Asphd1,115,400,191,121
Asphd2,283,510,219,148
Aspm,0,3,3,1
Aspn,8,27,5,5
Asprv1,6,7,6,2
Aspscr1,280,657,366,191
Asrgl1,113,202,124,58
Ass1,51,133,60,26
Aste1,358,557,400,302
Astl,0,0,1,0
Astn1,590,1361,634,402
Astn2,86,261,156,82
Astx1a,0,0,0,0
Astx1b,0,0,0,0
Astx1c,0,0,0,0
Astx2,0,0,0,0
Astx3,0,0,0,0
Astx4a,0,0,0,0
Astx4b,0,0,0,0
Astx4c,0,0,0,0
Astx4d,0,0,0,0
Astx5,0,0,0,0
Astx6,0,0,0,0
Asun,104,372,171,85
Asxl1,35,81,53,39
Asxl2,265,678,351,206
Asxl3,49,162,83,35
Asz1,0,0,0,0
Atad1,598,1441,563,433
Atad2,37,122,74,31
Atad2b,72,207,95,58
Atad3a,308,708,349,218
Atad3aos,10,35,12,8
Atad5,24,68,35,22
Atat1,396,1169,519,361
Atcay,402,1076,556,302
Atcayos,29,80,28,20
Ate1,510,1294,576,439
Atf1,150,482,241,135
Atf2,169,350,183,93
Atf3,3,1,3,0
Atf4,277,742,333,162
Atf5,52,126,68,48
Atf6,196,370,166,103
Atf6b,591,928,417,417
Atf7,189,356,161,101
Atf7ip,310,723,346,252
Atf7ip2,0,0,0,0
Atg10,15,40,37,19
Atg101,89,216,81,62
Atg12,56,216,78,36
Atg13,82,217,83,53
Atg14,36,89,39,25
Atg16l1,316,864,393,237
Atg16l2,334,1052,581,296
Atg2a,201,463,195,129
Atg2b,127,307,171,113
Atg3,76,144,72,35
Atg4a,22,38,15,15
Atg4a-ps,2,3,1,1
Atg4b,91,231,134,68
Atg4c,80,198,109,56
Atg4d,119,322,163,104
Atg5,71,188,78,60
Atg7,244,615,264,201
Atg9a,557,1272,629,467
Atg9b,67,149,68,46
Athl1,25,95,49,31
Atic,78,163,91,55
Atl1,429,1348,538,337
Atl2,114,349,165,100
Atl3,51,121,49,36
Atm,60,125,60,32
Atmin,23,74,42,29
Atn1,0,0,0,0
Atn1-1,69,141,84,57
Atoh1,1,1,0,1
Atoh7,0,3,0,1
Atoh8,7,9,1,2
Atox1,204,476,209,90
Atp10a,11,48,22,8
Atp10b,27,8,9,32
Atp11a,102,234,111,56
Atp11b,215,798,327,138
Atp11c,53,135,52,39
Atp12a,0,3,1,0
Atp13a1,258,573,299,229
Atp13a2,652,1185,690,518
Atp13a3,179,337,200,84
Atp13a4,20,58,28,16
Atp13a5,27,86,55,14
Atp1a1,2140,6524,3008,1569
Atp1a2,1966,5113,2560,1459
Atp1a3,2835,5606,3172,2469
Atp1a4,0,0,0,0
Atp1b1,11179,21376,8815,7284
Atp1b2,924,1726,898,524
Atp1b3,407,1244,579,251
Atp1b4,0,0,0,0
Atp2a1,4,5,2,2
Atp2a2,1573,4065,1796,1149
Atp2a3,3,22,7,3
Atp2b1,5676,11629,4381,4348
Atp2b2,1165,4017,1726,990
Atp2b3,181,306,131,125
Atp2b4,301,1187,540,270
Atp2c1,1349,2499,1076,895
Atp2c2,3,5,2,3
Atp4a,6,7,4,2
Atp4b,0,0,0,0
Atp5a1,901,2038,904,596
Atp5b,937,2052,1065,559
Atp5c1,232,512,241,135
Atp5d,510,1123,567,316
Atp5e,459,958,541,172
Atp5f1,341,840,358,189
Atp5g1,858,1661,860,485
Atp5g2,291,636,262,142
Atp5g3,436,977,510,198
Atp5h,776,1711,837,403
Atp5j,703,1526,694,359
Atp5j2,895,2127,934,435
Atp5k,812,1944,823,315
Atp5l,700,1526,642,298
Atp5o,435,967,474,214
Atp5s,24,54,23,9
Atp5sl,193,539,245,130
Atp6ap1,1543,3617,1564,1153
Atp6ap1l,14,210,68,12
Atp6ap2,2390,6454,2666,2023
Atp6v0a1,792,2067,955,532
Atp6v0a2,140,353,182,99
Atp6v0a4,5,7,1,1
Atp6v0b,5239,16054,6111,3252
Atp6v0c,33,138,40,31
Atp6v0d1,210,547,241,127
Atp6v0d2,1,0,2,0
Atp6v0e,398,1048,430,226
Atp6v0e2,1414,3386,1366,706
Atp6v1a,221,499,236,141
Atp6v1b1,4,1,5,5
Atp6v1b2,483,1178,578,302
Atp6v1c1,164,457,201,110
Atp6v1c2,6,11,7,4
Atp6v1d,502,1323,543,315
Atp6v1e1,357,1002,431,203
Atp6v1e2,0,0,0,0
Atp6v1f,416,1016,447,214
Atp6v1g1,227,579,236,91
Atp6v1g2,686,1698,804,417
Atp6v1g3,0,0,0,0
Atp6v1h,424,1304,635,290
Atp7a,29,59,31,20
Atp7b,9,20,22,11
Atp8a1,585,1481,642,403
Atp8a2,135,612,288,110
Atp8b1,1,38,15,5
Atp8b2,27,71,56,38
Atp8b3,4,5,1,2
Atp8b4,0,0,0,0
Atp8b5,9,8,3,1
Atp9a,1106,2657,1314,718
Atp9b,128,366,175,114
Atpaf1,119,314,142,89
Atpaf2,48,114,48,26
Atpif1,1290,3759,1616,750
Atr,210,600,294,149
Atraid,1052,2872,1032,586
Atrip,15,35,16,9
Atrn,584,1356,650,393
Atrnl1,80,279,119,69
Atrx,471,1176,541,333
Atxn1,358,860,486,320
Atxn10,188,509,228,139
Atxn1l,36,79,40,25
Atxn2,433,1253,593,344
Atxn2l,730,1583,927,647
Atxn3,18,57,31,19
Atxn7,124,328,183,89
Atxn7l1,205,494,211,149
Atxn7l1os1,5,13,8,4
Atxn7l2,86,238,105,63
Atxn7l3,84,168,102,37
Atxn7l3b,566,1429,568,336
Auh,250,602,259,180
Aunip,1,3,3,0
Aup1,651,1724,787,475
Aurka,1,4,1,2
Aurkaip1,169,463,190,92
Aurkb,0,2,1,0
Aurkc,1,3,0,0
Auts2,2585,4856,2232,1860
Aven,95,159,77,57
Avil,1,0,3,0
Avl9,145,411,175,102
Avp,12,184,32,10
Avpi1,48,124,50,13
Avpr1a,4,7,4,2
Avpr1b,0,0,0,0
Avpr2,1,1,0,0
Awat1,1,0,0,0
Awat2,0,0,0,0
Axdnd1,1,4,3,0
Axin1,46,83,39,11
Axin2,39,88,36,30
Axl,52,115,71,23
Aym1,4,12,5,1
Azgp1,0,2,0,0
Azi2,151,295,152,96
Azin1,77,200,107,45
Azin2,132,381,181,120
B020004C17Rik,0,0,0,0
B020004J07Rik,0,0,0,0
B020011L13Rik,0,0,0,0
B020031M17Rik,0,0,0,0
B130006D01Rik,80,139,87,45
B130011K05Rik,0,0,0,0
B130046B21Rik,139,333,144,119
B230104I21Rik,1,1,0,0
B230110C06Rik,1,8,2,0
B230110G15Rik,20,5,0,15
B230112J18Rik,3,15,3,4
B230118H07Rik,141,328,135,98
B230208H11Rik,5,35,7,8
B230217C12Rik,300,992,406,260
B230217O12Rik,18,68,26,14
B230219D22Rik,156,440,172,80
B230303O12Rik,17,30,10,12
B230307C23Rik,129,389,161,91
B230312C02Rik,9,29,23,17
B230317F23Rik,67,248,93,59
B230322F03Rik,13,45,15,3
B230323A14Rik,0,1,3,1
B230334C09Rik,675,1792,875,414
B230344G16Rik,2,3,2,0
B230354K17Rik,66,240,105,52
B230364G03Rik,1,6,0,1
B230369F24Rik,35,131,50,27
B230398E01Rik,5,11,5,6
B2m,1303,1909,1263,262
B3galnt1,300,782,333,219
B3galnt2,70,211,95,52
B3galt1,144,360,147,95
B3galt2,431,1171,453,363
B3galt4,53,139,77,37
B3galt5,128,154,66,47
B3galt6,113,260,104,79
B3gat1,308,649,303,161
B3gat2,49,144,66,43
B3gat3,207,500,228,84
B3glct,103,453,194,98
B3gnt2,1,14,5,2
B3gnt3,0,2,1,0
B3gnt4,6,7,2,1
B3gnt5,6,7,3,2
B3gnt6,1,1,2,1
B3gnt7,0,7,3,4
B3gnt8,6,22,3,3
B3gnt9,20,52,22,6
B3gntl1,9,29,4,16
B430119L08Rik,0,0,0,0
B430203G13Rik,10,23,9,2
B430218F22Rik,6,19,6,2
B430219N15Rik,0,3,2,0
B430305J03Rik,3,4,5,0
B430306N03Rik,2,11,3,0
B430319H21Rik,0,1,0,0
B4galnt1,430,997,421,295
B4galnt2,0,0,0,0
B4galnt3,1,3,1,1
B4galnt4,161,284,130,75
B4galt1,28,46,32,11
B4galt2,52,179,94,35
B4galt3,276,560,301,176
B4galt4,144,220,78,78
B4galt5,219,450,207,161
B4galt6,406,909,386,226
B4galt7,97,256,127,80
B4gat1,997,2401,925,766
B530045E10Rik,0,2,1,0
B630005N14Rik,114,305,145,63
B630019K06Rik,37,95,42,34
B830012L14Rik,294,859,410,188
B930036N10Rik,6,19,11,7
B930041F14Rik,152,405,199,110
B930082K07Rik,2,15,3,1
B930094E09Rik,0,3,2,1
B9d1,90,283,111,59
B9d1os,1,8,6,5
B9d2,21,73,40,17
BB014433,0,0,0,0
BB019430,0,0,1,0
BB031773,0,2,1,0
BB287469,0,0,0,0
BB365896,7,14,9,2
BC001981,0,2,1,1
BC002059,23,81,21,15
BC003331,220,460,194,115
BC003965,243,630,283,131
BC004004,422,1017,427,289
BC005537,260,652,283,174
BC005561,711,2490,952,645
BC005624,430,1118,500,300
BC016548,0,0,0,0
BC016579,2,4,1,1
BC017158,55,142,64,40
BC017643,83,188,80,65
BC018473,10,8,3,2
BC021614,0,1,0,0
BC021785,3,1,1,1
BC021891,1,12,4,0
BC022687,19,42,23,15
BC023719,0,0,0,0
BC023829,110,266,123,82
BC024139,16,50,13,9
BC024978,19,49,21,17
BC025446,0,0,0,0
BC025920,55,110,65,36
BC026585,26,25,13,5
BC027072,0,0,0,0
BC028471,0,0,0,0
BC028528,59,148,92,27
BC029214,374,1043,464,248
BC029722,93,247,120,73
BC030336,87,184,95,42
BC030343,45,99,66,20
BC030499,124,1369,461,116
BC030500,56,146,57,30
BC030867,12,32,14,5
BC030870,0,0,0,0
BC031181,636,1836,599,373
BC034090,12,38,15,9
BC035044,0,4,0,0
BC035947,1,0,2,0
BC037034,145,366,194,134
BC037039,5,13,5,3
BC037156,0,0,0,0
BC039966,0,12,7,0
BC043934,0,1,0,0
BC046251,2,3,2,0
BC048403,4,8,4,1
BC048502,0,0,0,0
BC048507,0,1,0,1
BC048546,24,56,29,14
BC048559,0,0,1,0
BC048562,0,0,0,0
BC048609,0,0,0,0
BC048644,0,0,0,0
BC048671,0,0,0,0
BC048679,0,2,0,0
BC049352,3,31,10,1
BC049702,0,0,0,0
BC049715,15,30,14,12
BC049730,0,0,0,0
BC049739,0,0,0,0
BC049762,2,2,1,1
BC050972,2,2,3,1
BC051019,1,4,1,0
BC051076,0,0,0,0
BC051077,11,40,34,26
BC051142,63,192,72,42
BC051226,61,226,59,35
BC051537,1,1,0,1
BC051628,0,1,0,0
BC051665,0,0,0,0
BC052040,17,40,14,6
BC053393,1,0,0,0
BC055324,1,12,5,2
BC055402,1,0,0,1
BC061195,0,0,0,0
BC061212,0,0,0,0
BC061237,0,0,0,0
BC065403,3,8,2,2
BC067074,2,6,3,0
BC068281,40,111,54,26
BC080695,0,0,0,0
BC089491,1,10,4,1
BC089597,0,0,0,0
BC094916,0,0,0,0
BC100451,2,1,0,0
BC100530,0,0,0,0
BC106179,3,2,1,2
BC107364,0,0,1,0
BC117090,0,0,0,0
BC147527,1,0,0,0
Baalc,15,29,8,7
Baat,0,0,0,1
Babam1,76,218,89,60
Bace1,399,985,472,320
Bace2,21,75,27,13
Bach1,9,27,10,3
Bach2,43,80,36,30
Bach2os,0,1,2,0
Bad,80,209,100,71
Bag1,98,248,138,55
Bag2,24,56,31,11
Bag3,12,22,12,7
Bag4,188,319,160,109
Bag5,44,164,63,40
Bag6,228,546,271,178
Bahcc1,14,61,23,10
Bahd1,26,57,18,12
Baiap2,2400,6384,2824,1388
Baiap2l1,4,1,1,4
Baiap2l2,24,67,38,17
Baiap3,32,166,80,34
Bak1,53,119,52,32
Bambi,103,110,40,52
Banf1,64,212,86,36
Banf2,0,0,0,0
Banf2os,0,1,0,1
Bank1,5,33,9,2
Banp,229,536,258,136
Bap1,102,192,93,66
Bard1,2,5,2,1
Barhl1,1,1,0,0
Barhl2,1,5,2,0
Barx1,0,0,0,0
Barx2,2,24,10,1
Basp1,255,615,371,225
Batf,2,2,2,0
Batf2,0,1,0,0
Batf3,2,20,5,2
Bax,680,1858,803,450
Baz1a,2,30,14,0
Baz1b,232,594,259,166
Baz2a,141,354,192,114
Baz2b,212,562,215,152
Bbc3,30,79,48,17
Bbip1,181,430,205,112
Bbof1,153,459,201,142
Bbox1,2,1,6,3
Bbs1,27,53,34,13
Bbs10,13,46,15,13
Bbs12,7,17,8,8
Bbs2,56,199,96,40
Bbs4,86,263,124,60
Bbs5,144,353,170,92
Bbs7,70,176,105,57
Bbs9,22,86,47,28
Bbx,131,324,165,85
Bcam,35,160,59,15
Bcan,808,2072,852,891
Bcap29,241,789,270,184
Bcap31,648,1649,758,500
Bcar1,61,135,67,31
Bcar3,9,43,22,13
Bcas1,129,196,124,41
Bcas1os1,0,3,0,0
Bcas1os2,0,0,2,2
Bcas2,288,875,395,185
Bcas3,864,1533,924,1096
Bcas3os1,15,50,16,7
Bcas3os2,0,0,0,0
Bcat1,81,199,99,64
Bcat2,53,113,51,25
Bccip,99,313,127,89
Bcdin3d,27,73,28,15
Bche,13,44,14,4
Bckdha,89,174,69,52
Bckdhb,32,83,37,25
Bckdk,105,286,138,83
Bcl10,32,130,47,29
Bcl11a,1082,2402,1137,708
Bcl11b,385,650,272,207
Bcl2,189,1321,468,234
Bcl2a1a,5,2,4,1
Bcl2a1b,24,18,24,1
Bcl2a1c,1,0,0,0
Bcl2a1d,0,0,3,0
Bcl2l1,85,221,113,78
Bcl2l10,0,1,0,1
Bcl2l11,7,21,6,2
Bcl2l12,8,44,13,5
Bcl2l13,41,115,37,20
Bcl2l14,0,0,0,0
Bcl2l15,11,18,5,5
Bcl2l2,92,147,86,67
Bcl3,9,10,5,1
Bcl6,25,21,18,9
Bcl6b,3,11,3,2
Bcl7a,158,317,156,104
Bcl7b,43,168,62,41
Bcl7c,51,151,64,35
Bcl9,342,694,308,217
Bcl9l,52,128,57,30
Bclaf1,451,1161,559,278
Bco1,0,4,0,0
Bco2,3,4,1,1
Bcor,14,37,20,11
Bcorl1,47,112,52,38
Bcr,73,133,75,34
Bcs1l,722,2205,874,561
Bdh1,99,286,118,70
Bdh2,14,30,9,5
Bdkrb1,3,17,3,2
Bdkrb2,0,0,1,0
Bdnf,316,550,189,210
Bdp1,146,382,172,104
Bean1,25,147,59,32
Becn1,148,405,187,106
Begain,71,164,85,43
Bend3,2,9,3,5
Bend4,20,29,29,15
Bend5,19,60,23,10
Bend6,103,336,160,53
Bend7,5,74,25,4
Best1,8,38,4,12
Best2,0,0,1,0
Best3,1,1,0,2
Bet1,54,114,56,24
Bet1l,301,735,418,226
Bex1,183,636,250,114
Bex2,531,1658,712,402
Bex4,41,202,72,35
Bex6,0,0,0,0
Bfar,315,893,445,255
Bfsp1,0,2,0,0
Bfsp2,12,22,13,1
Bglap,0,4,0,0
Bglap2,1,4,0,0
Bglap3,41,129,43,81
Bgn,62,159,57,30
Bhlha15,0,1,0,0
Bhlha9,6,17,3,1
Bhlhb9,115,263,118,73
Bhlhe22,59,74,31,27
Bhlhe23,0,0,0,2
Bhlhe40,83,196,128,48
Bhlhe41,137,303,115,87
Bhmt,0,0,1,2
Bhmt2,0,3,3,1
Bicc1,70,126,57,34
Bicd1,757,1764,945,576
Bicd2,68,150,56,45
Bid,12,34,16,4
Bik,0,2,3,1
Bin1,643,1321,697,393
Bin2,12,14,5,1
Bin3,39,111,54,18
Birc2,104,202,131,103
Birc3,13,18,4,2
Birc5,1,14,5,4
Birc6,502,1172,609,359
Birc7,2,4,2,0
Bivm,38,90,39,15
Blcap,189,460,223,116
Blk,0,0,0,0
Blm,29,74,41,12
Blmh,81,281,133,57
Blnk,14,42,26,5
Bloc1s1,76,121,71,23
Bloc1s2,96,246,78,38
Bloc1s3,20,40,23,16
Bloc1s4,41,183,66,34
Bloc1s5,15,25,17,5
Bloc1s6,31,59,28,8
Bloc1s6os,21,84,31,21
Bloodlinc,0,0,0,0
Blvra,51,164,72,29
Blvrb,62,158,56,26
Blzf1,161,480,263,140
Bmf,2,7,2,3
Bmi1,37,85,56,14
Bmp1,183,386,186,115
Bmp10,0,0,0,0
Bmp15,0,3,0,0
Bmp2,8,45,15,8
Bmp2k,40,61,39,16
Bmp3,30,228,85,24
Bmp4,31,131,62,22
Bmp5,3,19,3,3
Bmp6,0,3,0,0
Bmp7,24,132,56,25
Bmp8a,0,1,1,1
Bmp8b,1,3,2,0
Bmper,16,96,27,24
Bmpr1a,89,212,114,46
Bmpr1b,41,74,33,14
Bmpr2,342,839,369,210
Bms1,93,237,119,71
Bmx,4,14,4,0
Bmyc,334,1101,397,220
Bnc1,0,0,0,0
Bnc2,4,23,5,5
Bnip1,126,305,138,71
Bnip2,79,253,115,51
Bnip3,49,155,55,21
Bnip3l,222,614,245,126
Bnipl,2,3,0,1
Boc,40,251,110,37
Bod1,45,154,66,37
Bod1l,272,884,377,221
Bok,134,202,95,50
Bola1,80,245,100,42
Bola2,196,405,228,100
Bola3,93,252,104,45
Boll,0,0,0,0
Bop1,140,291,155,80
Bora,10,55,25,6
Borcs5,39,113,50,36
Borcs6,35,112,61,16
Borcs7,94,244,95,37
Borcs8,113,306,146,52
Bpgm,116,288,104,49
Bphl,83,205,89,38
Bpi,0,0,0,0
Bpifa1,0,3,0,0
Bpifa2,0,0,0,0
Bpifa3,0,0,0,0
Bpifa5,0,0,0,0
Bpifa6,0,3,0,0
Bpifb1,0,0,0,0
Bpifb2,0,0,1,1
Bpifb3,0,0,0,0
Bpifb4,1,4,2,0
Bpifb5,1,1,0,0
Bpifb6,0,2,0,0
Bpifb9a,0,0,0,0
Bpifb9b,0,0,0,0
Bpifc,2,1,0,1
Bpnt1,93,257,106,58
Bptf,650,1538,792,502
Braf,311,826,374,226
Brap,124,277,160,103
Brat1,46,161,74,32
Brca1,0,11,4,2
Brca2,40,132,64,38
Brcc3,70,135,65,31
Brd1,28,88,44,23
Brd2,200,435,227,147
Brd3,191,534,281,147
Brd4,241,575,289,149
Brd7,307,807,390,212
Brd8,434,1093,584,393
Brd9,2203,4654,2395,2347
Brdt,29,122,50,33
Bre,300,792,336,236
Brf1,44,85,46,20
Brf2,72,138,66,35
Bri3,237,560,265,118
Bri3bp,391,917,387,253
Bricd5,8,20,3,2
Brinp1,665,1528,689,461
Brinp2,263,970,430,207
Brinp3,1076,7414,3693,1617
Brip1,0,2,3,2
Brip1os,56,156,65,59
Brix1,52,132,53,28
Brk1,295,902,367,146
Brms1,68,261,97,56
Brms1l,68,188,121,72
Brox,154,342,203,125
Brpf1,97,182,97,61
Brpf3,13,48,18,7
Brs3,1,4,1,0
Brsk1,114,245,154,74
Brsk2,165,412,248,138
Brwd1,265,713,336,199
Brwd3,71,112,76,52
Bscl2,878,2694,1126,636
Bsdc1,67,199,76,56
Bsg,5765,14079,5955,3373
Bsn,454,1153,620,254
Bsnd,0,1,0,0
Bsph1,0,6,0,0
Bsph2,0,0,0,0
Bspry,1,3,2,0
Bst1,0,0,0,0
Bst2,159,149,92,26
Bsx,0,0,0,0
Btaf1,71,214,110,66
Btbd1,119,279,130,63
Btbd10,147,505,238,114
Btbd11,36,114,75,29
Btbd16,5,3,2,0
Btbd17,129,652,237,165
Btbd18,0,0,1,0
Btbd19,19,73,32,14
Btbd2,82,182,98,49
Btbd3,154,225,111,81
Btbd6,56,178,60,45
Btbd7,14,46,26,13
Btbd8,40,105,50,33
Btbd9,408,548,242,209
Btc,3,9,2,2
Btd,86,237,109,59
Btf3,281,513,212,128
Btf3l4,211,483,237,112
Btg1,280,448,210,222
Btg1-ps1,0,0,0,0
Btg1-ps2,0,0,0,0
Btg2,72,497,124,75
Btg3,21,40,18,13
Btg4,0,0,0,0
Btk,1,2,1,0
Btla,0,4,3,0
Btn1a1,0,0,0,0
Btn2a2,1,7,6,3
Btnl1,0,0,0,0
Btnl10,0,0,0,0
Btnl2,0,0,0,0
Btnl4,0,1,0,0
Btnl6,0,0,0,0
Btnl9,1,1,2,0
Btrc,99,272,137,80
Bub1,0,0,0,0
Bub1b,3,13,5,3
Bub3,293,931,370,241
Bud13,19,41,16,12
Bud31,122,373,150,80
Bves,11,12,4,5
Bvht,5,16,6,3
Bysl,26,72,13,23
Bzrap1,642,1740,836,429
Bzw1,97,278,147,56
Bzw2,102,265,115,70
C030005K15Rik,15,62,22,5
C030007H22Rik,0,1,0,0
C030010L15Rik,2,1,0,0
C030014I23Rik,24,52,21,15
C030017D09Rik,0,3,1,1
C030018K13Rik,1,0,1,1
C030027H14Rik,0,1,0,0
C030034I22Rik,73,175,88,36
C030034L19Rik,0,2,0,1
C030037D09Rik,9,25,6,10
C030037F17Rik,1,0,0,0
C030039L03Rik,56,111,76,47
C030048H21Rik,0,0,0,0
C130013H08Rik,14,15,8,7
C130021I20Rik,0,0,0,0
C130026I21Rik,1,3,3,1
C130026L21Rik,45,130,68,19
C130032M10Rik,0,2,0,0
C130050O18Rik,7,10,10,2
C130060C02Rik,6,15,6,4
C130060K24Rik,3,7,5,2
C130071C03Rik,330,752,331,194
C130073F10Rik,0,0,0,0
C130074G19Rik,13,48,21,4
C130079G13Rik,0,0,0,0
C130080G10Rik,1,5,0,1
C130083M11Rik,2,0,0,0
C1d,156,350,133,59
C1galt1,30,61,23,12
C1galt1c1,323,755,302,243
C1qa,1507,2068,1460,119
C1qb,922,1298,815,76
C1qbp,170,383,180,77
C1qc,901,1270,768,84
C1ql1,98,291,114,79
C1ql2,1387,66,20,747
C1ql3,2449,4676,1511,1419
C1ql4,0,0,0,0
C1qtnf1,4,4,2,2
C1qtnf2,13,46,24,5
C1qtnf3,0,0,0,0
C1qtnf4,883,1948,1018,675
C1qtnf5,0,0,0,0
C1qtnf6,4,8,9,2
C1qtnf7,5,19,4,3
C1qtnf9,0,1,2,0
C1ra,12,79,28,4
C1rb,0,0,0,0
C1rl,5,8,1,4
C1s1,5,25,14,5
C1s2,2,3,2,3
C1s2-1,0,0,0,0
C2,14,43,10,6
C230014O12Rik,0,6,5,3
C230021G24Rik,3,8,9,6
C230024C17Rik,0,0,0,0
C230029F24Rik,0,0,0,0
C230034O21Rik,1,5,2,4
C230035I16Rik,15,18,9,2
C230037L18Rik,108,333,124,75
C230057A21Rik,0,0,0,0
C230088H06Rik,1,1,3,1
C2cd2,30,78,43,17
C2cd2l,491,921,412,270
C2cd3,84,263,103,68
C2cd4a,6,8,0,2
C2cd4b,20,53,13,16
C2cd4c,6,23,13,12
C2cd4d,5,17,7,5
C2cd5,443,1164,539,280
C3,29,10,6,1
C330002G04Rik,0,2,0,2
C330006A16Rik,97,169,127,47
C330007P06Rik,50,163,65,35
C330011M18Rik,2,2,2,1
C330013E15Rik,15,52,23,7
C330013J21Rik,2,2,5,1
C330018A13Rik,0,4,1,0
C330018D20Rik,41,70,34,29
C330019F10Rik,0,0,0,0
C330021F23Rik,1,1,0,0
C330022C24Rik,0,0,0,0
C330027C09Rik,4,14,7,3
C3ar1,17,36,30,9
C430039J16Rik,0,0,0,0
C430042M11Rik,2,5,1,0
C4b,1074,425,656,109
C4bp,9,1,0,3
C530008M17Rik,38,87,40,46
C530025M09Rik,0,0,0,0
C530043A13Rik,0,0,0,0
C530044C16Rik,9,6,1,0
C530050E15Rik,19,74,39,21
C5ar1,12,22,11,0
C5ar2,5,11,2,2
C6,0,0,0,0
C630028M04Rik,0,1,0,0
C7,1,3,1,0
C730034F03Rik,161,493,230,120
C730036E19Rik,0,0,0,0
C77080,2,37,18,12
C77370,54,123,50,41
C78197,6,8,9,8
C78283,0,0,0,0
C78334,0,0,0,0
C79798,0,0,0,0
C820005J03Rik,0,1,0,1
C87414,0,0,0,0
C87436,203,714,272,154
C87499,0,0,0,0
C87977,0,0,0,0
C8a,0,2,0,0
C8b,0,1,1,0
C8g,17,45,17,14
C9,0,0,0,0
C920006O11Rik,92,219,99,62
C920021L13Rik,20,147,39,19
CAAA01147332.1,3,11,3,4
CAAA01165726.1,0,0,0,0
CK137956,2,6,1,0
CN725425,0,0,0,0
CR974586.1,0,0,0,0
CR974586.2,0,0,0,0
CR974586.3,0,0,0,0
CR974586.4,0,0,0,0
CR974586.5,0,2,0,1
CR974586.6,0,0,0,0
CT025529.1,0,0,0,0
CT868723.1,0,1,1,0
Caap1,238,667,303,145
Cab39,109,237,141,56
Cab39l,31,63,25,27
Cabin1,288,886,429,242
Cables1,25,61,36,14
Cables2,46,86,37,31
Cabp1,142,736,405,111
Cabp2,0,0,0,0
Cabp4,1,2,0,0
Cabp5,0,3,1,0
Cabp7,101,18,10,37
Cabs1,0,0,0,0
Cabyr,5,3,3,0
Cacfd1,200,550,226,125
Cachd1,67,80,36,55
Cacna1a,1006,2764,1564,738
Cacna1b,486,1258,634,345
Cacna1c,242,460,225,148
Cacna1d,138,379,196,109
Cacna1e,1288,2394,1109,812
Cacna1f,0,4,0,0
Cacna1g,91,269,169,73
Cacna1h,301,296,109,147
Cacna1i,110,340,158,67
Cacna1s,3,5,3,2
Cacna2d1,750,2039,853,507
Cacna2d2,283,1104,489,228
Cacna2d3,676,1713,818,491
Cacna2d4,2,7,6,1
Cacnb1,88,267,118,71
Cacnb2,301,482,239,243
Cacnb3,249,665,340,191
Cacnb4,237,854,447,173
Cacng1,0,2,0,0
Cacng2,224,806,410,178
Cacng3,340,1263,529,222
Cacng4,18,143,59,21
Cacng5,44,70,53,29
Cacng6,8,19,3,2
Cacng7,118,297,148,66
Cacng8,115,193,99,91
Cactin,80,176,65,51
Cacul1,233,652,350,264
Cacybp,106,246,110,70
Cad,28,67,44,17
Cadm1,2749,5283,2321,1938
Cadm2,1390,3374,1498,906
Cadm3,779,2207,970,517
Cadm4,352,1369,610,234
Cadps,267,743,367,142
Cadps2,171,558,265,123
Cage1,16,57,18,8
Calb1,174,374,193,92
Calb2,59,60,44,32
Calca,40,32,20,28
Calcb,5,8,12,5
Calcoco1,323,634,299,260
Calcoco2,0,0,0,0
Calcr,0,9,7,0
Calcrl,11,51,17,14
Cald1,355,602,271,212
Calhm1,0,0,0,0
Calhm2,50,173,57,39
Calhm3,0,0,0,0
Calm1,1703,4683,2010,849
Calm2,2707,7314,3200,2120
Calm3,622,1292,655,345
Calm4,0,0,0,0
Calm5,0,0,0,0
Calml3,0,0,1,0
Calml4,11,7,1,17
Caln1,159,383,169,114
Calr,3011,6682,3126,2236
Calr3,8,21,9,2
Calr4,0,2,1,0
Calu,215,434,209,157
Caly,3635,7166,2729,2143
Camk1,454,2569,1018,385
Camk1d,105,250,134,82
Camk1g,51,134,72,32
Camk2a,1929,3015,1806,1075
Camk2b,1892,2640,1379,1272
Camk2d,453,2260,1037,356
Camk2g,299,978,434,218
Camk2n1,452,2085,1062,279
Camk2n2,45,143,62,32
Camk4,111,618,260,87
Camkk1,186,291,169,130
Camkk2,383,2082,932,292
Camkmt,53,125,44,33
Camkv,2657,4173,2148,1923
Caml,258,750,271,152
Camp,14,30,1,0
Camsap1,138,331,153,88
Camsap2,66,173,67,44
Camsap3,46,81,62,33
Camta1,356,775,347,270
Camta2,313,457,237,209
Cand1,77,176,94,45
Cand2,34,68,40,22
Cant1,147,296,146,89
Canx,1384,3005,1453,937
Cap1,74,125,63,37
Cap2,154,373,201,101
Capg,23,29,14,0
Capn1,20,49,20,13
Capn10,97,273,113,57
Capn11,33,23,35,5
Capn12,10,31,11,12
Capn13,0,0,0,0
Capn15,120,296,131,87
Capn2,393,1250,564,281
Capn3,36,17,12,16
Capn5,18,47,24,14
Capn6,3,18,6,3
Capn7,151,409,202,106
Capn8,1,3,1,0
Capn9,3,6,4,2
Capns1,358,717,339,206
Capns2,0,1,1,0
Caprin1,194,491,220,129
Caprin2,81,193,94,69
Caps2,0,1,1,1
Capsl,10,11,2,3
Capza1,131,323,123,80
Capza2,314,613,302,186
Capza3,0,0,0,0
Capzb,221,461,209,124
Car1,0,0,1,0
Car10,487,2703,1257,390
Car11,2012,7027,2969,1343
Car12,682,776,283,574
Car13,3,10,2,1
Car14,79,186,67,81
Car15,2,10,5,2
Car2,362,780,281,178
Car3,9,28,12,7
Car4,320,720,370,170
Car5a,78,204,118,113
Car5b,12,33,12,9
Car6,0,1,0,1
Car7,55,161,85,52
Car8,5,21,11,4
Car9,0,10,3,1
Card10,23,19,9,15
Card11,1,2,3,0
Card14,0,7,1,0
Card19,62,173,78,38
Card6,2,7,2,5
Card9,3,8,1,3
Carf,283,647,346,228
Carhsp1,36,71,29,17
Carkd,227,556,195,147
Carlr,2,21,6,1
Carm1,51,138,57,34
Carnmt1,52,155,72,35
Carns1,19,17,15,5
Cars,280,820,400,207
Cars2,110,275,114,90
Cartpt,34,732,330,36
Casc1,3,20,11,5
Casc3,159,478,206,124
Casc4,395,917,437,201
Casc5,4,4,2,3
Casd1,214,391,151,139
Cask,199,517,275,146
Caskin1,125,290,123,97
Caskin2,28,78,44,16
Casp1,12,34,18,4
Casp12,11,29,8,1
Casp14,0,0,0,0
Casp2,25,71,44,25
Casp3,0,3,0,0
Casp4,3,5,4,3
Casp6,32,46,24,5
Casp7,6,10,1,4
Casp8,3,18,6,2
Casp8ap2,44,104,53,25
Casp9,20,55,32,18
Casq1,0,2,0,1
Casq2,3,21,12,1
Casr,0,1,0,0
Cass4,0,0,0,0
Cast,7,17,9,5
Casz1,60,278,147,62
Cat,38,58,25,13
Catip,15,36,17,11
Catsper1,0,0,0,0
Catsper2,38,94,42,21
Catsper3,2,7,6,0
Catsper4,0,3,3,1
Catsperb,0,0,0,0
Catsperd,15,17,20,10
Catsperg1,12,27,11,10
Catsperg2,5,10,1,2
Cav1,21,97,27,9
Cav2,71,124,76,47
Cav3,6,3,0,0
Cbarp,692,1823,857,638
Cbfa2t2,118,279,123,90
Cbfa2t3,119,214,110,106
Cbfb,33,64,28,21
Cbl,170,339,172,91
Cblb,28,73,43,14
Cblc,0,0,0,1
Cbll1,33,85,41,16
Cbln1,9,32,11,15
Cbln2,51,359,117,44
Cbln3,5,12,3,2
Cbln4,55,177,88,31
Cbr1,194,512,233,112
Cbr2,2,7,0,1
Cbr3,15,39,25,6
Cbr4,17,46,27,8
Cbs,30,80,26,19
Cbwd1,212,603,200,132
Cbx1,405,1074,485,270
Cbx2,4,12,1,3
Cbx3,230,531,227,183
Cbx4,42,99,41,20
Cbx5,132,342,134,66
Cbx6,537,1308,688,352
Cbx7,111,313,123,77
Cbx8,43,155,53,36
Cby1,78,182,77,37
Cby3,5,8,2,0
Cc2d1a,110,221,123,84
Cc2d1b,125,320,150,105
Cc2d2a,68,215,100,60
Cc2d2b,0,1,0,0
Ccar1,262,649,293,183
Ccar2,70,155,87,60
Ccbe1,59,31,14,22
Ccbl1,48,114,36,38
Ccbl2,16,50,18,10
Ccdc102a,3,9,3,2
Ccdc103,5,18,14,5
Ccdc105,0,7,1,0
Ccdc106,176,420,193,104
Ccdc107,665,1942,752,437
Ccdc108,19,61,47,15
Ccdc109b,8,20,2,6
Ccdc110,0,7,2,2
Ccdc112,89,279,88,57
Ccdc113,6,37,11,4
Ccdc114,5,6,7,13
Ccdc115,65,153,58,49
Ccdc116,3,9,4,2
Ccdc117,29,58,29,22
Ccdc12,515,1325,564,331
Ccdc120,10,49,27,9
Ccdc121,4,3,2,0
Ccdc122,16,52,25,7
Ccdc124,109,310,126,59
Ccdc125,8,26,11,7
Ccdc126,50,159,72,47
Ccdc127,185,411,170,100
Ccdc129,8,13,4,6
Ccdc13,29,49,15,11
Ccdc130,50,165,71,48
Ccdc134,39,91,59,21
Ccdc136,133,466,278,109
Ccdc137,84,203,93,55
Ccdc138,21,35,14,7
Ccdc14,5,11,7,1
Ccdc141,92,235,124,119
Ccdc142,5,6,4,2
Ccdc142-1,4,1,2,1
Ccdc142os,28,76,39,24
Ccdc144b,0,1,2,1
Ccdc146,29,83,29,44
Ccdc148,185,426,188,116
Ccdc149,34,77,39,21
Ccdc15,17,69,19,19
Ccdc150,3,7,1,3
Ccdc151,31,86,43,28
Ccdc152,0,0,0,0
Ccdc153,8,19,4,5
Ccdc154,0,0,1,0
Ccdc155,21,81,36,10
Ccdc157,40,143,78,23
Ccdc158,3,1,0,0
Ccdc159,18,58,21,14
Ccdc160,3,5,2,4
Ccdc162,7,9,3,6
Ccdc163,32,100,56,29
Ccdc166,20,52,21,11
Ccdc167,31,70,30,21
Ccdc169,2,4,3,2
Ccdc17,19,63,25,12
Ccdc170,0,1,0,0
Ccdc171,33,65,38,18
Ccdc172,1,0,0,0
Ccdc173,73,315,130,65
Ccdc174,418,1260,520,347
Ccdc175,0,2,0,2
Ccdc177,35,54,31,21
Ccdc178,0,1,0,0
Ccdc18,12,19,7,6
Ccdc180,1,3,0,1
Ccdc181,15,41,15,7
Ccdc182,0,0,0,0
Ccdc183,0,0,0,0
Ccdc184,10,70,22,15
Ccdc185,0,0,0,0
Ccdc186,51,163,73,36
Ccdc187,1,3,1,0
Ccdc188,0,0,0,0
Ccdc189,38,152,50,26
Ccdc190,20,14,11,6
Ccdc191,91,390,128,73
Ccdc22,61,279,129,53
Ccdc24,6,15,9,3
Ccdc25,70,208,98,66
Ccdc27,0,2,2,0
Ccdc28a,67,249,99,46
Ccdc28b,186,477,202,133
Ccdc3,11,38,6,6
Ccdc30,127,268,119,63
Ccdc32,52,120,37,21
Ccdc33,4,9,6,2
Ccdc34,269,808,292,187
Ccdc34os,0,1,0,0
Ccdc36,2,5,7,2
Ccdc38,37,122,33,36
Ccdc39,162,372,151,109
Ccdc40,7,11,4,5
Ccdc42,0,4,1,0
Ccdc42os,0,4,1,1
Ccdc43,30,80,24,22
Ccdc47,910,1930,862,750
Ccdc50,158,484,214,110
Ccdc51,12,36,21,10
Ccdc53,79,254,107,62
Ccdc54,0,0,0,0
Ccdc57,50,119,61,28
Ccdc58,48,114,69,25
Ccdc59,139,374,163,89
Ccdc6,108,300,114,72
Ccdc60,4,21,10,7
Ccdc61,32,104,56,22
Ccdc62,35,71,51,27
Ccdc63,19,26,16,19
Ccdc64,80,203,80,44
Ccdc64b,0,0,0,0
Ccdc65,70,269,114,70
Ccdc66,50,116,64,38
Ccdc67,0,1,2,1
Ccdc68,2,1,1,0
Ccdc69,4,1,0,3
Ccdc70,0,0,0,0
Ccdc71,25,55,28,19
Ccdc71l,30,27,16,9
Ccdc73,10,24,12,4
Ccdc74a,100,160,70,40
Ccdc77,46,88,45,16
Ccdc78,96,175,120,147
Ccdc79,17,92,44,22
Ccdc7a,0,0,0,0
Ccdc7b,1,0,0,0
Ccdc8,5,10,10,4
Ccdc80,12,147,61,32
Ccdc81,6,7,7,2
Ccdc82,9,55,25,11
Ccdc83,0,1,0,0
Ccdc84,156,484,231,130
Ccdc85a,314,440,203,236
Ccdc85b,169,382,149,89
Ccdc85c,0,0,1,0
Ccdc86,84,212,102,62
Ccdc87,0,3,0,0
Ccdc88a,568,1593,772,349
Ccdc88b,18,29,12,18
Ccdc88c,20,44,17,12
Ccdc89,2,3,5,1
Ccdc9,44,138,75,33
Ccdc90b,44,118,46,26
Ccdc91,20,75,30,13
Ccdc92,84,201,95,47
Ccdc93,83,182,71,39
Ccdc94,26,49,19,7
Ccdc96,7,8,2,5
Ccdc97,28,61,27,11
Ccer1,2,1,0,0
Ccer2,9,59,15,14
Cchcr1,30,100,42,16
Ccin,0,0,0,0
Cck,6396,20698,7190,3726
Cckar,1,3,0,0
Cckbr,30,530,251,57
Ccl1,0,0,1,0
Ccl11,0,1,2,1
Ccl12,23,41,22,1
Ccl17,26,111,45,12
Ccl19,9,13,3,6
Ccl19-1,0,0,0,0
Ccl2,9,11,0,1
Ccl20,2,0,1,0
Ccl21a,1,5,2,0
Ccl21a-1,0,0,0,0
Ccl21b,0,0,0,0
Ccl21b-1,0,0,0,0
Ccl21c,0,0,0,0
Ccl21c-1,0,0,0,0
Ccl22,0,2,0,1
Ccl24,0,3,1,0
Ccl25,150,401,185,122
Ccl26,0,0,0,0
Ccl27a,359,1801,774,290
Ccl27a-1,0,0,0,0
Ccl27a-2,0,0,0,1
Ccl27b,0,1,0,0
Ccl28,7,19,7,4
Ccl3,65,6,73,2
Ccl4,36,1,35,8
Ccl5,10,6,2,0
Ccl6,46,29,69,0
Ccl7,3,10,3,0
Ccl8,3,49,1,1
Ccl9,3,19,11,2
Ccm2,52,155,90,38
Ccm2l,7,8,2,0
Ccna1,9,14,10,5
Ccna2,5,7,5,3
Ccnb1,9,102,75,7
Ccnb1ip1,0,0,0,0
Ccnb2,7,27,17,7
Ccnb3,0,0,0,0
Ccnc,188,438,211,135
Ccnd1,86,255,102,81
Ccnd2,825,1722,708,762
Ccnd3,55,146,58,51
Ccndbp1,84,230,97,57
Ccne1,47,165,78,48
Ccne2,27,80,41,22
Ccnf,8,26,20,4
Ccng1,76,204,97,46
Ccng2,57,151,58,42
Ccnh,354,756,316,201
Ccni,602,1562,818,510
Ccnj,35,47,19,21
Ccnjl,35,34,9,32
Ccnk,50,117,65,23
Ccnl1,565,1361,616,308
Ccnl2,1058,2063,930,718
Ccno,12,29,12,5
Ccnt1,230,710,261,148
Ccnt2,1198,3578,1403,713
Ccny,106,255,109,47
Ccnyl1,17,54,21,8
Ccp110,75,139,58,20
Ccpg1,378,640,278,322
Ccpg1os,29,88,42,29
Ccr1,1,9,1,0
Ccr10,3,15,5,7
Ccr1l1,0,0,0,0
Ccr2,0,2,2,0
Ccr3,0,0,0,0
Ccr4,0,0,0,0
Ccr5,14,40,14,10
Ccr6,0,0,0,0
Ccr7,0,1,2,0
Ccr8,0,0,0,0
Ccr9,2,7,9,3
Ccrl2,8,17,4,0
Ccs,97,218,82,58
Ccsap,158,517,180,120
Ccser1,32,80,27,23
Ccser2,150,453,211,119
Cct2,172,326,174,83
Cct3,262,652,257,163
Cct4,129,278,136,82
Cct5,142,314,150,97
Cct6b,0,2,1,0
Cct7,207,516,271,140
Cct8,137,417,254,129
Cct8l1,0,0,1,0
Ccz1,385,1024,477,327
Cd101,2,0,0,0
Cd109,14,14,5,5
Cd14,55,62,64,4
Cd151,159,423,199,99
Cd160,0,0,0,0
Cd163,0,6,3,0
Cd163l1,4,2,0,1
Cd164,162,442,176,83
Cd164l2,15,53,28,12
Cd177,0,1,0,0
Cd180,27,26,23,2
Cd19,0,0,0,0
Cd1d1,14,29,13,7
Cd1d2,0,1,0,0
Cd2,3,1,1,0
Cd200,555,1732,661,379
Cd200r1,0,8,5,1
Cd200r2,2,1,1,0
Cd200r3,0,1,0,1
Cd200r4,3,6,10,0
Cd207,0,0,0,0
Cd209a,3,11,1,0
Cd209b,0,3,0,0
Cd209c,6,6,3,3
Cd209d,0,1,0,0
Cd209e,0,0,0,0
Cd209f,1,19,1,0
Cd209g,0,4,1,0
Cd22,0,2,3,0
Cd226,0,0,0,1
Cd244,3,0,2,0
Cd247,1,2,1,0
Cd248,16,47,20,5
Cd24a,17,32,12,5
Cd27,474,1354,698,468
Cd274,6,8,7,1
Cd276,17,62,29,14
Cd28,1,3,3,0
Cd2ap,166,459,256,124
Cd2bp2,132,280,117,84
Cd300a,5,21,7,5
Cd300c,0,0,0,0
Cd300e,0,1,0,0
Cd300lb,1,0,0,0
Cd300ld,0,1,0,1
Cd300lf,6,4,6,1
Cd300lg,3,9,5,1
Cd300lh,0,0,0,0
Cd302,195,410,188,99
Cd320,106,345,133,70
Cd33,10,31,18,3
Cd34,155,673,310,138
Cd36,1,4,6,1
Cd37,42,92,64,4
Cd37-1,0,0,0,0
Cd38,20,22,11,7
Cd3d,3,6,1,1
Cd3e,1,1,2,0
Cd3eap,105,294,115,70
Cd3g,4,2,4,0
Cd4,2,20,2,0
Cd40,2,4,6,0
Cd40lg,0,0,1,0
Cd44,57,54,36,18
Cd46,49,168,68,36
Cd47,1842,5002,2143,1416
Cd48,20,49,25,1
Cd5,2,3,3,0
Cd52,122,64,105,4
Cd53,90,162,104,11
Cd55,13,50,21,12
Cd55b,0,0,0,0
Cd59a,54,117,51,27
Cd59b,8,25,11,2
Cd5l,0,1,0,0
Cd6,2,60,13,2
Cd63,1978,3376,1700,802
Cd68,182,224,271,22
Cd69,1,0,0,0
Cd7,4,24,13,5
Cd70,2,7,4,2
Cd72,16,21,11,2
Cd74,357,412,243,41
Cd79a,12,25,12,2
Cd79b,1,6,2,0
Cd80,3,6,4,1
Cd81,6433,14395,6265,4137
Cd82,79,161,58,41
Cd83,53,177,70,52
Cd84,33,62,32,2
Cd86,21,31,19,3
Cd8a,1,0,1,0
Cd8b1,8,7,5,4
Cd9,2278,3113,2085,717
Cd93,10,32,12,8
Cd96,0,0,0,0
Cd99l2,212,683,311,165
Cda,7,25,15,1
Cdadc1,78,171,80,52
Cdan1,146,315,150,96
Cdc123,99,304,150,72
Cdc14a,17,38,23,14
Cdc14b,82,248,114,54
Cdc16,107,276,116,71
Cdc20,9,10,10,2
Cdc20b,0,0,0,0
Cdc23,207,412,226,118
Cdc25a,15,21,7,5
Cdc25b,246,632,319,255
Cdc25c,2,5,0,0
Cdc26,160,424,186,139
Cdc27,39,99,55,22
Cdc34,28,82,41,17
Cdc34b,1,1,0,1
Cdc37,235,585,289,175
Cdc37l1,232,786,262,195
Cdc40,163,388,140,120
Cdc42,368,1049,421,216
Cdc42bpa,449,1041,471,262
Cdc42bpb,102,245,113,46
Cdc42bpg,21,19,9,8
Cdc42ep1,12,29,10,6
Cdc42ep2,21,33,16,5
Cdc42ep3,52,356,155,50
Cdc42ep4,35,52,24,18
Cdc42ep5,3,21,12,7
Cdc42se1,40,117,52,38
Cdc42se2,432,955,395,332
Cdc45,4,5,4,0
Cdc5l,60,244,71,59
Cdc6,2,5,2,0
Cdc7,129,356,161,93
Cdc73,122,248,116,66
Cdca2,4,5,2,0
Cdca3,1,10,6,3
Cdca4,20,61,24,6
Cdca5,0,0,0,0
Cdca7,19,26,12,8
Cdca7l,35,45,25,30
Cdca8,14,27,10,7
Cdcp1,0,7,4,3
Cdcp2,0,0,0,0
Cdh1,3,36,10,6
Cdh10,286,1135,551,286
Cdh11,303,533,254,226
Cdh12,66,251,115,30
Cdh13,376,1010,426,215
Cdh15,17,20,10,8
Cdh16,0,0,0,0
Cdh17,1,1,0,0
Cdh18,48,223,105,42
Cdh19,18,44,16,7
Cdh2,1654,3546,1739,1290
Cdh20,48,121,57,53
Cdh22,48,241,127,53
Cdh23,7,8,2,3
Cdh24,4,9,5,3
Cdh26,1,0,0,1
Cdh3,0,4,0,1
Cdh4,57,276,166,20
Cdh5,31,70,42,14
Cdh6,1,21,7,4
Cdh7,57,366,140,56
Cdh8,353,609,248,264
Cdh9,456,529,221,287
Cdhr1,27,29,14,9
Cdhr2,3,7,4,2
Cdhr3,7,24,4,4
Cdhr4,6,15,2,8
Cdhr5,0,0,0,0
Cdip1,178,399,169,119
Cdipt,589,1681,680,377
Cdk1,3,0,0,1
Cdk10,143,314,167,81
Cdk11b,315,871,357,225
Cdk12,476,1395,628,347
Cdk13,62,149,69,37
Cdk14,584,1036,497,353
Cdk15,26,36,45,32
Cdk16,277,628,350,197
Cdk17,103,261,112,42
Cdk18,59,177,81,33
Cdk19,44,191,55,30
Cdk19os,0,1,0,1
Cdk2,1,13,4,4
Cdk20,46,103,45,34
Cdk2ap1,34,84,72,38
Cdk2ap2,101,343,132,56
Cdk4,192,511,225,123
Cdk5,618,1870,837,507
Cdk5r1,284,899,430,219
Cdk5r2,80,245,158,36
Cdk5rap1,20,57,24,13
Cdk5rap2,29,66,23,16
Cdk5rap3,218,552,261,178
Cdk6,27,64,34,13
Cdk7,77,181,109,45
Cdk8,200,494,254,169
Cdk9,173,502,238,118
Cdkal1,187,414,191,157
Cdkl1,55,148,75,27
Cdkl2,60,183,84,29
Cdkl3,66,234,105,58
Cdkl4,5,22,12,8
Cdkl5,118,367,198,74
Cdkn1a,18,74,40,8
Cdkn1b,32,74,31,19
Cdkn1c,40,71,22,23
Cdkn2a,6,7,3,1
Cdkn2aip,50,127,59,25
Cdkn2aipnl,18,70,29,14
Cdkn2b,4,15,2,0
Cdkn2c,8,18,6,3
Cdkn2d,82,247,102,63
Cdkn3,0,7,0,0
Cdnf,1,6,4,0
Cdo1,15,79,27,7
Cdon,24,58,20,8
Cdpf1,76,158,78,45
Cdr1,15,47,25,8
Cdr2,5,16,14,5
Cdr2l,30,80,37,24
Cdrt4,0,1,0,0
Cdrt4os1,0,0,0,0
Cdrt4os2,0,0,0,0
Cds1,196,481,236,137
Cds2,919,1853,1003,593
Cdsn,2,8,5,1
Cdt1,6,9,2,3
Cdv3,89,268,110,60
Cdx1,0,0,0,0
Cdx2,0,0,0,0
Cdx4,0,0,0,0
Cdyl,17,62,27,9
Cdyl2,52,303,138,49
Ceacam1,110,259,88,77
Ceacam10,0,2,2,0
Ceacam11,0,0,0,0
Ceacam12,0,0,0,0
Ceacam13,0,0,0,0
Ceacam14,0,0,0,0
Ceacam15,0,0,0,0
Ceacam16,0,0,0,1
Ceacam18,0,0,0,0
Ceacam19,0,0,0,0
Ceacam2,2,1,1,5
Ceacam20,0,0,0,0
Ceacam3,0,1,1,0
Ceacam5,0,0,0,0
Ceacam9,0,0,0,0
Cebpa,35,24,22,10
Cebpb,16,36,21,16
Cebpe,1,0,0,0
Cebpg,139,466,167,100
Cebpz,317,1003,394,231
Cebpzos,72,187,74,42
Cecr2,64,37,22,44
Cecr5,61,190,87,48
Cecr6,97,468,207,90
Cel,0,0,0,0
Cela1,12,4,9,2
Cela2a,0,0,0,0
Cela3a,0,0,0,0
Cela3b,0,0,0,0
Celf1,543,1426,633,309
Celf2,3915,10440,4799,2547
Celf3,1552,2862,1443,966
Celf4,1617,4253,2222,973
Celf5,1026,2182,1156,654
Celf6,83,139,88,48
Celrr,5,18,13,5
Celsr1,31,67,32,18
Celsr2,682,1264,615,439
Celsr3,173,385,242,141
Cemip,118,160,92,70
Cend1,253,741,348,146
Cenpa,8,50,28,9
Cenpb,64,112,60,13
Cenpc1,203,555,232,146
Cenpe,8,5,5,0
Cenpf,36,64,40,31
Cenph,11,33,20,3
Cenpi,1,3,2,0
Cenpj,6,18,9,2
Cenpk,6,19,13,2
Cenpl,3,19,2,5
Cenpm,25,63,16,11
Cenpn,3,6,3,0
Cenpo,19,68,26,13
Cenpp,8,8,6,4
Cenpq,13,38,13,3
Cenpt,74,255,118,67
Cenpu,18,35,22,13
Cenpv,59,183,70,39
Cenpw,13,60,24,14
Cep104,118,331,165,91
Cep112,30,69,29,20
Cep112os1,11,12,6,7
Cep120,33,65,30,18
Cep126,89,308,139,82
Cep128,3,28,12,6
Cep131,120,254,138,92
Cep135,82,198,98,68
Cep152,10,20,13,10
Cep162,241,584,298,186
Cep164,361,1344,548,284
Cep170,65,216,122,46
Cep170b,100,271,144,68
Cep19,269,831,284,190
Cep192,29,66,23,17
Cep250,105,235,119,74
Cep290,121,453,229,96
Cep295,166,476,231,130
Cep350,40,87,65,28
Cep41,7,40,15,10
Cep44,234,826,326,209
Cep55,0,0,2,0
Cep57,36,181,50,39
Cep57l1,133,399,171,125
Cep63,52,159,81,28
Cep68,30,111,46,24
Cep70,140,375,192,125
Cep72,7,15,7,4
Cep76,6,20,7,4
Cep78,244,636,229,160
Cep83,211,412,284,179
Cep83os,15,74,32,7
Cep85,62,155,50,22
Cep85l,12,38,29,11
Cep89,150,406,206,151
Cep95,57,137,75,22
Cep97,78,187,80,47
Cept1,355,1021,380,259
Cer1,0,0,0,0
Cercam,33,84,43,26
Cerk,38,96,42,15
Cerkl,53,71,31,22
Cers1,16,45,22,10
Cers2,428,1030,415,275
Cers3,0,1,2,0
Cers4,627,1563,696,403
Cers5,200,581,264,136
Cers6,377,725,336,223
Ces1a,0,1,0,0
Ces1b,0,0,0,0
Ces1c,0,0,0,0
Ces1d,0,1,1,3
Ces1e,0,1,0,0
Ces1f,0,6,1,1
Ces1g,0,0,0,0
Ces1h,0,2,1,0
Ces2a,0,0,0,0
Ces2b,0,4,0,0
Ces2c,0,0,0,0
Ces2d-ps,0,0,0,0
Ces2e,0,0,0,0
Ces2f,0,0,0,0
Ces2g,2,3,0,2
Ces2h,0,0,0,0
Ces3a,0,0,0,0
Ces3b,0,0,0,0
Ces4a,0,0,0,0
Ces5a,2,11,4,4
Cetn1,0,0,0,0
Cetn2,83,202,83,34
Cetn3,175,429,190,74
Cetn4,119,320,122,80
Cfap100,39,33,17,35
Cfap126,11,12,1,9
Cfap157,6,9,5,2
Cfap161,3,9,2,2
Cfap20,203,747,343,203
Cfap206,1,15,2,4
Cfap221,1,0,0,0
Cfap36,107,264,113,66
Cfap43,5,13,3,4
Cfap44,15,18,15,14
Cfap45,24,48,8,13
Cfap46,20,67,32,23
Cfap52,3,9,3,1
Cfap53,4,4,5,4
Cfap54,15,75,31,13
Cfap57,2,5,3,1
Cfap58,4,0,2,0
Cfap61,4,9,13,2
Cfap69,61,161,81,39
Cfap70,16,42,12,14
Cfap73,2,1,1,0
Cfap74,33,112,63,34
Cfap77,7,15,10,2
Cfap97,229,708,289,223
Cfap99,3,5,0,1
Cfb,0,0,0,1
Cfc1,0,1,0,0
Cfd,0,2,0,0
Cfdp1,192,538,260,162
Cfh,54,176,95,20
Cfhr1,0,0,0,0
Cfhr2,0,0,0,0
Cfi,0,1,0,0
Cfl1,585,1301,653,286
Cfl2,317,789,366,237
Cflar,87,210,110,92
Cfp,88,183,109,43
Cftr,2,3,4,0
Cga,0,0,0,0
Cggbp1,36,112,37,17
Cgn,83,216,133,75
Cgnl1,18,73,27,16
Cgref1,73,269,116,36
Cgrrf1,98,392,136,73
Ch25h,8,14,10,9
Chac1,5,28,8,11
Chac2,37,134,49,15
Chad,0,1,2,0
Chadl,97,302,142,87
Chaf1a,8,21,9,3
Chaf1b,1,7,4,0
Champ1,19,44,23,15
Chat,1,7,4,0
Chchd1,175,414,170,95
Chchd10,576,1404,650,288
Chchd2,639,1312,609,275
Chchd3,218,431,209,155
Chchd4,226,598,262,140
Chchd5,27,48,29,12
Chchd6,117,302,121,63
Chchd7,117,292,118,64
Chd1,157,439,200,103
Chd1l,13,38,16,9
Chd2,187,516,265,139
Chd3,1133,2506,1165,818
Chd3os,259,958,386,185
Chd4,587,1531,535,448
Chd5,510,1873,968,556
Chd6,598,2091,819,558
Chd7,103,184,69,67
Chd8,515,1050,532,283
Chd9,239,812,340,221
Chdh,3,12,4,9
Chek1,2,12,5,2
Chek2,25,35,12,12
Cherp,115,283,155,88
Chfr,296,807,318,226
Chga,1073,3065,1380,1149
Chgb,3425,8458,3413,3387
Chia1,5,28,11,2
Chic1,60,147,76,51
Chic2,193,462,185,126
Chid1,469,987,381,260
Chil1,153,130,96,91
Chil3,2,0,2,0
Chil4,0,0,0,0
Chil5,2,3,2,1
Chil6,1,1,0,0
Chit1,3,2,4,1
Chka,960,2538,1149,609
Chkb,774,2281,977,609
Chl1,552,952,418,352
Chm,90,192,102,59
Chml,9,28,11,8
Chmp1a,132,225,126,78
Chmp2a,201,533,261,131
Chmp2b,29,93,44,15
Chmp3,67,182,88,32
Chmp4b,111,281,112,60
Chmp4c,1,12,3,1
Chmp5,101,282,140,49
Chmp6,61,137,73,42
Chmp7,158,423,173,112
Chn1,722,1828,740,480
Chn1os1,1,10,6,6
Chn1os3,11,32,12,7
Chn2,22,55,31,4
Chodl,0,28,17,0
Chordc1,32,113,37,21
Chp1,60,157,77,26
Chp2,0,1,0,0
Chpf,311,629,309,252
Chpf2,542,1344,688,440
Chpt1,281,537,305,190
Chrac1,66,195,78,34
Chrd,994,917,518,626
Chrdl1,6,74,23,9
Chrdl2,0,3,3,4
Chrm1,511,1050,434,322
Chrm2,27,110,54,25
Chrm3,181,568,335,209
Chrm4,1,6,6,2
Chrm5,2,3,0,0
Chrna1,4,4,2,4
Chrna10,2,5,4,2
Chrna1os,6,34,12,2
Chrna2,0,5,1,0
Chrna3,2,3,4,4
Chrna4,83,282,152,82
Chrna5,17,23,12,12
Chrna6,0,1,5,3
Chrna7,10,16,8,4
Chrna9,1,2,0,1
Chrnb1,6,6,4,3
Chrnb2,100,279,151,80
Chrnb3,0,4,1,1
Chrnb4,6,2,1,9
Chrnd,0,0,0,0
Chrne,9,3,2,10
Chrng,6,5,4,3
Chst1,1427,2898,1220,798
Chst10,142,425,184,115
Chst11,110,188,75,57
Chst12,216,586,217,182
Chst13,1,3,1,2
Chst14,6,19,7,2
Chst15,106,228,73,56
Chst2,342,384,204,168
Chst3,1,18,9,2
Chst4,0,4,0,0
Chst5,5,24,7,13
Chst7,24,34,15,12
Chst8,142,253,107,113
Chst9,24,8,4,20
Chsy1,23,51,23,13
Chsy3,3,24,17,2
Chtf18,3,13,4,4
Chtf8,34,56,30,21
Chtop,92,258,118,37
Chuk,396,1376,642,244
Churc1,445,863,526,414
Ciao1,63,170,68,50
Ciapin1,62,197,93,48
Ciart,79,327,163,84
Cib1,28,43,20,12
Cib2,53,143,67,31
Cib3,0,1,0,0
Cib4,0,0,0,0
Cic,158,391,217,109
Cidea,94,105,36,39
Cideb,9,19,3,13
Cidec,0,0,0,0
Ciita,0,0,0,0
Cilp,1,6,0,0
Cilp2,6,10,9,4
Cinp,29,87,51,24
Cipc,58,235,92,36
Cir1,138,382,216,117
Cirbp,625,1781,753,468
Cirh1a,82,200,65,52
Cisd1,900,2186,787,430
Cisd2,348,1119,439,248
Cisd3,97,288,113,73
Cish,4,12,9,6
Cit,1425,7273,3438,1472
Cited1,2,10,7,5
Cited2,59,215,74,25
Cited4,10,69,26,6
Ciz1,256,615,303,200
Ckap2,2,2,0,0
Ckap2l,1,3,1,0
Ckap4,98,294,145,96
Ckap5,110,276,154,61
Ckb,2366,6995,3083,1304
Cklf,25,68,26,15
Ckm,1,6,0,1
Ckmt1,641,1748,711,480
Ckmt2,1,2,1,1
Cks1b,10,16,8,2
Cks1brt,0,1,0,0
Cks2,6,24,7,8
Clasp1,260,856,394,217
Clasp2,179,412,226,157
Clasrp,1350,3676,1758,1008
Clca1,0,0,0,0
Clca2,1,0,0,0
Clca3a1,2,11,9,4
Clca3a2,0,7,2,4
Clca3b,0,0,0,0
Clca4a,0,1,0,0
Clca4b,0,4,2,0
Clcc1,265,754,320,202
Clcf1,6,9,3,1
Clcn1,4,40,21,7
Clcn2,409,672,393,284
Clcn3,875,2328,932,535
Clcn4,388,937,402,260
Clcn5,34,112,59,31
Clcn6,162,438,207,120
Clcn7,294,582,335,213
Clcnka,0,0,0,0
Clcnkb,2,0,0,0
Cldn1,5,7,6,6
Cldn10,540,1511,551,484
Cldn11,1103,2074,807,350
Cldn12,92,330,146,65
Cldn13,0,0,0,0
Cldn14,2,2,0,1
Cldn15,0,1,1,0
Cldn16,0,0,0,0
Cldn17,0,0,0,0
Cldn18,0,1,0,0
Cldn19,5,7,4,0
Cldn2,4,4,1,9
Cldn20,0,3,1,0
Cldn22,26,65,22,21
Cldn23,7,18,0,5
Cldn24,0,0,0,0
Cldn3,3,13,7,9
Cldn34a,0,0,0,0
Cldn34b1,0,0,0,0
Cldn34b2,0,0,1,0
Cldn34b3,0,0,0,0
Cldn34b4,0,0,0,0
Cldn34c1,19,57,27,9
Cldn34c2,0,0,0,0
Cldn34c3,0,0,0,0
Cldn34c4,0,0,0,0
Cldn34d,0,0,0,0
Cldn4,0,0,0,0
Cldn5,392,1210,503,68
Cldn6,0,1,0,0
Cldn7,0,0,0,0
Cldn8,0,0,0,0
Cldn9,0,1,0,0
Cldnd1,333,964,374,195
Cldnd2,0,0,0,1
Clec10a,5,3,0,0
Clec11a,20,94,36,14
Clec12a,2,50,14,0
Clec12b,0,0,0,0
Clec14a,11,56,16,4
Clec16a,45,119,49,30
Clec18a,39,261,143,39
Clec1a,9,9,2,8
Clec1b,0,1,0,1
Clec2d,19,66,28,4
Clec2e,1,1,0,0
Clec2g,0,1,0,0
Clec2h,0,0,0,0
Clec2i,1,1,0,0
Clec2l,81,193,94,47
Clec3a,0,0,0,0
Clec3b,33,101,28,9
Clec4a1,1,1,4,0
Clec4a2,2,26,2,2
Clec4a3,2,19,4,2
Clec4a4,0,0,0,0
Clec4b1,1,4,0,0
Clec4b2,0,0,0,0
Clec4d,0,0,0,0
Clec4e,1,1,0,0
Clec4f,0,0,0,0
Clec4g,0,1,0,0
Clec4n,2,4,1,0
Clec5a,3,7,7,1
Clec9a,0,0,0,0
Clgn,31,82,51,25
Clhc1,2,4,0,1
Clic1,96,258,101,32
Clic3,2,3,0,3
Clic4,62,178,75,24
Clic5,4,30,15,4
Clic6,9,18,12,25
Clint1,48,96,56,24
Clip1,352,880,443,245
Clip2,38,138,66,33
Clip3,115,310,156,70
Clip4,121,300,117,60
Clk1,1223,3150,1580,998
Clk2,81,199,90,68
Clk3,138,419,193,99
Clk4,360,862,390,248
Clmn,200,273,109,94
Clmp,100,402,171,63
Cln3,243,682,326,193
Cln5,35,135,57,34
Cln6,32,75,24,19
Cln8,109,242,152,77
Clnk,0,2,0,0
Clnkos,0,0,0,0
Clns1a,113,252,111,68
Clock,756,1653,788,460
Clp1,15,64,29,13
Clpb,273,440,234,234
Clpp,816,1838,648,447
Clps,0,0,0,0
Clpsl2,0,0,0,0
Clptm1,781,1945,840,587
Clptm1l,433,1009,460,278
Clpx,45,106,55,45
Clrn1,15,19,4,7
Clrn2,0,0,0,0
Clrn3,0,0,1,0
Clspn,5,9,1,2
Clstn1,1952,6242,2782,1616
Clstn2,399,600,231,241
Clstn3,707,1998,1070,689
Clta,352,744,396,163
Cltb,508,1388,606,302
Cltc,343,871,453,211
Clu,7264,9993,5393,3394
Cluap1,152,404,212,111
Cluh,134,321,146,87
Clvs1,52,158,57,42
Clvs2,46,66,31,19
Clybl,47,74,40,26
Cma1,0,0,0,0
Cma2,0,0,0,0
Cmah,5,5,5,1
Cmas,118,344,133,66
Cmbl,18,30,12,14
Cmc1,24,59,34,3
Cmc2,95,487,181,72
Cmc4,35,111,60,23
Cmip,308,786,397,191
Cmklr1,4,11,7,3
Cml1,126,375,180,94
Cml2,1,0,0,1
Cml3,2,11,9,1
Cml5,9,30,12,6
Cmpk1,81,205,83,55
Cmpk2,12,21,14,5
Cmss1,11,36,11,9
Cmtm1,0,0,0,0
Cmtm2a,0,0,0,0
Cmtm2b,0,0,0,0
Cmtm3,41,75,44,19
Cmtm4,85,235,110,41
Cmtm5,270,726,235,168
Cmtm6,57,118,45,28
Cmtm7,13,44,17,6
Cmtm8,18,45,17,6
Cmtr1,118,326,144,92
Cmtr2,1,14,3,6
Cmya5,5,23,11,2
Cnbd1,0,0,0,0
Cnbd2,40,150,53,32
Cnbp,289,639,294,125
Cndp1,9,10,9,8
Cndp2,30,90,52,14
Cnep1r1,89,253,126,57
Cnfn,1,0,0,0
Cnga1,0,1,1,0
Cnga2,1,4,5,0
Cnga3,0,1,0,0
Cnga4,2,12,4,3
Cngb1,1,3,1,1
Cngb3,0,0,0,1
Cnih1,392,1270,461,225
Cnih2,1079,1273,518,541
Cnih3,205,440,211,113
Cnih4,222,529,200,117
Cnksr1,1,2,2,0
Cnksr2,197,457,245,144
Cnksr3,3,7,7,2
Cnn1,2,26,2,3
Cnn2,13,54,15,3
Cnn3,145,186,90,86
Cnnm1,350,656,314,218
Cnnm2,122,334,147,116
Cnnm3,126,345,159,108
Cnnm4,58,113,63,29
Cnot1,170,331,216,103
Cnot10,183,436,200,103
Cnot11,52,139,69,39
Cnot2,100,236,117,84
Cnot3,814,2169,1146,874
Cnot4,530,1531,600,389
Cnot6,78,206,98,35
Cnot6l,69,262,111,59
Cnot7,163,338,137,109
Cnot8,54,107,48,28
Cnp,240,455,175,90
Cnppd1,175,432,189,163
Cnpy1,0,0,0,1
Cnpy2,544,1188,426,262
Cnpy3,475,1059,455,303
Cnpy4,56,109,40,28
Cnr1,594,1034,502,301
Cnr2,0,2,0,0
Cnrip1,1098,2451,1020,711
Cnst,47,144,66,33
Cntd1,14,26,5,14
Cntf,0,0,0,0
Cntfr,284,722,337,188
Cntln,48,216,116,51
Cntn1,1130,2142,941,735
Cntn2,158,482,216,120
Cntn3,85,249,129,51
Cntn4,105,693,255,110
Cntn5,333,1530,532,269
Cntn6,58,249,140,43
Cntnap1,229,516,278,199
Cntnap2,266,817,400,248
Cntnap3,3,30,7,4
Cntnap4,129,253,133,83
Cntnap5a,1316,4146,2261,1080
Cntnap5b,22,42,11,13
Cntnap5c,81,81,41,51
Cntrl,85,217,99,52
Cntrob,69,262,115,82
Cntrobos,0,0,0,0
Coa3,193,437,201,93
Coa4,13,15,9,7
Coa5,37,84,57,17
Coa6,57,195,71,44
Coa7,43,147,51,33
Coasy,90,260,125,84
Cobl,24,205,115,27
Cobll1,25,54,22,19
Coch,24,350,164,39
Cog1,75,156,96,70
Cog2,96,259,126,74
Cog3,32,96,52,26
Cog4,132,395,173,82
Cog5,31,57,29,17
Cog6,60,163,77,47
Cog7,525,1523,641,457
Cog8,70,155,70,39
Coil,38,146,52,41
Col10a1,0,2,2,0
Col11a1,70,243,145,94
Col11a2,59,107,48,45
Col12a1,25,134,48,30
Col13a1,24,47,27,8
Col14a1,3,15,5,2
Col15a1,9,20,7,8
Col16a1,58,223,138,50
Col17a1,1,11,6,0
Col18a1,23,64,15,7
Col19a1,156,273,185,153
Col1a1,28,106,59,39
Col1a2,34,131,61,23
Col20a1,33,27,14,8
Col22a1,9,29,12,8
Col23a1,75,127,81,44
Col24a1,9,81,45,13
Col25a1,219,354,198,154
Col26a1,90,442,161,62
Col27a1,20,123,30,17
Col28a1,1,7,1,2
Col2a1,7,16,8,2
Col3a1,19,31,9,5
Col4a1,108,194,100,50
Col4a2,185,399,191,119
Col4a3,1,2,3,4
Col4a3bp,51,96,50,34
Col4a4,13,33,10,19
Col4a5,4,16,9,7
Col4a6,2,7,3,2
Col5a1,29,90,34,21
Col5a2,21,31,15,18
Col5a3,12,26,9,13
Col6a1,153,923,449,162
Col6a2,50,250,125,45
Col6a3,14,21,10,15
Col6a4,21,25,15,11
Col6a5,2,4,1,0
Col6a6,1,1,2,1
Col7a1,29,76,53,18
Col8a1,9,35,8,7
Col8a2,6,18,7,14
Col9a1,4,10,5,8
Col9a2,31,123,60,39
Col9a3,300,316,169,497
Colec10,0,0,0,0
Colec11,3,11,4,3
Colec12,25,77,47,13
Colgalt1,287,693,301,175
Colgalt2,13,35,26,9
Colq,0,5,6,2
Commd1,56,105,60,31
Commd10,36,105,56,42
Commd2,54,129,72,20
Commd3,343,786,345,186
Commd4,856,2158,926,581
Commd5,21,74,34,15
Commd6,45,140,64,23
Commd7,94,247,85,77
Commd8,48,102,53,24
Commd9,70,179,73,35
Comp,4,8,6,1
Comt,714,1781,819,529
Comtd1,281,612,287,199
Copa,245,724,332,174
Copb1,132,391,138,103
Copb2,68,149,73,33
Cope,642,1710,806,448
Copg1,248,728,389,158
Copg2,130,412,179,109
Coprs,82,158,82,40
Cops2,42,134,58,22
Cops3,133,348,158,91
Cops4,127,326,151,73
Cops5,183,512,197,120
Cops6,178,421,216,104
Cops7a,156,349,160,90
Cops7b,309,930,410,239
Cops8,298,837,339,199
Copz1,184,545,239,148
Copz2,30,96,37,24
Coq10a,59,159,75,35
Coq10b,74,380,106,54
Coq2,200,470,197,92
Coq3,68,145,61,49
Coq4,86,179,95,54
Coq5,596,1507,664,413
Coq6,77,183,64,44
Coq7,85,228,87,53
Coq9,102,259,82,60
Corin,4,3,6,2
Coro1a,209,602,272,131
Coro1b,245,598,280,170
Coro1c,106,177,81,44
Coro2a,23,76,43,16
Coro2b,108,257,127,76
Coro6,362,1012,683,492
Coro7,166,386,233,97
Cort,181,514,229,95
Cotl1,105,132,86,46
Cox10,102,375,164,94
Cox11,79,216,86,52
Cox14,243,566,249,131
Cox15,14,18,17,8
Cox16,31,155,35,21
Cox17,265,640,308,140
Cox18,84,210,105,47
Cox19,94,211,130,54
Cox20,288,541,313,252
Cox4i1,2392,5711,2561,1061
Cox4i2,2,49,15,2
Cox5a,438,1090,511,227
Cox5b,949,1763,940,418
Cox6a1,1271,2353,1169,498
Cox6a2,76,244,121,39
Cox6b1,836,1436,832,352
Cox6b2,52,122,43,57
Cox6c,1930,3880,1792,909
Cox7a1,14,22,3,8
Cox7a2,678,1527,667,302
Cox7a2l,342,713,321,151
Cox7b,582,1466,739,280
Cox7b2,5,22,11,4
Cox7c,1489,2972,1453,675
Cox8a,1862,3465,1806,749
Cox8b,19,9,2,11
Cox8c,0,0,0,0
Cp,49,132,68,27
Cpa1,0,0,0,0
Cpa2,4,13,5,2
Cpa3,0,0,0,0
Cpa4,0,1,1,0
Cpa5,0,1,0,0
Cpa6,41,82,56,57
Cpb1,3,2,0,0
Cpb2,1,0,1,0
Cpd,182,428,193,85
Cpe,5741,10572,4795,3836
Cpeb1,273,501,274,131
Cpeb2,70,225,147,43
Cpeb3,98,287,179,99
Cpeb4,163,331,181,111
Cped1,18,87,38,16
Cphx1,0,0,0,0
Cphx2,0,0,0,0
Cphx3,0,0,0,0
Cplx1,129,383,177,84
Cplx2,565,810,491,361
Cplx3,6,28,23,7
Cplx4,0,1,0,0
Cpm,21,29,12,10
Cpn1,0,4,2,0
Cpn2,0,1,0,0
Cpne1,1,5,2,0
Cpne2,196,275,134,160
Cpne3,70,185,105,58
Cpne4,607,1131,496,347
Cpne5,75,898,353,62
Cpne6,1747,1261,636,981
Cpne7,3004,1422,840,1590
Cpne8,83,198,91,64
Cpne9,36,412,219,35
Cpox,102,343,122,89
Cpped1,70,166,68,33
Cpq,111,274,143,107
Cps1,0,2,0,1
Cpsf1,85,210,113,53
Cpsf2,39,105,49,32
Cpsf3,90,198,107,55
Cpsf3l,187,498,231,137
Cpsf4,99,233,100,55
Cpsf4l,1,6,0,0
Cpsf6,487,1253,560,369
Cpsf7,141,270,108,66
Cpt1a,22,45,19,15
Cpt1b,0,1,0,0
Cpt1c,756,1550,756,515
Cpt2,10,22,6,4
Cptp,38,74,36,13
Cpvl,0,0,0,0
Cpxcr1,0,0,0,0
Cpxm1,29,83,56,26
Cpxm2,9,30,13,5
Cpz,2,3,2,0
Cr1l,182,451,229,141
Cr2,32,117,50,34
Crabp1,1,1,2,1
Crabp2,8,37,15,8
Cracr2a,0,11,3,3
Cracr2b,7,26,18,2
Cradd,9,26,20,7
Cramp1l,128,275,160,70
Crat,65,156,91,44
Crb1,2,9,12,0
Crb2,3,15,8,5
Crb3,11,15,7,8
Crbn,237,626,289,201
Crcp,48,98,52,18
Crct1,0,1,0,0
Creb1,88,219,98,39
Creb3,262,775,361,205
Creb3l1,5,20,5,3
Creb3l2,60,112,46,33
Creb3l3,10,12,6,5
Creb3l4,2,0,0,0
Creb5,29,61,30,18
Crebbp,255,690,303,181
Crebl2,63,154,57,45
Crebrf,90,260,112,57
Crebzf,239,613,352,205
Creg1,346,856,363,178
Creg2,413,888,360,273
Creld1,695,1879,871,488
Creld2,171,419,178,80
Crem,35,88,42,22
Crh,24,193,115,18
Crhbp,166,470,313,147
Crhr1,73,337,170,72
Crhr2,17,15,19,13
Crim1,240,328,142,171
Crip1,110,461,61,53
Crip2,162,825,288,99
Crip3,11,40,10,3
Cript,109,301,123,78
Crisp1,0,0,0,0
Crisp2,0,0,1,0
Crisp3,0,0,0,0
Crisp4,0,0,0,0
Crispld1,33,127,45,22
Crispld2,21,44,11,9
Crk,113,307,160,66
Crkl,4,11,8,3
Crlf1,306,43,23,170
Crlf2,390,890,450,251
Crlf3,146,329,151,109
Crls1,91,121,55,37
Crmp1,134,285,116,85
Crnde,7,15,7,5
Crnkl1,42,73,48,24
Crnn,0,0,0,0
Crocc,297,592,318,198
Crocc2,1,1,0,0
Crot,109,304,161,90
Crp,0,0,0,0
Crtac1,702,912,436,511
Crtam,1,2,0,0
Crtap,20,55,17,10
Crtc1,185,419,169,107
Crtc2,55,145,84,50
Crtc3,421,863,351,292
Crx,0,0,0,0
Crxos,0,3,1,0
Cry1,17,65,40,18
Cry2,172,624,261,138
Cryaa,0,0,2,0
Cryab,238,532,169,90
Cryba1,3,6,2,0
Cryba2,2,4,5,3
Cryba4,4,7,4,0
Crybb1,0,7,2,1
Crybb2,0,0,0,0
Crybb3,68,96,31,31
Crybg3,163,298,108,85
Cryga,0,2,2,0
Crygb,0,0,0,0
Crygc,2,0,0,0
Crygd,0,0,0,0
Cryge,1,0,0,0
Crygf,0,0,0,0
Crygn,4,12,7,1
Crygs,0,0,0,0
Cryl1,17,54,17,7
Crym,224,277,97,129
Cryz,20,48,35,11
Cryzl1,479,1185,543,347
Cs,100,197,97,47
Csad,150,299,143,103
Csdc2,155,401,216,107
Csde1,525,1225,615,325
Cse1l,84,288,119,46
Csf1,97,125,75,28
Csf1r,138,332,156,30
Csf2,0,0,0,0
Csf2ra,1107,2549,1229,827
Csf2rb,5,3,2,2
Csf2rb2,6,2,1,2
Csf3,0,1,0,0
Csf3r,21,26,18,8
Csgalnact1,55,206,99,36
Csgalnact2,38,92,49,15
Csk,32,112,55,28
Csl,0,0,0,0
Csmd1,3318,6045,3324,2815
Csmd2,386,1063,613,331
Csmd2os,0,2,1,0
Csmd3,574,1716,704,492
Csn1s1,0,0,0,0
Csn1s2a,0,1,0,0
Csn1s2b,0,0,0,0
Csn2,0,1,0,0
Csn3,0,4,4,2
Csnk1a1,793,2019,848,524
Csnk1d,116,272,135,82
Csnk1e,95,313,148,71
Csnk1g1,351,730,317,205
Csnk1g2,90,246,115,69
Csnk1g3,188,482,231,118
Csnk2a1,232,631,302,172
Csnk2a2,86,277,158,71
Csnk2b,141,433,198,99
Csnka2ip,0,0,0,0
Cspg4,35,130,66,55
Cspg5,1263,5413,2013,1025
Cspp1,896,2914,1416,677
Csprs,0,1,0,0
Csrnp1,10,34,6,3
Csrnp2,25,73,28,10
Csrnp3,136,449,204,123
Csrp1,172,403,128,73
Csrp2,26,89,42,25
Csrp2bp,25,55,22,25
Csrp3,0,0,0,0
Cst10,0,0,1,0
Cst11,0,1,0,0
Cst12,0,0,0,0
Cst13,0,0,0,0
Cst3,23551,36549,17343,8434
Cst6,30,163,53,25
Cst7,309,14,322,1
Cst8,0,0,0,0
Cst9,0,0,0,0
Csta1,0,0,0,0
Cstad,19,61,22,9
Cstb,91,193,96,36
Cstf1,37,73,22,19
Cstf2,283,862,513,226
Cstf2t,55,61,31,30
Cstf3,971,2901,1167,667
Cstl1,0,0,0,0
Ctag2,0,0,0,0
Ctage5,337,778,353,239
Ctbp1,179,393,199,107
Ctbp2,169,244,122,94
Ctbs,38,118,45,34
Ctc1,106,313,158,92
Ctcf,75,254,117,68
Ctcfl,0,0,0,0
Ctcflos,0,2,0,0
Ctdnep1,113,256,140,79
Ctdp1,16,41,29,16
Ctdsp1,37,122,40,39
Ctdsp2,114,190,83,45
Ctdspl,156,443,195,86
Ctdspl2,263,718,358,213
Ctf1,11,35,12,5
Ctf2,5,12,7,15
Ctgf,30,189,66,40
Cth,7,19,6,5
Cthrc1,66,349,141,62
Ctif,66,97,48,28
Ctla2a,79,162,114,15
Ctla2b,7,11,7,4
Ctla4,0,2,0,0
Ctnna1,52,151,66,22
Ctnna2,97,315,186,97
Ctnna3,11,26,14,12
Ctnnal1,57,213,96,52
Ctnnb1,244,516,234,134
Ctnnbip1,120,224,107,56
Ctnnbl1,103,270,144,100
Ctnnd1,38,117,74,18
Ctnnd2,203,541,251,168
Ctns,64,147,63,43
Ctps,39,95,53,19
Ctps2,71,195,90,41
Ctr9,150,327,160,111
Ctrb1,0,0,0,0
Ctrc,0,0,0,0
Ctrcos,0,0,0,0
Ctrl,7,15,8,6
Cts3,0,0,0,0
Cts6,0,0,0,0
Cts7,0,0,0,0
Cts8,0,0,0,0
Ctsa,656,1499,697,414
Ctsb,2798,6446,3066,1811
Ctsc,71,99,70,31
Ctsd,3000,4101,3176,1003
Ctse,2,0,2,0
Ctsf,456,1252,517,442
Ctsg,0,0,0,1
Ctsh,117,278,152,36
Ctsj,0,1,0,0
Ctsk,15,106,40,22
Ctsl,1899,4519,2165,1074
Ctsll3,0,0,0,0
Ctsm,0,0,0,0
Ctso,164,374,163,73
Ctsq,0,0,0,0
Ctsr,0,0,0,1
Ctss,789,1050,845,81
Ctsw,2,3,4,2
Ctsz,654,1191,818,237
Cttn,197,365,167,127
Cttnbp2,1707,2683,1155,1346
Cttnbp2nl,32,46,20,8
Ctu1,9,11,6,4
Ctu2,302,873,433,203
Ctxn1,480,1312,596,306
Ctxn2,65,129,78,30
Ctxn3,13,17,7,9
Cubn,2,5,2,2
Cuedc1,185,657,279,144
Cuedc2,299,793,396,176
Cul1,147,376,193,89
Cul2,103,253,143,70
Cul3,74,131,63,31
Cul4a,2797,3052,2402,2569
Cul4b,22,37,16,18
Cul5,201,613,257,148
Cul7,30,117,70,24
Cul9,317,786,416,261
Cuta,298,672,335,179
Cutal,3,2,1,0
Cutc,18,48,11,3
Cux1,157,808,409,134
Cux2,87,487,291,119
Cuzd1,0,6,1,1
Cwc15,109,276,131,55
Cwc22,44,107,62,22
Cwc25,58,232,78,45
Cwc27,84,274,138,66
Cwf19l1,29,67,35,20
Cwf19l2,213,589,276,194
Cwh43,54,367,159,80
Cx3cl1,1256,4302,1858,929
Cx3cr1,91,281,134,19
Cxadr,46,183,94,36
Cxcl1,1,1,0,1
Cxcl10,21,16,11,0
Cxcl12,290,557,215,115
Cxcl13,4,3,1,0
Cxcl14,548,1543,710,361
Cxcl15,1,1,0,1
Cxcl16,14,21,9,8
Cxcl17,0,1,0,0
Cxcl2,0,0,0,0
Cxcl3,0,0,0,0
Cxcl5,58,12,13,12
Cxcl9,1,4,0,0
Cxcr1,0,0,0,0
Cxcr2,20,32,21,19
Cxcr3,2,1,0,0
Cxcr4,4,2,3,9
Cxcr5,0,0,0,0
Cxcr6,6,4,1,2
Cxx1a,524,1741,768,382
Cxx1b,108,313,157,65
Cxx1c,22,86,26,8
Cxxc1,350,889,425,233
Cxxc4,120,399,204,76
Cxxc5,78,177,74,48
Cyb561,225,695,292,175
Cyb561a3,2,3,2,0
Cyb561d1,81,208,96,51
Cyb561d2,199,490,178,137
Cyb5a,131,441,158,63
Cyb5b,76,178,71,40
Cyb5d1,10,31,14,14
Cyb5d2,69,160,79,49
Cyb5r1,116,214,89,69
Cyb5r2,1,6,0,1
Cyb5r3,90,216,72,35
Cyb5r4,108,264,134,69
Cyb5rl,6,5,5,2
Cyba,312,429,242,44
Cybb,11,14,7,3
Cybrd1,17,5,6,5
Cyc1,942,2239,939,680
Cycs,243,612,278,128
Cyct,1,0,0,0
Cyfip1,348,541,255,224
Cyfip2,343,784,417,197
Cygb,105,183,93,68
Cyhr1,566,1580,590,396
Cylc1,2,0,0,0
Cylc2,0,0,0,1
Cyld,65,254,135,60
Cym,1,4,0,1
Cyp11a1,27,79,45,43
Cyp11b1,0,0,1,1
Cyp11b2,0,0,0,0
Cyp17a1,1,0,0,0
Cyp19a1,1,0,0,0
Cyp1a1,0,1,1,1
Cyp1a2,1,0,0,0
Cyp1b1,18,28,10,5
Cyp20a1,91,253,125,78
Cyp21a1,1,0,1,0
Cyp24a1,1,0,0,0
Cyp26a1,0,5,2,1
Cyp26b1,9,29,12,16
Cyp26c1,0,0,0,0
Cyp27a1,23,109,35,21
Cyp27b1,1,2,2,0
Cyp2a12,0,0,0,0
Cyp2a22,0,0,0,0
Cyp2a4,0,0,0,0
Cyp2a5,0,8,1,0
Cyp2ab1,0,1,1,0
Cyp2b10,0,0,0,0
Cyp2b13,0,0,0,0
Cyp2b19,0,0,0,0
Cyp2b23,0,0,0,0
Cyp2b9,1,0,0,0
Cyp2c29,0,0,0,0
Cyp2c37,0,0,0,0
Cyp2c38,0,0,0,0
Cyp2c39,0,0,0,0
Cyp2c40,0,0,0,0
Cyp2c44,0,5,3,0
Cyp2c50,0,0,0,0
Cyp2c54,0,0,0,0
Cyp2c55,0,0,0,0
Cyp2c65,0,0,1,0
Cyp2c66,0,0,0,0
Cyp2c67,0,0,0,0
Cyp2c68,0,0,0,0
Cyp2c69,0,0,0,0
Cyp2c70,0,0,0,0
Cyp2d10,0,0,0,0
Cyp2d11,1,0,0,0
Cyp2d12,0,0,0,0
Cyp2d22,74,138,54,58
Cyp2d26,0,1,1,0
Cyp2d34,0,0,0,0
Cyp2d37-ps,0,0,0,0
Cyp2d40,0,0,0,0
Cyp2d9,0,0,0,0
Cyp2e1,36,126,69,49
Cyp2f2,4,4,1,10
Cyp2g1,0,2,0,0
Cyp2j11,0,0,0,0
Cyp2j12,8,23,4,4
Cyp2j13,0,1,1,0
Cyp2j5,0,0,0,0
Cyp2j6,82,292,115,89
Cyp2j7,0,0,0,0
Cyp2j8,1,1,0,0
Cyp2j9,64,112,62,51
Cyp2r1,5,7,5,1
Cyp2s1,10,31,27,8
Cyp2t4,0,1,0,1
Cyp2u1,111,324,112,94
Cyp2w1,0,0,0,0
Cyp39a1,2,21,12,0
Cyp3a11,0,0,0,0
Cyp3a13,2,5,0,2
Cyp3a16,0,0,0,0
Cyp3a25,0,0,0,0
Cyp3a41a,0,0,0,0
Cyp3a41b,0,0,0,0
Cyp3a44,0,0,0,0
Cyp3a57,0,2,1,0
Cyp3a59,0,0,0,0
Cyp46a1,909,2879,1260,659
Cyp4a10,0,0,0,0
Cyp4a12a,0,0,0,0
Cyp4a12b,1,5,1,1
Cyp4a14,0,0,0,0
Cyp4a29,0,0,0,0
Cyp4a30b,0,0,0,0
Cyp4a31,1,0,0,1
Cyp4a32,0,0,0,0
Cyp4b1,0,8,4,0
Cyp4f13,69,181,54,74
Cyp4f14,42,61,43,40
Cyp4f15,51,154,64,76
Cyp4f16,21,63,27,27
Cyp4f17,0,5,1,2
Cyp4f18,150,237,122,119
Cyp4f37,0,0,0,0
Cyp4f39,0,0,0,0
Cyp4f40,0,0,0,0
Cyp4v3,42,50,31,12
Cyp4x1,48,162,92,45
Cyp4x1os,5,21,12,6
Cyp51,284,839,388,234
Cyp7a1,0,0,0,0
Cyp7b1,258,268,143,207
Cyp8b1,0,0,0,0
Cypt1,0,0,0,0
Cypt12,0,0,0,0
Cypt14,0,0,0,0
Cypt15,0,0,0,0
Cypt2,0,0,0,0
Cypt3,0,0,0,0
Cypt4,0,0,0,0
Cyr61,54,220,74,27
Cys1,90,149,74,82
Cysltr1,1,11,4,2
Cysltr2,0,1,0,0
Cysrt1,1,1,0,0
Cystm1,107,304,124,48
Cyth1,91,215,110,71
Cyth2,119,294,162,76
Cyth3,170,433,180,121
Cyth4,40,24,22,5
Cytip,1,3,3,1
Cytl1,0,41,0,4
Cyyr1,15,42,22,5
D030018L15Rik,0,2,0,0
D030025P21Rik,0,0,0,0
D030040B21Rik,1,7,1,2
D030044L04Rik,0,0,0,0
D030047H15Rik,3,6,2,3
D030055H07Rik,1,43,18,6
D030056L22Rik,28,87,48,29
D030068K23Rik,5,20,10,9
D10Jhu81e,89,216,71,54
D10Wsu102e,53,111,49,24
D11Wsu47e,14,39,20,13
D130017N08Rik,91,326,198,119
D130017N08Rik-1,0,0,0,0
D130020L05Rik,15,32,20,6
D130040H23Rik,0,15,2,3
D130043K22Rik,316,940,307,109
D130051D11Rik,6,4,3,6
D130052B06Rik,0,0,0,0
D13Ertd608e,0,0,0,1
D15Ertd621e,36,98,48,14
D16Ertd472e,14,12,6,7
D17H6S53E,67,145,74,42
D17Wsu92e,82,167,109,36
D1Ertd622e,78,317,176,48
D1Pas1,0,0,0,0
D230017M19Rik,38,91,47,30
D230025D16Rik,120,307,143,85
D2Wsu81e,239,631,243,138
D2hgdh,21,40,19,14
D330020A13Rik,0,6,0,1
D330045A20Rik,0,1,0,0
D330050G23Rik,6,22,10,3
D3Ertd254e,93,210,104,63
D3Ertd751e,190,584,259,153
D430019H16Rik,59,66,44,22
D430036J16Rik,6,34,15,6
D430041D05Rik,191,815,326,173
D430042O09Rik,538,1627,650,409
D530049I02Rik,0,0,0,0
D5Ertd577e,0,0,0,0
D5Ertd579e,391,887,400,266
D5Ertd605e,0,0,1,0
D5Ertd615e,1,6,1,1
D630003M21Rik,31,108,39,29
D630008O14Rik,0,1,1,0
D630011A20Rik,0,0,0,0
D630023F18Rik,13,32,14,15
D630024D03Rik,1,3,1,1
D630029K05Rik,2,2,0,0
D630033O11Rik,5,12,5,4
D630036H23Rik,16,41,19,18
D630039A03Rik,0,0,0,1
D630044L22Rik,1,0,0,3
D630045J12Rik,196,437,224,114
D6Ertd474e,1,0,0,0
D6Ertd527e,0,0,1,1
D6Wsu163e,40,85,43,14
D730001G18Rik,0,0,0,0
D730003I15Rik,73,234,83,48
D730045A05Rik,1,3,1,1
D730045B01Rik,5,21,13,10
D730048I06Rik,0,0,0,1
D7Ertd443e,4,15,2,1
D830013O20Rik,0,0,0,0
D830026I12Rik,4,4,1,1
D830030K20Rik,24,31,12,11
D830032E09Rik,0,0,0,0
D830039M14Rik,3,4,2,1
D830044D21Rik,2,0,0,0
D830044I16Rik,13,34,14,5
D8Ertd738e,229,518,248,111
D8Ertd82e,11,35,29,7
D930007J09Rik,2,0,0,0
D930007P13Rik,0,0,0,0
D930015E06Rik,123,257,112,111
D930016D06Rik,119,307,173,70
D930019O06Rik,4,13,4,4
D930020B18Rik,6,7,7,2
D930028M14Rik,1,3,0,0
D930030I03Rik,2,6,5,3
D930032P07Rik,4,2,0,0
D930048G16Rik,75,154,74,49
D930048N14Rik,36,87,39,41
DHRSX,92,226,115,67
DXBay18,0,0,0,0
Daam1,149,262,114,118
Daam2,71,123,43,52
Dab1,250,462,245,170
Dab2,44,104,50,36
Dab2ip,89,324,137,74
Dach1,10,47,20,8
Dach2,5,5,3,2
Dact1,8,20,12,4
Dact2,31,168,73,15
Dact3,83,161,104,44
Dad1,1719,4342,1667,921
Dag1,233,650,281,157
Dagla,249,424,197,182
Daglb,328,709,337,249
Dalir,4,12,6,1
Dalrd3,1671,3443,1744,991
Dancr,9,22,8,0
Dancr-1,89,211,62,27
Dand5,33,121,60,25
Dao,6,3,4,6
Dap,13,27,9,10
Dap3,183,426,194,121
Dapk1,205,347,172,103
Dapk2,4,16,13,1
Dapk3,165,490,230,110
Dapl1,10,35,7,2
Dapp1,10,12,6,3
Dars,243,421,224,163
Dars2,26,68,40,21
Daw1,3,2,0,4
Daxx,45,113,54,33
Dazap1,160,381,202,104
Dazap2,75,205,83,32
Dazl,10,19,9,6
Dbf4,11,22,12,6
Dbh,0,1,1,1
Dbhos,0,0,1,1
Dbi,1439,1628,902,332
Dbil5,8,9,4,3
Dbn1,971,1639,832,669
Dbndd1,22,49,21,6
Dbndd2,238,719,308,140
Dbnl,274,596,306,185
Dbp,257,799,332,172
Dbpht2,84,215,147,72
Dbr1,12,52,22,13
Dbt,39,103,48,24
Dbx1,0,0,0,0
Dbx2,81,119,55,35
Dcaf10,43,96,40,26
Dcaf11,206,506,260,178
Dcaf12,40,91,38,19
Dcaf12l1,24,75,40,15
Dcaf12l2,1,5,0,4
Dcaf13,41,118,44,41
Dcaf15,72,147,71,41
Dcaf17,586,1357,610,420
Dcaf4,33,90,43,18
Dcaf5,25,95,35,14
Dcaf6,278,293,179,200
Dcaf7,121,265,171,103
Dcaf8,404,1097,521,339
Dcakd,97,268,101,65
Dcbld1,67,133,69,44
Dcbld2,51,194,99,42
Dcc,67,126,62,66
Dcdc2a,27,51,17,7
Dcdc2b,100,228,135,79
Dcdc2c,4,1,0,0
Dchs1,37,88,39,26
Dchs2,8,12,9,4
Dck,8,47,16,7
Dclk1,2737,9935,4511,2235
Dclk2,119,180,97,54
Dclk3,8,33,19,5
Dclre1a,28,100,39,19
Dclre1b,14,50,19,14
Dclre1c,40,84,45,18
Dcn,506,471,139,273
Dcp1a,21,56,26,14
Dcp1b,73,232,143,82
Dcp2,44,97,31,22
Dcpp1,0,0,0,0
Dcpp2,0,0,0,0
Dcpp3,0,0,0,0
Dcps,17,67,34,7
Dcst1,2,13,6,5
Dcst2,3,8,6,2
Dcstamp,0,0,3,0
Dct,6,20,11,7
Dctd,28,77,53,25
Dctn1,397,815,431,275
Dctn2,365,893,422,221
Dctn3,230,618,286,137
Dctn4,86,178,96,67
Dctn5,75,216,100,54
Dctn6,165,454,229,105
Dctpp1,39,90,57,15
Dcun1d1,78,213,112,58
Dcun1d2,80,217,100,53
Dcun1d3,17,67,28,17
Dcun1d4,58,168,85,51
Dcun1d5,305,765,360,201
Dcx,209,883,395,158
Dcxr,27,37,20,9
Dda1,155,375,179,71
Ddah1,84,136,73,11
Ddah2,27,79,29,14
Ddb1,109,237,113,54
Ddb2,84,225,117,46
Ddc,9,28,6,3
Ddhd1,97,242,117,69
Ddhd2,371,1004,428,321
Ddi1,0,0,0,0
Ddi2,75,171,73,48
Ddias,1,2,1,1
Ddit3,50,170,59,24
Ddit4,72,141,72,54
Ddit4l,28,125,53,36
Ddn,285,208,179,131
Ddo,26,79,26,27
Ddost,783,1859,758,502
Ddr1,306,548,277,176
Ddr2,17,42,20,17
Ddrgk1,904,2418,1003,581
Ddt,98,229,108,49
Ddx1,177,530,252,145
Ddx10,98,228,119,62
Ddx11,4,14,5,3
Ddx17,533,1607,776,308
Ddx18,467,1531,566,370
Ddx19a,62,208,118,69
Ddx19b,35,82,45,20
Ddx20,20,41,25,14
Ddx21,143,416,199,131
Ddx23,82,213,107,71
Ddx24,1104,3344,1190,803
Ddx25,60,157,91,66
Ddx26b,199,432,211,102
Ddx27,250,643,318,201
Ddx28,51,102,31,26
Ddx31,28,37,24,15
Ddx39,181,500,254,154
Ddx39b,773,1820,954,634
Ddx3x,150,414,195,79
Ddx3y,234,461,251,191
Ddx4,2,5,3,4
Ddx41,425,1161,581,365
Ddx42,76,245,120,47
Ddx43,2,8,4,3
Ddx46,559,1866,819,438
Ddx47,183,502,231,116
Ddx49,90,249,91,62
Ddx5,4087,10400,4639,2739
Ddx50,108,303,149,77
Ddx51,73,136,65,38
Ddx52,40,132,59,37
Ddx54,56,141,84,43
Ddx55,485,1528,653,402
Ddx56,73,205,89,60
Ddx58,84,167,93,75
Ddx59,14,35,28,13
Ddx6,104,234,106,59
Ddx60,13,13,15,1
Deaf1,165,396,196,121
Deb1,140,381,154,74
Decr1,22,67,22,14
Decr2,129,270,122,68
Dedd,33,92,46,38
Dedd2,28,90,43,25
Def6,6,19,13,0
Def8,27,47,18,10
Defa-rs1,0,0,0,0
Defa-rs7,0,0,0,0
Defa17,0,0,0,0
Defa2,0,0,0,0
Defa20,0,0,0,0
Defa21,0,0,0,0
Defa22,0,0,0,0
Defa23,0,0,0,0
Defa24,0,0,0,0
Defa25,0,0,0,0
Defa26,0,0,0,0
Defa3,0,0,0,0
Defa5,0,0,0,0
Defb1,1,18,5,4
Defb10,0,0,0,0
Defb11,10,1,1,24
Defb12,0,0,0,0
Defb13,0,0,0,0
Defb14,0,0,0,0
Defb15,0,0,0,1
Defb18,0,0,0,0
Defb19,0,0,0,0
Defb2,0,0,0,0
Defb20,0,0,0,0
Defb21,0,0,0,0
Defb22,0,0,0,0
Defb23,0,0,0,0
Defb25,0,1,0,0
Defb26,0,0,0,0
Defb28,0,0,0,0
Defb29,0,0,0,0
Defb3,0,0,0,0
Defb30,0,1,0,0
Defb33,0,0,0,0
Defb34,0,0,0,0
Defb35,0,0,0,0
Defb36,0,0,0,0
Defb37,0,0,0,0
Defb38,0,0,0,0
Defb39,0,0,0,0
Defb4,0,0,0,0
Defb40,0,0,0,0
Defb41,0,0,0,0
Defb42,3,3,3,1
Defb43,1,0,0,0
Defb45,0,0,0,0
Defb46,0,0,0,0
Defb47,1,0,1,0
Defb48,0,0,0,0
Defb5,0,0,0,0
Defb50,0,1,0,0
Defb6,0,0,0,0
Defb7,0,0,0,0
Defb8,0,0,0,0
Defb9,0,0,0,0
Degs1,582,1498,590,465
Degs2,20,73,35,14
Dek,79,200,116,59
Dennd1a,225,596,258,163
Dennd1b,155,315,179,129
Dennd1c,7,19,5,2
Dennd2a,98,191,92,86
Dennd2c,3,10,7,9
Dennd2d,2,2,2,0
Dennd3,15,39,29,11
Dennd4a,63,192,94,44
Dennd4b,80,160,89,35
Dennd4c,295,766,353,239
Dennd5a,172,329,159,93
Dennd5b,574,1624,897,478
Dennd6a,82,235,107,68
Dennd6b,1249,4043,1982,992
Denr,143,377,192,104
Depdc1a,3,10,5,2
Depdc1b,1,4,0,1
Depdc5,122,220,129,76
Depdc7,18,9,6,12
Deptor,29,178,79,33
Dera,13,44,28,19
Derl1,433,867,370,260
Derl2,235,605,252,138
Derl3,8,31,24,7
Des,10,22,6,1
Desi1,137,309,142,76
Desi2,128,370,143,98
Det1,32,66,29,13
Dexi,86,227,98,48
Dffa,156,506,184,102
Dffb,216,436,161,137
Dfna5,1145,2783,1200,1050
Dfnb59,0,1,0,0
Dgat1,266,682,291,197
Dgat2,590,838,375,408
Dgat2l6,20,85,41,6
Dgcr14,67,175,98,59
Dgcr2,283,539,249,169
Dgcr6,103,281,108,68
Dgcr8,102,284,129,74
Dgka,43,75,43,30
Dgkb,93,270,106,37
Dgkd,233,497,237,156
Dgke,220,594,266,145
Dgkeos,0,2,1,0
Dgkg,967,668,394,515
Dgkh,27,130,56,26
Dgki,40,114,40,33
Dgkk,1,4,1,0
Dgkq,105,186,99,74
Dgkz,897,1728,969,443
Dguok,489,1179,499,270
Dhcr24,324,927,529,248
Dhcr7,280,621,301,189
Dhdds,85,255,88,50
Dhdh,6,23,10,1
Dhfr,21,62,33,13
Dhh,0,4,1,1
Dhodh,82,200,103,61
Dhps,369,1115,440,244
Dhrs1,175,407,182,121
Dhrs11,46,119,51,37
Dhrs13,44,154,78,31
Dhrs13os,2,9,3,4
Dhrs2,0,2,0,0
Dhrs3,83,199,101,51
Dhrs4,71,98,48,48
Dhrs7,409,1221,427,322
Dhrs7b,264,708,262,171
Dhrs7c,0,0,0,0
Dhrs9,0,1,0,0
Dhtkd1,32,74,40,18
Dhx15,141,409,166,90
Dhx16,76,214,105,85
Dhx29,31,70,27,26
Dhx30,1646,4283,1872,1119
Dhx32,80,195,87,46
Dhx33,77,118,78,52
Dhx34,31,62,30,21
Dhx35,37,95,52,29
Dhx36,333,772,374,192
Dhx37,27,41,20,12
Dhx38,25,70,34,16
Dhx40,48,108,65,23
Dhx57,55,170,97,31
Dhx58,14,33,22,5
Dhx58os,0,5,1,0
Dhx8,36,104,49,28
Dhx9,204,415,217,114
Diablo,188,645,276,151
Diaph1,58,148,74,37
Diaph2,82,194,100,58
Diaph3,12,21,12,5
Dicer1,211,515,228,125
Dido1,216,595,280,155
Diexf,54,129,59,36
Dimt1,152,347,163,107
Dio1,0,0,0,0
Dio2,20,32,19,12
Dio3,15,7,5,6
Dip2a,113,236,134,61
Dip2b,227,813,367,175
Dip2c,97,277,135,77
Diras1,33,66,50,16
Diras2,55,166,84,29
Dirc2,178,518,266,120
Dis3,18,37,17,9
Dis3l,33,94,38,26
Dis3l2,116,337,127,111
Disc1,33,33,14,28
Disp1,18,84,40,10
Disp2,576,1180,594,441
Dixdc1,138,442,197,116
Dkc1,93,227,105,64
Dkk1,1,3,1,0
Dkk2,9,24,18,11
Dkk3,787,1894,894,775
Dkk4,0,0,0,0
Dkkl1,16,715,200,18
Dlat,111,324,126,73
Dlc1,81,262,129,57
Dld,71,189,90,60
Dlec1,18,24,12,11
Dleu7,13,19,15,10
Dlg1,226,897,525,209
Dlg2,311,867,435,216
Dlg3,57,94,50,33
Dlg4,303,519,315,176
Dlg5,33,55,33,10
Dlgap1,3328,8514,3641,2599
Dlgap2,359,770,374,209
Dlgap3,100,307,167,61
Dlgap4,296,845,408,204
Dlgap5,1,3,1,1
Dlk1,57,119,67,31
Dlk2,173,726,373,159
Dll1,24,46,23,16
Dll3,23,62,21,14
Dll4,5,17,6,2
Dlst,108,238,113,57
Dlx1,38,80,48,29
Dlx1as,21,35,19,13
Dlx2,18,41,27,13
Dlx3,0,1,0,0
Dlx4,0,5,2,0
Dlx4os,0,0,0,0
Dlx5,21,61,33,19
Dlx6,23,69,40,24
Dlx6os1,66,192,87,57
Dmap1,132,346,160,106
Dmbt1,0,0,0,0
Dmbx1,0,0,1,0
Dmc1,6,12,5,1
Dmd,369,1052,521,299
Dmgdh,1,3,0,0
Dmkn,2,100,22,1
Dmp1,12,24,13,6
Dmpk,63,151,79,52
Dmrt1,0,0,0,0
Dmrt2,2,3,0,0
Dmrt3,0,0,0,1
Dmrta1,0,0,0,0
Dmrta2,7,27,12,11
Dmrta2os,10,18,5,21
Dmrtb1,0,8,2,1
Dmrtc1a,13,58,33,10
Dmrtc1b,0,0,0,0
Dmrtc1c1,0,0,0,0
Dmrtc1c2,0,0,0,0
Dmrtc2,0,0,0,1
Dmtf1,141,371,194,79
Dmtn,382,778,459,300
Dmwd,85,177,92,50
Dmxl1,209,463,242,111
Dmxl2,471,1182,611,305
Dna2,35,58,29,18
Dnaaf1,2,3,1,0
Dnaaf2,8,24,16,5
Dnaaf3,4,5,4,6
Dnaaf5,14,49,23,13
Dnah1,28,48,22,14
Dnah10,2,8,0,1
Dnah11,1,3,2,6
Dnah12,5,13,1,4
Dnah14,4,19,4,2
Dnah17,23,60,36,15
Dnah2,12,14,7,2
Dnah2os,1,2,0,0
Dnah3,13,47,18,13
Dnah5,9,16,3,4
Dnah6,12,32,12,12
Dnah7a,15,62,35,16
Dnah7b,14,13,18,7
Dnah7c,2,3,1,2
Dnah8,1,1,0,1
Dnah9,93,32,23,49
Dnaic1,10,28,9,4
Dnaic2,3,4,0,3
Dnaja1,441,1138,467,277
Dnaja2,132,294,134,76
Dnaja3,45,137,54,30
Dnaja4,38,117,50,38
Dnajb1,27,63,60,12
Dnajb11,701,1707,701,458
Dnajb12,92,177,73,74
Dnajb13,0,1,0,1
Dnajb14,487,886,428,248
Dnajb2,137,409,180,99
Dnajb3,8,11,3,4
Dnajb4,433,1256,533,273
Dnajb5,65,208,92,51
Dnajb6,274,765,304,170
Dnajb7,0,3,3,1
Dnajb8,0,0,0,0
Dnajb9,517,1707,614,352
Dnajc1,394,899,388,242
Dnajc10,270,842,382,172
Dnajc11,215,586,278,180
Dnajc12,22,48,14,11
Dnajc13,99,289,142,69
Dnajc14,67,144,67,44
Dnajc15,121,349,121,65
Dnajc16,198,444,194,101
Dnajc17,109,202,106,51
Dnajc18,310,768,325,176
Dnajc19,419,1195,470,270
Dnajc2,132,355,201,104
Dnajc21,83,361,167,77
Dnajc22,0,0,0,1
Dnajc24,38,68,29,14
Dnajc25,61,191,75,41
Dnajc27,75,168,92,41
Dnajc28,8,21,8,5
Dnajc3,307,787,307,171
Dnajc30,120,333,145,91
Dnajc4,157,367,151,95
Dnajc5,300,714,354,200
Dnajc5b,2,0,0,0
Dnajc5g,0,0,0,0
Dnajc6,95,257,135,44
Dnajc7,227,555,296,160
Dnajc8,182,609,265,119
Dnajc9,33,70,39,24
Dnal1,69,147,72,29
Dnal4,145,386,143,82
Dnali1,2,2,0,0
Dnase1,1,0,1,0
Dnase1l1,10,38,20,4
Dnase1l2,34,66,36,13
Dnase1l3,0,2,1,0
Dnase2a,104,208,113,90
Dnase2b,0,2,0,0
Dnd1,14,23,9,11
Dner,524,1438,713,377
Dnhd1,14,33,20,9
Dnlz,195,362,208,112
Dnm1,371,887,573,265
Dnm1l,399,1395,535,334
Dnm2,350,805,339,240
Dnm3,321,1220,644,292
Dnm3os,16,52,34,15
Dnmbp,1,6,3,0
Dnmt1,40,126,60,40
Dnmt3a,694,1963,957,519
Dnmt3aos,98,280,170,89
Dnmt3b,5,17,6,5
Dnmt3bos,0,0,0,0
Dnmt3l,0,3,0,2
Dnpep,163,561,218,129
Dnph1,1,12,6,6
Dntt,0,0,0,0
Dnttip1,85,195,79,43
Dnttip2,66,226,82,66
Doc2a,29,151,83,21
Doc2b,40,27,10,18
Doc2g,37,99,50,40
Dock1,25,46,17,7
Dock10,439,417,178,212
Dock11,25,40,27,23
Dock2,8,8,7,1
Dock3,307,1149,547,195
Dock4,50,51,28,42
Dock5,7,11,7,8
Dock6,50,101,58,31
Dock7,214,653,316,130
Dock8,5,10,3,1
Dock9,165,265,124,88
Dohh,137,327,173,85
Dok1,7,20,11,8
Dok2,0,8,3,1
Dok3,51,74,51,26
Dok4,32,68,35,21
Dok5,29,71,43,20
Dok6,106,188,81,82
Dok7,32,109,53,24
Dolk,233,632,277,163
Dolpp1,75,251,82,38
Donson,100,246,146,79
Dopey1,470,1209,606,398
Dopey2,110,278,169,76
Dot1l,340,807,397,217
Doxl2,0,0,0,0
Dpagt1,113,240,118,97
Dpcd,119,318,157,77
Dpcr1,3,8,3,0
Dpep1,1,0,0,1
Dpep2,3,8,6,0
Dpep3,0,0,0,0
Dpf1,328,685,291,205
Dpf2,286,680,344,221
Dpf3,73,69,19,49
Dph1,8,14,11,4
Dph2,66,134,62,39
Dph3,111,475,155,76
Dph5,281,545,242,150
Dph6,96,308,109,55
Dph7,104,262,111,67
Dpm1,875,2141,953,674
Dpm2,776,2003,886,483
Dpm3,467,1343,424,221
Dpp10,130,907,425,143
Dpp3,64,217,101,47
Dpp4,9,49,19,9
Dpp6,974,1537,746,672
Dpp7,356,829,423,246
Dpp8,19,54,26,12
Dpp9,120,277,123,66
Dppa1,0,3,0,0
Dppa2,0,0,0,0
Dppa3,0,0,0,0
Dppa4,0,0,0,0
Dppa5a,1,1,0,1
Dpt,0,0,0,0
Dpy19l1,152,634,312,97
Dpy19l2,1,8,0,3
Dpy19l3,205,380,186,135
Dpy19l4,71,203,90,36
Dpy30,84,269,112,64
Dpyd,96,131,59,55
Dpys,1,12,4,1
Dpysl2,457,1166,550,295
Dpysl3,38,79,26,20
Dpysl4,158,324,171,106
Dpysl5,42,70,48,33
Dqx1,12,40,11,26
Dr1,27,49,32,11
Dram1,7,15,4,4
Dram2,194,476,214,103
Drap1,241,421,198,125
Draxin,0,2,0,1
Drc1,77,247,138,71
Drc7,6,3,3,11
Drd1,41,498,174,27
Drd2,0,1,1,0
Drd3,0,1,1,0
Drd4,9,33,9,2
Drd5,51,25,6,46
Drg1,99,270,117,90
Drg2,95,226,108,68
Drosha,95,204,93,42
Drp2,86,249,137,54
Drr1,1,0,0,0
Dsc1,0,0,0,0
Dsc2,27,39,13,16
Dsc3,16,5,1,10
Dscam,183,403,189,122
Dscaml1,176,188,100,108
Dscc1,1,10,1,0
Dscr3,31,91,38,11
Dse,32,62,25,17
Dsel,67,213,100,39
Dsg1a,0,0,0,0
Dsg1b,0,0,0,0
Dsg1c,0,1,0,0
Dsg2,16,26,14,11
Dsg3,0,0,1,0
Dsg4,0,0,0,0
Dsn1,1,10,1,5
Dsp,19,0,0,8
Dspp,0,0,0,0
Dst,753,2126,1155,539
Dstn,385,1027,445,297
Dstyk,263,798,361,214
Dtd1,117,287,117,80
Dtd2,27,58,31,14
Dthd1,0,0,0,0
Dtl,14,194,66,7
Dtna,194,484,207,116
Dtnb,269,725,342,183
Dtnbos,98,244,116,68
Dtnbp1,56,198,103,45
Dtwd1,47,93,44,27
Dtwd2,17,23,24,11
Dtx1,61,169,75,68
Dtx2,28,83,33,27
Dtx3,2701,6375,2996,1935
Dtx3l,18,27,23,8
Dtx4,34,94,37,16
Dtymk,160,564,231,109
Dubr,21,33,15,12
Duox1,1,0,1,1
Duox2,1,0,0,0
Duoxa1,1,0,0,1
Duoxa2,0,0,0,0
Dupd1,0,1,1,0
Dus1l,137,410,189,122
Dus2,186,486,196,130
Dus3l,746,1686,913,550
Dus4l,24,70,35,18
Dusp1,30,330,58,46
Dusp10,19,54,39,7
Dusp11,258,708,299,192
Dusp12,60,153,52,36
Dusp13,0,2,1,1
Dusp14,33,264,76,24
Dusp15,192,623,316,178
Dusp16,31,72,27,32
Dusp18,65,170,71,30
Dusp19,42,86,49,22
Dusp2,7,27,7,5
Dusp21,0,0,0,0
Dusp22,36,68,53,11
Dusp23,51,100,48,26
Dusp26,100,471,200,73
Dusp27,0,3,0,0
Dusp28,40,98,39,18
Dusp3,236,753,372,200
Dusp4,24,22,12,18
Dusp5,7,16,9,6
Dusp6,34,156,62,28
Dusp7,56,137,81,39
Dusp8,120,288,160,60
Dusp9,3,8,5,2
Dut,51,126,63,36
Duxbl1,0,0,0,0
Duxbl2,0,0,0,0
Duxbl3,1,0,0,1
Duxf3,0,0,0,0
Dvl1,148,328,174,80
Dvl2,239,573,281,197
Dvl3,168,413,192,128
Dxo,135,348,154,94
Dydc1,0,0,0,0
Dydc2,3,2,4,1
Dym,42,127,67,24
Dynap,0,0,0,0
Dync1h1,394,880,456,229
Dync1i1,155,355,178,120
Dync1i2,684,1995,1017,566
Dync1li1,165,369,173,113
Dync1li2,171,549,244,104
Dync2h1,252,505,280,134
Dync2li1,41,101,47,27
Dynll1,1034,2269,962,585
Dynll2,255,561,293,126
Dynlrb1,352,901,372,167
Dynlrb2,12,10,4,4
Dynlt1a,38,73,42,26
Dynlt1b,2,9,9,3
Dynlt1c,113,387,157,82
Dynlt1f,5,25,12,10
Dynlt3,112,274,109,47
Dyrk1a,117,293,115,74
Dyrk1b,39,45,21,11
Dyrk2,1,1,0,0
Dyrk3,16,32,10,14
Dyrk4,1,1,0,0
Dysf,2,16,7,4
Dytn,0,2,0,0
Dyx1c1,8,12,7,4
Dyx1c1Ccpg1,0,0,0,0
Dzank1,120,353,183,81
Dzip1,97,205,133,66
Dzip1l,125,443,169,116
Dzip3,792,1982,763,486
E030013I19Rik,6,4,2,2
E030018B13Rik,0,4,1,2
E030025P04Rik,1,3,0,0
E030030I06Rik,1,1,1,1
E030037K01Rik,0,6,0,1
E030044B06Rik,0,3,3,0
E130006D01Rik,3,3,2,3
E130012A19Rik,30,145,80,30
E130018N17Rik,0,0,0,0
E130018O15Rik,0,0,0,0
E130102H24Rik,74,352,102,79
E130111B04Rik,4,0,0,0
E130114P18Rik,16,40,16,13
E130116L18Rik,1,1,1,2
E130120K24Rik,0,0,0,0
E130208F15Rik,1,2,2,0
E130218I03Rik,0,1,0,0
E130304I02Rik,4,10,6,1
E130308A19Rik,57,150,51,40
E130309D02Rik,54,162,64,48
E130309D14Rik,28,86,39,25
E130311K13Rik,96,208,69,62
E230001N04Rik,76,148,75,45
E230013L22Rik,1,0,0,2
E230025N22Rik,1,7,5,1
E2f1,21,120,60,20
E2f2,1,4,0,0
E2f3,32,58,35,23
E2f4,89,234,115,65
E2f5,29,84,36,15
E2f6,26,85,46,20
E2f7,1,3,3,7
E2f8,2,1,0,0
E330009J07Rik,36,140,66,31
E330010L02Rik,0,0,0,0
E330012B07Rik,0,0,0,0
E330013P04Rik,10,17,4,6
E330014E10Rik,0,0,0,0
E330016L19Rik,0,0,0,0
E330017A01Rik,0,0,0,0
E330017L17Rik,0,3,0,0
E330021D16Rik,0,0,0,0
E330023G01Rik,0,0,0,0
E330034G19Rik,2,1,0,0
E430018J23Rik,15,40,10,12
E430024P14Rik,36,94,68,24
E430025E21Rik,33,93,44,21
E4f1,428,999,533,270
E530001K10Rik,5,31,5,5
EU599041,0,0,0,0
Eaf1,12,35,14,6
Eaf2,13,22,15,9
Eapp,83,217,117,46
Ear1,0,0,0,0
Ear10,0,0,0,0
Ear14,0,0,0,0
Ear2,0,1,0,0
Ear6,0,0,0,0
Ears2,15,48,21,15
Ebag9,95,238,95,61
Ebf1,35,278,147,39
Ebf2,5,6,5,4
Ebf3,2,1,0,0
Ebf4,44,70,29,29
Ebi3,8,45,15,4
Ebna1bp2,206,496,253,127
Ebp,340,720,347,199
Ebpl,233,564,232,148
Ecd,125,277,148,115
Ece1,149,505,246,74
Ece2,381,791,393,248
Ecel1,41,125,69,21
Ech1,226,425,166,115
Echdc1,145,376,121,97
Echdc2,409,656,327,234
Echdc3,4,5,4,1
Echs1,127,294,136,79
Eci1,50,101,45,30
Eci2,56,153,73,33
Eci3,0,1,1,2
Ecm1,61,175,73,28
Ecm2,22,42,21,21
Ecscr,20,134,27,4
Ecsit,150,278,151,94
Ect2,1,1,1,2
Ect2l,1,0,0,1
Eda,11,21,16,11
Eda2r,0,2,0,0
Edar,1,2,1,0
Edaradd,9,10,2,5
Edc3,17,65,29,20
Edc4,148,303,157,105
Eddm3b,0,0,0,0
Edem1,35,108,41,26
Edem2,189,401,162,132
Edem3,126,277,130,66
Edf1,469,1158,576,294
Edil3,667,1909,783,487
Edn1,9,83,21,3
Edn2,0,3,1,0
Edn3,9,24,11,6
Ednra,17,43,14,11
Ednrb,139,301,137,115
Edrf1,36,83,39,25
Eea1,76,162,83,31
Eed,56,177,91,39
Eef1a1,1396,2098,1283,570
Eef1a2,109,355,178,79
Eef1b2,445,1044,480,267
Eef1d,223,422,193,98
Eef1e1,65,155,82,23
Eef1g,546,1184,572,326
Eef2,703,1239,739,466
Eef2k,121,400,211,79
Eef2kmt,19,62,25,17
Eefsec,861,2073,732,568
Eepd1,30,83,39,9
Efcab1,33,80,25,16
Efcab10,24,57,19,12
Efcab11,0,0,0,0
Efcab12,24,101,44,26
Efcab14,249,655,291,153
Efcab2,41,81,38,28
Efcab3,2,7,4,1
Efcab5,8,24,7,3
Efcab6,20,108,35,16
Efcab7,10,21,11,9
Efcab8,0,0,0,0
Efcab9,1,2,0,1
Efcc1,48,145,65,34
Efemp1,127,340,129,65
Efemp2,127,224,98,65
Efhb,2,0,2,2
Efhc1,1,3,2,0
Efhc2,0,5,5,3
Efhd1,12,48,11,6
Efhd1os,0,0,0,0
Efhd2,105,516,226,75
Efna1,73,98,31,35
Efna2,53,124,40,31
Efna3,316,706,310,237
Efna4,6,7,5,0
Efna5,96,726,366,113
Efnb1,65,176,69,35
Efnb2,127,353,219,95
Efnb3,599,979,394,322
Efr3a,282,637,310,186
Efr3b,100,287,158,66
Efs,34,61,14,26
Eftud1,69,171,81,47
Eftud2,521,1252,587,369
Egf,33,68,54,15
Egfem1,150,142,78,85
Egfl6,16,29,6,18
Egfl7,255,745,309,154
Egfl8,144,281,145,106
Egflam,6,18,9,5
Egfr,29,101,52,25
Egfros,1,10,1,0
Egln1,51,90,52,18
Egln2,116,319,132,90
Egln3,2,11,7,2
Egr1,46,455,157,47
Egr2,0,13,4,0
Egr3,1,4,2,2
Egr4,117,702,176,146
Ehbp1,161,315,167,115
Ehbp1l1,67,231,99,58
Ehd1,59,53,15,35
Ehd2,11,32,8,7
Ehd3,67,86,47,37
Ehd4,15,48,30,7
Ehf,0,0,0,0
Ehhadh,4,2,2,4
Ehmt1,151,448,195,115
Ehmt2,278,538,261,158
Ei24,310,811,310,174
Eid1,109,341,136,51
Eid2,5,33,18,7
Eid2b,36,100,41,25
Eif1,1699,4913,2407,1090
Eif1a,57,128,43,26
Eif1ad,61,159,87,47
Eif1ax,55,164,74,37
Eif1b,596,1325,551,330
Eif2a,191,656,277,219
Eif2ak1,144,394,144,74
Eif2ak2,15,22,16,5
Eif2ak3,51,158,81,41
Eif2ak4,78,170,66,56
Eif2b1,50,102,59,20
Eif2b2,74,220,102,45
Eif2b3,51,118,67,36
Eif2b4,553,1234,555,358
Eif2b5,91,173,90,46
Eif2c5,0,0,0,0
Eif2d,301,751,366,205
Eif2s1,52,113,43,22
Eif2s2,526,1466,697,416
Eif2s3x,43,104,42,35
Eif2s3y,1017,2885,1222,768
Eif3a,240,570,287,141
Eif3b,73,186,112,56
Eif3c,188,489,213,121
Eif3d,93,254,104,63
Eif3e,178,359,163,90
Eif3f,315,547,293,134
Eif3g,271,650,306,194
Eif3h,177,372,180,82
Eif3i,117,267,122,67
Eif3j1,116,317,112,51
Eif3j2,8,8,6,0
Eif3k,268,533,285,123
Eif3l,76,184,89,61
Eif3m,185,488,242,123
Eif4a1,723,1669,687,529
Eif4a2,828,1815,862,505
Eif4a3,80,221,85,49
Eif4b,134,243,169,99
Eif4e,106,331,143,58
Eif4e1b,0,0,0,0
Eif4e2,75,198,98,53
Eif4e3,123,251,133,73
Eif4ebp1,12,58,28,8
Eif4ebp2,24,66,21,12
Eif4ebp3,1,0,0,0
Eif4enif1,101,228,115,71
Eif4g1,800,1656,1044,686
Eif4g2,297,641,286,159
Eif4g3,764,2373,1120,586
Eif4h,212,624,255,154
Eif5,316,744,308,146
Eif5a,274,603,291,133
Eif5a2,9,26,15,4
Eif5b,905,2252,985,638
Eif6,167,335,168,145
Elac1,22,56,29,12
Elac2,63,143,74,41
Elane,0,0,0,0
Elavl1,200,548,205,128
Elavl2,459,1273,709,346
Elavl3,728,1832,920,490
Elavl4,148,489,234,112
Elf1,9,23,23,8
Elf2,34,84,20,22
Elf3,1,1,0,0
Elf4,1,2,2,1
Elf5,5,4,1,2
Elfn1,62,170,92,64
Elfn2,179,386,198,123
Elk1,60,163,70,43
Elk3,25,46,39,16
Elk4,62,133,64,38
Ell,72,185,124,80
Ell2,15,51,31,9
Ell3,0,0,0,1
Elmo1,144,962,433,120
Elmo2,168,324,163,110
Elmo3,6,15,12,11
Elmod1,907,1891,780,485
Elmod2,40,125,56,32
Elmod3,68,123,55,46
Elmsan1,20,22,9,8
Eln,66,125,41,43
Elof1,80,260,103,51
Elovl1,129,361,151,72
Elovl2,26,55,22,17
Elovl3,1,0,0,0
Elovl4,425,1085,474,297
Elovl5,279,594,316,203
Elovl6,136,405,193,92
Elovl7,68,173,57,49
Elp2,153,392,177,116
Elp3,41,144,51,39
Elp4,24,60,22,18
Elp5,87,266,110,65
Elp6,102,239,101,42
Emb,157,477,185,130
Emc1,473,1130,543,351
Emc10,1667,4174,1643,1227
Emc2,135,334,141,95
Emc3,788,2163,933,526
Emc4,972,2640,1048,584
Emc6,244,553,200,122
Emc7,1159,3488,1210,711
Emc8,113,299,122,69
Emc9,205,582,225,168
Emcn,44,129,40,25
Emd,84,259,110,71
Eme1,2,0,0,0
Eme2,38,80,42,36
Emg1,341,816,337,210
Emid1,34,141,45,35
Emilin1,16,33,13,17
Emilin2,11,23,5,9
Emilin3,1,0,0,0
Eml1,28,102,64,27
Eml2,276,652,329,180
Eml3,18,31,24,18
Eml4,77,175,79,41
Eml5,209,529,281,153
Eml6,113,248,110,76
Emp1,10,16,7,2
Emp2,104,195,74,53
Emp3,66,198,83,27
Emsy,413,1182,613,347
Emx1,15,74,31,8
Emx2,29,34,16,12
Emx2os,17,23,10,15
En1,0,0,0,0
En2,0,1,1,0
Enah,923,1724,867,625
Enam,0,1,0,0
Enc1,170,386,188,78
Endod1,256,592,279,163
Endog,102,298,122,86
Endou,4,138,50,1
Endov,57,97,57,39
Eng,47,168,87,12
Engase,23,45,33,11
Enho,77,179,84,36
Enkd1,100,274,115,78
Enkur,12,25,18,12
Eno1,838,2482,1006,580
Eno1b,21,57,13,16
Eno2,369,793,446,299
Eno3,16,79,31,24
Eno4,5,21,9,4
Enoph1,62,157,60,31
Enox1,130,216,91,85
Enox2,19,34,17,4
Enpep,4,15,8,4
Enpp1,15,42,14,7
Enpp2,884,1892,787,883
Enpp3,0,0,1,0
Enpp4,132,349,158,79
Enpp5,693,2093,894,599
Enpp6,38,74,23,20
Enpp7,0,0,0,0
Ensa,362,1224,471,292
Enthd1,0,0,0,0
Enthd2,40,125,62,29
Entpd1,20,56,24,3
Entpd2,92,224,103,81
Entpd3,38,104,50,23
Entpd4,0,0,0,0
Entpd5,46,132,58,34
Entpd6,373,686,358,245
Entpd7,75,180,87,52
Entpd8,0,0,0,0
Eny2,204,483,225,103
Eogt,38,98,47,22
Eomes,1,1,1,2
Ep300,135,410,210,111
Ep400,246,614,282,184
Epas1,78,235,107,31
Epb41,53,434,175,51
Epb41l1,189,470,251,113
Epb41l2,29,131,48,14
Epb41l3,217,598,342,198
Epb41l4a,9,7,3,2
Epb41l4aos,67,186,101,45
Epb41l4b,48,221,106,49
Epb41l5,23,64,37,19
Epb42,0,0,0,0
Epc1,160,406,175,107
Epc2,44,158,61,25
Epcam,2,8,3,10
Epdr1,510,1206,460,309
Epg5,32,88,45,32
Epgn,0,0,0,1
Epha1,0,5,0,1
Epha10,473,1324,681,333
Epha2,0,3,2,2
Epha3,218,247,132,136
Epha4,1468,1946,866,947
Epha5,3977,8967,3526,3063
Epha6,94,108,43,74
Epha7,1702,1476,711,1175
Epha8,19,62,39,13
Ephb1,73,278,137,62
Ephb2,114,181,85,66
Ephb3,70,181,99,41
Ephb4,12,21,1,4
Ephb6,228,985,445,214
Ephx1,49,118,57,29
Ephx2,21,48,28,14
Ephx3,2,2,2,0
Ephx4,267,986,358,194
Epm2a,12,32,17,8
Epm2aip1,50,211,83,43
Epn1,602,1040,610,413
Epn2,221,505,228,135
Epn3,2,1,1,8
Epo,0,0,0,0
Epor,40,143,51,23
Eppin,0,0,0,0
Eprs,294,790,373,204
Eps15,284,631,342,175
Eps15l1,129,261,139,91
Eps8,42,50,27,27
Eps8l1,12,22,19,14
Eps8l2,17,29,10,31
Eps8l3,0,2,0,0
Epsti1,2,1,3,2
Ept1,225,741,332,198
Epx,1,0,0,1
Epyc,0,0,0,0
Eqtn,9,31,8,4
Eral1,48,74,43,21
Erap1,16,18,19,10
Eras,1,2,1,0
Erbb2,5,15,7,1
Erbb2ip,79,136,83,26
Erbb3,8,40,20,8
Erbb4,111,280,120,53
Erc1,327,800,370,218
Erc2,419,1009,431,301
Ercc1,82,219,97,46
Ercc2,90,162,91,61
Ercc3,22,75,28,15
Ercc4,32,92,53,26
Ercc5,50,133,70,35
Ercc6,34,109,53,29
Ercc6l,0,0,0,0
Ercc6l2,29,73,22,14
Ercc8,103,192,101,69
Erdr1,908,1956,1163,703
Ereg,0,0,0,0
Erf,81,341,158,69
Erg,2,11,3,1
Ergic1,139,408,227,93
Ergic2,317,981,409,226
Ergic3,910,2263,933,609
Erh,198,446,197,96
Eri1,14,28,16,4
Eri2,53,160,86,34
Eri3,166,385,159,102
Erich1,44,112,51,44
Erich2,2,3,1,6
Erich2os,1,0,0,0
Erich3,10,31,21,12
Erich4,0,2,1,0
Erich5,4,8,0,3
Erich6,12,36,17,9
Erich6b,0,0,0,0
Erlec1,424,1203,488,283
Erlin1,103,353,156,74
Erlin2,104,195,85,58
Ermap,1,1,1,1
Ermard,170,360,190,130
Ermn,72,187,46,41
Ermp1,360,541,220,198
Ern1,33,44,24,15
Ern2,1,6,1,0
Ero1l,110,366,147,77
Ero1lb,47,144,57,38
Erp27,4,1,1,0
Erp29,998,2500,1101,564
Erp44,298,710,246,250
Errfi1,20,73,27,19
Erv3,1,0,0,0
Esam,43,179,90,11
Esco1,56,187,85,35
Esco2,0,4,0,0
Esd,110,267,166,82
Esf1,467,1307,578,323
Esm1,6,3,2,0
Esp1,0,0,0,0
Esp15,1,1,0,0
Esp16,0,0,0,0
Esp18,0,0,0,0
Esp23,0,0,0,0
Esp24,0,0,0,0
Esp3,0,0,0,0
Esp31,0,0,0,0
Esp34,0,0,0,0
Esp36,0,0,1,0
Esp38,0,0,0,0
Esp4,0,0,0,0
Esp6,0,1,0,0
Esp6Esp5,0,0,0,0
Esp8,0,0,0,0
Espl1,1,9,4,3
Espn,25,72,33,24
Espnl,0,3,0,0
Esr1,5,20,4,5
Esr2,4,5,0,1
Esrp1,0,0,0,0
Esrp2,0,0,0,0
Esrra,89,235,116,71
Esrrb,0,1,3,0
Esrrg,6,14,9,4
Esx1,0,0,0,0
Esyt1,25,72,38,24
Esyt2,98,212,128,61
Esyt3,26,26,24,6
Etaa1,17,67,23,8
Etaa1os,4,23,11,5
Etd,0,0,0,0
Etf1,52,102,54,32
Etfa,76,161,72,42
Etfb,95,160,91,57
Etfdh,108,249,145,102
Ethe1,31,78,39,11
Etl4,124,535,223,112
Etnk1,332,1049,504,224
Etnk2,49,495,188,38
Etnppl,18,146,31,55
Etohi1,14,20,6,3
Etos1,1,2,1,0
Ets1,21,54,30,9
Ets2,34,109,41,22
Etv1,303,640,275,248
Etv2,0,0,0,0
Etv3,51,121,62,27
Etv4,15,70,37,25
Etv5,66,314,146,58
Etv6,17,94,47,13
Eva1a,45,128,53,38
Eva1b,45,97,35,11
Eva1c,19,48,16,15
Evc,52,93,42,41
Evc2,88,140,72,59
Evi2a,146,503,127,85
Evi2b,0,0,0,0
Evi5,111,373,165,70
Evi5l,102,257,151,75
Evl,284,738,385,174
Evpl,13,13,7,7
Evx1,0,0,0,0
Evx1os,0,0,0,0
Evx2,0,0,0,0
Ewsr1,817,1888,997,517
Exd1,7,14,10,3
Exd2,177,446,191,97
Exo1,2,9,4,1
Exo5,19,73,29,12
Exoc1,180,439,222,124
Exoc2,24,64,30,18
Exoc3,72,239,93,51
Exoc3l,2,5,4,2
Exoc3l2,1,1,2,0
Exoc3l4,3,6,3,9
Exoc4,275,784,331,225
Exoc5,203,477,237,114
Exoc6,18,58,22,12
Exoc6b,469,843,411,357
Exoc7,104,275,118,72
Exoc8,152,471,192,148
Exog,23,58,30,12
Exosc1,92,201,91,48
Exosc10,205,519,203,153
Exosc2,141,316,180,135
Exosc3,27,68,33,18
Exosc4,93,202,99,57
Exosc5,43,110,50,17
Exosc7,160,507,202,107
Exosc8,141,432,209,95
Exosc9,99,313,155,79
Exph5,31,313,143,21
Ext1,174,589,286,147
Ext2,229,658,261,177
Extl1,72,165,84,73
Extl2,395,955,367,292
Extl3,208,612,293,111
Eya1,72,118,50,72
Eya2,1,14,2,2
Eya3,16,65,20,15
Eya4,2,6,1,2
Ezh1,185,267,139,128
Ezh2,59,217,113,71
Ezr,72,83,31,41
F10,0,2,0,0
F11,0,1,0,0
F11r,37,89,45,14
F12,10,63,26,10
F13a1,2,10,0,0
F13b,1,0,0,0
F2,32,80,41,12
F2r,14,35,18,3
F2rl1,0,5,0,0
F2rl2,5,31,12,0
F2rl3,0,1,1,1
F3,523,1301,663,498
F420014N23Rik,2,4,4,2
F5,11,3,6,8
F630028O10Rik,0,7,3,0
F630040K05Rik,0,5,3,2
F7,1,0,0,0
F730016J06Rik,3,2,0,0
F730035M05Rik,0,0,0,0
F730035P03Rik,1,0,0,0
F730311O21Rik,0,0,0,0
F8,4,20,8,6
F830016B08Rik,4,7,0,0
F830045P16Rik,0,0,0,0
F8a,23,80,26,13
F9,0,0,0,0
F930015N05Rik,1,20,4,5
F930017D23Rik,0,0,0,0
FRMPD2,0,7,0,2
Fa2h,78,244,66,52
Faah,1293,2229,889,709
Faap100,205,367,172,124
Faap20,36,128,54,21
Faap24,10,26,17,5
Fabp1,0,0,0,0
Fabp12,0,0,0,0
Fabp2,0,0,0,0
Fabp3,95,285,117,52
Fabp3-ps1,63,119,66,58
Fabp4,0,2,0,0
Fabp5,378,733,378,152
Fabp6,0,0,0,0
Fabp7,64,183,106,34
Fabp9,0,0,0,0
Fadd,3,16,11,1
Faddos,0,0,0,0
Fads1,253,521,287,156
Fads2,54,126,52,39
Fads3,110,313,126,82
Fads6,80,238,114,62
Faf1,94,221,107,72
Faf2,250,647,296,203
Fah,81,237,118,54
Fahd1,54,208,86,37
Fahd2a,96,272,118,76
Faim,198,342,134,83
Faim2,2300,5539,2398,1590
Faiml,0,0,0,0
Fam101a,11,28,9,12
Fam101b,16,40,16,5
Fam102a,46,98,51,26
Fam102b,19,65,31,8
Fam103a1,153,462,193,102
Fam104a,167,430,185,91
Fam105a,135,431,146,110
Fam107a,106,130,92,48
Fam107b,8,14,9,8
Fam109a,18,28,14,8
Fam109b,1,3,2,0
Fam110a,6,32,9,8
Fam110b,135,372,138,91
Fam110c,0,0,0,0
Fam111a,3,21,8,0
Fam114a1,6,13,5,2
Fam114a2,183,428,190,96
Fam117a,17,39,13,10
Fam117b,36,154,52,26
Fam118a,29,98,33,24
Fam118b,68,136,77,29
Fam120a,112,239,132,55
Fam120aos,7,28,10,7
Fam120b,91,217,96,51
Fam120c,8,45,17,10
Fam122a,233,440,164,144
Fam122b,2,9,6,2
Fam122c,0,0,0,0
Fam124a,18,49,30,19
Fam124b,0,0,0,0
Fam126a,79,130,69,34
Fam126b,278,708,339,186
Fam129a,3,11,4,2
Fam129b,23,51,24,10
Fam129c,18,60,21,15
Fam131a,378,648,330,319
Fam131b,38,115,49,26
Fam131c,9,17,9,4
Fam132a,185,520,219,138
Fam132b,0,6,1,0
Fam133b,872,2441,960,706
Fam134a,676,1626,682,487
Fam134b,256,733,308,187
Fam134c,165,360,200,105
Fam135a,119,345,170,90
Fam135b,40,78,31,23
Fam136a,46,112,48,28
Fam136b-ps,0,0,1,0
Fam13a,250,514,251,188
Fam13b,79,233,97,48
Fam13c,90,180,94,48
Fam149a,12,30,17,5
Fam149b,126,403,143,77
Fam150a,0,1,1,0
Fam150b,29,24,7,11
Fam151a,1,1,0,0
Fam151b,3,21,11,7
Fam155a,187,369,175,89
Fam159a,0,1,0,0
Fam159b,10,21,7,9
Fam160a1,15,20,7,8
Fam160a2,104,272,160,77
Fam160b1,47,144,70,40
Fam160b2,103,277,173,113
Fam161a,7,29,5,7
Fam161b,59,254,136,62
Fam162a,81,168,72,66
Fam162b,0,0,0,0
Fam163a,5,8,6,2
Fam163b,158,283,100,96
Fam166a,2,2,2,0
Fam166b,9,12,4,6
Fam167a,0,5,1,3
Fam167b,2,7,6,1
Fam168a,214,424,233,109
Fam168b,127,330,154,75
Fam169a,17,65,39,16
Fam169b,1,1,0,0
Fam170a,0,0,0,0
Fam170b,0,0,0,0
Fam171a1,116,302,154,78
Fam171a2,431,1045,447,259
Fam171b,1241,2813,1147,739
Fam172a,95,317,138,85
Fam173a,1812,5087,1994,1214
Fam173b,38,76,30,23
Fam174a,387,847,337,189
Fam174b,86,206,102,51
Fam175a,119,338,133,86
Fam175b,47,152,54,26
Fam177a,532,1265,572,405
Fam178a,195,633,268,125
Fam178b,0,0,1,1
Fam179a,2,22,10,2
Fam179b,57,134,61,29
Fam180a,6,45,25,2
Fam181a,11,37,12,10
Fam181b,21,74,34,16
Fam183b,16,18,9,8
Fam184a,105,273,147,74
Fam184b,77,230,127,47
Fam185a,28,95,37,22
Fam186a,0,0,0,0
Fam186b,0,7,1,2
Fam187a,0,0,0,0
Fam187b,2,3,0,1
Fam188a,190,359,161,102
Fam188b,18,58,21,15
Fam189a1,125,338,172,129
Fam189a2,25,76,43,19
Fam189b,328,877,415,271
Fam192a,48,126,49,31
Fam193a,210,618,270,138
Fam193b,186,427,242,131
Fam195a,51,111,47,26
Fam195b,185,384,152,91
Fam196a,6,28,9,4
Fam196b,0,1,0,0
Fam198a,10,24,12,9
Fam198b,22,73,25,15
Fam199x,59,146,61,29
Fam19a1,6328,10034,4737,4539
Fam19a2,92,142,54,52
Fam19a3,0,0,0,0
Fam19a4,2,7,2,2
Fam19a5,178,271,129,95
Fam204a,66,161,64,52
Fam205a1,0,1,0,0
Fam205a2,0,0,0,0
Fam205a2-1,0,0,0,0
Fam205a3,0,0,0,0
Fam205a4,0,0,0,0
Fam205c,1,8,3,1
Fam206a,46,145,64,33
Fam207a,38,135,58,34
Fam208a,125,290,139,81
Fam208b,51,155,64,30
Fam209,3,0,2,1
Fam20a,47,142,60,46
Fam20b,102,270,127,70
Fam20c,146,390,205,113
Fam21,203,429,241,153
Fam210a,26,87,35,25
Fam210b,27,53,17,21
Fam212a,19,44,16,12
Fam212b,46,183,74,43
Fam213a,1091,2039,862,714
Fam213b,102,243,127,62
Fam214a,91,219,99,46
Fam214b,182,429,207,153
Fam216a,250,632,341,214
Fam216b,0,0,0,0
Fam217a,1,1,1,1
Fam217b,23,78,54,18
Fam219a,131,364,194,88
Fam219aos,0,1,0,0
Fam219b,49,128,63,41
Fam220a,502,995,378,355
Fam221a,3,2,5,3
Fam221b,3,11,7,6
Fam222a,50,77,46,29
Fam222b,44,164,66,32
Fam227a,57,209,97,48
Fam227b,1,0,0,0
Fam228a,21,43,15,14
Fam228b,24,61,18,29
Fam229a,4,7,3,0
Fam229b,252,594,252,156
Fam234a,44,105,53,41
Fam234b,300,767,376,206
Fam24a,0,0,0,0
Fam25c,1,2,0,0
Fam26d,0,0,0,0
Fam26e,60,138,54,34
Fam26f,2,16,12,3
Fam32a,117,234,119,58
Fam35a,12,29,20,13
Fam3a,221,470,220,133
Fam3b,0,0,0,0
Fam3c,428,1144,458,247
Fam43a,23,61,33,15
Fam43b,17,86,33,15
Fam45a,48,165,76,39
Fam46a,16,43,14,12
Fam46b,0,0,0,0
Fam46c,6,8,6,5
Fam46d,0,0,0,0
Fam47c,0,0,0,0
Fam47e,2,3,1,0
Fam49a,125,308,150,85
Fam49b,137,424,202,99
Fam50a,329,911,398,239
Fam50b,0,0,0,0
Fam53a,60,203,66,44
Fam53b,345,1011,368,215
Fam53c,47,96,45,21
Fam57a,31,75,24,14
Fam57b,924,1807,907,668
Fam58b,107,293,95,64
Fam60a,229,379,240,162
Fam63a,34,95,49,16
Fam63b,134,375,168,51
Fam64a,0,2,3,0
Fam65a,119,290,124,62
Fam65b,146,290,166,99
Fam65c,1,2,1,0
Fam69a,148,368,140,76
Fam69b,716,1942,750,527
Fam69c,22,45,21,11
Fam71a,0,0,0,0
Fam71b,0,1,2,0
Fam71d,1,0,1,1
Fam71e1,38,185,80,54
Fam71e2,0,0,0,0
Fam71f1,0,0,0,0
Fam71f2,1,7,5,3
Fam72a,6,9,10,5
Fam73a,201,548,264,152
Fam73b,241,578,342,174
Fam76a,95,256,139,49
Fam76b,75,223,118,51
Fam78a,5,30,7,1
Fam78b,30,82,30,10
Fam81a,79,239,130,55
Fam81b,3,1,1,4
Fam83a,0,5,4,1
Fam83b,1,3,0,0
Fam83c,0,0,0,1
Fam83d,1,3,0,0
Fam83e,3,0,1,1
Fam83f,0,5,1,0
Fam83g,0,0,0,0
Fam83h,2,7,5,0
Fam84a,43,76,29,19
Fam84b,17,13,5,9
Fam89a,2,2,2,3
Fam89b,1,1,5,2
Fam8a1,210,607,232,130
Fam90a1a,0,0,0,0
Fam90a1b,0,0,0,0
Fam92a,267,695,306,182
Fam92b,2,4,1,1
Fam96a,49,147,72,24
Fam96b,156,400,160,90
Fam98a,76,283,98,43
Fam98b,31,133,51,19
Fam98c,270,889,390,202
Fan1,94,185,100,78
Fanca,4,19,13,3
Fancb,10,28,13,2
Fancc,22,54,30,7
Fancd2,13,44,22,9
Fancd2os,0,1,0,1
Fance,136,289,121,100
Fancf,6,12,8,5
Fancg,77,179,95,57
Fanci,0,1,2,1
Fancl,25,63,36,11
Fancm,26,69,22,12
Fank1,8,28,11,3
Fap,9,52,17,4
Far1,270,786,346,151
Far1os,0,3,1,2
Far2,55,229,94,46
Far2os1,83,164,71,44
Far2os2,3,17,14,0
Farp1,54,182,122,45
Farp2,54,131,62,38
Fars2,41,72,39,17
Farsa,386,930,460,289
Farsb,99,172,107,48
Fas,14,24,14,3
Fasl,0,0,0,0
Fasn,80,182,78,44
Fastk,634,1562,774,517
Fastkd1,55,108,60,50
Fastkd2,19,50,21,23
Fastkd3,29,53,26,23
Fastkd5,7,13,4,5
Fat1,41,141,67,27
Fat2,1,3,0,0
Fat3,161,475,230,104
Fat4,28,26,17,16
Fate1,2,7,1,1
Fau,1357,2145,1308,448
Faxc,31,117,68,29
Fbf1,116,288,130,86
Fbl,927,2600,1290,828
Fblim1,5,9,4,2
Fbll1,10,36,24,11
Fbln1,120,170,60,82
Fbln2,57,102,69,31
Fbln5,28,98,32,17
Fbln7,5,32,19,4
Fbn1,12,31,17,15
Fbn2,31,29,8,19
Fbp1,0,3,3,0
Fbp2,0,0,0,0
Fbrs,86,209,85,64
Fbrsl1,137,270,149,77
Fbxl12,62,245,107,54
Fbxl12os,20,58,15,19
Fbxl13,3,6,4,1
Fbxl14,40,86,43,27
Fbxl15,181,547,240,138
Fbxl16,295,622,324,165
Fbxl17,35,91,46,14
Fbxl18,148,285,153,83
Fbxl19,81,184,102,58
Fbxl2,172,516,243,109
Fbxl20,146,371,155,97
Fbxl21,16,23,18,7
Fbxl22,7,27,11,5
Fbxl3,110,334,131,66
Fbxl4,51,147,64,37
Fbxl5,179,554,238,101
Fbxl6,520,1257,577,372
Fbxl7,0,1,0,0
Fbxl8,15,47,14,8
Fbxo10,79,186,81,50
Fbxo11,232,599,277,176
Fbxo15,2,1,0,0
Fbxo16,19,67,31,15
Fbxo17,10,35,15,6
Fbxo18,132,358,173,93
Fbxo2,259,590,271,127
Fbxo21,436,982,377,267
Fbxo22,73,195,95,48
Fbxo24,2,2,2,0
Fbxo25,78,200,87,58
Fbxo27,186,458,183,144
Fbxo28,43,161,67,35
Fbxo3,92,340,137,68
Fbxo30,25,72,21,23
Fbxo31,115,254,145,81
Fbxo32,20,87,23,7
Fbxo33,113,318,115,61
Fbxo34,63,154,61,48
Fbxo36,40,123,60,23
Fbxo38,262,645,248,151
Fbxo39,0,0,0,0
Fbxo4,35,91,35,17
Fbxo40,0,1,0,0
Fbxo41,216,574,302,152
Fbxo42,18,68,33,15
Fbxo43,0,1,2,0
Fbxo44,255,717,322,187
Fbxo45,30,71,25,12
Fbxo46,73,209,101,100
Fbxo47,3,4,0,1
Fbxo48,2,0,0,1
Fbxo5,9,11,10,2
Fbxo6,48,158,57,23
Fbxo7,75,262,92,57
Fbxo8,163,358,213,88
Fbxo9,156,356,198,114
Fbxw10,39,58,21,29
Fbxw11,50,101,70,21
Fbxw13,0,0,0,0
Fbxw14,0,0,0,0
Fbxw14-1,0,0,0,0
Fbxw15,0,4,0,0
Fbxw16,0,0,0,0
Fbxw17,70,201,71,51
Fbxw18,0,0,0,0
Fbxw19,1,3,2,3
Fbxw2,383,1061,472,278
Fbxw20,0,1,0,0
Fbxw21,0,0,0,1
Fbxw22,0,0,0,0
Fbxw24,0,0,1,0
Fbxw25,0,0,0,0
Fbxw26,0,0,0,0
Fbxw27,0,0,1,0
Fbxw4,72,173,91,40
Fbxw5,363,798,398,264
Fbxw7,221,916,382,160
Fbxw8,38,67,34,11
Fbxw9,162,405,221,99
Fcamr,0,0,0,0
Fcer1a,0,0,0,0
Fcer1g,326,457,332,22
Fcer2a,4,14,6,8
Fcf1,104,257,98,46
Fcgbp,1,1,1,0
Fcgr1,37,69,30,2
Fcgr2b,44,58,52,10
Fcgr3,53,132,89,4
Fcgr4,4,2,7,0
Fcgrt,107,254,115,49
Fcho1,625,1984,1009,499
Fcho2,77,203,102,37
Fchsd1,25,56,35,19
Fchsd2,221,522,269,154
Fcmr,0,5,2,0
Fcna,0,5,0,0
Fcnaos,2,5,5,1
Fcnb,0,0,0,0
Fcor,117,245,77,87
Fcrl1,1,4,3,1
Fcrl5,0,1,0,0
Fcrl6,1,2,0,0
Fcrla,0,1,1,1
Fcrlb,1,4,2,0
Fcrls,159,295,186,18
Fdft1,482,1050,480,352
Fdps,452,984,483,254
Fdx1,60,187,83,41
Fdx1l,250,643,314,180
Fdxacb1,37,92,40,31
Fdxr,171,426,210,130
Fech,44,105,48,30
Fem1a,39,125,58,34
Fem1b,27,112,61,35
Fem1c,80,190,129,69
Fen1,18,47,14,12
Fendrr,2,11,1,0
Fer,45,105,42,31
Fer1l4,0,0,0,0
Fer1l5,1,2,0,0
Fer1l6,0,1,1,1
Ferd3l,0,0,0,0
Fermt1,21,35,15,15
Fermt2,192,559,194,115
Fermt3,8,18,8,6
Fes,12,11,16,3
Fetub,0,0,2,0
Fev,1,0,0,0
Fez1,314,710,346,199
Fez2,53,166,59,33
Fezf1,1,0,0,0
Fezf2,164,356,175,130
Ffar1,2,2,2,1
Ffar2,0,1,2,0
Ffar3,0,1,0,0
Ffar4,3,14,7,4
Fga,0,0,0,0
Fgb,0,0,0,0
Fgd1,56,128,67,43
Fgd2,12,41,10,4
Fgd3,4,11,4,4
Fgd4,270,393,214,167
Fgd5,9,19,8,2
Fgd6,19,73,33,18
Fgf1,29,39,19,6
Fgf10,19,20,7,3
Fgf11,50,98,49,40
Fgf12,44,159,116,47
Fgf13,100,132,65,49
Fgf14,30,121,56,27
Fgf15,2,0,0,0
Fgf16,1,2,1,0
Fgf17,4,10,5,2
Fgf18,7,29,9,5
Fgf2,8,8,6,1
Fgf20,0,0,0,0
Fgf21,0,1,1,1
Fgf22,2,3,1,0
Fgf23,4,21,3,3
Fgf2os,7,7,11,1
Fgf3,2,12,4,1
Fgf4,0,0,0,0
Fgf5,29,34,23,23
Fgf6,0,0,0,0
Fgf7,3,2,1,4
Fgf8,0,1,0,0
Fgf9,114,350,141,73
Fgfbp1,4,65,39,3
Fgfbp3,130,401,191,79
Fgfr1,423,492,269,267
Fgfr1op,63,188,78,49
Fgfr1op2,304,815,331,192
Fgfr2,49,137,43,39
Fgfr3,115,327,181,103
Fgfr4,1,1,2,0
Fgfrl1,47,49,36,25
Fgg,0,0,0,0
Fggy,13,54,32,6
Fgl1,5,6,1,5
Fgl2,11,33,16,6
Fgr,1,1,4,0
Fh1,70,185,99,45
Fhad1,107,268,94,90
Fhad1os1,0,0,0,0
Fhad1os2,0,7,4,0
Fhdc1,4,5,3,2
Fhit,4,9,3,2
Fhitos,0,0,0,0
Fhl1,154,355,189,147
Fhl2,60,258,118,39
Fhl3,0,1,2,1
Fhl4,1,6,0,0
Fhl5,0,0,1,0
Fhod1,9,48,19,9
Fhod3,12,151,57,19
Fibcd1,369,80,43,238
Fibin,18,79,28,17
Fibp,338,812,438,239
Ficd,47,112,64,26
Fig4,20,53,30,16
Figf,33,72,27,14
Figla,1,3,1,0
Fign,23,213,76,17
Fignl1,0,3,1,0
Fignl2,1,9,3,1
Filip1,53,143,50,31
Filip1l,11,42,12,8
Fip1l1,321,916,397,212
Fis1,236,573,295,123
Fitm1,1,0,0,0
Fitm2,88,187,87,54
Fiz1,172,451,206,116
Fjx1,257,819,329,160
Fkbp10,25,73,33,23
Fkbp11,36,84,32,21
Fkbp14,60,99,46,33
Fkbp15,137,273,146,106
Fkbp1a,736,1815,814,462
Fkbp1b,18,50,32,20
Fkbp2,1536,4995,1833,879
Fkbp3,242,658,253,130
Fkbp4,250,651,296,176
Fkbp5,84,91,55,56
Fkbp6,1,0,0,0
Fkbp7,75,165,66,38
Fkbp8,935,2134,1086,587
Fkbp9,82,204,86,54
Fkbpl,22,59,22,13
Fkrp,141,396,168,96
Fktn,201,479,204,136
Flad1,100,253,112,77
Flcn,122,247,105,89
Flg,0,0,0,0
Flg-1,0,0,0,0
Flg-2,0,0,0,0
Flg-3,0,0,0,0
Flg-4,0,0,0,0
Flg-5,0,0,0,0
Flg-6,0,0,0,0
Flg2,0,0,0,0
Fli1,11,34,18,0
Flii,113,273,162,132
Flna,147,350,124,73
Flnb,144,237,139,69
Flnc,14,7,2,1
Flot1,367,1197,556,295
Flot2,92,287,127,71
Flrt1,67,388,178,76
Flrt2,206,865,387,142
Flrt3,641,1502,668,501
Flt1,112,384,168,17
Flt3,83,119,82,51
Flt3l,74,189,102,41
Flt4,6,10,6,1
Flywch1,106,247,112,66
Flywch2,29,76,31,18
Fmn1,26,67,31,31
Fmn2,250,609,294,165
Fmnl1,420,1058,533,319
Fmnl2,71,146,75,29
Fmnl3,7,31,12,6
Fmo1,10,32,10,7
Fmo2,4,11,3,0
Fmo3,0,0,0,0
Fmo4,0,1,0,0
Fmo5,13,32,14,5
Fmo6,0,0,0,0
Fmo9,0,0,0,0
Fmod,67,146,126,29
Fmr1,172,473,182,108
Fmr1nb,1,2,1,1
Fmr1os,0,0,1,0
Fn1,132,216,105,64
Fn3k,93,264,123,58
Fn3krp,27,61,47,21
Fnbp1,163,382,192,114
Fnbp1l,105,789,350,88
Fnbp4,154,405,178,105
Fnd3c2,1,0,1,0
Fndc1,21,39,27,15
Fndc3a,221,598,268,165
Fndc3b,55,147,54,31
Fndc3c1,0,0,0,0
Fndc4,371,969,415,256
Fndc5,219,532,245,153
Fndc7,0,3,3,0
Fndc8,4,11,3,4
Fndc9,1,37,13,5
Fnip1,114,246,134,56
Fnip2,32,50,34,23
Fnta,82,229,114,52
Fntb,61,181,68,41
Focad,201,437,191,123
Folh1,20,59,33,15
Folr1,55,22,8,95
Folr2,3,9,1,0
Fopnl,125,402,167,93
Fos,53,342,87,43
Fosb,3,38,8,5
Fosl1,1,0,0,0
Fosl2,24,55,13,14
Foxa1,0,0,0,0
Foxa2,0,0,0,0
Foxa3,0,0,0,0
Foxb1,0,1,0,0
Foxb2,0,0,0,0
Foxc1,22,64,29,12
Foxc2,5,21,4,7
Foxd1,3,21,7,6
Foxd2,1,1,1,2
Foxd3,0,0,0,0
Foxd4,0,0,0,0
Foxe1,0,0,0,0
Foxe3,0,0,0,0
Foxf1,1,3,3,1
Foxf2,9,26,8,2
Foxg1,276,636,263,166
Foxh1,0,0,0,0
Foxi1,0,0,0,0
Foxi2,0,0,0,0
Foxi3,0,0,0,0
Foxj1,14,15,6,13
Foxj2,43,117,44,38
Foxj3,188,539,279,150
Foxk1,36,78,30,26
Foxk2,52,130,72,27
Foxl1,0,2,0,0
Foxl2,0,0,1,0
Foxm1,3,4,0,1
Foxn1,0,1,0,0
Foxn2,77,105,59,44
Foxn3,104,223,96,66
Foxn4,0,0,0,0
Foxo1,73,158,48,41
Foxo3,18,71,41,20
Foxo4,15,18,6,7
Foxo6,4,9,4,0
Foxo6os,0,0,0,0
Foxp1,771,2730,1219,592
Foxp2,18,327,114,21
Foxp3,0,0,1,0
Foxp4,110,238,99,62
Foxq1,31,67,32,6
Foxr1,3,4,0,1
Foxr2,0,1,2,0
Foxred1,124,302,151,93
Foxred2,73,214,76,55
Foxs1,2,7,6,0
Fpgs,71,207,81,55
Fpgt,37,77,36,29
Fpr-rs3,0,0,0,0
Fpr-rs4,0,0,0,0
Fpr-rs6,0,0,0,0
Fpr-rs7,0,0,0,0
Fpr1,0,1,0,0
Fpr2,1,6,5,0
Fpr3,0,0,0,0
Fra10ac1,54,116,76,43
Fras1,141,636,317,139
Frat2,30,43,10,18
Frem1,17,23,6,3
Frem2,6,11,3,2
Frem3,1,7,5,1
Frg1,357,974,488,336
Frk,3,9,2,1
Frmd3,34,104,58,25
Frmd4a,763,1713,790,477
Frmd4b,466,439,178,287
Frmd5,69,283,115,48
Frmd6,49,358,152,55
Frmd7,0,0,0,0
Frmd8,24,52,27,11
Frmd8os,0,2,0,0
Frmpd1,15,18,11,11
Frmpd1os,3,0,1,3
Frmpd3,256,555,264,172
Frmpd4,100,216,81,60
Frrs1,12,24,13,10
Frrs1l,634,1429,700,317
Frs2,13,55,18,10
Frs3,42,79,44,28
Frs3os,0,2,2,0
Fry,796,1788,853,567
Fryl,314,602,307,186
Frzb,74,167,56,57
Fsbp,3,21,6,2
Fscb,0,0,0,0
Fscn1,58,173,87,43
Fscn2,1,2,1,3
Fscn3,0,1,0,0
Fsd1,462,1134,582,376
Fsd1l,110,241,106,83
Fsd2,2,2,1,0
Fshb,0,0,0,0
Fshr,0,0,0,0
Fsip1,2,8,1,3
Fsip2,0,0,0,0
Fst,21,92,31,6
Fstl1,267,530,228,175
Fstl3,13,71,22,12
Fstl4,111,471,217,89
Fstl5,131,323,132,71
Ftcd,0,2,2,1
Fth1,8490,12127,6775,2701
Fthl17a,0,0,0,0
Fthl17b,0,0,0,0
Fthl17c,0,0,0,0
Fthl17d,0,0,0,0
Fthl17e,0,0,0,0
Fthl17f,0,0,0,0
Ftl1,1202,2019,1186,373
Ftmt,0,0,0,0
Fto,419,1091,533,290
Ftsj1,129,305,136,76
Ftsj2,14,45,21,11
Ftsj3,61,184,86,51
Ftx,178,473,248,133
Fubp1,2437,6572,3161,1767
Fubp3,245,645,322,196
Fuca1,444,993,468,311
Fuca2,227,517,242,142
Fuk,95,168,87,57
Fundc1,52,103,38,25
Fundc2,56,151,59,27
Fuom,184,554,237,158
Furin,217,485,222,156
Fus,2826,8176,3500,1935
Fut1,1,1,2,2
Fut10,21,33,14,3
Fut11,78,173,96,47
Fut2,1,3,2,1
Fut4,0,1,0,0
Fut7,1,3,5,1
Fut8,138,291,113,108
Fut9,503,2022,941,407
Fuz,132,288,128,91
Fv1,7,8,0,1
Fxn,40,64,28,35
Fxr1,112,351,143,68
Fxr2,265,538,305,140
Fxyd1,726,1060,433,272
Fxyd2,21,51,30,13
Fxyd3,3,4,1,0
Fxyd4,270,582,360,207
Fxyd5,249,997,424,182
Fxyd6,465,1639,611,299
Fxyd7,221,1057,400,192
Fyb,30,59,20,15
Fyco1,273,509,235,148
Fyn,150,277,134,70
Fyttd1,135,305,160,110
Fzd1,41,80,38,32
Fzd10,2,3,7,2
Fzd2,37,186,83,54
Fzd3,38,149,64,32
Fzd4,22,49,29,11
Fzd5,2,9,3,3
Fzd6,26,62,30,14
Fzd7,35,50,24,24
Fzd8,12,25,9,3
Fzd9,52,142,72,60
Fzr1,176,425,207,140
G0s2,110,315,108,66
G2e3,62,240,92,34
G3bp1,133,307,133,80
G3bp2,307,676,301,175
G430049J08Rik,0,1,5,1
G430095P16Rik,0,2,2,0
G530012D18Rik,1,1,0,0
G630016G05Rik,19,134,63,21
G630018N14Rik,2,2,2,2
G630030J09Rik,0,4,0,4
G630090E17Rik,2,0,0,1
G6b,1,0,1,0
G6pc,0,0,0,0
G6pc2,0,0,0,0
G6pc3,493,1195,534,370
G6pd2,0,0,0,0
G6pdx,13,41,30,8
G730003C15Rik,9,30,9,6
G730013B05Rik,0,1,0,0
G930045G22Rik,0,1,0,0
Gaa,1106,2232,1173,889
Gab1,19,46,21,7
Gab2,15,37,14,5
Gab3,24,63,30,23
Gabarap,279,573,274,141
Gabarapl1,481,1238,594,296
Gabarapl2,2163,5278,2551,1631
Gabbr1,2457,6580,2898,1602
Gabbr2,566,1365,662,342
Gabpa,34,56,36,30
Gabpb1,15,52,20,13
Gabpb2,63,171,68,55
Gabra1,900,2494,1095,660
Gabra2,1057,1483,831,631
Gabra3,109,513,219,91
Gabra4,460,1287,487,301
Gabra5,433,338,115,247
Gabra6,0,5,0,0
Gabrb1,1012,1742,815,590
Gabrb2,82,237,107,53
Gabrb3,737,1608,644,416
Gabrd,317,1509,592,249
Gabre,1,8,6,2
Gabrg1,82,215,122,58
Gabrg2,1148,2735,1077,858
Gabrg3,156,594,226,118
Gabrp,0,0,0,0
Gabrq,1,17,7,1
Gabrr1,0,1,0,0
Gabrr2,5,8,2,1
Gabrr3,0,1,0,0
Gad1,135,348,178,100
Gad1-ps,1,0,0,0
Gad1os,3,3,3,2
Gad2,98,454,186,86
Gadd45a,23,96,31,12
Gadd45b,46,204,61,37
Gadd45g,183,533,216,110
Gadd45gip1,130,373,145,76
Gadl1,2,1,1,0
Gak,100,211,129,57
Gal,10,103,25,18
Gal3st1,11,60,19,6
Gal3st2,0,0,0,0
Gal3st3,165,207,100,111
Gal3st4,0,0,1,0
Galc,69,139,76,43
Gale,119,296,129,76
Galk1,55,167,72,36
Galk2,107,209,128,92
Galm,12,12,8,8
Galns,69,94,50,41
Galnt1,3531,4351,2172,2508
Galnt10,17,40,19,13
Galnt11,252,693,271,202
Galnt12,16,54,8,11
Galnt13,74,297,113,59
Galnt14,253,572,272,166
Galnt15,6,17,3,1
Galnt16,447,656,301,290
Galnt18,454,779,370,321
Galnt2,2,2,2,1
Galnt3,31,31,22,21
Galnt4,12,25,7,3
Galnt5,0,0,0,1
Galnt6,35,54,25,9
Galnt6os,0,0,1,0
Galnt7,67,173,85,39
Galnt9,423,849,389,288
Galntl5,1,0,0,0
Galntl6,179,279,129,106
Galp,0,1,0,0
Galr1,1,7,1,2
Galr2,0,0,0,0
Galt,386,1690,712,324
Gamt,35,59,40,19
Gan,42,146,88,24
Ganab,258,519,262,152
Ganc,62,235,70,44
Gap43,171,635,304,111
Gapdh,1191,2712,1453,808
Gapdhs,0,1,1,0
Gapt,0,2,0,0
Gapvd1,238,664,293,171
Gar1,76,199,73,59
Garem,27,57,17,21
Gareml,10,13,11,3
Garnl3,133,732,411,138
Gars,107,237,110,49
Gart,156,480,214,148
Gas1,56,125,51,52
Gas2,24,84,34,23
Gas2l1,231,386,249,161
Gas2l2,1,1,1,1
Gas2l3,13,22,18,6
Gas6,582,1271,582,427
Gas7,369,1039,544,290
Gas8,33,152,96,40
Gast,2,2,2,0
Gata1,1,1,0,1
Gata2,10,24,10,1
Gata3,0,0,0,0
Gata4,0,1,0,0
Gata5,0,0,0,0
Gata5os,0,0,0,0
Gata6,0,1,0,1
Gatad1,48,158,71,29
Gatad2a,35,72,31,17
Gatad2b,792,1534,781,555
Gatb,38,70,34,17
Gatc,28,65,30,13
Gatm,257,575,234,111
Gatsl2,150,367,158,85
Gatsl3,13,37,10,12
Gba,107,290,138,49
Gba2,313,726,335,255
Gbas,118,370,153,79
Gbe1,43,122,57,31
Gbf1,208,520,225,141
Gbgt1,0,0,0,0
Gbp10,0,0,0,0
Gbp2,11,21,11,3
Gbp2b,0,0,0,0
Gbp3,11,24,4,1
Gbp4,4,6,2,0
Gbp5,3,6,3,0
Gbp6,0,0,0,0
Gbp6-1,1,1,0,1
Gbp7,22,39,14,4
Gbp8,1,1,0,0
Gbp9,4,8,2,1
Gbx1,0,8,4,0
Gbx2,0,1,0,0
Gc,0,0,0,0
Gca,22,81,30,18
Gcat,36,108,55,20
Gcc1,5,26,11,6
Gcc2,240,648,331,244
Gcdh,154,416,162,117
Gcfc2,89,195,89,61
Gcg,0,0,0,0
Gcgr,0,0,0,1
Gch1,10,10,3,2
Gchfr,0,12,0,0
Gck,19,37,10,11
Gckr,1,0,2,0
Gclc,108,222,108,44
Gclm,102,242,126,54
Gcm1,1,1,0,0
Gcm2,0,1,0,0
Gcn1l1,470,1076,551,333
Gcnt1,9,22,4,1
Gcnt2,73,284,103,51
Gcnt3,0,0,0,1
Gcnt4,6,40,20,8
Gcnt7,0,1,1,1
Gcom1,0,0,0,0
Gcsam,0,1,0,0
Gcsh,111,138,94,53
Gda,116,425,186,63
Gdap1,444,1397,564,295
Gdap10,53,95,47,34
Gdap1l1,80,163,104,34
Gdap2,72,206,91,54
Gde1,1296,3968,1439,828
Gdf1,0,0,0,0
Gdf10,34,57,14,26
Gdf11,64,153,71,42
Gdf15,4,6,3,7
Gdf2,0,0,0,0
Gdf3,0,1,0,0
Gdf5,3,10,1,1
Gdf6,1,0,1,2
Gdf7,0,0,1,0
Gdf9,5,18,4,3
Gdi1,751,1839,859,497
Gdi2,228,496,222,113
Gdnf,1,3,0,0
Gdpd1,342,980,387,253
Gdpd2,49,109,51,36
Gdpd3,11,19,12,7
Gdpd4,0,0,0,1
Gdpd5,64,305,144,77
Gdpgp1,29,54,36,12
Gem,7,33,6,10
Gemin2,41,115,55,31
Gemin4,7,23,22,4
Gemin5,10,39,24,16
Gemin6,16,47,21,6
Gemin7,82,241,100,45
Gemin8,20,44,18,13
Gen1,5,8,0,2
Get4,184,504,192,94
Gfap,1608,660,679,116
Gfer,57,122,55,22
Gfi1,0,0,1,0
Gfi1b,0,0,0,0
Gfm1,38,99,50,30
Gfm2,153,441,211,121
Gfod1,41,80,33,24
Gfod2,56,123,53,37
Gfpt1,178,493,252,155
Gfpt2,11,26,12,11
Gfra1,149,174,90,81
Gfra2,104,461,189,93
Gfra3,0,0,0,0
Gfra4,121,309,131,98
Gfral,0,3,2,0
Gfy,1,7,6,2
Gga1,140,328,163,92
Gga2,153,378,169,102
Gga3,91,240,108,73
Ggact,35,60,35,18
Ggct,96,158,61,57
Ggcx,81,193,93,63
Ggh,213,504,197,144
Ggn,0,2,0,0
Ggnbp1,83,264,96,82
Ggnbp2,403,1176,561,238
Ggps1,35,87,36,31
Ggt1,7,23,18,5
Ggt5,22,46,17,9
Ggt6,0,1,0,0
Ggt7,889,2093,1055,658
Ggta1,31,34,19,5
Gh,0,1,0,0
Ghdc,65,174,90,44
Ghitm,167,391,202,95
Ghr,78,209,113,74
Ghrh,0,4,1,0
Ghrhr,0,0,0,0
Ghrl,1,0,1,0
Ghsr,0,0,0,1
Gid4,42,73,29,15
Gid8,28,78,32,19
Gif,0,0,0,0
Gigyf1,286,650,376,226
Gigyf2,505,1191,515,365
Gimap1,12,35,20,3
Gimap3,0,0,0,0
Gimap4,1,1,0,2
Gimap5,2,6,2,0
Gimap6,7,20,10,1
Gimap7,0,0,0,0
Gimap8,1,4,2,1
Gimap9,0,6,2,0
Gimd1,0,0,0,0
Gin1,233,643,299,164
Ginm1,181,449,172,114
Gins1,4,8,7,3
Gins2,52,75,32,33
Gins3,0,1,5,2
Gins4,31,89,53,17
Gip,0,0,0,0
Gipc1,101,325,156,58
Gipc2,20,107,38,15
Gipc3,0,0,1,0
Gipr,14,32,20,12
Git1,121,223,143,59
Git2,388,1097,502,283
Gja1,705,1359,634,724
Gja10,0,0,0,0
Gja3,1,0,0,0
Gja4,7,45,15,1
Gja5,1,3,0,1
Gja6,2,9,5,0
Gja8,0,0,0,0
Gjb1,53,178,47,28
Gjb2,58,181,87,22
Gjb3,2,4,0,3
Gjb4,0,0,0,0
Gjb5,0,1,0,0
Gjb6,159,295,178,123
Gjc1,7,36,17,2
Gjc2,77,166,67,46
Gjc3,65,260,92,61
Gjd2,12,42,29,15
Gjd3,1,4,4,1
Gjd4,0,1,0,0
Gje1,1,0,1,1
Gk,63,140,76,31
Gk2,0,0,0,0
Gk5,29,76,49,33
Gkap1,132,315,128,107
Gkn1,0,2,0,1
Gkn2,0,0,0,0
Gkn3,3,60,4,3
Gla,65,178,78,54
Glb1,162,404,164,113
Glb1l,35,77,41,33
Glb1l2,1,2,1,2
Glb1l3,0,1,0,0
Glcci1,2,16,15,7
Glce,113,421,191,75
Gldc,36,37,12,13
Gldn,13,11,5,3
Gldnos,0,0,0,0
Gle1,566,1836,732,435
Glg1,374,1024,454,298
Gli1,2,8,4,2
Gli2,4,13,8,2
Gli3,62,136,72,30
Glipr1,18,38,17,10
Glipr1l1,2,1,1,2
Glipr1l2,0,0,0,0
Glipr2,10,11,7,1
Glis1,12,20,11,6
Glis2,13,29,18,12
Glis3,27,33,10,14
Glmn,108,440,183,99
Glmp,345,815,364,213
Glo1,191,392,134,97
Glod4,57,169,55,40
Glod5,0,5,1,0
Glp1r,0,1,0,0
Glp2r,10,14,8,5
Glra1,15,43,32,9
Glra2,76,309,145,72
Glra3,8,51,37,10
Glra4,0,2,1,0
Glrb,669,1983,826,545
Glrp1,7,7,7,0
Glrx,31,129,33,24
Glrx2,182,459,227,130
Glrx3,114,267,120,68
Glrx5,86,229,96,50
Gls,538,1290,651,318
Gls2,46,216,97,50
Glt1d1,86,279,122,71
Glt28d2,0,6,0,5
Glt6d1,0,0,0,0
Glt8d1,539,1225,521,337
Glt8d2,66,161,48,67
Gltp,65,144,61,29
Gltpd2,1,0,0,0
Gltscr1,6,9,6,4
Gltscr1l,53,120,64,19
Gltscr2,215,461,217,124
Glud1,165,325,196,53
Glul,849,1373,763,320
Glyat,0,1,0,1
Glyatl3,0,0,0,0
Glycam1,11,5,1,1
Glyctk,4,27,13,9
Glyr1,120,182,123,79
Gm10000,3,3,0,0
Gm10010,8,32,13,8
Gm10020,53,67,32,18
Gm10024,0,0,0,0
Gm10031,6,20,8,12
Gm10032,1,0,0,0
Gm10033,0,2,1,0
Gm10036,35,33,24,18
Gm10037,3,2,0,0
Gm10053,16,22,17,15
Gm10057,0,0,0,0
Gm10058,0,0,0,0
Gm10061,0,0,0,0
Gm10062,1,10,2,0
Gm10065,1,5,1,0
Gm10067,0,1,0,0
Gm10069,4,9,9,3
Gm10073,420,563,271,118
Gm10076,709,1040,509,245
Gm10081,0,0,0,0
Gm10083,2,5,5,0
Gm10093,0,4,3,2
Gm10094,14,18,8,6
Gm10096,0,0,0,0
Gm10097,15,97,41,22
Gm10100,0,0,0,0
Gm10101,1,4,0,1
Gm10104,0,0,0,0
Gm10110,9,7,9,4
Gm10112,0,0,0,0
Gm10113,0,0,0,0
Gm10116,134,363,218,84
Gm10118,5,42,25,3
Gm10126,16,16,7,3
Gm10128,0,0,0,0
Gm10130,0,0,0,0
Gm10134,0,1,0,0
Gm10135,0,0,0,0
Gm10138,60,231,86,43
Gm10139,0,0,0,0
Gm10142,0,0,0,0
Gm10146,17,22,11,29
Gm10147,0,0,0,0
Gm10153,0,0,0,0
Gm10160,0,0,0,0
Gm10181,0,0,0,0
Gm10184,2,2,1,1
Gm10188,0,0,0,0
Gm10190,0,0,1,1
Gm10192,0,0,0,0
Gm10197,0,0,0,0
Gm10198,0,0,0,0
Gm10203,0,0,0,0
Gm10217,0,0,0,0
Gm10220,1,2,0,0
Gm10226,0,1,0,0
Gm10228,0,0,0,0
Gm10229,0,0,0,0
Gm10230,0,0,0,0
Gm10234,0,0,0,0
Gm10244,38,70,32,18
Gm10248,1,3,4,4
Gm10250,64,66,34,56
Gm10251,0,0,0,0
Gm10256,0,0,0,0
Gm10260,8,24,14,8
Gm10263,13,21,28,24
Gm10264,0,0,0,0
Gm10267,0,0,0,0
Gm10269,10,26,20,15
Gm10271,0,0,0,0
Gm10272,0,0,0,0
Gm10273,0,6,1,1
Gm10277,17,37,22,16
Gm10282,2,7,5,1
Gm10283,0,0,0,0
Gm10287,2,6,3,2
Gm10295,0,0,0,1
Gm10300,2,4,1,2
Gm10302,0,0,0,0
Gm10306,9,33,4,6
Gm10308,7,23,11,9
Gm10309,3,3,2,1
Gm10310,0,0,0,0
Gm10311,3,8,6,0
Gm10320,7,2,4,1
Gm10322,0,0,0,0
Gm10323,0,0,0,0
Gm10324,0,0,0,0
Gm10330,0,0,0,0
Gm10334,0,11,1,1
Gm10337,0,1,0,0
Gm10338,0,0,0,1
Gm10339,0,0,0,0
Gm10340,0,0,0,0
Gm10352,0,0,0,0
Gm10354,0,0,0,0
Gm10369,2,2,0,0
Gm10371,50,291,117,62
Gm10373,0,0,1,1
Gm10375,0,0,0,0
Gm10376,0,0,0,0
Gm10377,0,0,0,0
Gm10378,0,0,0,0
Gm10382,7,26,8,4
Gm10384,2,7,3,0
Gm10390,1,2,1,1
Gm10392,1,2,0,1
Gm10398,0,0,0,0
Gm10399,8,28,11,4
Gm10401,2,0,0,0
Gm10406,3,10,8,4
Gm10408,0,0,1,0
Gm10409,0,0,0,0
Gm10413,0,0,0,0
Gm10415,0,0,1,0
Gm10419,544,1269,640,334
Gm10424,0,0,0,0
Gm10425,0,2,2,0
Gm10428,0,0,0,0
Gm1043,17,49,41,19
Gm10435,0,0,0,0
Gm10436,0,0,0,0
Gm10439,0,0,0,0
Gm10440,2,5,3,3
Gm10441,0,1,0,0
Gm10445,0,0,0,0
Gm10447,0,1,0,0
Gm1045,0,1,0,2
Gm10451,0,5,4,2
Gm10466,0,0,0,0
Gm10471,2,2,1,0
Gm10475,0,0,2,2
Gm10477,0,0,0,0
Gm10479,0,0,1,0
Gm10482,0,0,0,0
Gm10486,0,0,0,0
Gm10487,0,0,0,0
Gm10488,0,0,0,0
Gm10489,1,6,3,0
Gm10490,0,0,0,0
Gm10491,0,0,0,0
Gm10501,19,47,16,12
Gm10505,0,1,0,1
Gm10509,0,0,0,0
Gm10516,10,26,13,7
Gm10518,0,1,0,0
Gm10521,0,2,0,0
Gm10522,0,0,0,0
Gm10532,1,9,3,1
Gm10535,0,1,0,0
Gm10538,1,5,0,0
Gm10542,0,0,0,0
Gm10545,4,11,5,3
Gm10549,0,0,0,0
Gm10550,1,6,1,1
Gm10552,0,0,0,0
Gm10553,0,0,0,0
Gm10556,0,1,0,0
Gm10558,10,35,20,7
Gm10561,35,117,47,40
Gm10563,0,0,0,0
Gm10564,1,3,1,1
Gm10570,1,12,6,2
Gm10577,0,0,0,0
Gm10591,0,0,0,0
Gm10593,0,0,0,0
Gm10600,99,525,263,89
Gm10603,3,11,7,3
Gm10604,5,13,6,2
Gm10605,52,47,27,17
Gm10608,0,1,0,0
Gm10610,5,8,3,0
Gm10612,0,0,0,0
Gm10614,8,13,2,3
Gm10619,0,0,0,0
Gm10629,99,187,90,94
Gm10631,0,0,1,0
Gm10634,1,2,0,0
Gm10636,2,6,7,8
Gm10637,0,0,0,0
Gm10638,7,17,8,3
Gm10639,0,0,0,0
Gm10640,0,1,0,0
Gm10642,2,8,9,4
Gm10643,5,5,6,2
Gm10644,4,6,11,3
Gm10645,2,12,5,2
Gm10647,4,7,4,3
Gm10654,12,19,11,8
Gm10655,0,1,0,2
Gm10660,1,2,0,0
Gm10662,0,0,0,0
Gm10663,0,0,0,0
Gm10665,0,0,0,0
Gm10666,0,0,0,0
Gm10668,0,0,0,0
Gm10670,0,0,0,0
Gm10680,0,0,0,0
Gm10681,0,0,0,0
Gm10684,1,0,0,0
Gm10685,0,1,0,0
Gm10687,7,7,2,2
Gm10696,0,0,0,0
Gm10697,0,0,0,0
Gm10699,19,84,27,16
Gm1070,0,0,0,0
Gm10701,0,4,2,1
Gm10706,0,1,1,0
Gm10709,9,39,16,15
Gm10710,1,3,4,3
Gm10714,5,6,1,2
Gm10715,0,4,0,1
Gm10717,1,14,5,0
Gm10718,1,13,5,0
Gm10719,2,16,5,1
Gm10720,0,3,0,0
Gm10721,1,10,5,1
Gm10722,0,1,1,0
Gm10735,0,2,0,0
Gm10745,0,0,0,0
Gm10750,0,0,0,0
Gm10754,0,1,0,0
Gm10762,6,23,12,5
Gm10767,9,19,13,5
Gm10770,0,0,0,0
Gm10772,0,0,0,0
Gm10775,3,4,1,0
Gm10778,0,2,2,0
Gm10782,0,0,0,0
Gm10784,0,0,3,2
Gm10787,0,1,1,1
Gm10797,0,0,0,1
Gm10799,0,0,0,0
Gm10800,24,218,52,26
Gm10801,7,26,3,6
Gm10803,0,0,0,0
Gm10804,0,0,0,0
Gm10814,5,15,5,7
Gm10822,1,1,1,0
Gm10825,0,2,0,0
Gm10827,226,1039,428,234
Gm10830,0,0,0,0
Gm10837,6,12,12,6
Gm10840,0,0,0,0
Gm10842,0,0,0,0
Gm10845,0,0,0,0
Gm10848,1283,1235,428,870
Gm10851,0,7,1,1
Gm10857,0,0,0,0
Gm10863,0,0,0,0
Gm10874,1,1,3,0
Gm10912,1,1,2,1
Gm10921,0,0,0,0
Gm10922,0,0,0,0
Gm10931,0,3,5,0
Gm10936,0,0,0,0
Gm10941,3,13,2,5
Gm10944,0,0,0,0
Gm10945,0,0,0,0
Gm10959,0,0,0,0
Gm10961,0,0,0,0
Gm10964,0,0,0,0
Gm10972,0,0,0,0
Gm10974,0,0,0,0
Gm10985,0,0,0,0
Gm10999,0,0,0,0
Gm11007,0,0,0,0
Gm11008,1,1,0,2
Gm11009,0,0,0,0
Gm11011,0,0,0,0
Gm11020,0,0,0,0
Gm11027,26,25,19,15
Gm11032,1,1,1,0
Gm11033,0,0,0,0
Gm11034,0,0,0,0
Gm11037,0,0,0,0
Gm11042,0,0,0,0
Gm11060,0,0,0,0
Gm11077,0,0,0,0
Gm11084,0,0,0,0
Gm11096,0,0,0,0
Gm11099,0,0,0,0
Gm1110,1,2,0,1
Gm11100,13,31,22,9
Gm11110,3,4,4,0
Gm11111,0,0,0,0
Gm11114,0,0,0,0
Gm11115,0,0,0,0
Gm11116,0,0,0,0
Gm11127,0,1,0,2
Gm11128,4,22,7,4
Gm1113,0,1,0,0
Gm11131,0,2,0,0
Gm11146,0,0,0,0
Gm11149,1,5,3,2
Gm11168,0,5,3,0
Gm11172,0,0,0,0
Gm11175,0,2,2,2
Gm11184,0,0,0,0
Gm11186,1,0,0,0
Gm11190,0,0,0,0
Gm11192,0,0,0,0
Gm11195,0,0,0,0
Gm11201,2,0,0,2
Gm11205,0,1,0,0
Gm11209,0,0,0,0
Gm11210,0,0,0,0
Gm11211,0,0,0,0
Gm11213,0,0,0,0
Gm11214,0,0,0,0
Gm11216,0,0,0,0
Gm11217,1,2,0,0
Gm11228,0,1,0,0
Gm1123,0,1,0,0
Gm11232,0,0,0,0
Gm11234,0,0,0,0
Gm11236,0,0,0,0
Gm11237,0,0,0,0
Gm11238,0,0,0,0
Gm11239,0,0,0,0
Gm11250,3,4,1,0
Gm11261,0,4,2,1
Gm11264,3,1,1,0
Gm11266,33,94,34,27
Gm11269,0,0,0,0
Gm11273,38,53,43,40
Gm11274,0,0,0,0
Gm11280,0,0,0,0
Gm11290,0,0,0,0
Gm11300,0,0,0,0
Gm11309,0,0,0,0
Gm11314,0,0,0,0
Gm11337,0,0,0,0
Gm11339,0,0,0,0
Gm11342,0,0,0,0
Gm11345,0,0,0,0
Gm11351,0,0,0,0
Gm11360,0,0,0,0
Gm11365,0,0,0,0
Gm11368,1,2,0,0
Gm11373,0,0,0,0
Gm11374,0,0,0,0
Gm11375,0,0,0,0
Gm11376,0,0,0,0
Gm11377,0,0,0,0
Gm11378,0,0,0,0
Gm11379,0,0,0,0
Gm11381,0,0,0,0
Gm11397,0,0,0,0
Gm11399,0,0,0,0
Gm1140,0,0,0,0
Gm1141,0,0,0,1
Gm11412,0,0,0,0
Gm11413,0,0,0,0
Gm11415,0,0,0,0
Gm11417,6,4,6,2
Gm11418,18,65,34,7
Gm11419,0,3,3,0
Gm11423,16,26,8,10
Gm11426,0,0,0,0
Gm11431,0,0,0,0
Gm11437,0,2,0,0
Gm11444,0,2,0,0
Gm11454,0,0,0,0
Gm11455,0,0,0,0
Gm11457,8,13,6,4
Gm11464,1,1,0,0
Gm11465,0,0,0,0
Gm11466,0,0,0,0
Gm11467,0,0,0,0
Gm11468,0,1,0,0
Gm11479,0,0,0,1
Gm11482,0,0,0,0
Gm11487,0,0,0,0
Gm11491,24,75,39,33
Gm11492,0,0,0,0
Gm11493,0,0,0,0
Gm11494,0,0,0,0
Gm11496,0,2,1,0
Gm11497,0,1,0,0
Gm11505,0,1,0,0
Gm11508,2,2,4,1
Gm11513,1,2,2,0
Gm11515,0,0,0,0
Gm11520,1,3,1,0
Gm11521,1,0,0,0
Gm11525,0,7,5,3
Gm11527,0,0,0,0
Gm11528,0,0,0,0
Gm11534,0,0,0,0
Gm11535,0,0,0,0
Gm11536,0,0,0,0
Gm11537,1,0,1,0
Gm11541,1,2,1,0
Gm11548,0,0,0,0
Gm11549,7,119,43,9
Gm11551,0,0,1,0
Gm11554,0,0,0,0
Gm11555,0,0,0,0
Gm11559,0,0,0,0
Gm11562,0,0,0,0
Gm11563,0,0,0,0
Gm11564,0,0,0,0
Gm11565,0,0,0,0
Gm11567,0,0,0,0
Gm11568,0,0,0,0
Gm11569,0,0,0,0
Gm11571,0,2,2,0
Gm11579,0,0,0,0
Gm11583,0,2,1,0
Gm11586,0,0,0,0
Gm11587,1,3,1,0
Gm11588,0,0,0,0
Gm11592,0,1,0,0
Gm11595,0,0,0,0
Gm11596,0,0,0,0
Gm11608,0,0,0,1
Gm11614,1,3,1,0
Gm11615,1,1,1,0
Gm11626,0,0,0,0
Gm11627,9,29,12,3
Gm11630,0,0,0,0
Gm11634,0,0,0,0
Gm11635,0,0,0,0
Gm11636,0,1,2,0
Gm11639,0,3,3,0
Gm11640,0,0,0,0
Gm11646,1,11,8,2
Gm11651,0,1,0,0
Gm11655,6,7,2,6
Gm11657,0,0,0,0
Gm11659,1,0,0,1
Gm11665,0,0,0,0
Gm11670,1,7,3,2
Gm11672,8,19,9,11
Gm11674,0,0,0,0
Gm11680,1,3,5,3
Gm11681,22,10,5,14
Gm11682,0,0,0,0
Gm11683,0,0,0,0
Gm11684,0,0,0,0
Gm11685,0,4,1,1
Gm11690,0,0,0,0
Gm11691,0,0,0,0
Gm11695,0,0,0,0
Gm11696,6,26,19,9
Gm11697,0,1,0,0
Gm11705,0,0,0,0
Gm11706,0,0,0,0
Gm11707,0,0,0,0
Gm11709,1,0,0,0
Gm11710,0,0,0,0
Gm11711,0,0,0,0
Gm11712,0,1,0,0
Gm11713,302,786,304,311
Gm11715,2,3,1,0
Gm11716,0,0,1,0
Gm11723,0,0,0,0
Gm11724,0,0,0,0
Gm11725,10,36,14,5
Gm11728,18,8,8,2
Gm11729,1,1,0,0
Gm11730,2,10,4,1
Gm11731,0,0,0,1
Gm11733,0,3,3,0
Gm11734,1,0,0,2
Gm11738,2,9,2,2
Gm11739,0,3,0,0
Gm11744,27,114,41,20
Gm11747,0,3,1,0
Gm11750,2,3,3,3
Gm11751,0,1,0,0
Gm11752,0,0,0,0
Gm11754,0,0,0,0
Gm11755,0,0,0,0
Gm11756,0,0,0,0
Gm11757,0,0,0,0
Gm11758,0,0,0,0
Gm11766,4,17,7,5
Gm11767,15,32,11,8
Gm11770,0,0,0,0
Gm11772,4,20,7,2
Gm11773,6,18,8,7
Gm11775,0,0,0,0
Gm11782,0,0,0,0
Gm11788,0,0,1,0
Gm11789,0,0,0,0
Gm11791,0,0,0,0
Gm11795,0,0,0,0
Gm11802,1,3,1,0
Gm11808,113,98,76,64
Gm11815,1,1,3,0
Gm11816,0,0,0,0
Gm11817,46,88,29,17
Gm11820,0,0,0,0
Gm11823,0,0,0,0
Gm11827,0,2,1,1
Gm11831,16,32,20,21
Gm11832,0,0,0,0
Gm11837,13,4,8,1
Gm11840,0,0,0,0
Gm11842,0,3,0,1
Gm11844,0,0,0,0
Gm11846,0,0,0,0
Gm11851,4,3,1,3
Gm11861,0,1,0,0
Gm11872,2,1,1,1
Gm11884,0,0,0,0
Gm11899,2,0,0,1
Gm11915,0,0,0,0
Gm11916,0,0,0,0
Gm11917,0,0,0,0
Gm11924,0,0,0,0
Gm11937,0,0,0,0
Gm11938,0,0,0,0
Gm11939,0,0,0,0
Gm11940,18,51,19,13
Gm11958,0,0,0,0
Gm11959,0,0,0,0
Gm11961,1,3,2,0
Gm11963,0,1,3,1
Gm11967,0,3,2,0
Gm11973,0,4,2,0
Gm11983,0,0,0,0
Gm11985,0,0,0,0
Gm11986,3,0,0,0
Gm11992,2,5,2,2
Gm11998,0,1,1,0
Gm12000,0,0,0,0
Gm12002,7,42,23,10
Gm12018,0,0,0,0
Gm12022,0,0,1,0
Gm12023,0,0,0,0
Gm12027,3601,5733,3272,3390
Gm12031,0,8,6,0
Gm12037,0,0,0,0
Gm12050,0,3,1,1
Gm12051,0,0,1,0
Gm12052,1,0,0,1
Gm12055,0,0,0,0
Gm12056,0,0,0,0
Gm12057,0,12,4,2
Gm12061,0,0,0,0
Gm12063,0,3,1,2
Gm12064,0,0,0,0
Gm12065,0,0,0,0
Gm12066,0,0,0,0
Gm12068,0,0,0,0
Gm12069,2,2,0,2
Gm12081,0,0,0,0
Gm12082,0,0,0,0
Gm12088,9,18,5,7
Gm12089,13,36,23,5
Gm12092,1,1,0,0
Gm12107,0,0,0,0
Gm12108,2,0,0,0
Gm12111,0,0,0,0
Gm12114,0,0,0,0
Gm12116,3,5,2,3
Gm12117,1,1,0,0
Gm12119,0,0,0,0
Gm12120,5,8,3,4
Gm12121,0,0,0,0
Gm12126,0,0,0,0
Gm12127,0,0,0,0
Gm12128,19,6,9,10
Gm12130,0,0,0,0
Gm12132,0,0,0,0
Gm12144,4,8,0,1
Gm12145,0,0,0,0
Gm12146,0,0,0,0
Gm12147,0,0,0,0
Gm12148,0,0,0,0
Gm12150,0,0,0,0
Gm12153,0,2,0,0
Gm12154,0,0,0,0
Gm12158,0,2,1,0
Gm12159,0,0,0,0
Gm12160,0,0,0,0
Gm12162,0,0,0,0
Gm12166,21,38,22,12
Gm12167,0,2,0,0
Gm12169,0,1,0,0
Gm12171,0,0,0,0
Gm12184,2,3,3,1
Gm12185,0,1,0,0
Gm12195,1,0,0,0
Gm12199,0,0,0,0
Gm12200,0,0,0,0
Gm12204,1,0,3,1
Gm12205,0,0,0,0
Gm12207,4,6,3,7
Gm12212,14,50,22,9
Gm12214,0,1,0,1
Gm12216,300,498,222,193
Gm12223,0,0,0,0
Gm12224,0,2,4,2
Gm12227,0,2,0,1
Gm12236,0,0,0,0
Gm12239,0,0,0,0
Gm12243,0,4,1,2
Gm12246,0,1,3,0
Gm12249,0,0,0,0
Gm12253,0,0,1,2
Gm12256,0,1,0,0
Gm12257,0,0,0,0
Gm12258,44,130,49,34
Gm12259,0,0,0,0
Gm12264,29,66,27,25
Gm12265,0,1,0,0
Gm12272,0,0,0,0
Gm12273,0,0,0,0
Gm12278,9,19,7,7
Gm12279,3,14,4,3
Gm12280,0,0,0,0
Gm12289,0,2,3,1
Gm12290,0,0,0,0
Gm12292,1,0,0,0
Gm12295,1,5,0,0
Gm12298,0,0,0,0
Gm12300,0,6,5,0
Gm12301,0,0,2,0
Gm12315,0,0,0,1
Gm12316,3,0,2,0
Gm12319,4,7,2,6
Gm12320,0,0,0,0
Gm12324,0,1,1,0
Gm12325,0,0,0,0
Gm12326,24,57,21,9
Gm12333,1,4,0,0
Gm12336,0,0,0,0
Gm12343,0,0,0,0
Gm12347,0,0,0,0
Gm12349,0,0,0,0
Gm12352,0,1,0,0
Gm12353,1,0,0,0
Gm12354,0,0,0,0
Gm12355,2,3,1,2
Gm12359,2,7,0,2
Gm12364,0,1,1,2
Gm12371,5,57,20,6
Gm12374,0,0,0,0
Gm12381,0,0,0,0
Gm12394,3,11,5,3
Gm12395,1,3,2,1
Gm12405,0,2,0,0
Gm12406,0,4,1,0
Gm12408,3,4,3,0
Gm12410,0,0,0,0
Gm12414,0,0,0,0
Gm12415,0,0,0,0
Gm12426,0,0,1,0
Gm12434,0,0,0,0
Gm12436,0,0,0,0
Gm12440,0,0,0,0
Gm12446,0,0,0,0
Gm12454,0,16,2,0
Gm12462,0,0,0,0
Gm12472,0,0,0,0
Gm12473,1,4,0,2
Gm12474,1,0,0,0
Gm12478,0,0,0,0
Gm12480,0,0,0,0
Gm12484,0,0,0,1
Gm12493,0,0,0,0
Gm12496,1,0,0,1
Gm12498,0,0,0,0
Gm12500,1,4,1,0
Gm12505,0,0,0,0
Gm12506,0,0,0,0
Gm12510,0,0,0,0
Gm12511,0,1,0,0
Gm12514,0,0,0,0
Gm12519,0,0,0,0
Gm12523,0,0,0,0
Gm12524,2,5,4,3
Gm12525,3,7,2,7
Gm12530,0,0,1,0
Gm12531,2,1,0,1
Gm12532,2,2,2,1
Gm12534,0,0,0,0
Gm12536,2,2,3,0
Gm12542,0,0,0,0
Gm12569,0,0,0,0
Gm12576,77,203,100,94
Gm12580,0,0,0,0
Gm12589,0,0,0,0
Gm12590,0,0,0,0
Gm12596,1,0,0,0
Gm12600,0,0,1,0
Gm12603,0,0,0,0
Gm12606,0,0,0,0
Gm12629,0,0,0,0
Gm12631,0,0,0,0
Gm12637,0,0,0,0
Gm12648,0,0,0,0
Gm12649,1,0,0,0
Gm12660,0,0,0,0
Gm12665,0,0,0,0
Gm12666,0,0,0,0
Gm12668,0,0,0,0
Gm12670,0,0,0,0
Gm12678,0,0,0,0
Gm12679,0,1,0,0
Gm12681,2,0,0,0
Gm12682,0,1,0,0
Gm12688,0,0,0,0
Gm12689,22,114,44,20
Gm12690,0,0,0,0
Gm12694,0,0,0,0
Gm12695,0,0,0,0
Gm12702,0,0,0,0
Gm12705,0,0,0,0
Gm12708,0,1,1,0
Gm12709,5,6,5,1
Gm12711,0,0,0,0
Gm12714,0,0,0,0
Gm12718,0,0,0,0
Gm12728,1,3,2,0
Gm12729,0,0,0,0
Gm12730,1,0,0,0
Gm12735,0,1,0,0
Gm12744,1,0,0,0
Gm12746,0,0,0,0
Gm12753,0,0,1,0
Gm12756,0,0,0,0
Gm12758,56,135,63,50
Gm12762,0,1,0,0
Gm12763,0,0,0,0
Gm12764,0,4,2,0
Gm12766,0,2,0,0
Gm12781,1,2,1,1
Gm12784,1,0,0,0
Gm12786,0,0,0,0
Gm12789,0,0,0,0
Gm12790,0,0,0,0
Gm12794,0,0,0,0
Gm12796,0,0,0,0
Gm12798,0,0,0,0
Gm128,0,7,5,2
Gm12800,0,0,0,0
Gm12801,0,0,0,0
Gm12802,38,70,35,32
Gm12823,0,0,0,0
Gm12827,0,0,0,0
Gm12828,0,0,0,0
Gm12829,0,1,2,0
Gm12830,0,2,0,0
Gm12840,21,15,22,22
Gm12841,3,4,2,0
Gm12843,0,1,0,1
Gm12845,0,0,0,0
Gm12847,0,0,0,0
Gm12853,0,0,0,0
Gm12860,0,22,5,0
Gm12862,0,0,0,0
Gm12863,0,0,0,0
Gm12865,0,0,0,0
Gm12866,0,0,0,0
Gm12867,2,3,0,1
Gm12868,0,1,0,0
Gm12869,0,0,0,0
Gm12886,0,0,0,0
Gm12887,0,0,0,0
Gm12888,0,0,0,0
Gm12905,0,3,4,0
Gm12907,0,1,0,0
Gm12909,2,3,2,0
Gm12910,0,0,0,0
Gm12911,0,0,0,0
Gm12914,0,0,0,0
Gm12916,0,0,0,0
Gm12923,0,0,0,0
Gm12925,4,13,4,2
Gm12927,0,0,0,0
Gm12930,0,0,2,0
Gm12932,0,2,0,0
Gm12942,16,49,15,6
Gm12946,0,0,0,0
Gm12949,0,0,0,0
Gm12951,0,0,0,0
Gm12953,2,3,0,1
Gm12958,0,0,0,0
Gm12962,1,0,0,0
Gm12963,1,3,1,3
Gm12968,3,7,2,4
Gm12970,0,0,0,0
Gm12972,0,0,0,0
Gm12973,0,0,0,0
Gm12974,0,0,0,0
Gm12976,9,29,9,14
Gm12977,0,0,0,0
Gm12979,0,0,0,0
Gm12981,8,5,2,4
Gm12984,0,0,0,0
Gm12996,3,5,0,1
Gm12999,2,11,5,0
Gm13001,0,0,0,0
Gm13003,5,9,2,1
Gm13008,0,0,0,0
Gm13010,0,0,0,0
Gm13012,0,2,0,0
Gm13016,0,5,0,0
Gm13017,0,0,0,0
Gm13021,0,0,0,0
Gm13023,0,0,0,0
Gm13025,6,16,4,1
Gm13026,0,0,0,0
Gm13027,0,0,0,0
Gm13028,0,0,0,0
Gm13029,0,0,0,1
Gm13030,0,0,0,0
Gm13031,8,18,9,7
Gm13040,0,0,0,0
Gm13043,0,0,0,0
Gm13049,0,1,0,0
Gm1305,1,6,1,0
Gm13051,0,1,0,1
Gm13052,3,11,4,1
Gm13054,4,14,4,4
Gm13055,0,0,0,0
Gm13056,1,2,3,2
Gm13057,0,0,0,0
Gm13062,0,0,0,0
Gm13063,0,0,0,0
Gm13066,0,2,0,0
Gm13067,0,0,1,0
Gm13068,0,2,0,0
Gm13070,0,0,0,0
Gm13073,0,0,0,0
Gm13074,0,0,0,0
Gm13075,43,84,62,64
Gm13078,0,0,0,0
Gm13083,0,0,0,0
Gm13084,0,0,0,0
Gm13088,0,0,0,0
Gm13089,0,0,0,0
Gm13090,1,3,3,1
Gm13091,3,0,2,2
Gm13093,0,3,0,0
Gm13097,0,0,0,0
Gm13101,0,0,0,0
Gm13102,0,0,0,0
Gm13103,0,0,0,0
Gm13111,14,23,9,8
Gm13112,38,140,75,22
Gm13115,0,0,0,0
Gm13119,0,0,0,0
Gm13124,0,0,0,0
Gm13125,0,0,0,0
Gm13128,0,0,0,0
Gm13133,0,0,0,0
Gm13134,13,16,3,22
Gm13139,3,8,2,5
Gm13145,0,0,0,0
Gm13150,0,0,0,0
Gm13151,0,2,0,0
Gm13152,1,0,0,0
Gm13154,0,0,0,0
Gm13157,7,15,3,2
Gm13165,1,0,0,0
Gm13166,4,5,3,2
Gm13173,0,0,0,0
Gm13174,0,0,0,0
Gm13175,0,0,0,2
Gm13177,0,0,0,0
Gm13178,0,0,0,0
Gm13179,2,5,2,0
Gm13180,0,0,0,0
Gm13184,0,0,0,0
Gm13185,0,0,0,0
Gm13189,9,2,5,4
Gm13191,0,0,0,0
Gm13199,10,38,10,10
Gm13200,0,0,0,0
Gm13201,0,0,0,0
Gm13203,0,0,0,0
Gm13205,34,123,56,42
Gm13206,7,15,11,7
Gm13209,1,0,0,0
Gm13211,1,1,0,0
Gm13212,1,0,2,0
Gm13218,0,0,0,0
Gm13219,0,0,0,0
Gm1322,0,0,0,0
Gm13225,1,1,0,0
Gm13235,0,0,0,0
Gm13236,0,0,0,0
Gm13242,0,0,0,0
Gm13247,0,0,0,0
Gm13248,4,0,3,3
Gm13251,1,4,3,1
Gm13256,0,0,0,0
Gm13257,0,0,0,1
Gm13262,0,0,0,0
Gm13264,0,0,0,0
Gm13267,3,3,0,0
Gm13269,80,87,55,66
Gm13271,0,0,0,0
Gm13272,0,0,0,1
Gm13274,0,0,0,0
Gm13275,0,0,0,0
Gm13276,0,0,0,0
Gm13277,0,0,0,0
Gm13278,0,0,0,0
Gm13279,0,0,0,0
Gm13283,0,0,0,0
Gm13285,0,0,0,0
Gm13287,0,0,0,0
Gm13288,0,0,0,0
Gm13289,0,0,0,0
Gm13290,0,0,0,0
Gm13291,0,0,0,0
Gm13293,8,5,1,1
Gm13299,0,0,0,0
Gm1330,0,0,0,0
Gm13304,0,0,0,0
Gm13305,8,17,4,11
Gm13306,3,39,6,4
Gm13307,0,1,0,0
Gm13322,1,2,0,0
Gm13324,0,0,0,0
Gm13327,2,6,3,1
Gm13330,0,0,0,0
Gm13335,0,0,0,0
Gm13344,0,0,0,0
Gm13346,0,0,0,0
Gm13348,0,0,0,0
Gm13362,6,24,12,10
Gm13371,0,0,0,0
Gm13373,0,1,2,0
Gm13375,5,9,1,0
Gm13376,0,0,0,0
Gm13381,0,0,0,0
Gm13383,0,2,1,0
Gm13387,2,0,0,0
Gm13388,0,0,0,0
Gm13389,0,0,2,0
Gm13391,2,5,5,1
Gm13393,0,0,0,0
Gm13398,0,5,0,0
Gm13402,4,0,1,1
Gm13403,0,3,0,0
Gm13404,6,19,13,5
Gm13405,1,0,0,1
Gm13411,0,0,0,0
Gm13412,0,0,0,0
Gm13417,0,0,0,0
Gm13420,1,2,0,0
Gm13425,0,1,0,1
Gm13427,1,2,1,0
Gm13431,2,1,1,0
Gm13434,0,0,0,0
Gm13441,0,0,0,1
Gm13442,0,0,0,0
Gm13449,0,0,0,0
Gm13465,0,0,0,2
Gm13467,0,0,0,0
Gm13470,0,4,0,2
Gm13479,3,2,2,5
Gm13480,0,0,0,0
Gm13481,1,1,2,2
Gm13485,0,0,0,0
Gm13490,0,1,0,0
Gm13496,1,0,0,0
Gm13497,0,0,0,0
Gm13499,0,0,0,0
Gm13522,0,1,0,0
Gm13523,3,8,5,2
Gm13524,28,148,57,22
Gm13528,7,5,8,6
Gm13530,2,12,6,2
Gm13536,0,1,1,0
Gm13539,0,0,0,0
Gm13544,0,0,1,1
Gm13546,0,0,0,0
Gm13547,0,1,0,1
Gm13553,0,0,0,0
Gm13554,0,0,0,0
Gm13556,0,2,0,0
Gm13561,1,14,6,1
Gm13563,7,9,3,9
Gm13564,0,1,0,0
Gm13565,0,0,0,0
Gm13569,0,1,0,1
Gm13571,0,2,0,0
Gm13572,1,3,1,0
Gm13575,0,0,0,0
Gm13580,0,0,0,0
Gm13582,0,0,0,0
Gm13583,0,0,0,0
Gm13584,0,0,0,0
Gm13589,5,14,3,3
Gm13594,2,2,2,0
Gm13595,19,39,20,7
Gm13596,0,1,1,0
Gm13598,0,0,0,0
Gm13599,0,0,0,0
Gm136,0,1,0,0
Gm13601,1,4,0,1
Gm13605,0,0,0,0
Gm13609,2,3,2,0
Gm13610,0,5,0,0
Gm13613,1,0,1,1
Gm13617,0,0,0,0
Gm13618,0,0,0,0
Gm13619,26,86,43,44
Gm13620,0,2,2,1
Gm13629,91,506,177,96
Gm13632,1,3,0,0
Gm13647,0,0,0,0
Gm13652,0,0,0,0
Gm13656,0,0,0,0
Gm13658,0,0,0,0
Gm13660,0,0,0,0
Gm13661,0,0,0,0
Gm13667,0,0,0,0
Gm13686,0,0,0,0
Gm13691,0,0,0,0
Gm13693,0,0,0,0
Gm13694,0,0,0,0
Gm13695,0,0,0,0
Gm13696,0,0,0,0
Gm13697,0,0,0,0
Gm13698,0,0,0,0
Gm13703,0,0,0,0
Gm13707,0,0,0,0
Gm13708,0,0,0,0
Gm13709,1,0,0,0
Gm13710,0,2,2,1
Gm13713,2,1,1,1
Gm13715,1,0,1,1
Gm13716,0,1,0,0
Gm13741,0,0,0,0
Gm13746,0,0,0,0
Gm13748,0,0,0,0
Gm13749,0,0,0,0
Gm13752,0,0,0,0
Gm13757,0,0,0,0
Gm13762,0,0,0,0
Gm13763,0,0,0,0
Gm13769,0,1,0,0
Gm13780,0,0,0,0
Gm13781,0,1,0,0
Gm13782,0,0,0,0
Gm13790,0,0,0,0
Gm13793,0,0,1,0
Gm13794,0,0,0,0
Gm13799,0,0,0,0
Gm13802,0,0,0,0
Gm13807,0,0,0,0
Gm13814,1,0,4,0
Gm13816,0,1,0,0
Gm13817,0,0,0,0
Gm13822,0,0,0,0
Gm13830,271,682,309,171
Gm13832,1,1,5,0
Gm13833,2,0,0,0
Gm13834,0,0,0,0
Gm13837,1,1,1,0
Gm13838,0,0,0,0
Gm13839,0,1,0,0
Gm13842,0,2,6,1
Gm13844,0,1,0,1
Gm13846,0,0,0,0
Gm13848,0,0,0,0
Gm13849,0,0,0,0
Gm13850,0,0,0,0
Gm13853,1,9,6,4
Gm13855,0,0,0,0
Gm13856,12,19,8,15
Gm13860,0,0,0,0
Gm13861,3,19,2,1
Gm13869,1,0,0,0
Gm13871,0,0,0,0
Gm13872,2,6,2,1
Gm13874,0,0,0,0
Gm13881,1,0,0,0
Gm13883,2,8,1,1
Gm13889,38,110,43,16
Gm13905,8,10,8,4
Gm13912,1,0,0,0
Gm13919,1,0,0,0
Gm13920,1,3,2,1
Gm13923,0,0,0,0
Gm13936,3,6,1,3
Gm13938,0,0,0,0
Gm13941,0,0,0,0
Gm13942,0,0,0,0
Gm13943,0,0,0,0
Gm13944,0,0,0,0
Gm13954,0,0,0,0
Gm13962,0,0,0,0
Gm13963,13,35,13,12
Gm13964,0,0,1,0
Gm13966,4,4,0,0
Gm13974,0,1,0,0
Gm13976,0,0,0,0
Gm13977,0,2,2,1
Gm13982,0,1,0,0
Gm13985,0,0,0,0
Gm13990,0,0,0,0
Gm13994,0,0,0,0
Gm13999,0,2,0,0
Gm14002,0,0,0,0
Gm14003,0,0,0,0
Gm14009,0,0,0,0
Gm14010,0,1,0,0
Gm14011,0,1,0,1
Gm14012,0,0,0,0
Gm14014,0,0,0,0
Gm14015,0,0,0,0
Gm14019,2,9,7,1
Gm14024,0,0,0,0
Gm14025,0,1,0,0
Gm14029,0,5,3,1
Gm14033,17,21,14,13
Gm14041,0,0,0,0
Gm14051,1,0,0,0
Gm14055,0,0,0,0
Gm14061,0,1,0,0
Gm14062,1,0,0,0
Gm14064,0,0,0,0
Gm14085,0,1,0,0
Gm14089,1,0,0,1
Gm14091,5,5,0,0
Gm14092,0,0,1,1
Gm14095,0,0,0,0
Gm14097,0,2,0,1
Gm14100,0,0,0,0
Gm14102,0,4,0,0
Gm14104,2,5,2,1
Gm14110,0,0,1,0
Gm14114,0,0,0,0
Gm14120,1,3,1,0
Gm14124,0,0,0,0
Gm14133,0,0,1,0
Gm14135,0,0,0,0
Gm14137,0,4,2,0
Gm14139,0,0,0,0
Gm14144,0,0,0,0
Gm14145,0,2,2,0
Gm14146,0,1,1,0
Gm14147,0,0,0,0
Gm14149,0,0,3,3
Gm14151,0,1,0,0
Gm14152,0,0,0,0
Gm14154,1,0,0,0
Gm14155,0,0,0,0
Gm14161,0,0,0,0
Gm14167,4,3,0,1
Gm14168,3,13,5,3
Gm14170,0,0,0,0
Gm14174,0,0,0,0
Gm14180,0,0,0,0
Gm14190,0,0,0,0
Gm14198,16,49,22,9
Gm14199,0,0,0,0
Gm14205,0,2,1,0
Gm14206,0,0,0,0
Gm14210,0,0,0,0
Gm14211,0,0,0,0
Gm14214,1,0,0,1
Gm14216,0,0,0,0
Gm14218,0,1,0,0
Gm14221,0,0,0,0
Gm14223,0,0,0,0
Gm14224,0,1,0,0
Gm14225,0,0,0,0
Gm14226,1,0,0,0
Gm14228,0,0,0,0
Gm14230,0,0,0,0
Gm14232,0,0,1,0
Gm14235,0,0,0,0
Gm14236,0,0,0,0
Gm14241,0,0,0,0
Gm14242,0,0,0,0
Gm14243,0,0,0,0
Gm14244,0,0,0,0
Gm14246,1,13,4,2
Gm14249,0,0,0,0
Gm14250,0,0,0,0
Gm14252,2,5,1,2
Gm14254,0,0,0,0
Gm14255,0,0,1,0
Gm14257,1,1,0,0
Gm14258,1,1,0,1
Gm14260,0,0,0,0
Gm14262,0,0,1,0
Gm14264,1,1,2,0
Gm14266,0,0,0,0
Gm14267,0,0,0,0
Gm14268,0,1,0,0
Gm14271,0,0,0,0
Gm14272,0,0,0,0
Gm14273,1,0,0,0
Gm14275,0,0,0,0
Gm14280,0,1,0,0
Gm14285,3,7,3,7
Gm14286,37,70,38,14
Gm14288,0,0,0,0
Gm14291,0,1,0,0
Gm14295,28,63,33,24
Gm14296,151,466,213,103
Gm14302,7,7,5,6
Gm14305,35,66,33,26
Gm14306,4,11,4,7
Gm14308,7,8,4,4
Gm14317,1,10,4,1
Gm14319,0,0,0,0
Gm14320,1,1,0,1
Gm14321,0,0,0,0
Gm14322,5,7,4,1
Gm14325,5,7,1,2
Gm14326,13,39,17,13
Gm14327,7,6,5,8
Gm14329,0,0,0,0
Gm14330,0,1,0,0
Gm14339,0,0,0,0
Gm14340,0,1,0,0
Gm14341,2,33,12,2
Gm14342,2,3,0,0
Gm14344,0,0,0,0
Gm14345,0,0,0,0
Gm14346,0,0,0,0
Gm14347,0,0,0,0
Gm14351,0,0,0,0
Gm14372,2,3,1,1
Gm14374,0,0,0,0
Gm14377,1,1,0,0
Gm14391,16,19,16,4
Gm14393,6,9,5,6
Gm14396,0,0,0,0
Gm14397,1,1,0,1
Gm14399,18,32,14,8
Gm14401,2,6,2,4
Gm14403,9,26,6,5
Gm14406,0,0,0,0
Gm14408,0,0,0,0
Gm14409,0,0,0,0
Gm14410,6,7,2,1
Gm14412,1,12,3,3
Gm14418,29,73,33,13
Gm14419,16,24,16,11
Gm14420,2,3,1,2
Gm14424,0,0,0,0
Gm14426,0,0,0,0
Gm14431,0,0,0,0
Gm14434,2,0,1,1
Gm14435,0,0,0,0
Gm14437,0,0,0,0
Gm14440,0,0,0,0
Gm14443,37,59,41,16
Gm14444,3,10,1,1
Gm14453,0,0,0,0
Gm14459,0,0,0,0
Gm14461,0,0,0,0
Gm14474,0,0,0,0
Gm14475,0,0,0,0
Gm14476,0,0,0,0
Gm14477,0,0,0,0
Gm14478,0,0,0,0
Gm14479,0,0,0,0
Gm14482,0,0,0,0
Gm14483,0,0,0,0
Gm14484,0,0,0,0
Gm14486,1,1,0,0
Gm14487,1,3,0,0
Gm14493,1,3,0,0
Gm14496,0,0,0,0
Gm14501,0,0,0,0
Gm14505,0,0,0,0
Gm14507,1,0,0,1
Gm14508,65,255,106,66
Gm14525,0,0,0,0
Gm14532,0,1,3,0
Gm14540,6,12,5,4
Gm14546,0,0,0,0
Gm14547,0,0,0,0
Gm14548,0,0,0,0
Gm14549,0,0,0,0
Gm14552,0,0,0,0
Gm14553,0,0,0,0
Gm14565,1,0,1,0
Gm14569,2,1,0,1
Gm14573,0,0,0,0
Gm14582,0,0,0,0
Gm14597,1,5,5,3
Gm14616,0,0,0,0
Gm14618,0,0,0,0
Gm14632,0,0,0,0
Gm14635,0,0,0,0
Gm14637,0,1,1,0
Gm14640,0,0,0,0
Gm14641,0,0,0,0
Gm14642,0,0,0,0
Gm14661,0,0,0,0
Gm14662,0,0,1,0
Gm14664,0,0,0,0
Gm14684,0,0,0,0
Gm14685,0,0,0,0
Gm14692,0,0,0,0
Gm14696,0,0,0,0
Gm14697,0,0,0,0
Gm14698,91,255,105,70
Gm14703,590,1358,686,463
Gm14705,1,0,0,0
Gm14707,0,0,0,0
Gm14715,0,0,0,0
Gm14717,0,0,0,0
Gm14718,0,0,0,0
Gm14742,0,0,0,0
Gm14743,0,0,0,0
Gm14744,0,0,0,0
Gm14762,4,7,2,0
Gm14764,2,5,5,1
Gm14773,0,0,0,0
Gm14781,0,0,0,0
Gm14798,0,1,0,0
Gm14808,0,0,0,0
Gm14809,0,0,0,0
Gm14812,0,0,0,0
Gm14818,0,0,0,0
Gm14819,0,0,0,0
Gm14820,2,4,0,0
Gm14827,73,180,81,58
Gm14850,0,0,0,0
Gm14851,0,0,0,0
Gm14862,3,10,6,3
Gm14902,1,1,1,1
Gm14920,0,0,0,0
Gm14929,0,0,0,0
Gm14936,0,0,0,0
Gm14950,0,0,0,0
Gm14951,0,1,0,1
Gm14964,110,350,130,113
Gm14966,52,108,63,40
Gm14967,0,0,0,0
Gm14968,0,0,0,0
Gm14974,0,0,0,0
Gm14978,0,0,0,0
Gm15008,0,0,0,0
Gm15013,1,5,3,4
Gm15023,0,0,0,0
Gm15046,0,0,0,0
Gm15050,1,0,0,0
Gm15056,0,0,0,0
Gm15063,0,2,0,0
Gm15080,0,0,0,0
Gm15082,1,9,1,1
Gm15083,0,0,1,0
Gm15085,0,0,0,0
Gm15086,0,0,0,0
Gm15091,0,0,0,0
Gm15092,0,0,0,0
Gm15093,0,0,0,0
Gm15097,0,0,0,0
Gm15099,0,0,0,0
Gm15100,0,0,0,0
Gm15104,0,1,0,0
Gm15107,0,0,0,0
Gm15114,0,0,0,0
Gm15122,0,0,0,0
Gm15123,0,0,0,0
Gm15124,0,3,0,1
Gm15127,0,0,0,0
Gm15128,0,0,0,1
Gm15130,0,0,0,0
Gm15133,0,1,1,0
Gm15135,0,0,0,0
Gm15137,0,0,0,0
Gm15138,1,3,3,0
Gm15140,0,0,0,0
Gm15155,4,51,18,4
Gm15156,0,0,0,0
Gm15169,2,1,1,0
Gm15178,0,3,1,2
Gm15179,1,0,2,0
Gm15199,0,0,0,0
Gm15200,1,0,0,0
Gm15202,0,0,0,0
Gm15205,0,0,0,0
Gm15208,0,0,0,0
Gm15217,0,0,0,0
Gm15218,0,0,0,0
Gm15221,0,0,0,0
Gm15222,5,10,4,9
Gm15226,0,0,0,0
Gm15228,0,1,0,0
Gm15230,0,0,0,0
Gm15232,0,2,0,0
Gm15234,23,79,33,23
Gm15239,0,0,0,0
Gm15241,0,0,0,2
Gm15243,0,0,0,0
Gm15245,0,0,0,0
Gm15247,11,21,10,3
Gm15261,178,552,298,138
Gm15262,0,0,0,0
Gm15265,0,3,2,1
Gm1527,0,0,0,0
Gm15271,0,1,0,0
Gm15284,0,0,0,0
Gm15287,0,1,0,0
Gm15288,0,0,0,0
Gm15290,0,0,0,0
Gm15292,0,0,0,0
Gm15293,0,0,0,0
Gm15294,0,0,0,0
Gm15295,0,0,0,0
Gm15298,2,4,3,3
Gm15299,0,0,0,0
Gm15308,0,0,0,0
Gm15315,0,0,0,0
Gm15317,1,0,0,0
Gm15318,0,0,0,0
Gm15319,3,11,4,3
Gm15322,0,0,0,0
Gm15323,0,0,0,0
Gm15324,0,0,0,0
Gm15325,0,0,0,0
Gm15326,0,0,1,0
Gm15328,3,26,8,5
Gm15334,0,0,0,0
Gm15336,0,2,1,0
Gm15337,6,32,7,7
Gm15339,0,0,0,0
Gm15340,0,0,0,0
Gm15341,0,0,0,0
Gm15343,0,1,0,0
Gm15345,0,0,0,0
Gm15346,0,0,0,0
Gm15347,0,0,0,0
Gm15348,1,0,0,0
Gm15350,0,0,0,1
Gm15351,1,6,4,0
Gm15353,0,1,1,0
Gm15354,1,3,1,0
Gm15356,1,3,0,1
Gm15384,0,0,0,0
Gm15389,0,0,0,0
Gm15391,0,0,0,0
Gm15392,0,0,0,0
Gm15395,0,0,0,0
Gm15396,17,44,26,21
Gm15398,0,10,2,1
Gm15401,2,2,3,2
Gm15402,1,6,4,3
Gm15404,0,0,0,0
Gm15406,2,2,2,1
Gm15407,0,0,0,0
Gm15408,0,1,0,1
Gm15409,0,1,0,0
Gm15410,0,0,1,0
Gm15412,0,1,0,0
Gm15413,4,7,1,0
Gm15414,1,0,3,1
Gm15416,0,0,0,0
Gm15417,29,57,27,10
Gm15418,1,1,0,0
Gm15419,0,0,0,0
Gm15420,1,3,1,2
Gm15423,7,6,3,2
Gm15440,160,343,177,92
Gm15441,1,3,0,1
Gm15444,1,0,0,0
Gm15445,15,47,25,21
Gm15446,178,485,250,133
Gm15448,0,0,0,0
Gm15457,0,0,0,0
Gm15458,0,1,0,0
Gm15461,0,0,0,0
Gm15462,3,5,4,2
Gm15469,0,0,0,0
Gm15473,0,0,0,0
Gm15475,0,0,0,0
Gm15477,0,5,3,0
Gm15478,42,95,37,12
Gm15485,0,1,0,0
Gm15486,0,0,0,0
Gm15489,6,13,5,2
Gm15491,1,0,1,0
Gm15492,2,3,1,1
Gm15494,2,9,7,3
Gm15496,4,6,8,4
Gm15498,1,0,0,0
Gm15499,0,0,0,0
Gm15510,17,42,25,6
Gm15511,0,2,0,1
Gm15512,1,0,0,0
Gm15518,0,1,1,0
Gm15520,123,555,286,108
Gm15522,0,1,1,1
Gm15523,0,1,0,0
Gm15524,0,0,0,0
Gm1553,0,0,0,0
Gm15533,0,0,1,0
Gm15537,170,309,154,132
Gm15540,0,2,0,0
Gm15541,5,4,5,1
Gm15543,0,0,0,1
Gm15545,14,27,5,10
Gm15551,1,2,0,1
Gm15555,0,0,0,0
Gm15556,0,0,0,0
Gm15557,0,0,0,0
Gm15558,4,8,4,0
Gm15559,34,109,49,23
Gm15561,0,0,0,0
Gm15563,0,0,0,0
Gm15564,3,4,2,0
Gm15567,5,21,14,8
Gm15569,0,1,0,0
Gm15577,1,3,1,0
Gm15579,0,0,0,0
Gm15581,1,2,0,0
Gm15582,0,1,2,0
Gm15584,1,1,4,1
Gm15585,0,1,1,0
Gm15587,2,19,13,2
Gm15589,0,0,0,0
Gm15591,0,0,0,0
Gm15592,1,0,1,1
Gm15594,388,875,329,313
Gm15597,0,0,0,0
Gm15598,0,3,0,0
Gm156,0,0,0,0
Gm15600,0,1,0,1
Gm15601,5,12,5,6
Gm15608,2,9,4,1
Gm15611,5,8,10,4
Gm15612,5,9,1,1
Gm15614,132,250,126,106
Gm15619,0,0,0,0
Gm15622,0,0,0,0
Gm15624,57,55,39,33
Gm15627,35,61,27,17
Gm15628,0,0,0,0
Gm15629,0,0,0,0
Gm15631,12,116,53,17
Gm15632,21,82,42,19
Gm15634,4,11,4,2
Gm15635,0,0,1,0
Gm15637,2,2,1,0
Gm15638,1,5,5,1
Gm15640,0,0,1,0
Gm15641,0,0,0,0
Gm15642,0,1,2,0
Gm15643,0,0,0,0
Gm15646,0,0,1,0
Gm15647,0,0,0,0
Gm15648,2,8,6,1
Gm15650,0,0,0,0
Gm15655,0,2,1,1
Gm15656,1,5,1,0
Gm15657,0,0,0,0
Gm15658,0,1,0,0
Gm15668,0,0,0,0
Gm15669,0,0,0,0
Gm15671,0,0,0,0
Gm15674,0,0,0,0
Gm15675,9,22,7,5
Gm15677,0,2,0,0
Gm15679,0,0,0,0
Gm15684,0,0,0,0
Gm15687,1,1,0,1
Gm15688,31,48,23,22
Gm15689,2,4,2,0
Gm15690,121,78,73,56
Gm15691,0,13,1,1
Gm15698,0,0,0,0
Gm15699,0,0,0,0
Gm15700,0,0,0,1
Gm15701,0,0,0,0
Gm15704,3,6,2,0
Gm15706,30,70,41,18
Gm15713,1,0,0,0
Gm15716,0,0,0,0
Gm15717,0,0,0,0
Gm15718,0,0,0,0
Gm15721,1,25,13,3
Gm15722,0,1,0,0
Gm15723,0,10,6,4
Gm15726,2,6,1,1
Gm15728,31,61,34,13
Gm15729,0,0,0,0
Gm15731,0,0,1,0
Gm15734,1,1,0,0
Gm15735,3,6,5,2
Gm15736,0,0,0,0
Gm15737,3,19,17,6
Gm15738,1,3,0,0
Gm15743,18,57,17,4
Gm15747,2,4,2,4
Gm15749,0,0,0,0
Gm15755,0,0,0,0
Gm15756,0,0,0,0
Gm15758,0,0,1,2
Gm15759,0,0,1,1
Gm15762,0,0,0,0
Gm15767,0,1,0,1
Gm15774,5,5,5,3
Gm15775,0,0,0,0
Gm15777,0,0,0,0
Gm15788,0,0,0,0
Gm15792,0,0,0,0
Gm15800,150,400,183,99
Gm15802,0,0,0,0
Gm15810,38,208,122,69
Gm15813,0,0,0,1
Gm15816,0,2,0,1
Gm15818,0,0,0,0
Gm15819,0,0,0,0
Gm15821,2,2,0,1
Gm15825,0,5,2,0
Gm15829,3,9,5,1
Gm15831,1,0,0,0
Gm15834,51,165,101,83
Gm15839,0,4,2,3
Gm15841,0,0,0,0
Gm15845,0,0,0,0
Gm15848,0,0,0,0
Gm15849,0,0,0,0
Gm15851,1,1,1,3
Gm15853,3,4,3,1
Gm15853-1,0,0,0,0
Gm15856,137,467,227,77
Gm15857,0,4,0,1
Gm15859,17,31,10,12
Gm15860,3,33,14,8
Gm15862,0,1,0,0
Gm15864,0,0,0,0
Gm15866,0,0,0,0
Gm15867,1,5,2,1
Gm15868,1,1,1,1
Gm1587,0,0,0,0
Gm15870,0,0,0,0
Gm15872,1,0,0,0
Gm15873,0,0,1,0
Gm15875,0,0,0,0
Gm15879,8,27,9,20
Gm15880,7,8,3,5
Gm15882,1,0,0,0
Gm15883,0,0,0,1
Gm15884,0,0,0,0
Gm15886,1,1,1,1
Gm15889,0,0,0,0
Gm15890,2,1,1,0
Gm15891,0,0,0,0
Gm15892,63,171,91,63
Gm15893,0,2,1,0
Gm15894,3,9,1,0
Gm15895,0,0,0,0
Gm15904,1,0,0,1
Gm15906,0,0,0,0
Gm15907,0,0,0,0
Gm15911,6,19,7,9
Gm15912,85,156,61,28
Gm15915,0,0,1,0
Gm15917,0,0,0,0
Gm15918,0,0,0,0
Gm15929,0,1,0,0
Gm15932,0,0,1,0
Gm15934,8,1,2,1
Gm15935,0,0,0,0
Gm15938,3,10,1,0
Gm15939,3,0,1,2
Gm15942,0,0,1,0
Gm15945,0,0,0,0
Gm15947,0,0,0,0
Gm15948,0,0,0,0
Gm15949,0,0,0,0
Gm15952,26,70,37,10
Gm15956,3,9,2,3
Gm15962,0,0,0,0
Gm15965,29,54,29,24
Gm15966,0,0,0,0
Gm15969,0,0,0,0
Gm15972,4,5,0,1
Gm15976,2,0,0,0
Gm15978,0,0,0,0
Gm15984,0,0,0,0
Gm15985,0,0,0,0
Gm15987,0,0,0,0
Gm15990,2,3,5,1
Gm15991,1,5,2,1
Gm15996,9,21,5,4
Gm15997,6,26,10,1
Gm15998,29,87,38,21
Gm15999,0,0,0,0
Gm16000,0,4,0,0
Gm16001,41,113,65,71
Gm16004,0,0,0,0
Gm16006,4,6,0,1
Gm16008,11,18,15,5
Gm16010,0,0,1,0
Gm16013,0,0,0,0
Gm16015,0,0,0,0
Gm16019,0,0,0,0
Gm16024,0,0,0,0
Gm16025,0,0,0,0
Gm16028,1,2,0,0
Gm16031,0,1,0,0
Gm16033,6,12,5,3
Gm16034,0,0,0,0
Gm16035,0,0,0,0
Gm16036,0,0,0,0
Gm16041,3,9,3,2
Gm16043,1,0,0,0
Gm16045,1,3,4,2
Gm16048,0,2,0,0
Gm16049,15,41,22,10
Gm1604a,17,53,32,17
Gm1604b,0,0,0,0
Gm16050,0,2,0,2
Gm16052,13,26,11,1
Gm16054,15,84,33,22
Gm16055,1,1,1,2
Gm16058,0,0,1,0
Gm16059,8,23,9,8
Gm16062,14,56,16,22
Gm16063,0,0,0,0
Gm16064,0,0,0,0
Gm16068,0,1,0,0
Gm16069,3,2,1,2
Gm16070,4,11,2,1
Gm16075,11,27,10,6
Gm16079,0,0,0,0
Gm16080,0,0,0,0
Gm16081,1,0,0,0
Gm16083,5,19,9,6
Gm16084,0,0,0,0
Gm16085,0,0,0,0
Gm16086,1,1,0,0
Gm16087,5,32,10,1
Gm16090,0,0,0,1
Gm16092,0,0,0,0
Gm16093,0,0,0,0
Gm16094,0,0,1,0
Gm16095,0,0,0,1
Gm16098,1,2,1,1
Gm16099,2,4,5,0
Gm16104,0,1,0,0
Gm16105,739,1582,1168,871
Gm16110,0,0,0,0
Gm16116,1,6,5,3
Gm16117,0,0,0,0
Gm16118,1,2,1,0
Gm16120,0,1,3,0
Gm16121,1,3,2,0
Gm16122,0,0,0,0
Gm16124,13,31,9,8
Gm16126,1,6,7,3
Gm16130,0,0,0,0
Gm16131,2,0,0,0
Gm16133,2,1,0,0
Gm16135,0,0,1,1
Gm16136,0,0,0,0
Gm16140,0,1,0,0
Gm16141,7,76,23,7
Gm16142,0,0,0,0
Gm16143,0,4,1,0
Gm16144,0,0,0,0
Gm16145,0,0,0,0
Gm16146,0,0,0,0
Gm16150,2,3,0,1
Gm16151,0,0,0,0
Gm16152,237,519,278,188
Gm16156,0,2,1,0
Gm16157,0,1,1,0
Gm16158,0,0,0,0
Gm16160,0,0,0,0
Gm16161,0,0,0,0
Gm16168,4,15,1,1
Gm16172,3,11,4,4
Gm16174,1,0,1,0
Gm16175,0,0,0,0
Gm16178,1,1,0,0
Gm16180,0,0,0,0
Gm16181,1,1,1,2
Gm16183,134,379,221,126
Gm16185,3,8,9,5
Gm16188,0,0,0,0
Gm16189,0,1,1,0
Gm16191,0,3,0,0
Gm16192,0,4,2,0
Gm16193,0,0,0,0
Gm16194,0,0,0,0
Gm16195,0,0,0,0
Gm16196,0,0,0,0
Gm16206,0,0,0,1
Gm16208,4,13,5,2
Gm16211,1,2,0,1
Gm16212,11,36,14,2
Gm16213,0,0,0,1
Gm16214,0,1,0,0
Gm16217,0,1,0,0
Gm16220,0,0,0,0
Gm16222,4,3,1,3
Gm16223,0,0,0,0
Gm16224,0,0,0,0
Gm16225,0,0,0,0
Gm16226,0,1,0,0
Gm16229,0,3,1,0
Gm16230,4,6,0,2
Gm16231,5,4,1,2
Gm16233,2,22,3,0
Gm16234,0,0,0,0
Gm16235,1,0,1,0
Gm16237,0,0,0,0
Gm16239,1,0,0,0
Gm16240,1,2,2,0
Gm16243,0,0,0,0
Gm16246,0,1,0,0
Gm16248,0,0,0,1
Gm16249,0,0,0,0
Gm16251,0,0,2,0
Gm16252,0,0,0,0
Gm16253,0,6,0,0
Gm16262,0,1,1,0
Gm16263,0,0,0,0
Gm16267,0,0,0,1
Gm16268,0,0,0,0
Gm1627,0,0,0,0
Gm16271,0,0,0,0
Gm16272,0,0,0,0
Gm16275,1,2,1,1
Gm16277,0,0,0,0
Gm16279,15,47,25,23
Gm16280,0,0,0,0
Gm16282,0,0,0,0
Gm16286,109,260,138,69
Gm16287,13,21,17,6
Gm16291,0,3,0,0
Gm16294,1,6,2,1
Gm16295,0,0,1,2
Gm16299,6,15,5,2
Gm16302,0,1,0,1
Gm16308,0,1,0,1
Gm16311,0,0,0,0
Gm16312,0,1,0,0
Gm16314,0,0,0,0
Gm16315,2,17,4,1
Gm16316,6,18,5,4
Gm16321,0,0,0,0
Gm16322,0,0,0,0
Gm16323,0,2,4,0
Gm16325,1,0,0,0
Gm16333,2,3,0,0
Gm16336,0,0,0,0
Gm16337,6,8,6,2
Gm16339,0,7,0,1
Gm16341,0,0,0,0
Gm16343,0,1,0,0
Gm16344,0,0,0,0
Gm16346,1,2,1,2
Gm16347,32,84,26,16
Gm16350,0,2,0,0
Gm16351,0,0,0,0
Gm16364,0,1,1,1
Gm16365,2,3,1,1
Gm16367,0,0,0,0
Gm16372,1,2,1,0
Gm16380,2,1,1,1
Gm16381,0,0,0,1
Gm16386,2,16,11,1
Gm16401,0,0,0,0
Gm16405,0,0,0,0
Gm16427,0,0,0,0
Gm16429,0,0,0,0
Gm16430,0,0,0,0
Gm16432,24,62,28,18
Gm16434,0,0,0,0
Gm16440,0,0,0,0
Gm16442,0,0,0,0
Gm16451,0,0,0,0
Gm1647,0,0,0,0
Gm16485,3,23,10,1
Gm16494,0,0,0,0
Gm16499,96,196,112,162
Gm16501,0,0,0,0
Gm16503,6,15,9,5
Gm16505,1,7,1,0
Gm16506,0,0,0,0
Gm16508,0,0,0,0
Gm16513,0,0,0,0
Gm16519,1,1,1,1
Gm16522,0,0,0,0
Gm16536,16,64,30,17
Gm16537,1,5,1,0
Gm16538,0,0,1,2
Gm16541,0,0,0,1
Gm16548,1,0,0,0
Gm16549,1,4,0,0
Gm16552,38,59,30,19
Gm16553,0,0,0,0
Gm16554,0,0,0,0
Gm16555,2,4,4,2
Gm16559,0,0,0,0
Gm16564,1,1,1,0
Gm16567,0,0,0,0
Gm16572,0,0,0,1
Gm16573,0,0,0,0
Gm16576,2,2,0,0
Gm16577,1,0,0,0
Gm16578,0,2,0,0
Gm16579,0,0,0,0
Gm16586,437,1133,502,251
Gm16587,0,0,0,0
Gm16596,2,3,2,3
Gm16599,0,1,2,0
Gm1661,5,5,3,1
Gm16617,1,1,1,2
Gm16619,0,0,0,0
Gm16630,1,5,3,0
Gm16638,47,71,25,23
Gm1667,0,0,0,0
Gm16677,0,0,0,0
Gm16685,3,6,3,0
Gm16686,0,0,0,0
Gm16701,2,18,6,3
Gm16701-1,10,29,14,5
Gm16702,6,21,8,8
Gm16712,4,15,6,2
Gm1673,647,2325,788,363
Gm16740,2,11,3,0
Gm16751,7,19,8,7
Gm16755,1,3,0,2
Gm16764,0,0,0,0
Gm16793,0,3,2,1
Gm16794,32,90,35,24
Gm16796,1,12,4,0
Gm16833,1,11,4,0
Gm16838,0,2,2,5
Gm16845,12,31,22,13
Gm16853,1,13,5,2
Gm16861,8,18,7,2
Gm16863,0,0,0,0
Gm16867,2,20,15,9
Gm16876,0,0,0,0
Gm16892,4,4,1,1
Gm16894,100,338,140,77
Gm16897,3,13,7,4
Gm16907,4,6,6,4
Gm16958,2,7,7,1
Gm16973,23,55,46,16
Gm1698,8,5,4,7
Gm16982,34,103,50,32
Gm16984,0,2,1,0
Gm16998,3,1,0,0
Gm17017,0,0,0,0
Gm17019,1,0,0,0
Gm17023,0,0,0,0
Gm17024,0,0,1,1
Gm17025,0,5,0,0
Gm17026,0,0,0,0
Gm17027,0,0,0,0
Gm17028,0,0,0,0
Gm17029,3,12,2,2
Gm17032,0,0,0,0
Gm17033,0,0,0,0
Gm17034,0,0,0,0
Gm17035,0,0,1,1
Gm17036,0,0,0,1
Gm17039,1,2,0,1
Gm17041,0,0,0,0
Gm17056,123,278,142,132
Gm17057,0,0,0,0
Gm17058,10,43,15,9
Gm17059,1,0,0,0
Gm17067,1,1,0,0
Gm17077,0,0,0,0
Gm17078,0,0,0,0
Gm17079,0,0,0,0
Gm17080,4,10,6,2
Gm17087,4,1,1,1
Gm17088,0,1,0,0
Gm17089,0,7,5,1
Gm17090,0,2,0,0
Gm17092,3,6,2,2
Gm17093,0,0,0,0
Gm17094,0,0,0,0
Gm17096,0,3,0,0
Gm17098,0,0,0,0
Gm17099,0,0,0,0
Gm17102,12,29,12,8
Gm17103,0,0,0,0
Gm17110,3,1,0,1
Gm17111,0,3,1,0
Gm17112,0,1,0,2
Gm17115,1,2,2,2
Gm17116,12,17,8,9
Gm17118,0,0,0,0
Gm17120,0,1,1,0
Gm17122,0,0,0,0
Gm17124,0,0,0,0
Gm17130,0,4,2,0
Gm17133,2,0,7,2
Gm17134,2,2,1,0
Gm17135,0,0,0,0
Gm17139,0,0,0,0
Gm17140,0,0,0,0
Gm17141,0,2,0,0
Gm17146,12,28,18,11
Gm17151,0,0,1,0
Gm17160,0,0,0,0
Gm17163,0,0,0,0
Gm17168,0,2,1,0
Gm17171,1,3,0,0
Gm17172,0,0,0,0
Gm17173,0,1,0,0
Gm17174,0,0,1,0
Gm17175,0,0,0,0
Gm17178,0,1,1,0
Gm17180,0,2,0,0
Gm17182,0,0,0,0
Gm17189,0,0,0,0
Gm17190,1,3,0,0
Gm17196,0,1,1,1
Gm17197,0,0,0,0
Gm1720,0,0,0,0
Gm17201,1,5,0,0
Gm17202,2,6,2,0
Gm17203,2,5,5,1
Gm17206,0,0,0,0
Gm17210,2,1,0,2
Gm17215,0,0,0,0
Gm17216,14,33,18,7
Gm17218,1,0,0,0
Gm17224,2,3,3,1
Gm17225,0,0,0,0
Gm17226,0,0,0,0
Gm17227,385,1219,552,343
Gm17231,1,6,4,2
Gm17232,0,0,0,0
Gm17234,0,0,0,0
Gm17249,3,15,3,1
Gm17250,23,13,2,13
Gm17252,7,23,7,7
Gm17259,41,83,42,34
Gm17267,0,0,0,0
Gm17268,0,0,0,0
Gm17275,2,7,1,1
Gm17276,2,13,5,0
Gm17281,3,13,6,0
Gm17296,11,23,8,6
Gm17300,1,5,2,1
Gm17304,0,0,0,0
Gm17305,14,12,6,5
Gm17308,0,1,0,0
Gm17315,1,18,6,1
Gm17322,57,121,56,53
Gm17324,5,24,2,0
Gm17330,0,0,0,0
Gm17332,0,0,0,0
Gm17333,2,1,0,0
Gm17334,0,6,1,0
Gm17344,0,0,0,0
Gm17349,1,9,2,1
Gm17354,360,825,405,251
Gm17359,0,0,0,0
Gm17361,0,0,0,0
Gm17364,0,0,0,0
Gm17365,0,0,0,0
Gm17374,0,0,0,0
Gm17382,11,22,7,7
Gm17387,0,0,0,0
Gm17399,3,1,5,2
Gm17402,0,0,0,0
Gm17404,0,0,0,0
Gm17409,0,3,1,0
Gm17412,0,0,0,0
Gm17416,0,0,0,0
Gm17428,0,0,1,0
Gm17430,2,0,3,3
Gm17435,0,3,0,1
Gm17449,0,0,0,0
Gm17455,3,8,2,0
Gm17467,0,0,0,0
Gm17469,0,0,0,0
Gm17473,0,1,0,0
Gm17477,17,83,34,32
Gm17482,0,0,0,0
Gm17484,18,51,20,12
Gm17490,0,0,0,0
Gm17491,18,42,15,15
Gm17501,7,97,24,13
Gm17508,1,0,0,0
Gm17509,8,32,16,14
Gm17514,0,0,0,0
Gm17518,7,11,7,2
Gm17521,0,0,0,0
Gm17522,0,0,0,0
Gm17529,41,74,39,24
Gm17535,0,2,1,0
Gm17540,0,0,0,0
Gm17541,7,12,7,3
Gm17542,0,0,0,0
Gm17545,0,0,0,0
Gm17546,2,2,1,1
Gm17552,3,5,7,1
Gm17555,0,0,0,0
Gm17567,0,0,0,0
Gm17571,0,0,0,0
Gm17575,0,0,0,0
Gm17576,0,0,0,0
Gm17577,0,0,0,0
Gm1758,0,0,0,0
Gm17581,0,0,0,0
Gm17584,0,0,0,0
Gm17586,28,94,43,19
Gm17590,0,3,2,4
Gm17597,22,67,24,5
Gm17604,0,0,0,0
Gm17606,0,0,0,0
Gm17611,0,0,0,0
Gm17613,1,0,0,0
Gm17615,39,176,84,49
Gm17617,0,0,0,0
Gm17619,0,2,0,0
Gm17622,0,0,0,0
Gm17631,0,0,0,0
Gm17634,1,6,3,1
Gm17638,2,12,2,8
Gm17641,2,7,2,0
Gm17644,0,0,0,1
Gm17651,0,0,0,0
Gm17654,0,0,0,0
Gm17655,1,1,0,2
Gm17657,0,0,0,0
Gm17660,0,2,2,2
Gm17662,0,0,0,0
Gm17669,19,54,34,19
Gm17677,0,0,0,0
Gm17689,0,0,0,0
Gm17690,7,9,7,3
Gm17693,0,0,0,0
Gm17705,6,27,13,5
Gm17720,0,0,0,0
Gm17727,0,0,0,0
Gm17728,0,0,0,0
Gm17732,4,3,6,0
Gm17750,22,28,19,11
Gm17751,2,12,2,0
Gm17767,0,0,1,0
Gm17768,0,0,0,0
Gm18025,10,22,9,7
Gm1818,2,6,2,2
Gm18336,1,0,0,0
Gm18856,0,0,0,0
Gm19261,0,0,0,0
Gm19265,4,9,4,2
Gm19272,1,62,20,3
Gm19273,1,3,3,5
Gm19325,7,27,8,12
Gm19331,1,0,0,0
Gm19345,0,7,1,1
Gm19402,0,0,0,0
Gm19412,20,54,24,15
Gm19426,5,14,3,1
Gm19434,0,1,0,0
Gm19461,1,4,3,0
Gm19541,0,0,0,0
Gm19553,0,1,0,0
Gm19557,1,3,1,1
Gm19582,0,0,1,0
Gm19583,0,0,0,0
Gm19585,0,1,0,0
Gm19589,0,0,0,0
Gm19590,0,0,0,0
Gm19619,3,1,0,1
Gm1965,0,0,0,0
Gm19667,6,6,4,3
Gm19668,0,0,0,0
Gm1968,0,0,0,0
Gm19684,1,0,0,0
Gm19705,6,19,9,3
Gm19708,0,0,0,0
Gm19710,1,4,1,1
Gm19719,0,0,0,0
Gm19757,2,1,0,1
Gm1976,43,227,80,25
Gm1979,2,1,1,0
Gm19872,0,0,0,0
Gm19902,2,0,0,0
Gm1992,0,0,0,0
Gm1993,0,0,0,0
Gm19965,0,1,1,0
Gm2000,82,73,71,34
Gm2004,0,0,0,0
Gm20045,87,241,115,55
Gm20052,0,0,0,1
Gm20069,0,0,0,0
Gm2007,0,0,0,0
Gm20089,1,2,2,0
Gm20109,2,4,2,1
Gm2012,0,0,0,0
Gm2016,0,0,0,0
Gm2018,2,6,2,0
Gm20186,25,52,21,26
Gm2026,0,0,0,0
Gm20268,0,0,0,0
Gm2030,0,0,0,0
Gm20324,2,2,0,0
Gm20342,192,390,197,152
Gm2035,0,0,0,0
Gm20356,0,0,0,0
Gm20362,0,1,0,1
Gm20379,5,9,6,3
Gm20383,2,7,3,1
Gm20387,48,172,68,43
Gm20388,0,0,0,0
Gm20389,0,1,0,0
Gm20390,0,0,0,0
Gm20395,0,0,0,0
Gm20400,0,0,0,0
Gm20402,1,0,0,0
Gm20403,0,0,0,0
Gm20404,9,16,5,11
Gm20406,2,7,3,1
Gm2042,0,0,0,0
Gm20422,0,0,0,0
Gm20425,0,0,0,0
Gm20431,0,0,0,0
Gm2044,0,0,0,0
Gm20441,0,0,0,0
Gm20442,0,1,0,0
Gm20443,1,0,1,0
Gm20449,2,4,0,2
Gm20457,0,1,1,0
Gm20458,0,0,0,0
Gm2046,0,0,0,0
Gm20461,0,0,0,0
Gm20463,2,3,0,1
Gm20465,0,0,0,0
Gm20467,0,0,0,0
Gm20468,0,0,1,1
Gm20471,0,0,0,0
Gm20478,0,0,0,0
Gm20479,0,0,0,0
Gm20481,1,0,0,0
Gm20483,1,0,0,1
Gm20484,0,0,0,0
Gm20489,0,0,0,0
Gm20496,0,0,0,0
Gm20497,0,0,1,0
Gm20498,7,20,5,9
Gm20499,0,0,0,0
Gm20503,0,0,0,0
Gm20506,2,0,0,0
Gm20508,1,1,1,0
Gm20509,0,0,0,0
Gm20511,0,3,0,1
Gm20512,0,1,0,1
Gm20513,0,0,0,0
Gm20515,7,18,13,9
Gm20517,3,17,6,2
Gm20518,2,3,1,1
Gm20521,0,0,0,0
Gm20522,5,10,4,0
Gm20524,0,0,0,0
Gm20531,0,1,0,0
Gm20532,0,0,0,0
Gm20537,0,0,1,1
Gm20538,0,0,0,0
Gm20546,0,1,0,1
Gm20547,0,0,0,0
Gm20548,0,3,0,0
Gm20554,1,0,1,0
Gm20557,0,0,0,0
Gm2056,0,0,0,0
Gm20594,0,0,0,1
Gm20604,48,162,51,37
Gm20605,1,0,1,0
Gm20609,1,6,2,0
Gm2061,3,11,2,1
Gm20610,0,0,0,0
Gm20611,0,0,0,0
Gm20617,0,0,1,0
Gm20618,1,0,0,0
Gm20619,1,0,0,0
Gm20625,0,0,0,0
Gm20628,1,12,2,4
Gm20629,0,0,0,0
Gm20631,0,1,0,0
Gm20632,2,11,5,4
Gm20633,2,4,2,0
Gm20635,2,10,1,4
Gm20636,1,3,2,1
Gm20641,0,1,0,1
Gm20642,17,32,14,14
Gm20643,0,0,0,0
Gm20647,0,1,0,0
Gm20649,1,0,0,2
Gm20652,0,1,1,0
Gm20654,1,0,0,0
Gm20655,5,22,5,4
Gm20659,0,1,0,0
Gm20661,9,4,0,5
Gm20662,0,0,0,0
Gm20670,0,0,0,0
Gm20671,0,0,0,0
Gm20680,0,11,3,6
Gm20683,22,57,27,6
Gm20685,0,0,0,0
Gm20686,0,1,0,0
Gm20687,0,1,0,0
Gm20692,6,17,13,6
Gm20695,0,0,0,0
Gm20696,59,151,63,43
Gm20700,13,22,11,7
Gm20703,1,0,0,0
Gm20707,2,3,0,1
Gm20708,1,0,0,0
Gm20711,5,6,3,4
Gm20714,0,0,0,0
Gm20715,5,7,14,7
Gm20716,0,0,0,0
Gm20721,17,45,21,15
Gm20726,0,1,0,0
Gm20732,0,1,0,1
Gm20736,0,0,0,0
Gm20737,0,0,0,0
Gm20738,0,0,0,0
Gm20747,0,0,0,0
Gm2075,0,0,0,0
Gm20750,0,0,0,0
Gm20752,0,67,33,7
Gm20753,0,0,0,0
Gm20754,111,82,37,80
Gm20755,0,0,0,0
Gm20756,0,1,0,0
Gm20757,0,0,0,0
Gm20765,0,0,0,0
Gm20767,0,0,0,0
Gm20772,0,0,0,0
Gm20773,0,0,0,0
Gm20777,0,0,0,0
Gm20792,0,0,0,0
Gm20795,0,0,0,0
Gm20806,0,0,0,0
Gm20807,0,0,0,0
Gm20809,0,0,0,0
Gm20812,0,0,0,0
Gm20814,0,0,0,0
Gm20815,0,0,0,0
Gm20816,0,0,0,0
Gm20817,0,0,0,0
Gm20820,0,0,0,0
Gm20821,0,0,0,0
Gm20822,0,0,0,0
Gm20823,0,0,0,0
Gm20824,0,0,0,0
Gm20825,0,0,0,0
Gm20826,1,0,0,0
Gm20828,0,0,0,0
Gm20830,0,0,0,0
Gm20831,0,0,0,0
Gm20834,0,0,0,0
Gm20835,0,0,0,0
Gm20837,0,0,0,0
Gm20838,0,0,0,0
Gm20843,0,0,0,0
Gm20850,0,0,0,0
Gm20852,0,0,0,0
Gm20854,0,0,0,0
Gm20855,0,0,0,0
Gm20865,0,0,0,0
Gm20867,0,0,0,0
Gm20869,0,0,0,0
Gm2087,0,0,0,0
Gm20870,0,0,0,0
Gm20873,0,0,0,0
Gm20877,0,0,0,0
Gm20878,31,268,77,39
Gm20883,0,0,0,0
Gm20888,0,0,0,0
Gm20890,0,0,0,0
Gm20894,0,0,0,0
Gm20896,0,0,0,0
Gm20897,0,0,0,0
Gm20903,0,0,0,0
Gm20905,0,0,0,0
Gm20906,0,0,0,0
Gm20908,0,0,0,0
Gm20909,0,0,0,0
Gm20911,0,0,0,0
Gm20914,0,0,0,0
Gm20916,0,0,0,0
Gm20917,0,0,0,0
Gm20918,0,0,0,0
Gm20920,0,0,0,0
Gm20924,0,0,0,0
Gm20929,0,0,0,0
Gm2093,1,1,0,0
Gm20931,0,0,0,0
Gm20937,0,0,0,0
Gm20939,2,7,3,6
Gm20946,0,1,0,0
Gm20963,0,0,0,0
Gm20978,0,0,0,0
Gm20987,0,0,0,0
Gm21002,0,0,0,0
Gm2101,0,0,0,0
Gm21028,0,0,0,0
Gm21060,0,0,0,0
Gm21083,0,0,0,0
Gm2109,1,0,1,0
Gm21092,336,788,349,243
Gm21093,0,0,0,0
Gm21094,0,0,0,0
Gm21095,0,0,0,0
Gm21103,0,0,0,0
Gm21117,0,0,0,0
Gm21118,0,0,0,0
Gm21119,0,1,0,0
Gm21149,0,0,0,0
Gm2115,48,25,8,20
Gm2117,0,0,0,0
Gm21170,0,0,0,0
Gm21173,0,0,0,0
Gm21188,0,0,0,0
Gm21190,0,0,0,0
Gm21209,0,0,0,0
Gm21221,0,0,0,0
Gm21244,0,0,0,0
Gm21256,0,0,0,0
Gm21258,0,0,0,0
Gm21286,0,0,0,0
Gm21292,0,0,0,0
Gm21293,0,0,0,0
Gm21294,0,0,0,0
Gm21304,0,0,0,0
Gm21310,0,0,0,0
Gm21312,0,0,0,0
Gm21317,0,0,0,0
Gm21319,0,0,0,2
Gm21364,0,0,0,0
Gm21366,0,0,0,0
Gm21370,0,0,0,0
Gm21394,0,0,0,0
Gm21409,0,0,0,0
Gm21411,0,0,0,0
Gm21413,0,0,0,0
Gm21419,0,0,0,0
Gm21425,0,0,0,0
Gm21428,0,0,0,0
Gm21440,0,0,0,0
Gm21447,0,0,0,0
Gm21450,0,0,0,0
Gm21454,0,0,0,0
Gm21477,0,0,0,0
Gm21488,0,0,0,0
Gm21497,0,0,0,0
Gm21498,0,0,0,0
Gm21518,0,0,0,0
Gm21529,0,0,0,0
Gm21539,0,0,0,0
Gm21541,0,0,0,0
Gm2155,4,22,9,7
Gm21560,0,0,0,0
Gm21562,0,0,0,0
Gm21572,0,0,0,0
Gm21586,0,0,0,0
Gm21588,0,0,0,0
Gm21599,0,0,0,0
Gm21608,0,0,0,0
Gm21616,0,0,0,0
Gm21626,0,0,0,0
Gm21627,0,0,0,0
Gm2163,0,3,0,0
Gm21633,0,0,0,0
Gm21637,0,0,0,0
Gm21645,0,0,0,0
Gm2165,0,0,0,0
Gm21650,0,0,0,0
Gm21657,0,0,0,0
Gm21663,0,0,0,0
Gm21671,1,1,0,0
Gm21677,0,0,0,0
Gm21679,0,0,0,0
Gm21680,3,5,2,1
Gm21681,0,0,0,0
Gm21685,0,0,0,0
Gm21693,0,0,0,0
Gm21698,0,0,0,0
Gm21699,0,0,0,0
Gm21704,0,0,0,0
Gm21708,0,0,0,0
Gm21718,0,0,0,0
Gm21719,0,0,0,0
Gm21721,0,0,0,0
Gm21723,0,0,0,0
Gm21725,0,0,0,0
Gm21726,0,0,0,0
Gm21731,0,0,0,0
Gm21732,0,0,0,0
Gm21738,0,20,5,0
Gm21739,0,0,0,0
Gm2174,0,0,0,0
Gm21746,0,0,0,0
Gm21747,0,1,1,0
Gm21748,0,0,0,0
Gm21750,0,2,0,0
Gm21760,0,0,0,0
Gm21761,1,0,0,0
Gm21762,0,0,0,0
Gm21764,0,0,0,0
Gm21767,0,0,0,0
Gm21773,0,0,0,0
Gm21775,0,0,0,0
Gm21776,0,0,0,0
Gm21778,0,0,0,0
Gm2178,3,2,0,0
Gm21780,0,0,0,0
Gm21781,51,130,71,48
Gm21783,0,0,0,0
Gm21788,0,0,0,0
Gm21789,0,0,0,0
Gm21797,0,0,0,0
Gm21798,0,1,0,1
Gm21800,0,0,0,0
Gm21801,0,0,0,0
Gm21807,0,4,0,0
Gm21809,0,0,0,0
Gm21812,0,0,0,0
Gm21814,6,47,18,2
Gm21817,0,0,0,0
Gm21818,0,0,0,0
Gm21820,0,0,0,0
Gm21821,0,0,0,0
Gm21822,0,0,0,0
Gm21828,0,0,0,0
Gm21830,0,0,0,0
Gm21833,0,3,1,2
Gm21834,0,0,0,0
Gm21836,0,0,0,0
Gm21842,0,0,0,0
Gm21844,0,0,0,0
Gm21847,0,0,0,1
Gm21852,0,0,0,0
Gm21854,0,0,0,0
Gm21858,0,0,0,0
Gm21859,0,0,0,0
Gm21860,0,0,0,0
Gm21861,0,0,0,0
Gm21863,0,0,0,0
Gm21865,0,0,0,0
Gm21866,0,0,0,0
Gm21870,0,0,0,0
Gm21874,0,0,1,0
Gm21876,0,0,0,0
Gm21882,0,0,0,0
Gm21883,0,0,0,0
Gm21886,0,0,0,0
Gm21887,22,82,24,20
Gm21891,0,0,0,0
Gm21897,0,0,0,0
Gm21900,0,0,0,0
Gm21903,0,0,0,0
Gm21904,0,0,0,0
Gm21905,0,0,0,0
Gm21913,0,0,0,0
Gm21914,0,0,0,0
Gm21915,0,0,0,0
Gm21916,0,0,0,0
Gm21917,12,11,13,6
Gm21921,0,0,0,0
Gm21936,0,0,0,0
Gm21943,0,0,0,0
Gm21950,0,0,0,0
Gm21951,0,0,0,0
Gm21953,0,0,0,0
Gm21954,0,0,0,0
Gm21958,0,0,1,0
Gm21961,0,0,0,0
Gm21962,2,2,2,1
Gm21964,0,0,0,0
Gm21967,105,266,93,75
Gm21969,0,0,0,0
Gm21970,0,0,0,0
Gm21971,0,0,0,0
Gm21972,2,3,5,0
Gm21973,0,0,0,0
Gm21974,0,0,0,0
Gm21975,2,1,3,0
Gm21976,0,0,0,0
Gm21977,0,0,0,0
Gm21980,0,0,0,0
Gm21981,2,6,0,0
Gm21983,0,0,0,0
Gm21985,0,0,0,0
Gm21987,0,2,0,0
Gm21988,7,20,8,9
Gm21992,9,36,20,8
Gm21994,2,1,0,0
Gm21996,0,0,0,0
Gm22,1,11,9,0
Gm2200,0,0,0,0
Gm2237,12,19,8,6
Gm2244,7,2,2,0
Gm2245,0,1,0,0
Gm2309,0,0,0,0
Gm2310,0,0,0,0
Gm2366,1,4,2,0
Gm2381,0,0,0,0
Gm23925,0,0,0,0
Gm2399,0,0,0,0
Gm2415,40,156,72,32
Gm2431,0,0,0,0
Gm24362,14,21,13,13
Gm2447,0,8,3,2
Gm2449,5,18,4,2
Gm2453,0,0,0,0
Gm2464,11,40,15,13
Gm2464-1,27,74,25,16
Gm2479,1,1,0,0
Gm2564,0,0,1,0
Gm26507,3,1,0,1
Gm26508,0,3,0,0
Gm26510,5,18,2,0
Gm26511,86,182,89,61
Gm26512,7,21,4,5
Gm26513,3,5,3,0
Gm26514,5,11,4,2
Gm26515,1,0,0,1
Gm26516,2,3,2,0
Gm26517,0,0,0,0
Gm26518,636,1350,734,547
Gm26519,0,1,1,0
Gm26520,9,16,3,6
Gm26521,47,81,44,35
Gm26522,42,46,21,27
Gm26523,8,25,10,14
Gm26525,2,6,1,0
Gm26526,97,179,89,85
Gm26527,3,1,1,2
Gm26530,3,22,11,5
Gm26531,3,5,6,6
Gm26532,58,285,136,45
Gm26533,32,86,37,16
Gm26534,21,54,28,8
Gm26535,0,0,0,0
Gm26536,0,12,4,2
Gm26537,0,0,0,0
Gm26538,71,160,49,56
Gm26540,9,28,8,5
Gm26541,22,97,55,25
Gm26542,8,18,10,9
Gm26543,10,11,6,2
Gm26544,1,1,0,0
Gm26545,45,57,35,30
Gm26546,0,7,2,2
Gm26547,2,13,5,1
Gm26548,1,2,2,2
Gm26549,35,140,52,39
Gm26550,0,0,0,0
Gm26551,3,9,5,2
Gm26553,0,0,0,0
Gm26554,0,0,0,0
Gm26555,4,7,6,5
Gm26558,3,11,5,0
Gm26559,0,4,4,5
Gm26560,6,0,3,1
Gm26561,5,8,0,1
Gm26562,24,84,43,18
Gm26563,31,114,54,37
Gm26564,65,193,74,64
Gm26565,59,235,108,48
Gm26566,7,19,16,4
Gm26567,0,0,0,0
Gm26568,0,1,0,0
Gm26569,1,1,2,1
Gm26571,0,0,1,0
Gm26573,0,2,1,0
Gm26574,0,0,0,0
Gm26576,0,0,0,0
Gm26577,1,2,0,1
Gm26578,1,5,2,3
Gm26579,0,0,0,0
Gm26580,13,64,16,11
Gm26581,0,0,1,0
Gm26582,7,13,6,3
Gm26583,2,0,1,1
Gm26584,0,1,1,2
Gm26586,2,14,3,2
Gm26588,2,2,1,3
Gm26590,0,1,1,0
Gm26592,107,117,44,94
Gm26593,0,2,2,1
Gm26594,15,29,13,10
Gm26596,2,6,2,0
Gm26597,18,20,10,6
Gm26599,19,42,17,15
Gm266,22,57,19,20
Gm26600,1,1,1,0
Gm26601,124,215,101,112
Gm26602,0,3,1,2
Gm26603,6,10,6,3
Gm26604,12,31,15,9
Gm26606,36,77,54,36
Gm26608,0,2,0,1
Gm26609,315,765,353,293
Gm26610,5,20,13,12
Gm26611,1,3,1,0
Gm26612,0,2,0,0
Gm26613,1,1,3,1
Gm26614,3,1,1,0
Gm26615,16,54,32,25
Gm26617,4,6,2,2
Gm26619,1,6,1,4
Gm26620,20,36,29,9
Gm26623,0,0,0,1
Gm26624,10,39,15,12
Gm26625,5,5,5,7
Gm26626,0,1,1,0
Gm26627,0,2,1,1
Gm26628,0,1,0,0
Gm26629,0,0,0,0
Gm2663,0,0,0,0
Gm26631,75,236,104,89
Gm26632,3,30,10,5
Gm26633,0,1,0,1
Gm26634,0,0,0,0
Gm26635,4,12,2,0
Gm26636,8,21,12,9
Gm26637,1,2,0,0
Gm26639,0,0,0,0
Gm26640,1,0,0,1
Gm26641,11,5,3,2
Gm26642,1,0,1,0
Gm26643,1,6,0,0
Gm26644,13,1,0,7
Gm26645,1,2,0,0
Gm26646,9,20,4,16
Gm26647,0,7,3,1
Gm26648,5,15,9,6
Gm26649,3,24,10,2
Gm26651,0,1,0,0
Gm26652,147,274,125,78
Gm26653,3,6,5,5
Gm26654,0,0,0,0
Gm26656,0,0,3,1
Gm26657,0,0,0,0
Gm26658,3,7,6,0
Gm26659,0,0,0,0
Gm26660,6,21,9,5
Gm26661,0,0,0,0
Gm26662,0,3,0,1
Gm26663,1,0,0,0
Gm26664,10,12,4,3
Gm26665,0,0,0,0
Gm26666,0,4,1,0
Gm26668,25,55,19,14
Gm26669,5,14,3,2
Gm26670,36,77,36,19
Gm26671,0,0,1,0
Gm26673,11,68,19,11
Gm26674,1,1,3,0
Gm26675,0,2,2,0
Gm26676,5,2,1,1
Gm26677,0,0,0,0
Gm26678,0,0,0,0
Gm26679,3,11,1,2
Gm26681,0,2,0,0
Gm26682,3,22,11,5
Gm26683,0,1,0,0
Gm26684,0,0,1,0
Gm26685,0,0,0,0
Gm26686,0,0,0,0
Gm26688,0,0,0,0
Gm26689,0,0,0,0
Gm26690,30,92,40,37
Gm26691,32,191,82,37
Gm26692,3,4,3,0
Gm26693,0,1,0,0
Gm26694,2,6,3,3
Gm26695,0,0,0,0
Gm26697,1,1,1,2
Gm26698,3,13,3,1
Gm26699,3712,9122,4090,2750
Gm2670,2,0,0,0
Gm26700,6,40,16,12
Gm26702,7,41,13,10
Gm26703,5,28,12,1
Gm26704,2,2,1,0
Gm26705,0,1,1,0
Gm26706,0,1,3,1
Gm26707,7,9,4,2
Gm26710,18,44,22,20
Gm26711,4,18,4,2
Gm26713,0,0,0,0
Gm26714,4,0,0,0
Gm26715,0,0,0,0
Gm26716,0,0,0,3
Gm26717,0,0,0,0
Gm26718,4,3,2,1
Gm26719,1,3,0,0
Gm26720,154,489,222,197
Gm26721,60,124,75,47
Gm26722,5,33,15,9
Gm26723,0,2,1,0
Gm26724,1661,4244,1783,1328
Gm26725,0,1,0,1
Gm26726,0,0,0,0
Gm26727,0,0,0,0
Gm26730,0,0,0,1
Gm26732,8,24,16,16
Gm26733,32,88,37,36
Gm26734,12,62,38,16
Gm26735,24,55,13,9
Gm26737,31,77,67,29
Gm26738,0,6,3,1
Gm26739,18,7,2,4
Gm26740,7,25,18,5
Gm26741,0,0,0,0
Gm26742,4,11,2,3
Gm26743,0,2,0,1
Gm26744,0,2,0,0
Gm26745,3,6,1,1
Gm26747,0,1,0,0
Gm26748,1,2,3,1
Gm26749,7,14,8,6
Gm26750,1,0,2,1
Gm26751,0,0,0,0
Gm26752,0,3,0,0
Gm26753,0,2,1,1
Gm26754,0,0,0,0
Gm26755,0,3,2,2
Gm26756,6,16,7,2
Gm26759,5,18,3,5
Gm26760,24,74,33,14
Gm26761,0,2,3,0
Gm26762,10,64,29,14
Gm26763,0,0,0,0
Gm26764,59,105,79,83
Gm26765,6,15,5,7
Gm26766,4,7,3,1
Gm26767,109,245,114,63
Gm26768,15,27,15,10
Gm26769,0,0,0,0
Gm26770,3,4,2,1
Gm26771,8,18,18,6
Gm26772,8,24,20,11
Gm26773,0,0,0,0
Gm26774,0,3,2,5
Gm26775,6,24,4,6
Gm26776,0,0,2,0
Gm26777,45,63,38,10
Gm26778,13,19,5,12
Gm26779,1,5,6,2
Gm26780,0,2,1,2
Gm26781,1,8,5,2
Gm26782,98,437,190,82
Gm26783,2,2,2,1
Gm26784,0,0,0,0
Gm26785,41,139,61,40
Gm26786,11,20,10,7
Gm26787,3,8,2,2
Gm26789,26,67,25,17
Gm26790,18,45,13,12
Gm26791,0,0,0,0
Gm26792,7,6,8,0
Gm26793,10,10,2,2
Gm26794,10,38,23,13
Gm26795,0,1,0,0
Gm26796,0,1,0,0
Gm26797,5,28,9,3
Gm26798,218,579,229,222
Gm26799,4,4,5,4
Gm26800,0,2,0,0
Gm26801,25,19,15,8
Gm26802,2,1,2,2
Gm26803,6,23,13,6
Gm26804,17,32,16,7
Gm26805,1,16,8,3
Gm26806,0,0,0,0
Gm26807,16,36,11,9
Gm26808,1,4,0,2
Gm26809,3,5,6,3
Gm26810,19,19,28,9
Gm26811,26,51,17,33
Gm26812,16,24,23,11
Gm26813,0,0,0,0
Gm26815,0,1,0,0
Gm26816,13,21,10,4
Gm26818,0,0,0,0
Gm26819,4,16,5,2
Gm26820,0,0,0,0
Gm26821,15,30,7,9
Gm26822,8,10,11,8
Gm26823,23,38,23,13
Gm26824,1,0,0,0
Gm26825,12,50,23,21
Gm26826,15,23,16,3
Gm26827,0,0,0,0
Gm26829,0,0,0,0
Gm26830,64,129,79,48
Gm26831,0,4,0,1
Gm26832,0,0,0,0
Gm26833,0,0,1,0
Gm26834,1,4,1,0
Gm26835,17,35,17,17
Gm26836,24,37,21,24
Gm26837,1,0,1,0
Gm26838,0,0,0,0
Gm26839,1,1,2,1
Gm26840,0,8,2,1
Gm26841,1,5,5,1
Gm26843,13,68,37,15
Gm26844,0,0,0,0
Gm26846,5,14,4,3
Gm26847,1,3,2,3
Gm26848,0,5,3,1
Gm26849,0,0,1,0
Gm26850,1,5,4,1
Gm26851,3,11,2,1
Gm26852,17,58,25,21
Gm26853,92,221,137,67
Gm26854,2,3,3,5
Gm26856,0,0,0,0
Gm26857,0,4,0,1
Gm26858,0,0,0,0
Gm26859,51,112,86,79
Gm26860,1,1,1,0
Gm26861,1,1,3,1
Gm26863,0,4,7,0
Gm26865,1,0,1,0
Gm26867,4,4,7,2
Gm26868,1,5,2,0
Gm26869,9,24,17,11
Gm26870,510,1162,432,192
Gm26872,0,0,0,0
Gm26873,3,1,2,5
Gm26874,0,1,0,0
Gm26876,3,6,3,4
Gm26877,1,0,3,2
Gm26878,0,0,0,0
Gm26879,20,52,23,20
Gm26880,0,1,0,0
Gm26881,14,27,7,5
Gm26882,167,460,162,117
Gm26883,7,10,5,2
Gm26884,1,4,4,3
Gm26885,1,4,1,0
Gm26887,0,0,0,0
Gm26888,0,1,0,0
Gm26889,0,0,0,0
Gm26890,455,832,504,313
Gm26891,2,3,2,1
Gm26892,9,23,16,7
Gm26894,5,16,6,2
Gm26895,0,0,0,0
Gm26896,3,3,2,3
Gm26897,0,0,0,0
Gm26899,8,10,11,7
Gm26901,31,120,68,29
Gm26902,11,13,9,10
Gm26903,0,1,1,0
Gm26904,3,15,7,5
Gm26905,7,2,7,12
Gm26906,190,343,210,186
Gm26907,0,0,0,0
Gm26908,1,4,4,2
Gm26909,90,256,152,138
Gm26910,28,98,38,12
Gm26911,1,16,7,4
Gm26912,0,0,0,0
Gm26916,22,88,45,39
Gm26917,3777,6994,4134,3436
Gm26918,2,2,0,1
Gm26920,0,1,0,0
Gm26935,58,168,82,36
Gm26936,3,11,4,6
Gm26938,0,0,0,0
Gm2694,40,98,54,23
Gm26940,0,0,0,0
Gm26944,3,11,3,0
Gm26945,7,13,9,5
Gm26947,2,4,4,2
Gm26952,9,18,8,16
Gm26953,0,2,0,2
Gm26954,0,4,0,0
Gm26962,0,0,0,0
Gm26964,26,56,25,19
Gm26965,0,0,0,0
Gm26969,0,0,0,0
Gm26972,0,0,0,0
Gm26973,0,0,0,0
Gm26979,0,2,1,0
Gm26981,305,786,347,230
Gm26982,4,17,3,2
Gm26992,0,0,0,0
Gm26994,1,3,4,2
Gm26995,0,1,1,0
Gm27000,2,14,8,4
Gm27003,5,25,12,5
Gm27004,3,12,0,2
Gm27007,0,0,0,0
Gm27008,0,1,1,0
Gm27010,19,61,40,23
Gm27011,0,4,2,2
Gm27016,1,1,1,1
Gm27017,5,5,1,4
Gm27019,2,3,0,0
Gm27021,0,0,0,0
Gm27022,20,48,21,8
Gm27027,0,0,0,0
Gm27028,0,1,1,0
Gm27029,9,25,11,10
Gm27030,7,20,6,4
Gm27032,1055,3093,1284,686
Gm27033,0,0,0,0
Gm27040,1,4,3,2
Gm27042,0,1,0,0
Gm27045,0,0,0,0
Gm27048,0,1,0,0
Gm27151,9,12,9,4
Gm27153,2,14,4,3
Gm27159,0,1,1,0
Gm2716,1,0,0,1
Gm27162,0,0,0,0
Gm27164,0,0,0,0
Gm27166,0,1,0,0
Gm27167,0,0,0,0
Gm27168,0,0,0,0
Gm27169,0,0,0,0
Gm27174,0,0,0,0
Gm27175,0,0,0,0
Gm27176,0,0,0,0
Gm27177,0,0,1,0
Gm27179,0,0,0,0
Gm27184,3,0,4,0
Gm27187,0,0,0,0
Gm27188,0,1,1,1
Gm27191,0,0,0,0
Gm27192,0,0,0,0
Gm27194,0,1,0,0
Gm27196,0,1,0,1
Gm27197,1,3,0,0
Gm27198,137,360,174,75
Gm27199,3,3,3,1
Gm27200,208,679,326,167
Gm27201,0,0,0,0
Gm27202,0,0,0,0
Gm27204,0,0,0,0
Gm27206,1,3,0,0
Gm27207,0,0,0,0
Gm27209,5,20,9,7
Gm27211,0,0,0,0
Gm27216,0,0,0,0
Gm27217,0,2,1,0
Gm27221,0,0,0,0
Gm27222,0,2,0,3
Gm27223,0,0,0,0
Gm27224,0,0,0,0
Gm27226,0,0,0,0
Gm27227,0,2,2,1
Gm27231,0,1,0,0
Gm27232,0,1,0,0
Gm27234,0,0,0,0
Gm27235,0,0,0,0
Gm27239,1,19,10,9
Gm27240,0,0,0,0
Gm27241,15,38,33,14
Gm27242,0,1,0,0
Gm27243,0,13,8,1
Gm27244,0,0,0,0
Gm27246,0,1,0,0
Gm27247,3,2,1,2
Gm27253,62,177,75,43
Gm27255,0,0,0,0
Gm2762,63,45,21,26
Gm2777,0,0,0,0
Gm2784,0,0,0,0
Gm2788,0,0,0,0
Gm2799,0,0,0,0
Gm2800,0,0,0,0
Gm28035,3,1,2,4
Gm28036,0,0,0,0
Gm28038,0,0,0,0
Gm28040,0,0,0,0
Gm28041,0,2,0,0
Gm28042,0,0,0,0
Gm28043,2,12,1,3
Gm28044,0,0,0,0
Gm28045,0,0,0,0
Gm28046,0,0,0,0
Gm28047,0,0,0,0
Gm28048,0,1,0,0
Gm28050,14,83,33,13
Gm28051,0,0,0,0
Gm28053,0,0,0,0
Gm28054,0,0,0,0
Gm28055,0,3,1,0
Gm28056,0,0,0,0
Gm28062,0,1,0,0
Gm28063,0,0,0,0
Gm28065,0,0,0,0
Gm28068,7,4,5,4
Gm28073,0,0,0,0
Gm28074,0,0,0,0
Gm28075,3,4,2,2
Gm28076,0,0,0,0
Gm28077,2,0,0,3
Gm28078,0,0,0,0
Gm28079,0,0,0,0
Gm28081,0,0,0,0
Gm28082,0,0,0,0
Gm28083,0,0,0,0
Gm28085,4,8,3,0
Gm28086,1,0,3,0
Gm28087,6,15,8,6
Gm28088,0,0,0,0
Gm28089,0,0,0,0
Gm28091,0,0,0,0
Gm28092,0,0,0,0
Gm28095,0,2,0,0
Gm281,0,0,0,0
Gm28100,0,0,0,0
Gm28102,0,0,0,0
Gm28103,0,0,0,0
Gm28104,0,0,0,0
Gm28108,0,0,0,0
Gm28109,0,0,0,0
Gm28111,13,7,4,9
Gm28124,0,0,0,0
Gm28126,0,0,0,0
Gm28127,0,0,0,0
Gm28128,0,0,0,0
Gm28129,0,0,0,0
Gm28130,0,0,0,0
Gm28131,0,0,0,0
Gm28132,0,0,0,0
Gm28133,0,0,0,0
Gm28134,0,0,0,0
Gm28135,0,0,0,0
Gm28137,0,0,0,0
Gm28138,0,0,0,0
Gm28139,0,0,0,0
Gm28140,0,0,0,0
Gm28147,0,0,0,0
Gm28151,26,95,42,16
Gm28152,0,0,0,0
Gm28153,0,1,0,0
Gm28154,4,18,5,11
Gm28156,0,0,0,0
Gm28157,0,0,0,0
Gm28163,0,0,0,0
Gm28166,0,0,0,0
Gm28167,0,0,0,0
Gm28168,0,0,0,0
Gm28170,0,0,0,0
Gm28171,0,0,0,0
Gm28172,31,3,1,24
Gm28173,0,0,0,0
Gm28174,0,0,0,0
Gm28175,0,2,0,1
Gm28176,0,0,0,0
Gm28178,0,0,0,0
Gm28180,0,0,0,0
Gm28181,0,0,0,0
Gm28182,3,2,0,2
Gm28183,0,0,0,0
Gm28187,0,0,1,0
Gm28189,0,0,0,0
Gm28192,0,2,0,0
Gm28194,0,0,0,0
Gm28195,0,0,0,0
Gm28196,5,21,6,7
Gm28197,0,0,0,0
Gm28198,0,1,0,0
Gm28199,0,0,0,0
Gm28201,0,0,0,0
Gm28202,0,0,0,0
Gm28206,0,0,0,0
Gm28207,0,0,0,0
Gm28208,0,0,0,0
Gm28209,0,0,1,0
Gm28210,0,0,0,0
Gm28212,0,0,0,0
Gm28214,0,0,0,0
Gm28215,0,0,0,0
Gm28216,0,0,0,0
Gm28217,0,0,0,0
Gm28218,0,0,0,0
Gm28220,0,0,0,0
Gm28221,3,2,3,3
Gm28225,0,0,0,0
Gm28226,0,0,0,0
Gm28228,0,0,0,0
Gm28230,0,0,0,0
Gm28231,0,0,0,0
Gm28233,0,0,0,0
Gm28235,0,0,0,0
Gm28236,0,0,0,0
Gm28237,0,0,0,0
Gm28238,0,0,0,0
Gm2824,24,119,46,19
Gm28240,0,0,0,0
Gm28242,0,0,0,0
Gm28244,0,0,0,0
Gm28245,0,0,0,0
Gm28246,0,0,0,0
Gm28249,0,0,0,0
Gm2825,0,0,0,0
Gm28250,0,0,0,0
Gm28252,0,0,0,0
Gm28254,0,0,0,0
Gm28258,0,0,0,0
Gm28259,0,0,0,0
Gm28260,0,0,0,0
Gm28264,0,0,0,0
Gm28265,0,0,0,0
Gm28268,0,1,0,3
Gm28269,0,0,0,0
Gm28271,0,0,0,2
Gm28274,0,0,0,0
Gm28276,0,0,0,0
Gm28278,0,0,0,0
Gm28279,0,0,0,0
Gm28280,0,0,0,0
Gm28284,0,0,0,0
Gm28285,11,50,25,4
Gm28286,0,0,0,0
Gm28287,0,0,0,0
Gm28289,0,1,0,0
Gm28291,0,0,0,0
Gm28293,0,0,0,0
Gm28294,1,2,2,0
Gm28295,0,0,0,0
Gm28296,0,0,0,0
Gm28297,0,0,0,0
Gm28298,0,0,0,0
Gm28300,0,0,0,0
Gm28301,0,0,0,0
Gm28305,0,0,0,0
Gm28306,0,0,0,0
Gm28307,9,10,5,4
Gm28308,0,0,0,0
Gm28310,0,0,0,0
Gm28311,0,0,0,0
Gm28312,0,0,0,0
Gm28313,0,0,0,0
Gm28315,0,0,0,0
Gm28316,0,0,0,0
Gm28317,0,0,0,0
Gm28318,0,0,0,0
Gm28319,0,0,0,1
Gm2832,0,0,0,2
Gm28321,0,0,0,0
Gm28322,22,16,10,8
Gm28324,0,0,0,0
Gm28325,0,0,0,0
Gm28326,0,0,0,0
Gm28331,0,0,0,0
Gm28332,0,0,0,0
Gm28333,0,0,0,0
Gm28336,0,0,0,0
Gm28338,0,0,0,0
Gm28340,0,0,0,0
Gm28342,0,0,0,0
Gm28345,0,0,0,0
Gm28346,0,0,0,0
Gm28347,0,0,0,0
Gm28348,0,0,0,0
Gm28351,0,0,0,0
Gm28352,0,0,0,0
Gm28355,0,0,0,0
Gm28357,0,0,0,0
Gm28360,0,0,0,0
Gm28363,0,0,0,0
Gm28364,0,0,1,0
Gm28365,0,0,0,0
Gm28367,0,0,0,0
Gm28370,6,9,7,12
Gm28372,0,1,0,0
Gm28374,0,0,0,0
Gm28375,0,0,0,0
Gm28376,0,0,0,0
Gm28379,7,17,10,8
Gm28380,0,1,0,0
Gm28382,0,1,0,0
Gm28386,0,3,1,0
Gm28387,0,0,0,0
Gm28393,0,0,0,0
Gm28394,0,0,0,0
Gm28395,0,0,0,0
Gm28398,0,0,0,0
Gm28401,0,2,0,0
Gm28402,0,0,0,0
Gm28405,0,0,0,0
Gm28406,0,0,0,0
Gm28407,0,0,0,0
Gm28410,0,1,0,0
Gm28411,0,0,0,1
Gm28415,0,0,0,0
Gm28421,0,0,0,0
Gm28422,0,0,0,0
Gm28424,24,62,26,14
Gm28425,0,0,0,0
Gm28426,0,0,0,0
Gm28427,0,0,0,0
Gm28430,0,0,0,0
Gm28431,0,0,0,0
Gm28432,0,0,0,0
Gm28434,0,0,0,0
Gm28440,0,0,0,0
Gm28441,0,0,0,0
Gm28442,0,0,0,0
Gm28444,0,0,0,0
Gm28445,0,0,0,0
Gm28448,1,3,2,2
Gm28449,0,0,0,0
Gm28450,0,0,0,0
Gm28454,0,0,0,0
Gm28456,0,0,0,0
Gm28457,0,0,0,0
Gm28458,0,0,0,0
Gm28460,0,0,0,0
Gm28461,0,0,0,0
Gm28462,0,0,0,0
Gm28463,0,0,0,0
Gm28464,0,0,0,0
Gm28465,0,0,0,0
Gm28469,0,0,0,0
Gm28470,0,0,0,0
Gm28472,0,0,0,0
Gm28475,0,0,0,0
Gm28479,0,0,0,0
Gm28482,0,0,0,0
Gm28485,0,0,0,0
Gm28486,0,0,0,0
Gm28487,0,0,0,0
Gm28488,0,0,0,0
Gm28490,0,0,0,0
Gm28491,0,0,0,0
Gm28493,0,0,0,0
Gm28494,0,0,0,0
Gm28497,0,0,0,0
Gm28498,0,2,1,1
Gm28501,0,0,0,0
Gm28502,0,0,0,0
Gm28505,1,1,1,0
Gm28509,0,0,0,0
Gm28510,0,0,0,0
Gm28511,0,0,0,0
Gm28513,0,0,0,1
Gm28514,0,0,1,0
Gm28515,1,0,0,0
Gm28516,0,0,0,1
Gm28517,0,0,0,0
Gm28518,0,0,0,0
Gm28519,0,0,0,0
Gm28520,0,0,0,0
Gm28521,0,0,0,0
Gm28522,0,0,0,0
Gm28523,2,4,4,1
Gm28526,0,1,0,0
Gm28528,0,3,0,0
Gm28529,1,1,1,2
Gm28532,0,0,0,0
Gm28535,2,8,2,1
Gm28536,0,0,0,1
Gm28538,0,0,0,0
Gm28539,0,0,0,0
Gm2854,0,0,0,0
Gm28540,0,0,0,0
Gm28541,0,0,0,0
Gm28543,0,0,0,0
Gm28545,0,0,0,0
Gm28547,0,0,0,0
Gm28548,0,0,0,0
Gm28549,0,0,0,0
Gm28550,0,0,0,0
Gm28551,5,9,12,3
Gm28553,0,0,0,0
Gm28554,0,0,0,0
Gm28556,0,0,0,0
Gm28557,4,10,5,3
Gm28561,0,0,0,0
Gm28563,0,0,0,0
Gm28564,0,0,0,0
Gm28565,0,0,0,0
Gm28566,0,0,0,0
Gm28568,0,0,0,0
Gm28570,0,0,0,0
Gm28571,0,0,0,0
Gm28575,0,0,0,0
Gm28576,0,0,0,0
Gm28578,19,78,34,15
Gm28579,0,0,0,0
Gm28585,0,0,0,0
Gm28587,0,1,4,0
Gm28588,0,0,0,0
Gm28590,0,0,0,0
Gm28592,0,1,1,2
Gm28593,0,1,0,0
Gm28595,0,0,0,0
Gm28600,0,0,0,0
Gm28604,0,0,0,0
Gm28606,0,0,0,0
Gm28609,3,3,0,0
Gm2861,1,0,0,0
Gm28610,0,0,0,0
Gm28612,0,0,0,0
Gm28613,0,0,0,0
Gm28616,0,0,0,0
Gm28617,0,0,0,0
Gm28619,0,0,0,0
Gm28620,0,0,0,0
Gm28621,0,0,0,0
Gm28622,0,1,0,0
Gm28625,0,0,0,0
Gm28626,2,3,2,2
Gm2863,0,0,0,0
Gm28632,0,0,0,0
Gm28633,0,0,0,0
Gm28634,1,0,0,0
Gm28635,0,0,0,0
Gm28638,0,0,0,0
Gm28639,0,0,0,0
Gm28640,0,0,0,0
Gm28641,2,13,16,5
Gm28643,0,0,0,0
Gm28644,0,0,0,0
Gm28651,0,0,0,0
Gm28652,2,3,1,1
Gm28653,0,0,1,0
Gm28656,0,0,0,0
Gm28663,0,0,0,0
Gm28664,0,0,0,0
Gm28668,0,0,0,0
Gm28670,0,0,0,0
Gm28672,0,0,0,0
Gm28673,0,0,0,0
Gm28674,0,0,0,0
Gm28675,0,0,0,0
Gm28676,0,0,0,0
Gm28679,0,0,0,0
Gm28681,0,0,0,0
Gm28684,0,0,0,0
Gm28687,0,0,0,0
Gm28689,0,0,0,0
Gm28690,0,0,0,0
Gm28691,0,0,0,0
Gm28692,0,0,0,0
Gm28694,0,0,0,0
Gm28696,0,0,0,0
Gm28697,0,0,0,0
Gm28701,0,0,0,0
Gm28702,0,0,0,0
Gm28703,1,3,0,4
Gm28704,0,0,0,0
Gm28706,0,0,0,0
Gm28707,1,12,10,6
Gm28709,0,0,0,0
Gm28710,0,0,0,1
Gm28718,0,0,0,0
Gm28721,0,0,0,0
Gm28722,0,0,0,0
Gm28723,6,14,6,5
Gm28725,0,0,0,0
Gm28726,0,0,0,0
Gm28727,5,4,1,2
Gm28729,0,0,0,0
Gm28730,0,1,0,0
Gm28731,0,0,1,1
Gm28732,0,0,0,0
Gm28733,0,0,0,0
Gm28735,0,0,0,0
Gm28741,0,0,0,0
Gm28743,0,0,0,0
Gm28744,0,0,0,0
Gm28745,0,0,0,0
Gm28746,0,0,0,0
Gm28747,0,0,0,1
Gm28750,1,3,0,0
Gm28753,0,0,0,0
Gm28754,0,0,0,0
Gm28758,0,0,0,0
Gm28760,0,0,0,0
Gm28761,0,0,0,0
Gm28762,0,0,0,0
Gm28763,0,0,0,0
Gm28764,0,0,0,0
Gm28765,0,0,0,0
Gm28771,0,0,0,0
Gm28772,0,0,0,0
Gm28774,0,0,0,0
Gm28775,0,0,0,0
Gm28777,2,0,1,1
Gm28778,0,0,0,0
Gm28782,1,0,1,2
Gm28783,0,0,0,0
Gm28784,2,5,6,0
Gm28786,0,0,0,0
Gm28789,0,0,0,0
Gm28793,0,0,0,0
Gm28798,0,0,0,0
Gm28799,0,0,0,0
Gm28800,0,9,3,0
Gm28806,0,0,0,0
Gm28807,0,0,0,0
Gm28809,3,9,5,1
Gm28810,0,0,0,0
Gm28811,0,0,0,0
Gm28813,0,0,0,0
Gm28816,0,0,0,0
Gm28817,0,0,0,0
Gm28818,1,1,0,2
Gm28820,0,0,0,0
Gm28821,0,0,0,0
Gm28822,1,2,0,1
Gm28823,0,0,0,0
Gm28824,0,0,0,0
Gm28826,2,7,3,6
Gm28827,0,0,0,0
Gm28832,0,0,0,0
Gm28834,0,0,0,0
Gm28836,1,12,3,1
Gm28839,0,0,0,0
Gm28842,0,0,0,0
Gm28845,0,0,0,0
Gm2885,5,17,7,3
Gm28850,0,0,0,0
Gm28851,0,0,0,0
Gm28852,0,0,0,0
Gm28853,0,0,0,0
Gm28856,0,1,0,0
Gm28857,0,0,0,0
Gm28858,0,0,0,0
Gm28863,0,0,0,0
Gm28864,0,0,0,0
Gm28865,0,0,0,0
Gm28866,0,0,0,0
Gm28867,0,0,0,0
Gm28870,0,0,0,0
Gm28872,0,0,0,0
Gm28873,3,8,5,3
Gm28874,3,10,8,3
Gm28875,15,22,18,15
Gm28876,0,0,0,0
Gm28878,0,0,0,0
Gm2888,0,0,0,1
Gm28880,0,0,0,0
Gm28881,0,0,0,0
Gm28884,0,0,1,0
Gm28886,0,0,0,0
Gm28887,0,0,0,0
Gm28888,0,0,0,1
Gm28889,0,0,0,0
Gm28890,0,0,0,0
Gm28891,0,0,0,0
Gm28892,0,1,0,0
Gm28897,0,0,0,0
Gm28898,0,0,0,0
Gm28901,0,1,0,1
Gm28902,0,0,0,0
Gm28904,0,0,0,1
Gm28905,17,161,52,36
Gm28908,0,0,0,0
Gm28913,2,3,0,0
Gm28914,0,0,0,0
Gm28919,0,0,0,0
Gm28928,18,138,38,18
Gm28930,0,0,0,0
Gm28932,0,0,0,0
Gm28933,4,3,3,0
Gm28935,0,0,0,0
Gm28938,0,0,0,0
Gm28940,0,1,4,1
Gm28942,0,0,0,0
Gm28944,0,0,0,0
Gm28945,0,0,0,0
Gm28947,0,0,0,0
Gm28948,0,0,0,0
Gm28950,0,0,0,0
Gm28954,0,0,0,0
Gm28955,0,0,0,0
Gm28959,6,12,6,3
Gm28960,0,0,0,0
Gm28961,0,0,0,0
Gm28962,0,0,0,0
Gm28963,0,0,0,0
Gm28964,0,0,0,0
Gm28965,0,0,0,0
Gm28966,0,0,0,0
Gm2897,1,1,1,1
Gm28970,0,0,0,0
Gm28971,0,0,0,0
Gm28972,0,0,0,0
Gm28977,0,0,0,0
Gm28979,0,0,0,0
Gm28981,0,0,0,0
Gm28982,0,0,0,0
Gm28984,0,0,0,0
Gm28985,0,0,0,0
Gm28986,0,0,0,0
Gm28987,0,0,0,0
Gm28988,1,2,0,0
Gm28989,0,0,1,0
Gm28991,0,0,0,0
Gm28993,0,0,0,0
Gm28994,0,0,0,0
Gm28998,0,0,0,0
Gm28999,0,0,0,0
Gm29003,0,0,0,0
Gm29005,0,0,0,0
Gm29006,0,0,0,0
Gm29007,0,0,0,0
Gm29009,0,0,0,0
Gm29010,0,0,0,0
Gm29012,0,0,0,0
Gm29015,0,1,0,0
Gm29016,0,0,0,0
Gm29017,0,0,0,0
Gm29018,0,0,0,0
Gm29019,11,10,7,7
Gm29020,0,0,0,0
Gm29021,0,0,0,0
Gm29023,0,0,0,0
Gm29025,0,0,0,0
Gm29027,0,0,0,0
Gm29028,0,0,0,0
Gm29040,0,0,0,0
Gm29042,0,0,0,0
Gm29043,0,0,0,0
Gm29044,0,0,0,0
Gm29046,0,0,0,0
Gm29049,0,0,0,0
Gm29050,0,1,0,0
Gm29051,0,0,0,0
Gm29052,0,0,0,0
Gm29053,0,0,0,0
Gm29056,0,0,0,0
Gm29060,0,0,0,0
Gm29061,0,0,0,0
Gm29063,0,0,0,0
Gm29064,0,0,0,0
Gm29065,0,0,0,0
Gm29066,0,0,0,0
Gm29067,0,0,0,0
Gm29069,0,0,0,1
Gm29070,0,0,0,0
Gm29071,0,0,0,0
Gm29074,0,0,0,0
Gm29077,0,0,0,0
Gm29078,0,0,0,0
Gm29080,0,0,0,0
Gm29081,0,0,0,0
Gm29082,0,0,0,0
Gm29083,3,4,3,3
Gm29084,1,0,1,0
Gm29087,0,0,0,0
Gm29088,2,3,1,0
Gm29089,0,0,0,0
Gm29090,0,0,0,0
Gm29091,0,0,0,0
Gm29094,0,0,0,0
Gm29095,1,3,2,0
Gm29096,0,0,0,0
Gm29098,0,0,0,0
Gm29099,0,0,0,0
Gm29100,0,6,4,1
Gm29106,0,0,0,0
Gm29107,8,34,15,5
Gm29108,0,0,0,0
Gm29110,0,0,0,0
Gm29113,1,2,0,0
Gm29114,2,2,1,0
Gm29116,0,0,0,0
Gm29117,0,0,0,0
Gm29122,0,0,0,0
Gm29123,0,2,4,2
Gm29125,0,0,0,0
Gm29128,0,0,0,0
Gm29129,0,2,2,0
Gm2913,0,0,0,0
Gm29130,0,0,0,0
Gm29131,0,0,0,0
Gm29132,0,0,0,0
Gm29133,0,0,0,0
Gm29135,1,4,3,1
Gm29137,0,0,0,0
Gm29139,0,0,0,0
Gm29146,0,0,0,0
Gm29151,0,0,1,3
Gm29152,0,0,0,0
Gm29154,3,0,0,0
Gm29155,1,5,2,0
Gm29156,4,2,2,0
Gm29157,0,3,0,1
Gm29158,0,0,0,0
Gm2916,0,0,0,0
Gm29162,0,0,0,0
Gm29163,1,0,0,0
Gm29166,0,0,0,0
Gm29168,0,0,0,0
Gm29172,0,0,0,0
Gm29173,0,0,0,0
Gm29174,0,1,0,1
Gm29175,0,0,0,0
Gm29176,0,0,0,0
Gm29177,0,0,0,0
Gm29182,0,0,0,0
Gm29183,0,0,0,0
Gm29185,0,1,0,0
Gm29186,0,0,0,0
Gm29187,0,0,0,0
Gm29188,0,0,0,0
Gm29190,0,0,0,0
Gm29191,0,0,0,0
Gm29193,0,0,0,0
Gm29194,0,0,0,0
Gm29198,0,0,0,0
Gm29200,1,2,0,0
Gm29202,0,0,0,0
Gm29203,0,0,0,0
Gm29204,0,0,0,0
Gm29205,1,0,0,0
Gm29206,0,0,0,0
Gm29207,0,0,0,0
Gm29208,0,0,0,0
Gm29209,0,0,0,0
Gm29210,0,0,0,0
Gm29213,0,0,0,0
Gm29215,0,0,0,0
Gm29217,0,0,0,0
Gm29219,0,0,0,0
Gm29220,0,0,0,0
Gm29221,0,0,0,0
Gm29222,0,0,0,0
Gm29225,0,0,0,0
Gm29226,0,0,0,0
Gm29230,0,0,0,0
Gm29233,0,0,0,0
Gm29234,0,1,1,0
Gm29235,0,0,0,0
Gm29237,35,101,60,21
Gm29242,0,0,0,0
Gm29243,0,0,0,0
Gm29245,6,13,4,4
Gm29246,0,0,1,0
Gm29248,0,0,0,0
Gm29250,0,0,0,0
Gm29252,0,0,0,0
Gm29255,0,0,0,0
Gm29260,1,1,0,0
Gm29261,0,0,0,0
Gm29264,0,0,0,0
Gm29265,0,0,0,0
Gm29266,0,0,0,0
Gm2927,0,0,0,0
Gm29270,0,0,0,0
Gm29271,0,0,0,0
Gm29274,0,0,0,0
Gm29275,0,0,0,0
Gm29276,0,0,0,0
Gm29277,0,0,0,0
Gm29278,0,0,0,0
Gm29282,0,1,0,0
Gm29283,0,0,0,0
Gm29285,0,0,0,0
Gm29286,0,0,0,0
Gm29289,0,0,0,0
Gm29290,0,0,0,0
Gm29291,0,3,3,0
Gm29292,0,0,0,0
Gm29295,0,0,0,0
Gm29296,0,0,1,0
Gm29297,0,0,0,0
Gm29301,0,0,0,0
Gm29302,0,0,0,0
Gm29303,0,0,0,0
Gm29305,0,0,0,0
Gm29309,0,0,0,0
Gm29311,0,0,0,0
Gm29313,0,0,0,0
Gm29315,0,0,0,0
Gm29316,0,0,0,0
Gm29318,0,0,0,0
Gm29321,0,0,0,0
Gm29323,0,0,0,0
Gm29324,0,0,0,0
Gm29325,26,61,18,7
Gm29326,0,0,0,0
Gm29327,1,1,0,0
Gm29328,0,0,0,0
Gm29329,0,0,0,0
Gm2933,0,0,0,0
Gm29331,0,0,0,0
Gm29336,0,0,0,0
Gm29337,0,0,0,0
Gm29338,0,0,0,0
Gm29340,9,34,13,3
Gm29341,0,0,0,0
Gm29342,0,0,0,0
Gm29343,0,0,0,0
Gm29345,0,0,0,0
Gm29346,0,0,0,0
Gm29347,0,0,0,0
Gm29348,0,0,0,0
Gm29349,0,0,0,0
Gm29351,0,0,0,0
Gm29353,0,0,0,0
Gm29359,0,0,0,0
Gm29360,0,0,0,0
Gm29361,3,12,5,5
Gm29362,0,0,0,0
Gm29363,0,0,0,0
Gm29364,0,0,0,0
Gm29367,21,104,45,19
Gm29368,0,0,0,0
Gm29370,0,0,0,0
Gm29371,0,0,0,0
Gm29373,0,0,0,0
Gm29374,2,3,5,1
Gm29375,0,7,3,1
Gm29379,0,0,0,0
Gm29380,0,0,0,0
Gm29381,0,0,0,0
Gm29384,0,0,0,0
Gm29386,0,0,0,0
Gm29387,0,0,0,0
Gm29392,0,0,0,0
Gm29393,0,0,0,0
Gm29394,50,117,57,17
Gm29395,1,3,2,0
Gm29398,0,0,0,0
Gm29399,0,0,0,0
Gm29404,0,0,0,0
Gm29405,0,0,0,0
Gm29406,0,0,0,0
Gm29408,0,0,0,0
Gm29409,0,0,0,0
Gm29414,0,0,0,0
Gm29415,3,2,0,0
Gm29416,0,0,0,0
Gm29417,15,54,41,13
Gm29418,0,0,0,0
Gm29421,0,0,0,0
Gm29423,0,0,0,0
Gm29425,0,0,0,0
Gm29426,0,0,0,0
Gm29427,3,5,5,2
Gm29430,0,0,0,0
Gm29431,1,6,1,1
Gm29433,0,0,0,0
Gm29434,0,0,0,0
Gm29436,0,0,0,0
Gm29439,0,0,0,0
Gm29440,1,0,1,0
Gm29442,0,0,0,0
Gm29443,2,0,0,0
Gm29444,0,0,0,0
Gm29445,0,0,0,0
Gm29446,0,0,0,0
Gm29449,0,0,0,0
Gm29450,0,0,0,0
Gm29455,12,14,11,9
Gm29456,0,1,0,0
Gm29457,0,0,0,0
Gm29458,0,0,0,0
Gm29459,0,0,0,0
Gm29461,0,1,0,0
Gm29464,0,0,0,0
Gm29466,0,0,0,0
Gm29467,0,0,0,0
Gm29472,0,0,0,0
Gm29473,0,0,0,0
Gm29477,0,0,0,0
Gm29478,4,8,1,3
Gm29480,14,28,21,11
Gm29481,0,0,0,0
Gm29482,0,0,0,0
Gm29483,4,1,0,2
Gm29491,3,1,0,1
Gm29497,0,0,0,0
Gm29498,0,0,0,0
Gm29500,0,0,0,0
Gm29501,0,0,0,0
Gm29502,8,49,22,12
Gm29504,0,0,0,0
Gm29507,0,0,0,0
Gm29508,3,11,2,4
Gm29509,0,0,0,0
Gm29511,0,0,0,0
Gm29513,0,0,0,0
Gm29514,5,30,10,2
Gm29515,0,0,0,0
Gm29520,0,0,0,0
Gm29522,0,0,0,0
Gm29527,0,0,0,0
Gm29529,0,0,0,1
Gm29530,0,0,1,0
Gm29531,0,0,0,0
Gm29532,0,0,0,0
Gm29536,0,1,0,0
Gm29537,0,0,0,0
Gm29538,1,0,0,1
Gm29539,0,0,0,0
Gm29541,1,0,0,0
Gm29542,1,0,1,0
Gm29543,1,8,2,4
Gm29547,0,0,0,0
Gm29549,0,0,0,0
Gm29554,0,0,0,0
Gm29555,0,0,0,0
Gm29557,0,0,0,0
Gm2956,1,0,0,0
Gm29561,0,0,0,0
Gm29562,11,14,10,9
Gm29564,0,0,0,0
Gm29565,0,0,0,0
Gm29566,0,0,0,0
Gm29568,0,0,0,0
Gm29569,0,0,0,0
Gm29570,0,2,0,1
Gm29571,1,2,3,1
Gm29578,0,0,0,0
Gm29579,0,0,0,0
Gm29580,0,0,0,0
Gm29581,0,0,0,0
Gm29582,0,0,0,0
Gm29584,0,0,0,0
Gm29585,0,0,0,0
Gm29587,0,0,0,0
Gm29588,0,0,0,0
Gm29590,0,0,0,0
Gm29591,0,0,0,0
Gm29593,2,10,6,0
Gm29594,0,1,0,0
Gm29595,4,26,9,2
Gm29601,0,0,0,0
Gm29606,0,0,0,0
Gm29609,4,13,9,2
Gm29611,0,0,0,0
Gm29612,0,0,0,0
Gm29616,0,0,0,0
Gm29622,0,0,0,0
Gm29625,0,0,0,0
Gm29626,0,0,0,0
Gm29628,0,0,0,0
Gm29629,2,3,0,1
Gm29630,0,0,0,0
Gm29632,0,0,0,0
Gm29636,0,0,0,0
Gm29638,0,0,0,0
Gm2964,0,0,0,0
Gm29642,0,2,0,0
Gm29644,0,0,0,0
Gm29645,0,0,0,0
Gm29646,0,0,0,0
Gm29648,0,0,0,0
Gm29650,11,36,18,11
Gm29653,0,0,0,0
Gm29654,0,0,0,0
Gm29655,0,0,0,0
Gm29656,0,0,0,0
Gm29660,0,0,0,0
Gm29662,0,0,0,0
Gm29663,0,0,0,0
Gm29664,0,0,0,0
Gm29665,0,0,0,0
Gm29666,83,225,123,81
Gm29669,0,0,0,0
Gm29671,0,0,0,0
Gm29672,0,0,0,0
Gm29678,0,2,0,0
Gm29707,2,6,5,2
Gm2974,0,2,0,0
Gm29771,3,3,1,0
Gm29811,0,0,0,0
Gm29839,0,0,0,0
Gm29865,0,0,0,0
Gm29866,0,0,0,0
Gm2990,0,1,0,0
Gm29926,0,0,0,0
Gm29994,34,83,24,25
Gm2a,317,721,313,174
Gm3002,0,0,1,0
Gm30043,0,0,0,0
Gm30045,0,0,0,0
Gm3005,0,0,0,0
Gm30074,0,0,0,0
Gm30097,0,0,0,0
Gm3012,0,0,0,0
Gm3015,0,0,0,0
Gm30173,0,1,0,1
Gm30174,0,0,0,0
Gm3020,0,0,0,0
Gm30214,2,3,1,1
Gm3029,0,0,0,0
Gm30292,0,0,0,0
Gm30304,0,1,0,0
Gm3033,0,0,1,0
Gm30332,0,1,0,0
Gm30340,0,17,3,3
Gm30353,0,0,0,0
Gm30382,104,349,126,78
Gm30414,0,1,0,0
Gm3043,0,0,0,0
Gm3047,0,0,0,0
Gm30484,0,1,0,0
Gm30498,0,0,0,0
Gm30524,0,1,0,0
Gm3054,0,0,0,0
Gm3055,0,0,0,0
Gm30557,0,0,0,0
Gm30613,0,0,0,0
Gm30667,0,0,0,0
Gm30686,0,0,0,0
Gm30705,0,0,0,0
Gm3072,0,0,0,0
Gm30725,0,0,0,0
Gm30731,4,12,7,2
Gm30737,0,0,0,0
Gm30852,0,0,0,0
Gm3086,9,18,3,4
Gm30932,0,0,0,0
Gm30948,0,0,0,0
Gm3095,0,0,0,0
Gm3099,0,0,0,0
Gm31026,0,0,0,0
Gm3106,0,0,0,0
Gm31108,1,0,0,0
Gm31121,0,0,0,0
Gm3115,0,0,0,0
Gm31266,0,0,0,0
Gm3127,0,0,0,0
Gm31314,0,0,0,0
Gm31363,0,0,0,0
Gm31373,0,2,0,0
Gm3138,0,0,0,0
Gm3139,0,2,0,0
Gm31406,0,0,2,0
Gm31415,0,0,0,0
Gm31422,0,0,0,0
Gm3143,0,0,0,0
Gm31466,0,0,0,0
Gm3147,0,0,0,0
Gm3149,0,0,0,0
Gm31571,0,0,0,0
Gm3159,0,0,0,0
Gm3164,15,17,7,3
Gm31678,0,0,0,0
Gm31728,0,1,0,0
Gm3173,0,0,0,0
Gm31747,0,0,0,0
Gm3182,0,0,0,0
Gm3183,0,1,0,0
Gm3187,0,0,0,0
Gm31925,0,0,0,0
Gm3194,0,0,0,0
Gm31942,0,0,0,0
Gm32114,0,0,0,0
Gm32181,0,0,0,0
Gm32200,4,59,23,4
Gm32250,19,38,12,7
Gm3233,0,0,0,0
Gm3235,0,1,1,0
Gm3238,0,0,0,0
Gm3239,0,0,1,0
Gm32391,0,0,0,0
Gm3248,3,9,6,1
Gm32496,0,1,0,0
Gm3250,0,0,0,0
Gm3252,1,4,4,3
Gm32569,0,0,1,0
Gm3259,0,0,0,0
Gm32592,1,3,2,0
Gm3264,0,0,0,0
Gm3269,0,1,0,0
Gm32693,0,0,0,0
Gm32736,0,0,0,0
Gm3278,2,1,2,1
Gm32780,0,0,0,0
Gm3279,1,2,1,0
Gm3286,0,0,0,0
Gm3286-1,0,0,0,0
Gm3287,0,0,0,0
Gm3289,0,0,0,1
Gm32921,0,0,0,0
Gm3294,78,472,180,126
Gm32950,3,8,5,6
Gm3298,0,0,0,0
Gm33050,1,0,0,0
Gm33051,1,1,3,0
Gm3317,0,0,0,0
Gm33206,0,1,0,0
Gm33222,0,0,0,0
Gm3327,0,0,0,0
Gm33280,5,14,4,5
Gm3331,0,0,0,0
Gm3336,0,2,1,0
Gm33370,1,3,0,0
Gm33466,1,3,2,0
Gm33533,17,46,12,6
Gm33651,0,6,4,0
Gm3371,0,0,0,0
Gm3373,0,1,0,0
Gm3376,0,0,0,0
Gm33815,0,0,0,0
Gm33819,0,0,0,0
Gm3383,0,0,0,0
Gm33954,0,0,0,0
Gm33969,0,1,0,0
Gm33973,0,1,1,0
Gm33994,0,0,0,0
Gm340,0,1,1,1
Gm3402,0,0,0,0
Gm3404,0,0,0,0
Gm34068,0,0,0,0
Gm34082,0,0,0,0
Gm34086,1,2,0,0
Gm3409,0,0,0,0
Gm34106,0,0,1,0
Gm3411,3,6,2,2
Gm3415,0,0,0,0
Gm34217,0,0,0,0
Gm3424,0,0,0,0
Gm34240,0,0,0,0
Gm34302,0,0,0,0
Gm34333,1,0,0,0
Gm3434,0,0,0,0
Gm34342,1,0,0,0
Gm34411,0,0,1,0
Gm3443,0,0,0,1
Gm3448,3,2,3,1
Gm3453,0,0,0,0
Gm3455,0,0,0,0
Gm34550,0,0,0,0
Gm3460,0,0,0,0
Gm3468,9,11,10,7
Gm34716,0,0,0,0
Gm34728,0,0,0,0
Gm34732,0,0,0,0
Gm3476,0,0,0,0
Gm34816,0,0,0,0
Gm3486,0,0,0,0
Gm34866,1,1,1,0
Gm3488,3,5,1,0
Gm34882,0,0,1,0
Gm3500,2,0,1,0
Gm35070,0,0,0,0
Gm3510,14,86,44,14
Gm3512,3,5,3,4
Gm35134,0,0,0,0
Gm35191,0,0,0,0
Gm35202,0,0,0,0
Gm35216,0,0,0,0
Gm3526,0,0,0,0
Gm35299,0,0,0,0
Gm3532,0,0,0,0
Gm35386,0,0,0,0
Gm3542,0,0,0,0
Gm3543,0,0,0,0
Gm3550,37,66,42,35
Gm35507,0,3,2,0
Gm35549,0,0,0,0
Gm3558,19,51,17,8
Gm35584,0,0,1,0
Gm35670,0,0,0,0
Gm3573,0,0,0,0
Gm35801,0,0,0,0
Gm3591,0,0,0,0
Gm35911,1,4,1,0
Gm3594,0,0,0,0
Gm35986,3,1,1,0
Gm3604,13,27,13,12
Gm3618,0,0,0,0
Gm36186,0,1,2,0
Gm362,0,0,0,0
Gm36211,0,0,0,0
Gm3625,0,0,0,0
Gm36261,0,0,0,0
Gm36266,5,13,5,7
Gm3629,0,0,0,0
Gm36307,0,0,0,0
Gm3633,0,0,0,0
Gm36345,0,0,0,0
Gm3636,4,14,9,7
Gm36388,4,19,8,4
Gm364,0,0,0,0
Gm3642,0,0,0,0
Gm3646,2,0,0,0
Gm36467,0,0,0,0
Gm36520,0,0,0,0
Gm36536,0,0,0,0
Gm36551,0,0,0,0
Gm36569,0,0,0,0
Gm36669,0,0,0,0
Gm3667,7,6,10,7
Gm3669,0,0,0,0
Gm3676,0,0,0,0
Gm36782,0,0,0,0
Gm36793,0,1,0,0
Gm36831,0,0,0,0
Gm36840,0,0,0,0
Gm3685,0,0,1,0
Gm36888,1,0,0,0
Gm36929,0,0,0,0
Gm3693,3,18,6,3
Gm36937,1,0,0,2
Gm36941,0,0,0,0
Gm36945,0,1,1,5
Gm36950,0,0,0,0
Gm3696,6,10,7,1
Gm36972,0,0,0,0
Gm36975,2,8,3,0
Gm36992,3,4,3,0
Gm3701,0,0,0,0
Gm37013,0,0,0,0
Gm37020,7,29,9,4
Gm37021,0,0,0,0
Gm37027,1,14,3,3
Gm37035,0,1,1,0
Gm37041,1,1,0,0
Gm37059,0,0,0,0
Gm3706,0,0,0,0
Gm37065,5,11,11,13
Gm37068,0,0,0,0
Gm37071,0,0,0,0
Gm37073,0,0,0,0
Gm37075,0,0,0,0
Gm37083,0,0,0,0
Gm37112,0,0,0,0
Gm37118,0,1,0,0
Gm37126,0,0,0,0
Gm37130,0,0,0,0
Gm37134,0,0,0,0
Gm37146,0,0,0,0
Gm37147,0,0,0,0
Gm37157,0,0,0,0
Gm3716,0,2,0,0
Gm37165,0,2,1,0
Gm37168,2,4,8,2
Gm37170,16,35,17,8
Gm37184,0,1,0,0
Gm37190,0,0,0,0
Gm37202,0,0,0,0
Gm37218,0,0,0,0
Gm37223,0,0,0,0
Gm37229,4,12,6,4
Gm37231,0,0,0,0
Gm37233,3,8,3,3
Gm37240,0,0,0,0
Gm37245,2,1,0,0
Gm37252,0,0,0,0
Gm37256,0,1,0,0
Gm37263,0,0,0,0
Gm37267,0,0,0,0
Gm3727,0,0,0,0
Gm37273,0,0,0,0
Gm37276,4,9,4,4
Gm37280,0,0,0,0
Gm37286,0,0,0,0
Gm37294,0,0,0,0
Gm37305,9,37,10,10
Gm37306,6,19,12,1
Gm37323,0,0,0,0
Gm37335,0,1,0,1
Gm37336,3,20,8,4
Gm37344,0,0,0,0
Gm37346,0,0,0,0
Gm37350,0,0,0,0
Gm37359,0,0,0,0
Gm37362,0,1,0,1
Gm37378,0,0,0,0
Gm37381,0,1,0,0
Gm37387,0,0,0,0
Gm37388,0,0,0,0
Gm37389,0,0,0,0
Gm3739,2,16,7,4
Gm37401,1,3,1,1
Gm37406,1,0,0,0
Gm37422,8,29,6,9
Gm37432,0,0,0,0
Gm37434,0,0,0,0
Gm37440,0,0,0,0
Gm37446,0,1,1,0
Gm37451,0,0,0,0
Gm37454,0,0,0,0
Gm37459,6,8,5,4
Gm37462,0,0,0,0
Gm37467,0,0,0,0
Gm37468,0,0,0,0
Gm37469,0,0,0,0
Gm37473,0,0,0,0
Gm37494,60,190,84,50
Gm3750,0,0,0,0
Gm37502,0,1,1,0
Gm3752,1,0,1,0
Gm37538,0,0,0,0
Gm37544,0,0,0,0
Gm37547,0,0,0,0
Gm3755,0,1,0,0
Gm37552,0,0,0,0
Gm37561,0,0,0,0
Gm37565,0,0,0,0
Gm37571,0,0,0,0
Gm37572,0,0,0,0
Gm37574,0,0,0,0
Gm37577,0,0,0,0
Gm37584,2,20,6,5
Gm37591,0,0,0,0
Gm37592,0,0,0,0
Gm37596,0,0,0,0
Gm37622,0,0,0,0
Gm37623,0,0,0,0
Gm3763,0,0,0,0
Gm37634,0,1,0,0
Gm37635,0,0,0,0
Gm37637,0,1,1,0
Gm3764,2266,7972,3291,2317
Gm37640,0,2,1,0
Gm37650,0,0,0,0
Gm37654,0,0,0,0
Gm37656,0,0,0,0
Gm37657,0,0,0,0
Gm37662,0,0,0,0
Gm37679,3,4,4,4
Gm37687,0,0,0,0
Gm37690,0,0,0,0
Gm37696,0,2,1,0
Gm37707,3,7,2,0
Gm37712,0,0,0,0
Gm37721,0,0,0,0
Gm37724,2,0,3,0
Gm37734,0,0,0,0
Gm37739,0,0,0,0
Gm37740,0,0,0,0
Gm37748,4,7,1,0
Gm37751,1,6,2,0
Gm37753,0,2,0,0
Gm37754,0,0,0,0
Gm37756,7,7,4,2
Gm37759,0,0,0,0
Gm37768,2,8,2,2
Gm37787,0,0,0,0
Gm37798,0,0,0,0
Gm37799,0,0,0,0
Gm37800,1,0,0,0
Gm37808,0,0,0,0
Gm37821,0,0,0,0
Gm37839,0,0,0,0
Gm37840,0,0,0,0
Gm37850,10,23,17,14
Gm37853,0,0,0,0
Gm37854,0,0,0,0
Gm37855,0,1,0,0
Gm37865,0,0,0,0
Gm37867,0,0,0,0
Gm37870,0,0,0,0
Gm37875,0,0,0,0
Gm37876,0,0,0,0
Gm37885,12,7,3,2
Gm37892,0,0,0,0
Gm37896,0,4,2,1
Gm37898,0,0,0,0
Gm379,0,0,0,0
Gm37912,0,0,0,0
Gm37915,0,2,0,0
Gm37923,0,0,0,0
Gm37927,0,0,0,0
Gm37933,1,7,2,0
Gm37937,0,0,0,0
Gm37948,0,0,0,0
Gm37950,0,0,0,0
Gm37952,0,0,0,0
Gm37958,0,0,0,0
Gm37971,0,3,1,0
Gm37974,1,2,0,0
Gm37982,0,0,0,0
Gm37986,8,20,9,5
Gm37988,0,0,1,0
Gm37998,0,0,0,0
Gm38003,0,0,0,0
Gm38004,0,1,0,0
Gm38013,0,0,0,0
Gm38025,0,1,0,1
Gm38028,0,0,0,0
Gm38033,0,2,0,2
Gm38037,5,19,9,2
Gm38039,159,306,183,161
Gm38054,0,0,0,0
Gm38060,0,0,0,0
Gm38064,0,0,0,0
Gm38072,0,0,0,0
Gm38079,0,0,0,0
Gm38084,0,0,0,0
Gm38093,0,0,0,0
Gm38096,3,1,2,1
Gm38097,2,3,1,3
Gm38100,0,0,0,0
Gm38101,0,3,4,1
Gm38102,6,6,2,2
Gm38108,0,0,0,0
Gm38112,396,1192,597,424
Gm38119,0,0,0,0
Gm38127,0,0,0,0
Gm38134,28,80,40,35
Gm38136,0,0,0,0
Gm38150,11,15,6,2
Gm38155,0,1,1,0
Gm38159,0,0,0,0
Gm38161,0,0,0,0
Gm38165,4,10,5,2
Gm38168,0,0,0,0
Gm38171,0,0,0,0
Gm38174,0,0,0,0
Gm38186,0,2,2,2
Gm38188,0,0,0,0
Gm382,0,0,0,0
Gm38201,0,0,0,0
Gm38204,0,0,0,0
Gm38209,0,0,0,0
Gm38225,2,0,0,0
Gm38246,0,0,0,0
Gm38250,0,6,1,2
Gm38251,0,2,0,0
Gm38258,0,0,0,0
Gm38287,0,2,2,2
Gm38293,0,0,0,0
Gm38296,0,0,0,0
Gm3830,0,4,2,1
Gm38303,0,0,0,0
Gm38304,1,3,1,0
Gm38324,0,0,0,0
Gm38325,3,1,2,1
Gm38326,0,0,0,0
Gm38335,1,0,1,0
Gm38336,5,12,2,6
Gm38353,3,0,0,1
Gm38361,0,0,0,0
Gm38363,0,0,0,0
Gm38370,0,0,0,0
Gm38371,0,0,0,0
Gm38389,0,0,0,0
Gm3839,0,5,3,4
Gm38392,0,0,0,0
Gm38393,120,256,159,91
Gm38394,1,18,8,6
Gm38399,6,16,4,8
Gm38404,3,7,2,2
Gm3848,0,0,1,0
Gm38505,0,1,0,1
Gm38509,0,0,0,0
Gm3867,0,2,1,2
Gm3892,0,0,0,0
Gm3893,0,0,0,0
Gm3896,1,8,3,1
Gm3898,1,2,2,0
Gm38999,0,0,0,0
Gm3944,0,0,0,0
Gm3952,0,0,0,0
Gm3970,0,1,0,0
Gm3985,3,10,5,1
Gm3993,0,0,0,0
Gm40190,0,0,0,0
Gm4027,0,0,0,0
Gm4035,1,0,0,1
Gm4064,0,0,0,0
Gm4070,0,0,0,1
Gm4076,0,0,0,0
Gm4128,0,0,0,0
Gm4131,0,0,0,0
Gm4133,0,0,0,0
Gm4141,0,0,0,0
Gm4175,0,0,0,0
Gm4177,0,0,0,0
Gm4181,0,0,0,0
Gm4187,0,0,0,0
Gm4201,0,0,0,0
Gm4208,4,6,1,1
Gm4211,3,6,2,2
Gm4214,0,0,0,0
Gm4216,0,0,0,0
Gm4221,5,15,4,5
Gm42413,1,3,0,1
Gm42416,0,0,0,0
Gm42418,685,1740,1078,854
Gm42419,0,0,0,0
Gm42420,6,8,0,1
Gm42421,1,12,12,3
Gm42423,0,0,0,0
Gm42425,0,1,0,0
Gm42426,0,0,0,0
Gm42428,0,0,0,0
Gm42434,0,0,0,0
Gm42435,0,0,0,0
Gm42439,0,2,1,3
Gm4245,0,0,0,0
Gm42450,0,1,0,0
Gm42456,0,10,4,0
Gm42457,0,0,0,0
Gm42468,0,0,0,0
Gm42469,97,316,139,69
Gm42470,0,0,0,0
Gm42476,0,0,0,0
Gm42477,1,1,1,2
Gm42485,0,0,0,0
Gm42487,0,0,0,0
Gm42488,1,2,0,0
Gm42489,1,1,0,0
Gm42491,0,0,0,0
Gm42493,0,0,0,0
Gm42495,0,1,0,0
Gm42500,2,4,2,0
Gm42504,6,13,5,6
Gm42505,0,0,0,0
Gm42512,0,18,2,0
Gm42517,98,225,87,45
Gm42518,3,5,3,1
Gm42523,0,0,0,0
Gm42524,0,0,0,0
Gm42529,2,2,4,0
Gm42530,0,0,0,0
Gm42532,0,0,0,0
Gm42538,0,0,2,0
Gm42555,0,1,0,1
Gm42556,10,14,11,14
Gm42557,0,0,0,0
Gm42560,2,3,1,1
Gm42562,0,0,0,0
Gm42563,1,0,0,0
Gm42564,0,0,0,0
Gm42565,0,0,0,0
Gm42567,1,2,3,0
Gm42574,0,0,0,0
Gm42575,0,0,0,0
Gm42582,0,0,0,0
Gm42586,0,1,2,0
Gm42590,3,3,1,0
Gm42592,0,0,0,0
Gm42595,29,59,22,18
Gm42596,0,1,1,0
Gm42601,0,0,0,0
Gm42604,0,0,0,0
Gm42609,4,9,7,3
Gm42610,0,0,0,0
Gm42618,0,0,0,0
Gm4262,0,2,0,2
Gm42620,0,0,0,0
Gm42624,0,0,0,0
Gm42626,0,1,0,0
Gm42637,0,0,0,0
Gm42641,0,3,2,2
Gm42649,0,3,2,1
Gm42650,0,0,0,0
Gm42654,1,0,0,0
Gm42669,3,5,3,3
Gm42670,25,53,29,12
Gm42674,0,0,0,0
Gm42678,5,11,3,6
Gm42681,0,0,0,0
Gm42682,0,0,0,1
Gm42691,0,1,0,0
Gm42695,2,4,5,2
Gm42697,0,0,0,1
Gm42703,0,0,0,0
Gm42704,0,0,1,0
Gm42705,0,0,0,0
Gm42706,0,0,0,0
Gm42707,1,0,2,2
Gm42708,1,0,1,1
Gm42709,0,0,0,0
Gm42711,2,9,0,2
Gm42715,73,114,80,53
Gm42722,42,141,65,30
Gm42723,0,3,0,0
Gm42726,453,598,961,556
Gm42738,2,19,5,4
Gm42742,2,1,1,0
Gm42744,2,1,0,0
Gm42745,1,5,2,1
Gm42746,0,0,0,0
Gm42747,0,0,0,0
Gm42749,0,1,0,0
Gm4275,2,0,0,0
Gm42750,0,0,0,0
Gm42754,0,2,0,0
Gm42756,5,10,7,2
Gm42757,0,0,0,0
Gm42761,0,0,0,0
Gm42762,0,1,1,0
Gm42765,0,1,1,0
Gm42775,1,10,1,0
Gm42784,1,0,0,0
Gm42787,0,5,1,0
Gm42788,4,4,1,4
Gm42789,0,1,1,1
Gm4279,2,3,3,2
Gm42791,0,0,0,0
Gm42792,0,0,0,0
Gm42794,0,0,0,0
Gm42797,0,0,0,0
Gm428,0,0,0,0
Gm42800,0,1,0,0
Gm42802,0,0,0,0
Gm42806,0,0,0,0
Gm42808,0,0,0,0
Gm42809,2,1,1,2
Gm42810,0,0,1,0
Gm42812,0,0,1,0
Gm42813,1,6,5,0
Gm42817,0,2,4,0
Gm42823,0,0,0,0
Gm42825,0,0,1,0
Gm42827,0,0,0,0
Gm42831,0,0,0,0
Gm42835,0,0,0,0
Gm42836,0,0,0,0
Gm42838,0,0,0,2
Gm42839,1,0,1,0
Gm42846,0,3,1,0
Gm42848,1,12,9,2
Gm42849,2,7,4,1
Gm4285,7,12,11,4
Gm42851,421,951,507,255
Gm42864,5,9,1,1
Gm42865,0,1,1,0
Gm42875,0,0,1,0
Gm42877,0,0,0,0
Gm42878,7,11,8,5
Gm42880,0,0,0,0
Gm42882,0,0,0,0
Gm42884,1,1,0,0
Gm42889,0,0,0,0
Gm42891,2,0,0,0
Gm42893,22,18,10,9
Gm42901,1,7,2,0
Gm42902,6,21,6,4
Gm42903,0,0,0,1
Gm42904,0,0,0,0
Gm42906,0,0,0,0
Gm42912,7,7,0,4
Gm42914,0,2,0,0
Gm42916,0,0,0,0
Gm42917,0,5,1,0
Gm42918,1,12,3,3
Gm42920,0,0,0,0
Gm42921,0,0,0,0
Gm42931,0,0,0,0
Gm42945,0,0,0,0
Gm42947,0,0,0,0
Gm42948,0,0,1,0
Gm42949,2,0,0,0
Gm42950,0,0,0,0
Gm42951,0,0,0,0
Gm42952,0,0,0,0
Gm42953,0,0,0,0
Gm42954,0,0,0,0
Gm42956,3,3,1,0
Gm42957,6,14,8,5
Gm42962,1,1,0,0
Gm4297,0,0,0,0
Gm42980,0,0,0,0
Gm42982,0,1,1,0
Gm42984,0,2,1,2
Gm42985,0,0,0,0
Gm42997,23,70,35,19
Gm43000,3,9,9,4
Gm43001,0,0,0,0
Gm43003,0,0,0,0
Gm4301,0,0,0,0
Gm43016,0,0,0,0
Gm4302,0,0,0,0
Gm43020,0,0,0,0
Gm43021,0,0,0,0
Gm4303,0,0,0,0
Gm43030,0,0,0,0
Gm43042,0,3,3,4
Gm43049,0,0,0,0
Gm4305,0,0,0,0
Gm43050,0,0,0,0
Gm43053,0,0,0,0
Gm43055,0,0,0,0
Gm43056,2,0,0,1
Gm43057,0,0,0,0
Gm43062,3,16,7,1
Gm43064,0,0,1,1
Gm43067,0,0,0,0
Gm43069,0,0,0,0
Gm4307,0,0,0,0
Gm43076,211,392,189,214
Gm43077,0,0,0,1
Gm43079,0,0,0,0
Gm4308,0,0,0,0
Gm43082,1,9,3,4
Gm43086,0,0,0,0
Gm43087,10,32,12,11
Gm43091,0,0,0,0
Gm43095,0,0,0,0
Gm43100,0,0,0,0
Gm43101,0,0,0,0
Gm43109,1,1,1,0
Gm43118,0,4,3,2
Gm4312,0,0,0,0
Gm43120,0,0,0,0
Gm43121,0,0,0,0
Gm43122,0,0,0,0
Gm43126,0,1,0,0
Gm43129,0,0,0,0
Gm43131,0,0,0,0
Gm43132,0,0,0,0
Gm43134,0,0,0,0
Gm43135,0,0,0,0
Gm43136,0,2,1,0
Gm43137,5,20,4,4
Gm43140,9,30,7,10
Gm43146,1,5,1,0
Gm43150,0,0,1,0
Gm43151,0,0,0,0
Gm43153,0,0,0,0
Gm43154,7,5,3,3
Gm43156,0,0,0,0
Gm43159,5,1,1,0
Gm43177,0,0,0,0
Gm43179,0,0,0,0
Gm4319,0,4,1,1
Gm43191,0,0,0,0
Gm43192,1,3,0,1
Gm43194,8,34,8,3
Gm43202,0,0,0,1
Gm43204,0,0,0,0
Gm43207,0,2,0,0
Gm43208,0,0,0,0
Gm43221,8,41,19,7
Gm43236,0,0,0,0
Gm43240,2,3,1,0
Gm43241,0,0,0,0
Gm43242,1,5,0,0
Gm43248,31,111,54,25
Gm43251,0,1,3,0
Gm43252,0,5,2,2
Gm43253,1,3,1,1
Gm43254,1,10,2,3
Gm43255,0,0,2,0
Gm43257,0,1,0,0
Gm43261,0,0,0,0
Gm43262,0,0,0,0
Gm43263,3,11,8,2
Gm43265,0,0,0,0
Gm43269,0,0,0,0
Gm43270,14,73,22,14
Gm43271,0,1,0,0
Gm43277,0,0,0,0
Gm43278,0,7,2,0
Gm43291,1,1,0,2
Gm43293,0,0,0,0
Gm43298,0,0,0,0
Gm43299,2,1,0,1
Gm43301,0,4,2,3
Gm43303,0,0,0,0
Gm43306,0,0,0,0
Gm43325,0,0,0,0
Gm43332,1,1,3,1
Gm43337,1,0,0,0
Gm43342,0,0,0,0
Gm43346,0,0,0,0
Gm43348,0,0,0,0
Gm43349,0,0,0,0
Gm43351,0,0,0,0
Gm43352,1,2,1,0
Gm43356,0,0,0,0
Gm43357,0,0,0,0
Gm43358,0,0,0,0
Gm43376,8,13,7,6
Gm43385,0,0,0,0
Gm43388,0,0,0,0
Gm43391,0,0,0,0
Gm43397,0,0,0,0
Gm4340,0,2,0,0
Gm43400,0,1,0,0
Gm43401,0,0,0,0
Gm43403,0,8,3,0
Gm43409,1,2,2,2
Gm43419,0,0,0,0
Gm43425,0,0,0,0
Gm43434,1,2,1,1
Gm43446,0,0,0,0
Gm43447,8,18,6,6
Gm43449,0,0,0,0
Gm43450,0,0,0,0
Gm43452,0,0,0,0
Gm43453,0,0,1,0
Gm43454,0,0,0,0
Gm43455,16,37,16,6
Gm43458,0,0,0,0
Gm43464,0,0,0,1
Gm43468,0,0,0,0
Gm43470,0,0,0,0
Gm43475,0,0,0,0
Gm43476,0,0,0,0
Gm43477,5,3,3,4
Gm43479,0,0,0,0
Gm4349,24,60,25,18
Gm43492,0,0,0,0
Gm43495,0,0,0,0
Gm43500,0,0,0,0
Gm43507,1,1,4,4
Gm43518,2,2,0,0
Gm43522,6,5,0,1
Gm43525,0,0,0,0
Gm4353,6,20,14,4
Gm43532,3,2,3,2
Gm43536,0,5,2,1
Gm43538,0,0,0,0
Gm43539,0,1,0,0
Gm43543,0,0,0,0
Gm43549,1,2,1,2
Gm43552,0,0,1,0
Gm43562,0,0,0,0
Gm43565,0,0,0,0
Gm43567,1,0,0,0
Gm43568,0,3,0,2
Gm43569,0,0,1,0
Gm43570,11,24,13,7
Gm43573,0,4,3,3
Gm43579,1,2,2,0
Gm43591,0,5,1,1
Gm43597,44,122,88,32
Gm43598,17,30,20,10
Gm43599,1,3,0,1
Gm436,0,0,0,0
Gm43603,10,51,6,5
Gm43604,6,6,2,4
Gm43607,0,0,0,0
Gm43608,0,0,1,0
Gm43612,0,1,1,0
Gm43613,0,1,0,0
Gm43614,0,0,0,2
Gm43616,0,1,0,0
Gm43617,0,0,0,0
Gm43619,0,0,0,0
Gm43625,3,12,11,2
Gm43634,0,1,0,0
Gm43635,0,0,0,0
Gm43638,0,0,0,0
Gm43639,0,0,0,0
Gm43640,0,0,0,0
Gm43641,0,0,0,0
Gm43642,0,0,0,0
Gm43643,0,0,0,0
Gm43644,0,0,0,0
Gm43645,0,0,0,0
Gm43647,1,1,3,1
Gm43650,0,0,0,0
Gm43653,6,21,16,7
Gm43657,0,1,1,1
Gm43660,42,93,53,28
Gm43661,0,0,0,0
Gm43666,2,2,1,1
Gm43672,37,95,40,9
Gm43673,0,0,0,1
Gm43674,9,99,56,12
Gm43678,0,0,0,0
Gm43683,1,1,3,0
Gm43685,0,0,0,0
Gm43688,0,0,0,0
Gm43689,23,105,29,13
Gm43690,1,0,0,0
Gm43691,0,0,0,0
Gm43698,0,0,0,0
Gm43699,0,0,0,0
Gm43700,0,0,0,0
Gm43701,0,0,0,0
Gm43703,0,1,0,1
Gm43713,26,66,37,19
Gm43714,0,2,1,1
Gm43716,0,0,0,0
Gm43720,0,0,0,0
Gm43729,0,0,0,0
Gm43731,0,0,0,0
Gm43732,0,0,0,0
Gm43733,0,0,0,0
Gm43734,0,1,0,0
Gm43735,0,0,0,0
Gm43736,0,0,0,0
Gm43738,0,0,1,0
Gm43740,23,37,26,18
Gm43741,0,0,0,0
Gm43754,0,0,0,0
Gm43757,0,1,0,1
Gm43763,0,0,0,0
Gm43777,0,0,0,0
Gm43782,0,0,0,0
Gm43786,0,0,0,0
Gm43791,0,0,0,0
Gm43796,18,40,32,25
Gm438,0,0,0,0
Gm43801,0,0,0,0
Gm43803,0,1,0,0
Gm43821,0,0,0,0
Gm43824,0,0,0,0
Gm43825,0,0,0,0
Gm43832,0,1,0,0
Gm43837,0,0,0,0
Gm43838,0,0,0,0
Gm43848,40,68,33,14
Gm43851,0,0,0,0
Gm43861,0,0,0,0
Gm43878,4,3,1,1
Gm43893,0,0,0,0
Gm43894,0,0,0,0
Gm43902,0,0,0,0
Gm43904,0,0,0,0
Gm43913,0,0,1,0
Gm43915,45,209,94,63
Gm43916,0,0,0,0
Gm43918,0,0,0,0
Gm43936,1,6,2,0
Gm43938,1,1,2,0
Gm43948,0,13,2,1
Gm43949,8,30,12,6
Gm43950,0,0,0,0
Gm43951,14,36,15,12
Gm43956,0,0,0,0
Gm43964,0,0,0,0
Gm43971,0,0,0,0
Gm43972,0,2,0,0
Gm43974,0,0,0,0
Gm43983,0,0,0,0
Gm43986,0,0,0,0
Gm43989,1,0,0,1
Gm43994,0,0,0,0
Gm43995,0,0,0,0
Gm43998,0,1,0,0
Gm44,0,1,0,0
Gm44000,0,0,0,0
Gm44004,0,0,0,0
Gm44006,0,0,0,0
Gm44009,0,0,0,0
Gm44012,1,0,0,0
Gm44019,0,0,0,0
Gm44020,0,2,1,0
Gm44025,0,0,0,1
Gm44026,1,5,3,0
Gm44028,0,0,0,0
Gm44029,1,3,0,0
Gm44031,0,0,0,0
Gm44036,0,0,2,0
Gm44037,1,8,8,2
Gm44040,1,0,0,0
Gm44042,0,0,0,0
Gm44051,0,0,0,0
Gm44053,12,30,16,3
Gm44066,0,1,1,2
Gm44067,1,2,1,0
Gm44071,0,2,1,0
Gm44072,2,0,0,0
Gm44073,0,0,0,0
Gm44077,0,0,0,0
Gm44079,0,1,2,0
Gm44081,0,2,1,0
Gm44082,0,0,0,0
Gm44085,0,0,0,0
Gm44089,2,2,3,2
Gm4409,5,13,3,3
Gm44096,0,0,2,0
Gm44097,0,0,0,0
Gm44107,0,1,0,0
Gm44109,1,1,0,0
Gm44110,0,0,0,0
Gm44113,0,0,0,0
Gm44115,0,0,0,0
Gm44117,0,0,0,0
Gm44119,0,0,0,0
Gm44123,0,8,1,0
Gm44127,1,0,0,0
Gm44129,1,1,1,0
Gm44145,0,0,0,0
Gm44148,4,3,3,2
Gm44151,1,0,0,0
Gm44160,0,0,0,0
Gm44166,0,0,0,0
Gm44169,0,1,1,0
Gm44170,0,2,0,0
Gm44172,0,0,0,0
Gm44174,0,0,0,0
Gm44175,2,5,0,0
Gm44176,0,0,0,0
Gm44188,0,0,1,0
Gm4419,4,5,9,2
Gm44191,0,4,2,1
Gm44195,1,1,0,0
Gm44196,0,0,0,0
Gm44197,0,0,0,0
Gm44199,3,4,4,4
Gm44201,1,0,0,0
Gm44202,0,0,0,0
Gm44204,0,0,0,0
Gm44205,1,0,3,0
Gm44206,0,0,0,0
Gm44210,5,16,8,4
Gm44214,1,10,4,2
Gm44217,0,0,0,0
Gm44226,1,1,0,0
Gm44238,0,0,0,0
Gm44244,0,0,0,0
Gm44246,0,0,0,0
Gm4425,1,2,0,0
Gm44257,305,280,101,231
Gm44264,20,56,18,16
Gm44269,0,0,0,0
Gm44271,2,2,0,1
Gm44272,0,0,0,0
Gm44275,1,1,1,3
Gm44276,2,4,2,0
Gm44278,0,0,0,0
Gm44284,0,1,2,0
Gm44287,0,0,2,0
Gm44290,0,0,0,0
Gm44293,0,0,0,0
Gm44296,0,0,0,0
Gm44309,0,0,0,0
Gm44317,1,2,3,1
Gm44368,0,0,0,0
Gm44386,5,8,3,4
Gm44398,1,0,1,0
Gm44410,0,0,0,0
Gm44418,0,2,0,0
Gm44421,0,5,0,2
Gm44427,0,0,1,0
Gm44442,0,0,0,0
Gm44444,0,0,0,0
Gm44447,0,1,0,1
Gm44448,0,0,0,0
Gm4450,0,0,0,0
Gm4461,1,0,0,0
Gm4473,1,4,0,1
Gm4477,1,3,2,0
Gm4491,0,8,6,2
Gm4498,0,0,0,0
Gm4524,1,3,2,1
Gm454,0,0,0,0
Gm4553,0,0,0,0
Gm4559,0,0,0,0
Gm4565,0,0,0,0
Gm4567,0,0,0,0
Gm4577,0,0,0,0
Gm4631,51,103,66,56
Gm4640,0,4,1,0
Gm4665,0,0,0,0
Gm4673,91,302,109,64
Gm4707,67,170,94,47
Gm4723,5,12,10,2
Gm4724,1,2,1,1
Gm4737,0,0,0,0
Gm4744,0,0,0,0
Gm4755,0,6,0,0
Gm4758,0,0,0,0
Gm4763,0,1,0,0
Gm4767,0,0,0,0
Gm4775,0,0,0,0
Gm4778,0,0,0,0
Gm4779,41,33,22,27
Gm4781,0,1,0,0
Gm4787,2,6,3,2
Gm4788,0,0,0,0
Gm4791,1,1,0,0
Gm4792,0,2,2,1
Gm4793,20,41,15,9
Gm4794,0,0,0,0
Gm4799,0,0,0,0
Gm4836,0,0,0,0
Gm4841,0,0,3,1
Gm4846,0,0,0,0
Gm4847,0,0,0,0
Gm4858,0,0,0,0
Gm4861,0,0,0,0
Gm4871,0,0,0,0
Gm4872,0,0,0,0
Gm4876,16,64,23,15
Gm4884,0,0,0,0
Gm4889,0,1,4,1
Gm4890,12,34,11,11
Gm4894,0,0,0,0
Gm4906,0,0,0,0
Gm4907,0,0,0,1
Gm4922,1,1,3,0
Gm4924,43,137,63,36
Gm4926,4,4,0,4
Gm4944,20,47,27,13
Gm4950,13,16,15,15
Gm4951,15,15,18,2
Gm4952,0,2,2,1
Gm4955,1,0,0,0
Gm4961,0,0,0,0
Gm4969,0,3,1,0
Gm4978,11,12,8,5
Gm498,0,0,0,0
Gm4981,0,2,0,0
Gm4985,0,0,0,0
Gm5,0,3,2,0
Gm5039,0,0,0,0
Gm5065,0,0,0,0
Gm5072,0,0,0,0
Gm5082,0,0,0,0
Gm5083,1,1,1,3
Gm5084,0,0,0,0
Gm5087,12,6,3,4
Gm5089,1,2,1,1
Gm5091,0,0,0,0
Gm5093,6,18,12,10
Gm5096,0,1,0,2
Gm5097,0,0,0,0
Gm5099,0,0,0,0
Gm5103,1,0,0,0
Gm5105,1,5,0,0
Gm5106,1,4,0,0
Gm5108,0,1,1,0
Gm5111,1,19,4,1
Gm5113,30,66,37,27
Gm5114,0,1,0,0
Gm5117,3,20,6,1
Gm5118,1,2,1,2
Gm5127,0,0,0,0
Gm5128,0,0,0,0
Gm5129,1,0,0,0
Gm5132,0,0,0,0
Gm5134,0,0,0,0
Gm5141,11,44,17,9
Gm5142,0,0,0,0
Gm5145,2,3,0,0
Gm5148,13,34,14,12
Gm5150,0,0,0,0
Gm5152,0,0,0,0
Gm5157,0,0,0,0
Gm5160,1,0,0,0
Gm5168,0,0,0,0
Gm5169,0,0,0,0
Gm5174,0,0,0,1
Gm5218,2,0,0,1
Gm5225,0,0,0,0
Gm5239,6,6,0,3
Gm5248,1,1,0,0
Gm525,2,3,0,0
Gm5269,0,0,0,0
Gm527,4,7,4,0
Gm5286,0,0,0,0
Gm5294,0,0,0,0
Gm53,1,3,1,0
Gm5346,0,0,0,0
Gm5382,0,0,0,0
Gm5407,0,0,0,0
Gm5414,0,0,0,0
Gm5415,25,37,14,15
Gm5416,0,0,0,0
Gm5420,0,0,0,0
Gm5422,5,6,3,1
Gm5424,4,14,4,7
Gm5426,0,1,0,0
Gm5431,39,139,69,34
Gm5432,1,0,0,0
Gm5434,1,1,0,0
Gm5435,0,0,0,0
Gm5441,23,36,16,13
Gm5444,0,0,0,0
Gm5447,1,5,0,1
Gm5449,0,0,0,0
Gm5458,0,0,0,0
Gm5460,0,0,0,0
Gm5464,11,30,12,6
Gm5468,21,171,65,27
Gm5475,3,21,17,6
Gm5478,0,0,0,0
Gm5483,0,0,0,0
Gm5493,3,23,7,2
Gm5519,0,0,0,0
Gm5524,0,3,0,0
Gm553,0,1,2,2
Gm5532,0,0,0,0
Gm5533,1,1,1,0
Gm5535,0,3,1,0
Gm5538,0,0,0,0
Gm5544,0,1,0,0
Gm5546,1,6,0,1
Gm5547,3,1,0,0
Gm5565,0,0,0,0
Gm5570,0,0,0,0
Gm5577,130,399,174,100
Gm5580,0,2,0,2
Gm5591,0,0,0,0
Gm5592,0,0,0,0
Gm5595,15,15,10,4
Gm5600,0,0,0,0
Gm5602,0,1,1,0
Gm561,248,659,230,124
Gm5611,5,5,1,2
Gm5612,0,0,0,0
Gm5615,0,2,1,0
Gm5616,0,0,0,1
Gm5617,28,57,28,7
Gm5622,0,0,0,0
Gm5624,1,0,0,0
Gm5627,0,0,0,0
Gm5640,0,0,0,0
Gm5662,0,0,0,0
Gm567,0,2,0,0
Gm568,0,0,0,0
Gm5689,0,1,1,0
Gm572,0,0,0,0
Gm5724,0,0,0,0
Gm5725,0,0,0,0
Gm5726,0,0,0,0
Gm5728,0,0,0,0
Gm5741,0,0,1,0
Gm5751,0,0,0,0
Gm5771,0,0,0,0
Gm5773,0,0,0,0
Gm5784,2,9,2,2
Gm5786,9,4,2,2
Gm5795,0,2,1,2
Gm5796,0,3,2,2
Gm5797,0,0,0,0
Gm5798,0,0,0,0
Gm5799,0,0,0,0
Gm5800,0,0,0,0
Gm5814,0,0,0,0
Gm5819,1,0,1,0
Gm5833,0,0,0,0
Gm5849,0,0,0,0
Gm5860,2,0,2,1
Gm5861,0,0,0,0
Gm5862,0,1,0,1
Gm5868,0,1,0,0
Gm5878,0,1,0,0
Gm5891,0,0,0,0
Gm590,0,0,0,0
Gm5900,0,1,0,0
Gm5901,0,0,0,0
Gm5914,109,254,96,67
Gm5916,0,0,0,0
Gm5926,0,0,0,0
Gm5930,0,0,0,0
Gm5934,0,0,0,0
Gm5935,0,0,0,0
Gm5936,0,0,0,0
Gm5938,0,0,0,0
Gm5941,0,0,0,0
Gm595,0,0,0,0
Gm5965,0,0,0,0
Gm597,0,0,0,0
Gm6020,0,0,0,0
Gm6026,0,0,0,0
Gm6034,0,1,0,0
Gm6040,0,0,0,0
Gm6086,1,0,0,0
Gm609,0,3,2,0
Gm6096,0,0,0,0
Gm6116,0,1,0,0
Gm6117,2,14,5,7
Gm6121,0,0,0,0
Gm6133,24,35,30,18
Gm6135,0,0,0,0
Gm614,0,0,0,0
Gm6164,0,0,0,0
Gm6169,27,58,36,21
Gm6176,0,0,0,0
Gm6205,0,0,0,0
Gm6225,5,14,3,4
Gm6260,0,1,0,1
Gm6268,0,0,0,0
Gm6270,0,0,0,0
Gm6277,3,6,2,1
Gm6288,0,2,0,0
Gm6297,51,136,47,34
Gm6309,0,0,0,0
Gm6313,0,2,0,1
Gm6337,0,0,0,1
Gm6351,0,0,0,0
Gm6356,0,0,0,0
Gm6358,0,0,0,0
Gm6367,0,0,0,0
Gm6370,0,0,0,0
Gm6377,0,0,0,1
Gm6401,0,0,0,0
Gm6408,1,1,2,0
Gm6410,1,0,0,0
Gm6455,0,0,0,0
Gm6460,0,0,0,0
Gm6465,0,0,0,0
Gm6471,0,0,0,0
Gm648,1,0,1,0
Gm6482,0,0,0,0
Gm6483,346,785,421,277
Gm6502,0,0,0,0
Gm6507,0,0,0,0
Gm6509,0,0,0,0
Gm6525,2,7,2,1
Gm6526,0,0,0,0
Gm6559,0,4,0,0
Gm6563,23,40,21,8
Gm6569,13,76,24,10
Gm6576,1,2,1,2
Gm6583,4,5,0,1
Gm6588,114,199,82,107
Gm6592,0,0,0,0
Gm6594,0,0,0,0
Gm6602,1,2,0,0
Gm6614,0,0,0,0
Gm6619,0,1,0,3
Gm6625,0,0,0,0
Gm6634,0,0,0,0
Gm6639,0,1,0,0
Gm6657,0,0,0,0
Gm6658,0,1,0,0
Gm6665,0,0,0,0
Gm6676,0,0,0,0
Gm6685,1,1,0,1
Gm6696,0,0,0,0
Gm6710,48,71,40,29
Gm6712,11,21,8,12
Gm6729,0,0,0,0
Gm6741,0,0,0,2
Gm6760,0,0,1,0
Gm6763,0,0,0,0
Gm6768,0,0,0,0
Gm6792,0,1,0,0
Gm6793,8,20,6,9
Gm6803,0,0,0,0
Gm6811,0,0,0,0
Gm6812,0,0,0,0
Gm684,2,8,5,1
Gm6871,1,0,0,0
Gm6878,0,0,0,0
Gm6880,0,0,0,0
Gm6882,0,0,0,0
Gm6890,0,0,0,0
Gm6899,0,1,0,0
Gm6902,0,0,0,0
Gm6904,0,0,0,0
Gm6938,0,1,1,0
Gm694,12,27,13,1
Gm6970,0,1,0,1
Gm6976,1,0,0,0
Gm6994,25,31,25,23
Gm6999,0,1,0,0
Gm7008,5,5,6,0
Gm7030,0,0,0,0
Gm7073,0,0,0,0
Gm7075,0,0,0,0
Gm7097,0,0,0,0
Gm7102,2,1,0,1
Gm7104,0,0,0,0
Gm7120,17,48,21,33
Gm7137,0,0,0,0
Gm7138,0,0,0,0
Gm7145,0,0,0,0
Gm7160,4,11,2,3
Gm7168,0,0,0,0
Gm7173,13,18,3,9
Gm7221,0,9,1,1
Gm7233,0,1,2,0
Gm7237,0,0,0,0
Gm7247,1,4,4,0
Gm7257,0,0,0,0
Gm7271,0,0,0,0
Gm7275,0,0,0,0
Gm7276,37,72,31,8
Gm7293,14,11,15,8
Gm7298,0,0,0,2
Gm732,0,0,0,0
Gm7325,0,0,0,0
Gm7334,1,8,6,2
Gm7347,2,3,3,1
Gm7356,0,0,0,0
Gm7361,1,1,0,1
Gm7437,0,0,0,0
Gm7467,108,330,143,100
Gm7489,1,0,1,1
Gm7534,0,0,0,0
Gm7535,11,30,17,10
Gm7538,0,0,0,0
Gm7546,0,0,0,0
Gm7568,0,2,1,0
Gm7580,0,0,0,1
Gm7596,0,0,1,0
Gm7598,0,6,6,1
Gm7616,0,0,0,0
Gm7628,1,8,5,1
Gm765,0,14,11,1
Gm766,1,3,0,0
Gm7676,0,3,0,1
Gm7682,0,0,0,0
Gm7694,5,16,5,1
Gm7697,0,0,0,0
Gm7714,0,0,0,0
Gm773,0,1,0,0
Gm7735,0,0,0,0
Gm7792,0,0,0,0
Gm7808,2,3,3,2
Gm7849,0,0,0,0
Gm7854,12,27,12,10
Gm7861,0,0,0,0
Gm7876,0,0,0,0
Gm7879,7,4,2,3
Gm7903,0,0,0,0
Gm7929,0,0,0,0
Gm7932,0,1,0,1
Gm7942,0,0,0,0
Gm7945,0,0,1,0
Gm7951,0,0,0,0
Gm7954,0,0,0,0
Gm7967,9,16,6,10
Gm7970,0,1,0,0
Gm7971,0,0,0,0
Gm7976,0,0,0,0
Gm7978,0,0,0,0
Gm7980,0,0,0,0
Gm7982,0,0,0,0
Gm7995,0,0,0,0
Gm8005,0,0,0,0
Gm8011,0,0,0,0
Gm8013,0,1,0,0
Gm8020,1,0,0,0
Gm8024,0,1,0,0
Gm805,0,0,0,0
Gm8050,1,1,0,0
Gm8066,0,9,1,0
Gm8068,0,0,0,0
Gm807,1,1,0,0
Gm8074,0,0,0,0
Gm8082,0,0,0,0
Gm8094,0,0,0,0
Gm8104,2,1,4,1
Gm8108,0,0,0,0
Gm8113,2,4,1,1
Gm8122,0,0,0,0
Gm8126,0,0,0,0
Gm8127,0,0,0,0
Gm813,0,1,0,0
Gm8138,0,0,0,0
Gm815,0,1,0,0
Gm8159,0,0,0,0
Gm816,11,48,10,11
Gm8165,0,0,0,0
Gm8180,0,0,0,0
Gm8186,68,115,64,32
Gm8206,1,0,0,0
Gm8212,0,0,0,0
Gm8220,0,1,0,0
Gm8225,1,0,0,2
Gm8229,0,0,0,0
Gm8232,0,0,0,0
Gm8237,4,4,2,3
Gm8239,0,3,0,0
Gm8246,0,0,0,0
Gm8247,0,0,0,0
Gm8251,0,0,0,0
Gm8257,0,0,0,0
Gm826,1,0,1,0
Gm8265,0,0,0,0
Gm8267,0,0,0,0
Gm8271,0,0,0,0
Gm8279,0,0,0,0
Gm8281,6,4,1,1
Gm829,0,0,0,0
Gm8297,0,0,0,0
Gm8298,0,0,0,0
Gm8300,0,0,0,0
Gm831,0,1,0,0
Gm833,0,0,0,0
Gm8332,0,0,0,0
Gm8334,0,0,0,0
Gm8356,0,0,0,0
Gm8362,0,0,0,0
Gm8369,3,10,2,0
Gm8374,0,0,0,0
Gm839,0,0,0,0
Gm8394,6,20,5,8
Gm8439,0,2,1,0
Gm8444,3,11,1,1
Gm8453,0,0,0,0
Gm853,1,0,0,0
Gm8579,0,0,0,0
Gm8653,0,0,0,0
Gm8660,0,0,0,0
Gm867,9,15,2,2
Gm8674,0,0,0,0
Gm8677,0,0,0,0
Gm8693,0,0,0,0
Gm8705,0,0,1,0
Gm8720,0,0,0,0
Gm8730,42,65,33,34
Gm8739,0,0,0,0
Gm8764,0,0,0,0
Gm8765,0,0,0,0
Gm8773,3,9,4,1
Gm8797,38,60,18,16
Gm8817,1,1,0,0
Gm884,0,0,0,0
Gm8857,0,0,0,0
Gm8871,0,0,0,0
Gm8879,0,0,0,0
Gm8882,0,0,0,0
Gm8883,0,0,0,0
Gm8888,0,0,0,0
Gm8890,0,0,0,0
Gm8897,0,0,0,0
Gm8898,2,7,5,3
Gm8906,0,0,0,0
Gm8909,0,0,0,0
Gm8914,0,0,0,0
Gm8922,0,0,0,0
Gm8923,0,3,1,0
Gm8926,0,0,0,0
Gm8953,0,0,0,0
Gm8973,0,1,1,0
Gm8975,0,0,0,0
Gm8994,1,1,0,0
Gm9,0,0,0,0
Gm9008,5,15,9,11
Gm9017,1,5,0,2
Gm904,0,0,0,0
Gm9047,0,0,0,0
Gm906,0,0,0,0
Gm9112,0,0,0,0
Gm9117,0,0,0,0
Gm9125,0,0,0,0
Gm9242,0,0,0,1
Gm9257,0,0,0,0
Gm9268,0,0,0,0
Gm9312,0,0,0,0
Gm933,1,0,0,0
Gm9376,0,0,0,0
Gm94,0,0,0,0
Gm9476,0,0,0,0
Gm9484,6,16,7,2
Gm9493,74,87,54,39
Gm9495,0,0,0,0
Gm9507,0,0,0,0
Gm9513,0,0,0,0
Gm9530,0,3,1,0
Gm9573,0,0,0,0
Gm960,20,54,20,7
Gm9602,0,0,0,0
Gm9603,0,0,0,0
Gm9611,0,0,0,0
Gm9637,0,0,0,0
Gm9725,0,12,6,2
Gm9726,0,0,0,0
Gm973,14,26,7,8
Gm9732,0,0,0,0
Gm9733,0,1,1,0
Gm9742,2,3,3,0
Gm9745,0,0,0,0
Gm9747,0,0,0,0
Gm9748,2,3,1,1
Gm9754,4,4,7,2
Gm9755,3,4,0,0
Gm9758,0,0,0,0
Gm9767,2,9,5,3
Gm9772,0,0,0,0
Gm9774,19,37,48,39
Gm9776,21,40,16,19
Gm9780,2,3,0,2
Gm9789,0,0,0,0
Gm9796,6,15,18,2
Gm9797,1,1,0,0
Gm9801,152,330,144,128
Gm9803,50,86,35,29
Gm9804,0,0,0,0
Gm9805,0,0,0,0
Gm9817,3,0,1,0
Gm9821,8,21,15,6
Gm9828,186,428,159,106
Gm9830,0,1,0,1
Gm9833,6,12,7,7
Gm9837,0,0,0,0
Gm9843,178,162,148,103
Gm9844,27,32,31,11
Gm9847,0,0,0,0
Gm9857,0,4,0,0
Gm9866,27,58,17,17
Gm9869,0,0,0,0
Gm9871,0,0,0,0
Gm9873,5,6,3,1
Gm9881,6,22,3,6
Gm9885,54,97,45,18
Gm9887,0,1,0,1
Gm9888,4,2,1,0
Gm9889,1,7,4,5
Gm9894,0,0,0,0
Gm9898,2,4,0,1
Gm9903,4,5,5,1
Gm9913,4,6,7,1
Gm9915,0,1,1,0
Gm9916,3,9,3,5
Gm9917,14,20,16,10
Gm9918,0,1,0,0
Gm9920,2,15,3,1
Gm9922,0,0,0,0
Gm9923,0,0,0,4
Gm9925,65,233,74,47
Gm9930,35,55,23,20
Gm9932,0,0,0,0
Gm9934,3,2,0,2
Gm9936,0,3,3,1
Gm9938,2,10,5,4
Gm9944,0,0,0,0
Gm9945,79,186,103,68
Gm9946,2,16,6,1
Gm9947,15,34,10,4
Gm9949,1,1,1,0
Gm9951,0,0,1,0
Gm9955,0,0,0,0
Gm9956,3,3,0,0
Gm9958,17,36,18,5
Gm996,43,136,66,38
Gm9961,0,1,0,1
Gm9962,16,87,25,16
Gm9964,1,0,0,0
Gm9968,1,0,0,1
Gm9970,1,5,1,1
Gm9972,0,1,0,0
Gm9978,0,3,0,1
Gm9979,0,0,0,0
Gm9991,0,0,0,0
Gm9992,0,0,0,0
Gm9994,0,0,0,0
Gm9996,3,21,17,2
Gm9999,0,0,0,0
Gmcl1,227,661,281,136
Gmcl1l,0,0,0,0
Gmds,61,161,84,48
Gmeb1,55,178,84,31
Gmeb2,15,41,20,10
Gmfb,107,251,115,47
Gmfg,11,8,8,0
Gmip,55,81,56,29
Gml,1,0,0,0
Gml2,0,0,0,0
Gmnc,5,4,1,11
Gmnn,13,56,29,16
Gmppa,227,550,267,174
Gmppb,45,94,44,23
Gmpr,185,573,240,140
Gmpr2,50,144,63,46
Gmps,111,244,136,65
Gna11,181,465,202,129
Gna12,56,72,44,27
Gna13,40,123,67,27
Gna14,0,0,0,1
Gna15,6,15,5,1
Gnai1,93,232,94,74
Gnai2,279,686,296,134
Gnai3,45,103,42,31
Gnal,133,666,277,77
Gnao1,764,2357,1002,557
Gnaq,314,763,308,178
Gnas,1836,4961,2107,1231
Gnat1,1,0,1,2
Gnat2,0,1,0,2
Gnat3,0,0,0,0
Gnaz,133,358,150,82
Gnb1,431,1012,570,253
Gnb1l,7,15,2,5
Gnb2,682,1806,822,486
Gnb2l1,329,756,379,190
Gnb3,1,4,0,1
Gnb4,52,299,110,26
Gnb5,4,21,3,1
Gne,32,76,30,26
Gng10,3,4,8,1
Gng11,82,260,91,33
Gng12,51,94,45,9
Gng13,180,614,263,90
Gng2,115,172,78,43
Gng3,816,2285,864,515
Gng4,15,60,37,9
Gng5,185,332,188,62
Gng7,56,127,59,30
Gng8,3,15,7,2
Gngt1,0,1,0,0
Gngt2,18,16,19,1
Gnl1,80,199,102,65
Gnl2,486,1138,650,340
Gnl3,546,1351,673,383
Gnl3l,250,645,270,201
Gnmt,10,25,12,5
Gnpat,202,551,251,116
Gnpda1,51,99,63,29
Gnpda2,70,145,79,36
Gnpnat1,47,102,48,27
Gnptab,113,206,99,48
Gnptg,788,1993,974,554
Gnrh1,3,3,6,22
Gnrhr,0,1,0,0
Gns,301,737,401,196
Golga1,198,535,240,124
Golga2,161,310,189,112
Golga3,200,376,222,176
Golga4,176,592,272,120
Golga5,135,290,134,78
Golga7,142,336,172,54
Golga7b,145,408,189,106
Golgb1,772,2355,994,522
Golim4,146,283,116,81
Golm1,199,124,45,109
Golph3,33,69,36,22
Golph3l,13,51,20,12
Golt1a,0,2,3,1
Golt1b,184,471,200,122
Gon4l,717,2305,980,549
Gopc,29,95,45,19
Gorab,19,52,20,9
Gorasp1,36,100,55,23
Gorasp2,117,288,139,81
Gosr1,16,55,28,14
Gosr2,46,82,43,19
Got1,179,659,272,144
Got1l1,3,18,5,1
Got2,170,372,183,106
Gp1ba,0,0,0,0
Gp1bb,24,69,40,15
Gp2,0,0,0,0
Gp5,3,14,2,4
Gp6,1,0,0,0
Gp9,0,25,0,3
Gpa33,0,0,0,0
Gpaa1,466,1272,610,427
Gpalpp1,19,64,22,12
Gpam,15,9,11,10
Gpank1,41,156,65,53
Gpat2,1,2,1,1
Gpat4,211,521,268,124
Gpatch1,94,179,102,57
Gpatch11,108,348,130,75
Gpatch2,238,648,266,182
Gpatch2l,15,25,12,3
Gpatch3,12,39,13,11
Gpatch4,99,182,84,42
Gpatch8,518,1784,697,373
Gpbar1,0,0,0,0
Gpbp1,150,363,132,97
Gpbp1l1,88,207,105,57
Gpc1,191,278,163,136
Gpc2,2,3,0,0
Gpc3,63,94,42,46
Gpc4,178,87,29,115
Gpc5,117,197,89,114
Gpc6,159,723,393,182
Gpcpd1,517,1421,650,302
Gpd1,87,137,68,58
Gpd1l,31,77,46,20
Gpd2,127,214,117,81
Gper1,14,38,29,2
Gpha2,0,0,0,0
Gphb5,0,0,0,0
Gphn,131,288,134,80
Gpi1,850,1781,866,518
Gpihbp1,0,0,1,0
Gpkow,55,134,54,34
Gpld1,84,199,90,67
Gpm6a,5544,10904,4901,4016
Gpm6b,3351,8533,3370,2091
Gpn1,110,242,104,89
Gpn2,12,40,26,9
Gpn3,43,122,54,43
Gpnmb,114,41,80,26
Gpr1,11,23,8,7
Gpr101,19,38,20,16
Gpr107,342,873,423,255
Gpr108,288,808,334,225
Gpr119,0,0,0,0
Gpr12,128,303,117,70
Gpr132,1,0,0,0
Gpr135,22,106,27,16
Gpr137,219,509,243,131
Gpr137b,62,164,63,40
Gpr137b-ps,139,349,128,90
Gpr137c,2,18,11,3
Gpr139,3,11,7,1
Gpr141,0,2,0,0
Gpr142,0,0,0,0
Gpr143,2,0,0,1
Gpr146,49,179,65,34
Gpr149,7,94,35,7
Gpr15,0,0,0,0
Gpr150,80,350,143,60
Gpr151,1,5,6,3
Gpr152,0,2,0,1
Gpr153,24,90,43,15
Gpr155,246,459,260,145
Gpr156,2,1,2,2
Gpr157,54,31,37,40
Gpr158,226,1020,445,179
Gpr160,6,13,2,1
Gpr161,110,52,28,62
Gpr162,1028,2599,1229,773
Gpr165,5,41,23,4
Gpr17,38,153,77,70
Gpr171,12,19,6,2
Gpr173,34,76,44,18
Gpr174,1,0,2,1
Gpr176,23,49,21,16
Gpr179,2,5,4,2
Gpr18,2,14,2,3
Gpr180,202,667,253,126
Gpr182,15,52,38,10
Gpr183,29,54,29,3
Gpr19,200,580,209,124
Gpr20,2,0,2,0
Gpr21,4,42,18,11
Gpr22,744,1153,448,421
Gpr25,1,4,1,1
Gpr26,77,255,158,76
Gpr27,158,364,159,93
Gpr3,11,59,30,8
Gpr31b,0,0,0,0
Gpr33,0,0,0,0
Gpr34,78,244,78,14
Gpr35,1,1,2,0
Gpr37,230,463,158,142
Gpr37l1,931,2030,1040,838
Gpr39,0,6,2,1
Gpr4,6,21,17,1
Gpr45,130,281,120,104
Gpr50,0,8,1,0
Gpr55,3,13,4,3
Gpr6,10,180,60,11
Gpr61,188,492,206,128
Gpr62,77,152,55,34
Gpr63,3,6,1,0
Gpr65,6,4,5,0
Gpr68,57,88,34,28
Gpr75,55,112,50,30
Gpr82,4,3,1,0
Gpr83,99,537,227,90
Gpr84,27,47,28,2
Gpr85,446,954,437,329
Gpr87,1,0,0,1
Gpr88,35,1177,412,33
Gpr89,169,382,145,109
Gprasp1,325,809,358,194
Gprasp2,243,524,263,182
Gprc5a,0,2,0,0
Gprc5b,479,736,328,230
Gprc5c,25,38,24,16
Gprc5d,0,1,1,1
Gprc6a,0,0,0,0
Gprin1,24,64,25,23
Gprin2,0,0,0,0
Gprin3,96,407,151,80
Gps1,438,1076,475,286
Gps2,645,1547,711,436
Gpsm1,65,191,106,54
Gpsm2,9,23,7,6
Gpsm3,10,21,16,2
Gpt,33,94,47,33
Gpt2,50,147,58,40
Gpx1,79,203,98,30
Gpx2,7,8,2,4
Gpx3,24,83,46,11
Gpx4,933,1819,896,439
Gpx5,1,2,1,0
Gpx6,0,27,4,0
Gpx7,34,81,42,14
Gpx8,51,135,43,38
Gramd1a,541,1164,673,411
Gramd1b,265,663,313,161
Gramd1c,12,7,2,7
Gramd2,21,72,42,15
Gramd3,21,40,15,15
Gramd4,67,249,129,42
Grap,7,25,15,3
Grap2,0,1,2,1
Grasp,106,309,140,63
Grb10,191,573,260,169
Grb14,134,179,69,57
Grb2,108,211,99,65
Grb7,8,25,7,12
Grcc10,265,582,240,105
Greb1,3,18,10,1
Greb1l,54,129,69,38
Grem1,15,24,21,13
Grem2,46,151,69,28
Grhl1,38,64,30,23
Grhl2,3,4,4,2
Grhl3,3,1,2,0
Grhpr,68,182,72,48
Gria1,2963,2614,1482,2104
Gria2,16766,38367,17198,11836
Gria3,1158,4149,1951,886
Gria4,198,904,435,170
Grid1,275,482,298,205
Grid2,154,585,291,120
Grid2ip,7,24,11,3
Grifin,0,2,0,0
Grik1,33,77,35,30
Grik2,189,403,195,87
Grik3,105,375,214,77
Grik4,240,261,129,145
Grik5,548,1193,603,279
Grin1,1889,5019,2659,1492
Grin1os,12,40,13,6
Grin2a,3634,5820,2584,2688
Grin2b,10430,20381,9812,7354
Grin2c,93,159,81,42
Grin2d,0,0,2,0
Grin3a,103,323,160,67
Grin3b,1,9,3,1
Grina,3527,6723,3070,2150
Grip1,161,264,147,90
Grip1os1,7,14,5,5
Grip1os2,0,3,0,0
Grip1os3,0,1,0,1
Grip2,39,193,99,44
Gripap1,472,1508,674,409
Grk1,0,0,0,0
Grk4,18,40,32,16
Grk5,6,19,6,3
Grk6,179,327,171,124
Grm1,226,460,234,132
Grm2,118,176,91,79
Grm3,49,381,131,51
Grm4,50,164,77,49
Grm5,3480,6012,3036,2407
Grm6,0,0,0,0
Grm7,318,887,420,221
Grm8,100,373,162,86
Grn,482,1010,569,275
Grp,320,331,83,181
Grpel1,87,191,74,35
Grpel2,43,101,37,21
Grpr,6,8,7,2
Grrp1,24,88,42,7
Grsf1,51,139,61,32
Grtp1,14,29,18,13
Grwd1,33,52,21,14
Grxcr1,0,0,0,0
Grxcr2,0,0,0,0
Gsap,52,108,56,46
Gsc,0,0,0,0
Gsc2,0,0,0,0
Gsdma,0,3,0,0
Gsdma2,0,2,1,0
Gsdma3,0,0,0,0
Gsdmc,0,0,0,0
Gsdmc2,0,0,0,0
Gsdmc3,0,0,0,0
Gsdmc4,0,0,0,0
Gsdmd,11,22,15,7
Gse1,96,135,67,66
Gsg1,5,6,3,1
Gsg1l,101,307,125,58
Gsg1l2,0,0,0,0
Gsg2,0,1,0,1
Gsk3a,89,220,120,51
Gsk3b,490,1158,589,347
Gskip,94,285,126,67
Gsn,418,565,306,172
Gspt1,42,87,49,23
Gspt2,89,206,86,48
Gsr,36,106,68,24
Gss,40,65,33,29
Gssos1,0,0,0,0
Gssos2,1,1,2,1
Gsta1,1,1,0,0
Gsta2,0,2,2,2
Gsta3,22,69,33,6
Gsta4,56,153,66,25
Gstcd,24,55,23,12
Gstk1,18,100,32,24
Gstm1,359,546,297,119
Gstm2,5,21,8,8
Gstm3,0,1,0,0
Gstm4,27,52,25,15
Gstm5,680,1422,575,406
Gstm6,30,43,17,17
Gstm7,49,87,19,33
Gsto1,41,78,38,23
Gsto2,8,10,3,3
Gstp1,404,736,283,170
Gstp2,1,9,3,2
Gstt1,28,131,42,15
Gstt2,13,47,13,7
Gstt3,9,21,13,1
Gstt4,0,0,0,0
Gstz1,69,155,97,42
Gsx1,0,1,1,1
Gsx2,1,4,2,0
Gt(ROSA)26Sor,364,1139,421,211
Gtdc1,98,430,192,54
Gtf2a1,20,37,21,13
Gtf2a1l,2,4,1,0
Gtf2a2,292,825,367,217
Gtf2b,85,200,74,46
Gtf2e1,24,69,26,20
Gtf2e2,18,93,22,17
Gtf2f1,142,391,201,106
Gtf2f2,29,59,26,11
Gtf2h1,56,158,77,35
Gtf2h2,74,164,70,51
Gtf2h3,56,141,66,43
Gtf2h4,297,738,344,192
Gtf2h5,219,623,285,162
Gtf2i,438,1010,546,330
Gtf2ird1,141,468,260,99
Gtf2ird2,47,135,57,44
Gtf3a,57,170,92,45
Gtf3c1,142,353,186,125
Gtf3c2,308,669,346,220
Gtf3c3,94,275,140,67
Gtf3c4,43,119,50,31
Gtf3c5,65,183,65,48
Gtf3c6,37,97,43,31
Gtpbp1,25,56,23,12
Gtpbp10,21,52,28,11
Gtpbp2,848,2167,946,631
Gtpbp3,104,243,128,78
Gtpbp4,171,474,223,90
Gtpbp6,231,651,296,177
Gtpbp8,44,150,70,47
Gtse1,1,1,0,0
Gtsf1,0,5,0,0
Gtsf1l,0,0,0,0
Guca1a,3,1,3,0
Guca1b,4,6,3,2
Guca2a,0,1,1,0
Guca2b,0,0,0,0
Gucd1,36,97,51,20
Gucy1a2,10,67,36,19
Gucy1a3,58,532,235,59
Gucy1b2,1,0,0,0
Gucy1b3,72,229,102,32
Gucy2c,0,1,0,1
Gucy2d,0,0,0,0
Gucy2e,5,20,7,5
Gucy2f,0,1,5,0
Gucy2g,6,35,11,4
Guf1,685,1849,750,479
Guk1,282,652,315,172
Gulo,0,1,1,0
Gulp1,4,23,8,6
Gusb,147,384,176,76
Gvin1,0,0,0,0
Gxylt1,31,131,56,26
Gxylt2,14,51,32,24
Gyg,23,65,34,17
Gykl1,0,0,0,0
Gyltl1b,3,6,0,5
Gypa,0,0,0,0
Gypc,7,17,2,4
Gys1,53,164,81,40
Gys2,0,3,0,0
Gzf1,58,184,73,43
Gzma,0,0,0,0
Gzmb,0,0,0,0
Gzmc,1,0,0,0
Gzmd,0,0,0,0
Gzme,0,0,0,0
Gzmf,0,0,0,0
Gzmg,0,0,0,0
Gzmk,3,5,2,1
Gzmm,10,21,10,4
Gzmn,0,0,0,0
H13,538,1279,585,396
H19,1,0,1,0
H1f0,73,124,48,40
H1fnt,0,0,1,0
H1foo,0,0,0,0
H1fx,26,47,29,13
H2-Aa,106,112,51,6
H2-Ab1,85,114,56,16
H2-D1,908,1493,875,406
H2-DMa,148,255,115,82
H2-DMb1,33,66,24,8
H2-DMb2,2,3,1,1
H2-Eb1,58,77,35,8
H2-Eb2,0,0,0,0
H2-K1,376,580,369,126
H2-Ke6,320,565,258,209
H2-M1,0,0,0,0
H2-M10.1,0,0,0,0
H2-M10.2,1,1,0,0
H2-M10.3,0,0,0,0
H2-M10.4,0,0,0,0
H2-M10.5,0,0,0,0
H2-M10.6,0,0,0,0
H2-M11,0,0,0,0
H2-M2,1,1,1,1
H2-M3,42,145,63,29
H2-M5,10,29,19,7
H2-M9,0,0,0,0
H2-Oa,11,14,2,0
H2-Ob,10,5,3,2
H2-Q1,7,8,1,0
H2-Q10,2,2,4,2
H2-Q2,4,10,4,0
H2-Q4,50,51,28,12
H2-Q6,8,5,6,0
H2-Q7,23,25,10,4
H2-T22,126,378,195,70
H2-T23,67,233,115,41
H2-T24,89,188,70,29
H2-T3,4,2,2,2
H2afb1,0,0,0,0
H2afb2,0,0,0,0
H2afb3,0,0,0,0
H2afj,578,1620,613,303
H2afv,158,400,136,54
H2afx,126,307,104,57
H2afy,258,689,293,154
H2afy2,81,262,118,61
H2afz,842,2246,880,523
H2bfm,0,0,0,0
H3f3a,443,1135,494,258
H3f3aos,8,10,7,1
H3f3b,1077,2446,1096,576
H60b,0,1,0,0
H60c,1,0,0,0
H6pd,27,96,39,12
Haao,1,1,2,2
Habp2,0,1,0,0
Habp4,111,274,141,56
Hacd1,122,359,133,63
Hacd2,278,556,320,180
Hacd3,322,838,406,270
Hacd4,10,28,13,10
Hace1,233,612,334,133
Hacl1,8,26,7,11
Hadh,35,60,20,14
Hadha,276,760,333,226
Hadhb,278,502,249,171
Hagh,274,710,316,154
Haghl,1535,4250,2079,1159
Haglr,11,2,4,6
Hal,0,1,0,0
Halr1,0,0,0,0
Hamp,0,0,0,0
Hamp2,0,0,2,0
Hand1,0,0,1,0
Hand2,0,0,0,0
Hao1,0,2,0,0
Hao2,0,0,0,0
Hap1,680,1144,662,474
Hapln1,76,149,68,53
Hapln2,311,850,268,120
Hapln3,7,14,11,5
Hapln4,235,610,279,218
Harbi1,58,126,60,48
Hars,98,205,105,61
Hars2,143,317,159,87
Has1,16,61,25,13
Has2,1,5,0,1
Has3,1,9,8,2
Hat1,32,87,36,27
Haus1,24,67,48,28
Haus2,39,106,64,32
Haus3,33,113,66,19
Haus4,22,41,16,5
Haus5,47,112,50,38
Haus6,10,32,22,11
Haus7,26,59,33,10
Haus8,50,108,39,45
Havcr1,0,0,0,0
Havcr2,10,19,13,1
Hax1,111,332,154,70
Hba-a1,12,67,7,9
Hba-a2,21,48,10,13
Hba-x,0,0,0,0
Hbb-bh1,0,0,0,0
Hbb-bh2,0,0,0,0
Hbb-bs,21,126,8,6
Hbb-bt,7,24,3,1
Hbb-y,1,1,0,0
Hbegf,65,232,82,36
Hbp1,93,244,100,57
Hbq1a,2,2,1,0
Hbq1b,1,1,0,0
Hbs1l,89,197,132,41
Hc,0,1,1,2
Hcar1,2,6,4,2
Hcar2,7,3,6,0
Hccs,61,103,48,25
Hcfc1,80,185,104,54
Hcfc1r1,281,662,321,148
Hcfc2,71,147,66,31
Hck,6,3,4,0
Hcls1,7,2,8,0
Hcn1,281,582,271,178
Hcn2,163,432,249,107
Hcn3,55,134,72,34
Hcn4,0,2,5,0
Hcrt,4,40,19,1
Hcrtr1,3,21,13,8
Hcrtr2,28,92,33,36
Hcst,10,10,14,0
Hdac1,118,184,121,85
Hdac10,140,355,142,116
Hdac11,349,863,437,229
Hdac2,163,362,169,119
Hdac3,942,2180,1143,767
Hdac4,252,754,398,185
Hdac5,219,477,259,166
Hdac6,139,348,160,100
Hdac7,502,1443,812,344
Hdac8,131,383,159,127
Hdac9,15,37,14,6
Hdc,8,7,0,3
Hddc2,99,233,82,74
Hddc3,41,79,33,19
Hdgf,306,1009,407,207
Hdgfl1,0,1,0,0
Hdgfrp2,432,989,510,341
Hdgfrp3,275,984,375,200
Hdhd1a,0,0,0,0
Hdhd2,83,189,82,37
Hdhd3,7,17,12,5
Hdlbp,138,338,159,103
Hdx,42,122,51,26
Heatr1,31,71,36,16
Heatr3,109,265,126,87
Heatr4,0,3,3,0
Heatr5a,22,21,11,13
Heatr5b,39,85,39,17
Heatr6,141,370,166,98
Heatr9,0,1,1,0
Hebp1,61,86,49,38
Hebp2,4,17,4,2
Heca,5,9,7,1
Hectd1,200,430,207,135
Hectd2,81,138,58,56
Hectd3,140,321,179,110
Hecw1,128,501,215,89
Hecw2,104,559,211,107
Heg1,56,188,84,55
Helb,7,30,19,7
Hells,25,36,24,11
Helq,42,130,52,40
Helt,0,8,1,0
Helz,252,659,364,172
Helz2,6,16,6,4
Hemgn,0,0,0,0
Hemk1,77,183,90,55
Henmt1,1,7,3,3
Hepacam,187,467,209,150
Hepacam2,0,5,1,1
Heph,4,10,6,4
Hephl1,0,0,0,0
Herc1,719,1852,966,516
Herc2,391,851,388,273
Herc3,94,266,136,68
Herc4,79,276,113,42
Herc6,21,159,82,15
Herpud1,369,957,406,202
Herpud2,174,373,175,111
Hes1,399,808,381,280
Hes2,1,0,0,0
Hes3,1,4,3,0
Hes5,86,552,190,121
Hes6,94,234,103,62
Hes7,23,47,17,24
Hesx1,0,0,0,0
Hexa,620,1246,656,339
Hexb,1017,2401,1169,335
Hexdc,311,763,376,176
Hexim1,34,69,29,26
Hexim2,11,38,9,6
Hey1,44,104,41,24
Hey2,9,18,6,3
Heyl,2,22,6,2
Hfe,35,60,26,17
Hfe2,0,6,1,0
Hfm1,20,23,12,11
Hgd,1,0,1,0
Hgf,10,84,26,5
Hgfac,0,0,0,0
Hgh1,76,174,91,64
Hgs,306,537,337,195
Hgsnat,229,649,229,167
Hhat,20,28,23,12
Hhatl,69,276,132,71
Hhex,10,26,13,1
Hhip,11,49,12,8
Hhipl1,3,7,2,1
Hhipl2,1,6,0,0
Hhla1,0,0,1,0
Hiat1,398,894,408,312
Hiatl1,125,316,128,69
Hibadh,94,211,116,48
Hibch,65,160,82,54
Hic1,8,24,12,5
Hic2,61,153,67,35
Hid1,147,321,168,104
Hif1a,181,397,203,82
Hif1an,105,283,134,86
Hif3a,3,22,7,7
Higd1a,404,1343,534,251
Higd1b,9,63,27,5
Higd1c,0,0,0,0
Higd2a,419,1146,443,259
Hilpda,38,132,38,28
Hils1,0,0,0,0
Hinfp,9,17,9,5
Hint1,580,1276,632,280
Hint2,205,576,249,122
Hint3,70,214,98,48
Hip1,104,388,152,58
Hip1r,83,340,166,93
Hipk1,156,366,178,85
Hipk2,90,210,93,63
Hipk3,66,129,70,26
Hipk4,81,173,83,98
Hira,49,118,45,31
Hirip3,185,379,191,124
Hist1h1a,0,2,0,0
Hist1h1b,0,0,0,0
Hist1h1c,151,493,161,83
Hist1h1d,0,0,0,0
Hist1h1e,1,2,0,0
Hist1h1t,0,0,0,0
Hist1h2aa,0,0,0,0
Hist1h2ab,0,0,0,0
Hist1h2ac,0,0,0,0
Hist1h2ad,0,1,0,0
Hist1h2ae,1,2,0,0
Hist1h2af,0,0,0,0
Hist1h2ag,0,0,0,0
Hist1h2ah,0,0,0,0
Hist1h2ai,0,1,0,1
Hist1h2ak,0,0,0,0
Hist1h2al,3,1,0,1
Hist1h2an,0,0,0,0
Hist1h2ao,0,0,1,0
Hist1h2ap,7,27,11,3
Hist1h2ba,0,0,0,0
Hist1h2bb,0,1,0,0
Hist1h2bc,226,232,141,69
Hist1h2be,23,32,18,19
Hist1h2bf,0,0,0,0
Hist1h2bg,1,0,0,1
Hist1h2bh,0,1,0,0
Hist1h2bj,0,1,0,0
Hist1h2bk,0,0,0,0
Hist1h2bl,0,0,0,0
Hist1h2bm,0,0,0,0
Hist1h2bn,0,0,0,0
Hist1h2bp,0,0,0,0
Hist1h2bq,0,0,0,0
Hist1h2br,0,0,0,0
Hist1h3a,0,1,0,0
Hist1h3b,0,0,0,0
Hist1h3c,0,0,0,0
Hist1h3d,0,1,0,0
Hist1h3e,1,0,1,0
Hist1h3f,0,0,0,0
Hist1h3g,0,0,0,0
Hist1h3h,0,0,0,0
Hist1h3i,0,0,0,0
Hist1h4a,0,1,0,0
Hist1h4b,1,1,0,0
Hist1h4c,1,2,2,1
Hist1h4d,2,2,0,2
Hist1h4f,0,0,1,0
Hist1h4h,25,11,11,8
Hist1h4i,37,57,27,15
Hist1h4j,3,1,1,1
Hist1h4k,0,0,0,0
Hist1h4m,0,1,0,0
Hist1h4n,1,2,1,0
Hist2h2aa1,63,70,36,10
Hist2h2aa2,0,0,0,0
Hist2h2ab,1,1,0,1
Hist2h2ac,1,2,1,0
Hist2h2bb,4,49,14,2
Hist2h2bb-1,0,0,0,0
Hist2h2be,19,46,19,8
Hist2h3b,0,0,0,0
Hist2h3c1,5,11,5,2
Hist2h3c2,12,6,5,4
Hist2h4,17,34,13,13
Hist3h2a,232,580,203,130
Hist3h2ba,224,687,256,147
Hist4h4,8,18,16,9
Hivep1,26,119,46,28
Hivep2,1216,3287,1273,983
Hivep3,301,799,376,218
Hjurp,155,618,262,127
Hk1,161,445,183,117
Hk1os,3,16,8,5
Hk2,48,73,35,11
Hk3,3,5,1,0
Hkdc1,14,48,29,0
Hlcs,7,46,19,11
Hlf,81,232,106,67
Hltf,160,398,217,135
Hlx,3,6,4,1
Hmbox1,276,663,297,174
Hmbs,314,706,313,237
Hmces,59,143,58,30
Hmcn1,31,100,58,8
Hmcn2,0,5,2,0
Hmg20a,50,187,67,55
Hmg20b,162,486,238,135
Hmga1,12,20,8,11
Hmga1-rs1,2,2,6,1
Hmga2,3,6,4,5
Hmgb1,443,880,491,249
Hmgb2,19,70,23,5
Hmgb3,22,85,34,21
Hmgb4,3,20,8,2
Hmgb4os,0,0,0,0
Hmgcl,99,295,109,74
Hmgcll1,41,173,55,28
Hmgcr,563,1682,744,344
Hmgcs1,139,371,179,68
Hmgcs2,7,17,3,2
Hmgn1,190,429,220,119
Hmgn2,104,264,130,55
Hmgn3,1260,3253,1422,823
Hmgn5,31,44,22,12
Hmgxb3,37,87,61,28
Hmgxb4,79,307,142,69
Hmha1,98,236,82,19
Hmmr,0,5,2,1
Hmox1,26,12,9,6
Hmox2,70,184,87,50
Hmx1,0,0,0,0
Hmx2,0,0,0,0
Hmx3,0,0,0,0
Hn1,295,790,388,210
Hn1l,4,12,7,6
Hnf1a,1,0,0,0
Hnf1aos1,0,2,0,0
Hnf1aos2,0,0,0,0
Hnf1b,0,2,2,0
Hnf4a,0,0,0,0
Hnf4aos,0,0,0,0
Hnf4g,3,17,4,3
Hnmt,112,369,105,73
Hnrnpa0,50,126,58,29
Hnrnpa1,120,323,146,73
Hnrnpa2b1,1169,2935,1360,801
Hnrnpa3,1352,3209,1478,973
Hnrnpab,56,162,50,33
Hnrnpc,151,386,158,101
Hnrnpd,123,256,120,74
Hnrnpdl,1220,3055,1400,760
Hnrnpf,166,396,196,99
Hnrnph1,475,1195,553,306
Hnrnph2,229,732,253,163
Hnrnph3,428,1128,581,336
Hnrnpk,551,1290,643,348
Hnrnpl,770,1967,929,598
Hnrnpll,184,515,217,160
Hnrnpm,719,2134,1004,575
Hnrnpr,1247,2780,1466,1085
Hnrnpu,317,730,381,170
Hnrnpul1,129,284,176,115
Hnrnpul2,108,247,101,68
Hoga1,13,7,8,4
Homer1,206,1010,479,158
Homer2,238,474,173,131
Homer3,71,27,18,36
Homez,11,26,15,7
Hook1,680,2157,933,443
Hook2,195,487,255,125
Hook3,156,488,212,107
Hopx,19,14,10,13
Hopxos,0,2,0,0
Hormad1,0,0,0,0
Hormad2,0,0,0,0
Hotair,0,0,0,0
Hotairm1,0,3,2,0
Hottip,0,0,0,0
Hoxa1,0,1,0,1
Hoxa10,0,0,0,0
Hoxa11,0,0,0,0
Hoxa13,0,0,0,0
Hoxa2,0,0,0,0
Hoxa3,0,0,0,0
Hoxa4,0,0,0,0
Hoxa5,1,1,0,0
Hoxa6,0,0,0,0
Hoxa7,0,1,1,1
Hoxa9,0,0,0,0
Hoxaas3,1,6,0,0
Hoxb1,0,2,1,0
Hoxb13,0,0,0,0
Hoxb2,0,0,0,0
Hoxb3,0,1,0,0
Hoxb3os,0,0,0,0
Hoxb4,1,2,0,0
Hoxb5,0,0,0,0
Hoxb5os,0,0,0,0
Hoxb6,1,0,0,0
Hoxb7,0,0,0,0
Hoxb8,0,0,0,0
Hoxb9,0,1,0,0
Hoxc10,0,0,0,0
Hoxc11,0,0,0,0
Hoxc12,0,0,0,0
Hoxc13,0,0,0,0
Hoxc4,0,0,0,0
Hoxc5,0,0,0,0
Hoxc6,0,1,0,0
Hoxc8,1,0,2,0
Hoxc9,0,1,1,1
Hoxd1,0,0,0,0
Hoxd10,0,0,0,0
Hoxd11,0,0,1,0
Hoxd12,0,0,0,0
Hoxd13,0,0,0,0
Hoxd3,0,0,0,0
Hoxd3os1,0,0,0,0
Hoxd4,1,0,0,0
Hoxd8,0,0,0,0
Hoxd9,0,0,0,0
Hp,1,3,0,0
Hp1bp3,210,658,269,148
Hpca,480,479,268,298
Hpcal1,33,85,32,18
Hpcal4,165,404,239,91
Hpd,0,0,0,0
Hpdl,4,3,2,6
Hpgd,8,9,13,2
Hpgds,360,850,371,266
Hpn,10,17,7,5
Hprt,159,445,209,85
Hps1,204,401,209,141
Hps3,74,181,65,35
Hps4,185,505,213,141
Hps5,79,175,94,93
Hps6,5,17,10,5
Hpse,6,17,9,4
Hpse2,0,1,0,0
Hpx,1,7,3,1
Hr,5,26,17,4
Hras,116,283,140,61
Hrasls,9,57,26,7
Hrasls5,0,0,0,0
Hrc,0,2,0,1
Hrct1,5,26,11,1
Hrg,1,1,0,0
Hrh1,35,232,120,52
Hrh2,5,17,5,2
Hrh3,137,587,328,102
Hrh4,0,0,0,0
Hrk,76,126,68,23
Hrnr,0,1,1,0
Hrsp12,177,164,118,55
Hs1bp3,24,60,34,12
Hs2st1,151,424,189,97
Hs3st1,192,610,251,121
Hs3st2,18,168,71,20
Hs3st3a1,6,14,6,2
Hs3st3b1,1,9,1,2
Hs3st4,108,282,85,49
Hs3st5,5,48,18,4
Hs3st6,2,6,0,1
Hs6st1,70,105,74,37
Hs6st2,151,465,209,136
Hs6st3,6,8,6,6
Hsbp1,369,949,378,188
Hsbp1l1,5,20,11,3
Hscb,21,53,24,11
Hsd11b1,285,329,117,254
Hsd11b2,1,0,0,0
Hsd17b1,2,1,0,1
Hsd17b10,72,134,77,44
Hsd17b11,90,235,76,59
Hsd17b12,549,1295,622,399
Hsd17b13,1,1,1,0
Hsd17b14,0,13,1,2
Hsd17b2,2,3,1,5
Hsd17b3,0,0,0,0
Hsd17b4,67,141,63,42
Hsd17b6,0,0,0,0
Hsd17b7,48,122,51,21
Hsd3b1,0,1,1,1
Hsd3b2,32,26,13,43
Hsd3b3,9,24,14,11
Hsd3b4,0,0,0,0
Hsd3b5,0,0,0,0
Hsd3b6,0,1,0,0
Hsd3b7,9,7,6,6
Hsdl1,64,160,54,39
Hsdl2,51,65,42,20
Hsf1,238,586,289,163
Hsf2,101,213,115,68
Hsf2bp,1,5,4,0
Hsf3,0,0,0,0
Hsf4,58,234,129,56
Hsf5,45,102,61,45
Hsfy2,0,0,0,0
Hsh2d,1,0,0,0
Hsp90aa1,1085,2814,1128,734
Hsp90ab1,1711,4264,1697,1220
Hsp90b1,1855,4586,2109,1399
Hspa12a,145,310,127,66
Hspa12b,13,24,13,4
Hspa13,126,342,155,78
Hspa14,61,139,96,34
Hspa1a,15,46,12,16
Hspa1b,4,4,6,2
Hspa1l,1,0,0,2
Hspa2,82,156,66,42
Hspa4,97,245,124,56
Hspa4l,284,748,387,176
Hspa5,2059,4294,2164,1423
Hspa8,1385,3759,1554,965
Hspa9,191,379,188,106
Hspb1,64,266,65,19
Hspb11,60,145,57,42
Hspb2,5,21,3,2
Hspb3,9,111,32,4
Hspb6,12,21,12,7
Hspb7,1,6,4,4
Hspb8,13,25,6,4
Hspb9,0,1,0,0
Hspbap1,14,42,10,8
Hspbp1,73,170,92,48
Hspd1,156,321,172,103
Hspe1,279,575,297,137
Hspg2,14,38,17,3
Hsph1,130,294,145,100
Htatip2,52,210,85,32
Htatsf1,82,182,78,50
Htr1a,50,57,17,24
Htr1b,23,88,39,25
Htr1d,1,20,9,1
Htr1f,105,562,262,109
Htr2a,5,20,6,3
Htr2b,3,7,5,2
Htr2c,131,370,171,190
Htr3a,81,79,38,49
Htr3b,0,0,0,0
Htr4,19,9,6,11
Htr5a,17,43,27,19
Htr5b,23,13,6,14
Htr6,19,29,9,8
Htr7,19,26,20,12
Htra1,686,1737,776,691
Htra2,513,1198,630,359
Htra3,13,26,12,8
Htra4,0,1,0,0
Htt,454,1085,550,315
Hunk,27,47,23,15
Hus1,29,59,43,23
Hus1b,2,1,0,0
Huwe1,703,1617,797,469
Hvcn1,17,37,21,3
Hyal1,212,497,174,145
Hyal2,62,160,61,48
Hyal3,14,54,31,15
Hyal4,0,0,0,0
Hyal5,0,0,0,0
Hyal6,0,0,0,0
Hydin,4,6,0,1
Hykk,50,80,35,35
Hyls1,13,19,11,12
Hyou1,146,324,182,118
Hypk,169,448,260,151
Hypm,0,2,0,0
I0C0044D17Rik,0,0,0,0
I830077J02Rik,6,14,6,3
I830134H01Rik,0,2,3,0
Iah1,55,247,88,47
Iapp,0,0,0,0
Iars,131,280,158,68
Iars2,68,164,90,52
Iba57,9,29,9,7
Ibsp,3,5,0,0
Ibtk,35,94,43,27
Ica1,147,362,177,82
Ica1l,26,74,29,15
Icam1,11,28,15,6
Icam2,12,53,35,10
Icam4,4,16,8,2
Icam5,1538,1897,880,1056
Ice1,158,636,225,107
Ice2,68,154,80,42
Ick,71,159,81,39
Icmt,116,310,148,69
Icos,1,1,0,2
Icosl,29,24,11,14
Ict1,113,312,147,77
Ict1os,13,29,17,14
Id1,96,415,135,55
Id2,368,1076,499,212
Id3,357,1136,334,195
Id4,141,304,128,83
Ide,94,240,131,59
Idh1,32,70,40,15
Idh2,191,480,222,158
Idh3a,97,279,101,73
Idh3b,721,1519,777,516
Idh3g,988,2778,1311,776
Idi1,68,173,74,30
Idi2,10,8,2,5
Idnk,41,119,60,28
Ido1,0,17,4,1
Ido2,9,14,4,1
Ids,217,530,264,99
Idua,72,156,76,48
Ier2,47,182,41,19
Ier3,71,289,127,25
Ier3ip1,607,2133,640,301
Ier5,86,537,188,90
Ier5l,34,203,82,28
Iffo1,371,956,471,259
Iffo2,28,80,34,18
Ifi202b,0,0,0,0
Ifi203,22,15,5,15
Ifi204,3,3,5,1
Ifi205,0,0,0,0
Ifi27,965,1270,729,467
Ifi27l2a,43,38,41,13
Ifi27l2b,0,9,1,0
Ifi30,34,86,37,16
Ifi35,42,70,31,10
Ifi44,5,6,1,0
Ifi44l,0,0,0,0
Ifi47,3,7,3,1
Ifih1,10,10,12,4
Ifit1,43,51,42,13
Ifit1bl1,2,9,7,3
Ifit1bl2,1,9,3,0
Ifit2,11,13,6,1
Ifit3,45,55,33,12
Ifit3b,18,17,18,4
Ifitm1,18,87,25,12
Ifitm10,48,145,67,33
Ifitm2,96,324,93,41
Ifitm3,243,455,189,49
Ifitm5,1,2,1,0
Ifitm6,1,2,1,0
Ifitm7,34,69,44,15
Ifna1,0,0,0,0
Ifna11,0,0,0,0
Ifna12,0,0,0,0
Ifna13,0,0,0,0
Ifna14,0,0,0,0
Ifna15,0,0,0,0
Ifna16,0,0,0,0
Ifna2,0,0,0,0
Ifna4,0,0,0,0
Ifna5,0,0,0,0
Ifna6,0,0,0,0
Ifna7,0,0,0,0
Ifna9,0,0,0,0
Ifnab,0,0,0,0
Ifnar1,169,474,225,115
Ifnar2,150,260,131,103
Ifnb1,0,0,0,0
Ifne,0,0,0,0
Ifng,0,0,0,0
Ifngr1,132,453,194,105
Ifngr2,216,288,127,111
Ifnk,0,1,0,0
Ifnl2,0,0,0,0
Ifnl3,0,0,0,0
Ifnlr1,2,1,0,1
Ifnz,0,0,0,0
Ifrd1,107,279,107,67
Ifrd2,98,301,143,80
Ift122,294,861,317,246
Ift140,108,239,132,94
Ift172,140,352,198,130
Ift20,976,2812,1208,732
Ift22,70,256,102,47
Ift27,56,138,43,28
Ift43,90,282,116,55
Ift46,115,315,132,75
Ift52,44,116,61,25
Ift57,125,341,141,107
Ift74,51,170,101,41
Ift80,53,99,44,44
Ift81,187,563,229,142
Ift88,74,267,105,61
Ift88os,1,1,1,0
Igbp1,81,161,85,28
Igbp1b,0,0,0,1
Igdcc3,12,8,7,5
Igdcc4,88,162,78,55
Igf1,81,150,98,25
Igf1os,0,1,0,0
Igf1r,329,951,452,170
Igf2,57,122,52,24
Igf2bp1,1,3,0,0
Igf2bp2,4,11,5,2
Igf2bp3,2369,5552,2901,2016
Igf2os,1,1,0,0
Igf2r,198,398,193,119
Igfals,1,2,0,0
Igfbp1,3,0,1,1
Igfbp2,420,924,583,338
Igfbp3,34,45,24,26
Igfbp4,251,592,299,195
Igfbp5,775,787,382,282
Igfbp6,127,791,313,129
Igfbp7,349,1184,561,126
Igfbpl1,31,37,28,38
Igfl3,0,0,0,0
Igflr1,0,1,1,2
Igfn1,6,184,90,13
Ighmbp2,143,382,151,94
Igll1,0,0,0,0
Iglon5,152,364,167,73
Igsf1,29,38,23,16
Igsf10,17,14,15,3
Igsf11,153,299,147,107
Igsf21,106,510,219,76
Igsf23,0,0,0,0
Igsf3,272,498,269,253
Igsf5,1,2,2,1
Igsf6,3,13,7,2
Igsf8,1389,3146,1596,1149
Igsf9,41,168,82,28
Igsf9b,2,17,9,4
Igtp,24,64,29,3
Ihh,0,3,0,0
Iigp1,11,8,7,2
Ik,214,522,264,144
Ikbip,140,416,172,120
Ikbkap,110,253,133,78
Ikbkb,353,945,441,256
Ikbke,4,10,4,1
Ikbkg,17,38,17,8
Ikzf1,9,8,3,1
Ikzf2,141,202,100,109
Ikzf3,0,3,0,0
Ikzf4,62,139,59,28
Ikzf5,100,334,161,95
Il10,0,0,0,0
Il10ra,2,21,6,2
Il10rb,47,142,61,27
Il11,5,17,8,7
Il11ra1,148,369,185,76
Il11ra2,0,0,0,0
Il11ra2-1,0,0,0,0
Il11ra2-2,0,0,0,0
Il12a,14,81,36,3
Il12b,0,1,0,0
Il12rb1,1,0,0,0
Il12rb2,1,1,1,1
Il13,0,0,0,0
Il13ra1,20,57,27,10
Il13ra2,11,5,9,0
Il15,6,14,3,2
Il15ra,41,124,58,28
Il16,22,10,6,7
Il17a,0,0,0,0
Il17b,2,11,2,2
Il17c,0,0,0,0
Il17d,28,95,38,23
Il17f,0,1,0,1
Il17ra,65,312,155,54
Il17rb,2,7,5,3
Il17rc,19,77,20,10
Il17rd,23,27,16,11
Il17re,39,128,57,22
Il18,73,229,75,51
Il18bp,19,52,20,13
Il18r1,1,0,0,0
Il18rap,0,0,0,0
Il19,0,0,0,0
Il1a,0,2,0,0
Il1b,0,4,0,0
Il1bos,0,0,0,0
Il1f10,0,0,0,0
Il1f5,0,1,0,1
Il1f6,0,0,0,0
Il1f8,0,0,0,0
Il1f9,0,0,0,0
Il1r1,27,11,6,12
Il1r2,5,13,0,4
Il1rap,486,724,300,299
Il1rapl1,729,3219,1661,720
Il1rapl2,63,226,88,52
Il1rl1,1,1,0,0
Il1rl2,1,2,2,0
Il1rn,2,0,0,0
Il2,6,8,9,3
Il20,0,0,0,0
Il20ra,0,6,6,0
Il20rb,21,10,1,12
Il21,0,0,0,0
Il21r,8,17,8,3
Il22,0,5,4,5
Il22ra1,0,0,0,0
Il22ra2,0,0,0,1
Il23a,0,0,0,0
Il23r,0,0,0,0
Il24,0,0,0,0
Il25,1,2,0,3
Il27,0,0,0,0
Il27ra,3,0,1,2
Il2ra,0,2,0,0
Il2rb,0,1,0,0
Il2rg,3,13,10,0
Il3,0,0,1,0
Il31,0,1,0,0
Il31ra,0,3,2,0
Il33,47,76,33,22
Il34,178,763,290,109
Il3ra,26,35,25,6
Il4,1,5,0,0
Il4i1,7,7,13,1
Il4ra,18,50,17,7
Il5,1,4,0,1
Il5ra,7,33,17,8
Il6,1,1,0,0
Il6ra,47,55,24,11
Il6st,164,348,148,89
Il7,0,1,0,0
Il7r,2,3,0,0
Il9,0,0,0,0
Il9r,0,0,0,0
Ildr1,2,12,4,4
Ildr2,296,748,389,165
Ilf2,854,2278,1050,677
Ilf3,129,306,142,79
Ilk,226,578,244,168
Ilkap,173,427,208,110
Iltifb,0,2,2,1
Ilvbl,298,905,343,198
Immp1l,52,120,49,20
Immp2l,34,106,29,22
Immt,348,939,394,224
Imp3,139,510,174,82
Imp4,101,284,153,77
Impa1,62,172,82,51
Impa2,7,34,15,9
Impact,525,1331,567,400
Impad1,261,752,333,156
Impdh1,142,305,189,92
Impdh2,106,228,98,66
Impg1,0,3,2,0
Impg2,4,4,4,2
Ina,288,756,317,177
Inadl,21,61,30,14
Inafm1,155,469,186,87
Inafm2,54,79,45,32
Inca1,13,10,5,6
Incenp,26,151,76,19
Inf2,157,580,287,74
Ing1,38,120,51,21
Ing2,91,381,173,61
Ing3,90,189,81,57
Ing4,902,2471,1035,703
Ing5,18,58,30,15
Inha,132,447,217,95
Inhba,35,157,59,17
Inhbb,20,41,26,21
Inhbc,0,0,0,0
Inhbe,0,6,2,1
Inip,64,169,78,64
Inmt,4,6,2,3
Ino80,60,144,61,30
Ino80b,239,761,363,242
Ino80c,14,33,15,9
Ino80d,547,1288,621,452
Ino80dos,20,57,31,22
Ino80e,128,323,143,70
Inpp1,100,282,139,70
Inpp4a,452,1061,632,376
Inpp4b,131,292,141,102
Inpp5a,21,73,31,18
Inpp5b,141,248,144,93
Inpp5d,11,36,12,1
Inpp5e,135,342,175,116
Inpp5f,111,320,127,98
Inpp5j,300,442,215,232
Inpp5k,147,348,141,110
Inppl1,23,85,40,17
Ins1,1,1,0,0
Ins2,1,3,2,5
Insc,9,10,6,3
Insig1,276,660,363,173
Insig2,319,701,263,210
Insl3,0,0,0,0
Insl5,7,21,13,11
Insl6,1,7,6,1
Insm1,19,30,22,5
Insm2,1,3,2,0
Insr,174,472,194,130
Insrr,0,6,0,0
Ints1,154,371,180,90
Ints10,126,414,190,83
Ints12,19,61,26,23
Ints2,124,302,173,85
Ints3,361,708,411,266
Ints4,57,126,55,23
Ints5,15,35,17,6
Ints6,95,153,84,62
Ints7,60,243,118,40
Ints8,48,120,57,33
Ints9,30,77,34,13
Intu,40,73,27,15
Invs,92,254,111,62
Ip6k1,281,569,282,224
Ip6k2,272,538,258,150
Ip6k3,6,3,9,1
Ipcef1,37,298,175,36
Ipmk,46,56,31,17
Ipo11,80,201,105,43
Ipo13,164,276,173,91
Ipo4,384,844,463,239
Ipo5,56,142,84,37
Ipo7,126,244,138,63
Ipo8,130,332,196,108
Ipo9,94,226,114,74
Ipp,5,15,15,7
Ippk,34,67,20,21
Iqca,2,4,1,0
Iqcb1,115,354,136,106
Iqcc,84,224,101,65
Iqcd,7,10,5,2
Iqce,204,496,291,151
Iqcf1,0,0,0,0
Iqcf3,0,1,0,0
Iqcf4,0,1,0,0
Iqcf5,0,0,0,0
Iqcf6,0,0,0,0
Iqcg,10,25,14,7
Iqch,7,27,12,13
Iqcj,92,158,111,54
Iqck,20,62,18,12
Iqgap1,328,834,400,219
Iqgap2,187,185,126,117
Iqgap3,1,1,1,0
Iqsec1,167,418,241,115
Iqsec2,134,233,131,89
Iqsec3,364,809,432,223
Iqub,8,13,6,1
Irak1,326,697,346,244
Irak1bp1,98,172,57,51
Irak2,22,52,21,17
Irak3,1,10,2,1
Irak4,11,8,5,1
Ireb2,65,148,77,16
Irf1,26,53,27,11
Irf2,93,317,174,88
Irf2bp1,23,53,21,9
Irf2bp2,63,147,59,28
Irf2bpl,139,435,164,90
Irf3,367,1092,442,254
Irf4,2,0,0,0
Irf5,5,19,14,1
Irf6,3,5,1,3
Irf7,23,23,16,2
Irf8,53,88,59,7
Irf9,86,77,61,25
Irg1,0,0,0,0
Irgc1,1,1,0,0
Irgm1,29,32,30,5
Irgm2,5,9,3,1
Irgq,32,96,44,15
Irs1,16,43,27,12
Irs2,40,76,44,24
Irs3,3,9,3,2
Irs4,0,2,0,1
Irx1,0,0,0,1
Irx2,0,1,0,0
Irx3,0,4,1,0
Irx3os,0,0,0,0
Irx4,0,0,0,0
Irx5,0,0,2,0
Irx6,1,0,1,0
Isca1,48,167,64,46
Isca2,258,575,265,164
Iscu,333,722,346,228
Isg15,49,53,44,12
Isg20,3,10,3,0
Isg20l2,27,54,22,25
Isl1,9,60,15,6
Isl2,0,0,0,0
Islr,49,122,57,49
Islr2,356,566,235,258
Ism1,7,36,8,9
Ism2,1,0,0,1
Isoc1,4,15,6,2
Isoc2a,8,8,10,2
Isoc2b,30,72,35,15
Ispd,13,43,15,8
Ist1,137,340,171,87
Isx,0,0,0,0
Isy1,32,151,59,42
Isyna1,241,790,393,185
Itch,520,1371,624,439
Itfg1,849,2303,937,629
Itfg2,258,779,332,236
Itga1,10,12,7,1
Itga10,37,81,38,23
Itga11,44,71,55,26
Itga2,2,6,3,5
Itga2b,17,68,26,19
Itga3,49,109,48,38
Itga4,197,258,119,99
Itga5,9,65,30,7
Itga6,89,232,113,55
Itga7,100,95,37,37
Itga8,125,121,62,40
Itga9,5,44,10,9
Itgad,2,1,2,0
Itgae,3,4,0,0
Itgal,1,0,2,4
Itgam,22,29,25,4
Itgam-1,0,0,1,0
Itgav,172,653,298,120
Itgax,11,0,21,0
Itgb1,141,383,184,92
Itgb1bp1,25,92,54,19
Itgb1bp2,8,21,13,2
Itgb2,18,21,20,5
Itgb2l,0,1,0,1
Itgb3,5,20,7,0
Itgb3bp,28,45,26,11
Itgb4,28,84,33,25
Itgb5,105,159,80,33
Itgb6,0,0,1,0
Itgb7,9,10,1,3
Itgb8,146,320,148,86
Itgbl1,21,71,20,20
Itih1,0,0,0,0
Itih2,7,22,12,3
Itih3,72,244,198,83
Itih4,0,2,0,0
Itih5,52,165,93,26
Itk,1,1,2,0
Itln1,0,0,0,0
Itm2a,288,1014,394,108
Itm2b,10138,20454,7989,7026
Itm2c,4938,10323,4595,3328
Itpa,100,276,122,64
Itpk1,78,116,71,44
Itpka,190,416,165,115
Itpkb,84,124,63,48
Itpkc,11,25,15,8
Itpr1,638,2158,964,403
Itpr2,88,157,97,56
Itpr3,19,43,16,11
Itpr3os,0,0,0,0
Itpripl1,6,13,2,6
Itpripl2,12,22,15,4
Itsn1,152,335,154,90
Itsn2,82,207,104,61
Ivd,100,216,89,80
Ivl,0,0,0,0
Ivns1abp,138,610,250,85
Iws1,119,323,146,79
Iyd,28,0,0,13
Izumo1,0,0,0,0
Izumo1r,0,2,0,0
Izumo2,0,0,0,0
Izumo3,0,0,0,0
Izumo4,784,1675,870,564
Jade1,72,250,151,53
Jade2,35,93,48,21
Jade3,11,48,21,9
Jag1,33,84,27,31
Jag2,26,69,41,27
Jagn1,335,949,362,221
Jak1,336,504,224,231
Jak2,29,68,37,15
Jak3,7,17,14,2
Jakmip1,843,2562,1364,653
Jakmip2,177,435,200,134
Jakmip3,97,249,118,56
Jam2,45,156,63,37
Jam3,498,1492,579,284
Jarid2,99,322,144,103
Jazf1,5,14,4,5
Jchain,5,13,7,7
Jdp2,8,18,14,5
Jkamp,457,1403,487,309
Jmjd1c,520,1117,565,341
Jmjd4,13,21,11,8
Jmjd6,166,509,217,102
Jmjd7,12,20,14,13
Jmjd8,271,540,290,287
Jmy,42,87,49,25
Josd1,68,236,92,48
Josd2,720,1509,730,503
Jph1,238,376,170,133
Jph2,1,7,1,1
Jph3,133,246,125,77
Jph4,715,1664,724,425
Jpx,33,67,29,19
Jrk,3,20,7,7
Jrkl,19,42,23,12
Jsrp1,17,127,59,13
Jtb,299,818,336,205
Jun,192,230,91,115
Junb,196,1238,376,157
Jund,156,529,204,97
Junos,2,4,2,4
Jup,38,179,76,31
K230010J24Rik,13,37,19,7
Kalrn,2367,6089,2691,1855
Kank1,22,38,15,11
Kank2,11,30,11,11
Kank3,157,357,192,98
Kank4,3,10,5,5
Kank4os,0,0,2,3
Kansl1,138,448,210,122
Kansl1l,165,395,145,104
Kansl2,131,303,143,68
Kansl3,427,1182,545,354
Kantr,51,135,70,58
Kap,0,0,0,0
Kars,42,95,52,19
Kat2a,265,595,322,178
Kat2b,32,70,18,14
Kat5,90,290,125,53
Kat6a,51,121,52,27
Kat6b,142,368,150,94
Kat7,68,160,79,42
Kat8,47,105,57,32
Katna1,102,280,127,68
Katnal1,76,177,92,43
Katnal2,30,75,31,15
Katnb1,124,301,165,79
Katnbl1,132,424,188,86
Kazald1,29,182,90,20
Kazn,18,90,49,24
Kbtbd11,200,232,99,113
Kbtbd12,0,3,2,1
Kbtbd13,0,1,0,0
Kbtbd2,32,85,23,21
Kbtbd3,28,78,21,8
Kbtbd4,38,93,37,17
Kbtbd6,0,1,1,0
Kbtbd7,20,30,23,14
Kbtbd8,14,31,24,14
Kbtbd8os,0,2,0,0
Kcmf1,87,179,88,49
Kcna1,963,3096,1181,626
Kcna10,0,2,0,0
Kcna2,236,905,438,203
Kcna3,4,4,4,0
Kcna4,128,327,112,88
Kcna5,10,61,28,3
Kcna6,211,670,310,121
Kcna7,2,5,2,0
Kcnab1,181,505,198,162
Kcnab2,225,293,174,103
Kcnab3,73,275,115,48
Kcnab3os,3,6,3,2
Kcnb1,316,1196,517,256
Kcnb2,166,420,162,105
Kcnc1,797,2198,1005,464
Kcnc2,178,449,184,106
Kcnc3,711,944,459,367
Kcnc4,84,190,95,56
Kcnd1,34,77,32,13
Kcnd2,327,642,291,209
Kcnd3,228,369,211,122
Kcnd3os,7,13,9,2
Kcne1,0,0,0,0
Kcne1l,24,40,24,5
Kcne2,11,5,0,15
Kcne3,0,1,1,0
Kcne4,6,13,4,1
Kcnf1,146,728,362,138
Kcng1,87,131,62,48
Kcng2,75,74,37,32
Kcng3,0,0,5,1
Kcng4,7,9,9,3
Kcnh1,175,788,359,103
Kcnh2,54,168,88,35
Kcnh3,223,832,426,188
Kcnh4,10,182,65,17
Kcnh5,15,110,55,24
Kcnh6,10,36,16,10
Kcnh7,365,1770,864,293
Kcnh8,5,18,6,13
Kcnip1,30,107,52,24
Kcnip2,323,596,263,178
Kcnip3,201,644,266,130
Kcnip4,685,2149,867,592
Kcnj1,0,0,0,0
Kcnj10,128,196,135,51
Kcnj11,2,1,0,0
Kcnj12,21,81,34,15
Kcnj13,240,360,176,246
Kcnj14,1,1,1,1
Kcnj15,1,2,0,0
Kcnj16,31,63,35,28
Kcnj2,30,95,43,13
Kcnj3,311,632,321,199
Kcnj4,270,885,426,148
Kcnj5,2,3,3,0
Kcnj6,104,185,88,86
Kcnj8,21,75,46,5
Kcnj9,420,1569,720,355
Kcnk1,704,1630,693,508
Kcnk10,28,33,16,12
Kcnk12,122,296,126,86
Kcnk13,34,104,39,14
Kcnk15,0,8,5,1
Kcnk16,0,0,0,0
Kcnk18,0,0,0,0
Kcnk2,606,3226,1172,481
Kcnk3,67,246,137,43
Kcnk4,32,142,67,17
Kcnk5,2,9,2,2
Kcnk6,6,20,14,1
Kcnk7,2,7,5,1
Kcnk9,1,4,3,2
Kcnma1,451,1390,660,329
Kcnmb1,3,4,1,3
Kcnmb2,31,50,23,18
Kcnmb3,0,0,0,1
Kcnmb4,110,324,136,75
Kcnmb4os1,0,0,2,0
Kcnmb4os2,26,89,34,18
Kcnn1,34,51,42,16
Kcnn2,680,1080,476,490
Kcnn3,25,51,44,26
Kcnn4,1,1,1,0
Kcnq1,0,3,2,0
Kcnq1ot1,4181,9503,5286,2605
Kcnq2,690,1311,700,429
Kcnq3,296,732,306,191
Kcnq4,25,57,32,25
Kcnq5,121,459,194,79
Kcnrg,4,3,0,4
Kcns1,48,267,115,75
Kcns2,28,58,20,10
Kcns3,42,71,29,24
Kcnt1,187,1147,596,201
Kcnt2,93,266,127,56
Kcnu1,3,19,4,1
Kcnv1,124,719,287,88
Kcnv2,23,47,35,16
Kcp,15,9,9,1
Kctd1,41,225,96,33
Kctd10,41,99,35,18
Kctd11,4,9,4,3
Kctd12,45,93,48,29
Kctd12b,3,12,4,3
Kctd13,266,800,283,215
Kctd14,6,14,10,4
Kctd15,12,31,14,5
Kctd16,1,25,7,6
Kctd17,55,221,55,22
Kctd18,83,207,97,50
Kctd19,0,0,1,0
Kctd2,40,98,51,27
Kctd20,57,179,84,46
Kctd21,12,21,12,9
Kctd3,155,365,217,130
Kctd4,308,343,129,185
Kctd5,35,111,48,32
Kctd6,55,80,39,29
Kctd7,6,13,6,2
Kctd8,9,34,19,4
Kctd9,17,70,30,14
Kdelc1,89,157,83,57
Kdelc2,26,36,26,13
Kdelr1,459,1118,475,303
Kdelr2,262,622,298,185
Kdelr3,1,13,1,1
Kdf1,1,0,0,0
Kdm1a,112,457,179,78
Kdm1b,25,46,19,5
Kdm2a,308,854,407,275
Kdm2b,310,794,317,265
Kdm3a,83,226,115,48
Kdm3b,84,187,91,77
Kdm4a,42,83,41,21
Kdm4b,83,176,82,45
Kdm4c,137,353,177,109
Kdm4d,3,12,3,1
Kdm5a,296,659,315,186
Kdm5b,178,456,217,127
Kdm5c,138,300,125,100
Kdm5d,196,441,239,150
Kdm6a,63,181,73,43
Kdm6b,286,391,173,223
Kdm6bos,4,7,2,4
Kdm7a,213,509,247,101
Kdm8,10,14,12,4
Kdr,22,66,40,1
Kdsr,342,877,380,257
Keap1,139,287,224,97
Keg1,0,0,0,0
Kel,0,0,0,0
Kera,0,0,0,0
Khdc1a,0,0,0,0
Khdc1b,0,1,0,1
Khdc1c,0,0,0,0
Khdc3,3,6,5,3
Khdrbs1,161,366,171,111
Khdrbs2,803,1620,891,736
Khdrbs3,64,168,78,40
Khk,52,132,36,32
Khnyn,11,18,15,10
Khsrp,90,161,95,58
Kidins220,421,954,452,268
Kif11,2,3,2,1
Kif12,0,0,0,0
Kif13a,32,57,37,27
Kif13b,9,68,23,5
Kif14,0,1,1,0
Kif15,3,8,5,3
Kif16b,23,72,36,14
Kif16bos,2,4,0,0
Kif17,117,355,184,52
Kif18a,9,21,15,11
Kif18b,0,0,0,0
Kif19a,3,18,5,3
Kif1a,829,2016,1087,562
Kif1b,1100,2214,1168,754
Kif1bp,127,259,137,94
Kif1c,73,97,59,42
Kif20a,2,4,0,1
Kif20b,2,15,7,2
Kif21a,529,1797,689,342
Kif21b,165,581,287,112
Kif22,84,320,112,81
Kif23,5,25,10,2
Kif24,2,2,5,2
Kif26a,20,43,21,10
Kif26b,19,56,16,14
Kif27,3,4,2,3
Kif2a,82,210,102,57
Kif2b,0,0,0,0
Kif2c,1,0,0,0
Kif3a,246,777,276,167
Kif3b,65,185,100,44
Kif3c,89,216,98,55
Kif4,1,1,0,2
Kif5a,528,1457,765,297
Kif5b,825,1629,839,484
Kif5c,403,1085,559,294
Kif6,20,24,9,4
Kif7,5,9,3,8
Kif9,140,310,168,125
Kifap3,519,2115,727,431
Kifc1,8,15,9,7
Kifc2,940,2254,1301,808
Kifc3,55,125,62,34
Kifc5b,9,20,15,7
Kin,75,195,90,44
Kir3dl1,0,0,0,1
Kir3dl2,3,0,0,1
Kirrel,1,19,5,5
Kirrel2,13,36,8,12
Kirrel3,189,380,172,112
Kirrel3os,3,8,5,4
Kiss1,0,1,0,0
Kiss1r,56,160,64,55
Kit,187,276,124,169
Kitl,42,160,74,15
Kiz,23,74,31,25
Kl,56,25,11,54
Klb,2,1,0,1
Klc1,686,1854,906,420
Klc2,588,1554,839,504
Klc3,10,14,13,9
Klc4,81,180,89,45
Klf1,0,0,1,0
Klf10,238,1100,343,269
Klf11,8,33,13,7
Klf12,11,18,9,8
Klf13,245,446,220,177
Klf14,0,1,0,0
Klf15,33,108,45,35
Klf16,33,74,30,8
Klf17,1,0,0,0
Klf2,50,250,66,20
Klf3,104,167,83,66
Klf4,14,53,27,4
Klf5,17,72,27,32
Klf6,116,504,221,90
Klf7,168,645,274,129
Klf8,9,28,14,6
Klf9,385,1020,430,294
Klhdc1,85,199,135,112
Klhdc10,117,338,152,61
Klhdc2,254,626,300,147
Klhdc3,238,521,262,152
Klhdc4,87,238,104,66
Klhdc7a,15,13,20,8
Klhdc7b,0,0,0,0
Klhdc8a,10,32,15,5
Klhdc8b,84,253,130,66
Klhdc9,53,154,53,34
Klhl1,9,14,6,2
Klhl10,2,12,7,9
Klhl11,4,14,6,10
Klhl12,159,376,177,88
Klhl13,28,88,36,14
Klhl14,0,3,2,0
Klhl15,33,119,46,44
Klhl17,223,529,240,126
Klhl18,68,215,108,44
Klhl2,195,286,121,120
Klhl20,108,225,105,67
Klhl21,25,87,39,19
Klhl22,159,343,203,113
Klhl23,38,107,51,16
Klhl24,47,130,69,28
Klhl25,12,21,8,5
Klhl26,52,98,47,43
Klhl28,5,26,8,2
Klhl29,143,408,199,102
Klhl3,23,40,30,16
Klhl30,0,1,0,1
Klhl31,4,18,5,6
Klhl32,138,370,187,105
Klhl33,2,5,3,4
Klhl34,1,9,9,4
Klhl35,14,44,40,21
Klhl36,14,44,23,8
Klhl38,0,0,0,0
Klhl4,5,16,11,4
Klhl40,25,58,24,18
Klhl41,2,2,1,3
Klhl42,25,53,22,8
Klhl5,96,151,79,66
Klhl6,1,9,1,0
Klhl7,130,307,147,73
Klhl8,38,85,30,28
Klhl9,63,112,52,32
Klk1,0,0,0,0
Klk10,4,1,4,1
Klk11,0,1,0,0
Klk12,0,1,0,2
Klk13,0,1,0,0
Klk14,0,0,0,0
Klk15,0,0,0,0
Klk1b1,0,0,0,0
Klk1b11,0,0,0,0
Klk1b16,0,0,0,0
Klk1b21,0,0,0,0
Klk1b22,0,0,0,0
Klk1b24,0,0,0,0
Klk1b26,0,0,0,0
Klk1b27,0,0,0,0
Klk1b3,0,0,0,0
Klk1b4,0,0,0,0
Klk1b5,0,0,0,0
Klk1b8,0,0,0,0
Klk1b9,0,0,0,0
Klk4,0,0,0,0
Klk5,0,0,0,0
Klk6,406,133,154,33
Klk7,1,0,0,0
Klk8,84,53,18,46
Klk9,7,3,4,4
Klkb1,56,248,156,46
Klra1,0,0,0,0
Klra10,0,0,0,0
Klra17,0,3,0,0
Klra2,1,2,3,0
Klra3,0,0,0,0
Klra4,0,1,0,0
Klra5,0,0,0,0
Klra6,0,0,0,0
Klra7,0,0,0,0
Klra8,0,0,0,0
Klra9,0,0,0,0
Klrb1,0,1,0,0
Klrb1a,0,2,0,0
Klrb1b,0,1,1,0
Klrb1c,0,0,0,0
Klrb1f,0,0,0,0
Klrc1,0,0,0,0
Klrc2,0,0,0,0
Klrc3,0,0,0,0
Klrd1,1,1,0,0
Klre1,0,0,1,0
Klrg1,2,1,2,1
Klrg2,1,2,1,1
Klri1,0,0,0,0
Klri2,0,0,1,0
Klrk1,32,75,41,19
Kmo,2,3,2,1
Kmt2a,581,1373,675,415
Kmt2b,136,351,199,94
Kmt2c,260,540,262,140
Kmt2d,288,585,314,242
Kmt2e,581,1493,719,377
Kncn,0,4,0,0
Kndc1,93,154,106,60
Kng1,0,0,0,0
Kng2,1,1,0,0
Knop1,545,1470,625,446
Knstrn,9,13,5,5
Kntc1,7,8,2,5
Kpna1,245,716,298,174
Kpna2,17,28,9,3
Kpna3,67,201,83,44
Kpna4,78,222,79,51
Kpna6,124,322,150,72
Kpna7,0,0,0,0
Kpnb1,287,617,271,147
Kprp,0,0,0,0
Kptn,196,548,202,129
Kras,108,325,167,79
Krba1,171,385,231,119
Krcc1,58,140,48,23
Kremen1,35,85,29,24
Kremen2,14,87,35,23
Kri1,242,566,251,177
Krit1,1490,4451,1920,1047
Krr1,62,177,72,49
Krt1,16,26,9,7
Krt10,134,457,158,74
Krt12,17,236,84,15
Krt13,0,0,0,0
Krt14,0,0,0,0
Krt15,0,0,2,0
Krt16,0,0,0,0
Krt17,0,0,0,0
Krt18,6,6,1,18
Krt19,0,1,0,1
Krt2,13,1,0,10
Krt20,0,5,1,0
Krt222,34,142,55,24
Krt23,0,0,0,0
Krt24,0,1,1,0
Krt25,0,1,0,1
Krt26,2,16,6,0
Krt27,3,3,0,1
Krt28,1,0,0,0
Krt31,0,0,0,0
Krt32,0,0,0,0
Krt33a,0,0,0,0
Krt33b,0,0,0,0
Krt34,0,0,0,0
Krt35,0,0,0,0
Krt36,0,0,0,0
Krt39,0,0,1,0
Krt4,0,0,0,0
Krt40,0,0,0,0
Krt42,0,1,0,0
Krt5,1,0,0,2
Krt6a,0,0,0,0
Krt6b,0,0,0,0
Krt7,0,5,2,0
Krt71,0,0,0,0
Krt72,0,0,0,0
Krt73,4,4,0,2
Krt74,0,0,0,0
Krt75,1,0,0,1
Krt76,0,0,0,0
Krt77,18,26,23,8
Krt78,0,0,0,0
Krt79,2,0,0,2
Krt8,3,1,0,9
Krt80,0,0,0,0
Krt81,0,0,0,0
Krt82,0,1,0,0
Krt83,0,0,0,0
Krt84,0,0,0,0
Krt86,1,0,0,0
Krt9,13,24,3,3
Krtap1-3,0,0,0,0
Krtap1-4,0,0,0,0
Krtap1-5,0,0,0,0
Krtap10-4,0,0,0,0
Krtap11-1,0,0,0,0
Krtap12-1,0,0,0,0
Krtap13,0,0,0,0
Krtap13-1,0,0,0,0
Krtap14,0,0,0,0
Krtap15,0,0,0,0
Krtap16-1,1,0,0,1
Krtap16-3,0,0,0,0
Krtap17-1,0,0,1,0
Krtap19-1,0,0,0,0
Krtap19-2,0,0,0,0
Krtap19-3,0,0,0,0
Krtap19-4,0,0,0,0
Krtap19-5,0,0,0,0
Krtap19-9a,0,0,0,0
Krtap19-9b,0,0,0,0
Krtap2-4,0,0,0,0
Krtap20-2,0,0,0,0
Krtap21-1,0,0,0,0
Krtap22-2,0,0,0,0
Krtap24-1,0,0,0,0
Krtap26-1,0,0,0,0
Krtap27-1,0,0,0,0
Krtap28-10,1,1,0,0
Krtap28-13,0,3,0,0
Krtap29-1,0,0,0,0
Krtap3-1,0,0,0,0
Krtap3-2,0,1,0,0
Krtap3-3,0,0,0,0
Krtap31-1,0,0,1,0
Krtap31-2,0,0,0,0
Krtap4-1,0,0,0,0
Krtap4-13,0,0,0,0
Krtap4-16,0,0,0,0
Krtap4-2,0,0,0,0
Krtap4-6,0,0,0,0
Krtap4-7,0,0,0,0
Krtap4-8,0,0,0,0
Krtap4-9,0,0,0,0
Krtap5-1,0,0,0,0
Krtap5-2,0,0,0,0
Krtap5-3,0,0,0,0
Krtap5-4,0,0,0,0
Krtap5-5,0,0,0,0
Krtap6-1,0,0,0,0
Krtap6-2,0,0,0,0
Krtap6-3,0,0,0,0
Krtap6-5,0,0,0,0
Krtap7-1,0,0,0,0
Krtap8-1,0,0,0,0
Krtap9-1,0,0,0,0
Krtap9-3,0,0,0,0
Krtap9-5,0,0,0,0
Krtcap2,790,1949,742,417
Krtcap3,23,68,31,22
Krtdap,2,1,0,0
Ksr1,137,94,45,50
Ksr2,222,576,241,159
Kti12,20,59,29,9
Ktn1,1501,5517,2109,1253
Kxd1,136,320,151,87
Ky,1,5,1,0
Kynu,1,0,0,2
L1cam,517,1470,684,372
L1td1,4,1,2,1
L2hgdh,22,65,38,17
L3hypdh,37,138,61,40
L3mbtl1,40,149,73,34
L3mbtl2,46,83,48,26
L3mbtl3,45,131,51,26
L3mbtl4,1,27,14,3
Lacc1,61,103,37,35
Lace1,28,64,23,14
Lactb,74,299,111,46
Lactb2,69,181,89,59
Lactbl1,0,0,0,0
Lad1,1,0,4,2
Lag3,89,125,82,18
Lage3,909,2461,1009,562
Lair1,44,138,53,11
Lalba,0,0,5,0
Lama1,10,19,20,3
Lama2,34,121,30,20
Lama3,3,12,5,8
Lama4,20,117,59,17
Lama5,18,38,22,9
Lamb1,173,138,93,80
Lamb2,80,161,62,31
Lamb3,10,19,10,2
Lamc1,85,209,89,46
Lamc2,16,114,35,15
Lamc3,9,17,6,1
Lamp1,1853,4753,1967,1163
Lamp2,626,1362,657,398
Lamp3,1,0,2,1
Lamp5,216,2266,954,240
Lamtor1,137,368,144,87
Lamtor2,179,414,175,111
Lamtor3,149,377,172,102
Lamtor4,666,1808,777,439
Lamtor5,161,373,149,81
Lancl1,337,986,408,209
Lancl2,20,80,37,20
Lancl3,2,14,19,4
Lao1,0,1,0,0
Lap3,88,115,65,26
Laptm4a,2336,5092,2227,1456
Laptm4b,417,938,392,333
Laptm5,202,330,244,24
Large,527,1110,554,287
Larp1,140,289,126,80
Larp1b,62,192,121,67
Larp4,114,242,125,72
Larp4b,212,475,231,109
Larp6,32,107,47,33
Larp7,74,228,123,57
Lars,269,782,325,204
Lars2,29,73,42,20
Las1l,619,1739,809,481
Lasp1,67,190,78,48
Lat,16,24,10,4
Lat2,19,37,21,16
Lats1,38,85,36,11
Lats2,72,84,35,51
Lax1,1,4,1,1
Layn,14,22,10,1
Lbh,25,49,26,19
Lbhd1,7,22,9,5
Lbp,55,52,17,51
Lbr,64,151,74,39
Lbx1,0,1,0,0
Lbx2,0,4,1,0
Lca5,79,180,78,77
Lca5l,15,40,24,18
Lcat,221,396,165,163
Lce1a1,0,0,0,0
Lce1a2,0,0,0,0
Lce1b,0,0,0,0
Lce1c,0,0,0,0
Lce1d,0,0,0,0
Lce1e,0,0,0,0
Lce1f,0,0,0,0
Lce1g,0,0,0,0
Lce1h,0,0,0,0
Lce1i,0,0,0,0
Lce1j,0,0,0,0
Lce1k,0,0,0,0
Lce1l,0,1,0,0
Lce1m,0,0,0,0
Lce3a,0,1,0,0
Lce3b,0,0,0,0
Lce3c,0,0,0,0
Lce3d,0,0,0,0
Lce3e,0,0,0,0
Lce3f,0,1,0,0
Lce6a,0,0,0,0
Lck,18,26,12,9
Lclat1,103,337,153,96
Lcmt1,178,413,209,112
Lcmt2,30,105,47,27
Lcn10,0,0,0,0
Lcn11,0,0,0,0
Lcn12,0,0,0,0
Lcn2,15,10,2,0
Lcn3,0,0,0,0
Lcn4,0,0,0,0
Lcn5,0,0,0,0
Lcn6,0,0,0,0
Lcn8,0,0,0,0
Lcn9,0,0,0,0
Lcor,143,338,127,73
Lcorl,69,199,109,51
Lcp1,21,45,22,9
Lcp2,3,9,5,2
Lct,11,1,0,9
Lctl,1,2,0,0
Ldah,61,166,72,46
Ldb1,79,247,142,74
Ldb2,58,171,77,49
Ldb3,7,37,20,5
Ldha,291,881,379,200
Ldhal6b,0,1,0,0
Ldhb,520,1517,669,308
Ldhc,0,1,0,0
Ldhd,105,420,163,61
Ldlr,129,329,179,59
Ldlrad1,0,0,0,0
Ldlrad2,0,0,0,1
Ldlrad3,90,355,139,56
Ldlrad4,22,113,44,12
Ldlrap1,8,20,3,3
Ldoc1,2,2,0,1
Ldoc1l,25,74,26,25
Leap2,0,1,0,1
Lect1,26,17,10,12
Lect2,0,0,0,0
Lef1,14,47,23,7
Lefty1,36,8,7,19
Lefty2,0,4,1,0
Lekr1,164,382,227,119
Lelp1,0,0,0,0
Lemd1,4,38,11,9
Lemd2,142,353,173,87
Lemd3,122,226,131,79
Lenep,0,3,0,1
Leng1,23,69,41,23
Leng8,1235,2871,1487,928
Leng9,197,465,283,191
Leo1,24,104,30,30
Lep,0,1,0,0
Lepr,19,49,26,24
Leprot,199,543,197,135
Leprotl1,221,748,312,146
Letm1,159,402,194,115
Letm2,70,298,115,63
Letmd1,163,316,123,104
Lexm,0,0,0,0
Lfng,70,357,141,103
Lgals1,127,217,83,38
Lgals12,0,4,0,1
Lgals2,0,0,0,0
Lgals3,17,7,12,2
Lgals3bp,119,122,135,34
Lgals4,26,61,19,32
Lgals7,2,9,3,3
Lgals8,49,108,69,34
Lgals9,8,20,6,5
Lgalsl,42,79,48,26
Lgi1,1611,2360,1184,1362
Lgi2,116,297,179,68
Lgi3,451,878,382,293
Lgi4,99,149,82,39
Lgmn,945,2977,1145,756
Lgr4,132,261,130,121
Lgr5,5,52,18,7
Lgr6,6,18,18,6
Lgsn,0,0,0,0
Lhb,4,1,1,8
Lhcgr,1,5,2,0
Lhfp,94,507,224,68
Lhfpl1,1,0,0,1
Lhfpl2,83,57,25,21
Lhfpl3,43,176,94,31
Lhfpl4,315,772,327,199
Lhfpl5,32,143,56,25
Lhpp,13,17,9,8
Lhx1,4,4,1,2
Lhx1os,2,2,2,2
Lhx2,114,237,106,54
Lhx3,1,2,0,0
Lhx4,0,4,1,0
Lhx5,6,9,0,6
Lhx6,11,64,28,15
Lhx8,0,7,6,0
Lhx9,23,5,6,16
Lias,190,575,239,137
Lif,2,1,0,1
Lifr,112,257,105,76
Lig1,48,133,72,45
Lig3,162,405,196,116
Lig4,12,27,16,7
Lilr4b,0,0,0,0
Lilra5,3,1,1,0
Lilra6,0,1,0,0
Lilrb4a,21,3,15,0
Lim2,0,0,0,0
Lima1,143,376,176,117
Limch1,400,953,422,196
Limd1,67,205,81,42
Limd2,153,272,162,110
Lime1,6,8,4,7
Limk1,109,347,178,85
Limk2,152,341,198,139
Lims1,50,164,61,33
Lims2,32,84,26,18
Lin28a,0,0,0,0
Lin28b,8,37,14,2
Lin37,234,609,301,160
Lin52,15,36,15,10
Lin54,70,228,102,71
Lin7a,96,441,208,77
Lin7b,589,1781,933,435
Lin7c,177,327,117,76
Lin9,19,55,15,18
Lingo1,814,2880,1292,636
Lingo2,900,1549,937,883
Lingo3,213,428,213,139
Lingo4,0,6,1,1
Lins1,20,52,15,14
Lipa,65,154,70,40
Lipc,2,2,0,1
Lipe,366,723,636,434
Lipf,0,0,0,0
Lipg,10,44,17,4
Liph,0,7,2,1
Lipi,0,0,0,0
Lipk,0,0,0,0
Lipm,2,1,0,2
Lipn,0,0,0,0
Lipo1,11,42,20,14
Lipo2,0,0,0,0
Lipo4,0,0,0,0
Lipt1,4,15,3,3
Lipt2,11,24,7,7
Litaf,23,70,29,16
Lix1,181,350,149,116
Lix1l,29,57,23,27
Lkaaear1,0,0,0,0
Llgl1,70,114,68,53
Llgl2,7,33,13,3
Llph,124,350,165,59
Lman1,267,787,342,172
Lman1l,0,0,0,0
Lman2,307,647,284,166
Lman2l,743,1045,562,571
Lmbr1,148,401,202,109
Lmbr1l,62,196,89,57
Lmbrd1,717,2131,866,569
Lmbrd2,67,254,106,43
Lmcd1,15,42,7,5
Lmf1,147,287,128,94
Lmf2,65,125,64,40
Lmln,69,131,81,55
Lmna,134,550,233,143
Lmnb1,14,49,10,9
Lmnb2,67,211,101,67
Lmntd1,3,14,4,1
Lmntd2,0,0,1,0
Lmo1,79,34,34,43
Lmo2,66,209,82,24
Lmo3,106,228,103,78
Lmo4,1157,4357,2262,1085
Lmo7,860,1835,746,560
Lmod1,6,21,2,1
Lmod2,1,0,0,0
Lmod3,0,1,0,0
Lmtk2,164,545,246,144
Lmtk3,530,1140,636,417
Lmx1a,0,0,0,0
Lmx1b,1,0,0,2
Lncenc1,1,1,0,0
Lncpint,166,466,210,117
Lnp,716,2330,961,467
Lnpep,30,81,37,15
Lnx1,171,694,309,116
Lnx2,4,24,8,2
Lockd,7,11,4,2
Lonp1,179,373,200,152
Lonp2,83,240,101,55
Lonrf1,62,213,127,70
Lonrf2,88,210,100,61
Lonrf3,1,7,3,3
Lor,17,59,27,14
Lox,2,4,1,4
Loxhd1,0,1,2,1
Loxl1,13,20,6,10
Loxl2,40,90,60,39
Loxl3,12,36,6,14
Loxl4,0,0,0,1
Lpar1,52,212,77,49
Lpar2,6,11,4,2
Lpar3,0,2,0,0
Lpar4,40,29,26,22
Lpar5,0,1,0,0
Lpar6,36,107,41,22
Lpcat1,169,515,223,128
Lpcat2,85,278,95,39
Lpcat2b,0,0,1,0
Lpcat3,169,391,173,124
Lpcat4,188,553,351,191
Lpgat1,258,1036,470,172
Lpin1,104,208,122,61
Lpin2,140,270,140,66
Lpin3,6,3,0,2
Lpl,171,270,135,73
Lpo,0,3,1,0
Lpp,48,100,27,17
Lppos,45,109,36,29
Lpxn,1,8,2,1
Lrat,0,2,0,0
Lrba,73,164,87,50
Lrch1,73,127,80,59
Lrch2,29,90,45,14
Lrch3,55,165,78,51
Lrch4,0,2,1,1
Lrcol1,0,0,0,0
Lrfn1,195,438,279,159
Lrfn2,104,224,114,64
Lrfn3,95,234,106,76
Lrfn4,218,644,272,180
Lrfn5,1687,4239,2017,1199
Lrg1,4,11,6,0
Lrguk,2,9,1,0
Lrif1,86,288,128,59
Lrig1,55,111,70,28
Lrig2,108,293,142,70
Lrig3,5,23,8,5
Lrit1,0,0,0,0
Lrit2,0,0,0,0
Lrit3,0,0,0,0
Lrmp,9,36,16,10
Lrp1,798,2009,974,595
Lrp10,136,271,144,118
Lrp11,578,1154,458,434
Lrp12,136,353,142,115
Lrp1b,2052,4838,2039,1366
Lrp2,2,0,0,2
Lrp2bp,6,7,2,0
Lrp3,181,420,214,142
Lrp4,78,157,77,49
Lrp5,12,20,22,6
Lrp6,230,518,231,178
Lrp8,122,299,145,71
Lrp8os1,0,0,1,0
Lrp8os2,3,6,2,4
Lrpap1,1906,4541,1918,1195
Lrpprc,304,558,328,207
Lrr1,0,1,0,0
Lrrc1,6,28,18,2
Lrrc10,2,8,3,1
Lrrc10b,63,39,21,23
Lrrc14,148,430,161,116
Lrrc14b,19,40,21,18
Lrrc15,0,0,0,1
Lrrc16a,307,636,355,220
Lrrc16b,318,544,310,208
Lrrc17,1,8,8,6
Lrrc18,1,0,1,0
Lrrc19,1,1,1,1
Lrrc2,5,15,6,4
Lrrc20,25,56,17,17
Lrrc23,15,29,12,10
Lrrc24,320,1034,494,267
Lrrc25,8,11,4,0
Lrrc26,0,0,0,0
Lrrc27,15,22,16,5
Lrrc28,36,98,44,28
Lrrc29,24,33,14,8
Lrrc3,8,47,31,7
Lrrc30,0,0,0,0
Lrrc31,0,2,0,0
Lrrc32,8,22,11,0
Lrrc34,0,0,0,1
Lrrc36,3,1,1,0
Lrrc37a,0,0,0,0
Lrrc38,1,30,14,1
Lrrc39,5,0,2,2
Lrrc3b,39,178,70,31
Lrrc3c,0,0,0,0
Lrrc4,209,414,196,139
Lrrc40,20,55,33,18
Lrrc41,59,115,45,30
Lrrc42,51,138,68,32
Lrrc43,4,1,0,0
Lrrc45,992,2282,1324,766
Lrrc46,11,28,9,8
Lrrc47,42,97,50,22
Lrrc48,18,49,26,9
Lrrc49,89,301,150,71
Lrrc4b,350,645,341,220
Lrrc4c,303,972,440,249
Lrrc51,34,77,30,28
Lrrc52,0,0,0,0
Lrrc55,10,83,46,12
Lrrc56,13,27,17,5
Lrrc57,125,305,110,57
Lrrc58,161,246,128,92
Lrrc59,72,142,70,38
Lrrc6,21,127,47,20
Lrrc61,9,33,16,2
Lrrc63,0,0,2,0
Lrrc66,0,0,0,0
Lrrc69,0,0,0,0
Lrrc7,1965,5034,2243,1486
Lrrc71,2,2,2,0
Lrrc72,0,7,0,1
Lrrc73,211,466,240,160
Lrrc74a,0,0,0,0
Lrrc74b,5,23,8,2
Lrrc75a,3,27,13,6
Lrrc75aos1,0,6,0,0
Lrrc75aos2,0,8,6,0
Lrrc75b,6,25,11,9
Lrrc8a,226,544,296,211
Lrrc8b,174,573,211,108
Lrrc8c,93,268,118,58
Lrrc8d,134,261,137,65
Lrrc8dos,0,1,1,0
Lrrc8e,2,12,5,11
Lrrc9,20,67,32,14
Lrrcc1,135,420,229,90
Lrrd1,5,6,8,3
Lrrfip1,203,494,293,132
Lrrfip2,144,455,220,96
Lrriq1,30,58,29,22
Lrriq3,1,3,3,1
Lrriq4,0,0,0,0
Lrrk1,19,67,23,6
Lrrk2,48,226,104,39
Lrrn1,284,404,198,217
Lrrn2,905,1068,507,613
Lrrn3,308,610,283,224
Lrrn4,3,2,2,10
Lrrn4cl,2,11,4,1
Lrrtm1,506,734,354,371
Lrrtm2,145,394,175,94
Lrrtm3,869,4564,1978,724
Lrrtm4,362,572,267,251
Lrsam1,30,90,43,16
Lrtm1,242,543,376,265
Lrtm2,176,528,261,116
Lrwd1,101,266,129,75
Lsamp,3269,4463,2167,2349
Lsg1,83,261,113,61
Lsm1,59,213,99,45
Lsm10,31,105,37,21
Lsm11,33,89,37,14
Lsm12,55,132,65,36
Lsm14a,67,175,73,33
Lsm14b,53,129,67,37
Lsm2,79,239,88,61
Lsm3,201,617,258,121
Lsm4,148,332,128,72
Lsm5,84,233,85,49
Lsm6,85,217,105,59
Lsm7,139,384,135,95
Lsm8,141,298,99,67
Lsmem1,5,21,14,3
Lsmem2,0,1,0,0
Lsp1,8,16,11,1
Lsr,34,97,45,15
Lss,58,169,113,39
Lst1,18,79,17,6
Lta,2,5,4,0
Lta4h,88,223,147,47
Ltb,2,17,4,1
Ltb4r1,2,9,0,0
Ltb4r2,1,2,1,2
Ltbp1,16,42,26,9
Ltbp2,5,4,4,5
Ltbp3,80,254,139,61
Ltbp4,149,385,155,87
Ltbp4-1,0,0,0,0
Ltbr,26,45,28,10
Ltc4s,78,146,58,43
Ltf,1,4,1,0
Ltk,175,656,312,135
Ltn1,40,118,54,19
Ltv1,47,108,61,39
Luc7l,243,534,216,156
Luc7l2,2235,4946,2380,1327
Luc7l3,3295,9497,4269,2089
Lum,69,88,48,33
Lurap1,39,126,43,20
Lurap1l,80,124,46,50
Luzp1,151,359,147,96
Luzp2,234,548,312,153
Luzp4,0,0,0,0
Lvrn,0,0,0,0
Lxn,81,134,52,41
Ly6a,216,555,228,40
Ly6c1,226,602,257,28
Ly6c2,1,1,4,0
Ly6d,0,29,2,0
Ly6e,1697,5570,2362,817
Ly6f,0,0,0,0
Ly6g,0,0,0,0
Ly6g5b,9,5,1,5
Ly6g5c,0,0,0,0
Ly6g6c,0,0,0,0
Ly6g6d,1,4,2,0
Ly6g6e,13,33,3,17
Ly6g6f,2,7,1,4
Ly6h,5286,11447,4550,2888
Ly6i,0,1,0,1
Ly6k,2,4,2,2
Ly75,2,5,3,1
Ly86,191,167,167,15
Ly9,7,4,9,0
Ly96,37,104,47,19
Lyar,45,104,47,18
Lyg1,0,0,0,0
Lyg2,0,0,0,0
Lyl1,7,25,10,1
Lyn,20,72,34,19
Lynx1,1380,3845,1571,1024
Lypd1,181,354,158,80
Lypd2,4,21,5,2
Lypd3,0,0,0,0
Lypd4,0,0,0,0
Lypd5,0,0,0,0
Lypd6,21,58,30,11
Lypd6b,16,102,32,16
Lypd8,1,1,0,0
Lypla1,49,187,92,56
Lypla2,411,899,423,335
Lyplal1,8,16,4,2
Lyrm1,28,119,52,18
Lyrm2,67,231,93,38
Lyrm4,22,51,24,15
Lyrm5,59,118,59,29
Lyrm7,20,69,34,20
Lyrm7os,0,0,0,0
Lyrm9,248,838,364,156
Lysmd1,34,43,38,26
Lysmd2,102,206,88,49
Lysmd3,49,135,57,35
Lysmd4,92,217,119,75
Lyst,72,148,60,47
Lyve1,0,4,0,1
Lyz1,2,1,3,0
Lyz2,305,188,304,9
Lyzl1,0,0,0,0
Lyzl4,6,55,23,9
Lyzl4os,0,0,0,0
Lyzl6,0,0,0,0
Lzic,30,86,26,28
Lztfl1,490,1129,579,376
Lztr1,241,586,307,194
Lzts1,144,483,271,140
Lzts2,112,318,126,82
Lzts3,105,213,115,115
M1ap,0,0,0,0
M5C1000I18Rik,15,13,6,14
M6pr,497,1059,450,279
Maats1,4,13,4,10
Maats1os,0,0,0,0
Mab21l1,1,8,4,0
Mab21l2,0,3,0,0
Mab21l3,0,0,0,0
Macc1,0,11,2,0
Macf1,801,2346,1053,526
Macrod1,22,49,25,11
Macrod2,849,2258,945,596
Macrod2os1,3,9,3,5
Macrod2os2,2,15,9,5
Mad1l1,15,28,17,12
Mad2l1,11,52,20,9
Mad2l1bp,12,35,17,4
Mad2l2,51,195,73,43
Madcam1,0,3,0,0
Madd,698,1878,830,488
Maea,64,171,75,40
Mael,0,0,1,0
Maf,205,554,311,144
Maf1,220,599,248,161
Mafa,0,0,0,0
Mafb,57,157,88,33
Maff,5,11,5,3
Mafg,234,773,379,162
Mafk,9,11,5,5
Mag,710,1381,522,326
Magea1,0,0,0,0
Magea10,0,0,0,0
Magea2,0,0,0,0
Magea3,0,0,0,0
Magea4,0,0,0,0
Magea5,0,0,0,0
Magea6,0,0,0,0
Magea8,0,0,0,0
Mageb1,0,0,0,0
Mageb16,49,76,43,38
Mageb18,0,0,0,0
Mageb2,0,0,0,0
Mageb3,0,3,3,1
Mageb4,0,0,0,0
Mageb5,0,0,0,0
Maged1,1349,2908,1429,955
Maged2,152,381,171,119
Magee1,99,240,134,69
Magee2,33,34,23,16
Mageh1,449,866,361,253
Magel2,4,24,12,7
Magi1,220,1013,466,168
Magi2,527,1022,529,501
Magi3,130,351,154,133
Magix,2,2,0,0
Magoh,74,176,77,43
Magohb,44,118,43,27
Magt1,83,224,93,51
Mak,10,51,19,6
Mak16,48,162,68,34
Mal,406,1420,355,143
Mal2,259,644,256,187
Malat1,1993495,5356265,2451340,1405096
Mall,2,9,3,2
Malrd1,0,0,0,0
Malsu1,49,176,64,12
Malt1,20,48,26,19
Mamdc2,19,15,16,8
Mamdc4,10,7,12,7
Maml1,11,18,14,5
Maml2,66,57,29,37
Maml3,46,88,47,21
Mamld1,35,74,41,22
Mamstr,11,61,32,7
Man1a,279,348,178,239
Man1a2,419,1420,655,218
Man1b1,176,376,190,104
Man1c1,96,224,123,50
Man2a1,49,160,57,42
Man2a2,491,1019,483,310
Man2b1,244,507,244,119
Man2b2,58,133,74,39
Man2c1,301,641,371,201
Man2c1os,7,12,2,4
Manba,141,325,165,97
Manbal,229,555,212,120
Manea,104,279,103,55
Maneal,128,305,129,86
Manf,653,1617,609,277
Mannr,0,0,0,0
Mansc1,57,215,74,57
Mansc4,47,110,46,37
Maoa,52,112,51,33
Maob,9,19,7,3
Map10,9,17,6,0
Map1a,284,597,331,146
Map1b,620,1095,544,317
Map1lc3a,375,1087,513,213
Map1lc3b,243,736,304,172
Map1s,60,121,55,49
Map2,730,1590,889,381
Map2k1,128,255,108,79
Map2k2,614,1604,777,435
Map2k3,74,239,100,46
Map2k3os,2,9,6,3
Map2k4,137,312,135,99
Map2k5,98,245,119,66
Map2k6,48,95,52,37
Map2k7,139,322,165,104
Map2k7-1,0,0,0,0
Map3k1,33,79,36,34
Map3k10,87,193,118,56
Map3k11,12,33,26,5
Map3k12,377,820,451,276
Map3k13,13,45,12,10
Map3k14,179,648,274,152
Map3k15,7,4,6,2
Map3k19,0,0,1,3
Map3k2,53,137,73,35
Map3k3,63,120,59,34
Map3k4,99,267,101,68
Map3k5,25,143,71,13
Map3k6,12,49,19,9
Map3k7,71,207,100,52
Map3k7cl,1,0,1,1
Map3k8,9,17,10,5
Map3k9,24,103,37,22
Map4,256,461,222,137
Map4k1,13,28,23,14
Map4k2,334,854,467,260
Map4k3,128,182,111,64
Map4k4,244,575,237,150
Map4k5,219,538,266,162
Map6,126,420,228,87
Map6d1,34,115,45,25
Map7,161,429,209,98
Map7d1,331,839,412,210
Map7d2,197,512,262,174
Map9,89,336,143,71
Mapk1,317,783,369,190
Mapk10,468,1205,635,325
Mapk11,117,530,310,109
Mapk12,40,116,67,11
Mapk13,2,25,5,4
Mapk14,102,260,157,69
Mapk15,21,44,21,13
Mapk1ip1,299,924,367,152
Mapk1ip1l,89,178,91,63
Mapk3,188,328,147,86
Mapk4,45,121,50,20
Mapk6,15,93,52,14
Mapk7,189,387,194,114
Mapk8,354,1071,450,280
Mapk8ip1,889,2561,1183,660
Mapk8ip2,279,552,256,146
Mapk8ip3,485,989,520,296
Mapk9,65,220,97,40
Mapkap1,120,285,115,67
Mapkapk2,31,81,21,10
Mapkapk3,4,18,9,3
Mapkapk5,34,101,58,35
Mapkbp1,58,151,109,42
Mapre1,138,368,161,61
Mapre2,169,469,189,115
Mapre3,248,549,272,168
Mapt,710,1976,957,424
Marc1,2,3,0,0
Marc2,474,1561,617,309
March1,499,1127,473,363
March10,4,10,2,0
March11,314,899,389,246
March2,378,1198,493,268
March3,34,60,25,28
March4,17,58,33,18
March5,75,189,66,47
March6,614,1400,689,496
March7,270,611,339,170
March8,125,287,121,46
March9,19,67,32,28
Marcks,144,439,192,69
Marcksl1,82,128,55,42
Marco,0,0,0,0
Marf1,263,500,285,182
Mark1,50,226,111,29
Mark2,256,664,307,150
Mark3,186,469,224,101
Mark4,116,325,146,76
Mars,225,470,258,138
Mars2,45,109,44,20
Marveld1,21,96,39,22
Marveld2,4,9,6,2
Marveld3,3,22,9,4
Mas1,201,222,102,101
Masp1,7,7,2,2
Masp2,14,38,19,9
Mast1,93,162,94,58
Mast2,72,214,117,60
Mast3,344,536,257,231
Mast4,592,1630,800,455
Mastl,161,267,154,163
Mat1a,0,0,0,0
Mat2a,1088,2463,1152,697
Mat2b,145,452,209,113
Matk,4995,11431,5318,3452
Matn1,3,9,2,1
Matn2,212,206,97,112
Matn3,0,5,2,0
Matn4,197,548,243,199
Matr3,691,1673,831,459
Mau2,255,539,262,156
Mavs,13,17,8,7
Max,127,318,153,83
Maz,190,510,246,142
Mb,0,2,0,0
Mb21d1,27,50,31,17
Mb21d2,6,17,18,7
Mbd1,102,267,140,59
Mbd2,29,76,46,17
Mbd3,147,340,156,80
Mbd3l1,0,0,0,0
Mbd3l2,0,0,0,0
Mbd4,33,136,63,32
Mbd5,154,400,197,111
Mbd6,308,599,298,242
Mbip,118,413,155,68
Mbl1,0,0,0,0
Mbl2,1,0,0,0
Mblac1,33,93,35,23
Mblac2,207,522,245,110
Mbnl1,269,821,391,215
Mbnl2,602,1895,688,520
Mbnl3,1,1,0,0
Mboat1,37,48,16,19
Mboat2,111,324,142,83
Mboat4,10,22,9,4
Mboat7,361,1286,601,286
Mbp,3300,5684,3070,1033
Mbtd1,277,645,307,181
Mbtps1,218,428,211,152
Mbtps2,263,608,290,188
Mc1r,7,18,15,3
Mc2r,0,0,1,1
Mc3r,1,1,3,3
Mc4r,22,28,19,11
Mc5r,0,0,0,0
Mcam,31,78,41,23
Mcat,33,97,39,21
Mcc,50,130,57,38
Mccc1,543,1333,610,381
Mccc1os,8,10,3,2
Mccc2,61,168,91,57
Mcee,97,174,79,40
Mcemp1,3,11,3,0
Mcf2,12,30,12,4
Mcf2l,862,2275,1173,566
Mcfd2,249,584,212,145
Mchr1,89,410,176,71
Mcidas,2,9,0,1
Mcl1,49,173,77,18
Mcm10,7,22,5,4
Mcm2,13,20,10,2
Mcm3,3,13,4,2
Mcm3ap,102,218,116,74
Mcm4,20,39,22,13
Mcm5,1,4,7,3
Mcm6,16,22,8,11
Mcm7,52,123,70,29
Mcm8,94,211,81,58
Mcm9,8,23,13,4
Mcmbp,261,535,252,208
Mcmdc2,126,290,152,124
Mcoln1,221,553,273,145
Mcoln2,0,0,0,0
Mcoln3,0,0,0,0
Mcph1,33,124,62,19
Mcpt1,0,0,0,0
Mcpt2,0,0,0,0
Mcpt4,0,0,0,0
Mcpt8,0,0,0,0
Mcpt9,0,0,0,0
Mcrs1,129,403,209,117
Mctp1,152,390,176,80
Mctp2,11,18,6,8
Mcts1,143,409,153,89
Mcts2,53,209,90,23
Mcu,84,159,68,64
Mcur1,53,93,44,28
Mdc1,16,64,29,18
Mdfi,0,5,4,1
Mdfic,17,17,8,9
Mdga1,155,111,56,70
Mdga2,305,839,425,193
Mdh1,687,2338,861,433
Mdh1b,2,1,1,1
Mdh2,344,745,329,201
Mdk,385,1465,617,290
Mdm1,17,54,21,12
Mdm2,117,274,104,61
Mdm4,310,722,359,252
Mdn1,183,374,204,137
Mdp1,145,335,161,88
Me1,29,56,30,18
Me2,18,53,21,7
Me3,445,1303,583,255
Mea1,59,156,63,19
Meaf6,127,393,183,97
Mecom,24,56,18,21
Mecomos,0,1,0,2
Mecp2,195,588,292,150
Mecr,88,217,90,45
Med1,118,392,204,108
Med10,161,337,135,96
Med11,13,29,7,7
Med12,72,177,84,37
Med12l,58,113,73,23
Med13,151,321,168,83
Med13l,259,642,341,156
Med14,48,154,74,36
Med15,93,217,131,55
Med16,121,288,140,94
Med17,93,233,99,70
Med18,7,20,4,5
Med19,36,138,42,36
Med20,54,136,74,24
Med21,78,275,93,37
Med22,40,127,67,39
Med23,177,317,203,137
Med24,162,439,208,114
Med25,393,724,372,293
Med26,6,29,8,7
Med27,62,131,76,45
Med28,152,275,140,78
Med29,60,158,76,38
Med30,50,154,75,23
Med31,174,599,205,104
Med4,96,207,83,45
Med6,57,140,51,35
Med7,59,165,55,29
Med8,101,317,126,84
Med9,29,90,29,22
Med9os,7,11,6,5
Medag,9,117,41,6
Mef2a,269,726,358,145
Mef2b,0,0,0,0
Mef2c,1240,11413,4921,1180
Mef2d,164,353,182,95
Mefv,0,0,0,0
Meg3,148085,416941,192343,108145
Megf10,35,76,36,21
Megf11,62,189,93,55
Megf6,17,32,12,7
Megf8,238,508,261,167
Megf9,384,753,322,220
Mei1,31,245,71,22
Mei4,12,23,13,8
Meig1,9,21,6,5
Meikin,0,0,0,0
Meiob,3,1,1,0
Meioc,0,3,0,0
Meis1,13,75,41,7
Meis2,334,2155,939,293
Meis3,429,1068,546,304
Melk,1,13,5,0
Memo1,61,124,60,28
Men1,92,262,109,65
Meox1,1,4,2,0
Meox2,0,4,1,0
Mep1a,0,0,0,0
Mep1b,2,2,1,0
Mepce,28,62,38,16
Mepe,0,0,0,0
Mertk,61,243,110,73
Mesdc1,35,104,45,28
Mesdc2,344,866,355,223
Mesp1,0,1,0,0
Mesp2,2,3,3,0
Mest,83,339,137,49
Met,19,14,15,15
Metap1,50,116,62,25
Metap1d,273,423,273,198
Metap2,258,745,305,213
Methig1,0,0,0,0
Metrn,99,131,67,38
Metrnl,63,158,53,36
Mettl1,253,529,232,154
Mettl10,60,193,87,64
Mettl11b,0,0,0,0
Mettl13,65,165,94,44
Mettl14,29,83,46,19
Mettl15,5,9,6,2
Mettl16,96,219,105,70
Mettl17,661,1449,723,510
Mettl18,8,20,6,6
Mettl2,177,504,229,107
Mettl20,17,27,12,12
Mettl21a,67,260,100,67
Mettl21b,19,16,9,9
Mettl21c,18,42,16,13
Mettl21e,5,4,2,11
Mettl22,30,70,40,25
Mettl23,286,741,266,159
Mettl24,5,23,10,8
Mettl25,14,49,15,6
Mettl3,205,501,289,187
Mettl4,8,18,9,5
Mettl5,64,195,106,46
Mettl5os,15,31,17,17
Mettl6,38,118,44,22
Mettl7a1,369,1259,525,283
Mettl7a2,0,1,2,3
Mettl7a3,2,4,7,9
Mettl7b,0,0,0,0
Mettl8,47,113,42,29
Mettl9,153,389,152,99
Mex3a,11,27,13,4
Mex3b,18,51,36,7
Mex3c,27,47,26,10
Mex3d,15,26,20,11
Mfap1a,122,380,162,80
Mfap1b,110,296,120,62
Mfap2,193,348,139,144
Mfap3,204,488,189,111
Mfap3l,110,174,88,40
Mfap4,17,20,8,10
Mfap5,7,30,5,4
Mff,232,627,282,147
Mfge8,518,1942,868,738
Mfhas1,66,153,85,49
Mfi2,4,19,7,5
Mfn1,167,520,208,126
Mfn2,63,182,87,41
Mfng,9,29,10,2
Mfrp,0,0,0,3
Mfsd1,112,216,110,70
Mfsd10,725,1904,878,498
Mfsd11,360,802,369,210
Mfsd12,136,225,104,85
Mfsd2a,85,183,86,64
Mfsd2b,6,8,5,6
Mfsd3,68,171,73,45
Mfsd4,502,1255,479,352
Mfsd5,125,419,194,102
Mfsd6,403,1005,476,293
Mfsd6l,1,1,1,0
Mfsd7a,2,4,4,2
Mfsd7b,44,95,51,30
Mfsd7c,2,11,8,3
Mfsd8,114,276,141,74
Mfsd9,21,34,24,10
Mga,344,847,404,233
Mgam,0,0,0,0
Mgarp,0,4,0,0
Mgat1,75,209,100,60
Mgat2,215,617,235,174
Mgat3,167,323,165,104
Mgat4a,89,244,114,53
Mgat4b,126,283,133,83
Mgat4c,462,1200,570,345
Mgat4d,0,1,0,0
Mgat4e,0,0,0,0
Mgat5,218,704,335,163
Mgat5b,139,422,211,103
Mgea5,406,1127,509,235
Mgl2,0,1,1,0
Mgll,305,816,372,197
Mgme1,27,46,35,12
Mgmt,3,4,7,1
Mgp,385,1674,425,286
Mgrn1,142,312,161,83
Mgst1,176,303,146,70
Mgst2,0,4,2,1
Mgst3,248,967,367,136
Mhrt,33,648,195,37
Mia,19,37,9,16
Mia2,0,0,0,0
Mia3,400,1005,471,283
Miat,2814,5786,2807,1821
Mib1,182,464,176,110
Mib2,275,618,340,238
Mical1,24,78,37,16
Mical2,1213,2358,1403,933
Mical3,448,1779,885,327
Micalcl,6,18,7,4
Micall1,43,85,34,15
Micall2,3,5,4,2
Micu1,273,659,247,194
Micu2,77,275,96,48
Micu3,182,504,247,161
Mid1,837,1576,1034,739
Mid1ip1,143,293,157,73
Mid2,29,79,43,21
Midn,45,110,48,43
Mief1,36,108,37,21
Mief2,61,161,68,38
Mien1,152,412,189,93
Mier1,303,814,354,198
Mier2,121,295,138,104
Mier3,59,135,77,39
Mif,411,927,470,172
Mif4gd,66,169,80,50
Miip,356,999,455,259
Mill1,0,0,0,0
Mill2,4,27,10,5
Milr1,36,73,46,41
Mina,41,85,48,35
Mink1,379,722,400,271
Minos1,495,1210,573,311
Minpp1,375,982,392,309
Mios,36,87,43,21
Miox,0,0,0,0
Mip,0,0,1,0
Mipep,32,41,22,11
Mipepos,0,0,1,0
Mipol1,34,93,35,19
Mir124-2hg,464,2426,1074,410
Mir124a-1hg,1486,3838,2055,1220
Mir142hg,4,1,5,0
Mir143hg,0,21,6,3
Mir155hg,1,4,2,1
Mir17hg,2,8,7,1
Mirg,670,1745,993,548
Mirt1,76,67,41,49
Mis12,26,96,29,9
Mis18a,29,61,24,33
Mis18bp1,0,10,4,0
Misp,0,2,1,2
Mitd1,72,226,121,60
Mitf,46,59,30,48
Mixl1,0,0,0,0
Mki67,180,289,253,203
Mkks,60,255,81,40
Mkl1,64,125,62,33
Mkl2,480,1284,595,300
Mkln1,550,1247,635,367
Mkln1os,99,282,125,111
Mknk1,52,133,59,40
Mknk2,34,91,48,25
Mkrn1,122,282,143,86
Mkrn2,81,201,85,46
Mkrn2os,0,2,0,1
Mkrn3,3,10,3,2
Mks1,47,117,42,35
Mkx,18,77,45,17
Mlana,0,1,0,0
Mlc1,513,691,392,233
Mlec,168,396,186,75
Mlf1,6,8,2,4
Mlf2,955,2666,1246,651
Mlh1,76,205,106,46
Mlh3,41,106,55,37
Mlip,102,481,240,94
Mlkl,0,2,1,1
Mllt1,21,54,23,14
Mllt10,326,813,409,260
Mllt11,503,1657,665,284
Mllt3,132,313,231,94
Mllt4,471,1340,626,292
Mllt6,281,620,344,159
Mlph,4,11,6,0
Mlst8,114,175,97,72
Mlx,142,370,155,97
Mlxip,54,122,51,41
Mlxipl,20,55,20,20
Mlycd,47,167,79,36
Mmaa,69,228,99,35
Mmab,36,84,51,19
Mmachc,12,31,17,15
Mmadhc,68,176,87,40
Mmd,388,514,197,202
Mmd2,723,845,424,367
Mme,10,73,17,9
Mmel1,1,34,7,6
Mmgt1,39,137,64,17
Mmgt2,40,171,57,22
Mmp10,0,0,0,0
Mmp11,15,45,18,11
Mmp12,0,0,3,1
Mmp13,0,0,0,0
Mmp14,19,76,25,26
Mmp15,34,97,44,36
Mmp16,302,702,368,169
Mmp17,503,1024,449,288
Mmp19,12,11,8,4
Mmp1a,0,0,0,0
Mmp1b,0,0,0,0
Mmp2,11,24,7,4
Mmp20,0,0,0,0
Mmp21,0,0,0,0
Mmp23,16,54,37,16
Mmp24,41,113,58,43
Mmp25,0,1,0,0
Mmp27,0,0,0,0
Mmp28,3,10,4,1
Mmp3,0,0,0,0
Mmp7,0,0,0,0
Mmp8,0,3,1,1
Mmp9,0,9,2,0
Mmrn1,0,2,0,0
Mmrn2,85,271,105,80
Mms19,138,242,118,91
Mms22l,6,21,10,8
Mn1,33,124,60,30
Mnat1,138,378,136,98
Mnd1,4,2,2,3
Mnda,1,0,1,0
Mndal,24,25,7,7
Mns1,30,83,36,24
Mnt,72,173,89,44
Mnx1,0,0,0,0
Moap1,0,2,0,1
Mob1a,45,138,55,17
Mob1b,101,247,120,69
Mob2,61,164,59,32
Mob3a,1,14,5,3
Mob3b,13,34,10,15
Mob3c,43,119,54,46
Mob4,301,775,386,248
Mobp,669,953,607,217
Mocos,13,24,14,8
Mocs1,22,37,18,14
Mocs2,224,558,216,135
Mocs3,33,72,28,17
Mog,283,683,211,100
Mogat1,3,5,1,0
Mogat2,0,0,0,0
Mogs,72,202,111,58
Mok,37,107,54,19
Mon1a,20,57,37,22
Mon1b,10,25,14,6
Mon2,97,191,120,82
Morc1,0,1,0,0
Morc2a,87,234,138,60
Morc2b,75,227,92,73
Morc3,48,127,55,28
Morc4,9,52,15,19
Morf4l1,937,2136,877,562
Morf4l2,218,523,218,119
Morn1,240,663,212,139
Morn2,41,79,40,14
Morn3,3,2,0,2
Morn4,37,62,32,14
Morn5,10,12,1,1
Mos,0,0,0,0
Mospd1,30,70,40,22
Mospd2,93,264,118,48
Mospd3,145,388,185,142
Mov10,46,134,62,35
Mov10l1,0,0,0,0
Moxd1,102,315,128,51
Moxd2,0,0,0,0
Mpc1,399,1064,427,230
Mpc2,710,1445,538,395
Mpdu1,230,645,255,178
Mpdz,78,172,75,53
Mpeg1,58,47,47,11
Mpg,228,455,217,138
Mphosph10,226,565,217,150
Mphosph6,59,181,76,38
Mphosph8,287,835,360,181
Mphosph9,89,249,135,68
Mpi,52,139,65,35
Mpl,0,3,0,0
Mplkip,80,195,90,59
Mpnd,131,318,160,74
Mpo,0,1,1,1
Mpp1,75,163,91,44
Mpp2,71,220,80,50
Mpp3,132,277,117,78
Mpp4,12,31,19,10
Mpp5,49,109,58,32
Mpp6,149,365,180,119
Mpp7,17,58,21,7
Mppe1,15,37,7,7
Mpped1,597,1477,701,463
Mpped2,827,2247,944,598
Mprip,526,1071,480,260
Mpst,33,77,40,12
Mptx1,0,0,0,0
Mptx2,0,0,0,0
Mpv17,309,545,254,203
Mpv17l,145,283,199,133
Mpv17l2,143,359,130,82
Mpz,0,1,0,0
Mpzl1,125,248,118,66
Mpzl2,3,24,8,5
Mpzl3,14,66,28,11
Mr1,19,25,13,7
Mrap,1,6,6,1
Mrap2,46,187,75,21
Mras,71,159,99,49
Mrc1,1,14,1,1
Mrc2,29,90,36,19
Mre11a,25,51,55,26
Mreg,7,7,11,9
Mrfap1,458,897,398,232
Mrgbp,133,357,169,102
Mrgpra1,0,0,0,0
Mrgpra2a,0,0,0,0
Mrgpra2b,0,0,0,0
Mrgpra3,0,0,0,0
Mrgpra4,1,0,0,0
Mrgpra6,0,0,0,0
Mrgpra9,0,0,0,0
Mrgprb1,0,1,0,0
Mrgprb2,0,0,0,0
Mrgprb3,0,0,0,0
Mrgprb4,0,0,0,0
Mrgprb5,0,0,0,0
Mrgprb8,0,0,0,0
Mrgprd,0,0,0,0
Mrgpre,36,111,71,34
Mrgprf,1,16,6,2
Mrgprg,0,0,0,0
Mrgprh,0,0,0,0
Mrgprx1,0,0,0,0
Mrgprx2,0,0,0,0
Mri1,116,335,117,81
Mrm1,17,63,16,13
Mro,89,220,92,52
Mroh1,370,885,496,270
Mroh2a,1,5,2,0
Mroh2b,0,0,0,0
Mroh3,1,7,1,2
Mroh4,0,2,0,0
Mroh5,8,24,9,2
Mroh6,0,0,0,0
Mroh7,25,56,22,22
Mroh8,7,13,13,4
Mroh9,0,0,0,0
Mrpl1,66,161,77,59
Mrpl10,40,76,35,21
Mrpl11,148,397,187,85
Mrpl12,145,334,151,75
Mrpl13,103,196,110,65
Mrpl14,61,210,99,44
Mrpl15,121,312,144,79
Mrpl16,88,221,98,80
Mrpl17,103,239,99,50
Mrpl18,97,272,100,67
Mrpl19,184,396,182,118
Mrpl2,118,299,119,69
Mrpl20,159,368,176,93
Mrpl21,263,775,268,168
Mrpl22,72,184,60,32
Mrpl23,154,407,174,85
Mrpl24,115,305,143,67
Mrpl27,99,256,106,61
Mrpl28,159,437,174,98
Mrpl3,128,391,196,100
Mrpl30,148,354,148,64
Mrpl32,159,388,176,99
Mrpl33,188,427,198,114
Mrpl34,55,238,94,43
Mrpl35,60,155,69,44
Mrpl36,106,324,122,66
Mrpl37,46,123,62,31
Mrpl38,774,1975,904,580
Mrpl39,27,64,35,20
Mrpl4,404,1065,469,309
Mrpl40,82,234,93,46
Mrpl41,772,2707,1031,485
Mrpl42,121,300,137,63
Mrpl43,246,590,281,151
Mrpl44,39,76,37,29
Mrpl45,100,290,110,58
Mrpl46,50,133,62,26
Mrpl47,53,109,49,27
Mrpl48,312,826,389,226
Mrpl49,38,180,73,43
Mrpl50,42,163,75,35
Mrpl51,139,360,160,76
Mrpl52,411,780,373,230
Mrpl53,55,148,42,30
Mrpl54,103,284,143,76
Mrpl55,204,509,172,115
Mrpl57,191,485,193,95
Mrpl9,97,195,81,68
Mrps10,449,981,390,295
Mrps11,93,220,97,50
Mrps12,172,624,244,114
Mrps14,220,777,307,136
Mrps15,140,361,130,104
Mrps16,111,287,122,68
Mrps17,260,836,356,145
Mrps18a,425,895,454,453
Mrps18b,92,189,84,67
Mrps18c,92,193,117,41
Mrps2,18,50,22,13
Mrps21,198,423,224,92
Mrps22,39,89,45,24
Mrps23,46,124,57,23
Mrps24,259,649,292,122
Mrps25,117,277,132,71
Mrps26,728,1866,760,457
Mrps27,22,67,32,11
Mrps28,47,108,44,17
Mrps30,37,90,40,18
Mrps31,63,208,73,46
Mrps33,250,566,235,118
Mrps34,153,379,158,79
Mrps35,79,250,109,55
Mrps36,214,500,259,146
Mrps5,808,2531,1125,552
Mrps6,99,169,85,43
Mrps7,184,431,182,119
Mrps9,143,395,184,95
Mrrf,29,71,32,28
Mrs2,17,47,26,15
Mrto4,184,373,199,105
Mrvi1,2,11,6,2
Ms4a1,0,1,2,0
Ms4a10,0,0,0,0
Ms4a12,0,0,0,0
Ms4a13,0,0,0,0
Ms4a14,0,0,0,0
Ms4a15,0,1,3,0
Ms4a18,0,0,0,0
Ms4a2,0,0,0,0
Ms4a3,0,0,0,0
Ms4a4a,0,0,0,0
Ms4a4b,9,9,3,0
Ms4a4c,0,5,0,0
Ms4a4d,1,0,0,0
Ms4a5,0,0,0,0
Ms4a6b,8,31,6,3
Ms4a6c,4,18,7,4
Ms4a6d,8,34,14,2
Ms4a7,7,15,3,0
Ms4a8a,0,3,2,2
Msantd1,17,27,19,4
Msantd2,56,151,82,31
Msantd3,14,34,17,3
Msantd4,41,88,45,19
Msc,14,45,21,3
Msgn1,0,0,0,0
Msh2,123,362,175,85
Msh3,223,562,269,151
Msh4,4,4,2,2
Msh5,2,7,7,1
Msh6,10,24,7,11
Msi1,63,138,57,61
Msi2,346,897,523,311
Msl1,376,927,454,270
Msl2,53,116,64,34
Msl3,18,47,18,18
Msl3l2,23,80,24,12
Msln,7,38,26,3
Mslnl,1,10,3,2
Msmb,0,0,0,0
Msmo1,1149,2715,1315,748
Msmp,2,0,1,0
Msn,39,70,41,11
Msr1,0,3,1,0
Msra,273,364,189,177
Msrb1,65,138,35,21
Msrb2,97,206,98,78
Msrb3,5,28,7,9
Mss51,20,57,24,15
Mst1,0,0,0,0
Mst1r,5,9,2,8
Mstn,1,4,2,3
Msto1,144,350,193,133
Msx1,32,26,11,23
Msx2,2,9,3,3
Msx3,0,0,0,0
Mt1,3713,3153,2052,773
Mt2,1775,1316,1007,457
Mt3,1973,2390,1365,614
Mt4,0,0,0,0
Mta1,138,274,172,81
Mta2,83,187,102,57
Mta3,43,70,26,32
Mtap,19,26,7,9
Mtap7d3,0,1,2,1
Mtbp,8,20,11,4
Mtch1,422,1071,502,247
Mtch2,612,1546,633,446
Mtcl1,63,401,170,59
Mtcp1,28,87,27,19
Mtdh,1252,3907,1435,971
Mterf1a,81,238,92,47
Mterf1b,9,8,4,2
Mterf2,17,83,30,13
Mterf3,66,155,77,46
Mterf4,56,166,67,38
Mtf1,71,170,73,52
Mtf2,395,1303,546,324
Mtfmt,40,111,49,28
Mtfp1,258,485,230,184
Mtfr1,11,26,8,11
Mtfr1l,181,351,186,110
Mtfr2,0,0,1,0
Mtg1,114,184,100,72
Mtg2,188,518,239,155
Mthfd1,64,142,64,46
Mthfd1l,14,54,15,7
Mthfd2,45,148,71,26
Mthfd2l,94,258,97,59
Mthfr,42,68,33,22
Mthfs,20,61,36,13
Mthfsd,454,1197,552,309
Mthfsl,46,71,54,24
Mtif2,756,1650,630,522
Mtif3,66,172,71,43
Mtl5,0,0,1,0
Mtm1,139,396,168,111
Mtmr1,88,176,72,51
Mtmr10,94,217,99,68
Mtmr11,19,68,33,17
Mtmr12,36,110,59,38
Mtmr14,80,159,87,60
Mtmr2,36,102,42,21
Mtmr3,51,140,63,43
Mtmr4,46,94,47,19
Mtmr6,80,187,110,38
Mtmr7,43,164,78,41
Mtmr9,19,59,23,5
Mtnr1a,0,0,0,0
Mtnr1b,0,0,0,0
Mto1,264,596,319,204
Mtor,111,276,115,86
Mtpap,49,117,51,27
Mtpn,77,245,102,53
Mtr,12,25,4,10
Mtrf1,16,41,23,20
Mtrf1l,25,71,41,17
Mtrr,13,13,15,14
Mtss1,24,83,46,12
Mtss1l,71,172,96,37
Mttp,322,929,382,208
Mturn,49,91,40,27
Mtus1,41,152,45,21
Mtus2,152,486,240,120
Mtx1,275,644,269,155
Mtx2,123,363,150,78
Mtx3,62,154,74,44
Muc1,2,1,0,0
Muc13,0,1,0,0
Muc15,3,13,10,7
Muc16,0,0,0,0
Muc2,0,1,0,2
Muc20,0,0,0,0
Muc3,0,0,1,0
Muc3a,50,166,76,33
Muc4,0,0,1,0
Muc5ac,0,0,0,0
Muc5b,0,1,0,0
Muc6,0,6,1,2
Mucl2,2,0,0,0
Mug1,0,0,0,0
Mug2,0,0,0,0
Mul1,145,458,226,122
Mum1,174,462,220,165
Mum1l1,3,15,2,2
Mup1,0,0,0,0
Mup10,0,1,0,0
Mup11,0,0,0,0
Mup12,0,0,0,0
Mup13,0,0,0,0
Mup14,0,0,0,0
Mup15,0,0,0,0
Mup16,0,0,0,0
Mup17,0,0,0,0
Mup18,0,0,0,0
Mup19,0,0,0,0
Mup2,0,0,0,0
Mup20,0,0,0,0
Mup21,0,0,0,0
Mup3,0,1,0,0
Mup4,0,0,0,0
Mup5,2,14,5,3
Mup6,0,0,0,0
Mup7,0,0,0,0
Mup8,0,0,0,0
Mup9,0,0,0,0
Murc,17,50,21,8
Mus81,285,751,348,226
Musk,0,3,1,0
Mustn1,16,29,5,3
Mut,103,194,96,53
Mutyh,35,83,43,24
Mvb12a,75,199,85,49
Mvb12b,57,114,73,29
Mvd,47,126,75,17
Mvk,36,121,66,25
Mvp,137,256,148,87
Mx1,0,2,1,0
Mxd1,29,54,30,15
Mxd3,4,9,2,3
Mxd4,212,586,235,122
Mxi1,56,142,54,35
Mxra7,47,134,63,15
Mxra8,37,116,47,32
Mxra8os,0,0,0,0
Myadm,92,199,109,78
Myadml2,20,68,42,20
Myadml2os,0,2,0,0
Myb,1,2,0,1
Mybbp1a,81,185,87,62
Mybl1,4,10,3,0
Mybl2,11,21,20,6
Mybpc1,2,22,4,3
Mybpc2,0,1,0,0
Mybpc3,1,1,1,0
Mybph,6,4,0,1
Mybphl,2,1,2,0
Myc,8,7,1,3
Mycbp,141,319,131,82
Mycbp2,2219,5365,2452,1458
Mycbpap,12,63,24,13
Mycl,29,23,7,13
Mycn,9,35,18,8
Mycs,1,0,0,0
Myct1,4,11,6,0
Myd88,6,9,6,0
Mydgf,386,913,362,207
Myef2,510,1087,528,420
Myeov2,373,651,345,155
Myf5,0,0,0,0
Myf6,0,3,0,0
Myg1,74,232,97,38
Myh1,0,1,1,0
Myh10,124,336,173,77
Myh11,7,74,13,10
Myh13,2,1,0,0
Myh14,50,175,64,36
Myh15,0,1,0,0
Myh2,0,2,2,0
Myh3,5,12,9,4
Myh4,0,1,2,2
Myh6,0,3,0,0
Myh7,10,37,21,9
Myh7b,60,106,39,37
Myh8,2,2,0,3
Myh9,71,184,100,67
Myl1,14,25,9,9
Myl10,0,0,0,0
Myl12a,63,192,69,15
Myl12b,83,258,90,37
Myl2,0,3,3,0
Myl3,0,3,2,0
Myl4,13,155,64,8
Myl6,864,1993,1017,620
Myl6b,46,168,77,41
Myl7,1,0,0,1
Myl9,45,340,46,19
Mylip,29,59,23,14
Mylk,53,197,80,33
Mylk2,0,1,0,0
Mylk3,7,37,14,4
Mylk4,0,1,0,0
Mylpf,4,11,8,2
Mynn,291,933,365,244
Myo10,70,211,89,64
Myo15,0,3,1,0
Myo15b,0,7,1,0
Myo16,30,129,57,14
Myo18a,687,1818,893,574
Myo18b,1,4,2,0
Myo19,46,141,72,39
Myo1a,0,9,8,2
Myo1b,38,351,129,22
Myo1c,62,188,115,87
Myo1d,24,45,26,7
Myo1e,20,51,27,14
Myo1f,9,6,7,0
Myo1g,1,4,2,1
Myo1h,18,27,7,9
Myo3a,0,3,0,0
Myo3b,1,1,2,0
Myo5a,258,805,425,156
Myo5b,49,46,16,27
Myo5c,13,71,38,14
Myo6,332,645,297,280
Myo7a,24,27,16,13
Myo7b,0,0,0,0
Myo9a,84,257,109,60
Myo9b,103,173,113,58
Myoc,76,912,159,15
Myocd,2,4,2,2
Myod1,1,3,2,0
Myof,9,13,12,9
Myog,0,1,0,0
Myom1,2,7,3,0
Myom2,1,1,2,0
Myom3,1,8,2,0
Myot,0,1,0,0
Myoz1,0,0,0,1
Myoz2,0,0,1,1
Myoz3,0,0,0,0
Mypn,3,16,11,1
Mypop,58,164,66,48
Mypopos,5,23,3,1
Myrf,93,141,68,58
Myrfl,1,1,0,1
Myrip,31,110,57,21
Mysm1,484,1387,515,276
Myt1,20,22,23,14
Myt1l,876,2067,974,619
Myzap,5,7,7,1
Mzb1,1,0,2,0
Mzf1,100,230,101,57
Mzt1,80,211,95,45
Mzt2,38,96,46,21
N4bp1,58,189,75,51
N4bp2,48,77,45,24
N4bp2l1,135,411,209,97
N4bp2l2,941,2783,1149,737
N4bp3,14,23,11,11
N6amt1,123,310,133,77
N6amt2,78,202,74,50
Naa10,142,264,125,80
Naa11,2,3,1,0
Naa15,318,796,431,268
Naa16,104,239,94,79
Naa20,419,1235,447,284
Naa25,88,183,90,46
Naa30,38,86,40,22
Naa35,464,919,398,332
Naa38,111,300,122,48
Naa40,104,271,137,66
Naa50,45,146,58,28
Naa60,32,93,50,23
Naaa,152,347,158,97
Naalad2,12,32,8,6
Naaladl1,2,1,0,1
Naaladl2,5,44,21,12
Nab1,68,155,84,34
Nab2,129,300,106,80
Nabp1,65,110,45,35
Nabp2,163,357,175,79
Naca,417,892,412,193
Nacad,24,96,63,24
Nacc1,64,166,61,40
Nacc2,77,213,111,35
Nadk,89,214,111,67
Nadk2,51,60,49,21
Nadsyn1,13,49,22,10
Nae1,426,1072,459,246
Naf1,22,66,44,9
Naga,105,189,92,59
Nagk,777,1994,946,530
Naglu,80,143,74,43
Nagpa,71,159,75,59
Nags,0,1,0,0
Naif1,3,14,4,2
Naip1,1,0,0,0
Naip2,6,9,5,1
Naip5,3,6,9,1
Naip6,1,0,2,0
Nalcn,223,477,216,124
Nampt,53,135,64,32
Nanog,1,2,0,4
Nanos1,54,161,52,36
Nanos2,2,25,22,9
Nanos3,7,19,10,5
Nanp,1,4,0,2
Nans,30,58,35,14
Nap1l1,359,1268,623,252
Nap1l2,51,151,82,54
Nap1l3,114,352,148,86
Nap1l4,149,429,191,106
Nap1l5,552,2291,860,413
Napa,500,1327,608,355
Napb,347,953,487,248
Napepld,48,92,26,16
Napg,381,1103,492,244
Naprt,41,68,33,32
Napsa,24,56,22,22
Narf,110,269,126,76
Narfl,100,237,108,79
Nars,336,1087,467,236
Nars2,62,164,65,37
Nasp,78,248,115,54
Nat1,2,2,1,1
Nat10,142,297,164,95
Nat14,405,1100,432,265
Nat2,2,4,2,0
Nat3,0,1,0,0
Nat6,18,50,20,8
Nat8,11,27,13,9
Nat8l,386,1053,547,278
Nat9,94,192,111,59
Natd1,13,53,29,18
Nav1,500,1012,520,249
Nav2,1043,2965,1428,763
Nav3,327,894,494,198
Nbas,150,313,173,87
Nbea,1029,2055,935,692
Nbeal1,279,909,358,179
Nbeal2,32,76,49,18
Nbl1,186,399,193,115
Nbn,9,45,27,7
Nbr1,198,489,268,186
Ncald,196,657,272,155
Ncam1,1645,2788,1517,1195
Ncam2,152,516,214,103
Ncan,537,1498,709,403
Ncapd2,220,682,322,181
Ncapd3,234,693,325,169
Ncapg,4,5,3,3
Ncapg2,13,56,23,5
Ncaph,2,8,3,0
Ncaph2,198,485,281,135
Ncbp1,77,197,92,56
Ncbp2,178,556,209,111
Ncbp3,97,246,141,99
Nccrp1,0,0,0,0
Ncdn,810,935,472,447
Nceh1,548,1488,584,359
Ncf1,15,18,14,1
Ncf2,13,23,14,1
Ncf4,2,5,5,1
Nck1,49,158,54,25
Nck2,7,15,6,7
Nckap1,502,890,389,324
Nckap1l,6,20,7,3
Nckap5,29,69,37,45
Nckap5l,21,29,15,9
Nckap5los,20,52,20,22
Nckipsd,143,315,154,90
Ncl,342,900,385,249
Ncln,271,753,413,249
Ncmap,5,27,17,7
Ncoa1,205,352,172,118
Ncoa2,208,498,224,129
Ncoa3,125,261,114,100
Ncoa4,3,5,5,3
Ncoa5,95,189,92,45
Ncoa6,76,150,62,37
Ncoa7,321,1138,485,245
Ncor1,803,1929,914,540
Ncor2,161,305,170,96
Ncr1,0,0,0,0
Ncs1,333,476,298,234
Ncstn,164,400,171,97
Ndc1,76,143,94,51
Ndc80,2,2,0,0
Nde1,24,35,17,6
Ndel1,169,576,270,162
Ndfip1,250,913,266,173
Ndfip2,553,1956,715,350
Ndn,679,932,623,246
Ndnf,67,127,67,62
Ndnl2,528,1068,393,320
Ndor1,112,216,115,92
Ndp,12,20,9,7
Ndrg1,82,179,66,39
Ndrg2,697,1380,678,386
Ndrg3,554,1771,845,456
Ndrg4,865,2043,1264,634
Ndst1,77,221,85,59
Ndst2,49,126,62,41
Ndst3,90,208,114,67
Ndst4,200,303,134,161
Ndufa1,582,1246,499,261
Ndufa10,584,1434,630,389
Ndufa11,588,1421,598,295
Ndufa12,408,901,394,207
Ndufa13,1598,4292,1541,815
Ndufa2,543,1210,535,251
Ndufa3,1012,2091,879,431
Ndufa4,1836,5112,1694,915
Ndufa4l2,11,104,28,1
Ndufa5,482,1186,511,230
Ndufa6,336,890,369,163
Ndufa7,354,668,342,147
Ndufa8,218,457,206,107
Ndufa9,275,586,240,128
Ndufab1,300,750,374,168
Ndufaf1,25,84,34,23
Ndufaf2,75,264,84,43
Ndufaf3,217,585,250,135
Ndufaf4,488,1472,588,310
Ndufaf5,80,163,90,44
Ndufaf6,25,67,24,14
Ndufaf7,209,498,305,172
Ndufb10,420,935,399,208
Ndufb11,846,1839,650,443
Ndufb2,411,938,459,223
Ndufb3,313,742,350,166
Ndufb4,346,782,365,147
Ndufb5,561,1738,654,312
Ndufb6,245,530,217,125
Ndufb7,310,706,308,135
Ndufb8,530,1190,568,267
Ndufb9,578,985,495,236
Ndufc1,336,743,346,133
Ndufc2,1315,3581,1295,724
Ndufs1,258,645,327,218
Ndufs2,335,848,412,224
Ndufs3,329,736,357,225
Ndufs4,327,801,315,238
Ndufs5,510,1092,493,234
Ndufs6,210,457,251,96
Ndufs7,558,1629,568,398
Ndufs8,275,669,293,152
Ndufv1,240,458,235,127
Ndufv2,261,539,297,129
Ndufv3,321,677,274,159
Neat1,1723,1834,1096,769
Neb,4,18,10,5
Nebl,1889,2705,1098,1332
Necab1,31,112,38,20
Necab2,128,138,80,65
Necab3,201,1458,782,236
Necap1,120,285,127,59
Necap2,62,250,110,44
Nedd1,20,84,25,20
Nedd4,309,871,395,238
Nedd4l,229,505,267,137
Nedd8,291,706,286,132
Nedd9,15,28,18,8
Nefh,19,66,40,15
Nefl,221,510,211,165
Nefm,230,536,260,137
Negr1,2434,8911,4222,1662
Neil1,68,199,102,65
Neil2,9,26,15,7
Neil3,1,6,2,3
Nek1,175,427,194,96
Nek10,3,19,3,5
Nek11,3,14,3,5
Nek2,3,2,1,0
Nek3,8,20,9,8
Nek4,129,441,149,76
Nek5,0,1,1,9
Nek6,33,38,24,21
Nek7,44,75,45,26
Nek8,13,57,24,18
Nek9,75,171,97,62
Nelfa,69,185,92,53
Nelfb,317,764,343,233
Nelfcd,203,520,241,155
Nelfe,85,228,105,43
Nell1,167,488,220,163
Nell1os,10,15,5,10
Nell2,2568,3998,1762,1946
Nemf,413,1326,609,317
Nenf,859,2364,868,429
Neo1,134,391,188,100
Nepn,0,0,0,0
Nepro,18,30,18,11
Nes,4,39,23,3
Nespas,2,12,6,3
Net1,25,69,30,18
Neto1,93,261,102,61
Neto2,83,385,166,38
Neu1,495,1210,514,325
Neu2,2,21,7,1
Neu3,3,1,0,1
Neu4,18,78,26,24
Neurl1a,76,173,107,41
Neurl1b,31,101,60,29
Neurl2,12,26,5,3
Neurl3,1,11,1,0
Neurl4,169,309,222,111
Neurod1,48,54,43,18
Neurod2,536,756,337,308
Neurod4,0,0,0,0
Neurod6,1077,1598,470,650
Neurog1,0,0,0,0
Neurog2,0,0,1,2
Neurog3,0,0,0,0
Nexn,30,203,59,21
Nf1,153,358,181,92
Nf2,71,136,66,48
Nfam1,3,12,7,1
Nfasc,493,1067,579,334
Nfat5,423,1073,466,266
Nfatc1,7,12,5,4
Nfatc2,33,91,28,24
Nfatc2ip,20,59,26,14
Nfatc3,23,65,28,19
Nfatc4,2,6,5,4
Nfe2,0,0,0,0
Nfe2l1,423,1105,553,313
Nfe2l2,40,89,43,25
Nfe2l3,29,80,28,21
Nfia,472,678,311,263
Nfib,1326,2217,1104,856
Nfic,203,648,321,155
Nfil3,5,24,9,8
Nfix,337,661,287,246
Nfkb1,147,377,192,106
Nfkb2,8,16,10,7
Nfkbia,99,248,90,47
Nfkbib,34,114,38,23
Nfkbid,32,76,28,21
Nfkbie,5,7,5,1
Nfkbil1,41,85,49,14
Nfkbiz,26,47,17,18
Nfrkb,122,386,205,75
Nfs1,217,490,219,146
Nfu1,268,669,315,206
Nfx1,271,784,310,181
Nfxl1,63,120,74,43
Nfya,18,85,35,14
Nfyb,51,149,70,42
Nfyc,65,237,101,49
Ngb,11,42,18,8
Ngdn,90,206,82,56
Ngef,88,636,278,81
Ngf,51,74,24,24
Ngfr,3,19,3,7
Ngfrap1,404,1100,467,252
Ngly1,54,138,76,29
Ngp,6,15,0,0
Ngrn,209,608,275,133
Nhej1,29,69,29,9
Nhlh1,1,1,0,0
Nhlh2,2,1,0,1
Nhlrc1,35,80,28,28
Nhlrc2,96,212,103,66
Nhlrc3,56,151,76,38
Nhlrc4,0,2,0,0
Nhp2,75,171,65,36
Nhp2l1,200,603,213,108
Nhs,26,60,41,13
Nhsl1,25,37,11,6
Nhsl2,92,224,93,50
Nicn1,114,409,175,83
Nid1,16,32,22,4
Nid2,8,16,7,4
Nif3l1,21,53,23,8
Nifk,40,77,26,28
Nim1k,200,578,287,185
Nin,170,347,189,100
Ninj1,81,189,74,44
Ninj2,11,51,15,8
Ninl,26,90,26,10
Nip7,87,209,117,71
Nipa1,88,246,105,74
Nipa2,224,591,223,116
Nipal1,0,4,0,0
Nipal2,29,170,68,42
Nipal3,208,678,304,136
Nipal4,8,24,8,3
Nipbl,158,316,186,107
Nipsnap1,185,357,204,151
Nipsnap3a,0,0,0,1
Nipsnap3b,31,51,39,11
Nisch,1519,3423,1743,1060
Nit1,451,1312,635,472
Nit2,18,51,28,16
Nkain1,3,10,7,3
Nkain2,81,237,77,53
Nkain3,167,155,70,101
Nkain4,341,846,381,242
Nkap,105,237,115,71
Nkapl,36,122,53,27
Nkd1,8,62,15,5
Nkd2,18,12,3,6
Nkg7,6,4,3,2
Nkiras1,293,955,405,195
Nkiras2,35,104,41,14
Nkpd1,6,17,7,3
Nkrf,13,34,9,7
Nktr,1206,3480,1548,804
Nkx1-1,0,0,0,0
Nkx1-2,0,0,0,0
Nkx2-1,3,9,6,3
Nkx2-2,4,17,4,3
Nkx2-2os,2,2,1,0
Nkx2-3,0,2,1,0
Nkx2-4,0,0,0,0
Nkx2-5,0,0,0,0
Nkx2-6,0,0,0,0
Nkx2-9,2,1,1,1
Nkx3-1,0,0,1,0
Nkx3-2,0,0,0,0
Nkx6-1,1,1,0,0
Nkx6-2,60,118,48,17
Nkx6-3,1,10,2,0
Nle1,171,364,196,132
Nlgn1,634,1578,812,451
Nlgn2,358,880,442,270
Nlgn3,532,996,507,391
Nlk,86,459,226,97
Nln,24,118,60,24
Nlrc3,65,152,82,59
Nlrc4,3,2,4,0
Nlrc5,8,4,4,0
Nlrp10,4,4,5,6
Nlrp12,0,1,0,0
Nlrp14,0,0,0,0
Nlrp1a,0,0,0,0
Nlrp1b,0,1,0,0
Nlrp2,0,0,0,0
Nlrp3,1,3,0,0
Nlrp4a,0,0,1,0
Nlrp4b,1,1,1,0
Nlrp4c,0,0,0,0
Nlrp4e,0,0,0,0
Nlrp4f,0,0,1,0
Nlrp4g,0,0,0,0
Nlrp5,0,2,1,0
Nlrp6,2,5,4,1
Nlrp9a,0,0,0,0
Nlrp9b,0,0,0,0
Nlrp9c,0,0,0,0
Nlrx1,14,27,8,9
Nmb,57,96,39,22
Nmbr,3,9,4,4
Nmd3,153,303,158,78
Nme1,316,808,387,161
Nme2,16,48,17,5
Nme3,23,46,32,17
Nme4,184,431,185,120
Nme5,17,65,21,15
Nme6,16,44,16,8
Nme7,404,915,396,273
Nme8,0,0,0,0
Nmi,13,23,11,0
Nmnat1,25,88,39,24
Nmnat2,61,169,92,43
Nmnat3,30,112,50,19
Nmral1,38,89,43,27
Nmrk1,175,393,220,134
Nmrk2,1,2,2,4
Nms,0,0,0,0
Nmt1,595,1386,783,561
Nmt2,454,1378,634,364
Nmu,2,3,0,0
Nmur1,0,0,0,1
Nmur2,0,0,1,1
Nnat,1110,1513,632,558
Nnmt,10,13,3,3
Nnt,66,181,89,49
Noa1,75,174,122,71
Nob1,206,544,233,125
Nobox,0,0,0,0
Noc2l,132,292,160,99
Noc3l,48,132,64,49
Noc4l,94,255,113,75
Noct,96,215,104,64
Nod1,9,15,9,3
Nod2,0,2,1,0
Nodal,2,4,6,1
Nog,13,49,22,12
Nol10,51,111,71,34
Nol11,177,462,219,144
Nol12,79,165,75,45
Nol3,68,154,87,37
Nol4,53,149,64,37
Nol4l,116,215,131,83
Nol6,47,91,61,26
Nol7,130,282,135,90
Nol8,33,72,35,20
Nol9,32,90,43,31
Nolc1,57,196,75,45
Nom1,170,479,205,131
Nomo1,179,437,200,129
Nono,384,931,419,281
Nop10,259,867,359,133
Nop14,110,366,154,91
Nop16,13,32,20,8
Nop2,45,105,51,28
Nop56,2094,4525,2403,1439
Nop58,80,200,96,55
Nop9,23,57,30,18
Nos1,45,73,37,35
Nos1ap,579,1532,812,393
Nos2,0,2,2,1
Nos3,11,34,14,5
Nosip,57,162,60,29
Nostrin,23,44,30,6
Notch1,67,154,65,30
Notch2,86,139,73,91
Notch3,6,68,29,4
Notch4,13,21,13,7
Noto,0,0,0,0
Notum,8,45,26,7
Notumos,0,3,3,0
Nov,321,665,247,220
Nova1,35,102,60,27
Nova2,152,428,196,120
Nova2-1,0,0,0,0
Nox1,0,7,2,3
Nox3,0,1,1,0
Nox4,1,3,1,1
Noxa1,0,0,0,0
Noxo1,7,23,11,9
Noxred1,6,9,3,4
Npas1,61,80,51,39
Npas2,26,117,61,23
Npas3,83,166,100,53
Npas4,34,294,80,41
Npat,55,91,46,18
Npb,6,7,1,4
Npbwr1,2,3,0,4
Npc1,290,762,356,226
Npc1l1,6,18,11,6
Npc2,467,878,507,155
Npcd,0,0,0,0
Npdc1,2563,5838,2381,1718
Npepl1,23,113,35,23
Npepps,388,968,467,264
Npff,2,15,4,4
Npffr1,58,56,30,43
Npffr2,0,3,2,0
Nphp1,43,88,41,27
Nphp3,45,128,48,42
Nphp4,200,493,244,135
Nphs1,6,11,4,4
Nphs1os,0,0,2,1
Nphs2,0,4,1,0
Npl,4,24,9,3
Nploc4,40,91,60,22
Npm1,299,611,272,124
Npm2,3,10,5,1
Npm3,65,183,85,53
Npn2,0,0,0,0
Npnt,104,234,57,47
Nppa,5,8,6,2
Nppb,2,1,0,3
Nppc,62,228,145,73
Npr1,12,21,7,7
Npr2,115,221,111,56
Npr3,17,34,12,16
Nprl2,336,1007,490,266
Nprl3,112,245,105,53
Nps,0,0,0,1
Npsr1,5,15,17,6
Nptn,1861,3585,1816,1704
Nptx1,1446,2100,917,739
Nptx2,117,589,257,64
Nptxr,1045,2070,1058,581
Npvf,0,1,1,0
Npw,3,5,2,1
Npy,924,8603,2781,651
Npy1r,171,413,202,148
Npy2r,179,75,29,63
Npy4r,0,1,0,0
Npy5r,51,120,45,52
Npy6r,0,0,0,0
Nqo1,13,35,15,10
Nqo2,20,32,11,5
Nr0b1,0,0,0,0
Nr0b2,0,0,0,0
Nr1d1,87,339,156,63
Nr1d2,69,264,91,54
Nr1h2,174,488,226,122
Nr1h3,5,17,12,3
Nr1h4,2,0,0,0
Nr1h5,0,1,0,0
Nr1i2,0,0,1,0
Nr1i3,4,11,6,4
Nr2c1,38,108,31,16
Nr2c2,186,452,231,162
Nr2c2ap,151,240,106,50
Nr2e1,16,18,17,10
Nr2e3,0,2,0,0
Nr2f1,229,715,353,158
Nr2f2,158,320,165,137
Nr2f6,43,105,37,27
Nr3c1,137,412,174,76
Nr3c2,93,97,47,55
Nr4a1,37,403,105,61
Nr4a2,80,168,63,74
Nr4a3,31,30,16,12
Nr5a1,1,0,0,0
Nr5a1os,0,1,0,0
Nr5a2,0,0,0,0
Nr6a1,42,112,62,32
Nr6a1os,1,4,4,1
Nradd,35,97,46,18
Nrap,1,4,1,1
Nrarp,17,73,37,23
Nras,231,492,253,199
Nrbf2,37,84,28,21
Nrbp1,173,535,254,175
Nrbp2,405,1014,485,294
Nrcam,644,1508,697,366
Nrd1,480,1174,652,363
Nrde2,59,128,54,34
Nrep,38,64,35,23
Nrf1,66,176,87,51
Nrg1,31,252,117,39
Nrg2,69,233,90,30
Nrg3,94,277,121,65
Nrg3os,0,0,0,0
Nrg4,24,69,21,16
Nrgn,451,1262,571,253
Nrip1,220,647,277,169
Nrip2,118,194,101,77
Nrip3,192,249,135,92
Nrk,4,2,1,3
Nrl,11,10,5,3
Nrm,9,53,27,5
Nrn1,672,1608,661,424
Nrn1l,11,51,24,9
Nron,2,4,1,0
Nrp1,704,472,259,405
Nrp2,339,512,264,212
Nrros,29,63,29,13
Nrsn1,207,574,267,99
Nrsn2,526,1594,662,330
Nrtn,6,32,9,4
Nrxn1,2919,8795,3614,2359
Nrxn2,1711,4499,2370,1131
Nrxn3,1942,6343,3038,1522
Nsa2,253,405,231,136
Nsd1,235,604,235,164
Nsdhl,91,173,93,43
Nsf,1003,1834,746,610
Nsfl1c,148,394,166,68
Nsg1,1318,3721,1403,801
Nsg2,1595,3757,1421,852
Nsl1,2,6,3,1
Nsmaf,315,801,372,207
Nsmce1,61,129,67,38
Nsmce2,117,376,198,65
Nsmce4a,64,190,81,42
Nsmf,1088,1392,595,588
Nsrp1,66,215,95,40
Nsun2,75,195,82,61
Nsun3,17,41,20,10
Nsun4,18,63,28,18
Nsun5,137,315,175,102
Nsun6,219,806,307,169
Nsun7,206,325,136,108
Nt5c,357,1043,465,225
Nt5c1a,2,1,0,0
Nt5c1b,0,0,0,0
Nt5c2,106,293,111,89
Nt5c3,158,666,249,119
Nt5c3b,53,153,49,30
Nt5dc1,11,29,20,4
Nt5dc2,42,17,10,18
Nt5dc3,57,108,51,40
Nt5e,11,50,31,11
Nt5m,76,224,101,51
Ntan1,703,1949,831,505
Ntf3,157,60,20,71
Ntf5,0,2,0,1
Nthl1,20,48,21,15
Ntm,4474,20647,13889,7983
Ntmt1,63,135,70,41
Ntn1,20,77,26,23
Ntn4,10,25,13,11
Ntn5,109,158,88,95
Ntn5-1,0,0,0,0
Ntn5-2,0,0,0,0
Ntng1,2595,3556,1310,1514
Ntng2,1,7,2,7
Ntpcr,40,117,55,25
Ntrk1,7,28,8,5
Ntrk2,1298,3253,1662,753
Ntrk3,1116,1815,849,700
Nts,191,389,213,116
Ntsr1,21,55,20,23
Ntsr2,945,1746,809,580
Nuak1,72,189,105,39
Nuak2,8,22,3,5
Nub1,136,351,145,80
Nubp1,111,401,210,115
Nubp2,44,109,46,25
Nubpl,21,77,41,18
Nucb1,235,508,264,191
Nucb2,253,685,260,211
Nucks1,155,411,176,79
Nudc,216,472,233,101
Nudcd1,25,73,32,15
Nudcd2,307,720,357,207
Nudcd3,1550,5129,2033,1152
Nudt1,9,28,9,8
Nudt10,45,87,51,35
Nudt11,26,44,31,18
Nudt12,2,21,13,8
Nudt12os,0,0,0,0
Nudt13,83,186,75,46
Nudt14,26,61,28,8
Nudt15,3,4,0,1
Nudt16,67,205,78,28
Nudt16l1,91,208,105,59
Nudt17,86,191,97,52
Nudt18,75,255,102,32
Nudt19,95,199,79,44
Nudt2,35,72,31,15
Nudt21,74,189,88,33
Nudt22,25,66,32,22
Nudt3,158,408,203,96
Nudt4,49,153,55,21
Nudt5,229,569,260,175
Nudt6,34,58,30,16
Nudt7,14,33,17,13
Nudt8,192,498,257,147
Nudt9,202,469,191,112
Nuf2,10,17,5,4
Nufip1,49,141,53,37
Nufip2,88,225,99,40
Nuggc,0,2,0,0
Numa1,117,221,115,69
Numb,37,165,69,19
Numbl,75,134,78,43
Nup107,52,129,50,34
Nup133,36,110,55,29
Nup153,54,127,56,31
Nup155,32,74,36,15
Nup160,27,76,26,18
Nup188,35,71,37,9
Nup205,39,120,43,33
Nup210,84,209,96,49
Nup210l,1,1,1,4
Nup214,135,319,152,95
Nup35,35,76,41,13
Nup37,39,131,63,31
Nup43,20,30,17,8
Nup50,92,161,87,51
Nup54,42,68,49,30
Nup62,12,47,19,16
Nup62cl,0,0,0,0
Nup85,108,240,115,84
Nup88,115,359,160,94
Nup93,78,194,94,55
Nup98,10,36,22,4
Nupl1,17,38,19,14
Nupl2,27,48,28,22
Nupr1,41,215,62,17
Nupr1l,16,50,19,17
Nus1,130,294,153,62
Nusap1,19,25,8,10
Nutf2,24,58,25,20
Nutf2-ps1,2,10,4,0
Nutm1,1,2,2,0
Nutm2,0,0,0,0
Nvl,672,1933,856,497
Nwd1,20,28,15,13
Nwd2,108,570,277,88
Nxf1,463,1075,418,275
Nxf2,1,0,1,0
Nxf3,0,0,0,0
Nxf7,0,24,5,0
Nxn,19,43,20,9
Nxnl1,0,0,0,0
Nxnl2,2,3,0,0
Nxpe2,2,6,2,2
Nxpe3,81,160,74,46
Nxpe4,26,73,28,15
Nxpe5,4,6,2,0
Nxph1,181,503,269,140
Nxph2,5,50,19,7
Nxph3,60,163,68,50
Nxph4,7,58,32,8
Nxt1,19,89,35,16
Nxt2,19,65,31,16
Nyap1,80,223,132,56
Nyap2,48,297,110,43
Nynrin,5,17,4,1
Nyx,2,5,2,1
Oacyl,2,13,6,3
Oaf,50,174,63,43
Oard1,26,103,35,19
Oas1a,4,1,1,0
Oas1c,1,4,6,3
Oas1d,0,0,0,0
Oas1e,0,0,0,0
Oas1f,0,0,0,0
Oas1g,0,0,0,0
Oas1h,0,0,0,0
Oas2,1,3,1,0
Oas3,2,8,2,1
Oasl1,1,3,1,0
Oasl2,28,33,32,8
Oat,91,178,92,41
Oaz1,1256,3046,1424,763
Oaz2,550,1356,576,387
Oaz3,56,122,51,44
Obfc1,18,87,37,18
Obox1,0,0,0,0
Obox2,0,0,0,0
Obox3,0,0,0,0
Obox5,1,0,0,0
Obox6,0,0,0,0
Obox7,0,0,0,0
Obox8,0,0,0,0
Obp1a,0,0,0,0
Obp1b,0,0,0,0
Obp2a,0,0,0,0
Obp2b,1,1,1,0
Obscn,3,18,3,5
Obsl1,33,109,56,22
Oc90,0,0,1,2
Oca2,4,3,4,8
Ocel1,62,161,59,37
Ociad1,1308,3305,1128,911
Ociad2,429,1241,528,287
Ocln,49,59,30,43
Ocm,0,3,1,0
Ocrl,578,1379,636,433
Ocstamp,0,1,0,0
Odam,0,0,0,0
Odc1,545,1013,608,566
Odf1,0,0,0,0
Odf2,1841,5106,2237,1274
Odf2l,76,273,153,49
Odf3,2,6,0,2
Odf3b,9,31,12,4
Odf3l1,0,0,0,0
Odf3l2,0,2,0,0
Odf4,0,2,0,0
Ofcc1,0,0,0,0
Ofd1,19,67,30,16
Ogdh,132,463,222,86
Ogdhl,7,11,15,6
Ogfod1,62,172,97,49
Ogfod2,194,504,244,131
Ogfod3,54,196,80,45
Ogfr,112,211,98,54
Ogfrl1,160,459,166,100
Ogg1,47,66,37,16
Ogn,63,117,42,21
Ogt,2805,9221,3663,1865
Oip5,12,28,12,16
Oit1,0,2,0,0
Oit3,1,1,0,0
Ola1,233,658,257,164
Olah,1,2,0,0
Olfm1,3048,5661,2317,1639
Olfm2,70,281,95,61
Olfm3,90,406,179,83
Olfm4,0,1,0,1
Olfm5,0,2,0,0
Olfml1,38,88,34,22
Olfml2a,4,18,7,3
Olfml2b,191,75,43,110
Olfml3,106,261,154,27
Olfr1,0,0,0,0
Olfr10,0,0,0,0
Olfr1000,0,0,0,0
Olfr1002,0,0,0,0
Olfr1006,0,0,0,0
Olfr1008,0,0,0,0
Olfr1009,0,0,0,0
Olfr101,0,0,0,0
Olfr1012,0,0,0,0
Olfr1013,0,0,0,0
Olfr1014,0,0,0,0
Olfr1015,0,0,0,0
Olfr1016,0,0,0,0
Olfr1018,0,0,0,0
Olfr1019,0,0,0,0
Olfr102,0,0,0,0
Olfr1020,0,0,0,0
Olfr1022,0,0,0,0
Olfr1023,0,0,0,0
Olfr1024,0,0,0,0
Olfr1025-ps1,0,0,0,0
Olfr1026,0,0,0,0
Olfr1028,0,0,0,0
Olfr1029,0,0,0,0
Olfr103,0,0,0,0
Olfr1030,0,0,0,0
Olfr1031,0,1,0,0
Olfr1032,0,0,0,0
Olfr1033,0,0,0,0
Olfr1034,0,0,0,0
Olfr1036,0,0,0,0
Olfr1037,0,0,0,0
Olfr1039,0,0,0,0
Olfr1040,0,0,0,0
Olfr1042,0,0,0,0
Olfr1043,0,0,0,0
Olfr1044,0,0,0,0
Olfr1045,0,0,0,0
Olfr1046,0,0,0,0
Olfr1047,0,0,0,0
Olfr1048,0,0,0,0
Olfr1049,0,0,0,0
Olfr1051,0,0,0,0
Olfr1052,0,0,0,0
Olfr1053,0,0,0,0
Olfr1054,0,0,0,0
Olfr1055,0,0,0,0
Olfr1056,0,0,0,0
Olfr1057,0,0,0,0
Olfr1058,0,0,0,0
Olfr1061,0,0,0,0
Olfr1062,0,0,0,0
Olfr1065,0,0,0,0
Olfr1066,0,0,0,0
Olfr107,0,0,0,0
Olfr1076,0,0,0,0
Olfr1079,0,0,0,0
Olfr108,0,0,0,0
Olfr108-1,0,0,0,0
Olfr1080,0,0,0,0
Olfr1082,0,0,0,0
Olfr1084,0,0,0,0
Olfr1085,0,0,0,0
Olfr1086,0,0,0,0
Olfr1087,0,0,0,0
Olfr1089,0,0,0,0
Olfr109,0,0,0,0
Olfr1090,0,0,0,0
Olfr1093,0,0,0,0
Olfr1094,0,0,0,0
Olfr1095,0,0,0,0
Olfr1097,0,0,0,0
Olfr1098,0,0,0,0
Olfr1099,0,0,0,0
Olfr11,0,0,0,0
Olfr110,0,0,0,0
Olfr1100,0,0,0,0
Olfr1101,0,0,0,0
Olfr1102,0,0,0,0
Olfr1104,0,0,0,0
Olfr1105,0,0,0,0
Olfr1106,0,0,0,0
Olfr1107,0,0,0,0
Olfr1109,0,0,0,0
Olfr111,0,0,0,0
Olfr1110,0,0,0,0
Olfr1111,0,0,0,0
Olfr1112,0,0,0,0
Olfr1113,0,0,0,0
Olfr1115,0,0,0,0
Olfr1116,0,0,0,0
Olfr1118,0,0,0,0
Olfr112,0,1,0,0
Olfr1120,0,0,0,0
Olfr1121,0,0,0,0
Olfr1122,0,0,0,0
Olfr1123,0,0,0,0
Olfr1124,0,0,0,0
Olfr1126,0,0,0,0
Olfr1128,0,0,0,0
Olfr1129,0,0,0,0
Olfr113,0,0,0,0
Olfr1130,0,0,0,0
Olfr1131,0,0,0,0
Olfr1132,0,0,0,0
Olfr1133,0,0,0,0
Olfr1134,0,0,0,0
Olfr1135,0,0,0,0
Olfr1136,0,0,0,0
Olfr1137,0,0,0,0
Olfr1138,0,0,0,0
Olfr114,0,0,0,0
Olfr1140,0,0,0,0
Olfr1141,0,0,0,0
Olfr1143,0,0,0,0
Olfr1145,0,0,0,0
Olfr1148,0,0,0,0
Olfr115,0,0,0,0
Olfr1151,0,0,0,0
Olfr1152,0,0,0,0
Olfr1153,0,0,0,0
Olfr1154,0,0,0,0
Olfr1155,0,0,0,0
Olfr1156,0,0,0,0
Olfr1157,0,0,0,0
Olfr1158,0,0,0,0
Olfr116,0,0,0,0
Olfr1160,0,0,0,0
Olfr1161,0,0,0,0
Olfr1162,0,0,0,0
Olfr1163,0,0,0,0
Olfr1164,0,0,0,0
Olfr1166,0,0,0,0
Olfr1167,0,0,0,0
Olfr1168,0,0,0,0
Olfr117,0,0,0,0
Olfr1170,0,0,0,0
Olfr1173,0,0,0,0
Olfr1176,0,0,0,0
Olfr1178,0,0,0,0
Olfr1179,0,0,0,0
Olfr118,0,0,0,0
Olfr1180,0,0,0,0
Olfr1181,0,0,0,0
Olfr1182,0,0,0,0
Olfr1183,0,0,0,0
Olfr1184,0,0,0,0
Olfr1186,0,0,0,0
Olfr1187-ps1,0,0,0,0
Olfr1188,0,0,0,0
Olfr1189,0,0,0,0
Olfr119,0,0,0,0
Olfr1193,0,0,0,0
Olfr1195,0,0,0,0
Olfr1196,0,0,0,0
Olfr1197,0,0,0,0
Olfr1198,0,0,0,0
Olfr1199,0,0,0,0
Olfr12,0,0,0,0
Olfr120,0,0,0,0
Olfr1200,0,0,0,0
Olfr1201,0,0,0,0
Olfr1202,0,0,0,0
Olfr1204,0,0,0,0
Olfr1205,0,0,0,0
Olfr1206,0,0,0,0
Olfr1208,0,0,0,0
Olfr1209,0,0,0,0
Olfr121,0,0,0,0
Olfr1211,1,0,0,0
Olfr1212,0,0,0,0
Olfr1213,0,0,0,0
Olfr1214,0,0,0,0
Olfr1215,0,0,0,0
Olfr1216,0,0,0,0
Olfr1217,0,0,0,0
Olfr1218,0,0,0,0
Olfr1219,0,0,0,0
Olfr122,0,0,0,0
Olfr1220,0,0,0,0
Olfr1221,0,0,0,0
Olfr1222,0,0,0,0
Olfr1223,0,0,0,0
Olfr1224-ps1,0,0,0,0
Olfr1225,0,0,0,0
Olfr1226,0,0,0,0
Olfr1228,0,0,0,0
Olfr1229,0,0,0,0
Olfr123,0,0,0,0
Olfr1230,0,0,0,0
Olfr1231,0,0,0,0
Olfr1232,0,0,0,0
Olfr1233,0,0,0,0
Olfr1234,0,0,0,0
Olfr1238,0,0,0,0
Olfr1239,0,0,0,0
Olfr124,0,0,0,0
Olfr1240,0,0,0,0
Olfr1241,0,0,0,0
Olfr1242,0,0,0,0
Olfr1243,0,0,0,0
Olfr1245,0,0,0,0
Olfr1246,0,0,0,0
Olfr1247,0,0,0,0
Olfr1248,0,0,0,0
Olfr1249,0,0,0,0
Olfr125,0,0,0,0
Olfr1250,0,0,0,0
Olfr1251,0,0,0,0
Olfr1252,0,0,0,0
Olfr1253,0,0,0,0
Olfr1254,0,0,0,0
Olfr1255,0,0,0,0
Olfr1256,0,0,0,0
Olfr1257,0,0,0,0
Olfr1258,0,0,0,0
Olfr1259,0,0,0,0
Olfr126,0,0,0,0
Olfr126-1,0,0,0,0
Olfr1260,0,0,0,0
Olfr1261,0,0,0,0
Olfr1262,0,0,0,0
Olfr1263,0,0,0,0
Olfr1264,0,0,0,0
Olfr1265,0,0,0,0
Olfr1269,0,0,0,0
Olfr127,0,1,0,0
Olfr1270,0,0,0,0
Olfr1271,0,0,0,0
Olfr1272,0,0,0,0
Olfr1275,0,0,0,0
Olfr1276,0,0,0,0
Olfr1277,0,0,0,0
Olfr1278,0,0,0,0
Olfr1279,0,0,0,0
Olfr128,0,0,0,0
Olfr1280,0,0,0,0
Olfr1281,0,0,0,0
Olfr1282,0,0,0,0
Olfr1283,0,0,0,0
Olfr1284,0,0,0,0
Olfr1284-1,0,0,0,0
Olfr1286,0,0,0,1
Olfr1287,0,0,0,0
Olfr1288,0,0,0,0
Olfr1289,0,0,0,0
Olfr129,0,0,0,0
Olfr1290,0,0,0,0
Olfr1294,0,0,0,0
Olfr1295,0,0,0,0
Olfr1297,0,0,0,0
Olfr1298,0,0,0,0
Olfr1299,0,0,0,0
Olfr13,0,0,0,0
Olfr130,0,0,0,0
Olfr1301,0,0,0,0
Olfr1302,0,0,0,0
Olfr1303,0,0,0,0
Olfr1305,0,0,0,0
Olfr1306,0,0,0,0
Olfr1307,0,0,0,0
Olfr1308,0,0,0,0
Olfr1309,0,0,0,0
Olfr1309-1,0,0,0,0
Olfr131,0,0,0,0
Olfr1310,0,0,0,0
Olfr1311,0,0,0,0
Olfr1312,0,0,0,0
Olfr1313,0,0,0,0
Olfr1314,0,0,0,0
Olfr1315-ps1,0,0,0,0
Olfr1316,0,0,0,0
Olfr1316-1,0,0,0,0
Olfr1317,0,0,0,0
Olfr1318,0,0,0,0
Olfr132,0,0,0,0
Olfr1320,0,0,0,0
Olfr1321,0,0,0,0
Olfr1322,0,0,0,0
Olfr1323,0,0,0,0
Olfr1324,0,0,0,0
Olfr1325,0,0,0,0
Olfr1326-ps1,0,0,0,0
Olfr1328,0,0,0,0
Olfr1329,0,0,0,0
Olfr133,0,0,0,0
Olfr1330,0,0,0,0
Olfr1331,0,0,0,0
Olfr1333,0,0,0,0
Olfr1335,0,0,0,0
Olfr1336,0,0,0,0
Olfr1337,0,0,0,0
Olfr1338,0,0,0,0
Olfr1339,0,0,0,0
Olfr134,0,0,0,0
Olfr1340,0,0,0,0
Olfr1341,0,0,0,0
Olfr1342,0,0,0,0
Olfr1344,0,0,0,0
Olfr1346,0,0,0,0
Olfr1347,0,0,0,0
Olfr1348,2,0,0,1
Olfr1349,0,0,0,0
Olfr135,0,0,0,0
Olfr1350,0,0,0,0
Olfr1351,0,0,0,0
Olfr1352,0,0,0,0
Olfr1353,0,0,0,0
Olfr1354,0,0,0,0
Olfr1355,0,0,0,0
Olfr1356,0,0,0,0
Olfr1357,0,0,0,0
Olfr1359,0,0,0,0
Olfr136,0,0,0,0
Olfr1360,0,0,0,0
Olfr1361,0,0,0,0
Olfr1362,0,0,0,0
Olfr1364,0,0,0,0
Olfr1366,0,0,0,0
Olfr1366-1,0,0,0,0
Olfr1367,0,0,0,0
Olfr1368,0,0,0,0
Olfr1369-ps1,0,0,0,0
Olfr137,0,0,0,0
Olfr1370,0,0,0,0
Olfr1371,0,0,0,0
Olfr1373,0,0,0,0
Olfr1375,0,0,0,0
Olfr1377,0,0,0,0
Olfr1378,0,0,0,0
Olfr138,0,0,0,0
Olfr1380,0,0,0,0
Olfr1381,0,0,0,0
Olfr1382,0,0,0,0
Olfr1383,0,0,0,0
Olfr1384,0,0,0,0
Olfr1385,0,0,0,0
Olfr1386,0,0,0,0
Olfr1387,0,0,0,0
Olfr1388,0,0,0,0
Olfr1389,0,0,0,0
Olfr139,0,0,0,0
Olfr1390,0,0,0,0
Olfr1391,0,0,0,0
Olfr1392,0,1,0,0
Olfr1393,0,0,0,0
Olfr1394,0,0,0,0
Olfr1395,0,0,0,0
Olfr1396,0,0,0,0
Olfr1396-1,0,0,0,0
Olfr140,0,0,0,0
Olfr1402,0,0,0,0
Olfr1404,0,0,0,0
Olfr1406,0,0,0,0
Olfr1408,0,0,0,0
Olfr141,0,0,0,0
Olfr1410,0,0,0,0
Olfr1411,0,0,0,0
Olfr1412,0,0,0,0
Olfr1413,0,0,0,0
Olfr1414,0,0,0,0
Olfr1415,0,0,0,0
Olfr1416,0,0,0,0
Olfr1417,0,0,0,0
Olfr1418,0,0,0,0
Olfr1419,0,0,0,0
Olfr142,0,0,0,0
Olfr1420,0,0,0,0
Olfr1423,0,0,0,0
Olfr1424,0,1,0,0
Olfr1425,0,0,0,0
Olfr1426,0,0,0,0
Olfr1427,0,0,0,0
Olfr1428,0,0,0,0
Olfr143,0,0,0,0
Olfr1431,0,0,0,0
Olfr1432,0,0,0,0
Olfr1434,0,0,0,0
Olfr1436,0,0,0,0
Olfr1437,0,1,0,0
Olfr1438-ps1,0,0,0,0
Olfr1440,0,0,0,0
Olfr1441,0,0,0,0
Olfr1442,0,0,0,0
Olfr1443,1,0,0,0
Olfr1444,0,0,0,0
Olfr1445,0,0,0,0
Olfr1446,0,0,0,0
Olfr1447,0,0,0,0
Olfr1448,0,0,0,0
Olfr1449,0,0,0,0
Olfr145,0,0,0,0
Olfr1450,0,0,0,0
Olfr1451,0,0,0,0
Olfr1453,0,0,0,0
Olfr1454,0,0,0,0
Olfr1457,0,0,0,0
Olfr1458,0,0,0,0
Olfr1459,0,0,0,0
Olfr146,0,0,0,0
Olfr1461,0,0,0,0
Olfr1462,0,0,0,0
Olfr1463,0,0,0,0
Olfr1465,0,0,0,0
Olfr1466,0,0,0,0
Olfr1467,0,0,0,0
Olfr1469,0,0,0,0
Olfr147,0,1,0,0
Olfr1471,0,0,0,0
Olfr1472,0,0,0,0
Olfr1474,0,0,0,0
Olfr1475,0,0,0,0
Olfr1477,0,0,0,0
Olfr148,0,0,0,0
Olfr1480,0,0,0,0
Olfr1484,0,0,0,0
Olfr1487,0,0,0,0
Olfr1489,0,0,0,0
Olfr149,0,0,0,0
Olfr1490,0,0,0,0
Olfr1491,0,0,0,0
Olfr1493-ps1,0,0,0,0
Olfr1494,0,0,0,0
Olfr1495,0,0,0,0
Olfr1496,0,0,0,0
Olfr1496-1,0,0,0,0
Olfr1497,0,0,0,0
Olfr1499,0,0,0,0
Olfr15,0,0,0,0
Olfr150,0,0,0,0
Olfr1500,0,0,0,0
Olfr1501,0,0,0,0
Olfr1502,0,0,0,0
Olfr1504,0,0,0,0
Olfr1505,0,0,0,0
Olfr1506,0,0,0,0
Olfr1507,1,0,0,5
Olfr1508,0,0,0,0
Olfr1509,0,0,0,0
Olfr1510,0,0,0,0
Olfr1511,0,0,0,0
Olfr1512,0,0,0,0
Olfr1513,0,0,0,0
Olfr152,0,0,0,0
Olfr153,0,0,0,0
Olfr1532-ps1,0,0,0,0
Olfr1535,0,0,0,0
Olfr1537,0,0,0,0
Olfr154,0,0,0,0
Olfr155,0,0,0,0
Olfr1555-ps1,0,0,0,0
Olfr156,0,0,0,0
Olfr157,0,0,0,0
Olfr159,0,0,0,0
Olfr16,0,0,0,0
Olfr160,0,0,0,0
Olfr161,0,0,0,0
Olfr164,0,0,0,0
Olfr165,0,0,0,0
Olfr166,0,0,0,0
Olfr167,0,0,0,0
Olfr168,0,0,0,0
Olfr169,0,0,0,0
Olfr17,0,0,0,0
Olfr170,0,0,0,0
Olfr170-1,0,0,0,0
Olfr171,0,0,0,0
Olfr172,0,0,0,0
Olfr173,0,0,0,0
Olfr175-ps1,0,0,0,0
Olfr177,0,0,0,0
Olfr178,0,0,0,0
Olfr18,0,0,0,0
Olfr180,0,0,0,0
Olfr181,0,0,0,0
Olfr183,0,1,0,0
Olfr186,0,0,0,0
Olfr187,0,0,0,0
Olfr19,0,0,0,0
Olfr190,0,0,0,0
Olfr191,0,0,0,0
Olfr193,0,0,0,0
Olfr194,0,0,0,0
Olfr195,0,0,0,0
Olfr196,0,0,0,0
Olfr198,0,0,0,0
Olfr199,0,0,0,0
Olfr2,0,0,0,0
Olfr20,0,0,0,0
Olfr201,0,0,0,0
Olfr202,0,0,0,0
Olfr203,0,0,0,0
Olfr204,0,0,0,0
Olfr205,0,0,0,0
Olfr206,0,0,0,0
Olfr209,0,0,0,0
Olfr211,0,0,0,0
Olfr212,0,0,1,0
Olfr213,0,0,0,0
Olfr214,0,0,0,0
Olfr215,0,0,0,0
Olfr218,0,0,0,0
Olfr220,0,1,0,0
Olfr221,0,0,0,0
Olfr222,0,0,0,0
Olfr223,0,0,0,0
Olfr224,0,0,0,0
Olfr228,0,0,0,0
Olfr229,0,0,0,0
Olfr23,1,0,1,0
Olfr231,0,0,0,0
Olfr235,0,0,0,0
Olfr237-ps1,0,0,0,0
Olfr239,0,0,0,0
Olfr24,0,0,0,0
Olfr243,0,0,0,0
Olfr247,0,0,0,0
Olfr248,0,0,0,0
Olfr25,0,0,0,0
Olfr250,0,0,0,0
Olfr251,0,0,0,0
Olfr259,0,0,0,0
Olfr26,0,0,0,0
Olfr262,0,0,0,0
Olfr263,0,0,0,0
Olfr266,0,0,0,0
Olfr267,0,2,0,0
Olfr27,0,0,0,0
Olfr270,0,0,0,0
Olfr272,0,0,0,0
Olfr273,0,0,0,0
Olfr275,0,0,0,0
Olfr279,0,0,0,0
Olfr281,0,0,0,0
Olfr282,0,0,0,0
Olfr283,0,0,0,0
Olfr284,0,0,0,0
Olfr285,0,0,0,0
Olfr287,2,5,5,3
Olfr288,0,3,1,1
Olfr290,0,0,0,0
Olfr291,0,0,0,0
Olfr292,0,0,0,0
Olfr293,0,0,0,0
Olfr294,0,0,0,0
Olfr295,0,0,0,0
Olfr297,0,0,0,0
Olfr298,0,0,0,0
Olfr299,0,0,0,0
Olfr3,0,0,0,0
Olfr30,0,0,0,0
Olfr301,0,0,0,0
Olfr303,0,0,0,0
Olfr304,0,0,0,0
Olfr305,0,0,0,0
Olfr307,0,0,0,0
Olfr308,0,0,0,0
Olfr309,0,0,0,0
Olfr31,0,1,0,0
Olfr310,0,0,0,0
Olfr311,0,0,0,0
Olfr312,0,0,0,0
Olfr313,0,0,0,0
Olfr314,0,0,0,0
Olfr315,0,0,0,0
Olfr316,0,0,0,0
Olfr317,0,0,0,0
Olfr318,0,0,0,0
Olfr319,0,0,0,0
Olfr32,0,0,0,0
Olfr320,0,0,0,0
Olfr322,0,0,0,0
Olfr323,0,0,0,0
Olfr324,1,0,0,0
Olfr325,0,0,0,0
Olfr328,0,0,0,0
Olfr329-ps,0,0,0,0
Olfr33,0,0,0,0
Olfr330,0,0,0,0
Olfr331,0,0,0,0
Olfr332,0,0,0,0
Olfr338,0,0,0,0
Olfr339,0,0,0,0
Olfr340,0,0,0,0
Olfr341,0,0,0,0
Olfr342,0,0,0,0
Olfr344,0,0,0,0
Olfr345,0,0,0,0
Olfr346,0,0,0,0
Olfr347,0,0,0,0
Olfr348,0,0,0,0
Olfr350,0,0,0,0
Olfr351,0,0,0,0
Olfr352,0,0,0,0
Olfr353,0,0,0,0
Olfr354,0,0,0,0
Olfr355,0,0,0,0
Olfr356,0,0,0,0
Olfr357,0,0,0,0
Olfr358,0,0,0,0
Olfr360,0,0,0,0
Olfr361,0,0,0,0
Olfr362,0,0,0,0
Olfr364-ps1,0,0,0,0
Olfr365,0,0,0,0
Olfr366,0,0,0,0
Olfr368,0,0,0,0
Olfr370,0,0,0,0
Olfr371,0,0,0,0
Olfr372,0,0,0,0
Olfr373,0,0,0,0
Olfr374,0,0,0,0
Olfr376,0,0,0,0
Olfr378,0,0,0,0
Olfr38,0,0,0,0
Olfr380,0,0,0,0
Olfr381,0,0,0,0
Olfr382,0,0,0,0
Olfr384,0,0,0,0
Olfr385,0,0,0,0
Olfr389,0,0,0,0
Olfr39,0,1,1,0
Olfr390,0,0,0,0
Olfr391-ps,0,0,0,0
Olfr392,0,0,0,0
Olfr393,0,0,0,0
Olfr394,0,0,0,0
Olfr395,0,0,0,0
Olfr397,0,0,0,0
Olfr398,0,0,0,0
Olfr399,0,0,0,0
Olfr401,0,0,0,0
Olfr402,0,0,0,0
Olfr403,0,0,0,0
Olfr406,0,0,0,0
Olfr410,0,0,0,0
Olfr411,0,1,0,0
Olfr412,0,0,0,0
Olfr414,0,0,0,0
Olfr417,0,0,0,0
Olfr418,0,0,0,0
Olfr419,0,0,0,0
Olfr420,0,0,0,0
Olfr424,0,0,0,0
Olfr427,0,0,0,0
Olfr429,0,0,0,0
Olfr43,0,0,0,0
Olfr430,0,0,0,0
Olfr432,0,0,0,0
Olfr433,0,0,0,0
Olfr434,0,0,0,0
Olfr435,0,0,0,0
Olfr437,0,0,0,0
Olfr44,0,0,0,0
Olfr441,0,0,0,0
Olfr444,0,0,0,0
Olfr446,0,0,0,0
Olfr447,0,0,0,0
Olfr448,0,0,0,0
Olfr449,0,0,0,0
Olfr45,0,0,0,0
Olfr450,0,0,0,0
Olfr452,0,0,0,0
Olfr453,0,0,0,0
Olfr455,0,0,0,0
Olfr456,0,0,0,0
Olfr457,0,0,0,0
Olfr458,0,0,0,0
Olfr459,0,0,0,0
Olfr46,0,0,0,0
Olfr460,0,0,0,0
Olfr461,1,0,0,0
Olfr462,0,0,0,0
Olfr463,0,0,0,0
Olfr464,0,1,1,0
Olfr465-ps1,0,0,0,0
Olfr466,0,0,0,0
Olfr467,0,0,0,0
Olfr469,0,0,0,0
Olfr47,0,0,0,0
Olfr470,0,0,0,0
Olfr472,0,0,0,0
Olfr473,0,0,0,0
Olfr474,0,0,0,0
Olfr476,0,0,0,0
Olfr477,0,0,0,0
Olfr478,0,0,0,0
Olfr479,0,0,0,0
Olfr48,0,0,0,0
Olfr480,0,0,0,0
Olfr481,0,0,0,0
Olfr482,0,0,0,0
Olfr483,0,0,0,0
Olfr484,0,0,0,0
Olfr485,0,0,0,0
Olfr486,0,0,0,0
Olfr487,0,0,0,0
Olfr488,0,1,0,0
Olfr49,0,0,0,0
Olfr490,0,0,0,0
Olfr491,0,0,0,0
Olfr492,0,0,0,0
Olfr493,0,0,0,0
Olfr494,0,0,0,0
Olfr495,0,0,0,0
Olfr497,0,0,0,0
Olfr498,0,0,0,0
Olfr5,0,0,0,0
Olfr50,0,0,0,0
Olfr502,0,0,0,0
Olfr503,0,0,0,0
Olfr504,0,0,0,0
Olfr506,0,0,0,0
Olfr507,0,0,0,0
Olfr508,0,0,0,0
Olfr509,0,0,0,0
Olfr51,0,0,0,0
Olfr510,0,0,0,0
Olfr512,0,0,0,0
Olfr513,0,0,0,0
Olfr514,0,0,0,0
Olfr516,0,0,0,0
Olfr517,0,0,0,0
Olfr518,0,0,0,0
Olfr519,0,0,0,0
Olfr52,0,0,0,0
Olfr520,0,0,0,0
Olfr521,0,0,0,0
Olfr522,0,0,0,0
Olfr523,0,0,0,0
Olfr524,0,0,0,0
Olfr525,0,0,0,0
Olfr527,0,0,0,0
Olfr53,0,1,0,0
Olfr530,0,0,0,0
Olfr531,0,0,0,0
Olfr532,0,0,0,0
Olfr533,0,0,0,0
Olfr535,0,0,0,0
Olfr536,0,0,0,0
Olfr538,0,1,0,0
Olfr539,0,0,0,0
Olfr54,0,0,0,0
Olfr541,0,0,0,0
Olfr543,1,7,3,1
Olfr544,0,0,0,0
Olfr545,0,0,0,0
Olfr547,0,0,0,0
Olfr548-ps1,0,0,0,0
Olfr549,0,0,0,0
Olfr55,0,1,0,0
Olfr550,0,0,0,2
Olfr551,0,0,0,0
Olfr552,0,0,0,0
Olfr553,0,0,0,0
Olfr554,0,0,0,0
Olfr555,0,0,0,0
Olfr556,0,0,0,1
Olfr557,0,0,0,0
Olfr558,3,1,5,1
Olfr559,0,0,0,0
Olfr56,0,0,1,0
Olfr561,0,0,0,0
Olfr564,0,0,0,0
Olfr566,0,0,0,0
Olfr568,0,0,0,0
Olfr569,0,0,0,0
Olfr57,1,2,1,0
Olfr570,0,0,0,0
Olfr571,0,0,0,0
Olfr572,0,0,0,0
Olfr573-ps1,0,0,0,0
Olfr574,0,0,0,0
Olfr575,0,0,0,0
Olfr576,0,0,0,0
Olfr577,0,0,0,0
Olfr578,0,0,0,0
Olfr58,0,0,0,0
Olfr582,0,0,0,0
Olfr583,0,0,0,0
Olfr584,0,0,0,0
Olfr585,0,0,0,0
Olfr586,0,0,0,0
Olfr589,0,0,0,0
Olfr59,0,0,0,0
Olfr591,0,0,0,0
Olfr592,0,0,0,0
Olfr593,0,0,0,0
Olfr594,0,0,0,0
Olfr596,0,0,0,0
Olfr597,0,0,0,0
Olfr598,0,0,0,0
Olfr599,0,0,0,0
Olfr6,0,0,0,0
Olfr60,0,0,0,0
Olfr600,0,0,0,0
Olfr601,0,0,0,0
Olfr603,0,0,0,0
Olfr605,0,0,0,0
Olfr606,0,0,0,0
Olfr607,0,0,0,0
Olfr608,0,0,0,0
Olfr609,0,0,0,0
Olfr61,0,0,0,1
Olfr610,0,0,0,0
Olfr611,0,0,0,0
Olfr612,0,0,0,0
Olfr613,1,0,0,1
Olfr615,0,0,0,0
Olfr616,0,0,0,0
Olfr617,0,0,0,0
Olfr618,0,0,0,0
Olfr619,0,0,0,0
Olfr62,0,0,0,0
Olfr620,0,0,0,0
Olfr622,0,0,0,0
Olfr623,0,0,0,0
Olfr624,0,0,0,0
Olfr625-ps1,0,0,0,0
Olfr628,0,0,0,0
Olfr629,0,0,0,0
Olfr63,0,0,0,0
Olfr630,0,0,0,0
Olfr631,0,0,0,0
Olfr632,0,0,0,0
Olfr633,0,0,0,0
Olfr635,0,0,0,0
Olfr638,0,0,0,0
Olfr639,0,0,0,0
Olfr64,0,0,0,0
Olfr640,0,0,0,0
Olfr641,0,0,0,0
Olfr642,0,0,0,0
Olfr643,0,0,0,0
Olfr644,0,0,0,0
Olfr645,0,0,0,0
Olfr646,0,0,0,0
Olfr648,0,0,0,0
Olfr649,0,0,0,0
Olfr65,0,0,0,0
Olfr651,0,0,0,0
Olfr652,0,0,0,0
Olfr653,0,0,0,0
Olfr654,0,0,0,0
Olfr655,0,0,0,0
Olfr656,0,0,0,0
Olfr657,0,0,0,0
Olfr658,1,6,3,0
Olfr659,0,0,0,0
Olfr66,0,0,0,0
Olfr661,0,0,0,0
Olfr665,0,0,0,0
Olfr666,0,0,0,0
Olfr667,0,0,0,0
Olfr668,0,0,0,0
Olfr669,0,0,0,0
Olfr67,0,0,0,0
Olfr670,0,0,0,0
Olfr671,0,0,0,0
Olfr672,0,0,0,0
Olfr675,0,0,0,0
Olfr676,0,0,0,0
Olfr677,0,0,0,0
Olfr678,0,0,0,0
Olfr679,0,0,0,0
Olfr68,0,0,0,0
Olfr681,0,0,0,0
Olfr682-ps1,0,0,0,0
Olfr683,0,0,0,0
Olfr684,0,0,0,0
Olfr685,0,0,0,0
Olfr686,0,0,0,0
Olfr687,0,0,0,0
Olfr688,0,0,0,0
Olfr689,0,0,0,0
Olfr69,0,0,0,0
Olfr690,0,1,0,0
Olfr691,0,1,1,0
Olfr692,0,1,0,0
Olfr693,0,0,0,0
Olfr694,0,0,0,0
Olfr695,0,0,0,0
Olfr697,0,0,0,0
Olfr698,0,0,0,0
Olfr699,0,0,0,0
Olfr70,0,0,0,0
Olfr700,0,0,0,0
Olfr701,0,1,2,0
Olfr702,0,0,0,0
Olfr703,0,0,0,0
Olfr704,0,0,0,0
Olfr705,0,0,0,0
Olfr706,0,0,0,0
Olfr707,0,0,0,0
Olfr709-ps1,0,0,0,0
Olfr71,0,0,0,0
Olfr710,0,0,0,0
Olfr711,0,0,0,0
Olfr713,0,0,0,0
Olfr714,0,0,0,0
Olfr715,0,0,0,0
Olfr716,0,0,0,0
Olfr720,0,0,0,0
Olfr721-ps1,0,0,0,0
Olfr722,0,0,0,0
Olfr723,0,0,0,0
Olfr724,0,0,0,0
Olfr725,0,0,0,0
Olfr726,0,0,0,0
Olfr727,0,1,0,0
Olfr728,0,0,0,0
Olfr729,0,0,0,0
Olfr73,0,0,0,0
Olfr730,0,0,0,0
Olfr730-1,0,0,0,0
Olfr731,0,0,0,0
Olfr732,0,0,0,0
Olfr733,0,0,0,0
Olfr734,0,0,0,0
Olfr735,0,0,0,0
Olfr736,0,0,0,0
Olfr738,0,0,0,0
Olfr739,0,0,0,0
Olfr74,0,0,0,0
Olfr740,0,0,0,0
Olfr741,0,1,0,0
Olfr742,0,0,0,0
Olfr743,0,0,0,0
Olfr744,0,0,0,0
Olfr745,0,0,0,0
Olfr746,0,0,0,0
Olfr747,0,0,0,0
Olfr748,0,0,0,0
Olfr749,0,0,0,0
Olfr750,0,0,0,0
Olfr76,0,0,0,0
Olfr761,0,0,0,0
Olfr763,0,0,0,0
Olfr765,0,0,0,0
Olfr767,0,0,0,0
Olfr768,0,0,0,0
Olfr769,0,0,0,0
Olfr77,0,0,0,0
Olfr770,0,0,0,0
Olfr771,0,0,0,0
Olfr772,0,0,0,0
Olfr773,0,0,0,0
Olfr774,0,0,0,0
Olfr775,0,0,0,0
Olfr776,0,0,0,0
Olfr777,0,0,0,0
Olfr78,0,14,6,0
Olfr780,0,0,0,0
Olfr781,0,0,0,0
Olfr782,0,0,0,0
Olfr784,0,0,0,0
Olfr786,0,0,0,0
Olfr787,0,0,0,0
Olfr788,0,0,0,0
Olfr789,0,0,0,0
Olfr790,0,0,0,0
Olfr790-1,0,0,0,0
Olfr791,0,0,0,0
Olfr792,0,0,0,0
Olfr794,0,0,0,0
Olfr796,0,0,0,0
Olfr798,0,0,0,0
Olfr799,0,0,0,0
Olfr8,0,0,0,0
Olfr800,0,0,0,0
Olfr801,0,0,0,0
Olfr802,0,0,0,0
Olfr803,0,0,0,0
Olfr804,0,0,0,0
Olfr805,0,0,0,0
Olfr806,0,0,0,0
Olfr807,0,0,0,0
Olfr808,0,0,0,0
Olfr809,0,0,0,0
Olfr809-1,0,0,0,0
Olfr810,0,0,0,0
Olfr811,0,0,0,0
Olfr812,0,0,0,0
Olfr813,0,0,0,0
Olfr814,0,0,0,0
Olfr815,0,0,0,0
Olfr816,0,0,1,0
Olfr818,0,0,0,0
Olfr819,0,0,0,0
Olfr820,0,0,0,0
Olfr821,0,0,0,0
Olfr822,0,0,0,0
Olfr823,0,0,0,0
Olfr824,0,0,0,0
Olfr825,0,0,0,0
Olfr826,0,0,0,0
Olfr827,0,0,0,0
Olfr828,0,0,0,0
Olfr829,0,0,0,0
Olfr830,0,0,0,0
Olfr831-ps1,0,0,0,0
Olfr832,0,0,0,0
Olfr834,0,0,0,0
Olfr835,0,0,0,0
Olfr836,0,0,0,0
Olfr843,0,0,0,0
Olfr844,0,0,0,0
Olfr845,0,0,0,0
Olfr846,0,0,0,0
Olfr847,0,0,0,0
Olfr849,0,0,0,0
Olfr850,0,0,0,0
Olfr851,0,0,0,0
Olfr853,0,0,0,0
Olfr854,0,0,0,0
Olfr855,0,0,0,0
Olfr857,0,0,0,0
Olfr859,0,0,0,0
Olfr860,0,0,0,0
Olfr862,0,0,0,0
Olfr866,0,0,0,0
Olfr867,0,0,0,0
Olfr868,0,0,0,0
Olfr869,0,0,0,0
Olfr870,0,0,0,0
Olfr871,0,0,0,0
Olfr872,0,0,0,0
Olfr873,0,0,0,0
Olfr874,0,0,0,0
Olfr875,0,2,0,0
Olfr876,0,0,0,0
Olfr877,0,0,0,0
Olfr878,0,0,1,0
Olfr881,1,0,0,0
Olfr883,0,0,0,0
Olfr884,0,0,0,0
Olfr885,0,0,0,0
Olfr887,0,0,0,0
Olfr888,0,0,0,0
Olfr889,0,0,0,0
Olfr890,0,0,0,0
Olfr891,0,0,0,0
Olfr893,0,0,0,0
Olfr894,0,0,0,0
Olfr895,0,0,0,0
Olfr898,0,0,0,0
Olfr9,0,0,0,0
Olfr90,0,0,1,0
Olfr901,0,0,0,0
Olfr902,0,0,0,0
Olfr904,0,0,0,0
Olfr905,0,0,0,0
Olfr906,0,0,0,0
Olfr907,0,0,0,0
Olfr91,0,0,0,0
Olfr910,0,0,0,0
Olfr911-ps1,0,0,1,0
Olfr912,0,0,0,0
Olfr913,0,0,0,0
Olfr914,0,0,0,0
Olfr916,0,0,0,0
Olfr917,0,0,0,0
Olfr918,0,0,0,0
Olfr919,0,0,0,0
Olfr92,0,0,0,0
Olfr920,1,4,1,1
Olfr921,0,0,0,0
Olfr922,0,0,0,0
Olfr923,0,0,0,0
Olfr924,0,0,0,0
Olfr926,0,0,0,0
Olfr93,0,0,1,1
Olfr930,0,0,0,0
Olfr933,0,0,0,0
Olfr934,0,0,0,0
Olfr935,0,0,0,0
Olfr936,0,0,0,0
Olfr937,0,0,0,0
Olfr938,0,0,0,0
Olfr94,0,0,0,0
Olfr943,0,0,0,0
Olfr944,0,0,0,0
Olfr945,0,0,0,0
Olfr948,0,0,0,0
Olfr95,0,0,0,0
Olfr951,0,0,0,0
Olfr952,0,0,0,0
Olfr954,0,0,0,0
Olfr955,0,0,0,0
Olfr957,0,0,0,0
Olfr958,0,0,0,0
Olfr959,0,0,0,0
Olfr96,0,0,0,0
Olfr960,0,0,0,0
Olfr961,0,0,0,0
Olfr963,0,0,0,0
Olfr965,0,0,0,0
Olfr967,0,0,0,0
Olfr968,0,0,0,0
Olfr969,0,0,0,0
Olfr97,0,0,0,0
Olfr970,0,0,0,0
Olfr971,0,0,0,0
Olfr972,0,0,0,0
Olfr974,0,0,0,0
Olfr975,0,0,0,0
Olfr976,0,0,0,0
Olfr978,0,0,0,0
Olfr979,0,0,0,0
Olfr98,0,0,0,0
Olfr980,0,0,0,0
Olfr981,0,0,0,0
Olfr982,0,0,0,0
Olfr983,0,0,0,0
Olfr984,0,0,0,0
Olfr985,0,0,0,0
Olfr986,0,0,0,0
Olfr987,0,0,0,0
Olfr988,0,0,0,0
Olfr99,0,0,0,0
Olfr992,0,0,0,0
Olfr993,0,0,0,0
Olfr994,0,0,0,0
Olfr995,0,0,0,0
Olfr996,0,0,0,0
Olfr998,0,0,0,0
Olig1,193,542,209,146
Olig2,40,172,51,25
Olig3,0,1,0,0
Olr1,0,0,0,0
Oma1,28,75,43,9
Omd,8,49,21,5
Omg,476,1857,627,366
Omp,0,2,1,0
Omt2a,0,0,0,0
Omt2b,0,1,0,0
Onecut1,15,0,1,13
Onecut2,105,225,84,52
Onecut3,1,1,1,2
Ooep,2,1,0,2
Oog1,0,0,0,0
Oog2,0,0,0,0
Oog3,0,0,0,0
Oog4,0,0,0,0
Oosp1,0,0,0,0
Oosp2,0,2,0,0
Oosp3,0,0,0,0
Opa1,98,284,110,58
Opa3,68,188,86,48
Opalin,220,756,198,93
Opcml,5856,11078,4393,4656
Ophn1,198,518,205,124
Oplah,28,79,42,26
Opn1mw,2,5,0,0
Opn1sw,0,1,0,1
Opn3,11,87,33,5
Opn4,2,11,4,6
Opn5,2,1,1,0
Oprd1,7,27,9,4
Oprk1,10,293,95,6
Oprl1,126,292,147,88
Oprm1,17,64,32,10
Optc,5,19,11,4
Optn,29,86,36,21
Orai1,77,188,68,50
Orai2,212,130,88,86
Orai3,72,146,72,43
Oraov1,80,220,94,46
Orc1,2,7,2,2
Orc2,81,252,117,61
Orc3,71,137,76,48
Orc4,205,493,241,146
Orc5,55,155,58,37
Orc6,98,307,121,42
Orm1,0,0,0,0
Orm2,0,0,1,0
Orm3,0,1,0,0
Ormdl1,53,137,50,40
Ormdl2,122,225,100,61
Ormdl3,301,796,320,199
Os9,822,2104,985,728
Osbp,39,108,65,20
Osbp2,390,1086,479,282
Osbpl10,13,42,27,13
Osbpl11,31,68,34,17
Osbpl1a,256,1465,561,202
Osbpl2,106,290,141,55
Osbpl3,100,426,249,72
Osbpl5,16,60,24,22
Osbpl6,535,1131,376,356
Osbpl7,133,250,143,87
Osbpl8,89,390,164,55
Osbpl9,119,382,145,70
Oscar,5,21,15,5
Oscp1,262,705,308,178
Oser1,30,91,37,23
Osgep,206,442,183,117
Osgepl1,36,122,51,20
Osgin1,1,6,0,1
Osgin2,25,104,43,18
Osm,0,1,0,0
Osmr,48,34,27,9
Osr1,16,40,11,7
Osr2,0,0,0,0
Ost4,95,261,109,72
Ostc,452,1200,481,254
Ostf1,50,74,61,22
Ostm1,264,551,271,177
Ostn,0,3,0,0
Otc,0,0,0,1
Otoa,1,2,1,1
Otof,11,147,91,17
Otog,0,1,0,0
Otogl,0,0,2,0
Otol1,0,0,0,0
Otop1,1,0,0,2
Otop2,0,9,6,0
Otop3,1,4,1,0
Otor,0,0,0,0
Otos,10,11,3,5
Otp,0,0,0,0
Ott,0,0,0,0
Otub1,164,393,224,125
Otub2,91,124,57,58
Otud1,22,91,28,6
Otud3,14,79,26,9
Otud4,129,259,146,52
Otud5,111,268,116,67
Otud6a,0,0,0,0
Otud6b,50,137,81,45
Otud7a,20,71,39,13
Otud7b,102,191,127,54
Otulin,65,185,87,40
Otx1,4,42,13,7
Otx2,4,6,1,9
Otx2os1,7,4,2,18
Ovca2,20,86,40,24
Ovch2,0,0,0,0
Ovgp1,26,79,43,24
Ovol1,0,1,1,0
Ovol2,5,80,30,5
Ovol3,1,0,0,0
Oxa1l,133,347,141,70
Oxct1,174,427,199,99
Oxct2a,0,0,0,0
Oxct2b,0,1,0,1
Oxgr1,0,0,0,1
Oxld1,50,171,59,24
Oxnad1,22,60,27,8
Oxr1,367,993,457,229
Oxsm,23,57,33,14
Oxsr1,46,138,69,30
Oxt,1,7,1,2
Oxtr,25,59,30,25
P2rx1,0,9,2,0
P2rx2,0,1,1,0
P2rx3,1,2,4,1
P2rx4,229,702,364,207
P2rx5,13,18,7,11
P2rx6,19,44,22,14
P2rx7,39,101,40,19
P2ry1,9,30,18,6
P2ry10,0,0,0,0
P2ry12,91,352,92,23
P2ry13,36,134,23,22
P2ry14,476,1959,507,605
P2ry2,1,3,1,1
P2ry4,0,0,0,0
P2ry6,28,46,22,10
P3h1,77,154,78,42
P3h2,13,36,13,9
P3h3,366,642,390,297
P3h4,87,198,91,68
P4ha1,297,700,315,200
P4ha2,102,259,128,59
P4ha3,17,60,38,12
P4hb,204,521,207,141
P4htm,764,1878,839,544
PISD,7948,27664,11430,8271
Pa2g4,119,228,111,70
Pabpc1,547,1088,594,475
Pabpc1l,2,10,3,4
Pabpc2,0,2,0,0
Pabpc4,86,108,71,39
Pabpc4l,1,14,10,1
Pabpc5,4,16,1,4
Pabpc6,0,0,0,0
Pabpn1,1826,4256,1998,1237
Pabpn1l,0,0,2,0
Pacrg,67,119,44,21
Pacrgl,67,190,93,38
Pacs1,39,137,57,25
Pacs2,80,154,83,37
Pacsin1,477,1318,657,313
Pacsin2,78,137,76,39
Pacsin3,32,177,81,28
Padi1,0,1,1,0
Padi2,24,43,23,10
Padi3,1,0,0,0
Padi4,0,4,2,0
Padi6,0,4,1,0
Paf1,140,299,162,95
Pafah1b1,359,1085,464,245
Pafah1b2,86,221,113,54
Pafah1b3,42,110,42,23
Pafah2,14,24,11,6
Pag1,119,238,125,68
Pagr1a,20,32,28,25
Pagr1b,0,0,0,0
Pah,1,0,0,0
Paics,35,89,46,19
Paip1,76,145,75,57
Paip2,290,822,350,152
Paip2b,176,319,199,120
Pak1,161,619,234,117
Pak1ip1,105,320,142,79
Pak2,108,267,147,88
Pak3,262,654,276,177
Pak4,26,45,19,11
Pak6,327,843,376,222
Pak7,440,2435,1059,397
Pakap,2,9,3,2
Palb2,27,84,32,30
Pald1,13,37,18,14
Palld,19,54,26,19
Palm,128,348,185,108
Palm2,94,142,72,81
Palm3,5,17,12,7
Palmd,134,209,107,85
Pam,734,1737,837,624
Pam16,343,965,366,196
Pamr1,24,369,134,48
Pan2,107,301,186,104
Pan3,259,598,291,184
Panct2,7,23,9,0
Pank1,68,153,80,52
Pank2,58,164,84,37
Pank3,61,109,65,29
Pank4,116,273,195,129
Pantr1,199,454,223,157
Panx1,73,273,100,52
Panx2,136,166,97,76
Panx3,2,0,0,1
Paox,7,18,9,4
Papd4,29,97,42,27
Papd5,46,111,57,44
Papd7,78,200,86,47
Papl,7,18,11,6
Papln,2,16,8,3
Papola,260,705,314,146
Papolb,1,5,2,0
Papolg,82,229,106,73
Pappa,9,10,9,7
Pappa2,1,7,4,3
Papss1,62,123,56,34
Papss2,13,22,15,4
Paqr3,30,84,37,28
Paqr4,118,278,131,74
Paqr5,22,50,25,7
Paqr6,44,95,58,40
Paqr7,266,704,328,190
Paqr8,182,223,127,99
Paqr9,309,642,308,174
Pard3,81,179,83,61
Pard3b,18,68,30,23
Pard3bos1,6,5,9,5
Pard3bos2,0,0,0,0
Pard3bos3,0,0,0,0
Pard6a,127,452,157,90
Pard6b,7,15,4,3
Pard6g,84,331,128,66
Parg,59,146,78,42
Park2,205,481,230,132
Park7,380,758,319,189
Parl,160,449,185,113
Parm1,205,509,201,160
Parn,82,211,91,48
Parp1,329,627,330,261
Parp10,11,19,16,7
Parp11,87,219,118,60
Parp12,26,43,27,12
Parp14,11,16,12,1
Parp16,13,27,19,6
Parp2,186,480,212,111
Parp3,25,63,42,9
Parp4,15,52,26,12
Parp6,214,415,239,141
Parp8,74,110,52,51
Parp9,14,21,10,5
Parpbp,1,3,0,0
Pars2,4,22,8,6
Parva,24,54,34,13
Parvaos,0,4,1,1
Parvb,100,143,71,52
Parvg,9,8,4,6
Pask,17,32,18,11
Pate2,9,20,1,7
Pate4,1,5,2,1
Patl1,33,64,34,16
Patl2,2,4,1,1
Patz1,27,90,48,17
Paupar,0,0,0,0
Pawr,6,18,5,6
Pax1,0,0,1,0
Pax2,4,6,2,3
Pax3,0,3,1,0
Pax4,0,1,0,0
Pax5,2,1,0,0
Pax6,92,480,177,137
Pax6os1,0,1,1,0
Pax7,0,0,1,0
Pax8,1,0,0,0
Pax9,0,0,0,0
Paxbp1,358,957,442,263
Paxip1,82,190,104,75
Pbdc1,63,210,68,48
Pbk,2,2,0,0
Pbld2,17,43,34,26
Pbp2,0,1,0,0
Pbrm1,376,786,383,261
Pbsn,0,0,0,0
Pbx1,605,1699,787,456
Pbx2,114,179,95,54
Pbx3,23,101,58,24
Pbx4,124,362,130,80
Pbxip1,229,478,198,152
Pcbd1,8,21,9,9
Pcbd2,55,86,45,20
Pcbp1,107,322,146,68
Pcbp2,659,1582,769,472
Pcbp3,42,98,64,26
Pcbp4,361,874,417,270
Pcca,228,612,303,198
Pccb,54,124,69,39
Pcdh1,539,957,493,325
Pcdh10,374,1814,840,300
Pcdh11x,173,1046,430,212
Pcdh12,1,0,0,0
Pcdh15,234,990,512,293
Pcdh17,1064,2034,843,741
Pcdh18,10,61,26,5
Pcdh19,266,306,154,155
Pcdh20,267,125,78,153
Pcdh7,274,1535,725,223
Pcdh8,419,410,257,297
Pcdh9,1957,4942,2445,1654
Pcdha1,0,5,3,1
Pcdha11,2,16,5,3
Pcdha11-1,36,79,26,17
Pcdha12,12,33,17,11
Pcdha2,5,3,3,3
Pcdha3,3,6,0,5
Pcdha4,11,6,8,5
Pcdha5,7,22,16,8
Pcdha6,5,9,3,0
Pcdha7,2,2,1,2
Pcdha8,4,5,5,1
Pcdha9,3,16,15,6
Pcdhac1,2,7,2,3
Pcdhac2,38,99,29,28
Pcdhb1,1,1,1,0
Pcdhb10,9,27,10,8
Pcdhb11,12,35,20,12
Pcdhb12,45,92,51,27
Pcdhb13,21,45,19,16
Pcdhb14,45,133,62,36
Pcdhb15,8,27,16,6
Pcdhb16,53,138,55,47
Pcdhb17,128,285,114,65
Pcdhb18,12,30,18,8
Pcdhb19,54,152,79,26
Pcdhb2,10,20,6,6
Pcdhb20,44,138,66,51
Pcdhb21,29,93,47,19
Pcdhb22,36,64,19,16
Pcdhb3,30,51,35,26
Pcdhb4,19,19,14,14
Pcdhb5,30,44,39,14
Pcdhb6,11,22,12,6
Pcdhb7,92,180,73,52
Pcdhb8,6,23,10,9
Pcdhb9,82,191,94,98
Pcdhga1,0,4,3,3
Pcdhga10,3,5,1,2
Pcdhga11,4,13,8,9
Pcdhga12,151,420,212,103
Pcdhga2,6,27,18,1
Pcdhga3,7,20,9,8
Pcdhga4,1,11,0,5
Pcdhga5,5,30,13,9
Pcdhga6,2,15,7,2
Pcdhga7,6,22,7,4
Pcdhga8,6,8,2,3
Pcdhga8-1,92,263,125,67
Pcdhga9,11,24,15,3
Pcdhgb1,0,7,3,1
Pcdhgb2,2,5,0,2
Pcdhgb4,13,67,36,9
Pcdhgb5,2,6,2,1
Pcdhgb6,4,9,4,2
Pcdhgb7,1,2,2,1
Pcdhgb8,0,5,2,1
Pcdhgc3,6,6,2,1
Pcdhgc5,100,345,160,68
Pced1a,56,144,61,35
Pced1b,14,27,12,14
Pcf11,351,899,453,243
Pcgf1,208,539,241,138
Pcgf2,174,550,364,207
Pcgf3,110,287,129,91
Pcgf5,12,68,16,18
Pcgf6,63,179,86,40
Pcid2,34,80,56,30
Pcif1,305,815,352,242
Pck1,0,0,0,0
Pck2,129,160,63,86
Pclo,169,473,191,94
Pcm1,433,1221,564,330
Pcmt1,548,1651,564,341
Pcmtd1,484,1544,690,279
Pcmtd2,89,227,105,76
Pcna,36,106,46,35
Pcna-ps2,0,1,1,0
Pcnp,231,504,236,157
Pcnt,75,146,79,51
Pcnx,246,429,224,137
Pcnxl2,312,903,449,240
Pcnxl3,237,548,261,143
Pcnxl4,99,238,138,76
Pcolce,91,179,86,70
Pcolce2,75,198,94,69
Pcp2,26,4,3,3
Pcp4,449,2577,989,272
Pcp4l1,47,190,56,23
Pcsk1,22,131,51,36
Pcsk1n,7303,17072,7375,3668
Pcsk2,4950,20440,10637,5329
Pcsk2os1,326,938,539,311
Pcsk2os2,1,2,0,1
Pcsk4,29,76,40,13
Pcsk5,127,213,110,80
Pcsk6,31,52,22,14
Pcsk7,72,241,112,53
Pcsk9,1,25,16,4
Pctp,3,8,2,0
Pcx,34,103,49,21
Pcyox1,333,906,424,273
Pcyox1l,225,499,265,186
Pcyt1a,44,119,42,34
Pcyt1b,58,125,74,40
Pcyt2,1683,3534,1733,1119
Pdap1,221,584,239,127
Pdc,4,9,2,2
Pdcd1,6,2,8,1
Pdcd10,148,454,201,110
Pdcd11,397,1031,381,282
Pdcd1lg2,0,1,0,0
Pdcd2,40,143,69,32
Pdcd2l,49,130,72,37
Pdcd4,206,605,280,162
Pdcd5,383,980,452,243
Pdcd6,139,370,151,75
Pdcd6ip,91,213,108,66
Pdcd7,130,433,173,105
Pdcl,20,55,22,12
Pdcl2,0,1,0,0
Pdcl3,68,168,61,38
Pddc1,92,273,95,52
Pde10a,905,6361,2219,918
Pde11a,29,37,12,19
Pde12,30,69,43,21
Pde1a,243,731,312,123
Pde1b,82,392,174,61
Pde1c,31,95,46,21
Pde2a,492,1170,565,312
Pde3a,15,30,19,13
Pde3b,28,69,32,20
Pde4a,541,1249,547,350
Pde4b,74,307,142,35
Pde4c,16,39,35,15
Pde4d,530,3309,1407,512
Pde4dip,242,534,286,141
Pde5a,10,37,17,10
Pde6a,305,951,458,264
Pde6b,0,4,2,0
Pde6c,0,2,3,1
Pde6d,80,246,125,62
Pde6g,2,6,2,1
Pde6h,9,5,5,0
Pde7a,108,233,110,70
Pde7b,61,404,155,39
Pde8a,26,73,25,20
Pde8b,169,508,274,120
Pde9a,44,104,62,32
Pdf,0,4,0,0
Pdgfa,282,795,324,200
Pdgfb,50,161,75,17
Pdgfc,21,93,33,15
Pdgfd,15,28,13,7
Pdgfra,85,381,180,131
Pdgfrb,100,441,168,104
Pdgfrl,23,74,22,22
Pdha1,90,198,82,59
Pdha2,0,0,0,0
Pdhb,140,380,159,120
Pdhx,107,303,135,79
Pdia2,4,2,1,5
Pdia3,1245,2677,1219,929
Pdia4,453,947,475,349
Pdia5,34,168,96,24
Pdia6,1340,3208,1298,934
Pdik1l,81,197,103,58
Pdilt,0,0,0,0
Pdk1,373,1357,489,261
Pdk2,129,293,104,88
Pdk3,29,69,26,14
Pdk4,7,8,2,1
Pdlim1,11,57,15,5
Pdlim2,45,74,42,19
Pdlim3,3,10,2,0
Pdlim4,56,93,33,19
Pdlim5,94,132,49,54
Pdlim7,1570,4382,2067,1181
Pdp1,18,131,59,15
Pdp2,18,50,26,17
Pdpk1,181,394,172,106
Pdpn,101,181,91,49
Pdpr,78,200,70,54
Pdrg1,190,657,256,118
Pds5a,319,690,355,197
Pds5b,94,192,115,74
Pdss1,69,232,115,52
Pdss2,177,356,150,122
Pdx1,0,0,0,0
Pdxdc1,161,470,191,122
Pdxk,120,400,153,74
Pdyn,43,297,120,40
Pdzd11,102,330,148,92
Pdzd2,151,545,244,112
Pdzd3,16,10,5,5
Pdzd4,56,112,60,35
Pdzd7,4,42,17,7
Pdzd8,166,399,197,105
Pdzd9,4,7,5,1
Pdzk1,2,4,3,1
Pdzk1ip1,9,23,6,1
Pdzph1,3,32,9,2
Pdzrn3,7,68,39,13
Pdzrn4,135,885,339,102
Pea15a,318,627,315,145
Peak1,167,298,114,108
Peak1os,0,1,1,0
Pear1,13,37,23,7
Pebp1,1977,3944,1904,1401
Pebp4,12,31,17,24
Pecam1,80,177,103,75
Pecr,74,162,63,39
Pef1,36,108,34,34
Peg10,3,10,3,0
Peg12,0,0,0,0
Peg3,449,1950,834,356
Peli1,102,257,105,52
Peli2,29,36,27,15
Peli3,27,74,22,27
Pelo,44,110,50,24
Pelp1,56,97,48,29
Pemt,24,32,26,11
Penk,147,2324,958,102
Peo1,39,127,41,18
Pepd,52,92,44,23
Per1,116,465,167,110
Per2,42,152,63,26
Per3,842,2937,1236,830
Perm1,0,1,1,1
Perp,24,84,45,16
Pes1,33,75,31,21
Pet100,1508,4186,1568,964
Pet117,0,0,0,0
Pet2,0,1,0,0
Pex1,176,444,200,117
Pex10,130,354,161,119
Pex11a,26,63,16,7
Pex11b,92,255,92,67
Pex11g,23,34,17,19
Pex12,52,133,54,33
Pex13,120,354,128,91
Pex14,222,704,253,183
Pex16,197,382,196,128
Pex19,324,822,347,221
Pex2,82,293,105,54
Pex26,43,116,50,18
Pex3,284,827,373,196
Pex5,45,134,77,46
Pex5l,1551,2828,1481,1148
Pex6,218,407,191,164
Pex7,105,328,119,68
Pf4,7,40,11,0
Pfas,199,434,245,149
Pfdn1,256,665,305,174
Pfdn2,260,682,307,122
Pfdn4,87,254,95,53
Pfdn5,570,1234,620,244
Pfdn6,130,368,192,94
Pfkfb1,2,4,1,3
Pfkfb2,66,139,64,33
Pfkfb3,23,59,27,16
Pfkfb4,78,245,115,60
Pfkl,310,492,227,188
Pfkm,206,612,283,200
Pfkp,320,1109,530,258
Pfn1,385,755,342,213
Pfn2,427,943,394,250
Pfn3,2,7,3,0
Pfn4,5,5,1,2
Pfpl,0,0,0,0
Pga5,0,0,0,0
Pgam1,357,817,381,204
Pgam2,13,23,8,4
Pgam5,46,124,52,19
Pgap1,146,465,257,126
Pgap2,92,251,125,73
Pgap3,31,80,43,21
Pgbd1,13,45,17,13
Pgbd5,229,410,195,125
Pgc,1,0,0,0
Pgd,43,190,91,40
Pgf,41,64,26,24
Pggt1b,26,69,23,17
Pgk1,73,177,63,38
Pgk1-rs7,1,24,11,2
Pgk2,0,0,0,0
Pgls,251,582,269,168
Pglyrp1,183,627,278,102
Pglyrp2,0,0,0,0
Pglyrp3,0,0,0,0
Pglyrp4,0,0,0,0
Pgm1,24,67,31,13
Pgm2,53,139,56,34
Pgm2l1,258,623,274,158
Pgm3,65,182,90,38
Pgm5,7,14,2,1
Pgp,315,876,398,215
Pgpep1,24,38,13,14
Pgpep1l,1,4,3,2
Pgr,33,138,52,27
Pgr15l,0,4,3,1
Pgrmc1,3401,7257,2924,1906
Pgrmc2,163,405,208,88
Pgs1,131,300,180,97
Phactr1,1120,4638,2530,943
Phactr2,93,220,104,69
Phactr3,238,726,341,205
Phactr4,24,76,39,23
Phax,69,185,72,56
Phb,213,580,222,135
Phb2,418,1050,481,302
Phc1,77,174,75,56
Phc2,85,189,96,53
Phc3,274,718,349,170
Phex,2,9,5,2
Phf1,580,1509,790,529
Phf10,82,187,102,84
Phf11a,0,0,0,0
Phf11b,5,2,3,0
Phf11c,5,3,1,1
Phf11d,3,3,1,0
Phf12,190,512,260,156
Phf13,12,45,24,15
Phf14,406,1037,509,263
Phf19,1,7,2,2
Phf2,43,89,50,29
Phf20,106,263,126,87
Phf20l1,235,703,275,171
Phf21a,151,317,134,85
Phf21b,21,79,23,15
Phf23,34,119,46,36
Phf24,241,1118,538,184
Phf2os1,15,54,15,12
Phf3,439,1365,540,313
Phf5a,79,206,91,34
Phf6,253,778,274,182
Phf7,15,36,17,4
Phf8,41,110,42,20
Phgdh,124,302,104,58
Phgr1,0,0,0,0
Phip,900,1928,1042,569
Phka1,36,66,25,12
Phka2,345,860,420,224
Phkb,117,325,134,91
Phkg1,215,589,260,269
Phkg2,429,1063,525,281
Phlda1,100,498,274,76
Phlda2,1,2,0,1
Phlda3,32,79,50,22
Phldb1,134,306,136,63
Phldb2,17,65,19,10
Phldb3,2,1,0,1
Phlpp1,90,212,99,61
Phlpp2,77,251,112,55
Phospho1,0,0,0,0
Phospho2,72,140,74,57
Phox2a,0,2,0,0
Phox2b,0,0,0,0
Phpt1,99,175,106,74
Phrf1,64,189,89,38
Phtf1,142,397,178,89
Phtf1os,15,31,18,8
Phtf2,45,180,81,49
Phxr2,5,10,5,4
Phxr4,196,157,76,125
Phyh,84,209,92,38
Phyhd1,3,2,7,3
Phyhip,160,386,174,91
Phyhipl,135,397,164,62
Phykpl,95,205,105,83
Pi15,1,10,1,0
Pi16,13,23,11,4
Pi4k2a,60,175,62,30
Pi4k2b,4,14,3,2
Pi4ka,583,1505,823,461
Pi4kb,35,69,52,21
Pianp,697,2199,940,521
Pias1,103,251,114,59
Pias2,107,284,143,78
Pias3,119,226,140,124
Pias4,336,917,458,250
Pibf1,78,217,92,67
Picalm,171,434,169,128
Pick1,311,1056,455,274
Pid1,721,2871,1241,823
Pidd1,5,17,9,7
Piezo1,6,43,15,4
Piezo2,7,11,6,0
Pif1,0,6,0,0
Pifo,4,3,1,3
Piga,16,51,22,12
Pigb,201,395,208,145
Pigc,67,198,84,47
Pigf,114,301,118,71
Pigg,48,118,49,43
Pigh,64,194,90,43
Pigk,923,1275,559,657
Pigl,14,51,18,8
Pigm,21,80,43,20
Pign,86,227,109,70
Pigo,111,191,110,64
Pigp,302,799,270,161
Pigq,184,436,213,126
Pigr,0,1,1,0
Pigs,183,481,216,148
Pigt,537,1284,610,367
Pigu,261,718,310,197
Pigv,28,48,17,15
Pigw,32,106,28,17
Pigx,165,397,132,94
Pigyl,212,600,225,119
Pigz,66,223,86,55
Pih1d1,33,86,45,18
Pih1d2,10,34,9,12
Pih1d3,0,0,0,0
Pih1h3b,0,0,0,1
Pik3ap1,0,0,1,0
Pik3c2a,167,417,188,129
Pik3c2b,48,130,64,36
Pik3c2g,0,5,0,0
Pik3c2g-1,0,0,0,0
Pik3c3,53,147,61,34
Pik3ca,100,295,117,68
Pik3cb,32,64,31,14
Pik3cd,51,103,59,28
Pik3cg,3,4,2,1
Pik3ip1,486,1240,518,347
Pik3r1,200,857,362,178
Pik3r2,134,322,172,95
Pik3r3,35,63,35,26
Pik3r4,61,163,74,31
Pik3r5,1,3,3,2
Pik3r6,8,55,19,5
Pikfyve,95,259,150,72
Pilra,2,3,1,0
Pilrb1,0,0,1,0
Pilrb2,1,1,0,0
Pim1,15,54,21,10
Pim2,104,279,105,44
Pim3,105,328,125,90
Pin1,136,390,158,72
Pin1rt1,1,0,1,0
Pin4,81,273,119,62
Pinc,0,0,0,0
Pink1,167,351,169,77
Pinlyp,0,1,0,0
Pinx1,31,109,40,19
Pip,0,0,0,0
Pip4k2a,20,79,30,11
Pip4k2b,72,192,98,58
Pip4k2c,149,455,171,104
Pip5k1a,396,839,388,290
Pip5k1b,244,242,107,156
Pip5k1bos,0,0,0,0
Pip5k1c,158,361,202,85
Pip5kl1,52,243,127,37
Pipox,16,31,18,18
Pir,25,53,21,13
Pira2,0,0,0,0
Pirb,5,24,10,5
Pirt,1,2,0,2
Pisd,536,1303,668,433
Pithd1,67,240,96,63
Pitpna,137,361,159,80
Pitpnb,58,188,86,44
Pitpnc1,137,319,194,110
Pitpnm1,149,439,221,110
Pitpnm2,234,481,273,128
Pitpnm2os1,0,3,1,0
Pitpnm2os2,17,45,12,8
Pitpnm3,103,459,241,104
Pitrm1,76,185,110,50
Pitx1,0,4,4,1
Pitx2,0,0,0,1
Pitx3,0,1,0,0
Piwil1,3,2,5,0
Piwil2,0,1,3,1
Piwil4,1,0,1,0
Pja1,105,349,163,92
Pja2,283,616,272,169
Pkd1,293,632,327,241
Pkd1l1,5,0,0,0
Pkd1l2,0,1,1,0
Pkd1l3,5,16,1,2
Pkd2,157,358,194,90
Pkd2l1,2,3,3,1
Pkd2l2,4,11,5,1
Pkdcc,48,92,49,23
Pkdrej,2,7,4,9
Pkhd1,0,1,0,0
Pkhd1l1,0,1,1,0
Pkia,44,152,61,35
Pkib,37,118,57,21
Pkig,205,532,212,102
Pklr,0,0,0,0
Pkm,605,1439,788,383
Pkmyt1,40,157,53,45
Pkn1,156,494,202,99
Pkn2,495,1746,712,388
Pkn3,3,5,3,0
Pknox1,74,160,67,48
Pknox2,21,82,51,19
Pkp1,0,0,1,0
Pkp2,219,78,40,130
Pkp3,0,1,0,2
Pkp4,333,509,303,182
Pla1a,7,29,15,2
Pla2g10,0,2,0,0
Pla2g10os,0,0,0,0
Pla2g12a,121,302,94,57
Pla2g12b,0,0,0,0
Pla2g15,124,393,166,92
Pla2g16,53,127,53,27
Pla2g1b,0,0,0,1
Pla2g2c,1,2,2,1
Pla2g2d,3,8,3,4
Pla2g2e,0,2,0,0
Pla2g2f,5,0,0,3
Pla2g3,6,35,18,4
Pla2g4a,12,37,11,7
Pla2g4b,0,0,0,0
Pla2g4c,1,2,0,0
Pla2g4d,0,0,0,1
Pla2g4e,5,42,22,4
Pla2g4f,0,1,1,0
Pla2g5,1,7,1,2
Pla2g6,48,94,54,38
Pla2g7,856,1282,695,704
Pla2r1,1,4,4,1
Plaa,114,278,172,50
Plac1,0,0,0,0
Plac8,3,2,0,0
Plac8l1,1,0,2,0
Plac9a,0,1,0,0
Plac9b,2,10,3,0
Plag1,23,113,34,22
Plagl1,14,42,25,7
Plagl2,10,48,14,6
Plat,260,458,224,161
Platr1,0,0,0,1
Platr10,2,4,4,2
Platr11,0,0,0,0
Platr13,0,0,0,0
Platr15,20,59,22,15
Platr17,7,4,4,1
Platr19,0,1,0,0
Platr2,0,0,0,0
Platr20,0,0,0,0
Platr22,0,6,2,1
Platr23,2,1,0,1
Platr25,0,1,1,1
Platr26,0,1,0,0
Platr27,0,0,0,0
Platr28,0,0,0,0
Platr29,0,0,0,0
Platr3,0,0,0,0
Platr30,0,0,0,0
Platr31,1,1,2,0
Platr4,0,1,0,0
Platr5,0,0,0,0
Platr6,0,0,1,0
Platr7,0,0,0,0
Plau,2,2,2,1
Plaur,6,6,10,1
Plb1,2,8,6,2
Plbd1,1,1,1,1
Plbd2,248,571,257,184
Plcb1,571,2056,896,430
Plcb2,11,39,18,6
Plcb3,9,20,15,9
Plcb4,37,253,128,50
Plcd1,52,173,92,50
Plcd3,37,155,74,48
Plcd4,37,120,46,44
Plce1,31,52,29,7
Plcg1,116,255,123,75
Plcg2,14,6,9,8
Plch1,5,19,5,7
Plch2,174,322,186,107
Plcl1,34,50,20,16
Plcl2,30,131,59,28
Plcxd1,42,194,92,43
Plcxd2,31,230,79,35
Plcxd3,37,130,78,24
Plcz1,1,5,1,0
Pld1,18,49,25,11
Pld2,46,115,58,40
Pld3,1121,3009,1384,887
Pld4,42,136,46,7
Pld5,36,156,56,35
Pld6,12,49,15,10
Pldi,0,0,0,0
Plec,130,355,159,86
Plek,17,26,20,10
Plek2,0,0,1,0
Plekha1,261,687,300,170
Plekha2,97,121,43,54
Plekha3,62,223,91,45
Plekha4,12,48,19,11
Plekha5,410,1115,596,298
Plekha6,126,438,210,86
Plekha7,121,361,174,120
Plekha8,19,54,15,12
Plekhb1,195,271,157,59
Plekhb2,121,362,221,84
Plekhd1,10,9,9,5
Plekhd1os,0,0,0,0
Plekhf1,8,20,5,4
Plekhf2,15,40,17,9
Plekhg1,50,102,37,39
Plekhg2,11,29,17,6
Plekhg3,9,29,9,8
Plekhg4,6,16,14,3
Plekhg5,543,657,326,387
Plekhg6,0,2,1,0
Plekhh1,25,70,35,12
Plekhh2,46,128,57,43
Plekhh3,116,234,120,92
Plekhj1,442,1165,494,265
Plekhm1,39,111,55,19
Plekhm2,125,278,144,72
Plekhm3,87,335,129,67
Plekhn1,13,24,10,5
Plekho1,96,323,142,78
Plekho2,7,15,5,8
Plekhs1,0,2,2,0
Plet1,0,0,0,0
Plet1os,0,0,0,0
Plg,0,0,0,0
Plgrkt,179,553,208,118
Plin1,0,1,1,1
Plin2,15,24,15,5
Plin3,48,127,49,40
Plin4,3,12,2,2
Plin5,1,8,2,0
Plk1,9,11,12,4
Plk2,397,1217,529,371
Plk3,40,310,120,51
Plk4,51,157,74,62
Plk5,271,609,308,211
Pllp,257,827,233,141
Pln,9,32,2,5
Plod1,59,113,52,30
Plod2,53,59,21,19
Plod3,162,396,225,122
Plp1,4329,10976,3485,2137
Plp2,17,73,55,15
Plpp1,180,559,214,101
Plpp2,30,22,15,12
Plpp3,1443,3210,1619,1173
Plpp4,75,92,44,40
Plpp5,74,182,49,39
Plpp6,133,379,131,90
Plpp7,183,528,204,115
Plppr1,202,638,310,154
Plppr2,593,882,422,326
Plppr3,317,952,469,228
Plppr4,3583,6743,2920,2620
Plppr5,268,505,237,179
Plrg1,15,44,25,12
Pls1,39,91,32,21
Pls3,285,507,219,242
Plscr1,7,20,7,2
Plscr2,18,38,15,6
Plscr3,134,395,204,79
Plscr4,17,45,16,10
Plscr5,0,1,0,0
Pltp,236,656,276,90
Plvap,34,116,41,26
Plxdc1,67,362,149,87
Plxdc2,176,403,196,82
Plxna1,243,417,218,184
Plxna2,319,1055,453,207
Plxna3,57,161,67,45
Plxna4,520,613,290,294
Plxna4os1,7,8,5,3
Plxna4os2,2,6,4,1
Plxna4os3,0,0,0,0
Plxnb1,121,233,140,107
Plxnb2,153,325,184,88
Plxnb3,28,66,36,13
Plxnc1,89,274,111,54
Plxnd1,51,269,128,33
Pm20d1,2,8,4,3
Pm20d2,28,41,31,21
Pmaip1,2,3,3,1
Pmch,0,1,1,0
Pmel,5,19,2,1
Pmepa1,78,363,146,59
Pmepa1os,3,2,3,1
Pmf1,9,29,13,6
Pmfbp1,2,9,1,2
Pmis2,0,0,0,0
Pml,40,211,93,50
Pmm1,295,766,352,161
Pmm2,190,511,204,138
Pmp2,0,0,0,0
Pmp22,157,477,179,76
Pmpca,149,385,172,131
Pmpcb,59,123,62,37
Pms1,21,61,37,14
Pms2,126,372,147,74
Pmvk,124,295,143,90
Pnck,613,1303,620,392
Pnisr,5211,15496,6939,3606
Pnkd,415,1037,411,282
Pnkp,252,620,255,133
Pnldc1,4,12,6,2
Pnlip,2,8,1,2
Pnliprp1,0,0,0,0
Pnliprp2,7,3,4,2
Pnma1,2,38,5,0
Pnma2,74,139,77,31
Pnma3,306,404,213,271
Pnma5,0,2,2,0
Pnmal1,126,355,142,91
Pnmal2,240,494,261,188
Pnmt,0,2,0,0
Pnn,2458,6483,3008,1816
Pno1,27,47,33,8
Pnoc,158,370,175,100
Pnp,34,54,33,9
Pnp2,0,1,3,0
Pnpla1,0,1,2,1
Pnpla1os,1,0,0,0
Pnpla2,35,99,46,35
Pnpla3,167,355,219,119
Pnpla5,0,0,0,0
Pnpla6,233,452,231,157
Pnpla7,95,197,123,81
Pnpla8,113,275,132,57
Pnpo,63,180,65,43
Pnpt1,257,614,366,193
Pnrc1,93,216,101,57
Pnrc2,77,183,71,41
Poc1a,20,52,33,11
Poc1b,19,44,21,15
Poc5,25,81,37,13
Podn,21,91,33,9
Podnl1,0,0,0,0
Podxl,70,127,43,14
Podxl2,1100,3088,1445,950
Pof1b,0,1,0,0
Pofut1,91,190,101,54
Pofut2,186,565,230,107
Pogk,24,82,35,22
Poglut1,162,389,157,112
Pogz,200,429,219,124
Pola1,54,128,58,56
Pola2,25,62,44,36
Polb,179,490,227,119
Pold1,24,40,13,16
Pold2,47,95,65,26
Pold3,32,101,52,20
Pold4,114,374,182,87
Poldip2,174,398,164,95
Poldip3,276,775,343,221
Pole,7,28,2,6
Pole2,3,6,5,1
Pole3,36,97,40,23
Pole4,51,114,58,43
Polg,183,536,228,121
Polg2,25,34,26,16
Polh,7,6,2,0
Poli,15,37,18,6
Polk,50,114,64,31
Poll,29,64,35,20
Polm,14,36,14,5
Poln,6,26,10,4
Polq,3,8,6,4
Polr1a,182,316,192,155
Polr1b,32,58,29,28
Polr1c,221,541,238,145
Polr1d,171,416,177,69
Polr1e,33,62,38,19
Polr2a,70,185,75,36
Polr2b,48,118,56,28
Polr2c,299,933,422,214
Polr2d,35,68,27,11
Polr2e,197,629,242,151
Polr2f,155,292,164,66
Polr2g,305,690,282,199
Polr2h,52,175,80,42
Polr2i,176,467,207,109
Polr2j,116,308,123,64
Polr2k,136,376,165,76
Polr2l,283,695,286,198
Polr2m,114,229,131,60
Polr3a,238,521,210,162
Polr3b,13,42,27,9
Polr3c,76,189,85,49
Polr3d,167,407,205,111
Polr3e,98,271,123,60
Polr3f,103,261,119,75
Polr3g,9,34,9,6
Polr3gl,287,546,307,202
Polr3h,61,175,92,28
Polr3k,37,130,52,15
Polrmt,94,253,116,84
Pom121,291,728,348,201
Pom121l2,0,0,0,0
Pomc,21,80,26,12
Pomgnt1,162,435,191,112
Pomgnt2,184,504,229,156
Pomk,34,108,54,33
Pomp,328,787,352,155
Pomt1,90,185,108,71
Pomt2,81,187,70,49
Pon1,3,1,0,2
Pon2,193,402,198,97
Pon3,20,17,9,6
Pop1,51,138,59,37
Pop4,86,240,104,41
Pop5,315,869,318,194
Pop7,61,177,109,37
Popdc2,0,4,2,1
Popdc3,71,19,16,41
Por,602,1291,603,454
Porcn,713,1265,691,482
Postn,25,14,8,8
Pot1a,55,156,78,36
Pot1b,23,36,23,11
Poteg,0,0,0,0
Pou1f1,3,5,3,1
Pou2af1,0,2,0,0
Pou2f1,178,562,242,136
Pou2f2,247,792,347,176
Pou2f3,0,2,0,1
Pou3f1,89,154,67,82
Pou3f2,33,394,153,35
Pou3f3,150,401,186,109
Pou3f4,12,50,22,9
Pou4f1,2,6,3,0
Pou4f2,0,0,0,0
Pou4f3,0,1,0,0
Pou5f1,6,22,8,4
Pou5f2,67,163,72,37
Pou6f1,71,179,96,47
Pou6f2,48,497,204,35
Pp2d1,1,2,2,0
Ppa1,176,376,225,124
Ppa2,123,350,183,106
Ppan,233,509,276,171
Ppara,3,7,2,2
Ppard,28,64,32,16
Pparg,3,37,24,6
Ppargc1a,168,488,227,125
Ppargc1b,164,510,224,124
Ppat,16,48,26,10
Ppbp,0,3,0,0
Ppcdc,70,238,90,47
Ppcs,18,60,21,9
Ppdpf,158,317,159,89
Ppef1,0,2,0,1
Ppef2,4,10,8,4
Ppfia1,92,198,89,64
Ppfia2,338,443,257,261
Ppfia3,341,683,342,228
Ppfia4,188,268,182,147
Ppfibp1,30,145,77,20
Ppfibp2,43,115,45,21
Pphln1,74,195,112,63
Ppia,1499,3107,1516,836
Ppib,1800,3545,1504,983
Ppic,32,41,19,23
Ppid,141,319,140,89
Ppie,32,64,43,14
Ppif,59,109,61,31
Ppig,337,1059,476,219
Ppih,33,52,42,22
Ppil1,32,89,43,8
Ppil2,940,1456,658,659
Ppil3,50,114,58,29
Ppil4,170,416,212,126
Ppil6,62,143,64,26
Ppip5k1,578,1633,873,394
Ppip5k2,75,263,138,49
Ppl,8,7,1,10
Ppm1a,71,208,81,41
Ppm1b,67,220,109,66
Ppm1d,16,53,29,13
Ppm1e,188,296,136,101
Ppm1f,108,232,112,44
Ppm1g,381,974,461,305
Ppm1h,244,489,291,168
Ppm1j,1,16,9,1
Ppm1k,102,303,185,103
Ppm1l,283,871,427,228
Ppm1m,81,202,119,56
Ppm1n,2,2,1,1
Ppme1,215,1007,424,161
Ppox,314,775,362,252
Ppp1ca,274,866,317,164
Ppp1cb,165,390,171,115
Ppp1cc,260,639,286,149
Ppp1r10,153,439,197,114
Ppp1r11,196,550,251,138
Ppp1r12a,351,954,447,247
Ppp1r12b,122,342,164,92
Ppp1r12c,273,696,333,175
Ppp1r13b,205,448,171,128
Ppp1r13l,3,14,9,7
Ppp1r14a,110,202,73,33
Ppp1r14b,58,140,80,44
Ppp1r14c,49,95,49,26
Ppp1r14d,0,0,0,0
Ppp1r15a,38,94,36,17
Ppp1r15b,102,271,111,61
Ppp1r16a,146,339,194,106
Ppp1r16b,306,611,313,224
Ppp1r17,2,3,0,1
Ppp1r18,6,21,10,7
Ppp1r18os,1,9,3,0
Ppp1r1a,266,468,230,131
Ppp1r1b,37,329,126,43
Ppp1r1c,0,0,1,0
Ppp1r2,226,686,309,137
Ppp1r21,55,148,67,33
Ppp1r26,6,22,13,6
Ppp1r27,0,0,0,0
Ppp1r32,4,8,7,4
Ppp1r35,67,197,93,38
Ppp1r36,5,39,10,4
Ppp1r37,203,588,254,123
Ppp1r3a,0,0,0,0
Ppp1r3b,1,1,0,1
Ppp1r3c,49,52,40,18
Ppp1r3d,8,49,16,12
Ppp1r3e,12,20,9,2
Ppp1r3f,45,106,58,31
Ppp1r3fos,2,8,5,0
Ppp1r3g,8,36,8,7
Ppp1r42,2,5,4,1
Ppp1r7,63,205,107,39
Ppp1r8,49,124,38,42
Ppp1r9a,348,959,474,226
Ppp1r9b,208,232,185,83
Ppp2ca,209,502,220,114
Ppp2cb,62,142,73,33
Ppp2r1a,152,452,216,113
Ppp2r1b,13,51,31,15
Ppp2r2a,313,809,374,234
Ppp2r2b,189,775,310,149
Ppp2r2c,210,414,245,111
Ppp2r2cos,10,30,11,6
Ppp2r2d,74,245,94,55
Ppp2r3a,145,329,135,118
Ppp2r3c,55,168,61,43
Ppp2r3d,106,254,176,97
Ppp2r4,155,373,177,109
Ppp2r5a,66,176,75,36
Ppp2r5b,262,637,307,182
Ppp2r5c,68,131,60,16
Ppp2r5d,105,218,110,59
Ppp2r5e,46,133,50,23
Ppp3ca,3110,5116,2285,1790
Ppp3cb,142,395,176,96
Ppp3cc,75,236,91,57
Ppp3r1,306,596,261,191
Ppp3r2,3,14,2,0
Ppp4c,229,649,247,161
Ppp4r1,43,138,71,18
Ppp4r2,66,137,70,26
Ppp4r4,65,129,59,44
Ppp5c,397,1170,594,328
Ppp6c,40,87,37,23
Ppp6r1,62,159,94,49
Ppp6r2,23,65,27,27
Ppp6r3,63,149,71,37
Pprc1,40,84,27,16
Ppt1,1539,3987,1664,1164
Ppt2,215,520,221,121
Pptc7,183,486,261,138
Ppwd1,328,1107,381,232
Ppy,0,0,0,0
Pqbp1,135,333,161,87
Pqlc1,97,184,64,57
Pqlc2,85,208,92,62
Pqlc3,23,44,14,5
Pradc1,52,225,75,41
Praf2,378,938,358,194
Pram1,0,2,2,0
Prame,0,0,0,0
Pramef12,0,0,0,0
Pramef12os,1,0,0,0
Pramef17,0,0,0,0
Pramef25,0,0,0,0
Pramef6,0,0,0,0
Pramef8,13,40,17,14
Pramel1,0,0,0,0
Pramel3,0,0,0,0
Pramel4,0,0,0,0
Pramel5,0,0,0,0
Pramel6,0,0,0,0
Pramel7,9,10,7,15
Prap1,0,2,0,0
Prb1,0,0,0,0
Prc1,25,61,24,22
Prcc,14,56,27,16
Prcp,186,638,290,140
Prdm1,4,13,9,3
Prdm10,38,76,33,18
Prdm11,91,120,87,42
Prdm12,7,7,3,1
Prdm13,0,0,0,0
Prdm14,0,0,0,0
Prdm15,193,338,187,147
Prdm16,23,55,24,25
Prdm2,52,151,54,26
Prdm4,20,35,18,12
Prdm5,218,141,57,110
Prdm6,4,8,2,0
Prdm8,67,67,28,41
Prdm9,8,18,7,0
Prdx1,477,1208,443,179
Prdx2,804,1739,754,485
Prdx3,67,172,65,45
Prdx4,226,858,347,156
Prdx5,447,1012,428,256
Prdx6,781,1518,672,353
Prdx6b,1,4,2,3
Preb,357,909,336,179
Prelid1,71,220,110,48
Prelid2,3,5,0,1
Prelp,131,166,92,86
Prep,15,38,26,13
Prepl,18,80,43,16
Prex1,156,946,425,138
Prex2,301,683,255,274
Prf1,0,0,0,0
Prg2,0,1,0,0
Prg3,0,0,0,0
Prg4,54,114,88,13
Prh1,0,0,0,0
Prickle1,62,162,84,62
Prickle2,130,272,99,74
Prickle3,4,25,16,2
Prickle4,1,10,1,3
Prim1,23,63,22,23
Prim2,45,134,63,43
Prima1,8,40,8,3
Primpol,16,33,16,8
Prkaa1,17,36,24,11
Prkaa2,42,171,88,45
Prkab1,24,106,36,10
Prkab2,132,388,185,77
Prkaca,124,319,139,80
Prkacb,163,637,313,113
Prkag1,169,434,180,99
Prkag2,170,319,142,101
Prkag2os1,8,5,9,5
Prkag2os2,1,0,0,0
Prkag3,2,0,0,0
Prkar1a,299,735,331,202
Prkar1b,161,583,285,114
Prkar2a,128,253,126,71
Prkar2b,26,154,56,22
Prkca,1944,3230,1220,1322
Prkcb,512,1747,896,356
Prkcd,88,85,48,113
Prkcdbp,65,189,61,36
Prkce,415,696,355,251
Prkcg,330,468,225,227
Prkch,2,19,7,2
Prkci,70,220,120,69
Prkcq,5,16,8,7
Prkcsh,768,1719,782,589
Prkcz,279,737,329,202
Prkd1,31,44,19,18
Prkd2,47,90,34,17
Prkd3,22,63,15,9
Prkdc,91,157,73,40
Prkg1,16,51,14,9
Prkg2,16,86,48,9
Prkra,35,63,20,13
Prkrip1,57,166,60,31
Prkrir,52,73,37,31
Prkx,62,201,101,35
Prl,1,0,0,0
Prl2a1,0,0,0,0
Prl2b1,0,1,0,0
Prl2c1,0,0,0,0
Prl2c2,1,0,0,0
Prl2c3,0,0,0,0
Prl2c5,0,0,0,0
Prl3a1,0,0,0,0
Prl3b1,0,0,0,0
Prl3c1,0,0,0,0
Prl3d1,0,0,0,0
Prl3d2,0,0,0,0
Prl3d3,0,0,0,0
Prl4a1,0,0,0,0
Prl5a1,0,0,0,0
Prl6a1,0,0,0,0
Prl7a1,0,0,0,0
Prl7a2,0,0,0,0
Prl7b1,0,0,0,0
Prl7c1,0,0,0,0
Prl7d1,0,0,0,0
Prl8a1,0,0,0,2
Prl8a2,0,0,0,0
Prl8a6,0,0,0,0
Prl8a8,0,0,0,0
Prl8a9,0,0,0,0
Prlh,1,0,0,0
Prlhr,0,2,1,0
Prlr,49,62,29,65
Prm1,0,0,0,0
Prm2,0,0,0,0
Prm3,0,0,0,0
Prmt1,166,324,180,93
Prmt10,110,311,127,77
Prmt2,289,689,325,188
Prmt3,78,226,102,44
Prmt5,192,447,240,139
Prmt6,25,55,23,13
Prmt7,196,514,227,137
Prmt8,92,262,113,45
Prnd,0,0,0,0
Prnp,3527,6746,2749,2256
Prob1,3,7,4,1
Proc,0,0,0,0
Proca1,5,6,8,5
Procr,6,10,5,1
Prodh,61,137,52,52
Prodh2,0,0,1,1
Prok1,2,6,0,2
Prok2,3,26,12,0
Prokr1,2,1,0,0
Prokr2,15,10,11,6
Prol1,0,0,0,0
Prom1,33,50,20,8
Prom2,0,1,0,0
Prop1,0,0,0,0
Prorsd1,34,73,36,24
Pros1,38,80,56,18
Prosc,256,851,327,191
Proscos,20,57,22,10
Proser1,414,1057,420,321
Proser2,6,22,13,2
Proser3,16,46,11,11
Prox1,116,53,20,58
Prox1os,38,23,10,14
Prox2,58,136,56,53
Prox2os,11,46,10,4
Proz,1,0,0,0
Prp2,0,0,0,0
Prpf18,99,292,138,67
Prpf19,463,1352,625,358
Prpf3,92,272,144,83
Prpf31,155,443,214,121
Prpf38a,90,262,102,63
Prpf38b,247,722,346,184
Prpf39,215,619,264,140
Prpf4,64,156,81,37
Prpf40a,298,754,378,213
Prpf40b,377,973,445,295
Prpf4b,744,2450,1111,590
Prpf6,137,356,166,87
Prpf8,168,286,148,104
Prph,14,17,10,6
Prph2,0,0,0,1
Prpmp5,0,0,0,0
Prps1,46,97,45,22
Prps1l1,0,0,0,0
Prps1l3,4,8,3,0
Prps2,20,41,20,9
Prpsap1,228,648,256,148
Prpsap2,41,97,42,26
Prr11,4,3,6,8
Prr12,70,132,70,38
Prr13,125,320,133,81
Prr14,199,458,198,125
Prr14l,23,53,27,17
Prr15,1,5,3,2
Prr15l,0,0,0,0
Prr16,7,26,16,3
Prr18,47,89,46,14
Prr19,4,1,0,1
Prr22,13,25,14,12
Prr23a1,0,0,0,0
Prr23a2,0,0,0,0
Prr23a3,0,0,0,0
Prr27,0,0,0,0
Prr29,1,3,0,0
Prr3,166,355,152,88
Prr30,0,0,0,0
Prr32,3,2,1,7
Prr33,0,1,0,0
Prr36,27,46,28,16
Prr5,8,26,6,7
Prr5l,21,50,36,13
Prr7,603,1414,512,364
Prr9,0,0,0,0
Prrc1,38,95,35,29
Prrc2a,478,769,467,350
Prrc2b,227,423,232,121
Prrc2c,288,924,411,222
Prrg1,30,128,40,25
Prrg2,60,141,56,31
Prrg3,45,142,87,24
Prrg4,6,12,2,10
Prrt1,496,706,376,336
Prrt2,5,33,7,9
Prrt3,260,643,344,163
Prrt4,12,35,20,12
Prrx1,34,67,26,23
Prrx2,3,13,6,3
Prrxl1,1,0,0,1
Prss1,0,0,1,0
Prss12,95,308,111,65
Prss16,1,13,6,2
Prss2,0,3,1,0
Prss21,0,0,0,0
Prss22,1,39,11,0
Prss23,72,272,97,70
Prss23os,1,4,0,0
Prss27,19,77,23,28
Prss28,0,0,0,0
Prss29,0,0,0,0
Prss3,0,0,0,0
Prss30,5,25,10,1
Prss32,0,1,0,0
Prss33,0,1,0,1
Prss34,0,0,0,0
Prss35,5,11,10,14
Prss36,91,167,80,59
Prss37,0,0,0,0
Prss38,1,1,0,0
Prss39,0,0,0,0
Prss40,0,0,0,0
Prss41,3,7,2,0
Prss42,0,0,0,0
Prss43,2,9,5,4
Prss44,0,0,2,0
Prss45,1,7,2,0
Prss46,0,1,0,0
Prss47,0,1,0,0
Prss48,0,0,0,0
Prss50,9,55,16,7
Prss51,0,0,0,0
Prss52,1,1,0,0
Prss53,6,20,5,5
Prss54,0,1,1,1
Prss55,0,0,0,1
Prss56,0,15,5,0
Prss57,10,23,10,9
Prss58,0,0,0,0
Prss8,3,6,1,5
Prtg,39,46,35,29
Prtn3,6,25,13,7
Prune,10,35,15,12
Prune2,342,785,395,225
Prx,0,0,2,1
Psap,6283,14050,6855,5207
Psapl1,1,1,0,1
Psat1,64,89,59,28
Psca,0,0,0,0
Psd,287,592,354,190
Psd2,26,70,25,23
Psd3,672,2048,780,556
Psd4,2,1,0,0
Psen1,594,336,485,121
Psen2,163,395,201,125
Psenen,740,2169,823,427
Psg16,5,26,11,9
Psg17,0,0,0,0
Psg18,0,0,0,0
Psg19,0,0,0,0
Psg20,0,0,0,0
Psg21,0,0,0,0
Psg22,0,0,0,0
Psg23,0,0,0,0
Psg25,0,0,0,0
Psg26,0,0,0,0
Psg27,0,0,0,0
Psg28,0,0,0,0
Psg29,0,0,0,0
Psip1,445,1284,585,257
Pskh1,23,46,25,13
Psma1,978,2508,1183,671
Psma2,197,381,175,92
Psma3,1914,5412,2309,1258
Psma4,258,587,287,151
Psma5,176,521,215,115
Psma6,113,267,149,63
Psma7,398,1142,471,255
Psma8,2,3,0,1
Psmb1,318,725,335,143
Psmb10,106,262,133,66
Psmb11,1,7,3,1
Psmb2,196,433,233,132
Psmb3,289,588,286,156
Psmb4,165,387,203,73
Psmb5,249,604,232,125
Psmb6,290,834,353,192
Psmb7,160,393,159,106
Psmb8,40,49,40,5
Psmb9,19,21,22,2
Psmc1,157,400,179,92
Psmc2,195,426,191,103
Psmc3,378,1025,435,221
Psmc3ip,10,35,15,11
Psmc4,703,1884,853,465
Psmc5,218,545,290,129
Psmc6,116,276,144,69
Psmd1,153,412,188,95
Psmd10,25,61,20,13
Psmd11,398,954,475,294
Psmd12,169,460,176,109
Psmd13,186,481,182,120
Psmd14,118,296,128,87
Psmd2,211,493,250,155
Psmd3,388,1070,486,277
Psmd4,574,1396,600,342
Psmd5,118,392,138,92
Psmd6,184,446,176,112
Psmd7,255,716,289,153
Psmd8,171,427,187,90
Psmd9,540,1696,662,427
Psme1,174,358,174,98
Psme2,118,252,112,61
Psme2b,4,13,4,8
Psme3,101,232,102,66
Psme4,197,485,268,147
Psmf1,41,104,51,18
Psmg1,22,46,28,8
Psmg2,127,384,132,91
Psmg3,50,154,52,29
Psmg4,59,174,54,32
Psors1c2,2,13,10,2
Pspc1,62,166,82,50
Psph,115,241,104,57
Pspn,1,0,1,1
Psrc1,109,228,111,80
Pstk,291,846,350,237
Pstpip1,13,52,25,14
Pstpip2,2,4,2,4
Ptafr,5,19,15,6
Ptar1,5,15,8,4
Ptbp1,109,216,127,70
Ptbp2,182,424,230,115
Ptbp3,226,517,203,156
Ptcd1,25,50,34,15
Ptcd2,85,205,113,50
Ptcd3,168,354,177,112
Ptch1,107,395,174,106
Ptch2,6,37,19,15
Ptchd1,68,236,108,47
Ptchd2,64,157,69,49
Ptchd3,0,0,0,0
Ptchd4,469,1292,511,400
Ptcra,46,79,54,63
Ptdss1,271,733,333,229
Ptdss2,565,1285,578,350
Pten,177,652,259,127
Pter,16,18,8,3
Ptf1a,0,0,0,1
Ptf1aos,0,0,0,0
Ptgdr,3,24,12,7
Ptgdr2,0,0,0,0
Ptgds,8885,28786,11189,3898
Ptger1,8,31,20,12
Ptger2,1,7,8,4
Ptger3,5,43,11,11
Ptger4,4,15,10,5
Ptges,22,58,31,17
Ptges2,113,340,125,84
Ptges3,125,279,131,63
Ptges3l,15,72,32,7
Ptgfr,3,6,2,2
Ptgfrn,46,186,93,26
Ptgir,0,0,1,0
Ptgis,10,67,32,16
Ptgr1,5,6,1,4
Ptgr2,54,105,48,28
Ptgs1,43,168,65,16
Ptgs2,75,138,66,65
Ptgs2os2,0,3,1,1
Pth,0,0,1,0
Pth1r,78,213,102,60
Pth2,1,2,1,1
Pth2r,2,5,4,0
Pthlh,20,124,44,17
Ptk2,116,367,179,77
Ptk2b,371,536,270,215
Ptk6,0,4,2,0
Ptk7,16,76,35,15
Ptma,839,1830,847,433
Ptms,714,1529,663,428
Ptn,2964,15231,5654,2095
Ptov1,1043,2009,953,673
Ptp4a1,132,265,143,72
Ptp4a2,141,346,151,91
Ptp4a3,115,269,171,82
Ptpdc1,53,92,32,28
Ptpn1,218,560,234,145
Ptpn11,122,320,116,63
Ptpn12,72,194,111,55
Ptpn13,16,39,22,11
Ptpn14,25,65,26,9
Ptpn18,60,76,55,29
Ptpn2,57,142,64,22
Ptpn20,0,2,1,0
Ptpn21,12,44,17,9
Ptpn22,22,18,10,10
Ptpn23,83,212,116,58
Ptpn3,64,104,57,36
Ptpn4,73,252,103,57
Ptpn5,680,2933,1196,622
Ptpn6,11,17,16,3
Ptpn7,1,8,2,1
Ptpn9,53,175,82,48
Ptpra,860,1497,619,486
Ptprb,108,313,105,69
Ptprc,15,33,18,6
Ptprcap,8,10,4,5
Ptprd,1667,8882,3737,1409
Ptpre,697,1034,398,477
Ptprf,168,489,236,99
Ptprg,219,487,235,157
Ptprh,1,34,14,4
Ptprj,311,661,304,205
Ptprk,226,679,274,148
Ptprm,47,219,114,29
Ptprn,3135,9128,4375,2392
Ptprn2,168,405,237,120
Ptpro,91,209,109,41
Ptprq,0,1,0,0
Ptprr,78,294,132,80
Ptprs,1671,3660,1708,1095
Ptprt,111,550,246,108
Ptprtos,0,0,0,0
Ptpru,174,364,176,140
Ptprz1,572,1356,645,443
Ptrf,31,111,24,5
Ptrh1,13,32,19,11
Ptrh2,47,128,36,22
Ptrhd1,30,89,30,12
Pts,90,210,113,61
Pttg1,171,548,214,107
Pttg1ip,142,376,167,84
Ptx3,11,7,4,10
Ptx4,8,8,3,3
Puf60,182,409,186,132
Pum1,269,578,263,166
Pum2,181,384,204,89
Pum3,57,154,60,39
Pura,845,2436,1026,559
Purb,191,445,194,104
Purg,55,118,47,20
Pus1,62,176,88,56
Pus10,45,101,50,22
Pus3,53,145,53,47
Pus7,96,255,129,64
Pus7l,16,27,15,4
Pusl1,228,642,306,160
Pvalb,71,305,122,47
Pvr,93,353,140,94
Pvrl1,136,316,175,79
Pvrl2,44,141,60,33
Pvrl3,172,309,130,86
Pvrl4,20,48,24,14
Pvt1,28,64,32,27
Pwp1,19,73,24,8
Pwp2,57,92,63,30
Pwwp2a,249,608,292,198
Pwwp2b,58,59,46,42
Pxdc1,15,19,8,9
Pxdn,123,212,94,66
Pxk,119,457,214,82
Pxmp2,24,76,30,17
Pxmp4,63,164,68,38
Pxn,88,121,59,61
Pxt1,0,0,0,0
Pxylp1,81,212,117,71
Pycard,422,1086,517,316
Pycr1,10,25,13,4
Pycr2,190,424,188,135
Pycrl,113,306,158,82
Pydc3,0,0,0,0
Pydc4,0,0,2,0
Pygb,148,196,109,90
Pygl,8,14,11,1
Pygm,21,48,24,18
Pygo1,116,126,59,79
Pygo2,21,96,47,18
Pyhin1,2,0,1,0
Pym1,66,141,58,36
Pyroxd1,135,371,182,121
Pyroxd2,6,3,3,2
Pyurf,53,117,52,25
Pyy,0,0,0,0
Pzp,1,4,2,1
Qars,263,596,324,216
Qdpr,189,385,164,88
Qk,479,860,435,235
Qpct,203,566,240,214
Qpctl,426,1270,624,365
Qprt,1,3,1,2
Qrfp,0,1,0,0
Qrfpr,5,89,41,21
Qrich1,296,656,334,173
Qrich2,0,0,0,0
Qrsl1,137,324,124,93
Qser1,36,86,46,26
Qsox1,220,553,305,144
Qsox2,157,372,164,112
Qtrt1,807,1357,678,591
Qtrtd1,32,79,29,27
R3hcc1,28,61,32,19
R3hcc1l,24,53,32,19
R3hdm1,2889,12506,6179,2665
R3hdm2,235,1140,510,252
R3hdm4,529,1052,564,355
R3hdml,0,0,0,0
RP23-103E11.3,0,0,0,0
RP23-103E11.4,0,0,0,0
RP23-106P7.5,36,84,23,23
RP23-109E24.10,0,0,0,0
RP23-10I8.1,1,0,1,0
RP23-114E15.17,0,0,0,0
RP23-11L1.3,0,0,0,0
RP23-11L1.4,0,0,1,0
RP23-121N17.5,0,0,0,1
RP23-121N17.6,0,0,0,0
RP23-124B2.7,0,0,0,0
RP23-133N24.2,2,1,2,0
RP23-136A14.3,0,0,0,0
RP23-137A24.6,1,3,2,1
RP23-138J20.8,1,1,2,0
RP23-142A14.12,0,0,0,0
RP23-142A14.9,0,1,1,0
RP23-143D11.1,4,10,8,2
RP23-143J24.4,0,0,0,0
RP23-144N15.10,0,0,0,1
RP23-144N15.7,0,0,0,0
RP23-145E21.1,0,0,0,0
RP23-145H5.1,0,0,0,0
RP23-152B12.3,0,0,0,0
RP23-152P20.2,0,0,0,0
RP23-152P20.3,2,0,1,0
RP23-152P5.3,0,0,0,1
RP23-156J8.1,0,0,0,0
RP23-166E8.2,0,0,0,0
RP23-16L19.4,7,1,4,4
RP23-16L19.5,6,14,9,0
RP23-170L10.2,0,0,0,0
RP23-172P1.2,0,3,0,2
RP23-172P1.4,1,1,0,0
RP23-174K7.1,0,0,0,0
RP23-175F18.3,0,1,1,0
RP23-178C20.4,0,0,0,0
RP23-179K11.10,0,0,0,0
RP23-17C12.1,0,0,0,0
RP23-17C12.5,3,4,2,0
RP23-182F18.2,9,14,7,4
RP23-183J18.1,11,11,13,4
RP23-183J18.2,0,0,0,0
RP23-184D18.8,0,0,0,0
RP23-184F6.3,0,0,0,0
RP23-184K1.2,0,0,0,0
RP23-184K1.3,0,1,0,0
RP23-184K1.4,0,0,0,0
RP23-184M3.1,0,0,0,0
RP23-184M3.2,0,0,0,0
RP23-185P17.2,0,0,0,0
RP23-191I16.3,0,0,0,0
RP23-191I16.4,0,0,0,0
RP23-196J23.1,0,0,0,0
RP23-198F11.3,0,0,0,0
RP23-202M11.1,0,0,0,0
RP23-205F19.4,5,28,6,5
RP23-207N5.2,15,38,15,12
RP23-207N5.4,8,27,12,4
RP23-207N5.5,3,18,2,5
RP23-212H18.4,8,22,11,4
RP23-213H1.2,1,1,0,0
RP23-216D14.1,0,1,0,0
RP23-216D14.2,0,2,2,0
RP23-216D14.3,1,3,1,0
RP23-216D14.4,0,1,0,0
RP23-218E6.1,0,0,0,0
RP23-218E6.2,0,1,1,1
RP23-218E6.4,0,0,0,0
RP23-218K15.3,73,248,82,37
RP23-21B1.4,0,2,0,0
RP23-21B1.5,0,0,0,0
RP23-222G6.3,0,0,0,0
RP23-223O9.2,5,5,3,1
RP23-225M4.1,0,0,0,0
RP23-231J2.1,64,67,23,23
RP23-235M8.7,47,65,73,54
RP23-238I17.9,0,0,0,0
RP23-240M8.2,1,7,2,1
RP23-244C22.6,0,0,0,0
RP23-245P16.2,0,0,0,0
RP23-259N3.1,0,0,0,0
RP23-264N6.3,0,0,0,0
RP23-267I20.3,1,4,0,0
RP23-268E17.1,3,3,0,0
RP23-26A14.14,2,0,0,0
RP23-26A14.4,0,0,1,1
RP23-272F2.2,0,2,0,0
RP23-272F2.5,0,0,0,0
RP23-274K7.1,0,0,0,0
RP23-274K7.2,0,0,0,0
RP23-276E14.1,0,0,0,0
RP23-276L17.2,0,0,0,0
RP23-278M8.1,0,0,0,0
RP23-281H4.10,0,0,0,0
RP23-291B1.2,24,36,21,14
RP23-292B24.1,0,0,0,0
RP23-292C5.4,0,1,0,1
RP23-294B14.1,0,1,0,0
RP23-298C3.14,0,0,0,0
RP23-299D2.2,4,8,5,2
RP23-2D23.2,0,1,1,0
RP23-300E17.1,0,1,1,0
RP23-302N11.3,0,0,0,0
RP23-306P12.2,0,0,0,0
RP23-306P12.3,3,3,1,5
RP23-306P12.4,0,0,0,0
RP23-307M24.1,1,0,1,2
RP23-308M1.6,0,1,1,1
RP23-310J6.2,0,0,0,0
RP23-310N5.3,0,0,0,0
RP23-312I2.8,0,0,0,0
RP23-316J6.4,13,38,12,10
RP23-316J6.5,0,1,1,1
RP23-324J22.6,2,1,0,0
RP23-325D10.3,0,0,0,0
RP23-328F4.7,0,2,0,0
RP23-32A8.10,2,0,0,0
RP23-32A8.11,0,0,0,0
RP23-32A8.5,0,1,0,1
RP23-32A8.6,0,4,1,0
RP23-32A8.8,0,1,0,1
RP23-32A8.9,0,5,4,1
RP23-330A14.1,0,0,0,0
RP23-331A21.6,0,2,1,1
RP23-332G12.1,14,6,3,5
RP23-335G1.1,18,36,15,11
RP23-336F11.36,0,0,0,0
RP23-338G5.1,0,0,0,1
RP23-338G5.2,0,0,0,0
RP23-340E19.1,0,0,0,0
RP23-340E19.2,0,0,0,0
RP23-341H2.2,0,0,0,0
RP23-341H2.3,0,0,0,0
RP23-341H2.4,0,0,0,0
RP23-341H2.5,0,0,0,0
RP23-342N5.2,0,0,0,0
RP23-342N5.5,0,0,0,0
RP23-343H23.2,14,19,6,8
RP23-344G21.5,3,3,6,2
RP23-345M1.1,0,0,0,0
RP23-34O23.3,0,0,0,0
RP23-34O23.4,0,1,0,0
RP23-350G1.5,1,1,1,0
RP23-351K21.1,0,0,0,0
RP23-353F16.3,0,1,0,0
RP23-354H24.9,0,0,4,0
RP23-361A18.18,0,0,0,0
RP23-361A18.4,0,0,0,0
RP23-361O12.3,0,1,0,2
RP23-362F15.1,1,0,0,0
RP23-366O14.2,1,0,0,0
RP23-366O14.3,0,0,0,0
RP23-366O14.4,0,3,2,0
RP23-366O14.5,2,1,1,1
RP23-366O14.8,0,0,0,0
RP23-366O14.9,0,0,0,0
RP23-36D15.6,0,2,1,0
RP23-36D15.8,0,2,2,0
RP23-36D15.9,1,5,2,1
RP23-370I17.2,0,0,0,0
RP23-370I17.3,0,0,0,0
RP23-370I17.4,0,0,0,0
RP23-378D16.4,8,45,23,9
RP23-378D16.5,1,1,3,0
RP23-378L12.2,0,0,0,0
RP23-378L12.3,0,0,0,0
RP23-378L12.4,0,0,0,0
RP23-385E22.2,0,0,0,0
RP23-387F1.6,0,0,0,0
RP23-394F19.1,0,1,1,1
RP23-396L12.2,0,0,0,0
RP23-399P8.1,0,0,0,0
RP23-402A4.1,1,1,0,0
RP23-402A4.2,0,0,0,0
RP23-407E22.1,0,0,0,0
RP23-407E22.2,0,0,0,0
RP23-407J24.3,1,3,0,0
RP23-407N2.2,718,2928,1320,485
RP23-414I24.10,0,0,0,0
RP23-414I24.8,0,0,0,0
RP23-416K12.4,0,0,0,0
RP23-421O10.11,0,0,0,0
RP23-421O10.2,1,1,0,0
RP23-421P23.12,0,4,2,1
RP23-421P23.4,0,0,0,0
RP23-423B21.2,0,0,0,0
RP23-423B21.7,0,0,0,0
RP23-428N8.3,6,11,2,2
RP23-430B14.2,6,8,2,2
RP23-432D9.7,0,0,0,0
RP23-433B5.2,0,0,1,0
RP23-435E16.1,0,1,0,2
RP23-435E16.3,0,0,0,0
RP23-435E16.4,0,0,0,0
RP23-444O13.2,3,48,25,10
RP23-446E13.1,9,8,7,4
RP23-449M8.3,0,0,0,0
RP23-449M8.5,26,41,18,6
RP23-449M8.6,13,19,9,6
RP23-449M8.7,0,0,0,0
RP23-44H21.1,14,24,8,4
RP23-455C13.7,290,508,213,215
RP23-457J22.1,0,0,0,0
RP23-458C8.2,2,4,1,1
RP23-465D7.3,0,1,0,1
RP23-466J17.3,0,1,0,0
RP23-466P2.3,0,0,0,0
RP23-470G18.4,0,0,2,0
RP23-470P9.1,1,4,4,1
RP23-470P9.2,1,1,2,1
RP23-472J11.10,0,0,0,0
RP23-472J11.11,0,0,0,0
RP23-472J11.9,0,0,0,0
RP23-474C17.2,0,0,0,0
RP23-474J16.2,12,15,8,5
RP23-474J16.4,0,0,0,0
RP23-476C23.10,0,0,0,0
RP23-477O13.1,0,0,0,0
RP23-49I18.5,11,40,18,2
RP23-4F16.12,0,0,0,0
RP23-4H17.3,62,104,129,81
RP23-51L15.5,0,0,0,0
RP23-53N23.2,0,0,0,0
RP23-53N23.3,0,0,0,0
RP23-53O7.1,0,0,0,0
RP23-53O7.2,2,4,0,0
RP23-54G8.4,282,774,378,159
RP23-56C20.7,0,0,0,0
RP23-58K20.2,0,0,0,0
RP23-58K20.3,0,1,0,0
RP23-59P20.3,0,0,0,0
RP23-60P18.10,35,132,60,29
RP23-62N10.3,0,0,0,0
RP23-66E21.1,0,0,0,0
RP23-68N11.1,0,0,0,0
RP23-6I17.1,2,0,2,0
RP23-74K24.10,0,0,0,0
RP23-74K24.2,0,0,0,0
RP23-74K24.8,0,1,0,0
RP23-78N8.4,6,9,4,0
RP23-7G1.2,0,0,0,0
RP23-80J7.3,0,0,0,0
RP23-81F19.2,3,3,2,0
RP23-83P19.1,0,0,0,0
RP23-84B11.2,0,0,0,0
RP23-85B15.7,3,24,13,7
RP23-85B15.8,0,3,0,1
RP23-89A16.3,1,2,0,0
RP23-89C10.2,0,0,0,0
RP23-89C10.5,0,0,1,0
RP23-8M3.5,2,6,4,3
RP23-92E8.2,0,4,2,1
RP23-92L23.2,0,0,0,0
RP23-95K12.13,0,0,0,0
RP23-9K14.6,1,3,1,0
RP24-112A10.1,0,0,0,0
RP24-112I14.3,0,0,0,0
RP24-113D21.1,0,0,0,0
RP24-117C3.2,0,0,0,0
RP24-118K11.2,0,0,0,0
RP24-118K11.4,0,0,0,0
RP24-118K20.1,1,5,5,1
RP24-120F8.4,1,1,0,0
RP24-124B23.14,0,0,0,0
RP24-124B23.17,0,0,0,0
RP24-127M20.8,0,0,0,0
RP24-134N2.1,23,181,71,24
RP24-136L4.2,0,1,0,0
RP24-136L4.3,0,0,0,0
RP24-136L4.4,0,1,0,0
RP24-136L4.5,1,5,1,2
RP24-136L4.6,5,11,4,6
RP24-138O17.3,0,0,0,0
RP24-143K11.1,0,1,1,0
RP24-143K11.2,23,55,24,27
RP24-143L4.3,0,5,3,1
RP24-158L15.3,0,0,0,0
RP24-159C12.10,63,128,47,57
RP24-160N8.1,1,1,1,1
RP24-172H24.1,0,4,0,0
RP24-172K3.1,0,0,0,0
RP24-173K12.5,0,4,0,2
RP24-173O20.2,0,0,0,0
RP24-174G2.4,1,1,0,0
RP24-177G14.2,4,3,7,1
RP24-185P7.1,6,9,3,2
RP24-191C15.5,0,1,0,0
RP24-199E5.2,0,0,0,0
RP24-222O22.4,0,0,1,0
RP24-225H21.4,0,0,0,0
RP24-230H23.1,0,0,0,0
RP24-236C17.2,424,1090,471,307
RP24-236C17.3,76,277,83,82
RP24-238P16.1,0,2,0,0
RP24-240G4.4,1,1,0,1
RP24-254M13.1,1,0,0,0
RP24-255H18.1,0,0,0,0
RP24-259P13.2,1,8,3,3
RP24-259P13.4,0,0,0,0
RP24-263G24.2,0,0,0,0
RP24-267C3.3,252,776,389,225
RP24-269A16.8,0,0,0,0
RP24-269A16.9,0,0,0,0
RP24-274B19.1,32,75,48,26
RP24-274B19.2,14,26,9,9
RP24-281E22.1,0,0,0,0
RP24-281E22.2,0,0,0,0
RP24-282D2.2,0,0,0,0
RP24-286L23.2,0,0,0,0
RP24-286L23.3,0,3,1,1
RP24-294M17.1,1,0,0,0
RP24-294M17.2,1,1,0,0
RP24-294M17.3,0,1,0,0
RP24-294M17.4,0,0,0,0
RP24-294M17.5,0,1,1,0
RP24-308M10.2,3,9,9,3
RP24-325H17.1,3,9,8,5
RP24-328C2.1,0,0,0,0
RP24-328C2.2,0,0,0,0
RP24-329F21.1,0,1,0,0
RP24-330M21.1,3,0,0,1
RP24-331B9.1,0,0,0,0
RP24-339E15.5,0,0,0,0
RP24-346B15.1,0,0,0,0
RP24-350A15.6,0,0,0,0
RP24-362L9.2,0,1,0,0
RP24-387H11.1,0,1,0,0
RP24-402O2.2,0,1,0,1
RP24-416M6.4,1,0,0,0
RP24-416M6.5,0,1,1,0
RP24-443B5.7,0,0,0,0
RP24-443G20.1,0,0,0,0
RP24-444C13.27,0,0,1,0
RP24-445D7.2,26,59,41,33
RP24-457L7.3,1,7,3,1
RP24-462O14.3,0,0,0,0
RP24-476M14.1,0,0,0,0
RP24-484I1.3,1,2,0,0
RP24-492L15.6,2,4,4,3
RP24-549B12.3,0,0,0,0
RP24-549B12.4,0,0,0,0
RP24-554K14.5,0,0,0,0
RP24-576D1.5,0,0,0,1
RP24-63G4.13,0,1,0,0
RP24-63N24.1,0,2,0,0
RP24-64C6.3,0,0,1,0
RP24-70M5.1,0,0,0,0
RP24-72H18.4,0,0,0,0
RP24-78M9.5,0,0,0,0
RP24-78M9.6,0,5,0,1
RP24-84O13.6,0,0,0,0
Rab10,316,618,240,163
Rab10os,233,796,344,153
Rab11a,161,515,206,115
Rab11b,150,360,160,115
Rab11fip1,3,10,2,3
Rab11fip2,811,2225,848,627
Rab11fip3,109,292,143,93
Rab11fip4,326,952,353,224
Rab11fip4os1,62,148,76,58
Rab11fip4os2,0,0,0,0
Rab11fip5,46,97,47,34
Rab12,102,213,98,54
Rab13,34,66,29,19
Rab14,447,1209,517,284
Rab15,106,303,172,62
Rab17,0,0,1,0
Rab18,117,337,137,74
Rab19,1,3,3,1
Rab1a,118,378,161,87
Rab1b,81,147,67,35
Rab20,8,7,4,2
Rab21,17,27,18,11
Rab22a,44,138,56,37
Rab23,70,180,87,43
Rab24,1463,3623,1634,983
Rab25,0,2,2,0
Rab26,716,1628,828,402
Rab26os,338,1036,365,181
Rab27a,52,61,36,28
Rab27b,127,289,138,97
Rab28,82,211,114,51
Rab29,13,10,9,5
Rab2a,263,726,262,141
Rab2b,247,734,295,174
Rab30,41,122,58,32
Rab31,31,80,33,11
Rab32,4,4,2,1
Rab33a,20,136,61,20
Rab33b,48,104,49,41
Rab34,1267,2312,961,910
Rab35,65,162,74,38
Rab36,92,329,133,50
Rab37,31,92,31,26
Rab38,2,2,1,3
Rab39,2,5,1,2
Rab39b,53,155,58,31
Rab3a,664,2030,734,476
Rab3b,124,287,133,71
Rab3c,260,745,334,206
Rab3d,69,132,55,43
Rab3gap1,200,500,275,173
Rab3gap2,148,371,207,84
Rab3il1,12,26,10,7
Rab3ip,76,147,60,53
Rab40b,95,230,119,74
Rab40c,64,133,74,34
Rab42,49,264,76,57
Rab43,41,137,55,28
Rab44,0,0,0,0
Rab4a,88,282,115,74
Rab4b,32,66,40,36
Rab5a,106,271,140,78
Rab5b,46,79,42,18
Rab5c,107,251,114,52
Rab6a,380,1023,460,233
Rab6b,280,898,392,206
Rab7,179,481,218,100
Rab7b,4,4,5,0
Rab8a,44,136,45,32
Rab8b,81,220,77,52
Rab9,71,158,80,34
Rab9b,10,35,10,8
Rabac1,2379,6805,2641,1402
Rabep1,96,269,120,53
Rabep2,211,500,281,146
Rabepk,240,635,242,156
Rabgap1,546,1265,662,483
Rabgap1l,391,833,411,283
Rabgef1,29,69,42,18
Rabggta,188,495,204,128
Rabggtb,152,414,199,137
Rabif,32,100,29,17
Rabl2,325,1085,494,219
Rabl3,41,106,46,30
Rabl6,171,494,231,129
Rac1,250,697,245,142
Rac2,5,8,8,0
Rac3,230,573,275,158
Racgap1,11,69,27,8
Rad1,28,109,44,27
Rad17,65,183,82,36
Rad18,49,84,41,18
Rad21,85,172,82,39
Rad21l,0,2,0,0
Rad23a,169,331,185,113
Rad23b,249,690,338,179
Rad50,50,141,76,34
Rad51,3,5,1,3
Rad51ap1,23,37,23,6
Rad51ap2,67,380,142,45
Rad51b,0,0,0,0
Rad51c,13,29,12,11
Rad51d,22,61,28,18
Rad52,111,296,104,84
Rad54b,2,12,5,1
Rad54l,30,74,40,32
Rad54l2,89,209,101,66
Rad9a,50,114,51,28
Rad9b,107,289,134,90
Radil,64,243,114,54
Rae1,115,320,159,104
Raet1d,0,1,0,0
Raet1e,0,0,1,0
Raf1,561,1283,593,331
Rag1,0,1,0,0
Rag2,0,0,0,0
Rai1,172,375,194,139
Rai14,21,125,46,20
Rai2,9,32,17,6
Rala,47,116,63,19
Ralb,62,193,91,46
Ralbp1,276,1124,449,224
Ralgapa1,515,1304,823,427
Ralgapa2,191,438,250,115
Ralgapb,117,323,179,68
Ralgds,191,367,163,127
Ralgps1,542,1666,780,437
Ralgps2,257,500,229,170
Raly,93,298,140,51
Ralyl,60,226,85,70
Ramp1,750,1630,572,350
Ramp2,352,550,268,160
Ramp3,40,271,105,27
Ran,231,589,288,141
Ranbp1,216,587,294,139
Ranbp10,81,181,70,47
Ranbp17,24,56,22,24
Ranbp2,102,298,138,67
Ranbp3,157,372,187,121
Ranbp3l,26,63,37,14
Ranbp6,27,54,20,24
Ranbp9,68,226,90,27
Rangap1,259,739,329,174
Rangrf,62,136,66,29
Rap1a,160,293,138,74
Rap1b,107,252,95,49
Rap1gap,494,1317,697,382
Rap1gap2,43,209,121,36
Rap1gapos,0,3,0,0
Rap1gds1,190,636,283,149
Rap2a,55,163,76,41
Rap2b,170,355,173,113
Rap2c,17,34,29,7
Rapgef1,72,214,127,44
Rapgef2,120,224,90,71
Rapgef3,89,186,101,77
Rapgef3os1,0,0,1,0
Rapgef3os2,4,13,8,5
Rapgef4,543,1120,620,332
Rapgef4os1,1,3,0,0
Rapgef4os2,2,16,6,4
Rapgef4os3,3,7,2,3
Rapgef5,51,175,74,41
Rapgef6,336,766,366,232
Rapgefl1,249,408,162,130
Raph1,904,2251,1166,695
Rapsn,6,19,5,4
Rara,26,44,20,14
Rarb,5,56,17,6
Rarg,20,72,27,17
Rarres1,29,40,10,14
Rarres2,96,259,76,32
Rars,52,136,72,33
Rars2,95,197,105,62
Rasa1,114,195,91,48
Rasa2,126,479,207,76
Rasa3,60,152,72,37
Rasa4,60,255,111,40
Rasal1,169,367,189,119
Rasal2,168,554,250,135
Rasal3,6,6,3,1
Rasd1,30,22,17,25
Rasd2,42,167,76,22
Rasef,0,1,2,1
Rasgef1a,660,1528,768,419
Rasgef1b,11,123,40,8
Rasgef1c,2,119,58,7
Rasgrf1,694,1100,479,431
Rasgrf2,65,227,110,46
Rasgrp1,877,2255,993,609
Rasgrp2,75,622,219,42
Rasgrp3,19,36,33,6
Rasgrp4,3,16,12,10
Rasip1,22,52,14,4
Rasl10a,550,986,377,322
Rasl10b,124,239,128,37
Rasl11a,33,63,27,18
Rasl11b,226,676,306,158
Rasl12,7,9,7,4
Rasl2-9,2,3,0,1
Rassf1,135,353,155,95
Rassf10,4,7,4,4
Rassf2,53,119,61,26
Rassf3,13,37,17,6
Rassf4,6,23,10,3
Rassf5,5,39,15,6
Rassf6,0,2,2,0
Rassf7,2,11,7,3
Rassf8,1461,4030,1597,1153
Rassf9,15,17,6,4
Raver1,451,958,384,331
Raver2,66,42,19,42
Rax,0,7,1,1
Raxos1,0,0,0,0
Rb1,55,132,63,34
Rb1cc1,357,773,452,269
Rbak,30,66,33,18
Rbakdn,0,0,1,0
Rbbp4,144,344,189,90
Rbbp5,40,107,51,21
Rbbp6,234,671,266,154
Rbbp7,164,416,197,88
Rbbp8,1,18,10,7
Rbbp8nl,0,0,0,0
Rbbp9,58,162,65,29
Rbck1,121,378,185,91
Rbfa,53,167,67,39
Rbfox1,465,952,436,249
Rbfox2,590,1489,743,318
Rbfox3,733,1999,1029,444
Rbks,11,30,10,6
Rbl1,8,14,9,0
Rbl2,163,419,215,120
Rbm10,161,354,194,116
Rbm11,11,33,10,5
Rbm12,18,41,17,9
Rbm12b1,16,24,15,8
Rbm12b2,14,43,16,9
Rbm14,22,45,15,13
Rbm15,30,89,28,20
Rbm15b,43,88,36,24
Rbm17,151,437,195,128
Rbm18,171,464,178,88
Rbm19,14,40,16,14
Rbm20,4,14,3,2
Rbm22,119,231,113,64
Rbm24,80,295,113,47
Rbm25,1723,4860,2189,1128
Rbm26,469,1313,529,303
Rbm27,69,205,111,59
Rbm28,247,696,309,152
Rbm3,828,1960,889,621
Rbm31y,0,0,0,0
Rbm33,196,547,237,108
Rbm34,42,134,64,35
Rbm38,4,15,3,8
Rbm39,3512,9342,4017,2391
Rbm3os,2,10,3,1
Rbm4,24,69,48,25
Rbm41,13,34,14,19
Rbm42,83,200,97,58
Rbm43,16,37,19,3
Rbm44,0,2,1,1
Rbm45,17,33,27,20
Rbm46,0,5,2,2
Rbm46os,0,0,0,0
Rbm47,16,13,4,23
Rbm48,70,220,90,56
Rbm4b,4057,10640,4520,3384
Rbm5,1034,2673,1196,709
Rbm6,462,1222,549,310
Rbm7,78,164,80,54
Rbm8a,193,542,200,125
Rbm8a2,9,51,21,13
Rbms1,118,478,207,89
Rbms2,14,33,16,5
Rbms3,32,81,29,20
Rbmx,394,636,292,245
Rbmx2,9,41,13,7
Rbmxl1,86,239,102,35
Rbmxl2,0,0,0,0
Rbmy,0,0,0,0
Rbp1,94,242,89,62
Rbp2,0,3,0,1
Rbp3,0,0,0,0
Rbp4,193,825,340,118
Rbp7,0,3,2,0
Rbpj,44,162,82,47
Rbpjl,6,23,12,6
Rbpms,12,28,4,1
Rbpms2,7,23,5,6
Rbsn,51,147,67,26
Rbx1,317,851,325,170
Rc3h1,136,277,127,86
Rc3h2,522,1213,619,367
Rcan1,32,68,34,18
Rcan2,709,1380,947,595
Rcan3,22,72,27,10
Rcbtb1,64,140,70,42
Rcbtb2,45,63,31,18
Rcc1,29,90,30,18
Rcc2,181,373,149,143
Rccd1,62,237,129,61
Rce1,263,821,274,206
Rchy1,674,1496,591,468
Rcl1,32,74,25,21
Rcn1,98,327,112,59
Rcn2,968,2320,980,660
Rcn3,44,67,35,19
Rcor1,54,135,63,41
Rcor2,96,184,103,56
Rcor3,245,513,279,160
Rcsd1,25,51,32,36
Rcvrn,4,3,2,1
Rd3,0,0,0,1
Rd3l,1,0,1,0
Rdh1,1,4,1,0
Rdh10,63,90,29,31
Rdh11,125,296,152,82
Rdh12,55,123,52,40
Rdh13,69,215,104,74
Rdh14,307,771,246,230
Rdh16,0,2,3,3
Rdh19,0,0,0,0
Rdh5,42,62,23,56
Rdh7,0,0,0,0
Rdh8,0,0,0,0
Rdh9,0,1,3,1
Rdm1,27,91,36,16
Rdx,190,405,198,96
Rec114,0,5,1,0
Rec8,18,54,30,14
Reck,22,70,34,12
Recql,27,71,39,20
Recql4,10,22,14,5
Recql5,125,211,118,75
Recql5os1,0,2,0,0
Redrum,1,0,0,0
Reep1,285,821,354,157
Reep2,549,1648,778,382
Reep3,121,416,164,69
Reep4,50,133,76,37
Reep5,1510,4083,1623,785
Reep6,10,45,18,5
Reg1,0,0,0,0
Reg2,0,0,0,0
Reg3a,0,0,0,1
Reg3b,0,0,0,0
Reg3d,0,0,0,0
Reg3g,0,4,0,0
Reg4,0,1,0,0
Rel,6,35,17,11
Rela,52,168,76,51
Relb,40,49,28,22
Rell1,73,275,115,67
Rell2,731,1859,1017,493
Reln,117,435,219,112
Relt,34,140,46,18
Rem1,1,5,4,0
Rem2,37,92,33,35
Ren1,1,0,1,1
Renbp,15,24,14,6
Rep15,16,29,23,12
Repin1,108,218,115,62
Reps1,116,239,101,74
Reps2,1186,2839,1132,869
Rer1,562,1417,555,318
Rere,240,604,283,163
Rerg,11,18,6,9
Rergl,0,0,0,0
Resp18,1909,6772,2506,1320
Rest,22,38,15,9
Ret,15,23,13,6
Retn,4,45,18,7
Retnla,0,1,0,0
Retnlb,0,0,0,0
Retnlg,2,2,0,0
Retsat,44,86,46,32
Rev1,250,722,306,164
Rev3l,159,328,163,120
Rex2,0,0,0,0
Rexo1,311,730,354,179
Rexo2,168,398,171,92
Rexo4,79,291,126,58
Rfc1,63,160,64,38
Rfc2,193,540,251,126
Rfc3,83,208,80,50
Rfc4,11,46,13,6
Rfc5,38,130,64,37
Rfesd,18,42,28,11
Rffl,33,88,39,20
Rfk,37,60,22,18
Rfng,632,1232,619,389
Rfpl4,0,0,0,0
Rfpl4b,0,0,0,0
Rft1,68,165,71,42
Rftn1,18,24,17,7
Rftn2,23,35,9,16
Rfwd2,316,773,395,155
Rfwd3,33,69,31,15
Rfx1,70,210,114,51
Rfx2,9,7,5,1
Rfx3,333,433,270,155
Rfx4,24,100,30,14
Rfx5,41,86,53,29
Rfx6,0,0,0,0
Rfx7,171,553,297,157
Rfx8,3,1,0,2
Rfxank,24,67,35,29
Rfxap,26,49,24,14
Rgag1,0,0,0,0
Rgag4,22,74,41,31
Rgcc,62,189,75,42
Rgl1,86,118,68,46
Rgl2,523,1174,670,426
Rgl3,3,20,8,5
Rgma,98,285,145,73
Rgmb,15,51,29,14
Rgn,1,0,1,2
Rgp1,113,300,103,72
Rgr,1,0,0,0
Rgs1,3,2,2,0
Rgs10,100,96,103,27
Rgs11,951,2465,1084,728
Rgs12,115,368,144,70
Rgs13,2,3,1,0
Rgs14,65,87,40,38
Rgs16,15,28,18,8
Rgs17,232,762,484,234
Rgs18,0,1,0,0
Rgs19,68,133,57,47
Rgs2,90,413,159,53
Rgs20,32,108,47,30
Rgs21,0,0,0,0
Rgs22,2,6,6,3
Rgs3,45,176,76,46
Rgs4,38,372,165,38
Rgs5,115,402,179,20
Rgs6,48,804,379,74
Rgs7,143,434,201,85
Rgs7bp,137,464,191,109
Rgs8,38,100,50,25
Rgs9,34,471,159,16
Rgs9bp,0,0,0,0
Rgsl1,4,17,10,5
Rhag,0,1,1,2
Rhbdd1,20,35,19,21
Rhbdd2,190,576,251,136
Rhbdd3,138,393,185,104
Rhbdf1,84,152,74,64
Rhbdf2,1,8,5,0
Rhbdl1,4,14,11,7
Rhbdl2,4,15,9,5
Rhbdl3,25,75,28,19
Rhbg,0,3,0,1
Rhcg,1,14,5,0
Rhd,1,3,0,0
Rheb,275,756,294,158
Rhebl1,105,424,178,94
Rhno1,100,189,94,72
Rho,3,5,5,0
Rhoa,257,581,260,139
Rhob,169,310,150,78
Rhobtb1,17,84,42,20
Rhobtb2,86,434,164,59
Rhobtb3,37,119,67,17
Rhoc,40,86,52,20
Rhod,6,6,3,2
Rhof,39,95,39,31
Rhog,41,137,29,22
Rhoh,8,19,7,1
Rhoj,10,30,16,5
Rhoq,24,60,36,13
Rhot1,232,486,285,176
Rhot2,221,437,225,157
Rhou,104,190,109,43
Rhov,11,32,22,10
Rhox1,0,0,0,0
Rhox10,0,0,0,0
Rhox11,0,0,0,0
Rhox12,0,0,0,0
Rhox13,0,0,0,0
Rhox2a,0,0,0,0
Rhox2b,0,0,0,0
Rhox2c,0,0,0,0
Rhox2d,0,0,0,0
Rhox2e,0,0,0,0
Rhox2f,0,0,0,0
Rhox2g,0,0,0,0
Rhox2h,0,0,0,0
Rhox3a,0,0,0,0
Rhox3a2,0,0,0,0
Rhox3c,0,0,0,0
Rhox3e,0,0,0,0
Rhox3f,0,0,0,0
Rhox3g,0,0,0,0
Rhox3h,0,0,0,0
Rhox4a,0,1,0,0
Rhox4a2,0,0,0,0
Rhox4b,0,0,0,0
Rhox4c,1,0,1,0
Rhox4d,0,0,0,0
Rhox4e,0,0,0,0
Rhox4f,0,0,0,0
Rhox4g,0,0,0,0
Rhox5,0,0,0,0
Rhox6,0,0,0,0
Rhox7a,0,0,0,0
Rhox7b,0,0,0,0
Rhox8,5,6,14,8
Rhox9,0,0,0,0
Rhpn1,54,122,60,35
Rhpn2,3,24,12,6
Ribc1,1,4,0,0
Ribc2,2,5,2,0
Ric1,96,192,92,60
Ric3,462,1118,528,283
Ric8,242,474,258,152
Ric8b,27,137,52,25
Rictor,83,155,82,34
Rif1,70,168,83,40
Riiad1,32,36,17,8
Rilp,24,67,10,17
Rilpl1,132,272,144,68
Rilpl2,78,219,86,37
Rimbp2,270,643,342,138
Rimbp3,4,1,1,1
Rimkla,20,25,14,6
Rimklb,61,106,54,30
Rims1,145,460,237,113
Rims2,117,663,269,130
Rims3,22,179,88,36
Rims4,28,93,50,19
Rin1,113,175,110,74
Rin2,30,65,25,8
Rin3,7,12,5,1
Ring1,1071,2605,1253,781
Rinl,22,34,27,13
Rint1,229,614,221,184
Riok1,81,148,88,41
Riok3,84,188,96,64
Ripk1,18,42,18,8
Ripk2,14,51,12,10
Ripk3,0,1,0,1
Ripk4,1,0,0,1
Ripply1,0,0,0,0
Ripply2,15,34,22,17
Ripply3,6,4,3,1
Rit1,66,171,84,30
Rit2,61,201,65,36
Rita1,51,167,86,38
Rlbp1,22,46,17,19
Rlf,40,96,35,39
Rlim,178,474,216,144
Rln1,11,24,10,13
Rln3,0,0,0,0
Rltpr,145,272,143,98
Rmdn1,396,1167,410,157
Rmdn2,13,27,17,17
Rmdn3,175,532,233,102
Rmi1,14,43,19,15
Rmi2,9,14,6,9
Rmnd1,162,416,246,123
Rmnd5a,48,111,73,22
Rmnd5b,121,317,150,77
Rmst,231,913,462,320
Rnase1,4,11,0,2
Rnase10,0,0,0,1
Rnase11,0,0,0,0
Rnase12,0,0,0,0
Rnase13,0,0,0,0
Rnase2a,0,0,0,0
Rnase2b,10,0,0,1
Rnase4,52,98,36,9
Rnase6,1,10,3,3
Rnase9,0,0,0,0
Rnaseh1,64,151,86,42
Rnaseh2a,43,156,47,33
Rnaseh2b,72,155,84,38
Rnaseh2c,172,500,188,114
Rnasek,48,99,28,17
Rnasel,15,115,39,29
Rnaset2a,76,98,89,50
Rnaset2b,66,120,74,48
Rnd1,24,111,59,14
Rnd2,13,64,29,5
Rnd3,25,62,26,19
Rnf10,523,1000,560,412
Rnf103,174,491,221,93
Rnf11,86,246,100,48
Rnf111,69,208,79,37
Rnf112,1933,3452,1963,1170
Rnf113a1,29,73,20,11
Rnf113a2,32,131,49,15
Rnf114,72,252,105,60
Rnf115,116,313,153,74
Rnf121,151,428,165,101
Rnf122,24,28,18,6
Rnf123,204,494,260,145
Rnf125,1,6,2,0
Rnf126,347,967,452,275
Rnf128,202,303,146,109
Rnf13,591,1789,674,437
Rnf130,161,565,208,86
Rnf133,0,0,1,0
Rnf135,7,18,9,2
Rnf138,143,402,169,98
Rnf138rt1,5,13,3,1
Rnf139,104,313,139,72
Rnf14,138,341,166,96
Rnf141,29,62,38,18
Rnf144a,22,89,50,19
Rnf144b,11,37,20,8
Rnf145,214,612,276,167
Rnf146,79,171,84,51
Rnf148,0,0,1,0
Rnf149,210,612,240,160
Rnf150,136,344,169,98
Rnf151,0,2,1,0
Rnf152,9,78,28,13
Rnf157,287,667,348,175
Rnf165,753,1422,648,488
Rnf166,63,232,104,48
Rnf167,673,1680,684,472
Rnf168,77,196,92,86
Rnf169,37,142,75,24
Rnf17,3,8,4,0
Rnf170,160,532,272,147
Rnf180,12,38,23,10
Rnf181,173,492,227,118
Rnf182,916,333,165,515
Rnf183,0,0,0,0
Rnf185,22,49,24,7
Rnf186,0,0,0,0
Rnf187,306,677,334,167
Rnf19a,34,85,45,25
Rnf19b,22,45,21,3
Rnf2,37,84,31,22
Rnf20,144,376,186,93
Rnf207,596,2663,1069,495
Rnf208,201,470,208,127
Rnf212,0,0,0,0
Rnf213,19,32,20,6
Rnf214,181,416,235,170
Rnf215,282,662,310,200
Rnf216,82,192,95,45
Rnf217,35,124,51,29
Rnf219,19,51,31,12
Rnf220,138,343,183,102
Rnf222,0,2,0,0
Rnf224,0,0,0,0
Rnf225,1,13,3,2
Rnf24,74,279,101,32
Rnf25,91,248,95,62
Rnf26,82,237,121,80
Rnf31,79,173,90,60
Rnf32,80,202,85,39
Rnf34,120,294,127,76
Rnf38,46,116,58,22
Rnf39,7,22,9,4
Rnf4,184,538,290,126
Rnf40,52,119,68,42
Rnf41,51,151,62,25
Rnf43,7,41,12,8
Rnf44,75,207,108,59
Rnf5,129,264,128,71
Rnf6,114,350,122,76
Rnf7,184,465,178,83
Rnf8,58,163,69,27
Rnft1,155,349,185,127
Rnft2,146,346,161,94
Rngtt,70,200,87,39
Rnh1,75,201,63,47
Rnls,2,7,0,1
Rnmt,239,689,313,201
Rnmtl1,99,268,106,62
Rnpc3,411,1135,528,328
Rnpep,508,1149,515,330
Rnpepl1,370,895,466,276
Rnps1,264,662,386,211
Robo1,77,159,87,81
Robo2,510,1627,717,392
Robo3,153,323,191,94
Robo4,15,35,11,3
Rock1,251,640,291,149
Rock2,144,386,253,83
Rogdi,2749,4340,2043,1703
Rom1,15,33,20,14
Romo1,264,660,277,112
Ropn1,0,1,0,0
Ropn1l,9,49,14,10
Ror1,13,10,3,9
Ror2,4,10,5,6
Rora,94,349,152,66
Rorb,127,1666,757,200
Rorc,19,71,20,27
Ros1,0,0,0,0
Rp1,1,2,2,0
Rp1-1,0,0,0,0
Rp1l1,0,0,0,0
Rp2,18,49,23,22
Rp9,107,334,158,72
Rpa1,51,85,34,21
Rpa2,28,122,42,29
Rpa3,61,196,99,46
Rpain,167,453,227,107
Rpap1,117,360,167,98
Rpap2,24,88,34,19
Rpap3,148,476,188,123
Rpe,55,135,67,44
Rpe65,0,23,7,2
Rpf1,81,244,97,46
Rpf2,50,127,53,28
Rpgr,119,462,205,90
Rpgrip1,302,717,341,254
Rpgrip1l,34,92,38,20
Rph3a,209,667,281,150
Rph3al,5,2,0,5
Rpia,78,209,99,62
Rpl10,1291,2359,1297,579
Rpl10-ps3,81,93,56,46
Rpl10a,855,1552,853,422
Rpl10l,0,0,0,0
Rpl11,1114,2002,1049,399
Rpl12,554,1128,570,233
Rpl13,1827,3312,1668,721
Rpl13-ps3,36,29,29,18
Rpl13a,1552,2814,1562,540
Rpl13a-ps1,8,12,6,5
Rpl14,1185,2524,1199,522
Rpl15,511,1008,449,248
Rpl17,1106,1990,1052,419
Rpl18,724,1520,623,323
Rpl18a,1259,2104,1188,419
Rpl19,1357,2467,1322,563
Rpl21,1798,3651,1949,884
Rpl21-ps4,4,2,2,1
Rpl22,333,564,314,126
Rpl22l1,869,2353,915,449
Rpl23,1037,1872,1046,374
Rpl23a,858,1366,871,306
Rpl23a-ps3,116,102,117,59
Rpl24,938,1913,910,379
Rpl26,2040,2523,1350,1055
Rpl27,424,702,414,203
Rpl27-ps3,50,46,31,35
Rpl27a,2037,4810,2382,1383
Rpl28,867,1718,898,441
Rpl29,560,1059,554,232
Rpl3,965,1650,939,434
Rpl30,719,1384,679,311
Rpl31,1054,2100,1102,398
Rpl32,1077,1686,991,349
Rpl34,895,1789,896,372
Rpl35,916,1710,796,274
Rpl35a,1313,2391,1253,477
Rpl36,1053,1812,1034,454
Rpl36-ps3,51,57,45,37
Rpl36-ps4,0,0,0,0
Rpl36a,746,1213,738,215
Rpl36al,380,867,370,160
Rpl37,2076,3815,1939,657
Rpl37a,1885,3445,1693,675
Rpl38,1770,3657,1852,631
Rpl39,1047,1868,1061,318
Rpl39l,0,0,1,0
Rpl3l,1,3,0,0
Rpl4,655,1247,654,330
Rpl41,3008,5324,2949,1121
Rpl5,555,1055,513,282
Rpl6,1851,3941,1846,980
Rpl6l,80,82,61,35
Rpl7,535,1109,572,210
Rpl7a,493,955,500,246
Rpl7a-ps3,3,4,2,1
Rpl7a-ps5,5,4,3,10
Rpl7l1,88,156,75,43
Rpl8,851,1752,833,364
Rpl9,1204,2195,1158,522
Rpl9-ps1,0,0,0,1
Rpl9-ps6,63,49,46,49
Rplp0,515,760,423,167
Rplp1,1954,3090,1854,635
Rplp2,1068,1917,958,346
Rpn1,817,2164,993,656
Rpn2,869,1752,821,659
Rpp14,46,108,61,30
Rpp21,428,1350,521,302
Rpp25,19,100,52,24
Rpp25l,39,129,45,33
Rpp30,37,90,36,25
Rpp38,43,99,43,18
Rpp40,17,27,12,3
Rprd1a,138,301,160,98
Rprd1b,66,152,80,47
Rprd2,259,631,331,192
Rprl1,0,0,0,0
Rprm,99,349,144,43
Rprml,327,1143,432,207
Rps10,520,1026,527,161
Rps11,1140,1933,1201,600
Rps12,1142,2260,1230,660
Rps12-ps3,201,271,226,184
Rps13,1249,2720,1260,636
Rps14,1262,2391,1196,416
Rps15,1336,2606,1300,548
Rps15a,869,1702,811,340
Rps16,980,1893,972,396
Rps17,881,1620,803,293
Rps18,1258,2380,1226,545
Rps18-ps3,17,19,16,11
Rps19,1271,2266,1259,405
Rps19bp1,84,219,98,39
Rps2,1233,1756,1177,577
Rps2-ps6,1,2,2,3
Rps20,661,1120,627,240
Rps21,1185,2334,1208,462
Rps23,1481,2668,1464,501
Rps24,1049,1603,944,270
Rps25,953,1589,903,308
Rps26,659,1155,608,290
Rps26-ps1,48,74,56,61
Rps27,2880,5967,3335,1650
Rps27a,1337,2281,1264,552
Rps27l,108,230,104,49
Rps27rt,165,292,277,174
Rps28,1432,2172,1340,499
Rps29,3296,6319,3169,1043
Rps3,792,1462,763,291
Rps3a1,738,1442,730,316
Rps4x,676,1267,709,249
Rps5,863,1526,783,297
Rps6,774,1413,676,271
Rps6ka1,17,53,27,12
Rps6ka2,48,149,58,30
Rps6ka3,40,191,92,20
Rps6ka4,66,174,68,57
Rps6ka5,7,26,14,4
Rps6ka6,2,6,4,1
Rps6kb1,504,1132,646,407
Rps6kb2,1137,3046,1450,801
Rps6kc1,36,121,51,31
Rps6kl1,102,169,87,66
Rps7,887,1575,916,400
Rps8,1506,3327,1475,708
Rps9,814,1440,730,294
Rpsa,603,1024,597,215
Rptn,0,0,0,0
Rptor,170,480,254,121
Rptoros,0,2,1,0
Rpusd1,138,376,201,97
Rpusd2,4,10,4,0
Rpusd3,172,267,136,103
Rpusd4,25,76,23,16
Rqcd1,35,73,33,17
Rrad,5,31,9,1
Rraga,171,517,204,84
Rragb,29,96,31,25
Rragc,57,91,45,24
Rragd,29,81,35,17
Rras,8,39,16,5
Rras2,49,107,37,40
Rrbp1,413,1242,577,284
Rreb1,55,96,47,56
Rrh,5,6,6,3
Rrm1,8,28,4,6
Rrm2,1,7,1,1
Rrm2b,34,105,52,28
Rrn3,82,184,85,49
Rrnad1,611,1407,781,538
Rrp1,484,1317,539,330
Rrp12,20,46,25,13
Rrp15,41,113,50,23
Rrp1b,33,112,40,26
Rrp36,30,57,35,16
Rrp7a,107,258,131,87
Rrp8,30,88,37,23
Rrp9,191,435,228,130
Rrs1,43,122,71,20
Rs1,4,19,9,5
Rsad1,97,431,200,61
Rsad2,13,12,9,3
Rsbn1,176,581,199,159
Rsbn1l,392,1227,478,314
Rsc1a1,0,0,0,0
Rsf1,215,501,212,115
Rsf1os1,1,3,2,1
Rsf1os2,0,5,0,0
Rsg1,16,52,23,14
Rsl1,3,1,5,0
Rsl1d1,172,443,178,139
Rsl24d1,60,132,63,27
Rslcan18,0,5,0,0
Rsph1,16,31,24,17
Rsph10b,14,30,18,10
Rsph14,1,4,1,0
Rsph3a,6,15,10,4
Rsph3b,5,15,5,1
Rsph4a,4,9,5,3
Rsph6a,2,2,0,0
Rsph9,209,416,151,127
Rspo1,7,167,61,7
Rspo2,79,136,34,47
Rspo3,264,664,221,180
Rspo4,0,0,1,0
Rspo4os,1,0,0,0
Rspry1,107,255,107,73
Rsrc1,201,846,316,218
Rsrc2,523,1411,596,397
Rsrp1,10445,29525,14330,7368
Rsu1,283,678,334,215
Rtbdn,16,108,62,38
Rtca,147,276,135,82
Rtcb,132,269,145,75
Rtel1,77,208,94,42
Rtf1,612,1979,828,495
Rtfdc1,76,209,95,57
Rtkn,285,766,407,235
Rtkn2,9,11,7,4
Rtl1,12,57,28,11
Rtn1,21744,47825,18627,19624
Rtn2,62,190,103,25
Rtn3,2469,6274,2737,1822
Rtn4,2898,11750,4268,1796
Rtn4ip1,16,25,14,5
Rtn4r,299,778,339,171
Rtn4rl1,263,374,217,196
Rtn4rl2,3,5,2,3
Rtp1,0,1,0,0
Rtp2,0,1,0,0
Rtp3,0,0,0,0
Rtp4,13,19,18,7
Rttn,12,31,11,13
Rubcn,120,439,208,104
Rubie,0,0,0,0
Rufy1,69,219,85,48
Rufy2,433,1370,693,337
Rufy3,783,2228,1036,589
Rufy4,2,0,0,0
Rundc1,36,118,55,29
Rundc3a,775,1859,898,393
Rundc3b,23,74,45,20
Runx1,7,7,4,0
Runx1t1,342,767,382,270
Runx2,123,264,130,90
Runx2os1,3,29,5,1
Runx2os2,0,0,1,1
Runx2os3,3,1,1,1
Runx3,1,1,2,0
Rusc1,193,530,282,143
Rusc2,62,189,106,51
Ruvbl1,58,150,73,30
Ruvbl2,80,208,107,57
Rwdd1,568,1472,672,360
Rwdd2a,48,152,49,50
Rwdd2b,10,16,5,7
Rwdd3,57,116,49,27
Rwdd4a,39,106,38,28
Rxfp1,116,267,170,98
Rxfp2,0,8,4,2
Rxfp3,11,12,5,6
Rxfp4,0,0,0,0
Rxra,19,33,15,9
Rxrb,83,244,111,53
Rxrg,5,68,25,4
Rybp,16,55,22,7
Ryk,177,343,161,84
Ryr1,99,268,112,75
Ryr2,594,1253,568,381
Ryr3,307,382,186,181
S100a1,285,349,241,77
S100a10,57,197,72,19
S100a11,39,136,31,15
S100a13,168,252,114,47
S100a14,0,3,0,0
S100a16,228,384,176,73
S100a2,0,0,1,0
S100a3,6,24,9,7
S100a4,10,7,12,0
S100a5,0,10,4,0
S100a6,331,509,207,46
S100a7a,3,12,6,3
S100a8,29,110,2,1
S100a9,22,86,7,2
S100b,471,804,454,146
S100g,0,0,0,0
S100pbp,60,151,94,27
S100z,0,0,0,0
S1pr1,300,955,352,228
S1pr2,9,21,6,5
S1pr3,38,52,30,16
S1pr4,2,7,4,0
S1pr5,48,149,60,42
SDR42E2,0,0,0,0
Saa1,0,5,2,0
Saa2,1,7,1,0
Saa3,0,0,0,0
Saa4,0,0,0,0
Saal1,20,88,33,21
Sac3d1,39,155,78,29
Sacm1l,107,243,126,60
Sacs,91,182,82,37
Sae1,58,160,86,33
Safb,536,1285,780,517
Safb2,749,1899,997,607
Sag,472,631,535,553
Sall1,13,28,19,10
Sall2,42,79,37,10
Sall3,8,31,9,5
Sall4,1,1,0,1
Samd1,18,46,17,11
Samd10,70,305,118,59
Samd11,32,46,38,31
Samd12,62,280,111,60
Samd13,1,14,3,3
Samd14,101,192,110,87
Samd15,27,132,62,36
Samd3,6,30,18,3
Samd4,24,135,66,29
Samd4b,81,218,112,45
Samd5,47,85,25,30
Samd7,0,1,0,0
Samd8,264,554,245,144
Samd9l,26,50,24,4
Samhd1,92,259,143,68
Samm50,277,701,409,209
Samsn1,22,10,15,1
Samt1,0,0,0,0
Samt2,0,0,0,0
Samt3,0,0,0,0
Samt4,0,0,0,0
Sap130,15,50,24,6
Sap18,194,411,154,112
Sap25,7,10,5,5
Sap30,23,45,19,10
Sap30bp,81,229,96,49
Sap30bpos,3,5,2,4
Sap30l,48,88,77,40
Sapcd1,11,28,12,7
Sapcd2,7,18,10,9
Sar1a,241,573,215,157
Sar1b,765,2007,689,499
Saraf,2098,5669,2203,1583
Sardh,11,7,8,4
Sardhos,0,0,0,1
Sarm1,102,281,148,91
Sarnp,103,198,116,72
Sars,548,1444,760,406
Sars2,94,341,143,71
Sart1,134,321,158,99
Sart3,86,238,110,67
Sash1,113,223,77,66
Sash3,1,2,0,0
Sass6,35,107,51,49
Sat1,151,455,215,92
Sat2,634,890,383,385
Satb1,140,498,238,129
Satb2,20,124,50,15
Satl1,1,0,0,0
Sav1,31,65,27,6
Saxo1,0,1,2,0
Saxo1os,0,0,0,0
Saxo2,40,126,60,19
Saysd1,140,338,115,63
Sbds,153,528,248,90
Sbf1,296,428,231,156
Sbf2,498,1272,681,309
Sbk1,141,375,171,106
Sbk2,1,1,1,0
Sbk3,4,12,4,1
Sbno1,1015,2432,1157,728
Sbno2,21,34,21,11
Sbp,0,0,0,0
Sbpl,0,0,0,0
Sbsn,63,208,100,59
Sbspon,0,12,6,3
Sc5d,303,777,342,181
Scaf1,115,269,153,74
Scaf11,76,199,100,51
Scaf4,89,235,103,67
Scaf8,175,380,195,114
Scai,323,945,402,231
Scamp1,583,1345,575,310
Scamp2,110,305,135,62
Scamp3,339,806,326,199
Scamp4,0,2,1,0
Scamp5,586,1343,659,395
Scand1,168,487,209,87
Scap,354,766,377,276
Scaper,234,700,344,192
Scara3,61,152,80,50
Scara5,1,0,3,0
Scarb1,206,475,196,133
Scarb2,334,815,408,220
Scarf1,6,7,5,2
Scarf2,13,27,10,12
Sccpdh,192,615,227,140
Scd1,111,291,150,46
Scd2,2349,5380,2518,1101
Scd3,5,9,3,8
Scd4,2,6,2,1
Scel,4,12,6,5
Scfd1,100,298,150,81
Scfd2,17,46,21,15
Scg2,1507,4014,1924,1303
Scg3,808,2162,981,637
Scg5,2619,9493,3472,2124
Scgb1a1,0,0,0,0
Scgb1b10,0,0,0,0
Scgb1b11,0,0,0,0
Scgb1b12,0,0,0,0
Scgb1b15,0,0,0,0
Scgb1b17,0,0,0,0
Scgb1b18,0,0,0,0
Scgb1b19,0,0,0,0
Scgb1b2,0,0,0,0
Scgb1b20,0,0,0,0
Scgb1b24,0,0,0,0
Scgb1b27,0,0,0,0
Scgb1b29,0,0,0,0
Scgb1b3,0,0,0,0
Scgb1b30,0,0,0,0
Scgb1b7,0,0,0,0
Scgb1c1,0,11,1,0
Scgb2a2,0,0,0,0
Scgb2b11,0,0,0,0
Scgb2b12,0,0,0,0
Scgb2b15,0,0,0,0
Scgb2b17,0,0,0,0
Scgb2b18,0,0,0,0
Scgb2b19,0,0,0,0
Scgb2b2,0,0,0,0
Scgb2b20,0,0,0,0
Scgb2b21,0,0,0,0
Scgb2b24,0,0,0,0
Scgb2b26,0,0,0,0
Scgb2b27,0,0,0,0
Scgb2b3,0,0,0,0
Scgb2b7,0,0,0,0
Scgb3a1,3,6,1,0
Scgb3a2,0,0,0,0
Scgn,7,1,1,11
Schip1,0,0,0,0
Schip1-1,922,2146,1006,627
Scimp,1,2,1,0
Scin,3,3,2,1
Sclt1,216,777,317,185
Scly,59,197,84,47
Scmh1,399,1088,503,318
Scml1,0,0,0,0
Scml2,2,5,1,2
Scml4,10,37,26,8
Scn10a,0,6,4,0
Scn11a,1,1,2,0
Scn1a,405,1399,639,339
Scn1b,805,2434,999,509
Scn2a1,1579,4209,1839,1115
Scn2b,871,1924,936,609
Scn3a,455,946,378,259
Scn3b,525,729,294,315
Scn4a,0,0,0,0
Scn4b,25,377,148,19
Scn5a,16,53,35,21
Scn7a,21,67,31,5
Scn8a,991,2299,1079,697
Scn9a,92,275,129,83
Scnm1,93,269,116,64
Scnn1a,14,31,9,13
Scnn1b,0,0,1,1
Scnn1g,0,1,0,2
Sco1,20,34,16,7
Sco2,283,646,226,181
Scoc,180,357,234,85
Scp2,182,330,157,80
Scp2d1,2,2,3,5
Scpep1,102,225,106,57
Scpep1os,0,1,0,0
Scrg1,269,427,187,95
Scrib,129,302,159,94
Scrn1,138,431,191,59
Scrn2,18,43,18,18
Scrn3,22,44,17,12
Scrt1,118,261,128,80
Scrt2,5,21,6,3
Sct,1,5,3,1
Sctr,5,5,4,1
Scube1,35,267,136,24
Scube2,10,32,23,6
Scube3,53,149,78,27
Scx,1,6,3,4
Scyl1,174,401,197,143
Scyl2,42,95,68,17
Scyl3,55,118,56,40
Sdad1,69,180,77,38
Sdc1,3,20,7,1
Sdc2,193,496,244,107
Sdc3,314,729,369,174
Sdc4,253,397,190,120
Sdcbp,135,295,149,92
Sdcbp2,0,7,2,2
Sdccag3,322,824,414,249
Sdccag8,220,575,277,159
Sde2,46,111,42,24
Sdf2,556,1346,527,318
Sdf2l1,205,387,202,98
Sdf4,634,1617,699,339
Sdha,370,823,395,211
Sdhaf1,56,144,58,24
Sdhaf2,64,165,84,36
Sdhaf3,45,144,57,36
Sdhaf4,76,157,76,34
Sdhb,227,515,292,122
Sdhc,111,253,102,44
Sdhd,117,246,90,63
Sdk1,34,80,55,14
Sdk2,174,463,268,117
Sdpr,21,94,33,14
Sdr16c5,0,0,0,0
Sdr16c6,0,0,0,0
Sdr39u1,52,123,43,38
Sdr42e1,19,24,8,5
Sdr9c7,0,0,0,0
Sds,0,2,3,1
Sdsl,23,33,11,16
Sebox,9,9,6,3
Sec1,74,100,51,49
Sec11a,531,1297,493,319
Sec11c,1092,2581,885,529
Sec13,210,486,222,111
Sec14l1,461,974,504,392
Sec14l2,131,174,78,84
Sec14l3,3,1,1,2
Sec14l4,2,4,2,6
Sec14l5,3,2,3,2
Sec16a,85,171,64,46
Sec16b,8,40,18,2
Sec22a,97,365,142,69
Sec22b,88,307,123,70
Sec22c,53,131,51,30
Sec23a,79,140,67,41
Sec23b,52,138,69,38
Sec23ip,76,183,78,60
Sec24a,262,710,345,199
Sec24b,96,336,140,65
Sec24c,104,225,105,62
Sec24d,27,50,25,17
Sec31a,131,331,183,97
Sec31b,0,0,0,0
Sec61a1,457,1478,629,341
Sec61a2,885,2282,1039,539
Sec61b,116,250,111,49
Sec61g,525,1277,570,388
Sec62,3100,11151,3365,2145
Sec63,191,500,217,121
Secisbp2,106,371,168,83
Secisbp2l,89,245,117,55
Sectm1a,0,0,0,0
Sectm1b,0,0,0,0
Seh1l,43,106,47,27
Sel1l,672,1690,739,424
Sel1l2,0,0,2,0
Sel1l3,325,787,387,194
Sele,0,0,0,0
Selenbp1,22,57,29,16
Selenbp2,0,1,2,1
Selk,1895,5571,2031,1051
Sell,0,0,0,0
Selm,827,1984,725,423
Selo,258,591,296,193
Selp,0,1,0,0
Selplg,114,430,127,38
Selt,327,800,288,159
Sema3a,18,304,119,23
Sema3b,15,38,16,13
Sema3c,165,411,176,74
Sema3d,29,61,33,16
Sema3e,146,244,112,109
Sema3f,15,63,21,12
Sema3g,0,5,0,0
Sema4a,123,445,243,106
Sema4b,146,354,141,124
Sema4c,52,102,56,45
Sema4d,36,99,47,31
Sema4f,158,331,147,132
Sema4g,50,132,72,55
Sema5a,349,275,96,181
Sema5b,49,214,119,55
Sema6a,84,331,130,56
Sema6b,319,649,309,198
Sema6c,68,147,75,69
Sema6d,172,419,200,162
Sema7a,148,388,176,114
Senp1,53,171,74,50
Senp2,87,214,98,52
Senp3,82,167,104,80
Senp5,62,277,112,78
Senp6,174,518,236,119
Senp7,291,734,365,203
Senp8,26,159,89,45
Sep15,717,1767,677,358
Sephs1,24,41,22,16
Sephs2,38,77,37,18
Sepn1,73,193,95,50
Sepp1,302,807,309,152
Sepsecs,27,90,38,15
Sept1,174,591,204,109
Sept10,22,49,14,11
Sept11,294,1392,677,210
Sept12,0,0,0,1
Sept14,0,1,0,0
Sept2,190,383,215,114
Sept3,408,827,424,182
Sept4,575,2228,891,397
Sept5,33,97,46,20
Sept6,64,241,126,51
Sept7,363,1101,480,240
Sept8,170,607,314,130
Sept9,42,78,50,23
Sepw1,1397,2324,1294,570
Serac1,15,34,22,10
Serbp1,386,898,425,272
Serf1,29,138,51,20
Serf2,695,1937,854,392
Sergef,50,165,66,47
Serhl,31,38,21,13
Serinc1,3823,8228,3722,2993
Serinc2,37,110,48,29
Serinc3,530,993,561,442
Serinc4,2,15,11,3
Serinc5,124,317,152,73
Serp1,79,184,103,45
Serp2,221,589,265,125
Serpina10,2,2,2,0
Serpina11,0,0,0,0
Serpina12,0,1,0,1
Serpina16,0,0,0,0
Serpina1a,0,0,0,0
Serpina1b,0,0,0,0
Serpina1c,0,0,0,0
Serpina1d,0,0,0,0
Serpina1e,0,1,1,0
Serpina1f,0,0,0,0
Serpina3a,0,0,0,0
Serpina3b,0,0,0,0
Serpina3c,0,0,1,0
Serpina3f,0,0,0,0
Serpina3g,2,0,0,1
Serpina3i,0,0,0,0
Serpina3j,0,0,0,0
Serpina3k,0,0,0,0
Serpina3m,0,1,0,0
Serpina3n,317,50,125,34
Serpina5,0,0,0,0
Serpina6,0,0,0,0
Serpina7,0,0,0,0
Serpina9,13,115,35,13
Serpinb10,0,0,0,0
Serpinb11,0,0,2,0
Serpinb12,0,0,0,0
Serpinb13,0,0,0,0
Serpinb1a,47,238,36,36
Serpinb1b,1,4,5,0
Serpinb1c,0,0,0,0
Serpinb2,0,1,1,0
Serpinb3a,0,0,0,0
Serpinb3b,0,0,0,0
Serpinb3c,0,0,0,0
Serpinb3d,0,0,0,0
Serpinb5,0,1,0,0
Serpinb6a,107,325,112,50
Serpinb6b,2,5,2,5
Serpinb6c,1,5,3,0
Serpinb6d,0,0,0,0
Serpinb6e,1,1,2,0
Serpinb7,0,0,0,1
Serpinb8,4,58,25,4
Serpinb9,9,25,4,7
Serpinb9b,0,0,0,0
Serpinb9c,0,0,0,0
Serpinb9d,0,0,0,0
Serpinb9e,0,0,0,0
Serpinb9f,0,0,0,0
Serpinb9g,0,0,0,0
Serpinc1,10,24,17,8
Serpind1,28,52,20,12
Serpine1,15,28,14,4
Serpine2,1030,2740,1367,731
Serpine3,0,0,0,0
Serpinf1,124,227,115,37
Serpinf2,10,1,4,3
Serping1,92,151,82,25
Serpinh1,132,278,131,76
Serpini1,842,2683,1086,760
Serpini2,0,0,0,0
Sertad1,11,60,22,6
Sertad2,166,611,241,124
Sertad3,8,36,17,5
Sertad4,17,31,19,10
Sertm1,79,70,26,57
Sesn1,227,714,218,149
Sesn2,17,17,8,7
Sesn3,87,326,145,60
Sestd1,44,139,50,35
Set,183,476,203,112
Setbp1,91,174,83,60
Setd1a,102,212,121,57
Setd1b,144,363,142,92
Setd2,225,567,293,151
Setd3,97,290,119,70
Setd4,607,1548,541,439
Setd5,455,922,491,255
Setd6,74,150,96,56
Setd7,117,267,127,66
Setd8,115,286,137,76
Setdb1,256,555,276,164
Setdb2,8,19,7,5
Setmar,1,17,3,5
Setx,70,181,82,56
Sez6,738,1697,901,574
Sez6l,600,880,408,406
Sez6l2,1200,2477,1122,851
Sf1,120,367,165,76
Sf3a1,115,280,107,85
Sf3a2,92,217,116,65
Sf3a3,176,475,225,152
Sf3b1,1403,3124,1597,850
Sf3b2,463,1360,595,300
Sf3b3,207,554,202,61
Sf3b4,67,202,100,45
Sf3b5,133,414,175,65
Sf3b6,114,294,130,57
Sfi1,197,536,288,169
Sfmbt1,46,93,55,24
Sfmbt2,61,103,57,33
Sfn,10,19,14,4
Sfpq,478,1573,674,351
Sfr1,155,417,179,93
Sfrp1,15,103,59,23
Sfrp2,11,46,18,9
Sfrp4,4,16,5,8
Sfrp5,5,25,8,4
Sfswap,788,1221,708,486
Sft2d1,219,526,285,131
Sft2d2,30,68,29,11
Sft2d3,199,614,213,114
Sfta2,0,0,1,0
Sftpa1,0,0,0,0
Sftpb,0,0,0,0
Sftpc,1,3,2,1
Sftpd,0,2,2,0
Sfxn1,314,783,357,214
Sfxn2,140,316,151,76
Sfxn3,319,858,415,281
Sfxn4,109,284,115,63
Sfxn5,323,654,370,208
Sgca,2,3,1,2
Sgcb,250,682,266,173
Sgcd,63,161,78,58
Sgce,427,1059,431,260
Sgcg,2,0,2,0
Sgcz,126,917,399,156
Sgf29,94,206,100,46
Sgip1,1280,3168,1407,864
Sgk1,140,325,141,94
Sgk2,3,10,0,1
Sgk3,17,139,57,23
Sgms1,213,567,302,202
Sgms2,7,21,7,7
Sgol1,0,4,1,0
Sgol2a,1,3,2,1
Sgol2b,0,1,1,0
Sgpl1,64,145,90,36
Sgpp1,78,203,85,37
Sgpp2,11,127,73,21
Sgsh,24,53,17,16
Sgsm1,97,248,140,74
Sgsm2,677,1300,679,507
Sgsm3,275,729,345,191
Sgsm3-1,0,0,0,0
Sgta,264,617,285,174
Sgtb,12,82,36,15
Sh2b1,96,218,105,67
Sh2b2,10,27,16,5
Sh2b3,51,159,58,48
Sh2d1a,5,3,2,5
Sh2d1b1,0,0,0,0
Sh2d1b2,0,0,0,0
Sh2d2a,0,0,0,0
Sh2d3c,36,131,48,23
Sh2d4a,0,3,2,1
Sh2d4b,0,0,3,1
Sh2d5,302,890,474,201
Sh2d6,6,13,10,2
Sh2d7,0,1,0,0
Sh3bgr,3,19,6,5
Sh3bgrl,88,135,67,48
Sh3bgrl2,18,56,19,12
Sh3bgrl3,505,953,432,247
Sh3bp1,314,857,397,223
Sh3bp2,7,19,14,2
Sh3bp4,11,33,21,11
Sh3bp5,73,108,55,53
Sh3bp5l,91,220,122,52
Sh3d19,32,65,21,19
Sh3d21,4,11,9,5
Sh3gl1,759,1707,562,464
Sh3gl2,151,418,191,97
Sh3gl3,22,121,58,16
Sh3glb1,149,422,187,73
Sh3glb2,473,1296,629,366
Sh3kbp1,75,241,105,41
Sh3pxd2a,54,132,77,30
Sh3pxd2b,39,131,44,28
Sh3rf1,31,65,47,19
Sh3rf2,1,31,8,1
Sh3rf3,52,118,68,25
Sh3tc1,1,7,5,1
Sh3tc2,1,5,1,1
Sh3yl1,38,133,34,27
Shank1,2071,3722,2303,1477
Shank2,59,140,75,41
Shank3,9,31,17,14
Sharpin,281,588,284,159
Shb,3,17,8,3
Shbg,0,0,0,0
Shc1,46,114,62,34
Shc2,123,307,174,91
Shc3,5,2,2,0
Shc4,7,29,26,7
Shcbp1,11,36,27,24
Shcbp1l,29,31,23,10
Shd,103,316,168,91
She,8,24,16,2
Shf,12,65,33,12
Shfm1,470,1279,518,263
Shh,11,42,28,11
Shisa2,11,33,9,8
Shisa3,2,12,2,1
Shisa4,1351,5178,2002,914
Shisa5,317,1009,365,208
Shisa6,179,68,36,84
Shisa7,339,635,265,220
Shisa8,46,145,97,57
Shisa9,265,627,252,147
Shkbp1,242,522,297,168
Shmt1,6,6,6,1
Shmt2,47,129,62,30
Shoc2,54,169,91,43
Shox2,0,3,1,0
Shpk,9,17,10,3
Shprh,237,574,297,171
Shq1,8,34,13,8
Shroom1,26,71,37,27
Shroom2,47,81,51,18
Shroom3,15,37,7,27
Shroom4,3,19,8,3
Shtn1,244,579,249,176
Siae,42,131,60,33
Siah1a,39,129,50,22
Siah1b,8,22,9,2
Siah2,14,53,15,10
Siah3,2,3,1,0
Sidt1,200,459,163,129
Sidt2,150,456,183,123
Sigirr,7,24,7,2
Siglec1,0,0,1,2
Siglec15,0,2,0,0
Siglece,0,9,0,2
Siglecf,4,1,4,0
Siglecg,2,10,3,2
Siglech,71,167,56,9
Sigmar1,307,993,438,206
Sik1,3,31,9,15
Sik2,77,276,123,73
Sik3,125,282,136,82
Sike1,120,330,153,95
Sil1,227,588,264,196
Sim1,1,1,0,0
Sim2,1,6,2,0
Simc1,49,112,52,33
Sin3a,44,126,64,33
Sin3b,141,305,147,91
Sipa1,48,88,56,28
Sipa1l1,287,770,511,171
Sipa1l2,32,58,37,19
Sipa1l3,424,338,161,202
Sirpa,787,2356,1057,568
Sirpb1a,0,0,0,0
Sirpb1b,0,1,0,0
Sirpb1c,1,1,1,0
Sirt1,19,68,28,17
Sirt2,331,818,416,249
Sirt3,108,286,103,55
Sirt4,295,667,310,205
Sirt5,32,95,42,20
Sirt6,302,696,282,242
Sirt7,1115,3105,1470,722
Sis,0,1,0,1
Sit1,0,20,10,1
Siva1,53,143,58,41
Six1,1,5,3,4
Six2,2,8,1,2
Six3,4,90,40,9
Six4,11,33,15,15
Six5,2,15,1,3
Six6,0,0,0,0
Ska1,1,0,1,0
Ska2,24,52,16,8
Ska3,7,12,4,2
Skap1,15,21,8,8
Skap2,49,114,63,30
Ski,103,225,131,50
Skida1,12,13,7,10
Skil,111,255,98,88
Skint1,5,0,0,0
Skint10,0,0,0,0
Skint11,0,0,0,0
Skint2,0,0,0,0
Skint3,0,1,0,0
Skint4,0,1,0,0
Skint5,0,0,0,0
Skint6,0,0,0,0
Skint7,0,3,0,0
Skint8,1,5,4,0
Skint9,0,0,0,0
Skiv2l,232,432,195,170
Skiv2l2,77,198,94,59
Skor1,0,2,0,1
Skor2,0,0,0,0
Skp1a,175,423,199,112
Skp2,46,142,57,35
Sla,2,14,13,2
Sla2,2,8,4,1
Slain1,64,120,48,19
Slain1os,1,2,1,0
Slain2,66,164,84,48
Slamf1,17,33,21,17
Slamf6,8,6,2,4
Slamf7,0,0,1,0
Slamf8,9,15,11,3
Slamf9,11,21,15,1
Slbp,205,519,231,132
Slc10a1,0,2,0,0
Slc10a2,1,0,1,0
Slc10a3,62,214,72,40
Slc10a4,6,23,10,4
Slc10a5,1,1,0,0
Slc10a6,2,0,0,0
Slc10a7,18,26,16,10
Slc11a1,23,26,23,3
Slc11a2,243,595,309,187
Slc12a1,2,2,0,3
Slc12a2,187,479,202,93
Slc12a3,0,1,0,0
Slc12a4,44,117,59,38
Slc12a5,982,2675,1205,782
Slc12a6,238,588,296,170
Slc12a7,9,28,8,7
Slc12a8,5,19,7,5
Slc12a9,324,827,401,231
Slc13a1,2,6,3,4
Slc13a2,0,0,0,0
Slc13a2os,0,0,0,0
Slc13a3,41,93,65,10
Slc13a4,35,109,54,57
Slc13a5,16,106,49,22
Slc14a1,101,62,51,38
Slc14a2,2,4,2,4
Slc15a1,0,0,1,0
Slc15a2,132,260,99,77
Slc15a3,30,65,32,6
Slc15a4,71,197,103,63
Slc15a5,0,3,1,0
Slc16a1,181,285,130,94
Slc16a10,16,21,9,6
Slc16a11,1414,3488,1646,1255
Slc16a12,9,28,17,5
Slc16a13,23,47,28,23
Slc16a14,12,31,14,9
Slc16a2,402,767,301,237
Slc16a3,28,73,34,23
Slc16a4,15,33,11,6
Slc16a5,0,0,0,0
Slc16a6,55,149,72,26
Slc16a7,46,112,60,32
Slc16a8,28,5,4,41
Slc16a9,4,9,1,1
Slc17a1,1,1,0,1
Slc17a2,0,0,0,0
Slc17a3,0,0,0,0
Slc17a4,0,0,0,0
Slc17a5,140,412,190,122
Slc17a6,92,169,98,96
Slc17a7,2105,4638,2328,1199
Slc17a8,16,15,6,11
Slc17a9,14,26,14,9
Slc18a1,0,2,2,2
Slc18a2,14,26,20,15
Slc18a3,1,24,5,1
Slc18b1,56,178,67,44
Slc19a1,73,239,96,54
Slc19a2,41,107,59,37
Slc19a3,4,14,4,0
Slc1a1,546,912,463,401
Slc1a2,3689,5837,3252,1466
Slc1a3,1114,2001,1001,783
Slc1a4,213,372,194,117
Slc1a5,28,68,36,14
Slc1a6,122,247,116,96
Slc1a7,1,0,1,0
Slc20a1,332,933,493,207
Slc20a2,137,294,155,92
Slc22a1,3,11,4,0
Slc22a12,2,0,3,0
Slc22a13,1,1,2,0
Slc22a14,0,0,0,0
Slc22a15,77,194,75,68
Slc22a16,0,0,0,0
Slc22a17,4680,10351,4695,3587
Slc22a18,13,17,15,7
Slc22a19,0,0,0,0
Slc22a2,6,13,9,2
Slc22a20,0,0,0,0
Slc22a21,6,21,6,3
Slc22a22,1,0,0,0
Slc22a23,92,373,153,74
Slc22a26,0,0,0,0
Slc22a27,0,0,0,0
Slc22a28,0,0,0,0
Slc22a29,0,3,2,1
Slc22a3,1,22,18,2
Slc22a30,2,7,3,3
Slc22a4,62,129,55,26
Slc22a5,5,28,14,11
Slc22a6,33,119,77,17
Slc22a7,3,0,0,2
Slc22a8,54,170,84,20
Slc23a1,9,7,11,9
Slc23a2,207,633,288,156
Slc23a3,7,23,9,1
Slc24a1,24,81,42,10
Slc24a2,1072,2731,1172,734
Slc24a3,252,384,190,154
Slc24a4,43,127,51,34
Slc24a5,1814,3601,1700,1369
Slc25a1,111,311,125,77
Slc25a10,50,107,49,27
Slc25a11,367,821,354,244
Slc25a12,100,190,99,42
Slc25a13,24,60,19,12
Slc25a14,484,1481,513,310
Slc25a15,11,19,7,1
Slc25a16,66,117,53,27
Slc25a17,163,385,150,134
Slc25a18,66,90,43,18
Slc25a19,77,205,96,44
Slc25a2,0,1,0,0
Slc25a20,142,308,136,100
Slc25a21,4,11,2,2
Slc25a22,164,341,177,91
Slc25a23,1298,3095,1310,843
Slc25a24,5,13,5,1
Slc25a25,109,292,146,102
Slc25a26,36,132,52,24
Slc25a27,61,215,99,39
Slc25a28,109,393,158,78
Slc25a29,33,82,31,42
Slc25a3,1232,3154,1438,792
Slc25a30,0,0,1,0
Slc25a31,1,0,3,0
Slc25a32,8,19,10,4
Slc25a33,67,187,77,45
Slc25a34,4,11,8,5
Slc25a35,36,75,23,25
Slc25a36,322,809,411,255
Slc25a37,16,94,42,11
Slc25a38,61,154,61,40
Slc25a39,93,208,121,69
Slc25a4,993,2390,1062,575
Slc25a40,58,174,87,40
Slc25a41,0,2,0,0
Slc25a42,131,299,165,95
Slc25a43,7,37,18,8
Slc25a44,150,408,197,103
Slc25a45,8,22,8,0
Slc25a46,132,380,150,89
Slc25a47,3,9,4,0
Slc25a48,0,4,2,1
Slc25a5,342,831,309,224
Slc25a51,357,821,339,206
Slc25a53,44,132,50,16
Slc25a54,0,0,0,0
Slc26a1,6,19,7,5
Slc26a10,227,109,53,101
Slc26a11,41,69,36,14
Slc26a2,38,123,69,35
Slc26a3,2,8,0,0
Slc26a4,69,43,13,28
Slc26a5,0,1,0,0
Slc26a6,27,53,31,23
Slc26a7,5,39,9,7
Slc26a8,55,203,84,50
Slc26a9,0,0,0,0
Slc27a1,303,798,340,329
Slc27a2,49,108,48,35
Slc27a3,37,75,36,31
Slc27a4,263,646,307,202
Slc27a5,3,24,6,5
Slc27a6,0,0,0,0
Slc28a1,0,3,1,0
Slc28a2,0,1,0,0
Slc28a3,16,5,6,24
Slc29a1,184,465,247,114
Slc29a2,42,123,66,41
Slc29a3,33,95,50,17
Slc29a4,136,40,19,94
Slc2a1,275,680,295,146
Slc2a10,3,14,2,6
Slc2a12,80,202,95,87
Slc2a13,341,958,429,215
Slc2a2,2,4,1,1
Slc2a3,343,978,459,240
Slc2a4,9,22,8,2
Slc2a5,25,66,17,8
Slc2a6,236,483,259,157
Slc2a7,0,0,0,0
Slc2a8,362,1191,580,314
Slc2a9,9,7,5,11
Slc30a1,116,305,130,61
Slc30a10,47,152,71,25
Slc30a2,1,0,1,1
Slc30a3,529,1490,677,357
Slc30a4,105,313,139,55
Slc30a5,119,323,158,91
Slc30a6,219,548,211,171
Slc30a7,65,111,67,28
Slc30a8,0,1,0,0
Slc30a9,199,445,233,145
Slc31a1,91,258,118,71
Slc31a2,81,217,81,45
Slc32a1,513,2058,1078,488
Slc33a1,191,407,181,152
Slc34a1,1,3,0,0
Slc34a2,0,1,1,0
Slc34a3,2,8,2,0
Slc35a1,274,685,287,140
Slc35a2,420,1127,476,312
Slc35a3,29,117,57,27
Slc35a4,104,239,124,60
Slc35a5,120,341,174,119
Slc35b1,492,1172,474,292
Slc35b2,133,295,136,73
Slc35b3,116,232,119,96
Slc35b4,98,283,134,74
Slc35c1,35,92,49,40
Slc35c2,234,438,210,140
Slc35d1,40,127,59,22
Slc35d2,4,7,2,3
Slc35d3,4,65,24,3
Slc35e1,64,177,96,37
Slc35e2,109,315,163,84
Slc35e3,53,103,44,24
Slc35e4,114,277,109,62
Slc35f1,131,552,240,79
Slc35f2,12,24,6,4
Slc35f3,55,114,55,26
Slc35f4,188,731,298,124
Slc35f5,93,207,95,51
Slc35f6,189,496,248,151
Slc35g1,4,16,3,4
Slc35g2,220,500,242,163
Slc35g3,0,0,0,0
Slc36a1,130,392,162,77
Slc36a1os,0,0,0,0
Slc36a2,3,15,6,0
Slc36a3,0,0,0,0
Slc36a3os,0,2,0,0
Slc36a4,149,377,158,92
Slc37a1,25,83,32,20
Slc37a2,11,14,10,16
Slc37a3,131,236,93,54
Slc37a4,147,356,163,124
Slc38a1,388,1039,492,257
Slc38a10,189,303,152,117
Slc38a11,13,40,11,8
Slc38a2,435,1252,547,318
Slc38a3,145,422,213,134
Slc38a4,6,12,3,1
Slc38a5,18,29,19,8
Slc38a6,79,189,114,39
Slc38a7,388,695,284,438
Slc38a8,2,4,0,1
Slc38a9,216,600,234,161
Slc39a1,172,323,183,118
Slc39a10,339,1462,517,230
Slc39a11,62,131,59,48
Slc39a12,110,220,94,96
Slc39a13,90,274,109,71
Slc39a14,130,221,115,67
Slc39a2,60,163,100,31
Slc39a3,217,396,219,137
Slc39a4,2,4,1,3
Slc39a5,6,8,8,5
Slc39a6,326,558,237,222
Slc39a7,410,971,426,271
Slc39a8,14,22,12,10
Slc39a9,94,193,104,55
Slc3a1,1,3,1,1
Slc3a2,1465,3774,1665,1145
Slc40a1,12,54,35,8
Slc41a1,125,207,105,79
Slc41a2,45,133,65,36
Slc41a3,18,60,26,13
Slc43a1,0,0,3,0
Slc43a2,340,694,317,217
Slc43a3,7,10,7,1
Slc44a1,260,533,220,124
Slc44a2,144,292,151,79
Slc44a3,1,1,0,2
Slc44a4,9,32,20,9
Slc44a5,68,27,23,26
Slc45a1,222,707,331,178
Slc45a2,0,1,0,0
Slc45a3,2,1,4,1
Slc45a4,75,162,80,46
Slc46a1,71,125,63,57
Slc46a2,82,175,88,67
Slc46a3,30,77,40,19
Slc47a1,11,42,13,21
Slc47a2,0,1,1,0
Slc48a1,470,1390,538,268
Slc4a1,0,3,0,0
Slc4a10,516,1301,628,386
Slc4a11,5,33,11,4
Slc4a1ap,160,392,171,111
Slc4a2,116,233,94,99
Slc4a3,684,2706,1177,530
Slc4a4,359,599,309,195
Slc4a5,13,4,1,11
Slc4a7,250,263,125,121
Slc4a8,140,411,197,128
Slc4a9,0,3,2,0
Slc50a1,1236,3200,1415,884
Slc51a,0,0,0,0
Slc51b,0,0,0,0
Slc52a2,146,391,168,109
Slc52a3,3,9,5,1
Slc5a1,3,0,0,0
Slc5a10,2,2,0,0
Slc5a11,2,4,2,0
Slc5a12,1,0,1,0
Slc5a2,0,2,0,0
Slc5a3,103,198,101,74
Slc5a4a,0,0,0,0
Slc5a4b,1,3,4,1
Slc5a5,40,108,57,23
Slc5a6,101,250,126,88
Slc5a7,10,33,13,4
Slc5a8,2,3,2,0
Slc5a9,0,1,0,0
Slc6a1,677,1493,828,438
Slc6a11,208,469,294,146
Slc6a12,4,8,3,6
Slc6a13,70,245,143,64
Slc6a14,0,0,1,0
Slc6a15,181,308,137,118
Slc6a16,0,1,0,0
Slc6a17,717,2169,1162,551
Slc6a18,0,0,0,0
Slc6a19,2,3,1,0
Slc6a19os,0,0,0,0
Slc6a2,12,10,10,20
Slc6a20a,107,213,105,52
Slc6a20b,226,493,240,193
Slc6a3,0,1,1,0
Slc6a4,1,0,0,0
Slc6a5,0,0,0,0
Slc6a6,859,2387,1081,470
Slc6a7,365,927,490,299
Slc6a8,186,401,189,104
Slc6a9,99,317,158,74
Slc7a1,103,280,117,60
Slc7a10,171,597,297,304
Slc7a11,270,925,443,206
Slc7a12,0,0,0,0
Slc7a13,0,0,0,0
Slc7a14,547,684,410,391
Slc7a15,0,0,0,0
Slc7a2,70,97,53,25
Slc7a3,104,231,142,80
Slc7a4,579,1223,537,418
Slc7a5,172,400,233,93
Slc7a6,59,166,85,33
Slc7a6os,136,398,164,52
Slc7a7,7,13,10,0
Slc7a8,129,390,188,90
Slc7a9,1,0,0,0
Slc8a1,58,123,48,39
Slc8a2,579,897,439,392
Slc8a3,75,194,105,47
Slc8b1,32,105,40,41
Slc9a1,123,308,139,87
Slc9a2,58,32,19,20
Slc9a3,1,1,0,0
Slc9a3r1,49,89,50,23
Slc9a3r2,89,251,97,38
Slc9a4,36,6,1,16
Slc9a5,91,252,147,61
Slc9a6,219,523,222,145
Slc9a7,45,90,32,26
Slc9a8,232,655,285,205
Slc9a9,95,289,146,53
Slc9b1,7,11,9,2
Slc9b2,35,71,27,14
Slc9c1,0,0,0,0
Slco1a1,0,0,0,0
Slco1a4,134,346,181,44
Slco1a5,0,0,1,1
Slco1a6,0,0,0,1
Slco1b2,1,2,0,0
Slco1c1,136,504,218,176
Slco2a1,25,39,18,14
Slco2b1,28,66,26,3
Slco3a1,323,628,350,208
Slco4a1,11,57,22,8
Slco4c1,15,51,21,7
Slco5a1,21,55,33,8
Slco6c1,0,1,1,2
Slco6d1,0,0,0,0
Slf1,349,1044,544,222
Slfn1,0,0,0,0
Slfn14,0,0,0,0
Slfn2,10,9,3,1
Slfn3,0,1,1,0
Slfn4,0,1,0,0
Slfn5,1,8,3,0
Slfn5os,0,0,0,0
Slfn8,3,0,3,0
Slfn9,0,1,1,0
Slfnl1,0,0,0,0
Slirp,318,701,265,179
Slit1,468,323,153,239
Slit2,251,505,189,147
Slit3,465,597,267,266
Slitrk1,193,551,216,163
Slitrk2,158,414,152,140
Slitrk3,251,439,202,186
Slitrk4,245,697,312,180
Slitrk5,368,748,369,241
Slitrk6,0,8,7,4
Slk,39,119,48,27
Slmap,88,288,108,67
Slmapos2,8,6,3,2
Slmo1,276,965,536,240
Slmo2,40,117,54,27
Sln,11,9,2,11
Slpi,0,0,1,1
Sltm,427,998,556,242
Slu7,54,166,62,31
Slurp1,0,0,0,1
Slx,0,0,0,0
Slx1b,331,704,353,227
Slx4,11,44,16,1
Slx4ip,131,296,127,72
Slxl1,0,0,0,0
Sly,0,0,0,0
Smad1,35,117,65,18
Smad2,16,76,28,15
Smad3,39,87,31,13
Smad4,51,162,74,36
Smad5,47,100,37,15
Smad6,5,11,6,3
Smad7,101,362,159,70
Smad9,10,21,5,2
Smagp,4,25,10,3
Smap1,94,295,136,54
Smap2,65,155,71,31
Smarca1,74,225,116,49
Smarca2,285,829,395,198
Smarca4,155,378,190,83
Smarca5,148,414,167,101
Smarcad1,107,265,128,77
Smarcal1,34,112,60,15
Smarcb1,131,300,154,80
Smarcc1,170,506,212,121
Smarcc2,279,640,263,216
Smarcd1,576,1248,687,554
Smarcd2,104,186,77,41
Smarcd3,161,511,196,102
Smarce1,97,234,94,57
Smc1a,118,405,151,119
Smc1b,4,12,4,4
Smc2,148,280,135,108
Smc2os,2,12,8,2
Smc3,182,518,235,124
Smc4,28,37,22,15
Smc5,129,357,213,86
Smc6,156,445,201,110
Smchd1,260,668,308,198
Smco1,2,7,4,4
Smco2,0,6,1,1
Smco3,12,14,11,6
Smco4,19,43,26,5
Smcp,0,0,0,0
Smcr8,9,22,10,9
Smdt1,341,738,347,141
Smek1,72,232,123,63
Smek2,84,241,120,61
Smg1,254,604,316,149
Smg5,409,943,490,290
Smg6,168,497,224,109
Smg7,83,164,109,45
Smg8,23,44,20,20
Smg9,275,861,429,189
Smgc,0,0,0,0
Smim1,28,73,33,10
Smim10l1,161,416,181,92
Smim10l2a,28,54,32,15
Smim11,44,149,58,31
Smim12,139,434,137,77
Smim13,190,617,227,110
Smim14,204,615,253,122
Smim15,97,170,76,34
Smim17,7,38,12,10
Smim18,100,381,110,73
Smim19,212,584,238,124
Smim20,229,517,226,141
Smim20-1,9,16,6,5
Smim22,32,23,13,24
Smim23,0,0,0,0
Smim24,8,14,7,8
Smim3,17,15,7,2
Smim4,101,277,89,54
Smim5,8,11,2,5
Smim6,1,3,1,1
Smim7,181,522,162,104
Smim8,38,85,32,12
Smim9,0,0,0,0
Smkr-ps,2,8,4,0
Smlr1,1,2,2,0
Smn1,77,228,85,48
Smndc1,45,108,39,26
Smo,32,48,28,9
Smoc1,61,85,49,33
Smoc2,163,161,62,102
Smok2a,0,0,0,0
Smok2b,0,0,0,0
Smok3a,0,0,0,0
Smok3b,0,0,0,0
Smok3c,0,0,0,0
Smox,59,176,75,57
Smpd1,433,1209,517,343
Smpd2,210,382,179,133
Smpd3,541,1305,709,566
Smpd4,91,274,140,62
Smpd5,9,21,5,3
Smpdl3a,165,598,243,209
Smpdl3b,31,111,40,12
Smpx,0,2,0,0
Smr2,0,0,0,0
Smr3a,0,0,0,0
Sms,303,857,300,191
Smtn,15,39,22,13
Smtnl1,0,0,0,0
Smtnl2,2,4,1,1
Smu1,86,227,104,64
Smug1,39,152,60,28
Smurf1,35,120,49,25
Smurf2,14,56,26,14
Smyd1,0,0,0,0
Smyd2,119,310,134,95
Smyd3,62,222,104,55
Smyd4,271,651,259,183
Smyd5,280,715,273,204
Snai1,2,11,3,0
Snai2,4,5,4,1
Snai3,0,3,3,0
Snap23,55,128,61,39
Snap25,1616,5686,2655,1120
Snap29,7,48,19,19
Snap47,247,681,290,206
Snap91,189,509,283,129
Snapc1,66,183,86,40
Snapc2,40,123,56,35
Snapc3,227,558,303,188
Snapc4,145,309,151,94
Snapc5,72,266,124,38
Snapin,176,438,181,93
Snca,392,744,298,214
Sncaip,8,16,6,3
Sncb,524,1604,722,385
Sncg,19,41,4,4
Snd1,132,251,93,92
Sned1,22,65,27,18
Snf8,228,465,244,131
Snhg11,59087,181673,84833,43252
Snhg12,173,526,186,112
Snhg18,17,42,6,5
Snhg20,1191,4142,1644,887
Snhg6,174,359,188,100
Snhg7os,6,2,0,3
Snhg9,416,1279,644,411
Snip1,15,31,21,8
Snn,125,372,146,77
Snph,191,320,186,112
Snrk,567,1478,635,396
Snrnp200,212,395,222,147
Snrnp25,62,176,70,37
Snrnp27,299,848,346,199
Snrnp35,25,74,27,20
Snrnp40,233,480,191,171
Snrnp48,139,297,179,85
Snrnp70,1451,3509,1856,1227
Snrpa,345,877,393,221
Snrpa1,305,867,350,191
Snrpb,311,818,331,196
Snrpb2,117,389,173,59
Snrpc,202,611,249,161
Snrpd1,129,290,137,59
Snrpd2,266,574,275,125
Snrpd3,69,207,91,32
Snrpe,136,346,171,73
Snrpf,811,1165,836,1054
Snrpg,194,470,217,87
Snrpn,581,1262,683,445
Snta1,81,133,67,39
Sntb1,17,5,2,14
Sntb2,95,190,86,54
Sntg1,186,422,215,123
Sntg2,12,53,13,5
Sntn,5,4,0,1
Snupn,54,167,61,49
Snurf,0,0,0,0
Snw1,128,299,129,49
Snx1,93,251,114,80
Snx10,294,662,329,191
Snx11,78,164,99,53
Snx12,20,67,40,16
Snx13,110,246,96,43
Snx14,284,767,344,207
Snx15,92,230,99,56
Snx16,56,167,91,38
Snx17,173,501,215,140
Snx18,25,55,34,12
Snx19,136,275,181,108
Snx2,129,279,129,90
Snx20,6,9,4,0
Snx21,412,1573,584,367
Snx22,8,14,13,8
Snx24,273,574,218,194
Snx25,87,217,89,61
Snx27,215,436,218,116
Snx29,133,447,205,127
Snx3,154,312,161,99
Snx30,96,202,79,54
Snx31,1,2,0,1
Snx32,1608,3870,2115,1314
Snx33,5,14,7,3
Snx4,41,114,58,21
Snx5,94,247,141,61
Snx6,79,221,111,58
Snx7,61,146,83,31
Snx8,23,29,27,13
Snx9,10,34,24,6
Soat1,166,516,185,157
Soat2,3,5,4,4
Sobp,295,555,301,174
Socs1,8,16,3,6
Socs2,531,1416,638,421
Socs3,7,30,19,9
Socs4,26,92,38,20
Socs5,39,82,44,16
Socs6,56,181,76,37
Socs7,105,278,161,65
Sod1,214,405,234,78
Sod2,167,437,184,87
Sod3,38,100,64,16
Soga1,32,45,27,18
Soga3,455,1405,595,337
Sohlh1,0,0,0,0
Sohlh2,0,0,0,0
Son,6288,17868,6239,4835
Sorbs1,107,154,69,49
Sorbs2,476,2177,969,304
Sorbs2os,2,10,1,0
Sorbs3,16,29,14,12
Sorcs1,93,458,204,65
Sorcs2,184,353,212,119
Sorcs3,215,588,284,160
Sord,28,60,35,10
Sorl1,639,1439,708,415
Sort1,406,822,358,275
Sos1,43,125,69,36
Sos2,40,86,54,23
Sost,19,6,2,14
Sostdc1,72,54,11,97
Sowaha,84,133,74,44
Sowahb,2,24,13,0
Sowahc,7,16,6,6
Sowahd,0,0,0,0
Sox1,21,53,19,13
Sox10,188,519,181,172
Sox11,297,674,364,184
Sox12,59,126,73,32
Sox13,4,17,2,3
Sox14,0,0,0,0
Sox15,0,1,1,1
Sox17,17,50,17,2
Sox18,9,12,5,4
Sox2,82,164,73,47
Sox21,14,19,17,11
Sox3,0,0,0,1
Sox30,0,5,1,1
Sox4,131,389,194,81
Sox5,155,609,275,137
Sox5os1,0,0,1,0
Sox5os2,0,0,0,0
Sox5os3,2,0,1,1
Sox5os4,0,0,0,0
Sox5os5,0,0,0,0
Sox6,81,294,118,62
Sox6os,1,3,1,1
Sox7,1,8,5,0
Sox8,337,1241,415,296
Sox9,121,177,87,49
Sp1,38,89,43,23
Sp100,4,40,18,2
Sp110,9,15,9,4
Sp140,4,13,6,1
Sp2,12,23,16,6
Sp3,80,165,84,44
Sp3os,35,73,30,15
Sp4,48,134,72,34
Sp5,1,7,2,1
Sp6,5,9,7,4
Sp7,0,5,3,1
Sp8,9,16,9,7
Sp9,17,25,21,14
Spa17,12,30,11,10
Spaca1,1,4,1,0
Spaca3,0,0,0,0
Spaca4,0,0,0,0
Spaca5,0,0,0,0
Spaca6,341,978,448,301
Spaca7,0,0,0,0
Spag1,73,178,85,58
Spag11a,0,0,0,0
Spag11b,0,0,0,0
Spag16,5,5,1,5
Spag17,7,3,4,6
Spag17os,0,0,0,1
Spag4,28,97,53,33
Spag5,35,164,51,22
Spag6,10,44,22,3
Spag6l,39,64,29,16
Spag7,182,469,175,121
Spag8,12,27,8,16
Spag9,582,1651,724,424
Spam1,0,0,0,0
Spanxn4,0,0,0,0
Sparc,481,896,456,157
Sparcl1,3427,7177,3279,2627
Spast,65,166,72,42
Spata1,18,77,33,17
Spata13,7,19,11,5
Spata16,0,0,0,0
Spata17,1,4,3,0
Spata18,0,3,0,2
Spata19,1,6,1,1
Spata2,261,424,193,182
Spata20,0,0,0,0
Spata21,0,6,3,1
Spata22,0,0,1,0
Spata24,28,64,48,15
Spata25,1,2,3,1
Spata2l,67,189,77,56
Spata3,2,4,0,0
Spata31,0,0,0,0
Spata31d1a,0,1,0,0
Spata31d1b,0,0,0,1
Spata31d1c,0,0,0,0
Spata31d1d,0,0,0,0
Spata32,0,5,0,1
Spata33,10,30,16,6
Spata4,0,0,0,0
Spata45,0,0,0,0
Spata5,21,52,30,19
Spata6,15,45,28,20
Spata7,313,868,460,284
Spata9,1,2,1,0
Spatc1,0,0,0,0
Spatc1l,2,0,0,0
Spats1,20,90,36,18
Spats2,26,93,35,22
Spats2l,159,654,279,118
Spc24,75,114,114,135
Spc25,0,1,0,1
Spcs1,1001,2724,933,536
Spcs2,1097,2615,914,646
Spcs3,242,767,350,152
Spdef,1,9,8,0
Spdl1,2,4,1,0
Spdya,2,31,6,8
Spdye4a,0,0,0,0
Spdye4b,0,0,0,0
Spdye4c,0,0,0,0
Specc1,204,446,216,137
Specc1l,48,113,56,21
Speer1,0,0,0,0
Speer2,0,1,1,0
Speer3,0,0,0,0
Speer4a,1,1,0,2
Speer4b,0,3,2,4
Speer4c,0,0,0,0
Speer4cos,0,0,0,0
Speer4d,0,0,0,0
Speer4e,0,0,0,0
Speer4f1,0,0,0,0
Speer4f2,0,0,0,0
Speer9-ps1,0,0,0,0
Spef1,19,46,19,14
Spef2,21,14,5,16
Speg,330,809,377,203
Spem1,0,0,0,0
Spen,94,206,92,83
Spert,0,0,0,0
Spesp1,0,1,0,0
Spg11,42,71,20,31
Spg20,69,121,61,39
Spg21,42,121,54,29
Spg7,357,865,452,320
Sphk1,14,44,27,5
Sphk2,44,90,52,37
Sphkap,264,302,170,143
Spi1,14,11,12,0
Spib,0,1,0,0
Spic,0,1,2,0
Spice1,32,84,45,19
Spidr,13,3,1,4
Spin1,66,162,53,35
Spin2-ps6,0,0,0,0
Spin2c,17,32,8,8
Spin2d,0,0,0,0
Spin2e,0,0,0,0
Spin2f,0,0,0,0
Spin2g,0,0,0,0
Spin4,1,4,1,0
Spink1,0,0,0,0
Spink10,46,130,66,43
Spink11,0,0,0,0
Spink12,0,1,0,0
Spink13,0,0,0,0
Spink14,0,0,0,0
Spink2,0,2,0,0
Spink4,0,0,0,0
Spink5,0,0,1,0
Spink6,0,0,0,0
Spink7,0,0,0,0
Spink8,346,88,16,201
Spinkl,0,1,0,0
Spint1,23,49,20,7
Spint2,391,910,364,273
Spint3,0,0,0,0
Spint4,0,0,0,0
Spint5,0,0,0,0
Spire1,98,312,130,64
Spire2,31,70,33,19
Spn,1,0,1,0
Spns1,594,1574,723,431
Spns2,147,165,100,61
Spns3,3,8,3,1
Spo11,1,12,6,2
Spocd1,3,6,1,0
Spock1,523,2231,930,410
Spock2,1064,2862,1434,777
Spock3,575,1805,704,511
Spon1,400,663,302,291
Spon2,0,4,1,0
Spop,189,315,165,89
Spopl,93,268,148,59
Spp1,273,338,388,33
Spp2,2,3,2,1
Sppl2a,216,532,257,127
Sppl2b,430,846,500,352
Sppl2c,0,0,0,1
Sppl3,259,598,283,144
Spr,67,160,68,35
Spred1,108,348,184,70
Spred2,103,270,116,92
Spred3,134,412,175,98
Sprn,310,631,241,216
Sprr1a,0,0,0,0
Sprr1b,0,0,0,0
Sprr2a1,0,0,0,0
Sprr2a2,0,0,0,0
Sprr2a3,0,0,0,0
Sprr2b,0,0,0,0
Sprr2d,0,0,0,0
Sprr2e,0,0,0,0
Sprr2f,0,0,0,0
Sprr2h,0,0,0,0
Sprr2i,0,0,0,0
Sprr2j-ps,0,0,0,0
Sprr2k,0,0,0,0
Sprr3,0,0,0,0
Sprr4,0,0,0,0
Sprtn,2,8,4,1
Spry1,7,19,8,5
Spry2,78,207,89,60
Spry3,5,10,6,1
Spry4,10,34,13,10
Spryd3,50,134,84,37
Spryd4,17,36,22,9
Spryd7,28,75,38,18
Spsb1,12,25,7,3
Spsb2,26,61,31,16
Spsb3,125,378,182,118
Spsb4,10,20,8,8
Spta1,0,0,0,0
Sptan1,874,1999,908,555
Sptb,95,151,70,39
Sptbn1,1930,4299,2082,1209
Sptbn2,391,728,396,237
Sptbn4,305,789,399,199
Sptbn5,0,4,2,2
Sptlc1,164,430,216,125
Sptlc2,166,412,175,137
Sptlc3,0,0,0,2
Sptssa,138,297,114,62
Sptssb,5,31,9,1
Spty2d1,18,88,36,23
Spx,9,17,12,2
Spz1,0,0,0,0
Sqle,445,1039,559,292
Sqrdl,7,26,3,4
Sqstm1,99,228,113,70
Sra1,287,672,328,195
Srbd1,24,62,29,14
Src,110,209,121,73
Srcap,279,601,309,194
Srcin1,462,1440,775,317
Srd5a1,17,41,7,11
Srd5a2,0,0,0,0
Srd5a3,114,273,116,59
Srebf1,159,335,188,111
Srebf2,434,1119,556,332
Srek1,231,453,236,153
Srek1ip1,85,177,72,41
Srf,53,118,73,42
Srfbp1,9,17,9,2
Srgap1,27,70,29,15
Srgap2,199,574,269,135
Srgap3,201,440,198,156
Srgn,75,127,45,4
Sri,290,843,319,165
Srl,21,32,11,12
Srm,156,360,173,98
Srms,2,1,0,0
Srp14,323,767,325,206
Srp19,148,355,172,109
Srp54a,0,0,0,0
Srp54b,124,349,145,81
Srp68,115,253,122,58
Srp72,146,365,183,102
Srp9,264,705,298,175
Srpk1,456,1688,758,419
Srpk2,1435,5718,2159,1159
Srpk3,34,267,118,30
Srpr,257,731,311,200
Srprb,149,414,169,139
Srpx,1,4,2,1
Srpx2,7,26,27,8
Srr,138,362,145,98
Srrd,50,146,67,24
Srrm1,1145,3031,1389,775
Srrm2,3206,9484,4304,2635
Srrm3,477,1291,668,348
Srrm3os,0,3,0,1
Srrm4,474,1316,614,370
Srrm4os,10,31,16,7
Srrt,672,1515,743,509
Srsf1,784,1853,801,453
Srsf10,402,1215,497,294
Srsf11,1431,3733,1684,857
Srsf12,43,73,19,27
Srsf2,2290,4366,2513,1590
Srsf3,289,746,354,184
Srsf4,60,155,71,42
Srsf5,2250,5430,2830,1894
Srsf6,251,628,317,159
Srsf7,733,1772,791,490
Srsf9,148,297,175,103
Srsx,0,0,0,0
Srsy,0,0,0,0
Srxn1,34,115,42,27
Sry,0,1,0,0
Ss18,40,88,46,21
Ss18l1,68,118,56,39
Ssb,249,652,331,186
Ssbp1,245,760,303,153
Ssbp2,490,1568,619,434
Ssbp3,140,359,193,82
Ssbp4,640,1280,689,370
Ssc4d,10,28,10,8
Ssc5d,13,23,24,8
Ssfa2,81,135,67,35
Ssh1,53,84,68,28
Ssh2,318,843,405,261
Ssh3,156,334,176,127
Ssmem1,0,2,0,0
Ssna1,290,911,314,191
Sspn,32,43,15,10
Sspnos,15,25,13,20
Sspo,4,6,6,1
Ssr1,928,2127,900,666
Ssr2,772,1912,809,462
Ssr3,355,748,293,191
Ssr4,1691,4638,1978,1062
Ssrp1,209,498,226,134
Sssca1,138,348,146,77
Sst,2163,9016,3950,1762
Sstr1,46,77,46,33
Sstr2,121,526,157,97
Sstr3,53,140,57,31
Sstr4,8,13,4,3
Sstr5,2,10,2,4
Ssty1,0,0,0,0
Ssty2,0,0,0,0
Ssu2,3,0,1,0
Ssu72,217,646,287,123
Ssx2ip,47,101,57,26
Ssx9,0,0,0,0
Ssxa1,0,0,1,0
Ssxb1,0,0,0,0
Ssxb10,0,0,0,0
Ssxb2,0,0,0,0
Ssxb3,0,0,0,0
Ssxb5,0,0,0,0
Ssxb6,0,0,0,0
Ssxb8,0,0,0,0
Ssxb9,0,0,0,0
St13,240,741,336,193
St14,7,3,9,0
St18,31,13,9,15
St3gal1,55,104,41,25
St3gal2,92,186,87,53
St3gal3,61,152,82,35
St3gal4,50,138,68,34
St3gal5,701,2301,845,478
St3gal6,75,296,124,52
St5,97,102,53,43
St6gal1,57,119,54,30
St6gal2,38,294,130,36
St6galnac1,1,0,0,0
St6galnac2,131,233,105,138
St6galnac3,582,734,258,332
St6galnac4,101,243,104,64
St6galnac5,934,683,317,592
St6galnac6,216,352,204,197
St7,411,676,321,256
St7l,353,955,392,254
St8sia1,103,179,88,62
St8sia2,9,12,11,3
St8sia3,340,1161,493,260
St8sia3os,2,12,9,0
St8sia4,114,224,113,68
St8sia5,203,594,251,147
St8sia6,25,33,17,3
Stab1,16,92,35,2
Stab2,42,59,35,31
Stac,5,8,3,2
Stac2,62,129,86,49
Stac3,52,283,93,58
Stag1,255,702,331,163
Stag2,125,294,112,82
Stag3,3,6,4,2
Stam,69,163,92,41
Stam2,56,173,79,58
Stambp,84,238,104,56
Stambpl1,40,86,34,32
Stap1,135,390,200,120
Stap2,13,67,21,3
Star,11,25,10,8
Stard10,26,134,60,17
Stard13,47,56,21,25
Stard3,200,615,296,124
Stard3nl,194,531,211,135
Stard4,21,93,43,17
Stard5,846,701,216,426
Stard6,7,12,5,5
Stard7,126,251,142,56
Stard8,13,115,67,5
Stard9,95,250,122,60
Stat1,107,156,100,28
Stat2,190,364,182,125
Stat3,91,203,106,52
Stat4,0,7,1,0
Stat5a,1,7,2,5
Stat5b,14,62,34,13
Stat6,11,40,22,8
Stau1,95,316,141,79
Stau2,91,293,104,64
Stbd1,2,11,5,7
Stc1,23,55,14,8
Stc2,11,12,4,2
Steap1,21,7,3,18
Steap2,45,143,67,45
Steap3,26,23,19,13
Steap4,2,5,1,0
Stfa1,0,0,1,0
Stfa2,0,0,0,0
Stfa2l1,0,0,0,0
Stfa3,0,0,0,0
Stil,0,3,1,0
Stim1,37,97,38,18
Stim2,567,636,298,346
Stip1,132,307,152,77
Stk10,19,30,13,5
Stk11,142,246,143,73
Stk11ip,24,78,46,19
Stk16,455,1059,487,292
Stk17b,11,33,17,4
Stk19,229,477,225,141
Stk24,19,52,27,14
Stk25,607,1389,627,421
Stk26,41,88,39,21
Stk3,23,37,26,13
Stk31,1,2,2,1
Stk32a,5,26,6,2
Stk32b,2,3,3,3
Stk32c,164,687,339,113
Stk33,8,13,1,4
Stk35,14,34,16,10
Stk36,11,34,14,9
Stk38,347,1021,464,256
Stk38l,25,74,43,16
Stk39,87,241,124,78
Stk4,30,64,25,16
Stk40,65,201,95,32
Stkld1,0,2,0,0
Stmn1,397,1973,807,258
Stmn2,1072,3920,1554,765
Stmn3,3821,12654,4337,2954
Stmn4,1341,5794,1756,1072
Stmnd1,0,0,0,0
Stom,41,83,37,19
Stoml1,325,865,325,215
Stoml2,121,300,145,73
Stoml3,0,3,2,0
Ston1,11,11,8,5
Ston2,7,7,3,0
Stox1,3,23,12,2
Stox2,208,416,189,119
Stpg1,8,5,8,2
Stpg2,2,2,3,1
Stra13,163,322,174,86
Stra6,50,38,14,18
Stra6l,0,0,1,0
Stra8,0,0,1,0
Strada,90,255,110,52
Stradb,63,219,79,41
Strap,59,144,79,26
Strbp,843,3949,1738,804
Strc,2,1,4,1
Strip1,122,268,128,88
Strip2,25,117,60,16
Strn,47,152,67,33
Strn3,281,716,357,169
Strn4,494,1195,595,334
Stt3a,257,626,305,204
Stt3b,388,967,446,289
Stub1,678,1687,807,457
Stx11,0,1,1,0
Stx12,124,292,121,76
Stx16,956,2420,1036,656
Stx17,38,96,58,28
Stx18,71,175,77,41
Stx19,5,14,2,6
Stx1a,348,2599,1277,265
Stx1b,144,366,210,84
Stx2,53,143,68,29
Stx3,304,627,343,193
Stx4a,199,597,280,129
Stx5a,629,1469,685,489
Stx6,175,419,173,119
Stx7,189,534,249,139
Stx8,70,163,84,29
Stxbp1,689,2530,1222,513
Stxbp2,282,800,398,257
Stxbp3,209,269,145,144
Stxbp4,77,260,110,65
Stxbp5,132,241,121,41
Stxbp5l,776,1698,805,589
Stxbp6,93,136,53,49
Styk1,4,3,1,4
Styx,5,18,5,1
Styxl1,0,2,2,1
Sub1,373,1044,470,203
Sucla2,171,435,213,113
Suclg1,254,617,252,149
Suclg2,21,52,20,13
Sucnr1,0,0,0,0
Suco,71,237,89,57
Suds3,142,379,199,103
Sufu,17,59,36,18
Sugct,1,2,1,0
Sugp1,114,232,133,90
Sugp2,366,660,332,236
Sugt1,56,176,73,43
Sulf1,53,153,72,40
Sulf2,266,530,296,192
Sult1a1,27,64,35,14
Sult1b1,0,0,0,0
Sult1c1,0,0,0,0
Sult1c2,5,0,0,4
Sult1d1,0,0,2,0
Sult1e1,0,0,0,0
Sult2a1,0,0,0,0
Sult2a2,0,0,0,0
Sult2a3,0,0,0,0
Sult2a4,0,0,0,0
Sult2a5,0,1,0,0
Sult2a6,0,0,0,0
Sult2a7,0,0,0,0
Sult2a8,0,0,0,0
Sult2b1,25,81,24,14
Sult3a1,1,0,0,0
Sult4a1,142,402,232,88
Sult5a1,5,0,0,2
Sult6b1,1,1,0,0
Sumf1,77,220,97,73
Sumf2,113,285,120,65
Sumo1,233,577,239,126
Sumo2,1529,3945,1719,1032
Sumo3,124,323,128,70
Sun1,399,1321,611,293
Sun2,82,274,150,29
Sun3,0,1,0,1
Sun5,0,0,0,0
Suox,19,34,10,7
Supt16,94,202,105,60
Supt20,334,938,437,296
Supt3,52,109,48,27
Supt4a,115,309,118,76
Supt5,427,1052,587,333
Supt6,138,309,126,83
Supt7l,150,370,150,109
Supv3l1,40,117,47,29
Surf1,313,843,335,226
Surf2,204,516,261,152
Surf4,215,550,254,140
Surf6,40,89,34,28
Susd1,24,69,26,19
Susd2,13,78,37,6
Susd3,22,67,12,1
Susd4,283,661,339,193
Susd5,5,46,18,9
Susd6,247,362,151,142
Suv39h1,13,37,28,13
Suv39h2,4,21,9,3
Suv420h1,181,479,226,133
Suv420h2,55,141,77,50
Suz12,53,90,49,33
Sv2a,1627,3930,1947,1146
Sv2b,691,2215,960,590
Sv2c,94,321,151,61
Sva,0,0,0,0
Sval1,2,0,0,0
Sval2,0,0,0,0
Sval3,0,0,0,0
Svbp,95,228,90,57
Svep1,3,39,13,10
Svil,16,53,24,10
Svip,166,403,174,124
Svop,449,1123,488,304
Svopl,0,7,9,6
Svs1,0,0,0,0
Svs2,0,0,0,0
Svs3a,0,0,0,0
Svs3b,0,0,0,0
Svs4,0,0,0,0
Svs5,0,0,0,0
Svs6,0,0,0,0
Swap70,6,36,16,9
Swi5,283,771,397,195
Swsap1,20,54,16,13
Swt1,276,807,370,189
Syap1,41,118,36,22
Sybu,97,184,90,55
Syce1,0,2,2,1
Syce1l,3,6,5,2
Syce2,16,6,7,5
Syce3,0,0,0,0
Sycn,0,0,0,0
Sycp1,1,0,0,0
Sycp2,84,236,66,65
Sycp2l,0,0,0,0
Sycp3,3,5,2,1
Syde1,11,13,13,5
Syde2,5,6,2,3
Syf2,134,394,181,75
Syk,3,8,2,4
Sympk,292,667,316,170
Syn1,122,366,173,63
Syn2,536,1091,517,280
Syn3,29,78,45,25
Syna,4,0,1,2
Synb,2,1,0,2
Sync,1,7,3,0
Syncrip,234,552,254,153
Syndig1,43,135,59,25
Syndig1l,18,147,45,7
Syne1,424,1047,445,288
Syne2,70,180,92,57
Syne3,0,3,2,0
Syne4,43,115,54,34
Syngap1,60,174,104,69
Syngr1,702,1974,1030,436
Syngr2,57,96,47,14
Syngr3,936,2693,945,649
Syngr4,0,0,0,0
Syngr4-1,0,0,0,0
Synj1,323,721,299,200
Synj2,10,94,29,11
Synj2bp,296,844,340,184
Synm,32,72,31,9
Synpo,150,549,238,92
Synpo2,9,16,8,2
Synpo2l,2,2,0,0
Synpr,1777,1791,912,996
Synrg,152,459,193,156
Syp,2767,5395,2843,1969
Sypl,274,814,281,183
Sypl2,24,43,12,19
Sys1,508,1246,485,249
Syt1,5675,16831,7295,4514
Syt10,25,64,31,15
Syt11,2561,7041,2904,1817
Syt12,92,412,165,75
Syt13,615,1306,660,394
Syt14,72,177,87,52
Syt15,2,13,2,2
Syt16,227,735,277,193
Syt17,213,321,145,139
Syt2,102,416,170,100
Syt3,283,524,246,173
Syt4,1170,3867,1599,972
Syt5,1043,3132,1352,914
Syt6,19,306,133,12
Syt7,1190,2249,1160,700
Syt8,0,0,0,0
Syt9,5,23,15,4
Sytl1,2,36,17,10
Sytl2,72,405,172,45
Sytl3,0,2,0,2
Sytl4,1,3,0,2
Sytl5,4,16,7,4
Syvn1,166,411,195,126
Szrd1,23,70,44,22
Szt2,68,175,86,53
T,0,1,0,0
Taar1,0,0,0,0
Taar2,0,0,0,0
Taar3,1,0,0,1
Taar4,0,0,0,1
Taar5,0,0,0,0
Taar6,0,0,0,0
Taar7a,0,0,0,0
Taar7b,0,0,0,0
Taar7d,0,0,0,0
Taar7e,0,0,0,0
Taar7f,0,0,0,0
Taar8a,0,0,0,0
Taar8b,0,0,0,0
Taar8c,0,0,0,0
Taar9,0,0,0,0
Tab1,43,129,61,42
Tab2,84,196,79,45
Tab3,10,30,11,6
Tac1,177,4058,1308,135
Tac2,124,556,320,53
Tac4,0,0,0,0
Tacc1,255,759,380,184
Tacc2,370,796,324,244
Tacc3,22,88,52,25
Taco1,3,12,6,3
Taco1os,37,85,42,19
Tacr1,11,51,15,6
Tacr2,0,0,1,0
Tacr3,14,18,0,11
Tacstd2,4,1,3,3
Tada1,71,228,95,45
Tada2a,86,298,152,64
Tada2b,18,29,10,6
Tada3,258,645,294,158
Taf1,107,233,131,60
Taf10,29,66,33,17
Taf11,58,192,94,46
Taf12,28,60,33,22
Taf13,63,206,93,32
Taf15,153,411,206,92
Taf1a,62,169,67,39
Taf1b,87,233,115,71
Taf1c,35,69,33,23
Taf1d,898,2750,1134,610
Taf2,104,230,123,64
Taf3,181,430,226,136
Taf4a,33,107,52,23
Taf4b,8,28,9,9
Taf5,12,26,13,4
Taf5l,40,90,42,27
Taf6,672,1935,744,575
Taf6l,224,567,216,117
Taf7,47,177,61,38
Taf7l,6,38,22,12
Taf8,14,36,19,13
Taf9,1,8,1,3
Taf9b,29,62,22,18
Tagap,1,6,2,0
Tagap1,45,118,41,35
Tagln,15,131,10,13
Tagln2,30,64,34,6
Tagln3,331,925,420,251
Tal1,0,7,1,0
Tal2,0,3,0,0
Taldo1,178,386,165,75
Tamm41,10,34,11,8
Tanc1,607,279,138,373
Tanc2,366,1032,579,252
Tango2,575,1730,849,421
Tango6,38,83,34,22
Tank,62,169,77,40
Taok1,322,562,324,188
Taok2,195,498,243,143
Taok3,292,758,356,184
Tap1,32,38,32,15
Tap2,103,215,101,78
Tapbp,155,358,212,90
Tapbpl,48,118,61,42
Tapt1,100,231,113,60
Tarbp2,536,1602,692,386
Tardbp,553,1425,707,363
Tarm1,3,4,0,7
Tars,52,114,43,33
Tars2,196,511,231,130
Tarsl2,83,282,134,57
Tas1r1,0,4,2,0
Tas1r2,0,0,0,0
Tas1r3,0,2,6,4
Tas2r102,0,0,0,0
Tas2r103,0,0,0,0
Tas2r104,0,0,0,0
Tas2r105,0,0,0,0
Tas2r106,0,0,0,0
Tas2r107,0,0,0,0
Tas2r108,0,0,0,0
Tas2r109,0,0,0,0
Tas2r110,0,0,0,0
Tas2r113,0,0,0,0
Tas2r114,0,0,0,0
Tas2r115,0,0,0,0
Tas2r116,0,0,0,0
Tas2r117,1,0,0,0
Tas2r118,0,0,0,0
Tas2r119,0,0,0,0
Tas2r120,0,0,0,0
Tas2r121,0,0,0,0
Tas2r122,0,0,0,0
Tas2r123,0,0,0,0
Tas2r124,0,0,0,0
Tas2r125,0,0,0,0
Tas2r126,0,0,0,0
Tas2r129,0,0,0,0
Tas2r130,0,0,0,0
Tas2r131,0,0,0,0
Tas2r134,0,0,0,0
Tas2r135,0,0,0,0
Tas2r136,0,0,0,0
Tas2r137,0,0,0,0
Tas2r138,0,0,0,0
Tas2r139,0,0,0,0
Tas2r140,0,0,0,0
Tas2r143,0,0,0,0
Tas2r144,0,0,0,0
Tasp1,34,118,37,21
Tat,0,1,0,0
Tatdn1,33,72,27,18
Tatdn2,13,39,15,11
Tatdn3,138,325,147,70
Tax1bp1,216,610,270,133
Tax1bp3,20,45,20,9
Taz,1129,2747,1219,770
Tbata,33,19,8,21
Tbc1d1,131,303,144,116
Tbc1d10a,42,110,66,36
Tbc1d10b,82,132,85,46
Tbc1d10c,7,18,16,6
Tbc1d12,30,88,36,20
Tbc1d13,23,103,37,13
Tbc1d14,120,265,143,107
Tbc1d15,67,156,85,40
Tbc1d16,28,60,25,12
Tbc1d17,404,1028,501,331
Tbc1d19,89,208,106,59
Tbc1d2,18,74,34,15
Tbc1d20,76,162,91,61
Tbc1d21,0,0,0,0
Tbc1d22a,30,85,41,24
Tbc1d22b,39,96,45,24
Tbc1d22bos,3,19,2,3
Tbc1d23,170,522,211,102
Tbc1d24,177,556,263,131
Tbc1d25,20,67,38,14
Tbc1d2b,13,46,30,9
Tbc1d30,19,183,74,24
Tbc1d31,58,150,61,40
Tbc1d32,46,122,44,35
Tbc1d4,18,43,25,6
Tbc1d5,33,103,56,35
Tbc1d7,71,157,81,52
Tbc1d8,38,189,67,25
Tbc1d8b,19,16,4,7
Tbc1d9,66,202,81,47
Tbc1d9b,93,203,125,63
Tbca,239,452,197,96
Tbcb,141,386,190,74
Tbcc,69,207,68,41
Tbccd1,30,86,41,25
Tbcd,77,156,94,58
Tbce,781,1913,929,549
Tbcel,86,158,97,47
Tbck,108,278,146,81
Tbk1,226,699,316,167
Tbkbp1,100,190,115,74
Tbl1x,68,220,109,36
Tbl1xr1,89,201,107,41
Tbl2,87,152,80,44
Tbl3,696,1755,730,488
Tbp,60,167,101,43
Tbpl1,83,232,116,61
Tbpl2,14,2,8,11
Tbr1,41,187,105,29
Tbrg1,145,446,188,91
Tbrg4,31,56,31,18
Tbx1,6,9,3,1
Tbx10,0,0,0,1
Tbx15,2,5,1,0
Tbx18,2,29,13,3
Tbx19,0,1,0,0
Tbx2,4,14,5,3
Tbx20,0,0,1,0
Tbx21,1,0,0,0
Tbx22,0,0,1,0
Tbx3,5,15,19,0
Tbx3os1,1,23,9,5
Tbx3os2,0,0,0,0
Tbx4,1,0,0,0
Tbx5,0,0,0,0
Tbx6,13,16,8,6
Tbxa2r,7,24,13,1
Tbxas1,22,35,21,2
Tc2n,5,11,7,7
Tcaf1,175,591,270,160
Tcaf2,1,4,1,0
Tcaf3,0,0,0,0
Tcaim,57,122,39,35
Tcam1,4,3,1,0
Tcap,5,98,26,6
Tcea1,154,358,169,91
Tcea2,288,960,408,206
Tcea3,8,17,9,10
Tceal1,49,116,49,22
Tceal3,117,233,102,59
Tceal5,248,754,341,186
Tceal6,97,323,125,69
Tceal7,0,7,5,2
Tceal8,93,240,101,45
Tceanc,2,7,4,0
Tceanc2,36,83,34,25
Tceb1,210,564,273,117
Tceb2,598,1262,605,223
Tceb3,11,41,22,10
Tcerg1,120,375,137,76
Tcerg1l,27,52,34,10
Tcf12,527,1136,503,363
Tcf15,4,13,3,5
Tcf19,7,39,15,4
Tcf20,157,368,180,99
Tcf21,0,0,0,0
Tcf23,0,2,1,0
Tcf24,1,5,2,0
Tcf25,1239,4276,2043,959
Tcf3,96,248,119,95
Tcf4,3575,5410,2739,2644
Tcf7,4,32,7,1
Tcf7l1,10,19,9,3
Tcf7l2,43,149,72,53
Tcfl5,0,5,2,1
Tchh,24,87,39,30
Tchhl1,0,0,0,0
Tchp,41,83,57,38
Tcirg1,86,184,101,55
Tcl1,0,0,0,0
Tcl1b1,0,0,0,0
Tcl1b2,0,3,1,0
Tcl1b3,0,0,0,0
Tcl1b4,0,0,0,0
Tcl1b5,0,1,0,0
Tcn2,119,259,150,87
Tcof1,58,181,79,39
Tcp1,226,589,258,140
Tcp10a,0,1,0,0
Tcp10b,0,0,1,0
Tcp10c,0,0,0,0
Tcp11,3,1,1,1
Tcp11l1,38,98,53,26
Tcp11l2,47,116,43,27
Tcp11x2,0,0,0,0
Tcstv1,0,0,0,0
Tcstv3,0,0,0,0
Tcta,91,228,109,39
Tcte1,4,13,4,4
Tcte2,20,67,22,13
Tcte3,0,3,1,0
Tctex1d1,3,6,3,3
Tctex1d2,46,133,46,23
Tctex1d4,5,3,3,5
Tctn1,102,183,99,77
Tctn3,114,270,120,74
Tdg,82,295,131,51
Tdgf1,0,2,0,1
Tdh,0,0,0,1
Tdo2,32,13,8,12
Tdp1,141,250,157,98
Tdp2,33,112,46,18
Tdpoz1,0,0,0,0
Tdpoz2,0,0,0,0
Tdpoz3,0,0,0,0
Tdpoz4,0,0,0,0
Tdpoz5,0,0,0,0
Tdrd1,1,5,0,1
Tdrd12,2,5,2,2
Tdrd3,47,104,49,34
Tdrd5,20,47,31,19
Tdrd6,1,9,3,1
Tdrd7,45,114,57,21
Tdrd9,1,4,4,0
Tdrkh,42,130,55,29
Tdrp,22,81,35,10
Tead1,228,226,100,132
Tead2,4,24,8,4
Tead2-1,0,0,0,0
Tead3,1,6,4,1
Tead4,0,1,1,1
Tec,4,10,5,1
Tecpr1,783,1848,847,606
Tecpr2,120,351,151,86
Tecr,7032,18806,8511,5231
Tecrl,0,0,1,0
Tecta,2,1,0,5
Tectb,1,0,1,0
Teddm1a,0,1,1,0
Teddm1b,0,5,2,1
Teddm2,28,103,49,29
Teddm3,83,203,97,155
Tef,316,850,355,197
Tefm,18,38,15,10
Tek,19,59,22,2
Tekt1,12,16,7,6
Tekt2,7,39,20,5
Tekt3,0,1,0,0
Tekt4,1,3,2,0
Tekt5,7,15,13,4
Telo2,799,1392,669,536
Ten1,153,401,163,102
Tenm1,388,1271,557,240
Tenm2,928,1218,637,871
Tenm3,210,348,169,149
Tenm4,683,1960,994,482
Tep1,15,37,20,8
Tepp,1,5,2,1
Terf1,144,519,231,131
Terf2,30,83,53,32
Terf2ip,53,113,55,43
Tert,0,0,0,0
Tes,10,40,12,6
Tesc,136,335,165,67
Tescl,0,1,0,0
Tesk1,62,147,58,31
Tesk2,15,40,14,14
Tespa1,0,0,0,0
Tet1,35,90,38,16
Tet2,169,494,232,100
Tet3,248,703,308,176
Tex10,251,664,279,175
Tex101,0,0,0,0
Tex11,4,3,1,1
Tex12,0,0,0,0
Tex13,0,0,0,0
Tex13a,0,0,0,0
Tex14,1,11,0,1
Tex15,5,10,1,2
Tex16,0,1,3,0
Tex19.1,0,0,0,0
Tex19.2,0,0,0,0
Tex2,123,174,88,47
Tex21,0,0,0,0
Tex22,0,0,2,0
Tex24,0,0,0,0
Tex26,0,7,4,2
Tex261,345,870,351,189
Tex264,674,1853,717,444
Tex28,0,0,0,0
Tex29,0,1,0,0
Tex30,19,40,13,8
Tex33,0,0,0,0
Tex35,1,3,0,0
Tex36,0,0,0,0
Tex37,0,0,0,0
Tex38,0,0,1,0
Tex40,25,123,92,34
Tex43,1,0,0,0
Tex9,46,288,133,45
Tfam,62,146,67,36
Tfap2a,0,4,1,1
Tfap2b,1,10,1,0
Tfap2c,0,1,1,0
Tfap2d,0,2,2,0
Tfap2e,0,0,0,0
Tfap4,22,33,6,13
Tfb1m,7,20,6,4
Tfb2m,49,99,42,25
Tfcp2,23,78,30,19
Tfcp2l1,7,19,15,4
Tfdp1,1,7,4,2
Tfdp2,243,517,247,180
Tfe3,236,563,255,136
Tfeb,20,18,6,11
Tfec,0,1,0,0
Tff1,0,0,0,0
Tff2,0,0,0,0
Tff3,0,0,0,0
Tfg,62,209,84,48
Tfip11,35,129,37,21
Tfpi,37,60,36,15
Tfpi2,1,0,0,0
Tfpt,75,177,67,46
Tfr2,42,111,53,28
Tfrc,135,397,204,68
Tg,0,0,0,0
Tgds,23,47,24,21
Tgfa,37,87,40,7
Tgfb1,36,94,40,6
Tgfb1i1,29,97,55,20
Tgfb1i1-1,0,0,0,0
Tgfb2,180,109,47,109
Tgfb3,25,88,42,21
Tgfbi,13,37,16,6
Tgfbr1,161,336,117,57
Tgfbr2,42,79,29,13
Tgfbr3,74,107,51,42
Tgfbr3l,6,21,11,9
Tgfbrap1,86,186,129,49
Tgif1,6,12,6,0
Tgif2,7,10,1,3
Tgif2lx1,0,0,0,0
Tgif2lx2,0,0,0,0
Tgm1,5,2,0,0
Tgm2,9,39,14,6
Tgm3,1,4,4,0
Tgm4,3,7,1,1
Tgm5,1,1,0,1
Tgm6,1,0,0,0
Tgm7,0,1,0,0
Tgoln1,452,1131,488,283
Tgs1,106,277,115,51
Tgtp1,0,0,0,0
Tgtp2,0,1,0,0
Th,4,6,6,2
Tha1,29,89,33,16
Thada,10,36,22,11
Thap1,36,72,38,37
Thap11,28,72,25,20
Thap2,356,775,320,264
Thap3,718,2105,718,481
Thap4,113,382,142,97
Thap7,74,177,76,54
Thap8,4,22,7,1
Thbd,24,78,43,19
Thbs1,8,36,13,6
Thbs2,12,60,31,10
Thbs3,286,435,232,162
Thbs4,60,89,24,18
Theg,1,14,1,0
Thegl,0,2,0,0
Them4,186,396,181,122
Them5,0,0,0,0
Them6,389,1011,412,188
Them7,0,0,0,0
Themis,1,6,0,4
Themis2,1,0,1,0
Themis3,0,0,0,0
Thg1l,14,19,11,4
Thnsl1,30,77,24,19
Thnsl2,13,14,7,3
Thoc1,410,1262,625,317
Thoc2,511,1037,548,298
Thoc3,92,225,81,51
Thoc5,50,119,57,23
Thoc6,84,136,77,37
Thoc7,137,355,140,72
Thop1,74,136,71,51
Thpo,53,71,25,33
Thra,921,1665,804,521
Thrap3,171,429,196,100
Thrb,76,226,117,66
Thrsp,105,114,53,55
Thsd1,5,21,7,2
Thsd4,84,66,25,50
Thsd7a,245,641,264,171
Thsd7b,74,163,59,69
Thtpa,54,84,38,19
Thumpd1,43,120,39,20
Thumpd2,17,85,20,23
Thumpd3,103,229,114,83
Thy1,15312,7167,11477,1600
Thyn1,227,432,172,154
Tia1,1928,4125,1999,1405
Tial1,843,1815,904,546
Tiam1,345,692,299,215
Tiam2,69,264,103,38
Ticam1,4,5,7,1
Ticam2,0,2,0,0
Ticrr,6,17,6,9
Tie1,8,58,19,4
Tifa,18,22,17,5
Tifab,2,11,2,0
Tigar,51,139,88,29
Tigd2,359,1037,412,271
Tigd3,0,10,4,3
Tigd4,0,0,1,1
Tigd5,5,23,13,5
Tigit,0,0,0,0
Timd2,0,1,0,0
Timd4,0,1,0,0
Timeless,9,52,32,15
Timm10,73,195,86,46
Timm10b,316,845,330,169
Timm13,312,982,388,211
Timm17a,216,550,268,131
Timm17b,53,170,71,41
Timm21,92,262,104,72
Timm22,117,312,101,58
Timm23,29,67,21,18
Timm44,1391,3732,1746,1109
Timm50,158,431,192,111
Timm8a1,9,20,6,2
Timm8a2,0,0,1,0
Timm8b,339,949,428,174
Timm9,126,374,165,67
Timmdc1,97,312,110,45
Timp1,11,19,8,8
Timp2,601,1364,635,255
Timp3,254,643,257,194
Timp4,1075,2052,953,670
Tinag,1,2,1,0
Tinagl1,27,96,22,22
Tinf2,25,80,45,24
Tiparp,45,79,38,37
Tipin,34,89,26,19
Tiprl,67,146,81,39
Tirap,47,110,67,46
Tjap1,96,267,131,79
Tjp1,77,267,116,34
Tjp2,35,89,42,17
Tjp3,11,6,0,14
Tk1,7,12,3,2
Tk2,78,220,115,60
Tkfc,31,83,37,39
Tkt,360,1173,461,350
Tktl1,0,0,0,0
Tktl2,1,0,0,0
Tlcd1,102,301,119,71
Tlcd2,4,10,7,2
Tldc1,2,2,1,1
Tldc2,0,0,0,0
Tle1,108,196,94,75
Tle2,539,1742,874,447
Tle3,31,66,42,13
Tle4,182,562,265,174
Tle6,27,179,53,26
Tlk1,135,271,146,90
Tlk2,78,137,90,63
Tll1,5,4,10,4
Tll2,0,1,0,0
Tln1,128,467,171,88
Tln2,146,390,192,103
Tlr1,3,1,4,1
Tlr11,0,0,0,0
Tlr12,2,7,7,0
Tlr13,1,9,8,1
Tlr2,13,18,9,3
Tlr3,49,79,38,10
Tlr4,3,2,3,2
Tlr5,0,1,0,0
Tlr6,2,3,4,0
Tlr7,7,14,5,1
Tlr8,0,0,0,0
Tlr9,2,0,0,0
Tlx1,0,0,0,0
Tlx1os,0,0,0,0
Tlx2,0,1,0,4
Tlx3,0,0,0,0
Tm2d1,363,1142,373,173
Tm2d2,545,1497,503,302
Tm2d3,839,2687,923,481
Tm4sf1,91,253,89,29
Tm4sf19,0,0,0,0
Tm4sf20,1,7,0,3
Tm4sf4,0,2,0,0
Tm4sf5,3,7,2,0
Tm6sf1,133,534,253,84
Tm6sf2,16,39,19,6
Tm7sf2,85,289,156,64
Tm7sf3,200,376,183,120
Tm9sf1,106,288,121,69
Tm9sf2,467,1149,559,429
Tm9sf3,438,989,485,249
Tm9sf4,399,1264,627,332
Tma16,86,223,91,57
Tma7,445,1145,513,219
Tmbim1,484,1071,562,424
Tmbim4,589,1826,701,485
Tmbim6,1660,4021,1586,1143
Tmbim7,0,0,1,0
Tmc1,0,9,6,0
Tmc2,3,4,1,3
Tmc3,3,6,2,3
Tmc4,155,449,265,143
Tmc5,0,0,0,1
Tmc6,52,83,41,32
Tmc7,29,51,21,12
Tmc8,7,9,5,4
Tmcc1,1080,2412,1081,762
Tmcc2,84,113,59,41
Tmcc3,130,296,127,62
Tmcc3os,0,1,1,0
Tmco1,894,2401,892,563
Tmco2,0,0,0,0
Tmco3,213,519,254,140
Tmco4,8,13,8,5
Tmco5,3,5,3,2
Tmco5b,1,1,0,0
Tmco6,123,341,154,99
Tmed1,152,483,180,93
Tmed10,709,1729,642,348
Tmed11,0,0,0,0
Tmed2,907,2305,861,485
Tmed3,268,897,366,185
Tmed4,641,1524,589,397
Tmed5,287,779,335,210
Tmed6,1,1,0,0
Tmed7,387,757,333,224
Tmed8,31,90,42,18
Tmed9,1616,3846,1478,870
Tmeff1,139,311,139,78
Tmeff2,647,1540,600,389
Tmem100,55,179,85,46
Tmem101,214,550,271,153
Tmem102,2,1,0,0
Tmem104,66,133,82,41
Tmem106a,12,18,12,1
Tmem106b,326,725,280,191
Tmem106c,156,447,235,104
Tmem107,194,575,235,132
Tmem108,2837,4217,1689,2025
Tmem109,376,875,341,222
Tmem11,63,239,82,46
Tmem110,105,249,114,56
Tmem114,44,37,14,23
Tmem115,217,436,209,178
Tmem116,67,208,73,50
Tmem117,37,40,25,12
Tmem119,54,304,66,20
Tmem120a,161,334,178,89
Tmem120b,73,163,74,42
Tmem121,185,545,240,177
Tmem123,44,86,29,15
Tmem125,17,69,14,13
Tmem126a,342,832,382,213
Tmem126b,87,228,103,58
Tmem127,171,446,234,127
Tmem128,335,972,396,218
Tmem129,102,358,160,113
Tmem130,302,964,470,245
Tmem131,208,468,244,152
Tmem132a,813,2755,1166,578
Tmem132b,380,905,459,254
Tmem132c,20,86,51,12
Tmem132cos,1,0,0,0
Tmem132d,14,163,88,15
Tmem132e,45,135,73,19
Tmem135,98,281,117,59
Tmem136,105,323,150,96
Tmem138,269,695,282,153
Tmem139,0,1,0,0
Tmem140,16,34,16,7
Tmem141,67,184,67,40
Tmem143,55,173,56,34
Tmem144,51,89,29,23
Tmem145,1014,3329,1697,828
Tmem147,1002,2461,1019,558
Tmem147os,25,50,22,13
Tmem14a,273,895,320,152
Tmem14c,335,916,334,184
Tmem150a,352,708,407,245
Tmem150b,2,10,5,3
Tmem150c,305,301,138,174
Tmem150cos,2,5,0,3
Tmem151a,715,2156,895,620
Tmem151b,193,414,221,127
Tmem154,2,3,1,0
Tmem156,2,3,0,1
Tmem158,521,2175,792,382
Tmem159,38,160,65,24
Tmem160,320,892,361,144
Tmem161a,194,501,218,172
Tmem161b,134,347,123,96
Tmem163,59,299,121,32
Tmem164,53,169,88,42
Tmem165,235,774,289,140
Tmem167,287,867,348,151
Tmem167b,66,91,50,18
Tmem168,90,268,97,64
Tmem169,52,78,46,18
Tmem17,61,162,65,44
Tmem170,1,3,2,0
Tmem170b,43,116,65,26
Tmem171,10,8,6,5
Tmem173,10,46,18,5
Tmem174,0,0,2,0
Tmem175,364,906,375,262
Tmem176a,397,628,464,182
Tmem176b,533,891,581,285
Tmem177,17,64,18,15
Tmem178,481,1038,409,300
Tmem178b,195,577,289,116
Tmem179,887,2179,1095,595
Tmem18,87,165,85,40
Tmem180,123,311,127,69
Tmem181a,289,927,376,219
Tmem182,0,1,0,0
Tmem183a,71,171,73,44
Tmem184a,0,4,0,5
Tmem184b,134,440,204,118
Tmem184c,227,407,210,106
Tmem185b,134,287,139,118
Tmem186,48,126,45,36
Tmem189,141,331,149,71
Tmem19,184,463,226,124
Tmem190,0,0,0,0
Tmem191c,2934,8766,3888,1916
Tmem192,118,359,138,66
Tmem194,25,64,23,22
Tmem194b,17,41,23,10
Tmem196,1,23,7,2
Tmem198,242,648,309,225
Tmem198b,68,153,65,45
Tmem199,221,592,238,154
Tmem2,38,111,62,32
Tmem200a,65,132,65,57
Tmem200b,0,1,0,0
Tmem200c,47,202,74,47
Tmem201,268,680,307,193
Tmem202,7,23,9,7
Tmem203,99,274,100,66
Tmem204,17,48,24,4
Tmem205,623,1233,543,313
Tmem206,55,151,63,30
Tmem207,0,0,1,0
Tmem208,989,2765,1173,592
Tmem209,73,185,95,49
Tmem210,1,0,0,0
Tmem211,0,1,0,0
Tmem212,24,29,1,4
Tmem213,0,0,0,0
Tmem214,413,1060,499,301
Tmem215,18,196,74,15
Tmem216,130,350,166,98
Tmem217,0,2,1,0
Tmem218,87,376,136,61
Tmem219,131,328,130,78
Tmem220,11,30,14,13
Tmem221,3,2,1,0
Tmem222,367,1035,384,196
Tmem225,0,0,0,0
Tmem229a,92,175,77,40
Tmem229b,27,80,46,30
Tmem229b-ps,0,0,0,0
Tmem230,101,304,98,60
Tmem231,25,67,32,16
Tmem232,3,22,7,2
Tmem233,0,0,0,0
Tmem234,761,2266,882,471
Tmem235,0,1,1,0
Tmem236,1,1,3,0
Tmem237,204,502,198,132
Tmem238,54,141,44,21
Tmem239,0,0,0,0
Tmem240,131,433,181,95
Tmem241,17,45,32,12
Tmem242,99,314,131,74
Tmem243,1139,3543,1506,960
Tmem245,294,899,437,227
Tmem246,484,1322,539,363
Tmem247,0,0,0,0
Tmem248,177,460,188,109
Tmem25,253,625,279,192
Tmem251,76,311,99,55
Tmem252,6,17,6,1
Tmem253,1,3,1,0
Tmem254a,0,0,0,0
Tmem254b,0,0,1,0
Tmem254c,0,1,1,0
Tmem255a,96,195,105,76
Tmem255b,5,27,18,14
Tmem256,543,1563,680,310
Tmem258,465,1159,413,215
Tmem259,377,999,483,269
Tmem26,1,1,1,1
Tmem260,109,283,132,99
Tmem261,87,216,97,36
Tmem263,40,103,57,17
Tmem265,0,0,0,0
Tmem266,25,75,30,18
Tmem27,3,2,0,4
Tmem28,22,28,16,8
Tmem29,74,218,88,71
Tmem30a,937,2292,1018,639
Tmem30b,0,5,2,0
Tmem30c,6,25,16,11
Tmem33,594,1473,568,361
Tmem35,369,934,403,174
Tmem37,30,116,47,15
Tmem38a,595,1435,566,372
Tmem38b,118,187,84,85
Tmem39a,60,177,67,39
Tmem39b,185,395,193,142
Tmem40,2,26,5,3
Tmem41a,63,212,66,19
Tmem41b,258,645,253,154
Tmem42,111,343,132,62
Tmem43,97,262,117,76
Tmem44,134,519,278,118
Tmem45a,7,16,12,4
Tmem45a2,1,1,1,1
Tmem45b,1,1,0,0
Tmem47,309,436,247,123
Tmem5,311,754,350,254
Tmem50a,1077,3277,1103,626
Tmem50b,123,309,114,67
Tmem51,19,59,21,15
Tmem51os1,4,13,8,4
Tmem52,13,23,8,5
Tmem52b,0,0,0,0
Tmem53,65,171,77,37
Tmem54,0,1,0,0
Tmem55a,86,138,65,28
Tmem55b,466,1192,545,282
Tmem56,80,368,142,71
Tmem57,426,1421,638,308
Tmem59,1702,4522,1763,1139
Tmem59l,3239,6890,2991,2467
Tmem60,366,1228,440,256
Tmem61,0,0,0,0
Tmem62,140,349,175,126
Tmem63a,47,113,45,32
Tmem63b,945,2205,1237,707
Tmem63c,53,138,49,21
Tmem64,51,137,51,21
Tmem65,19,90,40,13
Tmem67,108,293,160,75
Tmem68,393,999,351,266
Tmem69,32,63,28,18
Tmem70,147,347,151,89
Tmem71,2,2,2,0
Tmem72,11,13,4,21
Tmem74,4,4,2,3
Tmem74b,14,80,28,11
Tmem74bos,3,13,3,2
Tmem79,11,25,12,5
Tmem8,82,175,88,48
Tmem80,308,766,340,179
Tmem81,13,18,5,5
Tmem82,7,17,5,8
Tmem86a,106,331,126,77
Tmem86b,24,72,45,26
Tmem87a,81,199,86,39
Tmem87b,211,513,240,158
Tmem88,31,65,23,24
Tmem88b,60,127,58,27
Tmem89,1,1,4,0
Tmem8b,118,264,137,87
Tmem8c,1,0,1,1
Tmem9,519,1245,551,317
Tmem91,460,2160,908,436
Tmem92,0,1,0,0
Tmem94,147,453,214,126
Tmem95,0,0,0,0
Tmem97,168,644,225,112
Tmem98,30,58,26,16
Tmem9b,602,1480,519,367
Tmf1,183,326,163,148
Tmie,13,51,28,3
Tmigd1,0,1,0,1
Tmigd3,6,2,5,0
Tmlhe,5,18,13,2
Tmod1,308,965,505,177
Tmod2,299,650,285,128
Tmod3,31,104,51,27
Tmod4,0,5,5,1
Tmpo,50,147,53,25
Tmppe,72,208,105,51
Tmprss11a,6,3,1,5
Tmprss11b,1,0,0,0
Tmprss11c,0,0,0,0
Tmprss11d,1,1,1,2
Tmprss11e,3,1,0,0
Tmprss11f,0,0,0,0
Tmprss11g,1,1,0,0
Tmprss12,0,0,0,0
Tmprss13,0,0,0,0
Tmprss15,0,0,0,0
Tmprss2,0,0,0,1
Tmprss3,0,0,0,1
Tmprss4,0,2,1,0
Tmprss5,5,11,4,4
Tmprss6,1,11,3,2
Tmprss7,3,18,4,1
Tmprss9,3,10,2,6
Tmsb10,742,2024,896,367
Tmsb15a,0,0,0,0
Tmsb15b1,8,31,13,12
Tmsb15b2,13,17,8,6
Tmsb15l,7,10,4,5
Tmsb4x,3447,5417,2638,1079
Tmtc1,50,238,93,51
Tmtc2,100,328,126,64
Tmtc3,105,293,116,81
Tmtc4,60,144,73,37
Tmub1,115,399,140,84
Tmub2,311,761,309,200
Tmx1,321,829,340,213
Tmx2,1421,3547,1451,939
Tmx3,243,589,284,182
Tmx4,1017,2579,1089,648
Tnc,9,25,9,5
Tnf,0,1,1,0
Tnfaip1,99,233,129,63
Tnfaip2,3,8,2,2
Tnfaip3,2,9,3,2
Tnfaip6,126,434,102,79
Tnfaip8,15,50,26,18
Tnfaip8l1,9,25,5,2
Tnfaip8l2,10,9,16,0
Tnfaip8l3,4,10,1,6
Tnfrsf10b,5,7,6,5
Tnfrsf11a,11,35,22,3
Tnfrsf11b,5,25,17,10
Tnfrsf12a,48,138,64,22
Tnfrsf13b,4,17,1,2
Tnfrsf13c,3,2,3,1
Tnfrsf14,0,0,1,0
Tnfrsf17,2,12,6,1
Tnfrsf18,4,4,3,2
Tnfrsf19,173,424,194,105
Tnfrsf1a,86,119,60,31
Tnfrsf1b,12,9,5,1
Tnfrsf21,420,685,379,313
Tnfrsf22,7,9,3,2
Tnfrsf23,4,34,23,5
Tnfrsf25,186,121,52,89
Tnfrsf26,0,2,0,0
Tnfrsf4,24,51,12,7
Tnfrsf8,1,13,3,0
Tnfrsf9,20,70,22,20
Tnfsf10,3,12,7,1
Tnfsf11,1,0,2,1
Tnfsf12,18,46,21,10
Tnfsf13,1,1,1,0
Tnfsf13b,14,29,19,1
Tnfsf13os,2,7,6,2
Tnfsf14,1,0,1,0
Tnfsf15,1,1,1,0
Tnfsf18,0,1,0,0
Tnfsf4,0,0,0,0
Tnfsf8,4,8,8,2
Tnfsf9,5,11,9,1
Tnfsfm13,2,7,3,4
Tnik,1481,3753,1685,1151
Tnip1,29,97,47,13
Tnip2,136,274,110,79
Tnip3,0,5,3,0
Tnk1,1,11,2,6
Tnk2,128,324,198,77
Tnk2os,0,1,0,1
Tnks,13,51,23,12
Tnks1bp1,78,154,88,33
Tnks2,122,314,129,76
Tnmd,0,5,6,0
Tnn,0,2,0,0
Tnnc1,41,175,83,35
Tnnc2,0,1,1,0
Tnni1,34,80,17,13
Tnni2,7,0,5,1
Tnni3,9,28,15,8
Tnni3k,0,0,1,3
Tnnt1,8,27,7,2
Tnnt2,18,114,68,22
Tnnt3,0,0,0,0
Tnp1,0,0,0,0
Tnp2,0,1,2,0
Tnpo1,77,200,115,57
Tnpo2,83,187,120,74
Tnpo3,374,842,424,225
Tnr,388,846,450,263
Tnrc18,216,455,201,136
Tnrc6a,484,1594,719,335
Tnrc6b,388,1021,442,283
Tnrc6c,740,1447,723,567
Tns1,61,149,54,17
Tns2,24,72,32,15
Tns3,77,91,42,29
Tns4,3,8,4,1
Tnxb,73,52,22,52
Tob1,207,537,213,171
Tob2,58,170,71,33
Toe1,50,134,48,25
Tollip,39,97,56,26
Tom1,43,122,59,32
Tom1l1,53,234,84,43
Tom1l2,91,248,124,56
Tomm20,933,2764,903,506
Tomm20l,3,32,8,4
Tomm22,316,836,356,172
Tomm34,130,289,127,78
Tomm40,381,1078,511,274
Tomm40l,145,389,170,103
Tomm5,142,379,152,73
Tomm6,104,255,113,58
Tomm6os,42,80,39,29
Tomm7,317,691,319,152
Tomm70a,67,196,131,50
Tomt,0,2,1,0
Tonsl,478,1217,569,319
Top1,908,2283,1012,636
Top1mt,27,60,26,15
Top2a,8,18,10,0
Top2b,156,356,194,97
Top3a,4,19,4,8
Top3b,362,901,415,286
Topaz1,0,1,0,0
Topbp1,90,236,132,68
Topors,66,172,74,40
Toporsl,0,0,0,0
Toporsos,44,107,37,27
Tor1a,292,617,225,177
Tor1aip1,121,267,97,48
Tor1aip2,81,215,86,53
Tor1b,103,211,102,59
Tor2a,258,654,298,173
Tor3a,68,143,75,42
Tor4a,4,9,3,1
Tox,213,906,382,290
Tox2,36,71,43,25
Tox3,22,84,33,15
Tox4,205,512,221,153
Tpbg,69,400,196,60
Tpbgl,21,35,6,6
Tpbpa,0,0,0,0
Tpbpb,0,0,0,0
Tpcn1,224,491,235,149
Tpcn2,23,25,19,8
Tpd52,102,338,158,55
Tpd52l1,36,102,34,27
Tpd52l2,123,367,173,90
Tpgs1,149,407,182,94
Tpgs2,78,151,80,34
Tph1,0,2,0,0
Tph2,2,0,0,1
Tpi1,521,1346,627,345
Tpk1,6,35,20,9
Tpm1,333,1038,454,205
Tpm2,26,257,33,23
Tpm3,247,719,378,187
Tpm3-rs7,11,18,12,8
Tpm4,39,111,51,13
Tpmt,20,52,24,13
Tpo,1,9,4,0
Tpp1,281,631,285,150
Tpp2,182,475,221,124
Tppp,125,306,152,56
Tppp2,0,0,0,0
Tppp3,64,146,61,46
Tpr,566,1507,656,470
Tpra1,208,550,273,152
Tprg,0,0,0,0
Tprgl,152,413,171,82
Tprkb,200,497,205,124
Tprn,23,28,16,10
Tpsab1,0,0,0,0
Tpsb2,0,0,0,0
Tpsg1,2,1,0,0
Tpst1,253,456,189,180
Tpst2,197,397,159,135
Tpt1,731,1366,758,276
Tpte,0,0,0,0
Tpx2,1,3,1,1
Tra2a,912,2822,1025,605
Tra2b,1050,2479,1259,899
Trabd,91,217,102,48
Trabd2b,14,119,49,18
Tradd,48,93,53,35
Traf1,2,4,2,1
Traf2,17,51,20,15
Traf3,47,65,35,22
Traf3ip1,88,195,105,64
Traf3ip2,11,16,6,5
Traf3ip3,4,7,7,1
Traf4,22,72,31,26
Traf5,4,35,16,4
Traf6,19,55,15,4
Traf7,202,432,221,123
Trafd1,190,522,271,127
Traip,162,222,101,95
Trak1,71,199,74,48
Trak2,65,164,89,32
Tram1,206,482,219,158
Tram1l1,360,1186,471,350
Tram2,8,18,6,7
Trank1,177,580,258,101
Trap1,121,237,143,73
Trap1a,0,0,0,0
Trappc1,307,722,361,178
Trappc10,42,159,77,39
Trappc11,71,160,74,44
Trappc12,71,208,90,35
Trappc13,63,178,73,33
Trappc2,65,161,67,43
Trappc2l,303,634,298,186
Trappc3,276,752,299,166
Trappc3l,1,1,1,0
Trappc4,157,375,166,87
Trappc5,266,784,263,156
Trappc6a,94,211,99,68
Trappc6b,213,658,271,147
Trappc8,53,104,58,36
Trappc9,50,144,58,45
Trat1,1,1,0,0
Trcg1,0,0,0,0
Trdmt1,20,38,14,8
Trdn,10,51,29,9
Treh,1,1,0,1
Trem1,0,0,0,0
Trem2,685,680,844,43
Trem3,0,1,0,0
Treml1,2,3,0,0
Treml2,0,0,2,0
Treml4,1,4,2,0
Trex1,0,0,0,0
Trex2,0,0,0,0
Trf,1975,2165,1340,653
Trh,2,151,78,24
Trhde,393,1322,518,357
Trhr,31,52,28,16
Trhr2,0,13,14,0
Triap1,66,179,77,23
Trib1,22,105,31,7
Trib2,56,195,71,52
Trib3,5,13,4,3
Tril,143,398,174,146
Trim10,0,0,0,0
Trim11,84,241,113,54
Trim12a,34,63,37,21
Trim12c,13,19,8,7
Trim13,61,129,41,27
Trim14,2,3,2,1
Trim15,0,0,0,0
Trim16,6,9,11,0
Trim17,11,27,11,14
Trim2,1036,1656,836,580
Trim21,1,3,2,1
Trim23,79,145,96,50
Trim24,83,159,75,46
Trim25,8,24,10,2
Trim26,234,632,264,176
Trim27,41,115,53,46
Trim28,248,522,267,161
Trim29,0,0,0,0
Trim3,152,430,232,115
Trim30a,16,18,10,0
Trim30b,0,0,0,0
Trim30c,0,0,0,0
Trim30d,3,8,6,2
Trim31,0,0,0,0
Trim32,93,241,107,59
Trim33,100,199,85,63
Trim34a,14,15,7,6
Trim34b,0,1,0,0
Trim35,157,332,155,80
Trim36,1,12,3,2
Trim37,91,270,131,79
Trim38,0,0,1,0
Trim39,34,113,44,25
Trim40,1,0,0,1
Trim41,119,251,98,58
Trim42,1,1,0,0
Trim43a,6,22,9,8
Trim43b,1,3,0,1
Trim43c,9,13,8,9
Trim44,216,568,256,211
Trim45,9,34,10,4
Trim46,275,590,283,160
Trim47,15,39,15,3
Trim5,5,8,5,4
Trim50,2,1,0,0
Trim52,0,0,0,0
Trim54,0,9,4,0
Trim55,0,0,0,0
Trim56,10,23,8,6
Trim58,0,0,0,0
Trim59,57,205,51,32
Trim6,1,3,2,6
Trim60,0,0,0,0
Trim62,12,30,21,11
Trim63,3,3,3,1
Trim65,13,43,20,12
Trim66,15,132,63,20
Trim67,7,5,8,6
Trim68,15,41,24,9
Trim69,0,0,0,0
Trim7,27,102,33,19
Trim71,3,5,2,3
Trim72,1,1,1,0
Trim75,0,0,0,0
Trim8,123,204,95,65
Trim80,0,0,0,0
Trim9,452,1205,620,306
Triml1,0,0,0,0
Triml2,0,1,1,0
Trio,248,371,226,122
Triobp,14,37,13,6
Trip10,10,31,13,5
Trip11,119,268,145,68
Trip12,253,579,307,184
Trip13,10,4,4,2
Trip4,170,378,189,129
Trip6,63,121,60,45
Triqk,8,33,11,7
Trit1,44,129,54,29
Trmo,7,14,9,5
Trmt1,1054,2442,1249,648
Trmt10a,172,775,229,113
Trmt10b,44,120,32,19
Trmt10c,26,102,43,20
Trmt11,44,96,46,21
Trmt112,175,394,204,112
Trmt12,16,54,21,11
Trmt13,193,525,233,141
Trmt1l,843,1896,846,619
Trmt2a,403,833,428,299
Trmt2b,19,65,23,13
Trmt44,48,104,49,33
Trmt5,12,30,21,7
Trmt6,52,127,52,31
Trmt61a,37,118,42,16
Trmu,244,710,334,204
Trnau1ap,369,962,442,303
Trnp1,64,178,69,43
Trnt1,110,301,155,82
Tro,334,895,424,215
Troap,5,1,4,0
Trove2,160,385,200,97
Trp53,170,393,184,100
Trp53bp1,184,450,188,116
Trp53bp2,46,99,30,27
Trp53cor1,0,3,2,0
Trp53i11,136,375,162,61
Trp53i13,86,188,55,50
Trp53inp1,18,29,13,8
Trp53inp2,56,144,75,23
Trp53rka,38,104,45,30
Trp53rkb,70,206,83,38
Trp53tg5,0,0,0,0
Trp63,2,4,1,1
Trp73,2,4,1,1
Trp73os,0,0,0,0
Trpa1,1,1,2,0
Trpc1,442,1500,558,304
Trpc2,0,0,0,0
Trpc3,30,90,44,16
Trpc4,668,451,251,522
Trpc4ap,256,644,318,206
Trpc5,242,351,156,162
Trpc5os,2,7,1,0
Trpc6,105,121,51,66
Trpc7,19,70,26,11
Trpd52l3,0,0,0,0
Trpm1,4,6,2,0
Trpm2,133,356,188,89
Trpm3,100,126,54,118
Trpm4,59,222,90,47
Trpm5,0,0,0,1
Trpm6,1,15,7,1
Trpm7,371,909,451,257
Trpm8,0,0,0,0
Trps1,610,1411,650,464
Trpt1,28,63,35,19
Trpv1,0,5,1,2
Trpv2,136,427,221,120
Trpv3,2,4,4,0
Trpv4,14,15,6,31
Trpv5,0,0,1,0
Trpv6,6,56,16,10
Trrap,374,793,431,307
Trub1,147,456,193,125
Trub2,292,676,321,208
Try10,0,0,0,0
Try4,0,0,0,0
Try5,0,0,0,0
Tsacc,15,30,13,6
Tsc1,482,1288,671,442
Tsc2,179,336,166,115
Tsc22d1,584,1782,666,360
Tsc22d2,175,438,217,151
Tsc22d3,81,263,106,67
Tsc22d4,346,816,369,233
Tsen15,169,481,192,124
Tsen2,144,308,165,122
Tsen34,74,257,108,69
Tsen54,83,179,98,39
Tsfm,136,333,140,70
Tsg101,172,368,191,99
Tsga10,94,169,106,61
Tsga10ip,0,0,1,0
Tsga13,0,4,2,0
Tsga8,0,0,1,0
Tshb,0,3,0,0
Tshr,2,8,4,0
Tshz1,37,127,78,17
Tshz2,973,1354,663,1235
Tshz3,63,239,127,64
Tsix,31,28,21,27
Tsks,4,15,2,3
Tsku,3,21,6,5
Tslp,1,4,3,0
Tsn,387,1096,460,212
Tsnax,184,542,298,127
Tsnaxip1,2,0,2,3
Tspan1,2,10,2,0
Tspan10,1,0,0,0
Tspan11,6,38,18,4
Tspan12,124,142,69,55
Tspan13,1606,3002,1144,926
Tspan14,78,223,102,59
Tspan15,150,282,106,100
Tspan17,291,914,398,191
Tspan18,52,21,6,24
Tspan2,125,239,70,28
Tspan2os,2,4,1,1
Tspan3,1922,4842,1850,1277
Tspan31,329,954,346,198
Tspan32,39,88,26,32
Tspan32os,0,2,0,0
Tspan33,207,459,190,180
Tspan4,144,265,130,56
Tspan5,425,1462,641,266
Tspan6,159,389,175,79
Tspan7,3016,7968,3347,1961
Tspan8,7,55,20,8
Tspan9,109,196,76,60
Tspear,0,5,0,0
Tspo,110,171,82,22
Tspo2,0,3,2,1
Tspyl1,58,204,89,59
Tspyl2,474,1190,566,361
Tspyl3,7,30,15,9
Tspyl4,201,684,275,169
Tspyl5,41,121,67,22
Tsr1,30,88,37,15
Tsr2,38,139,61,35
Tsr3,362,955,463,283
Tssc1,51,173,77,42
Tssc4,351,1055,457,268
Tssk1,0,0,0,0
Tssk2,0,0,0,0
Tssk3,6,11,5,4
Tssk4,2,5,3,2
Tssk5,0,0,0,0
Tssk6,0,3,0,0
Tst,93,191,74,37
Tsta3,184,465,202,153
Tstd1,26,39,16,21
Tstd2,47,129,60,25
Tstd3,36,80,40,36
Tsx,0,3,2,0
Ttbk1,16,55,27,7
Ttbk2,91,224,108,44
Ttc1,130,347,173,98
Ttc12,8,10,6,6
Ttc13,267,551,276,184
Ttc14,3701,10175,4478,2502
Ttc16,4,5,3,1
Ttc17,136,314,151,74
Ttc19,1067,2706,1260,825
Ttc21a,15,20,12,10
Ttc21b,115,299,148,70
Ttc22,8,25,4,5
Ttc23,7,32,9,2
Ttc23l,0,0,0,0
Ttc24,0,0,1,0
Ttc25,9,58,27,19
Ttc26,55,128,89,52
Ttc27,36,106,49,31
Ttc28,38,84,58,12
Ttc29,1,0,0,0
Ttc3,2217,6515,2936,1635
Ttc30a1,11,22,5,3
Ttc30a2,2,1,0,0
Ttc30b,13,25,19,9
Ttc32,19,35,16,2
Ttc33,40,95,49,29
Ttc34,5,11,4,2
Ttc36,2,14,4,5
Ttc37,47,88,63,30
Ttc38,53,134,51,24
Ttc39a,10,37,18,9
Ttc39aos1,0,0,0,1
Ttc39b,76,293,112,54
Ttc39c,64,141,49,32
Ttc39d,1,2,2,2
Ttc4,488,1355,602,348
Ttc41,5,3,4,3
Ttc5,73,176,79,43
Ttc7,17,69,37,9
Ttc7b,107,323,153,48
Ttc8,146,289,140,100
Ttc9,6,21,13,8
Ttc9b,99,484,236,66
Ttc9c,123,338,154,86
Ttf1,103,276,148,95
Ttf2,6,15,4,10
Tti1,13,42,24,10
Tti2,37,92,33,31
Ttk,3,1,0,3
Ttl,32,161,59,33
Ttll1,31,111,50,30
Ttll10,0,1,1,0
Ttll11,22,56,31,23
Ttll12,19,42,11,11
Ttll13,8,31,5,4
Ttll2,0,0,0,0
Ttll3,63,138,55,55
Ttll4,44,83,60,39
Ttll5,57,105,65,25
Ttll6,2,0,0,1
Ttll7,619,2409,950,474
Ttll8,34,130,48,29
Ttll9,3,14,5,4
Ttn,13,21,11,9
Ttpa,4,11,9,2
Ttpal,81,212,100,57
Ttr,16549,4109,853,22902
Ttyh1,1154,3254,1580,699
Ttyh2,137,344,139,88
Ttyh3,307,730,395,206
Tub,342,604,332,225
Tuba1a,843,1759,957,462
Tuba1b,428,962,588,298
Tuba1c,6,14,2,2
Tuba3a,0,0,1,0
Tuba3b,0,0,0,0
Tuba4a,230,772,353,156
Tuba8,6,23,15,7
Tubal3,0,0,0,0
Tubb1,0,0,0,0
Tubb2a,563,1015,497,393
Tubb2b,242,239,163,99
Tubb3,204,731,307,152
Tubb4a,170,439,155,99
Tubb4b,318,805,328,175
Tubb5,367,924,434,233
Tubb6,0,8,3,0
Tubd1,21,40,26,6
Tube1,11,14,6,4
Tubg1,70,164,88,51
Tubg2,158,347,171,118
Tubgcp2,127,206,109,69
Tubgcp3,64,200,118,47
Tubgcp4,140,502,196,112
Tubgcp5,221,504,246,154
Tubgcp6,35,95,25,20
Tufm,29,70,34,16
Tuft1,7,13,17,12
Tulp1,1,3,3,1
Tulp2,0,2,0,0
Tulp2-1,0,0,0,0
Tulp2-2,0,0,0,0
Tulp3,239,526,265,180
Tulp4,409,942,493,324
Tunar,7,4,5,1
Tusc1,5,13,6,4
Tusc2,100,245,101,64
Tusc3,1540,4410,1612,1035
Tusc5,1,2,1,0
Tut1,32,110,48,30
Tvp23a,54,134,61,35
Tvp23b,235,496,211,127
Tvp23bos,2,4,5,0
Twf1,81,184,79,39
Twf2,139,493,191,96
Twist1,3,2,0,3
Twist2,12,31,13,5
Twistnb,68,212,95,52
Twsg1,49,97,35,26
Txk,1,4,1,2
Txlna,130,324,147,85
Txlnb,6,7,3,1
Txlng,64,232,97,66
Txn1,148,424,163,93
Txn2,241,557,270,145
Txndc11,312,948,487,266
Txndc12,145,469,162,95
Txndc15,1046,2789,1101,756
Txndc16,178,484,205,136
Txndc17,132,381,129,71
Txndc2,0,1,0,0
Txndc5,270,663,266,162
Txndc8,1,0,0,0
Txndc9,275,721,317,180
Txnip,23,107,27,19
Txnl1,109,261,134,48
Txnl4a,68,149,74,26
Txnl4b,9,15,9,4
Txnrd1,37,94,56,31
Txnrd2,63,152,89,50
Txnrd3,4,19,11,2
Tyk2,86,173,99,43
Tymp,1,5,3,1
Tyms,78,148,55,59
Tyr,2,6,1,2
Tyro3,271,1425,609,234
Tyrobp,634,477,660,21
Tyrp1,2,2,0,2
Tysnd1,41,96,45,20
Tyw1,127,319,138,109
Tyw3,28,60,30,13
Tyw5,152,333,168,88
U2af1,310,669,357,194
U2af1l4,225,334,204,272
U2af1l4-1,6,13,2,3
U2af2,176,396,199,115
U2surp,1118,3606,1491,852
U90926,1,2,0,0
Uaca,17,61,17,5
Uap1,58,150,73,41
Uap1l1,64,185,81,48
Uba1,157,294,147,73
Uba1y,0,2,0,1
Uba2,211,530,224,162
Uba3,156,436,162,97
Uba5,138,373,153,98
Uba52,604,1144,464,163
Uba6,124,289,143,82
Uba7,19,15,5,6
Ubac1,87,246,99,62
Ubac2,288,664,339,232
Ubald1,145,333,144,83
Ubald2,97,230,100,41
Ubap1,54,115,44,31
Ubap1l,3,10,2,1
Ubap2,176,462,244,122
Ubap2l,1015,2161,1176,768
Ubash3a,0,0,0,1
Ubash3b,62,102,70,24
Ubb,2148,5695,2165,1173
Ubc,671,1790,725,377
Ubd,0,0,0,0
Ube2a,43,114,59,34
Ube2b,396,1150,501,232
Ube2c,3,3,3,0
Ube2cbp,5,8,9,3
Ube2d1,127,338,139,81
Ube2d2a,207,481,199,149
Ube2d2b,1,0,0,1
Ube2d3,475,1068,513,278
Ube2d4,0,0,0,0
Ube2dnl1,0,0,0,0
Ube2dnl2,0,0,0,0
Ube2e1,254,533,255,173
Ube2e2,308,745,285,219
Ube2e3,186,402,210,111
Ube2f,90,240,124,74
Ube2g1,184,564,251,133
Ube2g2,74,140,72,57
Ube2h,72,145,72,36
Ube2i,102,308,110,70
Ube2j1,86,157,96,37
Ube2j2,170,420,197,104
Ube2k,338,734,384,192
Ube2l3,138,259,139,74
Ube2l6,13,28,10,6
Ube2m,96,206,114,54
Ube2n,308,704,343,183
Ube2o,147,405,204,85
Ube2q1,89,208,106,68
Ube2q2,65,215,102,50
Ube2ql1,62,157,69,33
Ube2r2,111,292,154,84
Ube2s,123,378,138,65
Ube2t,5,18,5,3
Ube2u,0,2,2,0
Ube2uos,0,0,0,0
Ube2v1,44,41,47,30
Ube2v2,288,761,346,188
Ube2w,135,372,203,92
Ube2z,33,90,46,19
Ube3a,19281,48610,23027,16481
Ube3b,50,144,77,33
Ube3c,293,741,421,217
Ube4a,379,896,350,284
Ube4b,153,382,183,76
Ube4bos1,17,57,27,18
Ube4bos2,0,0,0,0
Ube4bos3,2,1,1,0
Ubfd1,75,210,103,58
Ubiad1,16,40,24,8
Ubl3,250,613,251,158
Ubl4a,59,181,68,46
Ubl4b,0,0,0,0
Ubl5,510,1092,488,225
Ubl7,69,261,106,36
Ublcp1,49,120,56,25
Ubn1,73,227,98,59
Ubn2,809,1918,994,610
Ubox5,15,33,19,11
Ubp1,251,553,306,189
Ubqln1,66,174,70,32
Ubqln2,97,264,128,86
Ubqln3,0,0,0,0
Ubqln4,63,146,77,34
Ubqlnl,0,0,0,0
Ubr1,122,326,143,85
Ubr2,217,518,211,134
Ubr3,230,539,274,124
Ubr4,138,340,177,76
Ubr5,294,579,257,184
Ubr7,92,236,101,48
Ubtd1,11,24,11,7
Ubtd2,1,15,6,1
Ubtf,194,499,231,145
Ubtfl1,0,0,0,0
Ubxn1,165,363,207,92
Ubxn10,5,5,2,3
Ubxn11,136,392,221,100
Ubxn2a,162,358,169,92
Ubxn2b,73,169,102,49
Ubxn4,561,1173,557,345
Ubxn6,295,704,309,203
Ubxn7,19,68,36,21
Ubxn8,130,347,127,80
Uchl1,1063,2514,1144,645
Uchl1os,18,33,15,9
Uchl3,109,216,127,92
Uchl4,80,182,67,60
Uchl5,72,187,78,43
Uck1,121,228,108,86
Uck2,20,38,23,14
Uckl1,288,606,309,218
Uckl1os,1,4,1,1
Ucma,24,33,12,12
Ucn,0,16,5,0
Ucn2,1,4,0,1
Ucn3,0,0,0,0
Ucp1,0,0,0,0
Ucp2,26,30,27,8
Ucp3,3,9,2,1
Uevld,46,101,39,22
Ufc1,166,391,176,123
Ufd1l,258,613,289,149
Ufl1,212,586,242,162
Ufm1,74,179,73,51
Ufsp1,34,103,43,23
Ufsp2,105,318,132,85
Ugcg,223,590,282,121
Ugdh,122,394,172,96
Uggt1,116,349,187,94
Uggt2,151,319,149,80
Ugp2,90,192,90,49
Ugt1a1,0,0,0,0
Ugt1a10,0,0,0,0
Ugt1a2,0,0,0,0
Ugt1a5,0,0,0,0
Ugt1a6a,1,3,1,0
Ugt1a6b,0,0,0,0
Ugt1a7c,0,0,1,0
Ugt1a8,0,0,0,0
Ugt1a9,0,0,0,0
Ugt2a1,0,0,0,0
Ugt2a2,0,0,0,0
Ugt2a3,0,0,0,0
Ugt2b1,0,0,0,0
Ugt2b34,0,0,0,0
Ugt2b35,0,0,0,0
Ugt2b36,0,0,0,0
Ugt2b37,0,0,0,0
Ugt2b38,0,0,0,0
Ugt2b5,0,0,0,0
Ugt3a1,0,0,0,0
Ugt3a2,0,0,0,0
Ugt8a,76,192,80,60
Uhmk1,89,182,114,54
Uhrf1,6,2,3,0
Uhrf1bp1,42,184,107,28
Uhrf1bp1l,107,281,132,77
Uhrf2,514,1215,516,341
Uimc1,136,362,183,104
Ulbp1,2,0,1,0
Ulk1,77,145,97,65
Ulk2,100,230,103,62
Ulk3,109,250,145,125
Ulk4,311,797,412,313
Umad1,61,227,87,35
Umad1-1,0,0,0,0
Umod,0,0,0,0
Umodl1,2,2,0,0
Umps,27,29,16,5
Unc119,49,109,42,29
Unc119b,30,83,26,16
Unc13a,405,1021,488,309
Unc13b,204,648,302,190
Unc13c,39,301,117,50
Unc13d,24,42,38,30
Unc45a,225,575,275,204
Unc45b,6,14,5,0
Unc50,563,1459,609,329
Unc5a,370,459,259,233
Unc5b,45,130,46,24
Unc5c,347,664,310,185
Unc5cl,0,0,0,0
Unc5d,228,700,320,108
Unc79,228,445,246,138
Unc80,1489,4569,2197,923
Unc93a,0,1,0,0
Unc93b1,81,216,103,33
Uncx,8,12,5,3
Ung,9,30,13,5
Unk,69,156,96,70
Unkl,54,150,48,21
Uox,1,1,3,1
Upb1,3,22,11,4
Upf1,82,190,127,62
Upf2,636,1890,825,643
Upf3a,61,160,52,49
Upf3b,358,962,454,328
Upk1a,8,20,9,2
Upk1b,3,22,12,2
Upk2,0,0,0,0
Upk3a,2,3,3,0
Upk3b,0,0,0,0
Upk3bl,0,0,0,0
Upp1,10,8,3,3
Upp2,57,127,45,31
Uprt,2,1,1,0
Uqcc1,84,202,95,58
Uqcc2,273,686,317,140
Uqcc3,135,373,162,60
Uqcr10,695,1651,725,309
Uqcr11,713,1257,712,273
Uqcrb,496,1186,487,236
Uqcrc1,443,1046,471,264
Uqcrc2,178,419,216,107
Uqcrfs1,157,476,196,99
Uqcrh,646,1256,632,238
Uqcrq,601,1408,657,286
Urad,0,0,0,0
Urah,0,4,9,3
Urb1,102,303,126,76
Urb2,17,31,12,1
Urgcp,110,227,103,79
Uri1,94,284,113,63
Urm1,297,776,362,208
Uroc1,0,0,0,0
Urod,66,226,78,49
Uros,205,477,237,157
Usb1,20,46,17,16
Use1,362,915,395,215
Usf1,52,106,52,33
Usf2,204,544,212,159
Usf3,42,80,34,18
Ush1c,0,2,0,0
Ush1g,1,0,1,0
Ush2a,0,0,1,0
Ushbp1,8,36,12,2
Usmg5,803,1380,773,378
Uso1,190,315,173,136
Usp1,42,105,37,28
Usp10,92,274,106,72
Usp11,129,281,119,87
Usp12,309,705,291,158
Usp13,60,160,79,27
Usp14,338,935,380,211
Usp15,158,410,175,115
Usp16,249,692,265,206
Usp17la,1,3,1,2
Usp17lb,0,0,0,0
Usp17lc,0,0,0,0
Usp17ld,0,0,0,0
Usp17le,0,0,0,0
Usp18,9,18,11,5
Usp19,469,1153,592,339
Usp2,353,1381,544,250
Usp20,577,1229,591,378
Usp21,197,482,206,136
Usp22,173,425,177,105
Usp24,103,164,105,51
Usp25,70,176,85,56
Usp26,0,2,0,0
Usp27x,7,23,6,4
Usp28,53,128,60,42
Usp29,349,1216,557,346
Usp3,263,599,299,229
Usp30,71,133,69,58
Usp31,90,225,86,50
Usp32,134,333,139,91
Usp33,157,442,191,94
Usp34,370,917,423,267
Usp35,50,140,70,34
Usp36,182,519,252,165
Usp37,95,199,99,70
Usp38,19,51,19,12
Usp39,42,86,47,22
Usp4,293,856,445,196
Usp40,627,1428,712,453
Usp42,46,149,75,37
Usp43,5,15,9,4
Usp44,0,0,0,0
Usp45,58,166,76,46
Usp46,234,668,260,143
Usp46os1,0,0,0,0
Usp47,69,128,55,39
Usp48,118,364,178,73
Usp49,26,96,40,25
Usp5,154,321,173,71
Usp50,614,1310,604,505
Usp51,26,55,29,16
Usp53,236,565,300,178
Usp54,40,93,51,33
Usp6nl,16,48,29,13
Usp7,342,823,445,188
Usp8,86,263,118,71
Usp9x,365,917,450,219
Usp9y,0,0,0,0
Uspl1,59,119,64,32
Ust,75,74,27,34
Utf1,0,0,0,0
Utp11l,253,521,281,179
Utp14a,122,314,161,75
Utp14b,13,49,23,14
Utp15,49,106,70,28
Utp18,51,140,64,43
Utp20,117,271,125,92
Utp23,16,37,17,11
Utp3,100,372,128,78
Utp6,24,56,29,13
Utrn,65,198,104,29
Uts2,0,0,0,0
Uts2b,0,0,0,0
Uts2r,1,1,2,0
Uty,249,592,332,210
Uvrag,202,591,233,158
Uvssa,395,846,440,296
Uxs1,359,1048,409,259
Uxt,29,71,37,14
V1ra8,0,0,0,0
V1rd19,0,0,0,0
Vac14,52,173,79,46
Vamp1,91,296,137,96
Vamp2,501,1575,759,416
Vamp3,82,222,91,61
Vamp4,95,307,151,81
Vamp5,21,60,18,7
Vamp7,48,100,48,35
Vamp8,57,80,58,10
Vangl1,25,54,17,8
Vangl2,138,380,148,101
Vapa,155,414,208,107
Vapb,111,333,136,86
Vars,137,293,153,109
Vars2,61,141,70,48
Vash1,92,161,97,70
Vash2,5,17,1,2
Vasn,43,126,58,28
Vasp,87,184,100,63
Vat1,36,111,39,22
Vat1l,16,48,27,14
Vav1,4,5,4,1
Vav2,19,43,28,13
Vav3,78,84,36,43
Vax1,0,3,0,1
Vax2,0,0,0,0
Vax2os,2,4,4,4
Vbp1,128,316,149,107
Vcam1,96,284,160,112
Vcan,44,118,48,40
Vcl,88,205,83,87
Vcp,379,803,384,217
Vcpip1,79,206,91,65
Vcpkmt,27,102,37,26
Vdac1,351,828,410,218
Vdac2,276,619,286,124
Vdac3,179,446,200,136
Vdac3-ps1,7,16,3,4
Vdr,1,3,1,0
Vegfa,57,167,100,79
Vegfb,132,320,189,86
Vegfc,6,38,9,12
Veph1,1,1,3,1
Vezf1,43,151,64,28
Vezt,322,798,371,186
Vgf,881,4275,2114,1096
Vgll1,0,0,0,0
Vgll2,0,10,2,5
Vgll3,3,3,1,3
Vgll4,274,564,236,190
Vhl,26,55,32,18
Vil1,2,5,1,2
Vill,18,87,44,11
Vim,226,316,128,30
Vimp,1079,2951,1034,649
Vip,587,3117,1484,299
Vipas39,92,203,92,51
Vipr1,58,193,83,43
Vipr2,5,13,12,0
Vit,25,34,11,14
Vkorc1,125,309,150,90
Vkorc1l1,119,273,135,66
Vldlr,460,907,412,277
Vma21,179,471,193,92
Vma21-ps,0,1,3,0
Vmac,43,140,55,32
Vmn1r1,0,0,0,0
Vmn1r10,0,0,0,0
Vmn1r100,0,0,0,0
Vmn1r101,0,0,0,0
Vmn1r103,0,0,0,0
Vmn1r104,0,0,0,0
Vmn1r107,0,0,0,0
Vmn1r11,0,0,0,0
Vmn1r111,0,0,0,0
Vmn1r112,0,0,0,0
Vmn1r113,0,0,0,0
Vmn1r114,0,0,0,0
Vmn1r115,0,0,0,0
Vmn1r116,0,0,0,0
Vmn1r117,0,0,0,0
Vmn1r118,0,0,0,0
Vmn1r119,0,0,0,0
Vmn1r12,0,0,0,0
Vmn1r120,0,0,0,0
Vmn1r121,0,0,0,0
Vmn1r122,0,0,0,0
Vmn1r123,0,0,0,0
Vmn1r124,0,0,0,0
Vmn1r125,0,0,0,0
Vmn1r126,0,0,0,0
Vmn1r127,0,0,0,0
Vmn1r128,0,0,0,0
Vmn1r129,0,0,0,0
Vmn1r13,0,0,0,0
Vmn1r130,0,0,0,0
Vmn1r131,0,0,0,0
Vmn1r132,0,0,0,0
Vmn1r135,0,0,0,0
Vmn1r137,0,0,0,0
Vmn1r138,0,0,0,0
Vmn1r139,0,0,0,0
Vmn1r14,0,0,0,0
Vmn1r142,0,0,0,0
Vmn1r143,0,0,0,0
Vmn1r148,0,0,0,0
Vmn1r149,0,0,0,0
Vmn1r15,0,0,0,0
Vmn1r151,0,0,0,0
Vmn1r152,0,0,0,0
Vmn1r155,0,0,0,0
Vmn1r157,0,0,0,0
Vmn1r158,0,0,0,0
Vmn1r159,0,0,0,0
Vmn1r16,0,0,0,0
Vmn1r160,0,0,0,0
Vmn1r163,0,0,0,0
Vmn1r165,0,0,0,0
Vmn1r166,0,0,0,0
Vmn1r167,0,0,0,0
Vmn1r168,0,0,0,0
Vmn1r169,0,0,0,0
Vmn1r17,0,0,0,0
Vmn1r170,0,0,0,0
Vmn1r171,0,0,0,0
Vmn1r172,0,0,0,0
Vmn1r173,0,0,0,0
Vmn1r174,0,0,0,0
Vmn1r175,0,0,0,0
Vmn1r176,0,0,0,0
Vmn1r177,0,0,0,0
Vmn1r178,0,0,0,0
Vmn1r179,0,0,0,0
Vmn1r18,0,0,0,0
Vmn1r180,0,0,0,0
Vmn1r181,0,0,0,0
Vmn1r183,0,0,0,0
Vmn1r184,0,0,0,0
Vmn1r185,0,0,0,0
Vmn1r186,0,0,0,0
Vmn1r188,0,0,0,0
Vmn1r189,0,0,0,0
Vmn1r19,0,0,0,0
Vmn1r191,0,0,0,0
Vmn1r192,0,0,0,0
Vmn1r193,0,0,0,0
Vmn1r194,0,0,0,0
Vmn1r195,0,0,0,0
Vmn1r196,0,0,0,0
Vmn1r197,0,0,0,0
Vmn1r198,0,0,0,0
Vmn1r199,0,0,0,0
Vmn1r2,0,0,0,0
Vmn1r20,0,0,0,0
Vmn1r200,0,0,0,0
Vmn1r201,0,0,0,0
Vmn1r202,0,0,0,0
Vmn1r203,0,0,0,0
Vmn1r204,0,0,0,0
Vmn1r205,0,0,0,0
Vmn1r206,0,0,0,0
Vmn1r208,0,0,0,0
Vmn1r209,0,0,0,0
Vmn1r21,0,0,0,0
Vmn1r210,0,0,0,0
Vmn1r211,0,0,0,0
Vmn1r212,0,0,0,0
Vmn1r213,0,0,0,0
Vmn1r214,0,0,0,0
Vmn1r215,0,0,0,0
Vmn1r216,0,0,0,0
Vmn1r217,0,0,0,0
Vmn1r218,0,0,0,0
Vmn1r219,0,0,0,0
Vmn1r22,0,0,0,0
Vmn1r220,0,0,0,0
Vmn1r222,0,0,0,0
Vmn1r223,0,0,0,0
Vmn1r224,0,0,0,0
Vmn1r225,0,0,0,0
Vmn1r226,0,0,0,0
Vmn1r228,0,0,0,0
Vmn1r229,0,1,0,0
Vmn1r23,0,0,0,0
Vmn1r230,0,0,0,0
Vmn1r231,0,0,0,0
Vmn1r232,0,0,0,0
Vmn1r233,0,0,0,0
Vmn1r234,0,0,0,0
Vmn1r235,0,0,0,0
Vmn1r236,0,0,0,0
Vmn1r237,0,0,0,0
Vmn1r238,0,0,0,0
Vmn1r24,0,1,0,0
Vmn1r25,0,0,0,0
Vmn1r26,0,0,0,0
Vmn1r27,0,0,0,0
Vmn1r28,0,0,0,0
Vmn1r29,0,0,0,0
Vmn1r3,0,0,0,0
Vmn1r30,0,0,0,0
Vmn1r31,0,0,0,1
Vmn1r32,0,0,3,1
Vmn1r33,0,1,0,0
Vmn1r34,0,0,0,0
Vmn1r35,0,0,0,0
Vmn1r36,0,0,0,0
Vmn1r37,0,0,0,0
Vmn1r38,0,0,0,0
Vmn1r39,0,0,0,0
Vmn1r4,1,2,1,1
Vmn1r40,0,0,0,0
Vmn1r41,0,0,0,0
Vmn1r42,0,0,0,0
Vmn1r43,0,0,0,0
Vmn1r44,0,0,0,0
Vmn1r45,0,0,0,0
Vmn1r46,0,0,0,0
Vmn1r47,0,0,0,0
Vmn1r48,0,0,0,0
Vmn1r49,0,0,0,0
Vmn1r5,0,0,0,0
Vmn1r50,0,0,0,0
Vmn1r51,0,0,0,0
Vmn1r52,0,0,0,0
Vmn1r53,0,0,0,0
Vmn1r54,0,0,0,0
Vmn1r55,0,0,0,0
Vmn1r56,0,0,0,0
Vmn1r57,0,0,0,0
Vmn1r58,2,4,3,3
Vmn1r59,0,0,0,0
Vmn1r6,0,0,0,0
Vmn1r60,0,0,0,0
Vmn1r61,0,1,0,0
Vmn1r62,0,0,0,0
Vmn1r63,0,0,0,0
Vmn1r64,0,0,0,0
Vmn1r65,0,1,0,0
Vmn1r66,0,0,0,0
Vmn1r67,0,0,0,0
Vmn1r68,0,0,0,0
Vmn1r69,0,0,0,0
Vmn1r7,0,0,0,0
Vmn1r70,0,0,0,0
Vmn1r71,0,0,0,0
Vmn1r72,0,0,0,0
Vmn1r73,0,0,0,0
Vmn1r74,0,0,0,0
Vmn1r75,0,0,0,0
Vmn1r76,0,0,0,0
Vmn1r77,0,0,0,0
Vmn1r78,0,0,0,0
Vmn1r79,0,0,0,0
Vmn1r8,0,0,0,0
Vmn1r80,0,0,0,0
Vmn1r81,0,0,0,0
Vmn1r82,0,0,0,0
Vmn1r83,0,0,0,0
Vmn1r84,0,0,0,0
Vmn1r85,0,0,0,0
Vmn1r86,1,0,0,0
Vmn1r87,0,0,0,0
Vmn1r88,0,1,0,0
Vmn1r89,0,0,0,0
Vmn1r9,0,0,0,0
Vmn1r90,3,9,11,1
Vmn1r91,0,0,0,0
Vmn1r93,0,0,0,0
Vmn1r94,0,0,0,0
Vmn1r95,0,0,0,0
Vmn2r-ps104,0,0,0,0
Vmn2r-ps111,0,0,0,0
Vmn2r-ps130,0,0,1,0
Vmn2r1,2,0,0,1
Vmn2r10,0,0,0,0
Vmn2r100,0,0,0,0
Vmn2r101,0,0,0,0
Vmn2r102,0,0,0,0
Vmn2r103,0,0,0,0
Vmn2r104,0,0,0,0
Vmn2r105,0,0,0,0
Vmn2r106,0,0,0,0
Vmn2r107,0,0,0,0
Vmn2r108,0,0,0,0
Vmn2r109,0,0,0,0
Vmn2r11,0,0,0,0
Vmn2r110,0,0,0,0
Vmn2r111,0,0,0,0
Vmn2r112,0,0,0,0
Vmn2r113,0,0,0,0
Vmn2r114,0,0,0,0
Vmn2r115,0,0,0,0
Vmn2r116,0,0,0,0
Vmn2r117,0,0,0,0
Vmn2r118,0,0,0,0
Vmn2r12,0,0,0,0
Vmn2r120,0,0,0,0
Vmn2r121,0,0,0,0
Vmn2r122,0,0,0,0
Vmn2r124,0,0,0,0
Vmn2r125,0,0,0,0
Vmn2r13,0,0,0,0
Vmn2r14,0,0,0,0
Vmn2r15,0,0,0,0
Vmn2r16,0,0,0,0
Vmn2r17,0,0,0,0
Vmn2r18,0,0,0,0
Vmn2r19,0,0,0,0
Vmn2r2,2,3,1,0
Vmn2r20,0,0,0,0
Vmn2r21,0,0,0,0
Vmn2r22,0,0,0,0
Vmn2r23,0,0,0,0
Vmn2r24,0,0,0,0
Vmn2r25,0,0,0,0
Vmn2r26,0,0,0,0
Vmn2r27,0,1,1,0
Vmn2r28,0,1,0,0
Vmn2r29,4,3,1,1
Vmn2r3,0,0,0,0
Vmn2r30,0,0,0,0
Vmn2r31,0,0,0,0
Vmn2r32,0,0,0,0
Vmn2r33,0,0,0,0
Vmn2r34,0,0,0,0
Vmn2r35,0,0,0,0
Vmn2r36,0,0,0,0
Vmn2r37,0,0,0,0
Vmn2r38,0,0,0,0
Vmn2r39,0,0,0,0
Vmn2r4,0,0,0,0
Vmn2r40,0,0,0,0
Vmn2r41,0,0,0,0
Vmn2r42,0,0,0,0
Vmn2r43,0,0,0,0
Vmn2r44,0,0,0,0
Vmn2r45,0,0,0,0
Vmn2r46,0,0,0,0
Vmn2r47,0,0,0,0
Vmn2r48,0,0,0,0
Vmn2r49,0,0,0,0
Vmn2r5,0,0,0,0
Vmn2r50,0,0,0,0
Vmn2r51,0,0,0,0
Vmn2r52,0,0,0,0
Vmn2r53,0,0,0,1
Vmn2r54,0,0,0,1
Vmn2r55,0,0,0,0
Vmn2r56,0,0,0,0
Vmn2r57,0,0,0,0
Vmn2r58,0,0,0,0
Vmn2r59,0,0,0,0
Vmn2r6,0,0,0,0
Vmn2r60,0,0,0,0
Vmn2r61,0,0,0,0
Vmn2r62,0,0,0,0
Vmn2r63,0,0,0,0
Vmn2r65,0,0,0,0
Vmn2r66,0,0,0,0
Vmn2r67,0,0,0,0
Vmn2r68,0,0,0,0
Vmn2r69,0,0,0,0
Vmn2r7,0,1,1,0
Vmn2r70,0,0,0,0
Vmn2r71,0,0,0,0
Vmn2r72,0,0,0,0
Vmn2r73,0,0,0,0
Vmn2r74,0,0,0,0
Vmn2r75,0,0,0,0
Vmn2r76,0,0,0,0
Vmn2r77,0,0,0,0
Vmn2r78,0,0,0,0
Vmn2r79,0,0,0,0
Vmn2r8,0,0,0,0
Vmn2r80,0,0,0,0
Vmn2r81,0,0,0,0
Vmn2r82,0,0,0,0
Vmn2r83,0,0,0,0
Vmn2r84,5,47,20,6
Vmn2r85,5,9,4,3
Vmn2r86,0,2,0,2
Vmn2r87,4,12,11,4
Vmn2r88,0,0,0,0
Vmn2r89,0,0,0,0
Vmn2r9,0,0,0,0
Vmn2r90,0,0,0,0
Vmn2r91,0,0,0,0
Vmn2r92,0,0,0,0
Vmn2r93,0,0,0,0
Vmn2r94,0,0,0,0
Vmn2r95,0,0,0,0
Vmn2r96,0,0,0,0
Vmn2r97,0,0,0,0
Vmn2r98,0,0,0,0
Vmn2r99,0,0,0,0
Vmo1,0,3,1,0
Vmp1,1045,3164,1199,778
Vnn1,1,7,0,3
Vnn3,0,0,0,0
Vopp1,146,660,321,142
Vprbp,138,340,187,105
Vpreb1,1,4,1,6
Vpreb2,0,0,0,0
Vpreb3,0,1,1,0
Vps11,87,150,80,40
Vps13a,267,905,373,200
Vps13b,145,298,157,97
Vps13c,128,227,92,109
Vps13d,105,281,108,66
Vps16,333,753,418,229
Vps18,66,181,87,48
Vps25,9,27,11,6
Vps26a,48,98,56,19
Vps26b,51,109,53,36
Vps29,203,533,217,88
Vps33a,31,95,41,20
Vps33b,162,352,178,126
Vps35,103,294,115,74
Vps36,75,192,79,52
Vps37a,126,314,154,64
Vps37b,82,315,155,76
Vps37c,31,49,17,24
Vps37d,25,65,35,18
Vps39,69,171,75,52
Vps41,173,354,195,118
Vps45,70,180,70,45
Vps4a,84,203,104,57
Vps4b,78,246,93,34
Vps50,1111,3421,1410,814
Vps51,48,112,48,27
Vps52,112,295,162,82
Vps53,158,275,130,83
Vps54,123,277,173,93
Vps72,67,204,76,53
Vps8,151,388,215,140
Vps9d1,616,1912,840,540
Vrk1,61,151,70,35
Vrk2,15,39,18,17
Vrk3,65,122,60,47
Vrtn,0,0,0,0
Vsig1,0,0,0,0
Vsig10,20,85,46,35
Vsig10l,3,10,15,1
Vsig2,12,39,14,13
Vsig4,0,0,0,0
Vsig8,11,51,20,2
Vsir,83,223,98,18
Vsnl1,330,1027,497,284
Vstm2a,445,840,388,227
Vstm2b,130,331,147,73
Vstm2l,139,467,229,84
Vstm4,18,55,31,10
Vstm5,23,93,28,14
Vsx1,2,2,0,1
Vsx2,0,1,1,0
Vta1,67,137,64,27
Vtcn1,0,0,0,0
Vti1a,19,56,18,16
Vti1b,826,2727,915,525
Vtn,643,1739,1153,270
Vwa1,294,482,327,411
Vwa2,0,0,0,0
Vwa3a,45,105,41,30
Vwa3b,13,6,1,5
Vwa5a,14,25,10,5
Vwa5b1,3,9,4,4
Vwa5b2,410,1917,930,400
Vwa7,0,5,4,0
Vwa8,24,70,28,12
Vwa9,41,113,59,30
Vwc2,22,112,39,26
Vwc2l,22,59,26,23
Vwce,0,1,6,2
Vwde,0,0,0,0
Vwf,26,77,17,5
WDR97,13,19,3,9
WI1-2587D24.1,0,0,0,0
Wac,495,1091,527,306
Wap,0,0,0,0
Wapl,106,225,111,62
Wars,32,81,41,21
Wars2,6,47,13,10
Was,10,25,11,15
Wasf1,174,256,125,95
Wasf2,37,129,56,29
Wasf3,137,274,134,72
Wash1,170,499,218,146
Wasl,209,506,251,151
Wbp1,199,383,212,102
Wbp11,114,256,114,67
Wbp1l,71,156,61,27
Wbp2,676,1686,688,462
Wbp2nl,0,0,0,0
Wbp4,152,457,216,102
Wbp5,175,605,245,97
Wbscr16,45,84,50,27
Wbscr17,907,685,320,506
Wbscr22,246,765,325,178
Wbscr25,8,20,9,3
Wbscr27,67,173,91,35
Wbscr28,0,0,0,0
Wdfy1,157,359,194,102
Wdfy2,9,16,10,6
Wdfy3,140,398,170,83
Wdfy4,2,7,2,2
Wdhd1,74,169,87,52
Wdpcp,10,41,13,9
Wdr1,159,305,136,119
Wdr11,48,110,52,30
Wdr12,196,564,238,162
Wdr13,398,879,423,249
Wdr17,62,180,101,54
Wdr18,178,439,226,106
Wdr19,62,120,60,34
Wdr20,63,206,89,57
Wdr20rt,0,0,0,0
Wdr24,32,95,47,31
Wdr25,7,16,9,6
Wdr26,142,351,148,68
Wdr27,1,13,5,4
Wdr3,29,100,45,19
Wdr31,32,79,38,21
Wdr33,148,380,141,64
Wdr34,179,364,194,112
Wdr35,71,165,93,37
Wdr36,41,123,62,33
Wdr37,94,213,94,48
Wdr38,13,60,12,11
Wdr4,47,96,55,28
Wdr41,25,76,39,23
Wdr43,219,780,282,193
Wdr44,48,179,71,45
Wdr45,100,226,120,66
Wdr45b,140,422,196,95
Wdr46,49,99,48,36
Wdr47,515,1587,683,338
Wdr48,56,202,95,42
Wdr49,0,0,0,0
Wdr5,45,93,51,24
Wdr53,50,118,39,26
Wdr54,169,612,260,132
Wdr55,26,100,32,26
Wdr59,22,51,38,10
Wdr5b,2,35,9,9
Wdr6,138,323,138,101
Wdr60,205,618,290,156
Wdr61,179,475,256,154
Wdr62,3,13,4,1
Wdr63,6,2,0,1
Wdr64,0,0,0,0
Wdr66,16,59,31,12
Wdr7,49,94,47,31
Wdr70,318,1030,423,261
Wdr72,0,1,1,2
Wdr73,122,231,102,84
Wdr74,157,292,155,91
Wdr75,80,207,151,51
Wdr76,44,217,102,64
Wdr77,124,356,140,91
Wdr78,39,101,50,31
Wdr81,27,56,39,16
Wdr82,41,137,57,39
Wdr83,263,580,284,182
Wdr83os,282,613,255,140
Wdr86,6,10,2,6
Wdr89,139,170,111,79
Wdr90,76,251,131,58
Wdr91,135,358,139,98
Wdr92,22,76,32,15
Wdr93,1,3,0,0
Wdr95,4,10,5,1
Wdsub1,41,57,45,23
Wdtc1,71,161,88,37
Wdyhv1,34,92,34,17
Wee1,65,297,92,61
Wee2,1,0,0,0
Wfdc1,31,91,40,11
Wfdc10,0,0,0,0
Wfdc11,0,0,0,0
Wfdc12,1,1,2,0
Wfdc13,0,0,0,0
Wfdc15a,0,0,0,0
Wfdc15b,0,1,0,0
Wfdc16,0,0,0,0
Wfdc17,24,9,18,1
Wfdc18,9,73,22,8
Wfdc2,24,12,4,27
Wfdc21,2,4,0,0
Wfdc3,10,24,12,9
Wfdc5,0,0,0,0
Wfdc6a,0,0,1,0
Wfdc6b,0,0,0,0
Wfdc8,0,0,0,0
Wfdc9,0,0,0,0
Wfikkn1,2,2,1,0
Wfikkn2,6,13,9,9
Wfs1,268,629,327,204
Whamm,213,568,316,187
Whrn,103,232,116,71
Whsc1,253,796,331,149
Whsc1l1,550,1291,603,363
Wif1,6,16,5,5
Wipf1,17,30,16,8
Wipf2,106,313,136,66
Wipf3,710,629,349,432
Wipi1,75,160,81,49
Wipi2,172,417,238,143
Wisp1,5,53,30,4
Wisp2,1,2,3,1
Wisp3,2,11,8,4
Wiz,68,135,69,45
Wls,160,764,337,144
Wnk1,477,1276,560,300
Wnk2,154,550,289,118
Wnk3,29,124,57,28
Wnk4,25,51,18,12
Wnt1,13,44,31,8
Wnt10a,21,197,65,40
Wnt10b,1,4,4,0
Wnt11,3,1,1,4
Wnt16,8,8,6,3
Wnt2,11,60,29,18
Wnt2b,2,11,8,3
Wnt3,6,10,5,3
Wnt3a,0,2,0,2
Wnt4,101,326,143,70
Wnt5a,38,70,39,16
Wnt5b,15,30,15,10
Wnt6,17,57,27,5
Wnt7a,42,72,39,26
Wnt7b,74,81,42,39
Wnt8a,0,0,0,0
Wnt8b,1,22,5,3
Wnt9a,20,171,67,28
Wnt9b,1,0,0,0
Wrap53,56,101,55,27
Wrap73,155,366,181,123
Wrb,190,567,242,142
Wrn,30,100,47,15
Wrnip1,43,119,49,19
Wsb1,371,728,417,269
Wsb2,168,489,219,122
Wscd1,337,411,212,203
Wscd2,800,1546,593,539
Wt1,0,0,0,0
Wt1os,0,0,0,0
Wtap,89,215,91,53
Wtip,29,97,30,20
Wwc1,48,124,92,36
Wwc2,33,82,32,21
Wwox,88,341,117,68
Wwp1,78,282,118,65
Wwp2,32,86,40,15
Wwtr1,14,44,15,8
Xab2,130,267,126,102
Xaf1,69,100,80,61
Xbp1,447,1271,502,267
Xcl1,0,0,1,0
Xcr1,2,13,7,5
Xdh,12,43,13,6
Xiap,170,430,221,126
Xirp1,0,0,0,0
Xirp2,0,2,3,0
Xist,54,57,19,30
Xk,45,113,56,33
Xkr4,32,55,36,12
Xkr5,1,4,1,1
Xkr6,78,186,91,48
Xkr7,0,1,0,0
Xkr8,11,54,11,11
Xkr9,0,2,0,0
Xkrx,5,11,1,3
Xlr,4,6,6,1
Xlr3a,4,23,11,4
Xlr3b,28,122,41,30
Xlr3c,0,0,0,0
Xlr4a,3,13,6,2
Xlr4b,9,56,19,17
Xlr4c,0,7,0,2
Xlr5a,0,0,0,0
Xlr5b,0,0,0,0
Xlr5c,0,0,0,0
Xndc1,171,528,203,107
Xntrpc,1,3,5,1
Xpa,56,169,75,40
Xpc,43,138,61,37
Xpnpep1,155,262,126,81
Xpnpep2,2,6,3,2
Xpnpep3,62,127,49,29
Xpo1,173,357,186,113
Xpo4,190,470,205,143
Xpo5,13,31,13,7
Xpo6,416,923,513,303
Xpo7,105,291,147,73
Xpot,123,261,158,91
Xpr1,504,1244,632,383
Xrcc1,169,459,230,132
Xrcc2,13,33,16,13
Xrcc3,15,43,22,9
Xrcc4,47,115,48,31
Xrcc5,43,100,59,46
Xrcc6,118,308,127,98
Xrcc6bp1,33,92,36,23
Xrn1,225,706,327,182
Xrn2,225,699,308,176
Xrra1,9,11,5,4
Xxylt1,5,21,9,4
Xylb,14,24,17,4
Xylt1,192,543,298,139
Xylt2,95,245,114,91
Yae1d1,94,295,128,51
Yaf2,73,215,83,54
Yap1,32,118,50,22
Yars,104,285,161,70
Yars2,37,88,52,26
Ybey,29,91,37,14
Ybx1,506,1095,604,346
Ybx2,58,104,55,22
Ybx3,64,238,77,59
Ydjc,194,636,252,105
Yeats2,150,379,169,107
Yeats4,76,158,83,46
Yes1,103,226,139,106
Yif1a,118,378,178,94
Yif1b,393,1136,468,288
Yipf1,306,735,328,216
Yipf2,224,583,277,159
Yipf3,463,1175,512,345
Yipf4,606,1445,576,393
Yipf5,453,1227,555,336
Yipf6,116,303,151,66
Yipf7,2,1,0,0
Yjefn3,186,342,214,143
Ykt6,79,212,102,56
Ylpm1,449,1227,538,279
Yme1l1,329,760,315,218
Yod1,68,179,76,60
Ypel1,123,295,120,115
Ypel2,74,272,130,54
Ypel3,915,2366,985,669
Ypel4,407,1126,534,246
Ypel5,66,114,53,27
Yrdc,114,339,135,91
Ythdc1,179,472,190,117
Ythdc2,226,580,259,166
Ythdf1,57,112,51,18
Ythdf2,33,124,54,45
Ythdf3,71,148,77,29
Ywhab,356,803,394,183
Ywhae,509,1107,520,295
Ywhag,259,608,297,120
Ywhah,523,1198,511,298
Ywhaq,346,762,350,189
Ywhaz,217,578,255,134
Yy1,39,106,52,19
Yy2,0,0,0,0
Zadh2,26,85,27,18
Zak,15,48,22,8
Zan,1,17,9,4
Zap70,15,19,9,13
Zar1,0,1,1,0
Zar1l,0,5,2,1
Zbbx,0,8,3,2
Zbed3,18,74,29,14
Zbed4,29,116,50,23
Zbed5,13,53,20,10
Zbed6,0,0,0,0
Zbp1,4,2,1,1
Zbtb1,88,180,69,47
Zbtb10,6,15,8,9
Zbtb11,98,210,98,70
Zbtb11os1,14,42,16,8
Zbtb12,13,50,19,6
Zbtb14,16,58,35,13
Zbtb16,76,120,57,48
Zbtb17,258,805,298,212
Zbtb18,205,283,126,104
Zbtb2,8,20,11,9
Zbtb20,4786,2462,1069,2360
Zbtb21,46,140,39,56
Zbtb22,20,59,29,25
Zbtb24,31,120,44,18
Zbtb25,23,56,16,10
Zbtb26,49,139,58,40
Zbtb3,8,15,4,0
Zbtb32,0,0,0,0
Zbtb33,14,27,15,4
Zbtb34,6,50,32,7
Zbtb37,53,160,56,40
Zbtb38,254,732,359,266
Zbtb39,12,29,10,5
Zbtb4,130,320,145,84
Zbtb40,46,98,51,34
Zbtb41,27,45,22,13
Zbtb42,3,0,3,1
Zbtb43,32,156,74,30
Zbtb44,43,83,52,28
Zbtb45,32,69,32,23
Zbtb46,19,69,25,8
Zbtb48,87,202,112,72
Zbtb49,25,95,47,18
Zbtb5,34,76,34,33
Zbtb6,9,50,24,9
Zbtb7a,286,796,392,169
Zbtb7b,14,23,16,6
Zbtb7c,8,22,12,3
Zbtb8a,14,41,27,11
Zbtb8b,11,25,7,6
Zbtb8os,43,99,39,23
Zbtb9,0,0,1,0
Zc2hc1a,81,296,131,63
Zc2hc1b,0,0,0,0
Zc2hc1c,5,17,11,2
Zc3h10,14,50,17,9
Zc3h11a,20,52,24,10
Zc3h12a,6,4,2,4
Zc3h12b,24,59,27,16
Zc3h12c,8,20,15,7
Zc3h12d,1,0,0,1
Zc3h13,264,775,272,231
Zc3h14,91,200,105,46
Zc3h15,208,636,281,163
Zc3h18,166,469,201,140
Zc3h3,103,192,102,55
Zc3h4,37,92,41,19
Zc3h6,389,1106,403,298
Zc3h7a,393,813,447,276
Zc3h7b,106,236,132,75
Zc3h8,110,440,208,89
Zc3hav1,31,34,17,11
Zc3hav1l,8,13,6,0
Zc3hc1,76,202,94,59
Zc4h2,11,43,15,8
Zcchc10,45,110,59,39
Zcchc11,532,1665,685,424
Zcchc12,55,176,92,44
Zcchc13,1,9,1,2
Zcchc14,139,250,110,93
Zcchc16,214,343,119,118
Zcchc17,151,357,152,88
Zcchc18,957,2590,1132,725
Zcchc2,18,41,26,12
Zcchc24,57,93,55,24
Zcchc3,70,174,66,44
Zcchc4,76,185,84,45
Zcchc5,2,0,0,0
Zcchc6,88,230,129,67
Zcchc7,868,2552,1188,617
Zcchc8,50,145,84,43
Zcchc9,409,1520,555,353
Zcrb1,351,972,440,242
Zcwpw1,24,43,23,9
Zdbf2,45,133,57,30
Zdhhc1,111,283,113,74
Zdhhc11,0,0,0,0
Zdhhc12,136,306,110,88
Zdhhc13,100,243,94,50
Zdhhc14,159,338,148,76
Zdhhc15,17,39,19,11
Zdhhc16,230,647,253,145
Zdhhc17,303,972,437,227
Zdhhc18,84,250,111,40
Zdhhc19,0,1,0,0
Zdhhc2,116,327,134,55
Zdhhc20,380,900,435,311
Zdhhc21,263,844,421,207
Zdhhc22,20,119,77,18
Zdhhc23,1,2,2,1
Zdhhc24,84,253,82,63
Zdhhc25,0,0,0,0
Zdhhc3,152,362,153,97
Zdhhc4,118,264,117,77
Zdhhc5,64,140,87,49
Zdhhc6,132,362,138,79
Zdhhc7,71,202,73,46
Zdhhc8,328,955,451,189
Zdhhc9,77,197,113,48
Zeb1,148,429,224,116
Zeb2,2362,3081,1516,1577
Zeb2os,29,41,25,6
Zer1,763,1613,811,670
Zfand1,33,90,54,17
Zfand2a,34,67,36,16
Zfand2b,303,740,312,219
Zfand3,61,129,47,29
Zfand4,18,53,24,23
Zfand4-1,0,0,0,0
Zfand5,241,484,218,128
Zfand6,239,577,242,175
Zfat,22,73,38,24
Zfc3h1,192,447,201,108
Zfhx2,251,615,269,186
Zfhx2os,25,53,46,13
Zfhx3,54,159,74,25
Zfhx4,68,185,77,34
Zfos1,854,1858,842,477
Zfp1,93,285,107,62
Zfp101,128,372,187,106
Zfp105,6,18,10,4
Zfp106,290,465,264,196
Zfp108,5,18,10,2
Zfp109,2,0,2,1
Zfp11,5,16,10,1
Zfp110,11,29,15,9
Zfp111,3,18,7,5
Zfp112,285,723,310,188
Zfp113,50,150,50,40
Zfp114,38,73,32,23
Zfp119a,9,17,9,4
Zfp119b,10,19,10,13
Zfp12,50,114,36,29
Zfp120,39,108,52,30
Zfp128,2,13,4,1
Zfp13,31,54,28,20
Zfp131,106,284,123,67
Zfp14,12,29,14,10
Zfp141,43,91,29,21
Zfp142,43,140,51,22
Zfp143,27,97,36,25
Zfp146,32,57,41,38
Zfp148,106,291,124,60
Zfp157,458,1314,543,291
Zfp160,22,71,30,16
Zfp169,39,75,30,24
Zfp174,13,27,7,7
Zfp180,19,72,41,10
Zfp182,90,237,86,76
Zfp184,2,7,3,1
Zfp185,7,5,7,3
Zfp189,13,12,4,10
Zfp2,28,142,65,30
Zfp202,14,10,17,8
Zfp207,1251,2331,1141,871
Zfp212,20,54,18,17
Zfp213,15,52,18,11
Zfp217,6,12,10,0
Zfp219,51,110,48,29
Zfp229,7,10,3,3
Zfp235,24,84,31,30
Zfp236,38,85,49,24
Zfp239,55,166,72,46
Zfp24,42,83,36,20
Zfp248,36,91,46,25
Zfp251,37,79,48,29
Zfp26,67,171,71,39
Zfp260,254,452,254,241
Zfp263,243,509,278,195
Zfp266,63,120,66,40
Zfp27,17,25,11,7
Zfp273,85,226,101,55
Zfp275,10,39,22,9
Zfp276,110,328,132,79
Zfp277,38,121,58,29
Zfp28,8,24,9,3
Zfp280b,10,25,14,7
Zfp280c,56,177,85,35
Zfp280d,284,631,335,221
Zfp281,121,307,162,69
Zfp282,47,104,56,26
Zfp286,67,166,76,32
Zfp286os,0,0,0,0
Zfp287,45,130,66,30
Zfp292,140,403,176,86
Zfp296,3,11,3,2
Zfp3,22,33,18,10
Zfp30,218,765,294,177
Zfp300,7,13,8,2
Zfp316,59,143,69,47
Zfp317,22,58,34,29
Zfp318,87,311,139,63
Zfp319,6,14,6,9
Zfp322a,246,550,275,180
Zfp324,7,16,9,6
Zfp326,112,295,133,66
Zfp329,388,1175,542,250
Zfp330,68,153,67,29
Zfp334,36,89,43,23
Zfp335,57,111,63,28
Zfp335os,15,40,18,8
Zfp341,31,63,53,23
Zfp345,0,2,3,1
Zfp346,58,98,45,21
Zfp35,5,25,10,4
Zfp352,0,2,0,0
Zfp354a,17,53,24,8
Zfp354b,8,17,9,10
Zfp354c,43,66,48,15
Zfp358,17,65,22,11
Zfp36,13,25,9,4
Zfp362,35,54,22,13
Zfp365,96,346,189,80
Zfp366,0,2,0,0
Zfp367,11,32,13,5
Zfp369,43,126,67,20
Zfp36l1,68,180,64,36
Zfp36l2,87,207,86,50
Zfp36l3,0,0,0,0
Zfp37,73,100,55,33
Zfp382,4,17,15,8
Zfp383,15,42,15,10
Zfp384,34,76,55,32
Zfp385a,58,194,104,53
Zfp385b,168,485,204,124
Zfp385c,3,4,4,0
Zfp386,51,121,50,31
Zfp39,6,15,5,5
Zfp395,24,35,19,11
Zfp397,85,187,70,52
Zfp398,376,1090,499,327
Zfp40,20,72,45,20
Zfp407,45,154,57,32
Zfp408,25,55,19,13
Zfp41,7,7,3,1
Zfp410,50,98,49,33
Zfp414,473,1144,421,337
Zfp418,1,20,9,3
Zfp42,0,0,0,0
Zfp420,21,50,21,14
Zfp422,49,151,58,38
Zfp423,22,42,22,18
Zfp426,33,135,57,38
Zfp428,67,205,86,33
Zfp429,7,25,6,0
Zfp433,33,65,39,15
Zfp438,10,34,13,7
Zfp442,58,147,69,39
Zfp444,71,205,93,65
Zfp445,5,24,14,14
Zfp446,23,75,35,32
Zfp449,7,35,19,17
Zfp451,164,445,198,102
Zfp454,7,23,10,4
Zfp455,8,17,5,5
Zfp456,2,4,1,0
Zfp457,6,17,4,2
Zfp458,7,16,11,4
Zfp459,6,22,10,1
Zfp46,16,67,28,17
Zfp462,97,234,103,50
Zfp467,39,97,56,36
Zfp472,10,20,8,7
Zfp473,1,1,1,1
Zfp474,0,0,0,0
Zfp488,2,1,1,3
Zfp493,2,5,4,1
Zfp503,3,11,6,4
Zfp507,64,150,67,36
Zfp51,8,19,7,10
Zfp511,193,470,212,138
Zfp512,336,955,424,286
Zfp512b,207,377,199,145
Zfp513,194,432,204,130
Zfp516,27,60,23,11
Zfp518a,11,31,15,9
Zfp518b,7,18,10,4
Zfp52,9,8,4,2
Zfp521,26,30,13,13
Zfp523,217,487,246,123
Zfp524,20,35,8,7
Zfp526,0,4,1,3
Zfp53,9,21,11,9
Zfp532,107,308,135,101
Zfp534,0,1,0,0
Zfp536,150,338,167,92
Zfp54,3,8,7,3
Zfp541,1,13,4,2
Zfp551,10,32,13,7
Zfp553,198,454,220,146
Zfp558,0,1,0,1
Zfp560,108,343,123,84
Zfp563,23,61,19,17
Zfp566,26,75,31,15
Zfp568,3,11,10,2
Zfp57,45,116,57,32
Zfp574,12,46,26,10
Zfp575,28,105,42,15
Zfp579,104,172,101,101
Zfp58,14,33,14,14
Zfp580,78,161,70,53
Zfp583,15,64,32,8
Zfp59,10,15,10,4
Zfp592,16,50,34,23
Zfp593,22,76,38,18
Zfp595,5,12,5,4
Zfp597,21,67,21,18
Zfp598,72,225,108,59
Zfp599,11,21,14,7
Zfp60,26,83,47,37
Zfp600,0,0,0,0
Zfp605,12,38,14,12
Zfp606,42,96,39,27
Zfp607,7,8,4,12
Zfp608,103,128,57,69
Zfp609,23,50,29,21
Zfp61,163,373,183,105
Zfp612,94,300,136,64
Zfp616,0,0,0,0
Zfp617,49,148,100,51
Zfp618,37,109,46,35
Zfp619,1,20,6,2
Zfp62,40,121,41,37
Zfp622,54,157,56,36
Zfp623,8,29,12,10
Zfp626,21,73,29,17
Zfp628,14,32,11,9
Zfp629,14,51,33,12
Zfp637,200,658,267,152
Zfp638,261,684,313,167
Zfp639,57,252,92,42
Zfp64,40,104,55,32
Zfp640,0,0,0,0
Zfp641,61,247,68,38
Zfp644,213,834,301,227
Zfp646,75,211,87,41
Zfp647,0,2,1,0
Zfp648,0,1,0,0
Zfp65,5,27,15,15
Zfp651,139,361,157,97
Zfp652,71,141,79,58
Zfp652os,11,39,23,4
Zfp653,130,300,130,89
Zfp654,109,201,64,45
Zfp655,36,75,33,19
Zfp658,4,12,7,2
Zfp661,13,27,17,16
Zfp663,0,2,0,0
Zfp664,102,312,142,75
Zfp667,38,106,30,27
Zfp668,68,187,65,36
Zfp672,114,255,122,85
Zfp677,7,15,10,4
Zfp68,75,172,80,42
Zfp683,0,0,0,0
Zfp687,266,628,335,250
Zfp688,43,105,44,34
Zfp689,6,15,8,5
Zfp69,6,3,1,0
Zfp691,16,27,17,5
Zfp692,692,1749,892,495
Zfp697,62,228,82,34
Zfp7,8,30,24,8
Zfp703,10,44,25,3
Zfp704,98,298,147,81
Zfp706,180,415,159,92
Zfp707,25,66,32,23
Zfp708,1,0,0,0
Zfp709,11,41,19,8
Zfp710,42,77,45,23
Zfp711,15,29,13,7
Zfp712,3,13,3,4
Zfp715,25,54,23,13
Zfp719,30,91,36,29
Zfp72,3,10,2,2
Zfp729a,8,28,8,3
Zfp729b,21,38,30,8
Zfp735,0,0,0,0
Zfp738,13,38,27,6
Zfp74,62,178,87,32
Zfp740,60,169,75,46
Zfp746,52,129,87,45
Zfp747,4,23,7,9
Zfp748,8,14,4,5
Zfp750,2,2,0,2
Zfp758,21,42,12,15
Zfp759,3,8,6,3
Zfp760,43,133,56,26
Zfp763,24,35,11,7
Zfp764,5,16,16,1
Zfp768,15,58,33,16
Zfp770,73,244,80,51
Zfp771,203,480,191,112
Zfp772,23,43,25,12
Zfp773,6,14,4,1
Zfp775,13,25,7,9
Zfp777,18,37,15,8
Zfp78,7,13,5,3
Zfp780b,161,290,204,112
Zfp781,0,0,0,0
Zfp784,25,43,19,8
Zfp786,42,88,44,28
Zfp787,72,213,95,54
Zfp788,59,192,72,35
Zfp790,9,14,6,11
Zfp791,1,6,0,0
Zfp799,513,1519,439,289
Zfp800,47,161,70,43
Zfp804a,25,75,27,14
Zfp804b,5,17,12,2
Zfp808,0,7,1,4
Zfp809,11,17,6,6
Zfp81,56,211,71,33
Zfp810,44,77,38,15
Zfp811,46,110,43,37
Zfp813-ps,0,0,0,0
Zfp819,0,1,1,0
Zfp82,5,20,7,7
Zfp820,5,13,9,2
Zfp821,62,173,75,33
Zfp825,20,71,36,13
Zfp827,26,111,50,15
Zfp830,56,210,74,38
Zfp831,19,36,19,10
Zfp839,33,50,35,19
Zfp84,12,36,17,12
Zfp846,46,103,45,12
Zfp85,16,56,26,12
Zfp850,2,15,3,6
Zfp853,0,0,0,1
Zfp85os,8,11,6,7
Zfp865,37,114,48,34
Zfp866,32,104,54,36
Zfp867,23,57,21,13
Zfp868,69,192,85,47
Zfp869,1,3,2,1
Zfp87,20,50,27,9
Zfp870,6,28,4,6
Zfp871,50,188,92,26
Zfp872,0,2,0,0
Zfp873,8,22,4,5
Zfp874a,15,47,23,10
Zfp874b,46,134,44,42
Zfp879,2,5,2,2
Zfp882,24,68,17,12
Zfp9,70,202,97,50
Zfp90,16,49,18,17
Zfp91,127,313,134,77
Zfp92,5,12,8,3
Zfp93,126,250,119,102
Zfp930,7,19,7,3
Zfp931,61,158,67,50
Zfp932,66,165,80,45
Zfp933,46,85,32,29
Zfp934,3,15,3,3
Zfp935,29,86,39,20
Zfp936,0,0,0,0
Zfp937,41,108,47,23
Zfp938,105,285,112,99
Zfp94,74,183,58,40
Zfp940,34,79,43,14
Zfp941,99,330,196,116
Zfp942,131,332,144,95
Zfp943,45,110,46,19
Zfp944,18,60,34,11
Zfp945,70,307,141,45
Zfp946,35,88,41,18
Zfp947,7,13,3,4
Zfp948,26,71,42,23
Zfp949,69,199,76,51
Zfp950,642,1972,841,411
Zfp951,4,12,6,3
Zfp952,59,94,51,36
Zfp953,4,5,3,1
Zfp954,23,49,26,9
Zfp955a,28,88,33,20
Zfp955b,19,65,25,17
Zfp956,84,160,62,28
Zfp957,0,0,0,1
Zfp958,25,36,27,13
Zfp959,15,37,19,8
Zfp960,11,10,7,9
Zfp961,53,111,77,38
Zfp963,11,22,15,9
Zfp964,9,29,14,9
Zfp97,4,12,6,4
Zfpl1,107,321,133,93
Zfpm1,21,44,24,12
Zfpm2,19,17,8,13
Zfr,296,656,309,189
Zfr2,428,1457,686,382
Zfx,35,60,47,20
Zfy1,0,0,0,0
Zfy2,0,0,0,0
Zfyve1,12,24,17,9
Zfyve16,53,125,53,37
Zfyve19,94,276,116,76
Zfyve21,94,191,90,54
Zfyve26,26,53,28,16
Zfyve27,605,1566,760,520
Zfyve28,84,420,197,74
Zfyve9,76,231,104,55
Zg16,0,0,0,0
Zglp1,13,33,16,10
Zgpat,77,182,91,47
Zgrf1,9,35,23,11
Zhx1,66,93,47,19
Zhx2,18,20,15,8
Zhx3,83,165,79,52
Zic1,75,198,91,100
Zic2,4,19,7,3
Zic3,13,20,11,5
Zic4,53,127,48,58
Zic5,27,49,16,21
Zik1,6,56,13,7
Zim1,5,15,6,5
Zim3,98,292,110,48
Zkscan1,52,138,52,42
Zkscan14,57,108,51,19
Zkscan16,2,11,3,3
Zkscan17,9,34,14,9
Zkscan2,41,128,51,22
Zkscan3,262,636,343,171
Zkscan4,10,11,4,6
Zkscan5,23,45,23,14
Zkscan6,23,65,30,19
Zkscan7,0,0,0,0
Zkscan8,22,70,34,13
Zmat1,120,351,146,87
Zmat2,156,388,169,90
Zmat3,94,351,149,66
Zmat4,684,1394,571,583
Zmat5,61,129,54,35
Zmiz1,269,775,373,197
Zmiz1os1,5,7,3,5
Zmiz2,191,405,177,102
Zmpste24,159,391,171,119
Zmym1,1290,2604,1122,664
Zmym2,87,224,115,47
Zmym3,217,497,237,124
Zmym4,100,263,133,59
Zmym5,93,252,121,87
Zmym6,144,312,177,100
Zmynd10,44,154,58,52
Zmynd11,411,814,421,212
Zmynd12,8,19,3,1
Zmynd15,3,6,4,0
Zmynd19,11,26,14,6
Zmynd8,1030,3139,1599,854
Znfx1,34,135,56,23
Znhit1,199,683,263,151
Znhit2,43,80,44,19
Znhit3,74,209,77,33
Znhit6,84,247,132,95
Znrd1,71,214,100,54
Znrd1as,17,35,7,5
Znrf1,174,623,285,94
Znrf2,31,54,18,18
Znrf3,83,184,92,75
Znrf4,0,0,0,0
Zp1,0,2,0,0
Zp2,3,3,5,4
Zp3,2,1,1,0
Zp3r,1,0,0,1
Zpbp,0,7,1,1
Zpbp2,2,7,0,1
Zpld1,3,0,1,0
Zpr1,118,327,122,94
Zranb1,234,492,254,181
Zranb2,2357,8064,3395,1839
Zranb3,17,60,30,12
Zrsr1,37,93,31,32
Zrsr2,149,393,182,121
Zscan10,0,0,0,0
Zscan12,24,42,15,16
Zscan18,44,133,53,30
Zscan2,8,29,14,5
Zscan20,45,80,39,42
Zscan21,19,94,29,19
Zscan22,405,1158,361,299
Zscan25,4,5,0,1
Zscan26,234,528,287,165
Zscan29,8,27,10,8
Zscan30,0,1,0,0
Zscan4b,0,0,0,0
Zscan4c,0,0,0,0
Zscan4d,0,0,0,0
Zscan4f,0,0,0,0
Zscan5b,0,0,0,0
Zswim1,35,92,43,16
Zswim2,0,0,0,1
Zswim3,9,22,15,8
Zswim4,14,28,11,6
Zswim5,15,16,11,3
Zswim6,77,183,111,43
Zswim7,25,90,44,14
Zswim8,296,545,296,183
Zufsp,54,113,71,20
Zw10,49,107,58,26
Zwilch,8,29,16,5
Zwint,446,1142,545,269
Zxdb,12,27,14,5
Zxdc,43,106,49,19
Zyg11a,0,0,0,0
Zyg11b,149,339,185,86
Zyx,66,244,96,46
Zzef1,286,689,338,186
Zzz3,111,310,121,67
a,4,3,1,1
l7Rn6,87,249,79,56
l7Rn6-1,0,0,0,0
mt-Atp6,26467,22686,19416,7640
mt-Atp8,266,250,241,95
mt-Co1,17615,16056,12884,4543
mt-Co2,10575,9204,8026,2924
mt-Co3,25973,23785,18563,7201
mt-Cytb,11919,10432,8514,3502
mt-Nd1,13261,11658,10013,4303
mt-Nd2,5147,4756,4122,1585
mt-Nd3,1988,1739,1418,626
mt-Nd4,8707,7342,6127,2422
mt-Nd4l,335,316,276,111
mt-Nd5,962,880,720,263
mt-Nd6,95,69,80,44
