,GSE140510_GSM4173506_WT_3,GSE140510_GSM4173504_WT_1,GSE140510_GSM4173510_WT_5XFAD_1,GSE140510_GSM4173511_WT_5XFAD_2,GSE140510_GSM4173512_WT_5XFAD_3,GSE140510_GSM4173505_WT_2
0610005C13Rik,28,50,17,15,25,24
0610006L08Rik,0,1,0,0,0,0
0610009B22Rik,458,401,223,154,259,278
0610009O20Rik,2093,2283,1749,1103,1740,1678
0610010F05Rik,2235,2201,2112,1065,1714,1774
0610010K14Rik,251,306,164,196,175,164
0610012D04Rik,0,0,0,0,4,1
0610012G03Rik,2008,2013,1062,1131,1292,1281
0610025J13Rik,5,3,0,4,2,1
0610030E20Rik,4007,4607,2907,2184,3488,3379
0610031O16Rik,0,0,0,0,0,0
0610033M10Rik,0,2,2,2,2,0
0610037L13Rik,2293,2689,2094,1361,2060,2244
0610038B21Rik,110,110,43,33,59,50
0610039K10Rik,3,2,1,2,6,2
0610040B10Rik,854,865,321,484,630,595
0610040F04Rik,77,72,93,45,79,67
0610040J01Rik,153,189,175,92,232,149
0610043K17Rik,46,61,33,13,24,40
0710001A04Rik,7,10,7,9,8,11
1010001B22Rik,31,36,9,13,32,32
1010001N08Rik,0,1,0,0,0,1
1100001I12Rik,0,0,0,0,0,0
1110002E22Rik,143,139,119,83,100,80
1110002J07Rik,44,54,42,29,43,40
1110002L01Rik,398,479,422,216,327,341
1110002O04Rik,121,118,43,68,60,72
1110004E09Rik,943,995,510,501,628,682
1110004F10Rik,2224,2561,1622,1238,1773,1847
1110006O24Rik,148,174,58,69,88,79
1110008E08Rik,1,1,4,2,1,1
1110008F13Rik,1809,1904,1147,778,1186,1246
1110008L16Rik,299,343,240,163,229,255
1110008P14Rik,2905,3912,1869,1834,2342,2857
1110012L19Rik,90,94,57,39,57,67
1110015O18Rik,22,17,16,5,12,13
1110017D15Rik,40,45,47,33,53,42
1110019B22Rik,0,0,0,0,0,0
1110019D14Rik,349,428,296,162,264,295
1110020A21Rik,128,146,73,65,94,109
1110025L11Rik,0,0,0,0,0,0
1110028F18Rik,0,0,0,0,0,0
1110032A03Rik,2335,2181,1129,1180,1453,1495
1110032F04Rik,396,381,206,178,208,224
1110034G24Rik,1043,1123,730,617,952,874
1110035H17Rik,292,320,125,134,165,156
1110036E04Rik,0,0,0,0,0,0
1110038F14Rik,1790,2080,1045,978,1433,1587
1110046J04Rik,1363,1255,893,675,936,880
1110051M20Rik,2796,3394,2366,1580,2463,2548
1110057P08Rik,0,0,0,0,0,0
1110059E24Rik,848,947,603,370,594,678
1110059G10Rik,603,583,404,276,384,385
1110065P20Rik,1182,1652,681,751,963,928
1190001M18Rik,0,0,0,1,0,0
1190002N15Rik,1186,1307,1011,646,603,728
1190005I06Rik,121,184,80,64,140,115
1190007I07Rik,951,1035,472,517,622,623
1190028D05Rik,0,0,0,0,0,0
1200007C13Rik,0,0,0,0,0,0
1300002E11Rik,460,566,484,242,454,485
1300014J16Rik,173,279,146,119,167,195
1300017J02Rik,359,336,178,134,237,207
1500002C15Rik,120,132,92,52,78,99
1500009C09Rik,749,782,465,365,528,548
1500009L16Rik,592,541,369,270,459,397
1500011B03Rik,2945,2983,1526,1327,1856,1829
1500011K16Rik,1020,980,580,466,618,722
1500015A07Rik,1976,1980,1174,1129,1416,1261
1500015L24Rik,134,152,100,79,122,134
1500015O10Rik,42,98,17,14,43,26
1500035N22Rik,623,588,303,244,364,371
1520401A03Rik,18,16,13,7,12,9
1600002K03Rik,135,155,141,73,107,132
1600010M07Rik,2,4,3,2,7,7
1600012H06Rik,437,505,297,231,331,287
1600012P17Rik,0,0,0,0,0,0
1600014C10Rik,349,323,237,176,268,226
1600014C23Rik,4,3,2,3,1,3
1600015I10Rik,0,0,0,0,0,0
1600019K03Rik,0,0,0,0,0,0
1600020E01Rik,1319,1674,997,764,1076,1105
1600025M17Rik,0,0,0,0,0,0
1600027J07Rik,2,0,0,2,1,0
1700001C02Rik,1,0,1,0,0,1
1700001C19Rik,12,8,8,5,8,6
1700001D01Rik,2,0,0,1,1,3
1700001F09Rik,2,0,0,0,0,1
1700001G01Rik,0,0,0,0,0,0
1700001J03Rik,4,4,3,3,7,1
1700001J04Rik,1,0,2,0,0,0
1700001K19Rik,0,1,0,0,0,1
1700001L05Rik,217,155,176,101,122,102
1700001L19Rik,115,138,90,67,85,82
1700001N15Rik,0,0,0,0,0,0
1700001O22Rik,688,840,357,396,592,610
1700001P01Rik,7,11,26,9,6,7
1700003C15Rik,0,0,0,0,0,0
1700003E16Rik,283,282,155,124,152,179
1700003E24Rik,0,0,0,0,0,0
1700003F12Rik,15,17,14,13,39,8
1700003G13Rik,0,0,0,0,0,0
1700003H04Rik,0,1,0,0,0,0
1700003I16Rik,0,0,0,0,1,0
1700003I22Rik,0,0,0,0,0,0
1700003L19Rik,106,128,69,66,80,83
1700003M07Rik,97,128,41,58,61,61
1700003P14Rik,0,0,0,0,0,0
1700006A11Rik,0,0,0,0,0,0
1700006E09Rik,0,0,0,0,0,0
1700006H21Rik,0,0,0,0,0,0
1700006J14Rik,1,0,0,0,0,0
1700007F19Rik,387,508,307,221,297,374
1700007G11Rik,12,13,5,8,11,8
1700007K13Rik,49,60,51,30,34,61
1700007M16Rik,0,0,0,0,0,0
1700007P06Rik,66,39,31,34,35,38
1700008B11Rik,0,2,0,0,1,1
1700008C04Rik,0,0,0,0,0,0
1700008J07Rik,267,263,115,159,160,178
1700008K24Rik,3,2,3,2,2,2
1700008N11Rik,0,0,0,0,0,0
1700008O03Rik,187,184,110,80,113,97
1700008P02Rik,0,0,0,0,0,0
1700009C05Rik,2,0,0,1,2,1
1700009J07Rik,1,3,2,2,4,1
1700009N14Rik,0,0,0,0,0,1
1700010B08Rik,0,0,0,0,0,0
1700010D01Rik,0,0,0,0,0,1
1700010G06Rik,58,44,6,16,12,14
1700010H22Rik,1,0,0,2,0,0
1700010I02Rik,0,0,0,0,0,0
1700010I14Rik,128,103,80,56,82,97
1700010J16Rik,1,0,0,0,0,0
1700010K23Rik,2,7,1,0,1,2
1700010K24Rik,2,4,2,6,2,5
1700010L04Rik,0,1,1,0,1,0
1700011C11Rik,0,0,0,0,0,0
1700011D18Rik,2,1,1,1,1,0
1700011H14Rik,2,4,1,3,2,1
1700011I03Rik,7,11,11,6,9,3
1700011L03Rik,1,0,0,0,0,1
1700011L22Rik,0,0,1,3,0,0
1700011M02Rik,0,0,0,0,1,0
1700012A03Rik,0,0,0,0,0,0
1700012B07Rik,0,2,0,0,0,0
1700012B09Rik,5,2,5,2,6,4
1700012C14Rik,3,4,1,1,2,1
1700012E03Rik,0,0,0,0,0,0
1700012I11Rik,0,2,0,1,0,1
1700012J15Rik,0,0,0,0,0,0
1700012P22Rik,0,0,0,0,0,0
1700013D24Rik,0,1,0,0,0,0
1700013F07Rik,213,243,111,91,146,159
1700013G24Rik,0,0,0,0,0,0
1700013H16Rik,1,0,0,0,0,0
1700013M08Rik,0,0,1,1,1,0
1700013N06Rik,0,0,0,0,0,0
1700014D04Rik,21,21,17,14,13,13
1700014F14Rik,0,0,0,0,0,0
1700014L14Rik,0,0,0,0,0,1
1700015C15Rik,0,0,0,1,0,0
1700015F17Rik,6,4,7,3,4,2
1700015G11Rik,0,0,0,0,0,0
1700015H07Rik,2,1,2,1,1,1
1700015I17Rik,2,2,3,2,1,2
1700015O11Rik,0,1,0,1,1,2
1700016B01Rik,0,0,0,0,0,0
1700016C15Rik,0,0,0,0,0,0
1700016D06Rik,1,0,2,0,0,1
1700016F12Rik,0,1,0,0,0,0
1700016G14Rik,17,25,9,7,6,22
1700016G22Rik,1,0,0,0,0,1
1700016H03Rik,3,5,0,1,2,1
1700016H13Rik,2,1,0,2,1,1
1700016K05Rik,0,1,0,1,0,0
1700016K19Rik,22,14,11,8,11,8
1700016L21Rik,0,0,0,0,1,0
1700016P04Rik,0,1,0,0,1,0
1700017B05Rik,246,309,260,136,407,268
1700017D01Rik,1,0,0,0,0,0
1700017G19Rik,0,3,0,0,1,0
1700017I07Rik,0,0,0,0,0,0
1700017J07Rik,1,6,2,2,1,5
1700017L05Rik,0,0,0,0,0,0
1700017M07Rik,4,9,0,2,5,4
1700017N19Rik,0,1,1,0,0,1
1700018A04Rik,23,28,10,3,19,28
1700018A23Rik,0,3,0,0,0,0
1700018B08Rik,0,0,0,0,0,0
1700018B24Rik,0,1,0,0,0,0
1700018F24Rik,0,0,0,0,0,0
1700018G05Rik,0,0,0,0,0,0
1700018L02Rik,147,132,57,78,81,91
1700018P08Rik,0,0,0,0,0,0
1700019A02Rik,6,15,4,3,4,4
1700019C18Rik,0,0,0,0,0,0
1700019D03Rik,1773,1989,843,1012,1246,1114
1700019E08Rik,0,0,0,0,0,0
1700019F05Rik,0,0,0,0,0,0
1700019G24Rik,0,0,0,0,1,0
1700019J19Rik,2,11,5,3,5,3
1700019L13Rik,68,49,17,32,32,38
1700019N19Rik,3,2,1,0,0,1
1700019P21Rik,0,0,0,0,0,0
1700020A23Rik,0,0,2,0,0,0
1700020D05Rik,148,167,284,97,138,123
1700020D12Rik,0,0,0,0,0,0
1700020G17Rik,0,0,0,0,0,0
1700020I14Rik,4689,4552,4432,2727,3282,3006
1700020L24Rik,6,6,4,1,8,4
1700020M21Rik,0,2,0,0,0,0
1700020N01Rik,0,1,1,0,0,1
1700020N15Rik,0,0,0,0,0,0
1700020N18Rik,0,1,0,0,0,0
1700021A07Rik,0,0,0,0,0,0
1700021F02Rik,0,0,0,0,0,0
1700021F05Rik,1308,1428,909,644,1041,1087
1700021F07Rik,1,2,1,0,0,0
1700021F13Rik,0,0,0,0,0,0
1700021G15Rik,0,0,1,0,0,0
1700021J08Rik,13,12,1,8,6,8
1700021L23Rik,0,0,0,0,1,0
1700021N21Rik,6,6,4,1,3,1
1700021P04Rik,0,0,0,0,0,0
1700022A22Rik,0,0,0,0,0,0
1700022E09Rik,0,0,0,0,0,0
1700022I11Rik,9,6,4,3,8,4
1700022N22Rik,27,23,12,10,12,21
1700023C21Rik,0,0,0,0,0,0
1700023F02Rik,1,1,6,0,0,0
1700023F06Rik,156,188,94,99,133,87
1700023G09Rik,0,0,0,0,0,0
1700024B05Rik,1,1,0,0,0,0
1700024B18Rik,0,0,0,0,0,0
1700024G13Rik,0,0,0,0,1,2
1700024I08Rik,0,0,0,0,0,0
1700024P04Rik,0,0,0,0,0,0
1700025B11Rik,0,0,0,0,0,0
1700025C18Rik,1,0,0,0,0,0
1700025D23Rik,1,0,0,0,0,0
1700025F22Rik,0,0,0,0,0,0
1700025F24Rik,0,1,1,0,0,2
1700025G04Rik,2322,2880,2154,1782,2322,2070
1700025H01Rik,0,0,0,0,0,0
1700025J12Rik,4,4,1,0,1,1
1700025K04Rik,0,0,0,0,0,1
1700025K24Rik,1,2,1,0,0,0
1700025L06Rik,6,3,2,2,3,0
1700025M24Rik,0,0,0,0,0,0
1700025N21Rik,0,0,0,0,1,0
1700025N23Rik,0,4,0,1,0,2
1700025O08Rik,0,0,0,0,0,0
1700026D11Rik,2,1,0,0,0,2
1700026F02Rik,4,1,1,5,1,1
1700026J12Rik,0,0,0,0,0,0
1700026J14Rik,55,67,36,35,37,22
1700027A07Rik,3,7,2,4,2,3
1700027A15Rik,4,7,2,3,2,1
1700027F06Rik,0,0,0,0,0,0
1700027F09Rik,0,0,1,0,0,0
1700027H10Rik,9,4,1,2,2,7
1700027J07Rik,0,1,1,1,0,0
1700028D13Rik,0,0,0,0,0,0
1700028I16Rik,1,0,0,0,0,0
1700028J19Rik,28,52,27,23,26,34
1700028K03Rik,234,219,196,121,190,215
1700028M03Rik,0,1,1,0,0,0
1700028P14Rik,16,13,10,10,15,8
1700029B22Rik,0,0,0,0,0,0
1700029E06Rik,0,0,1,0,0,0
1700029F12Rik,0,1,0,0,0,1
1700029H14Rik,1,3,1,2,1,1
1700029I15Rik,71,91,92,50,88,64
1700029J03Rik,0,1,0,0,0,0
1700029J07Rik,804,904,639,337,641,646
1700029M03Rik,0,0,1,0,0,0
1700029M20Rik,0,0,0,0,0,1
1700029N11Rik,0,0,0,0,0,0
1700029P11Rik,1,1,0,0,0,0
1700030A11Rik,5,2,0,4,1,2
1700030C14Rik,80,46,19,29,30,30
1700030E10Rik,0,0,0,0,0,0
1700030F04Rik,2,5,0,0,0,5
1700030J22Rik,308,309,244,117,192,224
1700030K09Rik,948,981,733,534,788,759
1700030L20Rik,0,1,1,0,0,0
1700030L22Rik,1,1,0,0,1,0
1700030N03Rik,0,0,0,0,0,0
1700030O20Rik,0,0,0,0,0,0
1700031A10Rik,0,0,0,0,0,1
1700031F05Rik,0,0,0,0,0,0
1700031F10Rik,0,0,0,0,0,0
1700031L13Rik,0,0,0,0,0,0
1700031P21Rik,1,0,0,0,0,0
1700034B16Rik,0,0,0,0,0,0
1700034E13Rik,0,0,0,0,0,0
1700034G24Rik,0,0,0,0,0,0
1700034H15Rik,172,144,159,95,156,140
1700034I23Rik,28,36,13,25,26,35
1700034J05Rik,5,5,2,1,6,4
1700034K08Rik,0,0,0,0,0,0
1700034P13Rik,41,47,18,24,36,42
1700036A12Rik,7,2,10,2,9,5
1700036G14Rik,0,0,1,0,0,0
1700036O09Rik,0,0,0,0,0,0
1700037C06Rik,0,0,0,0,0,0
1700037C18Rik,263,269,158,156,241,196
1700037F03Rik,2,3,1,0,1,2
1700037F24Rik,6,5,3,1,11,4
1700037H04Rik,783,753,566,315,508,598
1700039E22Rik,0,0,0,1,0,0
1700039M15Rik,1,0,0,0,0,0
1700040D17Rik,120,171,72,76,88,97
1700040E09Rik,0,0,0,0,0,1
1700040F15Rik,0,0,0,0,0,0
1700040F17Rik,0,0,0,1,0,0
1700040L08Rik,9,6,3,9,6,4
1700041C23Rik,0,0,0,0,0,0
1700041G16Rik,11,24,9,8,18,12
1700041I07Rik,1,4,0,1,5,4
1700041M05Rik,0,1,0,0,0,0
1700041M19Rik,0,1,2,0,0,0
1700042D02Rik,0,0,0,0,1,0
1700042G07Rik,0,0,0,0,0,0
1700042G15Rik,2,0,0,1,0,0
1700042O05Rik,0,0,0,0,0,0
1700042O10Rik,0,0,0,0,0,0
1700044C05Rik,0,0,0,0,0,0
1700044K03Rik,0,0,0,0,0,0
1700045H11Rik,1,3,2,3,3,4
1700046C09Rik,0,1,0,0,0,0
1700047A11Rik,0,6,3,7,0,5
1700047E10Rik,0,0,0,0,0,0
1700047F07Rik,95,129,65,84,95,114
1700047G03Rik,0,0,0,0,0,0
1700047G07Rik,0,1,1,0,0,0
1700047I17Rik2,8,10,4,6,5,7
1700047L14Rik,0,0,0,0,0,0
1700047M11Rik,1536,1481,1490,834,1572,1336
1700048F04Rik,1,2,0,1,0,1
1700048M11Rik,0,0,0,0,0,0
1700048O20Rik,225,252,208,163,118,181
1700048P04Rik,0,0,0,0,0,0
1700049E15Rik,0,0,0,1,0,1
1700049E17Rik1,0,0,1,0,0,0
1700049E17Rik2,0,0,0,0,0,0
1700049E22Rik,0,0,0,0,0,0
1700049J03Rik,9,14,3,12,12,10
1700052H01Rik,1,0,0,0,0,0
1700052I22Rik,0,0,0,0,0,0
1700052K11Rik,368,390,310,145,256,260
1700054A03Rik,0,0,0,0,2,1
1700054K02Rik,0,0,0,0,0,0
1700054K19Rik,0,0,0,0,0,0
1700054M17Rik,33,19,18,15,11,16
1700054O05Rik,0,0,0,0,0,0
1700055D18Rik,220,219,89,109,128,121
1700056E22Rik,5,13,4,3,9,5
1700056N10Rik,226,223,321,168,243,215
1700057G04Rik,0,0,0,0,0,0
1700057H15Rik,5,5,4,0,0,3
1700057H21Rik,0,0,0,1,0,0
1700058P15Rik,1,2,0,1,0,3
1700060C16Rik,0,0,0,0,0,0
1700060C20Rik,2,1,1,1,0,0
1700060J05Rik,1,3,2,0,4,6
1700060O08Rik,0,0,0,0,1,0
1700061E17Rik,0,0,0,0,0,0
1700061E18Rik,5,3,1,3,1,0
1700061F12Rik,0,0,0,0,0,0
1700061G19Rik,11,22,6,11,15,8
1700061H18Rik,0,0,1,0,0,1
1700061I17Rik,1,0,1,0,0,0
1700061J23Rik,0,0,0,0,0,0
1700061N14Rik,0,0,0,0,0,0
1700062C10Rik,1,0,1,1,0,2
1700063A18Rik,0,0,0,0,0,0
1700063D05Rik,294,279,190,112,214,188
1700063H04Rik,0,0,0,0,0,0
1700063H06Rik,1,8,4,2,2,1
1700063O14Rik,0,2,1,0,1,0
1700064H15Rik,192,210,69,86,107,105
1700064J06Rik,0,0,0,0,0,0
1700064M15Rik,8,9,1,2,5,6
1700065D16Rik,13,9,20,4,4,8
1700065J11Rik,0,0,0,0,0,0
1700065J18Rik,1,1,0,0,0,0
1700065L07Rik,1,1,1,1,0,0
1700065O20Rik,0,0,0,0,0,0
1700066B17Rik,2,3,2,3,1,3
1700066B19Rik,54,65,27,33,45,37
1700066C05Rik,0,0,0,0,0,0
1700066M21Rik,693,805,507,314,512,509
1700066N21Rik,0,0,0,0,0,0
1700067G17Rik,0,0,0,0,0,0
1700067K01Rik,20,18,15,10,14,12
1700067P10Rik,0,1,0,0,0,3
1700069B07Rik,1,4,2,1,1,4
1700069L16Rik,1,0,0,0,0,2
1700069P05Rik,0,0,0,0,0,0
1700071G01Rik,0,0,0,0,2,0
1700071M16Rik,5,14,3,1,3,8
1700072B07Rik,0,0,0,0,0,0
1700072G22Rik,1,2,0,2,1,2
1700072O05Rik,0,0,0,0,0,0
1700074H08Rik,2,0,0,1,3,2
1700074P13Rik,0,0,0,0,0,0
1700080E11Rik,0,0,0,0,0,0
1700080G11Rik,1,3,5,4,3,2
1700080N15Rik,44,68,32,41,63,46
1700080O16Rik,0,0,0,0,0,1
1700081B01Rik,2,3,1,1,3,1
1700081H04Rik,0,0,0,0,0,0
1700082M22Rik,3,2,2,2,1,1
1700083H02Rik,0,0,0,0,0,0
1700084C06Rik,587,671,385,335,392,421
1700084D21Rik,0,0,0,0,0,1
1700084E18Rik,38,56,12,29,33,30
1700084F23Rik,0,0,1,0,0,0
1700084M14Rik,0,0,0,0,0,0
1700085C21Rik,4,14,4,1,6,6
1700085D07Rik,3,1,0,0,3,0
1700086D15Rik,103,132,217,80,127,124
1700086O06Rik,907,1048,565,496,684,621
1700086P04Rik,105,116,54,68,61,60
1700087M22Rik,0,0,0,0,0,0
1700088E04Rik,1225,1250,722,546,775,776
1700092C02Rik,0,0,0,0,0,0
1700092C10Rik,0,0,0,0,0,0
1700092C17Rik,1,0,0,0,0,0
1700092E19Rik,0,0,0,0,0,0
1700092M07Rik,3,0,2,1,1,3
1700093K21Rik,42,27,35,18,44,21
1700094J05Rik,3,1,1,2,2,2
1700094M23Rik,2,14,11,2,2,7
1700094M24Rik,0,0,0,0,0,0
1700095A13Rik,0,0,0,0,0,0
1700095A21Rik,0,0,0,0,0,0
1700095B10Rik,0,0,0,0,0,0
1700095J03Rik,41,25,20,16,24,20
1700095J07Rik,1,1,2,0,0,1
1700095J12Rik,2,3,2,1,4,0
1700095K22Rik,0,0,0,0,0,0
1700096J18Rik,2,0,0,1,2,2
1700096K18Rik,288,312,106,143,169,164
1700097N02Rik,0,0,1,0,0,0
1700099I09Rik,2,4,4,2,5,4
1700100I10Rik,0,0,0,1,0,0
1700100L14Rik,0,0,0,0,1,0
1700101I19Rik,1,2,1,2,2,2
1700101O22Rik,0,0,0,0,0,0
1700102H20Rik,8,8,2,3,3,1
1700102P08Rik,14,32,37,12,27,27
1700104B16Rik,11,5,1,4,2,8
1700104L18Rik,0,0,0,0,0,0
1700105G05Rik,0,0,0,0,0,0
1700105P06Rik,381,421,307,159,285,267
1700108J01Rik,0,1,0,0,0,0
1700108N06Rik,0,0,0,0,0,0
1700108N11Rik,5,13,9,3,12,17
1700109G14Rik,3,4,4,5,3,5
1700109G15Rik,0,0,0,0,0,0
1700109H08Rik,248,343,462,178,290,260
1700109I08Rik,0,0,0,0,0,0
1700109K24Rik,13,27,12,17,19,23
1700110C19Rik,38,57,63,33,36,37
1700110I01Rik,9,10,24,5,13,11
1700110I07Rik,0,1,0,0,0,0
1700110K17Rik,1,9,2,3,5,3
1700111E14Rik,3,2,1,0,1,0
1700111N16Rik,0,0,0,0,0,0
1700112D23Rik,42,58,46,18,51,43
1700112H15Rik,0,0,0,0,0,0
1700112J05Rik,1,0,1,0,1,1
1700112J16Rik,81,77,40,31,46,35
1700112K13Rik,0,1,0,0,0,0
1700112M02Rik,0,0,0,0,0,0
1700113A16Rik,222,252,88,109,140,149
1700113H08Rik,1,0,0,0,0,1
1700116B05Rik,0,0,0,0,0,0
1700119H24Rik,0,0,0,0,0,1
1700119I11Rik,3,0,8,0,0,5
1700120C18Rik,0,1,0,0,1,0
1700120E14Rik,0,1,0,0,0,0
1700120G07Rik,3,1,2,1,0,0
1700120G11Rik,0,1,0,0,0,0
1700120K04Rik,0,2,1,1,0,0
1700121C08Rik,12,8,12,10,10,7
1700121L03Rik,0,0,0,0,1,0
1700121L16Rik,1,0,0,0,2,0
1700121N20Rik,1,0,0,0,0,0
1700122D07Rik,0,0,0,0,0,0
1700122H20Rik,0,0,0,0,0,0
1700122O11Rik,0,0,0,0,0,0
1700123J17Rik,4,7,3,2,4,4
1700123K08Rik,0,2,0,1,2,0
1700123L14Rik,7,4,1,8,5,7
1700123O12Rik,0,0,0,0,0,0
1700123O20Rik,322,360,239,133,250,238
1700124L16Rik,54,90,123,35,104,89
1700124M09Rik,0,0,0,0,0,0
1700125G02Rik,45,60,26,17,39,44
1700125G22Rik,13,16,4,8,14,6
1700125H03Rik,6,9,3,6,3,3
1700125H20Rik,1,1,0,2,0,2
1700126A01Rik,0,0,0,1,0,0
1700126G02Rik,5,6,3,11,12,6
1700126H18Rik,0,0,0,0,0,0
1700127F24Rik,0,0,0,0,0,0
1700128A07Rik,0,0,0,0,0,0
1700128E19Rik,0,0,0,0,0,0
1700128I11Rik,0,1,0,0,0,0
1700129C05Rik,0,0,0,0,0,0
1810006J02Rik,0,0,0,2,2,0
1810007C17Rik,3,1,1,2,1,1
1810007D17Rik,0,1,4,4,4,4
1810008B01Rik,1,2,1,6,2,1
1810008I18Rik,0,0,0,0,0,0
1810009A15Rik,712,834,423,340,506,557
1810009J06Rik,0,0,0,0,0,0
1810010D01Rik,30,41,42,29,35,27
1810010H24Rik,140,139,73,47,93,90
1810011H11Rik,28,63,63,40,94,39
1810012K08Rik,12,16,10,6,5,10
1810012K16Rik,69,78,30,38,47,36
1810013D15Rik,6,13,2,4,7,3
1810013L24Rik,1771,2137,1754,972,1479,1550
1810019N24Rik,20,32,13,10,19,16
1810020O05Rik,65,29,48,17,39,30
1810021B22Rik,69,58,30,35,64,64
1810022K09Rik,3369,4371,2012,2164,2599,2884
1810024B03Rik,61,63,57,41,40,40
1810028F09Rik,1,1,0,0,2,1
1810030O07Rik,749,768,811,443,654,697
1810032O08Rik,703,896,558,432,678,683
1810034E14Rik,14,26,7,11,11,10
1810037I17Rik,2046,2119,1202,1009,1278,1478
1810041H14Rik,17,20,10,4,23,16
1810041L15Rik,648,653,659,325,483,506
1810043G02Rik,2088,1995,1357,963,1507,1662
1810044D09Rik,109,80,45,70,52,49
1810046K07Rik,0,0,0,0,0,0
1810049I09Rik,0,0,0,1,0,0
1810049J17Rik,25,25,12,16,13,16
1810055G02Rik,496,609,397,208,377,439
1810058I24Rik,522,544,293,262,295,325
1810062G17Rik,17,16,4,15,13,6
1810062O18Rik,141,173,95,59,106,129
1810063I02Rik,0,0,0,0,0,0
1810064F22Rik,0,0,1,0,3,0
1810065E05Rik,0,0,0,0,0,0
2010001M07Rik,0,0,0,0,0,0
2010003K11Rik,0,0,0,0,0,0
2010005H15Rik,6,2,6,0,6,4
2010007H06Rik,118,123,56,51,82,81
2010009K17Rik,0,0,0,0,2,1
2010013B24Rik,30,63,27,39,45,32
2010015M23Rik,225,296,192,169,165,171
2010103J01Rik,1,1,1,1,2,0
2010106C02Rik,1,1,1,0,1,3
2010106E10Rik,3,1,3,0,0,1
2010107E04Rik,1663,2055,1134,1086,1358,1435
2010109A12Rik,193,207,89,77,114,131
2010109I03Rik,25,22,29,13,17,14
2010110E17Rik,1,4,3,0,2,2
2010110G14Rik,0,0,0,0,0,0
2010110K18Rik,2,2,1,0,0,0
2010111I01Rik,11886,12447,9648,5701,9409,10842
2010203P06Rik,0,0,0,0,0,0
2010300C02Rik,6264,6710,5942,2527,4485,5949
2010300F17Rik,3,3,1,3,0,0
2010308F09Rik,3,2,4,1,10,1
2010309G21Rik,0,2,0,1,0,0
2010310C07Rik,4,4,5,5,16,1
2010315B03Rik,1083,1158,1093,538,920,908
2010320M18Rik,257,248,75,134,108,94
2200002D01Rik,5,12,4,3,7,7
2200002J24Rik,0,0,0,0,0,0
2210008F06Rik,71,41,22,47,31,23
2210010C04Rik,1,2,0,0,1,0
2210011C24Rik,20,33,9,19,13,12
2210011K15Rik,0,0,0,0,0,0
2210016F16Rik,346,364,220,144,235,216
2210016L21Rik,3706,3948,2442,1820,2898,2855
2210017I01Rik,0,0,0,0,0,0
2210039B01Rik,1,1,0,1,1,0
2210404E10Rik,0,0,0,0,0,0
2210406O10Rik,103,119,77,78,75,74
2210407C18Rik,1,0,0,4,2,1
2210408I21Rik,1862,1851,1695,949,1246,1468
2210411M09Rik,9,3,3,3,8,4
2210414B05Rik,1,0,0,0,0,0
2210414F02Rik,0,0,0,0,0,0
2210417A02Rik,0,0,0,1,1,1
2210418O10Rik,26,35,18,20,19,26
2210420H20Rik,8,7,1,5,2,5
2300002M23Rik,0,1,0,0,0,0
2300003K06Rik,0,0,0,0,0,0
2300009A05Rik,3113,3716,1777,1604,2290,2401
2310001H17Rik,33,29,21,18,44,17
2310001K24Rik,16,15,2,9,7,7
2310002D06Rik,39,39,16,18,25,27
2310002L09Rik,0,0,0,0,0,0
2310003L06Rik,1,2,1,0,1,1
2310003N18Rik,1,6,1,2,2,2
2310005A03Rik,1,1,0,0,0,1
2310005E17Rik,0,0,0,0,0,0
2310007B03Rik,1,0,0,0,1,2
2310008N11Rik,0,1,2,2,0,0
2310009B15Rik,1160,1390,574,659,816,801
2310011J03Rik,914,1055,593,326,738,804
2310015D24Rik,9,7,9,2,3,2
2310015K22Rik,0,0,0,0,0,0
2310016D03Rik,0,0,0,0,0,0
2310016D23Rik,0,0,0,0,0,0
2310016G11Rik,2,4,0,3,0,3
2310020H05Rik,1,0,0,0,0,0
2310022A10Rik,512,594,488,305,496,475
2310022B05Rik,459,614,409,227,473,475
2310026I22Rik,192,204,61,100,109,130
2310026L22Rik,5,2,4,2,2,8
2310030A07Rik,0,0,1,0,0,0
2310030G06Rik,137,137,98,54,86,109
2310031A07Rik,34,44,19,31,37,44
2310033P09Rik,1935,1887,1038,795,1402,1394
2310034C09Rik,0,0,0,0,0,0
2310034G01Rik,71,80,32,34,45,41
2310034O05Rik,7,4,13,5,14,3
2310035C23Rik,5910,6326,5687,3171,5012,5277
2310039H08Rik,634,495,222,402,297,304
2310039L15Rik,0,2,1,0,0,0
2310040G07Rik,121,128,65,67,92,84
2310040G24Rik,67,59,39,32,25,34
2310043L19Rik,3,0,0,1,2,0
2310043M15Rik,165,181,145,101,143,159
2310043O21Rik,0,1,0,0,0,0
2310044K18Rik,0,2,2,0,3,1
2310046K23Rik,0,0,0,0,0,0
2310047D07Rik,6,9,6,3,2,5
2310050C09Rik,0,0,0,0,0,0
2310057J18Rik,0,0,0,0,0,1
2310057M21Rik,1883,2266,1812,970,1620,1671
2310057N15Rik,0,0,0,0,0,0
2310061I04Rik,2961,3335,1964,1689,2223,2331
2310061N02Rik,0,0,0,0,0,0
2310065F04Rik,3,2,1,1,3,2
2310067P03Rik,9,12,7,9,2,9
2310068J16Rik,130,144,59,65,95,102
2310069B03Rik,2,0,0,0,0,0
2310074N15Rik,204,240,91,161,135,118
2310075C17Rik,40,52,18,28,50,29
2310079G19Rik,0,0,0,0,0,0
2310081O03Rik,0,2,0,1,1,1
2400006E01Rik,1,0,0,1,1,0
2410002F23Rik,1755,1915,1589,876,1498,1585
2410004B18Rik,1140,1707,788,641,969,956
2410004I01Rik,4,7,4,4,2,4
2410004P03Rik,24,32,15,7,20,12
2410012E07Rik,0,0,0,1,0,0
2410015M20Rik,811,910,520,419,623,598
2410017I17Rik,0,0,0,0,0,0
2410018L13Rik,296,265,168,146,231,250
2410021H03Rik,1051,1159,434,553,793,921
2410080I02Rik,47,57,40,41,56,39
2410089E03Rik,10631,10355,11262,4866,8300,8625
2410131K14Rik,369,423,331,167,322,310
2410137M14Rik,122,155,98,76,107,116
2410141K09Rik,0,0,0,0,0,0
2510002D24Rik,1788,1881,1211,1072,1420,1182
2510009E07Rik,1124,1388,1280,532,1131,1040
2510017J16Rik,115,104,138,45,115,109
2510039O18Rik,1750,2062,1269,695,1523,1371
2510046G10Rik,210,225,87,114,142,118
2600006K01Rik,13,13,10,17,10,9
2600014E21Rik,482,464,381,256,295,368
2610001J05Rik,305,387,219,148,261,249
2610002M06Rik,522,626,451,288,423,436
2610008E11Rik,3469,3598,2763,1310,2439,2595
2610016A17Rik,6,4,3,2,1,0
2610020C07Rik,460,529,357,223,367,404
2610020F03Rik,6,10,4,6,3,7
2610021A01Rik,1461,1543,1317,549,980,1341
2610027F03Rik,0,0,0,0,0,0
2610028E06Rik,26,22,17,9,24,18
2610028H24Rik,0,1,0,0,0,0
2610035D17Rik,1842,2490,1416,995,1952,1885
2610037D02Rik,946,1142,1330,487,1004,887
2610042L04Rik,21,12,13,7,11,21
2610044O15Rik8,1942,2217,1628,845,1518,1520
2610204G07Rik,1,1,2,0,0,0
2610206C17Rik,11,9,10,5,12,6
2610300M13Rik,2,0,1,1,2,4
2610301B20Rik,1678,1937,1073,906,1167,1280
2610303G11Rik,0,1,0,0,0,0
2610318M16Rik,0,0,0,0,0,0
2610318N02Rik,36,40,22,28,43,36
2610507B11Rik,3261,3052,3620,1483,2350,2328
2610524H06Rik,2286,2778,1280,1294,1738,1651
2610528A11Rik,5,4,3,2,6,1
2610528J11Rik,3,1,0,0,2,2
2700012I20Rik,15,11,9,6,9,13
2700016F22Rik,27,43,22,26,27,23
2700033N17Rik,249,272,167,162,198,217
2700038G22Rik,234,389,173,267,281,258
2700046A07Rik,11,13,11,3,13,15
2700046G09Rik,515,509,283,267,368,316
2700049A03Rik,606,582,691,322,547,520
2700062C07Rik,830,984,574,497,677,745
2700068H02Rik,17,14,5,14,16,16
2700069I18Rik,85,109,56,54,59,70
2700081O15Rik,437,336,362,232,256,275
2700089I24Rik,1,1,0,0,1,0
2700097O09Rik,1985,2333,2096,1098,2062,1853
2810001G20Rik,974,1112,598,473,792,823
2810004N23Rik,1830,1958,1615,906,1697,1707
2810006K23Rik,378,400,274,193,313,265
2810021J22Rik,382,319,285,202,240,264
2810032G03Rik,1262,1201,1150,584,970,985
2810049E08Rik,307,233,331,128,228,247
2810402E24Rik,562,542,249,241,402,323
2810403A07Rik,5933,5890,4627,2978,4771,5290
2810403G07Rik,2,0,0,2,0,1
2810404F17Rik,1,1,0,0,0,0
2810404M03Rik,17,18,9,4,12,8
2810405F17Rik,699,1033,647,420,703,572
2810407A14Rik,15,32,11,10,18,16
2810408A11Rik,9,23,8,6,10,11
2810414N06Rik,14,16,7,6,11,7
2810425M01Rik,5,17,7,4,9,9
2810429I04Rik,715,745,639,380,605,558
2810432F15Rik,6,6,4,3,7,5
2810433D01Rik,5,13,3,6,7,9
2810442N19Rik,4,5,5,4,8,4
2810454H06Rik,287,336,144,146,214,200
2810455O05Rik,385,506,731,197,363,453
2810457G06Rik,58,50,23,26,33,38
2810459M11Rik,370,426,190,150,245,281
2810471M01Rik,4,2,1,0,1,2
2810474O19Rik,1891,2219,1902,909,1731,1777
2900009J06Rik,72,99,55,48,57,67
2900011O08Rik,2652,3141,2457,1490,2275,2410
2900026A02Rik,1034,1050,1317,586,1026,959
2900040C04Rik,1,0,1,0,0,0
2900045O20Rik,11,16,8,5,6,5
2900052N01Rik,139,199,90,106,179,189
2900055J20Rik,14690,15780,8388,7219,9988,10354
2900060B14Rik,30,21,12,9,16,26
2900072N19Rik,13,10,5,5,12,6
2900076A07Rik,1059,1205,795,598,932,906
2900079G21Rik,527,462,225,301,318,354
2900089D17Rik,111,99,152,67,88,76
2900092C05Rik,0,0,0,0,0,0
2900093K20Rik,2060,2312,967,1526,1628,1460
2900097C17Rik,4317,3600,3567,2165,2507,2272
3010003L21Rik,6,7,2,4,12,7
3100002H09Rik,157,125,243,92,141,138
3100003L05Rik,0,2,0,3,3,1
3110001I22Rik,40,44,50,16,28,31
3110002H16Rik,1053,1274,1029,607,965,912
3110004A20Rik,3,1,2,1,0,3
3110006O06Rik,28,26,20,14,17,15
3110009E18Rik,150,162,101,73,122,122
3110009F21Rik,1,11,5,4,3,9
3110015C05Rik,2,2,0,1,2,0
3110018I06Rik,0,0,0,0,0,0
3110021N24Rik,2434,2904,1419,1303,1934,2083
3110035E14Rik,2624,3283,2577,1789,2376,2378
3110039M20Rik,633,681,448,459,519,532
3110040M04Rik,0,0,0,0,0,0
3110040N11Rik,517,582,340,238,371,372
3110043O21Rik,1312,1611,1290,684,1225,1199
3110045C21Rik,78,85,30,32,47,51
3110062M04Rik,1187,985,547,667,665,673
3110070M22Rik,43,37,26,7,18,19
3110079O15Rik,15,16,8,7,10,7
3110082I17Rik,1521,1565,1481,904,1292,1403
3110082J24Rik,20,28,5,8,15,20
3110099E03Rik,0,7,3,1,2,1
3200001D21Rik,11,15,7,8,10,10
3222401L13Rik,708,862,439,389,615,504
3300002A11Rik,0,0,1,0,2,0
3300002I08Rik,497,603,464,255,421,386
3300002P13Rik,20,12,11,6,13,10
3300005D01Rik,1,1,2,0,0,0
3425401B19Rik,2,9,4,0,1,9
3632451O06Rik,1633,1741,1267,671,1383,1238
3830403N18Rik,0,0,1,3,2,0
3830406C13Rik,2922,3433,1765,1510,2159,2162
3830417A13Rik,0,0,0,0,0,0
3830432H09Rik,4,11,5,5,8,2
3930402G23Rik,18,14,8,11,21,25
4430402I18Rik,904,959,527,566,707,803
4631405J19Rik,6,6,5,4,5,10
4631405K08Rik,0,4,1,0,0,1
4632404H12Rik,1548,1773,1147,850,1136,1123
4632411P08Rik,22,15,8,13,14,6
4632415L05Rik,1296,1231,825,570,888,961
4632428C04Rik,3,12,6,6,4,5
4731419I09Rik,39,34,21,25,35,38
4732414G09Rik,201,211,111,102,154,131
4732419C18Rik,46,39,28,25,27,25
4732440D04Rik,2396,3171,1936,1120,2027,2217
4732463B04Rik,1256,1424,766,587,903,941
4732465J04Rik,0,1,1,0,0,0
4732471J01Rik,764,822,917,438,704,703
4732487G21Rik,7,7,7,4,9,3
4732490B19Rik,4,0,0,1,3,0
4732491K20Rik,711,741,382,324,488,510
4732496C06Rik,99,73,63,42,48,62
4831440D22Rik,28,23,14,24,22,18
4831440E17Rik,156,185,142,69,148,112
4833403J16Rik,1,0,1,0,1,0
4833405L11Rik,1,0,2,3,2,2
4833407H14Rik,0,1,1,2,1,1
4833412C05Rik,19,20,7,11,13,8
4833413E03Rik,4,0,1,0,3,1
4833413G10Rik,40,47,39,21,46,37
4833418N02Rik,196,210,123,83,142,110
4833420G17Rik,5520,6001,4309,2636,4293,4553
4833422C13Rik,333,403,335,204,236,296
4833423E24Rik,9,2,2,0,0,1
4833427F10Rik,0,0,1,0,0,0
4833427G06Rik,4,1,1,0,2,1
4833428L15Rik,3,7,9,1,2,4
4833439L19Rik,2078,2399,1765,985,1894,1816
4833445I07Rik,369,354,241,170,260,297
4921501E09Rik,25,30,25,10,18,15
4921501I09Rik,0,1,0,0,0,0
4921504A21Rik,834,868,519,415,615,598
4921504E06Rik,3,4,2,1,3,1
4921507P07Rik,46,56,32,39,37,32
4921508D12Rik,1,1,1,0,0,0
4921509A06Rik,0,0,1,0,0,0
4921509C19Rik,0,0,0,0,0,0
4921509O07Rik,4,3,3,1,3,1
4921511C10Rik,2,7,5,2,4,9
4921511C20Rik,0,0,0,0,0,0
4921511I17Rik,4,4,1,3,4,7
4921511M17Rik,0,0,0,0,0,0
4921513I03Rik,1,0,2,2,0,0
4921513I08Rik,3,6,3,1,6,9
4921514A10Rik,15,8,2,6,8,12
4921515L22Rik,0,1,0,0,0,0
4921516A02Rik,10,7,3,6,12,12
4921517D22Rik,0,0,0,0,0,0
4921518K17Rik,0,0,0,0,0,0
4921520N01Rik,0,0,0,0,0,0
4921521D15Rik,0,0,1,0,0,0
4921522A10Rik,0,0,0,0,0,0
4921522P10Rik,5,4,1,3,1,3
4921523L03Rik,1,0,1,1,1,1
4921524J17Rik,479,592,368,206,422,380
4921524L21Rik,0,0,0,0,0,0
4921530L21Rik,0,0,0,0,0,0
4921534H16Rik,76,65,52,46,63,86
4921536K21Rik,24,16,6,12,5,16
4921539E11Rik,1,1,0,0,1,0
4921539H07Rik,289,366,327,168,240,244
4922502D21Rik,0,0,0,0,0,0
4922502N22Rik,2,3,1,0,2,0
4930401A07Rik,0,0,0,0,0,0
4930401C15Rik,0,0,1,0,0,0
4930401G09Rik,0,1,0,2,0,0
4930401O10Rik,0,0,0,0,0,0
4930401O12Rik,0,0,0,0,0,0
4930402C01Rik,0,0,0,0,0,0
4930402D18Rik,0,2,0,1,0,0
4930402F06Rik,0,0,0,0,0,0
4930402F11Rik,0,1,2,0,0,1
4930402H24Rik,10509,11002,9287,5511,8930,8431
4930402K13Rik,0,0,0,0,0,0
4930403D09Rik,0,0,0,0,0,0
4930403P22Rik,4,0,2,0,2,1
4930404A05Rik,0,0,0,0,0,0
4930404A12Rik,2,1,2,1,3,5
4930404H11Rik,1,1,1,0,2,2
4930404H24Rik,1,1,0,0,3,1
4930404I20Rik,0,0,0,0,0,0
4930404N11Rik,19,25,15,13,16,18
4930404O17Rik,0,0,0,0,0,0
4930405A10Rik,2,1,2,2,0,0
4930405D11Rik,0,0,0,0,0,0
4930405H06Rik,2,0,0,0,1,0
4930405J17Rik,3,4,4,2,8,12
4930405L22Rik,0,0,0,0,0,0
4930407G08Rik,1,1,1,0,2,0
4930407I10Rik,1,0,1,0,0,0
4930407I19Rik,2,2,1,0,0,1
4930408K08Rik,0,0,0,0,1,0
4930408O17Rik,3,3,2,4,5,4
4930412B13Rik,0,0,0,0,0,0
4930412E21Rik,0,0,0,0,0,0
4930412F09Rik,0,0,0,0,0,0
4930412M03Rik,19,18,6,7,15,5
4930412O13Rik,0,0,0,1,0,0
4930413E15Rik,0,0,0,0,0,0
4930413F20Rik,316,321,124,157,191,195
4930415C11Rik,8,16,3,10,15,9
4930415L06Rik,0,0,0,0,0,0
4930415O20Rik,0,0,0,0,0,0
4930417O22Rik,1,2,1,1,0,0
4930419G24Rik,33,34,19,18,25,32
4930422C21Rik,1,0,0,0,1,0
4930422M22Rik,25,46,20,18,35,35
4930423D24Rik,0,0,0,0,0,0
4930423M02Rik,0,0,0,0,0,0
4930425K10Rik,0,0,1,0,0,0
4930425L21Rik,1,1,2,1,1,0
4930425O10Rik,0,0,0,0,0,0
4930425P05Rik,0,0,1,0,0,0
4930426D05Rik,139,96,88,46,74,76
4930426I24Rik,475,441,183,191,261,211
4930426L09Rik,65,59,25,36,36,33
4930428D20Rik,0,0,2,0,1,1
4930428E07Rik,126,137,61,70,77,124
4930428N03Rik,76,85,53,38,69,58
4930428O21Rik,0,0,0,0,0,0
4930429C20Rik,0,0,0,0,0,0
4930429D17Rik,0,0,1,0,0,0
4930429F24Rik,39,30,15,12,23,24
4930429H19Rik,0,0,0,0,0,1
4930429P21Rik,0,0,0,0,0,0
4930430A15Rik,1,0,0,0,0,0
4930430E12Rik,1,0,1,1,1,0
4930430F08Rik,1050,1184,931,561,903,867
4930430F21Rik,0,4,3,2,2,1
4930430O22Rik,3,6,3,3,6,3
4930431F10Rik,0,0,0,0,0,0
4930431F12Rik,0,1,0,0,0,0
4930431L21Rik,0,0,0,0,0,0
4930431P22Rik,0,1,1,0,3,0
4930432H08Rik,0,0,0,0,0,0
4930432J09Rik,2,0,3,0,2,1
4930432K21Rik,147,185,109,92,117,110
4930432M17Rik,0,0,0,0,0,0
4930432O09Rik,0,0,0,0,0,0
4930433B08Rik,0,0,0,0,0,0
4930433E05Rik,0,0,1,0,0,0
4930433I11Rik,0,0,0,0,0,0
4930433J02Rik,0,0,0,0,1,0
4930434B07Rik,1,1,1,1,0,0
4930434J06Rik,0,0,2,0,0,1
4930434O05Rik,0,0,0,0,0,0
4930435C17Rik,0,0,0,0,0,0
4930435E12Rik,0,0,0,0,0,0
4930435F18Rik,5,1,4,2,2,4
4930435M08Rik,0,0,1,0,0,0
4930437M23Rik,0,0,0,0,0,0
4930438A08Rik,0,0,0,0,0,0
4930438E09Rik,0,0,0,0,0,0
4930439A04Rik,1,3,2,1,1,1
4930439D14Rik,86,139,42,69,75,60
4930440C22Rik,0,0,0,0,0,0
4930440I19Rik,1,2,0,0,0,0
4930441H08Rik,0,0,0,0,0,0
4930441J16Rik,0,0,0,0,0,0
4930442G10Rik,2,1,0,0,0,1
4930442G15Rik,1,1,0,0,0,0
4930442H23Rik,3,2,0,0,0,0
4930442J19Rik,0,0,0,0,0,0
4930442L01Rik,0,0,0,0,0,0
4930444A19Rik,0,3,1,3,4,4
4930444E06Rik,0,1,1,0,0,1
4930444F02Rik,7,15,3,6,9,3
4930444G20Rik,0,0,0,0,0,0
4930444M15Rik,5,9,5,4,3,8
4930444P10Rik,101,113,69,46,85,99
4930445B16Rik,1,0,0,0,0,2
4930445E18Rik,10,15,15,6,11,8
4930445N08Rik,0,0,0,0,0,0
4930445N18Rik,2,6,4,2,0,2
4930447A16Rik,0,0,0,0,0,1
4930447C04Rik,3934,3767,3428,1933,3057,3008
4930447F04Rik,2,1,3,0,2,2
4930447J18Rik,0,0,0,0,0,0
4930447M23Rik,211,221,146,106,139,151
4930448A20Rik,2,0,0,0,0,0
4930448C13Rik,2,2,1,1,3,2
4930448D08Rik,0,1,0,0,0,2
4930448F12Rik,0,0,0,0,0,0
4930448H16Rik,0,0,0,0,1,0
4930448I06Rik,0,0,0,0,0,0
4930448I18Rik,0,0,0,0,0,0
4930449C09Rik,0,0,0,0,0,0
4930449I24Rik,0,0,0,0,0,0
4930451E10Rik,1,0,0,0,1,0
4930451I11Rik,4,5,1,7,6,4
4930452B06Rik,650,638,401,337,467,441
4930452G13Rik,18,15,18,7,16,13
4930452L12Rik,0,0,0,0,0,0
4930452N14Rik,2,2,1,0,4,1
4930453C13Rik,4,2,0,2,3,1
4930453H23Rik,0,0,0,0,0,0
4930453L07Rik,0,2,0,0,1,2
4930453N24Rik,1592,1702,1101,638,1063,1190
4930453O03Rik,0,0,0,0,0,0
4930455B14Rik,3,0,0,0,0,1
4930455C13Rik,12,25,16,18,18,24
4930455D15Rik,3,4,4,3,6,2
4930455G09Rik,4,3,2,4,4,3
4930455H04Rik,10,12,5,7,6,13
4930455J16Rik,0,1,1,0,0,0
4930455M05Rik,8,7,1,6,3,2
4930456L15Rik,0,2,0,0,0,0
4930458A03Rik,0,0,0,0,0,0
4930458B22Rik,5,2,3,0,1,0
4930458D05Rik,163,190,135,67,130,133
4930458K08Rik,0,0,0,0,0,0
4930459C07Rik,0,0,0,0,0,0
4930459L07Rik,0,0,0,0,0,0
4930461C15Rik,45,50,27,30,37,20
4930461G14Rik,1,0,0,0,0,0
4930463O16Rik,0,0,0,0,1,0
4930465I24Rik,0,0,0,0,0,0
4930465K09Rik,0,0,0,1,2,1
4930465M20Rik,1,2,2,0,1,1
4930466I24Rik,0,0,0,0,0,0
4930467D21Rik,14,14,11,6,8,10
4930467E23Rik,16,19,17,8,13,10
4930467J12Rik,0,0,0,0,0,0
4930467K11Rik,6,3,0,1,1,3
4930469B13Rik,0,0,0,0,0,0
4930469K13Rik,0,0,3,0,1,0
4930470O06Rik,0,0,0,0,0,0
4930470P17Rik,1,0,1,0,0,1
4930471C04Rik,2,9,10,5,11,9
4930471C06Rik,0,0,0,0,0,0
4930471D02Rik,0,0,0,0,0,0
4930471E15Rik,0,0,0,0,0,0
4930471E19Rik,1,0,0,0,0,0
4930471G24Rik,0,2,0,0,0,0
4930471M09Rik,21,52,5,14,16,17
4930473A02Rik,1,5,2,1,8,6
4930473D10Rik,47,56,27,41,34,39
4930473H19Rik,0,11,2,10,9,7
4930473O22Rik,6,11,12,4,8,15
4930474H20Rik,0,0,0,0,0,0
4930474N05Rik,0,0,0,0,0,0
4930474N09Rik,7,3,6,4,6,7
4930477E14Rik,0,0,0,0,0,0
4930477G07Rik,0,0,0,0,0,0
4930477N07Rik,0,0,0,0,0,0
4930478K11Rik,49,44,16,33,37,43
4930478P22Rik,0,0,0,0,0,0
4930479D17Rik,2,6,9,2,11,9
4930479H17Rik,0,0,1,0,0,0
4930480E11Rik,0,0,0,0,0,0
4930480G23Rik,0,1,0,0,0,0
4930480K23Rik,495,490,282,260,373,339
4930480M12Rik,1,0,0,0,0,0
4930481A15Rik,184,199,139,75,177,169
4930483K19Rik,6,11,12,15,14,17
4930483O08Rik,0,2,1,0,0,0
4930484H19Rik,15,19,27,9,12,7
4930486F22Rik,2,0,0,0,0,0
4930486I03Rik,0,0,1,0,0,1
4930486L24Rik,1,0,0,0,0,0
4930487D11Rik,0,0,0,0,0,0
4930488B22Rik,0,0,0,0,0,0
4930488L21Rik,1145,1487,542,642,1050,1157
4930488N15Rik,7,7,7,6,6,12
4930500F10Rik,37,39,20,12,19,22
4930500L23Rik,2,1,1,0,0,3
4930500M09Rik,5,14,4,4,4,3
4930502A04Rik,0,1,0,0,0,0
4930502E18Rik,18,25,8,8,11,9
4930503B20Rik,0,0,0,0,2,0
4930503E14Rik,1,0,0,0,0,0
4930503F20Rik,0,0,0,0,0,0
4930503L19Rik,1570,1716,1282,753,1217,1253
4930503O07Rik,0,0,1,1,1,2
4930504D19Rik,0,0,0,0,0,0
4930504O13Rik,0,0,0,0,0,0
4930505A04Rik,11,11,15,5,6,16
4930505K13Rik,0,0,0,1,1,0
4930505K14Rik,0,0,0,0,0,0
4930505M18Rik,0,0,0,0,0,0
4930505N22Rik,27,26,13,12,16,23
4930505O20Rik,1,0,0,0,0,1
4930507D05Rik,27,28,16,14,18,17
4930507D10Rik,1,3,2,1,3,4
4930509E16Rik,0,1,0,0,2,0
4930509G22Rik,55,39,37,18,20,35
4930509J09Rik,4,6,3,4,6,10
4930509K18Rik,0,0,1,0,0,0
4930510E17Rik,0,0,0,0,0,0
4930511A02Rik,2,0,0,2,0,1
4930511E03Rik,0,0,0,0,0,0
4930511J24Rik,0,0,0,0,0,0
4930511O05Rik,0,0,0,0,0,0
4930512H18Rik,0,0,0,1,1,0
4930512J16Rik,2,2,3,1,2,1
4930512M02Rik,0,0,0,0,0,0
4930512P04Rik,6,2,1,0,3,3
4930513D17Rik,4,6,8,5,9,12
4930513N10Rik,39,36,26,21,29,32
4930513O06Rik,0,0,0,0,0,0
4930515B02Rik,0,0,0,0,0,0
4930515G01Rik,25,31,11,16,19,13
4930515L19Rik,0,0,0,0,0,1
4930516B21Rik,4,2,1,1,4,3
4930516K23Rik,0,0,0,0,0,0
4930517E11Rik,0,0,0,0,2,2
4930517L18Rik,0,3,3,2,3,1
4930517O19Rik,17,21,14,16,18,11
4930518C09Rik,2,2,0,4,2,3
4930518I15Rik,156,210,175,111,159,129
4930518I17Rik,1,0,0,0,0,0
4930518J20Rik,4,7,1,0,2,3
4930518J21Rik,0,1,0,0,0,0
4930518P08Rik,0,0,1,0,0,0
4930519A11Rik,3,0,0,2,1,0
4930519D14Rik,0,0,0,0,0,0
4930519F24Rik,4,3,2,2,3,4
4930519G04Rik,2,2,0,0,0,1
4930519H02Rik,0,0,0,0,0,1
4930519L02Rik,1,0,0,0,0,1
4930519P11Rik,12,5,2,2,4,1
4930520K02Rik,0,0,0,0,1,0
4930520M14Rik,15,18,5,19,14,27
4930520P13Rik,0,0,0,0,0,0
4930521E06Rik,0,0,0,0,0,0
4930521O17Rik,0,0,0,0,0,0
4930522H14Rik,0,0,0,0,0,1
4930522L14Rik,687,739,360,340,562,519
4930522N08Rik,1,1,1,0,0,2
4930522O17Rik,0,0,0,0,0,0
4930523C07Rik,23,49,18,15,38,47
4930523O13Rik,0,0,0,0,0,0
4930524B15Rik,9,6,5,2,2,9
4930524B17Rik,0,0,0,0,0,0
4930524C18Rik,0,0,0,0,0,1
4930524J08Rik,437,538,166,220,332,305
4930524N10Rik,0,0,0,0,0,0
4930524O07Rik,29,42,15,10,23,33
4930524O08Rik,0,0,0,2,0,1
4930525C09Rik,0,0,0,0,1,1
4930525G20Rik,76,85,102,40,75,74
4930526F13Rik,0,1,0,0,0,1
4930526H09Rik,0,1,0,0,1,0
4930526L06Rik,2,1,2,1,2,1
4930527A07Rik,0,0,0,0,1,0
4930527B05Rik,37,56,38,25,45,42
4930527E20Rik,2,0,1,0,0,0
4930528D03Rik,2,4,4,3,5,5
4930528G23Rik,8,5,6,2,5,2
4930528H21Rik,0,0,0,0,0,1
4930528P14Rik,0,0,0,1,0,0
4930529I22Rik,0,0,0,0,0,0
4930529K09Rik,0,0,0,0,0,0
4930529N20Rik,0,0,0,0,0,0
4930532G15Rik,143,150,39,48,84,75
4930532I03Rik,5,4,4,1,4,5
4930532M18Rik,3,6,1,2,4,2
4930533B01Rik,1,3,4,1,2,6
4930533D04Rik,0,0,0,0,0,1
4930533I22Rik,0,0,1,0,0,0
4930533K18Rik,7,6,3,3,1,6
4930533N22Rik,9,20,7,5,12,8
4930533P14Rik,0,0,0,0,0,0
4930534D22Rik,83,109,50,33,63,73
4930534H03Rik,0,0,0,1,1,0
4930535E02Rik,0,0,0,0,0,0
4930535G08Rik,0,0,0,0,0,0
4930535I16Rik,27,32,23,14,12,25
4930535L15Rik,5,5,0,0,4,1
4930535O05Rik,0,0,0,0,0,0
4930537H20Rik,37,50,22,11,22,37
4930538E20Rik,4,1,2,7,7,7
4930538L07Rik,0,0,0,0,0,0
4930539C22Rik,0,0,0,0,0,0
4930539E08Rik,106,113,70,51,71,71
4930539J05Rik,456,518,412,257,328,384
4930539M17Rik,11,11,3,5,5,2
4930540M03Rik,0,0,0,0,0,0
4930540M05Rik,6,8,2,1,9,7
4930542C12Rik,9,1,1,2,0,1
4930542C16Rik,0,0,0,0,0,0
4930543E12Rik,2,0,0,0,1,0
4930543K20Rik,0,0,0,0,0,0
4930543N07Rik,0,0,0,0,0,0
4930544D05Rik,0,0,2,0,0,0
4930544F09Rik,8,2,9,2,7,3
4930544G11Rik,0,0,0,0,0,0
4930544I03Rik,17,17,32,14,21,13
4930544M13Rik,0,0,0,0,0,0
4930545H06Rik,1,3,0,0,2,0
4930545L08Rik,1,1,0,2,2,3
4930545L23Rik,26,42,18,24,25,27
4930546C10Rik,0,1,0,0,0,0
4930546K05Rik,2,2,1,0,1,0
4930547H16Rik,0,0,1,0,0,0
4930548G14Rik,0,0,0,0,0,0
4930548H24Rik,3,8,6,6,1,1
4930548K13Rik,0,0,0,0,0,0
4930549C15Rik,1,0,0,2,0,1
4930550C14Rik,9,11,8,4,11,9
4930550C17Rik,0,0,0,0,0,0
4930550L24Rik,0,1,0,0,0,0
4930551I15Rik,0,0,0,0,0,0
4930551L18Rik,0,1,0,0,1,0
4930551O13Rik,3,4,4,1,3,4
4930552P12Rik,2,6,2,2,3,2
4930553M12Rik,0,0,0,0,0,0
4930553P18Rik,17,26,11,12,18,17
4930554C24Rik,0,0,0,0,0,0
4930554G24Rik,0,0,0,1,0,0
4930554H23Rik,2,3,1,1,3,3
4930555A03Rik,0,1,0,0,3,0
4930555B12Rik,0,0,0,0,0,0
4930555F03Rik,74,76,36,34,53,70
4930555G01Rik,0,0,0,0,0,0
4930555G07Rik,0,1,0,0,0,0
4930555G21Rik,0,0,0,0,0,0
4930555M17Rik,0,0,0,0,0,0
4930555O08Rik,0,0,0,0,0,0
4930556G01Rik,0,0,0,0,0,1
4930556G22Rik,0,0,0,0,0,0
4930556I23Rik,8,18,11,5,12,18
4930556J02Rik,0,6,3,2,0,0
4930556J24Rik,3,2,6,1,6,7
4930556L07Rik,3,2,1,1,1,2
4930556N09Rik,0,0,1,0,0,1
4930556N13Rik,0,1,0,0,0,0
4930557F08Rik,0,0,0,1,0,0
4930557F10Rik,1,1,1,1,0,1
4930557J02Rik,1,2,1,0,2,0
4930557K07Rik,4,7,0,2,3,9
4930558C23Rik,0,0,0,0,0,0
4930558F17Rik,0,0,0,0,0,0
4930558G05Rik,0,0,0,0,0,0
4930558J18Rik,0,1,2,1,1,2
4930558J22Rik,1,0,0,0,0,0
4930558K02Rik,32,25,6,13,15,11
4930558N11Rik,0,0,0,0,0,0
4930559C10Rik,0,0,0,0,0,0
4930562A09Rik,0,0,0,0,0,0
4930562C15Rik,4,4,4,3,3,0
4930562D21Rik,1,0,0,0,0,0
4930562F07Rik,1,1,0,0,0,0
4930562F17Rik,0,0,1,0,0,0
4930563D23Rik,0,0,0,0,0,0
4930563E18Rik,9,9,10,2,5,8
4930563F08Rik,3,6,1,2,6,3
4930563H07Rik,0,0,0,1,0,4
4930563I02Rik,0,1,1,0,0,1
4930563J15Rik,5,2,3,2,4,0
4930563M21Rik,0,0,0,0,0,1
4930564D02Rik,0,0,0,0,0,0
4930565D16Rik,0,0,0,0,0,0
4930565N06Rik,14,14,8,8,20,25
4930566F21Rik,2,2,2,2,5,3
4930567H12Rik,1,0,0,0,0,0
4930567H17Rik,0,0,0,0,0,0
4930567K12Rik,5,6,5,2,8,8
4930567K20Rik,7,5,12,6,5,6
4930568A12Rik,2,4,10,4,3,6
4930568A13Rik,0,0,0,0,0,0
4930568D16Rik,0,0,0,0,0,0
4930568E12Rik,0,0,0,0,0,0
4930568G15Rik,14,14,24,7,17,7
4930570B17Rik,103,180,86,92,106,137
4930570G19Rik,1222,1253,1065,602,901,921
4930570N18Rik,0,0,0,0,0,1
4930571K23Rik,0,0,0,0,0,0
4930572G02Rik,28,24,36,18,34,17
4930572K03Rik,0,0,0,0,0,0
4930572O03Rik,0,0,0,0,0,0
4930572O13Rik,0,0,1,1,1,0
4930573C15Rik,0,0,0,0,0,0
4930573H18Rik,0,0,1,0,0,0
4930573I07Rik,0,0,0,0,0,0
4930577H14Rik,0,0,0,0,0,0
4930578C19Rik,4,18,6,5,11,8
4930578G10Rik,165,237,270,156,191,180
4930578I06Rik,0,0,0,0,0,0
4930579C12Rik,1,1,3,0,0,1
4930579D09Rik,0,0,0,0,0,0
4930579F01Rik,0,0,0,0,0,0
4930579G18Rik,32,43,17,33,36,51
4930579G24Rik,43,34,16,16,12,20
4930579H20Rik,0,0,0,0,1,1
4930579J19Rik,1,0,0,0,0,1
4930579M01Rik,0,0,1,0,0,1
4930579P08Rik,0,0,0,0,0,0
4930580E04Rik,2,5,3,1,4,3
4930583I09Rik,0,0,0,0,0,0
4930583P06Rik,5,3,4,2,0,1
4930584F24Rik,0,0,0,0,0,0
4930586N03Rik,1,2,0,2,2,0
4930587A21Rik,0,0,0,0,0,0
4930587E11Rik,2,2,1,0,3,2
4930588G17Rik,11,6,0,3,2,3
4930588K23Rik,1,0,0,0,1,0
4930589L23Rik,7,3,3,2,2,3
4930589P08Rik,1,1,3,4,1,3
4930590J08Rik,135,174,163,79,159,157
4930590L14Rik,0,0,0,0,0,0
4930590L20Rik,4,11,2,15,6,6
4930591A17Rik,0,0,0,0,0,0
4930591E09Rik,0,0,0,0,0,0
4930592A05Rik,9,5,4,2,5,1
4930592C13Rik,10,4,2,2,3,1
4930593A02Rik,2,7,1,0,6,6
4930593C16Rik,26,26,15,10,22,13
4930594M17Rik,0,0,0,0,0,0
4930594M22Rik,19,27,13,14,10,20
4930594O21Rik,1,1,0,1,0,0
4930595D18Rik,3,4,1,1,7,4
4930595L18Rik,0,0,0,0,0,1
4930595M18Rik,0,0,0,0,0,0
4930596D02Rik,0,0,0,0,0,0
4930597A21Rik,0,1,0,0,0,0
4930598A11Rik,3,4,4,2,3,0
4930598F16Rik,0,0,0,0,0,0
4930599A14Rik,0,0,0,0,0,0
4930599N23Rik,51,95,64,51,135,45
4931400O07Rik,0,0,0,0,0,0
4931403G20Rik,4,5,3,1,2,3
4931406B18Rik,0,1,0,0,1,0
4931406C07Rik,1263,1320,990,609,931,850
4931406G06Rik,3,2,4,1,3,4
4931406P16Rik,3914,3694,3584,1688,3229,3422
4931407E12Rik,0,0,0,0,0,0
4931408C20Rik,0,1,1,0,1,0
4931409K22Rik,27,23,11,7,15,21
4931413I07Rik,0,0,0,0,0,0
4931414P19Rik,153,164,102,74,116,110
4931417E11Rik,0,0,0,0,0,0
4931419H13Rik,11,10,5,5,10,2
4931420L22Rik,0,0,0,0,0,0
4931422A03Rik,8,16,9,9,8,13
4931423N10Rik,25,14,10,8,17,10
4931428F04Rik,773,912,999,497,776,760
4931428L18Rik,1,4,0,2,2,4
4931429L15Rik,26,24,8,13,15,16
4931429P17Rik,1,1,1,0,1,4
4931431C16Rik,5,10,3,2,6,5
4931440F15Rik,371,440,416,211,351,375
4931440J10Rik,4,9,12,6,5,3
4932411K12Rik,1,2,3,1,1,0
4932411N23Rik,0,0,0,0,0,0
4932412D23Rik,9,7,8,4,10,7
4932413F04Rik,17,11,9,10,10,16
4932414J04Rik,0,0,0,0,0,0
4932414N04Rik,0,0,0,0,0,0
4932415D10Rik,0,1,0,0,0,0
4932415M13Rik,0,1,0,0,0,0
4932416K20Rik,0,0,0,0,0,0
4932422M17Rik,99,136,44,60,97,76
4932429P05Rik,0,0,0,0,0,0
4932430I15Rik,2,1,0,1,5,3
4932435O22Rik,24,23,44,16,32,36
4932438A13Rik,13557,12568,13979,5721,10544,10596
4932438H23Rik,21,37,22,17,26,13
4932443I19Rik,52,53,40,34,52,51
4932443L11Rik,46,37,19,22,24,36
4932702P03Rik,20,25,16,18,17,27
4933400A11Rik,0,0,0,0,0,0
4933400C23Rik,2,6,2,2,4,2
4933400L20Rik,0,0,0,0,0,0
4933402C05Rik,0,0,0,0,0,0
4933402C06Rik,3,4,1,0,2,1
4933402D24Rik,4,3,3,1,5,2
4933402E13Rik,0,0,0,0,1,0
4933402J07Rik,0,0,0,0,0,0
4933402J10Rik,0,0,0,0,0,0
4933402J15Rik,3,2,1,3,2,3
4933402N03Rik,0,0,0,0,0,0
4933402N22Rik,0,0,0,0,0,0
4933403O08Rik,2,1,1,0,1,0
4933404G15Rik,0,1,0,0,0,1
4933404I11Rik,1,1,3,1,3,1
4933404K08Rik,1,1,0,1,1,0
4933404K13Rik,0,0,0,0,0,0
4933404O12Rik,284,311,228,153,252,229
4933405D12Rik,14,12,3,5,16,2
4933405E24Rik,0,0,0,0,0,0
4933405L10Rik,20,20,8,9,20,21
4933405O20Rik,19,10,26,8,19,19
4933406B15Rik,13,19,15,17,22,24
4933406B17Rik,17,19,6,9,9,11
4933406C10Rik,706,730,474,384,529,520
4933406D12Rik,0,0,0,0,0,0
4933406F09Rik,1,0,0,0,1,1
4933406G16Rik,0,0,0,0,0,0
4933406I18Rik,926,1065,897,599,984,778
4933406J09Rik,9,12,3,10,3,3
4933406J10Rik,3,1,2,7,9,0
4933406K04Rik,0,1,0,1,0,0
4933406M09Rik,0,1,0,0,0,0
4933406P04Rik,27,45,12,13,33,21
4933407E24Rik,2,1,1,3,0,1
4933407I05Rik,8,14,2,5,10,9
4933407I08Rik,5,13,6,6,9,5
4933407L21Rik,367,423,224,177,295,285
4933408A14Rik,0,0,0,0,0,0
4933408B17Rik,126,133,137,68,120,138
4933408J17Rik,23,29,30,6,27,29
4933408N05Rik,0,1,1,1,0,0
4933409D19Rik,1,0,0,0,1,0
4933409F18Rik,0,0,0,0,0,1
4933409G03Rik,0,0,0,0,0,0
4933411E02Rik,2,4,1,1,2,3
4933411E06Rik,0,0,1,0,0,0
4933411E08Rik,4,3,2,0,0,1
4933411G06Rik,0,0,0,0,0,0
4933411K16Rik,1,1,1,0,1,0
4933411O13Rik,10,11,7,11,9,22
4933412E24Rik,0,0,0,0,0,0
4933412O06Rik,216,295,240,119,180,176
4933413J09Rik,0,1,3,0,0,0
4933413L06Rik,67,87,29,38,52,82
4933414I15Rik,0,0,0,0,0,0
4933415A04Rik,15,11,17,10,7,8
4933415F23Rik,0,0,1,0,0,1
4933416C03Rik,4,2,2,2,1,10
4933416M07Rik,0,0,0,1,1,0
4933416O17Rik,0,0,0,0,0,0
4933417A18Rik,1,0,0,0,0,0
4933417D19Rik,18,9,8,5,3,7
4933417E11Rik,0,2,0,1,0,0
4933417O13Rik,3,3,3,1,3,1
4933421D24Rik,1,1,0,0,1,0
4933421I07Rik,0,0,0,0,0,1
4933422A05Rik,3,2,1,0,3,3
4933423P22Rik,39,46,41,24,51,48
4933424G06Rik,17,45,18,23,20,29
4933424H11Rik,0,0,0,0,0,0
4933424L21Rik,0,0,0,0,0,0
4933424M12Rik,3,6,7,3,8,7
4933425B07Rik,1,0,0,0,0,0
4933425L06Rik,0,1,1,0,0,0
4933426K07Rik,1,1,2,0,2,0
4933427D06Rik,0,0,1,1,0,1
4933427D14Rik,2334,2189,2470,1180,1872,1919
4933427E11Rik,8,5,8,5,3,7
4933427E13Rik,1,1,0,0,1,0
4933427I04Rik,5,5,4,2,2,5
4933427I22Rik,8,21,6,6,9,9
4933427J07Rik,43,40,51,35,36,29
4933428C19Rik,10,12,5,3,5,6
4933428G20Rik,24,27,5,15,34,33
4933428M09Rik,0,0,0,0,0,0
4933428P19Rik,19,23,3,12,14,17
4933429H19Rik,17,50,10,12,18,17
4933430A20Rik,1,0,0,1,0,0
4933430H16Rik,0,1,0,0,0,0
4933430I17Rik,7,7,4,7,0,7
4933430L12Rik,0,0,0,0,0,0
4933430M04Rik,14,7,11,8,14,13
4933431E20Rik,1479,1795,1411,750,1254,1353
4933431G14Rik,20,18,10,11,8,17
4933431J24Rik,0,0,0,0,0,1
4933431M02Rik,2,2,3,0,1,1
4933432G23Rik,0,0,0,0,0,0
4933432I03Rik,0,0,0,0,2,0
4933432I09Rik,71,83,77,44,50,77
4933432K03Rik,3,2,3,2,4,4
4933433F19Rik,0,0,0,0,0,0
4933433G08Rik,0,0,0,0,0,0
4933433G15Rik,364,317,236,198,263,220
4933433G19Rik,13,16,7,10,4,10
4933433N18Rik,0,0,0,0,0,1
4933434E20Rik,2421,2596,2028,1191,2111,2042
4933434M16Rik,1,2,0,1,1,2
4933435F18Rik,0,0,0,0,0,0
4933435G04Rik,0,0,1,0,0,0
4933436E23Rik,0,0,0,0,0,0
4933436H12Rik,0,0,0,0,0,0
4933436I01Rik,0,0,0,0,0,0
4933436I20Rik,0,1,1,1,4,0
4933438A12Rik,0,0,0,0,0,0
4933438B17Rik,0,0,0,0,0,0
4933438K21Rik,0,1,0,1,1,3
4933439J24Rik,0,0,0,0,0,0
4933439N14Rik,7,2,1,0,1,3
4933440J02Rik,0,0,0,0,0,0
4933440M02Rik,1,2,3,0,1,5
5031410I06Rik,35,24,23,12,28,30
5031415H12Rik,40,46,36,23,39,24
5031425E22Rik,3675,5396,3179,2149,3389,3516
5031425F14Rik,2,3,2,2,3,2
5031434C07Rik,4,5,1,2,3,3
5031439G07Rik,3636,2864,2864,1606,2657,2724
5033403F01Rik,223,182,95,82,115,130
5033406O09Rik,7,14,12,6,11,8
5033417F24Rik,93,103,48,55,62,85
5033421B08Rik,252,266,185,120,255,192
5033426E14Rik,1,0,0,0,0,0
5033426O07Rik,9,24,5,4,7,9
5033428I22Rik,2,7,2,0,0,3
5033430I15Rik,61,54,41,27,33,50
5330411O13Rik,16,14,11,10,13,10
5330413D20Rik,0,0,0,0,0,0
5330413P13Rik,117,113,73,63,72,62
5330416C01Rik,87,151,152,88,98,130
5330417C22Rik,2789,2811,2827,1358,2395,2504
5330417H12Rik,0,0,0,0,0,0
5330426L24Rik,1,1,5,2,5,0
5330429C05Rik,43,28,31,21,49,44
5330434G04Rik,16037,17140,13953,7661,14050,15100
5330438I03Rik,65,61,26,30,40,44
5330439A09Rik,13,26,10,7,10,21
5330439B14Rik,0,0,0,0,0,0
5330439M10Rik,0,2,0,0,1,1
5430401F13Rik,0,0,0,0,0,0
5430401H09Rik,1,1,1,0,0,1
5430402E10Rik,0,0,0,0,0,0
5430402O13Rik,757,808,267,317,397,417
5430402P08Rik,1,1,1,1,0,2
5430403G16Rik,252,339,224,165,244,219
5430403N17Rik,1,6,4,2,5,5
5430416N02Rik,723,897,633,329,563,608
5430419D17Rik,1,0,0,1,0,1
5430421F17Rik,0,5,2,2,2,2
5430425K12Rik,12,13,4,3,13,8
5430427M07Rik,1,0,0,1,1,2
5430427N15Rik,6,4,2,1,2,1
5430427O19Rik,16,31,36,22,47,20
5430431A17Rik,16,7,6,7,17,12
5430434I15Rik,0,0,0,0,0,0
5430435K18Rik,1,3,2,0,1,0
5430440P10Rik,7,7,3,1,3,4
5530400C23Rik,0,0,0,0,0,0
5530401A14Rik,85,89,54,50,84,92
5730403I07Rik,6,5,2,2,2,1
5730409E04Rik,876,957,653,409,604,595
5730419F03Rik,6,5,3,2,2,1
5730422E09Rik,23,30,54,26,31,36
5730437C11Rik,0,0,0,0,0,0
5730455P16Rik,1739,1647,1213,937,1199,1093
5730460C07Rik,0,0,0,0,0,1
5730480H06Rik,1538,1786,1594,757,1411,1577
5730507C01Rik,64,44,57,26,60,32
5730522E02Rik,1641,1877,1630,908,1244,1352
5730559C18Rik,116,184,115,70,144,120
5730596B20Rik,0,0,0,0,0,0
5830405F06Rik,0,0,0,0,0,0
5830411N06Rik,1,2,1,0,0,0
5830416I19Rik,14,18,13,13,12,11
5830418P13Rik,81,62,57,32,52,56
5830432E09Rik,28,31,46,32,67,19
5830454E08Rik,358,272,137,170,152,188
5830468F06Rik,1,1,3,2,3,6
5830473C10Rik,5,2,5,3,8,11
5930412G12Rik,25,37,17,18,24,28
5930422O12Rik,73,112,85,46,92,84
5930430L01Rik,378,413,350,215,317,277
5930435M05Rik,2,0,0,0,2,0
5930438M14Rik,20,50,24,16,14,19
6030407O03Rik,14,17,18,13,22,14
6030408B16Rik,9,6,10,3,4,11
6030419C18Rik,555,615,503,316,411,385
6030440G07Rik,0,0,0,0,0,1
6030442E23Rik,0,0,0,0,0,0
6030443J06Rik,520,639,646,301,554,539
6030445D17Rik,85,58,25,27,26,30
6030452D12Rik,0,0,0,0,0,0
6030458C11Rik,3071,3828,2649,1548,2774,2914
6030466F02Rik,0,1,2,0,1,0
6030468B19Rik,34,37,39,35,76,22
6030469F06Rik,0,0,1,0,0,0
6030471H07Rik,0,0,0,0,0,0
6030498E09Rik,1,2,0,1,1,2
6230400D17Rik,1145,1635,660,747,1004,994
6330403K07Rik,3982,3108,1482,1516,1813,2068
6330403L08Rik,214,217,208,102,138,133
6330403N20Rik,29,24,22,17,19,17
6330409D20Rik,10,14,16,7,12,9
6330410L21Rik,7,4,6,2,1,2
6330418K02Rik,104,120,84,77,94,72
6330420H09Rik,5,5,3,2,7,4
6330562C20Rik,171,208,131,100,171,171
6330576A10Rik,15,10,16,8,14,12
6430503K07Rik,11,6,6,5,8,5
6430531B16Rik,109,101,61,46,66,51
6430548M08Rik,2340,2365,2593,1134,1890,1767
6430550D23Rik,148,135,82,56,109,123
6430571L13Rik,130,142,95,77,78,75
6430573F11Rik,817,921,596,447,673,624
6430573P05Rik,109,122,47,39,61,57
6430584L05Rik,98,117,128,55,85,97
6430628N08Rik,50,40,42,6,46,49
6430710C18Rik,3,2,4,0,2,2
6530403H02Rik,693,741,561,339,558,598
6530409C15Rik,627,579,253,357,308,318
6530411M01Rik,31,55,19,26,30,23
6530437J22Rik,40,49,30,22,33,29
6720427I07Rik,1054,1327,709,491,1018,1178
6720483E21Rik,143,109,58,57,82,78
6720489N17Rik,155,164,172,73,125,141
6820408C15Rik,65,79,49,45,51,71
6820426E19Rik,0,0,0,0,0,0
7330404K18Rik,1,0,1,0,0,0
7420426K07Rik,1,1,0,0,0,1
7420700N18Rik,0,2,0,0,1,0
7420701I03Rik,0,0,1,1,0,0
7530416G11Rik,3,3,1,0,2,1
7630403G23Rik,486,505,357,195,449,513
8030411F24Rik,1,0,1,0,0,0
8030423F21Rik,7,7,8,4,4,5
8030423J24Rik,0,3,3,2,1,2
8030442B05Rik,16,28,37,13,18,14
8030443G20Rik,2,1,1,0,0,1
8030455M16Rik,5,5,1,0,2,0
8030462N17Rik,574,841,641,388,570,512
8030474K03Rik,1,1,1,0,2,2
8430408G22Rik,5,7,4,15,12,31
8430423G03Rik,1,0,0,0,0,1
8430432A02Rik,199,266,91,160,165,149
8430436N08Rik,7,5,5,3,2,3
8430437L04Rik,0,0,0,0,0,1
9030025P20Rik,345,330,314,191,324,281
9030204H09Rik,3,1,0,0,0,2
9030404E10Rik,8,6,3,2,0,4
9030612E09Rik,160,154,128,98,111,113
9030616G12Rik,0,0,0,0,0,0
9030622O22Rik,0,0,0,0,0,0
9030624G23Rik,183,233,140,116,152,166
9030624J02Rik,2174,2383,2033,1206,2136,1920
9130008F23Rik,23,39,13,14,15,12
9130011E15Rik,609,662,546,351,581,568
9130015A21Rik,0,4,5,1,2,4
9130015G15Rik,9,8,4,4,5,6
9130015L21Rik,0,0,0,0,0,0
9130019O22Rik,141,139,174,70,129,106
9130023H24Rik,36,29,22,20,24,25
9130204K15Rik,1,0,0,0,1,0
9130204L05Rik,0,0,0,0,0,0
9130213A22Rik,8,17,5,13,10,11
9130221F21Rik,0,0,0,0,0,0
9130221H12Rik,49,41,42,24,32,25
9130227L01Rik,8,17,6,9,1,7
9130230L23Rik,0,0,0,2,2,2
9130401M01Rik,838,945,653,372,667,709
9130409I23Rik,6,5,2,3,3,6
9130410C08Rik,2,2,1,0,1,0
9130604C24Rik,32,49,19,21,30,18
9230009I02Rik,11,12,4,3,11,5
9230019H11Rik,0,0,0,0,0,0
9230020A06Rik,1,0,0,0,0,0
9230102K24Rik,8,12,8,5,1,3
9230102O04Rik,0,0,0,0,0,0
9230104L09Rik,0,1,0,2,0,0
9230104M06Rik,46,39,12,20,21,14
9230105E05Rik,0,0,0,1,0,0
9230106D20Rik,0,1,0,0,0,0
9230109A22Rik,1,0,0,0,0,0
9230110C19Rik,764,1102,534,504,655,773
9230110F15Rik,3,0,1,1,2,0
9230111E07Rik,8,10,14,6,8,6
9230112D13Rik,0,1,0,0,0,0
9230112J17Rik,97,74,61,49,55,92
9230113P08Rik,31,21,30,13,12,14
9230114J08Rik,0,0,0,0,1,0
9230116L04Rik,159,165,101,87,120,113
9230117E06Rik,2,3,1,0,4,5
9330020H09Rik,674,690,289,434,449,457
9330102E08Rik,169,170,197,102,139,122
9330104G04Rik,479,456,257,239,275,260
9330111N05Rik,104,122,109,51,116,82
9330121J05Rik,57,75,19,24,64,55
9330136K24Rik,121,147,95,71,90,107
9330154K18Rik,2,5,2,0,2,3
9330158H04Rik,239,284,169,177,156,169
9330159F19Rik,2891,3403,3633,1456,2868,3429
9330160F10Rik,560,605,222,272,322,313
9330161L09Rik,6,8,10,7,9,6
9330162B11Rik,10,9,2,6,6,6
9330171B17Rik,109,98,39,68,53,52
9330175E14Rik,0,0,11,6,27,3
9330175M20Rik,34,46,21,18,28,35
9330178D15Rik,1,1,1,0,0,0
9330179D12Rik,120,167,101,99,111,152
9330182L06Rik,2395,2642,2784,1070,2206,2222
9330182O14Rik,0,0,1,0,0,0
9330185C12Rik,56,80,105,34,63,68
9330198I05Rik,31,24,13,15,18,17
9330198N18Rik,31,24,14,14,19,14
9330199G10Rik,185,151,153,74,123,126
9430002A10Rik,8,4,8,4,8,3
9430007A20Rik,0,0,0,0,0,0
9430015G10Rik,1509,1639,1210,833,1237,1285
9430018G01Rik,13,15,9,9,9,8
9430024E24Rik,1,1,0,0,1,0
9430037G07Rik,251,308,268,139,251,214
9430038I01Rik,281,278,248,206,241,208
9430041J12Rik,481,766,432,274,461,566
9430060I03Rik,286,349,115,147,210,191
9430065F17Rik,438,500,197,236,265,289
9430069I07Rik,1,2,0,0,0,0
9430073C21Rik,2,4,3,0,0,5
9430078K24Rik,0,1,2,0,0,0
9430085M18Rik,308,389,227,128,249,238
9430093N23Rik,1,0,0,0,0,1
9430097D07Rik,79,79,34,59,58,55
9430098F02Rik,8,9,2,6,7,6
9530002B09Rik,0,0,0,0,0,0
9530003J23Rik,1,1,0,0,0,1
9530014B07Rik,0,0,0,0,0,0
9530020I12Rik,6,2,1,1,1,5
9530026F06Rik,0,0,0,0,0,0
9530026P05Rik,435,494,327,112,322,379
9530027J09Rik,28,27,13,26,22,33
9530034A14Rik,0,0,0,0,0,0
9530034E10Rik,1,1,0,3,0,1
9530036M11Rik,0,0,0,3,3,2
9530036O11Rik,69,54,45,41,46,39
9530046B11Rik,20,27,18,15,13,24
9530052C20Rik,14,27,9,9,20,11
9530053A07Rik,0,1,0,1,1,2
9530059O14Rik,21614,28015,22607,10965,22215,25375
9530068E07Rik,1902,2228,1356,838,1535,1464
9530077C05Rik,1656,2024,1367,686,1536,1688
9530082P21Rik,106,92,54,53,67,72
9630001P10Rik,232,254,136,111,182,170
9630002D21Rik,117,192,133,69,97,105
9630009A06Rik,73,75,82,30,55,49
9630013A20Rik,221,332,218,232,567,375
9630013K17Rik,2,1,1,1,0,1
9630015K15Rik,14,13,4,22,15,12
9630028B13Rik,6,3,3,2,4,8
9630028H03Rik,6,12,7,3,4,6
9630041A04Rik,8,7,7,5,2,5
9830004L10Rik,2,1,0,1,0,0
9830107B12Rik,0,0,1,0,0,0
9830132P13Rik,1,0,1,2,0,2
9930004E17Rik,22,53,11,10,44,41
9930012K11Rik,161,101,97,69,88,87
9930021J03Rik,1804,1576,1899,902,1454,1412
9930022D16Rik,2,5,8,6,5,2
9930038B18Rik,2,1,0,0,1,0
9930104L06Rik,958,1122,1141,456,951,945
9930111H07Rik,0,0,0,0,0,0
9930111J21Rik1,9,26,23,20,45,12
9930111J21Rik2,29,64,113,62,124,33
A030001D20Rik,380,440,271,195,294,316
A030003K21Rik,0,0,0,0,0,0
A030005K14Rik,0,0,0,0,0,0
A030005L19Rik,33,35,31,18,32,32
A030014E15Rik,3,3,2,1,5,2
A130010J15Rik,224,208,126,107,131,150
A130030D18Rik,1,0,0,0,2,0
A130051J06Rik,23,22,6,10,18,18
A130077B15Rik,10,6,14,10,14,7
A1bg,1,0,0,0,0,0
A1cf,0,0,0,0,0,0
A230001M10Rik,270,321,268,134,240,222
A230005M16Rik,16,22,7,8,10,9
A230006K03Rik,6330,6099,4646,3091,4827,5215
A230009B12Rik,88,111,66,48,73,69
A230020J21Rik,10,14,2,5,8,6
A230028O05Rik,4,9,0,4,2,1
A230050P20Rik,8804,7531,6677,4034,5988,6586
A230057D06Rik,3328,3702,5770,2002,3780,3206
A230060F14Rik,52,67,26,24,37,42
A230065N10Rik,126,136,56,79,84,106
A230072E10Rik,513,559,420,247,402,436
A230072I06Rik,4,3,8,1,14,4
A230077H06Rik,394,368,298,198,325,321
A230083G16Rik,122,144,102,58,118,113
A230083N12Rik,6,5,3,9,4,3
A230087F16Rik,514,470,333,184,363,327
A230098N10Rik,0,0,0,0,0,0
A230107N01Rik,411,607,272,253,320,307
A230108P19Rik,3,3,4,1,4,1
A26c2,1,2,2,0,2,1
A2m,17,16,13,4,33,18
A2ml1,123,105,53,70,75,67
A330008L17Rik,1121,1275,931,558,965,789
A330009N23Rik,183,205,119,69,128,145
A330015K06Rik,498,561,322,163,338,495
A330032B11Rik,37,74,40,32,41,50
A330033J07Rik,30,38,19,16,30,33
A330035P11Rik,37,54,15,18,32,29
A330041J22Rik,122,145,104,63,113,94
A330043C09Rik,0,0,1,0,0,0
A330048O09Rik,8,15,2,7,3,10
A330049N07Rik,248,214,197,142,224,171
A330069E16Rik,432,383,173,230,249,303
A330069K06Rik,41,33,15,28,11,12
A330070K13Rik,62,73,39,35,45,58
A330074K22Rik,138,153,146,69,142,159
A330076C08Rik,87,114,82,44,58,82
A330084C13Rik,62,51,33,32,38,32
A330087D11Rik,0,0,0,0,0,0
A330093E20Rik,25,29,18,11,30,28
A330094K24Rik,8,6,1,3,1,3
A330102I10Rik,420,504,430,276,377,451
A3galt2,12,14,15,4,18,10
A430005L14Rik,398,470,303,229,266,331
A430027H14Rik,377,358,163,190,195,203
A430033K04Rik,1590,1508,1015,741,1083,1185
A430034D21Rik,1,0,0,0,0,0
A430046D13Rik,254,255,257,181,224,199
A430048G15Rik,0,0,0,0,0,0
A430057M04Rik,51,36,35,32,32,30
A430073D23Rik,51,81,39,27,47,46
A430078G23Rik,6,12,4,5,4,4
A430078I02Rik,20,24,10,10,10,10
A430089I19Rik,0,0,0,0,0,0
A430090L17Rik,14,11,7,2,6,8
A430105I19Rik,230,257,191,131,161,165
A430105J06Rik,644,579,234,298,394,391
A430106G13Rik,2481,2783,1895,1288,2663,2330
A430110L20Rik,257,248,256,177,242,218
A4galt,12,22,8,5,11,12
A4gnt,1,3,4,2,3,3
A530001N23Rik,28,29,10,10,17,11
A530006G24Rik,0,1,0,0,0,1
A530010F05Rik,0,0,0,0,0,0
A530010L16Rik,3,8,4,6,2,3
A530013C23Rik,15,23,28,16,15,16
A530016L24Rik,4,3,3,2,2,1
A530017D24Rik,221,272,265,134,224,239
A530020G20Rik,0,2,0,0,1,2
A530021J07Rik,9,9,11,8,5,4
A530032D15Rik,3,6,4,1,2,2
A530040E14Rik,8,3,2,4,1,6
A530046M15Rik,27,14,5,10,10,13
A530053M12Rik,0,0,0,0,0,0
A530064D06Rik,1,0,0,0,0,0
A530065N20Rik,14,9,10,1,7,6
A530076I17Rik,16,7,2,4,4,2
A530084C06Rik,7,6,2,1,1,4
A530095I07Rik,13,3,3,1,7,4
A530099J19Rik,0,0,0,0,0,0
A630001G21Rik,19,57,73,56,119,49
A630001O12Rik,3,1,3,3,2,1
A630009H07Rik,1,3,1,2,4,3
A630010A05Rik,0,0,1,0,0,1
A630012P03Rik,0,0,0,0,0,0
A630014C17Rik,0,1,0,1,1,0
A630019I02Rik,109,95,49,58,97,94
A630023A22Rik,0,0,0,0,0,0
A630023P12Rik,124,178,138,66,125,155
A630031M04Rik,7,9,6,8,7,11
A630050E04Rik,0,0,0,0,0,0
A630072L19Rik,10,6,6,6,11,18
A630072M18Rik,747,1024,492,358,540,565
A630073D07Rik,0,0,0,0,0,0
A630075F10Rik,0,0,2,0,0,0
A630076J17Rik,3,2,1,0,1,1
A630089N07Rik,1227,1441,997,741,988,1117
A630091E08Rik,0,0,0,1,0,0
A630095E13Rik,0,0,0,2,0,0
A630095N17Rik,1,0,1,0,0,2
A730004F24Rik,0,0,0,0,0,0
A730009L09Rik,9,18,11,3,12,13
A730011C13Rik,52,58,39,30,49,43
A730015C16Rik,59,70,29,25,58,62
A730017C20Rik,1241,954,643,583,645,627
A730020M07Rik,6,21,6,0,5,17
A730032A03Rik,1,0,2,0,0,0
A730035I17Rik,44,28,12,17,13,24
A730036I17Rik,8,11,3,3,9,15
A730043L09Rik,3,3,5,2,5,5
A730045E13Rik,11,13,18,3,11,9
A730046J19Rik,9,10,0,4,2,10
A730049H05Rik,1,3,3,0,4,7
A730056A06Rik,66,89,48,22,64,35
A730060N03Rik,406,510,540,273,420,452
A730061H03Rik,72,98,30,34,66,54
A730063M14Rik,81,84,37,49,61,53
A730065G17Rik,15,16,8,4,10,8
A730071L15Rik,65,55,22,32,38,29
A730081D07Rik,101,112,86,57,124,95
A730082K24Rik,0,0,0,0,0,0
A730085K08Rik,42,40,21,8,31,34
A730090N16Rik,2,1,7,0,5,2
A730098A19Rik,150,179,97,78,114,94
A830005F24Rik,41,35,24,16,31,31
A830008E24Rik,126,194,125,96,198,154
A830009L08Rik,417,474,244,214,282,248
A830010M20Rik,3789,4165,3713,1987,3247,3226
A830011K09Rik,84,80,67,47,54,49
A830018L16Rik,7763,8679,7093,4177,6173,6511
A830019L24Rik,80,96,39,48,51,60
A830019P07Rik,66,103,51,38,70,70
A830029E22Rik,40,54,24,28,25,31
A830031A19Rik,57,34,21,24,26,43
A830035O19Rik,150,181,68,114,120,105
A830036E02Rik,9502,9390,9122,4874,7986,7024
A830052D11Rik,109,153,70,90,99,67
A830082K12Rik,1641,2067,1582,1102,1320,1344
A830092H15Rik,1004,1146,626,430,745,921
A930001A20Rik,1,2,1,0,2,0
A930002C04Rik,476,383,264,210,258,234
A930002H24Rik,89,78,22,52,57,44
A930002I21Rik,0,0,0,0,0,0
A930003A15Rik,7,16,10,10,11,7
A930003O13Rik,53,48,50,26,53,34
A930004D18Rik,62,71,40,42,55,60
A930006I01Rik,0,0,0,0,0,0
A930006L05Rik,37,35,21,13,39,22
A930007I19Rik,164,232,145,118,173,155
A930009A15Rik,133,190,86,81,161,154
A930012L18Rik,293,368,272,192,259,232
A930014D07Rik,0,0,0,0,0,0
A930014E10Rik,0,1,0,0,0,0
A930015D03Rik,202,191,106,135,124,159
A930016O22Rik,610,537,255,288,361,278
A930017K11Rik,22,29,15,17,16,19
A930018P22Rik,7,4,6,3,5,7
A930019D19Rik,2,1,0,1,3,3
A930024E05Rik,468,557,344,259,417,371
A930024N18Rik,202,202,157,78,197,154
A930028N01Rik,34,35,30,35,45,37
A930029G22Rik,474,578,220,305,372,373
A930031H19Rik,0,0,0,0,1,0
A930033H14Rik,410,531,324,267,406,346
A930033M14Rik,4,3,5,4,4,1
A930038B10Rik,5,3,1,0,1,3
A930041C12Rik,2,4,0,2,6,4
A930104D05Rik,2,0,4,1,2,2
AA387200,5,3,3,2,2,4
AA467197,11,13,6,5,4,13
AA543186,551,654,265,328,428,456
AA545190,0,0,0,0,0,0
AA645442,0,0,0,0,1,0
AA672651,0,0,0,0,0,0
AA792892,1,0,0,0,0,0
AA986860,51,56,36,30,44,51
AB041806,317,360,224,209,252,271
AB124611,9,13,2,7,15,5
AC034116.3,7,11,14,4,13,8
AC061963.1,113,100,88,65,94,116
AC078895.1,62,63,13,46,35,31
AC079680.1,1,0,0,1,0,0
AC079680.2,0,0,0,0,0,0
AC084822.2,2,0,1,0,0,0
AC087064.2,0,0,0,0,0,0
AC087116.1,0,0,1,0,0,0
AC087556.1,0,1,0,0,0,0
AC087559.2,7,5,2,5,1,3
AC087559.3,2,3,1,1,2,3
AC087898.2,9,15,10,9,14,9
AC087898.3,32,33,29,17,28,31
AC091463.1,8,16,2,2,4,12
AC093479.1,1,2,1,0,1,0
AC097366.1,62,43,32,27,34,45
AC098883.2,1,1,1,0,0,1
AC100400.1,0,0,0,0,0,0
AC101921.1,11,6,4,2,3,13
AC102103.1,3,11,3,6,1,0
AC102264.1,0,0,0,0,0,0
AC102334.1,37,29,16,13,17,32
AC102815.1,21,9,13,10,6,14
AC102910.1,41,89,42,68,50,30
AC103674.1,0,0,0,0,0,0
AC103674.4,0,0,0,0,0,0
AC104325.1,0,4,2,0,0,0
AC108416.1,0,0,0,0,0,0
AC108826.1,0,0,0,0,0,0
AC109204.1,9,5,1,2,6,4
AC109617.1,0,0,0,0,0,1
AC109617.2,5,5,8,7,5,3
AC110166.1,2,2,3,1,0,2
AC110166.2,214,245,178,125,136,171
AC110211.1,0,0,1,0,0,0
AC110241.2,397,415,287,190,348,366
AC112943.2,89,149,59,66,77,88
AC113204.1,0,0,0,0,0,0
AC113587.1,76,74,25,43,24,39
AC113595.1,22,34,44,20,85,23
AC113595.2,11,7,4,5,1,4
AC114585.1,329,474,372,205,344,337
AC114990.2,0,0,0,0,1,2
AC116487.2,8,4,7,4,5,5
AC116769.1,7,7,2,3,3,2
AC117197.1,0,0,0,0,0,0
AC117197.2,0,0,0,0,0,0
AC117197.3,3,6,2,3,4,4
AC117232.1,208,233,169,89,167,180
AC117241.1,0,0,0,0,0,0
AC117245.1,2,3,5,8,2,2
AC117608.1,5,10,3,0,8,4
AC117662.4,0,2,0,2,1,0
AC117775.1,1,0,0,0,0,0
AC118008.1,2,1,1,3,1,3
AC118240.2,0,0,0,0,0,0
AC118475.1,0,0,0,0,0,0
AC118542.1,313,221,123,71,167,193
AC118704.1,0,0,0,0,0,0
AC118710.3,0,0,0,0,0,0
AC119264.1,10,5,4,4,4,1
AC119932.1,0,0,1,0,0,0
AC119998.3,0,0,0,0,0,0
AC119998.5,1,0,0,0,0,0
AC120150.1,1,6,2,2,1,1
AC120787.5,0,0,0,0,0,0
AC121517.1,2,7,3,4,2,3
AC121517.2,28,23,15,15,20,24
AC121777.1,0,0,0,0,0,0
AC121788.1,0,1,1,1,1,4
AC121960.1,6,9,12,0,7,13
AC121960.2,24,17,17,6,16,11
AC122275.2,6,10,8,3,6,5
AC122375.2,0,0,0,0,0,0
AC122381.2,0,0,1,0,0,0
AC122392.2,0,0,0,0,0,0
AC122413.1,88,113,48,65,95,81
AC122413.2,199,328,186,130,199,186
AC122509.1,0,0,0,0,0,0
AC122551.1,0,0,0,0,0,0
AC122556.1,0,0,0,0,0,0
AC122817.1,0,0,0,0,0,0
AC123035.1,0,0,0,0,0,0
AC123059.1,0,0,0,0,0,0
AC123724.1,16,13,5,4,4,4
AC123870.1,19,22,13,9,9,14
AC123873.1,0,0,0,0,0,0
AC123873.2,0,0,0,0,0,0
AC123873.3,0,0,0,0,0,0
AC123977.1,0,0,0,0,1,0
AC124097.1,1,1,0,0,1,0
AC124455.1,0,0,0,0,0,1
AC124484.1,0,0,0,0,0,0
AC124490.1,2577,2645,2202,1178,1920,2351
AC124532.2,7,2,5,2,4,0
AC124555.1,5,13,2,3,4,4
AC124561.1,4273,4599,3292,2176,3226,3666
AC124606.1,0,0,0,0,0,0
AC124606.2,0,0,0,0,0,0
AC124691.1,1,0,0,0,1,1
AC124739.1,8,7,5,6,4,15
AC124739.2,7,2,4,3,3,3
AC124772.1,0,0,0,0,0,0
AC125117.1,0,0,0,0,0,0
AC125141.1,10,18,16,4,16,12
AC125141.2,0,0,0,0,0,0
AC125141.3,7,10,11,9,7,6
AC125141.4,0,0,0,0,0,0
AC125149.1,0,0,0,0,0,0
AC125149.2,0,0,0,0,0,0
AC125149.3,0,1,0,1,0,1
AC125149.4,0,0,0,0,0,0
AC125149.5,0,0,0,0,0,0
AC125178.1,0,0,0,0,0,0
AC125178.2,0,0,0,0,0,0
AC125178.3,0,0,0,0,0,0
AC125199.2,0,0,0,0,0,0
AC125199.3,0,0,0,0,0,0
AC125199.4,0,0,0,0,0,0
AC125351.1,127,127,158,67,84,78
AC125371.2,8,14,11,5,3,6
AC125371.3,2,1,0,0,0,0
AC125371.4,0,0,0,0,0,0
AC125455.1,0,0,0,0,0,0
AC125526.1,0,0,0,0,0,0
AC126035.1,0,0,0,0,0,0
AC126055.1,41,42,40,18,40,21
AC126280.1,18,16,23,8,21,17
AC126455.1,1,1,2,0,1,0
AC126936.1,0,0,0,0,0,0
AC127341.3,3,7,3,3,8,6
AC127341.5,16,19,13,8,20,15
AC127568.1,0,0,0,0,0,0
AC127687.1,0,0,0,0,0,0
AC127687.2,0,0,0,0,0,0
AC127697.2,1,0,0,0,1,0
AC129178.1,0,1,0,1,0,0
AC129186.1,3020,3826,2852,1790,2655,2680
AC129328.1,379,458,344,219,284,306
AC130815.2,75,96,48,18,53,89
AC130815.3,76,67,26,37,26,30
AC131068.1,0,0,0,0,0,0
AC131339.1,0,0,0,0,0,0
AC131339.3,0,0,0,0,0,0
AC131339.4,0,0,0,1,2,0
AC131776.4,0,0,0,0,0,0
AC132444.1,0,0,1,0,0,1
AC132444.2,0,0,0,0,0,0
AC132444.3,0,0,0,0,0,0
AC132444.4,0,0,0,0,0,0
AC132444.5,0,0,0,0,0,0
AC132444.6,20,23,20,13,30,25
AC133095.1,0,0,0,0,0,0
AC133095.2,0,0,0,0,0,0
AC133103.1,2,1,0,0,3,2
AC133103.3,0,0,0,0,0,0
AC133103.4,0,0,0,0,0,0
AC133103.5,1,2,1,0,1,0
AC133103.6,0,0,0,0,0,0
AC133103.7,0,0,0,0,0,0
AC133488.1,449,436,381,267,401,321
AC133498.1,4,4,2,1,1,4
AC133505.1,21,16,4,5,5,5
AC133505.2,0,2,2,6,2,1
AC133868.2,4,1,2,0,0,0
AC134453.1,1,2,0,0,1,1
AC134548.2,732,615,372,296,426,513
AC134560.1,0,0,0,0,0,0
AC135673.1,1,1,0,0,0,0
AC135964.1,0,1,0,0,2,0
AC135964.2,1,0,0,0,0,0
AC136372.1,0,0,0,0,1,0
AC136518.1,2,0,0,0,0,1
AC136987.1,0,1,0,1,0,0
AC136987.2,1,0,1,2,1,0
AC137513.1,0,0,1,0,0,0
AC137950.1,0,0,0,0,0,0
AC138306.1,0,0,0,0,0,0
AC139347.1,9,3,5,2,6,3
AC139580.1,0,0,0,0,0,0
AC139637.2,0,0,0,0,0,0
AC139671.1,7,7,16,11,22,4
AC139844.1,0,0,0,0,0,1
AC140186.1,0,3,0,1,2,1
AC140267.1,0,0,0,0,0,0
AC140300.1,5,8,3,2,7,2
AC140300.3,1,0,0,2,0,0
AC140304.1,0,0,0,0,0,0
AC140304.2,3,0,0,0,0,0
AC140325.1,0,0,0,0,0,0
AC140325.2,0,0,0,0,0,0
AC140325.3,0,0,0,0,0,0
AC140325.4,0,0,0,0,0,0
AC140346.1,1,0,0,0,0,0
AC140365.1,0,0,0,0,0,0
AC140403.3,0,0,0,2,0,0
AC141880.1,35,34,32,24,34,38
AC141893.2,43,46,27,21,18,29
AC142474.1,0,0,0,0,0,0
AC142474.2,0,1,0,0,0,0
AC144408.1,0,1,2,0,0,0
AC144408.2,0,2,6,2,0,4
AC144408.3,8,9,7,2,4,7
AC144852.1,0,0,0,0,0,0
AC145744.1,1,0,0,0,0,0
AC146911.1,10,23,7,9,14,23
AC147041.1,0,0,1,2,1,0
AC147230.1,0,0,0,0,1,3
AC147230.2,0,0,0,2,1,1
AC149090.1,55977,51420,23589,24454,36204,25358
AC150035.3,43,48,22,15,30,28
AC151299.2,0,0,0,0,1,0
AC151530.1,2,4,4,2,1,3
AC151836.1,24,34,5,9,38,30
AC152827.1,532,507,200,300,299,311
AC153010.1,0,0,0,0,0,0
AC153140.2,36,80,61,25,46,32
AC153364.1,0,0,0,0,0,0
AC153830.1,0,0,0,0,0,0
AC153891.1,1,3,0,1,2,1
AC154200.1,37,27,23,15,19,25
AC154242.1,0,1,0,0,0,0
AC154256.1,0,0,0,0,0,0
AC154292.1,0,0,0,0,0,0
AC154311.1,1,1,0,0,0,1
AC154345.1,0,0,0,0,0,0
AC154378.1,39,49,24,18,30,32
AC154408.2,0,0,0,0,0,0
AC154428.1,0,0,0,0,0,0
AC154438.1,3,3,2,2,2,0
AC154507.2,0,3,3,1,3,0
AC154507.3,2,0,3,3,6,2
AC154509.1,58,57,27,26,30,23
AC154512.1,0,2,0,0,5,0
AC154546.2,1,0,0,0,0,0
AC154568.1,0,0,0,0,0,0
AC154606.1,0,0,0,0,0,0
AC154607.1,0,0,0,0,0,0
AC154646.1,3,0,1,0,3,0
AC154667.1,24,29,14,11,17,20
AC154683.1,17,40,7,16,21,19
AC154691.1,0,0,0,0,0,0
AC154719.1,1,0,0,0,2,1
AC154760.1,325,275,358,172,258,217
AC154762.2,0,0,0,0,0,0
AC154782.1,4,5,5,2,3,7
AC154786.1,0,0,0,0,0,0
AC154806.1,0,1,1,1,3,1
AC154808.1,0,0,0,0,0,0
AC155255.1,4,0,1,0,2,0
AC155712.1,0,1,0,0,0,0
AC155941.1,0,0,0,0,0,1
AC156023.2,0,0,0,0,0,0
AC156023.3,0,1,1,0,1,0
AC156026.1,48,48,80,24,37,37
AC156543.1,0,0,0,0,0,0
AC157554.2,0,0,1,0,1,0
AC157554.3,18,15,13,4,8,12
AC157554.4,0,2,0,0,0,0
AC157566.4,9,3,4,3,4,4
AC157583.2,0,0,0,0,0,0
AC157610.1,3,5,0,0,1,2
AC157944.1,0,0,0,0,0,0
AC158129.1,0,0,0,0,0,0
AC158397.1,2,1,2,1,1,0
AC158554.1,2,5,0,1,0,1
AC158605.1,206,251,101,96,160,141
AC158769.1,0,0,1,0,0,1
AC158769.2,0,0,0,0,0,0
AC158799.1,5,6,5,0,3,1
AC158922.1,0,0,0,0,0,0
AC158972.2,0,2,3,2,2,1
AC158974.1,0,0,0,0,0,0
AC158974.2,0,0,1,1,0,0
AC158985.3,0,0,0,0,0,0
AC159200.1,23,28,10,15,13,16
AC159207.1,1,0,0,4,0,0
AC159282.1,60,76,123,43,62,65
AC160335.1,0,0,0,0,0,0
AC160336.1,19,19,17,20,23,30
AC160562.1,34,52,35,24,68,51
AC160759.1,1,0,0,0,0,0
AC160759.2,1,0,0,0,0,0
AC160993.1,0,0,0,0,0,0
AC161165.2,0,2,1,1,1,1
AC161165.3,51,68,38,32,52,32
AC161165.4,0,0,0,0,0,0
AC161165.6,29,35,16,11,12,13
AC161172.1,38,42,20,14,26,20
AC161199.1,834,774,401,512,528,467
AC161376.1,0,0,1,0,1,0
AC161376.2,38,21,12,18,17,20
AC161607.1,29,40,17,3,32,45
AC161812.1,1,1,1,1,2,4
AC161816.1,1,4,2,2,1,4
AC162302.1,167,333,235,173,256,216
AC162305.1,1,0,0,0,0,0
AC162693.1,0,1,0,0,0,0
AC163018.1,32,44,23,31,19,20
AC163032.1,308,243,269,130,251,212
AC163040.1,45,62,66,33,60,64
AC163285.1,0,0,0,0,0,0
AC163352.1,0,0,0,0,0,0
AC163354.1,11,11,9,17,11,11
AC163611.1,0,0,0,0,0,0
AC163611.2,0,0,0,0,0,0
AC163633.1,3,1,4,0,2,1
AC163633.2,0,1,0,0,0,0
AC163720.1,0,0,0,0,0,0
AC163720.2,0,0,0,0,0,0
AC163720.3,0,1,0,0,1,0
AC164069.1,1,2,0,4,2,4
AC164084.1,0,0,0,0,0,0
AC164084.2,0,0,0,0,0,0
AC164084.3,0,0,0,0,0,0
AC164093.2,0,0,0,0,0,0
AC164314.2,333,455,343,151,300,380
AC164424.1,88,150,106,79,101,92
AC164425.1,0,0,0,0,0,0
AC164558.1,0,0,0,2,0,1
AC164881.1,21,16,15,14,14,8
AC164883.2,0,0,0,0,0,0
AC165271.1,11,16,6,6,4,13
AC165274.3,0,0,1,1,1,0
AC165294.1,0,0,0,0,0,0
AC165294.2,0,0,0,0,0,0
AC165294.3,0,0,0,0,0,0
AC165344.1,0,0,0,0,0,0
AC165953.2,527,516,580,321,440,437
AC165953.3,0,2,0,0,0,0
AC165961.3,1,0,0,0,0,0
AC166061.1,6,10,7,1,8,11
AC166165.1,0,0,0,0,0,0
AC166344.1,1,2,0,3,2,10
AC166832.3,1,2,6,2,3,4
AC166902.1,1,2,1,1,0,3
AC166995.1,0,0,0,0,0,0
AC167229.1,0,0,0,0,0,0
AC168090.1,2,6,1,5,5,5
AC168220.3,12,4,6,6,15,9
AC168977.1,0,4,1,1,4,0
AC168977.2,0,0,1,0,0,0
AC169509.3,0,0,0,0,0,0
AC169509.5,0,0,0,0,0,0
AC172892.1,0,0,0,0,0,0
AC173485.1,0,0,0,0,0,0
AC173486.1,0,0,0,0,0,0
AC174448.1,1,1,0,0,1,1
AC174678.1,284,348,165,160,207,218
AC191865.2,0,0,1,0,0,0
AC234645.1,0,0,0,0,0,0
AC242269.1,0,0,0,0,0,0
AF067061,0,0,0,0,0,0
AF067063,0,0,0,0,0,0
AF366264,0,0,0,0,0,0
AF529169,146,145,191,87,174,93
AI115009,144,134,96,77,88,71
AI182371,13,7,10,7,6,9
AI197445,111,115,107,50,68,90
AI314180,6822,7557,8500,4168,6769,6415
AI314278,0,0,0,1,0,0
AI413582,2091,2721,1637,1342,2280,1963
AI427809,0,0,0,0,1,1
AI429214,119,102,65,49,58,67
AI463170,0,0,0,0,3,0
AI463229,3,4,1,1,4,1
AI464131,188,373,80,87,198,246
AI467606,25,34,28,13,32,19
AI480526,5208,5987,3410,3015,4173,4089
AI481877,1,0,1,1,1,1
AI504432,838,843,940,461,670,635
AI507597,2,3,4,3,1,0
AI593442,6476,5572,4352,2470,3515,3542
AI597479,660,605,516,327,478,471
AI606181,179,146,159,78,118,112
AI646519,0,0,0,0,0,0
AI661453,4,3,6,4,6,2
AI837181,400,364,273,146,224,211
AI838599,0,0,2,0,1,0
AI839979,34,35,20,15,23,20
AI847159,3,4,2,3,4,5
AI849053,132,171,44,88,90,74
AI854703,294,323,260,139,225,271
AI987944,365,420,247,156,335,258
AK157302,9,6,8,6,6,4
AL513352.1,4,6,1,3,1,3
AL583891.1,0,0,0,0,0,0
AL589670.1,514,485,318,311,320,296
AL589670.3,38,28,15,24,27,15
AL589670.4,0,1,0,0,1,0
AL589670.5,8,2,9,6,2,4
AL589692.1,180,131,61,143,101,85
AL590144.1,2,2,2,1,1,2
AL590144.2,5,9,3,5,11,3
AL590144.3,3,3,0,2,4,6
AL591946.1,0,1,0,0,0,0
AL591952.1,0,2,0,0,1,0
AL591952.3,83,64,35,24,46,39
AL592169.1,80,68,32,33,63,86
AL592187.3,0,0,0,0,0,0
AL592187.4,0,0,0,0,0,0
AL603867.1,1,0,2,2,1,0
AL607142.1,0,0,0,0,0,0
AL611986.1,0,0,0,0,0,0
AL611987.1,0,0,0,0,0,0
AL626769.1,4,5,1,0,0,1
AL731706.1,0,0,0,0,0,0
AL731706.2,0,0,0,0,0,0
AL732309.1,0,0,0,1,0,0
AL732309.2,3,10,7,3,6,3
AL732506.1,6,26,11,22,14,16
AL844841.2,0,0,0,0,0,0
AU015791,1,0,0,0,0,0
AU015836,0,0,0,0,0,0
AU016765,2,1,2,2,3,2
AU017674,0,0,2,1,0,1
AU018091,0,0,0,0,0,0
AU019823,1088,1082,873,528,880,870
AU019990,3,1,1,1,0,3
AU020206,104,125,337,252,535,92
AU021092,7,16,13,19,30,17
AU022252,944,1047,721,383,702,710
AU022751,68,79,123,25,59,61
AU022754,38,60,37,35,38,39
AU022793,9,15,30,20,53,7
AU023070,0,0,0,0,0,0
AU023762,70,43,44,26,34,39
AU040320,2772,2745,2105,1206,2166,2104
AU040972,16,33,14,16,23,26
AU041133,1189,1281,1154,586,927,1131
AV064505,0,0,0,0,0,0
AV099323,60,54,21,37,42,49
AV320801,0,0,0,0,0,0
AW011738,143,215,181,66,185,132
AW112010,8,17,14,17,29,10
AW121686,8,7,9,7,14,12
AW146154,567,664,398,323,516,536
AW209491,1714,1935,1089,1012,1315,1412
AW495222,273,286,133,137,163,189
AW549877,2165,1851,1864,1033,1544,1717
AW551984,358,166,225,90,216,181
AW554918,875,964,830,499,801,776
AW822073,1,0,0,0,1,1
AY036118,13278,16746,9668,11076,12814,10839
AY074887,20,16,5,11,16,9
AY358078,0,0,0,0,0,0
AY512931,2,1,0,0,0,0
AY702103,0,0,0,0,0,0
AY761184,0,0,0,0,0,0
AY761185,0,0,0,0,0,0
Aaas,952,964,645,478,668,649
Aacs,1419,1645,1576,914,1865,1473
Aadac,0,0,0,0,0,0
Aadacl2,0,0,0,0,0,0
Aadacl3,0,0,0,0,0,0
Aadacl4,0,0,0,0,0,0
Aadat,8,8,2,3,5,8
Aaed1,3182,3457,2612,1460,2680,2635
Aagab,1547,1627,1537,801,1350,1503
Aak1,14205,15231,16902,7419,12479,12874
Aamdc,588,746,488,268,481,503
Aamp,1437,1604,1175,727,1342,1360
Aanat,63,69,66,35,57,67
Aar2,976,885,571,384,612,697
Aard,159,137,115,82,75,86
Aars,2080,2181,1621,1144,1683,1554
Aars2,759,749,629,460,599,652
Aarsd1,3472,4086,2469,1720,2886,3062
Aasdh,1297,1364,1203,614,1133,995
Aasdhppt,1337,1299,1059,525,891,1019
Aass,14,31,10,11,17,28
Aatf,1443,1433,1341,743,1357,1241
Aatk,5169,4645,4335,2430,4504,4491
Abat,2403,2027,2313,897,1620,1946
Abca1,1106,1387,986,559,1240,1008
Abca12,10,18,4,8,14,7
Abca13,2,11,14,6,10,7
Abca14,2,1,1,2,4,1
Abca15,1,5,8,0,7,3
Abca16,0,0,0,0,0,0
Abca17,55,58,53,32,73,50
Abca2,4503,4367,3735,2173,3835,3937
Abca3,3392,3514,3275,1740,2994,2750
Abca4,114,111,127,64,128,96
Abca5,5279,5384,5396,2235,4193,4535
Abca6,163,181,123,73,168,148
Abca7,854,986,939,559,898,803
Abca8a,496,519,441,194,484,501
Abca8b,1567,1584,1590,608,1247,1246
Abca9,247,359,357,168,474,282
Abcb10,728,750,661,413,632,599
Abcb11,1,3,0,0,0,1
Abcb1a,73,145,43,115,143,117
Abcb1b,464,530,381,280,513,343
Abcb4,757,777,624,344,574,476
Abcb5,0,1,0,0,0,1
Abcb6,972,977,871,507,857,760
Abcb7,1306,1629,1138,594,1033,1178
Abcb8,1427,1349,997,689,1093,1033
Abcb9,3176,3796,2547,1610,2789,2725
Abcc1,1831,1939,1986,968,1663,1645
Abcc10,1076,1120,718,420,767,791
Abcc12,29,30,19,12,15,26
Abcc2,24,13,35,13,10,15
Abcc3,75,67,71,33,109,62
Abcc4,505,588,407,254,445,480
Abcc5,16553,20634,17513,9174,16308,16144
Abcc6,7,10,4,3,5,5
Abcc8,1918,2016,1710,1000,1592,1473
Abcc9,45,45,39,30,87,52
Abcd1,751,763,707,409,646,580
Abcd2,1370,1468,1029,667,1140,1009
Abcd3,2018,2514,1706,994,1837,1735
Abcd4,1823,1979,1609,949,1734,1667
Abce1,2076,2193,2288,1108,1839,1958
Abcf1,1096,1154,1140,593,1032,953
Abcf2,1099,1158,952,505,885,880
Abcf3,1486,1302,1212,731,1299,1293
Abcg1,2384,2572,2002,990,1966,1931
Abcg2,626,882,444,337,668,595
Abcg3,11,15,16,6,16,11
Abcg4,1319,1311,990,617,999,1025
Abcg5,4,1,3,3,1,1
Abcg8,3,2,1,1,0,0
Abhd10,1710,1911,1330,958,1363,1400
Abhd11,1517,1523,750,745,984,975
Abhd12,6230,6894,5514,2989,5914,5296
Abhd12b,43,40,24,23,23,35
Abhd13,1096,1093,993,434,770,763
Abhd14a,2258,1649,1361,842,1456,1800
Abhd14b,3148,3299,1544,1656,2546,2384
Abhd15,53,91,117,29,141,100
Abhd16a,4547,4392,2727,1982,3184,3228
Abhd16b,0,1,0,0,0,0
Abhd17a,1105,1258,894,621,875,801
Abhd17b,2680,3509,2186,1636,2641,2848
Abhd17c,446,691,426,358,421,403
Abhd18,6380,7228,4944,3265,5435,5762
Abhd2,2799,2928,2732,1253,2293,2301
Abhd3,1231,1599,845,548,1182,1133
Abhd4,530,569,321,252,380,349
Abhd5,712,818,667,331,572,543
Abhd6,1877,2133,1662,939,1737,1741
Abhd8,2564,2654,1864,1143,1837,1895
Abi1,2643,3275,2616,1299,2545,2863
Abi2,7475,9028,6984,4227,6443,6400
Abi3,151,179,228,165,434,150
Abi3bp,1699,1905,1276,864,1145,1376
Abl1,1086,1119,1163,604,1025,988
Abl2,2002,2735,2585,1483,2138,1932
Ablim1,4771,5387,5908,2879,4407,4384
Ablim2,11726,10718,9581,5386,9423,9789
Ablim3,1594,1788,1098,987,1308,1260
Abo,0,0,0,0,0,0
Abr,7343,8105,7272,4256,6806,6759
Abra,80,83,26,45,50,56
Abracl,889,1078,585,449,701,818
Abraxas1,891,974,598,464,654,548
Abraxas2,2093,2343,1806,1022,1806,1632
Abt1,379,369,253,174,235,257
Abtb1,1460,1622,1088,806,1215,1220
Abtb2,162,235,175,85,207,173
Acaa1a,2837,2880,2462,1496,2286,2467
Acaa1b,37,37,26,19,18,24
Acaa2,137,182,100,70,140,131
Acaca,3675,4194,4023,2137,3659,3186
Acacb,36,63,23,21,30,44
Acad10,1610,2009,993,797,1317,1282
Acad11,930,913,687,465,668,641
Acad12,306,315,250,120,258,221
Acad8,1084,1276,1184,530,936,919
Acad9,1400,1499,1243,734,1270,1254
Acadl,326,421,228,163,336,286
Acadm,715,766,535,327,544,504
Acads,182,183,117,75,191,151
Acadsb,2665,2822,2428,1407,2409,2247
Acadvl,1017,883,668,563,836,827
Acan,73,98,62,46,68,67
Acap1,2,4,6,3,7,2
Acap2,12100,12310,10646,5022,9166,11487
Acap3,2543,2341,2546,1213,2255,2392
Acat1,4076,4812,3565,2160,3613,3735
Acat2,1151,1241,882,645,1101,790
Acat3,143,212,78,72,121,155
Acbd3,1002,1675,1166,748,1113,978
Acbd4,1570,1566,936,730,1157,1311
Acbd5,2825,3119,3049,1270,2526,2404
Acbd6,2515,3078,2443,1335,2278,2365
Acbd7,8,11,4,3,9,5
Accs,283,305,271,165,372,217
Accsl,7,20,5,4,3,6
Acd,1733,2075,1224,1037,1754,1776
Ace,245,251,183,105,176,184
Ace2,5,8,1,4,14,5
Ace3,0,0,0,0,0,0
Acer1,0,0,0,0,0,0
Acer2,224,226,109,78,119,158
Acer3,2913,3199,2635,1580,2692,2287
Ache,2459,2063,1792,995,1833,1796
Acin1,9180,10138,9293,4843,8485,8578
Ackr1,863,588,564,337,431,493
Ackr2,72,45,40,17,36,26
Ackr3,144,158,80,59,135,165
Ackr4,18,28,10,18,7,7
Acly,1385,1461,1466,695,1357,1140
Acmsd,6,2,2,1,4,5
Acnat1,0,1,0,0,0,1
Acnat2,0,0,0,0,0,0
Aco1,843,875,660,454,633,596
Aco2,4700,4657,4322,2345,3800,3886
Acod1,0,3,3,0,0,0
Acot1,114,170,71,66,101,93
Acot10,57,45,22,28,48,52
Acot11,119,228,74,56,141,191
Acot12,14,13,16,9,10,10
Acot13,1233,1439,799,556,816,816
Acot2,174,161,100,61,133,119
Acot3,60,39,43,18,21,26
Acot4,302,295,137,120,137,196
Acot5,92,66,49,30,38,51
Acot6,393,418,196,181,231,239
Acot7,2237,2594,2058,1296,2166,2199
Acot8,1124,1381,1039,565,1015,1050
Acot9,822,899,647,413,657,702
Acox1,2269,2678,2643,1228,2044,2010
Acox2,0,1,0,2,0,0
Acox3,1111,1200,1045,594,1129,854
Acoxl,2,1,1,1,0,0
Acp1,1387,1438,1053,690,1032,1074
Acp2,2536,2554,2100,1185,2170,2029
Acp4,1,1,2,1,0,2
Acp5,2,7,1,0,7,1
Acp6,1628,2038,1414,898,1501,1506
Acp7,42,49,42,24,25,36
Acpp,5,19,2,5,11,2
Acr,159,123,103,95,110,79
Acrbp,613,772,565,353,611,600
Acrv1,0,1,0,0,0,0
Acsbg1,418,693,172,208,373,485
Acsbg2,1,2,0,0,0,1
Acsf2,48,55,38,29,52,46
Acsf3,575,543,440,251,431,406
Acsl1,4317,4401,2950,2091,3151,3121
Acsl3,8506,9276,6393,2967,6872,6974
Acsl4,2769,2799,2608,1065,2177,2117
Acsl5,1293,1517,1053,705,1134,1045
Acsl6,3955,4165,3509,1695,3018,3031
Acsm1,0,0,0,0,0,0
Acsm2,0,0,0,0,0,0
Acsm3,7,7,4,6,3,10
Acsm4,0,0,0,1,0,1
Acsm5,17,18,4,6,9,9
Acss1,477,666,402,286,562,557
Acss2,2051,2530,2560,1243,2314,2169
Acss2os,1,2,0,0,0,1
Acss3,108,164,52,71,112,112
Acta1,499,575,260,426,338,286
Acta2,0,31,5,11,27,44
Actb,16391,17502,10201,5765,10965,12188
Actbl2,0,1,1,1,2,3
Actc1,0,0,0,0,0,0
Actg1,9683,9050,5586,3558,5611,6098
Actg2,0,0,0,0,1,1
Actl10,2,3,2,0,4,1
Actl11,0,0,0,0,0,0
Actl6a,2729,2964,1584,1352,2164,2173
Actl6b,4631,5119,4035,2378,3857,4166
Actl7a,0,2,0,1,1,1
Actl7b,2,1,3,0,1,2
Actl9,6,1,3,2,4,3
Actn1,5741,5992,4663,3021,4715,5080
Actn2,2602,3423,2034,956,1999,2627
Actn3,8,12,8,6,9,7
Actn4,3725,3967,3663,2212,3344,3538
Actr10,3311,3666,2542,1627,2800,2767
Actr1a,1467,1408,1093,664,1114,1152
Actr1b,5137,4737,3885,2707,3708,3718
Actr2,5174,5555,4244,2908,4483,4267
Actr3,2705,3561,3011,1553,2727,2501
Actr3b,2332,2585,1743,1112,1687,1670
Actr5,1344,1660,1193,673,1172,1219
Actr6,1534,1283,912,634,913,1138
Actr8,3785,3928,3481,1744,3030,3033
Actrt1,0,0,0,0,0,0
Actrt2,0,0,1,0,0,0
Actrt3,33,25,17,10,10,18
Acvr1,1052,1163,1115,584,900,859
Acvr1b,2069,1855,1744,763,1477,1426
Acvr1c,2077,2073,1562,883,1332,1369
Acvr2a,4285,4599,4250,1569,3185,3519
Acvr2b,992,1045,864,502,790,838
Acvrl1,362,319,186,117,232,223
Acy1,486,472,277,194,321,430
Acy3,15,20,9,7,14,19
Acyp1,449,551,275,289,365,365
Acyp2,857,1000,811,436,745,802
Ada,10,21,25,10,15,25
Adad1,0,0,1,0,0,0
Adad2,15,10,8,5,30,12
Adal,1189,1412,1205,595,1106,1141
Adam10,4353,4628,3131,1920,3324,3515
Adam11,3367,3208,2931,1676,2784,2855
Adam12,499,493,409,202,442,476
Adam15,4226,3845,3641,1914,3483,3556
Adam17,1046,1209,1083,536,1186,989
Adam18,143,212,97,89,146,119
Adam19,1038,1138,1050,636,990,922
Adam1a,108,119,114,55,101,79
Adam1b,2,6,3,0,5,6
Adam2,0,0,0,0,0,2
Adam20,1,0,0,0,0,0
Adam21,70,56,41,32,47,51
Adam22,12672,12558,11561,5737,9407,9880
Adam23,10170,10972,10617,4649,8579,8567
Adam24,0,0,0,0,0,0
Adam25,0,0,1,0,0,0
Adam26a,0,0,0,0,0,0
Adam26b,0,0,0,0,0,0
Adam28,3,5,4,1,3,8
Adam29,0,0,0,0,0,0
Adam3,7,10,16,7,19,7
Adam30,0,0,0,0,1,0
Adam32,40,55,50,22,38,36
Adam33,1478,1488,1145,880,1197,1049
Adam34,0,0,0,0,0,1
Adam39,0,0,0,0,0,0
Adam4,177,205,299,101,202,156
Adam5,6,5,4,1,4,7
Adam6a,0,0,0,0,0,0
Adam6b,0,0,1,1,0,0
Adam7,2,1,0,0,1,2
Adam8,176,145,215,121,157,166
Adam9,1682,2104,1555,876,1665,1644
Adamdec1,0,1,1,0,0,0
Adamts1,308,371,249,153,350,273
Adamts10,1651,1487,1486,899,1458,1389
Adamts12,21,28,21,10,35,21
Adamts13,53,61,26,49,44,46
Adamts14,14,6,7,6,2,10
Adamts15,133,140,121,95,127,92
Adamts16,612,549,558,284,559,429
Adamts17,573,787,638,381,616,618
Adamts18,631,671,469,345,541,402
Adamts19,47,102,22,85,27,26
Adamts2,377,503,270,190,335,376
Adamts20,1499,1788,1398,1003,1431,1283
Adamts3,2721,2852,2072,1113,2002,2165
Adamts4,372,385,251,199,322,260
Adamts5,134,147,120,83,83,111
Adamts6,382,363,387,173,361,317
Adamts7,6,4,7,3,2,6
Adamts8,92,97,65,53,84,83
Adamts9,183,247,174,98,235,250
Adamtsl1,1294,1321,1065,607,1076,968
Adamtsl2,77,115,73,91,68,60
Adamtsl3,101,119,66,22,107,92
Adamtsl4,239,277,278,188,306,200
Adamtsl5,207,248,127,101,163,159
Adap1,1728,1797,1658,1099,1546,1401
Adap2,218,312,417,200,551,278
Adap2os,1,0,0,1,2,0
Adar,4931,5082,5214,2186,3977,4078
Adarb1,5507,5840,5348,2926,4639,4487
Adarb2,7409,7688,7072,4350,7473,7492
Adat1,1194,1298,1081,653,1163,1099
Adat2,226,236,227,99,176,163
Adat3,68,62,31,33,53,55
Adck1,1085,1230,1211,553,968,973
Adck2,850,909,621,360,639,637
Adck5,1779,1645,1076,886,1311,1391
Adcy1,6100,5812,6845,3290,4366,4237
Adcy10,15,37,20,9,13,25
Adcy2,5295,6228,4161,3032,4149,4172
Adcy3,1925,1930,1647,818,1527,1663
Adcy4,4,11,1,6,9,11
Adcy5,5537,4627,4860,1568,3592,3660
Adcy6,1197,1023,1262,573,906,861
Adcy7,258,240,263,196,328,190
Adcy8,1910,2112,1494,1037,1497,1484
Adcy9,4239,4640,4303,2001,3484,3982
Adcyap1,310,434,240,170,255,212
Adcyap1r1,2781,2644,2284,1314,2098,2130
Add1,5870,5654,5344,2623,4275,4575
Add2,10823,11465,9870,5414,8847,9526
Add3,2660,2946,2124,1190,2231,2313
Adgb,43,34,28,12,33,33
Adgra1,5647,6021,5241,2692,4651,5506
Adgra2,270,311,193,162,246,249
Adgra3,318,461,405,193,351,299
Adgrb1,13713,13409,10982,7062,9852,11031
Adgrb2,6127,5695,5373,3138,4440,4641
Adgrb3,15680,17636,17389,8517,13305,13344
Adgrd1,224,268,185,147,199,234
Adgre1,50,80,82,40,124,44
Adgre4,1,2,2,3,1,2
Adgre5,114,113,35,61,116,90
Adgrf1,2,2,2,1,1,1
Adgrf2,31,42,51,19,25,23
Adgrf3,0,0,1,1,0,0
Adgrf4,104,95,80,43,76,60
Adgrf5,53,86,54,73,115,62
Adgrg1,731,893,530,351,767,667
Adgrg2,85,55,59,31,36,41
Adgrg3,19,18,6,15,16,8
Adgrg4,3,2,0,1,0,0
Adgrg5,0,4,0,1,2,0
Adgrg6,242,280,263,139,196,199
Adgrg7,0,0,1,0,1,0
Adgrl1,10243,9337,9584,4661,7452,7730
Adgrl2,7049,6631,7370,2985,5245,5741
Adgrl3,12949,13719,13003,5970,10139,11304
Adgrl4,57,86,67,68,135,78
Adgrv1,91,107,83,45,87,98
Adh1,0,1,1,0,2,0
Adh4,0,0,0,0,0,0
Adh5,605,733,535,280,502,494
Adh6a,0,0,0,0,0,0
Adh6b,0,0,0,0,0,1
Adh7,0,2,2,0,0,1
Adhfe1,116,186,75,59,111,122
Adi1,344,376,359,220,322,318
Adig,2,1,2,1,3,1
Adipoq,0,0,0,0,0,1
Adipor1,3115,3154,2404,1324,2368,2273
Adipor2,1443,1998,1845,774,1769,1811
Adk,1878,2410,1873,1008,1679,1774
Adm,81,147,77,53,105,92
Adm2,2,2,1,2,0,1
Adnp,1777,2166,1602,871,1180,1449
Adnp2,749,783,788,313,568,588
Ado,417,386,347,159,216,263
Adora1,2699,3080,2670,1382,2762,2566
Adora2a,2054,1623,1187,420,863,1154
Adora2b,93,200,44,54,92,98
Adora3,23,29,33,18,43,14
Adpgk,1234,1476,1019,585,1060,1039
Adprh,2512,2620,1804,939,1955,1704
Adprhl1,20,10,7,8,4,13
Adprhl2,2076,2006,1231,981,1515,1511
Adprm,686,857,477,343,549,627
Adra1a,1234,1703,1330,834,1269,1130
Adra1b,375,473,325,182,325,362
Adra1d,478,534,319,211,385,393
Adra2a,184,181,172,89,143,117
Adra2b,22,21,5,9,10,17
Adra2c,552,453,310,181,275,315
Adrb1,2774,3490,2316,1288,2354,2241
Adrb2,163,204,140,63,191,168
Adrb3,307,306,141,112,156,184
Adrm1,2334,2464,1551,1291,1852,1929
Adsl,1316,1530,1063,607,1189,1144
Adss,3979,3710,3821,2087,3294,3126
Adssl1,358,342,320,223,333,312
Adtrp,4,7,2,2,4,7
Aebp1,319,535,232,147,479,417
Aebp2,1655,1813,2169,921,1512,1426
Aen,308,326,303,216,296,300
Aes,3009,3075,2228,1445,2269,2200
Afap1,1069,1349,1485,580,1092,1073
Afap1l1,523,530,461,345,433,420
Afap1l2,113,136,84,64,131,101
Afdn,8064,10074,8016,4898,7497,7226
Aff1,353,476,382,192,412,452
Aff2,2487,2671,2202,1140,2036,2130
Aff3,1083,1416,1357,691,774,1056
Aff4,7792,10165,8445,4365,7991,7898
Afg1l,761,1096,710,472,783,820
Afg3l1,2748,2800,1994,1605,2226,2090
Afg3l2,2562,2642,2304,1233,2059,1956
Afm,0,1,0,1,1,1
Afmid,147,139,105,75,133,94
Afp,2,2,4,2,5,3
Aftph,2980,2743,3356,1358,2494,2598
Aga,502,554,285,222,409,321
Agap1,3116,3565,3968,1866,3295,2974
Agap2,2252,1799,2529,1252,1680,1836
Agap3,1517,1570,1579,932,1282,1310
Agbl1,43,50,45,22,44,41
Agbl2,31,20,21,15,16,23
Agbl3,1217,1433,810,638,937,918
Agbl4,5247,6008,4440,2676,4292,4518
Agbl5,903,898,751,549,699,681
Ager,27,32,22,16,26,14
Agfg1,1743,1655,2199,949,1445,1374
Agfg2,3568,3955,2892,1819,3352,3039
Aggf1,1777,2053,1415,862,1441,1468
Agk,3341,3411,2558,1857,2579,2559
Agl,1575,1746,1288,725,1314,1202
Agmat,138,123,73,67,70,85
Agmo,202,293,194,117,259,209
Ago1,2037,2230,2583,1220,1945,1746
Ago2,2936,2982,3689,1725,3258,3361
Ago3,6734,8274,8527,3664,6840,7816
Ago4,1945,1908,1468,869,1353,1398
Agpat1,1681,1530,1308,661,1164,1263
Agpat2,15,34,13,14,31,14
Agpat3,2596,2614,2756,1211,2164,2054
Agpat4,5701,6193,4427,2642,4847,4731
Agpat5,2504,3473,2047,1278,2287,2101
Agps,2573,2825,2073,1382,2216,2063
Agr2,1,1,1,2,2,1
Agr3,1,0,0,0,1,0
Agrn,3749,2951,3496,1731,2660,2709
Agrp,1,6,2,2,0,2
Agt,254,248,115,62,203,241
Agtpbp1,4915,5537,5920,3002,4691,4419
Agtr1a,55,68,43,16,39,56
Agtr1b,8,11,2,7,7,4
Agtr2,37,34,46,25,38,22
Agtrap,84,80,72,39,110,57
Agxt,0,0,0,0,0,0
Agxt2,0,0,0,0,1,0
Ahctf1,4378,4925,4475,2234,4007,4026
Ahcy,244,208,152,120,176,157
Ahcyl1,5022,5670,5626,2757,4693,4525
Ahcyl2,5061,6227,5630,3001,5148,4788
Ahdc1,1331,1366,1465,766,1328,1140
Ahi1,44944,39596,40198,16272,30250,34131
Ahnak,255,365,207,168,294,250
Ahnak2,120,119,76,44,144,101
Ahr,1428,1600,921,733,1017,1047
Ahrr,39,44,42,19,30,41
Ahsa1,2101,2539,1671,1064,2115,2225
Ahsa2,1385,1573,1542,757,1350,1458
Ahsg,1,0,1,0,0,0
Aicda,0,0,1,0,0,0
Aida,1235,1503,968,650,1127,1039
Aif1,76,102,106,66,146,85
Aif1l,84,95,74,32,79,77
Aifm1,1516,1742,1340,833,1363,1411
Aifm2,233,260,187,109,231,177
Aifm3,5159,5567,5851,3084,4904,4826
Aig1,7859,9492,6873,3767,7278,8046
Aim2,152,157,197,110,221,125
Aimp1,2444,2650,1802,1151,1934,1941
Aimp2,463,477,280,245,297,355
Aip,681,705,404,375,479,494
Aipl1,1,3,3,0,1,1
Aire,14,11,16,16,13,7
Airn,54,56,42,37,62,50
Ajap1,1057,939,1042,510,708,748
Ajuba,9,5,7,2,15,12
Ak1,893,906,581,468,596,578
Ak2,2577,2654,1750,1460,2205,2257
Ak3,1334,1649,1052,635,1145,1352
Ak4,356,550,489,179,433,432
Ak5,6191,6838,4845,3061,4996,5301
Ak6,1148,1185,771,514,818,928
Ak7,18,20,14,10,15,14
Ak8,72,66,36,26,49,27
Ak9,11,13,13,7,12,10
Akain1,542,710,421,326,400,437
Akap1,1528,1398,1084,673,1125,1010
Akap10,1989,2548,1939,1093,1897,1754
Akap11,8868,6767,7592,3099,5127,5516
Akap12,121,187,115,129,150,106
Akap13,3147,3173,2669,1704,2726,2734
Akap14,1,0,0,0,0,0
Akap17b,1268,1335,1240,644,1042,991
Akap2,58,80,59,46,65,62
Akap3,8,5,3,5,3,3
Akap4,0,0,0,0,0,0
Akap5,2290,2000,2031,853,1517,1566
Akap6,13322,11382,12372,5261,8699,8726
Akap7,2406,2238,1876,1233,1731,1813
Akap8,3191,2492,2770,1352,2120,2245
Akap8l,15896,15339,12645,7361,13171,14395
Akap9,8167,7921,8290,3472,7122,7149
Akip1,127,154,81,88,97,96
Akirin1,1338,1793,1293,671,1252,1178
Akirin2,576,850,543,420,504,519
Akna,61,97,92,47,114,65
Aknad1,6,1,0,4,0,1
Aknaos,0,2,0,0,0,0
Akp3,0,0,0,0,0,0
Akr1a1,2002,2356,1680,1170,1766,1654
Akr1b10,865,956,489,482,663,499
Akr1b3,699,736,518,413,534,517
Akr1b7,0,0,1,1,0,0
Akr1b8,3,4,2,2,1,1
Akr1c12,2,1,0,1,1,1
Akr1c13,3,1,0,1,2,1
Akr1c14,2,2,0,6,3,4
Akr1c18,33,56,37,28,34,22
Akr1c19,2,0,0,0,1,1
Akr1c20,0,0,0,0,0,0
Akr1c21,0,1,1,0,0,0
Akr1c6,0,0,0,0,0,0
Akr1cl,0,0,0,0,0,0
Akr1d1,0,0,0,0,0,0
Akr1e1,636,765,599,310,582,567
Akr7a5,801,970,505,369,654,665
Akt1,881,933,737,608,711,681
Akt1s1,883,884,617,434,631,636
Akt2,1395,1433,1264,750,1216,1180
Akt3,2437,3420,2153,1764,2317,2379
Aktip,2281,2507,1720,1120,1789,1780
Alad,544,467,338,275,357,407
Alas1,2378,2597,1905,1248,2019,1851
Alas2,7,8,5,5,9,19
Alb,1,1,0,0,0,0
Alcam,10651,10181,8287,3817,7832,8382
Aldh16a1,382,389,252,246,346,273
Aldh18a1,709,849,712,406,683,697
Aldh1a1,105,193,90,69,127,134
Aldh1a2,52,60,37,9,49,33
Aldh1a3,16,10,15,9,20,14
Aldh1a7,3,6,0,0,1,2
Aldh1b1,54,40,26,14,28,32
Aldh1l1,160,277,98,111,161,214
Aldh1l2,478,441,503,371,524,411
Aldh2,1179,1303,786,590,1033,923
Aldh3a1,6,11,5,4,3,4
Aldh3a2,1121,1107,779,482,812,819
Aldh3b1,73,64,55,38,73,42
Aldh3b2,23,19,27,11,12,17
Aldh3b3,1,1,1,1,1,2
Aldh4a1,414,449,429,247,452,385
Aldh5a1,1882,1861,1530,817,1373,1424
Aldh6a1,1056,1101,740,512,804,815
Aldh7a1,935,1037,1025,495,821,851
Aldh8a1,5,15,15,7,8,9
Aldh9a1,1119,1073,727,576,867,792
Aldoa,9719,10156,5822,4212,6289,6967
Aldoa-1,128,119,88,77,125,99
Aldoart1,0,1,1,0,0,0
Aldoart2,0,1,0,1,0,0
Aldob,163,124,116,65,89,80
Aldoc,1265,1854,852,997,1321,1403
Alg1,1838,1795,1048,777,1285,1270
Alg10b,1263,1372,1115,509,882,921
Alg11,747,671,479,249,481,483
Alg12,339,329,275,183,262,239
Alg13,1056,1246,1054,518,929,998
Alg14,421,506,318,192,381,334
Alg2,3866,4159,3032,1296,2918,3176
Alg3,684,786,445,294,570,554
Alg5,980,1023,641,483,824,714
Alg6,1762,1812,1395,777,1295,1379
Alg8,1120,1199,778,559,965,963
Alg9,916,984,790,403,813,773
Alk,233,272,305,114,277,208
Alkal1,14,19,12,12,13,20
Alkal2,92,157,125,60,109,123
Alkbh1,3309,3898,2690,1783,2974,2930
Alkbh2,748,848,879,343,772,742
Alkbh3,1403,1684,992,843,1180,1099
Alkbh3os1,8,16,9,10,16,20
Alkbh4,281,243,177,106,189,199
Alkbh5,672,772,624,389,583,516
Alkbh6,2362,2416,1477,1332,1784,2070
Alkbh7,596,564,280,222,349,395
Alkbh8,1832,1848,1813,1015,1533,1540
Allc,27,28,24,11,18,20
Alms1,1451,1640,1911,779,1392,1328
Alox12,2,8,2,2,4,5
Alox12b,101,93,65,43,67,63
Alox12e,3,4,1,1,3,2
Alox15,2,2,1,1,1,0
Alox5,11,17,28,17,35,13
Alox5ap,137,191,85,80,158,100
Alox8,106,79,80,56,59,61
Aloxe3,430,431,260,187,273,305
Alpi,0,0,0,0,0,0
Alpk1,225,435,216,112,370,335
Alpk2,2,1,6,3,7,4
Alpk3,13,23,23,9,12,8
Alpl,94,136,36,45,106,76
Alppl2,0,0,0,0,0,0
Als2,1313,1726,1433,778,1376,1203
Als2cl,108,108,53,34,73,90
Als2cr12,2,0,0,1,3,3
Alx1,5,4,3,0,4,1
Alx3,15,26,11,8,21,22
Alx4,11,19,5,5,13,21
Alyref,386,489,287,221,328,267
Alyref2,336,271,124,141,203,200
Amacr,177,219,138,82,120,149
Ambn,0,0,0,0,0,0
Ambp,0,0,0,0,0,0
Ambra1,3292,3759,2578,1871,2955,2822
Amd1,1088,1150,850,594,887,863
Amd2,153,177,84,85,107,127
Amdhd1,15,17,14,3,13,18
Amdhd2,1222,1434,862,759,1175,1039
Amelx,9,4,1,0,2,4
Amer1,656,589,477,338,464,407
Amer2,3282,3929,2470,1551,2799,3004
Amer3,595,422,394,218,277,333
Amfr,2663,2856,1920,1043,2080,2022
Amh,56,66,69,32,54,85
Amhr2,28,38,33,30,39,30
Amigo1,1559,1493,1133,707,1089,1083
Amigo2,307,314,208,128,227,234
Amigo3,19,24,23,7,11,15
Ammecr1,506,616,431,288,474,426
Ammecr1l,2016,2174,1677,1096,1769,1678
Amn,318,342,212,197,220,201
Amn1,2843,3397,2754,1549,2607,2674
Amot,314,392,205,146,266,267
Amotl1,435,426,387,222,503,377
Amotl2,315,350,232,143,285,269
Ampd1,2,0,0,1,1,0
Ampd2,1528,1444,1340,764,1114,1266
Ampd3,673,730,502,316,571,547
Amph,4853,5190,4624,2570,3911,4338
Amt,477,343,330,164,276,352
Amtn,0,0,0,0,0,0
Amy1,442,400,474,247,405,316
Amy2a1,0,0,2,0,0,2
Amy2a2,0,0,0,0,0,0
Amy2a3,0,0,0,0,0,0
Amy2a4,0,0,0,0,0,0
Amy2a5,0,0,1,0,0,0
Amz1,623,719,771,325,657,579
Amz2,1949,2309,1606,1049,1712,1596
Anapc1,3311,3453,3837,1823,2816,2646
Anapc10,761,888,742,397,706,784
Anapc11,1804,2392,1217,898,1561,1333
Anapc13,382,355,231,263,287,240
Anapc15,516,595,362,364,474,398
Anapc15-ps,0,0,0,0,0,0
Anapc16,2268,2432,1702,1140,1827,1963
Anapc2,1704,1653,1404,838,1392,1340
Anapc4,3256,2833,2909,1557,2356,2335
Anapc5,8548,9165,7479,4609,7574,7214
Anapc7,1152,1220,1015,601,976,902
Ang,31,47,57,40,79,38
Ang2,0,0,0,0,0,1
Ang4,0,0,0,0,0,0
Ang5,0,0,0,0,0,0
Ang6,0,0,0,0,0,0
Angel1,229,181,136,100,151,120
Angel2,4745,4961,3915,2178,3631,3588
Angpt1,551,695,350,295,457,408
Angpt2,91,79,48,50,80,72
Angpt4,2,3,0,2,3,0
Angptl1,82,81,27,23,56,53
Angptl2,72,79,78,38,92,79
Angptl3,15,16,9,8,13,10
Angptl4,20,31,6,15,18,28
Angptl6,176,174,99,72,127,131
Angptl7,12,9,8,6,7,3
Angptl8,0,0,0,0,0,0
Ank,4716,5258,4476,2365,4565,4141
Ank1,908,963,1084,580,843,809
Ank2,42194,46182,44417,21831,37190,37510
Ank3,26786,24724,28959,12565,21293,22503
Ankar,1,0,0,0,1,0
Ankdd1a,60,60,57,23,51,59
Ankdd1b,16,17,6,13,11,7
Ankef1,266,248,168,130,167,169
Ankfn1,443,437,363,216,355,355
Ankfy1,2043,2249,2174,1178,1813,1728
Ankhd1,4203,4748,4929,2559,4174,4054
Ankib1,2056,2178,2256,1120,1886,1799
Ankk1,1,2,4,2,0,2
Ankle1,14,11,21,5,15,15
Ankle2,2746,2796,2396,1181,2174,2117
Ankmy1,10,8,8,4,9,5
Ankmy2,1499,1561,1434,822,1227,1194
Ankra2,2749,2819,1797,1374,2191,2112
Ankrd1,9,5,4,2,8,5
Ankrd10,6890,7745,6803,3213,6373,6804
Ankrd11,12883,13351,12407,7246,9912,10978
Ankrd12,12867,15537,12501,6443,12551,11565
Ankrd13a,969,1287,1208,549,1056,1084
Ankrd13b,2253,2155,1935,1170,1801,2005
Ankrd13c,1648,2148,2133,1038,1678,1708
Ankrd13d,2106,2051,1628,1085,1693,1805
Ankrd16,3037,3229,2754,1508,2522,2464
Ankrd17,7353,8682,11768,4710,8535,7802
Ankrd2,11,2,0,0,1,4
Ankrd22,5,4,2,0,0,7
Ankrd23,20,20,29,18,27,35
Ankrd24,2648,2376,2454,1277,2092,2041
Ankrd26,1552,1442,1384,608,1178,1205
Ankrd27,1538,1744,1842,951,1661,1375
Ankrd28,4836,5719,5039,2687,4807,4030
Ankrd29,456,551,360,248,350,401
Ankrd31,42,32,25,25,18,19
Ankrd33,0,0,0,0,1,0
Ankrd33b,5190,7262,7929,2915,6540,6671
Ankrd34a,589,511,283,230,280,336
Ankrd34b,537,587,463,256,381,376
Ankrd34c,392,279,177,134,175,181
Ankrd35,494,534,302,246,331,294
Ankrd36,0,0,0,0,0,0
Ankrd37,505,445,290,174,295,295
Ankrd39,993,1130,952,525,969,899
Ankrd40,1199,1146,760,556,756,765
Ankrd42,1222,1445,1478,658,1120,1122
Ankrd44,1299,1314,1535,796,1567,1158
Ankrd45,1476,1425,1413,691,971,1203
Ankrd46,2150,2543,1560,1166,1811,1969
Ankrd49,1682,1754,830,779,1269,1162
Ankrd50,439,460,485,209,366,310
Ankrd52,2060,2230,2559,1130,2218,2062
Ankrd53,1,3,2,2,1,2
Ankrd54,1145,1450,1040,563,1089,1146
Ankrd55,904,901,680,408,771,815
Ankrd6,829,1003,810,515,736,796
Ankrd60,1,1,1,0,0,0
Ankrd61,29,22,20,14,20,15
Ankrd63,423,329,274,118,211,253
Ankrd65,2,1,1,1,2,1
Ankrd66,9,11,0,5,7,5
Ankrd7,12,14,7,3,7,11
Ankrd9,483,596,336,250,336,394
Anks1,972,1207,1273,636,1130,1164
Anks1b,24176,29197,19257,12485,20067,23312
Anks3,3000,3529,2892,1738,2931,2822
Anks4b,5,3,5,1,0,7
Anks6,475,538,565,334,497,447
Ankub1,498,586,401,211,404,470
Ankzf1,3502,3609,2610,1610,2872,3052
Anln,716,813,788,304,714,902
Ano1,83,56,91,20,82,74
Ano10,1063,1101,832,530,836,704
Ano2,502,461,402,125,336,351
Ano3,10032,10838,7655,4545,7169,8059
Ano4,2792,3204,2741,1553,2720,2557
Ano5,163,176,117,82,156,140
Ano6,2531,2970,2547,1498,2416,2448
Ano7,37,38,24,19,33,23
Ano8,1638,1701,1532,830,1374,1331
Ano9,1,1,0,0,0,0
Anp32a,2570,2454,2032,1281,2043,2195
Anp32b,611,669,470,356,523,429
Anp32e,985,1102,762,475,733,705
Anpep,33,71,19,11,50,46
Antxr1,1299,1510,1240,797,1179,1080
Antxr2,71,104,70,44,78,59
Antxrl,0,0,0,0,0,0
Anxa1,10,26,7,5,15,17
Anxa10,3,1,0,0,0,1
Anxa11,717,742,708,432,702,957
Anxa11os,5,8,8,6,4,11
Anxa2,55,109,43,36,78,57
Anxa3,356,362,515,473,930,204
Anxa4,107,115,78,49,96,80
Anxa5,897,1051,780,605,978,811
Anxa6,1204,1159,1103,668,1106,949
Anxa7,1648,2167,1796,1059,2009,1588
Anxa8,0,0,1,0,0,1
Anxa9,43,39,46,18,33,33
Aoah,22,19,17,9,5,20
Aoc1,0,0,0,0,0,0
Aoc2,105,123,135,80,99,124
Aoc3,4,5,3,0,5,4
Aox1,105,160,66,56,78,97
Aox2,17,16,3,13,11,7
Aox3,71,99,48,27,86,108
Aox4,166,167,92,98,120,94
Ap1ar,3575,4210,3539,1869,3050,3004
Ap1b1,2002,2023,1685,1030,1616,1664
Ap1g1,2528,2458,2771,1144,2028,2075
Ap1g2,270,257,257,133,247,241
Ap1m1,2619,2767,2518,1269,2216,2389
Ap1m2,125,132,97,61,83,101
Ap1s1,2509,2978,1986,1272,2088,2188
Ap1s2,823,1036,891,328,809,866
Ap1s3,88,108,81,46,75,66
Ap2a1,3944,3776,3192,1872,2930,3236
Ap2a2,3076,3322,2854,1948,2768,2583
Ap2b1,3289,4291,3779,1798,3378,3566
Ap2m1,4367,4314,3016,2138,3023,3092
Ap2s1,896,935,690,510,701,660
Ap3b1,2323,2466,2041,1259,2120,2144
Ap3b2,4976,5090,4320,2558,4163,4267
Ap3d1,3597,3408,3616,1952,3196,3035
Ap3m1,3280,3390,2636,1737,2601,2747
Ap3m2,2813,2761,2775,1446,2164,1886
Ap3s1,2524,3158,1849,1356,2006,2336
Ap3s2,1574,1619,1209,816,1279,1203
Ap4b1,80,69,56,44,49,41
Ap4e1,1557,1672,1528,872,1443,1348
Ap4m1,1530,1697,1131,792,1413,1272
Ap4s1,905,1053,725,458,771,874
Ap5b1,88,99,52,46,83,45
Ap5m1,2111,2476,2149,1023,1872,1948
Ap5s1,327,427,215,200,260,296
Ap5z1,885,773,846,443,748,737
Apaf1,767,728,640,335,629,552
Apba1,3319,3920,2423,2050,3078,3104
Apba2,8707,10224,7893,4770,8173,8671
Apba3,584,811,597,385,624,713
Apbb1,3299,3185,2386,1733,2445,2412
Apbb1ip,687,825,1011,647,1579,420
Apbb2,7310,8128,6524,4115,6816,6620
Apc,10841,11334,12298,6055,8908,7994
Apc2,2566,2326,2343,1011,1804,1801
Apcdd1,58,87,41,68,93,56
Apcs,0,0,0,0,0,0
Apeh,787,755,657,379,632,631
Apela,0,0,1,0,0,0
Apex1,870,780,441,378,467,566
Apex2,2191,2412,2499,1067,1905,2022
Aph1a,3140,3038,1877,1394,2323,2353
Aph1b,1175,1313,996,510,919,977
Aph1c,1029,1067,640,482,639,639
Api5,1367,1577,1192,750,1124,1217
Apip,1726,2130,1443,957,1453,1475
Aplf,438,551,375,183,332,339
Apln,74,116,52,39,48,61
Aplnr,6,6,7,5,1,3
Aplp1,26569,27665,18756,9993,20801,19057
Aplp2,18276,18790,15033,7272,14558,14335
Apmap,2238,2537,1801,892,1806,1805
Apoa1,301,209,106,161,113,134
Apoa2,8,6,4,5,2,3
Apoa4,0,0,0,0,0,0
Apoa5,1,1,0,0,1,0
Apob,0,0,2,0,2,0
Apobec1,79,125,227,176,412,98
Apobec2,1,2,0,0,2,0
Apobec3,132,211,261,142,431,152
Apobec4,6,4,3,0,5,7
Apobr,12,11,12,9,25,10
Apoc1,7,11,0,5,8,4
Apoc2,0,0,0,0,0,0
Apoc3,1,4,0,1,1,1
Apoc4,0,2,0,0,1,0
Apod,5555,6571,4306,2240,6178,5006
Apoe,8956,14267,6583,6310,15986,8135
Apof,1,3,0,2,2,1
Apoh,5,2,3,2,7,5
Apol10a,1,0,0,0,0,0
Apol10b,0,0,0,1,2,0
Apol11a,0,0,0,0,0,0
Apol11b,0,0,0,0,0,0
Apol6,2,5,2,1,1,1
Apol7a,17,10,15,3,17,7
Apol7b,4,2,1,1,0,1
Apol7c,1,0,0,0,0,0
Apol7d,10,11,12,4,8,8
Apol7e,0,0,3,1,4,1
Apol8,209,196,181,83,157,153
Apol9a,0,1,0,2,0,1
Apol9b,0,1,0,2,2,0
Apold1,215,251,99,117,156,115
Apom,3,1,2,2,2,5
Apon,1,0,0,0,1,0
Apoo,1675,2048,1539,915,1513,1717
Apool,245,280,175,140,181,199
Apopt1,1915,2186,1591,1010,1676,1709
App,50858,48405,38604,18716,38842,37722
Appbp2,3147,2991,2707,1370,2389,2497
Appbp2os,229,282,132,121,152,149
Appl1,5454,5766,5634,2594,4554,5103
Appl2,1881,2341,1599,940,1814,1863
Aprt,1163,1283,641,681,807,884
Aptx,689,803,797,431,666,605
Aqp1,8,15,6,7,7,10
Aqp11,867,883,591,343,635,595
Aqp12,0,0,0,1,0,0
Aqp2,0,0,0,0,0,0
Aqp3,3,1,1,0,1,3
Aqp4,568,976,243,348,888,571
Aqp5,2,10,6,6,6,3
Aqp6,3,3,6,3,5,7
Aqp7,1,0,0,0,0,0
Aqp8,0,0,0,0,0,0
Aqp9,41,83,10,23,43,49
Aqr,1752,2069,1975,914,1648,1534
Ar,1136,1130,908,541,822,921
Araf,4066,3864,2765,1865,2977,3107
Arap1,207,283,228,149,295,242
Arap2,5011,5619,5249,3074,4294,4310
Arap3,149,183,195,109,228,114
Arc,5935,4029,2682,519,1860,3272
Arcn1,3072,3335,3038,1604,2627,2622
Areg,11,24,5,7,14,17
Arel1,2809,3052,2548,1211,2227,2519
Arf1,4060,3323,3310,1844,2226,2277
Arf2,1037,1141,869,521,847,766
Arf3,4383,4128,3438,2283,2775,2917
Arf4,3211,3931,2627,1339,2527,2663
Arf4os,24,27,14,12,19,19
Arf5,5295,5512,3549,2701,3809,3927
Arf6,381,479,238,189,306,282
Arfgap1,5826,6910,4510,3129,5047,5230
Arfgap2,2409,2774,1894,1413,2258,2196
Arfgap3,951,1135,929,577,968,852
Arfgef1,2906,3137,3419,1721,2683,2400
Arfgef2,2824,3006,2837,1538,2437,2479
Arfgef3,9065,8710,8682,4607,6667,6749
Arfip1,670,843,741,329,608,633
Arfip2,1925,2102,1635,879,1702,1818
Arfrp1,2569,2503,1985,1193,2060,2229
Arg1,4,3,0,3,2,3
Arg2,144,263,129,63,125,147
Arglu1,14174,12497,13878,7330,11832,10870
Arhgap1,820,803,795,404,643,669
Arhgap10,1863,1980,1564,843,1477,1672
Arhgap11a,35,45,31,21,50,24
Arhgap12,1270,1534,1329,754,1421,1320
Arhgap15,546,665,407,368,425,382
Arhgap15os,1,1,1,3,1,0
Arhgap17,1805,2118,2270,1197,2181,1878
Arhgap18,673,715,688,318,646,695
Arhgap19,150,127,101,71,112,118
Arhgap20,8068,9422,6658,3994,6225,6531
Arhgap20os,38,27,22,24,31,23
Arhgap21,5757,6756,6583,3479,4882,5100
Arhgap22,425,554,472,348,506,399
Arhgap23,1855,1741,1899,1046,1776,1590
Arhgap24,446,467,555,285,666,381
Arhgap25,231,299,372,209,371,286
Arhgap26,4627,5444,5732,2447,4029,4610
Arhgap27,332,322,235,194,307,215
Arhgap27os1,35,34,20,16,16,15
Arhgap27os2,460,629,196,393,338,298
Arhgap27os3,11,13,9,8,19,10
Arhgap28,31,35,31,12,34,23
Arhgap29,981,985,949,451,776,766
Arhgap30,79,118,187,102,238,77
Arhgap31,1115,1694,1308,638,1807,1883
Arhgap32,14282,13355,12325,6307,9554,10115
Arhgap33,4077,3055,3174,1796,2606,2816
Arhgap33os,6,4,4,1,5,5
Arhgap35,1321,1335,1503,716,1233,993
Arhgap36,25,9,17,3,23,24
Arhgap39,4908,5949,5237,3051,5008,5097
Arhgap4,152,181,206,114,203,128
Arhgap40,8,12,7,3,5,9
Arhgap42,1390,1570,1086,722,1134,1057
Arhgap44,2347,2500,2112,1275,1762,1975
Arhgap45,387,643,747,406,1210,469
Arhgap5,4989,5389,4847,2646,4479,4060
Arhgap6,2001,1357,1736,572,1177,1509
Arhgap8,2,2,3,2,1,2
Arhgap9,14,12,36,34,59,19
Arhgdia,1348,1482,995,772,1107,1020
Arhgdib,70,115,75,42,118,61
Arhgdig,1549,1641,975,821,967,951
Arhgef1,2878,2774,2483,1816,2664,2351
Arhgef10,987,1036,977,470,948,880
Arhgef10l,386,449,422,260,385,336
Arhgef11,1740,1876,1926,1084,1602,1551
Arhgef12,5255,5958,6293,3150,5143,4799
Arhgef15,938,852,730,429,692,623
Arhgef16,2,2,4,2,6,3
Arhgef17,2811,2482,2396,1192,1936,2082
Arhgef18,1292,1340,1472,651,1249,1331
Arhgef19,183,322,82,79,221,229
Arhgef2,6059,5953,6114,3109,5375,5413
Arhgef25,3738,5039,3564,2622,3180,3229
Arhgef26,529,745,341,263,544,568
Arhgef28,2037,1977,1809,993,1664,1882
Arhgef3,1192,1507,1482,591,1194,1157
Arhgef33,120,100,85,59,94,62
Arhgef37,126,194,102,69,109,126
Arhgef38,2,7,4,0,3,1
Arhgef39,30,39,40,18,38,25
Arhgef4,3028,3146,3122,1521,2619,2672
Arhgef40,1156,1386,828,683,1198,1056
Arhgef5,20,41,24,12,33,19
Arhgef6,347,421,406,208,401,323
Arhgef7,3103,3359,4188,1875,3490,3467
Arhgef9,9743,9934,9200,4839,7495,7769
Arid1a,2995,3016,3375,1607,2654,2331
Arid1b,2515,2891,2938,1463,2263,2010
Arid2,1721,1873,1806,827,1667,1528
Arid3a,419,407,476,212,414,331
Arid3b,1400,1743,2180,727,1824,1827
Arid3c,12,17,16,11,11,13
Arid4a,3675,3987,3136,1888,3239,3083
Arid4b,5835,5920,6711,2938,5400,5332
Arid5a,162,333,279,76,285,265
Arid5b,2652,3060,3425,1508,2899,3479
Arih1,5210,6628,5266,2850,5331,5352
Arih2,1949,2469,2356,1134,2233,2169
Arl1,1702,1434,1440,808,1054,1033
Arl10,719,832,576,372,841,597
Arl11,34,34,50,53,138,28
Arl13a,3,1,0,0,0,2
Arl13b,981,1124,1031,401,995,965
Arl14,0,0,0,0,0,0
Arl14ep,1351,1247,987,605,806,892
Arl14epl,0,0,0,0,0,0
Arl15,6723,8532,5143,3624,6017,6869
Arl16,1390,1503,915,696,985,1085
Arl2,1003,987,699,512,765,673
Arl2bp,2725,2495,1934,1450,1923,1809
Arl3,1100,1168,869,567,885,843
Arl4a,1996,1780,1301,756,1179,1290
Arl4aos,54,47,19,26,23,36
Arl4c,924,990,934,556,821,612
Arl4d,277,381,247,77,208,379
Arl5a,1931,2926,1785,1166,1775,1893
Arl5b,1738,3508,2341,842,2278,1991
Arl5c,98,125,96,53,85,119
Arl6,1093,1278,691,504,809,881
Arl6ip1,11189,11292,7330,3583,8171,7782
Arl6ip4,1659,1782,1097,973,1356,1352
Arl6ip5,5837,6028,3894,2007,4216,3924
Arl6ip6,745,741,620,302,531,557
Arl8a,1945,2218,1591,1049,1341,1299
Arl8b,2884,2874,2781,1362,2154,2193
Arl9,4,4,4,4,3,4
Armc1,1356,1582,1172,669,1074,1128
Armc10,967,1177,794,422,781,731
Armc12,0,0,1,2,0,0
Armc2,783,963,784,465,803,750
Armc3,7,12,10,5,10,7
Armc4,19,24,19,19,15,16
Armc5,288,321,218,140,254,229
Armc6,794,910,625,446,701,717
Armc7,247,219,191,110,190,180
Armc8,3126,3378,3040,1657,2750,2738
Armc9,1473,2240,1631,1152,1529,1468
Armcx1,2129,1758,1568,1082,1492,1362
Armcx2,866,743,630,385,535,559
Armcx3,2132,2451,2125,1045,1981,1916
Armcx4,731,633,673,304,476,422
Armcx5,1804,2166,1982,1031,1569,1411
Armcx6,223,226,177,82,223,197
Armh1,20,21,9,13,20,15
Armt1,612,683,546,263,499,511
Arnt,6552,7255,5919,3234,5825,5842
Arnt2,5013,5877,4705,2925,4315,4299
Arntl,2070,2435,2680,1546,2296,2277
Arntl2,1470,1662,1367,789,1411,1214
Arpc1a,5514,5948,3630,2464,4301,4526
Arpc1b,225,329,309,208,558,265
Arpc2,3517,4599,3425,1849,3549,3736
Arpc3,2148,3133,1957,1291,2309,1967
Arpc4,1551,2216,1472,889,1678,1626
Arpc5,1749,1895,1775,756,1521,1621
Arpc5l,2057,2458,1873,1057,1803,1863
Arpin,348,320,299,155,247,248
Arpp19,7278,7933,4589,3374,4660,5578
Arpp21,47123,51020,46036,25009,38259,39031
Arr3,89,89,78,77,80,62
Arrb1,1855,1873,1961,1093,1672,1639
Arrb2,1920,1954,1665,1024,1788,1876
Arrdc1,747,728,568,422,658,536
Arrdc2,514,793,649,268,656,1148
Arrdc3,1357,1452,1358,658,1329,1400
Arrdc4,274,273,246,146,274,187
Arrdc5,0,0,0,0,0,0
Arsa,1191,1172,729,523,923,848
Arsb,4087,4663,3358,1826,3457,3084
Arsg,404,460,344,219,419,344
Arsi,20,26,18,12,13,28
Arsj,422,483,421,200,307,335
Arsk,809,936,545,368,692,730
Art1,1,0,0,0,1,0
Art2b,0,1,0,0,3,0
Art3,32,44,23,23,63,38
Art4,1,2,3,1,1,2
Art5,2,1,0,1,3,1
Artn,62,49,21,26,19,27
Arv1,892,968,821,401,764,786
Arvcf,1175,1185,1225,537,964,977
Arx,665,822,615,359,605,543
Arxes1,965,877,523,297,596,522
Arxes2,1431,1213,722,468,810,890
As3mt,110,137,89,83,96,88
Asah1,4114,4730,3916,1921,3761,3440
Asah2,263,289,239,105,220,202
Asap1,10172,11394,10253,6045,9599,9841
Asap2,3149,3437,3438,1672,3045,3561
Asap3,169,201,195,104,217,159
Asb1,497,534,441,222,357,343
Asb10,10,4,55,28,120,4
Asb11,570,726,381,249,409,456
Asb12,2,3,5,3,5,3
Asb13,1780,1947,1376,1049,1542,1370
Asb14,3,8,3,4,6,4
Asb15,3,0,0,0,2,1
Asb16,22,29,17,14,15,17
Asb17,0,0,0,0,0,0
Asb17os,0,2,2,1,0,1
Asb18,89,68,65,45,59,57
Asb2,148,151,114,73,146,122
Asb3,2811,3281,2071,1372,2302,2440
Asb4,10,6,10,5,20,6
Asb5,298,379,257,209,265,259
Asb6,1297,1358,1094,584,1087,1071
Asb7,1198,1571,1059,685,1165,1079
Asb8,704,794,529,337,514,548
Asb9,0,0,1,1,0,1
Ascc1,375,454,286,203,336,271
Ascc2,1317,1451,1375,710,1239,1277
Ascc3,6893,6337,6937,2891,5669,5886
Ascl1,393,425,186,123,214,221
Ascl2,9,3,2,2,4,5
Ascl3,1,0,0,0,0,0
Ascl4,110,91,59,66,58,57
Ascl5,66,52,18,28,9,31
Asf1a,432,634,314,249,371,403
Asf1b,14,9,6,2,11,8
Asgr1,10,18,1,7,6,11
Asgr2,0,1,0,0,1,0
Ash1l,10360,9544,11181,4911,8435,8488
Ash2l,2365,2401,2524,1197,2169,2039
Asic1,2209,2114,1783,1052,1856,1929
Asic2,1782,2433,1448,1142,1735,1739
Asic3,17,28,20,8,19,13
Asic4,680,684,424,239,509,589
Asic5,0,0,1,1,2,0
Asl,422,353,288,189,331,303
Asmt,3,0,1,1,0,1
Asna1,1249,1382,1285,553,1028,1087
Asns,1195,1016,964,493,784,736
Asnsd1,356,386,184,148,257,228
Aspa,2912,3055,2768,1382,2925,2329
Aspdh,41,40,38,26,43,44
Aspg,65,62,42,36,36,40
Asph,6256,6371,5144,2896,4770,4148
Asphd1,341,344,336,200,277,262
Asphd2,1498,1586,1372,740,1095,1063
Aspm,35,52,23,18,33,29
Aspn,6,7,4,7,20,5
Asprv1,45,45,68,29,45,36
Aspscr1,1388,1507,958,842,1228,1066
Asrgl1,937,1206,650,534,825,733
Ass1,663,525,412,247,406,396
Aste1,882,899,620,377,611,561
Astl,0,1,1,0,0,0
Astn1,7607,8032,6006,3776,5978,6364
Astn2,4247,5212,4012,2595,3883,3760
Astx1a,0,0,0,0,0,0
Astx1b,0,0,0,0,0,0
Astx1c,0,0,0,0,0,0
Astx2,0,0,0,0,0,0
Astx3,0,0,0,0,0,0
Astx4a,0,0,0,0,0,0
Astx4b,0,0,0,0,0,0
Astx4c,0,0,0,0,0,0
Astx4d,0,0,0,0,0,0
Astx5,0,0,0,0,0,0
Astx6,0,0,1,0,1,0
Asxl1,1821,1955,1804,981,1422,1522
Asxl2,5085,5336,5786,2573,4825,4804
Asxl3,854,967,1020,632,758,762
Asz1,0,0,0,0,0,0
Atad1,2275,2524,1704,982,1867,1773
Atad2,1217,1259,1076,628,1003,813
Atad2b,3434,3675,3897,1646,3134,3076
Atad3a,2685,2696,2739,1374,2450,2448
Atad3aos,53,62,45,34,41,51
Atad5,953,839,824,371,650,616
Atat1,2262,2407,1863,1157,2259,2363
Atcay,5508,6533,5208,2678,4905,4782
Atcayos,57,70,36,31,68,67
Ate1,6635,6329,5972,2891,5339,5536
Atf1,1147,1345,940,681,1004,1006
Atf2,4761,5445,4238,2585,4336,4394
Atf3,17,25,52,28,66,20
Atf4,2016,2001,1260,974,1359,1298
Atf5,260,306,176,169,229,211
Atf6,3852,3880,3922,1746,3111,3272
Atf6b,2051,2190,1673,999,1782,1923
Atf7,3036,3724,2937,1727,2991,2909
Atf7ip,4879,5875,4701,2607,4444,4259
Atf7ip2,6,3,6,3,1,3
Atg10,543,659,498,311,453,417
Atg101,436,536,298,160,292,310
Atg12,2443,2947,1699,1083,1926,2037
Atg13,3043,3333,2745,1434,2370,2588
Atg14,1181,1326,1042,586,926,1058
Atg16l1,4280,4724,4346,2496,4181,4096
Atg16l2,2587,2395,2308,1191,2084,2245
Atg2a,2438,2673,2148,1154,2088,2176
Atg2b,1933,2030,2354,899,1722,1644
Atg3,2757,3707,2522,1393,2757,2878
Atg4a,949,1029,711,513,741,782
Atg4a-ps,4,3,2,2,3,2
Atg4b,1496,1821,1562,928,1425,1438
Atg4c,2794,2844,2160,1344,2080,2077
Atg4d,2623,3009,2259,1243,2373,2447
Atg5,1274,1720,1145,745,1262,1229
Atg7,757,851,695,460,810,754
Atg9a,3571,3804,2709,1526,2814,3067
Atg9b,274,243,129,124,164,187
Atic,1066,1082,779,524,794,770
Atl1,8779,8756,8103,3594,7240,7137
Atl2,1571,2128,1960,851,1766,1747
Atl3,3037,3517,2392,1547,2490,2463
Atm,1626,1502,1689,730,1296,1237
Atmin,697,674,764,327,455,460
Atn1,492,423,369,257,336,362
Atoh1,6,3,0,2,1,2
Atoh7,973,1170,434,593,643,595
Atoh8,20,20,14,8,18,24
Atox1,442,531,315,290,409,310
Atp10a,354,449,425,269,411,356
Atp10b,63,46,48,20,54,51
Atp11a,1918,1939,2118,979,1915,1765
Atp11b,10679,9580,8604,4795,7112,7143
Atp11c,959,924,1039,462,800,789
Atp12a,8,4,6,3,4,2
Atp13a1,2427,2477,1898,1219,2027,2017
Atp13a2,4585,4297,3716,2277,3622,3653
Atp13a3,2148,2733,2477,1304,1897,1767
Atp13a4,199,307,104,75,194,206
Atp13a5,138,158,64,63,203,121
Atp1a1,18801,18579,15467,7277,14116,14051
Atp1a2,7914,13691,3683,3165,9207,9819
Atp1a3,38925,41557,28323,17829,31037,31343
Atp1a4,2,3,0,1,1,4
Atp1b1,56408,57214,41186,19233,41700,41534
Atp1b2,3910,4697,2318,1453,3360,2968
Atp1b3,3889,4255,3578,1890,3349,3101
Atp1b4,0,0,0,0,0,1
Atp23,746,816,567,404,531,573
Atp2a1,2,2,1,4,3,4
Atp2a2,19761,20202,17059,7671,14108,15408
Atp2a3,57,55,41,12,63,42
Atp2b1,58771,53290,46897,21673,40371,44343
Atp2b2,24575,21937,21391,9682,16489,16397
Atp2b3,5337,5891,4553,2311,4670,4624
Atp2b4,8716,8012,7403,3243,6098,6656
Atp2c1,15217,18175,12399,7593,13019,12916
Atp2c2,27,30,21,15,16,18
Atp4a,50,32,29,19,32,40
Atp4b,0,0,0,0,0,0
Atp5a1,7300,8018,4864,3525,5142,5238
Atp5b,6570,6286,4738,2883,4377,4376
Atp5c1,4856,5925,3587,2229,3937,4127
Atp5d,3295,4148,2212,1669,2721,2854
Atp5e,1617,1860,940,940,1223,1060
Atp5f1,3331,3689,2459,1581,2394,2533
Atp5g1,1853,2155,1286,994,1333,1441
Atp5g2,1565,1618,870,819,1013,1028
Atp5g3,5489,6154,3058,2884,3587,4072
Atp5h,1875,2156,1311,1139,1388,1316
Atp5j,2639,2712,1864,1336,1734,1664
Atp5j2,4135,4645,2428,2006,2983,2967
Atp5k,1795,1811,999,1113,1173,1352
Atp5l,3057,3668,2651,1800,2618,2400
Atp5o,0,0,0,0,0,0
Atp5o-1,2079,2471,1655,1125,1635,1599
Atp5s,1458,1625,876,654,996,1050
Atp6ap1,7833,8314,5177,3215,6600,6109
Atp6ap1l,800,979,477,302,539,568
Atp6ap2,7241,8166,4750,2600,5638,5669
Atp6v0a1,18575,20867,17352,8390,16450,17061
Atp6v0a2,3033,3063,2567,1358,2458,2537
Atp6v0a4,3,16,5,8,12,8
Atp6v0b,43990,50241,31550,20607,40018,41628
Atp6v0c,24735,27764,12967,7053,18515,18412
Atp6v0d1,3598,4129,2886,1748,3306,3219
Atp6v0d2,1,0,6,5,38,0
Atp6v0e,2355,2884,2134,1240,2221,2261
Atp6v0e2,6075,6506,4257,2241,4649,4356
Atp6v1a,4219,3683,2887,1666,2740,2740
Atp6v1b1,5,15,7,9,12,12
Atp6v1b2,8463,9670,7121,4364,7312,6985
Atp6v1c1,3465,3776,3455,1808,2990,2746
Atp6v1c2,148,113,122,36,108,120
Atp6v1d,4352,4826,3201,2160,3276,3290
Atp6v1e1,1971,2297,1521,1051,1688,1571
Atp6v1e2,0,1,1,0,0,0
Atp6v1f,1914,1798,993,843,1151,1088
Atp6v1g1,1560,1850,1071,799,1232,1175
Atp6v1g2,5175,5426,2667,2745,3349,3777
Atp6v1g3,0,0,0,0,0,0
Atp6v1h,5727,7087,5876,3073,5189,5164
Atp7a,509,657,738,255,675,579
Atp7b,93,140,109,75,125,98
Atp8a1,15242,16790,14443,6723,13006,13862
Atp8a2,6449,6241,5223,3054,4892,4755
Atp8b1,494,500,536,312,487,386
Atp8b2,2192,2501,2767,1029,1892,2043
Atp8b3,4,1,3,3,6,5
Atp8b4,3,7,9,3,4,5
Atp8b5,50,50,65,33,75,45
Atp9a,5432,5211,4566,2374,4191,3839
Atp9b,7299,8158,6902,3858,6043,6526
Atpaf1,2602,2858,1792,1311,1950,2050
Atpaf2,555,679,578,287,528,528
Atpif1,7180,8274,4108,3906,5691,5514
Atr,2886,3510,2800,1387,2573,2623
Atraid,3582,3852,2057,1973,2906,2702
Atrip,2058,2222,2373,1000,2013,2076
Atrn,5949,6155,5936,2738,4736,4749
Atrnl1,4364,5198,3806,2430,3697,3725
Atrx,14691,12873,15089,6558,10762,11105
Atxn1,5506,5876,7110,2824,4638,4996
Atxn10,5615,6273,4180,3045,4760,4935
Atxn1l,501,485,397,298,334,333
Atxn2,6324,7506,8316,4137,6806,6843
Atxn2l,7885,7593,6256,4602,6620,6991
Atxn3,787,777,804,407,637,668
Atxn7,2449,2615,3161,1352,2425,2618
Atxn7l1,2827,3411,2974,1537,2506,2545
Atxn7l1os1,3,5,1,3,2,2
Atxn7l1os2,36,23,19,17,23,22
Atxn7l2,1208,1357,1018,738,1080,1069
Atxn7l3,813,760,962,535,670,572
Atxn7l3b,4500,4435,2768,2160,2911,2896
Auh,2383,2835,2136,1241,2134,2268
Aunip,4,8,3,3,12,6
Aup1,5245,5869,3559,2821,4524,4760
Aurka,8,10,8,4,11,6
Aurkaip1,1018,1140,549,524,657,726
Aurkb,9,10,6,11,9,10
Aurkc,14,11,6,8,14,9
Auts2,13699,15919,13754,7577,12955,13476
Aven,141,148,163,91,141,136
Avil,10,16,8,8,11,17
Avl9,3018,3438,2517,1536,2469,2443
Avp,255,53,185,3,202,230
Avpi1,327,425,189,138,198,226
Avpr1a,19,7,10,4,12,16
Avpr1b,0,0,1,0,0,0
Avpr2,2,1,2,0,5,2
Awat1,0,0,0,0,0,0
Awat2,2,0,4,0,3,2
Axdnd1,10,14,20,12,8,19
Axin1,356,506,489,267,411,331
Axin2,578,475,469,275,353,412
Axl,86,192,119,106,275,100
Aym1,1,3,1,2,1,4
Azgp1,0,1,0,0,0,0
Azi2,2159,2371,2766,1051,1960,2167
Azin1,2181,2731,2303,1158,1973,2123
Azin2,1246,1408,837,683,961,892
B020004C17Rik,0,0,0,0,0,0
B020004J07Rik,0,0,0,0,0,0
B020011L13Rik,0,0,0,0,0,0
B020014A21Rik,0,0,0,0,0,0
B020018J22Rik,3,3,4,2,2,3
B020031H02Rik,10,10,22,6,11,12
B020031M17Rik,0,0,0,0,0,0
B130006D01Rik,300,334,379,175,292,259
B130011K05Rik,2,0,0,3,2,0
B130046B21Rik,217,213,123,98,141,161
B230104I21Rik,12,18,1,6,12,13
B230110G15Rik,22,21,5,6,12,17
B230112J18Rik,0,2,1,1,2,4
B230118H07Rik,792,877,492,362,616,651
B230208H11Rik,46,62,21,19,28,24
B230209E15Rik,2921,3631,2831,1524,2430,2675
B230217C12Rik,2409,2362,1111,1246,1455,1480
B230217J21Rik,8,8,4,2,8,6
B230217O12Rik,566,604,354,298,383,366
B230219D22Rik,3815,4341,2901,2094,3220,3027
B230220B15Rik,4,3,1,3,3,5
B230303O12Rik,86,94,79,55,71,73
B230307C23Rik,4679,5080,3968,2263,3773,4227
B230311B06Rik,11,10,4,8,10,3
B230312C02Rik,33,24,19,18,21,12
B230317F23Rik,619,812,345,363,499,553
B230322F03Rik,172,208,53,111,120,112
B230323A14Rik,11,2,8,2,4,15
B230334C09Rik,7938,7948,8550,4107,6359,6262
B230344G16Rik,10,12,12,5,10,11
B230354K17Rik,528,540,435,227,416,395
B230359F08Rik,0,0,0,0,0,0
B230364G03Rik,11,17,5,10,4,7
B230369F24Rik,794,911,545,395,595,608
B230398E01Rik,59,51,41,28,37,38
B2m,614,797,807,517,1280,508
B3galnt1,1442,1557,893,456,1101,1034
B3galnt2,2287,2585,2226,1284,2204,2140
B3galt1,4973,6949,3821,3158,4480,4797
B3galt2,3284,2990,1820,1413,1928,1984
B3galt4,284,298,170,114,208,213
B3galt5,999,989,975,336,904,823
B3galt6,461,551,299,200,333,369
B3gat1,5466,5640,5299,2608,3819,4261
B3gat2,661,636,414,334,524,504
B3gat3,1268,1595,1003,698,1147,1164
B3glct,1964,2043,1424,1009,1514,1348
B3gnt2,1664,1786,1042,496,1155,1213
B3gnt3,18,20,7,13,6,9
B3gnt4,23,29,18,12,17,14
B3gnt5,28,45,22,17,31,28
B3gnt6,18,19,15,11,11,13
B3gnt7,65,53,35,20,62,54
B3gnt8,21,23,10,3,13,25
B3gnt9,144,138,61,57,90,85
B3gntl1,673,768,529,353,534,529
B430010I23Rik,75,77,35,40,75,67
B430119L08Rik,0,1,1,0,0,0
B430218F22Rik,113,163,94,57,88,111
B430219N15Rik,6,14,5,5,9,6
B430305J03Rik,92,66,37,50,45,71
B430306N03Rik,11,8,17,8,18,3
B430319H21Rik,0,0,0,0,0,0
B4galnt1,3063,3430,2674,1481,2594,2707
B4galnt2,0,0,0,0,1,0
B4galnt3,65,83,60,35,40,44
B4galnt4,2797,2346,1973,1294,1740,1872
B4galt1,464,622,527,267,562,502
B4galt2,748,765,636,458,579,471
B4galt3,1635,1671,1152,703,1247,1165
B4galt4,959,1236,966,480,894,893
B4galt5,661,618,628,314,496,484
B4galt6,2580,2835,2362,1186,2067,2060
B4galt7,859,987,711,433,805,679
B4gat1,3607,3283,2177,1028,2426,2373
B530045E10Rik,12,14,12,6,23,10
B630019A10Rik,50,81,32,45,27,53
B630019K06Rik,454,376,236,154,257,243
B830012L14Rik,2290,2789,3417,1692,2601,2726
B830042I05Rik,17,23,26,18,30,27
B930018H19Rik,11,7,15,5,8,6
B930025P03Rik,5,5,4,3,2,1
B930036N10Rik,9,6,3,7,6,5
B930082K07Rik,14,24,6,11,14,9
B930092H01Rik,0,0,0,0,0,0
B930094E09Rik,13,18,11,9,9,6
B9d1,713,771,485,396,523,530
B9d1os,79,72,38,41,61,64
B9d2,284,331,183,92,219,235
BB014433,0,0,0,0,0,0
BB019430,0,0,0,0,0,0
BB031773,26,23,24,7,16,18
BB123696,2,1,1,0,1,2
BB287469,0,0,0,0,0,0
BB365896,19,18,8,10,7,14
BC001981,22,17,4,12,9,6
BC002059,550,764,477,351,482,526
BC003331,1997,2092,1648,906,1594,1584
BC003965,1746,2021,1070,1000,1230,1227
BC004004,1867,1777,1273,824,1331,1198
BC005537,2888,3173,3745,1627,2681,2566
BC005561,11266,12784,9045,5502,9819,9976
BC005624,3748,4279,2532,1945,2967,2871
BC016548,1,0,0,0,0,0
BC016579,27,31,15,10,20,24
BC017158,1352,1508,1241,730,1259,1102
BC017643,703,725,511,353,573,587
BC018473,53,52,44,31,39,26
BC022687,269,273,186,104,194,179
BC023719,0,1,0,0,0,0
BC024063,184,174,227,100,172,162
BC024139,95,63,51,34,84,62
BC024978,360,386,302,201,286,326
BC025446,0,0,0,0,0,0
BC025920,79,73,36,39,37,42
BC026762,0,0,0,0,0,0
BC027072,1,3,1,0,2,6
BC028471,5,2,4,3,3,1
BC028528,87,102,83,90,170,101
BC029722,692,751,452,370,491,496
BC030343,498,779,256,321,482,438
BC030499,3558,3783,3360,2030,2940,2916
BC030500,253,282,129,141,171,150
BC030867,33,26,20,20,39,18
BC030870,0,0,0,0,0,1
BC031181,3023,3389,1719,1484,2360,2389
BC034090,214,225,202,108,198,183
BC035044,15,45,34,13,35,18
BC035947,34,35,34,17,41,34
BC037034,1632,1657,1265,796,1505,1348
BC037039,68,97,30,38,68,83
BC037156,0,0,0,0,0,0
BC039966,21,17,13,7,9,6
BC042761,0,0,0,0,0,0
BC043934,18,25,11,11,27,17
BC046251,28,18,25,17,28,17
BC048403,277,314,220,160,248,230
BC048507,2,0,4,1,4,2
BC048559,5,4,2,0,2,3
BC048562,0,0,0,0,2,0
BC048602,0,0,0,0,0,0
BC048671,0,0,0,0,0,0
BC048679,0,0,0,0,0,0
BC049352,61,61,55,26,55,49
BC049715,196,251,204,85,167,162
BC049730,0,0,0,0,0,0
BC049739,2,1,1,1,2,0
BC049762,4,1,1,0,3,5
BC049987,2,4,5,2,6,2
BC050972,8,8,1,6,2,3
BC051019,1,1,0,1,3,5
BC051076,0,0,0,0,0,0
BC051077,1,4,3,1,2,2
BC051142,298,339,277,176,336,311
BC051226,911,992,437,466,601,656
BC051537,2,3,3,0,0,2
BC051665,0,0,0,0,0,0
BC052040,1099,1353,947,614,1059,1134
BC053393,2,3,0,2,1,1
BC055324,87,83,73,53,75,66
BC055402,6,16,3,7,8,12
BC061195,0,0,0,0,0,0
BC061212,0,0,0,0,0,0
BC061237,0,0,0,0,0,0
BC065403,3,7,4,4,11,3
BC067074,73,57,48,24,44,43
BC080695,0,0,0,0,0,0
BC100530,0,0,0,0,0,0
BC107364,3,1,1,2,1,0
BC117090,0,0,0,0,0,0
BC147527,1,1,1,4,7,1
Baalc,349,353,402,248,317,278
Baat,5,8,6,1,5,5
Babam1,1864,2199,1161,1089,1663,1729
Babam2,3400,3576,2186,1591,2456,2369
Bace1,2000,2110,1956,921,1670,1608
Bace2,257,268,112,101,146,89
Bach1,348,473,442,222,424,313
Bach2,1673,2061,1643,1119,1408,1932
Bach2os,41,49,19,9,32,31
Bad,715,945,566,404,614,622
Bag1,691,829,495,390,571,458
Bag2,662,880,588,266,552,483
Bag3,155,203,110,67,142,173
Bag4,2281,2389,1594,1064,1698,1692
Bag5,940,929,696,375,606,595
Bag6,2261,2148,2031,1274,1829,1744
Bahcc1,981,823,761,420,648,619
Bahd1,405,473,462,201,309,341
Baiap2,17853,19071,15674,8709,17493,21692
Baiap2l1,12,21,19,8,17,10
Baiap2l2,183,216,246,195,465,140
Baiap3,1399,659,1190,276,1137,1087
Bak1,635,735,487,405,585,573
Bambi,171,172,96,63,109,109
Banf1,589,570,343,344,351,333
Banf2,0,0,1,0,0,0
Banf2os,1,0,1,0,1,0
Bank1,124,137,82,55,92,88
Banp,1112,1281,1544,746,1366,1407
Bap1,1485,1499,1303,693,1099,1108
Bard1,49,47,47,38,52,44
Barhl1,0,0,2,0,1,2
Barhl2,6,13,3,4,6,5
Barx1,0,0,0,0,0,0
Barx2,341,361,221,177,191,243
Basp1,7682,10033,5440,4413,6526,6410
Batf,4,10,5,2,8,4
Batf2,1,3,2,5,5,1
Batf3,147,145,86,54,106,92
Bax,3722,4252,2190,2230,3098,3079
Baz1a,196,188,264,99,260,231
Baz1b,5778,6716,8117,2965,5478,5311
Baz2a,3235,3163,3310,1813,2981,2648
Baz2b,4919,5026,4407,2657,4342,4079
Bbc3,305,275,190,111,159,168
Bbip1,2400,2865,1578,1204,2001,2253
Bbof1,2179,2239,1894,1047,1959,2132
Bbox1,16,8,8,3,7,6
Bbs1,1161,1008,1013,526,851,869
Bbs10,418,444,302,161,299,288
Bbs12,175,171,182,97,138,127
Bbs2,1731,1583,1251,745,1296,1266
Bbs4,2043,2255,1549,1032,1751,1774
Bbs5,2041,2109,1562,950,1554,1661
Bbs7,1421,1510,1211,758,1118,1176
Bbs9,1149,1181,1195,471,1014,1055
Bbx,1728,1984,1863,931,1537,1669
Bc1,9,3,3,1,1,1
Bcam,132,170,79,78,161,129
Bcan,4076,5505,2089,1801,3760,3777
Bcap29,2400,2447,1575,935,1739,1578
Bcap31,2241,2551,1577,802,1930,1852
Bcar1,1793,2257,1754,988,2009,1779
Bcar3,219,270,175,91,206,187
Bcas1,1802,1909,1619,1075,1986,1654
Bcas1os1,13,6,2,3,7,6
Bcas1os2,0,8,1,3,6,5
Bcas2,3447,3718,3394,1755,2981,3041
Bcas3,898,897,924,447,705,779
Bcas3os1,67,45,30,26,39,56
Bcas3os2,4,2,0,0,3,0
Bcat1,1158,1389,1025,638,1004,1024
Bcat2,944,1132,952,543,915,928
Bccip,1180,1326,1068,598,1072,1237
Bcdin3d,583,539,319,245,408,387
Bche,198,182,96,55,154,137
Bckdha,634,684,369,359,460,515
Bckdhb,1900,2228,1456,985,1681,1777
Bckdk,906,974,673,507,737,763
Bcl10,1070,1149,607,394,658,697
Bcl11a,8358,10045,10844,5304,8433,8276
Bcl11b,2466,2295,2386,1158,1855,1955
Bcl2,1862,2359,1771,1066,1964,2348
Bcl2a1a,9,9,28,35,55,9
Bcl2a1b,38,62,182,121,293,32
Bcl2a1c,0,0,0,0,0,0
Bcl2a1d,1,2,14,10,14,0
Bcl2l1,1113,1190,1018,545,898,998
Bcl2l10,2,4,3,1,3,7
Bcl2l11,197,299,219,121,240,194
Bcl2l12,51,90,44,40,86,62
Bcl2l13,1302,1482,1133,590,1119,1157
Bcl2l14,0,0,0,0,19,0
Bcl2l15,31,23,34,21,22,28
Bcl2l2,915,903,911,498,857,843
Bcl3,20,23,21,37,48,10
Bcl6,238,387,330,152,395,311
Bcl6b,46,52,25,27,32,23
Bcl7a,3314,3458,3125,1610,2587,2402
Bcl7b,1343,1437,937,575,1080,982
Bcl7c,448,589,515,281,469,383
Bcl9,2184,2136,1842,1095,1902,1750
Bcl9l,678,941,717,428,785,649
Bclaf1,13716,16998,13423,7959,13574,13704
Bclaf3,1496,1448,1421,690,1305,1437
Bco1,3,3,2,1,1,0
Bco2,29,40,31,22,46,24
Bcor,878,903,947,360,689,725
Bcorl1,780,865,800,437,756,674
Bcr,2073,2122,2185,1000,1729,1802
Bcs1l,1462,1340,899,774,1081,1034
Bdh1,2081,2655,1414,1080,1709,1703
Bdh2,9,20,3,4,12,16
Bdkrb1,1,0,1,1,6,2
Bdkrb2,16,20,10,5,10,12
Bdnf,1067,1875,1275,554,1250,1136
Bdp1,3926,4099,4225,1964,3670,3786
Bean1,653,766,513,334,526,533
Becn1,4415,5091,3991,2216,4008,3952
Begain,2490,2152,1796,1172,1669,1731
Bend3,138,92,108,67,72,63
Bend4,484,566,552,261,366,410
Bend5,694,880,629,452,638,674
Bend6,2872,3067,2073,1613,2374,2235
Bend7,363,409,313,145,303,341
Best1,43,40,30,29,31,29
Best2,2,0,0,0,0,4
Best3,19,20,7,8,9,11
Bet1,1136,1336,806,509,1009,930
Bet1l,1568,1743,1072,955,1367,1228
Bex1,1188,1149,533,536,652,712
Bex2,2916,2926,1636,1260,1627,1761
Bex3,2192,1923,1101,887,1155,1253
Bex4,496,526,203,218,261,325
Bex6,0,0,0,0,0,0
Bfar,2891,3109,1964,1289,2257,2310
Bfsp1,10,16,11,4,15,16
Bfsp2,166,191,238,94,293,256
Bglap,0,1,3,2,2,0
Bglap2,1,1,1,1,1,0
Bglap3,125,141,115,67,106,107
Bgn,82,149,37,42,158,85
Bhlha15,3,2,3,0,6,3
Bhlha9,71,64,28,37,27,41
Bhlhb9,1489,1509,1368,617,1092,1327
Bhlhe22,438,415,238,244,227,333
Bhlhe23,2,4,2,3,0,2
Bhlhe40,2434,3486,2654,1048,2568,2863
Bhlhe41,1709,2045,2320,748,1776,1767
Bhmt,1,1,0,0,0,0
Bhmt2,19,14,17,9,12,11
Bicc1,984,1160,820,456,824,815
Bicd1,8768,9739,10149,4636,7919,7988
Bicd2,1491,1553,1781,823,1555,1532
Bicdl1,1434,1627,2103,922,1505,1350
Bicdl2,0,0,0,0,0,0
Bicra,548,510,546,323,472,434
Bicral,1829,1649,1982,885,1487,1402
Bid,127,148,88,57,108,71
Bik,4,5,5,3,3,4
Bin1,5952,5885,5190,3418,5513,5249
Bin2,65,112,117,77,156,63
Bin3,431,444,341,303,352,323
Birc2,3028,3828,2186,1640,2415,2950
Birc3,68,81,74,59,79,55
Birc5,31,29,29,14,34,27
Birc6,12721,12697,14594,6540,10741,10205
Birc7,4,6,3,0,4,7
Bivm,1452,1433,989,657,945,1087
Blcap,2599,3015,2798,1156,2270,2241
Blk,0,1,0,0,0,0
Blm,728,579,567,328,495,388
Blmh,2445,2734,2065,1216,2035,2068
Blnk,301,504,584,324,771,398
Bloc1s1,673,724,364,400,497,497
Bloc1s2,1774,1928,1158,819,1401,1425
Bloc1s3,121,140,70,49,103,83
Bloc1s4,751,780,396,299,461,490
Bloc1s5,333,315,238,173,238,209
Bloc1s6,681,700,414,297,458,461
Bloc1s6os,62,55,18,21,40,34
Bloodlinc,0,0,0,0,0,0
Blvra,637,837,518,389,616,609
Blvrb,367,510,284,207,415,323
Blzf1,1852,1837,1291,948,1346,1370
Bmf,27,41,33,24,57,30
Bmi1,605,442,437,275,335,365
Bmp1,2641,2416,2275,1416,1942,2036
Bmp10,1,0,0,0,0,0
Bmp15,4,5,1,3,10,4
Bmp2,192,183,108,66,138,132
Bmp2k,515,838,760,403,920,522
Bmp3,974,1046,566,382,531,548
Bmp4,111,188,85,56,148,97
Bmp5,30,64,19,15,45,32
Bmp6,156,270,109,49,166,112
Bmp7,172,271,96,90,180,153
Bmp8a,8,9,7,5,1,3
Bmp8b,11,8,10,3,12,7
Bmper,697,741,473,297,531,510
Bmpr1a,1307,1647,1184,693,1172,1261
Bmpr1b,522,731,308,334,449,479
Bmpr2,6130,6975,5558,2793,5022,5126
Bms1,1906,1864,1591,890,1402,1431
Bmt2,1428,2239,1767,987,1596,1456
Bmx,1,5,8,0,2,2
Bmyc,4112,3705,1862,1837,2218,2218
Bnc1,1,0,1,0,0,0
Bnc2,50,116,52,21,72,59
Bnip1,792,802,816,509,706,621
Bnip2,1795,1950,1809,1056,1698,1565
Bnip3,1190,1409,904,577,829,923
Bnip3l,2505,3092,2077,1387,2230,2299
Bnipl,17,30,26,12,21,18
Boc,1499,1808,1182,776,1320,1255
Bod1,413,616,338,297,364,276
Bod1l,6571,6472,6235,2913,5426,5264
Bok,336,350,201,186,203,224
Bola1,273,295,133,132,156,176
Bola2,542,512,298,278,383,396
Bola3,506,439,286,263,318,274
Boll,0,1,3,0,0,2
Bop1,1062,1090,838,555,898,911
Bora,905,909,583,524,712,611
Borcs5,2145,2462,1272,1064,1667,1666
Borcs6,414,337,218,167,212,207
Borcs7,1435,1909,1196,725,1369,1494
Borcs8,1456,1564,921,713,1143,1207
Bpgm,1173,1278,756,552,1000,954
Bphl,1593,1860,990,787,1303,1272
Bpi,0,0,0,1,0,0
Bpifa1,0,2,0,0,0,2
Bpifa2,0,0,0,0,0,0
Bpifa3,0,0,0,0,0,0
Bpifa5,0,1,0,0,0,0
Bpifa6,0,0,0,0,0,0
Bpifb1,5,1,4,1,6,2
Bpifb2,0,1,0,0,0,1
Bpifb3,0,0,0,0,0,0
Bpifb4,2,2,0,6,2,1
Bpifb5,0,1,0,0,0,0
Bpifb6,0,0,2,0,0,0
Bpifb9a,0,0,0,1,0,1
Bpifb9b,0,0,1,0,0,1
Bpifc,0,4,4,1,0,1
Bpnt1,889,1046,817,382,760,857
Bptf,4890,4314,5623,2574,4116,3684
Braf,6136,7126,7141,3692,5797,6001
Brap,1954,2363,1862,1049,1825,1819
Brat1,2034,2056,1504,982,1655,1575
Brca1,73,72,55,32,71,59
Brca2,1206,1040,913,416,705,666
Brcc3,1243,1369,1371,740,1166,1088
Brd1,1307,1283,1861,648,1180,1011
Brd2,2434,2635,2076,1153,1881,1804
Brd3,1875,1651,1692,1039,1529,1334
Brd3os,1150,1175,489,546,640,801
Brd4,4557,5009,4688,2449,4390,4285
Brd7,2437,2645,2491,1417,2415,2431
Brd8,3954,3830,4013,1967,3430,3352
Brd9,7206,7735,5590,4606,6167,6305
Brdt,1629,2259,1451,1082,1561,1612
Brf1,1816,2256,1754,1062,1869,1618
Brf2,682,651,415,314,449,476
Bri3,1367,1342,920,732,1009,834
Bri3bp,3130,3154,2882,1249,2458,2300
Bricd5,26,31,12,9,11,24
Brinp1,15180,17632,13799,7310,12526,13537
Brinp2,6047,5919,6828,3185,5034,5264
Brinp3,7081,7596,5232,3588,5561,5789
Brip1,12,11,11,3,21,10
Brip1os,184,258,185,136,176,181
Brix1,1213,1401,846,638,1055,1082
Brk1,1751,1926,1250,1015,1348,1475
Brms1,492,508,337,269,404,456
Brms1l,2179,2511,1768,1253,1866,1870
Brox,1342,1513,1312,644,1152,1107
Brpf1,1335,1401,1416,703,1143,1194
Brpf3,734,969,674,448,608,582
Brs3,6,4,6,0,7,8
Brsk1,1148,1159,1300,763,971,948
Brsk2,1498,1391,1616,966,1159,1220
Brwd1,5080,5291,5976,2551,4312,4270
Brwd3,1742,2045,2062,859,1624,1658
Bscl2,4021,4131,3337,1860,3250,3103
Bsdc1,1044,1213,1182,529,915,914
Bsg,8979,10557,5625,4285,8388,6901
Bsn,8984,7752,8008,3995,5858,6463
Bsnd,0,1,0,0,1,1
Bsph1,26,32,16,8,14,13
Bsph2,0,0,0,0,0,0
Bspry,27,26,24,12,16,27
Bst1,2,2,0,1,0,1
Bst2,43,94,74,88,224,40
Bsx,0,0,3,0,1,0
Btaf1,5345,5477,5493,1676,3309,5137
Btbd1,4025,5109,3357,2100,3646,3594
Btbd10,4706,5735,3795,2416,3650,4383
Btbd11,575,739,658,356,572,536
Btbd16,41,39,26,17,26,25
Btbd17,472,883,182,211,464,432
Btbd18,0,1,0,0,1,0
Btbd19,449,491,254,237,303,317
Btbd2,1346,1365,918,674,962,986
Btbd3,2695,2608,2322,1269,1889,1971
Btbd35f1,0,0,0,0,0,0
Btbd35f10,0,0,0,0,0,0
Btbd35f11,0,0,0,0,0,0
Btbd35f12,0,0,0,0,0,0
Btbd35f13,0,0,0,0,0,0
Btbd35f14,0,0,0,0,0,0
Btbd35f15,0,0,0,0,0,0
Btbd35f16,0,0,0,0,0,0
Btbd35f17,0,0,0,0,0,0
Btbd35f18,0,0,0,0,0,0
Btbd35f19,0,0,0,0,0,0
Btbd35f2,0,0,0,0,0,0
Btbd35f20,0,0,0,0,0,0
Btbd35f21,0,0,0,0,0,0
Btbd35f22,0,0,0,0,0,0
Btbd35f23,0,0,0,0,0,0
Btbd35f24,0,0,0,0,0,0
Btbd35f25,0,0,0,0,0,0
Btbd35f26,0,0,0,0,0,0
Btbd35f27,0,0,0,0,0,0
Btbd35f28,0,0,0,0,0,0
Btbd35f29,0,0,0,0,0,0
Btbd35f3,0,0,0,0,0,0
Btbd35f30,0,0,0,0,0,0
Btbd35f4,0,0,0,0,0,0
Btbd35f5,0,0,0,0,0,0
Btbd35f6,0,0,0,0,0,0
Btbd35f7,0,0,0,0,0,0
Btbd35f8,0,0,0,0,0,0
Btbd35f9,0,0,0,0,0,0
Btbd6,685,640,431,348,407,436
Btbd7,4552,4214,4777,2381,3991,3871
Btbd9,3079,3521,2871,1572,2920,3060
Btc,48,49,46,28,38,41
Btd,201,243,103,82,206,167
Btf3,1182,1316,847,660,907,775
Btf3l4,3957,4689,2654,2183,3069,2936
Btg1,982,949,603,497,731,656
Btg1-ps1,0,0,0,0,0,0
Btg1-ps2,0,0,0,0,0,0
Btg2,2047,2999,1144,346,1239,1314
Btg3,375,468,331,187,352,365
Btg4,0,1,1,1,0,1
Btk,45,69,74,63,132,40
Btla,62,34,57,23,41,36
Btn1a1,5,2,1,2,2,3
Btn2a2,63,88,61,33,45,50
Btnl1,0,0,0,0,0,0
Btnl10,0,1,0,0,0,1
Btnl2,1,0,0,0,1,0
Btnl4,0,0,0,0,0,0
Btnl6,0,0,0,0,0,0
Btnl9,2,0,2,0,0,1
Btrc,5586,6263,6325,3038,5039,5219
Bub1,3,7,8,2,11,5
Bub1b,31,34,52,49,33,39
Bub3,2395,2675,1547,1229,1822,1824
Bud13,1129,1409,841,553,923,990
Bud23,1559,1497,1244,803,1271,1439
Bud31,914,1149,751,492,813,753
Bves,164,198,87,60,109,137
Bvht,3,15,5,10,3,1
Bysl,649,786,540,349,578,590
Bzw1,1899,2328,1633,959,1683,1594
Bzw2,2486,3044,2343,1323,2397,2404
C030005K15Rik,187,247,236,90,198,220
C030006K11Rik,1432,1355,674,617,934,941
C030007H22Rik,6,12,7,3,1,6
C030010L15Rik,17,12,8,8,4,6
C030014I23Rik,205,197,131,94,126,126
C030017D09Rik,8,26,7,6,10,6
C030018K13Rik,148,299,60,79,178,239
C030029H02Rik,1853,1741,1205,930,1575,1144
C030034I22Rik,1916,2405,1261,1154,1611,1549
C030034L19Rik,41,32,79,40,113,37
C030037D09Rik,156,230,82,78,133,141
C030037F17Rik,0,1,0,0,2,1
C030047K22Rik,445,444,276,228,316,281
C130013H08Rik,109,141,81,61,108,96
C130021I20Rik,3,3,1,0,1,2
C130026I21Rik,2,8,7,2,6,4
C130026L21Rik,463,541,451,262,437,472
C130032M10Rik,1,1,0,0,0,2
C130050O18Rik,9,12,14,9,27,9
C130060C02Rik,202,245,103,112,149,161
C130060K24Rik,138,95,84,20,68,71
C130071C03Rik,5679,6657,5134,3247,5003,5206
C130073E24Rik,4512,3944,3975,1945,3826,4142
C130073F10Rik,0,0,0,0,0,0
C130074G19Rik,194,176,136,134,117,78
C130079G13Rik,0,0,0,0,0,0
C130080G10Rik,15,5,19,3,9,18
C130083M11Rik,0,1,1,0,1,0
C1d,651,868,470,402,616,585
C1galt1,417,453,314,208,227,275
C1galt1c1,907,869,478,277,631,605
C1qa,654,1028,1332,786,2603,643
C1qb,592,899,1183,777,2488,596
C1qbp,1209,1200,736,562,821,886
C1qc,774,1159,1365,889,2836,854
C1ql1,462,565,219,226,464,403
C1ql2,67,52,39,15,42,45
C1ql3,2879,2227,1526,1261,1492,1633
C1ql4,0,0,0,0,1,0
C1qtnf1,47,82,62,29,54,49
C1qtnf12,1283,1375,687,571,804,924
C1qtnf2,13,17,6,6,21,13
C1qtnf3,6,5,5,2,4,1
C1qtnf4,6974,7380,4446,2870,4981,4451
C1qtnf5,26,42,17,8,22,34
C1qtnf6,27,45,18,12,29,31
C1qtnf7,33,34,26,11,25,29
C1qtnf9,0,0,2,0,1,1
C1ra,168,195,120,95,132,154
C1rb,0,0,0,0,0,0
C1rl,14,17,10,9,13,6
C1s1,61,50,40,29,47,57
C1s2,14,6,10,9,9,9
C2,36,64,27,29,51,44
C230004F18Rik,19328,22291,24160,9996,17700,21721
C230014O12Rik,99,116,88,41,75,95
C230021G24Rik,58,72,41,37,45,53
C230024C17Rik,7,3,6,6,6,8
C230029F24Rik,0,0,0,0,0,0
C230034O21Rik,158,167,88,69,112,110
C230035I16Rik,190,248,102,86,120,160
C230037L18Rik,1275,1309,933,748,948,818
C230057A21Rik,2,0,0,0,1,1
C230057M02Rik,523,555,639,366,483,502
C230072F16Rik,3,7,4,3,2,5
C230079O03Rik,0,1,0,0,0,0
C230088H06Rik,0,0,0,1,0,1
C230099D08Rik,0,0,0,0,0,0
C2cd2,892,998,734,445,737,664
C2cd2l,3971,3809,2873,1362,2480,2694
C2cd3,2013,2466,1901,995,1975,1847
C2cd4a,8,5,3,4,5,4
C2cd4b,169,146,54,82,72,80
C2cd4c,140,162,149,90,107,140
C2cd4d,44,41,11,17,24,24
C2cd5,9594,10715,9595,4896,8402,8712
C2cd6,1,3,3,3,2,3
C2cd6b,0,2,1,1,0,1
C3,5,3,1,0,9,2
C330002G04Rik,5,1,1,2,0,1
C330004P14Rik,0,0,0,0,0,0
C330007P06Rik,963,1172,1100,535,933,917
C330011M18Rik,101,115,48,38,68,65
C330018A13Rik,19,24,12,20,16,17
C330018D20Rik,603,680,338,313,528,447
C330019F10Rik,0,0,0,0,0,0
C330021F23Rik,3,3,2,1,2,0
C330022C24Rik,1,1,2,0,1,3
C330027C09Rik,99,115,100,64,76,71
C3ar1,51,73,157,98,249,61
C430039J16Rik,0,0,0,0,0,0
C430042M11Rik,19,28,9,7,9,11
C430049E01Rik,0,0,0,0,0,0
C4b,220,303,881,563,1352,235
C4bp,7,10,3,1,5,4
C530008M17Rik,2088,2207,2222,1025,1887,1816
C530025M09Rik,104,133,112,57,92,65
C530043A13Rik,0,0,0,0,0,1
C530044C16Rik,15,6,6,6,8,11
C530050E15Rik,482,529,333,289,358,295
C5ar1,15,29,34,28,56,22
C5ar2,12,21,16,13,37,12
C6,0,0,0,0,1,1
C630028M04Rik,1,1,0,2,1,1
C630031E19Rik,39,50,42,27,50,37
C7,50,70,67,40,48,36
C730002L08Rik,1399,1262,374,745,453,558
C730027H18Rik,0,0,0,0,0,1
C730034F03Rik,1051,1193,623,536,786,850
C730036E19Rik,5,3,3,1,3,2
C77080,255,271,240,125,210,199
C78197,37,49,24,30,40,37
C78283,0,2,0,0,0,0
C78334,0,1,0,0,0,1
C78859,6684,6603,7035,3064,5646,5899
C79798,3,1,1,0,1,0
C820005J03Rik,2,4,2,1,3,2
C86187,5,4,12,4,1,3
C87198,1,0,1,1,0,0
C87414,0,0,0,0,0,0
C87436,2184,2144,1197,909,1442,1512
C87499,0,1,1,0,1,0
C87977,0,0,0,0,0,0
C8a,1,0,4,0,1,2
C8b,15,9,7,5,4,1
C8g,45,31,32,19,30,27
C9,0,0,0,0,0,0
C920006O11Rik,398,348,162,203,226,207
C920008G01Rik,0,0,0,0,0,0
C920021L13Rik,505,642,265,248,389,402
CAAA01118383.1,490,542,403,257,468,435
CAAA01147332.1,69,92,49,68,71,50
CAAA01165726.1,0,0,0,0,0,0
CK137956,9,8,10,7,3,6
CN725425,4,7,3,2,4,1
CR974586.1,0,0,0,0,0,0
CR974586.2,1,4,2,1,2,2
CR974586.3,0,0,0,0,0,0
CR974586.4,1,0,0,0,1,0
CR974586.5,2,3,2,0,0,1
CR974586.6,0,0,1,1,0,0
CT009704.1,0,0,0,0,0,0
CT009713.1,3,0,0,0,0,1
CT009718.1,10,14,9,4,8,10
CT009718.2,0,0,0,0,0,0
CT010433.1,1,1,1,0,0,0
CT010437.2,0,0,0,0,0,0
CT010465.1,68,65,59,16,86,69
CT010490.3,0,0,0,0,0,0
CT010583.1,0,0,1,0,1,0
CT025155.1,0,0,0,0,0,0
CT025521.2,2,2,4,3,6,2
CT025521.3,4,2,2,2,1,2
CT025584.1,15,21,15,7,19,23
CT025592.1,54,80,40,37,36,43
CT025619.1,2426,2546,2476,1465,2257,2271
CT025624.1,3,0,3,0,0,4
CT025678.1,26,43,14,13,19,8
CT025774.1,0,0,0,0,0,0
CT027693.2,0,0,0,0,0,0
CT027991.1,1,1,0,0,2,0
CT030190.1,8,8,10,1,13,5
CT030713.2,0,0,0,0,0,0
CT030732.1,3,3,6,2,1,5
CT033750.2,3,0,3,0,3,1
CT573043.1,0,0,0,0,0,0
CT868723.1,51,51,34,26,40,42
Caap1,3566,4619,2891,1807,3028,3215
Cab39,2127,3259,2053,1551,2174,1965
Cab39l,1277,1334,1015,748,1112,1068
Cabcoco1,123,124,53,42,82,84
Cabin1,7977,7733,6960,3981,6016,6228
Cables1,797,993,808,444,900,896
Cables2,655,621,603,368,486,451
Cabp1,2873,4299,4694,2212,3608,3454
Cabp2,0,0,0,0,0,0
Cabp4,3,2,2,2,1,3
Cabp5,6,3,5,2,2,4
Cabp7,47,56,51,31,28,46
Cabs1,0,1,0,0,1,0
Cabyr,39,31,25,18,32,17
Cacfd1,1644,1964,1085,970,1426,1451
Cachd1,678,773,575,275,599,613
Cacna1a,8090,9055,10256,5057,8105,6809
Cacna1b,5467,5370,6204,2807,4629,4426
Cacna1c,6456,7177,5918,3182,5137,6046
Cacna1d,4568,3696,4401,2172,3068,3373
Cacna1e,12940,13285,14878,6240,10771,11280
Cacna1f,14,15,11,13,11,4
Cacna1g,2171,2237,2460,1497,2001,1971
Cacna1h,1736,1818,1577,802,1341,1564
Cacna1i,1825,1920,1739,837,1389,1448
Cacna1s,12,19,5,12,9,8
Cacna2d1,17829,19687,14228,8804,13116,13275
Cacna2d2,2222,1934,2246,880,1978,1961
Cacna2d3,14105,16801,13488,7043,12534,15136
Cacna2d4,52,39,52,33,39,53
Cacnb1,2349,2575,2423,1136,2274,2436
Cacnb2,9685,11781,9169,4138,7889,10456
Cacnb3,2975,2799,2339,1748,2121,2191
Cacnb4,7216,7717,6795,3862,6029,5871
Cacng1,10,5,3,4,3,1
Cacng2,2642,3210,2946,1630,2437,2493
Cacng3,7698,8649,7493,3751,6547,7372
Cacng4,668,626,598,272,579,536
Cacng5,422,514,357,223,384,349
Cacng6,6,12,9,6,8,9
Cacng7,895,1007,987,494,860,822
Cacng8,614,738,663,315,593,560
Cactin,698,633,359,291,410,443
Cacul1,1938,2392,1861,934,1833,1845
Cacybp,1051,1197,891,490,838,876
Cad,329,295,266,200,268,274
Cadm1,8317,9152,7053,4016,6865,7004
Cadm2,39166,42877,31670,17287,29352,33457
Cadm3,8243,8291,7039,3450,6204,6038
Cadm4,3073,3451,2723,1424,2507,2321
Cadps,11507,11466,14115,6679,9959,9638
Cadps2,3480,3660,3203,1972,2748,2780
Cage1,951,978,604,419,674,660
Calb1,2586,2835,2080,1047,1841,1781
Calb2,210,189,139,116,200,154
Calca,46,44,17,27,27,34
Calcb,4,9,6,13,10,5
Calcoco1,2963,2694,2336,1380,2189,2333
Calcoco2,0,0,0,0,0,0
Calcr,40,12,18,2,27,21
Calcrl,255,341,211,131,291,263
Cald1,1308,1476,1015,625,1328,1205
Calhm1,1,0,0,0,0,0
Calhm2,483,592,422,276,511,444
Calhm3,36,25,20,5,15,20
Calm1,15558,14881,11422,8272,10026,9047
Calm2,8553,9118,4986,4517,5494,5492
Calm3,3245,3387,2618,1955,2405,1945
Calm4,0,2,1,0,0,0
Calm5,0,0,0,0,0,0
Calml3,0,0,0,0,0,0
Calml4,3,8,2,3,7,2
Caln1,5227,5435,4774,2379,4222,4360
Calr,5081,5311,4712,2097,4805,4216
Calr3,50,73,29,30,47,43
Calr4,3,5,1,2,1,2
Calu,822,1028,763,356,811,647
Caly,8307,8908,5318,3198,6087,5946
Camk1,4534,5286,4417,2896,4791,4027
Camk1d,3796,4394,4237,1851,3232,3273
Camk1g,547,641,734,287,661,752
Camk2a,30343,30060,34060,15753,26130,26763
Camk2b,17873,15227,15609,7860,12446,13438
Camk2d,11775,12529,10025,5634,9915,10499
Camk2g,6257,6543,4820,3379,5035,4276
Camk2n1,15174,18372,11793,9806,12674,12312
Camk2n2,810,937,638,443,643,534
Camk4,8767,9501,8318,4225,6654,7368
Camkk1,2128,1996,2549,1043,1893,2390
Camkk2,8450,9446,8479,4619,7502,7404
Camkmt,1771,2181,1340,993,1599,1667
Camkv,14438,11636,8857,5503,9270,10963
Caml,3461,3366,2016,1461,2395,2588
Camp,3,2,11,0,0,2
Camsap1,3091,3312,2895,1556,2354,2437
Camsap2,3705,4202,4397,1948,3276,3425
Camsap3,942,876,761,378,687,666
Camta1,6950,7290,6920,3502,5629,5575
Camta2,2273,2218,2326,1351,1869,1889
Cand1,2130,2298,1895,1085,1727,1672
Cand2,109,100,76,58,79,67
Cant1,1041,1083,914,502,831,770
Canx,10886,11552,8666,4244,9405,9033
Cap1,2233,2718,2236,1074,2058,2070
Cap2,6894,8724,7089,3817,6397,7075
Capg,10,12,17,33,52,9
Capn1,346,331,267,168,274,241
Capn10,1657,2045,1213,828,1563,1536
Capn11,12,13,80,31,37,11
Capn12,32,35,22,17,27,31
Capn13,2,3,2,0,1,1
Capn15,3085,3229,2828,1556,2688,2704
Capn2,2384,2288,1409,1221,1690,1417
Capn3,194,254,315,145,417,188
Capn5,389,380,345,184,305,284
Capn6,425,142,227,138,126,197
Capn7,2819,2835,2566,1292,2359,2419
Capn8,0,0,1,0,0,0
Capn9,8,11,3,5,4,5
Capns1,2078,1945,1409,941,1686,1759
Capns2,26,34,43,23,56,27
Caprin1,4768,5578,5021,2648,4529,4531
Caprin2,764,723,857,442,666,573
Caps2,12,15,12,6,9,15
Capsl,69,57,67,21,49,53
Capza1,2701,2818,2323,1416,2435,2384
Capza2,3527,3731,3250,1843,2927,2645
Capza3,0,0,0,0,0,0
Capzb,1744,1893,1398,1037,1531,1388
Car1,1,2,0,0,0,0
Car10,10357,11899,9327,5883,8900,8591
Car11,7878,7885,4732,3785,5577,5874
Car12,868,808,559,309,592,787
Car13,57,133,32,23,80,67
Car14,543,558,416,237,563,476
Car15,45,44,47,35,44,41
Car2,3568,4244,2663,1815,3441,3106
Car3,17,24,18,41,12,27
Car4,2228,2632,1678,1166,1864,1844
Car5a,3,1,0,7,3,0
Car5b,93,103,76,38,62,70
Car6,0,2,0,0,1,1
Car7,1787,1781,1485,991,1285,1298
Car8,151,193,86,87,164,102
Car9,32,32,12,7,23,17
Card10,55,59,43,39,46,30
Card11,4,4,6,3,10,2
Card14,13,19,7,4,11,10
Card19,537,577,338,287,474,387
Card6,45,64,69,35,72,46
Card9,60,78,62,47,76,44
Carf,1981,1852,1613,1087,1404,1460
Carhsp1,275,324,254,108,238,289
Carlr,91,75,46,47,40,30
Carm1,702,738,706,352,562,546
Carmil1,1655,1682,1625,933,1493,1422
Carmil2,1597,1901,1073,917,1256,1336
Carmil3,2116,1900,1751,1126,1918,1858
Carmn,73,96,40,44,150,91
Carnmt1,1697,1959,1219,860,1294,1330
Carns1,469,418,380,226,472,350
Cars,2194,2670,2177,1439,2435,2308
Cars2,1439,1686,1210,763,1260,1155
Cartpt,575,529,399,241,532,463
Casc1,107,130,158,63,108,115
Casc3,3301,3748,3093,1699,2901,2994
Casc4,7201,6919,6436,2942,6072,5892
Casd1,2332,2096,1784,879,1630,1499
Cask,1874,1816,1810,1003,1445,1428
Caskin1,3507,3564,3185,1907,2827,2820
Caskin2,227,295,139,119,222,206
Casp1,63,71,70,46,73,48
Casp12,57,67,40,14,60,37
Casp14,0,0,0,0,0,0
Casp2,990,1158,944,510,844,885
Casp3,361,464,286,205,285,268
Casp4,15,18,26,25,65,17
Casp6,125,114,111,64,96,80
Casp7,186,140,84,102,116,98
Casp8,39,61,80,44,88,51
Casp8ap2,921,936,928,402,808,798
Casp9,810,955,636,419,702,552
Casq1,8,14,9,4,4,11
Casq2,52,30,38,8,43,35
Casr,13,15,14,0,13,5
Cass4,17,15,8,13,17,13
Cast,333,373,286,207,342,285
Casz1,629,636,399,289,452,420
Cat,410,431,275,167,319,277
Catip,138,144,88,67,125,103
Catsper1,0,1,0,0,0,0
Catsper2,1159,1219,792,621,886,917
Catsper3,6,9,11,6,20,6
Catsper4,2,3,1,0,2,1
Catsperb,1,0,0,0,0,0
Catsperd,99,94,68,61,99,79
Catspere2,1809,2079,1630,943,1465,1635
Catsperg1,76,99,88,70,65,75
Catsperg2,12,4,10,1,9,6
Catsperz,85,78,90,65,61,65
Cav1,174,211,82,55,130,146
Cav2,383,358,193,173,242,246
Cav3,2,3,3,2,5,2
Cavin1,45,53,20,27,40,41
Cavin2,162,172,119,58,130,123
Cavin3,475,455,217,212,237,274
Cavin4,95,105,144,64,115,82
Cbarp,5178,5285,4812,2112,4436,4875
Cbfa2t2,2557,3121,2590,1344,2522,2497
Cbfa2t3,754,749,1096,585,1121,972
Cbfb,1140,1280,803,563,1074,914
Cbl,4034,4700,4840,2175,4303,4155
Cblb,1587,1896,1698,1000,1374,1455
Cblc,0,1,0,1,0,0
Cbll1,1034,1025,985,491,918,808
Cbln1,77,73,50,28,36,40
Cbln2,515,534,562,319,449,473
Cbln3,11,10,7,10,5,4
Cbln4,337,551,393,156,563,538
Cbr1,1551,1573,1003,654,1012,1043
Cbr2,4,7,14,4,7,11
Cbr3,256,214,173,68,159,198
Cbr4,664,650,413,281,395,408
Cbs,175,267,100,101,185,260
Cbwd1,1722,1936,892,782,1210,1418
Cbx1,3111,3028,2182,1545,2425,2527
Cbx2,83,119,65,28,61,70
Cbx3,3930,4176,2619,2007,2929,2880
Cbx4,1941,1963,1260,946,1290,1255
Cbx5,3692,4038,3477,2056,3250,3007
Cbx6,4805,4667,4558,2650,3831,3828
Cbx7,1868,1676,1296,748,1176,1221
Cbx8,421,372,197,150,203,219
Cby1,581,579,327,257,346,444
Cby3,85,96,39,48,46,51
Cc2d1a,994,961,876,562,924,981
Cc2d1b,1556,1365,1419,887,1296,1173
Cc2d2a,1679,1646,1504,835,1331,1245
Cc2d2b,40,52,41,13,32,23
Ccar1,5010,5557,5402,3000,4981,4923
Ccar2,1294,1188,926,640,894,921
Ccbe1,617,627,503,290,404,463
Ccdc102a,22,30,20,12,33,19
Ccdc103,14,17,10,13,13,13
Ccdc105,22,27,9,9,17,17
Ccdc106,1428,1209,734,644,879,859
Ccdc107,2688,3294,2158,1176,2400,2570
Ccdc110,36,48,39,14,22,26
Ccdc112,1611,1514,1062,695,1059,1050
Ccdc113,143,127,77,66,78,84
Ccdc114,74,94,46,53,99,90
Ccdc115,365,321,266,182,249,225
Ccdc116,98,58,66,39,49,51
Ccdc117,703,968,618,310,665,777
Ccdc12,2009,2312,1339,1071,1576,1627
Ccdc120,524,468,386,254,411,410
Ccdc121,14,14,4,7,4,5
Ccdc122,117,165,94,60,121,113
Ccdc124,747,872,536,455,589,559
Ccdc125,5,11,10,4,15,7
Ccdc126,529,603,433,222,389,405
Ccdc127,1551,1890,1615,765,1376,1333
Ccdc129,19,20,33,24,24,23
Ccdc13,189,209,147,99,150,126
Ccdc130,706,767,525,361,515,566
Ccdc134,869,1098,1047,405,898,949
Ccdc136,2470,2709,2668,1581,2439,2358
Ccdc137,754,876,624,395,685,745
Ccdc138,717,758,586,331,655,596
Ccdc14,347,354,279,170,277,255
Ccdc141,397,505,225,197,351,394
Ccdc142,829,717,490,450,548,541
Ccdc142os,268,330,146,158,182,203
Ccdc144b,1,1,0,1,1,0
Ccdc146,9,8,6,3,6,10
Ccdc148,2073,2310,1581,1077,1578,1593
Ccdc149,919,968,923,455,754,766
Ccdc15,498,518,418,191,370,345
Ccdc150,19,29,24,12,20,18
Ccdc151,403,410,250,145,277,305
Ccdc152,4,4,1,1,0,1
Ccdc153,15,13,5,3,11,13
Ccdc154,1,2,4,0,1,0
Ccdc155,120,127,88,82,94,100
Ccdc157,657,617,629,355,499,498
Ccdc158,15,15,9,7,7,18
Ccdc159,1329,1363,1515,631,1163,1155
Ccdc160,63,55,29,26,41,42
Ccdc162,54,41,29,27,31,30
Ccdc163,177,132,115,107,141,129
Ccdc166,308,254,114,145,170,148
Ccdc167,211,226,150,106,209,177
Ccdc169,13,8,18,12,18,14
Ccdc17,324,276,147,170,197,195
Ccdc170,3,6,4,2,3,8
Ccdc171,818,757,664,387,590,691
Ccdc172,10,10,14,6,6,7
Ccdc173,741,852,510,386,584,613
Ccdc174,3860,4938,3682,1981,3645,3908
Ccdc175,2,2,0,3,1,1
Ccdc177,382,339,312,218,228,257
Ccdc178,3,0,0,0,0,0
Ccdc18,193,252,138,77,159,146
Ccdc180,12,3,3,1,3,6
Ccdc181,406,432,322,159,244,288
Ccdc182,0,0,0,0,1,0
Ccdc183,11,7,3,3,6,9
Ccdc184,489,548,293,181,280,350
Ccdc185,1,1,0,0,0,0
Ccdc186,2142,2439,2492,967,1915,1810
Ccdc187,515,435,569,176,500,500
Ccdc188,2,1,0,2,0,1
Ccdc189,580,634,371,270,425,461
Ccdc190,92,126,34,47,99,80
Ccdc191,2192,2498,1425,1076,1895,1774
Ccdc22,1193,1175,969,639,1031,1037
Ccdc24,30,42,24,11,36,42
Ccdc25,854,965,809,456,741,755
Ccdc27,33,26,5,15,13,16
Ccdc28a,993,1185,922,474,790,838
Ccdc28b,1863,2480,1858,1081,1962,2059
Ccdc3,361,447,255,197,260,300
Ccdc30,2907,2839,2613,1315,2380,2437
Ccdc32,483,523,328,279,317,300
Ccdc33,14,16,16,11,19,21
Ccdc34,2716,2777,2030,1288,2241,2001
Ccdc34os,1,0,1,0,0,1
Ccdc36,73,82,61,42,46,78
Ccdc38,2,4,1,1,4,1
Ccdc39,2434,2201,2199,1193,1912,1926
Ccdc40,56,47,41,28,56,48
Ccdc42,18,16,13,1,8,10
Ccdc42os,2,0,1,0,0,3
Ccdc43,785,841,653,400,673,649
Ccdc47,6690,6313,5499,2494,5078,5091
Ccdc50,4004,4345,3802,2135,3520,3541
Ccdc51,92,86,62,46,66,69
Ccdc54,0,0,0,0,0,0
Ccdc57,1650,1901,1274,922,1472,1424
Ccdc58,1171,1336,688,606,882,954
Ccdc59,3342,3239,2373,1666,2425,2287
Ccdc6,870,986,1604,664,832,964
Ccdc60,19,22,21,12,16,16
Ccdc61,1029,1190,809,464,856,720
Ccdc62,859,946,597,412,707,639
Ccdc63,4,7,8,12,8,5
Ccdc65,521,578,283,298,387,323
Ccdc66,949,982,1088,509,916,921
Ccdc68,1,0,2,2,0,2
Ccdc69,13,11,9,10,9,7
Ccdc70,0,0,0,0,0,0
Ccdc71,446,426,307,212,310,296
Ccdc71l,397,488,353,210,273,269
Ccdc73,174,171,59,103,80,124
Ccdc74a,578,603,360,313,370,344
Ccdc77,752,942,704,353,734,679
Ccdc78,2,0,0,2,6,6
Ccdc7a,0,0,0,0,0,0
Ccdc7b,0,2,0,1,0,0
Ccdc8,34,60,17,18,37,41
Ccdc80,260,303,132,121,202,215
Ccdc81,44,38,50,15,40,30
Ccdc82,1379,1126,1529,586,1156,989
Ccdc83,2,2,3,1,2,1
Ccdc84,1767,1990,1247,1095,1663,1592
Ccdc85a,3271,3686,2544,1769,2742,2585
Ccdc85b,1275,1698,886,640,1002,989
Ccdc85c,186,101,155,92,113,126
Ccdc86,713,770,551,406,651,607
Ccdc87,88,61,43,30,28,48
Ccdc88a,10957,10866,11920,5612,9413,9025
Ccdc88b,52,89,71,57,84,56
Ccdc88c,3576,3373,3125,1589,2873,2955
Ccdc89,36,19,12,14,23,11
Ccdc9,953,936,830,571,798,737
Ccdc90b,1380,1671,982,569,1144,1186
Ccdc91,732,836,581,375,645,582
Ccdc92,1380,1689,1293,740,1074,1020
Ccdc92b,1021,1080,882,456,754,779
Ccdc93,1736,1873,1664,862,1647,1495
Ccdc94,433,422,281,231,341,337
Ccdc96,41,19,14,10,14,24
Ccdc97,388,475,411,214,386,383
Ccer1,5,4,0,1,4,4
Ccer2,49,33,27,15,43,21
Cchcr1,339,380,260,193,319,285
Ccin,0,0,0,1,0,0
Cck,7193,10017,4970,3696,5972,5545
Cckar,11,5,19,0,2,5
Cckbr,3779,3451,2483,1594,2376,2608
Ccl1,0,0,0,0,0,0
Ccl11,1,1,2,0,0,1
Ccl12,21,17,32,12,68,10
Ccl17,13,17,14,5,11,6
Ccl19,9,6,4,3,6,5
Ccl19-1,0,0,0,0,0,0
Ccl2,0,5,16,4,20,0
Ccl20,0,0,0,0,0,1
Ccl21a,43,28,19,23,23,27
Ccl21a-1,0,0,0,0,0,0
Ccl21b,0,0,0,0,0,0
Ccl21b-1,0,0,0,0,0,0
Ccl21c,5,1,0,0,0,0
Ccl21c-1,0,0,0,0,0,0
Ccl22,3,2,1,2,1,2
Ccl24,3,1,5,2,5,2
Ccl25,4589,5745,3703,2372,4082,4084
Ccl26,0,0,0,0,0,0
Ccl27,0,1,1,2,0,2
Ccl27-1,2,4,2,1,2,2
Ccl27a,4508,5739,3204,3149,4156,4145
Ccl27b,1,0,1,0,0,4
Ccl28,34,34,17,19,22,24
Ccl3,4,2,45,53,109,1
Ccl4,2,9,57,74,164,0
Ccl5,4,7,9,4,12,10
Ccl6,29,26,111,116,308,17
Ccl7,0,6,21,1,4,1
Ccl8,1,2,0,0,4,1
Ccl9,11,15,16,11,20,7
Ccm2,697,835,644,351,673,647
Ccm2l,5,15,6,12,9,13
Ccna1,33,39,30,13,39,22
Ccna2,60,58,54,20,57,60
Ccnb1,19,28,14,23,25,29
Ccnb1ip1,34,33,21,26,35,26
Ccnb2,52,54,54,44,52,60
Ccnb3,0,0,0,1,3,0
Ccnc,5038,5840,3795,2569,4242,4337
Ccnd1,449,512,353,222,417,386
Ccnd2,2696,3748,2790,1113,2722,2860
Ccnd3,415,702,489,231,591,606
Ccndbp1,936,1030,691,448,744,824
Ccne1,441,492,365,238,365,392
Ccne2,240,235,165,112,164,140
Ccnf,280,353,224,143,283,275
Ccng1,2063,2274,1209,1052,1450,1487
Ccng2,1075,921,842,448,707,708
Ccnh,4115,4633,2894,1943,3193,3479
Ccni,3063,3593,2398,1514,2603,2589
Ccnj,406,385,341,209,320,319
Ccnjl,199,275,214,136,210,234
Ccnk,905,900,826,470,794,833
Ccnl1,6589,8187,7257,3830,6756,6396
Ccnl2,10725,12246,10078,5487,10098,10429
Ccno,218,179,119,77,112,91
Ccnt1,4428,5040,4134,2146,4092,4214
Ccnt2,13544,15946,12542,6790,12431,13188
Ccny,5466,6700,5050,2892,4856,5031
Ccnyl1,439,409,408,226,308,304
Ccp110,2430,2141,2746,1214,2248,2026
Ccpg1,2541,3012,2028,1053,2092,2265
Ccpg1os,295,328,161,130,233,238
Ccr1,9,5,7,6,6,5
Ccr10,12,15,4,11,15,10
Ccr1l1,0,0,0,0,1,0
Ccr2,22,11,9,4,16,8
Ccr3,1,1,1,0,1,1
Ccr4,0,0,2,0,0,1
Ccr5,192,242,202,115,266,181
Ccr6,26,15,5,5,10,11
Ccr7,1,0,0,3,8,2
Ccr8,0,0,2,0,1,0
Ccr9,10,14,8,4,15,11
Ccrl2,7,11,12,9,44,7
Ccs,938,1059,685,440,788,791
Ccsap,2883,3460,3347,1214,2458,3008
Ccser1,3787,4139,3586,2106,2853,3662
Ccser2,3173,3001,3366,1636,2526,2422
Cct2,1566,1493,1350,608,1202,1128
Cct3,1939,2190,1681,902,1625,1752
Cct4,1645,2136,1839,774,1551,1564
Cct5,2049,2027,1561,889,1547,1602
Cct6b,15,24,17,18,28,18
Cct7,2326,2272,1822,958,1618,1656
Cct8,1906,1865,1705,723,1471,1481
Cct8l1,5,7,9,2,11,10
Ccz1,1925,2500,1472,1209,1706,1717
Cd101,9,23,28,25,41,21
Cd109,17,22,12,7,12,27
Cd14,36,87,113,115,231,55
Cd151,714,743,445,395,616,572
Cd160,1,3,6,3,3,3
Cd163,30,29,31,11,26,53
Cd163l1,8,6,6,3,3,1
Cd164,1389,1575,1173,545,1107,1129
Cd164l2,107,127,79,67,99,98
Cd177,1,0,0,0,0,0
Cd180,113,115,215,244,435,56
Cd19,0,1,0,1,0,0
Cd1d1,72,60,37,30,61,52
Cd2,4,3,5,1,10,3
Cd200,3516,3592,2403,1167,2662,2585
Cd200r1,96,142,104,77,151,126
Cd200r2,2,1,1,2,1,1
Cd200r3,1,2,0,2,0,1
Cd200r4,15,12,23,19,23,12
Cd207,0,1,1,1,2,1
Cd209a,10,12,7,10,18,21
Cd209b,4,8,5,4,2,5
Cd209c,28,41,25,20,24,26
Cd209d,1,0,1,0,0,1
Cd209e,0,0,0,0,0,0
Cd209f,10,19,16,1,8,9
Cd209g,3,9,16,3,4,8
Cd22,6,8,15,18,24,4
Cd226,3,7,3,6,15,9
Cd244,5,7,17,27,44,2
Cd247,5,13,8,7,12,12
Cd248,50,74,27,20,80,51
Cd24a,35,45,25,26,38,25
Cd27,12,11,4,5,3,6
Cd274,19,20,50,29,58,20
Cd276,608,591,510,289,452,408
Cd28,5,5,8,8,13,7
Cd2ap,2549,2493,2228,1473,1980,1806
Cd2bp2,986,1088,737,542,798,829
Cd300a,70,83,85,44,130,74
Cd300c,1,0,0,0,0,0
Cd300c2,150,237,266,174,514,188
Cd300e,0,1,0,0,0,0
Cd300lb,1,2,4,8,10,1
Cd300ld,0,0,0,0,3,0
Cd300ld2,3,1,0,0,2,0
Cd300ld3,3,2,3,2,3,2
Cd300ld4,0,0,0,1,0,1
Cd300ld5,0,0,0,1,0,0
Cd300lf,5,4,31,28,46,7
Cd300lg,2,1,2,0,2,1
Cd302,528,674,299,232,490,470
Cd320,1307,1618,988,631,1221,1202
Cd33,283,283,338,208,478,234
Cd34,2340,2362,1680,1176,1681,1391
Cd36,27,34,20,8,17,16
Cd37,396,503,546,401,1044,312
Cd38,45,92,47,25,80,84
Cd3d,1,5,5,5,10,1
Cd3e,2,8,6,5,26,7
Cd3eap,571,688,432,246,477,455
Cd3g,1,10,9,5,15,5
Cd4,176,184,116,62,108,137
Cd40,6,9,4,7,11,3
Cd40lg,0,1,1,1,0,0
Cd44,116,90,77,46,87,68
Cd46,1014,966,1170,537,846,773
Cd47,12236,13430,9481,4797,9806,9931
Cd48,31,41,78,82,178,40
Cd5,11,6,7,12,28,12
Cd52,34,46,83,68,188,32
Cd53,43,94,106,72,205,66
Cd55,206,268,184,68,155,188
Cd55b,2,5,3,1,4,5
Cd59a,234,261,135,112,191,252
Cd59b,67,71,45,28,47,56
Cd5l,0,0,0,0,0,0
Cd6,136,164,84,62,57,101
Cd63,1294,2029,1001,786,2215,1151
Cd68,230,257,392,305,779,184
Cd69,0,0,2,2,2,2
Cd7,38,39,31,14,35,39
Cd70,6,5,3,2,7,3
Cd72,58,66,63,35,66,37
Cd74,113,229,371,178,662,111
Cd79a,10,15,9,10,12,15
Cd79b,7,9,5,4,9,3
Cd80,20,33,23,25,31,16
Cd81,10760,12106,6248,3879,10059,8957
Cd82,415,500,328,201,470,368
Cd83,340,299,263,158,465,217
Cd84,175,261,430,280,686,165
Cd86,78,140,172,96,259,83
Cd8a,0,2,2,1,10,5
Cd8b1,0,1,1,2,17,3
Cd9,1994,2605,1949,1315,4136,1724
Cd93,15,46,20,27,36,22
Cd96,4,2,4,1,13,3
Cd99l2,2537,2492,1967,1236,2053,1897
Cda,62,48,50,37,33,33
Cdadc1,3514,3690,3505,1613,2962,3226
Cdan1,1275,1725,1375,850,1334,1106
Cdc123,2569,2983,2324,1261,2239,2143
Cdc14a,217,293,210,124,271,211
Cdc14b,971,1175,1295,577,1052,1121
Cdc16,1632,1682,1277,793,1267,1249
Cdc20,26,31,15,16,31,17
Cdc20b,0,1,0,5,3,4
Cdc23,2606,2933,2744,1465,2382,2476
Cdc25a,250,261,251,155,221,221
Cdc25b,2005,1958,1664,1077,1543,1515
Cdc25c,5,8,5,7,13,8
Cdc26,749,797,585,414,614,625
Cdc27,1668,1827,1671,838,1431,1487
Cdc34,508,613,400,322,390,361
Cdc34b,1,0,1,0,0,0
Cdc37,1617,1739,1299,863,1381,1339
Cdc37l1,11587,13915,12723,6082,12371,12898
Cdc40,6884,7174,5496,3494,5505,5440
Cdc42,5410,5738,4567,2627,4372,4790
Cdc42bpa,8017,8328,10927,4447,7582,7586
Cdc42bpb,2696,2570,2578,1390,2086,1878
Cdc42bpg,63,68,44,37,52,62
Cdc42ep1,216,255,117,95,221,178
Cdc42ep2,189,199,109,97,156,127
Cdc42ep3,1803,2275,1296,733,1305,1352
Cdc42ep4,66,135,45,41,95,90
Cdc42ep5,54,63,32,31,54,47
Cdc42se1,855,1059,717,485,786,720
Cdc42se2,2754,3238,2406,1473,2431,2317
Cdc45,35,39,24,10,20,22
Cdc5l,1386,1669,1201,768,1256,1226
Cdc6,11,23,25,12,24,25
Cdc7,1488,1433,1531,669,1147,1281
Cdc73,1566,1884,1960,976,1652,1544
Cdca2,5,16,25,13,21,12
Cdca3,6,15,7,5,11,4
Cdca4,463,464,348,160,319,305
Cdca5,3,0,3,0,5,3
Cdca7,151,212,157,113,180,146
Cdca7l,112,122,78,91,81,57
Cdca8,99,123,94,57,94,92
Cdcp1,67,56,55,24,37,36
Cdcp2,0,0,0,0,0,0
Cdh1,31,39,8,6,22,15
Cdh10,5678,6859,5124,3049,4953,4904
Cdh11,5695,6252,5445,2993,4938,4761
Cdh12,1638,1684,1549,799,1241,1251
Cdh13,4531,5160,3654,2334,3946,4071
Cdh15,65,42,28,28,43,33
Cdh16,0,0,0,0,0,0
Cdh17,0,1,0,0,0,0
Cdh18,3459,4063,2825,1792,2698,3027
Cdh19,505,774,455,231,500,721
Cdh2,7614,9223,7542,3919,6615,6967
Cdh20,822,1061,790,495,858,768
Cdh22,1741,1852,1444,825,1635,1678
Cdh23,52,75,54,27,54,65
Cdh24,848,1081,911,556,996,1033
Cdh26,0,2,0,0,1,1
Cdh3,3,4,0,0,2,3
Cdh4,1192,1210,1064,517,1010,1041
Cdh5,40,67,15,35,51,42
Cdh6,1991,2122,1696,1071,1623,1566
Cdh7,3289,3100,2496,1320,2032,2409
Cdh8,6088,6084,5025,2460,4346,4696
Cdh9,3757,4401,2300,1596,2426,2566
Cdhr1,213,265,87,96,125,133
Cdhr2,12,10,10,9,13,15
Cdhr3,187,210,113,111,138,107
Cdhr4,7,9,6,3,12,13
Cdhr5,0,0,0,0,1,0
Cdip1,6334,7280,5766,3570,5810,5651
Cdipt,3306,3089,2302,1164,2213,2451
Cdiptos,5,12,8,9,10,6
Cdk1,5,3,6,7,10,4
Cdk10,2176,2170,2368,1193,1880,1806
Cdk11b,4249,4893,3165,2189,3799,3813
Cdk12,3433,3769,3623,1956,2876,2638
Cdk13,3043,3690,3753,1922,3056,2921
Cdk14,5882,6846,6530,3582,5335,5211
Cdk15,12,15,10,5,9,9
Cdk16,3407,3622,2897,1811,3055,3231
Cdk17,6009,6967,5231,3106,4955,5448
Cdk18,881,833,654,491,733,704
Cdk19,2172,2277,1926,961,1830,1917
Cdk19os,3,6,3,2,3,2
Cdk2,50,70,47,37,63,43
Cdk20,653,716,438,318,509,515
Cdk2ap1,342,464,288,276,286,238
Cdk2ap2,456,701,244,200,403,445
Cdk4,1632,1748,1173,938,1337,1253
Cdk5,4309,3815,2781,2138,2998,3353
Cdk5r1,4685,4044,3917,2078,2727,2730
Cdk5r2,1961,2186,1602,1184,1224,1137
Cdk5rap1,536,674,440,261,438,407
Cdk5rap2,725,749,761,374,691,612
Cdk5rap3,1098,1101,594,593,803,747
Cdk6,278,280,351,184,389,241
Cdk7,1745,1893,1439,870,1560,1516
Cdk8,6040,7533,5787,3562,5769,5665
Cdk9,2320,1683,2051,1106,1211,1353
Cdkal1,2178,2356,1913,1216,2024,1974
Cdkl1,1925,1452,1584,714,1278,1277
Cdkl2,4110,3670,3256,1797,2805,2801
Cdkl3,1585,1610,1166,829,1181,1199
Cdkl4,293,367,192,136,183,193
Cdkl5,4649,4673,3933,2272,3210,3443
Cdkn1a,229,345,278,148,271,299
Cdkn1b,1035,1466,844,505,1037,947
Cdkn1c,180,126,60,85,86,79
Cdkn2a,18,12,11,8,14,12
Cdkn2aip,2152,2071,1217,877,1245,1288
Cdkn2aipnl,613,627,416,247,412,364
Cdkn2b,5,14,2,3,7,4
Cdkn2c,16,31,14,9,27,13
Cdkn2d,701,655,378,285,384,375
Cdkn3,52,40,28,26,37,9
Cdnf,29,54,21,10,29,31
Cdo1,316,381,245,128,254,304
Cdon,795,878,733,452,658,668
Cdpf1,214,222,116,116,153,117
Cdr1,837,919,525,454,875,1030
Cdr2,112,135,141,51,127,126
Cdr2l,525,626,560,233,452,438
Cdrt4,0,0,1,0,1,0
Cdrt4os1,0,1,0,1,0,0
Cdrt4os2,0,0,0,0,0,0
Cds1,2369,3043,2798,1451,2464,2096
Cds2,5663,5776,5185,2532,4146,4388
Cdsn,28,21,12,15,11,12
Cdt1,85,66,57,50,74,46
Cdv3,1614,2245,1572,869,1425,1357
Cdx1,0,0,0,0,0,0
Cdx2,0,0,0,0,0,0
Cdx4,0,0,0,0,0,0
Cdyl,498,557,475,318,469,409
Cdyl2,394,427,341,217,321,332
Ceacam1,49,72,29,36,78,36
Ceacam10,4,10,6,4,4,5
Ceacam11,0,0,0,0,0,0
Ceacam12,0,0,0,0,0,0
Ceacam13,0,0,0,0,0,0
Ceacam14,0,0,0,0,0,0
Ceacam15,0,1,0,0,0,0
Ceacam16,1,0,1,2,0,1
Ceacam18,0,2,1,0,1,1
Ceacam19,0,1,0,0,0,0
Ceacam2,21,28,21,9,27,19
Ceacam20,2,0,1,1,0,1
Ceacam3,5,5,5,2,3,2
Ceacam5,0,0,0,0,0,0
Ceacam9,3,4,0,1,0,2
Cebpa,91,79,73,53,117,62
Cebpb,602,598,319,291,346,376
Cebpd,238,344,175,142,290,271
Cebpe,0,0,0,0,1,0
Cebpg,2483,3134,1895,1533,2152,1940
Cebpz,3336,3286,2928,1447,2814,3000
Cebpzos,610,793,412,329,498,489
Cecr2,164,262,180,102,191,199
Cel,1,1,3,0,1,0
Cela1,52,79,61,33,69,59
Cela2a,1,0,0,0,0,0
Cela3a,0,0,0,0,0,0
Cela3b,0,0,0,0,0,0
Celf1,11377,11580,10225,6064,9837,9618
Celf2,64714,73957,62498,36152,53026,57794
Celf3,6407,6230,5174,3400,4919,5356
Celf4,19879,20077,17855,11573,16663,16433
Celf5,10042,9283,10406,5177,8421,9067
Celf6,890,982,890,468,862,928
Celrr,74,157,26,39,79,90
Celsr1,30,51,24,28,46,38
Celsr2,4844,4111,4197,2143,3244,3329
Celsr3,2474,2147,2652,1383,1952,1976
Cemip,2030,2579,1856,1159,2065,1829
Cend1,1916,1963,1321,964,1285,1320
Cenpa,129,220,179,68,171,246
Cenpb,333,300,319,200,256,228
Cenpc1,2368,2298,2140,1116,1945,1962
Cenpe,80,50,62,40,58,42
Cenpf,33,36,20,16,39,34
Cenph,69,77,54,32,50,53
Cenpi,15,8,8,6,7,4
Cenpj,146,178,128,73,131,123
Cenpk,185,229,113,107,164,158
Cenpl,49,54,57,32,46,33
Cenpm,158,140,104,72,117,88
Cenpn,62,64,57,35,60,61
Cenpo,549,604,444,245,432,415
Cenpp,139,153,133,76,103,136
Cenpq,220,258,122,99,149,183
Cenps,87,107,56,43,57,60
Cenpt,1034,1320,704,615,999,911
Cenpu,165,197,158,99,144,123
Cenpv,629,828,554,383,541,543
Cenpw,258,354,199,165,212,160
Cenpx,323,337,191,160,228,216
Cep104,2433,2361,2388,1184,2010,1937
Cep112,1549,1643,1438,748,1267,1377
Cep112os1,4,2,0,2,5,1
Cep120,1090,1231,1135,599,998,938
Cep126,1500,1842,1247,943,1267,1246
Cep128,273,329,287,138,291,255
Cep131,1190,1131,864,630,914,748
Cep135,919,966,930,511,847,801
Cep152,224,311,272,154,329,230
Cep162,1416,1647,1628,766,1375,1236
Cep164,4023,3725,3190,2077,3238,2799
Cep170,4397,4828,5576,2567,4216,4024
Cep170b,1209,1138,1222,785,1011,940
Cep19,2263,2618,1425,835,1625,1756
Cep192,984,1053,993,581,987,779
Cep250,1982,2180,1860,1017,1947,1708
Cep290,2627,2623,2923,1250,2196,2298
Cep295,4000,4549,4002,2140,3485,3585
Cep295nl,23,28,45,20,33,29
Cep350,2694,2666,3695,1394,2259,2056
Cep41,199,230,177,103,156,201
Cep44,2782,3307,2211,1568,2314,2281
Cep55,22,20,13,17,16,17
Cep57,1646,1952,1470,711,1391,1379
Cep57l1,777,838,670,358,642,621
Cep63,1763,1927,1738,929,1479,1407
Cep68,1419,1540,1120,704,1171,1058
Cep70,4938,3970,4862,1836,3761,3920
Cep72,88,116,82,45,99,81
Cep76,228,266,189,101,185,180
Cep78,2959,3528,1968,1356,2353,2441
Cep83,3559,3593,4196,1843,3119,3171
Cep85,1016,1174,994,605,1152,1014
Cep85l,2473,2848,2213,1052,2095,2118
Cep89,1711,1892,1533,839,1540,1595
Cep95,1421,1794,1253,743,1433,1513
Cep97,1294,1355,1171,601,1187,1047
Cept1,1340,1609,954,660,1146,1240
Cer1,0,2,4,0,1,0
Cercam,259,223,190,92,164,173
Cerk,1867,2265,2350,1133,2501,2091
Cerkl,673,648,425,243,383,403
Cers1,2606,2812,2453,927,2132,2203
Cers2,1907,1685,1223,845,1453,1384
Cers3,5,4,9,3,5,2
Cers4,7240,7673,7697,3936,7066,6408
Cers5,3433,4055,2616,1585,3223,3015
Cers6,7101,8186,6658,3749,6174,6796
Ces1a,0,0,0,1,0,0
Ces1b,0,0,0,0,0,0
Ces1c,0,0,0,0,0,0
Ces1d,2,3,2,0,3,1
Ces1e,0,0,0,0,0,0
Ces1f,4,5,6,3,4,3
Ces1g,1,1,0,1,1,0
Ces1h,4,3,0,1,3,0
Ces2a,0,0,0,0,0,0
Ces2b,0,0,0,0,1,0
Ces2c,0,0,0,0,1,0
Ces2e,0,0,0,0,0,0
Ces2f,0,0,0,0,0,0
Ces2g,5,7,2,1,14,0
Ces2h,0,0,0,0,1,0
Ces3a,1,1,1,0,1,2
Ces3b,0,0,0,0,0,0
Ces4a,0,0,0,0,0,1
Ces5a,49,48,43,45,39,51
Cetn1,0,0,0,0,0,0
Cetn2,330,330,200,146,195,186
Cetn3,2169,2514,1892,1221,1848,2271
Cetn4,736,715,401,275,450,516
Cfap100,173,217,128,95,144,202
Cfap126,4,5,3,2,8,3
Cfap157,9,12,10,3,14,10
Cfap161,9,13,13,6,13,14
Cfap20,3297,3725,2554,1689,2617,2816
Cfap206,187,201,134,80,168,159
Cfap221,50,77,60,15,45,48
Cfap36,2067,2316,1823,1061,1732,1841
Cfap43,23,28,28,25,43,21
Cfap44,450,398,419,188,387,365
Cfap45,258,219,160,109,181,185
Cfap46,246,253,261,132,247,220
Cfap52,40,37,16,27,40,23
Cfap53,15,8,9,3,5,13
Cfap54,1156,1135,991,560,871,973
Cfap57,14,29,21,15,18,35
Cfap58,3,3,4,4,4,4
Cfap61,145,179,125,73,107,114
Cfap65,438,425,376,218,336,352
Cfap69,2970,2659,3109,1288,2088,2453
Cfap70,221,176,177,111,153,140
Cfap73,10,8,1,2,4,4
Cfap74,1613,1826,1395,868,1557,1408
Cfap77,8,7,7,2,9,11
Cfap97,1218,1084,803,507,820,768
Cfap99,41,66,31,27,46,35
Cfb,6,2,1,1,2,7
Cfc1,1,0,1,0,1,1
Cfd,0,0,0,0,0,0
Cfdp1,1691,2046,1395,894,1694,1733
Cfh,379,575,534,311,929,412
Cfhr1,0,0,0,0,0,0
Cfhr2,1,3,0,1,0,1
Cfi,0,0,0,0,2,1
Cfl1,3474,4035,2230,1934,2538,2286
Cfl2,3443,3989,2375,1948,2812,2874
Cflar,534,678,497,345,727,457
Cfp,475,579,546,323,458,569
Cftr,100,100,101,40,86,99
Cga,1,0,0,0,0,0
Cggbp1,689,729,629,357,508,462
Cgn,411,495,408,304,484,425
Cgnl1,133,114,91,84,178,130
Cgref1,801,805,489,443,607,582
Cgrrf1,1064,1400,1113,517,1024,1011
Ch25h,35,34,53,59,109,26
Chac1,179,198,114,106,109,146
Chac2,1218,1168,551,523,757,856
Chad,0,1,1,0,0,0
Chadl,695,819,411,328,620,520
Chaer1,1,2,0,0,0,0
Chaf1a,84,89,64,50,85,47
Chaf1b,17,16,6,15,18,12
Champ1,751,801,584,368,580,552
Chat,140,80,104,23,75,71
Chchd1,932,1055,617,551,685,695
Chchd10,2261,2484,1298,1084,1377,1471
Chchd2,2500,3226,1612,1464,1919,1610
Chchd3,4154,4868,3339,2251,3706,3827
Chchd4,1293,1328,804,493,872,916
Chchd5,275,266,131,141,203,167
Chchd6,2429,2764,2355,1251,2075,2072
Chchd7,3238,3648,2453,1526,2599,2717
Chd1,2287,2459,2666,1214,2304,2257
Chd1l,497,588,386,239,380,434
Chd2,3628,4615,5198,1870,3479,3537
Chd3,5883,5829,5279,3353,5283,4657
Chd3os,3582,3471,2082,1698,2319,2312
Chd4,5640,7650,5543,3133,6454,5471
Chd5,4713,4634,5189,3004,4223,3874
Chd6,10212,11907,10127,4925,9714,9145
Chd7,1340,1563,1343,799,1692,1294
Chd8,5023,5397,5202,2607,4535,4207
Chd9,10270,11022,11283,5284,9661,9977
Chdh,82,117,111,45,107,102
Chek1,67,81,85,47,72,68
Chek2,68,96,73,40,101,74
Cherp,2568,2723,1976,1309,2135,2305
Chfr,9698,10658,7886,4593,8069,8362
Chga,7781,8186,5719,2671,6115,6656
Chgb,15247,17044,11931,5192,12725,11861
Chia1,87,71,72,69,71,58
Chic1,3229,3820,3018,1536,2677,2947
Chic2,2900,3327,3086,1552,2588,2613
Chid1,2413,2656,2032,1252,2099,1957
Chil1,45,65,24,27,65,47
Chil3,3,0,2,0,1,0
Chil4,0,1,0,0,1,0
Chil5,1,3,2,0,4,4
Chil6,0,1,0,1,0,1
Chit1,7,6,2,1,3,2
Chka,11019,12918,10812,5721,10575,10849
Chkb,2092,2034,1437,1072,1775,1844
Chl1,6312,5898,5553,2692,4856,4889
Chm,2320,2249,2118,1137,1799,1898
Chml,257,275,377,134,215,181
Chmp1a,644,677,569,344,544,560
Chmp1b,678,735,788,295,555,590
Chmp2a,835,911,607,458,693,704
Chmp2b,516,589,444,270,396,412
Chmp3,1463,1669,1142,785,1120,1142
Chmp4b,1057,1336,918,677,899,879
Chmp4c,60,82,36,38,51,63
Chmp5,857,1068,584,437,670,700
Chmp6,457,389,303,216,297,260
Chmp7,1581,1544,1305,754,1270,1258
Chn1,19636,22150,16524,9272,15583,16941
Chn1os1,251,325,140,149,249,274
Chn1os3,80,72,46,36,56,69
Chn2,2177,2410,2224,1241,2558,2045
Chodl,80,80,92,45,60,55
Chordc1,4365,5015,3678,2195,3950,4154
Chp1,2004,2619,1736,1057,1931,2108
Chp2,5,5,1,5,5,4
Chpf,1813,1885,1372,764,1389,1345
Chpf2,2951,3218,2588,1649,2773,2683
Chpt1,2478,3120,2552,1306,2294,2329
Chrac1,612,601,292,267,410,418
Chrd,2099,2039,2209,1351,1745,1803
Chrdl1,184,265,105,81,166,142
Chrdl2,15,3,6,2,10,14
Chrm1,3851,3849,2811,1407,2728,2862
Chrm2,1134,1192,985,549,871,974
Chrm3,6497,7642,4949,3879,5239,5293
Chrm4,427,685,415,203,448,491
Chrm5,13,14,14,3,16,17
Chrna1,12,12,11,10,8,5
Chrna10,21,18,13,20,4,18
Chrna1os,194,188,78,97,104,120
Chrna2,24,20,21,10,22,39
Chrna3,37,36,24,13,23,18
Chrna4,833,874,652,364,658,660
Chrna5,87,117,71,33,62,83
Chrna6,20,12,5,5,8,19
Chrna7,588,590,538,253,397,419
Chrna9,2,0,1,0,0,0
Chrnb1,5,15,6,7,6,9
Chrnb2,1005,855,782,355,690,723
Chrnb3,94,57,31,26,43,35
Chrnb4,4,8,1,3,2,4
Chrnd,0,0,0,0,0,0
Chrne,14,13,16,8,12,14
Chrng,0,1,1,1,2,1
Chst1,6685,6608,5014,3143,5032,4958
Chst10,2094,2384,2039,850,1718,1727
Chst11,682,692,582,307,547,520
Chst12,899,961,553,332,648,608
Chst13,2,1,0,0,1,1
Chst14,53,58,50,31,69,32
Chst15,1573,1466,1386,595,1106,1132
Chst2,739,1020,768,448,817,767
Chst3,45,55,40,19,49,21
Chst4,5,3,1,2,1,1
Chst5,43,37,21,16,32,29
Chst7,77,103,85,38,79,71
Chst8,370,458,436,208,387,397
Chst9,193,209,153,88,129,156
Chsy1,184,203,156,107,171,135
Chsy3,5147,6803,3207,3060,3687,4404
Chtf18,92,76,49,45,69,54
Chtf8,572,629,498,256,507,514
Chtop,2083,2304,1780,1068,1573,1676
Chuk,5134,5562,5476,2633,4667,4936
Churc1,891,994,502,452,616,555
Ciao1,896,925,658,397,572,663
Ciapin1,2230,2774,2031,1108,2319,2298
Ciart,2554,3841,1979,685,2179,2453
Cib1,209,259,150,109,175,155
Cib2,472,436,292,243,338,314
Cib3,1,1,3,2,2,0
Cib4,0,0,0,0,0,0
Cic,1275,1176,1348,707,1146,962
Cidea,62,78,47,34,60,50
Cideb,37,62,10,22,46,29
Cidec,0,0,0,0,0,0
Ciita,9,16,6,7,11,12
Cilp,4,1,4,3,2,3
Cilp2,16,15,15,8,9,18
Cinp,873,983,620,503,727,733
Cipc,3829,4498,3322,1718,3247,3302
Cir1,1283,1426,1006,621,967,1067
Cirbp,4039,4282,1817,2105,2861,2606
Cisd1,2065,2419,1614,998,1575,1472
Cisd2,4296,5385,4317,1953,3954,4220
Cisd3,342,375,208,218,258,263
Cish,160,172,193,68,145,142
Cit,11966,12600,10750,6327,10069,9983
Cited1,17,11,11,7,13,7
Cited2,1891,1444,716,483,854,1011
Cited4,181,156,56,64,69,79
Ciz1,2061,2359,2115,1250,1954,1926
Ckap2,20,29,26,18,31,22
Ckap2l,20,16,16,19,18,13
Ckap4,1081,1161,798,487,868,791
Ckap5,3266,3133,2893,1599,2580,2656
Ckb,19932,22967,12297,9455,15160,16675
Cklf,866,1013,720,527,983,750
Ckm,5,1,0,0,3,0
Ckmt1,4136,4058,2400,1721,2612,2896
Ckmt2,4,3,2,1,4,4
Cks1b,13,32,20,14,17,15
Cks1brt,0,0,0,0,0,0
Cks2,52,51,20,24,35,37
Clasp1,4578,4809,5074,2612,4184,3668
Clasp2,10976,12488,11710,6167,10771,10334
Clasrp,6308,5465,4257,3363,4974,4783
Clca1,0,0,0,0,0,0
Clca2,0,0,0,0,0,0
Clca3a1,29,21,35,9,15,23
Clca3a2,49,30,29,19,27,17
Clca3b,0,0,1,1,0,0
Clca4a,0,1,1,0,1,0
Clca4b,1,0,1,3,1,0
Clcc1,2173,2231,1599,972,1714,1594
Clcf1,36,54,34,29,62,39
Clcn1,192,178,191,113,168,170
Clcn2,2680,2677,2171,1452,2087,2263
Clcn3,12380,12855,9683,5387,9611,9579
Clcn4,4954,4820,3623,1922,3784,3593
Clcn5,878,928,877,418,777,737
Clcn6,1933,1912,1697,887,1635,1536
Clcn7,2141,2097,1705,1070,1761,1760
Clcnka,0,0,0,2,0,1
Clcnkb,2,0,0,0,1,0
Cldn1,77,71,46,30,56,36
Cldn10,544,1054,210,277,563,489
Cldn11,5289,6134,4935,2138,6266,4601
Cldn12,1353,1398,1178,599,1030,1167
Cldn13,0,0,0,0,1,0
Cldn14,59,80,87,48,123,73
Cldn15,5,9,5,2,8,12
Cldn16,0,0,0,0,0,0
Cldn17,0,0,0,0,0,0
Cldn18,0,0,0,2,0,0
Cldn19,2,2,5,1,2,0
Cldn2,0,2,0,2,4,0
Cldn20,15,11,10,14,5,8
Cldn22,112,94,45,48,43,43
Cldn23,42,34,18,14,19,9
Cldn24,0,0,0,0,0,0
Cldn3,26,8,9,0,6,10
Cldn34a,0,0,0,0,0,0
Cldn34b1,0,0,0,0,0,0
Cldn34b2,0,0,0,0,0,0
Cldn34b3,0,0,1,0,0,0
Cldn34b4,0,0,0,0,0,0
Cldn34c1,676,720,535,406,561,488
Cldn34c2,0,0,0,0,0,0
Cldn34c3,1,1,0,0,0,0
Cldn34c4,0,0,0,0,0,0
Cldn34d,0,0,2,0,0,1
Cldn4,0,0,0,0,0,0
Cldn5,68,131,34,274,267,79
Cldn6,0,3,0,0,0,0
Cldn7,3,1,0,1,0,1
Cldn8,0,0,0,0,0,0
Cldn9,3,0,3,2,1,6
Cldnd1,2590,2252,1708,986,1841,1816
Cldnd2,1,0,1,0,1,0
Clec10a,12,20,8,5,13,2
Clec11a,236,242,88,146,169,167
Clec12a,113,95,53,30,59,62
Clec12b,0,1,0,0,1,0
Clec14a,71,78,42,36,49,40
Clec16a,2717,3341,3557,1509,2776,2875
Clec18a,433,425,341,223,287,305
Clec1a,17,35,20,25,23,11
Clec1b,3,5,7,3,11,4
Clec2d,103,143,99,109,191,109
Clec2e,2,0,0,2,0,1
Clec2g,3,1,0,4,0,1
Clec2h,0,0,0,0,0,0
Clec2i,6,3,5,2,6,5
Clec2l,595,760,541,483,439,530
Clec3a,0,1,0,0,0,0
Clec3b,32,46,32,9,62,57
Clec4a1,2,1,2,0,2,5
Clec4a2,29,60,43,15,38,56
Clec4a3,19,43,25,15,42,41
Clec4a4,0,0,0,0,0,0
Clec4b1,1,0,2,0,3,2
Clec4b2,1,0,0,0,0,0
Clec4d,0,0,0,0,0,1
Clec4e,0,0,1,1,0,0
Clec4f,0,0,0,0,0,0
Clec4g,1,0,1,0,1,1
Clec4n,1,5,7,3,3,0
Clec5a,12,26,36,33,45,10
Clec9a,2,2,1,2,8,1
Clgn,754,761,623,332,627,603
Clhc1,12,22,19,15,15,14
Clic1,117,245,149,116,278,122
Clic3,2,3,1,4,6,1
Clic4,1406,1692,925,694,1251,1017
Clic5,51,67,85,68,62,70
Clic6,333,301,247,81,252,329
Clint1,771,855,988,498,804,648
Clip1,4766,4769,5761,2567,4677,4495
Clip2,1666,1729,1980,1041,1805,1574
Clip3,2706,2937,1859,1377,2102,2232
Clip4,2448,2474,2369,1061,1972,2125
Clk1,10266,13466,11676,5626,10514,11229
Clk2,1340,1465,1444,707,1270,1179
Clk3,2532,3131,2492,1529,2589,2616
Clk4,8946,10444,8667,4700,8319,8893
Clmn,2113,2388,2383,1145,2184,2100
Clmp,1694,1794,1557,829,1434,1659
Cln3,1388,1418,1082,716,1279,1140
Cln5,654,580,391,248,438,363
Cln6,403,384,215,199,262,246
Cln8,667,761,625,283,612,577
Clnk,12,13,5,8,12,15
Clnkos,0,1,1,1,1,0
Clns1a,1333,1651,1167,644,1138,1244
Clock,6018,6340,6245,3576,5678,5249
Clp1,526,476,286,159,286,349
Clpb,1734,2034,1792,954,1628,1594
Clpp,3821,4280,2369,1816,2986,3073
Clps,0,0,0,243,0,0
Clpsl2,0,0,0,0,0,0
Clptm1,4225,4422,3256,1741,3586,3594
Clptm1l,1920,2170,1869,866,1676,1627
Clpx,1955,2231,2008,852,1754,1798
Clrn1,87,92,69,22,64,83
Clrn2,10,4,5,5,4,5
Clrn3,0,0,0,0,0,0
Clspn,87,98,80,31,73,70
Clstn1,16732,17255,12693,6676,11594,12465
Clstn2,6084,7843,4714,3460,5314,5885
Clstn3,9887,10083,9093,4090,8474,8702
Clta,4101,4812,2970,2063,3709,3451
Cltb,4682,4999,4555,2424,4263,4168
Cltc,8494,8507,7853,3504,6445,6329
Clu,7076,10365,3679,3441,7329,6035
Cluap1,2621,2584,2021,1245,2092,2107
Cluh,1742,1651,1742,829,1493,1433
Clvs1,4363,5701,4406,2111,4037,4951
Clvs2,976,1158,1216,518,836,835
Clybl,525,679,369,272,489,454
Cma1,0,0,0,1,0,0
Cma2,1,0,0,0,0,0
Cmah,6,4,4,1,5,0
Cmas,2877,3158,2608,1411,2274,2255
Cmbl,61,87,35,23,37,29
Cmc1,392,448,307,217,330,276
Cmc2,656,864,701,430,758,803
Cmc4,390,495,338,263,384,381
Cmip,2094,2085,2591,1345,2140,1853
Cmklr1,41,51,54,26,120,40
Cmpk1,1109,1431,1040,561,917,948
Cmpk2,295,251,165,111,173,127
Cmss1,954,1020,614,503,787,851
Cmtm1,1,0,0,1,0,0
Cmtm2a,0,0,0,1,0,0
Cmtm2b,1,0,0,0,0,0
Cmtm3,138,171,115,74,183,136
Cmtm4,1396,1647,1502,846,1258,1194
Cmtm5,1669,1982,1043,709,1651,1366
Cmtm6,537,626,573,249,515,416
Cmtm7,108,126,108,63,175,94
Cmtm8,31,30,32,31,49,34
Cmtr1,2963,2864,2406,1342,2422,2240
Cmtr2,236,203,127,83,125,128
Cmya5,456,421,390,236,338,351
Cnbd1,2,0,1,0,0,0
Cnbd2,1154,1291,705,590,761,853
Cnbp,4144,5390,3072,1992,3625,3759
Cndp1,70,96,42,51,57,48
Cndp2,458,462,402,262,378,306
Cnep1r1,1368,1360,1034,723,1021,1021
Cnfn,1,0,0,0,1,0
Cnga1,0,0,0,0,0,0
Cnga2,6,10,19,3,11,15
Cnga3,7,2,0,5,3,3
Cnga4,29,19,17,11,16,9
Cngb1,5,2,7,2,7,2
Cngb3,0,0,1,0,0,0
Cnih1,2192,2275,1237,808,1551,1560
Cnih2,2429,2760,1627,1191,1957,2091
Cnih3,1867,2045,2004,936,1568,1610
Cnih4,1122,1361,919,566,956,923
Cnksr1,2,7,7,6,9,1
Cnksr2,13338,13490,12868,6366,9219,10582
Cnksr3,109,143,131,63,142,138
Cnmd,56,47,12,13,42,38
Cnn1,9,6,4,1,9,2
Cnn2,40,61,19,26,66,38
Cnn3,437,741,347,254,502,518
Cnnm1,3873,4379,3989,2119,3598,3574
Cnnm2,2248,2452,2100,918,1725,1760
Cnnm3,953,923,1122,456,751,702
Cnnm4,236,264,249,120,218,206
Cnot1,4023,4237,5114,2333,3735,3784
Cnot10,3737,3736,3931,2014,3472,3479
Cnot11,945,954,770,433,719,754
Cnot2,2362,2774,2210,1326,2020,2360
Cnot3,1761,1977,1666,1075,1741,1721
Cnot4,6526,7185,6172,3107,6035,6729
Cnot6,1383,1367,1405,820,1113,1030
Cnot6l,1748,1939,2082,975,1632,1529
Cnot7,2801,3394,3181,1543,2605,2695
Cnot8,970,1196,721,530,772,707
Cnot9,1374,1754,934,678,1073,1163
Cnp,2009,1882,1212,698,1447,1458
Cnppd1,1706,1596,1190,689,1226,1306
Cnpy1,16,3,3,6,1,3
Cnpy2,1137,1199,739,553,885,790
Cnpy3,2423,2646,1859,1197,2028,1872
Cnpy4,242,245,212,91,207,181
Cnr1,11714,12036,7433,5057,7108,9046
Cnr2,6,6,14,15,35,2
Cnrip1,5950,7508,4617,3359,5655,5423
Cnst,1673,1985,1520,816,1327,1383
Cntd1,148,166,99,65,121,111
Cntf,27,25,26,6,18,21
Cntfr,4394,4394,3878,2364,3510,3878
Cntln,2121,1848,1950,933,1514,1500
Cntn1,9730,10216,7494,4150,7565,7556
Cntn2,3778,3690,3860,1780,3470,3407
Cntn3,1390,1643,1630,913,1159,1282
Cntn4,10641,12791,8231,4918,8691,9479
Cntn5,12505,13898,8717,5854,9779,10665
Cntn6,2773,3276,2051,1414,2410,2257
Cntnap1,2844,2619,2515,1359,2139,2296
Cntnap2,7428,8267,7379,3411,6344,7053
Cntnap3,1107,1050,1026,473,828,759
Cntnap4,1411,1775,1341,1012,1254,1289
Cntnap5a,7600,6178,4845,4197,5663,5949
Cntnap5b,557,517,629,287,532,484
Cntnap5c,326,357,350,128,287,287
Cntrl,1314,1201,1406,721,1157,1099
Cntrob,1852,2035,1724,1019,1521,1553
Cntrobos,0,0,0,0,0,0
Coa3,1357,1359,712,610,844,851
Coa4,118,108,75,46,89,73
Coa5,790,869,442,383,554,558
Coa6,913,886,520,368,605,680
Coa7,908,1061,670,445,677,685
Coasy,834,722,456,374,594,556
Cobl,6025,6780,6140,2966,5290,6185
Cobll1,613,688,570,372,642,577
Coch,1677,1883,1313,642,1151,1259
Cog1,1742,1812,1415,751,1340,1570
Cog2,1860,1790,2170,905,1671,1687
Cog3,1839,1895,1690,899,1495,1645
Cog4,2339,2690,1944,1093,2081,1975
Cog5,1179,1293,1163,668,1060,1056
Cog6,2168,2359,2150,1101,1958,1971
Cog7,2025,1957,1541,1032,1521,1424
Cog8,1858,2099,1533,837,1684,1724
Coil,1348,1300,858,664,984,924
Col10a1,22,15,4,10,14,11
Col11a1,1800,1101,1707,637,1102,1292
Col11a2,328,302,272,132,265,314
Col12a1,1287,1610,1069,724,1075,1205
Col13a1,51,49,48,17,50,32
Col14a1,68,48,76,41,57,67
Col15a1,230,229,233,150,196,182
Col16a1,806,581,569,375,557,552
Col17a1,28,27,25,14,21,20
Col18a1,90,71,48,18,87,89
Col19a1,1788,1828,2127,1102,1542,1411
Col1a1,104,164,61,25,115,105
Col1a2,125,276,67,48,218,185
Col20a1,78,91,76,73,92,76
Col22a1,79,66,43,38,47,45
Col23a1,799,732,740,338,569,591
Col24a1,662,388,479,232,291,369
Col25a1,2327,1762,2052,870,1728,1737
Col26a1,1334,1417,1030,669,961,1135
Col27a1,401,411,406,223,457,343
Col28a1,34,16,31,8,17,12
Col2a1,78,58,61,35,46,35
Col3a1,23,24,14,3,34,27
Col4a1,1667,1651,2055,985,1641,1822
Col4a2,1996,1703,1970,1012,1473,1525
Col4a3,10,12,15,12,17,17
Col4a3bp,3296,3539,3088,1756,2774,2794
Col4a4,22,13,16,6,13,18
Col4a5,61,95,44,27,88,76
Col4a6,10,24,13,12,39,25
Col5a1,955,806,1050,545,798,698
Col5a2,156,143,110,54,118,121
Col5a3,115,123,86,51,78,90
Col6a1,4111,2731,2525,1739,2296,2646
Col6a2,1031,848,707,436,696,776
Col6a3,97,97,109,55,76,71
Col6a4,158,16,150,58,74,68
Col6a5,28,15,23,13,20,17
Col6a6,17,18,18,8,7,6
Col7a1,114,102,117,88,82,92
Col8a1,312,387,231,126,231,245
Col8a2,23,40,9,7,21,15
Col9a1,45,22,21,18,29,23
Col9a2,310,296,171,138,235,248
Col9a3,693,468,506,228,468,442
Colca2,34,33,18,22,27,21
Colec10,1,1,0,1,0,1
Colec11,14,9,4,10,4,7
Colec12,100,175,72,43,192,150
Colgalt1,6993,5744,4447,2791,4832,4844
Colgalt2,299,368,206,188,241,252
Colq,15,25,17,14,13,17
Commd1,394,474,305,218,367,343
Commd10,1100,1198,1018,576,922,959
Commd2,734,840,536,382,504,604
Commd3,4369,4966,2779,2469,3215,3327
Commd4,3110,3357,2049,1794,2552,2519
Commd5,209,193,79,68,135,111
Commd6,756,904,627,376,607,599
Commd7,1292,1498,1315,741,1331,1179
Commd8,329,376,245,153,270,273
Commd9,397,399,279,196,336,279
Comp,4,10,9,8,15,7
Comt,3229,3615,2572,1604,2912,2904
Comtd1,1179,1170,748,668,949,875
Cop1,3973,4789,5182,2634,4161,4315
Copa,7079,7331,6263,3603,6002,5800
Copb1,2112,1916,1607,775,1390,1417
Copb2,1491,1332,1124,685,975,1005
Cope,3205,3779,2584,1761,3067,3006
Copg1,4869,4338,3951,2078,3404,3754
Copg2,3188,3188,2177,1509,2427,2370
Coprs,770,908,570,411,626,542
Cops2,1201,1321,961,601,1006,1036
Cops3,2026,2121,1758,1020,1780,1743
Cops4,896,1097,862,573,911,836
Cops5,3510,4468,2710,1847,3181,3364
Cops6,1402,1359,910,602,875,1045
Cops7a,2184,2265,1757,1037,1665,1595
Cops7b,1821,1955,1608,899,1684,1693
Cops8,2129,2296,1629,1109,1695,1740
Cops9,1099,1040,711,589,713,674
Copz1,1660,1721,1255,903,1401,1402
Copz2,96,128,58,56,100,72
Coq10a,2203,2695,1648,1156,1816,1826
Coq10b,2308,3861,1702,848,1849,1972
Coq2,6052,6604,4386,2721,4489,4260
Coq3,1276,1436,798,635,969,928
Coq4,939,1037,778,456,739,764
Coq5,2300,2518,1471,1115,1762,1823
Coq6,1022,1157,761,511,816,810
Coq7,709,812,527,360,584,593
Coq8a,408,336,271,135,196,229
Coq8b,1354,1490,1400,800,1295,1314
Coq9,1433,1526,969,746,1131,1097
Corin,45,30,42,15,13,48
Coro1a,1688,2050,1371,1063,1536,1347
Coro1b,3439,2913,1716,1773,2091,2088
Coro1c,1137,1279,1311,660,1159,1110
Coro2a,585,663,614,385,523,467
Coro2b,2149,2159,1941,1327,1740,1895
Coro6,4274,4444,3481,2678,4030,4026
Coro7,2679,2489,2230,1275,2159,2222
Cort,401,612,309,336,393,402
Cotl1,447,658,485,285,505,466
Cox10,1345,1371,1139,571,1011,1133
Cox11,2539,3072,1630,1315,2122,2139
Cox14,998,1344,724,596,837,810
Cox15,524,568,364,280,443,392
Cox16,2513,2786,2213,1130,2036,2210
Cox17,1578,1769,1081,740,1272,1189
Cox18,1505,1654,1351,749,1276,1248
Cox19,2165,2701,1456,1328,1931,1762
Cox20,638,856,507,364,618,641
Cox4i1,4894,5287,3266,2573,3504,2722
Cox4i2,13,25,8,17,29,7
Cox5a,2809,3203,1788,1282,1772,1984
Cox5b,3941,4335,2340,2015,2616,2597
Cox6a1,3354,3599,2319,1583,2348,2386
Cox6a2,173,252,150,134,195,159
Cox6b1,1631,2036,1066,967,1237,1178
Cox6b2,123,167,56,54,106,101
Cox6c,4094,5072,2747,2614,3330,3138
Cox7a1,8,14,4,1,2,9
Cox7a2,2642,2959,1686,1442,1867,1736
Cox7a2l,1117,1203,781,577,830,770
Cox7b,4336,5223,2550,2281,3247,3433
Cox7b2,11,8,4,8,8,8
Cox7c,6029,6230,4074,3197,4374,4597
Cox8a,6754,6776,4092,3314,4199,4074
Cox8b,3,2,2,7,1,2
Cox8c,0,0,0,0,0,0
Cp,271,424,219,134,417,348
Cpa1,0,1,0,0,0,1
Cpa2,30,27,25,13,23,13
Cpa3,1,1,0,0,0,0
Cpa4,6,7,4,2,4,8
Cpa5,1,1,0,1,2,2
Cpa6,157,428,157,308,188,152
Cpb1,0,4,0,1,1,0
Cpb2,4,2,0,1,0,4
Cpd,4139,4667,3541,2175,3567,3470
Cpe,11619,13477,8503,5674,9728,9308
Cpeb1,5625,5953,5054,3111,4799,5067
Cpeb2,2465,2643,2622,1346,2046,1887
Cpeb3,5647,7154,5768,3106,5845,6131
Cpeb4,3369,2613,3697,1422,2404,2399
Cped1,174,287,134,74,246,215
Cphx1,0,0,0,0,0,0
Cphx2,0,0,1,0,0,0
Cphx3,0,0,0,0,0,0
Cplx1,1973,2346,1677,1270,1602,1473
Cplx2,5147,4853,4348,2691,3877,3366
Cplx3,118,121,103,98,92,94
Cplx4,1,0,0,1,0,0
Cpm,388,543,384,188,427,568
Cpn1,10,20,12,4,9,13
Cpn2,0,0,0,0,0,0
Cpne1,356,433,384,154,351,356
Cpne2,847,950,571,434,894,793
Cpne3,702,778,649,421,642,607
Cpne4,2903,3142,2337,1650,2320,2404
Cpne5,3239,3158,3132,1259,2546,2739
Cpne6,4721,4753,3749,2679,3875,4257
Cpne7,4059,3454,3283,1794,3060,3423
Cpne8,2017,2128,1406,1132,1490,1600
Cpne9,2293,2312,2495,1598,1939,1638
Cpox,3492,3534,2317,1680,2576,2685
Cpped1,1302,1427,956,700,1000,974
Cpq,385,512,181,178,431,380
Cps1,5,4,2,2,0,2
Cpsf1,2063,1988,1682,1101,1612,1738
Cpsf2,903,858,840,406,621,704
Cpsf3,1857,2110,1438,895,1481,1616
Cpsf4,1619,1624,1284,867,1229,1222
Cpsf4l,1,6,2,0,3,2
Cpsf6,13584,15645,11648,7943,12313,12039
Cpsf7,2794,2756,2785,1567,2443,2440
Cpt1a,92,167,68,61,107,133
Cpt1b,6,12,11,6,12,12
Cpt1c,5545,5717,4451,2655,4509,4690
Cpt2,53,62,27,20,39,35
Cptp,401,326,220,107,231,262
Cpvl,1,1,0,0,1,0
Cpxcr1,1,0,0,0,0,0
Cpxm1,170,169,137,102,142,95
Cpxm2,65,66,52,50,66,46
Cpz,4,11,2,1,4,2
Cr1l,2958,2936,3066,1288,2407,2487
Cr2,26,31,28,18,32,36
Crabp1,24,31,31,9,17,24
Crabp2,24,39,13,6,14,31
Cracr2a,419,431,320,258,382,289
Cracr2b,25,57,28,28,46,34
Cradd,335,338,291,173,314,251
Cramp1l,1268,1483,1349,856,1320,1191
Crat,2082,2599,1907,1077,1943,1848
Crb1,82,76,61,34,50,62
Crb2,66,87,68,29,66,54
Crb3,18,23,8,3,17,5
Crbn,2539,2787,1881,1271,1989,1976
Crcp,1002,1136,867,465,855,877
Crct1,11,8,1,5,3,0
Creb1,1712,1968,2352,958,1735,1623
Creb3,1853,1863,1125,779,1414,1423
Creb3l1,64,65,19,31,54,42
Creb3l2,452,666,451,295,655,546
Creb3l3,32,43,21,11,22,16
Creb3l4,7,3,1,0,4,2
Creb5,1067,1043,712,585,965,652
Crebbp,3971,4556,4182,2182,3654,3297
Crebl2,685,865,747,413,701,548
Crebrf,2889,3504,3004,1601,2758,2556
Crebzf,4279,4578,3989,2334,3471,3845
Creg1,976,1155,778,409,1007,777
Creg2,3408,3082,2235,1292,2147,2026
Creld1,4492,4465,3091,2033,3525,3590
Creld2,726,903,539,350,649,726
Crem,463,781,634,288,584,642
Crh,250,339,405,219,513,294
Crhbp,420,464,381,264,368,311
Crhr1,900,1040,804,526,675,710
Crhr2,166,132,167,56,166,107
Crim1,1198,1142,1055,489,901,908
Crip1,40,25,33,45,75,48
Crip2,1699,1807,892,865,998,1070
Crip3,87,126,119,42,92,124
Cript,899,1067,654,391,634,623
Crisp1,0,0,0,0,0,0
Crisp2,0,0,0,0,0,0
Crisp3,0,0,0,0,0,0
Crisp4,1,0,1,0,0,0
Crispld1,1063,1326,1000,413,962,1221
Crispld2,50,48,41,20,60,46
Crk,1836,2343,2287,979,1700,1656
Crkl,893,1206,962,415,823,864
Crlf1,69,79,50,34,37,46
Crlf2,900,915,576,481,808,694
Crlf3,1199,1885,1042,644,1289,1186
Crls1,474,560,421,299,380,356
Crmp1,2872,2795,2852,1473,2454,2314
Crnkl1,987,1059,752,461,747,820
Crnn,0,0,0,0,0,0
Crocc,2861,2767,2572,1588,2308,2453
Crocc2,13,4,5,0,12,7
Crot,796,965,648,413,755,744
Crp,0,0,0,0,0,0
Crtac1,2566,2804,1867,1042,1884,2149
Crtam,4,3,0,5,2,2
Crtap,484,513,238,231,393,348
Crtc1,2486,2169,2401,1304,1909,1840
Crtc2,1182,1230,842,604,922,1129
Crtc3,3779,4646,3641,2087,3770,3665
Crx,0,0,0,0,0,0
Crxos,6,3,4,0,2,1
Cry1,721,917,738,252,693,795
Cry2,8576,11363,9368,3729,8837,8535
Cryaa,1,2,1,1,0,1
Cryab,1008,1297,729,418,1076,1126
Cryba1,4,6,1,1,2,8
Cryba2,9,14,4,12,6,8
Cryba4,3,8,10,11,9,7
Crybb1,32,75,32,19,34,64
Crybb2,0,0,0,0,0,0
Crybb3,69,111,89,64,91,92
Crybg1,29,26,23,9,17,28
Crybg2,204,209,168,84,134,170
Crybg3,689,617,644,252,608,594
Cryga,15,10,3,3,1,5
Crygb,0,0,0,0,0,0
Crygc,0,0,0,0,0,0
Crygd,0,0,0,0,0,0
Cryge,0,0,0,0,0,0
Crygf,0,0,0,0,0,0
Crygn,4,6,1,7,5,2
Crygs,1,1,0,0,0,0
Cryl1,542,625,465,300,442,389
Crym,1353,1643,1260,535,1221,1421
Cryz,368,385,252,157,259,212
Cryzl1,4097,4277,3331,1993,3423,3460
Cryzl2,38,46,37,31,53,44
Cs,3365,3745,2428,1590,2617,2738
Csad,1938,2343,1550,1073,1766,1931
Csdc2,1442,1905,1144,1048,1487,1673
Csde1,4195,4877,4704,2592,4237,3923
Cse1l,1665,1827,1687,951,1555,1487
Csf1,1065,1071,1284,803,1832,764
Csf1r,819,1171,1330,680,2030,802
Csf2,1,0,0,0,0,0
Csf2ra,4448,4223,3237,2269,3506,3489
Csf2rb,36,54,76,52,150,47
Csf2rb2,19,23,22,16,42,12
Csf3,0,0,0,0,0,0
Csf3r,98,155,326,223,402,113
Csgalnact1,2694,3179,2286,1666,2211,2346
Csgalnact2,712,843,887,375,593,660
Csk,585,664,520,380,669,660
Csl,0,0,0,0,0,0
Csmd1,32257,38118,28893,18059,26465,29213
Csmd2,4847,5481,5129,3248,4455,4276
Csmd2os,0,0,1,0,0,1
Csmd3,16205,16300,14732,6912,12609,13229
Csn1s1,1,0,0,0,0,0
Csn1s2a,0,0,0,0,0,0
Csn1s2b,0,0,0,0,0,0
Csn2,0,0,0,0,0,0
Csn3,0,0,0,0,0,0
Csnk1a1,12894,15786,14948,6696,13642,14402
Csnk1d,1997,2121,1779,1013,1680,1775
Csnk1e,1652,1936,1805,944,1612,1513
Csnk1g1,5377,5186,5380,2945,4470,4359
Csnk1g2,779,1009,1145,617,1022,916
Csnk1g3,2833,2728,2928,1418,2114,2247
Csnk2a1,2897,3289,2963,1628,2882,2782
Csnk2a2,1503,1741,2007,928,1572,1498
Csnk2b,1210,1382,794,679,960,971
Csnka2ip,1,0,0,0,1,0
Cspg4,692,704,363,282,819,671
Cspg5,9808,12609,6730,4826,8831,7544
Cspp1,8769,10099,10123,4742,8618,8812
Csprs,1,1,0,1,2,0
Csrnp1,144,270,184,65,166,211
Csrnp2,851,893,690,408,576,641
Csrnp3,8619,9996,8037,4465,7192,7480
Csrp1,1507,2013,1108,844,1529,1463
Csrp2,208,270,117,129,232,166
Csrp3,1,0,0,0,0,1
Cst10,0,0,0,1,0,0
Cst11,0,0,0,0,0,0
Cst12,3,0,0,0,0,0
Cst13,0,0,0,0,0,0
Cst3,12026,21042,9751,8621,21176,10083
Cst6,155,151,78,46,98,108
Cst7,0,5,230,166,658,1
Cst8,0,0,0,0,0,1
Cst9,0,0,0,0,0,0
Csta1,0,1,0,1,2,0
Cstad,122,91,66,64,71,48
Cstb,536,461,266,212,356,329
Cstf1,540,582,404,260,436,432
Cstf2,6397,6379,6240,3061,4966,5223
Cstf2t,678,616,385,292,386,457
Cstf3,6178,7942,4569,3753,5650,6069
Cstl1,1,4,7,1,2,5
Ctag2,0,0,0,0,0,0
Ctbp1,2324,2363,1781,1179,1829,1785
Ctbp2,898,1014,862,537,917,817
Ctbs,686,694,533,294,517,469
Ctc1,894,903,866,543,779,743
Ctcf,1787,2196,2069,1056,1695,1419
Ctcfl,1,1,3,0,1,2
Ctcflos,1,0,2,2,1,1
Ctdnep1,454,546,456,241,396,390
Ctdp1,564,580,583,276,532,488
Ctdsp1,238,272,185,134,184,171
Ctdsp2,1578,1920,1698,779,1417,1501
Ctdspl,1294,1264,1250,767,942,1003
Ctdspl2,3132,3526,2719,1655,2768,2655
Ctf1,126,141,60,70,71,72
Ctf2,4,3,2,2,0,1
Ctgf,856,1083,720,491,721,752
Cth,47,83,22,16,52,49
Cthrc1,752,937,486,415,640,748
Ctif,1391,1593,1274,762,1240,1225
Ctla2a,5,25,19,24,50,18
Ctla2b,4,6,17,10,19,2
Ctla4,2,5,2,3,4,1
Ctnna1,622,637,482,274,568,497
Ctnna2,7290,8142,7267,3635,6213,6644
Ctnna3,370,360,368,217,447,290
Ctnnal1,3006,2949,2713,1632,2440,2607
Ctnnb1,3066,2918,2592,1332,2365,2707
Ctnnbip1,828,1106,692,483,824,756
Ctnnbl1,569,638,468,331,541,555
Ctnnd1,1353,1576,1524,689,1301,1351
Ctnnd2,8261,10404,7068,5076,7045,7803
Ctns,1514,1627,940,760,1273,1219
Ctps,687,713,772,351,631,606
Ctps2,2646,2887,2425,1517,2535,2243
Ctr9,2342,2682,2038,1028,1908,1969
Ctrb1,0,0,0,0,0,0
Ctrc,0,0,0,0,0,0
Ctrcos,0,0,0,0,0,0
Ctrl,20,27,29,15,17,22
Cts3,0,0,0,0,0,0
Cts6,0,0,0,0,0,0
Cts7,0,0,0,0,0,0
Cts8,0,0,0,0,0,0
Ctsa,3752,3585,2687,1723,3498,2731
Ctsb,9276,10133,7096,4111,9597,6621
Ctsc,141,202,220,142,392,160
Ctsd,3140,3771,3698,2509,6346,2563
Ctse,1,3,21,12,21,1
Ctsf,3129,3292,1969,1274,2464,2457
Ctsg,0,0,0,0,0,0
Ctsh,173,289,298,203,555,193
Ctsj,0,0,0,0,0,0
Ctsk,136,162,107,59,141,113
Ctsl,3028,3640,2278,1371,3398,2233
Ctsll3,0,0,0,0,0,0
Ctsm,0,0,0,0,0,0
Ctso,1095,1130,520,514,775,690
Ctsq,0,0,0,0,0,0
Ctsr,0,0,0,0,0,0
Ctss,464,680,1295,678,2340,451
Ctsw,4,7,14,6,25,10
Ctsz,732,964,964,655,1760,575
Cttn,1873,1992,1778,962,1793,1886
Cttnbp2,23138,25022,19152,10738,18166,19801
Cttnbp2nl,540,689,757,340,723,476
Ctu1,78,81,60,38,49,72
Ctu2,1533,1540,1011,991,1410,1441
Ctxn1,9415,9609,4301,4692,5441,5747
Ctxn2,197,185,90,97,107,118
Ctxn3,61,91,52,42,54,47
Cubn,14,19,7,7,15,12
Cuedc1,3598,3778,2417,1875,3060,2800
Cuedc2,1696,1679,1023,939,1149,1218
Cul1,3489,3246,3439,1566,2708,2782
Cul2,2939,2923,2642,1395,2208,2361
Cul3,1144,1080,1278,585,946,915
Cul4a,1928,2022,2074,982,1673,1581
Cul4b,1089,834,822,428,664,711
Cul5,4195,4332,3613,1845,3223,3315
Cul7,1013,838,728,431,694,638
Cul9,3871,4089,3694,2012,3182,3128
Cuta,692,999,519,435,761,736
Cutal,1,2,0,3,2,0
Cutc,591,631,292,315,360,358
Cux1,4357,4523,4313,2638,3855,3651
Cux2,2397,2359,2478,1465,1813,1813
Cuzd1,9,5,6,6,4,2
Cwc15,1493,1979,1012,801,1282,1238
Cwc22,1152,1164,1164,608,904,950
Cwc25,951,1176,989,520,975,881
Cwc27,1759,2049,1337,1149,1559,1714
Cwf19l1,385,437,374,203,291,329
Cwf19l2,2814,3065,2401,1460,2440,2158
Cwh43,350,451,276,275,315,300
Cx3cl1,17801,21724,12666,6187,13513,14921
Cx3cr1,573,711,731,453,1197,518
Cxadr,3318,4019,4232,1376,3184,3249
Cxcl1,2,1,1,1,1,0
Cxcl10,3,4,2,9,36,1
Cxcl12,483,551,285,604,574,427
Cxcl13,1,7,1,1,3,0
Cxcl14,1085,1725,882,638,1203,1045
Cxcl15,0,0,0,0,0,0
Cxcl16,31,34,33,28,78,19
Cxcl17,0,0,2,1,0,0
Cxcl2,0,31,0,0,0,0
Cxcl3,0,0,0,0,1,0
Cxcl5,8,7,7,5,9,3
Cxcl9,0,0,0,1,2,0
Cxcr1,0,1,0,0,0,0
Cxcr2,0,0,2,1,0,1
Cxcr3,1,5,2,1,12,1
Cxcr4,9,9,3,4,12,7
Cxcr5,0,2,0,0,0,0
Cxcr6,13,12,19,10,24,9
Cxxc1,1601,1520,1383,799,1175,1252
Cxxc4,2254,2419,2464,1139,1924,1874
Cxxc5,690,1058,642,525,729,628
Cyb561,1593,1422,993,641,1078,1106
Cyb561a3,289,404,244,165,305,261
Cyb561d1,598,653,516,282,459,457
Cyb561d2,596,633,421,237,469,421
Cyb5a,2817,3516,1908,1497,2295,2532
Cyb5b,1284,1419,1379,695,1160,1078
Cyb5d1,322,402,232,166,250,239
Cyb5d2,1005,1211,634,476,813,748
Cyb5r1,749,743,597,432,704,553
Cyb5r2,17,16,8,10,15,14
Cyb5r3,410,348,302,157,253,215
Cyb5r4,1663,2026,1557,936,1577,1544
Cyb5rl,48,46,45,30,32,29
Cyba,128,164,255,148,482,118
Cybb,28,14,34,32,54,9
Cybrd1,26,19,18,13,15,18
Cyc1,3474,3923,2257,1814,2714,2842
Cycs,1723,1935,1005,827,1120,1164
Cyct,1,0,0,0,0,0
Cyfip1,4202,3749,3767,2164,3393,3025
Cyfip2,10944,9424,10565,4997,7280,7387
Cygb,1087,1021,711,462,701,815
Cyhr1,2999,3214,2550,1533,2413,2410
Cylc1,0,0,1,0,0,0
Cylc2,0,0,0,0,0,0
Cyld,4500,4562,5601,2000,3892,3996
Cym,1,2,0,6,1,3
Cyp11a1,96,114,114,61,94,99
Cyp11b1,5,7,3,3,3,1
Cyp11b2,0,0,0,0,0,0
Cyp17a1,0,0,0,1,1,0
Cyp19a1,7,3,6,2,10,3
Cyp1a1,2,1,2,0,1,1
Cyp1a2,0,0,0,0,0,0
Cyp1b1,31,43,24,4,41,39
Cyp20a1,916,984,719,433,846,752
Cyp21a1,1,0,1,1,1,0
Cyp24a1,2,0,2,3,2,2
Cyp26a1,7,5,7,3,3,4
Cyp26b1,74,69,105,36,93,65
Cyp26c1,5,6,4,0,6,5
Cyp27a1,304,375,222,209,273,235
Cyp27b1,21,21,16,12,15,18
Cyp2a12,0,1,0,0,0,0
Cyp2a22,0,0,0,0,0,0
Cyp2a4,0,0,0,0,0,0
Cyp2a5,8,5,0,2,2,1
Cyp2ab1,1,1,0,0,0,1
Cyp2b10,0,3,0,0,2,1
Cyp2b13,0,0,0,0,0,0
Cyp2b19,1,0,0,1,0,0
Cyp2b23,0,0,0,0,0,0
Cyp2b9,0,0,0,0,0,0
Cyp2c23,6,13,7,3,3,3
Cyp2c29,0,0,0,0,0,0
Cyp2c37,0,0,0,0,0,0
Cyp2c38,0,0,0,0,0,0
Cyp2c39,0,0,0,0,0,0
Cyp2c40,0,0,0,0,0,0
Cyp2c50,0,0,0,0,0,0
Cyp2c54,0,0,0,0,0,0
Cyp2c55,1,0,3,0,0,2
Cyp2c65,0,1,0,0,0,1
Cyp2c66,0,0,0,0,0,0
Cyp2c67,0,0,0,0,0,0
Cyp2c68,0,0,0,0,0,0
Cyp2c69,0,0,0,0,0,0
Cyp2c70,0,0,0,0,0,0
Cyp2d10,0,0,0,0,0,0
Cyp2d11,0,0,0,0,0,0
Cyp2d12,0,0,0,0,0,0
Cyp2d22,330,581,133,112,325,468
Cyp2d26,2,4,5,0,3,3
Cyp2d34,0,0,0,0,0,0
Cyp2d40,1,1,0,0,0,0
Cyp2d9,0,0,1,0,0,0
Cyp2e1,0,2,0,5,1,3
Cyp2f2,11,8,5,1,8,5
Cyp2g1,0,0,0,0,2,0
Cyp2j11,0,0,0,0,1,0
Cyp2j12,250,224,163,95,211,190
Cyp2j13,5,7,0,5,1,1
Cyp2j5,0,0,0,0,0,0
Cyp2j6,703,910,355,301,550,568
Cyp2j7,0,0,0,0,0,0
Cyp2j8,3,6,4,2,3,2
Cyp2j9,394,686,249,173,479,582
Cyp2r1,158,205,147,85,125,146
Cyp2s1,300,352,232,109,210,282
Cyp2t4,3,3,3,0,2,5
Cyp2u1,1275,1375,772,534,929,950
Cyp2w1,0,0,0,0,0,2
Cyp39a1,38,32,14,20,17,18
Cyp3a11,0,0,0,0,0,0
Cyp3a13,44,31,22,34,37,21
Cyp3a16,0,0,0,0,0,0
Cyp3a25,0,0,0,0,0,0
Cyp3a41a,0,0,0,0,0,0
Cyp3a41b,0,0,0,0,0,0
Cyp3a44,0,0,0,0,0,0
Cyp3a57,5,1,2,0,1,1
Cyp3a59,0,0,0,0,0,0
Cyp46a1,8853,7337,5124,3208,5266,5624
Cyp4a10,0,0,0,0,0,0
Cyp4a12a,0,0,0,0,0,0
Cyp4a12b,0,2,3,0,2,0
Cyp4a14,0,0,0,0,0,0
Cyp4a29,0,0,0,1,0,0
Cyp4a30b,0,0,0,0,0,0
Cyp4a31,0,0,0,0,0,0
Cyp4a32,0,0,0,0,0,0
Cyp4b1,8,11,7,5,4,5
Cyp4f13,630,817,528,325,634,571
Cyp4f14,52,77,23,19,66,58
Cyp4f15,196,358,63,67,176,254
Cyp4f16,199,265,208,153,238,222
Cyp4f17,254,292,132,112,254,201
Cyp4f18,0,5,5,4,5,2
Cyp4f37,0,0,0,0,0,0
Cyp4f39,0,1,0,0,0,1
Cyp4f40,0,0,0,0,0,2
Cyp4v3,143,152,96,69,174,94
Cyp4x1,2018,2083,1462,897,1468,1439
Cyp4x1os,139,145,42,112,80,62
Cyp51,3845,4726,4055,1635,4279,3639
Cyp7a1,0,0,0,0,0,2
Cyp7b1,1211,1310,715,522,838,849
Cyp8b1,0,0,0,0,2,0
Cypt1,0,0,0,0,0,0
Cypt12,0,0,0,0,0,0
Cypt14,0,0,0,0,0,0
Cypt15,0,0,0,0,2,0
Cypt2,0,0,0,0,0,0
Cypt3,0,0,0,0,0,0
Cypt4,0,0,0,0,0,0
Cyr61,408,1025,341,160,718,555
Cys1,888,1125,680,469,792,1109
Cysltr1,45,73,88,38,117,46
Cysltr2,1,1,1,2,4,1
Cysrt1,4,0,2,0,3,4
Cystm1,1348,2042,1368,703,1357,1382
Cyth1,2342,2461,2218,1281,1982,2019
Cyth2,1056,1336,716,590,925,983
Cyth3,2693,3354,3000,1440,2405,2312
Cyth4,389,626,795,422,1350,413
Cytip,1,4,23,9,32,5
Cytl1,0,5,1,1,11,1
Cyyr1,35,47,34,50,53,36
D030007L05Rik,0,0,0,0,1,0
D030018L15Rik,1,3,2,1,5,0
D030025P21Rik,1,1,2,1,3,5
D030034A15Rik,5,6,2,0,3,1
D030040B21Rik,5,4,1,4,2,6
D030044L04Rik,0,0,0,0,0,0
D030045P18Rik,7,7,8,1,5,2
D030047H15Rik,208,310,105,125,203,208
D030051J21Rik,15,7,11,6,13,9
D030055H07Rik,64,105,30,39,64,51
D030056L22Rik,531,547,297,238,324,374
D030068K23Rik,80,85,51,46,71,62
D10Jhu81e,860,963,690,418,696,608
D10Wsu102e,6212,6730,11297,3949,6493,5859
D11Wsu47e,959,978,901,423,832,831
D130009I18Rik,2,8,1,0,0,0
D130017N08Rik,497,420,332,247,326,282
D130020L05Rik,234,314,138,134,175,173
D130040H23Rik,1685,1891,1665,877,1509,1496
D130043K22Rik,4183,4126,3537,1895,3201,3084
D130052B06Rik,0,0,0,0,0,0
D130079A08Rik,2,0,1,0,1,2
D13Ertd608e,0,0,0,0,0,0
D14Ertd670e,0,0,0,0,0,0
D16Ertd472e,482,609,457,277,386,432
D16Ertd519e,5,1,0,3,0,2
D17H6S53E,121,163,94,48,84,95
D17Wsu92e,1547,1756,1519,851,1391,1364
D1Ertd622e,2452,3080,2620,1578,2304,1929
D1Pas1,1,0,0,0,0,0
D230017M19Rik,295,365,286,170,300,282
D230025D16Rik,1828,1662,1562,865,1400,1625
D230030E09Rik,1,0,0,0,0,0
D2hgdh,680,828,529,303,606,587
D330020A13Rik,7,4,4,1,2,2
D330045A20Rik,3,12,6,9,14,7
D330046F09Rik,0,0,0,0,0,0
D330050G23Rik,334,378,209,199,313,271
D3Ertd254e,1502,1482,1162,737,1065,1078
D3Ertd751e,2494,2659,1688,1213,1922,1796
D430001F17Rik,25,33,26,16,25,19
D430019H16Rik,799,738,729,315,548,588
D430036J16Rik,461,547,381,149,406,475
D430041D05Rik,8501,8453,7124,4057,6154,6646
D430042O09Rik,4536,5440,4069,2244,3876,4015
D530014G21Rik,0,1,0,0,1,0
D530033B14Rik,0,0,0,0,2,1
D530049I02Rik,0,0,0,0,0,0
D5Ertd577e,0,0,0,0,0,0
D5Ertd579e,6232,7176,7280,2960,5680,6220
D5Ertd605e,1,1,1,0,1,0
D5Ertd615e,8,9,3,6,6,11
D630003M21Rik,42,73,30,25,31,44
D630008O14Rik,10,1,4,2,1,6
D630023F18Rik,441,403,264,153,262,243
D630024D03Rik,19,11,8,2,12,14
D630029K05Rik,3,2,6,2,1,3
D630033O11Rik,5,12,3,4,16,3
D630036H23Rik,201,203,60,81,116,123
D630039A03Rik,1,2,0,0,2,2
D630044L22Rik,14,12,8,6,7,5
D630045J12Rik,2604,2740,2620,1412,2159,2175
D6Ertd474e,8,10,8,4,4,5
D6Ertd527e,2,2,1,0,2,0
D6Wsu163e,766,823,779,460,620,655
D730001G18Rik,0,0,0,0,0,0
D730003I15Rik,1215,1505,1117,727,1182,1089
D730003K21Rik,0,0,0,1,0,0
D730045A05Rik,17,13,12,12,13,7
D730045B01Rik,123,188,72,75,80,129
D730048I06Rik,0,0,0,0,0,0
D730050B12Rik,0,0,0,0,0,0
D7Ertd128e,0,0,0,0,2,0
D7Ertd443e,183,184,200,89,177,157
D830005E20Rik,1,0,0,0,0,0
D830013O20Rik,2,0,0,0,0,1
D830024N08Rik,40,52,38,24,44,56
D830025C05Rik,267,349,151,150,206,219
D830026I12Rik,12,8,3,4,3,2
D830030K20Rik,266,298,204,147,253,207
D830032E09Rik,0,0,0,0,1,0
D830035M03Rik,81,101,26,33,56,59
D830036C21Rik,33,49,28,21,42,40
D830039M14Rik,34,39,23,13,10,30
D830044D21Rik,2,7,3,3,0,4
D8Ertd738e,819,1041,558,473,651,642
D930007J09Rik,9,14,3,5,6,4
D930007P13Rik,11,9,10,3,9,3
D930016D06Rik,1383,1310,1663,819,1230,1231
D930019O06Rik,59,55,47,26,43,41
D930020B18Rik,123,115,98,39,75,91
D930028M14Rik,8,4,2,6,3,6
D930030I03Rik,18,26,14,6,10,10
D930032P07Rik,0,0,0,0,0,0
D930048G16Rik,746,1007,705,500,733,716
D930048N14Rik,359,464,272,244,385,318
DXBay18,0,1,0,0,1,1
Daam1,3023,3020,3566,1614,2902,2760
Daam2,1034,1386,939,530,1126,1485
Dab1,9363,11184,10556,4397,7872,8466
Dab2,157,153,143,80,209,137
Dab2ip,2530,2254,2645,1268,1844,2003
Dach1,1665,1591,1179,410,1132,1263
Dach2,77,67,88,35,46,72
Dact1,128,161,123,80,87,104
Dact2,1578,1202,826,674,725,747
Dact3,731,853,820,507,619,615
Dad1,2869,3419,2446,1129,2567,2228
Dag1,2954,3093,2403,1084,2415,2399
Dagla,3479,2929,2674,1699,2101,2349
Daglb,3150,3283,2298,1383,2435,2317
Dalir,94,80,109,52,59,47
Dalrd3,4548,4542,2699,2305,3257,4130
Dand5,302,388,195,173,221,195
Dao,9,1,1,1,5,3
Dap,146,199,79,87,170,104
Dap3,2019,2091,1941,980,1748,1785
Dapk1,5200,5279,5741,2540,4468,5114
Dapk2,130,150,82,68,115,118
Dapk3,1912,1988,1211,903,1367,1527
Dapl1,3,6,1,4,1,3
Dapp1,194,340,231,117,348,249
Dars,1734,1924,1357,754,1363,1410
Dars2,550,633,449,260,436,409
Daw1,8,11,1,7,6,11
Daxx,776,838,649,353,626,602
Dazap1,2767,3104,2208,1304,2478,2460
Dazap2,1192,1358,708,657,796,796
Dazl,102,110,84,50,82,74
Dbf4,174,230,192,80,206,173
Dbh,7,4,1,5,5,3
Dbhos,9,6,3,7,5,7
Dbi,1136,1500,836,807,1222,971
Dbil5,5,6,5,6,9,8
Dbn1,10087,10280,8629,4928,8785,9432
Dbndd1,332,356,283,146,273,253
Dbndd2,2998,3636,2538,1341,2969,3429
Dbnl,1635,1497,1064,820,1163,1231
Dbp,3123,2958,1711,969,1760,1814
Dbpht2,590,626,754,307,477,455
Dbr1,536,551,355,222,320,366
Dbt,322,421,310,159,299,328
Dbx1,0,0,0,0,0,0
Dbx2,314,684,145,169,343,455
Dcaf1,1402,1551,1486,764,1389,1293
Dcaf10,1364,1515,1359,636,1157,1140
Dcaf11,2770,3049,2817,1428,2448,2411
Dcaf12,935,1285,822,498,951,948
Dcaf12l1,651,507,285,235,288,360
Dcaf12l2,49,34,14,13,17,20
Dcaf13,2096,2480,2486,1177,1991,2012
Dcaf15,819,816,659,469,734,678
Dcaf17,4134,4437,3292,2115,3293,3027
Dcaf4,985,912,813,465,684,676
Dcaf5,1309,1516,1426,763,1241,1155
Dcaf6,3023,3210,3349,1595,2682,2814
Dcaf7,4589,4773,2860,2147,3149,3352
Dcaf8,8711,9742,7816,4278,7552,7239
Dcakd,1862,2369,1365,1052,1713,1718
Dcbld1,907,1153,805,449,829,774
Dcbld2,892,1180,1155,549,897,851
Dcc,2845,3289,2999,1261,2507,2781
Dcdc2a,141,130,136,65,114,101
Dcdc2b,178,162,158,102,142,151
Dcdc2c,20,26,8,12,9,19
Dchs1,233,277,191,125,215,185
Dchs2,405,337,444,102,343,316
Dck,556,590,289,246,324,354
Dclk1,29004,38788,32461,16466,29697,32252
Dclk2,3657,4168,3383,1943,3177,3228
Dclk3,858,847,721,367,594,672
Dclre1a,663,581,497,296,453,412
Dclre1b,308,300,282,127,279,273
Dclre1c,1787,2002,1693,966,1532,1511
Dcn,430,432,172,100,362,433
Dcp1a,2535,2734,2162,1136,2083,2152
Dcp1b,2100,2410,1837,1042,1792,1742
Dcp2,1233,1435,1273,703,1022,994
Dcpp1,0,0,0,0,0,0
Dcpp2,0,0,0,0,0,0
Dcpp3,0,0,0,1,0,0
Dcps,414,522,345,207,350,370
Dcst1,81,61,30,26,41,47
Dcst2,30,21,21,17,24,16
Dcstamp,4,3,21,7,63,4
Dct,24,25,19,15,22,23
Dctd,894,1125,619,469,772,741
Dctn1,4270,3847,3936,2051,3214,3190
Dctn2,3985,3948,3096,2164,3172,3064
Dctn3,1443,1756,1017,755,1140,1309
Dctn4,6299,7645,5455,3070,5597,5536
Dctn5,1412,1539,1118,693,1124,1253
Dctn6,1578,1741,1072,775,1303,1325
Dctpp1,196,177,105,81,113,114
Dcun1d1,1428,1665,1730,857,1418,1366
Dcun1d2,1492,1742,1944,791,1581,1555
Dcun1d3,1378,1805,1062,671,1102,1124
Dcun1d4,1996,1942,1922,920,1448,1488
Dcun1d5,6788,8213,5235,3506,6277,6612
Dcx,4343,4845,4307,2720,3825,3417
Dcxr,86,101,31,48,90,75
Dda1,1368,1588,1254,703,1258,1365
Ddah1,478,568,355,331,435,513
Ddah2,87,138,40,50,98,72
Ddb1,1705,1440,1346,771,1129,1206
Ddb2,2998,2908,1970,1396,2031,2101
Ddc,165,162,98,65,151,137
Ddhd1,3335,3794,3768,1810,3187,2996
Ddhd2,10638,9224,7441,4589,6983,7001
Ddi1,0,0,0,0,1,1
Ddi2,2444,2781,2679,1338,2386,2040
Ddias,20,24,12,12,11,13
Ddit3,322,443,328,205,414,401
Ddit4,872,1008,633,288,782,1301
Ddit4l,1127,957,495,544,595,654
Ddn,1888,1579,1580,1006,1064,1047
Ddo,577,778,440,299,472,495
Ddost,2830,3005,1814,998,2273,2117
Ddr1,2326,2306,1537,1132,1978,1688
Ddr2,154,161,127,73,152,124
Ddrgk1,2865,3117,2007,1202,2537,2332
Ddt,417,451,182,195,241,236
Ddx1,2778,2711,1985,1501,2170,2213
Ddx10,1661,1732,1455,921,1457,1513
Ddx11,109,99,134,67,115,104
Ddx17,15261,13399,15359,6910,11605,10859
Ddx18,2505,2243,1692,1207,1965,2029
Ddx19a,403,449,348,213,269,337
Ddx19b,1007,1391,1108,546,971,992
Ddx20,837,1000,641,438,686,673
Ddx21,958,1165,929,525,928,912
Ddx23,3023,3462,2359,1473,2748,2729
Ddx24,12457,12804,9716,5651,10031,10022
Ddx25,722,726,494,371,473,496
Ddx27,1770,1771,1671,989,1584,1723
Ddx28,272,253,174,94,142,175
Ddx31,754,904,691,377,776,757
Ddx39,919,922,565,498,692,787
Ddx39b,6496,7203,5393,3377,5518,5839
Ddx3x,1827,2060,1976,1022,1602,1457
Ddx3y,1683,1732,1518,878,1474,1529
Ddx4,109,100,85,66,42,74
Ddx41,1868,1846,1593,959,1688,1777
Ddx42,4651,5152,4258,2178,3961,4029
Ddx43,82,80,79,41,107,45
Ddx46,3556,3715,4364,1802,3535,3445
Ddx47,2193,2206,1812,1254,1874,1802
Ddx49,1030,1271,973,583,1036,1006
Ddx5,23897,22018,20309,9872,18690,19316
Ddx50,10559,12520,9426,5256,9720,9965
Ddx51,694,637,654,300,485,527
Ddx52,865,992,657,485,780,777
Ddx54,926,849,668,394,619,624
Ddx55,4304,4882,4133,2279,3893,4014
Ddx56,1135,1229,1135,594,1054,1046
Ddx58,96,133,141,90,230,90
Ddx59,296,316,178,119,202,194
Ddx6,2603,2925,2781,1401,2148,2072
Ddx60,26,26,61,48,148,28
Deaf1,1479,1654,1323,835,1179,1229
Decr1,194,243,158,103,156,158
Decr2,1036,1086,1126,521,829,822
Dedd,561,650,579,279,490,486
Dedd2,448,541,469,193,414,451
Def6,25,44,36,26,61,30
Def8,511,617,438,286,428,435
Defa17,0,0,0,0,0,0
Defa2,0,0,0,0,0,0
Defa20,0,0,0,0,0,0
Defa21,0,0,0,0,0,0
Defa22,0,0,0,0,0,0
Defa23,0,0,0,0,0,0
Defa24,0,0,0,0,0,0
Defa25,0,0,0,0,0,0
Defa26,0,0,0,0,0,0
Defa27,0,0,0,0,0,0
Defa28,0,0,0,0,0,0
Defa29,0,0,0,0,0,0
Defa3,0,0,0,0,0,0
Defa30,0,0,0,0,0,0
Defa31,0,0,0,0,0,0
Defa32,0,0,0,0,0,0
Defa33,0,0,0,0,0,0
Defa34,0,0,0,0,0,0
Defa35,0,0,0,0,0,0
Defa36,0,0,0,0,0,0
Defa37,0,0,0,0,0,0
Defa5,0,0,0,0,0,0
Defb1,8,14,8,6,13,13
Defb10,0,0,0,0,0,0
Defb11,0,0,0,0,0,0
Defb12,0,2,0,0,1,1
Defb13,0,0,0,0,0,0
Defb14,0,0,0,0,0,0
Defb15,0,0,0,0,0,0
Defb18,0,0,0,0,0,0
Defb19,0,0,0,0,0,0
Defb2,0,0,0,0,0,0
Defb20,1,1,0,0,0,0
Defb21,0,0,0,0,0,0
Defb22,0,0,0,0,0,0
Defb23,0,1,0,0,0,0
Defb25,0,0,0,0,0,0
Defb26,0,0,0,0,0,0
Defb28,0,0,0,0,0,0
Defb29,0,0,0,0,0,0
Defb3,0,0,0,0,0,0
Defb30,1,0,0,0,0,0
Defb33,0,0,0,0,0,0
Defb34,0,1,0,0,0,0
Defb35,0,0,0,0,0,0
Defb36,0,0,0,0,0,0
Defb37,0,0,0,0,0,0
Defb38,0,0,0,0,0,0
Defb39,0,0,0,0,0,0
Defb4,0,0,0,0,0,0
Defb40,1,0,0,0,0,0
Defb41,0,0,1,1,0,0
Defb42,7,2,1,1,0,1
Defb43,0,0,1,0,0,0
Defb45,0,0,0,0,0,0
Defb46,0,0,0,0,0,0
Defb47,0,3,1,0,2,2
Defb48,0,0,0,0,0,0
Defb5,0,0,0,0,0,0
Defb50,0,0,0,0,0,0
Defb6,2,1,0,0,2,1
Defb7,0,0,0,0,0,0
Defb8,0,0,0,0,0,0
Defb9,0,0,1,0,0,0
Degs1,2860,2877,1537,918,2023,1935
Degs2,14,24,13,18,39,24
Dek,888,1077,823,458,735,745
Dennd1a,7849,9205,7213,4204,7054,7512
Dennd1b,2200,2315,2423,1224,2106,1937
Dennd1c,55,82,88,71,177,75
Dennd2a,475,552,456,242,463,430
Dennd2c,23,40,39,35,61,10
Dennd2d,39,26,24,16,22,22
Dennd3,501,585,459,346,508,468
Dennd4a,6344,7262,6833,3487,6232,5425
Dennd4b,787,736,738,426,673,597
Dennd4c,1248,1460,1259,658,1121,1044
Dennd5a,1880,1875,2160,1047,1683,1540
Dennd5b,5491,6191,6640,2839,5434,5396
Dennd6a,4053,4778,3666,1889,3508,3572
Dennd6b,6935,6150,4708,3389,5014,5241
Denr,1235,1259,836,710,889,835
Depdc1a,4,4,10,8,7,5
Depdc1b,26,31,28,25,42,20
Depdc5,1447,1585,1709,922,1478,1359
Depdc7,223,252,146,77,165,166
Deptor,718,882,595,371,645,692
Dera,132,201,122,73,175,136
Derl1,1937,2217,1461,807,1670,1662
Derl2,2001,2406,1809,958,1752,1940
Derl3,71,64,39,26,45,52
Des,6,6,3,2,7,6
Desi1,2749,3553,2845,1369,2792,2719
Desi2,2939,3858,2630,1538,2846,2954
Det1,493,518,329,208,376,370
Deup1,19,6,7,0,8,6
Dexi,1138,1404,1140,611,1098,1127
Dffa,1888,2027,1511,898,1664,1587
Dffb,2535,2726,1553,1255,1881,1923
Dgat1,1969,1933,1632,966,1578,1707
Dgat2,2403,2300,1646,723,1540,1650
Dgat2l6,109,133,144,72,95,92
Dgcr14,717,703,600,368,555,524
Dgcr2,1311,1212,1221,627,984,879
Dgcr6,1099,1102,687,550,755,726
Dgcr8,2642,2539,2840,1207,2085,2124
Dgka,563,643,493,292,563,501
Dgkb,10264,10417,8245,3851,7206,9847
Dgkd,4966,5101,5141,2754,4259,4368
Dgke,5597,5094,4374,2237,3563,3691
Dgkeos,1,1,4,1,2,0
Dgkg,3758,4111,3962,1806,3368,3643
Dgkh,6740,6251,7388,3764,5262,4887
Dgki,9952,11235,7623,5053,7458,7977
Dgkk,18,8,31,1,22,25
Dgkq,1854,1696,1945,926,1617,1611
Dgkz,7900,7464,7789,5170,6592,5852
Dglucy,216,269,190,128,223,167
Dguok,2655,3169,2034,1363,2368,2257
Dhcr24,3214,3610,2974,1663,3140,2717
Dhcr7,1125,1215,969,509,1093,897
Dhdds,2667,3138,2118,1362,2238,2296
Dhdh,605,624,396,342,457,359
Dhfr,295,340,281,117,242,247
Dhh,2,5,5,2,3,4
Dhodh,688,713,410,322,473,424
Dhps,3565,4230,2535,1538,3110,3240
Dhrs1,1293,1532,856,698,1133,1138
Dhrs11,373,359,217,188,293,324
Dhrs13,521,541,422,156,465,467
Dhrs13os,21,20,7,6,24,21
Dhrs2,0,0,0,0,0,1
Dhrs3,122,216,148,106,222,134
Dhrs4,314,421,251,137,300,273
Dhrs7,1506,1798,848,590,1212,1079
Dhrs7b,485,555,389,254,432,380
Dhrs7c,0,0,0,0,0,0
Dhrs9,6,5,9,1,7,9
Dhtkd1,779,747,720,403,587,565
Dhx15,4442,4050,3990,2330,3577,3521
Dhx16,1239,1280,930,593,1043,1079
Dhx29,1342,1375,1145,591,1072,1171
Dhx30,8244,8607,5981,4333,6110,6281
Dhx32,2731,3135,2862,1194,2324,2361
Dhx33,1368,1489,1551,707,1296,1463
Dhx34,359,371,338,175,314,278
Dhx35,983,1044,838,540,845,846
Dhx36,2489,2315,2606,1262,2031,2016
Dhx37,472,434,418,199,397,377
Dhx38,421,430,394,226,329,349
Dhx40,1353,1535,919,574,1020,1177
Dhx57,2869,2935,2861,1389,2182,2187
Dhx58,43,39,63,33,69,50
Dhx58os,3,2,3,1,1,5
Dhx8,1021,1027,880,484,783,811
Dhx9,3997,3820,4251,1959,3330,3147
Diablo,1459,1613,1429,778,1421,1287
Diaph1,1122,1157,1369,570,1016,1075
Diaph2,2516,2554,3040,1214,2210,2201
Diaph3,134,173,92,68,161,140
Dicer1,3545,3574,4669,1943,3458,3380
Dido1,4738,5092,4364,2315,4037,3712
Diexf,813,843,1064,469,734,793
Dimt1,2788,3297,2837,1355,2383,2788
Dio1,0,0,0,0,0,0
Dio2,143,342,161,103,241,349
Dio3,24,17,19,4,9,7
Dip2a,3494,3456,3913,2084,3242,3024
Dip2b,9029,9314,7774,4812,7500,7190
Dip2c,3378,4575,3891,2080,2913,2818
Diras1,528,494,356,255,314,311
Diras2,3362,2672,1766,1486,1681,1886
Dirc2,1371,1617,1184,666,1116,1166
Dis3,1302,1392,1351,698,1198,1242
Dis3l,1069,1214,907,563,989,903
Dis3l2,2772,3163,2652,1458,2456,2574
Disc1,118,150,139,85,155,119
Disp1,779,871,644,378,683,635
Disp2,6370,5922,5464,2420,4816,5485
Disp3,1071,1333,1058,518,1168,1149
Dixdc1,3134,3262,3387,1410,2825,2829
Dkc1,717,783,583,345,634,613
Dkk1,1,2,0,0,0,2
Dkk2,45,53,33,22,67,29
Dkk3,4269,5457,4234,1867,3857,4134
Dkk4,0,0,0,0,0,0
Dkkl1,771,852,504,340,598,563
Dlat,4811,5332,3699,2185,3977,4170
Dlc1,3249,4285,2821,1957,2968,2971
Dld,3076,3509,2297,1616,2527,2486
Dlec1,275,313,155,152,210,210
Dleu7,124,132,79,61,78,63
Dlg1,7467,8614,7393,4552,6671,6895
Dlg2,25302,29998,23269,13449,21651,24615
Dlg3,1333,1246,1218,672,911,974
Dlg4,5231,6040,8042,3190,6168,6097
Dlg5,937,1113,1042,524,915,819
Dlgap1,35480,42642,33080,19222,30216,31970
Dlgap2,19841,23827,19233,10242,17101,19488
Dlgap3,2638,2198,2371,1321,1750,2014
Dlgap4,4402,4850,4818,2748,4210,4183
Dlgap5,10,7,6,8,20,7
Dlk1,672,204,449,106,488,444
Dlk2,1399,1436,1364,765,1049,1249
Dll1,207,213,167,99,199,181
Dll3,112,118,48,49,82,54
Dll4,30,28,14,16,26,20
Dlst,4171,5435,4244,2171,4415,4103
Dlx1,688,749,572,473,620,560
Dlx1as,598,960,841,439,723,774
Dlx2,291,232,180,109,192,162
Dlx3,3,1,1,2,1,2
Dlx4,26,18,10,5,17,16
Dlx4os,9,16,22,6,10,14
Dlx5,430,381,320,166,259,292
Dlx6,247,219,196,99,173,136
Dlx6os1,2476,3495,4119,1748,2999,2799
Dmac1,737,747,443,345,409,480
Dmac2,1895,2090,1578,867,1385,1320
Dmap1,1103,1274,761,635,923,907
Dmbt1,0,1,0,0,0,0
Dmbx1,1,1,1,1,0,1
Dmc1,49,43,48,29,48,49
Dmd,7706,8115,8326,4258,6581,6290
Dmgdh,12,12,9,8,8,9
Dmkn,77,70,47,13,33,44
Dmp1,10,22,5,13,12,19
Dmpk,862,844,800,413,729,822
Dmrt1,0,0,0,0,0,0
Dmrt2,56,51,30,27,37,38
Dmrt3,0,3,1,0,1,3
Dmrta1,4,4,1,0,3,3
Dmrta2,56,77,51,40,55,47
Dmrta2os,19,30,6,10,18,33
Dmrtb1,19,6,8,5,11,5
Dmrtc1a,60,38,24,34,36,23
Dmrtc1b,0,0,0,0,0,0
Dmrtc1c1,0,0,0,0,0,0
Dmrtc1c2,0,0,0,0,0,0
Dmrtc2,0,2,0,0,1,0
Dmtf1,3291,3974,4034,1818,3495,3478
Dmtn,6434,6785,6409,3499,6058,5991
Dmwd,882,827,767,470,563,581
Dmxl1,7775,8293,9462,4139,6990,7308
Dmxl2,9114,8547,9741,4382,6701,6790
Dna2,193,250,249,150,245,179
Dnaaf1,30,53,37,18,33,48
Dnaaf2,229,203,114,77,132,129
Dnaaf3,58,38,23,24,40,30
Dnaaf5,324,339,311,157,287,323
Dnah1,294,254,203,146,235,222
Dnah10,46,42,36,20,42,45
Dnah11,27,105,14,103,26,31
Dnah12,28,15,42,9,24,25
Dnah14,198,196,203,100,166,201
Dnah17,12,14,8,5,9,10
Dnah2,173,156,142,107,167,165
Dnah2os,0,1,2,0,2,1
Dnah3,8,7,9,2,13,10
Dnah5,237,253,301,119,169,182
Dnah6,23,25,28,15,27,21
Dnah7a,113,81,62,44,77,94
Dnah7b,241,181,230,112,231,217
Dnah7c,98,97,110,65,91,81
Dnah8,34,22,25,7,14,19
Dnah9,346,440,426,158,359,391
Dnaic1,139,168,107,67,104,110
Dnaic2,32,50,29,11,28,33
Dnaja1,4372,4840,4139,2110,3800,3612
Dnaja2,2128,2393,1924,1032,1713,1715
Dnaja3,1555,1631,1215,733,1177,1277
Dnaja4,1189,1157,889,572,803,868
Dnajb1,693,767,455,223,401,570
Dnajb11,2024,2376,1987,924,1868,2051
Dnajb12,2043,2298,1570,932,1555,1599
Dnajb13,1,3,2,2,2,0
Dnajb14,3539,3818,3503,1694,2954,2719
Dnajb2,2381,2643,2079,1215,2526,2279
Dnajb3,75,79,33,29,48,54
Dnajb4,6862,7959,4047,3318,4998,5585
Dnajb5,1684,2550,2360,895,1964,2349
Dnajb6,2955,3502,2656,1460,2600,2570
Dnajb7,6,5,5,8,5,9
Dnajb8,0,1,0,0,0,0
Dnajb9,1387,1421,785,446,1009,978
Dnajc1,6020,7618,6713,3116,6526,7161
Dnajc10,5517,5382,4513,2383,3885,3843
Dnajc11,1733,1700,1537,963,1475,1429
Dnajc12,301,346,221,130,215,251
Dnajc13,3308,3289,3713,1822,2790,2470
Dnajc14,783,877,671,365,620,576
Dnajc15,2053,2373,1767,1085,1649,1772
Dnajc16,1658,1591,1363,699,1133,1183
Dnajc17,700,683,428,405,562,554
Dnajc18,3378,3696,2735,1833,2856,2886
Dnajc19,2540,3229,1860,1390,2146,2200
Dnajc2,1661,1748,1622,786,1511,1520
Dnajc21,2067,2222,2706,1363,1950,2129
Dnajc22,1,0,0,0,1,0
Dnajc24,3093,3347,2027,1528,2307,2544
Dnajc25,1130,1358,774,525,866,952
Dnajc27,3171,3531,2631,1690,2538,2745
Dnajc28,387,288,213,118,239,256
Dnajc3,3015,3412,2401,1341,2860,3070
Dnajc30,1272,1211,710,582,890,842
Dnajc4,579,675,402,316,499,501
Dnajc5,4270,4554,4292,2366,3583,3451
Dnajc5b,2,6,3,1,2,3
Dnajc5g,0,0,0,0,0,0
Dnajc6,5701,6520,4251,2702,4398,4719
Dnajc7,3530,4233,3966,1906,3409,3375
Dnajc8,1690,1722,1373,845,1453,1402
Dnajc9,513,458,299,213,292,320
Dnal1,1612,1529,1646,910,1267,1238
Dnal4,783,784,562,374,583,532
Dnali1,5,7,4,3,5,9
Dnase1,39,35,38,22,29,43
Dnase1l1,59,129,43,65,89,56
Dnase1l2,185,262,298,128,244,301
Dnase1l3,2,0,2,0,1,0
Dnase2a,229,292,255,150,409,238
Dnase2b,1,2,0,0,0,0
Dnd1,56,79,66,23,67,68
Dner,5226,5607,4189,1950,4691,4518
Dnhd1,259,239,286,124,222,214
Dnlz,1100,1188,630,619,823,758
Dnm1,11582,9934,9387,5228,7565,7986
Dnm1l,6186,5440,5811,3149,5058,4953
Dnm2,4276,5250,3830,2499,4602,4490
Dnm3,10321,9137,10335,4592,8070,8789
Dnm3os,39,41,19,22,39,48
Dnmbp,821,880,736,377,692,704
Dnmt1,1317,1305,1186,686,1078,1048
Dnmt3a,7098,6360,7532,3775,6358,6269
Dnmt3aos,5,7,1,1,2,2
Dnmt3b,64,79,52,46,74,52
Dnmt3bos,0,0,0,1,0,0
Dnmt3c,0,2,1,0,2,1
Dnmt3l,1,1,1,3,0,0
Dnpep,941,1022,724,510,873,894
Dnph1,95,137,65,58,77,85
Dntt,2,0,0,1,1,0
Dnttip1,1517,2032,1225,997,1383,1315
Dnttip2,889,971,627,395,733,753
Doc2a,826,746,462,458,467,516
Doc2b,909,961,721,300,656,784
Doc2g,147,152,101,68,89,93
Dock1,621,729,687,360,777,574
Dock10,4266,4122,4190,2117,4052,3642
Dock11,493,544,612,262,605,499
Dock2,102,164,243,158,383,99
Dock3,15638,15778,15369,7850,12279,13094
Dock4,10494,11978,10789,5459,9409,9925
Dock5,312,348,351,189,332,315
Dock6,292,335,252,192,295,247
Dock7,4846,5096,5716,2713,4283,4043
Dock8,266,336,494,210,672,240
Dock9,5019,5065,5071,2816,4495,4575
Dohh,623,672,383,299,468,459
Dok1,26,45,26,17,63,25
Dok2,33,28,43,18,31,26
Dok3,362,417,457,219,404,473
Dok4,232,251,163,131,145,165
Dok5,883,910,784,486,693,762
Dok6,4812,5966,4957,2532,3974,4523
Dok7,351,397,281,184,319,303
Dolk,987,960,507,363,612,653
Dolpp1,918,860,582,359,682,695
Donson,1140,1210,1164,604,915,1055
Dopey1,5797,6241,7307,3190,5792,5542
Dopey2,3821,4323,3912,2052,3366,3186
Dot1l,4535,4717,5355,2638,4356,4447
Doxl2,0,1,0,0,0,0
Dpagt1,1157,1319,862,536,1073,1070
Dpcr1,10,8,2,11,7,8
Dpep1,0,1,0,0,0,0
Dpep2,4,5,1,2,2,1
Dpep2-1,0,0,0,0,0,0
Dpep2nb,2,3,0,0,0,0
Dpep3,0,0,0,0,0,0
Dpf1,2606,2941,2722,1463,2735,2975
Dpf2,2039,2339,2143,986,1988,2167
Dpf3,136,198,81,80,140,126
Dph1,530,499,383,251,381,428
Dph2,289,279,214,133,220,239
Dph3,1602,1664,860,781,1179,1165
Dph5,1656,1973,1191,833,1497,1555
Dph6,1719,1843,1717,889,1463,1373
Dph7,2392,2631,1870,1145,1991,1971
Dpm1,2654,4284,3398,2254,2977,2731
Dpm2,3961,3583,2448,1712,2410,2519
Dpm3,1124,1196,515,644,817,838
Dpp10,4399,4401,3919,2211,3473,3327
Dpp3,651,667,496,294,519,507
Dpp4,219,247,168,135,186,181
Dpp6,10677,11069,9843,4606,8588,9379
Dpp7,1669,1653,1150,913,1427,1312
Dpp8,7948,9116,6953,4039,6661,6387
Dpp9,1112,1241,1211,624,1014,964
Dppa1,0,2,0,1,6,1
Dppa2,1,1,1,0,1,1
Dppa3,0,0,0,0,0,0
Dppa4,0,0,0,0,0,0
Dppa5a,0,2,0,1,0,1
Dpt,1,3,1,0,1,0
Dpy19l1,2324,2595,2398,1331,2035,1745
Dpy19l2,29,35,26,19,28,16
Dpy19l3,1683,1850,1961,764,1645,1889
Dpy19l4,2078,2177,1979,1003,1736,1491
Dpy30,409,498,202,211,285,299
Dpyd,2033,1991,1432,876,1509,1684
Dpys,19,25,10,18,18,19
Dpysl2,4955,5051,4091,2258,3923,3977
Dpysl3,929,909,665,442,784,621
Dpysl4,1420,1507,1280,741,1238,1452
Dpysl5,905,914,915,485,880,923
Dqx1,16,23,22,20,20,15
Dr1,647,811,532,315,545,568
Dram1,113,120,128,61,113,93
Dram2,1942,2105,1378,906,1572,1533
Drap1,888,1076,667,510,764,846
Draxin,3,14,10,8,11,3
Drc1,1017,1100,788,482,748,887
Drc3,427,497,370,228,386,374
Drc7,19,17,15,8,16,11
Drd1,1990,1875,1302,723,1326,1399
Drd2,543,467,485,157,303,374
Drd3,135,108,79,41,105,105
Drd4,37,24,18,10,22,26
Drd5,66,34,33,32,36,42
Drg1,2058,2309,1943,1028,1886,1843
Drg2,1134,1380,1274,673,1150,1264
Drosha,1707,1812,1673,1057,1521,1493
Drp2,2186,2200,2286,1243,1731,1694
Drr1,0,0,0,0,0,0
Dsc1,0,1,1,1,1,1
Dsc2,118,125,87,68,110,79
Dsc3,17,40,25,7,31,25
Dscam,2427,2665,2603,1362,2221,2104
Dscaml1,2733,3120,2819,1375,2364,2532
Dscc1,20,19,11,18,20,19
Dscr3,955,1166,831,485,932,813
Dse,677,881,548,375,675,578
Dsel,3484,3488,3217,1161,2276,2712
Dsg1a,2,0,3,1,0,0
Dsg1b,1,0,2,1,1,1
Dsg1c,5,3,7,3,4,4
Dsg2,287,299,221,122,224,207
Dsg3,0,0,0,0,0,0
Dsg4,0,0,0,0,0,0
Dsn1,52,66,32,27,44,26
Dsp,4,2,11,4,3,4
Dspp,5,3,2,2,1,4
Dst,19017,18009,22060,9573,16059,14480
Dstn,1150,1255,889,571,915,891
Dstyk,2707,2923,2620,1261,2264,2245
Dtd1,2640,2865,1656,1268,2002,1958
Dtd2,449,429,262,218,314,298
Dthd1,0,0,0,0,0,2
Dtl,644,810,451,484,519,494
Dtna,5608,7391,5272,3080,5368,5642
Dtnb,6739,7401,5662,3701,5889,5972
Dtnbos,29,42,12,26,30,28
Dtnbp1,1421,1845,1348,878,1407,1340
Dtwd1,433,439,303,235,280,320
Dtwd2,444,474,308,170,303,321
Dtx1,1022,1163,889,587,1003,854
Dtx2,475,675,538,242,489,526
Dtx3,13783,10419,7956,5669,7377,8820
Dtx3l,60,85,69,34,117,60
Dtx4,872,1076,899,606,891,818
Dtymk,1563,1828,1453,787,1416,1473
Dubr,467,504,370,235,444,387
Duox1,11,6,4,5,6,4
Duox2,2,0,6,0,1,1
Duoxa1,3,6,3,0,2,3
Duoxa2,3,1,2,1,0,2
Dupd1,9,8,1,3,6,4
Dus1l,963,1038,837,466,840,922
Dus2,1232,1328,958,675,1120,1052
Dus3l,3302,3585,1997,1917,2727,2733
Dus4l,1458,1705,749,765,1087,1217
Dusp1,1894,1985,907,269,890,1201
Dusp10,356,491,349,200,338,311
Dusp11,8338,9780,8076,3966,7871,8896
Dusp12,4053,4738,2942,2093,3572,3344
Dusp13,69,54,24,25,32,31
Dusp14,823,1088,682,334,642,747
Dusp15,1663,1939,1404,1050,1643,1681
Dusp16,386,479,356,214,396,292
Dusp18,1094,1161,782,430,745,789
Dusp19,936,1078,659,394,678,796
Dusp2,87,69,41,34,37,54
Dusp21,0,0,0,0,0,0
Dusp22,1072,1130,815,549,820,808
Dusp23,335,374,145,174,222,198
Dusp26,1291,1398,895,673,973,1021
Dusp27,7,7,17,4,4,5
Dusp28,232,223,121,129,135,155
Dusp3,3678,5320,4282,1859,3963,3501
Dusp4,166,284,270,92,227,284
Dusp5,213,542,424,164,314,391
Dusp6,1111,1197,929,427,775,884
Dusp7,1012,924,776,449,580,722
Dusp8,2135,2039,1632,977,1300,1263
Dusp9,37,24,13,9,11,13
Dut,732,889,411,417,531,555
Duxbl1,23,27,24,17,22,25
Duxbl2,0,2,0,0,0,0
Duxbl3,3,7,1,2,2,4
Duxf3,1,2,0,1,1,0
Dvl1,1499,1355,1733,876,1218,1275
Dvl2,2337,2337,2350,1206,2099,2227
Dvl3,1599,1635,1351,948,1459,1293
Dxo,721,1085,605,473,764,817
Dydc1,3,1,2,2,5,4
Dydc2,7,6,9,1,5,8
Dym,1771,1856,1534,913,1463,1649
Dynap,0,0,0,0,0,0
Dync1h1,11477,9299,11113,4568,7825,7371
Dync1i1,5636,6315,4698,2952,4302,4836
Dync1i2,7909,7980,7250,3641,6023,6339
Dync1li1,2116,2498,1950,1130,1982,1939
Dync1li2,6288,6376,5141,3123,5108,4924
Dync2h1,4344,4253,4533,2119,3556,3731
Dync2li1,408,426,314,228,324,321
Dynll1,4190,5224,2695,2009,2850,3200
Dynll2,2319,2609,1934,1387,1707,1355
Dynlrb1,1121,1285,697,601,814,752
Dynlrb2,7,10,5,6,9,5
Dynlt1a,596,796,763,352,679,683
Dynlt1b,716,841,597,329,703,749
Dynlt1c,1124,1235,795,570,973,991
Dynlt1f,33,36,41,29,42,33
Dynlt3,1027,1199,890,554,876,800
Dyrk1a,1021,1210,1399,649,1096,987
Dyrk1b,476,544,494,247,449,358
Dyrk2,761,900,910,481,690,610
Dyrk3,544,736,432,244,509,611
Dyrk4,4,5,5,5,12,6
Dysf,112,88,87,42,81,57
Dytn,7,7,12,3,9,3
Dyx1c1,126,128,56,57,100,83
Dzank1,5163,4653,4451,2192,3604,4036
Dzip1,3837,4065,4260,2206,3470,3146
Dzip1l,2643,2662,2469,1134,2147,2336
Dzip3,8033,8429,7376,4229,6781,6932
E030013I19Rik,18,32,19,9,16,16
E030018B13Rik,23,38,33,12,25,21
E030025P04Rik,0,0,0,0,0,0
E030030I06Rik,5,4,14,4,7,6
E030037K01Rik,23,41,19,8,28,19
E030044B06Rik,10,30,5,13,13,9
E130006D01Rik,40,34,17,13,28,34
E130018N17Rik,2,5,2,2,0,1
E130018O15Rik,0,0,0,0,0,0
E130101E03Rik,0,0,0,0,0,0
E130102H24Rik,4057,5334,3014,2303,4133,4125
E130111B04Rik,3,5,3,2,2,5
E130114P18Rik,128,252,51,91,145,130
E130116L18Rik,5,9,3,3,1,1
E130120K24Rik,0,0,0,0,0,0
E130202H07Rik,7,2,1,0,0,2
E130208F15Rik,23,26,7,9,13,12
E130218I03Rik,5,9,2,4,1,7
E130304I02Rik,78,106,65,47,85,92
E130307A14Rik,3001,3316,2978,1764,2748,2589
E130308A19Rik,1468,1712,1544,714,1378,1491
E130309D02Rik,546,655,520,248,426,445
E130311K13Rik,489,510,323,207,311,335
E230001N04Rik,316,446,236,101,415,457
E230014E18Rik,1,0,0,0,0,0
E230025N22Rik,18,29,21,11,16,24
E230032D23Rik,3,11,4,7,8,3
E2f1,442,511,269,201,353,333
E2f2,23,22,14,14,16,17
E2f3,838,893,974,553,825,764
E2f4,1781,2144,1477,960,1658,1803
E2f5,944,1154,722,415,840,800
E2f6,1116,1629,1351,561,1244,1224
E2f7,11,31,25,11,19,32
E2f8,10,19,17,6,24,22
E330009J07Rik,2346,2911,2593,1356,2613,2365
E330010L02Rik,0,0,0,0,0,0
E330012B07Rik,3,1,3,1,2,2
E330013P04Rik,21,28,6,13,26,25
E330014E10Rik,0,0,0,0,0,0
E330016L19Rik,0,0,0,0,0,0
E330017A01Rik,0,0,0,0,0,0
E330017L17Rik,7,11,3,2,2,5
E330018M18Rik,6,7,8,2,8,4
E330021D16Rik,0,2,0,0,0,0
E330023G01Rik,0,0,0,0,0,0
E330034G19Rik,1,0,0,0,2,1
E330035G20Rik,3,1,1,2,3,4
E430018J23Rik,227,187,111,103,141,141
E430024I08Rik,718,750,588,341,531,541
E430024P14Rik,252,317,380,119,256,290
E4f1,2246,2457,1781,1204,1923,1990
E530011L22Rik,250,265,194,123,176,202
EU599041,0,0,0,0,0,1
Eaf1,613,732,614,269,518,584
Eaf2,438,400,218,326,242,241
Eapp,1311,1428,908,578,1044,1037
Ear1,1,0,0,0,0,0
Ear10,0,0,0,0,0,0
Ear14,1,1,0,0,0,0
Ear2,0,1,0,0,0,0
Ear6,0,0,0,0,0,0
Ears2,509,636,572,265,583,577
Ebag9,1169,1313,759,486,812,755
Ebf1,571,619,383,265,538,573
Ebf2,19,8,12,1,16,10
Ebf3,39,55,92,46,124,44
Ebf4,309,281,290,156,279,278
Ebi3,65,69,45,47,46,48
Ebna1bp2,1847,2002,1546,953,1486,1582
Ebp,749,851,613,333,795,614
Ebpl,1024,1158,785,445,798,752
Ecd,2063,2246,1818,1036,1767,1657
Ece1,1858,1853,1661,1046,1821,1934
Ece2,1438,1406,1414,718,1351,1358
Ecel1,465,244,287,60,291,282
Ech1,1014,1124,627,512,833,833
Echdc1,867,1211,847,459,840,846
Echdc2,1454,1603,915,779,1047,1164
Echdc3,23,29,10,8,18,16
Echs1,1414,1584,1187,763,1359,1194
Eci1,152,236,111,104,137,134
Eci2,625,781,435,287,559,533
Eci3,0,4,1,0,0,0
Ecm1,300,256,221,125,222,264
Ecm2,68,71,57,26,84,53
Ecscr,45,86,44,28,61,42
Ecsit,2065,2303,1358,959,1557,1704
Ect2,48,49,46,30,44,40
Ect2l,3,1,2,1,1,6
Eda,388,447,308,191,338,347
Eda2r,20,24,15,6,16,14
Edar,9,12,2,4,10,5
Edaradd,49,37,42,29,38,23
Edc3,1657,1929,1100,799,1341,1452
Edc4,1997,1914,1720,974,1541,1679
Eddm3b,0,0,0,0,0,0
Edem1,653,806,772,421,781,628
Edem2,1362,1688,1036,704,1266,1205
Edem3,2419,2802,2503,1214,2124,2182
Edf1,3569,4254,2080,1829,2897,3034
Edil3,15471,16881,12731,7097,12611,13325
Edn1,20,54,28,42,47,33
Edn2,2,2,2,1,0,2
Edn3,22,35,8,8,47,21
Ednra,85,94,50,25,78,61
Ednrb,971,1306,422,374,1014,832
Edrf1,1837,2215,2283,853,1738,1846
Eea1,2142,2090,2407,1062,1866,1729
Eed,1706,1773,1398,809,1429,1407
Eef1a1,7114,6680,4366,3552,5156,3914
Eef1a2,5274,6390,3959,3062,4139,4094
Eef1akmt1,882,1168,675,373,795,840
Eef1akmt2,1816,1975,1440,872,1379,1585
Eef1akmt3,84,103,63,66,86,91
Eef1akmt4,43,50,39,25,51,35
Eef1b2,1735,1848,1146,838,1247,1111
Eef1d,938,1125,1075,545,1010,952
Eef1e1,503,521,355,252,388,353
Eef1g,2390,2443,2100,1260,1944,1765
Eef2,5391,5222,3710,2937,4023,4189
Eef2k,2337,2550,2217,1172,2046,2002
Eef2kmt,238,214,142,123,257,180
Eefsec,3674,4210,2624,1688,2994,2962
Eepd1,683,809,610,360,656,590
Efcab1,765,676,521,283,479,534
Efcab10,78,86,60,40,54,71
Efcab11,17,29,21,9,20,19
Efcab12,1026,924,741,455,732,745
Efcab14,3341,3718,3096,1500,3058,2708
Efcab2,209,245,196,117,171,164
Efcab3,13,2,6,3,3,5
Efcab5,117,122,153,85,126,111
Efcab6,565,658,597,373,553,589
Efcab7,294,321,152,148,180,192
Efcab8,8,5,3,7,3,6
Efcab9,4,2,11,5,5,5
Efcc1,643,587,414,214,483,435
Efemp1,379,578,215,135,395,306
Efemp2,460,490,472,239,442,350
Efhb,28,23,21,8,23,16
Efhc1,23,30,17,20,17,15
Efhc2,126,131,78,64,95,94
Efhd1,83,110,74,39,94,80
Efhd1os,2,0,0,0,0,1
Efhd2,2105,2938,2031,1225,2133,1942
Efl1,802,834,814,424,741,807
Efna1,152,209,104,78,133,117
Efna2,322,372,193,126,225,212
Efna3,1072,1079,791,423,744,797
Efna4,11,10,2,5,3,5
Efna5,1495,1803,1453,876,1308,1231
Efnb1,545,692,481,210,530,536
Efnb2,2929,3437,2513,1195,2208,2383
Efnb3,1652,1453,1240,682,1266,1232
Efr3a,5839,6470,6536,2997,4838,4921
Efr3b,3740,3839,3964,1881,3180,3264
Efs,170,193,99,92,176,170
Eftud2,4661,5124,3949,2398,3954,3985
Egf,298,271,217,168,201,161
Egfem1,2242,2583,1999,1166,1799,1838
Egfl6,83,88,44,43,98,74
Egfl7,757,816,436,399,644,501
Egfl8,51,83,40,25,43,53
Egflam,38,48,21,15,48,30
Egfr,1067,1522,961,540,1236,1160
Egfros,4,10,6,4,10,9
Egln1,690,678,719,326,503,559
Egln2,884,1034,657,480,772,829
Egln3,140,157,107,86,179,125
Egr1,8881,5562,2711,1258,2337,3391
Egr2,92,236,140,22,83,186
Egr3,980,2022,2171,389,1166,1371
Egr4,1718,1093,673,183,452,822
Ehbp1,2659,3031,2497,1456,2297,2454
Ehbp1l1,504,612,455,264,467,408
Ehd1,697,908,600,300,636,639
Ehd2,16,42,13,17,46,23
Ehd3,880,886,690,424,675,696
Ehd4,291,322,340,159,449,219
Ehf,3,0,2,1,2,2
Ehhadh,56,67,34,34,36,43
Ehmt1,3344,3137,3278,1602,2720,2759
Ehmt2,2558,2349,2260,1356,1986,1723
Ei24,4822,4803,3300,2546,3609,3554
Eid1,2132,2230,1662,1127,1712,1287
Eid2,118,126,102,71,90,78
Eid2b,1170,878,709,424,608,630
Eid3,44,51,103,20,55,41
Eif1,7415,7416,3726,3656,4377,4748
Eif1a,769,901,798,403,689,645
Eif1ad,735,709,455,363,515,587
Eif1ax,1125,1203,896,541,768,755
Eif1b,2775,2824,1622,1287,1904,2261
Eif2a,1263,1567,1139,761,1046,1261
Eif2ak1,1623,1810,1527,860,1397,1305
Eif2ak2,161,169,214,130,324,117
Eif2ak3,1217,1396,1077,572,1129,1033
Eif2ak4,1653,1870,1853,950,1657,1519
Eif2b1,768,800,471,395,568,573
Eif2b2,935,948,566,441,646,790
Eif2b3,1196,1360,1059,645,1267,1184
Eif2b4,2151,2161,1475,1046,1581,1587
Eif2b5,2016,2068,1559,905,1506,1610
Eif2c5,0,0,0,0,0,0
Eif2d,2292,2546,2222,1184,1930,2019
Eif2s1,1339,1624,1211,660,1159,1188
Eif2s2,2898,3282,2447,1687,2726,2741
Eif2s3x,721,739,658,389,599,556
Eif2s3y,11387,13591,8293,6474,10285,10161
Eif3a,3115,3309,3164,1552,2616,2431
Eif3b,950,987,956,547,851,815
Eif3c,3342,2899,2551,1379,2183,2335
Eif3d,1115,1098,959,540,827,846
Eif3e,1410,1681,1484,800,1385,1346
Eif3f,1811,1919,1280,998,1429,1377
Eif3g,684,826,473,400,602,656
Eif3h,1867,2163,1709,903,1628,1556
Eif3i,889,952,670,446,705,731
Eif3j1,2079,2573,1607,1196,1893,1700
Eif3j2,16,9,6,10,12,7
Eif3k,1779,2089,1355,911,1426,1519
Eif3l,870,904,817,383,660,681
Eif3m,2223,2263,1965,1090,1958,1997
Eif4a1,2428,3153,2429,1460,2439,2304
Eif4a2,6001,6165,5300,3198,4863,4626
Eif4a3,1131,1221,957,510,978,913
Eif4b,1346,1187,1054,607,976,946
Eif4e,1921,2390,1886,1129,1730,1716
Eif4e1b,0,0,0,0,0,0
Eif4e2,937,1157,1143,487,899,856
Eif4e3,856,1027,850,501,812,757
Eif4ebp1,262,304,117,113,166,146
Eif4ebp2,898,943,875,447,774,924
Eif4ebp3,15,13,18,9,17,17
Eif4enif1,992,1121,1172,615,986,917
Eif4g1,4769,4134,4763,2321,3461,3429
Eif4g2,4855,5546,4448,2693,4055,3835
Eif4g3,10396,10685,9442,6003,8301,7859
Eif4h,3385,3794,3236,1756,2866,2889
Eif5,5138,5532,3952,2740,4223,3909
Eif5a,1809,1981,1176,892,1289,1206
Eif5a2,284,295,216,134,195,196
Eif5b,3156,3446,2901,1821,3185,2940
Eif6,574,656,407,324,452,468
Eipr1,2547,2910,1916,1475,2114,2247
Elac1,670,695,723,316,491,510
Elac2,754,838,779,386,657,660
Elane,0,0,0,0,0,0
Elavl1,3690,4213,3012,1886,3093,3269
Elavl2,5960,6726,5803,3213,5210,5198
Elavl3,6076,6270,6065,3544,5535,4789
Elavl4,3077,3784,2272,1728,2415,2564
Elf1,549,649,446,322,628,483
Elf2,1120,1262,1238,569,1083,937
Elf3,2,5,1,1,2,1
Elf4,5,26,27,14,37,13
Elf5,5,5,1,0,2,2
Elfn1,480,477,521,242,501,411
Elfn2,2677,2509,2462,1341,2080,2144
Elk1,2132,2474,2173,1029,1863,2206
Elk3,126,141,175,133,282,124
Elk4,769,1133,750,453,813,774
Ell,1195,1179,998,584,1009,1010
Ell2,2497,3248,2586,1277,2358,2143
Ell3,0,1,0,1,0,0
Elmo1,5118,5923,5604,2576,4929,5456
Elmo2,2795,2649,2748,1477,2286,2311
Elmo3,64,80,45,33,65,60
Elmod1,17223,16633,12035,6504,12218,12753
Elmod2,946,987,1152,459,910,808
Elmod3,382,429,349,164,305,318
Elmsan1,1082,1311,981,475,961,1022
Eln,196,141,126,73,150,123
Eloa,695,755,719,370,608,504
Elob,2190,2188,1318,1137,1318,1354
Elobl,0,0,0,0,0,0
Eloc,1580,1644,1160,824,1015,1067
Elof1,612,699,461,312,501,469
Elovl1,541,670,510,302,577,542
Elovl2,217,291,144,113,182,163
Elovl3,2,1,0,0,0,1
Elovl4,3079,3357,2192,1146,2373,2543
Elovl5,1676,2272,1502,735,1884,1795
Elovl6,2198,2344,2243,1145,2228,2230
Elovl7,854,896,823,432,855,624
Elp2,2242,2422,1948,1236,1761,1823
Elp3,891,924,815,488,730,785
Elp4,1490,1562,1340,644,1193,1271
Elp5,832,1188,762,402,770,763
Elp6,984,946,631,480,658,582
Emb,2251,2572,2223,987,1883,1975
Emc1,4066,4432,2981,1881,3355,3311
Emc10,6861,7426,4279,2636,5100,4981
Emc2,1850,2127,1748,1040,1699,1742
Emc3,3498,4190,2690,1469,2968,3090
Emc4,4412,4567,2601,1683,3094,3276
Emc6,931,1097,522,426,654,654
Emc7,5327,5551,3200,2053,3979,3736
Emc8,1611,1855,1329,812,1498,1433
Emc9,1790,2162,1675,919,1670,1635
Emcn,25,42,16,40,85,49
Emd,766,1057,544,393,659,720
Eme1,8,5,9,4,7,5
Eme2,1269,1136,928,694,947,934
Emg1,1364,1574,910,817,1128,1249
Emid1,570,698,301,280,482,483
Emilin1,35,47,21,18,36,32
Emilin2,65,77,68,30,66,70
Emilin3,10,14,5,7,2,7
Eml1,2586,2915,2436,1418,2187,2159
Eml2,3624,3464,3155,1909,3128,2652
Eml3,273,358,229,168,291,231
Eml4,3891,4499,4493,2148,3838,3943
Eml5,11634,11936,11854,6742,9760,10011
Eml6,6399,7166,5283,3281,5314,5551
Emp1,13,22,12,4,18,14
Emp2,226,329,138,117,284,268
Emp3,43,99,37,35,87,51
Emsy,4403,5194,5767,2585,4625,4497
Emx1,729,716,461,384,419,390
Emx2,129,243,61,74,127,161
Emx2os,234,396,222,108,261,271
En1,6,1,0,2,0,1
En2,29,15,9,13,16,17
Enah,5760,6254,6814,3397,5387,5558
Enam,0,0,0,0,0,0
Enc1,5454,4654,4698,1906,3258,3535
Endod1,2048,2199,1743,780,1846,1830
Endog,639,726,312,323,411,445
Endou,132,115,70,41,77,83
Endov,882,1132,777,492,756,798
Eng,162,145,114,121,223,125
Engase,418,446,340,215,337,302
Enho,254,298,169,147,180,147
Enkd1,482,499,336,255,385,395
Enkur,131,164,148,82,108,129
Eno1,9467,9557,6350,4445,6943,6581
Eno1b,63,84,38,37,43,46
Eno2,7324,6872,6570,3423,5348,5878
Eno3,126,129,125,83,117,85
Eno4,108,89,62,32,70,76
Enoph1,868,922,666,452,650,670
Enox1,7612,9103,8728,3611,6729,8045
Enox2,477,527,316,268,378,375
Enpep,35,34,13,18,45,27
Enpp1,161,190,135,59,219,152
Enpp2,10099,10099,8449,4718,9001,7980
Enpp3,17,23,16,8,15,16
Enpp4,832,1011,716,345,753,776
Enpp5,6924,6639,4664,2324,4721,4911
Enpp6,478,446,377,208,451,335
Enpp7,0,0,0,0,0,0
Ensa,5188,6599,5791,2670,5179,5331
Enthd1,4,3,1,0,1,1
Entpd1,243,302,355,187,510,284
Entpd2,203,336,89,85,207,201
Entpd3,392,420,352,165,320,345
Entpd4,4,5,3,3,2,5
Entpd4b,4,6,3,25,3,4
Entpd5,577,571,510,295,457,475
Entpd6,3020,3308,2818,1361,2699,2582
Entpd7,1253,1500,1147,662,1121,1118
Entpd8,0,1,0,0,0,1
Eny2,5178,6491,4746,2895,4818,4888
Eogt,711,774,483,346,533,554
Eomes,6,33,9,17,6,1
Ep300,4900,6113,5190,2413,4387,4275
Ep400,5232,4829,5379,2533,4124,4094
Epas1,167,333,121,231,339,253
Epb41,3833,4223,5249,2083,3903,3795
Epb41l1,5090,5275,6516,2780,4960,4968
Epb41l2,2045,2579,2715,1451,2676,1869
Epb41l3,7049,6997,6824,3477,5993,5818
Epb41l4a,104,129,100,61,89,97
Epb41l4aos,853,906,482,469,552,714
Epb41l4b,1560,1339,1488,710,1126,1234
Epb41l5,445,509,500,252,416,383
Epb42,1,0,1,0,0,2
Epc1,6272,6868,4528,2997,4730,5346
Epc2,1137,1264,1341,652,1078,991
Epcam,8,11,11,7,8,7
Epdr1,2765,3058,1963,1134,2209,2276
Epg5,1553,1714,1646,851,1377,1385
Epgn,0,1,1,1,0,1
Epha1,28,25,11,6,5,18
Epha10,4724,5350,5316,2700,5104,5046
Epha2,5,11,5,7,7,2
Epha3,2554,2966,1652,1299,1841,1927
Epha4,7256,7022,6717,3132,5445,5632
Epha5,32329,31251,23293,14179,22568,24903
Epha6,6918,7731,4868,3082,4746,5635
Epha7,4559,5172,4133,2024,3721,3849
Epha8,478,491,407,221,339,367
Ephb1,2107,2308,2021,899,1841,1741
Ephb2,530,726,665,422,583,525
Ephb3,657,827,771,345,749,690
Ephb4,34,55,23,20,43,40
Ephb6,2935,3167,2307,1659,2291,2190
Ephx1,817,841,396,225,564,585
Ephx2,404,483,262,146,265,322
Ephx3,2,8,8,1,2,8
Ephx4,3104,3440,2436,1282,2309,2354
Epm2a,2138,2171,1153,1148,1372,1337
Epm2aip1,2127,2011,1667,907,1574,1574
Epn1,3234,3070,2580,1706,2358,2498
Epn2,4228,4230,3983,2270,4120,3989
Epn3,5,8,5,1,7,11
Epo,1,0,0,0,0,0
Epop,416,397,301,216,247,257
Epor,371,319,176,162,216,268
Epp13,1,0,2,0,2,1
Eppin,0,0,0,0,0,0
Eppk1,1,2,0,0,3,3
Eprn,0,0,0,0,0,0
Eprs,4884,5144,5431,2361,4682,4479
Eps15,2528,3134,2577,1575,2482,2438
Eps15l1,2651,2619,2748,1367,2350,2389
Eps8,516,712,579,356,674,615
Eps8l1,115,267,393,107,53,106
Eps8l2,67,67,38,45,42,40
Eps8l3,4,2,1,5,1,1
Epsti1,41,45,65,24,103,31
Epx,0,0,1,0,1,1
Epyc,9,9,4,3,1,6
Eqtn,104,110,107,59,98,86
Eral1,1963,2083,1051,1112,1433,1449
Erap1,259,264,229,163,258,202
Eras,0,1,0,0,1,0
Erbb2,36,43,23,17,27,24
Erbb3,276,287,209,148,312,266
Erbb4,3679,4818,3752,1996,3689,3517
Erbin,1679,1480,1729,798,1538,1221
Erc1,3202,3774,3558,1650,3074,2909
Erc2,16878,18849,15458,8908,14039,15673
Ercc1,1536,1875,1136,832,1359,1533
Ercc2,890,816,777,498,779,783
Ercc3,292,349,317,180,247,243
Ercc4,1940,1935,1638,887,1431,1487
Ercc5,1509,2052,1912,784,1603,1727
Ercc6,2175,2490,2811,1069,2072,2127
Ercc6l,3,2,5,0,9,3
Ercc6l2,2448,2479,2095,1022,1863,1797
Ercc8,1475,1706,1566,813,1349,1474
Ereg,0,0,0,0,0,0
Erf,991,1515,975,524,942,955
Erfe,31,27,10,14,11,14
Erg,10,10,8,16,15,10
Erg28,2576,2812,2067,1311,2412,2048
Ergic1,2753,2863,2249,1360,2281,2142
Ergic2,3632,3939,3495,1801,3089,3117
Ergic3,2844,3133,2046,1234,2475,2236
Erh,1458,1711,934,856,1096,1119
Eri1,655,859,704,325,679,685
Eri2,1278,1434,1057,585,1054,1031
Eri3,2572,2991,2144,1330,2301,2395
Erich1,524,524,408,263,432,431
Erich2,22,31,22,13,12,31
Erich2os,20,21,9,5,11,13
Erich3,815,716,775,278,530,505
Erich4,1,2,0,3,3,0
Erich5,18,19,14,14,9,10
Erich6,58,65,69,35,58,68
Erich6b,0,0,0,0,0,0
Erlec1,2289,2678,1809,1212,2033,2113
Erlin1,2055,2293,1652,881,1564,1694
Erlin2,1428,1430,1298,634,1269,1170
Ermap,12,12,12,6,7,12
Ermard,597,705,645,394,640,581
Ermn,1317,1279,902,515,1082,906
Ermp1,1492,1578,1219,609,1223,1191
Ern1,971,1345,1165,602,1207,1073
Ern2,25,18,24,2,12,12
Ero1l,2729,2601,2520,1097,2088,2302
Ero1lb,2263,2547,1836,1031,1797,1857
Erp27,7,4,4,0,3,4
Erp29,2932,3246,2520,1336,2736,2247
Erp44,2197,2456,1720,1033,1939,2015
Errfi1,541,886,590,316,599,662
Erv3,0,2,0,0,2,1
Esam,124,133,95,103,144,98
Esco1,2989,3420,2916,1416,2864,2775
Esco2,24,18,9,10,34,20
Esd,1056,1117,701,429,740,786
Esf1,3274,3152,2260,1502,2464,2667
Esm1,11,13,5,5,7,10
Esp1,0,0,0,0,0,0
Esp15,0,0,0,0,0,0
Esp16,0,0,0,0,0,0
Esp18,0,0,0,0,0,0
Esp23,0,0,0,0,0,0
Esp24,0,0,0,0,0,0
Esp3,0,0,0,0,0,0
Esp31,0,0,0,0,0,0
Esp34,0,0,0,0,0,0
Esp36,0,0,0,0,0,0
Esp38,0,0,0,0,0,0
Esp4,0,0,0,0,0,0
Esp6,0,0,0,0,0,0
Esp8,0,0,0,0,0,0
Espl1,26,32,16,12,26,18
Espn,134,142,97,69,115,99
Espnl,9,5,0,5,5,4
Esr1,138,149,102,62,131,104
Esr2,36,26,44,14,29,29
Esrp1,2,6,5,2,2,0
Esrp2,0,2,1,1,2,3
Esrra,1507,1943,1158,853,1304,1240
Esrrb,34,26,28,5,20,30
Esrrg,747,987,513,468,645,686
Esx1,0,0,0,0,0,0
Esyt1,224,246,227,125,247,187
Esyt2,5607,6410,6043,2778,5046,4983
Esyt3,126,97,85,23,97,93
Etaa1,673,706,465,334,463,491
Etaa1os,79,86,53,54,57,62
Etd,0,0,0,0,0,0
Etf1,1472,1856,1379,795,1313,1291
Etfa,1866,2056,1053,870,1310,1363
Etfb,210,199,118,108,132,137
Etfbkmt,283,289,130,86,168,205
Etfdh,1038,1303,982,484,823,943
Etfrf1,564,579,373,197,385,392
Ethe1,240,404,232,122,229,246
Etl4,11228,14737,10131,7560,10325,9903
Etnk1,14542,14611,17075,7123,12578,12519
Etnk2,967,1038,732,513,816,738
Etnppl,140,371,152,34,188,535
Etohd2,228,227,111,78,141,130
Etos1,2,1,0,0,0,2
Ets1,185,268,204,161,307,158
Ets2,1221,1152,1117,438,858,895
Etv1,2431,2749,1557,1354,1634,1824
Etv2,0,1,0,0,0,1
Etv3,1334,1638,1388,708,1250,1189
Etv4,908,1342,425,467,925,931
Etv5,1168,1868,1743,754,1728,1731
Etv6,1697,2667,1851,1170,2288,2114
Eva1a,131,292,56,72,151,172
Eva1b,59,63,37,29,65,50
Eva1c,104,159,74,53,93,114
Evc,389,359,349,186,291,317
Evc2,726,730,603,320,525,590
Evi2,22,22,11,21,26,30
Evi2a,220,335,180,159,277,179
Evi2b,1,4,0,5,11,1
Evi5,3483,3506,3266,1818,2795,2873
Evi5l,3312,3927,2923,1799,3085,3078
Evl,4104,4164,2805,2241,3369,3355
Evpl,82,73,53,33,41,42
Evx1,0,0,0,0,0,0
Evx1os,0,0,0,0,0,0
Evx2,0,0,0,0,0,0
Ewsr1,13268,14490,13090,6840,11656,12750
Exd1,92,146,79,46,100,101
Exd2,4985,5180,4476,2438,3976,4352
Exo1,29,26,17,14,28,11
Exo5,594,532,336,264,374,384
Exoc1,3527,3602,3226,1894,2872,2701
Exoc2,1772,1800,1636,870,1527,1403
Exoc3,2668,2594,2504,1179,2284,2135
Exoc3l,16,26,14,7,10,10
Exoc3l2,34,35,9,17,20,12
Exoc3l4,28,48,22,14,24,24
Exoc4,5318,5869,5292,2817,4888,4997
Exoc5,3098,3555,3696,1779,3166,3110
Exoc6,1172,1207,887,605,915,841
Exoc6b,4885,5464,6137,2738,4929,5132
Exoc7,2700,2876,2169,1303,2339,2244
Exoc8,567,558,480,247,414,389
Exog,700,797,599,360,593,538
Exosc1,1904,1984,1294,1075,1520,1522
Exosc10,2290,2570,1932,1235,2151,2112
Exosc2,422,432,401,229,318,408
Exosc3,1276,1479,778,533,921,986
Exosc4,568,597,364,312,447,409
Exosc5,652,805,532,328,650,648
Exosc6,0,0,0,0,0,0
Exosc7,2502,3028,2688,1312,2425,2456
Exosc8,1801,2159,1442,938,1677,1653
Exosc9,1785,1860,1283,929,1334,1452
Exph5,1395,1303,1366,747,918,989
Ext1,1354,1437,1516,901,1043,949
Ext2,2402,2538,2130,1116,1949,1921
Extl1,767,756,671,371,609,489
Extl2,2346,2279,1746,781,1638,1624
Extl3,1489,1488,1336,738,1178,1178
Eya1,469,614,287,242,381,454
Eya2,48,104,22,9,65,48
Eya3,904,921,860,484,809,804
Eya4,314,384,444,232,381,293
Ezh1,1955,1940,1988,933,1682,1695
Ezh2,729,912,589,418,690,655
Ezr,126,288,115,101,195,269
F10,1,0,0,0,1,0
F11,0,1,1,0,1,0
F11r,156,161,198,130,287,122
F12,99,63,47,48,49,62
F13a1,71,66,53,37,103,65
F13b,0,0,2,0,0,0
F2,13,14,8,8,9,12
F2r,56,60,40,19,43,48
F2rl1,1,3,3,2,2,2
F2rl2,84,93,53,46,57,74
F2rl3,3,6,10,6,10,3
F3,1161,2207,533,474,1387,1355
F420014N23Rik,184,336,109,120,220,250
F5,1,5,5,6,14,4
F530104D19Rik,1,5,2,1,1,4
F630028O10Rik,58,28,31,11,54,14
F630040K05Rik,14,30,3,4,14,16
F630042J09Rik,21,24,15,8,16,12
F7,2,1,1,0,4,1
F730016J06Rik,9,10,3,6,5,10
F730035M05Rik,6,5,1,1,4,3
F730035P03Rik,3,1,1,1,1,1
F730311O21Rik,0,1,2,1,0,0
F8,291,262,329,112,201,178
F830016B08Rik,4,14,14,6,22,3
F830045P16Rik,2,2,1,1,1,2
F8a,407,450,239,150,243,353
F9,2,1,1,2,7,0
F930015N05Rik,92,94,56,41,60,57
F930017D23Rik,0,0,0,0,1,0
Fa2h,1719,2130,1443,803,1722,1750
Faah,5455,6116,5270,2806,4693,4706
Faap100,722,799,631,383,686,668
Faap20,643,622,400,301,409,442
Faap24,143,137,72,61,87,71
Fabp1,0,0,0,0,0,0
Fabp12,2,0,0,0,0,0
Fabp2,0,1,0,0,0,0
Fabp3,1399,1502,790,640,873,839
Fabp4,10,4,4,6,2,6
Fabp5,908,1012,597,517,746,554
Fabp6,0,0,0,0,0,0
Fabp7,120,197,79,114,134,86
Fabp9,0,0,0,0,0,0
Fadd,87,53,45,26,44,36
Faddos,0,1,1,0,0,1
Fads1,2852,3383,1986,1506,2640,2628
Fads2,816,1274,460,426,1010,853
Fads3,1160,1265,951,555,982,922
Fads6,980,1161,875,519,958,870
Faf1,4299,5102,3801,2245,3628,4034
Faf2,3683,4299,3224,1738,3386,3282
Fah,597,699,517,353,514,450
Fahd1,852,857,515,408,581,545
Fahd2a,807,997,627,429,692,671
Faim,1147,1246,1112,601,1009,919
Faim2,9556,9078,7885,3523,7403,7310
Faiml,1,0,0,2,0,0
Fam102a,1364,1547,1267,705,1194,1134
Fam102b,868,1126,963,592,737,777
Fam103a1,1405,1488,891,734,902,1017
Fam104a,1475,1763,1275,748,1133,1178
Fam105a,2076,2271,1337,739,1633,1638
Fam107a,269,566,225,171,390,574
Fam107b,65,84,87,52,97,63
Fam109a,222,243,214,126,200,194
Fam109b,10,11,2,3,4,4
Fam110a,84,84,56,36,52,62
Fam110b,2932,3530,2809,1281,2458,2796
Fam110c,2,2,1,1,4,1
Fam111a,35,68,56,45,63,39
Fam114a1,114,108,115,85,156,98
Fam114a2,1381,1244,1257,646,1114,1119
Fam117a,120,113,101,64,85,80
Fam117b,1998,2426,2091,1128,1900,1749
Fam118a,843,716,625,310,579,605
Fam118b,812,1143,973,470,905,922
Fam120a,2127,1806,2604,1054,1706,1677
Fam120aos,1101,1934,556,830,999,1050
Fam120b,7705,8133,6522,3393,6549,6895
Fam120c,2775,3095,2231,1506,2199,2314
Fam122a,1081,1106,693,500,749,725
Fam122b,164,149,94,69,118,114
Fam122c,0,0,0,0,0,0
Fam124a,678,731,694,377,561,523
Fam124b,0,0,0,0,0,0
Fam126a,984,1156,1042,583,1015,910
Fam126b,4857,4560,4912,2319,3708,3817
Fam129a,42,94,107,45,107,55
Fam129b,254,306,270,156,254,256
Fam129c,130,123,116,82,104,118
Fam131a,5572,7116,5095,2714,5073,5253
Fam131b,1041,942,714,433,597,696
Fam131c,35,46,39,22,29,39
Fam133b,4075,4210,3610,2114,3753,3835
Fam135a,3427,3437,3039,1745,2767,2720
Fam135b,5470,6144,5763,2873,4634,4687
Fam136a,1367,1164,699,460,722,825
Fam13a,2422,2358,1419,1346,1482,1595
Fam13b,4295,5426,4388,2185,4273,4069
Fam13c,5073,5700,4823,2711,4575,4267
Fam149a,265,302,217,144,189,154
Fam149b,1213,1556,1533,799,1234,1072
Fam151a,3,4,4,1,4,0
Fam151b,134,202,130,66,130,160
Fam155a,2367,2755,3072,1394,2094,2324
Fam159a,2,0,1,1,0,0
Fam159b,34,30,22,13,26,33
Fam160a1,107,105,96,75,71,61
Fam160a2,4732,5550,4701,2375,4309,4243
Fam160b1,1764,1856,2040,930,1473,1427
Fam160b2,1344,1479,1393,744,1202,1065
Fam161a,229,246,160,130,219,183
Fam161b,862,1009,856,425,844,961
Fam162a,564,640,329,237,403,425
Fam162b,0,0,0,0,0,0
Fam163a,144,205,105,81,121,144
Fam163b,1270,1360,697,649,835,931
Fam166a,6,3,0,1,4,1
Fam166b,17,15,13,7,21,10
Fam167a,51,60,38,23,37,46
Fam167b,14,26,14,15,32,11
Fam168a,8795,9980,9580,4781,8165,8206
Fam168b,2084,2468,1838,1202,1644,1718
Fam169a,984,1070,1012,531,731,710
Fam169b,10,19,20,7,16,15
Fam170a,0,0,0,0,0,0
Fam170b,1,1,0,0,2,0
Fam171a1,2405,2598,2030,1080,1929,2025
Fam171a2,3598,4226,2919,1817,2973,2823
Fam171b,15167,16963,10448,6514,10456,10464
Fam172a,2404,2816,2291,1356,2096,2206
Fam173a,5735,6237,3535,3155,4398,4688
Fam173b,296,296,264,161,265,221
Fam174a,1897,2289,1320,861,1356,1307
Fam174b,676,861,583,318,534,530
Fam177a,806,848,478,375,499,574
Fam178b,8,6,1,3,4,3
Fam180a,16,66,14,6,36,30
Fam181a,99,121,38,33,72,50
Fam181b,234,338,89,111,169,220
Fam183b,11,9,9,7,16,9
Fam184a,2385,2472,2363,1172,1921,2233
Fam184b,1508,1485,1385,639,1307,1438
Fam185a,1172,1362,1103,607,1055,1030
Fam186a,4,5,13,3,6,9
Fam186b,30,40,23,16,37,28
Fam187a,0,1,1,0,0,0
Fam187b,3,8,2,1,4,2
Fam189a1,5513,6871,4213,3215,3865,5286
Fam189a2,257,413,327,178,159,238
Fam189b,2613,2215,1629,1096,1629,1645
Fam192a,560,692,496,315,481,549
Fam193a,2674,2691,3214,1582,2559,2358
Fam193b,2956,3410,4296,1901,3116,2805
Fam196a,209,254,287,106,183,220
Fam196b,29,24,48,16,39,26
Fam198a,93,135,58,52,83,78
Fam198b,196,220,104,109,110,108
Fam199x,902,1009,835,470,698,670
Fam19a1,6555,7456,4927,3705,5485,6159
Fam19a2,1970,2353,1798,825,1450,1671
Fam19a3,1,2,2,4,4,3
Fam19a4,27,34,27,18,37,36
Fam19a5,1026,1181,1109,561,893,940
Fam204a,1791,2097,1735,856,1592,1484
Fam205a1,18,24,19,8,22,21
Fam205a2,5,4,5,2,3,1
Fam205a3,1,1,3,1,0,0
Fam205a4,2,1,1,0,0,1
Fam205c,149,223,70,114,123,158
Fam206a,2341,2291,1690,967,1608,1699
Fam207a,815,849,671,393,630,641
Fam208a,5384,5431,6107,2879,4474,4324
Fam208b,5393,6470,4991,2732,4982,5019
Fam209,3,1,3,0,2,2
Fam20a,268,417,206,118,327,371
Fam20b,946,999,1117,480,859,705
Fam20c,1309,1481,944,595,1073,982
Fam210a,1079,1191,1103,554,893,898
Fam210b,473,535,364,210,377,355
Fam212a,25,25,23,25,47,13
Fam212b,3589,4928,3415,1899,3239,3841
Fam213a,1099,1262,845,562,1021,830
Fam213b,897,717,442,377,483,500
Fam214a,3218,3419,3128,1374,2542,2648
Fam214b,1101,1032,939,573,937,847
Fam216a,1231,1358,956,629,1009,1049
Fam216b,3,3,0,1,5,4
Fam217a,5,7,2,1,8,5
Fam217b,817,805,667,418,540,516
Fam219a,3455,4052,4149,1950,3272,3356
Fam219aos,9,15,7,7,6,11
Fam219b,823,863,640,430,698,654
Fam220a,2147,2596,1707,965,1753,1904
Fam221a,49,52,42,28,28,42
Fam221b,81,82,67,25,47,67
Fam222a,147,166,135,80,124,95
Fam222b,1975,2094,1719,1029,1732,1694
Fam227a,1569,1835,1777,841,1531,1476
Fam227b,8,11,11,3,12,14
Fam228a,252,291,307,136,245,220
Fam228b,1747,1828,1703,737,1529,1552
Fam229a,17,12,6,9,15,6
Fam229b,1501,1720,1093,762,1190,1125
Fam234a,969,1157,715,488,852,787
Fam234b,3291,3413,2778,1505,2566,2647
Fam240a,1,1,0,1,0,1
Fam240b,0,0,1,1,0,3
Fam241a,232,228,175,123,172,160
Fam241b,1467,1295,646,640,799,874
Fam24a,2,1,0,1,1,3
Fam24b,14,12,7,11,11,6
Fam25c,0,1,0,0,0,0
Fam26d,1,0,0,0,0,0
Fam26e,394,381,214,118,252,256
Fam26f,33,24,11,8,21,9
Fam32a,739,865,589,394,513,672
Fam35a,892,799,803,381,667,579
Fam3a,1547,1617,1048,724,1230,1229
Fam3b,1,0,1,0,0,0
Fam3c,2916,3184,2080,1204,2144,1959
Fam43a,175,210,154,90,131,160
Fam43b,657,664,448,339,462,540
Fam45a,1279,1567,1304,751,1198,1137
Fam46a,224,347,246,114,312,295
Fam46b,2,2,0,1,1,4
Fam46c,50,46,119,85,258,45
Fam46d,0,1,2,0,0,0
Fam47c,0,0,0,0,0,0
Fam47e,9,6,2,3,4,4
Fam49a,4276,4501,4757,2283,3855,3936
Fam49b,4844,5110,5942,2676,4797,4640
Fam50a,1669,1479,1284,789,1503,1651
Fam50b,0,0,0,0,0,0
Fam53a,991,1252,912,516,906,896
Fam53b,1840,2094,2365,1278,2662,2462
Fam53c,1045,1245,1066,459,937,976
Fam57a,1358,1427,1209,611,1055,1120
Fam57b,3414,3291,1895,1735,2451,2557
Fam58b,719,706,393,345,471,443
Fam60a,454,547,478,396,417,440
Fam69a,1027,1088,745,478,786,729
Fam69b,3111,3039,2122,1425,2330,2369
Fam69c,82,137,36,43,94,89
Fam71a,0,0,0,0,0,0
Fam71b,1,0,1,0,2,1
Fam71d,26,39,56,12,31,41
Fam71e1,568,562,291,308,358,300
Fam71e2,0,0,0,0,0,0
Fam71f1,0,0,0,0,0,0
Fam71f2,19,15,20,13,16,11
Fam72a,23,33,21,17,20,17
Fam76a,3585,3895,2559,1651,2753,2601
Fam76b,3172,3108,2798,1588,2490,2392
Fam78a,257,283,306,120,213,250
Fam78b,565,620,641,367,458,461
Fam81a,3049,3589,2816,1693,2681,2664
Fam81b,1,2,0,0,0,0
Fam83a,0,1,0,0,0,1
Fam83b,20,21,11,7,27,8
Fam83c,2,1,0,0,0,0
Fam83d,31,60,64,19,53,96
Fam83e,8,11,12,1,7,4
Fam83f,55,71,34,44,47,32
Fam83g,2,1,2,0,1,1
Fam83h,120,91,111,45,82,62
Fam84a,745,682,596,323,444,575
Fam84b,112,136,115,59,96,77
Fam89a,24,25,19,8,22,16
Fam89b,11,16,19,11,9,11
Fam8a1,1542,1817,1377,756,1205,1125
Fam90a1a,0,0,0,0,0,0
Fam90a1b,16,9,6,2,7,10
Fam91a1,1976,2082,1947,940,1759,1572
Fam92a,4032,4766,3618,2125,3352,3527
Fam92b,10,10,7,8,12,14
Fam96a,430,495,346,183,364,336
Fam96b,914,1062,537,495,740,793
Fam98a,3517,4213,3188,1706,2944,3118
Fam98b,1767,1762,1664,767,1341,1449
Fam98c,2238,2168,1438,1215,1640,1687
Fan1,1125,1069,819,504,821,808
Fanca,84,75,78,58,76,58
Fancb,239,239,145,95,143,143
Fancc,535,617,537,346,492,461
Fancd2,238,218,182,136,173,192
Fancd2os,3,4,3,1,2,2
Fance,1480,1612,991,758,1303,1071
Fancf,240,251,151,134,151,171
Fancg,912,738,562,418,574,639
Fanci,9,11,15,11,15,14
Fancl,527,622,556,305,502,518
Fancm,1238,1251,1320,544,1101,986
Fank1,182,204,190,95,124,150
Fap,536,518,381,314,298,351
Far1,8832,9808,8480,4585,7895,8132
Far1os,3,12,5,6,11,2
Far2,2132,2327,1641,1125,1746,1825
Far2os1,82,133,71,70,88,95
Far2os2,48,50,22,31,38,36
Farp1,2580,2985,2515,1593,2173,2204
Farp2,395,405,359,204,359,359
Fars2,2375,2858,1794,1209,1998,2007
Farsa,2431,2727,2203,1360,2381,2475
Farsb,1513,1527,1182,783,1162,1117
Fas,7,18,6,10,24,11
Fasl,6,10,15,6,13,8
Fasn,1196,1003,1065,626,1052,794
Fastk,4180,4106,2442,2180,2846,2995
Fastkd1,2495,2325,1838,1000,1732,1860
Fastkd2,710,830,673,394,613,680
Fastkd3,523,541,370,185,383,399
Fastkd5,72,78,93,34,67,61
Fat1,1256,1287,991,512,997,975
Fat2,8,12,3,3,2,1
Fat3,4836,4856,5391,2419,3651,3738
Fat4,597,601,652,271,439,511
Fate1,6,9,5,2,1,9
Fau,4045,3697,2593,2415,3120,2311
Faxc,1942,2492,1874,1163,1683,1764
Fbf1,2275,2355,1995,1185,1790,1960
Fbl,906,961,712,494,780,717
Fblim1,29,33,54,27,93,16
Fbll1,135,97,86,62,73,87
Fbln1,142,204,57,36,158,128
Fbln2,379,378,426,237,345,343
Fbln5,125,127,68,37,90,96
Fbln7,34,51,15,18,53,39
Fbn1,513,462,438,287,395,347
Fbn2,304,351,270,215,297,298
Fbp1,3,4,4,3,2,0
Fbp2,0,1,0,0,1,1
Fbrs,980,1146,1282,576,1017,1024
Fbrsl1,2396,2371,2403,1226,1975,2135
Fbxl12,3430,3793,3719,1669,3088,3041
Fbxl12os,368,403,186,190,249,304
Fbxl13,29,36,13,17,20,18
Fbxl14,278,242,259,150,209,218
Fbxl15,820,1112,525,387,626,682
Fbxl16,4700,4495,4138,2164,3252,3394
Fbxl17,1081,1253,1288,693,1032,936
Fbxl18,1252,1522,1886,737,1214,1153
Fbxl19,1069,961,1088,613,918,857
Fbxl2,4521,4601,4626,2387,4119,4122
Fbxl20,5861,6294,5418,2754,5202,4801
Fbxl21,319,297,228,124,176,212
Fbxl22,21,19,20,7,19,13
Fbxl3,1653,1783,1743,879,1295,1349
Fbxl4,1144,918,603,447,583,568
Fbxl5,10610,10361,9294,4535,8171,9003
Fbxl6,2995,2786,1621,1372,1992,2098
Fbxl7,182,267,178,123,215,170
Fbxl8,116,174,61,76,80,79
Fbxo10,1380,1263,1073,589,1088,1034
Fbxo11,1253,1183,1442,735,1066,1027
Fbxo15,7,13,3,3,10,4
Fbxo16,607,632,430,327,470,394
Fbxo17,205,219,96,96,154,126
Fbxo18,2999,3408,2493,1454,2478,2429
Fbxo2,540,635,368,371,457,428
Fbxo21,3564,3878,3044,1829,3019,2991
Fbxo22,1358,1599,1187,656,1115,1128
Fbxo24,3,13,3,3,5,4
Fbxo25,850,843,764,438,634,652
Fbxo27,1153,1196,685,524,818,941
Fbxo28,2314,2850,1802,1043,1809,1898
Fbxo3,2584,2806,2407,1246,2102,2149
Fbxo30,420,524,353,230,367,364
Fbxo31,2414,2383,1901,1081,1738,1750
Fbxo32,900,925,639,427,630,627
Fbxo33,2619,3987,2355,1382,2222,2254
Fbxo34,1779,1483,1414,839,1057,1079
Fbxo36,531,591,409,308,439,436
Fbxo38,3868,3359,2616,1669,2604,2865
Fbxo39,0,1,0,0,0,0
Fbxo4,459,501,409,214,352,387
Fbxo40,1,5,1,3,3,7
Fbxo41,3113,2967,3298,1502,2328,2322
Fbxo42,1769,2114,1886,873,1662,1559
Fbxo43,10,13,6,2,6,9
Fbxo44,3027,3479,2554,1456,2617,2665
Fbxo45,252,298,262,140,186,160
Fbxo46,276,417,297,159,292,289
Fbxo47,144,129,51,53,52,58
Fbxo48,18,27,22,16,34,22
Fbxo5,47,48,26,26,31,23
Fbxo6,398,401,269,205,279,308
Fbxo7,1622,1836,1178,714,1452,1431
Fbxo8,2295,2584,1475,1270,1744,1824
Fbxo9,1219,1554,1268,635,1144,1134
Fbxw10,155,137,82,87,152,102
Fbxw11,2452,3004,2211,1511,2345,2407
Fbxw13,0,0,0,0,3,0
Fbxw14,0,0,0,0,0,0
Fbxw15,2,5,1,5,5,5
Fbxw16,0,0,0,0,0,0
Fbxw17,1182,1154,793,575,895,810
Fbxw18,0,1,0,0,0,0
Fbxw19,0,0,0,0,0,0
Fbxw2,4913,5585,3760,2228,4080,4291
Fbxw20,0,0,0,0,0,0
Fbxw21,0,0,0,0,0,0
Fbxw22,0,1,0,0,0,0
Fbxw24,1,2,0,0,5,2
Fbxw25,1,0,0,0,0,2
Fbxw26,0,1,0,0,1,0
Fbxw27,2,3,4,0,3,2
Fbxw28,0,1,0,0,0,0
Fbxw4,999,2334,1197,1170,1463,1213
Fbxw5,1738,1772,1548,947,1388,1465
Fbxw7,9345,8983,7812,5211,6135,6644
Fbxw8,494,644,503,291,430,429
Fbxw9,1381,1196,851,631,1022,1066
Fcamr,0,0,0,0,0,2
Fcer1a,0,0,0,0,0,0
Fcer1g,206,346,446,319,1052,249
Fcer2a,3,2,1,2,1,1
Fcf1,658,920,652,382,641,711
Fcgbp,0,2,1,0,2,1
Fcgr1,44,77,80,70,172,49
Fcgr2b,75,136,229,123,416,101
Fcgr3,106,146,217,106,329,98
Fcgr4,2,2,2,2,10,4
Fcgrt,125,231,59,92,204,138
Fcho1,4934,4531,3586,2525,3934,3764
Fcho2,3215,3429,4376,1678,3256,3383
Fchsd1,246,241,204,131,233,241
Fchsd2,3912,4479,4122,2164,4133,3804
Fcmr,4,3,0,2,0,0
Fcna,12,0,4,0,3,3
Fcnaos,6,6,1,9,3,6
Fcnb,4,2,1,1,3,1
Fcor,367,398,196,200,279,282
Fcrl1,16,22,17,16,18,15
Fcrl5,0,0,0,0,1,0
Fcrl6,1,4,0,1,2,3
Fcrla,0,1,0,0,0,1
Fcrlb,82,74,26,43,57,45
Fcrls,434,541,675,373,1088,328
Fdft1,2774,3426,2594,1543,2828,2609
Fdps,1396,1771,1212,736,1677,1178
Fdx1,472,611,374,280,425,479
Fdx1l,901,771,583,498,571,601
Fdxacb1,539,521,324,249,394,385
Fdxr,1035,1095,998,507,835,881
Fech,1498,1477,1224,670,1049,1086
Fem1a,1029,1069,1195,561,888,819
Fem1b,1766,1739,1626,854,1189,1280
Fem1c,1073,1075,821,524,781,795
Fen1,188,192,142,63,124,122
Fer,1377,1516,1308,720,1142,1166
Fer1l4,1,0,0,0,0,1
Fer1l5,11,8,11,3,7,9
Fer1l6,3,2,3,0,1,7
Ferd3l,0,0,0,0,0,0
Fermt1,94,105,48,40,81,43
Fermt2,3202,4172,2915,1583,3249,3260
Fermt3,90,82,162,83,248,103
Fes,93,101,178,86,263,76
Fetub,2,1,1,0,0,3
Fev,4,2,0,2,0,0
Fez1,3888,4572,3428,2053,3359,3451
Fez2,765,916,609,429,697,596
Fezf1,9,3,6,1,5,6
Fezf2,954,1318,830,659,1005,980
Ffar1,0,0,0,0,1,0
Ffar2,1,1,0,1,1,0
Ffar3,7,4,6,0,2,2
Ffar4,10,12,9,8,13,7
Fga,0,0,0,0,0,0
Fgb,0,0,0,0,0,0
Fgd1,622,776,718,366,641,618
Fgd2,274,333,352,205,450,267
Fgd3,166,153,155,118,165,125
Fgd4,2637,3041,2863,1596,2628,2362
Fgd5,72,45,51,41,62,46
Fgd6,312,400,301,117,261,335
Fgf1,279,367,178,168,278,258
Fgf10,181,209,125,132,128,148
Fgf11,235,257,236,125,226,251
Fgf12,5259,6361,4561,3380,4184,4540
Fgf13,1332,1613,1129,774,1261,1015
Fgf14,2002,2213,1992,1031,1604,1827
Fgf15,0,0,0,0,1,1
Fgf16,21,24,8,10,5,16
Fgf17,10,12,19,15,7,15
Fgf18,67,61,61,27,55,56
Fgf2,29,45,49,33,49,27
Fgf20,123,120,61,57,79,81
Fgf21,0,2,0,0,0,1
Fgf22,454,447,214,228,259,263
Fgf23,189,163,64,107,119,92
Fgf2os,7,4,1,0,4,3
Fgf3,46,18,16,6,11,19
Fgf4,0,0,0,0,0,0
Fgf5,398,456,293,198,284,308
Fgf6,1,0,0,0,0,0
Fgf7,46,27,43,27,33,30
Fgf8,0,0,2,1,0,1
Fgf9,557,590,464,279,436,381
Fgfbp1,8,29,7,2,20,11
Fgfbp3,1516,1600,556,505,630,830
Fgfr1,1310,1631,1132,620,1391,1406
Fgfr1op,2308,2636,2083,1305,2170,1989
Fgfr1op2,5739,6869,4088,2969,4562,4676
Fgfr2,1515,1709,1134,808,1443,1232
Fgfr3,701,1141,322,316,668,828
Fgfr4,8,6,9,5,7,10
Fgfrl1,108,152,90,74,98,71
Fgg,0,0,0,0,0,0
Fggy,970,1119,912,546,900,802
Fgl1,6,4,7,2,6,8
Fgl2,44,36,27,15,60,36
Fgr,5,3,24,24,71,3
Fh1,1158,1248,1083,509,836,930
Fhad1,277,337,201,182,251,204
Fhad1os1,0,0,0,0,0,0
Fhad1os2,64,46,44,36,55,37
Fhdc1,83,136,101,50,79,76
Fhit,203,182,162,78,172,166
Fhitos,2,0,0,0,0,1
Fhl1,3565,2973,2538,1465,2352,2595
Fhl2,2388,2897,1654,1411,1811,2002
Fhl3,8,11,12,8,15,8
Fhl4,70,69,61,36,59,54
Fhl5,1,1,0,1,1,0
Fhod1,87,99,82,68,108,73
Fhod3,2319,2707,2297,1337,2018,1991
Fibcd1,170,189,158,36,109,144
Fibin,135,172,109,49,118,129
Fibp,3083,3594,2398,1639,2781,2860
Ficd,378,348,235,115,258,252
Fig4,1072,1091,820,518,849,817
Figla,1,0,0,0,1,1
Fign,920,913,612,357,774,716
Fignl1,15,6,9,13,10,17
Fignl2,29,28,24,11,27,19
Filip1,893,977,725,357,663,714
Filip1l,89,164,100,87,93,108
Fip1l1,5413,6783,5278,3278,5349,5014
Fis1,1363,1456,976,802,1031,906
Fitm1,0,1,1,1,3,0
Fitm2,925,964,730,385,678,721
Fiz1,983,1035,663,453,794,763
Fjx1,2082,2709,1045,931,1451,1439
Fkbp10,50,103,23,28,73,59
Fkbp11,84,76,30,37,73,70
Fkbp14,642,735,422,291,549,506
Fkbp15,1731,2017,1664,1089,1730,1461
Fkbp1a,3550,4023,2940,1794,2997,3155
Fkbp1b,351,362,201,206,270,254
Fkbp2,2357,2827,1749,1178,1991,1653
Fkbp3,4035,4499,3142,1952,3004,2784
Fkbp4,1480,1609,1017,703,1234,1274
Fkbp5,775,1126,1095,319,870,1428
Fkbp6,1,0,0,0,0,1
Fkbp7,353,509,222,189,311,290
Fkbp8,4198,4362,2888,2364,3290,3277
Fkbp9,272,341,237,127,297,259
Fkbpl,163,169,87,69,101,120
Fkrp,945,843,717,418,618,550
Fktn,2936,3008,2132,1402,2127,1950
Flad1,1793,1808,1118,874,1317,1330
Flcn,1410,1378,1162,606,1157,1159
Flg,1,0,0,0,0,0
Flg2,1,0,0,0,0,0
Fli1,118,181,178,128,299,109
Flicr,24,37,17,13,22,28
Flii,1690,1677,1372,947,1525,1480
Flna,2078,1896,1892,1239,1832,1803
Flnb,3778,3794,3446,1910,3251,3350
Flnc,11,22,21,9,16,11
Flot1,2770,2697,1765,1477,2215,1962
Flot2,1899,1932,1327,925,1573,1413
Flrt1,1448,1376,1645,852,1253,1062
Flrt2,4918,5297,4126,2163,3631,3440
Flrt3,3987,3371,2178,1318,2239,2552
Flt1,170,242,155,349,478,221
Flt3,722,857,687,419,654,700
Flt3l,331,284,210,182,292,240
Flt4,7,9,3,1,19,8
Flvcr1,1726,2049,2132,808,1609,1665
Flvcr2,13,32,9,13,23,13
Flywch1,4069,4113,3770,1955,3173,3165
Flywch2,100,143,94,78,86,82
Fmc1,911,1233,539,518,759,833
Fmn1,1145,1162,1265,728,1056,944
Fmn2,3020,3291,3131,1530,2657,2610
Fmnl1,2179,2870,2599,1526,2797,2939
Fmnl2,1245,1379,1182,756,1041,927
Fmnl3,506,602,448,389,676,347
Fmo1,211,438,223,127,239,278
Fmo2,8,19,12,6,15,24
Fmo3,0,0,0,0,0,0
Fmo4,0,1,3,0,3,1
Fmo5,37,57,44,33,64,38
Fmo6,0,0,0,0,0,0
Fmo9,1,0,0,0,0,1
Fmod,60,125,41,29,131,104
Fmr1,3244,3740,3239,1784,2914,2750
Fmr1nb,7,4,1,0,2,3
Fmr1os,22,13,20,13,22,20
Fn1,293,579,217,198,414,290
Fn3k,1363,1517,1172,692,1027,1065
Fn3krp,515,552,305,195,319,350
Fnbp1,6301,7048,6187,3540,6186,5397
Fnbp1l,10477,11814,12724,5752,10716,11276
Fnbp4,6585,6366,6440,3090,5724,5364
Fnd3c2,0,0,0,0,0,0
Fndc1,258,252,216,76,228,241
Fndc10,1663,1860,904,1062,1123,1231
Fndc11,4,2,0,1,4,1
Fndc3a,3426,3251,3244,1736,2860,2796
Fndc3b,1193,1301,1258,674,1052,1048
Fndc3c1,0,0,0,0,0,0
Fndc4,4281,4983,2970,2257,3552,3905
Fndc5,966,1042,893,451,703,606
Fndc7,7,6,2,4,3,4
Fndc8,2,1,2,0,2,1
Fndc9,191,170,130,79,168,144
Fnip1,3967,3875,3680,2079,3280,3302
Fnip2,1030,1054,1582,750,864,914
Fnta,1494,1493,1089,744,1119,1167
Fntb,1615,1834,1339,756,1287,1284
Focad,3129,3354,3264,1833,2606,2707
Folh1,502,583,394,201,462,455
Folr1,9,5,7,5,7,3
Folr2,1,2,3,2,5,3
Fopnl,3100,3511,2326,1443,2443,2561
Fos,1843,1337,743,161,701,920
Fosb,242,441,265,76,175,243
Fosl1,23,34,15,16,24,32
Fosl2,275,911,636,139,513,518
Foxa1,1,0,0,0,0,0
Foxa2,0,0,0,0,0,0
Foxa3,0,0,0,0,0,0
Foxb1,2,1,0,0,1,1
Foxb2,2,2,0,1,1,1
Foxc1,50,88,29,39,67,45
Foxc2,49,76,10,9,45,50
Foxd1,86,173,48,37,102,96
Foxd2,2,3,1,1,5,1
Foxd3,0,0,0,1,0,0
Foxd4,0,0,0,0,0,0
Foxe1,0,1,0,0,0,0
Foxe3,1,3,0,6,0,0
Foxf1,1,2,0,1,5,3
Foxf2,17,17,6,9,27,17
Foxg1,1712,1773,1568,923,1157,1219
Foxh1,0,1,0,1,0,0
Foxi1,0,0,0,1,1,0
Foxi2,0,0,0,0,0,1
Foxi3,0,0,0,0,0,0
Foxj1,74,58,32,24,65,47
Foxj2,919,1406,913,661,994,893
Foxj3,3096,3805,2998,1697,2972,2932
Foxk1,2694,3300,1889,1246,2234,2620
Foxk2,850,851,943,584,722,668
Foxl1,2,6,1,2,1,5
Foxl2,4,0,1,2,5,1
Foxm1,44,51,44,19,46,30
Foxn1,1,2,0,0,1,1
Foxn2,911,1131,934,436,749,825
Foxn3,2419,2891,2423,1437,2602,2250
Foxn4,0,0,0,0,0,0
Foxo1,1216,1364,953,438,984,1088
Foxo3,1138,1187,1095,540,848,842
Foxo4,82,106,70,40,74,59
Foxo6,74,79,75,33,50,65
Foxo6os,3,6,2,0,3,6
Foxp1,7766,7829,6803,3732,6361,6666
Foxp2,3471,3613,3003,1360,2836,3266
Foxp3,8,19,9,9,10,13
Foxp4,824,845,550,424,695,659
Foxq1,35,47,16,49,73,31
Foxr1,1,2,0,1,0,0
Foxr2,40,9,20,16,6,17
Foxred1,1961,1847,1726,899,1362,1402
Foxred2,1045,1139,857,533,978,857
Foxs1,0,3,2,2,8,1
Fpgs,519,465,339,236,378,346
Fpgt,818,1121,633,456,672,720
Fpr-rs3,0,0,0,0,0,0
Fpr-rs4,1,0,0,0,0,0
Fpr-rs6,0,0,0,0,0,0
Fpr-rs7,0,0,0,0,0,0
Fpr1,3,4,2,3,4,6
Fpr2,20,12,10,8,6,11
Fpr3,0,0,0,0,0,0
Fra10ac1,2024,2096,1369,889,1484,1563
Fras1,3896,4162,3304,1670,2903,3068
Frat1,117,107,71,54,74,68
Frat2,188,173,93,62,87,120
Frem1,321,311,300,176,279,292
Frem2,103,115,101,34,83,77
Frem3,14,5,21,0,9,15
Frg1,1161,1151,845,560,960,1058
Frg2f1,380,431,285,180,277,269
Frk,6,7,2,3,13,4
Frmd3,1345,1396,1287,720,1165,1072
Frmd4a,7142,8751,9409,4527,7889,7041
Frmd4b,2785,3039,2652,1475,3114,2509
Frmd5,6071,7485,4663,3657,5529,5897
Frmd6,1851,2663,3293,1205,2538,2520
Frmd7,33,73,12,62,26,24
Frmd8,601,663,523,325,623,521
Frmd8os,1,4,1,3,1,2
Frmpd1,235,281,189,111,215,209
Frmpd1os,0,0,0,0,0,0
Frmpd2,24,29,10,15,16,11
Frmpd3,855,965,717,525,677,680
Frmpd4,4394,5319,3544,2337,3670,3794
Frrs1,121,191,264,131,382,161
Frrs1l,6719,6454,5611,3110,4479,3883
Frs2,2374,2655,2029,1302,2071,2045
Frs3,205,219,165,137,137,185
Frs3os,0,3,5,3,5,4
Fry,10948,11742,11467,5336,9514,9991
Fryl,5078,5093,5233,2498,4346,4335
Frzb,367,356,190,127,210,180
Fsbp,101,85,38,28,45,53
Fscb,0,0,0,0,0,0
Fscn1,2063,2274,1526,857,1693,1789
Fscn2,7,13,6,11,4,4
Fscn3,2,1,4,2,2,4
Fsd1,2800,2912,1887,1515,2567,2637
Fsd1l,2826,2994,2901,1565,2562,2748
Fsd2,6,5,4,4,5,6
Fshb,0,0,0,0,0,0
Fshr,0,0,0,0,0,0
Fsip1,27,43,28,12,28,21
Fsip2,1,0,0,0,0,3
Fst,316,414,324,169,302,301
Fstl1,1626,1937,1376,663,1542,1407
Fstl3,316,288,154,149,184,174
Fstl4,3156,3822,3822,1562,2755,3183
Fstl5,2079,2111,1758,881,1735,1781
Ftcd,15,21,9,9,20,22
Fth1,11345,10612,7824,5727,8384,7100
Fthl17a,1,1,0,0,0,1
Fthl17b,0,0,0,0,0,0
Fthl17c,0,0,0,0,0,0
Fthl17d,0,0,0,0,0,0
Fthl17e,0,0,0,0,0,0
Fthl17f,0,0,0,0,0,0
Ftl1,2992,2141,1705,1273,1760,1376
Ftl1-ps1,107,92,108,104,96,77
Ftmt,0,0,0,0,0,0
Fto,5173,5570,4745,2863,4566,4634
Ftsj1,942,1190,1079,504,1005,999
Ftsj3,666,633,577,381,653,601
Ftx,7674,7522,6573,3835,6164,6749
Fubp1,16200,17210,18389,9110,15286,15374
Fubp3,2575,2505,2246,1299,2053,2178
Fuca1,1137,1235,848,479,1109,831
Fuca2,1184,1059,713,457,855,812
Fuk,705,838,877,417,697,692
Fundc1,933,1041,708,418,739,766
Fundc2,523,505,259,316,328,292
Fuom,1721,2035,1094,893,1241,1306
Furin,812,766,929,452,739,743
Fus,32590,37779,34035,16803,31701,32365
Fut1,0,1,5,0,3,2
Fut10,246,305,200,104,234,175
Fut11,1858,2341,1592,869,1623,1744
Fut2,10,8,10,9,4,11
Fut4,7,5,4,1,1,2
Fut7,15,8,13,6,6,8
Fut8,5811,6898,5084,2836,5041,5242
Fut9,11821,13699,9963,5269,8614,9462
Fuz,1047,958,700,530,833,887
Fv1,167,250,135,92,153,141
Fxn,423,430,258,218,335,314
Fxr1,4271,4530,4499,2225,3950,4534
Fxr2,1352,1363,1317,779,1151,1053
Fxyd1,550,767,214,383,513,388
Fxyd2,231,246,140,95,126,130
Fxyd3,4,9,4,5,11,7
Fxyd4,61,46,49,22,42,50
Fxyd5,764,1025,826,547,838,761
Fxyd6,1868,2063,1270,775,1625,1299
Fxyd7,2685,2808,1757,1390,2026,2044
Fyb,301,391,689,355,982,329
Fyb2,91,99,80,32,117,93
Fyco1,7706,9190,5620,4037,6740,6818
Fyn,2051,2858,1915,1586,2068,1617
Fyttd1,4609,5138,3726,2326,3996,4118
Fzd1,182,171,129,67,111,137
Fzd10,12,16,8,6,8,10
Fzd2,170,410,70,62,223,259
Fzd3,4087,4382,3960,1843,3087,3131
Fzd4,311,375,163,123,260,211
Fzd5,55,58,37,28,53,55
Fzd6,194,200,82,106,116,110
Fzd7,76,97,73,29,83,61
Fzd8,66,68,53,36,68,67
Fzd9,171,249,74,86,158,170
Fzr1,1709,1721,1121,833,1328,1272
G0s2,273,300,117,99,190,203
G2e3,1506,1773,1711,756,1381,1362
G3bp1,2094,1847,1790,984,1542,1561
G3bp2,5074,4417,3746,2192,3340,3322
G430049J08Rik,3,1,2,0,1,2
G430095P16Rik,12,12,7,10,14,5
G530012D18Rik,1,0,0,0,0,0
G630016G05Rik,256,313,225,169,239,236
G630018N14Rik,87,83,69,33,65,81
G630030J09Rik,30,41,28,8,25,31
G630064G18Rik,2,2,6,1,1,1
G630093K05Rik,7,11,9,1,15,8
G6pc,0,0,0,0,0,0
G6pc2,0,1,1,0,0,0
G6pc3,1877,1927,1135,867,1477,1355
G6pd2,0,0,0,0,0,0
G6pdx,659,763,474,305,572,596
G730003C15Rik,112,154,62,45,77,80
G730013B05Rik,3,6,0,1,1,9
G930009F23Rik,1,1,1,0,0,0
G930045G22Rik,0,0,0,0,0,0
Gaa,6238,5659,4610,2322,4875,4671
Gab1,708,823,762,385,807,694
Gab2,746,844,725,509,791,650
Gab3,242,284,194,144,219,184
Gabarap,1631,1724,928,671,1100,1065
Gabarapl1,2675,2612,1770,1278,1657,1698
Gabarapl2,2149,2306,1380,978,1611,1663
Gabbr1,15376,16680,15265,7305,13764,13036
Gabbr2,5505,6747,6237,3383,4079,3964
Gabpa,805,1099,989,444,857,858
Gabpb1,817,795,837,386,636,701
Gabpb2,2049,2142,2512,1032,1938,1898
Gabra1,14673,15528,10695,5854,10631,11395
Gabra2,6754,7469,5600,3416,5735,5943
Gabra3,2110,2136,1665,878,1650,1552
Gabra4,10751,12427,7862,4602,8200,8139
Gabra5,1449,1661,1078,717,995,1101
Gabra6,10,2,0,12,6,1
Gabrb1,13770,15433,10090,6367,10486,11760
Gabrb2,7749,8638,6807,3452,6441,6654
Gabrb3,15412,17958,12724,7378,11793,13530
Gabrd,5581,5639,3297,2287,3765,4005
Gabre,34,19,25,8,33,26
Gabrg1,1080,917,738,384,837,814
Gabrg2,7912,7997,5490,3312,5642,5737
Gabrg3,7653,8742,6588,3768,6624,7064
Gabrp,0,0,0,0,0,0
Gabrq,109,51,70,18,77,60
Gabrr1,3,2,0,0,0,2
Gabrr2,99,109,96,45,108,105
Gabrr3,3,1,7,3,1,3
Gad1,5371,5670,4951,2630,4245,4555
Gad1os,14,16,14,5,13,17
Gad2,4618,3371,3785,1519,2906,3448
Gadd45a,100,211,99,48,118,134
Gadd45b,624,607,317,118,304,355
Gadd45g,836,760,327,221,385,593
Gadd45gip1,789,883,486,426,569,648
Gadl1,18,12,10,10,11,16
Gak,2384,2411,2374,1283,2066,2076
Gal,104,69,24,5,63,17
Gal3st1,354,465,264,226,352,292
Gal3st2,4,0,2,0,2,0
Gal3st2b,1,3,0,0,1,1
Gal3st2c,1,1,2,0,4,0
Gal3st3,1373,1405,848,471,895,1012
Gal3st4,15,28,9,9,18,11
Galc,3079,3554,3023,1700,2617,2735
Gale,668,585,435,371,474,498
Galk1,828,844,467,403,599,646
Galk2,1168,1125,959,600,924,909
Galm,43,72,37,40,60,62
Galns,544,620,414,269,466,424
Galnt1,1560,1771,1328,843,1439,1415
Galnt10,275,328,341,214,365,268
Galnt11,5544,6411,5865,2855,4905,5305
Galnt12,336,396,311,182,340,303
Galnt13,4064,4095,3273,1593,2974,3351
Galnt14,1633,1915,1399,934,1404,1464
Galnt15,18,11,30,4,24,17
Galnt16,2827,3162,2218,1214,2375,2741
Galnt17,3382,3594,2968,1761,2890,2927
Galnt18,3366,4053,2687,1654,2980,3263
Galnt2,2262,2744,2203,1131,1804,2061
Galnt3,288,323,271,156,262,235
Galnt4,64,57,57,32,39,43
Galnt5,2,3,2,3,3,2
Galnt6,719,677,647,356,662,541
Galnt6os,7,3,0,2,2,3
Galnt7,1324,1404,1429,723,1219,1397
Galnt9,2106,2523,2460,1679,2414,3007
Galntl5,0,0,0,0,0,0
Galntl6,3360,3951,3280,1847,2895,3104
Galp,0,1,0,0,0,1
Galr1,86,24,86,5,52,42
Galr2,3,3,4,4,1,2
Galr3,9,13,3,2,6,4
Galt,2985,3035,1819,1696,2183,2250
Gamt,397,419,199,162,281,250
Gan,997,1176,1220,569,968,777
Ganab,2051,2022,1636,1001,1685,1530
Ganc,1135,1114,863,525,867,830
Gap43,2887,2868,2497,1390,2451,2384
Gapdh,18051,16898,10487,7068,10561,11156
Gapdhs,2,4,3,0,3,1
Gapt,2,0,2,2,4,1
Gapvd1,4352,4697,4794,2554,4119,3833
Gar1,442,605,366,279,385,410
Garem1,2232,3039,2025,1318,1941,2447
Garem2,40,63,30,22,46,55
Garnl3,7401,8536,7175,4493,6809,6269
Gars,2467,2718,2082,1235,2009,2116
Gart,1418,1626,1192,739,1291,1153
Gas1,331,391,153,128,238,235
Gas2,774,1098,638,449,675,681
Gas2l1,1624,1459,1011,739,1071,1065
Gas2l2,8,6,6,5,6,3
Gas2l3,128,115,143,73,147,71
Gas6,3626,4021,2729,1789,2849,2771
Gas7,4829,5024,5004,2634,3928,3786
Gas8,1704,1967,1362,996,1645,1611
Gast,2,0,2,0,2,3
Gata1,0,0,0,0,0,2
Gata2,5,12,4,11,18,10
Gata3,2,1,3,0,0,0
Gata4,0,0,0,0,0,0
Gata5,0,0,0,0,0,0
Gata5os,0,0,0,0,1,0
Gata6,0,4,1,0,0,0
Gatad1,531,600,591,283,446,425
Gatad2a,422,492,443,281,411,414
Gatad2b,5586,6892,4855,3272,5408,5461
Gatb,971,1065,774,525,780,736
Gatc,621,710,362,289,495,478
Gatd1,611,651,375,336,446,469
Gatm,4660,4698,3497,2274,4014,3376
Gatsl2,1828,2227,1929,906,1876,1846
Gatsl3,46,80,17,23,63,85
Gba,1076,1254,833,594,970,914
Gba2,3228,3353,2728,1565,2497,2921
Gbe1,502,638,399,278,454,474
Gbf1,4812,4996,4162,2487,4278,4156
Gbgt1,13,21,13,8,19,10
Gbp10,1,1,0,0,3,0
Gbp2,10,24,10,15,20,14
Gbp2b,0,0,0,0,0,0
Gbp3,8,19,15,22,30,18
Gbp4,6,10,5,6,20,5
Gbp5,11,27,13,9,33,20
Gbp6,8,11,2,4,10,5
Gbp7,70,92,59,45,87,62
Gbp8,2,6,5,0,6,7
Gbp9,28,32,47,18,69,20
Gbx1,44,45,25,13,31,38
Gbx2,6,5,2,1,6,3
Gc,1,2,1,0,0,0
Gca,1311,1581,1054,646,1016,1017
Gcat,99,93,66,50,97,70
Gcat-1,1,0,0,0,0,0
Gcc1,299,295,217,124,193,177
Gcc2,3625,3499,3822,1556,2943,3143
Gcdh,1613,1681,1182,859,1282,1353
Gcfc2,1390,1352,1309,669,1108,1017
Gcg,0,0,0,0,0,0
Gcgr,5,1,3,5,7,8
Gch1,15,31,22,12,41,12
Gchfr,2,3,0,0,2,1
Gck,79,49,51,21,46,47
Gckr,4,7,10,5,7,12
Gclc,1312,1306,1148,672,1135,1100
Gclm,1827,2200,1565,978,1480,1424
Gcm1,0,0,0,0,0,0
Gcm2,0,1,1,0,0,0
Gcn1l1,3155,3165,3397,1662,3134,2776
Gcnt1,55,101,78,73,126,48
Gcnt2,1835,2052,1429,700,1453,1512
Gcnt3,0,0,0,0,0,1
Gcnt4,377,465,273,200,269,307
Gcnt7,14,5,5,3,6,12
Gcom1,0,0,0,0,0,0
Gcsam,0,0,0,0,0,0
Gcsh,396,431,241,241,314,224
Gda,9215,8366,6392,2901,5196,5816
Gdap1,6732,7496,6075,3500,5746,5960
Gdap10,554,747,707,366,613,529
Gdap1l1,1115,1203,903,548,787,891
Gdap2,1246,1658,1396,721,1483,1346
Gde1,4062,4506,2792,1562,3018,2995
Gdf1,0,0,0,0,0,0
Gdf10,80,167,39,32,76,100
Gdf11,118,112,97,59,108,118
Gdf15,38,62,3,13,16,8
Gdf2,0,0,0,0,1,0
Gdf3,1,0,0,0,0,0
Gdf5,9,10,4,3,7,3
Gdf6,0,2,1,1,2,1
Gdf7,4,4,3,4,3,5
Gdf9,22,28,16,8,24,8
Gdi1,14272,11908,9698,6110,9831,11023
Gdi2,3964,4457,3580,2013,3577,3214
Gdnf,32,26,32,5,18,37
Gdpd1,2327,2408,1477,827,1675,1839
Gdpd2,372,335,269,145,277,342
Gdpd3,55,53,61,39,68,37
Gdpd4,1,4,2,1,0,4
Gdpd5,1363,1663,1361,698,1301,1374
Gdpgp1,544,488,301,183,342,316
Gem,52,133,68,25,81,99
Gemin2,836,901,493,324,525,594
Gemin4,65,94,24,41,45,45
Gemin5,1048,1070,952,543,948,855
Gemin6,321,303,162,126,208,235
Gemin7,527,530,358,270,336,330
Gemin8,184,181,158,95,144,135
Gen1,37,66,55,21,51,41
Get4,2234,2028,1281,1029,1430,1393
Gfap,167,264,269,460,900,197
Gfer,876,956,464,392,703,654
Gfi1,1,0,1,0,0,0
Gfi1b,0,0,0,1,0,0
Gfm1,1104,1139,929,643,942,931
Gfm2,2647,2887,2197,1612,2302,2234
Gfod1,1440,1581,2002,899,1590,1730
Gfod2,1090,1391,1187,558,1078,1064
Gfpt1,2829,3417,2541,1500,2701,2545
Gfpt2,434,411,365,188,317,275
Gfra1,1030,1078,856,403,878,913
Gfra2,1460,1823,1478,839,1112,1138
Gfra3,0,0,0,0,1,0
Gfra4,3978,4403,1912,2111,2622,2756
Gfral,1,2,0,0,2,0
Gfy,16,14,17,15,14,7
Gga1,1736,1635,1496,946,1392,1354
Gga2,2615,2803,2558,1231,2226,2391
Gga3,2570,2521,2233,1382,2094,2376
Ggact,246,304,193,148,215,183
Ggct,758,797,562,362,536,544
Ggcx,1267,1328,1133,616,1055,1047
Ggh,756,889,454,318,678,538
Ggn,7,9,12,9,13,13
Ggnbp1,308,349,252,193,346,249
Ggnbp2,8309,9591,7998,4349,7867,8230
Ggps1,5872,6493,3764,2894,4373,4530
Ggt1,20,27,13,14,40,18
Ggt5,34,58,45,21,82,49
Ggt6,4,8,1,1,4,1
Ggt7,7034,7832,5817,3596,6418,6814
Ggta1,71,116,68,36,107,63
Gh,0,0,0,0,0,0
Ghdc,348,316,246,191,271,265
Ghitm,3165,2676,2312,1199,1710,1876
Ghr,1522,1607,1175,700,1232,1246
Ghrh,5,0,0,0,1,0
Ghrhr,0,1,1,0,0,0
Ghrl,6,7,8,2,2,0
Ghsr,3,1,1,1,3,4
Gid4,1148,1354,799,600,973,880
Gid8,1302,1438,917,684,1045,1060
Gif,0,0,0,5,0,0
Gigyf1,2839,2560,2629,1469,2399,2144
Gigyf2,4129,4952,4915,2249,3850,3856
Gimap1,39,52,20,26,48,33
Gimap3,1,8,11,6,17,7
Gimap4,3,11,2,1,16,2
Gimap5,0,2,1,2,4,2
Gimap6,17,42,28,21,44,46
Gimap7,1,4,0,2,2,3
Gimap8,11,9,15,4,18,17
Gimap9,6,8,5,2,9,5
Gimd1,0,0,1,0,0,0
Gin1,2070,2548,1534,1170,1744,1732
Ginm1,1780,2183,1019,905,1353,1278
Gins1,22,18,22,7,25,18
Gins2,38,46,39,33,48,39
Gins3,219,260,165,113,216,165
Gins4,335,394,252,152,247,262
Gip,0,0,0,0,0,0
Gipc1,569,632,492,346,471,464
Gipc2,602,606,510,214,439,533
Gipc3,20,21,13,17,14,13
Gipr,198,209,221,169,218,182
Git1,1298,1070,1235,702,919,924
Git2,3479,3850,4286,2128,3945,3266
Gja1,1110,2246,576,506,1513,1303
Gja10,0,2,0,0,1,0
Gja3,4,8,3,1,5,2
Gja4,33,23,8,13,44,18
Gja5,11,8,4,4,11,5
Gja6,101,142,223,44,115,116
Gja8,0,0,0,0,0,1
Gjb1,420,467,320,191,420,314
Gjb2,92,233,36,40,131,113
Gjb3,4,1,4,0,4,5
Gjb4,0,0,0,0,0,0
Gjb5,0,0,0,0,0,0
Gjb6,438,1068,288,200,619,834
Gjc1,23,30,29,26,46,26
Gjc2,361,390,292,177,414,312
Gjc3,3978,4059,3403,1717,3880,3744
Gjd2,239,246,199,100,194,190
Gjd3,318,312,98,175,178,170
Gjd4,7,5,2,2,3,3
Gje1,0,0,0,0,0,0
Gk,1059,1350,1079,535,1060,1117
Gk2,1,2,2,2,0,0
Gk5,597,574,399,297,408,349
Gkap1,1109,1157,1071,595,985,999
Gkn1,3,2,2,8,1,1
Gkn2,0,0,0,7,0,0
Gkn3,3,4,2,3,23,5
Gla,357,444,294,147,361,279
Glb1,764,862,617,371,694,628
Glb1l,520,587,471,274,507,456
Glb1l2,42,32,21,13,21,35
Glb1l3,0,0,0,1,0,0
Glcci1,1815,2642,1773,961,1667,1705
Glce,2328,2208,1818,903,1564,1595
Gldc,215,461,98,133,228,270
Gldn,96,46,57,23,43,45
Gldnos,0,0,0,0,0,0
Gle1,3714,3846,2516,1889,2968,2648
Glg1,10519,10598,8722,4169,8209,8052
Gli1,24,50,11,14,34,31
Gli2,67,155,43,34,65,131
Gli3,773,1346,492,332,729,860
Glipr1,72,86,62,47,73,71
Glipr1l1,5,7,2,0,5,5
Glipr1l2,0,0,0,0,0,0
Glipr1l3,17,20,9,5,7,9
Glipr2,21,31,12,11,25,31
Glis1,398,421,236,217,299,272
Glis2,374,441,310,203,318,343
Glis3,236,327,204,107,186,239
Glmn,2394,2483,2287,1189,2079,2265
Glmp,1132,1346,737,456,1075,994
Glo1,824,1016,656,457,771,723
Glod4,904,950,756,453,768,674
Glod5,4,8,1,4,5,5
Glp1r,10,9,13,1,5,7
Glp2r,54,46,43,32,23,60
Glra1,44,36,47,6,27,38
Glra2,603,566,337,238,450,421
Glra3,1277,1268,756,451,888,861
Glra4,12,5,7,3,3,9
Glrb,9941,10833,6354,4509,7135,7264
Glrp1,38,48,55,49,111,29
Glrx,627,628,434,256,413,410
Glrx2,3359,4223,3530,1853,2918,2968
Glrx3,2376,2891,1944,1429,2287,2089
Glrx5,734,786,508,379,459,495
Gls,14293,17428,17679,8815,13413,12850
Gls2,1408,1675,1306,855,1320,1402
Glt1d1,1480,1418,1276,865,1193,1120
Glt28d2,18,35,31,15,18,18
Glt6d1,0,0,0,0,0,0
Glt8d1,5519,6731,4043,3144,4890,4519
Glt8d2,436,489,449,211,296,398
Gltp,411,432,319,219,352,290
Gltpd2,0,3,1,0,2,0
Glud1,3786,4840,2616,1832,3294,3388
Glul,4935,8758,3692,3014,6222,7024
Glyat,2,0,0,1,1,1
Glyatl3,0,0,2,0,0,1
Glycam1,1,4,3,2,5,0
Glyctk,76,57,45,18,37,40
Glyr1,4122,4124,3751,2151,3369,3227
Gm10010,629,622,541,319,407,479
Gm10024,0,0,1,0,0,0
Gm10031,626,647,513,376,559,650
Gm10032,3,2,4,1,5,1
Gm10036,9,18,18,8,9,6
Gm10037,252,358,212,155,266,263
Gm10053,46,86,36,29,39,50
Gm10057,0,0,0,0,0,0
Gm10058,0,0,0,0,0,0
Gm10061,0,0,0,0,0,0
Gm10062,13,8,8,6,10,8
Gm10065,4,2,2,3,0,2
Gm10067,1,5,6,2,2,2
Gm10069,128,142,136,58,160,172
Gm10073,16,22,18,14,13,9
Gm10076,2892,3326,1814,2138,2562,1891
Gm10093,6,3,3,4,6,6
Gm10096,0,0,0,0,0,0
Gm10097,41,39,34,18,46,44
Gm10100,3,2,2,0,0,2
Gm10112,0,0,0,0,0,0
Gm10113,0,1,0,0,1,2
Gm10118,343,406,461,208,240,302
Gm10128,0,0,0,0,0,0
Gm10130,24,18,13,14,10,18
Gm10131,5,0,2,3,9,3
Gm10134,2,0,4,2,1,6
Gm10135,0,0,0,2,2,2
Gm10138,510,509,282,268,379,382
Gm10139,0,0,0,0,0,0
Gm10142,1,0,0,1,0,0
Gm10147,0,0,0,0,0,0
Gm10153,0,1,0,0,0,0
Gm10160,0,2,0,0,0,0
Gm10165,6,3,7,0,8,2
Gm10181,0,0,0,0,0,0
Gm10184,5,3,0,0,1,4
Gm10188,2,2,1,0,2,0
Gm10190,111,106,35,38,74,71
Gm10192,0,0,0,0,0,0
Gm10197,4,8,2,6,4,7
Gm10198,0,0,0,0,0,0
Gm10203,0,0,0,0,0,0
Gm10217,0,0,0,0,0,0
Gm10220,24,21,15,21,18,30
Gm10226,9,9,12,1,6,7
Gm10228,0,0,0,0,0,0
Gm10229,0,0,0,0,0,0
Gm10230,0,0,0,0,0,0
Gm10234,0,0,0,0,0,0
Gm10244,153,147,47,95,106,95
Gm10248,8,10,5,3,4,13
Gm10251,0,0,0,0,0,1
Gm10256,0,0,0,0,0,0
Gm10260,17,26,22,13,22,24
Gm10267,0,0,0,0,0,0
Gm10269,37,37,26,26,32,22
Gm10271,0,0,0,0,0,0
Gm10272,0,1,0,0,1,1
Gm10273,26,27,10,17,18,17
Gm10277,33,24,26,19,22,20
Gm10280,4,1,0,0,2,0
Gm10282,95,104,53,42,64,66
Gm10283,0,0,0,0,0,0
Gm10287,153,183,312,86,170,165
Gm10295,1,2,1,0,0,0
Gm10300,5,10,2,4,2,8
Gm10306,20,44,7,21,20,23
Gm10308,141,156,51,59,112,136
Gm10309,7,5,3,4,6,9
Gm10310,0,0,0,0,0,0
Gm10318,4,3,6,0,5,5
Gm10320,0,2,0,0,1,0
Gm10322,3,0,1,1,1,0
Gm10324,0,0,0,0,0,0
Gm10330,3,1,0,0,0,1
Gm10334,8,13,7,6,11,7
Gm10337,7,5,0,1,3,3
Gm10338,0,0,0,0,0,0
Gm10339,3,1,1,0,0,0
Gm10340,0,0,0,0,0,0
Gm10352,0,0,0,0,0,0
Gm10353,29,36,26,24,23,22
Gm10354,0,0,0,0,0,0
Gm10358,2,3,4,3,2,3
Gm10360,0,0,0,0,0,0
Gm10366,12,9,2,3,2,5
Gm10369,3,2,2,6,8,1
Gm10371,6,9,3,1,9,8
Gm10373,23,34,14,10,20,21
Gm10375,0,0,0,0,0,0
Gm10376,0,0,0,0,0,0
Gm10377,0,0,0,0,0,0
Gm10378,0,0,0,0,0,0
Gm10382,57,59,22,30,47,29
Gm10384,10,18,12,13,20,4
Gm10385,37,46,12,16,28,31
Gm10389,7,8,2,5,4,6
Gm10390,9,13,2,8,11,17
Gm10392,3,4,3,2,6,3
Gm10398,0,0,1,0,1,0
Gm10399,38,46,21,18,17,25
Gm10401,45,42,15,18,28,27
Gm10406,80,70,40,48,60,57
Gm10408,0,0,1,0,0,0
Gm10409,3,7,2,2,4,1
Gm10413,0,0,0,0,0,1
Gm10415,0,0,0,0,1,0
Gm10419,5861,5585,6172,3247,4677,4555
Gm10424,0,0,0,0,0,0
Gm10425,2,5,0,0,1,1
Gm10428,1,1,1,0,1,0
Gm10435,12,8,12,6,14,12
Gm10436,0,0,0,0,0,0
Gm10439,0,0,0,0,0,0
Gm10440,25,10,18,6,13,10
Gm10441,0,0,0,0,0,0
Gm10445,0,0,0,0,0,0
Gm10447,1,3,2,1,5,4
Gm10451,82,76,60,33,41,55
Gm10457,0,1,3,2,1,6
Gm10465,0,1,3,0,1,1
Gm10466,0,1,0,0,0,0
Gm10471,4,5,8,4,5,8
Gm10475,7,11,6,4,5,8
Gm10477,0,0,0,0,0,0
Gm10479,2,6,5,3,3,3
Gm10482,0,0,0,0,0,0
Gm10486,0,0,0,0,0,0
Gm10487,0,0,0,0,0,0
Gm10488,0,0,0,0,0,0
Gm10489,44,72,50,30,39,39
Gm10490,1,0,1,0,1,0
Gm10491,0,0,0,0,0,0
Gm10501,860,1063,372,364,570,570
Gm10509,4,7,11,5,4,5
Gm10516,164,216,211,119,193,148
Gm10518,5,5,3,7,7,4
Gm10521,4,5,13,6,13,4
Gm10522,0,0,0,0,0,0
Gm10532,25,29,19,14,27,35
Gm10535,0,2,1,0,1,0
Gm10538,30,34,24,21,29,35
Gm10542,0,0,0,0,0,0
Gm10545,275,230,181,155,181,166
Gm10549,7,9,3,5,7,5
Gm10550,10,11,5,7,8,13
Gm10552,0,0,2,0,1,0
Gm10553,0,0,0,0,0,0
Gm10556,1,0,1,0,0,0
Gm10558,11,17,8,9,11,27
Gm10561,192,286,51,115,185,165
Gm10563,0,0,0,0,0,0
Gm10564,6,11,5,7,3,5
Gm10570,453,436,154,237,200,163
Gm10577,0,0,0,0,0,0
Gm10578,0,0,0,1,0,0
Gm10584,26,21,6,4,13,15
Gm10591,0,0,0,0,0,0
Gm10593,35,20,33,18,24,31
Gm10600,1740,1719,2111,1403,1614,1333
Gm10602,73,97,47,51,64,37
Gm10603,36,19,15,16,24,16
Gm10604,2,5,4,5,3,6
Gm10605,234,219,110,84,141,126
Gm10610,12,5,3,5,4,2
Gm10612,0,0,1,0,0,0
Gm10619,1,0,0,0,0,0
Gm10629,62,92,53,30,58,70
Gm10631,0,0,0,0,0,0
Gm10634,40,32,32,27,34,32
Gm10635,87,141,83,62,87,76
Gm10636,1,1,0,0,0,0
Gm10637,1,2,0,0,0,1
Gm10638,121,192,60,53,70,98
Gm10639,0,0,0,1,0,1
Gm10640,1,3,0,0,0,1
Gm10642,123,124,86,90,91,100
Gm10643,13,16,14,4,6,13
Gm10644,61,56,51,34,57,65
Gm10645,135,173,96,85,124,128
Gm10646,1,0,4,0,3,0
Gm10647,54,68,46,34,63,47
Gm10648,8,7,7,2,7,10
Gm10655,2,0,0,1,1,3
Gm10658,46,61,48,26,53,73
Gm10660,0,0,0,0,1,0
Gm10662,0,0,0,0,0,0
Gm10663,0,0,0,0,0,0
Gm10665,0,0,0,0,0,0
Gm10666,0,0,0,0,0,0
Gm10668,0,0,0,0,0,0
Gm10670,0,0,0,0,0,0
Gm10680,0,0,0,0,0,0
Gm10681,0,0,0,2,0,1
Gm10684,3,8,4,0,3,10
Gm10685,10,14,6,7,13,7
Gm10687,121,70,54,71,71,50
Gm10688,1,0,3,2,0,2
Gm10696,0,0,0,0,0,0
Gm10697,0,0,0,0,0,0
Gm1070,0,2,2,0,2,0
Gm10701,77,76,26,32,53,38
Gm10706,9,14,5,6,5,14
Gm10710,25,26,16,8,31,17
Gm10714,1,3,0,1,7,6
Gm10715,0,0,0,0,0,0
Gm10717,0,1,0,0,0,0
Gm10718,0,0,0,1,0,0
Gm10719,0,0,1,0,0,0
Gm10720,0,0,0,0,0,0
Gm10721,0,1,0,0,0,0
Gm10722,0,0,0,0,0,0
Gm10732,0,0,0,0,0,0
Gm10734,8,4,2,4,4,6
Gm10739,0,0,0,0,0,0
Gm10745,0,0,0,0,0,0
Gm10747,0,0,0,0,1,0
Gm10750,0,0,1,0,0,0
Gm10754,1780,1954,1053,662,1206,1606
Gm10762,127,182,36,62,105,96
Gm10767,181,166,91,95,120,133
Gm10770,0,0,0,0,0,0
Gm10772,0,0,0,0,0,0
Gm10775,5,7,7,2,3,6
Gm10778,121,126,83,58,87,78
Gm10782,0,1,0,1,1,0
Gm10785,319,373,166,128,190,233
Gm10787,21,13,4,5,4,4
Gm10791,55,59,33,40,44,42
Gm10799,0,0,0,0,0,0
Gm10800,8,6,3,3,7,7
Gm10801,0,0,0,1,0,1
Gm10803,0,0,0,0,0,0
Gm10804,1,0,0,0,0,0
Gm10814,361,330,187,176,178,169
Gm10822,8,10,4,3,3,3
Gm10824,0,0,0,0,0,0
Gm10825,13,16,21,3,13,13
Gm10827,833,947,538,461,664,579
Gm10830,0,1,0,0,0,0
Gm10837,10,6,4,4,9,6
Gm10840,0,1,1,0,1,0
Gm10842,0,0,0,0,0,0
Gm10845,4,2,5,6,6,6
Gm10847,11,4,3,4,3,3
Gm10848,61,49,49,34,38,67
Gm10851,2,2,5,2,7,9
Gm10857,0,0,0,0,0,0
Gm10860,0,0,1,0,0,0
Gm10873,1,0,0,0,0,0
Gm10874,8,6,8,3,5,6
Gm10876,0,1,0,0,2,0
Gm10912,6,4,5,3,3,3
Gm10931,92,89,182,57,70,62
Gm10944,0,0,0,0,0,0
Gm10945,0,0,0,0,0,0
Gm10959,0,0,0,0,0,0
Gm10961,0,0,0,0,0,0
Gm10964,0,0,0,0,0,0
Gm10972,0,0,0,0,0,0
Gm10974,0,0,0,0,0,0
Gm10985,0,0,0,0,0,0
Gm10999,0,0,0,0,0,0
Gm11007,0,0,0,0,1,0
Gm11008,14,9,25,13,18,15
Gm11009,2,0,0,0,1,0
Gm11011,0,0,0,0,0,0
Gm11020,0,0,0,0,0,0
Gm11027,0,0,0,0,0,0
Gm11032,0,0,1,0,1,0
Gm11033,0,0,0,0,0,0
Gm11034,0,0,0,0,0,0
Gm11037,0,0,0,0,0,0
Gm11042,0,0,0,0,0,0
Gm11060,0,0,0,0,0,0
Gm11077,0,0,0,0,0,0
Gm11084,0,0,0,0,0,0
Gm11096,0,0,0,0,0,0
Gm11099,0,0,0,0,0,0
Gm1110,1,0,1,0,2,2
Gm11110,20,13,6,12,8,8
Gm11111,0,0,0,0,0,0
Gm11114,0,0,0,0,0,0
Gm11115,0,0,0,0,0,0
Gm11116,0,0,0,0,0,0
Gm11127,6,14,14,22,14,14
Gm1113,1,0,0,0,0,0
Gm11131,0,0,0,3,0,0
Gm11146,0,0,0,0,0,0
Gm11149,33,45,23,20,36,33
Gm11168,1,0,0,0,0,0
Gm11172,0,0,0,0,0,0
Gm11175,306,538,187,248,256,251
Gm11184,0,0,0,0,0,0
Gm11186,3,3,1,0,2,0
Gm11190,9,12,13,8,14,8
Gm11192,0,0,0,0,0,0
Gm11195,0,0,0,0,0,0
Gm11201,0,3,0,1,5,0
Gm11205,0,2,0,0,1,0
Gm11209,0,0,0,0,0,0
Gm11210,1,1,0,0,0,0
Gm11211,10,9,3,8,6,10
Gm11213,0,0,0,0,0,0
Gm11214,0,0,1,0,0,0
Gm11216,0,0,0,0,0,0
Gm11217,0,0,0,0,0,0
Gm11228,0,0,0,0,0,0
Gm1123,3,1,2,1,2,2
Gm11232,0,0,0,0,0,0
Gm11234,0,0,0,0,0,0
Gm11236,0,0,0,0,0,0
Gm11237,0,0,0,0,0,0
Gm11238,0,0,0,0,0,0
Gm11239,0,0,0,0,0,0
Gm11250,16,9,6,4,10,6
Gm11261,0,2,3,1,2,2
Gm11264,13,22,2,1,7,7
Gm11266,199,339,94,115,163,208
Gm11269,1,0,1,1,2,0
Gm11273,16,17,4,6,16,10
Gm11274,0,2,2,0,4,2
Gm11290,2,0,0,1,0,2
Gm11300,0,0,0,0,0,0
Gm11309,0,0,0,0,0,0
Gm11314,0,0,0,0,0,0
Gm11335,6,9,0,1,4,2
Gm11337,0,0,0,0,0,0
Gm11339,0,0,0,0,0,0
Gm11342,0,2,2,0,0,0
Gm11351,2,1,0,0,0,0
Gm11361,6,1,1,1,1,1
Gm11365,0,0,0,0,0,1
Gm11368,4,3,4,2,8,2
Gm11373,4,2,3,0,2,2
Gm11376,0,0,0,0,0,0
Gm11377,0,0,0,0,0,0
Gm11378,1,0,0,0,0,1
Gm11379,4,14,1,0,5,6
Gm11381,0,0,0,0,0,0
Gm11397,0,0,0,0,0,0
Gm11399,0,0,0,1,0,1
Gm1140,0,0,0,0,0,0
Gm1141,18,11,13,11,11,14
Gm11412,2,0,1,1,1,1
Gm11413,0,5,4,3,6,2
Gm11415,0,0,0,0,0,0
Gm11417,8,8,2,3,5,4
Gm11418,0,0,1,1,0,1
Gm11419,6,8,18,8,10,7
Gm11423,43,50,23,34,43,28
Gm11426,0,0,0,0,0,0
Gm11431,3,0,1,0,3,0
Gm11437,1,2,2,3,1,0
Gm11444,0,0,0,0,0,0
Gm11454,5,4,2,1,4,3
Gm11455,21,19,34,10,18,17
Gm11457,20,10,7,12,13,14
Gm11464,15,5,5,1,12,12
Gm11465,34,32,20,15,22,34
Gm11466,0,0,0,0,0,0
Gm11467,0,0,0,0,0,0
Gm11468,5,6,4,0,4,5
Gm11479,0,2,1,2,1,0
Gm11482,1,0,0,1,1,1
Gm11487,0,0,0,0,0,0
Gm11491,21,19,5,10,17,20
Gm11492,14,19,8,12,7,11
Gm11493,0,0,0,0,0,0
Gm11494,0,0,0,0,0,0
Gm11496,1,0,0,0,1,0
Gm11497,0,0,0,0,0,0
Gm11505,0,0,0,1,0,0
Gm11508,13,7,7,4,8,9
Gm11513,15,13,10,5,11,8
Gm11515,0,0,0,0,2,0
Gm11520,4,10,9,2,5,7
Gm11521,2,2,1,2,0,1
Gm11525,11,7,12,6,4,8
Gm11527,3,6,1,3,0,0
Gm11528,0,0,0,0,0,0
Gm11534,1,1,0,1,2,0
Gm11535,0,0,0,0,0,0
Gm11536,0,0,0,0,0,0
Gm11537,0,1,1,1,2,0
Gm11541,1,2,0,0,0,3
Gm11548,0,0,0,0,0,1
Gm11549,528,560,438,290,413,442
Gm11551,0,0,0,0,0,0
Gm11554,0,0,0,0,0,0
Gm11555,0,0,0,0,0,0
Gm11559,0,0,0,0,0,0
Gm11562,0,0,0,0,0,0
Gm11563,0,0,0,0,0,0
Gm11564,0,0,0,0,0,0
Gm11565,0,0,0,0,0,0
Gm11567,0,0,0,0,0,0
Gm11568,0,0,0,0,0,0
Gm11569,0,0,0,0,0,0
Gm11571,0,0,0,0,0,0
Gm11579,0,0,1,0,1,0
Gm11583,15,13,5,5,3,12
Gm11586,1,2,0,1,0,0
Gm11587,0,1,1,0,3,1
Gm11588,0,0,1,0,1,0
Gm11592,33,27,17,15,19,19
Gm11595,0,0,0,0,0,0
Gm11596,0,0,0,0,0,0
Gm11608,0,0,0,0,0,1
Gm11614,1,1,0,0,0,2
Gm11615,4,2,1,1,1,1
Gm11626,1,1,0,1,0,1
Gm11627,19,45,7,10,34,43
Gm11630,1,2,0,0,1,0
Gm11634,1,0,1,0,0,1
Gm11635,0,0,0,0,0,0
Gm11636,1,1,1,0,3,3
Gm11639,184,259,278,116,164,165
Gm11640,0,0,0,0,0,0
Gm11646,12,2,2,9,3,6
Gm11651,1,2,0,0,0,0
Gm11655,11,7,3,2,8,10
Gm11657,0,0,1,0,0,0
Gm11659,0,0,1,0,0,0
Gm11665,0,0,0,0,0,0
Gm11670,14,14,10,6,16,10
Gm11672,3,2,0,1,3,1
Gm11674,1,2,2,0,1,0
Gm11680,6,6,1,4,1,2
Gm11681,5,11,4,3,8,3
Gm11682,1,0,1,0,1,0
Gm11683,0,0,0,0,0,0
Gm11684,0,0,0,0,0,0
Gm11685,0,3,1,1,0,3
Gm11690,0,1,0,0,0,0
Gm11691,0,0,0,1,0,0
Gm11695,0,0,2,0,0,0
Gm11696,133,125,103,90,118,76
Gm11697,0,0,0,0,1,0
Gm11706,0,1,0,0,0,0
Gm11707,0,1,2,0,1,0
Gm11712,0,0,0,0,0,0
Gm11713,3,1,5,0,2,5
Gm11715,1,4,3,4,9,1
Gm11716,1,1,0,0,0,1
Gm11723,1,1,0,0,1,1
Gm11724,14,9,5,1,8,9
Gm11725,55,51,51,38,45,48
Gm11728,7,2,3,1,5,4
Gm11729,3,4,2,2,2,1
Gm11730,9,21,4,11,18,17
Gm11731,0,0,0,0,0,0
Gm11733,5,0,3,1,2,1
Gm11734,6,13,6,8,15,16
Gm11738,14,15,20,5,13,14
Gm11739,0,1,0,0,0,1
Gm11747,0,0,1,0,0,0
Gm11750,17,22,13,18,13,14
Gm11751,0,0,0,0,0,0
Gm11752,0,0,0,0,1,0
Gm11754,0,0,0,0,0,0
Gm11755,0,0,0,0,0,0
Gm11756,0,0,0,0,0,0
Gm11757,0,0,0,0,0,0
Gm11758,0,0,0,0,0,0
Gm11766,39,33,21,19,29,15
Gm11767,256,261,199,154,191,220
Gm11770,2,2,4,2,3,1
Gm11772,7,5,1,3,4,6
Gm11773,0,0,0,0,0,1
Gm11775,0,0,0,0,0,0
Gm11782,0,1,0,0,0,0
Gm11788,0,0,0,0,0,2
Gm11789,0,0,0,0,0,0
Gm11791,0,0,0,0,0,0
Gm11795,1,0,0,0,0,0
Gm11802,8,5,4,9,7,6
Gm11808,21,18,12,13,12,13
Gm11815,14,14,9,5,7,8
Gm11816,7,15,9,6,4,8
Gm11817,20,8,7,8,6,15
Gm11820,1,2,0,1,1,1
Gm11823,0,0,0,1,1,1
Gm11827,2,3,1,0,1,0
Gm11831,1,0,0,1,0,1
Gm11832,0,0,0,0,0,0
Gm11837,29,34,16,14,17,23
Gm11840,0,1,1,0,1,0
Gm11842,0,0,0,1,3,3
Gm11844,0,0,0,0,0,0
Gm11846,0,1,0,0,0,0
Gm11851,2,0,1,1,0,3
Gm11861,0,1,0,0,0,2
Gm11872,9,13,12,8,9,12
Gm11884,1,0,0,0,0,1
Gm11899,5,9,3,3,5,5
Gm11915,4,3,1,2,0,2
Gm11916,0,0,0,0,0,0
Gm11917,0,0,0,0,0,0
Gm11924,0,0,0,1,0,0
Gm11937,0,0,0,0,0,0
Gm11938,0,1,0,0,0,0
Gm11939,0,0,0,0,1,0
Gm11940,11,8,11,10,9,7
Gm11958,0,0,1,0,0,0
Gm11959,0,0,0,0,0,0
Gm11961,3,8,3,1,3,2
Gm11963,1,4,1,2,3,1
Gm11967,39,42,36,20,23,22
Gm11973,7,10,9,6,3,9
Gm11983,0,0,0,0,0,0
Gm11985,0,0,0,0,1,0
Gm11986,2,0,0,0,1,0
Gm11992,11,5,3,3,3,5
Gm11998,0,0,0,0,0,1
Gm12000,0,0,0,0,0,0
Gm12002,12,9,6,10,13,13
Gm12018,0,0,0,0,0,0
Gm12022,1,0,1,1,1,2
Gm12023,0,0,0,0,0,0
Gm12027,4,1,0,2,3,3
Gm12031,4,2,2,1,2,1
Gm12037,10,10,5,2,6,10
Gm12050,1,1,1,0,0,1
Gm12051,0,0,0,0,0,0
Gm12052,1,7,0,0,2,0
Gm12055,0,1,0,1,1,0
Gm12056,1,0,1,1,0,0
Gm12061,0,0,0,1,1,0
Gm12063,956,1139,671,514,804,865
Gm12064,0,0,0,0,0,2
Gm12065,0,0,0,0,0,0
Gm12066,0,0,0,1,0,0
Gm12068,0,0,1,0,0,0
Gm12069,4,6,0,0,1,0
Gm12081,0,1,0,0,0,1
Gm12082,0,0,0,0,0,0
Gm12088,1,0,0,1,0,0
Gm12089,50,63,62,24,57,43
Gm12092,20,14,7,13,12,6
Gm12107,0,1,0,0,0,0
Gm12108,7,2,4,3,2,2
Gm12111,0,0,0,0,0,0
Gm12114,0,0,0,0,0,0
Gm12116,4,2,4,0,5,4
Gm12117,10,8,17,4,6,10
Gm12119,0,4,0,0,3,4
Gm12120,0,1,0,0,0,0
Gm12121,0,0,0,0,0,0
Gm12126,3,2,1,1,1,0
Gm12127,0,1,1,0,0,1
Gm12128,1,2,0,0,2,4
Gm12130,0,1,2,0,1,1
Gm12132,0,0,0,0,0,0
Gm12144,15,10,5,3,5,8
Gm12145,0,0,0,0,0,0
Gm12146,0,0,0,1,0,0
Gm12147,0,0,0,0,0,0
Gm12148,0,0,0,0,0,0
Gm12150,0,0,0,0,0,0
Gm12153,12,11,5,7,9,7
Gm12154,0,0,0,0,0,0
Gm12158,7,8,12,0,10,12
Gm12159,0,0,0,0,0,0
Gm12160,0,0,0,0,0,0
Gm12162,0,0,0,0,0,0
Gm12166,25,31,27,17,36,19
Gm12167,0,0,0,0,1,0
Gm12169,0,0,0,0,0,0
Gm12171,1,3,0,0,0,0
Gm12184,18,14,11,13,7,14
Gm12185,2,2,0,0,5,1
Gm12195,0,0,0,0,0,0
Gm12199,0,0,0,0,0,0
Gm12200,0,0,1,0,0,0
Gm12204,1,4,1,4,1,1
Gm12205,0,0,0,0,0,0
Gm12207,15,18,21,7,11,22
Gm12212,40,30,14,23,20,19
Gm12214,3,8,5,1,2,2
Gm12216,752,824,524,386,610,532
Gm12223,0,2,0,0,3,1
Gm12224,7,7,1,4,11,7
Gm12227,7,4,6,4,4,5
Gm12236,0,0,0,0,0,0
Gm12239,7,14,12,6,10,9
Gm12243,17,19,14,17,19,11
Gm12246,0,1,3,0,0,1
Gm12248,2,0,1,0,3,0
Gm12249,0,0,0,0,0,0
Gm12253,0,0,0,0,0,0
Gm12256,1,6,2,1,0,1
Gm12257,1,0,0,0,0,0
Gm12258,2049,1944,1560,1004,1477,1504
Gm12259,0,0,0,0,1,0
Gm12264,9,5,7,1,7,8
Gm12265,8,6,4,4,6,9
Gm12272,1,0,1,0,1,0
Gm12273,2,1,2,0,0,1
Gm12278,17,23,11,12,14,22
Gm12279,604,614,287,302,447,378
Gm12280,0,0,0,0,0,0
Gm12289,3,2,1,3,3,3
Gm12290,0,1,0,1,0,0
Gm12292,0,0,0,0,0,0
Gm12295,8,13,8,7,8,9
Gm12298,0,0,0,0,0,0
Gm12301,12,10,4,3,5,10
Gm12315,0,0,2,0,2,0
Gm12316,0,2,1,1,1,0
Gm12319,19,25,12,11,14,22
Gm12320,0,0,0,0,0,0
Gm12324,13,12,14,6,20,10
Gm12325,0,0,0,0,0,0
Gm12326,107,61,32,42,55,54
Gm12333,1,0,1,2,2,4
Gm12336,0,0,0,0,0,0
Gm12343,0,0,0,0,0,0
Gm12347,0,0,0,0,0,0
Gm12349,0,0,0,0,0,0
Gm12352,1,3,0,1,0,3
Gm12353,5,11,7,3,3,4
Gm12354,0,0,0,0,0,0
Gm12355,20,10,13,10,12,18
Gm12359,72,99,41,27,63,49
Gm12364,0,0,0,0,0,0
Gm12371,252,244,108,117,116,104
Gm12374,0,0,3,1,1,0
Gm12381,0,0,0,0,0,0
Gm12394,17,17,14,6,13,21
Gm12395,143,206,245,127,219,157
Gm12405,0,1,2,1,0,1
Gm12406,0,3,0,0,2,2
Gm12408,14,11,7,3,12,10
Gm12410,0,0,0,0,0,0
Gm12414,0,0,1,0,0,0
Gm12415,1,0,0,0,0,1
Gm12426,0,0,0,0,0,0
Gm12434,0,2,0,0,0,1
Gm12436,0,0,0,0,0,0
Gm12440,0,0,0,1,0,0
Gm12446,0,0,0,0,0,0
Gm12454,45,53,34,20,39,40
Gm12462,5,5,0,1,2,0
Gm12472,0,0,0,0,0,0
Gm12473,11,13,5,7,8,13
Gm12474,0,0,0,0,1,0
Gm12478,0,0,0,0,0,0
Gm12480,2,4,2,0,3,2
Gm12484,0,0,0,0,0,0
Gm12493,0,0,0,0,0,0
Gm12496,0,2,2,0,1,4
Gm12498,0,0,0,0,0,0
Gm12500,17,22,10,13,15,10
Gm12505,0,0,0,0,0,0
Gm12506,0,0,1,0,0,0
Gm12510,1,0,0,0,0,0
Gm12511,3,2,2,2,1,2
Gm12514,0,0,0,0,0,0
Gm12519,0,1,0,0,0,0
Gm12523,4,6,2,1,3,4
Gm12524,1,2,2,1,1,3
Gm12525,17,11,11,6,11,11
Gm12530,6,5,17,6,13,4
Gm12531,3,0,2,2,2,2
Gm12532,13,21,2,6,7,12
Gm12534,0,0,0,1,0,0
Gm12536,74,62,45,39,32,51
Gm12542,0,1,1,0,0,0
Gm12569,0,0,0,0,0,0
Gm12576,343,283,273,178,235,285
Gm12580,0,0,0,1,0,0
Gm12589,0,0,0,0,0,0
Gm12590,0,0,0,0,0,0
Gm12596,0,1,1,0,0,0
Gm12600,4,5,3,1,3,2
Gm12606,0,0,0,0,0,0
Gm12629,0,0,0,0,0,0
Gm12631,15,8,9,3,9,12
Gm12637,0,0,0,0,0,0
Gm12648,0,0,0,0,0,0
Gm12649,0,0,0,3,0,1
Gm12660,0,0,0,0,0,0
Gm12665,0,0,0,0,0,0
Gm12666,0,0,0,0,0,0
Gm12668,0,0,0,0,0,0
Gm12670,3,0,0,0,0,0
Gm12678,0,0,0,0,1,0
Gm12679,0,0,0,0,0,0
Gm12681,0,0,0,1,1,1
Gm12682,0,0,0,0,0,0
Gm12688,0,1,0,0,0,0
Gm12689,105,105,105,57,90,80
Gm12690,0,0,0,0,0,0
Gm12694,0,0,0,0,0,0
Gm12695,0,0,0,0,0,0
Gm12702,0,0,0,0,0,0
Gm12705,3,2,1,1,0,2
Gm12708,7,4,4,4,2,1
Gm12709,41,34,21,26,30,31
Gm12711,0,0,0,0,0,0
Gm12714,1,0,0,0,0,1
Gm12718,0,1,0,0,0,0
Gm12728,0,0,0,0,0,0
Gm12729,0,0,0,0,0,0
Gm12730,0,0,0,0,0,0
Gm12735,22,15,18,7,12,20
Gm12744,0,0,2,0,2,0
Gm12746,0,0,1,0,0,1
Gm12753,1,0,0,0,0,0
Gm12756,1,3,7,1,9,2
Gm12758,131,166,99,56,107,132
Gm12762,12,16,6,10,12,10
Gm12763,0,0,0,0,0,0
Gm12764,6,7,4,3,8,4
Gm12766,0,0,1,0,0,0
Gm12781,0,1,0,0,0,0
Gm12784,4,5,2,5,6,5
Gm12786,2,1,2,1,0,3
Gm12789,1,0,0,0,0,0
Gm12790,0,0,0,0,0,0
Gm12794,0,0,0,0,0,0
Gm12796,0,0,0,0,0,0
Gm12798,4,5,5,2,2,7
Gm128,4,5,2,2,5,2
Gm12800,0,0,0,0,0,0
Gm12801,0,0,0,0,0,0
Gm12802,3,1,2,0,3,2
Gm12823,0,0,0,0,0,0
Gm12827,5,5,4,4,6,5
Gm12828,0,0,0,0,0,0
Gm12829,2,0,0,0,1,1
Gm12830,7,10,4,9,3,5
Gm12840,7,18,12,8,12,18
Gm12841,132,140,61,88,87,70
Gm12843,1,4,0,0,1,4
Gm12845,0,0,0,0,0,0
Gm12847,2,1,5,0,3,1
Gm12853,0,0,0,1,0,0
Gm12860,13,16,11,10,10,8
Gm12862,0,0,0,0,0,0
Gm12863,1,0,0,0,0,0
Gm12865,0,0,4,2,5,2
Gm12866,1,2,0,0,0,0
Gm12867,1,1,0,1,0,1
Gm12868,6,0,1,0,4,0
Gm12869,1,0,1,0,1,1
Gm12886,0,0,0,0,0,0
Gm12887,0,0,0,0,0,0
Gm12888,0,0,0,0,0,0
Gm12905,489,552,383,307,478,446
Gm12907,6,5,3,0,3,4
Gm12909,0,0,0,0,0,0
Gm12910,0,0,0,0,0,0
Gm12911,0,0,0,0,0,0
Gm12914,0,0,0,0,0,0
Gm12916,0,0,0,0,0,0
Gm12923,0,0,0,0,0,0
Gm12925,10,10,3,2,5,10
Gm12927,0,0,0,0,0,1
Gm12930,3,7,8,2,1,4
Gm12932,61,70,35,29,38,32
Gm12946,0,1,0,0,0,0
Gm12949,0,0,0,0,0,0
Gm12951,0,0,1,0,0,1
Gm12953,21,23,22,15,13,14
Gm12958,1,0,0,0,1,0
Gm12962,0,0,1,0,1,0
Gm12963,115,134,74,74,66,105
Gm12968,11,10,4,1,3,11
Gm12970,0,1,0,0,0,0
Gm12972,1,3,0,1,1,1
Gm12973,0,0,0,0,0,0
Gm12974,2,1,3,2,2,0
Gm12976,8,11,7,6,6,5
Gm12977,0,0,2,0,1,1
Gm12979,2,1,0,1,0,0
Gm12981,14,21,14,9,21,11
Gm12984,0,0,0,0,0,0
Gm12996,5,6,2,4,1,3
Gm12999,20,21,8,12,11,13
Gm13001,0,0,0,0,0,0
Gm13003,29,30,15,16,22,25
Gm13008,1,2,1,3,1,2
Gm13010,0,0,0,0,0,0
Gm13012,2,2,2,0,4,1
Gm13016,12,4,8,10,7,2
Gm13017,0,0,0,0,0,0
Gm13021,0,0,0,1,0,1
Gm13023,0,0,0,0,0,0
Gm13025,41,34,19,25,26,20
Gm13026,0,2,0,0,1,0
Gm13027,0,0,0,0,0,0
Gm13028,0,0,0,0,0,0
Gm13029,1,4,2,4,4,1
Gm13030,1,0,0,0,0,1
Gm13031,190,321,103,125,193,149
Gm13040,0,0,0,0,0,0
Gm13043,0,0,0,0,0,0
Gm13049,0,0,0,0,1,0
Gm13052,178,224,377,149,260,281
Gm13054,22,27,42,20,21,17
Gm13055,0,0,0,0,0,0
Gm13056,0,1,0,3,0,0
Gm13057,0,0,0,0,0,0
Gm13062,0,0,0,0,0,0
Gm13063,4,4,1,3,0,5
Gm13066,3,1,4,2,4,1
Gm13067,2,12,13,7,14,1
Gm13068,1,3,1,0,0,3
Gm13070,1,0,0,0,0,0
Gm13073,2,0,1,0,2,1
Gm13074,0,0,0,0,0,0
Gm13075,5,0,1,2,0,1
Gm13078,0,0,0,0,0,0
Gm13083,0,0,0,0,0,0
Gm13084,0,0,0,0,0,0
Gm13088,0,0,0,0,0,0
Gm13089,0,0,0,0,0,0
Gm13090,0,0,0,0,1,0
Gm13091,6,5,7,3,4,1
Gm13093,65,52,26,21,28,29
Gm13097,0,1,0,1,1,0
Gm13101,0,0,0,0,0,0
Gm13102,0,0,0,0,0,0
Gm13103,0,0,0,0,0,0
Gm13111,83,178,38,44,84,82
Gm13112,249,198,145,89,245,196
Gm13115,0,0,0,0,0,0
Gm13119,0,0,0,0,0,0
Gm13124,0,0,0,0,0,0
Gm13128,0,0,0,0,0,0
Gm13133,0,2,0,1,0,2
Gm13134,0,0,0,0,0,0
Gm13165,0,0,0,0,0,0
Gm13166,25,47,37,33,60,24
Gm13173,0,1,0,0,0,0
Gm13174,3,1,2,1,1,1
Gm13175,2,1,0,1,1,1
Gm13178,0,0,0,0,0,0
Gm13179,20,23,12,6,17,15
Gm13180,0,0,0,1,0,0
Gm13184,1,0,0,1,0,0
Gm13185,0,0,0,0,0,0
Gm13189,4,12,8,4,3,9
Gm13191,0,0,0,0,0,0
Gm13199,78,84,70,56,80,68
Gm13200,2,1,6,2,3,0
Gm13201,0,0,0,1,0,0
Gm13203,0,0,0,0,0,0
Gm13205,77,99,63,39,66,54
Gm13206,3,1,4,2,0,0
Gm13209,1,6,2,2,1,1
Gm13211,12,9,2,5,6,11
Gm13212,6,7,5,4,5,5
Gm13218,0,0,0,0,0,0
Gm13219,0,0,0,0,0,0
Gm1322,0,0,0,0,1,0
Gm13236,0,0,0,0,0,0
Gm13256,0,0,0,0,0,0
Gm13257,1,0,1,1,1,0
Gm13262,2,2,0,0,2,0
Gm13264,1,0,0,0,0,0
Gm13267,0,0,0,1,0,0
Gm13269,3,9,4,8,5,8
Gm13271,0,0,0,0,0,0
Gm13272,0,0,0,0,0,0
Gm13274,0,1,0,0,0,0
Gm13275,0,0,0,0,0,0
Gm13276,0,0,0,0,0,0
Gm13277,0,0,0,0,0,0
Gm13278,0,0,0,0,0,0
Gm13279,0,0,0,0,0,0
Gm13283,0,0,0,0,0,0
Gm13285,0,0,0,0,0,0
Gm13287,0,0,0,0,0,0
Gm13288,0,1,0,0,1,0
Gm13289,0,0,0,0,0,0
Gm13290,0,0,0,0,0,0
Gm13291,1,1,0,0,6,0
Gm13293,129,154,112,82,136,79
Gm13298,2,1,0,0,3,1
Gm13299,0,0,0,1,0,0
Gm1330,0,0,0,0,0,0
Gm13304,2,2,0,0,0,0
Gm13305,8,10,11,7,8,15
Gm13306,1234,1490,713,758,890,1181
Gm13307,109,122,94,68,105,115
Gm13322,302,580,122,112,284,323
Gm13324,1,0,0,0,0,1
Gm13327,44,67,36,35,44,46
Gm13330,0,0,0,0,0,0
Gm13335,4,2,3,0,3,4
Gm13344,1,0,0,0,1,0
Gm13346,1,0,0,0,0,0
Gm13348,0,0,0,0,0,0
Gm13362,8,5,2,2,8,1
Gm13371,1,1,0,0,1,0
Gm13373,5,7,9,4,0,5
Gm13375,193,204,102,114,112,114
Gm13376,0,0,0,0,0,0
Gm13381,1,0,0,0,1,0
Gm13383,2,3,1,0,2,1
Gm13387,3,10,5,1,6,4
Gm13388,1,0,1,0,2,0
Gm13389,13,16,15,19,17,6
Gm13391,16,17,48,12,58,8
Gm13393,0,0,0,0,0,0
Gm13398,4,6,4,1,3,5
Gm13402,0,0,0,0,0,1
Gm13403,29,30,36,15,30,23
Gm13404,29,19,15,9,15,36
Gm13405,1,1,0,3,1,1
Gm13411,0,0,0,0,0,0
Gm13412,0,0,0,0,0,0
Gm13417,0,0,0,0,0,0
Gm13420,63,54,31,30,28,24
Gm13425,3,1,1,0,1,2
Gm13427,5,7,7,2,6,5
Gm13431,3,3,2,7,6,5
Gm13441,0,0,0,0,0,0
Gm13442,2,3,0,0,1,2
Gm13449,0,0,0,0,0,1
Gm13465,0,0,0,0,0,0
Gm13467,0,0,0,0,0,0
Gm13470,1,0,0,0,0,0
Gm13479,14,15,17,11,24,9
Gm13480,1,2,2,3,1,0
Gm13481,12,20,12,8,8,14
Gm13483,134,220,122,92,140,144
Gm13485,4,0,2,0,0,4
Gm13490,1,0,0,1,1,0
Gm13496,18,10,3,4,6,6
Gm13497,4,0,0,0,1,2
Gm13499,3,0,1,0,2,0
Gm13522,13,21,12,8,19,10
Gm13523,24,18,10,16,17,12
Gm13524,205,374,233,147,205,208
Gm13528,4,0,0,0,4,0
Gm13530,34,52,30,25,31,31
Gm13536,7,13,8,6,9,8
Gm13539,0,0,0,0,0,0
Gm13544,4,8,0,1,0,3
Gm13546,0,0,0,0,0,1
Gm13547,2,1,3,1,1,1
Gm13553,0,0,0,1,0,0
Gm13554,3,3,1,2,1,0
Gm13556,39,29,9,13,14,19
Gm13561,55,81,43,51,38,52
Gm13563,180,271,147,148,190,245
Gm13564,1,0,0,1,1,1
Gm13565,0,0,1,1,0,0
Gm13569,8,6,4,6,12,3
Gm13571,6,1,0,3,4,2
Gm13572,29,22,16,5,21,14
Gm13575,0,0,0,0,0,0
Gm13580,0,0,0,0,0,0
Gm13582,1,2,0,2,0,0
Gm13583,0,0,0,0,0,0
Gm13584,1,0,0,3,1,2
Gm13589,43,32,31,14,40,32
Gm13594,12,26,5,13,9,13
Gm13595,7,4,2,1,0,3
Gm13596,1,1,2,1,0,0
Gm13598,0,0,0,0,0,0
Gm13599,0,0,0,0,0,0
Gm136,13,8,1,5,5,7
Gm13601,284,361,179,164,255,239
Gm13605,1,0,0,1,0,1
Gm13609,0,2,0,0,3,1
Gm13610,30,54,30,23,25,36
Gm13613,1,0,0,0,1,0
Gm13617,6,8,2,5,3,6
Gm13618,0,1,0,0,1,0
Gm13619,73,64,20,21,29,46
Gm13620,18,34,6,7,15,12
Gm13629,1672,1949,1111,957,1409,1554
Gm13632,5,8,9,4,9,14
Gm13647,0,0,0,1,0,0
Gm13652,3,1,3,0,0,1
Gm13656,0,0,0,0,0,1
Gm13658,0,0,0,0,0,0
Gm13660,0,1,0,1,0,0
Gm13661,44,59,40,23,42,43
Gm13667,0,0,0,0,0,0
Gm13686,0,0,0,0,0,0
Gm13691,0,0,0,0,0,0
Gm13693,0,0,0,0,0,0
Gm13694,0,0,0,0,0,0
Gm13695,0,0,0,0,0,0
Gm13696,0,0,0,0,0,0
Gm13697,0,0,0,0,0,0
Gm13698,0,0,0,0,0,0
Gm13703,0,2,0,0,2,0
Gm13707,2,4,1,3,1,1
Gm13708,1,0,1,0,0,0
Gm13709,6,13,0,6,5,10
Gm13710,14,16,13,14,11,6
Gm13713,11,9,2,6,3,5
Gm13715,3,1,1,1,2,1
Gm13716,8,14,9,2,3,7
Gm13723,0,0,0,0,0,0
Gm13746,0,0,0,0,0,0
Gm13748,0,0,0,0,0,0
Gm13749,34,41,21,22,20,29
Gm13752,0,0,1,0,0,1
Gm13757,0,0,0,0,0,0
Gm13762,0,0,0,1,0,0
Gm13769,0,0,0,0,0,0
Gm13780,0,0,1,0,0,0
Gm13781,0,0,0,0,0,1
Gm13782,0,0,0,0,0,0
Gm13790,0,0,0,0,0,0
Gm13793,0,0,0,0,0,0
Gm13794,0,0,0,0,0,0
Gm13799,0,0,0,0,0,0
Gm13802,0,0,0,0,0,0
Gm13807,0,0,0,0,0,0
Gm13814,10,11,1,8,6,4
Gm13816,4,6,0,1,3,2
Gm13817,0,0,0,0,0,0
Gm13822,0,0,0,0,3,0
Gm13830,815,1085,760,418,867,879
Gm13832,435,533,337,274,385,385
Gm13833,3,4,10,5,8,6
Gm13837,1,3,1,0,0,1
Gm13838,0,0,0,0,1,0
Gm13839,1,0,0,0,0,0
Gm13842,1,1,0,0,0,0
Gm13844,14,26,46,10,10,18
Gm13848,9,9,3,1,3,0
Gm13849,2,1,0,0,0,0
Gm13850,0,0,0,0,0,0
Gm13853,2,0,0,0,0,0
Gm13855,0,0,0,0,1,0
Gm13856,19,14,17,8,10,29
Gm13860,1,0,0,0,1,0
Gm13861,3,8,2,2,6,7
Gm13869,0,0,1,0,0,0
Gm13871,0,0,0,0,0,0
Gm13872,28,43,12,22,25,32
Gm13874,0,1,0,0,0,1
Gm13881,0,0,0,0,1,0
Gm13883,284,289,132,141,180,219
Gm13889,738,691,362,305,368,415
Gm13905,1,2,0,0,1,0
Gm13912,1,1,1,2,0,1
Gm13919,3,4,3,5,5,0
Gm13920,13,6,3,4,11,5
Gm13923,0,0,0,0,0,0
Gm13936,11,12,17,4,14,11
Gm13938,0,0,0,0,0,0
Gm13941,0,0,0,0,0,0
Gm13942,0,0,0,0,0,0
Gm13943,0,0,0,0,0,0
Gm13944,0,2,1,1,4,0
Gm13954,4,4,3,1,6,1
Gm13962,0,0,0,0,0,0
Gm13963,3,2,0,1,0,5
Gm13964,1,3,3,1,4,2
Gm13966,2,3,5,3,6,3
Gm13974,183,197,109,63,122,152
Gm13976,0,0,0,0,0,1
Gm13977,2,6,0,0,3,4
Gm13982,0,1,0,0,0,0
Gm13985,1,0,0,0,0,0
Gm13990,3,5,7,7,5,9
Gm13994,0,1,0,0,0,0
Gm13999,8,5,9,4,11,5
Gm14002,16,15,16,6,12,14
Gm14003,0,0,0,0,0,0
Gm14005,7,16,4,14,22,5
Gm14009,0,1,0,0,0,0
Gm14010,0,0,0,0,0,0
Gm14011,0,0,0,0,0,0
Gm14012,0,0,0,0,1,0
Gm14014,1,0,0,0,1,0
Gm14015,9,16,14,7,8,14
Gm14019,1,2,0,3,5,1
Gm14024,0,0,0,0,0,0
Gm14025,13,8,4,6,11,4
Gm14029,32,48,24,23,29,38
Gm14033,45,33,32,25,30,27
Gm14041,1,1,0,0,3,3
Gm14051,3,2,0,1,1,2
Gm14055,0,1,0,1,0,0
Gm14061,4,3,4,0,4,3
Gm14062,2,0,2,0,2,5
Gm14064,0,0,0,0,0,0
Gm14085,0,0,0,0,1,0
Gm14089,0,0,0,0,0,0
Gm14091,0,1,0,2,0,1
Gm14092,2,2,1,3,0,2
Gm14095,0,0,0,0,0,0
Gm14097,1,0,0,1,1,1
Gm14100,0,0,0,0,0,0
Gm14102,1,1,0,1,2,0
Gm14104,8,14,10,6,9,7
Gm14110,3,0,1,0,1,0
Gm14114,45,47,29,20,44,51
Gm14120,18,14,15,11,13,10
Gm14124,3,2,4,2,3,2
Gm14133,3,2,4,1,2,1
Gm14135,0,0,0,0,0,1
Gm14137,5,10,7,4,8,12
Gm14139,0,1,0,1,2,0
Gm14144,0,0,0,0,0,0
Gm14145,1,0,0,0,0,0
Gm14146,0,0,0,0,0,0
Gm14147,0,0,0,0,0,0
Gm14149,3,4,10,3,4,4
Gm14151,0,0,0,0,0,0
Gm14152,0,0,0,0,0,0
Gm14154,0,0,0,0,0,1
Gm14155,0,0,0,0,0,0
Gm14161,0,0,0,0,0,0
Gm14167,2,2,1,1,0,0
Gm14168,44,45,51,35,41,46
Gm14170,3,4,1,1,0,0
Gm14174,2,1,0,1,1,1
Gm14180,0,0,0,0,0,0
Gm14190,0,0,0,0,0,0
Gm14198,4,5,5,1,3,2
Gm14199,0,0,0,0,0,0
Gm14205,17,10,10,7,19,12
Gm14206,1,0,0,0,0,0
Gm14210,0,1,0,0,1,1
Gm14211,0,1,0,0,0,1
Gm14214,0,1,0,0,0,1
Gm14216,0,0,0,0,0,0
Gm14218,1,2,1,1,0,0
Gm14221,0,1,1,0,0,3
Gm14223,0,0,0,0,0,1
Gm14224,2,3,0,0,2,3
Gm14225,0,0,0,0,0,0
Gm14226,7,5,6,7,8,4
Gm14228,2,4,1,4,6,3
Gm14230,6,3,3,1,6,12
Gm14232,3,8,2,1,3,1
Gm14235,2,1,1,0,0,0
Gm14236,1,0,0,0,0,1
Gm14241,0,0,0,1,0,0
Gm14242,0,0,0,0,0,0
Gm14243,0,0,0,0,1,0
Gm14244,0,0,0,0,0,0
Gm14246,28,19,18,10,16,13
Gm14249,0,0,0,0,0,0
Gm14250,0,0,0,0,0,0
Gm14252,8,5,3,4,3,3
Gm14254,0,0,0,0,0,0
Gm14255,0,1,0,0,1,0
Gm14257,0,0,1,0,0,1
Gm14258,1,2,1,0,1,1
Gm14260,1,0,0,1,0,0
Gm14262,0,0,0,0,0,0
Gm14264,17,10,7,7,6,4
Gm14266,0,0,0,0,0,0
Gm14268,0,1,0,0,0,0
Gm14271,0,0,0,0,0,1
Gm14272,0,0,0,0,0,0
Gm14273,3,2,0,1,0,2
Gm14275,0,0,0,0,0,0
Gm14280,0,4,2,0,1,0
Gm14285,6,6,7,7,9,4
Gm14286,188,157,144,105,127,156
Gm14288,84,80,53,54,70,69
Gm14291,31,41,24,20,22,29
Gm14295,609,677,558,407,555,569
Gm14296,1629,1982,2579,1093,1827,1698
Gm14302,4,3,3,2,0,5
Gm14305,851,990,736,531,719,816
Gm14308,84,140,94,69,94,104
Gm14317,70,73,34,35,35,41
Gm14319,0,1,0,0,0,0
Gm14320,10,11,16,9,8,7
Gm14321,15,10,11,9,15,15
Gm14322,362,370,234,181,260,291
Gm14325,1246,1252,955,632,901,1033
Gm14326,1197,1339,1003,736,975,990
Gm14327,401,450,285,251,336,321
Gm14329,3,2,0,1,0,0
Gm14330,9,10,9,5,14,8
Gm14339,0,0,0,0,0,0
Gm14340,2,1,0,1,2,0
Gm14341,49,46,34,29,23,32
Gm14342,2,5,4,3,3,8
Gm14344,0,0,1,0,0,0
Gm14372,5,5,11,3,9,5
Gm14377,36,17,17,13,21,29
Gm14391,1018,1462,1385,818,1158,1119
Gm14393,39,54,66,35,47,44
Gm14396,0,0,0,0,0,0
Gm14397,0,0,1,2,0,1
Gm14399,1010,1066,997,589,869,959
Gm14401,4,4,2,5,5,8
Gm14403,162,147,121,75,146,120
Gm14406,16,12,19,8,8,7
Gm14408,1,1,1,0,0,0
Gm14409,2,4,0,2,3,2
Gm14410,835,980,699,565,739,694
Gm14412,186,180,200,133,148,143
Gm14418,186,231,180,113,186,218
Gm14419,216,147,162,125,169,180
Gm14424,0,0,0,1,0,0
Gm14426,1,0,1,0,0,0
Gm14434,4,4,1,1,1,1
Gm14435,210,203,176,115,154,157
Gm14437,0,0,0,0,0,0
Gm14440,14,19,15,18,15,13
Gm14443,884,1154,1284,535,923,808
Gm14444,20,18,24,10,14,17
Gm14453,0,0,0,0,0,0
Gm14455,233,276,157,139,200,200
Gm14459,0,0,0,0,0,0
Gm14461,6,2,1,2,1,2
Gm14486,13,13,8,6,10,8
Gm14487,1,1,0,0,3,2
Gm14493,65,64,49,26,46,42
Gm14496,0,0,0,0,0,0
Gm14505,0,0,1,0,0,0
Gm14507,3,3,2,1,1,0
Gm14508,3,6,9,3,7,5
Gm14525,0,0,0,0,0,0
Gm14532,78,73,68,45,62,79
Gm14540,12,16,10,15,16,11
Gm14546,32,46,26,17,30,20
Gm14547,0,0,0,0,0,0
Gm14548,0,1,1,0,0,0
Gm14549,1,0,3,0,0,1
Gm14552,0,0,0,0,0,0
Gm14553,0,0,0,0,0,0
Gm14565,0,0,0,0,0,0
Gm14569,12,15,3,0,6,8
Gm14573,7,4,2,1,2,6
Gm14582,1,0,0,2,0,1
Gm14597,0,0,0,0,0,2
Gm14616,0,0,0,0,0,0
Gm14618,0,0,0,0,0,0
Gm14632,0,0,0,0,0,0
Gm14635,0,0,0,0,0,0
Gm14637,30,27,21,21,18,23
Gm14640,0,0,0,0,0,0
Gm14641,0,0,0,0,0,0
Gm14642,0,0,0,0,0,0
Gm14661,0,1,0,0,0,0
Gm14662,3,2,0,0,8,5
Gm14664,1,0,0,0,0,0
Gm14684,0,0,0,0,0,0
Gm14685,2,2,1,0,0,1
Gm14692,0,0,0,0,0,0
Gm14696,0,0,0,0,0,0
Gm14697,0,0,0,0,0,0
Gm14698,36,29,28,16,31,26
Gm14703,466,602,295,291,400,455
Gm14705,1,4,0,1,0,2
Gm14707,0,0,0,0,0,0
Gm14715,0,0,0,0,0,0
Gm14717,1,0,0,0,0,0
Gm14718,0,0,1,0,0,0
Gm14742,0,0,0,0,0,0
Gm14743,0,0,0,0,0,0
Gm14744,0,0,0,0,0,0
Gm14762,7,11,9,8,11,7
Gm14764,0,0,0,0,0,0
Gm14773,0,0,0,0,0,0
Gm14781,0,0,0,0,0,0
Gm14798,9,9,1,3,6,5
Gm14808,1,0,0,0,1,0
Gm14809,0,0,0,0,0,0
Gm14812,0,1,0,0,0,1
Gm14819,0,0,0,0,0,0
Gm14820,5,7,0,4,3,2
Gm14827,730,581,844,330,485,527
Gm14851,0,0,0,0,0,0
Gm14862,2,3,2,5,4,5
Gm14902,1,1,0,1,1,1
Gm14929,0,0,0,0,0,0
Gm14936,1,0,1,0,0,0
Gm14950,0,0,0,0,0,0
Gm14951,1,2,1,1,0,0
Gm14964,112,187,48,53,119,121
Gm14966,169,201,119,91,138,120
Gm14967,1,3,0,1,0,0
Gm14968,0,0,0,0,0,0
Gm14974,0,0,0,0,0,0
Gm14978,0,0,0,0,0,0
Gm15008,0,1,0,1,1,0
Gm15013,2,0,0,0,0,0
Gm15023,0,0,0,0,0,0
Gm15046,0,1,0,1,1,1
Gm15050,0,0,0,0,0,0
Gm15056,0,0,0,0,0,0
Gm15063,17,16,4,7,10,9
Gm15080,0,0,0,0,0,0
Gm15082,6,6,7,3,6,7
Gm15083,2,4,3,1,0,0
Gm15085,0,0,0,0,0,0
Gm15086,0,0,0,0,0,0
Gm15091,0,0,0,0,0,0
Gm15092,0,0,0,0,0,0
Gm15093,0,0,0,0,0,0
Gm15097,0,0,0,0,0,0
Gm15099,0,0,0,0,0,0
Gm15100,0,0,0,0,0,0
Gm15104,3,1,2,4,4,0
Gm15107,0,0,0,0,0,0
Gm15114,0,0,0,0,0,0
Gm15122,10,4,5,5,6,5
Gm15123,0,0,0,0,0,0
Gm15124,21,16,12,15,19,14
Gm15127,0,0,0,0,0,0
Gm15128,0,0,0,0,0,0
Gm15130,0,0,0,0,0,0
Gm15133,0,1,0,0,2,0
Gm15138,63,54,60,23,50,49
Gm15140,0,0,0,0,0,0
Gm15155,490,643,443,265,449,439
Gm15156,6,10,1,3,8,4
Gm15169,68,35,28,22,30,30
Gm15178,7,5,0,0,8,8
Gm15179,3,2,0,0,1,0
Gm15199,0,0,0,0,0,0
Gm15200,14,5,2,4,5,6
Gm15202,5,4,2,6,6,6
Gm15205,0,1,1,0,0,0
Gm15208,0,2,0,1,0,0
Gm15217,0,0,0,0,0,0
Gm15218,0,0,0,0,0,0
Gm15221,0,0,0,0,0,0
Gm15222,20,23,13,8,18,23
Gm15226,0,0,0,0,0,0
Gm15228,4,11,3,2,1,2
Gm15230,0,0,0,0,0,0
Gm15232,2,7,7,3,4,1
Gm15234,103,150,59,80,66,91
Gm15239,2,1,1,0,1,0
Gm15241,0,0,0,1,0,0
Gm15243,0,3,3,2,4,1
Gm15245,0,0,0,0,0,0
Gm15247,37,126,30,55,41,56
Gm15261,79,42,27,26,51,51
Gm15262,0,0,0,0,0,0
Gm15265,45,47,42,14,48,34
Gm1527,0,0,0,0,0,0
Gm15271,0,1,0,0,0,0
Gm15283,173,194,102,121,134,155
Gm15287,0,2,1,0,0,0
Gm15288,0,0,0,0,0,0
Gm15290,0,0,0,0,0,0
Gm15292,0,0,0,0,0,0
Gm15293,0,0,0,0,0,0
Gm15294,0,0,0,0,0,0
Gm15295,3,1,1,0,2,1
Gm15298,1,0,1,0,0,0
Gm15318,0,0,0,0,0,0
Gm15319,38,55,75,35,62,38
Gm15322,1,6,0,2,1,2
Gm15323,0,0,0,0,0,0
Gm15324,0,0,0,0,0,0
Gm15325,0,0,0,0,0,0
Gm15326,2,1,0,5,3,0
Gm15328,302,263,364,129,211,240
Gm15334,8,8,4,5,3,9
Gm15336,2,3,3,2,5,2
Gm15337,71,88,83,38,61,50
Gm15339,0,0,0,0,0,0
Gm15340,0,0,0,0,0,0
Gm15343,0,0,0,0,0,0
Gm15345,1,0,0,1,1,0
Gm15346,6,3,0,0,7,4
Gm15347,0,0,2,0,0,0
Gm15348,0,0,0,0,0,0
Gm15350,1,2,1,0,1,0
Gm15351,80,85,57,19,45,51
Gm15353,0,1,2,0,0,0
Gm15354,7,4,1,6,7,6
Gm15356,16,11,6,5,15,11
Gm15384,0,3,3,0,2,2
Gm15389,1,0,0,1,0,0
Gm15391,0,0,0,0,0,0
Gm15392,4,12,5,1,5,3
Gm15395,0,0,0,0,0,1
Gm15396,68,93,40,47,55,41
Gm15398,18,21,9,8,21,19
Gm15401,4,2,8,0,4,2
Gm15402,0,1,1,0,1,1
Gm15404,0,0,0,0,0,0
Gm15406,37,51,34,16,24,40
Gm15407,0,0,0,0,0,0
Gm15408,15,21,12,13,9,5
Gm15409,22,18,11,16,10,14
Gm15410,3,0,0,0,0,0
Gm15412,1,1,0,1,1,0
Gm15413,21,31,20,25,31,23
Gm15414,0,3,2,1,0,1
Gm15416,3,2,2,1,0,1
Gm15417,103,149,63,68,112,110
Gm15418,53,54,25,38,54,56
Gm15419,0,0,1,3,1,2
Gm15420,3,1,0,3,2,2
Gm15423,17,25,22,13,13,13
Gm15441,11,28,10,9,26,16
Gm15444,37,41,16,12,21,11
Gm15445,111,141,154,90,132,114
Gm15446,1925,2062,1638,1049,1607,1525
Gm15448,0,0,0,0,0,0
Gm15457,0,1,0,0,0,0
Gm15458,0,1,0,0,2,0
Gm15461,1,1,0,0,1,1
Gm15462,6,4,4,4,4,4
Gm15469,1,0,0,0,0,0
Gm15473,2,2,2,0,1,2
Gm15475,1,0,1,0,1,1
Gm15477,83,75,62,40,61,57
Gm15478,39,59,19,35,27,34
Gm15485,6,3,0,1,3,1
Gm15486,0,0,0,1,0,1
Gm15489,41,41,18,18,37,28
Gm15491,3,0,1,2,1,1
Gm15492,37,42,10,9,33,35
Gm15494,566,619,529,229,464,460
Gm15496,22,19,24,7,15,15
Gm15498,0,0,0,0,0,0
Gm15499,0,1,0,0,0,0
Gm15507,3,0,0,0,1,0
Gm15510,213,278,124,193,148,150
Gm15511,2,4,1,0,0,0
Gm15512,12,16,8,10,8,6
Gm15517,1,0,1,2,1,2
Gm15518,136,200,50,93,156,176
Gm15520,52,53,41,37,49,51
Gm15522,4,6,6,3,7,10
Gm15523,2,7,5,3,7,11
Gm15524,0,0,0,0,0,0
Gm1553,0,0,0,0,0,2
Gm15533,5,2,2,3,1,3
Gm15537,15,14,7,8,14,12
Gm15540,1,0,0,0,0,0
Gm15541,9,4,4,3,7,3
Gm15543,0,0,0,0,0,0
Gm15545,155,180,64,86,117,104
Gm15551,6,4,2,3,2,4
Gm15555,0,0,0,0,0,0
Gm15556,1,0,0,1,0,1
Gm15557,0,0,0,0,0,0
Gm15558,9,7,10,7,5,11
Gm15559,157,153,73,43,77,101
Gm15561,3,3,0,1,0,1
Gm15563,4,6,3,0,2,2
Gm15564,54,49,33,21,20,45
Gm15567,16,24,20,11,17,17
Gm15569,2,2,3,1,3,1
Gm15577,40,44,29,24,42,50
Gm15579,1,0,1,0,1,0
Gm15581,5,12,13,13,10,9
Gm15582,3,1,7,2,2,2
Gm15584,2,2,4,5,0,3
Gm15587,28,49,36,17,33,37
Gm15589,0,0,0,0,0,0
Gm1559,6,7,6,1,2,13
Gm15591,1,1,0,0,1,0
Gm15592,0,1,0,0,0,0
Gm15594,107,106,59,54,71,88
Gm15597,0,1,0,2,0,4
Gm15598,6,10,12,5,10,11
Gm156,0,0,0,0,0,0
Gm15600,0,0,0,0,2,0
Gm15601,23,25,14,6,16,15
Gm15609,43,60,39,31,35,44
Gm15611,1,0,0,0,0,1
Gm15612,119,139,71,90,99,146
Gm15614,31,27,7,15,14,17
Gm15619,1,1,0,0,1,0
Gm15622,0,0,0,0,0,0
Gm15624,639,654,491,284,495,514
Gm15627,13,33,16,26,18,23
Gm15628,0,1,1,0,1,0
Gm15629,0,0,0,0,0,0
Gm15631,475,516,296,290,304,352
Gm15632,1,2,3,0,1,0
Gm15635,25,37,47,17,70,37
Gm15637,0,1,0,0,1,1
Gm15638,2,3,1,3,3,3
Gm15640,0,0,2,1,0,1
Gm15641,0,1,0,0,0,1
Gm15642,0,0,0,0,0,0
Gm15643,0,0,0,0,0,0
Gm15647,1,0,0,0,0,0
Gm15650,0,0,1,0,0,0
Gm15651,16,21,9,10,13,19
Gm15655,0,0,0,0,0,0
Gm15656,0,0,1,0,0,0
Gm15657,5,2,4,2,6,7
Gm15668,0,0,0,0,0,0
Gm15669,0,0,1,0,0,0
Gm15671,1,0,0,0,0,0
Gm15674,9,11,10,1,6,12
Gm15675,43,50,47,11,36,39
Gm15677,3,6,0,0,5,1
Gm15679,6,6,2,2,4,1
Gm15684,1,0,0,0,0,0
Gm15687,3,3,0,0,3,4
Gm15688,246,288,86,108,154,150
Gm15689,5,10,7,1,4,4
Gm15690,31,29,41,21,20,30
Gm15691,12,6,4,2,8,3
Gm15699,0,0,0,0,0,0
Gm15700,34,17,10,8,18,13
Gm15701,0,0,0,1,0,0
Gm15704,27,36,66,17,35,33
Gm15706,450,278,202,166,207,276
Gm15713,1,2,0,0,2,1
Gm15716,0,0,0,0,0,0
Gm15718,0,1,1,0,0,0
Gm15721,41,46,35,19,30,46
Gm15722,0,1,0,0,2,1
Gm15723,658,750,435,384,447,502
Gm15726,26,23,17,12,16,21
Gm15728,206,209,122,110,105,115
Gm15729,3,4,1,0,1,2
Gm15731,1,1,1,0,0,0
Gm15734,23,20,3,7,6,10
Gm15736,0,0,0,0,0,0
Gm15737,2,3,1,0,2,0
Gm15738,10,21,3,5,8,11
Gm15743,382,435,160,223,262,282
Gm15747,6,7,8,5,14,9
Gm15749,5,1,1,2,3,4
Gm15755,0,0,0,0,1,0
Gm15756,0,0,0,0,0,0
Gm15759,1,0,0,1,5,1
Gm15762,1,0,0,0,2,2
Gm15767,2,0,0,0,0,0
Gm15774,13,16,7,9,17,9
Gm15775,49,35,29,26,32,44
Gm15777,3,3,0,0,3,8
Gm15788,0,0,0,0,0,0
Gm15792,0,0,0,0,0,0
Gm15802,33,58,46,15,36,53
Gm15810,18,10,14,11,10,21
Gm15813,11,16,7,8,14,22
Gm15816,18,31,23,13,18,19
Gm15818,0,0,0,0,0,0
Gm15819,1,1,0,0,0,0
Gm15821,1,3,0,1,1,1
Gm15825,25,25,10,21,10,11
Gm15829,8,10,4,4,9,8
Gm15831,1,1,0,0,0,0
Gm15834,193,200,162,107,136,128
Gm15835,2,1,0,0,3,0
Gm15839,3,4,4,1,4,4
Gm15841,0,1,0,0,0,0
Gm15845,0,0,0,0,0,0
Gm15848,0,0,0,0,0,0
Gm15849,0,0,0,0,0,0
Gm15851,19,17,3,11,14,19
Gm15853,45,52,33,22,27,25
Gm15856,12,11,6,9,6,2
Gm15857,3,1,1,2,3,3
Gm15859,115,151,139,62,135,105
Gm15860,373,312,182,167,186,178
Gm15862,5,11,9,9,12,15
Gm15864,0,0,0,0,0,0
Gm15866,0,0,0,0,0,1
Gm15867,71,68,28,40,41,50
Gm15868,1,0,1,1,2,0
Gm1587,2,4,2,1,1,1
Gm15870,2,2,3,0,1,1
Gm15872,4,6,3,9,10,2
Gm15873,2,2,1,1,6,0
Gm15879,62,47,74,34,59,52
Gm15880,15,8,13,11,30,11
Gm15882,0,0,0,0,1,0
Gm15883,2,0,2,0,1,0
Gm15884,0,1,1,0,0,0
Gm15886,8,7,5,2,1,1
Gm15889,0,1,0,1,0,0
Gm15890,5,12,2,4,4,11
Gm15891,0,0,0,0,0,0
Gm15892,98,80,85,50,71,81
Gm15893,7,10,6,3,6,12
Gm15894,64,53,21,36,37,32
Gm15895,0,3,2,2,2,1
Gm15898,0,1,0,0,1,0
Gm15904,1,0,0,0,0,0
Gm15906,1,1,0,0,2,0
Gm15907,1,2,2,1,6,2
Gm15908,0,1,3,1,0,0
Gm15910,8,14,7,4,7,4
Gm15911,4,2,2,6,3,2
Gm15915,1,1,2,1,0,0
Gm15917,3,2,0,2,2,1
Gm15918,6,20,11,7,6,9
Gm15929,1,6,4,1,3,6
Gm15932,0,0,0,1,2,1
Gm15934,0,3,0,0,3,4
Gm15935,0,1,0,0,2,0
Gm15938,45,62,39,23,28,46
Gm15939,206,229,111,116,120,145
Gm15941,168,209,338,124,196,145
Gm15942,38,62,42,28,45,35
Gm15943,102,146,88,57,97,111
Gm15945,0,0,0,0,0,0
Gm15947,0,0,0,0,0,0
Gm15948,0,0,0,0,1,1
Gm15949,0,0,0,0,0,0
Gm15952,64,83,55,41,68,51
Gm15956,14,13,19,5,13,20
Gm15961,0,0,1,0,0,0
Gm15962,0,0,0,0,0,0
Gm15963,0,0,0,0,0,0
Gm15964,14,15,23,8,28,9
Gm15965,86,113,37,48,68,108
Gm15966,3,3,2,5,6,2
Gm15969,0,0,0,0,0,0
Gm15972,10,12,7,6,7,5
Gm15976,5,3,1,1,0,3
Gm15978,1,8,2,1,5,6
Gm15983,9,3,10,8,10,4
Gm15984,0,0,0,0,0,0
Gm15985,1,0,0,0,0,0
Gm15987,2,0,0,0,0,0
Gm15990,21,19,11,8,20,28
Gm15991,572,741,479,327,488,468
Gm15996,9,6,2,3,7,4
Gm15997,82,77,38,36,54,44
Gm15998,19,23,7,15,10,15
Gm15999,0,0,0,0,0,0
Gm16000,32,31,21,17,16,15
Gm16001,697,923,401,402,603,561
Gm16004,0,0,0,0,0,0
Gm16006,1,2,1,2,2,2
Gm16008,176,249,197,145,208,178
Gm16010,2,6,0,2,1,4
Gm16013,0,0,0,3,0,0
Gm16015,0,0,0,0,0,0
Gm16019,0,0,0,0,0,1
Gm16024,0,0,0,0,0,0
Gm16025,0,0,0,0,0,0
Gm16028,0,0,0,0,0,0
Gm16029,1,2,0,2,1,3
Gm16031,0,0,0,0,0,0
Gm16033,52,33,34,26,50,46
Gm16034,0,0,0,0,0,0
Gm16035,0,1,2,1,0,0
Gm16036,0,0,0,0,0,1
Gm16041,10,9,14,8,20,23
Gm16043,5,3,6,0,4,9
Gm16045,5,2,2,1,6,1
Gm16048,2,2,3,2,0,1
Gm16049,1842,2316,1269,943,1378,1449
Gm1604a,427,753,531,304,532,548
Gm16050,6,8,8,4,7,3
Gm16052,127,166,159,76,134,120
Gm16054,44,50,19,19,28,33
Gm16055,2,3,4,2,2,2
Gm16058,2,1,0,0,2,1
Gm16059,25,29,21,15,19,34
Gm16062,115,167,70,45,85,137
Gm16063,0,0,0,0,0,0
Gm16064,0,0,0,0,0,0
Gm16068,8,7,4,4,7,5
Gm16069,6,7,12,6,6,8
Gm16070,296,336,385,144,276,307
Gm16075,21,11,11,5,8,16
Gm16079,0,0,0,0,0,0
Gm16080,0,0,0,0,0,0
Gm16081,0,0,0,0,1,2
Gm16083,126,135,136,95,115,119
Gm16084,0,0,0,0,0,1
Gm16085,0,0,0,0,0,0
Gm16086,1,1,1,1,0,0
Gm16087,44,49,7,19,25,37
Gm16090,2,0,3,0,0,5
Gm16092,0,0,0,0,0,0
Gm16093,1,2,1,0,1,2
Gm16094,0,0,1,1,0,0
Gm16095,1,0,0,0,0,0
Gm16098,25,32,6,11,18,14
Gm16099,13,23,6,16,12,4
Gm16104,3,1,0,0,1,1
Gm16105,175,181,91,116,151,163
Gm16110,2,2,7,0,1,3
Gm16116,0,0,0,0,1,1
Gm16117,0,0,0,1,0,0
Gm16118,4,6,6,6,9,2
Gm16120,0,0,1,0,0,0
Gm16121,3,5,9,4,1,7
Gm16122,1,2,0,2,3,0
Gm16124,12,27,22,12,14,16
Gm16126,1,5,2,3,5,2
Gm16130,0,1,0,0,0,0
Gm16131,0,0,0,0,0,0
Gm16133,34,21,26,15,33,21
Gm16135,17,28,21,9,25,26
Gm16136,0,0,0,0,0,0
Gm16137,0,0,0,0,0,0
Gm16140,0,1,1,0,1,2
Gm16141,2,3,3,2,6,1
Gm16142,0,0,0,0,1,0
Gm16143,0,1,0,0,1,0
Gm16144,0,0,0,0,0,0
Gm16145,0,0,1,0,1,0
Gm16146,0,1,1,0,2,1
Gm16150,15,11,8,2,10,16
Gm16151,2,2,1,0,1,0
Gm16152,23,24,17,14,18,20
Gm16156,1,4,3,1,0,1
Gm16157,1,0,1,2,0,1
Gm16158,0,0,0,0,0,1
Gm16159,0,0,0,0,1,0
Gm16160,0,0,0,0,2,1
Gm16161,0,0,0,1,0,3
Gm16168,122,144,124,68,114,107
Gm16170,12,20,13,8,10,8
Gm16172,13,8,10,2,14,9
Gm16174,4,3,6,5,6,2
Gm16175,2,0,0,0,0,0
Gm16178,0,1,1,0,0,1
Gm16180,0,0,0,0,0,0
Gm16181,0,4,1,0,0,3
Gm16183,51,69,46,51,84,91
Gm16185,64,63,28,38,64,59
Gm16188,0,1,0,0,2,0
Gm16189,4,4,4,3,3,4
Gm16191,1,3,2,0,2,1
Gm16192,7,21,7,8,10,21
Gm16193,3,5,1,2,1,3
Gm16194,1,1,1,0,2,0
Gm16195,0,0,0,0,0,0
Gm16196,1,0,0,0,0,1
Gm16206,4,11,2,4,5,3
Gm16208,4,2,3,2,3,3
Gm16211,5,2,3,4,1,6
Gm16212,6,2,1,1,0,0
Gm16213,6,10,10,2,5,11
Gm16214,5,9,5,6,11,8
Gm16217,0,0,0,0,0,0
Gm16220,0,0,0,0,0,0
Gm16222,8,5,1,3,11,5
Gm16223,5,8,5,1,5,3
Gm16224,0,0,0,0,0,0
Gm16225,0,0,0,0,0,0
Gm16226,0,3,0,0,1,1
Gm16229,118,185,99,46,137,165
Gm16230,7,14,2,1,5,3
Gm16231,1,0,0,0,1,1
Gm16233,41,50,33,21,68,32
Gm16234,3,1,0,1,0,1
Gm16235,0,2,1,3,1,0
Gm16237,1,1,0,0,3,0
Gm16239,7,8,6,2,4,4
Gm16240,5,10,10,6,5,13
Gm16243,3,3,4,1,0,2
Gm16246,0,0,0,0,0,0
Gm16248,1,0,0,0,1,0
Gm16249,0,0,0,0,0,0
Gm16251,16,19,16,14,20,16
Gm16252,0,3,4,0,4,3
Gm16253,26,70,24,46,50,73
Gm16262,6,4,3,1,3,4
Gm16263,4,3,2,2,3,5
Gm16267,1,4,2,2,2,2
Gm16268,6,4,3,2,4,7
Gm1627,0,0,0,0,0,0
Gm16271,6,1,1,2,0,2
Gm16272,42,36,17,16,35,27
Gm16275,70,69,36,39,52,48
Gm16277,2,0,0,2,3,5
Gm16279,42,42,26,20,39,33
Gm16280,0,0,0,0,0,0
Gm16282,0,0,0,0,0,1
Gm16286,1609,1895,1461,954,1451,1319
Gm16287,35,45,62,22,45,33
Gm16291,17,25,12,20,19,15
Gm16294,8,4,12,8,8,4
Gm16295,3,3,1,4,3,6
Gm16299,144,92,74,72,145,111
Gm16302,4,5,5,4,7,5
Gm16308,3,2,1,2,4,0
Gm16311,0,0,0,0,0,0
Gm16312,5,8,2,3,3,6
Gm16315,7,5,5,10,17,5
Gm16316,32,33,32,20,20,31
Gm16321,2,2,1,1,2,3
Gm16322,7,3,3,1,1,1
Gm16323,570,604,578,250,439,557
Gm16325,1,0,2,0,0,0
Gm16333,12,24,4,16,7,8
Gm16336,0,0,0,0,0,0
Gm16337,13,14,18,6,18,21
Gm16339,6,5,6,2,3,2
Gm16341,1,0,0,0,1,0
Gm16343,0,0,0,0,0,0
Gm16344,0,1,0,0,2,1
Gm16346,5,2,2,2,2,1
Gm16347,11,11,6,8,10,14
Gm16350,1,4,1,2,5,2
Gm16351,0,0,0,0,0,0
Gm16364,4,2,3,1,4,4
Gm16365,8,10,7,6,9,10
Gm16367,0,0,0,0,0,0
Gm16368,0,0,0,0,0,0
Gm16381,0,0,0,0,0,0
Gm16386,386,468,399,214,377,395
Gm16401,2,1,4,1,2,2
Gm16405,0,0,0,0,0,0
Gm16427,0,0,0,0,0,0
Gm16429,0,0,0,0,0,0
Gm16430,0,0,0,0,0,0
Gm16434,0,0,0,0,0,0
Gm16440,0,0,0,0,0,0
Gm16442,0,0,0,0,0,0
Gm16451,0,0,0,0,0,0
Gm1647,2,2,5,1,2,1
Gm16485,486,533,518,250,378,455
Gm16486,3,4,7,1,5,4
Gm16494,0,0,0,0,0,0
Gm16497,5,6,10,5,6,4
Gm16499,12,19,2,5,11,11
Gm16499-1,69,109,22,36,50,54
Gm16503,117,190,161,104,163,133
Gm16506,0,0,0,0,1,0
Gm16508,0,1,0,0,0,0
Gm16513,0,0,0,0,0,0
Gm16519,0,0,0,0,0,0
Gm16536,210,208,211,108,188,179
Gm16537,8,11,7,6,6,10
Gm16538,0,5,2,1,4,1
Gm16541,4,6,1,6,6,5
Gm16548,1,1,0,0,0,2
Gm16549,32,17,4,4,10,14
Gm16552,5,6,6,8,9,8
Gm16553,1,2,0,0,0,1
Gm16554,1,1,1,0,1,0
Gm16555,2,2,1,0,0,3
Gm16559,0,0,0,0,1,0
Gm16564,9,15,25,7,14,16
Gm16567,0,0,0,0,0,0
Gm16568,12,8,3,4,5,5
Gm16572,13,3,6,6,3,2
Gm16573,0,0,1,0,4,4
Gm16575,12,7,2,2,4,1
Gm16577,6,5,8,5,0,5
Gm16578,2,3,1,1,0,0
Gm16579,1,0,1,0,0,0
Gm16587,0,0,0,0,1,0
Gm16596,21,21,5,9,14,10
Gm16599,4,2,2,1,2,2
Gm16617,0,3,1,2,1,3
Gm16618,3,3,0,0,3,7
Gm16630,19,19,20,9,16,21
Gm16638,1433,1677,1038,664,1148,1212
Gm1667,0,0,0,0,0,0
Gm16677,36,35,18,24,33,30
Gm16685,9,2,2,1,2,1
Gm16686,0,0,0,0,0,0
Gm16701,75,57,72,55,52,50
Gm16701-1,187,176,139,97,129,128
Gm16702,94,110,58,58,70,82
Gm16712,89,94,35,60,51,53
Gm16725,3,2,0,0,3,1
Gm1673,2507,2965,1684,1241,1969,2005
Gm16740,122,130,44,71,93,87
Gm16741,37,40,16,10,19,28
Gm16751,59,117,105,43,96,97
Gm16754,203,203,106,137,138,136
Gm16755,19,14,5,12,13,9
Gm16764,0,1,1,0,0,1
Gm16794,740,714,437,383,477,405
Gm16796,23,24,29,18,30,11
Gm16833,0,1,1,0,0,0
Gm16838,8,8,10,3,5,7
Gm16845,139,180,51,86,107,103
Gm16853,54,42,23,12,25,22
Gm16861,116,129,89,47,85,98
Gm16863,3,0,0,1,1,0
Gm16867,672,821,601,427,594,643
Gm16876,1,0,0,0,0,2
Gm16892,29,40,36,19,29,50
Gm16894,2020,2017,1269,987,1418,1494
Gm16897,98,105,65,58,64,91
Gm16907,15,16,24,8,22,11
Gm16933,41,70,23,23,26,35
Gm16958,77,68,28,42,44,56
Gm16968,0,0,0,0,0,0
Gm16973,266,288,299,157,261,259
Gm1698,0,11,6,1,5,14
Gm16982,8,13,14,5,16,15
Gm16984,5,6,5,1,3,4
Gm17017,0,1,1,0,1,0
Gm17018,733,740,488,385,540,467
Gm17019,0,0,0,0,0,0
Gm17023,0,0,0,0,1,0
Gm17025,2,8,1,3,2,1
Gm17026,0,0,0,0,0,0
Gm17027,0,0,0,0,0,0
Gm17028,0,1,0,0,0,0
Gm17029,21,11,7,9,9,8
Gm17032,0,1,0,0,0,0
Gm17033,0,0,0,0,0,0
Gm17034,0,1,0,1,0,0
Gm17035,10,7,4,2,12,6
Gm17036,0,0,0,0,0,0
Gm17039,11,16,7,6,8,7
Gm17041,2,0,0,0,1,0
Gm17056,82,94,40,29,79,73
Gm17057,0,2,1,1,3,1
Gm17058,11,8,9,5,3,9
Gm17059,2,2,3,0,0,0
Gm17067,1,3,2,1,2,2
Gm17077,1,1,0,2,1,0
Gm17078,0,0,0,0,0,0
Gm17079,0,0,0,0,0,0
Gm17080,1,2,5,3,2,2
Gm17087,3,5,6,6,7,6
Gm17088,2,4,2,5,2,2
Gm17089,13,16,10,9,14,17
Gm17090,1,0,0,1,0,0
Gm17092,31,12,9,6,13,23
Gm17093,0,0,0,0,0,0
Gm17094,0,4,1,2,4,2
Gm17096,85,117,104,48,82,78
Gm17098,115,119,53,47,53,40
Gm17099,1,0,1,0,0,0
Gm17102,126,129,67,63,83,71
Gm17103,1,3,0,0,0,3
Gm17110,3,1,2,2,3,3
Gm17111,0,0,1,0,0,1
Gm17112,11,11,7,6,15,7
Gm17115,10,13,0,6,9,8
Gm17116,73,81,69,41,56,75
Gm17118,0,0,0,0,0,0
Gm17120,3,3,2,1,4,3
Gm17122,1,1,0,0,0,1
Gm17124,0,0,0,0,0,0
Gm17130,34,37,26,31,37,46
Gm17133,0,0,0,0,0,2
Gm17134,2,2,0,0,1,0
Gm17135,0,2,1,2,0,0
Gm17139,2,1,1,1,0,0
Gm17140,0,0,0,0,0,0
Gm17141,1,0,2,0,1,0
Gm17146,34,33,31,21,29,32
Gm1715,47,45,38,26,35,39
Gm17151,1,1,0,0,2,0
Gm17160,1,1,0,2,1,0
Gm17163,3,1,1,1,1,1
Gm17168,0,0,0,1,1,2
Gm17171,6,19,13,3,6,10
Gm17172,0,0,0,0,0,0
Gm17173,13,6,7,3,6,3
Gm17174,0,0,0,0,0,0
Gm17175,0,0,0,0,0,0
Gm17178,0,0,0,0,0,0
Gm17180,0,1,2,0,4,2
Gm17182,0,0,0,0,0,0
Gm17189,0,0,1,0,0,0
Gm17190,16,12,4,6,19,21
Gm17196,0,2,0,0,1,1
Gm17197,4,1,0,0,0,0
Gm1720,0,1,0,2,0,0
Gm17200,5,18,6,2,15,6
Gm17201,5,9,2,5,3,2
Gm17202,42,52,23,17,25,26
Gm17203,118,130,169,65,95,108
Gm17206,0,0,0,0,0,1
Gm17210,3,1,0,0,0,0
Gm17215,0,0,0,0,0,0
Gm17216,7,19,21,5,11,20
Gm17218,0,0,2,1,2,3
Gm17224,13,8,13,3,11,6
Gm17225,0,0,0,0,0,0
Gm17226,0,0,0,0,0,0
Gm17227,17,10,16,6,11,24
Gm17231,6,25,11,11,21,31
Gm17232,0,0,1,0,0,0
Gm17233,7,9,9,4,4,5
Gm17234,2,2,1,2,0,1
Gm17250,11,14,12,4,4,16
Gm17259,212,214,127,102,157,132
Gm17267,0,0,0,0,0,0
Gm17268,0,0,0,0,0,0
Gm17275,20,21,14,8,10,19
Gm17276,232,241,250,108,216,170
Gm17281,37,35,32,15,34,23
Gm17300,8,7,3,4,6,10
Gm17304,0,0,0,0,0,0
Gm17308,6,5,2,1,2,3
Gm17315,53,61,24,31,25,17
Gm17322,340,407,217,181,251,296
Gm17324,185,212,77,73,118,138
Gm17332,0,0,0,0,0,0
Gm17333,0,0,0,0,1,1
Gm17334,12,17,17,10,22,15
Gm17344,87,69,56,40,62,55
Gm17349,61,41,27,17,41,45
Gm17354,147,163,207,92,197,153
Gm17359,2,2,1,0,0,0
Gm17361,0,0,0,0,0,0
Gm17364,0,0,0,0,0,0
Gm17374,0,0,0,0,0,0
Gm17382,258,262,161,141,188,227
Gm17387,0,0,0,0,0,0
Gm17399,95,112,49,58,94,88
Gm17402,0,0,0,0,0,0
Gm17409,0,1,0,0,0,0
Gm17412,0,0,0,0,0,0
Gm17416,0,0,0,0,0,0
Gm17428,0,0,0,0,0,0
Gm17430,1,0,0,0,0,0
Gm17435,569,702,376,245,476,387
Gm17455,3,2,1,0,0,1
Gm17467,0,0,0,0,0,0
Gm17469,0,0,0,0,0,0
Gm17472,0,0,0,0,0,1
Gm17473,59,60,19,40,29,37
Gm17477,11,12,1,6,3,8
Gm17482,0,0,0,0,0,0
Gm17484,654,759,382,251,442,577
Gm17490,0,0,0,0,0,0
Gm17501,125,252,130,101,241,242
Gm17508,19,18,15,10,8,13
Gm17509,191,244,157,119,126,123
Gm17514,0,0,0,0,0,0
Gm17518,95,89,45,26,46,48
Gm17521,0,0,0,0,0,0
Gm17522,0,0,0,0,0,0
Gm17529,15,12,6,3,10,22
Gm17535,0,0,0,0,0,0
Gm17540,0,1,0,1,0,0
Gm17542,0,0,0,0,0,0
Gm17545,0,0,0,0,0,0
Gm17546,4,2,2,1,2,0
Gm17552,76,72,52,36,66,43
Gm17555,0,1,2,3,2,2
Gm17571,0,0,0,0,0,0
Gm17575,0,0,0,0,0,0
Gm17577,0,0,0,0,0,0
Gm17581,0,0,0,0,0,0
Gm17584,0,0,0,0,0,0
Gm17586,664,561,362,356,335,314
Gm17590,0,2,0,0,1,0
Gm17597,292,586,123,226,272,272
Gm17604,0,0,0,0,0,0
Gm17606,0,0,0,0,0,0
Gm17613,0,1,0,1,2,2
Gm17617,0,0,0,0,0,0
Gm17619,2,5,0,1,2,1
Gm17622,0,0,0,0,0,0
Gm17631,0,0,0,0,0,0
Gm17634,22,15,9,11,8,14
Gm17638,49,38,25,24,37,36
Gm17644,3,3,6,6,2,4
Gm17651,0,0,0,0,0,0
Gm17654,0,0,0,1,0,0
Gm17655,31,32,27,26,23,24
Gm17657,0,0,0,0,0,0
Gm17660,5,4,1,0,5,6
Gm17662,0,0,0,0,0,0
Gm17669,7,17,7,13,15,12
Gm17677,0,2,0,0,1,0
Gm17689,0,0,0,0,0,0
Gm17690,156,157,94,101,118,100
Gm17693,0,0,0,0,0,0
Gm17705,89,140,38,52,94,62
Gm17720,0,0,0,0,0,0
Gm17727,0,0,0,0,0,0
Gm17728,1,0,0,0,0,0
Gm17732,23,9,8,9,9,12
Gm17745,2,2,0,0,1,0
Gm17746,7,6,20,3,8,1
Gm17747,0,0,0,0,2,2
Gm17750,50,72,20,34,32,42
Gm17751,29,33,13,14,22,24
Gm17767,17,11,7,5,2,6
Gm17768,0,0,0,0,0,0
Gm17783,0,0,0,0,0,0
Gm17949,143,166,49,53,97,111
Gm18336,1,1,0,0,1,0
Gm18596,0,0,0,0,0,0
Gm19261,0,0,0,0,0,0
Gm19265,508,723,362,323,490,538
Gm19272,0,0,2,0,2,0
Gm19276,4,5,5,6,2,3
Gm19299,0,0,0,1,0,1
Gm19301,1,0,0,0,0,0
Gm19303,5,6,1,2,5,5
Gm19325,58,56,53,21,33,38
Gm19331,0,0,0,0,0,0
Gm19345,28,27,27,19,20,22
Gm19385,4,9,2,3,3,3
Gm19395,1,0,0,0,0,0
Gm19402,0,0,0,1,0,1
Gm19410,2122,2468,2077,1279,1762,1574
Gm19412,63,70,26,30,34,48
Gm19426,19,30,14,15,20,11
Gm19434,4,5,2,2,3,3
Gm19461,44,49,27,21,27,40
Gm19510,1,0,0,1,1,0
Gm19531,293,353,251,147,241,232
Gm19541,0,0,0,0,0,0
Gm19553,0,0,0,0,0,0
Gm19554,2,2,0,2,0,4
Gm19557,2,5,9,3,4,6
Gm19582,21,24,13,11,9,9
Gm19583,0,0,1,0,0,0
Gm19585,1,0,0,0,1,1
Gm19589,0,0,1,0,0,0
Gm19590,0,0,2,0,2,1
Gm19610,0,0,0,0,0,0
Gm19619,26,11,18,7,15,9
Gm1965,1,0,0,0,0,0
Gm19656,2,3,2,5,1,1
Gm19667,10,17,5,6,14,11
Gm19668,0,0,0,0,0,0
Gm1968,0,1,1,1,2,0
Gm19684,11,7,12,8,18,13
Gm19705,150,156,83,98,133,114
Gm19708,9,8,6,3,5,7
Gm19710,24,20,16,14,14,20
Gm19719,10,11,7,4,6,8
Gm19757,38,18,17,5,12,27
Gm1976,1446,1496,1043,657,930,1068
Gm1979,11,5,4,5,5,6
Gm19792,37,34,21,23,30,28
Gm19866,0,0,0,0,0,0
Gm19872,0,0,0,0,0,0
Gm1992,2,3,1,1,3,3
Gm1993,0,0,0,0,0,0
Gm19935,15,11,6,7,12,5
Gm19950,0,0,0,0,0,0
Gm19951,1,1,1,0,1,2
Gm19965,2,2,2,2,4,1
Gm19990,2,1,0,0,1,0
Gm2000,15,21,6,7,8,6
Gm20005,4,1,0,2,1,0
Gm2001,0,0,0,0,0,0
Gm2004,7,5,2,2,3,2
Gm20043,0,0,0,0,0,0
Gm20045,941,1113,1129,549,1070,941
Gm20052,0,0,0,0,0,0
Gm20063,1555,1656,708,764,972,998
Gm20069,0,1,0,0,0,0
Gm2007,0,1,0,2,0,0
Gm20075,92,122,140,42,113,131
Gm20083,10,24,9,7,9,17
Gm20089,0,1,4,0,1,7
Gm20109,27,28,12,11,15,25
Gm20110,14,28,30,18,13,15
Gm2012,0,0,0,0,0,0
Gm20139,1,4,0,0,2,2
Gm20149,15,19,14,8,12,11
Gm2016,0,0,0,0,0,0
Gm20163,37,35,23,20,32,27
Gm2018,25,25,31,15,16,14
Gm20186,71,131,89,62,103,86
Gm20219,96,131,141,78,107,123
Gm2022,0,0,0,0,0,0
Gm20234,6,15,5,13,13,9
Gm2026,16,22,12,11,10,18
Gm20268,0,0,0,0,0,0
Gm20275,19,17,11,8,12,19
Gm2030,0,0,0,0,0,0
Gm20300,456,523,584,251,460,411
Gm20319,10,6,3,3,5,5
Gm20324,11,10,3,3,6,9
Gm20342,1220,1397,1616,732,1188,1113
Gm2035,0,0,0,0,0,0
Gm20356,0,0,0,0,0,0
Gm20362,0,0,0,0,0,0
Gm20379,0,2,0,1,2,0
Gm20383,15,12,1,7,12,10
Gm20387,448,502,288,237,343,305
Gm20388,0,0,0,0,0,0
Gm20389,11,6,9,9,12,11
Gm20390,4,2,0,2,2,1
Gm20395,0,0,0,0,0,0
Gm20400,0,0,0,0,0,0
Gm20402,2,2,3,0,0,2
Gm20403,1,0,1,0,0,0
Gm20404,5,7,5,0,2,1
Gm20406,1,4,0,1,1,1
Gm2042,0,0,0,0,0,0
Gm20420,0,0,0,1,1,0
Gm20422,2,2,2,0,1,1
Gm20425,3,1,0,0,2,1
Gm20431,0,0,0,1,0,0
Gm2044,0,2,2,0,4,2
Gm20441,0,0,0,0,0,0
Gm20442,0,0,0,0,0,0
Gm20443,1,1,0,0,0,0
Gm20449,92,99,81,41,67,64
Gm20457,46,55,50,25,38,32
Gm20458,2,7,2,0,2,1
Gm20461,0,0,0,0,0,0
Gm20463,0,1,0,2,1,0
Gm20465,1,0,0,0,0,0
Gm20467,0,0,0,0,0,0
Gm20468,0,0,0,0,0,1
Gm20471,2,2,2,1,2,1
Gm20476,1,1,2,1,1,0
Gm20478,0,0,0,0,0,2
Gm20479,0,0,0,0,1,0
Gm20481,5,2,2,6,3,4
Gm20483,0,2,0,1,1,2
Gm20484,0,0,0,0,0,0
Gm20489,0,0,0,0,0,0
Gm20496,0,0,0,1,1,1
Gm20498,1897,2616,1335,984,1710,1690
Gm20499,76,65,30,23,44,50
Gm20503,0,0,0,0,0,0
Gm20506,1,0,1,0,0,2
Gm20508,100,138,73,75,98,112
Gm20509,0,1,0,0,0,0
Gm20511,68,128,53,70,77,79
Gm20512,8,10,1,5,5,11
Gm20513,0,0,0,0,0,0
Gm20515,146,172,102,62,148,127
Gm20517,143,152,201,68,143,102
Gm20518,20,42,36,23,34,39
Gm20521,0,0,1,0,0,0
Gm20522,60,54,22,25,31,44
Gm20531,10,3,4,11,13,8
Gm20532,3,0,0,0,0,1
Gm20537,20,24,34,13,24,25
Gm20538,0,0,0,0,0,0
Gm20546,0,0,0,1,1,0
Gm20547,0,0,0,0,0,0
Gm20548,52,45,33,23,39,40
Gm20554,5,3,2,4,9,1
Gm20557,0,0,0,0,0,0
Gm2056,0,0,0,0,0,0
Gm20560,3,3,2,0,1,1
Gm20594,0,0,0,0,0,0
Gm20597,2,4,0,4,3,1
Gm20604,266,271,165,125,181,186
Gm20605,81,91,84,36,112,87
Gm20609,6,8,2,3,8,2
Gm2061,86,87,47,48,67,62
Gm20610,0,0,0,0,0,0
Gm20611,1,1,0,0,0,0
Gm20617,0,3,1,0,2,1
Gm20618,4,1,0,1,1,0
Gm20619,0,2,2,4,1,0
Gm20625,2,2,1,0,2,1
Gm20628,194,206,148,130,165,167
Gm20629,0,0,0,0,2,3
Gm20631,2,0,1,1,0,3
Gm20632,24,28,14,26,15,12
Gm20633,87,111,30,37,65,59
Gm20635,128,147,98,69,95,105
Gm20636,4,2,1,2,3,11
Gm20641,95,112,48,58,78,76
Gm20642,197,585,73,378,226,249
Gm20643,0,0,0,0,0,0
Gm20647,0,0,0,1,0,0
Gm20649,2,0,1,0,0,0
Gm20652,2,4,2,4,2,2
Gm20655,29,40,46,17,30,30
Gm20658,1,1,0,0,0,0
Gm20659,9,6,6,4,4,5
Gm20661,2,4,6,1,7,8
Gm20662,1,2,0,0,1,0
Gm20663,2,1,3,2,3,3
Gm20670,0,0,0,0,0,0
Gm20671,0,0,0,0,0,0
Gm20675,0,0,0,0,0,0
Gm20681,0,0,1,0,0,0
Gm20683,240,297,255,163,231,224
Gm20685,0,0,1,0,0,0
Gm20686,0,0,0,2,3,0
Gm20687,12,18,24,6,14,12
Gm20692,16,20,20,16,21,12
Gm20695,5,4,1,3,2,6
Gm20696,923,1205,1053,505,1017,997
Gm20700,51,66,27,25,51,44
Gm20703,7,6,5,11,19,3
Gm20707,31,46,52,42,38,26
Gm20708,11,7,3,6,8,11
Gm20711,26,21,10,8,17,11
Gm20714,0,0,0,0,0,0
Gm20715,25,16,34,15,24,36
Gm20716,8,6,8,2,6,8
Gm20717,0,1,0,0,0,2
Gm20721,47,56,25,34,61,51
Gm20730,0,0,0,0,0,0
Gm20732,5,24,6,1,13,12
Gm20735,2,0,4,2,4,2
Gm20736,0,0,0,0,0,0
Gm20737,0,0,0,0,0,0
Gm20738,0,0,0,0,0,0
Gm20744,1,0,0,0,0,0
Gm20745,0,1,1,1,0,0
Gm20747,0,0,0,0,0,0
Gm2075,0,0,0,0,0,0
Gm20750,0,0,0,1,0,1
Gm20751,38,48,16,36,26,26
Gm20752,140,126,79,95,94,65
Gm20753,4,1,0,2,1,1
Gm20754,2347,2748,1767,1230,2008,2095
Gm20755,0,0,0,0,0,0
Gm20756,5,2,13,5,7,4
Gm20757,1,1,1,0,0,0
Gm20758,1,0,1,0,0,0
Gm20765,0,0,0,0,0,0
Gm20767,0,1,0,0,0,0
Gm20772,0,0,0,0,0,0
Gm20773,0,0,0,0,0,0
Gm20777,0,0,0,0,0,0
Gm20792,0,0,0,0,0,0
Gm20795,0,0,0,0,0,0
Gm20806,0,0,0,0,0,0
Gm20807,0,0,0,0,0,0
Gm20809,0,0,0,0,0,0
Gm20812,0,0,0,0,0,0
Gm20814,0,0,0,0,0,0
Gm20815,0,0,0,0,0,0
Gm20816,0,0,0,0,0,0
Gm20817,0,0,0,0,0,0
Gm20820,0,0,0,0,0,0
Gm20821,0,0,0,0,0,0
Gm20822,0,0,0,0,0,0
Gm20823,0,0,0,0,0,0
Gm20824,0,0,0,0,0,0
Gm20825,0,0,0,0,0,0
Gm20826,0,0,1,1,0,0
Gm20828,0,0,0,0,0,0
Gm20830,0,0,0,0,0,0
Gm20831,0,0,0,0,0,0
Gm20834,0,0,0,0,0,0
Gm20835,0,0,0,0,0,0
Gm20837,0,0,0,0,0,0
Gm20838,0,0,0,0,0,0
Gm20843,0,0,0,0,0,0
Gm20850,0,0,0,0,0,0
Gm20852,0,0,0,0,0,0
Gm20854,0,0,0,0,0,0
Gm20855,0,0,0,0,0,0
Gm20865,0,0,0,0,0,0
Gm20867,0,0,0,0,0,0
Gm20869,0,0,0,0,0,0
Gm2087,0,0,1,0,0,0
Gm20870,0,0,0,0,0,0
Gm20873,0,0,0,0,0,0
Gm20877,0,0,0,0,0,0
Gm20878,1425,1786,820,920,1083,1154
Gm20883,0,0,0,0,0,0
Gm20888,0,0,0,0,0,0
Gm20890,0,0,0,0,0,0
Gm20894,0,0,0,0,0,0
Gm20896,0,0,0,0,0,0
Gm20897,0,0,0,0,0,0
Gm20903,0,0,0,0,0,0
Gm20905,0,0,0,0,0,0
Gm20906,0,0,0,0,0,0
Gm20908,0,0,0,0,0,0
Gm20909,0,0,0,0,0,0
Gm20911,0,0,0,0,0,0
Gm20914,0,0,0,0,0,0
Gm20916,0,0,0,0,0,0
Gm20917,0,0,0,0,0,0
Gm20918,0,0,0,0,0,0
Gm20920,0,0,0,0,0,0
Gm20924,0,0,0,0,0,0
Gm20929,0,0,0,0,0,0
Gm2093,2,2,1,3,2,1
Gm20931,0,0,0,0,0,0
Gm20937,0,0,0,0,0,0
Gm20939,58,71,43,28,43,42
Gm20963,0,0,0,0,0,0
Gm20978,0,0,0,0,0,0
Gm20987,0,0,0,0,0,0
Gm2101,0,0,0,0,0,0
Gm21028,0,0,0,0,0,1
Gm21057,6,13,5,9,8,6
Gm21060,0,0,0,0,0,0
Gm21083,0,0,0,0,0,0
Gm2109,5,8,1,0,3,4
Gm21093,9,9,5,12,8,5
Gm21094,0,0,0,0,0,0
Gm21095,0,0,0,0,0,0
Gm21103,0,1,0,0,0,0
Gm21117,0,0,0,0,0,0
Gm21118,0,0,0,0,0,0
Gm21119,69,96,115,41,72,62
Gm21123,0,0,0,0,0,0
Gm21149,0,0,0,0,0,0
Gm2115,227,310,149,86,201,213
Gm21154,7,7,5,2,5,13
Gm2117,0,0,0,0,0,0
Gm21170,0,0,0,0,0,0
Gm21173,0,0,0,0,0,0
Gm21188,2,0,2,0,2,1
Gm21190,0,0,0,0,0,0
Gm21209,0,0,0,0,0,0
Gm21221,0,0,0,0,0,0
Gm21244,0,0,0,0,0,0
Gm21256,0,0,0,0,0,0
Gm21258,0,0,0,0,0,0
Gm21269,2,2,4,1,2,1
Gm21284,2,1,1,1,0,1
Gm21292,0,0,0,0,0,0
Gm21293,0,0,0,0,0,0
Gm21294,0,0,0,0,0,0
Gm21304,0,0,0,0,0,0
Gm21310,0,0,0,0,0,0
Gm21312,0,0,0,0,0,0
Gm21317,0,0,0,0,0,0
Gm21319,0,0,0,0,0,0
Gm21320,0,0,0,0,0,0
Gm21366,0,0,0,0,0,0
Gm21388,0,3,0,0,1,3
Gm21394,0,0,0,0,0,0
Gm21409,0,0,0,0,0,0
Gm21411,0,0,0,0,0,0
Gm21413,0,0,0,0,0,0
Gm21419,0,0,0,0,0,0
Gm21425,0,0,0,0,0,0
Gm21428,0,0,0,0,0,0
Gm21440,0,0,0,0,0,0
Gm21450,0,0,0,0,0,0
Gm21454,0,0,0,0,0,0
Gm21477,0,0,0,0,0,0
Gm21488,0,0,0,0,0,0
Gm21497,0,0,0,0,0,0
Gm21518,0,0,0,0,0,0
Gm21529,0,0,0,0,0,0
Gm21539,0,0,0,0,0,0
Gm21541,2,1,1,5,0,0
Gm2155,69,75,33,37,38,33
Gm21560,0,0,0,0,0,0
Gm21562,0,0,0,0,0,0
Gm21572,0,0,0,0,0,0
Gm21586,0,0,0,0,0,0
Gm21588,0,0,0,0,0,0
Gm21599,0,0,0,0,0,0
Gm21616,0,0,0,0,0,0
Gm21626,0,0,0,0,0,0
Gm21627,0,0,0,0,0,0
Gm2163,71,64,90,41,59,65
Gm21633,0,0,0,0,0,0
Gm21637,0,0,0,0,0,0
Gm2164,472,631,458,188,451,494
Gm2165,0,0,0,0,0,0
Gm21650,0,0,0,0,0,0
Gm21663,2,4,0,0,2,3
Gm21671,13,9,4,9,19,11
Gm21677,0,0,0,0,0,0
Gm21679,0,0,0,0,0,0
Gm21680,26,16,18,10,22,22
Gm21693,0,0,0,0,0,0
Gm21698,25,12,10,12,17,18
Gm21704,0,0,0,0,0,0
Gm21708,0,0,0,0,0,0
Gm21718,0,0,0,0,0,0
Gm21719,0,0,0,0,0,0
Gm21721,0,0,0,0,0,0
Gm21723,0,0,0,0,0,0
Gm21725,0,0,0,0,0,0
Gm21731,0,0,0,0,0,0
Gm21732,0,0,0,0,0,0
Gm21738,0,0,0,1,0,0
Gm21739,0,0,0,0,0,0
Gm2174,1,0,1,0,1,1
Gm21746,0,0,0,0,0,0
Gm21748,0,1,1,0,0,0
Gm21750,4,2,5,4,5,5
Gm21760,0,0,0,0,0,0
Gm21761,0,0,0,0,0,0
Gm21762,0,0,0,0,0,0
Gm21764,0,0,0,0,0,0
Gm21767,0,0,0,0,0,0
Gm21773,0,0,0,0,0,0
Gm21775,0,0,0,0,0,0
Gm21776,0,0,0,0,0,0
Gm21778,0,0,0,0,0,0
Gm21780,0,0,0,0,0,0
Gm21781,765,817,682,538,655,648
Gm21783,0,0,0,0,0,0
Gm21788,0,0,0,0,0,0
Gm21789,0,0,0,0,0,0
Gm21797,0,0,0,0,0,0
Gm21798,0,0,0,0,0,0
Gm21800,0,0,0,0,0,0
Gm21801,0,0,0,0,0,0
Gm21809,0,0,0,0,0,0
Gm21812,0,0,0,0,0,0
Gm21814,503,523,251,233,305,366
Gm21817,11,7,8,6,4,4
Gm21818,0,0,0,0,0,0
Gm21820,0,0,0,0,0,0
Gm21821,0,0,0,0,0,0
Gm21822,0,0,0,0,0,0
Gm21828,0,0,0,0,0,0
Gm21830,0,0,0,0,0,0
Gm21833,11,4,12,2,7,6
Gm21834,0,0,0,0,0,1
Gm21836,0,0,0,0,0,0
Gm21842,0,0,0,0,0,0
Gm21844,9,11,6,5,9,5
Gm21847,4,5,4,4,2,5
Gm21852,0,0,0,0,0,0
Gm21854,0,0,0,0,0,0
Gm21858,0,0,0,0,0,0
Gm21859,1,0,0,0,0,0
Gm21860,0,0,1,0,1,0
Gm21861,0,0,0,0,0,0
Gm21863,0,0,0,0,0,0
Gm21865,0,0,0,0,0,0
Gm21866,0,0,0,0,0,0
Gm21870,0,0,0,0,0,0
Gm21874,0,0,0,0,0,0
Gm21876,0,0,0,0,0,0
Gm21882,0,0,0,0,0,0
Gm21883,0,0,0,0,0,0
Gm21885,4,2,0,2,1,4
Gm21886,0,0,0,0,0,0
Gm21887,9,38,24,27,11,25
Gm21891,0,0,0,0,0,0
Gm21897,35,22,18,22,17,19
Gm21900,0,0,0,0,0,0
Gm21903,0,0,0,0,0,0
Gm21904,0,0,0,0,0,0
Gm21905,0,0,0,0,0,0
Gm21913,0,0,0,0,0,0
Gm21914,0,0,0,0,0,0
Gm21915,0,0,0,0,0,0
Gm21916,0,0,0,0,0,0
Gm21917,0,1,0,0,1,3
Gm21921,0,0,0,0,0,0
Gm21936,0,0,0,0,0,0
Gm21943,0,0,0,0,0,0
Gm21949,82,93,59,28,49,58
Gm21953,0,0,0,0,0,0
Gm21954,0,0,0,0,0,0
Gm21958,1,4,2,1,1,1
Gm21961,0,0,0,0,0,0
Gm21962,167,206,291,148,143,126
Gm21964,0,0,0,0,1,0
Gm21969,0,1,2,0,1,0
Gm21970,0,0,0,0,0,0
Gm21971,0,0,0,0,0,0
Gm21972,604,656,392,318,547,517
Gm21973,0,0,0,0,0,0
Gm21974,0,0,0,0,0,0
Gm21976,0,2,0,0,0,0
Gm21977,0,0,0,0,0,0
Gm21980,0,0,0,0,0,0
Gm21981,36,69,23,32,27,20
Gm21983,1,0,0,0,0,0
Gm21985,0,1,0,0,2,0
Gm21987,2,1,0,0,0,1
Gm21988,83,106,59,52,54,64
Gm21992,423,573,399,232,411,383
Gm21994,11,5,15,6,9,9
Gm21996,0,0,0,0,0,0
Gm2200,0,0,0,0,0,0
Gm2233,1,0,2,0,0,1
Gm2237,49,40,38,41,40,38
Gm2244,7,3,1,3,3,1
Gm2245,3,2,6,2,1,1
Gm2270,1,2,0,2,2,1
Gm2309,0,0,0,0,0,0
Gm2310,0,0,0,0,0,0
Gm2366,7,10,3,4,5,7
Gm2379,1,2,1,3,2,3
Gm2381,0,1,1,1,2,0
Gm23925,1,0,0,0,1,0
Gm2415,930,951,580,491,608,629
Gm2431,0,1,0,0,0,0
Gm2447,13,12,7,5,8,6
Gm24474,5,2,0,1,0,2
Gm2453,0,2,0,1,0,1
Gm2464,145,130,66,92,67,69
Gm2464-1,154,167,43,102,90,149
Gm2479,0,1,0,0,1,0
Gm2511,0,0,0,0,0,0
Gm2516,0,0,0,0,0,0
Gm2564,9,15,4,6,16,8
Gm2582,0,0,0,0,0,0
Gm26507,9,13,14,8,8,6
Gm26508,18,28,7,3,8,17
Gm26510,13,13,15,17,27,5
Gm26511,0,3,1,1,1,3
Gm26513,77,93,73,43,49,54
Gm26514,294,400,523,173,374,322
Gm26515,7,5,2,2,0,7
Gm26516,5,14,8,9,10,9
Gm26517,2,0,0,0,0,0
Gm26518,56,42,31,27,31,47
Gm26519,7,4,8,6,7,4
Gm26520,80,77,111,54,98,67
Gm26521,73,107,113,76,71,78
Gm26522,7,2,0,2,3,2
Gm26523,34,58,28,16,40,37
Gm26525,22,24,6,16,26,17
Gm26526,13,13,11,11,8,12
Gm26527,83,68,42,29,55,68
Gm26530,17,16,7,10,17,16
Gm26531,9,6,6,7,8,7
Gm26532,1213,1538,633,761,963,927
Gm26533,250,301,100,138,195,176
Gm26534,293,443,186,211,333,270
Gm26535,0,0,0,1,1,0
Gm26536,11,16,10,10,13,7
Gm26537,3,4,3,2,2,2
Gm26538,15,8,8,5,7,7
Gm26540,31,29,8,19,17,18
Gm26541,3,3,5,2,6,3
Gm26542,240,292,139,151,237,191
Gm26544,1,1,2,0,2,1
Gm26545,1,2,2,0,1,0
Gm26546,116,188,104,78,128,130
Gm26547,11,12,22,11,20,21
Gm26548,12,12,6,7,8,10
Gm26550,0,0,0,0,0,0
Gm26551,18,34,26,5,17,34
Gm26553,0,0,0,0,0,0
Gm26554,0,0,0,0,0,0
Gm26555,11,10,19,1,8,12
Gm26558,14,16,12,10,4,11
Gm26560,7,6,3,7,7,6
Gm26561,0,3,1,1,2,0
Gm26562,4,4,1,2,2,4
Gm26563,196,215,113,103,170,208
Gm26564,6,5,1,3,3,3
Gm26565,44,32,17,19,12,22
Gm26566,83,104,35,56,51,52
Gm26568,0,0,0,0,0,0
Gm26569,22,36,14,23,28,23
Gm26571,40,51,29,25,19,23
Gm26573,0,0,0,0,2,0
Gm26574,3,4,0,1,2,0
Gm26576,1,3,0,1,2,0
Gm26577,133,152,116,51,81,67
Gm26578,42,59,42,33,43,50
Gm26579,0,0,0,0,0,1
Gm26580,77,81,26,40,37,47
Gm26581,0,0,0,0,2,1
Gm26582,275,307,169,152,224,206
Gm26583,7,6,3,2,7,5
Gm26584,8,9,2,4,2,12
Gm26586,22,13,19,9,9,16
Gm26588,17,17,15,9,15,16
Gm26590,33,38,13,14,17,24
Gm26592,95,98,42,44,59,92
Gm26593,210,244,105,138,157,211
Gm26594,12,15,9,7,10,19
Gm26597,21,14,9,15,21,9
Gm26599,116,167,73,77,114,164
Gm266,61,109,51,25,53,67
Gm26600,0,1,0,0,0,0
Gm26601,1031,1202,1626,621,1158,1158
Gm26602,42,38,18,32,37,42
Gm26603,26,33,22,16,24,31
Gm26604,136,141,104,80,100,120
Gm26606,276,294,508,139,273,317
Gm26608,23,19,16,6,20,18
Gm26609,26,26,15,16,23,24
Gm26610,10,9,2,8,5,5
Gm26611,1,1,1,1,2,4
Gm26612,4,1,0,2,1,0
Gm26613,3,10,1,3,4,4
Gm26614,2,10,5,9,8,12
Gm26615,27,14,43,12,24,16
Gm26617,19,12,8,16,16,21
Gm26619,2,2,2,0,2,0
Gm26620,183,168,82,97,132,107
Gm26623,0,0,1,0,0,1
Gm26624,69,84,71,47,87,57
Gm26625,22,32,16,12,19,26
Gm26626,1,0,1,0,0,1
Gm26627,1,2,0,0,1,0
Gm26628,3,7,7,7,4,5
Gm26629,0,1,0,0,2,1
Gm2663,0,0,0,0,0,0
Gm26632,0,0,0,0,0,0
Gm26633,7,13,19,6,9,7
Gm26634,0,0,0,0,0,0
Gm26635,57,45,30,30,42,40
Gm26636,15,11,7,4,10,4
Gm26637,10,21,7,13,25,7
Gm26639,0,0,0,0,0,0
Gm26640,5,7,2,1,8,3
Gm26641,27,17,20,19,22,14
Gm26642,14,12,5,3,12,11
Gm26643,0,1,0,0,1,1
Gm26644,1,1,0,0,0,2
Gm26645,3,11,7,2,1,6
Gm26646,16,8,6,3,12,8
Gm26647,5,4,1,4,2,4
Gm26648,78,105,45,52,68,72
Gm26649,44,52,37,25,47,37
Gm26651,0,0,0,0,0,0
Gm26652,1861,2256,1465,865,1390,1637
Gm26653,61,63,53,31,51,60
Gm26654,0,0,0,0,0,0
Gm26656,0,0,2,0,2,0
Gm26657,1,0,0,0,0,0
Gm26658,50,62,27,21,34,37
Gm26659,1,2,4,0,1,0
Gm26660,532,601,715,335,562,436
Gm26661,1,3,0,0,1,1
Gm26662,60,84,28,47,63,87
Gm26663,21,22,6,7,21,14
Gm26664,34,67,34,22,42,35
Gm26665,1,0,0,0,0,0
Gm26666,25,29,20,11,16,14
Gm26668,111,81,46,50,97,107
Gm26669,1,2,0,3,2,0
Gm26670,85,160,19,32,110,88
Gm26671,17,26,7,6,20,12
Gm26673,270,254,278,158,181,227
Gm26674,3,6,3,3,9,7
Gm26675,48,59,68,35,47,51
Gm26676,4,4,6,2,6,6
Gm26677,11,12,1,3,5,7
Gm26678,0,0,0,0,0,0
Gm26679,15,19,14,14,11,16
Gm26681,2,2,1,1,1,1
Gm26682,128,122,82,62,93,89
Gm26683,0,0,0,1,0,0
Gm26685,1,0,1,0,1,0
Gm26686,4,6,4,3,3,2
Gm26688,0,0,0,0,0,0
Gm26689,0,0,0,0,0,0
Gm26690,18,22,21,13,23,19
Gm26691,1043,1245,983,520,933,998
Gm26692,18,16,11,20,17,13
Gm26693,95,114,42,82,76,77
Gm26694,6,3,2,2,8,2
Gm26695,24,14,25,3,15,11
Gm26697,18,26,17,16,19,25
Gm26698,10,9,2,7,3,7
Gm26699,1004,1056,252,686,721,839
Gm2670,4,2,3,3,1,1
Gm26700,18,18,6,4,6,5
Gm26702,148,128,67,77,133,114
Gm26703,118,167,93,63,99,113
Gm26705,5,1,0,1,2,1
Gm26706,24,11,5,11,14,6
Gm26707,3,9,7,5,7,11
Gm26709,0,0,0,0,0,0
Gm26710,75,71,36,35,55,48
Gm26711,9,16,6,3,15,8
Gm26713,0,1,0,1,0,0
Gm26714,4,8,52,37,94,8
Gm26715,0,0,0,0,0,0
Gm26716,6,6,4,5,4,9
Gm26717,0,0,0,0,0,0
Gm26718,19,36,11,10,16,16
Gm26719,1,2,0,1,4,3
Gm26720,11,11,6,15,13,7
Gm26721,338,357,182,220,208,222
Gm26722,12,14,4,5,6,7
Gm26723,10,5,8,8,7,6
Gm26724,111,104,56,52,116,126
Gm26725,0,0,0,0,0,0
Gm26726,4,3,0,0,1,2
Gm26727,0,0,0,0,0,0
Gm26730,8,5,2,1,1,1
Gm26732,182,207,105,88,143,164
Gm26733,7,18,7,4,9,10
Gm26734,562,549,247,229,306,378
Gm26735,21,40,6,18,15,25
Gm26737,26,10,16,15,17,14
Gm26738,41,64,22,31,45,73
Gm26739,1,3,3,5,0,2
Gm26740,67,118,88,53,164,61
Gm26741,0,0,0,0,0,0
Gm26742,62,76,26,38,56,74
Gm26743,5,16,1,5,4,5
Gm26744,2,6,4,2,5,6
Gm26745,6,2,8,7,4,9
Gm26747,55,93,76,27,79,83
Gm26748,14,15,17,9,7,9
Gm26749,22,25,16,13,16,27
Gm2675,4,2,8,2,10,5
Gm26750,0,5,0,1,0,1
Gm26751,2,6,3,1,0,2
Gm26752,20,17,6,7,10,11
Gm26753,9,15,3,1,6,6
Gm26754,0,0,0,0,0,0
Gm26755,12,27,11,10,10,4
Gm26756,40,41,32,32,37,42
Gm26759,17,15,3,7,7,12
Gm26760,465,657,420,194,303,417
Gm26761,4,8,10,7,17,9
Gm26762,59,67,47,26,55,69
Gm26763,0,1,0,0,0,0
Gm26764,3,4,3,2,6,3
Gm26765,2,10,5,6,16,9
Gm26766,21,35,9,8,30,30
Gm26767,42,36,14,25,31,53
Gm26768,21,17,7,12,14,13
Gm26769,0,0,0,0,0,0
Gm26770,17,15,9,2,11,7
Gm26771,32,24,24,6,21,24
Gm26772,11,6,16,7,9,10
Gm26773,9,8,3,5,6,5
Gm26774,1,1,0,0,0,0
Gm26775,31,26,9,12,16,18
Gm26776,36,59,16,18,17,33
Gm26778,108,108,54,71,102,81
Gm26779,23,24,26,8,20,17
Gm26780,17,6,3,6,4,4
Gm26781,74,58,35,29,48,40
Gm26782,3093,3047,2018,1520,2212,2337
Gm26783,19,15,7,11,10,1
Gm26784,0,1,0,1,2,0
Gm26785,6,3,6,2,6,3
Gm26786,27,28,23,24,34,29
Gm26787,12,11,1,2,5,8
Gm26789,17,32,9,24,33,28
Gm26790,21,24,6,8,6,18
Gm26791,0,0,0,0,0,0
Gm26792,109,117,41,53,66,91
Gm26793,31,23,9,4,8,12
Gm26794,288,312,153,141,206,193
Gm26795,5,0,2,3,5,1
Gm26796,13,8,2,8,4,8
Gm26797,350,402,324,193,357,294
Gm26798,48,53,45,23,45,62
Gm26799,20,13,10,9,11,15
Gm26800,47,57,21,20,35,20
Gm26801,48,49,30,23,29,26
Gm26802,3,1,5,4,6,3
Gm26803,134,195,56,102,118,133
Gm26804,29,22,6,10,17,23
Gm26805,482,514,221,280,293,274
Gm26806,0,0,0,0,0,0
Gm26807,11,15,9,14,13,14
Gm26808,6,4,0,3,4,4
Gm26809,41,54,58,30,40,40
Gm26810,9,7,4,4,5,6
Gm26811,14,10,7,4,10,17
Gm26812,42,72,39,54,50,43
Gm26813,1,1,1,1,5,1
Gm26815,0,1,0,1,0,0
Gm26816,19,25,5,9,11,13
Gm26818,1,0,1,1,2,2
Gm26819,54,113,38,47,91,93
Gm2682,0,5,2,4,7,5
Gm26820,2,2,0,0,1,0
Gm26821,47,33,32,26,29,30
Gm26822,2,2,4,1,5,1
Gm26823,16,13,15,15,20,31
Gm26824,3,2,1,1,2,4
Gm26825,220,223,107,52,136,182
Gm26826,103,171,95,83,122,109
Gm26827,0,0,0,0,0,0
Gm26829,4,1,1,0,0,2
Gm26830,168,132,140,59,133,153
Gm26831,2,4,0,1,0,2
Gm26832,0,0,0,0,0,0
Gm26833,9,13,5,7,4,11
Gm26834,5,9,3,4,9,12
Gm26835,52,77,61,18,68,87
Gm26836,6,5,3,6,7,8
Gm26837,0,0,0,0,0,0
Gm26838,4,4,2,3,4,4
Gm26840,46,40,21,21,23,29
Gm26841,5,7,4,6,5,6
Gm26843,85,125,78,59,85,78
Gm26844,0,0,1,2,0,0
Gm26846,10,18,10,5,9,18
Gm26847,16,28,20,12,14,9
Gm26848,12,14,7,6,7,12
Gm26849,3,2,2,1,0,6
Gm26850,22,44,18,19,18,19
Gm26851,16,20,9,8,14,12
Gm26852,13,12,9,3,9,9
Gm26853,1083,1263,1297,623,1030,1173
Gm26854,25,25,6,8,18,30
Gm26856,1,1,1,0,2,0
Gm26857,3,5,4,3,6,4
Gm26858,9,16,12,6,13,11
Gm26859,5,2,0,5,1,8
Gm26860,2,5,1,5,1,2
Gm26861,16,14,10,9,8,12
Gm26863,21,52,26,21,41,46
Gm26865,17,12,3,9,9,9
Gm26867,2,4,3,2,4,2
Gm26868,10,16,5,11,12,16
Gm26869,99,94,90,57,92,90
Gm26870,2,2,31,6,4,9
Gm26872,0,0,0,0,0,0
Gm26873,7,10,5,8,12,10
Gm26874,4,7,3,0,1,1
Gm26876,41,41,56,30,44,44
Gm26877,3,2,0,0,0,1
Gm26878,0,0,0,0,0,0
Gm26879,18,12,15,12,20,22
Gm26880,1,0,0,3,2,1
Gm26881,256,347,159,140,200,180
Gm26882,61,88,44,37,51,62
Gm26883,59,57,54,25,53,61
Gm26884,9,10,7,5,8,9
Gm26885,7,11,11,9,8,12
Gm26887,5,1,2,0,4,1
Gm26888,6,1,5,0,8,4
Gm26889,0,1,1,2,0,1
Gm26890,691,744,1094,435,820,679
Gm26891,11,15,10,7,11,8
Gm26892,218,238,115,98,152,164
Gm26894,55,51,52,34,49,43
Gm26895,9,10,10,7,5,14
Gm26896,3,5,1,0,1,0
Gm26897,0,0,0,0,0,0
Gm26899,210,200,126,75,140,172
Gm26901,441,488,421,287,405,405
Gm26902,66,51,64,36,56,49
Gm26903,34,33,12,21,20,20
Gm26904,37,46,36,25,46,56
Gm26905,133,175,131,144,155,167
Gm26906,265,204,193,121,251,254
Gm26907,7,8,4,2,6,7
Gm26909,15,12,5,10,21,23
Gm26910,556,762,426,344,495,469
Gm26911,51,52,35,19,49,28
Gm26912,8,11,9,4,11,5
Gm26916,2,6,1,2,12,2
Gm26917,60721,59117,77496,33649,64481,52222
Gm26918,85,52,33,33,41,53
Gm26920,0,2,1,0,3,1
Gm26935,132,154,193,99,173,146
Gm26936,0,0,0,0,0,0
Gm26938,0,0,0,0,0,0
Gm2694,352,452,273,248,291,257
Gm26940,0,0,0,0,0,0
Gm26944,44,64,66,32,40,55
Gm26945,924,1494,2595,645,1661,1740
Gm26947,30,41,38,23,42,26
Gm26952,0,0,0,0,0,0
Gm26953,255,257,113,170,215,224
Gm26954,57,56,46,30,48,42
Gm2696,2,1,1,0,0,0
Gm26962,0,0,0,0,0,0
Gm26964,6,8,5,4,6,5
Gm26965,1,3,0,2,1,3
Gm26969,0,0,0,0,0,0
Gm26972,0,0,0,0,0,0
Gm26973,4,3,3,0,0,0
Gm26979,0,0,0,0,0,0
Gm26981,57,39,32,29,36,45
Gm26982,78,70,89,33,60,52
Gm26992,0,0,0,0,0,0
Gm26994,18,10,10,7,7,11
Gm26995,1,5,3,0,2,1
Gm27000,4931,6844,3077,2704,4499,4038
Gm27003,84,121,52,74,79,90
Gm27004,18,17,12,15,14,13
Gm27007,0,0,0,0,0,0
Gm27008,10,10,13,6,7,19
Gm27010,204,261,296,136,239,202
Gm27016,2,0,1,1,0,1
Gm27017,138,140,65,53,76,110
Gm27019,1,8,6,3,5,5
Gm27021,11,7,3,7,5,7
Gm27022,6,4,1,3,6,3
Gm27027,0,3,0,1,0,0
Gm27028,187,289,139,91,162,194
Gm27029,18,26,31,16,21,22
Gm27030,18,10,6,5,5,3
Gm27032,12631,14864,6336,7165,8554,8680
Gm27033,0,0,0,0,0,0
Gm27040,18,18,14,17,17,9
Gm27042,6,1,2,4,1,2
Gm27048,0,0,0,0,0,0
Gm27151,153,182,63,84,77,92
Gm27153,2,4,3,1,4,11
Gm27159,2,4,1,3,1,3
Gm27162,0,0,0,0,0,0
Gm27164,0,0,0,0,0,0
Gm27166,1,1,0,0,0,0
Gm27167,1,0,2,0,1,2
Gm27168,1,1,0,1,2,0
Gm27169,0,0,0,0,0,1
Gm27174,1,0,0,0,0,0
Gm27175,0,0,1,1,0,1
Gm27176,0,0,0,0,0,0
Gm27177,0,1,3,0,2,3
Gm27179,0,0,0,0,0,0
Gm27184,17,24,20,9,13,16
Gm27187,0,0,0,0,0,0
Gm27188,10,9,8,15,9,5
Gm27191,0,0,0,0,0,0
Gm27192,0,0,0,0,0,0
Gm27194,2,0,1,0,1,0
Gm27196,3,2,0,0,1,0
Gm27197,15,16,10,7,6,11
Gm27198,13,11,4,9,12,10
Gm27199,18,5,9,3,10,12
Gm27200,18,23,9,8,12,14
Gm27201,0,0,0,0,0,0
Gm27202,0,0,0,0,0,0
Gm27204,0,1,0,0,0,0
Gm27206,7,3,7,4,8,10
Gm27207,0,0,2,0,1,0
Gm27209,3,3,5,1,2,2
Gm2721,13,8,10,3,2,3
Gm27211,0,1,0,0,0,0
Gm27216,0,0,0,0,0,0
Gm27217,4,5,4,3,7,6
Gm27221,0,0,0,0,0,1
Gm27222,0,0,0,0,2,1
Gm27223,0,0,0,0,0,0
Gm27224,0,1,0,0,0,0
Gm27226,2,2,1,0,2,2
Gm27227,18,54,23,22,31,31
Gm27231,3,6,4,5,3,4
Gm27232,19,9,8,4,17,16
Gm27234,0,0,0,0,0,0
Gm27235,0,0,0,0,0,0
Gm27239,14,26,4,7,14,24
Gm27240,0,0,0,0,0,0
Gm27241,32,25,8,17,27,23
Gm27242,36,25,15,14,19,17
Gm27243,1505,1635,1115,461,1100,1365
Gm27244,0,0,0,0,0,0
Gm27246,0,1,0,0,1,0
Gm27253,695,704,422,280,431,468
Gm27255,1,0,0,0,1,0
Gm2762,188,224,119,114,160,136
Gm2800,4,2,0,0,0,1
Gm28035,110,132,154,66,93,100
Gm28036,3,0,4,2,5,2
Gm28038,0,0,0,0,0,0
Gm28040,0,0,0,0,0,0
Gm28041,7,8,6,2,8,10
Gm28042,0,4,0,1,1,1
Gm28043,56,59,92,37,54,46
Gm28044,3,5,1,3,7,2
Gm28047,0,0,0,0,0,0
Gm28048,1,0,0,0,0,1
Gm28050,370,358,182,152,258,254
Gm28051,0,0,0,0,1,1
Gm28053,0,1,0,0,0,1
Gm28054,0,0,0,0,0,0
Gm28055,6,7,7,2,6,4
Gm28065,0,0,0,0,0,0
Gm28068,1,3,4,0,1,1
Gm28073,0,0,0,0,0,0
Gm28074,0,0,0,0,0,0
Gm28075,0,0,0,0,0,0
Gm28076,0,0,0,0,0,0
Gm28077,7,4,11,4,9,7
Gm28078,0,0,0,0,0,0
Gm28079,0,0,0,0,0,0
Gm28081,0,0,0,0,0,0
Gm28082,0,0,0,0,0,0
Gm28083,0,1,0,0,1,0
Gm28085,6,6,4,4,2,5
Gm28086,1,1,0,0,0,1
Gm28087,0,0,0,0,0,0
Gm28088,0,0,0,0,0,0
Gm28089,0,0,0,0,0,0
Gm28091,0,0,0,0,0,0
Gm28092,0,0,0,0,0,0
Gm28095,0,1,1,1,0,0
Gm281,2,2,0,1,0,0
Gm28100,0,0,0,0,0,1
Gm28102,0,0,0,0,0,0
Gm28103,0,0,0,0,0,0
Gm28104,0,0,0,0,0,0
Gm28108,0,0,0,0,0,0
Gm28109,0,0,0,0,0,0
Gm28111,1,1,1,0,1,0
Gm28124,0,0,0,0,0,0
Gm28126,0,0,0,0,0,0
Gm28127,0,0,0,0,0,0
Gm28128,0,0,0,0,0,0
Gm28129,0,0,0,0,0,0
Gm28130,0,0,0,0,0,0
Gm28131,0,0,0,0,0,0
Gm28132,0,0,0,0,0,0
Gm28133,0,0,0,0,0,0
Gm28134,0,0,0,0,0,0
Gm28135,0,0,0,0,0,0
Gm28137,0,0,0,0,0,0
Gm28138,0,0,0,0,0,0
Gm28139,0,0,0,0,0,0
Gm2814,1,9,3,3,3,3
Gm28140,4,3,4,2,1,1
Gm28147,0,0,0,0,0,0
Gm28151,263,352,300,190,262,262
Gm28152,0,0,0,0,0,0
Gm28153,3,2,3,0,1,1
Gm28154,38,52,85,21,47,32
Gm28156,0,0,0,0,0,0
Gm28157,0,0,0,0,0,0
Gm28163,0,0,0,0,0,0
Gm28166,0,0,0,0,0,0
Gm28167,0,0,0,0,0,0
Gm28168,0,0,0,0,0,0
Gm28170,0,0,0,0,0,0
Gm28171,0,0,0,0,0,0
Gm28172,12,11,5,3,12,9
Gm28173,0,0,0,0,0,0
Gm28174,0,0,0,0,0,0
Gm28175,473,562,375,334,469,391
Gm28176,0,0,0,0,0,0
Gm28178,0,0,0,0,0,0
Gm28180,1,0,0,0,0,0
Gm28181,0,0,0,0,0,1
Gm28182,7,3,6,3,2,2
Gm28183,0,2,0,0,0,0
Gm28187,3,7,13,0,4,1
Gm28189,0,0,0,0,0,0
Gm28192,2,2,1,1,0,3
Gm28194,0,0,0,0,0,0
Gm28195,0,0,0,0,0,0
Gm28196,16,21,27,12,12,19
Gm28197,0,0,0,0,0,0
Gm28198,4,4,1,1,4,1
Gm28199,2,1,2,0,0,1
Gm28201,0,0,0,0,0,0
Gm28202,0,0,0,0,0,0
Gm28206,0,0,0,0,0,0
Gm28207,0,0,0,0,0,0
Gm28208,0,0,0,0,0,0
Gm28209,1,2,2,1,3,2
Gm28210,0,0,0,0,0,0
Gm28212,0,0,0,0,0,0
Gm28214,0,0,0,0,0,0
Gm28215,0,0,0,0,0,0
Gm28216,0,0,0,0,0,0
Gm28217,0,0,0,0,0,0
Gm28218,0,0,0,0,0,0
Gm28220,0,0,0,0,0,0
Gm28221,7,7,3,3,3,7
Gm28225,0,0,0,0,0,0
Gm28226,0,0,0,0,0,0
Gm28228,0,0,0,0,0,0
Gm28230,0,0,0,0,0,0
Gm28231,0,0,0,0,0,0
Gm28233,1,0,0,0,0,0
Gm28235,0,0,0,0,0,0
Gm28236,0,0,0,0,0,0
Gm28237,0,0,0,0,0,0
Gm28238,0,0,0,0,0,0
Gm2824,664,729,764,384,544,512
Gm28240,0,1,0,0,0,0
Gm28242,0,0,0,0,0,0
Gm28244,0,0,0,0,0,0
Gm28245,0,0,0,0,0,0
Gm28246,0,0,0,0,0,0
Gm28249,0,0,0,0,0,0
Gm28250,0,0,0,0,0,0
Gm28252,0,0,0,0,0,0
Gm28254,0,0,0,0,0,0
Gm28258,0,1,0,0,0,0
Gm28259,0,0,0,0,0,0
Gm28260,0,0,0,0,0,0
Gm28264,0,0,0,0,0,0
Gm28265,0,1,1,2,0,0
Gm28268,16,32,16,18,26,21
Gm28269,0,0,0,0,0,0
Gm28271,13,16,9,7,5,9
Gm28274,0,0,0,0,0,0
Gm28276,0,0,0,0,0,0
Gm28278,0,0,0,0,0,0
Gm28279,0,0,0,0,0,0
Gm28280,0,0,0,0,0,0
Gm28284,0,0,0,0,0,0
Gm28285,2726,3573,1693,2055,2405,2635
Gm28286,3,4,4,3,3,5
Gm28287,0,0,1,0,0,0
Gm28289,13,10,5,7,3,7
Gm28291,0,0,0,0,0,0
Gm28293,0,0,0,0,0,0
Gm28294,13,27,13,7,25,30
Gm28295,0,0,0,0,0,0
Gm28296,0,0,0,0,0,0
Gm28297,0,0,0,0,0,0
Gm28298,0,0,0,0,0,0
Gm28300,0,0,0,0,0,0
Gm28301,0,0,0,0,0,0
Gm28305,0,0,0,0,0,0
Gm28306,1,0,0,0,1,1
Gm28307,43,49,22,14,36,57
Gm28308,0,0,0,0,0,0
Gm28310,0,0,0,0,0,0
Gm28311,0,0,0,0,1,0
Gm28312,0,0,0,0,0,0
Gm28313,0,0,0,0,0,0
Gm28315,0,0,0,0,0,0
Gm28316,0,0,0,0,0,0
Gm28317,0,0,0,0,0,0
Gm28318,0,0,0,0,0,0
Gm28319,0,0,0,0,0,0
Gm2832,4,2,2,0,6,2
Gm28321,1,0,0,0,0,0
Gm28322,108,69,65,37,84,65
Gm28324,0,0,0,0,0,0
Gm28325,0,0,0,0,0,0
Gm28326,0,0,0,0,0,0
Gm28331,0,0,0,0,0,0
Gm28332,0,0,0,0,0,0
Gm28333,0,0,0,0,0,0
Gm28336,0,0,0,0,0,0
Gm28338,0,0,0,0,0,0
Gm28340,0,0,0,0,0,0
Gm28342,0,0,1,0,0,0
Gm28345,0,0,0,0,0,0
Gm28346,0,0,0,0,0,0
Gm28347,0,0,0,0,0,0
Gm28348,0,0,0,0,0,0
Gm28351,1,2,1,0,1,1
Gm28352,0,0,0,0,0,0
Gm28355,0,0,0,0,0,0
Gm28357,0,0,0,0,0,0
Gm28360,0,0,0,0,0,0
Gm28363,0,0,0,0,0,0
Gm28364,2,4,0,0,2,9
Gm28365,0,0,0,0,0,0
Gm28367,0,0,0,0,0,0
Gm28370,93,96,28,47,82,111
Gm28372,0,1,2,1,0,1
Gm28374,8,8,5,4,5,10
Gm28375,0,0,0,0,0,0
Gm28376,0,0,0,0,0,0
Gm28379,67,64,41,46,58,69
Gm28380,1,1,0,0,0,3
Gm28382,0,0,0,0,0,0
Gm28386,12,10,7,1,7,8
Gm28387,0,0,0,0,0,0
Gm28393,0,0,0,0,0,0
Gm28394,0,0,0,0,0,0
Gm28395,0,0,0,0,0,0
Gm28398,0,0,0,0,0,0
Gm28401,2,1,0,1,0,0
Gm28402,0,0,0,0,0,2
Gm28405,0,0,0,0,0,0
Gm28406,0,0,0,0,0,0
Gm28407,0,0,0,0,0,0
Gm28410,1,2,0,0,0,0
Gm28411,0,0,2,0,0,0
Gm28415,1,0,0,0,0,0
Gm28421,0,0,0,0,0,0
Gm28422,0,0,0,0,0,0
Gm28424,343,474,181,229,241,299
Gm28425,0,0,0,0,0,0
Gm28426,0,0,0,0,0,0
Gm28427,0,0,0,0,0,0
Gm28430,0,0,0,0,0,0
Gm28431,0,0,0,0,0,0
Gm28432,0,0,0,0,0,0
Gm28434,0,0,0,0,0,0
Gm28440,0,0,0,0,0,0
Gm28441,0,0,0,0,0,0
Gm28442,0,0,0,0,0,0
Gm28444,0,0,3,0,0,0
Gm28445,0,0,0,0,0,0
Gm28448,26,28,46,8,29,36
Gm28449,0,0,0,0,0,0
Gm28450,0,0,0,0,0,0
Gm28454,0,0,0,0,0,0
Gm28456,0,0,0,0,0,0
Gm28457,0,0,0,0,0,0
Gm28458,0,0,0,0,0,0
Gm28460,0,0,0,0,0,0
Gm28461,0,0,0,0,0,0
Gm28462,1,0,0,0,0,0
Gm28463,0,0,0,0,0,0
Gm28464,0,0,0,0,0,0
Gm28465,1,0,0,0,0,0
Gm28469,0,0,0,0,0,0
Gm28470,0,0,0,0,0,0
Gm28472,0,0,0,0,0,0
Gm28475,0,1,0,0,0,0
Gm28482,0,0,0,0,0,0
Gm28485,0,0,0,0,0,0
Gm28486,0,0,0,0,0,0
Gm28487,0,0,0,0,0,0
Gm28488,0,0,0,0,0,0
Gm28490,0,0,0,0,0,0
Gm28491,0,0,0,0,0,0
Gm28493,1,1,0,0,1,1
Gm28494,0,0,0,0,0,0
Gm28497,1,0,1,1,1,0
Gm28501,0,0,0,0,0,0
Gm28502,0,0,0,0,0,0
Gm28505,0,4,2,1,0,1
Gm28509,0,0,0,0,0,0
Gm28510,0,0,0,0,0,0
Gm28511,0,0,0,0,0,0
Gm28513,9,28,11,7,15,26
Gm28514,3,4,2,2,1,1
Gm28515,1,0,0,1,0,0
Gm28516,0,0,0,0,0,0
Gm28517,0,0,0,0,0,0
Gm28518,0,0,0,0,0,0
Gm28519,0,0,0,0,0,0
Gm28520,0,0,0,0,0,0
Gm28521,0,0,0,0,0,0
Gm28522,0,0,0,0,0,0
Gm28523,32,42,37,9,48,36
Gm28526,6,0,3,0,1,0
Gm28528,8,5,7,2,6,3
Gm28529,18,24,10,13,18,12
Gm28532,0,0,0,0,0,0
Gm28535,77,95,39,44,56,73
Gm28536,3,6,0,3,3,6
Gm28538,0,0,0,0,0,0
Gm28539,0,0,0,1,1,0
Gm28540,0,0,0,0,0,0
Gm28541,0,0,0,0,0,0
Gm28543,0,0,0,1,0,0
Gm28545,0,0,0,0,0,0
Gm28547,0,0,0,0,0,0
Gm28548,0,0,0,0,0,0
Gm28549,0,0,0,0,0,0
Gm28550,0,0,0,0,0,0
Gm28551,14,12,10,11,8,9
Gm28553,0,0,0,0,0,0
Gm28554,0,0,0,0,0,0
Gm28556,0,1,0,0,0,0
Gm28557,111,145,86,67,125,86
Gm28561,0,0,0,0,0,0
Gm28563,1,0,0,0,0,0
Gm28564,0,0,0,0,0,0
Gm28565,0,0,0,0,0,0
Gm28566,0,0,0,0,0,0
Gm28568,0,0,0,0,0,0
Gm28570,0,0,0,0,0,0
Gm28571,0,0,0,0,0,0
Gm28575,0,0,0,0,0,0
Gm28576,0,0,0,0,0,0
Gm28578,263,254,218,147,194,168
Gm28579,0,0,0,0,0,0
Gm28585,0,0,0,0,0,0
Gm28587,4,5,1,4,0,1
Gm28588,0,0,0,0,0,0
Gm28590,2,0,3,0,1,0
Gm28592,19,38,16,19,34,31
Gm28593,0,0,0,0,0,0
Gm28595,0,0,0,0,0,0
Gm28600,0,0,0,0,0,0
Gm28604,0,0,0,0,0,0
Gm28606,0,0,0,0,0,0
Gm28609,46,44,23,23,34,27
Gm2861,1,1,1,1,1,1
Gm28610,1,0,0,0,0,0
Gm28612,0,0,0,0,0,0
Gm28613,0,0,0,0,0,0
Gm28616,0,0,0,0,0,0
Gm28617,0,0,0,0,0,0
Gm28619,0,0,0,0,0,0
Gm28620,0,0,0,0,0,0
Gm28622,0,1,0,0,1,0
Gm28625,0,0,0,0,0,0
Gm28626,9,5,3,6,5,1
Gm28632,0,0,0,0,0,0
Gm28633,0,0,0,0,0,0
Gm28634,0,0,0,0,0,0
Gm28635,0,0,0,0,0,0
Gm28638,1,1,0,0,0,1
Gm28639,0,0,0,0,0,0
Gm28640,0,0,0,0,0,0
Gm28641,5,9,2,1,4,7
Gm28643,0,0,0,0,0,0
Gm28644,0,0,0,0,0,0
Gm28651,0,1,1,1,0,0
Gm28652,0,0,0,0,0,0
Gm28653,1,2,0,0,0,0
Gm28656,0,0,0,0,0,0
Gm28663,0,0,0,0,0,0
Gm28664,0,0,0,0,0,0
Gm28668,0,0,0,0,0,0
Gm28670,0,0,0,0,0,0
Gm28672,0,0,0,0,0,0
Gm28673,0,0,0,0,0,0
Gm28674,0,0,0,0,0,0
Gm28675,4,1,1,1,0,3
Gm28676,0,2,0,2,0,1
Gm28679,0,0,0,0,0,0
Gm28681,0,0,0,0,0,0
Gm28684,0,0,0,0,0,0
Gm28687,0,0,0,0,0,0
Gm28689,0,0,0,0,0,0
Gm28690,0,0,0,0,0,0
Gm28691,0,0,0,0,0,0
Gm28692,0,0,0,0,0,0
Gm28694,1,1,0,0,0,0
Gm28696,0,0,0,0,0,0
Gm28697,0,0,0,0,0,0
Gm28701,0,0,0,0,0,0
Gm28702,0,0,0,0,0,0
Gm28703,11,16,12,5,9,12
Gm28704,0,0,0,0,0,0
Gm28706,0,0,0,0,1,0
Gm28707,5,12,7,10,16,8
Gm28709,0,0,0,0,0,0
Gm28710,1,2,0,0,3,2
Gm28710-1,0,0,0,0,0,0
Gm28718,0,0,0,0,0,0
Gm28721,0,0,0,0,0,0
Gm28722,4,4,5,2,4,3
Gm28723,15,16,8,7,7,10
Gm28725,0,0,0,0,0,0
Gm28726,0,0,0,0,0,0
Gm28727,8,11,9,8,9,6
Gm28729,0,6,4,0,4,5
Gm28730,0,1,2,0,0,0
Gm28731,16,21,2,5,12,10
Gm28732,0,0,0,0,0,0
Gm28733,0,0,0,0,0,0
Gm28735,0,0,0,0,0,0
Gm28741,0,0,0,0,0,0
Gm28743,0,0,0,0,0,0
Gm28744,0,0,0,0,0,0
Gm28745,0,0,0,0,0,0
Gm28746,0,0,0,0,0,0
Gm28747,1,1,0,0,0,0
Gm28750,0,2,1,0,2,1
Gm28753,0,0,0,0,0,0
Gm28754,0,0,0,0,0,0
Gm28758,0,0,0,0,0,0
Gm28760,0,0,0,0,0,0
Gm28761,0,0,0,0,0,0
Gm28762,0,0,0,0,0,0
Gm28763,0,0,0,0,0,0
Gm28764,0,0,0,0,0,0
Gm28765,0,0,0,0,0,0
Gm28771,0,0,0,0,0,0
Gm28772,0,0,0,0,0,0
Gm28774,0,0,0,0,0,0
Gm28775,0,0,0,0,0,0
Gm28777,1,0,0,1,0,0
Gm28778,0,0,0,0,0,0
Gm28782,5,8,2,4,2,1
Gm28783,2,2,4,1,2,3
Gm28784,11,4,17,7,12,17
Gm28786,0,0,0,0,0,0
Gm28789,0,0,0,0,0,0
Gm28793,0,0,0,0,0,0
Gm28798,0,0,0,0,0,0
Gm28799,0,0,0,0,0,0
Gm28800,102,71,49,45,48,38
Gm28806,0,0,0,0,0,0
Gm28807,0,0,1,0,0,0
Gm28809,2,1,1,1,1,2
Gm28810,0,0,0,0,0,0
Gm28811,0,0,0,0,0,0
Gm28813,0,0,0,0,0,0
Gm28816,0,0,0,0,0,0
Gm28817,0,0,0,0,0,0
Gm28818,1,0,0,0,0,0
Gm28820,0,0,0,0,0,0
Gm28821,0,0,0,0,0,0
Gm28822,0,0,0,0,0,0
Gm28823,0,0,0,0,0,0
Gm28824,0,0,0,0,0,0
Gm28826,1,1,2,0,0,0
Gm28827,0,0,0,0,0,0
Gm28832,0,0,0,0,0,0
Gm28834,0,0,0,0,0,0
Gm28836,28,36,14,17,28,26
Gm28839,0,0,0,0,0,0
Gm28842,0,0,0,0,0,0
Gm28845,0,0,0,0,0,0
Gm2885,68,72,52,35,42,39
Gm28850,0,0,0,0,0,0
Gm28851,0,0,0,0,0,0
Gm28852,0,0,0,0,0,0
Gm28853,0,0,0,0,0,0
Gm28856,1,2,2,4,1,1
Gm28857,2,1,0,0,1,2
Gm28858,0,0,0,0,0,0
Gm28863,0,0,0,0,0,0
Gm28864,0,0,0,0,0,0
Gm28865,1,2,2,1,0,0
Gm28866,0,0,0,0,0,0
Gm28867,0,0,1,0,0,0
Gm28870,0,0,0,0,0,0
Gm28872,0,0,1,0,0,0
Gm28874,23,26,29,24,32,22
Gm28875,27,22,15,6,20,21
Gm28876,12,16,8,14,23,11
Gm28878,0,0,0,0,0,0
Gm2888,0,0,0,0,0,0
Gm28880,0,0,0,0,0,0
Gm28881,0,0,1,0,0,0
Gm28884,9,12,9,5,5,8
Gm28886,0,0,0,0,0,0
Gm28887,0,0,0,0,0,0
Gm28888,0,0,0,0,0,0
Gm28889,0,0,0,0,0,0
Gm28890,0,0,0,0,0,0
Gm28891,0,0,0,0,0,0
Gm28892,16,19,10,7,9,15
Gm28897,0,0,0,0,0,0
Gm28898,0,0,0,0,0,0
Gm28901,14,10,4,8,16,14
Gm28902,0,0,0,0,0,0
Gm28905,500,411,280,196,318,362
Gm28908,0,0,0,0,0,0
Gm28913,3,5,3,6,5,1
Gm28914,2,3,1,1,2,2
Gm28919,0,0,0,0,0,0
Gm28928,7550,10589,5499,4967,5991,7113
Gm28930,0,0,0,0,0,0
Gm28932,2,1,5,0,1,2
Gm28935,0,0,0,0,0,0
Gm28938,0,0,0,0,0,0
Gm28940,1,1,0,2,0,0
Gm28942,0,0,0,0,0,0
Gm28944,0,0,0,0,0,0
Gm28945,0,0,0,0,0,0
Gm28947,0,0,0,0,0,0
Gm28948,0,0,0,0,0,0
Gm28950,0,0,0,0,0,0
Gm28954,0,0,0,0,0,0
Gm28955,0,0,0,0,0,0
Gm28959,17,29,19,13,28,20
Gm28960,0,0,0,0,0,0
Gm28961,0,0,0,0,0,0
Gm28962,0,0,0,0,0,0
Gm28963,0,0,0,0,0,0
Gm28964,0,0,0,0,0,0
Gm28965,0,0,0,0,0,0
Gm28966,0,0,0,0,0,0
Gm2897,118,137,103,70,106,115
Gm28970,0,0,0,0,0,0
Gm28971,0,0,0,0,0,0
Gm28972,0,1,0,0,0,0
Gm28977,0,0,0,0,0,0
Gm28979,0,0,0,0,0,1
Gm28981,2,7,3,1,1,3
Gm28982,0,1,1,1,2,1
Gm28984,0,0,0,0,0,0
Gm28985,0,0,0,0,0,0
Gm28986,0,0,0,0,0,0
Gm28987,0,0,0,0,0,0
Gm28988,42,29,12,21,25,26
Gm28989,36,26,26,14,18,27
Gm28991,0,0,1,0,1,1
Gm28993,0,0,0,0,0,0
Gm28994,0,0,0,0,0,0
Gm28998,0,0,0,0,0,0
Gm28999,0,0,0,0,0,0
Gm29003,0,0,0,0,0,0
Gm29005,0,0,0,0,0,0
Gm29007,0,0,0,0,0,0
Gm29009,0,0,0,0,0,0
Gm29010,0,0,0,0,0,0
Gm29012,0,0,0,0,0,0
Gm29015,0,0,0,1,0,0
Gm29016,0,0,0,0,0,0
Gm29017,3,4,5,4,1,7
Gm29018,0,0,0,0,0,0
Gm29019,8,7,8,3,6,8
Gm29020,0,0,0,0,0,0
Gm29021,0,0,0,0,0,0
Gm29023,0,0,0,0,0,0
Gm29025,0,0,0,0,0,0
Gm29027,0,0,0,0,0,0
Gm29028,0,0,0,0,0,0
Gm29040,0,0,0,0,0,0
Gm29042,0,0,0,0,0,0
Gm29043,0,0,0,0,0,0
Gm29044,0,0,0,0,0,0
Gm29046,0,0,0,0,0,0
Gm29049,0,0,0,0,0,0
Gm29050,4,2,5,4,1,2
Gm29051,0,0,0,0,0,0
Gm29052,0,0,0,0,0,0
Gm29053,0,0,0,0,0,0
Gm29056,0,0,0,0,0,0
Gm29060,0,0,0,0,0,0
Gm29061,0,0,0,0,0,0
Gm29063,0,0,0,0,0,0
Gm29064,1,0,0,0,0,0
Gm29065,0,1,0,0,1,0
Gm29066,0,0,0,0,0,0
Gm29067,1,0,0,0,0,0
Gm29069,3,5,3,1,0,0
Gm29070,0,0,0,0,0,0
Gm29071,0,0,0,0,0,0
Gm29074,0,0,0,0,0,0
Gm29077,0,0,0,0,0,0
Gm29078,0,0,0,0,0,0
Gm29080,0,0,0,0,0,0
Gm29081,0,0,0,0,0,0
Gm29082,0,0,0,0,0,0
Gm29083,60,47,37,12,38,34
Gm29084,9,13,6,5,13,14
Gm29087,1,2,2,1,2,5
Gm29088,16,15,17,8,19,18
Gm29089,0,0,0,0,0,0
Gm29090,0,0,0,0,0,0
Gm29091,0,0,0,0,0,0
Gm29094,0,0,2,1,0,0
Gm29098,0,0,0,0,0,0
Gm29099,0,1,0,0,0,0
Gm29100,39,22,15,13,14,8
Gm29106,2,0,0,0,0,0
Gm29107,46,62,82,23,61,68
Gm29108,0,0,0,0,0,0
Gm29110,0,0,0,0,0,0
Gm29113,11,16,22,5,13,16
Gm29114,1,1,3,1,2,3
Gm29116,0,0,0,0,0,0
Gm29117,0,0,0,0,0,0
Gm2912,3,4,1,2,2,2
Gm29122,0,0,0,0,0,0
Gm29123,3,1,0,0,1,2
Gm29125,2,2,1,4,1,0
Gm29128,0,2,0,0,0,0
Gm29129,0,0,0,0,1,0
Gm29130,0,0,0,0,0,0
Gm29131,0,0,0,0,0,0
Gm29132,0,0,0,0,0,0
Gm29133,1,0,1,1,0,0
Gm29135,4,3,3,3,7,4
Gm29137,2,1,1,0,0,1
Gm29139,0,0,0,0,0,0
Gm29146,0,0,0,0,0,0
Gm29151,1,2,0,0,1,3
Gm29152,1,0,0,0,1,0
Gm29154,0,5,8,1,9,6
Gm29155,7,7,10,7,5,3
Gm29156,15,23,10,7,17,15
Gm29157,0,4,0,2,1,2
Gm29158,0,0,0,0,0,0
Gm2916,0,1,2,0,0,1
Gm29162,0,0,0,0,0,0
Gm29166,0,0,0,0,0,0
Gm29168,0,0,0,0,0,0
Gm29175,1,2,2,2,1,2
Gm29182,0,0,0,0,0,0
Gm29183,2,0,1,0,1,3
Gm29185,0,0,0,0,1,0
Gm29186,0,0,0,0,0,0
Gm29187,0,1,0,0,0,0
Gm29188,0,1,0,0,0,0
Gm29190,0,0,0,0,0,0
Gm29191,0,0,0,0,0,0
Gm29193,0,0,0,0,0,0
Gm29194,0,1,0,0,0,0
Gm29198,0,0,0,0,0,0
Gm29200,4,7,5,2,5,4
Gm29202,0,0,0,0,0,0
Gm29203,0,0,0,0,0,0
Gm29204,0,0,0,0,0,0
Gm29206,0,0,0,0,0,0
Gm29207,0,0,0,0,0,0
Gm29208,1,1,2,1,1,1
Gm29209,0,0,0,0,0,0
Gm29210,0,0,0,0,0,0
Gm29213,0,0,0,0,0,0
Gm29215,0,0,0,0,0,0
Gm29217,0,0,0,0,0,0
Gm29219,0,0,0,0,0,0
Gm29220,0,0,0,0,0,0
Gm29221,0,0,0,0,0,0
Gm29222,0,0,0,0,0,0
Gm29225,0,0,0,0,0,0
Gm29226,0,0,0,0,0,0
Gm29230,0,0,1,0,0,0
Gm29233,0,0,0,0,0,0
Gm29234,5,12,7,3,15,9
Gm29235,0,0,0,0,0,0
Gm29237,13,18,11,17,19,18
Gm29242,0,0,0,0,0,0
Gm29243,0,0,0,0,0,0
Gm29246,19,20,16,11,18,13
Gm29248,0,0,0,0,0,0
Gm29250,0,0,0,0,0,0
Gm29252,0,0,0,0,0,0
Gm29255,0,0,0,0,0,0
Gm29260,2,4,2,1,5,1
Gm29261,5,6,8,2,5,0
Gm29264,8,10,5,1,9,13
Gm29265,0,0,0,0,0,0
Gm29266,0,0,0,0,2,2
Gm29270,0,0,0,0,0,0
Gm29271,0,0,0,0,0,0
Gm29274,0,0,0,0,0,0
Gm29275,0,0,0,0,0,0
Gm29276,0,0,0,0,0,0
Gm29277,0,0,0,0,0,0
Gm29278,0,0,0,0,0,0
Gm29282,3,2,2,3,2,1
Gm29283,0,0,0,0,0,0
Gm29285,0,0,0,0,0,0
Gm29286,0,0,0,0,0,0
Gm29289,0,0,0,0,0,0
Gm29290,0,0,0,0,0,0
Gm29291,25,38,32,32,52,23
Gm29292,7,16,6,3,15,17
Gm29295,2,5,3,1,0,4
Gm29296,0,0,0,0,0,0
Gm29297,0,0,0,0,0,0
Gm29301,0,0,0,0,0,0
Gm29302,0,0,0,0,0,0
Gm29303,0,0,0,0,0,0
Gm29305,0,0,0,0,0,0
Gm29309,0,0,0,0,0,0
Gm29311,0,0,0,0,0,0
Gm29313,0,0,0,0,0,0
Gm29315,0,0,0,0,0,0
Gm29316,0,0,0,0,0,0
Gm29318,0,0,0,0,0,0
Gm29321,0,0,0,0,0,0
Gm29323,1,0,0,0,0,0
Gm29324,0,0,0,0,0,0
Gm29325,250,285,288,151,205,213
Gm29326,0,0,0,0,0,0
Gm29327,0,0,1,0,0,0
Gm29328,0,0,0,0,0,0
Gm29329,0,0,0,0,0,0
Gm29331,0,0,0,0,0,0
Gm29336,1,0,0,0,0,0
Gm29337,0,0,0,0,0,0
Gm29338,0,0,0,0,0,0
Gm29340,118,160,52,77,90,88
Gm29341,0,0,0,0,0,0
Gm29342,0,0,0,0,0,0
Gm29343,0,0,0,0,0,0
Gm29345,0,0,0,0,0,0
Gm29346,0,0,0,0,0,0
Gm29347,0,0,0,0,0,0
Gm29348,0,0,0,0,0,0
Gm29349,0,0,0,0,0,0
Gm29351,0,0,0,0,0,0
Gm29353,0,0,0,0,0,0
Gm29359,1,3,0,0,0,0
Gm29360,0,0,0,0,0,0
Gm29361,135,163,133,39,117,98
Gm29362,0,1,0,0,0,0
Gm29363,0,0,0,0,0,0
Gm29364,0,0,0,0,0,0
Gm29367,38,61,45,43,51,43
Gm29368,0,0,0,0,0,0
Gm29370,0,0,0,0,0,0
Gm29371,0,0,0,0,0,0
Gm29373,0,0,0,0,0,0
Gm29374,36,13,11,2,15,21
Gm29379,0,0,0,0,0,0
Gm29380,0,0,0,0,0,0
Gm29381,0,0,0,0,0,0
Gm29384,0,0,0,0,0,0
Gm29386,0,0,0,0,0,0
Gm29387,0,0,0,0,0,0
Gm29392,0,0,0,0,0,0
Gm29393,0,0,0,0,0,0
Gm29394,138,112,134,69,92,88
Gm29395,31,19,23,10,21,9
Gm29398,4,5,3,0,1,0
Gm29399,0,0,0,0,0,0
Gm29404,0,0,0,0,0,0
Gm29405,0,0,0,0,0,0
Gm29406,0,0,0,0,0,0
Gm29408,13,16,20,13,12,13
Gm29409,0,0,0,0,0,0
Gm29414,1,0,0,0,0,0
Gm29416,0,0,0,0,0,0
Gm29417,9,16,5,6,6,9
Gm29418,1,1,0,0,0,0
Gm29421,0,0,0,0,0,0
Gm29423,0,0,0,0,0,0
Gm29425,0,0,0,0,0,0
Gm29426,0,0,0,0,0,0
Gm29427,4,4,3,6,5,10
Gm29430,0,0,0,0,0,0
Gm29431,68,92,24,54,57,55
Gm29433,0,0,0,0,0,0
Gm29434,3,2,1,0,1,1
Gm29436,0,0,0,0,0,0
Gm29439,0,0,1,0,0,0
Gm29442,0,0,0,0,1,0
Gm29443,8,16,9,4,13,14
Gm29444,0,0,0,0,0,0
Gm29445,0,0,0,0,0,0
Gm29446,0,0,0,0,0,0
Gm29449,0,0,0,0,0,0
Gm29450,0,0,0,0,0,0
Gm29455,52,50,57,31,55,39
Gm29456,0,0,0,0,0,0
Gm29457,0,0,0,0,0,0
Gm29458,2,2,0,3,2,0
Gm29459,0,0,0,0,0,0
Gm29461,1,0,0,1,2,1
Gm29464,1,1,2,0,0,1
Gm29466,0,0,0,0,0,0
Gm29467,0,0,0,0,0,0
Gm29472,0,0,0,0,0,0
Gm29473,0,0,0,0,0,0
Gm29477,0,0,0,0,0,0
Gm29478,8,6,8,5,7,2
Gm29480,35,31,30,19,24,25
Gm29481,0,0,0,0,0,1
Gm29482,0,0,0,0,0,0
Gm29483,3,5,7,3,7,5
Gm29491,9,3,4,1,3,3
Gm29497,0,0,0,0,0,0
Gm29498,0,0,0,0,0,0
Gm29500,0,0,0,0,0,0
Gm29501,0,0,0,0,0,0
Gm29502,66,54,24,31,47,35
Gm29504,0,0,0,0,0,0
Gm29507,0,1,2,1,1,0
Gm29508,1,10,2,2,4,5
Gm29509,1,0,0,1,0,0
Gm29511,0,0,0,0,0,0
Gm29513,0,0,0,0,0,0
Gm29514,315,393,290,189,319,293
Gm29515,0,0,0,0,0,0
Gm29520,1,0,0,0,1,0
Gm29522,0,0,0,0,0,0
Gm29527,0,0,0,0,0,0
Gm29529,4,7,0,3,1,1
Gm29530,3,11,3,5,3,6
Gm29531,0,0,0,0,0,0
Gm29532,0,0,0,0,0,0
Gm29536,3,0,0,0,1,0
Gm29537,0,0,0,0,0,0
Gm29538,0,0,0,0,0,0
Gm29539,0,1,1,0,0,1
Gm29542,18,18,10,18,36,22
Gm29543,16,19,5,4,6,7
Gm29547,0,0,0,0,0,0
Gm29549,0,0,0,0,0,0
Gm29554,0,1,0,0,0,1
Gm29555,0,0,0,0,0,0
Gm29557,0,0,0,0,0,0
Gm2956,8,9,6,7,9,5
Gm29561,0,0,0,0,0,1
Gm29562,7,17,3,10,9,21
Gm29564,0,0,0,0,0,0
Gm29565,0,0,0,0,0,0
Gm29566,0,0,0,0,0,0
Gm29568,0,0,0,0,0,0
Gm29569,0,0,0,0,0,0
Gm29570,6,6,7,3,4,6
Gm29571,8,8,4,0,2,5
Gm29578,0,0,0,0,0,0
Gm29579,0,0,0,0,0,0
Gm29580,0,0,0,0,0,0
Gm29581,0,0,0,0,0,0
Gm29582,0,0,0,0,0,0
Gm29584,0,0,0,0,0,0
Gm29585,7,8,1,1,0,4
Gm29587,2,0,0,0,0,2
Gm29588,0,0,0,0,0,0
Gm29590,0,0,0,0,0,0
Gm29591,0,0,0,0,0,0
Gm29593,25,22,17,16,19,22
Gm29594,63,47,29,20,28,44
Gm29595,48,45,18,22,35,34
Gm29601,0,0,0,0,0,0
Gm29606,0,0,0,0,0,0
Gm29609,27,37,22,20,30,33
Gm29611,0,1,0,0,0,0
Gm29612,0,0,0,0,0,0
Gm29616,0,0,0,0,0,0
Gm29622,0,0,0,0,0,0
Gm29625,0,0,0,0,0,0
Gm29626,1,1,0,0,1,0
Gm29628,0,0,0,0,0,0
Gm29629,20,35,12,16,14,12
Gm29630,0,0,0,0,0,0
Gm29632,0,0,0,0,0,0
Gm29636,0,0,0,0,0,0
Gm29638,0,0,0,0,0,0
Gm29642,28,35,16,12,26,26
Gm29644,0,0,0,0,0,0
Gm29645,0,0,0,0,0,0
Gm29646,0,0,0,0,0,0
Gm29648,0,0,0,0,0,0
Gm29650,94,104,98,53,97,85
Gm29653,0,0,0,0,0,0
Gm29654,0,0,0,0,0,0
Gm29655,0,0,0,0,0,0
Gm29656,0,0,0,0,0,0
Gm29660,0,0,0,0,0,0
Gm29662,0,0,0,0,0,0
Gm29663,0,0,1,0,0,0
Gm29664,2,0,0,0,0,0
Gm29665,0,0,0,0,0,0
Gm29666,512,563,442,282,469,385
Gm29669,0,0,0,0,1,0
Gm29671,0,0,0,0,0,0
Gm29672,0,0,0,0,0,0
Gm29674,746,805,472,433,499,529
Gm29675,53,69,109,41,61,56
Gm29676,12,18,12,5,12,14
Gm29678,0,0,0,0,0,0
Gm29680,1,0,0,0,1,0
Gm29681,8,7,14,4,2,6
Gm29682,0,0,0,0,1,1
Gm29683,85,100,73,26,106,87
Gm29684,3,4,2,5,3,3
Gm29685,1,0,0,0,0,0
Gm29687,0,0,0,0,0,0
Gm29707,13,21,10,8,14,12
Gm29724,88,117,84,65,77,89
Gm29735,0,0,0,0,0,0
Gm2974,60,49,37,42,50,49
Gm29771,32,24,22,7,14,32
Gm29773,36,47,30,28,27,18
Gm29776,1,1,1,1,1,0
Gm29797,13,13,14,1,7,9
Gm29811,4,5,3,4,5,8
Gm29824,0,0,0,0,0,0
Gm29825,2,3,1,1,1,4
Gm29839,0,0,0,0,0,0
Gm29865,1,2,3,0,2,3
Gm29866,0,0,0,0,0,0
Gm29895,0,1,2,1,0,1
Gm2990,18,8,13,8,8,8
Gm29909,0,0,0,0,0,0
Gm29918,0,0,0,0,0,0
Gm29926,0,0,0,0,0,0
Gm29927,5,15,10,8,3,10
Gm29961,1,4,0,2,1,1
Gm29968,0,0,0,0,0,0
Gm29994,14,19,13,13,19,24
Gm2a,656,881,449,302,683,462
Gm30003,60,56,37,30,69,47
Gm30008,1,0,0,0,0,0
Gm3002,9,13,10,5,11,6
Gm30025,302,390,135,241,245,221
Gm30034,0,0,0,0,0,1
Gm30043,0,0,0,0,0,0
Gm30045,0,0,0,0,0,0
Gm3005,2,4,3,2,1,2
Gm30052,1,0,0,0,0,0
Gm30054,20,29,12,15,32,28
Gm30074,1,2,1,0,1,0
Gm30075,13,26,9,10,23,19
Gm30083,0,0,0,0,0,0
Gm30085,210,250,126,95,148,132
Gm30097,0,0,0,0,0,0
Gm30108,38,26,18,20,13,19
Gm3012,0,0,0,0,0,0
Gm30122,47,73,78,52,77,79
Gm30127,0,4,2,1,0,2
Gm30132,0,0,0,0,0,0
Gm30146,0,0,0,0,0,0
Gm3015,0,0,0,0,0,0
Gm30159,0,2,0,0,0,0
Gm30165,0,0,0,0,0,1
Gm30173,2,2,2,1,3,1
Gm30174,0,0,0,0,0,0
Gm30177,214,285,96,154,131,197
Gm30191,1,0,1,1,1,2
Gm30198,0,0,0,0,0,0
Gm3020,96,105,39,55,78,56
Gm30211,0,0,0,0,1,0
Gm30214,12,7,7,4,3,11
Gm30228,0,1,0,0,0,0
Gm30239,0,1,2,0,0,2
Gm30246,8,8,9,3,3,3
Gm30262,0,0,0,0,2,0
Gm30270,0,4,1,0,2,3
Gm30275,1,0,0,0,1,1
Gm3029,0,0,2,1,0,1
Gm30292,1,1,1,0,1,1
Gm30301,0,0,0,0,0,0
Gm30302,0,0,0,0,0,0
Gm30313,14,16,10,10,12,14
Gm30329,8,17,16,8,22,11
Gm3033,0,0,1,0,0,0
Gm30332,3,2,1,0,1,1
Gm30340,40,60,93,15,49,39
Gm30353,0,0,0,0,0,0
Gm30373,7,11,10,10,11,8
Gm30382,2043,2534,1589,1170,1863,1979
Gm30411,2,2,1,1,1,0
Gm30414,0,3,0,1,1,0
Gm3043,0,0,0,0,0,0
Gm3045,0,0,0,0,0,0
Gm30459,1,0,2,0,1,0
Gm30467,0,0,0,0,0,2
Gm3047,11,14,2,8,13,6
Gm30484,0,0,1,1,0,2
Gm30489,1,0,4,2,2,3
Gm30498,1,0,0,0,0,0
Gm30504,33,67,25,16,32,30
Gm30524,4,1,1,1,2,3
Gm3054,0,0,0,0,0,0
Gm3055,320,397,277,186,294,293
Gm30551,0,0,0,1,1,1
Gm30556,0,0,0,0,0,0
Gm30557,0,0,0,0,0,0
Gm30563,41,32,30,27,34,30
Gm30570,0,0,1,0,0,0
Gm30600,0,0,0,0,0,0
Gm30606,21,29,13,9,8,12
Gm30613,0,0,0,0,0,1
Gm30624,2,6,6,2,7,7
Gm30648,101,150,65,55,97,117
Gm30655,122,131,125,63,112,96
Gm30667,1,0,0,0,0,1
Gm30676,0,0,0,0,0,0
Gm30684,12,17,9,4,14,15
Gm30686,0,0,0,0,0,0
Gm30691,0,0,0,0,0,0
Gm30692,0,0,0,0,0,0
Gm30705,0,0,0,0,0,0
Gm30709,1,0,1,1,0,0
Gm30717,1,1,0,0,0,1
Gm3072,0,0,0,0,0,0
Gm30725,0,0,0,0,0,0
Gm30731,143,166,69,78,96,104
Gm30735,0,1,0,0,0,0
Gm30737,0,0,0,0,0,0
Gm30771,2,2,1,1,2,5
Gm30781,0,0,0,0,0,0
Gm30784,0,0,0,0,0,0
Gm30790,0,0,0,0,0,1
Gm30808,0,0,0,0,0,0
Gm30835,0,2,0,1,0,0
Gm30849,0,0,0,0,1,1
Gm30853,0,0,0,0,0,1
Gm30873,19,25,24,10,20,14
Gm30893,12,18,8,7,16,13
Gm30906,11,7,5,6,5,4
Gm30918,0,1,1,1,0,1
Gm30928,7,5,2,2,7,5
Gm30929,7,22,25,11,22,17
Gm30931,1,0,0,1,0,0
Gm30932,0,0,0,0,0,0
Gm30934,26,52,19,15,31,41
Gm30948,0,0,1,1,0,1
Gm3095,4,0,2,0,0,1
Gm30954,0,0,0,1,0,0
Gm30978,2,0,1,0,1,0
Gm3099,0,0,0,0,0,0
Gm31013,0,0,0,0,0,1
Gm31025,0,0,1,0,0,0
Gm31026,0,0,0,0,0,0
Gm31036,0,0,0,0,0,0
Gm31045,0,0,1,0,0,1
Gm31048,0,0,0,0,0,0
Gm3106,0,0,0,0,0,0
Gm31063,0,0,0,0,0,0
Gm31072,0,0,0,0,0,0
Gm31105,17,44,14,9,22,12
Gm31107,80,83,52,45,84,96
Gm31108,0,0,1,2,0,0
Gm31121,0,0,0,0,0,0
Gm31126,4,1,1,2,2,1
Gm31135,10,4,7,0,5,6
Gm31138,0,0,0,0,0,0
Gm3115,0,0,0,0,0,0
Gm31152,157,157,220,99,156,154
Gm31172,2,0,0,0,1,1
Gm31181,0,0,0,0,0,0
Gm31182,14,8,15,5,6,5
Gm31218,174,223,173,120,163,186
Gm31219,0,0,0,0,1,0
Gm31224,1,1,1,0,2,1
Gm31227,56,63,39,15,25,51
Gm31243,2,5,0,0,1,2
Gm31251,65,63,108,27,53,65
Gm31266,17,20,5,10,4,7
Gm31267,0,0,0,0,0,0
Gm3127,0,1,0,0,0,0
Gm31282,127,107,116,79,71,98
Gm31294,0,1,0,0,0,1
Gm31305,18,39,13,15,22,19
Gm31314,0,0,0,0,0,0
Gm31333,15,7,17,6,7,11
Gm31343,0,0,1,1,0,0
Gm31363,0,0,0,0,0,0
Gm3137,0,1,0,0,0,0
Gm31371,8,14,25,7,8,7
Gm31373,0,1,0,1,0,0
Gm31374,7,8,7,3,12,7
Gm31378,1,1,0,0,3,0
Gm3138,0,0,0,0,0,0
Gm3139,0,0,0,0,0,0
Gm31393,0,0,0,0,0,0
Gm31401,0,0,0,0,0,0
Gm31406,3,4,3,4,3,3
Gm31408,34,27,7,10,24,13
Gm31409,2,5,1,4,2,7
Gm31410,5,8,9,9,9,4
Gm31415,0,0,0,0,0,0
Gm31422,0,0,0,0,0,0
Gm3143,0,0,0,0,1,0
Gm31432,12,28,14,14,20,19
Gm31447,0,0,0,0,0,0
Gm31450,0,0,0,0,0,0
Gm31452,5,4,9,7,6,4
Gm31456,0,0,0,0,0,0
Gm31458,0,0,0,0,0,0
Gm31463,0,0,0,0,0,0
Gm31466,0,0,0,0,0,1
Gm3147,0,0,0,0,0,0
Gm31479,14,11,7,7,5,12
Gm3149,0,0,0,0,0,0
Gm31497,0,0,0,0,1,0
Gm31508,157,171,201,98,171,136
Gm31513,9,9,10,10,7,8
Gm31518,38,29,25,25,16,17
Gm31522,3,0,4,1,1,3
Gm31545,0,2,0,0,2,1
Gm31557,2,2,7,4,8,8
Gm31562,0,0,0,0,0,0
Gm31571,0,0,0,0,0,0
Gm31577,5,11,11,3,15,7
Gm3159,0,2,0,1,0,0
Gm31592,55,88,32,29,38,40
Gm31597,4,5,4,2,4,0
Gm31600,0,1,0,1,2,0
Gm31614,40,43,12,18,21,44
Gm3164,20,11,9,11,20,7
Gm31651,0,1,1,0,2,1
Gm31659,0,0,0,0,0,0
Gm31678,0,0,0,0,0,0
Gm31683,41,37,13,11,20,31
Gm31693,2,0,1,0,0,0
Gm31698,17,21,16,9,8,12
Gm31717,0,0,0,0,0,0
Gm31718,10,9,9,6,9,4
Gm31727,1,0,0,0,0,1
Gm31728,60,58,37,29,45,52
Gm3173,2,3,1,0,3,5
Gm31747,0,0,0,0,0,0
Gm31749,21,18,32,19,13,14
Gm31752,0,0,0,0,0,0
Gm31763,42,55,18,29,31,34
Gm31774,2,0,0,0,1,0
Gm31784,0,0,0,0,0,0
Gm31786,0,0,3,0,0,0
Gm31793,478,553,312,326,414,431
Gm31804,0,0,0,0,0,0
Gm31805,37,34,35,36,21,35
Gm31812,22,18,7,7,7,10
Gm31816,42,60,61,28,48,57
Gm3182,0,0,0,0,0,0
Gm31822,0,0,0,0,0,0
Gm3183,0,0,0,0,0,0
Gm31831,0,0,0,0,1,0
Gm31834,13,13,8,11,11,4
Gm3187,0,0,0,0,0,0
Gm31881,26,23,10,16,3,15
Gm31887,0,0,0,0,0,0
Gm31897,0,0,0,0,0,1
Gm31898,0,1,0,0,0,0
Gm31904,0,3,1,1,4,0
Gm31925,0,0,0,0,1,0
Gm31938,63,71,53,17,64,60
Gm3194,0,0,0,0,0,0
Gm31942,0,0,0,0,0,0
Gm31946,49,62,25,28,37,19
Gm31983,0,1,0,0,0,0
Gm31992,0,1,0,2,0,0
Gm32005,17,14,11,7,22,8
Gm32014,358,416,747,231,416,360
Gm32023,0,0,0,0,1,0
Gm32036,23,31,14,16,16,16
Gm32050,1,0,0,0,1,0
Gm32051,12,10,4,7,6,9
Gm32052,5,3,0,3,2,2
Gm32061,3,0,1,1,0,1
Gm32063,0,0,0,0,0,1
Gm32067,2,2,2,1,3,1
Gm32089,6,1,0,1,1,0
Gm32090,0,0,0,0,2,1
Gm32093,0,0,0,0,0,0
Gm32098,0,1,2,1,4,3
Gm32105,0,0,0,0,0,0
Gm32114,0,0,0,0,0,0
Gm32122,14,3,13,10,20,12
Gm32123,1,0,0,0,0,1
Gm32141,0,3,1,1,0,2
Gm32171,0,1,0,0,0,0
Gm32172,0,0,0,0,0,0
Gm32181,0,0,0,0,0,0
Gm32184,4,6,3,3,6,2
Gm32200,140,158,197,109,147,122
Gm32219,16,14,12,6,15,14
Gm32224,132,89,64,35,71,66
Gm32235,0,0,0,0,0,1
Gm32243,0,0,0,0,0,0
Gm32250,0,1,1,2,1,2
Gm32255,0,0,0,0,0,1
Gm3227,28,44,31,18,32,32
Gm32281,10,15,6,6,6,9
Gm32283,1,0,1,0,0,0
Gm32284,2,3,0,1,0,1
Gm32296,2,5,3,1,3,2
Gm32305,3,6,3,3,0,2
Gm3233,0,0,0,0,0,0
Gm32335,4,1,4,3,3,2
Gm3234,4,0,2,0,4,1
Gm3235,0,1,1,1,2,1
Gm32351,18,19,7,7,6,7
Gm32352,0,0,0,0,0,0
Gm32364,6,12,6,1,5,6
Gm32365,0,0,0,0,0,0
Gm32369,5,5,3,2,4,5
Gm3238,0,0,0,0,1,0
Gm32389,1,1,0,1,0,0
Gm3239,2,2,2,2,2,2
Gm32391,43,33,24,19,13,19
Gm32401,0,0,0,1,1,4
Gm32443,1,0,0,0,0,0
Gm32455,0,0,0,0,0,1
Gm32468,1,0,3,0,1,3
Gm32479,0,0,0,0,0,0
Gm3248,131,124,75,84,88,81
Gm32486,0,0,2,1,1,1
Gm32496,0,1,0,1,1,0
Gm3250,0,2,0,0,0,0
Gm32507,1,1,1,1,0,3
Gm32511,1,0,0,0,0,0
Gm32515,0,0,2,0,1,0
Gm3252,91,72,39,50,63,46
Gm32531,0,0,0,0,0,0
Gm32540,1,0,2,0,0,0
Gm32552,0,2,0,0,1,0
Gm32554,0,0,0,0,0,0
Gm32567,1,0,0,0,0,0
Gm32568,2,4,1,1,7,8
Gm32569,5,9,3,1,1,1
Gm32585,3,2,0,0,1,1
Gm3259,0,0,0,0,0,0
Gm32591,12,9,11,15,24,3
Gm32592,44,35,29,13,27,35
Gm32618,473,560,344,231,351,437
Gm32633,16,22,12,14,34,15
Gm32635,3,0,0,0,1,0
Gm3264,18,34,15,18,31,18
Gm32647,1271,948,1197,480,972,1019
Gm32687,69,79,59,39,41,31
Gm32688,2,7,0,0,3,4
Gm3269,0,0,0,0,0,0
Gm32693,0,0,0,0,0,0
Gm32710,224,236,122,100,147,132
Gm32717,0,1,0,1,1,0
Gm32729,0,0,0,0,0,0
Gm32736,2,1,0,0,0,2
Gm32742,5,0,0,0,0,0
Gm32743,4,0,2,0,2,1
Gm32754,0,0,0,0,1,1
Gm32764,0,0,0,0,0,0
Gm32772,0,0,0,0,0,0
Gm3278,11,6,8,3,7,6
Gm32780,0,0,0,0,0,0
Gm3279,18,23,19,16,19,14
Gm32802,0,1,0,0,1,0
Gm32828,88,118,77,19,31,61
Gm32834,282,302,303,138,269,194
Gm32846,0,0,0,0,0,0
Gm32849,74,133,194,71,132,77
Gm3285,2,1,4,2,1,2
Gm32850,0,0,0,0,0,0
Gm32856,676,796,566,460,624,560
Gm32857,2,2,3,0,0,1
Gm3286,0,0,0,0,0,0
Gm3286-1,0,0,0,0,0,0
Gm3287,0,0,0,0,0,0
Gm32872,0,0,0,0,0,0
Gm32877,0,0,0,0,0,0
Gm32884,0,0,0,0,0,0
Gm3289,0,0,0,0,0,1
Gm32913,0,1,0,0,0,0
Gm32914,0,0,0,0,0,0
Gm32916,1,0,0,0,0,0
Gm32921,0,0,0,0,1,0
Gm32926,524,624,313,255,428,393
Gm32939,14,9,0,5,3,1
Gm3294,856,1212,744,568,960,1156
Gm32950,89,70,20,33,40,42
Gm32975,0,0,0,0,0,0
Gm3298,0,0,1,1,0,0
Gm33016,11,5,3,1,4,5
Gm33023,12,13,16,4,12,9
Gm33024,0,0,0,0,0,0
Gm33027,8,8,4,4,6,8
Gm33035,0,0,2,0,1,0
Gm33037,0,0,0,1,0,0
Gm33045,14,9,13,8,17,19
Gm33050,3,9,2,8,2,7
Gm33051,1,0,0,0,0,1
Gm33053,1,0,0,2,0,0
Gm33054,0,1,0,0,0,0
Gm33056,0,0,1,0,0,0
Gm33091,1,2,0,0,1,1
Gm33093,0,0,0,0,0,0
Gm33103,1,0,1,2,0,1
Gm33104,0,0,0,0,0,0
Gm33111,1,0,1,0,0,1
Gm33115,0,0,0,0,0,0
Gm33148,14,12,8,3,8,11
Gm3317,0,0,0,0,0,0
Gm33172,1,0,0,1,0,1
Gm33175,1,0,0,0,0,2
Gm33180,1,0,3,1,0,0
Gm33195,142,96,82,59,84,87
Gm33201,0,0,0,0,0,0
Gm33203,0,0,0,0,0,0
Gm33206,0,0,0,0,0,0
Gm33222,0,0,0,0,0,0
Gm33246,0,0,0,0,0,0
Gm33251,0,0,0,0,0,0
Gm33263,0,0,0,0,0,0
Gm3327,0,0,0,0,0,0
Gm33280,7,9,5,3,9,12
Gm33299,0,0,0,0,0,0
Gm33301,0,0,0,0,1,1
Gm33308,0,0,0,0,0,0
Gm3331,0,0,0,0,0,0
Gm33321,0,0,0,0,0,0
Gm33326,0,0,0,0,0,0
Gm33336,0,0,0,0,0,0
Gm33337,0,0,0,0,0,0
Gm33347,0,1,0,2,0,0
Gm33351,0,0,0,0,0,0
Gm3336,3,1,4,4,2,5
Gm33370,0,2,1,1,3,0
Gm33424,0,0,0,0,0,0
Gm33447,1,0,0,0,4,1
Gm33450,0,0,0,0,0,0
Gm33460,0,0,0,0,0,0
Gm33466,0,0,0,0,0,0
Gm33467,2,7,3,3,4,8
Gm33472,0,0,0,0,0,0
Gm33474,0,0,0,1,0,0
Gm33489,0,0,2,0,1,0
Gm33497,1,0,0,0,0,0
Gm33501,0,1,0,0,0,0
Gm33524,22,18,24,10,16,12
Gm33525,0,0,0,0,0,0
Gm33533,900,1000,857,453,723,751
Gm33543,0,0,0,0,0,0
Gm33570,0,0,0,0,0,0
Gm33586,0,0,0,1,0,0
Gm33594,46,35,20,27,22,9
Gm33609,14,15,15,5,10,6
Gm33619,0,0,0,0,0,0
Gm33630,0,11,2,1,1,4
Gm33651,32,32,10,9,11,24
Gm33677,0,0,0,0,2,0
Gm33680,117,150,126,70,121,133
Gm33682,0,2,0,2,0,3
Gm33684,0,0,0,0,0,0
Gm3371,0,0,0,0,0,0
Gm33728,0,0,0,0,0,0
Gm3373,1,1,2,1,1,1
Gm33756,2,1,0,0,0,2
Gm33758,1,0,0,0,0,0
Gm3376,0,0,0,0,0,0
Gm33782,0,0,0,1,0,0
Gm33785,1,2,0,0,0,1
Gm33815,0,0,0,0,0,0
Gm33819,2,2,2,0,2,0
Gm3383,1,4,0,0,2,1
Gm33831,1,1,1,1,0,0
Gm33838,0,2,0,2,1,0
Gm33843,1,1,2,0,3,0
Gm33847,0,0,0,0,0,0
Gm33858,27,19,10,25,35,13
Gm33914,0,1,0,0,0,0
Gm33926,0,0,0,0,0,0
Gm33929,0,0,0,0,1,0
Gm33940,25,20,28,14,24,12
Gm33954,0,0,0,0,0,0
Gm33958,0,0,0,0,0,0
Gm33968,0,0,1,0,1,0
Gm33969,0,0,0,0,1,0
Gm33973,0,2,2,1,2,0
Gm33979,2,3,0,2,1,0
Gm33981,0,0,0,0,0,0
Gm33994,0,0,0,0,0,0
Gm340,96,97,151,75,93,82
Gm34004,6,4,3,0,2,3
Gm34006,142,143,66,58,86,77
Gm34016,29,23,16,17,7,16
Gm3402,0,0,0,0,0,0
Gm34030,0,0,0,0,0,0
Gm3404,0,0,0,0,0,0
Gm34045,5,13,2,5,4,8
Gm34047,0,0,0,0,1,0
Gm34059,0,0,0,0,0,0
Gm34060,0,0,0,0,0,0
Gm34066,0,1,1,0,1,1
Gm34068,2,0,4,1,1,3
Gm34069,32,37,31,11,35,29
Gm34078,0,0,0,0,0,0
Gm34081,2,2,4,0,5,2
Gm34084,1,0,0,0,0,0
Gm34086,14,14,2,9,8,13
Gm3409,0,0,0,0,0,0
Gm34093,2,1,0,0,1,2
Gm34096,0,0,0,0,1,0
Gm34099,0,0,0,0,0,0
Gm34105,0,1,2,0,1,0
Gm34106,4,3,0,1,2,0
Gm3411,30,30,10,12,27,21
Gm34113,0,1,0,0,0,0
Gm3415,0,0,0,0,0,0
Gm34150,8,16,3,7,7,7
Gm34158,0,0,0,0,0,0
Gm3417,12,18,5,6,4,4
Gm34184,0,5,0,4,9,2
Gm34215,0,0,1,0,0,0
Gm34217,0,0,0,0,0,0
Gm34225,0,0,0,0,0,0
Gm34237,22,31,33,22,26,16
Gm3424,0,0,0,0,0,0
Gm34240,0,0,0,0,0,0
Gm34250,0,1,0,0,0,0
Gm34263,0,0,0,0,0,0
Gm34276,0,0,0,0,0,1
Gm34278,0,1,0,0,0,0
Gm34280,3,3,6,7,6,5
Gm34297,0,1,0,0,0,0
Gm34302,1,2,0,0,0,0
Gm34304,47,78,31,41,41,43
Gm34307,0,2,1,0,0,0
Gm34312,0,0,0,0,0,0
Gm34322,0,0,0,0,0,0
Gm34333,0,1,1,0,0,1
Gm3434,0,1,0,0,0,0
Gm34342,0,0,1,4,3,1
Gm3435,72,68,44,39,42,70
Gm34350,1,2,0,1,1,0
Gm34354,219,265,271,152,200,199
Gm34358,0,0,0,0,0,0
Gm34368,0,0,0,0,0,1
Gm34370,0,0,0,0,0,0
Gm34376,4,2,5,2,5,2
Gm34388,1,2,2,2,2,1
Gm34397,1,0,0,0,0,0
Gm34408,0,0,0,0,0,0
Gm34411,0,0,0,0,0,0
Gm34418,5,6,2,1,3,2
Gm34419,0,1,1,1,2,0
Gm34425,35,30,15,15,17,15
Gm3443,0,0,0,0,0,0
Gm34466,44,38,23,11,13,55
Gm34471,16,17,10,4,8,8
Gm34474,0,0,1,0,0,0
Gm3448,537,704,485,346,440,462
Gm34481,0,1,0,0,0,0
Gm3453,0,0,0,0,0,0
Gm34533,0,0,0,0,0,0
Gm34549,0,0,0,0,0,0
Gm3455,1,1,0,0,0,1
Gm34550,0,0,0,0,0,0
Gm34552,189,201,97,107,113,104
Gm34557,0,1,0,0,0,1
Gm34558,0,0,0,0,0,0
Gm34562,3,3,4,3,4,4
Gm34574,127,133,77,56,79,74
Gm34585,0,0,0,0,0,0
Gm34586,0,1,0,0,0,0
Gm34590,52,38,14,22,32,31
Gm34597,1,3,0,0,1,2
Gm34599,0,2,1,0,2,2
Gm3460,0,1,0,2,0,0
Gm34609,0,0,0,0,1,0
Gm34611,0,0,0,0,0,0
Gm34623,2,1,0,0,1,0
Gm34639,1,3,2,2,4,1
Gm34648,0,0,0,0,0,0
Gm34653,2,2,0,0,0,0
Gm34654,2,2,2,0,5,0
Gm34662,0,0,0,0,0,0
Gm34664,0,1,0,0,1,0
Gm34667,11,11,12,9,9,7
Gm34672,11,9,7,4,8,3
Gm34678,1,1,0,0,1,1
Gm3468,29,10,17,21,15,16
Gm34716,0,0,0,0,0,0
Gm34719,0,0,0,0,0,0
Gm34721,29,38,46,14,26,35
Gm34728,0,0,0,0,0,0
Gm34732,0,0,0,0,0,0
Gm34756,0,0,0,0,0,0
Gm34759,80,93,112,34,79,64
Gm3476,0,0,0,0,0,0
Gm34776,42,38,46,22,40,33
Gm34777,5,9,5,4,10,11
Gm34785,0,0,0,0,0,0
Gm34788,210,227,219,104,176,148
Gm34794,2,1,0,1,0,0
Gm34809,0,0,0,0,0,0
Gm34811,0,0,0,0,0,0
Gm34816,0,0,0,0,0,0
Gm34821,5,7,1,1,4,1
Gm34829,0,0,2,0,0,0
Gm34838,1,0,2,0,0,3
Gm34853,0,0,0,0,0,0
Gm3486,0,0,0,0,0,0
Gm34866,4,5,7,7,7,5
Gm34868,2,1,0,1,0,2
Gm3488,40,25,21,22,37,25
Gm34882,1,1,4,1,2,4
Gm34885,14,9,5,6,4,4
Gm34907,25,20,22,6,27,16
Gm34908,0,0,0,0,0,0
Gm34921,1,1,0,0,1,1
Gm34923,1,0,0,0,0,2
Gm34933,1,3,10,0,5,6
Gm34934,14,24,5,5,6,13
Gm34961,119,195,45,56,95,98
Gm34964,0,0,0,0,0,0
Gm34973,0,0,0,0,0,0
Gm34983,5,4,6,5,6,5
Gm3500,1,2,0,1,1,2
Gm35019,10,12,13,8,5,8
Gm35024,0,0,0,0,0,1
Gm35028,0,0,0,1,0,1
Gm35035,1,0,0,0,1,0
Gm35037,2,2,1,0,2,0
Gm35040,228,203,185,99,188,154
Gm35041,0,0,0,0,0,0
Gm35060,1,0,0,0,0,0
Gm35065,65,83,31,47,45,39
Gm35070,0,0,0,0,0,0
Gm35077,0,0,0,0,0,0
Gm35082,1,4,0,1,1,1
Gm3509,0,0,0,0,0,0
Gm3510,138,146,116,82,105,73
Gm35101,2,10,3,3,1,2
Gm3512,202,257,134,145,177,212
Gm35134,0,0,0,0,0,0
Gm35135,0,0,0,0,0,0
Gm35147,5,4,4,2,1,4
Gm35154,12,20,15,7,42,10
Gm35161,67,73,54,57,44,48
Gm35164,0,0,0,2,0,0
Gm35166,1,4,0,1,0,3
Gm35167,1,1,0,0,0,0
Gm35172,18,24,9,17,21,17
Gm35177,0,1,1,0,0,0
Gm35188,0,0,0,0,0,0
Gm35189,0,1,0,0,3,2
Gm3519,16,26,19,3,15,14
Gm35190,2,6,1,3,1,1
Gm35191,0,0,0,0,0,0
Gm35202,0,0,0,0,0,0
Gm35206,1,4,5,0,0,1
Gm35208,0,0,1,0,2,0
Gm35215,0,0,1,0,0,0
Gm35216,0,0,0,0,0,0
Gm35217,0,0,0,0,0,0
Gm35239,0,2,1,1,3,2
Gm35240,5,8,9,3,9,0
Gm35248,7,7,1,5,2,4
Gm35256,44,45,44,39,39,42
Gm3526,0,1,0,1,0,0
Gm35274,0,0,0,1,0,0
Gm35279,0,1,0,0,0,0
Gm35281,10,8,4,1,5,8
Gm35288,2,7,2,3,3,1
Gm35298,0,0,0,0,0,0
Gm35299,1,1,2,2,0,0
Gm35309,0,1,1,0,0,1
Gm35315,23,28,8,29,25,11
Gm3532,0,0,0,0,0,0
Gm35325,0,0,0,1,0,0
Gm35326,4,3,1,1,3,1
Gm35333,0,0,0,1,0,0
Gm35339,298,322,287,134,245,284
Gm35360,0,0,0,0,0,0
Gm35363,24,19,19,12,17,17
Gm35368,0,0,0,0,0,0
Gm35371,0,0,1,0,0,0
Gm35386,0,0,0,0,0,0
Gm35392,0,0,0,0,0,1
Gm35394,46,33,28,26,18,27
Gm35404,0,0,0,0,0,0
Gm35409,1,0,0,0,0,0
Gm35419,1,0,0,1,0,2
Gm3542,0,0,0,0,0,0
Gm3543,0,0,0,0,0,0
Gm35439,2,0,0,0,0,0
Gm35453,0,0,0,0,0,0
Gm35454,1,0,0,0,1,0
Gm35496,0,0,0,0,0,0
Gm3550,1,2,0,1,0,0
Gm35501,98,122,155,83,138,125
Gm35507,6,2,3,3,8,2
Gm35514,0,0,0,0,0,0
Gm35520,1,1,0,0,0,0
Gm35521,0,0,0,0,0,0
Gm35548,2,1,0,0,0,0
Gm35549,1,0,3,0,0,1
Gm35552,96,202,23,44,110,110
Gm35558,27,25,15,15,32,22
Gm35558-1,13,13,15,5,12,18
Gm35572,1,4,1,1,1,0
Gm3558,232,296,146,140,187,197
Gm35584,0,0,0,0,0,0
Gm35585,0,2,1,1,2,2
Gm35608,3,12,4,2,7,9
Gm35611,2,1,1,0,0,0
Gm35615,0,1,0,1,0,1
Gm35618,1,1,2,2,3,3
Gm35625,1,0,0,0,0,0
Gm35657,2,2,5,3,1,5
Gm35665,0,0,0,0,0,0
Gm35667,1,0,0,0,0,1
Gm35670,0,0,0,0,0,0
Gm35696,1,6,3,0,1,0
Gm35715,2,1,1,0,2,1
Gm35721,44,53,23,19,30,45
Gm35722,2,2,4,0,1,2
Gm35725,26,28,14,10,18,16
Gm3573,0,0,0,0,0,0
Gm35732,0,0,0,1,0,0
Gm35733,0,0,0,0,0,0
Gm35766,0,0,0,0,0,0
Gm35769,3,1,0,2,0,1
Gm35801,0,0,0,0,0,1
Gm35818,0,1,0,0,4,0
Gm35822,1,0,0,0,0,0
Gm35823,128,115,60,49,68,68
Gm35835,315,330,226,147,256,297
Gm35842,101,87,156,43,87,92
Gm35850,18,9,17,3,7,10
Gm35865,1,0,0,0,0,0
Gm35890,2,0,3,0,2,0
Gm35909,2,1,1,0,0,1
Gm3591,4,6,2,3,2,5
Gm35911,179,198,126,72,152,139
Gm35934,2,1,1,1,1,1
Gm3594,0,0,0,0,0,0
Gm35963,0,0,0,1,3,0
Gm35986,2,0,1,1,1,0
Gm35996,0,0,0,1,0,3
Gm35998,0,0,0,0,0,0
Gm36011,0,0,0,0,0,0
Gm36017,0,0,0,1,0,0
Gm36028,1,5,0,2,1,3
Gm36033,7,5,1,2,3,6
Gm3604,142,190,102,129,136,134
Gm36041,3,0,0,0,0,0
Gm36065,0,0,0,1,0,0
Gm36074,0,0,0,0,0,0
Gm36079,0,0,0,0,0,0
Gm36099,0,0,0,0,0,0
Gm36101,13,9,7,2,8,13
Gm36107,0,0,0,0,0,0
Gm36120,3,4,4,2,3,4
Gm36146,0,2,1,1,1,0
Gm36159,1,2,2,4,0,1
Gm36161,0,0,0,0,0,0
Gm36173,0,0,1,0,0,0
Gm36176,0,0,3,1,2,0
Gm3618,0,0,0,0,0,0
Gm36186,0,0,0,0,0,0
Gm36198,184,205,111,82,147,137
Gm36208,6,0,0,3,0,4
Gm36210,4,5,3,3,3,2
Gm36211,0,2,0,0,0,0
Gm36229,0,1,0,0,0,0
Gm36231,0,0,0,0,0,0
Gm36235,0,1,1,0,0,0
Gm36243,0,0,0,0,0,0
Gm3625,2,0,0,1,0,0
Gm36251,62,31,55,39,35,23
Gm36261,0,0,0,0,0,0
Gm36264,2,0,0,0,1,0
Gm36266,14,23,18,18,21,22
Gm36278,66,73,27,21,45,41
Gm36283,26,27,18,16,22,22
Gm36287,8,3,5,3,3,2
Gm3629,5,0,2,1,0,1
Gm36307,0,0,0,0,0,1
Gm36325,1,2,0,0,1,0
Gm36328,1,1,4,1,2,0
Gm3633,1,0,0,0,0,0
Gm36345,0,0,0,0,0,0
Gm36346,23,18,11,1,9,8
Gm36355,1,0,0,0,0,2
Gm36356,72,55,74,42,89,54
Gm3636,49,34,45,28,39,41
Gm36367,6,8,6,7,5,5
Gm36368,0,1,0,0,0,1
Gm36372,1,0,1,1,2,0
Gm36377,0,0,0,0,0,0
Gm36380,0,0,0,0,0,0
Gm36388,64,82,64,52,46,50
Gm364,0,0,0,0,0,0
Gm3642,0,0,0,0,0,0
Gm36423,46,74,41,24,51,46
Gm36426,0,0,0,0,0,0
Gm36431,0,0,0,0,0,0
Gm36435,0,0,0,0,0,0
Gm36445,127,180,116,85,93,94
Gm36447,14,13,5,3,8,16
Gm3646,0,1,0,0,2,0
Gm36467,0,0,0,0,0,0
Gm36485,2,6,2,2,2,2
Gm36495,27,31,14,16,10,22
Gm36500,10,7,4,6,9,3
Gm36503,0,2,1,0,0,0
Gm36520,0,0,0,0,0,0
Gm36525,0,0,0,0,0,0
Gm36529,8,15,7,6,12,14
Gm36535,0,0,0,0,0,0
Gm36536,2,2,1,2,0,1
Gm36539,10,14,8,6,9,10
Gm36543,5,7,5,2,7,8
Gm36546,0,1,0,0,0,0
Gm36548,3,3,3,2,1,2
Gm36550,5,4,1,4,3,4
Gm36551,0,0,0,0,0,0
Gm36569,1,5,1,6,3,4
Gm36584,16,16,9,12,10,13
Gm36595,0,1,0,0,0,0
Gm36607,1,0,1,1,1,2
Gm36617,0,0,0,0,0,0
Gm36633,0,0,0,0,0,0
Gm36635,2,4,7,4,1,3
Gm36640,28,27,44,14,26,14
Gm36642,2,2,0,0,1,0
Gm36660,1,1,0,0,0,0
Gm36667,0,0,0,0,0,0
Gm36669,0,0,1,0,1,0
Gm3667,203,214,105,93,158,114
Gm36670,1,2,0,0,0,0
Gm3669,0,0,0,0,0,0
Gm36694,0,0,1,1,3,1
Gm36696,0,3,1,2,0,1
Gm36719,0,0,0,0,0,0
Gm36736,67,70,44,47,64,59
Gm36737,10,14,10,5,11,14
Gm36745,9,13,7,10,8,7
Gm36752,2,3,1,0,0,2
Gm36756,0,1,0,0,0,0
Gm36757,20,27,15,11,18,16
Gm3676,0,0,0,0,0,0
Gm36782,0,0,0,0,0,0
Gm36793,0,1,1,1,2,1
Gm36799,0,0,0,0,0,0
Gm36816,4,10,4,5,9,9
Gm36823,9,6,3,3,18,6
Gm36827,1,0,1,0,0,1
Gm36831,0,0,0,0,0,0
Gm36839,449,422,172,248,254,226
Gm36840,0,2,1,0,0,0
Gm36843,0,0,0,0,0,1
Gm36849,4,8,5,4,4,5
Gm3685,0,1,0,0,1,0
Gm36855,168,140,104,95,172,98
Gm36864,1,0,0,0,0,0
Gm36879,0,0,0,0,0,0
Gm36888,0,0,0,0,0,0
Gm36899,142,170,159,74,131,126
Gm36908,9,22,8,3,9,11
Gm36929,0,0,0,0,0,0
Gm3693,106,82,84,52,81,73
Gm36937,66,89,20,47,59,55
Gm36941,0,0,0,0,0,0
Gm36945,0,0,0,0,0,0
Gm36950,0,0,0,0,0,0
Gm3696,21,16,23,12,13,18
Gm36972,0,0,0,1,0,0
Gm36975,6,9,3,6,2,2
Gm36992,3,12,2,10,11,12
Gm37013,0,0,0,0,0,0
Gm37020,12,15,15,1,3,9
Gm37021,0,0,0,0,0,0
Gm37027,16,12,4,2,9,8
Gm37035,136,105,102,49,140,128
Gm37041,0,1,0,0,0,0
Gm37059,0,0,0,0,0,0
Gm37065,0,1,0,1,0,1
Gm37068,1,1,0,3,0,0
Gm37071,0,0,0,0,0,0
Gm37073,0,2,0,0,0,1
Gm37075,0,0,0,0,0,0
Gm37083,2,2,3,3,2,1
Gm37112,0,0,0,0,0,0
Gm37118,22,13,3,4,7,6
Gm37126,0,0,0,0,0,0
Gm37130,0,0,0,0,0,0
Gm37134,0,0,0,0,0,0
Gm37146,0,0,0,0,0,0
Gm37147,0,0,0,0,0,0
Gm37157,0,0,0,0,0,0
Gm3716,6,2,6,6,6,2
Gm37165,14,18,11,5,8,20
Gm37168,16,35,28,36,47,25
Gm37170,63,39,16,21,28,27
Gm37184,7,9,6,1,5,7
Gm37190,0,0,0,0,0,0
Gm37202,0,0,0,0,0,0
Gm37218,0,0,0,0,0,0
Gm37223,0,0,0,0,0,0
Gm37229,1,5,2,2,3,2
Gm37231,0,0,0,0,0,0
Gm37233,475,402,377,184,309,372
Gm37240,43,115,43,51,73,66
Gm37245,2,4,1,2,1,0
Gm37252,0,0,0,0,0,0
Gm37256,0,0,0,0,0,0
Gm37263,0,0,0,0,0,0
Gm37267,0,1,0,0,5,0
Gm3727,0,0,0,0,0,0
Gm37273,0,0,0,0,0,0
Gm37280,0,0,0,0,0,1
Gm37286,0,0,0,0,0,0
Gm37294,0,0,0,0,0,0
Gm37305,328,436,313,213,288,267
Gm37306,63,63,43,31,51,31
Gm37323,0,2,2,1,2,0
Gm37327,0,0,0,0,0,0
Gm37335,0,0,0,1,0,0
Gm37336,8,9,13,7,11,13
Gm37344,0,0,0,0,0,0
Gm37346,0,0,0,0,0,0
Gm37350,0,0,0,0,0,0
Gm37359,0,0,1,0,0,1
Gm37362,1,0,0,0,0,0
Gm37378,0,0,0,0,0,0
Gm37381,0,0,0,0,0,0
Gm37387,1,0,0,0,0,0
Gm37388,0,0,0,0,0,0
Gm37389,0,0,0,0,0,0
Gm3739,97,69,62,52,67,49
Gm37401,44,42,19,17,23,16
Gm37406,0,0,0,0,0,0
Gm37418,0,0,0,0,0,0
Gm37419,0,0,0,0,0,0
Gm37422,50,72,41,29,64,53
Gm37432,6,10,9,6,7,6
Gm37434,0,0,0,0,0,0
Gm37440,0,0,0,0,0,0
Gm37446,53,49,24,19,38,40
Gm37451,0,0,0,0,0,0
Gm37454,0,0,0,0,0,0
Gm37459,32,21,19,22,24,32
Gm37462,0,0,0,0,0,0
Gm37467,0,0,0,0,0,0
Gm37468,0,0,0,0,0,0
Gm37469,1,2,2,0,1,0
Gm37473,0,0,0,0,0,0
Gm37494,1736,2032,2149,917,1757,1643
Gm37502,0,0,0,0,1,1
Gm37511,0,0,0,0,0,0
Gm3752,2,1,3,1,3,3
Gm37538,0,0,0,0,0,0
Gm37544,0,0,0,0,0,0
Gm37547,0,0,0,0,0,0
Gm3755,0,1,1,1,1,2
Gm37552,1,0,3,1,1,1
Gm37561,0,0,0,0,0,0
Gm37565,0,1,0,0,0,0
Gm37571,0,2,3,0,3,1
Gm37572,0,0,0,0,0,0
Gm37574,0,0,0,0,0,0
Gm37577,0,0,0,0,0,0
Gm37584,45,38,61,25,41,30
Gm37591,0,0,0,0,0,0
Gm37592,5,1,0,2,0,4
Gm37596,0,0,0,0,0,0
Gm37622,0,0,0,0,1,0
Gm37623,9,10,7,3,10,10
Gm37634,4,3,3,0,2,0
Gm37635,0,0,0,0,0,0
Gm37637,37,32,28,16,38,30
Gm3764,9524,14207,8704,5952,10820,10347
Gm37640,2,0,1,2,0,1
Gm37650,0,0,0,0,0,0
Gm37654,0,0,0,0,0,0
Gm37656,0,0,0,0,0,0
Gm37657,0,0,0,0,0,0
Gm37662,0,0,0,0,0,0
Gm37679,2,5,3,6,2,4
Gm37687,0,0,0,0,0,0
Gm37690,0,0,0,0,0,0
Gm37696,9,13,13,8,8,13
Gm37707,0,0,0,1,0,0
Gm37712,0,0,0,0,0,0
Gm3772,1,2,8,1,4,3
Gm37721,0,0,0,0,0,0
Gm37722,0,0,0,0,0,0
Gm37724,44,39,61,36,51,36
Gm37734,0,0,0,0,0,0
Gm37739,0,0,0,0,0,0
Gm37740,0,0,0,0,0,0
Gm37748,32,39,12,18,21,26
Gm37751,58,61,80,30,52,45
Gm37753,15,25,17,4,19,13
Gm37754,6,6,2,2,1,6
Gm37756,19,33,7,16,14,31
Gm37759,1,2,0,1,1,2
Gm3776,0,0,0,0,0,1
Gm37768,8,3,0,0,1,7
Gm37787,2,0,0,0,1,0
Gm37797,0,0,0,0,0,0
Gm37798,0,0,0,0,0,0
Gm37799,1,0,0,0,0,0
Gm37800,0,0,0,0,0,0
Gm37808,0,0,0,0,0,0
Gm37821,0,1,2,3,0,0
Gm37839,0,0,0,0,0,0
Gm37840,0,0,0,0,0,0
Gm37850,4,3,3,1,0,2
Gm37853,0,0,0,0,1,0
Gm37854,0,1,0,0,1,0
Gm37855,3,0,0,2,0,0
Gm37865,0,0,0,0,0,0
Gm37867,0,0,0,0,0,0
Gm37870,0,0,0,0,0,0
Gm37875,0,0,0,0,0,0
Gm37876,6,9,5,3,8,3
Gm37885,19,44,20,13,39,61
Gm37892,8,6,3,2,4,7
Gm37896,32,32,38,8,31,20
Gm37898,0,0,0,0,0,0
Gm379,0,0,0,0,0,0
Gm37912,0,0,0,0,0,0
Gm37915,16,6,10,6,11,10
Gm37923,0,0,0,1,0,0
Gm37927,0,0,0,0,0,0
Gm37933,48,37,13,21,23,27
Gm37937,0,0,0,1,0,0
Gm37944,0,0,0,0,0,0
Gm37948,0,0,0,0,0,0
Gm37950,2,0,3,1,0,1
Gm37952,0,0,0,0,0,0
Gm37958,0,0,0,0,0,0
Gm37961,0,0,0,0,0,0
Gm37971,20,16,8,7,3,9
Gm37974,2,0,0,1,0,0
Gm37976,0,0,0,0,0,0
Gm37982,0,1,0,2,1,2
Gm37986,17,21,25,9,14,12
Gm37988,4,8,3,0,4,5
Gm37998,0,0,0,0,0,0
Gm38003,0,0,0,0,0,0
Gm38004,10,3,2,4,6,2
Gm38013,0,0,0,0,0,0
Gm38025,23,22,26,14,14,14
Gm38028,0,0,0,0,0,0
Gm38033,0,0,0,0,0,0
Gm38037,38,55,13,18,27,25
Gm38039,2,4,1,1,0,0
Gm38054,0,0,0,0,0,0
Gm38060,1,0,1,0,0,0
Gm38064,1,0,0,0,0,0
Gm38072,0,0,0,0,0,0
Gm38079,0,0,0,0,1,0
Gm38084,0,0,0,0,0,0
Gm38093,0,0,0,0,0,0
Gm38096,6,3,4,4,8,4
Gm38097,2,1,1,4,0,2
Gm38100,1,1,0,0,0,0
Gm38101,18,38,13,19,17,19
Gm38102,37,31,17,21,30,37
Gm38108,0,0,1,0,0,0
Gm38119,0,0,0,0,0,0
Gm38127,0,0,0,0,0,0
Gm38134,6,12,0,5,7,7
Gm38136,0,0,0,0,0,0
Gm38150,47,25,25,11,32,41
Gm38155,10,9,6,2,5,5
Gm38159,0,0,0,0,0,0
Gm38161,1,1,0,0,1,0
Gm38165,15,16,7,7,11,12
Gm38168,0,0,0,0,0,0
Gm38171,1,0,2,2,0,0
Gm38174,0,0,0,0,0,0
Gm38184,0,0,0,0,0,0
Gm38186,25,15,16,18,17,12
Gm38188,0,0,0,0,0,0
Gm382,0,0,0,0,0,0
Gm38201,0,0,0,0,0,0
Gm38203,0,0,0,0,0,0
Gm38204,0,0,0,0,0,0
Gm38205,0,0,0,0,0,0
Gm38209,0,0,0,0,0,0
Gm38225,43,53,33,31,36,37
Gm38246,3,2,3,5,6,1
Gm38250,84,108,94,52,75,65
Gm38251,20,18,9,3,12,9
Gm38258,0,0,0,0,0,1
Gm38287,48,82,13,26,44,63
Gm38293,26,31,15,19,14,13
Gm38296,0,0,0,0,0,0
Gm3830,1,5,0,5,5,2
Gm38303,0,0,0,0,0,0
Gm38304,13,19,6,4,11,14
Gm38324,0,0,0,0,0,0
Gm38325,23,24,25,7,8,16
Gm38326,0,1,0,0,0,0
Gm38335,3,1,4,2,1,0
Gm38336,23,35,27,14,29,27
Gm38353,14,20,8,4,12,4
Gm38361,0,0,0,0,0,0
Gm38363,0,0,0,0,0,0
Gm38370,0,0,0,0,0,0
Gm38371,0,0,0,0,0,0
Gm38389,2,4,1,0,0,2
Gm3839,13,23,7,9,10,7
Gm38392,3,6,2,6,3,5
Gm38393,1561,1893,3212,943,1632,1483
Gm38394,1083,1208,1041,491,786,1070
Gm38397,1,1,0,0,2,0
Gm38398,0,1,0,0,0,1
Gm38399,76,107,82,52,91,91
Gm38403,4,4,6,4,3,1
Gm38404,2,0,2,0,0,1
Gm38405,19,12,10,10,18,12
Gm38407,3,0,1,1,0,1
Gm38408,3,2,2,1,4,1
Gm38409,0,0,0,0,0,0
Gm38411,0,0,0,0,0,0
Gm38412,0,1,1,0,2,2
Gm38413,1129,1268,792,469,846,1048
Gm38414,1,4,1,2,6,4
Gm38416,0,1,0,0,1,2
Gm38431,29,22,29,17,25,42
Gm3848,0,0,1,2,0,1
Gm38505,3,5,5,1,0,3
Gm38509,0,1,0,0,0,0
Gm38534,7,3,1,1,4,0
Gm3854,442,421,320,198,324,297
Gm38554,0,0,0,0,0,0
Gm38562,13,22,13,8,21,15
Gm38569,9,10,12,8,8,4
Gm38577,23,19,8,8,9,10
Gm38584,7,7,4,3,6,5
Gm38590,0,0,0,0,0,0
Gm38604,50,65,30,17,44,64
Gm38642,113,177,102,72,91,113
Gm38655,0,0,1,0,0,0
Gm38661,34,38,38,17,26,25
Gm38708,2,2,0,0,1,0
Gm3880,0,0,0,0,0,0
Gm38804,4,3,3,2,3,8
Gm38811,0,4,1,0,1,2
Gm38825,0,0,0,0,0,0
Gm38832,4,2,1,2,2,2
Gm38839,13,8,4,3,5,4
Gm38843,1,6,1,0,3,4
Gm38901,7,9,6,2,2,5
Gm38910,58,60,33,22,45,29
Gm3892,11,9,13,9,8,13
Gm3893,0,0,0,0,0,0
Gm38944,60,74,46,29,46,40
Gm38947,5,12,15,6,9,14
Gm38948,12,13,11,3,17,14
Gm3896,25,32,11,12,21,28
Gm38979,1,1,1,0,2,0
Gm3898,0,0,0,1,0,0
Gm38991,0,0,0,0,0,0
Gm38997,0,0,0,0,0,0
Gm39027,25,36,30,12,21,22
Gm39033,0,4,0,0,0,2
Gm39043,49,68,31,12,30,56
Gm39059,3,2,0,1,0,0
Gm39075,1,1,0,0,0,0
Gm39078,0,0,0,0,0,0
Gm39090,4,6,3,5,11,2
Gm39091,0,0,0,0,0,0
Gm39094,0,0,0,0,0,0
Gm39115,0,2,0,0,0,0
Gm39117,0,1,0,0,0,0
Gm39119,0,0,0,0,1,0
Gm39121,28,49,15,30,34,26
Gm39128,0,0,0,0,0,0
Gm39129,9,7,6,4,4,4
Gm39132,1,1,0,0,1,0
Gm39139,3,0,0,1,1,0
Gm39149,1,0,0,0,0,0
Gm39154,0,0,0,1,2,1
Gm39157,0,0,0,0,0,0
Gm39158,8,10,4,10,6,5
Gm39164,0,0,0,0,0,1
Gm39168,4,3,4,2,5,7
Gm39185,8,25,12,6,7,14
Gm39204,0,0,0,0,0,0
Gm39214,6,15,3,7,5,8
Gm39228,2,0,0,0,2,1
Gm39231,0,0,0,0,0,0
Gm39232,1,1,1,0,0,1
Gm39244,34,49,31,16,24,41
Gm39302,8,4,1,2,3,1
Gm39312,0,1,2,1,2,1
Gm39317,0,1,2,1,0,0
Gm39318,8,6,2,3,1,4
Gm39321,0,0,0,0,1,0
Gm39323,11,23,2,6,12,8
Gm39325,2,2,2,1,3,1
Gm39327,0,0,0,0,1,0
Gm39329,0,0,0,0,0,0
Gm39336,0,0,0,0,0,0
Gm39348,1,1,1,2,1,1
Gm39363,2,1,0,0,0,0
Gm39375,0,0,0,0,0,0
Gm39377,10,5,3,7,5,3
Gm39380,1,0,0,0,1,0
Gm39383,1,1,3,5,1,3
Gm39384,0,0,0,0,0,0
Gm39388,0,0,1,0,0,0
Gm39397,0,0,1,0,3,0
Gm3942,0,0,1,0,0,0
Gm39456,163,153,151,49,130,133
Gm39459,2,3,2,0,1,2
Gm39460,0,0,0,0,0,0
Gm39463,0,4,4,1,2,3
Gm39464,0,0,0,0,0,1
Gm39465,4,3,0,0,0,0
Gm39469,1696,1557,866,865,1167,1248
Gm39473,2,1,2,1,5,0
Gm3952,0,0,0,0,0,0
Gm39526,23,28,45,21,33,35
Gm39566,0,0,1,0,0,1
Gm39653,11,23,18,8,20,10
Gm39662,41,31,15,15,12,22
Gm3970,0,1,1,0,0,0
Gm39822,75,91,72,59,73,70
Gm3985,24,26,22,25,24,23
Gm39929,4,5,4,1,5,1
Gm40038,0,0,0,0,0,0
Gm40040,1,3,1,0,3,1
Gm40055,125,92,179,58,125,97
Gm40117,20,23,16,13,17,16
Gm40123,9,12,10,8,15,7
Gm40153,0,0,0,0,0,0
Gm40155,8,8,7,3,6,12
Gm40190,4,6,10,2,3,1
Gm40193,0,0,0,0,0,0
Gm4022,0,0,0,0,0,0
Gm40263,0,0,0,0,0,0
Gm40264,0,1,0,0,2,0
Gm4027,0,0,0,0,0,0
Gm40271,0,0,0,0,0,0
Gm40289,0,0,0,0,1,1
Gm40292,0,0,0,0,0,1
Gm40293,0,2,0,3,0,2
Gm40304,1,0,0,1,1,0
Gm40323,0,0,0,0,0,0
Gm40330,0,0,0,0,0,0
Gm40331,1,3,3,3,5,6
Gm40348,0,0,0,0,0,0
Gm4035,1,5,0,2,1,2
Gm40392,0,0,0,0,0,0
Gm40394,0,0,0,0,1,0
Gm40418,16,25,6,13,6,8
Gm40421,0,1,0,0,0,2
Gm40437,165,172,117,92,126,118
Gm40438,2,2,4,4,0,3
Gm40457,0,0,0,0,0,1
Gm40460,1,1,1,0,0,0
Gm40477,10,7,3,2,4,3
Gm40493,17,15,15,10,22,18
Gm40513,0,0,0,0,0,0
Gm40518,195,256,185,96,201,168
Gm40538,0,1,0,0,0,1
Gm40548,2,2,0,2,3,0
Gm40552,17,12,9,9,8,12
Gm40557,23,36,16,12,33,23
Gm40576,2,9,3,1,2,6
Gm40578,44,43,8,41,24,21
Gm40603,32,17,16,24,11,27
Gm40604,1,2,1,0,1,1
Gm40608,0,0,0,0,1,0
Gm40614,0,1,0,0,0,0
Gm40617,6,6,6,8,6,4
Gm40621,2,3,2,2,3,2
Gm40634,0,2,0,1,2,2
Gm40638,0,0,0,0,0,0
Gm40639,0,0,0,0,0,0
Gm4064,0,0,0,0,0,0
Gm40645,1,2,8,8,10,2
Gm40646,0,0,0,0,0,0
Gm40649,4,3,2,2,3,2
Gm4065,0,3,1,0,2,2
Gm40652,6,12,2,2,5,6
Gm40653,14,8,7,9,7,5
Gm40658,0,0,0,0,0,0
Gm40662,0,0,0,0,0,1
Gm40685,0,0,0,0,0,0
Gm40689,2,3,7,2,1,2
Gm4070,10,21,53,33,103,6
Gm40723,0,0,1,0,0,0
Gm40761,2,1,3,1,0,0
Gm40765,0,0,0,0,0,0
Gm40770,0,1,0,1,1,0
Gm40773,5,8,2,3,4,1
Gm40787,3,2,7,10,10,0
Gm40797,0,0,0,0,0,0
Gm40841,4362,5353,4428,2397,3904,3608
Gm40849,0,0,0,0,0,0
Gm40884,2,2,0,2,2,2
Gm40893,5,8,3,2,4,3
Gm40909,8,7,9,6,9,7
Gm40910,0,0,0,0,0,0
Gm40915,1,0,0,0,1,0
Gm40918,0,0,0,0,0,0
Gm40922,0,0,0,0,0,0
Gm40923,0,0,0,1,1,0
Gm40932,0,3,0,3,4,1
Gm40968,1,5,5,0,0,1
Gm40975,0,0,0,0,0,0
Gm40977,2,1,3,3,2,0
Gm40983,0,0,0,1,0,0
Gm40987,0,0,0,0,0,0
Gm40988,1,0,0,0,0,0
Gm41002,0,0,0,0,0,0
Gm41030,0,0,0,1,1,1
Gm41031,0,1,2,0,0,1
Gm41071,27,33,14,20,21,12
Gm41077,177,203,147,102,121,140
Gm41102,0,0,1,0,0,0
Gm41118,4,1,5,2,4,3
Gm41138,0,0,0,0,0,0
Gm41144,1,0,0,0,1,0
Gm41148,0,0,0,0,0,0
Gm41162,0,0,0,0,0,0
Gm4117,58,72,48,42,56,67
Gm41177,1,6,3,0,1,1
Gm41183,0,2,1,0,1,0
Gm41192,30,24,15,10,15,23
Gm41206,1,0,0,0,0,0
Gm41219,0,0,0,0,0,0
Gm41225,0,0,0,0,1,0
Gm41230,5,3,3,3,4,11
Gm41231,1,4,5,2,1,3
Gm41253,7,2,7,0,4,4
Gm41276,0,0,0,0,0,0
Gm41277,0,0,0,0,0,0
Gm41279,0,0,0,0,0,0
Gm4128,0,0,0,0,0,0
Gm41289,0,0,0,0,0,0
Gm41290,0,0,0,0,0,1
Gm41293,21,19,7,9,9,12
Gm41300,0,0,0,0,0,1
Gm41307,1,1,0,0,2,0
Gm4131,0,1,2,1,0,1
Gm41311,1,0,0,0,0,0
Gm41318,0,0,2,0,0,0
Gm41322,1,2,0,0,1,0
Gm41325,0,0,0,0,0,0
Gm4133,0,0,0,0,0,0
Gm41335,1,1,1,0,1,0
Gm41336,0,0,0,0,0,0
Gm4141,0,0,0,0,0,0
Gm4166,1,0,0,0,1,0
Gm4175,0,0,0,0,0,0
Gm4177,0,0,0,0,0,0
Gm4181,0,0,0,0,0,0
Gm4187,0,0,0,0,0,0
Gm4201,0,0,0,0,0,0
Gm42031,16,22,20,17,29,20
Gm42047,231,448,317,231,357,377
Gm42067,918,1180,522,575,734,830
Gm4208,7,3,2,2,4,5
Gm4211,104,122,80,75,78,88
Gm42133,0,1,0,0,0,0
Gm4214,0,0,0,0,0,0
Gm4216,0,0,0,0,0,0
Gm42161,0,0,0,0,0,0
Gm42196,2,10,0,1,3,3
Gm42205,2,2,1,2,1,2
Gm42208,0,0,0,0,0,1
Gm4221,245,258,175,124,249,235
Gm4224,0,0,0,0,0,0
Gm42303,17,16,24,11,12,16
Gm42372,1789,1607,1272,737,1189,1163
Gm42375,0,1,0,0,0,0
Gm42397,6,3,4,0,6,2
Gm4241,8,8,2,2,3,1
Gm42413,0,0,0,0,1,0
Gm42416,0,0,0,0,0,0
Gm42417,0,0,0,0,0,0
Gm42418,86041,129375,92231,96284,86044,61460
Gm42420,1,2,1,0,0,0
Gm42421,22,18,28,19,16,13
Gm42423,0,1,1,2,0,1
Gm42425,8,22,8,5,15,12
Gm42428,0,0,0,0,0,0
Gm42435,2,0,1,2,3,0
Gm42439,5,7,2,4,2,4
Gm42450,0,0,0,0,0,0
Gm42456,110,188,86,75,98,122
Gm42457,1,2,2,1,3,2
Gm42468,0,0,0,0,0,0
Gm42470,0,0,2,1,2,3
Gm42476,1,0,0,0,0,0
Gm42477,0,0,1,1,0,0
Gm42488,5,7,5,2,1,2
Gm42489,45,74,58,30,52,48
Gm42493,0,0,0,0,0,0
Gm42495,19,15,11,6,12,10
Gm42500,3,8,3,6,10,6
Gm42504,10,18,13,19,7,20
Gm4251,0,0,0,0,0,0
Gm42517,717,702,555,276,476,549
Gm42518,12,19,19,8,9,16
Gm42523,0,0,0,0,0,1
Gm42524,0,1,5,0,0,0
Gm42529,1,2,3,1,3,3
Gm42530,0,0,0,0,0,0
Gm42538,3,7,2,3,8,2
Gm42539,0,0,0,0,0,0
Gm42542,0,0,0,0,0,0
Gm42543,0,0,0,0,0,0
Gm42555,6,11,3,3,5,7
Gm42556,0,2,2,0,2,1
Gm42557,0,0,0,1,0,0
Gm42560,1,0,0,0,2,0
Gm42564,0,0,0,0,0,0
Gm42565,0,1,0,0,0,0
Gm42567,3,0,1,2,1,1
Gm42575,0,0,0,0,0,0
Gm42595,91,76,56,47,70,66
Gm42596,24,36,11,20,27,22
Gm42601,3,5,2,2,2,0
Gm42604,3,4,2,1,2,1
Gm42606,0,0,0,0,0,0
Gm42609,41,37,44,20,45,35
Gm42610,0,0,0,0,0,0
Gm4262,5,8,8,5,4,5
Gm42620,0,0,0,0,0,0
Gm42626,0,0,0,0,0,1
Gm42643,0,0,0,0,0,0
Gm4265,8,6,4,1,1,1
Gm42650,0,0,0,0,0,0
Gm42654,0,0,0,0,0,0
Gm42667,0,0,0,0,0,0
Gm42669,25,26,27,15,23,24
Gm42670,49,71,24,22,37,36
Gm42674,0,0,0,0,0,0
Gm42678,2,2,2,0,4,2
Gm42681,1,1,0,2,0,0
Gm42682,0,3,2,2,0,4
Gm42688,176,197,128,77,133,117
Gm42695,4,6,2,4,4,3
Gm42697,1,1,0,0,0,0
Gm42704,3,8,3,3,4,3
Gm42705,3,3,4,5,5,6
Gm42706,7,3,6,5,5,4
Gm42707,37,60,62,27,35,45
Gm42708,5,2,2,0,4,0
Gm42711,5,1,3,3,3,1
Gm42715,216,237,223,121,216,198
Gm42720,0,0,0,0,0,0
Gm42722,414,369,333,150,304,354
Gm42723,32,59,26,37,39,42
Gm42726,5,5,2,6,8,11
Gm42738,134,174,78,91,119,136
Gm42742,613,585,584,299,493,496
Gm42743,79,94,50,33,60,66
Gm42744,26,27,32,6,17,18
Gm42745,1,0,0,0,0,2
Gm42750,0,0,0,0,0,0
Gm42756,641,739,733,381,796,678
Gm42761,0,1,0,0,0,0
Gm42765,0,0,2,0,0,1
Gm42775,29,32,16,14,18,16
Gm4278,0,0,0,0,0,0
Gm42787,12,7,8,7,8,12
Gm42788,3,3,3,1,1,6
Gm42789,3,3,1,0,0,2
Gm4279,18,24,12,11,18,12
Gm42791,0,0,0,0,0,0
Gm42794,0,0,0,0,0,0
Gm42797,2,3,5,1,6,6
Gm428,0,0,0,0,0,0
Gm42800,0,1,0,0,1,2
Gm42802,1,2,2,1,0,1
Gm42808,0,0,0,0,0,0
Gm42809,10,15,4,5,4,12
Gm42812,6,7,5,8,9,16
Gm42813,5,2,3,2,4,3
Gm42817,1,0,0,0,1,0
Gm42823,0,0,0,0,0,0
Gm42825,7,6,3,2,4,6
Gm42827,0,0,0,0,1,1
Gm42836,2,4,0,0,0,1
Gm42838,4,7,4,3,3,3
Gm42839,1,2,1,4,3,2
Gm42846,0,0,0,0,0,1
Gm42848,5,5,7,3,6,4
Gm42849,33,41,23,13,20,28
Gm4285,89,119,40,70,70,66
Gm42851,362,439,414,261,463,380
Gm42864,200,251,102,93,119,156
Gm42865,3,4,0,2,0,3
Gm42875,13,13,6,10,13,16
Gm42878,2,0,0,0,0,0
Gm42880,0,0,0,0,0,0
Gm42882,0,0,0,2,0,1
Gm42884,30,60,20,21,35,26
Gm42889,0,0,0,0,0,0
Gm42891,1,0,0,0,2,0
Gm42893,56,50,51,34,73,41
Gm42901,15,27,6,9,18,12
Gm42902,231,293,161,164,162,176
Gm42903,2,3,2,1,3,0
Gm42906,0,2,3,0,3,1
Gm42912,10,2,0,9,2,0
Gm42916,0,0,0,0,0,0
Gm42917,29,59,23,19,19,21
Gm42918,101,129,64,46,77,86
Gm42920,0,0,0,0,0,0
Gm42921,0,0,0,0,0,0
Gm42924,0,0,0,0,0,0
Gm42925,0,0,0,0,0,0
Gm42931,0,0,0,0,0,0
Gm42945,0,0,0,0,0,0
Gm42947,0,0,0,0,0,0
Gm42948,0,0,1,0,0,0
Gm42949,0,0,0,0,0,0
Gm42951,0,1,0,1,0,1
Gm42952,0,1,0,0,0,0
Gm42953,0,0,0,0,0,0
Gm42957,8,27,26,16,23,24
Gm42958,0,0,0,0,0,0
Gm42962,0,1,0,0,1,2
Gm4297,0,0,0,0,0,0
Gm42980,0,1,0,0,0,0
Gm42982,1,3,0,1,1,2
Gm42984,1475,1756,756,752,1080,1160
Gm42990,0,0,0,0,0,0
Gm42997,126,131,46,68,91,70
Gm43000,21,20,6,9,14,17
Gm43001,0,0,0,0,0,0
Gm4301,0,0,0,0,0,0
Gm43016,2,0,4,2,0,2
Gm4302,0,0,0,0,0,0
Gm43020,3,1,0,1,2,3
Gm43021,0,0,0,0,0,0
Gm4303,0,0,0,0,0,0
Gm43042,28,53,38,12,30,26
Gm43049,0,0,0,0,0,0
Gm4305,0,0,0,0,0,0
Gm43050,0,0,0,0,0,0
Gm43055,0,0,0,0,0,0
Gm43056,2,2,0,2,4,2
Gm43057,0,0,0,0,0,0
Gm43062,16,32,33,9,28,28
Gm43064,126,121,91,54,90,96
Gm43067,0,0,0,0,0,0
Gm43069,1,0,0,0,0,0
Gm4307,0,0,0,0,0,0
Gm43077,9,13,6,6,10,8
Gm43079,0,0,0,0,0,0
Gm43086,0,0,0,0,0,0
Gm43091,3,9,6,0,2,10
Gm43100,0,1,0,0,0,0
Gm43101,0,0,0,0,0,0
Gm43109,3,5,1,0,1,0
Gm43118,3,3,2,1,0,1
Gm4312,0,0,0,0,0,0
Gm43120,0,1,0,0,0,0
Gm43121,0,0,0,0,0,0
Gm43122,0,0,0,2,0,0
Gm43126,0,0,0,0,0,0
Gm43129,0,0,0,0,0,0
Gm43131,0,0,0,0,0,0
Gm43132,0,0,0,0,0,0
Gm43134,0,0,0,0,0,0
Gm43135,0,1,1,0,1,0
Gm43136,0,1,1,1,1,2
Gm43137,185,171,89,95,123,104
Gm43140,35,43,67,26,51,41
Gm43150,1,0,0,1,0,1
Gm43151,0,0,0,0,0,0
Gm43154,67,91,84,28,73,60
Gm43156,0,0,0,0,0,0
Gm4316,70,64,82,28,55,56
Gm43177,5,5,3,2,4,0
Gm43179,0,0,0,0,0,0
Gm4319,1,0,0,1,1,1
Gm43191,0,0,0,0,0,0
Gm43192,5,2,2,1,3,2
Gm43218,0,1,0,1,0,0
Gm43220,0,0,0,0,0,0
Gm43221,14,16,7,5,14,18
Gm43236,0,0,0,0,0,0
Gm43240,32,38,33,14,38,28
Gm43241,0,1,0,1,0,0
Gm43242,53,56,45,26,53,54
Gm43251,1,1,1,2,0,1
Gm43254,85,79,78,54,57,46
Gm43255,12,15,16,6,9,8
Gm43262,0,0,0,2,0,0
Gm43263,20,19,22,15,17,19
Gm43269,0,0,0,0,0,0
Gm43284,0,0,0,0,0,0
Gm43293,0,1,0,0,1,0
Gm43298,0,0,0,0,0,0
Gm43301,2,1,0,0,1,1
Gm43302,0,0,0,0,0,0
Gm43303,2,0,0,0,1,1
Gm43332,30,83,10,37,39,43
Gm43342,0,0,0,0,0,0
Gm43346,0,0,0,0,0,0
Gm43348,0,0,0,0,0,0
Gm43349,0,0,0,0,0,0
Gm43351,1,1,14,14,40,2
Gm43352,6,7,4,9,9,3
Gm43356,1,0,0,0,0,0
Gm43357,0,0,0,0,0,0
Gm43358,0,0,0,0,0,0
Gm43376,56,31,41,34,37,43
Gm43388,0,0,0,0,0,0
Gm43391,2,3,1,1,4,4
Gm43397,0,2,0,0,1,0
Gm4340,0,0,0,0,0,0
Gm43400,11,15,8,3,11,11
Gm43401,0,0,1,0,0,1
Gm43403,105,102,47,53,72,61
Gm43409,0,0,0,1,0,0
Gm43425,1,3,1,0,3,0
Gm43434,0,2,5,0,4,2
Gm43446,0,0,0,0,0,0
Gm43447,2,0,0,0,0,0
Gm43449,0,0,0,0,0,0
Gm43450,0,0,0,0,0,0
Gm43452,0,0,0,0,0,0
Gm43458,0,3,0,0,0,1
Gm43464,0,0,1,0,0,0
Gm43468,0,0,0,0,0,0
Gm43470,0,0,0,0,0,0
Gm43475,0,0,0,0,0,0
Gm43476,0,0,0,0,0,0
Gm43479,1,0,1,1,0,0
Gm4349,116,140,101,41,80,112
Gm43492,0,0,0,0,0,0
Gm43495,0,0,0,0,0,0
Gm43500,0,0,0,0,0,0
Gm43507,17,22,13,14,24,13
Gm43517,923,1045,1505,530,884,860
Gm43518,23,28,39,21,34,16
Gm43522,5,6,5,5,2,2
Gm43525,1,0,0,0,0,0
Gm4353,10,9,1,5,5,12
Gm43532,16,19,19,15,15,11
Gm43538,0,0,0,0,0,0
Gm43539,2,2,0,0,1,0
Gm43549,3,3,3,3,5,5
Gm43552,1,0,1,0,0,0
Gm43562,0,0,0,0,0,0
Gm43567,7,1,2,4,1,2
Gm43568,22,27,9,7,9,16
Gm43569,3,4,1,4,1,7
Gm43570,153,117,82,51,64,103
Gm43573,48,46,41,25,30,33
Gm43579,0,1,3,0,3,2
Gm43583,0,0,0,0,0,0
Gm43586,0,0,1,0,0,0
Gm43597,948,1173,1460,573,1055,971
Gm43598,169,249,230,96,205,185
Gm43599,8,5,2,8,5,13
Gm436,0,0,0,0,0,0
Gm43604,6,12,12,6,6,6
Gm43607,0,0,0,0,0,0
Gm43608,1,0,0,0,0,0
Gm43612,26,19,23,11,16,23
Gm43613,8,9,12,0,5,3
Gm43614,1,3,0,0,0,0
Gm43616,0,2,0,0,3,0
Gm43617,0,0,0,0,0,0
Gm43619,0,0,0,0,0,0
Gm43625,56,54,77,44,74,64
Gm43634,0,0,0,0,0,0
Gm43635,0,0,0,0,0,0
Gm43638,0,0,0,0,0,0
Gm43640,0,0,0,0,0,0
Gm43645,0,0,0,0,0,0
Gm43647,2,3,3,0,2,2
Gm43650,2,1,0,0,0,0
Gm43653,137,161,60,64,67,83
Gm43657,1,2,0,1,0,0
Gm43660,44,28,28,14,28,34
Gm43661,3,7,3,1,3,2
Gm43666,8,10,3,5,7,7
Gm43672,683,670,260,363,322,283
Gm43674,32,41,44,15,21,33
Gm43678,0,0,0,0,0,0
Gm43685,0,0,0,0,2,0
Gm43688,0,0,0,0,0,0
Gm43689,250,258,84,148,155,156
Gm43690,26,35,30,18,35,24
Gm43691,0,0,1,2,0,0
Gm43698,0,1,0,0,1,0
Gm43699,0,1,0,0,0,0
Gm43700,0,0,0,0,0,0
Gm43701,0,0,0,0,0,0
Gm43703,0,1,1,0,0,1
Gm43713,83,100,63,56,64,76
Gm43714,11,27,12,6,18,9
Gm43720,26,46,21,15,45,27
Gm43729,0,0,0,0,0,0
Gm43731,0,0,0,0,0,0
Gm43732,5,8,1,2,4,4
Gm43735,0,0,0,0,0,0
Gm43736,0,0,0,0,0,0
Gm43738,0,0,0,0,0,0
Gm43739,0,0,0,0,0,0
Gm43763,0,0,0,0,0,0
Gm43777,3,4,5,3,1,2
Gm43782,0,0,0,0,0,0
Gm43791,0,0,0,0,0,0
Gm43796,2,4,2,2,3,3
Gm438,0,0,0,0,0,0
Gm43803,1,2,0,0,2,0
Gm43821,3,2,1,2,1,2
Gm43824,0,0,0,0,0,0
Gm43825,7,16,2,6,11,9
Gm43837,3,1,0,1,1,1
Gm43838,1,1,0,0,0,0
Gm43848,72,71,86,65,95,72
Gm43851,0,0,0,0,0,0
Gm43893,0,0,0,0,0,0
Gm43894,0,2,1,0,0,0
Gm43904,0,0,0,0,0,0
Gm43913,0,0,0,0,0,0
Gm43915,12,15,14,8,5,10
Gm43916,8,10,3,5,11,4
Gm43936,1,3,1,1,2,1
Gm43948,18,18,15,11,15,17
Gm43950,1,0,0,0,0,0
Gm43951,265,331,354,123,263,277
Gm43964,0,0,0,0,0,1
Gm43971,3,3,0,4,2,0
Gm43972,1,2,1,0,2,1
Gm43974,0,0,0,0,0,0
Gm43994,0,0,0,0,0,0
Gm44,0,0,0,0,0,0
Gm44000,0,0,0,0,0,0
Gm44006,0,0,0,0,0,0
Gm44009,0,0,0,0,0,0
Gm44012,0,0,0,0,0,0
Gm44020,6,27,9,14,12,13
Gm44026,6,16,11,10,7,16
Gm44028,0,0,0,0,0,0
Gm44036,249,222,114,143,144,166
Gm44037,86,81,70,43,59,64
Gm44040,3,2,1,2,2,0
Gm44053,142,130,175,63,107,152
Gm44066,3,5,3,2,6,1
Gm44067,4,14,10,2,9,7
Gm44071,6,8,3,3,8,5
Gm44072,5,5,2,5,8,18
Gm44073,0,0,0,0,0,0
Gm44077,2,0,0,1,0,0
Gm44079,1,0,0,0,1,1
Gm44081,14,13,7,6,8,7
Gm44085,1,8,1,1,7,2
Gm44089,130,246,65,156,168,181
Gm4409,217,260,90,124,173,224
Gm44096,0,0,0,0,1,0
Gm44097,2,1,0,1,1,1
Gm44107,0,0,0,0,0,0
Gm44109,0,1,0,0,0,0
Gm44110,0,0,0,1,0,0
Gm44113,0,0,0,0,0,0
Gm44115,4,11,10,1,2,1
Gm44117,3,5,1,0,2,6
Gm44123,33,28,12,21,27,27
Gm44127,3,0,0,1,2,2
Gm44129,2,2,0,1,1,2
Gm44145,0,0,0,0,0,0
Gm44148,7,3,5,1,2,3
Gm44151,0,0,0,0,0,0
Gm44166,0,0,0,1,1,0
Gm44169,0,0,0,0,0,0
Gm44170,2,1,2,0,2,1
Gm44172,0,0,0,0,0,0
Gm44174,0,0,0,0,0,0
Gm44175,12,15,21,11,18,7
Gm44176,0,0,0,0,0,0
Gm4419,262,306,136,133,156,194
Gm44196,1,0,0,0,2,1
Gm44199,8,7,0,4,8,6
Gm44202,0,2,0,0,0,1
Gm44204,0,0,0,0,0,0
Gm44206,8,7,3,6,2,5
Gm44210,211,281,113,101,152,158
Gm44214,21,16,21,18,16,9
Gm44226,0,0,0,0,0,0
Gm44238,0,0,0,0,0,0
Gm4425,8,5,7,2,6,2
Gm44257,395,557,435,236,403,489
Gm44264,3,4,3,4,1,1
Gm44271,6,3,2,10,3,4
Gm44275,1,3,4,0,0,0
Gm44278,0,0,0,0,0,0
Gm44284,33,34,24,18,16,16
Gm44287,0,1,0,0,0,0
Gm44296,0,1,2,1,0,0
Gm44317,0,4,2,3,2,2
Gm44386,47,70,27,37,47,42
Gm44410,0,0,0,0,0,0
Gm44418,1,2,0,0,2,1
Gm44421,28,23,31,12,26,36
Gm44427,0,0,0,0,0,0
Gm44442,0,0,0,0,0,0
Gm44448,0,0,0,0,0,0
Gm4450,17,30,20,14,23,19
Gm44501,0,0,0,0,0,0
Gm44503,0,1,0,0,0,0
Gm44506,0,0,0,0,0,0
Gm44507,0,1,0,0,0,1
Gm44511,0,0,0,0,0,0
Gm44515,0,0,0,0,0,0
Gm44516,5,6,6,3,6,1
Gm44532,9,12,11,6,5,14
Gm44546,0,0,0,0,0,0
Gm44570,13,10,4,6,4,7
Gm44579,0,0,0,0,0,0
Gm44581,1,3,3,0,1,3
Gm44588,0,0,0,0,0,0
Gm44593,69,44,46,14,44,65
Gm44596,0,2,1,0,2,0
Gm44601,3,1,3,2,2,1
Gm44613,0,0,0,0,0,0
Gm44618,20,27,25,15,18,16
Gm44621,1,0,0,0,1,0
Gm44622,1,1,0,2,0,4
Gm44623,26,22,23,19,19,20
Gm44626,0,3,1,0,0,0
Gm44632,1,0,0,1,0,0
Gm44633,2,4,2,2,4,3
Gm44643,1333,1395,1063,652,1111,1362
Gm44644,635,579,764,295,559,502
Gm44647,8,7,5,6,1,5
Gm44649,6,7,3,7,6,7
Gm44658,0,0,3,1,1,1
Gm44659,0,0,0,1,1,0
Gm44662,82,64,31,32,47,45
Gm44672,19,15,5,5,12,16
Gm44674,2,1,0,0,1,3
Gm44686,9,20,4,3,13,11
Gm44689,0,0,0,0,0,0
Gm44691,1,0,1,0,1,1
Gm44692,0,0,0,0,0,0
Gm44693,0,0,0,0,0,0
Gm44696,155,173,117,67,136,107
Gm44698,10,30,19,12,10,13
Gm44700,7,6,3,2,1,2
Gm44702,9,11,4,5,9,3
Gm44706,3,3,1,0,1,2
Gm44707,0,0,0,0,0,0
Gm44709,0,1,1,0,0,2
Gm44710,1,2,1,0,7,2
Gm44714,0,0,0,0,0,0
Gm44717,0,0,0,0,0,1
Gm44718,99,116,82,56,73,111
Gm44724,47,49,33,31,25,36
Gm44725,0,0,0,0,0,0
Gm44730,0,0,0,0,0,0
Gm44731,2,5,5,1,3,1
Gm44732,6,14,5,8,8,11
Gm44733,0,0,0,0,0,0
Gm44734,1,3,0,0,5,0
Gm44736,0,0,0,0,0,0
Gm44737,25,22,33,25,30,25
Gm44738,1,0,0,0,0,0
Gm44739,4,1,4,6,0,2
Gm44744,0,0,0,0,0,0
Gm44748,0,0,0,0,0,0
Gm44751,2,4,5,1,9,4
Gm44752,5,2,5,3,9,4
Gm44753,0,0,0,0,0,0
Gm44756,0,0,0,0,0,0
Gm44759,1,1,2,1,1,2
Gm44761,3,1,2,2,2,1
Gm44763,56,95,75,52,52,47
Gm44767,2,2,2,6,4,2
Gm44773,1,0,0,1,2,2
Gm44777,370,576,430,219,445,499
Gm44778,0,0,0,0,0,0
Gm44780,1,1,6,0,0,3
Gm44781,0,2,0,0,0,0
Gm44784,11,17,7,5,7,7
Gm44785,0,1,0,0,0,0
Gm44786,1,1,0,0,0,1
Gm44787,0,0,0,0,0,0
Gm44788,0,0,0,1,0,0
Gm44790,1,1,1,0,0,1
Gm44793,10,18,10,10,11,16
Gm44805,0,0,0,0,0,0
Gm44808,0,0,0,0,0,0
Gm44812,256,192,221,73,138,182
Gm44813,2,0,2,1,2,1
Gm44818,0,0,0,0,0,0
Gm44827,0,3,1,0,1,2
Gm44832,91,98,51,42,87,103
Gm44837,1,2,2,2,0,1
Gm44839,0,0,0,0,0,0
Gm44850,2,1,1,1,1,1
Gm44851,6,1,0,3,4,3
Gm44854,5,11,7,6,5,5
Gm44864,0,0,0,0,0,0
Gm44866,3,4,5,2,7,2
Gm44876,3,4,2,4,4,1
Gm44877,0,0,0,0,0,0
Gm44886,0,0,0,0,0,0
Gm44889,0,1,0,0,0,0
Gm4489,0,0,0,0,0,0
Gm44892,0,0,0,0,0,0
Gm44893,0,0,0,0,0,0
Gm44899,306,372,308,161,256,292
Gm4491,19,30,6,9,15,24
Gm44920,1,1,3,0,0,0
Gm44929,0,0,1,0,0,0
Gm44930,0,0,0,0,0,0
Gm44933,0,0,0,1,0,1
Gm44934,0,0,1,1,0,0
Gm44939,0,0,1,0,0,0
Gm44941,1,1,0,3,1,2
Gm44946,5,5,2,3,4,3
Gm44947,0,0,0,0,0,0
Gm44948,0,0,0,0,0,0
Gm44949,32,42,33,18,35,34
Gm44955,0,0,0,0,0,0
Gm44956,0,1,2,0,1,2
Gm44965,0,0,1,0,1,0
Gm44968,0,0,1,0,0,1
Gm44969,1,0,0,0,0,0
Gm44970,0,0,0,0,0,0
Gm44973,0,0,0,0,0,0
Gm4498,0,0,0,0,0,0
Gm44983,1,3,2,2,0,1
Gm44987,10,6,7,1,6,5
Gm44991,0,0,0,0,0,0
Gm44992,0,0,0,0,1,0
Gm44993,2,5,7,2,6,3
Gm44995,11,7,3,3,2,4
Gm45004,0,0,0,0,0,0
Gm45012,0,0,0,0,1,0
Gm45014,5,5,6,4,9,3
Gm45015,0,0,0,0,0,0
Gm45016,9,7,5,5,4,6
Gm45017,0,0,0,0,0,0
Gm45020,0,0,0,0,0,0
Gm45021,0,0,0,0,0,0
Gm45022,54,86,28,43,66,46
Gm45024,0,0,0,0,0,0
Gm45025,0,2,0,1,0,1
Gm45027,0,0,0,0,0,0
Gm45029,1,5,3,1,3,2
Gm45030,0,0,0,0,0,0
Gm45037,0,0,0,0,0,0
Gm45040,0,0,0,0,0,0
Gm45044,3,2,1,0,1,1
Gm45045,1,0,0,0,1,0
Gm45051,160,205,83,136,148,147
Gm45052,0,0,0,0,0,1
Gm45054,0,0,0,0,0,0
Gm45056,0,0,0,0,1,0
Gm45058,1,1,1,0,1,1
Gm45060,4,1,1,5,3,2
Gm45062,3,5,1,1,2,2
Gm45064,0,0,0,0,0,0
Gm45069,20,13,6,16,8,11
Gm45075,0,0,0,0,0,0
Gm45076,1,0,1,0,0,1
Gm45079,0,0,0,0,1,0
Gm45081,3,7,3,4,8,2
Gm45083,0,0,2,0,2,3
Gm45086,0,0,0,0,0,0
Gm45090,1,1,1,3,0,2
Gm45091,12,11,3,7,6,5
Gm45092,21,23,15,11,11,17
Gm45095,18,13,5,12,2,4
Gm45096,0,0,0,0,0,0
Gm45121,5,5,1,2,0,4
Gm4513,0,0,0,0,0,0
Gm45140,32,47,49,37,47,32
Gm45144,0,1,4,1,1,0
Gm45145,0,0,1,0,1,0
Gm45151,19,18,25,9,15,14
Gm45155,1,1,1,2,2,1
Gm45159,8845,10139,12321,4515,8377,8688
Gm45163,38,46,51,18,38,36
Gm45164,0,1,0,0,0,0
Gm45168,27,40,4,7,25,18
Gm45169,53,63,27,31,37,34
Gm45175,0,0,0,0,0,0
Gm45181,2,1,0,0,0,0
Gm45184,3,5,1,1,3,4
Gm45187,28,34,20,17,21,19
Gm45188,29,20,12,10,14,19
Gm45194,6,0,9,1,17,12
Gm45202,0,0,0,0,0,0
Gm45208,1,1,1,0,0,0
Gm45213,0,0,0,0,0,0
Gm45218,1,0,2,1,0,0
Gm45231,5,12,5,7,4,5
Gm45233,1,1,1,0,0,1
Gm45234,0,0,0,0,0,0
Gm45237,1,4,1,8,1,7
Gm45238,0,0,0,0,0,0
Gm4524,10,9,7,3,11,12
Gm45241,2,0,0,0,1,1
Gm45250,425,540,381,276,400,352
Gm45253,1,0,0,0,0,0
Gm45261,0,0,0,0,0,0
Gm45267,0,0,0,0,0,0
Gm45271,0,0,0,0,0,0
Gm45272,0,0,0,0,0,0
Gm45274,0,0,0,0,0,0
Gm45277,0,0,0,0,0,0
Gm45278,1,0,1,0,1,0
Gm45282,0,0,0,0,0,0
Gm45285,2,2,1,1,2,5
Gm45301,0,0,0,0,0,0
Gm45303,0,0,0,0,0,0
Gm45304,10,22,15,7,13,4
Gm45305,0,2,0,0,0,0
Gm45307,0,0,0,0,0,0
Gm45321,4,1,1,4,3,3
Gm45322,9,13,13,3,11,8
Gm45323,9,11,20,12,11,21
Gm45326,0,0,0,0,0,0
Gm45330,0,0,3,0,0,1
Gm45332,0,0,1,0,1,0
Gm45334,0,0,0,0,0,0
Gm45335,0,0,0,0,0,0
Gm45336,0,0,0,0,0,0
Gm45337,0,0,0,0,0,0
Gm45339,0,0,0,0,0,0
Gm45341,3,5,14,3,5,7
Gm45345,10,11,3,4,3,3
Gm45346,36,56,34,26,51,36
Gm45349,0,0,0,0,0,0
Gm45350,0,0,0,0,0,0
Gm45351,43,37,13,14,35,18
Gm45352,4,8,11,6,8,9
Gm45353,1,0,1,2,0,0
Gm45355,2,4,3,1,6,6
Gm45356,21,29,32,20,39,35
Gm45359,9,14,20,9,13,12
Gm45368,0,0,0,0,0,0
Gm45370,0,2,1,1,1,0
Gm45371,3,3,0,6,5,3
Gm45388,0,0,1,0,0,0
Gm45389,4,17,19,12,17,7
Gm45391,0,0,0,0,1,0
Gm45397,0,2,0,0,0,0
Gm454,0,0,0,0,0,0
Gm45406,6,6,3,1,1,3
Gm45408,3,2,1,0,2,3
Gm45411,2,4,0,0,0,0
Gm45425,2,6,8,0,1,3
Gm45430,0,0,0,0,0,0
Gm45431,0,0,0,0,0,0
Gm45435,0,0,0,0,1,0
Gm45436,0,0,0,0,0,0
Gm45437,13,10,7,14,6,4
Gm45441,54,78,45,19,37,45
Gm45442,0,0,0,0,2,0
Gm45447,190,189,88,84,122,101
Gm45449,33,26,16,10,16,20
Gm45455,24,23,29,9,20,27
Gm45459,0,0,0,0,0,0
Gm45460,0,0,0,0,0,0
Gm45462,0,0,0,0,0,0
Gm45470,130,144,142,67,61,77
Gm45472,13,18,11,8,13,9
Gm45474,0,3,0,0,0,0
Gm45479,2,1,4,0,4,1
Gm45486,2,5,2,3,4,5
Gm45488,0,0,0,0,0,0
Gm45489,0,0,0,0,2,0
Gm45490,1,0,1,0,0,0
Gm45495,84,90,65,43,53,56
Gm45502,0,0,0,0,0,0
Gm45505,0,0,0,0,0,0
Gm45507,1,1,0,2,0,3
Gm45509,4,4,2,4,3,5
Gm45510,0,0,1,0,1,0
Gm45515,1,0,3,0,1,2
Gm45518,6,6,3,4,4,3
Gm45521,0,0,1,0,0,0
Gm45524,0,2,1,0,0,0
Gm4553,0,0,0,1,0,0
Gm45533,9,21,5,7,5,8
Gm45538,0,2,1,0,0,2
Gm45542,1,0,1,3,2,1
Gm45552,3,10,1,17,12,9
Gm45554,0,0,0,0,0,0
Gm45556,0,0,0,0,0,0
Gm45557,0,0,1,0,1,1
Gm45558,1,0,0,2,0,2
Gm45564,1,2,0,0,0,0
Gm45571,0,0,0,0,0,0
Gm45572,0,0,0,0,0,0
Gm45576,0,0,0,0,2,1
Gm45579,12,22,23,8,12,14
Gm45580,0,0,0,0,0,0
Gm45584,0,0,0,1,0,1
Gm45587,0,0,1,0,0,2
Gm45589,0,0,0,0,0,0
Gm4559,0,0,0,0,0,0
Gm45593,0,0,0,0,0,0
Gm45600,0,0,0,0,0,0
Gm45601,23,24,32,11,20,24
Gm45602,0,0,0,0,0,0
Gm45604,0,1,0,0,1,1
Gm45605,524,685,365,322,385,375
Gm45606,236,197,165,129,186,131
Gm45607,0,0,1,1,1,0
Gm45609,65,76,30,30,51,61
Gm45613,4,5,5,2,9,7
Gm45615,0,1,0,0,0,0
Gm45618,0,1,0,0,2,0
Gm45619,65,69,26,35,50,54
Gm45620,19,37,12,6,24,19
Gm45623,87,84,34,40,52,71
Gm45625,0,0,0,0,0,0
Gm45627,10,16,11,7,3,6
Gm45631,31,33,7,18,21,25
Gm45639,0,2,1,1,0,0
Gm45641,40,41,13,22,31,28
Gm45645,48,40,35,13,26,37
Gm45646,0,2,2,0,0,0
Gm4565,0,0,0,0,0,0
Gm45650,8,33,4,3,12,10
Gm45659,0,0,0,0,0,0
Gm45666,0,0,0,0,0,0
Gm45669,2,3,0,3,1,1
Gm4567,0,0,0,0,0,0
Gm45670,0,3,0,0,0,0
Gm45671,1,3,1,1,2,1
Gm45672,0,0,0,0,0,0
Gm45676,1,0,0,0,0,0
Gm45680,0,0,0,0,0,0
Gm45682,0,0,0,0,0,0
Gm45686,0,3,0,1,0,2
Gm45692,0,0,0,0,0,0
Gm45699,0,1,0,0,0,0
Gm45702,47,54,23,12,35,49
Gm45703,0,0,0,0,0,0
Gm45708,57,44,51,26,25,35
Gm45709,6,16,9,7,14,17
Gm45711,1,0,0,0,0,0
Gm45713,1,0,1,1,0,0
Gm45716,616,713,528,359,457,466
Gm45717,0,0,0,0,0,0
Gm45720,2,4,1,1,1,1
Gm45721,0,2,0,0,1,0
Gm45723,0,0,1,0,2,0
Gm45732,0,0,0,0,0,0
Gm45733,8,8,4,2,9,4
Gm45736,0,0,0,0,0,0
Gm45740,0,6,1,2,0,0
Gm45741,0,0,0,0,1,1
Gm45752,0,0,0,0,0,0
Gm45753,0,0,0,0,0,1
Gm45764,0,0,0,0,0,0
Gm45765,0,0,0,0,0,0
Gm45766,0,0,0,0,0,0
Gm45767,124,131,104,49,130,101
Gm45768,155,167,196,106,146,148
Gm4577,3,2,0,2,1,0
Gm45774,4,5,3,3,8,3
Gm45781,0,2,0,0,0,0
Gm45783,0,1,0,1,2,1
Gm45785,13,19,27,15,16,25
Gm45788,0,0,0,0,0,0
Gm45790,112,115,107,71,92,82
Gm45792,0,0,1,1,0,0
Gm45798,0,0,0,0,0,1
Gm45799,231,286,173,151,191,225
Gm45805,1,2,1,1,1,0
Gm45808,1,0,0,0,0,0
Gm45812,0,0,1,0,1,0
Gm45820,0,0,0,0,0,0
Gm45821,1,0,0,0,0,0
Gm45822,25,28,11,18,25,11
Gm45824,0,0,0,0,0,0
Gm45826,0,0,0,0,0,0
Gm45827,0,0,0,0,0,0
Gm45829,0,0,0,0,0,0
Gm45830,0,1,0,0,0,0
Gm45833,42,20,32,19,21,37
Gm45837,1,2,1,0,1,0
Gm45839,0,0,0,0,0,0
Gm45842,1,0,0,0,0,0
Gm45843,0,0,0,0,0,1
Gm45844,1331,1782,1367,798,1255,1460
Gm45846,345,284,224,162,256,271
Gm45847,154,165,296,82,234,159
Gm45848,0,1,0,0,0,0
Gm45861,1,1,0,0,0,4
Gm45864,1,1,0,0,0,1
Gm45866,21,16,10,8,9,14
Gm45868,0,0,0,0,0,0
Gm45869,259,269,233,160,199,223
Gm45871,776,875,532,323,533,634
Gm45875,4,2,5,0,4,1
Gm45881,47,53,37,26,45,42
Gm45889,6,2,1,1,3,0
Gm45890,287,323,154,129,227,202
Gm45892,1,3,3,0,1,3
Gm45894,20,26,14,13,25,21
Gm45895,0,12,0,1,0,1
Gm45897,0,0,0,0,3,1
Gm45899,2,3,0,37,3,4
Gm45901,46,53,49,27,33,33
Gm45902,329,439,581,176,393,325
Gm45903,0,0,3,0,1,0
Gm45904,17,30,11,7,16,13
Gm45911,0,1,0,0,0,0
Gm45924,21,15,20,15,14,9
Gm4593,638,749,714,321,786,745
Gm45941,0,2,1,1,0,2
Gm45949,9,14,7,5,8,8
Gm4598,4,2,6,2,1,3
Gm4610,0,0,0,0,0,2
Gm46102,23,36,42,19,19,17
Gm46123,988,1054,1041,461,774,716
Gm46124,4,5,3,5,10,6
Gm46189,1,2,0,0,0,0
Gm46204,3,3,1,3,0,2
Gm46210,73,51,29,34,39,47
Gm46212,35,52,17,27,22,23
Gm46218,2390,2893,2057,1126,1892,1802
Gm46224,54,63,72,68,146,33
Gm4631,915,1067,1673,665,1123,961
Gm4632,0,0,0,0,0,0
Gm46323,0,0,0,0,0,0
Gm46328,0,1,0,0,0,1
Gm46329,0,0,0,0,0,0
Gm46332,0,2,1,2,1,0
Gm46348,1,1,0,0,0,0
Gm46349,2,2,3,2,3,3
Gm46355,0,0,0,1,0,1
Gm46376,15,16,12,4,10,5
Gm46392,2,5,6,6,3,1
Gm4640,6,7,7,2,4,1
Gm46400,15,20,15,7,7,7
Gm46401,0,2,0,0,2,0
Gm46404,507,461,245,254,286,274
Gm46411,4,3,3,1,6,1
Gm46416,35,42,23,22,17,17
Gm46419,2,2,3,1,0,4
Gm46430,757,946,531,339,615,680
Gm46440,80,105,75,41,54,57
Gm46447,55,67,74,15,78,74
Gm46515,14,7,7,5,9,5
Gm46516,0,0,0,0,0,0
Gm4657,16,22,17,14,17,7
Gm4665,0,0,0,0,0,0
Gm4668,1,0,1,0,0,0
Gm4673,1101,1079,727,618,826,701
Gm4675,30,54,26,18,22,28
Gm4681,122,108,69,42,87,84
Gm47001,1,0,0,0,0,0
Gm47002,0,0,1,0,2,0
Gm47003,5,14,9,7,3,7
Gm47007,0,2,0,0,0,0
Gm47009,2,1,3,0,1,0
Gm47013,0,1,1,0,0,0
Gm47015,6,5,3,5,8,2
Gm47020,0,0,0,0,0,0
Gm47027,5,7,4,8,3,7
Gm47028,0,0,0,0,0,0
Gm47030,0,0,0,0,0,0
Gm47033,106,82,101,55,81,78
Gm47034,0,0,0,0,0,0
Gm47039,0,1,0,0,0,0
Gm47040,2,1,0,0,1,0
Gm47043,2,1,0,0,2,1
Gm47047,3,5,1,0,0,3
Gm47049,0,0,0,0,0,0
Gm47051,0,0,0,0,0,0
Gm47059,19,12,40,13,24,15
Gm47061,2,3,0,4,1,2
Gm47064,0,0,0,0,0,0
Gm47066,0,0,0,0,1,0
Gm47067,0,0,0,0,0,0
Gm47068,1,0,0,0,0,0
Gm47069,0,0,0,0,0,0
Gm4707,266,316,297,168,282,245
Gm47070,0,0,0,1,0,0
Gm47071,25,35,21,9,17,23
Gm47076,2,3,0,0,3,0
Gm47077,0,0,0,0,0,0
Gm47078,0,0,0,1,0,0
Gm47079,57,85,28,42,56,61
Gm47080,0,0,1,0,0,0
Gm47082,0,0,0,0,0,0
Gm47093,10,8,4,5,6,8
Gm47095,3,2,3,1,1,1
Gm47096,68,82,16,55,37,32
Gm47101,3,0,0,1,3,2
Gm47106,17,44,37,21,27,35
Gm47107,0,0,0,0,0,0
Gm47109,2,1,0,0,1,1
Gm47112,188,214,65,100,141,137
Gm47113,26,34,21,16,19,21
Gm47116,1,0,1,0,0,3
Gm47117,1,1,1,1,0,0
Gm47118,0,1,0,0,0,0
Gm47119,0,0,1,0,1,3
Gm47123,4,2,0,0,3,1
Gm47127,5,4,9,1,4,5
Gm47128,0,0,0,0,0,0
Gm47131,0,1,0,0,1,0
Gm47133,3,7,4,1,3,7
Gm47134,6,5,7,5,4,5
Gm47136,2,2,0,1,0,1
Gm47141,3,2,7,1,5,3
Gm47143,0,0,0,0,0,0
Gm47144,0,1,0,0,0,0
Gm47150,1,0,0,0,0,0
Gm47151,0,0,0,0,0,0
Gm47152,0,0,0,0,0,0
Gm47153,3,0,3,2,4,1
Gm47156,0,0,0,0,0,0
Gm47157,1,0,0,0,0,0
Gm47162,2,1,1,0,4,1
Gm47167,0,3,0,1,1,1
Gm47176,0,0,0,0,1,0
Gm47177,0,1,0,0,0,0
Gm47181,2,0,1,0,2,2
Gm47186,0,0,0,0,1,0
Gm47189,0,0,0,0,0,0
Gm47193,6,4,4,1,3,7
Gm47194,0,0,0,0,0,0
Gm47200,15,17,12,6,7,3
Gm47202,9,8,4,5,7,6
Gm47204,191,249,120,114,132,106
Gm47207,0,0,0,0,1,0
Gm47212,2,1,0,0,1,0
Gm47214,2,3,1,0,1,1
Gm47216,0,0,0,0,0,0
Gm47221,46,79,49,47,54,62
Gm47223,0,0,0,0,0,0
Gm47224,0,0,0,0,0,0
Gm47226,0,0,0,0,0,0
Gm47230,0,0,1,1,0,0
Gm47231,2,2,4,4,7,5
Gm47232,28,39,37,17,41,31
Gm47235,2,4,1,5,1,5
Gm47237,0,1,1,0,0,0
Gm4724,254,226,144,118,154,193
Gm47242,9,4,6,2,9,1
Gm47243,0,0,0,0,0,0
Gm47248,0,0,0,0,0,0
Gm47249,0,0,0,0,0,0
Gm47251,12,4,12,4,7,13
Gm47252,1,2,0,2,0,4
Gm47253,0,0,0,0,0,0
Gm47262,0,3,2,1,1,1
Gm47267,0,0,0,0,0,0
Gm47270,20,23,38,16,21,18
Gm47271,1,0,0,0,0,1
Gm47272,0,1,1,1,0,1
Gm47283,664,3084,1631,2020,1187,1377
Gm47289,0,0,0,0,0,0
Gm47316,0,1,0,0,0,0
Gm47319,0,0,1,0,1,0
Gm47320,0,2,0,0,0,0
Gm47326,0,0,0,0,0,0
Gm47328,4,3,1,2,2,1
Gm47334,0,0,0,0,0,0
Gm47336,0,0,0,0,0,1
Gm47343,2,0,0,0,0,0
Gm47348,0,0,0,0,0,0
Gm47349,0,0,0,0,0,0
Gm47350,4,0,0,1,11,6
Gm47351,1,0,0,0,0,0
Gm47352,0,1,2,2,0,1
Gm47354,0,0,0,0,0,0
Gm47358,18,20,14,3,11,17
Gm47359,11,19,7,5,3,7
Gm47360,2,8,3,0,0,0
Gm47368,7,6,5,6,10,4
Gm4737,2,4,4,2,4,1
Gm47371,0,0,1,1,0,0
Gm47373,5,6,1,5,4,5
Gm47375,0,1,2,1,0,0
Gm47376,3,6,3,1,5,4
Gm47381,0,0,0,0,0,0
Gm47389,0,0,1,0,0,0
Gm47390,0,1,1,0,1,0
Gm47391,1,0,0,3,1,1
Gm47392,2,0,1,1,1,0
Gm47396,0,0,0,0,0,0
Gm47397,1,0,0,0,0,0
Gm47398,0,1,0,0,1,0
Gm47400,4,2,1,2,3,2
Gm47403,11,10,13,7,2,5
Gm47407,0,1,0,0,0,0
Gm47408,2,2,0,0,0,0
Gm47409,2,1,2,0,0,1
Gm47414,8,9,4,9,9,6
Gm47415,72,50,40,32,35,27
Gm47416,2,0,1,0,0,1
Gm47418,0,0,0,0,2,0
Gm47419,0,0,0,0,0,0
Gm47423,26,80,49,20,39,39
Gm47425,2,5,1,2,3,2
Gm47428,13,20,20,7,20,15
Gm47429,0,0,0,0,0,0
Gm47430,1,4,1,0,5,1
Gm47431,1,1,2,2,1,1
Gm47432,0,0,0,0,0,0
Gm47436,0,1,0,0,0,2
Gm47438,196,359,57,95,171,216
Gm47439,138,205,63,119,122,97
Gm4744,0,0,0,0,0,0
Gm47448,0,0,0,0,1,0
Gm47450,19,30,9,7,14,21
Gm47453,0,0,0,0,0,0
Gm47456,0,0,0,0,0,0
Gm47459,0,0,1,0,0,0
Gm47460,1,1,0,0,0,2
Gm47461,8,8,10,3,11,7
Gm47465,0,0,0,0,0,0
Gm47467,26,20,13,16,14,14
Gm47468,1,1,4,4,5,3
Gm47469,138,148,93,68,82,101
Gm47471,6,3,2,7,3,12
Gm47475,0,0,0,0,0,0
Gm47480,0,0,0,0,0,0
Gm47486,18,24,14,18,13,16
Gm47489,0,0,0,0,0,1
Gm47499,5,7,1,1,3,1
Gm47501,0,0,0,0,0,0
Gm47507,0,0,0,1,0,0
Gm47509,1,0,1,0,1,0
Gm47510,1,0,0,0,0,0
Gm47511,0,7,1,0,1,1
Gm47512,1170,1494,596,615,814,964
Gm47514,0,0,0,0,0,0
Gm47515,15,17,13,1,10,25
Gm47518,1,1,0,2,2,3
Gm47520,0,0,0,0,0,0
Gm47523,0,0,0,0,0,0
Gm47524,0,0,0,0,0,0
Gm47531,0,0,0,0,0,0
Gm47532,0,0,0,0,0,0
Gm47533,2,1,0,0,0,0
Gm47535,0,0,0,0,0,0
Gm47540,1,0,0,0,0,0
Gm47543,1,0,0,0,0,0
Gm47544,0,0,0,0,0,0
Gm47545,8,6,1,2,8,1
Gm47547,29,21,11,15,22,14
Gm47548,0,0,0,0,0,0
Gm47549,0,0,1,0,0,0
Gm47551,2,0,1,2,1,1
Gm47552,0,0,0,0,0,0
Gm47557,5,6,12,8,11,6
Gm47559,2,2,4,1,2,1
Gm4756,1,1,0,0,0,0
Gm47561,1,0,1,2,0,1
Gm47564,0,0,0,0,0,0
Gm47565,7,12,14,3,12,10
Gm47566,0,1,0,0,0,0
Gm47568,0,0,0,0,0,0
Gm47575,0,0,0,0,0,0
Gm47578,59,78,60,74,57,99
Gm47593,5,8,6,3,8,4
Gm47595,0,0,0,0,0,0
Gm47598,0,1,1,0,0,1
Gm47599,2,0,0,0,0,0
Gm47604,0,0,0,0,0,0
Gm47613,0,0,0,0,0,0
Gm47614,0,0,0,0,0,0
Gm47629,1,4,0,0,1,0
Gm4763,1,0,0,0,0,0
Gm47633,7,7,4,2,4,3
Gm47639,4,5,2,2,5,3
Gm47645,4,3,0,2,4,1
Gm47646,0,0,1,1,1,0
Gm47648,0,1,0,1,0,1
Gm47658,0,2,0,0,0,0
Gm47661,0,2,0,2,0,4
Gm47662,0,0,1,0,0,0
Gm47663,1,1,1,0,0,0
Gm47666,1,0,0,1,0,0
Gm47667,0,0,0,0,0,0
Gm4767,28,25,17,15,10,17
Gm47671,1,0,0,0,0,0
Gm47675,0,0,0,0,0,0
Gm47677,0,0,0,0,0,0
Gm47680,0,0,0,1,0,0
Gm47682,1,2,0,0,1,0
Gm47683,7,5,1,3,1,2
Gm47684,0,0,0,0,2,0
Gm47689,50,52,28,23,40,44
Gm47691,1,0,0,0,0,0
Gm47695,0,0,0,0,0,0
Gm47697,0,2,0,1,0,0
Gm47698,1,2,0,1,0,1
Gm47701,33,42,57,12,30,30
Gm47705,1,2,2,2,3,1
Gm47707,0,0,0,0,0,0
Gm47708,0,1,0,0,1,0
Gm47709,0,0,0,0,0,0
Gm47710,154,228,58,103,113,124
Gm47711,1,2,0,2,0,1
Gm47712,25,21,12,18,16,27
Gm47713,0,0,0,0,0,0
Gm47715,393,393,239,244,276,262
Gm47716,0,0,0,0,0,0
Gm47718,0,0,0,0,0,0
Gm47719,0,0,0,0,0,0
Gm47725,16,11,3,3,10,9
Gm47728,50,60,28,28,46,56
Gm47729,0,0,0,0,0,0
Gm47730,1,0,0,0,0,0
Gm47731,1,2,0,4,3,1
Gm47732,0,2,3,2,1,1
Gm47733,0,0,0,1,0,0
Gm47734,0,0,0,0,0,0
Gm47735,13,24,7,8,8,5
Gm47738,10,6,10,12,17,10
Gm47751,0,0,0,0,0,0
Gm47752,0,0,0,0,0,0
Gm47754,36,62,50,19,65,56
Gm47757,1,0,0,0,0,0
Gm47758,0,0,1,0,0,0
Gm47760,143,128,55,54,85,95
Gm47761,47,50,65,28,53,59
Gm47766,30,49,13,19,39,22
Gm47767,3,8,4,6,5,10
Gm47769,0,0,0,0,1,0
Gm47770,1,2,1,0,1,1
Gm47771,0,0,0,0,1,0
Gm47774,0,0,0,0,0,0
Gm47775,0,0,0,0,0,1
Gm47777,0,0,0,0,0,0
Gm47778,0,0,0,0,0,0
Gm4778,0,0,0,0,0,0
Gm47780,0,0,0,0,0,0
Gm47781,19,33,9,11,18,16
Gm47782,0,0,0,0,0,0
Gm47784,0,0,0,0,0,0
Gm47785,1,0,0,0,0,0
Gm47789,0,0,0,0,0,0
Gm4779,43,50,39,37,53,58
Gm47790,0,0,0,0,0,0
Gm47791,0,0,0,0,0,0
Gm47792,0,0,0,0,0,0
Gm47794,141,182,40,93,97,82
Gm47795,0,0,0,1,1,0
Gm47796,0,0,0,0,2,1
Gm47800,0,0,0,0,0,0
Gm47802,8,8,2,4,3,13
Gm47804,0,0,0,0,1,0
Gm47805,0,0,0,0,0,0
Gm47806,12,16,8,12,10,11
Gm47814,2,2,2,2,2,2
Gm47815,28,40,22,23,43,32
Gm47818,1,0,0,0,0,2
Gm47819,0,0,0,0,0,0
Gm47823,1,0,3,0,0,0
Gm47827,2,3,0,0,1,1
Gm47833,6,3,6,9,6,3
Gm47839,0,0,0,0,1,0
Gm47841,0,0,0,0,1,0
Gm47843,0,0,0,0,0,0
Gm47847,2,0,0,1,0,0
Gm47849,9,9,18,10,15,7
Gm47850,0,0,0,0,0,0
Gm47851,10,13,21,5,12,10
Gm47854,4,5,6,1,4,1
Gm47855,0,0,0,0,0,0
Gm47858,0,1,0,0,0,0
Gm47859,0,0,0,0,0,0
Gm47861,0,0,1,0,0,0
Gm47865,3,2,0,1,3,1
Gm47868,0,0,1,0,0,2
Gm4787,119,153,205,88,145,106
Gm47871,1,0,0,0,0,0
Gm47872,2,1,0,0,1,1
Gm47875,2,0,2,2,1,1
Gm47877,0,0,0,0,0,0
Gm47879,0,1,1,0,0,0
Gm4788,0,0,0,0,0,0
Gm47882,40,42,29,38,34,42
Gm47887,0,0,1,0,1,0
Gm47888,1,0,0,0,1,0
Gm47889,0,0,0,0,0,0
Gm47895,0,0,0,0,0,0
Gm47896,0,0,0,0,0,0
Gm47897,0,0,0,0,0,0
Gm47898,6,6,4,2,2,3
Gm47900,0,1,0,0,0,0
Gm47902,0,0,0,0,0,0
Gm47903,2,1,0,0,0,1
Gm47904,0,0,0,0,1,0
Gm47906,3,2,1,0,1,0
Gm4791,0,1,0,1,1,2
Gm47913,0,0,0,0,0,0
Gm47914,1,0,0,0,0,0
Gm47915,0,0,0,0,0,0
Gm47916,0,0,0,0,0,0
Gm47917,2,0,2,1,1,1
Gm47918,0,0,0,0,0,0
Gm4792,0,1,0,1,0,1
Gm47922,0,1,1,0,0,0
Gm47923,0,0,0,0,0,0
Gm47925,0,0,0,0,0,0
Gm47926,0,0,0,0,0,0
Gm47927,0,0,0,0,0,0
Gm4793,126,139,146,69,112,87
Gm47931,2,3,1,3,2,0
Gm47936,6,2,2,3,2,5
Gm47938,0,0,1,1,0,0
Gm47939,7,12,10,7,8,8
Gm47944,0,0,0,0,0,0
Gm47946,0,0,0,0,0,0
Gm47947,0,0,0,0,1,1
Gm47948,0,0,1,0,0,0
Gm47950,46,31,54,24,34,38
Gm47955,0,0,1,0,1,0
Gm47957,0,0,0,0,0,1
Gm47958,0,3,0,2,2,1
Gm47959,0,0,0,0,1,0
Gm47960,1,1,1,0,3,1
Gm47966,1,3,1,1,1,1
Gm47969,2,1,1,1,1,1
Gm47972,10,3,7,3,3,2
Gm47977,0,0,0,1,0,0
Gm47979,0,0,0,0,0,0
Gm47985,0,0,0,0,0,0
Gm47990,1,0,0,0,0,0
Gm47995,0,0,0,0,0,0
Gm47996,0,0,0,0,0,0
Gm47997,0,0,0,0,0,0
Gm48001,5,6,3,6,4,1
Gm48003,3,0,3,0,0,4
Gm48004,125,122,81,74,95,128
Gm48006,5,4,2,2,4,6
Gm48007,0,1,0,0,0,0
Gm48010,0,0,0,0,0,0
Gm48021,2,1,0,0,0,0
Gm48022,0,0,1,1,2,0
Gm48023,0,1,0,0,1,0
Gm48024,0,0,0,0,0,0
Gm48036,0,0,0,0,0,0
Gm48038,0,0,0,0,0,0
Gm48045,75,110,29,40,59,48
Gm48051,0,0,0,0,0,0
Gm48053,0,0,0,0,0,1
Gm48056,0,0,1,0,0,0
Gm48057,11,11,3,0,5,6
Gm48058,0,0,1,0,0,0
Gm48061,1,5,2,1,3,3
Gm48065,1,4,0,2,5,1
Gm48066,2,4,4,2,9,2
Gm48071,7,2,5,4,2,4
Gm48072,0,0,0,0,0,0
Gm48073,0,0,0,0,0,0
Gm48075,0,0,0,0,0,0
Gm48079,18,13,9,16,12,11
Gm48081,2,0,0,0,1,1
Gm48084,1,1,1,0,2,1
Gm48089,0,0,1,0,0,0
Gm48091,3,5,2,4,6,3
Gm48093,1,4,0,0,1,0
Gm48094,1,0,1,0,0,0
Gm48095,6,6,3,2,6,4
Gm48099,0,0,0,0,0,0
Gm48102,0,0,0,0,0,0
Gm48105,1,1,0,1,4,1
Gm48107,0,0,0,0,0,0
Gm48116,0,0,0,0,0,0
Gm48133,16,32,31,11,11,14
Gm4814,39,27,26,28,20,12
Gm48140,0,0,0,0,2,0
Gm48155,0,0,0,0,0,0
Gm48159,72,105,56,36,47,61
Gm48162,4,4,0,2,2,3
Gm48163,2,0,1,2,0,0
Gm48166,0,0,0,0,0,0
Gm48168,0,0,0,0,0,0
Gm48170,0,0,0,0,0,0
Gm48187,0,0,0,0,0,0
Gm48189,0,0,0,0,0,0
Gm48190,0,0,0,0,0,0
Gm48193,0,0,0,0,0,0
Gm48197,0,0,0,0,0,0
Gm48199,0,0,0,0,0,0
Gm48202,0,1,1,0,1,0
Gm48209,3,3,2,0,3,2
Gm48213,0,0,0,0,1,0
Gm48215,0,1,0,0,0,0
Gm48221,0,0,0,0,0,0
Gm48222,0,0,0,0,0,0
Gm48223,0,0,0,0,0,0
Gm48227,0,0,0,0,0,0
Gm48228,0,0,0,0,0,1
Gm48236,21,15,15,12,9,24
Gm48237,3,1,1,1,2,0
Gm48239,183,219,154,136,164,191
Gm48242,4,6,1,3,3,0
Gm48249,15,18,15,8,16,15
Gm48250,0,1,0,1,0,0
Gm48256,0,0,0,0,0,0
Gm48257,0,0,0,1,0,0
Gm48265,2,1,0,0,0,1
Gm48275,1,2,0,1,0,0
Gm48276,1,0,1,3,1,1
Gm48277,3,0,1,1,0,1
Gm48278,92,143,204,58,112,98
Gm48279,91,98,118,47,89,83
Gm48281,1,0,1,1,0,0
Gm48283,16,21,10,11,20,17
Gm48284,7,6,8,3,5,4
Gm48287,3,5,0,0,6,2
Gm48293,9,10,5,6,12,9
Gm48301,0,0,0,0,0,0
Gm48306,0,0,0,0,0,0
Gm48311,0,0,1,0,0,0
Gm48313,0,0,0,0,0,0
Gm48321,11,13,11,14,10,16
Gm48324,1,0,2,0,0,0
Gm48336,0,0,0,0,0,0
Gm48341,0,0,0,0,0,0
Gm48342,15,24,15,4,15,8
Gm48346,2,4,0,0,1,1
Gm48350,11,13,24,2,12,10
Gm4836,0,0,0,0,0,0
Gm48362,5,11,6,5,8,5
Gm48370,0,1,1,2,1,1
Gm48371,7,10,7,6,15,4
Gm48383,8,6,4,3,3,7
Gm48384,0,0,1,0,0,0
Gm48387,0,0,0,0,0,0
Gm48393,44,35,32,35,20,40
Gm48395,0,0,0,0,0,0
Gm48396,0,0,0,0,0,0
Gm48397,1,2,6,0,2,5
Gm48399,0,0,0,0,0,0
Gm48402,1,2,1,0,0,2
Gm4841,0,0,2,1,3,1
Gm48410,0,0,0,0,0,0
Gm48412,0,0,0,0,0,0
Gm48419,0,0,0,0,0,0
Gm48420,55,56,57,31,45,52
Gm48421,0,0,0,0,0,0
Gm48422,7,2,8,2,4,6
Gm48423,0,0,0,0,0,0
Gm48427,3,1,2,0,1,1
Gm48428,0,0,0,0,0,0
Gm48433,0,0,0,0,1,0
Gm48435,0,0,0,1,1,1
Gm48436,0,1,0,0,0,0
Gm48439,0,0,0,0,0,0
Gm48441,0,0,0,0,0,0
Gm48444,1,1,1,4,1,1
Gm48447,0,0,0,0,0,0
Gm48449,0,0,0,0,0,0
Gm48453,0,0,0,0,0,0
Gm4846,0,0,0,0,0,0
Gm48462,0,0,0,0,0,0
Gm4847,0,0,0,0,0,0
Gm48479,0,0,0,0,0,0
Gm48480,0,0,0,0,0,0
Gm48483,0,0,0,0,1,0
Gm48485,75,47,59,30,67,57
Gm48486,1,0,0,0,0,0
Gm48488,21,31,24,13,18,17
Gm48491,0,1,0,0,0,0
Gm48492,5,8,10,5,12,3
Gm48495,247,279,130,125,141,176
Gm48500,0,1,0,0,1,0
Gm48503,0,1,0,0,0,0
Gm48505,0,0,0,0,0,0
Gm48508,17,18,21,8,16,20
Gm48510,1,2,5,3,2,3
Gm48512,6,3,9,8,8,4
Gm48521,0,0,0,0,0,1
Gm48522,0,0,0,0,0,0
Gm48526,0,1,0,0,0,0
Gm48529,47,42,51,33,35,32
Gm48530,164,142,127,74,104,104
Gm48535,2,1,4,1,1,4
Gm48538,31,42,26,20,31,31
Gm48539,0,0,0,0,0,0
Gm48544,0,0,0,0,0,0
Gm48545,1,0,0,0,0,0
Gm48548,7,7,1,0,4,2
Gm48550,21,33,6,18,28,26
Gm48551,60,43,56,30,53,43
Gm48552,18,26,19,16,16,22
Gm48556,1,0,0,0,0,2
Gm48558,2,2,0,0,2,0
Gm48559,9,2,2,3,6,7
Gm48570,0,0,0,0,3,0
Gm48571,0,0,0,0,0,0
Gm48573,0,1,0,0,0,0
Gm48578,0,0,0,0,0,0
Gm4858,0,0,0,0,0,0
Gm48584,0,0,0,0,1,0
Gm48594,0,0,0,0,0,0
Gm48595,0,0,0,0,0,0
Gm48596,2,1,1,1,1,1
Gm48597,1,0,1,0,0,1
Gm48604,199,215,229,107,160,163
Gm48605,1,3,3,3,1,1
Gm48606,0,2,0,0,3,0
Gm48607,1,1,1,0,0,0
Gm4861,1,5,2,1,0,0
Gm48610,20,18,3,15,11,13
Gm48612,1,0,0,0,1,0
Gm48613,0,0,2,0,0,0
Gm48614,0,1,0,1,1,1
Gm48615,0,0,0,0,0,0
Gm48616,0,0,0,0,0,0
Gm48619,7,7,19,2,9,9
Gm48622,18,19,15,12,19,20
Gm48623,2908,3085,2479,1298,2388,2489
Gm48626,0,0,1,1,0,0
Gm48629,0,0,0,0,0,0
Gm48633,0,0,0,0,0,1
Gm48648,0,1,0,0,0,0
Gm48651,0,0,0,0,0,1
Gm48653,102,114,86,69,89,79
Gm48654,0,0,0,0,0,1
Gm48656,0,0,0,0,0,0
Gm48657,2,3,0,0,1,1
Gm48662,0,0,0,0,0,0
Gm48664,0,0,0,0,0,0
Gm48665,0,0,0,0,0,0
Gm48671,0,1,0,1,0,0
Gm48677,5,7,4,4,9,9
Gm48678,60,57,121,50,108,101
Gm48680,1,0,0,0,1,0
Gm48681,1,0,0,0,1,0
Gm48682,1,3,0,1,1,1
Gm48683,0,0,0,0,0,1
Gm48684,8,9,4,4,3,8
Gm48689,1,1,2,0,1,0
Gm4869,0,0,0,0,1,0
Gm48694,0,0,0,0,0,0
Gm48697,1,0,1,0,1,3
Gm48702,5,4,1,1,0,2
Gm48703,0,0,1,1,0,1
Gm48704,0,0,0,0,0,0
Gm48707,1,1,2,0,0,0
Gm48708,1,3,2,5,2,4
Gm48709,1,0,2,0,1,0
Gm4871,0,0,0,0,0,0
Gm48715,9,8,7,2,4,8
Gm48716,0,1,0,0,0,1
Gm48719,1,1,0,0,1,1
Gm4872,0,0,0,0,0,0
Gm48721,0,0,0,0,0,0
Gm48722,0,0,0,0,0,0
Gm48723,0,1,1,0,0,1
Gm48724,0,2,1,0,1,1
Gm48727,0,0,0,0,1,0
Gm48728,0,0,0,2,0,1
Gm48730,0,0,0,0,0,0
Gm48732,6,6,1,0,2,5
Gm48740,29,25,33,17,30,31
Gm48742,22,31,14,19,13,17
Gm48746,11,11,5,5,5,9
Gm48747,38,36,31,32,45,43
Gm48748,11,6,15,1,12,8
Gm48749,1,0,1,0,0,1
Gm48754,92,89,47,41,72,86
Gm48757,2,3,0,2,6,3
Gm48759,5,6,6,1,4,5
Gm4876,673,817,682,292,550,568
Gm48762,0,0,0,0,0,0
Gm48764,32,31,29,17,32,27
Gm48765,71,86,87,46,100,81
Gm48767,3,2,0,0,0,2
Gm48770,7,18,10,5,8,5
Gm48773,0,0,0,0,0,0
Gm48775,0,0,0,1,0,0
Gm48779,0,0,0,0,0,0
Gm48780,26,30,53,13,28,38
Gm48784,34,42,42,18,33,29
Gm48790,1,3,1,0,2,1
Gm48791,0,0,0,0,0,0
Gm48795,0,0,0,0,0,0
Gm48796,139,170,236,71,147,156
Gm48799,18,18,31,14,18,24
Gm48801,0,1,2,0,1,0
Gm48802,0,0,0,0,1,0
Gm48803,0,0,0,0,0,0
Gm48807,5,1,3,2,0,2
Gm48809,5,8,2,8,7,10
Gm4881,2,3,1,1,1,2
Gm48812,1,0,0,1,1,2
Gm48819,2,2,2,0,4,2
Gm48820,1,0,0,0,0,0
Gm48821,0,0,0,0,0,0
Gm48823,0,0,0,0,0,0
Gm48824,4,4,2,2,2,4
Gm48825,0,0,0,0,0,0
Gm48829,25,42,66,29,38,30
Gm48830,0,0,0,0,0,0
Gm48831,0,0,0,0,0,0
Gm48832,0,0,0,0,0,0
Gm48833,0,0,0,0,0,0
Gm48834,0,0,0,0,0,0
Gm48837,40,37,17,31,33,42
Gm4884,0,0,0,0,0,0
Gm48842,0,0,0,0,0,0
Gm48843,27,16,32,17,32,26
Gm48844,0,0,0,0,0,0
Gm48845,0,1,1,0,0,0
Gm48847,0,2,1,1,0,0
Gm48853,0,0,0,0,0,0
Gm48854,4,3,2,0,3,6
Gm48855,263,238,112,111,164,237
Gm48857,1,3,5,1,5,3
Gm48860,0,0,1,1,1,0
Gm48866,0,2,0,0,0,0
Gm48867,1,0,0,0,0,0
Gm48876,0,1,0,0,0,0
Gm48877,0,0,1,0,0,0
Gm48879,0,0,0,0,0,0
Gm48882,13,33,9,8,19,11
Gm48884,0,0,0,0,0,0
Gm48893,154,317,128,118,173,184
Gm48896,0,0,0,0,0,0
Gm48898,31,19,16,5,6,7
Gm48899,7,13,3,7,5,11
Gm48900,4,3,1,0,1,2
Gm48901,0,0,0,0,0,1
Gm48902,0,2,1,1,0,0
Gm48903,0,0,1,1,1,1
Gm48908,8,14,10,12,12,7
Gm48910,0,0,0,0,0,0
Gm48911,0,0,0,0,0,0
Gm48912,0,0,0,0,1,0
Gm48913,7,10,5,4,8,6
Gm48914,18,10,8,6,21,9
Gm48923,0,0,0,0,0,0
Gm48924,1,1,4,1,1,5
Gm48925,0,0,0,0,0,0
Gm48933,168,178,79,102,96,101
Gm48935,18,14,27,6,10,15
Gm4894,1,4,2,1,2,4
Gm48940,3,4,4,4,4,2
Gm48941,0,0,0,0,0,0
Gm48942,0,0,0,0,0,0
Gm48945,7,12,16,7,21,7
Gm48946,0,0,0,0,0,0
Gm48952,0,0,0,0,0,0
Gm48954,1,1,0,1,0,1
Gm48956,5,4,0,0,4,5
Gm48960,43,50,32,19,31,37
Gm48968,0,0,0,0,0,0
Gm48969,0,1,1,0,2,3
Gm48970,0,0,0,0,0,0
Gm48972,0,0,0,0,0,0
Gm48975,0,0,0,0,1,0
Gm48977,0,0,0,0,0,0
Gm48984,1,3,2,0,3,3
Gm48992,79,71,94,53,55,55
Gm48997,0,1,0,0,0,0
Gm49002,2,4,0,1,3,3
Gm49003,0,0,0,0,0,0
Gm49004,24,21,7,9,19,23
Gm49007,0,0,0,0,0,0
Gm49008,0,0,0,0,0,1
Gm49010,0,0,0,1,0,0
Gm49012,75,70,83,40,72,46
Gm49014,0,0,0,0,0,0
Gm49015,3,1,1,6,4,1
Gm49016,3,2,0,1,2,3
Gm49018,0,0,0,0,0,1
Gm49019,0,0,0,0,0,0
Gm49022,0,0,0,0,0,0
Gm49024,1,5,2,1,0,1
Gm49025,4,4,3,4,9,3
Gm49027,73,97,78,52,67,75
Gm49030,3,4,5,1,4,2
Gm49032,127,126,58,41,55,79
Gm49035,0,0,1,0,3,1
Gm49042,9,3,4,2,7,5
Gm49046,0,0,0,0,0,1
Gm49048,0,0,0,0,0,0
Gm49054,0,0,0,0,0,0
Gm49064,108,104,101,56,84,68
Gm49067,5,10,3,6,12,7
Gm4907,0,1,1,0,0,0
Gm49076,2,4,1,2,2,1
Gm49077,57,72,39,36,54,46
Gm49083,38,30,18,17,29,24
Gm49085,394,416,224,211,320,400
Gm49086,95,104,56,51,68,49
Gm49087,2,1,2,0,0,1
Gm49092,20,27,20,21,18,9
Gm49097,28,36,32,19,23,35
Gm49099,0,0,0,0,0,0
Gm49101,0,0,0,0,0,0
Gm49106,1,0,0,0,1,2
Gm49107,0,0,0,0,0,0
Gm49108,0,0,0,0,0,0
Gm49113,0,0,0,0,0,0
Gm49116,0,0,0,0,0,0
Gm49120,0,0,0,0,0,0
Gm49123,2,3,1,1,2,1
Gm49124,3,5,0,2,2,2
Gm49126,0,0,0,0,0,0
Gm49127,2,5,1,2,1,4
Gm49128,0,0,0,0,0,0
Gm49130,15,28,17,10,26,18
Gm49135,0,0,1,0,0,0
Gm49144,0,0,0,1,0,0
Gm49145,0,1,0,0,0,0
Gm49150,2,1,0,0,0,0
Gm49151,0,0,0,0,0,0
Gm49156,0,0,0,0,0,0
Gm49160,0,0,0,0,0,0
Gm49162,0,0,0,0,0,0
Gm49163,2,1,0,0,3,3
Gm49164,3,7,1,3,2,3
Gm49165,2,1,4,2,2,1
Gm49166,0,0,0,0,0,0
Gm49169,24,49,36,11,24,18
Gm49171,3,2,4,2,1,0
Gm49173,4,3,1,1,2,0
Gm49175,0,0,0,1,0,0
Gm49179,54,75,44,40,52,68
Gm49180,0,0,0,0,0,0
Gm49189,6,11,5,2,9,8
Gm49191,0,0,0,0,1,0
Gm49192,0,0,0,0,0,0
Gm49198,0,0,0,0,0,0
Gm49200,0,0,0,0,1,0
Gm49201,51,44,34,24,32,32
Gm49207,0,2,0,2,1,1
Gm49211,0,0,0,0,0,0
Gm49212,0,0,0,0,0,0
Gm49217,0,0,0,0,0,0
Gm4922,20,20,6,10,16,20
Gm49224,0,0,0,0,1,0
Gm49225,4,4,3,1,2,4
Gm49226,2,2,3,2,2,1
Gm49227,7,12,5,5,8,11
Gm49231,0,0,0,0,0,0
Gm49233,0,0,0,0,0,0
Gm49236,0,0,0,0,0,0
Gm49237,0,0,0,0,0,0
Gm4924,1615,1624,1318,885,1353,1260
Gm49240,2,2,1,0,1,0
Gm49247,0,0,0,0,0,1
Gm49249,1,2,6,3,2,3
Gm49256,23,13,8,11,12,3
Gm4926,49,41,11,17,20,20
Gm49262,0,0,0,0,0,0
Gm49263,1,1,0,1,0,1
Gm49267,1,2,0,3,0,0
Gm49271,13,20,10,6,14,15
Gm49272,23,16,31,10,23,16
Gm49282,2,1,1,1,1,0
Gm49289,2,1,0,0,1,0
Gm49291,21,33,30,11,31,24
Gm49292,0,0,0,0,1,0
Gm49293,0,0,0,0,0,0
Gm49302,0,0,0,0,0,0
Gm49303,0,0,0,0,0,0
Gm49304,0,0,0,0,0,0
Gm49305,0,2,0,0,0,0
Gm49306,0,0,0,0,0,1
Gm49313,0,0,0,0,0,0
Gm49318,0,0,0,0,0,0
Gm49320,0,0,0,1,0,2
Gm49321,0,0,0,0,0,0
Gm49322,59,54,61,23,49,61
Gm49324,1,8,3,8,9,6
Gm49325,0,3,0,1,0,0
Gm49333,0,1,0,0,0,1
Gm49334,2,2,1,0,1,3
Gm49335,18,30,11,15,19,16
Gm49336,1308,1607,1873,746,1348,1286
Gm49337,0,0,0,0,0,0
Gm49339,0,2,5,7,4,0
Gm49340,0,0,0,0,0,0
Gm49342,0,0,0,0,0,0
Gm49343,8,14,6,4,5,13
Gm49345,0,1,0,0,0,0
Gm49350,0,0,0,0,0,0
Gm49352,0,0,0,0,0,0
Gm49353,10,22,20,8,24,8
Gm49354,0,0,1,0,0,0
Gm49355,93,106,53,35,68,69
Gm49356,1,0,0,1,1,0
Gm49357,1,1,0,0,0,1
Gm49358,0,0,0,0,0,0
Gm49359,1909,2243,1350,1019,1539,1688
Gm49361,0,0,0,0,0,0
Gm49366,0,0,0,0,0,0
Gm49368,3,1,1,2,2,0
Gm49369,0,0,0,0,0,0
Gm49371,1,0,0,0,0,0
Gm49373,13,13,14,2,16,16
Gm49375,95,121,124,34,100,107
Gm49378,6,4,3,0,2,1
Gm49380,10,5,8,5,7,12
Gm49383,0,0,0,0,0,0
Gm49384,0,0,0,0,0,0
Gm49387,0,0,0,0,1,0
Gm49388,0,0,0,0,0,1
Gm49390,0,0,0,0,0,0
Gm49391,0,0,0,1,0,0
Gm49392,0,1,1,0,1,1
Gm49393,0,0,0,0,0,0
Gm49394,0,0,0,0,0,0
Gm49395,27,18,5,10,17,11
Gm49396,202,262,228,144,204,215
Gm49398,0,0,0,0,0,0
Gm4950,0,0,0,0,1,0
Gm4951,8,20,22,16,62,15
Gm4952,4,6,9,4,3,4
Gm4961,0,0,0,0,0,0
Gm4969,24,30,18,9,18,23
Gm498,1,1,1,0,1,0
Gm4981,3,2,0,0,0,1
Gm4985,0,0,0,0,0,0
Gm5,3,3,3,2,1,2
Gm5039,0,0,0,0,1,0
Gm5065,0,0,0,0,0,0
Gm5072,0,0,0,0,0,0
Gm5082,0,1,1,0,1,1
Gm5083,11,28,4,9,6,18
Gm5084,2,4,0,2,2,2
Gm5086,105,149,193,89,251,115
Gm5089,18,32,20,8,27,28
Gm5091,0,0,0,0,0,0
Gm5092,0,0,1,0,1,0
Gm5093,8,18,7,4,13,16
Gm5096,0,0,0,0,0,0
Gm5099,0,0,1,0,0,0
Gm5103,0,0,0,0,0,0
Gm5105,33,38,24,16,20,14
Gm5106,23,39,27,8,23,32
Gm5108,2,3,1,1,1,0
Gm5111,43,36,12,14,13,28
Gm5113,424,445,331,188,309,328
Gm5114,0,0,0,0,0,0
Gm5118,6,2,0,1,1,0
Gm5122,0,2,0,0,0,0
Gm5127,0,1,0,1,0,0
Gm5128,0,0,0,0,0,0
Gm5129,29,38,14,6,24,24
Gm5134,8,3,6,6,12,5
Gm5136,480,622,710,457,551,449
Gm5141,1950,2446,1218,952,1515,1668
Gm5142,0,0,0,0,0,0
Gm5145,0,0,0,0,0,1
Gm5148,456,519,404,225,330,339
Gm5149,7,3,4,2,5,6
Gm5150,1,0,0,0,0,0
Gm5152,0,0,0,0,0,0
Gm5157,0,0,0,0,0,0
Gm5160,0,0,0,0,0,0
Gm5168,0,0,0,0,0,0
Gm5169,0,0,0,0,0,0
Gm5225,0,0,0,0,0,0
Gm5239,0,2,0,0,0,0
Gm5248,0,0,1,0,0,0
Gm525,3,4,2,2,1,5
Gm5269,0,0,0,0,0,0
Gm527,170,326,173,134,143,136
Gm5286,1,0,0,0,0,0
Gm5294,2,0,0,1,0,0
Gm53,0,0,0,0,0,0
Gm5346,0,0,0,0,0,0
Gm5414,0,0,0,0,0,0
Gm5415,4,7,3,7,1,7
Gm5416,0,0,0,0,0,0
Gm5420,0,1,2,1,1,2
Gm5426,0,0,0,0,0,0
Gm5427,5,5,2,1,2,4
Gm5431,4,4,11,3,17,1
Gm5441,69,55,44,36,54,29
Gm5444,0,0,0,0,0,0
Gm5447,20,25,9,5,16,17
Gm5458,0,0,1,0,0,0
Gm5460,0,0,0,0,0,0
Gm5463,0,0,0,0,0,0
Gm5464,108,144,48,62,98,71
Gm5468,816,870,605,346,520,561
Gm5475,14,7,3,7,3,6
Gm5478,0,0,0,0,0,0
Gm5483,0,0,0,0,1,0
Gm5485,0,0,0,0,0,0
Gm5493,46,38,21,8,25,34
Gm5519,0,0,0,0,0,0
Gm5524,0,0,0,1,0,0
Gm553,5,9,11,1,6,6
Gm5532,0,0,2,0,0,0
Gm5533,1,0,0,0,1,0
Gm5535,42,41,44,34,52,32
Gm5538,0,0,0,0,0,0
Gm5544,2,4,0,3,1,1
Gm5546,34,36,24,12,24,16
Gm5547,2,3,5,5,9,1
Gm5565,0,0,0,0,0,0
Gm5570,0,0,0,0,0,0
Gm5577,1617,1741,1453,848,1218,1101
Gm5580,0,0,0,0,1,0
Gm5591,0,0,0,0,0,0
Gm5592,0,0,0,0,0,0
Gm5600,0,0,1,0,0,0
Gm5602,19,16,13,4,10,16
Gm5608,6,5,15,8,3,7
Gm5615,0,0,0,0,0,0
Gm5617,130,137,88,70,97,74
Gm5622,0,1,0,0,0,0
Gm5624,0,0,0,0,0,0
Gm5627,0,1,1,0,0,0
Gm5640,0,3,3,0,1,2
Gm5662,0,0,0,0,0,0
Gm567,2,9,2,5,7,2
Gm5678,7,11,3,0,3,2
Gm568,1,0,0,0,0,0
Gm5689,0,1,0,1,0,0
Gm572,4,6,1,0,1,0
Gm5724,0,0,0,2,1,0
Gm5725,0,0,0,0,0,0
Gm5726,0,0,0,0,0,0
Gm5728,0,0,0,0,0,0
Gm5737,8,9,0,5,5,1
Gm5741,3,1,0,0,1,1
Gm5751,0,0,0,1,0,0
Gm5767,0,0,1,1,0,0
Gm5771,0,1,0,0,1,0
Gm5773,0,0,0,0,0,0
Gm5784,119,123,151,63,78,92
Gm5788,0,0,0,0,0,0
Gm5795,3,1,2,0,1,3
Gm5796,10,2,3,1,2,3
Gm5797,0,0,0,0,0,0
Gm5798,0,0,0,0,0,0
Gm5799,0,0,0,0,0,0
Gm5800,0,0,0,0,0,0
Gm5814,28,22,6,8,6,7
Gm5819,87,92,22,39,50,40
Gm5833,0,1,0,0,0,0
Gm5849,0,0,0,0,0,0
Gm5860,5,21,5,3,17,10
Gm5861,0,0,0,0,0,0
Gm5862,7,9,0,1,4,2
Gm5868,2,1,1,0,0,0
Gm5878,4,3,3,0,3,0
Gm5890,0,0,0,0,0,0
Gm5891,0,0,0,0,0,0
Gm5901,13,14,8,2,7,9
Gm5907,0,0,0,0,0,0
Gm5914,756,1046,860,537,808,770
Gm5916,0,0,0,0,0,1
Gm5922,0,0,0,0,0,0
Gm5926,0,0,0,0,0,0
Gm5930,0,0,0,0,0,0
Gm5934,0,0,0,0,0,0
Gm5935,0,0,0,0,0,0
Gm5936,0,1,0,0,0,1
Gm5938,0,0,0,0,0,0
Gm5941,0,0,0,0,0,0
Gm595,0,0,0,0,0,0
Gm5965,0,0,0,0,0,0
Gm597,2,2,2,2,1,2
Gm6020,0,0,0,0,0,0
Gm6034,12,10,6,8,10,10
Gm6040,0,0,0,0,0,0
Gm609,1,4,0,0,2,4
Gm6093,0,0,0,0,0,0
Gm6096,0,0,0,1,0,0
Gm6116,1,0,1,0,1,0
Gm6117,32,19,8,12,13,8
Gm6121,0,0,0,0,0,0
Gm6133,3,1,2,1,1,0
Gm6135,0,0,0,0,0,0
Gm614,0,0,0,0,0,0
Gm6164,0,0,0,0,0,0
Gm6169,17,12,6,3,16,14
Gm6176,0,0,0,0,0,0
Gm6205,0,0,0,0,0,0
Gm6213,4,2,2,0,1,3
Gm6217,0,0,0,0,0,0
Gm6225,285,378,353,168,338,319
Gm6249,0,0,0,0,0,0
Gm6260,35,45,20,6,24,33
Gm6268,0,0,0,0,0,0
Gm6270,0,0,0,0,0,0
Gm6277,210,249,153,133,214,180
Gm6288,9,17,7,2,9,8
Gm6297,227,273,190,150,180,181
Gm6309,0,0,0,0,0,0
Gm6313,0,0,0,0,0,0
Gm6329,0,0,0,0,0,1
Gm6337,0,0,0,0,0,0
Gm6351,0,0,0,0,0,0
Gm6356,0,0,0,0,0,0
Gm6358,0,0,0,0,0,0
Gm6367,0,0,0,0,0,0
Gm6370,0,0,0,0,0,0
Gm6377,1,0,3,1,0,0
Gm6401,0,0,0,0,0,0
Gm6408,4,1,4,1,5,4
Gm6410,2,3,2,1,2,0
Gm6416,0,0,0,0,0,0
Gm6455,0,0,0,0,0,0
Gm6460,0,0,0,0,0,0
Gm6465,0,0,0,0,0,0
Gm6471,0,0,0,0,0,0
Gm648,0,0,0,1,1,1
Gm6482,0,0,0,0,0,0
Gm6502,0,0,0,0,0,0
Gm6507,0,0,0,0,0,0
Gm6509,0,0,0,0,0,0
Gm6525,8,7,2,4,3,5
Gm6526,0,0,0,0,0,1
Gm6559,20,21,8,7,9,14
Gm6563,18,32,22,13,21,18
Gm6566,23,22,15,13,19,16
Gm6567,0,0,0,0,0,1
Gm6569,260,224,104,169,131,156
Gm6583,8,8,5,5,6,5
Gm6588,8,6,4,5,13,6
Gm6592,0,0,0,0,0,0
Gm6594,0,0,0,0,0,0
Gm6598,801,761,323,371,414,496
Gm6602,19,12,11,7,14,13
Gm6614,0,0,0,0,0,0
Gm6619,0,0,0,0,1,1
Gm6634,0,1,0,0,0,1
Gm6639,0,0,0,0,1,0
Gm6657,0,1,0,0,0,0
Gm6665,0,0,0,0,0,1
Gm6676,0,0,0,0,0,0
Gm6685,4,2,1,4,3,2
Gm6710,445,555,458,244,402,459
Gm6712,143,164,98,86,104,119
Gm6729,19,11,14,9,7,5
Gm6741,24,30,12,16,17,22
Gm6760,0,0,0,0,1,1
Gm6763,0,0,0,0,0,0
Gm6793,41,54,27,30,30,52
Gm6803,0,0,0,0,0,0
Gm6812,0,0,0,0,0,0
Gm6871,0,0,0,0,1,0
Gm6878,1,4,3,1,2,1
Gm6880,0,0,0,0,0,0
Gm6882,0,0,0,0,0,0
Gm6890,0,0,0,0,0,0
Gm6899,4,1,6,1,1,3
Gm6902,0,0,0,0,0,0
Gm6904,2,2,11,9,14,0
Gm6938,11,28,20,10,20,17
Gm6961,6,15,10,3,13,10
Gm6970,15,14,12,7,9,8
Gm6980,15,16,12,8,7,5
Gm6993,0,0,0,0,0,0
Gm6994,27,27,18,5,23,26
Gm6999,7,6,12,0,1,5
Gm7003,0,0,0,0,0,0
Gm7008,59,46,31,35,36,42
Gm7030,0,0,0,0,0,0
Gm7073,0,0,0,0,0,0
Gm7075,0,0,0,0,0,0
Gm7097,0,0,0,0,0,0
Gm7102,4,8,1,3,1,3
Gm7125,5,2,3,1,0,1
Gm7137,0,1,0,0,0,0
Gm7138,0,0,0,0,0,0
Gm7145,0,0,0,0,0,0
Gm7160,83,144,56,70,62,58
Gm7168,0,0,1,0,0,0
Gm7173,179,183,236,114,124,159
Gm7233,6,1,0,0,0,1
Gm7237,3,6,2,5,1,1
Gm7247,0,0,0,0,0,0
Gm7257,0,0,0,1,0,1
Gm7271,5,5,1,4,5,11
Gm7276,799,973,421,473,557,542
Gm7292,15,12,11,5,8,5
Gm7298,1,0,2,0,0,0
Gm732,0,0,0,0,0,0
Gm7324,5,3,5,0,3,4
Gm7334,41,40,30,31,27,34
Gm7347,26,26,29,12,29,44
Gm7356,0,0,0,0,0,0
Gm7361,37,11,17,5,13,18
Gm7437,0,0,0,0,0,0
Gm7467,566,657,230,297,349,365
Gm7480,2,0,1,2,2,0
Gm7489,6,2,0,1,5,1
Gm7534,0,0,0,0,0,0
Gm7538,0,0,0,1,0,0
Gm7544,0,0,0,0,0,0
Gm7550,0,0,0,0,0,0
Gm7568,1,3,0,1,0,1
Gm7579,1,2,2,1,0,2
Gm7580,1,1,0,0,0,2
Gm7596,0,0,0,0,0,1
Gm7598,19,23,20,16,22,18
Gm7607,1,0,0,0,0,0
Gm7616,0,0,0,0,0,0
Gm7628,21,27,6,13,14,21
Gm765,122,126,66,59,61,75
Gm7682,0,0,0,0,0,0
Gm7694,112,123,94,62,85,113
Gm7697,5,6,3,0,5,3
Gm7706,0,0,0,0,0,0
Gm7714,0,0,0,0,0,0
Gm773,0,0,0,0,0,0
Gm7735,0,0,0,0,0,0
Gm7762,0,0,0,0,0,0
Gm7792,0,0,0,0,0,0
Gm7849,0,0,0,0,0,0
Gm7854,114,133,111,65,100,129
Gm7861,0,0,0,0,0,0
Gm7876,0,1,0,0,0,0
Gm7879,2,3,4,3,3,3
Gm7903,0,0,0,0,0,0
Gm7929,0,0,0,0,0,0
Gm7932,12,12,5,7,2,4
Gm7942,0,0,0,0,0,0
Gm7945,0,0,0,0,0,0
Gm7951,0,0,0,0,0,0
Gm7954,0,0,0,0,0,0
Gm7967,108,175,80,61,125,125
Gm7969,0,0,0,0,0,0
Gm7970,0,0,0,0,0,0
Gm7971,0,0,0,0,0,0
Gm7976,0,1,1,8,3,1
Gm7978,0,0,0,0,0,0
Gm7980,0,0,0,0,0,0
Gm7982,0,0,0,0,0,0
Gm7995,0,1,0,0,0,0
Gm8005,0,0,0,0,0,0
Gm8011,0,0,0,0,0,0
Gm8013,7,5,2,5,8,0
Gm8016,0,0,0,0,0,0
Gm8020,0,0,0,0,0,0
Gm8024,3,2,2,0,0,0
Gm805,5,4,0,3,3,4
Gm8050,1,1,0,0,0,1
Gm8066,701,799,465,413,586,639
Gm8068,0,0,0,0,0,0
Gm807,2,12,3,3,7,18
Gm8075,0,1,0,0,0,0
Gm8082,0,0,0,0,0,0
Gm8094,0,1,1,0,0,0
Gm8104,0,4,4,1,2,1
Gm8108,9,8,3,4,1,7
Gm8110,0,0,0,0,0,0
Gm8113,20,10,9,11,23,12
Gm8122,0,0,0,0,0,0
Gm8126,1,0,0,1,0,1
Gm8127,0,0,0,0,0,2
Gm813,0,1,1,0,0,0
Gm8138,0,0,0,0,0,0
Gm815,0,0,0,0,0,0
Gm8159,1,1,0,0,0,0
Gm816,9,13,12,7,19,5
Gm8165,0,0,0,0,0,1
Gm8180,0,0,0,0,0,0
Gm8186,268,256,159,134,168,180
Gm8206,5,1,3,4,3,1
Gm8212,0,0,0,0,0,0
Gm8220,0,0,0,0,0,0
Gm8225,3,2,1,0,1,1
Gm8229,0,0,0,0,0,0
Gm8232,0,0,0,0,0,0
Gm8237,60,57,40,26,42,38
Gm8239,282,313,246,121,263,305
Gm8246,0,0,0,0,0,0
Gm8247,0,0,0,0,0,0
Gm8251,2,3,6,0,7,2
Gm8257,0,0,0,0,0,0
Gm826,9,8,5,4,6,7
Gm8265,0,0,0,0,0,0
Gm8267,0,0,0,0,0,0
Gm8271,0,0,0,0,0,0
Gm8279,0,0,0,0,0,0
Gm8281,27,23,15,20,20,36
Gm829,1,0,0,0,1,0
Gm8297,1,0,0,0,0,0
Gm8298,0,0,0,0,0,0
Gm8300,0,0,0,0,0,0
Gm831,6,9,6,4,5,16
Gm833,0,0,0,1,1,0
Gm8332,0,0,0,0,0,0
Gm8334,0,0,0,0,0,0
Gm8356,0,0,0,0,0,0
Gm8362,0,0,0,0,0,0
Gm8369,58,61,34,29,39,37
Gm8374,0,0,0,0,0,0
Gm839,0,0,0,0,0,0
Gm8439,0,0,0,0,0,0
Gm8453,0,0,0,0,0,0
Gm853,1,0,0,0,0,0
Gm8579,0,0,0,0,0,0
Gm8633,0,0,0,0,0,0
Gm8653,0,0,0,0,0,0
Gm8660,0,0,0,0,0,0
Gm867,38,33,24,17,34,52
Gm8677,0,0,0,0,0,0
Gm8693,0,0,0,0,0,0
Gm8720,0,0,0,0,0,0
Gm8739,0,0,0,0,0,0
Gm8764,0,0,0,0,0,0
Gm8765,0,0,0,0,0,0
Gm8773,9,6,6,1,4,15
Gm8797,1897,1385,771,254,874,1080
Gm8817,0,0,0,2,0,0
Gm884,1,3,2,2,2,0
Gm8857,0,0,0,0,0,0
Gm8871,0,0,0,0,0,0
Gm8879,0,0,0,0,0,0
Gm8882,0,0,0,0,0,0
Gm8883,0,0,0,0,0,0
Gm8890,0,0,0,0,0,0
Gm8897,0,0,0,0,0,0
Gm8906,0,0,0,0,0,0
Gm8909,1,1,0,0,1,0
Gm8914,0,0,0,0,0,0
Gm8922,0,0,0,0,0,0
Gm8926,0,0,0,0,0,0
Gm8947,0,0,0,0,0,0
Gm8953,0,0,0,0,0,0
Gm8994,0,0,0,0,0,0
Gm9,0,0,0,0,0,0
Gm9008,2,1,1,0,4,3
Gm9017,23,23,7,9,12,17
Gm904,0,0,0,0,0,0
Gm9040,0,0,0,0,0,0
Gm9044,0,0,0,0,0,0
Gm9045,0,0,0,0,0,0
Gm9046,0,0,0,0,0,0
Gm9047,3,0,0,0,0,1
Gm9048,0,0,0,0,0,0
Gm9049,0,0,0,0,0,0
Gm906,0,0,0,0,0,0
Gm9112,0,0,0,0,0,0
Gm9117,0,0,0,0,0,0
Gm9125,0,0,0,0,0,0
Gm9195,1,0,0,0,0,0
Gm9268,0,0,0,0,0,0
Gm9376,0,0,0,0,0,0
Gm94,0,0,0,0,0,0
Gm9465,2,2,1,4,0,2
Gm9484,42,51,31,30,46,29
Gm9493,2,3,3,4,1,2
Gm9495,3,4,4,2,4,4
Gm9507,0,1,0,0,0,0
Gm9508,0,0,0,0,0,0
Gm9513,0,0,0,0,0,0
Gm9530,11,17,21,12,12,11
Gm9573,4,5,5,0,5,1
Gm960,586,652,336,292,416,386
Gm9602,0,0,0,0,0,0
Gm9603,0,0,0,0,0,0
Gm9611,0,0,0,0,0,0
Gm9639,0,1,0,0,0,0
Gm9725,518,585,278,209,394,435
Gm973,154,216,72,39,112,169
Gm9733,0,0,0,0,0,0
Gm9736,0,0,0,0,0,0
Gm9745,2,0,2,1,1,1
Gm9747,14,6,3,7,3,5
Gm9748,13,8,9,6,11,11
Gm9754,39,49,46,22,39,42
Gm9758,0,0,0,0,0,0
Gm9767,46,37,20,29,42,28
Gm9772,0,0,0,0,0,0
Gm9774,28,13,13,14,7,12
Gm9780,0,0,0,0,1,0
Gm9789,0,0,0,0,0,0
Gm9796,25,20,35,21,21,31
Gm9801,1716,1940,2075,1102,1905,1717
Gm9803,23,19,8,10,8,13
Gm9805,0,0,0,0,0,0
Gm9817,0,1,0,0,0,0
Gm9821,31,60,26,27,53,44
Gm9833,142,159,120,102,116,111
Gm9837,2,5,2,0,4,2
Gm9844,37,44,21,22,17,25
Gm9856,2551,2626,1518,1364,1819,1667
Gm9857,117,74,37,37,60,70
Gm9866,926,1037,844,515,711,718
Gm9869,0,0,0,0,0,4
Gm9871,10,10,9,3,6,11
Gm9873,33,39,87,15,33,36
Gm9885,153,166,76,92,74,72
Gm9887,74,92,28,29,59,58
Gm9888,8,14,8,9,12,7
Gm9889,39,99,3,22,42,41
Gm9898,10,8,15,3,5,4
Gm9903,81,132,41,36,68,59
Gm9913,29,26,10,13,12,16
Gm9915,12,4,3,4,3,3
Gm9916,664,769,1159,321,647,658
Gm9917,87,103,48,37,54,63
Gm9918,6,5,5,2,1,3
Gm9921,1,1,1,0,1,0
Gm9922,5,5,2,3,3,2
Gm9925,1787,2097,1167,802,1265,1408
Gm9932,5,8,9,3,4,8
Gm9934,28,44,25,22,21,25
Gm9936,6,2,0,3,3,6
Gm9938,78,114,180,91,135,109
Gm9944,0,0,0,0,0,0
Gm9945,79,92,88,44,89,85
Gm9946,6,10,0,9,3,1
Gm9947,306,371,270,172,209,187
Gm9949,43,59,32,28,26,39
Gm9951,2,0,0,0,0,0
Gm9955,15,6,1,5,7,5
Gm9958,66,61,32,38,37,33
Gm996,2151,1682,1669,1035,1348,1378
Gm9961,0,1,0,0,1,1
Gm9962,181,160,94,82,103,132
Gm9964,0,0,1,0,0,0
Gm9968,3,2,2,3,5,7
Gm9970,44,36,16,20,29,29
Gm9972,4,4,8,2,2,7
Gm9979,0,0,0,0,0,0
Gm9984,9,20,8,8,9,14
Gm9991,0,0,0,0,0,0
Gm9992,0,0,0,0,1,1
Gm9999,0,0,0,1,2,1
Gmcl1,7256,8088,5760,3509,6072,5920
Gmds,1891,2013,1611,838,1604,1762
Gmeb1,1080,1096,1100,661,961,940
Gmeb2,1523,1823,1491,931,1519,1456
Gmfb,1465,1711,1435,862,1396,1332
Gmfg,19,29,19,17,40,16
Gmip,498,547,566,299,646,505
Gml,0,0,0,0,0,0
Gml2,0,0,0,0,0,0
Gmnc,46,52,30,12,25,24
Gmnn,170,148,86,56,99,120
Gmppa,1826,1639,1261,885,1253,1340
Gmppb,294,421,246,129,281,269
Gmpr,1756,1788,1118,825,1286,1334
Gmpr2,1827,2267,1113,894,1576,1765
Gmps,3350,3577,3093,1542,2618,2647
Gna11,1589,1634,1448,795,1301,1239
Gna12,820,1069,805,514,768,670
Gna13,938,1343,919,550,945,989
Gna14,5,8,17,5,9,13
Gna15,87,127,124,97,186,78
Gnai1,5818,7113,4288,3186,4602,4694
Gnai2,1555,1931,1478,1057,1819,1114
Gnai3,1052,1502,1105,531,1006,1022
Gnal,3189,3350,2935,1327,2508,2635
Gnao1,12369,14302,11767,6225,10769,11461
Gnaq,3975,4841,4017,2407,3417,3613
Gnas,9511,9670,7213,4684,7397,6741
Gnat1,2,3,1,1,3,2
Gnat2,1,3,2,0,0,0
Gnat3,0,0,0,0,0,0
Gnaz,1825,1947,1661,993,1462,1477
Gnb1,2822,3549,2855,2054,2631,2317
Gnb1l,198,205,119,94,143,147
Gnb2,4275,4243,3144,2044,3417,3581
Gnb3,13,5,13,4,5,15
Gnb4,1464,1417,1555,764,1347,1140
Gnb5,3622,3670,3473,1488,2900,3447
Gne,933,1061,679,397,682,692
Gng10,572,569,356,303,388,387
Gng11,339,302,155,149,229,198
Gng12,817,1201,728,623,972,972
Gng13,1073,955,488,681,584,593
Gng2,1475,1610,1852,914,1426,1363
Gng3,4331,3927,1755,1877,2345,2326
Gng4,514,728,573,416,510,563
Gng5,236,399,209,227,388,238
Gng7,1704,1576,1641,520,1314,1500
Gng8,51,35,35,20,42,29
Gngt1,0,0,0,0,0,0
Gngt2,29,32,35,33,66,18
Gnl1,672,687,691,354,543,506
Gnl2,4285,4417,4112,2126,3796,3929
Gnl3,5356,5491,4201,3003,4911,4544
Gnl3l,4326,5727,4625,2350,4821,4760
Gnmt,26,36,43,27,38,31
Gnpat,2179,2239,2001,1082,1972,1965
Gnpda1,1242,1478,945,650,998,987
Gnpda2,1390,1856,1100,632,1235,1292
Gnpnat1,1085,1151,1079,486,787,837
Gnptab,2253,2305,2293,1052,1897,1845
Gnptg,2800,3036,1911,1427,2240,2193
Gnrh1,105,20,25,19,16,28
Gnrhr,0,0,0,0,1,1
Gns,7353,8023,5242,3708,6785,5740
Golga1,3118,3342,2663,1618,2823,2814
Golga2,1866,1954,1620,1038,1552,1539
Golga3,2164,2386,2124,1064,1875,1736
Golga4,6025,5953,6472,3120,4918,5265
Golga5,1894,2160,1379,1097,1542,1568
Golga7,2068,2030,1370,967,1602,1569
Golga7b,1381,1464,1077,765,1044,1074
Golgb1,10384,9319,7958,4527,7413,7499
Golim4,988,1137,845,475,1013,800
Golm1,476,575,586,315,636,431
Golph3,679,1048,798,361,600,652
Golph3l,562,629,315,290,419,433
Golt1a,5,6,8,6,1,4
Golt1b,1415,1531,1189,635,1176,1097
Gon4l,5221,5323,4664,2570,4585,4022
Gon7,244,269,202,140,199,191
Gopc,2597,2882,2188,1129,2181,2129
Gorab,486,581,466,272,464,406
Gorasp1,495,522,415,259,423,385
Gorasp2,2620,2759,1990,1171,2011,2081
Gosr1,1258,1376,1019,630,1104,1217
Gosr2,518,565,436,255,437,443
Got1,3790,4237,3542,1629,2965,2909
Got1l1,30,15,21,6,10,20
Got2,3978,3947,2797,1736,2704,3043
Gp1ba,2,0,3,1,4,2
Gp1bb,14,15,12,7,10,11
Gp2,1,0,0,0,0,2
Gp5,42,31,9,16,15,13
Gp6,1,0,1,1,1,0
Gp9,10,9,5,3,12,6
Gpa33,0,0,1,0,0,0
Gpaa1,2364,2332,1652,1028,1862,2007
Gpalpp1,511,465,405,243,378,362
Gpam,410,457,325,212,354,347
Gpank1,583,525,291,261,366,353
Gpat2,30,20,14,5,13,14
Gpat3,332,412,292,136,287,296
Gpat4,1945,2284,1978,889,1770,1626
Gpatch1,955,1088,1008,530,992,915
Gpatch11,1074,1162,768,481,859,868
Gpatch2,1845,2073,1830,979,1674,1535
Gpatch2l,1196,1372,1317,628,1149,1102
Gpatch3,675,739,551,331,576,559
Gpatch4,600,683,519,358,555,559
Gpatch8,15047,17354,12353,7816,13392,14786
Gpbar1,1,1,1,0,2,0
Gpbp1,2415,2721,2859,1190,2118,2267
Gpbp1l1,1678,2046,1552,855,1624,1537
Gpc1,1141,1104,1050,483,991,972
Gpc2,81,109,112,60,111,83
Gpc3,313,270,195,89,265,222
Gpc4,329,335,272,131,238,241
Gpc5,1006,1467,608,385,1003,1062
Gpc6,2993,3434,2381,1666,2671,2748
Gpcpd1,9187,9815,6580,5043,7722,7035
Gpd1,763,1161,916,411,902,907
Gpd1l,762,862,721,363,591,670
Gpd2,978,1044,762,512,744,751
Gper1,24,25,18,19,37,25
Gpha2,0,1,1,0,1,1
Gphb5,0,0,2,0,0,0
Gphn,6513,7270,5008,3232,5148,6024
Gpi1,16188,17187,14899,8409,15272,15177
Gpihbp1,0,1,0,2,0,0
Gpkow,1754,2058,1254,840,1411,1421
Gpld1,548,625,447,258,555,465
Gpm6a,26246,24877,18570,8368,17682,17837
Gpm6b,28983,30190,19229,12986,20472,22193
Gpn1,1224,1348,1128,669,1116,1071
Gpn2,161,171,134,80,131,131
Gpn3,635,781,492,314,553,509
Gpnmb,73,101,64,52,144,53
Gpr1,143,137,66,54,80,91
Gpr101,393,254,275,40,199,280
Gpr107,3017,3654,3286,1613,3110,2926
Gpr108,1346,1369,935,763,1123,1117
Gpr119,1,6,2,0,1,3
Gpr12,1224,1053,699,388,638,673
Gpr132,0,5,1,2,3,0
Gpr135,1186,989,574,360,655,663
Gpr137,1481,1394,986,779,1024,1057
Gpr137b,1004,1142,723,516,861,689
Gpr137c,2039,2346,2151,823,1720,1807
Gpr139,184,171,109,66,101,135
Gpr141,5,2,1,2,1,1
Gpr142,0,1,3,0,0,0
Gpr143,2,4,4,4,2,2
Gpr146,649,821,543,334,737,606
Gpr149,446,418,213,78,245,370
Gpr15,0,0,0,1,1,0
Gpr150,911,864,415,420,566,545
Gpr151,47,58,27,25,24,36
Gpr152,3,2,1,1,4,2
Gpr153,275,222,188,131,194,191
Gpr155,4008,3886,2713,1381,2708,2764
Gpr156,49,72,47,22,45,56
Gpr157,51,67,79,49,70,35
Gpr158,9912,11427,8205,4430,8266,8967
Gpr160,30,41,51,33,79,26
Gpr161,136,97,141,51,95,96
Gpr162,6392,6874,4881,3032,5159,5571
Gpr165,296,191,141,73,164,158
Gpr17,495,514,376,183,645,527
Gpr171,23,24,22,12,20,19
Gpr173,364,405,277,173,263,305
Gpr174,6,2,4,1,0,3
Gpr176,978,1213,650,504,860,802
Gpr179,2,6,3,2,10,5
Gpr18,29,24,15,13,16,32
Gpr180,1044,1048,707,420,779,775
Gpr182,40,54,16,16,43,50
Gpr183,44,61,73,73,124,36
Gpr19,957,1181,745,382,807,842
Gpr20,2,0,1,0,1,1
Gpr21,422,509,715,242,475,413
Gpr22,4594,4067,2535,1739,2499,2812
Gpr25,415,384,139,169,182,208
Gpr26,3801,3729,3823,1880,2755,2673
Gpr27,1130,938,683,385,666,695
Gpr3,172,409,288,78,281,367
Gpr31b,0,1,0,0,0,0
Gpr33,0,0,0,0,0,0
Gpr34,317,407,444,256,709,266
Gpr35,4,6,11,3,4,4
Gpr37,1743,1823,1198,635,1391,1314
Gpr37l1,2389,4265,844,1199,2764,2435
Gpr39,26,34,14,18,22,29
Gpr4,44,66,37,25,40,45
Gpr45,1473,1606,1178,784,1184,1059
Gpr50,2,7,6,0,6,10
Gpr55,5,12,8,0,6,7
Gpr6,1076,740,512,173,414,584
Gpr61,1512,1596,1069,807,1175,1167
Gpr62,327,346,178,145,214,207
Gpr63,971,1419,818,480,801,954
Gpr65,3,5,15,23,47,4
Gpr68,484,604,602,236,498,507
Gpr75,2188,2309,1333,828,1378,1521
Gpr82,33,24,14,35,23,22
Gpr83,1634,1503,1263,548,1028,1221
Gpr84,30,23,47,29,78,13
Gpr85,1989,1764,1311,782,1268,1293
Gpr87,1,4,3,3,2,5
Gpr88,5752,4246,3541,956,2506,3403
Gpr89,2980,3136,2527,1092,2184,2332
Gprasp1,11012,8116,11258,3619,6756,7597
Gprasp2,10409,9727,9952,4396,8583,8591
Gprc5a,0,1,1,1,1,6
Gprc5b,2108,2688,1383,1206,1863,1819
Gprc5c,55,64,36,28,54,47
Gprc5d,6,1,2,1,5,1
Gprc6a,0,1,0,0,1,0
Gprin1,520,557,413,267,345,310
Gprin2,65,45,50,27,52,37
Gprin3,3143,3097,2644,1071,2324,2485
Gps1,2274,2278,1873,1122,1855,1917
Gps2,2535,3193,1904,1651,2690,2725
Gpsm1,1305,1409,1119,713,1105,1188
Gpsm2,476,570,397,244,456,417
Gpsm3,48,44,61,43,85,33
Gpt,425,510,343,234,450,455
Gpt2,1557,2387,2010,884,2021,2227
Gpx1,642,576,339,268,364,340
Gpx2,2,4,4,2,3,3
Gpx3,120,94,72,25,122,94
Gpx4,2540,2694,1732,1371,1910,1835
Gpx5,0,0,0,0,0,0
Gpx6,86,48,17,7,21,41
Gpx7,160,163,97,63,121,122
Gpx8,46,88,37,25,59,42
Gramd1a,4618,4749,3641,2597,4331,4496
Gramd1b,5601,6102,6811,3064,5329,5883
Gramd1c,247,267,194,113,208,235
Gramd2,711,679,871,511,728,672
Gramd3,375,575,208,181,385,399
Gramd4,1132,1326,1146,639,1057,952
Grap,9,21,20,23,26,16
Grap2,7,13,8,9,14,11
Grasp,3284,5430,2630,1391,3110,3206
Grb10,2355,2255,2017,1124,1985,1738
Grb14,2859,3274,2925,1549,2808,2843
Grb2,1567,2320,1670,961,1478,1418
Grb7,95,77,44,38,59,71
Grcc10,1926,2312,1249,1048,1517,1348
Greb1,86,79,76,24,75,83
Greb1l,1484,1425,1298,784,1180,1073
Grem1,96,85,83,55,48,66
Grem2,1178,1092,864,403,801,784
Grhl1,650,784,603,289,505,568
Grhl2,8,10,5,1,7,9
Grhl3,48,50,44,15,37,40
Grhpr,736,725,412,313,436,485
Gria1,13520,14226,13815,6323,11683,12006
Gria2,93120,81285,76337,39769,62086,68672
Gria3,19760,17490,17134,9239,13449,14564
Gria4,14521,16817,10106,8036,11114,11135
Grid1,2588,2840,2450,1215,2223,2285
Grid2,5241,6314,5353,2608,4947,4626
Grid2ip,187,191,130,110,154,137
Grifin,2,1,0,1,1,3
Grik1,2551,2803,2370,1628,2584,2438
Grik2,10202,9637,10127,4329,7757,8529
Grik3,1660,1705,1514,899,1252,1436
Grik4,1778,1883,1471,1128,1552,1436
Grik5,4693,4687,4755,2508,3880,3735
Grin1,25031,24950,20688,11685,20116,20107
Grin1os,277,236,128,80,204,255
Grin2a,23117,26807,21966,12639,19951,21317
Grin2b,34157,32865,33203,17521,24823,26711
Grin2c,418,716,186,175,346,472
Grin2d,529,500,386,264,375,377
Grin3a,1850,1743,1568,827,1597,1408
Grin3b,49,38,31,24,37,44
Grina,16202,15102,9101,6014,10929,11584
Grip1,2993,3104,3077,1698,2648,2773
Grip1os1,4,7,7,6,8,5
Grip1os2,1,2,0,0,1,0
Grip1os3,21,35,25,14,20,19
Grip2,817,993,1106,630,824,812
Gripap1,3715,3845,3670,1954,3287,3334
Grk1,1,2,1,0,0,1
Grk2,931,901,1025,624,822,737
Grk3,4501,4626,4024,2436,3794,3619
Grk4,562,689,560,261,535,503
Grk5,502,603,515,251,500,486
Grk6,1526,1623,1329,975,1321,1329
Grm1,3745,3922,3646,1575,2968,3112
Grm2,896,929,589,525,596,613
Grm3,1684,2139,1511,895,1565,1335
Grm4,817,889,996,375,700,817
Grm5,23214,23618,20133,10215,17624,19760
Grm6,2,0,2,0,0,0
Grm7,11836,13549,11326,6338,10738,10682
Grm8,3663,4612,3449,2145,3039,3168
Grn,1537,1912,1456,824,2318,1327
Grp,287,360,153,94,237,181
Grpel1,870,906,487,478,591,611
Grpel2,748,776,846,408,668,668
Grpr,70,87,69,30,90,57
Grrp1,55,64,27,41,47,46
Grsf1,1352,1533,1060,702,1037,1162
Grtp1,118,175,82,65,120,91
Grwd1,222,249,198,123,173,197
Grxcr1,0,0,0,0,0,0
Grxcr2,2,0,2,1,1,1
Gsap,337,448,439,275,576,353
Gsc,0,0,0,0,0,0
Gsc2,2,1,0,0,0,1
Gsdma,1,0,0,0,0,0
Gsdma2,0,0,0,0,0,0
Gsdma3,0,1,0,0,0,0
Gsdmc,0,0,0,2,0,0
Gsdmc2,0,0,0,0,0,0
Gsdmc3,0,0,0,0,0,0
Gsdmc4,2,0,1,0,0,1
Gsdmd,66,90,85,59,146,77
Gsdme,2305,2394,1263,1099,1726,2086
Gse1,1303,1226,1643,718,1165,1280
Gsg1,5,8,4,2,7,5
Gsg1l,2082,2329,1917,827,1578,1725
Gsg1l2,2,2,2,0,1,2
Gsk3a,706,790,700,466,628,610
Gsk3b,10770,10382,10432,4467,8375,8940
Gskip,765,850,598,505,666,559
Gsn,919,1017,636,435,877,831
Gspt1,3788,4705,2958,1971,3307,3544
Gspt2,1310,1203,1272,538,884,1052
Gsr,1538,1752,1273,687,1269,1228
Gss,511,648,407,290,490,489
Gssos1,0,5,5,2,1,5
Gssos2,33,16,15,7,16,6
Gsta1,0,1,0,0,0,0
Gsta2,1,2,0,1,0,0
Gsta3,103,93,68,39,75,71
Gsta4,166,203,106,82,128,100
Gstcd,909,1003,588,503,690,693
Gstk1,189,288,110,113,199,175
Gstm1,454,635,272,363,412,462
Gstm2,11,25,6,3,16,15
Gstm3,2,1,0,0,2,2
Gstm4,122,123,70,54,82,76
Gstm5,1056,1472,720,614,1006,904
Gstm6,120,106,60,56,72,94
Gstm7,201,182,102,97,151,135
Gsto1,486,533,294,237,294,300
Gsto2,101,92,42,59,70,52
Gstp1,2236,2597,1341,1064,1674,1607
Gstp2,16,15,31,12,14,14
Gstp3,0,0,0,0,1,1
Gstt1,141,198,121,87,146,129
Gstt2,357,351,196,166,280,233
Gstt3,28,31,9,13,24,14
Gstt4,0,1,0,0,2,2
Gstz1,2768,2948,2112,1494,2229,2183
Gsx1,7,19,5,3,8,7
Gsx2,10,4,3,5,6,11
Gt(ROSA)26Sor,2167,3220,1191,1784,2430,2055
Gtdc1,2719,3193,2139,1664,2374,2397
Gtf2a1,889,774,775,494,607,529
Gtf2a1l,8,6,3,2,2,6
Gtf2a2,2668,3327,2460,1475,2482,2613
Gtf2b,1535,1797,1033,840,1277,1307
Gtf2e1,314,322,259,167,214,243
Gtf2e2,919,1316,877,417,874,932
Gtf2f1,1485,1591,1121,781,1260,1246
Gtf2f2,800,976,647,417,807,815
Gtf2h1,1315,1840,1266,853,1370,1276
Gtf2h2,1966,2485,2086,1071,2150,2101
Gtf2h3,583,694,544,293,447,453
Gtf2h4,958,1173,701,540,768,796
Gtf2h5,2928,3272,2263,1451,2417,2422
Gtf2i,5956,6039,5439,3081,4870,4716
Gtf2ird1,2295,2440,2206,1335,2196,2095
Gtf2ird2,1162,1266,940,625,990,901
Gtf3a,420,501,299,246,371,361
Gtf3c1,5828,5668,5290,2722,4758,4975
Gtf3c2,3212,3482,2741,1783,2878,3089
Gtf3c3,2103,1989,1831,1054,1637,1641
Gtf3c4,608,632,834,275,499,518
Gtf3c5,635,751,548,319,577,557
Gtf3c6,190,236,136,130,159,101
Gtpbp1,867,972,677,418,694,680
Gtpbp10,597,693,554,334,487,476
Gtpbp2,5349,6123,4602,2992,5054,5188
Gtpbp3,882,819,686,439,700,647
Gtpbp4,1797,1864,1880,991,1638,1648
Gtpbp6,2481,2737,1915,1395,2402,2304
Gtpbp8,2836,3257,2605,1318,2425,2536
Gtse1,12,8,4,2,5,7
Gtsf1,8,0,2,4,5,4
Gtsf1l,0,0,0,0,0,0
Gtsf2,0,0,0,0,0,0
Guca1a,0,1,2,2,3,2
Guca1b,25,30,35,16,35,14
Guca2a,0,0,0,0,0,2
Guca2b,0,0,0,0,0,0
Gucd1,765,856,576,350,576,678
Gucy1a1,3506,2896,2288,1392,1987,2111
Gucy1a2,1630,1993,2043,891,1412,1469
Gucy1b1,4262,3793,2952,1565,2445,2682
Gucy1b2,12,16,10,16,11,8
Gucy2c,10,7,5,2,5,2
Gucy2d,1,1,0,0,0,0
Gucy2e,80,90,68,38,48,53
Gucy2f,46,57,35,14,36,29
Gucy2g,166,158,97,109,81,114
Guf1,5578,4899,5000,2758,4274,4043
Guk1,1368,1516,933,675,1030,1049
Gulo,1,0,1,0,0,0
Gulp1,629,617,439,214,550,507
Gusb,941,1086,928,515,1302,807
Gvin1,1,4,12,7,15,2
Gxylt1,1778,2175,1940,827,1687,1502
Gxylt2,131,172,122,69,107,132
Gyg,701,710,435,362,457,515
Gykl1,0,0,0,0,0,0
Gypa,1,0,2,0,0,0
Gypc,7,18,7,5,10,17
Gys1,1700,1941,1349,926,1526,1500
Gys2,0,2,1,1,0,1
Gzf1,1171,1163,1145,450,894,940
Gzma,0,0,0,0,0,0
Gzmb,3,0,0,0,2,4
Gzmc,0,1,0,0,1,0
Gzmd,0,0,0,0,0,0
Gzme,0,0,0,0,0,0
Gzmf,0,0,0,0,0,0
Gzmg,0,0,0,0,0,0
Gzmk,122,167,113,68,146,165
Gzmm,57,48,55,28,40,34
Gzmn,0,0,0,0,0,0
H13,3698,4239,3634,1838,3571,3516
H19,0,1,0,1,1,0
H1f0,779,706,367,458,450,408
H1fnt,0,0,0,0,0,0
H1foo,0,1,1,0,0,0
H1fx,547,510,263,328,239,307
H2-Aa,38,69,64,29,195,35
H2-Ab1,48,87,74,33,170,35
H2-D1,1121,1361,1266,746,2005,1071
H2-DMa,306,365,226,147,255,209
H2-DMb1,58,73,57,38,94,38
H2-DMb2,20,21,24,8,23,16
H2-Eb1,47,78,76,15,126,41
H2-Eb2,0,0,1,0,0,0
H2-K1,420,635,591,393,1068,444
H2-Ke6,1501,1764,942,860,1337,1378
H2-M1,0,0,0,0,0,0
H2-M10.1,1,0,0,0,0,0
H2-M10.2,5,2,1,3,2,3
H2-M10.3,0,0,0,0,0,0
H2-M10.4,0,0,0,0,0,0
H2-M10.5,0,0,0,0,0,0
H2-M10.6,0,0,0,0,0,0
H2-M11,0,0,0,0,0,0
H2-M2,1,0,0,1,0,0
H2-M3,135,166,127,81,187,88
H2-M5,78,81,88,40,65,58
H2-M9,0,0,0,0,0,0
H2-Oa,7,7,12,6,40,4
H2-Ob,6,6,21,14,32,6
H2-Q1,12,9,4,1,6,4
H2-Q10,3,1,1,1,4,0
H2-Q2,9,10,17,4,14,13
H2-Q4,36,65,122,87,226,45
H2-Q6,5,16,33,16,49,16
H2-Q7,5,26,43,25,75,4
H2-T22,1214,1561,1035,715,1286,1261
H2-T23,520,626,338,321,540,441
H2-T24,181,163,126,89,197,166
H2-T3,0,0,0,0,0,0
H2afb1,0,0,0,0,0,0
H2afb2,0,0,0,0,0,0
H2afb3,0,0,0,0,0,0
H2afj,4298,4779,2300,2540,3150,2906
H2afv,1119,1477,699,489,893,873
H2afx,892,783,500,319,470,513
H2afy,3470,3887,3302,1818,3302,3009
H2afy2,778,800,554,379,590,571
H2afz,2677,2828,1614,1311,1828,1606
H2al1a,0,0,0,0,0,0
H2al1b,0,0,0,0,0,0
H2al1c,0,0,0,0,0,0
H2al1d,0,0,0,0,0,0
H2al1e,0,0,0,0,0,0
H2al1f,0,0,0,0,0,0
H2al1g,0,0,0,0,0,0
H2al1h,0,0,0,0,0,0
H2al1i,0,0,0,0,0,0
H2al1j,0,0,0,0,0,0
H2al1k,0,3,0,1,1,1
H2al1m,9,16,10,5,12,7
H2al1n,0,0,0,0,1,1
H2al1o,2,4,2,2,3,0
H2al2a,0,0,0,0,0,1
H2al2b,0,0,0,0,0,0
H2al2c,0,0,0,0,0,0
H2al3,1,0,2,1,1,2
H2bfm,0,0,0,0,0,0
H3f3a,1809,2251,1223,921,1421,1485
H3f3aos,55,51,38,31,32,20
H3f3b,8690,7525,4779,4946,6668,6529
H60b,104,133,107,43,97,122
H60c,1,1,1,1,0,1
H6pd,477,542,373,277,361,389
Haao,2,4,10,4,19,0
Habp2,0,0,0,0,0,0
Habp4,3471,3896,3181,1902,2677,2989
Hacd1,1224,1553,1300,629,987,1018
Hacd2,1866,2067,1321,813,1575,1569
Hacd3,6965,8444,5449,3008,5958,6604
Hacd4,108,127,83,71,135,113
Hace1,4335,3917,4406,2165,3012,3145
Hacl1,156,146,118,64,129,91
Hadh,276,273,201,131,170,172
Hadha,2123,2451,1847,982,1791,1821
Hadhb,1117,1456,1226,700,1073,1046
Hagh,3324,4081,2187,1813,2765,2888
Haghl,7431,8963,5085,4250,6948,7533
Hal,4,0,3,1,2,2
Halr1,0,0,0,0,2,0
Hamp,1,0,1,0,0,0
Hamp2,1,1,0,0,0,0
Hand1,0,0,0,0,0,0
Hand2,0,0,0,0,0,0
Hao1,3,4,1,1,6,2
Hao2,1,4,0,1,2,2
Hap1,6334,4896,4526,2330,4678,5487
Hapln1,345,561,260,194,359,335
Hapln2,1911,1869,1314,886,1544,1960
Hapln3,21,38,26,11,23,22
Hapln4,1321,1223,936,501,908,935
Harbi1,427,493,293,162,305,303
Hars,1377,1555,1020,705,1119,1174
Hars2,1643,1746,1633,823,1391,1470
Has1,140,139,91,61,95,142
Has2,34,33,17,20,32,31
Has3,99,123,107,41,100,118
Haspin,23,28,37,14,37,18
Hat1,454,607,424,241,467,456
Haus1,302,322,164,177,237,182
Haus2,578,614,509,260,448,419
Haus3,1071,1320,985,493,852,899
Haus4,193,185,98,94,122,81
Haus5,248,238,184,128,206,184
Haus6,1131,1265,826,570,853,872
Haus7,141,128,86,68,127,104
Haus8,246,248,241,119,256,193
Havcr1,0,0,0,0,0,0
Havcr2,108,171,299,134,373,135
Hax1,1613,1945,1026,778,1172,1315
Hba-a1,24,12,8,55,18,46
Hba-a2,15,10,5,44,10,32
Hba-x,0,0,1,0,0,0
Hbb-bh1,0,0,0,0,0,0
Hbb-bh2,0,0,0,0,0,0
Hbb-bs,216,66,83,298,78,475
Hbb-bt,33,5,15,48,12,58
Hbb-y,0,0,0,0,0,0
Hbegf,296,337,184,135,232,232
Hbp1,1604,2091,1566,753,1518,1488
Hbq1a,68,62,47,38,45,47
Hbq1b,278,311,185,152,186,194
Hbs1l,3789,4299,3835,2115,3349,3589
Hc,16,8,9,10,8,14
Hcar1,5,20,9,4,16,12
Hcar2,2,1,13,16,37,3
Hccs,627,719,476,323,475,479
Hcfc1,1401,1155,1512,603,1022,940
Hcfc1r1,1586,1648,866,807,958,1066
Hcfc2,1513,1605,1925,912,1521,1540
Hck,39,70,94,42,102,47
Hcls1,25,40,59,42,72,25
Hcn1,6524,8107,6520,3528,5769,6232
Hcn2,1616,2314,1538,1092,1146,1234
Hcn3,758,732,597,380,578,578
Hcn4,167,137,154,47,93,97
Hcrt,42,32,12,21,8,20
Hcrtr1,103,114,85,45,84,114
Hcrtr2,485,608,498,215,568,613
Hcst,12,13,4,10,22,12
Hdac1,754,693,661,364,559,515
Hdac10,674,632,509,361,524,531
Hdac11,3061,2982,2364,1516,2336,2374
Hdac2,3497,4012,3132,1742,3131,3258
Hdac3,3700,3136,2656,1697,2621,2786
Hdac4,3011,3013,4121,2370,2336,2447
Hdac5,2900,3586,4887,1831,3438,2848
Hdac6,1268,1189,1297,667,1025,1037
Hdac7,2971,3152,2633,1853,2924,2688
Hdac8,1347,1602,1163,648,1135,1315
Hdac9,3368,3908,3246,1889,2658,2568
Hdc,7,6,2,4,5,3
Hddc2,897,979,515,427,586,619
Hddc3,600,608,299,231,389,401
Hdgf,3248,4087,2830,1727,3240,3532
Hdgfl1,0,0,0,0,0,0
Hdgfl2,3273,3342,2742,1923,2951,3007
Hdgfl3,5761,6905,4710,3099,4948,5070
Hdhd2,1155,1311,902,519,853,817
Hdhd3,218,267,125,118,134,161
Hdhd5,2772,3355,2943,1408,2510,2703
Hdlbp,3156,3691,3362,1758,2921,2771
Hdx,1955,1873,2006,989,1562,1561
Heatr1,1516,1617,1485,832,1432,1521
Heatr3,2272,2653,2309,1111,2285,2465
Heatr4,7,4,2,2,5,3
Heatr5a,535,642,750,358,685,543
Heatr5b,1090,1104,1063,512,942,833
Heatr6,3013,3162,2535,1491,2454,2340
Heatr9,2,0,0,1,0,3
Hebp1,647,677,468,306,498,435
Hebp2,89,80,56,42,59,50
Heca,492,630,701,310,528,512
Hectd1,5965,6248,5601,2750,4816,4594
Hectd2,2194,2805,2620,1268,2396,2656
Hectd3,1469,1500,1168,801,1273,1278
Hectd4,5255,4284,5855,2392,3894,3804
Hecw1,6788,7770,6315,3700,6003,6393
Hecw2,5065,5460,4927,3218,3932,4018
Heg1,889,1041,744,430,786,782
Helb,355,355,272,148,284,251
Hells,232,247,272,116,227,215
Helq,2650,2607,2631,1244,2167,2194
Helt,19,29,9,9,4,15
Helz,4275,4187,4169,2067,3513,3600
Helz2,76,84,78,45,100,70
Hemgn,3,0,1,0,2,0
Hemk1,626,720,774,345,617,611
Henmt1,81,94,39,43,58,65
Hepacam,1612,2250,1103,737,1697,1655
Hepacam2,6,7,4,4,2,8
Heph,17,43,12,8,26,25
Hephl1,1,6,0,4,0,0
Herc1,15614,15212,19204,7832,13079,13006
Herc2,7724,6513,8633,3478,5821,6004
Herc3,4409,4483,4451,2163,3219,3556
Herc4,5062,6581,4587,3176,5075,4898
Herc6,1781,1738,1747,881,1561,1329
Herpud1,2026,2269,1401,697,1621,1774
Herpud2,1885,2470,1806,930,1645,1670
Hes1,287,395,247,199,303,316
Hes2,1,0,0,0,0,1
Hes3,13,17,12,6,10,9
Hes5,878,1406,255,359,649,727
Hes6,545,602,272,255,419,392
Hes7,56,120,64,48,71,60
Hesx1,1,0,0,0,0,0
Hexa,2292,2880,2216,1233,2619,2232
Hexb,2916,3908,4058,2558,6969,2475
Hexdc,3029,2833,2544,1659,2308,2212
Hexim1,420,435,268,158,252,197
Hexim2,98,82,69,43,68,57
Hey1,822,623,435,316,377,482
Hey2,188,163,103,89,123,177
Heyl,14,26,9,11,23,22
Hfe,54,83,47,29,67,47
Hfe2,25,21,9,12,12,10
Hfm1,423,372,390,195,320,336
Hgd,2,3,0,0,2,1
Hgf,653,815,575,346,541,563
Hgfac,10,3,5,2,1,8
Hgh1,581,520,387,237,454,423
Hgs,27,41,33,23,27,29
Hgs-1,26,43,49,28,48,30
Hgsnat,2371,2571,1766,986,1748,1745
Hhat,135,182,153,93,129,132
Hhatl,302,379,188,224,241,259
Hhex,17,20,31,25,41,12
Hhip,495,599,507,219,518,468
Hhipl1,967,979,668,514,655,662
Hhipl2,22,22,17,6,20,19
Hhla1,0,1,1,0,0,0
Hibadh,1688,2075,1620,950,1480,1482
Hibch,949,1090,818,476,825,771
Hic1,29,45,27,9,25,32
Hic2,702,859,724,354,603,572
Hid1,2594,2659,2196,1456,2394,2310
Hif1a,3707,3883,2962,1883,3407,2850
Hif1an,1915,2236,1703,1083,1628,1709
Hif3a,350,646,148,148,253,489
Higd1a,2105,2979,1484,1149,1897,2092
Higd1b,9,28,14,8,40,25
Higd1c,0,0,0,0,0,0
Higd2a,2135,2521,1045,1173,1325,1427
Hikeshi,1190,1606,1317,625,1081,1110
Hilpda,170,167,89,74,111,104
Hils1,0,2,0,0,0,0
Hinfp,1266,1414,1529,680,1294,1228
Hint1,3584,4557,2295,1800,2793,2905
Hint2,663,732,448,353,502,533
Hint3,3203,3781,2148,1386,2607,2572
Hip1,1855,2078,2019,969,1985,2023
Hip1r,1702,1702,1576,1009,1510,1454
Hipk1,1287,1349,1630,754,1265,1141
Hipk2,1327,1592,1347,836,1350,1242
Hipk3,2042,2552,1766,1041,1624,1554
Hipk4,57,87,61,21,57,70
Hira,590,663,759,376,545,516
Hirip3,1486,1739,1186,787,1357,1464
Hist1h1a,11,14,8,8,15,15
Hist1h1b,27,35,18,17,36,31
Hist1h1c,1148,1349,500,845,893,763
Hist1h1d,21,32,24,26,33,22
Hist1h1e,370,455,363,313,449,352
Hist1h1t,1,3,0,0,0,1
Hist1h2aa,0,0,0,0,0,0
Hist1h2ab,30,18,13,21,26,27
Hist1h2ac,22,33,23,22,24,27
Hist1h2ad,2,11,5,5,4,9
Hist1h2ae,154,153,117,64,141,146
Hist1h2af,1,1,1,1,2,4
Hist1h2ag,1,2,2,2,7,2
Hist1h2ah,0,1,0,0,2,0
Hist1h2ai,33,30,24,11,28,23
Hist1h2ak,7,7,5,3,6,8
Hist1h2an,3,7,11,5,13,7
Hist1h2ao,5,10,4,9,11,8
Hist1h2ap,66,45,27,64,65,45
Hist1h2ba,0,0,0,0,0,0
Hist1h2bb,3,1,4,4,7,5
Hist1h2bc,229,421,191,171,270,255
Hist1h2be,251,366,294,103,290,193
Hist1h2bf,7,4,2,5,4,3
Hist1h2bg,20,39,18,8,32,17
Hist1h2bh,3,8,3,0,5,4
Hist1h2bj,7,5,13,5,5,12
Hist1h2bk,1,0,1,0,2,0
Hist1h2bl,0,3,0,1,0,0
Hist1h2bm,2,6,0,2,1,0
Hist1h2bn,19,35,15,13,30,24
Hist1h2bp,2,1,1,0,3,2
Hist1h2bq,0,0,0,4,1,1
Hist1h2br,0,4,0,3,2,3
Hist1h3a,4,5,0,1,1,4
Hist1h3b,1,0,0,0,2,0
Hist1h3c,0,0,0,0,0,0
Hist1h3d,27,40,28,15,49,44
Hist1h3e,89,116,68,36,81,80
Hist1h3f,20,27,13,12,9,16
Hist1h3g,6,7,3,0,3,5
Hist1h3h,1,8,0,4,2,3
Hist1h3i,20,24,15,5,17,18
Hist1h4a,4,6,2,2,2,3
Hist1h4b,0,2,2,1,2,1
Hist1h4c,39,62,29,32,41,36
Hist1h4d,152,177,85,89,137,113
Hist1h4f,0,4,0,0,1,0
Hist1h4h,71,137,71,40,119,103
Hist1h4i,258,351,156,145,291,263
Hist1h4j,17,68,10,23,33,55
Hist1h4k,178,326,149,111,211,248
Hist1h4m,32,28,12,10,36,28
Hist1h4n,19,25,8,10,23,29
Hist2h2aa1,37,43,19,22,29,20
Hist2h2aa2,5,11,2,6,4,1
Hist2h2ab,21,25,21,11,13,10
Hist2h2ac,58,41,48,32,50,26
Hist2h2bb,18,33,18,18,22,25
Hist2h2be,261,300,148,177,195,196
Hist2h3b,45,31,20,15,27,27
Hist2h3c1,16,17,12,7,13,15
Hist2h3c2,3,9,4,2,5,5
Hist2h4,304,463,203,150,280,361
Hist3h2a,255,306,204,153,219,252
Hist3h2ba,1712,1761,798,967,925,919
Hist4h4,79,123,29,53,90,85
Hivep1,1767,1600,2053,1061,1502,1525
Hivep2,8919,6904,10712,4585,5463,6065
Hivep3,7736,9193,7452,4527,7487,7477
Hjurp,4574,5193,4444,2256,4503,4174
Hk1,3590,3110,2979,1581,2519,2484
Hk1os,81,96,50,65,50,54
Hk2,47,61,85,65,156,49
Hk3,41,64,81,50,124,33
Hkdc1,453,491,347,331,321,274
Hlcs,2065,2209,1584,1109,1540,1570
Hlf,3021,3425,2844,1462,2398,2508
Hltf,1540,1509,1461,788,1278,1157
Hlx,5,7,16,13,25,9
Hmbox1,2891,3318,3026,1673,2641,2576
Hmbs,1125,1029,710,508,732,789
Hmces,1866,2187,1421,911,1593,1527
Hmcn1,152,217,112,90,184,156
Hmcn2,31,27,34,18,39,23
Hmg20a,4029,4381,3888,1978,3589,3602
Hmg20b,1119,1373,902,676,1203,1072
Hmga1,508,591,385,243,418,378
Hmga1b,1,1,2,2,3,2
Hmga2,26,26,19,11,20,23
Hmgb1,2061,2263,1563,1159,1744,1628
Hmgb2,56,89,51,55,90,48
Hmgb3,288,249,154,132,145,132
Hmgb4,10,7,9,3,7,13
Hmgb4os,12,13,14,6,20,10
Hmgcl,892,987,745,520,973,907
Hmgcll1,2050,2288,1786,1056,1616,1664
Hmgcr,6861,8510,7000,3567,7262,6147
Hmgcs1,2209,3003,2679,1534,2678,1761
Hmgcs2,13,20,7,12,19,20
Hmgn1,1955,1813,1299,881,1359,1461
Hmgn2,2399,2564,1373,1188,1639,1807
Hmgn3,7766,7806,4100,4378,5047,5546
Hmgn5,36,44,19,33,31,30
Hmgxb3,2560,3177,1920,1159,2083,2275
Hmgxb4,1284,1169,968,589,991,976
Hmmr,14,13,6,8,13,4
Hmox1,41,41,43,26,51,39
Hmox2,1232,1298,890,518,965,1014
Hmx1,0,0,0,0,0,0
Hmx2,0,0,0,0,2,0
Hmx3,1,0,0,0,2,0
Hnf1a,0,0,1,2,0,0
Hnf1aos1,1,2,0,0,2,1
Hnf1aos2,0,0,0,0,0,0
Hnf1b,10,7,7,1,3,7
Hnf4a,0,0,0,0,0,0
Hnf4aos,0,0,0,0,0,0
Hnf4g,10,7,9,4,5,2
Hnmt,960,1067,444,449,623,604
Hnrnpa0,342,347,335,242,261,259
Hnrnpa1,2783,3028,2480,1651,2498,2558
Hnrnpa2b1,15973,17941,18585,8072,15025,16023
Hnrnpa3,5609,6059,5648,3010,4888,4839
Hnrnpab,1131,1302,955,537,973,957
Hnrnpc,1386,1753,1430,819,1274,1212
Hnrnpd,1557,1786,1812,976,1583,1508
Hnrnpdl,12324,12532,10032,6055,9996,10055
Hnrnpf,1489,1857,1217,716,1357,1295
Hnrnph1,8105,8739,8018,4561,6823,7748
Hnrnph2,2722,3363,2241,1404,2527,2466
Hnrnph3,10946,12776,7099,5243,9064,9234
Hnrnpk,4859,5520,3973,2615,3979,4092
Hnrnpl,10804,11916,12660,5675,10684,10271
Hnrnpll,4467,6088,5639,2605,5105,5732
Hnrnpm,4518,4719,4152,2350,3938,4235
Hnrnpr,6875,8030,9187,3668,6870,6822
Hnrnpu,22348,23666,27865,11692,18816,18251
Hnrnpul1,2534,3500,3294,1547,3138,2745
Hnrnpul2,2662,2968,2680,1278,2205,2234
Hoga1,27,39,31,13,21,18
Homer1,8266,14319,15019,4713,11556,13753
Homer2,2210,2657,2397,1346,1924,1906
Homer3,152,175,118,92,191,141
Homez,635,793,319,250,460,444
Hook1,7768,7815,7863,4244,6962,6612
Hook2,2824,2289,2165,1328,2238,2218
Hook3,6716,7902,9304,3662,7133,6842
Hopx,204,284,115,113,173,202
Hopxos,9,5,1,1,5,4
Hormad1,0,0,0,0,0,0
Hormad2,3,1,0,2,2,1
Hotair,0,0,0,0,0,0
Hotairm1,6,7,3,0,3,3
Hottip,0,0,0,0,0,0
Hoxa1,1,0,1,0,0,0
Hoxa10,0,0,0,0,0,0
Hoxa11,0,0,0,0,0,0
Hoxa13,0,0,0,0,0,0
Hoxa2,0,0,0,0,0,0
Hoxa3,0,1,1,3,0,0
Hoxa4,0,0,0,0,0,0
Hoxa5,0,1,0,0,0,0
Hoxa6,0,0,0,0,0,0
Hoxa7,12,12,4,8,7,2
Hoxa9,0,0,0,0,0,0
Hoxaas3,0,0,0,0,1,0
Hoxb1,0,0,0,0,0,0
Hoxb13,0,0,0,0,0,0
Hoxb2,3,1,0,1,0,0
Hoxb3,1,1,1,0,1,0
Hoxb3os,1,1,0,1,0,2
Hoxb4,6,1,7,4,1,0
Hoxb5,0,2,3,0,0,0
Hoxb5os,0,0,0,0,0,0
Hoxb6,3,0,0,0,0,0
Hoxb7,0,0,0,0,0,0
Hoxb8,2,0,0,0,0,0
Hoxb9,1,0,0,0,0,0
Hoxc10,0,0,0,0,0,0
Hoxc11,0,0,0,0,0,0
Hoxc12,0,0,0,0,0,0
Hoxc13,0,0,0,0,0,0
Hoxc4,1,2,0,0,0,1
Hoxc5,0,0,0,0,0,0
Hoxc6,1,3,0,0,1,0
Hoxc8,0,0,0,0,0,0
Hoxc9,0,0,0,0,0,0
Hoxd1,5,2,0,0,1,0
Hoxd10,0,0,0,0,0,0
Hoxd11,0,0,0,0,0,0
Hoxd12,0,0,0,0,0,0
Hoxd13,0,0,0,0,0,0
Hoxd3,2,2,0,0,0,0
Hoxd3os1,0,0,0,0,0,0
Hoxd4,0,0,0,0,0,0
Hoxd4-1,0,0,0,0,0,0
Hoxd8,0,1,0,0,0,0
Hoxd9,0,0,0,0,0,0
Hp,3,2,1,1,1,0
Hp1bp3,5542,5446,5062,2824,4605,4161
Hpca,4515,4943,3113,1815,2746,3054
Hpcal1,303,280,221,109,219,194
Hpcal4,2134,2283,2237,1225,1824,1880
Hpd,0,1,0,0,1,0
Hpdl,22,20,4,10,11,9
Hpf1,1956,2237,1665,1140,1828,1662
Hpgd,177,239,200,134,340,128
Hpgds,416,544,847,459,1104,322
Hpn,107,117,151,89,143,135
Hprt,1448,1711,1270,705,1262,1349
Hps1,1934,1637,1618,954,1500,1437
Hps3,1257,1368,1380,686,1341,1019
Hps4,3600,3562,3379,1853,3696,3590
Hps5,1140,1468,1527,707,1238,1196
Hps6,104,105,53,39,64,83
Hpse,46,63,53,38,119,51
Hpse2,1,2,4,0,1,1
Hpx,7,6,2,4,3,4
Hr,390,396,307,201,293,331
Hras,1451,1641,836,732,919,923
Hrasls,296,315,218,168,175,193
Hrasls5,4,2,0,3,1,2
Hrc,9,9,6,4,12,5
Hrct1,3,7,3,2,13,12
Hrg,0,1,0,0,0,1
Hrh1,495,510,455,182,474,508
Hrh2,350,399,352,211,312,303
Hrh3,2414,2320,1795,1081,1762,1916
Hrh4,0,0,0,0,0,0
Hrk,673,700,736,391,441,580
Hrnr,5,5,0,4,1,1
Hs1bp3,630,714,573,323,473,472
Hs2st1,2786,4411,3351,2044,2895,2521
Hs3st1,1588,1779,1011,656,1138,1015
Hs3st2,502,587,519,277,415,464
Hs3st3a1,97,145,52,45,106,88
Hs3st3b1,35,42,17,11,29,30
Hs3st4,2198,2684,1988,1378,1748,1908
Hs3st5,1165,1415,1030,642,1033,1145
Hs3st6,7,4,4,3,5,3
Hs6st1,668,713,714,319,505,557
Hs6st2,2350,2515,2040,976,1799,1883
Hs6st3,789,961,818,413,624,634
Hsbp1,2239,2723,1428,1159,1657,1720
Hsbp1l1,107,126,72,64,69,81
Hscb,590,699,381,269,466,416
Hsd11b1,160,250,112,63,146,154
Hsd11b2,2,5,2,3,2,2
Hsd17b1,1,10,7,6,13,12
Hsd17b10,290,310,173,155,225,234
Hsd17b11,600,753,412,263,485,504
Hsd17b12,2287,2738,2031,1074,2559,2418
Hsd17b13,4,4,2,2,2,2
Hsd17b14,12,14,14,7,6,8
Hsd17b2,7,3,4,1,6,7
Hsd17b3,0,0,0,0,0,0
Hsd17b4,1598,1760,1259,831,1247,1317
Hsd17b6,0,0,0,0,0,0
Hsd17b7,707,884,806,417,879,640
Hsd3b1,0,0,0,2,1,1
Hsd3b2,28,26,41,31,28,30
Hsd3b3,30,48,18,19,27,25
Hsd3b4,0,1,0,0,0,0
Hsd3b5,9,8,6,8,6,6
Hsd3b6,1,0,1,0,1,0
Hsd3b7,215,264,105,106,201,207
Hsdl1,578,538,496,237,454,367
Hsdl2,347,429,289,190,342,286
Hsf1,3989,4090,3381,1932,3412,3745
Hsf2,1945,2428,1980,983,1711,1837
Hsf2bp,9,12,10,2,6,10
Hsf3,2,5,0,0,1,7
Hsf4,744,745,515,394,556,567
Hsf5,116,155,122,91,116,131
Hsfy2,0,0,0,0,0,0
Hsh2d,2,2,1,1,1,1
Hsp90aa1,7597,7787,5768,3569,5258,5067
Hsp90ab1,15567,14734,12470,6083,10454,10371
Hsp90b1,13365,13600,9977,5014,11467,11654
Hspa12a,1956,1611,1800,930,1339,1150
Hspa12b,36,55,39,24,61,46
Hspa13,2036,2162,1548,818,1624,1514
Hspa14,1212,1709,1375,801,1243,1151
Hspa1a,107,101,66,39,71,88
Hspa1b,30,18,22,12,13,21
Hspa1l,13,8,10,2,3,8
Hspa2,403,321,240,128,181,206
Hspa4,6857,7838,5725,3070,5532,5539
Hspa4l,4929,4829,5410,2390,4287,4469
Hspa5,10563,11145,8775,3278,8959,10085
Hspa8,14914,15730,10626,5215,9931,10110
Hspa9,3481,3815,2967,1706,2815,2922
Hspb1,46,87,39,72,99,89
Hspb11,313,344,233,159,253,244
Hspb2,15,10,5,5,11,11
Hspb3,423,505,278,264,259,341
Hspb6,59,48,23,26,39,33
Hspb7,3,5,2,2,1,3
Hspb8,36,69,27,18,48,44
Hspb9,6,3,1,2,3,2
Hspbap1,646,776,901,317,723,663
Hspbp1,870,1040,757,538,746,777
Hspd1,1528,1398,1196,634,1050,1048
Hspe1,1193,1535,942,540,882,941
Hspg2,48,55,31,24,72,49
Hsph1,2973,3655,3827,1260,3172,3339
Htatip2,385,476,307,210,332,328
Htatsf1,1459,1757,1450,744,1193,1166
Htr1a,198,195,156,66,143,128
Htr1b,985,1113,1135,298,872,1050
Htr1d,104,100,98,21,88,96
Htr1f,3309,4197,2190,1950,2720,2970
Htr2a,957,982,971,394,762,856
Htr2b,11,12,7,8,13,9
Htr2c,2488,2248,2112,720,1867,2057
Htr3a,135,120,113,93,138,170
Htr3b,0,2,1,0,0,0
Htr4,605,649,519,206,515,547
Htr5a,324,407,307,161,267,272
Htr5b,77,74,58,29,53,70
Htr6,208,213,133,105,143,144
Htr7,568,654,519,241,465,484
Htra1,1876,4059,1453,906,2619,3078
Htra2,1851,1576,1177,905,1351,1275
Htra3,78,111,58,34,78,65
Htra4,68,78,27,26,29,44
Htt,5064,5113,6234,2693,4355,4161
Hunk,895,1046,785,479,641,605
Hus1,481,500,398,280,369,359
Hus1b,17,50,33,19,26,29
Huwe1,9641,10148,12539,5179,9065,8633
Hvcn1,56,55,67,46,95,38
Hyal1,645,837,384,315,565,557
Hyal2,281,253,148,102,171,190
Hyal3,19,18,19,9,22,29
Hyal4,0,0,0,0,0,0
Hyal5,0,0,0,0,0,0
Hyal6,0,0,0,0,0,0
Hydin,43,52,37,22,31,19
Hykk,341,339,234,160,241,230
Hyls1,558,640,522,283,374,421
Hyou1,2474,2479,2369,1028,2158,2240
Hypk,1700,1955,1229,994,1316,1342
Hypm,3,3,7,2,5,5
I0C0044D17Rik,0,0,0,0,1,0
I730028E13Rik,7,5,4,3,5,4
I830077J02Rik,41,56,49,39,61,35
I830134H01Rik,24,51,23,23,22,23
Iah1,1448,1629,832,683,1146,1057
Iapp,0,0,0,0,0,0
Iars,2192,1708,1845,1013,1692,1744
Iars2,2328,2210,1960,1010,1641,1565
Iba57,170,197,124,63,118,139
Ibsp,2,4,3,5,2,1
Ibtk,1519,1520,1555,781,1423,1257
Ica1,5200,5817,4233,2736,4377,4829
Ica1l,1359,1546,1275,716,981,908
Icam1,73,108,89,76,157,59
Icam2,4,17,6,10,22,7
Icam4,59,44,24,22,38,37
Icam5,7793,8023,6616,3156,5550,6273
Ice1,4343,4749,4426,2636,4050,3786
Ice2,1348,1398,1349,689,1155,1006
Ick,1346,1475,1138,673,1376,1206
Icmt,989,1018,813,394,762,828
Icos,4,3,7,6,6,0
Icosl,62,82,62,47,82,78
Ict1os,0,4,1,2,1,1
Id1,132,260,57,125,246,157
Id2,2288,2016,887,1056,1232,1287
Id3,570,972,199,341,622,626
Id4,930,1216,524,414,836,847
Ide,1998,1577,1750,580,915,1305
Idh1,557,656,391,264,490,466
Idh2,1630,1608,1014,735,1274,1254
Idh3a,2124,2097,1809,983,1485,1576
Idh3b,6427,7898,4797,3938,5911,6197
Idh3g,2721,3121,2412,1629,2345,2634
Idi1,808,1184,1071,499,1041,682
Idi2,5,4,1,0,0,3
Idnk,709,846,630,408,746,640
Ido1,91,46,26,15,28,32
Ido2,80,82,39,26,67,51
Ids,2311,1807,1735,882,1349,1545
Idua,966,845,724,462,725,683
Ier2,594,520,242,156,299,326
Ier3,435,520,290,179,356,384
Ier3ip1,2252,2268,1454,1105,1719,1708
Ier5,1705,1648,1243,703,1157,1356
Ier5l,686,782,525,370,413,450
Iffo1,5300,5970,4188,2753,5289,4804
Iffo2,391,387,461,208,343,342
Ifi202b,0,0,0,0,0,0
Ifi203,22,29,32,18,55,34
Ifi204,2,12,58,53,169,10
Ifi205,0,0,0,0,0,0
Ifi206,0,1,2,2,5,1
Ifi207,2,4,27,21,56,5
Ifi208,3,1,1,0,15,1
Ifi209,2,5,10,8,45,3
Ifi211,3,0,3,3,22,3
Ifi213,2,6,12,6,46,2
Ifi214,0,0,1,1,10,1
Ifi27,1164,1289,1042,892,1521,1070
Ifi27l2a,7,12,34,24,52,5
Ifi27l2b,7,6,6,1,2,4
Ifi35,103,183,125,101,247,107
Ifi44,2,2,5,13,29,3
Ifi44l,0,0,0,0,0,0
Ifi47,5,4,2,13,11,2
Ifih1,76,91,101,67,146,53
Ifit1,47,45,58,65,120,45
Ifit1bl1,54,59,40,34,33,23
Ifit1bl2,40,41,50,17,18,27
Ifit2,88,125,95,63,120,67
Ifit3,45,52,42,46,100,35
Ifit3b,32,47,31,46,65,31
Ifitm1,14,25,12,11,38,15
Ifitm10,614,750,489,328,585,498
Ifitm2,74,139,43,62,112,75
Ifitm3,61,98,64,125,238,46
Ifitm5,0,2,1,0,2,1
Ifitm6,7,7,5,7,3,7
Ifitm7,551,568,372,335,503,476
Ifna1,0,0,0,0,0,0
Ifna11,0,0,0,0,0,0
Ifna12,0,0,0,0,0,0
Ifna13,1,0,0,0,0,0
Ifna14,0,0,0,0,0,0
Ifna15,0,0,0,0,0,0
Ifna16,1,1,1,0,0,0
Ifna2,0,0,2,0,0,3
Ifna4,0,0,0,0,0,0
Ifna5,0,0,0,0,0,0
Ifna6,0,0,0,0,0,0
Ifna7,0,0,0,0,0,0
Ifna9,0,0,0,0,0,0
Ifnab,1,0,0,0,1,0
Ifnar1,2331,3034,2149,1280,2266,2009
Ifnar2,1524,1663,1042,782,1518,1183
Ifnb1,0,0,0,0,0,0
Ifne,4,3,0,0,3,2
Ifng,0,0,0,0,0,0
Ifngas1,0,1,0,0,0,0
Ifngr1,797,1057,681,383,1001,612
Ifngr2,1189,1433,1023,576,1206,935
Ifnk,0,0,0,0,0,0
Ifnl2,0,0,0,0,0,0
Ifnl3,0,0,0,0,0,0
Ifnlr1,19,19,7,1,7,9
Ifnz,0,0,0,0,0,0
Ifrd1,3490,5905,4169,1693,3982,3896
Ifrd2,886,864,635,403,674,758
Ift122,2274,2698,1647,1104,1987,2043
Ift140,1842,1976,1546,1043,1660,1475
Ift172,1808,1831,1886,997,1651,1535
Ift20,5182,6011,3418,2515,4389,4632
Ift22,1124,1105,1065,512,888,965
Ift27,365,485,280,210,367,302
Ift43,747,898,688,438,656,677
Ift46,966,1018,761,606,757,817
Ift52,1002,1122,749,558,903,910
Ift57,1951,2588,1925,1094,1881,2020
Ift74,930,874,932,393,719,783
Ift80,1229,1314,1318,590,1004,937
Ift81,1910,1851,1622,911,1455,1471
Ift88,2982,2975,2576,1481,2523,2653
Ift88os,25,24,29,21,18,10
Igbp1,829,883,797,428,743,671
Igbp1b,3,11,5,4,3,3
Igdcc3,84,177,88,51,122,124
Igdcc4,1514,1728,1266,832,1322,1155
Igf1,453,573,575,370,834,522
Igf1os,1,1,0,1,0,1
Igf1r,3557,3446,3394,1745,2806,2796
Igf2,27,45,12,10,59,38
Igf2bp1,2,4,2,3,0,1
Igf2bp2,43,57,70,38,58,46
Igf2bp3,139,149,69,91,116,149
Igf2os,0,1,1,0,1,1
Igf2r,1860,1910,1652,757,1530,1499
Igfals,0,0,1,0,1,0
Igfbp1,2,2,1,1,2,4
Igfbp2,250,619,157,158,422,290
Igfbp3,264,275,131,108,177,156
Igfbp4,969,1227,838,500,952,950
Igfbp5,1594,1983,1223,711,1424,1193
Igfbp6,874,961,497,365,560,475
Igfbp7,494,541,310,320,506,395
Igfbpl1,164,141,159,78,129,105
Igfl3,0,0,0,0,0,0
Igflr1,6,3,2,0,2,5
Igfn1,684,703,734,374,387,498
Igha,0,0,0,1,0,0
Ighd,13,5,6,8,12,4
Ighd1-1,0,0,0,0,0,0
Ighd2-3,0,0,0,0,0,0
Ighd2-4,0,0,0,0,0,0
Ighd2-5,0,0,0,0,0,0
Ighd2-6,0,0,0,0,0,0
Ighd2-7,0,0,0,0,0,0
Ighd2-8,0,0,0,0,0,0
Ighd3-1,0,0,0,0,0,0
Ighd3-2,0,0,0,0,0,0
Ighd4-1,0,0,0,0,0,0
Ighd5-2,0,0,0,0,0,0
Ighd5-3,0,0,0,0,0,0
Ighd5-4,0,0,0,0,0,0
Ighd5-5,0,0,0,0,0,0
Ighd5-6,0,0,0,0,0,0
Ighd5-7,0,0,0,0,0,0
Ighd5-8,0,0,0,0,0,0
Ighe,0,0,0,0,0,0
Ighg1,0,0,1,0,0,1
Ighg2b,0,1,0,1,0,0
Ighg2c,49,62,29,28,23,27
Ighg3,0,0,1,0,0,0
Ighj1,0,0,0,0,0,0
Ighj2,0,0,0,0,0,0
Ighj3,0,0,0,0,0,0
Ighj4,0,0,0,0,0,0
Ighm,369,370,346,286,314,188
Ighmbp2,760,683,515,360,548,513
Ighv1-1,0,0,0,0,0,0
Ighv1-10,0,0,0,0,0,0
Ighv1-11,0,0,0,0,0,0
Ighv1-12,0,0,0,0,0,0
Ighv1-13,0,0,0,0,0,0
Ighv1-13-1,0,0,0,0,0,0
Ighv1-14,0,0,0,0,0,0
Ighv1-15,0,0,0,0,0,0
Ighv1-16,0,0,0,0,0,0
Ighv1-17,0,0,0,0,0,0
Ighv1-17-1,0,0,0,0,0,0
Ighv1-18,0,0,0,0,0,0
Ighv1-19,0,0,0,0,0,0
Ighv1-19-1,0,0,0,0,0,0
Ighv1-2,0,0,0,0,0,0
Ighv1-20,0,0,0,0,0,0
Ighv1-21,0,0,0,0,0,0
Ighv1-21-1,0,0,0,0,0,0
Ighv1-22,0,0,0,0,0,0
Ighv1-23,0,0,0,0,0,0
Ighv1-24,0,0,0,0,0,0
Ighv1-25,0,0,0,0,0,0
Ighv1-26,0,0,0,0,0,0
Ighv1-27,0,0,0,0,0,0
Ighv1-28,0,0,0,0,0,0
Ighv1-29,0,0,0,0,0,0
Ighv1-3,0,0,0,0,0,0
Ighv1-30,0,0,0,0,0,0
Ighv1-31,0,0,0,0,0,0
Ighv1-32,0,0,0,0,0,0
Ighv1-33,0,0,0,0,0,0
Ighv1-34,0,0,0,0,0,0
Ighv1-35,0,0,0,0,0,0
Ighv1-36,0,0,0,0,0,0
Ighv1-37,0,0,0,0,0,0
Ighv1-38,0,0,0,0,0,0
Ighv1-39,0,0,0,0,0,0
Ighv1-4,0,0,0,0,0,0
Ighv1-40,0,0,0,0,0,0
Ighv1-41,0,0,0,0,0,0
Ighv1-42,0,0,0,0,0,0
Ighv1-43,0,0,0,0,0,0
Ighv1-44,0,0,0,0,0,0
Ighv1-45,0,0,0,0,0,0
Ighv1-46,0,0,0,0,0,0
Ighv1-47,0,0,0,0,0,0
Ighv1-48,0,0,0,0,0,0
Ighv1-49,0,0,0,0,0,0
Ighv1-5,0,0,0,0,0,0
Ighv1-50,0,0,0,0,0,0
Ighv1-51,0,0,0,0,0,0
Ighv1-52,0,0,0,0,0,0
Ighv1-53,0,0,0,0,1,0
Ighv1-54,0,0,0,0,0,0
Ighv1-55,0,0,0,0,0,0
Ighv1-56,0,0,0,0,0,0
Ighv1-57,0,0,0,0,0,0
Ighv1-58,0,0,0,0,0,0
Ighv1-59,0,0,0,0,0,0
Ighv1-6,0,0,0,0,0,0
Ighv1-60,0,0,0,0,0,0
Ighv1-61,0,0,0,0,0,0
Ighv1-62,0,0,0,0,0,0
Ighv1-62-1,0,0,0,0,0,0
Ighv1-62-2,0,0,0,0,0,0
Ighv1-62-3,0,0,0,0,0,0
Ighv1-63,0,0,0,0,0,0
Ighv1-64,0,0,0,0,0,0
Ighv1-65,0,0,0,0,0,0
Ighv1-66,0,0,0,0,0,0
Ighv1-67,0,0,0,0,0,0
Ighv1-68,0,0,0,0,0,0
Ighv1-69,0,0,0,0,0,0
Ighv1-7,0,0,0,0,0,1
Ighv1-70,0,0,0,0,0,0
Ighv1-71,0,0,0,0,0,0
Ighv1-72,0,0,0,0,0,0
Ighv1-73,0,0,0,0,0,0
Ighv1-74,0,0,0,0,0,0
Ighv1-75,0,0,0,0,0,2
Ighv1-76,0,0,0,0,0,0
Ighv1-77,0,0,0,0,0,0
Ighv1-78,0,0,0,0,0,0
Ighv1-79,0,0,0,0,0,0
Ighv1-8,0,0,0,0,0,0
Ighv1-80,0,0,0,0,0,0
Ighv1-81,0,0,0,0,0,0
Ighv1-82,0,0,0,0,0,1
Ighv1-83,0,0,0,0,0,0
Ighv1-84,0,0,0,0,0,0
Ighv1-85,0,0,0,0,0,0
Ighv1-86,0,0,0,0,0,0
Ighv1-9,0,0,0,0,0,0
Ighv10-1,0,0,0,0,0,0
Ighv10-2,0,0,0,0,0,0
Ighv10-3,0,0,0,0,0,0
Ighv10-4,0,0,0,0,0,0
Ighv11-1,0,0,0,0,0,0
Ighv11-2,0,0,0,0,0,0
Ighv12-1,0,0,0,0,0,0
Ighv12-2,0,0,0,0,0,0
Ighv12-3,0,0,0,0,0,0
Ighv13-1,0,0,0,0,0,0
Ighv13-2,0,0,0,0,0,0
Ighv14-1,0,0,0,0,0,0
Ighv14-2,0,0,0,0,0,0
Ighv14-3,0,0,0,0,0,0
Ighv14-4,0,0,0,0,0,0
Ighv15-1,0,0,0,0,0,0
Ighv15-2,0,0,0,0,0,0
Ighv16-1,0,0,0,0,0,0
Ighv2-1,0,0,0,0,0,0
Ighv2-2,0,0,0,0,0,0
Ighv2-3,0,0,0,0,0,0
Ighv2-4,0,0,0,0,0,0
Ighv2-5,0,0,0,0,0,0
Ighv2-6,0,0,0,0,0,0
Ighv2-6-8,0,0,0,0,0,0
Ighv2-7,0,0,0,0,0,0
Ighv2-8,0,0,0,0,0,0
Ighv2-9,0,0,0,0,0,0
Ighv2-9-1,0,0,0,0,0,0
Ighv3-1,0,0,0,0,0,0
Ighv3-2,0,0,0,0,0,0
Ighv3-3,0,0,0,0,0,0
Ighv3-4,0,0,0,0,0,0
Ighv3-5,0,0,0,0,0,0
Ighv3-6,0,0,0,0,0,1
Ighv3-7,0,0,0,0,0,0
Ighv3-8,0,0,0,0,0,0
Ighv4-1,0,0,0,0,0,0
Ighv4-2,0,0,0,0,0,0
Ighv5-1,0,0,0,0,0,0
Ighv5-10,0,0,0,0,0,0
Ighv5-11,0,0,0,0,0,0
Ighv5-12,0,0,0,0,0,0
Ighv5-12-4,0,0,0,0,0,0
Ighv5-13,0,0,0,0,0,0
Ighv5-15,0,0,0,0,0,0
Ighv5-16,0,0,0,0,0,0
Ighv5-17,0,0,0,0,0,0
Ighv5-18,0,0,0,0,0,0
Ighv5-19,0,0,0,0,0,0
Ighv5-2,0,0,0,0,0,0
Ighv5-21,0,0,0,0,0,0
Ighv5-3,0,0,0,0,0,0
Ighv5-4,0,0,0,0,0,0
Ighv5-5,0,0,0,0,0,0
Ighv5-6,0,0,0,0,0,0
Ighv5-7,0,0,0,0,0,0
Ighv5-8,0,0,0,0,0,0
Ighv5-8-1,0,0,0,0,0,0
Ighv5-9,0,0,0,0,0,0
Ighv5-9-1,0,0,0,0,0,0
Ighv6-1,0,0,0,0,0,0
Ighv6-2,0,0,0,0,0,0
Ighv6-3,0,0,0,0,0,0
Ighv6-4,0,0,0,0,0,0
Ighv6-5,0,0,0,0,0,0
Ighv6-6,0,0,0,0,0,0
Ighv6-7,0,0,0,0,0,0
Ighv7-1,0,0,0,0,0,0
Ighv7-2,0,0,0,0,0,0
Ighv7-3,0,0,0,0,0,0
Ighv7-4,0,0,0,0,0,0
Ighv8-1,0,0,0,0,0,0
Ighv8-10,0,0,0,0,0,0
Ighv8-11,0,0,0,0,0,0
Ighv8-12,0,0,0,0,0,0
Ighv8-13,0,0,0,0,0,0
Ighv8-14,0,0,0,0,0,0
Ighv8-15,0,0,0,0,0,0
Ighv8-16,0,0,0,0,0,0
Ighv8-2,0,0,0,0,0,0
Ighv8-3,0,0,0,0,0,0
Ighv8-4,0,0,0,0,0,0
Ighv8-5,0,0,0,0,0,0
Ighv8-6,0,0,0,0,0,0
Ighv8-7,0,0,0,0,0,0
Ighv8-8,0,0,0,0,0,0
Ighv8-9,0,0,0,0,0,0
Ighv9-1,0,0,0,0,0,0
Ighv9-2,0,0,0,0,0,0
Ighv9-3,0,0,0,0,0,0
Ighv9-4,0,0,0,0,0,0
Igip,716,746,643,418,551,523
Igkc,0,2,1,1,0,2
Igkj1,0,0,0,0,0,0
Igkj2,0,0,0,0,0,0
Igkj3,0,0,0,0,0,0
Igkj4,0,0,0,0,0,0
Igkj5,0,0,0,0,0,1
Igkv1-108,0,0,0,0,0,0
Igkv1-110,0,1,0,0,0,0
Igkv1-115,0,0,0,0,0,0
Igkv1-117,0,0,0,0,0,0
Igkv1-122,0,0,0,0,0,0
Igkv1-131,0,0,0,0,0,0
Igkv1-132,0,0,0,0,0,0
Igkv1-133,0,0,0,0,0,0
Igkv1-135,0,0,0,0,0,2
Igkv1-136,0,0,0,0,0,0
Igkv1-35,0,0,0,0,0,0
Igkv1-88,0,0,0,0,0,0
Igkv1-99,0,0,0,0,0,0
Igkv10-94,0,0,0,0,0,0
Igkv10-95,0,0,0,0,0,0
Igkv10-96,0,0,0,0,0,0
Igkv11-106,0,0,0,0,0,0
Igkv11-114,0,0,0,0,0,1
Igkv11-118,0,0,0,0,0,0
Igkv11-125,0,0,0,0,0,0
Igkv12-38,0,1,0,0,0,0
Igkv12-40,0,0,0,0,0,0
Igkv12-41,0,0,0,0,0,0
Igkv12-42,0,0,0,0,0,0
Igkv12-44,0,0,0,0,0,0
Igkv12-46,0,0,0,0,0,0
Igkv12-47,0,0,0,0,0,0
Igkv12-49,0,0,0,0,0,0
Igkv12-66,0,0,0,0,0,0
Igkv12-67,0,0,0,0,0,0
Igkv12-89,0,0,0,0,0,0
Igkv12-98,0,0,0,0,0,0
Igkv13-54-1,0,0,0,0,0,0
Igkv13-55-1,0,0,0,0,0,0
Igkv13-56-1,0,0,0,0,0,0
Igkv13-57-1,0,0,0,0,0,0
Igkv13-57-2,0,0,0,0,0,0
Igkv13-61-1,0,0,0,0,0,0
Igkv13-62-1,0,0,0,0,0,0
Igkv13-64,0,0,0,0,0,0
Igkv13-71-1,0,0,0,0,0,0
Igkv13-73-1,0,0,0,0,0,0
Igkv13-74-1,0,0,0,0,0,0
Igkv13-76,0,0,0,0,0,0
Igkv13-78-1,0,0,0,0,0,0
Igkv13-80-1,0,0,0,0,0,0
Igkv13-82,0,0,0,0,0,0
Igkv13-84,0,0,0,0,0,0
Igkv13-85,0,0,0,0,0,0
Igkv13-87,0,0,0,0,0,0
Igkv14-100,0,0,0,0,0,0
Igkv14-111,0,0,0,0,0,0
Igkv14-118-1,0,0,0,0,0,0
Igkv14-118-2,0,0,0,0,0,0
Igkv14-126,0,0,0,0,0,0
Igkv14-126-1,0,0,0,0,0,0
Igkv14-130,0,0,0,0,0,0
Igkv14-134-1,0,0,0,0,0,0
Igkv15-101,0,0,0,0,0,0
Igkv15-101-1,0,0,0,0,0,0
Igkv15-102,0,0,0,0,0,0
Igkv15-103,0,0,0,0,0,1
Igkv15-97,0,0,0,0,0,0
Igkv16-104,0,0,0,0,0,0
Igkv17-121,0,0,0,0,0,0
Igkv17-127,0,0,0,0,0,0
Igkv17-134,0,0,0,0,0,0
Igkv18-36,0,0,0,0,0,0
Igkv19-93,0,0,0,0,0,0
Igkv2-105,0,0,0,0,0,0
Igkv2-107,0,0,0,0,0,0
Igkv2-109,1,0,0,0,0,0
Igkv2-112,0,0,0,0,0,0
Igkv2-113,0,0,0,0,0,0
Igkv2-116,0,0,0,0,0,0
Igkv2-137,0,0,0,0,0,0
Igkv2-93-1,0,0,0,0,0,0
Igkv2-95-1,0,0,0,0,0,0
Igkv2-95-2,0,0,0,0,0,0
Igkv20-101-2,0,0,0,0,0,0
Igkv3-1,0,0,0,0,0,0
Igkv3-10,0,0,0,0,0,0
Igkv3-11,0,0,0,0,0,0
Igkv3-12,0,0,0,0,0,0
Igkv3-12-1,0,0,0,0,0,0
Igkv3-2,1,1,0,0,0,0
Igkv3-3,0,0,0,0,0,0
Igkv3-4,0,0,0,0,0,1
Igkv3-5,0,0,0,0,0,0
Igkv3-6,0,0,0,0,0,0
Igkv3-7,0,0,0,0,0,0
Igkv3-8,0,0,0,0,0,0
Igkv3-9,0,0,0,0,0,0
Igkv4-50,0,0,0,0,0,0
Igkv4-51,0,0,0,0,0,0
Igkv4-53,0,0,0,0,0,0
Igkv4-54,0,0,0,0,0,0
Igkv4-55,0,0,0,0,0,4
Igkv4-56,0,0,0,0,0,0
Igkv4-57,0,0,0,0,0,2
Igkv4-57-1,0,0,0,0,0,0
Igkv4-58,0,0,0,0,0,0
Igkv4-59,0,0,0,0,0,0
Igkv4-60,0,0,0,0,0,0
Igkv4-61,0,0,0,0,0,0
Igkv4-62,0,0,0,0,0,0
Igkv4-63,0,0,0,0,0,1
Igkv4-65,0,0,0,0,0,0
Igkv4-68,0,0,0,0,0,0
Igkv4-69,0,0,1,0,0,0
Igkv4-70,0,0,0,0,0,0
Igkv4-71,0,0,0,0,0,0
Igkv4-72,2,1,0,0,1,1
Igkv4-73,0,0,0,0,0,0
Igkv4-74,0,0,0,0,0,0
Igkv4-75,0,0,0,0,0,0
Igkv4-77,0,0,0,0,0,0
Igkv4-78,0,0,0,0,0,0
Igkv4-79,0,0,0,0,0,0
Igkv4-80,0,0,0,0,0,0
Igkv4-81,0,0,0,0,0,0
Igkv4-83,0,0,0,0,0,0
Igkv4-86,0,0,0,0,0,0
Igkv4-90,0,0,0,0,0,0
Igkv4-91,0,0,0,0,0,0
Igkv4-92,0,0,0,0,0,0
Igkv5-37,0,0,0,0,0,0
Igkv5-39,0,0,0,0,0,0
Igkv5-40-1,0,0,0,0,0,0
Igkv5-43,0,0,0,0,0,0
Igkv5-45,0,0,1,0,0,0
Igkv5-48,0,0,0,0,0,0
Igkv6-13,0,0,0,0,0,0
Igkv6-14,0,0,0,0,0,0
Igkv6-15,0,1,0,0,0,0
Igkv6-17,0,0,0,0,0,0
Igkv6-20,4,3,5,3,7,3
Igkv6-23,0,0,0,0,0,0
Igkv6-25,0,0,0,0,0,0
Igkv6-29,1,0,1,0,0,0
Igkv6-32,0,0,0,0,0,1
Igkv7-33,2,2,1,0,2,0
Igkv8-16,0,0,1,0,0,0
Igkv8-18,0,0,0,0,0,0
Igkv8-19,9,10,13,7,21,11
Igkv8-21,8,7,1,6,3,0
Igkv8-22,0,0,0,0,0,1
Igkv8-24,0,0,0,0,0,0
Igkv8-26,0,0,0,0,0,0
Igkv8-27,0,0,1,1,0,0
Igkv8-28,0,2,0,1,0,1
Igkv8-30,0,0,0,0,0,0
Igkv8-31,0,0,0,1,0,0
Igkv8-34,2,0,0,0,0,1
Igkv9-119,0,0,0,0,0,0
Igkv9-120,0,0,0,0,0,0
Igkv9-123,0,0,0,0,0,0
Igkv9-124,0,0,0,0,0,0
Igkv9-128,0,0,0,0,0,0
Igkv9-129,0,0,0,0,0,0
Iglc1,0,0,0,1,0,0
Iglc2,0,0,0,1,0,0
Iglc3,0,0,0,0,0,0
Iglc4,0,0,0,0,0,0
Iglj1,0,0,0,0,0,0
Iglj2,0,0,0,0,0,0
Iglj3,0,0,0,0,0,0
Iglj3p,0,0,0,0,0,0
Iglj4,0,0,0,0,0,0
Igll1,1,0,0,0,0,0
Iglon5,1410,1692,1165,891,1376,1332
Iglv1,0,0,0,24,0,0
Iglv2,0,0,0,0,0,0
Iglv3,0,0,0,0,0,0
Igsf1,87,60,54,19,81,53
Igsf10,97,71,73,42,100,74
Igsf11,2722,3802,3418,1336,2623,3334
Igsf21,1624,2076,1241,807,1269,1338
Igsf23,0,0,1,1,0,0
Igsf3,1001,1169,932,523,968,941
Igsf5,3,4,9,3,4,1
Igsf6,11,27,35,21,40,20
Igsf8,9381,9788,7376,3741,7496,7071
Igsf9,499,463,386,225,360,370
Igsf9b,9110,10208,11176,5292,9369,9793
Igtp,139,123,62,86,158,78
Ihh,8,5,13,5,6,5
Iigp1,4,10,6,8,36,6
Ik,1204,1194,1036,610,1001,933
Ikbip,717,808,475,261,612,512
Ikbkap,2880,2613,2546,1315,2320,2179
Ikbkb,3322,4148,4043,1971,3678,3446
Ikbke,48,69,49,35,63,35
Ikbkg,646,757,574,351,519,512
Ikzf1,119,180,237,143,367,141
Ikzf2,1018,1338,950,508,985,1199
Ikzf3,19,23,16,11,11,19
Ikzf4,900,787,736,503,671,645
Ikzf5,890,1080,845,531,779,818
Il10,0,0,0,0,2,0
Il10ra,313,460,517,277,726,334
Il10rb,109,146,141,94,210,95
Il11,12,8,7,7,10,8
Il11ra1,492,621,455,370,514,431
Il11ra2,1,0,0,0,0,0
Il11ra2-1,0,0,0,1,0,0
Il11ra2-2,0,0,0,1,1,1
Il12a,152,145,92,85,101,111
Il12b,1,0,0,0,9,0
Il12rb1,13,20,23,5,19,31
Il12rb2,6,12,9,9,15,9
Il13,0,0,0,0,0,0
Il13ra1,99,108,88,36,161,92
Il13ra2,1,4,1,0,5,1
Il15,86,125,112,61,166,58
Il15ra,759,862,772,326,628,650
Il16,89,94,96,50,144,116
Il17a,0,0,0,0,0,0
Il17b,3,9,5,2,5,2
Il17c,3,3,2,0,2,1
Il17d,259,318,178,134,179,212
Il17f,0,2,0,0,0,0
Il17ra,916,1082,947,447,947,923
Il17rb,73,73,59,48,68,55
Il17rc,88,116,69,34,69,76
Il17rd,196,254,138,83,184,170
Il17re,230,189,118,91,173,112
Il18,783,1202,515,348,809,834
Il18bp,553,609,836,308,612,546
Il18r1,2,3,3,1,6,2
Il18rap,2,2,6,8,6,3
Il19,0,0,0,0,0,0
Il1a,20,32,20,17,45,17
Il1b,4,5,11,4,12,1
Il1bos,5,4,8,2,7,1
Il1f10,0,0,0,0,0,0
Il1f5,4,6,1,1,4,1
Il1f6,0,0,0,0,0,0
Il1f8,0,0,0,0,0,0
Il1f9,1,0,0,1,0,1
Il1r1,95,119,88,62,90,85
Il1r2,8,11,10,7,4,11
Il1rap,5104,5835,4573,2875,4366,4170
Il1rapl1,7809,7735,6063,3366,4800,5740
Il1rapl2,981,1137,1009,503,903,940
Il1rl1,4,7,8,9,18,2
Il1rl2,63,84,73,34,92,85
Il1rn,0,0,0,0,0,0
Il2,1,0,1,0,0,2
Il20,0,0,0,0,0,0
Il20ra,100,130,85,36,74,124
Il20rb,40,21,34,21,17,30
Il21,1,2,0,0,0,0
Il21r,96,117,150,87,224,93
Il22,3,10,0,4,13,5
Il22ra1,0,0,0,0,0,2
Il22ra2,0,1,0,0,0,0
Il23a,2,2,2,0,1,3
Il23r,1,1,1,0,3,0
Il24,0,0,0,0,0,0
Il25,0,0,2,1,1,0
Il27,3,3,5,4,7,4
Il27ra,27,41,27,15,37,35
Il2ra,1,3,0,2,1,1
Il2rb,5,7,3,5,9,1
Il2rg,7,27,19,18,32,17
Il3,0,0,0,0,0,0
Il31,0,0,0,0,0,0
Il31ra,32,4,16,8,53,18
Il33,884,966,805,427,828,845
Il34,1959,2421,1615,874,1656,1838
Il3ra,115,126,95,93,105,98
Il4,4,3,2,2,3,1
Il4i1,38,57,57,55,77,29
Il4ra,121,139,129,89,173,97
Il5,1,3,4,0,2,2
Il5ra,8,14,12,2,8,8
Il6,8,11,9,2,26,13
Il6ra,152,169,264,108,327,201
Il6st,1505,1781,1498,750,1591,1155
Il7,7,9,17,7,5,16
Il7r,30,36,23,14,32,42
Il9,0,0,0,0,0,0
Il9r,0,0,0,0,1,0
Ildr1,25,25,14,8,11,15
Ildr2,5632,6332,6238,2907,4477,4824
Ilf2,5178,5555,4350,2741,4552,4424
Ilf3,2429,2507,2879,1271,2365,2248
Ilk,1224,1123,796,578,995,1007
Ilkap,2204,2489,1942,1279,2104,2037
Iltifb,7,12,0,2,4,2
Ilvbl,1419,1343,865,671,1157,1090
Immp1l,937,1230,571,412,785,827
Immp2l,1047,1296,706,523,840,938
Immt,4011,4435,3746,1895,3465,3471
Imp3,1699,1881,862,723,1087,1174
Imp4,807,960,640,422,735,776
Impa1,1570,1940,1650,745,1427,1483
Impa2,441,442,257,203,315,288
Impact,3466,3180,2979,1667,2554,2510
Impad1,2648,2666,2115,1148,1986,1869
Impdh1,1361,1091,861,602,881,956
Impdh2,566,649,431,286,497,484
Impg1,68,112,77,26,54,88
Impg2,80,101,114,45,107,89
Ina,3881,5426,3676,1782,3643,3724
Inafm1,1350,1251,781,634,893,823
Inafm2,232,185,196,93,146,137
Inca1,339,414,167,191,283,264
Incenp,555,655,424,300,504,454
Inf2,3893,3787,2770,1657,2875,3603
Ing1,362,403,316,206,300,270
Ing2,1764,2163,1472,962,1251,1362
Ing3,629,774,562,300,596,526
Ing4,4439,4034,3135,2241,3626,3603
Ing5,722,680,638,325,566,477
Inha,1729,1160,1401,691,983,1180
Inhba,638,643,458,391,430,474
Inhbb,151,193,124,59,130,105
Inhbc,0,0,0,0,0,0
Inhbe,24,26,11,10,15,6
Inip,735,961,750,395,699,693
Inmt,7,7,2,4,5,7
Ino80,2798,3025,2776,1681,2533,2274
Ino80b,613,684,339,289,433,467
Ino80c,199,150,102,95,116,139
Ino80d,2142,2254,2688,1073,1919,1888
Ino80dos,786,931,471,412,544,624
Ino80e,878,1123,1003,530,958,844
Inpp1,1708,1856,1432,864,1254,1321
Inpp4a,5815,5852,5393,2798,4526,5089
Inpp4b,2545,3049,2580,1360,2552,2613
Inpp5a,1589,1902,1404,985,1528,1596
Inpp5b,1256,1288,1041,754,977,1055
Inpp5d,443,592,861,432,1229,500
Inpp5e,982,963,763,498,740,807
Inpp5f,2347,2410,2689,1050,2136,2056
Inpp5j,1610,1904,1667,969,1399,1627
Inpp5k,2482,2893,2226,1350,2267,2386
Inppl1,361,391,280,194,321,267
Ins1,0,0,0,0,0,0
Ins2,0,0,1,0,0,2
Insc,373,370,264,192,383,271
Insig1,1933,2928,2142,1247,2510,1707
Insig2,1755,1788,1327,737,1281,1314
Insl3,2,0,5,2,2,1
Insl5,43,41,40,27,26,33
Insl6,10,21,15,6,12,13
Insm1,200,159,121,64,101,94
Insm2,8,5,4,0,1,6
Insr,4454,4880,4734,2154,4007,3978
Insrr,44,29,17,4,21,16
Ints1,2172,2002,1850,1101,1712,1633
Ints10,4254,4563,3706,2339,3726,3956
Ints11,1372,1555,1390,736,1352,1369
Ints12,402,498,345,200,353,335
Ints13,2768,3073,2180,1406,2261,2518
Ints14,1001,1211,781,476,856,845
Ints2,1958,1632,1588,896,1292,1246
Ints3,2826,2903,2437,1600,2609,2458
Ints4,968,1073,924,483,921,913
Ints5,0,0,0,0,0,0
Ints5-1,489,439,269,179,294,301
Ints6,2522,3035,3430,1632,2628,2518
Ints6l,4785,4536,5124,2353,3779,3837
Ints7,2959,3151,2866,1569,2565,2347
Ints8,1985,2355,2292,976,1845,1877
Ints9,933,1040,793,503,762,791
Intu,794,1007,825,395,745,653
Invs,1569,1649,1079,745,1210,1171
Ip6k1,4969,5012,4420,2241,3844,4355
Ip6k2,2161,2356,1889,1138,1774,1832
Ip6k3,6,11,0,4,10,4
Ipcef1,1724,2053,1826,1227,1470,1405
Ipmk,907,1118,1161,412,897,847
Ipo11,1820,1812,1838,1029,1539,1715
Ipo13,1779,1933,1360,988,1607,1652
Ipo4,980,874,928,597,738,791
Ipo5,1771,1921,1802,924,1494,1616
Ipo7,3682,4131,3270,1837,3046,3197
Ipo8,1930,2113,2485,1151,1952,1874
Ipo9,3792,3162,3347,1885,2674,2541
Ipp,385,428,296,170,294,308
Ippk,1557,1773,1565,697,1412,1490
Iqca,4,2,5,1,2,4
Iqcb1,995,1224,1137,570,955,980
Iqcc,1030,1214,832,592,822,908
Iqcd,27,26,10,19,18,18
Iqce,2885,3183,3152,1615,3114,2881
Iqcf1,0,0,0,0,0,0
Iqcf3,0,0,0,1,3,0
Iqcf4,1,0,0,0,0,0
Iqcf5,1,0,1,1,0,1
Iqcf6,0,0,0,0,0,0
Iqcg,143,157,128,64,143,120
Iqch,10,12,9,4,15,9
Iqcj,1707,1993,1613,944,1422,1439
Iqck,514,580,320,344,428,384
Iqcm,12,17,15,10,17,11
Iqgap1,2910,3265,4112,1732,3411,3058
Iqgap2,1287,1359,1064,560,928,1065
Iqgap3,13,6,17,19,26,4
Iqsec1,5477,6220,5645,2858,4833,5409
Iqsec2,3582,4357,3737,2218,3326,2971
Iqsec3,3357,3462,4267,1813,3057,3391
Iqub,136,124,113,53,97,115
Irak1,1688,1603,1642,979,1502,1404
Irak1bp1,1463,1866,1496,755,1192,1350
Irak2,771,1211,788,539,1242,1012
Irak3,96,80,87,49,96,56
Irak4,75,94,77,54,143,64
Ireb2,2440,2512,2607,1361,1880,2042
Irf1,249,245,134,113,186,157
Irf2,2186,2763,3117,1368,2866,2890
Irf2bp1,411,402,250,164,253,237
Irf2bp2,751,1048,900,495,894,843
Irf2bpl,1919,1821,1175,798,1358,1358
Irf3,1565,1951,1346,780,1546,1608
Irf4,5,7,9,5,13,3
Irf5,52,86,123,82,203,62
Irf6,18,17,5,7,9,15
Irf7,24,23,37,45,127,16
Irf8,180,221,379,276,599,157
Irf9,305,334,528,200,437,335
Irgc1,10,13,7,11,18,6
Irgm1,142,175,121,111,207,107
Irgm2,9,30,20,18,51,14
Irgq,614,567,709,268,482,450
Irs1,328,392,341,183,259,313
Irs2,433,444,583,197,434,396
Irs3,6,7,4,0,6,1
Irs4,35,4,18,3,8,17
Irx1,11,11,8,10,13,8
Irx2,5,7,3,1,7,5
Irx3,3,2,2,3,4,0
Irx3os,0,1,0,0,1,2
Irx4,0,0,0,0,0,0
Irx5,4,3,1,3,1,2
Irx6,4,4,5,2,3,0
Isca1,2184,2806,2139,1087,1903,1922
Isca2,4663,4672,3715,2105,3297,3750
Iscu,2252,2452,1460,1064,1733,1713
Isg15,19,18,25,32,56,12
Isg20,5,7,11,6,19,5
Isg20l2,706,697,627,288,553,637
Isl1,424,279,320,120,291,275
Isl2,0,0,0,0,0,1
Islr,120,246,57,55,174,123
Islr2,1508,1681,1189,632,1262,1300
Ism1,191,249,122,108,145,145
Ism2,8,7,8,5,7,2
Isoc1,367,385,302,180,297,244
Isoc2a,82,156,71,66,117,111
Isoc2b,426,461,204,206,317,324
Ispd,988,911,836,461,821,785
Ist1,5141,5096,5338,2473,4638,4440
Isx,0,5,1,2,7,4
Isy1,912,1005,1030,514,1017,971
Isyna1,1509,1339,962,662,1015,1133
Itch,5544,6351,5016,2858,5194,5176
Itfg1,7690,8136,5609,3199,5876,5544
Itfg2,2487,2717,1736,1355,2205,2141
Itga1,92,104,65,57,185,112
Itga10,174,142,146,86,136,169
Itga11,188,202,127,67,143,177
Itga2,4,8,5,4,5,5
Itga2b,187,178,114,80,123,118
Itga3,477,498,451,252,382,382
Itga4,1006,896,781,417,623,657
Itga5,186,192,192,84,156,167
Itga6,629,937,629,504,873,579
Itga7,287,413,307,260,343,321
Itga8,1150,1337,970,639,955,995
Itga9,271,288,261,98,248,219
Itgad,30,53,32,18,38,85
Itgae,18,11,7,6,11,13
Itgal,11,8,14,7,12,8
Itgam,72,79,111,56,163,65
Itgav,3684,4523,3112,1734,3367,3215
Itgax,2,4,85,49,192,2
Itgb1,3695,4566,3267,1910,3476,3521
Itgb1bp1,469,607,560,188,471,508
Itgb1bp2,99,126,114,69,106,97
Itgb2,61,80,123,85,206,65
Itgb2l,0,0,2,0,0,0
Itgb3,182,241,216,160,310,189
Itgb3bp,482,596,333,278,376,412
Itgb4,273,251,222,122,257,219
Itgb5,465,844,710,398,1138,565
Itgb6,2,2,2,0,0,0
Itgb7,17,17,15,5,19,14
Itgb8,2108,2313,1393,787,1622,1451
Itgbl1,185,205,112,72,159,169
Itih1,0,0,0,0,0,0
Itih2,20,46,12,8,27,28
Itih3,322,339,151,113,290,274
Itih4,2,0,2,2,1,1
Itih5,226,312,132,137,368,261
Itk,15,17,21,11,25,15
Itln1,0,0,0,0,0,0
Itm2a,450,596,264,333,620,458
Itm2b,22094,24367,14547,7546,17997,16292
Itm2c,13747,13676,8904,4094,10682,9683
Itpa,959,1086,738,476,797,808
Itpk1,753,884,851,362,747,889
Itpka,4123,4506,3608,1826,2945,3035
Itpkb,322,381,444,225,542,345
Itpkc,351,506,404,173,426,426
Itpr1,12309,12488,11934,5735,9730,10246
Itpr2,489,731,600,315,745,583
Itpr3,57,61,61,41,75,50
Itpr3os,0,0,0,0,0,0
Itpripl1,10,26,31,3,28,19
Itpripl2,28,45,34,32,62,40
Itsn1,2965,3429,3432,1724,2770,2696
Itsn2,4207,4051,4639,2304,4143,3774
Ivd,3875,4424,3005,1836,3581,3473
Ivl,0,0,0,1,0,0
Ivns1abp,5523,4940,5384,2341,4614,4928
Iws1,3444,3585,3502,1722,2833,2796
Iyd,3,8,3,3,5,3
Izumo1,3,1,2,1,1,0
Izumo1r,2,1,1,0,0,0
Izumo2,0,0,0,0,0,0
Izumo3,0,0,0,0,0,0
Izumo4,6268,6809,3565,3582,5746,5262
Jade1,1296,1190,1093,568,963,898
Jade2,1046,1266,1469,550,1038,963
Jade3,683,559,547,399,507,468
Jag1,142,179,140,63,125,102
Jag2,1291,1187,1396,656,989,929
Jagn1,1388,1698,914,516,1077,1136
Jak1,2888,2371,2531,1169,2005,1986
Jak2,1458,1815,1973,809,1341,1654
Jak3,91,91,71,55,91,67
Jakmip1,7229,7660,7118,3973,6465,6315
Jakmip1-1,0,0,0,0,0,0
Jakmip2,5600,6126,3629,2778,4104,4481
Jakmip3,2133,2103,2075,1050,1812,1831
Jam2,662,888,518,324,697,592
Jam3,2549,2859,2033,1398,2442,2381
Jaml,14,14,7,5,10,6
Jarid2,3037,3334,2877,1471,2465,2946
Jazf1,866,988,795,490,678,771
Jcad,1824,1857,1742,880,1247,1252
Jchain,57,44,52,22,21,22
Jdp2,301,410,423,191,268,286
Jhy,16,22,16,3,5,7
Jkamp,2719,2789,1710,1039,1923,2102
Jmjd1c,7859,8471,9329,4282,7217,7489
Jmjd4,499,571,559,260,423,448
Jmjd6,1944,2514,1572,980,2001,2034
Jmjd7,193,212,104,91,162,154
Jmjd8,1110,1105,646,544,854,922
Jmy,1370,1717,1280,717,1134,962
Josd1,1424,1828,1490,658,1179,1308
Josd2,4552,4909,2798,2539,4002,3689
Jph1,3452,3729,2959,1758,2506,2535
Jph2,11,7,6,1,4,3
Jph3,831,721,757,398,493,478
Jph4,8199,7978,7154,3923,7036,6855
Jpt1,2357,2889,1797,1112,1908,2046
Jpt2,132,123,109,66,136,103
Jpx,1096,1260,1041,582,932,906
Jrk,200,270,204,100,189,177
Jrkl,114,93,103,47,85,62
Jsrp1,166,174,64,70,79,82
Jtb,2312,2571,1412,1230,1789,1778
Jun,1419,1356,622,424,844,797
Junb,7575,3194,1599,703,1516,1997
Jund,3792,3634,1875,1463,2128,1897
Junos,100,127,91,57,80,100
Jup,564,641,484,262,469,447
K230010J24Rik,117,142,61,56,85,95
K230015D01Rik,93,121,105,52,88,86
Kalrn,32390,36862,27971,18136,26110,25752
Kank1,375,531,274,220,471,442
Kank2,89,119,47,42,79,100
Kank3,693,804,388,505,510,535
Kank4,128,140,84,62,84,93
Kank4os,3,3,1,0,1,3
Kansl1,4480,5551,4715,2503,4423,4366
Kansl1l,1448,1906,1431,877,1569,1516
Kansl2,2117,2423,2155,1112,2073,2223
Kansl3,2551,2962,2585,1500,2547,2489
Kantr,2292,2676,1711,1137,2000,2127
Kap,0,0,0,0,0,0
Kars,308,313,292,165,250,237
Kat14,421,518,481,273,409,412
Kat2a,1981,1870,1638,1037,1641,1765
Kat2b,556,500,483,299,533,550
Kat5,523,619,466,370,451,471
Kat6a,1479,1563,1545,803,1308,1239
Kat6b,5844,6590,6653,3328,5040,5136
Kat7,1996,2264,1650,1001,1746,1654
Kat8,1110,1437,1018,637,940,1024
Katna1,756,769,692,391,641,714
Katnal1,1847,1946,1577,1028,1484,1423
Katnal2,845,1010,634,373,696,680
Katnb1,1050,1168,922,587,986,1012
Katnbl1,1606,1818,1330,918,1326,1226
Kazald1,225,220,132,132,137,134
Kazn,1236,1319,1317,578,1128,1122
Kbtbd11,2026,1815,1999,854,1337,1521
Kbtbd12,55,39,28,20,29,36
Kbtbd13,7,2,3,4,0,3
Kbtbd2,1076,1386,898,512,886,887
Kbtbd3,699,803,477,441,548,583
Kbtbd4,681,671,433,241,431,478
Kbtbd6,5,10,4,0,1,4
Kbtbd7,280,247,188,96,170,148
Kbtbd8,159,164,145,54,85,125
Kbtbd8os,1,2,1,2,0,1
Kcmf1,896,1105,1079,625,926,825
Kcna1,8034,8599,6780,3674,6785,7446
Kcna10,4,8,4,1,5,4
Kcna2,4147,4070,3943,1943,2956,3062
Kcna3,1479,1470,770,656,989,1061
Kcna4,4485,4167,3527,1559,2781,2992
Kcna5,137,113,101,27,89,113
Kcna6,1853,2083,1558,890,1514,1513
Kcna7,0,0,0,0,2,1
Kcnab1,2664,3239,2567,1323,2326,2444
Kcnab2,1943,2116,2088,1188,1665,1697
Kcnab3,1076,1153,842,607,828,870
Kcnab3os,53,82,31,44,86,48
Kcnb1,7123,6357,7521,3823,5418,5493
Kcnb2,1807,1906,1696,1084,1238,1178
Kcnc1,8214,8815,7966,3995,7129,7187
Kcnc2,2230,2896,2493,1370,1862,2100
Kcnc3,4306,4610,4047,2138,3750,3812
Kcnc4,1142,1131,785,478,757,835
Kcnd1,383,408,259,182,276,336
Kcnd2,3680,3442,2916,1555,2286,2506
Kcnd3,2025,2408,2032,1027,1588,1660
Kcnd3os,42,64,82,28,46,34
Kcne1,3,0,0,0,0,1
Kcne1l,17,21,11,13,29,17
Kcne2,12,8,4,3,8,7
Kcne3,2,3,0,0,0,1
Kcne4,18,30,12,6,25,13
Kcnf1,1881,2053,1329,779,1295,1516
Kcng1,1009,1277,990,430,881,973
Kcng2,224,228,190,106,162,156
Kcng3,246,209,281,92,142,141
Kcng4,42,52,22,15,21,30
Kcnh1,5870,6456,5264,2894,4835,4791
Kcnh2,454,461,418,247,364,354
Kcnh3,2509,2456,2561,1413,1799,1887
Kcnh4,2854,3064,2286,1082,2215,2523
Kcnh5,2575,2911,2354,1394,2094,1975
Kcnh6,274,266,176,115,176,186
Kcnh7,12216,13755,10240,7310,9217,9224
Kcnh8,88,140,87,62,116,114
Kcnip1,2243,2471,1813,1401,2231,2228
Kcnip2,3008,2823,2700,1238,2314,2782
Kcnip3,3000,3187,2307,1505,2501,2733
Kcnip4,31230,35191,23460,17492,25320,25315
Kcnj1,1,0,0,0,0,0
Kcnj10,548,747,409,319,622,542
Kcnj11,527,562,546,245,376,341
Kcnj12,213,227,216,101,162,156
Kcnj13,40,88,27,29,51,63
Kcnj14,18,13,10,6,13,13
Kcnj15,1,1,0,2,0,0
Kcnj16,98,138,69,59,97,76
Kcnj2,954,668,616,344,559,522
Kcnj3,3049,3410,2769,1456,2205,2262
Kcnj4,1586,1428,1283,582,888,832
Kcnj5,22,18,19,10,15,17
Kcnj6,6371,7760,6347,3726,5735,6305
Kcnj8,21,34,25,17,59,31
Kcnj9,5340,4992,4023,2387,3539,3487
Kcnk1,3487,3994,2352,1241,2621,2964
Kcnk10,1012,1368,1014,625,949,991
Kcnk12,873,1042,776,454,718,657
Kcnk13,358,366,348,201,382,307
Kcnk15,12,20,2,2,6,6
Kcnk16,0,0,0,0,0,0
Kcnk18,0,0,2,0,2,0
Kcnk2,3861,4741,2518,1815,2870,3201
Kcnk3,528,580,473,280,420,349
Kcnk4,517,638,435,294,443,442
Kcnk5,37,68,19,14,31,34
Kcnk6,82,103,129,61,131,85
Kcnk7,11,4,2,2,9,4
Kcnk9,4911,5217,6267,2964,4294,4108
Kcnma1,17423,17940,17696,8435,13717,14297
Kcnmb1,5,3,1,1,9,2
Kcnmb2,550,695,491,330,481,472
Kcnmb3,0,0,1,0,0,0
Kcnmb4,1038,1528,1064,582,1032,1134
Kcnmb4os1,4,4,3,3,0,1
Kcnmb4os2,225,335,156,155,169,195
Kcnn1,370,437,271,182,268,270
Kcnn2,4008,5009,3877,2178,3569,4176
Kcnn3,1051,1241,1241,441,964,1085
Kcnn4,7,7,2,6,9,3
Kcnq1,7,6,4,4,5,2
Kcnq1ot1,34338,38440,59722,21087,39854,35550
Kcnq2,10642,11372,11180,6212,9694,9838
Kcnq3,5042,5169,6212,2292,3941,4035
Kcnq4,167,196,167,92,125,143
Kcnq5,11400,13708,7960,5970,8965,9209
Kcnrg,21,25,30,15,22,14
Kcns1,688,626,441,255,460,476
Kcns2,1116,957,782,382,675,723
Kcns3,488,701,464,321,449,466
Kcnt1,5765,5187,4896,2691,4367,4491
Kcnt2,3585,4124,3510,2133,3112,2986
Kcnu1,229,218,141,99,161,182
Kcnv1,4132,3700,2730,1623,2271,2608
Kcnv2,4,4,0,2,1,3
Kcp,75,74,41,34,48,54
Kctd1,1675,1964,2084,822,1585,1702
Kctd10,376,366,303,186,291,299
Kctd11,17,43,16,22,40,25
Kctd12,770,870,828,444,852,547
Kctd12b,26,57,22,11,30,22
Kctd13,3286,3895,3355,1423,3032,3290
Kctd14,31,34,14,19,21,17
Kctd15,109,112,83,68,71,75
Kctd16,1022,1110,1014,493,696,818
Kctd17,6426,6060,3675,2639,3830,4452
Kctd18,1556,1225,1114,598,904,923
Kctd19,0,0,1,0,1,0
Kctd2,418,479,392,320,353,312
Kctd20,1143,1282,1251,583,987,936
Kctd21,96,124,95,39,83,88
Kctd3,2409,2807,2755,1284,2421,2416
Kctd4,1370,1450,903,605,1030,1173
Kctd5,1056,1349,574,531,782,902
Kctd6,1016,1313,1022,605,708,885
Kctd7,264,283,250,97,176,184
Kctd8,418,454,389,162,369,387
Kctd9,398,448,442,198,387,326
Kdelc1,867,997,661,442,744,708
Kdelc2,259,306,211,113,241,183
Kdelr1,2659,2875,1626,981,2037,1988
Kdelr2,708,771,450,251,601,598
Kdelr3,11,11,2,5,10,5
Kdf1,4,4,3,0,3,6
Kdm1a,1096,1330,1189,689,964,901
Kdm1b,662,662,560,275,527,526
Kdm2a,3505,4381,4195,1792,3673,3186
Kdm2b,1569,1631,1419,910,1484,1357
Kdm3a,2642,3038,2844,1291,2498,2519
Kdm3b,3361,3475,3341,1810,2978,2699
Kdm4a,1164,1142,1000,531,925,882
Kdm4b,3652,3953,3663,1638,3033,3300
Kdm4c,3371,3705,2739,1710,2652,2955
Kdm4d,381,425,169,162,239,274
Kdm5a,3325,3217,3207,1657,2618,2585
Kdm5b,4246,4260,4674,2023,3386,3489
Kdm5c,2048,2058,1966,1030,1901,1853
Kdm5d,3459,3668,3186,1698,2925,3103
Kdm6a,2666,2947,2800,1431,2274,2172
Kdm6b,979,1256,1578,528,1448,1176
Kdm6bos,13,13,3,1,4,4
Kdm7a,3071,3666,3940,1577,3209,3231
Kdm8,517,572,294,268,365,320
Kdr,71,79,51,91,121,55
Kdsr,2808,2614,2191,1173,2040,1999
Keap1,1919,1698,1299,884,1356,1220
Keg1,0,0,0,0,0,0
Kel,0,0,1,0,1,3
Kera,4,0,0,1,1,1
Khdc1a,0,0,1,0,0,0
Khdc1b,3,4,1,2,2,0
Khdc1c,0,0,0,0,0,0
Khdc3,44,65,56,38,70,43
Khdrbs1,3132,3525,3484,1535,2808,2765
Khdrbs2,6426,7827,5777,3769,5405,6103
Khdrbs3,2328,3061,2479,1750,2267,2419
Khk,320,325,190,170,299,211
Khnyn,701,852,571,402,623,575
Khsrp,926,888,1012,508,800,896
Kidins220,11313,10674,10610,4977,9158,9158
Kif11,32,43,43,23,31,48
Kif12,0,0,0,0,0,0
Kif13a,1520,1647,1470,839,1176,1225
Kif13b,4211,4570,4750,2133,4282,4022
Kif14,23,11,17,5,16,13
Kif15,38,50,39,38,66,40
Kif16b,863,844,1032,523,782,666
Kif16bos,22,18,3,15,14,14
Kif17,1934,2091,1785,911,1713,1861
Kif18a,91,96,89,37,95,80
Kif18b,2,1,6,2,7,3
Kif19a,84,90,61,40,91,85
Kif1a,9939,7052,8769,4304,6464,6672
Kif1b,18187,16032,18062,8109,13621,13998
Kif1bp,2049,2093,1763,932,1478,1468
Kif1c,648,736,796,450,617,606
Kif20a,29,34,19,31,27,32
Kif20b,49,58,48,26,55,50
Kif21a,18676,18575,15292,8748,15445,16078
Kif21b,3688,3515,4104,2104,3278,3063
Kif22,243,216,89,168,161,193
Kif23,142,130,130,80,113,121
Kif24,121,130,108,84,102,83
Kif26a,134,99,92,75,101,110
Kif26b,612,663,650,253,540,557
Kif27,309,413,206,152,255,220
Kif28,1,5,8,4,5,5
Kif2a,1614,1842,1857,1238,1319,1449
Kif2b,0,0,0,0,0,0
Kif2c,1,4,3,1,9,1
Kif3a,7034,6890,5916,3329,6383,6127
Kif3b,1690,1697,1634,888,1363,1308
Kif3c,2071,2020,2081,1013,1670,1649
Kif4,8,11,6,9,18,6
Kif5a,6538,6226,6874,3528,5706,5215
Kif5b,6423,6930,5510,3466,5608,5511
Kif5c,10075,8489,9326,4268,7380,7740
Kif6,306,298,225,160,258,308
Kif7,55,50,45,30,57,50
Kif9,302,334,247,174,262,262
Kifap3,9337,8355,6874,3875,6720,6899
Kifc1,123,159,128,61,112,109
Kifc2,6819,5826,5759,3567,4912,5110
Kifc3,826,913,754,465,792,810
Kifc5b,542,618,386,264,499,482
Kin,798,974,562,399,744,735
Kir3dl1,0,0,0,0,0,0
Kir3dl2,12,11,5,4,9,10
Kirrel,265,262,288,163,312,248
Kirrel2,73,135,35,21,64,98
Kirrel3,9225,9831,6635,4792,7662,8229
Kirrel3os,8,16,7,5,11,8
Kiss1,4,5,2,2,0,2
Kiss1-1,0,0,0,0,0,0
Kiss1r,459,409,375,200,286,332
Kit,1418,1504,1355,659,1264,1338
Kitl,1775,2128,1525,751,1445,1583
Kiz,1006,1160,711,487,875,794
Kl,99,74,68,31,80,67
Klb,10,11,7,4,10,5
Klc1,6793,6402,5011,3406,5054,5557
Klc2,4771,4680,3854,2514,3886,3658
Klc3,29,58,15,14,18,27
Klc4,371,365,332,214,319,290
Klf1,9,8,5,3,6,3
Klf10,298,477,315,153,288,344
Klf11,250,267,199,110,173,134
Klf12,1800,2398,1858,1001,1704,1734
Klf13,2239,2818,2750,1483,2276,2173
Klf14,3,3,3,1,1,1
Klf15,408,605,478,177,481,537
Klf16,356,399,242,141,234,249
Klf17,0,0,0,0,0,0
Klf2,122,259,101,95,334,230
Klf3,1331,1658,1221,705,1363,1097
Klf4,23,68,32,38,81,58
Klf5,846,860,680,370,635,657
Klf6,2021,1790,1179,1086,1411,1193
Klf7,4140,3908,3123,2153,3027,2838
Klf8,424,456,361,220,363,311
Klf9,3118,4570,3231,1727,3328,3570
Klhdc1,2938,3173,1629,1322,1919,2192
Klhdc10,2611,2787,2901,1458,2504,2418
Klhdc2,3596,3929,3121,1868,2936,2836
Klhdc3,1860,2037,1772,1016,1640,1616
Klhdc4,990,1111,906,537,876,983
Klhdc7a,69,105,35,28,58,75
Klhdc7b,20,15,8,10,9,8
Klhdc8a,216,253,154,132,170,152
Klhdc8b,1033,1012,780,499,811,795
Klhdc9,571,476,215,269,232,251
Klhl1,479,460,319,192,371,445
Klhl10,19,21,13,11,15,11
Klhl11,1387,1282,1067,588,849,895
Klhl12,3086,3384,2607,1337,2468,2513
Klhl13,895,874,655,288,677,724
Klhl14,57,59,36,21,25,34
Klhl15,1239,1528,1301,614,997,1195
Klhl18,1661,1916,1522,780,1589,1497
Klhl2,3678,4386,3717,2090,3638,3577
Klhl20,1198,1368,1207,652,1040,1072
Klhl21,555,468,362,203,317,371
Klhl22,1910,2036,1439,1070,1512,1470
Klhl23,1331,1195,788,617,718,733
Klhl24,5785,6904,4546,2782,4621,4463
Klhl25,86,131,87,43,98,90
Klhl26,756,798,678,357,587,603
Klhl28,1302,1859,1618,795,1352,1401
Klhl29,6036,7948,5758,3702,5750,5654
Klhl3,2773,2430,3240,1342,2186,2591
Klhl30,1,1,0,2,3,2
Klhl31,82,93,40,43,31,23
Klhl32,2619,3175,2608,1570,2375,2528
Klhl33,1333,1582,867,642,983,1144
Klhl34,28,27,17,14,17,12
Klhl35,92,82,44,50,69,44
Klhl36,377,313,186,137,206,214
Klhl38,64,42,24,40,28,37
Klhl4,405,417,302,175,321,325
Klhl40,160,220,105,96,126,112
Klhl41,25,24,18,8,23,18
Klhl42,554,542,535,231,385,428
Klhl5,1248,1514,1059,669,1128,1067
Klhl6,28,43,106,94,181,28
Klhl7,5532,5046,4218,2479,3955,3807
Klhl8,964,1163,982,519,932,914
Klhl9,1485,1334,1157,533,885,861
Klk1,1,0,0,0,0,1
Klk10,1,1,2,1,1,0
Klk11,1,0,0,0,0,1
Klk12,0,0,0,1,0,0
Klk13,0,0,1,0,0,0
Klk14,0,0,0,0,0,0
Klk15,0,0,0,0,0,0
Klk1b1,0,0,0,0,0,0
Klk1b11,0,0,0,0,0,0
Klk1b16,0,0,0,0,0,0
Klk1b21,0,0,0,0,0,0
Klk1b22,0,0,0,0,0,0
Klk1b24,0,1,0,0,0,0
Klk1b26,0,0,0,0,0,0
Klk1b27,0,0,0,0,0,0
Klk1b3,0,0,0,1,0,1
Klk1b4,1,0,0,0,0,0
Klk1b5,0,0,0,0,0,0
Klk1b8,0,0,0,0,0,0
Klk1b9,0,0,0,0,0,0
Klk4,0,0,0,0,0,0
Klk5,0,0,0,0,0,0
Klk6,146,132,125,57,155,89
Klk7,0,1,0,1,0,2
Klk8,20,29,23,14,29,23
Klk9,1,1,2,3,2,2
Klkb1,3,2,1,2,2,1
Klra1,0,0,0,0,0,0
Klra10,0,0,0,0,0,0
Klra17,0,0,0,0,0,0
Klra2,9,7,9,6,12,8
Klra3,0,1,0,0,0,0
Klra4,0,0,0,0,1,1
Klra5,0,0,0,1,0,0
Klra6,0,0,0,0,0,0
Klra7,0,2,0,0,0,0
Klra8,0,0,0,0,0,0
Klra9,0,0,4,0,0,1
Klrb1,0,0,0,0,1,0
Klrb1a,1,4,4,3,2,1
Klrb1b,0,1,0,0,3,0
Klrb1c,10,2,4,3,1,0
Klrb1f,2,1,2,0,1,0
Klrc1,3,4,2,1,1,0
Klrc2,1,3,2,1,0,0
Klrc3,0,0,0,0,0,0
Klrd1,6,10,4,2,0,0
Klre1,0,2,4,1,2,4
Klrg1,5,4,6,1,2,1
Klrg2,15,18,16,6,19,16
Klri1,1,3,1,0,0,1
Klri2,1,1,2,0,0,0
Klrk1,5,7,2,7,7,0
Kmo,5,2,1,2,2,2
Kmt2a,15360,13080,18660,6926,11966,11112
Kmt2b,1763,1410,1763,890,1285,1212
Kmt2c,6419,6343,6929,3269,5602,5236
Kmt2d,1899,1601,2237,957,1522,1499
Kmt2e,13103,13903,12610,6609,12033,11754
Kmt5a,1384,1645,1323,824,1112,1169
Kmt5b,3133,3753,3495,1641,2738,2480
Kmt5c,699,844,669,389,736,696
Kncn,6,11,8,4,9,5
Kndc1,2930,2734,3043,1488,2580,2689
Kng1,0,0,0,0,0,0
Kng2,2,1,0,0,0,0
Knl1,24,31,28,17,46,27
Knop1,2051,2032,1538,955,1647,1611
Knstrn,53,60,53,34,40,45
Kntc1,40,37,28,17,36,31
Kpna1,6073,4935,5008,2388,3823,3762
Kpna2,279,278,241,121,212,197
Kpna3,1620,1720,1419,829,1303,1296
Kpna4,2350,3410,2090,1454,2394,2003
Kpna6,1706,1662,1740,856,1293,1262
Kpna7,0,3,0,1,0,1
Kpnb1,4180,3807,3828,1658,2774,2858
Kprp,0,0,0,0,0,0
Kptn,2399,2421,1481,1302,2028,1778
Kras,2028,2161,1969,1138,1794,1778
Krba1,3618,3707,3765,1903,3045,2990
Krcc1,1190,1529,814,643,1171,945
Kremen1,482,635,547,285,429,491
Kremen2,47,60,28,39,50,46
Kri1,2451,2588,1985,1481,2185,2141
Krit1,13175,16338,12071,7142,12310,13054
Krr1,763,865,819,404,678,678
Krt1,73,51,35,19,42,36
Krt10,1036,1128,518,562,663,786
Krt12,788,696,299,435,460,420
Krt13,1,0,0,0,0,0
Krt14,1,0,0,0,0,0
Krt15,1,1,0,0,0,0
Krt16,1,0,0,1,1,0
Krt17,1,4,1,1,4,6
Krt18,1,1,2,0,3,2
Krt19,1,1,1,2,2,0
Krt2,11,11,4,0,2,5
Krt20,27,41,7,12,12,21
Krt222,995,959,729,549,648,665
Krt23,3,0,2,0,1,0
Krt24,0,1,0,2,3,0
Krt25,1,2,1,0,0,1
Krt26,2,5,1,3,0,3
Krt27,0,0,0,0,1,0
Krt28,0,3,1,0,3,2
Krt31,0,0,0,0,0,0
Krt32,0,0,0,0,0,0
Krt33a,0,0,0,0,0,1
Krt33b,1,0,0,0,0,1
Krt34,0,0,0,0,0,1
Krt35,0,0,0,0,0,0
Krt36,0,0,0,0,0,0
Krt39,0,0,0,0,0,0
Krt4,0,0,0,0,0,0
Krt40,0,2,0,0,0,0
Krt42,1,0,0,0,0,1
Krt5,0,0,0,0,0,0
Krt6a,0,0,0,0,0,0
Krt6b,0,0,0,0,0,0
Krt7,8,8,6,2,9,7
Krt71,0,0,0,0,0,0
Krt72,0,0,0,0,0,0
Krt73,10,7,5,12,5,5
Krt75,0,2,0,0,0,0
Krt76,0,0,0,0,0,0
Krt77,201,166,165,86,103,145
Krt78,0,0,0,0,0,0
Krt79,1,1,1,1,1,0
Krt8,0,0,1,3,1,0
Krt80,51,88,73,42,70,72
Krt81,0,0,0,0,0,0
Krt82,0,0,0,0,0,0
Krt83,0,0,1,0,0,0
Krt84,0,1,0,0,0,0
Krt86,0,0,2,2,1,0
Krt87,0,2,0,0,1,0
Krt88,1,0,0,0,0,0
Krt9,160,105,102,66,107,109
Krt90,0,0,0,0,0,0
Krtap1-3,0,0,0,0,1,0
Krtap1-4,0,0,0,0,0,0
Krtap1-5,0,0,0,0,0,0
Krtap10-10,2,1,0,0,1,0
Krtap10-4,0,0,0,0,0,0
Krtap11-1,0,0,0,0,0,0
Krtap12-1,5,7,4,3,5,4
Krtap13,0,0,0,0,0,0
Krtap13-1,0,0,0,0,0,0
Krtap14,0,0,0,1,0,0
Krtap15,0,0,0,0,0,0
Krtap16-1,4,1,0,2,1,1
Krtap16-3,0,0,0,0,0,0
Krtap17-1,1,3,0,1,0,2
Krtap19-1,0,0,0,0,0,0
Krtap19-2,0,0,0,0,0,0
Krtap19-3,0,0,0,0,0,0
Krtap19-4,0,0,0,0,0,0
Krtap19-5,0,0,0,0,0,0
Krtap19-9b,0,0,0,0,0,0
Krtap2-4,0,0,0,0,0,0
Krtap20-2,0,0,0,0,0,0
Krtap21-1,0,0,0,0,1,0
Krtap22-2,0,0,0,0,0,0
Krtap24-1,0,0,0,0,0,0
Krtap26-1,0,0,0,0,0,0
Krtap27-1,0,0,0,0,0,0
Krtap28-10,1,0,0,0,0,1
Krtap28-13,1,1,0,0,0,0
Krtap29-1,0,0,0,0,0,0
Krtap3-1,0,0,0,0,0,0
Krtap3-2,0,0,0,0,0,0
Krtap3-3,0,1,0,0,0,0
Krtap31-1,0,0,0,0,0,0
Krtap31-2,0,0,0,0,0,0
Krtap4-1,0,1,0,0,0,0
Krtap4-13,0,0,0,0,0,0
Krtap4-16,0,0,0,0,0,0
Krtap4-2,0,1,0,0,0,0
Krtap4-6,0,0,0,0,0,0
Krtap4-7,0,0,0,0,0,0
Krtap4-8,0,0,0,0,0,0
Krtap4-9,0,0,0,0,0,0
Krtap5-1,0,1,0,0,0,0
Krtap5-2,1,0,2,1,1,1
Krtap5-3,0,0,2,0,2,0
Krtap5-4,0,0,0,0,0,0
Krtap5-5,0,0,0,0,1,0
Krtap6-1,0,0,0,0,0,0
Krtap6-2,1,0,0,0,0,0
Krtap6-3,0,0,0,0,0,0
Krtap6-5,0,0,0,0,0,0
Krtap7-1,0,0,1,0,0,0
Krtap8-1,0,0,0,0,1,0
Krtap9-1,0,0,0,0,0,0
Krtap9-3,0,0,0,0,0,0
Krtap9-5,0,0,0,0,0,0
Krtcap2,1631,1870,1114,693,1368,1315
Krtcap3,111,106,79,59,94,98
Krtdap,0,0,0,0,0,0
Ksr1,802,998,961,538,798,783
Ksr2,5823,6540,5070,2835,4875,4980
Kti12,682,737,402,313,426,503
Ktn1,10229,9036,8506,4979,8712,8614
Kxd1,975,1165,712,530,844,836
Ky,190,241,91,66,129,135
Kyat1,322,384,287,212,309,322
Kyat3,220,250,168,106,184,185
Kynu,5,6,16,11,33,7
L1cam,5843,5134,4755,2457,4434,4415
L1td1,1,1,3,0,3,0
L2hgdh,610,743,620,324,549,510
L3hypdh,382,385,174,163,238,196
L3mbtl1,859,1123,1113,513,937,887
L3mbtl2,861,833,772,371,693,604
L3mbtl3,697,698,610,317,553,594
L3mbtl4,165,215,157,101,175,187
Lacc1,513,458,405,304,455,256
Lactb,2643,2329,1675,1002,1619,1715
Lactb2,2582,3040,2421,1367,2534,2338
Lactbl1,16,12,9,9,14,13
Lad1,31,41,17,14,29,27
Lag3,66,110,154,114,289,66
Lage3,2423,2518,1297,1261,1767,1704
Lair1,540,680,941,612,1314,472
Lalba,1,0,0,0,0,0
Lama1,123,122,89,49,136,146
Lama2,510,670,356,239,491,528
Lama3,290,423,289,179,254,259
Lama4,596,711,518,367,501,423
Lama5,118,173,84,79,106,97
Lamb1,768,709,691,323,568,567
Lamb2,107,168,57,56,138,132
Lamb3,66,56,45,20,49,35
Lamc1,1377,1504,1636,816,1616,1505
Lamc2,586,631,414,234,370,390
Lamc3,43,36,27,17,50,43
Lamp1,7674,8704,5795,3052,7132,6124
Lamp2,3816,4403,3916,1882,4100,3346
Lamp3,1,0,0,0,0,1
Lamp5,5545,4984,3996,2202,3732,3778
Lamtor1,1178,1192,795,629,888,868
Lamtor2,1709,1845,1132,779,1250,1268
Lamtor3,2347,2529,1860,1068,1874,1891
Lamtor4,4503,4303,2445,2219,2996,3427
Lamtor5,641,645,403,285,446,438
Lancl1,6894,7318,4215,3424,4954,5027
Lancl2,755,819,565,378,497,514
Lancl3,204,265,199,117,196,183
Lao1,0,1,0,0,0,1
Lap3,745,912,524,351,809,617
Laptm4a,7381,8545,4811,3187,6312,5714
Laptm4b,2291,2445,1664,773,1870,1772
Laptm5,501,627,1010,520,1733,428
Large1,9767,12684,9367,5420,9194,9333
Large2,18,18,7,6,23,18
Larp1,1461,1667,1773,1011,1429,1267
Larp1b,797,924,1011,500,761,682
Larp4,2562,2717,2968,1414,2369,2203
Larp4b,3609,3822,3502,2056,3257,3060
Larp6,1229,1248,861,558,863,841
Larp7,429,516,358,226,352,328
Lars,3788,4119,3046,2084,3249,3181
Lars2,6337,6805,5361,5645,5929,5456
Las1l,3545,3459,3252,1877,2856,2594
Lasp1,1455,1448,1131,663,1110,1105
Lat,91,87,68,58,99,93
Lat2,78,94,133,101,237,96
Lats1,1554,1815,1650,850,1432,1439
Lats2,180,262,195,112,226,212
Lax1,9,20,15,5,18,20
Layn,67,98,91,45,147,122
Lbh,379,485,405,194,391,357
Lbhd1,33,30,34,12,29,23
Lbhd1-1,0,0,0,0,0,0
Lbhd2,22,14,10,6,16,17
Lbp,39,66,12,8,33,33
Lbr,1176,1458,1231,706,1208,1153
Lbx1,1,0,1,0,1,0
Lbx2,6,3,7,0,6,5
Lca5,916,952,823,515,746,716
Lca5l,186,134,127,95,125,100
Lcat,144,299,40,95,213,142
Lce1a1,0,0,0,0,0,0
Lce1a2,0,0,0,0,0,0
Lce1b,0,0,0,0,0,0
Lce1c,0,0,0,0,0,0
Lce1d,0,0,0,0,0,0
Lce1e,0,0,0,0,0,0
Lce1f,0,0,0,0,0,0
Lce1g,0,0,0,0,0,0
Lce1h,0,0,0,0,0,0
Lce1i,0,1,0,0,0,0
Lce1j,0,0,0,0,0,0
Lce1k,0,0,0,0,0,0
Lce1l,0,0,0,0,0,0
Lce1m,0,0,0,0,0,0
Lce3a,0,0,0,0,0,0
Lce3b,0,0,0,0,0,0
Lce3c,1,0,0,0,0,0
Lce3d,0,0,0,0,0,0
Lce3e,0,0,0,0,0,0
Lce3f,2,1,0,0,3,0
Lce6a,0,0,0,0,0,0
Lck,65,49,43,32,58,43
Lclat1,2546,3027,2550,1169,2200,2353
Lcmt1,1625,1903,1450,789,1434,1539
Lcmt2,761,790,430,300,551,541
Lcn10,0,0,0,0,0,0
Lcn11,0,0,0,0,0,0
Lcn12,0,0,0,0,0,0
Lcn2,3,1,3,1,1,0
Lcn3,0,0,1,0,0,0
Lcn4,0,0,0,0,0,0
Lcn5,0,0,0,0,0,0
Lcn6,0,0,0,0,0,0
Lcn8,0,0,0,0,0,0
Lcn9,0,0,0,0,2,2
Lcor,2911,3568,3326,1614,2844,2874
Lcorl,2601,2556,3289,1356,2482,2363
Lcp1,275,306,324,234,440,206
Lcp2,82,121,148,76,206,77
Lct,12,8,7,7,4,6
Lctl,33,27,37,15,42,29
Ldah,2226,2503,1790,1174,1934,1994
Ldb1,1722,1844,1738,948,1558,1509
Ldb2,3024,3920,2652,1618,2707,2858
Ldb3,236,158,198,95,146,154
Ldha,2281,2669,1655,962,1682,1816
Ldhal6b,16,14,21,9,14,15
Ldhb,4571,5136,2957,2103,3158,3480
Ldhc,1,0,0,0,2,1
Ldhd,491,463,344,286,377,338
Ldlr,1422,1805,1699,967,2217,1252
Ldlrad1,1,0,0,0,0,0
Ldlrad2,0,0,0,0,1,0
Ldlrad3,1360,1605,1012,781,1242,1103
Ldlrad4,579,979,830,470,602,616
Ldlrap1,112,138,110,59,149,101
Ldoc1,21,11,11,13,11,10
Leap2,4,3,2,3,7,4
Lect2,0,0,0,0,0,0
Lef1,51,79,50,67,100,56
Lefty1,20,24,6,18,14,15
Lefty2,9,7,3,7,5,3
Lekr1,2029,2400,1848,1061,1705,1749
Lelp1,0,0,0,0,0,0
Lemd1,244,222,239,162,177,161
Lemd2,866,912,726,465,653,654
Lemd3,795,847,897,415,698,745
Lenep,2,4,3,1,3,2
Leng1,361,356,225,155,260,264
Leng8,16219,15620,12632,9756,13222,13938
Leng9,747,855,411,316,568,512
Leo1,461,475,421,269,415,387
Lep,1,0,2,0,0,0
Lepr,194,178,204,95,161,100
Leprot,1077,981,743,433,750,694
Leprotl1,2652,2750,1994,950,1847,1831
Letm1,2016,1958,1761,858,1487,1448
Letm2,6253,7097,4243,3049,4941,5163
Letmd1,3166,3400,2240,1556,2623,2574
Lexm,4,2,1,3,3,4
Lfng,243,447,110,90,258,319
Lgals1,94,123,47,59,78,69
Lgals12,62,74,65,25,53,45
Lgals2,2,0,3,1,2,0
Lgals3,4,4,8,6,7,0
Lgals3bp,173,213,258,194,521,190
Lgals4,60,66,58,32,65,63
Lgals7,4,8,3,7,8,11
Lgals8,1236,1143,1020,598,1016,902
Lgals9,48,99,83,57,167,44
Lgalsl,1548,1687,1046,740,1062,1055
Lgi1,6419,7774,5654,3119,5183,5666
Lgi2,1338,1495,1260,543,1016,817
Lgi3,3476,3666,3078,1601,3131,2979
Lgi4,229,397,194,139,273,237
Lgmn,3040,3527,2509,1354,3519,2513
Lgr4,430,507,491,261,368,340
Lgr5,412,645,337,400,336,418
Lgr6,82,263,41,154,60,80
Lgsn,1,0,0,0,1,0
Lhb,0,2,1,0,1,1
Lhcgr,23,29,8,8,12,16
Lhfp,1232,1647,1237,781,1126,1266
Lhfpl1,7,5,3,0,2,1
Lhfpl2,257,326,334,216,460,247
Lhfpl3,4189,4459,2895,1870,3919,3411
Lhfpl4,2098,2076,1881,869,1569,1630
Lhfpl5,175,148,143,58,167,133
Lhpp,157,186,124,90,129,142
Lhx1,10,1,3,2,3,1
Lhx1os,1,2,0,2,3,3
Lhx2,579,799,464,357,485,495
Lhx3,3,7,2,1,1,3
Lhx4,0,1,1,0,0,0
Lhx5,21,6,12,4,13,5
Lhx6,304,330,366,166,304,288
Lhx8,110,43,103,5,64,71
Lhx9,50,30,33,12,19,38
Lias,2294,2690,1816,1278,1938,1906
Lif,4,7,2,3,4,3
Lifr,1522,1741,1547,732,1244,1329
Lig1,292,297,267,183,256,248
Lig3,1563,1614,1612,822,1284,1335
Lig4,262,197,150,101,134,152
Lilr4b,2,7,17,14,24,2
Lilra5,7,15,3,8,19,13
Lilra6,1,1,0,1,0,3
Lilrb4a,18,7,197,125,257,12
Lim2,0,1,0,0,0,0
Lima1,698,813,548,435,728,617
Limch1,6393,6528,5679,3195,5432,5451
Limd1,437,479,383,228,479,339
Limd2,949,934,581,397,611,704
Lime1,152,155,164,80,117,119
Limk1,1522,1615,1675,1025,1737,1435
Limk2,3871,3981,3040,2049,3184,3219
Lims1,1834,2103,1521,1156,1771,1766
Lims2,162,174,90,77,156,132
Lin28a,0,1,0,0,0,0
Lin28b,959,1069,1077,506,756,836
Lin37,1500,1517,1020,774,1131,1314
Lin52,337,353,313,185,224,278
Lin54,850,1042,872,469,755,713
Lin7a,2934,3288,2210,1476,2312,2792
Lin7b,4535,5345,2527,2694,3242,3341
Lin7c,1430,1587,1169,724,1233,1222
Lin9,175,191,197,92,174,164
Lingo1,7469,7889,6126,3404,5528,5682
Lingo2,15373,16844,11864,7960,12149,13089
Lingo3,1276,1073,883,340,673,889
Lingo4,29,41,18,17,39,28
Lins1,713,859,792,389,683,643
Lipa,830,934,687,388,823,694
Lipc,2,2,0,0,2,4
Lipe,334,402,320,165,374,336
Lipf,0,0,0,0,0,0
Lipg,134,168,130,67,128,126
Liph,51,77,58,50,79,39
Lipi,0,0,0,0,1,0
Lipk,0,0,1,0,0,0
Lipm,6,9,4,4,3,9
Lipn,0,0,0,0,0,0
Lipo1,0,0,0,1,1,1
Lipo2,14,9,4,3,5,6
Lipo3,204,272,164,104,162,142
Lipo4,1,3,0,0,2,0
Lipo5,0,1,0,0,0,0
Lipt1,119,108,55,51,63,75
Lipt2,166,192,80,81,107,91
Litaf,1802,2083,1568,1056,2047,1509
Lix1,1115,1397,607,700,789,765
Lix1l,250,397,246,145,273,263
Lkaaear1,0,0,0,0,0,0
Llcfc1,0,0,0,0,0,0
Llgl1,1790,1967,1277,858,1483,1616
Llgl2,122,132,81,34,84,84
Llph,970,1104,725,593,763,797
Lman1,3472,3672,2129,1449,2513,2470
Lman1l,2,5,0,0,1,1
Lman2,1450,1642,1309,654,1268,1256
Lman2l,2873,3545,2638,1532,2696,2995
Lmbr1,2251,2321,2081,1080,1839,1880
Lmbr1l,774,954,806,422,852,830
Lmbrd1,8941,9108,7262,3848,6887,7034
Lmbrd2,4025,3780,3463,1571,2828,2888
Lmcd1,49,66,26,33,39,36
Lmf1,1374,1657,1280,693,1281,1229
Lmf2,455,509,334,222,437,400
Lmln,893,925,795,400,731,682
Lmna,1613,1966,1595,973,1788,1727
Lmnb1,744,784,546,415,637,612
Lmnb2,827,655,643,351,592,644
Lmntd1,28,68,29,19,36,34
Lmntd2,4,1,1,3,5,2
Lmo1,127,159,78,73,98,99
Lmo2,622,695,495,285,658,425
Lmo3,2028,2061,1388,809,1326,1475
Lmo4,6931,7019,4363,4125,4869,4913
Lmo7,5760,5773,5544,2370,4480,4947
Lmod1,6,9,2,1,8,10
Lmod2,0,0,0,0,1,0
Lmod3,2,3,3,0,1,3
Lmtk2,7779,8739,6388,3568,5817,5955
Lmtk3,5668,4947,4867,2481,4259,4424
Lmx1a,0,1,0,0,0,0
Lmx1b,4,4,1,0,2,1
Lncbate1,2,1,0,1,0,2
Lncenc1,6,9,15,5,5,7
Lncpint,6302,8807,11891,3547,8687,9120
Lnp1,27,28,12,4,13,11
Lnpep,7548,7476,6708,3248,5573,5777
Lnpk,8740,9060,6312,4671,6904,6666
Lnx1,1838,1934,1445,873,1320,1415
Lnx2,221,269,240,117,247,211
Lockd,2,8,8,11,13,4
Lonp1,1871,1934,1525,968,1377,1409
Lonp2,3658,4373,3869,1733,3650,3921
Lonrf1,2243,3089,2102,1155,2433,2386
Lonrf2,2766,2826,2358,1222,1976,2254
Lonrf3,134,191,197,74,197,192
Lor,265,179,104,110,87,125
Lox,3,4,16,11,25,1
Loxhd1,9,12,5,5,6,5
Loxl1,41,39,10,7,48,26
Loxl2,29,18,19,12,30,29
Loxl3,88,145,46,60,119,107
Loxl4,2,1,3,3,0,0
Lpar1,819,920,623,363,733,670
Lpar2,49,49,58,25,47,54
Lpar3,4,7,2,1,3,7
Lpar4,33,46,10,15,42,24
Lpar5,26,15,13,4,11,8
Lpar6,301,380,218,178,388,271
Lpcat1,1994,2109,1840,922,1859,1521
Lpcat2,1546,1898,1381,868,1912,1275
Lpcat2b,10,11,9,2,4,8
Lpcat3,978,1129,782,487,916,910
Lpcat4,4414,4609,2935,2072,2885,3526
Lpgat1,7348,7401,6814,3808,5344,5585
Lpin1,1809,1861,1668,1055,1637,1519
Lpin2,4491,5064,5144,2478,4519,4224
Lpin3,14,12,2,4,4,8
Lpl,861,658,717,430,897,516
Lpo,19,29,11,10,19,11
Lpp,957,1317,989,562,1108,1082
Lppos,17,19,15,8,16,11
Lpxn,45,52,53,36,90,44
Lrat,4,2,3,1,3,5
Lrba,2122,2491,2675,1261,2043,1982
Lrch1,3408,3867,3315,1985,3471,3228
Lrch2,974,892,818,523,697,717
Lrch3,3347,3587,3739,1537,3193,3300
Lrch4,134,122,84,53,102,97
Lrcol1,0,0,0,0,0,0
Lrfn1,1306,1322,956,601,943,917
Lrfn2,818,903,889,445,722,787
Lrfn3,388,391,316,147,232,244
Lrfn4,674,743,698,374,563,536
Lrfn5,15629,17227,14397,8423,12893,12783
Lrg1,22,18,9,7,0,12
Lrguk,253,229,293,131,217,153
Lrif1,2638,2984,2664,1433,2288,2131
Lrig1,951,1173,782,409,853,872
Lrig2,5455,6556,4307,2607,4569,4558
Lrig3,413,489,314,160,361,363
Lrit1,0,0,0,0,0,0
Lrit2,1,0,0,0,0,1
Lrit3,9,2,7,2,3,9
Lrmda,69,102,98,52,148,79
Lrmp,87,101,161,83,196,75
Lrp1,7405,7245,6703,3514,6526,6156
Lrp10,950,1031,571,390,796,700
Lrp11,4303,4423,3184,1673,3139,3292
Lrp12,1534,1685,1281,608,1107,1072
Lrp1b,28930,32905,22757,13990,24278,25764
Lrp2,2,8,7,0,0,6
Lrp2bp,30,47,28,14,24,23
Lrp3,1251,1121,1130,572,815,877
Lrp4,394,564,306,270,449,390
Lrp5,83,116,91,63,132,92
Lrp6,2989,3624,3703,1698,2967,2761
Lrp8,2672,2835,3328,1702,2500,2514
Lrp8os1,0,2,0,1,1,1
Lrp8os2,27,23,11,6,20,12
Lrpap1,6194,6468,4509,2255,4915,4622
Lrpprc,4177,4600,4219,2396,3748,3724
Lrr1,1,3,2,1,5,1
Lrrc1,559,764,776,261,609,628
Lrrc10,66,39,10,26,17,8
Lrrc10b,365,389,300,121,257,306
Lrrc14,2237,2197,1283,1043,1584,1571
Lrrc14b,5,2,6,4,14,4
Lrrc15,1,4,0,0,1,0
Lrrc17,10,10,5,1,9,2
Lrrc18,11,4,5,2,0,7
Lrrc19,43,42,17,24,41,43
Lrrc2,17,34,25,14,26,27
Lrrc20,396,366,301,190,274,269
Lrrc23,26,34,34,27,22,28
Lrrc24,1665,1632,982,597,1140,1302
Lrrc25,24,26,27,17,42,19
Lrrc26,2,4,5,8,8,8
Lrrc27,143,115,96,63,94,80
Lrrc28,1331,1732,1464,663,1246,1335
Lrrc29,1973,2223,1428,942,1590,1423
Lrrc3,237,229,235,95,220,153
Lrrc30,1,0,0,0,1,0
Lrrc31,0,0,2,1,1,0
Lrrc32,52,55,46,23,34,33
Lrrc34,1,2,0,1,1,3
Lrrc36,27,16,17,9,23,22
Lrrc37a,0,0,0,0,0,0
Lrrc38,76,114,48,50,89,77
Lrrc39,52,54,50,44,79,35
Lrrc3b,689,791,498,342,490,503
Lrrc3c,0,0,0,0,0,0
Lrrc4,1203,1283,1255,682,967,898
Lrrc40,815,904,754,422,638,627
Lrrc41,596,652,522,317,538,490
Lrrc42,798,756,641,400,570,572
Lrrc43,115,100,56,54,69,78
Lrrc45,4460,3538,3028,2035,3064,3259
Lrrc46,16,36,12,9,22,23
Lrrc47,1016,946,901,438,816,814
Lrrc49,3203,3594,3215,1724,2786,2938
Lrrc4b,1725,1658,1550,787,1446,1161
Lrrc4c,6952,9131,5513,3969,5754,5899
Lrrc51,186,217,84,94,144,147
Lrrc52,0,1,1,0,0,0
Lrrc55,239,248,287,132,188,164
Lrrc56,190,200,120,81,137,120
Lrrc57,1881,2091,1373,901,1463,1701
Lrrc58,4728,6118,3816,2508,4323,4710
Lrrc59,1088,1115,717,504,771,725
Lrrc6,523,507,373,230,383,382
Lrrc61,177,228,107,69,165,120
Lrrc63,1,2,1,0,5,0
Lrrc66,0,2,1,1,1,1
Lrrc69,6,2,6,2,4,4
Lrrc7,25426,28099,25468,12055,21266,23354
Lrrc71,53,78,54,55,78,62
Lrrc72,3,0,3,1,1,6
Lrrc73,523,746,418,345,469,533
Lrrc74a,1,0,0,0,0,0
Lrrc74b,29,42,32,27,30,21
Lrrc75a,171,229,143,123,138,175
Lrrc75aos1,1,4,0,1,1,0
Lrrc75aos2,34,19,34,18,10,27
Lrrc75b,243,227,139,120,166,158
Lrrc8a,613,612,460,320,514,634
Lrrc8b,2175,2368,2078,1123,1746,1638
Lrrc8c,2485,3043,2221,1037,2234,2481
Lrrc8d,1917,2251,1953,945,1811,1549
Lrrc8dos,1,0,1,0,2,1
Lrrc8e,0,1,0,1,2,0
Lrrc9,155,166,121,70,125,143
Lrrcc1,3452,3608,2675,1850,2673,2335
Lrrd1,19,20,14,13,18,11
Lrrfip1,8554,9094,9384,4201,7591,8096
Lrrfip2,3026,3507,3264,1592,2768,2785
Lrriq1,631,526,591,220,379,425
Lrriq3,111,136,64,60,95,75
Lrriq4,2,2,0,1,0,0
Lrrk1,167,287,276,141,442,221
Lrrk2,2950,3754,4135,1714,3273,3926
Lrrn1,1912,2122,1499,685,1502,1504
Lrrn2,3500,3221,3032,1247,2498,2594
Lrrn3,2232,2174,1581,935,1473,1574
Lrrn4,34,34,24,16,12,31
Lrrn4cl,13,14,6,6,12,9
Lrrtm1,2018,1907,1419,764,1361,1371
Lrrtm2,2394,2502,1925,996,1657,1804
Lrrtm3,8612,9433,6509,4320,6834,7538
Lrrtm4,6086,6416,5928,2922,4474,4918
Lrsam1,560,516,491,285,467,408
Lrtm1,306,304,144,144,228,251
Lrtm2,1477,1494,1011,497,969,1046
Lrwd1,741,922,794,386,811,784
Lsamp,21898,23744,18269,9692,18018,19133
Lsg1,1830,1949,1405,794,1509,1429
Lsm1,1752,2034,1222,806,1381,1421
Lsm10,262,265,145,120,183,176
Lsm11,390,437,502,280,458,451
Lsm12,2106,2642,1355,1068,1706,1809
Lsm14a,1877,2120,1746,845,1512,1742
Lsm14b,786,795,655,388,583,543
Lsm2,424,510,262,208,333,358
Lsm3,1158,1391,838,506,946,1087
Lsm4,647,652,386,351,429,471
Lsm5,412,414,232,192,352,361
Lsm6,517,573,387,310,463,435
Lsm7,6056,6641,3805,3482,4922,4897
Lsm8,1744,1740,1022,772,977,1124
Lsmem1,79,81,55,33,48,46
Lsmem2,0,2,2,0,0,0
Lsp1,62,58,76,62,89,37
Lsr,34,53,11,27,53,31
Lss,1327,1421,1948,796,1780,1303
Lst1,110,103,58,87,66,65
Lta,8,7,3,7,2,4
Lta4h,2042,2382,1933,1232,1882,1718
Ltb,15,31,8,17,27,16
Ltb4r1,6,5,3,3,5,2
Ltb4r2,18,12,6,7,11,7
Ltbp1,290,397,237,142,310,240
Ltbp2,24,35,29,18,31,31
Ltbp3,932,869,814,487,826,791
Ltbp4,1133,1115,1009,736,934,874
Ltbr,117,149,82,59,154,97
Ltc4s,396,509,365,269,594,378
Ltf,0,0,15,0,0,2
Ltk,1601,1402,1271,826,1018,1081
Ltn1,2241,2384,2567,1098,1985,2144
Ltv1,386,414,320,211,285,337
Luc7l,7177,7084,6174,3822,5552,5283
Luc7l2,42433,47884,34736,23440,34452,34938
Luc7l3,18946,20376,16814,10597,17052,16389
Lum,32,51,10,11,46,44
Lurap1,980,1079,657,369,645,722
Lurap1l,784,968,553,427,556,644
Luzp1,2358,2544,2252,1240,2255,2185
Luzp2,4746,6755,3123,2379,4324,4505
Luzp4,0,0,0,0,0,0
Lvrn,2,2,1,4,5,0
Lxn,225,262,137,112,182,166
Ly6a,55,142,39,210,201,104
Ly6c1,124,203,52,264,331,153
Ly6c2,4,3,4,4,32,1
Ly6d,18,20,8,5,13,20
Ly6e,5600,6435,3982,3178,5317,4344
Ly6f,0,0,0,0,0,0
Ly6g,0,0,0,0,0,0
Ly6g5b,17,27,17,12,19,28
Ly6g5c,0,0,0,0,0,0
Ly6g6c,1,0,0,0,0,0
Ly6g6d,9,14,5,4,7,3
Ly6g6e,21,72,27,26,28,37
Ly6g6f,15,16,9,10,9,10
Ly6h,19925,19993,14705,8399,15112,14733
Ly6i,1,0,0,1,0,1
Ly6k,2,0,1,0,0,0
Ly6l,0,0,0,0,0,0
Ly75,37,26,35,11,38,28
Ly86,457,625,930,669,1666,327
Ly9,6,7,45,29,61,10
Ly96,149,198,104,97,136,132
Lyar,309,305,178,138,198,180
Lyg1,0,0,0,0,0,0
Lyg2,0,0,0,1,0,1
Lyl1,69,79,67,74,141,48
Lyn,217,353,315,211,549,221
Lynx1,3981,4197,2623,1798,2895,2582
Lypd1,1629,1508,1351,612,1094,1212
Lypd2,5,16,1,0,2,3
Lypd3,0,0,0,0,0,0
Lypd4,0,0,0,0,0,0
Lypd5,0,0,0,0,0,0
Lypd6,520,573,375,254,448,349
Lypd6b,157,152,163,76,137,112
Lypd8,0,0,0,1,0,0
Lypla1,1147,1414,1007,585,1037,920
Lypla2,2311,2622,1861,1228,2305,2862
Lyplal1,542,588,323,259,466,407
Lyrm1,433,482,336,253,382,386
Lyrm2,1387,1416,722,546,928,938
Lyrm4,383,441,346,214,296,311
Lyrm7,397,419,274,219,301,362
Lyrm7os,1,1,1,0,0,0
Lyrm9,2475,2504,1891,1287,1861,1822
Lysmd1,237,270,209,108,175,197
Lysmd2,1307,1593,869,619,984,1161
Lysmd3,1326,1524,1069,528,1006,1081
Lysmd4,1718,1813,1306,792,1357,1352
Lyst,5449,5243,7296,2457,4324,4976
Lyve1,13,11,15,5,30,14
Lyz1,3,1,3,1,0,1
Lyz2,96,91,302,181,654,42
Lyzl1,0,0,0,0,0,0
Lyzl4,37,34,48,23,47,44
Lyzl4os,0,3,0,0,0,0
Lyzl6,1,1,1,1,0,2
Lzic,606,636,398,317,560,484
Lztfl1,4653,5086,5048,2217,4263,4599
Lztr1,7238,8231,5980,3727,6881,7279
Lzts1,4095,4797,3470,2107,3522,4178
Lzts2,561,700,582,295,619,599
Lzts3,1769,1893,2212,824,1397,1797
M1ap,2,1,5,1,2,0
M5C1000I18Rik,490,608,373,261,357,381
M6pr,2833,3178,2366,1230,2375,2172
Maats1,99,101,99,43,79,97
Maats1os,1,0,0,1,0,0
Mab21l1,37,32,26,22,34,31
Mab21l2,16,10,6,10,6,14
Mab21l3,13,12,3,6,4,1
Macc1,84,109,37,35,48,52
Macf1,22992,22967,24992,11944,20274,19636
Macrod1,450,517,321,228,404,434
Macrod2,9727,10993,6837,4985,7856,8736
Macrod2os1,10,15,4,4,9,11
Macrod2os2,68,58,27,21,42,68
Mad1l1,418,396,320,213,343,311
Mad2l1,237,283,213,129,182,179
Mad2l1bp,124,133,81,57,87,93
Mad2l2,636,710,347,276,502,456
Madcam1,2,3,4,1,0,2
Madd,7151,7781,7034,3682,6658,6680
Maea,1408,1572,1446,701,1286,1294
Mael,0,2,1,1,0,0
Maf,1575,1645,1578,881,1435,1299
Maf1,1714,1707,1000,803,1230,1285
Mafa,14,13,16,8,13,10
Mafb,694,914,834,532,1357,710
Maff,19,18,15,14,29,9
Mafg,2891,3170,3655,1747,3151,2921
Mafk,96,112,124,41,100,99
Mag,5140,5175,3857,2360,5276,4365
Magea1,0,0,0,0,0,0
Magea10,3,0,0,0,0,0
Magea2,0,0,0,0,0,0
Magea3,0,0,0,0,0,0
Magea4,0,0,0,0,0,0
Magea5,0,0,0,0,0,0
Magea6,0,0,0,0,0,0
Magea8,0,0,0,0,0,0
Mageb1,0,0,0,0,0,0
Mageb16,246,307,281,189,267,229
Mageb18,1,0,0,0,0,1
Mageb2,0,0,0,0,0,0
Mageb3,51,37,14,15,22,10
Mageb4,0,0,0,0,0,0
Mageb5,0,0,0,0,0,0
Maged1,6411,5594,4612,2344,4522,4729
Maged2,477,513,394,281,523,366
Magee1,1686,1174,1012,536,850,891
Magee2,133,107,75,43,89,70
Mageh1,1195,1390,647,518,840,849
Magel2,223,73,159,37,112,131
Magi1,6937,7820,6754,3871,6198,6050
Magi2,16418,20061,13482,9497,14427,15780
Magi3,1166,1107,1372,725,926,983
Magix,5,6,1,8,6,6
Magoh,462,571,332,240,348,391
Magohb,700,810,476,352,525,586
Magt1,889,1119,792,440,934,930
Maip1,872,1041,660,435,678,704
Majin,0,1,1,0,0,3
Mak,386,447,375,202,286,287
Mak16,1324,1217,941,692,1006,1039
Mal,5530,6287,4455,1883,5667,4615
Mal2,1861,1992,1685,875,1342,1209
Malat1,2296625,2532854,2239130,1259834,2179266,2161839
Mall,1,2,0,1,5,0
Malrd1,3,3,0,0,1,0
Malsu1,2934,3745,2910,1518,2813,2971
Malt1,1520,1709,1512,869,1413,1361
Mamdc2,129,144,153,92,176,108
Mamdc4,53,75,52,37,57,46
Maml1,448,593,483,208,426,453
Maml2,234,308,217,135,272,238
Maml3,1326,1562,1698,738,1374,1529
Mamld1,823,1051,908,572,826,1082
Mamstr,352,347,138,216,212,192
Man1a,2206,2341,2052,1033,1821,1844
Man1a2,6134,5602,6235,2578,4935,5205
Man1b1,2233,2676,2185,1220,2354,2244
Man1c1,824,883,874,451,688,592
Man2a1,2580,2574,2341,1045,1952,1959
Man2a2,4077,4063,4463,2163,3583,3307
Man2b1,3481,3878,3038,1752,3590,3098
Man2b2,739,722,479,318,570,516
Man2c1,3188,3221,2382,1803,2425,2206
Man2c1os,704,1047,575,401,664,659
Manba,759,975,764,468,862,616
Manbal,1092,1119,733,520,795,818
Manea,1188,1308,819,490,716,838
Maneal,673,590,597,260,453,440
Manf,1345,1620,915,516,1130,1221
Mannr,3,2,1,3,6,1
Mansc1,442,418,236,125,286,261
Mansc4,22,21,7,10,8,14
Maoa,705,746,491,335,562,541
Maob,93,132,70,36,83,93
Map10,173,160,102,90,156,133
Map1a,8050,5539,8033,3488,4657,4389
Map1b,24704,22388,21385,10645,18103,18480
Map1lc3a,2337,2407,1150,1109,1422,1486
Map1lc3b,2090,2438,1704,948,1505,1553
Map1s,1597,1708,1891,869,1482,1343
Map2,26033,29304,26500,13857,22422,24769
Map2k1,1955,1949,1463,920,1352,1325
Map2k2,6031,7069,4715,3464,5752,5423
Map2k3,1013,1159,1020,568,1074,1102
Map2k3os,111,153,96,59,107,68
Map2k4,6390,6769,5758,2994,5091,5692
Map2k5,1947,2113,1500,1081,1781,1686
Map2k6,2206,2665,1131,980,1392,1626
Map2k7,2051,2030,1891,1050,1789,1774
Map3k1,456,653,543,365,565,447
Map3k10,1391,1833,1320,922,1278,1194
Map3k11,221,302,244,113,231,201
Map3k12,3846,4025,3571,2142,3498,3518
Map3k13,894,1034,1117,476,1090,1036
Map3k14,246,390,411,178,464,336
Map3k15,45,38,46,14,28,32
Map3k19,110,159,80,35,66,159
Map3k2,5607,6360,5413,2783,4915,4971
Map3k20,283,329,311,177,302,259
Map3k21,172,158,99,99,75,65
Map3k3,1058,1300,1451,680,1185,953
Map3k4,1751,1502,1910,861,1235,1338
Map3k5,1181,1253,1104,691,1001,932
Map3k6,90,86,61,54,55,59
Map3k7,1321,1279,1680,697,1039,1062
Map3k7cl,3,1,0,3,0,3
Map3k8,96,122,107,60,124,89
Map3k9,1098,1227,1274,640,976,857
Map4,5572,6649,5168,3165,5530,4988
Map4k1,70,70,52,40,53,45
Map4k2,2775,2567,2141,1532,2223,2265
Map4k3,1125,939,1068,621,758,864
Map4k4,3471,3258,3661,2019,3408,2903
Map4k5,5933,5659,5825,2633,4968,5084
Map6,3044,3737,3967,1839,3630,3543
Map6d1,2178,1781,1387,938,1351,1302
Map7,8290,8700,8101,4143,7101,7240
Map7d1,3534,3567,3323,1846,3267,3127
Map7d2,4639,5258,3885,2589,3827,4025
Map7d3,3,10,4,3,6,3
Map9,1942,1702,1866,925,1383,1343
Mapk1,11131,12299,10395,5240,8763,9127
Mapk10,8747,9878,8689,4904,7159,7589
Mapk11,2865,2746,2668,1480,2556,2950
Mapk12,380,377,367,234,297,296
Mapk13,29,36,22,13,12,15
Mapk14,2774,3272,2824,1658,2641,2482
Mapk15,119,81,80,34,69,83
Mapk1ip1,2985,3536,3133,1385,2441,2562
Mapk1ip1l,3080,3717,3117,1444,2842,2722
Mapk3,1092,1022,754,558,869,759
Mapk4,1860,2181,2008,1027,1910,2078
Mapk6,1270,1783,1528,790,1525,1396
Mapk7,1180,1233,932,535,1003,837
Mapk8,6297,7221,5856,3553,5472,5496
Mapk8ip1,5986,6353,4428,3151,5022,5332
Mapk8ip2,3225,2907,2666,1432,2307,2414
Mapk8ip3,7178,7364,7186,3635,6394,6414
Mapk9,3414,3695,3555,1693,2741,2789
Mapkap1,2551,2525,2393,1112,2001,2142
Mapkapk2,215,277,259,181,235,197
Mapkapk3,81,116,74,63,100,72
Mapkapk5,658,842,683,412,667,668
Mapkbp1,1370,1378,1489,759,1085,1093
Mapre1,2405,2786,2078,1346,2263,2041
Mapre2,7190,8933,6324,3264,6207,6299
Mapre3,5454,5551,4724,2583,4335,4596
Mapt,21149,22343,17709,11314,18665,17416
Marc1,8,9,6,3,0,5
Marc2,2736,2798,2198,1084,1997,1867
March1,7306,7544,6068,3786,6074,5844
March10,71,111,80,53,70,65
March11,1554,2328,1493,908,1647,1724
March2,4013,4360,3149,2035,3269,3313
March3,220,280,308,143,278,259
March4,364,484,344,202,374,339
March5,1896,2419,1658,982,1728,1711
March6,6574,6756,5971,2474,5120,5276
March7,3879,4739,5141,2307,4501,4347
March8,3984,4178,3196,2066,3341,3237
March9,123,174,135,69,117,104
Marcks,2161,2233,1574,1159,2083,1527
Marcksl1,390,425,227,193,238,219
Marco,0,0,0,0,0,0
Marf1,2838,3366,3448,1711,3059,2743
Mark1,1904,1747,2308,1112,1461,1538
Mark2,2895,3431,3466,1839,3000,2749
Mark3,5252,6811,7575,3334,6024,5597
Mark4,1704,1923,1848,1006,1692,1681
Mars,1598,1835,1262,960,1487,1486
Mars2,618,733,669,329,507,527
Marveld1,540,551,275,252,264,341
Marveld2,51,50,49,30,50,41
Marveld3,78,77,62,34,58,67
Mas1,683,601,534,277,445,449
Masp1,468,552,421,285,548,386
Masp2,138,152,71,69,90,105
Mast1,2704,2667,2599,1624,2380,2358
Mast2,2251,2492,2314,1320,1946,1959
Mast3,3699,3224,4022,1920,3310,3649
Mast4,10280,12883,11199,6281,10253,10698
Mastl,75,84,42,36,54,61
Mat1a,3,2,5,0,2,4
Mat2a,13699,18419,11393,7255,15060,16534
Mat2b,2860,3064,1872,1411,1857,1865
Matk,17902,16019,11466,8861,12765,13681
Matn1,8,12,14,6,14,8
Matn2,1080,1228,954,507,856,1005
Matn3,17,29,13,15,18,17
Matn4,1214,1366,713,647,1254,990
Matr3,13355,14062,12371,6319,11291,11813
Mau2,4859,5216,4709,2521,4621,4478
Mavs,178,223,132,76,192,154
Max,2766,2803,2144,1271,1958,2146
Maz,1873,2150,1459,1156,1608,1650
Mb,1,0,0,1,2,1
Mb21d1,58,61,82,28,98,50
Mb21d2,308,356,240,177,266,292
Mbd1,2321,2346,2051,1087,1836,1914
Mbd2,310,419,439,177,318,312
Mbd3,926,1182,750,506,903,1011
Mbd3l1,0,0,0,0,0,0
Mbd3l2,0,1,0,0,0,0
Mbd4,1029,1135,922,528,948,885
Mbd5,3926,4606,4812,2207,3568,3611
Mbd6,2284,1828,1694,1022,1566,1656
Mbip,3526,4322,3810,1809,3057,3202
Mbl1,0,0,0,0,0,0
Mbl2,0,1,0,2,0,0
Mblac1,289,306,166,92,199,195
Mblac2,5329,5352,3591,2911,4352,3728
Mbnl1,9005,9316,10004,3764,7925,8355
Mbnl2,17809,21003,16544,7912,15577,16902
Mbnl3,5,8,7,6,6,8
Mboat1,329,377,368,193,351,286
Mboat2,2179,2326,1917,1039,1775,1755
Mboat4,65,76,28,63,59,43
Mboat7,4739,4878,3623,1914,3947,3992
Mbp,16297,18922,16899,9374,19254,16840
Mbtd1,3911,4083,4433,2149,3698,3696
Mbtps1,3242,3361,2998,1554,2475,2558
Mbtps2,1391,1570,1228,718,1194,1093
Mc1r,1,6,4,2,5,1
Mc2r,0,1,0,0,1,0
Mc3r,28,38,26,16,23,40
Mc4r,77,102,99,28,72,108
Mc5r,5,12,5,4,11,5
Mcam,321,307,255,191,363,236
Mcat,425,476,323,205,327,293
Mcc,800,917,899,440,694,673
Mccc1,3920,4265,3011,2268,3432,3183
Mccc1os,100,111,78,50,74,73
Mccc2,1664,1642,1160,804,1170,1074
Mcee,468,511,279,271,312,296
Mcemp1,11,8,14,4,6,7
Mcf2,171,146,144,86,107,134
Mcf2l,9506,10589,9299,5373,9127,9696
Mcfd2,868,1063,660,351,757,651
Mchr1,812,657,484,222,408,558
Mcidas,38,56,26,16,31,27
Mcl1,704,1046,920,432,737,703
Mcm10,45,43,63,23,43,45
Mcm2,70,61,44,46,51,44
Mcm3,33,30,27,16,43,34
Mcm3ap,1889,1912,1660,946,1400,1418
Mcm4,439,443,305,194,305,270
Mcm5,63,62,47,36,43,34
Mcm6,160,148,123,96,128,96
Mcm7,769,842,670,338,576,603
Mcm8,532,565,290,245,349,348
Mcm9,715,804,591,331,591,577
Mcmbp,1559,1729,1694,872,1569,1558
Mcmdc2,598,622,500,311,409,428
Mcoln1,4684,4885,3477,2344,3949,3792
Mcoln2,0,3,2,0,4,1
Mcoln3,0,2,1,0,2,0
Mcph1,1652,1788,2056,832,1511,1544
Mcpt1,0,0,0,0,0,0
Mcpt2,0,0,0,0,0,0
Mcpt4,0,0,0,0,0,0
Mcpt8,0,0,0,0,0,0
Mcpt9,0,0,0,0,0,0
Mcrip1,1049,1018,647,509,687,713
Mcrip2,146,195,91,97,121,129
Mcrs1,1571,1646,1013,795,1193,1124
Mctp1,4339,4572,4128,1914,3523,4011
Mctp2,155,180,179,81,171,120
Mcts1,1548,1885,1293,774,1186,1369
Mcts2,697,633,319,320,361,411
Mcu,1055,1312,1287,654,1099,1110
Mcub,45,85,57,27,45,58
Mcur1,918,1044,797,438,802,634
Mdc1,451,458,473,249,437,393
Mdfi,17,39,19,10,29,8
Mdfic,59,58,62,45,121,68
Mdga1,505,529,467,299,450,482
Mdga2,10023,10900,9547,4846,8612,9203
Mdh1,7968,9205,5336,3767,5948,6010
Mdh1b,25,29,32,17,17,24
Mdh2,3531,3670,2447,1544,2415,2582
Mdk,181,312,117,124,263,219
Mdm1,681,648,537,284,455,518
Mdm2,3389,4124,2848,1682,3138,3052
Mdm4,6516,7379,7186,3605,6158,5910
Mdn1,4011,3818,4743,2099,3594,3554
Mdp1,1101,1125,757,547,874,889
Mdrl,44,52,62,31,37,34
Me1,903,1127,851,533,831,871
Me2,764,860,711,373,646,680
Me3,10559,13671,9566,6000,9565,10513
Mea1,434,488,301,266,313,323
Meaf6,3207,3684,3523,1761,2996,3262
Mecom,10,11,5,7,27,13
Mecomos,0,0,0,1,0,0
Mecp2,2939,3509,3172,1744,2686,2635
Mecr,3625,4130,3247,1775,3211,3384
Med1,2445,2491,2056,1326,1899,1949
Med10,1104,1317,1000,553,927,960
Med11,226,244,145,91,150,150
Med12,1162,1112,990,637,959,855
Med12l,3032,3288,3435,1639,2625,2593
Med13,2174,2324,2964,1306,2038,1902
Med13l,3644,3265,4124,2031,2992,2842
Med14,2516,2495,3296,1241,2473,2673
Med15,3898,4355,4107,2238,3684,3667
Med16,1054,890,731,437,714,665
Med17,1679,1678,1483,694,1297,1300
Med18,212,241,148,104,156,175
Med19,912,878,621,417,665,644
Med20,1034,1227,1535,610,1103,1117
Med21,1973,2393,1507,889,1604,1708
Med22,540,562,408,215,448,413
Med23,1968,1787,1721,927,1318,1331
Med24,2356,2446,2055,1335,1951,1969
Med25,2404,2516,2218,1297,2151,2281
Med26,450,582,478,226,404,412
Med27,1693,2136,1638,878,1580,1665
Med28,1046,1087,760,527,811,771
Med29,384,482,288,188,320,320
Med30,409,522,268,206,298,301
Med31,1091,1261,611,430,829,813
Med4,2174,2248,1427,1159,1847,1652
Med6,854,1035,675,389,732,810
Med7,1038,1343,834,453,872,864
Med8,1482,1741,1365,948,1434,1476
Med9,435,512,315,198,348,326
Med9os,64,66,41,40,57,56
Medag,464,490,390,308,387,425
Mef2a,6559,7592,8493,3808,6787,6346
Mef2b,5,1,0,0,2,0
Mef2c,34555,34480,25155,21043,25692,24634
Mef2d,2774,3001,3108,1406,2791,2714
Mefv,0,0,1,1,0,0
Meg3,685551,635021,655858,350020,606006,565176
Megf10,701,845,525,377,691,698
Megf11,765,785,606,349,598,691
Megf6,139,95,110,56,122,98
Megf8,2045,2094,1922,1052,1635,1579
Megf9,4669,5189,3862,2057,3372,3359
Mei1,1410,1675,887,587,937,1116
Mei4,648,755,456,218,475,518
Meig1,126,89,54,43,49,64
Meikin,0,0,1,0,1,0
Meiob,2,1,0,0,1,2
Meioc,2,1,1,4,0,2
Meis1,445,594,422,282,445,527
Meis2,10881,11758,8893,5769,8550,10085
Meis3,1849,1921,1424,993,1604,1650
Melk,35,36,21,15,27,28
Meltf,44,60,28,30,35,32
Memo1,1649,1258,1272,670,960,1193
Men1,1052,1037,903,445,786,797
Meox1,6,3,8,2,7,4
Meox2,12,22,13,6,10,17
Mep1a,0,1,1,0,1,0
Mep1b,0,0,0,0,0,0
Mepce,358,396,319,163,297,263
Mepe,0,0,0,0,1,0
Mertk,646,1253,733,484,1161,872
Mesd,1682,1688,1218,614,1277,1081
Mesp1,3,2,1,0,0,0
Mesp2,26,29,8,6,10,9
Mest,5696,6410,5784,1868,4964,4572
Met,256,237,161,90,147,172
Metap1,1910,2256,2143,1030,2019,2047
Metap1d,2766,3319,3041,1539,2742,2718
Metap2,3384,3618,3198,1969,3185,3197
Methig1,1,3,1,0,0,1
Metrn,145,199,73,98,144,118
Metrnl,227,337,156,106,211,242
Mettl1,1262,1434,999,728,1286,1184
Mettl11b,24,80,25,25,41,50
Mettl13,799,904,678,374,610,620
Mettl14,697,711,540,405,578,516
Mettl15,526,682,452,306,492,513
Mettl16,2807,3014,2243,1461,2308,2331
Mettl17,5114,5515,3760,2747,4425,4763
Mettl18,172,143,73,49,91,105
Mettl2,2463,3003,1743,1298,2204,2168
Mettl21a,1014,977,617,401,672,661
Mettl21c,15,13,3,10,13,13
Mettl21e,0,1,0,1,0,0
Mettl22,873,905,645,451,720,715
Mettl23,1274,1709,824,751,1085,1263
Mettl24,206,241,119,101,130,129
Mettl25,2048,2196,1359,1100,1637,1639
Mettl26,2665,2817,1607,1247,1891,1890
Mettl27,350,369,216,188,297,196
Mettl3,2126,2601,1917,1069,1929,2006
Mettl4,320,335,260,163,239,211
Mettl5,852,1091,625,503,761,744
Mettl5os,262,210,108,114,134,124
Mettl6,1277,1312,1129,639,1066,989
Mettl7a1,2474,2989,2317,827,2290,2415
Mettl7a2,1,1,0,0,1,0
Mettl7a3,6,13,26,3,8,5
Mettl7b,0,3,0,0,0,0
Mettl8,1240,1218,1050,510,980,999
Mettl9,1224,1413,964,559,940,851
Mex3a,97,100,76,46,79,63
Mex3b,753,576,401,307,312,313
Mex3c,310,333,269,153,222,199
Mex3d,111,114,119,63,65,84
Mfap1a,2254,2104,1412,1026,1478,1542
Mfap1b,2079,1782,1139,742,1320,1407
Mfap2,381,446,205,193,302,354
Mfap3,1620,1774,1546,797,1419,1367
Mfap3l,2925,3394,1978,1314,1990,2110
Mfap4,18,16,11,7,28,19
Mfap5,5,8,3,2,5,6
Mff,5422,5999,4945,2861,4647,4649
Mfge8,1363,2934,589,649,1715,1399
Mfhas1,923,1036,1041,481,904,761
Mfn1,4075,4474,3469,2214,3694,3541
Mfn2,2105,1800,1717,951,1465,1442
Mfng,18,29,32,34,67,29
Mfrp,27,42,8,20,26,21
Mfsd1,1296,1422,967,623,1080,858
Mfsd10,2311,2061,1376,1112,1735,1772
Mfsd11,3998,4329,2596,2033,3360,3135
Mfsd12,671,835,541,371,672,541
Mfsd13a,908,903,672,371,730,657
Mfsd13b,116,109,51,39,70,74
Mfsd14a,2685,3157,2719,1232,2587,2477
Mfsd14b,1987,2041,1653,905,1543,1601
Mfsd2a,253,417,123,116,294,429
Mfsd2b,44,38,43,21,27,46
Mfsd3,388,350,210,157,248,230
Mfsd4a,4373,5210,3068,2136,3427,3322
Mfsd4b1,289,352,164,166,246,228
Mfsd4b2,1,0,0,0,0,1
Mfsd4b3,0,1,0,0,0,0
Mfsd4b4,854,827,624,353,541,529
Mfsd4b5,5,6,6,7,5,5
Mfsd5,1121,1189,686,415,755,738
Mfsd6,5543,6326,4875,2675,4773,4783
Mfsd6l,4,3,0,1,1,1
Mfsd7a,19,20,26,10,31,33
Mfsd8,1803,2196,1640,867,1571,1868
Mfsd9,180,183,118,78,117,152
Mga,4845,4946,5308,2413,4126,3761
Mgam,0,0,0,1,0,1
Mgarp,4,3,1,2,4,3
Mgat1,693,717,749,328,589,530
Mgat2,1077,1046,620,301,690,622
Mgat3,979,984,982,416,687,668
Mgat4a,1402,1541,1778,777,1418,1261
Mgat4b,984,1117,881,545,855,711
Mgat4c,6242,7065,4342,3009,4616,5376
Mgat4d,1,0,0,1,0,0
Mgat4e,0,1,0,0,0,0
Mgat5,4917,5409,4854,2490,4280,4307
Mgat5b,1264,1401,1162,635,997,1009
Mgea5,5648,5290,4862,2599,4002,4081
Mgl2,6,5,9,2,8,11
Mgll,4559,5252,3249,2672,3870,3600
Mgme1,285,308,234,131,296,267
Mgmt,31,31,34,18,37,27
Mgp,271,627,92,116,328,239
Mgrn1,3966,4658,4949,2217,4662,4329
Mgst1,84,110,38,40,72,58
Mgst2,1,5,6,4,1,6
Mgst3,1457,1447,811,662,832,861
Mhrt,778,982,578,281,628,721
Mia,19,17,11,4,18,20
Mia2,3787,3982,3416,1662,3429,3210
Mia3,4573,5052,3928,1967,4038,3887
Miat,18506,17383,18923,11068,14902,14526
Mib1,2353,2478,3047,1299,2031,2038
Mib2,4894,5490,3693,2570,4061,4108
Mical1,166,215,127,97,182,134
Mical2,9309,10565,11779,6657,9139,10834
Mical3,8429,8806,10072,4957,8149,7790
Micalcl,28,38,29,16,24,22
Micall1,1103,1093,1123,586,1129,970
Micall2,44,51,21,12,33,29
Micu1,2871,3427,3169,1484,2823,2773
Micu2,3897,4343,2862,2003,3151,3045
Micu3,4854,5170,3778,2259,3711,3848
Mid1,1200,1909,2230,1199,1257,1663
Mid1ip1,730,751,334,331,544,522
Mid2,623,698,622,311,602,544
Midn,585,1561,989,362,1042,999
Mief1,1717,1937,1280,686,1346,1402
Mief2,733,570,399,321,409,480
Mien1,651,667,348,317,401,422
Mier1,4385,5144,4163,2415,3894,3631
Mier2,1287,1131,879,623,1057,1039
Mier3,653,707,736,319,625,517
Mif,1865,2058,1059,897,1253,1240
Mif4gd,583,580,302,310,454,389
Miga1,3596,3626,4584,1586,3269,3079
Miga2,4029,4293,3503,2049,3532,3566
Miip,2303,2433,1594,1203,1860,1907
Mill1,0,1,0,0,0,0
Mill2,63,52,42,34,37,34
Milr1,4,10,33,24,33,9
Mindy1,570,612,398,260,519,491
Mindy2,2817,3367,2655,1702,2667,2276
Mindy3,1282,1556,1220,670,1180,1251
Mindy4,549,607,484,277,443,462
Mindy4b-ps,103,79,54,29,66,86
Mink1,8869,7202,8274,3880,6980,7677
Minos1,1698,1473,1131,836,1114,1058
Minpp1,2937,3459,2460,1484,2602,2533
Mios,2211,2231,1889,1051,1511,1619
Miox,0,0,0,0,0,0
Mip,1,0,0,0,0,0
Mipep,697,784,608,377,592,574
Mipepos,0,1,0,0,0,2
Mipol1,568,656,490,306,556,466
Mir124-2hg,12511,14841,7418,7058,9157,9122
Mir124a-1hg,30803,36755,23587,18495,27411,29929
Mir133a-1hg,0,1,0,0,2,0
Mir142hg,10,14,6,12,22,10
Mir155hg,5,5,11,13,15,1
Mir17hg,44,49,37,28,46,34
Mir670hg,758,900,554,293,668,702
Mir9-3hg,2932,3948,4145,1620,2967,3099
Mirg,4820,4723,5759,3022,4850,4270
Mirt1,165,147,174,119,165,132
Mis12,442,430,364,185,272,278
Mis18a,196,224,172,93,167,135
Mis18bp1,35,36,28,23,42,19
Misp,5,10,7,9,9,10
Mitd1,1143,1395,933,549,1106,1072
Mitf,1589,1897,1572,983,1908,1630
Mixl1,0,1,0,0,0,0
Mki67,39,43,42,44,65,36
Mkks,129,178,170,60,133,138
Mkl1,3874,4687,3770,1954,3407,3761
Mkl2,12256,13276,9548,5520,9441,11291
Mkln1,6372,7244,7802,3751,6681,6293
Mkln1os,430,505,391,217,342,409
Mknk1,1308,1676,1499,788,1504,1320
Mknk2,461,616,527,221,428,414
Mkrn1,2648,3260,2521,1376,2408,2509
Mkrn2,688,690,585,350,540,521
Mkrn2os,3,6,1,1,3,3
Mkrn3,60,98,41,38,53,46
Mks1,571,620,405,271,498,466
Mkx,778,861,1000,433,623,600
Mlana,3,4,1,2,1,4
Mlc1,431,762,178,264,538,477
Mlec,2049,2391,2334,940,1884,1899
Mlf1,24,27,25,20,28,20
Mlf2,7601,7901,5170,3611,5829,6667
Mlh1,1226,1244,1032,582,1013,925
Mlh3,1697,1577,1548,702,1155,1281
Mlip,2471,2390,1518,1240,1600,1606
Mlkl,7,6,9,5,18,7
Mllt1,576,911,642,482,668,576
Mllt10,3202,3067,3298,1622,2513,2672
Mllt11,4313,5256,3047,2516,3476,3852
Mllt3,4039,4656,4554,2286,3623,4007
Mllt6,1937,1939,2514,1148,1867,1848
Mlph,70,114,138,54,182,107
Mlst8,625,638,467,338,526,560
Mlx,1711,1771,1268,783,1382,1494
Mlxip,1655,1800,1980,916,1751,1718
Mlxipl,119,182,197,149,376,120
Mlycd,759,735,463,369,502,523
Mmaa,1141,1381,1000,604,928,988
Mmab,894,992,624,442,731,729
Mmachc,132,196,119,88,114,119
Mmadhc,786,880,654,431,566,625
Mmd,1188,1263,993,566,925,899
Mmd2,1410,1764,1023,656,1389,1383
Mme,700,783,457,130,387,696
Mmel1,26,19,16,11,21,15
Mmgt1,574,636,508,247,449,464
Mmgt2,558,727,384,301,508,442
Mmp10,0,0,0,0,0,0
Mmp11,109,103,55,49,76,76
Mmp12,1,1,43,2,4,0
Mmp13,3,1,3,2,0,1
Mmp14,150,209,75,85,182,139
Mmp15,279,268,183,128,230,232
Mmp16,8210,8870,8277,4562,6677,6703
Mmp17,3034,3605,2716,1349,2699,2863
Mmp19,8,4,5,1,7,10
Mmp1b,0,0,0,0,0,0
Mmp2,53,77,39,37,59,54
Mmp20,0,0,0,0,0,0
Mmp21,7,6,8,3,5,5
Mmp23,89,95,81,58,104,109
Mmp24,414,463,453,213,342,317
Mmp25,0,2,1,1,1,0
Mmp27,0,0,0,0,0,1
Mmp28,127,203,56,51,114,103
Mmp3,0,0,0,0,0,0
Mmp7,0,0,0,0,0,0
Mmp8,2,0,6,0,0,0
Mmp9,17,21,22,7,19,11
Mmrn1,4,1,1,0,1,0
Mmrn2,16,15,5,16,16,9
Mms19,2984,3523,2981,1696,3003,2535
Mms22l,209,262,168,122,162,147
Mn1,620,778,578,228,452,602
Mnat1,1062,1285,1221,600,1031,1077
Mnd1,8,12,6,6,9,5
Mndal,35,58,25,20,38,40
Mns1,158,170,75,80,118,120
Mnt,766,1094,913,375,817,631
Mnx1,0,0,0,0,0,0
Moap1,425,425,177,146,225,278
Mob1a,477,540,533,255,452,413
Mob1b,2788,3360,2834,1377,2513,2508
Mob2,680,810,837,391,738,744
Mob3a,186,241,234,102,269,198
Mob3b,422,413,282,237,349,296
Mob3c,267,285,253,129,266,211
Mob4,4593,5531,3429,2144,3872,4006
Mobp,1867,2236,2615,1075,2567,2873
Mocos,72,86,85,45,69,52
Mocs1,580,683,492,282,509,503
Mocs2,1987,2442,1648,1004,1711,1958
Mocs3,390,412,286,159,282,285
Mog,3792,4228,2910,1859,4097,3460
Mogat1,15,27,3,12,22,11
Mogat2,0,0,0,1,1,0
Mogs,424,478,367,197,328,316
Mok,2084,2491,1606,942,1786,1953
Mon1a,1354,1651,1016,603,1237,1294
Mon1b,229,242,205,107,171,154
Mon2,2982,3615,3854,1806,3153,2670
Morc1,0,1,3,0,0,2
Morc2a,1059,1146,1104,624,872,844
Morc2b,480,559,711,282,577,510
Morc3,1724,1665,1564,793,1492,1439
Morc4,341,364,356,187,291,277
Morf4l1,7735,9221,7431,4389,7166,6650
Morf4l2,2712,3215,2818,1510,2495,2559
Morn1,1704,1714,1001,930,1203,1168
Morn2,524,620,421,307,435,526
Morn3,0,1,2,1,1,1
Morn4,512,457,419,205,317,295
Morn5,0,7,2,3,3,9
Mos,10,5,0,1,1,5
Mosmo,1011,1120,1136,528,908,805
Mospd1,377,472,251,230,347,304
Mospd2,1139,1303,1100,698,1097,1106
Mospd3,705,891,434,408,614,611
Mov10,755,828,1013,418,736,658
Mov10l1,1,1,1,0,0,1
Moxd1,1101,1099,916,520,935,820
Moxd2,0,0,0,0,0,0
Mpc1,3165,3882,2669,1472,3014,3119
Mpc2,3449,4362,2812,1804,2905,2918
Mpdu1,1219,1639,971,519,1138,1058
Mpdz,3029,3051,3164,1604,2460,2459
Mpeg1,121,178,369,236,556,116
Mpg,1025,953,584,493,693,638
Mphosph10,1500,1636,1200,638,1234,1355
Mphosph6,825,739,545,370,512,554
Mphosph8,3346,4213,3047,1610,3205,3131
Mphosph9,3314,3070,3161,1611,2603,2535
Mpi,825,943,645,440,697,738
Mpig6b,1,1,1,3,1,3
Mpl,19,24,10,27,24,19
Mplkip,2198,2780,2127,1114,1823,1837
Mpnd,1901,2043,1532,990,1550,1700
Mpo,2,1,1,0,0,0
Mpp1,2038,2137,1506,1001,1522,1545
Mpp2,1536,1666,1644,728,1382,1468
Mpp3,1616,1879,1998,933,1532,1705
Mpp4,62,67,74,32,70,62
Mpp5,787,884,735,439,695,638
Mpp6,2155,2785,2218,1163,2130,2290
Mpp7,711,779,593,286,557,680
Mppe1,858,905,549,416,536,553
Mpped1,1708,1367,1528,1005,1102,1144
Mpped2,6457,7400,4329,3322,5079,5279
Mprip,5251,5368,6251,2725,4427,4578
Mpst,239,249,173,105,182,181
Mptx1,0,0,0,0,0,0
Mptx2,0,0,1,0,0,0
Mpv17,907,1264,842,678,933,943
Mpv17l,1864,2075,1452,907,1484,1438
Mpv17l2,472,623,305,258,484,441
Mpz,13,8,4,2,2,4
Mpzl1,658,731,716,378,723,617
Mpzl2,43,79,24,9,43,58
Mpzl3,236,274,216,117,211,255
Mr1,41,49,32,27,67,29
Mrap,4,17,2,1,6,12
Mrap2,325,257,188,123,238,186
Mras,2137,2456,1811,1057,1645,1694
Mrc1,67,59,42,29,68,60
Mrc2,132,211,131,71,200,130
Mre11a,693,722,806,360,664,617
Mreg,257,248,162,122,141,147
Mrfap1,2214,2187,1243,903,1361,1383
Mrgbp,2252,1935,1524,998,1583,1667
Mrgpra1,0,0,0,0,0,0
Mrgpra2a,0,0,0,1,0,0
Mrgpra2b,0,0,0,1,0,0
Mrgpra3,0,0,0,0,0,0
Mrgpra4,0,0,0,0,0,0
Mrgpra6,0,1,0,0,0,0
Mrgpra9,0,0,0,0,0,0
Mrgprb1,0,0,0,0,0,0
Mrgprb2,0,0,0,0,0,0
Mrgprb3,0,0,0,0,0,0
Mrgprb4,0,0,0,0,0,0
Mrgprb5,0,0,1,0,0,0
Mrgprb8,0,0,0,0,0,0
Mrgprd,0,0,0,0,0,0
Mrgpre,189,158,118,81,141,117
Mrgprf,9,22,4,2,28,17
Mrgprg,0,0,0,0,0,0
Mrgprh,0,1,0,0,0,0
Mrgprx1,0,0,0,0,0,0
Mrgprx2,0,0,0,0,0,0
Mri1,4231,4240,2960,1990,3394,3411
Mrln,9,4,4,4,5,3
Mrm1,561,669,363,234,456,461
Mrm2,255,191,173,74,137,152
Mrm3,1134,1319,756,495,868,1009
Mrnip,650,638,328,356,385,372
Mro,690,922,489,354,649,648
Mroh1,2286,2537,2587,1545,2448,2111
Mroh2a,19,12,8,5,6,7
Mroh2b,0,0,1,0,1,0
Mroh3,18,31,19,22,25,20
Mroh4,1,3,1,1,3,1
Mroh5,57,56,56,25,40,53
Mroh6,9,13,9,2,4,13
Mroh7,288,261,233,133,218,246
Mroh8,217,268,164,123,181,190
Mroh9,0,0,0,0,0,0
Mrpl1,911,991,746,469,712,807
Mrpl10,382,421,346,218,293,296
Mrpl11,642,771,367,400,536,477
Mrpl12,774,863,493,410,563,554
Mrpl13,978,1233,746,482,758,763
Mrpl14,373,447,220,221,303,303
Mrpl15,1404,1529,1187,639,1090,1220
Mrpl16,375,348,224,181,226,251
Mrpl17,793,953,533,372,650,709
Mrpl18,802,919,552,438,606,652
Mrpl19,898,1021,805,510,774,762
Mrpl2,1560,1563,767,722,1015,1077
Mrpl20,1064,1263,629,485,864,883
Mrpl21,2307,2574,1573,1146,1972,1775
Mrpl22,527,636,378,269,402,468
Mrpl23,2066,2120,1284,985,1614,1509
Mrpl24,1233,1276,993,546,991,1010
Mrpl27,586,632,339,289,409,427
Mrpl28,1104,1361,805,544,892,899
Mrpl3,3867,3146,2783,1760,2445,2663
Mrpl30,1755,1995,1419,832,1319,1254
Mrpl32,851,1074,710,447,670,757
Mrpl33,1268,1497,1085,678,1102,1032
Mrpl34,447,444,238,196,258,290
Mrpl35,1268,1375,848,528,928,1044
Mrpl36,678,860,351,382,460,501
Mrpl37,1590,1724,1386,784,1240,1221
Mrpl38,3025,3251,1823,1545,2345,2473
Mrpl39,422,424,284,199,300,333
Mrpl4,4621,5081,2994,2490,3764,4023
Mrpl40,842,880,456,435,593,607
Mrpl41,6387,6462,3893,2944,4476,4566
Mrpl42,1080,1198,798,603,842,831
Mrpl43,1377,1409,731,613,959,979
Mrpl44,422,448,339,172,298,323
Mrpl45,1063,1163,834,531,843,909
Mrpl46,361,439,285,175,287,272
Mrpl47,752,816,654,381,627,614
Mrpl48,2250,2545,1678,1128,1813,1962
Mrpl49,383,537,250,229,283,317
Mrpl50,688,786,494,344,517,529
Mrpl51,883,959,631,447,637,683
Mrpl52,1670,1721,873,837,1259,1180
Mrpl53,432,672,229,298,411,450
Mrpl54,852,890,505,484,650,602
Mrpl55,1433,2069,1256,679,1382,1435
Mrpl57,918,940,408,573,514,530
Mrpl58,1904,2086,1535,986,1618,1621
Mrpl9,1584,1715,1531,769,1213,1235
Mrps10,2768,3183,2579,1366,2487,2417
Mrps11,689,791,521,353,628,676
Mrps12,1631,1804,922,713,1060,1181
Mrps14,1697,1709,897,804,1019,1270
Mrps15,3781,4084,2742,2066,3195,3000
Mrps16,974,995,592,450,664,696
Mrps17,2968,3049,2457,1361,2137,2128
Mrps18a,2174,2572,1544,1146,1824,1878
Mrps18b,473,651,361,341,426,404
Mrps18c,687,735,386,364,515,499
Mrps2,756,725,407,400,489,556
Mrps21,2126,2602,1455,1068,1725,1861
Mrps22,643,741,581,301,539,550
Mrps23,500,591,362,223,375,374
Mrps24,1428,1758,851,744,1193,1191
Mrps25,1181,1386,1378,656,1145,1089
Mrps26,4009,3794,1999,2152,2530,2496
Mrps27,1283,1493,1255,713,1098,1148
Mrps28,1130,1218,1038,562,907,886
Mrps30,953,1088,940,447,754,837
Mrps31,1402,1385,802,583,905,1053
Mrps33,1033,1124,640,498,665,707
Mrps34,1729,1994,1022,792,1326,1417
Mrps35,1399,1723,1538,777,1245,1290
Mrps36,634,765,397,334,435,467
Mrps5,4469,4151,3317,2056,3653,3733
Mrps6,1203,1638,1435,680,1412,1339
Mrps7,1348,1306,857,633,922,990
Mrps9,2036,2544,2082,1183,1954,1840
Mrrf,448,539,311,220,364,400
Mrs2,3213,3351,2783,1558,2507,2718
Mrto4,1022,1036,634,545,726,748
Mrvi1,16,41,28,26,31,37
Ms4a1,0,1,0,0,0,1
Ms4a10,0,0,0,0,0,0
Ms4a12,0,0,0,0,1,0
Ms4a13,0,0,0,0,0,0
Ms4a14,4,2,2,3,3,2
Ms4a15,1,38,0,19,0,0
Ms4a18,0,0,0,0,0,0
Ms4a2,0,0,1,0,0,1
Ms4a3,3,1,0,0,0,0
Ms4a4a,5,10,12,6,9,8
Ms4a4b,0,14,14,9,46,9
Ms4a4c,4,3,5,1,4,2
Ms4a4d,1,2,0,1,1,1
Ms4a5,0,0,0,0,0,0
Ms4a6b,63,92,90,33,118,70
Ms4a6c,32,34,28,20,44,21
Ms4a6d,41,55,53,21,83,37
Ms4a7,22,21,26,26,29,18
Ms4a8a,4,3,3,2,2,1
Msantd1,105,100,136,51,98,103
Msantd2,2077,2553,1847,1150,1943,1842
Msantd3,186,214,185,114,127,154
Msantd4,455,497,382,232,345,326
Msc,147,161,81,66,77,102
Msgn1,0,0,0,0,0,0
Msh2,1278,1322,1171,672,979,911
Msh3,2049,2173,2030,991,1785,1705
Msh4,37,52,49,22,38,34
Msh5,49,47,25,28,54,35
Msh6,296,354,302,133,253,236
Msi1,347,410,249,193,352,290
Msi2,3857,4741,3980,2195,3852,3825
Msl1,3276,3395,3053,1656,2875,2939
Msl2,1511,1778,1982,763,1316,1379
Msl3,903,1014,667,445,775,785
Msl3l2,372,347,183,148,169,183
Msln,42,40,17,21,28,35
Mslnl,15,17,18,8,9,15
Msmb,0,0,0,0,0,0
Msmo1,3366,4430,3305,1914,4360,3256
Msmp,4,4,2,2,6,5
Msn,188,279,203,187,419,160
Msr1,2,6,9,6,5,6
Msra,2656,3332,2543,1546,2411,2421
Msrb1,344,468,198,161,298,298
Msrb2,551,603,412,257,478,392
Msrb3,538,620,654,287,512,479
Mss51,66,70,61,35,52,54
Mst1,3,1,1,0,1,2
Mst1r,46,41,26,38,24,31
Mstn,11,8,1,1,6,5
Msto1,1020,1049,710,595,789,816
Msx1,44,90,19,19,42,43
Msx2,3,15,1,4,6,2
Msx3,1,2,2,3,1,0
Mt1,2175,3391,1280,1551,2300,2702
Mt2,241,349,119,177,247,269
Mt3,6678,8428,3484,4747,5506,5514
Mt4,0,0,0,1,0,0
Mta1,782,664,630,461,534,557
Mta2,945,872,813,446,707,766
Mta3,1230,1371,1331,671,1158,1076
Mtag2,120,170,69,85,105,112
Mtap,122,146,97,71,116,95
Mtbp,198,193,173,82,181,149
Mtch1,4951,5272,3789,2332,4135,4294
Mtch2,6895,9132,5833,3924,6784,6417
Mtcl1,3003,3413,3664,1930,2961,2497
Mtcp1,685,1015,921,422,737,735
Mtdh,10398,11522,9773,4749,9634,8994
Mterf1a,1408,1740,818,931,1047,1109
Mterf1b,189,136,103,78,83,115
Mterf2,494,404,293,193,259,273
Mterf3,1905,2220,1847,1003,1752,1896
Mterf4,807,978,644,390,692,702
Mtf1,1058,1322,1130,523,1050,1063
Mtf2,7258,7154,7391,3500,5444,5527
Mtfmt,1258,1322,1191,551,1000,955
Mtfp1,1037,1299,734,586,766,860
Mtfr1,220,217,194,96,191,154
Mtfr1l,1327,1169,860,654,861,857
Mtfr2,23,29,41,19,34,36
Mtg1,559,512,312,281,373,403
Mtg2,1644,1789,1326,830,1474,1505
Mthfd1,1688,2037,1387,919,1471,1510
Mthfd1l,780,771,622,296,601,653
Mthfd2,760,887,623,426,715,672
Mthfd2l,756,1211,550,620,800,690
Mthfr,1867,2087,1617,901,1670,1459
Mthfs,812,994,939,491,907,807
Mthfsd,2594,2685,2132,1477,2194,2193
Mthfsl,858,1293,1105,641,971,824
Mtif2,4324,4980,3137,2114,3752,3694
Mtif3,437,488,330,219,355,363
Mtm1,1616,1960,1788,972,1671,1488
Mtmr1,2804,3127,2578,1490,2527,2674
Mtmr10,1457,1546,1423,765,1408,1297
Mtmr11,280,306,181,182,248,252
Mtmr12,1537,1538,1806,762,1335,1365
Mtmr14,743,815,664,305,613,650
Mtmr2,1469,1640,1396,808,1403,1420
Mtmr3,2305,2655,2386,1372,2100,2041
Mtmr4,1012,996,1219,534,871,917
Mtmr6,2180,2060,2094,1106,1791,1660
Mtmr7,1987,2087,2005,921,1509,1618
Mtmr9,1308,1364,1016,624,900,1029
Mtnr1a,2,1,1,0,0,0
Mtnr1b,0,0,0,0,0,0
Mto1,2579,2786,1832,1191,2084,2075
Mtor,1849,1741,1769,844,1408,1391
Mtpap,1314,1658,1171,783,1135,1238
Mtpn,2097,2313,1484,1159,1564,1639
Mtr,1047,1201,1194,542,989,926
Mtrf1,427,406,253,233,292,288
Mtrf1l,711,821,640,362,591,620
Mtrr,317,346,287,140,253,235
Mtss1,1785,1662,1634,830,1655,1450
Mtss1l,984,1279,1091,823,787,844
Mttp,2044,2294,1087,1056,1431,1433
Mturn,1051,1212,1106,593,900,833
Mtus1,1170,1287,1019,547,1156,1041
Mtus2,3282,3489,3538,1706,2786,2675
Mtx1,1472,1648,1120,831,1260,1356
Mtx2,3015,3539,2606,1512,2452,2626
Mtx3,1964,1774,1520,875,1224,1248
Muc1,5,11,6,6,4,8
Muc13,0,0,0,1,0,0
Muc15,43,41,27,22,32,36
Muc16,2,1,0,0,0,0
Muc2,24,21,12,14,9,13
Muc20,2,1,2,0,0,1
Muc3,0,0,0,0,0,0
Muc3a,1090,972,853,533,696,757
Muc4,1,0,0,2,3,3
Muc5ac,4,4,0,1,0,2
Muc5b,2,5,1,2,3,2
Muc6,63,65,46,35,65,70
Mucl1,0,0,0,0,0,0
Mucl2,0,0,1,0,0,0
Mug1,0,0,0,0,0,0
Mug2,0,0,0,0,0,0
Mul1,1359,1611,1169,655,1064,1210
Mum1,1823,1876,1586,1033,1507,1372
Mum1l1,99,92,80,37,65,70
Mup1,0,1,0,0,0,0
Mup10,0,1,0,0,0,0
Mup11,0,0,0,0,0,0
Mup12,0,0,0,0,0,0
Mup13,0,0,0,0,0,0
Mup14,1,0,0,0,0,0
Mup15,0,0,0,0,0,0
Mup16,0,0,0,0,0,0
Mup17,0,1,0,0,0,0
Mup18,0,3,0,0,0,0
Mup19,0,0,0,0,0,0
Mup2,0,0,0,0,0,0
Mup20,0,0,0,0,0,0
Mup21,0,0,0,0,1,0
Mup3,1,0,0,0,0,0
Mup4,0,0,0,0,0,0
Mup5,14,6,1,4,3,1
Mup6,0,0,0,0,0,0
Mup7,0,0,0,0,0,0
Mup8,0,0,0,0,0,0
Mup9,0,0,0,0,0,0
Mus81,1881,2039,1246,978,1515,1490
Musk,37,21,18,8,15,31
Mustn1,17,25,8,11,9,18
Mut,537,488,409,231,389,360
Mutyh,65,129,55,55,94,81
Mvb12a,2729,3191,2008,1528,2621,2378
Mvb12b,1625,1871,1943,889,1503,1522
Mvd,291,352,313,221,435,291
Mvk,300,319,295,215,371,260
Mvp,515,452,577,285,515,411
Mx1,18,22,23,43,90,11
Mxd1,906,1152,917,378,731,811
Mxd3,22,40,24,11,27,32
Mxd4,2393,2825,2573,1239,2296,2287
Mxi1,1218,1655,1471,564,1111,1030
Mxra7,376,394,296,191,311,237
Mxra8,154,175,87,69,135,121
Mxra8os,3,2,3,0,0,3
Myadm,1418,1478,1196,552,1071,1224
Myadml2,143,126,60,57,70,61
Myadml2os,98,102,65,41,60,70
Myb,30,24,25,14,25,20
Mybbp1a,1673,1564,1560,871,1381,1420
Mybl1,48,50,45,27,38,43
Mybl2,70,86,72,31,52,80
Mybpc1,86,143,108,62,96,124
Mybpc2,3,1,3,0,1,0
Mybpc3,8,3,5,8,4,2
Mybph,94,102,77,57,111,87
Mybphl,4,3,3,1,1,0
Myc,128,109,73,50,70,97
Mycbp,728,980,551,370,688,835
Mycbp2,26407,23548,29978,11511,19768,21371
Mycbpap,158,147,111,74,108,131
Mycl,122,124,72,56,65,71
Mycn,240,189,150,104,109,128
Mycs,0,0,0,0,1,0
Myct1,3,2,1,4,7,1
Myd88,71,54,37,27,51,56
Mydgf,1216,1395,1010,586,1121,927
Myef2,5722,5951,5329,2932,4874,4879
Myf5,0,0,0,1,0,0
Myf6,3,0,0,4,1,1
Myg1,866,1043,665,481,729,738
Myh1,11,10,6,7,3,9
Myh10,5413,4742,5716,2455,3904,3797
Myh11,13,26,14,16,34,36
Myh13,4,3,5,7,6,3
Myh14,696,732,410,311,487,474
Myh15,1,5,2,3,8,5
Myh2,22,11,7,11,6,5
Myh3,42,42,26,17,23,21
Myh4,8,12,14,8,9,7
Myh6,4,6,4,2,4,2
Myh7,212,193,111,77,126,141
Myh7b,265,222,168,126,178,152
Myh8,6,5,5,5,2,2
Myh9,2673,3650,3407,1657,3323,3192
Myhas,20,40,15,9,12,8
Myl1,24,39,36,19,28,30
Myl10,0,0,0,0,0,0
Myl12a,170,222,134,106,178,166
Myl12b,2349,2675,1662,1175,1780,1666
Myl2,5,2,0,2,3,4
Myl3,3,0,2,1,2,2
Myl4,306,370,262,185,271,215
Myl6,3417,4429,2648,2272,3356,3044
Myl6b,192,248,141,134,155,163
Myl7,1,0,0,0,0,1
Myl9,12,41,10,20,62,46
Mylip,1195,1362,1129,753,1345,914
Mylk,121,139,96,60,101,81
Mylk2,1,0,0,0,0,0
Mylk3,161,169,94,80,102,107
Mylk4,5,6,2,1,1,2
Mylpf,2,15,3,4,8,6
Mymk,10,6,5,1,5,5
Mymx,0,0,0,0,0,0
Mynn,1755,2020,1159,659,1249,1392
Myo10,1133,1358,736,490,928,880
Myo15,16,23,18,11,22,13
Myo15b,25,30,27,10,20,20
Myo16,2026,2446,1837,1395,1788,1617
Myo18a,3915,4145,4117,2339,3783,3496
Myo18b,34,54,43,18,40,24
Myo19,1254,1524,1307,805,1219,1279
Myo1a,32,32,20,23,36,34
Myo1b,2925,2669,2394,1258,2105,2071
Myo1c,652,769,686,424,669,613
Myo1d,814,886,726,514,785,641
Myo1e,574,765,724,453,889,573
Myo1f,73,103,261,166,396,77
Myo1g,19,20,14,7,27,12
Myo1h,119,114,85,58,81,92
Myo3a,3,4,4,4,7,6
Myo3b,92,121,81,45,92,109
Myo5a,10093,9555,9396,5080,7341,7253
Myo5b,850,786,685,317,574,691
Myo5c,756,630,617,388,517,520
Myo6,3885,4880,3461,1779,3698,3660
Myo7a,269,220,221,132,209,172
Myo7b,1,1,1,0,2,1
Myo9a,7492,6587,8089,3600,5482,5552
Myo9b,3475,3715,3651,2126,3471,3332
Myoc,48,92,94,177,314,73
Myocd,25,20,23,19,16,24
Myocos,0,0,0,0,2,0
Myod1,5,8,2,0,5,6
Myof,81,122,105,55,113,92
Myog,4,0,0,0,0,0
Myom1,53,83,47,29,64,59
Myom2,7,1,1,0,3,1
Myom3,11,19,4,6,13,4
Myot,6,1,1,0,3,3
Myoz1,1,1,0,0,1,0
Myoz2,0,2,0,0,0,1
Myoz3,1,0,0,0,1,0
Mypn,197,208,165,102,147,140
Mypop,667,715,602,264,485,514
Mypopos,33,45,42,37,70,34
Myrf,746,821,781,481,1013,801
Myrfl,7,7,4,2,6,3
Myrip,2328,2809,2132,1499,1925,2081
Mysm1,6405,7267,6114,3056,5852,5866
Myt1,820,868,748,384,732,668
Myt1l,19067,20558,17133,9219,15115,16601
Myzap,77,85,94,49,57,60
Mzb1,6,3,4,3,1,3
Mzf1,1457,1474,1131,744,1018,1041
Mzt1,1213,1372,1049,560,961,956
Mzt2,262,299,151,139,188,192
N4bp1,2107,2298,2075,1067,1716,1762
N4bp2,776,683,927,242,668,718
N4bp2l1,1537,1852,1653,874,1393,1573
N4bp2l2,9331,9613,9473,3990,8173,8914
N4bp3,121,171,141,73,124,134
N6amt1,996,1132,988,508,891,892
Naa10,2278,2613,1812,1193,1990,1995
Naa11,4,1,0,0,2,0
Naa15,2877,2837,3466,1622,2539,2530
Naa16,1988,2110,2088,904,1911,2087
Naa20,1994,2203,1566,1074,1627,1563
Naa25,1714,1539,1762,844,1413,1431
Naa30,1592,1794,1464,858,1200,1236
Naa35,2735,2888,2495,1478,2592,2393
Naa38,875,837,373,462,506,493
Naa40,4136,3908,2639,1910,2882,3190
Naa50,1501,2170,1554,825,1579,1314
Naa60,730,862,732,418,681,631
Naaa,577,651,362,244,460,490
Naalad2,29,54,64,33,118,46
Naaladl1,5,5,1,1,4,6
Naaladl2,1425,1582,1235,666,1155,1275
Nab1,893,1231,968,588,1018,1004
Nab2,936,1331,925,360,993,1102
Nabp1,441,495,441,241,340,363
Nabp2,1486,1681,865,801,1193,1205
Naca,2089,2407,1656,1220,1816,1722
Nacad,626,658,474,345,556,522
Nacc1,648,761,675,422,574,574
Nacc2,706,760,695,416,650,518
Nadk,1582,1716,1353,770,1354,1477
Nadk2,790,1006,605,375,687,741
Nadsyn1,378,483,359,201,312,389
Nae1,4257,5143,5233,2067,4049,4037
Naf1,1142,1123,1066,465,884,947
Naga,675,781,515,333,630,589
Nagk,3292,3534,2331,1656,2856,2457
Naglu,474,493,334,232,466,280
Nagpa,660,714,511,335,545,524
Nags,2,5,0,2,3,0
Naif1,115,116,52,41,83,81
Naip1,14,10,14,8,13,7
Naip2,13,47,49,21,85,20
Naip5,19,36,72,48,109,25
Naip6,17,30,68,48,87,23
Nalcn,6378,6578,5532,2871,5023,5109
Nampt,661,595,609,329,495,426
Nanog,0,0,0,0,0,2
Nanos1,428,425,218,156,226,270
Nanos2,63,61,83,50,56,48
Nanos3,65,63,19,48,31,16
Nanp,470,479,234,230,310,351
Nans,223,222,152,101,168,152
Nap1l1,5075,5037,4805,2892,4586,4814
Nap1l2,1452,1241,802,517,753,776
Nap1l3,1516,1301,768,611,845,834
Nap1l4,1506,1558,1395,777,1414,1249
Nap1l5,9079,8219,5873,3613,5694,5659
Napa,3986,4014,3420,2165,3471,3668
Napb,5163,5422,4680,2847,4167,3963
Napepld,1535,1781,995,617,1094,1169
Napg,6039,5839,4850,2899,4471,4384
Naprt,71,107,84,51,121,111
Napsa,10,11,3,7,4,8
Narf,2289,2428,1871,1166,1991,2060
Narfl,1118,912,602,611,793,738
Nars,3634,3046,3096,1759,2855,2965
Nars2,2256,2678,2024,1206,2130,2181
Nasp,930,1170,1045,571,894,933
Nat1,8,14,5,7,13,8
Nat10,1308,1405,1435,798,1282,1252
Nat14,1616,1740,1010,603,1163,1106
Nat2,23,28,19,21,24,16
Nat3,1,0,0,0,0,0
Nat6,155,181,98,79,117,105
Nat8,9,21,4,8,17,19
Nat8f1,445,479,208,177,279,276
Nat8f2,1,4,3,1,0,3
Nat8f3,192,379,87,72,247,425
Nat8f4,73,84,38,33,55,68
Nat8f5,7,24,5,8,15,15
Nat8f6,13,22,7,13,13,24
Nat8f7,64,113,30,18,64,107
Nat8l,2269,2072,1979,1039,1547,1458
Nat9,536,586,342,301,430,419
Natd1,481,548,307,210,387,401
Nav1,8122,6955,7901,4297,6461,5930
Nav2,16114,18526,17404,9828,15580,14603
Nav3,10740,11577,9914,6465,8922,8305
Naxd,3530,4146,2622,1598,3035,3205
Naxe,1565,1904,1153,861,1336,1289
Nbas,2588,2745,2630,1271,2257,2146
Nbdy,854,1113,906,438,821,798
Nbea,13906,13369,17374,6974,11323,11661
Nbeal1,5567,5451,5207,2694,4667,4719
Nbeal2,398,355,398,181,369,325
Nbl1,368,503,282,153,312,310
Nbn,756,825,643,364,572,594
Nbr1,3147,3483,3009,1477,2711,2635
Ncald,5552,6539,5193,3276,4607,4345
Ncam1,18355,18807,13569,8387,14955,15831
Ncam2,6570,6959,5649,2969,5316,5146
Ncan,3351,3637,2801,1483,2642,2802
Ncapd2,1269,1300,966,735,1081,959
Ncapd3,4094,3778,4109,1913,3086,3214
Ncapg,16,22,19,18,18,11
Ncapg2,303,328,398,149,348,232
Ncaph,25,31,21,14,33,20
Ncaph2,1688,1652,1248,894,1400,1386
Ncbp1,2377,2636,2165,1054,1952,2234
Ncbp2,2346,2562,1876,1262,1881,1866
Ncbp3,1272,1777,1529,741,1328,1406
Nccrp1,1,1,0,0,0,1
Ncdn,4332,3757,3198,1664,2690,2865
Nceh1,4348,4230,3123,1525,3116,3018
Ncf1,117,151,267,129,274,163
Ncf2,82,101,178,94,285,79
Ncf4,17,9,30,27,45,15
Nck1,1354,1725,1275,607,1229,1248
Nck2,687,859,786,408,685,705
Nckap1,6712,4895,5047,2454,3939,4494
Nckap1l,149,221,263,156,354,145
Nckap5,640,805,514,316,580,632
Nckap5l,460,414,365,233,392,329
Nckap5los,5,17,11,8,10,7
Nckipsd,2239,2369,1929,1254,2047,2085
Ncl,3921,3645,3186,1699,2633,2625
Ncln,1876,1849,1508,900,1565,1451
Ncmap,51,32,33,21,34,33
Ncoa1,1940,2240,2212,1181,1735,1612
Ncoa2,3648,3928,3754,2082,3277,3107
Ncoa3,1878,1927,2209,988,1840,1794
Ncoa4,1210,1247,967,565,848,969
Ncoa5,3854,4373,3615,2053,3101,3320
Ncoa6,1284,1279,1397,703,1072,991
Ncoa7,7677,7674,6559,3972,6226,6693
Ncor1,10584,12258,10045,6229,9470,8854
Ncor2,4825,4794,4821,2466,3883,4146
Ncr1,2,3,1,0,0,0
Ncs1,1053,1140,1271,660,998,948
Ncstn,2780,2946,1861,1217,2182,2134
Ndc1,442,449,359,203,356,327
Ndc80,6,3,8,3,9,5
Nde1,197,263,221,128,265,302
Ndel1,2420,3035,2105,1146,2285,2209
Ndfip1,19756,19797,12110,7054,14412,14430
Ndfip2,9006,12862,8428,4038,8847,8747
Ndn,3767,3211,1328,1223,2545,1219
Ndnf,733,710,542,249,511,508
Ndor1,1786,2078,1894,850,1709,1594
Ndp,89,133,54,54,62,61
Ndrg1,843,939,687,393,871,744
Ndrg2,1196,1797,776,833,1285,1629
Ndrg3,9113,9861,6633,4591,7338,7460
Ndrg4,28490,18269,18064,8256,13328,18185
Ndst1,917,937,1026,511,763,754
Ndst2,1205,1309,958,590,1046,936
Ndst3,3394,4171,3701,1830,2969,3011
Ndst4,1230,1239,928,578,745,780
Ndufa1,846,936,463,471,581,539
Ndufa10,4361,4889,3198,2006,3552,3618
Ndufa11,2041,2493,1270,1183,1597,1531
Ndufa12,1636,1833,1109,780,1174,1219
Ndufa13,3643,4534,2707,2127,3084,2817
Ndufa2,1045,1150,651,689,841,716
Ndufa3,1628,1989,925,1124,1335,1352
Ndufa4,3994,4784,2613,1977,3168,2797
Ndufa4l2,19,20,10,24,38,24
Ndufa5,1373,1317,864,724,884,895
Ndufa6,3292,4294,2443,1606,2876,2713
Ndufa7,1297,1448,902,762,1063,952
Ndufa8,1052,1154,678,473,732,721
Ndufa9,917,1006,672,477,719,682
Ndufab1,2190,2654,1734,1073,1903,1923
Ndufaf1,780,877,566,320,566,628
Ndufaf2,930,1083,681,479,797,826
Ndufaf3,1609,1526,777,785,880,989
Ndufaf4,4488,4893,3502,2333,3860,4207
Ndufaf5,1699,2115,1598,823,1471,1670
Ndufaf6,1190,1313,938,538,1001,1001
Ndufaf7,2699,2985,1837,1350,2157,2150
Ndufaf8,435,429,251,255,351,285
Ndufb10,2302,2625,1293,1149,1581,1763
Ndufb11,1551,2042,1102,787,1331,1236
Ndufb2,1795,2377,1499,983,1609,1599
Ndufb3,1119,1109,537,555,606,754
Ndufb4,2268,2849,1285,1171,1516,1634
Ndufb5,2210,2410,1759,1104,1843,1590
Ndufb6,1216,1439,902,612,934,951
Ndufb7,1065,1181,721,593,802,682
Ndufb8,1977,2057,1312,966,1315,1277
Ndufb9,3665,4071,2054,1665,2571,2656
Ndufc1,810,915,595,467,615,521
Ndufc2,2987,3488,2206,1425,2326,2319
Ndufs1,3714,3792,3250,1800,2898,3109
Ndufs2,2201,2085,1526,1086,1522,1633
Ndufs3,3125,3757,2429,1580,2539,2612
Ndufs4,3954,4838,2793,2139,3372,3449
Ndufs5,1971,2396,1151,970,1442,1447
Ndufs6,575,607,328,296,382,340
Ndufs7,2428,3094,1696,1279,2007,2093
Ndufs8,895,1032,555,487,663,656
Ndufv1,2835,3277,2353,1365,2251,2410
Ndufv2,1338,1479,922,664,909,923
Ndufv3,1629,1811,1095,962,1253,1154
Neat1,8401,7728,6109,4533,8609,6813
Neb,77,61,97,36,55,67
Nebl,11997,14541,9295,6014,10859,11877
Necab1,4558,5200,3356,2187,3422,4105
Necab2,1021,922,722,330,719,865
Necab3,3099,3300,2675,1682,2407,2342
Necap1,1209,1368,932,629,987,1036
Necap2,922,1181,1152,483,946,854
Nectin1,1129,1135,1306,480,928,1075
Nectin2,245,257,216,104,259,212
Nectin3,937,893,732,504,652,545
Nectin4,114,96,74,69,96,72
Nedd1,198,217,170,105,190,180
Nedd4,8126,7644,8294,3588,6090,6239
Nedd4l,8187,9228,8980,4291,7491,8323
Nedd8,1109,1152,636,550,761,796
Nedd9,480,857,401,245,481,562
Nefh,624,585,601,263,468,510
Nefl,3213,2606,2329,1064,1571,2048
Nefm,3203,2970,2986,1306,2636,3070
Negr1,16793,17846,14280,8358,13650,14688
Neil1,905,850,566,443,590,568
Neil2,241,291,250,129,219,159
Neil3,13,6,20,9,30,10
Nek1,3870,3210,3291,1679,2675,2950
Nek10,440,359,388,137,307,326
Nek11,109,123,68,64,80,94
Nek2,41,36,20,14,22,29
Nek3,127,145,135,83,139,99
Nek4,1110,1047,1063,553,879,838
Nek5,3,6,6,2,15,6
Nek6,499,490,484,240,488,409
Nek7,676,956,920,531,949,673
Nek8,103,155,76,49,125,119
Nek9,2304,2394,1878,1186,1799,1732
Nelfa,1578,1764,1601,699,1366,1453
Nelfb,2147,2238,1574,1026,1828,1746
Nelfcd,970,887,739,457,750,743
Nelfe,1262,1230,772,619,1026,999
Nell1,2320,2395,2255,1079,1940,1949
Nell1os,5,1,1,1,3,3
Nell2,12814,13548,10977,5533,9884,9657
Nemf,3690,3754,3728,2128,3517,3242
Nemp1,633,643,457,268,482,478
Nemp2,620,641,495,341,506,399
Nenf,2393,2576,1447,1016,1887,1378
Neo1,4976,5424,4001,2456,4238,4176
Nepn,1,0,1,1,0,0
Nepro,285,316,317,134,283,301
Nes,28,42,23,37,56,29
Nespas,225,180,196,90,141,180
Net1,858,808,492,422,492,650
Neto1,5496,6331,5225,2567,4461,5259
Neto2,3301,3526,3077,1451,2498,2851
Neu1,2372,2417,2138,1146,1914,1675
Neu2,79,80,60,57,59,65
Neu3,60,44,29,27,39,41
Neu4,293,364,231,188,347,310
Neurl1a,1204,1380,1386,628,1156,1178
Neurl1b,754,840,890,361,722,628
Neurl2,107,96,64,48,84,52
Neurl3,39,42,80,63,112,33
Neurl4,899,910,888,518,713,701
Neurod1,531,438,302,255,273,286
Neurod2,1892,2019,1888,1065,1381,1307
Neurod4,17,15,13,4,12,10
Neurod6,1998,2098,1097,1089,1363,1395
Neurog1,2,7,3,3,4,7
Neurog2,11,4,2,5,3,1
Neurog3,6,1,2,1,1,4
Nexmif,2760,2468,2247,1115,1798,1868
Nexn,422,382,319,171,296,303
Nf1,4471,4999,5207,2423,4279,4208
Nf2,1537,1885,1559,822,1485,1417
Nfam1,97,107,155,73,196,102
Nfasc,8666,9126,9270,4579,8098,8085
Nfat5,7826,8708,8024,4184,7210,7421
Nfatc1,83,123,139,86,228,114
Nfatc2,815,947,811,324,769,758
Nfatc2ip,346,409,261,181,276,297
Nfatc3,1940,1959,1465,926,1499,1379
Nfatc4,7,21,4,5,16,18
Nfe2,0,0,0,0,0,0
Nfe2l1,3780,3852,3384,1628,2920,2662
Nfe2l2,202,311,246,145,339,227
Nfe2l3,386,448,292,217,326,327
Nfia,2829,4221,2267,1764,2975,3034
Nfib,8712,10656,7595,5699,7695,7943
Nfic,1680,1593,1501,960,1349,1102
Nfil3,162,319,178,119,201,186
Nfix,3100,3794,3353,2205,2918,2530
Nfkb1,1252,1290,1636,895,1135,1115
Nfkb2,36,31,22,27,30,22
Nfkbia,395,585,356,189,500,610
Nfkbib,601,668,458,229,440,459
Nfkbid,254,358,287,144,299,305
Nfkbie,67,97,78,28,57,49
Nfkbil1,489,639,379,273,404,363
Nfkbiz,414,629,532,263,514,511
Nfrkb,3564,3752,3597,1726,3215,3126
Nfs1,2725,3145,2189,1261,2376,2389
Nfu1,1704,2019,1136,854,1305,1321
Nfx1,6666,7172,7287,3460,6207,6285
Nfxl1,1120,1450,1386,653,1110,1125
Nfya,480,582,590,234,450,411
Nfyb,595,691,519,370,567,518
Nfyc,1896,2112,1736,958,1542,1667
Ngb,209,139,114,49,112,121
Ngdn,499,502,293,285,414,475
Ngef,6951,6602,4872,2654,4484,5118
Ngf,40,64,35,30,40,38
Ngfr,73,39,54,15,29,44
Ngly1,2108,2155,1811,872,1566,1557
Ngp,3,0,26,2,0,1
Ngrn,2195,2282,1280,1079,1510,1636
Nhej1,22,24,26,18,30,11
Nhlh1,3,4,4,2,1,1
Nhlh2,18,12,6,6,15,3
Nhlrc1,294,318,180,125,168,212
Nhlrc2,1867,1962,1433,1038,1462,1350
Nhlrc3,1496,1757,1135,878,1355,1233
Nhlrc4,11,21,7,5,15,13
Nhp2,475,491,306,250,335,306
Nhs,274,310,314,120,271,264
Nhsl1,156,263,134,97,196,187
Nhsl2,1395,1412,1597,711,1129,1210
Nicn1,3182,3883,2421,1630,2736,3201
Nid1,70,74,52,49,103,90
Nid2,46,59,32,27,44,40
Nif3l1,369,330,221,114,227,254
Nifk,531,508,299,219,327,340
Nim1k,1436,1674,1060,720,1163,1204
Nin,7574,8277,8322,4354,7254,7111
Ninj1,292,360,227,143,251,203
Ninj2,119,119,60,52,99,60
Ninl,477,516,394,258,343,294
Nip7,961,1029,712,471,725,754
Nipa1,2106,2689,1929,936,1772,1610
Nipa2,2726,3243,2608,1223,2370,2385
Nipal1,0,0,0,0,0,1
Nipal2,1993,1965,1761,862,1551,1551
Nipal3,2047,2035,1779,669,1549,1623
Nipal4,301,312,189,115,289,224
Nipbl,4525,5238,4673,2522,4089,4156
Nipsnap1,2203,2147,1539,1135,1584,1650
Nipsnap2,2271,2323,1453,1128,1559,1456
Nipsnap3a,1,0,0,0,0,0
Nipsnap3b,233,305,187,136,199,154
Nisch,10284,10843,10110,5773,9644,8757
Nit1,2708,2457,2038,1183,1780,2006
Nit2,266,303,205,106,209,208
Nkain1,586,692,514,338,564,469
Nkain2,11316,13174,10362,5752,9032,10004
Nkain3,2941,2566,2041,1064,2235,2525
Nkain4,457,686,225,218,473,377
Nkap,1647,2015,1393,749,1448,1641
Nkapl,262,181,66,72,107,104
Nkd1,113,139,105,70,126,105
Nkd2,48,58,36,25,35,58
Nkg7,3,14,14,3,35,7
Nkiras1,2475,2912,2074,1310,2229,2194
Nkiras2,415,388,263,183,274,280
Nkpd1,41,38,14,24,19,14
Nkrf,424,449,466,188,312,303
Nktr,23107,24116,25103,11888,20601,20876
Nkx1-1,0,0,0,0,0,0
Nkx1-2,0,0,0,1,0,0
Nkx2-1,71,26,86,22,36,51
Nkx2-2,328,305,170,176,258,194
Nkx2-2os,122,149,93,61,130,107
Nkx2-3,7,1,1,1,1,3
Nkx2-4,0,0,0,0,0,0
Nkx2-5,0,0,0,0,0,0
Nkx2-6,0,0,0,0,0,0
Nkx2-9,24,14,9,6,13,13
Nkx3-1,25,21,6,16,12,6
Nkx3-2,0,0,0,0,0,0
Nkx6-1,0,1,0,0,1,3
Nkx6-2,464,446,295,204,462,369
Nkx6-3,11,7,11,11,8,8
Nle1,1570,1640,1040,852,1314,1378
Nlgn1,10024,11544,9861,4763,8184,8891
Nlgn2,3602,3434,3568,1587,2738,2545
Nlgn3,4605,4705,3707,2089,3772,3691
Nlk,4063,4878,4219,2462,3685,4029
Nln,2998,3249,2991,1538,2523,2270
Nlrc3,65,52,75,33,75,63
Nlrc4,22,19,11,6,6,7
Nlrc5,11,14,61,24,99,20
Nlrp10,7,12,11,2,4,3
Nlrp12,2,1,2,3,2,2
Nlrp14,0,0,0,0,0,0
Nlrp1a,6,7,10,5,12,3
Nlrp1b,12,27,53,27,69,18
Nlrp2,0,0,0,0,0,0
Nlrp3,21,26,37,30,48,18
Nlrp4a,0,0,0,0,0,0
Nlrp4b,0,0,0,0,0,0
Nlrp4c,0,0,0,0,0,0
Nlrp4e,0,0,0,0,0,0
Nlrp4f,2,2,2,0,1,1
Nlrp5,2,0,3,3,2,3
Nlrp6,42,49,69,15,46,76
Nlrp9a,0,0,0,0,0,0
Nlrp9b,1,0,0,0,0,0
Nlrp9c,0,0,0,0,0,0
Nlrx1,240,194,139,123,129,137
Nmb,109,112,111,84,97,108
Nmbr,133,173,95,68,82,116
Nmd3,1627,1910,1631,930,1506,1407
Nme1,687,928,659,477,642,571
Nme2,1351,1550,774,686,1019,896
Nme3,655,728,292,386,429,416
Nme4,715,799,330,289,467,491
Nme5,706,859,439,287,505,562
Nme6,307,383,191,180,278,254
Nme7,848,919,765,436,776,705
Nme8,0,1,0,0,0,0
Nme9,1,1,1,0,2,2
Nmi,62,94,61,35,106,60
Nmnat1,347,357,322,175,311,330
Nmnat2,2779,3148,2913,1445,2664,2969
Nmnat3,497,491,332,164,400,349
Nmral1,469,492,310,230,402,352
Nmrk1,747,868,538,382,771,682
Nmrk2,2,4,5,3,9,4
Nms,2,0,8,0,3,0
Nmt1,2455,2508,2105,1272,1874,1997
Nmt2,4534,5511,4768,2618,4337,4721
Nmu,3,0,2,1,0,2
Nmur1,3,2,6,2,2,3
Nmur2,4,1,6,0,3,1
Nnat,4967,5649,4327,1986,5735,6396
Nnmt,17,16,13,9,18,21
Nnt,402,475,457,248,367,354
Nnt-1,0,0,0,0,0,0
Noa1,560,608,321,279,394,377
Nob1,3261,3585,2505,1850,2751,2912
Nobox,0,0,1,1,1,1
Noc2l,1620,1626,1447,964,1343,1397
Noc3l,1054,966,971,523,866,993
Noc4l,873,711,499,356,580,682
Noct,1513,1872,2201,711,1482,1699
Nod1,100,123,94,70,133,82
Nod2,28,47,48,20,44,37
Nodal,4,5,2,2,14,2
Nog,217,262,157,105,170,132
Nol10,1086,1216,916,579,890,939
Nol11,2213,2196,1758,1103,1747,1744
Nol12,618,655,474,335,491,469
Nol3,397,408,283,206,282,265
Nol4,3599,4314,3086,1983,2972,3246
Nol4l,1418,1676,1746,801,1401,1202
Nol6,1001,805,874,402,740,671
Nol7,1104,1128,889,581,941,818
Nol8,1239,1219,1015,553,973,924
Nol9,1070,973,958,471,813,811
Nolc1,1848,2283,1504,821,1513,1566
Nom1,1340,1469,1496,622,1198,1125
Nomo1,1305,1307,1119,618,1080,1003
Nono,2697,3159,2209,1438,2739,2589
Nop10,2054,1960,990,993,1089,1246
Nop14,972,996,849,519,781,771
Nop16,322,403,269,184,270,264
Nop2,672,726,731,392,589,682
Nop53,686,831,556,377,586,618
Nop56,4315,4346,4092,2432,3989,3850
Nop58,1561,1731,1682,791,1472,1385
Nop9,949,1215,640,482,777,879
Nos1,605,573,679,315,504,443
Nos1ap,9313,11435,8973,5431,8486,8370
Nos2,7,2,2,2,2,1
Nos3,241,151,76,71,87,114
Nosip,587,580,353,318,420,392
Nostrin,43,58,28,38,80,61
Notch1,408,564,242,256,529,414
Notch2,378,522,355,189,448,368
Notch3,56,50,41,36,97,70
Notch4,53,67,40,24,48,45
Noto,2,0,0,0,0,1
Notum,21,40,13,21,31,31
Notumos,7,8,3,3,3,4
Nov,1626,1695,1112,580,1032,1020
Nova1,1792,1821,1790,838,1390,1420
Nova2,2090,2310,2520,1292,2087,1684
Nox1,16,15,6,11,9,13
Nox3,2,3,1,0,1,1
Nox4,12,15,22,7,20,10
Noxa1,0,0,0,0,0,0
Noxo1,102,120,98,50,95,80
Noxred1,50,75,124,28,83,94
Npas1,299,316,263,200,263,280
Npas2,2136,2740,1962,1188,1795,2060
Npas3,702,933,536,424,606,590
Npas4,3576,2147,1123,446,809,1447
Npat,1458,1516,1599,663,1208,1095
Npb,8,5,8,7,5,9
Npbwr1,15,24,10,7,15,15
Npc1,3602,4418,3423,1533,3421,3214
Npc1l1,57,33,47,41,35,49
Npc2,1173,1460,1028,662,1473,835
Npcd,1,1,0,0,0,0
Npdc1,10618,10607,6656,4625,7663,7936
Npepl1,241,282,177,151,290,233
Npepps,6701,6714,5866,3524,5711,5436
Npff,75,97,93,53,81,96
Npffr1,136,65,68,34,60,65
Npffr2,30,35,20,22,19,20
Nphp1,545,563,411,269,458,464
Nphp3,1396,1329,1213,752,1102,960
Nphp4,768,834,620,487,622,593
Nphs1,25,45,13,8,24,41
Nphs1os,0,7,1,3,3,8
Nphs2,1,2,1,0,0,0
Npl,210,290,183,99,227,238
Nploc4,664,726,822,437,754,651
Npm1,2149,2088,1724,1177,1736,1685
Npm2,15,22,17,8,12,8
Npm3,348,475,243,150,351,347
Npn2,0,0,0,0,0,0
Npnt,689,769,588,313,612,547
Nppa,4,10,3,9,1,2
Nppb,0,1,2,0,1,0
Nppc,383,454,177,117,247,224
Npr1,56,63,61,22,71,49
Npr2,1181,981,972,627,807,797
Npr3,391,501,328,169,234,327
Nprl2,2144,2278,1445,1127,1807,1919
Nprl3,3419,3103,2093,1514,2306,2308
Nps,0,1,1,0,1,1
Npsr1,240,409,173,147,247,230
Nptn,21813,25635,19519,9354,17553,17177
Nptx1,4009,4424,3955,1800,3228,3513
Nptx2,1359,1428,927,449,972,1157
Nptxr,7364,6410,5622,2896,4508,4840
Npvf,0,0,0,0,0,0
Npw,3,7,2,0,3,2
Npy,3103,4407,2837,1964,3046,2387
Npy1r,1860,1666,1246,680,1157,1018
Npy2r,279,263,248,97,254,274
Npy4r,1,0,1,0,0,0
Npy5r,890,875,427,307,515,571
Npy6r,0,0,0,0,1,1
Nqo1,48,56,24,24,49,44
Nqo2,74,108,84,46,75,69
Nr0b1,1,0,0,0,1,0
Nr0b2,1,0,1,0,0,1
Nr1d1,1835,2163,1354,1031,1394,1385
Nr1d2,3798,4044,3868,1454,2994,3335
Nr1h2,1452,1465,1090,809,1171,1180
Nr1h3,64,71,54,36,45,61
Nr1h4,9,6,3,2,4,6
Nr1h5,4,1,2,0,0,3
Nr1i2,1,0,0,0,0,0
Nr1i3,49,51,28,31,49,47
Nr2c1,639,658,548,333,532,596
Nr2c2,2969,3533,3067,1872,2617,2419
Nr2c2ap,931,968,540,399,643,706
Nr2e1,203,379,101,95,227,214
Nr2e3,1,0,1,0,0,0
Nr2f1,2162,2194,1355,1251,1326,1407
Nr2f2,740,665,572,269,526,582
Nr2f6,335,396,265,180,258,273
Nr3c1,3777,4030,3726,1811,3274,3010
Nr3c2,1744,1801,1661,828,1303,1453
Nr4a1,1482,5261,3088,962,2639,3274
Nr4a2,2195,4273,2162,1160,2170,2035
Nr4a3,311,1392,853,184,739,634
Nr5a1,6,3,5,1,5,2
Nr5a1os,0,2,0,0,0,0
Nr5a2,0,0,1,0,0,1
Nr6a1,1940,2391,1947,1095,1707,1831
Nr6a1os,217,310,144,133,227,220
Nradd,77,112,71,60,102,81
Nrap,23,36,22,12,30,24
Nrarp,251,395,77,94,170,271
Nras,1093,1406,1135,613,1063,1008
Nrbf2,673,869,575,375,613,592
Nrbp1,1231,1249,1106,630,1074,1056
Nrbp2,4184,3048,3342,1941,2692,2876
Nrcam,23117,26946,22178,12564,20567,20133
Nrd1,7785,8274,9005,3963,7845,7697
Nrde2,461,418,306,201,289,298
Nrep,732,783,457,504,460,403
Nrf1,942,1056,999,508,986,906
Nrg1,2974,3246,2708,1556,2385,2415
Nrg2,3262,4073,2549,1694,2674,2876
Nrg3,4360,5404,5579,3006,3773,3915
Nrg3os,6,9,3,6,7,14
Nrg4,692,700,402,287,492,445
Nrgn,9111,10919,6048,5997,7042,7055
Nrip1,3974,5089,3848,1934,3818,3669
Nrip2,835,813,561,412,678,639
Nrip3,1238,1847,1234,969,1389,1517
Nrk,0,3,2,2,1,2
Nrl,26,16,14,14,11,15
Nrm,168,177,132,80,131,124
Nrn1,4733,5837,3682,2464,3721,3863
Nrn1l,39,55,26,20,24,24
Nron,11,5,11,3,7,8
Nrp1,2192,2838,2559,1441,2838,2457
Nrp2,2863,2455,2791,986,2392,2227
Nrros,605,829,651,357,910,510
Nrsn1,2657,2503,1750,1247,1762,1769
Nrsn2,2494,2031,1763,697,1764,1511
Nrtn,56,74,57,34,54,54
Nrxn1,35715,37533,35802,17641,28558,29294
Nrxn2,6588,6775,7056,3518,5823,5280
Nrxn3,29370,29874,24119,15295,23590,25016
Nsa2,1380,1453,1073,648,962,1083
Nsd1,8752,8328,9964,4150,6852,7053
Nsd2,6861,6658,7871,3619,6106,5922
Nsd3,10940,10817,12257,5124,9449,9864
Nsdhl,657,868,985,458,976,720
Nsf,8969,9186,8788,4446,7787,7611
Nsfl1c,1874,2330,1752,987,1806,1838
Nsg1,4551,4256,3185,1554,3099,2980
Nsg2,8079,8602,6152,3198,5827,5772
Nsl1,35,22,32,13,22,17
Nsmaf,2541,2589,2842,1407,2266,2237
Nsmce1,184,222,135,95,159,133
Nsmce2,2999,3622,3149,1615,2825,2874
Nsmce3,2023,1957,1361,774,1321,1389
Nsmce4a,1037,1064,834,532,770,750
Nsmf,7467,7221,5922,3597,6591,6655
Nsrp1,589,671,473,371,563,528
Nsun2,1967,2037,1899,1004,1720,1783
Nsun3,597,786,426,414,546,487
Nsun4,589,655,432,278,486,469
Nsun5,858,972,786,465,802,776
Nsun6,1988,1922,1239,933,1402,1422
Nsun7,3317,3438,2651,1301,2834,2947
Nt5c,2190,2565,1642,1114,1737,1885
Nt5c1a,69,92,65,51,84,86
Nt5c1b,0,3,0,0,0,1
Nt5c2,3796,4375,3274,1779,3142,3225
Nt5c3,1264,1393,1061,616,990,973
Nt5c3b,1071,1167,915,566,885,960
Nt5dc1,833,894,443,373,582,526
Nt5dc2,38,42,17,7,28,24
Nt5dc3,2021,2750,2203,923,1982,2177
Nt5e,447,440,348,166,368,401
Nt5m,1194,1749,1475,641,1255,1324
Ntan1,2142,2440,1553,1118,1816,1671
Ntf3,52,59,49,30,38,43
Ntf5,6,11,6,8,10,6
Nthl1,121,135,98,57,116,137
Ntm,13676,16340,11502,8119,12446,11975
Ntmt1,2132,2462,1470,1060,1781,1730
Ntn1,223,276,238,114,279,191
Ntn4,255,268,164,121,168,162
Ntn5,422,470,335,248,288,320
Ntng1,5659,5351,4077,2280,4317,3997
Ntng2,249,300,284,171,207,212
Ntpcr,326,323,234,179,271,202
Ntrk1,104,49,41,6,36,32
Ntrk2,20045,22791,26135,10013,21472,24443
Ntrk3,11635,12127,12533,5085,9126,9876
Nts,335,290,338,42,333,497
Ntsr1,227,269,201,124,170,202
Ntsr2,2600,4291,1325,1237,2461,2505
Nuak1,1178,1558,1887,779,1580,1391
Nuak2,76,61,63,27,94,54
Nub1,2398,2661,2136,1194,2262,2087
Nubp1,1198,1374,1206,640,1202,1216
Nubp2,310,286,162,140,165,197
Nubpl,528,532,383,271,382,359
Nucb1,1782,1960,1481,848,1608,1439
Nucb2,711,693,509,318,580,527
Nucks1,1920,2136,1660,1136,1420,1206
Nudc,1597,1972,1511,754,1417,1390
Nudcd1,1540,1858,1457,841,1401,1524
Nudcd2,1930,2051,1177,1111,1390,1377
Nudcd3,5505,5610,5060,2959,5312,5485
Nudt1,65,88,40,54,43,57
Nudt10,291,330,191,184,223,248
Nudt11,448,474,261,204,210,277
Nudt12,247,264,187,125,202,190
Nudt12os,2,1,2,0,1,4
Nudt13,979,951,999,412,852,875
Nudt14,211,207,108,98,156,125
Nudt15,48,57,39,36,29,38
Nudt16,1111,1154,494,588,737,673
Nudt16l1,786,774,643,369,643,659
Nudt17,548,603,333,239,358,402
Nudt18,741,651,384,409,402,396
Nudt19,1065,1152,642,446,678,735
Nudt2,267,232,159,146,197,161
Nudt21,1686,1883,1395,810,1311,1433
Nudt22,206,251,123,103,168,211
Nudt3,3585,4184,3617,1975,3069,3072
Nudt4,1328,1600,1213,582,1012,912
Nudt5,1446,1903,1173,749,1490,1574
Nudt6,381,444,250,197,314,269
Nudt7,134,165,91,61,131,119
Nudt8,748,811,437,461,606,616
Nudt8-1,70,103,80,57,93,86
Nudt9,993,1515,832,537,1004,972
Nuf2,11,10,13,7,15,8
Nufip1,1693,2026,1381,807,1498,1577
Nufip2,2841,3026,3428,1223,2347,2308
Nuggc,5,1,2,1,1,2
Numa1,2391,2612,2582,1332,2375,2287
Numb,9145,10970,8173,5495,9523,9388
Numbl,1776,2000,2613,919,1999,1745
Nup107,850,777,614,388,539,585
Nup133,1070,1016,957,515,854,880
Nup153,1890,1755,1859,917,1543,1465
Nup155,1432,1370,1317,679,1109,1123
Nup160,1293,1467,1461,653,1146,1175
Nup188,662,681,673,366,572,523
Nup205,1238,1304,1241,694,1032,1014
Nup210,1818,1769,1576,839,1355,1383
Nup210l,15,12,17,16,9,14
Nup214,1850,1871,1943,973,1531,1587
Nup35,558,616,488,291,499,491
Nup37,935,931,430,399,584,650
Nup43,446,605,334,198,424,381
Nup50,1809,2021,1589,828,1439,1576
Nup54,663,801,542,366,596,595
Nup62,471,554,367,187,349,357
Nup62cl,3,2,2,1,2,1
Nup85,923,973,886,521,867,830
Nup88,2764,2908,2555,1406,2311,2229
Nup93,4767,5817,4626,2276,4228,4866
Nup98,3920,4915,4785,1846,3821,3995
Nupl1,26,17,27,19,16,13
Nupl2,1191,1242,602,565,777,861
Nupr1,188,317,129,134,256,212
Nupr1l,118,98,47,63,69,55
Nus1,1930,2285,2097,943,1802,1861
Nusap1,12,13,7,11,15,10
Nutf2,848,1030,603,492,770,757
Nutf2-ps1,8,12,2,4,6,7
Nutm1,7,4,1,3,1,1
Nutm2,0,0,0,0,0,0
Nvl,12102,10737,11439,5436,8738,9958
Nwd1,593,1002,525,272,696,840
Nwd2,4913,5634,4147,2398,3899,3813
Nxf1,5392,5970,4331,3000,4662,4715
Nxf2,0,3,4,2,1,2
Nxf3,6,3,1,3,3,5
Nxf7,99,100,45,67,67,89
Nxn,61,81,42,31,67,65
Nxnl1,4,6,0,1,1,3
Nxnl2,11,16,9,5,8,12
Nxpe2,8,8,7,6,6,7
Nxpe3,1524,1657,1037,688,1125,1091
Nxpe4,1994,2197,1609,1066,1582,1512
Nxpe5,1,0,0,0,0,0
Nxph1,3195,3427,3270,1733,3137,2772
Nxph2,185,193,129,80,121,131
Nxph3,321,392,260,225,297,208
Nxph4,210,230,137,92,182,135
Nxt1,859,902,473,348,600,653
Nxt2,255,317,159,119,174,183
Nyap1,1453,1585,1452,772,1318,1245
Nyap2,4309,5006,4092,2357,3286,3225
Nynrin,230,214,149,89,162,175
Nyx,35,32,41,17,14,22
OR5BS1P,0,0,0,0,0,0
Oacyl,143,115,106,60,66,52
Oaf,146,368,78,66,207,181
Oard1,322,344,231,160,262,249
Oas1a,3,13,33,18,69,3
Oas1c,21,24,18,14,10,9
Oas1d,0,0,0,0,0,0
Oas1e,0,0,0,0,0,0
Oas1f,0,0,0,0,0,0
Oas1g,1,2,10,5,32,1
Oas1h,0,0,0,0,0,0
Oas2,5,2,10,4,37,5
Oas3,1,1,1,0,1,1
Oasl1,0,2,2,7,10,1
Oasl2,57,75,91,100,296,52
Oat,766,833,484,355,538,555
Oaz1,6050,6484,3786,2759,4418,4471
Oaz2,1912,2165,1297,1052,1563,1542
Oaz3,61,44,29,31,37,36
Obox1,0,0,0,0,0,0
Obox2,0,0,0,0,0,0
Obox3,0,0,0,0,0,0
Obox4-ps35,0,0,0,0,0,0
Obox5,0,1,0,0,0,0
Obox6,0,0,0,0,0,0
Obox7,1,0,0,0,0,2
Obox8,0,0,0,0,0,0
Obp1a,0,0,0,0,0,0
Obp1b,0,0,0,0,0,0
Obp2a,0,0,0,0,0,0
Obp2b,2,2,0,2,0,4
Obscn,109,161,128,59,101,91
Obsl1,931,1015,729,446,740,717
Oc90,0,1,0,1,2,0
Oca2,7,12,17,8,9,7
Ocel1,1371,1665,1240,682,1238,1114
Ociad1,8116,8429,6693,3385,6041,5921
Ociad2,3317,3684,3205,1612,2864,3623
Ocln,75,78,39,32,92,64
Ocm,1,3,1,4,1,1
Ocrl,5154,5459,4119,2588,4051,4249
Ocstamp,0,0,1,1,1,0
Odam,0,0,0,0,0,0
Odaph,2,3,1,0,0,1
Odc1,587,639,414,292,458,399
Odf1,0,0,0,0,0,1
Odf2,6994,6516,5555,4243,5747,5312
Odf2l,1953,2283,2531,1027,1777,1688
Odf3,2,12,2,1,9,8
Odf3b,94,59,45,37,57,47
Odf3l1,2,2,1,4,1,1
Odf3l2,4,3,1,3,1,3
Odf4,57,47,45,16,35,30
Ofcc1,0,1,0,0,0,0
Ofd1,901,945,849,395,706,637
Ogdh,4423,5098,3622,2328,3764,3705
Ogdhl,613,530,559,324,473,508
Ogfod1,3437,3804,3196,1557,2737,2993
Ogfod2,1493,1666,999,747,1169,1293
Ogfod3,305,353,196,126,271,205
Ogfr,809,873,635,413,721,725
Ogfrl1,2780,3319,2167,1492,2020,1972
Ogg1,611,680,318,252,421,461
Ogn,54,184,27,13,91,90
Ogt,26535,28983,20337,13432,21223,22184
Oip5,34,30,23,19,23,20
Oit1,0,0,0,1,0,0
Oit3,3,3,0,1,2,1
Ola1,3787,4447,2923,1973,3092,3151
Olah,10,6,0,1,2,2
Olfm1,13587,14362,10938,5986,10240,8994
Olfm2,3112,3517,2421,1548,2757,2583
Olfm3,2832,3114,2528,1131,2404,2371
Olfm4,14,11,17,3,10,14
Olfm5,0,0,0,1,0,0
Olfml1,763,745,464,311,644,496
Olfml2a,46,71,22,13,48,36
Olfml2b,253,408,273,117,296,318
Olfml3,200,329,305,185,583,200
Olfr1,0,0,0,0,0,0
Olfr10,3,6,3,0,0,1
Olfr1000,0,0,0,0,0,0
Olfr1002,0,0,0,0,0,0
Olfr1006,0,0,0,0,0,0
Olfr1008,0,0,0,0,0,0
Olfr1009,0,0,0,0,0,0
Olfr101,1,2,0,0,0,2
Olfr1012,0,0,0,0,0,0
Olfr1013,0,0,0,0,0,0
Olfr1014,0,0,0,0,0,0
Olfr1015,0,0,0,0,0,0
Olfr1016,0,0,0,0,0,0
Olfr1018,0,0,0,0,0,0
Olfr1019,0,0,0,0,0,0
Olfr102,4,1,0,0,3,2
Olfr1020,0,0,0,0,0,0
Olfr1022,0,0,0,0,0,0
Olfr1023,0,0,0,0,0,0
Olfr1024,0,0,0,0,0,0
Olfr1025-ps1,0,0,0,0,0,0
Olfr1026,0,0,0,0,0,0
Olfr1028,0,1,1,0,1,0
Olfr1029,1,0,8,0,7,1
Olfr103,2,3,2,1,0,6
Olfr1030,1,0,1,0,0,0
Olfr1031,0,0,0,0,2,0
Olfr1032,0,0,0,0,0,0
Olfr1033,13,22,11,10,23,21
Olfr1034,1,1,1,1,1,0
Olfr1036,0,0,0,0,0,0
Olfr1037,0,0,0,0,0,0
Olfr1039,0,0,0,0,0,0
Olfr104-ps,0,1,0,0,1,0
Olfr1040,0,0,0,0,0,0
Olfr1042,0,0,0,0,0,0
Olfr1043,0,0,0,0,0,0
Olfr1044,0,0,0,0,0,0
Olfr1045,0,0,0,0,0,0
Olfr1046,0,0,0,0,0,0
Olfr1047,0,0,0,0,0,0
Olfr1048,0,0,0,0,0,0
Olfr1049,0,0,0,0,0,0
Olfr105-ps,2,0,1,0,0,1
Olfr1051,0,0,0,0,0,0
Olfr1052,0,0,0,0,0,0
Olfr1053,0,0,0,0,0,0
Olfr1054,0,0,0,0,0,0
Olfr1055,0,0,0,1,1,0
Olfr1056,0,0,0,0,0,0
Olfr1057,0,0,0,0,0,0
Olfr1058,0,0,0,0,0,0
Olfr106-ps,0,0,0,0,0,0
Olfr1061,0,0,0,0,0,0
Olfr1062,0,0,0,0,0,0
Olfr1065,0,0,0,0,0,0
Olfr1066,0,0,0,0,0,0
Olfr107,1,2,0,1,1,3
Olfr1076,0,0,0,0,0,0
Olfr1079,0,0,0,0,0,0
Olfr108,0,0,0,0,0,0
Olfr1080,0,0,0,0,0,0
Olfr1082,0,0,0,0,0,0
Olfr1084,0,0,0,0,0,0
Olfr1085,0,0,0,0,0,0
Olfr1086,0,0,0,0,0,0
Olfr1087,0,0,0,0,0,0
Olfr1089,0,0,0,0,0,0
Olfr109,0,1,0,1,0,0
Olfr1090,0,0,0,0,0,0
Olfr1093,0,0,0,0,0,0
Olfr1094,0,0,0,0,0,0
Olfr1095,0,0,0,0,0,0
Olfr1097,0,0,0,0,0,0
Olfr1098,0,0,0,0,0,0
Olfr1099,0,0,0,0,0,0
Olfr11,1,1,0,0,0,1
Olfr110,21,28,65,59,141,19
Olfr1100,0,0,0,0,0,0
Olfr1101,0,0,0,0,0,0
Olfr1102,0,0,0,0,0,0
Olfr1104,0,0,0,0,0,0
Olfr1105,0,0,0,0,0,0
Olfr1106,0,0,0,0,0,0
Olfr1107,0,0,0,0,0,0
Olfr1109,0,0,0,0,0,0
Olfr111,21,24,135,62,189,14
Olfr1110,0,0,0,0,0,0
Olfr1111,0,0,0,0,0,0
Olfr1112,0,0,0,0,0,0
Olfr1113,0,0,0,0,0,0
Olfr1115,0,0,0,0,0,0
Olfr1116,0,0,0,2,0,0
Olfr1118,0,0,0,0,0,0
Olfr112,5,4,3,2,7,2
Olfr1120,0,0,0,0,0,0
Olfr1121,0,0,0,0,0,0
Olfr1122,0,1,0,0,0,0
Olfr1123,0,0,0,0,0,0
Olfr1124,0,0,0,0,0,0
Olfr1126,0,0,0,0,0,0
Olfr1128,0,0,0,0,0,0
Olfr1129,0,3,0,0,1,0
Olfr113,0,0,0,2,2,4
Olfr1130,0,1,1,0,2,0
Olfr1131,1,1,1,0,1,0
Olfr1132,0,0,0,0,0,0
Olfr1133,0,0,0,0,0,0
Olfr1134,0,0,0,0,0,0
Olfr1135,0,0,0,0,0,0
Olfr1136,0,0,0,0,0,0
Olfr1137,0,0,0,0,0,0
Olfr1138,0,0,0,0,0,0
Olfr114,5,6,7,8,8,11
Olfr1140,1,1,0,0,0,0
Olfr1141,0,0,0,0,0,0
Olfr1143,0,0,0,0,0,0
Olfr1145,0,0,0,0,0,0
Olfr1148,0,0,0,0,0,0
Olfr115,1,1,1,1,3,1
Olfr1150-ps1,0,0,0,0,0,0
Olfr1151,0,0,0,0,0,0
Olfr1152,0,0,0,0,0,0
Olfr1153,0,0,0,0,0,0
Olfr1154,0,0,0,0,0,0
Olfr1155,0,0,0,0,0,0
Olfr1156,4,0,1,0,0,0
Olfr1157,0,0,0,0,0,0
Olfr1158,0,0,0,0,0,0
Olfr116,4,7,2,7,7,5
Olfr1160,0,0,0,0,0,0
Olfr1161,0,0,0,0,0,0
Olfr1162,0,0,0,0,0,0
Olfr1163,0,0,0,0,0,0
Olfr1164,0,0,0,0,0,0
Olfr1166,0,0,0,0,0,0
Olfr1167,0,0,0,0,0,0
Olfr1168,0,0,0,0,0,0
Olfr117,1,0,1,1,1,0
Olfr1170,0,0,0,0,0,0
Olfr1173,0,0,0,0,0,1
Olfr1174-ps,0,0,0,0,0,0
Olfr1175-ps,0,0,0,0,0,0
Olfr1176,0,0,0,0,0,0
Olfr1177-ps,0,0,0,0,0,0
Olfr1178,0,0,0,0,0,0
Olfr1179,0,0,0,0,0,0
Olfr118,2,1,1,1,1,1
Olfr1180,0,0,0,0,0,0
Olfr1181,0,0,0,0,0,0
Olfr1183,0,0,0,0,0,0
Olfr1184,0,0,0,0,0,0
Olfr1185-ps1,0,0,0,0,0,0
Olfr1186,0,0,0,0,0,0
Olfr1188,0,0,0,0,0,0
Olfr1189,0,0,0,0,0,0
Olfr119,1,0,0,0,0,0
Olfr1191-ps1,1,0,0,0,2,0
Olfr1192-ps1,0,0,0,0,0,0
Olfr1193,0,0,0,0,0,0
Olfr1195,0,0,0,0,0,0
Olfr1196,0,0,0,0,0,0
Olfr1197,0,0,0,0,0,0
Olfr1198,0,0,0,0,0,0
Olfr1199,0,0,0,0,0,0
Olfr12,0,0,0,0,0,0
Olfr120,0,0,0,0,1,0
Olfr1200,0,0,0,0,0,0
Olfr1201,0,0,0,0,0,0
Olfr1202,0,0,0,0,0,0
Olfr1204,0,0,0,0,0,0
Olfr1205,0,0,0,0,0,0
Olfr1206,0,0,0,0,0,0
Olfr1208,0,0,0,0,0,0
Olfr1209,1,0,0,0,3,2
Olfr121,0,0,1,0,0,0
Olfr1211,0,0,0,0,0,0
Olfr1212,0,0,0,0,0,0
Olfr1214,0,0,0,0,0,0
Olfr1215,0,0,0,0,0,0
Olfr1216,0,0,0,1,0,0
Olfr1217,0,0,2,0,0,0
Olfr1218,0,0,0,0,0,0
Olfr1219,1,0,0,0,0,0
Olfr122,0,0,0,0,0,0
Olfr1220,0,1,1,1,0,0
Olfr1221,0,0,0,0,0,0
Olfr1222,0,0,0,0,0,0
Olfr1223,0,0,0,0,0,0
Olfr1224-ps1,0,0,0,0,0,0
Olfr1225,1,0,0,0,0,0
Olfr1226,1,0,0,0,0,0
Olfr1228,0,0,0,0,0,0
Olfr1229,0,0,0,0,0,0
Olfr123,0,0,0,0,0,0
Olfr1230,0,0,0,0,0,0
Olfr1231,0,0,0,0,0,0
Olfr1232,0,0,0,0,0,0
Olfr1233,0,0,0,0,0,0
Olfr1234,0,0,0,0,0,0
Olfr1238,2,0,1,5,1,0
Olfr1239,0,0,0,0,0,0
Olfr124,0,0,0,0,0,0
Olfr1240,0,0,0,0,0,0
Olfr1241,0,0,0,0,0,0
Olfr1242,0,0,0,0,0,0
Olfr1243,0,0,0,0,0,0
Olfr1245,0,0,0,0,0,0
Olfr1246,0,0,0,0,0,1
Olfr1247,7,11,11,10,6,7
Olfr1248,0,0,0,0,0,0
Olfr1249,0,0,0,0,0,0
Olfr125,0,0,0,0,0,0
Olfr1250,1,2,4,2,2,2
Olfr1251,0,0,0,0,0,0
Olfr1252,0,0,0,0,0,0
Olfr1253,0,0,0,0,0,0
Olfr1254,1,0,0,1,0,1
Olfr1255,0,0,0,0,0,0
Olfr1256,0,0,0,0,0,0
Olfr1257,0,0,0,0,0,0
Olfr1258,0,1,0,0,0,0
Olfr1259,3,0,0,1,2,0
Olfr126,0,0,0,0,0,0
Olfr1260,0,0,0,0,0,0
Olfr1261,0,0,0,0,0,0
Olfr1262,3,1,0,0,0,0
Olfr1263,0,0,0,0,0,0
Olfr1264,1,0,0,0,0,0
Olfr1265,0,0,0,0,0,0
Olfr1269,1,0,0,1,0,0
Olfr127,0,0,0,0,0,0
Olfr1270,0,0,1,2,0,1
Olfr1271,0,1,0,0,0,0
Olfr1272,0,0,0,0,0,0
Olfr1274-ps,0,0,1,1,0,2
Olfr1275,0,0,0,0,0,0
Olfr1276,0,0,0,0,0,0
Olfr1277,1,0,1,0,1,0
Olfr1278,0,0,1,0,0,0
Olfr1279,0,0,0,1,0,0
Olfr128,0,0,0,0,0,0
Olfr1280,1,1,1,0,0,0
Olfr1281,0,1,0,0,0,0
Olfr1282,0,0,0,0,0,0
Olfr1283,0,0,0,0,0,0
Olfr1284,0,0,0,0,0,0
Olfr1286,0,0,0,0,0,0
Olfr1287,0,0,0,0,0,0
Olfr1288,0,0,0,0,0,0
Olfr1289,0,0,0,0,0,0
Olfr129,0,0,0,0,0,0
Olfr1290,0,0,0,0,0,0
Olfr1291-ps1,0,0,0,0,0,0
Olfr1293-ps,0,0,0,0,0,0
Olfr1294,0,0,0,0,0,0
Olfr1295,0,0,0,0,0,0
Olfr1297,0,0,0,0,0,0
Olfr1298,0,0,0,0,0,0
Olfr1299,0,0,0,0,0,0
Olfr13,3,0,0,0,0,0
Olfr130,0,0,0,0,0,0
Olfr1301,0,0,0,0,0,0
Olfr1302,0,0,0,0,0,0
Olfr1303,0,0,0,0,0,0
Olfr1305,0,0,0,0,0,0
Olfr1306,0,0,0,0,0,0
Olfr1307,2,6,1,2,3,5
Olfr1308,0,0,0,0,0,0
Olfr1309,0,0,0,0,0,0
Olfr131,0,0,0,0,0,0
Olfr1310,0,1,0,0,0,0
Olfr1311,0,0,0,0,0,0
Olfr1312,0,0,0,0,0,0
Olfr1313,0,1,0,0,0,0
Olfr1314,0,0,0,0,0,1
Olfr1315-ps1,1,0,0,0,0,1
Olfr1316,0,2,0,0,2,1
Olfr1317,0,0,0,0,0,0
Olfr1318,1,0,0,0,0,0
Olfr132,0,0,0,0,0,0
Olfr1320,0,0,0,0,2,0
Olfr1321,0,0,0,0,0,0
Olfr1322,0,0,0,0,0,1
Olfr1323,0,0,0,0,0,0
Olfr1324,0,0,0,0,2,1
Olfr1325,0,0,0,0,0,0
Olfr1326-ps1,0,0,0,0,0,0
Olfr1328,1,0,3,0,1,0
Olfr1329,0,0,0,0,0,0
Olfr133,0,0,0,0,0,0
Olfr1330,0,0,0,0,0,0
Olfr1331,0,0,0,0,0,0
Olfr1333,0,0,0,1,0,0
Olfr1335,0,0,0,0,0,0
Olfr1336,8,3,5,2,5,4
Olfr1337,0,0,0,0,0,0
Olfr1338,0,0,0,0,0,0
Olfr1339,0,0,0,0,0,0
Olfr134,0,0,0,0,0,0
Olfr1340,0,0,0,0,0,0
Olfr1341,0,1,1,0,0,1
Olfr1342,0,0,1,0,0,0
Olfr1344,4,4,4,2,2,3
Olfr1346,2,3,2,0,4,0
Olfr1347,0,1,0,0,1,0
Olfr1348,1,0,0,0,1,0
Olfr1349,1,0,0,1,0,1
Olfr135,0,0,0,0,0,0
Olfr1350,1,1,1,0,0,1
Olfr1351,0,0,0,0,0,0
Olfr1352,0,0,0,0,0,0
Olfr1353,0,0,0,0,0,0
Olfr1354,0,0,0,0,0,0
Olfr1355,0,0,0,0,0,0
Olfr1356,0,0,0,0,0,1
Olfr1357,0,0,0,1,0,0
Olfr1358,0,0,0,0,0,0
Olfr1359,0,0,0,0,0,0
Olfr136,0,0,0,0,0,0
Olfr1360,0,0,0,0,0,0
Olfr1361,0,0,0,0,0,0
Olfr1362,0,0,0,0,0,0
Olfr1364,0,0,0,1,0,0
Olfr1366,1,2,0,1,2,1
Olfr1367,0,0,0,0,0,0
Olfr1368,0,0,0,0,0,0
Olfr1369-ps1,1,1,0,1,0,1
Olfr137,0,0,0,0,0,0
Olfr1370,0,0,0,0,0,0
Olfr1371,1,0,0,0,0,0
Olfr1373,1,0,0,0,0,0
Olfr1375,0,0,0,0,0,0
Olfr1377,0,0,0,0,1,1
Olfr1378,0,3,1,0,3,0
Olfr138,0,0,0,0,0,0
Olfr1380,0,0,0,0,0,0
Olfr1381,0,0,0,0,0,0
Olfr1382,0,0,0,0,0,0
Olfr1383,0,0,0,0,1,0
Olfr1384,0,0,0,0,0,0
Olfr1385,8,6,1,6,9,5
Olfr1386,0,1,0,0,0,0
Olfr1387,0,1,0,0,0,0
Olfr1388,6,5,6,3,8,9
Olfr1389,0,1,0,1,0,0
Olfr139,0,0,0,0,0,0
Olfr1390,0,0,1,1,1,0
Olfr1391,5,2,1,2,2,0
Olfr1392,10,6,7,0,5,8
Olfr1393,72,54,66,19,34,34
Olfr1394,0,1,0,0,0,0
Olfr1395,0,0,0,0,0,0
Olfr1396,0,0,0,0,0,0
Olfr140,0,0,0,0,0,0
Olfr1402,0,0,0,0,0,0
Olfr1404,0,0,0,0,0,0
Olfr1406,0,0,0,0,0,0
Olfr1408,0,0,0,0,0,0
Olfr141,0,0,0,0,0,0
Olfr1410,0,0,0,0,0,0
Olfr1411,0,0,0,0,0,0
Olfr1412,0,0,0,0,0,0
Olfr1413,0,0,0,0,0,0
Olfr1414,1,0,0,0,1,0
Olfr1415,0,1,0,0,0,0
Olfr1416,0,0,0,0,0,1
Olfr1417,4,0,1,2,1,0
Olfr1418,0,0,3,0,0,0
Olfr1419,10,7,17,5,7,6
Olfr142,0,0,0,0,0,0
Olfr1420,7,6,2,6,8,7
Olfr1423,1,4,1,1,2,0
Olfr1424,0,1,0,0,0,0
Olfr1425,1,2,0,0,1,1
Olfr1426,1,0,1,0,3,1
Olfr1427,0,0,0,0,0,0
Olfr1428,0,1,1,0,1,0
Olfr143,0,0,0,0,0,0
Olfr1431,2,2,4,8,4,1
Olfr1432,4,4,0,1,3,0
Olfr1434,0,3,2,1,2,1
Olfr1436,0,0,0,0,0,0
Olfr1437,2,0,1,0,1,0
Olfr1438-ps1,1,1,1,0,0,0
Olfr1440,0,0,2,0,3,0
Olfr1441,0,0,0,0,0,0
Olfr1442,0,0,0,0,0,0
Olfr1443,0,0,0,0,0,0
Olfr1444,1,0,2,0,2,0
Olfr1445,0,0,0,0,0,0
Olfr1446,0,0,0,0,0,0
Olfr1447,0,0,0,0,0,0
Olfr1448,0,0,0,0,0,0
Olfr1449,0,0,0,0,0,0
Olfr145,12,19,9,12,7,10
Olfr1450,0,0,0,0,0,0
Olfr1451,0,0,0,0,0,0
Olfr1453,0,0,0,0,0,0
Olfr1454,0,0,0,0,0,0
Olfr1457,0,0,0,0,0,0
Olfr1458,0,0,0,0,0,0
Olfr1459,0,1,0,0,0,1
Olfr146,0,0,0,0,0,0
Olfr1461,0,0,0,0,0,0
Olfr1462,0,0,0,0,0,0
Olfr1463,0,0,0,0,0,0
Olfr1465,0,0,0,0,0,0
Olfr1466,0,0,0,0,0,0
Olfr1467,0,0,0,0,0,0
Olfr1469,0,0,0,0,0,0
Olfr147,0,0,0,0,1,0
Olfr1471,0,0,0,0,0,0
Olfr1472,0,0,0,0,0,0
Olfr1474,0,0,0,0,0,0
Olfr1475,0,0,0,0,0,0
Olfr1477,0,0,0,0,0,0
Olfr148,1,0,0,0,0,0
Olfr1480,0,0,0,0,0,0
Olfr1484,0,0,0,0,0,0
Olfr1487,0,0,0,0,0,0
Olfr1489,1,0,0,0,0,0
Olfr149,0,0,0,0,0,0
Olfr1490,0,0,0,0,0,0
Olfr1491,0,0,0,0,0,0
Olfr1493-ps1,0,0,0,0,0,0
Olfr1494,0,0,0,0,0,0
Olfr1495,0,0,0,0,0,0
Olfr1496,0,0,0,0,0,0
Olfr1497,0,0,0,0,0,1
Olfr1499,0,1,0,0,0,2
Olfr15,1,0,0,0,1,0
Olfr150,0,0,0,0,0,0
Olfr1500,1,0,0,0,0,0
Olfr1501,1,0,0,0,0,0
Olfr1502,0,0,0,0,0,0
Olfr1504,0,0,0,0,0,0
Olfr1505,0,0,0,0,0,0
Olfr1506,2,2,2,1,0,1
Olfr1507,0,0,0,0,0,0
Olfr1508,0,0,0,0,0,0
Olfr1509,0,0,0,0,0,0
Olfr1510,0,0,0,0,0,1
Olfr1511,0,0,0,0,1,0
Olfr1512,0,1,0,0,0,0
Olfr1513,0,0,0,0,0,0
Olfr152,0,0,0,0,0,0
Olfr153,1,2,2,3,0,2
Olfr1532-ps1,0,0,0,0,0,0
Olfr1535,4,4,0,0,1,2
Olfr1537,0,0,0,0,0,0
Olfr154,0,0,0,0,0,0
Olfr155,0,0,0,0,0,0
Olfr1555-ps1,1,1,2,0,1,1
Olfr156,0,0,0,0,0,0
Olfr1564,182,259,564,133,221,242
Olfr157,0,0,0,0,0,0
Olfr159,0,0,0,0,0,0
Olfr16,0,1,1,0,0,0
Olfr160,0,0,0,0,0,0
Olfr161,0,1,0,0,0,0
Olfr164,0,0,0,0,0,0
Olfr165,0,0,0,0,0,0
Olfr166,0,0,2,0,2,1
Olfr167,0,0,0,0,0,0
Olfr168,0,0,1,0,0,0
Olfr169,0,0,0,0,0,0
Olfr17,0,0,0,0,0,0
Olfr170,0,0,0,0,0,0
Olfr171,0,0,0,0,0,0
Olfr172,1,0,0,0,0,0
Olfr173,1,1,0,0,0,2
Olfr175-ps1,0,0,0,0,0,0
Olfr177,0,0,0,0,0,0
Olfr178,0,0,0,0,0,0
Olfr18,2,8,3,1,3,1
Olfr180,0,0,0,0,0,0
Olfr181,0,0,0,0,0,0
Olfr183,0,1,0,0,0,1
Olfr186,0,0,0,0,0,0
Olfr187,0,0,0,0,0,0
Olfr19,1,0,0,0,0,0
Olfr190,1,0,0,0,0,0
Olfr191,0,0,0,0,0,0
Olfr193,0,0,0,0,0,0
Olfr194,0,0,0,0,0,0
Olfr195,0,0,0,0,0,0
Olfr196,0,0,0,0,0,0
Olfr198,0,0,0,0,0,0
Olfr199,0,0,0,0,0,0
Olfr2,0,0,0,0,0,0
Olfr20,0,0,0,0,0,0
Olfr201,0,0,0,0,0,0
Olfr202,0,0,0,0,0,0
Olfr203,0,0,0,0,0,0
Olfr204,4,8,6,6,11,4
Olfr205,0,0,0,0,0,0
Olfr206,0,0,0,0,0,0
Olfr209,0,0,0,0,0,0
Olfr211,0,1,0,0,1,0
Olfr212,0,1,0,0,1,0
Olfr213,0,0,0,0,2,0
Olfr214,0,0,0,0,3,1
Olfr215,0,0,0,0,1,0
Olfr218,0,0,0,0,0,0
Olfr220,0,0,0,0,0,0
Olfr221,1,0,1,1,1,1
Olfr222,0,0,0,0,0,0
Olfr223,0,0,0,0,0,0
Olfr224,0,0,0,0,0,0
Olfr228,0,0,0,0,0,0
Olfr229,0,0,0,0,0,0
Olfr23,0,0,0,0,0,0
Olfr231,0,0,0,0,0,0
Olfr235,2,4,6,3,6,4
Olfr237-ps1,1,0,3,0,2,1
Olfr239,75,105,60,60,94,99
Olfr24,0,0,0,0,0,0
Olfr243,0,0,0,0,0,0
Olfr247,0,0,0,0,0,0
Olfr248,0,0,0,0,0,0
Olfr25,6,18,9,8,10,14
Olfr250,1,1,2,0,0,3
Olfr251,0,2,0,0,0,0
Olfr259,0,0,0,0,0,0
Olfr26,0,0,0,0,0,0
Olfr262,0,0,0,1,0,0
Olfr263,0,0,0,0,0,0
Olfr266,2,2,2,2,3,2
Olfr267,24,42,50,13,32,35
Olfr27,0,0,0,0,0,0
Olfr270,0,0,0,0,0,0
Olfr272,0,0,0,0,0,0
Olfr273,0,0,0,1,1,0
Olfr275,0,1,0,1,0,0
Olfr279,1,0,0,0,1,1
Olfr281,0,1,1,0,2,0
Olfr282,0,0,0,0,0,0
Olfr283,2,0,0,1,1,0
Olfr284,0,0,0,0,0,0
Olfr285,0,0,0,0,1,0
Olfr286,1,3,3,3,1,6
Olfr287,16,40,8,6,21,28
Olfr288,0,0,0,0,0,0
Olfr290,0,0,0,0,0,0
Olfr290-1,0,0,0,0,0,0
Olfr291,0,0,0,0,0,0
Olfr292,0,0,0,0,0,0
Olfr293,0,0,0,0,0,0
Olfr294,0,0,0,0,0,0
Olfr295,0,0,0,0,0,0
Olfr297,0,0,0,0,0,0
Olfr298,0,0,0,0,0,0
Olfr299,0,0,0,0,0,0
Olfr3,0,0,0,0,0,0
Olfr30,0,0,0,0,0,0
Olfr301,0,0,0,0,0,0
Olfr303,0,0,0,0,0,0
Olfr304,0,0,0,0,0,0
Olfr305,0,0,0,0,0,0
Olfr307,0,0,0,0,0,0
Olfr308,0,0,0,0,0,0
Olfr309,0,0,0,0,0,0
Olfr31,7,3,0,1,1,3
Olfr310,0,0,0,0,0,0
Olfr311,0,2,2,0,4,0
Olfr312,4,4,5,1,2,2
Olfr313,0,2,2,0,1,1
Olfr314,0,0,0,0,0,0
Olfr315,0,0,0,0,0,0
Olfr316,8,8,4,5,4,7
Olfr317,0,2,0,1,1,0
Olfr318,1,0,0,0,0,0
Olfr319,0,1,0,1,0,0
Olfr32,1,0,0,0,0,0
Olfr320,1,0,0,0,0,0
Olfr322,0,0,0,0,0,0
Olfr323,0,0,0,0,0,0
Olfr324,6,1,3,1,1,1
Olfr325,0,0,0,0,0,0
Olfr328,1,1,0,1,0,2
Olfr329-ps,0,0,0,0,0,0
Olfr33,0,1,0,0,0,0
Olfr330,0,0,1,0,1,0
Olfr331,0,0,0,0,0,0
Olfr332,0,0,0,0,0,0
Olfr338,14,10,8,7,2,7
Olfr339,0,2,0,0,0,0
Olfr340,0,0,0,0,0,0
Olfr341,0,0,0,0,0,0
Olfr342,0,0,0,0,0,0
Olfr344,7,2,3,1,4,2
Olfr345,0,0,0,0,0,0
Olfr346,0,0,0,0,0,0
Olfr347,0,0,0,0,0,0
Olfr348,0,0,0,0,0,0
Olfr350,0,0,0,0,0,0
Olfr351,0,1,0,0,0,0
Olfr352,0,0,1,0,0,0
Olfr353,0,0,0,0,0,0
Olfr354,0,0,0,0,0,0
Olfr355,0,0,0,0,0,0
Olfr356,0,0,0,0,0,0
Olfr357,0,0,0,0,0,0
Olfr358,0,0,0,0,0,0
Olfr360,0,0,0,0,0,0
Olfr361,0,0,0,0,0,0
Olfr362,0,0,0,0,0,0
Olfr364-ps1,0,0,0,0,0,0
Olfr365,6,3,2,2,5,2
Olfr366,0,0,0,0,0,0
Olfr368,0,0,0,0,0,0
Olfr370,0,1,0,0,0,0
Olfr371,0,0,0,0,0,0
Olfr372,3,3,2,2,5,2
Olfr373,3,0,4,0,3,1
Olfr374,2,4,1,1,3,3
Olfr376,0,0,0,0,0,0
Olfr378,0,0,0,0,0,0
Olfr38,0,0,0,0,0,0
Olfr380,0,0,0,0,0,0
Olfr381,0,0,0,0,0,0
Olfr382,0,0,0,0,0,0
Olfr384,0,0,0,0,0,0
Olfr385,0,0,0,0,0,0
Olfr389,0,0,0,0,0,0
Olfr39,1,1,0,0,0,0
Olfr390,0,0,0,0,0,0
Olfr391-ps,0,0,0,0,0,0
Olfr392,0,0,0,0,0,0
Olfr393,2,2,2,0,0,1
Olfr394,0,0,0,0,0,0
Olfr395,0,0,0,0,0,0
Olfr397,0,0,0,0,0,0
Olfr398,0,0,0,0,0,0
Olfr399,0,0,0,0,0,0
Olfr401,0,0,0,0,0,0
Olfr402,0,0,0,0,0,0
Olfr403,0,0,0,0,0,1
Olfr406,0,0,0,0,0,0
Olfr410,1,1,0,1,1,0
Olfr411,0,0,0,0,0,0
Olfr412,0,0,0,0,0,0
Olfr414,0,1,0,2,1,1
Olfr417,0,0,0,1,0,0
Olfr418,0,0,0,0,0,0
Olfr419,0,0,0,0,0,0
Olfr420,0,1,2,0,0,0
Olfr424,0,0,0,0,0,0
Olfr427,0,0,0,0,0,0
Olfr429,0,0,0,0,0,0
Olfr43,0,0,0,0,0,0
Olfr430,0,0,0,0,0,0
Olfr432,0,1,0,0,0,0
Olfr433,0,0,0,0,0,0
Olfr434,0,0,0,0,0,0
Olfr435,0,0,0,0,0,0
Olfr437,0,0,0,0,0,0
Olfr44,0,0,0,0,0,0
Olfr441,0,2,1,0,0,2
Olfr444,0,0,0,0,0,0
Olfr446,0,0,0,0,0,0
Olfr447,0,0,0,0,0,0
Olfr448,0,0,0,0,0,0
Olfr449,0,0,0,0,0,0
Olfr45,1,1,2,1,4,0
Olfr450,0,0,0,0,0,0
Olfr452,0,0,0,0,0,1
Olfr453,0,0,0,0,0,0
Olfr455,0,0,0,0,0,0
Olfr456,2,1,1,0,0,1
Olfr457,3,3,3,0,1,5
Olfr458,0,1,1,0,1,1
Olfr459,1,0,0,0,0,0
Olfr46,43,56,50,34,54,48
Olfr460,2,2,1,1,0,0
Olfr461,3,0,1,3,0,2
Olfr462,0,0,0,0,0,0
Olfr463,1,0,0,0,0,0
Olfr464,34,29,16,10,18,9
Olfr465-ps1,0,0,0,0,0,0
Olfr466,1,1,0,1,1,2
Olfr467,0,0,0,0,0,0
Olfr469,0,0,0,0,0,0
Olfr47,0,0,0,0,0,0
Olfr470,0,0,0,0,0,0
Olfr472,0,0,0,0,0,1
Olfr473,0,0,0,0,0,0
Olfr474,0,0,0,0,0,0
Olfr476,0,0,0,0,0,0
Olfr477,0,0,1,0,0,0
Olfr478,0,0,0,0,0,0
Olfr479,0,0,0,0,0,0
Olfr48,1,2,1,0,0,0
Olfr480,0,0,0,0,0,0
Olfr481,0,0,0,0,0,0
Olfr482,1,0,3,1,2,0
Olfr483,0,0,0,0,0,0
Olfr484,0,0,0,0,0,0
Olfr485,0,0,0,0,0,0
Olfr486,0,0,0,0,0,0
Olfr487,0,0,0,0,0,0
Olfr488,0,0,0,0,0,0
Olfr49,1,0,1,0,0,0
Olfr490,0,0,0,0,0,0
Olfr491,0,0,0,0,0,0
Olfr492,0,0,0,0,0,0
Olfr493,0,0,0,0,0,0
Olfr494,0,0,0,0,0,0
Olfr495,0,0,0,0,0,0
Olfr497,0,0,0,0,0,0
Olfr498,0,0,0,0,0,0
Olfr5,1,0,0,0,1,1
Olfr50,0,0,0,0,0,0
Olfr502,0,0,0,0,0,0
Olfr503,0,0,0,0,0,0
Olfr504,0,0,0,0,0,0
Olfr506,0,1,0,1,1,0
Olfr507,0,0,0,0,0,0
Olfr508,0,0,0,0,0,0
Olfr509,1,1,0,0,3,0
Olfr51,0,0,1,0,0,0
Olfr510,0,0,0,0,0,0
Olfr512,0,0,0,0,0,0
Olfr513,0,0,0,0,0,0
Olfr514,0,0,0,0,0,0
Olfr516,0,0,0,0,0,0
Olfr517,0,0,0,0,0,0
Olfr518,1,0,0,0,0,0
Olfr519,0,0,0,0,0,0
Olfr52,0,0,0,0,0,0
Olfr520,0,0,0,0,2,0
Olfr521,0,0,0,0,0,0
Olfr522,0,1,1,0,0,0
Olfr523,1,0,2,1,2,1
Olfr524,0,0,0,0,0,2
Olfr525,0,1,0,0,0,0
Olfr527,0,0,0,0,0,0
Olfr53,5,4,2,3,3,4
Olfr530,0,0,0,0,1,0
Olfr531,2,0,0,1,0,1
Olfr532,2,1,2,0,1,0
Olfr533,1,0,0,0,0,0
Olfr535,0,2,2,0,3,0
Olfr536,4,5,3,1,3,2
Olfr538,1,2,2,0,6,3
Olfr539,71,83,36,38,49,42
Olfr54,0,0,1,0,1,0
Olfr541,0,3,1,0,0,0
Olfr543,1,6,4,3,2,2
Olfr544,4,0,1,2,1,4
Olfr545,3,1,3,3,2,6
Olfr547,0,0,0,0,0,0
Olfr548-ps1,0,0,0,0,0,0
Olfr549,0,0,0,0,0,0
Olfr55,79,111,54,69,77,77
Olfr550,20,27,13,4,8,16
Olfr551,1,1,1,0,1,2
Olfr552,8,4,16,7,8,11
Olfr553,2,0,0,1,1,2
Olfr554,2,0,6,2,0,3
Olfr555,0,1,0,0,0,0
Olfr556,7,5,10,5,5,12
Olfr557,5,6,6,5,2,5
Olfr558,9,10,9,4,2,1
Olfr559,0,0,0,0,0,0
Olfr56,2,4,1,2,1,0
Olfr560,8,9,5,4,4,7
Olfr561,2,1,1,0,0,1
Olfr564,0,0,0,0,0,0
Olfr566,0,0,0,0,0,0
Olfr568,0,0,0,0,0,0
Olfr569,1,0,0,0,0,0
Olfr57,2,1,0,0,0,1
Olfr570,0,0,0,0,0,0
Olfr571,1,1,1,0,1,3
Olfr572,0,0,0,0,0,0
Olfr573-ps1,0,0,0,0,0,0
Olfr574,0,0,0,0,0,0
Olfr575,0,0,0,0,0,0
Olfr576,0,1,0,0,0,0
Olfr577,0,1,1,0,0,1
Olfr578,0,0,0,0,0,0
Olfr58,0,1,1,1,0,1
Olfr582,0,0,0,0,0,0
Olfr583,0,0,0,0,0,0
Olfr584,2,1,0,0,0,0
Olfr585,0,0,0,0,0,0
Olfr586,0,0,0,0,0,0
Olfr588-ps1,0,2,0,0,1,2
Olfr589,0,0,0,0,0,0
Olfr59,0,0,0,0,0,0
Olfr591,0,0,0,0,0,0
Olfr592,1,0,1,0,2,0
Olfr593,0,0,0,0,0,1
Olfr594,1,1,0,0,0,0
Olfr596,0,0,0,0,0,0
Olfr597,0,0,0,0,0,0
Olfr598,0,0,0,0,0,0
Olfr599,0,1,0,1,1,0
Olfr6,0,0,0,0,0,0
Olfr60,0,0,0,0,1,0
Olfr600,0,0,0,0,0,0
Olfr601,0,0,0,0,0,0
Olfr603,0,0,0,0,0,0
Olfr605,0,0,0,0,0,0
Olfr606,0,0,0,0,0,0
Olfr607,1,0,0,0,0,1
Olfr608,0,0,0,0,0,0
Olfr609,0,0,0,0,0,0
Olfr61,1,2,0,1,0,0
Olfr610,0,0,0,0,0,0
Olfr611,0,0,0,0,0,0
Olfr612,0,0,0,0,0,0
Olfr613,1,2,0,0,0,0
Olfr615,0,0,0,0,0,0
Olfr616,0,0,0,0,0,0
Olfr617,0,0,0,0,0,0
Olfr618,0,0,0,0,0,0
Olfr619,0,0,0,0,0,0
Olfr62,0,0,0,0,0,1
Olfr620,0,0,0,0,2,0
Olfr622,2,0,0,0,0,0
Olfr623,0,0,0,0,0,0
Olfr624,24,18,29,9,17,19
Olfr625-ps1,0,0,0,0,0,0
Olfr628,0,0,0,0,0,0
Olfr629,0,0,0,0,0,0
Olfr63,0,1,1,0,0,0
Olfr630,0,0,0,0,0,0
Olfr631,0,0,0,0,0,0
Olfr632,0,0,0,0,0,0
Olfr633,0,0,0,0,0,0
Olfr635,3,2,1,1,0,1
Olfr638,0,0,0,0,0,1
Olfr639,4,3,6,5,4,3
Olfr64,0,0,0,0,0,0
Olfr640,0,0,0,0,0,0
Olfr641,0,0,0,0,0,0
Olfr642,0,1,0,0,0,0
Olfr643,0,0,0,0,0,0
Olfr644,0,0,0,0,0,0
Olfr645,0,0,0,0,0,0
Olfr646,1,0,3,0,1,1
Olfr648,3,1,0,0,0,1
Olfr649,0,0,0,0,0,0
Olfr65,0,0,0,0,0,1
Olfr651,0,0,0,0,1,0
Olfr652,1,1,0,5,5,3
Olfr653,0,1,0,0,0,0
Olfr654,0,0,0,0,0,0
Olfr655,2,5,6,2,1,4
Olfr656,1,0,1,0,2,1
Olfr657,0,2,0,0,0,0
Olfr658,53,40,35,23,38,27
Olfr659,0,0,0,0,0,0
Olfr66,0,0,0,0,0,0
Olfr661,0,0,0,0,0,0
Olfr665,0,0,0,0,0,0
Olfr666,0,0,0,0,0,0
Olfr667,0,0,0,0,0,1
Olfr668,0,0,0,0,1,0
Olfr669,0,0,0,0,0,0
Olfr67,0,0,0,0,0,0
Olfr670,1,0,0,0,1,2
Olfr671,0,1,0,1,2,1
Olfr672,0,0,0,0,0,0
Olfr675,0,1,0,0,0,0
Olfr676,0,0,0,0,0,0
Olfr677,0,0,0,0,0,1
Olfr678,0,2,0,0,0,0
Olfr679,1,0,0,0,0,2
Olfr68,0,0,0,0,0,0
Olfr680-ps1,2,0,4,0,1,1
Olfr681,0,1,0,0,2,0
Olfr683,1,1,3,3,0,3
Olfr684,1,2,3,1,3,3
Olfr685,0,2,3,0,2,1
Olfr686,0,2,3,0,0,3
Olfr688,3,3,1,2,3,3
Olfr689,14,9,1,3,6,6
Olfr69,0,0,0,0,0,0
Olfr690,33,43,68,10,33,46
Olfr691,117,121,143,65,107,110
Olfr692,3,12,3,4,6,3
Olfr693,0,0,0,0,0,0
Olfr694,0,0,0,0,0,0
Olfr695,0,0,1,0,0,0
Olfr697,1,1,1,0,0,0
Olfr698,0,0,1,1,0,1
Olfr699,3,2,3,0,0,3
Olfr70,0,2,0,0,1,0
Olfr700,0,1,0,0,1,0
Olfr701,3,7,3,0,0,1
Olfr702,0,0,0,0,1,1
Olfr703,1,1,0,0,0,0
Olfr704,0,0,0,0,0,0
Olfr705,0,0,0,0,0,0
Olfr706,0,0,0,0,0,0
Olfr707,0,0,0,0,0,0
Olfr709-ps1,1,0,0,1,0,0
Olfr71,0,0,0,0,0,0
Olfr710,0,0,0,0,0,0
Olfr711,0,0,0,0,0,0
Olfr713,0,0,0,0,0,0
Olfr714,0,0,0,0,0,0
Olfr715,2,1,1,3,0,1
Olfr715b,1,0,0,0,0,1
Olfr716,0,0,0,0,0,0
Olfr718-ps1,2,1,0,0,0,1
Olfr720,2,0,0,0,0,0
Olfr721-ps1,0,0,0,0,0,0
Olfr722,0,0,0,0,0,0
Olfr723,0,0,0,0,0,0
Olfr724,0,0,0,0,0,0
Olfr725,0,0,0,0,0,0
Olfr726,0,0,0,0,0,0
Olfr727,0,0,0,1,0,0
Olfr728,0,0,0,0,0,0
Olfr729,0,0,0,0,0,0
Olfr73,0,0,0,0,0,0
Olfr730,0,0,0,0,0,0
Olfr731,1,0,0,0,0,0
Olfr732,0,0,0,0,0,0
Olfr733,0,0,0,0,0,0
Olfr734,1,0,0,0,0,0
Olfr735,2,2,1,2,1,1
Olfr736,0,0,0,0,0,0
Olfr738,0,0,0,0,0,0
Olfr739,0,0,0,0,0,0
Olfr74,0,0,0,0,0,0
Olfr740,0,0,0,0,0,0
Olfr741,0,0,0,0,0,0
Olfr742,0,0,0,0,0,0
Olfr743,0,0,0,0,0,0
Olfr744,0,0,0,0,0,0
Olfr745,0,0,0,0,0,0
Olfr746,0,0,0,0,0,0
Olfr747,0,0,0,0,0,0
Olfr748,0,0,0,0,0,0
Olfr749,0,0,0,0,0,0
Olfr750,1,1,1,0,0,0
Olfr76,1,0,0,2,0,0
Olfr761,0,0,0,0,0,0
Olfr763,1,0,1,0,1,0
Olfr764-ps1,0,0,0,0,0,1
Olfr765,0,0,0,0,0,0
Olfr766-ps1,0,0,0,0,0,0
Olfr767,1,1,1,1,0,0
Olfr768,0,0,0,0,0,0
Olfr769,0,0,0,2,0,0
Olfr77,0,1,0,1,0,0
Olfr770,0,0,0,0,0,0
Olfr771,0,0,0,0,0,0
Olfr772,0,0,0,0,0,0
Olfr773,0,0,0,0,0,0
Olfr774,1,0,0,1,0,0
Olfr775,0,1,1,0,0,0
Olfr776,0,0,1,0,1,0
Olfr777,0,0,0,0,1,0
Olfr78,251,156,113,84,105,140
Olfr780,0,0,0,0,0,0
Olfr781,0,0,0,0,0,0
Olfr782,0,0,0,0,0,0
Olfr784,14,29,53,34,25,18
Olfr785,0,0,0,0,0,0
Olfr786,0,0,0,0,0,0
Olfr787,0,0,0,0,0,0
Olfr788,0,0,0,0,0,0
Olfr789,0,0,0,0,0,0
Olfr790,0,0,0,0,0,0
Olfr791,0,0,0,0,0,0
Olfr792,0,0,0,0,0,0
Olfr794,0,0,0,0,0,0
Olfr796,0,0,0,0,0,0
Olfr798,0,0,0,0,0,0
Olfr799,0,0,0,0,0,0
Olfr8,0,0,0,0,0,0
Olfr800,0,0,0,0,0,0
Olfr801,0,0,0,0,0,0
Olfr802,0,0,0,0,0,0
Olfr803,0,0,0,0,0,0
Olfr804,0,0,0,0,0,1
Olfr805,0,0,0,0,0,0
Olfr806,0,0,0,1,0,0
Olfr807,0,0,0,0,0,0
Olfr808,0,0,0,0,0,0
Olfr809,0,0,0,0,0,0
Olfr810,0,0,0,0,0,0
Olfr811,0,0,0,0,0,0
Olfr812,0,0,0,0,0,0
Olfr813,0,0,0,0,0,0
Olfr814,0,0,0,0,0,0
Olfr815,0,0,0,0,0,0
Olfr816,0,0,0,0,0,0
Olfr818,0,0,0,0,0,0
Olfr819,0,0,0,0,0,0
Olfr820,0,0,0,0,0,0
Olfr821,0,0,0,0,0,0
Olfr822,0,0,0,0,0,0
Olfr823,0,0,0,0,0,0
Olfr824,0,0,0,0,0,0
Olfr825,0,0,0,0,1,0
Olfr826,1,0,0,0,0,0
Olfr827,0,0,1,0,3,0
Olfr828,0,0,0,0,0,0
Olfr829,0,0,0,0,0,0
Olfr830,0,0,0,0,0,0
Olfr832,0,0,0,0,0,0
Olfr834,0,0,0,0,0,0
Olfr835,0,0,0,0,0,0
Olfr836,0,0,0,0,0,0
Olfr837,0,0,0,0,0,0
Olfr839-ps1,8,8,8,11,11,9
Olfr843,0,0,0,0,0,0
Olfr844,0,0,0,0,0,0
Olfr845,0,0,0,0,0,0
Olfr846,0,0,0,0,0,0
Olfr847,0,0,0,1,0,0
Olfr849,0,0,0,0,0,0
Olfr850,0,0,0,0,0,0
Olfr851,0,0,0,0,0,0
Olfr853,0,0,0,0,0,0
Olfr854,0,0,0,0,0,0
Olfr855,0,0,0,0,0,0
Olfr857,2,3,4,1,1,4
Olfr859,3,7,9,1,4,2
Olfr860,0,0,0,0,0,0
Olfr862,0,0,0,0,0,0
Olfr866,0,0,0,0,0,0
Olfr867,0,0,0,0,0,0
Olfr868,0,0,0,0,1,0
Olfr869,0,0,0,0,0,0
Olfr870,0,0,0,0,0,1
Olfr871,0,0,0,0,0,0
Olfr872,0,0,0,0,0,0
Olfr873,2,0,2,2,4,3
Olfr874,1,2,0,0,0,0
Olfr875,1,0,0,0,0,0
Olfr876,1,0,0,0,1,2
Olfr877,4,3,8,1,3,5
Olfr878,12,12,18,8,10,14
Olfr881,2,4,2,2,2,1
Olfr883,1,1,0,0,0,0
Olfr884,0,0,0,0,0,0
Olfr885,0,0,0,0,0,0
Olfr887,0,0,0,0,0,0
Olfr888,0,0,0,0,0,0
Olfr889,1,3,1,0,2,1
Olfr890,0,0,0,0,0,0
Olfr891,0,0,0,0,0,0
Olfr893,0,1,0,0,1,0
Olfr894,0,0,0,0,0,0
Olfr895,0,0,0,0,0,0
Olfr896-ps1,0,0,0,0,0,0
Olfr898,3,1,2,1,3,4
Olfr9,0,0,0,0,0,0
Olfr90,3,5,1,2,0,1
Olfr901,0,0,0,0,0,0
Olfr902,0,0,0,0,0,0
Olfr904,0,0,0,0,0,0
Olfr905,0,0,0,0,0,1
Olfr906,0,0,0,0,0,0
Olfr907,0,0,0,0,0,0
Olfr91,1,0,0,0,0,1
Olfr910,0,0,0,0,0,0
Olfr911-ps1,0,0,0,0,0,0
Olfr912,0,0,0,0,0,0
Olfr913,0,0,0,0,0,0
Olfr914,0,0,1,0,0,0
Olfr916,0,0,0,0,0,0
Olfr917,0,0,1,0,0,0
Olfr918,0,0,0,0,0,0
Olfr919,0,0,0,0,0,0
Olfr92,0,0,0,0,0,0
Olfr920,22,18,11,6,24,9
Olfr921,1,0,0,0,1,1
Olfr922,0,0,0,0,0,0
Olfr923,0,0,0,0,0,0
Olfr924,0,0,0,0,0,0
Olfr926,0,0,0,0,0,0
Olfr93,0,0,0,0,0,0
Olfr930,0,0,0,0,0,0
Olfr933,0,0,0,0,0,0
Olfr934,0,0,0,0,0,0
Olfr935,0,0,0,0,0,0
Olfr937,0,0,0,0,0,0
Olfr938,0,0,0,0,0,0
Olfr94,1,0,0,0,0,0
Olfr943,0,0,0,0,0,0
Olfr944,0,0,0,0,0,0
Olfr945,0,0,0,0,0,0
Olfr948,0,0,0,0,0,0
Olfr95,1,1,1,1,0,1
Olfr951,0,0,0,0,0,0
Olfr952,0,0,0,0,0,0
Olfr954,0,0,0,0,0,0
Olfr955,0,0,0,0,0,0
Olfr957,0,0,0,0,0,0
Olfr958,0,0,0,0,0,0
Olfr959,0,0,0,0,0,0
Olfr96,0,0,0,0,0,0
Olfr960,0,0,0,0,0,0
Olfr961,0,0,0,1,0,0
Olfr963,0,0,0,0,0,0
Olfr965,0,0,0,0,0,0
Olfr967,0,0,0,0,1,0
Olfr968,0,0,0,0,0,0
Olfr969,0,0,0,0,0,0
Olfr97,0,0,0,0,0,0
Olfr970,0,0,0,0,0,0
Olfr971,0,0,0,0,0,0
Olfr972,0,0,0,0,0,0
Olfr974,0,0,0,0,0,0
Olfr975,11,7,6,3,7,7
Olfr976,0,0,0,0,0,0
Olfr978,0,0,0,0,0,0
Olfr979,1,0,1,0,1,0
Olfr98,0,0,0,0,0,0
Olfr980,0,0,0,0,0,0
Olfr981,0,1,0,0,0,0
Olfr982,0,0,0,0,0,0
Olfr983,0,0,0,0,1,1
Olfr984,1,0,0,0,1,0
Olfr985,1,1,0,0,0,1
Olfr986,6,14,15,12,9,8
Olfr987,1,0,0,0,0,0
Olfr988,0,0,0,0,0,0
Olfr99,1,1,0,1,0,0
Olfr992,0,0,0,0,0,0
Olfr993,0,0,0,0,0,0
Olfr994,0,0,0,0,0,0
Olfr995,1,0,0,0,0,1
Olfr996,0,0,0,0,0,0
Olfr998,0,0,0,0,0,0
Olig1,1341,1663,846,621,1349,1136
Olig2,383,479,245,181,391,371
Olig3,2,0,2,1,1,0
Olr1,0,3,1,0,5,0
Oma1,386,451,298,250,399,318
Omd,11,38,14,0,23,25
Omg,4236,4347,2196,1417,2590,2544
Omp,2,6,5,2,8,3
Omt2a,0,0,0,0,0,0
Omt2b,0,0,0,0,0,0
Onecut1,21,17,12,6,7,8
Onecut2,1122,1115,1031,508,972,887
Onecut3,2,0,7,2,3,0
Ooep,9,10,11,2,10,7
Oog1,0,0,0,0,0,0
Oog2,0,0,0,0,0,0
Oog3,0,0,0,0,0,0
Oog4,0,0,0,0,0,0
Oosp1,0,0,0,0,0,0
Oosp2,6,1,4,1,2,1
Oosp3,0,0,0,0,0,0
Opa1,3090,3045,3339,1381,2485,2508
Opa3,769,972,724,399,719,653
Opalin,871,989,623,492,858,553
Opcml,35221,43577,29210,20765,30553,32111
Ophn1,3452,3692,3436,1794,3202,3074
Oplah,184,186,127,108,129,170
Opn1mw,2,3,2,0,3,2
Opn1sw,2,7,0,2,5,6
Opn3,173,192,147,78,138,117
Opn4,3,3,5,2,5,4
Opn5,2,2,1,4,1,2
Oprd1,1021,1280,869,594,895,935
Oprk1,1609,1482,1019,566,1052,981
Oprl1,1272,1158,876,529,844,913
Oprm1,492,450,435,193,391,391
Optc,36,19,19,9,23,22
Optn,583,698,586,371,587,479
Orai1,426,608,316,235,570,405
Orai2,923,971,887,446,749,747
Orai3,334,361,209,154,269,222
Oraov1,1425,1663,1011,786,1216,1179
Orc1,13,21,7,8,2,17
Orc2,3488,3827,2623,1798,2769,2730
Orc3,1868,1874,1718,907,1354,1310
Orc4,4805,5629,5364,2617,4281,4715
Orc5,1707,1993,1294,761,1348,1426
Orc6,919,1074,688,517,665,737
Orm1,0,0,0,0,0,0
Orm2,0,0,0,0,0,0
Orm3,0,0,0,0,0,0
Ormdl1,205,263,168,98,191,179
Ormdl2,106,116,79,49,79,87
Ormdl3,1863,1912,1458,739,1394,1317
Os9,4981,4943,3959,1919,4205,3905
Osbp,741,735,803,439,570,580
Osbp2,4160,4908,3888,2363,3864,4086
Osbpl10,1109,1329,1359,725,1042,1026
Osbpl11,1941,2113,2101,854,1895,1780
Osbpl1a,9935,10609,8614,5089,7663,7110
Osbpl2,1904,2085,1764,1045,1606,1490
Osbpl3,3073,3498,3417,1956,2869,3051
Osbpl5,572,563,454,322,431,442
Osbpl6,8017,8471,6991,4094,6599,7269
Osbpl7,1211,1258,1030,693,1034,1077
Osbpl8,8263,9065,8053,3667,7085,8291
Osbpl9,6433,7360,5134,3018,5760,5921
Oscar,89,75,97,50,54,75
Oscp1,1658,1590,1192,774,1162,1119
Oser1,538,598,427,259,444,455
Osgep,1413,1774,1298,685,1306,1251
Osgepl1,1276,1461,1219,633,995,1042
Osgin1,3,13,9,4,9,4
Osgin2,884,1102,879,426,758,689
Osm,5,5,7,6,22,3
Osmr,27,28,13,21,34,18
Osr1,73,92,30,20,58,48
Osr2,0,0,0,0,0,0
Ost4,1275,1442,1088,630,933,1017
Ostc,2242,2714,1520,815,1835,1939
Ostf1,254,334,254,193,407,224
Ostm1,2515,2788,2165,1083,2089,1868
Ostn,1,3,0,2,1,0
Otc,1,0,1,0,0,1
Otoa,11,9,23,5,15,5
Otof,1318,1012,1176,438,980,1185
Otog,4,1,7,3,2,3
Otogl,26,20,26,12,12,13
Otol1,0,0,0,0,0,0
Otop1,0,3,0,1,0,0
Otop2,37,39,29,14,15,23
Otop3,5,5,1,2,1,2
Otor,0,0,0,0,0,1
Otos,3,15,2,4,6,7
Otp,6,2,4,1,0,2
Ott,0,0,0,0,0,0
Otub1,1417,1518,987,727,1126,1168
Otub2,860,1042,781,408,827,883
Otud1,690,749,412,262,440,434
Otud3,1675,2070,1869,858,1493,1483
Otud4,3130,3424,3118,1794,2605,2447
Otud5,1700,1788,1755,875,1454,1474
Otud6a,0,0,0,0,0,0
Otud6b,1303,1611,931,669,1033,1107
Otud7a,4102,5336,3504,2581,3455,3885
Otud7b,3303,3896,3501,1826,3085,2784
Otulin,454,668,497,345,485,380
Otx1,175,287,141,105,193,131
Otx2,16,4,10,9,9,11
Otx2os1,13,1,4,5,14,5
Ovca2,161,185,115,66,97,131
Ovch2,0,0,0,0,0,0
Ovgp1,368,299,401,174,308,240
Ovol1,2,0,0,0,0,0
Ovol2,322,504,306,253,324,376
Ovol3,0,1,0,0,0,2
Oxa1l,2210,2338,1661,1233,1782,1748
Oxct1,6787,7258,5595,3502,5651,5305
Oxct2a,4,2,4,1,3,3
Oxct2b,3,2,2,3,1,3
Oxgr1,3,3,5,1,3,2
Oxld1,925,1080,468,478,658,717
Oxnad1,465,610,459,201,467,449
Oxr1,11380,13418,11708,6976,9974,10990
Oxsm,234,194,155,91,147,135
Oxsr1,2492,2606,3093,1168,2275,2242
Oxt,10,6,5,2,14,6
Oxtr,105,71,84,34,85,86
P2rx1,4,4,4,4,7,3
P2rx2,4,4,7,2,5,3
P2rx3,15,19,15,5,14,13
P2rx4,1286,1545,1223,770,1334,1120
P2rx5,24,29,18,14,20,31
P2rx6,236,262,147,159,200,246
P2rx7,448,556,457,287,585,397
P2ry1,138,109,114,47,112,110
P2ry10,1,1,0,0,3,1
P2ry10b,16,18,15,7,16,13
P2ry12,1009,1209,844,589,1383,656
P2ry13,176,184,156,124,243,114
P2ry14,271,269,126,118,253,254
P2ry2,3,5,2,1,6,3
P2ry4,0,1,1,1,0,0
P2ry6,228,388,375,240,725,292
P3h1,770,827,688,348,705,684
P3h2,301,317,274,160,279,256
P3h3,1931,1773,1358,930,1434,1599
P3h4,522,554,316,237,422,370
P4ha1,3894,5225,4034,1734,4357,4890
P4ha2,747,840,876,395,759,881
P4ha3,201,237,127,101,172,193
P4hb,2696,2918,2175,928,2376,2202
P4htm,5956,5692,3545,2582,4309,4239
Pa2g4,3093,3486,2171,1554,2670,2560
Pabpc1,2473,3111,2575,1409,2370,2300
Pabpc1l,19,18,17,11,23,14
Pabpc2,0,3,1,0,0,0
Pabpc4,509,590,563,294,466,522
Pabpc4l,37,20,19,11,22,18
Pabpc5,277,227,169,78,134,172
Pabpc6,0,0,0,0,1,0
Pabpn1,9643,11573,9049,6142,10431,9144
Pabpn1l,0,1,1,1,1,0
Pacrg,638,783,532,295,494,574
Pacs1,1956,2062,1643,989,1565,1521
Pacs2,1174,1170,1242,733,1186,1107
Pacsin1,13279,13942,12043,7276,11679,10900
Pacsin2,1605,1919,1776,977,1664,1589
Pacsin3,511,570,391,278,432,404
Padi1,7,1,0,0,0,1
Padi2,464,504,418,301,612,387
Padi3,2,0,0,0,1,0
Padi4,3,1,1,2,3,4
Padi6,8,6,8,6,1,2
Paf1,1907,1768,1439,908,1455,1666
Pafah1b1,12629,12584,12169,6140,9718,9303
Pafah1b2,1973,2324,1893,1132,1758,1677
Pafah1b3,229,323,259,149,296,304
Pafah2,199,221,190,116,166,162
Pag1,2911,3722,3554,1555,3934,2903
Pagr1a,15,8,9,8,11,8
Pagr1b,1,0,0,0,0,0
Pah,2,8,7,0,4,4
Paics,1032,1085,782,473,721,783
Paip1,691,896,683,440,649,625
Paip2,4179,4760,3532,1927,3431,3710
Paip2b,1079,1264,967,539,889,909
Pak1,5394,6583,5605,3157,5512,5790
Pak1ip1,1338,1430,1116,666,1111,1072
Pak2,1799,2301,1856,890,1831,1618
Pak3,4125,4233,3234,2134,3262,3777
Pak4,169,168,152,96,155,137
Pak6,2632,2641,2088,1177,2000,1861
Pak7,6997,6947,5689,3731,5336,4933
Pakap,679,645,518,360,501,433
Palb2,226,225,188,114,159,127
Pald1,181,204,163,118,221,164
Palld,152,202,102,66,147,178
Palm,4070,4420,3010,2246,3298,3257
Palm2,1213,1278,1266,648,983,1061
Palm3,67,55,40,33,49,41
Palmd,1047,1213,1026,443,850,991
Pam,11041,11890,10396,5059,9292,9497
Pam16,1431,1754,1118,852,1232,1222
Pamr1,2346,2444,1644,1298,1721,1520
Pan2,1397,1249,1087,678,1078,1081
Pan3,3608,3959,4452,2126,3709,3483
Panct2,427,479,358,192,276,290
Pank1,1303,1537,1034,683,1052,1080
Pank2,2947,3795,2744,1478,2667,2763
Pank3,1672,2106,1653,1023,1376,1322
Pank4,965,874,868,490,715,794
Pantr1,1080,1633,932,590,1019,1118
Panx1,590,674,454,247,438,438
Panx2,598,655,593,342,476,488
Panx3,0,0,0,1,0,0
Paox,163,180,137,94,161,117
Papd4,4234,4962,3605,2212,3796,3770
Papd5,1257,1075,1325,577,853,879
Papd7,1080,1262,1677,654,1161,998
Papln,228,197,220,117,210,202
Papola,3667,4077,4266,2024,3699,3610
Papolb,51,95,91,25,69,59
Papolg,1252,1335,1369,694,1131,1099
Pappa,56,56,44,27,24,27
Pappa2,22,48,48,11,23,49
Papss1,1517,1547,1094,615,1083,1106
Papss2,41,67,20,23,55,50
Paqr3,1643,1866,1605,802,1281,1244
Paqr4,1071,1211,747,480,852,778
Paqr5,73,79,47,30,91,64
Paqr6,123,143,55,55,87,74
Paqr7,1092,1282,641,471,976,935
Paqr8,1051,1296,866,492,982,1136
Paqr9,2186,2100,2034,996,1628,1542
Pard3,2713,3165,2892,1200,2525,2841
Pard3b,476,496,372,183,438,401
Pard3bos1,5,1,5,6,5,4
Pard3bos2,0,2,3,0,8,2
Pard3bos3,1,0,2,0,1,1
Pard6a,988,1285,600,394,730,832
Pard6b,303,314,190,113,160,221
Pard6g,737,797,501,341,518,512
Parg,2562,2506,2861,1093,1962,2132
Park2,2540,2744,2736,1319,2476,2356
Park7,1086,1270,773,557,859,786
Parl,2668,2687,1775,1167,1845,1947
Parm1,1527,1711,1243,738,1313,1222
Parn,1368,1351,1138,660,1031,962
Parp1,1684,1888,2025,934,1629,1571
Parp10,78,69,77,56,100,60
Parp11,1128,1211,1025,644,1026,917
Parp12,430,519,384,275,553,360
Parp14,62,81,155,82,285,62
Parp16,360,311,228,153,251,216
Parp2,1512,1400,1318,731,1273,1209
Parp3,175,139,116,57,131,124
Parp4,188,192,183,107,175,156
Parp6,5551,4038,4496,2350,3506,3837
Parp8,1026,1117,1278,607,1081,993
Parp9,102,150,145,80,223,110
Parpbp,200,146,77,89,104,49
Pars2,105,78,52,43,49,51
Parva,332,417,364,179,290,273
Parvaos,3,9,3,3,7,12
Parvb,270,280,272,161,339,267
Parvg,43,47,53,19,82,32
Pask,361,388,359,193,369,340
Pate1,2,0,0,1,1,4
Pate2,137,159,118,89,130,147
Pate3,0,0,0,0,1,1
Pate4,7,2,1,0,5,0
Patj,609,686,628,377,658,600
Patl1,756,849,833,343,701,690
Patl2,1,0,1,1,3,4
Patz1,916,964,821,455,746,747
Paupar,5,13,4,3,2,4
Pawr,138,160,119,52,148,130
Pax1,1,0,2,0,5,2
Pax2,38,34,4,16,9,18
Pax3,0,3,1,0,0,0
Pax4,0,0,0,2,0,0
Pax5,0,0,0,1,1,1
Pax6,249,349,166,147,180,224
Pax6os1,0,2,0,1,0,0
Pax7,6,1,0,3,1,0
Pax8,0,0,0,0,0,0
Pax9,0,0,0,0,0,0
Paxbp1,3421,3215,3779,1708,2731,2732
Paxip1,1239,1421,1250,600,1126,1116
Paxx,2192,2630,1132,1272,1798,1833
Pbdc1,1118,1278,1052,518,1003,950
Pbk,1,0,6,1,5,2
Pbld1,16,21,15,9,26,17
Pbld2,115,124,67,62,87,96
Pbp2,2,3,2,1,3,2
Pbrm1,2810,3355,2827,1645,2832,2597
Pbsn,0,0,0,0,0,0
Pbx1,11893,14612,10619,7472,10319,10808
Pbx2,608,506,438,296,428,457
Pbx3,1734,2085,1504,1198,1702,1799
Pbx4,1100,1281,947,654,986,990
Pbxip1,362,536,273,199,478,424
Pcbd1,60,48,37,15,31,34
Pcbd2,239,212,178,112,149,147
Pcbp1,2769,2756,1768,1276,1710,1984
Pcbp2,6500,7455,5398,3819,5737,6815
Pcbp3,1275,1747,1089,929,1102,1188
Pcbp4,2038,1854,1691,1157,1674,1641
Pcca,2976,3227,2632,1518,2568,2438
Pccb,574,589,435,265,471,440
Pcdh1,5320,5349,4946,2032,4034,4460
Pcdh10,8045,8076,6697,3467,5729,5672
Pcdh11x,3677,3547,2732,1274,2698,2770
Pcdh12,0,1,0,2,1,3
Pcdh15,4938,5659,4855,2988,4669,4378
Pcdh17,4750,4580,3705,2142,3723,4077
Pcdh18,234,214,187,98,176,170
Pcdh19,1437,1251,1129,537,1004,990
Pcdh20,869,676,529,319,559,481
Pcdh7,11612,10626,11072,4864,8335,8783
Pcdh8,1491,1253,940,455,1082,1100
Pcdh9,21886,22420,18079,10666,16958,17673
Pcdha1,109,119,105,32,89,76
Pcdha11,417,459,333,160,326,292
Pcdha11-1,788,909,1312,440,849,758
Pcdha12,703,810,877,390,595,552
Pcdha2,130,120,118,45,98,114
Pcdha3,153,188,168,107,137,156
Pcdha4,175,160,146,69,154,137
Pcdha5,266,316,281,100,229,184
Pcdha6,294,354,357,189,304,336
Pcdha7,191,186,162,96,174,167
Pcdha8,314,331,554,185,371,302
Pcdha9,320,343,336,146,311,283
Pcdhac1,335,417,395,239,309,305
Pcdhac2,1562,1405,1081,545,1050,1080
Pcdhb1,17,9,15,6,6,8
Pcdhb10,122,106,87,51,92,89
Pcdhb11,369,374,329,157,282,273
Pcdhb12,403,402,340,142,324,283
Pcdhb13,224,244,164,124,160,170
Pcdhb14,1115,1149,1181,528,907,853
Pcdhb15,240,215,222,98,161,153
Pcdhb16,1135,1093,1105,489,829,872
Pcdhb17,890,917,906,435,678,639
Pcdhb18,236,207,204,107,150,170
Pcdhb19,756,754,815,354,593,550
Pcdhb2,172,219,162,75,174,125
Pcdhb20,999,769,872,334,603,605
Pcdhb21,679,667,673,344,567,473
Pcdhb22,517,501,593,269,465,371
Pcdhb3,168,196,188,83,154,108
Pcdhb4,161,164,191,76,134,114
Pcdhb5,217,236,259,124,203,170
Pcdhb6,140,209,171,72,135,134
Pcdhb7,501,574,470,206,353,382
Pcdhb8,109,92,104,50,75,100
Pcdhb9,616,677,494,213,520,503
Pcdhga1,195,199,208,76,169,146
Pcdhga10,512,540,536,254,459,423
Pcdhga11,640,632,534,298,453,486
Pcdhga12,1752,1931,1766,871,1759,1648
Pcdhga2,512,542,453,228,505,411
Pcdhga3,496,538,493,199,353,440
Pcdhga4,168,186,229,77,149,145
Pcdhga5,666,642,589,241,486,492
Pcdhga6,825,1002,978,373,784,662
Pcdhga7,862,816,793,328,650,606
Pcdhga8,619,617,601,297,532,582
Pcdhga9,663,680,1060,324,578,652
Pcdhgb1,238,217,212,92,198,178
Pcdhgb2,248,219,235,105,170,201
Pcdhgb4,747,882,1282,439,809,718
Pcdhgb5,529,648,966,290,574,519
Pcdhgb6,1043,1092,801,408,788,783
Pcdhgb7,357,409,409,164,351,343
Pcdhgc3,386,567,373,168,471,355
Pcdhgc4,608,821,745,364,719,626
Pcdhgc5,2818,2827,2119,937,2023,2089
Pced1a,1391,1576,1330,743,1265,1194
Pced1b,298,324,257,194,239,234
Pcf11,3015,3453,2561,1721,2483,2488
Pcgf1,1128,1304,737,536,834,912
Pcgf2,1435,1432,907,883,1019,1176
Pcgf3,1486,1911,1696,919,1605,1516
Pcgf5,2518,3009,2839,1235,2306,2417
Pcgf6,3685,3750,3056,1698,3167,3701
Pcid2,770,743,633,382,585,652
Pcif1,1605,1557,1004,899,1234,1094
Pck1,1,1,0,0,2,2
Pck2,1828,1750,1444,926,1455,1429
Pclaf,23,26,21,7,30,23
Pclo,17809,13645,18753,7208,10696,10970
Pcm1,8702,7914,8089,4160,6727,6820
Pcmt1,5303,6472,4023,2569,4400,4146
Pcmtd1,9822,9728,8400,4333,7092,7596
Pcmtd2,4179,3823,3888,1642,2888,3216
Pcna,606,676,423,229,424,423
Pcna-ps2,6,0,3,1,2,3
Pcnp,2016,1758,1870,1005,1594,1684
Pcnt,989,1016,1180,548,902,758
Pcnx,3972,4059,4766,2022,3411,3331
Pcnx2,6757,7265,5932,3347,5320,5525
Pcnx3,1787,1642,1362,834,1359,1385
Pcnx4,1429,1293,1172,566,1031,906
Pcolce,97,168,43,36,139,96
Pcolce2,556,485,488,231,425,478
Pcp2,7,15,5,8,14,10
Pcp4,3252,4083,1991,1720,2347,2146
Pcp4l1,924,1178,642,426,688,752
Pcsk1,1873,3085,2794,722,2329,2591
Pcsk1n,18537,19631,12929,7490,14579,12461
Pcsk2,17800,18908,12731,8455,12616,13607
Pcsk2os1,1195,1164,858,609,834,883
Pcsk2os2,67,73,38,29,38,73
Pcsk4,498,397,268,182,273,283
Pcsk5,1937,2077,1604,1051,1556,1570
Pcsk6,177,173,186,96,146,145
Pcsk7,3848,4331,3874,1614,3316,3479
Pcsk9,125,116,73,23,67,67
Pctp,27,24,19,15,29,22
Pcx,481,516,453,265,445,496
Pcyox1,3163,2796,1739,1174,1986,1905
Pcyox1l,1923,2154,1290,1068,1713,1541
Pcyt1a,1422,1730,1283,666,1280,1249
Pcyt1b,1193,1280,1004,571,995,899
Pcyt2,6633,7116,5006,3561,6780,6040
Pdap1,1271,1312,963,718,1038,974
Pdc,4,2,1,1,1,1
Pdcd1,2,1,27,20,65,0
Pdcd10,2887,3453,2402,1622,2640,2697
Pdcd11,1028,1078,1019,630,1020,943
Pdcd1lg2,3,3,2,0,1,0
Pdcd2,1079,1168,681,470,769,810
Pdcd2l,1075,1411,838,614,1101,1138
Pdcd4,1823,2449,1321,1152,1643,1663
Pdcd5,1564,1941,1270,909,1380,1276
Pdcd6,1656,1918,1194,755,1347,1446
Pdcd6ip,2122,2104,2244,1054,1865,1740
Pdcd7,2296,2174,2280,1005,2032,2211
Pdcl,404,375,266,200,287,261
Pdcl2,0,1,0,0,0,0
Pdcl3,862,852,637,409,622,646
Pde10a,26578,32279,29286,10372,25145,30675
Pde11a,153,165,141,93,140,125
Pde12,552,595,426,234,420,442
Pde1a,8494,8822,5615,4372,5530,6445
Pde1b,3653,3283,3123,1232,2604,3043
Pde1c,1054,923,883,471,961,866
Pde2a,4659,5297,5384,2514,4854,5040
Pde3a,228,258,257,92,212,254
Pde3b,1430,1660,1620,891,1517,1126
Pde4a,6026,7370,6781,3158,6507,6849
Pde4b,9506,10961,8241,4796,8344,8599
Pde4c,99,92,79,40,53,76
Pde4d,5639,8003,5981,3713,5643,5714
Pde4dip,9270,10572,9104,5010,8476,8779
Pde5a,312,442,349,250,329,344
Pde6a,64,51,20,40,74,55
Pde6b,11,8,7,6,5,12
Pde6c,15,10,17,4,14,3
Pde6d,1061,1512,930,527,994,1027
Pde6g,11,19,11,7,6,12
Pde6h,60,56,76,23,59,42
Pde7a,2585,3170,2735,1591,2352,2211
Pde7b,4887,5765,4675,1846,4465,5775
Pde8a,654,803,623,411,658,555
Pde8b,4091,4259,3449,1856,3282,3318
Pde9a,891,957,820,505,878,916
Pdf,114,147,73,64,92,73
Pdgfa,859,1082,907,473,882,775
Pdgfb,426,561,623,302,583,491
Pdgfc,716,844,779,409,550,635
Pdgfd,29,64,28,18,50,55
Pdgfra,1409,1691,900,599,1718,1425
Pdgfrb,366,507,148,158,386,317
Pdgfrl,37,107,20,17,54,51
Pdha1,1115,1188,1029,589,822,792
Pdha2,0,0,0,0,0,0
Pdhb,4971,5154,3498,2275,3914,4129
Pdhx,2596,2921,2037,1378,1974,2182
Pdia2,2,4,3,2,1,4
Pdia3,7656,8292,5953,2514,6500,6836
Pdia4,1585,1655,1338,580,1488,1578
Pdia5,514,618,419,310,452,487
Pdia6,4272,4669,3685,1576,3678,4067
Pdik1l,873,823,743,400,678,652
Pdilt,1,2,0,0,0,0
Pdk1,3810,4192,2971,1942,3133,2923
Pdk2,1606,1831,1044,644,1141,1288
Pdk3,968,1039,835,479,791,862
Pdk4,51,95,51,32,70,148
Pdlim1,146,271,219,91,196,218
Pdlim2,171,170,146,86,152,167
Pdlim3,43,61,35,28,52,60
Pdlim4,146,253,67,73,161,135
Pdlim5,558,826,429,253,608,574
Pdlim7,10864,11649,6164,6666,8723,9595
Pdp1,2656,3299,2324,1205,2065,2431
Pdp2,186,147,114,79,104,111
Pdpk1,2422,2681,2604,1271,2150,2192
Pdpn,75,138,37,31,98,65
Pdpr,1527,1651,1247,902,1353,1240
Pdrg1,2003,2218,1590,956,1692,1907
Pds5a,3759,4567,4572,2412,3864,3796
Pds5b,2786,2467,2995,1208,2145,2131
Pdss1,3615,4326,2842,1865,3105,3346
Pdss2,2332,2812,2350,1207,2229,2217
Pdx1,0,0,0,0,0,0
Pdxdc1,2488,2762,2262,1338,2387,2287
Pdxk,1889,1820,1816,743,1439,1739
Pdxp,1285,1117,710,565,696,741
Pdyn,645,508,485,191,506,446
Pdzd11,1673,1817,1045,773,1196,1264
Pdzd2,4097,4774,4728,1631,3651,4327
Pdzd3,27,17,17,8,17,20
Pdzd4,2867,3939,2597,1838,2655,2299
Pdzd7,493,580,486,295,482,562
Pdzd8,3403,3224,3360,1285,2490,2334
Pdzd9,4,9,2,7,5,4
Pdzk1,28,21,11,15,22,17
Pdzk1ip1,6,15,4,2,7,8
Pdzph1,7,19,4,3,9,16
Pdzrn3,1692,2103,1763,980,1417,1452
Pdzrn4,3714,3556,2520,1557,2845,2708
Pea15a,5678,6631,4295,2455,4780,4892
Peak1,2534,2658,2334,1174,2017,2196
Peak1os,3,2,2,2,3,4
Pear1,34,59,48,19,38,55
Pebp1,3136,3324,1870,1438,2068,2104
Pebp4,5,7,4,4,4,5
Pecam1,37,68,43,58,87,51
Pecr,600,673,392,315,480,408
Pef1,516,517,404,229,342,341
Peg10,233,151,282,97,203,163
Peg12,0,1,1,0,0,2
Peg3,24137,23020,24342,11969,19384,19665
Peli1,2818,3602,3153,1616,3281,3220
Peli2,961,1248,886,476,988,984
Peli3,1565,1674,1350,733,1222,1182
Pelo,277,234,100,87,157,172
Pelp1,1233,1258,1236,550,1007,1015
Pemt,91,111,63,44,75,79
Penk,20054,16255,11680,3560,9573,11517
Pepd,642,712,622,330,626,546
Per1,1860,3484,3334,832,3278,3242
Per2,1721,1854,2092,602,1827,2507
Per3,11557,13402,9243,4279,8908,9711
Perm1,9,16,17,11,18,17
Perp,104,124,55,29,96,44
Pes1,397,462,339,204,317,322
Pet100,1656,1694,793,1116,1292,1322
Pet117,0,0,0,0,0,0
Pet2,1,0,0,0,0,1
Pex1,2282,2651,2532,1302,2211,2132
Pex10,717,778,554,282,592,555
Pex11a,209,275,144,94,160,137
Pex11b,506,432,382,255,337,357
Pex11g,26,39,21,13,40,23
Pex12,362,349,196,132,204,258
Pex13,3357,4627,2234,1616,2814,3373
Pex14,2120,2236,1571,991,1741,1731
Pex16,1169,1419,915,630,1099,1078
Pex19,1595,1697,1277,827,1316,1387
Pex2,769,770,483,337,571,498
Pex26,609,740,617,306,505,577
Pex3,1612,1672,1387,853,1223,1310
Pex5,1469,1605,1589,757,1333,1473
Pex5l,15553,19590,14286,9249,14560,15290
Pex6,2879,3318,1679,1943,2300,2445
Pex7,2221,2357,1622,999,1607,1532
Pf4,10,17,13,5,13,6
Pfas,1530,1537,1241,891,1309,1386
Pfdn1,1530,1429,866,800,1127,1147
Pfdn2,1304,1452,1016,702,1044,940
Pfdn4,731,1011,514,464,662,640
Pfdn5,1954,2020,1240,1133,1522,1289
Pfdn6,944,1135,576,452,678,791
Pfkfb1,76,87,54,27,51,52
Pfkfb2,1496,1179,1229,668,986,1115
Pfkfb3,514,434,736,334,552,628
Pfkfb4,2057,2471,1884,1116,2171,2048
Pfkl,3504,3095,2467,1742,2291,2353
Pfkm,3289,3005,2424,1744,2310,2369
Pfkp,9136,10853,12401,5596,9700,9765
Pfn1,1521,1896,898,932,1328,1226
Pfn2,7101,8602,4824,3649,5460,5789
Pfn3,22,29,9,10,9,13
Pfn4,160,172,124,76,85,102
Pfn5,0,0,0,0,0,0
Pfpl,0,1,1,0,0,0
Pga5,0,0,0,1,0,0
Pgam1,3365,3241,2192,1304,2076,2002
Pgam2,76,44,23,23,32,43
Pgam5,2350,2466,1500,1100,1818,1891
Pgap1,3804,4049,3799,1636,3267,3306
Pgap2,1406,1490,1082,664,1098,1112
Pgap3,456,524,325,214,388,373
Pgbd1,228,229,250,99,151,186
Pgbd5,1695,1410,1684,942,1226,1268
Pgc,0,1,0,129,0,1
Pgd,621,613,536,317,539,424
Pgf,52,73,30,15,40,46
Pgghg,68,95,44,48,90,73
Pggt1b,1602,1802,1447,749,1372,1473
Pgk1,1852,1927,1312,822,1266,1211
Pgk2,0,0,0,0,0,0
Pgls,1518,1601,1016,815,1248,1139
Pglyrp1,39,64,30,73,112,71
Pglyrp2,0,3,0,0,1,1
Pglyrp3,0,0,0,0,0,0
Pglyrp4,0,0,1,0,0,0
Pgm1,369,464,437,223,446,382
Pgm2,949,1055,602,406,644,709
Pgm2l1,4551,4451,4539,2018,3198,3335
Pgm3,1004,1114,846,545,836,806
Pgm5,14,19,12,11,25,20
Pgp,2075,2143,1207,954,1482,1444
Pgpep1,171,198,106,91,143,138
Pgpep1l,40,29,27,16,31,35
Pgr,1535,1829,1325,710,1230,1267
Pgr15l,8,1,0,0,8,5
Pgrmc1,5295,5504,3996,1769,4162,3570
Pgrmc2,1717,1759,1582,791,1343,1152
Pgs1,1287,1498,1215,771,1243,1134
Phactr1,37378,42854,33255,15709,31749,37521
Phactr2,1016,1051,893,450,706,805
Phactr3,5261,6049,4522,2635,4491,4776
Phactr4,445,507,429,237,492,517
Phax,1366,1574,939,658,1070,1054
Phb,1098,1378,922,622,920,1022
Phb2,3313,3719,2371,1816,2789,2845
Phc1,1046,991,951,589,904,853
Phc2,2456,2721,2268,1367,2226,2030
Phc3,6162,6927,6384,3457,5918,5783
Phex,126,112,103,29,90,126
Phf1,2958,2520,1936,1368,2430,2506
Phf10,752,823,956,426,711,681
Phf11a,0,2,0,2,3,0
Phf11b,2,4,4,10,17,3
Phf11c,13,27,37,11,40,30
Phf11d,9,10,32,24,76,15
Phf12,3342,3114,3043,1905,2762,2681
Phf13,273,365,334,124,309,304
Phf14,4541,5584,6112,2706,4869,4555
Phf19,26,20,23,13,37,21
Phf2,603,559,611,297,459,464
Phf20,2340,2463,2240,1278,2106,1848
Phf20l1,18817,21636,18495,10082,16753,17122
Phf21a,2280,2666,2219,1363,2087,2090
Phf21b,438,455,635,249,406,548
Phf23,433,443,423,195,349,305
Phf24,7426,6977,7844,3969,5494,6025
Phf2os1,52,40,39,37,32,30
Phf3,10612,11816,9285,4911,8847,9306
Phf5a,507,518,384,281,395,417
Phf6,3091,3321,2119,1465,2614,2435
Phf7,1039,1048,524,484,690,565
Phf8,1480,1700,1673,929,1470,1492
Phgdh,374,522,276,193,364,392
Phgr1,0,0,0,0,0,0
Phip,7471,8333,10092,4341,7810,7312
Phka1,754,933,592,328,733,866
Phka2,6879,7639,4841,3778,5684,5202
Phkb,1439,1655,1294,844,1392,1224
Phkg1,463,730,213,222,460,531
Phkg2,3214,3740,2900,1857,3024,3015
Phlda1,1681,1672,900,714,1218,1197
Phlda2,1,0,1,0,0,1
Phlda3,245,295,161,118,201,187
Phldb1,1924,1814,1799,1085,1964,1685
Phldb2,236,363,178,136,308,292
Phldb3,3,7,9,5,17,6
Phlpp1,1435,1626,1344,778,1306,1235
Phlpp2,3964,3954,3552,1804,3056,3003
Phospho1,174,162,103,75,89,89
Phospho2,905,1026,700,398,693,701
Phox2a,3,0,5,0,0,0
Phox2b,0,0,0,0,0,0
Phpt1,922,950,505,605,668,630
Phrf1,1725,1923,1868,944,1738,1646
Phtf1,3403,3733,3279,1615,2775,2647
Phtf1os,411,434,159,180,238,244
Phtf2,1790,1871,1891,908,1459,1613
Phxr2,0,2,3,1,2,0
Phyh,1115,1207,572,584,747,684
Phyhd1,452,653,594,337,807,609
Phyhip,3439,3250,2491,1420,2119,2214
Phyhipl,4854,5915,4024,2934,4005,4021
Phykpl,819,916,704,424,703,681
Pi15,8,6,4,2,8,4
Pi16,32,41,43,22,38,42
Pi4k2a,887,1330,1069,562,910,753
Pi4k2b,204,262,197,100,178,163
Pi4ka,6763,7552,7611,3882,6252,6190
Pi4kb,2128,2606,1693,980,1853,1882
Pianp,5057,5106,3598,2189,3875,3934
Pias1,4775,5605,4148,2635,4247,4197
Pias2,2509,2755,2787,1420,2111,2310
Pias3,651,671,501,298,521,524
Pias4,1753,2019,1528,945,1773,1660
Pibf1,2741,3155,2399,1435,2295,2473
Picalm,2055,2276,2770,1224,2304,2028
Pick1,2060,2102,1933,1111,1951,1833
Pick1-1,7,4,9,6,8,2
Pid1,4232,5468,3888,2178,4436,4474
Pidd1,39,49,45,39,33,27
Piezo1,263,350,257,175,305,265
Piezo2,94,109,89,38,91,90
Pif1,16,22,6,5,9,7
Pifo,17,19,11,6,15,6
Piga,1000,1132,875,564,842,867
Pigb,1427,1611,1029,689,1052,1105
Pigc,1352,1339,873,467,860,953
Pigf,571,642,401,248,436,478
Pigg,1615,1598,1144,725,1170,1187
Pigh,486,584,380,221,383,451
Pigk,2803,2701,2624,1109,2304,2103
Pigl,946,1132,694,542,779,880
Pigm,829,964,742,358,554,661
Pign,1686,1796,1789,893,1607,1491
Pigo,814,824,589,364,561,588
Pigp,2010,2329,1305,929,1611,1529
Pigq,3394,3403,3195,1850,2953,2718
Pigr,1,2,1,0,3,0
Pigs,1350,1457,1026,580,1116,1072
Pigt,2439,2608,1742,1045,2036,1959
Pigu,1271,1454,1262,721,1187,1115
Pigv,384,496,433,216,418,374
Pigw,429,476,262,198,271,291
Pigx,1325,1558,800,644,1146,1060
Pigyl,825,755,368,392,510,458
Pigz,749,778,438,344,653,527
Pih1d1,451,547,389,256,397,415
Pih1d2,244,290,216,111,178,192
Pih1d3,0,0,0,0,0,0
Pih1h3b,0,0,0,0,0,0
Pik3ap1,68,89,139,71,184,64
Pik3c2a,2574,2901,2902,1368,2655,2731
Pik3c2b,1477,1374,1626,684,1359,1358
Pik3c2g,9,10,5,4,9,7
Pik3c3,1136,1237,1019,544,953,1049
Pik3ca,1199,1245,1460,808,1163,1092
Pik3cb,826,1054,748,456,882,805
Pik3cd,1180,1307,1078,627,1151,1008
Pik3cg,73,101,120,85,166,80
Pik3ip1,1986,1984,1346,728,1453,1568
Pik3r1,4393,5246,3545,2399,4015,3855
Pik3r2,1260,1410,1228,759,1252,1296
Pik3r3,1210,1161,1105,563,966,951
Pik3r4,1290,1304,1158,550,1087,1031
Pik3r5,63,94,108,46,152,85
Pik3r6,125,142,84,89,140,88
Pikfyve,2589,2743,3029,1360,2319,2210
Pilra,19,13,28,14,39,9
Pilrb1,0,1,0,0,0,0
Pilrb2,3,2,5,0,1,2
Pim1,125,121,83,61,104,110
Pim2,1737,1828,1289,773,1373,1373
Pim3,1081,1374,775,425,882,1010
Pimreg,4,3,1,2,9,3
Pin1,1007,948,791,461,717,748
Pin1rt1,0,0,0,0,1,1
Pin4,420,484,239,243,320,311
Pinc,0,0,1,0,0,0
Pink1,2478,2636,1946,1283,1915,1924
Pinlyp,2,0,0,0,2,0
Pinx1,546,574,500,274,568,486
Pip,0,0,0,0,0,0
Pip4k2a,1917,2747,1985,1202,2259,2026
Pip4k2b,1598,1786,1343,871,1351,1385
Pip4k2c,3556,4177,3268,1808,3240,3147
Pip5k1a,2595,3147,3226,1418,2717,2630
Pip5k1b,420,517,382,277,338,438
Pip5k1bos,4,4,2,1,4,2
Pip5k1c,3637,3479,3439,2070,2857,2973
Pip5kl1,400,299,306,172,270,322
Pipox,129,124,73,56,108,85
Pir,351,471,293,206,352,355
Pira2,0,1,0,1,0,0
Pirb,15,31,19,12,22,22
Pirt,5,1,2,3,2,1
Pisd,1786,1911,1743,920,1692,1877
Pithd1,1104,1222,874,513,823,803
Pitpna,4528,6234,4903,3081,4844,4305
Pitpnb,1134,1088,1167,583,919,937
Pitpnc1,2207,2771,1658,1173,2138,2490
Pitpnm1,3041,2735,2923,1564,2549,2337
Pitpnm2,5355,5022,6154,2680,4014,4714
Pitpnm2os1,5,19,7,6,10,12
Pitpnm2os2,20,10,11,6,17,30
Pitpnm3,2764,2384,2929,1493,2043,2195
Pitrm1,1290,1363,1042,752,1193,1090
Pitx1,0,1,0,0,1,0
Pitx2,0,0,0,0,0,0
Pitx3,3,3,1,0,2,2
Piwil1,10,16,6,5,10,6
Piwil2,35,24,46,17,26,37
Piwil4,2,0,0,1,2,1
Pja1,1877,2077,1406,753,1293,1404
Pja2,6090,5433,4220,2709,3827,3938
Pjvk,0,0,0,0,1,1
Pkd1,6328,6699,7315,3397,5891,5708
Pkd1l1,11,4,8,2,7,4
Pkd1l2,10,13,11,15,5,8
Pkd1l3,160,185,159,107,132,146
Pkd2,2947,2996,3055,1489,2530,2465
Pkd2l1,34,33,26,23,36,20
Pkd2l2,63,46,40,33,45,49
Pkdcc,198,202,208,117,152,125
Pkdrej,83,44,36,32,42,43
Pkhd1,5,7,7,2,2,4
Pkhd1l1,37,42,44,26,26,29
Pkia,1320,1380,1209,753,1134,1079
Pkib,1169,1228,692,526,877,721
Pkig,5492,5729,3804,2664,4306,4673
Pklr,0,0,1,1,0,0
Pkm,7470,6903,5618,3194,5292,5062
Pkmyt1,320,355,214,189,273,221
Pkn1,4623,5487,4479,2898,4571,3894
Pkn2,8044,6866,7695,3327,6796,6931
Pkn3,0,3,6,2,3,4
Pknox1,715,761,809,437,691,657
Pknox2,2181,2587,2163,1243,1921,1777
Pkp1,6,5,2,3,4,6
Pkp2,547,681,619,200,504,719
Pkp3,0,0,0,0,4,4
Pkp4,1746,2011,2061,1115,1657,1492
Pla1a,11,19,9,6,22,19
Pla2g10,0,1,1,0,2,2
Pla2g10os,0,0,0,0,0,0
Pla2g12a,865,990,841,382,714,688
Pla2g12b,0,0,0,0,0,0
Pla2g15,696,760,552,248,629,514
Pla2g16,465,603,535,273,598,440
Pla2g1b,0,0,0,158,0,0
Pla2g2c,14,10,7,11,11,7
Pla2g2d,2,3,3,0,1,0
Pla2g2e,23,9,5,2,5,6
Pla2g2f,0,0,0,0,0,0
Pla2g3,154,180,198,97,155,192
Pla2g4a,161,193,209,107,241,129
Pla2g4b,21,32,38,12,30,33
Pla2g4c,23,22,25,10,21,26
Pla2g4d,0,4,0,2,0,3
Pla2g4e,1079,1218,919,653,885,787
Pla2g4f,4,6,4,4,8,7
Pla2g5,17,19,22,18,21,22
Pla2g6,354,384,302,211,332,280
Pla2g7,1443,2167,696,557,1323,1054
Pla2r1,10,8,11,2,15,17
Plaa,4801,5138,3785,2467,4028,3991
Plac1,0,0,0,0,0,0
Plac8,3,0,0,0,0,3
Plac8l1,1,3,0,0,0,3
Plac9a,0,0,0,0,0,0
Plac9b,3,3,1,3,3,1
Plag1,880,994,735,406,680,648
Plagl1,952,1045,818,364,732,800
Plagl2,436,429,420,217,362,343
Plat,928,1084,966,406,852,862
Platr1,2,1,4,1,0,1
Platr10,1,2,0,1,1,0
Platr11,0,0,0,0,0,0
Platr13,0,0,0,0,0,0
Platr15,50,113,13,22,55,62
Platr17,8,5,7,2,8,4
Platr19,0,0,0,0,0,0
Platr2,0,0,0,0,0,0
Platr20,0,0,1,0,0,1
Platr22,8,10,2,2,8,2
Platr23,4,8,2,5,1,3
Platr25,609,574,547,290,439,447
Platr26,0,0,0,0,0,0
Platr27,1,1,0,0,0,1
Platr28,0,0,0,1,1,0
Platr29,0,1,2,1,2,0
Platr3,0,0,0,0,0,0
Platr30,0,0,0,0,0,0
Platr31,14,15,3,3,9,8
Platr4,1,1,1,0,0,0
Platr5,1,0,1,0,0,0
Platr6,4,5,10,6,4,5
Platr7,1,0,0,0,0,0
Plau,64,62,84,65,120,35
Plaur,16,20,70,45,128,13
Plb1,23,17,13,9,9,12
Plbd1,2,1,3,2,6,1
Plbd2,2412,2540,1952,1130,2024,1972
Plcb1,19323,22116,15891,9846,15033,17353
Plcb2,230,199,170,97,187,150
Plcb3,87,117,48,50,132,105
Plcb4,1696,1647,1600,879,1258,1240
Plcd1,379,444,339,279,362,333
Plcd3,545,660,392,286,422,422
Plcd4,222,409,152,89,267,360
Plce1,258,237,208,87,251,243
Plcg1,1900,1933,2005,1069,1783,1877
Plcg2,92,120,159,73,215,101
Plch1,275,287,169,97,146,188
Plch2,2378,2221,2077,1261,1792,1838
Plcl1,1953,2223,2288,930,1737,2036
Plcl2,1518,1789,2112,865,1350,1515
Plcxd1,621,541,325,228,348,407
Plcxd2,646,1209,836,449,765,619
Plcxd3,1558,1869,1403,806,1297,1510
Plcz1,99,92,62,30,60,78
Pld1,421,575,517,271,524,495
Pld2,348,400,260,168,360,336
Pld3,10021,9303,6853,3454,6961,7252
Pld4,148,190,248,122,333,138
Pld5,1133,1191,1143,491,884,957
Pld6,292,254,142,121,230,198
Pldi,0,0,0,0,1,0
Plec,3773,3094,3814,1780,2812,2514
Plek,640,708,697,434,787,596
Plek2,6,4,3,0,3,3
Plekha1,6016,6881,6224,3703,6395,5837
Plekha2,608,823,447,450,550,496
Plekha3,292,323,302,187,234,248
Plekha4,176,162,92,84,110,109
Plekha5,8282,8575,8429,4446,7156,6934
Plekha6,3406,3325,4072,1786,2740,2709
Plekha7,1595,1821,1790,890,1638,1430
Plekha8,860,1037,1068,460,881,823
Plekhb1,585,689,442,397,577,518
Plekhb2,1764,1812,1730,811,1566,1491
Plekhd1,41,47,49,17,57,42
Plekhd1os,1,2,1,1,1,1
Plekhf1,52,105,101,16,78,117
Plekhf2,186,310,167,112,194,158
Plekhg1,924,1104,656,472,1026,817
Plekhg2,42,67,39,33,69,55
Plekhg3,838,964,775,439,944,860
Plekhg4,106,84,110,45,71,127
Plekhg5,3606,3765,3482,2086,3245,3467
Plekhg6,15,14,10,3,13,13
Plekhh1,1646,1540,1602,982,1675,1354
Plekhh2,1065,1164,1199,636,1215,1325
Plekhh3,688,713,569,350,645,576
Plekhj1,3129,3837,2031,1574,2806,3089
Plekhm1,820,986,899,436,860,821
Plekhm2,1148,1142,1305,756,1089,976
Plekhm3,3973,4170,3416,1881,3424,3349
Plekhn1,4009,3686,2932,2090,3142,3160
Plekho1,1186,1606,1023,844,1318,987
Plekho2,78,122,42,32,86,67
Plekhs1,15,14,23,3,13,11
Plet1,2,1,1,0,3,0
Plet1os,2,1,2,2,2,5
Plg,3,5,3,1,3,0
Plgrkt,1142,1326,1257,767,1501,1072
Plin1,1,1,1,4,2,2
Plin2,60,78,50,42,86,50
Plin3,118,151,98,51,153,142
Plin4,51,114,67,12,61,221
Plin5,23,21,22,10,21,24
Plk1,55,50,64,32,37,41
Plk2,10205,9369,6930,3940,6367,8003
Plk3,620,1005,956,436,1159,1028
Plk4,674,550,460,236,385,454
Plk5,1583,1078,849,435,766,935
Pllp,1718,1709,1130,797,1751,1070
Pln,17,16,12,10,9,13
Plod1,600,813,534,278,834,700
Plod2,620,618,457,279,489,500
Plod3,1483,1499,1321,776,1555,1261
Plp1,40340,45741,30782,15700,41763,35092
Plp2,346,365,186,174,224,236
Plpbp,5687,6676,5850,2936,5188,5188
Plpp1,850,825,588,282,610,574
Plpp2,72,78,65,33,83,55
Plpp3,3351,5549,1398,1483,3430,3149
Plpp4,343,475,278,161,358,386
Plpp5,2703,2921,2517,1269,2162,2493
Plpp6,1604,2025,1241,700,1313,1618
Plpp7,1226,1300,648,517,882,982
Plppr1,2675,2602,2055,948,2012,2190
Plppr2,4862,4905,3582,2420,3575,3714
Plppr3,4248,3618,2843,1513,2905,3341
Plppr4,9852,9922,7479,3877,6582,7336
Plppr5,3071,3330,2461,1401,2402,2720
Plrg1,481,556,420,199,375,422
Pls1,1065,1094,826,456,1010,938
Pls3,1341,1484,998,673,933,1108
Plscr1,24,45,17,23,33,30
Plscr2,21,25,8,19,22,22
Plscr3,960,919,602,496,643,628
Plscr4,101,138,81,70,111,104
Plscr5,1,1,1,0,1,5
Pltp,378,515,223,461,648,402
Plut,0,0,0,0,0,0
Plvap,652,723,589,301,543,563
Plxdc1,1117,1267,973,585,1047,952
Plxdc2,4326,4686,4165,2431,5460,3408
Plxna1,1533,1546,1699,747,1353,1293
Plxna2,7257,6773,6940,3384,5458,5621
Plxna3,900,775,707,436,707,677
Plxna4,4409,4493,4346,2194,3598,3518
Plxna4os1,19,11,19,9,18,11
Plxna4os2,28,22,10,21,19,24
Plxna4os3,0,0,0,0,0,0
Plxnb1,608,738,404,276,559,585
Plxnb2,959,968,920,560,941,796
Plxnb3,419,454,397,259,464,459
Plxnc1,2747,3131,2705,1363,2242,2536
Plxnd1,1635,1531,1737,816,1163,1256
Pm20d1,30,59,13,10,21,26
Pm20d2,201,204,140,85,122,127
Pmaip1,14,14,19,21,18,22
Pmch,16,3,0,1,1,1
Pmel,12,10,6,7,14,10
Pmepa1,1079,1054,1015,603,820,784
Pmepa1os,12,12,7,7,9,5
Pmf1,54,56,65,37,57,44
Pmfbp1,30,27,14,15,11,17
Pmis2,0,0,1,0,0,0
Pml,985,1078,754,493,780,740
Pmm1,2063,2299,1283,1037,1529,1556
Pmm2,2211,2506,1840,1107,2072,2199
Pmp2,0,0,0,0,0,0
Pmp22,610,957,542,345,883,572
Pmpca,1387,1317,1151,663,1112,1178
Pmpcb,1048,1103,952,474,838,765
Pms1,829,1041,834,362,787,752
Pms2,2283,2744,1879,1337,2093,1994
Pmvk,507,580,561,334,615,496
Pnck,1850,1584,1165,802,1322,1424
Pnisr,34527,37428,33007,17882,32173,32405
Pnkd,3447,4301,3120,1919,3188,3107
Pnkp,3074,3826,2615,1688,3011,2964
Pnldc1,120,189,92,92,114,126
Pnlip,9,11,2,2,11,8
Pnliprp1,1,0,0,0,1,0
Pnliprp2,8,8,6,3,4,12
Pnma1,172,121,62,53,91,71
Pnma2,1240,1099,962,596,879,722
Pnma3,671,578,658,359,488,465
Pnma5,4,8,12,2,8,9
Pnmal1,3477,2980,2765,1343,1958,2060
Pnmal2,3939,3159,3144,1423,2496,2476
Pnmt,8,12,2,2,2,5
Pnn,13036,13293,10510,7004,11278,10906
Pno1,591,670,511,264,476,472
Pnoc,374,441,253,153,353,352
Pnp,160,177,91,63,128,123
Pnp2,46,39,27,23,32,35
Pnpla1,28,16,12,8,11,8
Pnpla1os,0,0,0,0,0,0
Pnpla2,332,334,199,154,208,281
Pnpla3,1017,1062,586,655,792,797
Pnpla5,0,1,1,0,0,0
Pnpla6,2043,2028,2082,1104,1893,1848
Pnpla7,509,700,578,336,826,534
Pnpla8,5151,5813,6066,2593,4351,4271
Pnpo,701,749,680,325,599,593
Pnpt1,2267,2333,1827,1285,2028,2023
Pnrc1,1714,1741,1194,621,1035,1141
Pnrc2,467,482,313,230,404,392
Poc1a,284,311,203,132,222,212
Poc1b,349,379,321,196,359,340
Poc5,1040,1119,1105,498,885,894
Podn,436,382,348,196,307,319
Podnl1,4,3,2,0,1,2
Podxl,249,241,193,137,168,185
Podxl2,7111,7056,5148,3567,5663,5434
Pof1b,3,1,0,4,1,2
Pofut1,2408,2458,1871,1206,2022,1790
Pofut2,1025,1142,785,488,810,770
Pogk,802,940,833,413,780,690
Poglut1,1594,1544,1495,685,1248,1309
Pogz,2486,2697,2621,1449,2365,2188
Pola1,619,563,630,311,515,543
Pola2,424,452,330,215,344,314
Polb,4473,5327,4998,2657,4807,4843
Pold1,165,206,160,82,169,150
Pold2,240,228,146,99,186,213
Pold3,1307,1356,1278,642,1153,1121
Pold4,603,552,312,325,454,448
Poldip2,2002,2018,1447,1018,1579,1546
Poldip3,3224,3589,2670,1577,2831,2791
Pole,68,74,46,39,61,46
Pole2,62,75,44,35,71,54
Pole3,234,174,129,115,155,129
Pole4,695,706,463,331,475,491
Polg,3129,4264,3202,2002,3127,2952
Polg2,170,243,130,75,172,166
Polh,462,464,326,185,311,352
Poli,849,869,714,363,555,556
Polk,865,1031,936,434,869,810
Poll,168,165,123,95,144,102
Polm,513,541,413,257,397,339
Poln,95,87,131,53,78,88
Polq,229,293,191,133,179,175
Polr1a,1347,1421,1343,736,1306,1283
Polr1b,718,685,630,369,532,549
Polr1c,871,823,529,435,640,622
Polr1d,1374,1640,911,644,1000,989
Polr1e,131,187,145,80,153,155
Polr2a,2105,2326,1462,1076,1554,1436
Polr2b,1434,1299,1216,526,928,1006
Polr2c,1932,2029,1577,961,1527,1696
Polr2d,324,332,166,160,192,199
Polr2e,1360,1531,854,693,1037,1036
Polr2f,472,636,407,255,417,417
Polr2g,999,1143,644,519,728,724
Polr2h,598,732,456,370,457,567
Polr2i,804,842,425,503,575,576
Polr2j,693,875,415,396,589,527
Polr2k,1152,1370,850,613,938,1203
Polr2l,825,913,530,461,573,597
Polr2m,1055,1068,762,537,756,748
Polr3a,3623,3691,2852,1640,2866,2990
Polr3b,775,750,634,358,600,582
Polr3c,1438,1590,1085,764,1206,1133
Polr3d,1228,1129,818,586,831,913
Polr3e,2352,2907,2153,1258,2374,2975
Polr3f,2522,2703,2131,1253,2074,2004
Polr3g,255,321,249,148,270,225
Polr3gl,1051,1110,746,573,865,922
Polr3h,703,786,568,338,499,558
Polr3k,1066,1243,1018,502,920,987
Polrmt,1291,1322,1111,666,1103,1084
Pom121,3956,4068,3170,1538,3036,2822
Pom121l12,0,0,0,0,0,0
Pom121l2,2,0,0,0,0,0
Pomc,156,113,73,87,67,58
Pomgnt1,1942,1924,1476,1006,1443,1419
Pomgnt2,1211,1234,775,398,803,859
Pomk,651,712,580,298,528,445
Pomp,1344,1663,1157,778,1333,1091
Pomt1,830,835,683,454,742,753
Pomt2,1248,1331,1428,661,1131,1103
Pon1,0,0,1,0,0,0
Pon2,384,550,311,233,588,441
Pon3,53,62,74,55,108,42
Pop1,1376,1205,1190,516,968,1140
Pop4,788,841,493,408,529,559
Pop5,1726,2588,1520,885,1608,1906
Pop7,555,475,244,236,299,283
Popdc2,9,9,13,5,7,10
Popdc3,67,93,47,28,61,68
Por,1954,1896,1381,759,1604,1684
Porcn,5182,5523,3225,2756,4221,4312
Postn,92,109,110,50,97,136
Pot1a,1345,1435,1174,648,1128,1082
Pot1b,1119,1344,803,539,1011,1052
Poteg,0,0,0,0,0,0
Pou1f1,3,0,0,0,3,1
Pou2af1,1,1,0,2,0,1
Pou2f1,1785,2133,2173,1048,1804,1777
Pou2f2,1916,1880,1805,1135,1932,1504
Pou2f3,6,6,3,1,3,2
Pou3f1,419,651,341,235,344,331
Pou3f2,1223,1223,722,648,805,741
Pou3f3,1685,1991,1858,873,1476,1421
Pou3f4,394,348,204,111,273,301
Pou4f1,4,4,2,5,2,1
Pou4f2,0,0,0,0,0,0
Pou4f3,1,1,1,0,0,0
Pou5f1,9,5,14,5,6,10
Pou5f2,225,274,327,184,293,219
Pou6f1,1495,1544,1574,972,1303,1266
Pou6f2,314,289,224,187,264,237
Pp2d1,14,8,11,12,16,8
Ppa1,1236,1339,924,596,1071,1014
Ppa2,1134,1336,1054,592,998,917
Ppan,1412,1458,1072,755,1185,1296
Ppara,93,151,41,31,92,121
Ppard,406,439,491,223,404,411
Pparg,888,1048,723,587,638,694
Ppargc1a,1243,1640,1227,735,1131,1252
Ppargc1b,2211,2353,2444,1162,2312,2179
Ppat,1104,1285,1133,509,888,941
Ppbp,0,1,0,0,0,0
Ppcdc,972,1169,1157,698,1173,878
Ppcs,447,415,291,144,250,273
Ppdpf,897,1049,568,476,710,652
Ppef1,15,14,18,9,11,12
Ppef2,20,33,39,13,25,37
Ppfia1,1495,1651,2085,847,1604,1423
Ppfia2,4472,4634,4541,2543,3474,3667
Ppfia3,3093,3243,2886,1777,2579,2603
Ppfia4,1565,1533,1656,922,1621,1327
Ppfibp1,1725,1747,1628,1004,1613,1319
Ppfibp2,373,471,470,249,493,358
Pphln1,1256,1631,1428,640,1336,1282
Ppia,8806,10073,4924,4440,5865,5497
Ppib,11443,12814,10780,5724,10319,10448
Ppic,18,36,8,7,25,24
Ppid,3656,3663,3379,1660,3074,3088
Ppie,364,471,343,174,343,354
Ppif,1149,1289,896,516,812,940
Ppifos,10,37,8,10,20,15
Ppig,3996,4421,3747,2183,3555,3863
Ppih,316,371,249,167,256,297
Ppil1,307,346,229,126,233,235
Ppil2,3679,4240,3293,1975,3545,3604
Ppil3,1498,1561,1045,754,1132,1030
Ppil4,1770,1620,1772,811,1448,1475
Ppil6,1099,1257,704,580,825,909
Ppip5k1,4334,4696,4892,2584,3976,3804
Ppip5k2,4124,4953,4661,2240,3766,3830
Ppl,80,73,59,19,55,48
Ppm1a,3422,4750,4006,2352,3323,3042
Ppm1b,2528,2822,2750,1160,2241,2372
Ppm1d,1007,1385,908,441,904,995
Ppm1e,8839,11238,7138,5246,6949,7962
Ppm1f,1776,1842,1549,930,1463,1403
Ppm1g,3408,3821,2892,1637,2785,2816
Ppm1h,2520,2889,3110,1448,2464,2556
Ppm1j,29,26,20,15,36,15
Ppm1k,1621,1379,1233,780,929,970
Ppm1l,4700,4948,4252,2191,3488,3428
Ppm1m,793,752,709,404,618,660
Ppm1n,5,8,1,2,10,2
Ppme1,3302,3651,3163,1613,2638,2663
Ppox,1770,1795,1278,1002,1457,1451
Ppp1ca,1476,1453,972,643,1071,1021
Ppp1cb,2128,2446,2175,1099,1758,1678
Ppp1cc,5181,5404,4419,2361,4185,4359
Ppp1r10,2807,3838,2420,1560,2554,2551
Ppp1r11,1658,1877,1191,650,1212,1174
Ppp1r12a,9478,11640,9717,5467,9054,8428
Ppp1r12b,3679,4007,4133,2137,3346,3283
Ppp1r12c,1675,1592,1624,993,1390,1441
Ppp1r13b,2296,2618,2261,1165,1929,2120
Ppp1r13l,121,158,116,67,127,147
Ppp1r14a,583,682,380,323,575,514
Ppp1r14b,274,253,176,173,201,167
Ppp1r14c,810,773,588,373,590,577
Ppp1r14d,1,2,1,0,1,0
Ppp1r15a,505,485,265,161,298,327
Ppp1r15b,1364,1440,1042,490,1041,1029
Ppp1r16a,1361,1210,957,686,1089,1057
Ppp1r16b,3026,3233,2979,1506,2789,2926
Ppp1r17,14,3,11,1,3,2
Ppp1r18,87,97,81,59,130,82
Ppp1r18os,29,32,4,15,19,17
Ppp1r1a,4467,4282,2449,2122,2743,2832
Ppp1r1b,3214,2939,2229,874,1883,2348
Ppp1r1c,4,3,1,1,5,5
Ppp1r2,4518,6179,4924,1763,4292,5236
Ppp1r21,1595,1841,1528,910,1570,1316
Ppp1r26,211,190,177,104,141,130
Ppp1r27,0,0,0,0,0,2
Ppp1r32,9,14,13,8,18,7
Ppp1r35,683,831,386,411,591,599
Ppp1r36,46,32,34,19,35,26
Ppp1r37,5416,6347,4519,2882,5116,5685
Ppp1r3a,7,3,12,3,6,2
Ppp1r3b,18,29,14,16,33,11
Ppp1r3c,115,163,55,73,121,129
Ppp1r3d,387,406,262,158,265,275
Ppp1r3e,196,213,184,86,131,143
Ppp1r3f,737,593,480,334,410,455
Ppp1r3g,65,142,37,23,63,106
Ppp1r42,32,47,33,20,22,21
Ppp1r7,1919,1807,1836,848,1401,1429
Ppp1r8,669,704,624,304,471,485
Ppp1r9a,9499,7917,8407,3929,5879,6501
Ppp1r9b,1183,1137,1244,772,910,887
Ppp2ca,3039,4151,2952,1608,2599,2444
Ppp2cb,386,391,356,273,279,275
Ppp2r1a,2627,2601,1930,1163,1707,1765
Ppp2r1b,598,810,669,280,674,635
Ppp2r2a,3785,3998,3866,1620,2960,3201
Ppp2r2b,8609,9582,7016,4255,6597,7286
Ppp2r2c,4227,4163,4535,2288,2986,3186
Ppp2r2cos,9,9,6,8,4,6
Ppp2r2d,1599,1886,1781,830,1482,1427
Ppp2r3a,2694,2571,2650,1294,2194,2186
Ppp2r3c,649,787,711,368,739,700
Ppp2r3d,958,894,666,518,697,764
Ppp2r5a,1060,1265,1412,658,1058,938
Ppp2r5b,2310,2501,1745,1093,2040,2293
Ppp2r5c,2097,2194,2292,1155,1769,1850
Ppp2r5d,1050,1117,820,526,917,902
Ppp2r5e,2312,2570,2655,1182,1899,2052
Ppp3ca,22143,20997,19293,9874,15521,16827
Ppp3cb,4146,5409,4496,2669,3719,3417
Ppp3cc,1548,2025,1298,903,1407,1416
Ppp3r1,5038,5500,3933,2483,3549,3615
Ppp3r2,67,99,128,42,94,58
Ppp4c,1357,1565,1281,732,1348,1156
Ppp4r1,1170,1158,1123,654,950,930
Ppp4r2,882,946,1093,534,842,767
Ppp4r3a,3832,4358,4133,2133,3409,3371
Ppp4r3b,3570,3878,3458,1882,3064,3145
Ppp4r4,2124,2115,1972,863,1407,1815
Ppp5c,2189,2189,1566,1150,1655,1729
Ppp6c,1698,2135,1474,850,1404,1509
Ppp6r1,1823,2353,2598,1170,2054,1837
Ppp6r2,5266,5845,4867,2961,4696,4714
Ppp6r3,3727,4014,4180,2003,3916,3831
Pprc1,854,983,943,443,927,804
Ppt1,5932,6824,4524,3116,5536,5166
Ppt2,1564,1644,1198,746,1223,1276
Pptc7,836,1046,970,480,827,776
Ppwd1,3520,3628,2364,1781,2754,2718
Ppy,0,0,0,0,0,0
Pqbp1,541,713,469,276,457,452
Pqlc1,422,472,359,206,365,319
Pqlc2,640,777,511,345,664,607
Pqlc3,114,168,93,84,153,118
Pradc1,1163,1277,616,537,811,745
Praf2,1488,1381,929,541,1035,953
Prag1,1176,1171,1214,465,907,826
Pram1,12,15,15,8,18,19
Prame,0,0,0,0,0,0
Pramef12,0,0,0,0,0,0
Pramef12os,0,0,0,0,0,0
Pramef17,0,0,0,0,0,0
Pramef20,0,0,0,0,0,0
Pramef25,0,0,0,0,0,0
Pramef6,0,0,0,0,0,0
Pramef8,255,252,150,106,183,164
Pramel1,0,0,0,0,0,0
Pramel3,0,0,0,0,0,0
Pramel4,0,0,0,0,0,0
Pramel5,0,0,0,0,0,0
Pramel6,0,0,0,0,0,0
Pramel7,0,0,0,0,0,0
Prap1,1,1,1,3,0,1
Prb1,0,0,0,0,0,0
Prc1,43,54,43,45,68,48
Prcc,530,636,441,249,468,479
Prcd,211,242,178,104,156,190
Prcp,1557,1744,897,831,1143,1053
Prdm1,47,57,49,45,87,41
Prdm10,1078,968,1097,516,788,798
Prdm11,579,694,742,368,530,533
Prdm12,69,68,29,33,33,38
Prdm13,0,0,1,0,0,0
Prdm14,0,0,0,0,0,1
Prdm15,1258,1398,1446,736,1259,1357
Prdm16,168,231,176,90,154,205
Prdm2,1545,1666,1763,782,1450,1295
Prdm4,671,682,674,316,477,468
Prdm5,444,556,384,214,416,408
Prdm6,8,16,6,3,15,9
Prdm8,316,343,294,180,222,197
Prdm9,64,67,92,52,59,66
Prdx1,1259,1567,737,712,1034,905
Prdx2,2745,3194,1631,1213,1951,2054
Prdx3,824,866,514,350,538,621
Prdx4,1157,1091,500,503,669,617
Prdx5,2707,3248,1580,1355,1942,2092
Prdx6,3560,5726,2793,1837,3774,3591
Prdx6b,8,1,1,2,1,3
Preb,5002,5384,3815,2376,3873,3915
Prelid1,1658,1806,1046,689,1186,1304
Prelid2,21,25,30,22,44,22
Prelid3a,1876,1827,1426,893,1516,1720
Prelid3b,456,528,296,225,350,310
Prelp,117,233,55,73,164,170
Prep,553,593,556,263,439,541
Prepl,5869,6238,5453,2690,4269,4453
Prex1,2407,2713,2661,1505,2357,2454
Prex2,1552,2443,1032,689,1515,1679
Prf1,1,2,2,0,1,0
Prg2,0,0,0,0,0,0
Prg3,0,0,0,0,0,0
Prg4,164,245,57,48,123,115
Prh1,0,0,0,0,0,0
Prickle1,6495,7502,5222,3600,6008,6396
Prickle2,6048,6879,5294,2876,5044,5651
Prickle3,137,162,143,83,163,133
Prickle4,45,39,31,25,39,35
Prim1,466,514,325,229,430,361
Prim2,380,367,441,191,372,363
Prima1,586,489,392,182,394,303
Primpol,319,352,245,185,225,215
Prkaa1,463,572,399,293,462,420
Prkaa2,2498,2979,2778,1393,2220,2194
Prkab1,558,670,450,307,429,422
Prkab2,2826,3772,3298,1590,3276,3604
Prkaca,2546,2935,2141,1266,2064,2222
Prkacb,6756,6936,6095,3269,5351,5502
Prkag1,1245,1303,993,642,1074,1141
Prkag2,3298,4035,3572,1860,3174,3339
Prkag2os1,2,3,2,1,2,2
Prkag2os2,29,33,13,19,32,29
Prkag3,9,14,4,2,7,7
Prkar1a,5875,5946,5695,2522,4571,5169
Prkar1b,4653,5213,4111,2401,3698,4013
Prkar2a,1025,1220,1108,564,1013,999
Prkar2b,3470,3724,3089,1387,2624,2915
Prkca,7283,9015,6843,4270,6953,7347
Prkcb,13710,13994,12364,6570,10637,11679
Prkcd,314,343,505,213,621,331
Prkce,5095,5544,5446,2595,4290,4258
Prkcg,6312,7152,6630,3073,5576,6151
Prkch,724,747,635,281,744,672
Prkci,1285,1330,1220,590,1043,1048
Prkcq,368,384,310,223,386,347
Prkcsh,2665,2897,2520,1271,2484,2507
Prkcz,3704,3798,3377,1932,3073,2990
Prkd1,1209,1702,973,583,1065,1341
Prkd2,351,409,320,172,352,327
Prkd3,420,462,386,270,449,405
Prkdc,2065,1987,2371,980,1776,1651
Prkg1,3616,4436,3132,1960,3004,3218
Prkg2,1062,1069,855,450,827,864
Prkra,578,644,453,311,523,454
Prkrip1,510,550,471,269,426,376
Prkx,1090,1316,1123,460,1078,1053
Prl,0,0,0,0,0,0
Prl2a1,0,0,0,0,0,0
Prl2b1,0,0,0,0,0,0
Prl2c1,0,0,0,0,0,0
Prl2c2,0,0,0,0,0,0
Prl2c3,0,0,0,0,0,0
Prl2c5,0,0,0,0,0,0
Prl3a1,0,0,0,0,0,0
Prl3b1,0,0,0,0,0,0
Prl3c1,0,0,0,0,0,0
Prl3d1,0,0,0,0,0,0
Prl3d2,0,0,0,0,0,0
Prl3d3,0,0,0,0,0,0
Prl4a1,0,0,0,0,0,0
Prl5a1,0,0,0,0,0,0
Prl6a1,0,0,0,0,0,0
Prl7a1,0,0,0,0,0,0
Prl7a2,0,0,0,0,0,0
Prl7b1,0,0,0,0,0,0
Prl7c1,0,0,0,0,0,0
Prl7d1,0,0,1,0,0,0
Prl8a1,0,0,0,0,0,0
Prl8a2,0,0,0,0,0,0
Prl8a6,0,0,0,0,0,0
Prl8a8,0,0,0,0,0,0
Prl8a9,0,0,0,0,0,0
Prlh,0,0,0,0,0,0
Prlhr,8,6,8,4,11,5
Prlr,275,152,272,48,173,190
Prm1,0,1,0,0,0,0
Prm2,0,0,0,1,0,0
Prm3,0,0,0,0,0,0
Prmt1,1276,1537,1109,648,1231,1239
Prmt2,2643,2732,2185,1351,2423,2246
Prmt3,1846,2376,1692,1166,1655,1699
Prmt5,971,961,768,488,754,703
Prmt6,378,400,264,138,254,280
Prmt7,1990,2191,1795,1167,1946,1651
Prmt8,2083,2278,1648,1129,1651,1736
Prmt9,1672,2078,1855,860,1683,1607
Prn,0,1,0,0,0,1
Prnd,0,0,0,0,0,0
Prnp,12936,14391,8975,4968,10613,8892
Prob1,74,70,74,37,76,59
Proc,0,0,0,0,0,0
Proca1,21,37,16,15,21,17
Procr,4,6,4,5,11,2
Prodh,301,581,159,153,340,448
Prodh2,1,0,1,1,0,0
Prok1,10,10,6,4,9,6
Prok2,49,44,25,8,45,39
Prokr1,6,7,1,2,2,1
Prokr2,111,133,115,59,111,113
Prol1,0,0,0,0,0,0
Prom1,44,70,37,78,109,90
Prom2,1,5,2,0,1,4
Prop1,1,1,3,0,0,3
Prorsd1,186,174,102,85,127,128
Pros1,370,435,370,230,523,276
Proscos,107,86,43,56,58,53
Proser1,2204,2229,1501,1047,1585,1714
Proser2,46,62,36,27,44,36
Proser3,209,269,235,128,261,257
Prox1,798,777,734,427,853,643
Prox1os,88,109,79,59,96,79
Prox2,62,87,53,38,74,59
Prox2os,365,366,467,186,310,326
Proz,5,7,2,5,3,4
Prp2,0,0,0,0,0,0
Prpf18,2130,2547,1823,1075,1995,2093
Prpf19,2791,2589,2137,1188,2018,2254
Prpf3,2005,2098,1797,894,1750,1902
Prpf31,1608,1769,1194,902,1300,1342
Prpf38a,880,1118,927,513,843,911
Prpf38b,4540,5256,3932,2440,4021,4037
Prpf39,6405,6565,7273,3518,5549,5522
Prpf4,1289,1287,1111,551,1071,975
Prpf40a,5102,5521,5194,2699,4541,4625
Prpf40b,2892,2823,2517,1657,2226,2183
Prpf4b,11307,10545,12759,4950,9326,10063
Prpf6,2303,2542,2005,1133,2074,2097
Prpf8,4607,3075,3128,1447,2306,2554
Prph,33,22,14,18,20,19
Prph2,3,1,0,0,4,1
Prpmp5,0,0,0,0,0,0
Prps1,500,476,304,191,306,327
Prps1l1,0,0,0,0,1,1
Prps1l3,363,447,277,179,351,300
Prps2,517,541,302,259,317,335
Prpsap1,2601,3211,2461,1416,2683,2640
Prpsap2,577,553,430,281,402,377
Prr11,7,6,5,2,8,8
Prr12,862,685,727,340,590,490
Prr13,840,1018,618,445,755,812
Prr14,1222,1391,966,575,946,1023
Prr14l,3150,3616,3156,1515,2883,2882
Prr15,24,35,26,18,27,21
Prr15l,4,4,1,2,3,1
Prr16,778,1258,695,602,755,812
Prr18,714,611,338,296,516,436
Prr19,4,5,2,2,4,3
Prr22,34,49,39,19,43,32
Prr23a1,0,0,0,0,0,0
Prr23a2,0,1,0,0,0,0
Prr23a3,5,1,2,3,0,3
Prr27,0,0,0,0,0,0
Prr29,0,1,0,1,2,1
Prr3,2609,2651,2165,1250,2023,1986
Prr30,0,0,1,0,0,0
Prr32,1,0,1,0,0,0
Prr33,2,2,1,1,0,1
Prr36,959,912,619,447,648,585
Prr5,105,118,58,40,93,102
Prr5l,403,379,400,220,389,333
Prr7,2830,2937,1954,1102,1720,1936
Prr9,0,0,0,0,0,0
Prrc1,999,1046,604,536,837,644
Prrc2a,3951,4030,3728,2177,3479,3232
Prrc2b,6840,5521,6488,3194,4602,4734
Prrc2c,13932,12665,12981,6236,10347,10444
Prrg1,678,819,582,312,623,537
Prrg2,263,315,191,140,242,195
Prrg3,996,982,983,527,775,730
Prrg4,34,25,14,9,17,20
Prrt1,3007,3514,2846,1707,2999,3331
Prrt2,6077,6806,3802,2957,4792,5377
Prrt3,2369,2829,1795,1191,2107,2110
Prrt4,169,125,107,72,106,90
Prrx1,205,362,152,98,229,208
Prrx2,34,68,25,10,33,27
Prrxl1,2,4,6,1,1,1
Prss1,0,0,0,0,0,0
Prss12,1062,1307,589,742,694,775
Prss16,43,71,44,31,48,44
Prss2,0,0,0,0,0,0
Prss21,0,0,0,0,0,0
Prss22,43,52,18,31,23,30
Prss23,497,704,355,257,392,434
Prss23os,10,19,13,4,14,18
Prss27,3,2,0,1,2,0
Prss28,0,0,0,0,0,0
Prss29,0,0,0,0,0,0
Prss3,0,0,0,0,0,0
Prss30,18,11,16,9,16,19
Prss32,6,6,2,1,0,5
Prss33,2,0,2,0,2,0
Prss34,0,0,0,0,0,0
Prss35,94,160,100,74,108,127
Prss36,525,556,319,260,355,397
Prss37,0,0,0,0,0,0
Prss38,1,6,10,1,2,3
Prss39,0,0,0,0,0,1
Prss40,0,0,0,0,0,0
Prss41,30,31,27,7,23,17
Prss42,0,0,0,0,1,0
Prss43,8,11,3,2,6,6
Prss44,2,0,0,0,0,1
Prss45,7,3,3,2,4,2
Prss46,0,0,0,0,0,0
Prss47,1,3,0,2,0,0
Prss48,1,1,2,0,1,2
Prss50,12,18,5,6,13,17
Prss51,0,0,0,0,0,0
Prss52,5,7,3,3,3,7
Prss53,25,19,39,15,32,25
Prss54,9,6,3,4,2,4
Prss55,2,0,3,1,0,0
Prss56,9,22,2,7,9,7
Prss57,19,23,8,9,15,8
Prss58,0,0,0,0,0,0
Prss8,13,12,6,4,5,4
Prtg,616,599,431,223,413,378
Prtn3,165,167,83,55,101,95
Prune1,593,679,399,302,495,443
Prune2,3405,3759,2906,1944,2815,2266
Prx,10,10,5,2,3,7
Psap,23663,23420,15910,8706,18830,17638
Psapl1,0,1,1,0,1,1
Psat1,640,823,535,351,660,700
Psca,0,0,1,5,3,0
Psd,4119,3965,3722,2147,3405,3436
Psd2,497,566,528,312,562,479
Psd3,9239,12171,9643,4960,9002,9292
Psd4,28,27,30,19,29,15
Psen1,2255,2460,2156,1057,1905,1894
Psen2,1006,974,692,422,784,750
Psenen,1634,1924,1021,768,1284,1253
Psg16,233,190,232,107,172,161
Psg17,4,0,3,0,2,1
Psg18,0,0,0,0,0,0
Psg19,1,0,0,0,0,0
Psg20,0,0,0,0,0,0
Psg21,0,0,0,0,0,0
Psg22,0,0,0,0,0,0
Psg23,0,0,0,0,0,1
Psg25,0,0,0,0,0,0
Psg26,0,0,0,0,0,0
Psg27,0,0,0,0,0,0
Psg28,0,0,0,0,0,0
Psg29,2,5,11,6,0,6
Psip1,11727,13631,10447,5626,10042,11068
Pskh1,689,698,384,316,470,421
Psma1,5291,6544,3983,2764,5068,5118
Psma2,1351,1578,1035,630,1076,1056
Psma3,8407,9312,6485,4735,7535,7482
Psma4,1285,1530,917,702,947,916
Psma5,1864,2141,1392,1027,1668,1608
Psma6,831,873,646,338,617,663
Psma7,2933,3711,2803,1514,2650,2585
Psma8,13,17,13,7,21,12
Psmb1,2730,3516,2815,1298,2435,2456
Psmb10,479,564,283,291,332,356
Psmb11,3,2,2,3,2,4
Psmb2,4993,6371,3511,2589,4804,4814
Psmb3,1432,1583,1146,705,1166,1157
Psmb4,980,1200,757,494,761,835
Psmb5,1608,1754,906,656,1030,1087
Psmb6,1372,1502,819,648,1071,1078
Psmb7,768,880,746,435,722,688
Psmb8,34,53,44,44,104,31
Psmb9,39,60,71,52,131,40
Psmc1,2451,2386,2131,1193,1789,1896
Psmc2,1954,2105,1796,986,1633,1622
Psmc3,2426,2449,1915,1126,1848,1822
Psmc3ip,137,153,87,69,128,117
Psmc4,2818,2955,2397,1539,2490,2613
Psmc5,1669,1711,1069,827,1193,1181
Psmc6,6246,7963,5316,2984,5705,6238
Psmd1,3457,3446,3021,1774,2897,2929
Psmd10,252,292,169,92,180,150
Psmd11,3184,3969,3179,1598,3200,3229
Psmd12,2298,2351,2110,1037,1853,1972
Psmd13,4073,4344,2908,2169,3342,3393
Psmd14,4478,4985,3295,2530,3573,3726
Psmd2,2027,1746,1650,839,1265,1318
Psmd3,2881,2910,2590,1404,2424,2521
Psmd4,3132,3286,2929,1719,2908,2882
Psmd5,2301,2337,1478,988,1584,1723
Psmd6,1620,1793,1417,782,1369,1319
Psmd7,4392,5052,3199,2097,3707,3640
Psmd8,836,1138,699,404,734,775
Psmd9,3143,3566,2254,1589,2627,2621
Psme1,677,734,488,428,722,542
Psme2,674,689,526,368,643,497
Psme2b,13,11,20,16,34,8
Psme3,1241,1271,1113,583,906,1114
Psme4,2157,2411,3377,1436,2302,2311
Psmf1,1576,1900,1892,814,1450,1525
Psmg1,188,270,152,95,198,193
Psmg2,1233,1310,805,611,1008,912
Psmg3,520,518,362,241,363,375
Psmg4,353,465,308,176,315,268
Psors1c2,10,8,6,4,7,11
Pspc1,4053,4525,3597,1924,3263,3451
Psph,608,826,568,324,602,629
Pspn,1,1,0,1,1,1
Psrc1,788,779,691,452,601,682
Pstk,6567,7532,4418,3020,4846,4922
Pstpip1,105,119,58,57,71,65
Pstpip2,850,939,673,372,869,971
Ptafr,13,28,25,13,47,17
Ptar1,1011,1474,975,594,981,984
Ptbp1,1005,1123,962,495,909,1022
Ptbp2,5241,5587,5388,2800,4303,4147
Ptbp3,2096,2540,2054,1214,2358,1965
Ptcd1,746,756,530,274,512,514
Ptcd2,611,701,426,282,495,496
Ptcd3,2786,3336,3158,1641,2783,2983
Ptch1,1468,1645,1720,755,1380,1410
Ptch2,327,317,222,112,210,216
Ptchd1,1383,1580,1094,652,1098,1197
Ptchd3,0,0,0,0,0,0
Ptchd4,3536,4292,2756,1737,2979,3226
Ptcra,10,3,3,4,3,1
Ptdss1,2166,2244,1584,887,1694,1631
Ptdss2,2780,2763,1967,1373,2131,2149
Pten,6272,8476,6032,3747,5887,5304
Pter,183,198,98,91,160,149
Ptf1a,2,1,1,1,0,1
Ptf1aos,0,0,0,0,0,0
Ptgdr,48,47,24,9,44,31
Ptgdr2,10,4,3,3,4,4
Ptgds,17580,33760,13711,7740,22605,22117
Ptger1,128,156,124,95,130,137
Ptger2,47,43,31,10,25,26
Ptger3,220,238,152,95,165,158
Ptger4,40,37,32,27,35,24
Ptges,44,74,40,21,58,37
Ptges2,1065,1251,669,558,842,922
Ptges3,2687,3555,2307,1299,2494,2400
Ptges3l,76,114,77,40,93,97
Ptgfr,2,10,5,2,10,4
Ptgfrn,601,611,698,343,533,554
Ptgir,0,0,0,0,0,0
Ptgis,53,84,18,11,61,50
Ptgr1,4,2,8,3,6,6
Ptgr2,640,644,397,386,391,358
Ptgs1,544,715,610,337,720,446
Ptgs2,565,565,530,185,446,454
Ptgs2os2,5,6,2,3,2,2
Pth,1,0,0,0,0,0
Pth1r,133,159,85,79,121,95
Pth2,4,5,2,3,4,1
Pth2r,163,150,92,63,81,92
Pthlh,111,130,135,60,138,134
Ptk2,8639,9671,8821,4965,7910,8811
Ptk2b,5556,5460,5266,2667,4547,4864
Ptk6,6,4,4,2,2,1
Ptk7,689,778,676,379,709,662
Ptma,3555,4327,2282,1845,3003,2979
Ptms,5671,6885,4007,3561,4584,4567
Ptn,9055,11786,6363,4400,8951,7173
Ptov1,4350,4371,2736,2218,3479,3618
Ptp4a1,1044,1363,1103,672,895,859
Ptp4a2,982,1541,1190,706,1039,938
Ptp4a3,1525,1710,1507,857,1384,1383
Ptpa,3321,3714,3088,1829,3170,2947
Ptpdc1,2257,2566,2171,1059,1893,2124
Ptpn1,4730,6167,4453,2431,4516,4688
Ptpn11,3753,4086,3589,1708,3538,3709
Ptpn12,910,965,898,501,845,903
Ptpn13,651,866,637,311,617,629
Ptpn14,475,508,430,212,396,440
Ptpn18,93,129,116,105,213,78
Ptpn2,1656,2182,1716,913,1753,1880
Ptpn20,13,15,8,3,13,10
Ptpn21,743,822,584,381,623,539
Ptpn22,33,42,52,19,50,45
Ptpn23,1894,1611,1596,895,1536,1665
Ptpn3,1928,1947,1913,1055,1476,1499
Ptpn4,3482,3909,3585,1872,2951,3225
Ptpn5,12271,12107,9870,5138,9171,10445
Ptpn6,61,63,95,87,197,54
Ptpn7,18,24,13,5,11,22
Ptpn9,2636,2949,2496,1375,2418,2566
Ptpra,9611,10142,9310,4584,9184,8419
Ptprb,151,198,162,174,304,157
Ptprc,233,391,818,512,1293,249
Ptprcap,14,13,14,4,20,15
Ptprd,80822,89592,66592,41246,64379,70973
Ptpre,4585,4363,3677,2055,3730,3661
Ptprf,1831,1768,1650,865,1450,1542
Ptprg,4171,5067,4405,2482,3896,4135
Ptprh,68,76,33,38,42,51
Ptprj,3672,4283,3999,2056,3344,3435
Ptprk,8136,9536,6136,4383,6930,7528
Ptprm,2335,2850,2536,1443,2385,2270
Ptprn,13615,14084,12288,6493,11418,12604
Ptprn2,10101,11477,10237,5036,8811,9308
Ptpro,2060,2342,1639,1070,1834,1709
Ptprq,11,7,11,6,14,6
Ptprr,3208,3388,2373,1355,2368,2406
Ptprs,24778,26635,20066,13057,21566,21327
Ptprt,6771,7486,6376,3244,5621,5707
Ptprtos,0,0,0,0,0,1
Ptpru,1422,1428,1487,713,1287,1405
Ptprz1,7420,8700,4851,2857,7113,6724
Ptrh1,102,121,92,45,82,91
Ptrh2,414,452,252,173,281,310
Ptrhd1,429,414,189,215,273,265
Pts,1120,1431,1080,575,1089,1025
Pttg1,1045,1539,683,622,931,895
Pttg1ip,1748,1740,1288,697,1401,1472
Ptx3,10,8,2,4,4,7
Ptx4,8,6,4,1,10,5
Pudp,1,0,0,0,0,0
Puf60,3960,4183,2617,2169,3296,3168
Pum1,3662,3897,3708,1908,3210,3258
Pum2,2280,2272,2341,1289,1960,1887
Pum3,706,748,567,381,577,602
Pura,8059,7822,5114,3997,5496,5192
Purb,2184,2208,1945,1300,1600,1426
Purg,645,617,577,340,460,564
Pus1,478,519,345,261,389,363
Pus10,2063,2236,1655,1041,1670,1669
Pus3,671,769,509,344,581,612
Pus7,2336,2703,2278,1204,2135,2091
Pus7l,184,180,114,90,134,129
Pusl1,949,979,636,514,806,762
Pvalb,370,606,319,254,302,329
Pvr,678,991,962,375,863,833
Pvrig,2,3,5,6,9,3
Pvt1,1604,1926,1905,933,1735,1602
Pwp1,734,653,564,317,561,564
Pwp2,830,800,748,382,677,689
Pwwp2a,2531,3342,2715,1529,2492,2386
Pwwp2b,292,290,287,129,282,251
Pxdc1,131,134,119,52,135,104
Pxdn,4429,2986,3386,1675,2390,2960
Pxk,2388,2448,2920,1256,2327,2455
Pxmp2,215,316,102,95,207,166
Pxmp4,934,1151,609,533,783,723
Pxn,842,843,890,437,747,748
Pxt1,0,0,1,0,1,1
Pxylp1,1009,1098,845,493,811,795
Pycard,261,277,229,182,409,177
Pycr1,56,68,33,43,50,37
Pycr2,1576,1673,1178,730,1178,1309
Pycrl,688,781,416,369,562,563
Pygb,2173,2810,1816,1106,2059,1906
Pygl,67,75,66,31,57,43
Pygm,98,102,72,60,91,79
Pygo1,778,750,615,355,589,563
Pygo2,1009,1067,786,426,758,801
Pym1,385,352,251,203,245,261
Pyroxd1,1309,1394,1018,668,999,948
Pyroxd2,32,28,38,37,62,21
Pyurf,529,608,301,310,405,425
Pyy,0,0,0,0,0,0
Pzp,2,1,0,1,1,1
Qars,1531,1599,1267,888,1255,1311
Qdpr,1860,1951,1358,928,1525,1396
Qk,4887,6015,5926,3767,6242,5136
Qpct,895,960,499,287,715,636
Qpctl,732,809,644,342,654,635
Qprt,3,1,0,1,1,2
Qrfp,1,1,1,2,1,1
Qrfpr,453,503,260,142,353,377
Qrich1,3419,4116,3936,1931,3273,3181
Qrich2,0,2,0,0,2,0
Qrsl1,976,1124,830,531,870,808
Qser1,987,926,1035,528,799,788
Qsox1,1408,1618,983,719,1160,974
Qsox2,1455,1558,1044,692,1001,1018
Qtrt1,3165,3728,2410,1858,2915,2808
Qtrt2,934,960,1051,480,851,808
R3hcc1,336,327,239,164,259,220
R3hcc1l,559,738,589,387,644,538
R3hdm1,41261,42709,53359,22978,36631,38201
R3hdm2,5523,6278,6668,3208,5731,6180
R3hdm4,5558,5869,4253,2900,4709,4951
R3hdml,0,0,0,0,0,0
Rab10,2953,3763,3033,1441,2741,2682
Rab10os,3459,3590,2086,1897,2681,2766
Rab11a,2384,2917,1853,1236,2007,1992
Rab11b,1917,1949,1331,862,1289,1245
Rab11fip1,15,12,14,16,18,11
Rab11fip2,2668,4030,2314,1696,2410,2116
Rab11fip3,2968,3446,3713,1845,2887,2671
Rab11fip4,5361,6284,5294,3138,4965,4697
Rab11fip4os1,6,2,3,2,3,6
Rab11fip4os2,0,3,1,0,0,0
Rab11fip5,796,798,902,400,679,586
Rab12,1159,1463,1124,844,1033,854
Rab13,359,399,203,194,300,243
Rab14,6121,6699,5957,3209,5364,5169
Rab15,3052,3597,3630,1681,3074,3143
Rab17,1,0,0,0,0,0
Rab18,1769,2066,1326,925,1327,1478
Rab19,3,4,6,2,5,4
Rab1a,1604,2095,1342,927,1390,1296
Rab1b,1166,1308,923,610,953,907
Rab20,15,33,27,22,42,12
Rab21,610,774,717,410,519,524
Rab22a,1232,1339,1163,568,1067,892
Rab23,1645,2058,1523,840,1532,1487
Rab24,6090,6546,3870,2961,4656,5303
Rab25,4,4,2,1,2,4
Rab26,3709,4012,2194,2154,2907,3241
Rab26os,279,304,138,217,180,210
Rab27a,377,410,357,185,350,324
Rab27b,1625,1660,1584,758,1336,1404
Rab28,2020,2217,2122,1148,1788,1870
Rab29,75,120,62,62,99,75
Rab2a,3998,4205,3218,1812,3003,3014
Rab2b,1651,1918,1263,903,1428,1274
Rab30,1527,1728,1616,723,1241,1330
Rab31,1568,1965,1737,804,1821,1761
Rab32,52,62,31,46,62,43
Rab33a,1345,1364,700,648,925,956
Rab33b,598,641,424,258,434,447
Rab34,2489,2674,1346,1190,1882,1778
Rab35,759,784,667,362,601,580
Rab36,3912,4223,3128,2072,3134,3061
Rab37,182,223,141,77,166,151
Rab38,39,45,32,17,40,38
Rab39,100,113,84,52,131,75
Rab39b,1512,1881,1224,687,1275,1378
Rab3a,5938,6128,3731,2544,3764,3767
Rab3b,1019,1289,870,507,983,908
Rab3c,7220,8413,6374,3731,6464,7000
Rab3d,645,595,411,297,382,389
Rab3gap1,5545,5857,6288,2653,4976,5447
Rab3gap2,4254,4483,5112,2131,3743,3587
Rab3il1,94,126,73,65,141,72
Rab3ip,1403,1819,1330,724,1431,1375
Rab40b,3501,3374,2321,1482,2034,2289
Rab40c,1427,1698,1722,764,1343,1464
Rab42,381,347,172,193,219,191
Rab43,1242,1424,927,639,1111,985
Rab44,2,0,0,0,4,0
Rab4a,1192,1323,733,612,931,927
Rab4b,2239,2454,1545,1236,1815,1613
Rab5a,2900,3117,2137,1404,2296,2314
Rab5b,1865,2240,1295,900,1630,1642
Rab5c,698,717,551,380,555,585
Rab6a,6350,8408,5640,3344,5808,5527
Rab6b,8145,8476,8648,4001,7133,6944
Rab7,1644,1884,1236,867,1381,1259
Rab7b,15,11,28,19,53,9
Rab8a,722,881,696,398,689,704
Rab8b,1318,1697,1554,742,1494,1295
Rab9,719,751,504,316,545,495
Rab9b,627,629,310,286,373,438
Rabac1,5158,5639,3203,1852,3865,3496
Rabep1,2847,3203,3222,1633,2799,2718
Rabep2,1295,1240,922,597,946,991
Rabepk,1611,1861,1305,886,1459,1485
Rabgap1,6346,6394,6168,3157,5104,5356
Rabgap1l,7166,7735,8086,3956,6258,5998
Rabgef1,912,1113,1088,493,908,823
Rabggta,1415,1252,1041,715,975,1152
Rabggtb,2713,2808,1834,1207,1853,2044
Rabif,779,927,470,305,569,627
Rabl2,3307,3628,2311,1974,2722,3060
Rabl3,805,661,415,441,472,489
Rabl6,6999,8348,6130,3427,6140,6432
Rac1,2458,2927,2315,1271,2113,1922
Rac2,14,23,23,13,31,10
Rac3,1257,1332,792,677,1074,1053
Racgap1,218,232,207,120,231,191
Rack1,1520,1650,1259,901,1283,1200
Rad1,634,703,486,306,508,468
Rad17,1809,2113,1721,903,1611,1599
Rad18,808,793,733,370,610,570
Rad21,1140,1016,855,453,701,712
Rad21l,43,50,45,23,37,30
Rad23a,1554,2033,827,1140,1366,1178
Rad23b,4207,5186,4598,2357,3967,3829
Rad50,1481,1347,1335,589,1139,1132
Rad51,48,56,39,22,42,30
Rad51ap1,164,109,120,72,105,107
Rad51ap2,3347,3045,2693,1537,2130,1976
Rad51b,18,20,23,7,21,25
Rad51c,365,549,320,164,377,424
Rad51d,706,768,511,367,519,525
Rad52,1107,1318,1258,601,991,1043
Rad54b,29,38,27,25,27,23
Rad54l,99,115,100,57,83,105
Rad54l2,1917,1970,1833,983,1598,1603
Rad9a,465,464,315,205,326,381
Rad9b,1118,1205,855,481,850,817
Radil,1794,1790,1304,859,1298,1339
Rae1,2764,3129,2141,1608,2493,2385
Raet1d,1,2,2,0,5,5
Raet1e,1,0,0,0,0,1
Raf1,5941,6990,5229,3220,5373,5347
Rag1,6,0,2,2,1,1
Rag2,1,1,1,0,0,0
Rai1,2693,2702,2719,1515,2277,2548
Rai14,917,1239,787,707,916,741
Rai2,288,354,168,185,195,217
Rala,1644,2040,1386,814,1350,1306
Ralb,720,1107,852,448,930,746
Ralbp1,2727,2883,2475,1297,2329,2294
Ralgapa1,9282,9613,10035,4677,7823,8234
Ralgapa2,5728,5933,6126,3066,5220,5332
Ralgapb,3403,3556,3538,1897,2758,2850
Ralgds,1733,1955,1821,880,1692,1668
Ralgps1,5303,5280,4752,2835,4499,4525
Ralgps2,3873,3587,3740,2129,3341,3504
Raly,1483,1845,1339,733,1338,1328
Ralyl,10295,12411,7238,4936,7867,8452
Ramp1,1926,2474,1483,840,1713,1591
Ramp2,499,630,272,271,482,435
Ramp3,226,240,132,117,152,135
Ran,1655,1729,994,860,1168,1204
Ranbp1,1711,1915,1289,904,1375,1392
Ranbp10,2610,2957,2578,1296,2536,2642
Ranbp17,1052,1043,829,499,768,792
Ranbp2,7588,7440,8511,3449,6214,5978
Ranbp3,1242,1415,1032,752,1127,1033
Ranbp3l,278,488,129,131,310,394
Ranbp6,1116,996,968,470,621,731
Ranbp9,1246,1460,1640,718,1321,1262
Rangap1,2088,2167,1973,1056,1898,1849
Rangrf,131,176,65,74,90,108
Rap1a,2808,2671,2053,1595,2414,2151
Rap1b,1744,2342,1792,972,1963,1684
Rap1gap,6529,5545,5048,2573,4571,5646
Rap1gap2,2481,2423,2084,1345,1844,1870
Rap1gapos,2,2,0,0,0,0
Rap1gds1,4933,6261,4675,2954,4675,4792
Rap2a,1457,2259,1535,974,1473,1080
Rap2b,4245,3793,2323,1519,2253,2747
Rap2c,246,288,301,148,232,231
Rapgef1,1683,1834,1596,1054,1570,1457
Rapgef2,2324,2617,2820,1320,2025,2146
Rapgef3,725,1058,529,364,890,816
Rapgef3os1,0,1,0,2,2,1
Rapgef3os2,7,18,2,11,9,9
Rapgef4,11440,13515,8857,6230,9464,10037
Rapgef4os1,3,0,3,0,2,1
Rapgef4os2,26,27,19,13,27,34
Rapgef4os3,7,7,7,4,9,7
Rapgef5,7308,7898,6745,3707,5650,5256
Rapgef6,7292,7963,6592,3329,5790,6254
Rapgefl1,3180,3473,2824,1844,2609,2266
Raph1,6835,7735,8258,4314,7197,6479
Rapsn,54,55,32,28,30,30
Rara,294,449,345,196,397,447
Rarb,2817,3146,2361,921,2154,2702
Rarg,473,570,436,254,394,393
Rarres1,17,33,9,9,20,20
Rarres2,44,63,25,17,70,53
Rars,719,795,687,377,634,638
Rars2,2673,2982,2100,1322,2085,1979
Rasa1,2223,2817,2611,1391,2201,2109
Rasa2,2996,3239,3127,1931,2849,2673
Rasa3,2106,2138,1793,1224,1784,1649
Rasa4,477,548,475,440,714,428
Rasal1,1880,1965,1667,973,1571,1585
Rasal2,12002,13814,11745,6234,9501,10340
Rasal3,107,151,289,140,458,163
Rasd1,91,92,72,31,63,98
Rasd2,719,573,543,207,387,438
Rasef,14,4,10,3,4,8
Rasgef1a,5173,4321,4389,2328,3727,4276
Rasgef1b,5246,5982,4431,3095,4504,3943
Rasgef1c,580,668,450,276,434,408
Rasgrf1,10442,10742,9122,4851,8345,8734
Rasgrf2,2895,2502,2571,1513,1809,1738
Rasgrp1,9443,8927,7404,4532,6628,6669
Rasgrp2,2336,2293,1896,678,1802,1966
Rasgrp3,433,397,528,415,765,375
Rasgrp4,102,127,72,51,77,71
Rasip1,95,87,55,56,77,51
Rasl10a,1951,1957,1026,983,1350,1612
Rasl10b,808,698,686,432,494,494
Rasl11a,113,172,95,53,130,130
Rasl11b,2535,1884,792,818,939,974
Rasl12,96,93,69,29,72,71
Rasl2-9,20,25,6,12,21,14
Rassf1,2960,3420,2089,1226,2160,2213
Rassf10,23,23,24,13,37,28
Rassf2,714,920,972,471,1126,743
Rassf3,597,636,521,393,472,222
Rassf4,175,236,282,172,355,181
Rassf5,390,392,519,243,411,381
Rassf6,25,38,18,10,22,15
Rassf7,45,31,22,18,37,19
Rassf8,988,1178,806,552,872,934
Rassf9,16,6,7,10,11,6
Raver1,316,321,227,178,271,272
Raver2,652,904,871,426,748,709
Rax,1,5,2,0,3,3
Raxos1,0,0,1,0,0,0
Rb1,1942,2189,2367,1169,1559,2009
Rb1cc1,10115,10914,9914,4829,8282,8639
Rbak,1188,1200,1215,631,907,895
Rbakdn,1,1,0,0,1,0
Rbbp4,3095,3659,2750,1538,2695,2697
Rbbp5,1277,1310,1201,644,1023,1099
Rbbp6,2882,3436,3778,1605,2909,2883
Rbbp7,2218,2330,2047,898,1767,1962
Rbbp8,392,467,336,206,382,363
Rbbp8nl,0,0,0,0,0,0
Rbbp9,967,1183,745,545,845,909
Rbck1,3022,3587,2702,1599,2846,2770
Rbfa,953,874,668,388,650,634
Rbfox1,15681,19217,12226,7969,12745,14913
Rbfox2,10298,11331,8616,5718,8680,9386
Rbfox3,9030,9681,9047,4573,7752,7557
Rbks,257,342,215,133,211,205
Rbl1,105,143,100,66,135,119
Rbl2,1901,2069,1794,931,1583,1801
Rbm10,2259,2679,2074,1197,2044,2161
Rbm11,645,549,210,276,302,268
Rbm12,494,741,1018,287,607,600
Rbm12b1,579,722,603,260,522,520
Rbm12b2,1099,1220,1062,545,910,1014
Rbm14,583,762,815,337,598,548
Rbm15,1450,1459,1467,709,1073,1091
Rbm15b,450,534,496,264,358,344
Rbm17,1441,1433,1123,721,1228,1269
Rbm18,1755,2073,1559,862,1486,1462
Rbm19,268,319,301,152,262,277
Rbm20,339,359,216,122,250,233
Rbm22,1579,1720,1401,820,1403,1386
Rbm24,1939,2747,1913,1005,2001,1893
Rbm25,18432,19528,20444,10252,17991,16665
Rbm26,4910,4582,4998,2589,3581,3742
Rbm27,1406,1420,1116,683,1087,1094
Rbm28,5331,6652,5127,2905,5460,6096
Rbm3,5525,6582,3926,2787,4911,5357
Rbm31y,0,0,0,0,0,0
Rbm33,6439,7034,6463,3334,5328,5583
Rbm34,896,1100,946,418,863,896
Rbm38,91,117,68,41,68,80
Rbm39,44366,47569,26090,22664,31637,33105
Rbm3os,51,56,32,34,43,43
Rbm4,679,915,1019,404,683,639
Rbm41,511,678,686,305,551,595
Rbm42,1381,1472,872,611,993,1073
Rbm43,336,346,350,168,252,231
Rbm44,3,5,7,4,5,1
Rbm45,1692,1931,1382,822,1378,1521
Rbm46,19,18,5,10,18,12
Rbm46os,1,0,0,0,0,1
Rbm47,91,151,191,99,310,99
Rbm48,1173,1264,967,513,945,998
Rbm4b,1487,1815,1160,722,1442,1412
Rbm5,17055,18502,15508,9113,15419,14061
Rbm6,6662,7918,7308,3499,6454,6719
Rbm7,2545,2990,1643,1293,2062,2142
Rbm8a,904,920,706,398,673,684
Rbm8a2,55,49,63,24,45,53
Rbms1,2925,3246,2938,1522,2824,2777
Rbms2,79,126,101,62,136,121
Rbms3,1014,1092,840,423,819,948
Rbmx,5733,6863,4574,2885,5286,5698
Rbmx2,116,108,78,64,69,56
Rbmxl1,598,563,297,229,327,343
Rbmxl2,0,0,0,0,0,0
Rbmy,0,0,0,0,0,0
Rbp1,97,139,63,60,102,101
Rbp2,0,0,0,1,1,0
Rbp3,0,1,0,0,0,0
Rbp4,595,723,456,292,511,428
Rbp7,1,1,0,1,0,0
Rbpj,1087,1256,1174,626,1059,819
Rbpjl,115,109,80,51,114,75
Rbpms,65,128,76,58,216,108
Rbpms2,27,43,10,13,19,19
Rbsn,1094,1157,1085,539,968,939
Rbx1,2605,2830,2146,1288,2057,1853
Rc3h1,2918,3272,2429,1564,2551,2358
Rc3h2,4757,5064,5305,2702,4232,4076
Rcan1,1085,1435,988,551,1053,1174
Rcan2,2554,3271,2802,1237,2439,2961
Rcan3,1122,1136,846,440,926,833
Rcbtb1,3214,3449,2770,1524,2735,2832
Rcbtb2,617,636,756,335,796,470
Rcc1,342,396,248,156,271,242
Rcc1l,684,800,599,408,699,618
Rcc2,571,662,566,325,601,479
Rccd1,1080,1128,934,522,870,809
Rce1,1907,1940,1159,856,1496,1663
Rchy1,4141,5288,2568,1999,3522,3465
Rcl1,1467,1453,766,757,1009,1105
Rcn1,815,821,621,266,603,571
Rcn2,4055,4591,2755,1592,3328,3059
Rcn3,33,67,21,24,57,41
Rcor1,1617,1779,1810,920,1301,1383
Rcor2,952,1068,601,436,717,581
Rcor3,2699,3362,3033,1557,2622,2368
Rcsd1,216,356,400,167,556,311
Rcvrn,23,35,36,7,32,37
Rd3,2,1,1,0,1,0
Rd3l,4,8,0,1,2,1
Rdh1,10,10,9,5,2,11
Rdh10,533,397,404,180,325,480
Rdh11,600,720,568,339,704,540
Rdh12,159,192,111,67,159,152
Rdh13,840,977,886,429,832,805
Rdh14,1775,2004,956,739,1231,1318
Rdh16,11,7,2,2,4,6
Rdh16f1,0,0,0,0,0,0
Rdh16f2,1,0,0,0,0,0
Rdh19,1,0,0,0,0,0
Rdh5,64,76,59,35,64,57
Rdh7,0,0,0,0,0,0
Rdh8,0,0,0,0,0,0
Rdh9,10,14,15,6,8,9
Rdm1,113,158,79,77,114,107
Rdx,1322,1386,1091,611,1162,1027
Rec114,17,13,17,8,12,18
Rec8,157,163,160,91,110,146
Reck,1089,1065,726,535,823,770
Recql,1128,1299,1022,618,1026,1022
Recql4,71,67,50,50,56,66
Recql5,1275,1384,1087,695,1122,1078
Recql5os1,4,11,3,3,1,2
Redrum,0,3,0,0,2,2
Reep1,5710,5595,4392,2344,4134,4193
Reep2,6403,6287,4106,2942,4737,4834
Reep3,2206,2598,2167,1246,2249,2143
Reep4,250,324,168,127,260,225
Reep5,7111,7900,5266,2899,5755,5071
Reep6,177,153,124,64,113,120
Reg1,0,0,0,0,0,0
Reg2,1,2,1,1,1,2
Reg3a,0,0,0,0,0,0
Reg3b,0,0,0,0,1,0
Reg3d,0,0,0,0,0,0
Reg3g,0,0,0,0,0,0
Reg4,0,0,0,0,0,0
Rel,538,714,639,293,634,525
Rela,771,879,773,364,716,641
Relb,213,279,208,107,236,233
Rell1,897,1257,691,429,911,691
Rell2,4566,4555,3493,2463,3643,3816
Reln,3403,3644,3761,1437,2984,3039
Relt,394,480,341,203,355,317
Rem1,11,15,5,13,25,12
Rem2,512,433,319,89,280,395
Ren1,0,1,0,0,0,0
Renbp,61,86,84,52,157,50
Rep15,52,57,58,28,46,42
Repin1,1419,1181,916,625,872,907
Reps1,896,997,1066,600,903,752
Reps2,5663,6247,4856,2989,4250,4250
Rer1,1467,1567,984,585,1114,1078
Rere,6877,7341,6364,3544,6043,6216
Rerg,330,339,332,108,254,305
Rergl,0,1,0,0,0,0
Resp18,4414,4657,3048,1707,4083,3940
Rest,180,167,144,69,176,127
Ret,75,60,70,18,61,52
Retn,106,123,58,32,72,75
Retnla,0,0,1,0,0,0
Retnlb,1,3,2,2,0,0
Retnlg,1,4,1,1,0,2
Retreg1,2657,2911,2257,1173,2328,2341
Retreg2,5262,5463,3721,2119,4085,3822
Retreg3,3816,4688,3409,1719,3450,3451
Retsat,134,193,84,63,141,135
Rev1,4799,4499,4586,2260,3875,4013
Rev3l,7349,7630,6951,3710,6293,6354
Rex1bd,1034,1280,662,582,852,911
Rex2,0,0,0,0,1,0
Rexo1,3256,2478,2771,1319,2292,2301
Rexo2,3677,4048,3021,1831,3005,3162
Rexo4,1928,2150,1864,939,1716,1844
Rexo5,79,66,98,39,99,73
Rfc1,1686,1761,1542,892,1484,1384
Rfc2,2102,2562,1675,1299,2016,1985
Rfc3,547,536,337,258,386,397
Rfc4,162,181,97,80,132,107
Rfc5,536,520,320,217,358,366
Rfesd,765,691,435,375,481,463
Rffl,1140,1230,1022,607,1127,971
Rfk,391,428,278,183,249,235
Rflna,6,9,5,1,6,8
Rflnb,233,175,130,133,103,125
Rfng,3076,2767,1915,1366,2126,2555
Rfpl4,1,0,0,0,0,0
Rfpl4b,0,1,0,0,0,0
Rft1,582,549,517,272,453,361
Rftn1,440,397,494,260,455,361
Rftn2,168,249,124,113,197,160
Rfwd3,1158,1379,919,613,996,948
Rfx1,2162,2111,2514,1085,1932,1937
Rfx2,68,64,45,29,56,65
Rfx3,3458,3844,3159,1961,2731,3068
Rfx4,290,421,178,122,272,364
Rfx5,762,632,695,409,526,540
Rfx6,0,0,0,0,0,0
Rfx7,2465,2761,3574,1573,2720,2632
Rfx8,8,11,7,3,4,2
Rfxank,437,505,312,247,317,325
Rfxap,964,1141,671,446,686,706
Rgcc,334,578,162,198,334,428
Rgl1,3190,3750,3726,1716,3102,3357
Rgl2,2351,1746,2083,1210,1758,1640
Rgl3,107,123,81,63,118,104
Rgma,1371,1805,920,534,1307,1237
Rgmb,1509,1576,1226,681,1140,1162
Rgn,4,1,1,0,2,0
Rgp1,700,690,572,355,534,586
Rgr,0,1,1,0,1,1
Rgs1,9,24,60,24,73,32
Rgs10,266,273,226,169,289,203
Rgs11,4359,3903,3076,2233,3331,3087
Rgs12,1146,1157,997,704,970,965
Rgs13,13,23,6,3,6,10
Rgs14,893,938,696,448,820,980
Rgs16,143,149,103,66,115,100
Rgs17,2983,3196,2808,1456,2477,2895
Rgs18,4,1,4,0,2,2
Rgs19,479,557,375,282,449,502
Rgs2,772,581,464,289,475,466
Rgs20,973,1233,801,503,925,1194
Rgs21,1,0,0,0,0,0
Rgs22,104,99,95,57,87,69
Rgs3,379,381,220,176,316,291
Rgs4,3207,2591,1839,1310,1587,1702
Rgs5,128,170,192,290,393,198
Rgs6,4726,5419,4567,2759,3827,4235
Rgs7,8836,10365,7401,4793,7006,7429
Rgs7bp,8675,9017,8384,4072,6795,7313
Rgs8,1111,992,915,444,738,843
Rgs9,6360,6134,5697,1947,5266,6240
Rgs9bp,5,2,2,2,4,3
Rgsl1,106,139,162,78,81,105
Rhag,0,0,1,0,0,1
Rhbdd1,443,493,289,227,350,307
Rhbdd2,3373,3404,2470,1441,2699,2521
Rhbdd3,1358,1411,989,636,1075,1074
Rhbdf1,523,566,403,258,491,484
Rhbdf2,2,14,12,13,16,12
Rhbdl1,7664,8128,3639,3874,5733,6135
Rhbdl2,61,93,41,42,91,55
Rhbdl3,738,948,732,333,711,864
Rhbg,4,0,1,0,0,1
Rhcg,28,34,14,20,15,20
Rhd,2,1,5,1,1,3
Rheb,2454,3895,2583,1292,2822,2548
Rhebl1,745,730,566,387,639,637
Rhno1,448,559,399,249,421,394
Rho,9,14,12,8,13,18
Rhoa,3033,3340,2047,1269,2198,2329
Rhob,3140,2851,1879,1232,2278,2088
Rhobtb1,679,887,760,433,921,736
Rhobtb2,5787,7165,5199,2394,5123,5186
Rhobtb3,1562,1707,1395,742,1290,1179
Rhoc,72,108,60,67,120,86
Rhod,16,12,5,4,9,4
Rhof,431,429,308,180,309,298
Rhog,594,839,523,347,751,595
Rhoh,139,184,205,108,339,139
Rhoj,109,153,146,61,162,186
Rhoq,318,351,353,148,310,285
Rhot1,4292,4578,3730,2153,3633,3795
Rhot2,1841,2256,1714,1076,1852,2075
Rhou,620,733,693,333,551,561
Rhov,167,134,88,42,73,94
Rhox1,0,0,0,0,0,0
Rhox10,0,0,0,0,0,0
Rhox11,0,0,0,0,0,0
Rhox12,0,0,0,0,0,0
Rhox13,0,0,0,0,1,0
Rhox2a,0,0,0,0,0,0
Rhox2b,0,0,0,0,0,0
Rhox2c,0,0,0,0,0,0
Rhox2d,0,0,0,0,0,0
Rhox2e,0,0,0,0,0,0
Rhox2f,0,0,0,0,0,0
Rhox2g,0,0,0,0,0,0
Rhox2h,0,0,0,0,0,0
Rhox3a,0,0,0,0,0,0
Rhox3a2,0,0,0,0,0,0
Rhox3c,0,0,0,0,0,0
Rhox3e,0,0,0,0,0,0
Rhox3f,0,0,0,0,0,0
Rhox3g,0,0,0,0,0,0
Rhox3h,0,0,0,0,0,0
Rhox4a,0,0,0,0,0,0
Rhox4a2,0,0,0,0,0,0
Rhox4b,0,0,0,0,0,0
Rhox4c,0,0,0,0,0,0
Rhox4d,0,0,0,0,0,0
Rhox4e,0,0,0,0,0,0
Rhox4f,0,0,0,0,0,0
Rhox4g,0,0,0,0,0,0
Rhox5,0,0,0,0,0,0
Rhox6,0,0,0,0,0,0
Rhox7a,1,0,0,0,0,0
Rhox7b,0,0,0,0,0,0
Rhox8,0,1,1,0,1,0
Rhox9,0,0,0,0,0,0
Rhpn1,548,547,410,267,444,441
Rhpn2,80,87,99,33,101,91
Ribc1,12,14,6,4,12,10
Ribc2,19,25,27,17,17,17
Ric1,2863,3641,3938,1627,3026,3128
Ric3,4960,5326,3596,2337,4029,3823
Ric8a,1429,1441,1160,681,1112,1118
Ric8b,3519,4022,3056,1570,2912,3492
Rictor,4589,4358,5006,2581,3854,3677
Rida,536,850,452,293,557,538
Rif1,1760,1793,2338,949,1702,1594
Riiad1,173,146,78,93,95,97
Rilp,76,76,51,29,42,54
Rilpl1,1647,1977,1662,860,1671,1777
Rilpl2,822,1144,744,397,764,784
Rimbp2,5989,6064,5930,3229,4608,4799
Rimbp3,105,91,91,50,67,55
Rimkla,493,542,499,249,429,462
Rimklb,743,766,877,387,694,575
Rims1,10079,11850,8676,6109,8654,8806
Rims2,10451,11317,9630,5949,8286,9114
Rims3,2207,2374,2403,1329,2174,2181
Rims4,375,386,559,259,367,324
Rin1,1386,1345,1204,661,991,1337
Rin2,546,796,551,343,723,651
Rin3,76,129,107,75,151,84
Ring1,5208,4532,3164,2289,3380,3476
Rinl,73,71,74,65,90,58
Rint1,2115,2505,1953,973,1873,2024
Riok1,3627,4137,3375,1793,3295,3381
Riok2,1415,1510,1046,685,1018,1077
Riok3,2460,2476,2116,1161,2065,2340
Riox1,350,323,181,114,184,209
Riox2,682,805,635,315,566,506
Ripk1,433,530,451,234,508,398
Ripk2,2247,2455,1228,1084,1507,1484
Ripk3,1,0,3,1,6,1
Ripk4,18,13,9,5,13,16
Ripor1,1884,2046,1565,1145,1812,1971
Ripor2,3328,3431,3941,1730,3265,3555
Ripor3,4,4,6,4,4,9
Ripply1,0,0,0,0,0,0
Ripply2,430,511,304,214,284,330
Ripply3,1,0,1,1,4,3
Rit1,687,786,615,357,566,547
Rit2,2821,3169,2156,1372,2166,2416
Rita1,622,788,555,274,563,575
Rlbp1,117,177,66,59,128,111
Rlf,4898,5772,4905,2469,4467,4282
Rlim,2678,2996,2015,1425,2332,2117
Rln1,20,14,13,2,9,7
Rln3,0,0,0,0,0,1
Rmdn1,5894,6635,3931,3151,4953,5217
Rmdn2,411,450,261,204,356,303
Rmdn3,1768,1888,1644,886,1464,1331
Rmi1,610,682,567,366,551,492
Rmi2,15,36,14,15,20,14
Rmnd1,2827,3104,2457,1441,2315,2301
Rmnd5a,1291,1135,1399,625,904,905
Rmnd5b,2330,2419,1873,1164,1779,1985
Rmst,1673,1878,1644,805,1421,1683
Rnase1,0,1,1,1,2,3
Rnase10,0,1,0,0,0,1
Rnase11,0,0,0,0,0,0
Rnase12,1,1,1,0,0,1
Rnase13,0,1,0,3,0,2
Rnase2a,0,0,0,0,0,0
Rnase2b,0,0,0,0,0,0
Rnase4,102,166,154,105,243,120
Rnase6,13,6,17,3,16,11
Rnase9,0,0,0,0,0,0
Rnaseh1,1197,1206,781,514,758,819
Rnaseh2a,1177,1528,773,615,1004,942
Rnaseh2b,493,595,516,283,505,441
Rnaseh2c,925,1220,629,595,930,836
Rnasek,582,565,269,211,408,427
Rnasel,557,507,457,285,412,402
Rnaset2a,369,495,291,194,482,260
Rnaset2b,389,521,359,209,515,320
Rncr4,1,0,1,0,0,0
Rnd1,272,266,209,131,147,205
Rnd2,283,301,214,164,192,177
Rnd3,230,302,230,168,236,236
Rnf10,3560,4210,3746,2127,3254,3189
Rnf103,4124,4581,3218,1817,3095,3318
Rnf11,4129,4692,2478,2234,2960,3105
Rnf111,3532,4017,4103,1798,3385,3282
Rnf112,14040,12115,9779,6752,9777,11182
Rnf113a1,274,248,132,132,176,162
Rnf113a2,864,742,398,363,452,464
Rnf114,3053,3538,2130,1342,2465,2699
Rnf115,1879,2665,2103,1094,1958,1900
Rnf121,1581,2005,1670,772,1495,1518
Rnf122,167,221,163,83,257,147
Rnf123,2382,2732,2409,1182,2104,1911
Rnf125,8,11,7,11,15,14
Rnf126,2182,2258,1476,1166,1656,1706
Rnf128,1058,1177,853,435,835,926
Rnf13,5992,6475,4869,2917,5680,5040
Rnf130,3815,5047,2875,2272,3249,3060
Rnf133,13,13,36,10,19,9
Rnf135,181,220,170,86,149,122
Rnf138,2562,3207,1945,1300,2455,2531
Rnf138rt1,31,17,11,10,17,18
Rnf139,793,972,802,372,717,659
Rnf14,5129,6055,3925,2753,4358,4282
Rnf141,1468,1556,1154,809,1177,1030
Rnf144a,2448,2781,1633,1195,1845,1715
Rnf144b,2068,2458,1420,1024,1763,1533
Rnf145,3061,2942,2336,1338,2266,2333
Rnf146,1614,1724,1313,840,1157,1184
Rnf148,31,21,30,12,33,25
Rnf149,2512,3222,2124,1384,2413,2407
Rnf150,4001,4890,5047,2016,3784,3880
Rnf151,0,2,5,1,0,4
Rnf152,650,588,492,292,484,452
Rnf157,2766,3209,3447,1864,2525,2510
Rnf165,2842,3646,3368,2264,3410,3169
Rnf166,1145,1227,1141,594,1051,1100
Rnf167,3954,3708,2386,1817,2772,2794
Rnf168,1981,1887,1268,762,1378,1395
Rnf169,5556,6809,5132,3042,5161,5366
Rnf17,295,177,185,86,144,153
Rnf170,2577,2829,2086,1250,2118,2045
Rnf180,1033,1217,890,565,984,854
Rnf181,1480,1794,1165,717,1354,1482
Rnf182,424,572,314,219,377,437
Rnf183,1,1,0,0,2,3
Rnf185,719,832,481,379,550,534
Rnf186,0,1,0,0,0,0
Rnf187,3956,4115,2282,2018,2781,2713
Rnf19a,1637,1936,1842,755,1461,1478
Rnf19b,289,355,302,190,231,191
Rnf2,496,752,553,328,531,527
Rnf20,5160,5731,5707,2494,4766,4683
Rnf207,2987,2950,2224,1235,2182,2477
Rnf208,2678,2413,1506,1160,1498,1585
Rnf212,1,0,0,0,1,0
Rnf212b,0,1,1,1,0,0
Rnf213,134,184,236,140,360,135
Rnf214,2080,2070,1743,1088,1672,1551
Rnf215,1936,2091,1477,974,1603,1579
Rnf216,2436,2550,2710,1251,2437,2314
Rnf217,1263,1354,2060,713,1325,1351
Rnf219,319,326,328,146,278,246
Rnf220,2502,3019,1947,1467,1969,1776
Rnf222,1,0,2,1,0,1
Rnf223,34,38,46,24,32,30
Rnf224,0,0,0,0,0,0
Rnf225,124,91,53,54,52,46
Rnf24,2122,2549,1759,1039,1884,1943
Rnf25,1052,1039,871,590,803,895
Rnf26,211,257,175,104,159,162
Rnf31,1399,1614,1685,749,1535,1451
Rnf32,1570,1669,1237,749,1202,1219
Rnf34,1464,1679,1361,676,1350,1290
Rnf38,1365,1263,1521,826,1046,979
Rnf39,275,426,345,144,327,321
Rnf4,1901,2166,1812,1116,1728,1884
Rnf40,929,1069,946,483,898,866
Rnf41,2119,2655,1898,1088,2097,1909
Rnf43,198,243,157,94,162,168
Rnf44,2038,1702,1577,897,1430,1561
Rnf5,1323,1439,665,716,937,961
Rnf6,1930,2013,1235,920,1459,1448
Rnf7,1379,1499,972,720,1022,1138
Rnf8,1543,1990,1629,903,1470,1246
Rnft1,2259,2673,2160,904,1875,2059
Rnft2,1589,1643,1398,738,1345,1443
Rngtt,2405,2484,1979,1174,1794,1976
Rnh1,680,698,479,321,520,552
Rnls,242,304,178,120,200,205
Rnmt,2590,3228,2615,1338,2705,2496
Rnpc3,11717,8885,10769,3949,8346,9421
Rnpep,3338,3461,2224,1674,2685,2362
Rnpepl1,2431,2748,1968,1328,2088,2081
Rnps1,3800,3248,2832,1722,2365,2490
Robo1,2840,3302,2861,1246,2568,2734
Robo2,6422,7245,6576,3137,5495,5491
Robo3,1300,1498,1593,1100,1400,1132
Robo4,6,8,17,11,28,16
Rock1,1810,2127,2528,1062,1804,1609
Rock2,7317,8128,11717,4460,8262,8162
Rogdi,6514,5331,3465,2676,3869,4424
Rom1,25,28,18,15,29,17
Romo1,910,1032,508,516,625,643
Ropn1,2,1,0,2,0,2
Ropn1l,60,86,36,23,62,45
Ror1,269,356,204,101,212,294
Ror2,52,60,43,28,44,43
Rora,3144,3623,3156,1784,2954,2749
Rorb,3814,3727,2394,1918,2711,2687
Rorc,23,16,23,14,17,29
Ros1,2,0,0,0,1,1
Rp1,7,10,2,1,3,9
Rp1l1,1,0,0,0,0,2
Rp2,477,653,545,297,542,447
Rp9,4343,5102,2651,2212,3510,3483
Rpa1,775,899,530,349,651,587
Rpa2,243,283,194,138,230,218
Rpa3,1266,1357,714,632,899,1000
Rpain,996,1183,756,587,874,836
Rpap1,950,1008,904,538,790,691
Rpap2,868,870,659,427,629,596
Rpap3,819,826,830,479,821,761
Rpe,2095,2473,1966,1002,1727,1900
Rpe65,96,162,20,14,58,96
Rpf1,663,784,514,387,534,595
Rpf2,476,569,369,275,375,403
Rpgr,2013,2170,1856,1178,1692,1631
Rpgrip1,47,58,46,32,47,43
Rpgrip1l,1887,2091,2379,976,1931,1830
Rph3a,5233,5416,5575,2923,5096,5523
Rph3al,43,32,24,13,35,27
Rpia,1567,1980,1469,892,1532,1495
Rpl10,1635,1942,1282,901,1361,1331
Rpl10-ps3,895,929,556,559,783,555
Rpl10a,3669,4225,2562,2276,3333,3124
Rpl10l,0,0,0,0,0,0
Rpl11,2500,2558,1742,1478,1969,1506
Rpl12,1930,2068,1394,1156,1634,1508
Rpl13,5177,4850,3283,2814,3767,2793
Rpl13a,1937,1664,1170,990,1320,1082
Rpl13a-ps1,0,0,1,1,0,0
Rpl14,2713,2361,1561,1264,1713,1556
Rpl15,2970,2813,1840,1393,1940,1877
Rpl17,977,946,581,599,673,520
Rpl18,2114,2586,1513,1257,1893,1559
Rpl18a,1914,2106,1433,1271,1807,1312
Rpl19,3591,3212,2194,1967,2594,1954
Rpl21,2107,2140,1367,1335,1681,1424
Rpl22,1293,1318,1024,801,1118,991
Rpl22l1,2898,3374,1697,1572,2126,2035
Rpl23,2207,2713,1712,1498,2066,1548
Rpl23a,512,579,316,319,348,272
Rpl24,2621,2485,1606,1377,1819,1588
Rpl26,1672,1823,987,1171,1410,944
Rpl27,1562,1579,772,832,1073,970
Rpl27-ps3,31,27,8,15,14,9
Rpl27a,2695,2996,1972,1659,2286,1996
Rpl28,2559,2564,1541,1443,1902,1639
Rpl29,3562,3040,1968,1492,2023,2005
Rpl3,4241,4317,2511,2355,3089,2808
Rpl30,2757,3191,1961,1699,2355,1995
Rpl31,1512,1592,1068,837,1089,1065
Rpl32,1759,1628,1102,1085,1323,843
Rpl34,2648,2411,1542,1588,1920,1604
Rpl35,2630,2334,1469,1409,1642,1401
Rpl35a,1582,1536,939,926,1205,1023
Rpl36,2227,2426,1228,1495,1799,1536
Rpl36-ps4,0,0,0,0,0,1
Rpl36a,1119,1107,618,713,882,658
Rpl36a-ps1,1,0,0,1,0,1
Rpl36al,1627,1523,833,729,933,907
Rpl37,3431,3605,2230,2221,2792,2186
Rpl37a,3407,3338,2055,2024,2545,2097
Rpl38,2636,2423,1454,1813,1893,1793
Rpl39,1201,1171,669,901,952,683
Rpl39l,0,0,0,0,0,0
Rpl3l,9,21,8,1,10,11
Rpl4,1642,1892,1240,1003,1354,1230
Rpl41,4766,5299,2379,2526,3124,3156
Rpl5,1530,1720,1210,997,1242,1238
Rpl6,6009,6136,3843,3086,4459,4418
Rpl7,1209,1368,825,758,958,854
Rpl7a,1815,2001,1080,968,1270,1323
Rpl7a-ps5,1,1,0,1,1,3
Rpl7l1,437,497,365,188,365,350
Rpl8,2989,2808,1876,1502,1991,1682
Rpl9,2309,2437,1750,1209,1794,1766
Rpl9-ps1,0,0,0,0,0,0
Rpl9-ps6,4073,3780,2206,2207,2741,2322
Rplp0,1449,1342,863,802,1028,819
Rplp1,2749,2860,1887,1866,2299,1553
Rplp2,1764,2299,1192,1150,1680,1347
Rpn1,5058,5081,3239,1914,3971,4113
Rpn2,3135,3328,2142,1286,2658,2494
Rpp14,387,416,289,160,251,302
Rpp21,1965,2440,1277,1076,1734,1948
Rpp25,335,311,145,198,176,195
Rpp25l,274,246,129,99,158,150
Rpp30,345,366,231,169,287,292
Rpp38,280,238,158,112,142,190
Rpp40,423,517,285,245,356,307
Rprd1a,3234,3391,2927,1669,2664,2717
Rprd1b,1517,1502,1321,732,1178,1219
Rprd2,3722,4342,3869,1853,3094,3342
Rprl1,0,0,0,0,0,0
Rprm,993,838,503,430,550,397
Rprml,4211,5053,2437,2120,2988,3507
Rps10,2471,2788,1605,1568,2063,1642
Rps11,2002,1996,1237,1145,1487,1152
Rps12,1568,1881,1107,1072,1445,1250
Rps12-ps3,38,65,38,31,52,19
Rps13,2737,3190,1778,1423,2072,2034
Rps14,1651,1910,1192,1184,1438,1081
Rps15,1403,1564,1017,950,1091,938
Rps15a,2625,2879,2166,1461,2223,1909
Rps16,2792,2268,1576,1259,1782,1304
Rps17,1231,1524,941,797,1091,1015
Rps18,3076,3531,2156,1800,2458,2311
Rps19,2579,2555,1736,1420,1907,1397
Rps19bp1,515,519,379,278,398,356
Rps2,7225,6304,4266,3304,4656,4486
Rps20,3199,3593,2747,1871,2820,2515
Rps21,3241,3345,1941,2199,2576,2407
Rps23,1744,1634,1041,1098,1285,925
Rps24,3383,3833,2370,2272,3190,2291
Rps25,1080,1102,659,580,730,705
Rps26,2609,2425,1440,1316,1694,1458
Rps27,3220,3024,1680,1902,2311,2125
Rps27a,2689,2933,1633,1684,2147,1807
Rps27l,214,207,110,117,131,159
Rps27rt,64,88,25,41,40,33
Rps28,1669,1831,993,1302,1365,1331
Rps29,2041,1825,1026,1614,1553,1277
Rps3,2015,2296,1327,1144,1698,1240
Rps3a1,2419,2702,1540,1488,1988,1438
Rps4x,1807,1991,1183,1201,1674,1166
Rps5,2337,2189,1556,1161,1696,1445
Rps6,1979,2037,1283,1055,1368,1270
Rps6ka1,422,489,400,200,507,364
Rps6ka2,2133,2307,2721,1182,1994,2072
Rps6ka3,2277,2399,2497,1209,1793,1828
Rps6ka4,618,531,457,350,446,443
Rps6ka5,2057,2232,2098,994,1907,1898
Rps6ka6,186,204,197,86,192,188
Rps6kb1,3365,3699,3944,1927,3349,3213
Rps6kb2,4377,4260,3398,2250,3523,3671
Rps6kc1,1525,1645,1801,820,1367,1349
Rps6kl1,2153,2665,1603,1121,1874,1869
Rps7,3560,3308,2160,1923,2429,2143
Rps8,5146,4109,2855,2489,3246,2415
Rps9,2525,2943,1768,1503,2313,1885
Rpsa,3790,3529,2625,2078,2779,2293
Rptn,0,1,0,0,0,0
Rptor,3346,3736,3670,1852,3237,2881
Rptoros,12,10,3,2,9,8
Rpusd1,604,595,496,339,443,456
Rpusd2,198,183,113,97,120,139
Rpusd3,611,691,437,340,444,421
Rpusd4,597,660,356,270,397,457
Rrad,29,20,37,11,40,23
Rraga,1774,1638,870,695,917,1066
Rragb,1995,2222,1975,845,1689,1688
Rragc,903,986,831,526,784,655
Rragd,1096,920,780,445,648,592
Rras,32,40,21,22,34,19
Rras2,842,1215,751,533,710,595
Rrbp1,3084,3266,2858,1668,3685,2542
Rreb1,3902,3415,3579,1616,3095,2837
Rrh,52,55,81,34,55,48
Rrm1,398,441,325,233,360,352
Rrm2,13,23,10,7,18,11
Rrm2b,1013,1111,836,492,735,813
Rrn3,1769,1809,1325,838,1234,1471
Rrnad1,4855,5656,4029,2387,4446,4370
Rrp1,3975,3914,3189,1782,2843,2921
Rrp12,492,440,455,224,354,393
Rrp15,1411,1519,1301,732,1180,1167
Rrp1b,1371,1629,1665,613,1421,1550
Rrp36,206,288,215,135,225,199
Rrp7a,915,1062,716,421,801,728
Rrp8,458,592,429,207,465,473
Rrp9,692,830,627,481,713,748
Rrs1,476,413,276,175,302,281
Rs1,27,36,17,18,26,30
Rsad1,1721,1488,962,843,1121,979
Rsad2,22,22,14,26,71,16
Rsbn1,2844,3492,2957,1553,2761,2828
Rsbn1l,4181,5060,3931,2309,3963,3926
Rsc1a1,0,0,0,0,0,0
Rsf1,5589,5926,5679,2661,4840,4708
Rsf1os1,0,0,0,0,0,0
Rsf1os2,25,26,12,12,15,21
Rsg1,263,348,169,148,250,191
Rsl1,115,86,94,39,108,100
Rsl1d1,1784,2124,1516,777,1512,1619
Rsl24d1,495,491,360,220,372,388
Rslcan18,7,11,10,1,9,5
Rsph1,109,90,61,45,54,50
Rsph10b,200,244,212,178,214,175
Rsph14,15,11,9,8,10,9
Rsph3a,1156,1276,836,532,871,954
Rsph3b,708,742,547,308,623,551
Rsph4a,60,54,45,16,34,49
Rsph6a,4,10,5,7,1,3
Rsph9,545,589,325,225,382,398
Rspo1,500,553,362,289,442,368
Rspo2,719,931,576,350,531,536
Rspo3,2011,2430,1209,723,1286,1476
Rspo4,7,8,3,1,7,2
Rspo4os,2,1,2,1,1,0
Rspry1,3017,3675,3276,1593,3108,3018
Rsrc1,3428,3574,2963,1683,2845,2888
Rsrc2,5270,6960,5544,3020,5757,5491
Rsrp1,50741,52749,32013,26842,39604,36322
Rsu1,1896,2268,1824,1210,1938,1809
Rtbdn,125,82,115,67,60,83
Rtca,2511,2554,1479,1376,1821,1901
Rtcb,1419,1381,1128,662,1119,1070
Rtel1,823,699,630,368,609,526
Rtf1,3313,3685,2729,1823,2870,3031
Rtf2,1004,1110,852,472,756,785
Rtkn,2064,2032,1500,1019,1619,1776
Rtkn2,362,337,305,164,287,279
Rtl1,224,263,187,135,256,297
Rtl10,13,22,19,10,21,17
Rtl3,0,0,1,0,0,0
Rtl4,1173,1240,622,623,907,899
Rtl5,554,501,501,252,432,538
Rtl6,418,334,255,174,213,211
Rtl8a,781,765,395,405,493,389
Rtl8b,1003,882,486,446,474,503
Rtl8c,2831,3591,1988,1385,2430,2179
Rtl9,12,12,21,6,14,12
Rtn1,52391,49473,34390,15166,34641,36191
Rtn2,808,907,659,446,662,578
Rtn3,26686,28774,22924,9838,21397,20158
Rtn4,21011,22664,14741,8358,15802,15805
Rtn4ip1,551,525,384,284,375,376
Rtn4r,3917,4731,2608,1750,2685,3083
Rtn4rl1,2024,2066,1438,1040,1496,1672
Rtn4rl2,437,593,426,247,355,330
Rtp1,2,4,0,1,1,0
Rtp2,6,2,0,1,3,0
Rtp3,0,0,0,1,2,3
Rtp4,108,149,103,117,241,85
Rtraf,1539,1588,1113,719,1097,1126
Rttn,307,333,390,184,313,247
Rubcn,2695,3368,2878,1526,2697,2582
Rubcnl,122,116,117,88,145,71
Rubie,6,10,0,1,3,1
Rufy1,2493,2553,1629,1135,1874,1666
Rufy2,9216,9148,8699,4383,8075,8381
Rufy3,9030,9955,8545,4429,7912,8090
Rufy4,0,0,1,0,0,0
Rundc1,1285,1775,1548,637,1284,1467
Rundc3a,5743,5706,4182,3259,4406,4684
Rundc3b,2071,2209,2105,880,1719,1920
Runx1,182,214,477,212,790,221
Runx1t1,4563,5756,3606,2404,4147,4254
Runx2,1882,2708,2114,1270,1949,2058
Runx2os1,454,682,415,264,490,538
Runx2os2,22,12,10,11,20,11
Runx2os3,1,3,1,1,3,3
Runx3,0,2,7,0,6,2
Rusc1,3270,3070,2758,1594,2502,2542
Rusc2,1881,1904,1782,926,1487,1489
Ruvbl1,565,633,436,285,427,493
Ruvbl2,414,501,314,246,381,440
Rwdd1,1815,1993,1497,809,1476,1508
Rwdd2a,469,357,238,189,226,277
Rwdd2b,203,226,145,95,129,148
Rwdd3,399,377,315,230,305,291
Rwdd4a,993,1123,909,521,827,876
Rxfp1,1572,1851,1508,1114,1737,1365
Rxfp2,138,156,136,80,96,115
Rxfp3,61,37,40,20,51,30
Rxfp4,0,0,0,0,2,0
Rxra,193,186,173,96,147,163
Rxrb,969,1138,749,544,792,769
Rxrg,603,527,403,163,416,405
Rybp,193,242,268,148,149,184
Ryk,753,851,939,406,686,637
Ryr1,1853,1643,1730,628,1191,1632
Ryr2,16790,16216,18981,8319,12437,13438
Ryr3,4868,5198,5560,1943,3827,4585
S100a1,280,403,177,242,337,247
S100a10,283,307,168,134,190,237
S100a11,19,54,8,13,25,19
S100a13,113,130,62,112,127,82
S100a14,0,2,0,2,0,0
S100a16,546,501,229,308,396,310
S100a2,0,1,0,0,0,0
S100a3,59,49,34,16,48,30
S100a4,6,11,3,8,3,6
S100a5,0,0,0,1,0,0
S100a6,277,290,185,158,256,221
S100a7a,11,13,17,7,5,7
S100a8,8,3,6,5,1,0
S100a9,18,0,15,14,0,0
S100b,509,684,383,391,563,535
S100g,0,0,0,0,0,0
S100pbp,2457,2520,2430,1114,2120,2126
S100z,0,0,0,0,0,0
S1pr1,952,2033,463,489,1221,1215
S1pr2,68,96,64,35,90,66
S1pr3,112,126,75,50,96,76
S1pr4,1,4,0,1,4,1
S1pr5,585,631,399,264,486,478
Saa1,1,2,0,0,1,1
Saa2,0,2,0,2,3,0
Saa3,1,1,2,0,1,0
Saa4,0,1,0,0,0,0
Saal1,1161,1246,767,581,880,862
Sac3d1,453,488,252,184,284,283
Sacm1l,4513,4914,3822,2276,3752,3871
Sacs,5597,4940,5378,2198,3593,3558
Sae1,1555,1849,1334,753,1403,1462
Safb,5727,7385,6273,3533,6105,5530
Safb2,4395,4981,5336,2654,4466,4314
Sag,109,93,79,48,76,90
Sall1,177,233,210,168,279,163
Sall2,479,443,265,180,280,341
Sall3,118,185,109,92,224,156
Sall4,9,7,3,4,11,9
Samd1,219,163,187,122,161,137
Samd10,1832,2113,1155,949,1598,1662
Samd11,143,97,115,47,98,117
Samd12,6918,8494,6725,3641,5948,6395
Samd13,14,21,8,13,13,11
Samd14,695,566,466,282,509,540
Samd15,227,259,145,108,161,169
Samd3,209,143,74,57,60,75
Samd4,1136,1385,1340,592,1132,1117
Samd4b,649,717,851,399,718,648
Samd5,4530,5096,4319,2290,4086,3783
Samd7,4,3,3,1,1,3
Samd8,3151,3808,3343,1487,2708,2765
Samd9l,158,161,106,104,169,122
Samhd1,725,748,717,430,814,673
Samm50,2040,1859,1984,1034,1657,1620
Samsn1,56,59,80,89,146,28
Samt1,0,0,0,0,0,0
Samt2,0,0,0,0,0,0
Samt3,0,0,0,0,0,0
Samt4,0,0,0,0,0,0
Sap130,1190,1386,1085,718,1148,1095
Sap18,1903,2163,1410,936,1410,1486
Sap18b,47,43,28,23,24,35
Sap25,67,81,73,46,72,71
Sap30,136,246,112,67,129,140
Sap30bp,1790,2196,1696,910,1706,1730
Sap30bpos,3,2,1,0,3,2
Sap30l,69,70,62,54,57,41
Sapcd1,21,25,17,12,21,20
Sapcd2,57,66,34,39,58,55
Sar1a,1503,1327,1458,642,979,909
Sar1b,1745,1724,1104,640,1225,1195
Saraf,6124,6541,4421,2057,4599,4426
Sardh,32,32,14,15,25,25
Sardhos,0,0,0,0,0,0
Sarm1,731,838,621,402,642,618
Sarnp,1480,1797,1185,864,1489,1565
Sars,7097,7294,5590,4205,5956,5839
Sars2,1135,1152,728,593,826,903
Sart1,1263,1397,1076,667,1101,1196
Sart3,2000,2076,1802,1038,1684,1760
Sash1,1364,1728,978,662,1322,1271
Sash3,34,25,29,13,42,25
Sass6,466,530,468,218,465,431
Sat1,2498,4859,2470,1800,4542,3857
Sat2,1422,1352,765,748,963,888
Satb1,3940,5112,3695,2620,3600,3467
Satb2,2793,3563,2501,1939,2505,2499
Satl1,1,0,0,0,0,0
Sav1,415,456,468,226,394,340
Saxo1,3,9,7,4,3,4
Saxo1os,0,0,0,0,0,0
Saxo2,664,687,382,366,455,473
Saysd1,1258,1626,918,546,1054,987
Sbds,2108,2454,1875,967,1698,1803
Sbf1,2086,1741,1822,1151,1666,1581
Sbf2,6304,6860,6449,3721,5456,5762
Sbk1,517,868,1000,294,750,780
Sbk2,2,7,4,2,1,8
Sbk3,43,32,42,28,17,27
Sbno1,8562,8789,8954,4383,7649,7296
Sbno2,1246,1266,1533,732,1283,1041
Sbp,0,0,0,0,0,0
Sbpl,0,1,0,0,0,0
Sbsn,376,351,382,167,300,255
Sbspon,50,49,27,17,34,40
Sc5d,3127,3760,3252,1634,3887,2992
Scaf1,2516,3793,2093,1859,2387,1993
Scaf11,2826,2664,2754,1275,2294,2075
Scaf4,3342,4112,3198,1761,3135,3104
Scaf8,3049,3255,3335,1854,2964,2900
Scai,6007,6783,6115,3328,5563,5392
Scamp1,4348,4300,3785,1492,3030,3048
Scamp2,1326,1416,1096,658,1353,1126
Scamp3,1843,1861,1284,758,1419,1460
Scamp4,891,829,448,305,640,618
Scamp5,6959,6718,5254,3004,5242,5192
Scand1,1101,1352,614,629,871,801
Scap,2526,2584,2103,1211,1929,2041
Scaper,2130,1902,2085,1026,1911,1890
Scara3,383,643,210,170,346,412
Scara5,9,6,3,4,5,7
Scarb1,1854,2173,1844,957,2054,1935
Scarb2,3114,3250,2676,1298,2718,2486
Scarf1,11,18,11,10,22,12
Scarf2,111,107,59,51,90,60
Sccpdh,1989,2107,1498,979,1617,1410
Scd1,307,420,317,257,463,325
Scd2,12088,13137,9652,4954,10943,9974
Scd3,23,38,13,14,20,15
Scd4,24,26,18,13,20,18
Scel,41,50,22,24,55,27
Scfd1,2624,2836,2483,1389,2392,2367
Scfd2,1647,1879,1583,824,1501,1492
Scg2,8040,7397,5711,2517,5736,6039
Scg3,4147,5273,3450,1859,4042,3708
Scg5,9695,11204,6525,3878,7970,7589
Scgb1a1,0,0,0,0,0,0
Scgb1b10,0,0,0,0,0,0
Scgb1b11,0,0,0,0,0,0
Scgb1b12,0,0,0,0,0,0
Scgb1b15,0,0,0,0,0,0
Scgb1b17,0,0,0,0,0,0
Scgb1b18,0,0,0,0,0,0
Scgb1b19,0,0,0,0,0,0
Scgb1b2,0,0,0,0,0,0
Scgb1b20,0,0,0,0,0,0
Scgb1b24,0,0,0,0,0,0
Scgb1b27,0,0,0,0,0,0
Scgb1b29,0,0,0,0,0,0
Scgb1b3,0,0,0,0,0,0
Scgb1b30,0,0,0,0,0,0
Scgb1b7,0,0,0,0,0,0
Scgb1c1,0,0,0,1,0,0
Scgb2a2,0,0,0,0,0,0
Scgb2b11,0,0,0,0,0,0
Scgb2b12,0,0,0,0,0,0
Scgb2b15,0,0,0,0,0,0
Scgb2b17,0,0,0,0,0,0
Scgb2b18,0,0,0,0,0,0
Scgb2b19,0,0,0,0,0,0
Scgb2b2,0,0,0,0,0,0
Scgb2b20,0,0,0,0,0,0
Scgb2b21,0,0,0,0,0,0
Scgb2b24,0,0,0,0,0,0
Scgb2b26,0,0,0,0,0,0
Scgb2b27,0,0,0,0,0,0
Scgb2b3,0,0,0,0,0,0
Scgb2b7,0,0,0,0,0,0
Scgb3a1,1,1,1,1,1,0
Scgb3a2,0,0,0,0,0,0
Scgn,4,19,5,12,4,3
Schip1,9202,13096,10114,4993,10016,11840
Scimp,2,2,5,1,5,0
Scin,18,6,8,4,7,15
Sclt1,7502,8486,6142,3965,6387,6303
Scly,713,793,582,411,682,581
Scmh1,6769,8273,5604,3638,6235,6804
Scml1,3,5,5,2,2,3
Scml2,86,74,68,56,81,65
Scml4,266,303,210,152,228,209
Scn10a,50,23,28,11,20,29
Scn11a,10,7,5,1,7,7
Scn1a,11125,11224,11920,5271,9301,8992
Scn1b,5012,6104,4216,2834,4364,3929
Scn2a,19696,18769,15826,8173,13461,13986
Scn2b,3662,3271,2848,1290,2393,2623
Scn3a,5705,5473,4847,2379,4035,4502
Scn3b,3732,4133,3349,1598,2977,3326
Scn4a,0,0,0,0,1,0
Scn4b,3144,2534,2244,738,1591,1822
Scn5a,308,204,307,65,235,271
Scn7a,301,224,240,132,224,214
Scn8a,15342,16008,15325,7593,12227,12418
Scn9a,897,622,709,277,661,633
Scnm1,997,1230,893,528,861,882
Scnn1a,116,106,80,53,76,79
Scnn1b,4,1,3,2,1,3
Scnn1g,11,8,4,1,3,3
Sco1,174,191,186,116,156,156
Sco2,169,211,98,69,121,111
Scoc,1370,1737,1432,747,1326,1073
Scp2,1632,1775,1238,794,1232,1220
Scp2d1,0,1,2,1,2,1
Scpep1,1244,1449,1065,678,1271,1039
Scpep1os,1,1,0,1,1,0
Scrg1,192,403,111,132,303,210
Scrib,1161,1039,1084,689,1020,1087
Scrn1,4301,4497,3545,1905,3056,3153
Scrn2,121,109,51,64,88,82
Scrn3,346,432,359,189,277,272
Scrt1,1372,1424,997,793,938,984
Scrt2,169,206,173,83,157,130
Sct,1,5,2,1,4,3
Sctr,6,9,3,3,6,3
Scube1,2591,3293,3033,1817,2925,3049
Scube2,67,76,70,49,75,62
Scube3,227,186,223,90,155,165
Scx,20,22,14,8,14,14
Scyl1,1283,1298,1067,655,1072,1197
Scyl2,2604,3046,2351,1199,2190,2228
Scyl3,1773,1836,1753,855,1387,1370
Sdad1,1889,1925,1693,1004,1657,1577
Sdc1,9,10,8,4,3,8
Sdc2,1337,1385,911,421,1073,939
Sdc3,2274,2298,1962,963,1833,1755
Sdc4,300,662,173,196,436,447
Sdcbp,1255,1788,1178,667,1178,1034
Sdcbp2,13,12,15,7,14,18
Sdccag3,7519,8642,8170,3804,6679,7128
Sdccag8,2321,2603,2255,1196,1973,2248
Sde2,1030,1159,819,467,764,825
Sdf2,2133,2497,1376,966,1739,1596
Sdf2l1,308,412,275,169,329,321
Sdf4,3627,4107,3301,1739,3279,2910
Sdha,6133,6156,4228,2955,4607,4439
Sdhaf1,608,498,237,283,308,287
Sdhaf2,641,786,646,329,580,564
Sdhaf3,864,899,735,357,640,652
Sdhaf4,388,377,162,172,226,194
Sdhb,1979,2211,1179,924,1373,1467
Sdhc,538,614,444,352,462,380
Sdhd,656,741,455,322,495,490
Sdk1,359,385,424,276,378,310
Sdk2,2340,2852,2484,1423,1939,2110
Sdr16c5,0,0,0,0,0,0
Sdr16c6,0,0,0,0,0,0
Sdr39u1,1550,1345,736,687,808,786
Sdr42e1,138,122,78,61,63,70
Sdr9c7,3,2,0,0,0,0
Sds,5,6,1,1,7,11
Sdsl,47,44,38,28,49,47
Sebox,23,41,16,16,20,21
Sec1,58,61,59,45,57,44
Sec11a,2118,2512,1769,1010,1841,2194
Sec11c,2936,3377,2293,1472,2856,2054
Sec13,2484,2930,1613,1349,2078,2293
Sec14l1,5602,5892,6198,2463,4606,4476
Sec14l2,645,757,589,364,643,752
Sec14l3,70,59,37,19,48,49
Sec14l4,13,2,9,5,5,7
Sec14l5,673,740,615,412,705,649
Sec16a,1777,1708,1884,849,1400,1372
Sec16b,84,101,70,58,64,64
Sec22a,2578,3043,1982,1152,2110,2209
Sec22b,2012,2319,1576,993,1568,1579
Sec22c,611,559,496,282,448,435
Sec23a,1913,1958,1514,916,1462,1472
Sec23b,1055,1242,1039,554,987,1002
Sec23ip,1333,1481,1283,634,1195,1112
Sec24a,3722,4743,4619,2125,4087,3770
Sec24b,4383,5561,4631,2417,4267,4397
Sec24c,1923,1974,1675,948,1614,1700
Sec24d,440,506,408,267,411,386
Sec31a,2075,2285,2256,1146,1891,1916
Sec31b,11,13,7,3,8,6
Sec61a1,3395,4111,3002,1765,3227,3328
Sec61a2,6999,7034,5886,3470,5634,5866
Sec61b,368,401,221,171,270,239
Sec61g,901,966,576,506,674,670
Sec62,6162,6436,4261,2510,4874,4514
Sec63,2153,2736,2108,1218,1935,1908
Secisbp2,3888,4023,3120,1917,3304,3045
Secisbp2l,4085,4530,4177,2100,3314,3412
Sectm1a,0,0,0,0,0,0
Sectm1b,0,0,0,0,0,0
Seh1l,795,802,655,399,557,588
Sel1l,7455,8166,6601,3382,6316,6534
Sel1l2,0,0,1,1,0,0
Sel1l3,2924,3359,2955,1951,2790,2589
Sele,1,2,2,2,1,4
Selenbp1,120,127,45,42,81,102
Selenbp2,0,3,1,0,1,3
Selenof,2954,3309,2049,1284,2265,1974
Selenoh,475,500,223,286,345,304
Selenoi,5344,5845,4849,2246,4140,4530
Selenok,4222,5552,2898,1900,3875,3196
Selenom,3309,3822,1870,1748,2309,2579
Selenon,674,654,720,405,409,592
Selenoo,2212,2427,1757,1149,1889,1775
Selenop,890,1304,615,600,1123,922
Selenos,2665,2713,1545,993,2143,1838
Selenot,3486,3512,2351,1409,2267,2241
Selenov,149,117,94,66,89,79
Selenow,4849,5618,3325,2785,4049,3948
Sell,2,1,0,0,0,0
Selp,0,0,0,0,3,0
Selplg,448,689,576,304,924,573
Sem1,3279,4051,2192,1841,2704,2884
Sema3a,1438,1738,1495,668,1234,1263
Sema3b,29,33,22,17,25,16
Sema3c,882,990,540,537,678,702
Sema3d,294,373,232,121,307,293
Sema3e,2221,2712,1840,902,1879,2094
Sema3f,345,325,298,190,261,245
Sema3g,5,6,1,5,11,5
Sema4a,1492,1399,1228,804,1117,1163
Sema4b,800,1109,822,419,843,841
Sema4c,574,536,434,248,461,402
Sema4d,1844,2037,2069,1047,1879,1743
Sema4f,1569,1653,1408,678,1239,1184
Sema4g,857,825,671,476,771,642
Sema5a,1545,1748,1608,823,1430,1355
Sema5b,1028,1132,990,619,1069,1014
Sema6a,2092,2215,1824,1068,2129,1700
Sema6b,1719,1679,1330,829,1229,1219
Sema6c,664,630,587,342,574,473
Sema6d,3355,3608,3581,1722,3242,3015
Sema7a,2245,2431,1974,1088,1868,1845
Senp1,1873,2158,1565,977,1712,1598
Senp2,5064,5778,4819,2806,4723,4426
Senp3,1521,1859,1817,909,1587,1805
Senp5,2531,2541,2569,1328,2138,2037
Senp6,4581,6385,4663,2830,4597,4233
Senp7,4420,4893,4515,2311,4066,4056
Senp8,276,335,247,167,254,227
Sephs1,502,586,433,274,425,428
Sephs2,377,380,227,144,272,247
Sepsecs,1992,2310,1664,967,1549,1687
Sept1,2064,1800,1269,1231,1272,1110
Sept10,358,418,195,183,275,233
Sept11,8964,10616,9918,5412,8691,8310
Sept12,1,0,0,0,0,0
Sept14,0,0,0,1,0,0
Sept2,1097,1358,1087,598,961,953
Sept2-1,0,0,0,0,0,0
Sept3,5151,5541,6153,3258,5000,4685
Sept4,6159,6755,4733,3493,6263,5121
Sept5,3222,2970,1937,1563,2072,2025
Sept6,1896,1886,1451,1064,1394,1287
Sept7,9796,10382,9898,5116,9349,9419
Sept8,3679,4449,4329,2244,4218,4199
Sept9,744,840,873,579,776,837
Serac1,1704,1953,1569,977,1840,1826
Serbp1,5394,6610,5812,3010,4851,4835
Serf1,239,268,157,125,183,150
Serf2,5249,6668,3770,2968,4632,4335
Sergef,2401,2720,2747,1245,2210,2383
Serhl,59,107,37,32,82,69
Serinc1,18054,16946,13488,5752,12673,12203
Serinc2,340,425,297,241,356,441
Serinc3,2572,3031,2092,1309,2214,2296
Serinc4,47,38,23,24,33,21
Serinc5,2824,3208,2811,1526,2505,2408
Serp1,1062,1206,776,500,752,848
Serp2,1666,1480,966,735,867,826
Serpina10,10,10,7,9,7,7
Serpina11,0,0,0,0,0,0
Serpina12,1,2,2,1,1,1
Serpina16,0,0,0,0,0,0
Serpina1a,0,0,0,0,0,1
Serpina1b,0,1,0,0,0,0
Serpina1c,0,0,0,0,0,0
Serpina1d,0,0,0,0,0,1
Serpina1e,1,0,0,0,0,1
Serpina1f,0,0,0,0,0,0
Serpina3a,0,0,0,0,0,0
Serpina3b,0,0,0,0,0,0
Serpina3c,1,0,1,0,1,2
Serpina3f,0,0,1,0,0,0
Serpina3g,5,0,0,0,5,0
Serpina3i,0,0,0,1,0,3
Serpina3j,0,0,0,0,0,0
Serpina3k,0,0,0,0,0,0
Serpina3m,1,0,0,0,0,0
Serpina3n,104,137,125,97,200,132
Serpina5,0,0,0,0,0,0
Serpina6,0,0,0,0,0,0
Serpina7,1,0,0,0,1,1
Serpina9,316,238,190,67,169,192
Serpinb11,1,0,1,0,1,1
Serpinb12,0,1,0,0,0,0
Serpinb13,0,0,0,0,0,0
Serpinb1a,392,440,297,152,367,236
Serpinb1b,19,20,19,6,14,8
Serpinb1c,0,0,3,1,2,0
Serpinb2,0,1,0,4,0,0
Serpinb3a,0,0,0,0,0,0
Serpinb3b,0,0,0,0,0,0
Serpinb3c,1,1,0,0,0,2
Serpinb3d,0,0,0,0,0,0
Serpinb5,1,3,0,2,0,1
Serpinb6a,2004,2197,1266,1019,1414,1291
Serpinb6b,12,17,3,3,20,11
Serpinb6c,7,6,6,3,3,4
Serpinb6d,0,0,0,0,0,0
Serpinb6e,0,1,0,2,0,1
Serpinb7,1,0,2,0,2,0
Serpinb8,590,718,698,301,462,680
Serpinb9,53,61,37,28,54,30
Serpinb9b,0,1,1,0,0,1
Serpinb9c,0,0,0,0,0,0
Serpinb9d,0,0,0,0,0,0
Serpinb9e,0,0,0,0,0,0
Serpinb9f,0,0,0,0,0,0
Serpinb9g,0,0,0,0,0,0
Serpinc1,22,22,22,12,24,28
Serpind1,105,99,72,41,81,63
Serpine1,64,62,71,36,86,63
Serpine2,6177,7197,4502,2478,6525,5586
Serpine3,0,3,0,0,1,2
Serpinf1,93,135,49,39,112,90
Serpinf2,1,4,4,1,2,1
Serping1,100,170,55,27,142,133
Serpinh1,150,320,55,80,225,211
Serpini1,4684,5300,3844,1815,3340,3752
Serpini2,0,0,0,0,0,1
Sertad1,309,374,140,93,192,274
Sertad2,3225,3864,2137,1562,2411,2492
Sertad3,50,76,24,21,49,42
Sertad4,270,252,206,98,163,174
Sertm1,340,359,273,164,272,239
Sesn1,3723,4190,3063,1595,3076,3349
Sesn2,263,354,204,141,200,191
Sesn3,4796,5108,4792,1914,3625,3826
Sestd1,2094,2126,2131,1193,1689,1604
Set,1989,2200,1678,1112,1627,1472
Setbp1,1820,1791,2095,1121,1418,1467
Setd1a,1079,998,928,576,816,826
Setd1b,1642,1704,1668,762,1478,1387
Setd2,4699,4657,5145,2305,3813,3651
Setd3,3062,3629,3480,1842,2900,2834
Setd4,2758,3277,1879,1604,2265,2444
Setd5,9638,10904,10700,5874,8966,8859
Setd6,724,671,466,313,504,546
Setd7,2686,3126,2974,1349,2449,2380
Setdb1,2406,2461,2665,1376,2091,2096
Setdb2,501,612,374,193,366,348
Setmar,156,170,87,75,109,104
Setx,3482,3566,3898,1546,2857,2923
Sez6,7511,6724,5170,3193,4965,5405
Sez6l,4740,4645,4147,2170,3688,4015
Sez6l2,10258,9679,8844,3955,8337,8906
Sf1,5885,7495,6056,3177,5378,5373
Sf3a1,2440,2559,1914,1093,1906,1995
Sf3a2,1158,1092,765,476,865,923
Sf3a3,1346,1424,933,686,1185,1137
Sf3b1,21207,21428,19292,9461,16125,17855
Sf3b2,4801,4964,3846,2324,3987,4148
Sf3b3,5947,6524,4443,3124,4896,5015
Sf3b4,577,526,340,266,400,388
Sf3b5,1077,1100,560,516,632,666
Sf3b6,3262,3683,2162,1558,2437,2620
Sfi1,2535,2916,2104,1622,2411,2341
Sfmbt1,718,667,727,392,573,505
Sfmbt2,517,450,387,252,381,338
Sfn,20,23,23,10,23,23
Sfpq,18069,20162,19134,8638,17282,17496
Sfr1,1373,1415,937,612,935,917
Sfrp1,197,255,168,77,207,168
Sfrp2,45,41,28,11,41,37
Sfrp4,251,219,129,109,139,209
Sfrp5,25,19,12,3,17,12
Sfswap,5919,6347,6395,3679,5712,5267
Sft2d1,1949,2382,2873,1128,2575,2138
Sft2d2,174,234,221,115,247,147
Sft2d3,2079,1962,979,957,1298,1187
Sfta2,1,2,0,2,1,3
Sftpa1,0,0,0,0,0,1
Sftpb,0,0,0,0,1,0
Sftpc,6,6,6,2,5,1
Sftpd,0,0,0,0,0,0
Sfxn1,2606,2688,2273,1500,2191,2093
Sfxn2,622,695,566,312,601,578
Sfxn3,4419,4922,2929,2245,3918,4625
Sfxn4,1573,1653,992,745,1142,1237
Sfxn5,2477,3241,2085,1377,2411,2231
Sgca,4,2,6,3,8,4
Sgcb,3496,3441,2658,1592,2468,2551
Sgcd,3059,3516,2796,1342,2845,2917
Sgce,2244,2416,2232,1149,2067,1931
Sgcg,1,3,0,2,1,1
Sgcz,10283,11032,6293,5070,8040,8455
Sgf29,1561,1873,1318,900,1376,1599
Sgip1,13798,16134,10929,7763,12329,11892
Sgk1,3325,4952,4178,1420,3927,5931
Sgk2,188,164,128,85,148,139
Sgk3,2544,2930,2978,1209,2451,2426
Sgms1,4243,4550,4469,2158,3846,3843
Sgms2,28,32,15,13,29,20
Sgo1,10,8,1,2,6,7
Sgo2a,58,56,40,27,35,25
Sgo2b,19,14,5,3,11,14
Sgpl1,1246,1234,1053,632,1086,1037
Sgpp1,1112,1331,862,449,842,847
Sgpp2,1015,1265,803,408,858,900
Sgsh,98,71,61,30,68,62
Sgsm1,2568,2320,3550,1721,2677,3239
Sgsm2,3441,3805,3195,1911,3192,3289
Sgsm3,2414,2462,2083,1336,2112,2193
Sgta,3015,2963,3024,1323,2649,2869
Sgtb,2353,2270,1610,1049,1427,1463
Sh2b1,911,1066,883,516,830,854
Sh2b2,333,292,219,142,297,252
Sh2b3,510,489,491,259,450,445
Sh2d1a,11,15,3,6,9,5
Sh2d1b1,2,2,3,1,2,1
Sh2d1b2,3,2,0,1,2,1
Sh2d2a,1,0,2,1,2,0
Sh2d3c,514,616,352,258,376,333
Sh2d4a,22,19,11,10,13,10
Sh2d4b,62,63,101,43,50,89
Sh2d5,2443,2248,2684,1031,1962,2375
Sh2d6,68,68,45,38,47,47
Sh2d7,3,0,0,0,1,0
Sh3bgr,29,15,13,9,17,15
Sh3bgrl,711,709,390,324,420,428
Sh3bgrl2,1239,1601,951,710,761,836
Sh3bgrl3,1561,1643,1002,821,1106,1219
Sh3bp1,738,738,637,402,745,816
Sh3bp2,105,121,145,92,230,116
Sh3bp4,367,378,292,157,343,323
Sh3bp5,1928,2347,1849,1001,1878,1995
Sh3bp5l,964,1062,783,491,843,938
Sh3d19,2426,2431,2001,1341,2105,2017
Sh3d21,61,75,32,18,49,50
Sh3gl1,4467,5270,3561,2057,3924,4068
Sh3gl2,8394,10211,8462,4453,6719,7326
Sh3gl3,1026,1035,838,520,766,786
Sh3glb1,4790,5339,4465,2726,5030,4413
Sh3glb2,5279,4777,4071,2624,3748,3807
Sh3kbp1,3071,3416,2781,1722,3179,2970
Sh3pxd2a,1003,1051,1090,472,814,718
Sh3pxd2b,583,850,725,381,734,647
Sh3rf1,1936,2440,2065,1123,1918,2093
Sh3rf2,460,501,413,135,390,512
Sh3rf3,1144,1417,1426,638,1091,1145
Sh3tc1,24,29,45,29,56,41
Sh3tc2,105,122,97,50,123,75
Sh3yl1,432,528,387,187,325,336
Shank1,4613,4581,6086,3290,4588,3993
Shank2,3601,3581,3434,1796,2905,3305
Shank3,1712,2079,1792,968,1454,1442
Sharpin,2485,2758,1781,1346,2121,2251
Shb,143,133,117,67,99,103
Shbg,0,5,1,2,0,1
Shc1,422,510,399,225,445,423
Shc2,3851,4122,3108,1868,2962,2955
Shc3,1577,1961,2069,841,1601,1759
Shc4,326,404,362,209,380,397
Shcbp1,60,62,34,27,37,42
Shcbp1l,235,216,254,118,201,224
Shd,1348,1411,845,689,1006,1149
She,6,14,5,11,22,9
Shf,362,411,327,215,297,310
Shh,129,100,107,31,85,69
Shisa2,68,99,60,25,58,72
Shisa3,17,27,12,11,9,19
Shisa4,7005,7811,4041,3313,4890,4899
Shisa5,1085,1278,679,479,925,861
Shisa6,586,658,526,334,457,535
Shisa7,2962,2841,3244,1418,2393,2511
Shisa8,203,392,107,173,117,137
Shisa9,3923,4336,2927,1669,2939,3416
Shkbp1,1086,1333,1448,650,1217,1289
Shmt1,73,77,60,24,79,81
Shmt2,548,560,454,304,453,489
Shoc2,1511,1489,1556,780,1384,1379
Shox2,8,5,2,0,4,1
Shpk,238,258,152,89,156,173
Shprh,4962,4643,4935,2421,3740,3870
Shq1,340,400,306,194,320,357
Shroom1,455,458,271,189,330,287
Shroom2,1043,889,590,501,639,636
Shroom3,173,236,142,102,136,145
Shroom4,180,226,129,81,135,156
Shtn1,3569,3103,3708,1626,2894,3029
Siae,1000,1045,806,530,779,756
Siah1a,1042,1191,990,518,829,783
Siah1b,291,294,164,135,192,207
Siah2,881,1122,572,359,708,838
Siah3,204,204,205,126,195,197
Sidt1,5110,5935,4228,2566,4425,4742
Sidt2,2141,2224,1932,979,1780,1898
Sigirr,8,8,1,5,13,5
Siglec1,7,4,2,2,14,1
Siglec15,11,8,5,3,3,4
Siglece,15,24,12,8,14,17
Siglecf,14,5,34,20,43,9
Siglecg,11,10,7,4,6,3
Siglech,444,584,629,496,950,371
Sigmar1,3518,4198,2239,1742,2869,2917
Sik1,137,375,312,81,247,254
Sik2,3779,5981,7209,2266,6459,6968
Sik3,1901,2148,2795,1117,1848,1973
Sike1,2174,2355,2249,1039,2051,1941
Sil1,950,1147,726,426,807,741
Sim1,25,10,25,1,1,25
Sim2,26,17,5,13,16,12
Simc1,1586,1540,1150,773,1271,1340
Sin3a,813,855,861,362,680,735
Sin3b,1662,1720,1652,891,1475,1602
Sipa1,320,412,289,215,306,271
Sipa1l1,10902,11342,12346,5466,8501,9896
Sipa1l2,728,809,968,458,942,751
Sipa1l3,1426,1659,1319,855,1337,1398
Sirpa,7300,7417,5591,2924,5746,5205
Sirpb1a,0,0,0,0,2,0
Sirpb1b,0,0,0,1,0,0
Sirpb1c,1,0,0,0,0,0
Sirt1,349,376,440,169,316,289
Sirt2,1903,1921,1785,1048,1800,1845
Sirt3,3649,4282,2136,2011,2851,2915
Sirt4,2143,2187,1947,1062,1733,1895
Sirt5,2450,3027,1833,1350,2217,2300
Sirt6,867,798,534,456,678,656
Sirt7,5689,5168,4040,2321,3873,4049
Sis,0,3,2,3,1,1
Sit1,1,3,3,1,4,2
Siva1,466,638,321,269,418,405
Six1,10,18,1,6,7,8
Six2,3,3,0,0,2,2
Six3,338,262,252,103,236,252
Six4,137,132,131,58,82,108
Six5,28,45,12,8,21,38
Six6,1,0,0,0,0,1
Ska1,3,1,6,1,2,2
Ska2,278,241,257,134,196,147
Ska3,22,25,22,23,22,27
Skap1,113,144,108,118,127,103
Skap2,1162,1343,1366,686,1431,1063
Ski,1318,1221,1579,815,1239,1057
Skida1,115,108,73,53,76,68
Skil,1662,2383,2373,844,1915,1685
Skint1,0,0,0,1,0,0
Skint10,0,0,1,0,0,0
Skint11,2,3,1,2,1,1
Skint2,0,0,0,0,0,0
Skint3,1,0,1,0,3,0
Skint4,0,0,0,0,1,0
Skint5,0,1,0,0,1,0
Skint6,0,0,0,0,0,0
Skint7,4,3,0,0,1,3
Skint8,0,0,0,0,1,0
Skint9,0,0,0,0,0,0
Skiv2l,1816,1823,1745,988,1534,1626
Skiv2l2,1652,1709,1465,956,1364,1421
Skor1,8,2,7,2,11,7
Skor2,0,0,0,0,0,0
Skp1a,2283,2820,1475,1280,1652,1664
Skp2,1089,1370,1216,680,1263,1227
Sla,167,244,258,133,231,173
Sla2,30,37,22,15,26,22
Slain1,2691,3010,1859,1289,2172,2179
Slain1os,127,189,75,92,138,124
Slain2,1884,1990,2026,863,1608,1661
Slamf1,18,14,10,15,19,11
Slamf6,35,31,32,38,85,12
Slamf7,2,7,23,5,18,3
Slamf8,10,15,8,8,22,7
Slamf9,15,16,38,30,68,13
Slbp,768,891,494,403,608,581
Slc10a1,12,10,7,6,6,8
Slc10a2,1,0,0,0,0,0
Slc10a3,232,240,150,82,174,175
Slc10a4,273,109,196,16,80,90
Slc10a5,2,3,5,0,4,6
Slc10a6,0,6,1,2,2,4
Slc10a7,719,953,719,393,813,771
Slc11a1,60,97,189,139,333,79
Slc11a2,1968,1839,1665,958,1536,1724
Slc12a1,17,5,12,9,7,11
Slc12a2,2283,2325,2208,1077,2224,1985
Slc12a3,42,29,54,19,38,50
Slc12a4,196,313,140,113,247,202
Slc12a5,11831,10717,10788,4731,8624,9216
Slc12a6,3754,3593,3390,1850,2985,2749
Slc12a7,64,84,49,14,57,64
Slc12a8,59,77,61,34,36,54
Slc12a9,2248,2391,1474,1127,1869,1689
Slc13a1,4,4,2,4,6,7
Slc13a2,1,0,0,0,1,0
Slc13a2os,0,0,0,0,0,0
Slc13a3,113,260,90,41,174,151
Slc13a4,101,217,64,23,141,162
Slc13a5,455,598,255,218,386,367
Slc14a1,56,115,33,42,93,62
Slc14a2,6,4,9,1,5,6
Slc15a1,1,1,0,3,0,0
Slc15a2,275,768,446,190,462,348
Slc15a3,141,140,102,90,213,107
Slc15a4,903,1020,917,415,874,869
Slc15a5,6,8,3,6,3,7
Slc16a1,528,673,492,276,584,539
Slc16a10,356,427,492,235,414,308
Slc16a11,3576,3525,1855,1759,2519,2612
Slc16a12,113,138,87,43,108,125
Slc16a13,427,380,368,176,348,297
Slc16a14,479,536,408,245,417,359
Slc16a2,2390,2310,2141,945,1754,1807
Slc16a3,140,107,89,70,123,92
Slc16a4,22,28,11,21,22,21
Slc16a5,6,3,2,2,3,7
Slc16a6,749,747,873,384,658,526
Slc16a7,2876,3143,2704,1453,2229,2378
Slc16a8,5,4,0,2,2,2
Slc16a9,60,104,27,23,48,37
Slc17a1,0,0,0,2,0,0
Slc17a2,1,0,1,0,0,0
Slc17a3,1,1,0,0,1,1
Slc17a4,0,0,0,0,0,0
Slc17a5,2855,3180,2260,1166,2259,2499
Slc17a6,1242,1019,926,364,913,929
Slc17a7,10969,11674,10405,5857,9328,8706
Slc17a8,254,194,131,46,134,102
Slc17a9,47,51,63,32,80,32
Slc18a1,8,14,9,4,14,11
Slc18a2,113,53,54,27,42,49
Slc18a3,73,30,34,6,33,37
Slc18b1,1006,1016,662,459,827,805
Slc19a1,504,440,317,215,363,332
Slc19a2,769,871,665,391,564,643
Slc19a3,12,9,4,6,8,6
Slc1a1,5913,6535,6019,2669,5349,5825
Slc1a2,28108,37740,21237,15314,25236,27153
Slc1a3,5236,9487,2471,2460,6051,6237
Slc1a4,1142,1483,866,577,1011,1031
Slc1a5,82,91,86,55,119,135
Slc1a6,635,677,431,321,494,444
Slc1a7,3,2,3,2,2,1
Slc20a1,4886,5587,4430,2803,4581,4292
Slc20a2,1969,2152,1860,1088,1926,1776
Slc22a1,4,6,5,2,1,1
Slc22a12,2,3,1,1,0,3
Slc22a13,17,23,7,7,16,18
Slc22a14,0,0,0,0,0,0
Slc22a15,922,896,859,442,797,742
Slc22a16,0,1,0,0,0,0
Slc22a17,25957,25142,17192,9768,18932,20301
Slc22a18,15,30,15,8,22,18
Slc22a19,0,0,0,0,0,0
Slc22a2,15,28,10,3,27,13
Slc22a20,0,0,0,0,0,0
Slc22a21,203,177,159,83,172,167
Slc22a22,1,0,0,0,0,0
Slc22a23,2039,2401,1963,1135,1880,1792
Slc22a26,0,2,0,0,0,0
Slc22a27,0,0,0,0,0,0
Slc22a28,0,1,0,0,0,0
Slc22a29,3,3,1,3,2,2
Slc22a3,144,128,98,34,95,88
Slc22a30,0,0,0,0,1,1
Slc22a4,389,467,332,229,384,351
Slc22a5,921,1132,885,535,846,909
Slc22a6,56,129,31,15,94,78
Slc22a7,8,12,4,4,6,5
Slc22a8,119,194,57,65,181,131
Slc23a1,5,4,0,1,2,4
Slc23a2,6196,6919,6103,2844,5371,5331
Slc23a3,57,58,38,21,52,55
Slc23a4,46,31,29,22,23,21
Slc24a1,9,18,8,3,12,12
Slc24a2,19578,21228,19184,8498,15467,15416
Slc24a3,3072,3583,3267,1612,2756,2956
Slc24a4,3471,3369,3015,1284,2526,2962
Slc24a5,581,739,276,417,613,655
Slc25a1,1800,1610,1004,717,1320,1366
Slc25a10,371,377,293,164,349,291
Slc25a11,1978,1927,1148,935,1371,1351
Slc25a12,4456,4989,3846,2250,3622,3843
Slc25a13,697,668,627,260,614,690
Slc25a14,2064,2159,1524,842,1345,1335
Slc25a15,131,175,146,78,114,123
Slc25a16,2386,2455,1609,1192,1867,1811
Slc25a17,1258,1412,959,524,985,1027
Slc25a18,97,172,61,102,115,78
Slc25a19,871,1041,748,511,748,737
Slc25a2,6,4,3,5,4,3
Slc25a20,653,766,522,315,563,577
Slc25a21,11,20,8,8,10,14
Slc25a22,2309,2186,1741,1066,1612,1809
Slc25a23,8568,9154,6882,4722,7391,6660
Slc25a24,56,41,21,26,34,21
Slc25a25,3129,4987,3497,1362,3526,3323
Slc25a26,873,1008,859,505,791,738
Slc25a27,1548,1449,1553,776,1170,1300
Slc25a28,1062,948,994,540,783,705
Slc25a29,261,341,230,152,237,246
Slc25a3,10519,12691,10840,5323,9320,9744
Slc25a30,292,295,210,129,200,222
Slc25a31,6,6,8,4,2,6
Slc25a32,1065,1321,890,509,833,850
Slc25a33,874,1030,673,383,692,786
Slc25a34,66,107,21,26,48,65
Slc25a35,377,479,227,196,304,285
Slc25a36,6610,7264,7072,3200,5730,5708
Slc25a37,1414,1430,1661,690,1088,1184
Slc25a38,622,735,451,306,562,530
Slc25a39,1265,1261,820,650,973,973
Slc25a4,5209,4804,3643,2369,3237,3499
Slc25a40,1379,1596,1290,747,1217,1218
Slc25a41,0,3,3,1,1,3
Slc25a42,1571,1763,1396,830,1498,1685
Slc25a43,77,122,110,59,126,71
Slc25a44,1793,1769,1532,863,1453,1313
Slc25a45,115,118,119,65,149,68
Slc25a46,1889,1982,1849,902,1356,1286
Slc25a47,206,273,112,116,189,185
Slc25a48,16,9,5,4,8,5
Slc25a5,1620,1583,869,541,950,1072
Slc25a51,1196,1178,1129,594,915,976
Slc25a53,616,609,457,316,451,403
Slc25a54,1,4,0,1,3,1
Slc26a1,52,59,35,25,49,36
Slc26a10,361,405,299,131,323,320
Slc26a11,361,402,309,177,376,298
Slc26a2,638,734,499,262,472,476
Slc26a3,11,7,4,1,6,7
Slc26a4,268,274,213,136,198,156
Slc26a5,16,11,13,2,10,6
Slc26a6,263,263,196,129,214,260
Slc26a7,81,115,33,21,70,55
Slc26a8,340,379,279,204,273,230
Slc26a9,1,3,2,0,2,0
Slc27a1,2403,3033,1928,1281,2148,2398
Slc27a2,947,800,670,331,642,666
Slc27a3,219,192,141,83,203,170
Slc27a4,1833,1891,1682,780,1524,1417
Slc27a5,11,14,10,13,16,15
Slc27a6,1,1,1,1,6,0
Slc28a1,14,11,11,7,8,16
Slc28a2,8,6,3,1,4,2
Slc28a3,1,1,1,0,2,0
Slc29a1,1330,1208,896,541,1068,1015
Slc29a2,740,811,497,381,565,597
Slc29a3,465,491,439,251,548,354
Slc29a4,179,186,157,76,145,150
Slc2a1,1040,1316,681,535,1085,1004
Slc2a10,18,28,8,7,24,24
Slc2a12,76,86,39,34,62,64
Slc2a13,7378,8502,8637,3573,7636,8695
Slc2a2,10,13,5,9,8,9
Slc2a3,4771,4957,4614,1809,3998,4288
Slc2a4,5,15,4,4,12,11
Slc2a5,88,91,64,36,93,58
Slc2a6,2251,2339,1425,1238,1888,1844
Slc2a7,0,0,0,0,0,0
Slc2a8,2932,2843,1681,1333,2111,2078
Slc2a9,80,130,64,63,87,72
Slc30a1,814,827,640,326,613,512
Slc30a10,850,991,520,313,717,688
Slc30a2,2,2,1,1,6,7
Slc30a3,4467,4777,2808,2152,3062,3673
Slc30a4,1251,1303,1097,592,1005,981
Slc30a5,3237,3929,2635,1587,2756,2682
Slc30a6,1599,1780,1052,694,1217,1234
Slc30a7,1202,1362,1444,561,1120,1156
Slc30a8,2,3,2,1,2,0
Slc30a9,3387,3978,3705,1800,2909,3018
Slc31a1,434,465,363,204,384,338
Slc31a2,672,851,472,289,621,696
Slc32a1,5226,4008,2925,1400,3131,3476
Slc33a1,1585,1786,1181,640,1164,1308
Slc34a1,18,17,4,8,5,6
Slc34a2,0,0,1,0,2,0
Slc34a3,12,8,7,5,4,5
Slc35a1,1764,1944,1101,795,1214,1331
Slc35a2,2159,2325,1635,1051,1824,1815
Slc35a3,1127,1184,1273,567,1013,1026
Slc35a4,807,692,445,345,501,492
Slc35a5,2226,2363,1626,916,1561,1598
Slc35b1,3693,4261,2579,1850,3299,3489
Slc35b2,1077,1057,645,461,828,750
Slc35b3,2461,2756,1803,1196,1958,2210
Slc35b4,1811,1903,1709,800,1332,1402
Slc35c1,480,486,266,184,326,336
Slc35c2,1143,1133,838,481,876,950
Slc35d1,1293,1750,1260,607,1140,1266
Slc35d2,25,18,26,10,34,22
Slc35d3,580,469,285,134,271,342
Slc35e1,442,416,455,186,331,283
Slc35e2,3315,3574,2957,1368,2782,2989
Slc35e3,741,870,721,364,671,618
Slc35e4,497,568,357,212,392,365
Slc35f1,6513,7676,5565,3173,5629,6063
Slc35f2,120,102,75,32,71,79
Slc35f3,2249,2600,2258,1033,1834,1947
Slc35f4,3953,4668,3196,2194,3396,3282
Slc35f5,739,734,533,323,604,522
Slc35f6,1277,1514,1296,582,1195,1174
Slc35g1,165,233,137,78,124,143
Slc35g2,817,757,477,267,588,597
Slc35g3,4,2,0,1,0,1
Slc36a1,1196,1409,1228,572,1101,1216
Slc36a1os,0,0,0,0,0,0
Slc36a2,11,16,4,5,14,6
Slc36a3,0,0,0,0,0,0
Slc36a3os,0,0,1,0,0,0
Slc36a4,1313,1308,1356,537,965,1009
Slc37a1,512,520,422,245,365,386
Slc37a2,105,149,208,97,245,93
Slc37a3,1579,1696,1836,750,1354,1342
Slc37a4,1188,1165,833,572,888,855
Slc38a1,5533,5805,5730,2554,4949,4812
Slc38a10,1959,2108,1692,850,1825,1682
Slc38a11,35,34,20,19,63,40
Slc38a2,7226,11807,6718,3632,8500,8822
Slc38a3,965,1331,344,385,951,844
Slc38a4,43,27,15,22,25,31
Slc38a5,4,8,4,6,21,6
Slc38a6,2988,3378,2745,1656,2631,2707
Slc38a7,1388,1375,1248,649,1144,1164
Slc38a8,4,7,6,2,7,3
Slc38a9,5249,5759,4390,2660,4345,4350
Slc39a1,357,379,289,189,314,293
Slc39a10,9824,10147,7367,3654,6979,7482
Slc39a11,330,356,261,177,277,253
Slc39a12,356,579,193,131,383,395
Slc39a13,2193,2259,1569,1093,1813,1650
Slc39a14,1215,1472,1317,710,1229,1089
Slc39a2,1075,810,811,450,725,897
Slc39a3,1357,1283,1038,554,958,989
Slc39a4,4,1,7,2,13,4
Slc39a5,20,22,13,6,12,21
Slc39a6,1689,1690,1188,676,1205,1337
Slc39a7,1767,1833,1350,847,1551,1417
Slc39a8,75,89,67,53,89,64
Slc39a9,1274,1319,1207,555,1051,1111
Slc3a1,73,50,53,22,39,60
Slc3a2,5834,7542,4351,2543,5462,5105
Slc40a1,226,352,265,165,302,243
Slc41a1,781,854,769,255,629,729
Slc41a2,714,740,660,330,615,605
Slc41a3,125,130,78,46,109,84
Slc43a1,7,9,10,5,9,15
Slc43a2,3682,4198,3413,1816,3473,3366
Slc43a3,9,6,12,5,10,8
Slc44a1,5619,6889,5611,2757,5106,5553
Slc44a2,1981,1981,1716,1142,1802,1622
Slc44a3,2,2,0,1,4,0
Slc44a4,23,36,15,15,27,20
Slc44a5,973,1033,911,493,853,864
Slc45a1,3483,3816,3114,1622,3043,2907
Slc45a2,4,7,2,2,3,1
Slc45a3,31,29,13,18,21,17
Slc45a4,687,585,835,347,564,500
Slc46a1,251,325,185,105,248,215
Slc46a2,22,17,15,12,23,23
Slc46a3,306,411,277,182,364,304
Slc47a1,198,345,53,35,123,159
Slc47a2,7,5,1,1,5,0
Slc48a1,3206,3168,2543,1372,2438,2188
Slc4a1,2,0,3,0,0,2
Slc4a10,11487,12446,9799,5485,8613,9353
Slc4a11,169,126,122,35,100,149
Slc4a1ap,1030,1216,1125,592,916,924
Slc4a2,591,627,580,398,593,548
Slc4a3,8217,6694,7099,3400,6029,5817
Slc4a4,4710,6324,3742,2302,4179,4154
Slc4a5,2,7,4,1,0,5
Slc4a7,2859,3052,2911,1456,2674,2634
Slc4a8,4414,4648,3750,2237,3447,3451
Slc4a9,0,10,1,2,8,12
Slc50a1,8261,7641,4098,3890,5167,5711
Slc51a,1,5,1,2,3,4
Slc51b,0,0,0,0,0,0
Slc52a2,901,897,632,393,652,652
Slc52a3,8,17,2,6,12,12
Slc5a1,1,0,2,0,0,0
Slc5a10,5,5,7,0,1,2
Slc5a11,16,31,17,10,17,23
Slc5a12,4,5,3,1,4,5
Slc5a2,11,13,7,6,15,8
Slc5a3,1577,1886,2685,837,1912,1933
Slc5a4a,1,1,0,0,1,0
Slc5a4b,3,0,2,2,2,2
Slc5a5,301,355,185,127,216,231
Slc5a6,742,686,554,290,564,547
Slc5a7,507,248,255,39,185,193
Slc5a8,6,6,6,0,5,4
Slc5a9,3,0,0,0,0,1
Slc6a1,6840,7218,5784,2926,5941,6524
Slc6a11,733,1062,445,324,754,680
Slc6a12,10,15,2,3,4,11
Slc6a13,123,257,64,51,212,173
Slc6a14,0,0,2,0,2,1
Slc6a15,2019,1935,1461,844,1328,1326
Slc6a16,56,61,41,33,43,49
Slc6a17,7987,9002,9437,4297,7619,7619
Slc6a18,0,0,0,0,0,2
Slc6a19,5,3,0,1,5,3
Slc6a19os,0,0,0,0,0,0
Slc6a2,2,0,1,0,1,0
Slc6a20a,358,643,189,150,571,516
Slc6a20b,73,101,34,38,68,64
Slc6a21,3,3,7,3,4,4
Slc6a3,17,6,2,3,1,5
Slc6a4,0,2,1,1,0,0
Slc6a5,2,9,0,0,0,5
Slc6a6,11017,10707,8874,5324,8900,8749
Slc6a7,3026,3066,2563,1650,2578,2730
Slc6a8,2292,2760,2229,1304,2274,2452
Slc6a9,910,862,624,412,788,730
Slc7a1,1581,1806,1827,888,1655,1581
Slc7a10,982,1701,359,464,1049,1045
Slc7a11,1220,2062,624,565,1507,1449
Slc7a12,0,0,0,0,0,0
Slc7a13,1,0,0,0,0,0
Slc7a14,6464,6324,5114,2682,4720,5464
Slc7a15,11,7,7,4,6,6
Slc7a2,391,666,206,178,423,484
Slc7a3,649,521,444,333,479,454
Slc7a4,2673,2744,1521,967,1752,2083
Slc7a5,1563,1993,1347,825,1612,1484
Slc7a6,3200,2983,2467,1390,2408,2561
Slc7a6os,2109,2191,1392,1084,1561,1547
Slc7a7,66,109,100,72,177,68
Slc7a8,3251,3762,3130,1504,2871,2913
Slc7a9,0,0,0,1,0,0
Slc8a1,2598,4456,2637,2145,2903,2605
Slc8a2,9451,8978,6643,3545,6413,6908
Slc8a3,1885,1899,1688,789,1479,1460
Slc8b1,110,147,60,70,136,79
Slc9a1,1154,1151,1065,517,995,939
Slc9a2,173,163,135,49,105,119
Slc9a3,53,71,40,37,49,44
Slc9a3r1,172,293,103,109,206,226
Slc9a3r2,558,652,420,389,537,547
Slc9a4,28,32,13,18,6,25
Slc9a5,1533,1220,1072,565,955,1192
Slc9a6,2684,2354,2013,1043,1871,1910
Slc9a7,2040,2326,1880,922,1773,1775
Slc9a8,2080,2226,1899,1125,1684,1572
Slc9a9,3014,3642,2603,1820,2887,2653
Slc9b1,19,21,11,14,25,17
Slc9b2,385,457,321,184,319,384
Slc9c1,0,0,0,0,0,0
Slco1a1,0,0,0,0,0,0
Slco1a4,103,168,86,139,282,170
Slco1a5,0,3,1,0,2,0
Slco1a6,0,1,0,0,0,1
Slco1b2,10,10,5,2,7,5
Slco1c1,749,1525,299,378,923,1243
Slco2a1,97,123,92,31,90,114
Slco2b1,252,368,517,236,689,324
Slco3a1,2000,2214,2013,884,1644,1888
Slco4a1,175,203,120,96,142,183
Slco4c1,440,489,387,200,308,311
Slco5a1,608,606,530,258,454,488
Slco6c1,1,7,3,0,0,5
Slco6d1,0,1,1,0,0,1
Slf1,3305,3486,3119,1749,2735,2728
Slf2,5408,4934,5241,2696,4023,4081
Slfn1,1,0,3,1,5,1
Slfn14,1,0,0,0,0,2
Slfn2,24,36,41,30,60,23
Slfn3,3,1,0,4,4,1
Slfn4,4,1,4,1,0,1
Slfn5,10,18,19,31,89,13
Slfn5os,0,0,0,0,0,0
Slfn8,34,50,88,58,173,50
Slfn9,5,12,18,13,22,3
Slfnl1,2,4,1,3,2,4
Slirp,775,1249,671,452,877,954
Slit1,1615,1597,1444,777,1242,1271
Slit2,2344,2398,2229,1390,1806,1867
Slit3,10997,14085,9427,6042,9799,10770
Slitrk1,6107,6070,4755,2987,4005,4135
Slitrk2,1335,1243,840,483,847,811
Slitrk3,2961,2723,2161,1268,1926,1895
Slitrk4,3571,3394,2527,1250,2210,2366
Slitrk5,5196,4963,4096,2240,3807,4020
Slitrk6,103,55,82,15,50,65
Slk,1577,1306,1668,719,1136,1114
Slmap,4332,4439,3947,2195,3838,3833
Slmapos2,0,2,0,0,0,2
Sln,5,7,1,2,1,9
Slpi,10,10,9,8,15,14
Sltm,9174,10534,9643,4939,8805,8372
Slu7,594,623,479,355,517,517
Slurp1,5,4,2,5,3,3
Slurp2,0,0,0,0,0,0
Slx,0,0,0,0,0,0
Slx1b,2438,2711,1761,1268,2026,1930
Slx4,758,762,787,366,610,612
Slx4ip,1083,1223,983,552,909,1015
Slxl1,0,0,0,0,0,0
Sly,0,0,0,0,0,0
Smad1,1011,1447,1107,572,1053,1040
Smad2,1024,1178,1051,550,962,911
Smad3,1164,1304,1623,702,1153,1316
Smad4,966,941,1038,495,854,838
Smad5,785,837,880,445,774,728
Smad6,35,31,10,13,18,16
Smad7,1149,1792,1302,774,1516,1391
Smad9,258,280,261,122,180,185
Smagp,8,25,23,12,24,12
Smap1,6917,7654,5301,3815,5009,6096
Smap2,2699,4242,3676,1826,3557,2718
Smarca1,3464,3741,3417,1638,3118,3059
Smarca2,5801,5691,5416,3058,4798,4600
Smarca4,3612,3126,3116,1719,2576,2778
Smarca5,4174,4725,3811,1814,3362,3494
Smarcad1,3191,3136,3713,1374,2763,2840
Smarcal1,874,911,788,451,647,610
Smarcb1,2577,3019,2623,1285,2187,2182
Smarcc1,2742,2932,2422,1430,2414,2399
Smarcc2,4280,6184,3997,2822,5387,4556
Smarcd1,4267,4725,4339,2233,3804,3676
Smarcd2,647,783,502,350,606,652
Smarcd3,3491,3424,2274,1699,2630,2597
Smarce1,1377,1559,1479,699,1240,1194
Smbd1,0,0,0,0,0,0
Smc1a,2140,2363,1884,923,2125,1753
Smc1b,13,9,12,9,9,13
Smc2,1113,900,858,335,687,721
Smc2os,45,50,18,19,20,21
Smc3,2239,2193,2321,1036,1897,1874
Smc4,199,216,168,102,185,145
Smc5,4094,3732,4572,1935,3223,3321
Smc6,3343,4214,3214,1770,3223,2976
Smchd1,3535,3741,3831,1711,3282,3300
Smco1,11,7,13,5,6,7
Smco2,3,9,1,7,4,9
Smco3,103,124,64,43,90,124
Smco4,70,52,42,27,52,47
Smcp,0,0,0,0,0,0
Smcr8,480,482,462,199,375,371
Smdt1,1544,1572,1092,760,1068,899
Smg1,10485,10993,12133,5454,9405,9093
Smg5,4546,4602,3643,2491,3808,3580
Smg6,4387,3977,4901,1884,3277,3339
Smg7,1927,2101,2332,1084,1977,1988
Smg8,374,332,265,130,203,253
Smg9,2413,2766,1686,1498,2163,2075
Smgc,1,1,0,0,0,0
Smim1,128,129,74,71,95,108
Smim10l1,3051,3297,2132,1315,2116,2106
Smim10l2a,461,407,324,187,273,299
Smim11,264,345,179,189,240,219
Smim12,931,972,534,356,604,643
Smim13,5568,5941,3620,2475,3644,3682
Smim14,6026,7072,5720,3044,5739,5611
Smim15,370,355,255,184,255,252
Smim17,720,784,559,263,626,577
Smim18,309,276,167,117,188,204
Smim19,1642,1567,901,806,966,950
Smim20,1719,2260,1016,898,1453,1425
Smim22,10,4,2,2,3,3
Smim23,0,0,0,0,0,0
Smim24,86,63,50,31,47,53
Smim26,997,1012,455,488,612,620
Smim27,218,209,102,101,133,145
Smim3,47,90,47,31,79,72
Smim4,435,498,221,293,301,286
Smim5,11,5,1,2,6,5
Smim6,5,3,1,4,2,2
Smim7,1181,1356,783,594,894,908
Smim8,808,721,317,362,434,447
Smim9,3,0,4,5,3,1
Smkr-ps,10,19,5,7,3,7
Smlr1,4,1,1,2,2,2
Smn1,559,601,448,298,437,450
Smndc1,1344,1207,992,635,1050,1105
Smo,201,279,156,98,287,185
Smoc1,349,482,266,135,344,300
Smoc2,756,803,526,300,488,518
Smok2a,2,0,0,0,1,0
Smok2b,0,0,0,1,0,0
Smok3a,0,0,0,0,0,0
Smok3b,0,0,0,0,0,0
Smok3c,0,0,0,0,0,0
Smox,761,1172,718,492,1008,1040
Smpd1,2686,2567,1522,1007,1785,1851
Smpd2,569,577,340,215,424,413
Smpd3,2683,2800,2226,1030,1981,2103
Smpd4,2833,2932,3615,1476,2400,2570
Smpd5,45,32,38,42,75,29
Smpdl3a,677,883,363,282,509,508
Smpdl3b,360,371,241,90,246,308
Smpx,2,5,0,3,2,1
Smr2,0,0,0,0,0,0
Smr3a,0,0,0,0,0,0
Sms,3179,2822,2626,1500,2449,2520
Smtn,111,136,126,87,137,152
Smtnl1,1,0,1,0,0,0
Smtnl2,8,15,8,7,14,9
Smu1,1304,1197,1046,653,992,1009
Smug1,1023,963,847,471,795,830
Smurf1,1145,1149,1233,724,992,918
Smurf2,1165,1193,1303,608,1022,982
Smyd1,8,4,5,1,5,8
Smyd2,1544,1703,1264,713,1265,1192
Smyd3,2604,3058,2884,1480,2334,2396
Smyd4,1491,1607,972,747,1141,1062
Smyd5,1851,2135,1839,1075,1772,1649
Snai1,12,9,3,4,8,10
Snai2,34,27,30,17,27,36
Snai3,35,29,22,12,34,36
Snap23,1585,2154,1659,923,1687,1770
Snap25,39605,47754,33367,22470,36156,39535
Snap29,627,778,577,275,535,597
Snap47,3000,2763,2120,1279,1897,1973
Snap91,6092,6920,6364,3608,5611,5537
Snapc1,1954,1904,1716,868,1545,1578
Snapc2,756,662,500,287,507,513
Snapc3,3529,3886,3285,1961,3249,3205
Snapc4,2227,2259,2073,1180,1897,2003
Snapc5,775,929,512,388,571,618
Snapin,1823,1789,1001,861,1145,1118
Snca,3068,3343,2266,1591,2145,2204
Sncaip,771,816,570,343,787,679
Sncb,5168,5614,3402,2952,3952,3897
Sncg,13,11,10,5,15,15
Snd1,1956,2165,1943,970,1821,1816
Sned1,399,472,409,212,491,388
Snf8,2101,2340,1529,1177,1636,1607
Snhg10,824,1177,458,620,732,720
Snhg11,470423,467480,415128,236365,409151,399979
Snhg12,3107,3563,1861,1722,2529,2718
Snhg18,23,32,10,13,23,12
Snhg20,12204,14943,7325,7848,9744,9137
Snhg6,549,680,411,284,473,510
Snhg7os,0,2,5,1,0,2
Snhg9,86,61,23,70,43,49
Snip1,426,445,355,153,277,303
Snn,1334,1222,910,640,871,810
Snph,7923,9755,6576,4255,7099,7876
Snrk,1486,1796,1518,836,1310,1309
Snrnp200,1977,1690,1519,827,1249,1326
Snrnp25,266,343,171,119,204,209
Snrnp27,1225,1361,753,613,903,1020
Snrnp35,199,229,159,86,148,158
Snrnp40,2037,2331,1507,1055,1840,1679
Snrnp48,7975,9529,6997,4263,8084,7980
Snrnp70,46501,47252,34288,24897,39637,39113
Snrpa,2713,3046,1781,1523,2325,2372
Snrpa1,1253,1325,1092,731,1066,1047
Snrpb,2401,2795,1675,1294,1921,2143
Snrpb2,684,670,433,432,518,488
Snrpc,974,1191,829,513,835,766
Snrpd1,1393,1617,1028,689,1082,1250
Snrpd2,733,822,429,448,575,530
Snrpd3,1021,1099,564,493,781,781
Snrpe,1278,1341,843,682,912,979
Snrpf,591,687,450,323,405,467
Snrpg,1415,1641,857,755,1171,1150
Snrpn,4600,5434,3798,2863,3767,3561
Snta1,2972,3422,1938,1469,2277,2418
Sntb1,88,123,68,55,167,122
Sntb2,3654,4095,4365,1998,3722,4018
Sntg1,6551,7112,7032,3187,5327,5756
Sntg2,911,1094,764,482,692,726
Sntn,0,1,0,0,2,3
Snu13,1597,1795,1091,699,1139,1141
Snupn,854,898,504,419,714,633
Snurf,0,0,0,0,0,0
Snw1,2980,3158,1689,1280,2164,2528
Snx1,2606,3393,2496,1419,2616,2745
Snx10,3185,3473,3092,1705,2856,2458
Snx11,1117,1265,1171,564,1033,990
Snx12,658,907,724,335,635,626
Snx13,2484,2691,2216,1122,2003,1851
Snx14,4239,4695,3877,1715,3451,3569
Snx15,2131,2367,1350,1095,1582,1707
Snx16,1861,2431,1789,937,1734,1843
Snx17,1442,1457,1015,692,1159,1200
Snx18,1351,1609,916,787,1307,1029
Snx19,2415,2127,1992,797,1694,1658
Snx2,1284,1447,1173,633,1052,1087
Snx20,109,107,115,77,191,87
Snx21,2793,3150,2013,1378,2543,2371
Snx22,1191,1433,558,690,1182,1284
Snx24,1469,1511,1088,821,1223,1316
Snx25,526,544,611,308,497,471
Snx27,3141,3487,3077,1759,3049,2741
Snx29,2301,2537,2477,1313,2532,2248
Snx3,2792,3817,2400,1300,2430,2426
Snx30,3844,4449,3982,2212,4264,3532
Snx31,8,8,8,5,7,10
Snx32,5176,5322,3178,3005,4592,4654
Snx33,78,112,76,62,114,85
Snx4,1381,1472,1176,667,1188,1203
Snx5,1614,1912,1461,997,1568,1438
Snx6,2075,2311,1776,1056,1785,1790
Snx7,1204,1310,789,657,821,853
Snx8,300,334,297,177,408,324
Snx9,1154,1259,1070,603,1134,1198
Soat1,2119,2383,1881,920,2082,2161
Soat2,2,3,3,3,9,1
Sobp,2746,3242,2776,1839,2448,2210
Socs1,103,104,54,48,72,78
Socs2,3221,3850,2906,1868,2947,2915
Socs3,98,89,60,51,77,71
Socs4,814,897,692,366,599,574
Socs5,1137,1385,1288,617,920,944
Socs6,884,1005,912,496,819,797
Socs7,1969,2039,2202,1051,1789,1825
Sod1,961,1360,973,696,1038,958
Sod2,2601,3260,2833,1275,2172,2376
Sod3,66,122,44,52,149,83
Soga1,585,712,646,385,757,572
Soga3,10137,11301,9475,4829,8977,9612
Sohlh1,1,1,0,0,1,0
Sohlh2,0,0,0,0,0,0
Son,31279,28763,23798,15972,25295,24954
Sorbs1,7642,9764,8611,4379,7640,8527
Sorbs2,28138,30525,30126,14989,22502,24394
Sorbs2os,206,210,99,123,169,218
Sorbs3,329,377,237,167,346,327
Sorcs1,6080,7217,4849,3042,5717,5913
Sorcs2,2424,2687,1932,943,1874,2229
Sorcs3,3724,3594,2909,1660,2844,3065
Sord,426,440,368,248,337,272
Sorl1,9134,10106,8924,4689,7983,8121
Sort1,8414,9302,7706,3940,6716,7062
Sos1,1046,1042,1483,592,952,952
Sos2,605,636,755,331,539,517
Sost,13,25,10,12,10,6
Sostdc1,44,35,32,14,30,30
Sowaha,753,545,463,246,405,439
Sowahb,163,176,134,96,122,119
Sowahc,142,153,126,93,172,89
Sowahd,0,0,0,0,0,0
Sox1,203,237,228,117,182,203
Sox10,2107,2182,1065,924,1923,1495
Sox11,2366,2866,1853,1264,1955,2120
Sox12,1565,1712,897,915,1032,928
Sox13,44,72,38,32,79,48
Sox14,20,4,2,0,10,0
Sox15,6,8,6,2,3,5
Sox17,20,28,13,38,43,29
Sox18,40,29,11,47,29,16
Sox2,741,934,743,473,823,689
Sox21,65,136,25,56,90,88
Sox3,15,13,5,10,7,3
Sox30,31,26,14,17,26,28
Sox4,1006,1043,536,568,782,643
Sox5,4655,6025,4023,3028,4096,4386
Sox5os1,6,19,5,10,10,9
Sox5os2,0,1,0,0,2,0
Sox5os3,1,2,0,1,3,3
Sox5os4,0,1,0,0,0,0
Sox5os5,0,0,0,0,0,0
Sox6,1308,1687,1399,782,1528,1334
Sox6os,0,4,3,0,2,1
Sox7,15,26,8,14,13,7
Sox8,2414,3271,1918,703,2267,2726
Sox9,650,821,193,267,418,463
Sp1,905,931,771,510,739,716
Sp100,28,38,80,62,178,42
Sp110,37,59,90,64,146,41
Sp140,27,42,49,24,72,33
Sp2,239,219,186,129,175,172
Sp3,1465,1812,1471,900,1301,1336
Sp3os,225,235,167,131,180,146
Sp4,1571,1522,1496,688,1178,1098
Sp5,4,10,2,9,2,3
Sp6,16,31,11,18,19,15
Sp7,37,21,13,27,14,15
Sp8,25,44,21,34,27,15
Sp9,420,394,355,187,296,303
Spa17,135,152,72,58,106,93
Spaar,17,11,11,5,19,12
Spaca1,5,7,4,1,4,3
Spaca3,0,0,0,0,0,0
Spaca4,0,0,0,0,0,1
Spaca5,0,0,1,0,1,2
Spaca6,2821,3660,3393,1884,3062,2784
Spaca7,0,1,0,0,0,0
Spaca9,2,2,1,0,1,4
Spag1,898,816,949,425,668,774
Spag11a,0,0,0,0,0,0
Spag11b,1,2,1,0,2,0
Spag16,41,45,32,15,44,43
Spag17,26,24,23,13,23,29
Spag17os,1,0,1,0,0,0
Spag4,195,225,230,120,229,209
Spag5,353,365,342,237,258,263
Spag6,345,372,191,209,212,194
Spag6l,880,976,614,455,617,714
Spag7,528,566,338,263,379,392
Spag8,75,79,41,39,60,60
Spag9,11148,11897,11028,5496,9764,10105
Spam1,0,0,0,0,0,0
Sparc,828,1253,988,632,1740,878
Sparcl1,16243,19964,10697,7381,14708,13837
Spast,1857,2315,1845,1114,1830,1483
Spata1,254,298,220,139,249,232
Spata13,443,391,401,190,500,350
Spata16,3,2,1,2,1,2
Spata17,33,63,46,22,55,42
Spata18,4,3,1,1,0,0
Spata19,11,11,10,7,13,5
Spata2,708,630,619,294,470,487
Spata20,4,0,2,2,0,0
Spata21,33,22,16,8,15,16
Spata22,0,0,0,0,0,0
Spata24,621,629,405,309,482,414
Spata25,3,2,3,2,0,2
Spata2l,1125,1231,921,421,885,1022
Spata3,15,31,8,11,13,13
Spata31,1,0,0,0,0,0
Spata31d1a,11,7,8,2,4,5
Spata31d1b,1,1,2,0,1,2
Spata31d1c,1,0,0,0,1,0
Spata31d1d,3,8,2,4,4,3
Spata32,67,106,79,42,72,69
Spata33,582,523,402,228,354,315
Spata4,0,1,2,0,0,2
Spata45,1,1,0,0,2,2
Spata46,5,5,1,2,5,2
Spata48,134,119,62,68,65,82
Spata5,1332,1317,1454,637,1152,1204
Spata6,294,356,264,172,309,271
Spata7,6452,7150,4729,3465,5013,4833
Spata9,1,4,0,3,2,2
Spatc1,1,2,0,0,0,1
Spatc1l,2,2,1,3,6,2
Spats1,216,226,119,120,138,101
Spats2,731,906,669,448,626,596
Spats2l,3376,3416,2920,1793,2868,2717
Spc24,64,63,40,35,48,32
Spc25,6,5,6,3,11,12
Spcs1,3054,3551,1734,1181,2330,2162
Spcs2,3202,3794,2183,1388,2616,2530
Spcs3,2555,2788,2031,1146,1969,2050
Spdef,23,18,25,17,22,18
Spdl1,32,20,24,10,25,12
Spdya,72,89,68,60,58,64
Spdye4a,0,0,0,0,0,0
Spdye4b,3,5,1,0,0,0
Spdye4c,0,0,0,0,0,0
Specc1,4569,5238,5045,2226,4417,4384
Specc1l,3121,3145,2820,1570,2494,2496
Speer1,0,0,0,0,0,0
Speer2,1,2,2,2,2,1
Speer3,0,0,0,0,0,0
Speer4a,22,27,12,15,17,19
Speer4b,36,65,40,41,41,60
Speer4c,1,0,0,0,0,0
Speer4cos,0,3,0,1,0,2
Speer4d,0,0,0,0,0,0
Speer4e,0,0,0,0,0,0
Speer4f1,0,0,0,0,0,0
Speer4f2,0,0,0,0,0,0
Speer9-ps1,0,0,0,0,0,0
Spef1,125,114,82,75,88,75
Spef2,88,79,53,35,60,86
Speg,2995,2941,2898,1592,2465,2551
Spem1,2,3,2,2,2,3
Spem2,0,0,0,0,0,0
Spen,3247,3850,4016,1498,3180,3069
Spert,0,0,1,0,0,0
Spesp1,0,0,0,1,0,1
Spg11,1175,1187,1362,681,1070,973
Spg20,1068,1062,862,419,858,808
Spg21,666,646,394,243,471,451
Spg7,2583,2675,2247,1392,2224,2168
Sphk1,58,128,61,48,103,95
Sphk2,507,553,403,255,452,478
Sphkap,4492,4266,4349,1886,3076,3020
Spi1,90,131,151,103,257,89
Spib,2,3,0,0,2,5
Spic,0,0,0,1,0,1
Spice1,503,510,518,284,409,417
Spidr,76,119,109,46,120,94
Spin1,958,1119,803,528,764,850
Spin2-ps6,0,0,0,0,0,0
Spin2c,130,67,47,41,52,61
Spin2d,0,0,0,0,0,0
Spin2e,0,0,0,0,0,0
Spin2f,0,0,0,0,0,0
Spin2g,0,0,0,0,0,0
Spin4,35,37,16,20,19,20
Spindoc,1007,1309,1029,600,1005,962
Spink1,0,0,0,0,0,0
Spink10,737,884,386,345,496,651
Spink11,0,0,1,0,0,0
Spink12,0,0,0,0,0,0
Spink13,6,11,6,2,10,6
Spink14,0,0,0,0,0,0
Spink2,0,0,0,0,0,0
Spink4,0,0,0,0,0,0
Spink5,0,0,0,0,0,0
Spink6,0,0,0,0,0,0
Spink7,0,0,0,0,0,0
Spink8,58,77,33,25,47,65
Spinkl,0,0,0,0,0,1
Spint1,144,144,136,71,179,127
Spint2,1314,1397,762,500,885,824
Spint3,0,0,0,0,0,0
Spint4,0,0,0,0,0,0
Spint5,0,0,0,0,0,0
Spire1,4391,5518,5209,3109,4185,4397
Spire2,851,975,788,417,748,795
Spn,3,3,3,0,8,1
Spns1,4084,4032,2904,1788,3215,3269
Spns2,833,861,954,502,738,901
Spns3,29,22,19,13,20,10
Spo11,12,18,10,1,11,15
Spocd1,17,17,20,13,21,16
Spock1,9141,11078,9234,4773,8442,8715
Spock2,12694,12649,11175,5244,11268,10504
Spock3,7720,8248,5962,2463,5556,6755
Spon1,2467,2699,2024,1157,2057,2148
Spon2,0,2,9,3,5,0
Spop,4170,4179,3273,2161,3132,3078
Spopl,2597,3033,3299,1371,2497,2162
Spout1,1711,1682,1238,814,1408,1345
Spp1,127,220,128,76,486,182
Spp2,1,4,0,0,2,0
Sppl2a,3728,3733,3470,1742,3081,2997
Sppl2b,2244,1945,1650,1023,1768,1902
Sppl2c,0,0,0,0,0,0
Sppl3,2275,2350,2796,1673,1407,1740
Spr,440,533,302,242,371,360
Spred1,2451,3948,4928,1825,3279,3348
Spred2,1717,1964,2409,1054,1912,1990
Spred3,1875,2344,2387,1106,1943,2133
Sprn,2029,1877,1311,750,1194,1253
Sprr1a,4,2,4,0,0,0
Sprr1b,0,0,0,0,0,0
Sprr2a1,0,0,0,0,0,0
Sprr2a2,0,0,0,0,0,0
Sprr2a3,0,0,0,1,0,0
Sprr2b,0,0,0,0,0,0
Sprr2d,0,0,0,0,0,0
Sprr2e,0,0,0,0,0,0
Sprr2f,0,0,0,0,0,0
Sprr2h,0,0,0,0,0,0
Sprr2i,0,0,0,0,0,0
Sprr2j-ps,0,0,0,0,0,0
Sprr2k,0,0,0,0,0,0
Sprr3,0,0,0,0,0,0
Sprr4,0,0,0,0,0,0
Sprtn,1249,1242,798,578,894,975
Spry1,80,108,91,58,70,65
Spry2,443,660,398,226,407,451
Spry3,62,65,60,36,45,36
Spry4,119,252,224,86,203,210
Spryd3,1879,1875,1389,965,1399,1337
Spryd4,243,208,119,83,131,163
Spryd7,876,925,569,411,559,618
Spsb1,315,376,408,212,396,392
Spsb2,87,102,45,28,88,69
Spsb3,1212,1291,746,625,887,832
Spsb4,131,183,99,64,121,127
Spta1,0,0,0,0,0,0
Sptan1,17788,19185,15366,9614,14562,13939
Sptb,2707,2600,2200,1312,2010,2058
Sptbn1,20572,18696,19028,10154,15738,16045
Sptbn2,4943,5179,6386,2927,4949,5054
Sptbn4,8274,8708,9080,4391,7764,7858
Sptlc1,2535,2712,2136,988,2040,2063
Sptlc2,1980,2094,1942,938,1872,1662
Sptlc3,3,0,0,0,0,0
Sptssa,892,979,519,420,667,659
Sptssb,25,27,17,10,22,24
Spty2d1,729,760,472,275,513,501
Spx,121,76,108,52,92,98
Spz1,0,0,0,0,0,0
Sqle,1806,2050,2045,952,2038,1494
Sqor,46,64,39,29,81,28
Sqstm1,8817,9647,5673,3728,6375,6599
Sra1,2993,2909,2150,1403,2267,2326
Srarp,14,7,2,13,12,4
Srbd1,938,831,909,438,689,715
Src,1268,1286,1256,707,1016,1007
Srcap,5707,6704,5918,2852,5324,5354
Srcin1,8103,8191,9832,5009,8199,7593
Srd5a1,310,358,225,154,267,237
Srd5a2,1,2,0,3,2,0
Srd5a3,579,619,389,247,434,370
Srebf1,888,1064,572,407,774,702
Srebf2,4749,5163,5114,2408,4776,4401
Srek1,15500,17933,14831,7224,13725,14421
Srek1ip1,1210,1376,856,582,937,1020
Srf,401,455,489,226,326,337
Srfbp1,471,505,365,256,366,385
Srgap1,872,816,816,352,694,844
Srgap2,5813,6369,6253,3384,5925,5464
Srgap3,6847,6730,6602,3548,4971,5495
Srgn,39,67,49,64,121,33
Sri,1592,1678,1158,837,1222,1155
Srl,88,126,80,60,102,93
Srm,1387,1427,833,677,1027,1075
Srms,7,1,3,1,7,4
Srp14,1575,1983,1183,784,1288,1190
Srp19,1609,1950,1202,838,1377,1324
Srp54a,1380,1595,1469,568,1217,1243
Srp54b,207,330,203,111,182,218
Srp54c,246,324,201,115,218,230
Srp68,1227,1374,934,666,1030,1005
Srp72,1851,1849,1771,853,1531,1624
Srp9,2823,3054,1703,1274,1891,1865
Srpk1,5088,5343,5049,2715,4746,4544
Srpk2,12692,15030,10936,6847,10977,10925
Srpk3,635,458,395,301,539,444
Srpr,5322,5785,4224,2002,4360,4105
Srprb,225,293,231,140,262,210
Srpx,25,20,13,6,21,14
Srpx2,70,92,47,28,63,58
Srr,1579,1747,1530,841,1433,1454
Srrd,737,794,513,351,610,522
Srrm1,15475,16120,12271,7802,13042,13486
Srrm2,38474,32599,44009,17233,31905,31120
Srrm3,5024,5404,5124,3175,4859,4597
Srrm3os,12,18,17,16,13,16
Srrm4,5077,6112,5657,2895,5241,5121
Srrm4os,67,62,32,43,51,50
Srrt,6072,6645,6221,3308,5573,5656
Srsf1,10109,10148,7621,4687,7564,8241
Srsf10,9505,9845,6418,5299,7354,6778
Srsf11,31607,36243,28895,15442,26716,27380
Srsf12,1151,1033,812,528,822,827
Srsf2,9154,10706,8098,5483,8736,8931
Srsf3,4257,4721,3980,2314,3538,3564
Srsf4,1466,1879,1360,888,1383,1279
Srsf5,20455,16814,18067,8906,13735,16585
Srsf6,4161,4302,4541,2168,3614,4004
Srsf7,18989,22743,13100,8622,15727,17531
Srsf9,1644,1664,1507,794,1254,1424
Srsx,0,0,0,0,0,0
Srsy,0,0,0,0,0,0
Srxn1,545,657,479,278,407,433
Sry,0,0,0,1,0,0
Ss18,1133,1381,1019,583,1109,1136
Ss18l1,1696,1910,1617,969,1468,1521
Ss18l2,2238,3119,2204,1217,2122,2567
Ssb,4333,4837,3107,2149,3523,3648
Ssbp1,2926,3190,2096,1761,2431,2503
Ssbp2,8163,9007,6968,4519,7156,7463
Ssbp3,1369,1413,1598,1014,1218,1146
Ssbp4,3069,2342,1715,1448,1773,1943
Ssc4d,122,133,80,49,91,71
Ssc5d,158,152,170,107,143,141
Ssfa2,1626,1971,1541,885,1601,1607
Ssh1,955,1025,1070,568,863,755
Ssh2,4690,5559,5669,3018,5382,4977
Ssh3,1730,1508,1494,907,1243,1433
Ssmem1,5,6,4,2,8,4
Ssna1,3004,3207,1779,1465,2099,2443
Sspn,183,178,149,80,154,132
Sspnos,0,1,1,0,0,4
Sspo,48,43,71,40,74,46
Ssr1,3486,3511,2908,1476,2751,2740
Ssr2,1754,2087,1116,717,1387,1374
Ssr3,2202,2438,1948,914,1799,1708
Ssr4,7324,8419,4671,4038,6062,5968
Ssrp1,2218,2355,1832,1275,1845,2081
Sssca1,1426,1602,962,758,1149,1224
Sst,5477,6911,5149,3014,5818,4089
Sstr1,634,570,318,213,394,332
Sstr2,805,1006,657,352,661,799
Sstr3,356,382,257,177,222,258
Sstr4,1133,1446,660,615,844,1064
Sstr5,28,24,21,6,23,20
Ssty1,0,0,0,0,0,0
Ssty2,0,0,0,0,0,0
Ssu2,3,2,2,1,1,0
Ssu72,3335,3872,2538,1432,2540,2713
Ssx2ip,1211,1247,1114,658,931,806
Ssx9,0,0,0,0,0,0
Ssxa1,0,1,0,0,0,0
Ssxb1,0,0,0,0,0,0
Ssxb10,1,0,0,0,0,0
Ssxb2,0,0,0,0,0,0
Ssxb3,0,0,0,0,0,0
Ssxb5,0,0,0,0,0,0
Ssxb6,0,0,0,0,0,0
Ssxb8,0,0,0,0,1,0
Ssxb9,0,0,0,0,0,0
St13,4396,5473,3795,2092,4188,4412
St14,2,7,38,18,72,5
St18,1286,1329,1248,655,1129,1073
St3gal1,862,948,566,548,702,646
St3gal2,825,949,757,518,756,680
St3gal3,2374,3038,2176,1268,2469,2398
St3gal4,384,570,256,181,347,396
St3gal5,5820,5993,4295,2364,4081,3919
St3gal6,908,1343,955,664,1224,914
St5,676,845,551,358,669,636
St6gal1,1222,1649,1093,662,1455,1364
St6gal2,3059,3497,2492,1630,2224,2195
St6galnac1,1,0,2,1,0,1
St6galnac2,40,44,47,25,50,48
St6galnac2-1,8,4,4,8,7,17
St6galnac3,2529,3083,2019,1500,2114,2223
St6galnac4,973,1328,958,501,1007,1004
St6galnac5,3645,4153,2736,1873,2899,3163
St6galnac6,904,971,696,524,732,651
St7,3911,4607,3819,2065,3655,3984
St7l,3147,3632,2880,1427,2769,2867
St8sia1,1115,1265,1246,519,988,898
St8sia2,110,102,112,39,97,110
St8sia3,6091,5715,4515,1876,4172,4306
St8sia3os,204,213,89,61,127,166
St8sia4,979,1261,1329,563,1075,891
St8sia5,1636,1978,1561,885,1449,1646
St8sia6,119,93,196,95,215,96
Stab1,174,249,231,102,271,225
Stab2,40,46,40,14,30,38
Stac,174,181,178,51,173,184
Stac2,463,554,559,342,446,559
Stac3,591,721,472,331,544,628
Stag1,3814,3255,3954,1852,3085,3136
Stag2,1405,1487,1672,771,1311,1242
Stag3,56,73,63,32,69,47
Stam,2317,2447,2230,1189,1874,1942
Stam2,2155,2273,1876,1067,1819,1663
Stambp,1757,1839,1421,783,1427,1367
Stambpl1,1744,2248,1533,976,1698,1671
Stap1,45,33,18,20,30,39
Stap2,31,50,20,26,34,32
Star,74,104,114,53,100,105
Stard10,307,331,204,184,191,220
Stard13,577,714,572,282,589,675
Stard3,1276,1257,889,633,1071,1161
Stard3nl,2570,2652,2198,1221,2216,2166
Stard4,608,793,594,481,782,446
Stard5,1329,1348,1191,931,1445,1297
Stard6,21,20,21,10,23,15
Stard7,2737,2911,2714,1255,2193,2237
Stard8,764,875,672,476,577,635
Stard9,1715,2018,1884,1129,1930,1689
Stat1,651,737,737,450,1127,574
Stat2,2090,2137,2104,1331,2349,1763
Stat3,1083,1338,1313,729,1586,1133
Stat4,57,59,52,39,59,57
Stat5a,33,52,36,24,53,33
Stat5b,469,457,452,252,385,348
Stat6,246,317,369,155,307,255
Stau1,2197,2970,2192,1182,2292,2186
Stau2,2581,3083,2715,1389,2316,2390
Stbd1,15,24,11,6,12,10
Stc1,128,118,109,50,87,62
Stc2,72,63,61,43,48,56
Steap1,5,5,0,5,1,3
Steap2,476,557,406,218,339,362
Steap3,64,142,37,31,106,83
Steap4,6,3,2,0,0,1
Stfa1,0,0,0,0,0,0
Stfa2,0,0,0,0,0,0
Stfa2l1,0,0,0,0,0,0
Stfa3,0,0,0,0,0,0
Stil,44,50,48,46,55,39
Stim1,2786,2971,2867,1285,2387,2439
Stim2,1826,1891,1897,842,1562,1514
Stip1,1078,1419,1198,553,1151,1251
Stk10,537,652,722,409,764,699
Stk11,1025,1176,1183,556,929,866
Stk11ip,802,725,653,419,632,673
Stk16,2252,2056,1533,1090,1731,1762
Stk17b,111,174,104,65,162,121
Stk19,3908,4728,3718,2140,3970,3931
Stk24,1640,2134,1510,861,1642,1650
Stk25,5726,5812,5074,2851,4538,4970
Stk26,1045,921,828,412,675,771
Stk3,1563,1710,1295,779,1313,1442
Stk31,18,18,16,6,3,13
Stk32a,534,688,446,185,503,568
Stk32b,72,60,70,24,68,61
Stk32c,3536,3445,2461,1628,2373,2714
Stk33,32,58,30,31,38,44
Stk35,827,925,842,443,703,711
Stk36,236,277,220,134,253,260
Stk38,7040,7587,7023,3600,6558,6363
Stk38l,957,1094,913,525,894,991
Stk39,2195,2289,2084,1098,1854,2032
Stk4,1785,2069,2199,873,1902,1888
Stk40,1317,1803,1858,722,1632,1690
Stkld1,14,11,13,7,21,10
Stmn1,3220,3379,1845,2188,2377,1921
Stmn2,6244,7426,5607,3303,5619,4875
Stmn3,9432,12450,7367,4914,8829,7951
Stmn4,4929,5805,3761,2275,4138,3620
Stmnd1,2,3,0,2,5,1
Stn1,834,1003,575,433,602,637
Stom,70,103,36,30,67,46
Stoml1,1645,1803,1614,767,1446,1208
Stoml2,1035,1008,624,483,739,744
Stoml3,1,0,3,3,4,1
Ston1,38,75,40,21,59,62
Ston2,416,517,352,237,421,356
Stox1,409,441,338,183,309,302
Stox2,7351,7917,7780,3659,6364,6503
Stpg1,101,126,76,71,77,89
Stpg2,52,37,36,20,42,55
Stpg3,2,1,2,2,0,1
Stpg4,1,6,3,2,5,2
Stra6,51,72,29,34,37,41
Stra6l,0,3,2,0,3,2
Stra8,0,1,0,0,1,0
Strada,2455,2742,2632,1384,2049,1953
Stradb,1553,1590,1535,749,1332,1203
Strap,963,993,719,434,666,712
Strbp,11074,12018,14181,7178,10513,9581
Strc,14,18,8,7,9,12
Strip1,1674,1867,1714,933,1684,1735
Strip2,1878,1347,1506,529,1042,1154
Strn,4928,5558,3828,1981,3874,4368
Strn3,3479,3823,3913,2099,3297,3121
Strn4,5091,5332,4924,2677,4467,4615
Stt3a,2430,2795,2078,1119,2086,2146
Stt3b,3984,4649,3414,2029,3747,4045
Stub1,4833,5447,3406,2389,4020,4227
Stum,1550,1609,1568,697,1219,1355
Stx11,5,5,2,2,3,6
Stx12,3048,3575,2483,1574,2819,2726
Stx16,1507,1242,1348,781,1102,1106
Stx17,2417,2522,1663,1127,1798,1701
Stx18,2588,3103,1926,1240,2187,2372
Stx19,9,17,11,4,15,10
Stx1a,5163,5079,4210,3222,4456,4352
Stx1b,2805,3271,3013,1669,2818,2671
Stx2,1466,1604,1387,923,1300,1162
Stx3,3018,3327,2661,1707,2800,2704
Stx4a,1190,1580,1318,760,1541,1289
Stx5a,5109,6284,4511,2825,5285,5435
Stx6,2790,3183,3016,1547,2742,2611
Stx7,2911,3212,2295,1524,2355,2228
Stx8,758,923,675,449,673,672
Stxbp1,10561,10203,9587,5377,8169,7949
Stxbp2,1558,1629,1519,1018,1608,1274
Stxbp3,420,534,482,268,479,482
Stxbp4,1581,1733,1365,839,1387,1353
Stxbp5,4045,4201,4770,2493,3290,3232
Stxbp5l,9211,10942,9753,5146,7827,8345
Stxbp6,4050,4489,2655,2012,2993,3095
Styk1,16,11,26,5,15,35
Styx,2389,2859,2575,1225,2239,2200
Styxl1,196,212,92,81,131,118
Sub1,1971,2616,1614,1100,1516,1699
Sucla2,2713,2966,2213,1365,2246,2453
Suclg1,1341,1635,1156,727,1242,1254
Suclg2,209,264,236,133,226,163
Sucnr1,0,1,0,0,0,0
Suco,2461,2660,2747,1036,2326,2116
Suds3,3665,4862,3499,2127,3432,3523
Sufu,1138,1436,988,538,1059,1136
Sugct,81,121,56,55,103,86
Sugp1,3781,4329,3334,2210,3415,3219
Sugp2,5316,5259,4938,2855,4369,4223
Sugt1,1914,2051,1760,957,1543,1554
Sulf1,1471,1714,1268,789,1177,1227
Sulf2,2230,2694,2157,1339,2386,2235
Sult1a1,106,190,113,51,144,242
Sult1b1,0,0,0,0,0,0
Sult1c1,0,0,1,0,0,0
Sult1c2,0,0,0,1,0,0
Sult1d1,0,0,1,0,0,0
Sult1e1,0,0,0,0,0,0
Sult2a1,0,0,0,0,0,0
Sult2a2,0,0,0,0,0,0
Sult2a3,0,0,0,0,0,0
Sult2a4,0,0,0,0,0,0
Sult2a5,0,1,1,0,0,1
Sult2a6,0,0,0,0,0,0
Sult2a7,0,0,0,0,0,0
Sult2a8,1,0,0,0,0,1
Sult2b1,289,418,209,144,272,287
Sult3a1,0,1,0,0,0,1
Sult3a2,0,0,0,0,0,0
Sult4a1,3095,3191,2480,1489,2427,2355
Sult5a1,2,5,2,1,1,1
Sult6b1,3,1,2,0,4,1
Sult6b2,9,12,3,5,2,5
Sumf1,743,890,627,396,653,624
Sumf2,734,1012,540,408,655,571
Sumo1,2055,2241,1322,1168,1640,1616
Sumo2,2150,2305,1231,1094,1446,1468
Sumo3,760,679,478,367,459,430
Sun1,9246,9811,8657,4834,7726,7180
Sun2,2008,2027,1701,673,1468,1545
Sun3,0,2,0,0,0,0
Sun5,0,0,0,0,0,0
Suox,228,259,145,81,157,187
Supt16,2507,2516,2127,1057,1848,1929
Supt20,3085,3392,2939,1866,2995,2784
Supt3,1418,1730,1214,797,1421,1397
Supt4a,1170,1239,737,590,827,888
Supt5,3120,3318,3043,1697,2899,2881
Supt6,4322,4645,3501,1876,3275,3082
Supt7l,917,1024,668,446,779,717
Supv3l1,1522,1621,1121,764,1237,1274
Surf1,1201,1410,760,638,918,1032
Surf2,1028,1183,783,521,958,947
Surf4,1462,1488,975,528,1136,1087
Surf6,514,584,425,263,443,445
Susd1,1084,1238,934,589,839,865
Susd2,442,387,285,171,351,349
Susd3,71,101,96,66,139,57
Susd4,5291,5204,4801,2497,3894,4002
Susd5,267,258,191,105,243,212
Susd6,1966,2434,2125,1093,2131,2114
Suv39h1,524,551,521,213,470,447
Suv39h2,206,276,203,87,179,184
Suz12,900,939,973,449,868,720
Sv2a,12591,11734,9521,4712,9808,9503
Sv2b,11871,13990,10159,5733,9161,9952
Sv2c,2408,1971,1921,687,1792,1958
Sva,0,0,0,0,0,0
Sval1,0,0,0,0,0,0
Sval2,1,0,0,0,0,0
Sval3,0,0,0,0,0,0
Svbp,323,331,170,163,213,217
Svep1,64,86,50,26,70,67
Svil,734,916,651,389,811,703
Svip,1288,1199,836,675,855,879
Svop,5952,6525,4463,2681,4370,4909
Svopl,2,5,3,8,5,5
Svs1,0,0,0,0,0,1
Svs2,0,1,0,0,0,0
Svs3a,0,0,0,0,0,0
Svs3b,0,0,0,0,0,0
Svs4,0,0,0,0,0,0
Svs5,0,0,0,0,0,0
Svs6,0,0,0,0,0,0
Swap70,386,673,329,246,499,365
Swi5,2316,2874,2145,1208,2080,1918
Swsap1,168,201,84,61,104,111
Swt1,2805,3418,2876,1349,2866,3022
Syap1,975,1114,974,451,884,881
Sybu,5585,6052,4667,2643,4260,4565
Syce1,12,13,8,9,4,8
Syce1l,4,13,9,7,11,8
Syce2,28,37,20,24,22,11
Syce3,1,1,0,0,0,0
Sycn,0,0,0,0,0,0
Sycp1,0,2,0,1,0,0
Sycp2,150,178,182,68,133,157
Sycp2l,15,13,15,11,18,14
Sycp3,18,19,10,8,9,11
Syde1,162,170,92,75,102,127
Syde2,124,141,74,63,87,86
Syf2,929,969,661,511,727,701
Syk,131,131,144,85,215,125
Sympk,2440,2480,2361,1423,2246,2072
Syn1,3177,2998,2545,1603,2201,2453
Syn2,12408,13766,12064,5937,10181,10285
Syn3,2050,2419,2355,1013,1915,1955
Syna,5,18,2,4,11,3
Synb,1,0,1,0,1,1
Sync,74,73,47,27,52,50
Syncrip,2836,3320,3217,1511,2545,2546
Syndig1,1451,1575,1097,686,1101,1211
Syndig1l,1149,1083,761,308,630,717
Syne1,24328,24916,27195,11956,19551,21161
Syne2,757,781,671,419,750,644
Syne3,48,61,43,19,37,42
Syne4,260,314,286,154,245,262
Syngap1,3117,3127,3277,1774,2686,2992
Syngr1,5493,5845,4288,2687,4700,4065
Syngr2,141,202,156,98,260,155
Syngr3,4536,5486,3222,1650,3951,3880
Syngr4,0,3,1,0,2,1
Synj1,5772,5238,5878,2880,4528,4579
Synj2,1586,1779,2211,1134,2050,1897
Synj2bp,1667,2096,2019,1038,1679,1650
Synm,534,447,407,266,324,295
Synpo,3130,3232,2579,1227,2405,2666
Synpo2,127,152,93,54,117,150
Synpo2l,6,3,5,3,5,2
Synpr,2730,3233,2081,1326,2122,2085
Synrg,916,1148,1125,485,957,799
Syp,16363,16764,11347,6950,11654,12635
Sypl,2757,3141,2427,1221,2296,2120
Sypl2,99,159,56,76,90,106
Sys1,1006,1514,856,669,1014,855
Syt1,91062,87810,70208,35719,65377,67647
Syt10,1639,1832,1004,762,1001,1126
Syt11,22022,21732,16685,8018,16259,15511
Syt12,1146,1238,892,487,840,873
Syt13,3294,3531,3489,1542,2915,2737
Syt14,3615,4262,4068,1754,3232,3532
Syt15,1,3,1,2,3,2
Syt16,5536,5935,4810,2709,4065,4018
Syt17,1717,1823,1172,880,1190,1301
Syt2,1335,1359,1255,570,976,1104
Syt3,1906,1810,1348,803,1387,1317
Syt4,9337,9992,7805,3241,6948,7224
Syt5,6791,6564,4869,2238,4750,5004
Syt6,1301,1203,1167,628,1014,1067
Syt7,7685,7204,7726,4149,6228,5779
Syt8,3,2,0,0,3,0
Syt9,272,300,245,97,206,205
Sytl1,83,85,52,37,65,83
Sytl2,2646,2158,1987,1301,1749,1468
Sytl3,7,9,5,1,6,13
Sytl4,4,3,3,0,4,2
Sytl5,96,95,114,54,107,102
Syvn1,1992,2072,1769,825,1732,1923
Szrd1,394,461,445,235,411,395
Szt2,1889,1843,1753,906,1492,1485
T,4,0,4,5,7,1
T2,17,9,13,12,20,19
THSD8,0,0,0,0,0,0
Taar1,0,2,0,0,1,0
Taar2,0,0,0,0,0,0
Taar3,4,2,1,1,2,2
Taar4,0,0,0,0,0,1
Taar5,1,0,0,0,1,0
Taar6,0,0,0,0,0,0
Taar7a,0,0,0,0,0,0
Taar7b,0,0,0,0,0,0
Taar7d,0,0,0,0,0,0
Taar7e,0,0,0,0,0,0
Taar7f,0,0,0,0,0,0
Taar8a,0,0,0,0,0,0
Taar8b,0,0,0,0,0,0
Taar8c,0,0,0,0,0,0
Taar9,0,0,0,0,0,0
Tab1,453,404,310,218,324,345
Tab2,1429,1519,1736,890,1427,1299
Tab3,575,606,729,280,471,462
Tac1,3360,3455,2092,715,2288,2172
Tac2,506,598,428,313,598,518
Tac4,0,2,1,1,1,2
Tacc1,8329,9519,9088,4155,7933,7895
Tacc2,3172,3405,2634,1682,2608,2566
Tacc3,201,161,143,106,150,120
Taco1,628,693,299,261,417,425
Taco1os,70,61,25,41,26,33
Tacr1,261,214,221,77,180,179
Tacr2,21,23,9,6,20,10
Tacr3,98,64,74,16,76,55
Tacstd2,15,22,7,5,7,15
Tada1,1885,2286,1441,1123,1736,1659
Tada2a,3110,3247,2521,1528,2344,2545
Tada2b,168,162,144,96,128,112
Tada3,2118,2345,1640,1135,1764,1688
Taf1,1871,1732,2349,899,1698,1652
Taf10,555,850,503,413,578,528
Taf11,2109,2553,1384,999,1653,1896
Taf12,284,349,243,140,289,259
Taf13,585,761,317,240,446,411
Taf15,9069,9754,7464,4755,8013,8002
Taf1a,1506,1631,1397,678,1241,1256
Taf1b,2272,2653,2294,1169,1973,2166
Taf1c,1942,2255,1461,934,1714,1728
Taf1d,5498,5153,3965,3116,4856,4737
Taf2,1807,1684,1717,866,1354,1335
Taf3,1360,1496,1486,701,1341,1343
Taf4,468,370,515,188,337,381
Taf4b,314,382,310,181,275,296
Taf5,282,544,276,192,302,245
Taf5l,470,591,486,267,382,382
Taf6,2082,2530,1595,1012,1854,1917
Taf6l,1527,1502,930,695,1155,1074
Taf7,1098,1114,694,446,770,881
Taf7l,15,14,10,10,8,9
Taf8,1115,1307,706,524,962,1010
Taf9,529,671,438,210,429,479
Taf9b,337,390,214,147,265,272
Tagap,21,17,29,8,43,20
Tagap1,495,416,317,241,266,317
Tagln,23,52,12,9,48,41
Tagln2,54,48,32,38,64,31
Tagln3,2211,2865,1437,1248,1718,1765
Tal1,16,12,22,13,22,9
Tal2,4,4,1,3,1,1
Taldo1,1299,1469,842,569,974,1060
Tamm41,372,446,364,219,328,357
Tanc1,1177,1266,1271,639,1178,1218
Tanc2,15790,16785,15522,8563,13359,13203
Tango2,5421,6348,5434,3174,5401,5218
Tango6,480,574,474,267,458,483
Tank,1488,1625,1277,638,1092,1295
Taok1,3526,3651,4014,2101,3001,2873
Taok2,2745,3273,3110,1509,2812,2688
Taok3,3745,4119,3616,2050,3475,3383
Tap1,96,97,90,74,170,73
Tap2,463,523,265,225,509,382
Tapbp,490,574,489,272,607,426
Tapbpl,144,148,105,55,92,91
Tapt1,1330,1702,1390,836,1389,1219
Tarbp1,999,1081,1086,516,841,922
Tarbp2,3184,2740,1803,1586,2028,1767
Tardbp,8059,8583,8727,4524,7218,6931
Tarm1,2,3,5,2,2,4
Tars,666,745,695,309,584,571
Tars2,1578,1788,1702,834,1473,1373
Tarsl2,1581,1742,1479,808,1352,1273
Tas1r1,17,24,13,16,10,14
Tas1r2,0,0,0,0,0,0
Tas1r3,8,7,10,4,7,12
Tas2r102,0,0,0,0,0,0
Tas2r103,0,0,1,0,0,0
Tas2r104,0,0,0,0,0,0
Tas2r105,0,0,0,0,0,0
Tas2r106,0,0,0,0,0,0
Tas2r107,0,0,0,0,0,0
Tas2r108,3,18,11,5,8,3
Tas2r109,0,0,0,0,0,0
Tas2r110,0,0,0,0,0,0
Tas2r113,0,0,0,0,0,0
Tas2r114,0,0,0,0,0,0
Tas2r115,0,0,0,0,0,0
Tas2r116,0,0,0,0,0,0
Tas2r117,0,0,0,0,0,0
Tas2r118,0,0,0,0,0,0
Tas2r119,0,0,0,0,0,0
Tas2r120,0,0,0,0,0,0
Tas2r121,0,0,0,0,0,0
Tas2r122,0,0,0,0,0,0
Tas2r123,0,0,0,0,0,0
Tas2r124,0,0,0,0,0,0
Tas2r125,0,0,0,0,0,0
Tas2r126,5,7,11,3,13,6
Tas2r129,0,0,0,0,0,0
Tas2r130,0,0,0,0,0,0
Tas2r131,0,0,0,0,0,0
Tas2r134,0,0,0,0,0,0
Tas2r135,5,5,0,3,1,2
Tas2r136,0,0,0,0,0,0
Tas2r137,4,7,1,1,1,3
Tas2r138,0,0,0,0,0,0
Tas2r139,0,0,0,0,0,0
Tas2r140,0,0,0,0,0,0
Tas2r143,0,6,3,3,2,2
Tas2r144,0,0,0,0,0,0
Tasp1,2303,2568,1943,1144,1947,2173
Tat,2,0,1,0,0,0
Tatdn1,2587,3002,2918,1295,2406,2385
Tatdn2,458,579,591,257,421,348
Tatdn3,1841,1858,1699,903,1510,1607
Tax1bp1,4267,4393,4154,1853,3600,3713
Tax1bp3,155,176,93,85,133,110
Taz,8868,9067,6903,4378,7394,7176
Tbata,67,97,87,42,52,68
Tbc1d1,1423,2117,1797,893,1895,1848
Tbc1d10a,601,792,478,294,627,651
Tbc1d10b,1173,1385,1007,767,829,996
Tbc1d10c,61,61,56,28,40,50
Tbc1d12,883,1190,949,629,925,713
Tbc1d13,767,943,945,434,818,768
Tbc1d14,1500,1461,1420,793,1366,1234
Tbc1d15,1689,1681,1603,835,1338,1288
Tbc1d16,565,486,519,204,542,526
Tbc1d17,1905,1742,1474,1053,1638,1503
Tbc1d19,1950,2120,1825,968,1539,1768
Tbc1d2,647,836,668,325,686,733
Tbc1d20,1624,1646,1422,812,1270,1195
Tbc1d21,0,0,0,0,0,0
Tbc1d22a,855,914,731,513,918,853
Tbc1d22b,857,850,765,460,722,707
Tbc1d22bos,5,3,0,1,4,1
Tbc1d23,3640,4302,3865,1984,3441,3314
Tbc1d24,5597,5800,4558,3021,4555,4582
Tbc1d25,548,631,391,278,442,450
Tbc1d2b,678,816,769,358,659,620
Tbc1d30,3059,3252,2502,1380,2229,2304
Tbc1d31,771,964,989,487,919,794
Tbc1d32,1672,1683,1328,889,1275,1272
Tbc1d4,627,662,564,304,590,638
Tbc1d5,2317,2787,2455,1351,2306,2206
Tbc1d7,639,675,381,315,403,465
Tbc1d8,2205,2352,2301,868,1840,2029
Tbc1d8b,171,188,180,77,170,154
Tbc1d9,2763,3244,2992,1342,2455,2407
Tbc1d9b,2367,2422,1863,1248,1946,1785
Tbca,585,608,399,346,442,386
Tbcb,1002,1408,788,606,1071,1060
Tbcc,789,851,372,376,534,513
Tbccd1,710,855,666,394,743,579
Tbcd,1356,1368,1188,770,1220,1120
Tbce,7043,7312,5290,3895,5810,6072
Tbcel,2082,2456,2383,1238,1789,1789
Tbck,2663,2831,2828,1339,2337,2480
Tbk1,1910,1906,1829,998,1575,1587
Tbkbp1,738,636,700,432,593,556
Tbl1x,3049,3095,2777,1767,2536,2571
Tbl1xr1,2126,2282,2169,1066,1754,1555
Tbl2,706,826,636,307,544,600
Tbl3,1436,1586,1033,667,1284,1195
Tbp,2087,2292,1871,999,1734,1915
Tbpl1,1646,2008,1803,841,1327,1298
Tbpl2,0,0,0,0,0,0
Tbr1,1613,1526,1217,893,1150,1208
Tbrg1,1404,1629,1089,752,1196,1165
Tbrg4,508,559,423,278,510,525
Tbx1,2,3,2,7,4,2
Tbx10,0,2,0,0,1,0
Tbx15,15,17,9,9,20,6
Tbx18,32,67,19,14,43,44
Tbx19,0,1,1,0,1,0
Tbx2,16,19,10,6,10,13
Tbx20,0,1,0,0,0,0
Tbx21,1,9,0,4,1,0
Tbx22,9,6,8,7,8,3
Tbx3,6,19,10,26,34,10
Tbx3os1,9,12,4,9,24,24
Tbx3os2,0,0,0,0,0,2
Tbx4,0,3,1,1,0,1
Tbx5,0,0,0,0,0,0
Tbx6,34,66,57,27,48,61
Tbxa2r,17,20,4,7,19,9
Tbxas1,123,171,269,206,454,110
Tc2n,14,13,4,4,16,9
Tcaf1,9837,10943,10297,4286,8435,9193
Tcaf2,8,11,6,1,11,4
Tcaf3,0,1,0,0,0,0
Tcaim,1513,1746,969,776,1176,1164
Tcam1,10,8,7,9,6,7
Tcap,221,223,95,52,92,109
Tcea1,3525,4073,2521,1958,3071,3057
Tcea2,2992,3315,2140,1751,2583,2570
Tcea3,8,10,3,3,2,6
Tceal1,322,304,198,150,189,177
Tceal3,1959,1788,1281,979,1189,1191
Tceal5,3407,3835,2278,1934,2767,2855
Tceal6,1481,1285,841,727,831,823
Tceal7,36,28,20,11,20,14
Tceal8,416,430,239,177,245,275
Tceal9,1008,1223,631,481,721,724
Tceanc,184,201,130,82,145,119
Tceanc2,395,443,324,196,342,361
Tcerg1,4328,4497,3564,2289,3835,3965
Tcerg1l,709,777,624,345,709,739
Tcf12,4921,5618,5203,2772,4789,4557
Tcf15,7,19,18,7,14,10
Tcf19,78,81,39,38,34,40
Tcf20,2368,2029,2591,1238,1839,1898
Tcf21,0,0,0,0,0,0
Tcf23,0,1,0,1,2,0
Tcf24,15,10,9,8,7,6
Tcf25,15846,14906,13525,8660,13396,12171
Tcf3,1445,1386,1046,727,1114,1066
Tcf4,24541,29542,25935,15936,24138,22746
Tcf7,91,93,75,37,84,84
Tcf7l1,16,32,24,12,28,17
Tcf7l2,426,465,301,188,440,429
Tcfl5,21,23,15,7,16,9
Tchh,336,261,198,188,170,215
Tchhl1,0,0,0,0,1,0
Tchp,597,548,531,273,460,458
Tcim,25,79,28,26,77,48
Tcirg1,482,586,574,394,903,474
Tcl1,0,0,0,0,0,0
Tcl1b1,1,0,0,0,0,0
Tcl1b2,1,1,1,0,1,0
Tcl1b3,0,0,0,0,0,0
Tcl1b4,0,0,0,0,0,0
Tcl1b5,0,0,0,0,0,0
Tcn2,220,304,189,122,355,233
Tcof1,1065,1225,1019,525,939,911
Tcp1,3593,4007,3178,1490,2805,2985
Tcp10a,1,3,2,1,0,1
Tcp10b,9,13,25,9,14,24
Tcp10c,0,0,2,0,0,2
Tcp11,49,36,43,17,24,29
Tcp11l1,2450,2864,2098,1377,2257,2075
Tcp11l2,589,671,463,290,467,487
Tcp11x2,0,0,0,0,1,0
Tcrg-C1,0,1,1,0,1,0
Tcrg-C2,0,0,0,0,1,0
Tcrg-C3,0,0,0,0,0,0
Tcrg-C4,1,1,1,0,1,0
Tcrg-V1,0,0,0,0,0,0
Tcrg-V3,0,0,0,0,0,0
Tcrg-V4,0,0,1,0,0,0
Tcrg-V5,0,0,0,0,0,0
Tcrg-V6,0,0,0,0,0,0
Tcrg-V7,0,0,0,0,0,0
Tcstv1,0,0,0,0,0,0
Tcstv3,0,0,0,0,0,0
Tcta,2313,2793,1219,1130,1786,1770
Tcte1,63,61,34,25,28,38
Tcte2,748,901,789,458,727,698
Tcte3,285,280,144,133,161,235
Tctex1d1,17,24,10,7,11,16
Tctex1d2,1714,1771,980,785,1220,1225
Tctex1d4,1,1,2,1,1,2
Tctn1,1139,1267,1024,574,946,947
Tctn3,2910,2982,1906,1224,2198,2177
Tdg,1721,1692,1763,824,1309,1410
Tdgf1,0,1,0,0,3,1
Tdh,2,2,0,1,1,1
Tdo2,15,14,11,7,5,10
Tdp1,1083,1243,1158,590,1036,1025
Tdp2,1386,1544,1171,608,1140,1164
Tdpoz1,0,0,0,0,0,0
Tdpoz2,0,0,0,0,0,0
Tdpoz3,0,0,0,0,0,0
Tdpoz4,0,0,0,0,0,0
Tdpoz5,0,0,0,0,0,0
Tdrd1,26,16,18,11,14,16
Tdrd12,12,12,11,3,12,12
Tdrd3,1416,1703,1261,791,1305,1237
Tdrd5,524,572,431,277,481,383
Tdrd6,41,35,42,17,30,38
Tdrd7,1067,1150,1081,567,854,824
Tdrd9,28,31,29,12,19,21
Tdrkh,1110,1123,1011,603,918,865
Tdrp,461,521,494,196,343,317
Tead1,680,717,511,366,524,644
Tead2,36,41,24,16,32,26
Tead3,46,69,43,27,63,55
Tead4,4,3,1,7,10,10
Tec,49,72,138,84,194,59
Tecpr1,4327,4673,4268,2384,4070,3837
Tecpr2,1786,1735,2097,1022,1533,1428
Tecr,21164,22602,13191,9411,16399,16498
Tecrl,9,6,4,2,4,7
Tecta,7,12,14,7,4,9
Tectb,3,7,1,2,1,2
Tedc1,37,55,34,34,46,39
Tedc2,665,667,472,390,528,573
Teddm1a,8,4,5,1,8,5
Teddm1b,24,24,12,8,16,28
Teddm2,450,599,473,216,388,440
Teddm3,250,372,160,182,226,264
Tef,14090,15891,12838,5250,11982,12028
Tefm,286,294,185,132,193,209
Tek,29,29,10,32,51,20
Tekt1,46,51,43,15,37,45
Tekt2,69,65,47,46,61,58
Tekt3,0,0,0,0,0,0
Tekt4,8,11,4,3,4,15
Tekt5,75,77,51,33,46,34
Telo2,2079,2323,1678,1296,1919,1917
Ten1,1046,1058,824,545,877,784
Tenm1,9272,9020,8667,4173,7496,8409
Tenm2,7582,8867,6089,4524,6370,6262
Tenm3,4378,5603,3679,2492,3585,3775
Tenm4,9510,10243,9217,4935,8163,8164
Tep1,270,283,380,164,379,239
Tepp,16,12,12,8,19,13
Tepsin,408,440,382,251,399,398
Terb1,196,208,173,106,114,140
Terb2,1,1,0,0,0,0
Terf1,3655,4402,3036,1739,3301,3285
Terf2,705,808,697,377,567,561
Terf2ip,1677,1771,973,749,1147,1224
Tert,340,343,220,178,294,250
Tes,45,54,49,29,58,36
Tes3-ps,78,50,82,44,88,63
Tesc,1317,1272,819,613,927,1104
Tescl,4,2,3,1,2,0
Tesk1,555,526,519,316,374,377
Tesk2,738,808,544,310,602,556
Tesmin,5,3,3,2,2,4
Tespa1,20,10,20,12,30,18
Tet1,1013,1098,813,507,770,727
Tet2,4787,4697,5829,2503,4374,4476
Tet3,5511,6076,7814,2779,6025,6110
Tex10,2894,3798,2635,1378,2719,2855
Tex101,0,0,0,0,0,0
Tex11,0,1,1,1,5,2
Tex12,1,5,0,3,3,5
Tex13a,0,0,0,0,0,0
Tex13b,0,0,0,1,0,0
Tex13c1,0,0,0,0,1,0
Tex13c2,4,2,0,0,1,1
Tex13c3,0,0,0,0,0,0
Tex14,27,19,16,16,17,17
Tex15,150,154,196,43,107,122
Tex16,4,3,5,1,4,1
Tex19.1,0,0,0,0,0,1
Tex19.2,0,0,0,0,0,0
Tex2,820,699,794,377,624,588
Tex21,0,1,0,1,0,0
Tex22,10,12,5,9,3,9
Tex24,3,1,0,1,0,0
Tex26,64,53,36,29,32,25
Tex261,1990,2173,1451,967,1784,1737
Tex264,2317,2681,1500,954,1782,1823
Tex28,0,0,0,0,0,0
Tex29,3,2,1,1,0,1
Tex30,313,393,203,131,250,260
Tex33,0,1,1,0,0,0
Tex35,4,2,4,2,1,0
Tex36,1,0,0,0,0,0
Tex37,0,0,0,0,0,0
Tex38,3,3,0,1,1,1
Tex43,1,1,0,0,0,0
Tex44,0,0,1,0,0,0
Tex45,42,38,15,13,31,27
Tex46,0,0,0,0,0,0
Tex47,23,34,18,21,20,30
Tex48,0,1,0,2,0,0
Tex50,36,25,11,13,16,17
Tex52,184,174,179,99,197,100
Tex9,1348,1377,1225,722,1081,1027
Tfam,1106,1157,802,526,707,821
Tfap2a,7,6,1,3,4,4
Tfap2b,18,12,4,2,18,24
Tfap2c,3,7,3,5,1,5
Tfap2d,124,119,71,53,94,76
Tfap2e,0,0,0,0,2,0
Tfap4,105,102,67,66,71,81
Tfb1m,315,376,282,147,253,245
Tfb2m,1146,1234,815,509,854,904
Tfcp2,1947,2605,2044,1083,2041,1832
Tfcp2l1,50,96,36,23,56,60
Tfdp1,1035,1004,939,550,808,905
Tfdp2,3660,3760,3642,1726,3143,3058
Tfe3,1683,1971,1781,1017,1822,1557
Tfeb,199,230,200,129,257,197
Tfec,3,2,1,2,1,2
Tff1,0,0,0,10,0,0
Tff2,0,0,0,4,0,0
Tff3,0,0,0,0,0,0
Tfg,2128,2596,1441,1285,1716,1767
Tfip11,651,569,482,335,435,480
Tfpi,59,95,68,45,97,48
Tfpi2,2,1,3,0,1,1
Tfpt,1659,1940,1051,831,1333,1473
Tfr2,885,736,428,383,513,529
Tfrc,2798,2600,2810,1221,2245,2051
Tg,0,3,3,1,5,3
Tgds,319,350,273,143,238,236
Tgfa,1108,1126,742,370,872,846
Tgfb1,108,154,153,94,272,115
Tgfb1i1,716,975,773,501,750,669
Tgfb2,282,321,182,114,257,239
Tgfb3,280,324,262,157,207,201
Tgfbi,150,170,106,63,153,149
Tgfbr1,890,1284,1398,867,1980,1046
Tgfbr2,483,577,735,554,1247,330
Tgfbr3,1691,1943,1274,702,1535,1549
Tgfbr3l,163,192,146,113,141,135
Tgfbrap1,1866,2166,1562,1030,1651,1557
Tgif1,30,38,50,37,112,21
Tgif2,25,14,11,3,16,5
Tgif2lx1,0,0,0,0,0,0
Tgif2lx2,0,0,0,0,0,0
Tgm1,1,2,3,2,1,3
Tgm2,13,35,16,14,34,20
Tgm3,33,40,26,15,13,16
Tgm4,30,30,33,17,30,26
Tgm5,0,1,5,1,2,0
Tgm6,5,5,3,1,7,5
Tgm7,20,15,25,9,22,16
Tgoln1,2360,2618,2119,1016,2031,1815
Tgs1,3428,3776,2713,1600,2866,2838
Tgtp1,1,2,1,3,5,7
Tgtp2,0,14,5,7,24,7
Th,88,114,39,78,35,52
Tha1,720,766,594,382,616,553
Thada,713,701,763,382,615,650
Thap1,288,293,223,126,166,203
Thap11,368,376,215,171,236,222
Thap12,594,765,558,372,475,422
Thap2,1755,2200,1373,934,1417,1433
Thap3,3867,3989,2682,2124,3230,2694
Thap4,1313,1708,1261,706,1324,1320
Thap7,979,1111,740,459,832,908
Thap8,50,62,31,21,31,42
Thbd,91,168,43,33,114,83
Thbs1,53,109,53,17,56,52
Thbs2,131,162,88,47,99,85
Thbs3,833,659,657,336,540,579
Thbs4,49,121,54,44,99,106
Theg,52,54,27,33,37,33
Thegl,20,25,19,12,17,21
Them4,1220,1261,761,601,846,845
Them5,1,1,0,0,0,0
Them6,1722,1914,1129,658,1228,1253
Them7,0,4,0,0,0,3
Themis,3,5,3,2,11,5
Themis2,19,29,31,16,43,19
Themis3,0,0,1,0,0,1
Thg1l,212,204,187,94,153,166
Thnsl1,1402,1624,1391,592,1056,1209
Thnsl2,59,52,37,35,33,33
Thoc1,2342,1992,1440,1348,1646,1764
Thoc2,4887,4231,4644,2506,3720,3621
Thoc3,854,877,574,332,591,651
Thoc5,829,894,777,491,788,731
Thoc6,260,261,193,154,215,239
Thoc7,1568,1851,1516,992,1456,1417
Thop1,821,963,838,408,778,758
Thpo,315,302,331,203,210,229
Thra,7946,8136,7669,4450,6731,5835
Thrap3,4569,5156,4936,2665,4360,4301
Thrb,2949,3785,2941,1740,2665,2639
Thrsp,365,489,175,215,350,404
Thsd1,66,70,45,35,62,59
Thsd4,386,398,319,143,279,302
Thsd7a,4789,4865,4361,1857,4031,3841
Thsd7b,2750,3229,2170,1613,2500,2462
Thtpa,212,191,93,97,133,123
Thumpd1,1315,1270,837,522,854,906
Thumpd2,729,791,607,369,620,549
Thumpd3,1209,1410,1211,639,1104,1106
Thy1,10403,11490,14191,8664,17354,7752
Thyn1,1879,2013,1113,969,1403,1461
Tia1,20375,21894,19052,10837,17296,17566
Tial1,7041,7900,7606,3844,6410,7062
Tiam1,3117,2956,3058,1415,2346,2550
Tiam2,2266,2681,2293,1261,1791,2015
Ticam1,47,62,44,22,67,57
Ticam2,15,26,32,11,35,7
Ticrr,2,10,3,3,7,8
Tie1,10,21,5,22,27,11
Tifa,86,157,114,72,157,94
Tifab,58,80,76,71,136,64
Tigar,243,241,219,127,172,164
Tigd2,4153,4409,2339,1758,2913,3148
Tigd3,35,51,26,19,20,33
Tigd4,8,7,3,5,8,7
Tigd5,128,136,82,49,93,88
Tigit,1,3,1,2,3,1
Timd2,0,1,0,1,0,0
Timd4,1,0,0,0,3,2
Timeless,135,120,94,65,100,81
Timm10,476,609,253,265,329,326
Timm10b,2284,2966,1666,1460,2029,2157
Timm13,1787,2369,1113,1059,1450,1566
Timm17a,1865,1980,1456,1042,1460,1409
Timm17b,291,311,259,139,265,202
Timm21,1116,1270,739,486,790,856
Timm22,1049,1197,786,532,931,879
Timm23,2555,3326,1719,1466,2360,2298
Timm29,1067,1037,651,533,682,680
Timm44,3166,2788,2483,1615,2350,2248
Timm50,1006,1119,788,554,845,895
Timm8a1,270,288,146,125,182,189
Timm8a2,3,1,5,1,3,4
Timm8b,1482,1698,845,817,1039,1019
Timm9,10100,12393,7458,5690,9000,8658
Timmdc1,2868,3554,1646,1227,2417,2487
Timp1,7,25,11,6,13,14
Timp2,3517,3261,2891,1299,2853,2196
Timp3,1006,1525,698,428,1178,1126
Timp4,278,378,155,155,291,282
Tinag,1,2,0,1,2,2
Tinagl1,19,22,12,11,34,14
Tinf2,680,675,409,375,543,526
Tiparp,928,2798,1492,459,1535,1773
Tipin,756,865,351,369,475,416
Tiprl,2662,3208,2384,1139,2373,2285
Tirap,114,138,96,57,83,86
Tjap1,1216,1244,1062,663,1199,1318
Tjp1,7778,9121,7403,4240,6921,7102
Tjp2,364,384,325,218,371,354
Tjp3,11,9,8,2,4,6
Tk1,21,24,19,15,23,23
Tk2,867,1015,805,412,755,709
Tkfc,122,121,100,85,97,85
Tkt,2663,3180,1734,1193,2303,2079
Tktl1,0,0,0,0,1,0
Tktl2,9,3,11,4,2,3
Tlcd1,349,585,139,161,307,330
Tlcd2,204,376,208,162,301,334
Tldc1,438,580,336,215,434,441
Tldc2,2,1,0,0,0,0
Tle1,2051,2314,2246,903,1739,1875
Tle2,2774,2415,1892,1362,2188,2145
Tle3,610,769,816,343,726,662
Tle4,3323,3118,2616,1596,2338,2670
Tle6,197,215,109,103,113,158
Tlk1,3353,3804,2913,1846,2492,2627
Tlk2,982,1145,1174,630,980,856
Tll1,357,483,282,209,308,337
Tll2,70,63,37,38,50,53
Tln1,1474,1683,1224,811,1342,1224
Tln2,3054,3223,3215,1675,2460,2463
Tlnrd1,656,721,469,260,456,473
Tlr1,9,13,25,18,40,5
Tlr11,0,2,1,1,1,1
Tlr12,18,18,29,9,38,14
Tlr13,29,39,45,27,61,17
Tlr2,12,17,53,38,82,14
Tlr3,182,316,102,95,227,158
Tlr4,49,76,57,42,105,57
Tlr5,19,22,18,4,17,10
Tlr6,11,15,5,10,10,12
Tlr7,63,67,121,49,167,77
Tlr8,0,3,2,0,1,1
Tlr9,60,42,23,35,48,32
Tlx1,0,0,0,0,0,0
Tlx1os,0,0,0,0,0,0
Tlx2,0,0,0,0,0,0
Tlx3,0,0,0,0,1,1
Tm2d1,2727,3374,1540,1236,2230,2242
Tm2d2,1836,1973,1027,628,1290,1213
Tm2d3,2076,2450,1300,836,1775,1600
Tm4sf1,39,55,20,44,99,54
Tm4sf19,0,0,0,2,2,1
Tm4sf20,0,1,0,1,2,0
Tm4sf4,0,0,0,0,0,0
Tm4sf5,8,3,5,2,6,5
Tm6sf1,2774,3338,2464,1780,2579,2316
Tm6sf2,101,143,173,72,129,151
Tm7sf2,1061,1312,767,733,1159,888
Tm7sf3,1994,2020,1341,727,1533,1437
Tm9sf1,1850,2027,1265,805,1512,1451
Tm9sf2,4941,5481,3779,1754,3802,3983
Tm9sf3,4003,4404,3605,1785,3353,2935
Tm9sf4,4831,4630,4036,2007,4097,3899
Tma16,1342,1445,1191,688,1110,1228
Tma7,2187,2300,1396,1096,1537,1693
Tmbim1,1733,2111,1321,968,2079,1680
Tmbim4,2865,2938,1915,1052,2061,2061
Tmbim6,7830,8187,5571,2604,6454,6008
Tmbim7,0,0,0,0,0,0
Tmc1,48,49,32,25,25,32
Tmc2,1,0,0,0,3,1
Tmc3,61,45,41,28,65,60
Tmc4,513,616,603,283,585,572
Tmc5,7,10,6,3,14,5
Tmc6,193,158,144,104,143,133
Tmc7,661,880,587,379,687,623
Tmc8,46,42,23,31,24,39
Tmcc1,7399,8047,7330,3748,7242,7202
Tmcc2,615,600,483,287,452,429
Tmcc3,2207,2483,1784,1186,2386,1976
Tmcc3os,3,0,4,1,3,0
Tmco1,1837,1689,1098,751,1331,1291
Tmco2,2,0,0,0,0,0
Tmco3,1662,1845,1367,848,1362,1184
Tmco4,61,61,60,39,62,47
Tmco5,23,26,12,13,17,15
Tmco5b,3,2,2,3,1,2
Tmco6,1584,1848,1330,805,1435,1381
Tmed1,1147,1100,617,474,740,670
Tmed10,3241,4081,2765,1487,3432,2563
Tmed11,0,0,0,0,0,0
Tmed2,3426,3544,2158,1276,2596,2311
Tmed3,966,1040,644,412,825,671
Tmed4,3347,3153,2216,1320,2332,2342
Tmed5,1832,2558,1578,733,1991,1831
Tmed6,0,1,0,1,1,0
Tmed7,2796,3280,2181,1203,2189,2142
Tmed8,2501,2880,2076,1208,2086,2195
Tmed9,5937,6518,4115,2437,4683,4800
Tmeff1,1962,2183,1639,877,1476,1423
Tmeff2,11157,12322,8947,5379,9829,9468
Tmem100,196,304,101,114,246,171
Tmem101,845,836,419,301,551,575
Tmem102,1,3,0,2,1,0
Tmem104,600,751,566,296,637,541
Tmem106a,50,71,82,29,103,48
Tmem106b,3184,3234,2570,1355,2282,2268
Tmem106c,918,886,489,426,642,669
Tmem107,790,1043,604,411,704,867
Tmem108,4688,5596,4119,2999,4643,4485
Tmem109,1345,1559,1047,495,1304,1258
Tmem11,680,671,404,309,469,489
Tmem110,1593,1575,1159,752,1204,1194
Tmem114,66,44,27,20,32,28
Tmem115,881,870,506,301,631,635
Tmem116,824,882,512,414,587,570
Tmem117,720,947,650,458,660,712
Tmem119,226,351,257,116,362,212
Tmem120a,1151,1381,965,530,961,1063
Tmem120b,1106,1285,1081,614,1184,1147
Tmem121,789,810,502,296,556,583
Tmem121b,1898,2266,2001,913,1641,1553
Tmem123,310,315,213,142,292,254
Tmem125,203,216,126,87,160,126
Tmem126a,1236,1513,942,537,1059,1109
Tmem126b,601,647,546,293,476,478
Tmem127,2429,2693,2104,1060,2070,2033
Tmem128,1975,2345,1320,1025,1541,1597
Tmem129,541,696,453,238,429,459
Tmem130,6877,6312,4740,2557,5240,5066
Tmem131,4435,5771,4750,2822,3983,3707
Tmem131l,1855,2046,1755,921,1668,1640
Tmem132a,6322,6660,4706,2533,4727,5065
Tmem132b,3975,3536,3859,1769,2687,2792
Tmem132c,296,369,320,186,263,245
Tmem132cos,0,0,1,0,0,1
Tmem132d,5176,6653,4000,2989,4304,4165
Tmem132e,513,387,434,184,344,371
Tmem135,3819,4537,3738,2008,3651,3733
Tmem136,1236,1314,1054,580,911,863
Tmem138,1167,1403,869,572,1017,1035
Tmem139,1,1,0,0,0,0
Tmem140,48,69,63,33,126,53
Tmem141,487,465,255,261,360,290
Tmem143,1160,1117,758,541,853,813
Tmem144,318,401,242,169,343,304
Tmem145,6053,3995,3534,2427,3497,3663
Tmem147,3313,3689,2071,1584,2752,3004
Tmem147os,608,712,479,341,559,556
Tmem14a,1623,1660,977,627,1083,1148
Tmem14c,1033,1264,742,429,862,777
Tmem150a,511,495,529,354,440,425
Tmem150b,16,28,31,11,37,25
Tmem150c,1559,1487,1240,768,1205,1307
Tmem150cos,21,19,7,6,9,17
Tmem151a,7112,7273,5168,2474,4692,5154
Tmem151b,1041,1156,791,645,773,785
Tmem154,12,16,10,15,27,9
Tmem156,15,22,23,25,36,12
Tmem158,4959,4890,2779,1548,2961,3237
Tmem159,378,432,368,229,345,321
Tmem160,621,669,448,307,522,410
Tmem161a,1791,1818,1337,809,1410,1506
Tmem161b,3468,3812,3200,1693,2757,3138
Tmem163,1309,1624,1265,738,1508,1486
Tmem164,1287,1492,1106,620,1200,1229
Tmem165,3700,4535,2252,2112,3104,2588
Tmem167,4905,5331,3948,2593,3714,3698
Tmem167b,420,497,364,187,288,275
Tmem168,1422,1587,1100,638,1141,1183
Tmem169,697,727,490,330,478,526
Tmem17,362,366,184,129,223,220
Tmem170,425,598,331,156,347,388
Tmem170b,1540,1765,1576,857,1134,1241
Tmem171,7,2,3,1,6,3
Tmem173,69,94,80,56,106,57
Tmem174,15,25,7,10,7,19
Tmem175,1832,1912,1368,833,1420,1428
Tmem176a,318,485,184,181,467,270
Tmem176b,646,887,463,359,913,507
Tmem177,223,271,175,125,181,148
Tmem178,2899,3512,2581,1576,2652,2796
Tmem178b,2878,2866,3253,1521,2294,2106
Tmem179,4353,3866,2872,1734,3000,2957
Tmem18,1719,1633,1250,643,1091,1117
Tmem181a,12090,13250,9613,6545,9912,9927
Tmem182,3,5,0,1,1,4
Tmem183a,1217,1260,994,628,976,857
Tmem184a,3,9,5,4,3,5
Tmem184b,2059,1916,1455,936,1496,1257
Tmem184c,1816,2216,1315,801,1454,1562
Tmem185a,907,983,640,314,709,776
Tmem185b,736,706,386,212,457,508
Tmem186,557,580,456,286,416,354
Tmem189,871,1169,712,479,803,652
Tmem19,1826,1984,1295,745,1281,1305
Tmem190,2,0,0,0,0,0
Tmem191c,15613,12479,8676,6373,8702,11050
Tmem192,1022,933,719,491,769,606
Tmem196,1331,1470,884,708,895,874
Tmem198,1392,1784,1367,551,1227,1418
Tmem198b,418,478,321,210,419,380
Tmem199,2728,2983,1777,1502,2122,2017
Tmem2,1038,1136,1047,480,821,820
Tmem200a,1256,1531,1031,607,1204,1172
Tmem200b,102,90,41,34,57,63
Tmem200c,439,451,298,170,311,307
Tmem201,2753,2811,2860,1341,2487,2374
Tmem202,69,73,73,42,72,68
Tmem203,720,616,416,273,372,396
Tmem204,34,46,16,35,58,35
Tmem205,1801,1947,1078,750,1366,1195
Tmem206,553,656,400,313,483,430
Tmem207,2,0,0,0,0,1
Tmem208,4164,4970,2691,2139,3708,3939
Tmem209,1028,1016,891,408,749,682
Tmem210,0,0,0,0,1,0
Tmem211,1,1,0,0,0,1
Tmem212,4,0,2,0,12,5
Tmem213,0,0,0,0,0,1
Tmem214,3217,3474,3119,1707,2855,2777
Tmem215,389,388,291,133,297,261
Tmem216,713,823,412,281,450,605
Tmem217,2,1,1,1,1,1
Tmem218,573,690,388,293,425,367
Tmem219,595,651,464,406,576,389
Tmem220,44,45,18,16,37,19
Tmem221,0,5,2,0,3,1
Tmem222,1837,2023,1245,797,1413,1411
Tmem225,0,0,0,0,0,0
Tmem229a,930,1103,559,430,695,800
Tmem229b,475,490,426,226,389,350
Tmem230,866,996,702,348,635,667
Tmem231,690,787,586,327,545,576
Tmem232,99,108,110,68,80,67
Tmem233,0,1,0,0,0,0
Tmem234,5205,5352,4395,2487,4734,4565
Tmem235,1,0,1,0,0,1
Tmem236,8,5,5,4,4,8
Tmem237,1122,1099,713,516,852,784
Tmem238,206,247,145,122,194,158
Tmem238l,0,0,0,0,0,0
Tmem239,0,0,0,0,0,0
Tmem240,1117,1297,949,729,1020,1011
Tmem241,665,748,485,427,587,472
Tmem242,540,661,418,306,420,428
Tmem243,366,590,298,232,445,434
Tmem245,8131,8600,6840,3963,6605,6331
Tmem246,3410,3633,2123,1470,2407,2578
Tmem247,0,0,0,0,0,0
Tmem248,2310,2571,1917,1027,1931,1837
Tmem25,2440,2390,1814,1209,1721,1839
Tmem250-ps,653,650,456,370,436,407
Tmem251,1066,947,458,407,558,644
Tmem252,1,13,4,1,15,7
Tmem253,2,7,3,4,9,5
Tmem254a,6,4,12,5,5,8
Tmem254b,1,1,0,1,0,0
Tmem254c,4,5,4,1,4,3
Tmem255a,863,773,609,270,628,706
Tmem255b,103,139,47,40,94,80
Tmem256,2869,3374,1593,1647,2242,2233
Tmem258,1477,1870,863,773,1203,1297
Tmem259,2364,2205,2072,1223,1851,1810
Tmem26,25,13,19,6,16,36
Tmem260,4121,5007,3758,2240,3459,3486
Tmem262,0,0,1,0,1,0
Tmem263,1135,1479,1234,524,1025,1159
Tmem265,0,0,0,0,1,0
Tmem266,286,338,278,116,263,214
Tmem267,456,454,312,216,293,307
Tmem268,375,411,326,207,336,243
Tmem269,13,18,15,12,13,13
Tmem27,1,0,0,0,0,0
Tmem270,0,0,0,0,0,0
Tmem28,131,118,116,55,92,98
Tmem29,1941,2370,1909,996,1723,1804
Tmem30a,12797,12320,9809,4315,8684,8546
Tmem30b,4,9,1,1,1,3
Tmem30c,49,49,94,43,62,57
Tmem33,3259,3245,2790,1188,2389,2499
Tmem35a,1639,1720,1157,552,1273,1204
Tmem35b,116,114,97,85,93,85
Tmem37,39,85,51,26,77,41
Tmem38a,4541,5102,3903,1953,3761,3799
Tmem38b,570,613,565,267,466,519
Tmem39a,2039,2225,1378,889,1617,1723
Tmem39b,849,912,548,401,653,708
Tmem40,85,88,46,89,52,56
Tmem41a,558,564,357,191,411,423
Tmem41b,3760,3981,2547,1737,3019,2805
Tmem42,678,657,487,282,499,459
Tmem43,816,898,570,308,643,623
Tmem44,2650,3383,2946,1461,2693,2484
Tmem45a,6,12,4,5,14,6
Tmem45a2,7,6,5,3,4,5
Tmem45b,3,3,2,1,2,1
Tmem47,2199,2315,1417,786,1623,1504
Tmem5,1809,1782,1094,813,1223,1212
Tmem50a,4146,4401,2715,1463,3320,2897
Tmem50b,1159,1278,940,530,906,926
Tmem51,43,86,36,37,55,45
Tmem51os1,10,21,10,11,17,7
Tmem52,8,11,9,8,14,17
Tmem52b,0,0,0,0,0,0
Tmem53,238,260,124,111,160,157
Tmem54,0,1,2,1,2,1
Tmem55a,1808,2344,1319,914,1614,1675
Tmem55b,5579,6323,4729,2810,5127,4872
Tmem56,1741,2071,1678,862,1450,1433
Tmem57,7235,7645,5874,3707,5963,5481
Tmem59,5592,6504,4031,2008,4756,4757
Tmem59l,11279,11520,6654,3854,8138,8798
Tmem60,2635,2395,1387,847,1584,1782
Tmem61,2,0,0,0,2,1
Tmem62,1773,1893,1383,813,1311,1389
Tmem63a,1080,1068,932,498,1157,914
Tmem63b,7058,7407,5962,3421,6216,5919
Tmem63c,2836,2821,1837,1544,2174,2244
Tmem64,1447,2057,1088,758,1152,1137
Tmem65,2294,3051,2311,1470,2018,2016
Tmem67,1985,2230,2093,883,1591,1783
Tmem68,1518,1699,1077,715,1103,1112
Tmem69,573,600,304,282,374,411
Tmem70,806,867,555,329,565,585
Tmem71,16,14,19,14,39,11
Tmem72,53,57,34,46,36,50
Tmem74,383,399,276,183,289,305
Tmem74b,210,177,125,96,128,119
Tmem74bos,48,44,51,31,38,33
Tmem79,222,166,76,91,102,109
Tmem8,440,415,421,257,303,280
Tmem80,2825,3215,1816,1536,2456,2205
Tmem81,68,81,61,49,50,64
Tmem82,11,13,6,9,6,6
Tmem86a,665,732,325,299,507,424
Tmem86b,628,410,627,270,487,509
Tmem87a,2385,2571,2433,1089,2035,2066
Tmem87b,3481,3613,3065,1614,2979,2770
Tmem88,191,162,89,73,107,114
Tmem88b,522,632,352,324,475,410
Tmem89,2,5,6,4,6,4
Tmem8b,799,953,842,477,631,677
Tmem9,2219,2357,1570,900,1757,1644
Tmem91,4149,4222,2778,1799,3324,3455
Tmem92,0,0,0,0,0,0
Tmem94,1443,1348,1123,656,973,1033
Tmem95,0,0,0,0,0,0
Tmem97,1160,1228,699,397,939,792
Tmem98,310,365,199,185,311,197
Tmem9b,2400,2735,1538,963,1751,1709
Tmf1,988,1118,1052,553,845,820
Tmie,66,79,51,28,60,67
Tmigd1,0,0,0,0,1,1
Tmigd3,4,3,2,1,4,0
Tmlhe,374,455,331,186,367,367
Tmod1,2756,2859,2331,1436,2234,2185
Tmod2,7402,9221,7667,4029,6857,7233
Tmod3,2680,3168,2404,1347,2527,2523
Tmod4,5,11,6,1,6,7
Tmpo,974,1091,888,529,919,827
Tmppe,206,223,182,105,182,130
Tmprss11a,5,3,6,3,6,3
Tmprss11b,0,0,0,0,0,0
Tmprss11c,0,0,0,0,0,0
Tmprss11d,0,0,0,0,0,1
Tmprss11e,0,0,1,0,0,0
Tmprss11f,1,0,0,0,0,0
Tmprss11g,0,0,0,0,0,0
Tmprss12,0,0,0,0,0,0
Tmprss13,1,0,1,0,0,0
Tmprss15,1,1,1,0,0,1
Tmprss2,0,2,1,0,3,0
Tmprss3,0,1,0,0,0,0
Tmprss4,5,7,4,2,3,6
Tmprss5,56,58,59,43,57,52
Tmprss6,25,32,9,12,17,31
Tmprss7,51,68,52,32,58,58
Tmprss9,81,66,58,25,48,62
Tmsb10,5582,5228,2624,2888,3258,2787
Tmsb15a,0,0,0,0,0,0
Tmsb15b1,62,63,36,37,41,36
Tmsb15b2,63,39,19,23,21,29
Tmsb15l,18,25,10,8,16,14
Tmsb4x,4088,5125,2607,2781,3512,2825
Tmtc1,2285,2817,2616,1193,1852,1882
Tmtc2,2888,3388,2258,1466,2936,2728
Tmtc3,1906,2185,1542,947,1592,1630
Tmtc4,505,482,420,278,417,353
Tmub1,539,540,329,190,386,336
Tmub2,1488,1603,1196,657,1277,1130
Tmx1,2371,2750,2047,891,1991,1891
Tmx2,6805,6530,3948,2587,4834,4794
Tmx3,4210,4535,3166,1788,3448,3475
Tmx4,15071,14713,10975,5501,11042,10497
Tnc,41,62,27,27,57,36
Tnf,2,17,8,2,13,3
Tnfaip1,776,855,681,381,682,721
Tnfaip2,23,19,19,15,21,12
Tnfaip3,127,204,176,73,180,137
Tnfaip6,1088,1458,984,455,1229,1174
Tnfaip8,94,166,102,60,143,102
Tnfaip8l1,101,101,63,44,79,84
Tnfaip8l2,24,47,35,35,69,24
Tnfaip8l3,198,193,150,71,112,145
Tnfrsf10b,12,11,7,8,10,8
Tnfrsf11a,196,257,220,133,226,174
Tnfrsf11b,75,117,45,22,68,41
Tnfrsf12a,76,168,97,44,99,122
Tnfrsf13b,36,25,17,20,26,13
Tnfrsf13c,10,9,4,5,7,2
Tnfrsf14,5,8,10,10,21,7
Tnfrsf17,21,32,22,14,50,17
Tnfrsf18,22,41,16,16,23,31
Tnfrsf19,1464,1594,1170,722,1148,1059
Tnfrsf1a,112,173,74,72,191,103
Tnfrsf1b,67,80,56,30,102,54
Tnfrsf21,2729,3361,2925,1187,2811,2684
Tnfrsf22,71,63,41,32,65,56
Tnfrsf23,117,122,137,47,124,135
Tnfrsf25,189,307,426,126,316,411
Tnfrsf26,5,2,3,1,1,0
Tnfrsf4,120,121,81,69,71,84
Tnfrsf8,77,92,36,37,53,50
Tnfrsf9,161,254,80,90,99,148
Tnfsf10,23,23,15,15,28,8
Tnfsf11,2,4,1,0,5,4
Tnfsf12,15,32,13,17,20,13
Tnfsf13,42,81,29,16,43,56
Tnfsf13b,164,167,174,128,170,99
Tnfsf13os,9,13,11,7,9,11
Tnfsf14,0,1,1,0,1,0
Tnfsf15,2,2,2,0,2,2
Tnfsf18,0,0,2,1,0,0
Tnfsf4,0,0,0,0,0,0
Tnfsf8,11,17,87,60,175,8
Tnfsf9,50,38,26,23,47,52
Tnfsfm13,33,69,21,22,60,26
Tnik,17215,18166,16978,9201,14085,14289
Tnip1,466,468,335,216,426,415
Tnip2,2196,2069,1550,1026,1829,1606
Tnip3,7,8,3,1,5,6
Tnk1,10,8,4,6,7,7
Tnk2,1859,1666,1812,1008,1407,1293
Tnk2os,1,4,0,2,3,1
Tnks,4084,4450,4782,2002,3711,3702
Tnks1bp1,939,963,953,492,885,884
Tnks2,6614,7177,6206,2911,5618,5526
Tnmd,10,11,4,6,10,8
Tnn,4,6,6,4,8,2
Tnnc1,84,120,80,67,114,77
Tnnc2,1,1,0,2,4,0
Tnni1,411,374,236,235,359,223
Tnni2,2,2,10,6,10,1
Tnni3,24,22,15,10,18,19
Tnni3k,44,53,35,15,41,32
Tnnt1,39,24,12,9,32,17
Tnnt2,146,184,155,95,112,129
Tnnt3,0,2,1,0,0,1
Tnp1,0,0,0,0,0,0
Tnp2,0,0,0,0,0,0
Tnpo1,3054,3354,3241,1589,2674,2587
Tnpo2,1455,1398,1644,744,1355,1302
Tnpo3,3607,4216,4006,2062,3472,3432
Tnr,7437,8994,8848,3617,7035,7146
Tnrc18,3142,3219,3155,1666,2773,2418
Tnrc6a,7887,7664,8157,3803,7087,6862
Tnrc6b,7858,8400,9047,4326,6942,6652
Tnrc6c,6760,8095,7858,4533,5921,5395
Tns1,270,385,323,242,396,316
Tns2,179,183,113,86,182,178
Tns3,475,557,707,410,826,600
Tns4,68,55,21,30,29,39
Tnxb,147,162,109,54,120,134
Tob1,2358,2422,1480,784,1352,1396
Tob2,1402,1638,1065,483,1069,1086
Toe1,414,393,274,186,281,287
Togaram1,1552,1836,1956,854,1504,1440
Togaram2,146,135,141,80,135,151
Tollip,696,831,744,381,563,606
Tom1,656,737,515,392,657,625
Tom1l1,1443,1774,1164,867,1282,1197
Tom1l2,3423,3983,3460,1940,3177,3102
Tomm20,3912,4145,3210,1553,2927,2688
Tomm20l,0,0,0,0,1,0
Tomm22,1654,1784,994,802,1204,1289
Tomm34,1401,1524,1198,706,1132,1122
Tomm40,3344,3675,3027,1730,3261,3159
Tomm40l,856,903,765,525,731,721
Tomm5,793,845,444,343,501,506
Tomm6,751,1124,656,492,827,809
Tomm6os,464,604,324,314,374,357
Tomm7,915,850,489,582,578,568
Tomm70a,4672,4650,4664,1970,3454,3673
Tomt,14,16,9,8,20,17
Tonsl,195,194,181,119,174,179
Top1,7836,9062,7898,4033,7799,8003
Top1mt,426,492,351,237,396,367
Top2a,33,34,33,32,53,46
Top2b,4901,4880,5330,2477,3789,3842
Top3a,452,507,452,192,402,360
Top3b,3997,4274,3185,2174,3242,3157
Topaz1,3,1,2,0,0,2
Topbp1,1052,997,825,552,817,779
Topors,1062,1174,850,440,761,832
Toporsl,1,0,0,1,0,0
Tor1a,1151,1355,943,495,973,969
Tor1aip1,1165,1349,1091,625,1173,1055
Tor1aip2,4737,5646,3326,2096,3786,3980
Tor1b,1532,1516,1408,643,1324,1256
Tor2a,1084,1147,710,473,806,813
Tor3a,483,559,286,236,418,392
Tor4a,23,30,22,14,33,21
Tox,2254,3050,1853,1597,2041,1826
Tox2,403,446,396,227,334,371
Tox3,980,1225,1021,499,624,797
Tox4,3117,3626,2597,1607,2773,2707
Tpbg,583,643,394,214,474,427
Tpbgl,96,94,58,25,78,62
Tpbpa,0,0,0,0,0,0
Tpbpb,0,0,0,0,0,0
Tpcn1,1511,1889,1496,770,1467,1474
Tpcn2,158,181,161,87,177,153
Tpd52,2348,2481,2125,1287,2038,1789
Tpd52l1,714,707,461,289,510,574
Tpd52l2,2178,2759,1962,1141,2098,2111
Tpgs1,671,690,492,343,523,472
Tpgs2,1349,1679,1234,631,1177,1247
Tph1,6,8,2,3,1,6
Tph2,7,8,6,3,7,8
Tpi1,4092,4071,2323,1781,2611,2775
Tpk1,720,777,484,392,584,594
Tpm1,6556,7980,5550,3336,5840,6226
Tpm2,45,64,28,27,42,46
Tpm3,3441,3851,3625,1979,3450,3171
Tpm3-rs7,33,28,24,17,19,23
Tpm4,246,361,241,161,343,268
Tpmt,253,304,168,144,233,223
Tpo,27,29,30,16,24,26
Tpp1,2450,2618,1839,1136,2107,2003
Tpp2,4131,4621,4419,2324,3906,3944
Tppp,2158,2243,1962,1223,1699,1572
Tppp2,0,0,1,0,0,0
Tppp3,330,367,283,169,293,348
Tpr,7817,8246,6889,3669,6763,6254
Tpra1,1734,1720,1150,781,1324,1458
Tprg,0,0,0,0,0,0
Tprgl,1297,1498,800,568,873,983
Tprkb,1593,1934,993,699,1455,1420
Tprn,263,342,203,141,303,311
Tpsab1,0,0,0,0,0,0
Tpsb2,0,1,0,0,0,1
Tpsg1,1,1,1,1,1,2
Tpst1,1808,1987,1348,871,1443,1397
Tpst2,1024,1047,726,438,852,815
Tpt1,2308,3098,1599,1467,2040,1821
Tpte,0,0,0,1,0,0
Tpx2,44,56,33,33,40,36
Tra2a,23785,24383,17794,9276,18783,20836
Tra2b,5809,7430,6477,3656,6014,5640
Trabd,1031,1226,1002,595,1000,973
Trabd2b,135,230,164,85,184,157
Trac,2,5,1,0,4,1
Tradd,181,155,117,77,151,147
Traf1,9,19,21,9,32,18
Traf2,140,201,158,99,181,170
Traf3,1043,977,1377,631,977,906
Traf3ip1,1589,1680,1330,774,1339,1229
Traf3ip2,51,83,41,30,53,69
Traf3ip3,36,57,81,51,138,39
Traf4,260,329,172,109,268,223
Traf5,324,395,325,257,439,312
Traf6,1623,1884,1218,711,1326,1309
Traf7,1935,2030,1648,1170,1883,1669
Trafd1,3085,3123,2361,1513,2427,2498
Traip,1086,1133,1083,489,790,993
Traj1,0,0,0,0,0,0
Traj11,0,0,0,0,0,0
Traj12,0,0,0,0,0,0
Traj13,0,0,0,0,0,0
Traj14,0,0,0,0,0,0
Traj15,0,0,0,0,0,0
Traj16,0,0,0,0,0,0
Traj17,0,0,0,0,0,0
Traj18,0,0,0,0,0,0
Traj19,0,0,0,0,0,0
Traj2,0,0,0,0,0,0
Traj20,0,0,0,0,0,0
Traj21,0,0,0,0,0,0
Traj22,0,0,0,0,0,0
Traj23,0,0,0,0,0,0
Traj24,0,0,0,0,0,0
Traj25,0,0,0,0,0,0
Traj26,0,0,0,0,0,0
Traj27,0,0,0,0,0,0
Traj28,0,0,0,0,0,0
Traj29,0,0,0,0,0,0
Traj3,0,0,0,0,0,0
Traj30,0,0,0,0,0,0
Traj31,0,0,0,0,0,0
Traj32,0,0,0,0,0,0
Traj33,0,0,0,0,0,0
Traj34,0,0,0,0,0,0
Traj35,0,0,0,0,0,0
Traj36,0,0,0,0,0,0
Traj37,0,0,0,0,0,0
Traj38,0,0,0,0,0,0
Traj39,0,0,0,0,0,0
Traj4,0,0,0,0,0,0
Traj40,0,0,0,0,0,0
Traj41,0,0,0,0,0,0
Traj42,0,0,0,0,1,0
Traj43,0,0,0,0,0,0
Traj44,0,0,0,0,0,0
Traj45,0,0,0,0,0,0
Traj46,0,0,0,0,0,0
Traj47,0,0,0,0,0,0
Traj48,0,0,0,0,0,0
Traj49,0,0,0,0,0,0
Traj5,0,0,0,0,0,0
Traj50,0,0,0,0,0,0
Traj51,0,0,0,0,0,0
Traj52,0,0,0,0,0,0
Traj53,0,0,0,0,0,0
Traj54,0,0,0,0,0,0
Traj55,0,0,0,0,0,0
Traj56,0,0,0,0,0,0
Traj57,0,0,0,0,0,0
Traj58,0,0,0,0,0,0
Traj59,0,0,0,0,0,0
Traj6,0,0,0,0,0,0
Traj60,0,0,0,0,0,0
Traj61,0,0,0,0,0,0
Traj7,0,0,0,0,0,0
Traj8,0,0,0,0,0,0
Traj9,0,0,0,0,0,0
Trak1,3323,3806,4104,1982,3628,3753
Trak2,3166,3598,3014,1775,2634,2615
Tram1,1019,1211,819,471,880,854
Tram1l1,2498,2184,1334,711,1510,1567
Tram2,43,62,49,35,60,44
Trank1,20408,20007,21039,10132,15463,16294
Trap1,1355,1309,1126,628,1104,1068
Trap1a,0,0,0,0,0,0
Trappc1,1140,1166,631,639,787,795
Trappc10,1017,1062,1378,548,1043,991
Trappc11,2173,2105,2170,975,1761,1800
Trappc12,2680,2915,2142,1318,2252,2226
Trappc13,1221,1448,1169,604,1067,1121
Trappc2,714,771,530,357,544,600
Trappc2l,1927,1952,854,1086,1259,1119
Trappc3,1682,1735,1240,836,1233,1264
Trappc3l,4,10,4,5,2,5
Trappc4,1902,2226,1243,784,1435,1520
Trappc5,810,978,646,337,673,606
Trappc6a,738,870,384,475,623,578
Trappc6b,2539,3176,1935,1303,1969,1988
Trappc8,1747,2176,2161,1173,1760,1661
Trappc9,2413,2626,2383,1195,2079,2000
Trat1,87,82,89,37,66,65
Trav1,0,0,0,0,0,0
Trav10,0,0,0,0,0,0
Trav10d,0,0,0,0,0,0
Trav10n,1,0,0,0,0,0
Trav11,0,0,0,0,0,0
Trav11d,0,0,0,0,0,0
Trav11n,0,0,0,0,0,0
Trav12-1,0,0,0,0,0,0
Trav12-2,0,0,1,0,0,0
Trav12-3,0,0,0,0,1,0
Trav12-4,0,0,0,0,0,0
Trav12d-1,0,0,0,0,0,0
Trav12d-2,0,0,0,0,0,0
Trav12d-3,0,0,0,0,0,0
Trav12n-1,0,0,0,0,0,0
Trav12n-2,0,0,0,0,0,0
Trav12n-3,0,0,0,0,0,0
Trav13-1,0,1,0,0,0,0
Trav13-2,0,0,0,0,0,0
Trav13-3,0,2,0,0,0,1
Trav13-4-dv7,0,0,0,0,0,0
Trav13d-1,0,0,0,2,0,0
Trav13d-2,0,0,0,0,0,0
Trav13d-3,2,0,0,0,1,0
Trav13d-4,0,0,0,0,0,0
Trav13n-1,0,0,0,0,1,0
Trav13n-2,0,0,0,0,0,0
Trav13n-3,2,0,0,0,0,0
Trav13n-4,0,0,0,0,0,0
Trav14-1,0,0,0,0,0,0
Trav14-2,0,0,0,0,0,0
Trav14-3,0,0,0,0,0,0
Trav14d-1,0,0,0,0,0,0
Trav14d-2,0,0,0,0,0,0
Trav14d-3-dv8,0,0,0,0,0,0
Trav14n-1,0,0,0,0,0,0
Trav14n-2,0,0,0,0,0,0
Trav14n-3,0,0,0,0,0,0
Trav15-1-dv6-1,0,0,0,0,0,0
Trav15-2-dv6-2,0,0,0,0,0,0
Trav15-3,0,0,0,0,0,0
Trav15d-1-dv6d-1,0,0,0,0,0,0
Trav15d-2-dv6d-2,0,0,0,0,0,0
Trav15d-3,0,0,0,0,0,0
Trav15n-1,0,0,0,0,0,0
Trav15n-2,0,0,0,0,0,0
Trav15n-3,0,0,0,0,0,0
Trav16,0,0,0,0,2,0
Trav16d-dv11,0,0,0,0,0,0
Trav16n,0,0,0,0,0,0
Trav17,0,0,0,0,0,0
Trav18,0,0,0,0,0,0
Trav19,0,0,0,0,0,0
Trav2,0,0,0,0,0,0
Trav20,0,0,0,0,0,0
Trav21-dv12,0,0,0,0,0,0
Trav22,0,0,0,0,0,0
Trav23,0,0,0,0,0,0
Trav3-1,0,1,0,0,0,0
Trav3-2,0,0,0,0,0,0
Trav3-3,3,3,2,2,3,3
Trav3-4,10,20,2,1,8,3
Trav3d-2,0,0,0,0,0,0
Trav3d-3,0,0,0,0,0,0
Trav3n-2,0,0,0,0,0,0
Trav3n-3,0,0,0,0,0,0
Trav4-1,0,0,0,0,0,0
Trav4-2,0,0,0,0,0,0
Trav4-3,0,1,0,0,0,0
Trav4-4-dv10,2,5,1,3,0,1
Trav4d-2,0,0,0,0,0,0
Trav4d-3,0,0,0,0,0,0
Trav4d-4,0,0,0,0,0,0
Trav4n-3,0,0,0,0,0,0
Trav4n-4,0,0,0,0,0,0
Trav5-1,0,0,0,0,0,0
Trav5-2,0,0,0,0,0,0
Trav5-4,0,0,0,0,0,0
Trav5d-2,0,0,0,0,0,0
Trav5d-3,0,0,0,0,0,0
Trav5d-4,0,0,0,0,0,0
Trav5n-2,0,0,0,0,0,0
Trav5n-3,0,0,0,0,0,0
Trav5n-4,0,0,0,0,0,0
Trav6-1,0,0,0,0,0,0
Trav6-2,0,0,0,0,0,0
Trav6-3,0,1,0,0,0,0
Trav6-4,0,0,0,0,0,0
Trav6-5,0,0,0,0,0,0
Trav6-6,0,0,0,0,0,0
Trav6-7-dv9,0,0,0,0,0,1
Trav6d-3,0,0,0,0,0,0
Trav6d-4,0,0,0,0,0,0
Trav6d-5,0,0,0,0,0,0
Trav6d-6,0,0,0,0,0,0
Trav6d-7,0,0,0,0,0,0
Trav6n-5,0,0,0,0,0,0
Trav6n-6,0,0,0,0,0,0
Trav6n-7,0,0,0,0,0,0
Trav7-1,0,0,0,0,0,0
Trav7-2,0,0,0,0,0,0
Trav7-3,0,0,0,0,0,0
Trav7-4,0,0,0,0,0,0
Trav7-5,0,0,0,0,0,0
Trav7-6,0,0,0,0,0,0
Trav7d-2,0,0,0,0,0,0
Trav7d-3,0,1,0,0,10,1
Trav7d-4,0,0,0,0,0,0
Trav7d-5,0,0,0,0,0,0
Trav7n-4,0,0,0,0,0,0
Trav7n-5,0,0,0,0,0,0
Trav7n-6,0,0,0,0,0,0
Trav8-1,0,0,0,0,0,0
Trav8-2,0,0,0,0,0,0
Trav8d-1,0,0,0,0,0,0
Trav8d-2,0,0,0,0,0,0
Trav8n-2,0,0,0,0,0,0
Trav9-1,0,1,0,0,0,0
Trav9-2,1,0,0,0,0,0
Trav9-4,1,2,3,1,2,1
Trav9d-1,0,0,0,0,0,0
Trav9d-2,0,0,0,0,0,0
Trav9d-3,0,0,0,0,0,0
Trav9d-4,3,6,3,2,5,3
Trav9n-1,0,0,0,0,0,0
Trav9n-2,0,0,0,0,0,0
Trav9n-3,0,0,0,0,0,0
Trav9n-4,4,2,1,0,2,1
Trbc1,0,0,1,3,5,1
Trbc2,261,322,107,220,162,143
Trbd1,0,0,0,0,0,0
Trbd2,0,0,0,0,0,0
Trbj1-1,0,0,0,0,0,0
Trbj1-2,0,0,0,0,0,0
Trbj1-3,0,0,0,0,0,0
Trbj1-4,0,0,0,0,0,0
Trbj1-5,0,0,0,0,0,0
Trbj1-6,0,0,0,0,0,0
Trbj1-7,0,0,0,0,0,0
Trbj2-1,0,0,0,0,0,0
Trbj2-2,0,0,0,0,0,0
Trbj2-3,0,0,0,0,0,0
Trbj2-4,0,0,0,0,0,0
Trbj2-5,0,0,0,0,0,0
Trbj2-6,0,0,0,0,0,0
Trbj2-7,0,0,0,0,0,0
Trbv1,0,3,2,0,18,11
Trbv10,0,0,1,0,0,0
Trbv11,0,0,0,0,0,0
Trbv12-1,0,4,0,0,0,0
Trbv12-2,1,1,0,1,1,1
Trbv12-3,0,0,0,0,0,0
Trbv13-1,0,3,3,0,0,0
Trbv13-2,2,4,2,2,4,0
Trbv13-3,0,0,0,0,4,0
Trbv14,0,0,0,0,0,0
Trbv15,0,0,0,0,0,0
Trbv16,0,3,0,0,2,0
Trbv17,0,0,0,0,0,0
Trbv18,0,0,0,0,0,0
Trbv19,0,0,0,0,3,0
Trbv2,0,0,0,0,0,0
Trbv20,0,0,0,0,0,2
Trbv21,0,0,0,0,0,0
Trbv22,0,0,0,0,0,0
Trbv23,0,0,0,0,0,0
Trbv24,0,0,0,0,0,0
Trbv25,0,0,0,0,0,0
Trbv26,0,0,0,0,0,0
Trbv27,0,0,0,0,0,0
Trbv28,0,0,0,0,0,0
Trbv29,1,0,0,0,2,0
Trbv3,0,0,0,0,0,0
Trbv30,0,0,0,0,0,0
Trbv31,0,0,0,0,0,0
Trbv4,1,0,0,0,2,0
Trbv5,0,1,1,0,0,0
Trbv6,0,0,0,0,0,0
Trbv7,0,0,0,0,0,0
Trbv8,0,0,1,0,0,0
Trbv9,0,0,0,0,0,0
Trcg1,0,0,0,0,0,0
Trdc,1,1,0,1,1,0
Trdd1,0,0,0,0,0,0
Trdd2,0,0,0,0,0,0
Trdj1,0,0,0,0,0,0
Trdj2,0,0,0,0,0,0
Trdmt1,373,380,312,182,265,277
Trdn,43,99,26,35,19,52
Trdv1,0,1,2,0,0,1
Trdv2-1,0,0,0,0,0,0
Trdv2-2,0,0,0,0,1,0
Trdv3,0,0,0,0,0,0
Trdv4,1,0,0,1,1,0
Trdv5,0,2,1,0,0,1
Treh,3,3,4,0,1,0
Trem1,0,0,0,0,1,0
Trem2,333,500,890,658,2116,280
Trem3,4,4,1,2,3,1
Treml1,2,4,3,0,4,5
Treml2,5,8,10,12,32,3
Treml4,6,7,1,1,1,2
Trex1,23,11,9,6,8,7
Trex2,0,0,0,0,0,0
Trf,1138,1394,962,769,1457,978
Trgj1,0,0,0,0,0,0
Trgj2,0,0,0,0,0,0
Trgj3,0,0,0,0,0,0
Trgj4,0,0,0,0,0,0
Trgv2,1,2,1,1,7,3
Trh,209,164,114,49,194,124
Trhde,3291,3832,2878,2018,2893,2705
Trhr,342,309,215,111,230,246
Trhr2,70,59,60,39,45,52
Triap1,563,451,245,176,298,325
Trib1,599,1090,771,269,695,791
Trib2,610,786,632,285,676,770
Trib3,67,38,24,38,37,31
Tril,585,955,239,304,600,557
Trim10,2,0,0,0,2,1
Trim11,2536,2679,2004,1102,1985,1958
Trim12a,112,206,200,126,348,138
Trim12c,60,89,80,61,149,59
Trim13,279,276,170,112,177,208
Trim14,89,121,136,82,260,92
Trim15,5,6,3,2,0,3
Trim16,17,25,10,11,21,17
Trim17,164,131,136,70,102,143
Trim2,15287,15539,14602,8571,13168,13441
Trim21,50,57,44,30,63,32
Trim23,2337,2187,1721,1079,1386,1533
Trim24,2335,2496,2383,1134,1983,1852
Trim25,107,154,107,86,225,83
Trim26,1144,1176,713,609,882,750
Trim27,843,1003,718,389,723,702
Trim28,2197,2276,1648,1142,1764,1761
Trim29,0,1,1,1,2,1
Trim3,4090,4165,3548,2201,3206,3172
Trim30a,34,43,106,64,254,45
Trim30b,5,9,16,8,33,6
Trim30c,2,9,11,4,12,6
Trim30d,27,24,50,50,122,33
Trim31,0,0,0,0,0,0
Trim32,1236,1019,736,431,625,707
Trim33,1540,1634,1885,856,1328,1077
Trim34a,29,37,63,43,104,31
Trim34b,0,0,0,0,1,1
Trim35,11051,13090,8228,5732,10174,9711
Trim36,308,251,222,122,211,149
Trim37,3776,4074,3203,2064,3137,2838
Trim38,0,2,3,1,3,0
Trim39,1253,1235,1569,608,1023,1023
Trim40,6,7,4,4,2,4
Trim41,1997,2146,1562,908,1618,1716
Trim42,0,0,0,0,1,0
Trim43a,31,34,29,19,20,27
Trim43b,0,0,0,0,1,2
Trim43c,6,8,4,4,13,3
Trim44,3935,4135,3586,2186,2938,3079
Trim45,117,139,84,73,87,79
Trim46,6855,7159,4875,3491,5751,5605
Trim47,43,45,20,22,65,49
Trim5,51,55,79,51,135,49
Trim50,0,0,0,1,1,0
Trim52,0,0,0,0,0,0
Trim54,12,8,6,2,7,4
Trim55,0,0,1,0,1,1
Trim56,58,79,102,73,137,56
Trim58,0,1,4,2,4,1
Trim59,1820,1587,869,651,1157,961
Trim6,3,7,3,1,4,1
Trim60,0,0,0,0,0,0
Trim61,0,0,0,0,0,0
Trim62,730,881,492,404,651,648
Trim63,4,2,1,0,5,3
Trim65,267,393,311,149,347,285
Trim66,851,853,858,440,682,612
Trim67,86,82,83,47,72,65
Trim68,641,633,540,311,492,493
Trim69,0,1,0,1,1,0
Trim7,338,304,325,185,293,237
Trim71,115,173,174,52,108,106
Trim72,27,14,12,19,7,6
Trim75,2,2,0,1,0,1
Trim8,890,1141,886,472,892,762
Trim80,2,0,0,1,1,1
Trim9,12248,14385,16076,6927,12745,14394
Triml1,0,0,0,0,0,2
Triml2,1,1,0,0,1,2
Trio,6534,7137,8503,3950,5996,6356
Triobp,105,143,80,68,106,100
Trip10,52,67,48,39,66,46
Trip11,3513,3235,4034,1641,3034,2986
Trip12,6702,6745,7357,3863,6010,5571
Trip13,56,57,34,27,51,30
Trip4,1440,1553,1393,754,1316,1249
Trip6,255,262,158,136,223,237
Triqk,413,419,293,196,271,284
Trir,2427,2839,2190,1357,2051,1989
Trit1,1427,1737,1427,663,1346,1325
Trmo,123,126,69,47,82,99
Trmt1,5861,6084,5162,3449,5292,4963
Trmt10a,1056,1048,555,562,839,781
Trmt10b,922,1122,909,455,837,897
Trmt10c,861,739,451,263,445,529
Trmt11,1609,1874,1574,872,1577,1592
Trmt112,1785,1813,965,865,1200,1266
Trmt12,465,419,264,199,291,284
Trmt13,3191,3964,2565,1552,2901,2906
Trmt1l,4101,5207,3603,2077,3515,3609
Trmt2a,1946,1785,1435,936,1583,1571
Trmt2b,432,527,455,231,460,395
Trmt44,1310,1454,897,655,1099,1039
Trmt5,489,552,388,247,317,325
Trmt6,4286,4986,2747,1915,3468,3772
Trmt61a,790,701,455,381,564,604
Trmu,1557,1557,1067,790,1218,1201
Trnau1ap,1598,1826,1054,767,1405,1434
Trnp1,891,910,633,438,653,509
Trnt1,1990,2110,1854,901,1522,1633
Tro,11193,9048,10016,4481,8334,8719
Troap,13,11,4,7,12,20
Trove2,3178,3290,2458,1545,2451,2317
Trp53,1386,1599,1331,709,1354,1355
Trp53bp1,4455,4707,4589,2489,4227,3945
Trp53bp2,686,980,660,331,687,626
Trp53cor1,16,25,8,12,18,6
Trp53i11,956,1047,837,489,793,915
Trp53i13,185,281,123,72,169,207
Trp53inp1,402,479,355,206,339,365
Trp53inp2,1703,2620,1136,838,1537,1414
Trp53rka,706,636,396,306,439,496
Trp53rkb,695,875,449,516,633,583
Trp53tg5,1,0,1,0,1,0
Trp63,8,20,2,5,8,9
Trp73,20,10,7,8,13,9
Trp73os,0,0,0,0,0,0
Trpa1,3,2,1,0,4,0
Trpc1,7234,8999,5387,3542,6042,6007
Trpc2,0,0,0,0,0,0
Trpc3,1045,1230,866,555,923,865
Trpc4,1851,2079,1833,993,1560,1817
Trpc4ap,3733,4069,4386,1984,3589,3395
Trpc5,535,582,507,271,414,434
Trpc5os,30,40,12,13,22,27
Trpc6,1732,1730,1501,837,1196,1113
Trpc7,395,323,369,134,268,292
Trpd52l3,0,0,0,0,0,0
Trpm1,5,8,12,11,21,2
Trpm2,1773,1835,1798,918,1621,1474
Trpm3,1110,1410,1187,608,997,1150
Trpm4,1278,1339,1301,800,1123,955
Trpm5,4,6,2,4,4,3
Trpm6,32,27,17,7,19,15
Trpm7,6139,5773,6625,2850,4910,4910
Trpm8,2,0,3,0,0,0
Trps1,2962,3620,2747,1564,2830,2874
Trpt1,711,743,418,334,468,488
Trpv1,3,5,7,2,4,6
Trpv2,1261,1499,972,644,1103,980
Trpv3,143,132,93,72,124,88
Trpv4,40,51,29,14,38,36
Trpv5,0,0,0,0,0,0
Trpv6,199,237,163,117,137,138
Trrap,7143,6658,7824,3579,5798,5667
Trub1,2465,2405,2247,1263,1905,1758
Trub2,1994,2138,1386,1016,1656,1666
Try10,0,0,0,0,0,0
Try4,0,0,0,0,0,0
Try5,0,0,0,0,0,0
Tsacc,498,472,248,288,338,258
Tsc1,4704,4472,4405,2540,4081,3540
Tsc2,2226,2190,2060,1207,1754,1907
Tsc22d1,5562,5003,4311,2313,3668,4174
Tsc22d2,2803,3531,2775,1594,2739,2663
Tsc22d3,535,1010,447,261,645,937
Tsc22d4,1800,2556,1415,927,1983,1992
Tsen15,1664,2132,1586,842,1421,1540
Tsen2,1140,1430,1167,666,1061,1053
Tsen34,856,915,524,389,624,587
Tsen54,458,543,406,256,447,491
Tsfm,1248,1235,834,607,859,893
Tsg101,1313,1511,1074,715,1163,1117
Tsga10,2765,3059,2988,1501,2691,3011
Tsga10ip,0,0,0,0,0,0
Tsga13,3,4,5,4,4,5
Tsga8,0,2,1,0,1,0
Tshb,6,3,2,3,2,3
Tshr,32,37,26,8,29,29
Tshz1,630,608,547,371,465,460
Tshz2,829,902,882,553,722,712
Tshz3,988,1063,957,608,752,663
Tsix,86,114,52,50,62,89
Tsks,34,36,24,19,27,26
Tsku,16,32,9,9,18,16
Tslp,8,17,8,9,9,5
Tslrn1,0,0,0,0,0,0
Tsn,4255,4637,3307,1820,3318,3277
Tsnax,5739,6360,5212,2697,5159,5533
Tsnaxip1,1,2,0,1,2,0
Tspan1,12,17,6,5,7,12
Tspan10,1,1,1,1,0,0
Tspan11,157,218,166,89,157,121
Tspan12,181,180,105,94,158,120
Tspan13,8128,9081,5204,3036,5904,6264
Tspan14,656,803,513,371,631,538
Tspan15,392,533,365,208,464,362
Tspan17,1955,1958,1322,1109,1560,1442
Tspan18,65,85,64,23,72,70
Tspan2,1872,2092,2157,974,1979,1741
Tspan2os,35,23,7,8,19,16
Tspan3,7856,8841,5756,2940,6446,5788
Tspan31,1617,2101,1250,681,1629,1586
Tspan32,11,12,20,20,29,10
Tspan32os,68,62,47,37,71,43
Tspan33,1464,1610,1281,678,1166,1330
Tspan4,183,213,155,84,251,190
Tspan5,6736,7619,6294,3327,5321,5975
Tspan6,444,497,250,157,396,322
Tspan7,17096,18244,10104,6071,12565,12125
Tspan8,14,27,1,1,9,17
Tspan9,516,557,434,270,510,441
Tspear,105,133,81,29,87,108
Tspo,31,53,27,42,77,29
Tspo2,2,4,4,0,3,3
Tspoap1,7982,7044,6905,4258,5963,5978
Tspyl1,1558,1537,931,699,919,954
Tspyl2,6350,6027,4903,2790,5023,5376
Tspyl3,238,181,129,115,114,149
Tspyl4,5297,5334,4004,2209,3579,3535
Tspyl5,1315,1225,863,604,768,826
Tsr1,734,670,588,350,574,555
Tsr2,521,505,451,257,387,370
Tsr3,1841,2022,1182,956,1501,1603
Tssc4,1769,1931,1037,904,1343,1472
Tssk1,2,2,0,1,0,0
Tssk2,1,0,0,0,0,0
Tssk3,13,12,10,7,9,9
Tssk4,12,36,29,19,24,22
Tssk5,0,0,0,0,0,1
Tssk6,6,8,3,4,8,0
Tst,117,183,69,80,116,91
Tsta3,1506,1671,1132,869,1444,1457
Tstd1,18,27,32,11,24,15
Tstd2,1058,1286,826,497,873,936
Tstd3,418,411,280,187,251,323
Tsx,4,9,6,2,3,2
Ttbk1,1261,1310,1894,789,1241,1171
Ttbk2,2529,2975,2565,1309,2224,2334
Ttc1,1034,1236,953,569,1015,998
Ttc12,25,17,23,11,25,34
Ttc13,3093,3293,3074,1631,2879,2836
Ttc14,33640,37083,29727,17962,30047,30142
Ttc16,35,33,25,11,30,28
Ttc17,4081,4680,3594,2189,3906,3838
Ttc19,9025,11798,7131,5276,7982,7066
Ttc21a,54,39,42,17,28,45
Ttc21b,1787,1791,2035,944,1701,1649
Ttc22,67,52,29,23,36,38
Ttc23,106,137,59,36,69,88
Ttc23l,0,0,0,0,0,0
Ttc24,1,0,0,0,1,1
Ttc25,216,175,136,100,129,134
Ttc26,689,632,564,293,496,596
Ttc27,714,819,622,433,649,658
Ttc28,725,719,615,379,711,575
Ttc29,1,3,0,1,1,3
Ttc3,44657,45182,42404,20085,36282,36324
Ttc30a1,91,98,42,27,58,54
Ttc30a2,2,3,0,0,2,4
Ttc30b,264,239,113,94,131,179
Ttc32,235,319,276,93,249,229
Ttc33,1146,1155,979,573,817,817
Ttc34,60,77,26,27,38,43
Ttc36,43,38,30,29,27,29
Ttc37,2550,2814,2475,1363,2281,2264
Ttc38,416,464,309,186,303,323
Ttc39a,126,125,135,53,110,104
Ttc39aos1,95,95,91,51,71,79
Ttc39b,3378,3439,3114,1757,2613,2750
Ttc39c,1484,1759,1700,702,1370,1560
Ttc39d,105,148,32,52,61,74
Ttc4,3512,3095,2537,1578,2638,2789
Ttc41,74,69,67,40,78,67
Ttc5,4078,4966,4074,2102,3794,3481
Ttc6,26,21,12,4,19,11
Ttc7,958,934,1000,404,712,722
Ttc7b,2203,2090,2145,1217,1535,1623
Ttc8,5968,6492,4474,3058,4953,5086
Ttc9,663,695,507,264,454,498
Ttc9b,1575,1674,846,782,880,958
Ttc9c,1554,1893,1137,767,1372,1289
Ttf1,1112,931,927,436,841,746
Ttf2,53,54,59,37,55,45
Tti1,374,330,288,187,254,281
Tti2,676,838,574,419,628,643
Ttk,3,5,3,7,11,8
Ttl,1697,1818,1299,832,1215,1200
Ttll1,665,746,615,336,576,547
Ttll10,5,6,2,3,2,4
Ttll11,1331,1827,1157,828,1232,1189
Ttll12,209,259,198,78,193,169
Ttll13,78,78,34,42,64,34
Ttll2,0,0,0,0,0,1
Ttll3,468,560,583,300,569,515
Ttll4,1046,1167,1124,484,977,987
Ttll5,2269,2643,2345,1321,2139,2130
Ttll6,1,0,2,0,1,2
Ttll7,9877,9498,8529,4632,8048,7520
Ttll8,70,88,23,50,51,32
Ttll9,45,51,56,40,53,46
Ttn,256,167,175,99,116,168
Ttpa,62,84,25,28,40,51
Ttpal,905,1155,1064,494,934,856
Ttr,70,336,57,123,117,17
Ttyh1,11006,13136,10778,5172,10218,11142
Ttyh2,941,1020,846,440,1037,892
Ttyh3,3707,4763,3569,1692,3125,3460
Tub,4804,5599,5571,2924,4311,4531
Tuba1a,1590,2074,1119,1019,1412,973
Tuba1b,3047,2967,1651,1418,2015,1670
Tuba1c,12,25,13,19,36,20
Tuba3a,0,1,0,0,0,0
Tuba3b,1,0,0,0,0,0
Tuba4a,1824,1964,1409,902,1171,1039
Tuba8,81,142,80,84,70,71
Tubal3,0,0,0,0,0,0
Tubb1,0,0,0,0,0,0
Tubb2a,3864,4757,2817,1839,2891,2928
Tubb2b,445,592,255,288,474,395
Tubb3,3796,4034,2284,1533,2470,2550
Tubb4a,8355,8095,4446,3135,5507,5364
Tubb4b,2306,2285,1148,857,1382,1429
Tubb5,3195,2831,1696,1239,1791,1715
Tubb6,5,10,11,7,19,5
Tubd1,567,789,541,293,557,647
Tube1,226,239,229,126,211,171
Tubg1,626,681,441,319,431,504
Tubg2,1117,994,532,480,620,671
Tubgcp2,1953,2112,2198,993,1609,1689
Tubgcp3,2370,2492,2425,1092,2029,2167
Tubgcp4,2407,2965,2485,1232,2351,2368
Tubgcp5,2243,2472,1933,1374,1933,1738
Tubgcp6,1583,1640,1457,844,1442,1483
Tufm,790,818,558,376,607,649
Tuft1,84,86,69,46,73,58
Tug1,1944,2265,2017,1061,1617,1561
Tulp1,0,0,0,0,1,1
Tulp2,10,13,8,6,7,9
Tulp3,1899,1830,1745,869,1444,1582
Tulp4,7187,6524,9298,3591,6711,6261
Tunar,62,57,56,33,64,51
Tusc1,71,71,46,39,36,45
Tusc2,788,732,470,338,432,454
Tusc3,12293,12947,8492,4599,8771,8953
Tusc5,1,4,2,3,2,2
Tut1,1193,1480,978,573,1036,1134
Tvp23a,740,748,747,343,574,543
Tvp23b,1469,1752,878,563,1047,1104
Tvp23bos,33,44,15,22,16,10
Twf1,591,618,474,288,419,458
Twf2,1900,2244,1263,1033,1618,1668
Twist1,12,10,14,2,5,5
Twist2,158,227,112,109,91,92
Twistnb,1297,1470,1191,715,1094,1088
Twnk,290,356,227,126,251,250
Twsg1,851,975,672,424,662,682
Txk,9,20,11,11,27,11
Txlna,1548,1636,1718,799,1458,1510
Txlnb,39,73,37,29,44,37
Txlng,1416,1467,1537,758,1259,1344
Txn1,546,617,405,321,403,359
Txn2,1433,1794,1174,754,1239,1210
Txndc11,2781,3553,3123,1454,2771,2940
Txndc12,1027,1259,909,452,944,882
Txndc15,4452,4622,2928,1860,3557,3219
Txndc16,3951,4531,4364,1774,3735,3657
Txndc17,851,1015,553,328,628,655
Txndc2,9,6,6,3,6,7
Txndc5,1170,1245,816,506,912,864
Txndc8,0,0,0,0,0,0
Txndc9,2388,2729,2064,1096,1872,1916
Txnip,181,307,194,115,357,276
Txnl1,2685,3097,2788,1290,2324,2676
Txnl4a,253,316,228,164,280,267
Txnl4b,66,66,48,36,40,49
Txnrd1,1142,1272,1457,602,1193,1062
Txnrd2,873,956,663,465,690,694
Txnrd3,196,180,107,96,113,99
Tyk2,1339,1549,1464,840,1556,1355
Tymp,416,373,186,128,277,247
Tyms,309,317,266,168,319,254
Tyr,6,8,7,4,5,5
Tyro3,4603,4666,4528,2150,3837,4005
Tyrobp,144,260,504,401,1218,174
Tyrp1,1,2,0,1,0,1
Tysnd1,491,504,376,237,475,460
Tyw1,1701,1996,1386,807,1447,1506
Tyw3,566,665,394,306,391,489
Tyw5,1120,1210,965,494,863,1064
U2af1,1192,1393,884,628,967,1073
U2af1l4,1501,1461,708,756,1121,1087
U2af2,1875,1794,1531,969,1602,1641
U2surp,10163,9702,8696,4874,8631,8961
U90926,1,1,1,0,0,0
Uaca,95,127,71,36,101,87
Uap1,922,1043,687,468,715,685
Uap1l1,464,404,276,264,346,260
Uba1,2236,1922,1597,919,1423,1552
Uba1y,11,6,6,0,6,4
Uba2,3721,4008,2743,1751,3061,3017
Uba3,1380,1829,1496,717,1326,1360
Uba5,2985,3737,3762,1413,3129,3225
Uba52,4013,4130,2536,2269,3220,2741
Uba6,1906,1815,1944,984,1646,1692
Uba7,70,81,91,68,167,55
Ubac1,1200,1439,1122,637,1202,1149
Ubac2,2074,2243,1616,954,1648,1886
Ubald1,1304,1497,1319,642,1211,1158
Ubald2,841,1013,542,338,622,734
Ubap1,1127,1238,1121,527,935,961
Ubap1l,112,104,204,58,123,102
Ubap2,1197,1195,1291,659,1238,1122
Ubap2l,7276,8583,8402,3978,7094,7251
Ubash3a,0,1,1,1,5,3
Ubash3b,770,867,969,507,868,850
Ubb,10062,10036,5227,4416,6049,6120
Ubc,4016,3355,2114,1445,2207,2227
Ubd,0,0,0,0,0,0
Ube2a,682,924,474,384,605,649
Ube2b,9629,12313,8928,4791,8864,9806
Ube2c,7,9,2,4,14,8
Ube2cbp,122,148,119,54,94,107
Ube2d1,3253,4097,2872,1609,3116,3113
Ube2d2a,3659,4717,3063,1800,2953,3481
Ube2d2b,32,28,11,20,17,19
Ube2d3,7506,9205,9379,3995,7653,7408
Ube2dnl1,0,0,0,0,0,0
Ube2dnl2,0,0,0,0,0,0
Ube2e1,1089,1490,1058,758,1160,1142
Ube2e2,4445,5717,4435,2649,4071,4175
Ube2e3,2226,2830,2069,1154,1739,1860
Ube2f,1817,2162,2043,1112,1867,1738
Ube2g1,3307,3864,2730,2042,2950,3022
Ube2g2,628,582,518,267,480,487
Ube2h,979,1165,1076,581,915,842
Ube2i,5292,5778,3736,2917,4457,4051
Ube2j1,2105,2747,1613,1043,1989,1921
Ube2j2,3223,3899,2632,1714,2789,2850
Ube2k,3473,4247,4515,2024,3272,3246
Ube2l3,959,912,914,523,759,691
Ube2l6,42,36,43,31,60,45
Ube2m,764,790,707,460,675,673
Ube2n,1428,1534,1212,775,1115,1099
Ube2o,3784,3580,4170,2093,2409,2978
Ube2q1,510,514,565,260,354,411
Ube2q2,1252,1427,1236,683,1043,900
Ube2ql1,635,721,700,329,503,455
Ube2r2,738,772,683,411,650,552
Ube2s,1824,1940,1122,757,1147,1074
Ube2t,75,80,58,46,67,59
Ube2u,2,4,0,1,2,0
Ube2uos,0,0,0,2,0,0
Ube2v1,1042,1073,631,479,774,743
Ube2v2,3270,4380,2835,1648,2734,2839
Ube2w,2939,3497,3056,1686,2873,2913
Ube2z,765,885,774,351,636,513
Ube3a,12744,12810,9432,6135,9728,10443
Ube3b,1602,1773,1616,905,1638,1498
Ube3c,3392,3740,3576,2052,3299,2986
Ube4a,3631,3794,3443,1717,3080,2886
Ube4b,3885,3957,3651,1888,3245,3172
Ube4bos1,36,22,29,18,30,27
Ube4bos2,0,0,0,0,1,1
Ube4bos3,12,12,10,4,15,14
Ubfd1,1371,1699,1340,805,1427,1310
Ubiad1,733,686,508,285,492,519
Ubl3,2531,3706,3281,1312,2613,2653
Ubl4a,1008,934,544,449,672,735
Ubl4b,0,0,0,0,1,0
Ubl5,1384,1619,838,820,1117,1061
Ubl7,945,1035,658,504,693,775
Ublcp1,720,729,545,327,487,503
Ubn1,4784,5508,4284,2284,4582,4337
Ubn2,13419,15519,14449,7125,12858,13328
Ubox5,366,399,269,217,288,271
Ubp1,3939,3107,3651,1901,2846,2820
Ubqln1,1585,1744,1617,806,1302,1291
Ubqln2,1629,1473,923,603,928,989
Ubqln3,0,0,0,0,0,0
Ubqln4,1317,1514,1308,714,1197,1186
Ubqln5,0,0,0,0,0,0
Ubqlnl,0,0,0,0,0,0
Ubr1,2520,2315,2465,1139,1906,2006
Ubr2,5208,5188,5437,2511,4369,4357
Ubr3,6495,5023,6577,3010,4068,4007
Ubr4,4344,3943,4858,2106,3590,3621
Ubr5,7087,8674,9453,4350,6869,6620
Ubr7,1185,1509,889,594,1057,1075
Ubtd1,83,117,108,56,90,90
Ubtd2,371,493,485,155,389,356
Ubtf,1883,1935,1843,918,1564,1644
Ubtfl1,1,0,0,0,0,0
Ubxn1,741,977,526,469,618,570
Ubxn10,21,14,16,9,17,10
Ubxn11,914,1008,683,570,783,746
Ubxn2a,1482,1456,1241,689,1112,1087
Ubxn2b,3124,2880,1610,1435,1832,1943
Ubxn4,4797,5358,4153,2301,4338,4425
Ubxn6,2250,2306,2068,1120,1835,1750
Ubxn7,1723,2222,2108,914,1738,1704
Ubxn8,380,473,245,161,343,257
Uchl1,6343,6473,4455,3464,4505,4451
Uchl1os,150,172,90,86,101,107
Uchl3,1322,1682,1377,708,1305,1458
Uchl4,4,7,4,3,5,4
Uchl5,1433,1877,1023,769,1263,1228
Uck1,956,944,705,467,718,814
Uck2,1257,1571,1266,693,1177,1249
Uckl1,1296,1379,1075,791,1118,1070
Uckl1os,48,59,15,29,39,39
Ucma,12,24,11,9,20,20
Ucn,22,19,16,7,6,13
Ucn2,2,2,2,1,3,4
Ucn3,5,20,6,0,37,6
Ucp1,4,3,4,2,4,3
Ucp2,79,126,172,83,283,122
Ucp3,18,42,13,10,20,16
Uevld,592,659,489,308,506,467
Ufc1,1682,1798,1005,896,1171,1134
Ufd1,2207,2320,1930,1230,1941,1842
Ufl1,2072,1905,1512,803,1446,1423
Ufm1,796,886,712,444,667,640
Ufsp1,182,159,104,73,100,103
Ufsp2,1656,1725,1371,814,1460,1420
Ugcg,2414,2850,2232,1209,1915,1854
Ugdh,1769,1826,1498,946,1638,1540
Uggt1,3079,3202,3225,1481,2616,2628
Uggt2,4502,4420,5593,2371,3556,3519
Ugp2,635,747,539,339,561,547
Ugt1a1,0,3,1,0,0,0
Ugt1a10,0,0,0,0,0,0
Ugt1a2,1,0,1,1,1,1
Ugt1a5,0,2,0,0,0,0
Ugt1a6a,14,19,14,14,19,21
Ugt1a6b,2,5,6,1,5,1
Ugt1a7c,27,29,51,27,75,24
Ugt1a8,0,0,0,0,0,0
Ugt1a9,0,0,0,0,0,0
Ugt2a1,0,0,0,0,0,0
Ugt2a2,0,0,0,0,0,0
Ugt2a3,0,0,0,0,0,0
Ugt2b1,0,0,0,0,0,0
Ugt2b34,0,0,0,1,0,0
Ugt2b35,0,0,0,0,0,0
Ugt2b36,0,0,0,0,0,0
Ugt2b37,0,1,0,0,2,1
Ugt2b38,0,0,0,0,0,0
Ugt2b5,0,0,0,0,0,0
Ugt3a1,0,0,1,0,1,0
Ugt3a2,0,0,0,0,0,0
Ugt8a,2406,2677,2215,1195,2416,2072
Uhmk1,3121,3198,2646,1593,2357,2408
Uhrf1,21,27,22,30,34,22
Uhrf1bp1,682,732,652,358,628,570
Uhrf1bp1l,4100,4569,4192,2044,3457,3617
Uhrf2,4281,5337,4391,2316,4237,3974
Uimc1,1971,2386,1945,1154,1921,1982
Ulbp1,4,10,22,4,22,7
Ulk1,1405,1508,1516,699,1252,1272
Ulk2,4637,4733,3333,2398,3267,3081
Ulk3,1555,1430,1014,800,1046,1199
Ulk4,1264,1380,1446,732,1172,1181
Umad1,1984,2308,1905,1044,1628,1676
Umod,0,0,0,0,0,0
Umodl1,2,4,4,2,3,0
Umps,480,596,475,218,435,494
Unc119,376,411,259,212,282,264
Unc119b,886,962,699,405,696,654
Unc13a,8895,8836,9362,4658,7740,7872
Unc13b,3401,4406,3829,2311,3046,2931
Unc13c,2556,1835,2397,562,1560,2016
Unc13d,31,28,25,27,27,30
Unc45a,1908,2340,1593,849,1674,1754
Unc45b,5,8,4,3,5,2
Unc50,1934,2094,1203,864,1382,1425
Unc5a,2561,2621,2873,1165,1920,2292
Unc5b,749,637,523,288,545,501
Unc5c,5011,5715,5615,2604,4508,4867
Unc5cl,1,2,5,2,6,4
Unc5d,5072,4868,4386,2209,3857,3859
Unc79,8132,10272,8492,4742,7601,8333
Unc80,16009,16173,17402,8510,12641,12770
Unc93a,0,2,0,1,0,5
Unc93b1,618,843,810,562,1489,631
Uncx,34,10,20,5,15,11
Ung,128,145,106,80,111,113
Unk,1136,1104,1070,573,982,938
Unkl,914,900,918,494,735,689
Uox,5,2,2,2,8,2
Upb1,157,131,150,54,135,143
Upf1,934,914,934,497,846,816
Upf2,1509,1380,1363,837,1454,1283
Upf3a,968,1139,878,475,769,801
Upf3b,3147,3639,2813,1667,3012,3013
Upk1a,38,36,42,28,33,43
Upk1b,65,89,43,28,99,79
Upk2,0,0,0,0,1,0
Upk3a,8,0,1,0,1,3
Upk3b,0,1,2,0,2,2
Upk3bl,3,9,0,3,6,5
Upp1,6,21,7,4,8,12
Upp2,898,1135,1012,571,847,755
Uprt,177,180,178,92,152,127
Uqcc1,1198,1279,1105,591,1033,1008
Uqcc2,1081,1155,699,541,675,610
Uqcc3,680,687,361,303,452,414
Uqcr10,2031,2609,1216,1295,1601,1605
Uqcr11,1504,1600,877,847,1096,1053
Uqcrb,1163,1253,605,597,676,733
Uqcrc1,3692,4014,2868,2006,3003,3030
Uqcrc2,2494,2465,1736,1169,1704,1726
Uqcrfs1,1859,2074,1030,780,1191,1379
Uqcrh,2227,3021,1786,1263,2086,1952
Uqcrq,2628,2969,1426,1508,1856,1861
Urad,0,0,0,0,0,0
Urah,32,25,17,13,8,21
Urb1,1175,1240,967,607,964,906
Urb2,250,264,270,115,209,238
Urgcp,4370,5056,2795,1952,3309,3560
Uri1,4165,4833,2762,2369,3175,3234
Urm1,1522,1802,1261,932,1575,1468
Uroc1,0,0,0,0,0,0
Urod,467,463,312,245,383,362
Uros,1612,1585,1315,776,1316,1274
Usb1,377,404,264,168,256,255
Use1,1313,1570,888,791,1149,1080
Usf1,469,504,396,268,404,373
Usf2,1112,1271,1056,685,1066,1101
Usf3,925,814,926,466,660,629
Ush1c,6,8,4,3,4,4
Ush1g,6,9,2,7,4,3
Ush2a,16,11,10,5,13,9
Ushbp1,45,51,25,25,40,33
Usmg5,1994,2015,1102,1164,1238,1236
Uso1,2857,3002,2308,1382,2217,2364
Usp1,820,848,590,344,572,538
Usp10,2254,2446,2710,1131,2227,2230
Usp11,4871,4742,4174,2117,3429,3567
Usp12,1062,1295,1496,744,1369,968
Usp13,1517,1631,1449,800,1301,1318
Usp14,6253,6560,4846,2956,4770,4820
Usp15,7940,8627,8917,4118,7465,7352
Usp16,3967,3840,4260,2071,3605,3701
Usp17la,0,0,0,0,0,0
Usp17lb,0,0,0,0,0,0
Usp17lc,0,0,0,0,0,0
Usp17ld,0,0,0,0,0,0
Usp17le,0,0,0,0,0,0
Usp18,4,17,36,35,110,7
Usp19,3724,3900,3564,1856,3194,3772
Usp2,7804,7188,4201,2831,4479,4798
Usp20,3382,3622,2590,1721,2853,2704
Usp21,2211,2130,1628,1139,1782,1808
Usp22,5131,5291,4381,2090,3951,3948
Usp24,2698,2985,3321,1705,2493,2135
Usp25,2098,2385,1986,1107,1709,1692
Usp26,4,0,1,1,1,0
Usp27x,85,114,114,50,82,65
Usp28,1911,2118,2170,1002,1727,1842
Usp29,3578,3547,3948,1834,3485,4042
Usp3,1998,1887,1579,941,1510,1655
Usp30,905,951,720,461,684,655
Usp31,1545,1958,2185,1014,1418,1514
Usp32,3749,4416,3558,2352,3269,3258
Usp33,3393,3105,3749,1609,2776,2640
Usp34,6968,6544,8327,3665,5586,5733
Usp35,1098,1030,1075,616,971,887
Usp36,3280,3637,2979,1715,2996,2762
Usp37,1337,1614,1771,730,1380,1390
Usp38,1341,1530,1251,611,1181,1309
Usp39,520,588,433,261,447,482
Usp4,4435,4979,4041,2417,4422,4276
Usp40,2985,3089,3091,1569,2709,2601
Usp42,1495,1633,1367,722,1210,1200
Usp43,195,213,145,99,150,116
Usp44,3,6,0,1,1,5
Usp45,2076,2011,1886,1090,1699,1627
Usp46,5356,6039,3850,2863,4055,3941
Usp46os1,4,3,0,1,1,0
Usp47,2906,3154,3045,1632,2669,2640
Usp48,6363,6603,7164,3374,5785,5738
Usp49,438,363,439,206,308,282
Usp5,3202,3111,2805,1537,2480,2457
Usp50,52,72,33,34,51,45
Usp51,102,92,37,37,56,72
Usp53,2392,2748,2043,1157,1963,2361
Usp54,1625,2044,2042,845,1739,1894
Usp6nl,472,596,512,235,523,436
Usp7,4279,4260,5066,2529,4129,3968
Usp8,2026,2113,1665,1183,1592,1582
Usp9x,6443,6425,7764,3024,5455,4867
Usp9y,0,0,0,1,0,0
Uspl1,1102,1301,1431,592,1099,1040
Ust,908,1189,838,387,845,815
Utf1,1,6,2,1,1,2
Utp11,2141,2513,1712,1103,1920,2065
Utp14a,2018,2321,1954,1214,2126,2030
Utp14b,457,648,752,285,574,663
Utp15,1590,1663,1604,717,1447,1469
Utp18,1242,1367,1383,609,1194,1112
Utp20,1199,1320,1325,653,1108,1139
Utp23,251,286,164,127,171,181
Utp3,1263,1157,724,508,836,808
Utp4,2150,2558,1672,1079,1782,1863
Utp6,649,685,530,287,533,498
Utrn,2413,2487,2277,1220,1908,2078
Uts2,0,2,0,1,1,1
Uts2b,0,0,0,0,0,0
Uts2r,1,3,1,1,3,2
Uty,2609,2919,2621,1436,2284,2452
Uvrag,5409,6048,5261,2976,5549,5597
Uvssa,1601,1725,1443,890,1387,1205
Uxs1,2550,2728,2108,1318,2114,2004
Uxt,461,617,424,265,423,420
V1ra8,0,0,0,0,0,0
V1rd19,0,0,0,0,0,0
Vac14,908,956,859,436,791,842
Vamp1,2934,2987,1844,1487,2474,2953
Vamp2,7576,9476,4855,4002,5929,6186
Vamp3,856,1082,883,432,807,854
Vamp4,3556,4399,3048,1976,3303,3169
Vamp5,44,51,38,36,58,46
Vamp7,446,605,325,237,387,399
Vamp8,51,94,60,58,101,62
Vangl1,176,180,135,58,172,155
Vangl2,738,690,414,328,590,473
Vapa,2820,3477,2210,1310,2233,2278
Vapb,3004,3265,3000,1555,2564,2437
Vars,1533,1435,1483,772,1231,1030
Vars2,727,675,722,417,634,556
Vash1,1407,1638,893,720,1123,1086
Vash2,102,100,58,43,70,64
Vasn,161,227,163,63,178,203
Vasp,270,284,225,142,288,247
Vat1,458,439,332,202,351,312
Vat1l,579,520,575,195,487,576
Vav1,102,141,159,97,284,101
Vav2,170,202,185,114,193,151
Vav3,963,1191,717,413,910,980
Vax1,15,20,13,15,17,14
Vax2,0,0,1,0,2,1
Vax2os,6,4,3,4,3,4
Vbp1,1348,1093,970,539,832,957
Vcam1,245,415,118,94,297,266
Vcan,1392,1420,1238,597,1373,1287
Vcl,2737,3036,2512,1132,2460,2737
Vcp,5208,5652,4525,2672,4611,4319
Vcpip1,2489,2488,2199,1064,1762,1918
Vcpkmt,1240,1442,996,524,1035,1163
Vdac1,5568,5037,3498,2209,3579,3640
Vdac2,3792,4042,2702,1874,2984,3113
Vdac3,2183,2260,1742,1063,1622,1620
Vdr,5,4,2,0,4,6
Vegfa,1569,1741,1106,801,1267,1505
Vegfb,1529,1427,997,741,969,891
Vegfc,135,185,97,72,113,90
Vegfd,88,104,65,46,89,55
Veph1,0,1,2,1,5,3
Vezf1,1032,1219,1051,557,1046,1021
Vezt,7603,8439,8441,4097,6715,6677
Vgf,6267,6537,4659,2043,4363,5705
Vgll1,0,1,0,0,0,0
Vgll2,37,54,29,22,39,22
Vgll3,84,64,51,25,35,31
Vgll4,2244,2576,1917,1131,1855,1672
Vhl,1148,1065,781,550,792,753
Vil1,3,1,2,1,8,4
Vill,295,290,196,153,229,242
Vim,123,262,83,124,242,140
Vip,2119,3048,2480,1739,4648,2839
Vipas39,2958,3371,2394,1526,2500,2518
Vipr1,1790,1838,1566,888,1376,1428
Vipr2,62,137,31,116,49,50
Virma,2167,2271,2019,1123,1836,1757
Vit,37,37,12,15,35,31
Vkorc1,802,902,474,291,668,657
Vkorc1l1,798,804,771,378,571,503
Vldlr,3856,3774,3291,1530,2964,2890
Vma21,1182,1356,1016,547,997,981
Vma21-ps,1,0,0,1,0,0
Vmac,701,925,302,376,552,490
Vmn1r1,0,0,0,0,0,0
Vmn1r10,0,0,0,0,0,0
Vmn1r100,0,0,0,0,0,0
Vmn1r101,0,0,0,0,0,0
Vmn1r103,0,0,0,0,0,0
Vmn1r104,0,0,0,0,0,0
Vmn1r107,0,0,0,0,0,0
Vmn1r11,1,0,0,0,0,0
Vmn1r111,0,0,0,0,0,0
Vmn1r112,0,0,0,0,0,0
Vmn1r113,0,0,0,0,0,0
Vmn1r114,0,0,0,0,0,0
Vmn1r115,0,0,0,0,0,0
Vmn1r116,0,0,0,0,0,0
Vmn1r117,0,0,0,0,0,0
Vmn1r118,0,0,0,0,0,0
Vmn1r119,0,0,0,0,0,0
Vmn1r12,1,1,0,0,1,0
Vmn1r120,0,0,0,0,0,0
Vmn1r121,0,0,0,0,0,0
Vmn1r122,0,0,0,0,0,0
Vmn1r123,0,0,0,0,0,0
Vmn1r124,0,0,0,0,0,0
Vmn1r125,0,0,0,0,0,0
Vmn1r126,0,0,0,0,0,0
Vmn1r127,0,0,0,0,0,0
Vmn1r128,0,0,0,0,0,0
Vmn1r129,0,0,0,0,0,0
Vmn1r13,0,0,0,0,0,0
Vmn1r130,0,0,0,0,0,0
Vmn1r131,0,0,0,0,0,0
Vmn1r132,0,0,0,0,0,0
Vmn1r135,0,0,0,0,0,0
Vmn1r137,0,0,0,0,0,0
Vmn1r138,0,0,0,0,0,0
Vmn1r139,0,0,0,0,0,0
Vmn1r14,0,0,0,0,0,0
Vmn1r142,0,0,0,0,0,0
Vmn1r143,0,0,0,0,0,0
Vmn1r148,0,0,0,0,0,0
Vmn1r149,0,0,0,0,0,0
Vmn1r15,0,1,0,1,0,0
Vmn1r151,0,0,0,0,0,0
Vmn1r152,0,0,0,0,0,0
Vmn1r155,0,0,0,0,0,0
Vmn1r157,0,0,0,0,0,0
Vmn1r158,0,0,0,0,0,0
Vmn1r159,0,0,0,0,0,0
Vmn1r16,0,0,0,0,0,0
Vmn1r160,0,0,0,0,0,0
Vmn1r163,0,0,0,0,0,0
Vmn1r165,0,0,0,0,0,0
Vmn1r166,0,0,0,0,0,0
Vmn1r167,0,0,0,0,0,0
Vmn1r168,0,0,0,0,0,0
Vmn1r169,0,0,0,0,0,0
Vmn1r17,0,0,0,0,0,0
Vmn1r170,0,0,0,0,0,0
Vmn1r171,0,0,0,0,0,0
Vmn1r172,0,0,0,0,0,0
Vmn1r173,0,0,0,0,0,0
Vmn1r174,0,0,0,0,0,0
Vmn1r175,0,0,0,0,0,0
Vmn1r176,0,0,0,0,0,0
Vmn1r177,0,0,0,0,0,0
Vmn1r178,0,0,0,0,0,0
Vmn1r179,0,0,0,0,0,0
Vmn1r18,0,1,0,0,1,2
Vmn1r180,0,0,0,0,0,0
Vmn1r181,0,0,0,0,0,0
Vmn1r183,0,0,0,0,0,0
Vmn1r184,0,0,0,0,0,0
Vmn1r185,0,0,0,0,0,0
Vmn1r186,0,0,0,0,0,0
Vmn1r188,2,5,1,0,1,2
Vmn1r189,0,0,0,0,0,0
Vmn1r19,0,0,1,0,0,0
Vmn1r191,0,0,0,0,0,0
Vmn1r192,0,0,0,0,0,0
Vmn1r193,0,0,0,0,0,0
Vmn1r194,0,0,0,0,0,0
Vmn1r195,0,0,0,0,0,0
Vmn1r196,0,0,0,0,0,0
Vmn1r197,0,0,0,0,0,0
Vmn1r198,0,0,1,0,0,0
Vmn1r199,0,0,0,0,0,0
Vmn1r2,0,0,0,0,0,0
Vmn1r20,0,0,0,0,0,0
Vmn1r200,4,4,4,0,1,5
Vmn1r201,1,0,1,0,0,0
Vmn1r202,0,0,2,1,2,1
Vmn1r203,0,1,0,0,0,0
Vmn1r204,0,0,0,0,0,0
Vmn1r205,0,0,0,0,0,0
Vmn1r206,27,42,27,7,27,32
Vmn1r208,1,4,5,0,3,2
Vmn1r209,27,65,13,0,26,41
Vmn1r21,2,1,1,1,1,0
Vmn1r210,2,1,3,0,1,0
Vmn1r211,1,1,0,0,1,1
Vmn1r212,0,0,0,0,0,0
Vmn1r213,1,0,0,0,0,1
Vmn1r214,1,0,4,0,1,1
Vmn1r215,0,0,0,1,0,0
Vmn1r216,0,0,1,0,0,0
Vmn1r216-1,0,0,0,0,0,0
Vmn1r217,0,0,0,0,0,0
Vmn1r218,0,0,0,0,0,0
Vmn1r219,0,0,0,0,0,0
Vmn1r22,0,0,0,1,0,0
Vmn1r220,1,0,1,1,0,2
Vmn1r222,0,0,0,0,0,0
Vmn1r223,0,0,0,0,0,0
Vmn1r224,0,0,0,0,0,0
Vmn1r225,0,0,0,0,0,0
Vmn1r226,0,0,0,0,0,0
Vmn1r228,0,0,0,0,0,0
Vmn1r229,0,0,0,0,0,0
Vmn1r23,0,0,0,0,0,0
Vmn1r230,0,0,0,0,0,0
Vmn1r231,0,1,0,0,0,0
Vmn1r232,0,0,0,0,0,1
Vmn1r233,0,0,0,0,0,0
Vmn1r234,0,0,0,0,0,0
Vmn1r235,0,0,0,0,0,0
Vmn1r236,0,0,0,0,0,0
Vmn1r237,0,0,0,0,0,0
Vmn1r238,0,0,0,0,0,0
Vmn1r24,0,0,0,0,0,0
Vmn1r25,0,0,0,0,0,1
Vmn1r26,1,2,1,3,1,1
Vmn1r27,0,0,0,0,0,0
Vmn1r28,1,1,0,1,1,1
Vmn1r29,0,2,0,0,0,2
Vmn1r3,0,0,0,0,0,0
Vmn1r30,0,1,1,0,1,1
Vmn1r31,4,1,2,1,0,0
Vmn1r32,2,2,4,0,2,2
Vmn1r33,2,5,2,0,4,2
Vmn1r34,1,4,11,1,7,2
Vmn1r35,1,0,0,1,0,1
Vmn1r36,1,0,0,0,0,1
Vmn1r37,0,0,0,0,0,0
Vmn1r38,1,3,5,1,1,1
Vmn1r39,0,1,0,0,2,0
Vmn1r4,21,25,12,15,22,12
Vmn1r40,0,1,0,0,0,0
Vmn1r41,0,0,0,0,0,0
Vmn1r42,0,0,0,0,0,0
Vmn1r43,0,0,0,0,1,1
Vmn1r44,0,0,0,0,0,0
Vmn1r45,0,0,0,0,0,0
Vmn1r46,0,0,0,0,0,0
Vmn1r47,1,0,1,3,1,1
Vmn1r48,0,0,0,0,0,0
Vmn1r49,1,0,0,0,0,0
Vmn1r5,0,2,2,1,2,0
Vmn1r50,0,0,0,0,0,0
Vmn1r51,0,0,0,1,0,1
Vmn1r52,0,0,1,0,0,0
Vmn1r53,0,0,0,0,0,0
Vmn1r54,0,0,0,0,0,0
Vmn1r55,0,0,0,0,1,0
Vmn1r56,0,0,0,0,0,0
Vmn1r57,0,0,0,0,1,0
Vmn1r58,1,1,2,2,2,2
Vmn1r59,0,0,0,0,0,0
Vmn1r6,3,2,1,0,1,3
Vmn1r60,0,0,0,0,0,0
Vmn1r61,0,0,0,0,0,0
Vmn1r62,0,0,0,0,0,0
Vmn1r63,0,0,0,0,0,0
Vmn1r64,0,0,0,0,0,0
Vmn1r65,0,0,0,0,0,0
Vmn1r66,0,0,2,0,0,0
Vmn1r67,0,1,0,0,0,0
Vmn1r68,0,0,0,0,0,0
Vmn1r69,0,0,0,0,0,0
Vmn1r7,0,0,0,0,0,0
Vmn1r70,0,0,0,0,1,0
Vmn1r71,0,0,0,0,0,0
Vmn1r72,0,1,0,0,0,1
Vmn1r73,0,0,0,0,0,0
Vmn1r74,0,0,0,0,0,0
Vmn1r75,0,0,0,0,0,0
Vmn1r76,0,0,0,1,0,0
Vmn1r77,0,0,0,0,0,0
Vmn1r78,0,1,0,0,0,0
Vmn1r79,0,0,0,0,0,0
Vmn1r8,0,0,0,0,0,0
Vmn1r80,0,0,0,0,0,0
Vmn1r81,5,3,8,3,3,0
Vmn1r82,0,0,0,0,0,0
Vmn1r83,0,0,0,0,0,0
Vmn1r84,1,2,0,0,0,1
Vmn1r85,0,0,0,0,0,0
Vmn1r86,0,0,0,0,0,0
Vmn1r87,0,1,0,0,0,0
Vmn1r88,0,0,0,0,0,0
Vmn1r89,0,1,1,1,0,0
Vmn1r9,1,1,0,0,0,1
Vmn1r90,91,52,89,43,63,68
Vmn1r91,0,0,0,0,0,0
Vmn1r93,0,0,0,0,0,0
Vmn1r94,0,0,0,0,0,0
Vmn1r95,0,0,0,0,0,0
Vmn2r-ps117,0,0,0,0,0,0
Vmn2r-ps130,0,0,0,0,0,0
Vmn2r1,38,50,85,30,53,26
Vmn2r10,0,0,0,0,0,0
Vmn2r100,0,0,0,0,0,0
Vmn2r101,0,0,0,0,0,0
Vmn2r102,0,0,0,0,0,0
Vmn2r103,0,0,0,0,0,0
Vmn2r104,0,0,0,0,0,0
Vmn2r105,0,0,0,0,0,0
Vmn2r106,0,0,0,0,0,0
Vmn2r107,0,0,0,0,0,0
Vmn2r108,0,0,0,0,0,0
Vmn2r109,0,0,0,0,0,0
Vmn2r11,0,0,0,0,0,0
Vmn2r110,0,0,0,0,0,0
Vmn2r111,1,4,1,2,0,3
Vmn2r112,5,2,1,1,3,2
Vmn2r113,0,0,0,0,0,0
Vmn2r114,0,0,0,0,0,0
Vmn2r115,0,0,0,0,0,0
Vmn2r116,0,0,0,0,0,0
Vmn2r117,0,1,0,0,0,0
Vmn2r118,4,4,5,8,3,11
Vmn2r12,0,0,0,0,0,0
Vmn2r120,0,0,0,0,0,0
Vmn2r121,0,0,0,0,0,0
Vmn2r122,0,0,0,0,0,0
Vmn2r124,0,0,1,0,1,0
Vmn2r125,0,0,0,0,0,0
Vmn2r13,0,0,0,0,0,0
Vmn2r14,0,0,0,0,0,0
Vmn2r15,0,0,0,1,2,1
Vmn2r16,0,0,0,0,0,0
Vmn2r17,0,0,0,0,0,0
Vmn2r18,0,0,0,0,0,0
Vmn2r19,0,0,0,0,0,0
Vmn2r2,2,0,2,1,2,4
Vmn2r20,0,0,0,0,0,0
Vmn2r21,0,0,0,0,0,0
Vmn2r22,0,0,0,0,0,0
Vmn2r23,0,0,0,0,0,0
Vmn2r24,0,0,0,0,0,0
Vmn2r25,0,0,0,0,0,0
Vmn2r26,0,0,0,0,0,0
Vmn2r27,2,6,2,1,2,5
Vmn2r28,0,0,0,0,0,0
Vmn2r29,81,131,198,71,119,128
Vmn2r3,0,0,0,0,0,1
Vmn2r30,0,1,0,0,0,0
Vmn2r31,0,0,0,1,0,0
Vmn2r32,0,0,0,0,0,0
Vmn2r33,0,0,0,0,0,0
Vmn2r34,0,0,0,0,0,0
Vmn2r35,0,0,0,0,0,0
Vmn2r36,0,0,0,0,0,0
Vmn2r37,0,0,0,0,0,0
Vmn2r38,0,0,0,0,0,0
Vmn2r39,0,0,0,0,0,0
Vmn2r4,0,1,0,1,0,0
Vmn2r40,0,0,0,0,0,0
Vmn2r41,0,0,0,0,0,0
Vmn2r42,0,0,0,0,0,0
Vmn2r43,0,0,0,0,0,0
Vmn2r44,0,0,0,0,0,0
Vmn2r45,0,0,0,0,0,0
Vmn2r46,5,13,22,8,8,9
Vmn2r47,0,0,0,0,0,0
Vmn2r48,0,0,0,0,0,0
Vmn2r49,0,0,0,0,0,0
Vmn2r5,1,2,4,2,1,2
Vmn2r50,0,0,0,0,0,0
Vmn2r51,0,0,0,0,0,0
Vmn2r52,0,0,0,0,0,0
Vmn2r53,3,5,3,3,2,1
Vmn2r54,10,7,14,5,5,2
Vmn2r55,8,3,8,1,7,2
Vmn2r56,4,4,8,1,12,4
Vmn2r57,10,9,8,4,9,5
Vmn2r58,0,0,0,0,0,0
Vmn2r59,0,0,0,0,0,0
Vmn2r6,1,0,0,0,0,1
Vmn2r60,0,0,0,0,0,0
Vmn2r61,0,0,0,0,0,0
Vmn2r62,0,0,0,0,0,0
Vmn2r63,0,0,0,0,0,0
Vmn2r65,0,0,0,0,0,0
Vmn2r66,0,0,0,0,0,0
Vmn2r67,0,0,0,0,0,0
Vmn2r68,0,0,0,0,0,0
Vmn2r69,0,0,0,0,0,0
Vmn2r7,0,0,0,0,0,0
Vmn2r7-1,3,3,1,3,5,5
Vmn2r70,0,0,0,0,0,0
Vmn2r71,0,0,0,0,0,0
Vmn2r72,0,0,0,0,0,0
Vmn2r73,0,0,0,0,0,0
Vmn2r74,0,0,0,0,0,0
Vmn2r75,0,0,0,0,0,0
Vmn2r76,0,0,0,0,0,0
Vmn2r77,1,0,0,1,0,2
Vmn2r78,1,0,0,1,1,0
Vmn2r79,0,0,0,0,0,0
Vmn2r8,0,0,0,0,0,0
Vmn2r80,0,0,0,0,0,0
Vmn2r81,0,0,0,0,0,0
Vmn2r82,0,0,0,0,1,0
Vmn2r83,0,0,0,0,1,0
Vmn2r84,242,230,342,137,233,186
Vmn2r85,192,263,313,156,213,154
Vmn2r86,87,99,136,85,106,91
Vmn2r87,242,326,464,215,298,230
Vmn2r88,0,0,0,0,0,0
Vmn2r89,0,0,0,0,0,0
Vmn2r9,0,0,0,0,0,0
Vmn2r90,1,0,0,0,1,1
Vmn2r91,0,0,0,0,0,0
Vmn2r92,0,1,0,1,0,0
Vmn2r93,0,0,1,0,0,0
Vmn2r94,0,0,0,0,0,0
Vmn2r95,0,1,0,0,0,0
Vmn2r96,0,0,0,0,0,0
Vmn2r97,3,4,2,3,4,2
Vmn2r98,0,0,0,0,0,0
Vmn2r99,0,0,0,0,0,0
Vmo1,2,1,1,0,0,1
Vmp1,4931,5485,3838,2014,4669,4901
Vnn1,10,6,0,0,5,3
Vnn3,2,0,1,2,0,5
Vopp1,2915,3289,2439,1339,2269,2404
Vpreb1,8,14,4,4,10,7
Vpreb2,0,1,0,0,0,0
Vpreb3,0,1,2,1,1,0
Vps11,1685,1731,1541,787,1413,1380
Vps13a,10560,9977,11450,4778,9174,9170
Vps13b,6488,6529,6900,2962,5043,5317
Vps13c,5693,5013,6392,2535,4420,4498
Vps13d,3689,4029,4401,2116,3548,3497
Vps16,1380,1109,1021,668,991,1030
Vps18,1195,1205,1022,583,1017,872
Vps25,192,215,132,84,157,171
Vps26a,886,1074,842,500,716,707
Vps26b,1515,1717,1326,665,1157,1241
Vps28,1766,2017,1048,934,1310,1393
Vps29,1581,1922,1526,888,1450,1348
Vps33a,2578,2898,2691,1386,2354,2267
Vps33b,1166,1150,1038,618,986,1024
Vps35,2446,2498,2220,1146,1977,1816
Vps36,1324,1307,967,654,1095,1059
Vps37a,3488,4017,4352,1676,3611,3828
Vps37b,2404,3152,2088,1161,2027,1963
Vps37c,453,462,304,232,347,366
Vps37d,625,639,473,362,473,423
Vps39,1848,1830,1781,879,1407,1423
Vps41,4780,5029,4646,2637,4338,4272
Vps45,1036,1119,999,476,829,887
Vps4a,2093,2239,1507,929,1616,1691
Vps4b,3225,3473,2973,1693,2682,2570
Vps50,5523,5165,3399,2716,3687,3656
Vps51,606,764,413,423,560,483
Vps52,1688,1429,1361,844,1169,1288
Vps53,2562,2808,2321,1363,2206,2281
Vps54,1318,1279,1547,775,1105,1037
Vps72,1388,1636,945,701,1180,1197
Vps8,1392,1589,1424,871,1285,1318
Vps9d1,5691,5653,4299,2624,4721,4974
Vrk1,797,893,623,387,725,724
Vrk2,232,307,270,152,286,187
Vrk3,532,573,469,253,501,466
Vrtn,1,1,2,0,2,1
Vsig1,0,0,0,0,1,0
Vsig10,101,110,72,57,98,72
Vsig10l,50,34,45,14,34,33
Vsig2,100,100,60,51,72,88
Vsig4,0,0,0,0,0,0
Vsig8,131,130,47,63,55,57
Vsir,239,347,489,235,589,230
Vsnl1,5366,5959,4184,2776,3836,3871
Vstm2a,3982,4204,3305,1850,3534,3082
Vstm2b,1873,1930,1290,784,1241,1418
Vstm2l,906,847,743,397,624,480
Vstm4,85,91,32,34,77,46
Vstm5,1673,1707,929,752,1100,1163
Vsx1,5,11,3,0,10,7
Vsx2,3,2,2,1,2,3
Vta1,2037,2713,1816,1126,1899,2003
Vtcn1,27,15,14,7,12,16
Vti1a,4216,4909,4346,2176,3870,3939
Vti1b,6128,7466,4388,3203,5089,5120
Vtn,808,1230,480,448,1537,941
Vwa1,339,370,196,179,296,257
Vwa2,1,1,3,3,3,6
Vwa3a,351,411,239,155,266,217
Vwa3b,40,30,32,15,24,25
Vwa5a,125,166,170,108,153,102
Vwa5b1,79,54,70,21,49,45
Vwa5b2,5504,5733,4263,3237,4598,4134
Vwa7,27,22,16,13,13,21
Vwa8,4176,4441,3268,2235,3323,3419
Vwc2,611,806,608,347,576,571
Vwc2l,712,790,718,315,665,700
Vwce,71,58,37,35,41,55
Vwde,5,5,2,2,0,6
Vwf,18,41,24,20,28,15
Wac,3795,4387,3327,2068,3327,3504
Wap,1,2,0,0,0,0
Wapl,2452,2852,2658,1292,2357,2154
Wars,707,667,582,342,527,542
Wars2,489,569,441,272,455,352
Was,32,43,58,26,69,36
Wasf1,7718,7477,5413,3626,5216,5256
Wasf2,830,895,930,434,909,745
Wasf3,2027,2370,1911,1060,1743,1739
Washc1,1051,983,704,565,775,679
Washc2,2315,2391,2531,1268,2158,2021
Washc3,796,919,790,455,689,651
Washc4,2625,2590,2711,1257,2200,2140
Washc5,1350,1246,1190,636,1044,1056
Wasl,7644,9513,6402,3929,7026,7413
Wbp1,1467,1660,1246,757,1263,1208
Wbp11,2390,2925,2373,1443,2274,2149
Wbp1l,776,934,839,400,749,802
Wbp2,3007,3283,2264,1703,2565,2417
Wbp2nl,0,0,0,0,0,0
Wbp4,2310,2544,1860,1159,2016,1997
Wbscr25,20,20,25,14,14,16
Wdcp,1057,1275,1030,509,1108,1118
Wdfy1,2509,2680,2441,1321,2315,2229
Wdfy2,2286,2954,2472,1238,2578,2515
Wdfy3,5482,5454,5250,2978,4238,4133
Wdfy4,37,39,61,37,87,40
Wdhd1,760,743,652,384,593,601
Wdpcp,518,618,510,334,469,511
Wdr1,1258,1559,1432,789,1453,1220
Wdr11,2087,1948,1809,941,1538,1425
Wdr12,2332,2343,2015,1029,1980,2133
Wdr13,3990,4021,3499,2040,3310,3492
Wdr17,3501,3343,3144,1521,2568,2947
Wdr18,2681,2685,1981,1517,2291,2314
Wdr19,967,1028,905,534,776,704
Wdr20,2029,2663,1882,1054,2049,1815
Wdr20rt,0,1,0,0,0,0
Wdr24,640,620,400,394,491,501
Wdr25,302,363,254,183,267,249
Wdr26,2687,2445,2807,1327,2247,2326
Wdr27,266,291,180,176,186,180
Wdr3,922,900,937,461,825,742
Wdr31,579,535,490,328,496,494
Wdr33,9269,9769,5822,4471,7044,7649
Wdr34,2756,2843,2024,1265,2083,2100
Wdr35,1397,1334,1399,685,1103,1119
Wdr36,2050,2393,1906,905,1741,1891
Wdr37,3897,4295,4087,2125,3471,3464
Wdr38,429,631,175,255,360,371
Wdr4,1013,1025,679,450,775,753
Wdr41,1555,1868,1322,690,1353,1376
Wdr43,1461,1292,1210,868,1302,1205
Wdr44,1784,1955,1931,825,1691,1567
Wdr45,557,637,515,274,502,512
Wdr45b,1880,2377,1624,957,1861,1842
Wdr46,440,451,364,199,364,381
Wdr47,4175,4379,3489,1943,3328,3345
Wdr48,2439,2414,2624,1270,2221,2101
Wdr49,2,0,3,1,4,6
Wdr5,1032,1109,893,537,1005,985
Wdr53,608,614,325,214,400,443
Wdr54,666,814,538,359,615,514
Wdr55,380,372,231,156,264,313
Wdr59,835,813,918,444,727,694
Wdr5b,323,255,148,123,181,164
Wdr6,2132,1413,1089,763,1080,1182
Wdr60,2779,2796,2985,1211,2310,2342
Wdr61,1139,1214,921,576,960,1010
Wdr62,44,47,47,22,67,36
Wdr63,1,0,1,0,3,1
Wdr64,1,3,1,1,1,2
Wdr66,179,204,181,105,154,140
Wdr7,2484,2238,2416,1249,1805,1868
Wdr70,1544,1741,1367,815,1344,1332
Wdr72,0,0,0,0,2,0
Wdr73,1768,1689,1250,856,1270,1272
Wdr74,309,347,256,182,283,287
Wdr75,1777,1784,1655,778,1553,1540
Wdr76,355,408,257,226,306,255
Wdr77,2028,1924,1528,1097,1627,1581
Wdr78,1414,1574,1531,660,1325,1531
Wdr81,559,532,504,289,445,374
Wdr82,2548,3400,2580,1082,2155,2343
Wdr83,1568,1574,1029,838,1131,1242
Wdr83os,1276,1345,778,618,948,1027
Wdr86,7,6,5,3,7,5
Wdr89,187,177,133,86,138,120
Wdr90,1140,1238,1251,682,1064,1129
Wdr91,1075,1058,898,542,833,749
Wdr92,944,1017,820,358,775,812
Wdr93,2,7,4,2,3,6
Wdr95,39,48,51,35,31,35
Wdsub1,390,423,422,211,392,302
Wdtc1,1311,1520,1040,669,1168,1249
Wdyhv1,1371,1596,899,659,1108,1100
Wee1,741,764,535,331,515,600
Wee2,5,7,4,1,3,1
Wfdc1,26,55,13,34,49,42
Wfdc10,0,0,0,0,1,0
Wfdc11,0,0,0,0,0,0
Wfdc12,0,0,0,1,0,3
Wfdc13,0,0,0,0,0,0
Wfdc15a,0,0,0,0,0,0
Wfdc15b,0,0,0,0,0,0
Wfdc16,1,0,0,0,0,0
Wfdc17,2,2,3,8,12,0
Wfdc18,30,22,13,15,14,10
Wfdc2,7,6,6,2,7,4
Wfdc21,1,0,0,0,1,0
Wfdc3,28,42,32,20,26,17
Wfdc5,0,0,0,0,0,0
Wfdc6a,0,0,0,0,0,0
Wfdc6b,0,0,0,0,0,0
Wfdc8,0,0,0,0,0,0
Wfdc9,0,1,0,0,0,0
Wfikkn1,12,12,14,10,14,15
Wfikkn2,8,15,13,4,5,8
Wfs1,2553,1915,1790,607,1583,1633
Whamm,2178,1818,1550,1062,1560,1631
Whrn,1033,1157,991,662,1076,841
Wif1,52,45,39,26,35,45
Wincr1,0,0,0,0,0,0
Wipf1,314,326,310,192,381,250
Wipf2,1929,2390,2135,1179,2101,1852
Wipf3,3847,5217,4570,2018,3726,5227
Wipi1,1157,1227,802,549,860,739
Wipi2,2960,3235,3028,1523,3016,2688
Wisp1,195,320,230,148,220,219
Wisp2,3,8,1,0,2,3
Wisp3,3,5,7,1,1,3
Wiz,1504,1615,1280,861,1276,1148
Wls,3139,3538,1880,1389,2530,2261
Wnk1,7155,7957,9861,4230,8397,7221
Wnk2,3981,5472,4314,2725,4348,3853
Wnk3,786,753,755,448,604,553
Wnk4,187,215,174,74,163,161
Wnt1,14,13,5,3,5,9
Wnt10a,256,297,190,128,220,232
Wnt10b,49,45,39,16,27,23
Wnt11,4,4,2,0,1,3
Wnt16,47,52,24,29,38,45
Wnt2,329,324,229,96,229,259
Wnt2b,38,44,20,14,42,36
Wnt3,55,48,52,31,64,67
Wnt3a,5,11,2,2,0,4
Wnt4,350,387,323,233,211,270
Wnt5a,409,403,300,186,315,308
Wnt5b,78,120,65,39,107,94
Wnt6,21,59,28,11,53,31
Wnt7a,110,170,76,60,163,130
Wnt7b,211,339,201,113,192,194
Wnt8a,0,0,3,1,0,3
Wnt8b,33,28,14,4,21,26
Wnt9a,379,326,279,200,201,191
Wnt9b,3,3,3,0,2,4
Wrap53,421,470,364,201,372,394
Wrap73,766,790,588,388,598,597
Wrb,1517,1603,1189,750,1262,1187
Wrn,1348,1234,1210,610,1034,1014
Wrnip1,1513,1607,1114,626,1099,1169
Wsb1,7963,7615,7746,3844,6666,6205
Wsb2,1344,1550,1481,810,1282,1030
Wscd1,1390,1649,1067,658,1455,1236
Wscd2,4435,4840,3890,1828,3744,3798
Wt1,1,3,5,2,1,0
Wt1os,0,0,0,0,0,0
Wtap,1248,1228,1112,493,872,1058
Wtip,270,224,175,121,140,139
Wwc1,847,969,1017,639,896,816
Wwc2,2109,2417,1613,1125,1620,1622
Wwox,1136,1401,1341,691,1192,1116
Wwp1,3109,3122,2621,1574,2485,2545
Wwp2,1242,1386,1186,634,1186,1111
Wwtr1,148,231,122,96,190,158
Xab2,925,816,683,441,625,705
Xaf1,281,303,362,227,459,225
Xbp1,2892,3403,2299,1206,2528,2889
Xcl1,0,3,4,2,8,2
Xcr1,0,0,0,1,0,0
Xdh,15,45,25,15,50,25
Xiap,2417,2851,2097,1301,2079,2028
Xirp1,0,0,1,0,0,1
Xirp2,44,56,21,27,54,49
Xist,12,10,9,5,10,12
Xk,541,607,466,222,374,394
Xkr4,2268,2790,2450,1280,1875,1743
Xkr5,9,7,1,1,7,5
Xkr6,2353,3091,3900,1427,2529,2449
Xkr7,86,99,125,60,109,109
Xkr8,219,180,146,67,139,152
Xkr9,2,0,2,0,3,0
Xkrx,49,42,34,18,20,19
Xlr,6,10,9,12,13,4
Xlr3a,26,60,29,23,35,47
Xlr3b,451,230,120,38,178,392
Xlr3c,0,0,0,0,1,1
Xlr4a,0,24,13,19,7,6
Xlr4b,70,32,32,20,16,85
Xlr4c,7,1,2,8,0,3
Xlr5a,0,0,0,0,2,0
Xlr5b,1,0,0,0,0,0
Xlr5c,0,2,0,0,2,0
Xndc1,1663,1958,1454,920,1503,1558
Xntrpc,25,33,23,13,22,20
Xpa,1333,1385,902,590,1108,982
Xpc,941,1004,788,458,743,760
Xpnpep1,1428,1437,1187,791,1241,1237
Xpnpep2,2,4,2,0,8,1
Xpnpep3,1218,1254,1090,645,990,918
Xpo1,2470,2272,2120,1128,1783,2042
Xpo4,1890,2044,1777,1069,1656,1710
Xpo5,1457,1412,1263,724,1146,1054
Xpo6,3367,3704,4135,1876,3373,3190
Xpo7,3040,3047,2928,1730,2689,2670
Xpot,1157,1294,1248,599,1062,1014
Xpr1,4931,5392,5806,2600,4814,4765
Xrcc1,1068,1212,877,595,954,970
Xrcc2,354,450,412,191,383,365
Xrcc3,275,257,205,104,240,207
Xrcc4,978,1128,827,484,856,901
Xrcc5,382,396,336,198,320,312
Xrcc6,955,925,802,496,792,780
Xrn1,4776,4823,5325,2410,4351,4228
Xrn2,3385,3228,3281,1507,2947,3169
Xrra1,52,48,16,31,27,24
Xxylt1,847,893,754,370,657,667
Xylb,411,463,366,227,380,367
Xylt1,2734,5076,2523,2526,2973,2546
Xylt2,643,752,572,281,546,498
Yae1d1,2051,2338,1306,1061,1503,1592
Yaf2,951,1048,769,561,664,650
Yap1,599,830,423,338,461,538
Yars,3539,4008,2761,2033,3060,3038
Yars2,1462,1687,1158,680,1229,1362
Ybey,685,691,415,369,466,447
Ybx1,4578,5983,4926,2610,4598,4719
Ybx2,169,124,122,95,101,102
Ybx3,636,896,994,471,747,673
Ydjc,1520,1662,1105,651,1281,1417
Yeats2,3863,4376,4131,2052,3616,3601
Yeats4,910,1018,614,387,683,576
Yes1,768,939,713,468,732,561
Yif1a,369,381,216,200,281,257
Yif1b,1259,1259,703,438,884,943
Yipf1,1413,1731,1119,645,1432,1279
Yipf2,1094,1188,771,579,894,854
Yipf3,2095,2272,1487,759,1497,1692
Yipf4,2661,2805,1457,1037,1870,1937
Yipf5,4271,4993,2874,2040,3618,3754
Yipf6,1497,1585,1285,842,1274,1166
Yipf7,5,5,4,1,7,1
Yjefn3,189,241,98,157,152,160
Ykt6,1769,1908,1478,863,1339,1314
Ylpm1,12576,13107,11801,6559,10452,10295
Yme1l1,4725,4587,4634,2103,3738,3860
Yod1,776,794,583,358,514,591
Ypel1,837,955,632,407,566,626
Ypel2,2729,2809,2303,1278,2458,2288
Ypel3,8254,9386,5316,4093,6434,7338
Ypel4,3145,3338,2692,1764,2477,2603
Ypel5,812,842,555,396,586,537
Yrdc,903,1076,710,388,816,782
Ythdc1,6348,6250,6017,2755,4976,4931
Ythdc2,3880,4012,4400,1747,3289,3599
Ythdf1,1412,2021,1250,832,1308,1237
Ythdf2,863,963,749,388,761,701
Ythdf3,2393,2676,2529,1343,2036,2210
Ywhab,4670,4766,4003,2290,3723,3467
Ywhae,2866,2970,2026,1435,2038,1926
Ywhag,10047,12119,8106,4704,8129,8033
Ywhah,6688,7872,4683,3391,5098,4286
Ywhaq,2777,3377,2348,1353,2312,2267
Ywhaz,10007,11965,7995,4740,7727,8093
Yy1,1407,1383,1364,755,1112,1105
Yy2,0,0,0,0,0,0
Zadh2,961,1036,736,469,684,710
Zan,37,28,22,17,32,32
Zap70,38,33,35,19,33,33
Zar1,32,40,21,18,18,12
Zar1l,128,114,49,58,60,68
Zbbx,123,88,84,41,75,81
Zbed3,384,463,330,209,392,369
Zbed4,472,527,552,313,413,412
Zbed5,997,880,539,533,620,569
Zbed6,0,0,0,0,0,0
Zbp1,0,4,8,3,25,0
Zbtb1,1044,1178,1264,439,878,890
Zbtb10,252,307,306,136,230,227
Zbtb11,2720,3198,3237,1309,2499,2400
Zbtb11os1,265,321,94,111,206,161
Zbtb12,299,288,194,147,228,176
Zbtb14,590,494,369,254,326,337
Zbtb16,2309,3969,2952,1632,3340,3981
Zbtb17,2201,2180,1563,1110,1725,1867
Zbtb18,1324,1376,1170,832,975,809
Zbtb2,254,352,382,136,296,265
Zbtb20,8366,8942,7838,3813,8055,8560
Zbtb21,854,1029,964,458,789,807
Zbtb22,289,293,251,146,208,200
Zbtb24,862,855,628,360,604,638
Zbtb25,864,925,498,415,569,602
Zbtb26,559,675,725,324,565,506
Zbtb3,113,113,78,47,71,63
Zbtb32,3,1,1,0,2,1
Zbtb33,299,337,263,120,227,234
Zbtb34,328,287,294,162,232,192
Zbtb37,1773,2188,2260,996,1781,1575
Zbtb38,4847,4879,4076,2236,3611,3735
Zbtb39,199,172,196,108,151,140
Zbtb4,1743,1846,2016,855,1691,1557
Zbtb40,635,802,720,388,687,765
Zbtb41,720,946,700,371,636,578
Zbtb42,10,8,4,2,4,3
Zbtb43,1371,1262,1257,667,1052,1039
Zbtb44,1119,1330,1174,600,926,902
Zbtb45,589,424,416,222,345,334
Zbtb46,594,693,618,336,528,541
Zbtb48,509,627,466,240,470,484
Zbtb49,897,838,811,425,756,701
Zbtb5,734,844,651,347,569,599
Zbtb6,1383,1375,1014,622,1027,1140
Zbtb7a,3439,3198,2640,1446,2304,2295
Zbtb7b,86,108,84,57,99,97
Zbtb7c,417,370,256,162,305,318
Zbtb8a,389,446,236,189,257,274
Zbtb8b,115,149,147,56,146,110
Zbtb8os,964,1068,895,430,784,821
Zbtb9,346,341,222,139,260,284
Zc2hc1a,1479,1710,1398,795,1244,1218
Zc2hc1b,0,0,0,0,0,0
Zc2hc1c,101,93,63,42,63,72
Zc3h10,206,200,154,96,145,137
Zc3h11a,808,982,890,430,735,835
Zc3h11a-1,34,16,15,13,18,22
Zc3h12a,46,53,55,33,75,41
Zc3h12b,1580,1812,1312,732,1165,1386
Zc3h12c,530,552,854,290,506,494
Zc3h12d,2,2,6,1,6,3
Zc3h13,6826,8522,6448,3436,6729,6539
Zc3h14,3999,5742,4414,2340,4042,3921
Zc3h15,4961,6246,3234,2586,4093,4323
Zc3h18,1602,1665,1707,989,1451,1426
Zc3h3,1210,1323,1225,610,1170,1237
Zc3h4,859,929,911,454,792,703
Zc3h6,3235,3421,2139,1446,1829,2012
Zc3h7a,4898,5380,5068,2652,4467,4222
Zc3h7b,1422,1304,1317,741,1184,1026
Zc3h8,872,914,682,436,667,617
Zc3hav1,104,110,140,96,268,85
Zc3hav1l,250,156,114,70,112,175
Zc3hc1,400,465,371,206,318,320
Zc4h2,656,714,373,319,431,497
Zcchc10,280,293,180,156,170,227
Zcchc11,4585,4129,4689,2205,3681,3501
Zcchc12,1508,944,1073,366,861,1000
Zcchc13,3,4,5,1,0,3
Zcchc14,2456,2192,2390,1250,1945,1832
Zcchc17,936,1148,923,558,840,806
Zcchc18,12765,12208,9579,5200,9896,10648
Zcchc2,735,824,1066,393,768,621
Zcchc24,275,392,268,186,374,338
Zcchc3,765,696,352,317,518,483
Zcchc4,1332,1397,1174,713,1142,1023
Zcchc6,3370,3359,4225,1528,2992,2994
Zcchc7,15978,14039,14447,6926,11889,13653
Zcchc8,2207,2576,2456,1071,2048,2163
Zcchc9,877,912,570,561,775,810
Zcrb1,3174,4195,2756,1784,3088,3173
Zcwpw1,263,269,344,126,241,220
Zdbf2,1432,1515,2095,505,1609,1493
Zdhhc1,1976,2708,1755,1515,2029,1848
Zdhhc11,1,0,0,0,0,1
Zdhhc12,363,386,181,149,254,208
Zdhhc13,903,937,641,472,624,686
Zdhhc14,3774,4493,3764,1940,3576,3897
Zdhhc15,498,555,326,264,344,356
Zdhhc16,1188,1180,902,572,958,1008
Zdhhc17,5876,5757,5620,2662,4600,4349
Zdhhc18,753,817,771,470,593,671
Zdhhc19,4,6,3,2,3,3
Zdhhc2,2002,2363,1895,1109,1880,1730
Zdhhc20,8317,8459,6228,4169,6897,7336
Zdhhc21,4527,4602,3970,2495,3443,3379
Zdhhc22,1077,1237,971,574,958,943
Zdhhc23,3214,3297,2475,1421,2426,2454
Zdhhc24,2525,2834,2201,1063,2250,2207
Zdhhc25,0,0,0,0,0,0
Zdhhc3,2109,2236,2147,947,1802,1601
Zdhhc4,2138,2010,1220,959,1440,1614
Zdhhc5,1057,1260,1189,482,976,1067
Zdhhc6,2227,2458,1649,1088,1836,1850
Zdhhc7,980,1093,895,461,744,820
Zdhhc8,2768,2817,2232,1498,1902,1783
Zdhhc9,1833,2261,1603,891,1725,1597
Zeb1,3210,3316,3127,1553,2799,3228
Zeb2,10314,12384,11662,7836,10649,8435
Zeb2os,162,176,88,98,137,100
Zer1,6107,6246,6315,3228,5599,5486
Zfand1,2738,3024,1658,1273,2037,2054
Zfand2a,1037,1073,799,516,854,755
Zfand2b,1152,1183,730,584,874,957
Zfand3,1321,1785,1659,747,1390,1510
Zfand4,584,618,477,302,421,432
Zfand5,5822,6737,5076,2833,4511,4469
Zfand6,1715,2100,1384,964,1751,1725
Zfat,1237,1425,1326,705,1129,1232
Zfc3h1,5872,6715,5829,3218,5182,5403
Zfhx2,3966,4297,5388,1833,4033,3845
Zfhx2os,734,673,646,467,679,600
Zfhx3,1526,1343,1416,563,1395,1197
Zfhx4,1688,1403,1618,701,1154,1295
Zfp1,2553,2862,1943,1344,2079,2188
Zfp101,1347,1371,1085,698,998,954
Zfp105,422,426,296,263,332,302
Zfp106,3470,3945,4257,1849,3049,2834
Zfp108,365,400,312,158,271,293
Zfp109,235,307,218,137,228,217
Zfp11,305,309,287,171,265,229
Zfp110,893,932,612,435,662,628
Zfp111,289,308,286,113,224,228
Zfp112,2309,2723,1750,1163,1885,1985
Zfp113,660,711,489,344,581,547
Zfp114,261,265,221,105,177,191
Zfp119a,238,277,225,152,201,179
Zfp119b,108,83,62,55,66,51
Zfp12,1829,2005,1794,811,1528,1568
Zfp120,447,465,424,235,325,362
Zfp128,549,612,406,210,415,422
Zfp13,413,404,254,165,252,261
Zfp131,1888,2056,1759,950,1563,1654
Zfp14,225,191,175,106,153,184
Zfp141,886,1018,748,417,701,709
Zfp142,1432,1757,1774,727,1404,1285
Zfp143,574,620,377,291,381,409
Zfp146,1078,1125,628,585,666,814
Zfp148,3451,3703,4062,2042,3118,3063
Zfp157,5014,5589,3849,2553,3965,4217
Zfp160,2262,2474,2040,1146,1811,1857
Zfp169,1147,1361,998,555,972,1022
Zfp174,417,456,356,216,313,328
Zfp180,824,868,870,437,712,648
Zfp182,1426,1655,1185,705,1221,1245
Zfp184,231,301,209,101,240,202
Zfp185,32,35,28,15,25,22
Zfp189,216,322,290,106,252,381
Zfp2,1174,1244,978,507,846,889
Zfp202,258,225,204,121,190,141
Zfp207,7614,8485,7398,4251,7093,7586
Zfp212,590,639,294,188,370,400
Zfp213,682,647,311,233,389,427
Zfp217,53,80,47,36,73,40
Zfp219,477,516,404,235,399,416
Zfp229,97,103,58,52,81,62
Zfp235,1305,1378,1172,598,985,1062
Zfp236,1466,1443,1684,787,1232,1307
Zfp239,969,788,697,455,584,574
Zfp24,967,1164,815,467,774,817
Zfp248,1002,1161,722,428,820,867
Zfp251,927,1212,1067,436,874,814
Zfp26,1796,1914,1664,931,1397,1411
Zfp260,2386,3039,1852,1272,1904,2219
Zfp263,1291,1547,1364,713,1197,1277
Zfp266,5268,6455,3355,2537,4107,4352
Zfp27,690,685,497,342,530,579
Zfp273,538,610,369,307,477,430
Zfp275,312,316,331,186,264,226
Zfp276,1580,1653,1415,802,1529,1625
Zfp277,2074,2335,2276,1182,2096,2076
Zfp28,692,722,582,321,593,561
Zfp280b,320,273,269,145,188,216
Zfp280c,2229,1803,1698,965,1595,1687
Zfp280d,6798,6642,7004,3417,5422,5673
Zfp281,1460,1529,1180,751,1061,1194
Zfp282,807,952,868,464,711,667
Zfp286,1642,1813,980,867,1151,1025
Zfp286os,0,0,0,1,0,0
Zfp287,2287,2603,2027,1011,1885,1982
Zfp292,7885,8732,7438,4041,6887,6835
Zfp296,39,31,20,21,19,21
Zfp3,597,613,336,268,380,409
Zfp30,2392,2288,1515,1012,1727,1619
Zfp300,229,245,165,117,172,137
Zfp316,749,691,593,394,517,463
Zfp317,1458,1676,1240,714,1211,1195
Zfp318,4135,4220,4283,1856,3335,3384
Zfp319,418,419,400,160,295,334
Zfp322a,3610,4082,2774,1897,2899,2890
Zfp324,805,985,642,362,665,694
Zfp326,2889,3289,3274,1478,2635,2711
Zfp329,9103,9286,5966,4489,6726,6730
Zfp330,1195,1289,1169,553,1054,1023
Zfp334,1078,1011,1092,473,772,830
Zfp335,908,1021,836,546,827,935
Zfp335os,1127,1152,587,528,831,785
Zfp341,576,564,441,293,451,451
Zfp345,1,0,0,0,0,0
Zfp346,1772,2040,1981,788,1493,1468
Zfp35,413,429,284,225,349,344
Zfp352,0,0,0,0,0,0
Zfp354a,795,695,581,316,535,580
Zfp354b,377,426,335,208,328,337
Zfp354c,1238,1265,1201,664,813,883
Zfp358,369,358,229,141,241,262
Zfp36,132,176,135,82,288,184
Zfp362,444,503,384,274,311,313
Zfp365,3526,3785,2886,1622,2462,2645
Zfp366,7,11,6,9,21,7
Zfp367,225,219,156,110,140,110
Zfp369,1221,1427,1421,577,1141,1187
Zfp36l1,883,1428,622,562,1404,1007
Zfp36l2,697,1050,570,326,905,819
Zfp36l3,0,1,1,0,0,0
Zfp37,497,481,363,310,417,373
Zfp382,672,729,581,332,497,499
Zfp383,337,352,255,166,255,291
Zfp384,1393,1574,1474,739,1296,1408
Zfp385a,935,979,719,494,741,778
Zfp385b,4752,6182,4675,2822,4254,4708
Zfp385c,8,18,10,11,15,10
Zfp386,1478,1522,1114,730,994,1006
Zfp39,392,365,230,219,270,271
Zfp395,262,247,188,154,217,162
Zfp397,5202,5951,4179,2285,4405,4537
Zfp398,5454,6265,4459,2995,4637,4932
Zfp40,1660,1531,1535,792,1119,1065
Zfp407,1646,1531,2046,769,1357,1366
Zfp408,1950,2328,1351,1093,1788,1716
Zfp41,165,178,130,89,112,134
Zfp410,1606,1849,1909,903,1633,1595
Zfp414,2921,3215,1581,1477,2207,2158
Zfp418,406,448,378,196,308,353
Zfp42,0,0,0,0,0,0
Zfp420,334,355,399,181,302,322
Zfp422,848,651,358,350,375,506
Zfp423,146,124,117,71,82,130
Zfp426,1529,2172,2006,772,1615,1686
Zfp428,550,596,333,243,374,384
Zfp429,66,86,54,40,73,75
Zfp433,77,85,69,42,43,41
Zfp438,797,765,525,378,578,522
Zfp442,647,778,601,340,621,585
Zfp444,712,781,694,400,631,638
Zfp445,11840,9740,11056,5328,7964,8416
Zfp446,1075,1077,708,474,810,907
Zfp449,199,258,191,126,194,193
Zfp451,4901,5531,5327,2416,4114,4323
Zfp454,192,227,204,99,152,144
Zfp455,54,67,45,40,50,44
Zfp456,29,41,29,14,23,25
Zfp457,242,328,161,192,175,146
Zfp458,1263,1217,1159,549,953,956
Zfp459,90,83,67,53,76,79
Zfp46,3496,2839,1508,1303,1584,1548
Zfp462,2304,2091,2333,1099,1962,1943
Zfp467,712,796,609,319,607,523
Zfp469,33,35,29,18,18,35
Zfp472,139,122,81,50,80,92
Zfp473,16,21,18,12,21,19
Zfp474,0,1,0,1,1,1
Zfp488,35,43,33,28,33,35
Zfp493,134,190,126,73,108,110
Zfp503,153,116,90,32,81,81
Zfp507,2301,2473,1789,1046,1774,1769
Zfp51,140,152,104,84,124,101
Zfp511,1570,1879,1265,744,1384,1390
Zfp512,3394,3769,2794,1864,2850,2725
Zfp512b,3389,3116,2906,1620,2132,2494
Zfp513,1111,1027,720,497,745,823
Zfp516,462,461,502,194,472,492
Zfp518a,434,355,344,181,260,236
Zfp518b,592,556,512,257,356,359
Zfp52,111,128,140,63,117,83
Zfp521,235,239,156,109,212,212
Zfp523,2460,2603,1932,1431,2011,2057
Zfp524,85,84,51,36,61,66
Zfp526,92,116,76,38,66,89
Zfp53,142,206,154,96,162,121
Zfp532,1843,1879,1994,1095,1544,1523
Zfp534,0,0,0,0,0,0
Zfp536,2801,3377,3191,1528,3033,3082
Zfp54,160,162,99,72,115,116
Zfp541,11,25,12,12,16,15
Zfp551,157,174,119,78,140,134
Zfp553,1496,1598,988,681,1221,1241
Zfp558,108,116,88,43,100,66
Zfp560,1414,1509,894,558,1040,1021
Zfp563,702,713,527,307,520,513
Zfp566,1362,1380,906,612,972,933
Zfp568,317,359,311,156,310,292
Zfp57,1078,1213,1385,560,1004,969
Zfp574,702,605,512,291,420,438
Zfp575,465,460,221,231,284,276
Zfp579,561,588,439,294,511,439
Zfp58,231,256,189,100,175,213
Zfp580,563,592,323,330,375,411
Zfp583,866,953,651,410,681,686
Zfp59,285,344,277,130,210,229
Zfp592,936,985,1016,483,837,861
Zfp593,343,418,260,184,289,309
Zfp595,200,210,186,89,180,160
Zfp597,1243,1506,1332,648,995,1037
Zfp598,1007,917,932,550,819,875
Zfp599,253,256,182,132,184,192
Zfp60,1509,1466,1482,735,1185,1175
Zfp600,0,0,0,0,0,0
Zfp605,765,845,595,429,605,665
Zfp606,1071,1171,958,619,925,867
Zfp607a,199,210,192,109,204,196
Zfp607b,478,479,480,208,351,342
Zfp608,1056,1168,1028,607,1069,971
Zfp609,996,1115,1327,598,964,881
Zfp61,1753,1835,1217,749,1277,1378
Zfp612,3900,4136,3148,1619,2847,3065
Zfp616,0,0,0,0,0,0
Zfp617,626,655,409,341,474,477
Zfp618,421,380,444,184,393,371
Zfp619,369,446,367,192,325,367
Zfp62,2548,3199,2999,1439,2459,2378
Zfp622,776,892,653,330,604,647
Zfp623,414,425,408,215,327,339
Zfp626,455,465,452,261,352,333
Zfp628,154,171,113,73,99,135
Zfp629,478,486,552,263,408,335
Zfp637,1440,1421,923,754,1056,1018
Zfp638,9083,10068,9852,4526,7827,7583
Zfp639,1502,1715,1609,824,1287,1246
Zfp64,1042,1107,689,554,817,747
Zfp641,372,362,319,184,261,233
Zfp644,4436,4560,4719,2199,3590,3502
Zfp646,1196,1190,1229,458,1006,898
Zfp647,45,55,24,27,32,18
Zfp648,63,75,29,34,36,30
Zfp65,362,384,320,192,319,313
Zfp651,1190,1476,1483,715,1186,1181
Zfp652,1560,1545,2043,888,1356,1175
Zfp652os,134,145,61,57,100,70
Zfp653,1326,1458,1258,728,1200,1149
Zfp654,1905,2066,1764,1049,1597,1662
Zfp655,871,1115,964,446,794,686
Zfp658,244,336,384,101,255,239
Zfp661,209,155,140,87,122,128
Zfp663,2,0,1,2,3,0
Zfp664,2295,2493,2530,1326,1933,1972
Zfp667,820,901,793,366,694,777
Zfp668,883,981,862,494,728,728
Zfp672,2264,2973,2264,1369,2066,2103
Zfp677,117,119,100,80,99,74
Zfp68,2233,2632,1817,1062,1915,1772
Zfp683,1,0,0,0,0,1
Zfp687,692,699,592,388,626,542
Zfp688,790,843,464,399,539,558
Zfp689,301,330,193,117,234,227
Zfp69,336,471,400,206,619,420
Zfp691,48,58,47,28,58,42
Zfp692,7205,7250,5113,3814,5830,5941
Zfp697,1270,1439,1435,739,1063,956
Zfp7,948,1175,820,531,823,858
Zfp703,312,398,206,195,259,200
Zfp704,2040,1843,2556,1188,1617,1480
Zfp706,1931,1976,1457,836,1306,1339
Zfp707,696,707,418,315,471,452
Zfp708,60,45,20,27,29,33
Zfp709,478,620,404,274,420,442
Zfp710,320,369,332,223,341,269
Zfp711,723,751,738,322,563,598
Zfp712,239,197,192,95,131,160
Zfp715,671,539,591,268,417,498
Zfp719,507,605,462,299,446,454
Zfp72,346,396,339,164,288,302
Zfp729a,566,569,603,319,409,459
Zfp729b,506,501,373,300,475,398
Zfp735,0,0,0,0,0,0
Zfp738,3547,4075,3308,1898,2921,3164
Zfp74,1167,1148,881,600,887,903
Zfp740,2959,3429,2239,1675,2688,2260
Zfp746,668,797,681,383,563,578
Zfp747,171,168,104,69,99,112
Zfp748,325,409,303,166,290,298
Zfp750,2,6,4,3,5,4
Zfp758,396,439,409,208,291,351
Zfp759,168,185,152,96,127,121
Zfp760,528,618,508,295,471,445
Zfp763,774,757,477,356,458,517
Zfp764,91,79,50,48,56,41
Zfp768,238,226,159,108,174,155
Zfp770,1230,1187,725,467,714,812
Zfp771,893,964,650,477,651,711
Zfp772,283,241,230,119,171,180
Zfp773,63,69,70,27,66,46
Zfp775,76,95,63,42,55,64
Zfp777,503,541,419,270,354,392
Zfp78,121,150,94,56,106,93
Zfp780b,722,802,849,382,724,672
Zfp781,37,43,43,22,28,32
Zfp784,185,249,119,78,197,147
Zfp786,523,485,376,200,368,383
Zfp787,713,755,583,416,575,546
Zfp788,2953,3253,1913,1414,2323,2526
Zfp790,474,573,446,205,398,409
Zfp791,139,189,120,93,111,106
Zfp799,4643,4538,2636,2380,3000,3187
Zfp800,2347,2730,2412,1114,2054,2227
Zfp804a,2312,2485,1543,1088,1663,1832
Zfp804b,776,901,846,373,588,552
Zfp808,115,170,111,77,130,113
Zfp809,936,1145,701,540,864,728
Zfp81,2043,2239,1682,987,1541,1700
Zfp810,1202,1246,1174,605,932,808
Zfp811,369,323,308,155,266,266
Zfp813-ps,0,0,0,0,1,1
Zfp819,8,2,4,0,4,2
Zfp82,232,288,192,101,196,196
Zfp820,36,36,25,13,30,21
Zfp821,2040,2419,1798,1054,1721,1628
Zfp825,220,240,171,89,155,161
Zfp827,1661,1761,1764,941,1345,1347
Zfp830,1029,1010,559,440,651,695
Zfp831,581,532,644,288,377,397
Zfp839,504,558,405,279,444,329
Zfp84,465,441,446,175,338,290
Zfp846,3945,3985,2619,1930,2733,2674
Zfp85,292,325,200,114,226,257
Zfp850,173,148,162,72,101,105
Zfp853,108,109,85,47,98,95
Zfp865,795,811,815,444,682,601
Zfp865-1,0,0,0,0,0,0
Zfp866,960,1179,1298,504,917,900
Zfp867,565,496,297,292,327,288
Zfp868,1170,1459,1058,660,1100,1082
Zfp869,152,175,156,90,130,115
Zfp87,331,407,252,187,278,270
Zfp870,207,212,188,118,134,157
Zfp871,3486,3861,3146,1882,2982,2965
Zfp872,8,5,10,1,10,3
Zfp873,818,852,652,388,653,597
Zfp874a,241,373,231,125,206,228
Zfp874b,380,454,412,223,375,341
Zfp879,143,148,76,43,74,90
Zfp882,612,654,458,318,500,504
Zfp9,821,898,653,441,607,671
Zfp90,1403,1624,1212,778,1363,1173
Zfp91,1725,2150,2240,1086,1689,1584
Zfp92,221,250,216,89,193,198
Zfp93,669,691,389,300,448,556
Zfp930,1381,1565,1053,661,1037,1186
Zfp931,992,1204,818,483,886,985
Zfp932,2644,3343,2640,1410,2488,2389
Zfp933,494,506,613,254,519,519
Zfp934,1155,1173,778,523,847,874
Zfp935,0,0,0,0,0,0
Zfp936,1,0,0,0,0,0
Zfp937,246,283,222,143,206,205
Zfp938,1320,1402,1077,705,1116,1214
Zfp94,936,947,610,417,700,695
Zfp940,878,1073,790,487,785,754
Zfp941,3213,2680,2038,1426,1885,2093
Zfp942,1137,1383,959,575,1064,1052
Zfp943,882,1028,887,492,737,780
Zfp944,908,928,680,485,735,736
Zfp945,3227,3620,2630,1842,2559,2377
Zfp946,568,664,656,347,507,534
Zfp947,168,164,84,73,112,89
Zfp948,537,597,689,298,512,630
Zfp949,1804,2184,1600,892,1490,1647
Zfp950,12447,14413,10979,6442,10889,11655
Zfp951,306,395,288,155,269,210
Zfp952,710,747,806,405,583,570
Zfp953,85,83,61,44,79,67
Zfp954,221,205,144,79,170,158
Zfp955a,1941,2300,2058,937,1687,1873
Zfp955b,1467,1915,1189,743,1194,1263
Zfp956,2463,2312,1320,1185,1565,1604
Zfp957,1,0,0,0,0,1
Zfp958,421,424,383,189,290,305
Zfp959,214,234,174,110,188,141
Zfp960,149,208,123,88,118,143
Zfp961,623,705,637,309,559,555
Zfp963,266,274,217,138,184,206
Zfp964,236,254,161,96,178,142
Zfp965,48,59,73,47,64,56
Zfp966,141,145,180,95,150,158
Zfp967,2,2,1,2,2,4
Zfp968,637,832,679,364,605,631
Zfp969,3,0,3,2,0,2
Zfp97,408,548,318,257,324,391
Zfp970,273,337,252,183,239,259
Zfp971,632,696,518,383,502,564
Zfp972,34,34,44,33,47,41
Zfp973,216,275,225,154,197,208
Zfp974,991,1183,926,549,915,772
Zfp975,273,278,332,145,246,224
Zfp976,360,398,422,205,343,297
Zfp977,151,161,100,67,103,98
Zfp978,0,0,1,0,1,0
Zfp979,2,2,4,3,3,2
Zfp980,0,0,1,0,0,0
Zfp981,5,6,2,0,0,0
Zfp982,82,117,90,54,86,51
Zfp983,68,81,92,46,54,64
Zfp984,45,46,40,35,28,30
Zfp985,1,0,0,1,2,4
Zfp986,1,2,2,1,4,0
Zfp987,1,0,0,1,0,0
Zfp988,3,4,3,3,2,5
Zfp989,0,0,0,0,1,0
Zfp990,0,0,0,0,1,0
Zfp991,105,94,92,66,103,72
Zfp992,36,49,53,29,53,32
Zfp993,39,52,34,21,35,21
Zfp994,318,322,274,171,243,201
Zfp995,891,876,632,388,551,579
Zfpl1,1023,1186,631,580,902,938
Zfpm1,180,145,134,105,138,105
Zfpm2,2791,3881,2859,1573,2489,2603
Zfr,7608,9005,6350,4378,6362,6341
Zfr2,3655,3790,3554,2053,3567,3194
Zfx,901,1086,1063,460,826,777
Zfy1,0,0,0,1,0,0
Zfy2,0,0,0,0,0,0
Zfyve1,1143,1449,1608,596,1207,1169
Zfyve16,2483,1931,2822,877,1676,1750
Zfyve19,1625,1814,1656,760,1432,1386
Zfyve21,513,648,385,197,529,511
Zfyve26,1835,2264,2256,991,1935,1678
Zfyve27,3716,4105,3376,1965,3339,3280
Zfyve28,4067,4062,3795,1843,3107,3123
Zfyve9,7686,8512,6737,3796,6374,7105
Zg16,0,2,0,0,0,0
Zglp1,10,23,14,7,20,18
Zgpat,4852,4968,3248,2365,3736,4308
Zgrf1,568,522,650,265,513,405
Zhx1,1386,1556,1350,679,1159,1122
Zhx2,238,258,252,132,297,290
Zhx3,1843,2285,1779,913,1784,1944
Zic1,345,284,209,133,271,260
Zic2,140,172,89,41,122,136
Zic3,47,24,36,22,35,32
Zic4,195,157,150,67,167,178
Zic5,93,115,76,29,119,100
Zik1,773,726,534,281,495,542
Zim1,211,100,195,50,168,177
Zim3,30,12,9,10,11,27
Zkscan1,2559,2775,1986,1164,1969,2008
Zkscan14,473,543,289,165,350,360
Zkscan16,694,597,579,276,401,397
Zkscan17,591,720,480,375,555,475
Zkscan2,3300,3356,2598,1862,2449,2095
Zkscan3,4677,6074,5624,2496,5293,5489
Zkscan4,232,218,171,107,168,180
Zkscan5,491,501,279,221,356,355
Zkscan6,595,657,483,339,540,518
Zkscan7,370,362,297,129,288,276
Zkscan8,1162,1347,1022,596,970,1000
Zmat1,1830,1905,1387,846,1263,1279
Zmat2,1355,1430,916,775,1038,956
Zmat3,3346,3971,2711,1567,2849,2809
Zmat4,4212,4949,3528,2599,3637,3558
Zmat5,531,593,387,291,463,407
Zmiz1,3148,3380,3219,2047,3168,2985
Zmiz1os1,408,432,281,210,312,323
Zmiz2,1642,1693,1749,1085,1464,1309
Zmpste24,1395,1527,1292,576,1193,1129
Zmym1,628,586,580,243,533,528
Zmym2,3402,3505,3797,1768,2728,2819
Zmym3,4433,3385,4623,1864,3257,3109
Zmym4,3256,3472,3891,1798,3000,2690
Zmym5,2306,2536,2218,1126,2029,1969
Zmym6,3436,3569,3588,1588,2726,2717
Zmynd10,229,169,139,83,128,138
Zmynd11,8349,8467,8526,4513,7374,7192
Zmynd12,187,215,88,100,123,129
Zmynd15,24,28,35,22,51,30
Zmynd19,339,433,298,189,242,276
Zmynd8,9535,11463,10606,5702,9893,10229
Znfx1,1432,1314,1303,656,1062,1076
Znhit1,1429,1784,886,912,1246,1244
Znhit2,291,264,167,126,164,174
Znhit3,478,581,381,261,401,410
Znhit6,1331,1429,1284,710,1160,1277
Znrd1,608,817,412,335,493,535
Znrd1as,106,105,56,53,58,64
Znrf1,6883,8133,6442,3683,6167,6263
Znrf2,393,402,623,276,485,368
Znrf3,510,542,534,250,397,412
Znrf4,0,0,0,0,0,0
Zp1,3,0,1,0,1,0
Zp2,7,9,8,5,1,8
Zp3,1,3,0,1,1,1
Zp3r,72,87,48,21,45,88
Zpbp,198,221,153,61,111,138
Zpbp2,20,10,10,7,17,14
Zpld1,5,1,1,1,2,1
Zpr1,1189,1200,1042,584,992,954
Zranb1,1716,1764,2050,986,1628,1589
Zranb2,27242,23090,25019,12766,23112,22549
Zranb3,522,517,462,297,407,420
Zrsr1,666,676,521,312,476,496
Zrsr2,1088,1359,1101,650,1152,992
Zscan10,0,0,0,1,0,0
Zscan12,719,685,506,298,493,499
Zscan18,1090,890,815,475,731,686
Zscan2,303,339,233,138,268,279
Zscan20,460,674,436,271,447,492
Zscan21,798,1108,695,431,741,703
Zscan22,1287,1573,959,666,1083,1259
Zscan25,472,464,321,286,335,358
Zscan26,5039,4936,4160,2289,3751,3933
Zscan29,308,375,287,147,328,290
Zscan4-ps1,0,0,0,0,0,0
Zscan4-ps2,0,0,0,0,0,0
Zscan4-ps3,0,0,0,0,0,0
Zscan4b,0,0,0,0,0,0
Zscan4c,0,0,0,0,0,0
Zscan4d,0,0,0,0,0,0
Zscan4e,0,0,0,0,0,0
Zscan4f,0,0,0,0,0,0
Zscan5b,0,0,0,0,0,0
Zswim1,603,635,379,263,410,410
Zswim2,17,7,5,3,5,5
Zswim3,1090,1237,638,459,707,810
Zswim4,402,542,507,217,463,427
Zswim5,228,212,222,116,185,169
Zswim7,502,577,386,280,414,388
Zswim8,3657,3706,3988,2167,3297,3063
Zswim9,591,700,668,348,533,516
Zufsp,3750,4339,4227,2014,3731,3676
Zw10,1436,1634,1226,855,1478,1358
Zwilch,184,207,145,90,132,124
Zwint,5242,5833,5323,2567,4316,4500
Zxdb,261,257,267,152,189,194
Zxdc,2177,2218,1985,1067,1604,1817
Zyg11a,0,1,1,0,0,0
Zyg11b,3319,3339,3543,1596,2754,2760
Zyx,1052,1216,758,572,926,930
Zzef1,5104,5366,5565,2759,4495,4495
Zzz3,2907,2927,3073,1570,2480,2476
a,3,2,0,0,1,4
mt-Atp6,3923,3213,3596,3186,3250,3051
mt-Atp8,12664,7404,10908,6167,7941,8127
mt-Co1,15124,10883,15112,10657,12376,11655
mt-Co2,12188,7919,11156,6577,8409,8422
mt-Co3,15382,9220,14148,7437,9880,10287
mt-Cytb,12645,7749,10832,5890,7730,8156
mt-Nd1,6827,4016,5795,3323,3835,3993
mt-Nd2,5211,3257,4518,2595,3322,3720
mt-Nd3,1468,825,1063,683,790,899
mt-Nd4,2682,1725,2576,1927,2265,2169
mt-Nd4l,10864,6079,9569,4398,6669,6652
mt-Nd5,2412,1545,2269,1406,1775,1609
mt-Nd6,482,331,540,265,412,383
