,GSE143758_NP40.Batch1_Wt-Hip-S2-R,GSE143758_EZ.Batch1_HipR-AD-G3-2w,GSE143758_EZ.Batch1_HipR-WT-G3-2w,GSE143758_EZ.Batch1_HipR-WT-G1-4w,GSE143758_EZ.Batch1_HipR-AD-G1-4w,GSE143758_NP40.Batch1_Untreated-Hip-S2-R,GSE143758_NP40.Batch3_Wt-Hip-S1-L,GSE143758_NP40.Batch3_Wt-Hip-S2-L,GSE143758_NP40.Batch3_Untreated-Hip-S2-L,GSE143758_NP40.Batch3_Untreated-Hip-S1-L
0610007P14Rik,286,997,902,900,909,468,373,422,250,290
0610009B22Rik,61,322,305,354,379,64,85,67,40,82
0610009L18Rik,88,221,200,216,284,101,83,132,56,103
0610009O20Rik,112,305,278,274,292,114,121,122,74,108
0610010F05Rik,333,543,476,552,664,334,359,385,214,293
0610010K14Rik,0,0,0,0,0,0,0,0,0,0
0610011F06Rik,0,0,0,0,0,0,0,0,0,0
0610012G03Rik,161,782,773,835,924,296,298,237,152,219
0610030E20Rik,205,499,513,566,547,359,355,411,185,259
0610037L13Rik,135,515,386,403,563,168,205,203,116,173
0610038B21Rik,2,6,11,4,6,7,0,0,0,0
0610040B10Rik,50,118,127,142,151,116,59,73,32,35
0610040F04Rik,33,81,94,87,83,34,38,43,9,32
0610040J01Rik,35,79,71,45,91,40,61,48,29,40
0610043K17Rik,145,117,145,177,140,454,303,302,125,154
1010001B22Rik,10,34,29,32,34,3,13,11,11,9
1110001J03Rik,83,570,598,599,735,181,175,154,77,81
1110002E22Rik,0,0,0,4,7,0,0,0,0,0
1110002J07Rik,6,9,14,12,9,3,7,6,0,0
1110002L01Rik,63,130,109,111,157,68,63,63,45,63
1110002O04Rik,0,7,9,3,7,0,0,8,0,0
1110004E09Rik,124,277,272,297,273,122,141,155,73,120
1110004F10Rik,198,691,749,766,823,227,253,183,119,185
1110006O24Rik,8,23,21,16,19,13,4,8,6,9
1110008F13Rik,146,583,564,607,563,164,196,172,112,124
1110008L16Rik,116,317,305,382,540,153,110,109,61,103
1110008P14Rik,145,1065,1057,930,1334,398,319,495,157,250
1110012L19Rik,9,61,55,52,71,22,19,18,13,19
1110015O18Rik,6,6,7,3,11,0,0,0,0,0
1110017D15Rik,75,181,203,138,211,78,97,62,44,67
1110019D14Rik,98,248,187,162,237,111,111,122,84,107
1110020A21Rik,6,21,29,26,34,9,17,20,11,12
1110032A03Rik,250,690,632,677,813,448,371,465,251,328
1110032F04Rik,3,27,47,38,40,7,9,14,1,7
1110034G24Rik,123,324,346,359,419,278,192,178,133,144
1110035H17Rik,46,97,74,91,83,58,63,69,31,46
1110037F02Rik,250,494,372,405,476,211,256,230,159,210
1110038F14Rik,182,673,577,681,772,345,381,319,162,292
1110046J04Rik,203,462,524,483,582,170,168,329,118,159
1110051M20Rik,1188,2376,2282,2366,2671,1363,1358,1325,783,1166
1110059E24Rik,186,506,572,460,529,204,277,216,132,201
1110059G10Rik,38,166,174,157,195,56,57,67,29,42
1110065P20Rik,113,464,420,381,662,259,193,232,181,182
1190002N15Rik,30,95,74,73,101,33,27,36,7,27
1190005I06Rik,11,77,65,51,76,10,23,20,16,30
1190007I07Rik,22,59,61,61,72,13,30,10,12,13
1300002E11Rik,26,82,73,73,92,55,38,40,17,37
1300017J02Rik,50,57,43,38,57,42,44,53,37,34
1500002C15Rik,4,15,15,10,13,8,6,5,2,8
1500009C09Rik,58,260,267,254,326,89,97,103,44,77
1500009L16Rik,55,196,213,201,193,82,81,73,36,63
1500011B03Rik,94,509,474,567,549,129,176,163,73,146
1500011K16Rik,129,495,500,510,601,144,125,120,76,90
1500015A07Rik,122,311,268,367,341,221,180,193,99,125
1500015L24Rik,22,5,13,9,16,23,17,11,6,18
1500015O10Rik,37,100,194,92,146,18,58,27,46,51
1500026H17Rik,81,225,221,219,245,111,81,111,47,55
1500035N22Rik,145,322,329,380,302,277,216,218,102,167
1520401A03Rik,0,9,2,8,8,0,2,9,3,2
1600002D24Rik,2,5,7,5,0,2,3,5,3,3
1600002H07Rik,51,131,111,116,147,72,84,57,35,67
1600002K03Rik,45,192,155,168,219,82,114,78,47,86
1600010M07Rik,397,758,648,717,780,404,524,545,339,372
1600012H06Rik,55,213,147,216,214,60,68,75,43,72
1600014C10Rik,72,145,109,138,171,52,68,96,43,75
1600014C23Rik,0,5,5,5,5,0,0,0,0,0
1600020E01Rik,357,418,309,338,403,221,301,256,146,231
1700001C02Rik,14,20,47,11,21,11,34,9,5,13
1700001C19Rik,0,0,0,0,0,0,0,0,0,0
1700001D01Rik,0,6,6,0,10,0,0,0,0,0
1700001G01Rik,7,4,5,0,0,3,0,0,0,0
1700001K19Rik,33,37,40,26,45,22,20,41,19,23
1700001L05Rik,0,5,5,7,5,0,0,0,0,0
1700001L19Rik,17,66,96,99,108,25,38,24,14,20
1700001O22Rik,32,99,103,82,109,57,57,95,17,49
1700001P01Rik,7,11,6,9,3,9,3,4,7,1
1700003C15Rik,0,7,6,3,4,0,4,1,0,0
1700003E16Rik,20,48,73,61,51,18,26,20,17,18
1700003F12Rik,56,137,105,95,108,76,56,97,41,51
1700003L19Rik,5,2,5,11,7,5,0,3,3,4
1700003M07Rik,31,65,53,78,80,24,30,32,15,26
1700003P14Rik,1,33,36,35,29,4,6,10,5,3
1700006E09Rik,0,0,0,0,0,0,0,0,0,0
1700007B14Rik,80,169,88,118,178,77,64,74,49,78
1700007F19Rik,3,11,9,15,11,3,3,4,2,3
1700007G11Rik,108,208,374,179,202,89,135,77,91,107
1700007K13Rik,19,42,96,43,72,15,53,17,19,54
1700007L15Rik,4,7,8,6,15,4,6,1,4,4
1700007P06Rik,6,8,19,26,13,4,8,4,4,8
1700008J07Rik,22,37,39,37,43,23,18,18,13,13
1700008O03Rik,63,160,131,150,153,119,100,109,83,75
1700009C05Rik,5,0,0,0,0,3,3,4,1,3
1700010I14Rik,28,55,46,59,88,25,22,27,22,14
1700010J16Rik,4,4,8,8,5,0,5,6,0,0
1700010K24Rik,93,134,151,129,134,76,76,66,38,38
1700011E24Rik,13,0,0,10,6,9,12,1,2,4
1700011I03Rik,20,17,19,12,18,37,19,12,6,16
1700012B09Rik,11,12,63,23,52,10,43,10,10,18
1700012I11Rik,8,22,27,28,28,6,16,5,4,11
1700012P22Rik,0,0,0,0,0,0,0,0,0,0
1700013F07Rik,320,377,330,373,317,330,418,398,148,253
1700015F17Rik,4,3,5,11,12,5,1,3,2,4
1700016C15Rik,3,0,0,0,0,6,0,0,0,0
1700016D06Rik,135,253,284,286,270,140,177,131,99,210
1700016G14Rik,6,8,19,7,14,5,8,4,1,6
1700016K19Rik,12,40,94,43,68,12,50,8,12,19
1700017B05Rik,33,89,68,67,79,26,42,17,13,20
1700017D01Rik,4,5,4,4,0,2,0,0,0,0
1700018A04Rik,3,3,7,0,0,3,0,0,0,0
1700018B08Rik,8,0,0,0,0,6,5,4,3,1
1700018L02Rik,2,13,10,22,14,7,8,6,8,7
1700019A02Rik,6,14,10,12,32,8,7,7,11,5
1700019B03Rik,5,9,5,3,12,4,6,11,2,10
1700019D03Rik,68,182,167,146,211,87,55,89,44,64
1700019G17Rik,3,33,35,32,49,5,12,7,3,11
1700019G24Rik,8,12,30,10,30,1,14,6,8,5
1700020D05Rik,0,0,0,0,0,0,0,0,0,0
1700020G17Rik,0,3,6,0,5,2,0,0,0,0
1700020I14Rik,263,625,632,575,599,265,317,344,169,241
1700020L24Rik,1,0,0,0,0,1,0,0,0,0
1700021F05Rik,71,252,216,250,274,111,90,94,30,76
1700022A22Rik,19,13,10,13,8,17,19,20,9,13
1700022I11Rik,16,27,19,19,23,15,9,12,7,8
1700022N22Rik,12,39,30,30,36,25,23,19,16,15
1700023F02Rik,4,4,9,5,8,4,7,5,3,9
1700023F06Rik,16,78,67,82,78,23,17,17,7,14
1700024B05Rik,360,1065,795,1062,803,331,570,516,236,359
1700024B18Rik,134,244,221,255,232,177,229,223,111,224
1700024G13Rik,0,1,15,1,9,0,0,0,0,0
1700024P16Rik,39,182,146,122,115,106,106,70,37,46
1700025F22Rik,25,18,23,66,14,15,19,19,10,16
1700025F24Rik,7,0,0,0,0,0,0,0,0,0
1700025G04Rik,569,1350,986,1177,1089,725,768,622,348,599
1700026F02Rik,5,11,6,14,26,4,10,8,9,6
1700026J12Rik,1,0,0,0,0,5,0,4,0,0
1700026J14Rik,8,5,7,9,11,0,4,6,5,4
1700026L06Rik,16,18,43,19,19,12,17,15,7,14
1700027A07Rik,9,4,11,11,9,9,4,10,3,1
1700027A15Rik,6,8,9,13,7,11,10,13,5,11
1700027H10Rik,3,9,9,9,14,5,3,5,7,2
1700028J19Rik,3,15,9,13,8,4,0,0,0,0
1700028P14Rik,30,68,107,68,75,22,41,20,22,29
1700029H14Rik,0,0,0,5,5,0,0,0,0,0
1700029I15Rik,7,85,60,56,79,13,19,17,8,15
1700029J07Rik,49,108,90,93,95,52,78,49,27,48
1700030C14Rik,0,6,4,5,6,0,0,0,0,0
1700030F04Rik,264,950,981,816,887,291,302,253,208,216
1700030J22Rik,18,45,19,49,36,14,17,25,12,11
1700030K09Rik,207,445,415,466,443,234,258,263,115,204
1700030N03Rik,4,13,5,8,9,8,9,2,0,0
1700034H15Rik,10,36,32,28,31,25,11,16,12,11
1700034P13Rik,22,80,141,144,105,48,18,19,29,25
1700037C18Rik,37,99,108,97,106,40,55,58,28,46
1700037H04Rik,24,113,121,113,135,38,38,33,20,30
1700039M10Rik,5,5,6,12,7,10,4,6,3,2
1700040D17Rik,8,31,26,20,42,14,13,12,6,7
1700040L02Rik,35,67,86,60,55,27,42,27,23,17
1700041G16Rik,6,14,16,17,10,8,13,7,10,6
1700041M19Rik,6,15,26,22,22,15,11,8,5,10
1700042O10Rik,70,73,49,48,73,87,83,95,73,80
1700045H11Rik,2,0,0,0,0,0,0,0,0,0
1700047A11Rik,16,56,31,22,56,20,21,14,9,11
1700047F07Rik,2,4,7,7,6,11,5,2,2,4
1700047I17Rik2,0,9,20,22,14,0,0,0,0,0
1700047M11Rik,68,197,166,119,203,52,91,59,38,101
1700048M11Rik,0,0,0,0,0,0,0,0,0,0
1700048O20Rik,10,33,39,41,15,10,26,20,7,6
1700049G17Rik,67,99,95,114,113,80,65,85,45,55
1700052K11Rik,19,68,52,59,65,30,30,12,9,18
1700055D18Rik,3,10,7,10,23,6,8,9,4,2
1700056N10Rik,6,17,20,24,32,3,4,8,2,3
1700057H15Rik,22,34,38,82,67,29,26,31,10,22
1700058P15Rik,8,14,8,5,14,6,13,8,7,6
1700060O08Rik,1,8,5,6,10,0,5,2,1,1
1700061G19Rik,112,147,130,126,113,113,132,113,62,94
1700061I17Rik,39,323,308,371,422,105,57,61,29,40
1700063D05Rik,22,44,59,31,39,14,20,24,13,5
1700064H15Rik,10,21,30,30,31,17,8,16,12,7
1700065L07Rik,12,9,7,9,11,8,12,7,5,6
1700066B19Rik,9,40,32,24,52,34,24,27,13,11
1700066M21Rik,12,67,66,69,78,9,20,10,6,10
1700067K01Rik,1,7,3,1,4,2,8,3,1,4
1700069L16Rik,0,0,0,0,0,0,0,0,0,0
1700071M16Rik,0,0,0,0,0,0,0,0,0,0
1700080G11Rik,0,10,5,4,12,0,0,0,0,0
1700080N15Rik,92,947,719,639,819,185,225,185,119,184
1700084C06Rik,264,551,696,251,509,219,199,286,123,138
1700084E18Rik,1,14,16,11,29,5,3,3,2,3
1700084F23Rik,9,34,30,27,46,2,4,1,4,3
1700086L19Rik,52,112,91,88,142,37,47,54,31,33
1700086O06Rik,75,151,127,146,175,76,66,92,38,58
1700086P04Rik,3,13,3,10,8,8,4,10,4,6
1700087M22Rik,10,15,7,26,12,6,14,19,8,12
1700088E04Rik,194,290,265,219,257,162,184,220,106,134
1700093J21Rik,2,12,5,10,10,7,0,0,0,0
1700093K21Rik,0,14,6,4,11,0,0,0,0,0
1700094J05Rik,14,27,30,18,43,5,18,23,11,7
1700095J07Rik,8,11,4,1,5,13,13,12,2,8
1700096K18Rik,20,59,29,51,55,16,17,16,29,12
1700102P08Rik,3,8,22,22,14,14,8,3,5,6
1700105P06Rik,9,18,31,24,30,35,12,12,16,10
1700108J01Rik,10,41,59,45,50,15,19,21,12,11
1700109G14Rik,0,0,0,0,0,2,0,0,0,0
1700109H08Rik,41,105,87,97,118,61,63,59,31,43
1700109K24Rik,6,35,33,30,36,13,9,12,4,7
1700110I01Rik,0,7,9,14,17,0,0,0,0,0
1700111E14Rik,334,841,763,812,854,485,475,648,326,342
1700111N16Rik,55,48,40,46,50,50,49,35,24,30
1700112D23Rik,35,94,83,83,114,62,37,42,9,43
1700112E06Rik,121,424,219,242,394,196,131,105,128,219
1700112H15Rik,6,0,0,0,0,3,10,6,4,6
1700112J05Rik,1,0,0,0,0,0,5,3,2,0
1700112J16Rik,14,17,15,9,12,3,5,7,2,6
1700113A16Rik,50,49,65,67,65,46,32,50,21,20
1700113H08Rik,5,15,16,11,18,7,4,7,1,6
1700120B22Rik,0,5,5,2,10,0,0,0,0,0
1700121C08Rik,11,17,6,13,13,7,3,6,2,10
1700121L03Rik,0,0,0,0,0,0,6,6,2,8
1700123I01Rik,6,16,22,18,13,10,13,8,5,13
1700123O12Rik,14,17,24,24,29,8,14,6,9,4
1700123O20Rik,27,144,132,141,181,28,30,38,17,25
1700124L16Rik,4,24,21,26,24,6,12,3,2,5
1700125G02Rik,6,8,12,17,18,7,8,7,4,7
1700125H20Rik,0,7,6,9,6,0,0,0,0,0
1700126G02Rik,47,184,188,170,137,70,92,74,50,56
1700126H18Rik,0,0,0,0,0,0,2,2,2,4
1810007D17Rik,9,4,3,11,12,6,5,2,3,3
1810010H24Rik,7,34,45,31,32,3,17,10,8,2
1810011H11Rik,2,17,6,7,13,9,3,0,2,3
1810011O10Rik,3,16,5,4,15,3,8,1,1,7
1810013D15Rik,0,6,4,3,6,0,0,0,0,0
1810013L24Rik,89,244,218,235,318,119,105,96,67,100
1810014B01Rik,16,47,25,50,47,6,25,15,8,18
1810019N24Rik,15,15,10,16,22,8,9,12,9,13
1810020O05Rik,1,11,11,10,9,3,0,0,0,0
1810022K09Rik,740,1836,1660,1675,1860,1104,1181,1310,598,910
1810024B03Rik,42,130,100,102,138,97,54,74,27,37
1810026J23Rik,64,259,250,260,267,62,109,88,42,72
1810030O07Rik,35,158,128,134,146,56,49,52,21,53
1810032O08Rik,37,95,48,68,82,36,50,46,23,45
1810034E14Rik,325,727,554,575,544,346,342,330,140,212
1810037I17Rik,219,927,958,893,1128,323,330,325,169,248
1810041H14Rik,1,16,15,24,11,8,8,2,2,8
1810041L15Rik,75,124,121,149,124,107,70,66,41,63
1810043G02Rik,143,624,454,571,634,185,229,259,111,191
1810043H04Rik,43,244,210,235,278,57,59,66,29,51
1810044D09Rik,7,28,20,17,32,15,20,14,15,14
1810046K07Rik,2,4,7,5,8,8,0,0,0,0
1810055G02Rik,42,126,117,118,116,61,36,37,24,26
1810058I24Rik,51,291,208,202,294,70,69,69,48,74
1810062O18Rik,54,101,96,73,126,74,61,71,46,50
2010005H15Rik,2,0,0,0,0,3,0,0,0,0
2010007H06Rik,13,31,19,20,25,8,6,15,10,9
2010009K17Rik,2,9,14,13,14,6,6,12,6,5
2010013B24Rik,22,35,28,38,33,26,8,20,7,7
2010015M23Rik,0,0,0,0,0,0,0,0,0,0
2010107E04Rik,166,692,898,882,979,285,238,200,110,148
2010107G12Rik,0,0,0,0,0,0,5,3,0,0
2010107G23Rik,77,370,302,335,354,106,117,156,64,96
2010109A12Rik,27,74,64,73,70,40,41,48,18,38
2010111I01Rik,986,3243,2575,3255,3201,1618,1409,1371,798,1307
2010300C02Rik,978,1500,1254,1505,1371,743,706,853,570,580
2010300F17Rik,22,83,64,57,57,70,22,73,17,26
2010308F09Rik,9,10,11,16,10,6,5,4,1,5
2010309G21Rik,3,9,8,8,9,14,9,4,1,4
2010315B03Rik,64,159,158,142,195,102,63,79,41,71
2010320M18Rik,8,99,79,57,98,23,29,24,12,20
2200002D01Rik,0,0,0,0,0,0,0,0,0,0
2210008F06Rik,9,35,22,22,29,12,13,17,14,9
2210011C24Rik,0,6,8,5,10,0,0,0,0,0
2210013O21Rik,48,234,231,203,265,99,80,66,47,86
2210016F16Rik,39,116,96,121,138,50,51,59,32,36
2210016L21Rik,380,1594,1356,1397,1611,626,636,745,342,553
2210019I11Rik,9,19,20,10,31,9,3,5,3,5
2210404O09Rik,67,130,134,155,175,91,79,86,67,65
2210406O10Rik,5,33,17,25,27,24,10,8,8,8
2210408I21Rik,593,1494,1294,1258,1285,1061,766,813,465,733
2210414B05Rik,49,82,46,68,69,67,70,85,48,33
2300009A05Rik,247,454,423,481,479,208,225,254,133,165
2310001H17Rik,31,52,40,39,42,39,56,46,31,41
2310009B15Rik,66,225,184,207,232,67,99,63,35,66
2310010G23Rik,11,19,17,13,15,4,7,9,3,9
2310011J03Rik,138,304,292,290,276,249,220,167,126,168
2310015A10Rik,15,50,44,35,47,12,15,14,12,18
2310016G11Rik,6,5,3,4,10,4,2,1,0,5
2310022A10Rik,81,231,174,210,230,95,104,97,44,95
2310022B05Rik,53,260,223,168,328,40,78,66,30,57
2310026I22Rik,16,24,25,29,32,21,12,17,5,10
2310030A07Rik,0,13,4,4,9,4,0,0,0,0
2310030G06Rik,4,18,17,16,15,15,5,17,2,11
2310031A07Rik,0,0,0,0,0,0,0,0,0,0
2310033P09Rik,186,596,568,646,623,298,331,336,137,234
2310035C23Rik,638,1085,968,1076,1116,614,579,669,403,596
2310036O22Rik,163,793,636,627,813,195,287,200,115,254
2310039H08Rik,0,0,0,0,0,0,0,0,0,0
2310039L15Rik,4,21,22,37,23,11,7,10,3,8
2310040G07Rik,149,354,327,338,335,237,141,239,132,108
2310040G24Rik,2,29,19,22,36,8,16,12,5,6
2310043M15Rik,4,0,0,0,0,0,0,0,0,0
2310043O21Rik,8,0,0,10,7,6,2,4,1,2
2310047D07Rik,0,8,7,6,8,0,0,0,0,0
2310057M21Rik,0,0,0,0,0,0,0,0,0,0
2310061I04Rik,162,559,506,541,656,215,253,302,140,257
2310065F04Rik,7,0,0,0,0,6,3,4,0,2
2310068J16Rik,10,23,30,34,43,18,24,19,11,13
2310069G16Rik,43,140,89,126,129,7,51,50,35,38
2310074N15Rik,2,37,20,39,34,15,11,12,6,10
2310075C17Rik,0,6,5,4,6,0,0,0,0,0
2410002F23Rik,44,231,209,238,253,65,73,59,30,54
2410004B18Rik,50,230,240,227,294,149,122,126,90,81
2410004I01Rik,0,0,0,8,7,0,0,0,0,0
2410004P03Rik,16,30,67,21,32,5,40,4,4,14
2410015M20Rik,140,647,626,586,690,210,195,167,119,136
2410016O06Rik,15,59,61,72,56,19,15,16,13,12
2410018L13Rik,13,21,36,41,29,8,12,16,8,6
2410021H03Rik,0,0,0,0,0,0,0,0,0,0
2410022M11Rik,10,37,23,31,50,17,20,21,7,17
2410080I02Rik,12,27,29,40,31,20,14,15,7,10
2410089E03Rik,918,2002,1415,1807,1893,910,920,876,509,797
2410131K14Rik,32,149,144,128,146,37,33,39,21,30
2500002B13Rik,11,22,18,12,20,9,13,3,5,7
2510002D24Rik,0,0,0,0,0,0,0,0,0,0
2510009E07Rik,83,197,185,214,187,94,78,91,70,105
2510017J16Rik,17,14,18,25,20,6,10,14,4,16
2510039O18Rik,141,292,196,188,277,207,171,175,100,118
2510046G10Rik,19,68,53,56,66,24,22,37,23,26
2600006K01Rik,0,2,4,5,8,0,0,0,0,0
2600014E21Rik,51,196,153,220,228,37,68,56,32,43
2610001J05Rik,95,430,399,499,498,171,206,154,109,178
2610002M06Rik,27,88,117,122,111,37,29,35,21,36
2610008E11Rik,333,488,424,502,482,302,271,247,167,208
2610020C07Rik,23,43,44,56,55,31,22,41,16,23
2610020H08Rik,7,10,15,13,9,7,9,4,4,9
2610021A01Rik,156,212,187,199,205,249,166,204,119,137
2610027F03Rik,0,16,6,3,16,0,0,0,0,0
2610035D17Rik,437,877,774,849,915,607,468,374,265,440
2610037D02Rik,479,821,677,777,842,549,518,539,327,390
2610044O15Rik8,155,258,264,256,257,146,173,155,82,113
2610204G07Rik,8,30,35,17,24,11,29,19,21,26
2610206C17Rik,8,12,15,12,18,10,12,3,5,4
2610301B20Rik,122,223,214,223,224,122,85,101,58,69
2610305D13Rik,4,4,6,5,1,2,0,0,0,0
2610318N02Rik,2,15,7,9,8,9,10,3,1,3
2610507B11Rik,153,465,293,359,404,179,154,107,105,129
2610524H06Rik,0,0,0,0,0,0,0,0,0,0
2700012I20Rik,0,6,5,1,4,0,0,0,0,0
2700016F22Rik,6,29,10,14,15,3,10,6,3,6
2700029M09Rik,165,433,416,427,494,207,187,209,124,151
2700033N17Rik,2,5,14,11,12,9,6,9,1,3
2700038G22Rik,56,173,107,116,185,80,104,89,50,93
2700046A07Rik,1,7,9,7,27,2,4,10,9,4
2700046G09Rik,83,194,174,164,194,127,114,125,67,105
2700049A03Rik,238,400,340,421,469,202,248,232,148,231
2700060E02Rik,113,473,459,509,467,146,167,141,102,170
2700062C07Rik,151,500,613,626,554,416,265,265,117,139
2700069I18Rik,38,52,56,67,61,27,34,47,18,33
2700081O15Rik,16,106,66,91,110,27,23,24,14,31
2700089I24Rik,8,8,4,3,10,7,5,3,1,7
2700094K13Rik,0,0,0,0,0,0,0,0,0,0
2700097O09Rik,290,626,520,574,625,331,275,342,136,248
2810001G20Rik,57,149,139,158,140,64,61,61,25,39
2810004N23Rik,124,270,266,324,311,274,219,171,115,103
2810006K23Rik,68,166,163,159,151,55,91,88,46,45
2810021J22Rik,19,44,22,40,48,20,12,14,7,12
2810029C07Rik,142,429,338,326,425,179,152,239,96,175
2810030D12Rik,0,3,6,5,10,0,0,0,0,0
2810032G03Rik,37,67,44,57,48,31,34,21,17,24
2810049E08Rik,103,280,193,241,224,124,109,122,63,97
2810402E24Rik,39,106,78,94,97,78,65,55,26,53
2810403A07Rik,331,767,642,725,848,416,384,410,228,335
2810404M03Rik,18,36,35,37,35,20,13,23,11,15
2810405F17Rik,15,49,63,41,56,56,43,44,24,33
2810407A14Rik,7,15,14,12,7,4,5,5,4,5
2810408A11Rik,3,8,14,6,4,4,6,5,2,2
2810414N06Rik,4,11,9,5,10,8,5,5,3,3
2810417H13Rik,11,14,16,20,30,15,25,4,7,16
2810425M01Rik,149,143,152,170,176,67,74,76,33,55
2810428I15Rik,104,489,405,392,508,125,135,119,87,134
2810429I04Rik,10,23,20,18,40,7,8,11,6,10
2810432F15Rik,11,21,21,23,18,26,20,26,20,12
2810433D01Rik,1,0,0,0,0,0,0,0,0,0
2810454H06Rik,28,44,46,38,57,24,32,33,5,12
2810455O05Rik,22,84,74,84,91,35,30,20,11,22
2810459M11Rik,130,386,340,288,462,216,120,151,62,115
2810474O19Rik,96,270,237,243,266,123,139,135,87,154
2900009J06Rik,32,98,92,93,97,48,47,53,20,23
2900011O08Rik,434,1245,1139,1192,1385,718,496,470,273,402
2900026A02Rik,140,397,424,492,440,290,193,155,124,158
2900052N01Rik,32,176,144,156,261,36,36,31,14,48
2900055J20Rik,1277,3025,2856,3203,2675,1489,1398,1803,974,981
2900060B14Rik,129,280,257,224,213,140,171,151,86,118
2900076A07Rik,223,500,407,569,474,297,290,237,151,212
2900079G21Rik,39,149,136,148,133,34,57,51,27,46
2900089D17Rik,18,35,21,46,36,28,20,20,18,15
2900092C05Rik,47,145,162,197,158,151,148,96,92,68
2900093K20Rik,131,386,346,418,505,253,281,245,121,142
3010003L21Rik,1,0,0,8,3,2,3,6,3,3
3010026O09Rik,79,178,147,193,208,81,79,97,41,60
3100002H09Rik,0,0,0,0,0,0,0,0,0,0
3100003L05Rik,13,26,26,27,27,21,17,17,4,11
3110002H16Rik,65,269,214,246,281,87,103,120,53,89
3110009E18Rik,34,43,52,43,55,26,37,29,16,22
3110021N24Rik,131,541,566,597,633,475,372,294,194,276
3110035E14Rik,181,445,433,525,425,188,217,236,83,154
3110039M20Rik,4,10,7,16,18,11,7,7,2,3
3110039M20Rik.1,90,228,219,257,307,185,88,104,61,93
3110040N11Rik,28,127,94,145,126,33,49,43,31,37
3110043O21Rik,118,260,222,246,300,111,97,107,60,90
3110045C21Rik,7,22,13,16,21,19,12,12,4,9
3110052M02Rik,6,24,16,26,34,8,7,10,9,10
3110056K07Rik,421,928,893,807,875,567,643,635,302,480
3110062M04Rik,74,165,143,235,205,106,87,75,57,73
3110070M22Rik,0,0,7,2,6,0,0,0,0,0
3110079O15Rik,0,0,0,0,9,0,0,0,0,0
3110082I17Rik,314,731,587,672,619,471,360,418,210,336
3110082J24Rik,13,35,36,33,41,1,17,15,5,15
3110083C13Rik,17,35,38,36,31,30,21,26,16,18
3222401L13Rik,0,0,0,0,0,0,0,0,0,0
3300002A11Rik,156,483,669,812,643,260,255,112,94,160
3300002I08Rik,85,122,115,142,155,59,51,77,37,44
3300002P13Rik,2,6,5,11,11,2,0,0,0,0
3425401B19Rik,0,0,0,0,0,0,0,0,0,0
3632451O06Rik,98,263,231,265,282,168,119,121,77,102
3830406C13Rik,228,713,605,620,668,289,310,327,156,235
3830408C21Rik,0,5,13,7,7,0,0,0,0,0
4430402I18Rik,1908,6606,5243,5994,5158,3515,4101,3642,2173,2919
4632404H12Rik,27,66,35,35,67,15,22,23,9,20
4632411P08Rik,3,5,7,5,7,4,0,0,0,0
4632415L05Rik,129,280,266,299,276,226,228,213,102,135
4632428C04Rik,1,11,18,9,15,2,6,8,2,3
4731419I09Rik,7,47,41,38,54,6,10,9,11,3
4732414G09Rik,24,39,58,35,39,17,22,16,8,14
4732419C18Rik,12,38,28,31,41,23,20,17,9,9
4732440D04Rik,109,130,148,145,125,126,139,107,54,89
4732463B04Rik,319,571,603,640,546,363,373,460,250,278
4732465J04Rik,1,0,0,0,0,1,0,0,0,0
4732471J01Rik,475,787,570,677,747,591,415,402,295,375
4732487G21Rik,0,0,0,0,0,0,0,0,0,0
4732491K20Rik,51,158,140,132,163,73,43,72,26,46
4831440E17Rik,65,87,100,115,110,105,82,71,36,37
4833413G10Rik,0,14,16,14,10,1,0,0,0,0
4833418N02Rik,6,9,13,13,18,4,5,11,8,6
4833420G17Rik,913,1182,1127,1516,1732,1394,929,1205,478,540
4833422C13Rik,52,84,95,77,123,57,54,54,35,28
4833423E24Rik,0,0,0,10,5,0,6,1,3,4
4833427F10Rik,3,0,0,0,0,4,6,2,0,0
4833427G06Rik,16,28,41,24,23,12,28,18,13,18
4833428L15Rik,4,0,0,0,0,3,2,5,3,2
4833439L19Rik,301,554,416,438,518,265,273,237,125,224
4833445I07Rik,4,18,16,18,27,11,7,9,11,4
4921504A21Rik,56,93,83,92,100,60,55,86,34,62
4921504E06Rik,20,16,19,13,10,5,8,8,2,2
4921506M07Rik,5,11,9,18,4,12,6,9,6,5
4921507G05Rik,6,12,23,19,12,13,15,9,5,6
4921507P07Rik,47,78,51,82,70,23,32,57,30,17
4921511C10Rik,1553,6733,6395,6151,6275,4154,3415,2921,2973,3153
4921511H03Rik,0,0,0,0,0,0,0,0,0,0
4921513I03Rik,6,16,13,12,15,4,5,12,5,5
4921514A10Rik,13,20,9,18,15,8,11,11,9,6
4921515E04Rik,3,0,0,0,0,2,0,0,0,0
4921524J17Rik,99,197,224,215,220,94,101,98,51,74
4921524L21Rik,9,14,11,7,18,7,14,9,3,2
4921534H16Rik,663,2037,1644,1691,1375,673,1043,756,495,776
4921536K21Rik,0,2,8,6,5,0,0,0,0,0
4921539E11Rik,2,11,6,4,4,2,3,3,0,6
4921539H07Rik,164,136,221,329,151,130,76,132,79,64
4930401G09Rik,0,0,0,0,0,0,0,0,0,0
4930402H24Rik,2183,4442,3880,4299,4634,2631,2243,2376,1362,2007
4930403P22Rik,36,289,293,297,247,12,192,155,10,10
4930404A12Rik,0,0,0,0,0,0,0,0,0,0
4930404N11Rik,10,22,26,17,12,6,7,16,4,1
4930405D11Rik,7,24,20,21,15,5,22,7,7,12
4930408O17Rik,7,22,29,50,93,9,6,2,3,10
4930412B13Rik,3,10,16,3,14,7,10,3,3,5
4930412E21Rik,1,0,0,0,0,6,0,3,3,3
4930412F09Rik,5,9,5,16,1,2,3,2,1,3
4930415F15Rik,34,82,67,72,83,31,39,50,39,34
4930415O20Rik,14,18,22,10,16,8,8,9,5,7
4930419G24Rik,3887,20297,17047,19990,18234,11627,7691,8763,3704,4645
4930422M22Rik,10,18,15,25,32,12,24,24,12,15
4930425L21Rik,3,9,7,12,11,4,0,0,0,0
4930426D05Rik,4,19,9,13,21,3,10,2,3,7
4930426I24Rik,25,32,26,14,22,21,17,16,16,10
4930427A07Rik,1,13,3,11,8,3,9,5,2,7
4930428N03Rik,8,0,0,0,0,4,8,4,3,4
4930429D17Rik,5,27,20,20,27,11,14,17,4,18
4930430A15Rik,8,21,8,13,21,9,10,13,2,8
4930430F08Rik,59,179,154,147,169,51,68,82,29,46
4930432B10Rik,43,69,51,50,77,39,27,32,22,22
4930432K21Rik,98,219,267,265,254,160,113,144,73,83
4930433N12Rik,7,14,10,11,19,9,7,6,4,6
4930439A04Rik,0,0,0,0,0,0,0,0,0,0
4930440I19Rik,17,108,50,53,65,32,67,38,15,32
4930444A19Rik,46,70,62,57,84,71,57,61,29,60
4930444M15Rik,0,13,11,12,17,2,4,2,1,3
4930444P10Rik,37,79,61,77,60,48,35,39,30,31
4930445B16Rik,36,122,109,91,132,69,59,93,15,52
4930447A16Rik,4,0,0,0,0,0,0,0,0,0
4930447C04Rik,89,220,171,242,214,165,88,137,77,101
4930447M23Rik,0,6,5,4,4,0,0,0,0,0
4930448N21Rik,624,1122,858,866,964,424,779,475,460,665
4930451E10Rik,0,0,0,0,0,0,0,0,0,0
4930451G09Rik,29,43,23,34,41,16,20,25,15,13
4930452B06Rik,36,106,64,71,100,48,28,48,20,24
4930452N14Rik,0,0,0,0,0,0,0,0,0,0
4930453N24Rik,110,241,218,220,273,97,125,134,67,92
4930455B14Rik,0,7,6,3,2,2,0,0,0,0
4930455D15Rik,8,13,4,19,9,8,7,4,1,5
4930455G09Rik,0,6,5,1,5,2,0,0,0,0
4930455H04Rik,6,0,0,0,0,6,0,0,0,0
4930458D05Rik,3,9,15,11,8,6,7,4,6,7
4930463O16Rik,6,0,0,0,0,2,4,4,1,1
4930467D21Rik,169,326,248,295,355,238,185,183,121,182
4930469G21Rik,138,247,206,256,268,148,160,141,68,85
4930471M09Rik,0,6,5,4,8,0,0,0,0,0
4930473D10Rik,21,32,29,57,41,26,20,33,35,17
4930478K11Rik,13,20,18,23,8,9,19,8,2,4
4930479D17Rik,5,15,9,17,7,4,4,2,6,4
4930480K23Rik,22,59,50,58,65,32,35,32,18,29
4930481A15Rik,1,5,9,5,7,4,0,0,0,0
4930483K19Rik,0,0,0,0,0,0,0,0,0,0
4930486F22Rik,6,9,17,15,11,6,4,6,5,4
4930486L24Rik,6,10,6,0,5,0,5,5,7,5
4930487D11Rik,0,0,0,0,0,0,0,0,0,0
4930500L23Rik,0,2,8,4,2,0,0,0,0,0
4930503L19Rik,48,102,66,88,87,59,42,48,27,39
4930505A04Rik,21,31,63,51,16,21,28,26,18,15
4930505M18Rik,0,0,0,0,0,0,0,0,0,0
4930505N22Rik,34,59,49,56,58,34,33,38,14,23
4930507D05Rik,0,0,0,0,9,0,0,0,0,0
4930509G22Rik,5,9,4,3,8,2,10,1,0,4
4930509J09Rik,1787,3998,2847,3491,3316,981,3276,3054,1904,2515
4930512B01Rik,31,48,41,35,39,15,22,34,13,19
4930512M02Rik,8,0,0,0,0,4,8,8,1,4
4930513D17Rik,14,20,16,20,33,13,17,11,6,12
4930516B21Rik,0,0,0,0,0,0,0,0,0,0
4930516K23Rik,9,38,45,46,50,19,26,9,5,20
4930518I15Rik,34,61,48,53,60,33,25,31,25,26
4930520M14Rik,0,0,0,0,0,0,0,0,0,0
4930522L14Rik,120,263,283,258,278,140,167,196,112,138
4930523C07Rik,19,56,52,45,58,28,30,26,27,45
4930524J08Rik,10,33,33,34,43,21,6,13,6,9
4930524O07Rik,1,9,5,6,9,3,0,0,0,0
4930525G20Rik,20,37,44,46,52,38,22,21,9,20
4930526L06Rik,3,12,7,7,9,6,4,5,0,3
4930527B05Rik,45,63,56,69,68,75,48,52,15,29
4930532G15Rik,92,125,124,3,95,212,114,179,132,187
4930532M18Rik,0,0,0,0,0,0,0,0,0,0
4930533B01Rik,7,35,40,29,30,19,20,31,10,21
4930533I22Rik,0,0,0,0,9,0,0,0,0,0
4930533K18Rik,15,38,39,42,26,15,19,11,9,12
4930533P14Rik,0,7,6,5,6,0,0,0,0,0
4930538E20Rik,12,16,19,11,30,2,6,8,3,4
4930539E08Rik,4,6,8,12,10,4,4,7,0,3
4930539J05Rik,4,14,17,23,20,8,7,16,3,4
4930544I03Rik,30,51,44,26,44,25,22,23,12,24
4930545L23Rik,286,735,679,672,540,189,361,342,120,201
4930547M16Rik,10,16,28,16,24,3,9,7,5,5
4930548K13Rik,8,26,15,20,21,5,4,6,3,4
4930550C14Rik,6,8,4,7,6,6,7,5,6,6
4930554G24Rik,149,113,102,127,102,96,104,53,32,71
4930554H23Rik,4,22,15,14,22,6,9,3,4,1
4930555F03Rik,382,1381,972,858,1092,716,856,585,480,623
4930556G01Rik,15,71,86,86,45,14,28,26,15,21
4930556I23Rik,0,0,0,0,0,0,0,0,0,0
4930556J24Rik,204,779,719,852,943,336,287,264,157,225
4930556M19Rik,0,0,0,0,0,0,1,4,2,4
4930556N13Rik,138,367,317,340,339,75,117,163,47,83
4930557F10Rik,0,3,6,7,2,0,0,0,0,0
4930557J02Rik,1,49,9,8,14,10,10,11,3,5
4930558K02Rik,24,50,36,37,49,19,13,27,4,7
4930562C15Rik,2,4,7,6,4,4,5,3,3,5
4930562F07Rik,0,0,0,0,0,0,0,0,0,0
4930563F08Rik,19,14,25,15,19,21,16,19,9,12
4930563M21Rik,0,0,0,0,0,0,0,0,0,0
4930565D16Rik,0,11,9,12,7,0,0,0,0,0
4930565N06Rik,8,8,11,12,15,0,5,5,2,2
4930568G15Rik,7,11,12,12,11,11,4,4,1,9
4930570G19Rik,43,134,128,127,163,73,54,52,52,53
4930578C19Rik,8,39,16,31,33,31,27,25,37,59
4930578G10Rik,982,21,1121,632,805,506,775,1020,635,306
4930578M01Rik,44,32,14,15,15,23,24,17,17,11
4930579C12Rik,14,7,5,8,9,14,10,5,6,6
4930579G18Rik,7,18,15,16,24,1,5,5,0,0
4930579G24Rik,8,12,17,8,14,0,4,6,5,1
4930579H20Rik,14,35,26,16,15,1,20,18,5,25
4930579M01Rik,0,0,0,0,0,0,0,0,0,0
4930590J08Rik,21,43,37,29,40,41,27,22,12,15
4930590L20Rik,434,1415,1289,1599,1411,684,674,894,532,411
4930593A02Rik,65,80,76,72,89,64,75,57,19,48
4930593C16Rik,5,7,10,8,7,4,4,3,2,4
4930595D18Rik,34,81,95,89,68,91,96,74,61,62
4930598A11Rik,5,10,12,17,19,3,15,9,3,3
4930599N23Rik,100,307,244,245,217,160,190,141,107,144
4931403G20Rik,3,13,11,6,16,2,8,6,2,5
4931406C07Rik,79,192,150,161,221,78,68,83,51,68
4931406P16Rik,317,599,544,576,643,410,416,420,238,398
4931414P19Rik,59,99,75,101,88,70,61,67,26,31
4931422A03Rik,6,16,11,14,16,10,7,8,9,8
4931423N10Rik,24,59,45,53,69,34,12,35,14,26
4931428F04Rik,34,116,69,113,98,74,39,45,28,48
4931428L18Rik,0,0,0,0,0,0,0,0,0,0
4931429I11Rik,10,16,13,13,20,7,3,4,11,7
4931429L15Rik,6,8,10,8,13,4,9,4,5,6
4931429P17Rik,3,0,0,0,0,0,0,0,0,0
4931431C16Rik,0,0,0,0,0,0,0,0,0,0
4931440F15Rik,0,0,0,0,0,0,0,0,0,0
4931440J10Rik,149,227,201,184,228,147,124,127,86,104
4932411K12Rik,0,0,0,5,9,0,0,0,0,0
4932413F04Rik,3,10,7,6,10,0,0,0,0,0
4932414N04Rik,21,14,20,13,19,24,14,17,8,13
4932422M17Rik,12,26,37,42,30,31,17,22,8,9
4932435O22Rik,3,7,3,9,3,4,2,8,0,8
4932438A13Rik,589,1516,1295,1468,1573,931,715,629,378,727
4932438H23Rik,16,30,30,23,29,8,12,18,8,18
4932443I19Rik,35,61,69,59,63,25,34,26,25,28
4932443L11Rik,35,63,57,70,64,28,41,47,25,20
4932702P03Rik,0,0,0,0,0,0,0,0,0,0
4933400C23Rik,0,0,0,0,0,3,0,0,0,0
4933402C06Rik,6,6,7,4,5,8,8,4,0,13
4933402J07Rik,5,0,0,0,0,0,0,0,0,0
4933402J10Rik,5,6,13,7,6,2,8,9,0,5
4933404O12Rik,43,75,49,53,60,32,45,49,28,24
4933405D12Rik,18,17,20,20,22,10,11,12,9,9
4933405E24Rik,0,7,3,0,8,2,5,2,2,4
4933405L10Rik,6,20,10,10,17,6,6,9,4,11
4933406C10Rik,42,125,98,126,117,73,75,55,41,53
4933406I18Rik,1235,1870,1453,1617,1748,915,1109,1106,526,863
4933406J08Rik,3,5,6,6,8,10,4,2,0,0
4933406J10Rik,2,0,0,0,0,0,0,0,0,0
4933406K04Rik,0,0,0,0,0,0,0,0,0,0
4933407E24Rik,0,6,9,4,4,8,6,4,2,7
4933407I08Rik,0,0,0,0,0,0,0,0,0,0
4933407L21Rik,14,31,61,42,40,15,17,14,4,21
4933408B17Rik,38,73,61,54,67,45,39,32,16,32
4933408N05Rik,8,0,0,0,0,2,8,5,2,6
4933409G03Rik,0,5,4,3,6,0,0,3,2,8
4933411O13Rik,13,56,75,67,57,12,16,29,20,12
4933413J09Rik,2,0,0,0,0,3,3,5,1,1
4933413L06Rik,181,720,380,520,527,106,302,270,82,210
4933415A04Rik,8,12,3,10,15,4,6,3,3,1
4933416M07Rik,7,73,57,88,194,47,28,18,12,23
4933417O13Rik,7,8,8,6,2,4,7,3,0,0
4933423P22Rik,21,60,54,81,70,15,40,29,16,10
4933424G06Rik,115,165,130,166,168,168,115,145,55,76
4933427D06Rik,7,22,11,13,18,19,7,5,3,4
4933427D14Rik,84,234,184,218,257,136,92,95,72,92
4933427E13Rik,0,0,0,0,0,0,0,0,0,0
4933427G17Rik,167,210,145,161,164,77,137,125,131,122
4933428C19Rik,2,0,0,0,0,0,0,0,0,0
4933428G20Rik,7,24,20,22,16,14,16,10,5,3
4933428P19Rik,0,7,3,6,7,0,0,0,0,0
4933429H19Rik,2,6,3,4,0,0,0,0,0,0
4933430I17Rik,3,0,0,0,0,0,0,0,0,0
4933431E20Rik,58,225,185,159,228,68,83,68,34,53
4933431M02Rik,18,40,29,15,21,14,12,19,10,15
4933433G15Rik,5,0,0,0,8,3,0,0,0,0
4933434E20Rik,495,1193,1091,1103,1206,428,631,529,263,447
4933435F18Rik,3,3,8,9,0,3,6,4,0,0
4933436I20Rik,20,27,37,36,35,23,19,10,10,15
4933440M02Rik,2,0,0,0,0,3,0,0,0,0
5031414D18Rik,2,16,10,6,14,5,7,9,3,6
5031415H12Rik,490,835,562,691,645,259,528,463,227,303
5031425E22Rik,375,860,709,769,896,405,421,389,232,326
5031439G07Rik,328,1054,860,1122,1188,592,477,542,273,423
5033403F01Rik,0,5,7,4,7,0,3,1,1,3
5033417F24Rik,13,37,26,30,45,32,15,18,6,10
5033426O07Rik,0,8,5,3,4,0,0,0,0,0
5033430I15Rik,7,15,17,11,10,4,2,10,3,9
5330416C01Rik,1,12,5,10,3,4,1,5,3,2
5330417C22Rik,650,1123,1086,1130,1114,898,668,686,301,479
5330429C05Rik,2,15,15,17,12,12,4,4,5,6
5330434G04Rik,1373,2636,2298,2848,2639,2142,1574,1546,777,1118
5330439A09Rik,5,18,20,27,26,22,12,6,3,16
5330439K02Rik,225,496,512,528,448,350,297,349,172,246
5430401F13Rik,2,7,2,6,3,2,4,0,1,3
5430402O13Rik,83,159,134,156,180,64,74,90,48,62
5430403G16Rik,100,166,177,125,207,76,96,128,40,87
5430416N02Rik,21,77,62,95,76,26,33,26,19,21
5430416O09Rik,0,5,5,8,8,0,0,0,0,0
5430419D17Rik,7,5,7,3,12,6,4,6,5,3
5430427M07Rik,19,22,20,28,17,10,13,14,11,14
5430427O19Rik,0,11,6,5,12,4,7,1,6,8
5530401A14Rik,56,73,72,86,87,74,58,61,13,46
5730409E04Rik,37,118,119,117,120,67,48,58,27,37
5730419F03Rik,0,0,0,9,5,0,3,1,1,3
5730420D15Rik,0,4,4,0,0,0,0,0,0,0
5730455P16Rik,148,228,239,225,276,156,97,165,64,116
5730508B09Rik,20,55,40,43,56,60,38,40,32,31
5730522E02Rik,1596,3822,3615,4181,4733,3013,1956,2171,1129,1970
5730559C18Rik,16,33,34,38,29,20,22,15,11,8
5830411N06Rik,0,0,0,0,0,0,0,0,0,0
5830432E09Rik,2,11,7,5,5,3,3,2,2,1
5830454E08Rik,20,75,69,80,101,46,47,48,35,56
5930412G12Rik,6,12,26,21,16,9,11,8,3,5
5930430L01Rik,0,0,0,0,0,0,0,0,0,0
6030407O03Rik,13,26,35,33,33,10,15,13,6,14
6030419C18Rik,26,140,144,158,159,62,34,41,29,32
6030443J06Rik,138,268,255,245,331,162,145,167,104,123
6030445D17Rik,2,11,3,4,18,5,4,4,3,7
6030458C11Rik,398,761,636,749,672,632,525,561,306,457
6030468B19Rik,3,4,2,3,12,1,7,5,3,1
6030498E09Rik,18,63,59,54,50,35,42,27,17,28
6230400D17Rik,126,250,193,172,233,114,126,149,67,90
6330403A02Rik,161,555,523,587,576,295,225,221,164,201
6330403K07Rik,404,2284,2126,2181,2591,432,734,607,280,667
6330403L08Rik,5,15,20,18,15,8,5,7,0,0
6330408A02Rik,17,46,43,45,49,19,23,24,9,21
6330409D20Rik,5,5,5,6,6,2,4,6,2,4
6330416G13Rik,2,34,23,18,34,4,7,7,5,9
6330418K02Rik,24,64,53,58,74,38,24,22,18,24
6330562C20Rik,54,97,80,102,102,65,59,61,29,53
6430531B16Rik,22,36,33,22,24,9,19,25,16,12
6430548M08Rik,0,0,0,0,0,0,0,0,0,0
6430550D23Rik,54,131,131,120,141,62,49,67,47,32
6430562O15Rik,8,17,15,14,20,5,6,4,5,5
6430571L13Rik,0,12,12,9,9,0,0,3,0,0
6430573F11Rik,28,95,110,91,113,57,42,36,26,28
6430573P05Rik,5,8,10,6,8,9,3,6,3,3
6430584L05Rik,2,9,8,8,11,8,0,6,0,0
6530403H02Rik,361,1042,674,905,951,647,472,306,275,399
6530409C15Rik,61,112,84,119,127,79,93,96,46,49
6530411M01Rik,6,19,19,12,16,3,4,8,4,3
6720427I07Rik,54,188,243,179,198,103,98,123,53,69
6720483E21Rik,16,62,51,46,55,18,30,26,14,19
6720489N17Rik,24,70,49,83,76,21,51,29,16,30
6820408C15Rik,26,42,44,56,45,21,28,22,10,21
7420461P10Rik,0,2,8,3,5,0,0,0,0,0
7630403G23Rik,3,2,6,5,2,4,5,1,1,6
8030442B05Rik,20,36,22,15,21,17,16,15,12,13
8030443G20Rik,0,29,26,33,36,3,0,4,3,4
8030462N17Rik,143,329,293,350,333,252,154,145,99,182
8030474K03Rik,0,0,0,0,0,0,0,2,0,4
8430408G22Rik,15,75,70,52,81,53,28,18,7,76
8430432A02Rik,4,20,11,19,26,12,9,15,8,8
9030204H09Rik,0,0,0,0,0,0,0,0,0,0
9030407P20Rik,13,46,36,22,32,20,29,27,14,17
9030612E09Rik,9,27,17,23,33,29,13,19,6,8
9030617O03Rik,32,71,69,53,75,35,40,53,23,39
9030622O22Rik,10,0,0,0,0,0,0,0,0,0
9030624G23Rik,20,42,24,46,33,24,30,20,14,10
9030624J02Rik,200,516,442,520,526,326,233,233,183,205
9130011E15Rik,572,985,810,923,1009,556,593,560,314,483
9130019O22Rik,5,18,8,8,17,4,0,0,0,0
9130023H24Rik,3,12,4,4,6,1,0,0,0,0
9130204K15Rik,4,4,8,5,9,3,1,3,4,3
9130213A22Rik,3,20,16,18,24,6,14,10,3,10
9130221H12Rik,0,13,9,20,14,0,6,2,0,0
9130230L23Rik,4,0,0,0,0,18,11,9,10,5
9130401M01Rik,49,157,163,177,198,54,55,47,43,37
9130409I23Rik,4,17,16,9,8,5,7,4,3,4
9130604C24Rik,8,28,23,18,34,19,18,11,10,15
9230009I02Rik,6,7,8,4,9,6,0,0,0,0
9230110C19Rik,136,350,268,361,304,202,197,153,67,119
9230110F15Rik,6,17,9,5,0,5,1,4,0,5
9230113P08Rik,3,10,6,5,6,3,6,5,3,4
9230117E06Rik,4,12,6,6,15,1,0,0,0,0
9330020H09Rik,30,127,109,148,171,66,43,30,21,28
9330102E08Rik,2,18,7,13,18,4,3,6,3,3
9330104G04Rik,19,36,21,30,56,18,15,22,12,19
9330111N05Rik,58,204,204,209,233,44,59,65,30,54
9330121J05Rik,4,21,18,13,26,2,8,1,3,8
9330136K24Rik,15,62,46,41,55,16,25,35,17,27
9330151L19Rik,195,650,498,539,614,178,256,296,115,255
9330158H04Rik,10,27,33,35,40,21,11,16,10,6
9330159F19Rik,709,1541,1189,1583,1709,923,830,664,385,759
9330160F10Rik,82,267,220,194,218,127,132,144,56,102
9330175M20Rik,44,119,92,99,113,53,35,60,50,47
9330179D12Rik,67,82,110,92,112,72,34,58,37,44
9330182L06Rik,98,234,243,246,270,274,119,138,63,125
9330185C12Rik,19,14,46,30,39,88,11,70,4,17
9330198N18Rik,23,51,39,48,51,36,28,41,11,19
9430015G10Rik,50,210,138,183,210,71,63,47,24,45
9430016H08Rik,50,159,130,136,153,48,43,41,23,52
9430020K01Rik,30,138,125,143,150,111,53,63,44,92
9430037G07Rik,0,6,8,9,17,3,0,2,2,5
9430038I01Rik,54,145,105,76,105,74,63,72,41,57
9430041J12Rik,141,169,170,208,187,68,129,88,37,101
9430060I03Rik,120,204,154,171,177,87,138,100,62,81
9430065F17Rik,57,153,116,106,111,35,67,78,38,37
9430069I07Rik,5,9,4,3,7,0,0,0,0,0
9530026P05Rik,346,796,655,655,767,374,365,313,280,395
9530027J09Rik,12,26,28,24,17,25,24,32,20,21
9530034E10Rik,184,339,234,262,247,137,151,157,78,103
9530036O11Rik,109,154,115,96,230,89,85,66,56,87
9530046B11Rik,10,26,15,24,28,29,13,18,9,6
9530052C20Rik,0,5,3,2,6,0,0,0,0,0
9530052E02Rik,126,218,180,194,232,189,157,142,99,114
9530053A07Rik,5,6,5,4,5,5,2,0,3,3
9530059O14Rik,1976,4746,4036,4617,4289,3137,2469,1845,1304,1799
9530068E07Rik,89,378,321,322,332,60,100,86,47,78
9530077C05Rik,101,192,212,144,223,139,79,145,44,76
9530082P21Rik,37,80,64,67,80,48,35,43,22,51
9630001P10Rik,11,31,22,27,25,13,10,8,1,8
9630028H03Rik,395,842,1089,1064,954,612,742,733,458,473
9830132P13Rik,26,41,31,35,40,30,33,34,18,21
9830147E19Rik,105,143,150,171,136,58,98,113,84,73
9930012K11Rik,6,29,23,18,31,15,16,19,7,13
9930021J03Rik,517,1050,883,1026,1159,635,591,563,448,609
9930111J21Rik2,0,0,0,0,0,0,0,1,2,3
A130010J15Rik,27,72,58,62,70,25,24,28,17,19
A130014A01Rik,0,0,0,0,0,0,0,0,0,0
A130051J06Rik,1,5,7,5,6,0,0,0,0,0
A1cf,4,10,5,14,11,2,7,2,4,3
A230001M10Rik,21,44,43,33,54,39,37,20,24,27
A230005M16Rik,0,27,19,17,30,2,0,0,0,0
A230006K03Rik,1116,3024,2224,2590,3346,1923,1170,1750,669,1228
A230009B12Rik,16,39,40,34,42,11,15,17,8,7
A230046K03Rik,105,307,222,235,298,171,136,124,89,124
A230050P20Rik,584,2825,1846,2213,2626,919,1188,1162,505,1055
A230065H16Rik,0,0,0,7,4,0,0,0,0,0
A230065N10Rik,2,18,15,15,11,5,9,2,4,4
A230072E10Rik,44,77,56,81,73,34,45,38,15,27
A230077H06Rik,53,127,100,142,166,48,66,51,35,53
A230083G16Rik,21,16,23,24,35,15,11,18,7,14
A230083N12Rik,0,0,0,0,11,0,0,0,0,0
A230087F16Rik,24,49,53,43,83,48,25,45,6,22
A230107N01Rik,15,67,71,43,69,36,25,45,10,23
A230108P19Rik,7,2,8,11,7,6,5,6,2,4
A2m,7,44,43,48,70,21,39,6,8,22
A330008L17Rik,281,825,712,610,752,390,275,501,219,295
A330009N23Rik,15,76,80,85,84,17,39,31,12,16
A330015K06Rik,227,540,470,479,573,262,328,285,206,239
A330017A19Rik,238,662,338,377,329,214,295,204,137,144
A330032B11Rik,269,545,518,555,457,192,332,278,153,216
A330033J07Rik,80,162,104,91,109,52,91,44,30,69
A330041J22Rik,12,26,23,24,37,17,11,12,9,9
A330048O09Rik,9,37,35,33,61,2,13,5,8,18
A330050F15Rik,204,453,399,413,436,253,244,253,122,211
A330069E16Rik,49,194,165,201,287,116,113,94,56,74
A330069K06Rik,14,36,26,42,38,19,19,18,13,14
A330070K13Rik,9,44,39,38,35,33,28,8,15,11
A330074K22Rik,8,12,15,14,17,8,5,8,3,3
A330093E20Rik,69,112,119,223,151,105,118,64,69,77
A330102I10Rik,399,1269,1025,1235,1541,759,428,593,220,423
A3galt2,2,8,3,2,5,3,0,0,0,0
A430005L14Rik,47,221,150,184,217,87,104,97,49,72
A430027H14Rik,40,123,112,116,155,41,61,92,33,53
A430033K04Rik,113,251,234,254,238,177,154,172,88,128
A430046D13Rik,41,76,61,88,110,42,40,51,18,29
A430048G15Rik,0,0,0,0,0,0,0,0,0,0
A430073D23Rik,74,83,76,93,107,62,62,54,37,47
A430078G23Rik,5,7,2,9,4,9,4,3,2,4
A430078I02Rik,5,7,15,4,9,4,5,15,3,1
A430105I19Rik,9,34,30,35,32,4,9,8,12,14
A430105J06Rik,55,108,79,110,105,43,69,52,28,42
A430106G13Rik,53,124,102,104,185,75,60,74,44,68
A430110L20Rik,3,14,6,12,12,6,0,0,0,0
A4galt,15,19,25,49,34,23,25,15,11,33
A530013C23Rik,17,27,18,25,23,14,18,6,7,9
A530016L24Rik,0,0,0,0,0,4,3,3,2,5
A530017D24Rik,13,49,33,46,42,29,16,15,9,17
A530021J07Rik,2,0,0,0,0,3,0,0,0,0
A530083I20Rik,6,13,6,5,10,2,0,0,0,0
A630001G21Rik,5,15,9,10,15,20,13,5,6,10
A630012P03Rik,62,158,146,171,99,113,107,46,64,111
A630023P12Rik,25,20,21,25,28,30,16,16,6,16
A630031M04Rik,0,0,0,10,5,0,0,0,0,0
A630033H20Rik,0,5,2,2,5,0,0,0,0,0
A630072M18Rik,95,139,131,162,138,85,115,95,57,98
A630073D07Rik,6,13,12,14,15,15,4,2,3,6
A630095N17Rik,0,4,6,7,4,1,0,0,0,0
A730011C13Rik,0,11,5,4,9,2,0,0,0,0
A730015C16Rik,2,9,12,3,6,4,4,3,2,2
A730017C20Rik,88,220,202,257,264,69,126,117,74,102
A730020M07Rik,0,0,0,1,6,0,0,7,0,0
A730035I17Rik,0,6,8,8,9,0,0,0,0,0
A730036I17Rik,6,8,5,11,14,0,3,3,0,3
A730045E13Rik,0,4,3,0,8,0,0,0,0,0
A730049H05Rik,10,12,9,11,13,8,7,9,4,4
A730056A06Rik,25,45,45,33,40,27,23,16,9,18
A730071L15Rik,2,7,7,8,8,8,1,5,0,9
A730090N16Rik,33,37,44,37,44,18,26,28,8,15
A730098A19Rik,2,17,10,17,15,1,1,4,3,4
A830005F24Rik,0,7,5,9,10,0,0,0,0,0
A830008E24Rik,33,64,68,66,85,36,58,43,35,33
A830009L08Rik,10,23,23,13,12,22,6,42,7,6
A830010M20Rik,198,833,694,750,767,177,351,368,92,219
A830011K09Rik,12,194,97,100,89,39,26,14,16,27
A830018L16Rik,1186,2792,2565,3117,3097,2375,1758,1610,1324,1585
A830019P07Rik,47,62,60,81,76,30,39,33,20,39
A830031A19Rik,59,112,102,129,152,96,42,67,31,38
A830036E02Rik,185,303,204,296,283,212,187,244,98,117
A830039N20Rik,0,0,0,0,0,0,0,0,0,0
A830052D11Rik,6,20,19,17,17,4,7,4,2,3
A830080D01Rik,122,335,292,347,324,182,160,124,76,144
A830082K12Rik,462,1141,1064,1067,1207,878,738,778,429,607
A830092H15Rik,32,105,79,118,96,51,57,45,32,26
A930001A20Rik,6,17,10,12,25,3,9,8,0,0
A930003A15Rik,0,5,6,3,5,0,0,0,0,0
A930003O13Rik,4,0,0,0,0,0,0,0,0,0
A930004D18Rik,14,53,33,34,57,19,18,27,12,13
A930006L05Rik,0,0,0,0,0,0,0,0,0,0
A930007I19Rik,64,107,91,97,120,58,71,63,41,42
A930009A15Rik,17,26,27,31,40,23,25,32,13,13
A930011G23Rik,175,457,397,495,624,586,223,306,82,273
A930012L18Rik,16,34,29,43,35,20,24,18,29,9
A930015D03Rik,299,559,492,580,546,1105,334,322,170,840
A930016O22Rik,31,87,99,75,85,92,47,83,30,33
A930017K11Rik,2,2,5,1,5,4,5,2,0,3
A930018M24Rik,1,169,15,83,192,8,14,15,3,6
A930019D19Rik,0,7,7,7,3,0,0,0,0,0
A930024E05Rik,33,62,45,85,84,37,25,31,20,32
A930024N18Rik,0,7,5,4,3,0,0,0,0,0
A930029G22Rik,107,230,174,205,253,141,107,137,66,102
A930033H14Rik,27,57,34,45,49,29,37,27,22,26
A930038B10Rik,0,0,0,0,0,0,0,0,0,0
A930041C12Rik,2,0,0,0,0,0,0,0,0,0
AA386476,9,40,48,49,38,28,25,24,8,12
AA415398,18,40,30,34,41,17,25,11,0,10
AA467197,0,11,2,4,5,0,0,0,0,0
AA474331,3,28,33,31,37,7,4,6,2,5
AA474408,0,0,0,0,0,0,0,0,0,0
AA543186,47,55,76,79,83,41,32,44,19,21
AA986860,6,19,15,10,17,5,9,5,4,2
AB041806,35,83,79,71,62,45,40,47,17,29
AB124611,21,26,15,16,11,8,12,3,9,7
AC132444.5,6,4,5,8,0,0,0,0,0,0
AF251705,4,50,12,12,43,14,7,5,7,12
AF529169,40,82,81,77,75,46,68,69,13,30
AI115009,11,47,30,40,44,22,18,13,11,14
AI182371,12,14,10,11,7,16,10,16,2,16
AI314180,705,1648,1094,1305,1784,1195,916,907,504,961
AI317395,13,24,26,28,33,15,20,25,10,9
AI413582,85,544,482,475,605,235,189,201,89,152
AI429214,2,15,18,22,20,8,6,6,3,6
AI464131,27,132,112,86,82,8,16,14,1,15
AI467606,5,35,16,16,15,7,8,9,6,14
AI480526,0,0,0,0,0,0,0,0,0,0
AI481877,16,21,15,16,6,8,11,5,2,11
AI504432,25,47,48,42,44,21,17,22,16,14
AI507597,0,0,0,0,0,0,0,0,0,0
AI593442,125,459,311,344,387,78,88,119,67,65
AI597479,17,75,67,81,91,32,22,33,11,28
AI606181,4,20,19,18,9,5,7,3,3,1
AI607873,0,9,0,1,5,3,0,0,4,7
AI661453,0,0,0,0,0,0,0,0,0,0
AI837181,16,120,127,131,148,34,32,28,13,32
AI838599,0,0,0,0,0,0,2,0,0,3
AI839979,3,10,3,10,11,4,4,6,3,6
AI846148,386,658,579,664,688,626,615,492,320,445
AI847159,7,16,7,11,15,11,7,10,2,2
AI849053,17,54,49,62,67,28,20,22,9,14
AI854517,340,484,520,554,611,465,264,358,149,222
AI854703,4,48,52,50,64,8,13,16,4,7
AI987944,35,118,106,112,106,23,42,26,16,29
AK010878,0,0,0,0,0,0,0,0,0,0
AK157302,0,5,4,10,13,0,0,0,0,0
AU018091,0,0,0,0,0,0,0,0,0,0
AU019823,68,149,106,124,140,66,91,86,30,59
AU019990,3,0,0,0,0,2,3,7,1,4
AU020206,7,60,10,7,39,25,8,6,11,15
AU021092,25,80,44,54,63,58,54,39,61,84
AU022252,59,160,132,141,154,92,80,77,43,67
AU022754,9,42,20,28,38,16,13,15,12,14
AU040320,528,984,817,990,1003,576,596,672,354,483
AU041133,50,77,90,97,102,58,40,36,39,23
AV099323,35,104,89,76,80,36,54,69,24,65
AW011738,9,18,13,11,21,8,8,7,6,6
AW112010,26,83,63,63,98,89,50,39,53,102
AW121686,11,9,11,11,12,15,25,13,4,13
AW146154,0,0,0,0,0,0,0,0,0,0
AW209491,57,187,193,204,193,62,69,75,40,62
AW495222,16,22,28,27,32,7,9,22,4,14
AW549877,43,132,122,110,170,70,44,78,40,73
AW551984,0,10,15,15,6,0,0,0,0,0
AW554918,320,544,518,560,606,444,300,357,247,343
AY036118,16,179,162,148,158,28,16,23,12,7
AY074887,5,12,16,13,8,7,6,9,4,6
Aaas,116,421,230,226,381,158,256,173,141,134
Aacs,172,614,423,484,445,217,229,205,130,202
Aadat,7,8,8,8,7,5,9,7,3,5
Aaed1,32,53,65,66,68,28,19,24,10,20
Aagab,181,452,384,447,446,329,257,233,148,160
Aak1,1086,2657,1955,2192,2501,1425,1070,1034,667,1087
Aamdc,149,449,419,421,478,172,178,173,105,134
Aamp,170,963,805,809,852,336,366,282,165,286
Aanat,7,20,14,21,22,17,9,16,7,15
Aar2,50,188,152,171,177,76,72,63,39,62
Aard,12,39,19,34,40,22,22,22,11,11
Aars,175,592,527,601,585,218,212,214,115,201
Aars2,48,245,172,207,243,60,80,103,29,64
Aarsd1,0,0,0,0,0,0,0,0,0,0
Aasdh,59,144,97,109,135,54,55,61,34,57
Aasdhppt,55,194,196,220,241,72,75,64,29,67
Aass,18,45,34,54,48,6,17,12,3,13
Aatf,225,498,413,489,478,287,233,220,130,227
Aatk,223,707,633,628,758,334,328,260,175,310
Abat,243,399,374,393,455,213,259,210,111,158
Abca1,105,368,219,198,348,72,71,66,66,130
Abca12,5,9,8,9,6,4,9,8,2,1
Abca13,15,19,10,13,16,6,9,8,4,8
Abca14,12,10,6,8,16,9,20,14,3,12
Abca15,5,5,7,5,3,4,8,6,3,4
Abca16,7,5,5,14,9,13,11,12,7,5
Abca17,28,57,35,42,47,33,37,23,17,23
Abca2,130,601,489,519,565,205,227,175,110,180
Abca3,185,448,337,375,400,227,220,175,109,201
Abca4,19,26,31,39,30,27,23,20,13,15
Abca5,192,460,423,458,480,345,254,261,145,179
Abca6,41,63,55,76,81,54,55,39,18,37
Abca7,70,220,166,166,223,204,133,108,70,114
Abca8a,24,97,50,62,69,31,69,34,19,53
Abca8b,175,337,301,354,412,191,121,196,137,176
Abca9,14,36,36,45,48,28,26,21,20,22
Abcb10,77,300,251,315,321,173,94,98,45,75
Abcb11,0,4,8,5,2,0,0,0,0,0
Abcb1a,48,148,115,106,139,115,104,67,83,186
Abcb1b,96,263,170,199,255,117,118,114,88,132
Abcb4,70,117,100,107,118,56,63,94,45,49
Abcb5,7,15,7,13,12,10,7,3,6,2
Abcb6,55,276,167,155,197,75,84,69,32,64
Abcb7,179,1038,632,751,867,374,332,269,189,387
Abcb8,153,514,388,395,416,193,185,252,112,147
Abcb9,158,493,422,377,373,250,219,260,111,143
Abcc1,116,241,224,223,269,138,90,111,70,110
Abcc10,255,594,613,588,690,430,264,462,198,237
Abcc12,4,12,11,11,13,3,4,1,5,5
Abcc2,5,0,0,0,0,5,2,10,2,4
Abcc3,21,42,22,26,33,19,15,4,13,20
Abcc4,117,264,195,228,275,175,110,147,86,172
Abcc5,690,1208,942,1175,1258,639,538,485,271,460
Abcc6,7,18,13,17,8,9,14,6,4,16
Abcc8,131,277,251,275,298,221,181,173,122,151
Abcc9,13,39,36,29,48,30,34,17,18,42
Abcd1,33,88,70,57,80,51,33,45,16,32
Abcd2,81,183,152,161,146,48,63,71,35,51
Abcd3,281,820,729,730,703,311,420,362,248,326
Abcd4,159,476,358,435,530,216,230,218,140,201
Abce1,103,306,287,356,357,177,135,141,87,130
Abcf1,227,511,496,511,487,323,337,287,172,254
Abcf2,68,303,243,318,304,83,115,83,52,69
Abcf3,72,355,265,292,292,109,119,131,86,112
Abcg1,85,131,153,159,138,132,72,75,62,102
Abcg2,167,313,246,229,327,389,394,290,299,574
Abcg3,6,26,23,24,21,12,8,10,5,6
Abcg4,101,290,238,313,285,139,110,92,47,99
Abcg5,0,0,0,0,0,0,0,0,0,0
Abhd10,45,139,126,141,190,60,74,66,35,44
Abhd11,122,531,398,429,513,162,130,225,119,194
Abhd11os,1,10,11,12,16,3,2,6,7,3
Abhd12,349,1450,1151,1304,1322,569,470,386,242,407
Abhd12b,0,0,0,0,0,0,0,0,0,0
Abhd13,14,103,99,81,68,30,24,22,21,21
Abhd14a,46,227,207,177,288,74,73,63,36,75
Abhd14b,353,1194,931,964,1115,581,697,694,327,584
Abhd15,95,154,149,160,183,76,158,140,62,118
Abhd16a,314,1132,858,895,887,367,402,484,246,347
Abhd17a,102,409,309,266,498,213,186,168,89,143
Abhd17b,307,758,672,681,904,604,563,510,322,416
Abhd17c,166,412,276,291,336,185,195,167,102,169
Abhd18,623,1286,1104,1202,1292,818,717,946,406,614
Abhd2,341,513,351,429,491,280,287,271,167,329
Abhd3,158,768,573,497,647,119,183,160,68,123
Abhd4,64,204,167,156,185,55,82,64,41,78
Abhd5,44,136,92,99,107,41,75,71,22,58
Abhd6,383,1087,961,1091,941,685,502,477,355,438
Abhd8,125,574,560,535,662,151,207,156,76,139
Abi1,630,1394,1146,1205,1447,527,627,536,375,577
Abi2,759,1818,1534,1705,1847,1091,756,856,601,722
Abi3,12,80,25,21,92,22,18,7,18,36
Abi3bp,12,55,62,50,73,29,19,46,5,17
Abl1,209,351,313,359,405,196,188,164,109,173
Abl2,491,1154,887,1050,1169,667,527,457,333,479
Ablim1,536,1127,1045,1093,1242,825,521,619,386,592
Ablim2,506,1447,1067,1279,1301,806,593,615,393,499
Ablim3,223,461,415,405,426,249,211,215,159,201
Abo,7,27,39,34,73,24,13,13,4,22
Abr,1782,3813,3291,3862,3786,2121,1848,1794,1148,1546
Abracl,83,269,275,316,325,113,71,133,49,84
Abt1,14,83,61,78,94,6,29,16,11,20
Abtb1,51,279,216,255,283,83,103,108,60,95
Abtb2,121,165,144,163,201,59,101,55,42,75
Acaa1a,100,452,369,345,485,132,169,158,97,175
Acaa1b,2,18,6,12,14,5,3,0,1,11
Acaa2,59,167,153,133,170,53,78,75,44,84
Acaca,648,1419,1027,1063,1360,796,696,693,428,645
Acacb,236,184,181,181,142,88,224,184,113,202
Acad10,204,333,271,292,350,207,172,238,107,130
Acad11,0,0,0,0,0,0,0,0,0,0
Acad12,86,232,213,203,212,137,123,131,70,71
Acad8,84,338,233,345,359,139,160,128,81,133
Acad9,26,71,61,73,60,32,22,19,11,25
Acadl,115,381,403,419,446,160,176,165,77,164
Acadm,69,211,218,228,277,70,99,72,47,82
Acads,23,113,84,63,100,26,32,33,22,41
Acadsb,273,781,589,700,768,371,272,330,190,301
Acadvl,166,585,368,400,537,299,305,318,183,279
Acan,7,16,3,6,8,1,2,3,1,3
Acap1,7,5,14,3,11,6,4,3,2,2
Acap2,1369,2414,1874,2483,2372,1380,1375,1133,781,1067
Acap3,101,622,473,450,585,145,190,157,85,147
Acat1,572,1166,1085,1215,1205,720,616,682,349,470
Acat2,64,261,199,149,241,83,54,69,37,57
Acat3,34,101,63,62,86,11,25,21,15,26
Acbd3,64,122,116,127,169,122,87,93,60,82
Acbd4,248,837,720,698,811,436,450,437,216,368
Acbd5,318,705,544,595,679,354,430,353,191,315
Acbd6,262,715,620,694,781,426,278,303,207,290
Acbd7,2,14,6,5,15,2,5,5,0,0
Accs,23,50,23,31,36,21,15,23,16,18
Acd,106,660,459,500,561,218,277,229,122,252
Ace,6,23,17,19,28,11,5,12,0,5
Ace2,5,16,9,8,14,8,5,5,10,6
Acer1,6,0,0,0,0,4,7,4,1,5
Acer2,25,66,78,68,90,56,31,42,15,61
Acer3,512,1131,862,954,1132,553,524,510,391,469
Ache,44,379,301,288,324,95,78,85,35,81
Acin1,569,1493,985,1431,1536,794,747,675,432,576
Ackr1,8,64,62,89,66,20,14,9,10,16
Ackr3,41,129,95,90,104,48,52,35,29,42
Ackr4,99,226,206,221,223,88,119,127,74,68
Acly,51,285,229,186,248,100,95,61,54,71
Acmsd,4,6,4,5,6,7,1,0,2,2
Acnat1,12,15,6,19,15,11,9,5,3,8
Acnat2,0,6,2,0,2,0,0,0,0,0
Aco1,57,114,91,132,131,44,37,41,20,37
Aco2,511,1567,1386,1534,1541,644,713,667,346,621
Acot1,28,112,128,89,110,25,45,35,25,19
Acot10,0,8,7,9,10,0,0,0,0,0
Acot11,88,171,127,165,196,40,78,38,31,68
Acot12,4,13,9,12,10,3,8,5,5,5
Acot13,260,913,834,992,979,180,295,237,150,204
Acot2,50,73,64,70,79,25,43,33,27,31
Acot3,9,21,13,16,26,8,10,13,5,13
Acot4,20,57,42,70,47,19,22,25,7,9
Acot5,19,71,74,59,55,12,30,23,24,21
Acot6,34,36,39,46,47,8,15,10,11,12
Acot7,403,1338,1417,1415,1322,645,620,449,246,401
Acot8,140,313,249,280,307,95,140,180,74,115
Acot9,50,152,138,145,149,82,57,73,30,59
Acox1,180,455,353,414,468,198,240,189,114,180
Acox2,7,5,5,6,3,1,5,4,2,2
Acox3,55,148,141,137,201,94,66,93,42,71
Acoxl,5,11,10,9,8,9,13,6,1,5
Acp1,1482,3982,3210,3669,3260,2484,3651,2651,1421,1980
Acp2,43,198,141,167,181,61,55,64,39,32
Acp5,7,14,10,10,18,6,2,6,6,4
Acp6,162,619,484,625,608,216,290,235,124,213
Acpp,24,34,46,54,49,25,43,20,15,26
Acr,9,23,17,23,6,5,5,15,4,4
Acrbp,120,262,228,287,238,158,149,136,88,134
Acsbg1,168,651,567,484,678,101,197,154,72,198
Acsbg2,5,7,9,10,6,4,8,5,2,1
Acsf2,42,92,70,68,73,30,33,23,18,33
Acsf3,0,0,0,0,0,0,0,0,0,0
Acsl1,212,384,357,423,412,191,164,237,110,109
Acsl3,279,1228,1014,932,1183,237,359,318,162,323
Acsl4,175,428,370,389,361,213,206,152,88,150
Acsl5,143,415,344,345,324,54,110,143,52,113
Acsl6,213,850,763,715,774,254,281,234,145,212
Acsm3,2,7,4,14,7,1,10,4,5,6
Acss1,205,637,510,622,601,222,234,190,90,202
Acss2,214,565,512,532,619,308,276,263,148,225
Acss2os,4,11,5,8,11,1,0,0,0,0
Acss3,51,93,85,77,127,30,36,28,17,70
Acta1,36,115,139,133,158,46,39,54,17,24
Acta2,23,20,119,63,59,24,48,49,6,19
Actb,2894,4763,3591,4159,4803,1215,1832,1368,895,1614
Actg1,504,2197,2312,2192,2259,727,934,740,435,835
Actg2,7,8,5,9,9,6,4,13,2,3
Actl6a,216,633,567,544,522,207,236,234,131,151
Actl6b,543,1695,1351,1667,1746,990,1112,883,527,924
Actn1,259,892,669,816,868,362,334,313,192,323
Actn2,144,286,256,307,270,99,148,103,93,106
Actn3,17,35,31,42,64,23,17,13,8,15
Actn4,345,666,589,702,599,452,428,400,269,363
Actr10,252,619,567,621,619,257,306,303,175,263
Actr1a,435,1046,884,865,887,479,498,513,213,394
Actr1b,399,1883,1443,1747,1899,582,755,723,332,652
Actr2,645,1808,1372,1552,1636,621,803,891,396,676
Actr3,495,1064,984,1188,1163,766,599,533,412,490
Actr3b,342,707,637,691,795,516,370,420,248,319
Actr5,42,170,138,154,164,97,78,93,40,73
Actr6,79,311,266,302,360,83,100,88,65,66
Actr8,117,362,286,335,354,128,110,156,56,115
Acvr1,340,672,488,639,596,350,357,248,260,309
Acvr1b,49,188,186,196,218,79,44,49,34,43
Acvr1c,127,174,193,208,161,75,101,82,66,60
Acvr2a,186,498,423,440,590,414,224,256,190,276
Acvr2b,35,64,71,62,56,60,47,41,12,34
Acvrl1,38,105,60,71,103,71,85,45,66,104
Acy1,26,102,63,88,105,26,45,32,20,45
Acy3,6,14,11,20,13,6,13,6,4,9
Acyp1,48,313,300,294,384,100,110,90,63,85
Acyp2,346,982,736,743,1029,461,393,380,219,411
Ada,2,0,0,5,9,1,0,0,0,0
Adad1,11,20,18,19,22,22,14,15,14,16
Adad2,1,0,0,0,0,1,0,0,0,0
Adal,72,158,135,135,152,114,62,71,42,76
Adam10,652,1567,1124,1215,1321,577,956,752,406,792
Adam11,222,1202,911,1079,1062,344,388,285,197,339
Adam12,148,224,204,311,255,141,107,107,67,94
Adam15,238,1060,804,875,1010,439,532,382,208,436
Adam17,112,221,169,206,225,122,110,117,73,96
Adam18,0,3,8,6,2,3,5,6,0,0
Adam19,64,160,124,127,162,74,65,65,31,64
Adam2,8,26,22,29,45,15,10,5,6,6
Adam21,21,37,19,29,32,9,17,21,8,11
Adam22,705,1748,1563,1796,1855,1206,800,763,483,791
Adam23,411,1184,1047,1052,1246,702,427,529,310,489
Adam28,8,6,8,4,12,9,9,1,3,7
Adam29,3,0,0,10,9,2,3,1,5,2
Adam3,0,8,3,8,9,0,0,0,0,0
Adam32,26,37,36,41,48,33,30,41,19,25
Adam33,12,45,35,28,31,45,42,43,2,32
Adam34,1,6,4,5,8,10,1,6,0,1
Adam5,8,15,17,14,9,10,5,9,3,6
Adam8,15,69,45,55,55,28,27,14,9,35
Adam9,36,139,101,151,138,45,38,35,19,38
Adamts1,19,84,64,80,63,26,37,31,17,35
Adamts10,84,261,182,269,273,120,138,110,63,103
Adamts12,28,42,50,49,56,36,32,22,21,19
Adamts13,2,57,70,49,71,6,7,7,8,3
Adamts14,10,19,20,25,26,10,8,7,4,14
Adamts15,4,13,10,12,13,2,0,0,0,0
Adamts16,39,79,91,88,77,46,22,49,12,28
Adamts17,436,725,608,684,819,473,409,349,341,347
Adamts18,17,52,49,38,44,30,22,28,11,32
Adamts19,3,26,18,22,33,4,9,6,4,4
Adamts2,37,168,136,162,277,142,77,59,23,71
Adamts20,154,297,286,310,325,181,182,105,91,143
Adamts3,162,295,288,307,379,210,168,147,152,147
Adamts4,16,29,36,31,28,23,20,10,8,19
Adamts5,3,26,22,31,28,3,6,11,4,4
Adamts6,149,225,208,205,208,76,127,98,68,91
Adamts7,7,9,8,8,8,3,0,0,0,0
Adamts8,5,19,18,21,13,6,7,6,2,5
Adamts9,113,301,252,278,282,150,141,106,70,154
Adamtsl1,104,292,254,347,304,205,134,136,66,137
Adamtsl2,7,21,29,24,33,3,10,6,6,10
Adamtsl3,18,34,22,34,64,29,21,31,15,28
Adamtsl4,20,49,24,23,38,15,23,16,14,30
Adamtsl5,61,139,127,110,144,63,47,78,31,57
Adap1,139,402,330,432,461,309,185,218,109,143
Adap2,65,72,34,37,78,55,57,37,62,70
Adap2os,63,31,27,39,39,49,48,24,47,81
Adar,170,562,457,550,535,350,197,271,150,219
Adarb1,342,689,545,635,738,378,351,303,190,264
Adarb2,3760,5272,4666,5385,5836,3436,3414,2966,2999,2916
Adat1,168,318,284,324,333,172,178,174,84,120
Adat2,5,18,12,6,16,4,3,7,3,6
Adat3,0,0,0,0,0,0,0,0,0,0
Adck1,112,309,272,260,336,166,95,111,100,123
Adck2,29,64,47,60,66,36,28,22,18,19
Adck3,29,97,102,116,112,19,30,31,25,22
Adck4,206,446,398,431,476,341,214,184,104,203
Adck5,183,671,510,607,592,271,302,336,131,297
Adcy1,220,663,587,806,714,406,242,341,201,238
Adcy10,274,670,563,594,653,403,454,688,312,346
Adcy2,1186,2067,1743,2039,2206,1520,1024,1030,733,1021
Adcy3,164,470,364,391,405,241,207,200,116,178
Adcy4,1,9,6,7,9,6,5,2,4,9
Adcy5,60,206,176,218,256,94,75,45,26,63
Adcy6,21,128,91,121,133,33,39,39,32,43
Adcy7,8,34,23,26,26,21,21,10,12,20
Adcy8,269,619,622,717,837,723,329,489,157,369
Adcy9,870,2067,1746,2283,2172,1063,841,653,529,890
Adcyap1,0,30,27,13,28,0,0,0,0,0
Adcyap1r1,52,364,276,300,404,80,97,96,45,80
Add1,397,1113,882,1034,1218,657,446,459,296,443
Add2,717,1177,971,1579,1256,901,994,713,701,559
Add3,394,903,609,619,846,318,290,294,209,340
Adgb,22,99,103,77,91,19,32,17,25,26
Adgra1,241,913,908,874,936,631,471,514,149,375
Adgra2,41,78,94,86,86,51,46,38,42,57
Adgra3,25,68,57,65,88,19,23,18,22,27
Adgrb1,365,2094,1699,1957,2255,671,820,746,406,751
Adgrb2,329,1460,1150,1331,1340,555,554,455,374,523
Adgrb3,7383,17919,15364,18121,20851,13824,8724,9698,5839,9290
Adgrd1,20,155,95,105,147,28,33,51,16,24
Adgre1,17,38,17,18,26,11,10,14,10,10
Adgre4,1,7,6,0,6,4,0,0,0,0
Adgre5,8,47,55,44,45,27,34,14,23,30
Adgrf2,16,36,17,29,32,19,23,14,7,14
Adgrf4,6,14,11,12,19,2,7,4,6,3
Adgrf5,14,66,61,66,59,35,38,20,25,79
Adgrg1,44,203,183,181,205,38,57,33,32,66
Adgrg2,8,22,10,16,31,10,13,6,5,2
Adgrg3,2,7,16,6,9,5,5,8,4,8
Adgrg4,27,28,36,41,36,28,28,17,12,19
Adgrg5,0,0,0,2,6,0,0,0,0,0
Adgrg6,43,81,74,71,80,57,58,49,17,38
Adgrl1,223,832,722,875,783,339,268,273,182,242
Adgrl2,130,441,397,403,408,365,195,250,57,226
Adgrl3,3836,8605,7704,8816,9884,5723,4970,5064,2747,4951
Adgrl4,102,256,168,166,216,187,189,100,119,309
Adgrv1,77,155,128,114,128,63,68,59,71,58
Adh5,35,165,209,142,232,37,62,52,32,47
Adhfe1,59,146,145,110,162,34,57,39,19,34
Adi1,23,38,44,43,54,21,14,24,5,21
Adig,3,3,4,7,5,3,3,5,3,2
Adipor1,137,406,310,374,393,135,154,143,89,125
Adipor2,158,386,348,318,376,313,248,172,149,269
Adk,923,2084,1618,1824,2182,839,919,911,569,1083
Adm,7,63,44,43,47,22,24,11,7,37
Adnp,0,0,0,0,0,0,0,0,0,0
Adnp2,17,60,58,68,59,22,11,22,11,16
Ado,31,121,104,101,122,20,40,30,10,32
Adora1,81,368,362,334,400,165,139,119,85,136
Adora2a,5,14,3,13,14,3,0,8,0,0
Adora2b,15,107,76,48,95,9,20,9,8,17
Adora3,0,0,0,0,0,0,0,0,0,0
Adpgk,27,157,127,120,128,38,35,33,23,24
Adprh,67,465,481,388,405,90,93,101,61,88
Adprhl1,0,4,6,5,4,0,1,4,5,1
Adprhl2,208,689,490,646,685,263,267,306,151,240
Adprm,129,328,288,327,324,112,149,144,56,96
Adra1a,125,303,225,240,271,164,142,116,69,106
Adra1b,8,35,47,51,47,25,16,17,6,8
Adra1d,4,30,25,24,30,7,6,5,1,6
Adra2a,6,12,13,13,12,6,0,0,0,0
Adra2c,13,67,48,55,98,27,31,22,14,12
Adrb1,39,92,93,77,97,54,52,59,24,41
Adrb2,5,29,16,39,29,21,29,14,9,39
Adrb3,6,28,19,25,17,8,6,27,4,6
Adrbk1,24,171,160,158,150,48,50,31,26,44
Adrbk2,304,766,655,727,767,379,299,414,157,300
Adrm1,21,416,307,295,381,70,87,84,35,55
Adsl,95,244,202,251,265,107,126,114,69,119
Adss,204,565,445,604,580,220,213,202,107,177
Adssl1,8,92,93,62,109,25,23,30,10,27
Adtrp,7,0,0,0,0,3,3,2,2,6
Aebp1,41,108,109,130,107,29,72,51,38,49
Aebp2,128,233,218,228,270,130,119,93,66,90
Aen,5,27,28,38,31,14,11,8,3,12
Aes,202,1154,1148,1036,1210,443,389,317,199,306
Afap1,66,168,155,142,154,87,76,70,35,72
Afap1l1,40,87,76,99,95,76,69,66,57,92
Afap1l2,45,101,107,74,105,41,50,17,26,55
Aff1,155,455,330,370,436,150,192,107,92,205
Aff2,410,847,745,878,1092,778,529,426,403,545
Aff3,734,1877,1741,1988,2039,1471,821,892,582,928
Aff4,900,1600,1302,1501,1660,802,834,873,543,728
Afg3l1,0,0,0,0,0,0,0,0,0,0
Afg3l2,110,437,359,385,444,214,154,186,96,138
Afm,7,13,13,16,15,7,4,4,4,3
Aftph,217,583,519,588,686,336,277,270,176,284
Aga,10,67,55,61,63,18,18,14,6,25
Agap1,493,1329,1052,1107,1245,761,662,411,379,544
Agap2,113,272,241,297,291,118,131,92,69,89
Agap3,162,577,489,618,617,301,230,174,124,212
Agbl1,96,141,148,141,134,109,93,64,64,60
Agbl2,15,19,17,20,27,9,11,10,7,8
Agbl3,65,146,132,130,150,63,68,73,47,54
Agbl4,1794,4032,3576,3898,4499,3291,2074,2662,1070,2051
Agbl5,155,200,173,163,219,72,112,142,50,126
Ager,8,16,10,7,18,3,11,5,6,4
Agfg1,155,401,338,390,468,390,186,229,145,227
Agfg2,514,1167,940,1102,935,578,556,537,288,433
Aggf1,81,229,239,217,272,91,101,101,51,85
Agk,260,722,593,616,716,320,299,360,194,270
Agl,302,686,573,742,776,254,236,251,124,186
Agmat,6,14,9,8,9,5,0,6,0,0
Agmo,160,332,321,318,354,108,207,147,94,208
Ago1,150,244,199,289,254,172,135,164,93,128
Ago2,161,447,473,564,461,252,251,173,118,219
Ago3,834,2070,1698,1858,1965,1132,1157,1217,705,1026
Ago4,201,294,270,258,343,222,157,179,137,152
Agpat1,32,93,98,119,117,41,30,25,12,23
Agpat2,5,30,17,18,24,3,10,5,4,13
Agpat3,139,441,376,361,429,191,143,145,97,129
Agpat4,566,1533,1554,1602,1493,1070,1126,1095,766,728
Agpat5,135,472,407,435,453,219,182,143,112,156
Agpat9,36,94,100,138,122,64,40,52,22,36
Agps,217,522,314,402,520,217,201,198,119,192
Agr3,6,12,8,12,4,3,8,8,6,6
Agrn,106,646,564,695,714,212,226,205,143,240
Agrp,129,299,246,257,339,94,157,133,67,114
Agt,36,296,301,243,255,24,90,43,24,29
Agtpbp1,263,672,596,705,752,481,307,267,203,284
Agtr1a,4,12,8,10,18,7,3,6,2,5
Agtr1b,3,0,0,9,6,0,1,3,4,2
Agtr2,0,11,2,3,6,0,0,0,0,0
Agtrap,17,51,46,48,50,15,19,15,12,20
Agxt2,10,58,34,44,31,13,27,19,11,16
Ahctf1,301,998,841,1015,867,428,512,456,236,451
Ahcy,0,10,18,15,8,0,0,0,0,0
Ahcyl1,267,758,585,716,816,399,280,282,189,275
Ahcyl2,3193,7034,4146,4926,6349,3069,3726,2991,2535,3338
Ahdc1,126,364,331,354,324,241,160,95,73,138
Ahi1,1120,4121,4250,6732,5447,1816,2159,2040,1272,1569
Ahnak,54,164,132,126,159,87,96,62,78,151
Ahnak2,5,19,12,10,21,11,6,7,7,14
Ahr,69,136,150,149,167,134,93,168,72,89
Ahrr,8,33,13,21,31,5,12,4,6,7
Ahsa1,256,1152,1080,1179,1099,497,773,356,211,431
Ahsa2,45,245,197,256,301,113,122,70,39,87
Aida,83,187,191,206,251,132,116,92,57,86
Aif1,16,112,67,57,127,23,16,23,13,25
Aif1l,21,53,66,48,46,15,21,21,12,24
Aifm1,140,359,322,358,421,346,186,171,114,145
Aifm2,10,47,22,21,45,15,13,13,2,10
Aifm3,309,990,777,786,1022,530,433,456,196,396
Aig1,906,2495,2207,2565,2390,2134,1308,1224,708,1187
Aim1,21,53,49,46,51,38,28,30,14,20
Aim1l,12,26,24,19,27,15,4,24,1,7
Aim2,40,141,124,158,193,89,63,74,60,73
Aimp1,151,364,372,408,418,211,174,206,116,192
Aimp2,31,232,213,216,250,72,71,59,35,58
Aip,99,411,383,380,426,137,135,158,76,121
Aire,4,14,5,15,8,2,4,9,3,5
Airn,315,770,628,628,626,397,352,338,199,305
Ajap1,89,314,253,327,281,212,154,121,89,139
Ajuba,0,6,10,2,7,3,0,0,0,0
Ak1,55,329,294,265,400,74,75,95,51,60
Ak2,299,916,618,750,792,434,447,422,233,359
Ak3,72,263,201,243,281,98,71,94,38,80
Ak4,82,258,236,257,206,78,88,72,42,52
Ak5,2418,5523,4620,5176,5012,3042,3195,2371,1986,2443
Ak6,174,420,414,373,492,169,261,228,112,197
Ak7,84,112,181,113,133,65,98,57,40,75
Ak8,16,61,58,46,50,43,30,24,14,18
Ak9,44,71,122,71,88,37,54,24,34,33
Akap1,61,197,165,200,197,72,84,71,44,48
Akap10,440,805,693,792,842,618,465,459,345,450
Akap11,430,1164,1000,1188,1240,813,602,647,436,476
Akap12,132,369,277,204,469,205,133,156,70,191
Akap13,515,1314,991,1398,1269,614,599,339,422,503
Akap14,19,27,29,19,28,19,27,14,17,12
Akap17b,127,307,292,316,389,254,159,196,106,176
Akap2,0,0,0,0,0,0,0,0,0,0
Akap5,32,79,84,96,76,39,30,31,15,18
Akap6,1367,3065,2497,3077,3268,2265,1532,1464,907,1414
Akap7,200,407,348,382,397,155,211,206,106,142
Akap8,440,1289,1023,1096,1139,412,471,493,236,293
Akap8l,1280,3770,2985,3617,3767,1800,2171,1937,1062,1599
Akap9,217,519,455,625,612,359,300,298,173,275
Akip1,10,41,30,21,41,16,19,5,10,14
Akirin1,272,635,434,497,486,155,230,160,75,149
Akirin2,219,417,437,420,460,173,220,183,123,135
Akna,0,16,12,6,13,0,5,1,1,4
Aknaos,0,8,0,0,20,0,0,0,0,0
Akr1a1,333,745,644,687,860,293,376,302,140,274
Akr1b10,107,267,198,204,255,106,106,145,63,107
Akr1b3,86,190,169,165,198,117,120,122,81,107
Akr1b8,0,9,5,3,6,0,0,0,0,0
Akr1c14,6,14,7,10,6,2,7,5,2,10
Akr1c18,6,8,12,12,11,8,5,11,7,9
Akr1cl,2,0,0,0,0,4,0,0,0,0
Akr1e1,58,174,143,170,181,99,81,87,45,71
Akr7a5,110,406,363,351,439,106,186,119,76,144
Akt1,70,263,194,170,272,188,144,119,102,113
Akt1s1,74,398,348,400,449,129,149,109,74,107
Akt2,91,323,253,255,259,105,101,80,50,95
Akt3,1247,2489,2195,2579,2940,2265,1408,1547,1006,1575
Aktip,184,628,554,581,624,296,225,231,119,187
Alad,50,384,151,161,510,224,152,66,43,221
Alas1,132,467,384,428,452,134,197,194,114,216
Alas2,37,91,88,86,77,37,52,54,45,51
Alb,10,0,0,0,0,6,4,0,0,0
Alcam,652,1657,1535,1949,1725,1036,918,820,458,703
Aldh16a1,22,62,39,53,46,25,24,24,8,27
Aldh18a1,25,88,81,99,110,63,43,36,19,35
Aldh1a1,19,93,42,81,99,12,9,27,17,18
Aldh1a2,5,5,10,32,11,3,15,7,0,0
Aldh1a3,1,10,3,7,6,5,0,0,0,0
Aldh1b1,3,27,35,31,38,10,6,5,2,7
Aldh1l1,67,170,131,128,165,39,63,67,25,52
Aldh1l2,17,43,16,31,38,33,22,18,9,28
Aldh2,245,629,558,518,635,323,381,334,206,447
Aldh3a2,55,193,167,218,193,73,62,57,37,52
Aldh3b1,23,34,18,36,29,17,10,14,4,12
Aldh3b2,0,17,17,8,15,0,0,0,0,0
Aldh4a1,0,0,0,0,0,0,0,0,0,0
Aldh5a1,38,113,107,106,126,62,51,58,20,48
Aldh6a1,132,412,347,334,363,88,125,129,51,98
Aldh7a1,147,386,258,303,405,153,166,165,80,135
Aldh9a1,66,238,177,205,261,79,89,87,49,105
Aldoa,1032,5988,5965,5580,6644,1093,1628,1225,716,1110
Aldoart1,0,70,48,50,78,0,0,0,0,0
Aldoart2,0,9,5,8,9,0,0,0,0,0
Aldob,7,24,16,34,24,21,12,16,3,13
Aldoc,482,4889,3207,2735,4334,671,877,793,424,905
Alg1,98,403,334,367,365,73,143,113,57,125
Alg10b,0,8,10,6,7,0,0,0,0,0
Alg11,59,191,154,160,176,87,77,96,47,64
Alg12,70,126,107,132,135,116,113,87,63,79
Alg13,88,194,162,149,227,128,127,113,60,112
Alg14,50,133,119,151,142,44,75,49,42,64
Alg2,76,411,398,405,345,92,93,63,47,63
Alg3,51,238,189,185,242,56,73,112,61,83
Alg5,99,349,295,274,321,136,121,163,68,107
Alg6,104,268,217,243,273,132,105,130,93,112
Alg8,119,379,277,356,412,184,186,228,128,165
Alg9,73,196,192,195,214,109,87,85,52,72
Alk,160,441,341,361,373,248,183,190,105,133
Alkbh1,436,1543,1334,1435,1464,1128,917,937,554,615
Alkbh2,58,137,107,89,126,94,73,69,40,60
Alkbh3,40,86,73,94,112,58,57,56,39,36
Alkbh4,18,81,59,71,61,28,38,32,15,29
Alkbh5,180,265,190,203,301,75,130,115,66,136
Alkbh6,207,803,643,653,866,358,372,482,208,314
Alkbh7,52,192,170,169,166,66,63,77,34,61
Alkbh8,252,577,475,515,526,292,306,293,168,288
Alms1,109,285,258,230,275,157,170,165,78,144
Alox12,5,6,7,5,7,6,4,2,4,3
Alox12b,6,14,34,31,26,8,4,10,0,7
Alox5,6,5,8,6,5,0,5,4,2,3
Alox5ap,15,52,41,60,65,27,28,19,9,28
Alox8,14,36,41,44,35,10,22,24,4,11
Aloxe3,77,113,90,102,109,77,67,85,16,50
Alpk1,61,196,142,158,154,76,91,54,35,72
Alpk2,21,20,14,17,14,25,22,12,12,13
Alpk3,11,21,13,8,19,7,6,7,7,3
Alpl,12,42,31,44,33,22,19,24,7,24
Als2,327,539,418,487,464,220,237,236,139,222
Als2cl,14,36,34,25,41,6,10,4,5,13
Als2cr12,51,175,109,117,152,20,51,47,23,25
Alyref,13,60,68,53,124,121,29,33,77,23
Alyref2,42,133,134,111,133,38,30,25,25,25
Amacr,13,56,51,53,73,13,15,12,13,15
Ambra1,1413,2737,2038,2440,2770,1220,1390,1318,764,1388
Amd1,351,651,644,687,666,335,322,370,193,268
Amd2,23,101,114,101,116,22,32,27,19,15
Amdhd2,88,232,184,201,263,123,126,112,63,129
Amelx,13,30,16,19,37,9,24,11,7,15
Amer1,9,40,44,49,51,25,17,19,8,10
Amer2,150,298,258,283,268,140,167,143,57,88
Amer3,8,47,44,47,60,21,12,2,14,10
Amfr,149,494,424,456,435,166,153,134,72,118
Amh,9,29,18,28,27,6,10,6,2,10
Amhr2,7,13,18,16,19,14,10,14,2,7
Amica1,0,0,0,0,0,3,0,0,0,0
Amigo1,19,142,142,139,155,23,25,37,19,15
Amigo2,11,79,84,94,94,9,14,11,8,11
Ammecr1,268,531,507,497,569,413,386,401,194,270
Ammecr1l,199,403,378,417,381,205,184,195,119,161
Amn,9,61,51,42,70,27,17,40,10,15
Amn1,317,792,681,723,807,471,395,409,251,324
Amot,65,148,130,136,168,69,81,46,31,78
Amotl1,28,99,69,75,112,30,26,35,23,42
Amotl2,19,59,62,43,54,13,20,23,6,26
Ampd2,85,598,483,625,573,108,190,122,68,183
Ampd3,72,128,102,113,158,79,68,65,32,73
Amph,757,1994,1885,2188,2415,1556,907,917,757,1008
Amt,120,208,135,172,245,69,104,91,50,110
Amy1,138,336,263,303,362,216,140,180,126,148
Amz1,32,137,87,116,89,49,32,22,21,35
Amz2,197,408,367,395,400,215,187,233,118,181
Anapc1,154,488,388,458,579,251,202,170,118,192
Anapc10,198,458,382,462,445,230,224,181,138,204
Anapc11,225,651,642,594,688,304,267,300,188,228
Anapc13,51,298,321,305,395,137,96,99,42,53
Anapc15,52,169,141,154,182,70,92,82,46,79
Anapc15-ps,0,13,12,6,15,0,0,0,0,0
Anapc16,407,702,565,667,672,322,422,471,201,321
Anapc2,101,405,275,291,367,128,155,152,93,138
Anapc4,213,582,423,547,578,226,249,257,125,213
Anapc5,450,1354,1157,1356,1377,622,611,627,307,505
Anapc7,62,203,182,238,202,78,65,84,38,67
Ang,0,0,0,0,0,0,0,0,0,0
Angel1,0,20,22,19,20,3,2,5,5,6
Angel2,352,822,688,842,816,382,388,512,203,314
Angpt1,107,439,228,221,391,215,136,182,75,207
Angpt2,72,129,97,110,91,58,81,86,37,65
Angptl1,28,64,46,58,48,14,43,23,9,26
Angptl2,114,201,166,189,202,112,152,127,86,91
Angptl3,1,9,5,6,11,0,0,0,0,0
Angptl4,11,29,24,32,42,5,5,15,5,15
Angptl6,34,110,108,127,153,43,38,49,12,39
Ank,468,1403,1237,1285,1357,711,551,475,367,489
Ank1,112,262,253,244,319,191,94,129,62,84
Ank2,5611,12700,10479,12156,13368,8144,6424,6331,3772,5809
Ank3,5659,11621,9318,11523,11871,6852,6214,5454,3915,5292
Ankar,7,11,13,9,15,17,7,8,4,5
Ankdd1a,4,11,10,7,4,0,0,0,0,0
Ankdd1b,1,6,3,1,5,4,0,0,0,0
Ankef1,98,192,207,183,189,128,152,190,96,114
Ankfn1,90,194,235,210,178,125,134,117,104,145
Ankfy1,201,469,415,482,484,259,198,239,152,221
Ankhd1,1021,2104,1588,1820,2037,735,1089,944,533,932
Ankib1,323,759,628,751,802,512,467,378,280,457
Ankle1,5,22,13,13,29,7,7,5,2,2
Ankle2,52,174,160,158,170,73,66,71,51,61
Ankmy2,146,270,242,257,286,155,129,148,74,141
Ankra2,166,606,570,649,568,227,280,270,134,174
Ankrd1,0,5,4,6,11,0,0,0,0,0
Ankrd10,125,453,422,527,531,248,168,151,87,152
Ankrd11,963,1766,961,1377,1763,944,1221,882,543,835
Ankrd12,816,1884,1586,1754,1842,1253,960,917,508,905
Ankrd13a,223,525,341,386,427,181,219,214,137,213
Ankrd13b,161,678,422,514,657,290,268,207,96,241
Ankrd13c,286,594,556,630,636,349,397,331,208,328
Ankrd13d,142,571,421,475,516,208,238,214,116,191
Ankrd16,100,256,192,226,228,94,110,84,57,65
Ankrd17,598,1525,1346,1477,1683,1013,722,713,440,744
Ankrd22,3,0,0,0,0,4,0,0,0,0
Ankrd24,275,801,730,715,938,607,398,592,257,354
Ankrd26,88,167,173,192,179,104,95,93,47,87
Ankrd27,157,309,226,262,287,206,150,128,99,133
Ankrd28,437,983,699,855,1014,634,396,482,357,439
Ankrd29,172,390,370,382,396,202,213,236,113,157
Ankrd31,7,17,5,14,10,7,7,9,12,6
Ankrd33b,675,1001,901,902,924,631,548,662,208,490
Ankrd34a,20,84,79,76,86,21,35,42,9,18
Ankrd34b,6,23,32,23,33,9,8,9,6,7
Ankrd34c,0,9,7,5,3,0,0,12,0,0
Ankrd35,52,114,115,113,168,75,58,101,36,42
Ankrd36,30,420,404,379,470,52,104,61,26,52
Ankrd37,47,137,130,127,148,56,71,76,25,82
Ankrd39,4,13,16,20,20,6,5,6,3,2
Ankrd40,121,256,227,252,305,142,116,140,71,117
Ankrd42,80,239,186,195,244,141,84,85,46,88
Ankrd44,141,215,235,187,273,199,118,165,84,157
Ankrd45,202,373,315,408,420,216,143,139,76,127
Ankrd46,85,438,488,469,482,130,111,132,55,112
Ankrd49,43,53,44,57,80,47,33,36,9,25
Ankrd50,8,34,36,28,30,17,9,16,5,12
Ankrd52,144,369,267,319,346,151,157,176,85,112
Ankrd54,62,242,194,203,188,82,101,98,42,77
Ankrd55,73,138,168,158,159,103,63,74,46,75
Ankrd6,281,501,427,473,507,364,394,233,211,291
Ankrd61,62,97,71,89,89,52,47,69,34,49
Ankrd63,0,14,22,19,8,0,0,0,0,0
Ankrd66,4,20,40,17,18,5,7,4,5,8
Ankrd7,8,12,14,13,13,4,7,5,1,1
Ankrd9,26,204,157,161,202,64,74,64,24,66
Anks1,165,425,393,397,434,244,200,179,105,176
Anks1b,8091,16911,15400,18359,18640,12429,9200,9000,5325,7864
Anks3,589,1444,1124,1308,1365,958,889,826,459,721
Anks6,32,105,91,83,113,77,39,39,29,31
Ankub1,56,167,201,133,205,48,115,41,66,72
Ankzf1,186,524,377,581,532,249,263,247,124,194
Anln,305,258,235,272,339,569,403,256,192,309
Ano1,10,27,40,26,34,21,9,15,9,16
Ano10,64,175,128,123,155,82,81,62,36,64
Ano2,54,91,51,52,55,48,48,31,23,32
Ano3,1648,3153,2647,3274,3349,2137,1983,2108,1680,1749
Ano4,344,873,783,790,961,702,382,490,271,394
Ano5,37,60,59,57,72,37,31,39,14,32
Ano6,551,1171,942,1039,1106,515,510,454,318,479
Ano8,25,82,59,88,91,128,37,36,32,24
Anp32a,395,1175,1153,1251,1414,653,522,582,281,483
Anp32b,57,315,291,302,333,92,105,79,83,114
Anp32e,141,362,292,354,339,129,149,144,88,124
Anpep,6,9,12,9,5,5,0,5,0,0
Antxr1,55,156,152,133,171,91,52,69,30,61
Antxr2,41,132,88,86,108,37,64,44,26,34
Anxa1,14,11,14,22,19,18,23,12,2,12
Anxa10,3,10,9,18,10,12,12,14,9,5
Anxa11,165,264,227,267,294,158,143,131,132,107
Anxa11os,11,15,16,21,15,17,11,10,8,5
Anxa13,8,26,32,25,20,7,14,18,7,6
Anxa2,44,155,132,113,155,63,94,47,58,127
Anxa3,36,122,52,80,113,64,70,52,56,117
Anxa4,31,154,125,106,212,86,35,97,22,69
Anxa5,63,359,274,203,380,102,134,104,74,139
Anxa6,292,843,669,752,781,321,388,333,221,275
Anxa7,165,905,692,757,825,341,376,341,149,353
Anxa8,0,7,20,4,9,0,0,0,0,0
Anxa9,8,11,6,15,17,2,8,4,3,6
Aoah,20,9,14,29,19,19,15,16,4,9
Aoc1,0,4,6,3,3,0,0,0,0,0
Aoc2,8,46,32,41,46,15,20,8,6,15
Aox1,47,111,66,64,101,26,29,35,24,37
Aox2,7,37,20,23,34,11,18,14,7,8
Aox3,9,26,23,29,35,23,22,21,2,18
Aox4,4,6,10,9,22,12,4,14,4,6
Ap1ar,135,374,312,308,387,243,183,189,116,140
Ap1b1,130,398,302,346,404,192,133,135,73,106
Ap1g1,177,355,305,357,370,210,177,159,103,166
Ap1g2,22,90,53,67,72,30,32,48,28,30
Ap1m1,202,821,574,726,866,372,395,324,189,368
Ap1m2,0,4,6,5,11,0,0,12,0,0
Ap1s1,316,1278,1168,1202,1138,476,480,422,259,356
Ap1s2,48,251,248,236,231,81,86,74,63,97
Ap1s3,47,71,55,75,80,68,43,37,33,49
Ap2a1,231,737,604,712,771,308,300,280,165,274
Ap2a2,494,1154,1202,1226,1169,701,601,502,324,442
Ap2b1,646,1833,1535,1811,1585,945,910,696,477,680
Ap2m1,209,739,559,645,695,261,302,317,161,286
Ap2s1,134,700,731,689,864,135,177,141,92,142
Ap3b1,642,1337,1153,1174,1268,846,834,755,541,716
Ap3b2,455,1035,922,1035,1072,545,502,496,287,412
Ap3d1,126,414,303,353,380,218,197,194,110,144
Ap3m1,421,838,647,690,793,356,470,399,230,349
Ap3m2,71,255,239,284,270,75,88,90,50,76
Ap3s1,272,772,686,677,748,322,333,304,193,276
Ap3s2,231,472,462,457,499,265,233,261,122,219
Ap4b1,0,0,0,0,0,0,0,0,0,0
Ap4e1,168,280,246,267,260,111,131,128,64,91
Ap4m1,114,260,228,217,241,115,133,118,55,83
Ap4s1,270,537,498,555,548,220,272,294,149,220
Ap5b1,0,9,3,3,13,0,0,0,0,0
Ap5m1,69,127,152,178,120,81,69,75,33,52
Ap5s1,29,102,97,116,133,37,40,29,17,29
Ap5z1,72,265,179,212,273,77,111,82,60,82
Apaf1,170,280,238,264,259,185,163,147,94,138
Apba1,873,2120,1876,1959,2089,1657,973,1091,637,876
Apba2,957,1824,1699,2019,1820,1444,1000,936,546,801
Apba3,56,401,256,289,371,37,161,84,42,107
Apbb1,235,1104,1017,1089,1139,304,371,393,163,296
Apbb1ip,30,146,50,64,139,57,43,41,58,52
Apbb2,767,1786,1471,1534,1618,952,899,844,553,820
Apc,870,2012,1637,1895,2038,1474,996,1051,677,998
Apc2,90,206,199,184,216,81,83,61,38,61
Apcdd1,18,31,24,30,40,36,26,21,25,20
Apeh,28,85,78,73,90,30,28,46,25,32
Apela,4,23,28,48,26,12,13,4,3,6
Apex1,76,324,265,339,373,112,110,128,50,69
Apex2,597,946,647,784,928,514,489,495,326,427
Aph1a,141,678,492,563,580,224,248,237,119,220
Aph1b,33,87,111,119,127,83,50,58,45,47
Aph1c,63,163,162,141,168,88,54,94,43,60
Api5,84,237,216,246,252,131,92,106,62,93
Apip,89,273,228,234,303,98,126,134,63,100
Apitd1,22,63,63,74,86,49,33,48,18,31
Aplf,28,75,50,55,66,21,14,29,18,18
Apln,3,30,28,18,26,2,11,2,1,5
Aplp1,882,5505,4758,4206,4517,1224,1570,1415,871,1048
Aplp2,406,1706,1502,1436,1418,472,512,510,305,454
Apmap,53,336,323,310,276,68,71,63,48,56
Apoa1,10,62,76,77,123,24,18,23,7,6
Apoa1bp,185,786,618,628,801,272,381,377,188,282
Apob,6,9,6,7,4,3,3,1,2,3
Apobec1,22,88,38,32,90,38,18,14,35,41
Apobec2,3,7,20,10,10,0,0,0,0,0
Apobec3,33,117,53,43,95,37,48,34,35,111
Apobec4,495,1533,1368,1344,1296,1133,1278,1128,839,937
Apobr,0,8,3,3,7,0,0,0,0,0
Apoc1,1,24,26,24,35,5,9,3,3,1
Apoc3,0,6,5,4,8,0,0,0,0,0
Apod,165,1111,1306,1025,1188,240,286,206,174,231
Apoe,4205,58701,36822,30955,49223,5574,9605,6180,5190,8432
Apoh,14,19,23,24,24,18,19,10,5,12
Apol7d,2,6,5,4,6,2,0,0,0,0
Apol8,7,25,14,21,24,14,6,15,5,9
Apold1,27,61,72,47,42,55,65,44,16,78
Apoo,236,444,340,431,430,240,226,236,147,196
Apoo-ps,19,295,336,317,334,30,63,61,26,18
Apool,29,70,68,78,85,36,26,33,33,40
Apopt1,263,601,479,553,547,221,271,267,165,213
App,1035,4728,4224,4282,4308,1416,1160,1033,726,1142
Appbp2,250,452,384,413,435,256,238,213,121,154
Appbp2os,50,116,90,97,88,42,53,61,23,33
Appl1,495,971,793,970,962,475,586,466,331,486
Appl2,213,519,450,428,524,119,220,173,111,165
Aprt,126,514,451,498,570,221,209,242,139,164
Aptx,44,145,108,133,124,37,41,45,22,43
Aqp11,133,291,277,228,266,142,142,114,81,124
Aqp12,4,0,0,0,0,11,7,6,4,9
Aqp4,198,934,706,633,768,132,220,170,110,236
Aqp9,33,71,73,78,83,15,38,26,12,14
Aqr,92,297,217,245,274,166,102,98,81,100
Ar,110,342,302,383,339,236,161,125,77,148
Araf,504,1457,1399,1493,1603,460,676,673,382,619
Arap1,22,71,39,51,66,23,28,19,10,22
Arap2,341,839,673,683,997,464,373,552,237,429
Arap3,42,72,52,69,72,33,46,42,30,60
Arc,81,356,395,320,195,112,144,236,52,83
Arcn1,265,615,464,586,553,215,302,274,137,243
Arel1,242,509,449,533,486,195,244,202,93,209
Arf1,239,1479,1604,1859,1643,303,426,348,189,299
Arf2,66,147,147,110,139,53,51,68,19,36
Arf3,504,1540,1443,1483,1623,813,618,588,451,484
Arf4,482,1054,940,851,1062,453,523,536,280,468
Arf4os,10,25,28,26,15,10,14,16,8,7
Arf5,617,2718,2310,2466,2546,992,1097,1106,648,876
Arf6,38,178,132,140,154,53,52,45,37,59
Arfgap1,580,1495,1131,1287,1370,597,636,723,354,482
Arfgap2,209,707,598,622,686,311,336,339,157,299
Arfgap3,251,718,533,721,794,276,299,200,127,266
Arfgef1,261,889,725,871,911,552,355,387,280,373
Arfgef2,376,828,720,713,775,380,372,363,196,368
Arfgef3,290,542,497,578,624,397,243,303,193,261
Arfip1,6,43,35,26,52,8,14,14,7,14
Arfip2,249,775,615,676,734,362,406,319,197,350
Arfrp1,134,630,473,560,640,214,275,218,140,237
Arg1,3,4,10,6,11,1,0,0,0,0
Arg2,26,82,69,54,80,46,21,37,15,23
Arglu1,772,2135,1639,2307,2329,1353,1152,1079,724,1007
Arhgap1,37,181,164,169,170,67,68,79,23,55
Arhgap10,194,314,302,292,313,252,222,231,134,184
Arhgap11a,0,6,5,1,7,0,0,0,0,0
Arhgap12,547,1344,933,1254,1152,596,686,616,330,579
Arhgap15,333,796,749,877,837,440,500,456,359,364
Arhgap17,159,467,349,463,453,261,192,195,112,171
Arhgap18,149,329,324,323,358,261,173,196,87,175
Arhgap19,7,8,6,9,15,7,6,5,2,3
Arhgap20,394,902,817,839,963,553,480,487,322,389
Arhgap20os,12,21,14,25,29,14,15,15,7,6
Arhgap21,546,1468,1133,1473,1553,667,535,504,357,484
Arhgap22,30,99,51,81,94,69,23,32,29,37
Arhgap23,347,645,576,608,630,398,332,299,203,286
Arhgap24,68,173,105,108,162,75,59,65,37,97
Arhgap25,11,44,23,21,76,28,13,26,7,19
Arhgap26,679,1532,1493,1554,1763,1158,666,827,375,674
Arhgap27,20,54,59,61,64,20,26,26,10,30
Arhgap27os1,0,0,0,0,0,0,0,0,0,0
Arhgap27os2,40,96,115,116,113,71,69,83,39,38
Arhgap28,9,8,8,16,15,3,6,5,2,3
Arhgap29,59,82,87,115,105,56,58,67,44,87
Arhgap30,5,26,13,12,22,11,7,4,8,11
Arhgap31,242,557,543,530,561,268,334,159,131,305
Arhgap32,438,1008,874,903,1050,683,443,527,213,408
Arhgap33,50,311,244,276,314,97,90,88,31,67
Arhgap35,471,1034,724,797,946,383,511,415,245,429
Arhgap39,1538,2879,2262,2795,2824,1984,1520,1304,1028,1369
Arhgap4,49,101,58,79,101,53,72,54,30,57
Arhgap40,0,5,8,4,5,0,3,4,5,1
Arhgap42,133,304,248,250,303,142,183,139,76,145
Arhgap44,344,722,499,642,710,445,340,298,218,302
Arhgap5,872,1747,1409,1438,1826,709,862,719,536,845
Arhgap6,195,385,354,346,387,268,282,207,105,257
Arhgap8,2,7,2,5,5,0,3,9,3,3
Arhgap9,0,10,0,2,13,2,1,3,2,5
Arhgdia,118,714,608,568,741,142,190,193,105,180
Arhgdib,19,148,77,88,108,72,56,25,54,43
Arhgdig,97,501,482,409,572,250,173,229,103,116
Arhgef1,356,952,909,1008,1070,615,478,450,266,352
Arhgef10,60,142,114,148,170,78,48,55,38,47
Arhgef10l,98,171,171,204,213,124,114,104,55,128
Arhgef11,303,857,672,725,784,490,366,302,207,329
Arhgef12,723,1650,1329,1331,1621,865,930,691,496,798
Arhgef15,23,71,86,70,95,41,35,57,12,47
Arhgef16,1,9,6,6,7,0,0,0,0,0
Arhgef17,183,367,330,389,411,253,201,194,148,178
Arhgef18,139,320,304,296,312,200,165,140,91,166
Arhgef19,21,57,51,65,90,19,49,25,16,42
Arhgef2,486,1169,870,1163,1095,298,434,381,214,379
Arhgef25,279,1198,882,1233,1441,884,640,557,557,532
Arhgef26,327,650,602,607,611,171,348,227,138,232
Arhgef28,347,961,742,961,967,382,384,308,209,315
Arhgef3,685,1629,1400,1182,1353,769,833,706,386,568
Arhgef33,32,38,31,32,42,23,7,17,14,9
Arhgef37,51,129,108,95,147,86,39,73,33,43
Arhgef38,6,5,5,0,8,8,4,4,5,2
Arhgef4,326,1207,1004,1075,1254,344,439,381,220,408
Arhgef40,106,203,147,164,186,82,99,127,63,111
Arhgef5,1,13,4,13,8,6,8,3,8,14
Arhgef6,98,184,145,179,189,72,89,67,83,72
Arhgef7,410,984,792,876,905,657,539,529,314,445
Arhgef9,641,1342,1150,1404,1534,760,671,741,532,618
Arid1a,177,484,426,487,477,268,188,177,131,215
Arid1b,686,1325,1132,1373,1372,862,639,546,444,592
Arid2,187,421,378,412,439,262,227,176,139,208
Arid3a,15,38,42,55,52,35,31,21,15,25
Arid3b,68,108,112,107,90,64,69,43,24,65
Arid4a,363,702,582,760,719,390,382,339,248,313
Arid4b,934,1621,1205,1412,1672,800,918,839,526,834
Arid5a,25,94,60,58,89,27,36,13,11,30
Arid5b,297,868,705,850,1055,668,385,499,228,419
Arih1,1096,2009,1482,1750,2118,1257,1272,1075,655,1063
Arih2,342,669,534,679,650,382,430,375,212,320
Arl1,119,477,455,528,470,115,160,113,68,106
Arl10,43,77,64,55,75,45,40,49,26,37
Arl11,0,12,1,1,15,0,0,0,0,1
Arl13a,19,20,10,33,42,10,12,23,13,19
Arl13b,72,240,207,229,285,128,81,82,78,107
Arl14ep,125,339,279,330,347,117,143,149,72,120
Arl15,1688,4201,3043,4110,4291,2217,2043,1777,1311,1813
Arl16,106,483,444,471,485,103,230,224,117,148
Arl2,215,658,588,575,676,289,304,313,158,221
Arl2bp,210,790,759,795,878,276,330,297,176,259
Arl3,564,1316,1126,1196,1312,675,647,612,388,583
Arl4a,108,289,249,297,298,196,189,152,152,232
Arl4c,32,109,101,79,128,48,35,33,15,31
Arl4d,11,52,52,54,50,22,23,26,5,21
Arl5a,55,128,105,119,192,104,80,59,39,54
Arl5b,60,156,129,142,139,98,81,89,73,71
Arl5c,5,16,8,15,15,8,12,10,3,8
Arl6,65,207,215,218,260,92,94,85,48,57
Arl6ip1,359,2070,2119,2013,2035,407,524,428,261,380
Arl6ip4,141,563,468,464,525,209,267,207,84,197
Arl6ip5,186,1428,1342,1388,1203,298,296,240,208,227
Arl6ip6,56,192,176,192,189,61,76,79,36,71
Arl8a,170,546,479,462,643,67,176,188,120,155
Arl8b,132,412,438,447,473,154,208,146,95,150
Arl9,0,0,0,2,3,0,4,2,3,1
Armc1,73,316,311,358,366,103,98,98,56,86
Armc10,65,155,137,137,131,89,72,114,53,65
Armc12,3,0,0,0,0,5,0,0,0,0
Armc2,107,212,173,195,228,125,102,119,54,114
Armc3,62,90,116,91,99,27,61,42,38,53
Armc4,58,46,90,66,66,35,65,39,34,33
Armc5,10,71,56,63,66,14,18,18,3,20
Armc6,86,313,264,287,301,113,140,116,41,118
Armc7,32,73,61,58,77,24,36,43,11,36
Armc8,256,591,490,607,564,350,312,299,197,269
Armc9,728,1560,1295,1441,1403,1093,860,895,491,692
Armcx1,107,325,356,370,375,138,117,141,50,83
Armcx2,38,200,163,174,185,53,50,45,23,47
Armcx3,95,484,409,455,387,92,117,94,46,96
Armcx4,14,51,59,38,53,10,11,13,7,7
Armcx5,0,0,0,0,0,0,0,0,0,0
Armcx6,22,73,55,57,65,21,20,31,21,21
Armt1,74,146,144,186,168,88,99,106,51,67
Arnt,245,524,402,475,556,305,236,229,151,242
Arnt2,251,705,605,628,772,400,269,302,159,267
Arntl,203,635,508,550,585,314,270,245,151,204
Arntl2,229,381,373,405,395,256,211,240,119,153
Arpc1a,635,1805,1687,1804,1691,726,713,740,352,587
Arpc1b,208,618,428,529,551,304,333,207,178,283
Arpc2,837,2408,2120,2438,2205,905,977,827,535,747
Arpc3,397,1232,1190,1311,1364,579,578,596,372,524
Arpc4,109,354,372,384,408,65,53,120,36,55
Arpc5,164,872,770,886,907,186,227,171,111,187
Arpc5l,242,737,672,698,810,201,258,237,133,193
Arpin,24,44,46,37,46,14,23,29,20,25
Arpp19,378,1039,1097,1006,1204,839,657,802,392,537
Arpp21,2948,7203,6169,7076,8052,5093,3239,4763,1807,3193
Arr3,32,52,47,31,37,17,23,31,17,21
Arrb1,107,302,278,241,345,141,126,125,67,105
Arrb2,302,1847,1178,1461,1779,787,894,670,478,848
Arrdc1,71,234,168,143,222,116,92,126,72,118
Arrdc2,33,236,36,53,76,49,90,72,27,78
Arrdc3,48,141,112,107,143,54,59,39,28,43
Arrdc4,16,44,40,63,63,16,11,13,8,7
Arrdc5,4,10,12,24,13,0,0,5,7,0
Arsa,27,175,116,131,163,26,46,60,33,43
Arsb,592,1092,1012,1050,1282,646,587,666,429,479
Arsg,49,118,123,90,109,48,41,58,31,44
Arsi,6,7,13,13,11,0,0,0,0,0
Arsj,105,140,107,170,150,73,101,96,80,92
Arsk,100,306,276,259,307,173,145,160,77,150
Art3,106,161,135,156,116,91,100,129,50,90
Artn,0,6,8,4,8,0,0,4,0,0
Arv1,59,205,178,200,202,136,96,97,44,98
Arvcf,117,326,266,292,291,142,132,103,63,109
Arx,42,114,91,73,108,55,51,58,26,37
Arxes1,28,342,359,344,305,43,63,59,42,39
Arxes2,74,630,587,568,536,75,105,105,44,69
As3mt,42,94,55,59,105,30,42,34,24,41
Asah1,158,582,455,440,446,122,176,158,103,156
Asah2,24,44,41,42,50,17,19,30,12,14
Asap1,790,2047,1883,1985,2426,1953,1014,1614,523,1252
Asap2,324,1064,936,1197,941,627,511,465,166,443
Asap3,35,75,60,45,83,25,29,32,22,42
Asb1,32,56,55,71,70,29,22,36,20,20
Asb10,0,7,0,0,11,5,0,3,1,4
Asb11,11,23,26,29,21,20,6,26,11,2
Asb12,3,5,4,5,10,4,1,4,3,5
Asb13,104,186,154,164,176,121,74,127,46,75
Asb14,22,45,54,16,31,13,32,29,25,11
Asb15,22,14,11,9,14,17,14,14,9,10
Asb16,3,10,9,10,14,4,3,4,2,3
Asb18,19,25,29,29,31,21,10,22,15,14
Asb2,7,13,13,6,14,3,11,16,7,4
Asb3,453,1310,631,767,1330,581,370,658,265,520
Asb4,3,0,0,0,0,0,1,1,3,4
Asb5,5,7,9,4,12,4,4,3,3,5
Asb6,48,295,200,302,287,55,136,103,31,86
Asb7,127,203,151,206,228,113,104,96,61,86
Asb8,186,439,405,396,400,245,218,210,101,159
Ascc1,91,182,229,168,203,86,119,84,59,62
Ascc2,114,388,331,462,445,176,148,110,92,167
Ascc3,536,1283,1112,1369,1390,770,715,721,464,665
Ascl1,7,52,41,30,42,15,14,19,9,13
Ascl2,0,9,3,1,10,0,0,0,0,0
Ascl4,63,248,185,242,230,123,91,82,37,50
Asf1a,38,149,134,126,143,70,59,64,36,55
Asf1b,31,74,96,94,71,26,46,48,33,26
Asgr1,0,0,0,13,1,0,0,0,0,0
Ash1l,862,1605,1519,1745,1755,1042,983,847,581,799
Ash2l,106,262,205,247,262,135,114,127,62,95
Asic1,37,129,109,114,135,45,43,57,10,38
Asic2,2591,5591,5095,6074,7136,5560,3216,3685,1779,3019
Asic3,0,0,0,10,4,0,2,2,3,0
Asic4,12,51,49,40,40,13,18,9,7,16
Asl,87,304,196,202,291,127,148,130,75,125
Asna1,111,506,342,355,351,232,267,222,148,195
Asns,35,264,260,322,243,82,75,70,34,56
Asnsd1,0,0,0,0,0,0,0,0,0,0
Aspa,82,193,263,143,233,64,108,91,58,96
Aspdh,3,21,17,13,20,6,6,7,5,6
Aspg,3,152,23,24,101,15,8,7,10,44
Asph,352,1200,1032,1129,1118,432,416,436,303,324
Asphd1,122,246,272,274,297,273,135,130,65,94
Asphd2,92,434,404,504,470,170,140,138,94,119
Aspm,0,6,4,6,0,0,0,0,0,0
Aspn,13,16,25,16,28,16,35,25,14,10
Asprv1,0,11,5,5,7,0,0,0,0,0
Aspscr1,148,507,344,354,525,209,231,247,133,246
Asrgl1,169,641,538,463,632,121,196,149,113,166
Ass1,34,98,84,86,92,41,53,58,24,47
Aste1,26,66,78,89,103,47,44,42,28,36
Astn1,827,2180,1717,2054,2260,1335,952,911,607,873
Astn2,1635,4151,3925,3909,4691,3203,2076,2623,1124,1909
Asun,140,373,250,299,404,97,123,170,74,141
Asxl1,511,992,920,1019,1000,504,531,466,344,474
Asxl2,447,1395,1334,1400,1616,619,692,532,356,533
Asxl3,171,392,355,413,503,301,222,199,141,210
Asz1,5,10,7,7,11,4,0,0,0,0
Atad1,298,894,845,771,862,301,367,357,178,327
Atad2,73,155,106,120,160,64,111,60,59,83
Atad2b,735,1099,768,964,1119,578,718,620,431,652
Atad3a,114,688,528,605,731,233,297,227,123,264
Atad3aos,12,15,7,8,16,7,6,7,3,5
Atad5,117,214,173,171,218,118,113,112,70,73
Atat1,314,962,826,922,861,542,568,521,224,460
Atcay,575,1133,1029,1151,1069,716,687,853,403,512
Atcayos,6,20,16,21,14,8,11,8,6,2
Ate1,0,0,0,0,0,0,0,0,0,0
Atf1,165,267,247,262,259,178,179,170,77,130
Atf2,480,972,859,952,1133,574,450,499,293,483
Atf3,3,18,6,11,11,12,10,2,3,16
Atf4,120,512,458,499,476,272,245,258,104,197
Atf5,32,114,81,138,114,39,37,50,19,56
Atf6,536,1000,748,871,966,466,550,538,438,506
Atf6b,267,1091,752,921,954,388,435,384,264,361
Atf7,2,12,3,5,8,0,5,0,3,1
Atf7ip,283,625,554,574,636,268,354,269,199,297
Atf7ip2,5,7,9,3,6,4,5,3,1,5
Atg10,244,572,479,509,524,337,277,310,184,221
Atg101,45,271,283,266,276,85,89,74,59,89
Atg12,155,277,273,328,319,157,115,165,85,97
Atg13,294,607,516,509,574,192,243,272,103,190
Atg14,55,116,112,140,136,69,66,56,34,47
Atg16l1,376,994,848,980,1071,499,426,495,284,421
Atg16l2,244,722,515,615,675,322,345,346,151,309
Atg2a,203,496,453,418,465,341,303,255,184,231
Atg2b,108,345,191,301,313,100,137,113,45,105
Atg3,294,578,470,504,574,271,360,330,216,304
Atg4a,53,155,116,132,141,79,53,69,45,54
Atg4b,243,577,632,677,710,404,396,407,246,335
Atg4c,143,380,379,434,373,181,180,151,91,141
Atg4d,172,538,422,401,463,193,235,224,89,161
Atg5,179,410,332,376,391,247,235,258,163,205
Atg7,207,317,339,348,390,210,171,228,112,166
Atg9a,226,643,492,538,588,220,297,289,132,247
Atg9b,15,90,67,84,80,38,38,41,12,26
Athl1,24,87,59,65,81,29,46,27,14,34
Atic,33,147,112,116,134,50,38,54,21,52
Atl1,425,765,708,736,819,519,368,502,265,272
Atl2,98,386,345,327,380,117,125,96,72,112
Atl3,532,1154,840,913,951,410,477,467,250,367
Atm,192,385,290,325,427,215,203,165,132,203
Atmin,12,50,53,58,70,23,22,19,8,17
Atn1.1,0,0,0,0,0,0,0,0,0,0
Atoh7,0,11,7,12,16,0,0,0,0,0
Atoh8,9,36,30,29,41,11,28,11,5,23
Atox1,162,655,656,629,829,309,251,254,155,239
Atp10a,61,148,104,146,194,187,95,109,59,197
Atp10b,10,35,43,29,75,25,22,34,5,16
Atp11a,67,250,174,222,272,148,89,90,52,98
Atp11b,371,845,630,627,972,481,449,524,354,366
Atp11c,183,520,413,472,480,279,287,223,175,277
Atp12a,11,22,28,25,48,16,4,6,5,9
Atp13a1,113,526,350,380,441,148,213,176,94,148
Atp13a2,204,1015,735,823,965,255,322,377,183,342
Atp13a3,194,329,304,320,340,257,212,213,137,199
Atp13a4,66,175,87,127,140,24,29,30,27,36
Atp13a5,94,171,102,142,176,75,111,67,60,129
Atp1a1,272,1299,1259,1328,1068,358,475,431,263,334
Atp1a2,700,2334,1987,1936,2142,456,804,667,352,708
Atp1a3,1890,3735,3624,3673,3433,2335,1620,1925,1028,1254
Atp1a4,33,75,33,5,43,0,4,54,25,0
Atp1b1,907,7296,7154,6952,5696,1022,1263,1106,571,826
Atp1b2,208,1616,1129,893,1307,257,356,291,184,350
Atp1b3,173,499,401,498,551,179,194,170,109,144
Atp2a1,5,0,0,0,0,1,0,0,0,0
Atp2a2,508,1718,1582,1722,1553,732,735,589,340,534
Atp2a3,5,12,7,9,5,0,3,3,3,5
Atp2b1,1852,6415,6051,7189,6331,2880,2347,2144,1589,1945
Atp2b2,532,1244,1222,1339,1320,1015,518,709,422,487
Atp2b3,526,1324,1292,1391,1267,953,823,699,441,606
Atp2b4,68,234,282,297,284,230,140,132,46,122
Atp2c1,1364,4355,3535,3746,3845,1696,1632,1537,1034,1199
Atp2c2,13,23,11,30,27,10,10,21,5,6
Atp4a,1,9,7,8,9,8,7,7,3,4
Atp5a1,436,2082,2066,1959,2120,790,765,790,439,617
Atp5b,541,3059,3080,3112,3319,744,974,824,431,752
Atp5c1,142,738,687,751,789,206,176,156,91,166
Atp5d,325,1755,1580,1571,1773,402,582,550,284,418
Atp5e,142,1369,1604,1411,1866,157,160,122,58,76
Atp5f1,246,1387,1415,1377,1481,367,402,385,183,310
Atp5g1,249,1613,1604,1522,1904,308,395,380,176,246
Atp5g2,244,837,868,795,1040,253,310,296,159,287
Atp5g3,150,833,959,923,1040,194,233,197,94,148
Atp5h,225,686,696,740,759,252,294,217,129,263
Atp5j,173,1526,1852,1828,2020,366,401,331,179,249
Atp5j2,247,1047,1203,1084,1384,358,284,303,148,196
Atp5k,76,520,703,636,719,162,126,130,59,88
Atp5l,567,2846,3221,3147,3491,664,655,712,300,486
Atp5o,951,2102,2034,2106,2165,874,1142,877,606,791
Atp5s,162,356,261,296,333,118,126,162,63,104
Atp5sl,117,257,236,265,312,186,131,175,87,95
Atp6ap1,229,1579,1380,1358,1333,416,441,401,255,334
Atp6ap1l,8,19,18,21,27,28,14,26,4,4
Atp6ap2,311,2171,2075,1876,1629,381,440,356,219,317
Atp6v0a1,1924,4158,3628,4297,4015,2501,2246,2190,1152,1642
Atp6v0a2,178,527,394,384,457,192,237,217,109,173
Atp6v0a4,14,22,27,20,22,18,18,13,10,15
Atp6v0b,1919,8915,6771,7269,8575,4424,4201,3852,2331,3491
Atp6v0d1,325,1126,1051,1102,1113,404,452,409,199,263
Atp6v0e,161,763,567,565,796,199,242,214,141,270
Atp6v0e2,223,1435,1400,1384,1291,266,368,326,172,259
Atp6v1a,775,1964,1657,1866,1766,789,860,672,465,626
Atp6v1b1,6,5,6,7,11,11,9,5,0,8
Atp6v1b2,631,2232,1468,1642,1605,881,835,865,460,684
Atp6v1c1,220,798,726,747,786,230,262,267,163,224
Atp6v1c2,8,23,11,14,7,16,17,5,3,9
Atp6v1d,228,1324,1208,1319,1431,279,399,291,171,298
Atp6v1e1,305,1700,1833,1778,1883,439,515,429,241,336
Atp6v1f,242,1523,1643,1655,1821,482,448,411,233,385
Atp6v1g1,152,1009,960,872,1301,279,276,224,133,234
Atp6v1g2,613,3101,2661,2971,3233,738,1055,958,513,696
Atp6v1h,426,1104,877,933,1063,522,476,440,254,448
Atp7a,194,502,538,667,627,256,202,218,152,219
Atp7b,11,24,19,25,30,13,8,8,6,12
Atp8a1,766,1953,1484,1737,1914,1108,931,755,543,775
Atp8a2,310,690,657,712,840,582,302,416,206,323
Atp8b1,31,353,360,323,427,81,75,68,27,51
Atp8b2,34,42,41,47,68,24,21,20,6,12
Atp8b4,8,10,12,9,11,3,3,3,7,6
Atp8b5,17,51,26,25,45,22,12,18,9,14
Atp9a,455,1041,920,1010,1035,647,440,478,249,341
Atp9b,638,1569,1384,1501,1568,959,738,869,480,702
Atpaf1,217,525,446,515,554,211,239,275,142,223
Atpaf2,44,147,146,182,182,37,57,42,38,42
Atpif1,1154,4145,4272,3947,4511,2110,1770,2099,935,1271
Atr,201,517,452,459,518,254,208,266,134,236
Atraid,246,1464,1198,1184,914,246,530,362,210,279
Atrip,0,0,0,0,0,0,0,0,0,0
Atrn,846,1840,1357,1645,1655,794,1009,962,559,854
Atrnl1,1007,2286,2018,2358,2549,1852,1268,1226,847,1221
Atrx,709,1417,1316,1641,1610,994,909,726,513,766
Atxn1,2367,4141,3787,4239,4556,3039,2207,2487,1546,1954
Atxn10,938,2411,2163,2245,2261,1089,1062,1104,606,873
Atxn1l,93,224,181,183,214,123,121,120,54,74
Atxn2,554,1209,979,1041,1169,595,560,444,304,482
Atxn2l,275,1698,988,1094,1421,215,335,375,133,400
Atxn3,223,403,308,336,408,224,197,195,126,163
Atxn7,137,451,350,456,441,257,184,164,97,152
Atxn7l1,430,874,840,960,918,564,404,431,271,381
Atxn7l1os1,9,10,13,15,10,6,8,11,3,5
Atxn7l2,26,203,131,173,205,21,60,41,23,52
Atxn7l3,23,112,103,115,128,52,29,33,25,28
Atxn7l3b,380,1500,1517,1564,1625,838,871,731,460,695
Auh,288,925,897,892,1046,509,401,446,223,322
Aunip,6,18,17,17,18,4,6,4,3,4
Aup1,236,1070,675,767,902,425,524,465,265,480
Aurka,0,9,5,12,12,0,9,6,4,5
Aurkaip1,39,324,289,449,364,87,98,78,47,125
Aurkb,0,7,4,1,2,0,0,0,0,0
Auts2,6509,12436,11169,13594,14213,8915,7235,6588,5448,6908
Aven,62,164,139,155,146,95,111,89,61,87
Avil,7,20,20,20,26,10,22,11,9,17
Avl9,94,239,178,255,259,132,133,105,66,102
Avp,10,14,18,15,7,10,15,8,9,2
Avpi1,31,117,150,124,157,42,59,59,36,38
Awat2,2,9,8,4,3,2,0,0,0,0
Axdnd1,15,27,19,19,30,16,18,17,8,15
Axin1,243,349,321,382,394,278,218,240,126,205
Axin2,20,60,91,70,90,43,30,28,24,27
Axl,28,160,95,89,120,41,37,27,21,46
Azi2,79,218,165,226,246,100,87,77,36,69
Azin1,221,614,437,519,509,242,284,261,119,238
Azin2,253,491,353,475,470,330,242,362,146,182
B020004J07Rik,0,0,0,0,0,0,0,0,0,0
B020011L13Rik,0,0,0,0,0,0,0,0,0,0
B130006D01Rik,0,0,0,0,0,0,0,0,0,0
B130046B21Rik,63,204,162,170,183,60,61,96,36,47
B230104I21Rik,0,8,4,7,5,0,0,0,0,0
B230110C06Rik,9,10,8,26,14,7,10,14,9,12
B230110G15Rik,29,124,121,109,97,30,43,44,45,21
B230112J18Rik,10,21,30,21,12,11,14,12,8,10
B230118H07Rik,170,389,367,421,422,155,194,185,131,183
B230208H11Rik,6,21,20,12,17,8,10,14,4,8
B230217C12Rik,102,385,390,433,466,269,210,200,94,124
B230217O12Rik,35,91,86,81,119,54,41,58,31,35
B230219D22Rik,235,522,636,561,627,738,475,459,339,318
B230303O12Rik,0,10,6,1,8,0,8,0,4,3
B230307C23Rik,39,120,130,107,149,74,62,58,57,46
B230312C02Rik,3,27,15,27,33,7,7,3,6,5
B230317F23Rik,62,181,177,139,175,107,89,93,45,60
B230322F03Rik,8,19,18,23,29,8,15,22,5,3
B230323A14Rik,6,14,24,39,19,7,4,9,2,8
B230334C09Rik,175,602,574,763,680,422,218,242,136,239
B230354K17Rik,21,64,64,67,60,33,16,26,13,15
B230369F24Rik,47,95,95,74,105,66,59,73,57,48
B230398E01Rik,3,0,0,0,0,0,0,3,4,1
B2m,226,2088,1008,974,1911,447,377,259,367,590
B3galnt1,63,342,345,313,334,89,71,71,58,66
B3galnt2,86,206,165,173,204,140,98,81,57,72
B3galt1,2970,7437,5801,6438,7335,3766,3746,3448,1961,3593
B3galt2,347,1026,975,1044,971,388,556,450,252,421
B3galt4,9,55,45,39,50,11,4,14,10,7
B3galt5,45,113,85,133,128,67,45,33,45,54
B3galt6,14,135,114,115,100,23,35,33,8,16
B3gat1,152,530,450,671,568,219,164,144,90,162
B3gat2,94,238,219,222,220,83,103,65,50,68
B3gat3,90,409,340,350,471,166,122,144,112,144
B3glct,116,285,206,231,318,126,116,145,62,90
B3gnt4,1,6,4,4,9,2,0,0,0,0
B3gnt5,0,0,0,0,0,2,0,0,0,0
B3gnt8,1,21,13,20,20,3,4,6,3,5
B3gnt9,7,12,12,14,8,4,5,14,2,4
B3gntl1,58,199,161,221,217,113,78,78,46,77
B430203G13Rik,0,0,0,7,0,0,0,2,1,6
B430218F22Rik,7,9,15,23,16,14,13,17,10,9
B430305J03Rik,0,0,0,0,0,0,0,0,0,0
B430306N03Rik,0,0,0,0,10,6,0,0,4,4
B4galnt1,115,729,532,643,653,177,190,191,88,159
B4galnt2,52,177,164,218,330,55,42,29,36,40
B4galnt3,26,54,44,45,42,24,25,37,6,21
B4galnt4,28,250,179,226,248,56,50,48,25,45
B4galt1,151,184,156,171,203,87,112,109,92,126
B4galt2,15,77,74,62,105,46,21,27,17,14
B4galt3,75,299,237,276,278,108,111,96,46,97
B4galt4,82,288,258,272,267,119,125,96,82,129
B4galt5,127,369,290,362,353,157,135,128,87,149
B4galt6,137,375,342,376,384,157,148,137,80,134
B4galt7,61,213,169,206,207,72,80,83,35,60
B4gat1,59,791,676,665,588,55,108,105,59,85
B530045E10Rik,15,24,25,45,24,22,16,18,11,16
B630005N14Rik,342,804,699,790,837,730,481,473,333,417
B630019K06Rik,24,131,136,139,134,30,37,36,13,19
B830012L14Rik,108,414,337,396,504,357,153,200,134,227
B930036N10Rik,2,5,8,5,16,7,1,4,1,4
B930041F14Rik,73,249,170,168,311,136,124,182,84,110
B930082K07Rik,2,11,7,8,9,8,8,10,6,1
B9d1,56,194,185,176,213,81,109,97,41,86
B9d1os,0,7,7,9,8,0,3,2,2,3
B9d2,23,95,104,106,120,30,36,29,19,31
BB365896,7,9,4,10,6,2,4,5,5,6
BC002059,82,248,197,235,297,150,97,109,77,118
BC003331,163,376,354,418,403,177,190,179,121,163
BC003965,178,628,582,744,694,219,254,247,158,219
BC004004,123,388,355,424,467,119,88,126,72,87
BC005537,163,563,510,575,616,270,245,230,126,208
BC005561,992,3002,2587,3428,3039,1185,1034,1073,484,775
BC005624,257,792,791,831,831,497,425,452,245,343
BC016579,4,6,10,5,9,6,0,6,0,0
BC017158,17,91,59,65,69,20,28,19,11,20
BC017643,22,122,100,126,115,28,50,42,23,30
BC021891,4,6,8,6,12,9,7,4,1,2
BC022687,11,57,65,31,64,10,22,12,8,15
BC023719,48,207,194,188,236,40,81,76,39,37
BC023829,34,149,156,146,149,42,51,52,33,46
BC024139,8,40,39,36,48,17,20,16,9,25
BC024978,29,75,61,61,68,32,18,28,14,27
BC025920,32,60,81,83,83,51,32,42,20,29
BC026585,25,100,62,55,90,28,40,27,21,34
BC028528,62,145,82,90,131,77,112,66,87,174
BC029214,222,650,481,479,727,263,277,372,176,307
BC029722,61,274,270,276,313,93,84,107,42,90
BC030336,125,302,296,324,362,224,117,150,97,148
BC030343,44,142,96,93,146,51,61,82,33,44
BC030499,113,205,221,211,243,173,132,283,66,89
BC030500,45,182,116,191,181,53,48,62,15,36
BC030867,4,36,21,19,20,10,8,10,9,9
BC030870,9,16,9,9,13,12,9,2,4,5
BC031181,431,1501,1427,1480,1571,864,808,877,450,587
BC034090,8,37,34,21,25,5,3,6,7,6
BC035044,0,10,18,11,12,3,8,5,4,8
BC037034,102,533,353,430,613,153,215,219,96,169
BC037039,0,18,15,15,16,0,3,2,1,5
BC046251,4,5,12,7,15,2,4,6,3,6
BC048403,8,30,24,22,18,7,3,8,3,14
BC048502,0,7,5,11,3,0,0,0,0,0
BC048507,0,23,26,21,27,0,0,0,0,0
BC048546,17,70,97,88,117,31,25,45,8,18
BC049352,5,8,6,5,11,6,6,4,1,4
BC049715,11,30,35,27,24,14,11,12,5,12
BC049762,1,16,6,6,4,3,4,4,7,8
BC050972,8,21,12,23,21,8,13,21,8,10
BC051019,11,7,21,8,17,2,7,6,8,6
BC051077,22,22,22,16,14,5,28,18,9,14
BC051142,63,122,85,118,113,75,74,83,31,54
BC051226,26,77,78,76,94,79,32,31,12,50
BC051537,5,0,0,0,0,6,0,0,0,0
BC052040,136,431,350,414,470,294,185,162,101,228
BC053393,10,5,8,12,3,6,5,7,4,4
BC055324,9,26,12,17,25,13,19,13,5,13
BC055402,4,14,8,13,5,1,7,1,0,0
BC065403,16,21,30,31,29,8,19,18,12,6
BC067074,6,25,26,19,15,7,9,18,7,3
BC068281,58,115,108,149,126,92,92,78,38,56
BC089491,8,11,7,23,8,5,5,16,1,2
BC106179,0,0,0,0,0,0,0,0,0,0
BC107364,0,0,0,0,0,0,0,0,0,0
Baalc,39,73,99,98,83,57,44,41,24,47
Babam1,361,880,558,579,678,307,418,412,178,337
Bace1,118,406,326,316,307,109,130,153,62,92
Bace2,16,79,89,64,73,27,45,19,13,34
Bach1,22,39,39,41,51,24,24,24,9,22
Bach2,467,1170,1054,945,1103,620,445,569,317,533
Bach2os,9,0,0,0,7,3,5,4,5,5
Bad,86,292,313,298,339,96,121,120,71,111
Bag1,97,312,291,316,370,93,117,85,62,107
Bag2,37,73,87,102,95,43,45,45,20,32
Bag3,39,112,73,64,100,45,62,30,22,48
Bag4,312,643,591,615,636,383,346,306,204,232
Bag5,41,189,192,224,221,44,56,49,28,45
Bag6,68,430,314,339,391,92,117,84,46,100
Bahcc1,58,114,135,120,130,73,63,51,34,63
Bahd1,13,59,56,71,55,13,17,8,5,14
Baiap2,1476,4077,3688,4464,3842,2604,3007,2314,1074,2017
Baiap2l1,34,45,39,58,41,24,40,28,17,42
Baiap2l2,7,67,19,18,35,20,7,10,16,19
Baiap3,14,41,29,30,32,28,33,16,13,26
Bak1,26,146,89,96,133,47,51,68,21,53
Bambi,23,172,171,175,133,23,58,25,28,59
Banf1,58,251,285,274,296,71,80,86,47,77
Banf2,402,916,436,536,823,621,476,419,271,425
Bank1,15,31,46,24,32,17,25,15,8,11
Banp,0,0,0,0,0,0,0,0,0,0
Bap1,50,220,198,227,233,58,54,66,24,51
Bard1,3,12,9,10,16,0,6,2,2,5
Barx2,10,17,44,25,26,9,11,18,8,5
Basp1,1049,1883,1948,1882,1797,1474,1302,1304,675,820
Batf,10,7,2,7,9,9,4,6,2,8
Batf2,13,28,29,17,60,7,13,14,5,12
Batf3,14,18,23,21,24,11,8,29,5,5
Bax,370,1500,1066,1199,1419,585,614,596,339,596
Baz1a,29,42,37,42,46,22,19,24,19,19
Baz1b,218,503,434,495,589,344,262,243,142,285
Baz2a,360,628,531,577,550,329,335,310,176,302
Baz2b,874,1648,1489,1706,1990,1325,1120,1199,735,956
Bbc3,29,103,88,107,122,31,48,23,25,22
Bbip1,350,1075,981,1004,1065,550,555,504,251,411
Bbof1,356,651,555,633,659,407,446,389,192,371
Bbox1,29,42,113,57,58,6,39,19,23,23
Bbs1,58,117,117,148,122,110,94,91,39,70
Bbs10,4,23,27,25,33,5,6,13,13,10
Bbs12,25,78,91,89,81,40,26,25,11,21
Bbs2,80,189,141,199,199,90,71,95,50,71
Bbs4,159,376,328,400,388,166,159,218,111,148
Bbs5,202,621,577,519,575,269,264,280,117,195
Bbs7,88,203,150,180,229,79,85,100,58,69
Bbs9,203,463,367,399,462,229,169,192,123,218
Bbx,193,477,391,445,556,338,267,192,146,221
Bcam,30,69,65,74,79,60,73,56,44,87
Bcan,589,2133,1933,2077,1911,415,1019,730,294,660
Bcap29,152,442,381,375,399,149,170,149,95,135
Bcap31,124,719,634,595,621,166,210,151,110,183
Bcar1,119,340,287,328,326,145,159,129,78,150
Bcar3,50,146,149,142,151,63,71,53,31,65
Bcas1,128,509,471,384,653,115,178,132,87,163
Bcas1os1,0,0,0,0,0,0,0,0,0,0
Bcas1os2,2,23,5,14,18,6,9,6,1,9
Bcas2,178,673,690,702,686,187,238,207,96,202
Bcas3,1000,1967,1604,1753,2155,1057,1089,1023,671,1020
Bcas3os1,335,696,572,607,694,329,415,430,227,317
Bcas3os2,17,21,20,19,18,6,7,9,7,8
Bcat1,72,201,199,225,247,120,67,100,51,58
Bcat2,67,138,106,135,165,63,75,72,33,66
Bccip,80,385,317,422,437,65,116,80,56,103
Bcdin3d,25,69,53,64,54,31,27,24,12,18
Bche,63,96,72,95,87,33,75,84,36,58
Bckdha,172,440,377,416,445,201,230,243,111,180
Bckdhb,279,766,690,712,782,446,364,395,195,293
Bckdk,67,243,190,196,291,81,88,93,52,89
Bcl10,41,127,108,104,98,47,32,29,30,52
Bcl11a,854,2751,2491,2842,3253,1654,983,1220,665,1047
Bcl11b,737,1566,1251,1351,1399,763,586,649,391,541
Bcl2,257,716,491,504,546,260,279,239,115,275
Bcl2a1b,0,0,0,0,0,0,0,0,0,0
Bcl2l1,269,646,557,636,804,402,308,257,172,308
Bcl2l10,2,0,0,0,0,0,0,0,0,0
Bcl2l11,11,18,25,42,36,21,19,11,4,10
Bcl2l12,21,62,45,30,52,14,23,12,15,20
Bcl2l13,175,255,241,252,231,133,143,144,86,126
Bcl2l14,0,0,0,0,0,0,5,0,0,0
Bcl2l15,3,20,12,13,26,10,6,6,4,7
Bcl2l2,0,0,0,0,0,0,0,0,0,0
Bcl3,1,21,4,6,21,7,6,1,4,18
Bcl6,271,576,364,447,532,143,198,135,66,141
Bcl6b,1,13,17,16,8,12,13,5,4,12
Bcl7a,117,255,245,235,288,143,95,124,66,76
Bcl7b,64,204,194,255,256,115,120,83,56,86
Bcl7c,74,185,119,123,156,95,103,69,45,72
Bcl9,416,919,753,1000,889,572,459,416,237,358
Bcl9l,17,53,59,44,46,23,17,25,17,17
Bclaf1,758,1616,1263,1501,1504,762,808,792,408,704
Bco1,4,12,11,7,14,7,6,5,0,2
Bco2,4,6,6,10,12,0,8,3,4,8
Bcor,89,148,185,183,196,109,80,93,44,78
Bcorl1,118,207,171,200,167,85,107,77,45,79
Bcr,233,629,534,645,585,350,309,220,143,267
Bcs1l,227,1004,1044,1106,1130,884,590,521,291,246
Bdh1,297,505,404,454,517,238,219,271,127,151
Bdh2,17,30,50,32,40,4,34,13,17,12
Bdkrb1,0,5,5,4,2,0,0,0,0,0
Bdkrb2,9,31,21,28,26,10,24,12,5,7
Bdnf,110,366,421,456,324,135,125,141,108,72
Bdp1,178,511,396,510,537,279,255,228,128,225
Bean1,19,36,38,34,57,47,14,29,13,16
Becn1,149,434,369,432,447,239,190,193,101,172
Begain,41,270,175,209,245,68,68,69,35,51
Bend3,6,10,21,18,17,8,9,10,6,8
Bend4,68,116,75,110,110,42,66,42,29,41
Bend5,0,0,0,0,0,0,0,0,0,0
Bend6,468,1059,978,911,1086,617,444,587,274,361
Bend7,27,46,29,32,37,29,19,16,16,17
Best1,4,13,12,7,5,4,0,0,0,0
Best3,10,26,13,24,21,12,5,7,4,10
Bet1,65,199,184,184,200,59,70,82,45,65
Bet1l,179,622,581,640,717,326,269,282,144,215
Bex1,74,388,431,476,456,159,139,131,66,122
Bex2,316,1854,2221,2435,2206,526,536,465,249,376
Bex4,29,124,157,149,112,64,62,77,25,40
Bfar,268,627,506,567,630,279,279,360,152,233
Bfsp1,0,4,7,4,1,0,0,0,0,0
Bfsp2,20,44,40,36,65,24,35,21,18,20
Bglap3,2,18,68,12,45,24,4,61,0,16
Bgn,13,55,49,67,52,14,27,15,22,33
Bhlha9,5,16,26,29,24,10,7,3,5,3
Bhlhb9,180,492,433,500,585,241,248,191,105,249
Bhlhe22,49,174,145,154,225,58,112,67,46,62
Bhlhe40,62,233,206,253,260,42,61,65,24,83
Bhlhe41,86,279,200,216,305,51,89,60,30,103
Bhmt,5,0,0,0,0,4,0,0,0,0
Bhmt2,0,0,0,0,0,0,6,2,2,5
Bicc1,292,595,546,583,640,347,257,244,170,268
Bicd1,1000,2304,1839,2059,2484,1341,1181,1193,705,1159
Bicd2,32,150,116,143,175,46,34,27,22,50
Bid,16,65,48,51,64,13,15,17,16,11
Bin1,374,1659,1217,1495,1729,685,561,570,305,505
Bin2,28,44,17,10,39,18,15,14,9,26
Bin3,100,244,201,239,250,117,117,96,73,119
Birc2,49,201,168,185,217,62,82,71,45,58
Birc3,12,33,16,20,22,15,11,18,5,16
Birc5,4,12,11,8,13,7,5,5,1,6
Birc6,1378,2793,2124,2372,2648,1710,1634,1587,947,1438
Birc7,4,6,6,10,13,0,3,3,3,4
Bivm,87,217,174,202,209,91,87,88,44,58
Blcap,112,575,549,531,558,149,173,127,63,124
Blk,0,0,0,0,0,0,3,3,1,3
Blm,52,60,74,75,102,44,31,60,27,27
Blmh,188,408,446,405,460,200,171,214,115,161
Blnk,27,75,57,66,85,41,25,29,22,27
Bloc1s1,10,287,318,269,435,17,27,14,7,16
Bloc1s2,315,926,798,838,898,477,483,603,295,356
Bloc1s3,5,51,40,31,47,3,13,16,5,5
Bloc1s4,40,246,194,250,227,78,90,72,44,92
Bloc1s5,28,71,71,57,71,18,19,34,19,20
Bloc1s6,18,67,88,79,86,19,28,19,16,22
Bloc1s6os,16,46,53,64,50,42,20,29,17,4
Blvra,46,145,155,144,179,63,56,63,39,61
Blvrb,43,159,137,133,182,86,68,70,43,86
Blzf1,200,458,371,463,368,192,194,194,69,112
Bmf,0,10,2,5,10,0,0,3,0,0
Bmi1,11,88,82,114,121,19,38,28,19,27
Bmp1,141,675,413,554,569,144,227,208,96,189
Bmp2,0,6,7,9,12,0,0,0,0,0
Bmp2k,60,124,74,64,142,71,68,38,38,64
Bmp3,1,14,15,9,12,7,5,15,3,2
Bmp4,13,23,25,37,42,8,33,31,15,14
Bmp5,3,9,13,23,21,9,12,15,1,8
Bmp6,68,81,82,147,77,38,58,53,19,67
Bmp7,17,26,28,31,37,7,16,20,3,10
Bmp8a,5,0,0,0,0,2,5,5,1,5
Bmp8b,3,16,7,10,5,5,11,8,8,2
Bmper,58,164,171,119,233,107,62,122,23,82
Bmpr1a,494,1051,998,1007,1042,906,869,817,551,700
Bmpr1b,152,637,443,383,704,108,239,153,102,246
Bmpr2,479,1047,948,987,1063,549,542,532,325,584
Bms1,79,219,180,189,210,90,74,102,61,88
Bmx,12,12,11,17,11,16,18,18,7,16
Bmyc,187,1057,1021,1072,1256,290,354,352,156,276
Bnc2,8,14,8,60,14,6,26,36,12,8
Bnip1,75,205,188,215,285,123,85,112,47,88
Bnip2,53,204,124,163,176,73,81,41,45,79
Bnip3,58,282,287,293,296,56,78,83,26,55
Bnip3l,221,665,661,628,718,235,263,212,141,231
Bnipl,21,14,29,16,17,21,14,14,11,14
Boc,123,224,159,157,203,66,106,99,59,109
Bod1,20,153,79,88,204,85,34,38,23,32
Bod1l,175,427,422,629,507,269,303,228,185,263
Bok,102,437,431,519,448,170,201,151,127,141
Bola1,55,246,306,253,319,67,118,85,47,90
Bola2,48,645,740,610,788,101,119,68,37,60
Bola3,111,265,304,305,400,138,121,146,75,107
Boll,11,14,11,13,9,4,8,2,5,6
Bop1,201,502,437,532,459,260,291,278,155,203
Bora,34,109,59,84,85,49,50,51,20,33
Borcs5,144,1032,616,612,635,319,344,150,320,233
Borcs6,36,170,169,155,151,40,48,43,18,26
Borcs7,172,333,323,269,376,166,155,171,87,137
Borcs8,224,552,692,797,749,181,232,273,113,182
Bpgm,74,273,272,246,310,86,84,77,49,70
Bphl,148,410,468,414,458,144,159,164,81,125
Bpifb1,1,7,4,5,0,0,9,4,0,0
Bpifb5,3,10,10,13,7,3,4,4,4,5
Bpifb9b,0,0,0,0,0,0,0,1,2,5
Bpnt1,89,339,350,341,312,138,174,120,66,98
Bptf,465,1058,952,1094,1286,655,498,505,336,511
Braf,859,2004,1738,2040,2130,1226,1154,1093,667,997
Brap,143,368,307,313,339,164,182,209,90,162
Brat1,56,161,124,131,152,66,66,75,50,61
Brca1,27,23,17,21,13,11,17,12,4,13
Brca2,63,71,72,83,88,50,37,62,35,32
Brcc3,86,188,162,171,208,87,69,69,59,63
Brd1,66,139,136,132,165,264,65,62,37,54
Brd2,69,288,254,274,296,91,99,94,61,86
Brd3,109,268,226,272,324,144,134,133,75,108
Brd4,540,1135,975,1062,1073,649,654,571,359,585
Brd7,158,416,386,435,409,305,304,222,133,219
Brd8,249,664,511,539,646,267,248,277,166,246
Brd9,412,2515,2473,3090,3025,1236,1125,1117,641,729
Brdt,219,629,565,651,683,411,332,352,190,310
Bre,628,1382,1207,1288,1546,847,745,956,591,727
Brf1,195,455,356,397,436,187,216,194,121,175
Brf2,81,229,181,202,200,95,95,121,58,76
Bri3,298,799,750,741,872,381,341,313,210,327
Bri3bp,78,283,279,270,239,78,102,87,52,71
Bricd5,3,47,41,35,72,9,7,5,0,0
Brinp1,2396,5160,4416,5816,5314,3283,2796,2935,2256,2527
Brinp2,218,873,735,916,916,618,319,315,173,307
Brinp3,731,2305,2775,2114,3326,2032,1109,1939,406,1324
Brip1,8,19,16,16,22,13,12,16,2,4
Brip1os,232,804,782,886,908,340,391,385,197,256
Brix1,104,339,280,320,294,125,166,164,78,116
Brk1,284,1220,1258,1281,1396,558,496,414,233,368
Brms1,245,490,392,468,446,287,288,284,161,247
Brms1l,241,556,456,504,547,172,227,249,117,155
Brox,83,227,184,218,239,108,77,89,41,90
Brpf1,42,157,117,136,172,60,56,68,55,56
Brpf3,68,170,140,164,205,154,87,109,75,87
Brsk1,164,407,292,365,344,201,163,186,84,155
Brsk2,29,187,127,179,178,38,37,27,20,31
Brwd1,410,964,824,923,1045,465,456,464,263,397
Brwd3,159,397,323,371,428,267,209,188,149,239
Bscl2,358,661,568,583,689,664,472,541,271,361
Bsdc1,107,319,315,323,335,142,143,142,83,95
Bsg,1409,7283,5053,5077,6005,1701,1878,1529,1514,2910
Bsn,639,1230,1027,1180,1164,675,643,568,346,484
Bspry,3,0,0,4,12,5,3,2,3,3
Bst2,29,182,96,82,144,71,63,34,60,95
Btaf1,777,1970,1608,2024,1997,909,997,814,594,799
Btbd1,315,760,719,653,736,345,297,318,176,239
Btbd10,241,791,610,743,855,407,353,413,230,357
Btbd11,94,197,210,186,259,174,86,109,53,69
Btbd16,34,55,55,51,73,33,30,29,26,29
Btbd17,46,334,311,257,262,36,69,67,24,47
Btbd19,26,99,83,85,69,16,35,51,14,32
Btbd2,76,299,216,243,281,112,105,118,69,95
Btbd3,170,437,395,432,518,253,186,174,175,163
Btbd6,27,164,146,169,177,44,51,43,13,37
Btbd7,315,551,501,536,578,355,357,299,195,312
Btbd8,111,138,116,100,148,84,66,87,45,55
Btbd9,2079,4415,3884,4732,4949,2193,2043,1641,1478,1862
Btc,8,9,8,13,16,11,9,4,2,2
Btd,24,132,108,114,104,22,30,34,13,18
Btf3,10,242,247,170,275,15,16,18,5,22
Btf3l4,103,238,186,234,226,99,96,122,45,80
Btg1,124,592,530,556,603,126,203,145,105,169
Btg2,142,285,316,242,188,102,149,193,72,113
Btg3,21,63,64,56,66,26,26,33,13,18
Btk,25,163,178,146,176,81,37,40,21,44
Btla,7,22,15,7,18,12,7,4,2,8
Btrc,513,1138,975,1136,1082,612,573,560,307,468
Bub1,0,0,0,0,0,0,0,6,0,0
Bub1b,11,54,25,30,36,5,9,14,4,9
Bub3,172,604,572,624,585,296,266,264,130,260
Bud13,137,359,307,320,309,107,128,123,39,96
Bud31,105,311,297,324,347,152,138,115,65,114
Bves,48,165,126,155,137,82,76,52,54,69
Bvht,12,17,16,22,27,14,8,11,12,27
Bysl,38,147,134,138,130,45,50,47,29,52
Bzrap1,180,767,636,805,853,331,345,290,169,314
Bzw1,84,358,314,292,299,108,119,112,56,98
Bzw2,241,592,525,615,600,365,288,297,150,222
C030005K15Rik,0,11,16,19,16,0,4,4,5,0
C030014I23Rik,11,53,48,50,58,20,11,16,8,11
C030018K13Rik,95,69,104,89,74,15,62,50,21,41
C030027H14Rik,3,0,0,0,0,0,0,0,0,0
C030034I22Rik,79,181,153,159,194,87,112,104,70,72
C030034L19Rik,11,19,10,9,17,10,3,4,7,12
C030037D09Rik,75,153,135,122,145,56,85,83,28,75
C030039L03Rik,72,111,95,112,118,68,49,53,28,43
C130013H08Rik,4,12,11,11,19,8,3,3,2,4
C130026I21Rik,48,110,107,100,129,49,50,55,29,39
C130026L21Rik,68,191,182,220,210,142,98,131,58,78
C130050O18Rik,8,17,6,12,12,6,6,5,7,5
C130060C02Rik,18,53,65,74,57,41,40,29,23,26
C130060K24Rik,9,40,44,35,41,18,10,11,6,9
C130071C03Rik,964,2105,2160,2241,2463,1271,945,1232,680,787
C130074G19Rik,4,25,23,26,29,12,6,8,7,17
C130080G10Rik,0,7,5,2,0,0,0,0,0,0
C130083M11Rik,0,0,0,0,0,0,0,0,0,0
C1d,98,447,478,469,535,91,105,88,57,99
C1galt1,21,51,61,60,75,67,33,36,32,35
C1galt1c1,76,422,424,378,369,74,92,81,63,80
C1qa,39,1197,250,256,1054,210,64,42,88,222
C1qb,20,467,159,148,459,80,33,15,26,86
C1qbp,76,495,470,490,504,158,184,142,63,133
C1qc,26,350,102,118,341,57,21,14,26,59
C1ql1,13,142,123,138,111,19,20,18,13,16
C1ql2,72,596,680,808,421,32,87,49,61,42
C1ql3,211,1183,1484,1959,1269,568,477,334,290,227
C1qtnf1,6,4,7,10,14,8,8,11,1,4
C1qtnf2,6,10,7,13,10,0,6,5,7,3
C1qtnf3,0,60,85,54,59,0,0,0,0,0
C1qtnf4,425,1540,1497,1498,1342,616,583,635,253,321
C1qtnf6,4,17,9,8,11,5,4,8,1,3
C1qtnf7,18,41,31,60,47,21,25,18,10,20
C1ra,8,22,20,30,29,14,7,7,6,7
C1rl,0,6,5,3,7,0,0,0,0,0
C1s1,0,9,7,7,13,0,0,0,0,0
C1s2,0,0,0,10,6,0,0,0,0,0
C2,10,19,17,25,22,11,15,8,4,11
C230014O12Rik,3,20,12,17,10,7,5,4,5,6
C230021G24Rik,0,9,6,4,5,0,0,0,0,0
C230029F24Rik,7,7,7,9,12,4,5,6,0,3
C230034O21Rik,28,40,41,43,35,22,24,15,4,5
C230035I16Rik,24,39,20,29,36,21,15,14,10,13
C230037L18Rik,64,221,182,192,226,92,102,100,61,76
C230088H06Rik,131,225,173,174,231,90,108,159,81,80
C2cd2,380,714,730,837,657,474,432,469,252,306
C2cd2l,62,383,338,314,313,83,86,83,59,74
C2cd3,249,612,525,550,584,301,290,234,157,242
C2cd4a,0,3,5,5,7,0,0,0,0,0
C2cd4b,15,27,37,57,47,9,17,25,22,10
C2cd4c,3,30,30,26,27,8,7,4,4,5
C2cd4d,6,20,22,21,22,8,9,7,4,11
C2cd5,453,1479,1243,1557,1607,555,507,478,280,556
C3,11,86,203,113,162,9,9,7,18,17
C330002G04Rik,29,10,5,15,13,8,9,14,7,11
C330006A16Rik,51,130,128,146,153,32,43,42,19,27
C330007P06Rik,111,235,219,206,217,132,127,123,69,103
C330011M18Rik,3,5,8,5,5,2,3,0,5,2
C330013E15Rik,13,14,20,21,13,19,11,13,5,8
C330013J21Rik,35,62,41,41,66,41,52,25,28,43
C330018A13Rik,2,4,6,6,5,1,0,0,0,0
C330018D20Rik,46,118,122,119,139,62,58,73,33,55
C330019F10Rik,8,11,4,8,8,6,6,10,5,2
C330021F23Rik,9,23,15,15,15,9,9,15,11,9
C330027C09Rik,0,5,6,8,9,0,5,5,2,1
C3ar1,4,39,5,4,36,9,1,3,16,20
C430042M11Rik,0,0,0,0,0,3,2,1,2,0
C4b,81,1040,300,303,840,196,139,82,152,376
C4bp,3,26,11,17,22,9,8,5,8,2
C530008M17Rik,549,1331,1053,1356,1444,1007,705,588,403,605
C530044C16Rik,7,32,15,28,26,14,17,3,12,9
C530050E15Rik,13,17,16,25,24,19,14,17,7,5
C5ar1,23,16,13,21,18,10,13,20,11,16
C5ar2,0,0,0,0,0,0,3,1,3,1
C6,1,12,10,13,12,3,0,1,1,2
C630028M04Rik,17,12,12,13,10,11,17,8,2,6
C7,8,7,12,8,11,8,2,3,1,4
C730034F03Rik,119,221,211,276,255,121,122,144,65,105
C77080,26,52,63,65,78,61,27,29,12,14
C77370,423,915,726,772,842,636,596,514,419,461
C78334,22,37,37,39,24,10,31,19,12,27
C79798,31,92,57,83,80,42,64,63,16,44
C87414,0,0,0,0,0,0,0,0,0,0
C87436,58,87,83,97,90,52,46,41,26,29
C8g,48,40,21,25,37,21,17,28,11,20
C920006O11Rik,33,17,62,57,50,19,7,45,21,29
C920021L13Rik,178,216,197,252,228,135,153,166,73,99
Caap1,245,456,404,449,442,274,270,270,163,239
Cab39,151,399,294,369,452,233,176,162,143,157
Cab39l,283,605,581,614,718,284,290,400,213,302
Cabin1,439,1061,823,1022,1096,478,457,443,263,349
Cables1,104,238,148,196,279,93,85,74,42,112
Cables2,25,99,74,104,119,49,23,27,25,30
Cabp1,245,927,803,908,939,686,440,431,221,320
Cabp4,3,0,0,0,0,3,3,0,4,2
Cabp7,22,174,153,157,195,57,43,37,25,22
Cabyr,24,51,40,31,48,20,23,31,18,18
Cacfd1,115,398,313,325,390,127,145,156,94,132
Cachd1,216,562,477,538,542,241,251,155,139,239
Cacna1a,1939,4521,4372,5421,5327,3332,2514,2257,1710,1796
Cacna1b,495,1173,1152,1400,1314,1098,663,667,417,666
Cacna1c,1735,4194,3180,3892,4177,2746,2137,1540,1795,2083
Cacna1d,1074,2035,1598,2017,2216,1545,1120,1054,776,1026
Cacna1e,1437,3603,3271,4190,4113,2673,1697,1530,1343,1778
Cacna1g,29,154,127,139,152,55,48,65,14,50
Cacna1h,67,359,265,404,363,115,127,111,73,112
Cacna1i,53,159,157,182,161,117,60,61,47,67
Cacna1s,6,5,14,6,12,4,11,1,4,7
Cacna2d1,2044,4260,3569,4374,4279,2838,2578,2249,1581,2168
Cacna2d2,50,148,143,126,164,89,80,92,33,56
Cacna2d3,2211,4823,4127,5050,5637,3437,2031,2504,1452,2072
Cacna2d4,132,436,461,560,585,140,132,143,66,124
Cacnb1,121,350,302,354,366,158,130,135,65,101
Cacnb2,4495,11136,7979,10600,11318,5415,5544,4181,3558,4982
Cacnb3,103,593,505,534,523,162,187,159,78,133
Cacnb4,1026,2351,2255,2569,3003,2129,1066,1472,677,1144
Cacng2,176,325,338,337,391,346,228,223,137,167
Cacng3,208,554,564,611,547,489,268,346,186,272
Cacng4,47,76,73,87,72,45,38,23,22,22
Cacng5,36,53,39,41,65,27,22,33,10,20
Cacng6,8,19,27,20,16,8,6,13,6,2
Cacng7,269,696,628,739,697,338,286,256,182,214
Cacng8,599,1313,852,1103,1261,713,479,500,286,424
Cactin,88,284,245,268,296,92,158,116,66,119
Cacul1,249,540,442,543,577,267,255,226,155,201
Cacybp,89,461,527,533,543,123,195,103,68,136
Cad,15,72,52,47,89,33,31,29,8,28
Cadm1,1954,5624,5206,5705,5947,3437,2338,2085,1339,2188
Cadm2,12684,24867,20237,23142,27178,15716,12771,14890,10491,13633
Cadm3,154,548,522,484,523,222,152,206,101,100
Cadm4,165,594,469,391,525,138,162,185,84,142
Cadps,2003,5199,4513,5311,6022,4315,2454,2641,1918,2353
Cadps2,957,2208,1700,2082,2139,1274,1060,930,535,858
Cage1,53,179,262,183,187,61,119,64,62,44
Calb1,194,643,653,757,746,262,284,225,155,188
Calb2,17,145,248,185,168,21,31,15,14,31
Calca,0,11,27,16,15,0,0,0,0,0
Calcb,0,0,0,0,11,0,0,0,0,0
Calcoco1,238,731,600,660,670,283,310,365,167,255
Calcrl,53,106,85,93,107,54,58,53,54,73
Cald1,365,748,623,776,724,469,694,601,548,572
Calhm2,55,106,102,135,89,79,70,60,35,33
Calm1,979,6060,7279,7242,7450,1822,2186,1557,1061,1456
Calm2,2712,12940,14945,15607,14619,3172,3604,3195,1760,2250
Calm3,416,2520,2812,2710,2909,593,702,523,323,454
Calml4,19,22,81,30,60,14,41,11,12,22
Caln1,911,1895,1697,2089,2212,1667,1051,927,600,960
Calr,168,1604,1555,1792,1687,383,468,256,151,355
Calr3,27,43,35,34,30,14,25,23,13,16
Calr4,4,2,6,10,5,0,0,5,0,0
Calu,134,415,352,363,382,156,181,172,103,163
Caly,633,3208,3105,3531,3131,1244,1336,1023,556,1001
Camk1,286,662,597,569,696,364,298,471,174,243
Camk1d,1494,3670,2883,3541,3622,1883,1434,1195,899,1322
Camk1g,26,101,78,101,96,44,38,31,15,19
Camk2a,2100,4617,4010,5322,4925,3514,2555,2155,1521,1968
Camk2b,1121,2924,2306,3205,3103,1413,1354,1227,1022,1270
Camk2d,408,1018,801,1002,1336,903,553,690,242,521
Camk2g,350,956,892,817,1012,396,393,470,248,372
Camk2n1,562,1538,1797,1561,2063,892,837,899,413,669
Camk2n2,22,112,125,105,198,150,79,105,44,47
Camk4,386,1067,964,1039,1162,1003,425,597,254,459
Camkk1,136,841,617,882,849,157,267,196,98,222
Camkk2,255,674,661,748,757,448,320,405,212,259
Camkmt,399,994,791,920,966,617,443,367,273,409
Camkv,1425,6327,4416,5404,5272,1943,2868,2406,1159,2311
Caml,603,1196,846,987,1092,414,610,582,289,474
Camp,10,18,23,21,18,9,14,18,11,8
Camsap1,181,401,385,412,417,191,187,165,92,158
Camsap2,182,623,587,607,579,367,342,260,201,299
Camsap3,29,105,85,79,94,60,44,41,14,40
Camta1,879,2211,2066,2432,2573,1562,974,1087,600,951
Camta2,270,788,629,820,783,350,295,297,218,278
Cand1,86,319,251,282,311,125,122,92,56,88
Cand2,21,45,28,39,40,20,22,23,7,18
Cant1,21,155,112,139,177,24,22,20,16,39
Canx,673,2545,1669,1800,2267,773,1179,768,421,920
Cap1,424,1114,928,1177,1051,764,669,560,464,535
Cap2,1617,2844,2579,2929,2409,1747,1701,1793,1026,1213
Capg,14,70,35,25,78,19,13,6,7,32
Capn1,28,55,45,46,75,66,40,43,31,30
Capn10,266,640,510,598,611,308,393,356,184,276
Capn11,28,22,21,23,16,31,24,12,12,47
Capn12,1,8,13,14,12,1,0,6,0,0
Capn15,811,1486,1019,1194,1387,549,921,880,496,792
Capn2,219,508,426,428,476,233,194,369,133,197
Capn3,87,237,143,154,200,89,118,62,80,101
Capn5,17,122,75,75,98,27,21,22,16,22
Capn6,7,7,19,16,17,15,9,11,4,4
Capn7,249,453,408,477,461,206,210,230,125,218
Capn9,2,10,6,13,16,9,8,7,6,2
Capns1,259,1349,990,1036,1273,409,448,339,236,442
Caprin1,400,1032,827,936,942,484,548,467,307,437
Caprin2,68,104,99,107,109,62,54,64,44,45
Caps2,6,7,6,3,7,1,0,0,0,0
Capsl,15,38,53,21,45,15,23,16,20,19
Capza1,400,963,658,743,894,536,556,574,372,488
Capza2,302,1427,1397,1549,1594,296,503,401,262,369
Capzb,219,892,893,841,961,342,320,246,182,297
Car1,6,134,184,138,198,11,14,6,5,3
Car10,800,2035,2167,2116,2660,1844,1156,1542,665,1094
Car11,699,3603,2750,3133,3668,1427,1507,1800,872,1300
Car12,251,599,783,850,564,405,288,219,272,225
Car13,3,0,0,0,0,0,0,0,0,0
Car14,16,80,65,52,74,27,58,41,33,74
Car2,299,1540,1714,1302,1600,287,472,291,214,336
Car3,0,1,9,4,1,0,0,0,0,0
Car4,249,826,595,662,728,334,447,330,323,469
Car5a,13,30,15,15,31,28,40,20,21,37
Car5b,18,34,26,32,37,16,13,17,12,17
Car7,87,165,176,209,174,100,86,155,56,61
Car8,25,52,36,31,40,9,34,10,7,21
Car9,0,5,12,5,13,0,12,6,0,0
Card10,10,40,27,55,63,13,23,6,22,24
Card11,14,14,10,18,13,6,7,6,4,5
Card14,3,0,0,0,0,0,0,0,0,0
Card19,42,179,143,118,164,71,85,64,45,90
Card6,10,42,32,33,26,11,16,21,17,24
Card9,1,11,6,5,16,4,4,6,4,7
Carf,186,464,334,398,508,148,145,169,99,157
Carhsp1,38,125,146,104,134,27,55,34,28,46
Carkd,220,708,591,627,698,342,371,346,172,293
Carlr,0,5,10,10,8,0,0,0,0,0
Carm1,147,322,262,257,305,136,123,119,71,121
Carnmt1,233,496,424,486,653,231,236,265,165,196
Carns1,11,38,38,30,45,9,12,13,8,21
Cars,173,436,330,491,496,234,227,187,91,194
Cars2,95,278,251,251,293,176,144,144,105,114
Cartpt,5,34,50,37,25,19,7,7,5,1
Casc1,13,20,30,19,27,8,17,6,5,7
Casc3,306,677,614,691,635,407,338,389,201,307
Casc4,402,1136,777,948,1057,561,528,534,313,414
Casc5,11,22,41,32,30,12,8,22,6,10
Casd1,83,311,287,339,312,112,132,78,85,101
Cask,445,1066,837,1019,1211,778,469,522,379,529
Caskin1,75,289,199,250,315,175,199,92,50,126
Caskin2,16,58,45,43,49,13,6,15,3,26
Casp1,9,20,13,14,24,25,3,14,4,15
Casp12,4,15,12,17,18,6,10,10,10,18
Casp2,41,94,84,116,114,39,35,47,17,49
Casp3,26,65,42,43,56,17,22,37,3,9
Casp4,2,9,4,1,7,4,4,2,6,2
Casp6,11,60,48,33,39,20,30,21,14,32
Casp7,18,50,50,45,70,17,29,30,14,16
Casp8,12,57,48,57,53,18,23,13,20,27
Casp8ap2,121,222,163,198,188,125,132,139,87,103
Casp9,23,76,66,65,96,39,39,23,38,35
Casq1,9,17,17,27,17,22,21,17,13,16
Casq2,30,31,23,22,29,7,29,18,9,20
Cass4,9,26,12,20,12,8,12,14,12,12
Cast,23,34,48,47,61,20,22,24,19,36
Casz1,20,41,65,49,64,41,43,86,12,34
Cat,54,120,97,105,139,32,48,47,27,34
Catip,8,59,68,47,65,11,31,21,8,36
Catsper2,175,290,207,267,286,151,145,128,63,119
Catsper3,22,43,21,36,28,14,15,13,9,18
Catsper4,17,16,12,14,21,25,21,27,13,11
Catsperb,23,31,26,21,27,9,29,13,5,11
Catsperd,66,61,47,47,52,132,62,42,24,60
Catsperg1,8,60,36,35,52,23,22,16,10,21
Cav1,46,100,63,65,76,29,38,37,21,61
Cav2,52,284,151,77,203,23,24,26,6,61
Cav3,0,6,4,4,8,0,0,0,0,0
Cbarp,85,762,634,758,622,146,165,160,60,127
Cbfa2t2,861,1708,1301,1461,1573,1004,940,915,508,746
Cbfa2t3,113,306,341,299,275,242,286,155,147,172
Cbfb,156,382,314,322,314,159,171,146,97,135
Cbl,314,730,685,697,743,412,353,333,218,333
Cblb,266,587,448,641,691,329,307,236,227,324
Cblc,5,7,7,5,14,3,6,2,3,4
Cbll1,183,397,371,398,369,279,248,193,114,180
Cbln1,0,2,7,7,15,0,0,0,0,0
Cbln2,3,47,44,42,47,9,6,10,2,10
Cbln4,9,44,52,69,58,27,17,35,4,17
Cbr1,124,579,618,553,648,194,229,221,104,174
Cbr2,0,0,0,11,2,0,3,4,0,6
Cbr3,18,84,76,76,76,14,29,14,6,20
Cbr4,22,73,75,74,78,15,19,23,14,17
Cbs,58,233,201,195,240,26,99,71,34,66
Cbwd1,267,692,605,700,691,437,467,514,335,305
Cbx1,252,634,563,614,633,382,307,318,200,259
Cbx2,0,4,5,17,9,0,0,0,0,0
Cbx3,158,312,251,279,313,158,144,138,73,99
Cbx4,67,159,161,174,211,95,120,102,57,51
Cbx5,508,1016,976,1003,1059,549,633,582,370,505
Cbx6,0,5,8,10,9,0,0,0,0,0
Cbx7,97,293,231,281,318,97,98,113,64,114
Cbx8,23,127,87,156,136,14,49,45,19,42
Cby1,240,554,466,513,495,256,305,302,156,214
Cby3,2,5,17,18,14,0,0,0,0,0
Cc2d1a,106,396,269,323,331,177,177,159,91,166
Cc2d1b,61,243,177,195,223,91,79,97,49,94
Cc2d2a,113,229,231,280,295,127,116,114,99,94
Cc2d2b,0,8,4,6,6,0,0,0,0,0
Ccar1,712,1465,1208,1485,1524,546,767,703,427,675
Ccar2,53,236,153,223,243,52,64,67,29,59
Ccbe1,551,1051,774,909,1081,571,571,454,531,550
Ccbl1,73,179,169,172,218,100,98,89,52,74
Ccbl2,51,86,83,83,101,31,30,35,24,38
Ccdc102a,2,14,11,9,14,7,7,10,3,12
Ccdc105,0,0,0,0,0,3,0,0,0,0
Ccdc106,145,493,458,583,521,184,246,237,121,175
Ccdc107,265,1150,866,1031,1174,461,606,476,262,480
Ccdc108,38,125,122,106,93,39,61,47,22,37
Ccdc109b,12,30,35,30,50,15,22,11,19,20
Ccdc110,0,6,7,6,9,0,8,4,0,0
Ccdc112,152,373,351,409,406,172,170,177,96,141
Ccdc113,11,18,41,22,26,8,25,10,8,10
Ccdc114,8,30,36,23,27,5,11,8,3,8
Ccdc115,50,175,143,160,208,46,63,42,25,51
Ccdc116,1,12,12,10,11,4,7,7,3,8
Ccdc117,141,272,276,276,280,203,247,169,112,167
Ccdc12,316,1053,915,1027,1162,453,451,404,267,388
Ccdc120,16,99,37,50,90,27,23,25,13,21
Ccdc121,3,13,24,6,14,3,9,2,5,9
Ccdc122,36,87,54,70,93,46,30,42,24,33
Ccdc124,57,434,460,411,568,82,102,99,51,104
Ccdc125,15,17,18,23,12,14,6,19,8,19
Ccdc126,15,103,73,88,123,31,32,27,6,15
Ccdc127,54,239,211,225,230,64,84,74,50,69
Ccdc129,5,31,27,27,36,21,8,23,4,12
Ccdc13,33,97,110,101,119,46,54,48,33,47
Ccdc130,71,285,241,278,249,85,116,103,52,91
Ccdc134,96,195,160,199,183,88,105,70,45,53
Ccdc136,117,496,337,350,527,263,181,215,75,153
Ccdc137,53,197,143,121,178,83,79,66,41,56
Ccdc138,149,289,317,283,290,165,175,183,106,125
Ccdc14,8,31,23,16,28,17,11,14,4,9
Ccdc141,86,265,218,288,343,133,153,96,111,211
Ccdc142.1,0,18,9,9,13,0,0,0,0,0
Ccdc142os,17,38,33,40,59,13,29,17,10,14
Ccdc146,99,152,154,86,170,30,108,54,53,98
Ccdc148,433,978,699,816,748,582,488,481,308,412
Ccdc149,119,315,259,319,325,208,146,162,107,119
Ccdc15,13,78,119,72,44,26,52,23,16,13
Ccdc150,38,72,61,61,59,37,51,51,21,35
Ccdc151,48,97,93,93,106,59,57,45,26,42
Ccdc152,0,0,0,0,0,0,0,0,0,0
Ccdc153,53,96,325,99,136,27,189,35,49,58
Ccdc155,17,60,57,46,40,36,28,40,17,25
Ccdc157,20,96,68,73,84,46,39,34,16,31
Ccdc158,4,7,9,8,14,3,6,6,5,7
Ccdc159,80,282,276,212,280,160,147,95,66,108
Ccdc160,13,34,21,28,21,9,10,17,2,6
Ccdc162,41,73,101,81,77,53,67,42,40,35
Ccdc163,13,26,36,24,51,14,23,23,10,15
Ccdc166,11,42,42,69,58,25,23,15,6,10
Ccdc167,71,220,187,201,235,54,74,72,31,64
Ccdc169,2,0,0,0,10,3,0,0,0,0
Ccdc17,35,97,68,64,64,30,23,30,14,36
Ccdc170,55,63,81,67,25,14,46,27,29,36
Ccdc171,113,302,254,261,310,157,147,120,91,114
Ccdc172,0,0,0,0,0,0,3,4,1,4
Ccdc173,131,302,291,288,323,195,227,239,121,197
Ccdc174,286,712,625,668,714,334,389,360,167,283
Ccdc175,3,10,11,6,1,3,3,2,3,1
Ccdc177,6,33,38,33,27,21,12,10,9,10
Ccdc178,19,36,28,34,27,23,13,23,7,14
Ccdc18,64,60,52,57,72,25,52,40,16,30
Ccdc180,10,13,52,27,21,7,15,4,6,4
Ccdc181,31,91,97,89,86,31,51,35,18,35
Ccdc183,0,0,0,0,0,0,0,0,0,0
Ccdc184,13,65,75,50,51,25,24,32,3,6
Ccdc186,81,165,137,169,197,119,96,101,68,86
Ccdc187,0,0,0,0,0,0,0,0,0,0
Ccdc189,32,116,97,63,89,57,62,47,23,57
Ccdc190,128,299,281,260,274,57,135,69,49,102
Ccdc191,218,512,474,483,521,242,249,241,143,204
Ccdc22,31,152,118,135,155,62,58,62,34,46
Ccdc24,0,7,8,3,5,0,10,2,0,0
Ccdc25,121,345,301,336,304,125,193,148,78,115
Ccdc27,0,0,0,0,0,0,0,0,0,0
Ccdc28a,115,268,274,270,375,144,129,114,77,97
Ccdc28b,257,844,637,662,812,352,460,484,218,409
Ccdc3,31,88,119,116,109,39,36,36,20,34
Ccdc30,328,776,682,668,712,535,513,429,300,387
Ccdc32,36,163,203,203,179,28,35,40,21,34
Ccdc33,28,50,65,31,59,18,39,23,15,28
Ccdc34,155,446,375,394,490,240,268,265,147,191
Ccdc34os,7,10,2,7,8,0,8,3,0,5
Ccdc36,5,8,7,5,10,4,11,8,3,4
Ccdc38,18,76,82,67,79,7,26,33,11,13
Ccdc39,46,188,173,155,193,62,68,67,43,68
Ccdc40,11,34,39,35,24,5,22,5,9,9
Ccdc43,69,190,136,202,176,94,68,74,34,56
Ccdc47,150,287,269,310,316,220,163,150,97,79
Ccdc50,243,635,454,510,610,256,253,250,151,227
Ccdc51,69,176,172,198,230,145,107,126,78,91
Ccdc53,68,176,151,179,194,70,71,69,43,67
Ccdc57,368,627,610,671,645,451,434,423,262,298
Ccdc58,397,892,790,835,870,720,582,643,369,484
Ccdc59,140,411,426,480,459,194,188,150,90,143
Ccdc6,137,341,289,331,337,224,207,127,106,139
Ccdc60,77,121,148,145,107,77,65,90,18,56
Ccdc61,64,152,130,121,147,80,66,63,45,63
Ccdc62,56,113,90,105,100,41,57,41,19,47
Ccdc63,7,0,0,0,0,6,4,5,2,3
Ccdc64,247,597,521,601,589,409,311,320,220,298
Ccdc65,59,126,129,107,145,134,102,116,56,65
Ccdc66,339,889,516,701,751,268,555,406,197,411
Ccdc67,8,24,18,22,21,6,14,7,11,6
Ccdc69,2,10,10,11,10,3,5,6,3,3
Ccdc71,45,112,98,107,125,70,58,47,38,55
Ccdc71l,18,66,65,59,81,30,34,29,16,22
Ccdc73,190,803,529,594,659,177,350,305,156,227
Ccdc74a,66,322,243,213,306,72,91,114,65,97
Ccdc77,140,266,249,264,304,132,162,154,70,100
Ccdc78,62,114,150,96,91,61,61,50,38,37
Ccdc79,24,109,93,137,171,55,30,57,21,37
Ccdc7a,0,4,4,3,4,0,0,0,0,0
Ccdc7b,50,100,115,107,124,73,101,79,27,50
Ccdc8,7,29,22,25,22,2,12,7,1,13
Ccdc80,24,62,62,61,71,13,39,26,8,25
Ccdc81,16,40,46,35,42,13,18,21,19,6
Ccdc82,30,75,63,79,113,54,43,53,24,50
Ccdc83,6,7,6,3,6,7,9,14,4,8
Ccdc84,191,664,482,508,595,272,337,337,160,251
Ccdc85a,1101,2671,2016,2432,3089,1697,1311,1165,1135,1557
Ccdc85b,7,604,667,650,726,22,62,50,30,35
Ccdc85c,19,28,17,18,24,14,13,11,7,13
Ccdc86,47,135,123,128,118,63,71,65,36,52
Ccdc88a,780,2321,1943,2310,2627,1158,1069,980,667,1126
Ccdc88b,8,44,26,31,41,15,10,9,4,10
Ccdc88c,176,413,379,386,341,274,212,181,90,148
Ccdc89,0,5,10,0,7,0,0,0,0,0
Ccdc9,68,199,110,91,233,121,88,117,47,81
Ccdc90b,95,250,223,211,238,112,90,99,47,75
Ccdc91,79,204,217,223,226,157,95,121,68,112
Ccdc92,152,406,360,388,424,184,200,172,85,157
Ccdc93,131,283,251,352,309,199,171,127,95,119
Ccdc94,79,204,149,173,176,85,87,98,54,91
Ccdc96,6,9,12,4,10,4,9,0,0,0
Ccdc97,10,79,62,70,98,18,19,12,13,25
Ccer2,0,1,9,5,6,0,0,0,0,0
Cchcr1,18,109,50,62,95,22,32,28,13,34
Cck,401,3537,4544,4362,3773,538,609,645,285,411
Cckbr,28,55,76,66,59,59,24,93,9,10
Ccl12,0,35,10,21,19,7,11,3,5,6
Ccl17,5,9,57,46,25,5,6,6,2,1
Ccl25,270,512,384,449,472,294,241,235,144,193
Ccl27a,111,430,376,381,459,203,167,204,68,140
Ccl28,12,11,14,24,22,9,11,9,7,8
Ccl3,0,65,2,3,84,12,0,0,4,16
Ccl4,0,69,0,0,65,17,0,0,15,16
Ccl5,0,15,1,5,20,0,0,0,0,0
Ccl6,2,105,10,11,101,12,2,2,7,14
Ccl9,0,0,0,6,3,0,0,0,0,0
Ccm2,206,474,394,407,501,277,272,250,135,225
Ccm2l,6,10,8,13,9,8,8,6,6,12
Ccna1,8,21,17,26,30,16,9,7,6,10
Ccna2,1,8,7,2,8,3,0,0,0,0
Ccnb1,0,11,14,11,18,0,0,0,0,0
Ccnb2,12,19,26,19,27,16,4,14,7,14
Ccnb3,1,0,0,0,0,0,0,0,0,0
Ccnc,288,635,541,603,568,377,292,348,175,297
Ccnd1,90,212,182,208,210,115,126,64,43,70
Ccnd2,718,1384,1484,1602,1393,995,926,803,643,609
Ccnd3,334,647,464,651,713,541,534,369,196,470
Ccndbp1,66,260,218,231,273,71,78,84,34,73
Ccne1,13,83,68,63,73,15,26,10,7,16
Ccne2,38,57,70,61,78,30,39,54,12,24
Ccnf,47,88,74,88,71,45,78,46,23,39
Ccng1,155,367,320,334,342,236,191,274,101,165
Ccng2,48,212,204,250,213,30,57,57,34,65
Ccnh,356,780,653,704,718,272,307,358,164,233
Ccni,351,709,599,651,750,355,413,444,207,373
Ccnj,21,102,54,83,74,35,34,53,16,24
Ccnjl,281,492,333,420,476,237,315,209,220,257
Ccnk,88,210,146,167,216,75,75,73,36,61
Ccnl1,385,982,765,977,963,477,514,452,271,423
Ccnl2,834,2706,1943,2434,2489,894,1186,1012,555,790
Ccno,9,20,5,12,19,6,11,9,3,6
Ccnt1,438,701,649,760,683,379,419,391,190,366
Ccnt2,1117,3731,3277,4132,3933,1849,1638,1697,841,1436
Ccny,454,1045,893,986,1048,725,551,550,385,572
Ccnyl1,41,84,66,90,97,54,35,59,16,54
Ccp110,29,113,91,84,127,44,38,38,18,42
Ccpg1,0,0,0,0,0,0,0,0,0,0
Ccpg1os,48,117,132,116,139,58,73,37,47,57
Ccr10,1,0,0,0,0,5,0,9,0,0
Ccr5,18,29,29,28,32,35,32,32,31,28
Ccr9,74,197,216,221,246,99,106,124,52,82
Ccrl2,5,19,10,8,15,13,3,11,6,10
Ccs,141,382,342,359,428,196,179,182,112,136
Ccsap,65,172,253,263,242,129,140,137,70,92
Ccser1,2813,6533,5558,6736,7259,4671,3548,3307,2288,3522
Ccser2,321,659,574,638,682,390,355,367,232,383
Cct2,55,306,330,312,314,62,114,59,46,94
Cct3,190,714,739,737,725,298,306,239,141,221
Cct4,117,412,350,407,437,130,164,110,81,130
Cct5,143,604,627,627,725,256,255,192,142,190
Cct6b,10,14,12,9,10,5,11,8,4,8
Cct7,147,889,811,848,878,254,351,225,158,261
Cct8,92,538,540,554,536,135,183,140,88,153
Ccz1,277,564,520,593,554,444,427,383,210,306
Cd101,4,0,0,0,0,7,0,0,0,0
Cd109,50,63,47,40,58,31,43,31,35,23
Cd14,4,62,5,6,34,5,5,2,4,8
Cd151,73,360,246,218,335,144,127,118,68,186
Cd160,9,0,0,10,7,14,9,7,5,8
Cd163,11,6,7,13,1,7,6,3,0,4
Cd163l1,42,64,47,55,54,76,88,96,58,76
Cd164,16,142,129,141,139,41,40,45,31,42
Cd164l2,12,48,43,37,50,31,12,19,7,14
Cd180,6,51,14,8,49,13,4,6,12,13
Cd1d1,5,24,11,18,20,6,6,1,2,7
Cd200,126,507,536,488,524,276,170,211,115,225
Cd200r1,3,13,9,10,10,5,10,1,4,4
Cd200r4,0,6,3,0,3,0,0,0,0,0
Cd209c,0,10,5,11,6,0,0,0,0,0
Cd226,34,36,45,52,56,28,3,27,6,26
Cd244,3,14,6,2,12,3,1,4,6,3
Cd247,9,15,8,7,7,4,5,3,5,4
Cd248,2,19,12,10,13,5,7,2,0,9
Cd24a,47,64,150,62,104,16,51,24,12,22
Cd27,195,559,531,579,650,305,289,222,155,237
Cd274,3,14,13,5,9,7,2,5,2,4
Cd276,89,103,83,116,171,88,31,141,39,68
Cd2ap,175,276,249,294,320,224,164,201,157,169
Cd2bp2,54,288,200,272,289,94,76,84,43,67
Cd300a,9,24,8,7,20,2,8,4,3,9
Cd300lf,13,58,15,18,69,40,16,20,46,54
Cd300lg,4,24,15,19,19,11,9,6,10,6
Cd302,71,571,530,614,625,126,111,125,44,143
Cd320,167,508,374,418,381,247,255,201,102,170
Cd33,8,36,11,12,27,8,5,7,8,8
Cd34,94,242,223,248,270,157,141,154,108,191
Cd36,9,12,11,19,15,6,8,5,5,8
Cd37,8,51,15,14,44,9,13,14,24,14
Cd38,21,84,47,56,43,6,23,13,10,19
Cd3eap,58,159,169,189,192,73,78,80,41,64
Cd40,5,12,18,13,16,8,15,9,7,13
Cd44,9,86,44,32,89,29,17,18,15,41
Cd46,260,410,388,457,497,267,242,307,180,245
Cd47,411,1558,1452,1501,1400,312,544,557,253,508
Cd48,6,46,12,7,35,13,9,1,7,19
Cd52,75,144,52,43,149,46,97,50,40,91
Cd53,8,76,34,21,60,17,14,7,13,15
Cd55,9,22,31,36,28,23,9,9,7,13
Cd55b,0,0,0,0,0,0,0,0,0,0
Cd59a,53,102,64,56,110,71,45,56,40,69
Cd59b,11,28,22,18,40,28,20,22,16,17
Cd6,0,4,5,4,11,0,0,0,0,0
Cd63,123,1077,731,521,916,125,263,137,111,227
Cd68,3,164,36,33,140,40,16,19,28,50
Cd70,0,6,5,0,6,0,0,0,0,0
Cd72,1,0,0,0,9,1,4,2,5,3
Cd74,1,296,15,92,53,11,29,48,22,9
Cd79a,4,20,9,16,31,9,6,10,4,8
Cd80,6,156,115,93,159,6,10,3,2,7
Cd81,929,9235,6966,5607,6975,1053,1890,1290,932,1507
Cd82,23,124,104,71,96,19,46,23,26,32
Cd83,9,98,58,70,67,20,11,22,9,14
Cd84,6,62,7,12,80,40,8,8,31,51
Cd86,6,21,5,11,31,6,4,4,4,14
Cd9,278,2124,1491,1020,1766,269,540,323,332,479
Cd93,6,21,23,32,15,9,11,7,8,23
Cd96,3,10,6,6,8,2,0,0,0,0
Cd99l2,89,254,248,255,285,118,99,123,72,117
Cda,38,79,43,51,62,29,45,34,11,19
Cdadc1,124,277,247,291,284,159,125,165,74,122
Cdan1,70,212,155,188,206,258,130,127,88,101
Cdc123,179,512,464,514,543,244,198,174,106,183
Cdc14a,50,107,115,114,136,59,75,61,32,56
Cdc14b,262,795,612,702,689,432,350,318,158,292
Cdc16,91,364,263,357,413,143,120,136,98,107
Cdc20,0,9,2,2,12,0,0,0,0,0
Cdc20b,3,0,0,0,10,4,5,2,0,4
Cdc23,156,417,320,410,470,156,186,171,87,168
Cdc25a,6,33,17,20,21,14,9,11,1,10
Cdc25b,137,425,372,401,434,242,187,260,75,174
Cdc25c,3,9,7,1,10,1,6,2,1,4
Cdc26,220,632,471,531,696,179,219,188,126,212
Cdc27,280,640,587,630,736,429,342,345,237,307
Cdc34,28,109,89,89,146,49,42,26,35,28
Cdc34b,0,5,5,3,11,0,0,0,0,0
Cdc37,172,767,613,650,740,197,273,249,144,220
Cdc37l1,405,1079,911,1073,1057,478,491,404,222,381
Cdc40,838,1924,1512,1804,1630,774,902,799,557,653
Cdc42,729,2005,2065,2101,2227,845,897,815,529,783
Cdc42bpa,925,2263,1671,2158,2282,1341,1046,997,701,1043
Cdc42bpb,196,424,349,400,366,277,227,200,121,223
Cdc42bpg,11,30,18,22,22,8,10,6,11,12
Cdc42ep1,21,63,50,49,55,26,46,19,19,33
Cdc42ep2,23,72,89,44,60,20,22,17,11,27
Cdc42ep3,36,103,116,89,96,76,63,71,21,53
Cdc42ep4,38,155,129,105,142,48,62,52,30,67
Cdc42ep5,5,19,15,16,15,9,16,10,7,7
Cdc42se1,54,206,159,179,187,65,106,105,49,98
Cdc42se2,704,1417,1231,1367,1301,810,767,788,536,660
Cdc45,5,16,9,10,12,8,4,6,2,7
Cdc5l,114,362,295,342,328,164,153,143,116,160
Cdc6,10,22,19,18,24,14,10,6,4,11
Cdc7,68,241,155,238,253,66,89,81,34,60
Cdc73,237,538,421,533,602,335,306,299,169,326
Cdca2,3,6,3,4,10,5,6,1,4,2
Cdca3,0,7,6,12,9,0,0,9,0,0
Cdca4,12,38,37,54,52,21,19,14,14,22
Cdca7,16,58,42,54,61,25,27,13,16,28
Cdca7l,25,97,104,91,113,61,32,46,27,21
Cdca8,18,29,31,50,41,18,11,21,10,14
Cdh1,0,0,0,0,0,2,0,0,0,0
Cdh10,1166,2638,2670,2752,3011,1683,1397,1691,887,1302
Cdh11,952,2318,2092,2247,2391,1529,1032,1116,778,1037
Cdh12,797,1801,1607,1677,2202,1659,1163,1371,953,1157
Cdh13,707,1559,1153,1274,1532,1086,804,720,442,672
Cdh15,0,0,0,0,0,0,0,0,0,0
Cdh18,503,1103,1277,1220,1750,1626,576,1130,288,744
Cdh19,180,637,579,634,742,91,184,170,82,238
Cdh2,871,2480,2033,2216,2524,1297,1196,999,695,1054
Cdh20,489,887,972,981,1046,635,394,852,254,677
Cdh22,57,145,144,144,155,118,95,93,31,76
Cdh23,31,113,69,78,162,90,47,41,24,39
Cdh24,11,28,25,37,35,8,15,8,11,15
Cdh26,5,4,11,6,5,0,0,0,0,0
Cdh4,124,255,180,273,213,193,158,89,52,95
Cdh5,21,66,45,66,55,26,33,36,37,57
Cdh6,125,420,328,404,409,264,205,217,53,153
Cdh7,68,225,207,201,326,158,114,262,32,99
Cdh8,1298,2707,2456,2736,3154,2156,1291,1732,1287,1609
Cdh9,1577,3814,3189,3925,3503,1943,2495,1804,1984,1828
Cdhr1,0,7,4,12,7,0,0,0,0,0
Cdhr2,1,20,17,25,27,7,9,10,4,6
Cdhr3,37,76,119,77,60,19,55,33,25,26
Cdhr4,0,0,0,0,0,0,0,0,0,0
Cdip1,1238,2975,2603,2770,2734,1470,1549,1556,813,1144
Cdipt,69,503,462,423,486,101,109,103,50,82
Cdk10,0,0,0,0,0,0,0,0,0,0
Cdk11b,331,734,574,665,632,382,443,392,197,284
Cdk12,637,1177,1018,1198,1340,629,580,712,437,560
Cdk13,415,750,566,622,764,418,436,363,234,418
Cdk14,2323,4777,4011,4817,5252,3128,2588,2693,1925,2399
Cdk15,4,12,6,7,6,8,4,8,3,3
Cdk16,195,755,525,604,746,302,301,231,129,278
Cdk17,529,1276,1221,1339,1403,814,715,637,385,582
Cdk18,38,152,124,99,153,64,76,59,22,56
Cdk19,447,791,707,717,911,394,495,412,288,456
Cdk19os,0,0,0,0,0,0,0,0,0,0
Cdk2,1,18,23,10,17,2,9,7,9,10
Cdk20,49,170,130,134,194,75,67,91,46,66
Cdk2ap1,67,110,107,95,130,80,68,75,52,75
Cdk2ap2,137,577,452,522,566,238,328,260,127,236
Cdk4,115,557,457,446,540,201,270,276,117,231
Cdk5,319,1218,794,961,1135,592,599,663,348,543
Cdk5r1,105,353,360,436,356,100,115,127,59,61
Cdk5r2,9,93,112,106,135,38,20,29,13,14
Cdk5rap1,136,296,238,236,284,101,144,128,80,114
Cdk5rap2,84,284,218,245,275,125,75,79,75,68
Cdk5rap3,210,738,456,563,569,202,279,324,168,249
Cdk6,78,86,63,85,81,56,67,36,47,63
Cdk7,345,646,534,653,629,357,386,362,175,292
Cdk8,540,1002,772,802,1003,707,784,671,373,525
Cdk9,97,386,335,421,402,166,142,132,83,125
Cdkal1,403,877,693,782,878,522,417,421,274,406
Cdkl1,72,145,111,171,156,118,81,108,53,60
Cdkl2,184,305,231,292,330,187,138,153,102,130
Cdkl3,205,321,324,355,409,241,210,242,121,161
Cdkl4,88,176,201,192,215,110,95,155,28,78
Cdkl5,369,724,725,773,781,503,381,510,283,356
Cdkn1a,33,133,67,80,143,83,52,21,36,97
Cdkn1b,24,58,57,54,71,26,42,21,24,34
Cdkn1c,12,30,28,35,43,18,14,28,7,16
Cdkn2a,3,10,5,1,4,5,5,3,1,5
Cdkn2aip,85,212,187,200,194,106,125,121,68,83
Cdkn2aipnl,28,92,106,110,106,44,38,34,24,30
Cdkn2b,9,19,21,13,22,17,16,15,10,28
Cdkn2c,7,31,27,30,32,6,6,11,12,14
Cdkn2d,42,330,391,365,394,92,102,126,46,92
Cdkn3,5,0,0,5,6,2,4,4,1,7
Cdnf,0,6,7,8,10,0,0,9,0,0
Cdo1,48,125,139,107,109,28,55,43,26,37
Cdon,263,420,404,495,503,329,310,312,253,256
Cdpf1,41,184,144,165,195,49,67,67,34,61
Cdr1,0,17,22,19,35,1,0,0,0,0
Cdr2,5,14,14,17,25,16,10,5,3,16
Cdr2l,26,101,100,89,100,38,48,32,13,31
Cdrt4,5,6,4,3,3,6,5,7,2,4
Cds1,53,262,213,205,264,185,92,132,53,86
Cds2,181,705,601,657,661,252,241,264,175,226
Cdv3,69,177,136,163,176,109,155,119,64,105
Cdyl,62,120,131,127,128,141,89,66,57,67
Cdyl2,191,310,421,370,360,528,265,386,173,215
Ceacam1,14,10,6,14,13,9,19,6,10,28
Ceacam2,109,279,241,218,188,146,127,170,113,79
Ceacam3,0,0,0,0,0,0,0,0,0,0
Cebpa,20,97,66,65,110,29,27,16,17,34
Cebpb,93,365,261,304,398,102,186,122,81,171
Cebpg,83,306,220,252,320,191,96,125,86,105
Cebpz,97,274,597,857,699,221,166,144,112,90
Cebpzos,34,199,202,210,258,53,67,50,37,59
Cecr2,190,335,322,327,311,173,294,140,160,211
Cecr5,114,217,216,246,291,106,100,97,50,91
Cecr6,28,70,87,89,69,42,24,36,13,23
Cela1,5,33,7,11,38,13,9,5,2,13
Cela3b,0,0,0,0,0,0,0,0,0,0
Celf1,1201,2148,1954,2208,2289,1551,1195,1308,733,1046
Celf2,14728,34919,30804,37574,39373,26221,16630,18093,12830,17222
Celf3,820,2864,2183,2543,2677,1095,1186,1226,666,987
Celf4,2245,4817,4450,5092,5444,4294,2725,2400,1700,1992
Celf5,476,1739,1254,1664,1688,765,719,527,326,647
Celf6,110,279,188,222,267,93,103,82,37,91
Celrr,105,224,167,149,176,68,97,83,43,69
Celsr1,29,55,76,68,46,19,34,18,10,18
Celsr2,63,417,295,363,347,110,100,90,59,82
Celsr3,103,361,266,349,428,183,114,113,79,134
Cemip,545,1025,1011,947,895,644,670,608,356,486
Cend1,158,846,899,797,918,257,249,290,93,210
Cenpa,5,28,31,20,17,8,14,12,4,6
Cenpb,0,0,0,0,0,0,0,0,0,0
Cenpc1,342,806,621,669,749,405,416,398,227,313
Cenpe,7,17,12,11,19,9,3,6,5,6
Cenpf,2,17,16,11,13,6,2,5,6,7
Cenph,3,18,14,13,14,3,5,3,2,3
Cenpi,3,5,5,14,8,9,6,6,1,3
Cenpj,4,18,11,19,21,7,10,5,2,6
Cenpk,11,14,19,18,24,11,12,13,7,4
Cenpl,4,12,12,9,10,6,0,0,0,0
Cenpm,11,32,18,33,26,16,15,17,12,7
Cenpn,8,21,10,11,28,11,16,12,5,7
Cenpo,15,43,43,44,48,24,18,22,11,15
Cenpp,504,1232,814,963,1117,441,841,709,432,705
Cenpq,12,24,29,32,46,9,12,17,7,13
Cenpt,337,1137,835,956,1021,598,624,665,347,534
Cenpu,15,43,26,39,41,22,21,23,17,20
Cenpv,470,526,391,461,532,568,356,422,210,269
Cenpw,15,36,44,38,57,7,11,15,9,8
Cep104,89,200,186,203,210,98,96,69,59,85
Cep112,420,756,641,784,841,652,396,388,334,434
Cep112os1,0,6,5,0,7,0,0,0,0,0
Cep120,175,392,319,359,437,221,224,206,106,165
Cep126,198,387,354,369,370,224,185,233,101,143
Cep128,78,151,145,127,126,74,74,69,59,74
Cep131,54,166,143,173,163,61,84,95,44,77
Cep135,40,147,160,153,190,69,40,63,26,30
Cep152,35,98,82,105,106,48,39,41,20,40
Cep162,149,351,297,306,390,174,211,212,94,176
Cep164,127,415,435,456,462,239,207,177,127,178
Cep170,118,317,279,307,417,208,162,154,102,154
Cep170b,24,157,150,135,184,40,46,35,11,36
Cep19,563,986,998,1069,995,740,739,885,401,532
Cep192,171,494,353,386,413,205,230,166,137,214
Cep250,193,460,370,384,440,265,244,248,128,196
Cep290,130,332,239,323,345,172,134,146,113,122
Cep295,272,489,438,452,461,313,308,299,196,239
Cep350,200,434,311,365,459,330,196,205,171,224
Cep41,11,22,33,32,29,10,14,9,3,5
Cep44,147,327,327,321,374,264,217,307,148,171
Cep55,0,0,0,0,0,0,2,4,2,3
Cep57,63,115,113,130,165,56,64,67,32,39
Cep57l1,159,409,402,403,408,215,205,201,93,137
Cep63,74,169,151,136,182,78,82,89,45,48
Cep68,255,535,478,512,451,328,315,297,157,212
Cep70,121,297,210,271,310,171,138,136,94,140
Cep72,2,28,11,7,29,7,4,4,6,4
Cep76,25,41,54,40,39,23,19,19,11,16
Cep78,548,1233,982,1349,1175,725,729,733,420,512
Cep83,175,512,440,514,521,244,257,239,133,212
Cep83os,151,257,224,230,272,124,127,154,48,94
Cep85,116,240,216,207,241,129,104,125,64,98
Cep85l,251,442,427,393,468,200,170,175,112,191
Cep89,122,298,191,211,330,160,148,116,61,97
Cep95,286,556,451,589,548,322,363,357,199,295
Cep97,125,271,210,252,216,129,152,139,65,95
Cept1,137,624,541,589,544,210,210,200,109,200
Cercam,44,59,38,48,51,27,22,35,12,19
Cerk,240,584,519,503,646,318,304,281,142,257
Cerkl,60,174,140,172,197,53,72,65,37,55
Cers1,77,66,74,75,103,98,55,50,36,66
Cers2,166,757,568,653,699,156,336,290,155,263
Cers3,5,6,3,9,9,6,4,5,1,5
Cers4,240,837,648,822,946,477,286,312,204,300
Cers5,497,976,804,891,905,604,519,489,245,413
Cers6,923,2137,1829,2094,2081,1183,990,884,674,890
Ces1d,1,8,20,8,15,5,7,2,0,0
Ces4a,25,24,19,28,18,17,29,27,18,19
Ces5a,7,20,16,27,19,15,8,13,5,11
Cetn2,49,236,274,249,271,68,97,64,37,67
Cetn3,207,643,602,590,713,257,236,324,174,269
Cetn4,79,212,214,200,208,117,120,121,72,89
Cfap100,62,141,139,165,168,60,63,61,29,40
Cfap126,32,42,121,60,79,20,91,21,25,42
Cfap157,16,16,19,21,25,9,23,9,9,10
Cfap161,15,22,51,21,28,5,26,3,9,14
Cfap20,247,907,764,750,816,184,346,281,138,267
Cfap206,34,85,85,49,85,18,74,19,26,49
Cfap221,21,20,32,21,10,13,26,8,6,8
Cfap36,239,870,529,610,861,281,265,324,146,261
Cfap43,81,164,198,142,157,46,67,42,40,57
Cfap44,87,169,170,158,146,69,100,71,68,86
Cfap45,18,45,64,48,67,19,34,11,12,21
Cfap46,127,981,1060,978,1110,163,256,178,112,156
Cfap52,36,38,63,29,44,13,42,14,19,22
Cfap53,3,13,20,17,18,7,17,8,6,5
Cfap54,634,1514,1360,1339,1424,678,683,741,428,597
Cfap57,7,20,36,23,17,12,10,13,7,7
Cfap58,5,10,7,9,13,9,5,5,4,3
Cfap61,40,78,121,91,75,32,62,34,28,16
Cfap69,58,177,164,148,193,83,72,62,35,55
Cfap70,38,59,75,62,56,36,55,54,17,28
Cfap74,164,265,239,237,232,173,182,163,89,150
Cfap77,41,103,138,119,149,23,45,24,14,18
Cfap97,148,424,450,477,488,329,235,253,178,166
Cfap99,49,32,46,37,45,46,44,41,21,41
Cfdp1,338,880,826,758,882,391,438,392,240,346
Cfh,31,110,73,130,99,44,52,35,56,84
Cfhr2,3,10,6,7,9,4,4,5,2,2
Cfi,5,9,4,3,6,3,3,6,0,5
Cfl1,519,2856,3258,3065,3427,658,772,730,340,610
Cfl2,307,711,718,620,738,313,332,371,169,266
Cflar,58,207,157,168,217,67,83,72,51,88
Cfp,38,141,106,127,168,89,68,43,50,64
Cftr,12,18,25,16,16,24,9,13,7,15
Cga,0,0,0,0,27,0,9,1,0,0
Cggbp1,33,122,110,127,111,69,64,49,41,39
Cgn,18,86,56,101,92,30,36,29,10,23
Cgnl1,20,51,43,40,47,32,54,27,40,49
Cgref1,67,228,158,169,231,72,54,80,28,49
Cgrrf1,35,140,167,146,160,60,61,76,28,76
Ch25h,2,26,8,9,26,4,1,1,3,5
Chac1,2,5,11,17,12,5,3,8,2,7
Chac2,196,610,305,357,613,230,204,271,118,205
Chadl,57,210,186,178,191,68,77,68,37,48
Chaf1a,15,18,26,13,22,2,13,14,4,12
Champ1,67,179,166,132,134,51,55,41,17,49
Chat,0,8,6,0,5,0,0,0,0,0
Chchd1,170,487,630,579,604,305,261,266,151,177
Chchd10,272,1401,2047,1489,1977,310,495,330,223,292
Chchd2,0,0,0,0,0,0,0,0,0,0
Chchd3,749,2090,1659,1856,1962,940,835,753,530,796
Chchd4,138,394,362,427,354,109,171,122,84,88
Chchd5,13,79,80,63,119,26,22,38,12,33
Chchd6,255,654,578,666,694,403,293,247,148,220
Chchd7,181,471,383,438,473,206,213,260,98,187
Chd1,195,576,516,567,591,290,279,267,160,263
Chd1l,62,170,135,183,149,99,82,78,55,83
Chd2,336,805,665,710,863,423,384,346,215,368
Chd3,245,768,841,862,867,535,555,382,294,323
Chd3os,254,691,1158,1054,1003,332,431,481,210,205
Chd4,623,1039,866,921,911,503,485,447,343,408
Chd5,81,381,363,364,430,197,178,168,71,145
Chd6,489,983,1038,1099,1129,1001,727,768,559,579
Chd7,132,348,275,294,377,167,156,116,119,180
Chd8,519,1109,850,938,1059,690,633,578,315,546
Chd9,1414,4026,3412,3350,3639,2415,2478,1695,1184,2036
Chdh,9,19,9,11,20,4,3,13,7,5
Chek1,8,15,13,11,24,5,6,9,2,11
Chek2,25,46,80,68,56,22,50,16,19,35
Cherp,333,818,833,935,885,318,397,281,146,293
Chfr,402,754,616,747,752,448,421,427,226,347
Chga,99,741,686,649,581,168,182,175,65,117
Chgb,184,2173,2308,2073,1770,348,293,309,228,189
Chia1,2,17,15,15,16,4,8,1,5,5
Chic1,523,860,698,707,797,321,504,519,228,404
Chic2,161,429,384,374,499,223,220,207,105,175
Chid1,128,410,339,424,398,180,143,138,103,119
Chil1,52,295,131,138,273,72,54,61,44,77
Chil5,10,17,20,12,22,19,17,5,10,8
Chit1,0,5,7,4,4,0,0,0,0,0
Chka,1049,2264,1972,2444,2222,1606,1264,1386,678,1160
Chkb,428,1345,998,1119,1181,671,746,838,401,611
Chl1,627,1864,1479,1819,1971,1177,824,784,548,892
Chm,376,1025,856,885,1079,579,522,503,303,493
Chmp1a,89,366,319,332,386,81,99,88,41,69
Chmp2a,138,543,515,486,607,185,186,190,127,166
Chmp2b,34,162,165,160,181,41,34,33,27,38
Chmp3,188,504,415,461,497,220,226,222,120,199
Chmp4b,179,595,509,515,678,234,268,197,123,205
Chmp4c,8,8,6,15,14,6,7,8,3,4
Chmp5,123,497,513,496,620,95,151,143,92,145
Chmp6,34,185,149,156,204,38,49,68,43,42
Chmp7,97,500,386,448,480,125,164,138,76,135
Chn1,1902,4581,4501,4928,4418,2075,2278,1929,1197,1463
Chn1os1,2,35,36,30,59,3,0,6,0,0
Chn1os3,13,91,81,69,78,15,17,14,9,9
Chn2,64,186,137,117,179,149,95,105,72,121
Chordc1,269,558,513,590,589,244,417,239,135,263
Chp1,307,513,393,434,498,264,358,285,151,273
Chpf,20,303,262,251,244,31,56,36,26,29
Chpf2,144,787,582,665,808,310,316,260,171,316
Chpt1,422,905,728,745,977,443,419,432,260,342
Chrac1,68,251,197,254,267,94,100,92,53,79
Chrd,286,1478,1015,1425,1587,487,540,413,257,513
Chrdl1,7,20,21,13,10,6,14,9,6,6
Chrm1,223,453,453,497,465,287,239,208,147,172
Chrm2,68,217,238,208,343,269,104,159,30,131
Chrm3,2028,5499,4671,5742,6697,4254,2148,3102,1559,2295
Chrna1,0,3,6,3,2,0,0,0,0,0
Chrna1os,16,19,19,22,19,7,5,8,1,6
Chrna3,0,13,4,8,7,0,0,0,0,0
Chrna4,2,33,49,26,40,7,7,10,0,4
Chrna5,3,26,20,17,31,23,7,7,4,9
Chrna6,10,17,15,14,21,4,10,5,2,4
Chrna7,201,488,416,552,484,322,232,148,183,233
Chrna9,7,16,12,18,14,12,8,8,1,3
Chrnb1,1,7,12,10,14,4,4,5,3,9
Chrnb2,8,68,68,71,69,27,19,16,12,10
Chrne,2,11,9,10,5,0,0,0,0,0
Chst1,278,1581,1446,1821,1676,353,404,396,200,298
Chst10,88,311,253,282,274,133,93,138,71,109
Chst11,446,928,735,887,837,397,391,249,232,375
Chst12,34,228,210,208,177,31,29,33,23,27
Chst14,0,11,9,10,9,0,2,2,3,4
Chst15,0,0,0,0,0,0,0,0,0,0
Chst2,92,482,246,279,406,51,108,99,53,130
Chst3,14,21,18,13,28,9,10,5,3,7
Chst5,10,21,17,23,10,3,10,6,5,7
Chst7,12,37,41,31,23,10,12,7,4,6
Chst8,167,414,437,527,364,277,195,162,75,143
Chst9,343,1136,746,1003,1015,572,645,330,342,450
Chsy1,71,168,194,203,188,85,92,74,57,71
Chsy3,605,1499,1430,1553,1881,1384,812,999,398,909
Chtf18,5,15,6,17,13,5,8,8,0,4
Chtf8,32,144,142,164,176,48,44,37,34,36
Chtop,56,262,289,302,334,68,84,61,38,77
Chuk,329,892,629,816,824,331,363,343,151,274
Churc1,0,52,74,58,85,0,0,0,0,0
Ciao1,76,279,233,278,279,106,125,107,47,86
Ciapin1,470,787,705,725,706,298,555,397,218,435
Ciart,136,243,230,213,213,254,173,224,94,189
Cib1,17,101,74,59,106,44,54,24,21,39
Cib2,28,169,144,142,174,44,71,52,27,43
Cib4,13,6,11,10,12,9,6,15,6,8
Cic,72,264,216,226,278,105,96,101,75,88
Cidea,30,84,103,83,87,18,36,27,25,23
Cideb,6,36,36,32,32,1,7,7,4,10
Cidec,3,10,5,9,9,14,28,22,8,17
Ciita,17,29,30,31,32,17,18,14,11,10
Cilp2,0,5,6,17,4,0,0,0,0,0
Cinp,88,229,173,217,221,68,96,83,34,61
Cipc,315,475,406,448,509,228,330,336,154,267
Cir1,110,339,372,429,383,160,140,126,78,126
Cirbp,363,1312,1030,935,1202,269,360,641,280,279
Cirh1a,279,493,417,467,447,298,302,338,172,225
Cisd1,165,947,1021,1007,1083,185,210,216,133,174
Cisd2,212,635,591,584,558,295,329,255,161,222
Cisd3,87,270,300,289,319,190,115,110,75,91
Cish,1,8,5,5,10,5,0,0,0,0
Cit,620,1631,1510,1284,1839,1344,880,1529,282,714
Cited1,0,5,8,7,12,0,0,0,0,0
Cited2,83,194,193,158,208,113,118,112,51,75
Cited4,6,9,17,14,18,7,3,11,1,11
Ciz1,165,485,402,422,474,236,223,210,116,210
Ckap2,5,16,6,2,14,4,5,3,2,10
Ckap2l,9,12,4,7,9,2,10,16,2,7
Ckap4,27,118,139,107,134,52,53,49,14,32
Ckap5,640,1383,1049,1182,1384,662,711,650,369,640
Ckb,1138,7499,6801,5198,8154,997,1718,1876,778,1391
Cklf,100,179,120,152,222,117,120,120,53,109
Ckm,0,0,0,0,0,0,0,0,0,0
Ckmt1,354,1097,1041,1029,1002,601,505,651,258,400
Ckmt2,17,28,34,25,28,11,13,12,8,11
Cks1b,4,16,23,22,33,7,10,7,5,5
Cks2,3,28,21,25,37,11,16,7,4,8
Clasp1,473,1721,1674,2210,2128,992,665,620,411,617
Clasp2,880,2095,1744,2029,2379,1175,874,894,500,897
Clasrp,220,1409,966,1111,1248,274,337,312,144,276
Clca3a1,3,13,10,9,10,2,6,6,1,7
Clca3a2,0,0,0,0,10,0,0,0,0,0
Clca4a,30,27,14,19,14,16,41,33,10,26
Clca4b,0,9,12,10,9,0,0,0,0,0
Clcc1,195,398,376,362,389,189,238,217,114,179
Clcf1,2,9,1,4,9,1,0,0,0,0
Clcn1,10,18,17,21,28,13,3,7,9,7
Clcn2,130,843,537,766,872,117,256,219,92,284
Clcn3,520,1400,1214,1365,1336,667,587,571,366,530
Clcn4,141,564,515,497,537,190,175,233,132,162
Clcn5,54,100,86,113,113,103,39,54,40,61
Clcn6,70,230,198,209,214,91,81,81,34,82
Clcn7,133,370,291,353,340,127,129,154,103,130
Clcnka,18,14,11,18,16,6,10,11,3,10
Clcnkb,0,0,0,0,0,0,0,0,0,0
Cldn1,0,0,0,0,0,4,0,0,0,0
Cldn10,109,1266,1319,947,952,86,202,167,114,144
Cldn11,111,640,728,457,626,98,197,98,91,124
Cldn12,31,105,98,98,110,44,26,51,17,22
Cldn14,5,8,9,6,2,3,2,1,1,1
Cldn18,69,62,63,60,64,114,83,63,58,43
Cldn19,0,5,5,2,4,0,0,0,0,0
Cldn22,16,65,57,93,63,18,30,19,20,16
Cldn34c1,72,181,147,145,182,35,64,73,57,64
Cldn34c2,8,0,12,0,0,8,24,22,5,17
Cldn34c4,0,3,9,0,6,0,0,0,0,0
Cldn34d,1,11,7,8,10,5,6,4,1,4
Cldn5,337,1375,865,711,1040,812,807,450,605,1132
Cldnd1,69,396,426,391,375,88,111,68,47,89
Clec11a,8,44,39,52,55,15,18,9,9,8
Clec14a,17,39,37,28,27,25,23,16,20,29
Clec16a,241,623,541,639,666,372,262,241,176,247
Clec18a,31,105,89,108,94,39,59,39,32,35
Clec1a,11,11,23,15,26,6,17,18,11,3
Clec2d,27,40,29,36,32,41,33,42,32,41
Clec2e,0,0,0,0,0,0,0,0,0,0
Clec2g,0,0,0,0,0,2,0,0,0,0
Clec2l,37,143,137,114,187,87,59,82,44,33
Clec3b,16,31,105,62,69,15,34,10,16,15
Clec4a2,2,0,0,0,0,3,7,2,2,1
Clec4a3,0,4,3,3,4,0,3,0,2,3
Clec4a4,9,12,8,10,9,5,6,2,0,3
Clec4b1,0,0,0,0,0,7,0,0,0,0
Clec5a,1,14,2,3,10,1,0,0,0,0
Clec9a,0,9,7,5,0,3,4,0,5,3
Clgn,61,172,161,183,179,79,53,67,23,57
Clhc1,13,17,6,10,9,5,9,6,5,5
Clic1,70,292,166,133,285,100,126,94,95,160
Clic4,89,188,177,165,208,117,115,81,50,168
Clic5,13,28,28,22,25,20,11,20,8,23
Clic6,2,8,11,15,6,3,3,7,3,4
Clint1,127,339,357,458,385,306,166,167,145,172
Clip1,555,1079,959,1081,1177,611,545,555,343,539
Clip2,131,349,325,320,320,199,129,117,79,112
Clip3,204,534,438,456,516,227,177,231,104,185
Clip4,141,357,338,370,362,191,167,121,82,112
Clk1,686,1778,1453,1714,1781,703,803,741,333,639
Clk2,115,356,294,334,356,407,186,166,121,186
Clk3,95,473,333,403,473,147,156,165,88,140
Clk4,265,1047,836,1039,1028,385,408,389,181,334
Clmn,227,551,450,496,548,319,204,151,123,245
Clmp,186,392,435,474,340,205,266,150,138,110
Cln3,148,474,347,346,410,217,225,198,119,209
Cln5,23,97,70,73,94,20,30,31,11,28
Cln6,16,43,39,26,43,14,6,16,10,10
Cln8,23,100,87,92,120,25,41,20,10,19
Clnk,24,75,88,75,90,29,22,24,6,9
Clns1a,167,529,441,497,552,188,212,194,115,139
Clock,433,1175,1012,1180,1261,738,579,518,316,523
Clp1,57,135,127,131,123,56,67,53,27,44
Clpb,156,341,277,324,342,205,163,133,79,142
Clpp,991,3054,2787,2880,2873,2179,1825,2140,1146,1311
Clptm1,214,1021,851,927,855,318,332,330,165,266
Clptm1l,48,360,366,374,283,53,73,49,38,54
Clpx,271,439,422,521,560,244,197,241,141,207
Clrn1,2,15,16,19,22,10,11,10,2,9
Clspn,6,10,14,13,11,8,7,4,8,5
Clstn1,396,1381,1346,1300,1282,486,411,442,209,373
Clstn2,1615,3924,3561,4735,5029,3242,1826,1714,1910,2111
Clstn3,249,1043,947,906,816,403,334,290,139,194
Clta,356,1464,1436,1415,1605,514,496,396,254,386
Cltb,299,1083,915,997,1221,525,416,410,227,346
Cltc,591,1431,1135,1219,1367,683,785,824,382,628
Clu,870,11169,6039,4798,8127,1206,1794,1185,913,1931
Cluap1,147,370,338,357,373,203,184,188,109,152
Cluh,67,296,232,274,318,116,105,105,60,99
Clvs1,812,2081,1703,2023,1951,1256,1078,928,623,912
Clvs2,347,666,603,670,802,500,372,383,336,374
Clybl,275,602,500,479,502,198,232,257,123,207
Cmah,20,25,19,16,22,12,19,19,7,17
Cmas,119,479,381,407,454,152,162,141,83,115
Cmbl,12,71,68,52,63,12,17,9,9,13
Cmc1,70,159,144,163,175,69,83,87,56,65
Cmc2,69,177,215,193,210,106,94,140,63,88
Cmc4,26,84,84,99,105,45,37,38,18,48
Cmip,612,1696,1486,1686,1523,1058,771,645,351,607
Cmklr1,15,28,16,14,32,11,21,14,10,29
Cml1,54,227,188,180,215,53,81,61,50,50
Cml3,29,143,174,150,119,18,41,32,12,20
Cmpk1,88,369,416,403,425,97,154,105,65,105
Cmpk2,4,28,33,22,38,10,4,11,6,6
Cmss1,158,499,430,436,536,247,198,213,132,175
Cmtm3,17,116,65,68,78,20,32,18,17,29
Cmtm4,142,256,222,217,293,185,112,154,61,129
Cmtm5,152,392,370,252,398,113,168,138,83,149
Cmtm6,20,120,73,69,107,11,29,26,15,31
Cmtm7,30,45,38,51,51,27,30,28,16,19
Cmtm8,22,46,42,42,41,29,36,24,37,61
Cmtr1,9,42,34,39,57,17,23,9,10,12
Cmtr2,7,24,15,15,18,7,8,13,4,2
Cmya5,36,87,65,66,79,49,41,34,21,34
Cnbd1,19,75,47,59,67,13,22,17,6,14
Cnbd2,254,464,428,413,499,264,278,292,135,220
Cnbp,285,1119,1081,1080,1147,287,332,339,189,325
Cndp1,15,21,11,8,8,11,14,5,6,13
Cndp2,76,223,174,189,207,66,86,85,38,58
Cnep1r1,182,380,298,333,413,135,171,178,72,154
Cnga1,0,21,12,21,16,0,0,0,0,0
Cnga2,0,0,0,0,0,0,0,0,0,0
Cnga3,0,14,12,10,6,0,5,0,0,0
Cngb1,3,9,6,7,10,6,0,0,0,0
Cngb3,7,13,13,21,18,15,13,11,7,11
Cnih1,123,511,608,474,500,152,221,194,106,122
Cnih2,450,2838,2390,2611,2619,761,1005,749,488,704
Cnih3,341,1008,641,765,727,393,526,312,222,346
Cnih4,74,348,254,259,298,110,100,116,48,78
Cnksr2,1674,3440,2824,3708,4135,2428,1693,1883,1478,1820
Cnksr3,28,52,48,56,43,28,33,15,16,32
Cnn2,13,44,38,55,29,32,33,30,18,33
Cnn3,151,977,585,445,866,167,254,161,129,324
Cnnm1,251,750,649,750,757,431,324,265,199,264
Cnnm2,436,788,510,648,650,186,329,264,115,236
Cnnm3,87,206,163,194,197,117,79,86,43,70
Cnnm4,33,83,75,69,73,22,27,28,14,14
Cnot1,235,519,457,528,603,321,251,246,199,265
Cnot10,403,778,659,784,838,430,374,429,226,358
Cnot11,58,156,156,164,160,53,64,48,29,51
Cnot2,270,673,551,765,731,457,318,291,220,331
Cnot3,253,955,682,833,1073,505,357,352,201,405
Cnot4,1132,2490,1907,2425,2465,1420,1562,1262,918,1240
Cnot6,305,998,1172,1196,1314,467,340,318,202,249
Cnot6l,295,553,502,539,610,322,367,321,223,364
Cnot7,123,427,404,427,446,154,151,143,73,141
Cnot8,166,421,394,450,410,205,216,232,105,162
Cnp,202,907,1124,742,1001,140,326,185,114,167
Cnppd1,111,374,343,326,380,160,202,189,102,169
Cnpy1,7,23,16,27,21,11,13,9,3,10
Cnpy2,83,441,411,352,420,63,112,86,60,84
Cnpy3,138,443,388,421,408,162,171,164,95,157
Cnpy4,10,48,42,57,44,10,16,16,7,9
Cnr1,107,470,351,408,407,139,118,80,66,83
Cnr2,7,27,16,15,24,8,32,4,8,3
Cnrip1,821,2182,1971,2147,1941,1160,1137,1099,644,879
Cnst,106,274,219,247,250,152,111,106,67,105
Cntd1,8,28,27,19,18,5,9,7,3,7
Cntfr,147,413,394,431,416,141,161,128,62,117
Cntln,247,538,463,518,620,307,248,309,191,248
Cntn1,1082,2967,2646,2791,3585,2075,1229,1301,997,1353
Cntn2,30,154,156,117,155,78,54,43,22,45
Cntn3,933,2240,1858,2108,2749,1813,1115,1632,691,1190
Cntn4,2490,6950,5800,5945,7243,4751,3073,3976,1526,3144
Cntn5,2347,5900,5224,5457,7501,5788,3134,4172,2000,3332
Cntn6,285,1102,854,706,1051,736,395,621,131,434
Cntnap1,52,280,242,224,292,79,72,62,39,65
Cntnap2,7880,17492,14527,17673,19151,11929,8855,9955,6032,8130
Cntnap3,70,124,86,110,165,119,70,93,28,58
Cntnap4,282,665,519,590,767,536,219,287,139,246
Cntnap5a,2014,3621,3182,4017,3803,3653,2263,2419,1890,2214
Cntnap5b,1066,2786,2117,2691,3323,1809,1732,1403,1051,1246
Cntnap5c,1500,2585,2125,3226,2757,1756,1825,1254,1065,1268
Cntrl,60,164,124,153,174,67,81,60,56,62
Cntrob,96,204,174,196,233,55,108,118,42,83
Coa3,124,871,876,885,944,185,220,187,124,192
Coa4,8,56,50,31,55,14,9,18,6,19
Coa5,24,66,78,82,85,30,28,33,15,25
Coa6,43,189,160,207,231,58,68,50,36,57
Coa7,67,134,132,143,140,55,46,51,15,37
Coasy,60,262,187,228,240,76,100,96,63,92
Cobl,59,167,181,162,212,238,89,151,23,85
Cobll1,148,309,358,283,427,208,229,182,97,247
Coch,10,18,27,31,35,7,9,17,2,5
Cog1,116,535,336,428,530,158,183,190,80,151
Cog2,87,246,219,260,285,128,93,92,62,93
Cog3,87,241,211,240,315,149,85,97,75,92
Cog4,498,755,683,770,705,436,498,453,261,439
Cog5,931,2456,2176,2463,2768,1289,1021,1211,697,860
Cog6,106,332,251,277,301,137,118,127,65,103
Cog7,221,742,690,772,715,490,373,422,211,213
Cog8,60,128,99,137,129,89,68,89,52,73
Coil,166,363,285,279,403,252,220,268,116,156
Col11a1,81,381,201,224,402,87,90,62,47,72
Col11a2,50,174,128,155,154,17,52,46,17,39
Col12a1,16,46,63,50,68,22,28,27,11,20
Col13a1,14,24,9,21,19,6,28,15,8,9
Col14a1,15,19,21,25,33,27,18,16,5,9
Col15a1,5,19,15,22,21,10,9,6,3,10
Col16a1,39,218,92,125,208,42,59,57,25,69
Col17a1,0,5,4,2,3,0,3,4,2,2
Col18a1,9,22,21,30,14,7,8,7,8,12
Col19a1,235,719,579,656,823,369,275,313,162,262
Col1a1,10,31,36,51,33,4,20,11,6,8
Col1a2,2,14,12,34,11,5,11,11,6,5
Col20a1,29,88,80,112,108,65,48,30,33,52
Col22a1,11,45,25,41,45,16,15,22,14,17
Col23a1,112,303,235,266,271,174,129,114,36,113
Col24a1,7,11,14,10,29,11,8,14,2,5
Col25a1,1114,2130,1360,2106,1967,911,1016,863,633,905
Col26a1,49,89,110,96,98,77,50,64,34,31
Col27a1,14,55,39,26,42,8,10,11,12,28
Col28a1,62,71,51,74,46,40,58,80,13,32
Col2a1,0,8,7,5,8,0,5,4,2,7
Col3a1,5,4,10,22,5,6,7,10,3,6
Col4a1,64,198,170,183,197,82,61,51,34,52
Col4a2,113,323,293,381,378,166,158,123,81,107
Col4a3,12,10,15,9,14,7,5,3,7,6
Col4a3bp,227,527,463,493,549,325,312,303,211,333
Col4a4,31,60,37,48,37,24,32,28,18,17
Col4a5,26,85,59,97,97,23,34,29,20,49
Col4a6,19,53,15,37,44,23,30,21,8,22
Col5a1,5,42,34,46,49,24,16,19,11,14
Col5a2,31,160,144,182,171,48,83,58,41,56
Col5a3,9,30,42,25,23,7,11,7,6,18
Col6a1,79,521,457,689,476,83,131,102,40,147
Col6a2,24,103,109,122,100,29,31,46,9,24
Col6a3,2,6,8,12,5,4,0,0,0,0
Col6a4,5,12,4,7,7,1,0,0,0,0
Col6a5,3,16,44,23,14,6,11,6,0,12
Col6a6,7,5,6,9,20,10,6,5,3,3
Col7a1,9,48,35,34,45,23,29,20,6,18
Col8a1,23,37,36,47,44,34,40,27,10,22
Col8a2,9,19,36,24,12,8,22,10,0,0
Col9a1,14,50,54,41,50,21,23,16,17,8
Col9a2,9,42,38,42,57,21,15,32,8,23
Col9a3,64,227,174,167,192,38,98,78,49,71
Colec11,1,7,10,9,5,3,0,0,0,0
Colec12,51,93,86,150,125,69,68,49,32,68
Colgalt1,208,658,451,551,508,244,239,312,121,227
Colgalt2,28,73,64,65,73,42,34,34,18,33
Commd1,0,16,23,32,30,0,0,0,0,0
Commd10,135,348,284,312,420,143,141,152,131,138
Commd2,39,416,237,245,362,90,113,52,66,84
Commd3,210,855,697,783,857,290,358,380,174,315
Commd4,318,1422,1000,1277,1394,565,723,549,342,522
Commd5,17,95,93,78,97,27,21,27,14,24
Commd6,66,260,231,233,294,97,71,71,56,84
Commd7,94,342,295,330,383,140,111,112,54,96
Commd8,28,193,174,170,169,35,38,21,20,38
Commd9,34,215,168,177,237,55,54,54,34,43
Comp,27,34,67,74,52,31,30,31,16,28
Comt,754,1700,1411,1441,1553,579,717,649,329,609
Comtd1,118,396,321,317,420,204,190,213,111,172
Copa,273,703,558,697,698,282,278,289,156,238
Copb1,346,1043,872,891,925,225,397,313,174,317
Copb2,69,240,239,234,232,96,117,100,70,87
Cope,252,1095,713,745,877,423,517,382,217,386
Copg1,234,837,621,671,791,243,268,316,133,244
Copg2,449,972,884,945,1081,567,429,618,329,392
Coprs,34,283,234,257,276,75,72,59,34,58
Cops2,144,346,298,351,384,236,155,190,91,161
Cops3,177,468,403,477,543,176,168,184,104,179
Cops4,136,425,396,364,465,184,154,143,93,132
Cops5,119,386,383,386,413,296,184,169,122,183
Cops6,119,627,530,518,620,154,186,193,101,175
Cops7a,108,463,473,488,501,96,129,156,77,122
Cops7b,249,578,460,509,542,302,315,333,188,238
Cops8,140,605,602,642,601,302,252,237,150,147
Copz1,293,941,714,810,950,351,417,448,183,349
Copz2,44,116,95,102,102,53,56,56,28,58
Coq10a,128,307,286,318,291,146,131,200,67,98
Coq10b,157,263,256,245,231,188,156,211,85,164
Coq2,300,880,725,821,813,284,305,406,203,223
Coq3,330,747,647,705,756,384,374,580,273,338
Coq4,99,285,220,264,271,116,123,150,55,96
Coq5,406,976,802,824,899,607,568,653,347,425
Coq6,48,198,154,155,168,74,77,90,41,68
Coq7,67,207,196,188,249,78,83,82,49,73
Coq9,200,371,674,839,680,136,259,294,122,128
Corin,9,34,34,36,22,8,8,6,5,4
Coro1a,165,584,542,509,550,252,240,274,147,205
Coro1b,172,682,475,454,575,227,280,374,158,258
Coro1c,131,326,259,293,349,133,126,137,67,113
Coro2a,70,140,223,170,126,100,87,113,51,77
Coro2b,255,811,557,823,1077,372,296,336,154,344
Coro6,99,732,609,387,807,270,148,448,61,229
Coro7,193,557,439,454,538,259,245,243,144,197
Cort,13,115,191,164,88,37,46,27,6,34
Cotl1,264,702,613,660,752,325,361,321,207,270
Cox10,172,506,461,528,513,227,204,203,121,190
Cox11,236,532,462,478,528,226,253,308,120,203
Cox14,172,969,984,923,1148,237,296,268,146,240
Cox15,17,34,20,23,16,17,11,15,6,9
Cox16,0,0,0,0,0,0,0,0,0,0
Cox17,4,536,667,643,715,8,12,5,3,5
Cox18,133,256,250,277,269,164,133,142,75,108
Cox19,288,772,664,643,772,222,366,436,149,242
Cox20,139,448,421,400,451,181,224,167,119,158
Cox4i1,0,0,0,0,0,0,0,0,0,0
Cox4i2,21,46,39,40,48,40,40,45,16,28
Cox5a,267,1471,1664,1735,1898,433,471,396,234,325
Cox5b,274,1760,1799,1747,2280,366,442,383,158,293
Cox6a1,847,4157,4010,3884,4779,1446,1398,1309,662,1037
Cox6a2,2,84,46,62,72,17,11,17,3,7
Cox6b1,475,2024,2183,2108,2574,567,697,534,299,433
Cox6b2,49,152,154,108,144,58,87,65,38,93
Cox6c,436,2160,2505,2610,2796,641,685,549,255,361
Cox7a1,2,13,16,13,22,4,2,7,2,4
Cox7a2,330,1909,2193,2040,2466,486,398,351,169,266
Cox7a2l,213,1039,1067,1056,1137,286,318,262,164,293
Cox7b,557,2378,2674,2590,2850,716,704,696,317,497
Cox7b2,8,36,32,36,28,24,12,25,17,34
Cox7c,341,3641,4635,4240,5203,750,604,608,300,350
Cox8a,1179,6236,6727,6217,7390,1882,1831,1724,863,1238
Cox8b,0,8,8,9,10,0,0,0,0,0
Cp,192,503,359,376,386,182,264,238,156,211
Cpa2,2,13,15,7,11,4,0,0,0,0
Cpa6,76,69,66,131,159,156,88,81,45,63
Cpb2,0,0,0,0,0,0,1,2,2,3
Cpd,221,523,471,509,526,277,230,227,175,199
Cpe,1693,11856,9488,9346,10194,2533,2583,2002,1209,2248
Cpeb1,353,935,821,924,1116,509,414,357,211,418
Cpeb2,81,278,280,293,406,227,106,172,85,139
Cpeb3,1801,6278,5544,6408,6393,4029,3028,3234,1781,2245
Cpeb4,243,677,409,506,753,298,232,266,168,267
Cped1,41,130,111,179,135,78,80,82,38,62
Cphx3,21,30,20,24,34,20,14,19,6,9
Cplx1,119,588,657,563,754,196,149,189,83,124
Cplx2,453,1104,1099,1175,1123,452,462,402,281,348
Cplx3,1,18,29,18,28,16,2,25,2,6
Cpm,85,203,223,233,267,104,103,64,70,82
Cpn1,9,5,8,4,7,0,6,5,4,3
Cpne2,91,360,226,186,233,127,149,63,39,111
Cpne3,51,177,147,193,205,89,81,81,55,105
Cpne4,909,2082,1818,2000,2175,1455,963,887,890,889
Cpne5,69,128,146,133,147,129,87,122,30,53
Cpne6,759,2763,2035,2485,2672,969,1359,937,747,922
Cpne7,0,0,0,0,0,0,0,0,0,0
Cpne8,338,976,755,894,897,552,468,432,232,492
Cpne9,34,89,81,133,135,66,32,59,43,54
Cpox,181,535,477,459,464,183,197,221,124,173
Cpped1,235,364,344,339,360,211,200,214,105,165
Cpq,305,1342,410,417,1253,358,553,396,271,402
Cpsf1,48,187,130,143,182,60,66,49,38,68
Cpsf2,50,155,128,153,158,59,48,65,27,43
Cpsf3,186,418,357,374,386,229,183,192,103,169
Cpsf3l,145,549,387,440,472,240,298,227,119,238
Cpsf4,55,260,174,269,300,80,83,74,49,76
Cpsf4l,93,188,148,186,122,86,86,72,41,67
Cpsf6,694,1726,1339,1506,1593,570,768,807,380,653
Cpsf7,204,621,502,515,680,237,287,291,181,259
Cpt1a,33,72,60,50,71,18,27,18,13,35
Cpt1c,428,1340,1103,1284,1310,756,701,640,362,517
Cpt2,11,67,38,36,52,21,14,15,22,23
Cptp,15,64,73,77,73,23,28,13,10,18
Cpxm1,10,43,27,28,46,9,13,8,7,5
Cr1l,128,292,255,284,280,136,125,115,77,125
Cr2,13,26,33,27,44,7,16,16,9,12
Crabp2,0,6,12,21,10,0,9,10,4,6
Cracr2a,54,75,82,53,88,67,40,80,30,39
Cracr2b,9,42,27,32,49,25,29,26,23,64
Cradd,74,201,138,161,184,88,62,64,53,72
Cramp1l,346,1000,631,768,847,250,362,384,194,292
Crat,115,333,232,245,304,154,136,178,71,115
Crb1,23,41,34,41,34,22,28,20,10,20
Crb2,12,31,28,28,32,8,13,8,5,10
Crb3,9,11,8,5,11,1,4,9,1,5
Crbn,161,360,345,376,352,105,153,141,69,108
Crcp,112,190,172,206,253,100,115,111,67,54
Creb1,169,395,330,367,494,308,195,204,132,240
Creb3,77,473,343,365,429,103,160,172,77,129
Creb3l1,16,28,36,26,23,12,8,6,5,12
Creb3l2,56,244,178,245,282,134,93,66,86,115
Creb3l3,2,9,17,12,11,3,8,6,1,2
Creb5,58,102,110,82,103,39,39,55,30,42
Crebbp,692,1647,1434,1581,1754,1021,947,751,570,826
Crebl2,241,173,258,303,291,199,139,283,50,135
Crebrf,287,539,431,448,630,441,346,316,198,272
Crebzf,144,487,304,362,521,219,149,203,109,149
Creg1,37,298,192,171,238,56,54,57,25,51
Creg2,125,385,358,376,336,104,118,137,86,104
Creld1,247,854,751,806,920,418,397,491,219,326
Creld2,24,152,129,131,188,34,49,52,22,46
Crem,76,302,254,257,246,150,140,103,73,118
Crh,0,19,13,21,12,0,0,0,0,0
Crhbp,29,189,179,182,132,23,30,33,12,23
Crhr1,37,149,149,145,144,90,76,102,35,71
Crhr2,17,24,22,17,21,11,18,11,7,6
Crim1,333,799,770,894,783,557,397,411,212,388
Crip1,29,220,227,182,261,48,36,34,19,24
Crip2,236,926,847,646,897,361,400,374,296,535
Crip3,10,30,33,31,38,21,13,13,5,18
Cript,123,382,378,402,397,123,131,128,55,92
Crispld1,69,119,134,127,130,136,83,132,106,75
Crk,440,493,430,474,513,207,241,224,125,195
Crkl,72,119,107,102,132,67,58,65,40,72
Crlf1,96,269,243,345,304,84,134,85,102,80
Crlf2,114,628,455,448,513,256,248,290,117,211
Crlf3,249,449,329,395,426,221,253,243,144,190
Crls1,77,179,129,162,177,78,59,66,52,49
Crmp1,176,594,624,600,664,341,241,235,172,195
Crnde,5,14,20,19,15,6,5,7,8,6
Crnkl1,60,146,144,159,145,54,61,72,26,51
Crocc,181,444,470,409,429,353,257,258,133,207
Crocc2,7,23,48,19,29,5,15,7,6,7
Crot,89,280,259,289,299,80,94,88,54,88
Crp,16,15,15,13,11,20,15,13,9,9
Crtac1,229,967,893,994,977,433,331,294,210,303
Crtap,10,25,32,30,44,15,13,16,13,14
Crtc1,235,540,441,650,529,270,218,212,147,215
Crtc2,32,191,98,145,176,5,44,32,7,47
Crtc3,525,930,802,927,938,661,578,552,378,555
Crxos,0,6,4,4,0,0,0,0,0,0
Cry1,58,106,110,117,106,68,88,64,25,62
Cry2,199,506,450,493,479,263,207,229,108,166
Cryab,118,766,966,741,1119,198,367,172,126,243
Cryba1,11,20,19,30,32,13,20,20,5,11
Cryba4,0,5,8,3,4,0,3,5,0,3
Crybb1,3,9,16,13,7,3,6,4,0,4
Crybb3,19,53,60,74,84,65,40,37,21,40
Crybg3,11,161,129,160,167,13,35,21,12,14
Cryga,0,4,6,2,4,0,0,0,0,0
Crygn,12,28,88,28,46,11,29,11,10,20
Cryl1,138,266,215,222,316,134,116,143,86,108
Crym,185,855,846,927,984,293,292,220,145,179
Cryz,23,67,70,75,103,28,25,34,21,26
Cryzl1,0,0,0,0,0,0,0,0,0,0
Cs,580,1160,893,1010,1037,442,551,520,209,397
Csad,88,277,199,245,281,112,116,121,73,92
Csdc2,282,777,547,565,628,244,298,377,182,242
Csde1,382,896,828,905,934,518,494,478,314,475
Cse1l,103,248,242,233,241,133,138,111,76,95
Csf1,71,232,121,120,173,50,50,38,42,52
Csf1r,24,130,44,53,110,37,17,13,20,19
Csf2ra,433,2310,1774,2112,1892,871,926,780,456,880
Csf2rb,0,0,0,0,0,0,3,0,0,0
Csf2rb2,0,9,14,9,8,0,4,3,0,1
Csf3r,7,93,13,16,83,29,12,4,22,36
Csgalnact1,567,1274,988,1105,1108,620,666,554,377,601
Csgalnact2,37,85,69,92,109,60,39,25,9,37
Csk,46,202,140,165,190,69,92,57,38,90
Csl,0,4,4,5,2,0,0,0,0,0
Csmd1,12446,31566,27703,31395,34901,21412,14979,15081,9669,15605
Csmd2,902,1920,1781,1928,2107,1591,1135,947,724,1025
Csmd2os,9,10,11,25,16,11,11,12,4,13
Csmd3,4115,8805,6841,8355,9853,5741,5203,4710,3435,5299
Csnk1a1,1282,2802,2146,2722,2584,1283,1620,1398,788,1292
Csnk1d,257,552,411,505,575,179,238,212,108,219
Csnk1e,78,273,275,274,336,105,102,114,59,108
Csnk1g1,776,1352,1276,1529,1608,982,749,791,605,862
Csnk1g2,48,185,155,182,171,200,89,69,50,58
Csnk1g3,219,725,660,745,832,501,323,318,226,345
Csnk2a1,253,560,434,491,551,226,283,217,130,203
Csnk2a2,105,317,262,329,340,219,151,152,88,134
Csnk2b,83,404,378,359,418,103,134,117,72,106
Cspg4,23,70,68,56,41,13,19,15,8,15
Cspg5,277,1916,1455,1225,1681,367,399,416,175,284
Cspp1,582,1642,1326,1590,1690,884,798,663,379,638
Csprs,4,0,0,0,0,10,4,5,0,5
Csrnp1,0,0,0,0,0,0,0,0,0,0
Csrnp2,39,70,73,92,105,40,24,41,18,21
Csrnp3,799,1673,1531,1736,2009,1286,804,1198,619,800
Csrp1,243,733,830,662,901,194,337,208,155,265
Csrp2,43,108,101,88,98,67,98,46,51,130
Csrp2bp,107,208,189,211,248,131,110,106,68,106
Cst3,2680,33225,19450,16588,30774,3442,3594,3325,2461,4583
Cst6,2,27,43,30,40,11,9,17,4,7
Cst7,1,244,1,3,305,62,1,0,19,67
Cstad,19,51,47,54,33,15,21,17,11,13
Cstb,82,418,329,364,450,108,130,97,62,129
Cstf1,22,61,68,78,93,31,31,22,12,27
Cstf2,147,477,372,449,486,197,142,218,83,159
Cstf2t,24,147,174,188,141,15,48,34,13,35
Cstf3,914,2354,1978,2292,2437,1248,1333,1392,784,1112
Cstl1,1,0,0,0,0,0,0,0,0,0
Ctage5,224,659,545,624,645,267,294,268,178,218
Ctbp1,138,661,559,633,667,145,190,170,107,176
Ctbp2,27,127,137,140,124,34,54,38,32,33
Ctbs,50,81,85,66,79,33,30,34,18,31
Ctc1,96,196,137,163,209,107,76,98,49,93
Ctcf,170,291,249,313,347,228,172,149,97,143
Ctdnep1,27,126,118,133,123,62,39,38,15,30
Ctdp1,22,90,59,103,90,31,31,27,14,23
Ctdsp1,51,192,104,132,164,43,85,64,41,65
Ctdsp2,73,261,197,233,242,73,78,71,38,67
Ctdspl,267,611,530,647,660,433,341,329,152,292
Ctdspl2,511,1071,880,996,993,519,668,641,336,532
Ctf1,8,15,24,15,39,7,20,11,5,9
Ctf2,6,14,10,19,25,14,19,8,7,9
Ctgf,7,13,23,18,25,7,9,11,0,6
Cth,18,27,35,32,40,8,27,26,6,14
Cthrc1,66,192,188,149,178,25,52,61,25,49
Ctif,275,763,675,742,911,492,332,300,254,311
Ctla2a,82,209,216,237,270,295,292,123,223,449
Ctla2b,9,23,11,20,13,18,15,7,15,33
Ctla4,216,383,430,404,470,252,222,168,122,228
Ctnna1,112,359,293,265,384,126,174,149,91,200
Ctnna2,4264,9456,8034,9255,10809,7050,5164,5663,3824,5263
Ctnna3,909,2385,2164,2126,2483,1780,1456,1565,673,1271
Ctnnal1,138,326,227,261,303,156,141,188,79,117
Ctnnb1,111,687,611,681,731,196,195,142,120,214
Ctnnbip1,241,609,468,456,599,265,242,269,143,247
Ctnnbl1,346,908,779,845,844,409,417,403,267,329
Ctnnd1,12,77,67,86,86,22,22,12,10,29
Ctnnd2,3548,8496,7624,8627,9751,5445,3822,3790,2089,3705
Ctns,161,343,315,328,327,158,138,171,74,93
Ctps,59,157,152,167,184,68,62,61,36,51
Ctps2,195,395,321,356,418,255,202,230,105,171
Ctr9,165,452,370,447,400,216,229,197,138,144
Ctrb1,0,0,0,0,0,0,0,0,0,0
Ctrc,0,0,0,0,0,0,6,2,0,0
Ctrl,1,12,12,9,13,3,5,7,0,3
Ctsa,200,1113,749,847,1022,335,366,368,195,372
Ctsb,201,2597,1601,1498,1992,332,294,249,188,373
Ctsc,21,151,96,83,137,54,39,31,41,72
Ctsd,133,2830,1161,969,2557,447,200,178,195,485
Ctse,1,21,0,0,18,12,2,1,4,16
Ctsf,141,769,551,574,604,234,273,289,148,217
Ctsh,44,183,94,102,164,91,111,60,95,125
Ctsk,6,17,29,30,23,11,20,20,5,9
Ctsl,147,1280,1018,902,1100,259,261,251,158,301
Ctso,121,351,285,264,332,72,103,129,59,107
Ctss,37,711,159,121,633,110,45,27,69,121
Ctsw,0,9,1,0,2,0,0,0,0,0
Ctsz,30,584,255,201,485,107,55,49,54,111
Cttn,132,448,396,452,421,167,158,121,89,144
Cttnbp2,4264,9716,8718,10210,8952,4361,4549,4657,2668,3657
Cttnbp2nl,92,188,130,167,159,98,80,68,57,111
Ctu1,5,29,25,20,24,6,6,9,4,7
Ctu2,0,0,0,0,0,0,0,0,0,0
Ctxn1,740,2921,2509,2511,2954,959,1060,1421,586,897
Ctxn2,30,142,147,197,201,86,70,78,18,50
Ctxn3,2,2,18,18,4,4,6,9,3,2
Cubn,94,36,36,32,29,90,54,45,38,47
Cuedc1,389,620,527,565,550,268,321,345,161,281
Cuedc2,186,772,678,663,803,208,246,248,126,224
Cul1,448,1319,1154,1249,1323,584,654,506,360,578
Cul2,219,728,561,583,602,240,240,229,134,207
Cul3,138,378,352,381,445,287,177,184,160,190
Cul4a,156,368,329,357,419,248,163,157,107,134
Cul4b,64,140,156,149,208,70,50,84,31,42
Cul5,400,649,625,681,728,386,451,418,267,359
Cul7,0,0,0,0,0,0,0,0,0,0
Cul9,401,987,830,1064,977,523,446,449,258,428
Cuta,163,593,511,525,604,271,294,261,131,311
Cutal,2,0,0,1,7,8,4,10,4,13
Cutc,30,85,71,81,88,23,24,38,20,36
Cux1,331,640,589,593,733,406,346,420,163,277
Cux2,96,261,270,233,425,298,133,333,53,150
Cwc15,168,565,517,532,601,216,250,219,117,203
Cwc22,89,216,170,231,258,123,77,84,55,84
Cwc25,83,162,170,182,171,81,94,87,41,42
Cwc27,368,836,681,714,817,517,417,400,269,370
Cwf19l1,18,54,47,70,69,26,27,23,15,24
Cwf19l2,335,707,553,630,772,351,275,323,206,263
Cwh43,24,68,63,59,108,56,20,62,9,35
Cx3cl1,344,1050,991,970,897,431,338,514,177,235
Cx3cr1,110,224,161,156,279,68,82,71,60,80
Cxadr,67,138,152,144,151,108,59,78,33,53
Cxcl1,0,0,0,0,0,0,2,0,1,7
Cxcl10,0,25,2,3,14,0,1,0,4,10
Cxcl12,68,351,308,328,279,154,130,110,88,119
Cxcl14,150,867,890,668,955,127,238,213,100,219
Cxcl16,3,17,6,6,12,4,4,2,2,8
Cxcl17,148,284,216,224,216,180,211,164,92,145
Cxcl5,3,53,11,36,43,2,8,4,5,9
Cxcr2,0,0,0,0,0,0,0,0,0,0
Cxcr4,0,20,12,8,10,0,0,0,0,0
Cxcr5,11,14,3,14,13,11,4,8,4,7
Cxx1a,84,425,505,463,523,142,126,141,61,118
Cxx1b,39,256,309,311,312,50,76,61,28,64
Cxx1c,0,56,53,41,66,0,0,0,0,0
Cxxc1,131,627,444,604,654,241,264,276,145,244
Cxxc4,52,153,164,165,187,119,65,61,29,64
Cxxc5,94,245,244,198,265,107,91,102,64,79
Cyb561,24,175,195,144,153,53,54,46,21,32
Cyb561a3,11,17,13,19,16,8,12,13,7,11
Cyb561d1,20,106,75,102,114,28,31,43,16,32
Cyb561d2,30,153,130,132,143,39,55,41,29,35
Cyb5a,161,566,536,547,648,199,211,175,100,203
Cyb5b,171,371,311,374,386,234,190,150,111,165
Cyb5d1,4,21,13,12,15,5,9,8,6,2
Cyb5d2,64,145,134,128,145,37,57,60,38,43
Cyb5r1,24,116,83,77,105,35,41,23,25,39
Cyb5r2,0,8,6,4,2,0,0,0,0,0
Cyb5r3,62,287,240,223,285,89,130,106,73,152
Cyb5r4,120,307,315,311,343,181,168,154,103,159
Cyb5rl,6,23,21,15,19,5,6,9,4,7
Cyba,47,324,155,132,271,87,63,51,58,103
Cybb,8,8,9,8,5,12,10,3,5,5
Cybrd1,8,68,33,31,42,15,8,12,3,11
Cyc1,420,1724,1376,1508,1646,547,680,654,358,593
Cycs,176,786,774,808,867,276,281,235,109,209
Cyct,3,0,0,0,0,4,0,0,0,0
Cyfip1,589,1474,1162,1411,1448,861,764,668,547,659
Cyfip2,390,1304,1191,1364,1381,784,469,509,352,422
Cygb,58,254,259,277,258,32,124,67,27,117
Cyhr1,197,880,728,707,957,274,270,300,163,292
Cylc1,0,0,0,0,0,0,0,0,3,2
Cyld,266,629,453,502,592,381,310,367,188,276
Cyp11a1,1,25,24,35,0,0,21,0,7,2
Cyp1b1,4,10,12,13,15,3,1,2,2,7
Cyp20a1,100,316,264,226,258,103,110,107,64,77
Cyp26b1,0,17,13,17,8,0,0,0,0,0
Cyp27a1,17,44,48,50,72,20,38,21,19,34
Cyp2ab1,0,0,0,0,1,0,1,3,1,3
Cyp2b13,8,35,32,37,34,18,23,12,1,15
Cyp2c38,16,16,11,17,15,11,17,12,7,15
Cyp2c44,4,7,7,5,6,8,3,7,1,3
Cyp2c55,4,0,0,0,0,4,0,0,0,0
Cyp2c66,33,21,24,29,32,29,25,30,15,15
Cyp2c68,2,0,0,0,0,0,0,0,0,0
Cyp2c69,15,16,25,28,13,9,26,19,10,17
Cyp2d22,83,265,202,196,214,70,122,86,53,109
Cyp2e1,0,0,0,0,0,0,0,0,0,0
Cyp2j11,5,13,14,15,10,2,9,10,0,3
Cyp2j12,11,26,41,25,29,11,9,4,7,16
Cyp2j13,9,4,4,8,13,3,4,5,1,4
Cyp2j5,0,0,0,0,0,0,5,1,0,0
Cyp2j6,61,256,220,172,209,42,66,59,33,89
Cyp2j7,0,0,0,0,0,2,0,0,0,0
Cyp2j8,10,19,20,19,14,8,15,23,10,10
Cyp2j9,58,260,200,187,232,28,62,40,19,46
Cyp2r1,0,0,0,0,0,0,2,0,4,1
Cyp2s1,21,40,50,51,52,19,25,31,13,20
Cyp2t4,2,0,0,0,0,2,0,0,0,0
Cyp2u1,83,208,142,169,185,74,92,100,50,48
Cyp39a1,13,13,10,14,15,15,9,10,5,6
Cyp3a13,0,8,8,8,5,2,3,2,4,8
Cyp3a44,0,0,0,0,0,0,0,0,0,0
Cyp46a1,208,1400,1094,1142,1371,338,406,495,184,302
Cyp4a12b,5,28,30,33,36,13,7,3,4,11
Cyp4f13,68,177,151,150,167,58,95,80,41,72
Cyp4f14,6,56,24,21,41,5,11,4,7,9
Cyp4f15,24,52,47,58,37,16,20,9,3,12
Cyp4f16,18,58,55,52,68,29,28,19,15,28
Cyp4f17,17,20,12,16,12,3,8,10,6,7
Cyp4f18,5,46,49,36,76,5,9,13,2,3
Cyp4v3,12,69,37,41,50,16,15,25,15,19
Cyp4x1,153,252,247,246,231,146,105,269,73,83
Cyp4x1os,21,22,19,22,26,13,13,41,12,10
Cyp51,62,384,311,283,305,102,102,97,59,73
Cyp7b1,805,2034,1672,1748,2044,714,1049,637,761,885
Cyr61,20,218,110,65,124,15,53,66,21,86
Cys1,128,417,315,432,432,161,256,175,68,160
Cysltr1,3,12,12,17,12,21,13,7,16,27
Cysrt1,0,0,0,0,0,0,0,0,0,0
Cystm1,158,559,595,543,653,164,187,190,109,166
Cyth1,193,519,422,469,565,243,216,213,117,188
Cyth2,69,324,265,321,392,100,174,137,57,115
Cyth3,187,535,407,478,508,230,210,217,138,190
Cyth4,34,165,73,93,141,52,74,42,48,66
Cytl1,0,2,15,18,3,0,0,0,0,0
Cyyr1,43,123,75,96,105,71,68,51,72,112
D030047H15Rik,258,443,412,410,420,266,335,263,139,239
D030055H07Rik,23,17,25,24,29,5,12,13,2,7
D030056L22Rik,51,171,168,169,150,40,61,56,39,44
D030068K23Rik,33,107,96,119,132,54,48,39,18,27
D10Jhu81e,62,295,266,228,307,77,104,78,58,71
D10Wsu102e,59,128,100,94,86,70,67,55,34,35
D11Wsu47e,17,39,26,36,45,19,13,12,12,13
D130017N08Rik,32,34,29,26,45,51,21,36,17,15
D130020L05Rik,17,59,51,39,39,14,12,17,7,10
D130040H23Rik,0,4,6,9,7,0,0,0,0,0
D130043K22Rik,911,2559,2171,2210,2285,2089,1697,2248,1202,1409
D15Ertd621e,57,163,150,160,179,89,76,64,49,57
D16Ertd472e,32,47,52,54,64,37,29,29,25,29
D17H6S53E,13,86,88,92,101,20,37,37,19,29
D17Wsu92e,380,702,535,585,638,373,349,316,182,245
D1Ertd622e,80,214,208,184,215,72,74,62,48,83
D230017M19Rik,114,157,166,201,194,89,102,95,53,81
D230025D16Rik,235,579,411,460,550,225,309,301,143,251
D2Wsu81e,279,997,775,805,832,504,486,534,289,372
D2hgdh,28,68,57,74,86,24,24,20,18,23
D330045A20Rik,2,8,7,8,13,2,10,10,1,3
D330050G23Rik,51,72,63,81,73,23,38,44,15,25
D3Ertd254e,99,249,242,233,248,102,121,125,45,92
D3Ertd751e,378,752,554,704,787,491,469,465,255,321
D430019H16Rik,39,127,120,122,133,53,43,39,33,35
D430036J16Rik,7,29,28,28,40,20,7,15,1,6
D430041D05Rik,838,1926,1741,1921,2099,1645,1236,1156,657,982
D430042O09Rik,467,949,898,1004,939,644,617,620,391,455
D530049I02Rik,0,4,12,7,6,0,0,0,0,0
D5Ertd579e,259,624,515,598,625,275,262,265,161,245
D5Ertd615e,44,95,78,79,88,44,33,46,10,38
D630003M21Rik,14,54,42,38,37,18,9,17,11,8
D630008O14Rik,0,0,0,0,0,0,0,0,0,0
D630023F18Rik,16,70,52,70,61,30,22,25,4,14
D630024D03Rik,4,7,10,10,9,4,1,3,4,2
D630033O11Rik,9,21,27,23,21,2,4,7,2,3
D630036H23Rik,2,14,20,15,12,3,7,8,4,4
D630045J12Rik,254,675,559,700,679,446,351,326,223,300
D6Ertd474e,0,3,11,4,8,3,0,0,0,0
D6Wsu163e,22,88,104,121,120,42,35,36,20,34
D730003I15Rik,41,234,173,199,249,113,118,92,57,109
D730045B01Rik,0,0,0,0,0,0,0,0,0,0
D7Ertd443e,12,54,42,47,57,9,32,8,15,23
D830032E09Rik,2,6,6,0,3,2,0,0,0,0
D830039M14Rik,0,6,6,16,3,0,0,0,0,0
D830044I16Rik,19,26,36,30,31,14,26,14,11,9
D8Ertd738e,181,923,784,811,969,248,233,236,143,187
D8Ertd82e,163,400,333,405,324,203,197,149,82,140
D930007P13Rik,8,13,19,19,12,25,19,16,6,11
D930015E06Rik,185,389,290,354,425,216,138,154,97,132
D930016D06Rik,211,541,422,542,596,330,210,285,140,242
D930019O06Rik,4,11,15,3,12,2,0,0,0,0
D930020B18Rik,36,39,33,48,34,36,30,30,15,24
D930030I03Rik,1,13,4,6,7,2,3,6,5,3
D930032P07Rik,13,21,26,17,22,8,14,15,7,7
D930048G16Rik,0,0,0,0,0,0,0,0,0,0
D930048N14Rik,20,100,90,77,118,59,49,44,25,43
DHRSX,24,101,108,142,74,51,32,34,27,50
Daam1,346,842,778,829,837,512,413,316,252,368
Daam2,147,384,306,315,441,130,140,88,70,206
Dab1,7039,16309,13385,15620,15430,10406,8168,7696,5314,7866
Dab2,22,68,64,75,58,27,36,23,21,42
Dab2ip,86,216,217,278,251,192,140,149,85,136
Dach1,97,213,201,213,237,149,149,100,111,124
Dach2,41,83,76,142,75,53,48,41,23,43
Dact1,1,14,9,4,12,9,0,8,2,4
Dact2,46,80,171,179,113,118,93,76,22,66
Dact3,28,161,146,126,147,95,46,46,48,39
Dad1,178,1270,1386,1304,1447,207,293,248,191,238
Dag1,437,842,719,741,786,397,383,339,198,324
Dagla,362,629,518,658,600,349,285,312,187,226
Daglb,285,519,398,417,426,204,256,286,181,191
Dalir,0,3,5,2,7,0,0,0,0,0
Dalrd3,536,2106,1655,1939,2278,789,1084,863,526,1007
Dancr,0,13,4,12,27,0,0,0,0,0
Dancr.1,0,0,0,0,0,0,0,0,0,0
Dand5,35,136,154,173,169,56,64,67,27,65
Dao,4,3,7,9,8,4,3,4,1,4
Dap,61,95,74,95,91,58,36,54,21,39
Dap3,127,444,376,408,438,157,169,160,108,127
Dapk1,1665,4010,2837,3563,3616,1921,1849,1491,1003,1823
Dapk2,11,22,16,18,27,14,16,10,11,14
Dapk3,139,371,336,403,399,199,253,244,134,210
Dapl1,0,0,0,18,4,0,0,12,0,0
Dapp1,41,108,78,71,116,18,80,25,27,26
Dars,298,613,502,573,619,245,298,306,164,238
Dars2,66,165,106,141,145,83,78,84,38,61
Daw1,12,35,38,23,25,8,28,7,12,23
Daxx,42,126,98,130,136,48,48,48,17,44
Dazap1,335,825,701,776,815,428,391,382,199,340
Dazap2,131,518,463,452,549,183,209,230,107,221
Dazl,9,19,15,26,34,7,18,5,5,10
Dbf4,7,16,7,7,14,8,13,5,5,5
Dbi,819,5191,5279,3504,7172,1079,1951,840,799,1098
Dbil5,0,8,6,5,5,0,0,0,0,0
Dbn1,545,2652,1898,2363,2517,820,1079,781,432,907
Dbndd1,4,32,46,45,57,18,18,12,13,5
Dbndd2,177,460,420,418,427,196,265,292,99,189
Dbnl,247,1042,729,864,971,331,404,331,184,327
Dbp,232,560,598,645,627,260,345,389,187,316
Dbpht2,77,128,93,114,100,37,80,67,28,49
Dbr1,13,56,53,59,53,10,15,10,6,14
Dbt,129,298,275,361,326,201,149,181,114,130
Dbx2,161,587,397,367,464,93,156,82,64,163
Dcaf10,155,337,260,322,326,150,158,152,79,124
Dcaf11,116,518,443,455,520,159,189,207,81,164
Dcaf12,227,517,417,428,461,171,300,301,146,259
Dcaf12l1,21,74,78,82,106,17,21,17,6,9
Dcaf12l2,0,13,5,7,6,0,0,0,0,0
Dcaf13,104,239,239,280,237,101,92,97,38,64
Dcaf15,47,241,136,162,245,204,106,90,88,94
Dcaf17,262,593,517,604,595,359,298,355,173,249
Dcaf4,35,114,100,104,105,56,49,42,35,39
Dcaf5,267,584,619,525,559,397,312,302,201,284
Dcaf6,857,2279,1835,1957,2325,1312,1159,1033,666,1038
Dcaf7,232,461,406,427,469,228,180,261,115,177
Dcaf8,435,849,678,789,862,395,426,478,264,362
Dcakd,447,906,734,797,905,431,478,502,259,381
Dcbld1,95,229,189,229,213,141,108,118,70,100
Dcbld2,51,107,99,97,149,82,65,52,26,46
Dcc,3827,9572,7410,9184,10494,6554,5182,4450,3671,5076
Dcdc2a,57,116,115,128,150,59,54,48,31,41
Dcdc2b,15,97,97,27,114,82,76,12,37,55
Dcdc2c,11,7,22,10,12,8,6,10,2,5
Dchs1,19,98,88,64,82,30,32,30,16,32
Dchs2,54,173,113,184,144,64,58,32,37,45
Dck,37,71,74,84,81,38,60,63,30,43
Dclk1,2328,5860,5308,5742,6174,3907,2760,2975,1477,2683
Dclk2,714,1559,1215,1337,1569,627,574,528,387,513
Dclk3,20,57,50,54,69,30,30,17,20,25
Dclre1a,37,87,79,104,118,40,45,55,31,34
Dclre1b,17,46,23,32,56,9,12,17,6,22
Dclre1c,120,249,217,256,242,199,156,163,104,154
Dcn,69,534,377,485,359,111,118,56,40,80
Dcp1a,162,325,253,282,302,202,176,161,106,148
Dcp1b,161,316,356,366,390,168,183,187,108,116
Dcp2,46,134,116,119,142,46,58,55,28,38
Dcps,100,191,187,230,284,125,104,94,72,94
Dcst1,4,8,9,8,6,3,0,0,0,0
Dcst2,8,18,15,18,14,11,10,6,4,6
Dct,0,9,5,6,5,2,0,0,0,0
Dctd,45,83,95,121,100,90,37,66,16,55
Dctn1,86,495,442,484,525,154,142,146,89,131
Dctn2,225,975,774,840,977,299,377,336,218,349
Dctn3,157,641,840,824,849,230,281,256,171,236
Dctn4,949,1232,1073,1105,1200,861,956,983,551,871
Dctn5,81,310,244,288,305,105,117,100,60,100
Dctn6,193,576,528,571,603,385,286,327,173,267
Dctpp1,25,121,146,131,148,32,34,32,28,32
Dcun1d1,259,647,515,535,615,311,294,282,160,258
Dcun1d2,107,365,313,362,370,226,150,152,91,118
Dcun1d3,323,475,318,364,370,224,307,281,172,277
Dcun1d4,109,432,384,460,516,182,145,127,80,99
Dcun1d5,454,1344,1210,1174,1289,563,577,551,280,453
Dcx,114,335,286,277,395,272,107,266,64,118
Dcxr,21,77,61,51,76,18,37,27,26,39
Dda1,110,491,441,542,575,181,198,133,68,138
Ddah1,289,1849,1855,1967,2116,437,428,331,197,335
Ddah2,34,124,83,73,116,39,39,42,32,61
Ddb1,80,379,351,316,358,89,116,92,35,96
Ddb2,428,701,646,685,719,526,442,557,266,324
Ddc,35,63,63,36,71,44,46,26,22,63
Ddhd1,181,526,483,533,609,276,195,214,150,227
Ddhd2,677,1649,1237,1562,1767,721,750,921,471,646
Ddi2,146,304,249,318,328,201,158,141,92,136
Ddit3,113,361,295,391,397,214,225,161,77,144
Ddit4,120,540,422,494,525,213,201,171,110,271
Ddit4l,44,156,190,125,227,68,105,111,48,76
Ddn,104,610,458,628,603,118,141,94,55,90
Ddo,44,75,79,71,55,25,35,39,35,20
Ddost,101,848,737,715,713,145,227,162,90,176
Ddr1,272,738,667,576,694,251,344,307,199,252
Ddr2,26,53,54,75,60,24,35,30,12,30
Ddrgk1,147,754,601,582,671,237,278,215,166,269
Ddt,76,189,200,197,246,72,104,84,41,83
Ddx1,309,784,658,755,697,352,420,337,232,265
Ddx10,165,489,393,438,470,255,299,206,146,225
Ddx11,8,19,16,17,29,10,5,11,3,9
Ddx17,388,1102,906,984,1185,444,403,435,247,410
Ddx18,222,913,921,962,931,402,399,338,204,253
Ddx19a,58,141,88,129,123,62,78,91,45,56
Ddx19b,86,148,124,173,162,96,102,110,52,75
Ddx20,81,251,194,227,214,17,97,75,27,71
Ddx21,74,251,233,225,233,162,123,129,65,69
Ddx23,186,333,290,354,342,317,292,245,170,229
Ddx24,613,2399,2511,2777,2520,1392,1393,1116,925,960
Ddx25,22,170,161,141,184,61,57,48,21,28
Ddx26b,434,1029,833,923,992,401,407,457,271,376
Ddx27,124,400,314,335,340,173,189,178,100,145
Ddx28,13,94,83,96,91,12,26,22,13,8
Ddx31,65,207,164,178,185,120,67,54,58,65
Ddx39,54,311,239,297,326,95,110,98,55,116
Ddx39b,345,1274,1094,1376,1361,412,511,446,206,383
Ddx3x,94,316,303,325,366,114,97,109,85,124
Ddx3y,384,727,599,723,748,273,447,402,172,377
Ddx4,6,19,17,18,23,5,4,11,6,6
Ddx41,138,529,393,456,513,228,246,238,153,175
Ddx42,479,1154,861,1027,1061,419,578,503,297,496
Ddx43,16,26,13,14,17,5,10,6,5,7
Ddx46,268,645,510,678,620,373,426,336,261,314
Ddx47,110,708,440,512,521,219,269,150,182,198
Ddx49,150,278,287,343,331,198,202,158,103,136
Ddx5,865,4823,4265,5620,5667,789,1330,1080,543,1178
Ddx50,727,1709,1451,1656,1552,1138,1108,1057,503,814
Ddx51,24,129,113,141,144,33,49,43,16,36
Ddx52,130,343,269,295,287,104,170,138,71,107
Ddx54,46,165,129,135,164,89,66,68,49,76
Ddx55,319,579,469,615,569,482,385,402,207,300
Ddx56,49,157,123,159,176,63,53,62,18,56
Ddx58,70,132,100,73,103,68,54,68,37,63
Ddx59,28,49,49,39,56,26,19,34,16,13
Ddx6,310,589,409,498,529,238,247,248,140,220
Ddx60,12,57,26,21,44,8,20,12,17,15
Deaf1,189,597,342,435,530,184,252,205,104,226
Deb1,80,356,400,340,454,102,141,117,60,108
Decr1,26,48,49,45,55,23,21,16,9,16
Decr2,110,229,213,259,272,144,144,139,59,95
Dedd,78,147,97,116,172,67,52,44,27,56
Dedd2,19,95,88,105,124,27,40,26,15,24
Def6,25,39,22,17,50,30,33,19,22,38
Def8,0,0,0,0,0,0,0,0,0,0
Defb30,13,0,0,10,2,9,5,10,4,5
Defb37,3,0,0,0,0,3,9,1,0,0
Defb6,6,0,0,0,0,12,6,9,3,8
Degs1,114,687,607,556,567,126,182,174,96,122
Degs2,24,59,40,43,53,44,36,25,31,76
Dek,79,202,281,287,270,129,120,120,68,119
Dennd1a,1502,3622,2602,3251,3895,2352,1841,1641,1118,1663
Dennd1b,282,821,624,747,925,547,377,347,273,431
Dennd1c,7,9,4,4,20,9,7,4,1,8
Dennd2a,292,457,448,447,493,287,274,278,168,248
Dennd2c,11,71,29,32,54,8,6,7,9,6
Dennd2d,5,21,16,4,17,6,8,10,8,9
Dennd3,88,216,171,189,212,130,111,107,51,96
Dennd4a,459,760,619,684,757,513,480,545,309,442
Dennd4b,25,122,87,110,115,45,30,48,14,37
Dennd4c,321,880,787,910,1079,397,421,447,304,366
Dennd5a,203,540,448,473,591,272,231,200,169,237
Dennd5b,670,1383,1172,1338,1484,894,872,837,408,745
Dennd6a,334,692,660,678,755,509,417,329,220,375
Dennd6b,577,1666,1167,1376,1583,919,1082,1219,551,973
Denr,85,340,348,345,397,95,70,111,40,71
Depdc1a,0,0,0,0,0,0,1,1,3,3
Depdc1b,3,7,7,5,8,1,8,1,1,3
Depdc5,426,860,665,777,895,512,523,452,242,442
Depdc7,45,62,77,66,51,33,36,31,19,33
Deptor,108,190,243,216,243,219,112,197,40,91
Dera,28,90,67,66,81,22,42,34,30,32
Derl1,115,543,553,516,568,191,219,188,143,199
Derl2,189,502,383,382,487,224,253,202,122,158
Derl3,4,28,20,30,42,3,9,14,5,8
Des,7,6,9,7,9,7,10,10,7,8
Desi1,339,974,782,852,811,479,425,380,223,276
Desi2,769,1459,1328,1434,1362,854,870,759,467,703
Det1,57,118,107,103,134,76,67,61,46,55
Dexi,129,516,429,437,569,269,213,164,116,160
Dffa,237,563,508,592,563,373,287,352,166,234
Dffb,340,697,598,695,610,385,404,651,236,331
Dfna5,594,2004,1928,1966,2199,1195,1138,1192,585,870
Dgat1,362,947,637,642,852,388,526,501,226,404
Dgat2,115,495,419,535,433,145,123,158,72,137
Dgat2l6,17,31,43,58,27,15,26,28,19,15
Dgcr14,44,212,132,144,174,36,62,73,46,53
Dgcr2,0,0,0,0,0,0,0,0,0,0
Dgcr6,71,385,362,348,406,89,109,120,57,97
Dgcr8,152,363,321,355,413,234,176,176,118,174
Dgka,152,184,184,196,207,88,120,123,80,126
Dgkb,2625,5212,4503,5590,5475,2953,3152,2212,1736,2419
Dgkd,443,881,660,742,797,482,464,419,341,443
Dgke,109,237,206,276,249,98,99,90,53,55
Dgkg,1687,3765,3278,3881,3747,2331,1880,1311,1158,1516
Dgkh,1389,1562,1136,1556,1661,1066,880,901,897,829
Dgki,1867,3928,3581,3865,4360,2909,1876,2302,1496,2063
Dgkk,4,10,11,9,4,4,7,3,1,4
Dgkq,37,170,122,157,186,58,63,64,40,66
Dgkz,584,1885,1280,1557,1796,872,763,911,544,604
Dguok,225,653,529,628,709,389,319,400,206,291
Dhcr24,64,320,266,235,225,122,92,91,68,62
Dhcr7,50,263,201,186,224,74,65,67,57,67
Dhdds,499,1335,995,1029,1184,575,641,502,293,503
Dhdh,47,46,40,42,45,8,20,40,13,12
Dhfr,21,49,44,48,56,23,13,29,22,29
Dhodh,68,252,163,224,203,78,90,80,36,75
Dhps,323,760,562,593,637,607,518,595,277,382
Dhrs1,108,561,303,360,524,183,181,175,107,224
Dhrs11,37,121,150,135,141,35,66,50,28,48
Dhrs13,18,68,55,50,48,30,25,21,10,20
Dhrs13os,0,0,0,0,0,0,0,0,0,0
Dhrs3,30,183,134,157,180,23,53,31,16,45
Dhrs4,52,182,157,151,162,68,66,50,32,65
Dhrs7,93,412,380,314,295,81,134,86,59,89
Dhrs7b,207,454,448,481,409,187,201,215,94,162
Dhtkd1,84,165,120,148,195,77,64,82,44,59
Dhx15,121,304,296,319,415,176,126,123,77,154
Dhx16,80,204,171,216,216,106,113,89,68,82
Dhx29,154,283,214,238,252,145,176,156,118,139
Dhx30,1396,3456,3119,3457,3364,1428,1602,1797,922,1399
Dhx32,247,533,401,400,379,181,191,186,97,152
Dhx33,75,268,211,308,317,140,99,82,73,96
Dhx34,29,58,50,61,57,52,29,43,21,22
Dhx35,41,107,80,75,96,48,45,31,31,34
Dhx36,134,363,365,419,434,295,245,229,171,216
Dhx37,42,127,84,120,133,48,48,42,21,31
Dhx38,12,71,42,68,73,17,24,20,10,20
Dhx40,147,284,228,288,334,128,179,148,100,138
Dhx57,249,483,425,499,453,349,268,263,169,225
Dhx58,3,25,12,23,14,5,5,6,2,7
Dhx58os,2,0,0,0,0,3,0,0,0,0
Dhx8,119,229,205,249,229,87,90,101,57,85
Dhx9,104,225,215,222,258,158,122,125,98,126
Diablo,118,298,265,312,295,138,168,150,82,135
Diaph1,143,380,316,321,341,236,201,146,113,178
Diaph2,869,1917,1479,1801,2072,1323,1207,1073,820,1133
Diaph3,44,126,122,127,156,56,51,45,38,72
Dicer1,144,344,310,386,395,248,183,152,112,183
Dido1,217,415,415,424,490,257,206,238,128,189
Diexf,46,121,103,117,108,64,50,40,28,40
Dimt1,67,175,123,159,190,62,66,47,26,41
Dio2,21,85,58,61,61,15,21,15,6,29
Dio3,0,28,19,9,25,0,0,0,0,0
Dip2a,138,360,303,303,374,193,122,146,79,130
Dip2b,1072,1970,1642,1688,1968,1373,1266,1209,662,1068
Dip2c,1821,3703,3132,3964,4125,3192,2014,1881,1448,2044
Diras1,27,97,100,82,118,32,27,33,11,15
Diras2,113,189,240,225,207,107,96,131,52,62
Dirc2,95,249,216,221,229,106,85,102,60,73
Dis3,32,124,100,117,146,70,60,59,47,58
Dis3l,133,260,211,258,265,135,133,136,60,114
Dis3l2,610,1323,1150,1171,1364,671,717,740,390,645
Disc1,187,339,313,362,345,199,198,188,86,137
Disp1,51,78,74,92,100,53,38,38,18,35
Disp2,159,486,400,492,459,274,225,210,136,166
Dixdc1,197,451,453,454,522,330,272,255,171,216
Dkc1,49,114,117,122,132,67,72,73,47,43
Dkk2,9,34,62,26,82,30,8,30,11,23
Dkk3,355,1078,1100,1032,945,589,420,521,214,335
Dkkl1,6,22,42,10,18,42,6,65,4,6
Dlat,345,1023,845,933,953,453,448,402,255,328
Dlc1,709,1667,1359,1513,2030,998,821,865,405,893
Dld,243,768,647,744,688,291,331,243,155,208
Dlec1,10,44,39,38,44,17,14,18,15,13
Dleu7,13,32,31,40,37,11,7,8,9,6
Dlg1,646,1375,1147,1147,1655,848,675,874,386,710
Dlg2,17500,33943,27600,32924,35539,22133,18130,18624,11305,17760
Dlg3,47,134,143,143,138,49,47,53,34,36
Dlg4,525,1161,963,1236,1097,641,668,396,265,475
Dlg5,105,258,186,228,293,159,130,81,76,104
Dlgap1,14045,25335,21335,26643,26187,15266,14024,13885,9079,12413
Dlgap2,3824,7555,6829,8032,7923,5708,4082,3936,3101,3607
Dlgap3,215,688,561,605,668,492,294,274,142,255
Dlgap4,433,1122,1054,1095,1177,714,576,492,257,448
Dlk1,8,45,37,34,18,15,22,5,4,8
Dlk2,53,296,292,385,390,215,154,138,70,132
Dll1,5,39,26,35,38,5,14,11,2,11
Dll3,5,53,29,31,50,16,10,7,4,7
Dll4,6,23,11,15,31,12,19,12,6,10
Dlst,304,782,739,832,717,396,378,337,161,298
Dlx1,17,44,41,49,51,16,12,17,11,16
Dlx1as,90,193,161,236,207,114,98,81,42,61
Dlx2,4,24,19,30,27,9,13,8,3,9
Dlx5,15,48,43,46,61,16,19,14,6,6
Dlx6,8,12,21,17,26,3,11,6,2,11
Dlx6os1,269,434,423,403,477,276,307,276,170,155
Dmap1,59,277,243,224,309,74,81,128,59,87
Dmc1,12,28,30,25,38,26,25,16,4,18
Dmd,3829,8310,6936,8326,8838,5465,4357,4598,2532,4035
Dmgdh,1,0,0,0,0,7,5,4,3,4
Dmkn,10,12,24,12,13,9,13,4,5,8
Dmp1,1,17,18,19,20,4,5,6,3,2
Dmpk,24,98,76,106,118,37,41,38,25,40
Dmrt1,7,0,0,0,0,17,6,5,4,1
Dmrt2,5,5,7,6,8,3,0,0,0,0
Dmrt3,5,5,12,10,4,1,9,1,4,3
Dmrta2,16,55,25,15,34,10,22,17,11,21
Dmrta2os,7,27,37,26,45,7,17,16,6,17
Dmrtb1,2,5,8,3,6,1,0,0,0,0
Dmrtc1a,11,28,35,32,29,8,10,11,5,5
Dmtf1,204,486,405,563,569,302,291,271,159,262
Dmtn,423,1426,1109,1328,1346,432,553,571,217,441
Dmwd,22,125,118,122,145,69,28,41,30,35
Dmxl1,446,1273,978,1298,1395,780,662,595,373,628
Dmxl2,670,1552,1057,1396,1617,766,777,695,478,711
Dna2,40,70,70,78,85,50,55,61,23,46
Dnaaf1,5,13,11,7,8,7,8,10,8,4
Dnaaf2,24,35,52,37,29,19,24,22,10,13
Dnaaf3,56,30,61,36,51,32,99,37,60,74
Dnaaf5,42,114,83,99,94,57,65,62,21,42
Dnah1,33,88,74,88,98,37,40,47,21,39
Dnah10,25,35,79,38,19,12,16,14,21,12
Dnah11,373,200,247,202,165,266,198,149,85,191
Dnah12,136,101,205,87,93,29,145,57,59,95
Dnah14,27,22,27,23,30,25,18,29,7,20
Dnah17,23,38,33,36,27,32,23,19,9,14
Dnah2,126,177,207,180,202,79,115,79,45,87
Dnah2os,2,0,0,0,0,4,0,0,0,0
Dnah3,18,49,77,55,42,12,28,26,18,24
Dnah5,49,106,114,102,108,60,67,54,39,49
Dnah6,37,86,118,65,65,25,49,32,29,26
Dnah7a,47,100,97,99,110,49,60,36,21,45
Dnah7b,56,160,144,136,131,42,75,52,37,53
Dnah7c,45,111,108,92,97,38,62,60,35,38
Dnah8,17,15,17,13,15,7,12,12,12,10
Dnah9,326,732,705,738,734,354,278,267,246,294
Dnaic1,24,61,82,37,69,21,33,33,18,32
Dnaic2,31,37,54,37,48,16,21,17,9,19
Dnaja1,228,1000,1051,1128,1028,280,477,242,121,269
Dnaja2,214,647,651,622,693,475,287,273,134,248
Dnaja3,253,546,458,487,531,227,266,310,185,207
Dnaja4,46,192,182,186,216,52,68,52,28,55
Dnajb1,18,127,159,132,158,45,112,40,28,65
Dnajb11,89,466,455,448,466,98,143,105,61,98
Dnajb12,108,237,189,207,189,132,117,133,67,97
Dnajb13,3,8,24,9,8,4,8,0,2,7
Dnajb14,108,310,270,305,364,133,155,118,99,106
Dnajb2,82,322,322,254,359,124,146,113,51,119
Dnajb3,0,14,9,7,13,0,0,4,3,4
Dnajb4,573,1320,1159,1311,1338,744,789,806,424,544
Dnajb5,46,297,230,359,334,68,93,69,35,81
Dnajb6,328,1139,1206,1265,1313,411,466,364,243,299
Dnajb9,67,481,457,437,416,98,142,112,85,107
Dnajc1,1106,2371,2116,2560,2435,1473,1392,1095,857,1154
Dnajc10,188,570,428,530,547,233,193,206,124,194
Dnajc11,254,687,514,578,653,258,287,316,160,241
Dnajc12,47,117,108,117,117,47,51,55,43,35
Dnajc13,179,452,382,474,494,254,173,209,130,188
Dnajc14,69,196,147,182,178,69,63,64,40,68
Dnajc15,235,625,631,658,641,382,347,392,205,292
Dnajc16,38,172,126,167,198,111,61,76,51,60
Dnajc17,164,744,766,903,987,292,231,216,131,199
Dnajc18,442,796,745,819,781,500,510,550,295,392
Dnajc19,202,723,668,699,744,307,405,324,176,274
Dnajc2,99,239,197,193,253,101,105,111,70,82
Dnajc21,125,295,222,316,362,211,177,145,85,130
Dnajc24,320,644,562,640,679,395,383,324,206,316
Dnajc25,4,0,0,0,0,8,5,2,0,3
Dnajc27,195,372,339,410,457,189,147,250,107,132
Dnajc28,9,18,21,21,22,6,10,7,3,11
Dnajc3,197,442,492,471,504,415,476,281,170,322
Dnajc30,94,300,298,336,325,85,99,102,49,54
Dnajc4,72,205,198,205,206,82,120,117,56,93
Dnajc5,319,927,813,939,972,390,389,391,220,370
Dnajc5b,5,7,6,6,8,5,3,6,2,5
Dnajc6,1233,3144,2788,2940,2873,1821,1546,1625,882,1360
Dnajc7,342,900,834,877,890,411,391,329,204,352
Dnajc8,360,1176,1110,1168,1251,480,513,489,263,327
Dnajc9,61,159,141,129,163,57,59,56,36,56
Dnal1,224,380,392,364,406,238,211,187,111,158
Dnal4,79,386,321,340,442,133,136,125,74,132
Dnali1,19,27,46,23,36,3,30,11,10,11
Dnase1l1,23,53,53,44,53,33,23,26,24,44
Dnase1l2,5,43,39,47,50,11,19,8,4,22
Dnase1l3,10,17,16,17,15,22,23,4,1,11
Dnase2a,22,89,66,56,77,37,27,27,23,35
Dnd1,4,47,38,11,35,10,19,8,4,9
Dner,377,1080,831,972,1098,625,480,393,233,405
Dnhd1,31,113,86,117,124,47,52,41,20,37
Dnlz,120,586,449,462,627,146,164,192,107,135
Dnm1,506,1973,1726,1933,2254,634,587,590,321,542
Dnm1l,183,521,555,707,685,386,253,286,151,183
Dnm2,999,2302,1578,2174,1967,1404,1446,1212,774,1180
Dnm3,799,1605,1407,1492,1939,1060,829,746,511,840
Dnm3os,0,0,0,0,0,0,0,0,0,0
Dnmbp,97,457,491,510,590,192,144,127,106,112
Dnmt1,25,97,91,107,127,42,30,35,19,35
Dnmt3a,962,2132,1771,1974,2149,1322,1185,978,564,984
Dnmt3aos,5,26,22,27,13,11,22,11,11,12
Dnmt3b,13,28,18,32,18,9,25,16,13,16
Dnpep,99,482,370,344,442,209,226,187,128,226
Dnph1,0,0,0,0,0,0,0,0,0,0
Dnttip1,155,425,276,281,495,386,300,302,210,214
Dnttip2,51,150,142,135,146,60,72,74,37,44
Doc2a,17,83,68,81,96,40,35,58,14,35
Doc2b,379,521,525,509,473,418,442,365,240,325
Doc2g,6,32,28,33,44,12,7,14,10,13
Dock1,204,610,555,514,570,283,286,228,135,208
Dock10,1650,2914,2283,2994,2696,1447,1758,1241,1359,1518
Dock11,206,423,314,418,419,207,249,170,148,229
Dock2,17,52,15,21,43,29,13,15,24,27
Dock3,1382,2983,2839,2936,3497,2385,1620,1894,946,1552
Dock4,4043,9356,7024,8968,9254,4184,3828,3286,2627,3452
Dock5,25,26,37,42,31,14,14,26,10,20
Dock6,60,131,113,129,146,68,103,71,54,98
Dock7,438,986,838,990,983,651,464,528,333,477
Dock8,48,106,117,111,124,68,65,26,39,47
Dock9,824,2483,1810,2306,2535,1273,910,767,581,846
Dohh,87,480,428,447,501,128,153,136,75,125
Dok1,7,21,12,26,33,5,12,10,2,12
Dok2,5,4,9,15,14,5,8,4,4,3
Dok3,56,116,122,144,169,76,78,68,35,66
Dok4,19,93,80,79,74,30,30,19,20,18
Dok5,92,186,231,225,268,180,138,169,68,124
Dok6,1737,3591,2823,3543,3754,2732,2176,1896,1730,2093
Dok7,19,82,76,75,91,26,22,32,13,29
Dolk,52,210,231,218,173,72,73,54,52,52
Dolpp1,24,119,98,124,107,28,33,35,25,32
Donson,14,102,79,98,114,25,38,29,13,22
Dopey1,254,745,595,762,811,484,359,335,243,360
Dopey2,326,901,814,861,903,430,421,420,248,367
Dot1l,159,575,422,595,625,210,228,195,147,222
Dpagt1,77,253,194,210,230,109,132,109,70,88
Dpcd,112,393,412,409,446,121,143,139,53,106
Dpep2,13,9,12,16,15,1,7,12,5,6
Dpf1,372,574,515,611,548,312,356,334,156,238
Dpf2,135,719,487,554,659,206,296,251,118,260
Dpf3,396,574,597,673,710,346,391,221,351,308
Dph1,116,229,184,205,149,89,96,77,40,47
Dph2,29,140,126,137,136,55,54,62,28,51
Dph3,78,301,290,285,332,124,132,151,45,107
Dph5,180,472,419,528,438,220,231,206,99,179
Dph6,262,639,522,572,629,307,244,357,201,228
Dph7,206,438,355,466,409,306,277,284,121,225
Dpm1,0,6,14,9,16,0,0,0,0,0
Dpm2,269,1351,1044,1183,1344,419,496,502,249,399
Dpm3,94,390,428,448,501,183,134,133,73,85
Dpp10,859,2077,1879,1759,2855,2804,1246,2314,501,1232
Dpp3,72,257,187,249,265,97,110,105,58,96
Dpp4,24,61,66,60,76,30,41,94,24,32
Dpp6,2275,4647,3892,4947,5153,3723,2479,2252,1903,2404
Dpp7,114,530,302,388,509,179,205,202,101,227
Dpp8,180,507,417,470,531,283,217,236,166,205
Dpp9,62,250,199,254,233,93,76,76,45,84
Dppa1,0,5,10,7,6,0,0,0,0,0
Dpy19l1,39,184,195,162,207,72,34,82,34,48
Dpy19l2,7,37,29,24,29,10,16,15,6,7
Dpy19l3,149,273,264,337,256,135,129,133,78,92
Dpy19l4,138,314,255,230,289,209,140,166,90,132
Dpy30,221,686,659,728,664,384,369,482,234,300
Dpyd,1008,2026,1498,1831,1856,1154,1086,793,844,1071
Dpys,11,14,7,13,14,10,9,10,2,6
Dpysl2,672,2188,1652,1806,2017,699,977,756,455,705
Dpysl3,143,387,311,327,378,223,183,148,88,153
Dpysl4,53,369,288,336,381,122,130,115,63,138
Dpysl5,62,191,170,152,228,146,77,63,27,92
Dqx1,0,32,33,32,24,3,1,5,2,7
Dr1,41,152,111,135,136,37,53,32,20,29
Dram1,37,87,92,104,129,80,68,60,24,45
Dram2,164,411,360,319,386,198,200,178,142,189
Drap1,163,566,409,418,586,268,222,247,141,190
Draxin,4,8,7,9,12,3,1,1,1,4
Drc1,131,311,327,346,349,243,235,214,100,214
Drc7,9,35,45,22,34,13,23,12,14,16
Drd1,0,24,14,10,29,15,13,14,4,9
Drd3,19,16,14,23,17,12,10,24,7,10
Drd5,16,51,58,75,66,10,18,10,6,6
Drg1,1454,3779,3562,3887,3517,2012,2160,2168,1106,1756
Drg2,73,258,223,210,286,108,93,99,47,89
Drosha,64,218,166,220,201,117,96,96,51,96
Drp2,73,186,186,227,262,114,90,110,46,72
Dsc2,23,42,59,66,85,48,35,54,14,27
Dsc3,8,15,25,26,36,28,2,17,0,6
Dscam,1909,3554,3288,3696,4444,3048,2130,2028,1397,2104
Dscaml1,961,2443,2092,2325,2345,1721,1113,858,717,986
Dscr3,69,253,183,196,226,113,74,88,45,69
Dse,60,139,116,149,165,64,60,55,53,52
Dsel,28,111,78,100,145,42,62,28,31,19
Dsg2,19,59,68,67,73,51,27,23,12,23
Dsg3,8,15,11,9,8,6,8,6,4,11
Dsn1,3,18,10,9,14,5,3,6,4,6
Dsp,65,118,77,99,110,69,84,76,69,65
Dst,1097,2808,2019,2347,2656,1435,1232,1181,695,1273
Dstn,231,692,574,603,701,235,257,230,123,221
Dstyk,266,466,399,501,507,316,277,283,191,228
Dtd1,541,1168,1114,1189,1194,585,544,612,335,460
Dtd2,28,120,110,113,112,27,34,39,23,28
Dthd1,0,7,10,5,5,0,0,0,0,0
Dtl,6,23,12,24,22,19,6,26,1,11
Dtna,1314,3014,2672,2707,3130,1040,1425,1335,811,1272
Dtnb,1474,2437,1935,2272,2349,1626,1557,1444,988,1182
Dtnbos,1137,2591,2046,2253,2204,895,1487,1409,753,1056
Dtnbp1,166,566,476,442,650,314,234,272,146,191
Dtwd1,34,128,127,140,153,70,68,50,31,43
Dtwd2,48,92,70,77,117,46,37,49,35,30
Dtx1,97,222,236,218,254,85,83,97,35,67
Dtx2,55,95,81,86,85,47,41,44,14,41
Dtx3,1775,8462,6768,8600,9340,3054,4303,3331,1900,3609
Dtx3l,10,29,23,28,30,12,11,15,10,13
Dtx4,60,211,193,197,209,97,64,72,38,61
Dtymk,93,419,374,423,473,146,135,147,76,156
Dubr,11,31,37,54,45,26,15,16,8,15
Dupd1,0,0,0,0,0,0,1,2,1,1
Dus1l,66,414,272,335,334,169,188,119,74,159
Dus2,212,432,362,362,404,216,210,247,127,154
Dus3l,310,1407,968,1068,1316,495,609,554,269,536
Dus4l,98,196,216,215,230,153,114,137,76,101
Dusp1,49,216,223,164,160,123,102,136,49,106
Dusp10,20,52,50,47,43,22,21,19,13,12
Dusp11,166,482,355,478,505,126,176,195,100,164
Dusp12,281,633,494,740,558,490,412,381,176,343
Dusp13,2,15,5,7,11,2,5,2,0,0
Dusp14,35,148,205,184,173,49,57,80,33,28
Dusp15,94,400,314,232,378,141,173,180,76,161
Dusp16,45,83,83,95,90,68,47,76,29,54
Dusp18,83,212,183,231,197,90,109,95,52,68
Dusp19,0,0,0,0,0,0,0,0,0,0
Dusp2,3,14,15,19,29,6,5,13,6,4
Dusp22,92,274,240,245,275,151,106,110,60,94
Dusp23,81,172,150,160,179,114,100,117,69,86
Dusp26,26,124,141,118,137,57,44,71,10,43
Dusp27,1,9,24,11,12,3,6,3,0,0
Dusp28,21,82,90,77,115,32,25,31,19,27
Dusp3,298,539,361,430,536,222,288,323,158,246
Dusp4,3,18,12,6,15,6,5,6,0,0
Dusp5,15,56,56,77,53,28,15,26,6,16
Dusp6,48,190,156,188,144,38,82,49,21,71
Dusp7,12,46,62,53,58,25,15,21,8,18
Dusp8,33,167,190,188,181,63,74,54,21,39
Dusp9,0,6,7,3,2,0,0,0,0,0
Dut,110,318,280,292,286,99,125,121,65,85
Duxbl1,0,0,0,7,6,0,0,4,1,1
Dvl1,38,301,191,296,292,107,85,83,64,110
Dvl2,121,516,397,410,441,203,201,152,103,155
Dvl3,71,169,112,150,166,134,121,94,58,55
Dxo,113,468,315,356,376,187,248,186,107,181
Dydc1,0,6,4,0,0,0,0,0,0,0
Dydc2,28,73,54,44,91,43,17,43,10,24
Dym,304,814,624,708,862,551,341,341,234,311
Dync1h1,531,1500,1233,1264,1410,706,579,583,328,563
Dync1i1,1177,2835,2393,2733,3070,2090,1478,1682,1029,1375
Dync1i2,688,1673,1459,1732,1733,898,815,749,463,635
Dync1li1,453,871,628,726,732,390,534,405,257,383
Dync1li2,508,1083,959,978,1056,461,467,556,235,378
Dync2h1,357,828,751,889,1031,581,435,470,304,417
Dync2li1,28,91,117,107,128,44,55,26,22,40
Dynll1,754,5296,5842,5742,6301,1129,1523,1072,686,1172
Dynll2,135,925,982,956,1138,203,209,175,120,174
Dynlrb1,211,1206,1351,1267,1447,312,392,364,196,288
Dynlrb2,47,48,173,50,91,23,94,25,30,29
Dynlt1a,5,65,62,66,73,19,34,23,5,8
Dynlt1c,14,40,32,41,43,24,20,19,8,14
Dynlt1f,5,27,29,21,28,9,20,5,5,9
Dynlt3,102,459,512,521,477,169,198,156,77,159
Dyrk1a,214,479,421,449,491,285,202,188,134,206
Dyrk1b,14,51,41,40,66,18,11,18,14,16
Dyrk2,0,0,0,9,4,11,0,0,0,0
Dyrk3,71,224,199,236,166,111,101,92,45,70
Dysf,17,33,19,29,40,24,15,13,9,17
Dytn,10,9,17,10,12,3,7,5,5,2
Dyx1c1,0,4,7,2,4,0,0,0,0,0
Dyx1c1Ccpg1,40,87,95,69,87,39,56,49,32,39
Dzank1,311,702,679,670,797,472,283,392,140,281
Dzip1,162,430,412,460,520,271,144,198,94,151
Dzip1l,60,164,155,166,208,67,86,84,34,61
Dzip3,678,2053,1683,1970,2108,1315,1182,1202,656,862
E030013I19Rik,0,8,8,5,7,0,0,0,0,0
E030030I06Rik,3,12,3,2,7,1,1,1,2,1
E030037K01Rik,0,0,0,0,0,0,0,0,0,0
E130006D01Rik,9,13,20,9,19,12,8,9,6,2
E130012A19Rik,11,56,48,41,54,27,15,21,3,7
E130102H24Rik,101,279,284,331,322,260,184,196,91,123
E130111B04Rik,23,35,47,55,40,23,25,17,16,23
E130114P18Rik,119,300,243,201,305,84,184,128,67,123
E130116L18Rik,0,0,0,0,0,0,0,0,0,0
E130218I03Rik,0,0,0,0,0,0,0,0,0,0
E130304I02Rik,16,26,26,24,38,21,11,16,10,3
E130308A19Rik,189,474,387,461,566,328,303,266,154,284
E130309D02Rik,29,108,109,135,122,37,41,42,20,43
E130309D14Rik,99,163,161,198,171,147,111,122,61,78
E130311K13Rik,41,152,103,102,148,41,46,47,19,37
E230001N04Rik,69,113,93,91,150,93,79,103,49,59
E230025N22Rik,9,14,14,19,22,8,0,8,0,0
E2f1,20,44,40,43,42,38,26,29,10,27
E2f2,3,10,9,16,11,4,2,4,1,4
E2f3,87,274,242,278,291,194,150,100,84,121
E2f4,65,299,209,216,293,101,149,113,66,129
E2f5,42,96,97,122,106,43,70,59,36,58
E2f6,34,102,96,78,135,39,34,36,21,27
E330009J07Rik,83,256,276,270,278,175,116,139,65,103
E330010L02Rik,0,8,8,6,0,3,0,0,0,0
E330013P04Rik,33,60,50,39,62,10,39,20,17,28
E330023G01Rik,1,0,0,0,0,0,0,0,0,0
E430018J23Rik,6,30,24,34,34,4,10,7,4,10
E430024P14Rik,48,125,106,109,122,70,46,47,23,35
E430025E21Rik,123,352,269,289,320,205,113,148,93,106
E4f1,162,900,609,751,857,296,364,332,165,273
E530001K10Rik,43,57,88,84,59,29,55,38,9,27
Eaf1,18,49,39,42,38,21,20,23,9,16
Eaf2,254,593,572,587,551,222,365,329,152,244
Eapp,221,401,347,454,434,187,222,184,128,146
Ear1,0,6,5,7,3,0,0,2,5,2
Ears2,41,83,60,91,86,43,54,35,9,37
Ebag9,40,124,105,145,157,41,29,38,28,33
Ebf1,111,212,232,184,220,246,237,169,133,305
Ebf2,4,0,0,14,2,3,0,0,0,0
Ebf3,3,0,0,2,7,3,4,2,3,1
Ebf4,108,321,240,248,331,166,125,135,74,111
Ebi3,2,15,19,31,20,6,9,12,1,9
Ebna1bp2,154,552,441,484,533,199,235,305,134,193
Ebp,59,245,203,247,210,72,90,78,51,70
Ebpl,82,286,280,284,303,87,86,83,70,74
Ecd,249,528,344,421,478,190,231,257,120,210
Ece1,73,230,198,196,202,123,95,93,43,100
Ece2,207,562,461,494,512,268,278,260,181,246
Ecel1,0,13,7,10,17,0,6,1,1,7
Ech1,178,644,470,477,579,190,281,239,158,215
Echdc1,478,1239,1000,1118,1141,410,602,664,336,452
Echdc2,208,868,654,886,930,303,337,374,212,338
Echdc3,6,9,17,7,10,4,4,6,2,11
Echs1,136,398,333,327,393,124,133,153,96,124
Eci1,100,263,285,264,278,96,121,138,80,86
Eci2,102,277,255,251,283,71,108,107,57,117
Ecm1,15,71,60,71,59,27,38,29,20,44
Ecm2,32,86,80,64,57,45,63,25,26,54
Ecscr,10,26,22,15,26,20,26,19,17,41
Ecsit,461,1050,732,1237,963,831,753,757,473,616
Ect2,2,10,9,9,6,3,3,7,5,1
Ect2l,16,24,37,22,30,11,13,18,9,22
Eda,236,600,515,552,577,336,287,259,179,312
Eda2r,5,9,7,6,8,6,4,2,2,9
Edar,0,3,6,3,3,0,0,0,0,0
Edaradd,23,41,38,48,57,28,41,22,13,27
Edc3,134,312,245,294,352,101,138,125,58,139
Edc4,49,307,208,243,270,111,87,107,55,90
Edem1,37,132,104,110,131,60,52,45,28,54
Edem2,116,444,318,350,400,149,146,157,76,140
Edem3,195,491,398,420,445,245,181,221,136,168
Edf1,338,1471,1301,1305,1594,524,567,575,318,542
Edil3,859,2228,1847,1847,2563,1381,1098,1107,800,1226
Edn1,6,31,12,19,22,28,28,17,10,26
Edn3,4,10,9,21,9,12,9,7,4,20
Ednra,24,41,42,48,50,14,17,25,9,17
Ednrb,115,273,252,224,215,39,85,68,28,59
Edrf1,57,104,92,107,103,40,45,43,32,43
Eea1,172,436,406,440,493,283,236,228,144,216
Eed,100,298,218,245,332,129,139,150,92,114
Eef1a1,637,3026,3305,3066,3329,720,757,712,422,714
Eef1a2,201,544,480,400,719,335,318,342,141,234
Eef1b2,115,462,425,432,450,126,127,119,70,132
Eef1d,86,464,377,366,487,146,144,120,83,129
Eef1e1,96,358,310,317,345,81,120,101,59,88
Eef1g,293,884,922,895,950,337,323,302,186,283
Eef2,321,1583,1411,1393,1548,353,484,413,210,482
Eef2k,230,479,478,456,531,301,201,270,138,212
Eef2kmt,20,65,54,34,71,18,25,23,15,17
Eefsec,1021,2741,2456,2655,2808,2117,1759,2196,1355,1284
Eepd1,100,217,163,222,216,126,107,113,85,92
Efcab1,69,135,144,168,142,78,133,84,31,59
Efcab10,8,38,61,48,47,8,22,10,2,4
Efcab11,21,27,31,29,24,8,16,9,12,14
Efcab12,20,50,43,57,77,57,36,29,13,30
Efcab14,212,597,443,542,579,322,257,321,185,245
Efcab2,155,260,233,250,275,119,136,138,73,115
Efcab3,14,25,15,18,18,8,14,12,4,7
Efcab5,63,113,106,121,142,74,76,75,34,59
Efcab6,80,164,178,188,207,181,102,176,32,89
Efcab7,55,98,77,82,93,50,55,43,35,58
Efcab9,5,20,18,15,10,15,10,12,5,7
Efcc1,36,56,64,65,81,70,37,66,16,30
Efemp1,44,218,162,163,145,31,59,51,31,47
Efemp2,24,212,138,130,183,29,51,41,26,45
Efhb,22,33,28,23,27,9,22,17,13,13
Efhc1,10,10,17,8,20,7,10,6,8,2
Efhc2,32,60,62,57,71,30,32,28,32,36
Efhd1,16,56,85,47,80,15,22,14,12,20
Efhd2,104,465,431,406,496,177,197,194,74,135
Efna1,23,61,63,52,73,33,27,30,23,34
Efna2,20,93,106,108,96,30,37,27,18,21
Efna3,92,498,443,449,446,137,198,179,71,125
Efna4,0,9,5,9,6,0,1,5,3,3
Efna5,405,1174,862,958,1137,747,309,628,179,387
Efnb1,13,75,66,70,51,25,28,27,16,21
Efnb2,43,174,163,158,173,84,56,69,29,60
Efnb3,209,893,817,1001,818,361,474,300,231,300
Efr3a,352,1196,1058,1226,1413,866,414,560,279,469
Efr3b,432,1246,1079,1135,1338,765,688,548,377,599
Efs,25,88,75,66,87,20,35,22,9,23
Eftud1,135,299,239,296,246,149,130,129,73,118
Eftud2,565,1151,883,1012,1041,515,545,525,336,449
Egf,27,48,32,44,58,14,13,20,11,18
Egfem1,3561,8459,6492,7331,9180,5401,3348,4150,2650,4097
Egfl6,37,50,48,81,60,24,22,32,12,21
Egfl7,0,0,0,0,0,0,0,0,0,0
Egfl8,49,154,145,152,139,70,64,79,33,56
Egflam,21,38,21,30,46,29,25,23,12,27
Egfr,87,222,149,181,204,57,110,74,50,85
Egfros,0,0,0,0,0,0,0,0,0,0
Egln1,131,228,195,214,241,133,107,115,61,117
Egln2,82,441,357,393,432,150,145,136,97,141
Egln3,12,29,24,23,33,11,9,7,4,11
Egr1,25,111,172,144,73,40,28,59,11,18
Egr2,0,11,9,5,2,0,6,7,0,0
Egr3,0,7,8,3,8,0,0,0,0,0
Egr4,121,277,311,297,130,97,125,200,53,54
Ehbp1,921,2085,1604,1935,2331,1189,1027,938,672,909
Ehbp1l1,58,292,217,234,251,117,122,130,77,106
Ehd1,55,211,244,261,204,71,74,61,45,60
Ehd2,42,106,69,93,88,50,48,58,39,77
Ehd3,65,221,166,219,212,66,71,61,45,53
Ehd4,40,58,42,33,60,73,47,31,23,38
Ehhadh,129,125,104,143,125,46,80,111,67,81
Ehmt1,687,1411,1109,1293,1418,704,803,662,461,725
Ehmt2,115,494,376,440,457,204,203,202,100,182
Ei24,268,882,642,665,729,322,359,321,165,290
Eid1,77,376,346,351,518,286,146,129,116,113
Eid2,1,23,15,37,38,10,10,6,5,3
Eid2b,27,92,83,83,92,35,49,27,15,39
Eif1,732,3058,3052,3079,3481,1159,1378,1176,711,1174
Eif1a,72,156,183,200,224,76,67,54,23,37
Eif1ad,58,211,196,163,242,83,81,97,55,89
Eif1ax,76,222,196,247,237,86,88,83,35,68
Eif1b,285,1357,1319,1400,1607,477,459,484,276,408
Eif2a,363,501,629,721,604,307,458,481,199,338
Eif2ak1,143,290,205,245,214,154,138,134,83,110
Eif2ak2,17,54,32,33,40,7,20,18,22,25
Eif2ak3,76,202,173,174,228,119,84,95,50,56
Eif2ak4,212,419,346,357,450,262,243,237,125,161
Eif2b1,125,328,284,287,289,126,171,179,85,128
Eif2b2,100,279,217,263,244,110,146,113,54,102
Eif2b3,245,443,378,453,433,294,302,242,168,201
Eif2b4,330,961,760,831,899,614,553,560,320,468
Eif2b5,108,327,283,287,300,136,160,158,96,144
Eif2d,227,521,510,534,612,283,279,320,171,254
Eif2s1,68,227,253,242,230,90,94,74,48,71
Eif2s2,221,1194,1289,1338,1396,466,470,370,255,373
Eif2s3x,56,167,171,133,182,95,88,83,56,87
Eif2s3y,709,1057,1469,1820,1820,864,867,864,564,684
Eif3a,130,412,322,414,413,173,178,177,90,165
Eif3b,44,238,184,209,267,68,74,65,40,74
Eif3c,118,359,368,385,385,143,161,137,79,95
Eif3d,49,289,303,259,251,82,93,86,55,84
Eif3e,115,341,418,395,380,162,151,130,77,140
Eif3f,167,708,594,632,645,221,259,240,146,233
Eif3g,73,485,405,409,508,148,175,139,75,139
Eif3h,130,526,538,564,584,221,192,182,117,182
Eif3i,127,312,299,268,330,93,110,140,59,122
Eif3j1,171,485,499,525,626,270,247,224,118,205
Eif3j2,17,64,99,100,72,54,33,28,27,28
Eif3k,115,366,356,325,411,117,129,103,61,133
Eif3l,29,192,167,156,206,29,41,34,24,48
Eif3m,61,198,173,177,199,78,58,51,30,57
Eif4a1,507,2303,1999,2218,2231,715,826,657,492,752
Eif4a2,533,2826,3065,3018,3206,387,745,597,293,616
Eif4a3,98,223,186,182,213,91,84,75,56,85
Eif4b,79,296,271,292,296,75,100,90,40,78
Eif4e,280,936,832,915,942,369,431,376,227,353
Eif4e2,67,246,199,247,263,130,93,110,55,77
Eif4e3,0,0,0,0,0,0,0,0,0,0
Eif4ebp1,12,34,30,34,34,14,7,18,4,13
Eif4ebp2,316,452,380,353,363,253,266,308,154,204
Eif4enif1,122,337,241,318,352,151,147,153,88,134
Eif4g1,618,1800,1028,1395,1686,489,886,708,376,750
Eif4g2,135,625,572,549,627,160,177,168,89,168
Eif4g3,929,1596,1213,1523,1571,1061,920,787,537,751
Eif4h,362,977,960,962,957,287,427,366,188,310
Eif5,306,1006,911,959,1110,369,556,418,204,336
Eif5a,240,1354,1324,1325,1393,343,334,275,172,259
Eif5a2,5,23,33,24,44,5,8,7,8,6
Eif5b,421,1456,1302,1568,1374,699,711,570,404,545
Eif6,75,258,226,204,268,72,97,84,46,84
Elac1,40,104,87,92,121,43,46,54,20,30
Elac2,31,174,130,161,168,52,42,56,29,42
Elavl1,392,896,825,833,856,425,423,370,201,346
Elavl2,478,1315,1197,1269,1514,806,546,557,384,546
Elavl3,1280,2336,2059,2338,2423,1697,1387,1496,796,1124
Elavl4,253,699,594,604,873,451,228,443,144,304
Elf1,114,216,145,148,159,98,123,87,58,105
Elf2,183,362,352,369,377,199,186,162,137,207
Elf4,3,21,9,15,23,11,7,7,11,9
Elf5,0,8,16,5,3,0,0,0,0,0
Elfn1,26,66,81,60,86,36,29,33,7,24
Elfn2,38,177,158,202,149,71,48,33,15,48
Elk1,36,130,123,157,119,41,52,31,12,40
Elk3,80,164,132,133,169,110,104,76,93,99
Elk4,65,151,125,131,171,60,59,71,40,72
Ell,218,571,326,378,379,250,251,251,132,191
Ell2,186,403,354,361,468,281,160,229,87,168
Elmo1,235,457,477,514,695,435,313,323,201,344
Elmo2,83,314,229,324,375,94,111,114,84,108
Elmo3,1,14,12,8,19,2,2,6,3,0
Elmod1,1364,2578,2135,2574,2670,1480,1173,1404,852,1023
Elmod2,37,76,75,71,93,29,32,35,20,23
Elmod3,65,175,108,172,153,51,53,56,38,66
Elmsan1,121,203,156,145,186,123,117,118,93,98
Eln,43,106,102,115,104,49,41,49,31,54
Elof1,95,413,389,429,478,131,163,104,96,131
Elovl1,30,182,149,144,185,49,67,51,34,72
Elovl2,13,60,45,41,61,12,19,24,5,23
Elovl4,165,666,580,546,469,190,249,250,97,150
Elovl5,117,674,502,423,526,150,206,140,67,143
Elovl6,197,617,567,607,582,476,261,227,171,238
Elovl7,43,123,116,77,116,69,55,53,39,82
Elp2,153,461,387,454,428,213,202,205,109,181
Elp3,61,208,211,199,230,99,70,89,49,67
Elp4,380,925,774,876,1069,532,490,442,333,489
Elp5,184,647,659,651,762,297,225,263,143,188
Elp6,212,269,306,348,405,367,233,370,193,168
Emb,101,316,301,334,371,211,180,211,72,162
Emc1,0,27,37,33,38,0,0,0,0,0
Emc10,433,2296,2182,2151,2018,650,671,555,344,453
Emc2,159,490,418,474,552,191,175,176,106,162
Emc3,350,944,851,951,879,425,442,429,220,325
Emc4,83,752,721,750,754,117,148,140,82,104
Emc6,77,533,578,558,587,159,175,150,93,133
Emc7,190,1171,999,984,987,218,248,196,150,206
Emc8,0,0,0,0,0,0,0,0,0,0
Emc9,120,366,325,269,353,112,120,155,81,115
Emcn,73,132,124,94,145,123,106,78,94,152
Emd,87,336,331,292,302,102,150,130,58,110
Eme1,19,13,10,14,10,1,8,6,1,9
Eme2,18,68,40,45,55,11,24,13,15,36
Emg1,212,857,661,823,896,355,418,358,222,313
Emid1,58,127,126,110,132,49,82,55,32,58
Emilin1,2,21,20,22,27,9,9,5,8,5
Emilin2,18,30,21,21,24,17,23,15,7,13
Eml1,217,428,433,452,503,371,232,311,120,233
Eml2,411,1009,870,931,1085,641,540,532,306,463
Eml3,30,70,52,59,66,24,41,51,26,47
Eml4,390,1048,731,910,907,569,521,419,334,437
Eml5,775,2095,1772,2197,2124,1085,978,919,629,891
Eml6,1389,3709,2818,3671,3808,2431,1732,1489,1056,1630
Emp1,5,14,10,8,13,5,5,1,4,4
Emp2,79,218,232,211,196,64,143,88,63,134
Emp3,8,27,12,27,26,10,15,16,11,17
Emsy,217,693,642,829,751,438,339,282,178,308
Emx1,19,33,67,56,54,31,16,26,11,11
Emx2,56,100,100,127,91,17,60,31,23,32
Emx2os,111,275,229,263,249,99,119,106,77,91
Enah,752,1999,1736,2038,2059,1293,1130,943,584,938
Enc1,76,356,488,484,406,106,95,78,57,45
Endod1,40,198,167,161,176,51,40,34,28,42
Endog,91,283,277,274,323,79,154,146,61,135
Endou,3,24,4,15,43,10,6,11,5,21
Endov,93,205,144,149,179,107,90,99,57,62
Eng,53,164,130,153,131,132,129,82,82,201
Engase,16,71,62,78,72,23,18,44,16,22
Enho,49,249,261,169,290,65,55,81,41,66
Enkd1,42,158,129,151,178,55,88,73,38,78
Enkur,27,57,113,60,82,24,70,35,29,34
Eno1,288,1773,1486,1531,1629,382,552,422,239,358
Eno1b,4,926,870,851,1100,9,20,21,10,11
Eno2,253,998,814,783,1317,155,180,233,71,189
Eno3,4,24,27,29,32,13,7,15,7,8
Eno4,33,72,83,55,88,34,45,32,17,37
Enoph1,30,165,176,185,213,67,50,47,24,55
Enox1,1655,3529,2910,3356,3640,2494,1621,1460,1182,1515
Enox2,183,301,279,312,318,200,181,164,152,161
Enpep,3,13,18,10,17,8,17,8,4,6
Enpp1,2,8,10,11,16,11,7,9,5,3
Enpp2,165,501,535,450,476,157,178,181,91,151
Enpp3,12,10,6,8,8,6,12,11,9,8
Enpp4,23,130,119,109,103,28,37,18,11,39
Enpp5,82,723,651,627,596,125,150,104,60,84
Enpp6,15,40,57,30,44,10,19,18,5,23
Ensa,235,735,810,763,852,336,272,292,165,204
Enthd1,11,9,5,8,0,8,6,2,2,10
Enthd2,47,142,88,122,120,67,72,59,35,46
Entpd1,27,75,56,37,71,30,32,26,35,37
Entpd2,0,0,0,0,0,0,0,0,0,0
Entpd3,41,104,100,99,138,94,55,82,33,50
Entpd5,39,172,139,148,164,63,64,62,24,48
Entpd6,198,558,470,524,539,289,235,246,119,194
Entpd7,99,167,125,156,154,75,83,74,57,70
Eny2,167,480,405,536,523,223,242,235,127,179
Eogt,33,110,101,83,143,54,50,35,43,76
Ep300,418,685,527,588,711,468,448,440,281,372
Ep400,382,793,648,791,773,523,410,421,272,418
Epas1,89,224,225,202,245,160,128,88,89,183
Epb41,163,339,376,289,439,268,158,250,80,204
Epb41l1,451,1243,1017,1231,1219,828,550,514,348,506
Epb41l2,84,304,206,204,270,131,92,104,78,128
Epb41l3,367,1102,1028,1048,1253,701,459,535,216,454
Epb41l4a,29,62,54,54,67,30,48,20,15,32
Epb41l4aos,39,141,111,121,147,55,53,55,23,35
Epb41l4b,108,284,272,344,344,241,142,143,81,116
Epb41l5,69,186,102,108,157,59,86,90,59,101
Epc1,358,718,656,715,797,403,361,335,231,336
Epc2,90,177,179,193,228,141,90,94,73,101
Epcam,0,10,5,0,6,0,0,0,0,0
Epdr1,101,616,520,509,537,154,119,108,74,115
Epg5,118,208,155,171,205,143,83,90,62,81
Epha1,2,0,0,0,0,0,0,0,0,0
Epha10,657,1316,1081,1160,1183,899,636,671,334,492
Epha3,692,1477,1315,1584,1984,1105,798,818,620,766
Epha4,984,2322,2170,2615,2431,1364,953,949,875,947
Epha5,2283,6272,6300,7896,7934,4670,3332,3562,2287,3073
Epha6,8657,19468,16955,20630,20191,10938,9380,9257,6675,8618
Epha7,2665,5033,3562,4859,5164,1869,2397,2648,2166,2203
Epha8,4,10,9,14,10,8,3,12,3,6
Ephb1,216,390,389,417,461,299,197,206,151,177
Ephb2,162,396,378,407,434,358,183,216,132,193
Ephb3,34,118,99,92,84,32,34,32,14,26
Ephb4,9,26,23,21,24,3,7,8,6,8
Ephb6,40,264,221,234,275,95,65,91,38,66
Ephx1,35,109,111,100,106,45,52,43,33,31
Ephx2,51,185,141,126,154,49,63,43,22,51
Ephx3,8,3,7,2,3,4,3,9,9,2
Ephx4,134,518,548,493,578,269,168,242,102,154
Epm2a,173,254,237,275,257,131,116,148,111,126
Epm2aip1,32,157,168,159,177,63,49,44,29,59
Epn1,218,973,803,861,1033,284,284,283,157,273
Epn2,705,1159,1059,1188,1179,752,732,509,382,519
Epn3,0,7,3,5,6,0,0,0,0,0
Epo,504,800,527,847,711,716,728,547,471,433
Epor,29,97,93,91,124,14,49,34,24,34
Eprs,126,578,430,586,482,207,220,165,115,162
Eps15,345,1066,820,952,969,373,338,346,205,363
Eps15l1,658,1277,728,883,1068,392,584,530,263,527
Eps8,129,310,266,226,324,113,110,62,57,112
Eps8l1,15,22,12,12,42,20,9,27,4,25
Eps8l2,32,92,94,165,120,61,42,31,22,47
Eps8l3,9,12,11,8,19,6,5,1,3,7
Epsti1,23,41,15,21,35,23,33,12,19,35
Ept1,135,257,259,256,238,146,149,155,64,125
Epyc,0,0,0,0,0,0,0,0,0,0
Eqtn,2,14,15,16,5,2,3,5,6,6
Eral1,53,157,118,148,164,42,61,44,27,53
Erap1,34,61,41,49,60,26,28,32,16,23
Erbb2,4,18,12,7,8,4,3,1,2,4
Erbb2ip,186,563,393,327,614,236,254,199,186,269
Erbb3,22,27,25,13,27,16,23,18,7,15
Erbb4,2449,5158,4076,4515,5812,3697,3003,2547,1787,2341
Erc1,615,1484,1249,1424,1624,967,719,662,520,790
Erc2,4247,7633,6309,9171,8948,5642,4062,4165,3437,4273
Ercc1,205,561,474,516,532,257,312,381,156,253
Ercc2,38,241,165,201,235,74,88,65,43,65
Ercc3,6,76,56,81,63,32,21,17,9,20
Ercc4,37,110,98,116,115,56,49,60,39,59
Ercc5,81,189,185,226,211,97,76,84,58,94
Ercc6,76,196,159,230,203,89,79,67,72,92
Ercc6l2,110,267,202,252,321,132,85,156,82,119
Ercc8,77,141,128,143,133,82,73,58,43,58
Erdr1,376,431,360,446,524,159,270,400,104,252
Erf,82,190,170,186,216,93,101,115,66,77
Erg,44,93,111,101,131,59,55,68,42,75
Ergic1,396,964,945,997,847,532,482,410,238,344
Ergic2,260,721,569,593,671,363,289,306,202,303
Ergic3,179,770,681,577,671,208,226,163,108,210
Erh,198,934,991,971,1108,291,343,290,179,278
Eri1,21,46,53,59,60,35,40,24,15,37
Eri2,115,163,142,167,171,108,83,121,53,66
Eri3,264,980,768,846,1099,410,323,276,187,314
Erich1,53,107,104,148,146,89,75,60,52,54
Erich2,15,17,30,23,22,13,28,10,4,10
Erich3,38,73,89,67,65,30,30,33,22,22
Erich5,13,33,5,30,30,6,15,16,9,8
Erich6,25,18,30,36,22,9,19,28,6,12
Erlec1,184,706,474,467,600,229,246,223,118,215
Erlin1,254,491,440,510,494,297,275,274,147,211
Erlin2,42,107,92,106,148,47,29,36,18,45
Ermap,7,0,0,0,0,7,0,0,0,0
Ermard,659,1412,1752,1877,1391,816,1275,1022,490,1033
Ermn,43,188,304,178,269,28,81,32,35,48
Ermp1,56,213,159,182,195,67,76,62,56,56
Ern1,214,410,311,343,360,193,189,205,84,143
Ero1l,68,219,206,228,237,106,66,86,34,56
Ero1lb,114,290,253,301,269,163,155,133,71,112
Erp29,120,783,694,742,680,173,172,141,82,141
Erp44,203,591,540,627,586,239,249,208,132,275
Errfi1,95,239,221,282,258,225,103,117,84,105
Esam,47,173,128,110,182,104,124,84,118,176
Esco1,189,371,287,308,378,199,193,184,103,157
Esd,93,321,316,328,342,91,134,104,68,105
Esf1,381,1049,1023,1356,1220,643,658,546,318,418
Esm1,5,11,8,5,8,5,8,7,2,3
Espl1,3,14,10,17,19,2,8,5,3,4
Espn,20,57,71,48,49,24,25,37,6,15
Esr1,43,92,86,99,82,44,51,32,29,39
Esr2,6,4,11,9,22,12,4,12,2,2
Esrp1,0,5,4,5,8,0,0,0,0,0
Esrra,171,374,291,349,453,276,181,260,105,136
Esrrb,32,26,20,30,35,13,33,32,20,13
Esrrg,500,1054,1019,992,1145,810,576,654,310,442
Esx1,0,6,5,0,5,0,0,0,0,0
Esyt1,14,33,46,40,39,19,29,21,9,17
Esyt2,421,977,802,854,988,641,483,459,294,442
Esyt3,12,31,27,35,39,13,18,6,12,7
Etaa1,28,51,45,58,66,37,43,30,18,32
Etaa1os,12,31,26,23,36,17,17,8,9,10
Etf1,177,422,391,450,409,199,251,203,139,195
Etfa,420,738,604,693,845,311,315,431,252,306
Etfb,0,9,13,11,9,0,0,0,0,0
Etfdh,167,339,289,314,334,199,144,181,90,149
Ethe1,61,134,148,126,152,130,66,89,38,54
Etl4,2049,4584,4328,4418,5690,3859,2045,3055,1022,2184
Etnk1,255,784,748,946,1022,578,301,337,238,328
Etnk2,25,55,54,59,51,39,32,64,12,24
Etnppl,56,61,71,97,101,29,49,27,17,55
Etohi1,22,43,43,45,61,21,22,21,11,19
Ets1,42,136,100,120,124,60,66,42,34,73
Ets2,58,133,126,149,154,74,55,48,25,51
Etv1,313,940,1131,1205,1014,479,476,487,186,321
Etv3,50,135,109,125,134,46,32,38,15,40
Etv4,115,205,219,261,181,67,117,92,46,61
Etv5,199,429,505,399,367,212,231,233,66,145
Etv6,158,481,381,386,451,317,233,214,132,231
Eva1a,51,188,183,176,215,28,42,41,22,62
Eva1b,29,110,60,49,100,46,65,59,58,75
Eva1c,33,65,77,68,79,19,43,43,20,33
Evc,22,65,61,62,58,17,32,23,14,21
Evc2,59,194,137,214,194,64,66,57,39,54
Evi2a,0,0,0,0,0,0,0,0,0,0
Evi5,297,802,682,757,904,476,378,412,194,351
Evi5l,264,557,490,511,563,435,314,353,195,252
Evl,478,1278,1073,1167,1367,727,644,750,328,492
Evpl,7,11,24,7,16,9,11,16,0,11
Ewsr1,570,1603,1320,1638,1780,834,682,681,420,549
Exd1,29,72,38,48,72,27,28,19,13,36
Exd2,340,754,599,860,848,304,357,298,159,327
Exo1,0,7,5,7,5,0,0,0,0,0
Exo5,47,138,108,134,183,63,57,62,29,50
Exoc1,123,364,230,336,353,108,140,135,70,121
Exoc2,134,393,308,369,412,233,174,157,147,155
Exoc3,224,544,485,562,591,458,408,357,232,296
Exoc3l,4,16,9,6,11,2,3,1,6,1
Exoc3l2,6,15,13,15,17,14,5,9,2,5
Exoc3l4,1,19,18,17,20,4,9,5,5,2
Exoc4,1692,3854,3187,3616,4106,2486,2086,1947,1392,2136
Exoc5,216,704,628,681,728,439,397,352,253,359
Exoc6,277,602,528,583,594,376,318,274,187,266
Exoc6b,1145,3221,2419,3096,3387,1973,1532,1338,942,1645
Exoc7,86,211,180,192,202,99,104,91,56,79
Exoc8,79,203,170,189,165,67,92,88,42,63
Exog,45,151,136,127,140,46,50,45,33,36
Exosc1,160,361,301,341,332,167,167,171,97,128
Exosc10,230,671,538,559,593,310,325,303,209,256
Exosc2,114,260,145,195,220,71,97,96,60,100
Exosc3,89,92,235,166,125,88,125,135,73,74
Exosc4,67,331,260,303,325,71,96,109,49,84
Exosc5,37,144,95,107,177,57,62,53,28,48
Exosc7,123,415,373,453,479,221,196,204,121,156
Exosc8,72,229,178,207,213,94,100,121,69,99
Exosc9,67,187,156,145,163,77,80,72,40,62
Exph5,11,31,28,28,29,31,15,32,9,16
Ext1,1090,2966,2431,2968,2922,1969,1380,1599,777,1354
Ext2,189,592,452,553,506,259,226,207,144,187
Extl1,127,243,229,337,283,134,142,186,68,85
Extl2,92,413,339,361,342,54,80,78,45,66
Extl3,239,401,436,431,430,216,221,236,141,190
Eya1,197,458,364,406,411,97,163,151,105,145
Eya2,12,34,44,59,47,26,29,33,15,10
Eya3,187,456,398,397,480,293,220,208,153,228
Eya4,109,234,191,168,246,82,105,111,80,103
Ezh1,224,591,479,548,594,295,255,208,141,200
Ezh2,168,250,201,237,289,152,180,177,99,155
Ezr,42,194,217,154,263,46,96,57,37,65
F11r,24,95,54,59,87,55,41,27,25,51
F12,12,41,28,25,37,14,18,31,5,18
F13a1,23,76,54,72,73,38,39,25,14,40
F2,0,96,51,65,83,0,0,0,0,0
F2r,0,19,12,13,12,5,7,4,2,6
F2rl2,51,90,74,93,78,20,69,52,31,36
F3,214,1583,1147,1162,1465,69,276,258,112,300
F420014N23Rik,28,56,31,33,84,43,49,46,31,24
F5,47,33,35,46,38,18,59,38,19,48
F630040K05Rik,19,36,25,19,20,8,12,6,7,13
F8,80,79,67,79,67,67,61,53,27,41
F830045P16Rik,10,19,10,18,15,17,16,21,5,9
F8a,16,66,82,73,101,19,25,33,11,26
F930015N05Rik,1,5,6,2,7,4,3,5,6,2
FRMPD2,19,51,97,29,24,5,18,13,13,9
Fa2h,95,218,223,167,196,92,158,75,73,93
Faah,591,1782,1356,1775,1575,996,1015,788,485,691
Faap100,90,312,236,257,321,114,152,94,62,112
Faap20,76,175,176,164,198,63,57,77,53,71
Faap24,8,30,34,28,31,18,18,16,7,13
Fabp12,5,9,2,10,5,8,5,6,3,5
Fabp3,57,180,184,188,212,64,49,65,25,41
Fabp3-ps1,23,265,279,231,290,41,30,37,31,29
Fabp5,150,863,828,715,976,188,247,192,89,191
Fabp7,49,511,460,387,505,37,89,62,32,52
Fadd,6,11,6,10,12,2,3,3,4,4
Faddos,20,27,34,36,52,14,7,18,4,11
Fads1,228,580,450,496,523,217,209,238,104,190
Fads2,172,326,267,258,254,116,177,110,75,129
Fads3,39,181,130,96,170,83,81,75,43,57
Fads6,30,94,84,83,91,29,44,40,27,34
Faf1,807,1726,1352,1509,1781,1045,923,944,567,935
Faf2,363,853,668,686,720,413,430,391,236,374
Fah,56,211,116,116,199,44,52,72,33,56
Fahd1,64,170,151,179,182,59,57,95,43,56
Fahd2a,54,258,158,148,191,56,93,90,53,71
Faim,164,478,400,458,464,219,224,179,126,159
Faim2,252,1653,1686,1517,1503,404,353,332,171,286
Fam101a,7,12,1,3,5,0,0,0,0,0
Fam101b,29,51,47,54,66,58,50,13,27,42
Fam102a,35,114,111,100,131,43,35,28,23,36
Fam102b,29,60,49,54,66,32,27,28,23,29
Fam103a1,85,531,554,640,580,133,185,147,68,126
Fam104a,140,417,435,451,420,200,186,185,104,159
Fam105a,420,1055,750,901,813,310,426,470,242,323
Fam107a,79,397,273,288,475,118,140,92,56,177
Fam107b,42,169,118,155,131,49,61,44,38,38
Fam109a,6,52,42,61,56,13,7,12,4,10
Fam110a,8,37,26,35,37,18,7,14,9,24
Fam110b,214,604,504,546,668,360,238,267,176,224
Fam111a,71,179,181,169,173,123,127,197,76,102
Fam114a1,17,35,28,31,35,15,11,15,3,8
Fam114a2,99,283,226,310,278,129,126,124,76,134
Fam117a,62,107,84,89,117,51,42,31,39,44
Fam117b,443,834,625,738,788,411,374,412,261,340
Fam118a,167,294,268,284,311,178,193,199,121,145
Fam118b,178,403,291,364,386,214,226,172,133,180
Fam120a,196,618,503,649,602,386,334,299,179,329
Fam120aos,76,307,254,220,297,112,147,146,67,119
Fam120b,568,1689,1423,1543,1531,819,777,868,399,703
Fam120c,312,654,536,627,730,409,348,360,228,339
Fam122a,0,0,0,0,0,0,0,0,0,0
Fam122b,0,13,10,8,17,0,3,7,2,7
Fam124a,39,115,82,80,87,62,46,52,21,36
Fam126a,130,661,463,490,662,192,241,139,107,158
Fam126b,573,1014,884,1092,1098,627,698,641,409,576
Fam129a,28,50,39,33,47,26,26,25,19,30
Fam129b,38,118,96,94,117,71,55,42,36,55
Fam129c,18,56,32,47,34,25,29,32,19,18
Fam131a,510,1141,1119,1263,1099,444,530,594,350,380
Fam131b,14,122,99,99,113,17,11,22,10,10
Fam131c,4,5,8,14,18,1,4,13,1,2
Fam132a,179,610,526,536,557,316,400,455,171,281
Fam133b,338,1089,1161,1415,1201,683,642,476,298,462
Fam134a,220,799,650,695,720,252,304,294,125,217
Fam134b,107,308,302,283,300,134,112,86,73,85
Fam134c,226,436,370,457,474,286,234,269,138,225
Fam135a,391,844,684,808,870,425,407,466,261,390
Fam135b,1145,2861,2416,2769,2814,1726,1265,1085,872,1138
Fam136a,50,163,178,143,192,52,53,40,36,35
Fam13a,412,1065,794,1057,1254,729,556,785,459,590
Fam13b,389,700,642,616,759,490,441,448,248,365
Fam13c,843,1380,1174,1282,1306,815,665,734,594,543
Fam149a,20,27,37,19,33,12,20,10,15,13
Fam149b,114,282,200,274,286,200,119,130,89,134
Fam150b,37,65,81,99,81,53,83,69,44,47
Fam151a,2,9,5,7,3,7,8,1,1,3
Fam151b,14,27,24,31,31,14,11,7,3,15
Fam155a,5455,12453,10923,13880,14866,9456,6090,5592,4562,6005
Fam159b,0,8,10,5,9,1,0,0,0,0
Fam160a1,0,0,0,0,0,0,0,0,0,0
Fam160a2,71,265,241,270,289,159,106,112,62,100
Fam160b1,33,99,67,82,91,37,32,27,21,36
Fam160b2,92,239,154,190,247,146,106,86,53,90
Fam161a,16,25,40,17,30,10,15,14,9,11
Fam161b,45,115,109,139,174,80,85,62,24,68
Fam162a,215,522,436,446,455,219,220,197,117,162
Fam163a,80,112,102,123,121,76,81,47,28,61
Fam163b,128,470,399,428,410,148,162,218,129,162
Fam166a,0,0,0,0,0,0,0,0,0,0
Fam166b,36,38,89,38,53,0,71,38,20,44
Fam167a,11,20,11,11,19,6,8,5,6,10
Fam167b,2,18,2,9,22,7,1,5,3,6
Fam168a,1302,2956,2408,2771,2618,1805,1667,1358,892,1421
Fam168b,191,491,554,567,609,521,344,440,211,255
Fam169a,221,351,293,351,367,154,202,207,97,148
Fam169b,8,11,8,7,6,1,7,4,2,6
Fam171a1,233,519,457,540,562,314,244,263,169,249
Fam171a2,238,637,480,471,618,320,341,378,197,221
Fam171b,642,2010,1842,2028,1980,783,869,833,456,670
Fam172a,976,2329,1955,2207,2318,1545,1261,1282,904,1233
Fam173a,841,2663,2121,2044,2419,1292,1461,1605,898,1297
Fam173b,17,70,61,63,71,19,19,29,11,21
Fam174a,124,607,530,633,543,161,167,157,93,128
Fam174b,36,125,99,147,144,41,40,36,26,36
Fam175a,85,282,210,283,274,128,102,107,56,65
Fam175b,203,486,471,512,470,218,215,209,107,156
Fam177a,144,252,467,508,268,73,199,160,97,114
Fam178a,470,1017,739,1103,1085,450,546,531,248,427
Fam178b,10,11,6,9,7,12,12,9,6,6
Fam179a,22,65,79,58,66,26,31,21,17,21
Fam179b,186,467,368,463,514,252,261,217,162,222
Fam180a,0,0,0,12,4,0,0,0,0,0
Fam181a,12,55,31,25,32,6,15,12,10,18
Fam181b,26,166,171,147,171,32,63,38,29,49
Fam183b,29,64,205,68,111,21,67,15,16,26
Fam184a,208,532,469,544,628,306,266,244,120,235
Fam184b,104,224,188,175,193,99,90,100,52,68
Fam185a,70,122,97,134,132,104,70,70,54,60
Fam186a,6,23,22,19,25,12,12,8,7,11
Fam186b,7,12,10,6,11,9,2,2,0,6
Fam188a,250,687,580,684,776,319,278,249,251,281
Fam188b,98,225,226,262,240,98,118,94,52,102
Fam189a1,1822,4366,3270,3723,3929,2881,2032,1762,1155,1642
Fam189a2,18,62,55,48,65,52,26,24,21,24
Fam189b,258,958,761,1072,1071,386,449,397,182,344
Fam192a,59,178,175,173,213,59,54,58,37,63
Fam193a,434,795,702,831,938,660,501,432,313,454
Fam193b,192,662,540,635,754,337,236,219,146,211
Fam195a,31,137,126,115,136,47,46,65,30,29
Fam195b,181,608,540,571,638,289,282,274,147,187
Fam196a,20,40,44,46,33,33,17,15,8,19
Fam196b,12,26,17,23,27,21,13,10,7,11
Fam198a,19,62,57,50,58,11,15,6,2,14
Fam198b,13,35,51,48,49,12,15,13,10,14
Fam199x,46,107,99,107,136,80,28,63,33,47
Fam19a1,5998,15697,14019,17451,15117,9050,7815,7067,5956,6200
Fam19a2,2013,3066,2391,2948,3532,2502,1819,1690,1639,1959
Fam19a4,21,17,12,18,19,13,10,10,6,10
Fam19a5,253,647,598,696,771,397,340,241,204,297
Fam204a,74,212,199,214,253,91,85,90,48,66
Fam205c,1,0,0,0,0,0,5,4,6,1
Fam206a,44,68,62,74,77,71,35,61,36,37
Fam207a,45,135,131,151,143,65,74,59,39,54
Fam208a,281,567,488,589,646,418,371,408,251,430
Fam208b,205,502,449,504,506,308,257,247,113,252
Fam20a,72,257,273,245,244,54,86,70,29,82
Fam20b,187,460,415,500,545,218,164,179,106,124
Fam20c,87,236,208,171,214,120,73,91,52,64
Fam21,217,593,452,568,707,240,246,191,120,216
Fam210a,40,147,128,120,152,75,46,49,38,49
Fam210b,173,459,371,381,402,259,261,283,183,175
Fam212a,15,105,98,82,95,39,26,21,27,48
Fam212b,177,369,402,403,356,235,204,188,110,166
Fam213a,309,1193,1172,1288,1271,663,471,496,256,288
Fam213b,64,289,294,235,293,64,98,86,37,65
Fam214a,252,575,478,677,683,315,244,251,165,234
Fam214b,112,508,334,387,481,78,153,166,65,144
Fam216a,144,498,498,520,540,216,257,224,139,203
Fam216b,32,22,51,22,22,8,40,14,19,26
Fam217a,5,0,0,3,3,1,4,6,1,4
Fam217b,11,41,54,59,55,16,11,11,8,6
Fam219a,411,998,907,924,1002,648,472,492,289,426
Fam219aos,0,13,8,7,8,1,0,0,0,0
Fam219b,73,147,122,140,143,55,64,84,29,59
Fam220a,353,824,589,666,868,509,435,413,269,342
Fam221a,1,11,12,7,15,3,2,5,1,6
Fam221b,1,0,0,0,0,4,0,0,0,0
Fam222a,15,24,33,23,40,24,15,18,13,12
Fam222b,694,1060,952,958,960,558,602,520,342,515
Fam227a,126,207,216,217,218,160,139,125,75,117
Fam227b,24,77,55,74,73,33,40,32,18,22
Fam228a,59,158,173,184,174,65,71,67,50,63
Fam228b,64,89,95,98,108,55,67,61,43,79
Fam229a,0,5,5,4,9,0,0,0,0,0
Fam229b,192,407,384,415,444,217,228,241,118,167
Fam234a,201,378,274,232,301,127,187,152,87,139
Fam234b,110,363,306,346,340,126,111,127,75,102
Fam26e,12,48,53,50,49,18,17,20,21,9
Fam26f,0,6,3,3,0,0,0,0,0,0
Fam32a,90,519,394,387,443,144,167,118,72,124
Fam35a,137,225,152,197,246,79,104,122,63,86
Fam3a,81,310,263,271,313,127,138,176,66,116
Fam3b,8,7,5,10,5,3,7,2,3,3
Fam3c,220,541,457,510,484,189,253,228,136,184
Fam43a,15,38,35,56,50,14,28,20,18,23
Fam43b,13,83,87,89,88,25,19,43,8,21
Fam45a,263,442,371,418,465,283,254,285,176,225
Fam46a,11,33,36,28,27,22,29,16,14,14
Fam46c,1,22,3,3,20,7,1,2,1,9
Fam46d,11,17,13,13,23,7,14,7,6,8
Fam47e,13,12,13,8,16,5,10,6,2,4
Fam49a,301,634,632,645,718,447,322,369,180,283
Fam49b,804,2088,1505,1603,1979,882,1277,1107,602,1295
Fam50a,151,408,309,364,408,264,267,240,150,239
Fam53a,61,237,208,213,220,69,88,82,46,75
Fam53b,0,0,0,0,0,0,0,0,0,0
Fam53c,37,140,136,163,156,63,40,40,29,29
Fam57a,152,311,235,295,294,177,139,139,70,143
Fam57b,760,3413,2285,2879,3039,1145,1400,1674,973,1129
Fam58b,26,163,173,167,185,47,48,32,33,36
Fam60a,7,30,15,17,22,7,10,3,2,9
Fam63a,45,125,85,86,125,62,59,41,36,67
Fam63b,377,675,493,528,733,367,327,342,169,330
Fam65a,67,395,281,305,342,127,119,147,63,98
Fam65b,562,1284,994,1241,1224,720,657,501,320,506
Fam65c,0,0,0,0,9,0,0,0,0,0
Fam69a,510,1143,925,982,1082,555,701,615,361,539
Fam69b,105,794,676,700,683,167,182,170,84,146
Fam69c,15,66,44,51,43,4,19,12,9,14
Fam71d,16,66,57,68,60,47,52,38,29,31
Fam71e1,71,156,118,138,156,73,71,88,32,42
Fam71e2,1,0,0,0,0,0,0,0,0,0
Fam71f1,12,0,0,0,0,0,2,3,3,1
Fam71f2,3,14,13,13,3,6,4,8,7,3
Fam72a,2,15,7,15,8,3,3,2,1,2
Fam73a,153,373,319,352,391,286,179,203,101,158
Fam73b,318,809,661,699,752,460,447,426,218,314
Fam76a,370,539,503,584,587,269,263,345,153,261
Fam76b,55,142,133,176,213,107,73,71,48,61
Fam78a,10,20,28,26,38,18,5,13,7,7
Fam78b,84,174,150,189,208,179,89,98,65,79
Fam81a,205,296,402,411,395,317,173,272,112,179
Fam81b,12,15,24,18,32,6,11,13,6,10
Fam83b,3,9,10,13,33,31,6,20,1,11
Fam83d,0,7,9,5,5,2,4,4,0,4
Fam83e,2,0,0,0,0,1,0,0,0,0
Fam83g,8,15,13,21,10,9,7,3,5,2
Fam83h,0,6,3,3,2,0,0,0,0,0
Fam84a,29,131,118,161,158,21,33,43,27,17
Fam84b,9,26,32,23,31,7,6,9,8,10
Fam89a,4,13,8,11,18,6,7,4,4,6
Fam89b,0,8,9,6,12,0,10,1,0,4
Fam8a1,56,158,158,213,179,135,156,83,88,83
Fam92a,163,451,391,466,469,247,188,227,127,175
Fam96a,43,143,144,148,173,48,44,43,30,52
Fam96b,94,327,292,307,388,119,153,160,83,143
Fam98a,292,824,668,675,730,522,394,487,280,292
Fam98b,53,124,127,151,145,59,43,39,23,37
Fam98c,121,544,478,478,637,231,259,290,127,185
Fan1,63,163,134,154,174,49,53,59,29,80
Fanca,12,18,20,9,27,13,18,8,8,9
Fancb,6,12,7,14,21,8,6,1,9,3
Fancc,82,153,156,140,166,91,114,89,59,80
Fancd2,66,179,118,135,146,99,106,67,36,61
Fance,129,364,262,305,378,161,181,199,83,146
Fancf,0,11,3,4,8,0,0,0,0,0
Fancg,57,221,160,186,195,71,64,72,35,60
Fanci,14,9,10,14,16,7,12,6,3,4
Fancl,72,163,126,132,205,88,53,74,47,57
Fancm,47,93,75,105,104,66,55,45,27,48
Fank1,38,79,107,71,76,41,40,31,12,35
Fap,6,15,11,11,25,30,10,20,2,12
Far1,302,762,606,854,870,473,350,362,197,301
Far1os,135,302,265,358,325,142,168,166,79,122
Far2,247,531,470,498,484,250,268,293,163,237
Far2os1,52,98,105,141,84,98,92,68,50,61
Far2os2,12,42,27,32,31,9,13,14,9,5
Farp1,703,1891,1411,1484,1977,893,678,723,312,782
Farp2,104,328,308,288,284,135,201,79,80,101
Fars2,589,1151,927,1033,1144,638,612,540,384,514
Farsa,362,1080,804,995,990,505,546,477,335,509
Farsb,210,525,444,566,586,314,201,210,142,209
Fas,17,80,36,42,94,47,41,20,25,83
Fasn,29,240,176,147,239,34,55,39,25,49
Fastk,316,1404,976,1031,1254,403,544,662,307,494
Fastkd1,46,84,67,74,77,52,31,35,24,36
Fastkd2,32,130,87,127,139,72,43,37,27,48
Fastkd3,9,81,60,79,86,29,22,27,15,19
Fastkd5,0,0,0,0,0,0,0,0,0,0
Fat1,51,129,146,135,134,62,39,52,30,45
Fat2,0,0,0,0,0,0,0,0,0,0
Fat3,693,1749,1981,1642,2082,1182,739,1024,570,803
Fat4,99,213,204,247,224,135,106,116,91,120
Fau,39,446,449,394,558,66,72,59,44,56
Faxc,193,343,309,351,366,178,162,171,71,109
Fbf1,83,264,207,249,264,116,96,115,63,93
Fbl,196,486,361,336,393,204,256,233,137,175
Fblim1,23,52,23,48,51,40,53,26,32,28
Fbll1,5,47,43,38,42,15,11,3,4,8
Fbln1,23,139,105,128,102,16,38,25,17,22
Fbln2,42,121,108,110,131,59,36,45,13,66
Fbln5,3,22,20,37,21,6,7,9,2,11
Fbln7,11,23,46,27,39,4,25,8,7,10
Fbn1,45,104,90,108,135,65,32,49,27,33
Fbn2,179,513,363,493,513,311,220,188,86,210
Fbp1,14,10,18,29,28,16,16,10,5,13
Fbrs,52,214,166,204,184,87,74,60,34,70
Fbrsl1,182,609,484,560,638,263,232,195,117,196
Fbxl12,111,235,255,224,265,218,125,157,78,108
Fbxl12os,61,114,120,119,122,45,43,56,20,50
Fbxl13,21,80,95,93,92,23,36,30,17,23
Fbxl14,8,40,38,42,46,5,9,4,3,10
Fbxl15,185,562,486,525,484,259,323,334,144,205
Fbxl16,0,0,0,0,0,0,0,0,0,0
Fbxl17,663,1867,1667,1889,2234,1613,860,851,681,960
Fbxl18,83,218,160,223,229,97,86,77,53,87
Fbxl19,109,346,257,290,340,135,132,123,71,84
Fbxl2,362,1011,863,979,948,634,479,484,281,406
Fbxl20,517,947,816,908,954,608,548,562,289,408
Fbxl21,7,18,18,14,18,5,1,10,6,2
Fbxl22,0,5,6,5,8,1,0,0,0,0
Fbxl3,61,259,232,254,351,110,85,100,58,114
Fbxl4,71,158,149,152,191,58,48,76,38,54
Fbxl5,259,745,585,612,944,545,590,536,305,350
Fbxl6,254,872,705,787,998,290,382,385,212,359
Fbxl7,273,785,700,815,894,494,455,382,335,405
Fbxl8,13,35,21,22,41,17,14,16,13,13
Fbxo10,604,1487,1159,1214,1265,1060,831,992,555,726
Fbxo11,884,1589,1330,1645,1644,760,908,760,498,686
Fbxo15,1,7,7,3,8,0,0,0,0,0
Fbxo16,35,137,115,123,131,55,57,63,31,46
Fbxo17,27,50,54,51,49,21,27,39,16,22
Fbxo18,127,416,333,383,418,128,137,154,61,118
Fbxo2,119,922,794,685,1079,172,252,298,112,198
Fbxo21,318,872,751,820,839,494,403,414,229,306
Fbxo22,51,196,182,215,225,82,73,58,31,61
Fbxo24,2,0,0,0,0,2,0,0,0,0
Fbxo25,121,476,424,486,470,189,223,194,136,122
Fbxo27,134,682,450,544,523,223,300,299,173,219
Fbxo28,153,306,298,313,342,202,150,160,105,164
Fbxo3,120,330,304,308,406,218,171,192,93,139
Fbxo30,71,144,106,116,146,34,83,63,33,63
Fbxo31,168,549,530,557,593,198,182,187,84,160
Fbxo32,29,68,61,46,68,25,30,26,22,31
Fbxo33,166,408,295,314,443,251,287,269,142,149
Fbxo34,324,691,667,758,679,404,350,330,298,301
Fbxo36,169,293,283,240,310,159,191,164,81,131
Fbxo38,303,776,807,895,831,577,455,480,273,295
Fbxo4,42,117,122,114,155,66,70,67,48,59
Fbxo41,170,437,411,482,485,346,227,197,141,187
Fbxo42,518,812,611,657,734,411,416,399,222,387
Fbxo44,191,770,585,567,752,249,272,329,107,224
Fbxo45,72,123,113,119,117,67,66,39,22,39
Fbxo46,117,167,117,136,132,78,86,95,49,69
Fbxo47,32,33,43,57,52,20,21,39,18,15
Fbxo5,4,13,10,11,22,3,9,4,3,7
Fbxo6,39,151,124,132,155,50,58,54,32,42
Fbxo7,55,172,185,188,188,77,71,76,48,56
Fbxo8,103,370,266,304,409,139,95,110,64,104
Fbxo9,189,445,419,481,475,142,199,182,94,156
Fbxw10,9,36,25,19,29,7,11,12,11,1
Fbxw11,660,979,776,966,941,551,490,428,347,497
Fbxw15,2,0,0,3,4,4,6,3,0,2
Fbxw17,26,114,106,121,155,78,54,63,28,41
Fbxw2,438,1085,885,985,1243,479,473,492,213,439
Fbxw21,7,0,0,0,0,0,0,0,0,0
Fbxw22,0,0,0,0,0,0,0,0,0,0
Fbxw4,296,681,569,620,722,811,392,435,397,388
Fbxw5,184,1094,746,952,1036,275,418,302,158,308
Fbxw7,277,715,700,713,778,438,334,324,194,255
Fbxw8,112,293,263,317,373,242,126,124,95,131
Fbxw9,65,304,202,225,275,125,124,155,70,120
Fcer1g,23,316,79,99,306,84,40,33,32,113
Fcer2a,35,58,63,55,56,49,45,80,24,33
Fcf1,313,783,681,680,822,518,442,541,278,335
Fcgr1,2,22,7,8,18,12,5,9,9,5
Fcgr2b,3,39,12,13,30,13,3,3,6,31
Fcgr3,6,121,29,35,103,26,12,3,5,21
Fcgrt,86,199,166,170,193,145,150,111,119,209
Fcho1,250,1152,671,734,958,327,418,473,191,367
Fcho2,499,1251,967,1166,1241,491,724,545,299,596
Fchsd1,7,78,49,44,49,20,14,11,6,15
Fchsd2,707,1475,1216,1291,1343,744,889,709,383,733
Fcnaos,23,67,47,42,100,27,36,38,17,24
Fcor,88,235,256,314,296,169,170,132,68,67
Fcrl1,0,7,1,2,3,0,3,2,1,0
Fcrl5,6,10,5,6,18,7,6,10,2,5
Fcrla,22,786,1037,939,1147,16,32,20,5,16
Fcrls,11,56,23,18,64,20,12,8,15,18
Fdft1,255,721,543,592,702,427,406,397,219,267
Fdps,0,10,9,8,9,0,0,0,0,0
Fdx1,19,172,168,135,178,22,41,47,26,43
Fdx1l,121,568,450,482,552,201,181,205,98,155
Fdxacb1,41,118,89,112,102,23,39,37,20,32
Fdxr,100,341,254,272,339,153,176,134,89,148
Fech,95,209,159,188,207,117,75,98,56,68
Fem1a,19,87,74,81,100,39,33,24,10,32
Fem1b,87,170,165,171,165,111,106,70,43,71
Fem1c,231,254,173,175,235,128,167,174,119,150
Fen1,14,63,39,37,42,6,13,5,13,5
Fendrr,3,4,6,1,6,4,1,0,1,3
Fer,224,540,493,554,580,350,252,281,177,256
Fer1l5,0,0,0,0,0,0,0,0,0,0
Fermt1,26,55,47,63,55,69,32,76,10,20
Fermt2,489,1024,937,1080,1032,471,639,461,313,508
Fermt3,37,83,41,46,88,68,55,39,31,38
Fes,6,31,14,13,38,20,14,11,13,13
Fez1,614,1501,1455,1649,1768,684,733,789,400,543
Fez2,44,189,191,200,238,66,64,66,41,60
Fezf2,163,657,600,671,552,242,338,242,76,218
Fgd1,87,183,149,158,149,104,107,82,74,78
Fgd2,31,72,30,27,48,45,44,50,30,45
Fgd3,14,38,42,42,69,31,22,16,18,17
Fgd4,610,1044,873,995,1142,501,612,523,350,523
Fgd5,22,38,33,29,41,24,22,13,22,40
Fgd6,52,125,118,101,111,33,66,42,28,55
Fgf1,104,184,160,176,182,75,96,94,38,47
Fgf10,216,451,313,491,431,250,290,192,221,252
Fgf11,21,91,79,94,101,39,36,36,12,32
Fgf12,562,1271,1081,1376,1622,1411,713,836,446,772
Fgf13,605,1679,1215,1376,1764,941,688,734,723,683
Fgf14,7749,16604,13783,17069,19409,13246,9562,10082,6986,9903
Fgf16,4,7,4,11,9,1,0,0,0,0
Fgf18,10,23,19,12,18,12,11,11,9,7
Fgf2,20,39,22,29,44,13,17,14,4,16
Fgf20,54,156,153,133,193,122,79,112,43,58
Fgf22,0,12,9,2,11,0,0,0,0,0
Fgf23,0,8,4,2,9,0,0,0,0,0
Fgf2os,13,9,13,9,10,9,5,11,3,2
Fgf5,51,97,86,93,95,62,70,63,50,39
Fgf7,8,12,20,22,31,5,12,2,11,4
Fgf9,41,117,120,112,121,59,52,53,39,28
Fgfbp1,0,0,0,16,3,0,15,5,0,0
Fgfbp3,79,155,147,133,129,65,72,90,31,57
Fgfr1,313,828,659,781,711,290,331,218,155,289
Fgfr1op,57,162,130,139,174,107,88,74,50,68
Fgfr1op2,346,752,654,757,758,313,354,356,198,227
Fgfr2,2184,5736,5085,5593,5389,2094,2804,2301,1220,2007
Fgfr3,82,365,268,294,361,30,106,81,29,87
Fgfr4,3,12,13,11,10,15,2,5,3,6
Fgfrl1,9,82,46,35,52,3,11,6,5,11
Fggy,141,341,290,270,316,136,153,163,76,107
Fgl1,3,0,0,0,0,4,8,7,2,5
Fgl2,0,8,1,7,5,0,0,0,0,0
Fgr,5,9,4,2,12,12,9,6,6,5
Fh1,41,209,210,227,240,49,70,60,19,48
Fhad1,123,165,165,177,179,112,131,127,67,90
Fhad1os2,11,14,10,12,7,8,8,11,5,7
Fhdc1,4,11,11,7,16,7,0,0,0,0
Fhit,696,2001,1574,1515,1887,820,941,865,565,718
Fhitos,5,68,8,18,35,9,11,7,7,9
Fhl1,125,524,392,507,460,137,185,134,76,136
Fhl2,135,294,340,330,340,194,139,207,80,103
Fhl3,2,0,0,0,0,3,0,0,0,0
Fhl4,0,0,0,6,8,0,0,0,0,0
Fhl5,2,8,7,10,7,5,8,2,3,2
Fhod1,4,43,16,22,25,8,15,10,12,13
Fhod3,80,209,216,194,291,347,77,228,37,95
Fibcd1,126,421,378,429,321,80,90,85,42,76
Fibin,6,12,13,27,14,4,7,5,4,2
Fibp,263,916,784,867,957,478,486,493,244,431
Ficd,4,49,51,51,69,10,13,10,2,12
Fig4,154,343,296,293,315,160,144,124,87,124
Figf,28,71,54,54,63,30,19,12,15,20
Fign,84,133,155,126,151,124,162,105,59,92
Fignl1,0,0,0,0,9,1,3,4,0,2
Fignl2,0,4,5,7,7,2,0,0,0,0
Filip1,130,185,207,206,261,145,120,161,135,104
Filip1l,81,224,168,172,175,89,120,91,60,81
Fip1l1,187,493,464,477,546,263,211,214,128,232
Fis1,136,740,748,707,866,134,196,149,121,225
Fitm2,20,102,102,100,101,39,42,32,22,23
Fiz1,127,304,303,309,312,201,214,205,117,166
Fjx1,147,733,631,529,595,71,207,182,72,112
Fkbp10,15,79,48,43,60,9,24,7,10,16
Fkbp11,7,14,13,19,18,5,8,12,6,5
Fkbp14,24,91,78,83,113,39,43,25,29,23
Fkbp15,193,431,336,358,387,204,145,171,93,149
Fkbp1a,576,2833,3201,3455,3219,754,869,659,406,613
Fkbp1b,25,137,122,134,125,24,29,36,16,23
Fkbp2,294,1141,1056,1064,1390,590,540,470,227,408
Fkbp3,168,791,962,1039,1038,255,256,237,147,213
Fkbp4,176,859,734,738,746,292,477,259,158,340
Fkbp5,473,933,675,911,938,340,443,356,234,384
Fkbp6,3,8,8,19,4,1,4,3,2,5
Fkbp7,23,74,50,66,70,25,27,21,16,27
Fkbp8,575,2446,1693,1826,2290,799,942,954,481,777
Fkbp9,33,151,130,107,138,37,56,50,23,48
Fkbpl,14,76,67,89,85,22,19,21,16,20
Fkrp,41,145,161,192,153,131,56,75,53,46
Fktn,210,412,369,370,486,223,191,216,144,198
Flad1,145,264,175,218,232,111,108,111,64,88
Flcn,52,327,232,334,384,72,129,98,45,90
Fli1,34,116,64,73,96,71,68,41,54,90
Flii,107,287,220,243,293,148,169,148,77,134
Flna,46,330,253,269,310,105,86,89,57,113
Flnb,372,1182,911,1150,1181,683,494,430,299,434
Flnc,7,25,27,23,30,10,6,2,7,10
Flot1,213,1032,770,799,969,498,393,430,217,440
Flot2,278,499,432,484,473,297,265,295,145,194
Flrt1,60,205,246,216,244,144,108,95,53,64
Flrt2,311,649,678,693,844,712,362,495,289,393
Flrt3,178,533,426,480,475,282,296,248,211,225
Flt1,209,454,387,421,513,508,462,308,345,759
Flt3,146,251,205,238,288,145,124,182,91,104
Flt3l,54,190,116,158,183,81,82,77,53,72
Flt4,4,8,11,13,18,8,4,1,5,12
Flywch1,257,564,572,659,651,369,300,342,137,186
Flywch2,26,96,101,84,135,35,34,33,17,31
Fmn1,370,975,863,806,1059,541,339,490,272,372
Fmn2,891,1930,1556,1964,2214,1611,1194,999,730,1212
Fmnl1,218,1047,721,879,888,367,522,356,185,361
Fmnl2,1081,2361,1791,2078,2238,1303,1391,872,693,1217
Fmnl3,55,59,57,54,87,43,54,42,35,76
Fmo1,9,33,28,31,34,21,18,23,10,28
Fmo2,8,10,10,15,11,27,17,11,20,55
Fmo4,0,0,0,0,0,0,0,0,0,0
Fmo5,18,33,28,27,50,15,22,18,11,30
Fmod,2,10,16,36,14,8,0,0,0,0
Fmr1,186,429,347,415,384,237,248,249,161,210
Fmr1nb,1,5,5,1,4,5,0,1,2,3
Fn1,40,196,147,247,242,157,107,98,75,161
Fn3k,69,186,206,169,205,111,70,101,40,62
Fn3krp,91,70,52,65,55,29,26,29,18,16
Fnbp1,819,1275,1173,1086,1371,774,790,668,464,638
Fnbp1l,92,297,297,318,444,277,139,206,51,148
Fnbp4,244,594,427,567,553,223,196,202,114,186
Fndc1,40,158,128,122,155,58,42,38,32,43
Fndc3a,245,646,532,583,625,431,434,344,219,380
Fndc3b,166,496,407,416,470,321,242,214,152,242
Fndc4,316,1497,1096,1233,1445,641,699,711,288,525
Fndc5,74,188,162,202,227,128,89,110,55,54
Fndc7,5,20,14,23,15,26,13,6,3,5
Fndc8,5,7,26,15,15,9,9,10,2,5
Fndc9,453,1191,1069,1255,1299,910,646,715,422,585
Fnip1,542,1364,1081,1291,1474,803,745,694,416,655
Fnip2,293,605,430,467,545,308,331,258,153,285
Fnta,121,392,364,394,485,143,129,157,74,145
Fntb,274,513,452,567,537,302,320,386,183,268
Focad,593,1464,1172,1449,1648,977,606,726,509,666
Folh1,66,147,113,146,176,28,78,52,25,67
Folr1,18,32,70,38,40,9,36,14,18,22
Folr2,0,0,0,0,0,2,0,0,0,0
Fopnl,143,484,377,425,473,125,199,176,81,147
Fos,60,211,178,115,106,54,66,96,43,74
Fosb,3,17,16,13,9,1,7,3,0,0
Fosl1,13,38,41,45,39,8,24,20,13,10
Fosl2,23,98,105,77,96,33,34,26,13,27
Foxa3,2,6,9,2,4,12,2,6,3,2
Foxc1,8,30,26,31,28,17,13,13,7,13
Foxf1,0,0,0,0,0,0,0,0,0,0
Foxf2,8,36,35,29,16,15,14,11,9,30
Foxg1,40,128,141,205,158,125,54,103,43,40
Foxj1,13,49,87,33,42,7,45,3,8,26
Foxj2,42,70,63,78,86,103,57,81,55,45
Foxj3,268,730,565,635,640,316,369,296,212,329
Foxk1,338,528,448,574,473,287,363,293,202,285
Foxk2,130,290,243,331,322,202,124,142,97,116
Foxn2,233,355,335,365,404,156,193,153,135,165
Foxn3,480,1028,833,969,956,639,594,502,332,535
Foxo1,173,408,339,362,386,157,177,145,117,186
Foxo3,118,231,257,234,281,144,96,100,70,144
Foxo4,4,23,22,26,34,13,10,7,4,11
Foxo6,8,40,38,49,42,41,14,16,19,14
Foxo6os,4,0,0,0,0,5,0,0,0,0
Foxp1,559,1523,1421,1738,1593,988,597,676,384,598
Foxp2,86,113,134,149,153,161,89,159,34,75
Foxp3,0,0,0,0,0,0,0,0,0,0
Foxp4,63,298,191,200,257,123,118,103,48,82
Foxq1,30,58,46,35,37,45,63,46,50,73
Foxr2,0,10,0,4,0,0,0,0,0,0
Foxred1,41,273,198,254,268,81,75,100,48,79
Foxred2,42,112,108,127,117,51,39,48,21,43
Fpgs,49,230,162,213,203,54,110,79,50,62
Fpgt,68,133,165,196,163,56,93,78,55,63
Fpr3,21,30,26,26,35,16,20,10,5,23
Fra10ac1,114,297,264,309,341,157,112,144,72,124
Fras1,252,621,454,548,561,291,249,216,148,182
Frat2,17,92,94,110,97,40,41,36,20,29
Frem1,45,80,69,84,91,35,18,28,18,15
Frem2,32,86,86,61,70,21,27,17,21,35
Frem3,2,19,9,14,25,3,12,8,9,10
Frg1,104,360,375,364,452,190,158,126,89,141
Frk,5,12,6,17,9,7,3,5,7,7
Frmd3,155,331,273,289,362,278,207,273,97,167
Frmd4a,3732,8461,6523,7311,8894,5318,3830,3543,2511,3883
Frmd4b,1137,2395,1685,1983,2125,1241,1561,1119,1193,1454
Frmd5,1027,2299,2092,2031,2553,1596,1180,1179,749,1132
Frmd6,227,451,415,472,476,336,252,280,132,195
Frmd7,11,22,8,20,19,18,12,6,5,11
Frmd8,52,128,117,110,137,44,49,47,26,45
Frmd8os,3,9,8,9,14,10,5,6,3,7
Frmpd1,90,189,133,152,223,72,72,67,56,67
Frmpd1os,12,9,10,8,6,3,5,2,5,5
Frmpd3,157,587,470,512,557,357,247,309,128,253
Frmpd4,4637,11546,9958,11818,12616,8719,5934,5786,4541,6265
Frrs1,34,68,35,41,68,28,20,15,16,42
Frrs1l,164,373,453,498,470,254,173,182,136,150
Frs2,291,553,424,458,436,305,300,307,181,259
Frs3,19,128,102,98,156,1,16,27,2,24
Fry,2385,4030,3292,4012,4395,2595,2387,2325,1454,2252
Fryl,426,1058,790,961,1086,588,475,413,241,421
Frzb,24,119,99,134,84,25,51,25,32,30
Fsbp,0,0,0,0,0,0,0,0,0,0
Fscn1,119,461,422,414,432,144,136,161,46,104
Fscn2,0,9,8,7,9,1,8,1,0,2
Fsd1,438,2091,1472,1720,2065,971,1012,834,390,792
Fsd1l,102,277,277,285,297,145,153,112,64,111
Fsd2,6,11,14,6,12,4,4,8,5,3
Fshr,30,85,58,64,67,29,43,25,17,30
Fsip1,15,16,16,12,14,16,23,13,9,8
Fsip2,7,0,0,0,0,4,3,3,4,7
Fst,16,49,47,35,35,14,14,29,13,13
Fstl1,350,934,780,770,843,545,509,481,221,416
Fstl3,5,32,23,29,37,19,14,28,2,16
Fstl4,467,838,1008,1280,1251,773,564,661,418,490
Fstl5,319,696,580,761,848,521,424,336,288,358
Fth1,3040,21332,19475,18165,24376,4792,5611,4838,4003,7619
Ftl1,583,2988,2232,2281,3241,1312,1227,1090,725,1309
Fto,569,1462,1278,1434,1579,838,596,623,377,531
Ftsj1,113,214,170,175,191,190,151,135,95,140
Ftsj2,22,93,76,73,72,34,21,38,17,22
Ftsj3,27,128,91,129,141,51,57,47,33,46
Ftx,1322,2825,2376,3105,3045,1855,1755,1662,807,1561
Fubp1,772,1872,1539,1835,2021,913,907,973,519,867
Fubp3,207,490,407,485,495,188,247,216,115,200
Fuca1,186,663,463,522,622,321,317,303,188,243
Fuca2,59,281,222,213,246,65,57,62,34,52
Fuk,0,0,0,0,0,0,0,0,0,0
Fundc1,70,179,182,196,197,73,73,57,27,78
Fundc2,25,192,147,138,190,37,53,41,24,46
Fuom,111,437,389,385,485,200,217,263,106,168
Furin,77,168,165,230,182,67,88,79,53,93
Fus,2111,5467,5593,6621,6422,3095,2663,2580,1364,2169
Fut1,70,61,43,80,26,22,79,38,36,62
Fut10,30,50,45,42,48,14,18,25,14,19
Fut11,97,181,135,133,142,95,86,107,38,63
Fut2,5,6,7,5,4,5,6,15,0,0
Fut8,908,1924,1568,1793,1942,927,959,863,614,921
Fut9,674,1670,1642,1491,2134,1312,758,1077,443,924
Fuz,96,348,329,266,330,88,137,141,70,144
Fv1,0,0,0,0,12,0,0,0,0,0
Fxn,76,221,159,177,197,77,92,93,51,59
Fxr1,598,1159,764,1000,1096,550,854,518,397,620
Fxr2,299,630,451,594,629,426,315,264,179,283
Fxyd1,136,1056,605,469,999,203,211,192,143,352
Fxyd2,22,89,76,92,74,19,24,19,7,11
Fxyd3,2,8,5,3,9,3,0,0,0,0
Fxyd4,159,346,199,217,234,109,194,160,103,156
Fxyd5,100,256,187,253,244,193,169,217,86,205
Fxyd6,89,524,608,572,502,131,141,141,48,84
Fxyd7,106,525,534,491,691,276,161,254,132,202
Fyb,20,388,316,318,421,108,74,57,77,96
Fyco1,582,1847,1455,1875,1640,913,849,851,507,715
Fyn,488,1171,974,1231,1253,758,608,501,376,512
Fyttd1,369,845,764,913,886,454,541,474,286,385
Fzd1,7,22,35,43,37,8,10,7,2,4
Fzd10,2,0,0,0,0,0,0,0,0,0
Fzd2,12,62,61,57,60,15,15,22,5,7
Fzd3,198,248,255,225,288,219,238,222,101,171
Fzd4,13,58,27,39,35,19,10,9,6,32
Fzd6,26,51,53,61,65,36,25,19,22,40
Fzd7,1,14,9,14,14,1,0,0,0,0
Fzd8,1,8,8,8,14,3,5,1,6,4
Fzd9,5,100,49,45,69,7,15,12,6,10
Fzr1,80,426,340,351,408,127,149,157,77,120
G0s2,42,185,174,185,249,60,90,65,37,53
G2e3,64,149,150,194,159,101,68,85,45,68
G3bp1,150,475,414,452,384,176,175,143,68,147
G3bp2,174,543,509,633,639,226,197,177,114,174
G430095P16Rik,1,3,5,8,12,1,0,0,0,0
G530012D18Rik,0,0,0,0,0,0,0,0,0,0
G630016G05Rik,22,71,72,94,92,53,30,56,11,41
G630030J09Rik,2,0,0,8,4,1,5,4,4,3
G6pc3,85,567,438,422,469,88,118,137,93,102
G6pdx,51,120,94,81,119,59,68,38,32,45
G730003C15Rik,6,16,20,17,28,10,8,10,5,2
G730013B05Rik,3,5,5,7,3,0,3,1,1,2
G930045G22Rik,2,0,0,0,0,0,6,6,1,3
Gaa,101,979,980,800,773,155,248,130,108,135
Gab1,126,254,216,185,203,74,117,84,86,109
Gab2,316,920,701,744,976,519,450,377,257,465
Gab3,101,179,128,168,221,88,88,108,70,83
Gabarap,231,1143,1082,938,1201,357,383,370,161,359
Gabarapl1,196,926,1117,1070,1027,279,279,230,121,168
Gabarapl2,553,1014,2464,2510,1134,659,908,825,501,676
Gabbr1,738,2609,2375,2327,2376,737,724,727,396,566
Gabbr2,829,2140,1937,2347,2268,1849,1099,961,712,1013
Gabpa,62,100,89,105,108,52,58,40,23,53
Gabpb1,63,172,146,162,206,86,97,113,57,70
Gabpb2,285,469,362,399,444,153,270,241,137,247
Gabra1,473,1550,1413,1493,1474,531,457,584,235,400
Gabra2,1473,3112,2431,3128,3273,1967,1713,1345,1261,1517
Gabra3,124,279,248,275,316,232,120,168,50,139
Gabra4,633,1653,1343,1555,1370,571,551,530,351,440
Gabra5,395,1173,1007,1243,1150,453,396,467,327,374
Gabrb1,4375,11531,8806,10381,12538,6248,5141,4352,3404,5561
Gabrb2,829,1933,1694,1903,2195,1396,1017,1089,713,1035
Gabrb3,3420,7122,6152,7403,7098,5021,3603,3722,2792,3618
Gabrd,138,279,303,259,243,121,145,165,85,109
Gabrg1,63,212,160,155,174,42,65,52,23,51
Gabrg2,470,1250,1110,1315,1247,612,523,643,418,476
Gabrg3,2184,4214,3614,3942,4097,2690,2280,2389,995,1761
Gabrr2,0,15,15,8,10,5,14,4,4,9
Gad1,171,609,666,676,571,174,208,210,111,141
Gad1os,16,34,33,38,33,12,21,17,13,6
Gad2,253,466,379,361,472,223,234,254,158,195
Gadd45a,10,33,59,38,59,16,13,22,9,11
Gadd45b,64,152,172,173,133,83,107,125,38,90
Gadd45g,154,877,559,682,814,219,289,210,129,260
Gadd45gip1,50,357,470,446,503,68,101,88,46,79
Gadl1,4,36,12,19,37,5,2,7,6,10
Gak,390,780,490,598,679,302,384,358,210,323
Gal,0,5,3,5,7,0,0,0,0,0
Gal3st1,43,115,112,61,138,48,63,59,39,58
Gal3st3,342,494,496,512,399,443,334,373,209,199
Galc,141,328,249,317,367,211,126,175,112,149
Gale,46,230,181,180,243,54,85,107,39,75
Galk1,45,180,128,158,171,87,98,112,42,86
Galk2,164,341,246,293,352,153,159,148,115,126
Galm,28,41,54,49,67,31,45,43,20,27
Galns,205,346,330,381,346,202,188,178,114,118
Galnt1,720,1973,1507,1833,1630,312,830,496,223,490
Galnt10,45,71,64,85,75,96,96,66,33,76
Galnt11,188,354,352,410,392,247,179,201,102,151
Galnt12,40,61,59,38,55,65,52,52,15,36
Galnt13,717,1664,1271,1466,1796,1278,948,1113,600,878
Galnt14,225,773,627,675,734,498,275,331,206,332
Galnt15,6,21,7,6,17,7,10,2,2,12
Galnt16,597,1340,1229,1268,1217,801,752,549,360,541
Galnt18,788,1944,1711,2063,2036,1466,901,745,525,820
Galnt3,108,342,279,363,338,203,215,117,107,137
Galnt4,0,0,0,0,0,0,0,0,0,0
Galnt5,2,7,9,6,7,3,3,4,4,2
Galnt6,20,45,46,38,45,6,14,8,5,7
Galnt7,161,375,323,285,328,250,149,145,94,169
Galnt9,214,768,624,693,645,375,285,227,92,212
Galntl6,5815,16148,12405,15451,17162,8892,7150,7554,4169,7318
Galr1,1,7,8,10,6,8,0,0,0,0
Galt,0,0,0,0,0,0,0,0,0,0
Gamt,21,127,113,89,127,30,55,40,33,38
Gan,50,134,93,107,140,70,70,67,47,56
Ganab,70,291,228,269,291,202,149,104,127,171
Ganc,69,117,115,120,143,86,92,81,42,72
Gap43,148,833,832,838,938,419,274,257,97,215
Gapdh,9,94,57,66,103,13,13,11,3,13
Gapdhs,76,143,113,112,117,62,61,57,27,45
Gapvd1,638,1291,1074,1153,1275,713,585,566,350,556
Gar1,41,141,149,156,172,67,46,71,51,51
Garem,708,1784,1552,1804,1649,934,896,693,480,707
Gareml,6,30,27,14,20,9,4,7,0,7
Garnl3,442,921,947,784,1139,745,455,754,199,443
Gars,144,432,372,424,428,188,146,127,70,124
Gart,207,469,393,473,448,340,276,265,133,173
Gas1,16,94,92,92,81,22,53,24,14,23
Gas2,91,169,161,147,217,94,77,107,40,86
Gas2l1,95,371,292,362,437,90,126,105,59,125
Gas2l2,2,9,16,5,5,2,6,0,2,7
Gas2l3,6,26,21,23,29,13,7,4,3,9
Gas6,206,765,720,638,791,284,279,264,140,269
Gas7,495,1339,1178,1186,1402,597,606,532,278,464
Gas8,0,0,0,0,0,0,0,0,0,0
Gata1,0,0,0,0,0,0,4,0,6,2
Gata2,15,25,21,16,36,24,24,11,14,34
Gata4,24,53,31,45,50,46,51,31,21,31
Gatad1,91,186,138,173,176,113,89,89,42,80
Gatad2a,124,164,164,217,225,98,102,92,63,84
Gatad2b,762,1481,1161,1267,1390,773,854,694,451,614
Gatb,65,198,156,152,211,41,51,77,32,61
Gatc,82,178,188,182,165,72,99,94,32,69
Gatm,360,935,945,790,1036,368,615,484,406,652
Gatsl2,224,505,486,507,432,276,292,222,131,198
Gatsl3,23,81,49,47,98,40,44,29,38,62
Gba,19,139,82,106,121,30,29,42,17,47
Gba2,195,782,638,691,767,206,290,311,125,252
Gbas,363,687,655,686,733,410,353,486,241,276
Gbe1,90,220,165,189,206,126,115,138,86,177
Gbf1,862,1811,1504,1684,1643,995,981,869,573,1023
Gbp2,7,47,39,14,44,15,16,9,16,28
Gbp3,8,22,21,12,31,8,7,7,9,23
Gbp4,0,0,0,0,0,0,0,0,0,0
Gbp5,6,13,7,6,16,6,3,6,18,10
Gbp7,9,62,32,29,31,24,18,18,22,44
Gbp8,9,12,5,14,19,2,6,6,3,6
Gbp9,0,0,0,0,0,0,0,0,0,0
Gbx1,1,0,0,0,0,3,7,7,1,5
Gc,18,9,6,7,6,5,23,9,14,12
Gca,40,98,69,82,118,47,53,57,21,39
Gcat,18,113,85,62,120,38,33,29,20,45
Gcc1,4,75,42,56,78,8,10,8,9,13
Gcc2,209,511,493,551,590,399,297,291,184,259
Gcdh,145,459,394,505,540,190,236,203,115,175
Gcfc2,75,173,125,157,155,72,55,88,57,58
Gch1,15,36,24,24,29,48,34,22,22,71
Gchfr,0,4,6,5,7,0,0,0,0,0
Gck,15,65,35,27,49,8,18,23,16,13
Gckr,0,0,0,0,0,0,0,4,0,0
Gclc,81,315,269,323,349,457,132,150,114,147
Gclm,219,2079,2119,1822,2288,185,367,277,116,281
Gcn1l1,313,657,538,622,611,388,383,340,183,303
Gcnt1,2,17,7,6,9,5,4,1,3,2
Gcnt2,118,291,230,255,291,127,158,127,98,116
Gcnt4,12,27,25,14,17,6,2,14,1,7
Gcnt7,242,587,462,546,564,341,344,400,204,250
Gcsh,39,208,228,219,256,42,49,54,24,44
Gda,444,720,670,715,701,374,454,399,246,310
Gdap1,286,948,847,968,995,625,460,590,270,362
Gdap10,0,0,0,0,0,0,0,0,0,0
Gdap1l1,39,261,230,221,254,79,84,73,38,71
Gdap2,108,287,268,289,290,169,104,128,85,111
Gde1,163,1080,1129,1071,988,235,266,254,141,196
Gdf10,2,25,26,38,17,2,6,2,0,0
Gdf11,13,79,68,66,89,14,16,10,11,14
Gdf15,0,6,5,6,4,0,0,0,0,0
Gdf9,8,9,20,20,22,4,9,10,4,10
Gdi1,588,3080,2327,3105,3219,1109,1216,1043,520,976
Gdi2,287,896,771,830,933,310,450,366,203,396
Gdpd1,299,868,712,777,753,402,325,314,178,247
Gdpd2,20,171,109,105,121,20,27,17,15,30
Gdpd3,119,178,180,181,187,91,113,121,75,84
Gdpd4,4,0,0,0,0,4,1,1,1,6
Gdpd5,94,209,231,211,235,114,119,125,63,95
Gdpgp1,47,105,74,67,117,23,29,50,25,30
Gem,9,62,30,41,38,19,13,15,12,39
Gemin2,95,167,164,199,186,82,116,111,72,94
Gemin4,0,0,0,0,0,0,0,0,0,0
Gemin5,116,275,258,299,283,151,135,141,84,102
Gemin6,21,102,96,75,110,19,27,34,16,18
Gemin7,78,351,334,320,406,132,105,83,50,110
Gemin8,64,113,102,105,138,46,57,56,28,48
Gen1,12,26,23,24,27,15,8,13,5,7
Get4,86,385,362,324,432,81,123,160,65,101
Gfap,528,8777,1895,2009,7701,1396,1145,867,1257,3239
Gfer,192,437,325,375,361,143,262,252,79,199
Gfm1,30,128,113,130,154,59,52,44,18,46
Gfm2,324,737,512,740,659,238,284,305,167,239
Gfod1,270,652,579,651,564,486,349,232,185,278
Gfod2,206,577,501,485,575,318,278,248,133,212
Gfpt1,246,635,491,564,533,370,352,364,187,249
Gfpt2,19,41,26,21,31,9,12,21,9,18
Gfra1,188,403,339,391,394,227,171,115,117,190
Gfra2,44,132,124,127,143,77,54,56,38,54
Gfra3,0,4,5,3,4,0,4,2,0,3
Gfra4,228,719,637,580,713,286,334,435,213,258
Gfral,3,0,0,0,0,7,0,0,0,0
Gga1,76,370,300,340,367,139,109,130,78,96
Gga2,118,328,280,278,344,158,125,128,62,117
Gga3,116,567,369,441,541,144,184,153,78,171
Ggact,376,824,711,812,748,383,434,391,228,279
Ggct,43,141,176,150,157,49,43,37,25,38
Ggcx,36,139,118,139,126,34,42,56,18,35
Ggh,39,252,246,173,192,42,62,46,29,42
Ggnbp1,201,441,405,456,437,271,313,270,146,239
Ggnbp2,562,1399,1154,1388,1463,826,695,696,433,645
Ggps1,787,1910,1644,1806,1891,1409,1172,1497,733,984
Ggt1,4,21,9,9,14,6,7,11,6,4
Ggt5,11,13,18,25,27,18,28,9,5,30
Ggt7,468,2079,1718,1967,1996,909,946,801,495,682
Ggta1,18,210,60,42,201,51,31,30,16,95
Ghdc,26,68,62,67,70,53,62,48,19,32
Ghitm,96,589,511,521,548,106,133,113,64,111
Ghr,291,813,707,794,810,346,395,277,217,332
Ghrl,0,0,0,0,0,0,8,10,2,10
Gid4,281,522,377,421,527,203,294,258,156,249
Gid8,68,203,184,217,228,81,91,85,45,63
Gigyf1,178,392,295,353,366,130,172,159,82,133
Gigyf2,748,1489,1236,1396,1425,972,919,847,557,853
Gimap1,0,0,0,0,0,0,0,0,0,0
Gimap4,0,10,4,0,6,0,0,0,0,0
Gimap5,3,14,6,3,5,5,3,2,4,9
Gimap6,34,90,63,67,77,80,73,55,76,165
Gimap8,1,7,6,4,2,4,5,0,3,5
Gimap9,3,18,11,4,4,7,7,4,6,11
Gin1,236,475,371,483,463,294,268,273,147,219
Ginm1,192,531,405,407,473,60,202,221,97,168
Gins1,16,45,33,34,42,10,13,15,10,15
Gins2,12,53,36,39,44,12,15,15,12,12
Gins3,13,45,32,30,39,11,11,16,7,20
Gins4,31,122,136,117,115,30,54,55,30,37
Gipc1,159,406,270,302,363,132,156,157,106,127
Gipc2,7,44,38,28,31,17,18,26,14,12
Gipr,13,38,27,31,39,18,22,12,5,25
Git1,19,187,138,169,200,65,47,52,29,63
Git2,272,536,460,510,545,352,276,296,155,253
Gja1,498,2103,1676,1365,1708,197,719,517,241,595
Gja4,7,23,11,17,17,12,11,6,5,10
Gja5,7,11,9,15,18,9,9,12,2,5
Gjb1,13,56,82,47,81,15,21,8,6,13
Gjb2,3,42,39,37,27,3,17,9,3,7
Gjb6,73,372,282,247,425,39,75,81,35,64
Gjc1,29,41,44,50,73,71,43,40,55,71
Gjc2,7,37,57,36,37,14,16,9,7,10
Gjc3,90,117,133,85,129,74,156,62,37,74
Gjd2,0,17,15,10,14,0,0,0,0,0
Gk,216,468,367,392,447,261,219,201,115,228
Gk5,93,126,103,119,126,65,64,76,49,62
Gkap1,238,640,485,544,618,431,373,281,162,281
Gkn3,32,28,33,49,25,21,34,18,16,16
Gla,18,76,40,53,45,20,13,23,2,17
Glb1,193,326,239,225,273,172,128,169,99,118
Glb1l,48,96,86,80,75,45,53,39,28,39
Glb1l2,5,11,10,9,5,1,8,1,6,2
Glcci1,0,0,0,0,0,0,0,0,0,0
Glce,162,288,282,300,340,171,160,176,87,177
Gldc,117,275,195,175,253,43,122,59,30,85
Gldn,8,16,6,14,27,5,1,7,4,12
Gle1,481,885,869,874,840,533,557,810,375,458
Glg1,805,2106,1972,2155,2083,1184,884,846,668,877
Gli1,4,9,8,8,16,1,0,0,0,0
Gli2,35,84,76,76,73,17,27,15,11,31
Gli3,122,307,240,305,340,68,142,119,66,133
Glipr1,20,75,67,92,64,45,37,51,18,40
Glipr1l1,0,13,4,4,6,0,6,3,1,7
Glipr2,19,59,31,41,50,22,19,5,3,23
Glis1,49,122,96,109,94,54,54,48,32,41
Glis2,82,169,210,173,175,127,120,134,65,103
Glis3,513,1209,962,1073,1259,591,602,418,580,639
Glmn,142,319,255,264,283,196,153,150,89,142
Glmp,61,451,347,319,373,63,93,92,51,85
Glo1,172,587,571,536,622,149,224,181,101,132
Glod4,238,580,508,538,561,298,346,362,216,263
Glod5,9,19,14,12,28,5,5,7,3,8
Glp2r,1681,6681,6604,6982,6199,2612,2560,2500,1132,1372
Glra1,7,0,0,8,8,5,2,3,3,11
Glra2,44,129,109,109,146,127,68,66,74,110
Glra3,36,74,55,90,97,70,35,69,28,29
Glra4,4,10,8,10,7,2,5,2,1,3
Glrb,464,1548,1588,1613,1624,767,813,867,387,585
Glrp1,2,0,0,2,9,8,2,2,4,4
Glrx,45,155,160,134,191,60,42,46,29,50
Glrx2,151,642,516,568,661,215,201,162,78,172
Glrx3,267,592,484,483,543,266,275,237,131,213
Glrx5,54,350,373,349,423,92,94,83,26,74
Gls,532,1656,1476,1881,2143,1262,723,821,602,770
Gls2,265,443,422,465,393,239,242,387,101,224
Glt1d1,490,614,369,478,544,373,219,356,179,255
Glt8d1,690,1827,1455,1536,1917,1565,1435,1422,904,924
Glt8d2,40,88,102,135,108,52,38,45,17,25
Gltp,41,171,163,134,191,54,57,50,31,50
Gltscr1,53,111,85,127,98,61,57,47,37,53
Gltscr1l,278,471,356,413,461,333,323,329,211,254
Gltscr2,64,426,330,326,373,105,112,129,59,90
Glud1,501,1408,1005,1028,1267,401,510,474,226,407
Glul,591,3135,2650,2469,3255,462,852,725,325,788
Glycam1,2,38,22,8,25,4,4,2,4,8
Glyctk,2,9,10,5,6,2,0,0,0,0
Glyr1,327,847,679,795,851,282,298,299,158,256
Gm10010,15,30,34,33,22,25,18,18,9,7
Gm10020,0,122,120,108,119,2,0,0,0,0
Gm10031,19,60,90,108,95,61,55,36,19,26
Gm10036,266,660,786,687,773,413,360,330,200,336
Gm10037,1,5,5,5,4,1,0,0,0,0
Gm10053,14,511,597,599,670,42,78,64,19,28
Gm10069,23,102,95,138,177,83,58,53,19,81
Gm10073,203,1696,2218,1883,1873,415,538,323,219,223
Gm10076,19,1631,1911,1775,2170,41,67,46,21,19
Gm10093,54,108,90,159,114,34,44,54,35,48
Gm10094,11,334,372,343,446,40,47,42,24,40
Gm10097,0,5,3,5,9,0,0,3,1,0
Gm10101,4,6,5,12,8,3,5,2,3,4
Gm10110,8,42,30,26,44,3,6,8,7,3
Gm10113,3,0,0,0,0,0,0,0,0,0
Gm10116,12,1339,1102,924,1447,70,136,115,57,83
Gm10118,0,0,9,4,8,3,0,0,0,0
Gm10130,16,30,37,48,35,21,14,22,7,17
Gm10134,0,0,0,0,0,0,0,0,0,0
Gm10135,10,9,4,19,9,3,4,5,3,7
Gm10138,32,55,52,58,50,32,33,38,19,17
Gm10146,35,453,433,425,522,110,101,102,51,40
Gm10184,0,28,29,27,26,0,0,0,0,0
Gm10203,0,6,5,2,9,0,2,0,2,4
Gm10244,20,55,44,41,49,23,21,35,28,14
Gm10248,0,0,0,0,0,1,0,0,0,0
Gm10250,180,1668,1921,1777,2038,332,389,326,224,287
Gm10251,0,0,0,0,0,0,0,0,0,0
Gm10260,19,883,915,878,1102,45,141,96,48,23
Gm10263,62,743,955,913,1095,191,144,73,57,62
Gm10269,4,6,9,8,14,8,3,3,2,4
Gm10271,3,11,0,6,5,4,2,7,3,4
Gm10273,0,114,106,106,145,0,0,0,0,0
Gm10277,10,8,2,4,11,5,9,3,1,4
Gm10282,4,29,29,29,45,5,0,0,0,0
Gm10283,0,23,14,12,19,0,0,0,0,0
Gm10306,3,3,10,14,9,5,0,0,0,0
Gm10308,0,13,13,12,11,0,0,0,0,0
Gm10309,5,10,6,18,13,7,13,6,4,1
Gm10320,16,242,280,266,298,27,71,35,18,35
Gm10371,7,21,61,39,16,10,9,9,5,7
Gm10373,17,32,27,24,34,25,19,17,15,15
Gm10382,0,5,5,6,6,0,6,2,1,4
Gm10384,0,0,0,4,6,0,0,0,0,0
Gm10390,0,0,0,0,0,0,0,0,0,0
Gm10399,6,12,13,12,10,7,11,14,7,8
Gm10401,0,0,0,0,0,0,0,0,0,0
Gm10406,3,33,21,25,34,17,18,11,4,9
Gm10419,258,688,598,664,733,428,265,320,199,244
Gm1043,109,372,305,403,452,270,146,130,88,158
Gm10466,6,0,12,36,0,0,4,8,8,1
Gm10475,5,2,5,7,5,2,4,3,0,0
Gm10479,3,34,27,37,57,3,7,4,2,2
Gm10489,3,10,16,6,8,10,8,9,1,2
Gm10501,94,175,182,187,174,132,128,126,61,85
Gm10516,211,416,389,374,405,191,176,193,73,130
Gm10532,0,6,8,6,0,0,0,0,0,0
Gm10545,3,0,0,0,9,3,7,4,4,1
Gm10550,88,146,152,140,137,86,93,91,51,77
Gm10552,14,13,3,2,10,8,10,5,8,16
Gm10558,2,17,23,19,25,3,10,7,3,3
Gm10561,102,319,271,214,342,49,123,87,44,82
Gm10563,219,374,322,365,346,227,239,203,148,155
Gm10570,0,0,0,9,12,0,0,0,0,0
Gm10600,44,0,55,44,66,36,41,55,34,21
Gm10603,0,5,11,5,0,2,2,1,3,3
Gm10605,16,86,63,71,79,20,48,10,13,36
Gm10614,0,0,0,0,0,0,0,0,0,0
Gm10629,82,171,156,140,123,65,108,68,63,70
Gm10631,0,0,0,0,0,0,0,5,0,0
Gm10634,11,12,8,10,11,8,2,9,4,6
Gm10636,0,5,8,18,9,0,0,0,0,0
Gm10638,14,38,28,26,43,20,18,19,10,17
Gm10639,5,0,0,0,0,1,3,4,4,5
Gm10642,2,16,7,12,8,1,6,2,3,4
Gm10643,3,8,9,11,4,5,0,0,0,0
Gm10644,81,158,137,130,193,29,75,69,31,55
Gm10645,1,9,3,0,7,0,0,0,0,0
Gm10647,5,13,8,13,7,2,3,7,0,0
Gm10654,0,6,11,11,16,2,1,3,0,4
Gm10681,120,324,251,220,201,192,185,245,141,152
Gm10684,175,1011,1023,1054,960,252,230,202,96,119
Gm10687,3,7,4,5,9,2,5,7,1,5
Gm10699,15,75,58,89,81,24,17,22,9,18
Gm10701,21,29,33,49,38,35,37,28,25,30
Gm10709,3,219,208,187,220,8,21,18,12,9
Gm10710,0,0,0,4,11,0,4,2,3,4
Gm10714,31,37,118,66,47,16,70,19,32,40
Gm10762,5,10,7,12,15,10,3,3,6,3
Gm10767,34,88,71,64,75,52,46,59,24,38
Gm10778,23,47,53,35,54,22,27,34,11,20
Gm10784,0,2,9,3,3,0,0,0,0,0
Gm10800,0,0,0,0,0,2,0,0,0,0
Gm10814,19,19,18,16,20,13,11,16,12,10
Gm10822,11,25,27,37,29,9,9,7,4,5
Gm10827,113,264,225,230,269,240,196,235,109,112
Gm10848,42,104,76,110,108,51,48,51,37,45
Gm10851,178,544,465,477,440,305,231,195,210,131
Gm10863,22,49,33,24,35,16,23,26,15,18
Gm10874,2,10,18,10,18,2,0,0,0,0
Gm10912,0,0,0,0,0,0,0,0,0,0
Gm10941,9,21,28,19,23,10,19,15,8,6
Gm10964,0,19,2,0,11,4,0,0,0,0
Gm10974,3,25,7,7,17,4,3,5,3,7
Gm11033,12,16,15,14,20,8,5,3,6,7
Gm11077,8,40,26,16,27,4,11,13,7,9
Gm11084,33,59,45,55,52,44,53,50,40,41
Gm11099,452,1213,950,1037,797,626,781,616,370,531
Gm1110,3,2,9,3,6,0,0,0,0,0
Gm11100,20,20,13,14,19,9,22,23,9,15
Gm11110,22,51,64,77,104,23,14,32,22,22
Gm11127,0,9,4,4,15,0,0,0,0,0
Gm11128,0,13,14,17,6,0,9,4,2,2
Gm11146,25,103,83,80,122,36,50,37,33,29
Gm11149,56,163,138,124,153,43,68,57,43,50
Gm11190,0,0,0,0,0,0,0,0,0,0
Gm11201,2,8,6,8,5,0,0,0,0,0
Gm11210,3,0,0,0,0,0,0,0,0,0
Gm11213,2,32,7,8,20,4,5,3,3,5
Gm11228,6,7,14,15,10,6,9,6,3,5
Gm11250,112,537,500,578,498,158,292,266,185,168
Gm11266,120,242,236,211,247,86,120,114,66,107
Gm11273,70,521,601,599,674,135,170,120,62,82
Gm11280,0,8,2,14,12,0,0,0,0,0
Gm11309,4,25,13,16,30,12,4,0,3,0
Gm11368,6,5,8,9,13,3,0,0,0,0
Gm11375,10,24,7,12,14,9,12,8,5,9
Gm11376,5,14,10,11,12,9,13,9,5,5
Gm1141,0,15,3,7,6,0,1,0,2,6
Gm11417,992,2209,1697,2004,1998,748,1127,869,354,776
Gm11418,522,1255,1100,1272,1207,1284,924,1441,445,782
Gm11423,15,25,17,15,32,19,17,15,12,17
Gm11437,88,185,190,180,218,91,105,119,79,82
Gm11457,19,34,26,37,25,18,20,26,16,16
Gm11464,0,7,5,3,4,0,3,1,5,3
Gm11491,25,28,16,14,16,22,23,14,17,13
Gm11508,165,196,154,160,180,157,167,167,70,125
Gm11520,66,80,87,92,104,58,69,61,24,38
Gm11521,1,4,3,8,2,3,3,0,2,1
Gm11537,0,0,0,0,0,0,0,0,0,0
Gm11541,1,0,0,0,0,3,0,0,0,0
Gm11548,0,0,0,0,0,0,14,8,8,8
Gm11549,0,13,18,14,20,4,0,8,0,0
Gm11592,13,37,25,37,35,17,27,15,15,14
Gm11614,4,0,0,0,0,4,4,3,1,3
Gm11627,11,28,29,26,27,5,18,14,2,10
Gm11630,11,22,11,11,13,6,5,13,4,3
Gm11639,1,0,0,0,0,2,0,0,0,0
Gm11646,0,13,15,18,25,0,0,0,0,0
Gm11651,0,0,0,0,0,0,0,0,0,0
Gm11655,24,70,48,44,65,19,21,20,20,24
Gm11659,488,955,862,893,839,150,767,663,358,555
Gm11670,47,105,101,98,101,90,60,84,43,61
Gm11672,13,10,6,12,16,0,13,9,5,8
Gm11680,1,3,6,9,6,7,0,0,0,0
Gm11681,10,108,59,54,84,17,25,16,9,31
Gm11696,1,22,21,20,33,11,10,9,6,9
Gm11712,1,0,0,0,0,0,0,0,0,0
Gm11713,68,232,208,195,163,47,133,63,36,63
Gm11715,30,34,22,30,30,18,22,25,13,13
Gm11716,1,11,0,5,2,0,0,0,0,0
Gm11725,4,19,13,16,16,12,10,6,5,6
Gm11728,64,158,178,210,140,80,51,92,41,79
Gm11730,2,3,6,4,3,0,0,0,0,0
Gm11734,21,22,21,12,23,16,15,11,3,7
Gm11739,12,15,11,15,19,8,10,12,4,6
Gm11744,8,78,70,71,87,19,52,30,13,34
Gm11750,6,5,4,7,14,2,0,6,0,0
Gm11751,14,19,16,4,18,15,14,7,0,10
Gm11766,0,5,9,9,11,0,0,0,0,0
Gm11767,21,66,55,89,74,30,37,44,17,22
Gm11772,0,12,9,9,13,0,0,7,2,2
Gm11773,5,6,6,9,7,8,5,6,4,4
Gm11802,10,46,55,37,40,25,13,28,4,9
Gm11808,163,2690,2579,2446,3202,408,537,430,219,300
Gm11816,0,3,5,5,5,0,1,2,4,4
Gm11817,372,1006,779,1080,815,463,511,482,235,359
Gm11823,7,15,8,11,13,11,9,7,2,9
Gm11831,2,0,0,0,0,0,9,0,0,3
Gm11837,15,37,24,24,25,6,13,8,5,6
Gm11842,3,0,0,0,0,0,0,0,0,0
Gm11844,8,30,24,29,39,16,35,39,8,20
Gm11872,2,0,0,3,5,0,0,0,0,0
Gm11884,18,16,12,19,14,14,23,12,11,13
Gm11899,2,0,0,0,0,1,0,0,0,0
Gm11924,5,6,4,0,2,0,0,0,0,0
Gm11940,8,6,7,11,6,3,8,11,6,4
Gm11963,2,5,6,4,7,8,0,0,0,0
Gm11973,13,31,37,23,31,29,13,13,10,16
Gm11992,6,24,25,18,19,0,0,0,0,0
Gm12002,15,22,34,39,41,40,28,31,11,26
Gm12023,9,12,6,12,12,3,6,4,3,3
Gm12051,0,5,12,3,7,0,0,0,0,0
Gm12057,25,28,26,20,47,20,13,27,5,13
Gm12064,554,1282,1007,913,987,323,458,511,151,373
Gm12068,12,30,19,34,27,20,15,18,14,9
Gm12082,24,16,16,20,15,33,26,16,13,21
Gm12088,4,0,0,0,0,0,0,0,0,0
Gm12089,12,19,13,19,17,23,9,6,9,12
Gm12092,4,14,12,6,14,5,7,9,4,7
Gm12111,6,15,11,9,10,3,0,0,0,0
Gm12116,3,0,0,0,0,0,0,0,0,0
Gm12120,7,14,11,15,19,9,9,7,2,3
Gm12127,0,0,0,0,0,0,0,0,0,0
Gm12128,4,12,8,12,9,4,5,2,4,8
Gm12130,7,13,12,9,12,3,6,0,6,1
Gm12132,14,24,19,15,20,21,15,4,4,4
Gm12145,0,7,3,1,4,0,1,1,1,2
Gm12146,3,22,20,8,19,5,6,6,2,5
Gm12147,0,9,3,0,4,5,0,7,0,0
Gm12158,0,0,0,0,0,0,0,0,0,0
Gm12160,3,4,6,4,0,5,4,3,4,2
Gm12166,4,101,95,90,139,2,4,3,3,9
Gm12184,0,4,4,0,12,0,0,0,0,0
Gm12185,39,37,19,23,23,38,27,22,19,25
Gm12195,0,0,0,0,0,0,0,0,0,0
Gm12212,5,3,14,29,12,17,10,19,8,5
Gm12216,309,502,436,481,375,289,344,289,201,238
Gm12224,4,16,11,8,22,6,8,8,5,1
Gm12227,12,41,31,28,19,12,15,18,6,11
Gm12239,40,82,69,88,78,26,51,48,38,35
Gm12246,0,0,0,0,0,0,0,0,0,0
Gm12258,33,113,100,84,114,31,34,34,13,34
Gm12259,0,10,0,3,3,0,0,0,0,0
Gm12264,5,16,16,13,18,6,12,5,0,0
Gm12265,0,0,0,0,0,0,0,0,0,0
Gm12278,0,0,0,0,0,0,0,0,0,0
Gm12279,0,11,13,11,17,0,0,0,0,0
Gm12295,11,9,12,18,14,10,9,12,2,3
Gm12319,2,0,0,0,0,3,0,0,0,0
Gm12320,0,0,0,0,0,0,6,3,0,3
Gm12324,5,12,9,12,14,4,6,4,5,5
Gm12326,16,16,26,25,32,7,23,16,10,19
Gm12353,95,256,248,230,256,147,123,105,82,130
Gm12355,4,11,15,13,16,3,2,2,3,4
Gm12359,8,32,23,28,28,16,14,15,7,14
Gm12371,10,34,34,38,55,33,22,34,8,15
Gm12374,2,15,25,18,16,4,6,5,3,4
Gm12381,18,130,96,87,79,28,41,49,16,19
Gm12394,349,22,358,191,206,246,348,377,260,138
Gm12446,10,33,14,19,28,17,18,26,17,13
Gm12472,0,12,3,6,7,0,6,2,0,0
Gm12473,21,45,33,45,41,27,22,21,13,14
Gm12478,9,5,9,13,8,16,11,8,1,9
Gm12514,10,19,14,17,12,13,11,7,9,5
Gm12523,0,0,0,0,0,3,0,0,0,0
Gm12524,1,0,0,3,8,3,0,6,0,0
Gm12531,2,5,6,4,3,0,0,0,0,0
Gm12536,40,66,57,61,62,79,55,41,32,26
Gm12596,4,0,0,0,0,0,0,10,1,2
Gm12631,8,9,10,9,6,8,8,9,2,1
Gm12648,14,15,11,15,22,9,7,7,7,7
Gm12649,19,27,33,34,34,35,32,25,15,23
Gm12670,0,0,0,0,0,0,0,0,0,0
Gm12679,1,4,7,0,3,4,2,2,0,3
Gm12682,347,195,164,217,180,12,290,172,70,314
Gm12689,10,22,23,26,28,8,5,9,11,13
Gm12694,6,8,8,7,2,8,7,4,3,4
Gm12695,20,26,23,18,16,15,16,9,11,18
Gm12705,4,0,0,0,0,0,0,0,0,0
Gm12709,352,971,898,925,919,641,378,431,337,389
Gm12718,11,23,25,25,40,9,9,3,8,9
Gm12728,0,3,7,5,5,0,0,0,0,0
Gm12744,0,0,0,0,0,0,0,0,0,0
Gm12756,2,0,9,10,9,4,7,8,3,2
Gm12758,19,36,34,39,26,22,22,31,17,8
Gm12762,1,0,0,0,0,0,0,0,0,0
Gm12764,7,9,7,7,7,3,4,3,3,2
Gm12766,3,8,6,8,7,3,7,7,3,7
Gm12781,23,57,71,77,37,60,46,39,11,29
Gm12796,16,30,20,16,14,5,6,11,5,5
Gm128,3,0,0,0,0,0,0,0,0,0
Gm12802,18,46,30,47,28,21,18,23,10,15
Gm12828,4,0,0,0,0,0,1,1,1,1
Gm12841,1,66,31,43,62,4,4,5,7,4
Gm12847,4,11,4,4,7,7,2,3,7,3
Gm12853,3,12,9,10,16,9,8,7,2,3
Gm12860,1,0,0,0,0,5,0,19,0,0
Gm12865,6,21,21,23,27,4,14,8,4,14
Gm12868,0,9,5,1,12,0,0,0,0,0
Gm12869,0,0,0,0,0,0,0,0,0,0
Gm12905,59,202,147,142,167,91,77,81,36,73
Gm12925,15,23,13,18,19,8,15,13,6,14
Gm12930,15,12,7,21,16,5,10,21,4,6
Gm12932,4,0,0,0,0,3,0,0,0,0
Gm12942,8,38,31,32,44,18,9,21,11,7
Gm12949,0,0,0,0,0,0,0,0,0,0
Gm12953,0,0,0,0,0,0,0,0,0,0
Gm12963,9,32,25,18,24,23,14,12,8,6
Gm12968,0,0,0,0,0,0,5,2,3,3
Gm12973,0,6,7,2,8,0,0,0,0,0
Gm12976,4,10,12,11,13,7,5,8,4,1
Gm12977,0,0,0,0,0,0,0,0,0,0
Gm12979,22,68,56,44,39,39,38,28,20,26
Gm12981,0,0,0,0,0,0,0,0,0,0
Gm12996,0,1,7,3,9,0,0,0,0,0
Gm12999,0,21,17,8,21,7,3,3,3,1
Gm13008,79,217,162,212,171,53,108,109,61,60
Gm13025,33,46,48,67,45,59,44,64,27,34
Gm13031,24,47,42,39,51,12,19,15,13,15
Gm1305,7,9,12,10,13,9,8,10,5,12
Gm13052,62,136,90,122,181,152,56,86,42,58
Gm13054,0,10,7,7,7,0,0,0,0,0
Gm13066,0,0,0,0,0,0,0,0,0,0
Gm13067,0,0,0,0,0,1,0,0,0,0
Gm13075,0,7,3,4,6,4,8,5,2,3
Gm13091,45,75,71,53,51,59,35,44,28,42
Gm13093,1,0,0,0,0,7,0,5,0,0
Gm13097,0,0,0,0,0,0,1,2,2,4
Gm13103,0,4,4,8,7,0,0,0,0,0
Gm13111,10,25,26,15,27,3,13,1,5,8
Gm13112,0,10,7,6,13,0,3,7,2,2
Gm13139,10,9,5,0,0,6,1,3,1,3
Gm13152,0,8,5,5,5,0,0,0,0,0
Gm13157,4,15,24,13,16,4,8,10,9,12
Gm13166,3,7,9,8,6,5,2,2,3,4
Gm13199,5,31,24,21,37,15,12,5,5,10
Gm13205,15,52,67,46,59,32,17,44,4,20
Gm13211,6,21,27,31,20,4,12,16,3,2
Gm13212,0,0,0,0,0,0,0,0,0,0
Gm13219,0,9,8,13,6,0,0,0,0,0
Gm13247,4,20,9,9,18,9,13,5,5,12
Gm13248,5,8,4,5,4,2,0,0,0,0
Gm13251,0,7,4,4,5,0,0,0,0,0
Gm13267,4,12,5,13,4,1,0,0,0,0
Gm13269,454,985,796,1009,888,385,557,451,287,353
Gm13293,5,21,12,6,16,6,6,7,6,9
Gm13299,0,0,0,0,0,1,0,0,0,0
Gm13305,3,0,0,0,0,0,0,0,0,0
Gm13307,21,4,24,10,10,9,9,10,9,3
Gm13322,0,7,10,10,8,0,7,3,2,1
Gm13327,8,20,25,20,16,7,5,8,7,7
Gm13330,0,0,0,0,0,0,0,0,0,0
Gm13362,8,14,20,10,14,11,9,14,0,1
Gm13375,0,11,9,13,18,0,0,0,0,0
Gm13381,3,11,8,9,13,4,6,5,4,2
Gm13387,4,10,5,0,10,1,0,3,0,0
Gm13389,8,28,26,32,16,8,8,16,3,5
Gm13391,0,9,6,0,21,16,0,6,1,12
Gm13402,212,278,251,311,241,131,157,158,105,107
Gm13404,0,10,6,13,9,0,5,3,2,5
Gm13405,0,0,0,0,0,0,0,0,0,0
Gm13412,6,6,7,3,7,3,12,9,3,1
Gm13427,270,669,457,465,512,350,376,468,280,292
Gm13470,19,21,21,45,31,12,23,16,12,17
Gm13479,7,9,9,10,12,7,7,10,9,4
Gm13481,113,244,276,201,161,89,134,90,83,116
Gm13490,0,10,5,3,7,0,0,0,0,0
Gm13497,0,8,7,11,8,0,0,0,0,0
Gm13524,50,93,91,101,85,119,50,84,42,38
Gm13528,10,5,13,3,6,14,15,11,4,7
Gm13530,1,3,9,6,14,4,0,0,0,0
Gm13547,3,0,0,0,0,2,0,0,0,0
Gm13554,0,0,0,0,0,0,0,0,0,0
Gm13556,0,0,0,0,0,0,0,0,0,0
Gm13561,20,42,35,44,60,34,25,45,1,22
Gm13563,37,94,80,77,117,36,48,39,26,34
Gm13571,2,0,0,0,0,0,0,0,0,0
Gm13572,9,2,6,4,7,3,0,0,0,0
Gm13584,4,0,0,0,0,11,3,4,0,5
Gm13589,6,16,10,13,24,13,5,11,1,7
Gm13594,0,7,6,1,2,0,0,0,0,0
Gm13595,0,5,9,9,5,0,0,0,0,0
Gm13598,0,6,2,5,6,0,0,0,0,0
Gm13599,7,16,16,13,18,10,15,12,11,19
Gm13601,5,0,0,0,0,25,5,21,0,6
Gm13610,14,16,8,11,15,12,8,12,7,7
Gm13617,6,8,2,6,9,4,0,0,0,0
Gm13619,6,13,15,11,14,1,3,7,5,0
Gm13629,115,228,243,171,298,209,112,234,70,92
Gm13703,33,50,55,61,53,26,24,26,20,16
Gm13708,10,12,12,7,8,9,7,4,3,3
Gm13709,0,0,0,0,0,0,0,0,0,0
Gm13710,5,21,18,8,21,10,7,11,4,9
Gm13713,4,8,6,5,3,5,1,6,2,3
Gm13716,0,0,0,0,0,0,0,0,0,0
Gm13748,3,8,6,4,8,1,0,0,0,0
Gm13780,0,4,6,10,10,2,2,0,4,0
Gm13814,1,6,5,2,4,1,0,0,0,0
Gm13830,226,516,521,501,494,273,350,249,127,233
Gm13832,125,166,164,183,231,179,110,131,28,96
Gm13842,0,11,5,2,19,0,0,0,0,0
Gm13844,18,28,32,29,38,20,14,20,13,17
Gm13849,7,15,13,13,14,10,6,8,5,12
Gm13853,6,5,10,10,11,8,3,12,2,6
Gm13856,7,25,15,24,27,4,10,16,6,8
Gm13861,3,7,8,9,13,9,0,0,0,0
Gm13872,3,17,11,23,38,3,5,4,0,1
Gm13883,16,36,38,48,47,30,35,31,13,25
Gm13889,36,152,98,78,221,122,68,61,68,49
Gm13905,5,20,25,17,21,7,14,5,2,8
Gm13912,8,35,31,22,39,12,12,9,9,8
Gm13919,217,513,425,423,414,300,371,306,181,267
Gm13936,13,23,16,25,27,20,17,16,16,11
Gm13938,0,3,5,1,6,0,0,0,0,0
Gm13944,289,1508,1484,1694,1770,998,628,686,324,346
Gm13963,170,308,271,250,299,156,130,243,101,103
Gm13974,7,5,15,11,8,6,4,11,3,2
Gm13999,0,0,0,0,0,0,0,0,0,0
Gm14015,0,0,0,10,4,0,0,0,0,0
Gm14025,0,0,0,0,0,0,0,0,0,0
Gm14033,8,17,10,11,11,8,8,13,3,8
Gm14051,17,28,23,24,20,27,31,21,10,16
Gm14061,23,42,27,25,39,17,19,13,9,11
Gm14064,17,55,66,50,73,12,28,20,9,27
Gm14092,0,0,0,0,0,0,0,0,0,0
Gm14104,0,17,4,4,6,0,0,0,0,0
Gm14110,3,0,0,0,0,0,0,0,0,0
Gm14114,6,1,11,4,5,4,4,7,2,3
Gm14120,0,7,2,3,6,0,0,0,0,0
Gm14133,4,3,6,0,0,4,0,0,0,0
Gm14146,16,4,5,5,5,12,21,8,1,5
Gm14149,3,5,13,13,21,3,4,4,2,7
Gm14167,12,17,19,15,25,22,14,24,13,13
Gm14168,0,0,0,6,3,1,0,0,0,0
Gm14198,2,16,17,19,20,0,0,0,0,0
Gm14205,0,0,0,0,0,0,0,0,0,0
Gm14211,24,59,78,37,62,33,34,43,18,59
Gm14221,5,3,7,4,6,6,8,0,6,4
Gm14223,3,8,5,10,1,4,11,10,1,5
Gm14232,0,0,0,0,0,0,0,0,0,0
Gm14235,0,0,0,0,0,0,0,0,0,0
Gm14252,0,7,6,6,7,3,5,3,2,2
Gm14280,13,17,17,11,4,4,5,7,4,5
Gm14285,3,15,10,8,12,20,3,7,3,6
Gm14286,8,14,17,25,17,12,9,14,7,6
Gm14295,8,40,66,62,86,32,28,12,11,26
Gm14296,13,69,96,111,144,80,59,23,32,52
Gm14302,28,34,31,32,50,46,51,46,42,49
Gm14305,9,40,62,65,74,18,34,10,8,26
Gm14306,98,200,324,315,396,260,198,104,146,165
Gm14308,10,24,31,47,72,19,21,5,6,12
Gm14317,0,0,0,6,8,0,6,6,1,1
Gm14320,35,53,53,41,65,30,31,51,24,31
Gm14322,6,25,18,24,40,18,15,11,4,7
Gm14325,51,197,181,175,175,89,89,107,63,79
Gm14326,221,408,294,320,360,172,186,179,106,117
Gm14327,0,5,3,8,10,0,0,0,0,0
Gm14329,8,12,13,19,13,3,10,13,6,5
Gm14330,1794,198,2648,2646,2351,1391,1661,3311,84,1390
Gm14341,9,11,17,2,13,8,9,5,7,3
Gm14342,27,42,31,35,49,18,17,49,11,19
Gm14372,35,85,73,69,64,41,48,36,25,21
Gm14377,4,5,10,9,6,2,2,5,1,2
Gm14391,9,31,26,29,35,27,9,8,10,20
Gm14393,2,3,5,2,4,6,5,0,4,2
Gm14397,5,0,0,0,0,5,0,0,0,0
Gm14399,72,369,456,649,767,111,114,82,66,83
Gm14401,7,9,11,9,12,7,5,9,6,10
Gm14403,7,33,25,32,38,5,12,7,6,4
Gm14406,7,13,17,11,15,8,8,4,3,8
Gm14410,192,367,439,449,619,334,338,219,203,314
Gm14412,10,17,7,2,9,7,9,9,5,6
Gm14418,5,11,5,9,11,3,1,5,3,2
Gm14419,0,0,0,0,0,0,0,0,0,0
Gm14420,11,21,23,15,21,7,9,9,4,10
Gm14443,26,57,95,102,104,54,43,20,27,35
Gm14444,12,8,21,14,19,16,9,8,11,11
Gm14486,0,4,8,2,4,0,0,0,0,0
Gm14493,0,12,13,12,11,0,0,0,0,0
Gm14505,3,7,3,9,3,6,2,8,3,4
Gm14507,16,16,35,26,32,32,10,17,2,9
Gm14508,26,116,129,135,135,76,45,60,44,49
Gm14525,3,17,10,12,8,8,6,1,1,3
Gm14532,13,35,31,35,50,40,15,23,10,16
Gm14540,0,4,7,4,4,2,0,0,0,0
Gm14546,0,8,9,3,10,8,2,1,0,4
Gm14553,0,0,0,0,0,0,0,0,0,0
Gm14565,0,4,6,2,0,0,0,0,0,0
Gm14569,9,16,11,13,17,4,9,14,6,11
Gm14582,23,156,106,160,177,108,103,57,78,90
Gm14597,2,31,26,31,36,6,3,4,5,4
Gm14635,0,14,7,15,22,0,4,3,4,2
Gm14661,26,207,229,212,266,53,53,40,15,42
Gm14664,0,14,21,19,9,0,0,0,0,0
Gm14697,3,6,3,13,13,4,5,7,3,1
Gm14698,49,134,118,151,150,71,86,86,34,69
Gm14703,132,363,206,247,308,173,139,180,79,106
Gm14717,2,5,7,10,3,6,9,5,5,4
Gm14798,149,269,187,215,210,93,184,168,76,131
Gm14818,5,19,4,10,7,0,4,6,3,7
Gm14820,35,253,364,317,391,88,79,72,30,53
Gm14827,35,126,100,142,152,76,47,35,31,38
Gm14964,226,677,632,479,684,134,315,298,171,298
Gm14966,173,194,156,172,165,177,128,140,94,122
Gm15013,0,8,13,11,15,0,0,0,0,0
Gm15046,9,5,10,8,13,7,10,2,5,6
Gm15063,0,0,0,0,0,0,0,0,0,0
Gm15083,12,16,29,21,33,16,11,13,4,11
Gm15091,9,7,10,19,13,8,7,6,4,7
Gm15104,0,4,6,4,4,3,0,0,0,0
Gm15128,0,0,0,0,0,0,0,0,0,0
Gm15135,0,0,0,0,0,0,0,0,0,0
Gm15138,3,0,0,0,0,6,0,0,0,0
Gm15155,136,306,235,245,326,216,151,216,94,140
Gm15169,20,26,19,12,28,10,15,25,7,6
Gm15178,0,0,0,0,0,0,2,2,2,2
Gm15199,13,25,17,18,19,12,13,26,7,11
Gm15205,7,0,0,0,0,0,8,3,4,3
Gm15218,5,8,6,11,14,7,8,1,0,0
Gm15222,1,2,2,4,3,2,7,11,3,4
Gm15234,4,16,15,16,18,10,8,18,7,1
Gm15243,2,19,16,15,17,6,3,6,3,4
Gm15247,0,16,28,12,34,0,0,8,0,0
Gm15261,60,123,82,107,95,44,90,54,20,58
Gm15262,0,0,0,0,0,0,7,4,0,0
Gm15265,37,79,67,83,73,34,63,60,34,38
Gm15290,2,0,0,0,0,4,4,5,2,2
Gm15328,1,15,12,15,15,5,5,3,4,8
Gm15336,230,517,379,359,448,224,280,315,128,236
Gm15337,40,136,127,136,120,44,50,58,16,41
Gm15341,18,16,39,24,44,26,19,21,16,27
Gm15345,81,314,166,218,203,106,114,99,59,120
Gm15346,6,6,10,4,4,3,14,3,4,3
Gm15347,0,8,2,3,8,0,0,0,0,0
Gm15351,5,24,20,13,18,2,7,10,1,6
Gm15353,22,49,24,45,41,29,13,14,4,26
Gm15354,0,0,0,0,0,0,0,0,0,0
Gm15396,49,151,183,217,191,128,84,84,49,46
Gm15398,350,1051,954,1005,974,600,472,740,98,396
Gm15401,0,0,0,0,0,2,0,0,0,0
Gm15402,5,6,3,1,4,3,3,1,1,7
Gm15404,5,11,0,9,0,9,7,2,1,1
Gm15406,0,3,6,8,5,0,0,0,0,0
Gm15408,1,7,12,7,7,4,3,5,4,2
Gm15413,2,0,0,0,0,0,0,0,0,0
Gm15414,423,1144,949,1064,1054,529,522,476,170,355
Gm15416,0,0,0,0,0,0,0,0,0,0
Gm15417,19,143,103,100,181,22,19,21,6,23
Gm15418,11,29,18,29,29,23,24,13,10,16
Gm15420,22,22,28,19,26,22,18,22,5,11
Gm15423,3,18,9,18,14,5,6,4,0,0
Gm15440,49,180,147,197,191,74,89,53,36,53
Gm15441,4,11,14,11,13,4,4,4,3,5
Gm15445,0,0,0,0,0,0,0,0,0,0
Gm15446,81,181,148,192,210,107,86,105,63,79
Gm15457,3,19,14,11,14,4,0,0,0,0
Gm15458,21,23,11,16,10,15,9,12,8,9
Gm15461,6,7,9,10,2,4,8,5,4,7
Gm15477,3,7,7,4,7,6,3,7,5,4
Gm15478,53,124,112,128,124,84,121,79,69,63
Gm15486,3,0,0,9,5,5,9,14,2,1
Gm15489,96,313,317,399,326,138,166,123,72,80
Gm15491,0,0,0,0,0,0,0,0,0,0
Gm15492,10,30,29,34,26,19,16,24,11,15
Gm15494,47,140,125,122,163,86,58,57,32,46
Gm15496,26,52,42,49,55,20,31,24,8,20
Gm15510,31,76,33,39,90,40,23,46,18,37
Gm15511,1,0,0,0,0,0,0,0,0,0
Gm15512,0,0,0,0,0,0,0,0,0,0
Gm15518,6,10,12,10,10,2,4,6,1,1
Gm15520,10,20,34,10,15,3,4,24,2,5
Gm15522,0,0,0,0,0,0,0,0,0,0
Gm15537,76,117,53,101,99,59,40,83,42,33
Gm15545,36,46,38,45,39,18,33,30,19,24
Gm15558,24,42,43,62,43,19,31,35,22,27
Gm15559,89,182,172,189,213,89,103,126,60,63
Gm15561,10,21,17,27,21,16,18,23,17,13
Gm15563,62,18,134,133,115,94,30,151,120,87
Gm15564,32,60,40,62,63,54,66,28,20,39
Gm15567,2,13,12,13,11,2,4,6,2,1
Gm15577,5,17,15,22,19,7,9,10,13,14
Gm15581,6,13,24,20,20,11,7,11,5,9
Gm15584,27,94,72,47,80,25,63,102,7,55
Gm15585,7,14,6,17,12,8,4,11,8,9
Gm15587,9,12,25,18,12,11,11,7,7,7
Gm15591,37,9,14,14,13,12,14,22,12,16
Gm15592,0,0,0,0,0,0,7,5,0,0
Gm15594,111,186,197,188,145,153,190,169,90,107
Gm15598,12,27,25,26,27,25,20,31,7,17
Gm15601,6,13,11,17,15,2,12,2,4,7
Gm15608,30,50,36,36,40,25,34,36,16,20
Gm15612,0,0,0,0,0,0,0,0,0,0
Gm15614,443,659,583,544,768,396,526,685,356,590
Gm15619,0,3,7,5,6,0,0,0,0,0
Gm15622,0,0,0,0,0,0,5,2,0,0
Gm15624,36,48,31,49,42,29,48,30,26,36
Gm15627,8,46,35,34,51,22,16,24,14,16
Gm15631,32,103,76,78,106,34,23,62,12,27
Gm15632,5,14,11,15,10,6,12,4,2,2
Gm15635,0,0,0,0,0,0,0,0,0,0
Gm15642,0,0,0,0,0,0,0,0,0,0
Gm15655,0,0,0,0,0,0,0,0,0,0
Gm15656,0,0,0,0,0,0,0,0,0,0
Gm15658,0,0,0,0,0,0,0,0,0,0
Gm15668,17,17,16,19,20,9,19,17,9,11
Gm15675,10,15,16,13,9,9,4,5,4,8
Gm15679,6,8,5,0,4,2,0,8,0,0
Gm15687,1,5,11,7,6,8,6,7,0,0
Gm15688,10,34,36,31,23,9,9,11,5,5
Gm15689,9,13,19,6,16,6,15,6,3,10
Gm15690,35,151,98,78,115,7,44,32,10,40
Gm15700,5,7,6,2,8,4,0,0,0,0
Gm15704,0,8,5,6,10,0,0,0,0,0
Gm15706,18,61,38,54,55,71,35,30,19,19
Gm15713,5,8,3,9,12,2,6,8,2,10
Gm15721,2,9,6,8,12,6,0,6,0,0
Gm15723,141,150,76,96,127,82,50,74,72,47
Gm15726,5,4,12,6,17,5,0,5,0,0
Gm15728,35,88,82,88,112,34,39,59,25,35
Gm15731,0,4,8,9,0,0,8,3,0,0
Gm15735,3,0,0,4,9,9,6,4,0,4
Gm15738,1168,2440,1745,2007,2073,1036,1196,1231,737,831
Gm15743,9,21,15,19,26,10,6,13,3,5
Gm15747,6,11,7,4,9,1,7,1,5,0
Gm15756,46,62,60,37,62,18,15,54,10,41
Gm15774,8,4,5,7,5,5,5,0,1,3
Gm15777,0,0,0,0,0,0,0,0,0,0
Gm15788,6,0,0,5,5,6,10,5,7,9
Gm15800,608,1374,1091,1342,1384,826,753,643,431,630
Gm15810,895,2458,2172,2747,2505,1672,1446,2031,824,1209
Gm15813,6,23,14,12,25,7,9,14,3,7
Gm15816,4,7,3,10,5,5,0,0,0,0
Gm15818,37,45,52,49,68,45,38,27,26,33
Gm15834,200,347,284,324,341,154,168,206,118,115
Gm15851,0,7,14,4,7,0,0,0,0,0
Gm15853,0,0,0,0,8,0,0,0,0,0
Gm15856,58,172,134,151,135,111,82,93,61,74
Gm15857,0,0,0,0,0,0,0,0,0,0
Gm15859,0,0,0,0,0,0,0,0,0,0
Gm15860,113,165,147,135,187,106,91,158,93,80
Gm15862,35,60,33,64,54,13,16,24,7,27
Gm15866,3,0,0,9,3,5,0,0,0,0
Gm15867,5,8,5,8,13,13,6,22,11,6
Gm15868,4,10,6,0,9,2,7,2,2,2
Gm15879,6,26,15,28,26,7,6,7,3,6
Gm15880,3,8,3,3,7,1,2,1,3,4
Gm15884,0,0,0,0,0,0,0,0,0,0
Gm15886,171,85,288,316,75,59,270,226,91,120
Gm15892,184,333,188,201,295,87,162,196,96,149
Gm15894,0,4,6,9,10,0,0,0,0,0
Gm15904,0,0,0,0,0,0,0,0,0,0
Gm15911,0,6,3,4,6,0,0,0,0,0
Gm15912,30,120,114,116,137,41,50,69,36,41
Gm15917,1,0,0,0,0,6,6,10,2,3
Gm15918,9,10,10,12,27,29,5,13,15,6
Gm15929,12,35,22,27,43,7,8,9,8,7
Gm15932,5,8,6,7,9,1,8,4,1,2
Gm15934,1,14,9,16,11,9,12,5,6,4
Gm15938,3,15,13,7,15,5,8,6,4,5
Gm15939,13,36,20,29,40,13,12,15,9,10
Gm15942,8,13,28,14,19,4,6,14,1,5
Gm15952,201,410,357,368,390,254,218,259,143,153
Gm15956,58,103,104,100,122,63,71,34,38,47
Gm15965,501,1754,1112,1408,1193,27,576,475,171,346
Gm15972,6,23,15,24,22,4,5,3,6,4
Gm15976,0,12,9,3,13,0,0,0,0,0
Gm15987,3,8,8,10,0,6,5,5,0,2
Gm15991,11,14,21,18,28,29,11,33,4,13
Gm15996,4,17,8,14,10,4,0,0,0,0
Gm15997,25,45,68,47,39,42,23,49,6,20
Gm15998,7,23,17,17,18,25,25,15,19,24
Gm16000,18,28,27,33,26,40,36,29,12,16
Gm16001,0,6,9,6,11,0,0,0,0,0
Gm16006,3,4,14,5,12,2,7,1,3,5
Gm16008,15,38,17,34,32,27,14,9,8,21
Gm16013,0,7,4,2,0,0,0,0,0,0
Gm16033,0,4,5,5,4,0,0,0,0,0
Gm16036,7,30,27,34,35,11,14,14,6,11
Gm16041,0,0,0,0,0,0,0,0,0,0
Gm16043,7,18,10,19,14,7,10,9,1,7
Gm16049,0,0,0,0,0,0,0,0,0,0
Gm1604a,53,119,96,107,139,87,51,42,24,32
Gm1604b,22,54,51,60,54,39,27,18,11,18
Gm16050,3,13,8,9,8,7,1,3,2,7
Gm16052,0,0,0,0,0,0,0,0,0,0
Gm16054,10,10,11,12,15,1,9,8,4,5
Gm16055,0,5,6,7,8,5,4,2,2,3
Gm16059,1,0,0,0,0,3,0,0,0,0
Gm16062,30,95,120,108,81,101,58,81,29,46
Gm16068,13,12,12,14,18,2,14,10,11,16
Gm16069,0,9,7,5,4,0,0,0,0,0
Gm16070,23,40,39,50,48,39,30,26,25,26
Gm16075,7,13,9,17,20,12,11,7,8,4
Gm16083,230,536,494,415,487,257,285,217,147,175
Gm16087,0,0,0,0,0,0,0,0,0,0
Gm16090,2,8,8,3,7,2,0,0,0,0
Gm16093,20,46,45,56,45,25,51,34,19,17
Gm16099,4,8,12,8,10,5,0,0,0,0
Gm16105,178,275,233,261,241,238,246,165,110,169
Gm16116,5,9,5,8,5,4,7,6,4,1
Gm16118,1,0,0,0,0,0,0,0,0,0
Gm16124,267,219,213,250,301,230,159,422,230,149
Gm16126,44,186,165,153,173,63,65,90,47,39
Gm16140,0,0,0,0,0,0,0,0,0,0
Gm16141,13,26,38,28,50,15,11,14,3,4
Gm16145,10,9,12,18,11,4,11,9,6,6
Gm16150,9,10,12,19,8,6,3,3,4,2
Gm16151,0,0,0,0,0,0,0,0,0,0
Gm16152,133,228,155,130,131,130,135,124,70,84
Gm16156,7,33,28,26,41,8,13,5,10,10
Gm16157,0,2,7,6,1,0,8,3,2,4
Gm16158,4,3,7,13,7,3,0,0,0,0
Gm16161,1,0,0,9,7,28,9,0,7,3
Gm16168,61,126,131,117,125,39,67,40,34,55
Gm16172,0,2,8,6,11,0,0,0,0,0
Gm16178,8,24,13,31,32,11,17,13,4,13
Gm16183,31,58,32,38,33,26,38,37,31,11
Gm16189,120,363,288,305,319,67,147,191,57,133
Gm16192,0,0,0,0,0,0,0,0,0,0
Gm16193,12,21,21,17,18,7,12,13,8,21
Gm16206,10,19,9,19,12,5,16,16,9,8
Gm16208,0,10,2,4,4,0,4,6,3,2
Gm16212,12,25,22,14,21,21,34,19,16,18
Gm16214,0,0,0,0,0,0,0,0,0,0
Gm16223,30,39,31,38,37,28,41,28,16,22
Gm16226,4,12,6,21,12,24,22,14,5,16
Gm16229,0,6,8,4,8,0,0,0,0,0
Gm16230,60,61,61,75,69,57,47,48,19,28
Gm16235,0,0,0,0,0,0,0,0,0,0
Gm16251,2,5,4,2,5,1,3,3,0,3
Gm16252,1,4,9,0,7,2,0,0,0,0
Gm16253,4,10,9,7,15,6,4,4,3,1
Gm16263,7,40,25,41,34,8,15,9,10,12
Gm16267,23,67,50,57,59,30,45,41,27,20
Gm16268,4,8,7,10,9,1,0,0,0,0
Gm16271,5,18,16,14,22,4,7,5,4,2
Gm16272,43,75,58,71,74,33,36,33,21,30
Gm16275,12,12,14,9,12,5,9,4,3,6
Gm16277,0,0,0,0,0,0,0,0,0,0
Gm16279,36,87,78,81,89,47,41,43,19,37
Gm16282,4,19,9,11,13,5,15,17,4,11
Gm16286,0,0,0,0,0,0,0,0,0,0
Gm16287,6,11,8,12,5,12,4,6,2,4
Gm16294,0,5,6,2,4,0,0,0,0,0
Gm16299,0,9,2,4,6,3,0,0,0,0
Gm16316,39,36,30,26,42,24,45,50,36,35
Gm16325,4,13,6,4,10,0,3,4,0,4
Gm16337,24,41,35,48,44,26,23,21,17,25
Gm16339,0,11,11,12,6,0,0,0,0,0
Gm16341,9,12,17,6,16,14,7,11,12,12
Gm16343,1,18,10,12,22,1,0,0,0,0
Gm16347,0,143,126,120,116,0,0,0,0,0
Gm16351,4,9,8,17,10,6,4,2,2,6
Gm16365,19,44,58,39,47,25,27,12,11,28
Gm16380,0,16,9,17,20,0,0,0,0,0
Gm16386,7,23,12,21,19,11,3,8,4,11
Gm16427,2,0,0,4,7,5,5,2,5,2
Gm16432,467,814,681,689,751,454,396,373,207,343
Gm1647,2,30,25,15,39,27,16,7,15,20
Gm16485,1,10,5,15,16,6,4,5,4,3
Gm16499,0,0,0,0,0,0,0,0,0,0
Gm16503,4,16,4,9,6,3,2,4,1,1
Gm16536,7,32,27,26,24,11,4,8,2,12
Gm16537,3,18,9,15,19,1,1,4,1,6
Gm16538,0,24,21,11,29,1,4,3,3,1
Gm16541,195,673,584,642,606,501,595,506,388,498
Gm16549,0,9,6,3,6,0,1,4,2,2
Gm16552,103,210,228,233,222,126,148,142,76,88
Gm16553,2,7,3,4,5,5,0,0,0,0
Gm16564,6,5,5,6,4,4,4,6,1,2
Gm16572,2,11,10,10,5,4,4,5,3,3
Gm16573,2,0,38,21,5,0,2,0,17,3
Gm16576,7,13,11,7,16,13,16,14,6,10
Gm16586,146,481,429,455,500,261,192,225,125,196
Gm16596,1,8,13,16,9,3,2,1,2,6
Gm16599,203,434,401,379,472,220,248,308,101,182
Gm1661,14,32,33,33,23,13,29,17,9,16
Gm16617,0,0,0,0,0,0,0,0,0,0
Gm16630,8,6,24,14,13,14,9,7,6,11
Gm16638,81,185,139,167,168,110,78,75,30,54
Gm16685,2,7,11,16,17,7,4,3,4,2
Gm16701,2,21,17,29,30,24,10,5,5,5
Gm16701.1,0,0,0,0,0,0,0,0,0,0
Gm16702,55,67,60,51,72,22,70,35,28,44
Gm16712,3,31,28,32,36,11,12,9,2,10
Gm1673,89,712,828,751,918,118,155,163,71,115
Gm16740,39,133,103,85,119,27,50,60,39,43
Gm16751,12,12,19,14,12,11,6,7,4,5
Gm16755,2,0,0,0,0,3,0,0,0,0
Gm16793,0,0,0,5,6,0,0,0,0,0
Gm16794,24,42,45,34,41,32,19,44,21,20
Gm16833,85,161,104,125,127,44,70,78,33,44
Gm16838,0,0,0,7,3,0,7,3,2,5
Gm16845,68,138,185,96,140,38,42,110,31,37
Gm16853,23,34,34,36,24,30,30,20,17,10
Gm16861,6,20,14,25,25,8,6,7,1,5
Gm16876,15,30,31,44,30,11,28,13,13,10
Gm16892,2,7,9,4,4,0,0,0,0,0
Gm16894,57,133,140,159,135,153,66,103,55,63
Gm16897,6,16,15,14,27,5,10,7,4,3
Gm16907,4,10,7,3,8,3,4,8,3,1
Gm16958,3,12,13,10,18,2,4,4,2,5
Gm16973,6,39,27,41,40,10,18,15,7,16
Gm1698,11,5,3,9,15,4,6,3,5,5
Gm16982,5,12,14,3,17,7,5,9,8,7
Gm16984,2,11,9,12,16,5,6,5,4,6
Gm16998,9,16,14,10,14,5,7,18,3,3
Gm17017,0,0,0,0,0,0,0,0,0,0
Gm17023,3,0,0,9,2,2,0,0,0,0
Gm17029,2,12,9,13,18,5,2,7,4,0
Gm17033,0,0,0,11,0,0,0,0,0,0
Gm17035,1,0,0,8,9,3,0,0,0,0
Gm17036,66,126,94,115,118,57,90,80,47,74
Gm17056,82,208,123,132,134,30,68,63,36,51
Gm17057,4,0,0,0,0,1,2,3,3,3
Gm17058,37,61,59,56,55,19,60,52,31,33
Gm17087,0,4,6,1,5,0,0,0,0,0
Gm17089,0,0,0,0,0,0,0,0,0,0
Gm17090,39,74,58,51,83,33,55,57,38,29
Gm17092,2,0,0,0,0,5,0,0,0,0
Gm17102,8,35,40,36,34,9,18,14,9,10
Gm17103,5,8,7,8,4,4,7,3,4,5
Gm17110,0,0,0,0,0,1,0,0,0,0
Gm17112,13,18,16,22,18,7,12,11,8,8
Gm17116,1,17,10,16,19,0,5,7,4,4
Gm17120,0,0,0,0,0,0,0,0,0,0
Gm17122,0,0,0,0,0,0,0,0,0,0
Gm17135,89,157,139,144,160,107,105,106,57,69
Gm17139,0,0,0,0,0,0,0,0,0,0
Gm17146,0,0,0,0,0,0,0,0,0,0
Gm17151,3,0,0,8,6,0,0,0,0,0
Gm17160,5,6,5,10,14,4,11,7,3,3
Gm17168,22,48,72,72,65,36,43,47,34,37
Gm17171,39,82,87,95,101,66,60,109,30,46
Gm17173,5,11,14,11,19,3,4,2,3,7
Gm17178,18,156,149,39,172,20,26,40,16,30
Gm17180,0,8,5,0,14,0,0,0,0,0
Gm17201,0,8,8,11,13,3,0,0,0,0
Gm17202,27,106,103,98,98,43,47,57,22,31
Gm17216,20,16,20,24,23,18,26,16,9,18
Gm17224,0,0,0,2,7,0,2,2,0,5
Gm17227,149,360,336,383,332,174,234,186,102,139
Gm17231,445,2152,2435,2232,2211,1258,1026,982,622,654
Gm17232,0,4,6,1,2,0,0,8,0,0
Gm17249,6,18,11,6,9,3,3,3,2,2
Gm17250,15,32,36,48,22,7,22,15,5,13
Gm17259,16,48,28,32,36,14,17,18,10,13
Gm17275,5,11,5,11,20,3,8,2,5,2
Gm17276,83,129,129,122,162,150,88,99,40,85
Gm17296,50,84,71,82,71,58,54,46,27,42
Gm17300,29,87,59,155,71,13,33,49,8,19
Gm17305,8,8,11,10,8,3,4,3,2,2
Gm17322,0,0,0,0,0,0,0,0,0,0
Gm17324,2,19,7,11,13,4,6,5,4,5
Gm17334,0,9,8,6,6,2,0,0,0,0
Gm17344,8,14,15,11,23,10,11,22,7,11
Gm17349,2,4,4,2,12,0,0,0,0,0
Gm17354,85,240,181,216,202,119,111,116,80,90
Gm17359,61,304,293,293,375,145,88,77,64,86
Gm17382,73,130,106,135,124,103,75,58,40,56
Gm17387,14,0,0,0,0,13,6,7,3,7
Gm17399,0,0,0,0,0,0,7,4,0,6
Gm17435,57,80,56,48,47,47,51,58,34,31
Gm17455,13,21,58,21,32,10,30,13,8,10
Gm17473,4,23,11,15,19,1,4,6,7,13
Gm17477,13,38,24,28,16,4,32,23,8,13
Gm17484,42,74,63,73,91,58,32,53,21,28
Gm17491,0,0,0,0,0,0,0,0,0,0
Gm17501,17,36,47,40,38,19,23,21,7,12
Gm17509,15,35,21,16,24,7,8,14,4,4
Gm17514,7,0,0,0,0,0,6,1,1,1
Gm17518,2,7,4,7,3,11,3,9,2,3
Gm17529,37,102,83,94,93,37,67,59,38,33
Gm17541,0,6,11,10,7,0,0,0,0,0
Gm17545,18,27,27,27,27,26,26,32,12,17
Gm17552,1,6,8,7,5,1,0,0,0,0
Gm17571,4,7,13,7,10,3,5,3,6,6
Gm17586,15,42,60,31,84,28,23,32,10,17
Gm17590,4,9,6,10,6,2,3,3,2,3
Gm17597,29,58,49,47,69,45,28,45,20,36
Gm17606,2,16,13,17,14,3,5,2,3,4
Gm17615,0,0,0,0,0,0,0,0,0,0
Gm17631,8,0,0,0,0,5,3,0,3,6
Gm17638,1,0,0,0,0,0,0,0,0,0
Gm17651,2,0,0,0,0,2,0,0,0,0
Gm17660,0,0,0,2,4,0,0,5,0,0
Gm17669,5,3,11,8,10,4,12,5,4,4
Gm17690,6,20,11,12,20,9,6,7,6,8
Gm17705,21,40,34,38,49,15,26,16,17,14
Gm17720,5,10,9,17,19,3,7,8,5,5
Gm17750,137,249,245,275,264,74,155,124,67,96
Gm17767,6,13,17,6,10,4,8,10,3,4
Gm18025,0,5,6,4,3,0,0,0,0,0
Gm1818,8,10,6,3,24,0,0,0,0,0
Gm19265,54,140,129,126,152,105,69,84,43,47
Gm19273,3,1,7,2,0,0,0,0,0,0
Gm19325,8,6,9,8,15,6,12,10,6,4
Gm19345,0,3,10,7,12,0,0,0,0,0
Gm19412,24,74,87,64,70,35,47,27,25,35
Gm19426,9,26,19,17,22,10,4,6,3,7
Gm19461,53,104,88,91,85,33,40,54,15,25
Gm19583,12,35,31,33,31,24,12,11,8,14
Gm19619,5,14,5,14,12,6,4,4,2,3
Gm1965,0,0,0,0,0,0,6,2,1,2
Gm19667,4,0,0,0,3,4,1,3,3,1
Gm19684,11,29,25,11,27,4,14,21,7,15
Gm19705,36,95,104,122,98,48,53,53,34,38
Gm19710,722,1968,1633,1750,1738,1342,1541,1644,1053,1288
Gm19757,7,13,16,18,22,7,1,3,5,12
Gm1976,361,600,591,607,592,376,293,398,176,247
Gm1992,485,1527,1531,1676,1365,859,777,897,444,488
Gm2000,123,830,940,810,1107,304,234,210,137,158
Gm20045,43,51,40,67,74,39,31,42,19,24
Gm20089,0,0,0,0,0,0,10,0,0,0
Gm2012,8,0,0,0,0,4,14,6,0,0
Gm20186,9,45,24,38,44,9,11,11,14,13
Gm20342,0,0,0,0,0,0,0,0,0,0
Gm20379,0,0,0,0,0,0,0,0,0,0
Gm20383,6,22,17,15,22,4,6,9,5,5
Gm20387,18,51,36,39,27,21,24,33,13,22
Gm20388,8123,20502,18888,20180,18967,9232,10467,9325,5262,6720
Gm20400,3,23,15,23,23,9,11,6,3,15
Gm20404,142,181,244,360,274,69,159,190,69,90
Gm20406,0,0,0,0,0,0,0,0,0,0
Gm20422,54,68,51,56,72,53,42,40,31,42
Gm20431,6,6,10,4,10,3,10,4,8,2
Gm20441,0,5,4,4,9,0,0,0,0,0
Gm20442,0,0,0,0,0,0,0,3,2,2
Gm20443,0,4,7,3,3,0,0,0,0,0
Gm20449,11,11,21,18,21,8,12,5,12,8
Gm20457,11,29,41,31,43,8,20,5,6,11
Gm20458,10,36,21,29,32,8,8,14,5,9
Gm20463,0,0,0,0,0,0,0,0,0,0
Gm20468,13,94,73,82,120,24,23,9,10,27
Gm20479,11,83,72,84,88,26,37,24,13,19
Gm20481,0,7,4,4,0,0,0,0,0,0
Gm20483,10,8,4,10,4,9,9,5,4,3
Gm20496,0,0,0,0,0,0,0,0,0,0
Gm20498,41,140,132,119,162,79,52,53,44,67
Gm20499,50,140,110,121,152,67,66,96,44,45
Gm20503,26,38,27,21,44,21,12,13,3,5
Gm20509,2,12,6,8,14,10,7,5,3,3
Gm20511,0,0,0,0,0,0,0,0,0,0
Gm20512,0,3,6,5,2,0,0,0,0,0
Gm20515,8,49,18,23,39,4,15,6,3,12
Gm20517,37,75,89,83,103,87,38,55,24,45
Gm20521,123,168,88,114,162,49,79,85,54,76
Gm20522,8,13,8,6,13,5,2,9,2,4
Gm20532,12,23,19,10,9,16,18,12,9,14
Gm20537,10,17,27,37,28,19,3,11,14,8
Gm20548,0,0,0,0,0,4,1,0,2,4
Gm20557,1,0,0,0,0,2,0,0,0,0
Gm20604,0,14,15,8,16,0,0,0,0,0
Gm2061,10,23,16,32,18,3,3,7,3,6
Gm20618,1,7,8,13,11,0,5,3,2,4
Gm20619,2,10,4,6,8,3,7,6,7,5
Gm20628,0,12,6,4,11,0,0,0,0,0
Gm20629,7,19,28,14,26,7,7,7,4,6
Gm20631,6,12,9,10,12,6,5,4,10,12
Gm20632,1,7,5,3,7,2,0,2,1,7
Gm20635,7,16,13,21,20,10,5,9,3,1
Gm20636,0,7,4,6,5,0,0,0,0,0
Gm20641,46,100,69,89,80,68,60,67,43,57
Gm20642,3221,10847,9498,9910,10357,3834,6066,5805,2286,4772
Gm20647,0,6,6,0,6,0,0,0,0,0
Gm20649,26,109,91,192,156,58,75,38,22,32
Gm20652,11,9,6,10,11,7,8,10,4,7
Gm20655,4,12,11,7,11,7,6,8,3,3
Gm20659,0,0,0,0,0,0,0,0,0,0
Gm20661,8,16,15,28,11,8,10,3,7,4
Gm20671,27,53,41,46,50,20,25,23,11,20
Gm20680,85,156,166,240,201,89,76,95,36,52
Gm20685,9,13,18,24,31,11,14,2,5,14
Gm20692,4,3,11,5,14,5,5,13,2,7
Gm20695,1,0,0,0,0,0,0,0,0,0
Gm20696,502,980,790,860,986,455,480,450,279,398
Gm20700,8,14,15,20,11,3,5,3,0,4
Gm20703,0,0,0,0,0,0,1,1,3,1
Gm20708,7,23,11,18,18,11,11,3,8,11
Gm20711,3,21,7,11,16,13,7,15,1,4
Gm20715,0,7,10,12,9,0,7,3,6,3
Gm20716,18,15,30,20,20,20,18,18,12,11
Gm20721,11,84,55,67,108,11,16,8,8,10
Gm20726,13,32,0,6,18,12,11,12,3,11
Gm20732,95,243,185,234,271,157,131,116,73,114
Gm20750,11,4,5,7,4,12,9,4,3,9
Gm20752,8,28,18,15,18,19,10,10,4,4
Gm20753,4,0,0,0,0,5,0,0,0,0
Gm20754,2604,5200,4001,5096,5311,2832,2780,2656,2213,2779
Gm20755,0,0,0,0,0,0,0,0,0,0
Gm20757,3,16,23,12,10,4,0,0,0,0
Gm2087,112,625,585,724,649,166,212,156,85,138
Gm20878,0,0,0,0,0,0,0,0,0,0
Gm2093,0,0,0,4,6,0,1,2,0,2
Gm20939,0,7,5,11,7,0,0,0,0,0
Gm21092,1593,3871,3441,3643,4145,2082,1879,1910,1218,1717
Gm21119,0,0,0,0,0,0,0,0,0,0
Gm2115,149,410,391,449,338,167,117,142,63,108
Gm2117,0,3,6,2,0,0,0,0,0,0
Gm21454,10,16,16,14,18,9,14,8,4,6
Gm2155,8,6,7,17,10,1,0,0,0,0
Gm2163,964,82,2476,1562,1617,771,1242,1420,692,496
Gm21693,0,0,0,0,0,0,0,0,0,0
Gm21704,0,0,0,0,0,0,3,1,4,2
Gm21739,0,9,5,8,8,0,0,0,0,0
Gm21747,13,19,22,24,25,17,19,18,19,7
Gm21781,16,51,43,57,51,19,14,29,14,16
Gm21798,104,247,195,194,231,196,189,215,79,114
Gm21807,0,0,0,0,0,0,3,1,0,2
Gm21814,17,69,58,53,78,29,24,30,18,37
Gm21847,5,11,11,7,16,6,7,3,0,8
Gm21887,90,257,144,185,273,137,175,176,57,123
Gm21917,0,0,0,0,0,0,4,1,1,1
Gm21954,227,271,223,255,225,274,255,359,103,271
Gm21961,6,19,24,9,23,11,10,10,2,10
Gm21967,0,0,0,0,0,0,0,0,0,0
Gm21969,0,6,10,6,10,0,3,6,4,5
Gm21972,27,64,55,45,62,39,27,23,15,37
Gm21973,18,23,10,22,6,11,17,17,1,18
Gm21975,8,18,7,10,7,2,1,6,3,1
Gm21985,32,74,69,77,93,34,44,27,13,30
Gm21988,0,0,0,0,0,0,0,0,0,0
Gm21992,204,705,645,827,1005,390,268,222,166,233
Gm2237,1,26,32,27,29,0,0,0,0,0
Gm2245,3,12,9,5,7,5,3,2,2,8
Gm2415,13,62,57,47,51,32,29,31,12,14
Gm24362,0,0,0,0,0,0,0,0,0,0
Gm2447,3,14,3,9,8,5,2,5,3,3
Gm2449,4,11,10,5,17,5,0,5,0,0
Gm2464,6,35,43,34,38,17,16,15,7,9
Gm2464.1,4,9,10,10,8,3,0,5,0,0
Gm2479,2,5,6,4,3,8,0,6,0,0
Gm26507,4,22,6,21,21,12,5,8,3,2
Gm26508,0,0,0,0,0,0,0,0,0,0
Gm26510,32,51,16,21,44,55,41,27,47,48
Gm26511,21,33,69,3,53,0,0,16,0,0
Gm26512,26,45,34,24,32,7,12,22,2,19
Gm26516,6,6,6,8,11,5,5,5,3,7
Gm26518,293,582,843,1038,635,364,198,394,147,283
Gm26520,28,24,16,25,37,19,27,22,13,28
Gm26521,12,22,23,15,30,4,3,11,6,4
Gm26522,16,96,62,64,93,64,33,27,53,59
Gm26523,0,0,0,0,0,0,0,0,0,0
Gm26526,11,41,41,39,39,8,17,11,6,6
Gm26527,0,0,0,0,0,0,0,0,0,0
Gm26530,2,9,6,5,2,0,0,0,0,0
Gm26531,7,8,14,12,9,4,6,6,6,4
Gm26532,67,213,169,168,294,123,161,163,90,165
Gm26533,60,112,105,90,104,77,53,42,27,32
Gm26534,36,81,60,57,78,48,31,50,24,34
Gm26536,0,9,7,9,15,0,0,0,0,0
Gm26538,5,76,34,59,60,7,5,11,5,3
Gm26540,48,112,61,81,88,40,68,65,17,38
Gm26541,10,17,11,19,22,9,10,10,4,9
Gm26542,242,430,466,472,490,262,321,248,172,229
Gm26544,58,133,110,107,106,55,149,153,54,96
Gm26545,24,53,48,68,66,33,34,27,22,25
Gm26547,0,8,3,9,8,0,0,0,0,0
Gm26549,160,171,151,206,179,212,153,134,78,101
Gm26551,355,657,622,659,694,350,455,422,237,284
Gm26555,2,18,7,15,18,6,8,1,0,7
Gm26559,33,56,44,48,61,19,22,41,14,22
Gm26560,0,5,9,3,4,0,0,0,0,0
Gm26561,460,851,222,226,216,165,427,691,75,373
Gm26562,0,24,15,16,24,0,0,0,0,0
Gm26563,84,234,214,236,231,72,114,90,64,69
Gm26564,0,0,0,0,0,0,0,0,0,0
Gm26565,3,14,16,9,22,7,6,10,4,6
Gm26566,2,16,15,10,11,0,8,14,3,3
Gm26568,0,0,0,0,0,0,0,0,0,0
Gm26569,1,0,0,7,9,5,3,2,4,7
Gm26573,197,812,842,1394,1112,256,261,299,166,187
Gm26574,0,0,0,0,0,0,0,0,0,0
Gm26577,4,6,7,8,8,8,1,4,3,4
Gm26578,0,3,6,6,9,0,0,0,0,0
Gm26580,7,22,14,24,39,10,8,9,4,8
Gm26582,208,417,412,452,400,210,196,210,108,150
Gm26584,0,0,0,0,0,0,0,0,0,0
Gm26586,0,6,9,11,13,0,4,6,0,4
Gm26588,11,31,26,22,10,20,16,20,8,16
Gm26590,36,85,98,96,80,40,45,46,31,33
Gm26592,3,77,40,53,66,0,5,2,0,0
Gm26593,0,0,0,0,0,0,0,0,0,0
Gm26594,71,144,115,170,150,77,100,71,37,62
Gm26596,0,0,0,11,10,0,0,0,0,0
Gm26597,10,11,11,10,13,2,6,8,6,6
Gm26599,4,19,19,13,16,4,10,12,1,3
Gm266,23,103,92,89,88,18,23,18,10,22
Gm26601,0,0,0,0,0,0,0,0,0,0
Gm26603,0,0,0,0,0,0,0,0,0,0
Gm26604,10,27,25,40,18,11,31,24,7,11
Gm26606,154,321,277,236,334,174,184,196,90,125
Gm26608,0,12,3,4,2,0,2,1,4,4
Gm26609,30,127,194,154,80,36,124,37,55,39
Gm26610,7,25,19,30,37,15,9,10,12,9
Gm26611,0,0,0,0,0,0,0,0,0,0
Gm26612,2,10,3,3,8,5,1,11,1,3
Gm26613,21,29,26,38,36,17,19,16,7,13
Gm26615,5,6,5,4,5,2,9,4,4,4
Gm26619,5,21,12,18,16,5,7,2,6,2
Gm26620,8,10,13,22,14,11,6,13,2,8
Gm26624,77,167,175,161,182,82,91,109,59,55
Gm26625,5,0,0,0,0,0,0,0,0,0
Gm26629,2,7,5,6,7,4,0,0,0,0
Gm26631,70,154,102,128,120,63,89,89,37,55
Gm26632,22,23,25,17,26,22,49,21,26,43
Gm26633,28,36,28,31,27,33,14,29,15,13
Gm26635,45,109,87,84,97,64,55,56,24,26
Gm26636,3,8,8,14,13,0,0,0,0,0
Gm26637,3,7,5,5,8,4,4,5,7,8
Gm26641,6,8,13,9,14,10,3,13,2,12
Gm26642,0,0,0,0,0,0,0,0,0,0
Gm26644,12,45,45,47,52,13,23,15,7,8
Gm26646,19,37,30,20,25,15,33,20,21,12
Gm26647,4,9,5,8,9,0,0,0,0,0
Gm26648,5,0,0,0,0,0,0,0,0,0
Gm26649,0,0,0,0,0,0,0,0,0,0
Gm26652,281,528,369,421,523,299,391,295,217,344
Gm26653,14,26,15,21,21,20,3,18,6,8
Gm26658,16,54,47,42,52,30,20,45,5,12
Gm26659,0,0,0,0,0,0,0,0,0,0
Gm26660,11,21,11,24,20,11,5,11,8,15
Gm26664,7,11,25,18,27,10,10,15,9,7
Gm26665,11,10,19,15,9,10,10,9,1,10
Gm26668,199,848,824,852,1341,273,285,192,172,217
Gm26669,0,19,21,25,32,3,2,5,1,5
Gm26670,17,20,19,23,28,26,10,16,5,13
Gm26671,22,72,47,52,54,9,34,22,9,22
Gm26673,11,24,32,31,39,27,11,28,2,10
Gm26674,4,0,0,0,0,1,0,0,0,0
Gm26675,10,14,13,17,26,7,4,4,1,4
Gm26679,8,9,31,23,17,10,17,11,5,4
Gm26681,0,0,0,0,0,0,0,0,0,0
Gm26682,5,16,12,11,15,12,8,10,7,4
Gm26683,0,0,0,0,0,0,0,0,0,0
Gm26688,2,3,8,9,14,2,0,0,0,0
Gm26690,17,16,14,17,26,15,24,25,8,14
Gm26691,319,728,615,639,707,437,292,522,183,275
Gm26692,4,17,7,5,15,4,5,3,5,2
Gm26693,225,302,277,291,314,197,210,271,120,137
Gm26694,1814,4089,3733,4147,4140,1934,2153,2243,1154,1528
Gm26695,0,0,0,0,0,0,0,0,0,0
Gm26697,2,13,2,9,9,7,4,7,1,1
Gm26699,1902,4681,3406,4141,3817,1618,2301,2397,1193,1619
Gm26700,12,16,24,23,29,10,8,14,3,8
Gm26702,2,49,38,46,63,0,4,6,2,1
Gm26703,11,40,31,58,45,14,18,22,11,13
Gm26704,345,620,559,563,529,284,378,446,205,228
Gm26707,3,8,4,6,6,4,0,6,0,0
Gm26710,19,24,23,32,26,17,24,18,10,13
Gm26713,9,17,16,21,10,13,13,9,2,8
Gm26714,1,18,1,1,40,24,0,0,16,7
Gm26716,0,8,4,3,1,0,0,0,0,0
Gm26718,98,154,134,144,146,51,104,92,49,88
Gm26719,20,45,48,57,48,26,45,43,10,29
Gm26720,12,44,53,61,50,34,21,24,18,13
Gm26721,56,100,108,121,137,62,55,53,35,43
Gm26722,117,201,136,193,157,95,111,111,53,82
Gm26723,0,0,0,0,0,0,0,0,0,0
Gm26724,583,1419,1216,1332,1061,599,659,650,285,468
Gm26732,2,18,15,9,26,5,5,5,3,6
Gm26733,1592,4863,4133,3975,4261,1188,2952,3322,1667,2589
Gm26734,7,26,29,24,19,18,13,21,10,13
Gm26735,9,11,14,10,14,4,9,5,4,8
Gm26737,13,39,23,22,28,15,10,16,5,8
Gm26739,0,0,0,0,0,0,0,0,0,0
Gm26740,16,35,22,17,29,20,15,16,12,18
Gm26742,441,755,408,593,734,182,563,407,368,409
Gm26743,2,8,6,9,5,0,0,0,0,0
Gm26745,203,238,250,301,252,163,202,205,94,159
Gm26749,146,284,227,259,280,116,214,255,140,130
Gm26751,0,0,0,0,0,0,0,0,0,0
Gm26753,7,16,17,11,20,15,9,15,9,10
Gm26755,0,4,6,11,11,0,0,0,0,0
Gm26756,9,15,14,15,16,10,2,17,2,6
Gm26759,8,4,2,10,6,2,3,4,2,6
Gm26760,40,103,57,62,195,78,56,45,22,35
Gm26762,5,8,8,9,12,2,1,8,2,2
Gm26763,16,113,117,76,91,28,60,58,35,27
Gm26764,7,35,26,33,26,3,9,8,3,13
Gm26766,22,13,10,9,24,14,14,14,9,9
Gm26767,43,96,77,73,91,40,65,87,44,40
Gm26768,12,22,19,33,21,8,12,18,9,5
Gm26770,26,277,181,259,254,63,64,40,44,56
Gm26771,3,0,0,0,10,3,0,0,0,0
Gm26772,2,4,9,13,9,2,4,2,2,4
Gm26773,0,0,0,0,0,0,0,0,0,0
Gm26775,14,18,25,14,12,9,20,16,6,16
Gm26776,10,31,24,23,21,18,14,19,12,14
Gm26777,52,95,101,110,122,72,48,58,26,43
Gm26778,1,6,6,2,9,1,0,0,0,0
Gm26781,4,27,30,29,32,6,7,10,2,7
Gm26782,60,133,178,99,145,81,47,101,43,42
Gm26785,96,191,37,49,39,82,184,90,92,94
Gm26786,73,166,152,184,137,62,71,63,43,49
Gm26787,79,187,148,159,169,70,80,78,51,51
Gm26789,7,19,7,17,11,5,13,9,9,8
Gm26790,551,1871,1972,2330,2127,1306,753,1036,443,392
Gm26792,2,7,5,6,9,5,0,0,0,0
Gm26793,70,141,106,162,145,169,167,92,50,116
Gm26794,4,35,38,41,47,3,10,8,6,8
Gm26797,3,11,9,10,5,8,7,11,5,3
Gm26798,40,64,72,71,58,37,56,47,20,33
Gm26799,0,11,7,6,11,0,0,0,0,0
Gm26801,37,76,81,53,63,39,25,30,31,9
Gm26803,9,16,30,29,25,14,10,10,7,12
Gm26804,1277,3477,2811,2988,3232,1380,2102,1989,1193,1491
Gm26805,40,90,65,58,75,46,41,64,29,35
Gm26807,0,0,0,0,0,0,0,0,0,0
Gm26808,0,13,7,4,12,0,1,4,4,2
Gm26809,0,0,0,0,0,0,0,0,0,0
Gm26810,23,20,11,16,12,20,13,16,10,12
Gm26811,0,10,6,7,4,0,0,0,0,0
Gm26812,0,0,0,0,0,0,0,0,0,0
Gm26815,1,0,0,0,0,2,0,0,0,0
Gm26816,232,360,277,365,290,169,240,218,139,146
Gm26819,4,10,8,13,11,0,0,0,0,0
Gm26820,14,27,24,17,20,14,18,10,7,23
Gm26821,6,14,7,3,14,5,0,0,0,0
Gm26822,12,0,0,0,0,5,6,4,8,9
Gm26823,9,5,5,5,4,1,6,7,1,5
Gm26825,161,319,107,267,401,166,3,149,81,83
Gm26826,16,19,21,28,25,17,12,22,8,13
Gm26827,42,59,62,70,67,32,54,49,29,38
Gm26830,0,0,0,0,0,0,0,0,0,0
Gm26834,2,15,7,7,5,8,0,0,0,0
Gm26835,281,909,999,892,721,370,624,608,263,367
Gm26836,406,798,647,681,661,232,464,438,216,300
Gm26839,15,37,20,18,22,14,10,24,11,7
Gm26840,0,7,5,1,9,0,0,0,0,0
Gm26843,43,97,91,79,108,47,39,36,37,49
Gm26846,5,0,0,0,0,4,6,7,3,2
Gm26847,1,9,6,4,6,5,2,5,2,3
Gm26848,4357,9962,8096,10412,8902,4735,4542,5166,1971,2653
Gm26849,9,6,10,4,11,5,7,16,1,2
Gm26850,0,0,0,0,0,0,0,0,0,0
Gm26851,3,5,14,5,6,3,0,0,0,0
Gm26852,12,13,13,16,15,13,18,15,10,12
Gm26853,10,16,10,15,18,12,10,7,4,11
Gm26854,22,39,57,40,43,21,24,40,15,19
Gm26857,2,7,3,1,7,3,3,2,2,3
Gm26858,0,0,0,0,5,15,0,0,2,6
Gm26859,2,0,0,0,0,2,0,0,0,0
Gm26860,0,0,0,0,0,0,0,0,0,0
Gm26861,15,29,39,24,29,30,22,18,4,11
Gm26863,3,10,11,11,8,5,8,9,4,4
Gm26865,0,0,0,0,0,0,0,0,0,0
Gm26869,17,13,12,14,17,23,19,12,19,18
Gm26870,1,0,0,0,0,10,1,4,2,7
Gm26873,1,6,6,7,6,1,0,0,0,0
Gm26876,4,0,0,0,0,5,0,0,0,0
Gm26879,11,23,7,17,17,5,15,12,3,13
Gm26881,14,50,42,50,59,11,10,18,11,8
Gm26882,20,226,222,208,236,37,50,44,16,19
Gm26883,224,677,1030,669,1187,777,236,1031,43,462
Gm26884,0,0,0,0,0,0,0,0,0,0
Gm26885,16,21,7,15,25,7,5,12,5,7
Gm26887,6,4,5,8,4,5,0,0,0,0
Gm26890,0,0,0,0,0,0,0,0,0,0
Gm26892,13,22,36,31,27,10,16,16,5,12
Gm26895,6,7,3,9,18,3,1,3,2,4
Gm26896,0,0,0,0,0,0,0,0,0,0
Gm26899,79,156,121,184,155,26,83,63,35,43
Gm26901,52,79,67,78,78,67,44,45,34,35
Gm26902,1,11,17,6,20,3,0,12,0,0
Gm26903,40,32,22,30,32,18,28,24,8,27
Gm26904,1551,2646,2505,2838,2670,1611,1561,1746,1001,1267
Gm26905,920,3343,2049,2279,2771,329,1729,1606,573,1249
Gm26906,6,171,95,124,164,13,15,27,13,14
Gm26908,24,43,59,45,42,27,41,33,23,52
Gm26909,23,62,28,37,53,9,28,24,4,19
Gm26910,31,125,105,97,132,55,38,33,28,27
Gm26911,11,18,43,35,39,18,18,34,2,12
Gm26916,547,1725,1836,1773,1807,692,794,863,481,571
Gm26917,318,3434,2099,2581,3567,468,448,725,565,363
Gm26918,6,30,17,27,31,8,5,10,3,5
Gm26920,13,13,4,7,19,7,9,11,1,4
Gm26935,19,74,69,65,112,38,19,18,11,19
Gm26936,40,61,77,67,81,32,40,61,33,22
Gm2694,9,50,51,58,83,66,12,44,10,16
Gm26944,30,39,48,62,73,48,25,33,26,33
Gm26945,2,14,11,10,16,20,9,8,4,6
Gm26952,21,15,9,12,11,20,34,16,20,14
Gm26953,5,21,12,12,18,3,0,0,0,0
Gm26954,93,240,180,274,230,134,156,162,83,118
Gm26964,1,6,15,12,13,14,9,10,6,11
Gm26965,5,5,8,9,10,4,1,1,2,4
Gm26981,190,245,212,232,224,156,178,208,111,121
Gm26982,0,10,9,11,19,2,0,2,2,6
Gm26995,2,15,10,9,11,5,7,3,3,4
Gm27000,4,117,58,68,99,14,8,21,5,1
Gm27003,257,266,201,237,239,163,160,155,63,108
Gm27008,18,37,38,32,45,17,21,27,22,18
Gm27010,9,18,19,22,16,14,13,22,6,14
Gm27017,18,22,21,22,29,11,24,19,7,8
Gm27021,12,27,33,20,33,25,11,13,9,14
Gm27022,8,114,62,67,91,4,19,18,8,8
Gm27027,12,11,11,19,15,7,4,9,4,6
Gm27029,7,27,25,21,24,21,18,21,9,10
Gm27032,623,2020,1707,1909,2060,1112,951,1302,634,863
Gm27040,6,11,6,5,17,7,7,2,4,2
Gm27042,3,10,6,4,7,4,1,3,2,8
Gm27151,75,183,123,166,143,57,95,64,39,64
Gm27153,21,53,52,59,45,26,31,32,21,17
Gm2716,14,16,15,17,14,4,9,4,8,11
Gm27164,3,9,8,6,5,0,5,3,1,1
Gm27167,2,0,0,0,0,0,0,0,0,0
Gm27184,3,7,7,8,6,3,0,0,0,0
Gm27188,64,121,134,128,130,88,72,105,69,72
Gm27197,0,7,6,4,12,0,0,0,0,0
Gm27198,43,122,125,123,121,54,64,41,39,42
Gm27200,24,71,44,42,35,30,30,33,12,14
Gm27201,1,0,0,3,2,2,0,0,0,0
Gm27206,0,0,0,0,0,0,0,0,0,0
Gm27209,1,0,0,0,0,1,0,0,0,0
Gm27211,3,0,0,0,0,0,0,0,0,0
Gm27224,4,9,0,0,2,7,2,6,2,3
Gm27239,8,33,14,19,43,15,22,17,7,19
Gm27241,587,2116,1696,1607,1577,1025,1395,1158,514,1009
Gm27247,392,939,925,993,893,780,444,518,223,439
Gm27253,160,347,295,263,330,318,274,289,140,153
Gm2762,182,353,246,319,305,290,213,145,133,172
Gm28036,1,0,0,0,0,2,0,0,0,0
Gm28038,0,8,4,5,6,0,0,0,0,0
Gm28043,40,70,51,63,74,37,29,30,15,35
Gm28044,0,0,0,0,0,0,5,0,4,1
Gm28045,10,14,14,5,9,0,4,0,1,2
Gm28048,13,24,23,22,29,21,9,18,11,10
Gm28050,52,76,86,99,110,41,42,50,19,28
Gm28051,7,21,24,22,29,9,7,7,4,8
Gm28055,13,8,12,4,13,8,10,8,5,5
Gm28062,0,12,5,7,11,5,4,5,4,6
Gm28068,0,5,3,5,0,0,3,4,1,6
Gm28085,6,6,9,8,14,6,12,10,5,5
Gm28087,0,0,0,0,0,0,1,2,2,2
Gm28095,3,14,11,12,12,5,8,6,7,3
Gm281,2,0,0,0,0,0,0,0,0,0
Gm28140,1,0,0,0,0,0,0,0,0,0
Gm28151,0,0,0,0,0,0,0,0,0,0
Gm28153,333,2542,2678,2921,3767,772,470,447,251,483
Gm28154,3,25,14,11,17,6,11,15,6,4
Gm28156,7,8,11,20,15,2,10,6,2,7
Gm28172,16,69,46,63,60,12,24,8,16,33
Gm28198,501,1134,1019,1204,1156,688,807,962,550,619
Gm28221,0,7,3,10,9,0,0,0,0,0
Gm2824,68,160,184,234,238,142,72,110,51,78
Gm28258,3,0,0,0,0,1,5,4,1,5
Gm28285,279,698,581,650,680,446,400,490,258,358
Gm28286,0,0,0,0,0,0,0,0,0,0
Gm28289,0,0,0,0,10,0,0,0,0,0
Gm28294,14,62,45,42,44,5,7,9,7,10
Gm28306,0,10,4,3,4,2,0,0,0,0
Gm28307,108,153,134,181,170,87,139,117,64,75
Gm28319,0,6,6,6,5,0,2,3,1,2
Gm28322,0,0,0,0,0,0,0,0,0,0
Gm28342,1,0,0,0,0,0,0,0,0,0
Gm28370,49,87,80,78,78,115,104,111,70,78
Gm28375,313,726,593,690,677,261,479,463,191,364
Gm28376,3570,6102,5491,6045,5954,4375,4517,5200,4083,3877
Gm28379,11,29,30,36,34,24,15,20,17,11
Gm28410,0,0,0,0,0,4,0,0,0,0
Gm28411,41,45,42,33,46,21,47,38,26,25
Gm28424,22,57,61,59,73,34,39,26,19,32
Gm28494,159,140,90,126,125,200,114,105,55,79
Gm28501,36,67,67,65,60,58,93,48,46,60
Gm28505,0,6,3,0,7,0,8,5,0,0
Gm28513,1,0,0,0,0,3,0,0,0,0
Gm28526,3,0,0,0,0,0,8,3,5,5
Gm28529,17,24,18,23,29,21,13,19,9,13
Gm28535,13,37,26,31,31,17,18,14,14,10
Gm28539,128,212,152,158,200,84,133,148,57,89
Gm28551,11,9,9,11,16,8,4,7,5,6
Gm28557,10,31,27,27,26,14,15,14,7,17
Gm28578,17,25,26,28,17,24,10,11,13,13
Gm28592,0,4,7,0,8,0,0,0,0,0
Gm28609,37,33,49,32,34,25,23,20,14,25
Gm2861,0,9,2,5,7,0,3,4,3,3
Gm28610,0,0,0,0,0,2,0,0,0,0
Gm28635,8,21,30,16,15,9,11,14,9,9
Gm28638,9,11,14,13,11,8,10,8,3,5
Gm28643,6,15,17,15,5,1,1,3,7,5
Gm28652,0,13,4,5,3,0,0,0,0,0
Gm28675,0,0,0,0,0,0,1,5,1,2
Gm28694,7,9,3,10,8,4,7,6,2,6
Gm28707,1,0,0,0,0,2,0,4,0,0
Gm28723,9,7,9,9,9,7,4,7,9,1
Gm28727,23,427,473,414,621,10,20,12,13,10
Gm28750,43,95,76,59,76,37,57,55,40,48
Gm28782,0,0,0,2,6,0,0,0,0,0
Gm28784,0,8,5,4,3,0,0,0,0,0
Gm28800,0,4,7,2,3,0,0,0,0,0
Gm28807,3,8,9,10,12,5,4,1,3,2
Gm28809,4,5,4,2,7,5,1,1,5,5
Gm28826,0,0,0,0,0,0,0,0,0,0
Gm28836,4,19,12,14,13,16,8,13,8,8
Gm28845,0,9,8,4,16,0,0,0,0,0
Gm2885,15,27,24,13,31,8,16,11,12,5
Gm28863,0,0,0,0,0,0,0,0,0,0
Gm28873,26,78,23,19,110,26,14,32,29,28
Gm28874,6,11,7,10,13,4,3,4,4,6
Gm28875,10,30,24,21,24,7,16,17,5,14
Gm28892,0,0,0,0,0,2,0,0,0,0
Gm28902,0,14,6,6,10,0,0,0,0,0
Gm28905,284,551,742,537,778,632,285,1044,105,357
Gm28928,714,1866,2552,1872,3577,5234,1056,3922,217,1634
Gm28933,0,0,0,0,0,0,0,0,0,0
Gm28959,0,6,5,2,8,0,0,0,0,0
Gm28960,274,796,543,664,618,357,435,385,166,276
Gm2897,0,12,4,1,17,0,0,0,0,0
Gm28981,2,20,9,14,13,7,11,6,4,7
Gm28982,4,10,11,8,9,8,7,9,1,5
Gm28989,25,63,50,50,55,25,37,25,5,17
Gm28991,0,0,0,0,0,0,0,0,0,0
Gm29017,0,0,0,0,0,0,0,0,0,0
Gm29018,7,21,8,13,7,9,9,8,2,5
Gm29019,21,52,38,45,52,29,36,17,13,16
Gm29050,0,0,0,0,0,3,0,0,0,0
Gm29051,11,21,15,13,20,13,11,15,9,15
Gm29069,21,26,24,24,33,24,5,29,6,15
Gm29083,3,2,14,8,13,0,0,0,0,0
Gm29088,16,59,28,49,47,34,42,17,14,20
Gm29100,0,3,6,4,6,0,0,0,0,0
Gm29107,9,22,12,23,18,7,12,5,4,15
Gm29114,61,102,118,116,111,68,68,62,27,39
Gm29123,4,0,0,0,9,6,0,0,0,0
Gm29154,9,8,11,6,5,0,0,0,0,0
Gm29155,0,0,0,0,0,3,0,0,0,0
Gm29185,5,9,17,11,10,6,6,4,7,1
Gm29205,0,0,0,0,0,0,0,0,0,0
Gm29221,0,0,0,0,9,0,0,0,0,0
Gm29237,11,37,34,27,42,9,15,17,6,18
Gm29242,15,15,26,18,18,16,15,9,10,9
Gm29245,0,0,0,0,0,0,0,0,0,0
Gm29260,12,9,8,13,12,14,10,9,4,12
Gm29266,36,126,125,92,84,68,85,49,49,42
Gm29282,4,6,11,7,12,7,3,15,3,3
Gm29283,2,0,0,0,0,2,0,0,0,0
Gm29325,5,18,16,20,23,9,8,4,2,6
Gm29328,5,10,8,8,11,7,16,15,15,10
Gm29331,0,0,0,0,0,0,0,0,0,0
Gm29340,0,9,11,2,6,0,0,0,0,0
Gm29361,0,9,10,9,5,3,0,0,0,0
Gm29367,9,26,24,24,19,10,10,13,2,10
Gm29394,32,50,60,68,56,35,31,29,24,25
Gm29415,0,6,6,0,6,0,4,3,2,2
Gm29417,25,6,6,4,0,8,12,4,5,5
Gm29427,17,23,21,23,33,16,12,16,11,15
Gm29443,11,10,9,8,12,7,8,8,1,6
Gm29455,8,11,12,7,12,9,5,5,4,1
Gm29477,3,0,0,0,0,0,0,0,0,0
Gm29478,10,38,42,40,36,7,19,12,7,14
Gm29480,5,11,11,10,17,9,11,10,1,6
Gm29481,2,11,8,13,13,9,7,8,2,4
Gm29483,0,8,5,6,9,0,0,0,0,0
Gm29491,53,263,223,346,259,68,130,84,41,71
Gm29502,21,27,52,50,53,26,23,31,11,12
Gm29508,6,27,34,10,25,6,9,8,5,10
Gm29514,96,225,205,195,232,146,103,125,82,98
Gm29530,0,4,10,5,5,3,0,0,0,0
Gm29536,71,126,146,169,165,80,93,86,50,58
Gm29538,3,3,18,2,8,2,6,2,8,3
Gm29543,0,4,4,2,7,0,0,0,0,0
Gm29554,4,10,9,6,8,5,4,5,2,6
Gm29562,0,0,0,5,9,0,0,0,0,0
Gm29570,9,19,21,18,23,13,3,6,7,1
Gm29571,18,38,18,18,24,9,15,14,10,10
Gm29585,1,21,19,16,35,6,5,3,2,8
Gm29587,13,44,23,36,41,23,28,30,13,27
Gm29593,0,10,11,17,9,0,7,4,0,0
Gm29595,8,24,37,35,51,14,8,17,4,9
Gm29609,4,12,8,6,6,1,4,5,1,1
Gm29611,0,0,0,0,0,0,1,5,2,5
Gm29642,48,124,119,101,142,32,55,79,30,48
Gm29650,3,16,15,28,36,13,9,4,4,14
Gm29666,32,68,65,51,73,23,18,27,14,24
Gm29669,4,27,8,16,15,5,0,0,0,0
Gm29707,2,0,0,0,0,9,3,8,5,5
Gm2974,3,21,20,21,11,9,10,15,3,7
Gm29771,6,11,10,15,13,6,0,0,0,0
Gm29811,4,10,7,9,7,2,7,5,4,2
Gm29865,38,53,89,52,54,26,42,42,48,25
Gm2a,79,340,280,214,276,60,102,84,41,81
Gm3002,8,8,13,12,15,12,4,4,9,8
Gm3005,4,13,13,14,14,6,8,2,4,6
Gm30097,0,0,0,0,0,0,3,2,1,3
Gm30173,3,0,0,0,0,1,0,0,0,0
Gm30292,0,0,0,0,9,0,0,0,0,0
Gm30304,10,8,8,6,9,24,7,7,8,18
Gm30332,0,0,0,0,0,4,0,0,0,0
Gm30382,259,690,632,697,854,732,334,601,107,386
Gm30524,11,34,35,17,19,5,11,7,12,19
Gm30613,5,9,5,12,4,5,1,1,4,2
Gm30667,12,20,16,15,24,16,19,20,7,15
Gm30731,5,11,6,6,12,2,3,3,2,5
Gm3086,8,32,29,42,32,17,14,13,4,10
Gm31108,6,4,6,0,5,4,0,3,0,0
Gm31121,4,15,7,6,7,4,4,6,3,7
Gm3115,0,0,0,0,0,0,0,0,0,0
Gm31363,0,0,0,0,0,0,2,0,1,1
Gm31415,4,26,22,13,8,2,9,6,2,3
Gm3143,141,174,149,118,182,74,94,103,73,66
Gm31728,11,18,21,24,24,12,9,7,3,9
Gm3173,54,42,50,45,31,95,57,50,32,52
Gm31747,6,6,11,0,5,4,2,2,2,0
Gm32200,7,8,5,10,8,11,6,12,0,4
Gm32250,169,497,547,554,525,211,355,444,264,375
Gm3235,21,28,21,28,26,14,14,22,16,5
Gm3248,0,19,5,3,23,0,0,0,0,0
Gm3252,0,8,8,9,9,0,2,1,2,1
Gm32569,8,18,23,14,16,6,9,9,6,9
Gm32592,0,5,4,4,7,0,0,4,0,2
Gm3264,2,6,5,5,6,6,2,5,1,3
Gm32780,6,5,5,5,0,3,6,3,1,2
Gm3294,64,169,228,159,160,101,68,179,36,51
Gm32950,24,18,21,21,31,10,12,19,6,12
Gm33051,0,6,3,4,3,0,0,0,0,0
Gm33206,8,5,10,6,10,8,3,12,4,4
Gm33533,22,25,28,20,35,39,18,25,7,8
Gm3383,11,40,19,22,24,17,4,9,6,6
Gm34086,69,199,210,194,192,86,77,118,54,43
Gm3411,4,14,9,14,10,13,4,5,3,2
Gm34240,0,0,0,0,0,0,0,0,0,0
Gm3448,344,756,617,627,744,431,431,351,234,328
Gm3453,0,3,12,13,1,0,4,2,2,2
Gm3468,9,17,15,20,24,16,14,13,8,11
Gm34728,0,9,10,5,6,0,0,0,0,0
Gm3488,0,4,3,0,6,0,0,0,0,0
Gm34882,0,0,0,0,0,0,0,0,0,0
Gm3510,24,54,41,49,60,30,23,42,12,13
Gm3512,0,10,4,3,10,0,0,0,0,0
Gm3550,11,24,19,23,26,4,17,6,7,4
Gm35549,3,0,0,5,7,1,0,0,0,0
Gm3558,0,12,11,5,10,4,0,0,0,0
Gm35911,4,8,12,8,6,3,9,15,9,7
Gm3604,9,18,9,20,23,5,3,6,5,6
Gm36266,3,5,9,9,2,4,0,0,0,0
Gm3636,0,7,0,0,14,0,0,0,0,0
Gm36388,61,103,108,100,140,111,57,95,40,45
Gm364,0,0,0,0,0,0,0,0,0,0
Gm36536,0,11,3,3,4,0,3,3,6,2
Gm3693,0,9,6,5,9,5,2,4,3,2
Gm3696,29,33,22,32,64,36,39,26,13,25
Gm36975,333,741,666,789,738,366,516,441,260,301
Gm36992,2,4,7,11,6,0,0,0,0,0
Gm37020,0,6,4,7,6,0,5,7,0,11
Gm37065,15,15,8,14,9,16,20,10,8,16
Gm3716,3,12,4,5,11,10,9,2,5,7
Gm37165,0,4,7,5,8,0,0,0,0,0
Gm37168,4,16,9,7,17,8,6,5,4,6
Gm37170,8,6,10,12,9,6,35,13,5,6
Gm37184,9,24,23,43,23,11,12,13,11,9
Gm37202,2,0,0,0,0,0,4,1,0,0
Gm37229,15,22,18,21,26,11,7,15,10,14
Gm37240,852,2050,1768,1939,1870,1057,1398,1182,709,1026
Gm37245,13,62,41,48,59,30,28,24,19,22
Gm37256,3,0,0,0,0,3,0,0,0,0
Gm37273,0,9,4,4,7,0,0,0,0,0
Gm37276,0,5,8,2,6,0,0,0,0,0
Gm37305,10,19,16,15,19,15,10,10,7,10
Gm37336,0,0,0,5,9,0,0,0,0,0
Gm3739,7,35,46,47,29,9,8,8,4,6
Gm37401,62,49,33,42,57,15,29,29,13,24
Gm37422,2,0,0,2,8,0,0,0,0,0
Gm37459,65,125,132,148,134,114,93,95,51,69
Gm37494,68,188,174,163,189,75,55,61,42,73
Gm37571,5,5,8,14,12,5,5,4,4,3
Gm37584,2,7,6,8,12,7,4,11,2,5
Gm37623,64,75,78,55,60,0,97,78,0,0
Gm3764,2136,4860,4279,4602,4546,1988,2131,2311,1005,1668
Gm37640,6,9,5,8,6,6,7,6,2,5
Gm37679,369,1086,766,914,853,254,479,416,204,302
Gm37707,0,6,3,0,0,0,0,0,0,0
Gm37748,3,8,6,7,3,1,0,7,0,0
Gm37756,0,0,0,0,0,0,0,0,0,0
Gm37768,84,100,100,118,122,56,70,85,39,46
Gm37850,9,13,13,15,11,15,16,10,7,12
Gm37853,0,5,5,6,4,0,0,0,0,0
Gm37876,3,5,5,10,7,3,5,4,2,3
Gm37885,14,39,30,44,59,7,12,13,7,17
Gm37915,0,0,0,0,0,0,0,0,0,0
Gm37971,1,10,6,15,20,11,7,3,2,5
Gm37974,6,6,5,1,4,2,0,0,0,0
Gm37982,199,502,405,390,337,166,224,252,82,133
Gm37986,0,21,14,13,17,4,2,2,3,6
Gm37988,25,96,78,100,123,27,28,38,23,22
Gm38033,0,0,0,0,0,2,0,0,0,0
Gm38037,7,10,5,11,5,8,2,6,5,5
Gm38039,3,7,8,7,7,6,7,4,2,5
Gm38102,1,10,12,9,13,0,0,0,0,0
Gm38112,223,387,360,399,331,244,217,225,99,144
Gm38134,269,505,515,487,422,197,275,265,107,160
Gm38155,188,678,469,489,560,438,304,478,251,203
Gm38186,2,5,8,2,2,2,0,3,4,2
Gm382,19,11,9,8,10,12,15,22,8,24
Gm38204,0,0,0,0,0,0,0,0,0,0
Gm38250,78,104,95,89,106,78,64,81,41,59
Gm38251,152,259,333,242,277,272,233,239,122,107
Gm38287,0,0,0,0,0,0,0,0,0,0
Gm38293,7,19,13,10,11,11,7,3,4,3
Gm3830,3,0,0,0,0,2,0,0,0,0
Gm38304,197,436,418,401,443,254,323,298,166,228
Gm38336,3,26,17,19,13,4,11,5,0,0
Gm3839,0,3,5,4,12,1,0,0,0,0
Gm38392,37,67,73,87,84,64,60,30,23,32
Gm38393,122,327,300,368,486,265,134,137,87,137
Gm38399,47,49,48,41,52,46,42,22,28,45
Gm3848,10,29,38,50,34,11,17,10,16,16
Gm38505,400,879,764,731,843,365,597,629,307,435
Gm3952,2,12,6,5,9,4,8,13,8,4
Gm3985,4,7,8,3,10,5,5,13,1,3
Gm40190,1,0,0,0,9,4,3,6,4,2
Gm4070,2,0,0,0,2,1,0,0,5,4
Gm4128,225,770,555,630,574,246,412,354,204,285
Gm4131,53,966,953,926,1126,104,181,148,74,103
Gm4208,0,0,0,7,2,0,0,0,0,0
Gm4211,13,29,37,26,35,20,6,23,8,11
Gm4221,106,173,144,122,164,63,71,68,50,66
Gm42413,247,580,444,412,512,240,402,364,209,278
Gm42418,68,577,507,481,592,65,70,65,47,39
Gm42420,1,114,156,136,167,0,0,0,0,0
Gm42439,626,1277,1466,1565,1318,942,1025,1133,706,793
Gm42456,87,101,89,77,89,35,42,47,22,37
Gm42469,75,162,143,146,191,130,105,109,63,92
Gm42477,1681,4841,3928,4219,4330,2669,3086,2535,1646,1735
Gm42485,14,8,7,5,17,3,5,5,4,6
Gm42487,0,6,6,4,18,0,0,0,0,0
Gm42517,12,72,76,74,69,18,20,12,10,12
Gm42529,2,4,9,3,0,2,6,7,2,2
Gm42556,49,74,74,62,82,47,48,47,31,28
Gm42560,57,72,39,59,54,33,51,63,49,34
Gm42563,2,13,7,6,5,6,3,6,2,2
Gm42567,16,40,42,41,43,23,25,31,13,14
Gm42586,0,0,0,0,0,0,0,0,0,0
Gm42595,6,18,16,21,38,9,11,10,5,8
Gm42609,9,9,14,14,19,6,9,8,6,7
Gm42620,4,5,6,6,5,0,0,0,0,0
Gm42637,2,7,10,5,11,9,8,2,5,3
Gm42649,84,385,178,286,297,275,46,149,24,119
Gm42669,11,41,38,30,32,15,17,21,6,13
Gm42670,5,10,9,10,9,7,10,3,3,3
Gm42695,4,4,15,6,11,5,9,0,3,5
Gm42705,11,19,21,36,17,16,16,12,2,15
Gm42707,10,17,27,39,36,12,15,20,6,13
Gm42715,18,7,5,7,8,3,7,5,3,3
Gm42722,116,291,219,209,219,119,157,132,68,143
Gm42723,0,8,9,11,15,2,0,0,0,0
Gm42726,43,103,91,109,79,45,72,62,53,59
Gm42738,0,6,10,10,4,0,0,0,0,0
Gm42744,7,25,16,20,26,16,12,12,19,9
Gm42745,0,0,0,0,0,0,2,5,1,2
Gm42746,8,0,0,0,0,14,16,6,15,12
Gm4275,15,29,11,29,22,9,16,24,10,12
Gm42754,4,8,7,10,18,2,8,5,5,1
Gm42756,0,3,7,6,6,2,1,5,1,5
Gm42762,0,0,0,0,0,0,0,0,0,0
Gm42788,0,7,2,2,6,0,0,0,0,0
Gm4279,2,0,0,0,0,1,0,0,0,0
Gm42791,3,9,5,1,5,5,0,0,0,0
Gm42817,2,0,0,0,0,2,8,3,1,0
Gm42831,6,9,7,4,14,11,7,7,5,5
Gm42836,0,5,7,0,2,2,0,0,0,0
Gm42846,0,0,0,0,0,0,0,0,0,0
Gm42848,0,0,0,0,0,2,0,0,0,0
Gm42849,0,0,0,0,0,0,0,0,0,0
Gm4285,26,63,71,54,52,35,44,40,17,24
Gm42851,215,547,357,434,458,125,252,276,115,171
Gm42864,254,326,411,434,337,294,377,570,316,290
Gm42865,10,22,23,19,15,9,3,5,7,3
Gm42875,6,9,6,4,7,9,7,6,6,2
Gm42877,0,7,6,4,5,0,0,0,0,0
Gm42878,5,17,11,11,14,5,3,11,3,7
Gm42884,16,18,24,21,34,14,15,13,7,8
Gm42893,14,17,9,19,13,9,14,11,5,1
Gm42902,27,59,39,43,53,38,34,30,18,13
Gm42906,17,57,54,64,50,28,15,21,14,25
Gm42912,0,0,0,0,0,0,2,6,4,3
Gm42917,120,190,145,200,205,155,149,154,92,115
Gm42948,3,9,5,3,7,2,12,2,1,3
Gm42950,54,69,65,62,75,72,58,68,20,33
Gm42954,5,7,3,1,9,5,2,14,4,5
Gm42956,0,6,3,2,5,0,0,0,0,0
Gm42957,0,0,0,0,0,0,0,0,0,0
Gm42962,0,0,0,0,0,0,2,2,3,1
Gm42982,85,151,148,151,140,114,154,174,91,120
Gm42984,90,145,152,177,177,91,93,83,44,59
Gm42997,16,56,37,32,42,36,28,22,17,19
Gm43016,55,94,53,73,109,58,73,50,23,63
Gm43055,6,22,19,15,15,11,10,12,2,7
Gm43062,8,12,11,13,12,5,13,8,2,7
Gm43064,0,9,0,5,10,0,3,3,3,7
Gm43076,4,18,17,21,16,7,6,8,1,6
Gm43082,0,5,3,8,7,0,0,0,0,0
Gm43087,0,0,9,6,0,0,0,0,0,0
Gm43091,0,0,0,0,0,0,0,0,0,0
Gm43095,0,9,5,6,7,0,0,0,0,0
Gm43109,0,0,0,0,0,2,0,0,0,0
Gm43118,0,0,0,0,0,0,0,0,0,0
Gm43122,10,34,29,31,40,15,21,12,8,11
Gm43126,2,41,24,37,29,22,19,0,14,7
Gm43137,0,5,7,9,5,0,0,0,0,0
Gm43150,7,15,18,22,19,14,6,15,11,6
Gm43154,67,85,76,76,87,51,58,52,36,44
Gm43159,0,3,5,2,2,0,0,0,0,0
Gm43191,5,12,5,8,14,13,12,12,8,6
Gm43192,39,79,109,87,86,44,78,83,32,35
Gm43194,75,161,199,160,167,121,35,120,25,72
Gm43207,5,7,11,10,14,5,7,4,4,4
Gm43248,40,112,104,110,122,82,47,63,18,38
Gm43254,0,7,5,3,6,0,0,0,0,0
Gm43270,11,20,25,24,28,29,14,40,11,8
Gm43278,32,52,54,57,52,26,37,25,16,18
Gm43298,6,11,7,16,5,1,4,7,2,5
Gm43299,19,35,27,38,31,10,20,13,6,8
Gm43301,5,0,0,11,5,0,6,4,4,2
Gm43306,0,0,0,0,0,0,0,0,0,0
Gm43332,0,0,0,0,0,0,0,0,0,0
Gm43376,30,102,81,82,97,57,75,79,43,53
Gm43401,6,10,3,8,12,4,6,4,2,5
Gm43403,7,10,6,5,6,8,0,0,0,0
Gm43434,22,10,21,16,16,22,16,5,10,13
Gm43453,0,0,0,0,0,0,0,0,0,0
Gm43455,9,10,10,10,14,4,6,12,2,4
Gm43458,4,6,7,1,7,1,2,5,2,4
Gm43477,49,164,94,91,155,23,61,31,25,57
Gm4349,1,10,14,6,16,18,7,18,8,9
Gm43500,0,0,0,0,0,0,0,0,0,0
Gm43507,147,475,470,433,432,443,360,567,121,362
Gm4353,0,19,15,17,19,0,0,0,0,0
Gm43552,14,37,47,32,41,17,9,15,6,16
Gm43569,0,6,4,0,5,4,0,6,0,0
Gm43570,5,7,8,10,15,2,7,8,2,3
Gm43573,0,5,4,1,4,0,0,0,0,0
Gm43579,1,5,21,7,7,0,0,0,0,0
Gm43597,16,78,61,81,78,32,21,28,16,24
Gm43598,0,8,7,14,12,8,1,3,2,4
Gm43599,5,24,10,12,21,1,0,7,0,0
Gm43603,22,84,89,87,85,20,35,21,19,18
Gm43608,3,9,7,11,7,3,7,2,4,2
Gm43634,29,29,29,37,33,28,18,34,8,15
Gm43647,16,51,36,43,42,14,29,21,13,14
Gm43653,7,19,11,12,15,10,6,5,2,3
Gm43660,69,77,68,88,143,71,42,108,38,47
Gm43661,10,8,17,11,9,6,7,6,6,6
Gm43666,5,13,11,8,11,16,9,11,7,17
Gm43672,15,61,45,60,67,26,24,22,12,18
Gm43674,4,8,10,16,13,9,8,2,3,4
Gm43689,11,22,24,27,38,19,14,11,9,1
Gm43713,1572,3653,3200,3511,3327,1961,2031,1877,1080,1489
Gm43714,1,0,0,0,0,0,0,0,0,0
Gm43731,1,14,9,9,7,4,6,5,3,4
Gm43738,19,32,27,37,48,15,23,16,15,17
Gm43740,0,0,0,0,0,0,4,3,1,2
Gm43786,3,5,12,8,0,5,9,9,3,3
Gm43791,0,0,0,0,0,0,0,0,0,0
Gm43796,12,30,21,19,29,19,10,10,6,11
Gm43821,11,214,138,151,153,21,52,42,23,20
Gm43824,27,25,13,28,32,29,17,9,9,14
Gm43832,6,18,12,13,15,19,10,5,9,8
Gm43848,5,37,33,43,36,12,8,13,11,15
Gm43878,1,5,5,4,11,3,2,2,4,3
Gm43902,2,6,5,5,5,1,0,0,0,0
Gm43915,16,32,30,30,32,35,18,16,11,13
Gm43936,0,3,6,2,4,0,0,0,0,0
Gm43938,46,89,91,62,73,20,63,32,31,41
Gm43948,6,22,12,11,19,7,3,10,3,0
Gm43949,0,0,0,5,5,0,0,0,0,0
Gm43951,0,0,0,0,0,0,0,0,0,0
Gm43956,3,16,9,11,17,0,3,7,1,4
Gm43989,124,266,227,254,243,61,131,126,41,92
Gm44004,12,0,0,8,11,0,6,8,1,4
Gm44026,9,20,5,17,18,8,9,8,12,5
Gm44029,7,12,15,10,12,10,12,7,9,9
Gm44036,12,13,12,22,15,5,11,14,8,8
Gm44042,0,0,0,0,0,0,1,2,0,2
Gm44051,47,141,129,98,125,48,57,46,22,39
Gm44053,4,29,26,32,40,12,13,13,3,15
Gm44067,23,10,15,15,9,15,33,28,13,31
Gm44071,7,7,4,12,4,6,13,7,4,4
Gm44073,0,4,5,0,0,0,1,0,0,3
Gm44079,6,4,13,3,13,5,9,19,2,2
Gm44085,0,0,0,0,0,0,0,0,0,0
Gm4409,38,79,55,79,74,13,47,30,10,32
Gm44109,11,10,26,5,13,2,10,3,3,2
Gm44119,2,0,0,0,0,0,0,0,0,0
Gm44127,6,7,6,7,9,4,10,8,6,7
Gm44129,18,19,20,26,26,5,21,18,13,11
Gm44148,46,125,62,81,124,105,64,69,96,99
Gm44151,543,4933,3051,3568,3628,559,900,651,325,449
Gm44160,10,13,15,19,8,6,6,11,7,6
Gm44170,0,0,0,0,0,0,0,0,0,0
Gm44188,84,173,183,175,160,96,138,145,53,85
Gm4419,0,8,6,2,7,0,0,0,0,0
Gm44196,7,6,5,5,4,8,0,0,0,0
Gm44199,5,0,0,0,0,0,0,0,0,0
Gm44206,3,36,31,48,45,22,23,26,16,21
Gm44210,0,9,16,13,6,0,2,6,2,3
Gm44214,0,3,4,0,2,0,0,0,0,0
Gm44246,0,0,0,0,0,0,0,0,0,0
Gm4425,1,0,0,0,0,3,0,4,3,2
Gm44257,348,553,785,792,588,431,451,341,242,250
Gm44264,2,21,13,16,13,10,0,0,0,0
Gm44276,12,0,0,0,0,3,0,0,0,0
Gm44284,4,12,7,6,8,2,3,8,0,5
Gm44287,0,0,0,0,0,0,0,0,0,0
Gm44293,5,0,0,0,0,2,0,0,0,0
Gm44386,11,15,21,11,27,12,14,11,2,8
Gm44398,13,54,40,43,72,13,24,13,9,18
Gm44421,2,11,6,9,16,2,0,0,0,0
Gm4450,5,0,0,0,0,5,5,4,4,1
Gm4473,0,0,0,0,0,0,0,0,0,0
Gm4477,5,75,72,90,63,18,36,40,14,16
Gm4491,21,30,43,26,31,9,21,15,8,12
Gm4631,0,0,0,0,0,0,0,0,0,0
Gm4673,2,7,7,9,6,2,0,0,0,0
Gm4707,0,0,0,0,0,0,0,0,0,0
Gm4723,0,0,0,0,0,0,0,0,0,0
Gm4755,0,0,10,9,6,0,2,4,4,3
Gm4767,6,12,6,7,6,2,4,6,0,0
Gm4779,16,117,114,90,143,52,80,50,26,59
Gm4793,12,29,27,20,39,36,17,21,7,9
Gm4794,8,22,26,24,8,14,22,14,11,12
Gm4799,7,40,26,13,82,44,25,17,24,16
Gm4841,0,0,0,0,0,0,0,3,2,3
Gm4876,142,234,220,192,289,117,126,112,48,138
Gm4890,25,44,25,32,27,30,34,33,26,25
Gm4924,26,48,50,62,68,21,14,26,12,11
Gm4926,3,6,8,6,2,3,0,0,0,0
Gm4944,38,164,146,150,173,104,99,35,16,64
Gm4950,56,302,309,278,354,101,144,78,66,98
Gm4951,6,53,8,16,21,6,6,8,15,19
Gm5,10,23,16,18,16,14,14,18,12,18
Gm5083,0,4,11,6,4,0,0,0,0,0
Gm5087,184,428,347,333,387,172,214,197,168,176
Gm5089,57,52,63,49,57,18,58,35,19,24
Gm5093,9,132,136,119,192,8,7,7,5,6
Gm5105,0,9,5,15,9,0,0,0,0,0
Gm5106,11,16,11,16,29,22,15,14,12,16
Gm5108,0,0,0,0,0,0,4,2,0,0
Gm5113,24,64,86,71,75,15,27,39,18,29
Gm5117,2,12,15,12,14,10,7,3,0,0
Gm5127,12,11,10,12,14,5,13,7,3,17
Gm5134,10,17,15,22,16,2,12,8,0,3
Gm5141,232,405,409,411,370,208,310,286,121,168
Gm5145,0,73,47,52,73,0,0,0,0,0
Gm5148,0,10,9,10,14,0,0,0,0,0
Gm5150,1,31,15,26,17,8,3,2,3,3
Gm525,0,0,0,0,0,1,0,0,0,0
Gm527,2,6,7,9,12,15,3,4,3,3
Gm5415,3,7,5,6,1,2,0,0,0,0
Gm5422,4,68,58,62,83,6,6,7,6,5
Gm5424,5,161,138,104,149,1,22,16,4,13
Gm5432,21,13,11,11,8,12,8,9,7,8
Gm5441,39,81,67,105,76,61,71,56,28,38
Gm5444,15,23,21,24,20,13,12,9,6,16
Gm5449,0,8,8,4,1,0,0,0,0,0
Gm5464,7,4,10,9,11,3,9,3,5,6
Gm5468,10,16,20,22,21,43,17,28,5,12
Gm5493,2,0,0,0,0,2,0,0,0,0
Gm553,31,42,38,40,36,26,23,32,15,18
Gm5532,0,0,0,0,0,0,0,8,0,0
Gm5535,1,4,5,3,6,0,0,2,1,4
Gm5544,4,0,0,0,0,0,0,0,0,0
Gm5570,27,79,63,46,68,39,33,27,11,25
Gm5577,220,487,422,481,577,319,282,307,162,244
Gm5580,0,38,37,32,31,0,0,0,0,0
Gm5592,19,13,15,19,19,9,19,11,10,13
Gm5595,123,159,165,191,164,90,112,123,67,61
Gm561,78,479,533,580,621,113,117,123,58,103
Gm5611,6,31,42,45,44,10,10,2,2,11
Gm5616,0,42,58,35,34,0,0,0,0,0
Gm5617,16,91,82,75,103,26,37,18,15,22
Gm5622,2,6,5,6,10,18,4,3,4,2
Gm5627,10,9,9,7,13,0,9,7,2,7
Gm572,2,0,0,0,0,0,0,0,0,0
Gm5724,35,30,14,21,21,37,25,22,9,21
Gm5751,0,0,0,0,0,0,0,0,0,0
Gm5796,2,8,15,15,10,12,6,1,4,7
Gm5833,0,18,21,17,23,0,2,4,1,7
Gm590,10,5,5,3,0,0,5,2,2,3
Gm5900,23,149,98,100,133,87,2,42,0,83
Gm5914,1,92,125,114,137,12,8,11,4,0
Gm5916,5,58,64,66,47,6,16,12,4,3
Gm5934,15,16,6,34,19,34,15,15,14,21
Gm595,0,0,0,0,0,0,0,0,0,0
Gm6034,5,15,5,8,19,10,10,3,6,7
Gm6040,4,0,0,0,0,3,0,0,0,0
Gm609,9,13,10,10,10,13,28,22,12,30
Gm6117,0,10,8,8,6,0,0,0,0,0
Gm6133,4,13,4,8,6,6,7,5,4,5
Gm6169,11,14,12,10,14,4,6,6,5,2
Gm6225,35,60,56,51,58,37,33,37,19,20
Gm6260,22,70,71,90,90,54,45,72,10,31
Gm6277,63,168,104,96,173,102,79,72,56,103
Gm6288,5,7,4,7,13,7,4,4,4,0
Gm6297,37,61,49,63,79,33,38,42,18,26
Gm6356,10,16,13,23,3,5,3,3,8,4
Gm6471,0,0,0,0,0,0,0,0,0,0
Gm6483,94,328,237,289,343,192,194,121,94,104
Gm6525,0,0,0,0,0,0,0,0,0,0
Gm6559,0,12,4,18,12,0,4,6,2,2
Gm6563,9,238,264,265,329,20,44,39,21,31
Gm6569,8,11,6,9,14,21,15,14,5,11
Gm6602,7,34,28,42,42,33,25,42,10,16
Gm6634,9,11,12,6,9,12,9,6,2,7
Gm6639,0,9,10,8,8,3,0,3,0,0
Gm6657,39,11,12,15,13,33,33,24,9,20
Gm6665,0,8,3,4,5,0,0,0,0,0
Gm6710,0,4,10,10,9,0,0,0,0,0
Gm6712,66,153,97,94,162,62,66,44,23,43
Gm6768,0,8,8,5,3,0,0,0,0,0
Gm6792,3,0,0,0,0,2,0,0,0,0
Gm684,3,12,14,6,7,0,3,5,2,2
Gm6871,2,30,20,21,43,9,3,7,2,5
Gm6938,9,0,0,0,0,5,3,5,5,4
Gm694,19,24,25,43,58,37,35,19,20,47
Gm6994,218,423,340,337,312,134,253,203,149,148
Gm6999,58,84,83,96,95,40,47,46,53,49
Gm7008,0,16,11,11,10,2,0,0,0,0
Gm7030,25,121,82,76,108,24,41,42,27,19
Gm7097,0,0,0,0,0,0,0,0,0,0
Gm7102,0,16,14,8,11,0,0,0,0,0
Gm7120,80,53,57,69,72,75,54,58,20,34
Gm7160,6,37,17,21,38,6,21,5,4,4
Gm7173,62,106,83,94,94,47,59,51,38,48
Gm7221,38,46,50,38,64,4,37,31,14,28
Gm7247,21,29,16,16,22,13,14,10,8,9
Gm7271,11,14,12,15,20,13,12,11,4,8
Gm7276,0,52,39,34,48,0,0,0,0,0
Gm7293,3,12,11,17,17,1,5,3,0,0
Gm7334,0,8,4,10,13,0,0,0,0,0
Gm7467,64,153,185,156,184,128,130,170,107,84
Gm7534,0,8,5,4,8,0,0,0,0,0
Gm7535,11,120,109,100,128,19,39,55,28,20
Gm7546,3,6,4,4,7,3,5,4,3,2
Gm7568,8,16,17,9,14,5,16,4,3,10
Gm7580,7,31,41,23,31,9,10,13,10,15
Gm7628,3,7,2,4,11,0,0,0,0,0
Gm765,9,9,17,10,10,22,14,25,7,11
Gm7676,0,20,18,9,17,0,0,0,0,0
Gm7694,0,12,10,21,17,0,4,3,2,2
Gm773,0,0,0,0,0,0,0,0,0,0
Gm7854,46,117,95,132,161,99,55,61,36,45
Gm7879,6,76,81,89,66,6,9,15,4,11
Gm7932,0,0,0,5,8,0,0,0,0,0
Gm7967,10,24,20,20,12,4,20,13,5,6
Gm805,0,8,7,12,10,0,7,3,0,0
Gm8066,1,0,0,0,0,11,0,0,0,0
Gm8113,7,18,8,6,13,4,4,7,2,3
Gm8138,0,0,0,0,0,0,0,0,0,0
Gm816,14,28,31,21,25,10,9,17,17,10
Gm8186,70,467,673,602,612,140,133,120,61,62
Gm8229,0,0,0,0,0,0,0,0,0,0
Gm8237,0,8,9,15,15,0,0,0,0,0
Gm8239,4,0,0,0,0,0,0,0,0,0
Gm8257,10,88,87,93,129,18,14,9,12,11
Gm8281,0,26,20,21,29,0,0,0,0,0
Gm8369,3,14,10,4,9,2,3,6,4,2
Gm8394,7,185,203,175,232,19,26,35,9,17
Gm853,0,0,0,0,0,0,3,0,2,2
Gm867,92,99,200,84,136,55,209,72,80,123
Gm8730,125,849,723,735,837,208,295,193,155,259
Gm8739,16,19,20,12,22,5,7,23,12,5
Gm8797,23,282,174,153,289,9,27,4,11,17
Gm884,0,0,0,0,0,0,0,0,0,0
Gm8871,24,19,22,28,32,23,26,13,8,17
Gm8909,0,7,4,5,1,0,0,0,0,0
Gm8994,3,43,31,55,35,2,7,7,7,3
Gm9008,0,5,4,2,4,0,0,0,0,0
Gm9017,10,42,44,42,32,7,9,17,6,12
Gm9268,1,0,0,13,7,7,4,3,2,4
Gm9484,2,4,5,7,4,1,0,0,0,0
Gm9493,212,715,805,716,798,194,224,151,110,193
Gm9530,0,0,7,0,0,0,0,0,0,0
Gm9573,0,12,11,9,13,0,0,0,0,0
Gm960,62,124,71,107,86,40,45,65,23,37
Gm9611,0,0,0,0,0,0,0,0,0,0
Gm9725,16,24,26,26,25,10,12,12,10,8
Gm973,105,257,269,204,240,54,119,67,44,102
Gm9747,0,0,0,0,0,0,0,0,0,0
Gm9748,0,6,5,11,9,0,0,0,0,0
Gm9754,0,0,0,0,11,0,0,0,0,0
Gm9755,0,35,31,38,36,0,0,0,0,0
Gm9767,0,8,9,12,12,0,0,0,0,0
Gm9774,61,448,352,325,455,130,142,157,82,141
Gm9776,10,32,29,27,39,0,6,13,3,5
Gm9796,0,6,6,8,7,0,0,0,0,0
Gm9801,287,545,482,562,554,442,406,416,255,342
Gm9803,64,430,444,474,463,101,83,88,44,78
Gm9817,0,0,0,0,0,0,0,0,0,0
Gm9828,230,475,390,487,507,294,307,261,198,184
Gm9830,0,7,16,17,27,0,0,0,0,0
Gm9833,39,92,62,92,103,39,24,26,18,34
Gm9843,467,2682,2964,2761,3264,816,676,625,370,581
Gm9844,9,265,308,234,387,46,40,35,17,13
Gm9866,19,66,87,107,85,30,28,28,8,15
Gm9881,8,11,6,11,13,4,2,2,4,7
Gm9885,39,102,96,120,123,62,50,67,27,44
Gm9889,6,7,5,5,6,4,3,7,3,3
Gm9898,0,5,3,3,0,0,0,0,0,0
Gm9913,4,9,7,8,12,3,4,7,1,3
Gm9917,11,27,24,18,22,11,7,10,7,9
Gm9923,0,0,0,0,0,0,3,3,2,2
Gm9925,94,65,84,106,94,87,101,101,26,50
Gm9930,0,23,16,14,53,24,4,4,10,6
Gm9934,9,22,25,23,25,7,12,8,5,10
Gm9945,70,152,115,146,137,96,103,125,50,85
Gm9946,4,10,2,8,1,8,1,3,5,5
Gm9947,8,21,17,25,32,16,14,15,3,8
Gm9958,6,30,19,21,35,6,21,19,8,18
Gm996,32,209,163,255,241,36,30,45,24,49
Gm9961,9,23,21,24,24,6,12,11,11,9
Gm9962,64,124,130,104,119,95,72,89,33,39
Gm9968,41,47,68,74,70,16,40,28,18,33
Gm9970,0,2,10,5,6,0,0,0,0,0
Gm9994,6,4,4,10,4,5,3,3,6,8
Gm9996,0,5,3,7,6,0,4,4,1,3
Gmcl1,662,1471,1288,1559,1285,736,813,768,389,491
Gmds,496,1200,1031,1166,1351,823,637,602,425,604
Gmeb1,193,367,329,378,404,201,186,201,119,160
Gmeb2,157,302,235,274,298,232,172,189,100,120
Gmfb,95,341,226,296,357,141,104,114,58,103
Gmfg,5,18,6,5,11,7,4,4,1,1
Gmip,74,218,98,127,120,127,96,99,50,92
Gmnc,16,14,18,24,26,12,11,7,11,9
Gmnn,9,46,40,29,36,25,15,21,11,22
Gmppa,144,708,439,455,525,221,269,335,164,209
Gmppb,21,106,107,104,112,25,40,35,24,32
Gmpr,114,492,498,592,591,197,138,157,94,130
Gmpr2,347,1027,907,991,960,552,696,614,368,621
Gmps,204,436,342,360,443,197,270,257,159,242
Gna11,129,375,352,435,401,188,186,169,91,129
Gna12,146,348,262,306,404,205,186,165,105,185
Gna13,61,220,153,163,240,78,80,65,34,80
Gna14,29,46,49,50,48,28,23,10,9,15
Gna15,11,36,19,28,25,10,7,3,7,11
Gnai1,382,1058,924,991,1052,551,509,459,290,395
Gnai2,172,647,477,452,806,458,367,335,310,364
Gnai3,109,317,286,310,321,128,127,141,60,126
Gnal,338,662,585,722,784,396,457,310,261,351
Gnao1,693,1907,1661,1587,1729,1080,719,706,416,726
Gnaq,913,2440,2068,2294,2533,1376,975,870,681,1044
Gnas,614,3520,3629,3697,3947,1944,1267,995,683,957
Gnaz,132,374,354,341,354,220,170,183,80,121
Gnb1,477,1109,988,1075,1350,812,514,544,382,505
Gnb1l,55,131,74,93,109,47,58,41,28,44
Gnb2,0,0,0,3,10,0,0,0,0,0
Gnb2l1,95,451,432,427,475,127,150,141,90,130
Gnb3,0,0,0,2,0,0,3,0,2,1
Gnb4,54,135,98,119,120,56,65,59,40,69
Gnb5,95,149,177,171,204,130,84,105,75,66
Gne,98,173,130,141,172,69,74,66,41,37
Gng11,86,281,279,266,270,178,144,97,114,198
Gng12,193,689,587,654,734,407,302,228,171,291
Gng13,51,241,363,310,344,84,56,85,34,48
Gng2,325,669,670,757,747,589,325,313,259,258
Gng3,446,1640,1814,1668,1763,906,609,731,277,388
Gng4,15,35,51,40,43,27,17,19,6,11
Gng5,94,522,440,326,620,170,178,102,87,140
Gng7,183,389,377,409,365,178,201,147,123,155
Gng8,5,12,22,7,12,0,5,1,1,1
Gngt2,2,41,16,21,37,14,5,3,1,16
Gnl1,20,192,179,146,194,87,47,50,26,49
Gnl2,239,678,516,679,641,226,339,357,126,280
Gnl3,280,681,582,567,652,514,421,437,279,296
Gnl3l,237,496,463,535,541,328,282,263,125,204
Gnmt,11,25,41,44,63,27,3,18,7,14
Gnpat,197,390,293,403,422,212,245,210,103,172
Gnpda1,26,110,85,85,107,41,38,47,18,20
Gnpda2,49,157,170,165,207,66,61,63,42,71
Gnpnat1,25,90,117,103,124,44,32,27,14,33
Gnptab,142,424,324,421,412,225,162,160,106,133
Gnptg,758,2426,1783,2050,2286,744,945,1302,754,684
Gnrh1,3,10,6,7,12,5,5,1,2,6
Gnrhr,1,0,0,0,0,2,6,7,1,4
Gns,251,669,572,612,679,316,262,330,165,277
Golga1,332,624,522,634,662,374,360,354,207,319
Golga2,92,279,224,236,298,101,94,97,55,92
Golga3,164,307,217,266,318,132,137,123,62,135
Golga4,131,399,363,404,469,240,159,128,84,154
Golga5,157,448,342,381,465,207,181,218,121,155
Golga7,144,564,523,498,575,194,237,195,135,165
Golga7b,99,330,396,365,408,226,203,243,85,132
Golgb1,467,1188,1101,1277,1191,813,679,694,403,520
Golim4,142,453,313,400,390,228,194,150,133,210
Golm1,72,229,164,214,214,76,81,58,55,67
Golph3,46,142,125,102,158,62,65,64,30,55
Golph3l,174,297,246,306,309,140,176,165,86,155
Golt1b,61,203,146,161,181,41,72,63,27,40
Gon4l,602,1840,1655,1826,1867,1016,846,789,522,768
Gopc,237,492,426,467,514,244,257,259,142,216
Gorab,19,56,64,67,78,24,31,27,17,22
Gorasp1,0,0,0,0,0,0,0,0,0,0
Gorasp2,116,325,289,311,356,157,143,127,72,98
Gosr1,127,241,206,219,222,171,122,124,89,117
Gosr2,195,362,298,284,313,140,215,225,100,211
Got1,116,779,884,878,903,173,240,171,82,132
Got1l1,5,12,24,9,10,4,13,2,2,10
Got2,215,756,695,759,783,289,258,307,167,213
Gp1bb,16,45,37,41,40,10,18,22,15,22
Gp5,0,6,9,8,7,0,0,0,0,0
Gpaa1,130,705,533,612,664,169,256,236,114,203
Gpalpp1,69,125,118,130,107,70,51,60,15,41
Gpam,153,372,226,243,330,94,114,111,66,132
Gpank1,34,119,118,114,138,22,23,37,13,31
Gpat4,102,366,299,329,386,158,139,122,71,121
Gpatch1,249,662,478,523,632,232,282,221,154,222
Gpatch11,70,212,196,226,263,99,118,103,63,84
Gpatch2,415,671,554,672,698,617,528,460,293,449
Gpatch2l,73,184,187,170,192,51,67,64,22,78
Gpatch3,38,122,99,118,107,40,56,47,22,40
Gpatch4,43,232,153,223,201,67,75,66,33,75
Gpatch8,1647,4048,3651,4358,4382,2623,2201,2063,1063,1746
Gpbp1,211,525,521,557,553,351,309,244,173,258
Gpbp1l1,176,310,267,291,291,164,171,177,94,139
Gpc1,23,143,103,119,126,22,30,16,11,19
Gpc3,45,127,136,175,130,114,86,43,50,81
Gpc4,275,577,434,535,500,239,272,266,247,254
Gpc5,2812,5723,4251,4458,5526,2260,2863,2275,1064,2320
Gpc6,596,1373,1744,1540,1907,1073,717,906,276,811
Gpcpd1,1203,2083,1659,1854,2337,1758,1272,1809,1015,1547
Gpd1,148,364,284,427,356,188,173,161,103,140
Gpd1l,71,161,154,156,168,75,67,74,31,57
Gpd2,313,614,547,536,576,295,288,226,151,300
Gper1,19,22,17,23,28,10,21,22,10,23
Gphn,3260,6825,4901,5778,6972,2520,3832,3382,1899,3671
Gpi1,452,2037,1683,1829,2093,590,692,511,358,598
Gpkow,236,484,428,466,400,298,273,339,176,216
Gpld1,76,210,150,175,236,55,67,70,32,55
Gpm6a,1898,7547,7308,6981,7078,2176,2459,2389,1460,2210
Gpm6b,2009,6910,6423,6491,6645,2463,2305,2221,1366,2007
Gpn1,68,237,182,227,271,68,71,87,44,57
Gpn2,28,44,44,35,58,13,20,15,7,18
Gpn3,69,155,135,162,154,66,87,107,48,71
Gpnmb,13,102,50,54,81,29,29,14,24,41
Gpr1,26,33,31,31,37,16,12,32,9,6
Gpr101,0,7,10,9,13,0,0,0,0,0
Gpr107,188,472,381,394,418,252,221,207,135,158
Gpr108,167,663,503,535,612,261,279,282,183,218
Gpr119,6,0,0,0,0,0,0,0,0,0
Gpr12,19,173,158,143,118,30,28,30,18,28
Gpr135,6,29,29,29,26,9,6,9,2,2
Gpr137,63,379,298,292,349,96,116,108,52,142
Gpr137b,94,173,171,136,168,70,85,73,40,69
Gpr137b-ps,118,196,165,184,195,112,130,136,54,87
Gpr137c,561,824,720,676,817,516,567,672,361,510
Gpr139,0,7,3,6,14,0,0,5,1,2
Gpr141,47,27,50,63,42,68,60,27,15,42
Gpr143,6,0,0,0,0,4,7,4,0,6
Gpr146,33,115,118,85,128,45,28,49,20,55
Gpr149,14,25,28,26,13,11,19,18,5,6
Gpr150,21,77,57,66,62,47,29,36,16,37
Gpr153,12,21,20,19,23,8,15,22,4,10
Gpr155,248,518,402,495,495,186,176,198,115,169
Gpr156,14,31,28,39,28,11,7,10,10,12
Gpr157,5,33,15,15,33,5,15,14,6,14
Gpr158,1038,2362,2006,2235,2398,1847,1327,1435,929,1245
Gpr160,8,33,17,22,24,18,25,10,8,10
Gpr161,51,223,152,216,193,75,62,59,28,49
Gpr162,270,2029,1548,1539,1939,452,580,525,218,481
Gpr165,0,7,5,4,6,0,6,5,0,3
Gpr17,0,40,18,27,30,0,2,2,0,0
Gpr171,2,7,4,6,3,2,0,0,0,0
Gpr173,80,139,125,131,157,118,107,61,49,80
Gpr176,191,393,348,377,388,194,180,158,97,90
Gpr179,2,5,5,3,6,2,0,0,0,0
Gpr18,121,234,168,209,205,81,125,115,60,103
Gpr180,31,193,199,196,172,69,60,64,29,41
Gpr182,0,6,14,16,7,0,0,0,0,0
Gpr183,21,88,39,30,98,44,36,50,61,52
Gpr19,115,431,369,443,389,115,138,119,63,94
Gpr20,0,0,0,0,0,0,2,6,1,4
Gpr21,0,0,0,0,0,0,0,0,0,0
Gpr22,306,961,880,1068,1040,539,560,458,289,353
Gpr26,10,63,65,45,71,22,14,20,2,13
Gpr27,17,152,142,162,150,25,23,18,16,21
Gpr3,7,25,21,19,25,2,8,9,2,3
Gpr33,0,0,0,0,0,0,0,0,0,0
Gpr34,30,136,56,57,138,55,37,23,38,51
Gpr35,4,16,13,16,16,12,8,2,4,3
Gpr37,41,268,310,213,255,33,56,31,22,40
Gpr37l1,222,1910,1580,1170,1463,198,325,243,138,299
Gpr39,23,30,40,33,34,20,31,28,11,13
Gpr4,4,31,14,24,23,12,10,14,8,30
Gpr45,405,721,554,588,714,484,387,396,242,324
Gpr55,4,9,4,0,2,0,0,0,0,0
Gpr61,121,294,269,251,303,108,157,208,79,119
Gpr62,11,55,48,52,59,9,14,13,9,9
Gpr63,207,356,322,379,290,239,176,182,129,137
Gpr68,41,100,78,102,117,56,39,32,18,38
Gpr75,0,73,35,28,91,0,0,0,0,0
Gpr82,0,0,0,0,0,0,0,0,0,0
Gpr83,12,61,67,56,46,16,11,24,6,6
Gpr84,0,0,0,2,8,0,0,0,0,0
Gpr85,133,403,388,449,440,82,107,111,45,77
Gpr88,2,3,5,8,5,4,0,6,0,0
Gpr89,158,433,373,377,396,191,195,183,119,160
Gprasp1,251,627,578,745,767,489,294,308,190,346
Gprasp2,0,0,0,0,0,0,0,0,0,0
Gprc5b,283,733,757,603,706,133,277,218,127,199
Gprc5c,11,28,22,21,18,6,10,12,8,5
Gprin1,34,106,119,125,153,38,49,56,19,31
Gprin3,117,315,223,313,345,284,152,181,100,108
Gps1,150,755,659,631,697,244,320,305,155,266
Gps2,405,1671,1507,1700,1541,788,1069,970,611,763
Gpsm1,68,261,238,212,229,87,80,77,38,71
Gpsm2,55,133,81,116,105,27,60,43,33,39
Gpsm3,0,6,2,1,6,0,0,0,0,0
Gpt,22,89,92,60,80,21,44,33,17,34
Gpt2,220,472,356,439,422,189,212,158,83,164
Gpx1,32,315,225,206,281,75,78,84,54,119
Gpx3,4,46,38,27,29,7,8,10,5,6
Gpx4,522,2046,1805,1570,2110,711,775,741,389,710
Gpx7,30,85,72,72,75,34,32,39,17,37
Gpx8,35,64,99,68,80,13,45,22,11,32
Gramd1a,311,1487,998,1231,1374,429,501,527,180,413
Gramd1b,489,1201,1125,1195,1131,770,584,554,350,498
Gramd1c,17,46,33,47,41,22,18,17,15,22
Gramd2,45,92,87,82,113,82,48,56,32,30
Gramd3,101,201,178,168,193,38,90,51,33,68
Gramd4,93,225,231,220,253,129,95,104,59,89
Grap,11,53,42,35,49,47,33,37,26,58
Grap2,0,0,0,0,0,0,0,0,0,0
Grasp,189,395,377,424,343,215,216,248,137,209
Grb10,165,392,379,406,462,390,228,331,110,268
Grb14,214,513,513,462,580,397,282,270,217,305
Grb2,245,560,463,519,596,343,235,201,185,234
Grb7,4,17,19,13,28,17,2,25,2,12
Grcc10,44,66,68,51,74,11,34,18,5,26
Greb1,18,22,43,54,42,31,26,28,11,11
Greb1l,299,691,577,631,779,469,353,290,224,327
Grem1,12,18,16,23,22,13,11,19,5,4
Grem2,35,65,63,47,81,52,20,45,32,20
Grhl1,62,180,164,178,190,84,79,64,35,63
Grhl2,7,12,10,8,4,9,5,10,4,1
Grhl3,3,8,16,14,13,10,9,5,3,12
Grhpr,65,251,263,241,267,92,104,110,45,89
Gria1,6615,15748,13746,17643,16758,10696,7154,6439,6196,7218
Gria2,4693,13835,12983,16220,14564,6810,5702,5682,3709,5008
Gria3,1627,3993,3786,4791,4559,2909,1848,2246,1190,1784
Gria4,1498,3621,2994,3437,4265,3027,2003,2388,963,1757
Grid1,920,2282,1935,2446,2677,1686,990,978,655,1093
Grid2,2178,5215,4393,5037,5614,3286,2914,2620,1294,2573
Grid2ip,10,30,18,26,23,4,11,6,6,7
Grik1,231,658,628,551,781,321,251,284,157,186
Grik2,3520,7666,6370,7321,8422,5126,4630,4092,3702,4622
Grik3,132,454,372,276,535,328,141,179,71,228
Grik4,778,1645,1534,1851,1854,1064,814,563,725,656
Grik5,637,1621,1316,1464,1492,939,802,634,387,619
Grin1,2328,4311,3838,4231,4238,2420,2198,3019,1575,1852
Grin1os,5,66,54,65,60,10,10,15,8,10
Grin2a,5792,10807,9830,12124,10688,8081,5826,5256,4299,5340
Grin2b,5474,19628,21126,27309,22890,12112,9269,7655,4822,5572
Grin2c,103,249,175,163,259,30,49,43,13,60
Grin2d,108,230,194,213,209,117,121,182,70,92
Grin3a,264,698,610,599,770,430,385,303,168,304
Grin3b,1,12,7,8,4,0,0,2,1,3
Grina,641,4188,3406,3774,4119,1006,1332,1399,694,1112
Grip1,1853,4009,3451,3908,4578,2916,1959,1787,1368,1676
Grip1os1,5,12,9,15,8,3,7,7,6,1
Grip1os2,17,34,29,28,43,23,27,17,15,21
Grip1os3,23,27,30,22,42,47,17,19,21,24
Grip2,20,51,40,51,70,26,15,11,8,14
Gripap1,419,889,685,811,833,461,518,496,288,389
Grk4,155,268,214,203,258,115,137,130,72,129
Grk5,180,363,353,324,350,205,251,137,105,204
Grk6,99,400,256,315,388,210,177,202,111,139
Grm1,1172,2438,1891,2554,3192,1622,1381,1122,1403,1362
Grm2,35,78,83,104,95,36,29,40,30,25
Grm3,532,1470,1372,1297,1561,840,689,785,369,655
Grm4,8,29,42,22,32,27,11,22,4,15
Grm5,8792,21471,17178,20882,22125,11140,11444,10116,6296,10441
Grm7,4259,9603,8660,10432,11626,9276,5580,5820,3827,5785
Grm8,512,1369,1238,1230,1599,1396,694,1035,229,766
Grn,67,553,340,423,504,173,174,125,84,177
Grp,53,301,282,307,211,35,68,37,25,42
Grpel1,65,383,332,315,373,82,73,84,38,80
Grpel2,33,135,128,134,155,50,52,41,17,35
Grpr,2,8,9,8,14,7,3,3,5,6
Grrp1,18,47,33,29,63,50,28,17,34,63
Grsf1,59,128,153,143,155,68,70,62,36,54
Grtp1,27,54,66,64,63,19,37,23,17,28
Grwd1,15,89,97,77,122,23,23,20,13,22
Grxcr1,5,8,5,7,5,6,7,3,2,3
Gsap,118,380,237,249,347,71,117,59,60,119
Gsdmd,5,35,25,17,24,8,17,17,13,29
Gse1,0,0,0,0,0,0,0,0,0,0
Gsg1,19,121,66,73,77,25,32,36,39,38
Gsg1l,108,149,178,172,227,171,94,132,72,85
Gsg2,3,0,0,0,0,2,0,0,0,0
Gsk3a,44,227,199,198,243,115,89,74,42,82
Gsk3b,725,1681,1286,1413,1599,722,735,569,335,638
Gskip,118,375,290,328,339,201,165,192,76,113
Gsn,64,656,440,276,523,90,230,109,92,136
Gspt1,439,1021,905,1017,907,442,488,424,243,353
Gspt2,44,174,173,192,179,90,96,63,36,79
Gsr,146,529,418,351,472,140,167,143,98,162
Gss,83,192,153,150,171,73,93,95,71,71
Gssos1,1,18,11,18,32,4,6,4,1,2
Gsta2,9,21,23,22,23,5,16,11,5,10
Gsta3,15,52,35,41,57,18,25,31,8,22
Gsta4,76,291,344,333,363,136,119,111,157,174
Gstcd,80,176,151,157,159,96,86,138,64,79
Gstk1,14,76,54,40,43,24,20,25,13,27
Gstm1,253,1886,1343,1118,1863,300,525,365,279,482
Gstm2,4,14,6,17,14,7,5,5,7,8
Gstm4,17,60,55,45,58,12,22,29,9,11
Gstm5,221,1210,1253,1161,1371,194,371,342,155,248
Gstm6,25,133,87,118,119,35,44,41,21,41
Gstm7,23,105,114,95,113,23,36,26,28,29
Gsto1,33,175,168,164,177,39,43,46,22,32
Gsto2,28,62,64,90,80,20,37,28,14,23
Gstp1,4,457,359,327,449,14,22,6,7,11
Gstt1,19,86,101,66,105,31,42,38,25,37
Gstt2,53,60,52,69,71,63,81,112,64,74
Gstt3,0,0,0,0,0,0,0,0,0,0
Gstz1,383,746,644,720,677,419,430,484,191,275
Gt(ROSA)26Sor,222,783,647,729,805,494,552,350,221,466
Gtdc1,772,1809,1365,1635,1795,998,817,905,560,884
Gtf2a1,123,206,144,186,271,119,96,119,73,79
Gtf2a2,292,644,623,646,768,356,302,375,152,297
Gtf2b,67,267,281,284,318,99,113,116,56,88
Gtf2e1,65,188,162,163,179,76,68,54,36,65
Gtf2e2,173,331,274,260,331,204,189,166,106,129
Gtf2f1,82,269,198,250,270,90,154,114,68,105
Gtf2f2,212,549,499,545,588,297,313,238,182,235
Gtf2h1,109,231,163,229,240,113,102,104,66,87
Gtf2h2,188,385,319,401,431,202,251,234,132,203
Gtf2h3,81,375,274,342,357,74,126,112,53,134
Gtf2h4,113,296,267,291,273,192,188,190,114,144
Gtf2h5,275,802,862,833,897,353,382,277,212,252
Gtf2i,813,1537,1251,1529,1472,630,813,701,433,661
Gtf2ird1,90,248,189,199,268,156,110,137,57,106
Gtf2ird2,119,208,183,171,205,145,137,165,74,98
Gtf3a,37,103,80,94,120,32,43,33,19,37
Gtf3c1,308,671,618,647,665,430,396,410,233,296
Gtf3c2,0,0,0,0,0,0,0,0,0,0
Gtf3c3,72,210,129,201,223,108,75,83,49,73
Gtf3c4,13,59,58,95,72,16,14,15,7,10
Gtf3c5,50,117,79,108,102,82,65,52,53,57
Gtf3c6,15,128,139,121,159,30,42,30,20,37
Gtpbp1,111,161,177,181,159,92,106,113,81,81
Gtpbp10,13,42,41,48,37,23,17,16,12,11
Gtpbp2,385,1197,645,769,915,579,755,635,350,434
Gtpbp3,122,405,289,337,389,118,170,178,70,122
Gtpbp4,257,681,540,617,713,232,293,262,162,285
Gtpbp6,140,704,440,505,663,233,234,268,134,239
Gtpbp8,112,251,176,191,224,187,122,131,69,82
Gtsf1,25,116,126,158,151,31,37,28,16,31
Guca1b,29,20,21,29,26,52,43,22,18,40
Gucd1,114,295,268,265,313,160,107,86,59,107
Gucy1a2,735,1496,1324,1604,1655,1386,1024,1071,596,932
Gucy1a3,55,120,114,117,129,78,49,108,35,56
Gucy1b2,9,18,16,16,23,14,5,9,4,5
Gucy1b3,302,595,594,570,656,398,355,407,265,315
Gucy2c,5,6,9,5,5,4,2,5,2,3
Gucy2d,0,12,13,3,11,0,0,0,0,0
Gucy2e,6,18,18,11,9,2,7,5,6,6
Gucy2f,8,19,12,8,16,7,5,3,3,6
Gucy2g,12,14,30,22,16,8,10,8,1,6
Guf1,317,753,534,598,558,319,358,349,171,236
Guk1,173,771,718,695,754,309,361,273,178,290
Gulo,5,0,0,0,0,3,0,0,0,0
Gulp1,149,434,383,395,394,113,232,196,117,162
Gusb,72,277,171,180,239,116,120,100,68,103
Gvin1,0,0,0,0,0,0,0,0,1,5
Gxylt1,80,106,65,78,86,86,61,69,30,53
Gxylt2,47,95,59,89,62,47,51,43,34,45
Gyg,42,169,151,150,191,74,59,60,42,50
Gyltl1b,12,26,19,27,24,9,11,17,9,10
Gypa,31,40,15,15,37,46,15,18,11,18
Gypc,9,24,21,22,22,7,8,5,10,5
Gys1,209,542,469,531,542,394,306,364,144,238
Gys2,11,10,9,7,7,8,7,7,4,4
Gzf1,49,134,125,161,124,111,102,83,48,75
Gzmc,5,5,8,8,7,5,13,4,3,6
Gzmk,43,110,76,81,81,48,30,34,13,37
Gzmm,31,58,46,50,50,18,35,34,12,18
H13,222,886,751,784,813,331,348,356,194,252
H1f0,43,241,240,239,283,52,78,50,39,75
H1fx,49,181,114,126,247,70,105,96,39,42
H2-Aa,0,19,4,22,8,0,0,0,0,0
H2-Ab1,0,19,5,30,23,0,0,9,0,0
H2-D1,135,1254,455,444,963,265,304,266,341,619
H2-DMa,41,200,168,209,195,55,105,77,50,63
H2-DMb1,4,20,9,7,11,4,9,7,6,6
H2-DMb2,0,4,4,4,5,3,4,0,1,3
H2-Eb1,2,20,6,23,15,3,7,11,5,3
H2-K1,61,730,377,336,635,169,190,107,196,293
H2-Ke6,226,723,566,568,680,236,348,292,184,352
H2-M3,5,53,29,35,52,13,13,19,15,16
H2-M5,0,6,3,4,5,0,6,5,2,2
H2-Ob,0,28,3,9,16,6,3,2,9,4
H2-Q1,0,0,0,0,0,0,0,0,0,0
H2-Q10,0,19,7,12,12,0,0,0,0,0
H2-Q4,4,11,5,4,13,6,5,1,0,15
H2-Q6,0,28,15,12,36,4,8,1,9,11
H2-Q7,5,96,48,29,88,19,17,33,25,29
H2-T22,1,9,11,7,10,43,6,2,2,69
H2-T23,30,82,52,61,79,19,54,50,52,37
H2-T24,3,0,0,9,3,7,5,4,3,13
H2-T3,1,0,0,0,0,2,0,0,0,0
H2afj,254,1477,1242,1287,1592,477,569,443,266,418
H2afv,165,438,478,493,544,203,229,196,151,174
H2afx,24,199,181,222,245,46,52,32,17,33
H2afy,116,438,341,439,468,191,168,117,85,150
H2afy2,73,175,160,170,161,85,73,82,39,52
H2afz,214,1175,1392,1270,1329,324,386,342,233,298
H3f3a,359,1164,1294,1193,1356,421,456,462,275,400
H3f3aos,0,0,0,0,0,1,0,0,0,0
H3f3b,771,2840,2793,2857,3056,846,1092,948,544,859
H6pd,8,22,24,19,22,11,15,19,3,9
Haao,5,10,3,8,1,1,0,0,0,0
Habp4,142,509,509,503,588,175,182,206,98,110
Hacd1,208,402,389,370,415,269,279,266,163,235
Hacd2,418,859,593,641,781,262,403,330,188,389
Hacd3,366,953,854,953,913,503,400,389,238,294
Hacd4,62,166,113,143,168,39,112,101,47,84
Hace1,357,880,750,815,921,601,455,485,353,473
Hacl1,26,86,70,51,86,26,43,31,23,32
Hadh,28,128,110,93,120,29,44,34,25,49
Hadha,267,627,540,489,539,242,284,260,165,210
Hadhb,177,593,463,492,573,141,224,187,113,182
Hagh,604,1496,1335,1456,1396,866,803,970,475,642
Haghl,837,3769,3060,2969,3968,1625,1683,1917,943,1560
Hal,4,2,5,6,6,5,1,5,2,4
Hao1,3,0,0,0,0,7,0,0,0,0
Hao2,2,2,10,3,4,3,5,2,6,4
Hap1,404,2127,1356,1473,1809,476,755,535,357,661
Hapln1,80,202,186,194,192,45,66,71,49,56
Hapln2,85,383,395,254,430,106,167,118,110,183
Hapln3,1,16,13,11,15,3,5,2,0,5
Hapln4,19,251,156,153,177,35,42,30,10,29
Harbi1,38,71,66,71,77,30,33,31,16,29
Hars,181,480,445,461,449,228,240,233,100,165
Hars2,50,300,208,305,331,108,107,114,49,98
Has1,15,22,48,36,21,24,26,29,7,15
Has2,5,14,7,3,5,3,6,2,0,0
Has3,3,20,9,9,10,5,7,10,4,2
Hat1,133,901,989,3046,1568,587,535,161,171,412
Haus1,30,76,53,57,86,35,47,51,19,23
Haus2,67,143,132,162,144,65,73,69,28,47
Haus3,0,0,0,0,0,0,0,0,0,0
Haus4,25,59,46,63,76,29,28,41,24,30
Haus5,23,72,67,47,70,28,31,40,23,39
Haus6,41,117,96,117,103,64,68,57,44,58
Haus7,16,59,59,59,74,20,26,21,12,29
Haus8,15,59,57,66,82,17,17,25,10,21
Havcr2,8,46,8,7,39,13,15,12,18,45
Hax1,95,235,207,244,275,173,135,155,65,119
Hba-a1,2132,792,1251,669,333,752,343,254,314,298
Hba-a2,662,383,28,12,162,221,19,85,14,119
Hbb-bs,2366,1881,1492,857,637,2145,583,811,897,1118
Hbb-bt,481,275,243,118,95,213,41,57,72,85
Hbegf,28,61,77,87,96,16,38,21,19,27
Hbp1,89,249,158,168,225,70,97,100,62,98
Hbq1a,0,1,7,8,0,0,0,0,0,0
Hbq1b,0,2,10,12,1,0,0,0,0,0
Hbs1l,111,391,322,396,425,197,181,178,101,141
Hc,3,5,8,2,9,10,10,3,1,4
Hcar1,0,4,7,6,2,0,0,0,0,0
Hccs,35,119,137,135,153,44,57,56,33,32
Hcfc1,35,142,103,148,160,56,38,40,18,50
Hcfc1r1,171,758,745,678,873,272,253,288,146,254
Hcfc2,101,241,214,184,262,133,108,118,60,94
Hck,14,37,29,16,41,19,11,20,18,17
Hcls1,1,30,6,11,25,3,1,0,1,3
Hcn1,1412,4725,3417,4517,4868,3151,2009,2042,983,2025
Hcn2,50,227,196,209,241,221,77,102,67,69
Hcn3,17,84,91,77,104,41,32,31,15,29
Hcrt,4,11,14,21,15,6,2,8,3,1
Hcrtr1,0,5,18,17,10,5,3,6,1,2
Hcrtr2,55,134,93,101,150,90,54,69,16,53
Hcst,0,13,1,5,11,0,0,0,0,0
Hdac1,211,551,434,458,492,205,339,242,169,285
Hdac10,55,248,185,244,253,76,112,93,61,114
Hdac11,164,739,625,608,800,311,238,324,115,238
Hdac2,131,431,389,427,447,183,187,155,79,156
Hdac3,416,2234,1693,1901,2306,634,839,873,435,790
Hdac4,137,517,387,470,471,326,181,180,126,214
Hdac5,82,324,240,254,276,146,134,125,89,117
Hdac6,96,276,203,259,280,130,127,108,81,103
Hdac7,146,447,439,466,544,255,243,240,167,212
Hdac8,723,1318,1127,1242,1451,691,659,670,415,590
Hdac9,208,358,360,415,433,298,169,256,183,188
Hdc,12,30,65,24,40,9,19,12,11,11
Hddc2,84,209,181,222,238,88,83,83,54,66
Hddc3,43,175,156,95,244,23,34,52,31,30
Hdgf,305,1069,881,974,1057,637,603,601,226,430
Hdgfrp2,212,798,578,687,747,279,408,281,184,362
Hdgfrp3,379,675,658,806,730,637,521,462,232,414
Hdhd2,106,456,402,379,417,167,141,148,76,126
Hdhd3,6,84,48,53,142,30,28,7,2,22
Hdlbp,187,430,378,431,493,232,223,156,117,189
Hdx,152,312,280,303,314,201,148,143,89,134
Heatr1,83,230,170,220,204,52,78,68,36,73
Heatr3,182,433,340,379,408,193,215,192,115,163
Heatr4,13,25,17,14,19,9,18,18,7,14
Heatr5a,117,266,271,292,279,211,205,160,115,172
Heatr5b,147,360,313,361,412,224,132,160,89,171
Heatr6,146,406,327,403,371,213,224,202,118,157
Hebp1,32,321,295,264,267,61,68,44,42,61
Hebp2,5,24,17,15,23,8,4,3,4,1
Heca,61,96,66,97,95,73,51,54,37,42
Hectd1,459,905,797,880,885,391,477,432,255,370
Hectd2,236,522,449,549,588,243,248,222,153,230
Hectd3,145,469,302,315,431,127,184,193,82,147
Hecw1,730,1653,1527,1533,1848,1418,936,1042,724,975
Hecw2,849,1594,1369,1400,1891,1241,805,1208,532,789
Heg1,143,184,171,183,200,115,147,113,102,163
Helb,12,27,24,22,35,18,22,20,10,16
Hells,26,133,81,108,118,93,69,35,29,50
Helq,109,253,205,245,267,117,115,113,64,62
Helz,328,704,608,709,763,449,331,328,187,316
Helz2,6,28,18,32,17,12,10,12,14,22
Hemgn,0,6,4,5,4,0,0,0,0,0
Hemk1,33,175,108,144,152,46,82,59,28,62
Henmt1,0,5,4,4,5,0,0,0,0,0
Hepacam,585,1192,1079,1163,1250,430,588,737,259,565
Hepacam2,0,7,5,5,4,0,4,3,2,1
Heph,307,1586,1807,1654,1865,323,427,367,205,353
Herc1,1040,2347,1656,2120,2508,1151,1231,1069,639,1126
Herc2,332,1271,882,1221,1238,708,505,441,333,491
Herc3,196,662,615,699,803,471,251,338,182,318
Herc4,323,763,668,751,846,590,501,477,270,409
Herc6,34,89,60,61,73,35,43,53,30,52
Herpud1,147,571,439,582,557,109,229,160,95,213
Herpud2,109,347,293,334,420,168,123,153,84,129
Hes1,177,604,725,815,715,329,311,156,99,207
Hes5,108,408,346,413,402,50,265,107,40,111
Hes6,70,301,232,236,298,131,126,161,75,115
Hes7,16,50,36,49,60,36,29,30,18,16
Hexa,208,845,591,567,813,353,315,254,175,295
Hexb,85,622,267,270,602,152,110,95,97,158
Hexdc,203,688,560,633,673,369,323,431,167,316
Hexim1,20,115,130,121,118,17,29,15,8,23
Hexim2,10,49,43,43,60,18,14,23,7,7
Hey1,51,181,155,148,175,49,85,56,26,55
Hey2,7,30,20,21,30,14,16,9,1,12
Heyl,7,11,16,10,13,8,4,4,2,4
Hfe,9,58,37,32,40,8,14,7,6,25
Hfm1,69,107,71,106,93,67,79,70,51,42
Hgd,3,5,4,6,5,5,0,0,0,0
Hgf,18,46,24,36,69,33,17,24,17,19
Hgh1,97,239,186,246,227,119,120,109,68,102
Hgs,143,553,405,477,492,228,218,236,101,205
Hgsnat,89,244,267,250,240,87,81,99,51,70
Hhat,34,45,53,47,58,36,34,34,24,34
Hhatl,24,130,140,81,103,16,58,32,25,26
Hhex,12,29,7,12,18,13,19,3,7,20
Hhip,20,32,31,22,27,8,15,18,9,12
Hhipl1,31,61,35,43,47,33,29,45,16,28
Hhla1,9,119,137,141,151,20,14,12,10,12
Hiat1,91,489,377,356,394,77,130,126,50,127
Hiatl1,90,296,212,261,324,118,96,104,50,112
Hibadh,114,467,395,386,469,146,120,149,76,145
Hibch,179,332,257,286,322,130,138,155,81,127
Hic1,1,23,11,8,13,7,4,6,4,11
Hic2,41,81,73,91,92,69,38,49,29,35
Hid1,174,590,484,583,546,253,309,245,134,264
Hif1a,156,409,302,375,390,172,165,153,103,168
Hif1an,43,169,93,151,166,66,54,53,32,47
Hif3a,93,63,54,118,159,49,56,55,29,70
Higd1a,234,1073,1021,1024,1089,440,458,471,183,304
Higd1b,33,73,43,65,75,52,54,40,35,22
Higd2a,339,1456,1456,1401,1718,570,600,600,350,466
Hilpda,15,54,55,53,80,15,25,27,15,18
Hinfp,79,117,103,107,92,44,61,60,21,53
Hint1,443,2212,2302,2237,2620,647,722,582,344,589
Hint2,101,451,361,315,478,82,134,154,69,117
Hint3,231,493,487,479,504,369,306,367,180,203
Hip1,312,514,501,539,520,309,324,280,197,373
Hip1r,120,304,261,224,269,103,111,127,40,87
Hipk1,79,294,319,273,319,187,108,100,96,142
Hipk2,549,1397,1070,1065,1334,557,717,572,389,651
Hipk3,135,244,236,249,275,167,149,138,83,123
Hipk4,131,215,251,267,225,130,155,148,110,74
Hira,22,117,98,103,147,48,44,45,26,29
Hirip3,129,346,314,300,360,253,232,169,91,179
Hist1h1c,82,348,307,311,376,144,141,114,66,98
Hist1h2ap,0,13,18,11,9,0,0,0,0,0
Hist1h2bc,98,648,461,452,720,151,225,118,116,210
Hist1h2be,142,310,330,352,297,170,197,148,64,132
Hist1h4h,2,70,44,39,65,6,13,5,3,4
Hist1h4i,20,107,85,107,99,65,94,30,34,69
Hist2h2aa1,0,265,222,200,317,0,0,0,0,0
Hist2h2bb,0,3,9,5,14,0,0,0,0,0
Hist2h2be,10,51,39,44,49,10,28,17,10,17
Hist2h3c1,5,31,21,13,41,10,23,13,4,11
Hist2h3c2,1,35,11,18,33,6,5,3,1,9
Hist2h4,15,32,39,37,31,37,35,16,20,24
Hist3h2a,0,0,0,0,0,0,0,0,0,0
Hist3h2ba,186,612,618,712,683,269,327,260,151,246
Hist4h4,3,19,13,22,19,10,7,5,4,3
Hivep1,32,122,143,126,155,66,40,60,24,49
Hivep2,1845,3571,3941,3912,3801,4143,2823,2784,1372,2274
Hivep3,820,1936,1718,1814,2232,1371,843,917,576,875
Hjurp,18,49,71,54,69,129,94,44,34,66
Hk1,491,1099,931,964,947,547,469,492,266,379
Hk1os,9,24,22,31,40,8,15,17,6,15
Hk2,4,82,35,32,84,31,15,9,13,42
Hk3,4,12,7,5,16,6,6,4,6,5
Hkdc1,28,60,47,57,74,25,29,58,11,18
Hlcs,219,347,408,425,495,331,223,243,169,137
Hlf,223,473,439,488,530,321,227,266,128,192
Hltf,80,186,156,163,216,116,75,84,48,89
Hlx,3,9,5,3,4,2,3,6,3,10
Hmbox1,436,1023,633,856,918,500,544,446,332,455
Hmbs,146,503,439,440,524,187,270,241,144,222
Hmces,104,242,201,228,235,115,105,139,56,97
Hmcn1,64,106,103,122,147,138,146,72,101,135
Hmcn2,4,20,29,44,33,10,11,17,5,12
Hmg20a,498,1017,942,1107,1052,543,574,512,295,452
Hmg20b,164,512,357,385,477,260,298,255,182,238
Hmga1,1,5,1,2,5,5,0,0,0,0
Hmga1-rs1,0,27,24,22,17,0,0,0,0,0
Hmga2,6,11,2,11,11,4,1,5,1,5
Hmgb1,397,889,976,814,963,489,511,442,257,450
Hmgb2,11,53,32,33,55,12,16,26,19,32
Hmgb3,14,71,81,65,80,16,21,13,7,14
Hmgb4,0,5,3,0,5,0,0,0,0,0
Hmgcl,231,667,536,614,647,339,327,333,169,286
Hmgcll1,230,520,510,507,660,330,244,316,169,269
Hmgcr,128,453,343,336,338,133,123,125,85,97
Hmgcs1,102,638,471,444,547,148,158,173,105,104
Hmgcs2,15,54,48,47,51,16,31,31,20,36
Hmgn1,153,586,522,591,648,248,262,230,138,195
Hmgn2,49,323,349,249,381,43,102,79,41,60
Hmgn3,569,2836,2207,2340,2823,865,907,1006,521,858
Hmgn5,13,64,87,77,89,20,28,25,15,20
Hmgxb3,266,637,521,554,543,327,357,310,170,257
Hmgxb4,97,213,215,215,210,116,158,106,64,102
Hmha1,81,247,104,90,231,172,125,69,157,165
Hmmr,5,0,0,0,0,5,3,6,1,1
Hmox1,4,53,19,26,49,10,14,7,7,14
Hmox2,365,657,579,522,652,303,395,311,191,279
Hn1,504,1305,1323,1268,1368,606,730,574,355,438
Hn1l,29,45,44,39,37,27,36,23,16,19
Hnf1a,3,13,18,12,25,7,8,4,5,4
Hnf1aos1,8,24,8,13,19,9,12,6,5,3
Hnf4a,3,0,0,0,0,1,0,0,0,0
Hnf4g,2,4,9,4,5,3,0,0,0,0
Hnmt,84,315,276,327,296,82,115,125,63,78
Hnrnpa0,17,119,104,100,99,25,28,20,12,25
Hnrnpa1,72,353,389,358,355,78,83,83,51,62
Hnrnpa2b1,588,2426,2174,2344,2644,641,889,719,407,832
Hnrnpa3,309,855,739,819,961,341,434,348,202,418
Hnrnpab,32,156,168,173,200,40,63,48,46,49
Hnrnpc,364,965,833,889,1014,420,430,398,235,379
Hnrnpd,83,318,263,290,350,154,113,99,63,134
Hnrnpdl,801,2473,2145,2268,2452,869,1137,1070,527,928
Hnrnpf,141,547,536,496,639,160,235,191,139,256
Hnrnph1,197,884,751,997,1036,332,312,284,162,310
Hnrnph2,206,714,740,804,731,423,326,309,126,157
Hnrnph3,716,1700,1672,1784,1578,959,970,1022,469,719
Hnrnpk,326,1804,1818,1893,2003,467,664,514,344,562
Hnrnpl,743,1297,999,1251,1259,795,777,787,415,583
Hnrnpll,332,716,645,704,727,323,312,315,148,294
Hnrnpm,484,1728,1337,1826,1886,757,747,689,465,657
Hnrnpr,906,2261,1673,1878,1987,718,1276,1004,556,1010
Hnrnpu,0,0,0,0,10,0,0,0,0,0
Hnrnpul1,167,331,272,253,295,133,156,119,78,115
Hnrnpul2,59,263,255,286,274,108,88,59,75,87
Hoga1,33,84,60,51,65,16,38,25,16,27
Homer1,567,1297,1222,1159,1049,735,697,668,318,434
Homer2,346,655,517,586,642,363,266,352,112,235
Homer3,142,518,450,629,642,191,232,140,152,155
Homez,25,129,117,123,115,38,47,42,21,27
Hook1,281,949,687,962,848,390,258,295,144,236
Hook2,239,729,641,715,799,328,309,390,187,263
Hook3,331,996,850,925,948,455,458,431,263,396
Hopx,101,534,508,364,482,58,154,108,72,148
Hopxos,0,0,0,0,0,1,0,0,0,0
Hormad1,0,5,5,10,4,0,0,0,0,0
Hormad2,23,39,32,37,30,48,61,37,30,36
Hp1bp3,185,588,571,655,655,320,210,243,126,218
Hpca,421,2298,2396,2751,2640,411,555,417,270,286
Hpcal1,30,178,189,164,193,71,63,55,38,66
Hpcal4,61,355,356,333,363,100,87,76,35,69
Hpdl,1,18,19,19,14,1,9,8,0,0
Hpgd,20,66,29,31,59,12,12,8,27,22
Hpgds,132,326,267,295,315,119,178,191,96,168
Hpn,13,29,30,41,42,18,17,22,10,19
Hprt,123,684,745,771,725,163,198,170,118,152
Hps1,47,261,172,197,204,68,75,59,36,73
Hps3,70,189,127,165,218,82,70,71,44,73
Hps4,200,593,583,807,803,580,447,281,210,294
Hps5,75,177,147,145,179,93,67,67,47,80
Hps6,0,0,0,0,0,0,0,0,0,0
Hpse,10,25,14,12,30,17,11,15,1,12
Hpse2,39,94,74,76,92,37,43,40,15,27
Hr,2,17,17,15,15,3,1,5,4,7
Hras,122,461,332,328,549,218,213,203,138,153
Hrasls,5,23,33,23,41,4,4,12,4,7
Hrasls5,0,0,0,0,0,0,0,0,0,0
Hrct1,3,25,9,12,21,7,10,15,10,15
Hrh1,10,39,54,30,51,20,14,17,4,7
Hrh2,7,17,21,20,23,14,9,12,8,11
Hrh3,18,128,130,107,118,28,24,34,11,27
Hrh4,0,8,12,9,9,0,4,1,2,3
Hrk,41,119,98,106,110,35,24,33,25,27
Hrsp12,80,592,276,269,630,82,111,87,47,117
Hs1bp3,32,74,54,67,91,39,25,29,21,25
Hs2st1,528,1411,1092,1107,1317,758,903,723,560,748
Hs3st1,42,179,179,162,168,50,50,60,20,42
Hs3st2,47,144,128,126,129,112,57,89,22,62
Hs3st3a1,17,44,33,40,32,11,17,13,8,12
Hs3st3b1,1,9,8,5,11,2,6,3,1,5
Hs3st4,1646,3711,3057,3847,4727,3188,1596,1581,1383,1797
Hs3st5,99,238,210,181,306,172,110,136,70,109
Hs6st1,17,78,75,66,101,49,27,38,19,32
Hs6st2,143,375,357,381,377,335,174,204,65,181
Hs6st3,2814,7107,6293,7290,8270,6225,3211,3953,1801,3405
Hsbp1,411,1572,1564,1538,1738,557,591,650,300,447
Hsbp1l1,11,19,25,26,30,14,13,21,6,7
Hscb,101,202,184,165,191,99,66,113,66,95
Hsd11b1,85,445,469,421,321,87,128,88,54,54
Hsd17b10,47,189,197,172,233,47,75,73,42,56
Hsd17b11,22,89,85,66,94,47,31,20,18,35
Hsd17b12,234,735,651,556,640,337,332,281,169,303
Hsd17b14,0,8,5,5,4,0,0,7,0,0
Hsd17b2,2,12,3,7,4,1,0,5,0,0
Hsd17b4,288,2376,1752,1326,2052,440,630,439,308,451
Hsd17b7,31,76,46,74,47,28,23,27,19,19
Hsd3b2,14,16,12,16,15,12,11,12,8,4
Hsd3b3,29,32,24,28,27,15,23,26,10,20
Hsd3b7,0,0,0,0,0,0,0,0,0,0
Hsdl1,63,255,190,178,215,73,65,76,41,72
Hsdl2,47,161,144,127,201,42,64,42,27,54
Hsf1,219,987,688,848,917,297,408,357,178,368
Hsf2,307,562,420,456,519,201,221,193,116,173
Hsf2bp,3,5,5,6,11,4,3,3,4,4
Hsf3,22,19,17,25,20,21,28,10,9,13
Hsf4,40,127,120,94,147,58,54,90,25,62
Hsf5,62,168,84,104,144,63,114,69,36,59
Hsh2d,2,0,0,9,9,3,0,0,0,0
Hsp90aa1,133,1115,1439,1173,1366,341,719,322,251,362
Hsp90ab1,505,3308,3511,3451,3800,1076,1936,936,644,1185
Hsp90b1,102,1030,883,944,1101,299,305,153,128,259
Hspa12a,103,364,317,381,356,154,124,121,77,99
Hspa12b,33,66,62,73,97,65,70,64,54,99
Hspa13,23,100,98,107,87,26,36,20,10,26
Hspa14,148,430,361,375,423,203,188,199,120,147
Hspa1a,4,43,76,81,52,40,251,10,11,66
Hspa1b,1,4,8,8,9,0,0,0,0,0
Hspa1l,5,12,9,5,11,10,12,4,0,0
Hspa2,112,405,490,430,444,74,227,107,78,104
Hspa4,572,1230,1340,1322,1109,650,779,611,308,492
Hspa4l,147,583,552,620,714,338,332,221,108,222
Hspa5,107,1511,1210,1373,1545,203,309,128,98,209
Hspa8,517,4525,5184,4955,4783,1024,1976,804,506,1205
Hspa9,205,704,659,778,733,201,312,211,135,193
Hspb1,53,123,136,164,242,292,358,126,127,379
Hspb11,104,218,226,182,213,92,120,105,73,83
Hspb2,3,6,6,11,5,3,5,3,2,4
Hspb3,0,7,5,12,6,0,0,0,0,0
Hspb6,5,28,17,13,34,8,7,10,8,15
Hspb7,0,0,0,0,0,0,0,0,0,0
Hspb8,9,39,37,39,59,15,18,21,16,37
Hspbap1,69,209,138,160,190,79,100,94,51,93
Hspbp1,87,310,263,322,317,109,127,105,39,99
Hspd1,102,547,524,545,573,165,234,121,86,163
Hspe1,122,712,850,744,905,190,300,143,81,153
Hspg2,13,46,23,39,36,20,27,14,14,21
Hsph1,93,612,572,600,611,168,312,106,70,181
Htatip2,18,91,67,71,90,23,17,36,20,26
Htatsf1,40,170,183,186,194,39,52,63,43,49
Htr1a,4,36,27,49,55,5,5,6,2,3
Htr1b,3,20,19,24,25,12,4,6,1,7
Htr1f,350,676,629,736,907,625,359,420,201,305
Htr2a,28,91,71,108,123,71,13,41,21,37
Htr2b,35,87,55,85,71,38,55,49,35,48
Htr2c,270,571,490,602,499,515,347,313,195,306
Htr3a,13,69,62,67,46,14,13,12,6,10
Htr4,426,656,580,715,742,454,366,321,356,369
Htr5a,4,9,15,12,7,1,4,9,0,1
Htr5b,28,33,42,36,32,49,29,30,9,22
Htr6,5,14,14,21,33,8,11,7,10,9
Htr7,34,49,78,57,92,57,23,40,16,26
Htra1,252,1250,1052,1059,1183,141,301,204,101,221
Htra2,258,1030,749,875,1039,422,522,433,252,500
Htra3,5,19,16,26,23,1,6,8,2,9
Htt,361,835,600,729,805,409,405,367,230,406
Hunk,167,408,361,359,373,236,138,202,84,128
Hus1,25,49,42,59,51,25,20,33,19,26
Huwe1,510,1662,1488,1750,1943,919,790,704,537,738
Hvcn1,16,27,19,14,33,21,12,12,8,21
Hyal1,0,5,5,1,3,0,0,0,0,0
Hyal2,14,92,57,85,75,20,15,23,16,18
Hyal3,16,14,18,16,18,12,8,5,3,8
Hydin,26,72,119,70,66,16,42,22,24,29
Hykk,36,53,52,56,69,29,22,33,19,24
Hyls1,12,49,36,42,41,22,28,25,7,21
Hyou1,57,158,113,169,168,65,50,31,16,50
Hypk,99,206,229,238,253,149,160,133,92,124
I830077J02Rik,9,16,12,11,16,9,12,10,12,10
Iah1,104,183,195,214,228,209,136,211,90,133
Iars,182,339,277,355,347,200,151,130,80,136
Iars2,173,346,300,403,387,205,187,195,118,170
Iba57,4,14,9,5,12,3,2,2,3,3
Ibtk,74,146,113,143,166,114,77,58,44,71
Ica1,655,1486,1285,1599,1493,951,578,628,385,534
Ica1l,216,323,290,374,372,266,238,278,161,175
Icam1,9,61,17,17,34,19,7,13,7,35
Icam2,26,83,72,68,72,59,57,36,47,94
Icam4,5,20,27,24,16,7,12,11,8,5
Icam5,347,1422,1142,1354,1294,436,538,441,244,466
Ice1,129,314,244,309,388,196,155,172,104,148
Ice2,70,223,158,202,217,100,82,87,51,87
Ick,145,413,308,360,414,189,182,141,87,169
Icmt,13,83,82,78,87,19,22,38,11,19
Icosl,13,115,65,74,74,18,34,11,13,18
Ict1,107,417,404,394,459,150,142,147,67,136
Ict1os,2,3,6,4,6,0,0,0,0,0
Id1,135,403,322,361,434,277,325,186,157,445
Id2,353,1444,1358,1034,1479,288,462,461,147,422
Id3,425,1555,1225,1166,1580,604,874,669,517,1068
Id4,130,1137,784,731,1114,32,257,139,71,207
Ide,108,348,282,303,316,193,148,169,81,163
Idh1,54,242,196,190,254,61,63,58,44,70
Idh2,176,556,453,447,583,204,287,278,126,232
Idh3a,84,494,543,479,542,100,135,110,58,78
Idh3b,503,1562,1232,1412,1601,656,666,823,410,626
Idh3g,360,1202,1092,1132,1400,646,664,620,323,599
Idi1,33,232,178,114,149,30,85,63,13,43
Idi2,7,0,0,0,0,0,5,3,4,2
Idnk,84,253,179,210,250,109,87,107,47,80
Ido2,5,23,21,23,24,7,10,12,2,7
Ids,27,160,181,143,184,60,52,48,32,38
Idua,21,58,53,58,57,20,26,40,10,19
Ier2,39,126,129,90,107,67,57,73,37,101
Ier3,22,90,77,85,85,57,54,50,27,92
Ier3ip1,2,367,507,487,467,9,14,10,5,1
Ier5,71,246,318,280,268,78,98,88,48,68
Ier5l,20,73,85,95,94,157,33,33,34,25
Iffo1,333,761,588,732,776,365,407,415,179,271
Iffo2,95,103,78,83,102,57,63,96,41,56
Ifi203,0,0,0,0,0,0,0,0,0,0
Ifi204,0,0,0,0,0,0,0,2,1,2
Ifi205,0,0,0,0,0,0,0,0,0,0
Ifi27,347,2032,1177,1395,1873,726,720,557,465,913
Ifi27l2a,1,55,28,37,38,26,9,5,9,13
Ifi30,5,28,22,24,29,14,20,18,15,17
Ifi35,49,109,59,75,102,86,96,69,83,120
Ifi44,2,26,21,11,18,6,5,3,9,12
Ifi47,0,0,0,0,0,0,0,0,0,0
Ifih1,7,28,10,14,26,10,7,5,7,13
Ifit1,13,97,30,27,68,30,30,19,28,43
Ifit1bl1,3,15,19,18,25,8,4,14,4,4
Ifit1bl2,1,12,13,11,13,12,9,4,6,2
Ifit2,5,23,12,9,27,9,7,5,4,4
Ifit3,14,110,30,44,91,24,26,22,44,34
Ifit3b,5,32,13,25,45,13,13,8,16,20
Ifitm1,16,35,33,43,35,44,44,36,14,36
Ifitm10,26,135,144,138,169,32,37,45,23,44
Ifitm2,62,291,157,220,274,92,117,92,103,178
Ifitm3,143,763,556,444,688,333,292,198,306,418
Ifitm6,0,10,1,6,6,0,0,0,0,0
Ifitm7,108,203,192,191,212,152,112,147,73,90
Ifnar1,142,356,266,289,311,113,127,144,79,103
Ifnar2,105,205,176,165,190,73,93,76,60,88
Ifngr1,24,183,129,117,176,29,47,35,25,41
Ifngr2,186,543,468,462,495,136,170,128,98,106
Ifnk,0,25,0,0,27,15,0,0,0,20
Ifrd1,223,555,523,524,547,226,263,291,149,223
Ifrd2,46,171,117,131,153,75,56,64,31,74
Ift122,288,845,796,821,799,393,440,451,254,351
Ift140,249,510,393,417,379,253,220,225,135,183
Ift172,102,259,233,279,270,189,146,98,91,119
Ift20,649,1769,1629,1627,1756,1096,1146,1310,621,899
Ift22,74,354,370,286,415,119,142,121,65,96
Ift27,27,116,127,118,123,33,66,40,29,48
Ift43,151,298,309,295,373,198,193,158,102,165
Ift46,133,292,256,265,327,147,171,168,70,123
Ift52,384,1022,845,869,899,484,580,574,292,440
Ift57,121,392,328,344,406,135,144,150,65,136
Ift74,180,405,288,339,421,194,228,172,97,207
Ift80,76,222,182,198,243,99,93,111,71,103
Ift81,188,414,406,419,445,267,215,229,139,197
Ift88,253,498,507,566,503,297,215,262,121,189
Igbp1,43,159,141,121,167,49,74,61,45,49
Igdcc3,46,76,82,73,86,39,43,44,28,26
Igdcc4,169,482,331,348,464,195,179,153,81,165
Igf1,53,149,122,127,189,66,48,48,31,55
Igf1os,4,6,3,4,11,5,0,0,0,0
Igf1r,418,1218,1132,1378,1405,822,595,509,393,734
Igf2,0,3,20,30,6,0,0,0,0,0
Igf2bp1,0,0,0,0,0,4,3,3,1,8
Igf2bp2,12,14,9,14,13,13,11,12,6,4
Igf2bp3,1626,4910,3755,4415,4484,2992,2971,2986,1728,2094
Igf2r,76,233,197,229,268,86,91,109,80,60
Igfbp2,27,181,171,260,164,28,40,35,26,23
Igfbp3,12,70,38,57,50,11,12,11,3,16
Igfbp4,30,197,237,264,197,63,45,54,27,29
Igfbp5,117,726,380,370,682,144,134,121,91,191
Igfbp6,12,94,170,147,90,20,36,57,13,16
Igfbp7,284,694,424,507,657,568,499,351,457,968
Igfbpl1,7,12,20,19,22,10,4,6,6,5
Igfn1,0,6,3,6,3,0,5,6,0,0
Ighmbp2,69,210,203,216,230,169,121,124,83,104
Iglon5,83,231,170,192,266,155,105,124,70,85
Igsf1,10,44,31,32,31,6,3,9,13,13
Igsf10,3,17,10,7,10,3,0,0,0,0
Igsf11,295,776,670,740,900,388,325,266,228,346
Igsf21,89,203,248,218,301,247,82,110,47,106
Igsf3,204,297,256,277,287,106,162,146,91,112
Igsf5,5,10,6,11,12,10,5,6,8,10
Igsf6,2,12,6,6,12,4,6,2,1,5
Igsf8,248,1310,1100,1194,1154,286,389,404,184,331
Igsf9,23,62,61,47,52,32,31,49,12,26
Igsf9b,17,30,27,23,32,34,16,17,2,8
Igtp,0,0,0,0,0,0,0,0,0,0
Iigp1,19,60,21,26,32,9,12,14,38,30
Ik,201,590,522,567,572,270,238,303,149,210
Ikbip,74,238,215,208,219,66,67,80,40,57
Ikbkap,95,284,257,297,283,128,113,110,65,96
Ikbkb,205,630,493,601,580,287,279,259,136,263
Ikbke,6,24,7,12,9,5,3,3,4,3
Ikbkg,133,313,221,217,256,163,176,167,101,133
Ikzf1,8,43,11,22,41,26,21,10,17,23
Ikzf2,177,423,346,399,420,225,229,225,129,215
Ikzf4,98,165,164,192,169,116,107,120,40,83
Ikzf5,0,0,0,0,0,0,0,0,0,0
Il10,13,16,12,14,16,4,4,4,1,3
Il10ra,14,34,11,15,18,12,10,4,7,12
Il10rb,22,109,73,70,93,42,52,36,26,71
Il11,2,8,4,7,4,2,2,3,3,1
Il11ra1,115,484,384,414,504,167,187,199,89,177
Il12a,4,14,6,10,9,5,1,6,0,4
Il12rb1,3,7,5,4,1,6,3,5,2,4
Il12rb2,13,30,27,33,31,9,20,11,10,16
Il13ra1,16,49,40,31,68,23,24,15,18,35
Il13ra2,15,0,0,0,0,8,4,6,5,5
Il15,4,18,20,16,26,10,7,5,7,19
Il15ra,92,117,134,140,124,86,88,103,53,46
Il16,162,241,185,237,219,131,118,99,119,114
Il17b,0,3,9,10,6,0,0,0,0,0
Il17d,28,97,74,86,105,66,37,51,25,40
Il17ra,31,78,75,84,88,56,33,46,18,27
Il17rb,6,12,12,16,9,6,11,4,6,4
Il17rc,10,34,25,23,34,8,14,10,7,13
Il17rd,51,97,165,73,107,42,109,60,41,70
Il17re,18,32,43,37,32,40,22,32,12,19
Il18,90,290,271,241,313,64,128,77,51,73
Il18bp,5,47,19,36,56,19,18,12,9,19
Il1a,0,7,3,7,8,0,0,0,0,0
Il1r1,39,114,88,110,111,53,33,31,46,55
Il1r2,0,7,6,8,10,1,4,5,4,5
Il1rap,950,1762,1350,1731,1838,1084,945,954,851,844
Il1rapl1,5818,11049,9816,11510,12152,8544,7364,7884,4838,6920
Il1rapl2,518,1224,1056,1410,2033,1807,633,1001,292,844
Il1rl2,4,5,4,4,13,7,5,3,2,2
Il2,9,11,7,6,11,0,1,7,1,5
Il20rb,31,79,56,92,78,22,23,34,11,37
Il21r,0,9,0,1,8,0,0,1,2,4
Il23r,7,0,0,0,0,4,0,3,5,1
Il27,1,10,10,7,8,5,0,0,0,0
Il27ra,14,20,12,10,8,19,22,28,22,9
Il2rg,0,0,0,0,0,0,0,0,0,0
Il31ra,0,6,6,11,8,0,0,0,0,0
Il33,97,279,253,202,298,70,77,55,46,75
Il34,159,491,402,470,484,280,242,250,94,185
Il3ra,3,27,13,9,22,6,4,2,1,6
Il4,16,38,35,48,38,36,29,19,18,18
Il4i1,23,51,33,44,42,25,29,19,14,18
Il4ra,2,13,5,13,17,6,6,5,2,8
Il5ra,10,37,46,36,44,11,20,32,8,14
Il6ra,43,112,87,94,119,60,44,33,37,50
Il6st,82,302,234,248,298,98,93,84,67,103
Il7r,3,5,7,5,2,4,6,3,4,5
Ildr1,0,0,0,0,8,0,7,8,1,3
Ildr2,203,460,444,477,489,325,256,211,134,186
Ilf2,426,990,896,974,924,483,546,484,311,392
Ilf3,274,658,504,567,603,372,418,333,186,340
Ilk,127,589,436,511,679,226,270,220,136,276
Ilkap,115,402,355,390,460,190,230,193,105,193
Ilvbl,124,512,385,378,430,166,177,226,87,137
Immp1l,434,946,810,858,998,450,628,604,295,436
Immp2l,932,1964,1522,1850,2028,1193,944,973,734,994
Immt,314,1015,778,861,973,403,470,418,282,377
Imp3,104,380,378,454,466,184,181,159,107,139
Imp4,52,254,200,206,227,75,95,83,44,80
Impa1,35,250,242,266,245,58,69,44,45,59
Impa2,18,54,51,38,52,20,10,27,5,16
Impact,309,1039,852,945,1045,393,391,414,169,286
Impad1,37,172,165,173,151,66,48,52,38,48
Impdh1,111,343,327,289,375,156,187,208,110,156
Impdh2,10,155,164,155,171,25,54,43,23,33
Impg1,3,18,22,16,11,4,5,2,1,3
Impg2,15,41,38,39,40,46,32,17,20,24
Ina,458,748,777,739,680,634,517,602,281,338
Inadl,101,203,172,169,253,197,106,150,73,119
Inafm1,78,436,341,339,389,161,153,180,83,127
Inafm2,26,69,75,69,51,17,31,19,13,12
Inca1,84,129,102,106,113,51,70,88,43,60
Incenp,25,85,68,81,105,25,29,38,22,35
Inf2,320,866,775,519,772,465,293,443,310,472
Ing1,29,94,76,109,107,55,51,30,31,39
Ing2,89,235,192,271,254,120,115,93,69,85
Ing3,66,194,176,211,220,94,86,88,67,76
Ing4,534,1244,1107,1126,1287,723,664,1043,392,627
Ing5,19,47,34,52,54,15,12,19,11,16
Inha,62,331,241,274,345,130,82,118,32,90
Inhba,46,161,148,312,216,74,115,28,32,52
Inhbb,24,58,48,36,35,14,21,13,6,18
Inhbc,5,23,13,10,26,2,3,6,3,6
Inip,94,157,111,149,178,77,75,64,35,59
Ino80,559,1034,754,824,998,624,593,579,353,492
Ino80b,118,387,430,463,491,246,206,185,126,174
Ino80c,11,44,35,41,47,9,9,7,5,12
Ino80d,396,739,697,770,840,410,464,350,203,298
Ino80dos,444,850,670,829,799,393,492,493,306,353
Ino80e,78,240,214,248,265,115,107,99,55,70
Inpp1,57,194,191,212,185,81,75,52,23,59
Inpp4a,338,1101,749,928,935,289,370,317,222,373
Inpp4b,928,1648,1210,1486,1877,1157,932,895,665,940
Inpp5a,90,253,193,206,252,145,113,105,59,94
Inpp5b,159,593,422,514,660,254,234,190,125,215
Inpp5d,43,141,50,70,132,91,64,38,54,86
Inpp5e,82,318,235,306,323,21,109,91,29,90
Inpp5f,120,339,257,294,339,152,109,97,67,112
Inpp5j,237,1047,645,797,943,240,320,378,167,317
Inpp5k,169,470,375,473,528,136,236,224,107,177
Inppl1,17,81,67,71,88,16,28,14,15,35
Insc,16,49,57,37,41,15,27,13,13,18
Insig1,120,380,235,193,268,66,92,128,53,72
Insig2,359,771,682,808,669,348,378,319,208,288
Insl5,0,9,11,10,11,3,2,7,3,6
Insl6,10,26,21,33,25,18,12,11,8,7
Insm1,7,30,24,29,29,3,8,21,6,9
Insr,286,641,543,587,679,381,288,260,187,307
Ints1,34,165,116,141,166,46,50,76,38,42
Ints10,236,804,422,532,708,336,224,226,134,211
Ints12,36,74,67,75,82,32,49,28,21,35
Ints2,118,344,232,348,371,128,145,143,114,145
Ints3,216,633,474,572,638,322,313,240,164,273
Ints4,92,217,177,187,195,108,77,74,64,87
Ints5,21,98,102,100,82,34,23,30,20,30
Ints6,334,1020,888,1022,1062,635,485,438,422,524
Ints7,130,286,222,243,303,153,110,150,78,110
Ints8,141,312,278,293,315,155,167,166,112,168
Ints9,351,748,763,795,806,524,512,563,392,499
Intu,35,128,100,111,172,95,49,79,33,65
Invs,266,744,560,532,803,491,281,347,180,357
Ip6k1,144,937,555,812,882,185,243,190,100,189
Ip6k2,371,1168,876,992,1099,359,420,345,225,389
Ip6k3,1,12,4,1,7,2,0,0,0,0
Ipcef1,178,234,191,210,214,163,171,214,88,133
Ipmk,203,351,269,324,305,217,194,162,116,149
Ipo11,283,670,483,587,693,406,350,327,214,308
Ipo13,50,297,258,225,312,78,82,63,45,81
Ipo4,178,705,453,521,628,347,334,311,173,299
Ipo5,74,309,238,236,303,294,104,84,97,102
Ipo7,259,508,461,489,535,286,339,300,168,241
Ipo8,325,722,504,577,621,316,403,360,183,329
Ipo9,234,613,504,568,561,245,310,236,148,220
Ipp,213,229,170,199,214,94,148,163,77,117
Ippk,192,384,286,350,356,188,185,191,131,156
Iqca,25,34,64,27,33,12,49,17,15,24
Iqcb1,263,703,595,653,702,300,355,349,188,289
Iqcc,55,212,196,227,218,59,75,89,32,70
Iqcd,22,45,77,43,42,12,39,16,26,21
Iqce,218,551,461,546,531,369,334,276,137,235
Iqcf3,10,2,9,4,10,3,6,4,6,5
Iqcg,64,84,86,74,99,49,64,42,27,43
Iqch,30,130,115,124,118,45,55,61,35,48
Iqcj,0,0,0,0,0,0,0,0,0,0
Iqck,73,128,140,103,115,38,66,46,35,52
Iqgap1,222,473,378,470,453,280,228,203,117,245
Iqgap2,1916,3507,2758,3429,3315,1846,1872,1446,1158,1497
Iqgap3,1,0,0,0,0,1,0,0,0,0
Iqsec1,700,1231,991,1166,1261,817,632,620,372,507
Iqsec2,448,906,795,957,1059,655,498,467,356,431
Iqsec3,134,597,585,681,679,387,214,239,152,209
Iqub,48,102,94,121,108,55,60,46,32,46
Irak1,121,349,284,367,322,135,145,131,92,130
Irak1bp1,56,237,224,245,232,74,78,69,39,57
Irak2,175,316,272,288,326,137,183,114,84,153
Irak3,6,9,6,7,13,12,4,1,8,5
Irak4,32,91,55,83,66,45,42,52,38,40
Ireb2,229,588,517,593,599,348,331,333,235,390
Irf1,53,121,106,118,135,49,67,58,41,52
Irf2,282,698,624,763,736,493,355,319,222,343
Irf2bp1,17,76,64,58,109,31,44,38,15,25
Irf2bp2,16,106,88,98,126,31,26,24,12,37
Irf2bpl,71,276,284,262,270,69,84,73,46,76
Irf3,222,728,607,746,886,535,510,370,245,416
Irf5,9,49,12,17,29,14,10,7,7,13
Irf7,9,49,23,23,26,26,13,15,16,33
Irf8,0,0,0,0,0,0,0,0,0,0
Irf9,21,129,61,109,145,67,40,36,40,80
Irgm1,15,104,51,59,116,7,17,6,1,26
Irgm2,9,30,23,17,30,11,15,17,24,29
Irgq,14,71,66,63,79,20,24,25,12,22
Irs1,45,178,187,179,199,100,73,68,53,74
Irs2,41,151,122,175,141,74,42,37,23,28
Irs3,0,0,0,0,0,0,0,5,0,0
Irx3,0,7,7,0,8,0,0,0,0,0
Isca1,38,230,246,249,269,51,50,42,15,21
Isca2,250,991,827,935,1111,435,500,378,221,423
Iscu,360,1167,1135,1088,1162,550,556,579,273,434
Isg15,41,130,79,72,90,94,52,50,72,91
Isg20,5,7,4,6,5,5,2,2,4,9
Isg20l2,34,112,77,84,95,34,40,40,19,33
Islr,15,42,46,62,44,2,16,6,5,7
Islr2,148,473,449,541,441,284,186,196,145,135
Ism1,42,90,71,75,81,37,44,29,44,47
Ism2,16,30,32,27,49,14,12,15,8,15
Isoc1,4,17,13,19,24,11,5,8,6,5
Isoc2a,61,133,94,85,142,63,81,77,43,60
Isoc2b,27,91,38,51,113,25,20,37,12,26
Ispd,242,548,443,464,483,288,237,202,177,242
Ist1,169,544,415,540,598,212,192,175,101,159
Isy1,56,38,43,48,50,67,58,98,49,36
Isyna1,125,595,461,564,618,320,383,354,173,341
Itch,973,1756,1601,1652,1585,994,1137,1079,606,936
Itfg1,424,1548,1436,1506,1462,495,466,522,312,438
Itfg2,164,410,400,385,422,250,255,245,129,160
Itga1,39,93,71,81,98,41,39,40,43,61
Itga10,10,45,56,79,75,29,33,12,8,23
Itga11,86,211,245,224,201,90,108,86,70,56
Itga2,9,18,26,32,22,6,9,11,2,5
Itga2b,15,57,41,39,51,26,27,16,9,22
Itga3,25,63,48,54,63,36,13,28,7,14
Itga4,78,279,198,281,297,150,102,107,79,107
Itga5,22,22,43,31,30,22,5,38,12,24
Itga6,130,368,299,345,358,151,165,118,101,152
Itga7,63,238,183,189,228,44,65,68,52,68
Itga8,392,805,579,753,761,396,313,338,314,344
Itga9,40,89,60,63,103,47,45,37,15,27
Itgad,3,11,7,10,15,7,3,7,3,5
Itgae,23,53,55,41,51,31,33,26,17,24
Itgal,7,9,6,5,10,10,15,8,5,10
Itgam,0,0,0,0,0,0,0,0,0,0
Itgav,296,494,380,407,493,175,310,299,170,244
Itgax,0,13,0,0,12,0,0,0,2,2
Itgb1,269,758,645,644,708,392,413,456,214,399
Itgb1bp1,41,125,130,156,135,56,45,38,30,37
Itgb1bp2,4,12,5,13,20,9,6,5,3,4
Itgb2,2,13,3,4,17,3,4,2,4,3
Itgb3,2,16,14,6,14,5,3,3,9,7
Itgb3bp,478,1093,957,1082,1067,451,599,788,411,496
Itgb4,10,41,52,40,44,13,19,14,8,23
Itgb5,80,244,125,151,247,88,98,67,50,78
Itgb6,0,5,4,8,2,0,0,0,0,0
Itgb7,1,9,8,9,7,2,6,4,1,3
Itgb8,108,283,209,208,291,96,120,114,104,123
Itgbl1,145,403,410,513,508,207,207,128,118,181
Itih3,92,462,242,168,342,33,80,65,34,106
Itih5,53,133,110,137,133,59,84,52,42,86
Itk,8,9,5,12,6,5,0,10,4,3
Itm2a,535,1520,883,903,1142,1075,1231,748,1080,2059
Itm2b,968,8752,8707,8093,7464,1036,1627,1262,930,1238
Itm2c,491,4271,4067,3873,3557,494,872,559,374,581
Itpa,170,472,443,499,445,205,224,197,91,176
Itpk1,91,267,240,273,294,191,135,106,77,113
Itpka,428,1360,1124,1456,1242,722,703,607,330,460
Itpkb,142,316,276,266,320,112,128,83,97,171
Itpkc,15,34,36,44,48,26,20,14,6,12
Itpr1,539,1476,1216,1445,1609,986,584,648,363,583
Itpr2,91,272,234,278,348,103,120,73,73,115
Itpr3,7,35,20,23,40,20,19,15,7,10
Itpripl1,1,15,5,4,7,2,4,5,2,12
Itpripl2,5,22,15,16,21,17,8,8,6,12
Itsn1,551,1241,1099,1222,1296,1339,808,735,626,710
Itsn2,431,1209,1011,1241,1235,737,571,493,338,593
Ivd,377,670,595,720,662,397,401,399,216,302
Ivns1abp,83,376,317,358,396,112,157,107,69,121
Iws1,190,469,409,490,477,282,237,248,135,229
Iyd,1,27,27,10,37,5,6,4,3,3
Izumo4,448,2015,1315,1233,1775,727,738,796,531,674
Jade1,37,120,111,111,109,69,66,58,36,44
Jade2,54,140,126,138,177,103,59,64,39,53
Jade3,120,227,196,234,230,136,160,136,78,115
Jag1,24,62,55,42,62,12,28,29,24,38
Jag2,18,43,43,67,68,35,21,18,14,20
Jagn1,84,428,375,412,376,81,135,96,58,85
Jak1,159,530,455,503,506,264,176,179,136,191
Jak2,244,488,326,367,453,222,227,229,121,226
Jak3,8,17,11,9,15,8,8,7,3,9
Jakmip1,504,1157,1162,1235,1145,578,541,567,269,450
Jakmip2,624,1421,1208,1447,1609,973,625,718,449,651
Jakmip3,205,339,326,366,442,301,191,248,153,192
Jam2,49,140,111,129,122,60,60,62,46,88
Jam3,300,910,807,844,940,540,440,407,181,361
Jarid2,466,1006,880,971,994,536,509,428,306,412
Jazf1,395,884,782,955,1043,744,453,436,317,420
Jchain,1,11,10,7,10,7,2,6,6,4
Jdp2,37,51,46,46,55,46,25,38,14,19
Jkamp,230,782,780,807,686,261,276,281,134,183
Jmjd1c,1485,2727,2043,2538,2707,1312,1576,1410,969,1402
Jmjd4,17,61,63,58,51,37,28,42,31,30
Jmjd6,108,404,338,382,385,160,198,153,69,163
Jmjd7,0,0,0,0,0,0,0,0,0,0
Jmjd8,0,0,0,0,0,0,0,0,0,0
Jmy,91,253,234,259,316,197,114,120,77,111
Josd1,87,303,267,239,242,137,143,150,53,100
Josd2,437,1833,1391,1349,1798,768,769,854,469,748
Jph1,857,1702,1333,1573,1622,746,683,796,639,702
Jph2,0,9,3,2,6,0,0,4,0,0
Jph3,0,0,0,0,0,0,0,0,0,0
Jph4,262,819,758,950,881,468,346,320,180,252
Jpx,39,91,78,80,96,36,49,63,37,44
Jrk,5,22,24,18,31,7,8,13,7,2
Jrkl,15,51,74,74,68,32,42,22,10,17
Jsrp1,14,56,63,78,48,17,20,22,18,20
Jtb,188,764,558,684,770,212,256,263,135,247
Jun,109,591,628,623,505,169,321,147,133,171
Junb,216,756,658,647,470,206,273,370,146,231
Jund,133,902,676,543,1057,354,401,303,197,284
Junos,31,96,114,96,76,48,37,46,23,37
Jup,43,104,125,103,125,67,49,57,26,46
K230010J24Rik,33,82,74,52,88,35,49,48,18,34
Kalrn,4728,9473,8163,9834,10217,6363,4377,5042,3247,3993
Kank1,126,304,275,284,313,43,138,84,38,76
Kank2,99,134,103,150,160,63,76,79,30,90
Kank3,358,901,736,716,755,531,663,538,366,636
Kank4,7,28,17,16,21,20,18,16,11,15
Kansl1,1957,4422,3514,3833,4306,2901,2619,2280,1392,2492
Kansl1l,318,869,669,772,843,524,655,461,315,440
Kansl2,270,588,402,503,509,225,280,211,145,205
Kansl3,321,743,665,768,664,397,433,409,175,296
Kantr,251,487,445,435,537,344,295,331,191,282
Kars,43,163,126,149,155,44,52,41,29,48
Kat2a,124,672,495,584,633,193,298,203,96,227
Kat2b,114,265,194,189,262,124,148,106,72,120
Kat5,72,257,214,222,294,94,86,131,61,89
Kat6a,108,251,218,226,304,160,142,119,93,132
Kat6b,477,1060,874,880,1067,610,460,453,289,447
Kat7,174,329,267,327,325,143,177,171,68,115
Kat8,50,141,134,141,129,58,64,48,30,41
Katna1,102,246,213,236,262,118,124,97,65,114
Katnal1,78,205,158,189,237,109,60,88,61,77
Katnal2,179,437,300,371,354,267,254,164,108,176
Katnb1,59,314,235,283,288,80,97,97,56,94
Katnbl1,75,225,188,216,236,99,112,101,68,118
Kazald1,13,37,52,41,31,18,17,27,18,19
Kazn,76,282,199,210,329,102,86,81,46,71
Kbtbd11,200,709,874,1100,904,579,423,315,277,393
Kbtbd12,8,16,14,8,12,10,10,13,7,7
Kbtbd2,56,187,157,184,212,86,91,96,45,67
Kbtbd3,170,275,324,360,354,178,168,155,79,113
Kbtbd4,48,174,136,152,140,67,87,74,24,45
Kbtbd7,5,50,51,51,63,9,11,11,9,16
Kbtbd8,9,26,28,37,33,18,13,9,7,17
Kcmf1,435,813,612,711,807,444,455,413,307,430
Kcna1,178,612,614,610,560,269,204,207,113,155
Kcna2,20,117,130,118,155,41,27,40,21,39
Kcna4,112,190,160,211,187,104,90,101,86,71
Kcna5,1,5,6,9,6,8,0,0,0,0
Kcna6,62,224,282,252,306,151,102,112,43,84
Kcnab1,1482,3166,2858,3473,3568,2502,1665,1805,1036,1623
Kcnab2,265,930,820,959,949,429,377,256,174,274
Kcnab3,24,174,145,113,176,46,44,65,17,43
Kcnab3os,9,0,0,0,0,6,3,5,4,4
Kcnb1,146,419,403,462,436,304,189,187,103,174
Kcnb2,1627,4403,3892,4132,4938,3575,2156,2474,1522,2165
Kcnc1,226,659,607,676,692,457,307,272,153,212
Kcnc2,1063,2677,2127,2366,2830,1840,1210,1220,860,1127
Kcnc3,512,1258,984,1287,1144,663,719,535,402,496
Kcnc4,66,179,183,185,198,89,84,72,37,72
Kcnd1,9,43,24,31,27,9,9,19,6,8
Kcnd2,8140,17755,15300,19050,19917,12929,9049,10269,7696,10344
Kcnd3,644,1617,1437,1648,1672,1131,786,681,525,771
Kcnd3os,9,21,26,25,19,13,8,11,9,7
Kcne1l,7,56,46,35,53,9,15,10,8,20
Kcne4,2,6,9,7,4,5,11,6,0,0
Kcnf1,9,87,92,99,76,18,14,21,2,8
Kcng1,133,217,242,259,210,159,158,93,61,77
Kcng2,98,160,111,122,190,97,99,53,60,56
Kcng3,52,95,41,70,70,72,57,36,26,52
Kcng4,0,15,10,12,7,0,2,1,1,4
Kcnh1,398,764,703,686,793,459,409,379,285,294
Kcnh2,4,37,41,34,41,13,5,14,10,5
Kcnh3,280,386,337,353,349,218,239,244,142,188
Kcnh4,60,133,132,126,105,111,137,119,25,76
Kcnh5,131,185,187,197,253,142,108,185,81,122
Kcnh6,9,18,19,10,23,14,5,11,5,5
Kcnh7,2699,7464,6336,7086,7336,4852,3585,5660,1416,3505
Kcnh8,65,141,141,139,141,69,86,82,39,71
Kcnip1,353,574,509,532,657,393,350,339,184,232
Kcnip2,459,1224,1056,1325,1249,670,677,456,333,560
Kcnip3,702,1100,1143,1096,1149,1308,665,1321,323,879
Kcnip4,27858,55998,47424,55724,56791,41133,30681,35578,23780,31230
Kcnj10,50,180,151,120,206,39,49,42,24,51
Kcnj12,11,27,40,34,49,32,28,30,6,22
Kcnj13,4,19,29,39,24,12,14,22,9,5
Kcnj14,0,7,2,4,3,0,0,0,0,0
Kcnj16,41,139,99,99,102,17,46,29,15,27
Kcnj2,12,27,20,19,25,10,7,12,9,14
Kcnj3,1462,3598,2449,3123,3783,1821,1524,1752,1287,1761
Kcnj4,35,127,157,126,104,40,36,37,17,22
Kcnj6,888,1433,1322,1589,1460,1192,819,739,639,696
Kcnj8,32,47,36,42,57,37,43,28,26,43
Kcnj9,142,458,430,366,520,160,143,253,92,109
Kcnk1,179,821,854,793,701,169,212,204,132,185
Kcnk10,231,432,353,418,446,289,209,202,149,213
Kcnk12,159,164,196,164,137,157,116,132,58,100
Kcnk13,34,135,97,96,103,63,51,46,33,57
Kcnk2,492,1349,1535,1539,1683,747,685,908,412,560
Kcnk3,24,55,66,54,59,40,15,35,12,10
Kcnk4,33,94,78,92,87,46,39,57,21,34
Kcnk5,1,8,4,5,3,4,0,0,0,0
Kcnk6,4,12,5,8,4,4,5,5,1,5
Kcnk9,10,8,10,14,12,6,5,10,3,2
Kcnma1,3207,8053,6732,7618,8796,5004,3543,3800,2094,3135
Kcnmb2,430,978,775,844,1169,556,492,474,318,442
Kcnmb4,190,417,381,403,375,285,242,256,148,163
Kcnmb4os1,2,10,3,7,8,3,0,0,0,0
Kcnmb4os2,31,58,79,77,90,71,49,36,24,19
Kcnn1,32,61,53,46,61,28,23,32,13,19
Kcnn2,866,2333,2087,2911,2131,1403,1062,938,690,1008
Kcnn3,127,272,207,235,265,155,135,94,50,103
Kcnn4,6,11,17,8,8,4,0,0,0,0
Kcnq1,1184,3917,2815,3343,3452,2294,2649,2422,1482,2011
Kcnq1ot1,761,2198,1812,2200,2509,1498,821,762,609,846
Kcnq2,447,1582,1300,1515,1491,967,814,652,380,655
Kcnq3,1558,4374,4143,4613,4817,2730,1880,1937,1298,1899
Kcnq4,15,48,60,52,71,33,21,22,9,23
Kcnq5,3321,10878,9004,10085,13653,7200,4506,5216,3038,4075
Kcnrg,600,1379,1244,1244,1226,678,844,959,530,585
Kcns1,7,76,76,60,67,24,11,28,6,14
Kcns2,12,20,25,27,19,24,9,9,9,15
Kcns3,37,147,130,148,125,89,46,61,23,44
Kcnt1,38,172,158,188,247,88,46,78,26,44
Kcnt2,911,1942,1570,2142,2043,1432,1082,1163,955,1092
Kcnu1,137,514,492,575,559,137,119,104,67,95
Kcnv1,39,126,137,111,94,33,23,25,17,18
Kcnv2,7,18,10,14,16,9,7,6,17,7
Kcp,10,27,21,16,21,11,15,10,9,13
Kctd1,305,683,703,794,818,439,324,358,180,272
Kctd10,19,154,95,119,130,38,39,30,25,58
Kctd11,5,13,9,8,11,2,7,2,0,4
Kctd12,32,132,120,138,154,54,46,36,30,43
Kctd12b,7,10,8,10,9,2,6,2,3,9
Kctd13,136,689,692,673,717,85,172,122,108,148
Kctd14,15,20,20,17,30,8,12,12,5,7
Kctd15,8,36,38,33,41,19,12,13,15,15
Kctd16,2786,5613,5090,6130,6147,3917,3054,3336,2632,3103
Kctd17,82,674,404,387,738,92,94,101,57,56
Kctd18,78,117,131,127,157,65,74,83,32,57
Kctd2,16,69,49,53,78,62,11,22,11,12
Kctd20,81,267,227,281,278,76,69,66,44,84
Kctd21,62,103,81,76,79,86,65,52,26,54
Kctd3,152,331,276,295,361,136,160,147,78,121
Kctd4,332,672,589,860,638,222,329,217,118,190
Kctd5,140,282,237,208,249,78,121,108,66,96
Kctd6,63,312,273,315,301,86,104,54,45,69
Kctd7,5,25,21,25,20,7,13,14,4,13
Kctd8,209,668,502,624,745,451,290,266,146,300
Kctd9,8,52,50,50,56,29,6,20,12,25
Kdelc1,77,199,160,183,221,80,86,69,56,72
Kdelc2,8,24,15,19,22,9,8,12,12,11
Kdelr1,131,506,507,444,435,146,198,179,100,139
Kdelr2,62,225,176,165,200,77,93,70,52,70
Kdelr3,1,6,4,6,10,0,0,0,0,0
Kdf1,2,0,0,0,0,5,0,0,0,0
Kdm1a,155,259,269,273,319,298,159,178,107,137
Kdm1b,28,70,54,56,61,36,16,17,10,22
Kdm2a,781,1535,1155,1248,1521,730,948,901,491,808
Kdm2b,408,834,761,864,800,537,530,414,288,356
Kdm3a,154,390,326,381,477,242,177,173,109,164
Kdm3b,384,653,506,553,632,321,381,357,211,293
Kdm4a,72,216,148,213,207,64,55,65,38,69
Kdm4b,288,707,619,696,714,455,407,336,203,316
Kdm4c,730,1432,1168,1362,1501,933,821,791,518,776
Kdm4d,35,54,49,35,78,36,20,37,20,16
Kdm5a,289,542,372,518,566,284,297,248,163,286
Kdm5b,541,978,795,913,1010,586,557,541,331,527
Kdm5c,851,1818,1528,1587,1769,906,1172,1024,615,868
Kdm5d,188,312,325,322,394,180,168,169,113,184
Kdm6a,291,701,556,574,680,290,459,418,233,401
Kdm6b,458,532,336,417,437,227,296,282,157,219
Kdm6bos,13,9,5,8,6,6,9,4,2,4
Kdm7a,480,957,733,916,901,541,604,450,342,449
Kdm8,67,117,119,112,143,52,50,89,28,39
Kdr,12,58,41,61,54,30,29,10,22,45
Kdsr,96,319,302,308,318,108,110,137,59,111
Keap1,124,365,350,408,395,105,134,122,38,121
Keg1,8,5,7,4,6,7,2,3,2,2
Khdc3,0,0,0,0,0,0,0,0,0,0
Khdrbs1,485,740,635,717,765,406,499,485,222,393
Khdrbs2,1064,3554,3038,3471,3831,2479,1387,1705,776,1872
Khdrbs3,1242,3474,2925,3559,3688,2667,1369,1475,840,1323
Khk,18,100,84,71,90,29,45,26,32,42
Khnyn,24,70,48,53,53,32,22,25,8,11
Khsrp,136,287,209,250,269,187,228,144,102,181
Kidins220,459,1724,1699,1805,2283,954,536,574,366,544
Kif11,8,20,10,11,15,10,5,7,8,8
Kif13a,130,350,366,331,382,212,179,148,103,147
Kif13b,294,561,508,507,545,376,355,234,186,328
Kif14,0,0,0,0,0,0,0,0,0,0
Kif15,11,33,16,21,18,17,16,19,4,11
Kif16b,149,344,290,315,402,242,151,181,89,172
Kif17,147,294,279,245,263,143,142,159,84,101
Kif18a,20,17,12,22,18,22,19,23,12,16
Kif18b,4,0,0,0,0,0,0,0,0,0
Kif19a,17,33,51,42,43,6,27,21,13,18
Kif1a,460,1396,1069,1161,1346,695,578,553,325,450
Kif1b,1943,3691,2982,3378,3695,1762,1869,1591,1068,1525
Kif1bp,443,974,822,1027,944,226,424,323,175,284
Kif1c,91,303,202,231,301,166,115,96,74,94
Kif20a,3,6,9,7,6,2,4,2,3,3
Kif20b,2,10,12,5,5,7,2,3,1,0
Kif21a,962,2346,1934,2201,2552,1580,1237,1140,805,1010
Kif21b,92,233,227,251,246,188,126,122,49,92
Kif22,24,98,124,113,124,21,21,31,12,17
Kif23,6,10,10,11,12,6,5,9,2,8
Kif24,75,112,97,80,107,59,97,69,45,62
Kif26a,13,49,31,35,33,19,13,15,12,22
Kif26b,169,269,266,311,302,208,193,134,103,151
Kif27,19,40,42,39,29,20,21,13,15,17
Kif2a,692,1401,916,1107,1200,597,798,822,458,734
Kif2c,5,12,8,6,6,3,3,2,0,0
Kif3a,154,355,433,540,521,229,190,171,115,169
Kif3b,210,431,322,367,371,232,264,221,131,185
Kif3c,299,598,512,568,671,350,282,275,171,238
Kif4,5,9,5,12,18,6,5,4,0,0
Kif5a,303,1074,971,1111,1173,588,454,484,232,402
Kif5b,905,2480,1941,2292,2274,780,1057,946,569,950
Kif5c,428,1230,1108,1254,1236,700,511,477,305,409
Kif6,98,202,210,175,184,108,86,102,68,87
Kif7,7,21,17,20,17,5,7,5,8,5
Kif9,186,294,352,326,339,212,195,226,122,138
Kifap3,311,1205,1333,1455,1450,672,551,456,293,364
Kifc1,42,83,71,60,84,61,51,63,25,61
Kifc2,394,2437,1805,1975,2437,649,882,976,393,752
Kifc3,98,329,279,261,325,123,121,105,57,145
Kifc5b,46,157,108,141,129,88,73,77,37,62
Kin,68,215,173,236,212,93,103,115,49,101
Kir3dl1,8,30,17,16,17,11,11,7,7,6
Kir3dl2,50,16,58,67,13,80,157,66,84,74
Kirrel,17,60,46,49,46,40,32,21,13,21
Kirrel2,12,24,18,19,17,6,7,7,4,14
Kirrel3,3276,7073,5800,7598,7968,4783,4108,3269,2690,4019
Kirrel3os,4,10,12,9,18,2,8,5,1,2
Kiss1r,18,92,94,107,106,47,39,37,14,40
Kit,113,378,337,357,273,107,110,101,38,76
Kitl,80,194,172,227,267,210,160,136,101,170
Kiz,202,373,366,379,440,219,204,192,118,178
Kl,22,41,30,50,47,11,16,20,7,8
Klb,13,31,21,24,22,12,17,17,8,15
Klc1,604,2045,1677,1897,2206,829,794,766,411,664
Klc2,383,1133,994,1048,1098,554,524,559,211,393
Klc3,3,37,14,12,21,8,8,3,5,8
Klc4,34,164,122,120,134,67,40,72,34,56
Klf1,0,2,8,3,6,0,0,0,0,0
Klf10,125,298,403,408,273,326,202,255,92,91
Klf11,5,25,22,20,27,8,9,4,6,11
Klf12,526,1312,1204,1269,1476,922,709,725,437,730
Klf13,428,947,785,866,984,408,452,370,249,412
Klf15,34,156,143,157,225,40,55,35,18,51
Klf16,23,120,104,125,117,23,39,32,12,20
Klf2,155,605,369,484,530,638,521,282,458,950
Klf3,88,261,212,234,260,113,130,111,79,96
Klf4,27,73,42,73,64,57,67,27,39,98
Klf5,21,82,78,84,96,91,43,80,13,32
Klf6,70,185,146,150,182,120,105,110,49,114
Klf7,238,606,597,646,757,331,244,268,166,251
Klf8,165,351,268,314,355,237,194,196,127,209
Klf9,286,549,629,636,650,343,313,316,160,265
Klhdc1,334,583,615,633,631,413,364,441,238,279
Klhdc10,306,808,778,844,890,744,428,447,275,463
Klhdc2,141,496,433,523,509,192,190,207,110,153
Klhdc3,111,487,397,475,440,245,238,223,123,204
Klhdc4,42,213,160,204,173,78,87,61,33,75
Klhdc7a,4,17,15,13,30,4,5,7,0,0
Klhdc8a,1,19,24,16,37,9,4,10,1,10
Klhdc8b,49,186,144,154,184,86,95,99,73,103
Klhdc9,53,125,108,61,152,30,25,104,37,38
Klhl1,57,146,142,181,140,88,67,64,25,46
Klhl10,98,119,108,130,138,94,101,98,48,67
Klhl11,31,36,49,38,33,33,16,25,18,14
Klhl12,434,723,643,742,659,466,432,467,197,306
Klhl13,65,160,124,121,138,67,64,56,45,63
Klhl14,13,12,9,12,14,6,10,4,5,6
Klhl15,222,360,275,336,338,174,222,219,132,174
Klhl17,109,562,282,285,543,160,210,198,98,190
Klhl18,147,210,187,216,210,147,128,135,57,120
Klhl2,735,1959,1630,2009,2174,1092,869,719,632,794
Klhl20,90,167,136,155,177,77,105,84,55,95
Klhl21,24,58,48,47,55,23,24,21,13,22
Klhl22,239,665,531,577,707,316,266,288,134,211
Klhl23,94,155,140,193,163,128,92,108,47,61
Klhl24,272,503,414,517,521,260,249,264,117,167
Klhl25,11,48,42,43,31,10,12,8,10,10
Klhl26,271,642,612,709,576,223,308,247,126,232
Klhl28,29,64,64,74,74,53,37,35,24,41
Klhl29,918,1955,1647,2090,2062,1601,1191,1030,815,996
Klhl3,231,567,456,582,524,464,286,265,160,247
Klhl31,0,0,0,0,0,4,0,5,0,0
Klhl32,338,820,721,776,857,561,358,441,231,407
Klhl33,0,9,3,6,9,0,0,0,0,0
Klhl35,21,29,25,40,25,16,10,12,9,8
Klhl36,52,108,88,88,98,58,52,75,28,36
Klhl38,2,0,0,0,0,2,0,0,0,0
Klhl4,39,51,32,35,51,40,39,38,22,41
Klhl40,26,45,66,50,43,24,26,30,9,18
Klhl41,4,7,10,8,3,7,6,5,2,3
Klhl42,19,71,65,79,98,36,30,27,25,34
Klhl5,182,493,403,439,476,186,220,199,106,153
Klhl6,4,32,9,11,34,22,11,4,11,17
Klhl7,557,923,825,1018,913,497,569,511,310,508
Klhl8,91,224,226,226,232,139,119,84,50,92
Klhl9,44,165,141,139,142,49,49,45,33,60
Klk10,0,5,8,6,4,0,0,0,0,0
Klk6,3,27,32,7,42,3,8,3,3,6
Klk7,0,7,5,4,6,0,0,0,0,0
Klk8,21,69,104,98,70,15,21,32,17,15
Klk9,0,8,5,4,3,0,0,0,0,0
Klkb1,32,52,53,62,45,60,66,53,53,40
Klra2,6,12,6,13,13,6,7,6,10,9
Klrb1a,0,3,7,4,6,0,0,0,0,0
Klrg1,0,3,6,11,5,0,0,0,0,0
Klri1,12,0,0,0,8,0,0,3,0,0
Klrk1,3,15,14,9,19,6,6,4,5,5
Kmo,3,6,5,8,6,0,2,2,3,1
Kmt2a,314,873,747,979,959,552,458,400,280,412
Kmt2b,46,189,138,187,182,89,77,64,38,58
Kmt2c,642,1383,1051,1316,1484,734,601,532,431,631
Kmt2d,276,602,293,482,631,134,278,201,132,258
Kmt2e,681,1733,1542,1796,1859,1020,861,886,569,863
Kncn,0,0,0,0,0,0,0,0,0,0
Kndc1,104,282,236,233,348,159,136,108,70,98
Kng1,0,4,5,3,4,2,0,0,0,0
Kng2,5,6,5,4,8,3,3,2,3,2
Knop1,183,517,528,572,539,292,312,288,158,228
Knstrn,6,18,8,19,20,3,5,9,1,2
Kntc1,17,24,12,30,24,12,10,15,5,12
Kpna1,263,743,556,594,640,344,408,291,169,234
Kpna2,8,11,11,7,13,9,3,5,6,11
Kpna3,319,706,671,694,730,418,377,337,238,364
Kpna4,327,719,594,602,771,986,571,574,471,469
Kpna6,174,329,241,356,342,189,194,186,97,145
Kpna7,12,27,21,16,20,9,17,12,3,12
Kpnb1,107,358,268,305,316,140,128,115,91,135
Kptn,229,473,416,481,488,275,238,330,178,165
Kras,156,485,435,412,481,266,210,210,131,215
Krba1,42,195,179,203,219,76,69,88,35,50
Krcc1,180,406,319,336,381,151,192,163,100,156
Kremen1,45,109,75,66,91,39,48,48,16,44
Kremen2,8,30,44,27,48,20,18,35,12,16
Kri1,295,1278,1140,1469,1675,491,396,412,274,380
Krit1,1089,3095,2796,3121,3035,1493,1586,1438,764,1364
Krr1,37,117,92,118,129,50,39,43,34,40
Krt1,13,67,57,53,66,16,16,19,8,16
Krt10,76,293,330,399,394,89,131,115,56,93
Krt12,280,320,266,341,312,228,216,414,154,160
Krt15,6,7,33,9,23,3,8,5,0,0
Krt18,0,9,17,3,12,0,9,1,3,1
Krt2,15,41,36,36,27,6,9,9,7,10
Krt20,0,0,0,0,0,0,0,0,0,0
Krt222,275,529,377,430,508,174,297,412,136,235
Krt73,0,11,13,17,14,0,9,3,0,0
Krt77,2,36,42,40,47,11,5,18,9,11
Krt79,5,14,16,17,16,3,2,5,3,1
Krt8,0,5,12,4,5,0,0,0,0,0
Krt9,9,20,32,20,31,2,3,4,4,3
Krtap28-13,0,0,0,0,0,0,0,0,0,0
Krtcap2,76,532,535,469,605,78,102,89,49,108
Krtcap3,4,31,31,21,41,19,10,25,8,9
Ksr1,291,833,614,833,919,626,366,274,242,345
Ksr2,968,1877,1629,1803,1932,1442,1106,1073,740,998
Kti12,0,0,0,0,0,0,0,0,0,0
Ktn1,394,1851,1691,2391,2135,804,739,541,339,456
Kxd1,191,747,792,880,904,385,317,302,150,196
Ky,19,20,23,35,33,19,10,24,11,8
Kynu,5,14,10,9,15,7,4,4,1,6
L1cam,134,440,307,348,394,253,187,172,81,152
L2hgdh,74,156,125,120,160,54,69,71,33,60
L3hypdh,23,56,45,48,50,27,29,23,10,18
L3mbtl1,124,168,142,121,170,113,206,173,26,114
L3mbtl2,74,185,160,207,204,52,88,58,33,67
L3mbtl3,170,297,329,376,388,353,262,231,121,208
L3mbtl4,28,70,77,62,85,57,29,42,19,34
Lacc1,52,121,88,93,102,40,45,66,30,35
Lace1,270,579,405,591,592,353,309,220,139,240
Lactb,123,256,227,252,242,105,139,149,78,86
Lactb2,93,220,160,178,183,124,56,86,75,88
Lactbl1,1,0,0,0,0,12,3,0,1,5
Lad1,0,2,7,6,8,0,0,0,0,0
Lag3,2,46,11,9,44,9,3,2,3,5
Lage3,430,1485,1434,1499,1657,1032,738,930,479,532
Lair1,20,125,43,51,116,50,29,15,28,43
Lama1,39,29,29,30,26,23,21,23,7,16
Lama2,287,744,559,597,644,174,333,206,141,306
Lama3,34,130,94,88,98,78,35,34,31,38
Lama4,17,36,46,47,53,41,26,41,23,40
Lama5,14,27,35,29,38,20,14,27,10,18
Lamb1,54,194,125,187,162,64,56,69,48,54
Lamb2,23,98,59,73,87,30,36,21,22,52
Lamb3,17,33,15,24,37,13,11,15,7,14
Lamc1,153,428,409,438,418,285,231,160,141,199
Lamc2,10,27,33,25,35,22,13,39,10,10
Lamc3,27,20,20,37,33,30,21,13,13,31
Lamp1,440,2594,1860,1614,2034,506,699,604,347,610
Lamp2,223,915,665,657,833,352,320,302,195,312
Lamp3,1,13,6,7,11,3,0,0,0,0
Lamp5,51,220,190,208,235,102,83,128,56,57
Lamtor1,156,530,458,472,558,213,159,183,115,189
Lamtor2,142,574,570,579,666,228,197,163,97,155
Lamtor3,66,324,291,293,336,85,127,98,68,49
Lamtor4,339,1535,1306,1306,1649,650,668,707,412,556
Lamtor5,106,554,526,532,595,149,180,184,114,174
Lancl1,482,1297,1039,1115,1295,554,428,632,330,425
Lancl2,32,122,124,124,137,50,26,40,20,35
Lancl3,19,51,49,49,46,38,29,19,15,26
Lap3,40,279,187,158,222,50,42,45,35,58
Laptm4a,508,2896,2690,2326,2437,597,853,688,525,876
Laptm4b,100,484,445,430,428,114,148,105,69,103
Laptm5,6,109,25,24,113,27,8,8,12,23
Large,3996,9100,7144,8893,9598,5786,5021,4225,3109,4323
Larp1,98,290,252,287,300,428,119,137,128,132
Larp1b,140,303,287,284,371,248,153,195,109,143
Larp4,226,486,404,383,489,258,245,221,150,210
Larp4b,213,505,450,496,537,377,189,224,155,202
Larp6,32,144,142,138,155,27,45,29,14,26
Larp7,54,217,178,196,211,76,94,83,56,75
Lars,567,1129,931,1137,1108,741,619,599,397,496
Lars2,107,262,234,261,306,171,118,135,89,104
Las1l,290,558,447,549,538,295,294,389,184,237
Lasp1,66,246,263,230,255,97,116,107,52,100
Lat,5,10,11,8,18,4,8,8,2,8
Lat2,10,61,11,24,48,21,10,11,8,10
Lats1,84,174,167,150,190,97,76,78,60,75
Lats2,123,358,276,357,367,169,171,104,87,143
Layn,23,36,29,28,41,29,39,9,27,46
Lbh,31,84,82,66,84,29,24,30,16,23
Lbhd1,0,0,0,0,0,0,0,0,0,0
Lbp,31,62,81,55,59,16,62,29,32,33
Lbr,43,117,103,101,101,47,47,41,43,43
Lca5,108,256,158,234,195,128,125,141,108,108
Lca5l,61,134,112,128,131,63,67,74,38,50
Lcat,58,517,392,311,410,36,89,87,33,71
Lck,8,48,31,23,38,18,14,13,14,9
Lclat1,140,351,283,321,369,198,148,139,86,99
Lcmt1,136,410,405,442,477,192,183,163,82,186
Lcmt2,34,72,73,69,80,22,30,32,10,22
Lcn2,0,18,0,0,6,0,0,0,0,0
Lcor,765,1391,1240,1412,1454,1016,865,842,565,767
Lcorl,248,908,637,697,877,543,396,310,278,509
Lcp1,13,81,34,40,72,44,26,23,26,31
Lcp2,2,17,5,4,11,4,3,2,3,3
Lct,85,147,114,153,148,62,94,94,79,86
Lctl,4,0,0,0,0,6,0,0,0,0
Ldah,138,461,367,462,498,188,191,179,92,184
Ldb1,54,168,127,166,194,63,49,64,32,52
Ldb2,649,2004,2114,2083,2420,1725,914,1142,298,1091
Ldb3,56,121,115,129,116,57,66,57,20,47
Ldha,220,999,867,945,1021,263,319,303,132,281
Ldhb,324,2192,2056,1871,2246,396,541,572,211,382
Ldhc,2,6,4,2,4,3,6,3,3,5
Ldhd,37,188,113,157,195,61,56,58,26,65
Ldlr,212,418,301,240,313,262,166,224,129,170
Ldlrad3,170,402,367,357,360,186,192,170,139,193
Ldlrad4,594,1600,1403,1598,1612,1197,662,835,518,700
Ldlrap1,5,29,11,15,12,9,12,12,7,14
Ldoc1,0,2,6,8,11,0,0,0,0,0
Ldoc1l,12,64,67,62,80,6,14,7,5,12
Lect1,29,106,104,83,98,25,34,23,34,33
Lef1,61,125,107,125,162,122,119,74,73,167
Lefty1,18,115,131,149,128,25,34,33,17,24
Lekr1,226,568,457,438,592,304,221,269,154,212
Lemd1,14,28,47,23,42,28,38,38,16,26
Lemd2,38,229,169,175,225,123,88,79,61,73
Lemd3,132,375,321,322,370,181,179,146,114,145
Leng1,101,262,192,211,183,113,117,121,68,117
Leng8,528,2340,1444,1623,2082,612,750,816,393,660
Leng9,65,157,142,141,151,111,79,80,38,59
Leo1,23,66,73,82,98,31,38,33,18,22
Lepr,7,24,26,37,30,18,11,13,6,15
Leprot,73,273,266,287,335,110,95,115,88,118
Leprotl1,188,503,429,440,445,238,199,215,109,151
Letm1,123,368,297,327,365,128,132,137,79,108
Letm2,406,880,750,777,879,387,400,526,236,291
Letmd1,167,510,433,460,429,150,224,230,90,157
Lexm,10,23,10,17,25,28,12,7,9,13
Lfng,70,276,218,199,291,33,85,76,35,74
Lgals1,47,349,183,209,409,80,71,70,40,85
Lgals3,6,39,48,25,57,7,26,7,11,11
Lgals3bp,13,203,108,67,141,34,28,11,21,39
Lgals4,22,78,41,51,55,9,27,21,16,29
Lgals7,0,7,4,9,10,0,0,0,0,0
Lgals8,68,155,108,139,120,66,57,44,47,48
Lgals9,18,73,38,43,81,50,30,27,44,52
Lgalsl,38,123,89,118,121,34,24,30,20,27
Lgi1,678,1820,1724,2009,1876,987,866,733,661,803
Lgi2,19,72,67,57,73,79,17,53,19,22
Lgi3,154,626,367,390,513,225,193,219,92,173
Lgi4,50,218,189,119,205,30,51,52,34,55
Lgmn,120,874,703,659,762,158,170,137,89,141
Lgr4,122,313,265,254,304,137,138,108,66,114
Lgr5,17,47,42,34,26,8,20,12,24,12
Lgr6,23,51,45,43,47,23,18,19,20,16
Lhb,10,8,25,9,11,3,23,1,4,8
Lhcgr,6,4,5,7,10,3,12,2,1,3
Lhfp,216,542,384,551,586,259,221,225,84,215
Lhfpl1,8,16,16,18,14,9,17,13,3,13
Lhfpl2,27,131,118,112,115,51,45,28,29,42
Lhfpl3,741,1540,1286,1175,1592,672,823,661,364,632
Lhfpl4,124,321,299,315,332,180,144,120,85,117
Lhfpl5,4,30,25,19,22,1,6,3,3,3
Lhpp,34,84,89,84,85,37,47,33,24,28
Lhx2,64,232,150,159,238,81,88,70,35,56
Lhx4,0,0,0,0,0,0,1,2,0,4
Lhx6,3,40,33,30,31,15,10,15,5,7
Lhx9,27,66,59,82,60,27,27,24,19,18
Lias,304,653,491,515,561,296,338,360,199,254
Lifr,137,306,275,334,325,140,187,122,69,138
Lig1,18,48,36,33,51,24,13,13,12,24
Lig3,64,183,141,157,161,79,77,85,54,64
Lig4,7,35,35,33,29,7,11,9,1,7
Lilrb4a,0,42,1,1,25,5,0,1,4,18
Lima1,288,405,376,395,463,211,275,266,182,241
Limch1,642,1568,1401,1470,1708,929,773,671,455,680
Limd1,108,475,366,508,471,168,116,98,55,118
Limd2,167,636,525,526,703,210,220,284,200,160
Limk1,126,325,282,223,324,226,173,168,74,144
Limk2,432,1199,1033,1080,1165,411,492,573,269,445
Lims1,410,917,738,704,871,472,440,393,233,454
Lims2,41,155,76,111,126,83,77,63,59,114
Lin28b,35,91,58,83,87,93,76,69,27,55
Lin37,70,479,330,344,487,140,137,135,79,132
Lin52,166,398,373,398,476,249,196,221,133,188
Lin54,136,364,307,324,310,173,162,136,102,121
Lin7a,224,587,533,567,637,472,308,359,227,302
Lin7b,447,1968,1714,1553,1800,884,910,1169,529,656
Lin7c,204,444,422,434,387,329,345,371,177,244
Lin9,52,196,186,174,179,88,126,82,49,69
Lingo1,205,986,912,895,921,346,300,283,159,217
Lingo2,5592,12729,10191,11562,14046,9170,7038,7648,4686,7929
Lingo3,21,126,107,138,103,17,18,15,4,12
Lingo4,2,5,4,5,8,0,0,0,0,0
Lins1,44,107,88,110,110,53,47,32,22,27
Lipa,70,196,130,138,181,100,66,64,37,81
Lipc,6,21,12,12,20,5,10,5,4,2
Lipe,410,1046,885,861,951,484,507,458,240,314
Lipg,2,10,11,8,10,1,0,0,0,0
Liph,13,9,13,11,4,11,16,8,6,11
Lipi,0,0,0,0,0,0,0,0,0,0
Lipk,13,34,20,30,18,16,32,14,6,14
Lipo1,42,133,94,114,125,51,53,54,31,42
Lipo4,0,0,0,0,0,0,0,0,0,0
Lipt1,0,21,16,20,14,6,4,7,5,4
Lipt2,10,28,22,36,39,13,15,14,2,9
Litaf,101,165,168,114,194,103,112,78,71,92
Lix1,334,742,530,628,695,281,335,273,196,266
Lix1l,93,181,136,140,217,106,120,92,69,90
Llgl1,157,365,281,338,282,175,204,181,88,120
Llgl2,5,23,9,21,12,6,11,17,4,9
Llph,64,370,371,422,463,114,119,113,66,117
Lman1,114,339,291,331,325,161,160,137,94,109
Lman1l,16,13,12,6,13,36,17,12,10,11
Lman2,95,456,365,364,360,114,166,118,62,123
Lman2l,263,1406,556,614,979,354,321,238,135,178
Lmbr1,236,652,565,602,654,307,271,264,148,269
Lmbr1l,76,244,214,223,243,123,132,122,66,94
Lmbrd1,239,759,720,719,703,286,299,252,152,238
Lmbrd2,108,210,193,225,227,147,138,120,68,100
Lmcd1,24,82,72,65,76,8,23,25,19,19
Lmf1,95,316,264,246,275,156,142,122,72,108
Lmf2,18,119,79,82,79,29,36,24,20,33
Lmln,159,256,198,231,259,164,147,168,94,126
Lmna,150,428,335,370,379,190,183,188,83,183
Lmnb1,62,163,118,146,160,65,81,75,48,46
Lmnb2,29,178,171,212,189,53,63,51,29,58
Lmntd1,16,86,102,60,48,27,36,20,26,42
Lmo1,67,281,272,369,306,67,84,54,47,71
Lmo2,48,180,96,106,141,84,86,67,68,81
Lmo3,584,1223,1219,1426,1439,633,573,622,404,515
Lmo4,756,2182,2326,2388,2345,1046,1210,1213,714,758
Lmo7,815,1655,1457,1881,1763,812,807,904,543,610
Lmod1,11,72,94,113,106,76,74,39,18,42
Lmtk2,579,1293,930,1018,1384,779,675,707,313,517
Lmtk3,235,661,563,679,703,402,321,243,169,267
Lmx1a,12,14,12,14,11,17,13,2,10,10
Lmx1b,10,4,7,7,4,9,5,7,2,5
Lncenc1,9,25,33,44,57,14,12,14,6,5
Lncpint,1040,4043,3773,4247,4439,2156,1331,1229,935,1412
Lnp,357,1109,806,967,1032,375,432,519,209,361
Lnpep,297,795,603,683,838,437,330,329,250,354
Lnx1,53,230,183,270,281,119,70,107,35,64
Lnx2,45,83,75,70,91,64,51,36,35,42
Lockd,6,14,17,11,36,16,16,13,11,12
Lonp1,97,373,269,310,287,114,171,129,70,155
Lonp2,330,972,804,911,916,410,450,384,262,370
Lonrf1,63,223,204,211,280,138,74,115,35,74
Lonrf2,98,259,248,251,260,143,92,87,54,83
Lonrf3,39,90,50,75,107,23,27,28,18,38
Lor,16,117,86,109,140,8,26,20,8,18
Loxhd1,0,10,5,3,0,0,0,0,0,0
Loxl1,34,86,71,74,68,33,24,18,21,22
Loxl2,6,3,6,12,8,4,5,7,2,2
Loxl3,23,110,73,71,93,11,30,18,23,29
Lpar1,46,210,246,225,302,87,99,92,33,94
Lpar2,2,12,6,8,10,5,0,0,0,0
Lpar3,10,42,45,53,75,22,4,10,7,9
Lpar4,56,102,114,114,113,36,56,49,36,39
Lpar6,32,123,76,66,99,25,39,39,30,36
Lpcat1,158,450,332,382,354,121,176,150,88,163
Lpcat2,77,183,162,215,210,80,88,80,49,61
Lpcat3,199,442,380,383,404,197,204,168,124,195
Lpcat4,59,394,237,191,332,61,57,61,38,53
Lpgat1,255,559,493,576,644,453,276,291,165,206
Lpin1,54,146,145,123,166,76,50,60,32,64
Lpin2,0,0,0,0,0,0,0,0,0,0
Lpin3,4,18,6,7,19,4,5,0,3,7
Lpl,137,398,133,152,166,123,116,91,77,87
Lpp,367,1663,1761,1618,2233,943,564,541,302,641
Lppos,58,155,144,144,190,54,75,63,34,72
Lpxn,14,29,10,17,34,19,14,10,8,18
Lrba,785,1745,1367,1523,1714,887,822,731,529,792
Lrch1,613,1347,1043,1166,1234,644,586,545,416,570
Lrch2,94,229,189,215,274,138,99,136,88,120
Lrch3,402,887,680,787,767,467,472,315,226,384
Lrcol1,0,0,0,0,0,2,3,3,1,3
Lrfn1,87,215,181,189,219,87,97,89,55,58
Lrfn2,546,996,833,987,1026,948,616,570,364,534
Lrfn3,17,66,64,59,66,40,12,13,6,8
Lrfn4,37,205,221,230,251,64,39,43,22,32
Lrfn5,4261,9942,7718,9430,10766,6597,5873,5783,3941,5522
Lrg1,0,9,5,9,4,1,0,0,0,0
Lrguk,26,56,56,50,53,23,33,17,15,22
Lrif1,275,616,605,649,792,321,257,322,146,224
Lrig1,76,175,124,124,158,49,57,49,33,51
Lrig2,725,1503,1140,1293,1396,679,750,730,411,641
Lrig3,8,17,18,15,24,6,9,5,4,7
Lrit3,2,0,0,0,0,5,0,0,0,0
Lrmp,8,46,22,28,34,20,8,9,7,12
Lrp1,390,1323,1120,1207,1201,620,613,501,268,478
Lrp10,115,325,213,250,332,136,163,124,62,141
Lrp11,333,913,706,748,686,162,322,232,153,215
Lrp12,66,210,167,204,153,72,54,32,28,38
Lrp1b,11490,25022,19111,22811,27464,13749,13944,11995,10550,14687
Lrp2,17,35,23,20,32,13,10,8,7,12
Lrp2bp,20,52,40,48,38,20,24,22,7,18
Lrp3,22,134,128,182,151,58,41,43,27,38
Lrp4,100,384,278,248,307,75,142,130,40,111
Lrp5,30,103,126,113,131,37,29,30,15,37
Lrp6,305,659,431,567,630,325,299,243,202,298
Lrp8,115,410,392,387,439,395,239,164,142,218
Lrp8os2,427,791,684,673,640,372,464,529,282,344
Lrpap1,313,2104,1895,2005,1977,541,487,473,279,394
Lrpprc,255,609,445,556,556,301,269,252,130,215
Lrrc1,44,108,91,88,107,88,101,64,24,57
Lrrc10,2,0,0,4,4,3,3,3,2,1
Lrrc10b,15,59,53,81,62,21,24,22,15,11
Lrrc14,76,205,185,193,184,133,121,111,65,80
Lrrc14b,14,18,15,12,13,8,9,15,6,1
Lrrc16a,415,994,779,799,1064,514,460,433,268,417
Lrrc16b,158,551,586,656,606,266,222,229,170,256
Lrrc17,31,50,45,75,65,71,93,63,46,60
Lrrc18,0,3,7,5,5,0,0,0,0,0
Lrrc19,302,685,665,821,564,357,467,440,253,422
Lrrc2,24,27,35,24,31,9,14,11,11,12
Lrrc20,144,241,189,241,324,178,133,122,94,133
Lrrc23,31,51,75,38,49,36,56,32,24,20
Lrrc24,72,433,363,352,366,92,115,99,45,62
Lrrc27,8,24,29,24,35,10,15,12,8,5
Lrrc28,156,303,261,285,353,202,151,126,100,130
Lrrc29,310,523,385,470,481,397,394,367,215,251
Lrrc3,0,7,8,3,6,0,0,0,0,0
Lrrc32,0,4,7,3,2,0,9,2,0,0
Lrrc34,9,2,12,8,8,1,0,0,0,0
Lrrc36,55,68,108,55,50,2,65,16,15,35
Lrrc37a,113,598,497,555,541,254,236,258,144,130
Lrrc38,0,9,6,5,4,0,0,0,0,0
Lrrc39,9,20,13,12,26,5,10,3,1,5
Lrrc3b,205,398,317,380,373,196,184,211,114,200
Lrrc4,411,946,852,1039,948,431,485,482,278,307
Lrrc40,243,517,521,590,545,245,276,299,180,202
Lrrc41,109,218,192,223,231,114,110,107,72,107
Lrrc42,102,272,191,243,224,97,155,127,55,120
Lrrc43,33,62,96,52,68,22,29,23,23,23
Lrrc45,231,1677,1238,1137,1668,394,440,474,215,438
Lrrc46,12,9,29,16,21,8,20,8,6,9
Lrrc47,30,147,108,129,158,58,49,49,35,48
Lrrc48,150,274,303,301,287,192,221,165,91,123
Lrrc49,245,561,508,526,614,329,270,299,165,259
Lrrc4b,140,405,402,399,432,213,149,138,107,122
Lrrc4c,4573,11581,10257,10175,14506,9676,5514,7621,2829,6107
Lrrc51,119,221,249,199,204,90,179,123,88,128
Lrrc55,6,19,27,26,27,12,11,14,13,12
Lrrc56,9,21,34,19,38,10,8,12,7,13
Lrrc57,204,626,526,599,619,217,278,252,116,198
Lrrc58,395,1329,1249,1277,1207,636,731,566,323,544
Lrrc59,141,432,330,302,377,171,143,162,76,144
Lrrc6,48,72,94,79,86,47,45,56,22,41
Lrrc61,9,34,36,34,47,21,13,17,6,14
Lrrc63,9,0,0,0,0,0,2,5,1,2
Lrrc69,47,36,31,26,32,43,58,36,38,40
Lrrc7,4141,10543,8751,10565,10560,7378,5815,5469,3855,5201
Lrrc71,17,20,30,15,14,4,27,4,10,10
Lrrc73,122,472,424,442,434,146,189,183,86,132
Lrrc74b,6,15,28,14,10,2,12,5,5,5
Lrrc75a,27,44,27,27,45,39,21,45,20,19
Lrrc75b,16,43,41,30,35,24,25,13,8,16
Lrrc8a,0,0,0,0,0,0,0,0,0,0
Lrrc8b,199,428,433,397,441,432,213,317,175,205
Lrrc8c,151,325,327,320,368,237,187,157,79,168
Lrrc8d,148,331,261,290,341,178,132,117,96,142
Lrrc9,38,85,83,55,75,17,32,22,29,38
Lrrcc1,136,283,225,303,311,162,133,173,78,133
Lrrd1,23,52,48,45,40,28,20,32,18,14
Lrrfip1,635,1447,1247,1532,1552,1162,717,738,418,583
Lrrfip2,122,296,268,270,279,181,148,143,82,122
Lrriq1,123,126,149,133,139,103,97,45,48,85
Lrriq3,15,32,33,21,29,9,14,22,8,17
Lrrk1,48,89,51,68,104,74,65,59,60,87
Lrrk2,119,280,308,368,246,178,111,127,63,104
Lrrn1,136,361,315,328,322,137,119,116,109,89
Lrrn2,332,1049,950,1065,905,507,385,292,254,276
Lrrn3,139,388,314,325,312,177,122,162,91,134
Lrrtm1,92,493,425,554,487,124,157,135,90,82
Lrrtm2,31,100,82,99,91,19,27,22,5,13
Lrrtm3,779,2324,1984,2075,2571,1755,1043,1270,475,1073
Lrrtm4,12133,29417,23514,25900,27506,17210,16804,14961,11822,15826
Lrsam1,72,170,135,146,155,76,60,84,34,59
Lrtm1,91,25,39,33,30,104,52,61,39,34
Lrtm2,13,139,107,87,123,32,23,28,18,35
Lrwd1,44,129,98,145,133,67,77,56,24,67
Lsamp,30300,68115,58320,70202,75221,42465,35164,30949,24942,34476
Lsg1,85,230,156,187,205,114,103,114,55,90
Lsm1,254,610,586,597,599,314,356,308,147,276
Lsm10,20,132,114,115,159,32,39,37,14,53
Lsm11,15,58,51,67,46,20,15,15,13,17
Lsm12,146,277,243,272,257,169,163,175,86,119
Lsm14a,175,378,324,343,397,161,176,163,96,165
Lsm14b,24,120,114,140,139,64,60,38,20,41
Lsm2,76,201,218,224,240,108,120,95,53,95
Lsm3,158,445,469,457,432,285,315,246,158,247
Lsm4,124,501,485,455,570,195,172,184,113,145
Lsm5,65,117,125,107,134,73,74,88,47,46
Lsm6,53,253,157,169,226,74,79,80,35,54
Lsm7,356,1338,1250,1351,1356,805,795,921,582,507
Lsm8,84,392,394,428,448,92,113,133,49,106
Lsmem1,17,39,30,33,48,18,10,6,4,7
Lsmem2,0,0,0,0,0,0,0,0,0,0
Lsp1,2,14,8,9,17,7,7,3,2,0
Lsr,16,100,66,65,90,50,59,33,39,83
Lss,27,69,61,59,58,55,28,30,9,27
Lst1,20,42,46,44,51,33,32,32,14,15
Lta4h,118,371,273,277,331,189,141,158,99,146
Ltb,1,15,10,5,7,5,3,4,2,3
Ltb4r1,9,0,0,0,0,3,8,1,1,7
Ltbp1,46,89,83,87,90,29,30,37,18,24
Ltbp2,7,5,6,6,12,3,7,5,1,3
Ltbp3,19,88,92,63,91,23,19,38,16,26
Ltbp4,80,316,228,322,280,120,126,103,78,174
Ltbr,7,43,35,18,36,6,8,7,6,15
Ltc4s,15,99,48,45,82,32,49,34,35,58
Ltf,22,433,332,466,575,39,50,22,21,38
Ltk,103,350,274,304,350,401,217,296,100,175
Ltn1,110,268,239,291,273,166,144,127,67,117
Ltv1,47,181,140,147,151,67,72,72,24,47
Luc7l,472,918,620,686,844,371,434,442,224,370
Luc7l2,2298,5419,4195,5455,5928,2999,2183,2504,1450,2182
Luc7l3,916,2597,2166,2695,2873,1097,1178,1128,581,936
Lum,3,68,63,76,50,6,10,13,6,6
Lurap1,145,262,316,319,263,168,183,271,87,152
Lurap1l,254,925,752,881,917,324,286,273,188,249
Luzp1,1267,2334,2010,2167,2212,1183,1627,1420,968,1341
Luzp2,1262,2783,2306,2546,2886,1083,1236,1056,839,1061
Luzp4,0,0,0,0,0,0,0,0,0,0
Lvrn,4,7,5,3,8,8,6,3,3,6
Lxn,67,357,263,256,381,60,95,85,66,87
Ly6a,239,607,373,434,617,593,355,378,390,822
Ly6c1,407,763,439,600,922,912,634,565,601,1297
Ly6c2,0,8,1,7,4,0,0,0,0,0
Ly6e,708,2108,1807,1846,2106,1426,1121,1303,922,1333
Ly6g5b,0,9,5,14,14,1,4,5,5,6
Ly6g6d,0,4,8,2,8,4,0,0,0,0
Ly6g6e,5,17,22,13,26,0,0,6,0,0
Ly6g6f,0,9,8,5,10,0,0,0,0,0
Ly6h,1512,7985,5581,5708,8901,6060,4701,3644,2343,3489
Ly6k,0,0,0,12,7,0,0,0,0,0
Ly75,14,12,8,18,7,17,16,7,10,19
Ly86,20,251,56,62,230,44,22,23,59,36
Ly96,17,30,24,27,31,18,17,26,18,13
Lyar,12,110,67,78,83,43,50,44,37,47
Lyl1,4,28,16,13,23,20,9,13,7,20
Lyn,365,1047,837,1030,931,659,705,549,340,530
Lynx1,519,1884,1889,1723,1959,1266,981,1267,718,855
Lypd1,76,303,281,298,307,103,69,59,42,72
Lypd6,53,126,112,95,120,56,29,45,18,39
Lypd6b,40,62,63,61,73,37,35,32,8,47
Lypla1,0,0,0,0,0,0,0,0,0,0
Lypla2,277,1406,1241,1398,1334,668,782,552,322,567
Lyplal1,53,181,128,234,179,42,77,46,28,36
Lyrm1,109,242,223,203,242,121,110,124,81,83
Lyrm2,55,162,156,178,197,87,59,73,47,60
Lyrm4,372,995,801,876,992,560,397,400,264,432
Lyrm5,22,96,91,99,113,36,35,35,26,34
Lyrm7,34,56,36,40,55,24,19,25,18,18
Lyrm9,133,328,278,299,257,131,162,178,62,93
Lysmd1,4,40,28,57,41,20,16,13,11,15
Lysmd2,77,401,366,356,431,115,134,117,72,111
Lysmd3,43,59,67,98,69,67,50,43,29,29
Lysmd4,165,451,338,425,469,226,244,223,141,174
Lyst,880,1441,981,1255,1387,924,952,814,745,923
Lyz2,1,269,30,60,245,66,10,9,18,58
Lyzl4,51,130,95,105,148,108,64,78,39,61
Lyzl4os,0,0,0,0,0,0,0,0,0,0
Lzic,78,161,149,171,171,55,80,84,41,73
Lztfl1,333,892,717,897,911,598,545,587,295,481
Lztr1,486,1485,1167,1347,1348,946,863,798,407,787
Lzts1,369,915,782,841,799,464,461,518,189,303
Lzts2,76,172,172,166,197,101,84,81,64,95
Lzts3,215,499,402,463,394,186,278,230,112,192
M1ap,8,9,8,15,7,12,4,4,4,4
M5C1000I18Rik,11,23,28,37,30,6,6,4,9,7
M6pr,78,439,413,423,438,104,117,116,58,76
Maats1,28,47,87,58,56,36,51,42,29,41
Mab21l3,0,4,6,12,4,0,0,0,0,0
Macc1,0,0,0,0,0,0,0,7,0,0
Macf1,3142,6565,5868,6183,6609,4934,4466,3949,2292,3656
Macrod1,524,1125,1134,1029,971,710,613,793,189,442
Macrod2,4695,12629,9723,11343,12664,7458,6249,5834,4026,5761
Macrod2os1,20,47,41,58,54,28,42,18,28,22
Mad1l1,719,4821,5290,6215,7220,2079,1009,1017,623,989
Mad2l1,14,28,19,30,32,9,11,11,7,5
Mad2l1bp,14,49,36,45,50,21,16,12,8,7
Mad2l2,98,282,264,223,243,143,197,158,86,149
Madd,510,1226,963,1030,1051,645,590,550,404,472
Maea,147,550,391,581,562,179,168,143,95,146
Maf,84,231,199,244,265,148,100,119,65,83
Maf1,126,583,484,507,563,152,223,220,114,166
Mafb,20,73,38,45,93,38,14,17,13,20
Maff,4,17,8,24,22,16,14,9,6,24
Mafg,154,652,473,545,623,327,222,188,115,175
Mafk,8,36,23,25,31,4,13,10,2,7
Mag,92,529,588,317,464,116,180,99,118,156
Mageb16,0,19,9,13,11,0,0,0,0,0
Mageb18,33,130,94,94,135,39,36,52,30,31
Maged1,221,2042,1591,2004,2009,374,541,310,161,461
Maged2,39,306,232,251,299,43,72,61,33,42
Magee1,28,250,248,245,242,24,48,43,15,33
Magee2,4,26,18,33,31,5,5,1,0,0
Mageh1,126,657,565,617,622,143,202,159,93,153
Magel2,0,7,3,6,3,0,0,0,0,0
Magi1,793,1753,1579,1650,1898,1329,901,1121,515,813
Magi2,7470,15579,13936,16588,18458,11047,8588,8545,5857,8551
Magi3,527,1232,1020,1099,1298,688,638,600,371,599
Magix,7,12,13,6,14,0,3,10,0,12
Magoh,68,191,167,175,229,80,87,74,47,73
Magohb,32,85,79,101,99,33,27,27,23,27
Magt1,104,199,215,237,239,159,169,93,70,140
Mak,11,34,41,28,50,15,20,22,6,17
Mak16,103,189,171,197,189,91,105,101,40,87
Mal,57,311,363,245,276,115,146,67,70,133
Mal2,113,514,437,499,466,183,153,171,66,105
Malat1,285996,1422500,1410853,1985624,1886554,827728,641438,587682,419707,476612
Mall,3,12,6,1,5,6,5,0,2,9
Malrd1,53,117,110,124,99,66,74,85,50,46
Malsu1,150,433,390,391,465,207,178,193,100,154
Malt1,112,191,171,190,212,111,100,111,70,94
Mamdc2,27,92,78,55,111,67,26,34,22,47
Mamdc4,6,17,17,21,20,5,11,6,2,7
Maml1,131,157,152,158,177,78,125,100,47,84
Maml2,281,473,330,497,596,182,226,200,199,210
Maml3,512,827,703,820,876,455,460,413,358,403
Mamld1,186,502,397,524,520,366,273,249,182,250
Mamstr,12,26,17,21,30,9,6,14,7,8
Man1a,920,2267,1656,2003,2243,1077,981,1275,532,1024
Man1a2,332,969,844,1033,1079,618,497,402,318,420
Man1b1,282,713,564,622,553,279,398,354,196,276
Man1c1,106,220,203,262,252,237,183,144,76,151
Man2a1,194,432,406,454,482,295,203,267,93,171
Man2a2,227,625,517,582,689,262,230,243,165,229
Man2b1,238,702,649,672,696,400,325,345,199,341
Man2b2,7,82,61,46,50,9,21,14,7,7
Man2c1,114,490,285,437,473,191,187,163,93,199
Man2c1os,175,511,505,539,348,160,285,141,107,113
Manba,120,301,243,272,349,191,178,177,110,114
Manbal,224,623,579,596,609,241,231,202,110,171
Manea,39,123,115,114,140,20,57,46,35,47
Maneal,22,93,82,104,85,48,20,31,12,15
Manf,241,1000,963,1073,1177,404,463,356,200,327
Mannr,10,8,10,4,5,11,5,9,7,9
Mansc1,9,48,41,25,37,7,15,7,11,10
Mansc4,3,9,11,9,11,3,4,7,2,5
Maoa,147,331,307,293,326,187,193,221,128,179
Maob,36,118,88,71,76,30,51,27,26,40
Map10,0,14,11,10,18,2,0,0,0,0
Map1a,106,395,338,362,412,215,130,108,86,113
Map1b,2503,6119,5662,6378,5557,3504,3429,2999,2208,2805
Map1lc3a,251,1323,1438,1189,1457,340,370,454,180,314
Map1lc3b,0,0,0,0,0,0,0,0,0,0
Map1s,124,327,275,279,356,322,164,185,123,146
Map2,3340,9419,7682,8690,8341,4993,5867,4664,2983,4031
Map2k1,843,1681,1360,1553,1572,587,836,694,446,664
Map2k2,617,1936,1571,1484,1809,848,977,915,433,753
Map2k3,55,234,190,200,185,117,131,93,51,99
Map2k3os,11,43,25,31,43,10,19,16,9,9
Map2k4,772,1418,1275,1504,1564,1187,882,898,538,775
Map2k5,299,746,630,736,752,417,371,321,213,312
Map2k6,925,1700,1663,1854,1729,999,1094,1169,583,921
Map2k7,0,7,7,8,4,0,0,0,0,0
Map3k1,26,98,57,68,81,30,42,26,20,39
Map3k10,73,250,218,243,250,204,103,102,79,77
Map3k11,4,52,38,39,40,9,11,11,4,20
Map3k12,249,727,497,592,633,251,267,261,161,244
Map3k13,66,577,488,502,605,117,98,87,49,86
Map3k14,230,515,429,433,454,244,210,258,126,187
Map3k15,14,20,37,23,35,8,10,12,13,9
Map3k19,102,338,475,509,465,153,84,108,47,91
Map3k2,277,669,516,663,711,382,289,318,186,303
Map3k3,462,871,692,812,819,469,497,483,281,439
Map3k4,82,283,178,274,320,158,123,108,97,132
Map3k5,179,400,372,417,481,315,222,183,112,179
Map3k6,4,17,16,13,40,10,7,15,3,18
Map3k7,129,310,243,327,333,166,130,155,95,147
Map3k8,7,21,13,16,16,13,19,11,12,10
Map3k9,18,84,62,71,93,46,19,33,19,12
Map4,1098,2721,2248,2479,2818,1028,1223,1114,801,1166
Map4k1,24,21,14,19,20,37,11,18,11,14
Map4k2,165,613,436,437,600,278,239,231,124,209
Map4k3,413,1171,969,1233,1178,697,593,441,335,524
Map4k4,234,605,555,566,693,356,276,195,162,249
Map4k5,384,749,659,740,711,398,358,347,176,323
Map6,157,529,471,509,554,505,308,259,161,270
Map6d1,81,160,151,171,180,83,87,80,37,60
Map7,444,929,867,973,1126,766,484,532,338,409
Map7d1,183,774,536,590,654,259,339,246,139,259
Map7d2,763,1486,1182,1347,1689,854,994,942,451,801
Map9,79,227,211,204,218,82,100,99,41,55
Mapk1,744,1364,1334,1551,1481,732,713,599,359,570
Mapk10,1807,6139,4985,5576,5692,3120,2137,2161,1402,2325
Mapk11,78,291,265,275,369,170,152,192,63,161
Mapk12,22,74,53,44,74,36,30,40,22,41
Mapk13,3,7,8,5,12,6,0,6,0,0
Mapk14,252,618,386,431,624,376,244,211,150,198
Mapk15,51,74,135,80,88,39,121,31,38,68
Mapk1ip1,137,573,501,782,690,247,224,152,101,143
Mapk1ip1l,114,376,204,291,376,149,131,130,69,128
Mapk3,120,496,414,383,446,182,145,176,122,155
Mapk4,501,929,759,929,999,593,466,565,274,431
Mapk6,30,66,93,85,102,54,29,58,31,43
Mapk7,116,602,396,453,501,143,258,170,109,175
Mapk8,366,1097,900,966,1163,543,439,535,264,424
Mapk8ip1,446,1672,1362,1452,1501,610,713,785,386,519
Mapk8ip2,230,911,713,855,857,364,337,370,162,255
Mapk8ip3,434,1057,809,974,995,485,449,421,254,394
Mapk9,76,249,201,244,255,121,75,85,53,85
Mapkap1,430,1113,1057,1067,1314,453,457,387,239,392
Mapkapk2,41,115,92,107,98,48,50,47,23,46
Mapkapk3,10,19,18,14,17,5,6,12,5,12
Mapkapk5,0,0,0,0,0,0,0,0,0,0
Mapkbp1,171,287,264,306,305,234,213,169,115,164
Mapre1,97,392,354,356,425,138,116,130,82,106
Mapre2,766,1552,1423,1505,1483,1277,1068,1313,678,842
Mapre3,430,1333,1166,1183,1315,496,592,465,230,450
Mapt,1766,5191,5229,5722,6195,3281,2463,2543,1355,2034
Marc1,0,0,0,0,13,0,8,1,7,4
Marc2,103,366,287,282,306,122,124,78,57,105
March1,2078,5592,4881,5855,6264,3993,2638,2771,1582,2625
March10,14,25,28,20,33,20,20,18,8,14
March11,203,554,530,551,491,240,266,214,114,179
March2,477,1040,1006,962,953,432,465,606,216,351
March3,135,521,339,432,461,258,230,186,108,216
March4,92,214,196,246,204,167,131,102,80,124
March5,106,311,274,331,295,119,124,119,69,111
March6,400,892,746,800,866,326,440,405,252,323
March7,449,680,571,692,738,359,357,355,197,350
March8,99,341,255,243,372,198,144,134,114,136
March9,6,30,19,39,30,4,3,6,2,2
Marcks,189,359,343,364,413,269,306,267,162,223
Marcksl1,49,400,473,521,444,62,99,85,38,55
Marf1,493,1206,871,998,1166,426,520,412,243,476
Mark1,65,203,181,215,237,132,97,87,76,95
Mark2,615,1274,1036,1181,1221,604,689,570,280,507
Mark3,705,1551,1389,1895,1673,1031,1122,779,537,784
Mark4,156,432,329,379,385,215,179,162,90,176
Mars,55,269,197,237,297,133,85,82,40,94
Mars2,9,44,42,43,39,10,11,8,4,19
Marveld1,8,40,36,38,49,25,9,15,9,12
Marveld2,26,31,23,32,35,32,54,41,16,34
Mas1,67,232,195,280,137,45,42,30,30,53
Masp1,45,112,92,106,109,53,53,56,30,50
Masp2,19,84,57,69,64,34,27,28,17,33
Mast1,279,507,372,355,450,232,229,230,96,201
Mast2,536,1172,1010,1044,1232,607,640,634,345,613
Mast3,105,507,351,381,423,156,156,131,86,127
Mast4,1631,3135,2885,3241,3544,1575,1599,1570,1036,1399
Mastl,66,148,153,172,141,77,69,78,38,59
Mat2a,1408,3501,2998,3729,3751,1881,2339,1698,722,1751
Mat2b,135,479,494,546,519,121,145,134,99,129
Matk,2858,9965,7617,8548,9528,4818,5429,5765,3262,4599
Matn2,295,778,536,713,723,325,314,278,184,277
Matn4,97,537,410,361,492,176,137,133,82,111
Matr3,223,874,865,877,966,368,357,317,213,346
Mau2,483,1167,548,684,742,508,575,543,278,460
Mavs,20,57,47,32,72,20,26,15,7,18
Max,152,506,434,464,548,167,187,177,109,142
Maz,106,482,320,377,472,172,218,185,110,174
Mb,8,11,11,11,8,3,12,6,4,8
Mb21d1,8,18,20,23,22,6,7,18,6,7
Mb21d2,59,146,127,144,138,63,43,51,38,53
Mbd1,68,251,233,295,278,131,113,109,57,92
Mbd2,106,308,274,334,325,226,113,140,89,145
Mbd3,128,585,408,414,585,303,327,259,183,251
Mbd4,59,175,137,163,169,51,61,86,33,58
Mbd5,1227,3172,2667,3082,3661,2064,1450,1394,1059,1535
Mbd6,119,636,461,595,561,157,189,196,80,176
Mbip,93,277,223,260,332,139,83,108,67,102
Mblac1,12,38,30,35,35,13,14,15,7,18
Mblac2,308,871,644,798,858,620,374,486,308,361
Mbnl1,288,744,598,685,858,497,415,336,314,441
Mbnl2,1158,3340,3035,3350,3348,2133,1582,1571,982,1161
Mbnl3,2,5,6,3,5,2,0,0,0,0
Mboat1,30,57,53,34,51,15,33,16,16,29
Mboat2,250,673,622,758,781,398,338,257,183,258
Mboat4,9,9,8,15,15,7,3,10,6,13
Mboat7,104,425,343,334,346,136,154,148,44,113
Mbp,1740,15875,13045,12725,19718,2439,3728,3251,2268,4552
Mbtd1,645,1543,1349,1609,1715,1015,860,705,466,742
Mbtps1,81,274,235,311,280,106,71,103,55,77
Mbtps2,262,481,369,452,492,262,232,293,150,211
Mc4r,1,16,13,23,11,4,5,4,2,2
Mcam,8,28,28,23,28,2,16,7,7,8
Mcat,25,102,78,102,88,34,22,25,12,25
Mcc,331,686,669,855,793,480,471,391,354,418
Mccc1,220,468,399,438,425,254,228,283,120,185
Mccc1os,3,6,5,2,4,2,0,0,0,0
Mccc2,167,273,195,239,283,132,90,126,93,91
Mcee,80,275,300,252,330,88,89,65,57,69
Mcf2,22,44,43,43,63,20,22,30,14,24
Mcf2l,534,1463,1363,1493,1625,1007,895,860,432,810
Mcfd2,20,226,219,195,205,43,36,37,16,40
Mchr1,13,126,109,114,96,17,29,22,6,10
Mcl1,18,119,90,85,127,74,29,19,31,43
Mcm10,5,8,9,12,7,2,5,2,2,4
Mcm2,2,23,18,10,15,5,7,6,8,5
Mcm3,2,7,7,9,13,3,4,3,2,6
Mcm3ap,140,299,234,274,252,99,103,110,60,113
Mcm4,18,58,49,57,50,14,19,25,10,20
Mcm5,4,8,14,18,9,2,2,4,3,4
Mcm6,53,86,71,87,83,46,59,42,50,56
Mcm7,40,149,106,128,170,52,60,59,45,46
Mcm8,48,135,112,123,131,84,76,104,45,62
Mcm9,43,89,71,74,96,64,42,41,24,43
Mcmbp,395,858,593,670,749,314,583,489,295,505
Mcmdc2,22,38,132,157,20,67,33,30,82,75
Mcoln1,71,255,204,202,263,100,81,84,46,80
Mcph1,181,317,319,352,374,300,177,163,124,188
Mcrs1,119,364,339,380,388,146,141,168,91,147
Mctp1,1671,3417,2929,3559,3512,2401,1893,1636,1556,1754
Mctp2,39,72,52,73,94,42,38,39,21,24
Mcts1,164,548,581,611,628,274,275,240,141,232
Mcts2,0,0,0,0,0,0,0,0,0,0
Mcu,890,1712,1157,1309,1444,766,951,735,559,775
Mcur1,108,207,123,184,211,53,75,64,41,79
Mdc1,47,91,77,63,85,52,50,63,31,57
Mdfi,1,10,3,3,6,7,3,3,3,4
Mdfic,15,36,34,15,31,13,18,10,9,24
Mdga1,265,732,537,612,713,488,304,214,165,262
Mdga2,5506,12208,10347,11792,14513,10387,7362,7583,4631,7718
Mdh1,704,3811,3792,3907,3988,1077,1247,1182,557,851
Mdh1b,8,15,13,7,16,3,5,7,5,4
Mdh2,283,1372,1307,1312,1485,245,386,334,179,270
Mdk,56,392,291,280,345,78,99,96,31,71
Mdm1,36,93,96,76,104,41,29,36,15,16
Mdm2,207,573,477,584,538,233,231,226,140,221
Mdm4,254,592,485,579,652,345,264,268,152,238
Mdn1,435,920,741,829,920,504,480,435,255,368
Mdp1,142,482,345,520,550,196,212,199,95,211
Me1,113,464,373,437,457,224,180,124,90,172
Me2,121,333,289,313,267,130,143,142,80,118
Me3,964,2109,1833,2194,1950,1224,1138,1040,586,996
Mea1,0,0,0,0,0,0,0,0,0,0
Meaf6,256,748,582,680,725,440,381,320,191,304
Mecom,65,137,113,108,133,140,105,94,115,223
Mecomos,0,0,0,0,0,0,0,0,0,0
Mecp2,290,782,630,713,883,417,327,304,210,349
Mecr,396,932,865,839,942,693,526,520,329,395
Med1,376,708,566,672,772,337,333,381,214,313
Med10,94,446,462,491,469,139,183,140,84,136
Med11,17,57,46,45,47,36,18,41,16,17
Med12,23,122,89,88,86,43,40,46,21,47
Med12l,456,1421,1182,1348,1767,1077,708,586,551,725
Med13,324,723,602,693,782,423,356,386,309,405
Med13l,285,755,588,773,740,430,261,267,167,281
Med14,233,419,371,404,454,297,260,247,160,237
Med15,554,1181,873,1051,1131,488,668,641,362,649
Med16,60,192,191,181,201,119,84,83,56,75
Med17,109,194,173,189,239,73,87,81,39,82
Med18,22,70,61,65,51,24,27,35,16,29
Med19,38,186,183,189,211,65,69,62,40,50
Med20,0,0,0,0,0,0,0,0,0,0
Med21,59,226,254,256,283,99,105,87,66,115
Med22,35,195,159,184,196,50,74,60,20,50
Med23,38,193,134,178,173,65,46,69,28,56
Med24,112,377,306,368,440,160,167,157,99,153
Med25,266,824,687,765,894,303,412,353,198,315
Med26,72,142,112,131,135,80,56,51,27,58
Med27,204,522,440,496,517,291,241,188,149,204
Med28,116,561,574,534,560,143,148,138,66,144
Med29,14,40,40,51,65,11,8,6,6,6
Med30,20,118,109,120,143,30,28,23,20,18
Med31,181,406,395,354,416,265,255,288,152,199
Med4,197,406,449,473,391,194,218,205,84,136
Med6,276,718,583,652,651,218,334,314,124,276
Med7,44,159,145,151,193,47,63,36,29,49
Med8,44,253,173,190,243,99,87,68,56,98
Med9,27,154,131,152,163,31,55,49,17,35
Med9os,2,8,18,9,18,4,7,2,5,5
Medag,9,14,26,18,33,14,7,13,6,9
Mef2a,483,865,675,850,976,578,439,465,375,470
Mef2c,693,1739,1988,1863,2455,1805,919,1604,595,869
Mef2d,220,560,517,561,527,395,248,289,198,245
Meg3,61975,204898,163900,192279,182100,110331,87514,92067,40709,63726
Megf10,61,276,203,218,205,33,57,45,41,56
Megf11,125,368,262,332,299,182,169,112,83,115
Megf6,9,26,30,32,24,15,10,11,14,21
Megf8,95,286,226,247,291,93,86,98,61,87
Megf9,471,943,822,983,1078,639,519,451,410,499
Mei1,49,72,99,122,125,105,43,156,32,50
Mei4,160,327,262,306,339,271,171,195,79,172
Meig1,53,137,186,87,153,32,80,25,33,45
Meikin,6,8,8,11,7,2,2,1,2,8
Meiob,4,0,0,0,0,4,4,3,1,5
Meis1,31,64,49,49,63,35,32,31,13,24
Meis2,325,988,1173,1162,1461,1059,493,785,152,601
Meis3,248,1067,782,911,987,477,502,562,318,387
Memo1,207,482,379,441,465,286,240,205,138,198
Men1,34,236,187,194,198,45,72,63,22,44
Meox1,2,0,0,0,0,6,0,0,0,0
Meox2,0,9,11,7,5,0,0,0,0,0
Mep1b,8,16,10,10,17,9,6,6,5,2
Mepce,21,66,87,65,92,32,29,26,16,21
Mertk,309,695,508,608,808,211,259,182,104,260
Mesdc1,35,126,93,97,118,27,27,30,23,21
Mesdc2,77,300,306,286,309,61,85,90,51,69
Mesp2,0,4,5,5,4,0,0,0,0,0
Mest,78,176,169,183,152,107,102,93,31,71
Met,12,46,23,21,40,16,12,12,9,18
Metap1,44,129,132,128,151,63,43,42,19,31
Metap1d,414,780,637,781,859,492,466,432,250,348
Metap2,392,966,681,854,893,358,419,395,206,301
Metrn,49,270,210,167,276,35,75,52,44,68
Metrnl,22,130,97,101,128,23,22,26,11,20
Mettl1,190,457,327,383,412,270,239,268,151,216
Mettl10,0,0,0,0,0,0,0,0,0,0
Mettl11b,13,42,22,27,32,5,11,8,3,13
Mettl13,67,117,98,118,102,49,51,51,25,30
Mettl14,40,114,99,112,130,31,47,53,24,41
Mettl15,178,421,353,397,404,166,187,157,98,158
Mettl16,301,541,482,561,525,340,328,321,173,239
Mettl17,188,594,739,707,602,246,253,275,187,261
Mettl18,9,40,53,58,45,38,33,19,11,17
Mettl2,267,690,567,600,617,327,288,314,149,212
Mettl20,62,116,116,103,138,76,86,83,62,76
Mettl21a,61,171,153,159,164,53,73,75,37,40
Mettl21b,10,21,27,20,27,22,17,18,15,11
Mettl21c,5,0,0,0,0,3,0,0,0,0
Mettl22,38,129,133,128,117,54,61,57,28,40
Mettl23,171,576,485,530,584,226,297,238,139,240
Mettl24,72,176,121,147,152,62,60,65,48,66
Mettl25,121,233,231,213,269,157,113,149,87,127
Mettl3,188,501,443,483,422,199,228,251,100,200
Mettl4,34,53,35,46,45,34,28,21,19,18
Mettl5,160,409,342,333,344,206,207,222,114,153
Mettl5os,28,75,49,57,79,29,35,44,14,23
Mettl6,58,176,142,138,152,55,74,78,35,65
Mettl7a1,321,447,474,448,427,540,451,425,238,320
Mettl7a3,0,3,5,7,5,0,0,0,0,0
Mettl8,108,215,159,205,199,148,104,107,77,97
Mettl9,60,307,296,301,312,84,79,61,49,71
Mex3a,7,11,7,6,13,4,6,1,2,9
Mex3b,9,38,37,43,61,10,12,14,8,7
Mex3c,52,122,86,121,139,71,51,46,33,53
Mex3d,2,29,26,15,25,3,8,4,4,4
Mfap1a,200,473,460,466,472,326,309,333,178,244
Mfap1b,256,597,520,579,513,303,320,349,176,295
Mfap2,67,204,166,178,189,119,145,129,56,91
Mfap3,182,347,316,344,314,219,194,199,109,132
Mfap3l,172,400,253,275,371,176,173,172,111,170
Mfap4,6,31,22,32,30,5,11,12,9,6
Mfap5,0,7,6,21,8,0,3,2,0,4
Mff,186,856,790,857,863,282,243,290,172,288
Mfge8,136,940,1008,866,741,86,173,150,66,135
Mfhas1,149,523,415,422,490,235,188,135,98,195
Mfi2,7,10,9,5,13,0,5,10,2,5
Mfn1,216,495,386,523,545,268,216,249,128,171
Mfn2,94,275,265,276,313,125,96,97,56,92
Mfng,5,30,14,27,23,15,11,10,13,33
Mfsd1,65,214,151,181,185,66,60,74,37,60
Mfsd10,305,1300,918,1059,1249,601,649,614,327,649
Mfsd11,571,1361,1053,1160,1234,732,727,727,396,554
Mfsd12,26,133,100,118,130,33,29,31,17,29
Mfsd2a,43,182,130,163,192,82,107,58,67,163
Mfsd2b,6,12,0,14,6,1,5,4,6,5
Mfsd3,17,75,54,54,74,20,22,30,9,23
Mfsd4,267,642,626,639,566,311,298,374,175,226
Mfsd5,10,113,116,99,111,18,14,19,8,16
Mfsd6,260,549,531,470,554,310,238,297,151,215
Mfsd7a,18,51,35,40,48,45,28,19,16,25
Mfsd7b,229,426,268,258,328,120,193,166,99,186
Mfsd7c,23,38,29,33,50,42,32,16,24,64
Mfsd8,93,230,188,254,243,144,112,120,80,109
Mfsd9,7,30,39,21,37,11,15,8,4,6
Mga,226,500,464,561,625,306,274,266,173,271
Mgam,13,14,24,19,18,17,11,7,4,14
Mgat1,28,125,101,89,132,47,31,26,15,44
Mgat2,34,258,228,199,223,27,52,42,18,41
Mgat3,107,230,241,269,284,129,125,114,68,101
Mgat4a,320,317,261,329,305,255,219,165,143,238
Mgat4b,156,433,256,278,407,274,166,180,124,142
Mgat4c,2864,7087,5718,6961,7261,4163,3250,3023,2001,3387
Mgat4e,0,4,7,0,0,0,0,0,0,0
Mgat5,457,937,776,879,972,600,460,393,251,397
Mgat5b,97,261,219,227,268,202,126,113,85,86
Mgea5,246,733,716,907,877,340,291,307,159,260
Mgl2,0,3,9,8,2,0,0,0,0,0
Mgll,821,1704,1585,1784,1780,815,894,823,489,663
Mgme1,35,93,92,80,97,47,61,47,22,41
Mgmt,14,45,36,35,58,24,18,10,12,25
Mgp,6,88,106,272,61,47,134,148,56,37
Mgrn1,286,730,554,649,653,304,287,288,155,253
Mgst1,47,338,329,270,400,45,99,67,55,72
Mgst2,2,0,0,0,0,0,7,3,0,0
Mgst3,98,496,477,453,566,117,180,219,68,126
Mhrt,1,8,7,11,6,6,5,2,2,3
Mia,0,28,68,20,79,0,0,0,0,0
Mia3,333,912,715,733,770,394,408,447,204,337
Miat,989,4244,3250,3742,4221,1997,1627,1709,899,1501
Mib1,345,917,830,842,983,648,459,399,373,462
Mib2,255,853,686,776,775,248,361,334,154,319
Mical1,15,44,30,25,35,13,17,12,16,26
Mical2,845,2431,1918,2406,2292,1455,980,912,603,990
Mical3,593,1667,1400,1549,1582,1274,822,804,467,747
Micalcl,29,45,31,28,49,32,33,31,11,15
Micall1,43,154,113,133,171,74,66,60,41,86
Micall2,7,8,12,12,15,3,8,8,2,9
Micu1,411,1072,959,1091,1042,568,499,424,264,412
Micu2,311,547,425,475,581,356,267,336,194,279
Micu3,308,606,419,486,696,241,259,328,165,236
Mid1,147,387,291,255,369,92,136,127,95,162
Mid1ip1,70,410,399,317,435,75,146,98,53,103
Mid2,83,199,157,181,202,125,86,94,69,106
Midn,53,148,102,114,125,52,56,61,23,39
Mief1,217,415,344,381,366,262,256,223,148,216
Mief2,30,180,136,139,162,40,47,60,20,59
Mien1,101,593,516,479,654,182,180,206,77,138
Mier1,199,495,400,481,456,296,218,250,155,238
Mier2,47,298,229,328,338,104,107,99,73,102
Mier3,51,122,112,135,156,70,72,59,29,60
Mif,235,1488,1540,1409,1817,302,398,274,140,228
Mif4gd,34,170,181,136,188,57,76,57,33,84
Miip,248,728,523,592,770,333,395,391,197,330
Mill2,22,45,48,46,45,34,46,43,21,54
Milr1,10,40,24,33,39,6,16,14,11,23
Mina,53,143,110,141,140,41,70,55,27,55
Mink1,259,855,622,784,774,409,355,291,193,319
Minos1,281,1372,1391,1347,1502,383,407,446,224,297
Minpp1,103,400,381,375,366,156,148,113,83,99
Mios,142,331,307,302,394,125,138,194,82,139
Mipep,90,198,189,183,249,93,74,82,53,68
Mipol1,122,269,214,249,296,151,108,142,78,125
Mir124-2hg,186,386,343,466,427,173,118,244,51,114
Mir124a-1hg,772,2831,2288,2382,3058,1354,1122,1387,559,986
Mir142hg,26,97,30,33,76,43,21,26,32,35
Mir143hg,3,0,0,0,0,0,0,0,0,0
Mir155hg,0,0,0,0,0,3,1,3,3,2
Mir17hg,3,5,11,5,12,3,7,6,1,4
Mirg,734,1557,981,1237,1560,717,570,612,351,666
Mirt1,18,72,76,78,67,48,32,38,4,18
Mis12,13,73,75,76,64,40,26,25,21,23
Mis18a,20,95,88,92,102,25,30,41,17,38
Mis18bp1,9,25,15,25,17,10,16,19,7,5
Misp,11,11,11,7,11,10,11,3,3,9
Mitd1,98,307,241,261,230,105,146,115,69,98
Mitf,247,741,508,547,673,430,309,293,202,338
Mki67,8,9,10,13,11,8,11,10,6,5
Mkks,61,304,335,336,336,115,93,96,44,67
Mkl1,893,1936,1469,1983,1881,1141,1037,907,576,974
Mkl2,1569,3602,3211,3571,3483,2465,2259,2449,1638,2060
Mkln1,565,1334,1087,1231,1260,710,679,567,399,599
Mkln1os,86,192,176,235,224,133,103,98,78,77
Mknk1,171,306,258,295,290,155,133,144,91,125
Mknk2,28,139,88,92,133,56,92,60,35,53
Mkrn1,113,432,430,404,430,133,139,154,68,111
Mkrn2,51,123,164,150,148,62,47,63,49,33
Mkrn2os,17,13,12,12,10,5,9,12,4,7
Mkrn3,0,0,0,0,0,0,0,0,0,0
Mks1,32,88,88,66,87,33,42,34,18,29
Mkx,206,368,303,377,400,207,212,249,192,203
Mlc1,170,1493,1006,783,1042,186,372,211,164,312
Mlec,127,662,595,807,836,254,226,123,82,205
Mlf1,12,34,64,20,43,19,45,12,10,23
Mlf2,649,3032,2595,2802,3017,965,1033,1135,557,930
Mlh1,45,144,95,106,138,48,56,54,36,37
Mlh3,56,119,126,136,149,64,59,56,36,50
Mlip,409,778,682,852,867,540,391,716,240,318
Mlkl,7,0,0,6,6,6,7,7,5,6
Mllt1,39,151,96,96,148,95,66,50,54,41
Mllt10,1407,2519,1957,2355,2496,1462,1636,1425,868,1407
Mllt11,480,2054,1998,1869,2210,395,605,641,250,429
Mllt3,1032,2130,1766,2192,2266,1622,1166,1000,743,1173
Mllt4,398,1279,970,1225,1413,878,670,602,395,660
Mllt6,145,551,385,495,643,244,320,208,130,260
Mlph,4,21,5,7,13,14,11,7,4,24
Mlst8,82,384,238,262,326,89,110,122,64,66
Mlx,75,349,312,375,348,118,147,146,75,130
Mlxip,386,674,543,611,677,316,449,400,223,378
Mlxipl,20,83,49,47,78,27,43,24,22,41
Mlycd,71,228,177,190,243,69,68,100,43,84
Mmaa,116,226,225,275,319,157,135,102,77,111
Mmab,116,273,191,198,235,78,108,108,34,83
Mmachc,27,56,54,40,60,17,18,20,7,13
Mmadhc,42,179,177,199,192,47,53,60,33,55
Mmd,275,1067,1015,1139,995,363,337,236,172,241
Mmd2,491,1688,1359,1411,1447,501,693,500,310,559
Mme,28,18,25,32,18,16,18,13,8,7
Mmel1,20,15,41,34,24,8,20,33,17,11
Mmgt1,7,37,41,36,37,5,16,17,9,17
Mmgt2,38,109,81,98,98,43,41,48,18,36
Mmp11,11,38,36,26,48,9,15,29,5,20
Mmp14,18,37,49,53,34,7,8,19,5,12
Mmp15,32,45,68,62,63,17,33,21,6,20
Mmp16,1915,4454,3448,4111,4877,2970,2270,2321,1583,2455
Mmp17,266,620,517,567,585,337,285,240,185,233
Mmp19,10,30,21,27,23,7,6,17,12,13
Mmp2,5,10,4,8,7,5,0,0,0,0
Mmp21,1,4,6,0,8,0,5,2,0,0
Mmp23,6,32,36,21,36,17,17,24,12,18
Mmp24,106,277,218,233,263,185,134,140,74,100
Mmp25,0,0,0,0,0,0,0,0,0,0
Mmp28,12,31,26,24,27,16,14,22,15,39
Mmp9,3,6,8,7,8,4,4,5,1,3
Mmrn2,126,250,227,217,192,113,160,126,60,106
Mms19,203,412,306,325,395,197,187,173,122,144
Mms22l,18,45,31,35,37,28,31,21,20,26
Mn1,29,62,54,50,53,23,19,22,7,15
Mnat1,424,1130,909,1069,1222,568,569,510,327,528
Mnd1,2,13,11,14,10,8,3,5,3,12
Mndal,23,54,46,124,46,29,47,10,11,29
Mns1,51,97,152,93,112,46,84,72,22,36
Mnt,39,91,91,97,104,42,27,38,17,28
Mob1a,20,61,56,52,71,22,29,24,22,11
Mob1b,281,428,278,336,397,191,202,244,145,192
Mob2,206,424,348,404,448,221,210,202,116,203
Mob3a,20,37,38,32,41,20,13,31,13,14
Mob3b,62,161,163,113,173,68,71,56,44,89
Mob3c,24,86,67,73,62,43,37,38,11,36
Mob4,399,814,767,806,815,474,462,464,271,407
Mobp,343,2411,1957,1878,2900,474,842,588,434,956
Mocos,18,25,21,23,24,7,19,12,12,15
Mocs1,52,131,97,114,96,60,74,54,23,48
Mocs2,87,409,296,285,384,113,128,122,77,86
Mocs3,11,63,77,82,67,16,25,23,9,25
Mog,157,409,458,304,449,122,216,125,86,122
Mogat1,6,24,13,14,23,13,5,7,2,4
Mogs,10,68,62,57,72,26,16,9,16,8
Mok,350,955,881,962,788,555,636,459,226,474
Mon1a,141,271,224,260,243,147,131,126,74,106
Mon1b,0,9,5,6,14,0,0,0,0,0
Mon2,245,600,474,532,665,633,330,340,296,303
Morc1,18,12,7,15,18,12,16,9,0,8
Morc2a,92,229,181,231,259,153,106,102,64,105
Morc2b,14,27,28,37,31,29,16,20,7,16
Morc3,126,304,220,291,278,137,120,102,69,101
Morc4,17,63,48,62,65,45,33,22,24,28
Morf4l1,634,1054,954,1013,998,557,577,590,335,451
Morf4l2,222,1091,1093,1317,1208,316,384,261,143,279
Morn1,593,1161,1016,1074,1032,719,701,802,436,528
Morn2,24,105,142,98,134,61,42,40,27,38
Morn3,39,77,62,55,58,24,52,26,22,22
Morn4,94,330,255,284,324,89,101,89,41,78
Morn5,20,33,40,33,37,17,30,14,13,17
Mospd1,72,205,155,149,181,76,72,70,54,85
Mospd2,128,341,235,254,337,159,175,163,97,181
Mospd3,122,478,322,374,462,217,253,269,146,182
Mov10,39,103,83,131,110,58,66,52,34,73
Mov10l1,27,110,102,134,124,47,35,33,18,30
Moxd1,99,206,211,194,257,240,150,228,86,126
Mpc1,345,1500,1388,1343,1607,545,477,405,228,401
Mpc2,371,1221,1208,1222,1307,452,531,524,280,451
Mpdu1,150,414,404,380,386,169,173,174,99,156
Mpdz,180,465,398,527,603,448,302,228,204,255
Mpeg1,0,35,4,3,39,9,0,0,0,8
Mpg,59,255,218,217,228,68,92,96,32,68
Mphosph10,163,418,362,474,447,269,301,300,217,239
Mphosph6,46,186,166,174,200,53,56,58,35,52
Mphosph8,436,1179,1007,1193,1217,485,639,485,282,468
Mphosph9,424,778,488,605,741,390,380,419,222,287
Mpi,33,149,147,135,158,47,34,37,15,42
Mpl,20,22,19,13,14,14,18,7,6,12
Mplkip,80,244,190,206,219,70,92,85,33,74
Mpnd,128,504,280,313,582,144,183,188,95,188
Mpp1,67,183,164,181,208,88,93,71,31,77
Mpp2,122,288,273,269,265,164,136,137,75,125
Mpp3,60,279,233,298,322,79,67,82,53,76
Mpp4,7,19,16,25,22,10,8,5,7,4
Mpp5,197,393,365,406,426,173,242,170,145,199
Mpp6,386,989,827,902,1010,427,435,405,186,411
Mpp7,69,164,151,153,140,66,96,78,51,58
Mppe1,34,58,61,95,80,24,16,21,11,13
Mpped1,210,952,883,1108,1072,375,242,308,75,184
Mpped2,950,1983,1771,1940,1951,1244,1188,1305,875,980
Mprip,454,1243,1068,1246,1283,1016,759,745,515,693
Mpst,19,127,112,97,142,40,46,37,11,33
Mpv17,142,749,474,562,674,84,168,151,51,203
Mpv17l,229,409,369,376,490,274,217,211,128,185
Mpv17l2,61,238,211,195,269,57,75,71,43,79
Mpzl1,192,511,370,425,463,257,214,182,159,254
Mpzl3,40,100,94,110,95,76,60,83,35,35
Mr1,8,24,22,22,29,8,14,7,5,9
Mrap,2,0,0,0,0,7,0,0,0,0
Mrap2,16,71,57,56,80,34,26,14,7,10
Mras,213,545,520,495,551,205,214,218,103,184
Mrc1,11,37,25,46,23,11,17,22,9,12
Mrc2,28,39,57,70,48,33,32,38,23,17
Mre11a,133,290,245,277,278,125,155,151,85,138
Mreg,26,34,52,45,51,35,21,43,10,17
Mrfap1,345,1752,2065,2101,1916,398,551,415,271,347
Mrgbp,46,294,245,291,337,86,119,94,47,98
Mrgpra2b,0,10,4,8,9,0,0,0,0,0
Mrgpra6,16,0,0,0,11,5,11,3,5,5
Mrgpra9,1,0,0,0,0,4,10,3,0,5
Mrgpre,4,24,21,18,15,3,5,1,3,7
Mrgprx1,0,0,0,0,0,0,2,4,4,5
Mri1,266,438,576,617,621,246,270,360,163,200
Mrm1,59,84,75,95,81,48,42,55,30,34
Mro,219,393,414,357,357,164,261,216,119,168
Mroh1,214,520,432,495,556,379,241,246,173,267
Mroh3,6,9,13,8,9,3,4,2,3,8
Mroh5,24,86,64,81,79,28,26,14,9,23
Mroh7,21,51,44,68,79,25,31,20,9,27
Mroh8,43,70,53,68,58,46,32,44,19,24
Mrpl1,80,247,202,194,227,110,89,94,55,81
Mrpl10,57,190,170,190,202,51,73,59,33,49
Mrpl11,48,319,294,292,323,94,84,101,71,81
Mrpl12,75,431,414,419,507,93,116,112,55,87
Mrpl13,74,193,228,226,245,92,88,78,55,89
Mrpl14,87,404,351,366,418,96,111,77,57,86
Mrpl15,175,430,331,389,436,140,137,179,85,132
Mrpl16,35,165,169,131,153,60,62,50,34,45
Mrpl17,64,340,310,291,381,64,84,74,50,86
Mrpl18,92,337,382,400,413,93,113,99,71,88
Mrpl19,70,297,292,264,269,125,144,147,77,90
Mrpl2,0,0,0,0,0,0,0,0,0,0
Mrpl20,157,655,672,701,825,183,278,216,122,169
Mrpl21,224,704,625,631,684,421,387,433,220,267
Mrpl22,73,213,198,206,204,114,86,106,48,99
Mrpl23,195,374,330,374,366,301,215,255,138,165
Mrpl24,69,252,244,226,315,88,108,72,60,91
Mrpl27,154,482,471,505,546,240,245,272,131,189
Mrpl28,107,603,490,535,614,156,180,189,99,135
Mrpl3,82,362,315,390,390,131,124,127,54,127
Mrpl30,97,417,418,467,491,121,142,109,82,126
Mrpl32,100,378,355,384,439,139,192,138,62,145
Mrpl33,179,636,619,590,767,273,260,268,123,202
Mrpl34,45,283,380,289,338,92,109,86,48,83
Mrpl35,44,228,217,222,255,64,97,73,48,74
Mrpl36,77,344,366,351,380,112,121,126,64,101
Mrpl37,32,155,139,151,169,44,53,44,27,44
Mrpl38,435,1256,1191,1235,1276,775,759,782,390,541
Mrpl39,35,136,133,127,140,35,53,41,20,21
Mrpl4,392,1244,1009,1055,1192,645,657,705,354,583
Mrpl40,135,383,373,427,416,229,185,256,96,168
Mrpl41,519,2434,1917,2204,2500,981,1129,846,453,856
Mrpl42,265,789,694,781,795,325,381,375,178,305
Mrpl43,139,438,433,461,469,218,211,168,107,160
Mrpl44,20,135,144,123,156,37,47,28,29,37
Mrpl45,137,510,503,543,732,156,183,154,94,139
Mrpl46,38,200,214,218,190,64,60,50,32,49
Mrpl47,68,219,208,190,217,106,88,108,50,71
Mrpl48,286,704,715,712,788,273,349,328,188,312
Mrpl49,57,242,216,241,242,68,94,111,45,55
Mrpl50,44,192,217,252,262,75,84,62,37,58
Mrpl51,96,414,378,418,476,112,152,123,67,122
Mrpl52,212,422,364,393,399,158,175,215,103,137
Mrpl53,0,0,0,0,0,0,0,0,0,0
Mrpl54,90,332,303,317,385,111,102,104,58,64
Mrpl55,60,239,202,212,252,62,81,88,42,65
Mrpl57,116,570,509,574,630,178,157,170,95,137
Mrpl9,53,210,144,219,188,43,59,65,36,64
Mrps10,386,886,1016,1033,1048,596,437,575,223,386
Mrps11,60,387,274,304,337,135,161,121,83,125
Mrps12,264,980,896,954,1038,494,433,463,235,331
Mrps14,160,789,770,706,885,283,275,310,149,234
Mrps15,243,569,478,559,551,298,267,313,137,232
Mrps16,105,355,357,366,425,114,132,106,73,121
Mrps17,208,782,698,788,873,311,349,312,153,275
Mrps18a,211,856,671,612,761,265,356,293,223,239
Mrps18b,51,231,199,198,218,72,82,86,35,47
Mrps18c,141,339,341,400,418,69,97,102,46,83
Mrps2,19,65,62,68,56,13,16,23,8,19
Mrps21,318,990,994,988,1039,513,470,603,295,364
Mrps22,25,114,113,106,127,28,30,26,20,44
Mrps23,27,140,120,171,166,42,40,43,19,29
Mrps24,169,708,628,701,784,229,323,263,149,210
Mrps25,66,328,300,297,353,128,96,97,44,90
Mrps26,376,1397,1093,1112,1401,452,516,727,328,445
Mrps27,123,269,200,259,292,181,146,158,83,130
Mrps28,106,241,278,250,291,90,82,104,65,99
Mrps30,31,145,147,182,200,46,50,56,33,46
Mrps31,142,273,264,279,266,128,166,194,91,140
Mrps33,186,1051,1252,1157,1238,342,326,312,190,263
Mrps34,83,516,456,489,540,131,146,146,79,130
Mrps35,45,127,109,130,171,60,59,65,29,52
Mrps36,180,442,400,456,495,228,197,194,103,191
Mrps5,189,918,884,987,1022,310,292,319,134,173
Mrps6,51,291,220,261,298,100,122,39,45,118
Mrps7,75,497,383,394,443,99,147,138,61,126
Mrps9,104,364,317,348,401,202,136,129,69,114
Mrrf,60,149,100,137,127,68,62,50,33,55
Mrs2,72,107,102,97,117,51,51,56,32,44
Mrto4,83,350,278,299,376,118,140,144,62,117
Mrvi1,10,11,7,11,14,7,7,8,5,3
Ms4a1,9,0,0,0,0,0,2,0,1,3
Ms4a14,9,15,6,10,10,2,6,8,6,8
Ms4a4b,3,15,3,8,6,4,7,5,4,5
Ms4a6b,1,12,8,5,9,5,4,3,3,5
Ms4a6c,1,6,2,12,11,12,3,1,3,10
Ms4a6d,0,6,4,6,8,0,0,0,0,0
Msantd1,1,12,12,8,13,3,0,0,0,0
Msantd2,174,397,318,355,409,252,170,236,121,219
Msantd3,46,93,86,82,125,56,43,35,29,37
Msantd4,29,126,120,140,166,28,37,39,14,24
Msc,7,35,40,35,46,11,16,20,7,20
Msh2,139,320,259,291,291,81,122,133,62,94
Msh3,168,340,286,353,362,210,159,147,127,114
Msh4,5,7,4,10,3,6,4,5,4,7
Msh5,14,39,28,41,77,18,14,15,5,9
Msh6,10,34,24,31,37,9,12,8,2,12
Msi1,57,164,129,117,185,53,58,57,24,55
Msi2,802,1653,1492,1609,1751,631,778,664,365,669
Msl1,42,113,103,111,99,56,47,52,27,46
Msl2,83,226,196,234,284,117,88,63,57,101
Msl3,28,94,93,89,106,28,40,25,24,29
Msl3l2,22,108,85,147,112,29,40,32,18,28
Msln,0,11,5,11,8,6,6,7,3,3
Mslnl,0,3,8,10,7,0,4,2,2,4
Msmo1,224,1469,1047,820,998,145,254,241,102,208
Msn,59,335,275,249,344,93,132,83,84,151
Msr1,0,0,0,0,0,0,1,0,4,3
Msra,2496,5985,6306,7102,7120,3758,2383,2770,1707,1916
Msrb1,73,273,243,228,299,78,106,144,61,91
Msrb2,78,272,206,267,267,138,86,106,53,79
Msrb3,47,121,127,153,168,98,78,77,34,75
Mss51,55,71,85,124,100,73,42,57,37,58
Mst1r,3,14,9,15,10,7,7,5,1,3
Msto1,114,328,229,203,289,114,143,185,87,137
Msx1,28,98,116,85,98,19,65,34,30,54
Msx2,0,8,15,6,12,0,0,0,0,0
Mt1,917,9342,7447,6163,12274,1619,1404,953,696,1382
Mt2,481,4254,3124,2490,5618,890,652,526,323,1000
Mt3,796,6280,7018,5993,8655,1053,1123,979,519,807
Mta1,48,184,151,188,238,91,79,54,32,66
Mta2,61,183,119,196,188,58,81,82,38,65
Mta3,197,312,257,292,418,270,207,200,137,178
Mtap,17,40,41,40,56,20,17,25,13,23
Mtbp,21,50,39,37,44,18,29,27,17,27
Mtch1,416,1525,1065,1130,1751,592,731,585,370,493
Mtch2,371,885,761,839,818,440,469,487,258,355
Mtcl1,243,862,936,1001,1115,380,298,301,105,241
Mtcp1,0,0,0,0,0,0,0,0,0,0
Mtdh,509,1269,1218,1213,1197,585,596,537,408,542
Mterf1a,7,13,10,20,11,7,6,4,0,0
Mterf1b,23,47,34,40,45,12,24,6,6,13
Mterf2,131,344,252,345,376,172,156,132,63,92
Mterf3,38,159,134,173,174,24,38,38,19,27
Mterf4,57,154,134,159,136,63,89,68,28,56
Mtf1,133,282,247,262,271,143,140,145,75,121
Mtf2,617,1167,1121,1256,1313,690,580,618,342,412
Mtfmt,31,91,92,109,100,50,35,46,39,42
Mtfp1,129,582,583,634,648,198,195,213,92,164
Mtfr1,9,56,44,60,54,16,10,18,12,19
Mtfr1l,93,355,303,325,424,92,118,110,62,108
Mtfr2,10,16,13,20,20,16,6,10,10,14
Mtg1,65,252,191,218,253,68,99,112,54,94
Mtg2,265,759,602,750,713,457,426,360,230,359
Mthfd1,204,455,373,424,409,192,209,224,103,161
Mthfd1l,148,287,272,294,296,201,133,167,64,148
Mthfd2,200,345,284,355,375,111,213,224,72,209
Mthfd2l,95,244,186,193,246,105,99,102,78,104
Mthfr,95,310,209,264,264,146,107,111,61,109
Mthfs,246,355,280,308,441,230,219,286,58,155
Mthfsd,259,693,602,643,743,381,388,419,233,351
Mthfsl,37,143,117,140,153,91,58,55,53,69
Mtif2,1195,2485,2608,2958,2464,1958,1964,2072,1276,1403
Mtif3,151,305,248,303,262,250,211,216,99,157
Mtl5,6,9,5,8,7,0,6,7,2,3
Mtm1,124,374,320,388,392,189,149,158,87,152
Mtmr1,408,1008,896,1088,987,571,575,633,301,496
Mtmr10,135,225,202,216,232,131,101,105,69,103
Mtmr11,7,65,36,43,50,12,24,16,11,22
Mtmr12,548,1046,733,853,934,377,497,527,311,400
Mtmr14,95,217,180,218,246,88,95,118,68,71
Mtmr2,61,152,141,150,189,68,61,57,27,41
Mtmr3,277,624,548,544,731,438,276,276,214,326
Mtmr4,50,161,124,149,162,85,60,50,31,68
Mtmr6,164,515,428,503,468,202,187,182,115,140
Mtmr7,106,326,286,300,414,214,96,181,84,132
Mtmr9,54,85,68,81,89,49,40,51,22,27
Mtnr1b,18,12,15,3,9,24,37,15,16,34
Mto1,222,400,364,412,391,258,207,242,126,181
Mtor,192,513,432,469,514,330,240,241,139,215
Mtpap,101,243,220,266,285,106,127,99,55,103
Mtpn,78,467,327,306,406,119,119,116,71,106
Mtr,62,162,114,138,136,94,67,65,62,68
Mtrf1,21,46,41,47,59,20,19,20,15,17
Mtrf1l,24,63,54,42,95,30,26,19,19,25
Mtrr,15,51,48,40,55,15,29,20,13,10
Mtss1,220,421,353,356,451,201,189,175,87,149
Mtss1l,85,267,218,218,259,164,110,66,67,78
Mttp,289,607,505,523,569,282,267,311,163,224
Mturn,45,132,145,160,178,80,51,56,28,52
Mtus1,106,240,199,182,230,142,123,115,108,180
Mtus2,501,952,876,965,1047,659,418,575,305,428
Mtx1,207,846,679,723,861,353,410,326,195,310
Mtx2,156,609,579,612,629,223,190,212,114,175
Mtx3,28,103,76,93,125,30,34,35,14,51
Muc13,13,13,15,23,12,25,35,9,26,23
Muc15,9,25,20,30,17,6,17,17,11,8
Muc16,10,14,17,18,14,18,16,14,7,9
Muc20,0,37,27,33,22,5,0,0,0,0
Muc3a,24,83,64,87,72,40,26,39,20,21
Muc6,0,0,0,0,0,0,0,0,0,0
Mucl2,0,0,0,0,0,0,0,0,0,0
Mul1,39,186,172,175,228,50,59,39,37,46
Mum1,67,213,172,191,227,113,100,115,52,89
Mum1l1,20,19,25,32,29,11,10,13,6,6
Mup6,7,0,0,0,12,5,7,4,0,5
Murc,66,116,80,77,85,25,67,72,31,66
Mus81,113,342,246,274,355,179,173,158,95,149
Musk,37,34,28,27,37,40,20,18,14,21
Mustn1,7,11,18,12,10,11,8,12,4,9
Mut,99,253,221,236,235,93,109,122,53,119
Mutyh,14,47,38,55,55,14,22,31,10,25
Mvb12a,226,658,572,588,634,375,346,431,217,271
Mvb12b,261,517,429,483,572,378,292,252,171,230
Mvd,37,184,112,100,144,55,61,66,38,65
Mvk,15,106,74,84,107,34,27,26,19,38
Mvp,13,61,46,28,55,9,16,16,15,22
Mx1,7,21,35,18,21,24,15,24,8,12
Mxd1,30,78,61,89,84,41,44,39,23,22
Mxd3,0,0,0,8,10,3,0,0,0,0
Mxd4,94,321,281,364,368,215,164,145,81,144
Mxi1,333,745,583,536,645,266,358,341,171,274
Mxra7,30,103,99,86,108,37,40,43,27,28
Mxra8,36,117,87,83,96,22,68,38,19,29
Myadm,0,0,0,0,0,0,0,0,0,0
Myadml2,5,21,14,14,23,4,3,8,6,3
Myadml2os,44,33,35,38,43,21,25,34,14,10
Myb,24,58,75,59,61,25,32,33,16,20
Mybbp1a,38,173,129,140,163,35,44,52,33,51
Mybl1,11,16,23,30,43,9,9,6,3,5
Mybl2,7,6,11,16,21,5,10,7,2,7
Mybpc1,14,15,9,11,22,31,10,25,4,7
Mybph,2,0,0,0,0,1,0,0,0,0
Mybphl,1,0,0,0,0,1,0,0,0,0
Myc,6,27,22,28,35,5,8,8,6,2
Mycbp,190,767,663,405,670,572,540,301,279,396
Mycbp2,1467,3351,2911,3909,3702,2161,2076,1613,1309,1707
Mycbpap,32,82,106,84,95,70,52,58,33,59
Mycl,15,43,55,61,80,5,8,9,6,5
Mycn,4,28,33,37,27,5,5,6,4,5
Myct1,3,8,6,5,3,12,4,5,10,8
Myd88,0,0,0,0,0,0,0,0,0,0
Mydgf,83,404,358,362,388,139,111,140,79,110
Myef2,402,883,598,811,987,237,426,441,236,425
Myeov2,187,1202,1369,1333,1523,278,257,193,116,161
Myg1,59,218,216,220,198,68,90,74,42,76
Myh10,238,469,353,402,466,219,195,196,94,149
Myh11,8,19,16,12,15,22,5,10,3,6
Myh14,153,392,344,323,365,86,110,134,88,83
Myh15,5,21,25,22,33,7,10,9,5,12
Myh2,0,0,0,0,0,0,0,5,0,0
Myh3,10,64,63,65,103,23,15,9,7,28
Myh6,49,58,22,35,45,27,49,26,17,31
Myh7,9,33,24,35,32,20,15,19,6,13
Myh7b,30,72,92,46,72,40,43,59,22,32
Myh8,0,3,10,2,4,0,0,0,0,0
Myh9,382,741,533,623,639,411,404,374,243,327
Myl1,12,23,26,13,19,10,8,7,10,9
Myl12a,86,288,302,305,371,162,146,116,146,226
Myl12b,304,883,696,725,824,330,342,361,141,303
Myl3,0,0,0,0,0,2,0,0,0,0
Myl4,7,33,29,29,37,15,13,14,13,8
Myl6,496,2096,1893,1759,2320,775,777,872,536,777
Myl6b,13,103,74,77,102,32,23,39,12,19
Myl9,44,132,83,100,119,98,93,103,56,99
Mylip,131,300,246,247,236,115,123,135,65,94
Mylk,37,114,104,129,127,70,58,57,46,48
Mylk3,16,34,45,28,39,12,14,22,8,13
Mylk4,0,8,3,8,8,0,0,0,0,0
Mylpf,1,16,7,12,10,5,7,4,7,1
Mynn,315,694,599,584,622,358,415,433,221,307
Myo10,368,2029,2095,2336,2770,794,578,460,332,499
Myo15,31,145,113,151,168,58,35,28,22,32
Myo16,267,745,579,567,727,483,377,326,233,326
Myo18a,521,1196,1163,1231,1293,724,703,549,354,557
Myo18b,5,15,9,9,5,7,5,2,2,1
Myo19,98,174,161,144,169,75,109,96,44,79
Myo1a,5,6,6,10,11,10,5,3,4,5
Myo1b,41,99,85,94,97,73,37,71,49,75
Myo1c,127,275,181,217,238,147,113,123,65,114
Myo1d,231,592,562,545,586,320,227,207,172,205
Myo1e,84,187,139,130,193,135,74,93,59,99
Myo1f,34,158,47,55,126,110,44,30,71,99
Myo1g,0,0,0,5,3,0,0,0,0,0
Myo1h,16,70,50,72,90,22,22,27,9,20
Myo3a,29,58,47,46,36,36,38,35,14,24
Myo3b,39,56,50,60,50,39,39,35,9,18
Myo5a,593,1579,1381,1465,1625,993,617,757,473,680
Myo5b,261,542,480,599,526,257,319,235,193,217
Myo5c,4,24,21,12,32,13,3,25,1,10
Myo6,458,1394,934,934,1196,397,566,437,210,422
Myo7a,3,38,32,19,22,2,12,2,7,5
Myo9a,982,2408,1898,2304,2605,1619,1396,1297,765,1373
Myo9b,196,551,401,512,473,291,262,214,134,210
Myoc,147,517,723,636,599,124,326,387,101,152
Myocd,8,16,17,21,26,14,8,14,5,10
Myof,9,27,29,33,38,14,14,16,10,12
Myom3,0,5,7,9,1,0,4,7,1,3
Myoz2,4,8,8,6,7,1,0,0,0,0
Myoz3,10,0,0,0,0,6,4,3,5,4
Mypn,14,25,20,13,22,19,7,23,5,4
Mypop,77,207,191,209,234,94,87,81,56,80
Mypopos,7,13,9,10,18,7,4,4,4,2
Myrf,43,112,82,106,130,48,45,30,29,38
Myrfl,9,17,21,9,20,4,5,9,9,2
Myrip,163,379,339,363,447,330,173,204,128,193
Mysm1,477,1184,979,1107,1211,705,589,641,349,438
Myt1,97,183,160,185,174,79,71,59,53,66
Myt1l,1903,4858,4867,5421,5438,2992,2342,2365,1213,2025
Mzf1,78,249,262,272,266,87,132,100,48,64
Mzt1,165,407,294,393,379,107,133,134,46,91
Mzt2,21,119,139,144,186,24,30,27,21,22
N4bp1,126,301,236,247,282,155,101,124,83,135
N4bp2,53,110,90,109,108,47,37,52,32,37
N4bp2l1,123,606,485,600,584,309,223,248,105,192
N4bp2l2,892,1859,1716,2043,2036,1148,1245,1148,731,1001
N4bp3,11,59,47,67,70,29,31,19,11,20
N6amt1,87,195,186,195,207,102,96,106,76,64
N6amt2,299,646,629,682,675,335,347,438,184,272
Naa10,0,21,11,11,22,0,0,0,0,0
Naa11,122,368,259,279,281,170,144,185,111,129
Naa15,360,730,595,785,798,493,411,406,279,403
Naa16,170,397,315,418,389,233,316,162,94,217
Naa20,495,1024,1019,1080,1094,755,644,727,353,423
Naa25,109,276,248,315,313,148,150,128,60,115
Naa30,21,84,68,89,110,40,37,29,18,34
Naa35,195,533,403,470,492,286,229,215,176,203
Naa38,70,595,632,566,719,121,118,104,47,73
Naa40,570,1229,1065,1264,1207,599,821,656,380,611
Naa50,106,314,335,348,307,120,139,108,83,87
Naa60,0,0,0,0,0,0,0,0,0,0
Naaa,24,201,185,136,181,22,60,52,22,52
Naalad2,39,19,25,31,37,45,42,28,20,32
Naaladl2,643,1524,1339,1400,1783,969,819,910,518,819
Nab1,93,208,196,203,253,115,79,116,54,90
Nab2,109,465,352,454,394,92,172,185,93,138
Nabp1,59,130,129,138,148,49,58,60,31,42
Nabp2,211,640,560,546,636,241,266,286,112,179
Naca,76,695,767,706,793,162,204,151,94,146
Nacad,8,96,68,60,77,18,19,16,11,19
Nacc1,38,171,135,146,161,90,59,42,48,58
Nacc2,75,200,189,151,182,53,79,62,34,69
Nadk,149,465,327,451,408,205,188,177,91,178
Nadk2,107,301,240,259,303,69,113,103,65,91
Nadsyn1,57,108,101,104,111,99,97,99,66,64
Nae1,180,495,431,503,482,333,269,246,153,223
Naf1,53,130,101,132,129,75,66,58,51,78
Naga,18,129,123,101,117,14,33,34,14,33
Nagk,521,1668,1236,1305,1414,840,644,711,371,527
Naglu,22,140,85,81,115,12,28,25,18,16
Nagpa,21,148,99,112,128,51,58,33,29,47
Naif1,2,5,7,8,9,4,1,3,4,2
Naip1,0,0,0,0,0,3,0,0,0,0
Naip2,2,11,6,0,7,9,2,1,7,7
Naip5,3,10,3,4,10,7,4,1,1,5
Naip6,2,8,3,2,10,5,1,0,4,4
Nalcn,752,1665,1485,1783,1857,1207,830,893,629,831
Nampt,50,220,180,196,213,72,69,59,46,74
Nanog,7,0,0,0,0,4,3,2,2,6
Nanos1,16,48,50,59,56,21,20,19,11,16
Nanos2,0,15,12,14,8,0,5,5,4,2
Nanos3,3,16,8,7,15,6,11,10,3,7
Nans,13,100,83,75,89,29,27,18,17,23
Nap1l1,138,646,625,650,690,250,249,216,133,220
Nap1l2,25,164,171,206,201,31,50,30,21,24
Nap1l3,55,178,180,189,177,78,70,77,32,52
Nap1l4,148,566,479,524,574,237,224,208,144,186
Nap1l5,354,1687,1828,1995,1975,436,542,530,150,322
Napa,263,1620,1279,1569,1488,480,545,480,304,496
Napb,528,1150,968,1037,1169,465,498,598,336,435
Napepld,200,338,255,354,334,213,183,143,134,183
Napg,265,678,627,773,782,407,374,410,216,246
Naprt,18,169,84,73,137,32,48,38,18,65
Napsa,0,7,4,5,8,2,0,0,0,0
Narf,273,623,512,553,647,300,294,299,142,232
Narfl,99,341,240,292,304,120,154,148,79,94
Nars,170,832,823,985,1025,253,248,234,112,223
Nars2,167,427,380,399,385,242,247,211,128,186
Nasp,120,226,210,227,237,155,159,139,66,126
Nat1,0,8,12,3,16,0,0,0,0,0
Nat10,86,231,185,235,218,94,95,91,47,87
Nat14,80,548,526,551,524,152,152,131,72,110
Nat2,4,7,8,3,13,3,6,4,4,5
Nat6,0,0,0,0,0,0,0,0,0,0
Nat8,4,19,26,25,19,1,9,7,0,6
Nat8l,45,255,276,206,279,78,43,58,28,54
Nat9,38,174,160,161,225,62,64,69,37,65
Natd1,117,211,173,183,196,110,105,105,54,74
Nav1,482,1474,1179,1393,1406,846,721,527,372,610
Nav2,2303,4401,3936,4213,4731,2869,2319,2363,1407,2096
Nav3,4769,11413,9969,11639,12505,8742,5706,6236,3958,5252
Nbas,276,673,565,658,747,395,305,325,230,338
Nbea,2930,6880,5622,6850,7997,4865,3505,3404,2570,3850
Nbeal1,258,767,648,745,799,492,393,352,285,401
Nbeal2,17,47,47,45,60,12,24,22,13,12
Nbl1,115,379,408,470,424,110,163,160,91,90
Nbn,23,60,53,55,79,35,19,38,10,14
Nbr1,299,593,433,573,588,236,268,246,183,236
Ncald,793,1694,1921,1849,1904,1007,752,879,543,624
Ncam1,2567,6436,5435,5976,6329,3384,3061,2660,1735,2766
Ncam2,1993,5661,4099,4725,5834,3479,2674,2454,1908,3056
Ncan,324,811,645,596,659,240,328,365,148,225
Ncapd2,82,226,176,215,206,128,95,121,56,81
Ncapd3,200,399,345,438,412,296,240,269,153,198
Ncapg,0,0,0,0,0,0,0,0,0,0
Ncapg2,43,78,63,77,95,41,28,65,28,37
Ncaph,4,6,6,2,4,5,3,4,8,1
Ncaph2,284,778,623,627,703,307,365,388,218,260
Ncbp1,176,465,363,385,380,217,226,196,103,161
Ncbp2,105,357,332,336,382,146,149,183,71,130
Ncbp3,202,469,383,395,447,168,229,206,118,220
Ncdn,485,2606,2632,2767,2687,559,761,616,398,436
Nceh1,112,468,459,424,427,173,144,143,88,100
Ncf1,8,24,19,16,29,25,29,8,10,19
Ncf2,19,57,26,39,48,38,33,14,27,19
Ncf4,0,8,2,1,7,0,0,1,1,3
Nck1,190,479,363,408,497,169,255,196,134,238
Nck2,368,718,544,597,661,272,338,364,226,372
Nckap1,751,1985,1385,1668,1963,850,746,694,480,742
Nckap1l,11,42,15,8,29,15,13,8,20,28
Nckap5,542,1279,990,1126,1234,479,652,392,288,576
Nckap5l,129,262,181,186,224,64,115,113,39,85
Nckap5los,12,38,24,34,28,5,7,14,1,7
Nckipsd,96,390,251,300,360,152,168,150,91,125
Ncl,127,497,511,567,597,192,238,197,131,177
Ncln,73,510,394,419,474,128,136,144,71,120
Ncmap,8,35,24,21,23,18,9,19,14,5
Ncoa1,1068,2178,1797,2060,2295,1434,1127,1009,721,1068
Ncoa2,373,1152,1007,1092,1100,784,456,459,362,508
Ncoa3,334,631,396,474,572,287,300,217,145,256
Ncoa4,16,46,53,47,63,30,20,15,14,18
Ncoa5,248,596,560,646,806,466,337,372,237,306
Ncoa6,133,296,239,326,347,239,148,130,95,151
Ncoa7,683,1560,1201,1642,1593,971,869,842,479,827
Ncor1,1423,3074,2298,2636,3286,1600,2018,1595,1084,1688
Ncor2,145,445,505,490,528,281,241,154,125,167
Ncs1,320,1300,821,944,1138,651,498,401,241,374
Ncstn,186,382,327,450,370,139,208,140,84,154
Ndc1,36,116,73,88,107,40,33,32,20,38
Ndc80,2,5,4,4,9,3,5,6,3,7
Nde1,42,157,123,139,165,35,65,42,20,49
Ndel1,291,900,727,765,785,209,388,350,142,274
Ndfip1,1154,1780,1354,1468,1604,1497,1324,1569,762,920
Ndfip2,454,1048,1214,978,996,565,402,711,353,408
Ndn,44,534,598,634,544,81,119,82,47,51
Ndnf,24,46,44,45,54,24,32,25,26,37
Ndnl2,0,0,0,0,0,0,0,0,0,0
Ndor1,97,269,209,225,236,121,136,141,68,113
Ndp,9,64,59,45,50,6,10,14,8,9
Ndrg1,70,257,235,265,336,161,110,92,62,159
Ndrg2,561,3060,2398,2543,3349,455,1082,713,319,841
Ndrg3,652,1895,1685,1842,1824,815,835,829,388,675
Ndrg4,394,1953,1763,2123,2329,246,551,509,230,482
Ndst1,29,95,67,90,97,46,23,30,16,15
Ndst2,33,123,67,91,106,45,43,48,20,42
Ndst3,421,1105,942,1208,1219,802,541,558,251,492
Ndst4,540,1064,967,1166,967,537,526,547,262,345
Ndufa1,83,825,971,935,1129,87,107,99,33,38
Ndufa10,459,1517,1312,1525,1348,703,707,623,371,473
Ndufa11,193,1048,1078,1042,1282,263,291,268,144,211
Ndufa12,77,677,716,737,865,65,97,81,37,71
Ndufa13,0,0,0,0,0,0,0,0,0,0
Ndufa2,234,1436,1631,1489,1683,392,352,287,143,213
Ndufa3,167,633,537,566,703,194,159,175,77,119
Ndufa4,420,2965,3391,3348,3782,674,634,612,318,360
Ndufa4l2,37,97,65,71,115,71,67,63,53,49
Ndufa5,140,591,791,707,767,190,171,133,83,83
Ndufa6,214,1345,1479,1340,1665,326,326,280,174,233
Ndufa7,201,917,971,966,1099,318,247,215,142,204
Ndufa8,131,904,942,887,1057,183,227,180,122,164
Ndufa9,117,357,329,382,392,127,131,118,66,113
Ndufab1,136,508,478,485,602,106,132,100,55,97
Ndufaf1,35,118,118,124,108,31,42,37,19,30
Ndufaf2,128,427,455,455,462,223,193,156,87,151
Ndufaf3,145,442,422,473,572,178,216,210,96,164
Ndufaf4,220,878,766,928,876,365,323,265,114,226
Ndufaf5,75,207,178,199,238,141,90,88,62,88
Ndufaf6,99,236,194,201,211,152,131,129,72,97
Ndufaf7,410,902,809,936,864,401,385,489,225,315
Ndufb10,197,1137,1109,1049,1193,206,332,237,135,242
Ndufb11,151,1114,1081,1074,1233,256,247,228,146,215
Ndufb2,107,328,366,392,446,147,134,140,58,101
Ndufb3,320,1065,1103,1134,1295,324,401,355,161,260
Ndufb4,77,195,203,231,281,68,66,77,40,60
Ndufb5,149,804,891,843,946,199,205,181,96,179
Ndufb6,88,522,651,584,683,99,107,92,48,91
Ndufb7,127,900,1015,941,1110,187,204,164,105,137
Ndufb8,27,799,766,679,877,47,82,67,35,31
Ndufb9,409,1709,1675,1615,1883,703,660,597,348,506
Ndufc1,74,998,1278,1076,1354,86,89,66,38,62
Ndufc2,165,1137,1112,1108,1407,180,213,176,104,196
Ndufs1,421,933,815,901,882,376,417,410,255,354
Ndufs2,175,745,555,522,734,189,264,277,144,232
Ndufs3,731,1467,1132,1251,1565,464,714,696,372,568
Ndufs4,435,1019,941,987,1054,578,474,442,326,381
Ndufs5,196,835,941,850,972,250,227,229,121,138
Ndufs6,83,603,638,643,741,135,109,91,51,91
Ndufs7,205,984,975,960,1085,228,312,343,157,250
Ndufs8,102,523,458,469,575,113,115,130,67,140
Ndufv1,98,499,473,557,603,127,160,127,72,134
Ndufv2,176,749,729,792,884,221,226,201,104,168
Ndufv3,165,1051,1000,949,1275,199,212,163,110,149
Neat1,433,1806,1147,1099,2048,427,640,456,439,847
Neb,21,39,37,51,36,19,11,14,9,12
Nebl,2349,5840,4481,5662,5660,2844,2752,2403,1862,2591
Necab1,275,690,601,660,822,599,327,559,133,289
Necab2,53,332,300,324,385,138,109,83,45,78
Necab3,151,324,318,293,403,256,181,325,97,142
Necap1,87,390,389,384,419,87,123,163,66,96
Necap2,75,240,207,220,268,129,102,119,66,109
Nedd1,40,96,86,84,111,52,52,43,26,32
Nedd4,678,1476,1234,1341,1453,567,734,625,349,604
Nedd4l,1072,2461,2087,2537,2507,1582,1068,1028,767,1089
Nedd8,224,1178,1401,1260,1457,413,382,381,222,322
Nedd9,119,253,229,226,226,122,106,118,64,118
Nefh,6,72,83,64,86,27,19,23,16,16
Nefl,214,1131,1026,1158,1145,251,321,218,203,176
Nefm,137,541,404,515,564,156,174,159,85,138
Negr1,3351,9060,7851,9228,9606,6778,4874,3897,3212,4539
Neil1,26,175,128,127,141,37,56,55,22,44
Neil2,3,23,14,17,30,15,11,7,4,12
Neil3,0,9,3,4,11,3,2,3,2,4
Nek1,403,795,645,775,802,572,558,497,260,436
Nek10,118,133,120,167,159,109,94,103,74,81
Nek11,42,79,84,68,102,36,42,47,19,30
Nek3,16,53,33,41,32,14,18,14,15,20
Nek4,70,97,94,119,112,73,58,60,29,47
Nek5,29,45,54,27,52,19,58,22,26,41
Nek6,57,166,153,128,169,67,62,56,51,67
Nek7,162,451,357,350,503,133,172,111,95,173
Nek8,20,59,43,43,58,11,20,20,14,11
Nek9,264,609,486,587,637,234,241,311,151,235
Nelfa,35,212,141,175,166,54,73,58,33,60
Nelfb,210,709,528,594,617,351,321,340,170,267
Nelfcd,102,386,322,404,469,161,191,168,109,181
Nelfe,145,369,346,377,335,190,198,244,105,176
Nell1,591,1385,1258,1395,1555,1005,543,732,369,565
Nell1os,80,168,147,194,167,104,114,107,61,77
Nell2,1203,3801,3114,3795,3456,2230,1486,1494,1135,1422
Nemf,504,1018,799,986,1014,509,563,480,280,433
Nenf,134,648,692,654,637,165,188,183,96,158
Neo1,728,1666,1119,1364,1643,771,729,683,356,803
Nepro,9,19,36,17,28,12,19,12,7,11
Nes,8,24,28,34,31,23,18,10,9,32
Nespas,8,7,6,13,9,5,4,7,8,3
Net1,51,141,115,120,190,49,59,63,57,105
Neto1,722,1820,1672,1805,1993,1411,861,868,707,987
Neto2,147,460,385,440,499,281,169,174,111,198
Neu1,102,518,437,485,499,146,191,187,72,127
Neu2,17,23,33,20,36,16,12,17,5,11
Neu3,0,0,0,4,8,0,0,0,0,0
Neu4,39,60,52,59,72,16,25,18,4,16
Neurl1a,94,281,245,331,291,184,96,90,62,105
Neurl1b,28,87,86,92,100,52,38,48,11,32
Neurl2,2,27,15,13,12,6,5,6,2,2
Neurl4,43,189,172,195,250,74,67,56,41,79
Neurod1,0,0,0,0,0,0,0,0,0,0
Neurod2,352,1014,933,1187,1067,394,444,423,227,331
Neurod6,467,1620,1836,2164,1996,1033,812,773,506,452
Neurog2,0,0,0,9,3,0,0,0,0,0
Nexn,69,105,82,85,105,41,39,61,39,35
Nf1,778,1674,1320,1410,1614,912,862,747,441,697
Nf2,332,561,464,507,598,355,352,271,182,258
Nfam1,1,8,1,5,10,3,3,2,3,4
Nfasc,502,1533,1246,1353,1570,812,691,606,378,675
Nfat5,795,1957,1713,1826,1953,1146,1140,1089,672,979
Nfatc1,7,27,16,14,30,6,6,6,10,7
Nfatc2,59,107,99,107,123,49,41,51,28,30
Nfatc2ip,14,66,32,62,52,15,32,24,18,20
Nfatc3,355,504,401,476,530,283,369,343,199,291
Nfatc4,5,11,6,10,11,4,6,4,4,5
Nfe2l1,54,318,295,295,305,83,56,68,44,63
Nfe2l2,76,235,166,161,286,99,103,65,78,132
Nfe2l3,58,99,101,94,68,43,40,41,28,33
Nfia,1491,3235,2553,2894,3252,1383,1690,1164,1045,1621
Nfib,1861,5075,4174,5116,5043,2669,2201,1695,1421,1979
Nfic,92,226,217,229,284,149,105,137,56,94
Nfil3,6,33,49,45,55,10,12,6,2,10
Nfix,441,997,960,1015,969,605,443,399,280,366
Nfkb1,207,488,417,422,531,294,224,236,160,228
Nfkb2,1,16,9,8,8,3,3,1,2,7
Nfkbia,128,474,384,405,546,327,249,216,184,458
Nfkbib,25,140,126,133,130,39,45,36,20,36
Nfkbid,42,134,106,111,132,65,70,86,37,54
Nfkbie,2,17,6,12,13,1,2,7,1,7
Nfkbil1,26,96,84,94,109,23,25,36,26,25
Nfkbiz,65,160,126,151,182,78,61,64,39,53
Nfrkb,122,384,322,392,423,189,145,183,105,146
Nfs1,350,670,619,689,744,391,400,450,214,301
Nfu1,255,644,529,547,613,294,329,360,173,216
Nfx1,436,862,645,763,919,786,565,707,404,397
Nfxl1,76,132,118,118,144,75,90,73,44,55
Nfya,25,40,43,50,61,22,25,21,14,9
Nfyb,24,112,138,118,131,47,55,43,19,46
Nfyc,245,671,507,524,689,385,358,267,210,324
Ngb,3,23,22,24,15,8,10,13,6,5
Ngdn,271,668,221,410,615,394,377,353,135,281
Ngef,176,455,507,466,479,166,194,209,78,146
Ngf,21,105,98,92,83,24,26,17,18,11
Ngfrap1,217,1530,1651,1616,1709,373,433,350,218,305
Ngly1,75,194,168,194,242,81,79,76,61,76
Ngrn,123,388,384,486,443,195,245,199,101,188
Nhej1,26,112,83,85,94,35,49,36,28,30
Nhlrc1,9,45,57,87,62,10,15,9,8,14
Nhlrc2,241,486,446,487,504,258,245,256,138,244
Nhlrc3,51,133,125,129,137,89,60,81,44,52
Nhp2,62,303,319,266,301,65,66,88,39,64
Nhp2l1,140,722,788,795,801,204,245,218,111,172
Nhs,114,277,220,233,391,241,147,143,98,125
Nhsl1,369,876,645,677,782,181,357,214,142,312
Nhsl2,270,592,613,694,757,493,329,291,202,332
Nicn1,71,279,246,312,298,115,86,94,57,78
Nid1,9,12,13,12,16,5,17,6,6,20
Nid2,7,17,19,17,21,4,5,6,4,12
Nif3l1,173,401,298,326,406,88,207,194,87,134
Nifk,58,185,159,181,167,81,70,58,42,71
Nim1k,329,803,735,809,832,276,398,346,175,284
Nin,393,949,805,953,908,712,474,417,339,413
Ninj1,31,148,137,138,158,34,38,43,22,43
Ninj2,33,113,81,77,76,33,49,26,29,43
Ninl,50,104,91,109,115,63,45,49,28,31
Nip7,52,248,204,208,261,71,80,63,39,66
Nipa1,184,392,373,379,451,306,230,202,145,167
Nipa2,145,413,363,351,361,184,157,162,88,144
Nipal2,112,243,276,257,279,162,142,162,86,109
Nipal3,120,190,202,187,193,81,82,72,42,64
Nipal4,4,18,14,16,18,9,12,14,6,5
Nipbl,643,1594,1435,1539,1295,870,648,749,481,872
Nipsnap1,245,708,502,641,708,259,252,253,141,181
Nipsnap3b,24,122,93,95,131,28,33,31,18,31
Nisch,730,2132,1699,1941,1920,804,934,865,452,667
Nit1,244,608,494,659,657,312,367,269,177,228
Nit2,17,62,54,55,75,18,28,18,19,26
Nkain1,78,134,106,113,124,92,91,83,46,69
Nkain2,9564,17864,14159,16419,18385,12751,12516,11101,8230,11599
Nkain3,1475,3719,2919,3786,3757,2310,2146,1273,1526,1970
Nkain4,168,687,605,525,581,178,253,204,127,174
Nkap,105,262,233,280,270,99,139,99,56,114
Nkapl,28,61,63,52,53,54,40,55,45,52
Nkd1,18,52,56,60,61,33,56,15,14,46
Nkd2,12,51,52,73,57,10,22,11,4,19
Nkiras1,277,902,863,1016,1071,430,433,449,230,266
Nkiras2,25,97,96,93,127,40,52,39,28,37
Nkpd1,0,11,5,5,4,0,0,0,0,0
Nkrf,14,40,61,69,63,11,18,15,4,7
Nktr,696,1663,1361,1830,1988,1153,906,1020,536,878
Nkx2-1,0,8,6,5,7,0,0,0,0,0
Nkx2-2,29,49,53,43,47,11,25,21,9,15
Nkx2-2os,27,36,41,44,39,18,25,15,14,13
Nkx6-2,12,68,99,51,90,14,23,15,15,28
Nle1,168,577,421,473,548,261,295,285,143,256
Nlgn1,9229,22146,19611,23906,25705,17225,12584,11260,8452,11561
Nlgn2,78,369,273,304,340,196,110,97,71,72
Nlgn3,114,418,353,388,365,122,116,106,69,84
Nlk,1505,3367,2420,2586,3275,1633,1917,2000,865,1588
Nln,138,306,287,271,332,273,163,211,93,139
Nlrc3,24,45,30,44,38,34,23,43,19,18
Nlrc4,163,1060,1354,1249,1393,353,335,265,146,179
Nlrc5,6,24,8,10,18,5,3,6,5,16
Nlrp12,0,12,8,10,15,0,8,3,4,5
Nlrp1a,6,15,8,11,11,5,9,10,7,18
Nlrp1b,10,17,13,13,19,5,8,8,8,7
Nlrp3,3,7,2,0,8,0,2,2,0,3
Nlrp4a,0,0,0,0,0,8,6,0,0,5
Nlrp4c,3,0,0,0,0,4,0,0,0,0
Nlrp9b,0,6,5,10,0,0,0,0,0,0
Nlrx1,12,48,39,35,53,18,14,23,12,12
Nmb,29,106,72,66,94,32,34,37,19,25
Nmbr,3,14,18,15,20,11,7,2,5,10
Nmd3,117,263,213,234,289,140,129,120,82,109
Nme1,0,10,13,9,12,0,0,0,0,0
Nme2,4,8,9,9,7,3,2,0,3,5
Nme3,14,21,21,14,17,12,13,11,5,21
Nme4,123,299,284,342,309,197,205,234,99,149
Nme5,136,299,327,283,322,102,154,133,71,122
Nme6,49,122,100,100,133,55,61,73,31,50
Nme7,188,423,348,401,438,237,213,195,119,166
Nme8,4,4,6,1,3,3,2,2,7,3
Nmi,36,74,46,53,73,22,38,28,17,41
Nmnat1,25,84,79,80,103,50,63,44,28,43
Nmnat2,941,2569,1935,2248,2169,1192,1245,933,456,969
Nmnat3,17,60,49,32,42,24,19,29,11,16
Nmral1,37,136,142,107,122,45,57,69,23,59
Nmrk1,137,306,216,302,249,208,203,187,87,135
Nmt1,0,0,0,0,0,0,0,0,0,0
Nmt2,374,1073,821,982,1031,613,496,431,221,427
Nmu,0,5,4,0,9,0,0,0,0,0
Nnat,1445,6081,5220,6122,4537,3325,4352,1573,858,2190
Nnmt,3,16,7,20,14,5,4,7,2,4
Nnt,157,283,206,220,288,99,133,183,125,116
Noa1,94,134,132,128,154,48,74,91,25,63
Nob1,447,1120,930,1034,1039,625,710,666,393,522
Noc2l,91,443,280,337,544,207,198,177,126,182
Noc3l,59,128,99,100,111,60,85,45,32,50
Noc4l,66,352,259,323,336,129,152,139,63,125
Noct,92,369,276,391,305,101,106,82,53,83
Nod1,7,38,23,24,30,16,16,11,9,18
Nod2,1,0,0,0,0,3,0,1,1,4
Nodal,0,0,0,0,0,0,0,0,0,0
Nog,4,20,23,38,25,8,5,5,4,7
Nol10,257,620,599,591,554,283,318,317,171,251
Nol11,286,481,357,431,460,330,353,404,210,247
Nol12,60,185,175,202,215,55,59,59,44,54
Nol3,13,83,79,66,107,26,19,23,9,20
Nol4,731,1868,1655,1935,1996,1356,916,894,538,918
Nol4l,387,600,579,602,671,553,465,327,220,347
Nol6,15,107,98,110,109,34,26,28,10,25
Nol7,84,287,299,319,314,111,123,98,80,75
Nol8,58,157,146,148,163,67,57,62,42,57
Nol9,140,201,179,200,213,146,140,122,84,132
Nolc1,119,321,259,289,282,158,170,132,67,117
Nom1,114,302,233,292,251,156,165,145,74,119
Nomo1,47,186,166,153,156,68,49,45,26,44
Nono,208,470,434,486,477,237,253,255,139,217
Nop10,192,1057,1059,1122,1346,398,335,284,155,229
Nop14,63,177,136,161,171,83,69,70,29,64
Nop16,17,78,79,96,105,15,26,17,12,18
Nop2,41,161,105,143,153,62,76,62,26,48
Nop56,886,3790,2746,3201,3397,1492,1794,1604,814,1427
Nop58,86,188,214,190,243,117,118,102,75,98
Nop9,131,317,273,322,311,130,134,151,63,95
Nos1,93,255,161,242,231,135,134,69,60,105
Nos1ap,633,1612,1526,1907,1623,1135,810,742,473,629
Nos2,0,0,0,0,0,0,1,1,1,3
Nos3,10,44,31,39,53,26,20,24,25,51
Nosip,60,166,151,153,170,54,57,75,41,51
Nostrin,63,146,67,95,127,165,149,65,87,267
Notch1,31,144,123,112,169,43,47,49,28,61
Notch2,119,269,174,205,260,70,154,108,74,99
Notch3,32,82,52,63,89,28,28,36,32,52
Notch4,12,45,36,26,34,18,19,16,10,29
Notum,22,39,38,31,43,19,31,27,20,40
Nov,103,427,296,385,313,89,130,84,31,69
Nova1,86,158,197,196,218,129,80,145,54,90
Nova2,43,141,136,162,152,128,56,60,51,52
Nox1,32,78,56,64,92,41,36,52,37,48
Nox4,9,32,26,20,22,11,5,12,4,10
Noxo1,2,20,25,19,21,10,18,6,5,10
Noxred1,14,31,30,37,17,36,31,16,14,18
Npas1,47,175,111,133,162,46,83,51,44,71
Npas2,349,627,524,612,706,533,345,443,127,306
Npas3,1509,3401,2724,2669,3573,1434,1439,1114,872,1378
Npas4,39,130,96,95,59,28,46,63,21,25
Npat,118,293,274,279,312,179,141,150,109,154
Npb,3,6,9,14,20,2,0,3,5,4
Npc1,72,265,215,148,193,85,80,83,47,74
Npc1l1,0,0,0,8,8,2,0,0,0,0
Npc2,89,649,399,351,639,177,133,105,99,185
Npcd,19,26,19,17,24,4,16,10,7,10
Npdc1,904,3850,3233,3489,3342,1254,1637,1502,831,1266
Npepl1,30,143,71,86,129,35,51,45,25,60
Npepps,995,1892,1530,1890,1925,1054,1217,911,527,926
Npffr1,13,29,33,27,30,15,9,8,7,9
Npffr2,13,15,19,20,17,9,15,8,6,8
Nphp1,87,186,188,200,225,83,81,90,50,87
Nphp3,62,93,80,69,92,43,38,54,19,48
Nphp4,277,810,826,849,786,492,409,394,218,306
Nphs1,11,15,17,35,18,7,11,6,8,3
Npl,44,71,65,62,86,36,32,33,32,32
Nploc4,263,710,527,649,679,446,370,343,228,338
Npm1,193,687,622,674,718,219,290,239,117,227
Npm2,0,8,2,6,9,2,0,0,0,0
Npm3,79,213,160,171,190,136,110,120,78,115
Npnt,25,83,86,101,94,34,26,43,19,34
Nppc,9,48,64,32,72,7,12,14,3,7
Npr1,2,9,17,14,17,7,9,7,2,12
Npr2,34,100,104,110,126,44,44,45,33,47
Npr3,34,131,119,154,127,92,56,41,18,54
Nprl2,291,1589,1041,1242,1366,497,702,543,272,571
Nprl3,351,581,603,706,608,393,436,487,281,360
Npsr1,87,150,145,195,199,86,125,109,69,83
Nptn,1265,2513,1712,2238,2684,1745,976,1077,667,1088
Nptx1,141,639,582,743,606,140,148,110,84,98
Nptx2,27,133,117,118,94,17,25,24,12,9
Nptxr,63,569,485,578,429,76,89,64,73,53
Npy,70,532,745,649,611,72,91,57,32,37
Npy1r,29,113,80,115,116,31,28,32,15,11
Npy2r,60,149,136,143,132,29,36,21,37,29
Npy5r,110,180,197,229,188,161,140,174,86,108
Nqo1,20,63,61,43,56,21,30,29,31,29
Nqo2,96,192,133,128,192,29,66,96,48,59
Nr1d1,46,240,227,224,274,67,63,80,28,49
Nr1d2,205,352,339,391,411,191,185,195,66,163
Nr1h2,85,423,296,374,429,120,170,162,81,140
Nr1h3,20,57,48,53,63,28,24,24,17,28
Nr1h4,0,0,0,9,6,0,3,4,3,4
Nr1h5,5,4,10,9,5,9,4,0,5,2
Nr1i3,2,8,3,13,15,2,0,0,0,0
Nr2c1,125,245,216,214,216,118,108,98,46,89
Nr2c2,396,686,544,669,814,426,379,408,238,309
Nr2c2ap,194,530,422,477,480,289,272,304,208,255
Nr2e1,63,109,100,85,97,27,63,49,21,37
Nr2f1,106,491,510,444,483,220,195,174,87,157
Nr2f2,81,235,202,243,273,170,130,88,63,124
Nr2f6,24,116,91,77,109,34,45,32,17,34
Nr3c1,227,395,417,422,363,250,217,205,150,208
Nr3c2,1623,3881,3472,4280,4025,2362,1625,1398,1435,1693
Nr4a1,41,196,235,213,100,45,68,112,19,54
Nr4a2,126,277,319,347,293,233,143,209,73,81
Nr4a3,81,196,194,201,160,101,86,97,37,48
Nr6a1,721,1710,1237,1507,1659,1186,1048,905,493,899
Nr6a1os,113,223,174,211,190,67,121,77,53,97
Nradd,8,44,29,38,56,13,10,12,7,19
Nrarp,33,151,122,135,131,12,47,41,10,27
Nras,241,353,308,371,271,180,323,282,133,232
Nrbf2,43,170,157,161,172,56,60,51,29,32
Nrbp1,140,589,467,489,525,205,292,249,155,234
Nrbp2,169,899,680,647,918,610,381,351,235,364
Nrcam,2786,7368,6067,6999,7058,4313,3511,3391,2295,3162
Nrd1,377,884,683,852,917,570,487,460,289,407
Nrde2,29,107,96,102,115,30,33,35,19,32
Nrep,20,60,113,71,106,54,18,52,19,19
Nrf1,369,651,551,660,694,373,324,317,216,292
Nrg1,2097,4842,4606,4745,5601,5055,2720,3538,1005,2585
Nrg2,516,1030,834,974,1035,683,712,506,457,673
Nrg3,20122,41127,32545,37969,46575,31545,23385,24069,16309,24078
Nrg3os,2297,7006,5599,7554,6809,5005,5948,5602,4309,4057
Nrg4,49,107,107,112,96,68,76,86,37,52
Nrgn,1208,2942,3315,3236,3507,1622,1360,1332,788,884
Nrip1,266,727,548,592,688,547,381,336,215,326
Nrip2,51,237,180,161,218,103,131,87,45,101
Nrip3,181,770,524,578,691,281,245,194,123,185
Nrl,2,6,9,15,16,11,7,7,4,6
Nrm,4,22,12,12,14,4,3,7,4,5
Nrn1,303,836,1040,1156,863,277,333,304,151,186
Nrn1l,3,7,8,8,9,2,7,2,3,2
Nrp1,1096,2953,2469,2991,2697,1681,1313,1095,890,1226
Nrp2,293,592,576,666,660,344,293,266,193,302
Nrros,51,98,58,83,102,38,33,32,29,56
Nrsn1,189,630,645,598,700,263,226,225,125,167
Nrsn2,51,434,375,348,396,92,70,75,25,52
Nrtn,1,21,18,17,20,2,2,7,4,5
Nrxn1,10428,23540,18976,21015,25876,16023,10861,13060,5906,12068
Nrxn2,469,1460,1478,1472,1384,590,582,515,246,428
Nrxn3,14467,32026,30778,34950,36112,25206,16833,18263,11216,15592
Nsa2,65,139,108,106,143,65,77,71,41,46
Nsd1,1802,2960,2440,2776,3115,1597,2151,1877,1238,1821
Nsdhl,36,232,149,150,233,89,64,42,37,68
Nsf,2303,4826,4132,4775,4647,2485,2605,2299,1696,1969
Nsfl1c,85,372,363,374,420,134,171,163,82,148
Nsg1,147,1237,1385,1356,1282,229,266,218,126,134
Nsg2,495,1643,1355,1356,1686,983,506,704,297,401
Nsl1,6,3,4,6,12,2,0,0,0,0
Nsmaf,102,322,287,321,363,165,120,133,85,129
Nsmce1,34,132,137,103,159,40,43,36,37,50
Nsmce2,406,904,813,962,1016,496,402,450,257,388
Nsmce4a,0,0,0,0,0,0,0,0,0,0
Nsmf,912,2994,2254,2450,2532,1062,1424,1147,737,1046
Nsrp1,109,245,216,242,256,130,131,94,50,93
Nsun2,183,514,467,523,544,293,241,228,151,204
Nsun3,38,82,90,99,137,56,45,60,20,46
Nsun4,48,100,66,84,120,50,50,52,28,47
Nsun5,65,288,251,238,283,133,161,127,69,132
Nsun6,88,318,329,446,443,226,156,196,111,96
Nsun7,231,454,453,585,633,275,240,272,134,195
Nt5c,240,771,701,697,866,408,436,464,250,394
Nt5c1a,8,18,15,11,6,7,3,8,3,5
Nt5c2,817,1212,1060,1164,1240,804,820,784,513,671
Nt5c3,58,273,273,303,279,95,77,77,53,55
Nt5c3b,73,205,202,197,230,91,79,70,57,64
Nt5dc1,130,242,194,230,278,109,139,183,110,99
Nt5dc2,17,95,109,90,129,30,35,26,13,19
Nt5dc3,502,1029,958,1017,874,534,585,562,356,456
Nt5e,41,128,86,88,100,33,49,53,37,47
Nt5m,102,286,282,272,294,125,112,132,77,84
Ntan1,717,1712,1498,1514,1531,1007,984,995,482,650
Ntf3,94,202,196,203,225,89,108,73,104,106
Ntf5,0,0,0,0,0,0,0,0,0,0
Nthl1,12,42,34,32,50,8,14,14,10,15
Ntm,4090,10568,10292,11610,12436,6844,4552,5584,2396,4718
Ntmt1,417,969,875,955,874,487,493,496,204,329
Ntn1,23,37,44,43,31,24,26,21,17,15
Ntn4,29,68,68,58,97,31,36,47,15,44
Ntn5,10,41,39,40,52,24,22,20,12,28
Ntng1,1435,4055,3652,5487,4535,3088,2231,1848,1222,1515
Ntng2,449,940,759,947,907,628,555,489,337,439
Ntpcr,29,135,116,121,140,27,42,42,23,28
Ntrk2,1032,4386,3393,3606,3852,2261,1403,1196,752,1460
Ntrk3,1789,4469,4182,4960,4848,3039,2159,1822,1832,2141
Nts,2,86,73,45,114,13,8,10,1,8
Ntsr1,4,13,18,7,16,16,6,11,2,6
Ntsr2,427,2713,2152,1733,2448,315,580,579,259,551
Nuak1,49,205,209,218,222,165,96,96,59,92
Nuak2,10,34,40,39,48,29,14,24,15,30
Nub1,165,445,399,401,429,434,294,287,149,249
Nubp1,80,308,230,241,286,137,108,140,78,125
Nubp2,37,161,133,172,215,33,51,52,19,38
Nubpl,72,182,146,161,166,81,93,75,51,74
Nucb1,128,560,389,418,516,160,218,177,99,169
Nucb2,45,167,176,222,192,74,63,53,28,38
Nucks1,277,588,559,582,719,385,358,341,204,303
Nudc,90,448,425,317,438,116,172,70,60,120
Nudcd1,193,421,262,345,385,219,231,196,124,211
Nudcd2,196,471,376,373,387,148,159,219,79,132
Nudcd3,426,2199,2513,2957,2696,1111,965,707,446,618
Nudt1,19,40,41,51,77,11,16,18,15,22
Nudt10,35,127,102,101,122,38,50,33,12,33
Nudt11,21,88,89,72,102,11,28,19,14,20
Nudt12,21,42,46,43,39,32,24,25,9,23
Nudt12os,0,0,0,0,0,0,0,0,0,0
Nudt13,191,401,275,364,390,214,241,235,156,184
Nudt14,20,72,79,65,112,15,28,31,27,27
Nudt15,0,2,8,2,3,0,0,0,0,0
Nudt16,55,141,132,103,175,78,78,122,46,54
Nudt16l1,64,332,254,300,319,146,114,123,58,105
Nudt17,40,155,116,146,159,53,56,61,29,42
Nudt18,32,218,181,201,177,54,50,67,21,32
Nudt19,45,206,146,163,270,52,51,64,25,48
Nudt2,30,174,142,153,168,46,23,37,22,28
Nudt21,129,241,242,255,264,153,124,119,55,85
Nudt22,26,86,64,70,106,26,38,35,25,36
Nudt3,232,498,430,419,558,224,204,232,140,192
Nudt4,111,237,262,215,238,56,116,104,26,75
Nudt5,250,666,586,621,555,310,447,406,213,339
Nudt6,6,37,32,33,35,3,11,11,5,12
Nudt7,22,58,72,67,65,18,22,23,19,21
Nudt8,93,218,200,180,207,136,124,139,49,114
Nudt9,71,362,300,332,369,81,92,85,43,76
Nuf2,11,33,63,40,36,6,39,7,9,31
Nufip1,91,218,198,203,226,127,108,86,53,92
Nufip2,253,604,443,574,593,359,357,338,200,298
Numa1,108,354,288,366,385,172,152,113,88,144
Numb,680,1620,1252,1338,1365,936,994,802,478,813
Numbl,125,356,276,324,321,187,156,135,81,112
Nup107,107,220,192,184,220,71,83,90,57,73
Nup133,61,119,116,125,131,84,64,90,56,53
Nup153,86,250,235,265,306,173,119,103,96,151
Nup155,154,190,171,190,199,144,114,153,64,122
Nup160,169,353,292,314,326,174,175,161,102,155
Nup188,56,113,112,119,133,67,57,69,51,57
Nup205,97,216,165,202,218,91,83,89,51,83
Nup210,47,175,143,198,207,102,73,71,44,57
Nup210l,81,150,130,160,154,97,103,82,51,66
Nup214,203,470,380,456,498,261,214,228,139,214
Nup35,146,300,197,248,305,125,123,123,70,111
Nup37,80,135,95,115,152,103,79,83,52,56
Nup43,99,264,258,251,233,130,124,132,68,98
Nup50,81,231,195,176,203,125,138,88,64,75
Nup54,183,496,333,414,438,99,231,172,76,149
Nup62,0,0,0,0,0,0,0,0,0,0
Nup62cl,0,4,5,3,3,0,0,0,0,0
Nup85,62,188,145,180,211,76,86,71,56,68
Nup88,127,256,223,245,268,109,140,139,85,137
Nup93,367,780,524,643,694,545,398,381,277,363
Nup98,306,769,636,630,746,412,373,328,185,362
Nupl1,74,183,157,207,182,78,92,91,48,60
Nupl2,122,273,214,263,274,76,115,138,67,105
Nupr1,8,53,41,94,56,25,32,30,20,21
Nupr1l,15,26,32,18,25,9,12,14,5,10
Nus1,58,187,167,184,224,86,57,51,21,67
Nusap1,105,241,163,189,183,57,119,130,62,86
Nutf2,119,275,298,317,257,126,137,144,80,109
Nutf2-ps1,0,73,60,62,65,0,0,0,0,0
Nvl,508,1497,1157,1470,1524,660,636,700,409,528
Nwd1,124,294,274,312,299,67,128,83,39,95
Nwd2,272,566,606,641,727,534,335,434,236,286
Nxf1,438,1299,1126,1061,1241,585,610,640,299,554
Nxn,121,377,285,356,452,143,182,116,84,184
Nxpe2,207,423,348,303,257,171,260,312,136,260
Nxpe3,207,329,296,354,375,131,117,157,80,94
Nxpe4,97,189,146,147,163,95,82,98,73,93
Nxph1,710,1581,1292,1368,1785,1117,708,697,391,691
Nxph2,7,18,17,15,22,12,4,16,8,8
Nxph3,1,73,67,43,59,12,3,13,2,7
Nxph4,0,2,13,2,8,0,0,0,0,0
Nxt1,93,192,194,181,185,108,103,93,74,90
Nxt2,24,108,111,88,116,7,37,31,8,27
Nyap1,55,195,171,166,189,113,75,80,31,73
Nyap2,429,951,822,1064,1258,928,484,763,310,434
Nynrin,9,36,36,48,44,28,15,14,6,16
Oacyl,24,11,17,25,25,14,9,15,11,4
Oaf,45,180,165,155,186,26,61,53,29,42
Oard1,24,131,131,110,138,30,57,41,28,50
Oas1a,4,15,6,3,8,9,9,4,6,15
Oas1c,4,6,5,7,9,2,0,0,0,0
Oas1g,0,0,0,0,0,0,0,2,1,4
Oas2,2,0,0,0,0,3,0,0,0,0
Oasl1,0,10,10,6,4,0,0,0,0,0
Oasl2,23,83,31,29,59,36,26,25,50,60
Oat,0,0,0,0,0,0,0,0,0,0
Oaz1,761,3315,3151,3296,3366,1189,1354,1257,746,1143
Oaz2,400,1139,1251,1189,1212,632,500,477,224,324
Oaz3,35,96,82,100,90,68,67,49,34,44
Obfc1,100,181,177,236,233,99,121,95,58,86
Obox1,18,26,32,29,31,30,25,17,8,18
Obox3,28,23,28,24,23,23,13,21,11,20
Obscn,4,17,9,14,9,5,7,5,6,2
Obsl1,36,104,74,71,109,49,44,46,25,35
Oc90,0,3,7,4,4,0,0,0,0,0
Oca2,7,20,19,18,18,11,15,9,8,9
Ocel1,147,299,148,159,185,244,194,261,123,171
Ociad1,187,1185,1251,1259,1115,279,321,254,149,253
Ociad2,237,977,871,1065,1055,386,387,318,153,265
Ocln,61,168,165,136,148,75,97,71,71,117
Ocrl,520,1299,1185,1401,1373,766,594,672,380,521
Odc1,51,265,384,378,283,260,240,133,35,172
Odf2,801,1909,1601,1760,1858,1203,871,993,496,677
Odf2l,78,202,159,226,224,108,108,113,69,89
Odf3,0,5,5,7,7,0,0,0,0,0
Odf3b,61,133,221,111,123,64,170,76,85,121
Ofcc1,5,7,15,10,7,10,4,4,4,6
Ofd1,29,85,80,72,85,44,39,66,20,44
Ogdh,335,756,715,780,796,386,304,421,186,267
Ogdhl,11,34,25,18,43,11,10,18,7,6
Ogfod1,471,1170,923,1032,1066,537,458,486,223,366
Ogfod2,103,496,353,399,424,193,186,208,91,186
Ogfod3,11,63,69,39,56,14,18,18,11,22
Ogfr,61,250,208,194,209,91,116,81,50,67
Ogfrl1,364,979,801,883,985,408,390,377,235,257
Ogg1,100,216,169,163,192,81,109,89,31,81
Ogn,10,28,27,42,22,8,20,17,8,8
Ogt,2676,4570,4570,5140,5202,3693,2749,3461,1419,2154
Oip5,15,18,8,10,8,4,12,8,1,4
Ola1,350,938,812,955,905,497,427,372,254,353
Olah,24,12,32,23,20,18,16,20,8,14
Olfm1,343,2175,2198,2365,2090,635,612,422,355,370
Olfm2,83,253,260,186,277,188,89,153,40,90
Olfm3,157,469,377,432,661,405,195,319,103,281
Olfml1,69,154,153,138,142,21,99,66,40,87
Olfml2a,20,12,16,11,10,12,10,10,5,6
Olfml2b,62,328,242,329,291,119,113,57,68,128
Olfml3,4,47,46,32,34,12,12,6,8,18
Olfr110,0,0,0,0,2,7,0,0,7,3
Olfr1347,0,0,0,0,0,0,0,0,0,0
Olfr1348,11,7,8,5,7,6,11,3,7,5
Olfr1351,0,0,0,0,0,0,3,5,2,1
Olfr1426,0,4,14,6,6,0,2,1,1,4
Olfr1507,6,0,0,0,4,0,0,0,0,0
Olfr287,3,9,14,16,11,5,4,12,1,3
Olfr288,9,13,14,14,15,4,4,9,6,4
Olfr53,0,0,0,0,0,0,0,0,2,5
Olfr56,9,26,24,28,23,13,8,6,13,11
Olfr70,0,9,0,0,6,0,0,0,0,0
Olig1,40,275,328,242,314,40,74,43,25,63
Olig2,12,60,72,63,74,7,27,13,7,17
Oma1,60,132,102,99,181,61,64,67,28,66
Omd,1,8,7,14,14,6,10,4,7,1
Omg,60,457,505,433,422,68,83,74,33,52
Onecut2,85,218,218,264,244,158,116,74,84,93
Opa1,209,583,439,503,583,280,265,277,155,260
Opa3,103,236,215,237,251,147,143,103,53,114
Opalin,46,310,309,194,237,27,61,44,42,46
Opcml,14538,40357,32826,44267,42080,28337,20207,19167,13945,19583
Ophn1,366,965,757,894,1050,588,444,394,288,402
Oplah,46,150,116,110,144,56,79,36,24,56
Opn1mw,0,0,0,5,5,0,0,0,0,0
Opn3,0,14,6,10,3,7,3,1,4,2
Opn5,0,0,0,0,0,0,0,0,0,0
Oprd1,119,124,169,142,169,140,89,150,43,62
Oprk1,6,11,21,23,16,9,6,0,0,0
Oprl1,9,114,113,117,112,19,12,12,7,5
Oprm1,491,909,715,813,694,363,566,798,234,423
Optc,0,14,5,3,3,0,0,0,0,0
Optn,49,173,141,113,170,77,52,58,31,50
Orai1,46,201,129,145,151,51,59,38,34,55
Orai2,510,890,626,830,755,276,471,343,301,343
Orai3,14,80,95,91,113,21,40,17,11,26
Oraov1,141,381,279,338,352,228,210,161,84,137
Orc1,63,160,111,111,134,44,60,65,64,56
Orc2,405,751,665,643,701,411,430,425,222,318
Orc3,257,450,431,448,419,241,317,288,202,202
Orc4,154,525,419,538,573,271,205,214,136,206
Orc5,232,1177,1383,1370,1534,316,375,324,148,217
Orc6,257,746,483,603,580,568,482,597,292,366
Ormdl1,0,0,0,0,0,0,0,0,0,0
Ormdl2,233,1216,1345,1473,1395,618,516,457,293,301
Ormdl3,114,504,462,426,455,170,184,221,129,135
Os9,327,1288,1062,1073,1180,327,489,422,186,369
Osbp,78,215,176,203,264,131,101,115,74,98
Osbp2,705,1342,1132,1289,1320,831,804,650,454,594
Osbpl10,166,331,340,334,431,349,201,283,84,167
Osbpl11,161,429,354,377,409,231,201,134,117,197
Osbpl1a,402,887,872,760,971,454,356,555,215,378
Osbpl2,234,349,316,308,352,246,279,258,173,232
Osbpl3,109,313,302,316,314,226,109,174,61,118
Osbpl5,14,52,60,50,67,30,22,25,8,22
Osbpl6,1166,3778,3036,3729,3120,2576,2074,1872,982,1880
Osbpl7,118,325,259,265,262,92,139,137,63,116
Osbpl8,605,1489,1220,1373,1379,805,877,805,488,654
Osbpl9,710,1624,1335,1488,1714,956,850,848,406,701
Oscar,33,59,52,48,50,44,28,46,21,26
Oscp1,230,504,467,410,473,274,267,254,138,183
Oser1,12,31,17,22,22,9,14,17,6,12
Osgep,115,348,293,326,331,194,207,204,96,196
Osgepl1,35,77,58,73,91,37,34,32,19,35
Osgin2,27,80,82,85,81,20,34,35,15,22
Osmr,8,162,23,40,121,40,31,18,36,114
Osr1,7,13,16,26,10,9,19,6,12,4
Ost4,46,263,225,250,288,33,41,51,12,31
Ostc,137,515,528,506,501,181,205,155,100,139
Ostf1,82,220,158,185,248,105,105,59,83,125
Ostm1,222,440,362,400,416,136,176,175,76,138
Otc,46,54,97,98,36,4,35,39,8,13
Otoa,5,6,6,8,8,7,7,6,0,4
Otof,14,52,48,58,43,34,29,21,9,19
Otogl,11,25,18,26,23,7,11,8,10,9
Otop2,0,9,4,5,7,0,0,0,0,0
Otos,1,13,12,19,19,1,3,1,3,2
Otub1,189,620,489,565,656,132,197,169,107,168
Otub2,128,542,446,611,483,284,416,231,215,292
Otud1,19,63,65,59,98,20,24,24,9,24
Otud3,49,97,79,106,84,98,54,58,31,46
Otud4,208,468,331,441,453,258,249,254,118,223
Otud5,136,419,296,351,456,154,152,146,96,171
Otud6b,88,241,217,216,229,84,96,110,56,85
Otud7a,1308,3028,2752,3313,3262,2555,1650,1473,1016,1520
Otud7b,233,477,394,434,525,288,205,229,152,218
Otulin,31,50,25,35,53,88,50,39,39,36
Otx1,21,28,23,19,17,6,21,7,5,12
Otx2,0,6,5,5,3,0,0,0,0,0
Otx2os1,15,15,26,16,25,9,13,7,5,11
Ovca2,5,42,39,39,37,15,25,13,5,20
Ovgp1,20,89,64,78,65,24,32,22,22,21
Ovol2,20,32,51,40,70,65,16,56,3,12
Oxa1l,321,782,800,820,694,565,518,505,370,430
Oxct1,1020,2255,2066,2309,2326,1588,1320,1616,798,1141
Oxld1,167,367,350,336,380,301,276,362,167,224
Oxnad1,56,120,100,134,112,28,62,54,31,50
Oxr1,2154,5353,4306,5079,6120,4246,2530,2707,1564,2338
Oxsm,17,41,29,35,54,17,13,10,9,8
Oxsr1,0,0,0,0,0,0,0,0,0,0
Oxtr,0,13,6,6,21,0,0,0,0,0
P2rx1,0,5,6,2,4,0,0,0,0,0
P2rx3,3,8,12,9,8,5,6,4,4,3
P2rx4,128,349,254,250,321,118,147,160,85,151
P2rx5,16,44,26,31,33,17,11,8,6,11
P2rx6,33,120,90,88,104,30,30,31,16,41
P2rx7,80,155,104,158,133,59,59,60,48,47
P2ry1,5,19,15,8,15,4,6,3,7,14
P2ry12,306,1083,718,687,1018,173,486,357,273,440
P2ry13,7,25,5,14,18,5,3,3,3,3
P2ry14,1056,4699,4315,4611,5117,2927,2368,2099,1131,1144
P2ry6,16,39,20,27,25,37,17,11,27,24
P3h1,52,206,158,212,178,95,101,86,44,71
P3h2,139,263,222,251,291,192,121,138,89,127
P3h3,165,710,575,781,700,124,306,250,108,253
P3h4,52,222,194,182,184,62,77,75,34,60
P4ha1,691,1674,1562,1563,1347,767,1209,767,487,637
P4ha2,51,184,148,170,232,104,102,72,32,89
P4ha3,16,65,38,74,72,29,30,19,13,41
P4hb,43,178,162,189,159,40,40,31,31,51
P4htm,471,1378,1129,1167,1282,544,504,527,273,462
PISD,449,1330,523,879,1823,720,383,659,213,695
Pa2g4,85,343,269,308,317,137,159,135,74,134
Pabpc1,281,526,416,455,537,308,299,211,198,286
Pabpc1l,2,17,12,10,7,7,4,9,6,7
Pabpc4,292,1376,1417,1573,1627,778,514,532,361,433
Pabpc4l,4,9,7,2,8,2,8,2,1,6
Pabpc5,5,3,10,5,1,4,4,5,0,0
Pabpn1,22,11,5,10,5,67,23,22,25,27
Pacrg,372,1189,1347,1281,1490,593,501,428,306,474
Pacrgl,75,197,187,182,213,100,93,85,44,74
Pacs1,759,1479,1216,1414,1424,1035,980,901,595,843
Pacs2,79,258,253,231,269,128,79,76,59,86
Pacsin1,1276,2136,2002,2105,2071,1929,1791,1441,973,1163
Pacsin2,90,259,213,230,272,151,121,111,99,105
Pacsin3,37,129,126,87,131,45,42,62,18,40
Padi2,173,411,326,252,379,89,201,137,85,166
Padi4,0,0,0,0,0,4,2,1,3,3
Paf1,69,282,241,279,239,76,93,83,46,78
Pafah1b1,1239,2352,2110,2247,2582,1358,1406,1296,796,1334
Pafah1b2,332,723,635,663,777,269,414,434,160,329
Pafah1b3,7,79,90,64,106,27,18,28,11,28
Pafah2,79,136,91,180,142,62,75,153,32,50
Pag1,178,421,326,408,426,335,215,177,171,263
Pagr1a,0,0,0,0,0,0,0,0,0,0
Pagr1b,29,13,13,22,13,45,30,21,18,22
Paics,63,208,164,165,173,61,68,72,34,72
Paip1,254,535,323,402,515,198,298,235,131,219
Paip2,364,1165,1135,1276,1367,395,488,481,247,372
Paip2b,63,167,153,194,214,80,101,75,39,61
Pak1,247,725,659,626,732,337,265,291,138,262
Pak1ip1,69,368,325,329,319,115,126,103,69,105
Pak2,265,605,507,555,556,324,358,335,252,278
Pak3,861,2462,2155,2472,2751,1642,1121,1037,668,1006
Pak4,0,0,0,0,0,0,0,0,0,0
Pak6,265,574,488,466,427,292,286,292,153,206
Pak7,705,1630,1387,1613,1863,1324,911,1056,631,869
Pakap,45,100,90,117,119,60,48,55,52,33
Palb2,32,59,45,57,82,24,22,33,14,17
Pald1,25,78,73,76,82,30,32,25,21,32
Palld,77,199,173,168,154,61,101,60,26,68
Palm,439,987,803,893,872,489,446,457,248,345
Palm2,409,882,833,926,1072,683,509,439,342,457
Palm3,12,46,14,29,27,20,16,14,12,11
Palmd,166,234,300,325,309,196,190,175,125,224
Pam,1285,3160,2930,3249,3509,2242,1237,1907,749,1214
Pam16,30,214,218,212,247,53,41,61,17,37
Pamr1,68,155,218,152,142,44,85,81,31,45
Pan2,127,262,225,277,260,81,114,106,57,87
Pan3,972,2014,1535,1932,1996,1309,1017,931,644,1046
Panct2,5,33,25,24,44,11,7,11,9,5
Pank1,141,341,284,309,323,176,177,171,100,131
Pank2,302,712,587,635,658,283,311,309,141,291
Pank3,113,329,275,248,328,280,195,209,125,146
Pank4,103,206,153,182,193,71,93,78,34,59
Pantr1,422,1166,1034,1087,1215,352,452,470,172,360
Panx1,30,116,93,99,107,33,34,45,19,28
Panx2,45,171,129,150,182,82,59,74,29,63
Paox,4,25,16,13,22,7,3,6,7,9
Papd4,144,333,257,358,390,297,206,172,125,217
Papd5,401,630,606,644,603,359,373,323,223,296
Papd7,53,195,180,192,186,122,75,74,46,65
Papl,5,37,21,21,33,18,15,6,13,9
Papln,0,0,0,0,12,0,0,6,0,0
Papola,452,1090,893,1075,1180,753,516,550,329,571
Papolg,69,196,156,171,190,95,87,92,48,74
Pappa,14,53,42,38,62,27,19,28,22,21
Pappa2,122,263,276,319,265,240,317,206,108,197
Papss1,86,324,315,315,364,124,99,101,62,106
Papss2,40,90,83,77,89,30,65,46,16,45
Paqr3,185,435,273,358,352,147,195,194,94,163
Paqr4,20,122,109,95,120,25,27,29,27,44
Paqr5,53,82,71,78,118,141,118,79,88,197
Paqr6,42,210,194,149,172,27,61,48,25,40
Paqr7,106,372,338,316,349,111,147,130,60,120
Paqr8,259,718,601,671,450,142,263,169,115,225
Paqr9,33,152,149,164,165,51,32,36,27,33
Pard3,484,941,806,1016,975,522,494,430,288,524
Pard3b,337,1024,929,911,1224,370,390,323,289,442
Pard3bos1,7,12,9,9,18,4,4,3,5,4
Pard3bos3,5,0,0,0,0,2,0,0,0,0
Pard6a,110,394,396,361,384,138,187,215,78,125
Pard6b,19,35,30,42,34,18,15,31,8,8
Pard6g,61,106,113,124,115,67,79,71,43,62
Parg,180,434,360,462,528,276,230,228,156,211
Park2,1627,3517,3132,3395,3863,2554,1782,1874,1250,1655
Park7,245,1246,1183,1173,1365,287,408,360,224,328
Parl,120,261,217,244,247,115,121,103,84,100
Parm1,225,664,623,710,624,441,358,249,147,281
Parn,225,571,446,541,546,230,255,283,164,190
Parp1,115,353,268,301,327,168,150,133,91,139
Parp10,7,31,20,23,31,10,17,12,11,22
Parp11,75,228,173,176,197,69,88,99,62,81
Parp12,46,117,77,103,113,37,45,57,28,59
Parp14,15,38,16,19,27,20,14,18,20,23
Parp16,70,167,109,143,144,82,62,83,38,51
Parp2,224,625,325,499,609,231,272,331,144,267
Parp3,9,63,37,34,70,17,20,23,17,35
Parp4,31,68,55,59,60,30,29,22,23,25
Parp6,184,633,534,634,684,254,238,238,159,238
Parp8,249,651,492,562,677,367,290,182,186,270
Parp9,31,95,69,75,94,41,48,54,32,50
Parpbp,4,4,9,5,6,3,4,8,2,1
Pars2,9,29,30,44,34,12,10,15,8,4
Parva,59,145,105,157,124,79,73,48,30,64
Parvaos,6,6,8,11,14,3,17,3,5,6
Parvb,125,250,161,196,232,105,145,124,91,180
Parvg,4,31,25,28,22,7,9,15,2,4
Pask,22,57,44,51,65,49,35,51,20,56
Pate2,52,76,62,75,75,60,86,72,39,60
Patl1,89,267,195,218,228,101,117,104,74,123
Patl2,5,43,22,20,44,14,11,9,7,10
Patz1,98,246,216,208,201,90,105,103,55,78
Pawr,69,183,203,250,224,111,105,99,48,86
Pax1,3,0,0,0,0,7,2,4,1,4
Pax2,6,10,7,7,2,9,9,4,4,3
Pax5,1,18,20,31,13,13,3,8,6,7
Pax6,86,317,417,303,330,79,132,107,48,68
Pax6os1,21,36,23,49,32,8,11,16,6,12
Paxbp1,144,448,309,456,490,374,282,243,179,225
Paxip1,54,225,142,191,220,41,90,47,29,71
Pbdc1,104,235,213,232,238,161,120,102,80,104
Pbk,8,111,62,85,55,8,44,8,13,5
Pbld2,63,148,125,123,134,53,62,89,38,62
Pbrm1,563,1255,823,898,1210,418,498,512,290,550
Pbx1,2125,6224,4576,4694,6856,2576,1832,2764,1530,1853
Pbx2,32,136,126,145,137,79,53,56,28,59
Pbx3,276,413,417,410,483,377,271,269,95,286
Pbx4,215,494,375,433,430,387,309,322,141,254
Pbxip1,153,633,523,418,531,138,265,145,103,214
Pcbd1,6,50,29,33,45,6,14,4,9,6
Pcbd2,181,435,387,447,473,223,201,170,110,161
Pcbp1,101,510,469,453,532,140,195,133,88,163
Pcbp2,464,1638,1224,1456,1712,555,658,579,307,547
Pcbp3,221,522,457,484,529,342,280,231,174,241
Pcbp4,199,1227,1025,1015,1289,437,460,403,220,385
Pcca,550,1157,899,1111,1155,651,524,570,373,548
Pccb,141,382,355,379,420,130,143,178,90,138
Pcdh1,59,340,281,306,290,58,55,52,40,55
Pcdh10,191,576,442,472,614,274,178,252,114,196
Pcdh11x,328,835,905,807,922,465,374,590,151,396
Pcdh15,1243,3126,2843,3134,3651,2440,1468,1762,446,1534
Pcdh17,419,1283,1278,1737,1698,769,510,523,443,521
Pcdh18,3,7,8,4,9,0,0,0,0,0
Pcdh19,378,959,719,970,885,502,482,362,394,438
Pcdh20,40,198,152,213,155,20,64,29,30,19
Pcdh7,1814,4174,3317,3694,4691,2885,2169,2310,1119,2252
Pcdh8,27,354,284,379,234,16,44,26,10,23
Pcdh9,10283,25528,22146,23593,31070,20876,12873,15971,8455,13958
Pcdha11.1,0,0,0,0,0,0,0,0,0,0
Pcdhb13,0,0,0,0,0,0,0,0,0,0
Pcdhb14,0,0,0,0,0,0,0,0,0,0
Pcdhb16,0,0,0,0,0,0,0,0,0,0
Pcdhb17,0,0,0,0,0,0,0,0,0,0
Pcdhb19,0,0,0,0,0,0,0,0,0,0
Pcdhb20,0,0,0,0,0,0,0,0,0,0
Pcdhb21,0,0,0,0,0,0,0,0,0,0
Pcdhb22,0,0,0,0,0,0,0,0,0,0
Pcdhb4,0,0,0,0,0,0,0,0,0,0
Pcdhb5,0,0,0,0,0,0,0,0,0,0
Pcdhb7,0,0,0,0,0,0,0,0,0,0
Pcdhb9,0,0,0,0,0,0,0,0,0,0
Pcdhga12,0,0,0,0,0,0,0,0,0,0
Pcdhga8.1,0,0,0,0,0,0,0,0,0,0
Pcdhgb4,0,0,0,0,0,0,0,0,0,0
Pcdhgc5,0,0,0,0,0,0,0,0,0,0
Pced1a,80,253,200,193,243,130,123,108,53,83
Pced1b,393,621,524,518,657,607,399,411,308,313
Pcf11,252,596,496,535,626,257,289,337,180,284
Pcgf1,70,304,212,225,282,112,112,157,86,107
Pcgf2,121,300,255,242,317,69,131,134,42,108
Pcgf3,123,441,491,506,562,238,147,175,93,140
Pcgf5,113,257,265,244,286,150,131,127,45,116
Pcgf6,160,386,317,379,397,208,181,155,93,143
Pcid2,120,236,179,214,231,73,116,75,51,82
Pcif1,144,447,369,424,458,187,156,215,90,153
Pck2,136,369,373,391,366,185,152,181,76,136
Pclo,1120,2517,2033,2541,3047,1893,1382,1362,949,1434
Pcm1,734,1619,1396,1490,1634,982,1020,946,595,971
Pcmt1,562,1372,1311,1366,1461,695,615,566,385,486
Pcmtd1,948,2127,1754,2053,2171,1301,1127,1243,630,819
Pcmtd2,90,319,277,373,358,142,133,101,69,119
Pcna,23,87,86,81,87,25,40,43,13,31
Pcna-ps2,3,44,49,40,41,2,5,12,2,3
Pcnp,271,670,547,613,718,215,285,242,143,206
Pcnt,67,128,116,102,165,122,58,115,41,61
Pcnx,277,769,649,769,832,578,379,278,285,359
Pcnxl2,382,734,660,772,727,731,395,505,223,304
Pcnxl3,36,197,147,191,194,63,49,50,20,59
Pcnxl4,72,250,225,250,277,116,111,87,50,107
Pcolce,8,23,23,42,32,4,8,23,8,12
Pcolce2,76,172,163,162,136,87,64,74,50,79
Pcp4,193,1018,1278,1223,1369,347,332,341,175,217
Pcp4l1,67,183,181,140,169,116,128,112,97,140
Pcsk1,38,117,111,97,83,126,73,82,25,49
Pcsk1n,748,5518,5467,4821,5411,1039,1128,1155,562,921
Pcsk2,1386,4139,4698,5257,5116,2658,1655,2063,1166,1613
Pcsk2os1,110,271,237,286,322,130,161,150,89,121
Pcsk2os2,38,66,73,99,66,33,36,46,29,24
Pcsk4,31,76,55,70,85,39,31,41,14,32
Pcsk5,251,613,455,601,662,483,262,298,172,314
Pcsk6,45,88,67,70,77,29,45,25,24,27
Pcsk7,378,709,626,723,663,799,566,645,348,437
Pctp,4,16,8,8,12,3,5,5,3,2
Pcx,139,262,246,223,275,100,120,92,50,103
Pcyox1,148,384,307,352,340,147,134,146,63,95
Pcyox1l,36,298,235,267,259,64,53,60,26,38
Pcyt1a,115,238,237,218,201,145,130,143,73,111
Pcyt1b,152,314,248,312,332,177,199,144,108,168
Pcyt2,1841,6068,4329,4763,4977,3321,3199,3041,1632,2740
Pdap1,63,303,379,360,381,123,119,91,48,82
Pdcd10,226,719,642,627,760,350,332,301,178,284
Pdcd11,109,546,542,593,541,238,236,163,124,143
Pdcd1lg2,0,0,0,0,0,0,0,0,0,0
Pdcd2,66,155,117,138,161,67,70,86,26,58
Pdcd2l,251,514,455,435,440,284,308,312,105,222
Pdcd4,555,945,800,950,1135,604,611,515,391,441
Pdcd5,172,557,463,495,619,165,222,230,110,192
Pdcd6,136,598,548,548,591,192,209,245,115,193
Pdcd6ip,139,312,238,279,320,91,141,107,69,125
Pdcd7,89,249,246,266,257,157,129,138,73,125
Pdcl,19,94,84,78,111,22,38,31,12,32
Pdcl2,0,5,9,0,6,0,7,4,2,3
Pdcl3,39,198,180,215,220,63,68,55,41,52
Pddc1,60,226,211,231,241,59,85,101,29,73
Pde10a,1631,4028,4088,5022,3733,3588,2265,1887,960,1925
Pde11a,164,438,277,416,417,298,188,105,103,144
Pde12,17,66,64,68,59,23,27,29,13,12
Pde1a,1689,4371,3525,4437,4542,2924,2025,2108,895,1846
Pde1b,64,198,185,172,191,61,72,75,46,73
Pde1c,108,215,191,191,228,129,148,95,57,117
Pde2a,528,1681,1605,1681,1801,1206,813,955,418,708
Pde3a,45,89,80,89,97,59,56,30,23,45
Pde3b,150,323,232,350,377,225,202,161,106,194
Pde4a,731,1988,1473,2191,1901,1056,1081,837,477,857
Pde4b,1096,2956,2831,2507,2882,1866,1311,1108,819,1392
Pde4c,4,19,15,15,24,7,6,5,4,2
Pde4d,3330,9116,9311,10613,11169,6701,4145,4444,3108,3817
Pde4dip,1727,3534,2953,3207,3410,1907,1753,1682,1051,1451
Pde5a,55,101,64,92,102,77,78,75,43,52
Pde6a,77,235,216,229,233,136,118,120,64,65
Pde6b,1,0,0,0,0,0,0,0,0,0
Pde6c,1,5,3,5,7,6,0,0,0,0
Pde6d,142,427,400,338,409,187,212,148,100,140
Pde6h,1,29,16,15,9,16,4,0,7,6
Pde7a,205,503,398,456,566,419,336,249,178,252
Pde7b,494,1046,934,1131,1145,598,625,513,398,614
Pde8a,62,107,81,93,132,73,79,59,43,91
Pde8b,827,1776,1425,1458,1832,770,817,869,481,702
Pde9a,95,266,191,232,197,98,131,90,42,88
Pdf,1,3,5,1,5,0,0,0,0,0
Pdgfa,114,321,338,358,311,154,163,131,63,117
Pdgfb,29,110,105,101,127,78,48,46,25,46
Pdgfc,138,401,333,363,415,276,224,260,134,198
Pdgfd,123,261,192,290,323,127,210,115,134,245
Pdgfra,43,122,139,134,101,29,35,25,17,17
Pdgfrb,128,226,245,209,228,112,143,138,83,105
Pdgfrl,35,122,113,96,94,43,46,35,22,30
Pdha1,50,293,316,311,339,64,114,49,28,50
Pdhb,614,1504,1184,1327,1315,690,713,718,375,511
Pdhx,230,711,603,600,672,244,270,246,119,198
Pdia3,197,1007,789,927,954,319,366,193,127,277
Pdia4,70,536,435,454,544,121,202,86,69,137
Pdia5,65,148,129,144,139,89,75,61,50,68
Pdia6,88,1093,852,1082,1157,249,237,159,120,239
Pdik1l,68,130,100,133,130,49,72,65,38,47
Pdk1,260,675,673,747,721,504,424,482,209,263
Pdk2,138,381,375,378,374,186,259,220,110,160
Pdk3,128,310,305,327,370,193,172,148,83,129
Pdk4,9,31,19,27,29,4,8,4,2,8
Pdlim1,11,47,80,73,53,21,30,16,4,27
Pdlim2,19,140,85,64,139,28,24,33,13,37
Pdlim3,1,0,0,0,0,0,0,0,0,0
Pdlim4,46,265,152,125,274,40,60,42,37,89
Pdlim5,146,451,356,384,378,133,190,124,124,222
Pdlim7,882,3932,2885,2799,3630,1796,1671,2089,970,1513
Pdp1,45,110,118,88,159,55,63,65,36,46
Pdp2,18,34,20,22,26,14,17,16,10,16
Pdpk1,387,647,628,722,708,488,469,393,264,345
Pdpn,38,239,118,103,177,39,44,38,25,65
Pdpr,209,347,311,376,433,218,170,181,100,169
Pdrg1,115,475,432,423,507,235,253,237,131,220
Pds5a,577,1265,1002,1077,1259,709,827,669,402,586
Pds5b,437,837,677,891,932,593,531,431,306,473
Pdss1,232,456,399,465,490,302,236,244,128,189
Pdss2,402,935,853,877,1049,623,452,472,299,422
Pdxdc1,431,1004,724,779,904,439,464,479,237,374
Pdxk,61,214,219,237,254,123,80,89,60,85
Pdyn,2,34,21,26,21,4,9,10,3,10
Pdzd11,127,388,373,407,437,139,174,208,108,145
Pdzd2,837,1133,900,1057,1336,640,819,790,530,757
Pdzd3,6,27,21,28,27,6,11,20,7,8
Pdzd4,642,1260,1053,1289,1406,1221,923,796,583,672
Pdzd7,12,44,19,19,45,15,9,18,6,9
Pdzd8,128,218,177,252,229,140,98,112,80,112
Pdzd9,0,6,3,9,8,0,0,0,0,0
Pdzk1,7,16,10,11,16,6,15,16,7,4
Pdzph1,8,33,44,38,50,5,9,8,5,4
Pdzrn3,215,640,726,577,950,554,257,694,72,368
Pdzrn4,404,1293,868,992,1510,1026,666,613,322,588
Pea15a,559,1790,1598,1535,1822,862,798,772,462,625
Peak1,495,1257,1133,1318,1255,732,500,387,322,423
Pear1,11,32,31,31,26,14,23,18,9,17
Pebp1,442,2485,2768,2559,2795,565,764,567,382,512
Pebp4,22,68,71,69,66,42,43,31,20,15
Pecam1,53,142,106,101,118,90,97,73,49,143
Pecr,130,244,213,235,278,104,77,143,77,84
Pef1,60,208,213,216,225,57,59,82,37,61
Peg10,1,14,11,20,11,1,7,5,0,0
Peg3,157,493,570,659,680,228,176,211,101,133
Peli1,341,571,467,493,634,308,311,306,223,288
Peli2,132,235,153,176,242,80,74,87,63,88
Peli3,35,73,68,92,86,57,42,61,12,40
Pelo,0,0,0,0,0,0,0,0,0,0
Pelp1,48,94,88,100,104,46,39,34,19,32
Pemt,19,42,38,41,41,16,22,19,7,13
Penk,12,185,167,159,125,16,23,18,10,14
Peo1,26,73,85,83,90,50,42,27,15,24
Pepd,80,262,240,282,283,131,100,115,54,120
Per1,72,300,288,246,253,117,118,130,67,123
Per2,108,303,265,332,234,186,134,110,59,136
Per3,0,0,0,0,0,0,0,0,0,0
Perp,9,22,18,30,24,13,13,24,13,10
Pes1,11,77,61,71,73,32,19,23,9,13
Pet100,457,2039,1963,1978,2324,1372,824,784,477,433
Pex1,126,308,243,334,332,150,135,152,67,146
Pex10,48,137,131,122,131,55,70,69,57,42
Pex11a,19,56,76,53,88,17,22,26,17,24
Pex11b,0,0,0,0,0,0,0,0,0,0
Pex11g,11,30,19,18,30,10,20,14,10,18
Pex12,19,89,73,67,90,11,21,23,10,9
Pex13,297,848,936,924,855,361,533,485,242,390
Pex14,248,790,725,725,711,301,326,314,163,245
Pex16,161,483,329,367,444,254,243,224,133,181
Pex19,378,948,684,590,798,373,352,480,214,246
Pex2,72,325,284,294,359,44,87,74,38,92
Pex26,29,68,71,63,77,32,40,36,15,33
Pex3,136,406,396,471,436,216,155,185,116,122
Pex5,59,203,164,224,222,56,42,53,30,65
Pex5l,2557,5683,4564,5923,5525,4122,2461,2951,1382,2406
Pex6,0,0,0,0,0,0,0,0,0,0
Pex7,61,167,188,135,180,95,76,106,52,52
Pf4,0,0,0,12,4,0,0,0,0,0
Pfas,149,352,211,324,333,109,148,151,83,145
Pfdn1,350,800,836,833,953,441,359,384,224,277
Pfdn2,209,922,1061,941,1089,251,290,268,124,235
Pfdn4,59,360,338,334,388,118,97,105,54,90
Pfdn5,311,1123,1109,1061,1266,296,358,316,169,302
Pfdn6,222,815,665,732,820,284,391,358,235,302
Pfkfb1,5,16,17,14,14,10,11,10,5,5
Pfkfb2,80,220,163,176,195,68,113,98,55,76
Pfkfb3,42,138,95,107,133,52,44,45,40,36
Pfkfb4,84,239,243,250,224,230,110,151,65,109
Pfkl,352,1474,1178,1328,1367,328,460,464,292,362
Pfkm,331,1381,1027,1135,1303,441,533,448,239,463
Pfkp,208,1114,1016,986,1254,587,385,416,187,352
Pfn1,402,2277,2050,1979,2423,563,699,587,435,616
Pfn2,316,1625,1909,1847,1889,343,499,450,166,339
Pfn4,6,12,9,9,16,2,2,1,1,6
Pga5,6,0,0,0,0,0,0,0,0,0
Pgam1,223,1483,1606,1576,1592,263,319,218,164,229
Pgam2,7,31,33,39,28,5,10,5,5,2
Pgam5,348,784,721,748,697,563,556,618,320,406
Pgap1,129,259,242,240,290,312,158,222,104,145
Pgap2,77,198,187,176,166,123,108,119,57,69
Pgap3,17,36,34,34,44,15,18,21,7,13
Pgbd1,11,17,22,20,34,11,16,13,4,9
Pgbd5,243,607,623,715,681,455,313,255,204,294
Pgd,29,145,104,120,138,39,46,51,29,55
Pgf,12,80,66,65,81,12,28,22,10,16
Pggt1b,107,147,118,123,140,124,93,82,55,63
Pgk1,13,255,265,255,284,34,31,24,11,13
Pgk1-rs7,0,221,282,224,263,0,3,4,4,3
Pgls,130,371,326,355,388,148,192,154,90,156
Pglyrp1,185,429,266,331,512,408,357,214,273,554
Pglyrp3,7,22,10,14,23,3,10,2,1,5
Pgm1,35,119,94,101,122,59,51,50,27,50
Pgm2,64,272,205,191,256,78,63,72,31,47
Pgm2l1,293,640,652,687,716,363,313,339,195,261
Pgm3,51,140,122,129,144,54,62,67,24,38
Pgm5,26,81,70,89,60,34,51,30,22,40
Pgp,212,829,814,820,840,363,410,431,210,301
Pgpep1,103,216,125,127,134,73,93,92,49,80
Pgpep1l,39,53,51,41,50,19,30,23,18,24
Pgr,65,166,155,147,212,132,63,119,51,106
Pgrmc1,206,1735,1784,1766,1523,252,284,230,150,177
Pgrmc2,43,220,187,197,195,67,50,56,43,60
Pgs1,60,267,235,251,344,61,62,75,54,71
Phactr1,5208,9520,9076,10683,10243,9534,5150,6693,2963,4975
Phactr2,96,277,206,251,320,147,112,117,69,94
Phactr3,603,1157,1051,1217,1253,805,671,648,362,473
Phactr4,141,244,172,167,224,133,155,111,69,173
Phax,181,520,513,535,636,187,208,202,97,176
Phb,72,299,293,303,283,107,127,96,57,95
Phb2,283,954,868,909,907,429,495,465,256,361
Phc1,56,170,152,167,204,94,98,81,43,72
Phc2,601,1267,1075,1219,1315,771,584,646,361,505
Phc3,419,855,654,819,795,450,470,425,246,381
Phex,13,42,25,22,30,27,26,25,12,18
Phf1,230,1269,961,948,1190,524,567,543,243,556
Phf10,37,135,111,127,137,56,36,35,34,50
Phf11c,3,11,0,4,12,6,1,6,4,2
Phf11d,1,12,3,4,4,6,4,3,8,8
Phf12,357,764,565,650,747,272,293,288,142,281
Phf13,5,40,41,22,30,12,16,14,5,10
Phf14,499,1234,1070,1270,1522,858,590,587,438,606
Phf19,5,8,6,8,7,4,2,5,3,5
Phf2,25,107,81,93,128,50,41,46,23,42
Phf20,676,1471,1066,1292,1352,617,708,530,274,566
Phf20l1,1007,3106,2561,2946,3033,1603,1556,1467,1065,1332
Phf21a,1044,2166,1930,2332,2227,1504,1232,1004,676,1154
Phf21b,23,65,52,55,75,28,18,29,20,20
Phf23,22,146,113,131,146,59,52,29,22,37
Phf24,191,374,475,489,521,296,209,259,119,147
Phf2os1,18,71,38,50,76,22,14,21,16,14
Phf3,532,903,858,971,909,664,612,561,330,508
Phf5a,41,191,177,208,206,69,61,45,37,64
Phf6,314,806,757,839,868,693,517,488,273,289
Phf7,79,131,109,128,139,103,93,108,68,49
Phf8,138,332,274,318,349,212,142,155,91,178
Phgdh,102,460,518,423,507,79,211,151,61,157
Phip,457,1136,930,1085,1269,700,526,487,385,541
Phka1,352,684,478,628,781,251,305,196,130,273
Phka2,233,584,481,558,612,294,230,328,204,218
Phkb,218,706,492,577,711,353,252,219,188,302
Phkg1,647,1355,1009,928,1196,207,727,418,228,633
Phkg2,377,1093,908,1034,1014,664,691,626,261,448
Phlda1,82,245,249,235,277,123,153,145,51,88
Phlda3,15,101,127,100,124,31,41,33,16,19
Phldb1,83,241,239,193,261,68,100,80,59,80
Phldb2,55,126,100,118,138,60,66,74,38,91
Phldb3,0,0,0,0,0,0,6,4,2,1
Phlpp1,771,1970,1469,1655,1838,934,923,652,546,828
Phlpp2,161,400,299,366,370,288,209,185,110,185
Phospho2,61,118,124,145,147,36,41,48,13,25
Phpt1,0,153,135,125,205,0,0,0,0,0
Phrf1,337,612,445,528,556,340,377,323,184,345
Phtf1,254,499,425,499,530,281,239,235,164,218
Phtf1os,21,47,30,34,51,16,17,22,6,13
Phtf2,236,481,328,433,468,272,209,235,131,197
Phxr4,89,334,287,252,289,123,167,117,90,164
Phyh,133,388,379,343,443,109,155,166,66,98
Phyhip,126,448,489,485,450,118,134,122,55,85
Phyhipl,521,1454,1310,1240,1434,344,727,738,362,525
Phykpl,80,183,146,135,179,89,94,112,77,71
Pi15,1,8,9,13,9,3,11,2,1,3
Pi16,6,11,14,17,12,4,2,5,4,4
Pi4k2a,192,514,326,363,409,198,302,234,132,219
Pi4k2b,30,64,39,49,57,17,34,37,16,30
Pi4ka,1340,3114,2528,2865,3000,1796,1630,1562,852,1343
Pi4kb,317,701,618,674,782,433,348,340,194,243
Pianp,284,975,844,935,963,405,535,542,182,389
Pias1,1020,2254,1832,2178,2080,1226,1324,1124,776,1068
Pias2,376,822,668,865,891,597,460,389,268,426
Pias3,63,261,205,190,226,80,96,113,42,85
Pias4,238,684,554,613,606,322,315,311,155,240
Pibf1,485,857,692,834,867,578,563,429,280,462
Picalm,249,594,455,552,675,363,324,320,245,345
Pick1,158,632,500,531,589,288,292,269,136,243
Pid1,1159,2489,2209,2475,2500,1606,1415,1387,575,1135
Pidd1,0,10,2,4,11,0,0,0,0,0
Piezo1,19,40,24,27,42,44,39,36,24,33
Piezo2,16,41,31,42,33,20,11,11,6,10
Pif1,7,10,9,11,5,10,7,4,0,0
Pifo,93,253,175,157,189,95,184,119,61,114
Piga,38,81,76,84,101,13,38,32,8,18
Pigb,187,474,363,428,417,200,212,229,126,165
Pigc,0,0,0,0,0,0,0,0,0,0
Pigf,31,149,142,170,162,46,56,47,31,42
Pigg,74,124,92,121,137,58,53,47,39,46
Pigh,15,140,83,82,121,34,33,45,18,23
Pigk,1925,5642,5188,5688,5335,2265,2920,2587,1713,2065
Pigl,166,292,255,243,307,149,157,196,107,130
Pigm,15,46,28,42,31,15,10,12,5,11
Pign,209,270,258,303,237,320,125,241,162,213
Pigo,40,211,112,197,178,40,42,42,27,58
Pigp,145,565,504,490,523,200,225,198,113,194
Pigq,93,380,306,354,399,140,120,121,92,129
Pigs,178,464,367,421,422,149,171,175,106,134
Pigt,143,793,599,610,652,186,216,195,112,145
Pigu,185,438,413,444,471,261,217,205,131,177
Pigv,16,67,57,55,73,27,41,23,11,19
Pigw,15,45,44,39,38,8,26,20,6,16
Pigx,154,401,351,349,398,127,158,154,82,147
Pigyl,79,391,392,320,377,71,86,77,57,73
Pigz,57,141,173,110,146,46,59,62,36,44
Pih1d1,33,110,73,63,80,38,24,32,23,30
Pih1d2,16,32,53,37,50,12,27,17,14,14
Pik3ap1,5,41,21,14,27,13,12,6,15,13
Pik3c2a,566,1320,1034,1116,1144,629,828,573,383,686
Pik3c2b,116,198,166,174,206,150,161,109,73,98
Pik3c2g,10,16,11,13,12,14,10,11,4,9
Pik3c3,41,117,94,118,129,66,57,52,33,53
Pik3ca,132,369,327,322,392,226,151,148,115,186
Pik3cb,205,287,279,279,316,249,172,160,127,144
Pik3cd,50,131,83,97,122,81,40,60,32,58
Pik3cg,2,4,0,2,9,3,1,3,5,3
Pik3ip1,277,880,720,726,756,253,354,368,179,339
Pik3r1,490,1221,939,1069,1249,476,582,552,276,511
Pik3r2,54,387,365,351,394,85,120,95,32,101
Pik3r3,329,457,460,469,605,375,404,448,242,373
Pik3r4,38,194,154,170,201,90,64,59,35,61
Pik3r5,3,20,8,2,9,9,9,6,5,12
Pik3r6,14,44,41,21,33,22,27,18,9,33
Pikfyve,110,310,265,304,364,181,156,142,109,143
Pilra,2,0,0,0,0,2,2,2,2,2
Pim1,23,38,31,27,43,19,21,23,13,17
Pim2,336,818,731,753,751,590,539,589,257,383
Pim3,94,277,236,296,311,84,117,138,78,149
Pin1,129,541,553,570,693,144,169,146,81,130
Pin4,25,162,179,184,200,40,31,43,17,24
Pink1,101,676,575,530,790,128,180,149,77,146
Pinx1,37,125,117,125,120,65,52,48,34,58
Pip4k2a,175,445,393,404,447,288,199,208,147,211
Pip4k2b,253,523,459,485,456,284,265,267,124,182
Pip4k2c,128,345,306,325,329,159,149,165,76,90
Pip5k1a,653,1460,1344,1526,1417,810,939,749,472,772
Pip5k1b,1780,3633,2972,3429,3311,2030,2128,1681,1367,1902
Pip5k1bos,0,0,0,10,6,3,2,5,1,3
Pip5k1c,159,396,387,456,411,205,175,203,95,136
Pip5kl1,19,99,93,88,133,47,27,71,8,23
Pipox,13,33,35,30,32,17,21,25,14,25
Pir,90,214,151,158,219,111,105,126,83,112
Pirb,4,6,6,2,2,4,1,7,2,3
Pirt,0,9,9,6,12,0,0,0,0,0
Pisd,114,775,588,728,660,221,320,226,126,212
Pithd1,184,342,311,345,381,140,172,191,78,140
Pitpna,653,1288,1039,1020,1470,1088,923,916,503,685
Pitpnb,171,380,389,417,383,289,270,270,156,215
Pitpnc1,1296,2299,2045,1899,2105,779,1270,854,520,1066
Pitpnm1,80,405,303,348,398,144,101,112,66,97
Pitpnm2,240,674,569,703,810,387,313,311,224,353
Pitpnm2os1,3,0,0,0,0,5,4,0,4,3
Pitpnm2os2,4,0,0,0,0,2,0,0,0,0
Pitpnm3,60,172,191,188,221,191,64,67,45,66
Pitrm1,120,269,210,240,245,163,145,130,69,107
Piwil2,6,9,12,19,23,12,11,6,4,7
Pja1,90,553,528,622,602,118,162,146,67,100
Pja2,531,1480,1348,1499,1758,731,692,715,438,573
Pkd1,387,815,649,821,874,516,470,475,262,427
Pkd1l1,11,10,18,9,9,10,9,8,4,10
Pkd1l2,21,22,20,18,27,23,28,18,9,16
Pkd1l3,63,112,83,124,113,56,73,57,33,35
Pkd2,187,422,413,463,493,237,171,237,105,177
Pkd2l1,2,8,9,7,4,3,2,4,2,6
Pkd2l2,19,31,24,25,33,17,25,17,6,7
Pkdcc,10,57,49,73,57,27,17,17,7,14
Pkhd1,29,69,34,60,60,47,44,23,20,27
Pkhd1l1,5,11,11,10,19,8,9,4,6,7
Pkia,400,883,840,877,934,646,380,545,349,476
Pkib,53,193,139,145,188,95,90,93,61,69
Pkig,541,936,948,880,930,654,587,597,394,466
Pkm,494,3185,3021,2933,3352,726,927,710,514,665
Pkmyt1,22,54,55,56,70,21,19,30,18,35
Pkn1,225,457,218,272,310,201,200,220,126,164
Pkn2,298,715,689,698,767,548,511,411,308,373
Pkn3,0,6,4,2,4,6,5,5,2,7
Pknox1,62,131,122,143,136,91,65,80,29,70
Pknox2,205,496,462,489,480,385,268,297,138,223
Pkp1,1,4,13,17,13,9,0,0,0,0
Pkp2,417,1104,882,1157,999,625,534,434,411,463
Pkp3,4,15,28,50,26,14,11,10,16,14
Pkp4,721,2061,1383,1735,2082,903,1097,801,600,1042
Pla1a,8,15,10,18,14,11,25,16,13,16
Pla2g10,18,32,28,41,36,17,16,23,10,10
Pla2g10os,4,5,6,7,0,2,9,4,4,4
Pla2g12a,48,222,226,230,252,57,67,51,42,67
Pla2g12b,5,0,0,0,14,5,3,5,1,9
Pla2g15,86,154,103,129,141,33,46,51,23,36
Pla2g16,51,172,190,150,195,48,80,59,44,77
Pla2g1b,0,0,0,0,0,0,1,0,2,3
Pla2g3,1386,3247,2268,2598,2559,1022,1300,1787,925,963
Pla2g4a,33,60,54,32,67,27,37,24,30,55
Pla2g4c,5,10,11,6,18,6,2,4,1,6
Pla2g4e,89,124,117,79,113,111,79,93,45,67
Pla2g5,1,6,4,3,5,1,0,0,0,0
Pla2g6,36,171,117,190,184,50,49,45,20,34
Pla2g7,333,1451,1409,1162,1328,183,501,280,231,316
Pla2r1,8,4,8,10,6,10,3,6,4,4
Plaa,608,1126,952,1074,1035,660,709,707,422,582
Plac1,0,7,6,5,10,3,2,5,3,3
Plac8,0,0,0,0,0,0,0,0,0,0
Plag1,73,145,141,147,153,105,71,100,41,56
Plagl1,19,46,37,56,53,32,25,18,16,17
Plagl2,31,64,61,50,66,29,20,24,11,34
Plat,213,687,597,617,565,166,270,148,99,185
Platr15,0,0,22,12,18,0,0,0,0,0
Platr2,1,12,12,7,9,3,5,5,4,5
Platr22,14,5,16,16,9,10,14,14,7,9
Platr25,19,27,17,20,28,10,20,23,10,19
Platr26,0,10,1,2,4,0,0,0,0,0
Platr28,4,0,0,0,0,3,0,0,0,0
Platr31,20,95,41,44,38,33,32,14,26,18
Platr6,0,0,0,0,0,0,2,6,3,6
Plaur,0,30,4,6,24,13,6,1,2,14
Plb1,12,23,14,17,12,8,10,9,5,19
Plbd1,10,0,0,0,0,6,13,5,3,4
Plbd2,104,421,308,303,395,80,124,137,85,125
Plcb1,4018,8628,7792,8852,9609,5567,4080,4285,2853,4084
Plcb2,9,18,10,23,24,20,9,12,5,11
Plcb3,29,57,72,50,59,19,32,23,26,34
Plcb4,197,418,345,332,462,242,220,237,121,240
Plcd1,34,141,113,86,122,30,47,47,22,52
Plcd3,94,176,192,160,180,146,118,210,55,106
Plcd4,100,308,208,226,274,80,153,62,70,149
Plce1,158,503,220,290,511,175,166,112,132,353
Plcg1,114,382,330,376,413,172,166,133,107,153
Plcg2,44,91,68,62,99,47,46,31,35,54
Plch1,42,82,89,87,77,58,43,48,21,50
Plch2,90,381,264,360,344,117,101,85,62,72
Plcl1,888,1902,1587,1727,2284,1186,1029,751,998,1126
Plcl2,287,796,708,817,883,697,353,399,248,383
Plcxd1,31,83,65,61,78,40,28,56,19,20
Plcxd2,15,36,37,46,58,41,27,53,5,19
Plcxd3,263,769,645,679,808,472,332,362,142,314
Plcz1,0,7,2,8,5,0,0,0,0,0
Pld1,46,111,65,86,100,41,49,37,33,41
Pld2,75,210,154,153,186,52,79,76,28,60
Pld3,239,1430,1232,1236,1235,287,307,286,145,205
Pld4,1,48,17,14,42,10,9,10,5,12
Pld5,79,108,82,118,101,80,79,68,47,58
Pld6,7,27,21,16,13,7,6,16,4,3
Plec,176,411,322,343,405,172,163,136,98,127
Plek,19,81,50,50,80,41,16,29,29,30
Plek2,43,244,252,328,322,88,73,49,35,55
Plekha1,673,959,771,895,971,692,644,704,359,609
Plekha2,259,407,305,335,344,157,180,194,153,183
Plekha3,49,166,126,126,154,97,48,57,34,51
Plekha4,15,37,32,38,46,23,7,21,14,17
Plekha5,1055,2387,1997,2401,2591,1587,1267,1389,749,1067
Plekha6,143,340,313,332,388,240,141,175,92,138
Plekha7,202,313,295,313,303,202,146,170,75,158
Plekha8,22,82,73,88,83,58,49,48,31,54
Plekhb1,88,809,676,595,972,133,177,157,90,168
Plekhb2,88,383,411,375,400,114,130,112,35,93
Plekhd1,7,32,16,17,25,9,8,7,9,11
Plekhf1,9,33,25,37,40,6,11,5,12,15
Plekhf2,19,71,67,56,71,19,38,27,8,39
Plekhg1,241,518,380,422,602,153,202,182,111,204
Plekhg2,17,31,24,20,29,16,25,17,9,22
Plekhg3,37,223,210,331,269,71,82,48,25,38
Plekhg4,5,15,11,20,22,6,12,4,6,5
Plekhg5,1036,1484,1318,1499,1383,748,925,891,626,766
Plekhh1,45,106,83,54,102,33,49,29,28,44
Plekhh2,142,275,266,267,261,160,137,142,92,113
Plekhh3,63,273,248,209,238,105,114,111,54,98
Plekhj1,303,1238,1030,1036,1185,577,659,585,321,555
Plekhm1,46,99,90,87,100,65,50,56,31,46
Plekhm2,420,724,632,644,784,427,437,401,257,377
Plekhm3,285,612,586,631,715,370,276,318,185,244
Plekhn1,5,15,16,17,11,3,4,4,6,7
Plekho1,127,352,318,291,351,216,182,279,123,184
Plekho2,13,22,16,23,27,5,12,6,5,6
Plet1,2,6,16,4,7,0,17,2,1,2
Plet1os,3,11,10,10,12,0,2,1,3,3
Plgrkt,98,362,266,309,374,173,139,159,93,142
Plin1,0,0,0,0,7,0,1,2,2,3
Plin2,25,90,49,46,79,31,42,27,22,51
Plin3,38,132,91,83,105,32,60,45,19,53
Plin4,3,11,14,11,20,6,2,5,5,5
Plin5,8,18,29,18,34,5,21,8,9,17
Plk1,4,17,8,11,12,3,6,5,3,6
Plk2,375,1912,1370,1729,1703,204,447,435,159,338
Plk3,19,124,81,79,106,45,57,47,22,33
Plk4,36,98,68,69,106,33,25,31,15,26
Plk5,157,563,505,540,514,109,264,185,190,172
Pllp,53,338,289,218,271,51,69,48,51,77
Pln,1,0,0,0,0,4,1,5,2,4
Plod1,78,193,149,166,164,115,202,85,67,118
Plod2,67,150,129,140,156,41,64,51,39,60
Plod3,39,197,138,186,198,89,85,62,42,69
Plp1,653,2788,3567,2179,2728,398,910,398,364,604
Plp2,9,28,22,28,31,15,19,24,5,13
Plpp1,102,403,337,335,395,152,143,131,83,138
Plpp2,2,24,24,14,19,4,9,4,4,2
Plpp3,585,2968,2361,2047,2273,327,844,535,276,716
Plpp4,76,187,148,161,197,90,103,47,42,58
Plpp5,46,161,147,143,136,72,91,81,30,69
Plpp6,38,189,175,177,163,61,56,68,27,45
Plpp7,117,325,318,367,390,144,179,171,74,111
Plppr1,237,552,450,515,489,278,307,240,179,272
Plppr2,855,2063,1879,2187,1878,1020,1086,1115,625,850
Plppr3,100,555,445,485,519,199,195,265,96,180
Plppr4,467,1617,1356,1679,1406,637,548,598,395,420
Plppr5,313,814,696,759,806,492,390,352,281,294
Plrg1,12,82,84,83,70,25,25,22,17,22
Pls1,191,534,453,418,536,338,359,316,191,259
Pls3,545,1678,1314,1628,1466,747,751,594,375,626
Plscr1,16,31,29,30,45,8,26,27,12,39
Plscr2,12,60,29,20,46,29,18,19,18,33
Plscr3,82,422,316,414,456,139,163,179,80,169
Plscr4,48,164,126,171,158,106,66,50,59,119
Pltp,264,630,685,582,702,442,559,264,376,643
Plvap,56,190,127,116,130,108,73,90,48,56
Plxdc1,80,168,152,169,233,148,85,122,60,122
Plxdc2,444,1236,790,860,1302,779,603,481,450,671
Plxna1,32,232,166,231,203,82,65,55,32,51
Plxna2,204,686,568,719,743,451,276,287,189,268
Plxna3,18,96,56,63,97,31,30,25,15,24
Plxna4,1471,2834,2449,2997,3153,1877,1437,1279,1209,1487
Plxna4os1,1,12,11,10,6,8,9,9,3,9
Plxna4os2,3,0,0,0,0,0,0,0,0,0
Plxna4os3,117,338,269,314,338,123,200,146,102,156
Plxnb1,41,233,171,155,229,39,45,40,29,73
Plxnb2,45,193,173,153,173,43,50,55,33,59
Plxnb3,36,76,65,35,76,37,65,14,22,57
Plxnc1,198,278,197,258,294,279,179,145,80,144
Plxnd1,5,44,41,28,67,14,14,17,6,17
Pm20d1,8,20,17,8,22,5,0,5,3,10
Pm20d2,28,50,38,50,48,31,31,43,21,24
Pmaip1,5,11,11,14,13,6,4,9,3,18
Pmel,3,6,3,3,3,1,0,0,0,0
Pmepa1,31,106,92,104,120,68,37,52,29,36
Pmf1,16,42,37,27,35,11,17,21,9,10
Pmfbp1,9,7,16,7,10,14,7,10,4,6
Pml,106,200,155,168,206,103,107,116,71,94
Pmm1,180,799,774,827,992,210,252,242,129,219
Pmm2,197,356,247,308,341,108,185,213,113,130
Pmp22,32,232,201,161,203,38,72,63,50,82
Pmpca,79,445,343,375,396,51,140,112,49,123
Pmpcb,34,136,114,96,119,25,36,41,18,38
Pms1,128,303,237,263,247,91,114,104,62,80
Pms2,162,279,265,269,269,137,158,200,100,111
Pmvk,119,491,307,313,419,152,169,132,82,156
Pnck,276,1360,1064,1138,1406,588,637,554,373,526
Pnisr,2494,5951,4779,5625,5629,2498,3040,2955,1313,2465
Pnkd,606,1568,1316,1380,1550,631,724,635,336,523
Pnkp,458,1155,905,1043,880,702,758,709,341,499
Pnldc1,32,45,65,54,59,43,23,31,21,19
Pnma1,1,21,16,15,24,8,0,7,0,0
Pnma2,166,86,469,315,305,168,150,199,69,106
Pnma3,142,413,285,378,360,159,157,204,93,182
Pnmal1,49,157,211,215,177,60,71,69,47,42
Pnmal2,100,513,554,574,515,128,176,150,87,80
Pnn,1085,3255,2388,2770,2766,1385,1565,1746,746,1098
Pno1,24,103,105,86,85,27,19,15,9,15
Pnoc,20,99,107,76,94,25,39,26,15,9
Pnp,26,146,116,102,130,31,40,36,26,39
Pnpla1,25,54,41,46,47,17,17,14,13,16
Pnpla2,26,101,64,86,112,37,24,40,24,60
Pnpla3,160,431,348,335,423,192,177,278,88,118
Pnpla6,85,353,277,321,351,130,129,110,70,122
Pnpla7,879,2385,2275,2175,2519,908,1243,1028,540,858
Pnpla8,149,462,388,430,474,194,170,190,108,203
Pnpo,42,232,227,186,222,55,81,64,26,51
Pnpt1,241,701,393,631,706,333,282,345,173,244
Pnrc1,152,500,479,463,530,144,189,155,93,160
Pnrc2,51,252,228,223,343,53,85,62,20,55
Poc1a,47,86,76,83,74,66,57,51,28,27
Poc1b,70,132,127,133,141,83,65,72,45,79
Poc5,23,70,50,71,62,25,25,27,11,31
Podn,9,23,22,37,34,17,20,16,1,14
Podxl,60,119,98,104,108,73,54,47,36,95
Podxl2,204,249,529,326,386,269,294,378,129,263
Pof1b,0,5,6,6,0,0,6,10,1,3
Pofut1,196,370,305,364,358,146,200,222,86,182
Pofut2,25,203,237,200,226,36,63,42,32,41
Pogk,31,86,68,70,95,26,35,33,15,26
Poglut1,160,461,355,399,454,160,166,171,80,138
Pogz,170,376,334,412,424,232,214,184,110,171
Pola1,173,311,250,306,346,257,193,177,122,183
Pola2,41,87,64,57,75,23,25,33,16,26
Polb,558,1598,1434,1626,1649,1025,806,809,458,700
Pold1,4,32,20,24,30,15,6,18,5,10
Pold2,73,332,265,255,318,154,163,153,89,120
Pold3,48,151,122,157,150,56,69,57,39,63
Pold4,78,292,199,215,298,109,109,117,63,108
Poldip2,152,651,581,643,647,213,210,245,109,211
Poldip3,166,383,368,427,404,198,220,243,114,177
Pole,23,31,24,37,36,15,20,20,12,10
Pole2,16,21,33,25,37,9,13,19,14,8
Pole3,24,138,108,104,141,32,43,51,21,34
Pole4,67,321,296,305,388,78,109,94,54,100
Polg,102,423,303,336,427,287,187,175,112,150
Polg2,48,118,99,133,128,47,59,68,35,46
Polh,109,163,153,216,218,101,82,107,42,81
Poli,15,62,55,51,67,22,19,22,9,19
Polk,91,194,154,169,204,119,113,112,87,153
Poll,22,44,41,46,50,27,24,22,6,19
Polm,31,75,51,71,70,28,37,41,24,26
Poln,21,38,37,38,36,26,19,21,14,15
Polq,24,43,39,52,50,22,31,21,19,20
Polr1a,59,236,189,239,204,114,124,132,54,93
Polr1b,16,59,35,48,51,15,22,32,6,26
Polr1c,168,484,511,537,511,241,202,301,142,165
Polr1d,119,532,508,573,649,208,229,176,92,161
Polr1e,14,59,44,55,56,17,30,20,8,13
Polr2a,345,638,467,629,617,386,349,351,252,293
Polr2b,112,297,204,257,274,77,102,119,66,106
Polr2c,182,859,628,652,752,332,337,335,196,306
Polr2d,29,116,115,124,147,34,37,29,26,32
Polr2e,168,760,639,637,781,264,315,318,201,277
Polr2f,82,308,371,318,394,95,95,95,57,86
Polr2g,259,774,684,782,750,316,404,349,183,314
Polr2h,67,252,256,248,287,72,98,75,38,74
Polr2i,59,314,379,339,464,113,98,127,42,81
Polr2j,109,432,490,494,556,145,163,198,114,146
Polr2k,110,237,280,300,337,131,131,101,44,94
Polr2l,14,100,87,97,105,16,30,41,17,29
Polr2m,52,355,353,354,388,75,83,79,34,82
Polr3a,254,558,479,593,566,619,466,456,342,416
Polr3b,68,190,125,169,194,80,72,69,44,75
Polr3c,152,353,259,324,368,168,181,209,91,163
Polr3d,74,247,206,211,235,86,92,100,55,71
Polr3e,405,980,795,754,830,421,490,468,253,362
Polr3f,138,322,257,252,287,187,191,179,97,127
Polr3g,47,105,77,89,98,45,49,64,22,27
Polr3gl,173,708,555,719,772,293,297,254,145,271
Polr3h,53,227,222,185,277,51,73,68,39,61
Polr3k,72,207,206,192,233,49,93,81,28,61
Polrmt,219,405,322,354,376,227,248,256,118,219
Pom121,71,190,158,173,196,74,89,63,52,45
Pomc,20,49,54,36,61,22,27,25,14,31
Pomgnt1,145,340,276,335,393,236,174,226,120,166
Pomgnt2,24,200,165,153,150,25,23,28,14,20
Pomk,35,81,81,86,97,33,24,39,16,33
Pomp,212,952,908,823,1008,356,316,300,230,338
Pomt1,52,174,111,159,202,65,65,68,32,61
Pomt2,40,143,119,114,156,68,57,46,26,39
Pon2,56,325,290,225,263,94,77,77,42,122
Pon3,19,49,32,53,60,12,18,14,12,22
Pop1,63,131,117,144,146,89,58,57,48,53
Pop4,32,175,133,151,157,53,53,69,36,43
Pop5,260,857,875,909,890,339,424,388,248,324
Pop7,0,0,0,0,0,0,0,0,0,0
Popdc2,0,4,6,2,3,0,0,0,0,0
Popdc3,43,129,122,117,116,72,73,23,34,55
Por,436,1082,801,881,865,297,460,351,184,362
Porcn,354,1155,891,1045,1120,534,502,521,313,453
Postn,0,9,6,13,5,0,0,0,0,0
Pot1a,116,217,168,200,239,107,133,158,75,120
Pot1b,167,362,97,114,115,353,414,227,124,331
Poteg,4,5,5,5,6,1,0,0,0,0
Pou2f1,421,935,877,868,875,476,534,516,293,450
Pou2f2,191,360,348,385,444,326,272,316,136,217
Pou2f3,27,51,38,42,51,23,36,18,9,32
Pou3f1,30,69,198,139,153,386,87,90,79,59
Pou3f2,44,68,78,84,97,46,49,60,20,36
Pou3f3,82,237,247,203,287,116,85,93,52,83
Pou3f4,13,31,31,31,24,13,21,15,13,21
Pou5f1,0,0,0,0,0,0,0,0,0,0
Pou5f2,0,0,0,0,0,0,0,0,0,0
Pou6f1,158,397,356,336,420,354,191,225,127,140
Pou6f2,108,174,131,173,217,131,121,128,123,106
Pp2d1,5,0,0,0,0,1,3,5,3,3
Ppa1,153,502,504,515,560,194,194,199,114,132
Ppa2,90,306,249,289,305,126,129,132,61,108
Ppan,131,573,406,436,457,182,219,213,113,192
Ppara,69,79,87,117,80,40,72,50,19,45
Ppard,142,334,306,271,333,209,184,142,87,157
Pparg,100,155,136,166,205,176,93,139,71,86
Ppargc1a,334,742,640,721,766,436,437,384,182,370
Ppargc1b,148,370,373,408,378,296,197,213,101,154
Ppat,27,84,64,64,71,29,28,28,14,23
Ppcdc,134,358,257,255,319,152,144,127,98,147
Ppcs,50,110,111,129,116,38,68,56,24,28
Ppdpf,108,517,464,446,542,175,183,178,118,157
Ppef1,8,21,15,21,20,10,14,5,7,6
Ppef2,43,46,35,46,57,23,33,40,11,39
Ppfia1,212,467,379,421,480,326,245,200,142,248
Ppfia2,3280,6778,5458,7033,7402,3936,3249,3146,3084,3570
Ppfia3,359,979,878,974,1001,518,492,533,326,431
Ppfia4,92,430,262,292,455,179,109,106,81,144
Ppfibp1,123,226,180,198,203,107,127,87,76,115
Ppfibp2,41,96,103,69,106,33,45,46,34,41
Pphln1,77,188,193,195,197,117,97,97,64,81
Ppia,715,2791,2936,2928,3263,1112,1135,859,631,1149
Ppib,245,1200,1177,1103,1320,309,194,268,260,304
Ppic,12,48,39,55,27,14,18,22,11,27
Ppid,83,346,411,359,410,87,125,87,64,86
Ppie,42,171,121,138,145,59,57,43,36,56
Ppif,25,162,138,134,166,53,31,53,25,51
Ppig,431,1167,991,1060,1081,515,555,523,284,493
Ppih,76,113,80,121,128,68,57,59,29,35
Ppil1,15,80,86,89,97,13,33,34,13,15
Ppil2,997,2673,1984,2398,2400,519,817,833,430,728
Ppil3,198,283,210,251,308,140,138,127,100,110
Ppil4,150,500,384,461,538,195,255,176,137,199
Ppil6,147,296,330,313,330,180,210,205,103,149
Ppip5k1,284,612,497,602,670,321,282,320,192,235
Ppip5k2,106,349,242,305,363,149,142,130,79,104
Ppl,28,38,42,33,43,27,21,25,13,14
Ppm1a,123,323,282,292,393,329,156,171,145,137
Ppm1b,159,455,352,405,492,178,158,162,86,137
Ppm1d,125,194,172,189,218,118,108,118,77,101
Ppm1e,4682,10518,8009,9789,9140,4290,4109,3850,2221,3389
Ppm1f,127,418,299,351,374,148,144,124,80,107
Ppm1g,224,524,472,530,503,226,286,242,161,166
Ppm1h,510,1011,781,934,1090,636,514,498,339,404
Ppm1j,0,0,0,0,0,0,1,3,2,5
Ppm1k,91,289,250,270,292,105,113,113,52,102
Ppm1l,370,1116,945,1063,1054,723,493,437,332,516
Ppm1m,36,117,93,111,128,52,58,54,26,71
Ppme1,279,635,572,616,607,493,316,317,201,235
Ppox,110,541,377,439,493,161,230,185,84,244
Ppp1ca,202,947,863,838,932,293,381,370,197,278
Ppp1cb,422,1170,1150,1132,1191,402,549,524,297,503
Ppp1cc,244,1163,917,1143,1245,319,358,339,192,319
Ppp1r10,345,816,460,616,719,171,266,199,114,167
Ppp1r11,167,616,673,626,663,231,254,193,144,201
Ppp1r12a,656,1422,1183,1378,1306,908,800,765,489,630
Ppp1r12b,583,1092,950,1135,1248,856,608,631,435,620
Ppp1r12c,79,375,257,317,332,211,143,127,74,153
Ppp1r13b,635,1160,919,1044,1189,740,648,594,459,554
Ppp1r13l,9,32,23,29,33,14,15,12,9,7
Ppp1r14a,51,259,277,184,314,54,67,64,49,67
Ppp1r14b,25,139,99,103,149,48,38,47,39,44
Ppp1r14c,141,358,306,335,366,172,147,147,82,130
Ppp1r15a,27,74,80,85,82,21,50,44,16,32
Ppp1r15b,9,74,69,72,81,11,27,16,8,20
Ppp1r16a,109,452,341,405,457,147,179,134,76,147
Ppp1r16b,446,886,629,724,854,370,449,364,229,411
Ppp1r18,4,39,15,14,38,11,7,7,6,20
Ppp1r18os,13,22,21,9,18,14,18,29,10,8
Ppp1r1a,689,550,1402,1403,589,457,190,905,102,508
Ppp1r1b,41,149,133,103,140,30,48,41,14,34
Ppp1r1c,5,0,0,0,0,6,0,4,2,1
Ppp1r2,315,850,889,896,869,377,462,381,223,392
Ppp1r21,63,201,177,192,215,149,75,69,55,66
Ppp1r26,1,16,13,16,16,7,5,1,3,2
Ppp1r32,3,14,45,14,24,6,19,6,3,7
Ppp1r35,94,351,251,223,397,161,189,166,103,157
Ppp1r36,30,28,70,23,50,16,59,19,13,20
Ppp1r37,446,1419,754,858,1424,735,834,716,377,700
Ppp1r3a,35,99,68,67,70,67,81,83,56,60
Ppp1r3b,4,6,4,2,4,1,2,2,0,4
Ppp1r3c,85,289,261,199,274,51,131,84,35,97
Ppp1r3d,13,46,47,31,39,1,15,7,3,15
Ppp1r3e,11,23,17,12,16,13,14,13,0,7
Ppp1r3f,18,74,87,96,93,21,15,35,11,15
Ppp1r3fos,4,0,0,4,2,0,0,0,0,0
Ppp1r3g,17,82,72,64,80,10,17,15,3,27
Ppp1r42,17,21,23,22,19,22,23,16,10,11
Ppp1r7,107,335,305,320,364,105,131,103,64,94
Ppp1r8,86,199,186,213,216,87,95,72,49,71
Ppp1r9a,1075,2469,2165,2540,2688,1636,1445,1254,899,1236
Ppp1r9b,147,425,324,342,428,185,122,115,93,105
Ppp2ca,157,553,477,423,770,268,245,221,175,181
Ppp2cb,67,226,181,174,194,45,65,62,35,60
Ppp2r1a,112,667,716,706,681,133,161,156,69,109
Ppp2r1b,70,176,151,143,143,81,86,108,35,59
Ppp2r2a,648,1467,950,1107,1228,450,724,658,410,624
Ppp2r2b,1974,5653,4807,5464,5747,3665,2656,2444,1245,2382
Ppp2r2c,198,710,693,792,809,354,229,224,149,211
Ppp2r2cos,0,6,7,7,12,0,6,4,5,1
Ppp2r2d,103,293,184,319,314,217,150,131,103,121
Ppp2r3a,676,1412,1151,1239,1277,808,819,874,549,652
Ppp2r3c,55,135,152,149,154,51,64,60,34,56
Ppp2r3d,75,229,143,181,217,100,118,98,75,140
Ppp2r4,450,879,767,747,847,469,487,495,261,373
Ppp2r5a,240,446,351,397,471,230,261,232,118,205
Ppp2r5b,127,874,640,620,721,263,371,265,122,263
Ppp2r5c,744,1212,992,1113,1181,761,600,676,371,494
Ppp2r5d,83,356,248,269,305,70,129,100,59,99
Ppp2r5e,750,1615,1162,1337,1388,702,967,797,490,816
Ppp3ca,7308,15232,13329,16337,16703,8621,7944,6977,6062,6782
Ppp3cb,239,706,589,675,801,409,327,330,254,308
Ppp3cc,300,660,636,702,784,348,359,337,216,283
Ppp3r1,18,41,42,44,52,21,30,14,17,15
Ppp4c,130,510,402,439,426,200,272,231,140,214
Ppp4r1,180,423,315,342,387,167,182,157,65,149
Ppp4r2,119,273,225,290,314,198,129,149,69,135
Ppp4r4,205,533,388,604,568,364,278,224,150,256
Ppp5c,231,956,823,934,918,359,493,466,249,382
Ppp6c,332,583,454,483,550,222,293,269,136,249
Ppp6r1,45,97,87,86,128,123,63,69,51,44
Ppp6r2,93,164,117,138,138,71,73,52,47,60
Ppp6r3,256,792,605,746,759,483,321,261,177,358
Pprc1,82,203,183,169,187,108,91,84,58,82
Ppt1,812,2350,1961,1648,2084,1164,1180,1067,587,921
Ppt2,173,400,304,359,394,206,192,193,110,165
Pptc7,146,316,282,272,279,237,176,159,125,131
Ppwd1,324,912,857,950,1017,686,526,509,269,275
Pqbp1,82,279,277,292,309,97,111,116,50,89
Pqlc1,69,251,228,272,229,78,105,92,55,86
Pqlc2,84,215,140,170,174,132,94,101,55,82
Pqlc3,3,22,6,12,18,9,6,7,1,10
Pradc1,138,265,285,292,282,154,166,192,70,88
Praf2,68,474,479,459,413,80,138,134,54,86
Pram1,20,51,37,42,55,58,31,39,39,46
Pramef8,32,75,62,67,74,21,27,23,16,19
Pramel7,24,8,7,13,14,31,24,10,13,20
Prc1,17,27,16,28,19,11,27,20,10,14
Prcc,92,143,132,132,141,63,103,82,49,53
Prcp,135,314,290,333,290,199,193,187,91,155
Prdm1,6,12,9,6,6,6,2,1,6,7
Prdm10,257,570,443,550,536,390,294,353,201,259
Prdm11,143,257,216,250,271,181,140,153,85,130
Prdm12,0,7,4,5,4,0,0,0,0,0
Prdm15,272,749,467,644,648,311,486,276,186,355
Prdm16,96,251,161,163,237,40,70,67,40,71
Prdm2,126,273,262,290,303,203,156,162,117,153
Prdm4,14,67,41,50,74,21,10,11,11,17
Prdm5,289,745,614,720,670,315,453,270,264,387
Prdm6,7,13,17,48,11,8,9,12,3,4
Prdm8,30,94,87,100,112,44,52,33,35,28
Prdm9,14,32,15,14,20,12,15,10,6,5
Prdx1,402,2055,1765,1464,2132,610,861,640,517,894
Prdx2,281,1443,1338,1293,1465,406,489,441,218,397
Prdx3,91,424,447,475,531,167,145,131,81,90
Prdx4,19,143,157,124,116,20,33,20,15,28
Prdx5,294,1327,1355,1408,1508,361,478,470,227,380
Prdx6,636,2934,2090,1803,2919,628,908,646,412,914
Preb,340,1257,1026,1125,1134,680,683,656,379,577
Prelid1,82,349,329,292,336,121,101,123,64,104
Prelid2,6,20,14,14,33,8,12,14,8,16
Prelp,42,223,231,168,179,24,80,49,30,57
Prep,47,125,91,105,103,59,53,51,37,35
Prepl,93,221,168,179,204,139,99,133,56,74
Prex1,232,507,454,420,483,352,349,318,151,293
Prex2,763,1751,1397,1404,1602,549,781,582,402,844
Prg4,0,0,0,20,3,0,8,16,0,0
Prickle1,4602,9270,10139,10278,8853,7069,6889,8241,3767,5476
Prickle2,1772,4060,3355,3742,4143,2625,1867,1843,1053,1626
Prickle3,3,13,9,14,9,4,6,4,3,10
Prim1,56,122,114,95,116,96,79,105,48,72
Prim2,92,218,120,140,219,55,96,94,39,74
Prima1,10,16,22,11,18,5,11,11,9,8
Primpol,41,74,46,53,76,22,24,28,16,22
Prkaa1,133,198,138,197,230,94,78,116,56,90
Prkaa2,157,246,244,255,396,169,134,257,90,139
Prkab1,38,124,102,122,119,47,46,64,36,49
Prkab2,100,455,350,476,438,260,200,200,80,138
Prkaca,330,833,718,712,801,343,344,337,187,244
Prkacb,157,429,485,425,529,317,210,233,139,182
Prkag1,273,593,570,628,635,333,299,312,160,279
Prkag2,866,2212,1950,2362,2336,1598,1097,918,708,1040
Prkag2os1,5,24,14,12,14,6,10,5,10,10
Prkar1a,211,1179,1020,1201,1203,242,315,266,141,260
Prkar1b,238,961,825,871,1008,416,313,273,140,224
Prkar2a,144,379,339,313,368,193,198,179,97,173
Prkar2b,103,180,181,188,221,174,131,110,74,125
Prkca,2696,8700,7034,8118,7846,5145,4435,3508,2892,3666
Prkcb,2719,3831,3625,4492,4084,4190,3427,3095,1764,2677
Prkcd,48,184,129,157,228,40,53,36,49,58
Prkcdbp,56,320,242,235,275,60,88,92,47,101
Prkce,3696,7683,5733,7028,6760,3780,3470,2736,2217,3016
Prkcg,1028,2303,1852,2340,2179,1865,1218,1064,602,896
Prkch,41,92,53,70,93,55,51,36,45,76
Prkci,51,161,125,159,173,73,64,66,37,60
Prkcq,31,29,43,47,57,18,28,28,13,19
Prkcsh,164,747,603,656,626,292,315,289,155,295
Prkcz,596,1139,1049,1163,1226,844,678,673,390,565
Prkd1,618,1429,1124,1232,1548,709,620,647,511,763
Prkd2,67,152,155,143,136,120,111,100,63,103
Prkd3,164,374,67,54,74,233,222,259,76,171
Prkdc,302,621,469,577,603,342,308,227,173,235
Prkg1,2621,5416,4532,5545,5890,4048,2945,2452,2361,2786
Prkg2,39,80,58,63,68,61,72,59,21,32
Prkra,23,132,99,91,139,42,39,34,14,38
Prkrip1,50,211,186,201,208,98,98,94,41,57
Prkrir,28,98,77,88,133,55,26,28,35,33
Prkx,44,134,122,127,112,77,50,46,38,47
Prlr,21,56,61,121,136,61,38,21,26,37
Prmt1,176,519,479,474,555,153,222,205,118,161
Prmt10,148,246,219,223,253,197,170,137,81,127
Prmt2,180,887,672,821,810,251,292,338,144,249
Prmt3,104,234,183,248,267,143,90,90,63,79
Prmt5,115,325,334,369,310,143,156,150,111,107
Prmt6,25,85,81,107,103,23,30,28,18,17
Prmt7,281,584,426,481,544,361,312,294,182,226
Prmt8,322,583,497,600,578,375,306,335,178,258
Prnp,0,0,0,0,0,0,0,0,0,0
Prob1,1,23,7,14,10,2,3,1,2,4
Proc,1,9,5,18,5,7,8,2,3,4
Proca1,236,478,391,444,348,263,296,324,162,182
Procr,0,8,5,2,12,5,1,0,3,7
Prodh,442,1455,1239,1469,1509,465,759,728,281,499
Prok2,4,6,4,8,6,0,0,0,0,0
Prokr2,3,14,11,10,17,5,6,8,2,3
Prom1,64,135,124,151,129,68,83,50,58,154
Prorsd1,37,83,83,79,98,22,32,42,15,40
Pros1,80,215,146,144,204,88,101,75,87,98
Prosc,270,904,851,917,847,616,539,606,287,332
Proscos,4,26,29,26,24,12,11,11,8,8
Proser1,305,726,659,764,718,389,448,419,280,344
Proser2,31,36,22,31,43,43,47,22,23,51
Proser3,22,58,59,41,61,27,29,12,20,34
Prox1,348,613,537,644,591,295,424,341,316,327
Prox1os,131,240,187,257,235,138,136,113,103,130
Prox2,41,67,36,72,51,31,37,41,16,34
Prox2os,5,22,21,18,37,18,13,14,8,8
Proz,0,0,0,0,0,0,0,0,0,0
Prpf18,256,576,510,612,559,374,389,331,139,231
Prpf19,323,1286,1180,1168,1214,592,624,600,342,475
Prpf3,225,493,373,399,449,192,261,266,130,259
Prpf31,140,466,393,406,461,185,175,176,91,151
Prpf38a,64,204,191,175,188,96,70,80,59,82
Prpf38b,145,319,302,377,430,202,163,179,95,127
Prpf39,161,472,362,528,552,199,231,206,111,215
Prpf4,93,205,177,232,200,105,105,83,62,93
Prpf40a,391,1055,811,883,1155,610,538,518,337,536
Prpf40b,182,712,503,643,689,243,334,341,172,285
Prpf4b,240,594,671,1259,889,467,413,308,256,305
Prpf6,531,896,769,824,916,451,522,517,292,383
Prpf8,169,484,395,457,416,160,158,169,84,129
Prph,2,10,8,10,13,19,2,23,1,10
Prps1,76,292,319,302,308,77,92,81,35,61
Prps2,30,85,73,73,75,46,45,40,22,45
Prpsap1,140,471,392,402,427,228,216,215,132,208
Prpsap2,83,204,159,182,215,92,62,80,49,76
Prr11,5,6,4,4,12,0,0,0,0,0
Prr12,79,157,130,147,161,78,74,63,36,47
Prr13,89,495,385,410,509,108,148,121,66,117
Prr14,418,906,766,768,790,474,577,553,297,414
Prr14l,623,1244,1042,1217,953,637,632,585,371,464
Prr15,0,0,0,0,0,3,0,0,0,0
Prr16,382,1061,934,1003,1179,939,565,629,304,685
Prr18,0,0,0,0,0,0,0,0,0,0
Prr22,4,26,20,24,29,7,7,10,5,12
Prr27,5,0,0,0,9,0,0,0,0,0
Prr29,12,7,16,9,5,2,12,2,4,3
Prr3,297,629,527,555,631,246,295,320,127,187
Prr36,14,63,64,58,85,32,29,22,15,20
Prr5,27,89,65,93,116,18,28,30,9,33
Prr5l,184,316,304,211,357,118,159,129,108,156
Prr7,109,603,651,665,674,192,178,189,118,130
Prrc1,69,164,113,144,210,148,73,108,84,94
Prrc2a,105,324,286,318,384,125,141,126,81,167
Prrc2b,398,851,744,872,871,491,409,336,245,345
Prrc2c,442,756,648,929,836,592,460,434,290,430
Prrg1,67,164,161,144,195,93,109,102,55,104
Prrg2,29,69,69,73,80,37,36,40,25,34
Prrg3,12,27,27,27,45,28,8,10,6,7
Prrg4,21,44,33,42,64,15,28,23,10,22
Prrt1,277,1306,986,1358,1464,457,565,374,216,395
Prrt2,0,16,23,23,16,0,0,0,0,0
Prrt3,68,324,333,343,375,130,143,161,51,88
Prrt4,2,17,19,23,18,15,4,11,15,14
Prrx1,44,102,107,108,94,27,47,31,23,38
Prrx2,17,41,23,13,41,19,31,19,28,32
Prss12,126,281,287,260,274,148,116,153,51,94
Prss23,9,138,99,92,123,25,25,25,27,33
Prss27,59,107,81,92,86,29,38,64,31,25
Prss30,0,3,6,3,5,0,0,0,0,0
Prss33,0,7,8,5,11,0,0,0,0,0
Prss35,30,106,116,103,102,54,43,35,24,33
Prss36,247,841,765,898,760,378,394,360,208,254
Prss41,20,37,39,45,37,11,13,20,14,13
Prss43,6,10,16,15,4,0,20,9,11,7
Prss45,0,8,6,5,4,0,0,0,0,0
Prss48,0,0,0,0,0,0,0,0,0,0
Prss50,2,38,43,32,43,3,7,11,0,4
Prss51,7,7,15,19,16,2,5,9,8,2
Prss52,0,5,5,9,0,0,0,0,0,0
Prss53,2,13,9,13,18,9,8,2,2,4
Prss57,6,12,11,15,21,4,9,5,2,4
Prss8,1,4,6,12,9,7,4,4,5,3
Prtg,256,322,291,364,370,178,227,186,148,176
Prtn3,30,56,42,42,41,38,31,42,13,21
Prune,68,116,96,113,104,74,55,62,24,59
Prune2,185,423,277,392,455,276,233,256,149,233
Prx,7,14,9,16,17,8,10,8,5,6
Psap,819,6846,5553,5508,5571,1342,1642,1227,802,1403
Psat1,75,296,270,205,298,109,101,89,47,58
Psd,162,847,667,734,783,305,334,283,150,228
Psd2,34,134,116,110,117,26,29,34,21,41
Psd3,908,2568,2619,2772,3044,1950,1436,1775,795,1252
Psd4,0,6,4,3,3,0,0,0,0,0
Psen1,211,699,352,407,670,304,188,198,162,258
Psen2,77,209,170,161,201,84,84,89,44,77
Psenen,258,995,874,839,1035,358,367,334,202,323
Psg16,16,17,21,24,24,15,8,22,8,7
Psip1,539,1746,1444,1710,1720,625,781,700,344,561
Pskh1,152,139,118,137,138,82,50,77,38,50
Psma1,850,2102,1809,1955,1848,1508,1332,1322,675,1068
Psma2,145,570,494,536,557,197,208,202,107,165
Psma3,838,1878,1685,1939,1891,1575,1328,1478,808,983
Psma4,79,591,607,605,679,155,158,197,85,147
Psma5,139,414,409,416,451,197,204,176,114,175
Psma6,98,413,423,459,512,112,135,110,86,139
Psma7,232,1105,981,1043,1174,377,367,318,192,338
Psma8,11,22,15,12,14,11,7,1,5,7
Psmb1,198,963,916,1011,1091,324,312,309,189,266
Psmb10,51,253,254,214,294,70,71,90,40,87
Psmb11,0,0,0,2,11,0,0,0,0,0
Psmb2,527,1501,1236,1349,1464,546,662,602,364,537
Psmb3,78,520,424,397,492,79,123,79,54,79
Psmb4,88,498,425,448,505,111,153,116,62,132
Psmb5,217,984,1053,1063,1076,297,370,280,175,260
Psmb6,215,1072,979,880,1106,307,374,311,195,299
Psmb7,132,525,474,484,579,166,150,119,65,131
Psmb8,25,137,59,57,102,42,36,26,52,61
Psmb9,13,59,42,21,53,14,13,20,28,24
Psmc1,350,939,777,919,921,476,398,456,225,336
Psmc2,110,516,464,474,562,154,204,150,103,172
Psmc3,142,678,590,659,767,250,285,221,145,205
Psmc3ip,19,48,35,38,43,15,30,19,11,17
Psmc4,291,1514,1028,1204,1455,583,697,505,327,586
Psmc5,164,820,667,677,762,142,194,165,82,150
Psmc6,136,462,383,395,484,223,192,182,89,168
Psmd1,467,1257,1087,1138,1284,708,692,639,354,613
Psmd10,25,103,81,103,130,37,40,20,17,34
Psmd11,612,1196,886,975,1100,558,682,532,279,572
Psmd12,213,683,613,602,672,226,307,266,134,225
Psmd13,346,1104,986,1055,1044,592,587,565,303,473
Psmd14,436,1401,1093,1255,1561,799,595,662,413,600
Psmd2,84,520,440,420,528,103,171,148,95,140
Psmd3,192,857,646,757,819,386,364,331,181,334
Psmd4,368,1280,1061,1161,1298,611,641,598,365,554
Psmd5,276,1029,944,949,1049,728,664,798,472,511
Psmd6,81,365,337,343,411,123,140,101,75,99
Psmd7,605,1994,1734,1802,1851,1200,1131,1191,659,895
Psmd8,127,499,423,504,546,152,167,152,82,124
Psmd9,429,863,764,864,901,533,500,593,301,369
Psme1,90,272,233,259,246,155,132,139,93,169
Psme2,21,72,48,50,56,26,34,23,21,25
Psme3,72,363,259,289,339,139,121,130,66,115
Psme4,604,1916,1345,1620,2046,1116,800,793,556,929
Psmf1,61,197,183,222,206,107,90,88,47,70
Psmg1,35,112,109,106,110,44,33,52,28,50
Psmg2,212,443,390,430,465,291,250,330,168,193
Psmg3,0,0,0,0,0,0,0,0,0,0
Psmg4,37,139,171,180,209,41,35,50,18,26
Psors1c2,0,0,0,0,0,0,2,1,2,2
Pspc1,220,412,364,407,463,259,203,221,104,147
Psph,80,290,280,294,308,104,153,102,52,110
Psrc1,72,261,185,253,267,48,93,100,26,69
Pstk,186,429,421,466,547,343,229,323,168,205
Pstpip1,6,32,30,26,32,12,17,16,10,17
Pstpip2,130,151,131,129,191,79,110,104,73,91
Ptafr,3,5,2,3,12,2,2,2,1,6
Ptar1,74,152,124,135,169,87,83,79,45,54
Ptbp1,50,262,195,225,238,82,109,118,50,108
Ptbp2,287,761,730,751,962,472,342,361,262,376
Ptbp3,224,399,402,395,461,274,332,267,219,276
Ptcd1,55,129,101,107,124,71,63,60,28,45
Ptcd2,36,154,169,182,202,50,48,36,37,47
Ptcd3,157,429,305,361,413,150,164,168,82,157
Ptch1,119,310,309,295,335,149,114,102,68,118
Ptch2,30,58,39,52,44,27,24,21,11,20
Ptchd1,102,255,214,221,231,174,151,159,94,121
Ptchd2,174,384,308,298,346,176,196,158,98,158
Ptchd4,1380,2682,2080,2603,2874,1420,1279,1684,1087,1368
Ptcra,61,22,18,22,18,37,61,27,26,22
Ptdss1,179,543,397,401,464,170,227,174,93,153
Ptdss2,251,683,546,638,591,334,310,380,174,278
Pten,416,1058,915,859,1289,1010,645,757,452,577
Pter,29,63,50,49,42,20,42,28,24,33
Ptgdr,0,0,0,11,7,0,0,5,0,0
Ptgds,198,1498,2366,4292,2077,504,1505,1325,456,430
Ptger1,7,16,10,14,13,11,4,6,2,8
Ptger2,2,3,6,5,7,0,0,0,0,0
Ptger3,5,31,33,23,44,35,19,42,9,7
Ptger4,8,25,22,23,33,9,13,6,7,9
Ptges,25,57,34,44,69,27,15,35,13,16
Ptges2,80,270,251,264,294,83,84,89,56,76
Ptges3,224,504,493,547,563,244,329,211,130,237
Ptges3l,0,0,0,0,0,0,0,0,0,0
Ptgfr,0,4,6,2,3,0,5,2,0,0
Ptgfrn,30,53,54,44,53,28,31,31,12,31
Ptgis,1,7,19,17,6,8,7,8,3,5
Ptgr1,4,11,14,12,14,2,15,2,2,4
Ptgr2,65,173,138,139,151,27,30,69,32,49
Ptgs1,8,27,30,25,34,12,8,7,7,6
Ptgs2,10,46,50,53,42,4,3,4,5,8
Pth1r,43,98,96,104,107,81,59,91,66,64
Pth2r,0,7,5,11,12,9,7,6,0,2
Pthlh,0,21,15,14,20,0,4,3,0,3
Ptk2,1422,3402,2723,3185,3550,1958,1778,1508,970,1673
Ptk2b,752,2197,1878,2405,2237,1118,873,632,565,773
Ptk7,79,194,158,184,183,122,131,90,47,84
Ptma,543,2272,2507,2241,2507,604,877,699,364,782
Ptms,286,1956,1614,1728,1882,542,658,520,365,491
Ptn,765,4111,3631,3403,3842,974,1329,1298,764,1305
Ptov1,277,1625,1311,1367,1538,414,624,520,280,532
Ptp4a1,61,49,34,53,55,103,37,26,27,26
Ptp4a2,425,623,549,712,651,590,410,421,224,328
Ptp4a3,62,309,237,249,297,110,115,129,50,122
Ptpdc1,43,132,119,134,151,79,53,43,21,45
Ptpn1,291,653,629,717,568,423,383,348,201,288
Ptpn11,488,790,698,774,788,504,475,484,287,377
Ptpn12,360,954,875,911,973,504,400,381,283,403
Ptpn13,55,132,130,133,147,58,62,71,36,64
Ptpn14,29,74,61,94,84,33,37,29,28,31
Ptpn18,20,67,34,29,56,22,33,16,27,34
Ptpn2,267,553,440,475,572,302,264,249,148,227
Ptpn21,34,87,82,75,97,56,48,39,22,26
Ptpn22,23,43,27,32,38,25,22,30,13,30
Ptpn23,56,211,162,180,224,104,76,90,50,81
Ptpn3,442,639,538,677,653,422,374,345,231,270
Ptpn4,418,1024,879,1013,1158,570,485,469,297,451
Ptpn5,231,783,722,781,839,363,311,439,198,251
Ptpn6,7,35,5,12,34,6,9,7,8,8
Ptpn9,812,1231,956,1135,1063,621,689,627,387,586
Ptpra,687,1686,1267,1436,1500,794,809,598,424,659
Ptprb,53,130,103,130,131,92,76,66,71,139
Ptprc,7,32,9,11,40,16,4,5,16,25
Ptprcap,2,5,2,5,7,2,0,0,0,0
Ptprd,11641,28937,27612,27919,35510,28456,17662,28705,8913,18392
Ptpre,390,918,872,1007,813,558,483,376,296,366
Ptprf,71,284,235,217,303,119,105,116,46,97
Ptprg,1507,3105,2483,3083,3290,2155,1653,1225,975,1627
Ptprh,13,23,20,21,29,18,6,27,1,9
Ptprj,933,1930,1590,2034,1942,1382,1115,934,700,949
Ptprk,1042,2288,1946,2413,2551,1508,1434,1294,862,1218
Ptprm,492,1074,792,872,1104,680,554,612,330,556
Ptprn,733,2853,2425,2788,2543,1560,1174,948,560,991
Ptprn2,1785,4927,4404,4924,5331,4153,2086,2415,1222,2061
Ptpro,190,240,262,368,321,206,234,162,89,167
Ptprq,21,49,46,43,44,23,41,24,11,30
Ptprr,498,1183,1035,1142,1173,719,516,587,320,493
Ptprs,722,2783,2001,2339,2454,971,941,939,474,781
Ptprt,723,1940,1754,1714,2021,1127,762,873,315,780
Ptpru,57,254,231,303,333,132,91,107,32,89
Ptprz1,1218,3147,2288,2359,2817,714,1461,899,604,1263
Ptrf,26,73,77,69,70,38,32,41,22,60
Ptrh1,4,27,25,23,38,6,12,8,12,8
Ptrh2,86,203,196,220,246,81,82,93,41,65
Ptrhd1,70,226,212,218,258,137,106,127,64,90
Pts,94,341,282,261,344,99,107,100,48,102
Pttg1,147,586,508,467,568,169,268,232,101,190
Pttg1ip,66,378,291,298,353,115,110,95,54,118
Ptx3,1,32,5,7,30,1,0,0,0,0
Ptx4,9,15,17,14,16,4,11,7,10,9
Puf60,110,731,628,643,732,177,209,151,88,158
Pum1,840,1611,1283,1484,1676,943,1009,770,553,840
Pum2,244,624,594,668,703,354,303,264,200,299
Pum3,61,197,174,157,207,85,75,54,48,68
Pura,690,1410,1503,1592,1694,1109,845,1075,591,732
Purb,61,270,294,275,323,203,116,105,62,90
Purg,194,433,427,513,499,339,215,202,141,227
Pus1,71,117,94,89,112,47,45,44,30,34
Pus10,176,296,247,380,342,222,165,153,90,122
Pus3,184,546,510,514,496,282,330,378,191,252
Pus7,246,712,413,434,582,325,298,246,140,211
Pus7l,11,32,19,35,25,8,9,11,8,10
Pusl1,230,910,633,541,806,335,419,470,198,306
Pvalb,56,268,345,248,393,84,68,80,28,43
Pvr,92,191,134,171,135,71,94,88,38,62
Pvrl1,37,123,160,141,134,76,55,55,44,56
Pvrl2,16,66,45,38,42,14,15,15,7,10
Pvrl3,167,486,329,395,431,297,185,151,211,166
Pvrl4,9,33,33,33,40,6,7,11,6,6
Pvt1,661,1402,1012,1194,1347,684,626,603,346,586
Pwp1,17,99,71,62,90,36,21,20,14,22
Pwp2,48,145,105,150,150,64,79,66,38,61
Pwwp2a,202,436,346,405,507,288,234,211,144,175
Pwwp2b,42,124,102,118,122,38,48,43,36,42
Pxdc1,23,82,78,68,88,19,32,14,24,40
Pxdn,98,332,315,371,411,214,110,105,76,131
Pxk,121,497,421,480,463,266,248,179,90,207
Pxmp2,98,157,174,132,171,79,109,105,47,78
Pxmp4,153,265,213,250,265,88,140,157,89,97
Pxn,107,334,211,297,331,130,127,99,84,123
Pxylp1,93,191,178,182,194,102,95,93,57,70
Pycard,251,471,305,334,440,272,226,287,203,166
Pycr1,8,7,13,17,13,10,3,7,4,8
Pycr2,128,582,441,483,578,153,216,219,97,186
Pycrl,98,334,312,278,414,168,159,144,81,132
Pygb,529,1316,1075,1170,1268,562,625,473,302,485
Pygl,15,35,35,26,33,12,25,16,8,17
Pygm,17,50,35,53,58,13,20,22,5,15
Pygo1,176,298,347,359,336,230,160,183,125,136
Pygo2,24,131,108,108,109,42,51,41,15,26
Pym1,59,237,208,264,312,94,97,100,45,53
Pyroxd1,77,212,194,212,206,107,102,96,42,85
Pyroxd2,9,36,25,34,45,9,13,10,5,8
Pyurf,37,184,151,134,208,38,52,33,21,52
Pzp,24,109,105,153,161,39,41,31,23,46
Qars,64,313,236,237,273,107,139,96,52,124
Qdpr,97,565,578,495,719,129,145,119,80,135
Qk,1226,2822,1824,2086,2943,1132,1363,918,761,1327
Qpct,9,148,177,132,150,21,14,12,10,12
Qpctl,115,450,528,561,470,265,194,171,114,118
Qrfpr,38,84,65,70,73,42,40,51,10,28
Qrich1,563,1129,971,1128,1265,733,550,578,414,516
Qrich2,0,0,0,0,0,0,3,0,0,0
Qrsl1,107,309,289,285,287,192,143,153,91,97
Qser1,198,287,208,254,271,166,194,158,92,142
Qsox1,108,284,223,223,254,76,87,130,36,87
Qsox2,98,316,316,375,393,146,97,121,68,74
Qtrt1,671,1926,1524,1658,1710,1236,1200,1214,663,958
Qtrtd1,58,123,121,152,166,57,48,55,23,44
R3hcc1,13,57,55,64,65,16,28,22,10,23
R3hcc1l,180,383,364,415,375,269,249,195,162,224
R3hdm1,2616,6479,5469,6862,6471,4278,3712,3915,1695,3017
R3hdm2,628,1219,1217,1221,1228,803,607,836,320,570
R3hdm4,356,1161,1036,1131,1197,437,426,459,263,341
RP23-106P7.5,23,55,52,62,59,26,20,28,10,15
RP23-114E15.17,104,79,100,122,117,35,77,99,22,87
RP23-11L1.4,2,17,10,9,14,16,6,8,2,7
RP23-133N24.2,128,231,202,208,194,132,127,148,66,71
RP23-138J20.8,0,4,7,2,5,0,0,0,0,0
RP23-142A14.9,1,13,4,8,7,4,5,1,0,5
RP23-143D11.1,0,9,9,17,11,1,0,0,0,0
RP23-143J24.4,0,0,0,0,0,3,0,0,0,0
RP23-152P20.2,3,8,5,4,5,15,5,9,2,1
RP23-152P5.3,22,16,14,13,34,43,28,22,25,34
RP23-16L19.4,7,16,10,16,10,3,5,9,1,3
RP23-16L19.5,0,6,2,5,4,0,0,0,0,0
RP23-172P1.2,0,0,0,0,0,0,0,0,0,0
RP23-175F18.3,0,0,0,0,0,0,0,0,0,0
RP23-179K11.10,6,0,0,0,0,7,5,6,5,8
RP23-17C12.1,11,77,81,91,99,17,25,16,6,10
RP23-17C12.5,0,8,5,8,7,0,0,0,0,0
RP23-182F18.2,5,10,9,11,15,6,13,9,3,4
RP23-183J18.1,0,6,6,3,9,0,3,7,6,3
RP23-184K1.2,0,0,0,0,0,0,0,0,0,0
RP23-196J23.1,0,0,0,0,0,0,0,0,0,0
RP23-198F11.3,0,8,3,2,0,0,0,0,0,0
RP23-205F19.4,9,14,16,26,17,10,6,19,8,12
RP23-207N5.2,15,34,29,50,46,19,16,26,4,17
RP23-207N5.4,4,22,28,27,30,8,9,6,1,10
RP23-207N5.5,0,3,3,2,2,0,0,0,0,0
RP23-212H18.4,0,12,9,13,10,0,2,6,3,4
RP23-216D14.3,14,26,30,23,23,24,17,15,6,20
RP23-218K15.3,40,137,144,138,198,59,68,61,27,38
RP23-21B1.5,8,0,0,3,12,2,0,5,1,2
RP23-222G6.3,4,15,8,10,14,4,6,3,1,3
RP23-231J2.1,745,1908,1228,1387,1890,930,980,576,714,864
RP23-235M8.7,8,13,9,8,9,15,16,10,3,8
RP23-240M8.2,30,60,54,55,62,39,26,39,10,37
RP23-244C22.6,0,0,0,0,0,0,0,0,0,0
RP23-259N3.1,0,0,0,0,0,0,0,0,0,0
RP23-268E17.1,5,0,0,0,0,4,0,0,0,0
RP23-272F2.2,4,0,0,0,0,4,0,0,0,0
RP23-274K7.1,2,6,7,6,7,6,4,1,1,11
RP23-276E14.1,4,12,9,7,12,7,9,5,5,6
RP23-276L17.2,0,0,0,0,0,0,5,5,5,4
RP23-281H4.10,1,0,0,0,0,2,0,0,0,0
RP23-291B1.2,6,35,31,31,34,10,8,7,5,13
RP23-299D2.2,156,186,185,225,176,140,154,185,93,109
RP23-2D23.2,13,13,28,31,31,11,18,12,6,17
RP23-300E17.1,0,0,0,0,0,1,0,0,0,0
RP23-306P12.2,0,11,14,14,12,0,0,0,0,0
RP23-306P12.4,6,12,9,6,15,5,4,1,6,4
RP23-307M24.1,4,9,3,8,6,2,4,10,5,1
RP23-308M1.6,8,34,15,23,27,10,21,21,8,12
RP23-316J6.4,12,27,25,24,39,11,11,13,10,11
RP23-316J6.5,0,5,5,2,3,0,0,0,0,0
RP23-325D10.3,0,0,0,0,0,0,0,0,0,0
RP23-32A8.5,192,428,275,339,363,178,326,303,153,205
RP23-32A8.6,9,7,13,15,28,15,10,7,11,10
RP23-32A8.8,0,3,9,3,8,0,4,2,4,4
RP23-331A21.6,0,0,0,0,0,0,0,0,0,0
RP23-332G12.1,15,32,39,28,40,13,20,15,13,6
RP23-335G1.1,10,14,20,18,24,11,20,12,8,9
RP23-341H2.2,0,6,18,11,14,0,0,0,0,0
RP23-343H23.2,6,14,9,7,14,7,2,5,6,8
RP23-344G21.5,56,100,113,109,116,53,83,81,51,59
RP23-350G1.5,3,17,16,15,17,11,6,7,3,5
RP23-353F16.3,14,63,79,79,108,36,25,22,10,14
RP23-361O12.3,1,3,6,4,5,3,0,0,0,0
RP23-362F15.1,143,378,276,209,275,264,201,249,146,166
RP23-366O14.5,1,0,0,0,0,3,0,0,0,0
RP23-36D15.6,0,5,6,5,10,0,0,0,0,0
RP23-36D15.8,3,0,0,0,0,2,5,1,0,0
RP23-378D16.5,5,19,16,12,22,12,13,14,8,9
RP23-394F19.1,0,7,4,8,8,5,0,0,0,0
RP23-402A4.1,4,4,9,7,5,3,5,5,2,5
RP23-407N2.2,546,1551,1272,1443,1380,625,841,889,353,680
RP23-414I24.8,37,74,30,41,57,35,14,31,5,18
RP23-421O10.2,0,13,6,9,4,0,4,3,2,2
RP23-423B21.2,1,8,5,1,8,0,0,0,0,0
RP23-428N8.3,6,24,11,21,24,6,7,9,5,11
RP23-430B14.2,172,364,345,292,318,153,222,220,83,135
RP23-433B5.2,0,12,6,5,13,0,7,7,2,3
RP23-435E16.1,9,5,13,6,9,4,8,4,6,5
RP23-446E13.1,0,7,9,8,9,0,6,7,3,3
RP23-449M8.5,5,42,22,22,23,19,6,1,3,5
RP23-449M8.6,19,21,27,34,21,23,8,6,8,14
RP23-44H21.1,22,38,45,30,53,35,18,8,10,28
RP23-455C13.7,3,241,260,280,246,5,23,17,8,4
RP23-458C8.2,26,42,41,44,55,45,38,34,21,24
RP23-466J17.3,11,21,23,26,39,12,16,14,8,15
RP23-466P2.3,8,19,15,18,23,12,10,13,11,13
RP23-474J16.2,39,97,57,77,81,40,40,15,10,27
RP23-49I18.5,0,9,2,6,4,0,0,0,0,0
RP23-4H17.3,10,21,19,18,36,11,5,4,1,4
RP23-51L15.5,276,170,91,127,178,57,114,76,26,70
RP23-53O7.2,0,4,4,4,4,0,0,0,0,0
RP23-54G8.4,183,361,322,346,470,416,174,221,146,213
RP23-59P20.3,1,27,30,35,32,0,0,0,0,0
RP23-60P18.10,16,65,57,65,93,35,32,36,29,26
RP23-6I17.1,1,11,5,6,10,2,2,4,6,2
RP23-81F19.2,4,11,3,1,10,2,2,3,3,1
RP23-83P19.1,2,0,0,0,0,0,0,0,0,0
RP23-85B15.7,37,42,60,48,59,36,43,44,31,25
RP23-85B15.8,5,6,4,4,4,2,7,5,3,5
RP23-89A16.3,0,0,0,0,6,0,0,0,0,0
RP23-89C10.2,44,99,68,121,109,59,63,73,43,47
RP23-89C10.5,16,50,40,46,48,13,14,10,15,16
RP23-9K14.6,5,7,8,5,6,5,4,2,0,4
RP24-112I14.3,39,29,43,43,32,15,23,16,8,18
RP24-118K11.2,0,5,5,4,3,0,0,0,0,0
RP24-120F8.4,81,133,95,77,133,42,32,66,28,41
RP24-127M20.8,228,2019,2131,2267,2530,614,315,299,168,202
RP24-134N2.1,38,73,73,75,104,86,36,96,12,53
RP24-136L4.5,4,14,16,11,21,3,7,7,2,4
RP24-136L4.6,14,24,20,24,19,14,10,9,8,12
RP24-138O17.3,10,10,10,11,7,3,5,2,3,5
RP24-143K11.2,8,52,20,34,51,0,2,4,1,6
RP24-159C12.10,24,75,78,93,77,16,31,24,26,22
RP24-174G2.4,7,0,0,5,0,3,4,4,1,6
RP24-177G14.2,27,103,44,81,87,42,33,30,24,34
RP24-185P7.1,6,23,24,18,25,4,10,5,2,9
RP24-222O22.4,6,9,3,6,8,0,4,3,3,2
RP24-236C17.2,200,509,473,612,485,360,277,307,99,195
RP24-236C17.3,79,163,139,174,164,121,144,135,55,90
RP24-238P16.1,0,9,3,5,2,0,0,0,0,0
RP24-240G4.4,3,6,4,11,6,2,0,0,0,0
RP24-259P13.2,0,0,0,0,0,0,0,0,0,0
RP24-263G24.2,8,26,11,17,14,6,11,7,7,4
RP24-267C3.3,178,346,304,317,297,211,157,187,133,150
RP24-269A16.9,12,33,30,49,45,21,20,13,8,5
RP24-274B19.1,529,1269,968,1171,1410,877,631,641,403,610
RP24-274B19.2,0,0,0,0,0,0,0,0,0,0
RP24-281E22.2,35,48,37,36,32,25,32,25,13,20
RP24-308M10.2,15,52,38,30,46,19,21,32,12,12
RP24-325H17.1,1,6,13,13,12,2,0,0,0,0
RP24-328C2.1,3,8,7,4,1,2,9,4,2,5
RP24-339E15.5,0,0,0,0,0,0,1,2,5,3
RP24-362L9.2,10,27,17,29,19,13,18,11,8,18
RP24-443G20.1,3,10,11,8,9,6,9,9,1,3
RP24-445D7.2,56,139,148,154,198,199,112,147,93,74
RP24-476M14.1,3,14,13,8,12,6,7,8,0,0
RP24-549B12.3,1,9,5,10,10,0,7,3,0,0
RP24-63G4.13,3,24,23,22,21,8,6,8,3,3
RP24-72H18.4,58,125,111,112,107,84,64,108,49,56
RP24-78M9.6,0,0,0,0,0,4,0,0,0,0
Rab10,408,1153,1101,1088,1153,536,416,435,328,404
Rab10os,168,417,353,470,519,290,246,309,132,184
Rab11a,223,863,764,784,752,246,312,264,164,308
Rab11b,140,650,712,635,705,232,202,181,133,183
Rab11fip1,10,31,25,27,26,12,16,8,9,15
Rab11fip2,730,1576,1609,1787,2163,2156,1533,1826,1391,963
Rab11fip3,728,1310,952,1254,1195,777,750,662,384,635
Rab11fip4,407,670,598,581,691,803,591,648,367,466
Rab11fip4os1,29,60,61,61,53,36,43,42,12,21
Rab11fip4os2,4,0,0,0,0,0,0,0,0,0
Rab11fip5,22,93,77,76,124,47,26,28,20,32
Rab12,242,575,446,592,611,442,320,245,160,194
Rab13,52,143,137,120,172,65,73,73,37,39
Rab14,299,1068,1172,1325,1210,434,471,374,256,372
Rab15,135,455,436,443,465,231,217,208,87,158
Rab18,114,673,599,608,713,171,215,206,110,189
Rab19,6,14,10,3,4,8,6,9,6,5
Rab1a,269,812,769,758,873,347,336,347,201,325
Rab1b,19,159,140,133,163,23,21,32,18,28
Rab20,7,10,5,2,12,5,9,6,2,8
Rab21,56,134,116,117,187,127,55,60,54,77
Rab22a,60,273,222,240,285,128,136,100,69,118
Rab23,105,175,157,186,194,93,90,116,32,80
Rab24,959,3506,2681,3078,3476,1791,1913,1823,984,1683
Rab26,303,1963,1161,1547,1801,561,713,584,328,598
Rab26os,76,246,250,287,345,129,108,96,33,48
Rab27a,139,208,189,250,271,175,116,133,143,136
Rab27b,196,498,464,542,596,406,234,312,132,228
Rab28,244,874,668,717,890,250,329,269,168,298
Rab29,21,73,49,47,66,19,36,23,15,28
Rab2a,473,1350,1334,1323,1443,621,558,533,374,483
Rab2b,109,176,378,322,172,100,71,112,124,77
Rab30,373,684,785,696,828,440,420,397,218,336
Rab31,244,513,475,484,696,297,220,255,148,220
Rab32,4,12,12,4,9,3,4,5,1,6
Rab33a,70,170,200,171,210,90,84,83,42,42
Rab33b,51,141,124,129,121,41,50,62,20,50
Rab34,885,1821,1580,1627,1566,1033,1165,1394,692,875
Rab35,46,230,194,215,253,48,76,61,47,77
Rab36,301,828,682,803,699,132,307,356,67,240
Rab37,22,57,55,50,69,32,16,30,17,20
Rab38,19,49,44,68,64,52,27,27,9,23
Rab39,34,384,342,322,459,55,99,56,29,80
Rab39b,42,94,76,89,74,33,30,31,11,15
Rab3a,423,2755,2992,2913,3150,509,666,630,328,401
Rab3b,96,343,325,282,373,239,133,147,35,122
Rab3c,625,1977,1753,1960,1859,1403,981,1048,486,850
Rab3d,61,134,95,162,151,81,79,88,37,70
Rab3gap1,320,684,577,620,717,379,386,331,217,349
Rab3gap2,338,762,499,601,731,326,318,294,157,299
Rab3il1,5,48,16,25,33,12,8,12,9,10
Rab3ip,197,519,464,551,521,272,256,182,163,199
Rab40b,462,702,604,818,651,443,439,426,300,304
Rab40c,752,1117,838,922,1073,578,692,647,391,606
Rab42,48,92,85,94,84,52,35,75,25,35
Rab43,0,0,0,0,0,0,0,0,0,0
Rab44,0,0,0,0,0,0,0,0,0,0
Rab4a,0,0,0,0,0,0,0,0,0,0
Rab4b,6,20,11,7,20,4,4,4,3,8
Rab5a,178,298,256,255,216,244,239,201,127,155
Rab5b,444,1023,845,953,879,412,481,475,220,331
Rab5c,117,573,518,480,565,154,200,143,96,169
Rab6a,551,1377,1507,1503,1463,608,667,669,328,550
Rab6b,197,685,726,771,768,449,295,282,144,233
Rab7,276,903,779,828,938,309,319,297,196,269
Rab7b,1,17,12,5,10,6,0,2,2,5
Rab8a,30,167,108,158,175,65,73,44,26,56
Rab8b,401,806,670,689,583,652,552,411,260,334
Rab9,69,294,263,258,305,70,96,70,40,82
Rab9b,33,151,150,154,122,32,42,35,9,36
Rabac1,389,1830,1923,1658,1825,593,603,745,372,547
Rabep1,1083,2139,1799,2019,2064,1147,1252,1164,661,1128
Rabep2,126,450,309,393,428,186,166,209,118,162
Rabepk,142,388,371,389,444,272,193,278,118,161
Rabgap1,1012,2086,1462,1822,1999,942,1044,1006,613,936
Rabgap1l,1755,4778,4486,5257,5211,3076,2438,2128,1516,2090
Rabgef1,276,1359,1461,1485,1607,347,423,367,218,269
Rabggta,73,421,309,356,426,74,136,166,72,141
Rabggtb,112,455,432,484,510,121,175,186,80,144
Rabif,133,273,285,260,297,128,123,164,56,91
Rabl2,133,673,670,801,687,278,336,285,118,288
Rabl3,38,85,66,78,104,47,38,60,21,35
Rabl6,904,2368,1976,2182,2234,829,1052,911,466,860
Rac1,273,876,828,920,886,242,327,284,171,294
Rac2,5,27,4,2,14,6,5,2,2,1
Rac3,84,433,330,267,431,136,126,157,82,106
Racgap1,15,50,34,35,39,20,22,21,10,15
Rad1,20,72,83,79,65,35,34,23,15,36
Rad17,301,531,392,537,513,245,288,238,161,222
Rad18,61,179,64,85,102,59,53,52,48,46
Rad21,104,265,213,216,297,107,89,96,46,87
Rad21l,0,0,0,0,0,0,4,3,0,3
Rad23a,119,467,310,342,538,145,166,167,104,105
Rad23b,222,550,434,493,599,284,311,278,176,269
Rad50,135,276,237,289,298,162,143,142,94,138
Rad51,14,39,27,36,39,13,12,9,10,9
Rad51ap1,19,19,22,27,24,14,16,16,6,6
Rad51ap2,28,28,43,34,29,20,25,32,22,15
Rad51b,12,22,16,23,32,17,16,7,14,15
Rad51c,70,116,115,140,118,50,98,78,31,67
Rad51d,98,163,171,178,173,88,103,123,56,70
Rad52,131,340,229,248,322,160,138,143,86,126
Rad54b,7,17,5,11,12,5,10,5,10,7
Rad54l,17,24,16,29,25,10,8,20,4,14
Rad54l2,254,413,371,409,458,220,241,247,150,180
Rad9a,15,103,84,80,109,33,45,50,27,38
Rad9b,228,490,452,450,444,267,278,231,139,203
Radil,127,261,244,237,236,173,151,154,72,120
Rae1,407,1204,904,1101,1094,614,587,592,316,444
Raet1e,16,75,38,43,55,23,38,25,15,21
Raf1,489,1068,895,1116,1091,432,403,423,208,304
Rai1,293,676,499,568,609,237,269,240,137,234
Rai14,69,171,154,163,168,193,96,125,28,105
Rai2,33,70,93,76,105,62,41,43,21,19
Rala,149,442,403,418,411,272,197,188,127,185
Ralb,79,228,171,231,228,133,71,98,46,66
Ralbp1,227,680,772,923,824,434,425,335,217,329
Ralgapa1,1379,3330,2347,3037,3370,1807,1848,1614,843,1486
Ralgapa2,492,1142,903,1176,1248,824,570,549,421,554
Ralgapb,401,766,557,685,775,452,379,436,274,398
Ralgds,97,479,356,432,481,141,161,116,72,127
Ralgps1,829,1803,1383,1646,1826,898,731,782,433,686
Ralgps2,275,914,681,856,955,447,408,333,189,363
Raly,0,0,0,0,0,0,0,0,0,0
Ralyl,456,1112,1089,1261,1382,761,521,623,339,494
Ramp1,302,1333,1304,1175,1398,380,496,307,178,301
Ramp2,167,512,423,470,533,333,358,230,276,521
Ramp3,9,46,46,44,52,24,22,20,12,17
Ran,104,485,471,492,462,141,183,130,110,150
Ranbp1,231,1085,959,960,1152,403,392,338,211,274
Ranbp10,538,968,795,864,791,552,586,509,284,421
Ranbp17,289,479,489,529,502,270,273,258,177,225
Ranbp2,212,564,421,470,510,330,337,286,214,266
Ranbp3,140,489,402,436,483,200,194,182,107,172
Ranbp3l,67,165,172,272,117,33,101,89,26,36
Ranbp6,15,65,71,54,64,11,13,12,3,12
Ranbp9,287,657,609,682,764,535,357,340,200,377
Rangap1,254,671,644,642,664,370,392,309,140,257
Rangrf,21,130,82,97,124,47,49,46,25,35
Rap1a,358,971,893,899,957,434,429,356,293,413
Rap1b,116,443,374,372,402,164,164,151,95,165
Rap1gap,522,1924,1626,1901,2279,753,770,725,274,599
Rap1gap2,450,982,829,808,1008,669,604,665,281,491
Rap1gapos,62,536,471,461,450,22,225,163,69,113
Rap1gds1,418,1248,1003,1145,1229,751,576,582,311,620
Rap2a,61,185,161,170,185,201,88,96,71,72
Rap2b,113,276,236,316,294,146,124,100,78,85
Rap2c,8,54,45,41,61,32,21,19,18,19
Rapgef1,378,843,619,744,806,601,392,383,232,406
Rapgef2,1733,3423,2995,3236,3630,2047,1592,1657,1280,1642
Rapgef3,132,418,312,365,440,102,147,131,53,172
Rapgef3os1,3,7,7,11,7,5,4,5,1,6
Rapgef3os2,1,14,17,10,21,7,8,8,5,14
Rapgef4,1615,4102,3735,3985,4096,2558,2085,2190,1284,1779
Rapgef4os1,1183,4689,3811,3814,3958,2912,2742,3147,1861,2230
Rapgef4os2,3,8,9,7,8,3,0,0,0,0
Rapgef4os3,0,0,0,0,0,0,0,0,0,0
Rapgef5,967,2554,2135,2367,2640,1536,1300,1303,906,1189
Rapgef6,1232,2575,2105,2557,2631,1886,1682,1749,1090,1504
Rapgefl1,604,1024,869,997,1095,727,710,636,418,508
Raph1,742,1231,1021,1090,1300,809,722,759,444,521
Rapsn,1,9,4,4,10,6,0,0,0,0
Rara,31,93,99,124,94,54,26,38,19,28
Rarb,64,116,117,117,146,57,54,64,39,64
Rarg,74,166,142,147,163,100,96,76,33,92
Rarres1,4,26,18,25,17,5,4,5,7,7
Rarres2,140,267,553,195,334,85,367,64,121,164
Rars,36,196,169,207,179,71,61,42,36,62
Rars2,433,977,890,1050,940,594,604,619,358,463
Rasa1,260,646,458,561,660,321,331,339,246,359
Rasa2,322,834,741,785,785,402,402,407,234,332
Rasa3,143,427,389,323,443,153,154,166,89,138
Rasa4,28,74,67,56,93,27,45,29,24,36
Rasal1,156,604,507,598,629,300,267,270,108,218
Rasal2,2677,4549,3295,4036,4679,2498,2742,3050,1992,2914
Rasal3,5,31,4,6,28,6,4,5,8,14
Rasd1,23,139,127,179,118,9,41,45,13,42
Rasd2,16,47,63,53,51,20,11,19,10,10
Rasef,2,16,8,29,16,3,0,0,0,0
Rasgef1a,434,1528,1248,1594,1490,745,667,570,328,551
Rasgef1b,10,26,18,17,32,20,5,27,4,8
Rasgef1c,6,17,18,16,22,15,10,13,6,6
Rasgrf1,1023,2927,2563,3151,2798,1797,1052,1235,929,1164
Rasgrf2,140,379,341,372,481,249,180,222,157,183
Rasgrp1,379,1068,1050,1106,1031,399,399,436,209,238
Rasgrp2,31,109,104,102,138,90,63,59,39,92
Rasgrp3,32,111,70,60,131,50,32,27,38,80
Rasgrp4,22,29,28,30,20,26,35,24,12,17
Rasip1,20,95,55,57,75,72,60,37,48,97
Rasl10a,349,1340,1199,1631,1450,527,804,471,370,546
Rasl10b,21,135,120,97,118,48,22,44,19,21
Rasl11a,44,209,193,211,169,36,64,38,40,47
Rasl11b,117,319,410,420,340,191,137,188,54,76
Rasl12,8,10,10,10,10,9,6,7,5,10
Rasl2-9,0,7,5,6,9,0,0,0,0,0
Rassf1,151,398,308,356,352,254,218,238,126,198
Rassf10,0,0,0,8,11,0,0,0,0,0
Rassf2,59,128,91,91,174,40,57,47,32,45
Rassf3,76,141,103,88,174,93,61,115,55,81
Rassf4,4,20,22,7,17,9,5,7,5,4
Rassf5,11,45,37,38,73,25,12,10,12,14
Rassf6,0,0,0,0,12,0,0,0,0,0
Rassf7,0,17,8,6,10,0,5,7,3,5
Rassf8,51,2278,1902,2202,2069,617,75,68,752,616
Rassf9,32,49,78,50,52,51,72,48,63,76
Raver1,274,695,612,677,706,617,462,417,275,293
Raver2,205,587,470,615,604,438,229,202,183,227
Rax,0,7,5,6,10,0,0,0,0,0
Rb1,448,903,696,765,854,602,542,536,322,421
Rb1cc1,685,1379,1127,1346,1383,759,745,710,478,649
Rbak,43,92,86,83,98,41,41,53,25,34
Rbbp4,271,613,528,634,574,282,241,260,135,215
Rbbp5,60,126,125,163,171,95,50,70,32,58
Rbbp6,349,958,833,898,969,444,485,419,271,402
Rbbp7,242,728,714,689,764,310,318,224,199,252
Rbbp8,69,143,148,142,116,84,78,90,32,64
Rbbp9,66,152,145,121,140,62,79,84,34,46
Rbck1,58,351,273,295,357,107,117,108,67,93
Rbfa,55,218,213,229,270,48,72,73,35,61
Rbfox1,6609,13678,12660,15186,15397,11675,6938,6993,5706,6919
Rbfox2,845,2087,1782,2212,2152,1436,985,915,521,873
Rbfox3,1034,2428,2330,2800,2828,2010,1247,1235,894,1096
Rbks,203,440,365,397,416,269,201,243,147,169
Rbl1,31,33,30,24,45,27,33,31,11,27
Rbl2,149,210,198,227,353,107,119,216,120,106
Rbm10,354,747,569,735,745,393,449,401,239,394
Rbm11,18,46,44,40,41,26,19,18,13,18
Rbm12,0,0,0,0,0,0,0,0,0,0
Rbm12b1,5,42,40,39,42,9,8,11,6,15
Rbm12b2,17,58,42,57,50,19,16,9,9,20
Rbm14,0,0,0,0,0,0,0,0,0,0
Rbm15,32,109,54,70,98,23,51,34,21,36
Rbm15b,0,0,0,0,0,0,0,0,0,0
Rbm17,64,283,238,312,317,108,120,103,44,120
Rbm18,171,371,406,416,377,241,227,261,109,181
Rbm19,16,56,51,56,69,9,22,20,15,17
Rbm20,135,76,87,89,83,68,118,117,64,122
Rbm22,81,262,249,253,285,100,104,82,47,98
Rbm24,106,192,188,194,185,195,137,178,109,115
Rbm25,949,2459,1867,2415,2740,1293,1061,1001,734,1130
Rbm26,1725,3007,1781,2263,3028,1182,1714,2116,1174,1765
Rbm27,259,609,490,573,559,336,341,293,171,285
Rbm28,209,522,467,585,632,341,271,241,127,204
Rbm3,10,80,59,71,79,10,15,7,2,28
Rbm33,149,371,330,341,439,229,158,180,128,145
Rbm34,74,192,214,195,184,107,120,98,52,101
Rbm38,9,33,21,40,34,13,21,8,7,9
Rbm39,3072,7882,6566,7671,8542,3433,3032,4080,2165,2893
Rbm3os,0,5,10,8,7,0,0,0,0,0
Rbm4,0,0,0,0,0,0,0,0,0,0
Rbm41,91,197,187,230,271,155,119,118,98,127
Rbm42,107,273,272,308,348,150,144,126,100,130
Rbm43,25,82,58,72,84,24,27,25,10,25
Rbm45,72,142,108,116,117,36,52,42,21,39
Rbm46,2,7,4,11,12,2,6,2,3,9
Rbm46os,0,9,4,0,0,3,5,1,1,2
Rbm47,16,49,12,24,43,21,17,14,17,30
Rbm48,55,155,159,180,184,71,73,78,46,40
Rbm4b,330,621,531,624,608,262,335,313,157,232
Rbm5,1090,2601,1984,2355,2291,1282,1393,1274,727,1086
Rbm6,1058,2333,1923,2175,2541,1493,1232,1214,742,1177
Rbm7,174,572,503,501,518,246,233,239,121,214
Rbm8a,116,440,405,401,460,177,198,143,105,169
Rbm8a2,0,0,0,0,0,0,0,0,0,0
Rbms1,326,635,599,663,700,598,472,422,240,398
Rbms2,138,243,235,260,274,152,139,101,61,121
Rbms3,342,859,680,776,902,530,404,353,290,376
Rbmx,189,817,672,756,817,189,263,219,91,163
Rbmx2,10,52,50,43,59,21,13,14,12,16
Rbmxl1,42,250,270,257,291,73,98,74,33,43
Rbp1,29,54,89,76,63,28,47,50,15,27
Rbp4,9,138,132,142,130,16,18,22,6,13
Rbpj,82,164,154,183,171,116,84,74,62,91
Rbpjl,7,17,23,15,14,4,6,17,9,9
Rbpms,35,78,60,80,74,56,83,38,41,83
Rbpms2,12,28,27,29,19,8,16,12,6,18
Rbsn,45,121,127,149,139,67,34,46,18,40
Rbx1,267,1016,1054,1003,1226,380,340,308,187,282
Rc3h1,532,1012,831,822,1126,607,728,593,402,535
Rc3h2,485,1081,843,1024,1163,584,560,565,308,576
Rcan1,97,268,265,226,267,138,99,103,70,87
Rcan2,132,363,320,342,426,250,132,175,97,188
Rcan3,62,124,106,114,119,56,67,96,33,51
Rcbtb1,92,259,229,190,301,132,94,89,80,131
Rcbtb2,64,181,135,148,167,70,74,71,62,73
Rcc1,108,414,356,219,470,302,238,117,126,190
Rcc2,81,285,261,277,252,140,119,146,56,85
Rccd1,60,161,102,127,140,58,71,67,29,68
Rce1,72,518,354,442,459,156,218,173,68,149
Rchy1,856,1892,1681,1867,1677,853,983,845,426,637
Rcl1,152,317,350,391,337,169,180,196,100,140
Rcn1,16,71,80,88,93,5,21,17,16,16
Rcn2,229,1518,1269,1089,1112,146,402,278,168,215
Rcn3,14,83,64,48,63,14,21,15,13,23
Rcor1,346,542,471,580,549,483,425,394,265,327
Rcor2,101,195,183,174,205,88,123,158,74,105
Rcor3,128,377,326,381,354,200,139,140,85,128
Rcsd1,17,37,22,35,30,41,27,16,19,25
Rcvrn,5,8,6,16,12,7,15,9,7,3
Rd3,0,3,7,2,7,0,0,0,0,0
Rdh10,38,137,134,109,110,49,55,38,36,44
Rdh11,20,118,97,73,107,30,24,27,11,19
Rdh12,33,107,74,100,110,52,32,44,26,25
Rdh13,164,334,269,397,353,114,215,157,98,146
Rdh14,333,1055,984,927,933,277,414,377,188,277
Rdh5,52,129,110,111,125,37,78,59,40,57
Rdm1,58,143,114,107,151,72,79,66,48,65
Rdx,116,315,374,329,409,185,163,138,122,181
Rec114,16,85,74,65,52,20,68,16,15,18
Rec8,4,17,32,18,19,13,16,7,7,9
Reck,182,411,235,299,422,184,184,166,145,176
Recql,82,247,215,219,254,110,128,112,64,86
Recql4,2,16,21,32,30,13,14,5,4,8
Recql5,210,427,301,399,404,159,188,173,112,191
Recql5os1,9,25,12,20,21,7,11,7,7,8
Reep1,506,1141,1002,1005,1210,822,532,639,315,507
Reep2,381,1124,923,904,1034,469,471,612,239,393
Reep3,356,673,562,604,674,294,371,356,186,306
Reep4,20,119,86,79,110,28,47,28,8,30
Reep5,205,1124,1104,945,1059,215,289,236,140,200
Reep6,4,24,17,15,15,10,4,3,4,6
Reg2,2,14,7,8,9,7,9,9,1,5
Rel,32,50,56,56,51,44,29,30,23,28
Rela,45,158,138,162,179,79,71,73,37,66
Relb,52,125,123,119,105,50,57,55,36,44
Rell1,42,137,123,118,125,61,38,63,17,42
Rell2,301,1510,993,1123,1352,674,607,649,288,557
Reln,196,412,346,348,400,289,176,204,106,136
Relt,18,76,71,57,83,22,22,31,12,19
Rem1,7,5,8,8,13,2,4,8,4,9
Rem2,76,369,195,302,343,81,147,100,53,88
Renbp,20,77,24,26,63,30,20,12,11,20
Rep15,25,44,25,28,37,23,29,17,18,29
Repin1,0,0,0,0,0,0,0,0,0,0
Reps1,175,420,362,423,505,281,209,203,167,218
Reps2,1169,2571,2453,2612,2498,1759,1461,1508,862,1028
Rer1,70,441,440,407,410,46,105,104,48,107
Rere,2891,5469,4463,5288,5536,2886,2983,2517,1653,2624
Rerg,123,283,272,325,279,203,139,124,109,129
Resp18,112,793,799,631,738,196,212,173,67,190
Rest,17,48,34,33,34,26,17,16,15,21
Ret,5,11,7,2,10,5,0,0,0,0
Retn,3,34,11,8,11,2,6,4,3,5
Retsat,9,89,58,47,58,8,22,17,8,19
Rev1,320,860,739,838,865,439,398,355,236,397
Rev3l,779,1341,1124,1326,1436,1010,852,739,523,784
Rexo1,119,306,289,382,331,166,203,161,115,141
Rexo2,119,562,428,446,597,182,184,164,103,160
Rexo4,171,410,274,369,408,195,206,210,91,169
Rfc1,119,227,201,225,271,145,146,130,96,121
Rfc2,327,729,600,669,770,504,429,481,230,328
Rfc3,43,110,106,117,143,58,45,73,28,52
Rfc4,15,34,27,42,41,22,21,21,8,15
Rfc5,25,109,116,111,148,43,46,57,29,44
Rfesd,36,139,95,102,165,50,44,56,50,41
Rffl,245,463,390,402,477,240,271,216,165,233
Rfk,11,102,104,128,110,16,21,34,12,24
Rfng,420,2187,1535,2441,2221,848,1035,872,392,854
Rft1,50,132,103,114,114,50,45,47,28,37
Rftn1,109,351,249,291,276,138,146,95,75,155
Rftn2,52,158,144,104,163,25,55,45,23,49
Rfwd2,249,680,519,588,761,385,293,286,256,329
Rfwd3,170,276,195,267,258,101,138,142,89,132
Rfx1,43,224,156,232,200,94,79,78,35,72
Rfx2,48,106,124,105,113,29,69,44,29,52
Rfx3,1463,3117,2579,3304,3757,2210,1978,1811,1958,2252
Rfx4,175,448,343,338,337,103,240,135,71,173
Rfx5,9,62,46,42,71,17,15,19,13,13
Rfx7,723,1697,1382,1588,1865,823,846,861,488,909
Rfx8,7,4,10,6,3,2,5,2,2,2
Rfxank,39,87,89,87,118,38,42,33,21,42
Rfxap,38,104,68,80,212,88,97,82,31,58
Rgag4,5,28,29,17,34,19,9,10,5,10
Rgcc,139,574,362,385,652,236,237,180,164,377
Rgl1,345,1049,914,937,1057,655,458,389,308,495
Rgl2,131,579,420,507,578,286,254,223,166,359
Rgl3,14,37,27,28,35,26,32,23,11,24
Rgma,221,491,393,387,477,144,189,152,81,179
Rgmb,19,55,51,56,58,17,17,12,15,28
Rgp1,88,493,492,482,476,282,176,182,133,114
Rgs1,0,0,0,0,12,0,0,0,0,4
Rgs10,41,233,191,171,294,59,56,39,48,54
Rgs11,426,2166,1685,2028,2126,846,1022,1001,500,803
Rgs12,70,208,179,189,233,97,121,90,56,103
Rgs13,2,17,14,13,7,6,8,3,4,5
Rgs14,62,308,229,271,278,30,97,64,31,58
Rgs16,1,12,21,24,22,8,9,6,3,5
Rgs17,289,725,750,741,858,571,336,364,200,361
Rgs19,50,264,241,250,248,105,140,73,41,130
Rgs2,51,152,199,187,197,81,67,65,31,52
Rgs20,476,1253,951,798,1101,332,556,370,176,480
Rgs22,30,61,71,47,49,31,26,18,19,18
Rgs3,70,132,145,173,155,76,93,81,42,66
Rgs4,60,317,282,283,283,78,78,108,31,60
Rgs5,183,512,290,322,486,193,361,250,189,447
Rgs6,305,821,733,776,1033,806,359,631,237,405
Rgs7,1470,3358,2919,3479,3662,2695,1597,1818,1171,1691
Rgs7bp,1090,2462,2100,2570,2497,1761,1251,1236,994,1097
Rgs8,47,141,163,148,164,55,62,54,49,51
Rgs9,30,84,68,72,96,35,41,29,13,24
Rgsl1,12,25,27,28,34,27,9,15,7,8
Rhag,0,0,0,0,0,0,2,3,1,3
Rhbdd1,110,253,216,242,276,68,85,106,60,68
Rhbdd2,259,890,739,745,740,385,476,429,232,327
Rhbdd3,144,441,336,380,474,242,221,265,91,187
Rhbdf1,50,237,170,177,204,80,99,81,50,113
Rhbdf2,7,6,5,12,13,11,8,3,6,5
Rhbdl2,15,24,20,14,15,9,16,11,3,11
Rhbdl3,247,495,534,475,420,404,363,289,146,265
Rhcg,1,11,9,5,8,1,0,0,0,0
Rhd,37,136,169,183,176,90,34,32,17,32
Rheb,349,1395,1329,1299,1386,397,422,451,200,334
Rhebl1,44,173,149,169,176,81,79,95,48,80
Rhno1,48,188,142,163,185,96,91,85,43,94
Rhoa,418,961,836,840,933,514,534,508,329,588
Rhob,81,569,577,591,681,177,208,131,103,193
Rhobtb1,110,178,167,151,171,129,130,131,91,133
Rhobtb2,163,357,324,376,344,229,166,199,97,112
Rhobtb3,91,261,183,205,297,101,89,88,52,67
Rhoc,39,157,104,107,145,72,75,47,58,107
Rhod,7,8,16,10,13,8,8,5,5,9
Rhof,0,0,0,0,0,0,0,0,0,0
Rhog,21,57,61,53,56,23,24,22,14,26
Rhoh,13,22,10,8,17,23,14,11,9,30
Rhoj,34,125,92,74,118,43,44,18,28,53
Rhoq,106,245,264,251,280,125,102,105,77,95
Rhot1,657,1454,1052,1186,1328,588,681,610,337,532
Rhot2,135,235,206,206,193,176,169,210,105,113
Rhou,0,0,0,0,0,0,0,0,0,0
Rhov,7,38,32,33,45,6,8,8,6,8
Rhpn1,19,160,115,126,152,49,66,47,18,68
Rhpn2,22,58,46,35,47,18,32,15,13,17
Ribc1,7,15,33,16,25,5,14,17,5,5
Ribc2,9,25,12,12,10,10,11,17,5,7
Ric1,271,450,283,421,464,226,256,245,160,220
Ric3,306,694,590,678,672,410,357,354,194,246
Ric8,104,491,420,444,483,132,200,180,110,189
Ric8b,120,268,254,271,310,204,133,171,99,143
Rictor,158,410,362,432,514,256,206,162,115,212
Rif1,141,372,335,389,407,423,277,268,171,252
Riiad1,102,198,227,160,245,95,102,88,64,81
Rilp,10,39,31,32,41,17,20,28,10,17
Rilpl1,278,549,495,600,572,208,259,227,143,215
Rilpl2,135,272,265,287,267,149,174,161,84,123
Rimbp2,758,1549,1569,1636,1727,1242,747,804,561,718
Rimkla,21,73,79,96,78,47,28,23,19,25
Rimklb,104,291,208,220,334,114,97,86,48,107
Rims1,3859,8640,7202,8701,9896,6401,4420,4534,3328,4085
Rims2,1050,2349,2285,2600,3060,2232,1250,1669,806,1326
Rims3,39,93,108,87,121,71,38,85,15,38
Rims4,93,165,186,156,173,169,98,127,49,83
Rin1,45,279,202,213,224,59,49,80,33,66
Rin2,76,186,153,161,196,70,72,62,47,74
Rin3,4,27,10,19,27,15,7,9,9,27
Ring1,324,1712,1189,1480,1732,568,623,575,310,643
Rinl,12,34,21,31,38,34,14,16,12,17
Rint1,236,488,340,365,439,201,213,225,145,188
Riok1,282,600,539,597,507,304,322,316,165,230
Riok3,362,744,705,758,800,455,366,327,199,373
Ripk1,26,85,62,64,91,37,35,30,19,36
Ripk2,329,541,434,501,577,321,308,463,289,251
Ripk4,0,3,6,4,14,0,0,0,0,0
Ripply2,19,50,42,53,58,9,16,14,9,13
Rit1,52,349,247,259,308,119,95,87,42,132
Rit2,519,1537,1337,1388,1650,791,687,682,429,724
Rita1,78,198,151,171,201,75,102,87,43,65
Rlbp1,48,118,103,94,137,20,48,41,13,35
Rlf,704,1406,1175,1364,1288,699,776,572,455,624
Rlim,244,571,417,489,470,353,296,393,186,258
Rln1,0,14,9,9,8,0,0,0,0,0
Rltpr,120,655,483,576,607,196,246,233,118,168
Rmdn1,1018,2806,2503,2867,2880,1963,1865,2113,991,1393
Rmdn2,58,148,122,114,139,78,59,102,52,71
Rmdn3,108,358,310,334,349,159,149,163,99,127
Rmi1,20,84,56,83,84,24,26,21,8,24
Rmi2,8,6,3,3,14,3,5,5,5,6
Rmnd1,448,854,655,1005,588,370,460,573,270,289
Rmnd5a,199,365,341,385,479,186,167,206,145,170
Rmnd5b,162,504,410,497,511,214,238,192,121,165
Rmst,391,1062,1056,1054,1485,465,436,567,171,596
Rnase1,12,67,26,25,62,9,25,14,2,8
Rnase4,15,72,73,54,69,14,37,23,30,23
Rnaseh1,84,221,157,188,189,60,88,88,43,73
Rnaseh2a,104,235,225,246,294,120,127,130,67,95
Rnaseh2b,55,111,81,84,107,63,60,51,29,58
Rnaseh2c,93,315,307,263,313,188,164,175,97,168
Rnasek,0,27,31,21,30,0,0,0,0,0
Rnasel,23,29,27,25,43,36,25,30,16,30
Rnaset2a,23,41,40,41,47,16,22,21,15,40
Rnaset2b,37,72,42,47,59,31,29,17,21,40
Rnd1,35,77,91,78,57,29,30,59,7,32
Rnd2,13,89,60,42,100,18,18,16,12,13
Rnd3,52,145,101,110,146,20,53,69,22,41
Rnf10,235,804,489,506,675,198,224,201,107,202
Rnf103,203,505,407,402,440,179,175,210,115,150
Rnf11,263,738,468,450,852,286,331,359,176,252
Rnf111,269,610,446,502,527,427,390,296,183,297
Rnf112,922,5431,3858,5681,5529,1223,2042,1538,842,1678
Rnf113a1,14,57,46,63,74,17,21,13,4,9
Rnf113a2,0,0,0,0,0,0,0,0,0,0
Rnf114,328,772,713,771,702,373,367,386,168,259
Rnf115,349,895,652,765,798,474,427,406,226,330
Rnf121,159,380,348,371,340,172,149,162,93,139
Rnf122,15,48,42,39,30,16,23,17,11,17
Rnf123,148,371,293,331,374,158,157,154,94,115
Rnf125,9,15,17,13,8,13,8,12,12,15
Rnf126,290,1267,779,1022,1488,629,677,608,361,580
Rnf128,116,309,276,314,276,116,152,107,69,99
Rnf13,348,1068,1010,897,984,350,369,370,190,305
Rnf130,313,776,644,677,809,513,402,409,241,356
Rnf135,21,41,34,49,60,14,27,27,7,23
Rnf138,538,931,726,832,833,473,512,547,246,412
Rnf138rt1,0,11,20,13,14,0,9,1,3,2
Rnf139,35,177,109,132,139,47,58,47,33,44
Rnf14,448,1312,1210,1244,1256,560,548,480,248,409
Rnf141,62,194,188,204,220,102,47,80,35,72
Rnf144a,154,263,270,253,264,136,113,133,51,103
Rnf144b,148,304,343,274,306,246,197,251,94,137
Rnf145,98,421,341,361,373,157,104,129,93,112
Rnf146,161,464,457,481,512,184,156,167,101,143
Rnf149,147,408,363,416,392,147,172,160,71,116
Rnf150,346,1005,932,974,1097,733,374,445,284,413
Rnf151,0,6,6,13,9,0,0,0,0,0
Rnf152,20,35,70,49,67,36,17,39,12,17
Rnf157,621,859,740,788,834,773,566,524,287,450
Rnf165,501,930,865,1032,950,692,592,570,307,438
Rnf166,166,382,253,300,326,171,226,225,109,152
Rnf167,229,962,843,842,836,349,340,377,173,268
Rnf168,142,220,180,233,213,139,119,132,62,117
Rnf169,263,528,486,475,644,511,413,449,246,346
Rnf17,21,94,15,45,71,51,33,25,11,21
Rnf170,212,425,310,353,400,217,227,240,96,173
Rnf180,93,198,173,158,194,115,101,105,50,84
Rnf181,111,401,335,400,492,141,193,159,91,164
Rnf182,609,1987,1513,1871,1553,810,1073,592,537,713
Rnf185,206,402,335,342,336,160,197,209,94,222
Rnf187,257,1293,1344,1315,1439,336,368,389,184,300
Rnf19a,291,636,506,657,614,372,351,321,229,297
Rnf19b,44,111,100,84,105,69,59,70,30,58
Rnf2,170,346,296,331,365,348,277,331,192,245
Rnf20,123,349,280,348,356,168,150,137,88,133
Rnf207,290,549,564,725,593,596,589,628,248,410
Rnf208,99,624,605,567,650,224,246,201,95,166
Rnf212,3,11,19,21,11,6,7,7,3,2
Rnf213,41,124,59,70,109,46,45,34,43,52
Rnf214,251,575,467,520,580,288,280,279,160,242
Rnf215,77,439,377,425,461,157,166,156,86,174
Rnf216,388,855,718,822,862,473,537,393,271,490
Rnf217,116,226,236,239,248,226,151,126,103,148
Rnf219,56,109,84,95,121,101,57,51,51,41
Rnf220,209,434,463,385,546,276,260,205,189,210
Rnf225,0,0,0,6,1,0,0,0,0,0
Rnf24,222,617,645,653,591,251,247,227,118,191
Rnf25,119,380,288,309,351,224,171,182,106,153
Rnf26,89,253,265,232,286,86,86,88,39,61
Rnf31,33,93,91,86,101,64,55,40,26,46
Rnf32,106,338,270,357,361,221,138,126,93,153
Rnf34,396,848,789,890,794,403,461,502,269,288
Rnf38,193,365,296,321,382,203,152,144,90,177
Rnf39,16,12,17,20,11,25,10,17,8,4
Rnf4,165,414,366,409,424,206,236,238,119,191
Rnf40,27,172,124,121,151,39,47,45,21,59
Rnf41,176,395,347,353,359,151,171,168,73,161
Rnf43,16,28,27,39,32,10,19,18,5,19
Rnf44,30,133,119,102,139,25,35,27,12,24
Rnf5,98,507,468,419,498,43,171,149,67,159
Rnf6,127,347,331,345,361,147,142,134,81,100
Rnf7,94,579,632,588,675,144,191,136,72,147
Rnf8,0,0,0,0,0,0,0,0,0,0
Rnft1,196,666,584,687,629,296,340,321,174,282
Rnft2,108,255,186,200,236,127,91,89,61,90
Rngtt,388,873,648,747,851,490,380,383,247,353
Rnh1,103,337,295,292,344,158,148,175,106,133
Rnls,76,238,214,245,289,141,108,118,84,106
Rnmt,113,348,286,295,287,156,149,115,82,107
Rnmtl1,79,244,202,238,271,102,110,113,53,81
Rnpc3,130,358,280,389,441,169,187,182,94,156
Rnpep,359,765,614,693,753,333,293,395,188,287
Rnpepl1,195,629,488,526,614,231,338,276,113,251
Rnps1,548,1237,1067,1266,1157,644,558,707,294,461
Robo1,1126,2731,1978,2601,2586,1488,1252,967,865,1059
Robo2,1707,4113,3301,3987,4309,2718,1839,2053,1492,2098
Robo3,53,179,151,231,244,93,81,93,68,89
Robo4,9,23,24,18,26,14,16,6,9,24
Rock1,529,1514,1253,1406,1488,818,817,696,485,744
Rock2,667,1864,1406,1715,1767,1419,1181,879,559,962
Rogdi,1616,6874,4583,5998,6916,2587,3504,3056,1948,2962
Rom1,9,34,25,19,37,4,5,10,10,14
Romo1,113,483,634,581,657,117,127,99,49,70
Ropn1,0,0,0,8,8,0,0,0,0,0
Ropn1l,16,58,48,37,55,23,22,17,4,15
Ror1,279,859,652,825,670,365,272,281,188,300
Ror2,8,44,30,52,65,33,22,12,6,18
Rora,2046,3650,3736,4236,4342,2795,2138,2254,1308,1928
Rorb,570,1415,1118,1055,1186,395,640,480,146,630
Rorc,19,70,59,35,55,19,41,29,17,23
Ros1,23,51,41,46,39,31,24,33,16,22
Rp1,6,27,23,21,25,14,9,9,6,6
Rp2,45,99,71,94,128,63,59,64,41,55
Rp9,283,600,539,562,581,361,273,339,157,230
Rpa1,104,312,232,242,261,88,104,88,40,76
Rpa2,31,117,88,127,116,37,53,55,18,35
Rpa3,46,171,135,159,157,50,65,59,28,50
Rpain,109,440,323,349,475,143,125,197,80,132
Rpap1,98,195,171,174,193,95,113,114,53,75
Rpap2,120,344,243,348,390,159,135,147,75,109
Rpap3,60,142,151,156,158,94,87,76,47,66
Rpe,48,110,122,87,108,47,29,54,20,39
Rpe65,2,4,4,4,9,1,0,0,0,0
Rpf1,46,89,84,99,110,61,62,76,30,54
Rpf2,61,186,192,193,206,88,89,69,39,60
Rpgr,116,209,217,230,262,160,116,123,56,105
Rpgrip1,35,51,205,146,56,47,52,29,37,20
Rpgrip1l,101,197,168,202,283,111,84,134,87,82
Rph3a,249,539,487,580,583,313,300,290,205,178
Rph3al,151,291,217,281,250,91,136,95,77,103
Rpia,73,187,132,130,172,66,73,91,36,52
Rpl10,54,223,171,218,271,88,114,102,44,98
Rpl10-ps3,0,0,0,0,0,0,0,0,0,0
Rpl10a,456,1617,1278,1327,1555,478,693,544,306,606
Rpl11,123,835,927,803,1011,262,350,288,168,228
Rpl12,119,371,366,343,376,175,176,188,91,157
Rpl13,0,0,0,0,0,0,0,0,0,0
Rpl13-ps3,209,569,581,558,603,377,366,268,219,408
Rpl13a,289,1000,932,884,1143,433,438,343,229,468
Rpl13a-ps1,0,74,83,89,114,0,0,0,0,0
Rpl14,706,2589,2580,2453,2699,986,1007,1016,626,1024
Rpl15,35,323,348,356,423,43,77,48,23,46
Rpl17,258,1062,1134,1001,1268,412,442,426,249,370
Rpl18,253,1069,1087,1049,1221,460,489,429,268,426
Rpl18a,240,1352,1444,1241,1629,380,425,304,197,379
Rpl19,465,1508,1513,1379,1655,530,578,453,301,556
Rpl21,47,153,117,125,127,53,66,75,43,58
Rpl22,123,475,466,457,532,191,184,155,78,125
Rpl22l1,373,921,877,933,999,441,452,428,192,304
Rpl23,203,743,860,877,918,283,346,225,136,191
Rpl23a,34,451,521,427,567,50,67,85,24,40
Rpl23a-ps3,13,645,806,643,824,58,107,103,19,40
Rpl24,155,792,976,880,1008,228,263,244,110,174
Rpl26,181,625,674,610,682,184,202,141,65,141
Rpl27,40,108,105,86,88,34,49,53,25,38
Rpl27-ps3,252,1146,1494,1326,1491,270,301,246,136,221
Rpl27a,363,1415,1400,1408,1636,477,545,476,241,394
Rpl28,180,694,724,719,783,249,272,177,82,122
Rpl29,2,270,254,229,307,9,10,14,5,8
Rpl3,177,1011,872,858,1119,159,238,215,121,234
Rpl30,31,339,391,405,428,46,86,70,28,40
Rpl31,63,403,489,485,566,108,109,110,54,72
Rpl32,319,1400,1651,1522,1795,353,402,367,183,327
Rpl34,104,395,545,462,495,148,162,124,68,96
Rpl35,18,60,71,75,85,15,20,29,6,17
Rpl35a,320,1039,1264,1235,1427,410,346,289,151,207
Rpl36,262,1121,1235,1145,1402,500,478,462,272,344
Rpl36-ps3,2,1461,1829,1735,2054,19,20,32,8,5
Rpl36a,30,91,105,95,116,17,27,26,9,19
Rpl36al,187,936,1100,1006,1073,293,324,247,134,206
Rpl37,197,935,1078,992,1164,259,309,291,119,212
Rpl37a,131,738,841,815,893,241,218,216,111,154
Rpl38,141,568,774,751,803,249,188,183,105,128
Rpl39,114,470,500,521,594,157,113,103,41,70
Rpl3l,7,5,4,10,5,4,12,5,0,2
Rpl4,312,1382,1348,1351,1438,399,498,426,267,475
Rpl41,1004,4863,5417,5354,6089,1996,1666,1390,856,1100
Rpl5,199,631,760,691,769,281,234,243,124,205
Rpl6,672,1621,1588,1755,1770,1302,1215,1134,652,952
Rpl6l,261,1216,1300,1259,1326,402,456,341,236,449
Rpl7,257,998,1168,1066,1100,349,430,374,205,414
Rpl7a,114,292,256,289,322,77,149,118,67,110
Rpl7a-ps3,0,17,9,11,12,0,0,0,0,0
Rpl7a-ps5,90,119,116,130,147,84,127,74,49,115
Rpl7l1,148,467,537,589,551,175,136,168,74,126
Rpl8,395,1397,1588,1447,1577,479,492,413,257,556
Rpl9,103,375,312,348,396,146,204,203,91,140
Rpl9-ps6,606,2439,2604,2406,2866,773,801,716,461,846
Rplp0,140,723,634,632,802,143,179,125,85,156
Rplp1,528,1547,1885,1885,1977,703,749,509,337,458
Rplp2,47,453,516,473,553,56,73,62,28,33
Rpn1,54,558,556,542,468,99,109,87,75,78
Rpn2,158,811,737,692,722,173,213,151,101,174
Rpp14,44,144,181,178,148,57,60,65,27,45
Rpp21,325,1219,1097,1138,1238,707,667,561,313,448
Rpp25,17,53,63,71,74,32,19,24,8,22
Rpp25l,40,215,174,182,216,59,67,49,29,73
Rpp30,108,289,252,271,288,100,128,121,76,127
Rpp38,24,115,98,135,143,30,30,47,19,22
Rpp40,8,18,27,21,35,13,11,5,4,7
Rprd1a,342,666,629,682,728,428,376,429,220,355
Rprd1b,87,187,187,189,169,101,98,108,58,78
Rprd2,527,983,872,934,941,524,641,623,325,506
Rprm,34,233,272,231,276,56,67,51,32,37
Rprml,240,1174,1168,1392,1274,392,397,364,159,312
Rps10,86,538,582,482,624,105,123,109,68,76
Rps11,94,901,840,842,1081,250,290,260,117,186
Rps12,14,66,56,60,70,18,19,28,10,22
Rps12-ps3,9,253,326,304,326,37,60,42,11,16
Rps13,141,303,357,315,352,202,187,200,88,118
Rps14,225,1998,2086,1922,2408,344,441,385,203,237
Rps15,494,2012,2232,2069,2314,668,662,663,342,562
Rps15a,104,227,251,270,305,85,74,61,27,35
Rps16,369,1004,1263,1242,1319,480,413,327,215,355
Rps17,107,538,609,554,623,151,197,157,101,135
Rps18,179,385,300,339,393,245,171,190,109,213
Rps18-ps3,302,719,768,824,924,316,448,366,234,291
Rps19,372,1516,1570,1625,1867,628,575,482,312,416
Rps19bp1,49,253,260,259,284,79,83,66,51,63
Rps2,77,317,220,255,300,103,129,165,67,110
Rps20,246,803,881,873,1050,278,279,242,130,233
Rps21,90,307,277,305,367,98,100,142,61,76
Rps23,426,1612,1832,1691,1965,680,559,533,277,472
Rps24,246,1336,1474,1361,1593,308,328,276,147,257
Rps25,194,1100,1359,1195,1402,360,394,291,164,230
Rps26,138,420,436,427,476,221,174,172,86,117
Rps26-ps1,116,910,1013,960,1171,207,215,176,74,104
Rps27,20,120,99,111,143,22,39,41,8,19
Rps27a,406,1273,1409,1384,1572,500,517,469,292,509
Rps27l,56,252,247,213,333,93,87,44,31,52
Rps27rt,706,4690,5391,5188,6183,879,836,721,342,504
Rps28,200,481,562,607,624,307,192,189,70,112
Rps29,190,5270,7045,6521,7578,478,540,399,239,259
Rps3,342,1681,1797,1690,2085,487,551,487,317,626
Rps3a1,204,827,901,847,980,223,261,192,145,268
Rps4x,252,1077,1088,1074,1208,355,386,256,164,399
Rps5,239,1457,1380,1321,1607,311,319,275,199,337
Rps6,161,1351,1420,1337,1489,309,356,292,175,378
Rps6ka1,46,67,70,47,67,49,37,54,26,42
Rps6ka2,258,478,377,497,494,360,284,275,162,234
Rps6ka3,250,601,561,627,675,567,410,373,219,363
Rps6ka4,36,183,160,166,179,54,82,69,30,71
Rps6ka5,222,595,483,512,681,340,244,222,144,258
Rps6ka6,11,23,27,22,29,21,7,13,7,10
Rps6kb1,363,871,667,785,867,441,401,338,216,337
Rps6kb2,499,2039,1520,1865,2123,849,1023,1149,642,937
Rps6kc1,56,205,190,224,238,154,80,88,55,77
Rps6kl1,219,518,476,560,512,219,256,237,145,158
Rps7,99,331,345,340,390,155,148,138,73,153
Rps8,579,1546,1776,1589,1837,934,775,696,434,666
Rps9,454,1701,1674,1644,1937,611,640,553,315,644
Rpsa,152,882,947,886,1013,296,286,243,138,275
Rptor,372,1009,780,840,1021,599,458,402,282,423
Rptoros,3,9,0,5,7,0,0,0,0,0
Rpusd1,145,580,449,518,509,183,263,251,141,170
Rpusd2,3,11,11,9,9,2,6,4,1,3
Rpusd3,81,308,193,225,253,102,133,143,100,113
Rpusd4,27,110,98,131,130,54,47,67,25,55
Rqcd1,138,259,196,197,182,115,116,118,67,80
Rrad,2,13,14,13,22,11,15,7,5,20
Rraga,116,601,613,694,623,135,173,144,81,134
Rragb,162,298,187,255,278,218,149,164,116,121
Rragc,59,193,147,160,248,94,91,77,57,101
Rragd,73,107,118,109,133,46,35,42,30,35
Rras,8,32,39,32,51,69,23,22,21,30
Rras2,182,300,294,325,283,235,188,186,139,179
Rrbp1,140,386,426,385,445,216,176,131,126,159
Rreb1,243,511,349,442,562,185,236,188,155,229
Rrh,0,9,9,6,13,0,6,3,0,0
Rrm1,23,73,72,61,79,18,27,44,19,27
Rrm2,3,10,8,3,12,3,8,8,1,7
Rrm2b,107,273,254,274,336,58,79,83,42,94
Rrn3,387,692,541,599,643,395,391,425,225,364
Rrnad1,583,1258,1077,1261,1178,871,816,742,400,561
Rrp1,187,1140,1059,1162,1162,269,347,311,168,261
Rrp12,34,110,77,92,83,35,38,42,23,43
Rrp15,59,168,144,151,152,82,59,55,36,51
Rrp1b,60,161,132,137,157,85,85,51,35,53
Rrp36,51,155,147,174,180,61,97,72,47,88
Rrp7a,77,354,278,335,378,71,113,99,45,103
Rrp8,19,81,89,86,93,37,30,30,25,41
Rrp9,104,342,286,302,314,196,202,154,78,150
Rrs1,36,206,148,158,205,58,65,39,35,48
Rs1,16,17,25,36,27,14,20,18,12,18
Rsad1,71,210,124,168,208,107,75,135,39,75
Rsad2,3,24,11,11,17,10,3,9,15,14
Rsbn1,226,608,534,596,665,313,342,270,176,278
Rsbn1l,657,1188,1178,1275,1223,750,885,771,477,664
Rsf1,669,1245,1081,1180,1286,700,738,599,418,617
Rsf1os1,460,1225,1000,944,1007,537,907,755,501,665
Rsf1os2,45,78,62,64,70,39,70,58,22,48
Rsg1,13,30,23,35,35,4,15,15,7,13
Rsl1,7,13,21,11,16,10,1,12,4,5
Rsl1d1,121,449,308,419,393,154,199,122,97,137
Rsl24d1,49,180,221,224,244,59,62,49,28,61
Rsph1,50,73,138,61,108,20,81,26,22,34
Rsph10b,95,144,145,129,129,56,113,84,48,76
Rsph14,33,76,85,73,59,40,46,20,29,26
Rsph3a,88,141,99,118,113,83,76,61,43,53
Rsph3b,22,58,44,64,54,44,27,34,25,23
Rsph4a,13,13,27,9,22,5,13,0,6,8
Rsph6a,6,12,4,6,13,3,4,4,3,2
Rsph9,54,232,190,190,209,66,101,80,37,63
Rspo1,7,21,13,16,14,13,11,25,11,6
Rspo2,165,376,375,422,500,360,219,233,106,210
Rspo3,115,508,382,514,404,238,220,173,102,167
Rspry1,452,919,764,785,826,415,623,564,286,526
Rsrc1,395,799,690,777,801,481,462,507,329,450
Rsrc2,802,2070,1757,2059,1984,1135,1114,1053,619,814
Rsrp1,3601,15029,11151,12977,14428,2872,3191,5674,2175,3598
Rsu1,245,705,564,594,616,269,299,242,153,304
Rtbdn,33,56,57,57,66,34,25,35,12,23
Rtca,200,586,444,506,587,248,212,362,154,185
Rtcb,123,452,379,425,451,146,142,146,104,131
Rtel1,79,190,116,169,189,71,63,81,37,62
Rtf1,384,1353,1545,1656,1614,657,738,694,399,519
Rtfdc1,90,325,273,282,325,109,140,143,69,92
Rtkn,163,636,578,604,691,277,313,372,150,246
Rtkn2,21,26,38,24,40,19,11,25,12,25
Rtl1,30,102,108,81,97,61,68,57,21,35
Rtn1,1359,7920,8251,8572,7267,2263,2108,1769,1228,1430
Rtn2,33,131,121,96,180,84,69,71,37,44
Rtn3,1929,4822,4229,4175,4393,1944,2128,1991,1129,1710
Rtn4,1108,3324,3247,3293,3249,1335,1345,1320,815,1192
Rtn4ip1,17,50,37,42,55,28,17,18,11,20
Rtn4r,277,744,571,543,759,374,332,318,187,203
Rtn4rl1,485,709,677,739,599,592,569,398,320,378
Rtn4rl2,30,48,33,57,45,42,26,24,16,14
Rtp3,5,34,30,27,41,10,10,0,6,8
Rtp4,22,118,57,62,82,48,45,33,55,82
Rttn,88,225,170,211,264,127,123,143,89,122
Rubcn,172,322,331,384,399,293,192,200,107,161
Rufy1,421,722,593,593,678,398,363,457,216,275
Rufy2,208,432,430,436,451,317,255,258,138,195
Rufy3,553,1595,1515,1806,1792,835,740,674,410,578
Rufy4,3,0,0,0,0,3,0,0,0,0
Rundc1,45,125,106,125,150,42,73,52,20,40
Rundc3a,625,3006,1860,2168,3111,954,1268,1264,710,1041
Rundc3b,482,802,613,688,855,833,734,651,648,1018
Runx1,23,62,13,14,63,43,19,6,21,40
Runx1t1,813,2101,1905,1957,2293,1393,925,1045,466,892
Runx2,848,1979,1923,2218,2112,1235,867,1156,518,899
Runx2os1,72,271,207,238,214,133,155,133,100,115
Rusc1,0,0,0,0,0,0,0,0,0,0
Rusc2,257,656,364,490,571,248,288,252,136,236
Ruvbl1,33,204,201,183,212,56,76,57,44,44
Ruvbl2,36,243,192,184,196,79,84,69,43,75
Rwdd1,162,630,645,709,585,172,236,319,140,187
Rwdd2a,40,152,167,160,161,30,52,70,26,32
Rwdd2b,7,34,21,33,33,8,6,7,4,14
Rwdd3,57,162,101,125,143,46,38,28,19,37
Rwdd4a,51,127,124,141,169,90,56,72,32,49
Rxfp1,52,178,230,132,300,256,54,289,23,100
Rxfp2,11,16,16,17,12,9,6,12,2,3
Rxra,5,38,39,37,45,8,12,4,7,6
Rxrb,62,253,204,211,303,164,129,109,72,77
Rxrg,18,33,33,31,29,22,21,16,7,17
Rybp,185,374,278,330,343,209,200,195,124,153
Ryk,125,380,278,306,343,199,132,117,91,125
Ryr1,94,168,139,200,156,111,85,110,51,84
Ryr2,2367,4996,4107,5120,5769,3437,2507,2317,2055,2339
Ryr3,2085,4646,3920,4931,5106,3352,2250,2101,1595,2159
S100a1,75,967,613,558,1119,196,147,163,130,189
S100a10,39,332,235,245,350,68,87,62,45,65
S100a11,41,116,111,95,136,65,81,56,34,57
S100a13,62,363,253,225,386,80,77,75,56,84
S100a16,104,915,636,472,995,135,157,127,125,225
S100a3,7,13,11,20,14,6,1,1,2,1
S100a4,2,30,9,21,51,12,2,6,9,9
S100a6,76,624,359,279,678,115,119,86,71,88
S100a7a,0,7,5,7,5,0,0,0,0,0
S100b,301,1453,1200,1088,1810,504,476,439,245,397
S100g,0,0,0,0,0,0,0,0,0,0
S100pbp,239,350,315,463,319,198,214,215,102,161
S1pr1,131,566,542,450,485,183,200,183,103,183
S1pr2,1,18,18,9,10,6,6,4,1,3
S1pr3,18,117,66,65,94,27,29,34,29,31
S1pr4,0,0,0,0,0,0,0,3,1,8
S1pr5,23,58,56,56,58,24,33,25,17,20
SDR42E2,0,0,0,12,0,0,0,0,0,0
Saa3,11,20,14,20,11,21,20,12,9,20
Saal1,61,149,120,147,152,109,89,101,51,80
Sac3d1,19,145,156,141,156,53,48,51,33,36
Sacm1l,478,1371,1172,1250,1246,950,922,981,482,708
Sacs,123,227,220,266,253,171,117,125,89,105
Sae1,230,583,524,584,556,274,305,277,147,223
Safb,269,699,569,727,746,394,323,325,191,297
Safb2,249,921,673,872,882,455,445,300,196,368
Sag,32,46,42,50,69,38,23,36,19,39
Sall1,18,52,45,47,69,15,19,27,12,24
Sall2,42,111,163,115,138,22,33,32,35,21
Sall3,49,118,75,66,101,26,47,28,8,28
Sall4,3,10,3,10,5,0,5,0,5,4
Samd1,5,25,35,31,30,11,11,5,4,11
Samd10,77,252,292,199,285,160,136,221,62,119
Samd11,18,44,53,34,62,24,31,45,4,11
Samd12,1262,2841,2520,3069,3653,2595,1470,1824,1061,1660
Samd13,16,12,14,11,18,2,14,13,11,11
Samd14,42,194,162,145,177,73,82,59,41,53
Samd15,34,87,63,62,83,44,42,52,16,38
Samd3,0,0,0,0,0,0,0,10,0,0
Samd4,124,331,273,268,308,147,108,91,66,124
Samd4b,134,327,276,336,298,188,155,165,80,146
Samd5,156,467,452,449,671,447,197,229,141,218
Samd7,12,0,0,0,0,8,8,3,1,2
Samd8,108,412,317,319,368,136,148,124,97,125
Samd9l,16,29,24,22,41,52,35,27,36,46
Samhd1,54,137,139,157,153,98,65,69,55,72
Samm50,107,434,390,389,432,152,203,185,95,145
Samsn1,38,65,16,26,87,31,25,11,15,25
Sap130,208,562,389,441,473,246,209,193,119,184
Sap18,73,300,265,312,319,66,113,113,61,94
Sap30,21,98,95,79,113,26,32,22,21,22
Sap30bp,118,323,293,305,292,202,161,151,80,116
Sap30bpos,4,11,19,8,16,2,3,2,1,5
Sap30l,39,106,80,96,120,52,51,48,30,62
Sapcd1,5,20,15,20,30,6,12,12,9,7
Sapcd2,7,26,28,22,29,5,18,6,6,10
Sar1a,50,285,260,309,278,71,96,67,42,63
Sar1b,141,782,716,786,728,154,180,164,99,148
Saraf,360,2208,2065,1974,1784,462,586,498,320,428
Sardh,14,40,27,27,36,9,26,11,8,12
Sardhos,18,27,11,27,26,7,12,13,11,17
Sarm1,163,191,154,174,178,119,114,120,58,80
Sarnp,528,1166,938,1124,1195,714,725,651,446,669
Sars,288,1172,846,996,1071,402,367,441,195,364
Sars2,99,263,218,226,282,89,125,126,63,92
Sart1,34,213,155,149,226,84,91,59,44,69
Sart3,84,322,236,318,356,128,105,106,73,109
Sash1,444,977,836,840,887,337,442,410,175,357
Sash3,0,5,4,0,6,0,0,0,0,0
Sass6,36,98,54,69,86,27,53,41,21,43
Sat1,126,738,446,456,703,131,196,139,107,241
Sat2,220,834,682,724,702,247,359,388,191,258
Satb1,307,753,717,605,997,430,288,536,134,293
Satb2,246,528,541,523,714,519,266,590,89,305
Sav1,11,48,39,56,59,28,12,10,11,18
Saxo1,2,12,0,7,9,3,1,4,0,2
Saxo2,29,93,124,119,120,48,50,52,21,32
Saysd1,122,309,290,321,361,201,183,173,125,164
Sbds,250,544,506,543,573,231,268,242,154,226
Sbf1,84,424,337,363,440,152,155,120,91,147
Sbf2,797,1972,1580,1836,2174,1204,913,887,608,962
Sbk1,60,309,344,323,319,113,96,62,36,63
Sbk2,2,7,8,1,4,5,0,0,1,3
Sbk3,0,5,11,4,4,0,0,0,0,0
Sbno1,1111,1970,1565,1894,1947,1074,1178,1078,692,923
Sbno2,89,285,129,170,284,157,100,84,70,149
Sbsn,8,71,44,50,75,19,14,18,11,16
Sbspon,3,9,1,2,2,7,0,0,0,0
Sc5d,121,363,283,284,272,135,115,107,51,94
Scaf1,161,501,398,469,459,294,229,228,132,203
Scaf11,111,282,251,258,299,162,154,129,89,145
Scaf4,240,638,482,557,577,285,233,245,124,221
Scaf8,501,1373,1224,1264,1398,814,772,607,404,647
Scai,604,1504,1295,1425,1651,1068,729,870,478,675
Scamp1,258,847,832,770,777,320,247,283,175,239
Scamp2,112,251,194,205,253,110,97,114,60,107
Scamp3,92,603,515,622,574,165,186,170,114,170
Scamp5,296,556,536,584,632,315,236,297,147,205
Scand1,132,372,595,540,585,180,169,192,98,172
Scap,177,615,491,591,570,227,176,211,118,204
Scaper,645,1653,1350,1493,1684,902,899,827,529,857
Scara3,25,121,127,78,104,21,26,32,7,23
Scara5,6,5,5,18,7,6,7,2,0,0
Scarb1,168,498,395,489,451,300,256,204,100,221
Scarb2,132,478,388,397,397,133,159,154,86,132
Scarf1,12,20,17,26,28,14,10,15,8,24
Scarf2,1,11,10,11,12,2,4,12,3,5
Sccpdh,91,237,353,246,275,160,187,130,62,123
Scd1,19,131,123,104,154,24,21,21,14,15
Scd2,274,1855,1472,1124,1630,322,428,351,229,359
Scd3,11,19,18,9,24,12,14,9,7,14
Scel,19,59,31,63,48,17,27,18,4,16
Scfd1,781,2530,1886,2187,2145,1426,1776,1420,839,1201
Scfd2,303,629,478,551,630,390,280,284,201,242
Scg2,131,1478,1392,1473,903,183,288,175,140,155
Scg3,290,1421,1011,865,1136,298,321,289,167,301
Scg5,475,2499,2376,2133,2213,621,550,636,270,375
Scgb3a1,4,8,7,1,14,18,7,5,14,25
Scgn,8,29,35,22,23,6,13,9,9,9
Schip1,124,103,194,211,93,61,98,99,42,38
Schip1.1,0,0,0,0,0,0,0,0,0,0
Scimp,3,0,0,0,0,4,2,0,0,4
Scin,10,15,6,31,10,7,7,5,8,3
Sclt1,289,827,731,866,991,608,440,479,260,414
Scly,92,265,173,210,237,91,96,105,47,71
Scmh1,837,1841,1626,1713,1808,1111,978,920,531,863
Scml2,6,12,6,6,17,5,10,6,5,6
Scml4,25,81,72,92,93,69,38,42,20,27
Scn10a,2,0,0,0,0,6,6,2,0,0
Scn1a,544,1513,1281,1454,1696,887,669,661,410,655
Scn1b,413,1892,1351,1218,2304,694,769,736,331,441
Scn2a1,955,2215,1998,2414,2336,1537,1167,1231,775,961
Scn2b,177,610,481,529,508,123,176,192,92,118
Scn3a,547,1120,783,1057,1146,549,527,587,355,462
Scn3b,300,716,581,862,713,341,246,277,160,232
Scn4a,0,6,4,0,0,0,0,0,0,0
Scn4b,2,19,14,11,20,7,0,4,0,0
Scn5a,2,6,8,14,5,6,2,12,1,3
Scn7a,17,35,54,56,44,14,26,9,20,9
Scn8a,1163,2497,2152,2494,2443,1578,1139,1117,718,1034
Scn9a,93,328,227,252,317,182,124,157,84,111
Scnm1,64,226,200,175,275,80,90,79,42,81
Scnn1a,29,62,62,51,57,24,38,37,28,22
Scnn1g,0,5,7,0,6,0,0,0,0,0
Sco1,11,42,24,26,25,8,6,5,5,8
Sco2,44,194,179,197,190,47,65,53,23,26
Scoc,127,613,757,659,769,170,238,190,81,170
Scp2,154,231,209,228,220,152,140,258,93,108
Scpep1,100,239,150,150,202,126,115,100,58,89
Scpep1os,204,708,528,650,695,399,353,446,200,303
Scrg1,121,846,491,488,738,105,196,93,63,177
Scrib,56,252,161,202,226,76,122,78,42,91
Scrn1,251,567,497,500,598,329,289,432,200,304
Scrn2,10,48,46,36,63,17,27,29,14,15
Scrn3,72,111,123,109,121,34,35,84,36,41
Scrt1,49,158,138,131,177,61,44,75,22,35
Scrt2,10,28,33,35,31,25,15,13,9,12
Sctr,7,45,44,34,24,9,15,5,11,18
Scube1,100,243,223,238,178,142,132,92,49,67
Scube2,12,23,33,24,40,16,18,17,15,17
Scube3,30,44,39,45,46,21,22,40,19,14
Scyl1,77,277,237,256,271,125,155,113,61,124
Scyl2,79,161,139,171,172,108,78,97,50,67
Scyl3,39,92,96,119,102,51,51,50,35,33
Sdad1,109,218,147,197,180,132,113,123,66,99
Sdc2,128,441,385,361,435,160,161,141,80,156
Sdc3,36,202,182,166,211,73,49,63,27,48
Sdc4,125,556,304,368,570,126,248,181,90,254
Sdcbp,168,538,477,472,600,174,195,175,123,203
Sdcbp2,3,10,6,11,8,3,1,4,2,3
Sdccag3,260,1142,835,1028,1249,407,403,405,188,395
Sdccag8,382,970,779,981,1064,580,459,483,290,428
Sde2,42,179,209,195,181,46,75,73,36,61
Sdf2,333,824,692,756,834,314,355,389,218,281
Sdf2l1,15,187,144,193,261,51,61,30,24,46
Sdf4,148,689,584,582,633,199,216,195,136,186
Sdha,476,1752,1645,1736,1775,593,607,629,302,518
Sdhaf1,23,148,126,156,161,36,51,41,21,34
Sdhaf2,65,270,246,301,348,125,105,91,76,120
Sdhaf3,78,268,245,242,241,117,130,114,56,112
Sdhaf4,85,359,361,377,402,78,95,90,49,65
Sdhb,327,1295,1076,1059,1368,303,377,371,179,355
Sdhc,184,559,506,488,616,206,169,192,113,177
Sdhd,49,298,280,310,343,31,86,82,31,69
Sdk1,262,508,500,610,742,435,268,261,194,296
Sdk2,255,486,484,436,567,528,248,337,130,265
Sdpr,27,56,45,46,70,55,43,43,36,100
Sdr39u1,77,177,175,189,220,89,74,104,40,52
Sdr42e1,51,56,62,84,85,45,32,48,39,27
Sds,0,0,0,0,0,0,0,0,0,0
Sdsl,19,82,78,55,101,26,25,19,15,34
Sebox,10,33,29,30,49,14,9,13,6,9
Sec1,50,220,193,259,273,82,114,97,47,92
Sec11a,346,744,614,685,747,255,293,297,143,222
Sec11c,196,1005,894,860,1011,207,287,237,140,204
Sec13,117,523,435,420,518,169,212,200,91,158
Sec14l1,231,677,596,688,674,302,232,275,135,227
Sec14l2,227,605,523,607,557,208,331,238,116,263
Sec14l3,0,0,0,0,0,0,0,6,0,0
Sec14l5,75,129,132,88,150,112,88,67,50,71
Sec16a,92,232,211,255,266,155,97,82,86,95
Sec16b,6,17,13,17,17,2,5,7,2,3
Sec22a,193,384,322,395,400,251,203,224,125,182
Sec22b,83,270,236,259,310,104,115,116,75,101
Sec22c,19,81,62,64,83,48,33,49,25,37
Sec23a,322,716,594,618,620,278,269,274,170,243
Sec23b,142,314,272,267,322,135,137,124,66,140
Sec23ip,117,211,142,161,216,83,84,79,40,80
Sec24a,310,780,662,718,730,441,395,411,251,379
Sec24b,224,615,551,670,706,467,273,306,200,318
Sec24c,120,382,304,337,359,172,150,149,105,163
Sec24d,144,343,272,279,324,178,131,128,114,145
Sec31a,110,343,242,296,319,143,154,111,78,103
Sec61a1,268,678,630,685,569,437,432,425,208,314
Sec61a2,534,1800,1367,1632,1732,877,733,729,403,634
Sec61b,78,333,386,344,433,137,163,116,77,107
Sec61g,35,187,214,227,251,44,47,33,16,21
Sec62,492,1957,2102,2045,2184,1213,1053,1016,584,696
Sec63,262,672,516,581,684,388,347,332,251,318
Secisbp2,172,346,298,395,367,223,197,183,116,180
Secisbp2l,140,301,241,275,277,112,141,121,100,144
Seh1l,54,242,248,239,266,85,101,92,51,85
Sel1l,286,992,721,1045,1019,417,369,304,191,285
Sel1l2,13,68,64,75,71,31,21,15,11,18
Sel1l3,189,467,470,501,453,447,238,274,124,204
Selenbp1,50,100,101,96,114,27,67,58,26,51
Selenbp2,1,11,6,7,5,8,8,17,6,0
Selk,296,2096,1952,1982,2096,391,482,425,289,439
Selm,404,1794,1457,1523,1828,567,569,724,376,487
Selo,123,348,289,317,353,150,161,211,66,128
Selp,3,2,10,3,8,5,7,6,0,1
Selplg,50,167,85,71,136,38,64,21,30,42
Selt,183,573,561,599,537,169,253,264,116,194
Sema3a,29,52,63,99,81,77,46,61,17,41
Sema3b,3,22,20,20,41,7,16,9,3,6
Sema3c,162,324,255,272,310,286,287,221,254,370
Sema3d,47,132,108,139,159,49,54,48,37,61
Sema3e,624,1690,1183,1489,1487,727,657,522,334,580
Sema3f,5,11,11,9,12,3,5,14,0,7
Sema3g,3,9,2,9,6,4,9,1,0,0
Sema4a,58,275,185,214,247,71,62,93,36,70
Sema4b,179,367,331,350,354,146,170,151,63,134
Sema4c,10,62,56,63,46,8,18,19,3,18
Sema4d,162,336,308,339,357,226,164,128,92,181
Sema4f,77,207,175,197,223,82,92,79,42,73
Sema4g,17,134,88,92,112,26,30,37,12,31
Sema5a,525,929,785,970,940,536,496,417,556,526
Sema5b,158,317,302,298,277,147,187,99,76,125
Sema6a,186,400,377,305,363,232,272,245,143,241
Sema6b,107,396,288,303,323,151,124,153,93,114
Sema6c,17,132,111,134,134,40,40,49,19,52
Sema6d,698,1808,1905,1794,2179,1310,901,1004,568,955
Sema7a,80,183,183,184,195,69,56,67,52,80
Senp1,150,269,224,264,276,121,140,122,65,112
Senp2,368,905,727,783,873,487,423,418,242,363
Senp3,41,215,184,229,268,52,70,70,35,58
Senp5,587,952,957,987,1029,559,602,581,333,511
Senp6,520,1233,982,1047,1410,1117,940,779,604,652
Senp7,559,1109,931,1023,1124,564,484,517,304,478
Senp8,452,1459,1384,1410,1412,1127,757,1053,426,526
Sep15,191,1178,1158,1095,1220,207,267,239,157,233
Sephs1,46,110,104,121,144,57,56,48,40,47
Sephs2,36,182,176,167,182,41,49,38,18,32
Sepn1,24,113,61,91,93,40,43,28,17,31
Sepp1,264,985,783,665,998,268,269,217,195,433
Sepsecs,48,107,74,91,80,68,45,56,29,32
Sept1,260,661,533,665,715,498,440,364,248,339
Sept10,39,97,92,82,109,56,47,46,32,47
Sept11,357,840,766,836,846,468,376,471,191,319
Sept14,10,29,41,36,38,4,5,13,4,2
Sept2,283,1220,1055,1188,1437,398,382,377,256,345
Sept3,190,591,530,634,745,448,286,306,147,241
Sept4,512,1238,1336,991,1299,703,651,824,329,540
Sept5,12,199,157,143,187,9,21,31,10,18
Sept6,121,348,327,405,370,169,150,150,54,87
Sept7,409,1498,1515,1425,1748,544,725,570,363,561
Sept8,219,839,810,901,972,428,308,308,156,326
Sept9,76,314,281,299,303,131,129,97,41,101
Sepw1,1174,5705,5098,5264,6318,1445,1860,1550,1037,1663
Serac1,108,216,159,199,173,138,116,111,54,85
Serbp1,273,903,890,916,952,346,365,314,212,307
Serf1,24,141,163,143,170,45,36,35,17,34
Serf2,534,1922,1785,1829,2203,901,878,810,445,641
Sergef,270,717,604,719,720,483,325,339,196,278
Serhl,20,67,63,57,61,26,18,23,12,29
Serinc1,315,2915,2971,2712,2120,356,458,380,268,322
Serinc2,7,193,185,38,154,87,113,29,27,52
Serinc3,308,862,704,664,869,325,345,361,175,334
Serinc4,6,29,18,17,20,4,15,10,6,6
Serinc5,93,233,252,271,266,126,99,101,52,104
Serp1,55,250,230,247,252,62,84,91,48,56
Serp2,187,651,724,728,771,250,208,224,129,160
Serpina10,2,0,0,8,5,4,0,0,0,0
Serpina12,0,0,0,0,0,0,0,0,0,0
Serpina1b,2,9,4,10,5,9,4,2,3,3
Serpina3g,0,5,6,3,8,0,0,0,0,0
Serpina3n,7,315,55,59,229,53,9,7,23,46
Serpinb1a,31,80,135,98,100,7,40,17,16,13
Serpinb3b,18,21,15,24,16,25,16,16,6,19
Serpinb6a,283,609,591,587,736,308,326,326,178,246
Serpinb6b,5,11,12,4,9,9,7,4,9,12
Serpinb6c,0,7,5,4,3,0,0,0,0,0
Serpinb8,3,10,6,21,15,7,8,7,5,6
Serpinb9,9,34,20,30,32,15,20,15,9,35
Serpinc1,20,44,33,40,44,28,33,32,28,30
Serpind1,12,12,20,22,15,0,2,4,5,5
Serpine1,1,9,4,9,7,5,4,0,3,7
Serpine2,486,2224,1893,1618,1844,401,649,430,262,476
Serpine3,338,354,2266,1216,2034,916,1011,676,451,510
Serpinf1,22,214,167,129,167,20,55,62,30,55
Serpinf2,6,36,10,14,43,8,4,5,6,13
Serping1,24,131,78,90,123,33,43,45,40,70
Serpinh1,29,219,174,131,196,70,147,51,42,108
Serpini1,504,1650,1528,1443,1709,976,605,796,315,551
Sertad1,14,62,52,54,57,44,21,30,20,24
Sertad2,326,702,683,645,759,468,332,431,203,292
Sertad3,25,56,66,60,54,24,35,33,16,22
Sertad4,13,31,36,40,34,21,17,22,7,11
Sertm1,57,207,159,268,211,56,60,53,31,58
Sesn1,851,1833,1608,1810,1953,1287,1221,1311,771,994
Sesn2,52,78,79,86,62,32,39,49,23,25
Sesn3,196,481,479,389,527,212,210,212,112,190
Sestd1,101,230,204,292,275,154,91,110,55,94
Set,130,413,328,355,526,193,212,148,111,156
Setbp1,1132,3266,2606,3175,3414,1881,1256,1248,804,1297
Setd1a,32,50,49,57,51,40,28,29,22,23
Setd1b,59,177,122,165,150,75,64,65,30,52
Setd2,418,831,693,806,883,501,430,366,232,370
Setd3,235,721,584,576,771,200,217,271,120,261
Setd4,603,1313,1348,1351,1468,987,1048,1142,539,619
Setd5,584,1746,1366,1525,1797,975,818,743,536,851
Setd6,68,297,172,205,264,62,124,90,49,100
Setd7,584,956,837,839,896,709,568,817,475,541
Setd8,98,229,181,226,280,209,136,161,94,99
Setdb1,404,699,577,631,759,393,385,402,230,366
Setdb2,44,91,51,81,94,27,33,53,33,28
Setmar,7,37,23,25,30,8,5,15,6,11
Setx,460,773,677,791,859,484,491,501,237,452
Sez6,167,713,611,654,646,193,185,151,72,154
Sez6l,805,2002,1638,2137,1878,1318,827,729,505,774
Sez6l2,518,1029,1021,1127,1025,833,562,551,341,490
Sf1,116,372,313,352,392,133,136,130,68,108
Sf3a1,144,292,233,266,291,184,160,124,102,123
Sf3a2,80,376,292,343,362,102,148,174,79,139
Sf3a3,218,437,398,427,449,265,279,283,164,239
Sf3b1,758,1593,1567,2239,1861,693,953,926,412,783
Sf3b2,415,1123,987,1076,1122,439,553,456,281,426
Sf3b3,655,1630,1419,1595,1524,1323,1091,1192,772,868
Sf3b4,67,336,304,311,379,82,115,84,54,96
Sf3b5,74,507,510,529,640,145,130,115,78,142
Sf3b6,437,1173,1126,1129,1096,625,745,622,359,533
Sfi1,359,519,531,578,579,410,313,404,209,374
Sfmbt1,415,775,635,642,741,425,561,472,248,456
Sfmbt2,174,313,233,321,409,185,154,145,83,146
Sfn,0,8,6,6,9,0,0,0,0,0
Sfpq,616,1129,875,1182,1215,543,560,467,280,459
Sfr1,164,605,697,637,665,276,339,282,161,240
Sfrp1,5,42,30,34,46,8,11,11,11,9
Sfrp2,0,7,7,12,10,0,0,0,0,0
Sfrp4,4,21,10,27,23,6,6,8,3,7
Sfrp5,0,0,0,3,11,1,1,0,0,3
Sfswap,555,1696,1264,1610,1626,709,635,559,368,623
Sft2d1,134,447,387,377,476,200,200,162,104,192
Sft2d2,19,115,101,68,88,24,31,32,18,28
Sft2d3,108,312,286,328,319,214,153,172,58,91
Sfta2,7,35,33,54,62,14,12,7,7,7
Sfxn1,175,518,381,444,574,229,197,267,145,176
Sfxn2,203,302,186,235,276,152,175,181,74,128
Sfxn3,265,1054,804,769,1034,405,391,522,196,362
Sfxn4,195,440,355,362,416,207,194,250,97,190
Sfxn5,657,1667,1152,1173,1723,448,742,684,311,681
Sgcb,108,613,495,600,560,174,184,195,76,160
Sgcd,1527,3812,3079,4061,4754,3374,1636,1740,998,1906
Sgce,241,647,619,650,679,327,263,287,161,294
Sgcg,7,12,14,11,13,3,12,8,4,10
Sgcz,1729,4778,4923,3949,6479,4914,2457,4360,1162,2855
Sgf29,145,403,330,419,409,198,197,164,106,186
Sgip1,2046,4725,3913,4809,4892,3598,2919,2501,1910,2407
Sgk1,257,810,672,842,919,395,319,308,248,317
Sgk2,5,11,10,7,8,4,9,4,2,0
Sgk3,138,279,224,255,261,246,187,174,88,161
Sgms1,577,1279,1006,1088,1230,809,642,581,353,810
Sgms2,21,83,61,45,69,38,45,29,26,43
Sgol2a,1,1,6,3,3,1,0,0,0,0
Sgpl1,69,213,194,175,253,121,118,100,63,102
Sgpp1,98,233,197,202,264,99,127,130,69,82
Sgpp2,30,85,92,51,134,104,45,95,26,46
Sgsh,0,18,7,9,20,0,0,0,0,0
Sgsm1,122,357,302,309,361,275,138,166,68,127
Sgsm2,728,1515,1368,1382,1320,822,909,851,508,628
Sgsm3,256,733,512,666,724,319,328,344,194,292
Sgta,212,924,730,869,904,384,398,315,191,350
Sgtb,125,223,231,260,253,167,112,163,73,87
Sh2b1,45,239,191,196,269,65,90,78,56,64
Sh2b2,30,51,58,37,70,34,16,31,14,26
Sh2b3,16,98,87,88,86,38,34,29,21,36
Sh2d1a,9,18,20,15,19,10,12,14,9,11
Sh2d3c,77,198,178,184,200,86,88,132,62,119
Sh2d4a,3,9,7,5,2,8,4,4,4,10
Sh2d4b,9,22,22,22,29,21,17,16,6,9
Sh2d5,0,0,0,0,0,0,0,0,0,0
Sh2d6,14,23,21,14,29,15,13,12,4,13
Sh3bgr,5,14,16,14,20,5,0,6,0,0
Sh3bgrl,161,419,371,418,462,160,167,153,99,169
Sh3bgrl2,57,101,120,127,117,82,68,92,41,48
Sh3bgrl3,266,1555,1483,1404,1694,411,441,387,245,356
Sh3bp1,201,1081,977,1087,1132,334,357,343,195,331
Sh3bp2,12,54,15,23,35,14,11,8,13,21
Sh3bp4,58,147,111,136,164,71,75,68,28,52
Sh3bp5,496,892,841,977,869,551,456,398,270,373
Sh3bp5l,125,334,273,285,372,133,138,135,49,108
Sh3d19,514,1017,889,792,926,590,594,496,316,481
Sh3d21,25,41,27,43,47,19,37,22,10,31
Sh3gl1,665,2096,1726,2007,2135,1315,1426,1295,975,1106
Sh3gl2,703,1851,1706,2006,2174,1509,820,774,578,808
Sh3gl3,102,361,306,315,438,180,177,133,95,134
Sh3glb1,333,879,790,805,867,477,453,400,225,410
Sh3glb2,246,1359,1099,1208,1343,390,514,481,275,405
Sh3kbp1,397,849,609,776,911,526,547,412,311,453
Sh3pxd2a,143,224,227,277,275,200,149,134,99,111
Sh3pxd2b,92,241,144,177,206,63,89,69,33,92
Sh3rf1,527,1327,1111,1367,1109,866,629,464,319,530
Sh3rf2,10,6,6,13,7,10,5,4,2,1
Sh3rf3,549,1412,1154,1416,1490,962,710,583,426,714
Sh3tc1,2,10,5,6,12,2,4,9,2,11
Sh3tc2,15,18,19,15,20,12,8,10,4,14
Sh3yl1,45,119,107,115,123,72,55,86,38,61
Shank1,1283,3769,2499,3560,3632,1382,1788,1549,646,1383
Shank2,571,1262,1275,1461,1402,1100,606,656,370,643
Shank3,217,497,419,450,424,316,258,265,140,196
Sharpin,151,471,381,418,445,237,263,257,114,246
Shb,34,90,103,80,103,75,47,46,26,37
Shc1,25,91,68,73,104,41,41,68,15,38
Shc2,368,596,509,595,509,348,308,359,212,263
Shc3,184,359,289,290,303,228,180,175,68,164
Shc4,26,42,51,43,40,18,21,20,8,15
Shcbp1,12,23,11,12,23,6,12,11,10,7
Shcbp1l,27,80,62,69,71,39,22,31,12,20
Shd,73,237,249,243,281,102,107,146,47,109
She,10,30,9,18,19,15,16,11,21,19
Shf,44,74,62,105,90,57,46,57,23,40
Shfm1,289,1150,1162,1242,1382,352,421,337,162,266
Shh,0,0,0,0,0,1,0,0,0,0
Shisa2,0,9,10,9,14,0,0,0,0,0
Shisa3,4,14,11,15,13,4,7,3,1,5
Shisa4,937,2373,2448,1994,2058,769,1265,1620,686,979
Shisa5,96,595,483,401,514,161,140,172,106,165
Shisa6,1620,3950,3223,4149,4422,2859,1750,1282,1759,1825
Shisa7,95,321,276,383,373,186,116,115,83,97
Shisa8,10,55,50,28,52,17,28,22,8,15
Shisa9,471,1214,970,1181,1224,972,532,444,435,601
Shkbp1,59,208,116,186,192,91,86,66,39,77
Shmt1,30,62,38,55,43,20,30,41,25,25
Shmt2,28,165,122,154,168,72,71,63,28,79
Shoc2,239,470,402,405,468,239,300,220,127,264
Shpk,7,29,20,23,38,17,9,14,10,3
Shprh,180,595,489,626,663,292,248,233,189,268
Shq1,39,86,71,86,104,47,28,25,23,42
Shroom1,40,76,76,77,88,52,41,41,12,28
Shroom2,187,452,376,421,485,187,190,204,116,184
Shroom3,67,186,149,113,180,59,59,32,47,74
Shroom4,116,227,189,215,230,117,164,105,81,151
Shtn1,310,895,850,953,986,539,364,387,245,366
Siae,8,44,37,40,33,11,16,9,2,7
Siah1a,66,215,169,170,292,171,119,118,73,93
Siah1b,7,32,25,37,36,10,8,8,12,6
Siah2,19,144,125,114,199,54,57,45,37,47
Siah3,58,173,157,156,163,122,77,96,49,103
Sidt1,779,1869,1638,1794,1826,1390,982,1039,624,752
Sidt2,61,237,192,208,187,75,78,70,55,84
Sigirr,11,23,10,12,16,10,15,16,14,24
Siglec15,1,0,0,0,0,7,0,0,0,0
Siglech,18,55,29,24,70,10,19,19,15,9
Sigmar1,197,643,495,544,577,292,282,336,123,219
Sik1,49,61,55,61,34,28,34,45,26,44
Sik2,513,1164,982,1078,1028,843,647,503,285,562
Sik3,1459,3529,2423,2888,2890,1882,1860,1311,757,1617
Sike1,95,289,245,244,268,109,90,124,52,89
Sil1,264,533,468,538,603,249,220,287,184,195
Sim1,0,8,4,7,5,3,0,0,0,0
Sim2,0,7,5,4,7,0,0,0,0,0
Simc1,383,750,510,597,715,278,394,354,198,348
Sin3a,315,434,369,460,640,367,185,490,193,331
Sin3b,155,594,507,579,614,224,212,173,126,219
Sipa1,114,308,218,276,325,205,150,147,110,150
Sipa1l1,1081,2362,1903,2275,2267,1364,1422,1195,836,1237
Sipa1l2,49,134,111,171,144,69,64,40,41,67
Sipa1l3,838,1611,1361,1791,1846,833,746,599,468,673
Sirpa,391,1377,1160,1101,1146,529,488,483,269,346
Sirt1,54,123,84,110,108,69,53,65,24,53
Sirt2,301,930,774,754,977,435,425,348,248,379
Sirt3,304,806,685,769,799,437,372,530,220,323
Sirt4,146,486,366,452,507,145,217,233,109,173
Sirt5,237,503,431,514,516,271,288,277,133,192
Sirt6,236,302,222,233,323,146,147,200,101,145
Sirt7,337,1957,1415,1709,2070,595,628,651,349,556
Sis,9,10,5,12,5,9,7,5,3,8
Siva1,49,181,150,157,204,51,53,48,34,48
Six4,4,13,18,13,14,8,6,8,6,2
Six5,5,20,16,10,12,4,6,3,4,6
Ska1,5,0,0,0,0,2,0,0,0,0
Ska2,44,130,92,118,126,79,74,68,46,73
Ska3,8,21,9,15,19,8,8,5,4,5
Skap1,51,146,102,146,130,98,75,80,22,54
Skap2,86,422,284,326,407,170,110,103,67,111
Ski,137,510,416,462,468,246,170,158,110,176
Skida1,355,948,777,849,846,385,426,416,300,317
Skil,130,236,196,254,273,87,138,124,67,141
Skint11,10,64,37,39,40,37,35,31,28,27
Skint2,4,12,7,10,11,2,9,7,2,8
Skint5,31,97,100,107,103,34,45,64,21,24
Skint6,136,450,416,384,521,93,129,110,46,98
Skint7,0,0,0,0,0,0,4,5,2,4
Skint9,5,25,31,22,29,15,4,12,4,9
Skiv2l,147,471,414,463,529,265,264,251,155,248
Skiv2l2,80,173,167,201,225,119,97,103,60,76
Skp1a,183,665,891,854,947,213,264,178,128,191
Skp2,45,117,92,99,102,58,48,60,30,47
Sla,19,30,18,21,22,25,10,6,7,12
Sla2,3,20,32,13,22,10,6,21,3,6
Slain1,169,372,349,302,394,185,151,161,83,119
Slain2,104,271,211,225,249,103,105,98,52,112
Slamf1,0,7,14,10,10,0,0,6,0,0
Slamf6,0,10,2,3,18,7,2,2,7,8
Slamf8,0,10,3,4,5,0,0,3,4,2
Slamf9,0,15,2,0,10,0,0,0,0,0
Slbp,188,458,373,420,464,188,141,214,106,179
Slc10a1,8,5,8,9,7,3,1,5,5,3
Slc10a3,10,154,167,141,156,40,45,35,13,15
Slc10a6,0,0,0,0,0,0,0,0,0,0
Slc10a7,131,295,214,248,312,184,178,138,102,164
Slc11a1,62,34,20,18,37,22,30,27,10,35
Slc11a2,85,447,309,386,415,147,143,142,91,141
Slc12a1,6,9,10,8,7,2,5,12,3,5
Slc12a2,72,263,226,267,328,154,117,109,86,108
Slc12a4,18,105,93,92,108,23,32,35,13,24
Slc12a5,246,849,728,873,839,401,303,358,207,270
Slc12a6,0,0,0,0,0,0,0,0,0,0
Slc12a7,2,22,15,17,13,4,4,5,2,10
Slc12a8,17,18,17,26,21,15,11,16,10,20
Slc12a9,205,495,379,413,415,152,206,204,89,149
Slc13a1,31,31,35,29,30,24,41,34,18,35
Slc13a3,9,37,37,56,38,13,12,16,6,5
Slc13a4,3,9,17,64,12,8,19,26,7,8
Slc13a5,23,57,56,63,55,18,16,39,8,16
Slc14a1,29,239,91,78,155,12,39,24,18,38
Slc14a2,10,34,42,27,29,19,35,12,11,23
Slc15a1,4,7,3,2,5,4,6,6,4,11
Slc15a2,309,658,923,1047,1145,867,662,263,616,1009
Slc15a3,2,38,13,11,37,15,3,3,13,7
Slc15a4,32,103,89,122,138,43,40,38,12,30
Slc15a5,2,0,0,0,0,2,0,0,0,0
Slc16a1,205,605,384,450,480,127,212,150,91,189
Slc16a10,222,426,274,320,373,183,201,186,134,192
Slc16a11,611,1938,1564,1623,1725,1075,1199,1500,705,1102
Slc16a12,27,27,44,53,50,46,35,32,19,46
Slc16a13,15,33,31,41,37,17,25,10,10,14
Slc16a14,62,101,90,97,87,91,59,75,28,48
Slc16a2,375,1513,1432,1392,1635,670,655,453,362,486
Slc16a3,0,17,10,8,22,7,3,9,4,3
Slc16a4,74,132,113,146,126,90,110,116,65,114
Slc16a5,2,0,0,0,0,2,0,0,0,0
Slc16a6,23,68,68,94,91,39,31,47,12,26
Slc16a7,201,402,405,447,411,289,207,241,167,223
Slc16a9,16,36,31,27,29,14,15,7,12,29
Slc17a5,190,456,375,463,490,261,223,242,131,208
Slc17a6,13,56,77,39,78,35,18,42,2,19
Slc17a7,333,1696,1490,1709,1700,1114,613,513,323,470
Slc17a8,7,16,17,14,11,3,5,5,9,5
Slc17a9,12,15,12,18,20,16,18,9,8,9
Slc18a1,11,14,12,18,23,10,9,17,3,5
Slc18a2,8,19,14,15,10,8,5,8,5,7
Slc18b1,57,167,145,176,149,48,67,69,37,39
Slc19a1,24,126,105,94,88,30,35,37,23,29
Slc19a2,18,61,52,49,45,14,21,11,11,10
Slc19a3,20,33,24,27,32,34,37,29,21,48
Slc1a1,464,1090,985,1079,922,607,546,444,302,386
Slc1a2,2168,7032,5097,4938,7113,1598,2141,1975,936,2129
Slc1a3,1394,4578,2956,3130,4080,851,1377,933,653,1602
Slc1a4,108,411,242,259,301,71,109,74,40,80
Slc1a5,25,58,30,40,71,37,25,23,15,33
Slc1a6,44,127,138,126,131,57,38,56,25,37
Slc1a7,8,11,4,5,7,8,0,0,0,0
Slc20a1,115,540,364,479,576,142,117,173,57,172
Slc20a2,86,305,265,264,295,138,133,99,67,95
Slc22a12,0,5,7,4,3,0,0,0,0,0
Slc22a14,162,440,323,344,403,229,184,143,90,148
Slc22a15,50,108,99,103,121,63,49,38,33,33
Slc22a17,685,4838,4721,4705,4811,1245,1619,1255,884,1367
Slc22a18,0,16,5,4,14,0,1,3,2,7
Slc22a19,0,6,4,5,4,0,0,0,0,0
Slc22a20,2,5,8,5,4,1,2,0,1,4
Slc22a21,5,16,12,8,15,3,8,12,5,7
Slc22a22,5,13,9,14,15,8,7,3,1,7
Slc22a23,176,470,445,397,507,359,206,237,129,224
Slc22a27,43,56,51,41,60,47,31,24,35,46
Slc22a29,0,0,0,0,0,0,0,0,0,0
Slc22a3,10,16,34,32,25,10,11,15,5,9
Slc22a30,0,7,6,5,4,3,0,0,0,0
Slc22a4,31,169,121,144,153,50,56,33,23,48
Slc22a5,40,137,97,122,121,85,70,82,42,44
Slc22a6,0,5,6,29,8,0,0,10,0,0
Slc22a8,37,163,74,116,120,79,95,60,59,104
Slc23a1,3,12,15,12,20,4,7,4,3,4
Slc23a2,304,717,565,621,734,622,387,467,343,265
Slc23a3,0,17,10,7,2,0,0,0,0,0
Slc24a1,3,14,5,13,9,2,0,0,0,0
Slc24a2,2542,6500,5670,6620,7071,3768,2649,2602,2090,2542
Slc24a3,1321,3276,2332,2872,3213,1535,1358,1060,903,1236
Slc24a4,162,350,309,426,358,249,188,157,117,165
Slc24a5,507,1339,787,1039,1189,339,638,673,259,515
Slc25a1,52,281,241,225,231,123,95,153,63,114
Slc25a10,13,107,70,72,104,27,39,48,19,36
Slc25a11,163,776,674,691,798,237,301,269,163,263
Slc25a12,498,1075,895,1008,1124,547,453,491,297,429
Slc25a13,70,92,86,89,116,59,53,45,26,39
Slc25a14,87,467,435,458,420,119,129,115,75,103
Slc25a15,10,27,25,20,26,8,6,3,4,8
Slc25a16,197,469,407,433,406,286,310,301,171,216
Slc25a17,63,281,279,264,287,72,88,70,39,60
Slc25a18,67,280,253,216,313,38,110,87,41,76
Slc25a19,49,191,157,195,218,67,68,78,40,68
Slc25a20,82,187,142,150,157,100,63,75,59,72
Slc25a21,34,81,96,77,97,31,51,34,28,37
Slc25a22,88,494,451,546,570,97,186,141,81,132
Slc25a23,1146,2304,1675,1745,2314,1613,1517,1506,791,1033
Slc25a24,7,13,7,4,6,3,2,3,3,6
Slc25a25,223,544,444,480,456,289,277,269,155,209
Slc25a26,154,359,297,322,405,197,171,167,126,129
Slc25a27,326,642,596,704,673,397,317,340,145,289
Slc25a28,64,244,188,243,237,105,83,94,47,74
Slc25a29,21,82,60,73,89,23,27,18,12,25
Slc25a3,444,2448,2364,2851,2856,602,791,749,310,587
Slc25a30,20,23,13,30,21,16,6,18,10,13
Slc25a31,0,4,8,8,9,0,7,6,7,2
Slc25a32,79,149,175,165,168,99,68,93,42,76
Slc25a33,160,335,340,347,395,122,173,156,93,162
Slc25a34,20,27,25,38,29,6,16,17,6,6
Slc25a35,32,100,53,87,74,24,33,46,10,35
Slc25a36,426,675,469,619,821,361,446,463,229,431
Slc25a37,17,46,36,42,40,11,7,12,8,4
Slc25a38,158,358,222,318,282,147,197,169,82,119
Slc25a39,53,203,158,159,168,79,88,63,45,83
Slc25a4,494,3146,3230,3177,3600,668,840,800,424,590
Slc25a40,61,154,150,144,165,92,77,69,41,45
Slc25a41,8,8,13,19,22,5,4,2,3,3
Slc25a42,165,393,332,423,418,176,214,234,107,170
Slc25a43,14,16,10,12,8,10,4,15,12,11
Slc25a44,58,196,179,187,193,91,69,84,25,51
Slc25a45,9,48,23,28,42,11,23,9,15,34
Slc25a46,93,315,299,343,348,107,145,110,66,96
Slc25a47,0,20,9,12,9,0,2,7,2,3
Slc25a48,0,0,0,0,9,0,0,0,0,0
Slc25a5,227,1377,1282,1359,1518,258,412,296,193,289
Slc25a51,389,200,833,567,210,269,454,479,213,153
Slc25a53,69,256,191,223,275,118,124,111,63,100
Slc26a1,0,9,12,12,9,0,0,0,0,0
Slc26a10,136,380,204,296,353,114,228,188,172,205
Slc26a11,57,125,108,94,108,72,74,60,27,56
Slc26a2,10,14,28,54,33,12,16,18,5,13
Slc26a3,8,11,14,14,20,4,13,6,13,7
Slc26a4,143,385,312,423,434,266,163,139,103,158
Slc26a5,6,8,9,10,11,6,7,10,3,10
Slc26a6,16,78,51,56,63,25,23,23,9,23
Slc26a7,0,0,0,0,0,0,0,7,0,0
Slc26a8,86,119,140,139,119,72,72,100,40,83
Slc27a1,297,930,924,918,1023,205,334,287,132,228
Slc27a2,13,37,48,52,56,30,20,28,7,18
Slc27a3,14,79,62,74,71,30,43,23,12,29
Slc27a4,68,307,248,268,299,72,74,68,45,60
Slc27a5,2,14,12,14,15,9,11,9,5,12
Slc27a6,5,0,0,0,0,2,0,0,0,0
Slc28a1,1,5,6,4,3,2,1,2,0,2
Slc28a3,5,11,14,16,14,13,9,9,2,5
Slc29a1,39,238,150,234,249,78,104,89,50,88
Slc29a2,59,154,119,140,137,48,52,66,27,38
Slc29a3,17,45,31,38,37,27,14,15,15,18
Slc29a4,51,132,94,132,125,44,55,48,36,47
Slc2a1,134,701,556,554,832,510,338,254,273,675
Slc2a10,1,24,15,16,15,4,0,2,2,7
Slc2a12,98,198,186,211,215,104,105,75,41,52
Slc2a13,1216,3077,2799,3434,3126,2138,1569,1562,1066,1329
Slc2a2,0,8,9,6,9,3,4,5,0,2
Slc2a3,362,768,653,764,768,480,352,390,176,318
Slc2a4,2,12,5,9,15,6,7,6,3,7
Slc2a5,8,9,6,7,18,6,2,4,4,6
Slc2a6,71,518,399,385,524,118,159,160,83,163
Slc2a7,22,10,3,11,4,3,14,15,3,2
Slc2a8,258,868,669,720,708,338,377,431,174,302
Slc2a9,59,147,137,175,119,66,62,61,39,42
Slc30a1,14,85,105,90,87,28,28,26,21,38
Slc30a10,52,166,159,156,158,36,89,74,28,61
Slc30a3,337,1021,988,1008,1154,601,591,742,322,574
Slc30a4,28,87,81,71,83,47,29,40,24,41
Slc30a5,178,381,299,367,358,147,165,159,81,146
Slc30a6,226,591,532,578,615,498,457,435,306,303
Slc30a7,59,158,141,159,178,107,68,76,44,67
Slc30a8,0,6,4,2,0,0,0,0,0,0
Slc30a9,210,569,479,519,594,182,239,206,126,182
Slc31a1,218,439,308,335,377,111,207,219,149,235
Slc31a2,95,356,275,260,310,225,222,224,153,186
Slc32a1,23,263,273,251,214,40,45,37,16,23
Slc33a1,148,378,345,396,442,112,153,141,69,141
Slc35a1,206,460,463,453,454,179,235,252,121,157
Slc35a2,152,578,458,536,483,234,227,229,135,171
Slc35a3,80,204,157,163,234,132,106,88,78,86
Slc35a4,30,234,197,197,250,50,58,58,33,48
Slc35a5,60,238,211,195,206,32,54,61,39,54
Slc35b1,527,1482,1311,1408,1424,842,1056,900,471,809
Slc35b2,22,185,117,119,131,42,51,34,28,28
Slc35b3,333,903,602,768,736,493,408,538,264,414
Slc35b4,15,108,89,120,100,27,25,27,15,23
Slc35c1,10,46,41,38,33,6,20,18,4,9
Slc35c2,98,331,339,376,378,151,106,111,69,106
Slc35d1,187,472,378,423,382,268,212,208,137,193
Slc35d2,9,69,64,68,77,14,19,6,8,18
Slc35d3,0,5,4,4,4,0,0,0,0,0
Slc35e1,4,41,38,44,40,16,9,15,13,7
Slc35e2,93,239,197,260,256,144,135,124,57,128
Slc35e3,19,42,37,42,53,14,20,11,6,13
Slc35e4,29,179,159,133,117,29,42,33,21,24
Slc35f1,955,2394,1876,2235,2664,1884,1245,1308,485,1221
Slc35f2,37,50,36,54,45,57,49,28,29,34
Slc35f3,296,547,472,599,575,381,301,256,186,234
Slc35f4,445,1010,1171,1096,1163,827,518,628,381,535
Slc35f5,60,256,178,223,221,82,79,89,42,77
Slc35f6,38,170,165,182,172,53,44,45,30,49
Slc35g1,2,10,8,15,7,4,0,7,0,0
Slc35g2,15,130,125,121,113,17,23,21,11,13
Slc36a1,29,154,121,138,155,54,54,54,25,46
Slc36a2,2,7,6,6,16,2,0,12,0,0
Slc36a4,22,79,78,67,66,24,24,17,12,23
Slc37a1,34,68,61,67,65,30,32,38,17,25
Slc37a2,5,17,16,12,9,9,13,2,6,8
Slc37a3,73,230,192,205,188,111,82,76,31,60
Slc37a4,35,222,182,243,251,85,83,101,31,82
Slc38a1,271,698,782,712,697,305,386,285,219,286
Slc38a10,52,246,201,211,229,73,73,60,36,51
Slc38a11,28,42,57,35,61,49,75,39,25,70
Slc38a2,380,968,966,1084,933,601,620,589,296,376
Slc38a3,67,310,319,264,280,60,128,69,60,125
Slc38a4,0,11,14,8,3,0,6,4,0,0
Slc38a5,19,88,48,52,67,38,44,17,57,70
Slc38a6,112,269,223,237,260,151,93,99,80,100
Slc38a7,110,244,190,246,267,125,119,119,69,102
Slc38a9,612,1438,1186,1377,1393,983,888,980,592,756
Slc39a1,117,194,112,121,190,61,71,76,27,86
Slc39a10,118,399,368,328,481,284,215,285,181,250
Slc39a11,147,594,482,586,630,283,170,142,127,152
Slc39a12,148,518,381,352,440,99,165,114,87,150
Slc39a13,192,424,324,341,413,250,212,298,114,178
Slc39a14,218,581,279,357,414,191,211,185,106,204
Slc39a2,19,72,79,79,50,22,25,18,22,34
Slc39a3,60,218,205,245,241,63,68,75,36,57
Slc39a4,0,8,19,11,8,0,9,3,0,0
Slc39a5,0,6,8,2,6,0,0,0,0,0
Slc39a6,45,260,210,214,213,38,63,51,53,47
Slc39a7,72,569,434,387,519,107,119,105,60,117
Slc39a8,6,56,44,39,40,15,22,15,16,26
Slc39a9,124,338,280,330,354,160,156,145,116,157
Slc3a1,25,37,55,57,45,24,30,34,29,23
Slc3a2,463,2005,1696,1742,1695,856,771,749,527,817
Slc40a1,29,106,88,59,67,29,41,23,25,69
Slc41a1,50,197,179,194,155,68,64,60,45,64
Slc41a2,109,176,149,188,210,118,87,92,59,95
Slc41a3,1,18,9,15,20,12,7,9,4,4
Slc43a2,333,746,777,745,711,557,413,519,280,386
Slc43a3,6,33,26,18,25,19,13,6,9,17
Slc44a1,562,1282,997,1122,1122,706,525,485,375,510
Slc44a2,94,390,270,348,321,124,126,143,61,109
Slc44a3,11,20,27,24,25,14,11,6,2,7
Slc44a4,3,22,17,18,26,13,9,9,1,4
Slc44a5,765,1538,1312,1563,1724,1013,821,681,584,702
Slc45a1,96,349,291,313,333,167,122,147,69,83
Slc45a4,27,90,78,69,124,34,34,28,20,29
Slc46a1,13,47,53,44,43,9,8,8,7,14
Slc46a2,33,77,56,45,86,55,40,31,15,22
Slc46a3,41,90,79,89,107,48,35,53,29,57
Slc47a1,2,12,12,24,12,10,12,16,7,2
Slc47a2,5,10,10,11,14,5,4,2,1,3
Slc48a1,137,728,659,642,737,164,226,189,90,165
Slc4a1,6,6,4,11,4,7,15,14,9,14
Slc4a10,698,1842,1689,2004,2292,1412,859,1019,655,917
Slc4a11,0,0,0,0,0,0,5,4,2,2
Slc4a1ap,200,324,272,314,330,188,175,214,109,146
Slc4a2,27,103,103,91,125,39,39,34,20,36
Slc4a3,168,704,568,608,676,306,278,367,163,227
Slc4a4,1039,2167,1564,1741,2288,834,1055,867,766,984
Slc4a5,2,0,0,0,0,3,5,5,2,3
Slc4a7,275,653,520,671,708,348,323,266,235,306
Slc4a8,199,561,428,402,498,321,324,299,138,208
Slc50a1,527,2396,1916,2227,2373,970,1186,1100,617,1000
Slc52a2,54,267,178,199,247,87,87,124,62,102
Slc52a3,4,18,4,7,12,7,11,7,7,8
Slc5a10,5,12,7,3,7,1,2,3,6,2
Slc5a11,5,17,11,11,22,9,6,5,8,4
Slc5a12,4,0,0,0,0,0,4,4,2,2
Slc5a2,0,0,0,0,0,0,0,0,0,0
Slc5a3,0,0,0,0,0,0,0,0,0,0
Slc5a4b,32,34,35,39,50,19,12,20,8,15
Slc5a5,5,41,62,53,67,6,7,5,3,11
Slc5a6,32,163,113,139,171,44,49,35,22,39
Slc5a7,0,9,2,5,9,0,0,0,0,0
Slc5a8,0,6,12,2,6,0,0,0,0,0
Slc6a1,431,816,655,709,737,292,356,261,164,275
Slc6a11,97,334,288,238,376,75,109,91,31,77
Slc6a13,20,19,45,81,44,22,34,34,18,13
Slc6a15,170,470,478,413,588,310,147,229,163,216
Slc6a17,197,670,606,713,706,383,247,274,127,194
Slc6a19,5,5,20,4,8,3,0,0,0,0
Slc6a20a,33,66,87,168,108,43,65,53,34,48
Slc6a20b,31,209,184,176,170,31,56,45,23,37
Slc6a4,0,0,0,0,0,0,4,5,2,2
Slc6a6,679,1379,1130,1228,1168,754,684,704,392,614
Slc6a7,153,667,503,574,642,363,228,244,114,214
Slc6a8,60,302,207,237,338,135,112,115,57,106
Slc6a9,36,169,161,131,161,63,68,44,31,39
Slc7a1,93,193,135,170,192,200,185,95,96,202
Slc7a10,214,679,710,694,593,73,267,185,61,178
Slc7a11,225,897,702,787,683,135,273,203,102,289
Slc7a14,1066,2352,1872,2282,2169,886,872,736,603,762
Slc7a15,18,27,24,27,23,10,16,13,15,16
Slc7a2,188,326,241,267,327,55,216,138,69,165
Slc7a3,5,71,48,51,47,24,25,17,3,28
Slc7a4,115,845,707,769,897,201,231,226,101,193
Slc7a5,135,340,317,373,403,270,186,154,109,390
Slc7a6,502,989,777,908,862,393,467,405,194,314
Slc7a6os,465,1021,957,1057,988,550,645,709,366,473
Slc7a7,2,15,21,14,23,9,9,2,6,12
Slc7a8,345,630,342,513,631,389,348,342,157,245
Slc8a1,2290,5842,4816,6345,6638,4783,2659,2709,1392,2655
Slc8a2,309,628,633,698,540,289,269,220,178,205
Slc8a3,125,221,204,156,247,195,117,145,47,98
Slc8b1,38,120,98,104,118,29,22,26,24,29
Slc9a1,156,462,413,390,478,283,231,181,130,219
Slc9a2,99,197,164,265,215,86,113,99,45,96
Slc9a3,4,7,4,14,10,5,5,5,0,4
Slc9a3r1,40,256,221,177,249,43,76,56,31,71
Slc9a3r2,53,226,192,189,257,136,123,98,82,174
Slc9a4,25,87,68,88,83,32,19,14,12,21
Slc9a5,48,174,152,176,166,77,75,77,47,67
Slc9a6,57,256,227,216,266,95,80,72,27,67
Slc9a7,251,475,439,474,503,423,315,237,187,264
Slc9a8,169,349,300,326,374,201,168,213,124,150
Slc9a9,477,1006,824,949,1005,647,482,445,320,460
Slc9b1,19,42,28,29,24,14,15,24,8,20
Slc9b2,18,59,61,67,59,36,21,18,15,10
Slco1a4,299,548,390,361,511,462,738,492,597,1168
Slco1a5,3,6,8,9,5,5,5,1,4,7
Slco1a6,2,10,5,4,12,1,0,0,0,0
Slco1b2,5,9,6,5,15,0,5,3,0,0
Slco1c1,204,597,596,585,511,236,373,177,156,447
Slco2a1,86,133,96,120,150,80,71,60,51,55
Slco2b1,22,75,47,41,100,55,46,17,30,61
Slco3a1,346,758,632,775,876,706,328,345,262,340
Slco4a1,0,9,12,19,15,0,7,3,3,1
Slco4c1,32,83,72,63,98,50,33,43,27,34
Slco5a1,24,26,29,23,29,15,12,19,15,8
Slco6c1,3,0,0,0,0,4,4,4,3,2
Slco6d1,6,20,15,12,17,10,4,3,0,0
Slf1,255,761,664,703,835,513,321,424,193,372
Slfn2,5,32,21,17,17,19,13,8,12,9
Slfn3,2,0,0,0,0,4,0,0,0,0
Slfn5,3,16,8,12,13,26,12,9,11,14
Slfn5os,2,0,0,7,4,6,6,1,0,0
Slirp,167,880,796,803,994,376,406,326,170,350
Slit1,726,1525,1237,1505,1557,858,737,544,485,694
Slit2,770,2633,1796,2100,2311,1032,1040,774,647,949
Slit3,3027,6486,5331,6651,6195,4424,3315,2881,2454,2980
Slitrk1,31,135,123,123,94,24,16,20,10,17
Slitrk2,87,154,118,114,120,36,54,39,18,26
Slitrk3,75,163,134,193,168,41,45,54,30,36
Slitrk4,39,158,162,206,150,53,40,34,23,30
Slitrk5,74,430,362,425,419,113,86,83,65,59
Slk,84,200,141,206,224,155,100,101,81,84
Slmap,198,625,493,527,588,342,258,229,146,240
Slmo1,1098,2315,2166,2250,2141,1240,1169,1377,600,853
Slmo2,19,152,162,157,194,34,55,35,20,30
Sln,2,8,17,19,5,0,7,3,0,0
Slpi,7,10,3,8,16,3,6,4,5,6
Sltm,831,2994,2482,2721,2839,1174,1045,849,572,1036
Slu7,69,216,211,219,211,55,80,71,41,65
Slx1b,108,219,169,174,217,110,109,183,69,103
Slx4,9,33,26,38,27,12,11,10,2,10
Slx4ip,139,571,495,620,746,322,291,227,153,219
Smad1,113,380,295,325,433,204,155,159,127,142
Smad2,81,222,149,181,234,126,93,81,57,86
Smad3,233,358,386,468,370,343,194,199,145,203
Smad4,103,208,199,193,200,119,100,65,54,82
Smad5,20,94,79,94,100,37,47,21,22,47
Smad6,5,24,20,31,36,10,14,16,7,17
Smad7,71,122,130,111,109,72,92,63,39,66
Smad9,18,25,24,41,39,14,10,17,3,14
Smagp,9,40,19,18,30,24,17,15,9,33
Smap1,341,996,897,925,1017,619,540,554,311,499
Smap2,146,365,276,321,394,238,195,171,116,128
Smarca1,113,257,206,274,288,253,158,168,90,158
Smarca2,567,1395,1202,1370,1545,745,619,592,411,662
Smarca4,510,1054,790,976,1108,470,612,562,275,504
Smarca5,298,500,472,502,560,370,345,363,224,287
Smarcad1,408,861,655,758,920,515,447,456,284,427
Smarcal1,34,115,77,94,110,54,25,44,31,48
Smarcb1,195,433,354,411,445,171,230,163,105,152
Smarcc1,399,834,668,753,772,408,428,425,216,330
Smarcc2,346,970,786,778,944,472,416,418,239,377
Smarcd1,80,312,269,322,299,181,142,125,66,89
Smarcd2,87,367,233,312,318,112,150,150,54,137
Smarcd3,314,867,643,733,836,391,426,438,253,340
Smarce1,76,222,171,186,215,85,104,95,33,84
Smc1a,63,190,186,197,189,106,100,87,69,68
Smc1b,17,30,14,18,28,16,29,16,14,15
Smc2,57,246,200,275,289,85,93,79,54,79
Smc2os,6,12,11,7,14,12,5,6,11,4
Smc3,366,693,537,620,709,252,353,308,200,300
Smc4,30,77,50,46,73,31,33,21,27,23
Smc5,230,437,371,453,502,251,202,183,106,190
Smc6,341,1020,761,831,929,472,484,469,312,419
Smchd1,387,862,661,710,764,428,418,401,248,397
Smco3,1,93,60,53,48,20,31,4,17,11
Smco4,29,89,58,64,72,38,42,38,35,64
Smcr8,6,23,31,32,27,5,5,2,6,7
Smdt1,202,1056,1146,982,1256,247,310,263,163,228
Smek1,224,432,341,411,474,207,223,206,140,198
Smek2,246,498,446,454,584,313,265,269,146,250
Smg1,711,1408,1218,1471,1577,808,746,708,444,691
Smg5,386,878,687,806,880,426,411,549,244,361
Smg6,1070,1707,1500,1721,1748,1124,1131,1116,726,987
Smg7,278,906,692,828,842,440,476,401,247,449
Smg8,6,35,29,35,29,11,9,9,7,8
Smg9,201,478,475,500,505,265,227,272,139,196
Smim1,10,53,35,41,56,6,6,15,5,9
Smim10l1,134,418,380,417,389,104,136,114,64,122
Smim10l2a,12,55,71,62,66,14,16,20,7,13
Smim11,38,165,185,172,198,73,39,67,26,53
Smim12,63,380,292,347,383,108,114,96,48,93
Smim13,330,737,652,660,692,487,390,498,252,285
Smim14,288,697,540,677,623,407,413,388,184,312
Smim15,43,194,200,191,188,32,72,39,25,50
Smim17,17,39,28,39,37,26,20,26,13,16
Smim18,139,315,273,267,282,135,193,204,92,130
Smim19,211,521,577,523,561,334,267,416,188,200
Smim20,171,465,415,476,456,144,164,155,55,130
Smim20.1,3,11,13,10,9,0,0,0,0,0
Smim22,0,115,131,107,108,5,13,12,6,11
Smim24,5,27,23,26,18,9,7,11,2,12
Smim3,32,84,54,92,115,25,25,21,25,30
Smim4,367,917,847,841,938,367,470,473,291,355
Smim5,5,16,18,9,10,2,8,5,6,4
Smim6,0,0,0,4,6,0,0,0,0,0
Smim7,144,572,513,540,568,153,225,193,110,159
Smim8,99,226,252,244,231,82,69,127,56,71
Smim9,2,0,0,0,0,4,0,0,0,0
Smkr-ps,12,24,23,18,19,14,27,11,9,16
Smn1,84,266,225,232,276,121,125,121,60,103
Smndc1,77,206,164,183,190,95,113,107,43,117
Smo,49,129,96,92,137,132,93,51,61,79
Smoc1,19,110,59,82,110,36,43,37,20,44
Smoc2,264,615,590,618,641,294,307,208,267,253
Smox,160,436,265,309,504,142,174,132,83,188
Smpd1,68,482,490,423,420,76,97,99,53,64
Smpd2,137,533,428,467,473,127,249,205,125,214
Smpd3,0,0,0,0,0,0,0,0,0,0
Smpd4,35,238,151,199,267,81,62,74,28,58
Smpd5,4,19,17,10,15,7,3,12,9,15
Smpdl3a,40,322,296,248,245,40,60,41,30,63
Smpdl3b,37,81,42,70,64,45,62,42,20,40
Sms,225,720,798,915,866,316,318,302,132,195
Smtn,4,38,30,22,34,21,18,13,10,30
Smtnl2,2,0,0,6,5,0,0,0,0,0
Smu1,127,356,327,317,365,122,159,132,68,142
Smug1,35,68,74,62,80,50,27,38,14,20
Smurf1,283,502,380,459,451,273,271,189,122,188
Smurf2,430,950,921,1029,1081,571,541,460,302,445
Smyd1,7,17,16,9,21,9,6,12,5,4
Smyd2,98,340,314,365,345,148,145,115,78,128
Smyd3,636,1608,1308,1522,1859,1149,754,742,430,776
Smyd4,269,491,395,426,438,290,254,330,157,195
Smyd5,168,449,351,395,413,238,161,181,84,157
Snai2,0,12,2,6,4,0,7,5,4,5
Snap23,405,860,755,838,787,519,620,460,248,455
Snap25,3721,12224,11694,12954,13270,7394,5032,5842,2343,3859
Snap29,30,61,64,43,67,39,38,35,17,24
Snap47,282,1059,1438,1361,1342,605,429,439,236,280
Snap91,522,1863,1568,1718,1962,1038,647,645,405,639
Snapc1,140,375,307,376,332,143,141,146,78,111
Snapc2,44,147,122,132,148,73,57,68,42,60
Snapc3,306,731,562,636,717,312,358,362,164,309
Snapc4,86,291,179,268,265,145,106,101,67,114
Snapc5,92,380,410,426,544,122,130,186,104,128
Snapin,99,460,336,358,457,133,142,157,72,141
Snca,927,3851,3651,4048,4133,1487,1248,1051,992,1053
Sncaip,101,213,193,199,252,112,143,109,79,107
Sncb,329,2264,2506,2207,2598,496,548,571,214,350
Sncg,16,54,81,36,70,17,33,17,13,18
Snd1,362,926,711,842,992,490,346,379,253,347
Sned1,57,179,185,203,181,63,124,75,51,74
Snf8,237,561,455,461,534,295,214,239,149,189
Snhg11,25859,63407,56340,60498,60844,37482,34865,44129,14582,24336
Snhg12,165,226,206,249,265,156,151,217,78,115
Snhg18,5,27,17,27,26,7,8,14,5,9
Snhg20,864,2571,2097,2122,2729,1049,1222,1412,647,946
Snhg6,62,245,272,275,293,14,81,75,22,58
Snhg9,31,106,104,124,124,54,31,32,15,19
Snip1,27,59,68,74,69,35,29,38,28,21
Snn,52,231,232,293,250,66,61,50,35,47
Snph,846,1602,1552,1681,1761,1142,905,841,434,697
Snrk,297,829,664,729,739,510,476,400,247,380
Snrnp200,90,194,192,208,219,86,87,88,47,74
Snrnp25,43,176,179,190,169,56,69,71,39,51
Snrnp27,168,755,745,750,784,280,293,253,145,207
Snrnp35,40,94,76,107,112,56,56,47,30,41
Snrnp40,223,679,615,535,760,248,399,223,171,282
Snrnp48,648,1639,1365,1555,1811,1073,1080,990,609,906
Snrnp70,4080,9603,8405,9927,9314,5217,6003,6180,2977,4494
Snrpa,161,772,557,704,770,298,356,375,178,287
Snrpa1,138,375,326,394,405,170,208,189,94,147
Snrpb,288,926,878,992,1036,435,471,462,268,417
Snrpb2,89,324,297,310,323,109,103,135,61,96
Snrpc,115,308,307,301,297,200,186,199,116,140
Snrpd1,123,478,520,549,570,178,199,174,102,154
Snrpd2,131,710,847,800,917,237,243,220,116,170
Snrpd3,213,644,614,604,609,257,314,293,116,207
Snrpe,132,397,465,435,484,125,140,116,55,80
Snrpf,23,78,95,100,100,22,24,15,15,24
Snrpg,116,512,641,636,638,142,144,125,84,89
Snrpn,380,665,599,727,760,406,389,388,259,321
Snta1,552,1023,858,1002,1033,558,603,506,260,401
Sntb1,152,418,318,373,338,188,161,145,55,134
Sntb2,1072,1814,1560,1733,1623,1052,1077,938,690,884
Sntg1,2747,5468,4709,5820,6039,4098,3490,3345,2390,3059
Sntg2,81,163,176,160,177,116,85,86,61,89
Sntn,12,15,47,13,24,5,23,7,7,8
Snupn,212,432,319,359,418,209,211,236,118,187
Snw1,354,1005,1078,1077,1203,794,674,737,388,497
Snx1,401,770,747,778,717,364,344,333,221,369
Snx10,298,830,723,777,825,305,310,268,176,262
Snx11,70,198,209,219,221,70,67,81,40,61
Snx12,209,373,316,328,387,182,223,175,91,182
Snx13,282,661,536,595,637,267,318,281,167,263
Snx14,100,334,265,280,299,151,142,114,71,119
Snx15,101,313,305,323,353,117,135,124,73,96
Snx16,73,255,210,265,209,144,106,111,54,94
Snx17,96,525,443,474,474,143,198,198,95,172
Snx18,116,271,155,193,225,39,70,53,38,58
Snx19,44,129,142,146,150,62,58,55,29,38
Snx2,151,403,371,408,413,167,203,166,86,163
Snx20,6,28,9,16,29,10,9,11,5,8
Snx21,259,778,764,763,738,381,400,425,189,260
Snx22,6,23,18,18,31,3,6,13,4,10
Snx24,355,911,773,848,1035,647,458,450,305,373
Snx25,119,336,301,321,343,238,156,156,105,151
Snx27,411,857,700,747,871,430,454,419,259,375
Snx29,413,915,725,850,920,596,470,400,311,437
Snx3,273,914,891,884,983,385,409,333,245,381
Snx30,235,482,391,466,490,284,242,249,157,201
Snx31,6,7,5,7,12,3,0,0,0,0
Snx32,621,2194,1648,1839,2250,1153,1114,1172,620,1006
Snx33,4,31,22,23,21,6,5,5,2,10
Snx4,149,359,282,318,331,142,132,141,75,90
Snx5,160,481,401,434,581,149,213,165,78,182
Snx6,293,655,518,595,606,321,366,285,188,271
Snx7,169,278,263,292,348,147,139,162,112,103
Snx8,50,145,88,108,144,70,67,65,34,51
Snx9,123,233,226,203,237,185,205,143,99,151
Soat1,153,434,302,339,358,157,197,148,81,118
Soat2,4,6,5,4,0,3,2,3,4,4
Sobp,906,2458,2343,2562,2623,2018,1286,1174,727,1122
Socs1,3,24,25,17,31,4,13,8,6,6
Socs2,290,1022,587,678,880,480,299,241,121,204
Socs3,2,43,15,14,36,12,8,6,7,10
Socs4,62,129,85,112,89,51,48,42,21,54
Socs5,55,162,166,174,198,91,65,62,47,60
Socs6,101,267,227,206,270,156,99,128,67,95
Socs7,184,433,385,478,523,211,167,218,124,150
Sod1,74,360,385,362,444,126,90,92,58,73
Sod2,129,558,548,575,664,144,210,174,92,172
Sod3,15,65,45,37,48,11,17,14,8,18
Soga1,155,321,304,264,301,235,217,147,142,167
Soga3,640,1554,1371,1601,1580,1005,840,802,497,629
Son,1813,9641,10330,13131,11322,4052,3796,3188,1965,1984
Sorbs1,648,2219,1570,2007,2279,1184,814,730,499,929
Sorbs2,1283,2889,2521,3117,3118,2202,1548,1690,1104,1458
Sorbs2os,269,638,572,666,596,270,409,429,254,328
Sorbs3,24,63,40,34,60,18,25,11,14,33
Sorcs1,351,1139,921,1015,1265,831,551,605,169,491
Sorcs2,221,634,599,641,716,351,291,226,144,266
Sorcs3,755,1768,1470,1925,1983,1164,756,630,404,743
Sord,29,65,81,55,89,36,26,44,12,20
Sorl1,237,740,647,772,698,348,241,217,144,272
Sort1,897,1778,1511,1644,1778,1502,1054,1119,849,812
Sos1,432,831,589,653,732,350,404,361,244,305
Sos2,242,571,453,532,492,237,312,262,142,249
Sostdc1,15,21,48,24,30,5,20,5,5,9
Sowaha,41,125,140,166,151,42,40,26,11,21
Sowahc,0,14,14,6,24,3,0,0,0,0
Sox1,5,25,35,27,36,4,3,2,3,5
Sox10,149,251,273,205,229,128,186,106,71,71
Sox11,185,395,285,323,416,178,254,255,130,191
Sox12,44,131,102,130,137,83,62,91,37,43
Sox13,5,22,20,14,22,9,8,10,4,12
Sox17,23,64,37,45,82,63,37,31,32,68
Sox18,0,12,7,16,17,0,0,0,0,0
Sox2,57,179,147,114,229,112,112,72,89,74
Sox21,7,38,21,16,33,5,13,9,2,14
Sox30,0,3,6,9,2,0,0,0,0,0
Sox4,142,276,246,206,363,182,204,228,101,126
Sox5,757,2779,2306,2312,2859,1700,1153,1056,528,1052
Sox5os2,2,173,227,194,233,116,49,8,46,49
Sox5os3,4,0,0,0,0,4,0,7,0,0
Sox5os4,25,801,802,765,760,234,196,33,102,106
Sox6,371,825,711,606,800,324,348,221,156,298
Sox6os,0,6,6,5,6,0,0,0,0,0
Sox7,4,16,12,8,10,8,10,8,6,11
Sox8,375,709,769,680,628,495,536,563,168,363
Sox9,57,289,245,192,239,41,96,63,43,103
Sp1,148,308,249,251,294,151,168,209,86,152
Sp100,21,44,27,27,44,31,32,24,30,56
Sp110,5,19,11,13,13,7,5,5,14,22
Sp140,5,13,6,6,11,6,5,10,5,12
Sp2,42,96,90,99,106,58,42,46,23,35
Sp3,241,334,267,304,349,200,205,149,104,184
Sp3os,93,198,201,212,254,109,91,107,49,81
Sp4,106,203,231,209,231,135,89,120,79,105
Sp6,9,17,15,8,11,10,7,18,2,8
Sp7,0,5,11,19,16,4,4,2,4,2
Sp8,2,11,6,10,7,2,0,0,0,0
Sp9,10,23,22,40,28,4,13,6,6,2
Spa17,22,36,51,36,35,21,29,18,8,14
Spaca6,228,645,457,509,562,338,301,465,228,235
Spag1,73,177,178,216,238,100,97,67,63,71
Spag16,265,365,416,317,287,189,322,221,152,271
Spag17,43,88,147,94,88,40,81,31,35,41
Spag4,17,51,36,46,51,18,15,24,11,13
Spag5,789,6962,7075,8323,10301,2446,1416,1118,747,1241
Spag6,25,44,30,40,53,24,10,28,9,17
Spag6l,360,1590,1966,1839,2081,546,497,379,242,286
Spag7,128,554,506,510,582,203,217,214,108,189
Spag8,17,45,50,36,51,17,56,16,23,32
Spag9,1108,2354,2089,2141,2280,1298,1348,1251,706,1108
Sparc,183,960,542,560,829,359,428,198,253,553
Sparcl1,1394,5533,4678,4323,4827,1516,2319,2135,1012,2004
Spast,277,520,394,455,494,478,376,413,305,248
Spata1,80,189,153,156,170,97,95,74,41,73
Spata13,52,104,92,117,88,51,61,34,42,46
Spata16,22,55,46,55,57,31,32,32,20,23
Spata17,81,170,152,91,103,62,104,34,61,70
Spata18,0,8,7,5,3,0,0,0,0,0
Spata2,23,108,112,103,112,22,30,32,15,26
Spata21,21,41,31,24,38,24,18,19,10,18
Spata24,98,150,150,138,154,110,111,100,52,89
Spata25,0,0,0,0,0,0,0,0,0,0
Spata2l,60,361,294,323,303,94,117,103,39,88
Spata3,3,18,8,12,13,4,6,3,2,5
Spata32,4,8,8,14,18,17,3,9,3,1
Spata33,0,0,0,0,0,0,0,0,0,0
Spata4,0,0,0,0,0,0,0,0,0,0
Spata45,0,4,5,5,3,0,0,0,0,0
Spata5,134,347,240,308,368,265,185,157,81,185
Spata6,43,99,96,70,109,46,58,49,36,61
Spata7,516,884,879,952,962,456,509,552,262,445
Spata9,2,4,10,5,9,6,4,5,0,0
Spats1,38,70,59,80,96,41,32,47,15,23
Spats2,254,511,480,463,564,405,289,259,166,220
Spats2l,111,359,314,327,380,235,188,154,108,131
Spc24,16,27,27,19,31,14,20,15,12,12
Spc25,3,6,3,5,5,5,4,3,3,4
Spcs1,156,1235,1299,1269,1332,265,302,256,151,254
Spcs2,300,1341,1223,1252,1303,204,389,311,175,248
Spcs3,29,179,161,202,174,36,43,44,18,43
Spdef,15,6,10,9,10,6,5,5,3,8
Spdya,33,46,37,40,42,29,32,46,16,23
Spdye4a,0,0,0,0,0,0,0,0,0,0
Spdye4c,0,0,0,0,18,0,0,0,0,0
Specc1,755,1844,1437,1769,1832,1303,1054,762,587,865
Specc1l,378,1030,943,1019,940,437,436,476,220,365
Speer4b,0,0,0,1,0,0,0,0,0,0
Spef1,16,44,48,54,65,9,30,14,13,16
Spef2,123,202,233,205,167,105,101,95,82,79
Speg,195,623,562,628,611,341,241,299,144,182
Spen,153,253,217,239,202,163,153,137,73,115
Spg11,131,278,240,313,312,150,128,147,85,143
Spg20,51,112,107,101,122,53,57,47,30,48
Spg21,68,355,251,251,280,60,119,91,50,77
Spg7,0,0,0,0,0,0,0,0,0,0
Sphk1,2,9,12,23,10,8,11,19,3,1
Sphk2,26,187,128,139,165,44,51,41,15,49
Sphkap,1703,3552,2857,3450,3811,2176,1852,1917,1683,1958
Spi1,14,65,18,20,62,21,16,13,20,20
Spice1,35,87,75,77,106,61,32,39,27,34
Spidr,97,179,148,173,216,116,76,80,66,100
Spin1,94,322,313,339,366,145,113,114,95,109
Spin2c,2,42,31,46,40,3,3,9,5,10
Spink10,293,563,482,518,571,327,335,285,158,240
Spink13,7,26,16,23,26,7,7,6,3,4
Spink2,136,57,52,51,45,96,135,90,53,97
Spink4,0,0,0,5,5,0,0,0,0,0
Spink8,41,139,152,215,165,48,44,42,26,27
Spint1,6,32,7,10,20,10,13,3,3,6
Spint2,87,308,359,301,315,97,135,115,51,75
Spire1,312,820,695,773,863,431,429,344,206,363
Spire2,0,0,0,0,0,0,0,0,0,0
Spns1,176,717,606,688,723,278,265,320,150,272
Spns2,86,350,282,361,402,163,131,109,75,134
Spns3,0,0,0,7,7,0,1,2,1,2
Spo11,38,11,7,23,10,19,32,33,12,22
Spocd1,3,10,16,11,15,1,2,14,1,5
Spock1,630,1612,1322,1385,1772,1033,589,508,403,534
Spock2,632,1921,1628,1688,1761,895,926,789,465,857
Spock3,791,1563,1375,1434,1527,856,760,776,578,707
Spon1,489,1267,999,1142,1154,639,621,445,395,543
Spop,849,2230,2021,2129,2278,828,1068,956,502,868
Spopl,69,230,197,222,251,119,70,85,49,87
Spp1,0,64,8,11,40,8,3,2,6,20
Sppl2a,268,595,463,524,528,260,281,279,154,202
Sppl2b,135,901,651,850,846,253,398,260,120,304
Sppl3,359,704,607,664,797,470,366,399,295,325
Spr,98,300,292,263,310,120,117,117,64,126
Spred1,240,447,347,340,515,300,256,252,126,196
Spred2,846,1339,1147,1286,1220,892,846,849,444,685
Spred3,85,147,115,151,124,103,76,76,43,42
Sprn,66,390,329,333,314,59,80,76,37,56
Sprr2a2,1,11,13,18,19,0,5,3,3,3
Sprtn,79,96,80,106,112,51,78,78,26,41
Spry1,3,12,14,16,18,10,5,0,7,8
Spry2,152,317,211,181,302,42,125,123,41,119
Spry3,2,6,9,7,13,0,0,0,0,0
Spry4,6,11,13,11,8,9,8,8,0,0
Spryd3,125,401,369,365,415,170,160,179,109,139
Spryd4,12,52,37,40,52,19,22,23,5,26
Spryd7,53,119,137,134,131,45,48,52,38,38
Spsb1,27,68,49,56,73,25,24,20,13,26
Spsb2,30,79,55,41,75,26,41,48,25,38
Spsb3,64,267,236,268,287,74,102,125,49,93
Spsb4,16,39,30,13,35,5,16,8,7,16
Spta1,1,0,0,0,0,0,0,0,0,0
Sptan1,1171,2544,2146,2301,2452,1360,1053,1150,760,980
Sptb,270,505,538,579,506,393,325,269,190,263
Sptbn1,1322,3748,2727,2876,3679,1646,1350,1547,844,1533
Sptbn2,304,991,733,933,968,438,418,385,206,349
Sptbn4,884,1243,978,1090,1145,987,936,821,479,681
Sptbn5,17,6,5,4,10,4,8,9,6,7
Sptlc1,127,348,285,365,345,194,147,131,86,123
Sptlc2,207,474,441,395,434,433,287,273,148,278
Sptlc3,31,26,33,35,29,28,32,16,17,14
Sptssa,79,392,359,355,438,121,155,124,74,125
Sptssb,3,13,19,15,15,10,6,13,2,5
Spty2d1,69,113,121,102,107,65,69,54,38,43
Spx,12,20,18,21,26,15,16,10,10,12
Sqle,70,590,393,322,427,95,112,101,50,91
Sqrdl,8,33,17,22,29,21,13,5,9,15
Sqstm1,200,611,607,604,682,204,226,238,113,192
Sra1,170,778,638,673,771,220,260,324,147,245
Srbd1,119,264,189,245,291,165,130,105,63,129
Src,104,264,279,324,357,154,145,112,69,103
Srcap,136,149,107,155,136,113,114,107,73,81
Srcin1,256,730,674,751,887,557,315,314,171,264
Srd5a1,26,50,56,48,60,36,25,35,19,22
Srd5a2,0,0,0,0,0,2,0,0,0,0
Srd5a3,25,116,88,94,113,41,22,28,20,27
Srebf1,67,391,251,185,338,35,66,44,33,94
Srebf2,285,923,634,636,734,321,317,278,151,264
Srek1,365,905,702,921,1060,364,334,388,286,354
Srek1ip1,83,308,367,391,371,138,132,103,69,93
Srf,35,92,50,58,67,13,39,17,11,25
Srfbp1,22,52,46,52,67,34,23,23,19,19
Srgap1,117,367,311,269,363,228,140,127,89,160
Srgap2,691,1891,1474,1684,1901,1237,869,716,561,885
Srgap3,1010,2678,2372,2712,2723,1660,1246,942,762,1133
Srgn,34,175,82,81,160,79,67,42,73,105
Sri,117,625,499,576,668,149,191,189,114,147
Srl,67,112,76,113,116,69,50,61,40,33
Srm,82,359,287,307,362,103,154,152,60,133
Srms,4,0,0,0,0,0,0,0,0,0
Srp14,256,1229,1145,1260,1332,355,447,368,216,326
Srp19,113,364,404,398,475,106,133,119,61,104
Srp54a,9,0,0,0,0,0,6,2,9,5
Srp54b,149,357,580,572,432,107,229,166,98,124
Srp68,183,530,419,502,495,216,242,251,130,207
Srp72,171,283,293,328,338,196,168,157,99,127
Srp9,179,730,705,832,842,212,221,226,143,160
Srpk1,293,829,617,779,707,272,328,324,145,302
Srpk2,1612,3925,3020,3504,4047,2968,2450,2706,1513,1795
Srpk3,15,88,61,33,88,36,42,56,22,48
Srpr,179,565,506,574,580,267,283,274,151,197
Srprb,27,213,185,169,169,40,65,40,27,49
Srpx2,0,6,6,6,7,0,1,8,2,2
Srr,843,1391,1387,1475,1395,1075,1049,950,545,724
Srrd,81,282,183,199,311,115,129,143,72,106
Srrm1,702,1748,1512,1794,1712,725,757,807,389,623
Srrm2,1396,3723,3214,3670,4013,2203,2148,1927,1313,1775
Srrm3,413,1098,924,1019,1181,798,538,496,334,467
Srrm4,563,1538,1445,1591,1494,1039,737,780,341,702
Srrm4os,28,65,51,65,58,56,28,30,24,32
Srrt,247,656,472,593,668,311,334,348,183,292
Srsf1,604,2315,1632,1729,2109,709,995,1037,548,912
Srsf10,758,1851,1400,1589,1795,905,1233,1140,640,987
Srsf11,1124,2511,2139,2615,2601,1510,1438,1505,775,1143
Srsf12,77,197,150,190,176,115,95,100,39,43
Srsf2,864,3551,2819,3145,3410,905,1472,1245,536,1165
Srsf3,233,692,738,843,804,275,325,251,152,286
Srsf4,94,311,292,282,338,169,128,105,73,125
Srsf5,1445,6152,4320,4871,5595,596,1685,1572,496,1653
Srsf6,131,569,479,546,645,185,191,145,86,195
Srsf7,838,2868,2342,2956,2732,972,1369,1149,554,983
Srsf9,87,406,290,396,469,89,142,114,63,149
Srxn1,25,134,137,113,156,28,33,35,14,26
Ss18,68,211,155,176,225,82,84,65,47,76
Ss18l1,126,220,231,250,256,111,97,128,48,90
Ssb,421,1294,1126,1178,1298,471,693,556,297,479
Ssbp1,131,437,316,375,425,160,191,162,76,148
Ssbp2,990,2293,2077,2311,2334,1466,1199,1146,625,1056
Ssbp3,147,498,512,571,512,471,257,198,126,237
Ssbp4,297,1001,650,637,839,1531,447,559,371,394
Ssc4d,12,12,14,31,28,16,13,10,9,14
Ssc5d,2,20,13,17,32,15,10,6,7,6
Ssfa2,55,206,140,156,237,82,82,47,50,103
Ssh1,78,187,152,199,198,128,91,76,48,84
Ssh2,1107,3125,2945,3256,3359,1892,1895,1324,973,1547
Ssh3,60,505,326,457,560,93,123,125,48,117
Ssna1,278,1077,850,1016,1221,464,512,480,259,470
Sspn,14,66,37,38,49,8,11,8,14,16
Sspnos,0,31,26,30,37,7,0,0,24,8
Sspo,1,3,4,0,4,2,3,0,4,2
Ssr1,135,576,426,467,500,173,173,156,97,146
Ssr2,109,656,625,616,660,140,173,179,97,127
Ssr3,48,333,288,258,295,38,91,75,42,71
Ssr4,634,1982,1544,1572,1816,999,966,1237,618,815
Ssrp1,86,441,368,486,497,153,151,141,78,149
Sssca1,83,397,351,391,475,126,125,129,72,103
Sst,184,2145,2407,1840,1990,269,322,302,83,198
Sstr1,12,36,26,39,32,11,17,15,2,10
Sstr2,71,271,304,298,309,96,86,95,44,46
Sstr3,7,42,54,64,57,10,13,10,4,7
Sstr4,0,30,8,16,18,0,0,0,0,0
Ssu72,239,729,676,714,745,263,292,261,161,225
Ssx2ip,40,171,155,164,180,42,56,62,27,31
St13,361,1247,1047,1115,1278,468,620,429,258,433
St14,1,11,4,3,14,0,1,2,1,9
St18,511,1231,1069,1013,1265,416,631,451,513,603
St3gal1,7,51,39,31,47,11,10,4,7,21
St3gal2,142,258,214,233,229,121,135,86,55,91
St3gal3,561,916,644,779,886,575,529,446,323,443
St3gal4,103,482,375,239,267,69,112,75,47,68
St3gal5,295,936,947,1003,929,570,345,354,241,281
St3gal6,170,334,325,241,327,205,228,210,132,288
St5,437,832,567,754,869,362,448,348,265,401
St6gal1,233,464,378,400,476,198,224,154,107,184
St6gal2,108,205,159,168,206,173,115,172,52,108
St6galnac2,34,415,393,387,366,43,97,87,39,56
St6galnac3,1050,2611,2102,2168,2443,1286,1293,1174,811,1196
St6galnac4,49,127,136,151,148,44,58,51,16,38
St6galnac5,4538,8088,7231,8062,7264,4455,4436,3767,2443,3372
St6galnac6,162,386,318,335,378,144,168,167,91,146
St7,638,1599,1192,1438,1444,755,825,630,431,684
St7l,182,561,454,525,549,286,265,212,123,232
St8sia1,96,249,202,231,216,169,122,108,59,98
St8sia2,9,32,36,22,31,11,15,9,7,7
St8sia3,64,238,262,229,232,68,50,64,49,39
St8sia3os,6,45,44,46,46,15,16,14,7,9
St8sia4,99,180,131,183,177,126,97,89,79,124
St8sia5,208,528,424,433,440,184,245,178,85,146
St8sia6,22,42,41,62,57,31,24,23,26,24
Stab1,12,34,23,24,24,29,33,7,5,24
Stab2,10,25,34,33,30,29,15,28,18,25
Stac,120,210,241,311,196,146,118,136,48,99
Stac2,176,425,322,377,434,190,219,215,73,209
Stac3,32,119,105,116,135,118,95,67,52,75
Stag1,1231,2641,2221,2692,2798,1713,1530,1529,999,1633
Stag2,250,605,522,581,686,401,361,332,226,379
Stag3,3,14,6,7,13,6,5,9,5,5
Stam,105,274,277,306,328,150,120,94,99,121
Stam2,116,248,211,269,286,169,86,118,67,114
Stambp,94,257,255,286,291,142,161,109,74,96
Stambpl1,255,566,579,556,559,403,274,376,218,259
Stap1,34,111,89,99,93,49,87,88,37,47
Stap2,17,27,26,32,37,27,41,25,29,69
Star,128,219,202,166,174,104,134,142,62,84
Stard10,14,56,81,58,64,44,24,18,9,17
Stard13,9,34,52,46,60,18,15,22,18,17
Stard3,70,348,295,314,298,106,135,126,70,136
Stard3nl,150,528,461,509,554,190,181,154,104,155
Stard4,16,47,34,41,54,22,18,15,18,15
Stard5,374,1677,1379,1444,1701,965,708,694,422,452
Stard6,79,136,110,146,147,91,76,163,62,55
Stard7,264,617,511,589,595,250,344,325,164,296
Stard8,56,91,87,78,65,37,40,39,28,62
Stard9,251,530,408,433,532,233,279,221,144,229
Stat1,47,218,131,129,159,84,63,79,70,87
Stat2,260,631,393,480,558,532,359,371,259,316
Stat3,211,678,356,470,559,243,250,178,133,268
Stat4,13,15,14,17,10,22,8,21,4,8
Stat5a,5,10,9,4,14,5,3,2,2,3
Stat5b,94,141,142,144,202,104,82,115,30,84
Stat6,4,33,37,31,48,15,17,26,4,15
Stau1,189,413,330,407,401,202,224,220,116,168
Stau2,565,1248,1126,1193,1339,934,710,656,417,609
Stbd1,0,12,8,4,10,0,5,4,1,7
Stc1,11,35,26,23,31,11,20,9,9,10
Stc2,2,6,4,3,3,2,0,0,0,0
Steap2,15,34,32,25,25,10,8,9,5,5
Steap3,11,37,30,27,32,13,21,11,3,13
Stil,25,6,12,15,12,21,13,8,6,13
Stim1,530,779,637,649,819,352,440,440,246,398
Stim2,601,1840,1471,1738,1612,867,1010,599,541,821
Stip1,239,741,641,693,646,366,624,240,163,331
Stk10,172,302,356,445,290,243,263,162,146,175
Stk11,74,368,279,324,367,99,131,107,71,120
Stk11ip,5,39,31,43,52,25,11,10,6,16
Stk16,217,764,633,720,811,319,407,364,181,342
Stk17b,11,35,15,31,28,8,4,12,3,6
Stk19,481,843,765,919,898,689,609,641,325,406
Stk24,85,189,196,189,191,94,96,89,54,59
Stk25,310,1592,1241,1595,1631,486,487,507,262,472
Stk26,40,103,104,92,100,70,62,59,29,46
Stk3,314,779,705,815,925,469,399,361,278,416
Stk31,5,31,41,31,54,16,14,10,6,13
Stk32a,68,147,100,109,126,47,126,60,54,101
Stk32b,16,51,47,39,52,23,32,16,14,18
Stk32c,141,515,501,527,497,151,178,166,101,152
Stk33,56,65,89,59,67,40,56,46,33,41
Stk35,22,49,49,52,45,40,24,22,12,29
Stk36,15,48,44,46,47,18,17,12,10,17
Stk38,677,1318,1136,1316,1328,909,862,883,459,710
Stk38l,47,230,143,164,198,47,65,53,24,57
Stk39,415,944,814,907,1039,545,474,439,269,388
Stk4,187,337,267,305,359,443,347,265,200,208
Stk40,120,255,189,156,205,119,110,102,58,102
Stkld1,0,5,6,7,8,0,3,5,2,2
Stmn1,170,1778,2285,1617,2303,417,308,397,160,315
Stmn2,326,1380,1536,1579,1660,607,435,562,228,349
Stmn3,949,3725,3838,3539,3936,1094,1205,1291,509,788
Stmn4,352,1554,1962,1687,1677,364,469,459,205,276
Stmnd1,0,3,12,5,8,0,0,0,0,0
Stom,20,100,77,69,84,15,25,22,14,37
Stoml1,65,345,327,335,360,75,98,71,45,50
Stoml2,97,316,302,332,390,119,135,139,81,134
Stoml3,17,36,73,26,33,8,36,10,19,15
Ston1,18,40,36,48,45,18,18,12,16,21
Ston2,301,495,409,411,387,161,299,182,144,199
Stox1,50,74,84,58,86,58,59,60,21,34
Stox2,748,1878,1467,1582,1685,910,823,663,535,740
Stpg1,71,91,102,86,99,32,46,41,26,34
Stpg2,45,95,57,56,80,48,91,51,28,49
Stra13,73,322,282,192,378,107,116,109,78,121
Stra6,67,160,108,148,207,95,47,58,69,98
Stra6l,1,0,0,0,0,0,0,0,0,0
Strada,292,591,501,594,591,382,296,362,201,261
Stradb,63,158,177,131,160,83,68,71,38,54
Strap,94,332,304,307,344,93,123,100,51,101
Strbp,3855,9772,8030,8700,9196,5037,5722,5797,2753,4672
Strc,7,25,15,17,32,9,10,6,6,5
Strip1,117,391,344,347,355,159,149,145,65,122
Strip2,84,214,163,218,202,94,62,76,62,57
Strn,215,435,379,423,438,195,205,234,141,183
Strn3,704,1595,1446,1643,1804,1068,926,858,622,909
Strn4,227,895,714,897,938,307,333,267,146,280
Stt3a,151,425,330,320,321,138,197,181,112,138
Stt3b,217,652,624,632,617,305,309,270,127,237
Stub1,441,2151,1575,1858,2136,788,948,780,470,836
Stx11,0,0,0,0,0,0,0,0,0,0
Stx12,410,914,816,932,826,422,436,458,236,381
Stx16,919,2631,2296,2485,2215,1425,1421,1417,634,990
Stx17,224,461,361,398,499,225,220,297,139,210
Stx18,257,557,530,537,587,347,281,323,203,266
Stx19,0,12,7,13,8,6,6,4,3,5
Stx1a,231,991,873,909,1080,643,483,635,243,406
Stx1b,272,643,509,551,582,211,245,266,128,198
Stx2,134,349,262,316,340,253,203,185,130,140
Stx3,235,645,484,558,644,340,261,273,161,304
Stx4a,160,586,439,413,517,218,261,218,139,224
Stx5a,552,1513,1288,1468,1398,784,824,665,395,728
Stx6,274,655,593,685,602,322,289,255,138,209
Stx7,189,611,556,571,611,288,228,250,186,214
Stx8,340,686,527,593,681,404,401,338,196,347
Stxbp1,608,1622,1469,1478,1532,786,773,837,334,624
Stxbp2,87,301,201,214,310,95,138,141,58,105
Stxbp3,112,273,219,230,266,109,131,113,119,113
Stxbp4,171,389,337,362,417,233,184,209,123,177
Stxbp5,398,1080,901,1073,1293,799,545,368,399,553
Stxbp5l,2269,5151,3869,4850,5439,3097,2479,2612,1782,2323
Stxbp6,1635,3006,2540,3110,2881,1690,2015,1464,1558,1758
Styk1,1,8,13,16,9,1,9,3,0,3
Styx,185,207,200,240,208,161,153,160,84,122
Styxl1,22,36,33,25,32,13,24,15,5,16
Sub1,283,1699,1766,1716,1964,381,462,411,197,319
Sucla2,340,928,733,819,915,336,382,379,212,288
Suclg1,228,890,872,884,1028,360,358,297,185,271
Suclg2,36,124,86,82,104,43,43,42,33,46
Suco,107,332,288,316,330,171,168,155,106,130
Suds3,171,525,449,473,568,267,247,268,142,183
Sufu,183,559,589,679,740,247,251,194,132,176
Sugct,107,248,211,217,234,90,100,91,56,89
Sugp1,300,583,484,568,637,308,294,355,186,242
Sugp2,429,1007,717,839,930,462,462,418,250,345
Sugt1,258,424,338,367,428,163,267,223,118,199
Sulf1,50,101,85,115,169,97,88,94,40,57
Sulf2,211,786,646,704,758,389,307,269,151,280
Sult1a1,40,51,37,65,75,78,76,81,66,100
Sult2a2,7,11,7,9,0,3,0,5,1,1
Sult2a3,2,0,0,0,0,4,0,0,0,0
Sult2b1,45,71,78,87,75,55,30,48,19,30
Sult4a1,81,650,663,745,715,125,135,111,50,84
Sult5a1,25,71,56,88,65,26,32,23,14,17
Sult6b1,8,19,7,5,13,11,13,7,11,9
Sumf1,238,772,973,965,1049,393,310,251,156,203
Sumf2,170,464,353,319,372,145,164,201,89,147
Sumo1,595,1594,1624,1558,1697,506,632,607,326,511
Sumo2,734,2454,2523,2613,2583,702,931,762,422,658
Sumo3,114,468,471,490,536,149,154,140,70,113
Sun1,166,484,424,446,472,302,205,288,151,180
Sun2,31,79,82,68,95,24,40,29,27,38
Sun3,0,0,0,0,0,2,0,0,0,0
Suox,9,54,41,26,46,11,8,13,7,13
Supt16,244,539,389,504,546,334,336,305,169,268
Supt20,367,923,731,832,839,608,517,440,265,355
Supt3,350,797,628,659,782,523,523,464,320,457
Supt4a,79,318,321,266,323,110,113,101,44,81
Supt5,185,531,424,487,478,285,252,259,127,199
Supt6,437,1048,898,991,929,476,524,518,307,378
Supt7l,94,240,208,220,212,93,102,143,44,82
Supv3l1,43,129,107,148,147,75,44,50,43,47
Surf1,111,509,423,437,469,186,214,240,118,173
Surf2,81,456,333,433,460,170,198,178,76,151
Surf4,28,182,185,155,146,36,41,35,22,33
Surf6,25,78,63,80,73,32,42,46,26,32
Susd1,206,305,220,253,306,186,159,212,136,139
Susd2,4,14,14,23,25,7,9,11,3,4
Susd3,2,25,17,12,27,13,13,5,5,6
Susd4,457,998,1038,1049,1075,629,494,486,309,453
Susd5,8,19,16,14,18,7,9,10,4,9
Susd6,456,1208,1027,1252,1305,704,518,417,362,493
Suv39h1,19,59,37,49,55,19,17,14,8,21
Suv39h2,7,18,18,16,12,12,6,10,7,6
Suv420h1,334,558,439,548,576,364,300,370,211,305
Suv420h2,46,269,175,211,267,59,78,56,41,76
Suz12,317,581,470,482,565,347,477,344,252,396
Sv2a,177,1024,1020,1005,977,391,300,328,193,233
Sv2b,519,1668,1425,1748,1547,1134,725,484,287,626
Sv2c,104,251,291,265,269,147,121,125,83,110
Svbp,33,158,197,166,209,64,79,54,40,47
Svep1,5,12,11,15,23,12,12,7,7,8
Svil,137,237,220,214,221,137,144,101,69,105
Svip,73,232,215,236,301,78,102,98,63,58
Svop,928,2194,2102,2128,1938,1119,1126,1077,645,827
Svopl,8,34,44,30,48,13,17,10,5,11
Swap70,36,117,86,82,88,28,37,55,20,54
Swi5,245,890,936,893,1090,276,296,309,163,280
Swsap1,12,34,26,43,37,27,17,25,14,19
Swt1,336,673,562,610,628,388,479,342,225,395
Syap1,121,254,269,263,302,167,128,137,94,95
Sybu,1170,2798,2403,2598,3084,1488,1276,1398,837,1306
Syce2,24,83,65,80,62,35,34,28,18,26
Syce3,7,25,36,21,27,14,10,39,8,4
Sycp1,19,8,8,7,10,5,8,9,4,9
Sycp2,278,1311,1428,1255,1405,366,483,532,224,289
Sycp2l,11,5,7,9,11,8,5,9,6,8
Sycp3,572,2025,2101,2193,2204,974,911,917,507,585
Syde1,15,46,39,36,48,20,17,18,14,32
Syde2,20,28,25,25,33,5,12,11,12,9
Syf2,77,475,411,428,476,124,153,180,84,178
Syk,11,23,23,11,31,15,8,15,7,7
Sympk,392,715,577,603,767,983,401,484,340,380
Syn1,821,2026,1969,2094,2252,1324,967,995,564,725
Syn2,1880,3993,3623,4130,4379,2906,2421,1935,1523,2084
Syn3,499,786,759,964,985,622,447,461,332,432
Sync,21,33,25,29,31,18,20,17,7,20
Syncrip,392,617,475,568,600,301,466,414,238,352
Syndig1,307,681,644,724,686,384,277,316,238,307
Syndig1l,5,11,21,18,18,10,9,6,3,7
Syne1,880,1973,2011,2068,2124,1016,918,883,583,781
Syne2,54,132,145,132,161,64,76,59,40,63
Syne3,12,44,59,45,68,18,14,16,13,15
Syne4,27,89,66,68,80,20,46,27,13,36
Syngap1,176,233,206,216,234,194,129,107,59,76
Syngr1,324,1090,940,758,1076,402,373,473,206,347
Syngr2,0,0,0,0,0,0,0,0,0,0
Syngr3,361,1214,1207,1075,981,877,773,683,242,491
Synj1,510,1388,1095,1492,1471,633,551,478,312,474
Synj2,89,214,204,190,160,112,100,105,35,72
Synj2bp,0,0,0,0,0,0,0,0,0,0
Synm,16,42,60,57,64,16,31,6,18,28
Synpo,280,525,527,587,478,363,382,383,223,222
Synpo2,47,146,129,102,145,58,72,35,32,85
Synpo2l,6,0,0,2,9,2,3,5,3,5
Synpr,1008,2653,2348,2536,2599,1198,1356,989,1083,1177
Synrg,200,497,430,442,536,289,263,246,183,178
Syp,460,1757,1363,1363,1472,751,464,536,332,369
Sypl,118,514,479,407,433,142,179,142,120,201
Sypl2,13,54,46,38,39,7,18,12,11,13
Sys1,40,43,58,35,43,27,28,44,22,19
Syt1,8360,23042,21065,25134,26634,16699,10726,11613,7238,10096
Syt10,93,244,190,230,244,95,158,140,62,91
Syt11,873,2319,2082,2108,1959,816,873,951,451,552
Syt12,121,153,153,130,126,103,89,84,35,77
Syt13,160,692,591,634,639,235,191,175,135,134
Syt14,233,380,365,460,487,381,217,263,157,206
Syt15,0,6,5,4,3,0,0,0,0,0
Syt16,1078,2622,2352,2571,2558,1427,1406,1554,630,1021
Syt17,315,783,606,718,672,382,347,309,201,304
Syt2,65,107,119,93,112,53,54,95,14,64
Syt3,102,412,334,357,399,143,140,159,81,114
Syt4,110,728,799,714,670,183,222,121,119,128
Syt5,180,934,922,912,791,400,285,289,97,147
Syt6,23,50,46,54,71,40,31,22,24,18
Syt7,974,2251,2435,2755,2597,2100,1305,1452,907,1059
Syt9,26,58,53,67,78,59,33,23,17,29
Sytl1,2,13,20,12,28,13,8,19,1,9
Sytl2,48,141,150,137,166,55,44,117,40,41
Sytl3,29,13,6,9,11,3,13,13,8,5
Sytl5,24,76,48,57,64,27,26,29,19,34
Syvn1,38,275,221,310,295,83,108,68,43,104
Szrd1,74,271,183,198,262,54,77,73,36,85
Szt2,70,243,221,253,234,125,88,99,63,103
Tab1,59,185,156,172,210,58,70,57,21,55
Tab2,127,406,330,378,441,207,131,177,117,157
Tab3,29,91,65,83,104,73,47,41,27,39
Tac1,11,113,117,88,89,25,18,9,2,8
Tac2,2,23,22,25,28,5,2,6,1,7
Tacc1,731,1381,1306,1321,1377,1393,884,1013,557,662
Tacc2,218,564,470,585,562,230,255,244,138,205
Tacc3,33,84,66,70,66,34,44,64,35,26
Taco1,110,211,206,204,230,172,165,172,85,164
Taco1os,25,63,66,43,73,42,28,34,12,24
Tacr1,8,22,19,23,26,9,10,1,8,8
Tacr3,17,28,38,24,33,11,15,12,4,10
Tada1,60,204,166,175,210,72,83,83,49,47
Tada2a,366,736,610,712,775,447,428,485,254,301
Tada2b,5,24,31,31,29,12,8,9,3,8
Tada3,171,372,333,346,331,217,196,212,126,137
Taf1,275,517,455,487,500,301,306,235,153,261
Taf10,16,85,55,59,93,81,35,26,33,31
Taf11,127,385,416,401,408,152,155,193,78,124
Taf12,181,314,269,288,300,137,166,158,78,121
Taf13,163,537,485,462,505,253,253,316,164,194
Taf15,349,782,616,688,725,379,327,389,216,314
Taf1a,130,302,241,244,300,196,146,163,88,115
Taf1b,216,444,363,414,525,256,219,216,137,195
Taf1c,449,1113,1217,1228,1234,583,629,510,301,441
Taf1d,173,374,432,501,408,265,252,196,91,168
Taf2,76,238,205,264,260,126,97,100,53,80
Taf3,202,539,452,537,511,361,320,216,168,272
Taf4a,26,116,112,133,133,44,40,29,22,36
Taf4b,54,135,100,97,124,30,49,61,34,42
Taf5,11,37,31,35,47,28,23,20,22,19
Taf5l,81,186,143,160,185,32,62,45,29,48
Taf6,429,1281,1048,1150,1062,838,817,624,449,643
Taf6l,116,444,323,406,443,208,199,177,131,180
Taf7,42,107,97,108,119,57,71,66,42,51
Taf7l,143,309,329,379,300,179,237,280,135,172
Taf8,137,324,181,212,216,164,243,180,129,132
Taf9b,38,108,108,114,111,17,43,44,15,27
Tagap,1,5,3,1,4,2,0,0,0,0
Tagap1,49,171,129,129,239,51,72,58,32,40
Tagln,4,8,16,9,10,9,0,0,0,0
Tagln2,66,163,142,99,165,101,123,73,73,151
Tagln3,244,1869,1718,1412,1860,297,418,384,266,462
Tal1,12,36,11,12,16,13,17,15,11,20
Taldo1,191,701,651,638,768,246,297,207,158,252
Tamm41,23,86,59,74,88,25,21,24,16,23
Tanc1,1011,1979,1516,1963,1627,823,875,644,547,689
Tanc2,1884,3942,3455,3904,4566,3325,2283,2525,1580,2145
Tango2,488,1297,1094,1163,1357,760,533,563,312,511
Tango6,142,196,180,181,222,123,151,113,80,106
Tank,202,362,321,346,416,194,217,196,116,171
Taok1,864,1436,1109,1325,1447,649,762,649,407,751
Taok2,92,185,172,189,207,114,87,77,51,69
Taok3,335,830,697,817,816,514,490,370,218,370
Tap1,7,56,36,33,39,12,15,9,13,11
Tap2,131,435,291,318,374,96,199,134,89,155
Tapbp,53,282,212,205,234,88,92,94,63,87
Tapbpl,12,61,45,36,48,7,19,12,11,21
Tapt1,88,251,192,182,281,183,147,118,114,97
Tarbp2,263,889,664,679,878,316,341,567,234,347
Tardbp,230,850,674,773,912,379,285,287,191,323
Tarm1,2,6,12,11,6,5,5,7,3,2
Tars,31,184,128,155,168,54,70,55,31,50
Tars2,112,325,263,326,314,176,149,156,84,124
Tarsl2,56,137,134,166,147,96,63,75,45,59
Tas1r1,8,20,20,14,22,7,8,7,5,6
Tasp1,488,1071,854,940,1022,548,514,505,254,436
Tatdn1,116,236,214,216,268,181,144,133,77,106
Tatdn2,7,54,30,25,37,16,22,17,17,15
Tatdn3,82,259,213,245,290,118,93,106,46,92
Tax1bp1,272,597,502,564,594,299,278,260,163,240
Tax1bp3,39,89,74,84,97,51,52,48,36,72
Taz,558,1775,1301,1535,1613,811,898,904,440,764
Tbata,25,104,93,114,108,41,36,23,17,18
Tbc1d1,267,648,567,698,612,456,299,285,144,220
Tbc1d10a,80,305,187,229,284,55,105,75,45,91
Tbc1d10b,53,179,141,161,209,70,69,67,51,51
Tbc1d10c,9,33,6,13,20,12,9,8,6,4
Tbc1d12,277,546,482,472,560,275,280,262,176,274
Tbc1d13,83,242,182,193,211,161,118,111,74,103
Tbc1d14,173,342,322,359,372,197,170,166,116,159
Tbc1d15,71,233,196,231,253,87,78,68,49,62
Tbc1d16,62,137,111,132,132,103,85,56,35,65
Tbc1d17,154,626,441,524,553,248,331,303,149,260
Tbc1d19,146,500,329,423,443,271,187,193,134,195
Tbc1d2,57,99,186,155,80,48,113,64,49,43
Tbc1d20,119,200,198,205,213,82,109,116,68,66
Tbc1d22a,296,533,452,476,577,324,376,310,237,339
Tbc1d22b,184,356,300,295,369,171,163,159,81,151
Tbc1d22bos,20,59,41,54,52,25,31,34,17,36
Tbc1d23,392,869,749,890,932,609,543,596,340,408
Tbc1d24,237,479,395,421,401,226,307,262,131,213
Tbc1d25,49,142,135,171,166,62,78,62,36,53
Tbc1d2b,154,294,271,286,407,140,135,127,41,90
Tbc1d30,124,211,220,201,239,175,95,180,83,97
Tbc1d31,66,170,129,124,178,111,88,73,50,63
Tbc1d32,179,360,293,381,386,179,158,157,114,154
Tbc1d4,129,307,207,233,330,152,153,112,100,256
Tbc1d5,665,1565,1297,1562,1799,886,879,765,543,927
Tbc1d7,64,156,143,146,196,52,55,108,39,61
Tbc1d8,60,128,145,160,181,110,42,75,38,68
Tbc1d8b,50,105,82,95,92,37,40,42,43,42
Tbc1d9,159,372,243,247,261,214,150,212,78,130
Tbc1d9b,253,663,497,560,658,443,303,366,299,259
Tbca,203,514,520,570,603,245,234,196,167,217
Tbcb,117,497,471,436,529,177,200,130,68,169
Tbcc,40,271,218,294,266,82,79,55,37,50
Tbccd1,29,82,72,103,106,45,30,52,29,43
Tbcd,327,643,504,634,716,387,303,274,166,284
Tbce,586,1314,1103,1264,1339,825,805,899,466,632
Tbcel,153,367,268,338,401,181,162,164,107,137
Tbck,208,639,474,539,620,267,275,219,157,242
Tbk1,202,588,438,487,525,259,243,216,138,217
Tbkbp1,52,249,203,280,288,118,90,94,74,80
Tbl1x,226,604,547,676,704,437,300,306,167,330
Tbl1xr1,279,685,577,626,705,316,355,286,197,344
Tbl2,22,71,75,65,97,20,27,26,14,19
Tbl3,429,888,806,889,734,917,822,754,433,668
Tbp,33,100,132,125,147,53,36,40,29,32
Tbpl1,122,337,298,356,342,111,143,113,53,91
Tbr1,17,67,88,92,74,14,19,21,3,18
Tbrg1,80,301,326,297,324,118,132,104,63,96
Tbrg4,16,135,74,107,122,32,39,33,19,29
Tbx1,5,12,7,9,7,2,4,7,9,10
Tbx15,10,17,20,27,24,10,11,23,9,15
Tbx18,3,0,0,13,10,0,6,6,6,4
Tbx2,0,11,6,0,8,7,0,0,0,0
Tbx20,4,11,10,9,13,2,3,4,2,3
Tbx21,6,0,0,0,0,7,7,2,2,5
Tbx3,7,16,16,21,19,8,20,8,4,15
Tbx3os1,69,48,47,27,42,50,50,56,37,74
Tbx6,5,32,23,35,22,9,18,6,7,21
Tbxa2r,14,25,25,24,26,20,18,13,6,23
Tbxas1,26,81,45,35,98,49,32,17,29,35
Tc2n,3,9,8,16,10,3,0,8,0,0
Tcaf1,483,1048,989,1107,1161,587,510,543,308,443
Tcaf2,4,7,2,2,2,4,0,0,0,0
Tcaim,119,294,235,297,309,123,113,104,55,83
Tcam1,6,17,9,13,10,17,8,8,4,9
Tcap,5,20,12,10,25,8,5,20,1,3
Tcea1,158,289,217,285,290,235,231,206,133,213
Tcea2,150,643,375,456,609,190,206,248,92,181
Tcea3,6,13,16,11,13,4,7,10,5,7
Tceal1,39,204,211,221,248,41,59,40,23,33
Tceal3,107,495,497,498,585,181,209,193,97,137
Tceal5,304,924,870,842,854,536,477,523,210,350
Tceal6,63,360,404,354,402,107,92,101,45,54
Tceal7,7,6,8,14,9,3,7,7,2,3
Tceal8,83,348,386,406,373,90,112,87,45,105
Tceanc,4,14,8,12,16,7,6,4,2,4
Tceanc2,52,104,93,107,130,47,51,50,28,44
Tceb1,152,806,797,848,945,194,254,226,114,203
Tceb2,225,881,1014,917,1104,275,267,217,128,171
Tceb3,17,33,44,36,36,14,22,15,5,18
Tcerg1,270,675,525,653,689,383,320,282,182,284
Tcerg1l,41,127,109,120,127,99,72,42,26,50
Tcf12,1050,2334,1958,2103,2347,1284,1203,1054,857,1230
Tcf15,7,36,32,32,42,14,24,10,17,20
Tcf19,7,13,14,11,13,7,8,9,3,7
Tcf20,837,1840,1596,1698,1794,1260,1270,903,566,1074
Tcf24,139,21,20,14,18,46,64,51,16,64
Tcf25,0,0,0,0,0,0,0,0,0,0
Tcf3,160,401,309,381,351,209,233,198,121,175
Tcf4,5202,12433,10819,12975,13911,7796,5257,5404,3464,5125
Tcf7,3,6,5,6,4,8,2,2,3,4
Tcf7l1,85,131,102,114,107,77,61,56,33,64
Tcf7l2,120,331,284,349,310,79,168,107,64,152
Tcfl5,0,0,0,0,0,0,0,0,0,0
Tchh,14,33,44,51,35,19,18,16,15,8
Tchp,20,92,81,75,91,37,46,24,23,25
Tcirg1,36,149,91,77,146,37,60,52,36,48
Tcn2,42,205,179,137,179,50,63,31,49,83
Tcof1,84,202,167,158,159,138,103,125,55,80
Tcp1,105,456,529,572,480,174,191,123,70,149
Tcp11,12,48,61,60,54,12,24,11,5,22
Tcp11l1,559,1127,987,895,1081,602,581,631,323,439
Tcp11l2,68,229,210,207,242,64,78,59,42,64
Tcp11x2,2,0,0,0,0,0,0,0,0,0
Tcta,274,746,538,490,581,431,379,425,216,301
Tcte1,7,17,24,5,9,8,5,12,3,7
Tcte2,273,509,497,536,526,403,286,320,152,228
Tctex1d1,4,13,25,8,14,3,14,9,6,5
Tctex1d2,69,169,162,137,201,112,80,82,49,61
Tctex1d4,47,35,122,27,90,22,81,32,38,37
Tctn1,45,121,88,88,114,31,40,39,23,31
Tctn3,91,341,262,324,301,97,121,143,67,110
Tdg,50,152,135,139,146,83,65,58,31,49
Tdo2,6,50,35,42,51,5,12,16,5,6
Tdp1,101,288,227,291,308,190,133,115,74,116
Tdp2,36,136,120,155,163,55,64,42,22,43
Tdrd12,8,33,22,23,37,14,16,8,8,20
Tdrd3,151,389,333,384,437,207,204,166,112,167
Tdrd5,25,54,44,65,74,61,23,33,14,24
Tdrd6,0,7,5,2,3,0,0,0,0,0
Tdrd7,91,219,134,158,193,103,79,103,56,83
Tdrd9,0,8,3,9,12,0,0,0,0,0
Tdrkh,74,254,220,263,232,110,96,81,44,84
Tdrp,13,88,58,72,57,42,35,28,24,42
Tead1,583,1094,920,1051,1074,748,624,398,409,504
Tead2,6,14,13,16,14,8,11,10,4,14
Tead3,3,16,13,8,21,0,7,3,1,4
Tead4,6,19,19,24,18,16,14,6,5,19
Tec,10,38,7,15,31,22,17,8,12,24
Tecpr1,551,1419,1106,1268,1250,815,750,649,445,576
Tecpr2,514,2694,2540,2539,3109,579,627,504,297,445
Tecr,1513,6463,4785,4545,5430,3019,2742,2858,1594,2566
Tecrl,7,7,10,16,20,11,19,29,20,40
Teddm2,175,192,141,205,247,180,123,144,55,118
Teddm3,26,73,134,94,59,50,45,78,5,36
Tef,403,794,737,841,870,437,371,380,213,330
Tefm,22,79,66,84,72,27,34,23,22,14
Tek,225,605,776,706,123,84,98,393,197,108
Tekt1,23,51,78,36,55,21,46,14,12,14
Tekt2,2,25,15,14,18,16,17,21,9,16
Tekt3,1,7,5,3,7,1,6,3,3,3
Tekt4,6,23,24,13,21,4,19,8,2,9
Tekt5,8,25,45,42,37,11,8,9,0,10
Telo2,330,969,754,880,824,540,518,411,237,417
Ten1,145,331,340,347,387,161,154,171,87,113
Tenm1,1269,2755,2135,2827,2906,2125,1747,1365,974,1573
Tenm2,13806,40431,37431,43262,44335,29063,19138,19720,10540,17939
Tenm3,1612,4093,4191,4183,5699,3753,1810,2777,1068,2260
Tenm4,1368,3752,3445,3977,4536,3243,1711,1785,920,1662
Tep1,13,47,17,27,39,14,13,15,20,15
Tepp,0,2,7,1,4,3,0,0,0,0
Terf1,194,444,336,391,435,264,250,227,149,249
Terf2,97,213,142,199,221,134,118,111,69,94
Terf2ip,54,177,187,189,204,67,56,55,21,56
Tert,32,65,46,48,51,34,29,24,7,17
Tes,11,22,16,17,25,17,16,10,3,22
Tesc,158,523,505,634,510,253,289,177,123,220
Tesk1,19,62,78,77,73,21,29,19,13,12
Tesk2,198,317,276,278,322,172,198,190,111,167
Tespa1,15,49,22,25,26,18,15,17,11,17
Tet1,191,247,209,274,300,145,166,187,85,128
Tet2,421,954,882,951,883,341,434,468,174,390
Tet3,523,1057,869,993,932,475,506,506,266,435
Tex10,192,511,508,538,546,317,291,312,168,170
Tex101,9,0,0,0,0,3,8,1,0,0
Tex11,39,89,41,32,53,13,24,21,22,27
Tex12,9,15,10,3,14,6,13,9,5,3
Tex14,30,73,74,75,83,34,43,32,23,39
Tex15,13,12,8,15,21,9,11,7,2,7
Tex2,232,433,370,442,394,309,219,195,119,199
Tex21,2,8,6,9,24,3,6,3,0,0
Tex22,26,27,30,30,27,27,24,13,11,13
Tex26,7,13,9,13,9,3,5,3,2,6
Tex261,143,519,485,498,489,213,221,222,136,165
Tex264,147,811,780,710,720,167,216,179,126,171
Tex29,0,0,0,0,0,0,2,1,4,3
Tex30,24,47,57,50,53,17,24,19,17,14
Tex40,17,33,37,39,46,29,17,14,10,21
Tex9,63,147,125,107,150,51,57,84,23,48
Tfam,133,342,321,330,302,118,130,130,56,111
Tfap2a,1,0,0,0,0,0,0,0,0,0
Tfap2b,0,4,5,1,3,0,0,0,0,0
Tfap2d,2,55,26,25,44,6,4,7,2,7
Tfap2e,4,0,0,5,4,3,0,0,0,0
Tfap4,15,41,38,31,38,11,11,16,4,7
Tfb1m,15,30,39,32,62,16,12,17,11,10
Tfb2m,130,190,158,221,176,129,143,117,44,103
Tfcp2,354,580,449,554,516,382,363,312,195,256
Tfcp2l1,18,28,28,23,42,21,20,16,10,40
Tfdp1,34,49,56,55,62,47,23,31,12,19
Tfdp2,348,623,543,682,647,380,337,325,181,270
Tfe3,103,225,172,222,233,154,129,149,70,117
Tfeb,69,113,86,65,110,55,42,45,22,66
Tfg,97,312,348,270,365,133,118,124,66,95
Tfip11,20,135,97,125,123,27,41,31,18,32
Tfpi,11,30,28,60,53,28,24,32,11,19
Tfpi2,0,9,5,3,7,0,0,0,0,0
Tfpt,134,598,388,424,534,239,210,288,135,193
Tfr2,71,217,109,157,134,63,85,87,39,71
Tfrc,102,178,154,182,170,80,116,89,77,112
Tg,2,13,7,1,6,4,2,3,1,1
Tgds,23,64,54,80,71,17,18,28,12,20
Tgfa,60,163,105,129,131,73,94,52,59,69
Tgfb1,23,12,21,19,20,35,40,17,21,51
Tgfb1i1,11,51,62,56,58,40,28,45,16,29
Tgfb2,196,510,486,730,549,108,230,121,117,164
Tgfb3,22,71,69,74,77,31,38,33,10,27
Tgfbi,5,13,16,15,11,8,8,3,4,2
Tgfbr1,171,523,357,280,467,393,283,214,264,286
Tgfbr2,54,226,124,130,216,95,64,66,83,101
Tgfbr3,437,1126,904,1126,1054,529,598,380,290,409
Tgfbr3l,0,0,0,0,0,0,0,0,0,0
Tgfbrap1,84,247,201,244,258,131,90,124,82,104
Tgif1,4,32,20,11,21,2,8,6,7,4
Tgif2,74,100,84,93,83,58,54,51,30,24
Tgm1,0,13,0,0,9,0,1,0,1,8
Tgm2,16,40,58,40,49,39,16,22,22,62
Tgm3,16,8,3,9,11,13,7,9,8,18
Tgm4,6,19,29,35,23,17,11,14,3,9
Tgoln1,75,364,356,330,348,98,117,92,64,99
Tgs1,248,659,604,681,633,274,307,276,142,197
Tha1,26,84,54,85,94,28,36,42,21,34
Thada,285,588,477,557,593,361,302,276,191,312
Thap1,23,70,72,92,87,26,27,16,14,28
Thap11,17,156,129,146,140,35,49,46,28,33
Thap2,346,819,827,834,816,834,624,756,351,389
Thap3,1142,2246,1934,2275,2220,1874,1528,1959,1031,1158
Thap4,118,312,307,270,294,167,185,139,66,120
Thap7,54,246,201,210,288,69,74,81,40,87
Thap8,4,24,14,15,19,8,5,6,3,6
Thbd,3,22,19,25,25,9,12,8,8,13
Thbs1,0,8,6,4,7,0,0,0,0,0
Thbs2,0,27,15,14,19,3,4,6,3,4
Thbs3,290,882,609,756,738,311,441,326,223,341
Thbs4,27,190,115,114,174,30,46,34,9,58
Theg,3,7,8,5,1,1,0,0,0,0
Thegl,4,7,10,11,6,8,7,6,2,4
Them4,226,607,488,548,628,236,259,281,128,228
Them6,64,426,411,366,382,127,137,140,72,95
Them7,2,5,7,2,4,5,0,0,0,0
Themis,19,22,21,32,13,23,19,13,12,11
Themis2,5,14,5,7,7,4,7,1,2,6
Thg1l,19,87,55,48,76,27,29,42,14,26
Thnsl1,25,69,46,55,47,29,22,15,8,16
Thnsl2,28,84,72,60,97,34,42,90,39,32
Thoc1,1001,2301,1917,2193,2182,1375,1598,1672,850,1303
Thoc2,628,1789,1495,1689,1718,816,769,747,447,721
Thoc3,74,239,227,233,216,105,96,112,57,82
Thoc5,95,239,190,206,250,70,103,94,39,84
Thoc6,58,210,151,186,210,119,111,100,63,93
Thoc7,194,607,598,595,660,349,271,253,129,236
Thop1,29,168,166,179,204,48,65,72,29,63
Thpo,16,105,94,113,131,37,30,35,15,29
Thra,555,1880,1655,1906,1980,738,649,667,386,528
Thrap3,340,741,599,797,749,330,384,393,167,330
Thrb,1191,2821,2317,2513,2667,1866,1463,1702,551,1296
Thrsp,77,534,325,338,485,80,101,107,71,146
Thsd1,44,110,83,85,96,62,64,54,53,81
Thsd4,119,336,319,368,286,173,187,90,91,108
Thsd7a,758,1411,1144,1329,1550,810,896,734,746,853
Thsd7b,560,1298,1239,1306,1775,1333,669,841,520,714
Thtpa,521,988,712,877,871,684,617,554,334,450
Thumpd1,35,202,208,226,215,57,70,58,22,49
Thumpd2,53,142,101,106,116,48,54,66,28,41
Thumpd3,122,320,258,285,340,138,140,154,83,120
Thy1,442,8504,2134,2172,6951,1636,653,713,643,995
Thyn1,378,1055,947,879,1025,557,515,662,312,438
Tia1,441,842,709,1407,870,570,572,481,327,377
Tial1,303,1134,863,1135,1283,431,532,445,232,503
Tiam1,578,1132,982,1034,1089,638,670,781,508,669
Tiam2,253,699,486,519,613,311,284,230,159,274
Ticam1,49,57,33,48,49,23,29,28,18,28
Ticrr,1,0,0,0,0,5,0,0,0,0
Tie1,15,41,33,27,38,11,33,10,12,40
Tifa,211,433,313,353,404,238,236,246,116,184
Tifab,0,10,3,2,9,0,0,0,2,4
Tigar,20,69,74,79,62,38,27,24,15,13
Tigd2,248,498,458,550,548,383,345,386,221,308
Tigd3,0,9,9,13,7,0,0,0,0,0
Tigd5,1,35,29,26,28,3,3,6,3,4
Timeless,14,34,24,24,28,16,6,16,10,12
Timm10,60,302,342,350,361,87,97,73,41,68
Timm10b,0,59,34,26,51,0,0,0,0,0
Timm13,243,1133,1052,1151,1403,274,372,368,157,275
Timm17a,198,721,660,687,707,229,213,200,135,193
Timm17b,43,115,125,117,135,57,47,45,28,42
Timm21,42,185,172,176,209,74,67,84,45,62
Timm22,103,235,212,212,218,123,94,84,66,76
Timm23,259,531,488,508,473,253,252,279,174,220
Timm44,349,1181,906,1102,1079,451,464,548,302,450
Timm50,54,263,194,223,273,68,79,72,43,83
Timm8a1,11,47,27,37,53,2,8,11,1,10
Timm8b,230,1363,1564,1553,1724,367,370,339,191,273
Timm9,672,1554,1386,1539,1437,844,852,908,447,605
Timmdc1,310,714,654,630,638,475,466,494,242,356
Timp1,0,35,3,6,17,3,3,2,5,2
Timp2,66,532,485,405,525,110,128,89,69,94
Timp3,97,298,269,286,320,112,163,130,68,166
Timp4,165,873,483,459,521,358,480,212,197,305
Tinagl1,21,52,36,34,55,33,19,32,23,62
Tinf2,15,71,52,56,45,27,28,27,13,22
Tiparp,299,580,532,557,431,184,309,364,109,210
Tipin,365,379,361,376,530,345,84,402,215,211
Tiprl,109,388,338,354,387,181,112,129,80,119
Tirap,55,32,34,67,54,29,41,44,26,46
Tjap1,113,522,440,524,575,235,223,163,103,209
Tjp1,2384,4260,3287,3765,4061,2375,2417,2013,1312,2105
Tjp2,86,180,174,139,193,63,81,63,41,73
Tjp3,11,24,23,28,28,9,16,8,8,5
Tk1,1,6,6,5,6,4,2,5,4,9
Tk2,103,258,249,252,259,123,105,153,54,109
Tkfc,18,67,56,53,61,20,41,32,16,19
Tkt,91,571,566,534,588,155,160,145,82,141
Tktl1,91,35,41,43,58,18,69,49,22,68
Tlcd1,45,202,203,164,203,33,54,42,30,48
Tlcd2,92,311,259,288,303,96,95,112,43,91
Tldc1,13,28,20,46,23,15,10,17,11,8
Tle1,177,503,388,494,538,216,197,191,144,211
Tle2,201,581,425,560,616,323,373,384,177,302
Tle3,15,89,75,69,90,28,30,30,14,24
Tle4,385,846,743,825,896,619,445,421,350,387
Tle6,5,26,16,16,26,8,12,23,10,14
Tlk1,320,776,573,656,707,364,382,412,207,314
Tlk2,369,534,378,497,586,307,300,305,210,280
Tll1,61,104,100,129,132,63,64,53,54,56
Tll2,4,14,5,8,23,11,2,2,3,4
Tln1,66,356,333,339,409,184,143,131,63,124
Tln2,285,595,604,666,691,468,360,349,226,331
Tlr1,1,10,7,4,19,3,4,2,4,2
Tlr13,1,0,0,0,6,0,0,0,1,1
Tlr2,0,10,2,2,10,0,0,0,0,0
Tlr3,24,134,99,63,92,26,39,27,29,29
Tlr4,6,25,17,12,21,10,13,9,7,16
Tlr5,0,0,0,0,0,0,0,0,0,0
Tlr6,0,9,4,2,11,0,0,0,0,0
Tlr7,1,8,2,4,15,2,4,0,8,4
Tm2d1,256,820,702,761,759,317,370,341,171,270
Tm2d2,89,676,649,633,570,131,171,130,89,106
Tm2d3,134,705,698,616,640,188,184,190,118,170
Tm4sf1,145,262,313,235,228,123,205,120,110,193
Tm4sf5,2,3,6,1,8,1,0,0,0,0
Tm6sf1,66,153,133,145,198,95,91,103,52,63
Tm6sf2,4,52,50,47,43,23,18,13,6,24
Tm7sf2,65,219,158,165,203,100,74,114,40,89
Tm7sf3,144,437,350,391,417,146,158,117,85,145
Tm9sf1,81,165,165,173,149,114,129,104,47,100
Tm9sf2,149,489,435,436,431,140,159,126,103,126
Tm9sf3,139,566,466,494,505,187,162,172,110,185
Tm9sf4,200,588,594,621,608,314,292,262,140,225
Tma16,95,242,180,203,217,95,67,90,54,60
Tma7,285,1247,1309,1375,1389,620,553,540,263,374
Tmbim1,210,486,377,347,371,52,204,113,83,135
Tmbim4,150,668,668,564,602,250,286,252,171,259
Tmbim6,264,2040,1640,1473,1578,300,430,346,262,403
Tmc1,17,18,7,14,10,16,11,6,3,7
Tmc2,7,13,13,5,13,6,3,10,7,3
Tmc3,0,0,0,0,0,0,0,0,0,0
Tmc4,75,148,66,85,147,130,64,105,25,95
Tmc5,5,9,7,5,4,6,9,2,4,3
Tmc6,17,53,32,43,54,22,20,20,13,24
Tmc7,120,260,256,216,249,125,151,112,66,130
Tmc8,3,23,12,11,11,2,8,7,2,4
Tmcc1,1386,3247,2790,3249,3409,2050,1885,1673,1070,1695
Tmcc2,100,304,224,268,263,81,98,77,47,89
Tmcc3,361,753,654,669,819,381,350,305,349,381
Tmcc3os,1,17,6,7,16,4,0,3,3,3
Tmco1,200,869,887,806,828,200,264,241,144,209
Tmco3,154,452,405,455,449,200,182,190,91,162
Tmco4,15,65,84,64,99,22,22,16,13,10
Tmco5,9,14,18,24,14,18,7,13,7,2
Tmco6,107,226,177,213,215,175,152,158,91,129
Tmed1,106,322,280,296,353,138,126,170,72,115
Tmed10,285,830,701,677,824,326,347,313,192,303
Tmed2,290,1223,842,757,1100,459,396,387,202,281
Tmed3,53,319,277,249,321,115,105,86,65,90
Tmed4,202,1016,780,1019,992,171,264,230,100,257
Tmed5,199,571,490,468,504,186,263,265,129,198
Tmed6,3,0,0,0,0,2,3,2,2,3
Tmed7,140,629,540,509,567,170,226,195,104,168
Tmed8,104,277,257,236,250,92,136,96,53,89
Tmed9,625,2340,1952,2198,2134,1043,1017,983,520,821
Tmeff1,413,1049,770,821,1016,299,495,378,236,336
Tmeff2,1884,4200,3878,4289,4743,3146,2554,2253,1847,2334
Tmem100,66,273,232,173,225,35,88,66,31,68
Tmem101,64,297,262,236,220,69,77,80,39,70
Tmem104,63,158,132,137,136,74,55,70,41,51
Tmem106a,49,53,28,41,36,48,38,36,32,27
Tmem106b,84,288,271,260,295,94,93,77,55,73
Tmem106c,78,363,274,279,374,112,129,133,66,107
Tmem107,170,510,459,462,508,225,416,281,157,305
Tmem108,2376,5663,4548,5105,4979,3859,3542,3334,3090,3132
Tmem109,101,407,376,385,342,124,180,131,75,126
Tmem11,155,449,427,493,478,256,240,242,124,196
Tmem110,149,372,347,376,361,258,186,212,135,158
Tmem114,9,69,41,59,56,9,19,7,12,5
Tmem115,38,201,192,194,182,34,49,43,25,32
Tmem116,166,261,183,254,216,119,162,171,80,118
Tmem117,305,717,494,592,636,376,309,324,265,335
Tmem119,10,55,44,44,38,8,17,10,7,12
Tmem120a,86,223,179,183,154,84,113,120,59,80
Tmem120b,326,684,498,558,597,378,328,294,175,281
Tmem121,33,260,238,242,230,62,49,50,32,38
Tmem123,29,113,67,55,109,25,32,24,16,46
Tmem125,5,22,27,16,22,4,2,4,1,7
Tmem126a,1004,2783,2474,2688,2583,1365,1655,1727,868,1324
Tmem126b,88,226,183,188,209,162,113,104,76,76
Tmem127,130,426,371,374,370,182,210,123,96,86
Tmem128,157,436,477,433,429,197,218,187,86,149
Tmem129,53,214,193,178,223,63,81,71,45,60
Tmem130,221,580,482,545,519,252,194,247,90,127
Tmem131,208,551,494,588,552,481,311,258,309,385
Tmem132a,79,557,454,445,477,125,134,146,69,112
Tmem132b,765,1609,1475,1661,1772,1249,833,771,576,753
Tmem132c,17,40,43,49,40,37,24,25,11,21
Tmem132cos,8,9,120,63,74,82,52,11,17,48
Tmem132d,385,858,972,896,1103,901,575,553,212,475
Tmem132e,22,42,42,47,51,27,25,15,15,15
Tmem135,353,737,631,709,832,505,395,361,256,377
Tmem136,54,126,114,135,127,43,35,50,18,34
Tmem138,179,400,328,351,410,255,240,280,143,179
Tmem140,11,47,20,23,45,29,25,18,22,22
Tmem141,48,186,136,143,195,57,58,67,22,71
Tmem143,93,168,135,184,194,98,79,129,54,68
Tmem144,50,95,109,115,110,42,36,55,28,22
Tmem145,359,1312,1075,1249,1599,726,708,913,356,640
Tmem147,153,897,779,685,806,232,269,276,129,258
Tmem147os,6,64,48,53,55,13,15,24,4,13
Tmem14a,29,317,316,311,286,60,61,51,34,49
Tmem14c,68,353,352,307,357,123,105,101,68,104
Tmem150a,169,720,487,586,719,286,363,324,194,355
Tmem150b,9,7,7,15,14,3,5,5,2,4
Tmem150c,194,470,470,502,506,337,236,209,129,215
Tmem150cos,3,15,9,10,15,6,8,12,3,5
Tmem151a,140,725,830,825,777,140,170,168,80,108
Tmem151b,56,176,109,140,179,93,81,80,33,51
Tmem158,79,437,423,437,342,99,113,109,42,79
Tmem159,24,104,86,109,121,50,48,38,23,34
Tmem160,85,524,434,467,548,127,116,96,74,91
Tmem161a,112,466,379,405,462,164,194,163,94,116
Tmem161b,552,1293,922,1098,1215,642,852,711,481,736
Tmem163,98,268,207,263,274,189,148,88,45,133
Tmem164,235,500,441,544,495,260,251,246,87,199
Tmem165,283,704,531,471,682,399,369,489,211,278
Tmem167,339,927,728,837,930,375,376,384,209,299
Tmem167b,29,94,110,102,115,26,20,17,5,13
Tmem168,43,153,132,126,142,64,58,62,33,48
Tmem169,78,179,148,140,171,113,74,85,31,56
Tmem17,69,145,129,121,142,61,61,48,25,38
Tmem170,18,31,24,22,23,17,11,9,3,9
Tmem170b,44,177,134,149,175,98,66,62,27,54
Tmem171,0,9,15,7,10,0,0,0,0,0
Tmem173,0,13,8,5,17,0,0,0,0,0
Tmem175,521,1305,1016,1185,1298,841,598,712,373,499
Tmem176a,29,369,191,150,309,52,46,44,42,67
Tmem176b,44,655,372,346,552,60,81,65,55,74
Tmem177,10,41,35,47,63,21,19,10,6,8
Tmem178,650,1532,1352,1420,1574,780,664,729,441,583
Tmem178b,948,2652,2314,2621,3007,1947,1191,1178,749,1132
Tmem179,207,1154,981,1089,1177,414,394,414,205,329
Tmem18,20,93,88,86,92,13,17,28,11,14
Tmem180,90,320,270,329,322,102,140,103,57,100
Tmem181a,738,1514,1142,1204,1439,873,812,1083,523,659
Tmem182,0,0,0,0,0,0,5,0,2,2
Tmem183a,60,227,205,227,270,54,71,67,26,49
Tmem184b,201,407,375,314,348,220,170,224,121,189
Tmem184c,80,286,276,274,281,60,89,78,44,55
Tmem185b,9,134,109,94,101,13,22,17,11,22
Tmem186,194,480,434,404,472,264,246,311,124,174
Tmem189,89,126,155,176,215,114,80,138,69,79
Tmem19,127,433,347,395,435,132,126,159,87,117
Tmem191c,1648,7266,5439,6617,7126,3192,3581,3308,1873,3097
Tmem192,68,213,189,210,225,103,73,100,54,80
Tmem194,124,197,175,157,196,106,94,122,65,91
Tmem194b,63,103,91,85,113,49,43,62,21,26
Tmem196,60,104,102,109,125,70,63,91,38,53
Tmem198,71,276,267,314,261,89,131,97,63,77
Tmem198b,26,154,109,106,135,65,67,69,34,56
Tmem199,122,448,376,404,453,163,198,188,108,148
Tmem2,198,291,191,228,303,137,183,205,118,163
Tmem200a,170,446,432,469,336,204,170,150,60,130
Tmem200c,11,42,47,45,39,2,16,6,8,3
Tmem201,100,319,252,320,298,161,140,105,81,98
Tmem202,0,8,9,7,18,0,0,0,0,0
Tmem203,26,163,139,139,164,31,41,40,19,34
Tmem204,52,90,79,87,122,59,73,38,50,98
Tmem205,188,741,648,660,702,248,308,256,143,212
Tmem206,79,195,122,140,147,69,77,79,43,42
Tmem208,616,1876,1577,1556,1794,1063,1078,1171,630,921
Tmem209,35,83,72,73,70,37,28,41,22,29
Tmem212,69,106,348,118,203,40,186,38,65,59
Tmem214,218,999,706,872,918,379,377,420,231,351
Tmem215,2,12,20,31,27,7,3,3,2,4
Tmem216,235,619,468,512,643,285,349,423,192,313
Tmem217,0,9,4,1,0,0,7,3,2,1
Tmem218,98,262,269,250,270,180,114,179,85,78
Tmem219,110,256,251,238,254,146,125,153,82,124
Tmem220,7,25,14,9,13,7,6,11,2,6
Tmem222,147,621,564,773,637,163,205,214,90,145
Tmem229a,30,120,113,103,131,27,38,26,11,40
Tmem229b,51,127,118,120,122,91,50,69,39,73
Tmem230,38,209,209,206,236,59,66,66,35,37
Tmem231,82,146,143,145,155,89,84,75,50,66
Tmem232,47,111,160,145,148,65,58,77,34,50
Tmem233,2,7,8,7,7,8,8,8,3,5
Tmem234,477,1329,1132,1419,1257,853,709,778,430,614
Tmem236,5,0,0,0,0,0,0,0,0,0
Tmem237,202,611,466,495,577,381,315,326,206,235
Tmem238,13,60,61,52,72,13,28,21,15,27
Tmem240,31,182,172,150,202,88,73,77,35,61
Tmem241,116,209,188,186,239,104,93,119,67,63
Tmem242,48,190,202,204,216,68,69,59,33,59
Tmem243,713,1458,1271,1459,1585,1022,1240,1328,789,1108
Tmem245,208,580,533,529,611,287,281,252,161,266
Tmem246,314,1156,1125,1082,1026,441,523,576,289,397
Tmem248,114,296,213,232,244,156,140,147,81,98
Tmem25,98,558,356,397,581,181,192,189,85,157
Tmem251,44,223,187,229,208,74,75,74,28,48
Tmem252,1,26,12,20,34,52,12,6,11,52
Tmem255a,80,248,202,186,185,120,102,70,61,85
Tmem255b,0,12,6,12,11,0,0,0,0,0
Tmem256,292,1130,955,938,1217,492,480,526,214,377
Tmem258,94,459,393,383,510,125,172,143,93,116
Tmem259,99,473,342,397,448,190,181,174,116,159
Tmem260,243,572,417,498,631,347,254,281,171,266
Tmem261,64,251,251,263,261,99,101,93,54,104
Tmem263,56,126,138,133,129,42,80,78,34,73
Tmem266,24,49,42,53,55,52,26,30,13,17
Tmem28,18,55,58,56,56,28,18,9,16,10
Tmem29,134,363,299,350,386,197,178,179,100,148
Tmem30a,114,700,659,565,624,112,125,131,81,130
Tmem30c,9,12,14,9,30,4,7,8,5,6
Tmem33,95,491,470,446,440,84,123,75,59,91
Tmem35,26,183,232,186,155,36,41,25,16,20
Tmem37,3,27,24,24,22,8,11,2,14,10
Tmem38a,370,1118,875,960,915,563,475,468,241,365
Tmem38b,57,206,173,212,212,76,78,60,45,52
Tmem39a,75,172,121,160,180,125,94,99,63,89
Tmem39b,231,432,371,374,409,218,288,235,136,205
Tmem40,5,9,13,18,13,12,5,9,1,1
Tmem41a,11,77,64,68,84,16,13,23,11,26
Tmem41b,121,280,241,266,289,140,130,149,66,102
Tmem42,36,138,151,142,140,63,45,56,22,44
Tmem43,12,70,70,86,72,14,19,12,14,19
Tmem44,79,267,234,251,342,182,94,178,35,87
Tmem45a,3,15,16,17,19,5,2,4,1,10
Tmem45b,0,16,15,8,11,0,6,3,0,3
Tmem47,270,1076,744,607,915,148,376,268,173,329
Tmem5,149,394,380,416,444,157,140,174,73,92
Tmem50a,261,1100,1028,1098,965,315,378,334,202,294
Tmem50b,37,129,121,139,125,45,28,46,20,28
Tmem51,25,51,63,44,56,25,27,29,22,43
Tmem51os1,5,11,9,5,3,4,3,12,2,6
Tmem52,21,45,38,44,103,12,34,10,24,34
Tmem53,36,83,82,70,95,27,36,39,18,19
Tmem55a,296,722,590,649,724,417,398,341,195,321
Tmem55b,359,1145,989,1022,1073,728,638,618,379,558
Tmem56,67,172,163,155,172,85,79,62,55,63
Tmem57,520,1040,820,926,1034,605,553,594,290,484
Tmem59,391,2042,1870,1730,1753,418,499,475,271,436
Tmem59l,335,2502,2639,2637,2471,518,716,617,294,527
Tmem60,133,479,468,516,480,220,216,183,121,146
Tmem62,114,302,272,287,297,97,135,136,65,98
Tmem63a,21,68,67,45,50,18,20,14,5,15
Tmem63b,353,954,796,856,912,584,488,414,238,390
Tmem63c,255,369,322,433,371,299,245,236,146,195
Tmem64,42,91,80,81,85,64,44,50,27,33
Tmem65,61,204,181,183,243,108,108,98,49,76
Tmem67,81,146,151,152,201,140,87,101,61,79
Tmem68,197,579,547,555,524,114,247,261,100,244
Tmem69,82,136,109,129,142,90,100,112,71,87
Tmem70,68,315,319,324,314,73,89,86,52,59
Tmem71,0,7,3,2,4,2,3,2,5,6
Tmem74,34,51,45,45,52,52,36,38,15,25
Tmem74b,4,35,32,29,24,11,7,9,3,7
Tmem74bos,0,8,4,8,7,0,0,0,0,0
Tmem79,21,51,51,45,42,23,23,33,11,19
Tmem8,20,106,78,98,99,37,43,27,24,27
Tmem80,199,562,455,473,538,255,260,344,192,225
Tmem81,7,21,28,22,21,5,4,3,5,5
Tmem82,3,5,8,7,4,0,0,0,0,0
Tmem86a,24,106,101,87,81,26,35,48,20,22
Tmem86b,20,82,58,78,91,27,34,20,19,21
Tmem87a,197,389,360,438,426,234,170,170,99,192
Tmem87b,314,822,602,752,717,291,399,377,215,307
Tmem88,7,25,16,23,28,15,15,16,8,16
Tmem88b,13,87,67,65,91,11,23,15,7,13
Tmem8b,24,112,65,83,98,41,34,40,28,26
Tmem9,137,612,524,513,499,172,175,152,108,124
Tmem91,282,765,720,646,726,478,464,496,127,221
Tmem94,50,159,139,161,173,69,53,55,26,47
Tmem97,30,126,131,93,115,30,34,32,13,20
Tmem98,15,50,52,43,60,37,47,22,25,28
Tmem9b,175,917,828,811,791,258,283,235,129,217
Tmf1,154,469,297,300,414,108,203,168,101,171
Tmie,8,29,22,15,31,7,11,10,6,12
Tmigd3,5,8,7,8,11,7,3,3,5,5
Tmlhe,229,406,271,342,413,202,251,235,130,220
Tmod1,123,282,306,288,321,170,141,167,111,134
Tmod2,334,684,697,729,831,499,301,363,215,305
Tmod3,465,1912,1203,1362,1230,725,878,647,212,534
Tmod4,0,6,5,9,6,2,0,0,0,0
Tmpo,55,155,147,149,166,66,67,60,45,64
Tmppe,0,0,0,0,0,0,0,0,0,0
Tmprss11a,3,0,0,0,0,1,0,0,0,0
Tmprss11c,6,0,0,0,0,3,9,6,0,0
Tmprss11d,8,31,10,19,23,10,6,7,5,6
Tmprss11f,0,9,5,4,4,0,0,0,0,0
Tmprss15,21,26,24,29,35,27,18,25,8,22
Tmprss5,16,41,33,48,39,21,21,15,14,15
Tmprss6,1,7,10,14,14,3,0,5,0,0
Tmprss7,7,21,11,15,18,10,6,7,8,17
Tmprss9,23,65,60,93,86,33,28,24,13,22
Tmsb10,179,913,882,742,1154,536,293,373,87,212
Tmsb15b1,0,22,22,16,22,0,0,0,0,0
Tmsb15l,4,15,19,14,19,7,13,6,2,6
Tmsb4x,2479,12877,13007,13467,15185,4027,3933,2964,2312,3524
Tmtc1,409,896,707,861,919,547,474,500,272,412
Tmtc2,612,1429,1156,1352,1274,802,796,664,411,684
Tmtc3,237,602,536,488,495,184,329,362,182,241
Tmtc4,48,161,128,150,171,85,96,87,50,77
Tmub1,19,192,177,168,190,43,46,38,27,48
Tmub2,64,364,302,325,349,71,89,76,22,78
Tmx1,106,447,356,360,334,124,139,102,60,107
Tmx2,0,9,8,10,11,0,0,0,0,0
Tmx3,218,629,525,579,601,276,277,302,151,256
Tmx4,438,1163,997,1077,1113,463,492,515,295,410
Tnc,59,114,146,98,108,17,55,50,17,58
Tnfaip1,72,210,179,204,207,84,130,73,53,87
Tnfaip2,0,0,0,0,0,0,0,0,0,0
Tnfaip3,0,14,22,7,11,0,4,6,4,1
Tnfaip6,58,199,234,153,234,31,68,38,28,41
Tnfaip8,37,89,84,91,91,22,54,44,23,48
Tnfaip8l1,14,52,50,46,52,35,25,19,17,21
Tnfaip8l2,2,35,14,12,31,5,3,4,5,11
Tnfaip8l3,47,110,89,107,145,103,41,44,39,45
Tnfrsf10b,0,8,3,2,5,3,0,0,0,0
Tnfrsf11a,23,59,57,42,99,69,32,50,27,38
Tnfrsf11b,3,8,11,9,12,1,0,0,0,0
Tnfrsf12a,14,79,44,51,58,30,37,19,28,44
Tnfrsf13b,0,9,4,6,8,0,0,0,0,0
Tnfrsf13c,0,5,3,2,2,0,0,0,0,0
Tnfrsf17,0,10,1,4,6,0,0,0,0,0
Tnfrsf19,226,386,701,533,708,280,391,305,205,279
Tnfrsf1a,14,166,56,48,114,17,16,9,9,44
Tnfrsf1b,19,30,26,18,27,13,21,15,9,14
Tnfrsf21,146,617,567,542,539,252,175,156,107,175
Tnfrsf22,12,33,14,18,25,5,11,15,11,6
Tnfrsf23,16,52,33,59,49,43,32,16,8,22
Tnfrsf25,51,352,304,336,335,179,204,69,86,186
Tnfrsf26,5,9,8,17,11,10,6,1,2,3
Tnfrsf4,6,15,8,15,28,3,5,5,2,5
Tnfrsf8,5,12,7,7,10,8,0,0,0,0
Tnfrsf9,40,81,94,105,115,68,50,71,28,41
Tnfsf10,8,20,15,12,21,13,11,7,13,10
Tnfsf12,0,0,0,0,0,0,0,0,0,0
Tnfsf13b,11,21,21,12,24,19,4,17,9,12
Tnfsf13os,14,17,15,25,24,24,8,11,10,10
Tnfsf4,5,10,17,13,29,14,11,11,5,8
Tnfsf8,3,17,5,3,17,15,4,4,2,10
Tnfsf9,0,9,11,6,6,0,1,2,0,6
Tnik,2031,4201,3637,4292,4353,2446,2004,1934,1387,1916
Tnip1,46,113,100,123,106,45,50,52,42,38
Tnip2,293,890,646,720,773,223,296,262,143,274
Tnk2,211,531,441,530,543,290,229,196,119,204
Tnks,273,673,552,617,619,338,275,243,152,248
Tnks1bp1,49,224,180,222,204,66,55,62,45,67
Tnks2,407,853,600,609,787,432,452,440,258,384
Tnnc1,23,73,63,80,78,85,55,56,28,51
Tnni1,17,40,35,18,50,17,16,20,13,11
Tnni3,6,11,17,13,9,6,5,0,3,5
Tnni3k,11,42,40,45,45,25,16,15,7,12
Tnnt1,2,7,2,2,8,3,0,0,0,0
Tnnt2,0,8,18,14,23,11,4,28,0,9
Tnpo1,688,1222,899,1016,1332,632,692,701,385,630
Tnpo2,40,228,122,129,148,63,80,85,37,57
Tnpo3,402,948,778,884,981,470,489,442,236,394
Tnr,1553,3587,3047,4130,4289,2478,1738,1406,1354,1775
Tnrc18,327,576,584,610,653,489,410,377,234,321
Tnrc6a,412,992,921,1044,1079,623,452,429,292,411
Tnrc6b,1097,2227,2005,2200,2345,1294,1018,1061,704,904
Tnrc6c,1387,2425,2113,2562,2589,2536,2226,1998,1501,1953
Tns1,54,85,88,99,116,69,56,47,33,68
Tns2,9,57,30,37,56,20,22,16,12,36
Tns3,123,315,276,247,303,160,127,64,79,137
Tnxb,84,125,117,163,128,91,84,78,37,72
Tob1,93,463,410,379,392,66,164,120,54,110
Tob2,160,307,294,283,260,119,135,148,59,100
Toe1,34,122,121,122,149,32,44,54,33,40
Tollip,43,189,173,192,209,38,46,46,26,53
Tom1,127,391,298,298,370,187,151,153,66,166
Tom1l1,152,308,264,300,331,169,166,175,89,113
Tom1l2,1102,2272,1739,1980,2201,1107,1163,1014,628,912
Tomm20,145,911,955,925,918,223,230,185,104,172
Tomm20l,18,32,32,24,32,18,29,26,13,7
Tomm22,191,708,729,740,769,148,291,247,119,246
Tomm34,72,376,348,364,434,100,97,93,49,100
Tomm40,373,1150,935,1085,1020,502,595,504,281,428
Tomm40l,72,361,266,301,348,114,140,129,66,101
Tomm5,117,534,513,478,610,187,201,183,104,149
Tomm6,20,23,22,16,21,10,19,8,4,9
Tomm6os,0,0,0,0,0,0,0,0,0,0
Tomm7,113,1029,1138,992,1376,121,127,96,43,77
Tomm70a,303,514,386,437,544,203,239,217,141,215
Tomt,2,11,2,2,17,4,0,0,0,0
Tonsl,269,1071,879,865,1142,407,468,468,260,410
Top1,855,2849,2136,2319,2588,936,1204,921,565,1078
Top1mt,71,172,136,145,130,96,73,68,38,49
Top2a,5,11,7,8,16,7,7,9,7,22
Top2b,224,553,483,550,620,310,281,305,208,311
Top3a,21,55,27,31,44,25,15,18,12,14
Top3b,204,627,495,585,643,277,290,282,171,220
Topaz1,0,0,0,0,0,2,0,0,0,0
Topbp1,62,166,121,137,154,83,80,82,44,75
Topors,50,143,148,150,138,48,48,44,29,43
Toporsos,9,151,109,98,170,30,25,23,10,18
Tor1a,83,407,363,427,413,92,133,94,75,100
Tor1aip1,200,441,346,355,427,208,209,175,120,194
Tor1aip2,194,464,422,440,474,277,190,233,127,161
Tor1b,37,165,138,200,166,55,42,52,21,47
Tor2a,60,447,343,381,428,87,105,100,50,105
Tor3a,33,99,71,77,88,44,43,34,38,45
Tor4a,0,10,8,2,8,0,0,0,0,0
Tox,376,878,1040,884,1188,844,431,827,193,491
Tox2,44,161,151,150,164,105,77,84,31,57
Tox3,142,293,197,168,313,180,135,164,106,118
Tox4,368,789,759,786,755,621,544,527,323,416
Tpbg,16,124,86,70,79,19,27,25,5,28
Tpbgl,2,27,12,16,16,2,0,0,0,0
Tpcn1,205,459,388,376,383,112,193,163,91,159
Tpcn2,21,99,75,82,94,32,18,25,20,23
Tpd52,199,481,421,433,538,317,230,238,130,216
Tpd52l1,137,443,439,475,507,124,142,133,79,141
Tpd52l2,150,426,377,403,443,139,185,177,109,155
Tpgs1,67,440,395,371,438,74,106,72,51,69
Tpgs2,71,270,196,250,271,102,104,88,59,93
Tph2,58,15,17,24,15,56,31,27,13,32
Tpi1,357,1902,2028,1811,2003,443,524,456,244,380
Tpk1,127,276,225,235,289,196,162,171,103,134
Tpm1,345,806,811,909,854,401,428,381,246,277
Tpm2,7,20,23,21,20,8,7,10,3,5
Tpm3,237,831,712,803,847,373,371,313,195,281
Tpm3-rs7,13,62,52,46,69,62,48,37,39,35
Tpm4,58,208,200,209,256,114,112,85,74,149
Tpmt,57,103,102,86,106,95,57,96,37,46
Tpo,10,14,13,7,12,8,8,9,2,6
Tpp1,38,332,230,248,307,87,74,73,40,87
Tpp2,288,662,424,530,630,299,384,324,208,366
Tppp,38,234,252,201,262,76,52,57,34,34
Tppp3,87,288,335,245,442,99,188,92,71,112
Tpr,447,1001,843,941,933,606,561,569,383,443
Tpra1,88,552,407,462,568,142,215,205,95,210
Tprg,0,5,3,6,7,5,4,4,1,1
Tprgl,173,759,649,685,847,212,239,219,164,231
Tprkb,378,911,886,856,917,206,405,301,176,307
Tprn,11,49,47,42,60,9,9,7,5,16
Tpst1,176,520,441,525,558,243,209,198,130,167
Tpst2,106,352,285,345,352,94,126,126,63,128
Tpt1,232,956,1142,1129,1203,344,351,276,155,284
Tpte,4,3,18,10,11,6,6,11,4,9
Tpx2,16,34,38,30,42,34,22,16,7,14
Tra2a,979,2163,2008,2182,2371,1477,1168,1247,616,1025
Tra2b,841,2180,1323,1774,2003,643,1081,942,432,799
Trabd,127,416,305,352,383,168,204,157,89,190
Trabd2b,34,64,65,56,104,87,37,66,21,42
Tradd,22,148,111,146,134,42,58,50,44,56
Traf1,5,12,18,11,9,3,6,4,4,5
Traf2,18,76,61,50,55,8,24,14,14,24
Traf3,337,746,636,739,729,487,407,291,191,367
Traf3ip1,51,142,138,126,150,75,62,70,31,62
Traf3ip2,351,680,677,728,692,450,446,567,271,262
Traf3ip3,4,21,5,10,24,9,7,2,9,7
Traf4,16,67,88,68,76,21,31,29,11,17
Traf5,219,1662,1588,1574,1916,388,618,415,286,526
Traf6,177,560,449,481,537,384,364,383,254,283
Traf7,106,421,301,366,372,159,172,140,77,153
Trafd1,210,598,465,572,612,273,269,270,144,219
Traip,99,808,534,715,1035,254,245,131,89,161
Trak1,180,409,364,429,375,192,154,148,88,155
Trak2,110,270,234,247,328,147,106,116,62,95
Tram1,162,424,361,353,378,172,195,164,90,162
Tram1l1,41,328,306,324,266,40,59,46,33,46
Tram2,15,30,28,18,37,13,13,8,8,13
Trank1,246,686,622,936,932,788,427,456,336,320
Trap1,133,349,249,267,334,107,128,101,56,130
Trappc1,207,742,586,664,762,296,335,337,159,280
Trappc10,162,249,183,254,251,170,128,107,75,100
Trappc11,74,270,208,207,249,74,95,86,41,82
Trappc12,289,581,528,580,589,291,271,305,153,251
Trappc13,182,470,379,389,460,121,211,180,104,177
Trappc2,65,265,278,309,327,55,77,79,36,85
Trappc2l,0,0,0,0,0,0,0,0,0,0
Trappc3,135,650,546,627,635,235,234,185,122,159
Trappc3l,3,10,4,9,5,3,4,7,6,3
Trappc4,219,659,658,656,677,330,342,375,161,276
Trappc5,45,252,254,279,302,61,77,68,27,60
Trappc6a,186,417,279,309,348,220,223,272,137,206
Trappc6b,290,796,810,835,828,258,298,285,157,229
Trappc8,362,748,594,694,784,506,426,473,234,382
Trappc9,279,825,691,758,825,422,268,305,192,283
Trat1,27,55,49,49,46,19,27,32,20,14
Trcg1,28,26,30,40,62,24,2,25,6,15
Trdmt1,97,127,124,118,136,69,68,82,34,69
Trdn,52,93,75,61,72,35,61,63,37,34
Trem2,9,365,37,25,331,91,23,10,36,107
Trf,0,0,0,0,0,0,0,0,0,0
Trhde,586,1291,1370,1638,1682,1062,592,879,737,692
Trhr,61,182,92,146,176,87,91,56,38,80
Triap1,39,192,176,184,198,64,84,73,32,60
Trib1,12,73,46,40,52,19,20,38,6,26
Trib2,31,125,127,110,118,56,63,53,37,59
Trib3,3,6,4,5,4,6,0,0,0,0
Tril,84,324,251,239,311,30,62,40,29,57
Trim11,73,323,257,319,342,134,105,142,70,111
Trim12a,2,4,9,4,5,4,6,0,0,2
Trim12c,3,10,10,6,15,4,1,5,7,8
Trim13,11,76,96,77,87,10,14,23,13,10
Trim14,8,17,15,19,17,13,9,6,10,9
Trim16,3,12,5,7,13,11,13,5,12,16
Trim17,56,183,142,159,130,122,75,69,37,60
Trim2,1174,3250,2580,3061,3163,1790,1325,1228,826,1237
Trim21,3,19,10,7,12,3,7,2,2,16
Trim23,133,252,177,220,289,95,105,107,68,95
Trim24,161,297,256,290,333,168,164,189,114,153
Trim25,41,86,51,60,71,63,59,53,35,92
Trim26,164,345,285,296,345,184,149,171,110,123
Trim27,51,198,169,197,161,77,97,81,40,61
Trim28,133,767,668,833,666,254,435,220,139,284
Trim3,374,1002,850,782,988,856,651,756,425,538
Trim30a,82,192,112,150,185,59,55,37,27,47
Trim30d,3,17,9,5,14,7,9,2,9,8
Trim32,141,639,614,595,564,120,149,171,68,112
Trim33,478,899,923,978,831,579,602,557,349,560
Trim34a,5,26,10,22,34,12,16,7,7,8
Trim35,1880,4546,4207,4099,3746,3255,3166,3557,1800,2451
Trim36,13,27,23,25,25,10,14,10,10,6
Trim37,611,1267,927,1160,1194,624,571,649,297,505
Trim39,19,92,71,101,88,32,32,24,16,20
Trim41,163,344,317,328,361,223,183,203,138,161
Trim42,6,0,0,0,0,6,3,2,2,0
Trim43a,2,8,7,5,13,6,2,1,5,6
Trim43c,8,9,19,21,12,14,10,7,3,10
Trim44,344,831,736,758,956,673,459,416,329,449
Trim45,3,19,22,25,26,6,3,7,7,4
Trim46,526,1060,968,1152,1052,780,748,750,361,506
Trim47,34,100,63,57,83,68,41,41,39,98
Trim5,78,82,38,77,41,50,206,106,55,41
Trim56,4,19,22,14,14,13,3,6,4,14
Trim59,64,101,151,100,92,62,113,74,45,52
Trim6,0,0,0,0,0,0,5,2,2,6
Trim62,45,109,89,92,98,41,42,41,20,25
Trim65,2,0,0,14,6,7,6,1,2,4
Trim66,10,31,39,41,58,38,8,26,3,17
Trim67,11,24,21,12,24,4,9,11,9,5
Trim68,10,13,22,16,21,6,9,4,4,9
Trim69,3,0,0,0,0,10,5,1,0,4
Trim7,38,44,28,50,46,27,22,25,8,10
Trim71,19,25,41,37,21,20,24,10,10,17
Trim8,55,196,165,159,184,41,51,46,15,41
Trim9,1258,2150,1755,2252,2320,1428,1019,945,631,820
Trio,728,1722,1392,1720,1938,1144,831,722,471,729
Triobp,27,57,39,48,68,19,32,26,22,45
Trip10,4,36,11,24,35,7,25,9,9,23
Trip11,248,820,603,706,826,354,259,269,155,335
Trip12,686,1600,1132,1365,1520,797,784,711,418,610
Trip13,9,22,27,16,27,10,9,9,6,7
Trip4,350,542,544,602,722,307,312,331,238,298
Trip6,23,121,81,108,140,43,81,49,26,64
Triqk,27,99,111,113,113,42,21,52,17,30
Trit1,110,244,203,261,298,145,134,114,63,86
Trmo,6,20,24,25,30,4,4,3,10,8
Trmt1,349,1095,788,903,1019,541,508,551,298,448
Trmt10a,82,343,340,378,400,262,156,187,98,94
Trmt10b,140,165,187,200,207,177,147,194,109,114
Trmt10c,52,179,180,158,165,64,80,61,27,51
Trmt11,154,385,329,388,369,222,214,204,105,164
Trmt112,164,496,446,459,568,207,248,278,125,192
Trmt12,9,33,34,36,47,8,18,18,5,15
Trmt13,262,688,560,567,628,429,281,344,186,305
Trmt1l,673,1710,1511,1523,1487,588,763,730,408,606
Trmt2a,206,966,713,783,860,331,431,385,221,348
Trmt2b,28,81,94,89,102,28,31,39,18,31
Trmt44,61,78,79,72,99,55,36,52,27,23
Trmt5,19,45,40,42,44,17,18,28,11,16
Trmt6,339,866,744,798,766,457,458,479,225,289
Trmt61a,78,187,165,153,204,80,67,63,48,66
Trmu,284,661,483,584,654,327,346,377,197,308
Trnau1ap,105,417,423,395,455,182,174,161,87,141
Trnp1,129,298,231,299,426,448,180,272,159,147
Trnt1,22,146,116,152,151,26,45,39,14,27
Tro,107,422,344,474,484,246,208,175,114,151
Troap,1,3,5,6,0,7,5,3,5,1
Trove2,204,542,512,495,590,232,239,280,147,235
Trp53,106,401,329,360,390,187,232,205,112,199
Trp53bp1,239,670,462,598,603,254,264,207,117,230
Trp53bp2,70,127,152,132,154,28,66,40,40,42
Trp53cor1,16,25,28,27,36,5,7,8,9,8
Trp53i11,54,220,196,230,212,67,94,74,51,66
Trp53i13,25,131,94,95,138,23,43,23,16,37
Trp53inp1,52,88,88,72,97,68,67,50,40,71
Trp53inp2,116,353,310,291,329,124,123,161,67,95
Trp53rka,32,121,109,128,135,30,49,45,17,32
Trp53rkb,45,132,118,107,144,81,72,66,35,69
Trp63,17,19,29,28,27,11,13,7,6,9
Trp73,18,55,70,95,59,23,30,15,11,22
Trpa1,0,0,0,0,0,0,2,4,2,4
Trpc1,382,991,850,960,967,559,464,485,288,361
Trpc3,60,190,164,165,227,123,78,150,31,82
Trpc4,969,2250,1654,2033,2034,790,927,939,486,867
Trpc4ap,330,693,605,616,678,349,355,264,151,305
Trpc5,640,1357,945,1436,1512,1144,759,702,567,653
Trpc5os,16,70,60,70,61,23,14,29,14,10
Trpc6,635,1173,1100,1111,1086,596,774,703,617,706
Trpc7,45,123,81,115,114,42,42,25,18,30
Trpm1,2,8,3,5,3,4,0,0,0,0
Trpm2,67,232,167,201,203,119,78,97,56,76
Trpm3,3248,6051,4923,6571,6811,3262,3773,3126,2715,3571
Trpm4,74,230,166,165,203,76,79,114,43,73
Trpm5,2,33,13,12,19,2,1,1,3,0
Trpm6,11,9,19,24,20,26,18,9,6,13
Trpm7,946,1751,1287,1475,1662,750,920,863,534,808
Trpm8,1,3,7,3,4,5,0,0,0,0
Trps1,1756,2878,2434,3042,3397,2327,1942,1804,1598,1867
Trpt1,24,50,50,46,74,14,22,26,6,15
Trpv2,106,258,235,233,226,144,120,154,72,116
Trpv3,3,11,9,7,12,4,4,5,1,12
Trpv4,3,10,8,12,11,2,3,6,6,3
Trpv6,8,14,24,14,32,27,1,20,0,11
Trrap,258,762,487,716,721,282,313,260,162,242
Trub1,124,252,206,272,280,104,136,129,63,101
Trub2,289,592,508,491,579,385,405,364,207,314
Tsacc,119,234,185,209,222,149,133,171,92,118
Tsc1,417,842,738,873,920,576,385,442,236,363
Tsc2,77,265,217,223,285,138,124,95,59,121
Tsc22d1,602,1944,1845,2085,2253,941,856,655,496,969
Tsc22d2,191,505,424,502,470,265,246,178,154,221
Tsc22d3,201,491,430,508,695,288,329,222,183,475
Tsc22d4,383,1149,975,763,1180,366,561,443,251,415
Tsen15,64,235,232,229,270,75,84,78,37,72
Tsen2,191,394,254,356,382,171,168,175,113,161
Tsen34,124,435,410,372,431,139,156,190,87,158
Tsen54,42,199,142,187,205,45,93,70,32,82
Tsfm,135,417,351,375,453,207,202,218,119,161
Tsg101,160,513,541,517,568,229,227,215,121,173
Tsga10,196,427,368,471,461,314,288,212,173,242
Tsga13,0,5,6,9,8,0,0,6,0,0
Tshr,78,95,79,81,89,64,115,97,55,97
Tshz1,41,114,101,108,110,50,53,48,39,48
Tshz2,566,1966,3026,2199,3697,3185,698,2595,171,1524
Tshz3,78,292,433,338,476,303,138,254,47,155
Tsix,23,21,20,31,17,4,6,20,9,6
Tsks,15,25,10,15,20,8,8,21,6,10
Tsku,7,8,10,5,7,5,0,0,0,0
Tslp,3,11,5,5,14,5,7,4,8,1
Tsn,223,752,684,769,715,325,315,311,152,258
Tsnax,211,651,692,664,695,258,308,288,168,228
Tsnaxip1,43,73,81,71,84,51,61,53,38,45
Tspan11,0,0,0,0,0,0,0,3,0,0
Tspan12,80,289,200,233,254,106,114,92,59,112
Tspan13,604,2352,2199,2353,2113,721,705,589,378,565
Tspan14,57,203,167,153,176,67,58,45,28,51
Tspan15,65,306,275,217,256,37,79,50,43,78
Tspan17,164,687,553,508,652,294,226,271,160,250
Tspan18,90,279,243,263,272,163,157,67,96,147
Tspan2,56,159,155,89,153,53,73,35,34,40
Tspan2os,1,3,5,7,4,7,0,0,0,0
Tspan3,458,2381,2264,1941,2017,416,557,481,334,400
Tspan31,107,589,502,478,500,179,229,192,96,147
Tspan32,27,56,54,41,40,11,23,21,7,19
Tspan32os,6,12,10,13,9,5,4,8,4,7
Tspan33,72,299,197,265,305,104,151,103,51,100
Tspan4,44,243,125,148,174,65,76,60,76,127
Tspan5,1078,2500,2335,2676,2438,1836,1030,1139,730,1138
Tspan6,40,187,178,150,185,46,62,41,24,53
Tspan7,1129,5025,5239,4433,4403,1607,1564,1428,819,1113
Tspan8,0,0,0,0,0,0,0,8,0,0
Tspan9,153,487,388,426,507,271,174,150,69,182
Tspear,22,15,12,13,6,16,12,17,12,6
Tspo,28,159,109,103,191,72,68,57,73,99
Tspyl1,63,321,334,330,331,54,89,70,44,62
Tspyl2,346,1434,960,1318,1292,607,676,592,289,433
Tspyl3,5,30,40,30,33,6,16,11,1,4
Tspyl4,121,443,456,517,484,215,161,169,100,127
Tspyl5,21,76,74,70,64,24,37,22,14,14
Tsr1,30,85,90,92,78,36,31,25,23,24
Tsr2,62,194,188,179,197,65,66,78,39,58
Tsr3,173,745,573,649,679,332,429,301,148,360
Tssc1,256,685,607,664,689,352,320,342,187,217
Tssc4,216,904,688,756,843,400,438,357,245,369
Tssk3,5,0,0,0,0,4,5,8,6,2
Tssk6,0,6,7,3,3,0,0,0,0,0
Tst,68,480,339,273,468,93,88,119,63,133
Tsta3,125,476,362,413,426,224,233,248,121,198
Tstd1,29,96,45,45,67,15,30,23,16,24
Tstd2,121,246,232,262,257,146,129,134,83,99
Tstd3,42,116,118,106,141,54,52,44,22,38
Tsx,84,152,89,119,113,197,171,120,77,117
Ttbk1,81,221,135,167,170,173,155,105,72,100
Ttbk2,0,0,0,0,0,0,0,0,0,0
Ttc1,165,474,462,436,476,240,259,198,129,192
Ttc12,9,43,56,33,32,12,20,8,11,16
Ttc13,149,567,414,437,454,228,181,168,105,162
Ttc14,2655,5881,5046,5659,6097,4079,4083,4144,2060,3156
Ttc16,71,168,153,161,130,115,110,111,71,82
Ttc17,544,1107,875,1039,1058,644,603,600,369,463
Ttc19,923,2508,1504,1716,2562,1452,1339,1407,776,926
Ttc21a,34,48,76,27,30,17,38,14,19,24
Ttc21b,116,325,275,311,337,213,151,163,110,154
Ttc22,2,13,22,18,18,4,10,13,2,5
Ttc23,85,181,174,170,184,74,83,70,63,68
Ttc23l,11,12,5,11,8,6,3,9,3,9
Ttc24,0,4,13,9,4,0,0,0,0,0
Ttc25,27,53,56,48,39,29,35,30,18,17
Ttc26,205,319,262,310,346,174,195,149,126,166
Ttc27,138,229,206,276,293,144,134,116,64,100
Ttc28,202,400,367,343,402,209,206,154,130,200
Ttc29,32,24,66,32,26,5,13,8,13,15
Ttc3,1762,5230,4744,5295,5140,2859,2375,2036,1276,1858
Ttc30a1,5,19,30,21,27,6,13,7,1,10
Ttc30b,20,48,72,50,58,9,20,15,11,9
Ttc32,11,55,41,46,55,13,20,19,13,16
Ttc33,45,190,198,221,271,68,86,66,38,45
Ttc34,4,19,14,8,12,4,0,0,0,0
Ttc36,0,7,6,10,11,0,0,0,0,0
Ttc37,304,661,552,659,685,510,378,378,260,439
Ttc38,29,81,89,83,102,48,51,67,24,38
Ttc39a,24,57,52,39,56,15,28,39,7,17
Ttc39aos1,14,11,8,2,8,9,4,15,3,4
Ttc39b,109,263,238,272,263,149,132,152,70,86
Ttc39c,108,272,269,298,275,119,114,106,73,105
Ttc39d,32,37,53,29,42,22,23,31,11,10
Ttc4,276,1177,881,1179,1200,475,486,484,233,375
Ttc41,5,28,17,23,29,12,6,11,5,8
Ttc5,214,585,361,562,528,296,284,248,122,178
Ttc7,43,80,92,84,84,51,40,54,20,40
Ttc7b,327,767,657,851,886,544,307,317,203,317
Ttc8,705,1807,1466,1769,1897,1022,958,1042,470,808
Ttc9,68,138,116,118,160,64,46,87,23,43
Ttc9b,46,345,361,354,449,116,100,152,37,62
Ttc9c,281,643,537,525,624,420,367,408,249,305
Ttf1,106,172,166,184,160,89,119,80,44,72
Ttf2,4,24,11,9,23,3,5,6,1,5
Tti1,49,117,100,122,133,54,53,70,22,54
Tti2,44,102,90,96,114,48,42,35,29,44
Ttk,4,6,6,5,7,3,0,0,0,0
Ttl,168,372,334,339,361,120,123,130,66,102
Ttll1,40,127,120,120,125,37,45,47,16,20
Ttll10,14,18,19,8,16,5,15,4,3,11
Ttll11,477,1115,1054,1171,1170,806,632,587,412,586
Ttll12,26,93,88,47,79,34,32,28,16,21
Ttll13,12,14,22,22,26,7,14,17,9,12
Ttll2,0,8,2,1,8,0,0,0,0,0
Ttll3,111,178,163,147,127,113,130,90,60,108
Ttll4,159,421,351,440,376,233,273,192,146,221
Ttll5,279,730,627,724,752,518,422,353,215,358
Ttll6,24,27,45,25,13,9,17,13,10,15
Ttll7,291,848,991,1030,1007,689,546,467,329,366
Ttll8,51,115,145,112,134,57,86,66,31,62
Ttll9,42,479,410,668,615,191,130,79,43,100
Ttn,16,23,23,34,29,9,14,14,10,13
Ttpa,8,48,52,45,53,11,24,16,6,17
Ttpal,34,115,114,106,125,51,50,44,21,33
Ttr,14,220,531,380,110,12,48,86,46,112
Ttyh1,365,1696,1369,1344,1672,464,588,528,242,522
Ttyh2,91,261,196,160,208,58,110,67,55,109
Ttyh3,108,362,282,272,345,134,144,103,61,105
Tub,220,792,719,820,873,554,353,342,215,332
Tuba1a,518,3252,3511,2800,3488,669,1097,759,487,719
Tuba1b,265,1613,1858,1588,1795,438,506,444,235,462
Tuba1c,2,6,3,3,5,3,4,1,5,6
Tuba4a,149,1295,1501,1332,1405,182,255,215,104,161
Tuba8,2,40,30,39,31,8,6,6,4,6
Tubb2a,270,2038,2172,2219,2251,346,538,426,236,347
Tubb2b,114,922,673,678,879,185,217,173,94,188
Tubb3,0,0,0,0,0,0,0,0,0,0
Tubb4a,302,777,746,593,765,213,371,346,160,265
Tubb4b,204,1171,1371,1114,1340,261,499,336,195,316
Tubb5,162,1216,1298,1228,1347,220,320,246,163,276
Tubb6,2,29,9,12,20,7,4,7,2,10
Tubd1,73,143,81,133,146,113,98,73,55,75
Tube1,9,24,17,14,18,4,10,5,3,6
Tubg1,105,305,264,268,297,105,140,124,65,96
Tubg2,56,235,219,229,264,87,80,97,55,67
Tubgcp2,80,320,262,309,335,150,131,154,94,109
Tubgcp3,68,227,142,231,217,91,77,78,40,70
Tubgcp4,200,341,263,316,314,164,171,194,118,143
Tubgcp5,194,368,337,345,472,154,146,217,113,135
Tubgcp6,139,231,210,231,200,110,105,97,60,82
Tufm,26,74,54,81,83,26,26,32,23,36
Tuft1,25,52,45,40,52,28,23,24,12,14
Tulp3,491,1182,769,806,918,314,552,368,304,432
Tulp4,639,1341,1060,1201,1208,665,685,557,317,542
Tunar,7,15,17,14,20,4,2,6,3,6
Tusc1,2,12,8,17,11,4,3,5,3,4
Tusc2,71,344,312,294,341,64,95,96,36,66
Tusc3,354,1259,1217,1228,1225,466,388,466,263,341
Tusc5,0,13,10,8,16,0,2,3,3,3
Tut1,74,208,149,195,199,116,100,88,54,65
Tvp23a,88,186,161,212,172,136,102,107,46,74
Tvp23b,198,618,584,496,513,220,258,280,142,195
Tvp23bos,4,8,10,6,13,1,0,5,0,0
Twf1,35,157,138,169,155,30,56,40,22,39
Twf2,314,787,651,672,710,310,413,430,168,288
Twist1,0,10,7,5,8,0,0,0,0,0
Twist2,25,40,63,51,51,39,27,38,17,23
Twistnb,52,159,131,157,160,82,73,67,49,75
Twsg1,55,171,129,135,143,94,82,106,36,57
Txk,6,5,4,9,3,3,7,3,1,3
Txlna,112,294,228,358,332,157,145,112,73,123
Txlnb,30,82,70,74,73,69,55,53,26,68
Txlng,503,930,752,888,912,515,544,486,269,488
Txn1,118,439,498,490,546,151,163,152,92,156
Txn2,237,682,667,693,694,259,323,297,154,226
Txndc11,261,620,504,551,581,359,279,253,162,231
Txndc12,57,261,228,223,261,71,85,56,55,68
Txndc15,326,1237,1094,1035,1049,414,389,447,183,287
Txndc16,197,451,417,437,546,242,186,188,104,198
Txndc17,120,374,395,387,400,215,224,172,83,183
Txndc5,52,256,207,209,257,43,99,61,37,66
Txndc9,119,558,534,609,563,186,232,186,118,173
Txnip,29,97,140,118,128,39,57,39,28,75
Txnl1,72,374,380,373,516,124,116,121,60,104
Txnl4a,22,183,176,176,241,43,60,38,37,53
Txnl4b,13,58,26,35,47,16,17,12,8,12
Txnrd1,68,245,216,222,247,108,97,75,51,84
Txnrd2,68,252,221,211,236,91,121,113,65,92
Txnrd3,3,25,9,14,16,8,6,7,5,10
Tyk2,155,453,342,407,440,190,198,188,130,174
Tymp,26,39,25,41,27,27,41,29,21,16
Tyms,68,168,138,159,182,57,71,55,41,60
Tyr,4,9,3,5,6,0,0,9,0,0
Tyro3,39,280,250,264,258,132,76,85,24,84
Tyrobp,20,647,79,73,822,165,27,25,51,123
Tysnd1,15,117,100,98,107,32,33,20,13,28
Tyw1,322,840,644,713,664,356,340,394,234,272
Tyw3,22,86,98,90,100,30,34,54,16,28
Tyw5,112,395,311,405,463,164,185,167,90,136
U2af1,397,1038,826,833,1002,534,451,470,257,463
U2af1l4,0,0,0,0,0,0,0,0,0,0
U2af1l4.1,0,0,0,0,0,0,0,0,0,0
U2af2,94,488,383,431,536,132,170,126,77,160
U2surp,470,1603,1312,1837,1862,894,986,794,527,751
Uaca,13,37,31,32,23,20,22,17,14,37
Uap1,117,325,266,256,304,99,96,112,68,80
Uap1l1,43,169,92,99,161,33,51,59,22,59
Uba1,149,524,498,498,574,220,245,178,116,193
Uba2,362,634,532,629,643,248,326,293,144,224
Uba3,116,379,369,352,338,151,176,142,73,126
Uba5,79,318,268,319,325,125,107,118,69,124
Uba52,51,68,52,53,73,16,28,12,12,32
Uba6,158,362,311,316,404,211,175,141,116,162
Uba7,0,8,8,2,6,0,0,0,0,0
Ubac1,97,325,274,310,374,157,142,117,70,96
Ubac2,425,1071,871,1047,1046,562,489,409,291,399
Ubald1,67,383,374,453,436,128,132,119,69,112
Ubald2,131,365,397,412,411,56,177,182,89,142
Ubap1,134,356,272,278,363,136,165,172,102,139
Ubap1l,16,51,35,45,67,20,13,14,11,16
Ubap2,295,732,570,646,659,299,304,302,182,273
Ubap2l,544,1355,1010,1130,1336,685,697,696,448,622
Ubash3a,6,11,16,18,18,9,9,3,1,3
Ubash3b,364,628,479,527,642,283,280,231,210,271
Ubb,1188,12132,12809,12250,13720,2011,3239,2240,1452,2342
Ubc,390,2255,486,1295,1599,94,114,611,59,91
Ube2a,178,449,409,437,449,145,245,214,114,206
Ube2b,0,0,0,0,0,0,0,0,0,0
Ube2c,0,0,0,0,10,0,0,0,0,0
Ube2cbp,32,92,74,112,96,48,28,39,10,38
Ube2d1,225,526,576,556,577,334,356,274,187,252
Ube2d2a,471,1164,1124,1224,1314,455,616,493,286,433
Ube2d3,312,1063,976,1067,1142,494,422,407,218,468
Ube2e1,325,872,875,881,938,375,408,432,215,299
Ube2e2,2953,6213,5438,6778,7051,4052,3584,3234,2343,3123
Ube2e3,324,781,673,766,777,251,378,298,172,300
Ube2f,93,330,285,307,350,127,134,121,54,116
Ube2g1,758,1816,1827,1895,1859,1547,1118,1170,560,862
Ube2g2,27,200,178,187,232,52,60,40,37,52
Ube2h,675,1441,1107,1228,1402,619,865,650,405,659
Ube2i,270,606,512,557,626,226,250,318,137,189
Ube2j1,107,205,203,216,226,203,144,148,115,110
Ube2j2,314,876,669,992,745,432,395,405,192,404
Ube2k,1194,2560,1847,2179,2362,912,1351,1053,605,1119
Ube2l3,308,790,604,690,756,260,312,227,147,242
Ube2l6,10,50,23,27,42,16,7,16,15,16
Ube2m,34,183,190,161,231,70,59,55,27,46
Ube2n,167,413,394,371,478,190,171,164,118,160
Ube2o,148,477,388,464,460,243,191,205,87,156
Ube2q1,13,113,91,110,128,37,19,19,24,22
Ube2q2,135,322,311,299,352,240,169,195,133,163
Ube2ql1,33,171,190,185,184,70,53,51,25,36
Ube2r2,410,790,742,736,770,466,428,431,263,379
Ube2s,47,110,82,97,105,73,58,57,36,37
Ube2t,1,10,9,9,14,8,8,9,5,5
Ube2u,12,19,22,10,7,18,12,7,9,10
Ube2v2,186,441,405,399,553,278,250,239,139,214
Ube2w,624,1381,1230,1439,1498,928,870,714,465,701
Ube2z,73,157,132,125,169,89,64,58,50,40
Ube3a,4928,19596,16161,18067,18887,7077,7191,7550,3634,4627
Ube3b,137,288,220,288,309,189,140,136,88,128
Ube3c,603,1488,1204,1381,1483,903,703,662,388,657
Ube4a,396,842,704,754,814,566,506,555,386,412
Ube4b,472,1163,895,986,1089,552,533,518,269,449
Ube4bos1,715,1589,1256,1304,1326,1113,1148,1076,567,866
Ubfd1,51,144,131,143,162,56,62,59,32,50
Ubiad1,20,28,35,48,45,27,20,25,8,13
Ubl3,229,716,611,805,786,338,283,259,181,275
Ubl4a,48,241,179,193,257,74,73,81,32,53
Ubl5,160,803,1002,810,1060,176,184,163,77,115
Ubl7,75,261,281,247,303,101,88,91,54,83
Ublcp1,97,260,239,272,257,118,150,105,46,91
Ubn1,242,604,493,589,558,327,312,278,165,242
Ubn2,2245,3945,2867,3234,3977,3247,3488,3123,1729,2635
Ubox5,90,180,171,179,198,106,87,123,60,76
Ubp1,131,478,379,491,515,203,183,150,98,167
Ubqln1,107,358,371,351,359,157,171,109,79,127
Ubqln2,58,396,378,383,387,58,96,81,46,64
Ubqln4,46,152,124,142,170,56,47,54,19,56
Ubr1,294,800,604,725,727,331,393,347,236,325
Ubr2,238,566,415,619,497,275,356,236,146,242
Ubr3,639,1282,1075,1238,1387,704,580,587,367,617
Ubr4,111,384,295,328,390,215,185,170,94,165
Ubr5,527,1390,1178,1189,1403,1145,704,556,495,630
Ubr7,138,341,257,351,295,126,160,143,61,110
Ubtd1,47,124,116,110,123,67,56,44,38,50
Ubtd2,108,183,165,146,206,96,88,91,72,89
Ubtf,97,403,369,445,421,151,213,119,89,152
Ubxn1,123,453,406,421,445,170,182,195,121,162
Ubxn10,9,17,39,13,13,4,14,9,4,6
Ubxn11,297,755,611,463,699,482,555,397,291,394
Ubxn2a,126,271,248,237,251,144,158,134,66,105
Ubxn2b,221,552,451,512,548,207,169,208,93,138
Ubxn4,496,1246,973,1177,1242,719,648,560,383,525
Ubxn6,142,590,521,559,609,189,239,198,118,214
Ubxn7,323,446,390,386,436,318,339,306,178,266
Ubxn8,72,194,199,195,194,62,65,78,26,75
Uchl1,550,2979,2398,2491,2945,784,911,1037,487,742
Uchl1os,24,38,24,34,38,30,19,17,14,19
Uchl3,129,449,381,454,442,236,202,150,122,180
Uchl4,17,162,138,153,191,26,43,41,24,16
Uchl5,188,431,399,413,477,221,198,200,128,153
Uck1,47,250,203,252,254,64,98,79,31,94
Uck2,232,479,405,424,382,237,205,244,113,186
Uckl1,100,479,338,381,508,127,168,170,100,174
Uckl1os,69,87,66,61,72,16,67,66,26,43
Ucma,54,80,172,101,150,39,69,40,43,40
Ucn2,0,0,0,3,6,0,0,0,0,0
Ucp2,23,77,58,50,110,43,36,28,19,69
Ucp3,19,26,30,35,21,2,8,10,2,7
Uevld,219,361,323,333,359,259,235,206,149,158
Ufc1,139,490,453,520,517,183,191,197,89,174
Ufd1l,245,588,548,675,651,297,250,310,132,253
Ufl1,60,239,196,222,256,78,87,93,45,64
Ufm1,49,202,214,207,232,67,67,65,27,61
Ufsp1,8,48,72,47,61,17,18,17,9,13
Ufsp2,186,473,349,393,461,259,217,176,109,137
Ugcg,100,252,191,194,250,90,89,96,40,68
Ugdh,176,456,335,417,451,293,251,204,119,183
Uggt1,106,288,221,269,310,135,125,115,76,85
Uggt2,179,398,354,396,437,281,178,173,120,182
Ugp2,251,771,707,609,759,215,292,278,136,303
Ugt8a,58,184,209,136,194,54,101,62,45,60
Uhmk1,43,185,169,194,186,98,67,72,31,64
Uhrf1,4,3,8,8,4,1,7,4,1,6
Uhrf1bp1,45,111,89,125,115,50,61,36,35,51
Uhrf1bp1l,270,847,677,898,892,381,321,349,184,255
Uhrf2,529,1169,948,1043,1181,673,646,642,394,490
Uimc1,251,497,357,468,544,248,254,227,149,254
Ulbp1,6,10,5,6,10,7,6,4,5,7
Ulk1,72,168,130,156,238,124,97,112,59,72
Ulk2,910,1667,1257,1403,1760,769,871,874,520,753
Ulk3,61,230,174,210,242,70,87,77,29,80
Ulk4,359,995,1004,1117,1110,680,532,470,298,392
Umad1,0,0,0,0,0,0,0,0,0,0
Umad1.1,14,29,17,30,35,20,17,15,2,15
Umodl1,4,5,6,7,7,5,7,2,1,4
Umps,35,123,87,115,132,54,77,45,34,37
Unc119,26,211,141,137,201,30,58,57,31,40
Unc119b,142,222,206,197,187,106,124,146,75,90
Unc13a,515,1302,1112,1332,1180,731,646,565,377,541
Unc13b,259,719,603,701,781,408,358,346,197,312
Unc13c,159,265,302,303,316,207,179,187,84,137
Unc13d,12,15,14,16,16,2,8,7,1,10
Unc45a,279,626,542,610,560,289,296,288,122,221
Unc45b,11,32,14,35,30,9,10,3,10,16
Unc50,114,597,555,498,515,103,203,174,105,159
Unc5a,68,437,289,401,345,107,128,110,67,99
Unc5b,19,41,37,40,60,18,17,14,11,17
Unc5c,3094,6900,4863,6000,7433,3344,3107,2839,2298,3158
Unc5cl,31,82,100,115,84,29,30,21,19,28
Unc5d,1656,3774,3359,3578,4119,3092,1840,2169,1078,1707
Unc79,1541,4581,3633,4103,4364,2723,2274,2118,1413,1930
Unc80,785,2157,2116,2590,2846,1563,969,970,654,964
Unc93b1,30,117,51,36,92,24,21,25,18,38
Ung,4,24,20,18,25,4,7,12,2,8
Unk,174,412,326,358,394,156,157,219,98,192
Unkl,47,146,123,146,159,65,56,44,35,47
Uox,3,7,10,8,15,6,9,4,1,7
Upb1,0,7,3,3,3,1,0,0,0,0
Upf1,173,213,143,192,173,98,111,87,49,84
Upf2,621,904,2074,2197,1460,454,860,633,380,323
Upf3a,42,197,165,220,224,58,53,45,39,42
Upf3b,183,546,518,524,574,268,249,249,125,222
Upk1a,4,21,14,19,19,7,16,8,6,6
Upk1b,8,15,8,10,8,2,7,5,10,3
Upk3bl,0,0,0,0,0,0,0,2,2,1
Upp1,11,56,36,39,47,7,21,13,11,24
Upp2,793,1784,1399,1675,1983,1363,783,914,652,794
Uprt,47,140,96,98,119,45,66,65,27,46
Uqcc1,255,578,544,554,558,283,304,299,163,250
Uqcc2,98,855,949,822,1030,134,114,124,54,93
Uqcc3,67,295,290,285,330,86,83,86,57,79
Uqcr10,243,2116,2347,2208,2751,447,446,335,165,264
Uqcr11,193,2342,2536,2404,2997,343,308,271,142,179
Uqcrb,260,876,1097,1081,1155,336,383,309,166,217
Uqcrc1,553,1471,1111,1200,1462,426,636,598,294,534
Uqcrc2,175,669,721,719,774,265,276,252,147,221
Uqcrfs1,119,824,882,878,903,169,213,219,118,196
Uqcrh,284,1408,1705,1688,1902,375,384,312,172,264
Uqcrq,422,2316,2492,2517,2976,658,633,567,305,375
Urah,1,7,22,7,15,5,7,5,0,0
Urb1,52,147,116,136,129,58,55,60,35,47
Urb2,0,0,0,0,0,0,0,0,0,0
Urgcp,736,1363,1221,1191,1251,964,934,1013,615,764
Uri1,767,1392,961,1167,1460,536,779,806,444,734
Urm1,207,581,521,494,592,422,369,377,176,306
Urod,40,228,212,179,245,60,99,74,28,61
Uros,107,449,304,382,410,82,159,175,71,128
Usb1,20,59,55,67,65,20,27,18,11,20
Use1,177,705,601,592,700,228,291,267,148,253
Usf1,34,168,142,182,190,52,62,59,23,47
Usf2,132,629,493,518,583,268,279,228,123,253
Usf3,182,339,251,299,370,153,170,132,74,131
Ush1g,0,5,4,1,3,0,0,0,0,0
Ush2a,23,21,19,22,21,22,30,7,25,13
Ushbp1,39,82,73,70,83,66,86,54,69,110
Usmg5,178,469,379,402,433,181,202,182,88,160
Uso1,194,546,408,487,525,185,198,178,96,145
Usp1,115,252,197,231,290,89,137,130,53,101
Usp10,0,11,3,4,13,0,0,0,0,0
Usp11,161,470,337,421,466,148,130,144,69,115
Usp12,214,439,307,369,371,228,275,174,155,185
Usp13,236,473,416,468,474,345,310,341,158,272
Usp14,333,1074,981,1036,1077,492,431,464,240,363
Usp15,249,547,438,503,575,459,304,297,194,252
Usp16,159,440,427,435,486,231,179,209,103,163
Usp18,18,47,27,12,25,21,16,17,45,36
Usp19,155,633,478,568,709,156,239,185,120,211
Usp2,493,862,806,817,780,457,531,580,266,370
Usp20,402,1036,791,850,873,520,556,483,285,394
Usp21,118,327,264,264,285,181,170,195,95,132
Usp22,176,505,452,467,510,227,225,211,152,192
Usp24,160,437,314,376,435,234,175,156,105,188
Usp25,195,532,453,488,620,281,204,233,158,209
Usp26,6,16,14,6,10,6,3,3,3,5
Usp27x,1,13,9,18,16,5,8,5,3,2
Usp28,130,289,237,244,264,151,116,114,66,119
Usp29,704,1585,1501,1640,1535,1182,866,810,425,753
Usp3,266,680,479,551,609,297,307,338,150,231
Usp30,56,170,149,172,195,74,82,78,44,76
Usp31,161,403,334,385,448,262,214,186,147,181
Usp32,832,1934,1501,1731,1969,1082,1285,1083,604,1011
Usp33,326,929,801,957,1028,429,356,360,223,330
Usp34,1044,2477,1915,2258,2416,1505,1421,1297,800,1327
Usp35,19,84,57,61,82,37,25,29,14,27
Usp36,265,537,414,449,443,278,252,246,144,183
Usp37,515,1108,944,1054,1021,622,740,610,354,534
Usp38,61,164,139,129,127,79,77,61,53,68
Usp39,62,190,142,165,174,74,91,87,49,58
Usp4,254,673,523,662,638,275,315,251,119,231
Usp40,395,715,533,663,731,535,438,410,260,444
Usp42,26,94,87,85,81,41,26,45,14,28
Usp43,4,10,20,12,14,18,5,20,3,9
Usp45,422,1148,914,993,1035,553,490,553,254,374
Usp46,483,951,989,1007,946,762,665,736,389,495
Usp46os1,18,34,30,40,29,26,28,20,7,22
Usp47,253,651,554,630,752,408,271,284,200,296
Usp48,240,578,450,529,594,239,224,263,112,169
Usp49,6,46,34,35,41,21,10,11,9,17
Usp5,114,449,361,427,424,145,151,125,88,119
Usp50,287,1661,1589,1747,1743,377,547,414,206,300
Usp51,22,31,32,40,39,28,21,15,9,15
Usp53,271,791,499,542,669,305,283,311,177,457
Usp54,146,276,216,259,324,158,136,119,84,151
Usp6nl,43,78,86,86,103,40,37,35,23,47
Usp7,143,475,365,487,505,295,208,180,149,199
Usp8,150,375,251,357,408,174,166,158,101,143
Usp9x,487,1065,1003,1018,1057,730,582,556,417,583
Usp9y,8,28,27,36,40,19,16,12,7,8
Uspl1,32,105,103,90,92,34,34,23,21,40
Ust,503,949,798,997,1003,608,485,401,362,442
Utp11l,129,407,272,243,353,151,152,151,87,126
Utp14a,323,380,330,407,404,338,279,232,136,222
Utp14b,0,0,0,0,0,0,0,0,0,0
Utp15,36,100,61,71,69,57,32,40,24,39
Utp18,98,178,174,165,172,96,106,120,50,74
Utp20,106,338,256,317,339,155,158,119,76,139
Utp23,12,65,52,75,82,23,31,20,18,16
Utp3,46,192,212,265,235,80,96,84,54,81
Utp6,111,192,167,170,162,106,82,110,56,89
Utrn,248,630,525,526,752,404,342,303,202,410
Uts2b,0,0,0,0,0,0,6,3,1,2
Uty,470,1293,946,1161,1373,589,624,554,357,700
Uvrag,298,656,535,608,626,422,298,292,197,270
Uvssa,256,565,312,398,447,161,307,317,144,229
Uxs1,208,708,622,689,706,332,237,263,162,225
Uxt,17,43,47,36,53,19,28,12,18,13
Vac14,32,116,101,94,131,81,43,35,21,60
Vamp1,64,269,231,233,258,91,105,137,55,76
Vamp2,483,2439,2227,2119,2498,149,702,715,176,556
Vamp3,0,0,0,0,0,0,0,0,0,0
Vamp4,406,1193,1068,1209,1223,477,484,455,255,372
Vamp5,43,111,66,96,113,44,39,23,41,73
Vamp7,72,236,236,218,237,81,84,81,51,87
Vamp8,35,161,111,104,174,57,45,51,32,55
Vangl1,35,86,69,89,86,40,55,33,35,48
Vangl2,38,144,136,126,133,60,37,61,38,35
Vapa,203,959,1025,918,1021,285,334,249,166,258
Vapb,122,403,354,367,442,178,155,148,72,149
Vars,52,295,237,210,267,80,91,76,40,90
Vars2,11,95,59,85,76,31,31,30,25,34
Vash1,313,493,459,477,408,281,268,271,168,228
Vash2,0,4,9,6,8,0,5,4,3,5
Vasn,0,0,0,0,0,0,0,0,0,0
Vasp,40,238,151,160,249,81,70,60,56,96
Vat1,26,108,67,65,117,38,39,36,29,45
Vat1l,28,93,104,80,94,75,43,41,3,36
Vav1,6,19,8,7,21,12,6,2,9,11
Vav2,16,69,41,39,59,25,25,19,9,23
Vav3,281,546,422,459,510,269,267,189,229,250
Vax2,1,18,13,2,9,8,7,2,3,1
Vax2os,0,9,8,7,10,0,0,0,0,0
Vbp1,157,522,547,553,610,131,185,193,75,176
Vcam1,60,291,248,274,222,56,58,34,34,75
Vcan,65,206,156,164,215,60,99,52,43,73
Vcl,371,775,621,684,755,349,454,345,197,396
Vcp,322,495,630,525,556,224,405,349,225,264
Vcpip1,129,394,371,373,393,145,161,155,91,146
Vcpkmt,25,108,81,91,120,45,40,43,16,34
Vdac1,270,1320,1376,1318,1401,277,364,345,177,272
Vdac2,244,1019,1106,1052,1087,292,349,330,206,274
Vdac3,175,679,647,592,678,203,281,196,108,163
Vdac3-ps1,3,200,198,187,202,16,15,12,5,6
Vdr,0,5,2,4,4,0,0,0,0,0
Vegfa,19,80,91,99,137,16,16,32,9,13
Vegfb,118,286,257,249,328,237,140,151,71,103
Vegfc,27,47,64,50,52,42,27,30,16,26
Veph1,10,21,12,14,27,15,14,7,3,11
Vezf1,36,152,124,118,118,60,62,46,31,39
Vezt,319,822,695,766,831,448,346,349,228,320
Vgf,88,751,781,691,421,120,199,184,58,114
Vgll2,0,6,5,0,2,0,1,1,1,1
Vgll3,1,21,17,15,18,9,6,1,2,9
Vgll4,463,792,825,858,925,512,514,472,286,410
Vhl,50,152,137,150,166,73,68,70,40,62
Vil1,3,11,7,7,10,8,0,7,0,0
Vim,93,882,326,264,762,192,202,99,204,480
Vimp,139,1020,1026,934,923,186,262,237,130,174
Vip,19,211,201,209,218,23,23,36,7,17
Vipas39,306,616,481,582,570,245,311,319,187,233
Vipr1,146,226,272,302,198,156,177,201,64,108
Vipr2,3,10,13,3,12,6,4,2,2,5
Vit,29,65,62,48,70,22,28,19,20,15
Vkorc1,0,27,27,23,41,0,0,0,0,0
Vkorc1l1,168,300,269,281,342,205,197,177,126,164
Vldlr,66,234,227,242,225,138,69,96,74,84
Vma21,79,289,286,336,280,79,106,92,54,81
Vma21-ps,0,3,4,9,7,0,0,0,0,0
Vmac,41,125,97,84,113,44,28,94,32,35
Vmn1r139,0,0,0,0,0,0,0,0,0,0
Vmn1r4,0,8,11,8,5,0,5,4,0,0
Vmn2r1,4,28,12,16,26,27,7,8,18,14
Vmn2r101,2,0,0,0,0,0,0,0,0,0
Vmn2r113,2,0,0,9,0,5,11,4,7,3
Vmn2r118,0,0,0,0,0,0,0,0,0,0
Vmn2r13,0,10,5,3,7,0,0,0,0,0
Vmn2r15,2,0,0,0,0,0,0,0,0,0
Vmn2r17,0,0,0,0,0,0,0,0,0,0
Vmn2r2,0,0,0,0,0,3,2,3,1,5
Vmn2r29,4,9,0,5,8,3,1,3,1,9
Vmn2r30,30,35,37,36,22,43,31,23,14,21
Vmn2r35,0,5,9,11,12,0,0,0,0,0
Vmn2r36,0,0,0,0,0,0,0,0,0,0
Vmn2r38,1,4,9,5,10,5,0,0,0,0
Vmn2r46,0,0,0,0,0,0,0,0,0,0
Vmn2r53,0,0,0,4,3,2,0,0,0,0
Vmn2r55,4,6,6,9,7,11,3,2,1,6
Vmn2r56,14,66,48,42,41,27,47,38,25,23
Vmn2r59,2,6,12,8,8,0,3,0,1,3
Vmn2r61,4,0,0,0,0,6,1,1,2,2
Vmn2r7,9,16,17,19,10,7,14,5,4,14
Vmn2r73,0,0,0,0,0,0,0,0,0,0
Vmn2r75,0,0,0,0,0,0,0,0,0,0
Vmn2r84,2,15,14,13,22,4,8,2,1,4
Vmn2r85,87,337,193,221,295,171,103,164,107,118
Vmn2r87,69,129,105,116,126,87,57,78,55,40
Vmn2r91,4,8,5,6,13,2,5,5,4,5
Vmn2r95,0,0,0,0,0,0,0,0,0,0
Vmp1,1382,3855,3697,3613,3762,1915,2018,1981,1157,1705
Vnn3,9,13,3,8,14,3,5,6,3,11
Vopp1,90,316,345,282,381,206,124,178,58,106
Vprbp,425,715,562,648,675,423,404,425,204,363
Vpreb1,2,5,7,9,10,4,4,4,4,1
Vps11,134,394,293,373,360,156,159,173,71,104
Vps13a,871,2146,1773,2159,2425,1373,1092,892,692,1089
Vps13b,1032,2044,1739,2141,2334,1373,1144,1015,812,1019
Vps13c,296,654,551,726,774,420,298,304,261,314
Vps13d,513,1265,948,1145,1205,764,588,549,350,567
Vps16,240,594,442,518,579,279,304,301,176,329
Vps18,49,129,95,138,117,45,28,34,18,34
Vps25,0,11,1,2,4,0,0,0,0,0
Vps26a,78,226,208,261,275,96,104,100,62,89
Vps26b,177,331,262,282,318,110,169,142,81,139
Vps29,301,1016,977,955,999,305,306,300,182,257
Vps33a,156,297,201,241,328,131,135,133,64,109
Vps33b,79,329,222,234,264,127,125,124,47,99
Vps35,154,581,486,487,496,174,232,178,119,182
Vps36,187,442,362,349,394,213,253,208,123,162
Vps37a,104,304,283,327,354,162,133,125,50,104
Vps37b,120,327,288,310,250,161,204,158,94,129
Vps37c,37,139,103,124,153,46,44,26,19,39
Vps37d,83,232,178,165,215,257,154,179,83,94
Vps39,117,226,227,253,277,192,145,123,113,148
Vps41,493,1451,1268,1370,1394,659,674,616,329,520
Vps45,99,316,302,320,332,165,126,142,54,102
Vps4a,53,250,265,259,276,78,76,89,51,73
Vps4b,74,217,202,176,219,152,113,93,57,76
Vps50,583,1219,1020,1171,1142,780,596,914,432,564
Vps51,78,159,107,130,148,50,51,67,32,41
Vps52,171,809,535,605,811,136,287,271,124,185
Vps53,162,417,390,441,454,194,200,195,139,187
Vps54,288,714,553,640,748,412,355,314,214,337
Vps72,224,538,467,493,464,329,310,328,183,269
Vps8,316,601,514,591,637,441,315,329,211,283
Vps9d1,328,932,721,902,883,511,488,475,262,433
Vrk1,141,332,259,299,344,160,151,139,95,155
Vrk2,56,106,118,120,114,63,50,68,24,38
Vrk3,53,165,155,132,198,61,91,79,32,76
Vsig10,35,36,42,48,31,21,25,28,8,23
Vsig10l,0,6,3,8,7,0,4,2,3,2
Vsig2,2,8,13,8,9,10,4,3,4,8
Vsig8,8,15,16,27,20,11,12,19,7,4
Vsir,7,84,37,27,73,21,12,9,9,28
Vsnl1,738,2284,2772,2564,2928,1117,795,1176,444,623
Vstm2a,234,602,555,626,563,257,277,217,165,191
Vstm2b,76,406,300,383,463,77,154,109,54,106
Vstm2l,37,129,121,155,149,77,35,54,21,31
Vstm4,24,40,45,65,67,12,20,13,12,18
Vstm5,122,211,201,200,226,120,94,148,64,74
Vta1,163,462,439,446,518,211,191,202,119,177
Vtcn1,6,15,10,12,23,6,0,0,0,0
Vti1a,572,1336,1216,1327,1469,894,622,586,411,589
Vti1b,776,2072,1929,2114,2190,1586,1214,1415,779,814
Vtn,199,535,463,611,578,197,328,275,165,271
Vwa1,110,375,251,253,321,162,185,132,121,291
Vwa3a,178,248,305,244,261,156,202,177,197,173
Vwa3b,50,110,79,102,77,70,32,32,46,43
Vwa5a,10,55,28,35,50,18,18,9,12,17
Vwa5b1,16,39,45,35,31,16,9,23,13,12
Vwa5b2,184,480,491,440,614,374,245,426,130,259
Vwa7,0,0,0,0,0,1,0,0,0,0
Vwa8,506,960,796,936,1004,557,440,454,319,396
Vwa9,113,269,229,252,280,129,147,124,68,112
Vwc2,50,119,118,119,177,78,54,63,20,40
Vwc2l,121,332,416,319,701,533,99,356,21,254
Vwce,9,25,12,17,15,5,6,10,5,9
Vwde,0,0,0,0,0,0,0,0,0,0
Vwf,7,40,43,42,21,24,11,10,11,49
WDR97,3,22,27,25,26,5,16,11,8,7
WI1-2587D24.1,0,0,0,0,0,0,6,4,0,0
Wac,571,1516,1325,1370,1596,932,919,800,569,872
Wapl,671,985,757,882,1033,522,643,606,396,593
Wars,173,460,461,452,455,303,356,347,190,231
Wars2,135,299,223,285,294,103,112,136,77,126
Was,5,10,4,5,10,9,3,5,3,1
Wasf1,679,1670,1380,1739,1656,882,669,636,476,571
Wasf2,281,389,277,357,388,278,265,210,172,321
Wasf3,420,781,678,809,764,458,483,418,250,361
Wash1,80,460,329,349,434,140,162,202,80,130
Wasl,287,707,639,678,602,445,357,391,237,328
Wbp1,118,470,414,477,497,192,225,245,124,232
Wbp11,493,545,1418,2255,2023,408,625,750,116,518
Wbp1l,127,316,233,260,294,154,151,129,66,123
Wbp2,304,1156,1124,1154,1236,574,578,567,317,445
Wbp4,115,467,413,447,491,201,193,139,116,156
Wbp5,126,790,796,825,880,287,262,312,128,251
Wbscr16,101,251,215,232,223,128,124,109,57,84
Wbscr17,2963,5119,4053,5209,5367,3011,2656,2272,2133,2432
Wbscr22,136,578,431,600,589,282,257,217,104,198
Wbscr25,12,13,10,21,11,8,9,11,8,6
Wbscr27,55,133,77,75,99,65,47,62,34,39
Wdfy1,153,443,330,392,393,198,218,199,108,173
Wdfy2,168,387,306,319,315,214,150,144,83,128
Wdfy3,392,1007,792,940,1131,759,453,440,339,449
Wdfy4,3,22,13,7,15,17,12,16,5,12
Wdhd1,55,88,122,88,69,36,39,41,41,35
Wdpcp,198,371,395,409,456,247,208,213,157,203
Wdr1,60,349,250,286,374,93,84,104,63,106
Wdr11,63,138,135,132,165,66,48,49,33,37
Wdr12,249,527,482,505,487,338,343,323,204,241
Wdr13,180,604,506,585,612,290,283,264,154,255
Wdr17,1420,3176,2757,2943,2746,1212,2557,1609,801,1963
Wdr18,215,750,577,648,726,348,325,306,169,281
Wdr19,73,211,161,165,202,112,88,100,50,90
Wdr20,284,395,334,434,445,407,324,282,207,197
Wdr24,0,0,0,0,0,0,0,0,0,0
Wdr25,50,107,69,106,125,63,58,59,24,51
Wdr26,295,759,716,732,880,371,304,278,178,226
Wdr27,14,20,22,22,33,18,10,16,8,9
Wdr3,45,120,97,118,130,33,56,46,33,42
Wdr31,36,87,97,95,88,46,39,52,26,29
Wdr33,887,2110,1813,2049,2168,1057,973,991,558,845
Wdr34,245,549,477,546,566,297,297,287,132,236
Wdr35,110,291,246,266,293,137,107,115,64,75
Wdr36,64,109,111,134,129,99,59,62,37,60
Wdr37,242,591,533,610,611,344,254,269,182,242
Wdr38,20,26,32,31,42,17,32,22,14,21
Wdr4,57,159,110,172,163,111,89,91,58,70
Wdr41,159,349,300,349,335,180,155,150,85,125
Wdr43,152,520,388,490,481,230,236,149,129,176
Wdr44,103,221,216,195,256,177,127,124,84,125
Wdr45,3,7,12,11,7,0,0,0,0,0
Wdr45b,264,512,411,471,414,222,255,255,113,191
Wdr46,20,125,112,76,110,35,27,39,20,39
Wdr47,514,1423,1408,1321,1350,785,849,822,446,602
Wdr48,56,191,179,196,215,103,75,105,53,81
Wdr49,66,135,174,99,94,39,77,51,55,59
Wdr5,99,255,209,235,249,112,138,121,53,105
Wdr53,67,192,155,160,213,64,89,91,59,96
Wdr54,24,141,106,115,138,21,37,41,22,27
Wdr55,32,117,94,107,100,56,39,57,28,53
Wdr59,87,190,121,178,204,129,61,60,56,54
Wdr5b,5,36,27,32,34,9,8,9,7,9
Wdr6,66,326,271,269,299,83,100,116,52,57
Wdr60,146,419,399,454,502,249,236,192,161,211
Wdr61,125,417,386,410,474,173,144,170,103,150
Wdr62,10,21,11,19,19,6,11,7,3,8
Wdr63,37,58,55,38,23,12,31,25,21,41
Wdr64,6,6,4,6,0,3,4,0,4,3
Wdr66,52,125,139,104,106,71,62,43,34,53
Wdr7,410,1113,922,1075,1200,631,493,420,283,476
Wdr70,295,738,722,800,834,410,375,357,198,300
Wdr72,8,39,42,61,55,18,14,8,11,11
Wdr73,280,621,542,689,614,354,324,347,170,271
Wdr74,66,282,198,228,251,89,110,89,55,88
Wdr75,75,188,133,181,167,107,77,71,52,62
Wdr76,100,153,165,181,196,110,94,92,57,77
Wdr77,78,271,251,245,242,82,98,98,59,94
Wdr78,85,227,235,246,197,135,139,114,63,81
Wdr81,16,77,54,57,79,19,13,18,13,17
Wdr82,77,181,159,179,216,80,72,74,38,63
Wdr83,333,776,607,656,717,274,418,478,222,381
Wdr83os,80,435,494,469,490,121,167,139,86,110
Wdr86,3,12,10,5,5,5,0,0,0,0
Wdr89,542,1746,2074,2061,2251,703,631,532,328,454
Wdr90,30,116,92,113,118,43,46,51,29,49
Wdr91,119,210,211,168,190,62,112,107,63,90
Wdr92,76,156,163,171,162,87,104,79,53,77
Wdr93,25,41,33,34,44,7,33,24,16,25
Wdr95,23,53,50,50,39,24,17,36,14,23
Wdsub1,78,142,105,103,134,67,76,71,60,65
Wdtc1,86,291,241,213,273,118,123,74,75,85
Wdyhv1,178,323,317,316,381,222,211,259,133,176
Wee1,89,164,150,155,182,130,115,124,60,79
Wfdc1,37,58,54,66,79,50,55,45,46,86
Wfdc17,2,60,19,23,66,14,2,1,5,17
Wfdc18,0,6,15,19,11,0,0,0,0,0
Wfdc3,2,7,14,12,15,13,5,6,6,5
Wfdc8,33,33,14,21,23,18,69,27,17,29
Wfs1,44,230,205,283,273,61,36,74,19,41
Whamm,171,481,301,326,694,277,247,353,171,211
Whrn,35,94,116,72,156,111,42,60,21,53
Whsc1,209,584,467,519,559,356,243,229,139,210
Whsc1l1,911,1666,1297,1697,1743,1082,1047,882,569,836
Wif1,0,10,6,5,7,0,0,0,0,0
Wipf1,61,163,126,106,157,69,74,51,47,83
Wipf2,377,784,658,797,853,534,424,334,230,325
Wipf3,2071,3758,2613,3136,3157,1290,1392,1538,970,1320
Wipi1,71,149,125,126,134,65,62,69,50,53
Wipi2,187,440,395,453,413,228,219,193,92,155
Wisp1,4,8,13,12,14,10,2,7,3,4
Wisp3,0,5,4,0,2,0,0,0,0,0
Wiz,67,192,156,170,227,131,63,79,38,51
Wls,229,467,486,473,442,252,398,315,222,276
Wnk1,529,1568,1115,1251,1373,709,759,580,406,698
Wnk2,579,1249,1133,1312,1430,1300,803,874,455,611
Wnk3,99,214,209,223,238,158,142,108,66,105
Wnk4,4,20,28,43,28,8,26,12,5,8
Wnt1,5,8,10,25,7,3,5,4,4,3
Wnt10a,2,21,30,24,14,7,3,9,6,1
Wnt16,5,6,7,10,9,4,10,5,5,1
Wnt2,14,54,45,41,41,25,15,15,8,9
Wnt2b,20,30,15,29,37,8,21,16,16,20
Wnt3,0,0,0,3,9,3,5,1,3,1
Wnt3a,6,9,4,11,8,6,4,6,2,12
Wnt4,26,62,70,79,80,109,44,47,14,25
Wnt5a,10,28,25,43,50,9,12,17,5,10
Wnt5b,73,182,179,185,248,126,124,91,41,79
Wnt6,0,0,0,12,6,0,0,0,0,0
Wnt7a,8,62,41,46,50,5,22,8,8,11
Wnt7b,44,134,110,107,120,47,48,28,24,30
Wnt8b,0,7,13,7,1,0,4,2,1,6
Wnt9a,12,23,26,31,28,26,14,26,17,7
Wrap53,35,128,82,126,117,71,77,55,34,55
Wrap73,135,462,352,448,474,203,224,236,125,187
Wrb,64,275,309,328,289,104,100,108,46,83
Wrn,153,252,232,259,252,174,142,162,104,143
Wrnip1,59,183,170,189,207,48,72,81,32,61
Wsb1,186,1154,842,1119,1369,197,202,249,77,231
Wsb2,100,315,240,265,370,189,97,115,79,84
Wscd1,78,392,349,332,342,71,85,66,34,80
Wscd2,652,1263,1192,1368,1096,767,764,661,449,500
Wt1os,5,0,0,0,0,6,0,0,0,0
Wtap,86,354,250,334,380,135,153,96,74,143
Wtip,13,61,54,57,57,59,32,36,23,31
Wwc1,253,701,630,632,582,426,322,217,159,300
Wwc2,323,590,410,434,498,293,285,276,157,252
Wwox,936,2036,1747,1706,2054,1106,1017,1091,567,975
Wwp1,252,517,489,511,616,437,355,363,221,341
Wwp2,271,395,350,351,434,271,226,213,139,180
Wwtr1,119,242,253,201,257,74,112,91,79,146
Xab2,27,193,128,153,206,29,51,46,23,57
Xaf1,16,85,53,47,69,36,44,26,24,48
Xbp1,78,569,549,610,787,179,221,136,84,185
Xdh,19,44,37,38,78,66,40,41,54,95
Xiap,404,741,604,635,734,401,431,411,231,363
Xirp2,2,0,0,0,0,6,0,7,0,0
Xist,35,36,30,49,42,39,38,25,11,26
Xk,17,50,49,50,50,25,19,18,11,13
Xkr4,3343,7335,6078,7186,7780,5124,3559,3806,2428,3569
Xkr6,365,700,680,711,825,724,355,384,233,375
Xkr7,4,8,10,9,12,20,8,6,1,5
Xkr8,4,28,17,17,24,6,7,9,1,6
Xlr,7,22,7,12,14,8,9,7,4,10
Xlr3b,15,31,9,0,12,0,11,24,12,2
Xlr4b,4,0,0,0,4,0,0,0,0,0
Xlr5a,637,1003,1064,1255,1232,791,521,460,440,471
Xndc1,0,3,5,5,6,0,0,0,0,0
Xpa,120,276,275,341,295,108,159,146,89,103
Xpc,58,212,171,188,194,91,86,63,47,66
Xpnpep1,173,490,397,483,509,259,222,226,130,188
Xpnpep2,0,5,3,3,5,0,3,6,2,5
Xpnpep3,213,396,367,364,413,199,271,225,115,175
Xpo1,232,641,523,590,621,358,431,334,239,374
Xpo4,145,302,243,243,301,143,189,165,114,150
Xpo5,39,92,113,123,127,58,35,59,17,37
Xpo6,275,658,463,551,586,267,265,248,148,278
Xpo7,776,1610,1298,1445,1546,843,1080,883,481,896
Xpot,101,267,196,246,276,112,97,93,55,87
Xpr1,542,1112,850,986,1051,654,644,542,381,623
Xrcc1,86,266,183,212,248,133,131,128,87,132
Xrcc2,7,13,17,21,22,6,6,3,6,7
Xrcc3,11,48,46,25,32,16,24,14,8,20
Xrcc4,222,678,559,647,725,360,283,259,201,294
Xrcc5,125,262,188,246,318,152,108,133,108,129
Xrcc6,317,631,491,553,552,269,394,392,214,278
Xrcc6bp1,41,112,85,102,111,46,43,43,19,28
Xrn1,444,838,732,864,920,512,428,406,259,410
Xrn2,287,641,479,587,654,299,391,293,188,275
Xrra1,23,84,40,46,72,17,18,20,10,13
Xxylt1,20,23,24,22,38,18,22,16,12,12
Xylb,21,31,27,37,52,19,14,10,4,15
Xylt1,586,1295,1213,1323,1436,1468,659,679,390,549
Xylt2,34,181,143,144,145,37,48,50,21,47
Yae1d1,62,199,186,189,188,49,74,77,22,52
Yaf2,155,560,510,541,599,228,201,180,114,164
Yap1,45,116,95,134,145,45,61,35,16,45
Yars,151,570,442,467,588,310,257,226,113,216
Yars2,32,99,88,79,90,41,35,24,14,21
Ybey,35,82,99,121,144,59,48,64,27,31
Ybx1,192,926,749,628,858,342,348,209,180,290
Ybx2,16,67,49,55,59,28,30,30,16,29
Ybx3,34,123,119,124,144,105,49,59,47,35
Ydjc,141,336,331,343,375,315,260,258,123,229
Yeats2,327,730,580,736,753,364,344,300,204,309
Yeats4,43,156,166,180,196,46,75,48,32,56
Yes1,172,290,249,246,301,98,160,164,104,166
Yif1a,44,158,148,97,172,37,58,46,28,39
Yif1b,69,319,313,265,337,67,79,90,36,62
Yipf1,311,637,554,669,622,303,331,322,194,235
Yipf2,80,360,296,303,330,152,145,196,100,144
Yipf3,130,559,551,531,525,125,162,166,74,159
Yipf4,230,738,722,732,702,171,284,273,123,251
Yipf5,353,1020,936,1082,1043,761,641,657,386,481
Yipf6,82,160,138,149,183,94,96,68,58,75
Yjefn3,199,577,436,465,574,217,259,224,112,196
Ykt6,63,196,158,192,229,65,78,71,44,74
Ylpm1,556,1264,1063,1365,1432,584,529,547,320,524
Yme1l1,366,647,478,591,663,359,388,374,193,330
Yod1,59,256,193,188,251,63,94,66,47,76
Ypel1,173,248,249,292,315,155,181,182,86,131
Ypel2,304,577,519,580,614,367,356,291,181,264
Ypel3,720,3710,3461,3600,3921,1169,1597,1287,692,1265
Ypel4,257,943,679,768,882,337,332,474,191,259
Ypel5,54,186,168,187,229,70,64,73,41,66
Yrdc,81,342,322,296,326,106,115,111,63,112
Ythdc1,112,285,249,300,342,157,119,141,71,145
Ythdc2,184,463,402,478,504,290,251,234,179,223
Ythdf1,154,293,254,291,314,125,182,220,82,131
Ythdf2,158,315,278,329,352,213,180,170,111,185
Ythdf3,177,512,390,480,616,337,220,216,188,265
Ywhab,184,895,894,927,952,274,311,251,147,199
Ywhae,814,3247,3288,3263,3457,810,1071,876,520,774
Ywhag,356,1181,1280,1264,1239,496,517,482,280,345
Ywhah,442,3049,3394,3337,3550,551,721,570,333,455
Ywhaq,351,1326,1514,1428,1551,412,500,410,249,377
Ywhaz,205,718,742,758,892,280,290,257,151,207
Yy1,57,118,136,130,175,113,78,66,53,59
Zadh2,62,164,141,146,133,66,87,83,41,63
Zak,53,87,86,101,97,55,57,49,45,51
Zan,4,10,11,7,15,12,10,11,2,5
Zap70,28,61,42,67,60,31,42,23,17,21
Zar1l,0,0,0,0,0,11,0,21,0,0
Zbbx,29,74,76,68,65,47,55,49,24,51
Zbed3,23,51,41,41,43,32,23,35,14,19
Zbed4,143,194,151,175,228,77,126,96,65,102
Zbed5,30,39,44,38,44,14,20,16,10,11
Zbtb1,83,182,110,166,134,49,70,67,28,46
Zbtb10,13,31,40,24,27,18,15,16,13,16
Zbtb11,500,925,690,796,898,471,523,544,287,412
Zbtb11os1,18,55,72,42,48,14,35,19,10,16
Zbtb12,23,38,28,34,42,40,26,23,17,21
Zbtb14,11,57,47,40,58,19,17,14,6,13
Zbtb16,944,1761,1348,1736,1795,1314,891,804,465,904
Zbtb17,207,497,539,552,577,447,350,403,231,228
Zbtb18,49,276,270,350,352,91,103,80,56,69
Zbtb2,70,170,117,151,165,121,92,87,64,79
Zbtb20,7451,18491,16208,20007,19351,8107,8134,5919,6531,7688
Zbtb21,112,277,258,237,284,77,108,107,46,66
Zbtb22,0,0,0,0,0,0,0,0,0,0
Zbtb24,89,216,184,212,202,152,153,165,107,142
Zbtb25,163,183,148,135,226,80,85,130,51,84
Zbtb26,0,0,0,0,0,0,0,0,0,0
Zbtb3,2,18,17,13,24,3,3,4,2,3
Zbtb33,4,17,16,22,26,12,6,6,2,15
Zbtb34,69,82,66,74,80,49,46,51,23,37
Zbtb37,65,115,97,116,131,67,45,63,35,43
Zbtb38,508,1130,923,1086,1223,784,697,769,394,570
Zbtb39,7,15,17,19,23,8,7,7,5,6
Zbtb4,63,210,193,204,206,78,62,55,26,58
Zbtb40,86,208,151,200,255,86,148,78,56,131
Zbtb41,20,88,67,64,80,49,36,43,27,40
Zbtb43,56,81,83,93,83,60,49,61,29,52
Zbtb44,252,311,248,257,286,167,237,229,118,168
Zbtb45,19,96,103,105,138,23,30,22,17,42
Zbtb46,50,137,137,132,112,86,61,53,31,64
Zbtb48,51,252,181,198,186,104,127,113,42,82
Zbtb49,39,86,79,94,90,37,32,45,19,33
Zbtb5,34,73,59,78,65,36,34,37,21,23
Zbtb6,13,31,34,44,39,17,23,11,10,15
Zbtb7a,316,630,707,638,678,473,341,377,200,263
Zbtb7b,16,34,42,32,41,11,8,9,7,13
Zbtb7c,66,146,127,149,171,67,60,51,32,49
Zbtb8a,38,55,65,58,66,27,40,48,25,43
Zbtb8b,10,24,18,17,21,15,17,6,5,4
Zbtb8os,45,127,116,109,132,54,56,48,37,60
Zc2hc1a,167,522,449,473,514,245,168,228,128,184
Zc2hc1c,3,11,13,7,14,4,6,0,0,0
Zc3h10,13,45,44,49,55,13,18,14,9,8
Zc3h11a,6,16,14,16,16,10,7,7,1,10
Zc3h12a,3,12,6,6,11,7,6,7,3,8
Zc3h12b,562,1020,840,1094,1088,700,698,611,435,532
Zc3h12c,154,240,200,241,249,129,144,158,94,122
Zc3h13,257,576,444,583,598,446,312,248,193,320
Zc3h14,218,470,428,463,494,269,271,238,165,208
Zc3h15,575,1216,1032,1197,1199,490,587,544,374,485
Zc3h18,0,0,0,0,0,0,0,0,0,0
Zc3h3,102,342,233,314,293,140,152,132,52,126
Zc3h4,73,152,119,138,166,84,94,94,55,69
Zc3h6,258,318,346,381,438,307,279,361,227,165
Zc3h7a,473,947,714,908,831,397,497,418,212,352
Zc3h7b,198,419,345,361,379,167,157,187,76,138
Zc3h8,38,155,117,161,169,70,79,77,31,50
Zc3hav1,53,127,76,95,127,76,48,55,52,84
Zc3hav1l,15,24,19,22,30,4,15,16,3,10
Zc3hc1,122,207,165,175,196,64,94,95,54,82
Zc4h2,56,115,147,135,149,73,70,61,42,60
Zcchc10,48,135,144,151,163,58,60,51,27,45
Zcchc11,486,1225,1104,1201,1424,761,688,777,416,685
Zcchc12,23,136,142,153,142,25,34,18,9,22
Zcchc14,217,517,472,583,544,326,249,244,142,249
Zcchc16,1067,2475,1997,2348,2497,1874,1468,1414,1083,1257
Zcchc17,151,523,575,522,623,214,178,174,132,163
Zcchc18,555,2700,2451,3361,3169,1194,1154,926,421,953
Zcchc2,30,83,55,76,79,43,43,27,17,44
Zcchc24,47,143,134,132,180,40,58,36,25,54
Zcchc3,61,176,175,174,141,66,83,88,34,56
Zcchc4,158,285,205,253,277,162,133,129,81,123
Zcchc6,171,465,377,454,452,264,184,188,103,190
Zcchc7,999,2015,1942,2460,2630,1740,1174,1117,764,1031
Zcchc8,106,308,206,249,290,140,138,103,71,119
Zcchc9,162,595,632,708,649,355,277,257,148,181
Zcrb1,124,489,528,491,576,226,214,182,94,166
Zcwpw1,14,54,33,44,41,14,28,22,8,20
Zdbf2,69,138,139,138,142,107,92,77,28,61
Zdhhc1,327,790,655,709,667,355,331,363,158,285
Zdhhc12,33,192,156,137,165,47,60,46,37,50
Zdhhc13,303,759,700,720,734,465,490,462,252,369
Zdhhc14,450,1148,950,1174,1263,895,611,477,370,532
Zdhhc15,69,115,96,123,157,58,58,84,48,68
Zdhhc16,97,515,391,457,455,155,162,156,75,151
Zdhhc17,319,837,743,779,877,577,439,449,276,334
Zdhhc18,138,293,249,307,337,280,144,136,80,143
Zdhhc19,8,16,11,11,18,7,9,5,3,9
Zdhhc2,257,604,528,576,664,367,316,335,153,241
Zdhhc20,742,1923,1628,1732,1828,938,933,884,516,750
Zdhhc21,350,848,707,786,829,415,392,395,228,304
Zdhhc22,3,19,32,12,22,11,8,11,0,6
Zdhhc23,15,32,34,30,32,19,26,16,5,10
Zdhhc24,136,210,197,215,212,321,183,253,162,140
Zdhhc3,44,170,183,175,194,74,48,61,29,53
Zdhhc4,76,307,236,289,280,117,125,113,65,116
Zdhhc5,46,111,79,114,103,37,56,37,28,46
Zdhhc6,273,557,501,496,515,273,282,312,166,231
Zdhhc7,55,153,117,165,135,50,54,56,31,51
Zdhhc8,162,420,339,337,404,401,186,240,169,171
Zdhhc9,133,328,294,272,269,162,133,164,53,128
Zeb1,688,1159,1171,1277,1355,772,670,595,383,607
Zeb2,4904,8932,7326,8548,9250,4751,4624,4541,3959,4461
Zeb2os,23,54,42,47,63,23,25,26,15,17
Zer1,365,596,494,545,545,331,289,352,186,260
Zfand1,50,162,142,146,163,59,42,60,32,46
Zfand2a,136,314,252,255,245,142,132,150,46,95
Zfand2b,250,788,694,767,759,412,481,502,311,389
Zfand3,719,1427,1213,1421,1387,827,764,640,418,672
Zfand4,40,133,130,140,187,58,47,53,29,50
Zfand5,271,796,805,767,844,261,334,287,177,223
Zfand6,301,977,940,932,1025,396,513,415,250,368
Zfat,144,303,218,284,295,180,149,165,79,137
Zfc3h1,585,1261,891,1017,1069,492,700,607,352,552
Zfhx2,167,278,323,379,261,167,123,144,84,90
Zfhx2os,0,0,0,0,0,0,0,0,0,0
Zfhx3,87,150,107,153,161,64,87,66,53,71
Zfhx4,155,365,300,400,399,176,184,172,128,164
Zfos1,286,786,658,826,793,243,355,429,141,273
Zfp1,396,873,768,821,767,514,457,497,214,321
Zfp101,146,266,269,282,293,174,165,253,107,120
Zfp105,15,22,20,37,49,13,23,17,7,10
Zfp106,261,503,386,431,473,228,215,216,136,193
Zfp108,2,21,11,10,21,9,9,7,7,5
Zfp109,1,6,11,20,6,3,0,7,0,0
Zfp11,10,24,24,31,30,10,10,14,3,5
Zfp110,130,275,232,227,278,101,144,146,69,120
Zfp111,5,20,22,19,22,11,7,7,5,5
Zfp112,317,613,523,606,625,180,245,222,90,144
Zfp113,45,65,74,73,98,43,57,61,23,48
Zfp114,31,49,43,37,45,22,31,37,20,18
Zfp119a,6,33,27,36,35,3,10,15,7,6
Zfp119b,34,45,44,44,50,41,37,23,16,25
Zfp12,51,148,112,147,137,93,59,41,38,46
Zfp120,30,81,76,87,74,35,24,30,15,25
Zfp128,35,72,47,73,53,31,25,27,14,31
Zfp13,76,121,125,139,135,62,61,57,27,33
Zfp131,111,329,281,299,362,172,155,129,89,104
Zfp14,199,270,207,210,253,158,169,150,78,104
Zfp141,313,537,522,549,579,339,351,400,229,281
Zfp142,41,97,105,122,124,53,55,54,25,45
Zfp143,81,171,126,178,187,107,113,117,71,78
Zfp146,4,42,18,21,24,11,6,10,3,3
Zfp148,537,1033,878,990,1088,639,573,509,331,522
Zfp157,205,707,683,764,770,422,335,298,203,334
Zfp160,233,375,353,412,452,358,237,278,158,174
Zfp169,142,276,267,251,268,111,119,153,66,95
Zfp174,95,28,44,42,55,105,74,57,38,69
Zfp180,24,77,64,86,91,49,18,18,17,25
Zfp182,446,1033,919,1110,909,547,635,558,341,407
Zfp184,4,22,12,10,12,10,4,8,3,3
Zfp185,3,17,25,16,21,7,11,5,3,4
Zfp189,40,95,95,120,98,34,37,32,27,26
Zfp2,154,523,537,504,513,373,375,393,198,290
Zfp202,19,32,23,21,37,23,9,15,10,22
Zfp207,794,1570,1087,1341,1565,647,771,741,427,714
Zfp212,92,235,185,268,210,69,90,90,54,73
Zfp213,34,97,85,101,93,57,78,65,26,54
Zfp217,31,67,36,50,50,56,40,49,19,31
Zfp219,37,154,111,122,121,28,51,52,20,40
Zfp229,39,83,81,77,88,32,49,47,23,39
Zfp235,32,92,62,77,100,36,43,39,24,38
Zfp236,136,380,309,340,410,180,187,173,89,147
Zfp239,248,658,542,583,596,190,275,342,138,228
Zfp24,69,150,131,149,160,82,65,58,41,61
Zfp248,126,194,129,204,193,150,109,144,91,87
Zfp251,115,176,174,197,200,112,92,108,52,79
Zfp26,104,204,133,166,185,72,113,106,60,110
Zfp260,377,697,502,508,637,123,241,256,69,198
Zfp263,119,408,274,330,308,104,181,159,63,137
Zfp266,634,1415,959,1802,1361,1095,1066,979,586,893
Zfp27,68,134,109,121,113,101,95,99,53,93
Zfp273,57,167,153,166,139,67,73,49,39,67
Zfp275,7,27,24,25,40,12,10,7,2,8
Zfp276,0,0,0,0,0,0,0,0,0,0
Zfp277,130,384,370,382,420,262,176,203,122,186
Zfp28,19,73,59,70,63,28,27,15,11,18
Zfp280b,74,157,122,147,153,85,70,70,49,47
Zfp280c,349,493,456,472,555,328,279,282,154,247
Zfp280d,466,935,810,959,1140,830,563,587,452,539
Zfp281,51,196,241,249,223,75,85,94,33,81
Zfp282,234,418,308,388,413,169,226,209,125,152
Zfp286,187,524,451,464,464,186,205,348,127,152
Zfp286os,3,5,15,12,20,2,2,3,1,6
Zfp287,74,181,150,171,195,119,102,84,53,59
Zfp292,300,697,525,666,688,370,243,266,187,254
Zfp296,0,0,0,5,3,0,0,0,0,0
Zfp3,129,207,184,179,178,72,84,111,41,79
Zfp30,105,288,289,310,331,174,194,178,95,118
Zfp300,2,11,12,6,10,6,9,5,3,2
Zfp316,24,62,72,82,76,25,20,21,11,19
Zfp317,50,121,108,98,128,43,34,60,34,30
Zfp318,78,199,167,188,215,103,98,102,73,92
Zfp319,4,20,23,13,19,4,3,1,5,8
Zfp322a,140,378,366,380,406,161,156,148,75,127
Zfp324,43,160,114,125,108,29,46,46,24,27
Zfp326,98,269,265,242,279,135,146,100,75,97
Zfp329,215,402,362,542,536,362,274,303,157,195
Zfp330,34,159,129,180,168,57,59,53,26,49
Zfp334,26,59,44,63,79,22,29,33,18,22
Zfp335,17,101,79,95,131,37,39,42,19,33
Zfp335os,279,513,451,543,486,382,361,397,197,296
Zfp341,140,216,159,214,207,116,131,117,57,90
Zfp345,4,0,0,0,0,6,9,3,1,1
Zfp346,233,400,321,364,399,196,155,211,100,123
Zfp35,37,69,51,61,65,25,22,37,11,31
Zfp354a,16,73,48,56,64,15,19,14,13,15
Zfp354b,10,52,36,48,31,13,19,15,9,9
Zfp354c,46,101,117,131,130,87,47,68,44,52
Zfp358,15,86,52,70,80,18,19,26,11,22
Zfp36,5,32,22,23,30,9,14,21,5,19
Zfp362,24,69,65,100,88,43,29,39,22,13
Zfp365,125,328,300,353,291,187,149,150,77,108
Zfp366,8,27,30,39,37,47,41,26,19,65
Zfp367,50,149,86,111,114,65,47,68,23,51
Zfp369,66,179,160,173,196,107,70,84,51,65
Zfp36l1,94,265,272,177,237,107,169,92,74,141
Zfp36l2,3,42,15,15,30,0,0,0,0,0
Zfp37,141,288,278,314,340,192,168,184,121,127
Zfp382,27,48,47,54,65,34,30,33,13,20
Zfp383,13,62,41,42,54,9,11,14,5,14
Zfp384,26,117,88,93,96,50,41,34,36,30
Zfp385a,60,162,157,157,167,89,62,81,29,51
Zfp385b,787,2032,1766,1989,2267,1617,972,1042,599,965
Zfp386,56,148,144,137,169,41,55,62,31,42
Zfp39,29,58,53,29,45,18,18,24,12,9
Zfp395,16,54,94,60,73,21,25,16,17,28
Zfp397,173,312,256,296,254,165,167,163,93,116
Zfp398,431,1106,1018,1139,1056,599,548,558,307,482
Zfp40,104,347,248,304,310,171,142,123,70,157
Zfp407,337,858,659,770,858,501,471,463,295,474
Zfp408,253,569,421,522,493,310,268,259,146,214
Zfp41,5,24,19,14,17,1,6,2,0,0
Zfp410,80,154,173,169,175,107,71,82,48,81
Zfp414,255,975,772,847,922,480,413,482,242,516
Zfp418,15,42,35,35,49,31,28,29,10,22
Zfp420,36,109,87,115,105,55,37,24,22,33
Zfp422,36,159,159,153,184,45,77,69,37,72
Zfp423,77,153,170,176,166,81,65,44,46,68
Zfp426,75,184,130,176,192,83,68,85,48,55
Zfp428,40,257,240,256,256,69,65,69,30,69
Zfp429,15,15,26,17,22,9,7,13,9,8
Zfp433,50,181,127,180,150,45,70,73,35,44
Zfp438,103,152,126,144,185,99,86,114,80,66
Zfp442,47,137,118,134,131,35,50,47,25,32
Zfp444,238,567,419,481,492,229,248,240,110,215
Zfp445,27,59,45,78,61,18,27,23,12,20
Zfp446,25,60,50,53,63,25,28,40,11,23
Zfp449,83,236,175,225,187,91,87,102,55,92
Zfp451,132,393,347,393,478,239,175,186,110,172
Zfp454,7,23,36,21,26,8,9,9,1,10
Zfp455,17,54,41,61,45,36,40,34,21,29
Zfp457,24,74,49,59,84,45,36,49,34,26
Zfp458,25,71,57,61,67,44,43,34,22,22
Zfp459,0,7,7,4,1,0,0,0,0,0
Zfp46,36,69,66,77,75,34,16,50,23,21
Zfp462,377,998,726,931,899,595,461,321,206,326
Zfp467,32,109,137,124,111,52,41,36,27,44
Zfp472,21,25,33,38,41,21,8,11,6,17
Zfp473,0,7,4,7,10,0,0,0,0,0
Zfp474,10,25,41,18,10,8,19,7,5,6
Zfp488,0,3,6,2,4,1,0,0,0,0
Zfp493,2,9,14,8,10,0,1,3,1,7
Zfp503,1,8,14,5,9,2,6,6,0,0
Zfp507,165,262,321,374,291,207,228,209,138,173
Zfp51,8,24,24,23,35,7,8,4,3,10
Zfp511,187,630,486,509,547,275,306,313,160,243
Zfp512,381,1164,864,1090,1067,194,322,356,134,291
Zfp512b,34,71,47,60,68,49,51,48,24,26
Zfp513,102,507,361,430,530,137,186,187,94,162
Zfp516,63,113,100,119,89,78,88,58,29,47
Zfp518a,77,125,112,127,140,51,77,75,30,55
Zfp518b,36,60,47,53,57,29,26,28,19,31
Zfp52,0,22,13,11,21,7,6,5,1,5
Zfp521,95,214,235,211,267,68,110,81,65,103
Zfp523,158,684,457,485,751,282,296,308,143,241
Zfp524,0,0,0,0,0,0,0,0,0,0
Zfp526,0,10,12,16,14,0,3,5,1,2
Zfp53,195,314,227,263,296,148,126,136,83,121
Zfp532,641,968,804,840,1088,574,486,511,325,393
Zfp536,379,807,683,739,810,511,386,329,292,294
Zfp54,9,34,33,45,57,15,6,13,9,8
Zfp551,4,12,10,18,9,9,1,6,3,2
Zfp553,136,297,279,288,264,150,147,134,79,100
Zfp558,8,19,10,17,22,10,7,9,4,6
Zfp560,140,356,380,380,355,278,190,188,137,141
Zfp563,91,228,169,209,197,107,120,110,57,84
Zfp566,0,13,12,5,14,0,0,0,0,0
Zfp568,54,108,88,93,103,55,82,61,50,54
Zfp57,32,119,53,77,105,20,49,29,16,26
Zfp574,45,91,76,59,79,46,41,35,15,18
Zfp575,11,96,86,90,95,25,21,35,11,11
Zfp579,52,267,179,221,272,76,110,89,38,101
Zfp58,11,50,38,49,38,12,11,22,14,21
Zfp580,0,0,0,0,0,0,0,0,0,0
Zfp583,33,61,57,64,68,34,37,43,25,21
Zfp59,8,12,12,8,11,8,5,10,1,3
Zfp592,147,253,213,217,246,111,131,113,59,103
Zfp593,23,94,88,91,110,17,34,21,9,17
Zfp595,5,9,10,5,6,5,6,2,3,5
Zfp597,13,66,62,49,73,31,34,31,19,21
Zfp598,31,220,133,172,221,64,74,56,31,70
Zfp599,11,26,28,36,32,9,9,8,12,11
Zfp60,60,103,90,97,107,46,67,44,27,39
Zfp605,92,282,229,280,223,79,91,104,54,74
Zfp606,41,95,90,84,105,39,27,57,16,39
Zfp607,15,12,15,12,20,2,9,7,7,7
Zfp608,1083,1847,1379,1670,1918,636,932,829,806,828
Zfp609,654,1200,969,1019,1155,730,649,646,444,633
Zfp61,75,250,213,289,270,121,143,108,74,87
Zfp612,196,506,455,559,498,302,234,249,122,161
Zfp617,36,109,78,92,122,40,38,44,18,41
Zfp618,126,243,191,221,254,82,175,189,84,119
Zfp619,3,11,5,15,14,7,0,3,7,1
Zfp62,71,97,88,106,104,78,56,57,39,51
Zfp622,42,140,160,164,190,48,45,46,32,37
Zfp623,8,43,45,32,45,11,14,8,8,9
Zfp626,21,32,25,30,41,23,19,26,13,14
Zfp628,7,48,21,26,41,11,5,11,2,6
Zfp629,13,41,24,27,38,11,10,23,11,14
Zfp637,147,422,367,396,428,206,200,251,102,148
Zfp638,832,1579,1228,1415,1670,759,787,949,470,773
Zfp639,33,173,155,183,182,109,76,63,44,59
Zfp64,283,434,400,377,478,214,194,302,105,202
Zfp641,250,448,469,503,516,328,259,359,145,161
Zfp644,292,589,616,647,678,566,341,417,246,367
Zfp646,44,88,84,90,102,121,89,71,47,54
Zfp647,17,13,8,9,13,4,11,15,5,6
Zfp65,11,30,27,22,25,10,6,11,3,8
Zfp651,82,270,250,279,276,128,125,101,57,104
Zfp652,374,813,657,759,813,416,452,395,271,367
Zfp652os,15,34,30,58,44,24,17,22,9,9
Zfp653,103,391,274,363,371,198,173,159,96,175
Zfp654,370,782,567,597,729,356,445,467,276,402
Zfp655,34,121,83,120,118,46,38,39,26,36
Zfp658,6,18,21,27,30,11,11,13,4,5
Zfp661,8,28,28,23,37,9,3,13,4,7
Zfp664,137,339,314,397,384,269,140,166,95,133
Zfp667,134,229,141,206,198,116,112,74,53,86
Zfp668,57,160,119,152,152,79,84,65,32,51
Zfp672,130,355,303,335,370,138,124,124,77,101
Zfp677,6,18,13,11,12,8,2,4,2,2
Zfp68,51,136,118,126,124,57,60,43,23,29
Zfp687,158,374,311,355,334,135,188,177,92,120
Zfp688,39,126,91,99,116,36,36,40,28,34
Zfp689,52,73,68,83,77,47,50,45,18,41
Zfp69,13,37,30,33,45,15,23,7,6,22
Zfp691,47,89,52,89,85,26,24,53,14,18
Zfp692,661,2060,1754,2034,2227,1339,1264,1238,680,1015
Zfp697,298,695,565,627,569,342,353,397,234,253
Zfp7,50,94,89,79,123,67,65,70,32,47
Zfp703,5,45,42,26,34,18,13,11,4,11
Zfp704,295,587,523,567,623,383,293,284,176,253
Zfp706,136,661,652,615,798,182,214,181,125,200
Zfp707,54,149,151,172,169,56,64,64,41,66
Zfp709,18,37,13,14,19,16,14,23,12,17
Zfp710,129,228,214,211,226,154,108,128,86,81
Zfp711,51,126,121,140,148,66,77,93,29,54
Zfp712,7,13,14,19,22,14,17,11,4,14
Zfp715,40,115,98,119,117,58,49,42,24,48
Zfp719,90,224,191,200,194,109,99,92,46,79
Zfp72,9,42,35,46,39,34,18,17,6,10
Zfp729a,9,15,20,26,25,8,3,9,5,10
Zfp729b,138,277,269,246,263,153,151,151,73,164
Zfp738,81,215,192,223,215,93,85,124,55,89
Zfp74,251,525,490,520,515,368,315,343,177,248
Zfp740,211,433,322,389,561,291,251,236,131,180
Zfp746,52,122,132,144,167,163,75,93,56,80
Zfp747,4,29,18,15,28,8,12,12,4,5
Zfp748,17,39,30,38,42,13,11,18,8,12
Zfp758,13,39,49,53,47,19,16,16,14,20
Zfp759,7,17,11,19,11,6,7,7,3,5
Zfp760,12,51,54,56,70,30,28,30,20,35
Zfp763,143,316,316,375,351,107,184,163,95,140
Zfp764,2,17,13,14,16,7,4,9,6,9
Zfp768,24,82,57,69,108,32,41,34,17,30
Zfp770,97,132,176,181,178,129,135,136,50,91
Zfp771,182,563,539,519,589,278,271,265,132,225
Zfp772,8,21,19,21,41,13,5,7,2,8
Zfp773,0,11,3,7,5,0,0,0,0,0
Zfp775,7,28,23,19,32,3,5,14,5,4
Zfp777,87,166,120,180,207,102,93,92,53,81
Zfp78,25,56,46,56,58,22,31,31,19,25
Zfp780b,183,299,242,304,290,126,197,153,80,127
Zfp784,19,67,37,51,56,17,20,32,15,16
Zfp786,15,48,54,59,70,9,32,13,6,11
Zfp787,67,209,185,171,206,66,89,129,50,76
Zfp788,147,197,194,239,259,256,158,191,95,122
Zfp790,79,163,103,116,134,76,72,69,41,54
Zfp791,20,42,59,43,58,30,18,38,23,17
Zfp799,621,995,1026,1188,1163,1068,776,1051,596,458
Zfp800,85,173,147,172,182,97,114,87,51,66
Zfp804a,968,2095,1718,2184,2036,1254,937,1010,749,867
Zfp804b,1080,1779,1527,1710,1941,1700,1282,1623,953,1179
Zfp808,47,139,143,138,138,85,112,89,55,75
Zfp809,195,392,303,385,376,212,292,298,135,176
Zfp81,145,252,211,277,219,227,133,167,100,157
Zfp810,189,325,291,194,282,87,111,179,69,93
Zfp811,11,40,32,54,46,27,23,18,9,22
Zfp82,0,7,5,0,4,0,0,0,0,0
Zfp820,4,8,8,6,7,3,4,2,5,4
Zfp821,213,453,441,517,452,218,219,240,135,168
Zfp825,28,79,71,65,76,32,30,42,8,28
Zfp827,155,306,286,346,397,222,135,151,96,112
Zfp830,57,131,153,172,146,116,119,87,73,73
Zfp831,135,327,289,379,387,220,172,170,110,134
Zfp839,61,142,88,90,137,78,52,47,25,35
Zfp84,37,54,55,71,55,29,25,25,14,25
Zfp846,321,640,863,315,665,212,243,537,121,171
Zfp85,61,169,178,204,182,131,131,127,59,107
Zfp850,22,43,61,62,71,24,19,23,10,17
Zfp85os,13,24,23,30,30,18,9,13,6,12
Zfp865,0,0,0,0,0,0,0,0,0,0
Zfp866,103,208,233,219,268,187,180,159,122,115
Zfp867,48,91,68,107,117,70,54,123,47,50
Zfp868,120,199,159,194,138,77,90,93,40,62
Zfp869,1,5,8,3,8,3,0,10,0,0
Zfp87,0,7,11,9,4,0,0,0,0,0
Zfp870,6,26,31,18,32,6,10,10,3,7
Zfp871,35,131,117,133,165,105,88,80,48,55
Zfp873,23,50,53,51,44,30,29,32,25,28
Zfp874a,38,92,85,84,97,51,50,41,26,47
Zfp874b,46,56,58,73,73,57,62,52,27,34
Zfp879,2,16,10,14,8,1,0,0,0,0
Zfp882,0,0,0,0,0,0,0,0,0,0
Zfp9,43,83,74,83,103,75,54,60,34,32
Zfp90,38,93,84,83,109,37,33,44,13,29
Zfp91,112,367,315,358,418,225,186,152,128,156
Zfp92,2,12,4,9,10,7,3,2,4,5
Zfp93,53,174,141,160,192,16,60,69,20,32
Zfp930,5,20,18,20,19,8,2,9,2,2
Zfp931,48,193,162,150,200,73,88,81,37,79
Zfp932,95,232,201,236,259,119,80,129,65,85
Zfp933,364,666,614,721,672,535,414,328,196,377
Zfp934,12,17,25,20,23,10,8,12,7,3
Zfp935,124,212,170,207,203,157,164,214,95,116
Zfp936,22,32,18,38,44,27,33,38,21,26
Zfp937,27,35,37,45,44,22,13,16,10,11
Zfp938,65,210,213,252,264,83,73,66,30,44
Zfp94,128,257,194,217,212,173,130,173,81,106
Zfp940,68,169,119,150,172,57,60,62,22,39
Zfp941,90,185,144,159,209,82,84,89,22,56
Zfp942,156,412,350,414,362,142,173,174,105,144
Zfp943,42,123,121,122,127,94,155,42,35,111
Zfp944,112,260,171,218,225,77,123,137,48,76
Zfp945,37,155,93,132,160,53,48,78,39,53
Zfp946,19,40,30,42,35,20,9,22,13,14
Zfp947,97,172,138,165,148,102,85,142,95,65
Zfp948,87,227,180,250,263,116,94,100,67,90
Zfp949,460,820,777,877,864,527,539,500,212,372
Zfp950,517,1195,1055,1413,1325,713,546,618,316,469
Zfp951,112,184,165,209,212,129,108,109,91,89
Zfp952,25,87,80,91,94,50,23,45,15,30
Zfp954,14,59,56,67,64,21,26,28,7,13
Zfp955a,39,35,23,33,34,53,40,40,31,24
Zfp955b,33,76,86,64,82,48,63,50,28,22
Zfp956,211,452,370,484,432,230,189,234,113,158
Zfp957,0,7,6,0,3,0,0,0,0,0
Zfp958,57,72,87,90,73,35,34,52,21,28
Zfp959,13,23,34,39,40,7,23,13,4,13
Zfp960,0,0,0,0,0,4,0,0,0,0
Zfp961,239,562,443,522,588,247,227,238,127,183
Zfp963,9,21,18,29,28,2,8,1,4,9
Zfp964,58,89,82,93,103,52,54,64,37,40
Zfp97,2,16,16,13,15,11,9,3,7,4
Zfpl1,4,49,31,28,53,13,12,7,10,10
Zfpm1,0,0,0,0,0,0,0,0,0,0
Zfpm2,1318,2974,2500,2852,3480,1973,1531,1427,1355,1656
Zfr,1285,3024,2026,2585,3186,1731,1757,1578,1014,1454
Zfr2,195,648,548,615,585,416,313,372,220,283
Zfx,125,277,212,231,297,147,158,123,81,147
Zfy1,2,15,13,12,16,5,11,7,3,2
Zfy2,1,0,0,0,0,0,0,0,0,0
Zfyve1,366,576,385,441,505,228,312,227,147,187
Zfyve16,55,153,137,179,201,64,80,70,32,67
Zfyve19,151,337,251,328,328,278,228,204,110,174
Zfyve21,33,263,208,202,238,55,80,86,32,78
Zfyve26,210,465,345,401,343,205,216,204,141,162
Zfyve27,404,969,742,766,891,372,489,525,235,326
Zfyve28,401,792,679,816,815,702,431,404,210,351
Zfyve9,654,1582,1373,1548,1614,974,866,896,469,781
Zg16,8,9,21,7,8,6,9,1,1,5
Zglp1,21,62,73,57,42,34,58,28,16,37
Zgpat,158,419,346,415,387,41,199,145,55,148
Zgrf1,20,51,34,55,71,23,19,27,13,30
Zhx1,0,0,0,0,0,0,0,0,0,0
Zhx2,170,383,330,385,437,212,234,158,107,193
Zhx3,353,823,664,806,811,485,480,329,227,418
Zic1,24,43,48,81,56,23,36,26,26,19
Zic2,10,15,21,24,19,8,16,11,10,9
Zic3,11,21,28,21,27,5,18,9,6,31
Zic4,28,28,37,72,39,12,34,38,13,20
Zic5,17,45,50,49,49,12,29,16,14,13
Zik1,17,34,27,36,50,18,23,13,10,9
Zim1,4,29,15,18,28,10,8,6,9,10
Zim3,55,24,26,24,30,59,6,63,0,42
Zkscan1,224,246,235,274,213,149,159,258,96,140
Zkscan14,27,70,69,76,73,24,44,27,11,26
Zkscan16,115,174,147,190,196,88,77,114,50,66
Zkscan17,23,83,85,74,88,32,42,42,21,31
Zkscan2,90,167,161,183,184,79,71,91,44,40
Zkscan3,219,439,428,458,487,290,223,206,128,205
Zkscan4,11,25,16,19,23,6,5,14,5,9
Zkscan5,60,125,107,124,139,66,68,64,42,54
Zkscan6,24,73,77,91,110,25,25,31,16,33
Zkscan8,18,39,48,48,53,23,13,18,13,15
Zmat1,136,315,256,297,383,167,131,170,75,179
Zmat2,262,896,895,879,905,332,353,324,213,252
Zmat3,97,262,234,233,278,156,113,110,61,97
Zmat4,1044,2085,2000,2051,2272,1416,1033,1169,618,1031
Zmat5,160,389,359,401,375,148,181,150,95,152
Zmiz1,198,479,436,502,471,235,199,183,95,192
Zmiz1os1,0,5,7,5,4,0,0,0,0,0
Zmiz2,86,315,266,301,362,175,112,123,80,121
Zmpste24,55,232,216,198,201,97,95,97,59,79
Zmym1,36,2286,1758,2703,3275,233,296,144,96,70
Zmym2,720,1095,833,995,1103,571,619,581,383,577
Zmym3,124,450,344,454,488,175,143,146,96,134
Zmym4,771,1320,1143,1255,1372,907,906,764,509,767
Zmym5,248,346,351,428,419,197,190,198,112,150
Zmym6,129,389,347,416,554,195,174,135,86,135
Zmynd10,42,249,192,193,252,98,125,92,44,111
Zmynd11,473,1293,1053,1279,1403,730,531,576,379,515
Zmynd12,45,60,49,40,68,20,34,27,21,18
Zmynd19,17,44,27,25,64,11,16,25,11,10
Zmynd8,1475,3161,2998,3546,3328,1972,1562,1618,772,1273
Znfx1,81,176,178,135,200,108,112,112,68,88
Znhit1,147,535,479,428,657,192,235,223,91,196
Znhit2,25,138,145,144,155,27,33,33,15,31
Znhit3,47,245,227,211,243,70,60,71,27,59
Znhit6,76,222,154,199,200,129,111,105,67,91
Znrd1,42,189,223,196,241,63,81,74,41,54
Znrd1as,13,39,41,44,56,8,13,12,3,15
Znrf1,550,1188,907,1004,1272,669,713,621,298,572
Znrf2,58,146,115,143,134,95,53,58,41,71
Znrf3,378,791,645,681,718,386,548,321,221,426
Zp2,0,0,0,0,9,0,0,0,0,0
Zp3,2,6,29,9,12,3,4,9,2,4
Zp3r,5,8,9,0,7,5,5,2,3,5
Zpbp,18,39,32,35,28,30,24,25,12,25
Zpld1,10,14,11,12,17,7,10,8,6,7
Zpr1,94,360,295,343,375,113,149,135,71,109
Zranb1,219,520,415,470,522,336,235,225,157,209
Zranb2,750,2690,2133,2329,2672,1316,1065,1121,517,778
Zranb3,89,185,141,170,169,83,71,98,56,87
Zrsr1,58,46,43,224,44,97,125,110,56,82
Zrsr2,102,309,294,350,335,115,121,110,77,85
Zscan12,12,62,45,62,67,14,17,19,9,11
Zscan18,21,85,68,98,67,39,45,41,17,30
Zscan2,4,32,28,31,34,8,15,7,9,4
Zscan20,37,94,62,77,74,35,48,28,16,25
Zscan21,97,169,168,162,187,98,100,107,52,65
Zscan22,353,1023,1060,1046,1055,940,811,828,462,466
Zscan25,6,20,15,18,22,12,16,13,4,10
Zscan26,576,1084,932,1201,1249,770,714,699,348,573
Zscan29,22,55,52,48,33,7,23,9,6,12
Zswim1,80,253,239,271,275,222,179,199,130,156
Zswim2,4,13,4,9,9,1,4,5,2,2
Zswim3,62,109,104,92,101,90,61,74,30,48
Zswim4,40,104,96,97,118,70,47,50,29,54
Zswim5,324,597,511,611,627,338,440,311,237,331
Zswim6,442,1562,1185,1552,1206,941,645,455,371,593
Zswim7,125,342,293,299,325,214,173,220,97,178
Zswim8,217,796,645,790,795,734,363,367,277,357
Zufsp,102,168,142,170,181,149,118,110,65,87
Zw10,45,207,143,166,169,62,55,56,33,55
Zwilch,26,66,46,52,55,28,19,43,17,18
Zwint,355,2095,2153,2063,2246,572,508,506,275,401
Zxdb,7,24,18,16,29,7,5,9,3,14
Zxdc,133,302,207,214,280,130,131,141,77,105
Zyg11a,11,56,50,95,92,10,10,25,5,10
Zyg11b,512,895,742,734,776,563,493,490,281,381
Zyx,60,212,187,145,166,79,87,99,50,74
Zzef1,485,951,832,934,997,658,504,521,300,450
Zzz3,134,281,303,309,365,207,134,162,103,132
a,70,211,193,188,262,83,91,81,43,76
l7Rn6,105,411,379,389,408,147,152,105,71,134
mt-Atp6,4389,5081,5052,4619,5763,4020,5270,4794,2142,4360
mt-Atp8,35,146,153,145,235,45,35,21,18,27
mt-Co1,3942,6949,6736,6120,7224,5969,6172,6390,2768,5639
mt-Co2,2334,2634,2872,2555,2971,2005,2119,1924,893,1693
mt-Co3,4472,8711,9157,8006,9400,6440,7339,6806,3639,6950
mt-Cytb,1870,3433,3207,2759,3445,2269,2849,2470,1346,2761
mt-Nd1,2516,3575,4950,4345,4667,2639,3603,3304,1750,3380
mt-Nd2,670,545,725,656,708,768,592,595,259,518
mt-Nd3,184,98,134,124,162,203,118,95,33,65
mt-Nd4,1395,1516,1681,1336,1571,1630,1554,1350,678,1310
mt-Nd4l,36,83,113,69,124,88,53,47,25,16
mt-Nd5,169,196,214,174,226,193,164,134,69,132
mt-Nd6,14,23,19,13,23,23,22,11,7,9
